사이트,회사명,공고제목,직무,경력,고용형태,지역,기술스택,마감일,공고URL,외부원본ID,수집시각
자소설닷컴,넥스트챕터,Talent Acquisitions Manager (채용 담당자),Talent Acquisitions Manager (채용 담당자),경력,상시채용,,,2026-01-02,https://jasoseol.com/recruit/100877,,2026-09-07 18:17:21
자소설닷컴,토스플레이스,Marketing Design Partner,Marketing Design Partner,계약직,상시채용,,,2026-01-02,https://jasoseol.com/recruit/100884,,2026-09-07 18:17:22
자소설닷컴,쏘카,[계약직] 사고심사 매니저,사고심사 매니저,계약직,상시채용,,,2026-01-04,https://jasoseol.com/recruit/100932,,2026-09-07 18:17:22
자소설닷컴,코그,"게임 서비스 해외 PM (영어권, 중국)","PM (영어권, 중국)",코드5,상시채용,,,2026-01-03,https://jasoseol.com/recruit/100940,,2026-09-07 18:17:23
자소설닷컴,넥스트챕터,Brand Manager (Beauty & Personal Care),Brand Manager (Beauty & Personal Care),경력,상시채용,,,2026-01-04,https://jasoseol.com/recruit/100942,,2026-09-07 18:17:23
자소설닷컴,쿠팡풀필먼트서비스,2025년 하반기 현장관리자 정규직 대규모 채용,운영 현장 관리자 Team Captain ,코드5,수시채용,,,2026-01-04,https://jasoseol.com/recruit/100952,,2026-09-07 18:17:23
자소설닷컴,넥스트챕터,[인턴] Channel Operations Intern (온라인 MD 인턴),Channel Operations Intern (온라인 MD 인턴),인턴,상시채용,,,2026-01-05,https://jasoseol.com/recruit/100960,,2026-09-07 18:17:24
자소설닷컴,넥스트챕터,Head of HR,Head of HR,경력,상시채용,,,2026-01-05,https://jasoseol.com/recruit/100959,,2026-09-07 18:17:25
자소설닷컴,넥스트챕터,Sales Manager (Domestic) / 국내 영업,Sales Manager (Domestic) / 국내 영업,경력,상시채용,,,2026-01-05,https://jasoseol.com/recruit/100964,,2026-09-07 18:17:25
자소설닷컴,넥스트챕터,[인턴] Brand Manager Intern (CPG),Brand Manager Intern (CPG),인턴,상시채용,,,2026-01-05,https://jasoseol.com/recruit/100963,,2026-09-07 18:17:26
자소설닷컴,넥스트챕터,Product Manager (Living),Product Manager (Living),경력,상시채용,,,2026-01-05,https://jasoseol.com/recruit/100966,,2026-09-07 18:17:26
자소설닷컴,넥스트챕터,Product Manager (기획 및 소싱 MD),Product Manager (기획 및 소싱 MD),경력,상시채용,,,2026-01-05,https://jasoseol.com/recruit/100967,,2026-09-07 18:17:26
자소설닷컴,넥스트챕터,Global Marketing Manager (Beauty) / 글로벌 뷰티 마케팅 매니저,Global Marketing Manager (Beauty) / 글로벌 뷰티 마케팅 매니저,경력,상시채용,,,2026-01-05,https://jasoseol.com/recruit/100969,,2026-09-07 18:17:27
자소설닷컴,넥스트챕터,Brand Manager (Home & Interior),Brand Manager (Home & Interior),경력,상시채용,,,2026-01-05,https://jasoseol.com/recruit/100968,,2026-09-07 18:17:27
자소설닷컴,넥스트챕터,"Global Online MD (Amazon, Shopee)","Global Online MD (Amazon, Shopee)",경력,상시채용,,,2026-01-05,https://jasoseol.com/recruit/100970,,2026-09-07 18:17:28
자소설닷컴,넥스트챕터,Brand Designer (Beauty & Personal Care),Brand Designer (Beauty & Personal Care),경력,상시채용,,,2026-01-05,https://jasoseol.com/recruit/100973,,2026-09-07 18:17:28
자소설닷컴,넥스트챕터,Brand Designer (CPG),Brand Designer (CPG),경력,상시채용,,,2026-01-05,https://jasoseol.com/recruit/100974,,2026-09-07 18:17:28
자소설닷컴,넥스트챕터,[인턴] Finance Manager Intern (재무 인턴),Finance Manager Intern (재무 인턴),인턴,상시채용,,,2026-01-05,https://jasoseol.com/recruit/100956,,2026-09-07 18:17:29
자소설닷컴,넥스트챕터,Channel Ops Manager / 온라인MD (쿠팡/컬리 등),Channel Ops Manager / 온라인MD (쿠팡/컬리 등),경력,상시채용,,,2026-01-05,https://jasoseol.com/recruit/100975,,2026-09-07 18:17:29
자소설닷컴,넥스트챕터,HR/GA Ops Manager (인사/총무 담당자),HR/GA Ops Manager (인사/총무 담당자),경력,상시채용,,,2026-01-05,https://jasoseol.com/recruit/100976,,2026-09-07 18:17:29
자소설닷컴,GC셀,검체 관리 서비스 매니저 채용 (동대문),서비스 매니저,계약직,상시채용,,,2026-01-06,https://jasoseol.com/recruit/101001,,2026-09-07 18:17:30
자소설닷컴,비바리퍼블리카(토스),Frontend Ops Developer (WebView SDK),Frontend Ops Developer (WebView SDK),계약직,상시채용,,,2026-01-05,https://jasoseol.com/recruit/100988,,2026-09-07 18:17:30
자소설닷컴,KCC,2025년 4분기 부문별 대졸 경력 수시채용,"기계, IT","경력, 계약직",상시채용,,,2026-01-15,https://jasoseol.com/recruit/101040,,2026-09-07 18:17:31
자소설닷컴,넥스트챕터,[인턴] Design Intern,Design Intern,인턴,상시채용,,,2026-01-05,https://jasoseol.com/recruit/101019,,2026-09-07 18:17:31
자소설닷컴,비바리퍼블리카(토스),Business Development Manager,Business Development Manager,경력,상시채용,,,2026-01-12,https://jasoseol.com/recruit/101095,,2026-09-07 18:17:31
자소설닷컴,토스뱅크,ML Data Assistant,ML Data Assistant,계약직,상시채용,,,2026-01-13,https://jasoseol.com/recruit/101124,,2026-09-07 18:17:32
자소설닷컴,페이히어,[핀테크 스타트업] 세일즈 스페셜리스트 채용,"프로덕트 세일즈 스페셜리스트, 에이전시 세일즈 스페셜리스트",계약직,상시채용,,,2026-01-08,https://jasoseol.com/recruit/101128,,2026-09-07 18:17:32
자소설닷컴,비바리퍼블리카(토스),People Systems Manager(Workday),People Systems Manager(Workday),경력,상시채용,,,2026-01-12,https://jasoseol.com/recruit/101106,,2026-09-07 18:17:33
자소설닷컴,비바리퍼블리카(토스),Content Marketing Assistant,Content Marketing Assistant,계약직,상시채용,,,2026-01-16,https://jasoseol.com/recruit/101136,,2026-09-07 18:17:33
자소설닷컴,쏘카,[정규직] 사고심사 매니저,사고심사 매니저,경력,상시채용,,,2026-01-14,https://jasoseol.com/recruit/101167,,2026-09-07 18:17:33
자소설닷컴,넥스트챕터,[인턴] 글로벌 인플루언서 마케팅(Beauty),[인턴] 글로벌 인플루언서 마케팅(Beauty),인턴,상시채용,,,2026-01-18,https://jasoseol.com/recruit/101170,,2026-09-07 18:17:33
자소설닷컴,넥스트챕터,[인턴] Influencer Marketing Intern (인플루언서 마케팅 인턴),Influencer Marketing Intern (인플루언서 마케팅 인턴),인턴,상시채용,,,2026-01-05,https://jasoseol.com/recruit/101171,,2026-09-07 18:17:34
자소설닷컴,피알앤디컴퍼니,[헤이딜러] 테크베이 회계 팀원 (인천),회계 팀원,계약직,상시채용,,,2026-01-15,https://jasoseol.com/recruit/101174,,2026-09-07 18:17:34
자소설닷컴,야놀자,Corporate Communications Manager,Corporate Communications Manager,경력,상시채용,,,2026-01-23,https://jasoseol.com/recruit/101253,,2026-09-07 18:17:35
자소설닷컴,야놀자,Global Sales Strategy & Operations Senior Analyst,Global Sales Strategy & Operations Senior Analyst,경력,상시채용,,,2026-01-02,https://jasoseol.com/recruit/101252,,2026-09-07 18:17:36
자소설닷컴,비바리퍼블리카(토스),Assistant PD,Assistant PD,계약직,상시채용,,,2026-01-19,https://jasoseol.com/recruit/101202,,2026-09-07 18:17:37
자소설닷컴,에이피알,[영업지원] 해외 영업 출고 지원 담당 채용연계형 인턴사원 및 경력사원 모집,[영업지원] 해외 영업 출고 지원 담당 채용연계형 인턴사원 및 경력사원 모집,"경력, 인턴",상시채용,,,2026-01-20,https://jasoseol.com/recruit/101261,,2026-09-07 18:17:37
자소설닷컴,더스크랙,마케팅 인턴 채용,마케팅,인턴,상시채용,,,2026-01-23,https://jasoseol.com/recruit/101269,,2026-09-07 18:17:37
자소설닷컴,비바리퍼블리카(토스),Ads Policy & Operations Manager,Ads Policy & Operations Manager,경력,상시채용,,,2026-01-23,https://jasoseol.com/recruit/101271,,2026-09-07 18:17:37
자소설닷컴,NHN Cloud,클라우드 서비스 기획,클라우드 서비스 기획,경력,상시채용,,,2026-01-24,https://jasoseol.com/recruit/101281,,2026-09-07 18:17:38
자소설닷컴,NHN Cloud,스토리지 인프라 서비스 개발,스토리지 인프라 서비스 개발,경력,상시채용,,,2026-01-05,https://jasoseol.com/recruit/101278,,2026-09-07 18:17:38
자소설닷컴,KT,에이블스쿨 9기 모집,"AI 개발자, DX 컨설턴트",교육,수시채용,,,2026-01-07,https://jasoseol.com/recruit/101283,,2026-09-07 18:17:38
자소설닷컴,야놀자,[Yanolja NEXT] Software Engineer,[Yanolja NEXT] Software Engineer,경력,상시채용,,,2026-01-21,https://jasoseol.com/recruit/101284,,2026-09-07 18:17:39
자소설닷컴,야놀자,[Yanolja NEXT] Lead Software Engineer - IAB,Lead Software Engineer - IAB,경력,상시채용,,,2026-01-21,https://jasoseol.com/recruit/101287,,2026-09-07 18:17:40
자소설닷컴,비바리퍼블리카(토스),Merchant Onboarding Assistant,Merchant Onboarding Assistant,계약직,상시채용,,,2026-01-24,https://jasoseol.com/recruit/101290,,2026-09-07 18:17:40
자소설닷컴,에이피알,[마케팅] 메디큐브 에이지알 온라인 마케팅 채용연계형 인턴사원 모집,[마케팅] 메디큐브 에이지알 온라인 마케팅 채용연계형 인턴사원 모집,인턴,상시채용,,,2026-01-02,https://jasoseol.com/recruit/101307,,2026-09-07 18:17:41
자소설닷컴,야놀자,[Yanolja NEXT] Software Engineer - Price Intelligence,[Yanolja NEXT] Software Engineer - Price Intelligence,경력,상시채용,,,2026-01-21,https://jasoseol.com/recruit/101288,,2026-09-07 18:17:41
자소설닷컴,에이피알,[경영지원] 글로벌 이커머스 플랫폼 운영지원 채용연계형 인턴사원 모집,[경영지원] 글로벌 이커머스 플랫폼 운영지원 채용연계형 인턴사원 모집,인턴,상시채용,,,2026-01-09,https://jasoseol.com/recruit/101315,,2026-09-07 18:17:41
자소설닷컴,에이피알,[총무] 내부 재고관리 담당 계약직 사원 모집,내부 재고관리 담당 계약직 사원,계약직,상시채용,,,2026-01-09,https://jasoseol.com/recruit/101316,,2026-09-07 18:17:41
자소설닷컴,GC셀,검체 관리 서비스 매니저 채용 (포항),서비스 매니저(포항),계약직,상시채용,,,2026-01-21,https://jasoseol.com/recruit/101329,,2026-09-07 18:17:41
자소설닷컴,야놀자,주니어 협업 솔루션 담당자 (Junior System Infra Engineer),주니어 협업 솔루션 담당자 (Junior System Infra Engineer),경력,상시채용,,,2026-01-06,https://jasoseol.com/recruit/101337,,2026-09-07 18:17:42
자소설닷컴,페이히어,[핀테크 스타트업] 영업 관리 어시스턴트 인턴 채용,영업 관리 어시스턴트,인턴,상시채용,,,2026-01-08,https://jasoseol.com/recruit/101362,,2026-09-07 18:17:42
자소설닷컴,페이히어,[핀테크 스타트업] 정산 관리 매니저,정산 관리 매니저,경력,상시채용,,,2026-01-08,https://jasoseol.com/recruit/101363,,2026-09-07 18:17:43
자소설닷컴,비바리퍼블리카(토스),Risk Manager,[토스] Risk Manager,경력,상시채용,,,2026-01-31,https://jasoseol.com/recruit/101379,,2026-09-07 18:17:44
자소설닷컴,NHN Enterprise,서비스 모니터링 관제 및 조치(인재풀),서비스 모니터링 관제 및 조치(인재풀),코드5,상시채용,,,2026-02-01,https://jasoseol.com/recruit/101398,,2026-09-07 18:17:44
자소설닷컴,NHN Enterprise,IDC 운영자(인재풀),IDC 운영자(인재풀),신입,상시채용,,,2026-01-16,https://jasoseol.com/recruit/101399,,2026-09-07 18:17:44
자소설닷컴,NHN Enterprise,IDC 운영자 (광주),IDC 운영자 (광주),신입,상시채용,,,2026-01-14,https://jasoseol.com/recruit/101400,,2026-09-07 18:17:45
자소설닷컴,NHN comico Korea,웹툰PD,웹툰PD,코드5,상시채용,,,2026-01-05,https://jasoseol.com/recruit/101407,,2026-09-07 18:17:45
자소설닷컴,토스플레이스,Call Sales Specialist,Call Sales Specialist,계약직,상시채용,,,2026-01-31,https://jasoseol.com/recruit/101390,,2026-09-07 18:17:45
자소설닷컴,토스플레이스,OB Sales Supporter,OB Sales Supporter,계약직,상시채용,,,2026-01-14,https://jasoseol.com/recruit/101408,,2026-09-07 18:17:46
자소설닷컴,토스플레이스,HR Coordinator,HR Coordinator,계약직,상시채용,,,2026-01-08,https://jasoseol.com/recruit/101423,,2026-09-07 18:17:47
자소설닷컴,토스페이먼츠,HR Coordinator (보훈제한채용),HR Coordinator,계약직,상시채용,,,2026-02-03,https://jasoseol.com/recruit/101439,,2026-09-07 18:17:48
자소설닷컴,에이피알,[상품기획] 이너뷰티 상품 기획 담당 채용연계형 인턴사원 모집,이너뷰티 상품 기획,인턴,상시채용,,,2026-01-20,https://jasoseol.com/recruit/101456,,2026-09-07 18:17:48
자소설닷컴,토스플레이스,UX Research Operations Manager,UX Research Operations Manager,경력,상시채용,,,2026-02-03,https://jasoseol.com/recruit/101437,,2026-09-07 18:17:48
자소설닷컴,에이피알,[마케팅] 유럽 아마존 MD 채용연계형 인턴사원 모집,[마케팅] 유럽 아마존 MD 채용연계형 인턴사원 모집,인턴,상시채용,,,2026-02-04,https://jasoseol.com/recruit/101459,,2026-09-07 18:17:49
자소설닷컴,가비아,경력직 수시채용,"채용 및 인사행정 (3년 이하), 영업 - 하이웍스 (3년 이상), 영업 - 공공클라우드 (3년 이상), 서비스기획 - 클라우드 (3년 이상), 정보보호컨설팅 - 기술(진단) (1년 이상), 정보보호컨설팅 - 관리(",경력,상시채용,,,2026-01-30,https://jasoseol.com/recruit/101479,,2026-09-07 18:17:49
자소설닷컴,토스증권,Business Operations Assistant,Business Operations Assistant,계약직,상시채용,,,2026-02-07,https://jasoseol.com/recruit/101484,,2026-09-07 18:17:49
자소설닷컴,에이피알,[마케팅] 미국 에이프릴스킨 틱톡샵 마케팅 채용연계형 인턴사원 모집,미국 에이프릴스킨 틱톡샵 마케팅,인턴,상시채용,,,2026-01-19,https://jasoseol.com/recruit/101460,,2026-09-07 18:17:50
자소설닷컴,드림라인,네트워크기술 경력사원 모집,네트워크,경력,수시채용,,,2026-01-06,https://jasoseol.com/recruit/101488,,2026-09-07 18:17:50
자소설닷컴,드림라인,네트워크기술 신입사원 모집,네트워크,신입,수시채용,,,2026-01-06,https://jasoseol.com/recruit/101487,,2026-09-07 18:17:50
자소설닷컴,NHN Enterprise,IDC 네트워크 운영 및 지원,IDC 네트워크 운영 및 지원,코드5,상시채용,,,2026-01-14,https://jasoseol.com/recruit/101489,,2026-09-07 18:17:51
자소설닷컴,야놀자,"Global Strategy Manager, Enterprise Solutions (ES)","Global Strategy Manager, Enterprise Solutions (ES)",경력,상시채용,,,2026-01-09,https://jasoseol.com/recruit/101511,,2026-09-07 18:17:51
자소설닷컴,NHN Cloud,AI/ML 리서치 및 개발,[NHN Cloud] AI/ML 리서치 및 개발,경력,상시채용,,,2026-02-04,https://jasoseol.com/recruit/101490,,2026-09-07 18:17:51
자소설닷컴,창비,디자인 직무 사원을 모집합니다.,디자이너,코드5,수시채용,,,2026-01-05,https://jasoseol.com/recruit/101524,,2026-09-07 18:17:52
자소설닷컴,토스뱅크,Product Designer Assistant,Product Designer Assistant,계약직,상시채용,,,2026-02-09,https://jasoseol.com/recruit/101525,,2026-09-07 18:17:52
자소설닷컴,에이피알,[마케팅] 중동 인플루언서 마케팅(PR) 채용연계형 인턴사원 모집,[마케팅] 중동 인플루언서 마케팅(PR) 채용연계형,인턴,상시채용,,,2026-01-26,https://jasoseol.com/recruit/101555,,2026-09-07 18:17:53
자소설닷컴,SK플래닛,AI활용 데이터 엔지니어 2기 모집,26년 AI서비스 개발 역량까지 갖춘 신상 데이터 엔지니어로 취업,교육,수시채용,,,2026-02-01,https://jasoseol.com/recruit/101540,,2026-09-07 18:17:53
자소설닷컴,에이피알,[마케팅] 유럽(독일/이탈리아) 인플루언서 마케팅(PR) 채용연계형 인턴사원 모집,[마케팅] 유럽(독일/이탈리아) 인플루언서 마케팅(PR),인턴,상시채용,,,2026-02-11,https://jasoseol.com/recruit/101556,,2026-09-07 18:17:54
자소설닷컴,경동엔지니어링,2026년 신입사원 공개채용,"PQ, 도로, 구조, 안전진단, 지반터널, 단지설계, 상하수도, 수자원, 환경영향평가, 도시계획, 조경레저, 해외사업",신입,수시채용,,,2026-01-12,https://jasoseol.com/recruit/101562,,2026-09-07 18:17:55
자소설닷컴,한국투자증권,해외대 학생 초청 설명회,해외유학생 대상 채용설명회 ,인턴,수시채용,,,2026-01-06,https://jasoseol.com/recruit/101564,,2026-09-07 18:17:55
자소설닷컴,밀도,그래픽 디자이너,수면밀도 그래픽 디자이너,경력,상시채용,,,2026-02-15,https://jasoseol.com/recruit/101565,,2026-09-07 18:17:55
자소설닷컴,NHN Cloud,실시간 보안관제 (교대근무),실시간 보안관제 (교대근무),신입,상시채용,,,2026-01-19,https://jasoseol.com/recruit/101568,,2026-09-07 18:17:55
자소설닷컴,한국삼공,"작물보호제사업 (영업직, CRM, PM) 수시채용","영업직, CRM, PM",코드5,수시채용,,,2026-01-02,https://jasoseol.com/recruit/101572,,2026-09-07 18:17:56
자소설닷컴,에이피알,[디자인] 에이지알 앱 콘텐츠 기획자 계약직 사원 모집,에이지알 앱 콘텐츠 기획자 계약직 사원 모집,계약직,상시채용,,,2026-02-10,https://jasoseol.com/recruit/101538,,2026-09-07 18:17:56
자소설닷컴,GC셀,검체 관리 서비스 매니저 채용 (중부산),서비스 매니저(중부산),계약직,상시채용,,,2026-01-02,https://jasoseol.com/recruit/101579,,2026-09-07 18:17:57
자소설닷컴,NHN Cloud,스토리지 엔진 개발,스토리지 엔진 개발,코드5,상시채용,,,2026-02-14,https://jasoseol.com/recruit/101571,,2026-09-07 18:17:57
자소설닷컴,에이피알,[디자인] 메디큐브 글로벌 웹디자인 채용연계형 인턴사원 모집,[디자인] 메디큐브 글로벌 웹디자인 채용연계형 인턴사원 모집,인턴,상시채용,,,2026-01-16,https://jasoseol.com/recruit/101581,,2026-09-07 18:17:58
자소설닷컴,녹십자웰빙,필러 연구 개발,연구개발,경력,수시채용,,,2026-01-04,https://jasoseol.com/recruit/101582,,2026-09-07 18:17:58
자소설닷컴,중앙대학교병원,광명병원 치과 직원 모집(2025.12),치과위생사-치과,계약직,수시채용,,,2026-01-31,https://jasoseol.com/recruit/101575,,2026-09-07 18:17:58
자소설닷컴,한화손보,2026년 동계 취업캠프,"펨테크, 사이버보험",교육,수시채용,,,2026-02-06,https://jasoseol.com/recruit/101583,,2026-09-07 18:17:58
자소설닷컴,현대엘앤씨,2026년 상반기 신입사원 공개채용,"국내영업, 해외영업, 회계",신입,수시채용,,,2026-01-01,https://jasoseol.com/recruit/101584,,2026-09-07 18:17:59
자소설닷컴,매드업,퍼포먼스 마케터(AE) - 전환형 인턴 (솔루션 사업 부문),퍼포먼스 마케터(AE) (솔루션 사업 부문),인턴,수시채용,,,2026-01-11,https://jasoseol.com/recruit/101586,,2026-09-07 18:18:00
자소설닷컴,토스페이먼츠,Sales Specialist,"영업,PG영업",계약직,상시채용,,,2026-02-15,https://jasoseol.com/recruit/101585,,2026-09-07 18:18:00
자소설닷컴,GC셀,비임상 담당자 모집 (경력),비임상,경력,수시채용,,,2026-01-11,https://jasoseol.com/recruit/101591,,2026-09-07 18:18:00
자소설닷컴,GC셀,공정 개선 담당자 모집 (경력),공정 개선,경력,수시채용,,,2026-01-04,https://jasoseol.com/recruit/101592,,2026-09-07 18:18:00
자소설닷컴,GC셀,Global BD Manager,GBD,경력,수시채용,,,2026-01-04,https://jasoseol.com/recruit/101598,,2026-09-07 18:18:01
자소설닷컴,존슨앤드존슨 메디테크,Clinical Sales – Electrophysiology (광주 or 대전) 신입 정규직 채용,Clinical Sales,신입,상시채용,,,2026-01-04,https://jasoseol.com/recruit/101596,,2026-09-07 18:18:02
자소설닷컴,금화저축은행,2026년도 신입사원 채용공고,저축은행 업무전반,신입,수시채용,,,2026-01-05,https://jasoseol.com/recruit/101601,,2026-09-07 18:18:02
자소설닷컴,존슨앤드존슨,Innovative Medicine 글로벌 임상시험 리더십 개발 프로그램,Global Trial Associate,신입,수시채용,,,2026-01-11,https://jasoseol.com/recruit/101602,,2026-09-07 18:18:02
자소설닷컴,야놀자,SAP ERP SD 운영 담당자,SAP ERP SD 운영 담당자,경력,상시채용,,,2026-01-07,https://jasoseol.com/recruit/101605,,2026-09-07 18:18:03
자소설닷컴,윈스테크넷,"신입/경력 대규모 채용(개발, 정보보안 기술, 영업)","보안관제, 보안컨설팅, 인프라 운영, 분석PL, 보안관제PM, 정보보호 컨설팅(3년 이상), 정보보호 컨설팅(5년 이상), 클라우드MSP, 기술 엔지니어, 보안솔루션개발, Linux기반 OS 개발, AI보안솔루션 웹","경력, 신입",수시채용,,,2026-01-05,https://jasoseol.com/recruit/101603,,2026-09-07 18:18:03
자소설닷컴,어니스트리,멀티채널 영업,[GC그룹 어니스트리] 멀티채널 영업,경력,수시채용,,,2026-01-04,https://jasoseol.com/recruit/101610,,2026-09-07 18:18:04
자소설닷컴,녹십자웰빙,"Aesthetic (병의원영업, MR)",MR,경력,수시채용,,,2026-01-04,https://jasoseol.com/recruit/101611,,2026-09-07 18:18:04
자소설닷컴,GC녹십자,2026년 상반기 채용전제형 인턴 공고,"국내영업 ETC영업 (전문의약품), 생산 공정 관리 (Ochang Plant), 생산 공정 관리 (Hwasun Plant), QC 제품 품질관리 (Ochang Plant), R&D 운영 관리 (본사) ",인턴,수시채용,,,2026-01-04,https://jasoseol.com/recruit/101613,,2026-09-07 18:18:04
자소설닷컴,녹십자웰빙,병의원영업(신입_수도권),병의원 영업,신입,수시채용,,,2026-01-04,https://jasoseol.com/recruit/101612,,2026-09-07 18:18:05
자소설닷컴,아이쓰리시스템,유해화학물질관리 외 채용 (신입 또는 경력),유해화학물질관리 외 채용,코드5,수시채용,,,2026-01-05,https://jasoseol.com/recruit/101625,,2026-09-07 18:18:05
자소설닷컴,해양수산부,신규(신입.경력)직원 채용 공고,"경영기획실장(수석급), 경영일반(소통협력)(책임급), 경영일반_감사담당·기획예산·소통협력·운영지원(선임급), 경영일반_기획예산·소통협력·운영지원(원급), 정보기술(소통협력)(선임급), 정보기술(소통협력)(원급), 시","경력, 신입",수시채용,,,2026-01-02,https://jasoseol.com/recruit/101627,,2026-09-07 18:18:05
자소설닷컴,NHN Cloud,컨테이너 인프라 서비스 개발,컨테이너 인프라 서비스 개발,경력,상시채용,,,2026-02-16,https://jasoseol.com/recruit/101628,,2026-09-07 18:18:06
자소설닷컴,토스플레이스,Business Operations Assistant (정산),Business Operations Assistant (정산),계약직,상시채용,,,2026-01-12,https://jasoseol.com/recruit/101629,,2026-09-07 18:18:06
자소설닷컴,바이엘코리아,Financial Solution Specialist (SCM 정규직 채용),Financial Solution Specialist,경력,수시채용,,,2026-01-04,https://jasoseol.com/recruit/101633,,2026-09-07 18:18:06
자소설닷컴,한국기계연구원,2025년 제5회 육아휴직 대체인력 채용 공고,총무복지 행정,계약직,수시채용,,,2026-01-02,https://jasoseol.com/recruit/101634,,2026-09-07 18:18:07
자소설닷컴,하나증권,투자심사1실 (변리사) 경력직 채용,투자심사1실,계약직,수시채용,,,2026-01-10,https://jasoseol.com/recruit/101643,,2026-09-07 18:18:08
자소설닷컴,유풍,2026년 상반기 공개채용,"해외영업, 회계감사, 생산자동화, 구매",신입,수시채용,,,2026-01-05,https://jasoseol.com/recruit/101639,,2026-09-07 18:18:08
자소설닷컴,서울교통공사(Seoul Metro),9호선운영부문 신규직 공개채용 공고,"7급_고객안전(일반전형), 7급_고객안전(장애인전형), 7급_운전(일반전형), 7급_건축(일반전형), 7급_궤도(일반전형)",코드5,수시채용,,,2026-01-09,https://jasoseol.com/recruit/101644,,2026-09-07 18:18:08
자소설닷컴,슈프리마,2026년 채용연계형 인턴십,"[SW Engineer]SW Engineer, [SW Engineer]AI, [SW Engineer]프론트/모바일, [SW Engineer]얼굴인식, [FW Engineer]FW Engineer, [FW Engine",인턴,수시채용,,,2026-01-11,https://jasoseol.com/recruit/101648,,2026-09-07 18:18:08
자소설닷컴,아이쓰리시스템,반도체 소자 개발 연구원 채용,반도체 소자 개발 연구원 채용,신입,수시채용,,,2026-01-05,https://jasoseol.com/recruit/101649,,2026-09-07 18:18:09
자소설닷컴,현대자동차,[계약직] 인사 행정 지원 보조 (장애인 제한 경쟁),인사 행정 지원 보조 (장애인 제한 경쟁),계약직,수시채용,,,2026-01-05,https://jasoseol.com/recruit/101653,,2026-09-07 18:18:09
자소설닷컴,현대자동차,교육 운영 지원 보조 (장애인 제한 경쟁),교육 운영 지원 보조 (장애인 제한 경쟁),계약직,수시채용,,,2026-01-05,https://jasoseol.com/recruit/101654,,2026-09-07 18:18:10
자소설닷컴,한국벤처투자(KVIC),2025년 3차 임기제 계약직(육아휴직 대체) 채용,일반_전문위원(대리급),계약직,수시채용,,,2026-01-09,https://jasoseol.com/recruit/101655,,2026-09-07 18:18:10
자소설닷컴,이동의즐거움,[마이비]사업 기획 및 영업 담당 채용전환형 인턴 채용(부산 근무),사업 기획 및 영업 담당,인턴,수시채용,,,2026-01-07,https://jasoseol.com/recruit/101656,,2026-09-07 18:18:10
자소설닷컴,용마로지스,"2025년 12월, 각 부문별 신입 및 경력 채용","인사, 재경, 국제영업, 경영기획, CIS(김포), TPL(김포), Renal배송, 특수배송, CIS(서울)","경력, 신입",수시채용,,,2026-01-01,https://jasoseol.com/recruit/101657,,2026-09-07 18:18:11
자소설닷컴,어플라이드 머티어리얼즈 코리아,신입(석사/학사) 채용,"Process Support Engineer(공정 엔지니어), Customer Engineer(장비 엔지니어), GCC Order Management",신입,수시채용,,,2026-01-09,https://jasoseol.com/recruit/101658,,2026-09-07 18:18:11
자소설닷컴,한국벤처투자(KVIC),"2025년 3차 공무직(보안,미화) 채용","보안_보안주임(1급) 2단계, 보안_보안원(1급) 1단계, 미화_미화권(1급) 1단계","경력, 신입",수시채용,,,2026-01-07,https://jasoseol.com/recruit/101660,,2026-09-07 18:18:12
자소설닷컴,히타치하이테크코리아,2026년 신입/경력 공개채용,"반도체 장비 Field Engineer, 반도체 장비 Process Engineer, 반도체 장비 영업(Metrology, Inspection), 반도체 장비 영업(Etch), 서비스 전략 기획 사무지원, 경리/회계","경력, 신입",수시채용,,,2026-01-04,https://jasoseol.com/recruit/101659,,2026-09-07 18:18:12
자소설닷컴,멋쟁이사자처럼,[6주 집중 코스] 합격을 부르는 12가지 실무 스킬,"소프트웨어 테스팅, 피그마 UI 실무, UX/UI 디자인, 핀테크 서비스 기획, 초보 PM 현업 가이드, 캐글 데이터 분석, 프론트엔드 실무, 웹 개발 완벽가이드, AI 챗봇 구축, MLOps와 온디바이스 AI, 실",교육,수시채용,,,2026-01-02,https://jasoseol.com/recruit/101662,,2026-09-07 18:18:13
자소설닷컴,한국기업평가,투자평가본부 인턴 모집,투자평가본부,인턴,수시채용,,,2026-01-02,https://jasoseol.com/recruit/101661,,2026-09-07 18:18:13
자소설닷컴,온더플래닛,2026년 상반기 인턴사원 채용(2차),"Project Manager(AE), Performance Manager",인턴,수시채용,,,2026-01-04,https://jasoseol.com/recruit/101663,,2026-09-07 18:18:13
자소설닷컴,더케이교직원나라,2026년 상반기 인력채용 공고,"S2B사업2팀(조달기획 및 운영)_신입, IT팀(전산개발)_경력, IT팀(전산개발)_신입, IT팀(전산운영)_경력, IT팀(정보보안)_신입, 경영지원팀(인사,총무)_신입","경력, 신입",수시채용,,,2026-01-04,https://jasoseol.com/recruit/101669,,2026-09-07 18:18:14
자소설닷컴,에이피알,[마케팅] 중동 아마존 MD 채용연계형 인턴사원 모집,[마케팅]중동 아마존 MD 채용연계형 인턴사원 모집,인턴,상시채용,,,2026-02-11,https://jasoseol.com/recruit/101670,,2026-09-07 18:18:14
자소설닷컴,위비스,2026년도 신입/경력 사원 공채,"지센 영업팀, 지센 상품기획 MD, 위비스몰 온라인 MD, 지센 구매팀 - 원자재 소싱",코드5,수시채용,,,2026-01-15,https://jasoseol.com/recruit/101671,,2026-09-07 18:18:14
자소설닷컴,대한항공,2026년 상반기 기술훈련생 모집(엔진정비 분야),엔진정비 기술훈련생,인턴,수시채용,,,2026-01-09,https://jasoseol.com/recruit/101673,,2026-09-07 18:18:15
자소설닷컴,에이피알,[마케팅] 홍콩·대만 뷰티 온라인 MD 채용연계형 인턴 및 경력사원 모집,홍콩·대만 뷰티 온라인 MD,"경력, 인턴",상시채용,,,2026-02-21,https://jasoseol.com/recruit/101674,,2026-09-07 18:18:15
자소설닷컴,에이피알,[마케팅] 홍콩·대만 뷰티 인플루언서 마케팅(PR) 채용연계형 인턴 및 경력사원 모집,홍콩/대만 뷰티 인플루언서 마케팅(PR),"경력, 인턴",상시채용,,,2026-02-21,https://jasoseol.com/recruit/101675,,2026-09-07 18:18:16
자소설닷컴,토스페이먼츠,Operations Enablement Team Assistant,가맹점 운영 지원,계약직,상시채용,,,2026-02-15,https://jasoseol.com/recruit/101677,,2026-09-07 18:18:16
자소설닷컴,프리윌린,풀리팀 B2G 세일즈 담당자 (전환형 인턴) 채용,B2G 세일즈 담당자,인턴,수시채용,,,2026-01-04,https://jasoseol.com/recruit/101678,,2026-09-07 18:18:17
자소설닷컴,고려대학교,2026학년도 1학기 사무직원(정규직) 채용 공고,"일반행정, 정보보호",신입,수시채용,,,2026-01-05,https://jasoseol.com/recruit/101679,,2026-09-07 18:18:17
자소설닷컴,고려대학교,2026학년도 인권·성평등센터 총장발령 연봉제 계약직원 채용,인권·성평등(상담),계약직,수시채용,,,2026-01-05,https://jasoseol.com/recruit/101680,,2026-09-07 18:18:18
자소설닷컴,노벨리스코리아,신입 엔지니어 채용(금속/자동화/기계),"자동화 엔지니어, 기계 엔지니어, 공정(금속) 엔지니어",신입,수시채용,,,2026-01-07,https://jasoseol.com/recruit/101681,,2026-09-07 18:18:18
자소설닷컴,토스페이먼츠,Operations Enablement Specialist (전담운영),가맹점 운영,계약직,상시채용,,,2026-02-20,https://jasoseol.com/recruit/101676,,2026-09-07 18:18:18
자소설닷컴,한국석유공업,[KP그룹]재무팀 자금 출납 서무직 채용,재무팀 자금 출납 서무직,신입,수시채용,,,2026-01-04,https://jasoseol.com/recruit/101682,,2026-09-07 18:18:18
자소설닷컴,한국지능정보사회진흥원(NIA),2026년 상반기 신입직원 채용,"경영일반, AI정책 기획 및 활용 확산, 공공분야 사업기획·관리, 글로벌협력, (고졸제한경쟁)경영일반·사업기획·관리, (일반직/무기계약직)사업기획·관리",코드5,수시채용,,,2026-01-06,https://jasoseol.com/recruit/101683,,2026-09-07 18:18:19
자소설닷컴,현대자동차,임원 비서 계약직 채용,임원 비서,계약직,수시채용,,,2026-01-05,https://jasoseol.com/recruit/101684,,2026-09-07 18:18:19
자소설닷컴,서울도시가스,2026년 신입사원 채용(학사이상),"안전관리 및 기술영업, 관리 및 기획/지원 업무",신입,수시채용,,,2026-01-01,https://jasoseol.com/recruit/101685,,2026-09-07 18:18:20
자소설닷컴,보스반도체,SoC 설계 외 신입채용,"SoC RTL Design Engineer, SoC Design Verification Engineer, Safety Engineer, AI SW Engineer, IT Manager, Tech 채용 담당, 자회사)","신입, 코드5",수시채용,,,2026-01-04,https://jasoseol.com/recruit/101686,,2026-09-07 18:18:20
자소설닷컴,방위산업공제조합,신입직원 채용 공고,"공제사업, 보증사업, 자산운용",신입,수시채용,,,2026-01-04,https://jasoseol.com/recruit/101687,,2026-09-07 18:18:20
자소설닷컴,에이피알,[마케팅] 포맨트 온라인 마케팅 채용연계형 인턴사원 모집,[마케팅] 포맨트 온라인 마케팅 채용연계형 인턴사원 모집,인턴,상시채용,,,2026-02-13,https://jasoseol.com/recruit/101690,,2026-09-07 18:18:21
자소설닷컴,한화생명,FUTURE TALENT CONTEST,"AI, Blockchain, Global, Healthcare, Investment",교육,수시채용,,,2026-01-09,https://jasoseol.com/recruit/101692,,2026-09-07 18:18:22
자소설닷컴,마이다스그룹,기계 SW유동해석(CFD) 기술지원 담당자,경력-기술지원분야-기계SW 기술지원-판교본사,경력,수시채용,,,2026-01-04,https://jasoseol.com/recruit/101693,,2026-09-07 18:18:22
자소설닷컴,에코마케팅,패션 마케터(안다르) 신입사원 채용,마케터,신입,수시채용,,,2026-01-04,https://jasoseol.com/recruit/101694,,2026-09-07 18:18:22
자소설닷컴,알파사이츠,"Associate, Client Service, Korean/English Speaker, 2026 2월 입사",Client Service Associate,신입,수시채용,,,2026-01-21,https://jasoseol.com/recruit/101691,,2026-09-07 18:18:23
자소설닷컴,마이다스그룹,Risk Management,신입/경력-경영분야-법률자문-판교본사,코드5,수시채용,,,2026-01-04,https://jasoseol.com/recruit/101695,,2026-09-07 18:18:23
자소설닷컴,마이다스그룹,백엔드 개발자 채용(ONSITE),신입/경력-개발-백엔드개발-판교본사,코드5,수시채용,,,2026-01-04,https://jasoseol.com/recruit/101696,,2026-09-07 18:18:23
자소설닷컴,하나증권,RP운용실 경력직 채용,RP운용실,계약직,수시채용,,,2026-01-11,https://jasoseol.com/recruit/101698,,2026-09-07 18:18:24
자소설닷컴,마이다스그룹,글로벌 기술지원 담당자 채용,신입/경력-기술지원분야-글로벌 기술지원-판교본사,코드5,수시채용,,,2026-01-04,https://jasoseol.com/recruit/101697,,2026-09-07 18:18:25
자소설닷컴,마이다스그룹,백엔드 개발자 채용(역량검사),신입/경력-개발-백엔드개발-판교본사,코드5,상시채용,,,2026-01-04,https://jasoseol.com/recruit/101700,,2026-09-07 18:18:25
자소설닷컴,하나증권,해외주식분석실 경력직 채용,"해외주식분석실-ETF/해외주식 주니어 애널리스트, 해외주식분석실-ETF RA 연구원",계약직,수시채용,,,2026-01-04,https://jasoseol.com/recruit/101699,,2026-09-07 18:18:26
자소설닷컴,야놀자,[Yanolja NEXT] Software Engineer - IAB (Service & Product),[Yanolja NEXT] Software Engineer - IAB (Service & Product),경력,상시채용,,,2026-01-21,https://jasoseol.com/recruit/101703,,2026-09-07 18:18:26
자소설닷컴,신원,수출부문 KNIT 해외영업 경력 채용,해외영업,경력,수시채용,,,2026-01-04,https://jasoseol.com/recruit/101702,,2026-09-07 18:18:26
자소설닷컴,소니세미컨덕터솔루션코리아,각 부문 신입/경력 채용,"Treasury, Sales&Marketing, IT-INFRA, FAE Engineer-Mobile, Tax&Governance","경력, 계약직, 신입",수시채용,,,2026-01-02,https://jasoseol.com/recruit/101706,,2026-09-07 18:18:27
자소설닷컴,토스페이먼츠,KYC Operations Assistant,KYC,계약직,상시채용,,,2026-02-20,https://jasoseol.com/recruit/101704,,2026-09-07 18:18:27
자소설닷컴,강원랜드,2025년 하반기 신입직 채용 공고,"AI(IT)개발·운영_특수전문, IT(정보지원)_특수전문, 조경_특수전문, 기계_특수전문, 건축_특수전문, 불법도박감시_장애, 재무·회계_일반(전국), 재무·회계_일반(폐광지역), 카지노딜러_일반(전국), 카지노딜러",신입,수시채용,,,2026-01-13,https://jasoseol.com/recruit/101707,,2026-09-07 18:18:27
자소설닷컴,마이다스그룹,에이치닷(H.) 콘텐츠 마케터 채용,영업 및 마케팅-콘텐츠 마케팅,코드5,수시채용,,,2026-01-04,https://jasoseol.com/recruit/101710,,2026-09-07 18:18:28
자소설닷컴,마이다스그룹,기계 SW 영업 담당자 채용,기술영업분야-기계SW 기술영업,코드5,수시채용,,,2026-01-04,https://jasoseol.com/recruit/101711,,2026-09-07 18:18:28
자소설닷컴,하나증권,정보보호실(IT보안) 경력직 채용,정보보호실,계약직,수시채용,,,2026-01-05,https://jasoseol.com/recruit/101712,,2026-09-07 18:18:29
자소설닷컴,에이피알,[마케팅] 미국 에이프릴스킨 아마존 MD 채용연계형 인턴사원 모집,[마케팅] 미국 에이프릴스킨 아마존 MD 채용연계형 인턴사원,인턴,상시채용,,,2026-02-05,https://jasoseol.com/recruit/101708,,2026-09-07 18:18:29
자소설닷컴,김앤장 법률사무소,IT 운영 (디지털 포렌식 파트) 수시 채용,IT 운영_디지털 포렌식 인프라 관리,코드5,수시채용,,,2026-01-11,https://jasoseol.com/recruit/101713,,2026-09-07 18:18:29
자소설닷컴,세스코,기구개발 및 설계,기구개발 및 설계,경력,수시채용,,,2026-01-07,https://jasoseol.com/recruit/101714,,2026-09-07 18:18:29
자소설닷컴,동부건설,경력사원(토목-공무/안전-안전관리) 채용,"토목-공무-전국, 안전-안전관리-본사 및 전국현장",경력,수시채용,,,2026-01-04,https://jasoseol.com/recruit/101716,,2026-09-07 18:18:30
자소설닷컴,고위드,"[핀테크/금융권/초봉4천이상] 2026 신입 공채 (법인관리, 사업개발, 서비스기획 외)","ALL(법인관리, 사업개발, 제품기획, 사업운영, 마케팅)",신입,수시채용,,,2026-01-01,https://jasoseol.com/recruit/101715,,2026-09-07 18:18:31
자소설닷컴,드림라인,해저케이블 ICT 엔지니어링 경력 (Backhaul),ICT 엔지니어링,경력,수시채용,,,2026-01-21,https://jasoseol.com/recruit/101719,,2026-09-07 18:18:31
자소설닷컴,로지스올,경력사원 채용,"[로지스올]구매, [로지스올]글로벌 구매, [한국컨테이너풀]3PL영업 및 물류센터 관리, [한국로지스풀]포워딩 필드영업, [한국로지스풀]회계/재무",경력,수시채용,,,2026-01-06,https://jasoseol.com/recruit/101720,,2026-09-07 18:18:31
자소설닷컴,드림라인,경영기획업무 신입,경영기획,신입,수시채용,,,2026-01-21,https://jasoseol.com/recruit/101721,,2026-09-07 18:18:32
자소설닷컴,드림라인,경영기획업무 경력,경영기획,경력,수시채용,,,2026-01-21,https://jasoseol.com/recruit/101722,,2026-09-07 18:18:32
자소설닷컴,이노션,캠페인플래닝 (AE) (1년 계약직),캠페인플래닝,계약직,수시채용,,,2026-01-06,https://jasoseol.com/recruit/101723,,2026-09-07 18:18:33
자소설닷컴,뱅크샐러드금융서비스,금융 솔루션 전문가 채용연계형 인턴십,"금융 솔루션 전문가(신입), 금융 솔루션 전문가(경력)",인턴,수시채용,,,2026-01-18,https://jasoseol.com/recruit/101724,,2026-09-07 18:18:33
자소설닷컴,드림라인,해저케이블 ICT 엔지니어링 신입 (Backhaul),ICT엔지니어링,신입,수시채용,,,2026-01-21,https://jasoseol.com/recruit/101718,,2026-09-07 18:18:33
자소설닷컴,토스페이먼츠,Inbound Sales Assistant,Sales Assistant,계약직,상시채용,,,2026-01-21,https://jasoseol.com/recruit/101727,,2026-09-07 18:18:34
자소설닷컴,중앙대학교병원,(서울병원) 영양관리팀 영양사(휴직대체) 모집 (2025.12),영양관리팀-영양사,계약직,수시채용,,,2026-01-02,https://jasoseol.com/recruit/101725,,2026-09-07 18:18:34
자소설닷컴,한국능률협회,교육전문가 정규직 전환형 인턴십 챌린지,교육사업,인턴,수시채용,,,2026-01-04,https://jasoseol.com/recruit/101728,,2026-09-07 18:18:34
자소설닷컴,테크윙,2025년 12월 각 부문 채용,"해외영업, IT, 재무회계, 기구설계, SW 개발, HW 개발, 제조그룹_신입, 제조그룹_경력, 구매_신입, 구매_경력, 특허, 안전환경(전기), 품질관리, 하드웨어설계(IES)_신입, 하드웨어설계(IES)_경력, ","경력, 신입",수시채용,,,2026-01-08,https://jasoseol.com/recruit/101729,,2026-09-07 18:18:35
자소설닷컴,하나증권,글로벌투자분석실 경력직 채용,글로벌투자분석실,계약직,수시채용,,,2026-01-04,https://jasoseol.com/recruit/101732,,2026-09-07 18:18:35
자소설닷컴,바이엘코리아,Local Project Coordination & Medical Information Associate (12개월 계약직),Local Project Coordination & Medical Information Associate,계약직,수시채용,,,2026-01-07,https://jasoseol.com/recruit/101730,,2026-09-07 18:18:36
자소설닷컴,녹십자웰빙,포장(신입/경력),포장(신입/경력),코드5,수시채용,,,2026-01-01,https://jasoseol.com/recruit/101733,,2026-09-07 18:18:36
자소설닷컴,아모레퍼시픽,[인턴] '26년 대학생 동계 인턴십 (틱톡 마케팅),틱톡 마케팅,인턴,수시채용,,,2026-01-04,https://jasoseol.com/recruit/101734,,2026-09-07 18:18:36
자소설닷컴,폭스바겐그룹코리아,2026 H1 INTERNSHIP PROGRAM,"[Audi]Network&Aftersales, [VW]Marketing&Comms, [One.Aftersales]Warranty, [One.Aftersales]Parts Supply Chain_Parts Certif",인턴,수시채용,,,2026-01-06,https://jasoseol.com/recruit/101736,,2026-09-07 18:18:37
자소설닷컴,녹십자웰빙,병의원영업(신입_창원),병의원 영업,신입,수시채용,,,2026-01-04,https://jasoseol.com/recruit/101741,,2026-09-07 18:18:38
자소설닷컴,녹십자웰빙,병의원영업(신입_전북),병의원 영업,신입,수시채용,,,2026-01-04,https://jasoseol.com/recruit/101742,,2026-09-07 18:18:38
자소설닷컴,KCC실리콘,물류부문 신입사원 채용,물류,신입,수시채용,,,2026-01-01,https://jasoseol.com/recruit/101738,,2026-09-07 18:18:38
자소설닷컴,야놀자,Global Compensation Specialist,Global Compensation Specialist,경력,상시채용,,,2026-01-13,https://jasoseol.com/recruit/101743,,2026-09-07 18:18:38
자소설닷컴,원주세브란스기독병원,2026회계연도 일반직(정규직) 신규채용,"임상병리사, 방사선사_영상의학과, 방사선사_방사선종양학과, 물리치료사, 심사간호사, 의공기사, 축산기사, 정보처리원, 통신사, 행정사무원",신입,수시채용,,,2026-01-04,https://jasoseol.com/recruit/101745,,2026-09-07 18:18:39
자소설닷컴,셀트리온제약,인사 부문(체험형 인턴) 모집,인사,인턴,수시채용,,,2026-01-05,https://jasoseol.com/recruit/101746,,2026-09-07 18:18:40
자소설닷컴,원주세브란스기독병원,2026회계연도 시청각기수(정규직) 신규채용,시청각기수,신입,수시채용,,,2026-01-04,https://jasoseol.com/recruit/101747,,2026-09-07 18:18:40
자소설닷컴,유한킴벌리,2026년 상반기 신입 및 경력사원 채용,"B2B 마케팅, 서초연구소 Data Scientist , 고객사업부문 플랫폼 마케팅(D2C), IT Business Analyst - 프로젝트 기반 기간제, 가정용품(티슈) 마케팅, SCM혁신 Production P","경력, 계약직, 신입, 코드5",수시채용,,,2026-02-03,https://jasoseol.com/recruit/101748,,2026-09-07 18:18:40
자소설닷컴,마이다스그룹,백엔드 개발자 채용(AX개발),신입/경력-개발분야-백엔드 개발-판교본사,코드5,수시채용,,,2026-01-04,https://jasoseol.com/recruit/101744,,2026-09-07 18:18:40
자소설닷컴,ASE KOREA,CS 및 IT 신입/경력 채용,"CS (Customer Service), IT (MES)",코드5,수시채용,,,2026-01-11,https://jasoseol.com/recruit/101751,,2026-09-07 18:18:41
자소설닷컴,선진뷰티사이언스,2025년 4분기 신입/경력 채용,"[화장품소재]국내영업, [SCRC(임상센터)]자외선팀, [SCRC(임상센터)]효능/안정성팀, [OTCM]생산기사",코드5,수시채용,,,2026-01-08,https://jasoseol.com/recruit/101749,,2026-09-07 18:18:42
자소설닷컴,에코마케팅,앱 마케터 신입사원 채용,마케터,신입,수시채용,,,2026-01-04,https://jasoseol.com/recruit/101752,,2026-09-07 18:18:42
자소설닷컴,에코마케팅,퍼포먼스 마케터 신입/경력 채용,"마케터_신입, 마케터_경력","경력, 신입",수시채용,,,2026-01-04,https://jasoseol.com/recruit/101754,,2026-09-07 18:18:43
자소설닷컴,엔엑스엔랩스,[Intern] Business Operations,Business Operations,인턴,수시채용,,,2026-01-04,https://jasoseol.com/recruit/101753,,2026-09-07 18:18:43
자소설닷컴,원광대학교병원,2026 상반기 공개채용 공고,"영양팀_취사조리원, 영상의학과_방사선사, 방사선종양학과_방사선사, 진단검사의학과_임상병리사, 전산정보팀_전산직, 간호부_연구전담간호사, 의공팀_의공기사, 약제부_약무보조원, 관리팀_통신기사, 관리팀_냉동기사, 행정처","인턴, 코드5",수시채용,,,2026-01-15,https://jasoseol.com/recruit/101750,,2026-09-07 18:18:43
자소설닷컴,에코마케팅,기획하는 광고 디자이너(뷰티) 신입/경력 채용,광고 디자이너,"경력, 신입",수시채용,,,2026-01-04,https://jasoseol.com/recruit/101755,,2026-09-07 18:18:43
자소설닷컴,LG생활건강,소셜크루 인턴 채용,디지털컨텐츠 소셜크루 ,인턴,수시채용,,,2026-01-05,https://jasoseol.com/recruit/101756,,2026-09-07 18:18:44
자소설닷컴,LT메탈,신입/경력사원 수시채용,"설비관리(전기), 회계/세무, 국내외 영업/마케팅(Chemical), 연구개발(박막소재), 공정기술(Bonding Wire), 제품개발(Bonding Wire), 공정기술(Material), 생산관리(Material","경력, 신입, 코드5",수시채용,,,2026-01-09,https://jasoseol.com/recruit/101757,,2026-09-07 18:18:44
자소설닷컴,화승R&A,경영지원 신입/경력 수시채용,"총무(신입), 총무(경력), 자산관리(경력)","경력, 신입",수시채용,,,2026-01-07,https://jasoseol.com/recruit/101758,,2026-09-07 18:18:45
자소설닷컴,에코마케팅,일본 웹툰 광고 디자이너 계약직(재택 가능),광고 디자이너,계약직,상시채용,,,2026-01-27,https://jasoseol.com/recruit/101759,,2026-09-07 18:18:45
자소설닷컴,서강대학교,2026년 정규직 신입직원 채용 공고,"사무직 (BK21 사업 수행 전담 인력), 사무직 (국제), 사무직 (입학사정관), 기능직 (영선 잡철물 및 용접, 목공)","경력, 신입",수시채용,,,2026-01-12,https://jasoseol.com/recruit/101761,,2026-09-07 18:18:46
자소설닷컴,애경산업,[정규직/신입] 화장품마케팅(BM&마케터) 담당 채용,"화장품BM, 화장품마케팅",신입,수시채용,,,2026-01-11,https://jasoseol.com/recruit/101760,,2026-09-07 18:18:46
자소설닷컴,키움캐피탈,2026년 상반기 신입사원 공개채용,"기업금융, 투자금융, 리테일금융, IT, 정보보안",신입,수시채용,,,2026-01-11,https://jasoseol.com/recruit/101762,,2026-09-07 18:18:46
자소설닷컴,야놀자,[Yanolja NEXT] Data Engineer,[Yanolja NEXT] Data Engineer,경력,상시채용,,,2026-01-21,https://jasoseol.com/recruit/101763,,2026-09-07 18:18:46
자소설닷컴,한국환경공단(KECO),2025년도 하반기 신입/경력직원 채용 공고,"사무직_상경_3급, 사무직_상경_4급, 일반직 6급_기술직_전기, 일반직 6급_기술직_기계, 일반직 6급_기술직_정보기술, 일반직 6급_기술직_환경, 일반직 8급_사무직_자립준비청년, 일반직 6급_기술직_수도, 공무","경력, 신입",수시채용,,,2026-01-12,https://jasoseol.com/recruit/101764,,2026-09-07 18:18:47
자소설닷컴,야놀자리서치,[Yanolja Research] Researcher,Researcher,코드5,상시채용,,,2026-02-19,https://jasoseol.com/recruit/101765,,2026-09-07 18:18:47
자소설닷컴,한국사회투자,AI 커리어 부스트 인턴십 참여자 모집,"[앵글컴퍼니] AI 백엔드 개발자, [앵글컴퍼니] AI 프론트엔드 개발자, [보이노시스] 인공지능 알고리즘 연구원, [커넥트브릭] 풀스택 개발 생성AI, [세르딕] Computer Vision·AI 엔지니어, [팀리",인턴,수시채용,,,2026-01-04,https://jasoseol.com/recruit/101766,,2026-09-07 18:18:48
자소설닷컴,야놀자,FP&A Specialist,FP&A Specialist,경력,상시채용,,,2026-02-11,https://jasoseol.com/recruit/101767,,2026-09-07 18:18:48
자소설닷컴,야놀자,[Yanolja NEXT] Product Manager,Product Manager,경력,상시채용,,,2026-01-21,https://jasoseol.com/recruit/101768,,2026-09-07 18:18:49
자소설닷컴,에이피알,[재무] 국내 회계/결산 채용연계형 인턴사원 모집,[재무] 국내 회계/결산,인턴,상시채용,,,2026-02-05,https://jasoseol.com/recruit/101769,,2026-09-07 18:18:49
자소설닷컴,토스뱅크,Collections Operations Assistant,Collections Operations Assistant,계약직,상시채용,,,2026-02-27,https://jasoseol.com/recruit/101770,,2026-09-07 18:18:49
자소설닷컴,에이피알,[재무] FP&A 담당 채용연계형 인턴사원 모집,FP&A 담당,인턴,상시채용,,,2026-02-05,https://jasoseol.com/recruit/101771,,2026-09-07 18:18:50
자소설닷컴,HD현대삼호,110기 기술연수생 모집,"취부, 전기",교육,수시채용,,,2026-02-02,https://jasoseol.com/recruit/101772,,2026-09-07 18:18:50
자소설닷컴,한국석유공업,[KP그룹]총무비서실 총무 담당자 채용(육휴대체),[KP그룹]한국석유공업 총무비서실 총무담당자 채용,계약직,수시채용,,,2026-01-07,https://jasoseol.com/recruit/101775,,2026-09-07 18:18:51
자소설닷컴,유안타증권,해외법인영업팀 신입직원 채용,해외법인영업팀,계약직,수시채용,,,2026-01-12,https://jasoseol.com/recruit/101774,,2026-09-07 18:18:51
자소설닷컴,한국석유공업,[KP그룹]KP한석유화 옥천공장 생산관리 채용,[KP그룹]KP한석유화 옥천공장 생산관리 채용,코드5,수시채용,,,2026-01-11,https://jasoseol.com/recruit/101776,,2026-09-07 18:18:52
자소설닷컴,한국석유공업,[KP그룹]Petroleum사업본부 부산지점 영업직 채용,[KP그룹]한국석유공업 Petroleum사업본부 부산지점 영업직 채용,코드5,수시채용,,,2026-01-11,https://jasoseol.com/recruit/101777,,2026-09-07 18:18:52
자소설닷컴,한국기초과학지원연구원,2026년 제1차 다목적방사광가속기 구축사업단 기간제 공개채용 안내,"빔물리, 가속장치, 저출력고주파제어시스템(LLRF), 빔라인DAQ&소프트웨어 개발, 가속장치(MPS)-전자석 전원장치 설계 및 제작, 가속장치(고주파)-RF시스템 제어, 가속장치(거더), 자장측정(가속기용 정밀전자석","계약직, 인턴",수시채용,,,2026-01-13,https://jasoseol.com/recruit/101778,,2026-09-07 18:18:52
자소설닷컴,유안타증권,리스크관리팀 신입/경력직원 채용,리스크관리팀,계약직,수시채용,,,2026-01-12,https://jasoseol.com/recruit/101773,,2026-09-07 18:18:53
자소설닷컴,한국과학기술원 부설 고등과학원,사무직원(무기계약직) 채용 공고,"총무, 일반사무",계약직,수시채용,,,2026-01-09,https://jasoseol.com/recruit/101780,,2026-09-07 18:18:53
자소설닷컴,한국잡월드,"인턴IN메타 8기 인턴십 모집&온라인 설명회(1.29, 7pm)","경영기획사무, 광고홍보마케팅, 해외영업, 응용SW개발, 여행상품개발",인턴,수시채용,,,2026-02-01,https://jasoseol.com/recruit/101779,,2026-09-07 18:18:53
자소설닷컴,동국씨엠,2026년 신입사원 공개채용,"판매생산계획, 국내 영업, 생산, 관재·총무, 물류, 설비관리, 공정솔루션",신입,수시채용,,,2026-01-15,https://jasoseol.com/recruit/101781,,2026-09-07 18:18:54
자소설닷컴,NHN Cloud,보안관제 체계 기획,프레임워크 개발,경력,상시채용,,,2026-02-25,https://jasoseol.com/recruit/101782,,2026-09-07 18:18:54
자소설닷컴,현대자동차,남부 하이테크센터 고객응대 및 수납 계약직 채용,고객응대,계약직,수시채용,,,2026-01-13,https://jasoseol.com/recruit/101783,,2026-09-07 18:18:54
자소설닷컴,대원산업,2026년 공개 채용 공고,"모빌리티 설계팀 - 기구 설계, 모빌리티 이노베이션 기술팀 - 기구/로봇 설계, 사업전략팀 - 경영전략 수립 및 기획, 사업전략팀 - IT기획 및 운영, 사업전략팀 - 사내 법무관리, 생산기술팀 - AI·로봇 기반 ","경력, 코드5",수시채용,,,2026-01-14,https://jasoseol.com/recruit/101784,,2026-09-07 18:18:55
자소설닷컴,아주대학교의료원,신입 일반직(사무) 정규직 채용,일반직 (사무),신입,수시채용,,,2026-01-09,https://jasoseol.com/recruit/101786,,2026-09-07 18:18:56
자소설닷컴,기계설비건설공제조합,2026년도 상반기 경력직원 채용공고,"변호사, 자산운용, 세무사, IT개발, 홍보·마케팅",경력,수시채용,,,2026-01-10,https://jasoseol.com/recruit/101785,,2026-09-07 18:18:57
자소설닷컴,한미약품,2026년 1월 수시채용,"팔탄제조본부_생산, 평택제조본부_기술지원, 평택제조본부_시스템지원, 평택제조본부_바이오 생산 (DS), 평택제조본부_바이오 생산 (DP), 본사_Global RA, 평택제조본부_품질보증, 한미사이언스_플랫폼 개발, ","경력, 계약직, 신입, 코드5",수시채용,,,2026-01-18,https://jasoseol.com/recruit/101787,,2026-09-07 18:18:57
자소설닷컴,야놀자,글로벌 HRIS 담당자 (Workday),글로벌 HRIS 담당자 (Workday),경력,상시채용,,,2026-01-29,https://jasoseol.com/recruit/101790,,2026-09-07 18:18:58
자소설닷컴,중앙대학교병원,(서울병원) 건진센터(증진) 간호사(계약직) 모집 (2025.12),건진센터(증진)-간호사,계약직,수시채용,,,2026-01-05,https://jasoseol.com/recruit/101788,,2026-09-07 18:18:58
자소설닷컴,선진,2026년 1분기 신입·경력 채용,"식육영업, 식육 마케팅, 육가공 급식영업, 육가공 식품영업(캐터링), 육가공 식품영업(식재), 육가공 품질관리, 육가공 공무기획, 식육 경영관리, 육가공 인사/안전관리, 기획, 회계/세무, 세티 경영관리, 채권/리스","경력, 신입, 코드5",수시채용,,,2026-01-13,https://jasoseol.com/recruit/101791,,2026-09-07 18:18:59
자소설닷컴,에이치알에스코리아,2025년 신입사원 공개채용,"제품 개발, 설비 개발, 금형 개발, 해외 영업, 공정 관리, 구매 관리, 제조 관리, 품질 보증, 시험 평가, PRESS, 사출","신입, 인턴",수시채용,,,2026-01-19,https://jasoseol.com/recruit/101792,,2026-09-07 18:18:59
자소설닷컴,유진투자선물,해외선물 백오피스 신입/경력 채용,"신입-해외선물 백오피스, 경력-해외선물 백오피스","경력, 신입",수시채용,,,2026-01-11,https://jasoseol.com/recruit/101789,,2026-09-07 18:18:59
자소설닷컴,중앙대학교병원,(광명병원) 진단검사의학과 임상병리사 (계약직) 모집 (2026.01),계약직(신규)-임상병리사-진단검사의학과,계약직,수시채용,,,2026-01-05,https://jasoseol.com/recruit/101793,,2026-09-07 18:19:00
자소설닷컴,삼립,2026년 상반기 정규 전환형 인턴 모집,"영업(B2C), 영업(B2C, B2B), 경영지원(경영기획), 경영지원(인사, 노무), 생산(물류), 생산(생산관리), 생산(설비기술지원), 마케팅(상품기획), 연구(제품개발)",인턴,수시채용,,,2026-01-13,https://jasoseol.com/recruit/101795,,2026-09-07 18:19:00
자소설닷컴,미원상사 및 관계사,1분기 각 부문 채용,"연구개발 - 미원상사 반월연구소, 연구개발 - 미원스페셜티케미칼 전주/충주공장, 연구개발 - 동남합성 탄천공장, 연구개발 - 미원화학 탄천공장, 개발 - 잉크테크 안산2사업장, 생산기술 - 미원상사 익산공장, 생산기",코드5,수시채용,,,2026-01-11,https://jasoseol.com/recruit/101796,,2026-09-07 18:19:00
자소설닷컴,린데코리아,제조운영부문 레어가스생산팀  Specialty Gas Process Engineer (특수가스 공정 엔지니어) 정규직 채용,제조운영부문 현곡 레어가스생산팀  Specialty Gas Process Engineer,경력,수시채용,,,2026-01-13,https://jasoseol.com/recruit/101797,,2026-09-07 18:19:01
자소설닷컴,원스인터내셔널,화장품 상품기획(BM) 경력직 채용,화장품 상품기획(BM),경력,수시채용,,,2026-01-18,https://jasoseol.com/recruit/101799,,2026-09-07 18:19:01
자소설닷컴,쎄믹스,반도체장비 HW 선행기술/양산대응,"HW 기구설계(선행기술), HW 기구설계(개발 및 양산대응)","경력, 코드5",수시채용,,,2026-01-07,https://jasoseol.com/recruit/101798,,2026-09-07 18:19:01
자소설닷컴,현대자동차,차량 지원실 업무 운영 보조 (장애인 제한경쟁) 계약직 채용,경영지원,계약직,수시채용,,,2026-01-18,https://jasoseol.com/recruit/101800,,2026-09-07 18:19:02
자소설닷컴,마이다스그룹,글로벌 콘텐츠 및 이벤트 마케팅 담당자 채용,영업 및 마케팅-콘텐츠 마케팅-판교본사,경력,수시채용,,,2026-01-11,https://jasoseol.com/recruit/101802,,2026-09-07 18:19:02
자소설닷컴,에코마케팅,패션 플랫폼 마케터 신입사원 채용,마케터,신입,수시채용,,,2026-01-11,https://jasoseol.com/recruit/101801,,2026-09-07 18:19:03
자소설닷컴,경방(타임스퀘어),채용 공고,"영업판촉, 전략기획, 개발기획, 지원, 시설관리(전기), 재경","신입, 코드5",수시채용,,,2026-01-18,https://jasoseol.com/recruit/101804,,2026-09-07 18:19:03
자소설닷컴,마이다스그룹,프론트엔드 개발자 채용(역량검사),개발-프론트엔드 개발-판교본사,코드5,수시채용,,,2026-01-11,https://jasoseol.com/recruit/101803,,2026-09-07 18:19:03
자소설닷컴,KCC실리콘,영업부문 신입사원 채용,영업,신입,수시채용,,,2026-01-08,https://jasoseol.com/recruit/101805,,2026-09-07 18:19:04
자소설닷컴,피알앤디컴퍼니,[헤이딜러] 테크베이 채용 운영 매니저 (인천),채용 운영 매니저,경력,상시채용,,,2026-02-27,https://jasoseol.com/recruit/101806,,2026-09-07 18:19:04
자소설닷컴,중앙대학교병원,(서울병원) 연구행정관리팀 행정(계약직) 모집 (2026.01),연구행정관리팀-행정,계약직,수시채용,,,2026-01-07,https://jasoseol.com/recruit/101807,,2026-09-07 18:19:05
자소설닷컴,에코마케팅,뷰티 커머스 마케터 신입사원 채용,뷰티 커머스 마케터,신입,수시채용,,,2026-01-11,https://jasoseol.com/recruit/101808,,2026-09-07 18:19:05
자소설닷컴,중앙대학교병원,(서울병원) 시설팀(기관실) 기능사(계약직) 모집(2026.01),시설팀(기관실)-기능사,계약직,수시채용,,,2026-01-07,https://jasoseol.com/recruit/101809,,2026-09-07 18:19:05
자소설닷컴,중앙대학교병원,(서울병원) 감염내과 간호사(계약직) 모집 (2026.01),감염내과-간호사,계약직,수시채용,,,2026-01-07,https://jasoseol.com/recruit/101811,,2026-09-07 18:19:06
자소설닷컴,중앙대학교병원,(광명병원)  순환기내과(심장뇌혈관시술센터)  간호사 (휴직대체) 모집 (2026.01),간호사-순환기내과(심장뇌혈관시술센터),계약직,수시채용,,,2026-01-06,https://jasoseol.com/recruit/101810,,2026-09-07 18:19:06
자소설닷컴,어니스트리,디지털 마케팅,디지털 마케팅,경력,수시채용,,,2026-01-11,https://jasoseol.com/recruit/101812,,2026-09-07 18:19:06
자소설닷컴,한국공정거래조정원(KOFAIR),2026년 일반직 직원 채용 공고,일반직 6급,신입,수시채용,,,2026-01-20,https://jasoseol.com/recruit/101813,,2026-09-07 18:19:07
자소설닷컴,야놀자,Global Sales Strategy & Operations Senior Analyst,Global Sales Strategy & Operations Senior Analyst,경력,상시채용,,,2026-01-14,https://jasoseol.com/recruit/101814,,2026-09-07 18:19:07
자소설닷컴,국순당,[신입/경력] 각 부문 인재채용,"영업(국내주류)_수도권 인재채용, 와인영업(ON채널)부문 인력채용 *기 채용 건 미채용으로 인한 재진행, 제품 연구개발 인력채용, 영업(국내주류)_대구·경북 인재채용 *기 채용 건 미채용으로 인한 재진행","신입, 코드5",수시채용,,,2026-01-18,https://jasoseol.com/recruit/101817,,2026-09-07 18:19:08
자소설닷컴,동성케미컬,2026년 IMPACT 신입사원 채용,"R&D - 바이오 헬스케어, 기술 - 폴리우레탄, 생산 - 생산운영/관리, 영업 - 모빌리티, 경영관리 - 회계, 경영관리 - 인사/교육, 경영관리 - 인사/급여",신입,수시채용,,,2026-01-18,https://jasoseol.com/recruit/101816,,2026-09-07 18:19:08
자소설닷컴,현대종합금속,신입사원 모집,본사 자재부,신입,수시채용,,,2026-01-18,https://jasoseol.com/recruit/101818,,2026-09-07 18:19:08
자소설닷컴,롯데컬처웍스,2026년 1월 현장 운영직 신입채용,"영화관 운영(대구), 영화관 운영(수원/화성), 영화관 운영(군산), 영화관 운영(대전), 영화관 운영(송탄), 영화관 운영(광명)",계약직,수시채용,,,2026-01-12,https://jasoseol.com/recruit/101819,,2026-09-07 18:19:09
자소설닷컴,유니드,2026년 상반기 수시채용,"전산, 구매, 인사, 사업개발, 해외영업, 물류, 품질관리","경력, 신입",수시채용,,,2026-01-14,https://jasoseol.com/recruit/101820,,2026-09-07 18:19:09
자소설닷컴,중앙대학교병원,(서울병원) 간호본부(외래간호팀) 간호사(계약직) 모집 (2026.01),계약직(신규)-간호본부(외래간호팀)-간호사,계약직,수시채용,,,2026-01-08,https://jasoseol.com/recruit/101821,,2026-09-07 18:19:10
자소설닷컴,멋쟁이사자처럼,[6주 끝장] 합격생이 증명하는 12가지 실무 치트키,"소프트웨어 테스팅, 피그마 UI 실무, UX/UI 디자인, 핀테크 서비스 기획, 초보 PM 현업 가이드, 캐글 데이터 분석, 프론트엔드 실무, 웹 개발 완벽가이드, AI 챗봇 구축, MLOps와 온디바이스 AI, 실",교육,수시채용,,,2026-01-16,https://jasoseol.com/recruit/101822,,2026-09-07 18:19:10
자소설닷컴,토스뱅크,Asset Assistant,Asset Assistant,계약직,상시채용,,,2026-03-01,https://jasoseol.com/recruit/101823,,2026-09-07 18:19:11
자소설닷컴,동국제강,IT전략/기획 부문 경력사원 채용,IT전략/기획,경력,수시채용,,,2026-01-18,https://jasoseol.com/recruit/101824,,2026-09-07 18:19:11
자소설닷컴,동국제강,영업지원 부문 계약직 사원 채용,영업지원,계약직,수시채용,,,2026-01-11,https://jasoseol.com/recruit/101825,,2026-09-07 18:19:11
자소설닷컴,울산알루미늄,엔지니어 정규직(신입) 채용 - 전기정비,전기정비,신입,수시채용,,,2026-01-15,https://jasoseol.com/recruit/101826,,2026-09-07 18:19:12
자소설닷컴,피에스케이,SEM 운용 직무 채용,SEM 운용,계약직,수시채용,,,2026-01-09,https://jasoseol.com/recruit/101827,,2026-09-07 18:19:12
자소설닷컴,홍천엠앤티,각 부문 채용,"화장품 BM, 회계","경력, 신입",상시채용,,,2026-01-24,https://jasoseol.com/recruit/101828,,2026-09-07 18:19:12
자소설닷컴,현대종합금속,신입/경력사원 모집,"기계사업본부_선박기자재 분야의 신제품/신기술 개발, 기계사업본부_공사수행/기술영업, 기계사업본부","계약직, 코드5",수시채용,,,2026-01-11,https://jasoseol.com/recruit/101829,,2026-09-07 18:19:13
자소설닷컴,성균관대학교,교직원(정규직) 신규채용 공고,일반행정,신입,수시채용,,,2026-01-13,https://jasoseol.com/recruit/101830,,2026-09-07 18:19:13
자소설닷컴,쿠어스텍코리아,Process Engineer 정규직 채용,Manufacturing Digitalization Engineer,경력,상시채용,,,2026-02-06,https://jasoseol.com/recruit/101832,,2026-09-07 18:19:14
자소설닷컴,굳센,영업지원 사무직원 채용,영업지원 사무직원,코드5,수시채용,,,2026-02-05,https://jasoseol.com/recruit/101831,,2026-09-07 18:19:15
자소설닷컴,한국보건산업진흥원,2026년 제1차 계약직원 채용 공고,"휴직대체_사업관리(A-1), 휴직대체_사업관리(A-2), 청년인턴_사업지원(B-1), 청년인턴_사업지원(B-2), 사회형평(장애인)_사업지원(B-3), 용역사업_R&D 사업기획 및 관리, 용역사업_R&D 사업관리, ","계약직, 인턴",수시채용,,,2026-01-19,https://jasoseol.com/recruit/101833,,2026-09-07 18:19:15
자소설닷컴,비바리퍼블리카(토스),AML Monitoring Specialist,AML Monitoring Specialist,계약직,상시채용,,,2026-03-04,https://jasoseol.com/recruit/101836,,2026-09-07 18:19:15
자소설닷컴,NHN,IR,IR,신입,상시채용,,,2026-01-14,https://jasoseol.com/recruit/101837,,2026-09-07 18:19:16
자소설닷컴,건국대학교,직원 (정규직) 채용,일반행정,신입,수시채용,,,2026-01-12,https://jasoseol.com/recruit/101834,,2026-09-07 18:19:16
자소설닷컴,한국삼공,작물보호제사업 충북지점 영업직 신입/경력 수시 채용,영업직,코드5,수시채용,,,2026-01-16,https://jasoseol.com/recruit/101839,,2026-09-07 18:19:17
자소설닷컴,KCC실리콘,화장품 Formulator 경력직 채용,Formulator,경력,수시채용,,,2026-01-13,https://jasoseol.com/recruit/101840,,2026-09-07 18:19:17
자소설닷컴,중앙대학교병원,(광명병원) 약제팀 정규약사 모집 (2026.01),약사-약제팀-정규약사,코드5,수시채용,,,2026-01-11,https://jasoseol.com/recruit/101838,,2026-09-07 18:19:17
자소설닷컴,GC셀,사업기획 담당자 모집 (경력),사업기획,경력,수시채용,,,2026-01-18,https://jasoseol.com/recruit/101842,,2026-09-07 18:19:18
자소설닷컴,에이피알,[SCM] 해외물류 운영 담당 채용연계형 인턴사원 모집,[SCM] 해외물류 운영 담당,"경력, 인턴",상시채용,,,2026-02-10,https://jasoseol.com/recruit/101843,,2026-09-07 18:19:18
자소설닷컴,태웅로직스,2026년 상반기 신입/경력 공개채용,"운영사업1부, 프로젝트운영팀, TANK운영팀, 해외법인영업팀","경력, 신입",수시채용,,,2026-01-25,https://jasoseol.com/recruit/101841,,2026-09-07 18:19:18
자소설닷컴,하나증권,리스크관리실 경력직 채용,리스크관리실,계약직,수시채용,,,2026-01-11,https://jasoseol.com/recruit/101844,,2026-09-07 18:19:18
자소설닷컴,토스뱅크,GA Assistant,GA Assistant,계약직,상시채용,,,2026-03-04,https://jasoseol.com/recruit/101847,,2026-09-07 18:19:20
자소설닷컴,동국제약,신입/경력 채용(글로벌/개발/디자인/영업/마케팅/경영/관리 등 모집)  ~ 1/14,"건식영업, 글로벌 화장품 BM, 메디컬에스테틱 영업, 글로벌 화장품 해외영업, 글로벌 제약 해외영업, 화장품 해외 인허가, 시설 및 차량 운영 관리, 총무(전표 및 행정 처리 담당), 내부감사, 회계결산, 세무관리,","경력, 계약직, 신입, 코드5",수시채용,,,2026-01-14,https://jasoseol.com/recruit/101845,,2026-09-07 18:19:20
자소설닷컴,동국제약,"신입/경력 채용(생산본부, 연구소) ~ 1/14","고형제팀, GMP compliance팀, 제품시험팀, 시설관리팀, 의약분석연구팀(분석연구), 분석팀","계약직, 코드5",수시채용,,,2026-01-14,https://jasoseol.com/recruit/101846,,2026-09-07 18:19:20
자소설닷컴,토스뱅크,KYC Operations Assistant,KYC Operations Assistant,계약직,상시채용,,,2026-02-11,https://jasoseol.com/recruit/101848,,2026-09-07 18:19:20
자소설닷컴,성균관대학교,교직원(정규직) 경력채용 공고,"의학실습지원, 정보통신 네트워크",경력,수시채용,,,2026-01-19,https://jasoseol.com/recruit/101850,,2026-09-07 18:19:21
자소설닷컴,녹십자웰빙,병의원영업(신입_창원),병의원 영업,신입,수시채용,,,2026-01-11,https://jasoseol.com/recruit/101851,,2026-09-07 18:19:21
자소설닷컴,아이쓰리시스템,구매 및 자재관리 부문 채용,구매 및 자재관리 부문 채용,코드5,수시채용,,,2026-01-25,https://jasoseol.com/recruit/101849,,2026-09-07 18:19:21
자소설닷컴,녹십자웰빙,병의원영업(신입_전북),병의원 영업,신입,수시채용,,,2026-01-11,https://jasoseol.com/recruit/101852,,2026-09-07 18:19:22
자소설닷컴,NHN Cloud,프레임워크 개발,프레임워크 개발,경력,상시채용,,,2026-05-02,https://jasoseol.com/recruit/101853,,2026-09-07 18:19:22
자소설닷컴,녹십자웰빙,이물검사(계약직),이물검사(계약직),계약직,수시채용,,,2026-01-13,https://jasoseol.com/recruit/101854,,2026-09-07 18:19:22
자소설닷컴,녹십자웰빙,품질경영 및 보증(신입),품질경영 및 보증,신입,수시채용,,,2026-01-13,https://jasoseol.com/recruit/101855,,2026-09-07 18:19:23
자소설닷컴,녹십자웰빙,품질보증(신입),품질보증(신입),신입,수시채용,,,2026-01-13,https://jasoseol.com/recruit/101856,,2026-09-07 18:19:23
자소설닷컴,롯데글로벌로지스,각 분야 신입 채용 (JA Grade),"HR팀, 안성쿠팡2센터",신입,수시채용,,,2026-01-14,https://jasoseol.com/recruit/101857,,2026-09-07 18:19:24
자소설닷컴,NHN Cloud,클라우드 솔루션 아키텍트(SA) 컨설턴트,클라우드 솔루션 아키텍트(SA) 컨설턴트,경력,상시채용,,,2026-03-27,https://jasoseol.com/recruit/101858,,2026-09-07 18:19:24
자소설닷컴,녹십자웰빙,병의원영업(신입_부산),병의원 영업,신입,수시채용,,,2026-01-18,https://jasoseol.com/recruit/101859,,2026-09-07 18:19:24
자소설닷컴,녹십자웰빙,병의원영업(신입_대구),병의원 영업,신입,수시채용,,,2026-01-18,https://jasoseol.com/recruit/101860,,2026-09-07 18:19:25
자소설닷컴,그룹세브코리아,[테팔] 이커머스 영업 > 퍼포먼스 마케팅 계약직 채용(4개월),E-commerce Performance Media Assistant,계약직,수시채용,,,2026-01-18,https://jasoseol.com/recruit/101862,,2026-09-07 18:19:26
자소설닷컴,제일약품,ETC 영업 신입/경력 채용 (전국),ETC 영업 MR,코드5,수시채용,,,2026-01-18,https://jasoseol.com/recruit/101861,,2026-09-07 18:19:26
자소설닷컴,딜라이트룸,Influencer Marketing Intern(인플루언서 마케팅 인턴),Influencer Marketing Intern(인플루언서 마케팅 인턴),인턴,수시채용,,,2026-01-11,https://jasoseol.com/recruit/101863,,2026-09-07 18:19:26
자소설닷컴,지에스이,26년도 경영관리직 신입사원 채용,경영 전략,신입,수시채용,,,2026-01-18,https://jasoseol.com/recruit/101864,,2026-09-07 18:19:28
자소설닷컴,경희대학교,2025학년도 정규직원 공개채용,"사무직_일반행정(공통), 사무직_기록물관리(서울), 사무직_상담(서울), 사무직_건축(서울), 사무직_설비(서울), 사무직_전산(국제), 사무직_설비(국제), 기술기능직_전기(서울), 기술기능직_설비(서울), 기술기","경력, 코드5",수시채용,,,2026-02-02,https://jasoseol.com/recruit/101865,,2026-09-07 18:19:28
자소설닷컴,정식품,2026년 신입/경력사원 공개채용,"공장[안전보건], 연구소[제품기술기획], 영업관리[영업소], 연구소[건강기능식품 및 소재 개발], 연구소[수출용 제품 개발 연구원]","경력, 신입",수시채용,,,2026-01-12,https://jasoseol.com/recruit/101866,,2026-09-07 18:19:28
자소설닷컴,포스코,경력사원 채용(공인노무사),공인노무사,경력,수시채용,,,2026-01-21,https://jasoseol.com/recruit/101869,,2026-09-07 18:19:29
자소설닷컴,녹십자웰빙,포장(경력),포장(경력),경력,수시채용,,,2026-01-13,https://jasoseol.com/recruit/101870,,2026-09-07 18:19:29
자소설닷컴,중앙대학교병원,(서울병원) 연구기획관리팀 행정(연구지원) (계약직) 모집 (2026.01),연구기획관리팀-행정-연구지원,계약직,수시채용,,,2026-01-12,https://jasoseol.com/recruit/101867,,2026-09-07 18:19:29
자소설닷컴,현대자동차,전기차 보조금 업무 사무보조 (장애인 제한경쟁) 계약직 채용,전기차 보조금 업무 사무보조 (장애인 제한경쟁),계약직,수시채용,,,2026-01-15,https://jasoseol.com/recruit/101871,,2026-09-07 18:19:30
자소설닷컴,포스코,포항제철소 진료의사 초빙,사내 진료의사,계약직,수시채용,,,2026-01-20,https://jasoseol.com/recruit/101872,,2026-09-07 18:19:30
자소설닷컴,씨엔씨티에너지(충남도시가스),2026년 경력직 채용공고 - 재무전략,"세무관리, 자금관리",경력,수시채용,,,2026-02-06,https://jasoseol.com/recruit/101868,,2026-09-07 18:19:30
자소설닷컴,대경아이씨티산업협회,AI 역량 UP! 파이썬 활용 산업 특화 데이터 분석 과정,AI 역량 UP! 파이썬 활용 사업 특화 데이터 코스 과정,교육,수시채용,,,2026-01-14,https://jasoseol.com/recruit/101873,,2026-09-07 18:19:30
자소설닷컴,미쓰이스미토모해상화재보험,IT팀 신입 및 경력사원 채용,IT,코드5,수시채용,,,2026-01-18,https://jasoseol.com/recruit/101874,,2026-09-07 18:19:31
자소설닷컴,로레알코리아,2026 상반기 채용전제형 인턴십,"Luxe - Marketing, Luxe - E-Commerce/Sales, Luxe - CRM, Luxe - PR/Communication, LDB  - E-Commerce/Sales, CPD - PR/Commun",인턴,수시채용,,,2026-01-18,https://jasoseol.com/recruit/101875,,2026-09-07 18:19:31
자소설닷컴,이노션,캠페인플래닝 (체험형 인턴),캠페인플래닝,인턴,수시채용,,,2026-01-12,https://jasoseol.com/recruit/101877,,2026-09-07 18:19:32
자소설닷컴,중앙대학교병원,디지털전략팀  행정직 (계약직) 모집 (2026.01),행정-디지털전략팀,계약직,수시채용,,,2026-01-12,https://jasoseol.com/recruit/101876,,2026-09-07 18:19:32
자소설닷컴,엘티소재,2026년 상반기 경력 및 신입사원 채용,"접합재료(Solder)국내영업_용인, 접합재료(Solder)국내영업_구미, OLED합성","경력, 신입",수시채용,,,2026-01-19,https://jasoseol.com/recruit/101878,,2026-09-07 18:19:32
자소설닷컴,코그넥스코리아,2026년 상반기 인턴 AI Product Frontend Engineer 채용,AI Product Frontend Engineer,인턴,상시채용,,,2026-01-14,https://jasoseol.com/recruit/101879,,2026-09-07 18:19:33
자소설닷컴,KB국민은행,미래 IT 인재 육성 프로젝트 IT's Your Life,KB IT's Your Life 7기,교육,수시채용,,,2026-01-19,https://jasoseol.com/recruit/101880,,2026-09-07 18:19:33
자소설닷컴,팀민트,2026년 상반기 신입 마케터 채용 (1/13 채용설명회 진행),"퍼포먼스 마케터, 브랜드 마케터",신입,수시채용,,,2026-01-18,https://jasoseol.com/recruit/101882,,2026-09-07 18:19:34
자소설닷컴,야놀자,Corporate Legal Counsel,Corporate Legal Counsel,경력,상시채용,,,2026-01-21,https://jasoseol.com/recruit/101881,,2026-09-07 18:19:34
자소설닷컴,쏘카,[계약직] 총무지원 매니저,총무지원 매니저,계약직,상시채용,,,2026-01-28,https://jasoseol.com/recruit/101883,,2026-09-07 18:19:34
자소설닷컴,김앤장 법률사무소,송무 및 상업등기 스탭(신입) 채용,"송무 스탭, 상업 등기 스탭",신입,수시채용,,,2026-01-19,https://jasoseol.com/recruit/101884,,2026-09-07 18:19:35
자소설닷컴,쏘카,[계약직] 카셰어링 사업 매니저(호남),카셰어링 사업 매니저(호남),계약직,상시채용,,,2026-01-19,https://jasoseol.com/recruit/101885,,2026-09-07 18:19:35
자소설닷컴,포항소재산업진흥원,2026년 제1차 인력 채용 공고,"연구개발직_가-1_선임, 연구개발직_가-2_선임, 연구개발직_가-3_원급, 연구개발직_가-4_주임, 연구개발직_가-5_원급",계약직,수시채용,,,2026-01-20,https://jasoseol.com/recruit/101886,,2026-09-07 18:19:36
자소설닷컴,에이피알,[PM] 앱 서비스 기획 채용연계형 인턴사원 모집,[PM] 앱 서비스 기획(채용연계형),인턴,상시채용,,,2026-02-10,https://jasoseol.com/recruit/101887,,2026-09-07 18:19:36
자소설닷컴,리멤버앤컴퍼니,리서치사업 운영 Intern,리서치사업 운영 Intern,인턴,상시채용,,,2026-01-19,https://jasoseol.com/recruit/101888,,2026-09-07 18:19:36
자소설닷컴,에이피알,"[마케팅] 유럽 틱톡샵 마케팅 채용연계형 인턴사원 모집(스페인,이탈리아)","[마케팅] 유럽 틱톡샵 마케팅 채용연계형 인턴사원 모집(스페인,이탈리아), [마케팅] 유럽 틱톡샵 마케팅 채용연계형 인턴 및 경력사원 모집(독일/스페인/프랑스/이탈리아)","경력, 인턴",상시채용,,,2026-02-13,https://jasoseol.com/recruit/101889,,2026-09-07 18:19:37
자소설닷컴,신원,수출부문 Style R&D 주니어경력 및 Womens Plus 경력 채용,Style R&D,경력,수시채용,,,2026-02-28,https://jasoseol.com/recruit/101891,,2026-09-07 18:19:38
자소설닷컴,강북삼성병원,26년 행정부 신입 · 경력 직원 모집,"행정 부문, 행정 부문(지역우수인재), 정보보안 부문","경력, 코드6",수시채용,,,2026-01-12,https://jasoseol.com/recruit/101890,,2026-09-07 18:19:38
자소설닷컴,일화,2026년 신입 및 경력 채용(1),"웰빙사업팀-수도권영업담당, 웰빙사업팀-지방영업담당, 제약마케팅팀-제약기획담당, 제약영업관리팀-제약영업관리담당, 의약연구실-개발담당, 초정공장-초정조제담당","경력, 코드5",수시채용,,,2026-01-19,https://jasoseol.com/recruit/101892,,2026-09-07 18:19:39
자소설닷컴,GC셀,검체 관리 서비스 매니저 채용 (분당),서비스 매니저,계약직,상시채용,,,2026-02-27,https://jasoseol.com/recruit/101894,,2026-09-07 18:19:39
자소설닷컴,AXA손해보험,커뮤니케이션팀 통번역 및 내부 커뮤니케이션 담당 경력직 채용,통번역 및 내부 커뮤니케이션 담당자,계약직,수시채용,,,2026-01-18,https://jasoseol.com/recruit/101893,,2026-09-07 18:19:39
자소설닷컴,KIDB자금중개,경영지원팀 신입 및 전 분야 체험형 인턴 채용,"경영지원팀 신입, 전분야 체험형 인턴","신입, 인턴",수시채용,,,2026-01-13,https://jasoseol.com/recruit/101895,,2026-09-07 18:19:39
자소설닷컴,이노션,테크니컬 라이터(Technical Writer) (계약직),테크니컬 라이터,계약직,수시채용,,,2026-01-11,https://jasoseol.com/recruit/101897,,2026-09-07 18:19:40
자소설닷컴,이노션,GEO 컨설턴트 (Junior) (계약직),GEO 컨설턴트 (Junior),계약직,수시채용,,,2026-01-14,https://jasoseol.com/recruit/101898,,2026-09-07 18:19:40
자소설닷컴,GC셀,검체 관리 서비스 매니저 채용 (구리),서비스 매니저,계약직,상시채용,,,2026-03-06,https://jasoseol.com/recruit/101896,,2026-09-07 18:19:41
자소설닷컴,대학내일ES,에디터 및 마케팅(AE) 인턴/경력 채용,"[대학내일] 에디터_콘텐츠크리에이티브3팀_인턴(체험형), [대학내일] 에디터(자사미디어)_미디어센터_인턴(체험형), [대학내일] 마케팅(AE)_마케팅커뮤니케이션9팀_인턴(체험형), [대학내일] 마케팅(AE)_익스피리","계약직, 인턴",수시채용,,,2026-01-19,https://jasoseol.com/recruit/101899,,2026-09-07 18:19:41
자소설닷컴,건설공제조합,2026년 신입직원 채용,"상경, 건축, 자산운용/리스크, 데이터분석",신입,수시채용,,,2026-01-21,https://jasoseol.com/recruit/101900,,2026-09-07 18:19:41
자소설닷컴,유비쿼스,2026 채용연계형 인턴십,"SW개발, HW개발, 기술영업, 전략소싱",인턴,수시채용,,,2026-01-25,https://jasoseol.com/recruit/101901,,2026-09-07 18:19:42
자소설닷컴,SK바이오사이언스,26년 1분기 신입/경력사원 수시채용,"Production Planning(생산기획), Global Business Development(기술이전)","경력, 코드5",수시채용,,,2026-01-18,https://jasoseol.com/recruit/101902,,2026-09-07 18:19:42
자소설닷컴,중앙대학교병원,(광명병원) 간호본부 외래간호팀 간호사 (계약직) 모집 (2026.01),간호사-간호본부(외래간호팀),계약직,수시채용,,,2026-01-13,https://jasoseol.com/recruit/101903,,2026-09-07 18:19:42
자소설닷컴,세스코,표시 컨설팅 서비스 담당(수출상품 표시분야),표시 컨설팅 서비스 담당(수출상품 표시분야),코드5,수시채용,,,2026-01-15,https://jasoseol.com/recruit/101904,,2026-09-07 18:19:43
자소설닷컴,HL디앤아이한라,"건축,전기,현장관리 신입사원 채용","건축, 전기, 경영지원(현장관리)",신입,수시채용,,,2026-01-13,https://jasoseol.com/recruit/101905,,2026-09-07 18:19:43
자소설닷컴,한국토요타자동차,채용 연계형 인턴 채용,"상품 기획, 마케팅, 자동차 수요, 공급 관리, 자동차 인증, IT",인턴,수시채용,,,2026-01-16,https://jasoseol.com/recruit/101907,,2026-09-07 18:19:44
자소설닷컴,이카운트,2026년 광주·부산지역 지역별 신입 영업팀원 채용,"영업 (광주), 영업 (부산)",신입,상시채용,,,2026-02-05,https://jasoseol.com/recruit/101906,,2026-09-07 18:19:44
자소설닷컴,디케이씨,부산영업팀 신입·경력사원 모집,영업팀,코드5,수시채용,,,2026-01-16,https://jasoseol.com/recruit/101908,,2026-09-07 18:19:45
자소설닷컴,코스포영남파워,2026년 1차 신규직원(신입_대졸수준)공개채용,기계,신입,수시채용,,,2026-01-21,https://jasoseol.com/recruit/101909,,2026-09-07 18:19:45
자소설닷컴,SK키파운드리,상반기 전임직 신입/기술사무직 경력 채용,"제조 Operator, 제조 Operator (보훈제한경쟁), 공정기술 (Cleaning), YE (수율개선)","경력, 신입",수시채용,,,2026-01-18,https://jasoseol.com/recruit/101910,,2026-09-07 18:19:45
자소설닷컴,이노션,글로벌 웹 서비스 기획 (Junior) (계약직),글로벌 웹 서비스 기획 (Junior),계약직,수시채용,,,2026-01-18,https://jasoseol.com/recruit/101911,,2026-09-07 18:19:46
자소설닷컴,한국가스안전공사(KGS),"2026년 제1차 체험형인턴 (장애, 청년) 채용","가스안전 사무보조 (장애인인턴), 가스안전 홍보지원 (청년인턴), 재난안전 업무지원 (청년인턴), 석유화학 업무지원 (청년인턴)",인턴,수시채용,,,2026-01-23,https://jasoseol.com/recruit/101912,,2026-09-07 18:19:46
자소설닷컴,신원,수출부문 Style R&D 경력 채용,Style R&D,경력,수시채용,,,2026-01-30,https://jasoseol.com/recruit/101913,,2026-09-07 18:19:46
자소설닷컴,신원,수출부문 KNIT 해외영업(Aerie 담당) 신입 및 주니어 경력 채용,KNIT 해외영업(Aerie 담당),코드5,수시채용,,,2026-01-19,https://jasoseol.com/recruit/101914,,2026-09-07 18:19:47
자소설닷컴,큐알티,"26년 1분기 반도체 신뢰성,분석 관련 직무별 채용 (신입/경력)","기술연구소 반도체 TEST 장비 제어 SW 개발, 반도체 해외 영업/마케터, 반도체 불량분석/연계분석 엔지니어","경력, 신입",수시채용,,,2026-01-25,https://jasoseol.com/recruit/101917,,2026-09-07 18:19:48
자소설닷컴,페이히어,[핀테크 스타트업] 세일즈 스페셜리스트 인턴 채용,[인턴] 세일즈 스페셜리스트,인턴,상시채용,,,2026-02-23,https://jasoseol.com/recruit/101918,,2026-09-07 18:19:48
자소설닷컴,여주에너지서비스,경력/신입사원 채용,"발전소 기술공무, 안전/보건관리, 환경관리, 재무관리","경력, 신입",수시채용,,,2026-01-21,https://jasoseol.com/recruit/101916,,2026-09-07 18:19:49
자소설닷컴,텔레칩스,차량용 반도체 임베디드스쿨,차량용 반도체 임베디드 스쿨 4기,교육,수시채용,,,2026-01-26,https://jasoseol.com/recruit/101920,,2026-09-07 18:19:49
자소설닷컴,마이다스그룹,Risk Management 담당자 채용,경영분야-법무담당자-판교본사,코드5,수시채용,,,2026-01-18,https://jasoseol.com/recruit/101921,,2026-09-07 18:19:49
자소설닷컴,동부건설,경력사원(도시정비사업) 채용,사무-도시정비사업-본사(서울),경력,수시채용,,,2026-01-18,https://jasoseol.com/recruit/101919,,2026-09-07 18:19:50
자소설닷컴,마이다스그룹,기계 SW 유동해석(CFD) 기술지원 담당자 채용,기술지원분야-기계SW 기술지원-판교본사,경력,수시채용,,,2026-01-18,https://jasoseol.com/recruit/101922,,2026-09-07 18:19:50
자소설닷컴,마이다스그룹,토목지반 SW 영업 담당자 채용,기술영업분야-지반SW 기술영업-판교본사,경력,수시채용,,,2026-01-18,https://jasoseol.com/recruit/101924,,2026-09-07 18:19:50
자소설닷컴,마이다스그룹,2D 모션그래픽 디자이너 채용,디자인분야-모션그래픽 디자인-판교본사,경력,수시채용,,,2026-01-18,https://jasoseol.com/recruit/101925,,2026-09-07 18:19:51
자소설닷컴,마이다스그룹,[일본법인] 마이다스아이티 재팬 기술 담당자 채용,해외분야 (일본 법인)-해외 기술지원 및 기획-일본법인,코드5,수시채용,,,2026-01-18,https://jasoseol.com/recruit/101926,,2026-09-07 18:19:51
자소설닷컴,마이다스그룹,[일본법인] 마이다스아이티 재팬 영업 담당자 채용,해외분야 (일본 법인)-해외영업-일본법인,코드5,수시채용,,,2026-01-18,https://jasoseol.com/recruit/101927,,2026-09-07 18:19:52
자소설닷컴,마이다스그룹,[일본법인] 마이다스아이티 재팬 개발 담당자 채용,해외분야 (일본 법인)-응용 SW 개발-일본법인,코드5,수시채용,,,2026-01-18,https://jasoseol.com/recruit/101928,,2026-09-07 18:19:52
자소설닷컴,마이다스그룹,기계 SW 구조해석 기술지원 담당자 채용,기술지원분야-기계SW 기술지원-판교본사,경력,수시채용,,,2026-01-18,https://jasoseol.com/recruit/101923,,2026-09-07 18:19:52
자소설닷컴,바이엘코리아,"Field Service Engineer (정규직, 서울/경기, 광주/전라)",Field Service Engineer,경력,수시채용,,,2026-01-29,https://jasoseol.com/recruit/101929,,2026-09-07 18:19:52
자소설닷컴,야놀자,Global Product Strategy Manager,Global Product Strategy Manager,경력,상시채용,,,2026-01-27,https://jasoseol.com/recruit/101930,,2026-09-07 18:19:53
자소설닷컴,이노싱크컨설팅,정책 기획 및 기술사업화 컨설팅 정규직 채용 - 경력무관,정책 기획 및 기술사업화 컨설팅,코드5,수시채용,,,2026-01-30,https://jasoseol.com/recruit/101932,,2026-09-07 18:19:53
자소설닷컴,한국시세이도,"[외국계화장품] Training Associate, Clé de Peau Beauté",브랜드 판매직 교육 담당,경력,상시채용,,,2026-03-08,https://jasoseol.com/recruit/101934,,2026-09-07 18:19:54
자소설닷컴,야놀자,Global Strategy Manager,Global Strategy Manager,경력,상시채용,,,2026-01-27,https://jasoseol.com/recruit/101933,,2026-09-07 18:19:54
자소설닷컴,영천시시설관리공단,2026년 직원 공개경쟁 채용,"행정7급, 기술7급",신입,수시채용,,,2026-01-27,https://jasoseol.com/recruit/101935,,2026-09-07 18:19:54
자소설닷컴,식품의약품안전처,2026년도 제1회 공무원 경력 경쟁 채용,"A 약무주사보, B 의료기술주사보, C 보건연구관, D-1 공업연구관 - 전자, D-2 공업연구관 - 화학, E-1 보건연구사, E-2 보건연구사, E-3 보건연구사(장애인구분모집), E-4 보건연구사, E-5 보건","경력, 계약직",수시채용,,,2026-01-20,https://jasoseol.com/recruit/101936,,2026-09-07 18:19:55
자소설닷컴,한국에너지공과대학교,정규직원 채용 공고,"정규직_일반행정, 정규직_정보(지능정보), 정규직_사서, 정규직_건축, 정규직_법무/노무","경력, 신입",수시채용,,,2026-01-20,https://jasoseol.com/recruit/101937,,2026-09-07 18:19:55
자소설닷컴,세스코,물류자산관리 (제주),물류자산관리 (제주),신입,수시채용,,,2026-01-16,https://jasoseol.com/recruit/101938,,2026-09-07 18:19:56
자소설닷컴,중앙대학교병원,(서울병원) 물류관리팀(물류공급파트) 사무직(계약직) 모집 (2026.01),물류관리팀(물류공급파트)-사무,계약직,수시채용,,,2026-01-15,https://jasoseol.com/recruit/101939,,2026-09-07 18:19:56
자소설닷컴,하나증권,신탁운용실(유언대용신탁) 경력직 채용,신탁운용실,계약직,상시채용,,,2026-01-22,https://jasoseol.com/recruit/101941,,2026-09-07 18:19:57
자소설닷컴,앰코테크놀로지코리아,2026년 신입/경력사원 공채,"Assembly / Bump Engineer , Test Engineer, Test Development Engineer , Test IT Engineer , Quality Engineer , Application ","경력, 계약직, 신입",수시채용,,,2026-01-18,https://jasoseol.com/recruit/101942,,2026-09-07 18:19:58
자소설닷컴,한국주택금융공사(HF),2026년도 상반기 체험형 인턴 채용,"[일반전형]부산 본사, [일반전형]서울중부지사, [일반전형]서울남부지사, [일반전형]서울북부지사, [일반전형]서울동부지사, [일반전형]서울서부지사, [일반전형]수도권기업금융센터, [일반전형]수도권서부종합금융센터, [",인턴,수시채용,,,2026-01-16,https://jasoseol.com/recruit/101944,,2026-09-07 18:19:59
자소설닷컴,에프엠커뮤니케이션즈,2026 상반기 신입/경력 수시채용,프로모션 기획 및 실행,"경력, 신입",수시채용,,,2026-01-21,https://jasoseol.com/recruit/101945,,2026-09-07 18:19:59
자소설닷컴,공항철도,2026년 상반기 채용공고,"통신, 건축, 승강PSD, 차량 일반, 차량 보훈, 승무","신입, 인턴",수시채용,,,2026-01-20,https://jasoseol.com/recruit/101947,,2026-09-07 18:20:00
자소설닷컴,화승코퍼레이션,2026년 상반기 2차 신입/경력 채용,"해외영업, 환경안전, AI 데이터 엔지니어, 제조혁신(AX/DX)","계약직, 코드5",수시채용,,,2026-01-26,https://jasoseol.com/recruit/101948,,2026-09-07 18:20:00
자소설닷컴,NHN Cloud,제로트러스트 보안 서비스 개발,제로트러스트 보안 서비스 개발,신입,상시채용,,,2026-02-24,https://jasoseol.com/recruit/101946,,2026-09-07 18:20:00
자소설닷컴,GC셀,입찰 담당자,입찰,코드5,수시채용,,,2026-01-18,https://jasoseol.com/recruit/101950,,2026-09-07 18:20:01
자소설닷컴,KCC실리콘,환경/사무지원 부문,"환경, 사무지원","계약직, 신입",수시채용,,,2026-01-15,https://jasoseol.com/recruit/101951,,2026-09-07 18:20:01
자소설닷컴,바이엘코리아,Quality Control Analyst (대전공장 정규직),Quality Control Analyst,신입,수시채용,,,2026-01-22,https://jasoseol.com/recruit/101949,,2026-09-07 18:20:02
자소설닷컴,현대씨앤알,2026년 1분기 수시 채용,"FM사업관리, 콜센터지원(노무)","경력, 코드5",수시채용,,,2026-01-19,https://jasoseol.com/recruit/101953,,2026-09-07 18:20:02
자소설닷컴,교원그룹,1월 정기 수시채용,"[교원구몬] 플랫폼 백엔드 개발, [교원Wells] 제품 기구 설계, [교원Wells] 신뢰성 검증, [교원Wells] 제품 개발 (회로전장), [교원Wells] 온라인 총괄 판매, [교원Wells] 사업 기획, [","경력, 신입",수시채용,,,2026-01-18,https://jasoseol.com/recruit/101954,,2026-09-07 18:20:03
자소설닷컴,한국정보산업연합회,AI·SW마에스트로 제17기 연수생 모집,AI·SW마에스트로 연수생 (서울센터),교육,수시채용,,,2026-02-11,https://jasoseol.com/recruit/101943,,2026-09-07 18:20:03
자소설닷컴,에이피알,[상품기획] 화장품/뷰티 디바이스 상품기획 채용연계형 인턴사원 모집,화장품/뷰티 디바이스 상품기획,인턴,상시채용,,,2026-03-08,https://jasoseol.com/recruit/101955,,2026-09-07 18:20:03
자소설닷컴,린데코리아,재경기획부문 경영기획부 FP＆A specialist 정규직 채용,경영기획부 FP＆A specialist,경력,수시채용,,,2026-01-22,https://jasoseol.com/recruit/101956,,2026-09-07 18:20:04
자소설닷컴,중앙대학교병원,(서울병원) 영상의학과 방사선사(휴직대체) 모집 (2026.01),영상의학과-방사선사,계약직,수시채용,,,2026-01-15,https://jasoseol.com/recruit/101952,,2026-09-07 18:20:04
자소설닷컴,생명보험협회,2026년도 신입 및 경력직원 모집요강,"일반직, 변호사, 회계사","경력, 신입",수시채용,,,2026-01-23,https://jasoseol.com/recruit/101957,,2026-09-07 18:20:04
자소설닷컴,에이피알,[디자인] 뷰티 VMD 디자이너 채용연계형 인턴사원 모집,[디자인] 뷰티 VMD 디자이너 채용연계형 인턴사원 모집,인턴,상시채용,,,2026-03-06,https://jasoseol.com/recruit/101958,,2026-09-07 18:20:05
자소설닷컴,해성디에스,2026년 신입사원 공개채용,"해외영업, 공정개발, 제품개발, 기술",신입,수시채용,,,2026-01-19,https://jasoseol.com/recruit/101961,,2026-09-07 18:20:05
자소설닷컴,자동차손해배상진흥원,2026년 신입직원 공개 채용 공고,일반 (정규직) - 사원 (6급),신입,수시채용,,,2026-02-04,https://jasoseol.com/recruit/101962,,2026-09-07 18:20:05
자소설닷컴,자동차손해배상진흥원,경력 직원 제한경쟁 채용 공고,"일반(선임) , 전산(선임)",경력,수시채용,,,2026-02-04,https://jasoseol.com/recruit/101963,,2026-09-07 18:20:06
자소설닷컴,중앙대학교병원,(서울병원) 약제팀 약무보조(계약직) 모집 (2026.01),약제팀-약무보조,계약직,수시채용,,,2026-01-15,https://jasoseol.com/recruit/101964,,2026-09-07 18:20:06
자소설닷컴,하나증권,해외주식분석실 경력직 채용,"해외주ETF/해외주식 주니어 애널리스트식분석실,   ETF RA 연구원",계약직,수시채용,,,2026-01-25,https://jasoseol.com/recruit/101966,,2026-09-07 18:20:07
자소설닷컴,중앙대학교병원,(서울병원) 시설팀(기관실) 기능사(계약직) 모집(2026.01-2),시설팀(기관실)-기능사,계약직,수시채용,,,2026-01-15,https://jasoseol.com/recruit/101965,,2026-09-07 18:20:07
자소설닷컴,KBS N,교양제작PD 경력사원 공개채용,교양제작 PD,경력,수시채용,,,2026-01-21,https://jasoseol.com/recruit/101967,,2026-09-07 18:20:07
자소설닷컴,DRB오토모티브,2026년 1분기 신입 및 경력사원 채용,"비히클실링 생산기술, 비히클실링 압출기술, 비히클실링 품질관리","신입, 코드5",수시채용,,,2026-01-25,https://jasoseol.com/recruit/101968,,2026-09-07 18:20:08
자소설닷컴,오즈코딩스쿨,[인턴십 100%] 헬스케어·디자인·게임개발 교육생 모집,"헬스케어, 디자인, 개임개발",교육,수시채용,,,2026-01-30,https://jasoseol.com/recruit/101969,,2026-09-07 18:20:08
자소설닷컴,에이피알,[영업] 올리브영 채널 영업 AMD 채용연계형 인턴사원 모집,[영업] 올리브영 채널 영업 AMD 채용연계형 인턴사원 모집,인턴,수시채용,,,2026-01-20,https://jasoseol.com/recruit/101970,,2026-09-07 18:20:09
자소설닷컴,다쏘시스템코리아,카티아(CATIA) 첨단 모빌리티 스쿨 4기,카티아(CATIA) 첨단 모빌리티 스쿨 4기,교육,수시채용,,,2026-02-18,https://jasoseol.com/recruit/101971,,2026-09-07 18:20:09
자소설닷컴,토스뱅크,Content Marketing Assistant,Content Marketing Assistant,계약직,상시채용,,,2026-01-20,https://jasoseol.com/recruit/101972,,2026-09-07 18:20:09
자소설닷컴,토스뱅크,User Interview Assistant,User Interview Assistant,계약직,상시채용,,,2026-01-20,https://jasoseol.com/recruit/101973,,2026-09-07 18:20:10
자소설닷컴,에이피알,[SCM] 국내물류 B2B 출고운영 채용연계형 인턴사원 모집,국내물류 B2B 출고운영,인턴,상시채용,,,2026-03-03,https://jasoseol.com/recruit/101974,,2026-09-07 18:20:10
자소설닷컴,한국석유공업,[KP그룹]Petroleum사업본부 부산지점 영업직 채용,[KP그룹]한국석유공업 Petroleum사업본부 부산지점 영업직 채용,코드5,수시채용,,,2026-01-15,https://jasoseol.com/recruit/101975,,2026-09-07 18:20:11
자소설닷컴,선진뷰티사이언스,아이레시피 화장품 상품기획 PM / SCRC 임상센터 자외선팀 / 제조 부서 채용,"아이레시피 사업부 PM, 제조 직무, SCRC임상센터 자외선팀","경력, 신입, 코드5",수시채용,,,2026-01-25,https://jasoseol.com/recruit/101976,,2026-09-07 18:20:11
자소설닷컴,한국석유공업,[KP그룹] 케미칼솔루션사업부 LAB BIZ팀 개발자 채용,[KP그룹]KP한석화학 LAB BIZ팀 백앤드 개발자,경력,수시채용,,,2026-01-18,https://jasoseol.com/recruit/101977,,2026-09-07 18:20:11
자소설닷컴,토스페이먼츠,Risk Team Assistant,Risk Assistant,계약직,상시채용,,,2026-02-20,https://jasoseol.com/recruit/101978,,2026-09-07 18:20:12
자소설닷컴,세스코,전문영업 서비스디자이너(전국),전문영업 서비스디자이너 (전국),신입,상시채용,,,2026-03-11,https://jasoseol.com/recruit/101979,,2026-09-07 18:20:13
자소설닷컴,울산알루미늄,Supply Chain 정규직(신입) 채용 - 생산관리,SCM Specialist 정규직,신입,수시채용,,,2026-01-25,https://jasoseol.com/recruit/101982,,2026-09-07 18:20:13
자소설닷컴,파주에너지서비스,2026년 신입구성원(안전관리) 영입,안전보건 관리,신입,수시채용,,,2026-01-26,https://jasoseol.com/recruit/101983,,2026-09-07 18:20:13
자소설닷컴,현대비앤지스틸,대졸신입사원 및 채용형 인턴 채용(회계/경영지원),"회계, 경영지원","신입, 인턴",수시채용,,,2026-01-17,https://jasoseol.com/recruit/101984,,2026-09-07 18:20:13
자소설닷컴,에이피알,[CS] 해외 CS 운영/기획 채용연계형 인턴 및 경력사원 모집,[CS] 해외 CS 운영/기획,"경력, 인턴",상시채용,,,2026-03-10,https://jasoseol.com/recruit/101985,,2026-09-07 18:20:14
자소설닷컴,AK아이에스,2026년 IT신입사원 공개 채용,IT서비스 시스템 운영 및 개발,신입,수시채용,,,2026-01-28,https://jasoseol.com/recruit/101986,,2026-09-07 18:20:14
자소설닷컴,에이피알,[제조] PDRN/PN 품질관리(QC) 채용연계형 인턴사원 모집,PDRN/PN 품질관리(QC),인턴,상시채용,,,2026-02-23,https://jasoseol.com/recruit/101989,,2026-09-07 18:20:15
자소설닷컴,야놀자,Global HR Governance Specialist (C&B),Global HR Governance Specialist (C&B),경력,상시채용,,,2026-01-20,https://jasoseol.com/recruit/101987,,2026-09-07 18:20:16
자소설닷컴,하나증권,목동금융센터 경력직 채용,목동금융센터,계약직,수시채용,,,2026-01-19,https://jasoseol.com/recruit/101990,,2026-09-07 18:20:16
자소설닷컴,미쓰이스미토모해상화재보험,채용연계형 인턴사원 채용,채용연계형 인턴사원,코드6,수시채용,,,2026-01-21,https://jasoseol.com/recruit/101988,,2026-09-07 18:20:17
자소설닷컴,조선비즈,디지털마케팅팀 직원 채용,디지털마케팅,계약직,수시채용,,,2026-01-25,https://jasoseol.com/recruit/101993,,2026-09-07 18:20:17
자소설닷컴,에이피알,[마케팅] 싱가포르 인플루언서 마케팅(PR) 채용연계형 인턴사원 모집,[마케팅] 싱가포르 인플루언서 마케팅(PR) 채용연계형 인턴사원 모집,인턴,수시채용,,,2026-01-25,https://jasoseol.com/recruit/101994,,2026-09-07 18:20:18
자소설닷컴,하나증권,손님케어센터 경력직 채용,손님케어센터,계약직,수시채용,,,2026-02-08,https://jasoseol.com/recruit/101991,,2026-09-07 18:20:18
자소설닷컴,페이히어,[핀테크 스타트업] 인바운드 세일즈 매니저 채용,인바운드 세일즈 스페셜리스트,경력,상시채용,,,2026-02-23,https://jasoseol.com/recruit/101995,,2026-09-07 18:20:18
자소설닷컴,에코마케팅,기획하는 광고 디자이너(안다르) 신입/경력 채용,광고 디자이너,"경력, 신입",수시채용,,,2026-01-25,https://jasoseol.com/recruit/101992,,2026-09-07 18:20:19
자소설닷컴,페이히어,[핀테크 스타트업] 프로덕트 세일즈 스페셜리스트 채용,프로덕트 세일즈 스페셜리스트,계약직,상시채용,,,2026-02-23,https://jasoseol.com/recruit/101996,,2026-09-07 18:20:19
자소설닷컴,현대엘엔지해운,신입/경력 채용,"경영기획팀 선박보험/경영지원 매니저, 선박관리팀 공무감독","경력, 신입",수시채용,,,2026-01-29,https://jasoseol.com/recruit/101997,,2026-09-07 18:20:19
자소설닷컴,경희사이버대학교,기간제 근로자 채용,"부총장실, 한국어문화학부, 관광레저항공경영학과",계약직,수시채용,,,2026-01-20,https://jasoseol.com/recruit/101998,,2026-09-07 18:20:19
자소설닷컴,엔씨에이아이,AI서비스 프론트/백엔드 신입·경력 개발자 모집의 건,"AI서비스 프론트/백엔드 신입 개발자, AI서비스 프론트/백엔드 경력 개발자","경력, 계약직",상시채용,,,2026-03-07,https://jasoseol.com/recruit/101999,,2026-09-07 18:20:20
자소설닷컴,비바리퍼블리카(토스),사내카페 Barista,Barista,계약직,상시채용,,,2026-03-12,https://jasoseol.com/recruit/102000,,2026-09-07 18:20:20
자소설닷컴,쏘카,[계약직] 사업운영 지원 매니저,사업운영 지원 매니저,계약직,상시채용,,,2026-01-26,https://jasoseol.com/recruit/102001,,2026-09-07 18:20:20
자소설닷컴,야놀자,Global Sales Strategy & Operations Senior Analyst,Global Sales Strategy & Operations Senior Analyst,경력,상시채용,,,2026-01-28,https://jasoseol.com/recruit/102002,,2026-09-07 18:20:21
자소설닷컴,현대건설,26년 취업완성 아카데미 교육생 모집,"플랜트전기·계장실무, 안전보건관리, 건설품질관리, 건설공정공사관리, 공조냉동기계산업기사, 스마트시티, Smart Plant",교육,수시채용,,,2026-04-12,https://jasoseol.com/recruit/102003,,2026-09-07 18:20:21
자소설닷컴,NHN Enterprise,인프라 운영 및 엔지니어링(SE),인프라 운영 및 엔지니어링(SE),코드5,상시채용,,,2026-03-10,https://jasoseol.com/recruit/102004,,2026-09-07 18:20:22
자소설닷컴,이노션,테크니컬 라이터 (Junior/Assistant) (계약직),테크니컬 라이터,"계약직, 인턴",수시채용,,,2026-01-25,https://jasoseol.com/recruit/102005,,2026-09-07 18:20:22
자소설닷컴,이노션,Online VOC 분석/운영,Online VOC 분석/운영,계약직,수시채용,,,2026-01-18,https://jasoseol.com/recruit/102006,,2026-09-07 18:20:23
자소설닷컴,NHN Enterprise,IDC 운영자 (광주),IDC 운영자 (광주),신입,상시채용,,,2026-01-16,https://jasoseol.com/recruit/102007,,2026-09-07 18:20:23
자소설닷컴,리멤버앤컴퍼니,자소설닷컴 서비스운영 담당자(계약직),자소설닷컴 서비스운영 담당자,계약직,상시채용,,,2026-02-02,https://jasoseol.com/recruit/102008,,2026-09-07 18:20:23
자소설닷컴,한국전시산업진흥회,해외전시회 개별참가 지원사업 운영 보조 채용,해외전시회 개별참가 지원사업 운영 보조,계약직,수시채용,,,2026-01-21,https://jasoseol.com/recruit/102009,,2026-09-07 18:20:24
자소설닷컴,하마마츠포토닉스코리아,2026년 신입/경력사원 채용,"CS 파트, 영업 2팀, 생산기술파트, SW파트, 개발부(SW파트), QC파트, 구매물류팀 구매/자재파트","경력, 계약직",수시채용,,,2026-01-31,https://jasoseol.com/recruit/102010,,2026-09-07 18:20:24
자소설닷컴,현대스틸파이프,경력사원(일반직) 채용_연구개발,연구개발-자동차부품 개발,경력,수시채용,,,2026-01-25,https://jasoseol.com/recruit/102011,,2026-09-07 18:20:24
자소설닷컴,한국리서치,마케팅조사/UX부문 인턴 연구원 채용,"마케팅조사 연구지원직, UX부문 연구지원직",인턴,수시채용,,,2026-01-20,https://jasoseol.com/recruit/102012,,2026-09-07 18:20:25
자소설닷컴,SK핀크스,상반기 신입·경력 채용,"시설관리, 식음 서비스",코드5,수시채용,,,2026-01-25,https://jasoseol.com/recruit/102013,,2026-09-07 18:20:26
자소설닷컴,페이히어,[핀테크 스타트업] QA Assistant 인턴 인턴 채용,QA Assistant 인턴,인턴,상시채용,,,2026-02-23,https://jasoseol.com/recruit/102014,,2026-09-07 18:20:26
자소설닷컴,로지스올,2026년 01월 경력사원 수시채용,"[로지스올]골판지 영업 및 관리, [로지스올]산업자재 구매 및 관리, [한국파렛트풀]회계, [한국파렛트풀]재무, [한국컨테이너풀]3PL영업 및 물류센터 관리 , [한국로지스풀]3PL 영업관리 , [한국로지스풀]3PL",경력,수시채용,,,2026-01-28,https://jasoseol.com/recruit/102015,,2026-09-07 18:20:26
자소설닷컴,정보통신산업진흥원(NIPA),2026년 1차 위촉직(대체)근로자/공무정규직(미화) 채용 공고,"사업관리/규제혁신, 사업관리/AI활용확산, 사업관리/AI헬스, 사업관리/지역AX거점, 사업관리/글로벌전략, 사업관리/글로벌창업, 사업관리/글로벌협력, 사업관리/ICT사업운영지원, 경영관리/인사, 사무지원/ICT전략,","계약직, 코드5",수시채용,,,2026-01-30,https://jasoseol.com/recruit/102016,,2026-09-07 18:20:26
자소설닷컴,피에스케이,공정평가 및 FAB 운영관리,공정평가지원,계약직,수시채용,,,2026-01-18,https://jasoseol.com/recruit/102017,,2026-09-07 18:20:27
자소설닷컴,DB생명,방카교육팀장(서울) 신입/경력 채용,방카교육팀장,코드5,수시채용,,,2026-01-28,https://jasoseol.com/recruit/102018,,2026-09-07 18:20:27
자소설닷컴,현대종합금속,신입사원 모집,본사 수출영업부(중동),신입,수시채용,,,2026-02-01,https://jasoseol.com/recruit/102019,,2026-09-07 18:20:28
자소설닷컴,에코마케팅,프로덕트 디자이너 경력 채용,광고 디자이너,경력,수시채용,,,2026-01-25,https://jasoseol.com/recruit/102020,,2026-09-07 18:20:28
자소설닷컴,오뚜기,경력사원 채용 - B2B마케팅 담당자,B2B마케팅,경력,수시채용,,,2026-01-18,https://jasoseol.com/recruit/102021,,2026-09-07 18:20:29
자소설닷컴,유라하네스,멕시코법인 업무 통역 채용 (신입/경력),스페인어 통역,코드5,수시채용,,,2026-02-01,https://jasoseol.com/recruit/102022,,2026-09-07 18:20:29
자소설닷컴,하나증권,신기술금융실 경력직 채용,"신기술금융실-민간모펀드, 신기술금융실-신기술금융조합",계약직,수시채용,,,2026-01-25,https://jasoseol.com/recruit/102023,,2026-09-07 18:20:29
자소설닷컴,토스플레이스,Design Assistant,Design Assistant,계약직,상시채용,,,2026-02-04,https://jasoseol.com/recruit/102025,,2026-09-07 18:20:30
자소설닷컴,NHN Dooray,ERP서비스 백엔드 개발,ERP서비스 백엔드 개발,코드5,상시채용,,,2026-03-02,https://jasoseol.com/recruit/102024,,2026-09-07 18:20:31
자소설닷컴,한국원자력안전기술원(KINS),2026년 1차 청년인턴 공개채용,"규제 지원, 경영 지원",인턴,수시채용,,,2026-01-29,https://jasoseol.com/recruit/102027,,2026-09-07 18:20:31
자소설닷컴,토스플레이스,Research Assistant,Research Assistant,계약직,상시채용,,,2026-02-02,https://jasoseol.com/recruit/102026,,2026-09-07 18:20:31
자소설닷컴,서울교통공사(Seoul Metro),2025년 신입사원(채용형 인턴) 공개채용,"[일반전형] 사무, [일반전형] 승무, [일반전형] 차량, [일반전형] 전기, [일반전형] 정보통신, [일반전형] 궤도, [일반전형] 신호, [일반전형] 기계, [일반전형] 전자, [일반전형] 토목, [일반전형] 건",인턴,수시채용,,,2026-01-19,https://jasoseol.com/recruit/102029,,2026-09-07 18:20:32
자소설닷컴,111퍼센트,[QA인턴십] Quality Player 2기 모집,QA,인턴,수시채용,,,2026-01-28,https://jasoseol.com/recruit/102028,,2026-09-07 18:20:32
자소설닷컴,팔도,국내영업/생산/연구/마케팅 신입(인턴) 및 경력사원 공고 채용,"국내영업, 생산관리, 면 연구, 면 연구 , 음료연구 , 마케팅","경력, 신입, 코드6",수시채용,,,2026-01-30,https://jasoseol.com/recruit/102031,,2026-09-07 18:20:33
자소설닷컴,녹십자웰빙,포장(경력),포장(경력),경력,수시채용,,,2026-01-25,https://jasoseol.com/recruit/102032,,2026-09-07 18:20:33
자소설닷컴,브이엘엔코,각 부문별 신입/경력 수시채용,"회계/자금, 기획MD, 영업/영업기획, 온라인 AMD, 니트 디자이너, 우븐 디자이너, VMD (인테리어)","경력, 코드5",수시채용,,,2026-01-25,https://jasoseol.com/recruit/102033,,2026-09-07 18:20:33
자소설닷컴,녹십자웰빙,품질보증(신입),품질보증(신입),신입,수시채용,,,2026-01-25,https://jasoseol.com/recruit/102034,,2026-09-07 18:20:34
자소설닷컴,녹십자웰빙,품질경영 및 보증(신입),품질경영 및 보증,신입,수시채용,,,2026-01-25,https://jasoseol.com/recruit/102035,,2026-09-07 18:20:35
자소설닷컴,녹십자웰빙,생산 IPC담당(신입/경력),생산 IPC담당,코드5,수시채용,,,2026-01-25,https://jasoseol.com/recruit/102037,,2026-09-07 18:20:36
자소설닷컴,녹십자웰빙,이물검사(계약직),이물검사(계약직),계약직,수시채용,,,2026-01-25,https://jasoseol.com/recruit/102036,,2026-09-07 18:20:36
자소설닷컴,마이다스그룹,프론트엔드 개발자 채용(ONSITE),개발-프론트엔드 개발-판교본사,코드5,수시채용,,,2026-01-25,https://jasoseol.com/recruit/102038,,2026-09-07 18:20:36
자소설닷컴,서울특별시 장애인치과병원,의료사회복지사(육아휴직 대체) 채용,의료사회복지사(육아휴직 대체),계약직,수시채용,,,2026-01-31,https://jasoseol.com/recruit/102039,,2026-09-07 18:20:36
자소설닷컴,중앙대학교병원,(서울병원) 원무팀(원무수납) 사무직원(계약직) 모집(2026.01),원무팀(원무수납)-사무,계약직,수시채용,,,2026-01-21,https://jasoseol.com/recruit/102040,,2026-09-07 18:20:37
자소설닷컴,GS네오텍,2026년 상반기 경력.신입사원 채용,"[Cloud] Datadog Engineer, [Cloud] Solutions Architect (Data Engineer), [Cloud] Solutions Architect (GCP), [Cloud] Cloud ","경력, 신입",수시채용,,,2026-01-28,https://jasoseol.com/recruit/102030,,2026-09-07 18:20:37
자소설닷컴,에코마케팅,퍼포먼스 마케터 신입/경력 채용,퍼포먼스 마케터,"경력, 신입",수시채용,,,2026-01-25,https://jasoseol.com/recruit/102041,,2026-09-07 18:20:37
자소설닷컴,손해보험협회,2026년 전문인력(회계사.변호사)채용,"회계사, 변호사",신입,수시채용,,,2026-01-26,https://jasoseol.com/recruit/102042,,2026-09-07 18:20:38
자소설닷컴,엔에스코리아,【일본계】화학제품 영업직 (경력직 및 신입) 채용,영업직(대리～과장급),코드5,수시채용,,,2026-02-15,https://jasoseol.com/recruit/102044,,2026-09-07 18:20:38
자소설닷컴,야놀자,Global HR Specialist,Global HR Specialist,경력,상시채용,,,2026-01-20,https://jasoseol.com/recruit/102045,,2026-09-07 18:20:39
자소설닷컴,이노션,AI 콘텐츠 최적화 (GEO),AI 콘텐츠 최적화 (GEO),계약직,수시채용,,,2026-01-23,https://jasoseol.com/recruit/102046,,2026-09-07 18:20:40
자소설닷컴,한국스마트그리드협회,신입/경력 채용 공고,국가인적자원개발컨소시엄 운영,"계약직, 코드5",수시채용,,,2026-01-25,https://jasoseol.com/recruit/102047,,2026-09-07 18:20:41
자소설닷컴,토스플레이스,Frontend Developer Assistant,Frontend Developer Assistant,계약직,상시채용,,,2026-03-14,https://jasoseol.com/recruit/102049,,2026-09-07 18:20:41
자소설닷컴,케어링,행정 기획 매니저,행정기획,신입,상시채용,,,2026-02-27,https://jasoseol.com/recruit/102043,,2026-09-07 18:20:41
자소설닷컴,한국과학기술한림원,기초과학네트워킹센터 직원 채용,일반행정 (국제협력),계약직,수시채용,,,2026-01-28,https://jasoseol.com/recruit/102050,,2026-09-07 18:20:41
자소설닷컴,스나이퍼팩토리,카카오클라우드로 배우는 AIaaS 마스터 클래스 5기 모집,AI 개발자 양성 과정,교육,수시채용,,,2026-02-22,https://jasoseol.com/recruit/102051,,2026-09-07 18:20:42
자소설닷컴,뱅크웨어글로벌,`26년 상반기 신입사원 공개채용,"프로젝트 투입 개발자, 소프트웨어 연구 / 개발, 디자이너",신입,수시채용,,,2026-02-01,https://jasoseol.com/recruit/102048,,2026-09-07 18:20:42
자소설닷컴,한국조달연구원,2026년 제1차 혁신제품지원센터 공개채용,혁신제품 지정제도 운영 관리 등 정부 위탁 사업 실무,계약직,수시채용,,,2026-01-29,https://jasoseol.com/recruit/102054,,2026-09-07 18:20:43
자소설닷컴,국립농업박물관,2026년 제1차 직원 채용,"일반직 4급 상당 기간제직원 (공간디자인), 일반직 5급 상당 기간제직원 (전시), 기술운영직 (시설관리), 일반운영직 (방호), 일반운영직 (전시운영)","계약직, 코드5",수시채용,,,2026-01-29,https://jasoseol.com/recruit/102053,,2026-09-07 18:20:44
자소설닷컴,GC셀,세포치료제 품질관리 담당자 모집 (신입),품질관리,신입,수시채용,,,2026-01-25,https://jasoseol.com/recruit/102056,,2026-09-07 18:20:45
자소설닷컴,이노션,연말정산 업무보조,연말정산 업무보조,인턴,수시채용,,,2026-01-22,https://jasoseol.com/recruit/102057,,2026-09-07 18:20:45
자소설닷컴,GC셀,물류 운영 담당자 (신입),물류 운영,신입,수시채용,,,2026-02-01,https://jasoseol.com/recruit/102055,,2026-09-07 18:20:45
자소설닷컴,KG ICT,이차전지 실무 아카데미,KG 청년 이차전지 미래기술 아카데미 11기,교육,수시채용,,,2026-02-01,https://jasoseol.com/recruit/102058,,2026-09-07 18:20:45
자소설닷컴,무신사,AI ROOKIE #1  AI Native Engineering Track,MUSINSA ROOKIE AI NATIVE ENGINEER,인턴,수시채용,,,2026-01-25,https://jasoseol.com/recruit/102060,,2026-09-07 18:20:46
자소설닷컴,프리윌린,세일즈팀/풀리팀 신입 (전환형 인턴) 채용,"세일즈팀 ISR(Inside ​Sales ​Representative) ​(전환형 인턴), 풀리팀 B2G Sales Manager (전환형 인턴)",코드6,수시채용,,,2026-02-01,https://jasoseol.com/recruit/102061,,2026-09-07 18:20:47
자소설닷컴,NHN Enterprise,IDC 운영자 (광주),IDC 운영자 (광주),신입,상시채용,,,2026-02-24,https://jasoseol.com/recruit/102062,,2026-09-07 18:20:47
자소설닷컴,NHN Enterprise,IDC 운영자(인재풀),IDC 운영자(인재풀),신입,상시채용,,,2026-03-15,https://jasoseol.com/recruit/102063,,2026-09-07 18:20:47
자소설닷컴,녹십자웰빙,자재물류(신입),자재물류(신입),신입,수시채용,,,2026-01-25,https://jasoseol.com/recruit/102052,,2026-09-07 18:20:48
자소설닷컴,효림그룹,26년 공채 모집공고,"XE_전산팀, XE_영업팀, XE_구매기획팀, XE_품질관리팀, XE_개발품질팀, 이씨스_구매조달팀, HF_영업팀, XE_경영관리팀(팀장), XE_경영관리팀, XE_연구관리팀, XE_사업전략팀, XE_제품기획팀(상품","경력, 신입",수시채용,,,2026-01-21,https://jasoseol.com/recruit/102065,,2026-09-07 18:20:48
자소설닷컴,신원,수출부문 KNIT 해외영업(담당 바이어 미정) 주니어경력 채용,해외영업,경력,수시채용,,,2026-02-02,https://jasoseol.com/recruit/102066,,2026-09-07 18:20:48
자소설닷컴,쎄믹스,반도체 장비 설계 / 수출입 모집,"반도체 장비 HW 기구설계 (판교연구소), 수출입 관리 담당자 (본사), 수출입 매출 담당자 (본사)","경력, 코드5",수시채용,,,2026-01-21,https://jasoseol.com/recruit/102067,,2026-09-07 18:20:49
자소설닷컴,멋쟁이사자처럼,[6주 단기] 현업에서 바로 쓰는 12가지 실무 스킬,"소프트웨어 테스팅, 피그마 UI 실무, UX/UI 디자인, 핀테크 서비스 기획, 초보 PM 현업 가이드, 캐글 데이터 분석, 프론트엔드 실무, 웹 개발 완벽가이드, AI 챗봇 구축, MLOps와 온디바이스 AI, 실",교육,수시채용,,,2026-01-30,https://jasoseol.com/recruit/102059,,2026-09-07 18:20:49
자소설닷컴,한국조선해양플랜트협회,기간제직원 채용공고,인력개발,계약직,수시채용,,,2026-01-30,https://jasoseol.com/recruit/102068,,2026-09-07 18:20:49
자소설닷컴,에코마케팅,마케팅 프로세스 자동화 개발자 (Python) 신입/경력사원 채용,개발자 (Python),"경력, 신입",수시채용,,,2026-01-25,https://jasoseol.com/recruit/102069,,2026-09-07 18:20:49
자소설닷컴,하나생명보험,2026년 신입사원 채용,"영업, 고객서비스, 자산운용",신입,수시채용,,,2026-01-25,https://jasoseol.com/recruit/102070,,2026-09-07 18:20:50
자소설닷컴,보령,Innovation Accelerator Team Analyst,Innovation Accelerator Team Analyst,인턴,상시채용,,,2026-03-16,https://jasoseol.com/recruit/102071,,2026-09-07 18:20:50
자소설닷컴,하나증권,프로젝트금융1실 경력직 채용,프로젝트금융1실,계약직,수시채용,,,2026-01-22,https://jasoseol.com/recruit/102072,,2026-09-07 18:20:51
자소설닷컴,코오롱베니트,2026년 상반기 채용연계형 인턴 모집,"시스템개발(Java), 시스템개발(SAP), 시스템개발(금융), 모바일개발(Back-end), 클라우드엔지니어(On-Premise/Cloud), 회계",인턴,수시채용,,,2026-02-01,https://jasoseol.com/recruit/102073,,2026-09-07 18:20:52
자소설닷컴,GC셀,총무팀(자산 관리 등) 담당자 모집 (경력),자산 관리,경력,수시채용,,,2026-01-22,https://jasoseol.com/recruit/102075,,2026-09-07 18:20:52
자소설닷컴,마이다스그룹,HR 솔루션 영업 담당자 채용,영업 및 마케팅-솔루션 영업,코드5,수시채용,,,2026-01-25,https://jasoseol.com/recruit/102076,,2026-09-07 18:20:52
자소설닷컴,과학치안진흥센터,2026년도 제1차 직원 공개 채용,국가연구개발사업 기획 및 사업관리,경력,수시채용,,,2026-02-02,https://jasoseol.com/recruit/102077,,2026-09-07 18:20:53
자소설닷컴,한국문학번역원,2026년도 공개채용,"일반행정, 정보기술, 문화예술행정, 사서, 문화예술행정(육아휴직 대체)","계약직, 인턴",수시채용,,,2026-02-02,https://jasoseol.com/recruit/102078,,2026-09-07 18:20:53
자소설닷컴,에코마케팅,글로벌(일본) 퍼포먼스 마케터 채용,마케터,인턴,수시채용,,,2026-01-25,https://jasoseol.com/recruit/102079,,2026-09-07 18:20:53
자소설닷컴,인천국제공항공사,2026년 체험형 인턴 채용,"사무, 기술 , 장애(사무), 장애(기술)",인턴,수시채용,,,2026-02-02,https://jasoseol.com/recruit/102081,,2026-09-07 18:20:54
자소설닷컴,필로메디,마케터 채용,"콘텐츠마케터, 퍼포먼스마케터",코드5,수시채용,,,2026-02-01,https://jasoseol.com/recruit/102074,,2026-09-07 18:20:54
자소설닷컴,공공기관 채용정보박람회,2026 공공기관 채용정보박람회,2026 공공기관 채용정보박람회,코드5,수시채용,,,2026-01-29,https://jasoseol.com/recruit/102080,,2026-09-07 18:20:54
자소설닷컴,한국ESG기준원,연구원 채용 공고,ESG 및 스튜어드십 코드,계약직,수시채용,,,2026-02-03,https://jasoseol.com/recruit/102082,,2026-09-07 18:20:55
자소설닷컴,저축은행중앙회,2026년도 신입직원 채용,"일반직군, 전산직군",신입,수시채용,,,2026-02-20,https://jasoseol.com/recruit/102084,,2026-09-07 18:20:55
자소설닷컴,한국기계전기전자시험연구원(KTC),2026년 경력 직원 채용공고,화학 환경 (A01) ,경력,수시채용,,,2026-02-03,https://jasoseol.com/recruit/102083,,2026-09-07 18:20:56
자소설닷컴,한국국제문화교류진흥원,2026년 제1차 직원 채용,"경영 기획 - 인사·교육 (4급 대리), 사업 기획·운영 - 국제문화교류 사업 기획·운영A (4급 대리), 사업 기획·운영 - 국제문화교류 사업 기획·운영B (4급 대리), 경영 기획 - 전략기획 (5급 사원), 경","경력, 계약직, 신입",수시채용,,,2026-02-03,https://jasoseol.com/recruit/102085,,2026-09-07 18:20:56
자소설닷컴,한국투자증권,FY2026 영업점 체험형 인턴 공채,영업점 업무 지원,인턴,수시채용,,,2026-01-28,https://jasoseol.com/recruit/102086,,2026-09-07 18:20:56
자소설닷컴,기술보증기금(KIBO),"장애인 청년인턴 (체험형), 전문체육선수 채용공고","본점, 서울동부지역본부, 인천지역본부, 경기지역본부, 충청지역본부, 호남지역본부, 본점(인사부)","계약직, 인턴",수시채용,,,2026-02-03,https://jasoseol.com/recruit/102087,,2026-09-07 18:20:57
자소설닷컴,NHN Cloud,웹 프론트엔드 개발,웹 프론트엔드 개발,경력,상시채용,,,2026-03-18,https://jasoseol.com/recruit/102088,,2026-09-07 18:20:57
자소설닷컴,중앙대학교병원,(서울병원) 건진센터(증진) 간호사(파트타임) 모집 (2026.01),건진센터(증진)-간호사,계약직,수시채용,,,2026-01-25,https://jasoseol.com/recruit/102089,,2026-09-07 18:20:58
자소설닷컴,하나증권,롯데월드타워WM센터 경력직 채용,롯데월드타워WM센터,계약직,수시채용,,,2026-01-25,https://jasoseol.com/recruit/102090,,2026-09-07 18:20:58
자소설닷컴,하나증권,재무회계실 경력직 채용,재무회계실,계약직,수시채용,,,2026-01-25,https://jasoseol.com/recruit/102091,,2026-09-07 18:20:58
자소설닷컴,한국알콜그룹,2026년 1월 채용,"[ENF]경영기획, [ENF]사업지원, [ENF]연구개발(Color Paste/CNT), [ENF]연구개발(반도체재료), [ENF]개발지원(반도체재료), [ENF]생산보조, [ENF]출하보조, [ENF]생산운전, [","경력, 계약직, 신입",수시채용,,,2026-02-02,https://jasoseol.com/recruit/102092,,2026-09-07 18:20:59
자소설닷컴,하나증권,랩운용실 경력직 채용,랩운용실,계약직,수시채용,,,2026-01-30,https://jasoseol.com/recruit/102093,,2026-09-07 18:20:59
자소설닷컴,하나증권,리스크기획실 경력직 채용,리스크기획실,계약직,수시채용,,,2026-02-01,https://jasoseol.com/recruit/102094,,2026-09-07 18:20:59
자소설닷컴,NHN Enterprise,클라우드 기술지원,클라우드 기술지원,경력,상시채용,,,2026-02-20,https://jasoseol.com/recruit/102095,,2026-09-07 18:21:00
자소설닷컴,가톨릭대학교 의정부성모병원,행정부 사무직 공개채용,행정부 사무직,계약직,수시채용,,,2026-01-25,https://jasoseol.com/recruit/102096,,2026-09-07 18:21:00
자소설닷컴,MG캐피탈,2026년 상반기 채용연계형 인턴 및 경력직 채용,"산업금융, 리테일금융1, 리테일금융2, 오토금융, 기업금융, 경영지원, 전략, 여신심사, 여신지원, 기획 및 개발, 회계, 총무, 급여","경력, 계약직, 인턴",수시채용,,,2026-01-25,https://jasoseol.com/recruit/102097,,2026-09-07 18:21:01
자소설닷컴,마이다스그룹,글로벌 콘텐츠 및 이벤트 담당자 채용,영업 및 마케팅-글로벌 마케팅-판교본사,코드5,수시채용,,,2026-02-01,https://jasoseol.com/recruit/102098,,2026-09-07 18:21:01
자소설닷컴,토스페이먼츠,IT Admin,IT Admin,계약직,상시채용,,,2026-03-16,https://jasoseol.com/recruit/102100,,2026-09-07 18:21:02
자소설닷컴,하나증권,강남금융센터 경력직 채용,강남금융센터,계약직,수시채용,,,2026-01-21,https://jasoseol.com/recruit/102101,,2026-09-07 18:21:02
자소설닷컴,중앙대학교병원,(광명병원) 안전보건관리팀 안전관리자 (계약직) 모집 (2026.01),행정-안전보건관리팀,계약직,수시채용,,,2026-01-25,https://jasoseol.com/recruit/102099,,2026-09-07 18:21:03
자소설닷컴,토스플레이스,Business Operations Assistant (정산),Business Operations Assistant (정산),계약직,상시채용,,,2026-02-03,https://jasoseol.com/recruit/102102,,2026-09-07 18:21:03
자소설닷컴,KIS정보통신,서비스 기획(경력),서비스 기획,경력,수시채용,,,2026-01-29,https://jasoseol.com/recruit/102104,,2026-09-07 18:21:03
자소설닷컴,보스반도체,전문연구요원(병역특례) 채용,"SoC RTL Design, SoC Design Verification, AI SW, Embedded SW",코드5,수시채용,,,2026-02-08,https://jasoseol.com/recruit/102103,,2026-09-07 18:21:04
자소설닷컴,KT,2026년도 가을학기 AI석사과정 신입생 모집,"코어 AI 연구개발, 응용/서비스 AI 연구개발",신입,수시채용,,,2026-02-12,https://jasoseol.com/recruit/102105,,2026-09-07 18:21:04
자소설닷컴,엔코아,SK네트웍스 FAMILY AI 캠프 27기,SK네트웍스 FAMILY AI 캠프 27기 교육생 모집,교육,수시채용,,,2026-02-03,https://jasoseol.com/recruit/102106,,2026-09-07 18:21:04
자소설닷컴,깨끗한나라,HL사업부 깨나1팀 인턴십 실시 (컨텐츠 디자이너 부문),컨텐츠 디자이너,인턴,수시채용,,,2026-02-02,https://jasoseol.com/recruit/102107,,2026-09-07 18:21:05
자소설닷컴,용마로지스,"2026년 1월, 각 부문별 신입 및 경력 채용","인사, 경영기획, 국제영업, 서인천DC, 보세창고, QA, TPL(남안성), TPL(용인), Renal배송, 특수배송, 강릉DC, 창원DC, CIS(대전)","경력, 신입, 코드5",수시채용,,,2026-02-01,https://jasoseol.com/recruit/102108,,2026-09-07 18:21:05
자소설닷컴,야놀자,GHR Total Rewards & Performance Manager,GHR Total Rewards & Performance Manager,경력,상시채용,,,2026-03-13,https://jasoseol.com/recruit/102111,,2026-09-07 18:21:06
자소설닷컴,라쿠텐심포니코리아,Junior Business Development (정규직/계약직) 채용,"Junior Business Development (정규직), Junior Business Development (1Y Contract)","계약직, 코드5",상시채용,,,2026-02-08,https://jasoseol.com/recruit/102110,,2026-09-07 18:21:06
자소설닷컴,야놀자,Global HR Policy & Governance Manager,Global HR Policy & Governance Manager,경력,상시채용,,,2026-01-30,https://jasoseol.com/recruit/102112,,2026-09-07 18:21:07
자소설닷컴,자화전자,2026년 1차 신입/경력 수시채용,"모바일카메라 기구설계(청주), 모바일카메라 기구설계(동탄), 공정개발, FACA 엔지니어(청주), 제품기술, 설비자동화, 미주향 품질CS, 채용·조직문화, 인사제도 운영, 급여·보상, 인사·노무관리, Actuator","경력, 코드5",수시채용,,,2026-01-27,https://jasoseol.com/recruit/102109,,2026-09-07 18:21:07
자소설닷컴,중앙대학교병원,(서울병원) 시설팀(기관실) 기능사(계약직) 모집(2026.01-3),시설팀(기관실)-기능사,계약직,수시채용,,,2026-01-26,https://jasoseol.com/recruit/102113,,2026-09-07 18:21:07
자소설닷컴,하나증권,투자금융4실 경력직 채용,투자금융4실,계약직,수시채용,,,2026-02-01,https://jasoseol.com/recruit/102114,,2026-09-07 18:21:07
자소설닷컴,토스뱅크,Brand Design Assistant,Brand Design Assistant,계약직,상시채용,,,2026-01-31,https://jasoseol.com/recruit/102116,,2026-09-07 18:21:08
자소설닷컴,경신,2026년 계약직 사원 채용,"생산-물류지원-화성공장, 연구-친환경부품설계-본사/연구소, 연구-설계분석-본사/연구소",계약직,수시채용,,,2026-01-27,https://jasoseol.com/recruit/102117,,2026-09-07 18:21:09
자소설닷컴,한국원자력협력재단,2026년 상반기 공개채용,글로벌 인력양상 프로그램 기획 및 운영,신입,수시채용,,,2026-02-12,https://jasoseol.com/recruit/102118,,2026-09-07 18:21:09
자소설닷컴,한국천문연구원,2026년 제1차 실무직-사무실무원(무기계약직) 채용 - 비서/업무지원,비서/업무지원,계약직,수시채용,,,2026-02-03,https://jasoseol.com/recruit/102119,,2026-09-07 18:21:09
자소설닷컴,신용보증기금(KODIT),2026년도 상반기 체험형 청년인턴 채용,"체험형 청년인턴1 (보증), 체험형 청년인턴2 (보험)",인턴,수시채용,,,2026-02-03,https://jasoseol.com/recruit/102115,,2026-09-07 18:21:10
자소설닷컴,연합인포맥스,AI 기반 영상콘텐츠 제작 인턴사원 모집,영상콘텐츠 제작 인턴사원,인턴,수시채용,,,2026-01-21,https://jasoseol.com/recruit/102120,,2026-09-07 18:21:10
자소설닷컴,넥센타이어,"1월 신입/경력 수시채용(물류관리, 정보보호)","물류관리, 정보보호","경력, 신입",수시채용,,,2026-02-03,https://jasoseol.com/recruit/102121,,2026-09-07 18:21:10
자소설닷컴,가온칩스,영업그룹 수출입 통관 및 물류 관리 경력사원 수시 채용,수출입 통관 및 물류,경력,수시채용,,,2026-01-31,https://jasoseol.com/recruit/102122,,2026-09-07 18:21:11
자소설닷컴,한국장애인개발원,2026년 제1차 직원 정기채용,"[일반경쟁]정책지원_일반직 5급, [일반경쟁]정책지원_일반직 6급, [일반경쟁]기획예산_일반직 6급, [일반경쟁]정책연구_연구직 6급, [일반경쟁]지역사회 통합지원_일반직 6급, [일반경쟁]UD환경 정책지원_일반직 ","경력, 코드5",수시채용,,,2026-02-03,https://jasoseol.com/recruit/102123,,2026-09-07 18:21:11
자소설닷컴,지에스이,26년 도시가스 안전기술직 신규채용,안전기술,신입,수시채용,,,2026-02-06,https://jasoseol.com/recruit/102124,,2026-09-07 18:21:11
자소설닷컴,행복나래,각 부문별 신입/경력사원 채용,"구매영업, 통합구매, 반도체 구매, SE 상품유통, 건설영업, RPA 개발 및 운영, 액셀러레이팅","경력, 신입",수시채용,,,2026-01-27,https://jasoseol.com/recruit/102126,,2026-09-07 18:21:12
자소설닷컴,토스페이먼츠,General Affairs Specialist,총무,계약직,상시채용,,,2026-02-25,https://jasoseol.com/recruit/102127,,2026-09-07 18:21:13
자소설닷컴,선진뷰티사이언스,선진임상연구센터 화장품 피부 임상 채용 (SCRC),CSRC(임상센터),신입,수시채용,,,2026-02-01,https://jasoseol.com/recruit/102125,,2026-09-07 18:21:13
자소설닷컴,웅진,2026상반기인턴채용공고_웹개발직무_CIT_Lab팀,Java Backend Web 개발,인턴,수시채용,,,2026-02-01,https://jasoseol.com/recruit/102129,,2026-09-07 18:21:14
자소설닷컴,웅진,2026상반기인턴채용공고_Mobile APP 개발자,Mobile APP 개발자,인턴,수시채용,,,2026-02-01,https://jasoseol.com/recruit/102130,,2026-09-07 18:21:14
자소설닷컴,웅진,2026상반기인턴채용공고_MS Azure Cloud SA,MS Azure Cloud SA,인턴,수시채용,,,2026-02-01,https://jasoseol.com/recruit/102131,,2026-09-07 18:21:14
자소설닷컴,인바디,2026 상반기 GBD CORE 채용,"[Leader Track]GBD(회계), [Leader Track]임상, [Expert Track]AI Agent Innovator, [Expert Track]전자개발, [Expert Track]기계설계, [Expe",신입,수시채용,,,2026-02-01,https://jasoseol.com/recruit/102132,,2026-09-07 18:21:15
자소설닷컴,토스페이먼츠,General Affairs Assistant,GA,계약직,상시채용,,,2026-02-20,https://jasoseol.com/recruit/102128,,2026-09-07 18:21:15
자소설닷컴,한국항공우주산업,연구개발/운영 분야 경력사원(계약) 채용,"무장통합, 센서통합/시험, 무인기 시험평가, 훈련장비 군수지원요소개발, 고객지원",계약직,수시채용,,,2026-01-29,https://jasoseol.com/recruit/102133,,2026-09-07 18:21:16
자소설닷컴,하나증권,투자상품실 경력직 채용,투자상품실-금융상품개발 및 관리,계약직,수시채용,,,2026-02-01,https://jasoseol.com/recruit/102136,,2026-09-07 18:21:16
자소설닷컴,중앙대학교병원,(광명병원) 간호본부 외래간호팀 간호사 (계약직) 모집 (2026.01-1),간호사-간호본부(외래간호팀),계약직,수시채용,,,2026-01-26,https://jasoseol.com/recruit/102135,,2026-09-07 18:21:17
자소설닷컴,하나증권,프로젝트금융2실 경력직 채용,프로젝트금융2실,계약직,수시채용,,,2026-02-01,https://jasoseol.com/recruit/102138,,2026-09-07 18:21:17
자소설닷컴,한국항공우주산업,저피탐 해석 분야 경력사원 채용,저피탐 해석,경력,수시채용,,,2026-01-29,https://jasoseol.com/recruit/102134,,2026-09-07 18:21:17
자소설닷컴,NHN comico Korea,웹툰PD,웹툰PD,코드5,상시채용,,,2026-03-19,https://jasoseol.com/recruit/102139,,2026-09-07 18:21:18
자소설닷컴,LX MMA,2026년 상반기 신입/경력사원 수시채용,"환경안전, 공무(정비), 인사, 기획, SCM, 고분자중합/제품개발, 고분자가공/제품개발","경력, 인턴, 코드5",수시채용,,,2026-01-31,https://jasoseol.com/recruit/102137,,2026-09-07 18:21:18
자소설닷컴,한국리서치,UX부문 일본 UX리서치 담당 인턴 연구원 채용,UX리서치 연구지원직,인턴,수시채용,,,2026-01-28,https://jasoseol.com/recruit/102141,,2026-09-07 18:21:18
자소설닷컴,마이다스그룹,HRM 담당자 채용(인사 경영·기획),경영기획분야-HRM-판교본사,경력,수시채용,,,2026-02-01,https://jasoseol.com/recruit/102140,,2026-09-07 18:21:19
자소설닷컴,렉스몬드,상품개발팀 AMD 신입 채용 (MD 성장형 포지션),상품개발팀 MD지원파트 AMD,신입,수시채용,,,2026-02-01,https://jasoseol.com/recruit/102142,,2026-09-07 18:21:19
자소설닷컴,SK바이오사이언스,26년 1분기 신입/경력사원 수시채용,"연구, 관리회계/경영분석, 환경관리, 원가회계, 물류, 생산, 전기","경력, 코드5",수시채용,,,2026-02-01,https://jasoseol.com/recruit/102143,,2026-09-07 18:21:19
자소설닷컴,드림라인,커머스영업 신입사원 모집,커머스영업,신입,수시채용,,,2026-02-04,https://jasoseol.com/recruit/102144,,2026-09-07 18:21:20
자소설닷컴,중앙대학교병원,(서울병원) 원무팀 응급당직(계약직) 모집(2026.01),원무팀-행정(응급당직),계약직,수시채용,,,2026-01-26,https://jasoseol.com/recruit/102145,,2026-09-07 18:21:20
자소설닷컴,중앙대학교병원,(서울병원) 시설팀(전기실) 전기기능사(계약직) 모집 (2026.01),시설팀(전기실)-전기기능사,계약직,수시채용,,,2026-01-26,https://jasoseol.com/recruit/102146,,2026-09-07 18:21:20
자소설닷컴,성균관대학교,홍보팀 촉탁직원 채용,성균관대 홍보팀 촉탁직원,계약직,수시채용,,,2026-01-27,https://jasoseol.com/recruit/102147,,2026-09-07 18:21:21
자소설닷컴,야놀자,Corporate Legal Counsel,Corporate Legal Counsel,경력,상시채용,,,2026-03-05,https://jasoseol.com/recruit/102148,,2026-09-07 18:21:21
자소설닷컴,동아일보사,2026년 상반기 사원 모집,"디지털 매거진 콘텐츠 제작, 콘텐츠 아카이빙, 뉴스 그래픽 디자인, 안전 관리 총무",계약직,수시채용,,,2026-02-02,https://jasoseol.com/recruit/102149,,2026-09-07 18:21:22
자소설닷컴,한국교육학술정보원(KERIS),"2026년 제1차 직원 [무기계약직, 계약직 및 청년인턴] 채용공고","미화직, 시설직(전기), 미화직(장애), 국제협력(휴직 대체), 경영.행정(휴직 대체), 교육서비스(휴직 대체), 경영.행정, 교육서비스A, 교육서비스B, 교육서비스C, 교육시스템A, 교육시스템B, 교육시스템C, 교","계약직, 인턴",수시채용,,,2026-02-04,https://jasoseol.com/recruit/102150,,2026-09-07 18:21:23
자소설닷컴,교원그룹,통합고객센터 운영 매니저 채용,인바운드 통합고객센터 운영,경력,수시채용,,,2026-02-04,https://jasoseol.com/recruit/102152,,2026-09-07 18:21:23
자소설닷컴,야놀자,[Yanolja NEXT] Software Engineer,[Yanolja NEXT] Software Engineer,경력,상시채용,,,2026-01-26,https://jasoseol.com/recruit/102153,,2026-09-07 18:21:23
자소설닷컴,이노션,데이터 분석 운영(GA4 Specialist),데이터 분석 운영(GA4 Specialist),계약직,수시채용,,,2026-02-08,https://jasoseol.com/recruit/102151,,2026-09-07 18:21:23
자소설닷컴,야놀자,[Yanolja NEXT] Software Engineer - IAB (Service & Product),[Yanolja NEXT] Software Engineer - IAB (Service & Product),경력,상시채용,,,2026-01-26,https://jasoseol.com/recruit/102154,,2026-09-07 18:21:24
자소설닷컴,야놀자,[Yanolja NEXT] Product Manager,Product Manager,경력,상시채용,,,2026-02-11,https://jasoseol.com/recruit/102157,,2026-09-07 18:21:25
자소설닷컴,야놀자,[Yanolja NEXT] Software Engineer - Price Intelligence,[Yanolja NEXT] Software Engineer - Price Intelligence,경력,상시채용,,,2026-01-26,https://jasoseol.com/recruit/102156,,2026-09-07 18:21:25
자소설닷컴,삼성전자로지텍,'26년 경력직 채용 공고,"시스템 엔지니어, 물류자동화PM",경력,수시채용,,,2026-01-26,https://jasoseol.com/recruit/102159,,2026-09-07 18:21:26
자소설닷컴,야놀자,[Yanolja NEXT] Data Engineer,[Yanolja NEXT] Data Engineer,경력,상시채용,,,2026-01-26,https://jasoseol.com/recruit/102158,,2026-09-07 18:21:26
자소설닷컴,토스페이먼츠,Sales Assistant,영업지원,계약직,상시채용,,,2026-02-06,https://jasoseol.com/recruit/102160,,2026-09-07 18:21:26
자소설닷컴,야놀자,[Yanolja NEXT] Lead Software Engineer - IAB,Lead Software Engineer - IAB,경력,상시채용,,,2026-01-26,https://jasoseol.com/recruit/102155,,2026-09-07 18:21:26
자소설닷컴,현대종합금속,신입사원 모집,본사 물류출하팀,신입,수시채용,,,2026-02-01,https://jasoseol.com/recruit/102161,,2026-09-07 18:21:26
자소설닷컴,현대리바트,2026년 상반기 신입/경력 공개채용,"영업관리, 제품개발(가구), 가구 생산관리(생산, 품질), 유니폼 생산관리, 물류, MES운영, 퍼블리셔, CS기획, 전략기획, 구매, 인사/교육, 재경, 인테리어 설계(B2B), CX디자인, 생산기술(의자 엔지니어","경력, 계약직, 코드5, 코드6",수시채용,,,2026-01-28,https://jasoseol.com/recruit/102162,,2026-09-07 18:21:27
자소설닷컴,온라인팜,[한미약품 관계사] 2026년 1월 수시 채용 (쇼핑몰 운영 외),"영업지원, 쇼핑몰(HMP몰)운영, JVM엔지니어","경력, 코드5",수시채용,,,2026-01-29,https://jasoseol.com/recruit/102163,,2026-09-07 18:21:27
자소설닷컴,중앙대학교병원,(서울병원) 건진센터(증진) 간호사(계약직) 모집 (2026.01),건진센터(증진)-간호사,계약직,수시채용,,,2026-01-27,https://jasoseol.com/recruit/102165,,2026-09-07 18:21:28
자소설닷컴,에이치시티,26년 1월 분야별 수시채용,"시험인증 엔지니어, 계측기 교정 엔지니어, 영업 및 영업관리, 재무회계, 구매총무, 품질시스템 관리, 하드웨어 설계 및 제작, 환경계측장비 공인교정, 전산시스템 운영 및 네트워크 관리, 글로벌 시험인증 실무","경력, 신입, 코드5",수시채용,,,2026-01-28,https://jasoseol.com/recruit/102166,,2026-09-07 18:21:28
자소설닷컴,케이워터운영관리,신규인력 채용 공고,"안전/보건, 사무행정, 학예/행정, CS/교육, 비서/사무, 시설관리, 문화안내","경력, 신입",수시채용,,,2026-02-03,https://jasoseol.com/recruit/102164,,2026-09-07 18:21:29
자소설닷컴,AIA생명,2026년 인턴 채용,"DX (데이터 분석·AI·리서치), 계리, 구매, 마케팅/커뮤니케이션, 보험 서비스 운영 지원, 영업 지원, 인사, 재무",인턴,수시채용,,,2026-02-01,https://jasoseol.com/recruit/102167,,2026-09-07 18:21:29
자소설닷컴,LS MnM,판교 기술연구소 연구보조 단기계약직 채용,연구 보조원,계약직,수시채용,,,2026-01-29,https://jasoseol.com/recruit/102168,,2026-09-07 18:21:30
자소설닷컴,후루노코리아,[외국계] 항해통신장비 서비스 엔지니어 채용,[외국계] 항해통신장비 서비스 엔지니어,코드5,수시채용,,,2026-02-01,https://jasoseol.com/recruit/102170,,2026-09-07 18:21:30
자소설닷컴,세스코,노무관리/ER(신입),노무관리/ER,코드5,수시채용,,,2026-02-05,https://jasoseol.com/recruit/102169,,2026-09-07 18:21:30
자소설닷컴,에이피알,[품질] 제품품질 및 입고검사 계약직원 모집(평택 물류센터 근무),제품품질 및 입고검사,계약직,상시채용,,,2026-03-21,https://jasoseol.com/recruit/102171,,2026-09-07 18:21:30
자소설닷컴,신원,수출부문 Fabric R&D 담당자 신입/주니어경력 채용,Fabric R&D,코드5,수시채용,,,2026-02-08,https://jasoseol.com/recruit/102172,,2026-09-07 18:21:31
자소설닷컴,코레일유통,2026년 신입 및 경력사원 채용공고,"정규직 일반직_경영일반, 정규직 일반직_건축, 정규직 일반직_IT개발, 정규직 기능직_자판기관리","경력, 신입",수시채용,,,2026-02-05,https://jasoseol.com/recruit/102175,,2026-09-07 18:21:32
자소설닷컴,한국삼공,안동지점 영업직 신입/경력 수시 채용,영업직,코드5,수시채용,,,2026-02-06,https://jasoseol.com/recruit/102177,,2026-09-07 18:21:32
자소설닷컴,다우기술,신입사원 대규모 인재영입,"금융/증권 IT 개발, 모바일쿠폰 영업",신입,수시채용,,,2026-02-02,https://jasoseol.com/recruit/102176,,2026-09-07 18:21:32
자소설닷컴,중앙대학교병원,(광명병원) 간호본부 신경과 전담간호사 (휴직대체) 모집 (2026.01),간호사-간호본부(진료지원간호팀)-신경과 전담간호사,계약직,수시채용,,,2026-01-28,https://jasoseol.com/recruit/102178,,2026-09-07 18:21:33
자소설닷컴,포스코,경력사원 채용(재무),"회계, 세무",경력,수시채용,,,2026-02-08,https://jasoseol.com/recruit/102174,,2026-09-07 18:21:33
자소설닷컴,중앙대학교병원,(서울병원) 물류관리팀(물류공급파트) 사무직(계약직) 모집 (2026.01-2),물류관리팀(물류공급파트)-사무,계약직,수시채용,,,2026-01-28,https://jasoseol.com/recruit/102179,,2026-09-07 18:21:34
자소설닷컴,평택시국제교류재단,2026년 제1회 직원채용 정규직(일반직 행정 6급) 채용 공고,일반직(행정)6급,신입,수시채용,,,2026-02-03,https://jasoseol.com/recruit/102180,,2026-09-07 18:21:34
자소설닷컴,아이디스,2026년 1분기 집중 채용 (신입/경력),"SW개발, HW개발, 선행개발, 기구개발, 홀딩스IT-Web개발(Back-end), 홀딩스IT-Web개발(Front-end), 홀딩스IT-SAP개발, 국내사업-기술지원, 해외사업-해외기술지원, 생산-자재관리","경력, 신입, 코드5",수시채용,,,2026-02-02,https://jasoseol.com/recruit/102181,,2026-09-07 18:21:34
자소설닷컴,한성기업,부문별 신입 및 경력직 공개채용,"대리점영업, 유통영업, 해외영업, 구매실, SCM, 관리팀(포항)","경력, 신입",수시채용,,,2026-02-01,https://jasoseol.com/recruit/102182,,2026-09-07 18:21:34
자소설닷컴,다우데이타,2026년 1분기 채용,"SW 기술 영업, PG WEB 개발, 리스크관리 팀장, VAN 법인영업, Ansys 전자기장 해석 엔지니어, Apple 기술지원 엔지니어","경력, 신입",수시채용,,,2026-02-08,https://jasoseol.com/recruit/102183,,2026-09-07 18:21:35
자소설닷컴,페이히어,[핀테크 스타트업] 인바운드 세일즈 스페셜리스트 인턴 채용,인바운드 세일즈 스페셜리스트,인턴,상시채용,,,2026-02-23,https://jasoseol.com/recruit/102184,,2026-09-07 18:21:35
자소설닷컴,중앙대학교병원,(광명병원) 호흡기알레르기내과 결핵전담간호사 모집(2026.01),간호사-호흡기알레르기내과-결핵전담간호사,계약직,수시채용,,,2026-01-28,https://jasoseol.com/recruit/102185,,2026-09-07 18:21:36
자소설닷컴,디와이,수시채용 신입·경력 사원 모집,"[DY]공시, [DY]IR 및 지배구조, [DY INNOVATE]특장 해외 CS, [DY INNOVATE]EV 해외 (일본) CS, [DY INNOVATE]EV 자율주행 설계, [DY INNOVATE]세차기 제어 설","경력, 신입, 코드5",수시채용,,,2026-02-02,https://jasoseol.com/recruit/102186,,2026-09-07 18:21:36
자소설닷컴,토스페이먼츠,Merchant Onboarding Specialist (PG 계약/심사),PG,계약직,상시채용,,,2026-03-21,https://jasoseol.com/recruit/102187,,2026-09-07 18:21:37
자소설닷컴,사조대림,2026년 상반기 신입/경력 채용,"경영관리팀, 구매팀, 해외영업팀, 영업본부 (대리점 영업), 영업본부 (유통사업부), 영업본부 (실수요사업부), 영업본부 (온라인사업부), 식품종합연구소 (제품개발), 마케팅팀, 인천공장 기술안전팀, 안산공장 생산팀","계약직, 코드5",수시채용,,,2026-02-02,https://jasoseol.com/recruit/102188,,2026-09-07 18:21:37
자소설닷컴,마이다스그룹,해외 사업 담당자 채용(마이다스아이티 SW솔루션),해외사업-해외영업-판교본사,코드5,수시채용,,,2026-02-01,https://jasoseol.com/recruit/102189,,2026-09-07 18:21:37
자소설닷컴,하나증권,글로벌투자분석실 경력직 채용,글로벌투자분석실,계약직,수시채용,,,2026-02-01,https://jasoseol.com/recruit/102191,,2026-09-07 18:21:38
자소설닷컴,하나증권,정보보호실(개인정보보호) 경력직 채용,정보보호실-개인정보보호,계약직,수시채용,,,2026-02-09,https://jasoseol.com/recruit/102192,,2026-09-07 18:21:39
자소설닷컴,한국평가데이터,"2026년 정규직 채용(재무/회계 데이터 관리, 기업 신용 위험관리 컨설팅)","재무/회계 데이터 관리, 기업 신용 위험관리 컨설팅","경력, 코드6",수시채용,,,2026-02-01,https://jasoseol.com/recruit/102193,,2026-09-07 18:21:39
자소설닷컴,하나증권,랩운용실(주식랩) 경력직 채용,랩운용실,계약직,수시채용,,,2026-01-30,https://jasoseol.com/recruit/102190,,2026-09-07 18:21:39
자소설닷컴,과천도시공사,2026년 상반기 과천도시공사 일반직 직원 채용 공고,"일반행정(행정7급), 전산(기술7급-정보화), 전산(기술7급-주차), 볼링(체육7급)","경력, 신입, 코드5",수시채용,,,2026-02-02,https://jasoseol.com/recruit/102194,,2026-09-07 18:21:40
자소설닷컴,현대케피코,2026년 상반기 신입채용(채용연계형 인턴),"생산기술(생산시스템개발), SCM(생산관리), 선행품질(전력변환제품), 영업(기술영업), 구매(반도체구매), 재경(제품원가)",인턴,수시채용,,,2026-02-01,https://jasoseol.com/recruit/102196,,2026-09-07 18:21:40
자소설닷컴,중앙대학교병원,(광명병원) 보험심사팀 행정직(간호사) (정규직) 모집 (2026.01),행정-보험심사팀,코드5,수시채용,,,2026-01-29,https://jasoseol.com/recruit/102197,,2026-09-07 18:21:40
자소설닷컴,나노종합기술원,반도체 첨단패키징 전문 교육 1기 교육생 모집,반도체 첨단패키징 전문 교육,교육,수시채용,,,2026-02-09,https://jasoseol.com/recruit/102198,,2026-09-07 18:21:40
자소설닷컴,중앙대학교병원,(광명병원) 기획팀 행정직 (계약직) 모집 (2026.01),행정-기획팀,계약직,수시채용,,,2026-01-29,https://jasoseol.com/recruit/102199,,2026-09-07 18:21:41
자소설닷컴,에이피알,[마케팅] 메디큐브 미국 틱톡샵 어필리에이트 마케팅 채용연계형 인턴사원 모집,메디큐브 미국 틱톡샵 어필리에이트 마케팅,인턴,상시채용,,,2026-03-22,https://jasoseol.com/recruit/102202,,2026-09-07 18:21:42
자소설닷컴,김앤장 법률사무소,"비서, 빌링, 스탭 채용","비서, 빌링, 스탭",코드5,수시채용,,,2026-02-01,https://jasoseol.com/recruit/102203,,2026-09-07 18:21:42
자소설닷컴,어니스트리,멀티채널 영업,[GC그룹 어니스트리] 멀티채널 영업,경력,수시채용,,,2026-02-01,https://jasoseol.com/recruit/102206,,2026-09-07 18:21:43
자소설닷컴,티머니,2026년 신입사원 모집,"카드사업팀, IT보안/기획팀, 태그리스 솔루션팀, 정산운영팀 (보훈대상자 전용)",신입,수시채용,,,2026-02-04,https://jasoseol.com/recruit/102200,,2026-09-07 18:21:43
자소설닷컴,LG생활건강,디자인센터 CVC 인턴십,디자인,인턴,수시채용,,,2026-02-04,https://jasoseol.com/recruit/102201,,2026-09-07 18:21:43
자소설닷컴,NHN,채용운영 (계약직),채용운영 (계약직),계약직,상시채용,,,2026-02-03,https://jasoseol.com/recruit/102208,,2026-09-07 18:21:44
자소설닷컴,한양증권,디지털마케팅 기획/운영 신입 및 경력 채용,"디지털 마케팅 기획, 디지털 마케팅 운영",계약직,수시채용,,,2026-02-01,https://jasoseol.com/recruit/102207,,2026-09-07 18:21:44
자소설닷컴,중앙대학교병원,(광명병원) 순환기내과(심장뇌혈관시술센터) 직원 모집 (2026.01),순환기내과(심장뇌혈관시술센터),계약직,수시채용,,,2026-01-29,https://jasoseol.com/recruit/102210,,2026-09-07 18:21:44
자소설닷컴,중앙대학교병원,(서울병원) 연구기획관리팀 행정(연구지원) (계약직) 모집 (2026.01-2),연구기획관리팀-행정-연구지원,계약직,수시채용,,,2026-01-29,https://jasoseol.com/recruit/102211,,2026-09-07 18:21:45
자소설닷컴,NHN,교육운영 (계약직),교육운영 (계약직),계약직,상시채용,,,2026-02-03,https://jasoseol.com/recruit/102209,,2026-09-07 18:21:45
자소설닷컴,마이다스그룹,기계 SW 마케팅 담당자 채용,영업 및 마케팅-SW 기술마케팅,경력,수시채용,,,2026-02-01,https://jasoseol.com/recruit/102213,,2026-09-07 18:21:46
자소설닷컴,마이다스그룹,글로벌 영업 담당자 채용(베트남 사업),해외분야-해외영업,코드5,수시채용,,,2026-02-01,https://jasoseol.com/recruit/102214,,2026-09-07 18:21:46
자소설닷컴,하나증권,범어동지점 경력직 채용,범어동지점,계약직,수시채용,,,2026-01-29,https://jasoseol.com/recruit/102212,,2026-09-07 18:21:47
자소설닷컴,플랜닥스,영업팀 신입(인턴) 사원 상시 채용 (정직원 전환),메디컬 플랫폼 B2B세일즈,인턴,상시채용,,,2026-03-27,https://jasoseol.com/recruit/102216,,2026-09-07 18:21:48
자소설닷컴,중앙대학교병원,(광명병원) 안과검사실 직원 (계약직) 모집 (2026.01),안과검사실,계약직,수시채용,,,2026-01-29,https://jasoseol.com/recruit/102215,,2026-09-07 18:21:48
자소설닷컴,한국수산회,직원 채용 공고,"정규직 6급, 사원","계약직, 신입",수시채용,,,2026-02-02,https://jasoseol.com/recruit/102217,,2026-09-07 18:21:48
자소설닷컴,현대글로비스,2026 상반기 글로벌물류운영 신입채용,글로벌물류운영,신입,수시채용,,,2026-02-02,https://jasoseol.com/recruit/102218,,2026-09-07 18:21:48
자소설닷컴,한국보건산업진흥원,2026년 제1차 계약직원(신규사업) 채용 공고,"사업관리(C-1), 사업관리(C-2), 사업관리(C-3)",계약직,수시채용,,,2026-02-09,https://jasoseol.com/recruit/102219,,2026-09-07 18:21:48
자소설닷컴,중앙대학교병원,(서울병원) 심장혈관부정맥센터 간호사(경력/정규직) 모집 (2026.01),심장혈관•부정맥센터-간호사,신입,수시채용,,,2026-02-01,https://jasoseol.com/recruit/102220,,2026-09-07 18:21:49
자소설닷컴,모비데이즈,퍼포먼스마케터(AE) 신입 채용,퍼포먼스마케터,신입,수시채용,,,2026-02-06,https://jasoseol.com/recruit/102221,,2026-09-07 18:21:50
자소설닷컴,야놀자,[Yanolja NEXT] Software Engineer - IAB (Service & Product),[Yanolja NEXT] Software Engineer - IAB (Service & Product),경력,상시채용,,,2026-02-11,https://jasoseol.com/recruit/102224,,2026-09-07 18:21:51
자소설닷컴,하나증권,글로벌투자분석실(VIP고객마케팅) 경력직 인재 채용,글로벌투자분석실,계약직,수시채용,,,2026-02-04,https://jasoseol.com/recruit/102225,,2026-09-07 18:21:51
자소설닷컴,동진쎄미켐,각 부문 인재 채용,"전문연구요원(병역특례)_반도체/디스플레이 공정소재 개발, 이차전지, 계산화학, 기능성 코팅소재, 디스플레이 공정 소개 개발_디스플레이용 감광성 수지 개발 및 연구, 디스플레이 공정 소개 개발_OLED 유기 재료 합성","경력, 신입, 코드5",수시채용,,,2026-02-05,https://jasoseol.com/recruit/102222,,2026-09-07 18:21:51
자소설닷컴,하나증권,리스크관리실 경력직 채용,리스크관리실,계약직,수시채용,,,2026-02-01,https://jasoseol.com/recruit/102226,,2026-09-07 18:21:51
자소설닷컴,야놀자,[Yanolja NEXT] Software Engineer,[Yanolja NEXT] Software Engineer,경력,상시채용,,,2026-02-11,https://jasoseol.com/recruit/102223,,2026-09-07 18:21:52
자소설닷컴,야놀자,[Yanolja NEXT] Lead Software Engineer - IAB,Lead Software Engineer - IAB,경력,상시채용,,,2026-02-11,https://jasoseol.com/recruit/102227,,2026-09-07 18:21:52
자소설닷컴,야놀자,[Yanolja NEXT] Software Engineer - Price Intelligence,[Yanolja NEXT] Software Engineer - Price Intelligence,경력,상시채용,,,2026-02-11,https://jasoseol.com/recruit/102228,,2026-09-07 18:21:52
자소설닷컴,야놀자,[Yanolja NEXT] Product Manager,Product Manager,경력,상시채용,,,2026-02-11,https://jasoseol.com/recruit/102229,,2026-09-07 18:21:53
자소설닷컴,야놀자,[Yanolja NEXT] Data Engineer,[Yanolja NEXT] Data Engineer,경력,상시채용,,,2026-02-11,https://jasoseol.com/recruit/102231,,2026-09-07 18:21:53
자소설닷컴,인천공항시설관리,2026년 제1차 계약직 채용,"기계(1), 기계(2), 전기(1), 전기(2), 전기(3), 정보통신 / IT (1), 정보통신 / IT (2), 정보통신 / IT (3), 정보통신 / IT (4), 정보통신 / IT (5), 행정(1), 행정(",계약직,수시채용,,,2026-02-02,https://jasoseol.com/recruit/102232,,2026-09-07 18:21:53
자소설닷컴,LS MnM,경력사원 수시채용 [경영기획],경영기획,경력,수시채용,,,2026-02-08,https://jasoseol.com/recruit/102233,,2026-09-07 18:21:54
자소설닷컴,토스페이먼츠,Merchant Onboarding Assistant (KYC),가맹점 관리,계약직,상시채용,,,2026-02-20,https://jasoseol.com/recruit/102234,,2026-09-07 18:21:54
자소설닷컴,애경케미칼,각 부문 신입 및 경력 채용,"전기/계장, 조직문화, 구매, 화장품 원료평가/제형개발, 기술영업, 분석연구, 환경관리, 무역사무, 품질검사","경력, 신입",수시채용,,,2026-02-05,https://jasoseol.com/recruit/102235,,2026-09-07 18:21:55
자소설닷컴,녹십자웰빙,QC(신입),QC,신입,수시채용,,,2026-02-04,https://jasoseol.com/recruit/102238,,2026-09-07 18:21:55
자소설닷컴,에이피알,[SCM] 국내물류 B2C 출고운영 채용연계형 인턴사원 모집,[SCM] 국내물류 B2C 출고운영 채용연계형 인턴사원 모집,인턴,상시채용,,,2026-02-25,https://jasoseol.com/recruit/102236,,2026-09-07 18:21:55
자소설닷컴,이노션,Online VOC 분석/운영,Online VOC 분석/운영,계약직,수시채용,,,2026-01-27,https://jasoseol.com/recruit/102239,,2026-09-07 18:21:56
자소설닷컴,보령,[2026년 신입채용] 상반기 영업직 공채,"영업직(MR)_서울, 영업직(MR)_경기, 영업직(MR)_충북, 영업직(MR)_충남, 영업직(MR)_광주전남, 영업직(MR)_대구경북, 영업직(MR)_부산",신입,수시채용,,,2026-02-22,https://jasoseol.com/recruit/102240,,2026-09-07 18:21:56
자소설닷컴,태광산업,2026년 상반기 경력/신입 수시 채용,"해외영업, 생산관리, 안전환경, 공무(기계설비), 계전(전기설비)","경력, 신입",수시채용,,,2026-02-08,https://jasoseol.com/recruit/102241,,2026-09-07 18:21:57
자소설닷컴,한국석유공업,[KP그룹] 케미칼솔루션사업부 LAB BIZ팀 개발자 채용,[KP그룹]KP한석화학 LAB BIZ팀 백앤드 개발자,경력,수시채용,,,2026-02-01,https://jasoseol.com/recruit/102242,,2026-09-07 18:21:57
자소설닷컴,한국석유공업,[KP그룹]한국석유공업기술연구소 연구원 채용,[KP그룹]한국석유공업 기술연구소 연구원 채용(경력),경력,수시채용,,,2026-02-08,https://jasoseol.com/recruit/102243,,2026-09-07 18:21:58
자소설닷컴,한국석유공업,[KP그룹]경영기획실 기획팀 채용(경력),[KP그룹]한국석유공업 경영기획실 기획팀 채용(경력),경력,수시채용,,,2026-02-10,https://jasoseol.com/recruit/102244,,2026-09-07 18:21:58
자소설닷컴,비바리퍼블리카(토스),Merchandising Associate (MD),Merchandising Associate,계약직,수시채용,,,2026-02-03,https://jasoseol.com/recruit/102245,,2026-09-07 18:21:58
자소설닷컴,비바리퍼블리카(토스),Merchandising Associate (주니어 MD),Merchandising Associate,계약직,수시채용,,,2026-02-18,https://jasoseol.com/recruit/102246,,2026-09-07 18:21:58
자소설닷컴,인천대학교,화장품 제조 및 품질관리 양성과정 교육생 모집,화장품 제조 및 품질관리 양성과정,교육,수시채용,,,2026-02-01,https://jasoseol.com/recruit/102247,,2026-09-07 18:21:59
자소설닷컴,중앙대학교병원,(광명병원) 순환기내과(심장예방재활센터) 간호사 (휴직대체) 모집 (2026.01),간호사-순환기내과(심장예방재활센터),계약직,수시채용,,,2026-02-01,https://jasoseol.com/recruit/102248,,2026-09-07 18:22:00
자소설닷컴,한국원자력안전기술원(KINS),2026년도 상반기 정규직 직원 채용 공고,"연구직_안전해석, 연구직_중대사고/확률론적 안전성평가, 연구직_기계, 연구직_재료, 연구직_계통열수력, 연구직_원자력-비경수형, 연구직_계측제어, 연구직_전력계통, 연구직_구조, 연구직_부지, 연구직_품질보증, 연구",코드5,수시채용,,,2026-02-11,https://jasoseol.com/recruit/102249,,2026-09-07 18:22:00
자소설닷컴,GC셀,검체 관리 서비스 매니저 채용 (서산),서비스 매니저(서산),계약직,상시채용,,,2026-02-27,https://jasoseol.com/recruit/102250,,2026-09-07 18:22:00
자소설닷컴,GC셀,검체 관리 서비스 매니저 채용 (송도),서비스 매니저(송도),계약직,상시채용,,,2026-02-27,https://jasoseol.com/recruit/102251,,2026-09-07 18:22:00
자소설닷컴,국립농업박물관,2026년 제1차 청년인턴(체험형인턴) 채용,"전시, 유물자료관리, 유물자료관리(장애인 제한), 학술연구, 조경, 행사",인턴,수시채용,,,2026-02-10,https://jasoseol.com/recruit/102252,,2026-09-07 18:22:01
자소설닷컴,한국나노기술원,2026-1차 직원 채용 공고,"경기도 양자인공지능지원센터장, 교육운영, 공정서비스 (육아휴직대체), 세무회계 (육아기근로시간 단축대체)",계약직,수시채용,,,2026-02-12,https://jasoseol.com/recruit/102253,,2026-09-07 18:22:01
자소설닷컴,야놀자,Product Strategy Manager,Product Strategy Manager,경력,상시채용,,,2026-01-29,https://jasoseol.com/recruit/102255,,2026-09-07 18:22:02
자소설닷컴,한국도로공사(ex),2026년 상반기 체험형 청년인턴 인재영입,"[일반전형]본사 - 행정, [일반전형]본사 - 기술, [일반전형]도로교통연구원 - 기술, [일반전형]인재개발원 - 행정, [일반전형]교통관제센터 - 기술, [일반전형]첨단기계화센터 - 기술, [일반전형]김포파주건설사",인턴,수시채용,,,2026-02-09,https://jasoseol.com/recruit/102254,,2026-09-07 18:22:02
자소설닷컴,한국남동발전(KOEN),2026년 신입사원 채용 공고,"[일반]사무, [일반]기계, [일반]전기, [일반]화학, [일반]ICT, [일반]토목, [일반]건축, [보훈]사무, [보훈]기계, [보훈]전기, [보훈]화학, [보훈]ICT, [보훈]토목, [보훈]건축, [장애]사무",신입,수시채용,,,2026-02-10,https://jasoseol.com/recruit/102256,,2026-09-07 18:22:03
자소설닷컴,오뚜기,신입채용 - 브랜드 공간 운영지원 담당자,공간운영지원,신입,수시채용,,,2026-02-11,https://jasoseol.com/recruit/102257,,2026-09-07 18:22:03
자소설닷컴,TKG태광,2026년 1분기 수시채용,"치공구개발 (주재원), Costing, 설비개발, 설계 자동화 개발, 치공구개발, Visual Designer, IE (산업공학), 생산계획, 플랫폼개발 (TDS 파견), 정보전략, 재무, 건설지원, 경영기획, 사업","경력, 신입, 코드5",수시채용,,,2026-02-11,https://jasoseol.com/recruit/102258,,2026-09-07 18:22:03
자소설닷컴,하나증권,프로젝트금융3실 경력직 채용,프로젝트금융3실,계약직,수시채용,,,2026-02-02,https://jasoseol.com/recruit/102259,,2026-09-07 18:22:04
자소설닷컴,풀무원,2026년 영업/마케팅 신입사원 채용,"영업, 마케팅",신입,수시채용,,,2026-02-09,https://jasoseol.com/recruit/102261,,2026-09-07 18:22:04
자소설닷컴,AXA손해보험,데이터사이언스팀 인턴사원 채용,데이터사이언스,인턴,수시채용,,,2026-02-05,https://jasoseol.com/recruit/102262,,2026-09-07 18:22:04
자소설닷컴,신원,수출부문 KNIT 해외영업(Academy sports) 경력 채용,KNIT 해외영업(Academy sports),경력,수시채용,,,2026-02-26,https://jasoseol.com/recruit/102264,,2026-09-07 18:22:06
자소설닷컴,네이버파이낸셜(네이버페이),체험형 서비스마케팅 인턴십,"마케팅 기획, 마케팅 데이터 분석",인턴,수시채용,,,2026-02-08,https://jasoseol.com/recruit/102265,,2026-09-07 18:22:06
자소설닷컴,세아제강,2026 신입/경력사원 채용,"[서울] 원가, [서울] 구매, [서울] 정보화관리, [서울] ESG경영, [서울] 해외영업, [서울] 해외영업(STS), [서울] 기술영업/마케팅, [포항] 물류, [포항] 품질관리, [포항] 제품개발, [포항] ","경력, 신입",수시채용,,,2026-02-08,https://jasoseol.com/recruit/102263,,2026-09-07 18:22:06
자소설닷컴,중앙대학교병원,(서울병원) 영상의학과 방사선사(계약직) 모집 (2026.01),영상의학과-방사선사,계약직,수시채용,,,2026-02-03,https://jasoseol.com/recruit/102267,,2026-09-07 18:22:06
자소설닷컴,한국원자력통제기술원,2026년도 정규직 채용 공고,"연구직_원자력통제, 행정직_전산, 행정직_기획예산",신입,수시채용,,,2026-02-11,https://jasoseol.com/recruit/102268,,2026-09-07 18:22:07
자소설닷컴,블랭크코퍼레이션,콘텐츠 PD 인턴(정규전환형),콘텐츠 PD,인턴,상시채용,,,2026-02-12,https://jasoseol.com/recruit/102270,,2026-09-07 18:22:07
자소설닷컴,야놀자,Global Sales Strategy & Operations Senior Analyst,Global Sales Strategy & Operations Senior Analyst,경력,상시채용,,,2026-01-30,https://jasoseol.com/recruit/102271,,2026-09-07 18:22:08
자소설닷컴,넥스트챕터,[인턴] Global Sales Intern,Global Sales Intern,인턴,상시채용,,,2026-03-27,https://jasoseol.com/recruit/102273,,2026-09-07 18:22:09
자소설닷컴,샤인플로,풀재택근무 아마존JP/US Brand Manager 정규직 전환형 인턴,Brand Manager,인턴,수시채용,,,2026-02-16,https://jasoseol.com/recruit/102274,,2026-09-07 18:22:09
자소설닷컴,DIG에어가스,오퍼레이터 신입채용,오퍼레이터,신입,수시채용,,,2026-02-08,https://jasoseol.com/recruit/102269,,2026-09-07 18:22:09
자소설닷컴,GS에너지,2026년 신입/경력 채용,"태양광사업, 자금/회계, 감사, SMR사업","경력, 신입",수시채용,,,2026-02-13,https://jasoseol.com/recruit/102272,,2026-09-07 18:22:09
자소설닷컴,에코마케팅,마케팅 영상 크리에이터 신입사원/경력 채용,영상 크리에이터,코드5,수시채용,,,2026-02-08,https://jasoseol.com/recruit/102275,,2026-09-07 18:22:10
자소설닷컴,에코마케팅,커머스 마케터 신입/경력 채용,커머스 마케터,코드5,수시채용,,,2026-02-08,https://jasoseol.com/recruit/102276,,2026-09-07 18:22:10
자소설닷컴,GC셀,PV(Pharmacovigilance) 담당자 모집 (신입/경력),PV,코드5,수시채용,,,2026-02-08,https://jasoseol.com/recruit/102277,,2026-09-07 18:22:10
자소설닷컴,펄어비스,2026 채용연계형 봄 인턴십,"게임플레이, AI, 캐릭터&애니메이션, 렌더링, 게임플랫폼, 모바일플랫폼, 캐릭터 모델링, 배경 모델링, 애니메이션, 셰이더, 웹디자인/UI, 게임 비주얼 콘셉트, 게임디자인(기획), 서비스디자인(웹기획)",인턴,수시채용,,,2026-02-10,https://jasoseol.com/recruit/102278,,2026-09-07 18:22:11
자소설닷컴,어니스트리,디지털 마케팅,상품기획 및 개발 PM,경력,수시채용,,,2026-02-08,https://jasoseol.com/recruit/102279,,2026-09-07 18:22:11
자소설닷컴,한화비전,2026 Vision's Edge Device Academy 4기 (VEDA),Vision's Edge Device Academy (VEDA) ,교육,수시채용,,,2026-03-02,https://jasoseol.com/recruit/102280,,2026-09-07 18:22:12
자소설닷컴,마이다스그룹,Risk Management 담당자 채용,경영분야-법무담당자-판교본사,코드5,수시채용,,,2026-02-08,https://jasoseol.com/recruit/102281,,2026-09-07 18:22:12
자소설닷컴,마이다스그룹,백엔드 개발자 채용(역량검사),개발분야-백엔드 개발-판교본사,신입,수시채용,,,2026-02-08,https://jasoseol.com/recruit/102282,,2026-09-07 18:22:12
자소설닷컴,중앙대학교병원,(광명병원) 분만실 간호사 (정규직) 모집(2026.01),정규직(신규)-간호사-분만실,신입,수시채용,,,2026-02-01,https://jasoseol.com/recruit/102283,,2026-09-07 18:22:13
자소설닷컴,하나증권,IB솔루션2실 경력직 채용,IB솔루션2실,계약직,수시채용,,,2026-02-03,https://jasoseol.com/recruit/102284,,2026-09-07 18:22:13
자소설닷컴,NHN Dooray,ERP 서비스 운영,ERP 서비스 운영,경력,상시채용,,,2026-03-27,https://jasoseol.com/recruit/102285,,2026-09-07 18:22:14
자소설닷컴,NHN Dooray,협업 서비스 두레이 온보딩 매니저,협업 서비스 두레이 온보딩 매니저,경력,상시채용,,,2026-03-27,https://jasoseol.com/recruit/102286,,2026-09-07 18:22:14
자소설닷컴,비바리퍼블리카(토스),Barista Support,Barista Support,계약직,수시채용,,,2026-02-25,https://jasoseol.com/recruit/102288,,2026-09-07 18:22:15
자소설닷컴,언론중재위원회,2026년 일반직(사무행정) 직원 채용,"사무행정(일반직 5급-서울), 사무행정(일반직 5급-광주)",신입,수시채용,,,2026-02-19,https://jasoseol.com/recruit/102289,,2026-09-07 18:22:15
자소설닷컴,한국교통안전공단(KOTSA),2026년 제1차 기간제근로자 통합채용 공고,"운영지원처_실무원(상담)_콜센터 전화상담, 모빌리티연구처_위촉연구원 6급_국가대중교통정보센터 운영 보조, 모빌리티연구처_청년인턴(사무)_버스정보시스템 통합센터 운영 보조, 모빌리티연구처_청년인턴(사무)_교통약자 이동","계약직, 인턴",수시채용,,,2026-02-13,https://jasoseol.com/recruit/102287,,2026-09-07 18:22:16
자소설닷컴,야놀자,Global Strategy Manager,Global Strategy Manager,경력,상시채용,,,2026-03-13,https://jasoseol.com/recruit/102290,,2026-09-07 18:22:16
자소설닷컴,새마을금고복지회,직원 채용공고,"자금운용, IT전산, 일반관리","경력, 신입",수시채용,,,2026-02-06,https://jasoseol.com/recruit/102291,,2026-09-07 18:22:16
자소설닷컴,에코마케팅,마케팅 사무보조 계약직 채용,마케팅 사무보조,계약직,수시채용,,,2026-02-08,https://jasoseol.com/recruit/102292,,2026-09-07 18:22:16
자소설닷컴,한국정보보호산업협회,S-개발자 4기(상반기) 모집,S-개발자 4기,교육,수시채용,,,2026-02-23,https://jasoseol.com/recruit/102293,,2026-09-07 18:22:18
자소설닷컴,서울창조경제혁신센터,26년도 1차 직원 채용 공고,창업지원 및 사업운영,계약직,수시채용,,,2026-02-08,https://jasoseol.com/recruit/102295,,2026-09-07 18:22:18
자소설닷컴,에이피알,[경영지원] 해외법인 관리/결산 채용연계형 인턴사원 모집,[경영지원] 해외법인 관리/결산 채용연계형 ,인턴,상시채용,,,2026-03-28,https://jasoseol.com/recruit/102296,,2026-09-07 18:22:18
자소설닷컴,창비,마케팅부 사원을 모집합니다.,마케팅,코드5,수시채용,,,2026-02-19,https://jasoseol.com/recruit/102297,,2026-09-07 18:22:18
자소설닷컴,매드업,2026년 상반기 채용 연계형 AE 공채 인턴,"퍼포먼스 마케터(AE) (국내), 퍼포먼스 마케터(AE) (글로벌(일본))",인턴,수시채용,,,2026-02-15,https://jasoseol.com/recruit/102294,,2026-09-07 18:22:19
자소설닷컴,에이피알,[경영지원] 화장품 해외 인허가(RA) 채용연계형 인턴사원 모집,[경영지원] 화장품 해외 인허가(RA) 채용연계형,인턴,상시채용,,,2026-05-22,https://jasoseol.com/recruit/102298,,2026-09-07 18:22:19
자소설닷컴,유안타증권,재무전략팀 신입/경력직원 채용,재무전략팀,계약직,수시채용,,,2026-02-12,https://jasoseol.com/recruit/102299,,2026-09-07 18:22:19
자소설닷컴,군인공제회,신입주임 채용,"주임(C1)_일반전형, 주임(C1)_장교전형",계약직,수시채용,,,2026-02-23,https://jasoseol.com/recruit/102301,,2026-09-07 18:22:20
자소설닷컴,샤인플로,풀재택근무 아마존 PPC&퍼포먼스 마케팅,아마존 PPC&퍼포먼스 마케팅,코드5,수시채용,,,2026-02-18,https://jasoseol.com/recruit/102300,,2026-09-07 18:22:20
자소설닷컴,에이피알,[CS] 국내 CS 운영/관리 담당 채용연계형 인턴사원 모집,[CS] 국내 CS 운영/관리 담당 채용연계형 인턴사원 모집,인턴,상시채용,,,2026-03-28,https://jasoseol.com/recruit/102302,,2026-09-07 18:22:20
자소설닷컴,하나증권,금융상품운용실 경력직 채용,금융상품운용실,계약직,수시채용,,,2026-02-22,https://jasoseol.com/recruit/102303,,2026-09-07 18:22:21
자소설닷컴,서강대학교,계약직원 채용 공고,"일반계약직(교목행정), 일반계약직(교내행사지원)",계약직,수시채용,,,2026-02-03,https://jasoseol.com/recruit/102304,,2026-09-07 18:22:22
자소설닷컴,야놀자,Global Sales Strategy & Operations Sales Analyst,Global Sales Strategy & Operations Sales Analyst,경력,상시채용,,,2026-03-04,https://jasoseol.com/recruit/102306,,2026-09-07 18:22:22
자소설닷컴,웹케시그룹,"사업기획, 상품기획 신입/경력직 채용","사업기획, 상품기획","경력, 신입",수시채용,,,2026-02-08,https://jasoseol.com/recruit/102305,,2026-09-07 18:22:22
자소설닷컴,야놀자,글로벌 영업 전략 리더 (Global Sales Strategy Leader),글로벌 영업 전략 리더 (Global Sales Strategy Leader),경력,상시채용,,,2026-03-05,https://jasoseol.com/recruit/102307,,2026-09-07 18:22:22
자소설닷컴,오오비컴퍼니,2026 1분기 신입/인턴 채용,"마케팅(AE) , 마케팅(AE) 체험형 인턴, 디자이너(Designer) 전환형 인턴","신입, 인턴",수시채용,,,2026-02-09,https://jasoseol.com/recruit/102308,,2026-09-07 18:22:23
자소설닷컴,현대종합금속,신입/경력사원 모집,"기계사업본부 서비스부, 고창공장 안전보건","계약직, 코드5",수시채용,,,2026-02-08,https://jasoseol.com/recruit/102309,,2026-09-07 18:22:23
자소설닷컴,농심태경,2026 각 부문별 신입사원 채용,"안전보건 관리, 영업기획, 해외영업, 연구개발, 생산기획, 전기설비 관리",신입,수시채용,,,2026-02-10,https://jasoseol.com/recruit/102310,,2026-09-07 18:22:24
자소설닷컴,NHN Cloud,AI 전환 백엔드 개발,[NHN Cloud] AI 전환 백엔드 개발,코드5,상시채용,,,2026-03-29,https://jasoseol.com/recruit/102311,,2026-09-07 18:22:24
자소설닷컴,한국기계연구원,2026년도 제1회 육아휴직 대체인력 채용 공고,건축 시설관리 및 건설관리,계약직,수시채용,,,2026-02-18,https://jasoseol.com/recruit/102312,,2026-09-07 18:22:25
자소설닷컴,하나증권,인사실 경력직 인재 채용,인사실,계약직,수시채용,,,2026-02-08,https://jasoseol.com/recruit/102314,,2026-09-07 18:22:25
자소설닷컴,에코마케팅,마케팅 영상 크리에이터(안다르 일본) 신입/경력 채용,마케팅 영상 크리에이터(안다르 일본),코드5,수시채용,,,2026-02-08,https://jasoseol.com/recruit/102315,,2026-09-07 18:22:26
자소설닷컴,신용카드사회공헌재단,대학(원)생 체험형 인턴 채용,사업팀 인턴,인턴,수시채용,,,2026-02-18,https://jasoseol.com/recruit/102313,,2026-09-07 18:22:26
자소설닷컴,야놀자,Strategy Product Manager,Strategy Product Manager,경력,상시채용,,,2026-03-29,https://jasoseol.com/recruit/102316,,2026-09-07 18:22:26
자소설닷컴,멋쟁이사자처럼,[6주 완성] 공채 준비에 꼭 필요한 12개 실무 과정,"소프트웨어 테스팅, 피그마 UI 실무, UX/UI 디자인, 핀테크 서비스 기획, 초보 PM 현업 가이드, 캐글 데이터 분석, 프론트엔드 실무, 웹 개발 완벽가이드, AI 챗봇 구축, MLOps와 온디바이스 AI, 실",교육,수시채용,,,2026-02-12,https://jasoseol.com/recruit/102317,,2026-09-07 18:22:26
자소설닷컴,휴스틸,신입 및 경력사원 수시채용,"해외영업, 자재구매 총무관리, 회계관리, 대구경영업, 임원비서, 제품개발 기술개발, 사무행정, 생산관리 생산기술, 설비_공무/기계, 품질보증(팀장급), 품질보증(팀원급)","경력, 계약직, 신입, 코드5",수시채용,,,2026-02-18,https://jasoseol.com/recruit/102318,,2026-09-07 18:22:27
자소설닷컴,피에스케이,직무별 수시모집,"품질관리, 시스템관리, IT infra Management, 기술영업/마케팅, 공정개발, 기구설계, 전장 설계, CAE(Computed Aided Engineering), 요소기술개발, sw, 구매관리, 전략개발구매","경력, 신입, 인턴, 코드5",수시채용,,,2026-02-09,https://jasoseol.com/recruit/102319,,2026-09-07 18:22:27
자소설닷컴,대학내일ES,"마케팅(AE), 콘텐츠(에디터), 디자이너 인턴/신입/경력 채용","[대학내일] 마케팅(AE)_마케팅커뮤니케이션2팀_신입/경력(전환형), [대학내일] 마케팅(AE)_마케팅커뮤니케이션3팀_인턴(전환형), [대학내일] 마케팅(AE)_비즈니스임팩트1팀_인턴(체험형), [대학내일] 마케팅(","계약직, 인턴",수시채용,,,2026-02-09,https://jasoseol.com/recruit/102320,,2026-09-07 18:22:28
자소설닷컴,삼일회계법인,Blockchain 개발자/컨설턴트 채용 (Frontend · Backend) 신입/경력,Blockchain 개발자/컨설턴트 채용 (Frontend · Backend) 신입/경력,코드5,수시채용,,,2026-02-11,https://jasoseol.com/recruit/102321,,2026-09-07 18:22:28
자소설닷컴,세스코,기구개발 및 설계,기구개발 및 설계,경력,수시채용,,,2026-02-12,https://jasoseol.com/recruit/102322,,2026-09-07 18:22:28
자소설닷컴,녹십자웰빙,경영지원/총무,경영지원/총무,코드5,수시채용,,,2026-02-08,https://jasoseol.com/recruit/102324,,2026-09-07 18:22:29
자소설닷컴,KT엠모바일,'26년 상반기 공개 채용,"대외협력·홍보, 상품·서비스기획, 전략기획, 인사기획, 디지털채널영업, eSIM로밍사업 , IT개발·운영관리, 정보보호","경력, 신입",수시채용,,,2026-02-18,https://jasoseol.com/recruit/102326,,2026-09-07 18:22:30
자소설닷컴,KCC실리콘,영업부문 신입사원 채용,영업,신입,수시채용,,,2026-02-08,https://jasoseol.com/recruit/102325,,2026-09-07 18:22:31
자소설닷컴,한화투자증권,2026 디지털/글로벌 경력 채용,"UI/UX, DevSecOps(CI/CD), Web3 Front-end, Web3 Back-end, Full Stack(PM), iOS 개발, Android 개발, Back-end, DevOps, 전략(전략기획), ",경력,수시채용,,,2026-02-19,https://jasoseol.com/recruit/102328,,2026-09-07 18:22:32
자소설닷컴,세스코,케미컬 개발 연구,케미컬 개발 연구,계약직,수시채용,,,2026-02-12,https://jasoseol.com/recruit/102329,,2026-09-07 18:22:32
자소설닷컴,삼일회계법인,생성형 AI & AX 개발자/컨설턴트 채용(Frontend · Backend · AI R&D) 신입/경력,[삼일회계법인] 생성형 AI & AX 개발자/컨설턴트 채용(Frontend · Backend · AI R&D),코드5,수시채용,,,2026-02-11,https://jasoseol.com/recruit/102323,,2026-09-07 18:22:32
자소설닷컴,현대종합금속,신입사원 모집,"본사 비서실-기획비서, 본사 비서실-수행비서, 본사 경리부 재무팀, 기계사업본부","계약직, 신입",수시채용,,,2026-02-22,https://jasoseol.com/recruit/102327,,2026-09-07 18:22:32
자소설닷컴,한미약품,2026년 2월 수시채용 [각 부문별],"[한미약품]의료정책교육, [한미약품]청구, [한미약품]Medical, [한미약품]사업개발, [한미약품]Regulatory Affairs, [한미약품]해외영업, [한미약품]해외영업기획, [한미약품]구매, [한미약품]R","경력, 계약직, 신입, 코드5",수시채용,,,2026-02-18,https://jasoseol.com/recruit/102330,,2026-09-07 18:22:32
자소설닷컴,에코마케팅,퍼포먼스 마케터 신입사원 채용,퍼포먼스 마케터,신입,수시채용,,,2026-02-08,https://jasoseol.com/recruit/102331,,2026-09-07 18:22:33
자소설닷컴,하나증권,IB솔루션3실 경력직 채용,IB솔루션3실,계약직,수시채용,,,2026-02-05,https://jasoseol.com/recruit/102332,,2026-09-07 18:22:33
자소설닷컴,하나증권,법인주식파생실 경력직 채용,법인주식파생실,계약직,수시채용,,,2026-02-13,https://jasoseol.com/recruit/102333,,2026-09-07 18:22:34
자소설닷컴,농협경제지주,2026년 농업경제부문 신규직원 채용,"일반직 - 일반, 일반직 - 보훈(제한경쟁), 전산직 - 일반",신입,수시채용,,,2026-02-10,https://jasoseol.com/recruit/102335,,2026-09-07 18:22:34
자소설닷컴,린데코리아,제조운영부문 평택생산2팀 Production Operator 정규직 채용,Production Operator,코드5,수시채용,,,2026-02-15,https://jasoseol.com/recruit/102337,,2026-09-07 18:22:35
자소설닷컴,과천도시공사,"2026년 직원(일반직 기간제, 업무직, 청년인턴) 채용 공고","수영, 종합상황실, 운전(준고령자), 안내, 일반행정(청년인턴/장애인)","경력, 계약직, 코드5, 코드6",수시채용,,,2026-02-12,https://jasoseol.com/recruit/102336,,2026-09-07 18:22:35
자소설닷컴,한국해외인프라도시개발지원공사(KIND),2026년 직원(정규직/계약직/청년인턴) 채용공고,"정규직_재무(회계사), 정규직_사업개발(인프라·플랜트·도시개발)_3급, 정규직_사업개발(인프라·플랜트·도시개발)_4급, 정규직_금융·리스크, 정규직_일반, 정규직_전산(IT), 정규직_보훈, 계약직_도시컨설팅(전문계","경력, 계약직, 신입, 인턴",수시채용,,,2026-02-12,https://jasoseol.com/recruit/102338,,2026-09-07 18:22:36
자소설닷컴,세아홀딩스,통상팀 인턴 사원 모집,통상팀 인턴 사원,인턴,수시채용,,,2026-02-10,https://jasoseol.com/recruit/102339,,2026-09-07 18:22:36
자소설닷컴,이노션,데이터 엔지니어 (Google Analytics),데이터 엔지니어 (Google Analytics),계약직,수시채용,,,2026-02-08,https://jasoseol.com/recruit/102334,,2026-09-07 18:22:36
자소설닷컴,타이슨푸드코리아,생산 관리자 신입 채용,생산 관리자,신입,수시채용,,,2026-02-22,https://jasoseol.com/recruit/102340,,2026-09-07 18:22:36
자소설닷컴,하나증권,리스크관리실 경력직 채용,리스크관리실,계약직,수시채용,,,2026-02-08,https://jasoseol.com/recruit/102342,,2026-09-07 18:22:37
자소설닷컴,하나증권,부동산금융본부 경력직 채용,부동산금융본부 ,계약직,수시채용,,,2026-02-09,https://jasoseol.com/recruit/102341,,2026-09-07 18:22:37
자소설닷컴,티웨이항공,신입/경력 채용,"여객영업(OTA 및 상용), 여객영업, 여객영업(Revenue Mamagement), 재무회계, 경영관리, 정비사, 부품수리, 정비 전문강사","경력, 계약직",수시채용,,,2026-02-11,https://jasoseol.com/recruit/102343,,2026-09-07 18:22:38
자소설닷컴,하나증권,영업추진실 경력직 채용,영업추진실,계약직,수시채용,,,2026-02-22,https://jasoseol.com/recruit/102344,,2026-09-07 18:22:38
자소설닷컴,녹십자웰빙,경리(신입),경리(신입),신입,수시채용,,,2026-02-11,https://jasoseol.com/recruit/102345,,2026-09-07 18:22:38
자소설닷컴,녹십자웰빙,물류(신입),물류(신입),신입,수시채용,,,2026-02-04,https://jasoseol.com/recruit/102346,,2026-09-07 18:22:39
자소설닷컴,녹십자웰빙,원료/정제(신입),원료/정제(신입),신입,수시채용,,,2026-02-11,https://jasoseol.com/recruit/102347,,2026-09-07 18:22:39
자소설닷컴,녹십자웰빙,이물검사(계약직),이물검사(계약직),계약직,수시채용,,,2026-02-11,https://jasoseol.com/recruit/102348,,2026-09-07 18:22:40
자소설닷컴,녹십자웰빙,PV(Pharmacovigilance) 책임자,PV(Pharmacovigilance) 책임자,경력,수시채용,,,2026-02-18,https://jasoseol.com/recruit/102349,,2026-09-07 18:22:40
자소설닷컴,녹십자웰빙,RA,RA,경력,수시채용,,,2026-02-18,https://jasoseol.com/recruit/102350,,2026-09-07 18:22:40
자소설닷컴,녹십자웰빙,임상담당 PM,임상담당 PM,경력,수시채용,,,2026-02-18,https://jasoseol.com/recruit/102351,,2026-09-07 18:22:41
자소설닷컴,토스플레이스,Business Operations Assistant,Business Operations Assistant,계약직,상시채용,,,2026-02-23,https://jasoseol.com/recruit/102353,,2026-09-07 18:22:41
자소설닷컴,SAP,STAR Internship Program,"개발 직군, 기술영업,  Sales Development Executive,, Digital Solution Advisor, 컨설턴트, 기술지원, Services Sales, Enterprise Architect S",인턴,상시채용,,,2026-04-30,https://jasoseol.com/recruit/102354,,2026-09-07 18:22:42
자소설닷컴,한국석유공업,[KP그룹]Petroleum사업본부 부산지점 영업직 채용,[KP그룹]한국석유공업 Petroleum사업본부 부산지점 영업직,코드5,수시채용,,,2026-02-26,https://jasoseol.com/recruit/102355,,2026-09-07 18:22:42
자소설닷컴,녹십자웰빙,임상 담당 CRA,임상 담당 CRA,코드5,수시채용,,,2026-02-18,https://jasoseol.com/recruit/102352,,2026-09-07 18:22:43
자소설닷컴,후성정공,연구개발직 신입/경력(4년 미만) 수시채용,개발관리,코드5,수시채용,,,2026-02-22,https://jasoseol.com/recruit/102356,,2026-09-07 18:22:43
자소설닷컴,쿠콘,개발직무 신입 채용,"SW개발, 서버 응용프로그램 개발",신입,수시채용,,,2026-02-13,https://jasoseol.com/recruit/102357,,2026-09-07 18:22:43
자소설닷컴,동일고무벨트,베트남 법인 현지 신입 및 경력사원 채용,생산관리,"경력, 신입",수시채용,,,2026-02-22,https://jasoseol.com/recruit/102358,,2026-09-07 18:22:43
자소설닷컴,에이피알,[마케팅] 중동 인플루언서 마케팅(PR) 채용연계형 인턴사원 모집,[마케팅] 중동 인플루언서 마케팅(PR) 채용연계형,인턴,상시채용,,,2026-02-27,https://jasoseol.com/recruit/102359,,2026-09-07 18:22:44
자소설닷컴,중앙대학교병원,(서울병원) 시설팀(기관실) 기능사(계약직) 모집(2026.01-4),시설팀(기관실)-기능사,계약직,수시채용,,,2026-02-09,https://jasoseol.com/recruit/102360,,2026-09-07 18:22:44
자소설닷컴,경기도체육회,2026년 경기도사격테마파크 신규직원 채용,사대안전관리 및 행정,코드5,수시채용,,,2026-02-11,https://jasoseol.com/recruit/102363,,2026-09-07 18:22:45
자소설닷컴,이노션,Business Intelligence Analyst,Business Intelligence Analyst,계약직,수시채용,,,2026-02-08,https://jasoseol.com/recruit/102364,,2026-09-07 18:22:45
자소설닷컴,경희사이버대학교,기간제 직원 채용,"상담심리학과 학과 행정, IT·디자인융합학부 학과 행정, 콘텐츠개발팀 , 시스템운영개발팀 (출산/육아휴직 대체)",계약직,수시채용,,,2026-02-11,https://jasoseol.com/recruit/102362,,2026-09-07 18:22:46
자소설닷컴,NHN,채용운영 (계약직),채용운영 (계약직),계약직,상시채용,,,2026-03-09,https://jasoseol.com/recruit/102365,,2026-09-07 18:22:46
자소설닷컴,NHN,교육운영 (계약직),교육운영 (계약직),계약직,상시채용,,,2026-03-09,https://jasoseol.com/recruit/102366,,2026-09-07 18:22:46
자소설닷컴,인천공항시설관리,2026년 제1차 정기 채용,"정규직_토목(교대), 정규직_조경(일근), 정규직_중장비 정비(일근), 정규직_건축/건설(일근), 정규직_건축/건설(교대), 정규직_기계(일근), 정규직_기계(교대), 정규직_전기(일근), 정규직_전기(교대), 정규",신입,수시채용,,,2026-02-12,https://jasoseol.com/recruit/102367,,2026-09-07 18:22:47
자소설닷컴,하나증권,랩운용실 경력직 채용,랩운용실,계약직,수시채용,,,2026-02-18,https://jasoseol.com/recruit/102368,,2026-09-07 18:22:47
자소설닷컴,하나증권,ECM1실 경력직 채용,ECM1실,계약직,수시채용,,,2026-02-18,https://jasoseol.com/recruit/102369,,2026-09-07 18:22:48
자소설닷컴,기초과학연구원(ibs),제2026-1회 신입직원 채용,"행정-1 (일반행정), 행정-2 (일반행정), 행정-3 (일반행정), 기술-1 (시설관리 및 인프라 유지관리), 기술-2 (연구시설 및 안전관리)",신입,수시채용,,,2026-02-20,https://jasoseol.com/recruit/102370,,2026-09-07 18:22:48
자소설닷컴,KCC,2026년 1분기 부문별 대졸 신입 수시채용,"총무, 회계, IT, 생산관리, 제품관리, 건재 영업/영업관리, 도료 영업/영업관리, 도료 기술영업, 건재 기술영업, 도료 판촉, 설계 판촉, 판매관리, 컬러개발, 도료기술, 소재기술 (석사), 연구지원, 기계, 환",신입,수시채용,,,2026-02-10,https://jasoseol.com/recruit/102371,,2026-09-07 18:22:48
자소설닷컴,폴라리스쉬핑,자금 (신입/경력),폴라리스쉬핑 자금,코드5,상시채용,,,2026-02-22,https://jasoseol.com/recruit/102372,,2026-09-07 18:22:49
자소설닷컴,한국서부발전(wp),2026년도 상반기 4직급 대졸 및 별정직 신입사원 모집 공고,"4직급(나)_대졸(일반)_사무, 4직급(나)_대졸(일반)_기계, 4직급(나)_대졸(일반)_전기, 4직급(나)_대졸(일반)_화학, 4직급(나)_대졸(일반)_ICT, 4직급(나)_대졸(일반)_토목, 4직급(나)_대졸(일",신입,수시채용,,,2026-02-13,https://jasoseol.com/recruit/102373,,2026-09-07 18:22:49
자소설닷컴,금호미쓰이화학,2026년 기술직 신입 인턴사원·사무직 경력사원 모집,"생산, 품질, 설비(장치기기), 인사, 회계, 구매, 해외영업, 공무(설비)","경력, 인턴",수시채용,,,2026-02-12,https://jasoseol.com/recruit/102374,,2026-09-07 18:22:50
자소설닷컴,이크레더블,기업사업부문 경력사원 채용,기업사업부문 경력사원,경력,수시채용,,,2026-02-22,https://jasoseol.com/recruit/102375,,2026-09-07 18:22:50
자소설닷컴,마이다스그룹,2026 글로벌 집중채용,해외사업-판교본사-영어,코드5,수시채용,,,2026-02-18,https://jasoseol.com/recruit/102376,,2026-09-07 18:22:50
자소설닷컴,SK바이오사이언스,26년 2분기 신입/경력사원 수시채용,"원액생산, GMP Execution System, Data management","경력, 코드5",수시채용,,,2026-02-15,https://jasoseol.com/recruit/102377,,2026-09-07 18:22:51
자소설닷컴,한국플랜트산업협회,신규 사업기획 및 국제협력(신입 또는 경력),신규 사업기획 및 국제협력,코드5,수시채용,,,2026-02-22,https://jasoseol.com/recruit/102379,,2026-09-07 18:22:52
자소설닷컴,한국철도기술연구원(KRRI),2026년 1차 비정규직 채용,"(위촉-1) 사진 촬영 및 편집, (위촉-2) 대외협력 및 국내외 전시행사 관리, (위촉-3) 기술포트폴리오 등 연구원 홍보물 디자인, (위촉-4) 연구사업관리 및 지원 등 연구행정 업무, (위촉-5) 비정규직 인사",계약직,수시채용,,,2026-02-19,https://jasoseol.com/recruit/102380,,2026-09-07 18:22:52
자소설닷컴,삼양케이씨아이,2026년 상반기 대산공장 채용 전환형 인턴 채용,생산관리자,코드6,수시채용,,,2026-02-18,https://jasoseol.com/recruit/102378,,2026-09-07 18:22:52
자소설닷컴,부산정보산업진흥원,"2026년 1차 계약직 채용 공고(4급, 5급, 전문계약직 다급, 육아휴직대체인력 등 19명)","사업행정 A, 사업행정 B, 사업행정 C, 사업행정 D, 사업행정 E, 사업행정 F, 사업행정 G, 사업행정 H, 사업행정 I, 사업행정 J, 사업행정 K, 사업행정 L, 사업행정 M",계약직,수시채용,,,2026-02-23,https://jasoseol.com/recruit/102381,,2026-09-07 18:22:52
자소설닷컴,한국저작권위원회,2026년 제1차 직원 및 청년인턴 채용 공고,"심의연구, 법제연구, 정보기술, 법률상담, 저작권등록, 저작권등록(서울), 변호사, 일반행정, 학예일반, 일반행정(휴직대체/장애), 채험형 청년인턴(진주), 채험형 청년인턴(서울)","경력, 계약직, 신입, 인턴",수시채용,,,2026-02-20,https://jasoseol.com/recruit/102382,,2026-09-07 18:22:53
자소설닷컴,중앙대학교병원,(광명병원) 호흡기알레르기내과 PPM 결핵관리전담간호사 (계약직) 모집 (2026.02),간호사-호흡기알레르기내과-결핵관리전담간호사,계약직,수시채용,,,2026-02-11,https://jasoseol.com/recruit/102383,,2026-09-07 18:22:53
자소설닷컴,아이쓰리시스템,하드웨어 설계 및 시스템 개발 부문 연구원 채용,하드웨어 설계 및 시스템 개발 부문,신입,상시채용,,,2026-02-23,https://jasoseol.com/recruit/102384,,2026-09-07 18:22:54
자소설닷컴,티센크루프머티리얼코리아,비철 금속 영업(유통 부문) 신입/경력 직원 채용,비철금속 영업 (유통부문),코드5,수시채용,,,2026-03-06,https://jasoseol.com/recruit/102385,,2026-09-07 18:22:54
자소설닷컴,NHN Cloud,AI/ML 리서치 및 개발,AI/ML 리서치 및 개발,경력,상시채용,,,2026-04-03,https://jasoseol.com/recruit/102386,,2026-09-07 18:22:54
자소설닷컴,NHN Cloud,로그 플랫폼 백엔드 개발,로그 플랫폼 백엔드 개발,경력,상시채용,,,2026-04-03,https://jasoseol.com/recruit/102388,,2026-09-07 18:22:55
자소설닷컴,NHN Cloud,데이터 보안 기술 개발,데이터 보안 기술 개발,경력,상시채용,,,2026-04-03,https://jasoseol.com/recruit/102389,,2026-09-07 18:22:55
자소설닷컴,NHN Cloud,프리세일즈(7년 이상),프리세일즈(7년 이상),경력,상시채용,,,2026-02-24,https://jasoseol.com/recruit/102390,,2026-09-07 18:22:56
자소설닷컴,NHN Cloud,프리세일즈(주니어),프리세일즈(주니어),경력,상시채용,,,2026-02-24,https://jasoseol.com/recruit/102391,,2026-09-07 18:22:56
자소설닷컴,NHN Cloud,인프라 서비스 개발,인프라 서비스 개발,경력,상시채용,,,2026-04-03,https://jasoseol.com/recruit/102392,,2026-09-07 18:22:57
자소설닷컴,한국콩스버그마리타임,2026년도 상반기 신입/경력 채용공고,"Project Manager, Project Engineer, Software Engineer, Field Engineer","경력, 코드5",수시채용,,,2026-02-22,https://jasoseol.com/recruit/102387,,2026-09-07 18:22:57
자소설닷컴,NHN Cloud,메시지 플랫폼 영업,메시지 플랫폼 영업,경력,상시채용,,,2026-04-03,https://jasoseol.com/recruit/102393,,2026-09-07 18:22:57
자소설닷컴,NHN Cloud,클라우드 서비스 기획,클라우드 서비스 기획,경력,상시채용,,,2026-02-06,https://jasoseol.com/recruit/102394,,2026-09-07 18:22:57
자소설닷컴,NHN Cloud,시스템 엔지니어링,시스템 엔지니어링,경력,상시채용,,,2026-03-25,https://jasoseol.com/recruit/102396,,2026-09-07 18:22:59
자소설닷컴,NHN Cloud,네트워크 구축 및 운영,네트워크 구축 및 운영,경력,상시채용,,,2026-04-03,https://jasoseol.com/recruit/102395,,2026-09-07 18:22:59
자소설닷컴,정보통신기획평가원,"2026년 직원채용(정규직, 공무직) 공고","사업관리, 경영기획, 정보보안, 장애(사업관리), 행정지원","계약직, 코드5",수시채용,,,2026-02-19,https://jasoseol.com/recruit/102398,,2026-09-07 18:22:59
자소설닷컴,토스플레이스,HR Coordinator,HR Coordinator,계약직,상시채용,,,2026-03-19,https://jasoseol.com/recruit/102399,,2026-09-07 18:23:00
자소설닷컴,에이피알,[경영지원] 글로벌 이커머스 플랫폼 운영지원 채용연계형 인턴사원 모집,[경영지원] 글로벌 이커머스 플랫폼 운영지원 채용연계형 인턴사원 모집,인턴,상시채용,,,2026-04-03,https://jasoseol.com/recruit/102400,,2026-09-07 18:23:00
자소설닷컴,효성그룹,2026년 1분기 경력•신입사원 채용,"[효성티앤씨㈜]미국/유럽 글로벌 브랜드향 소재 마케팅 및 원단 개발, [효성티앤씨㈜]아시아 지역 Diaper용 스판덱스 해외영업, [효성티앤씨㈜]PET원사 해외영업(미국,인도), [효성티앤씨㈜]신규 유럽 Casual","경력, 신입, 코드5",수시채용,,,2026-02-11,https://jasoseol.com/recruit/102397,,2026-09-07 18:23:00
자소설닷컴,에코마케팅,퍼포먼스 마케터(안다르 일본) 채용,퍼포먼스 마케터(안다르 일본),코드5,수시채용,,,2026-02-22,https://jasoseol.com/recruit/102401,,2026-09-07 18:23:00
자소설닷컴,이노션,캠페인플래닝,캠페인플래닝,계약직,수시채용,,,2026-02-28,https://jasoseol.com/recruit/102402,,2026-09-07 18:23:01
자소설닷컴,현대CAD디자인직업전문학교,K-MOVE 일본 취업 국비연수,"3D자동차부품기계설계 (21기), 글로벌자동차3D설계엔지니어 (12기), 3D건축디자인BIM과 3D플랜트설계 (5기), 글로벌3D건축디자인과 3D플랜트설계엔지니어 (2기)",교육,상시채용,,,2026-02-28,https://jasoseol.com/recruit/102403,,2026-09-07 18:23:01
자소설닷컴,KPX케미칼,2026년 우레탄 연구 부문 채용,우레탄 연구,코드5,수시채용,,,2026-02-15,https://jasoseol.com/recruit/102404,,2026-09-07 18:23:01
자소설닷컴,서울특별시 장애인치과병원,사회복지사(육아휴직 대체) 채용,사회복지사(육아휴직 대체),계약직,수시채용,,,2026-02-20,https://jasoseol.com/recruit/102405,,2026-09-07 18:23:02
자소설닷컴,KIS정보통신,VAN백오피스 개발 채용,VAN백오피스 개발,경력,수시채용,,,2026-02-18,https://jasoseol.com/recruit/102406,,2026-09-07 18:23:03
자소설닷컴,세스코,공정관리,공정관리,경력,수시채용,,,2026-02-18,https://jasoseol.com/recruit/102407,,2026-09-07 18:23:03
자소설닷컴,야놀자,글로벌 영업 담당자 (Global Sales Manager),글로벌 영업 담당자 (Global Sales Manager),경력,상시채용,,,2026-03-05,https://jasoseol.com/recruit/102408,,2026-09-07 18:23:03
자소설닷컴,페이히어,[핀테크 스타트업] 영업 관리 어시스턴트 인턴 채용,영업 관리 어시스턴트,인턴,상시채용,,,2026-02-23,https://jasoseol.com/recruit/102409,,2026-09-07 18:23:03
자소설닷컴,JB(중부도시가스),2026년 상반기 신입사원 채용,"도시가스 안전관리, 비서","신입, 코드5",수시채용,,,2026-02-20,https://jasoseol.com/recruit/102410,,2026-09-07 18:23:04
자소설닷컴,한국수출입은행,2026년 상반기 사무직원 및 업무직원 채용,"사무직원(사무직), 업무직원(일반업무직)","계약직, 신입",수시채용,,,2026-02-20,https://jasoseol.com/recruit/102411,,2026-09-07 18:23:04
자소설닷컴,한양대학교,2026년 4월 직원 채용,"사무직-일반행정, 사무직-입학사정관(ERICA)",신입,수시채용,,,2026-02-19,https://jasoseol.com/recruit/102412,,2026-09-07 18:23:05
자소설닷컴,울산알루미늄,[재무회계] 일반직 계약직(6개월) 채용,[재무회계] FP&A 포지션,계약직,수시채용,,,2026-02-12,https://jasoseol.com/recruit/102415,,2026-09-07 18:23:05
자소설닷컴,신영그룹(shym),상반기 공정기술팀 수시채용,설비보전,경력,수시채용,,,2026-02-12,https://jasoseol.com/recruit/102413,,2026-09-07 18:23:06
자소설닷컴,비전바이오켐,2026년 상반기 신입 및 경력 채용,"B2B 마케팅, Bakery 소재 기술영업&마케팅","신입, 코드5",수시채용,,,2026-02-12,https://jasoseol.com/recruit/102416,,2026-09-07 18:23:06
자소설닷컴,아소비교육,교육프랜차이즈 교육관리팀 신입 채용,교육관리팀 팀원,코드5,수시채용,,,2026-02-22,https://jasoseol.com/recruit/102417,,2026-09-07 18:23:07
자소설닷컴,한국전자정보통신산업진흥회,[KEA-디지털유통센터] 사업관리 및 지원 담당자 채용 공고,정부사업 관리 및 지원,계약직,상시채용,,,2026-03-19,https://jasoseol.com/recruit/102420,,2026-09-07 18:23:07
자소설닷컴,유안타증권,Retail고객관리팀 업무직원 채용,Retail고객관리팀,계약직,수시채용,,,2026-02-19,https://jasoseol.com/recruit/102421,,2026-09-07 18:23:07
자소설닷컴,와디즈,펀딩 프로모션 마케팅 운영 담당자 (기간제 인턴),펀딩 프로모션 마케팅 운영 담당자,인턴,수시채용,,,2026-02-19,https://jasoseol.com/recruit/102422,,2026-09-07 18:23:08
자소설닷컴,여신금융협회,2026년도 신입·경력직원 채용,"일반사무, 정보보호·IT","경력, 신입",수시채용,,,2026-02-23,https://jasoseol.com/recruit/102423,,2026-09-07 18:23:08
자소설닷컴,한국정보인증,부문별 채용,"IT영업, 서비스 개발, 구매·총무","계약직, 인턴",수시채용,,,2026-02-19,https://jasoseol.com/recruit/102418,,2026-09-07 18:23:09
자소설닷컴,대산문화재단,문화사업팀 계약직원 채용,문화사업팀 계약직원,계약직,수시채용,,,2026-02-26,https://jasoseol.com/recruit/102425,,2026-09-07 18:23:09
자소설닷컴,중앙대학교병원,(서울병원) 영상의학과 방사선사(파트타임) 모집 (2026.01),영상의학과-방사선사,계약직,수시채용,,,2026-02-12,https://jasoseol.com/recruit/102426,,2026-09-07 18:23:10
자소설닷컴,한국환경보전원,2026년 화학물질 안전관리 전문인력 양성사업 교육생 모집,화학물질 안전관리 전문인력 양성 (1기),교육,수시채용,,,2026-02-22,https://jasoseol.com/recruit/102427,,2026-09-07 18:23:10
자소설닷컴,유니온,2026년도 상반기 신입/경력사원 공개채용,"국내영업(내화물), 해외영업, 국내영업(건축자재), 품질관리, 연구, 생산, 공무","경력, 신입, 코드5",수시채용,,,2026-02-22,https://jasoseol.com/recruit/102428,,2026-09-07 18:23:10
자소설닷컴,DRB동일,2026년 1분기 분야별 신입 및 경력사원 채용,"[동일고무벨트] 설비보전(전기), [DRB오토모티브] 비히클실링 설계/개발","경력, 신입",수시채용,,,2026-02-22,https://jasoseol.com/recruit/102424,,2026-09-07 18:23:11
자소설닷컴,농업정책보험금융원(APFS),직원 공개채용 공고,"정규직_신입_5급_행정사무(농업재해보험관리), 정규직_신입_5급_행정사무(정책금융), 계약직_경력_과장급_행정사무(농업재해보험관리)_농업재해보험검증조사, 계약직_경력_대리급_행정사무(농업재해보험관리)_농업재해보험검증","계약직, 신입",수시채용,,,2026-02-13,https://jasoseol.com/recruit/102430,,2026-09-07 18:23:11
자소설닷컴,모비데이즈,2026 상반기 인턴십 공개채용 (마케팅/AI·AX/사업기획/세일즈 외),"마케팅, 사업기획·전략, AI·AX, PM(Partnership management), GPM(global PM), 세일즈",인턴,수시채용,,,2026-02-22,https://jasoseol.com/recruit/102429,,2026-09-07 18:23:11
자소설닷컴,이노션,회계 결산 담당자(Junior),회계 결산 담당자(Junior),계약직,수시채용,,,2026-02-18,https://jasoseol.com/recruit/102431,,2026-09-07 18:23:12
자소설닷컴,이노션,브랜드 마케팅 리서치 (Junior),브랜드 마케팅 리서치 (Junior),계약직,수시채용,,,2026-02-18,https://jasoseol.com/recruit/102432,,2026-09-07 18:23:12
자소설닷컴,홈앤쇼핑,2026년 신입사원 공개채용,"영업 MD, 방송 PD, 방송기술 음향",인턴,수시채용,,,2026-02-25,https://jasoseol.com/recruit/102434,,2026-09-07 18:23:13
자소설닷컴,이노션,글로벌 앱 서비스 기획 (Junior),글로벌 앱 서비스 기획 (Junior),계약직,수시채용,,,2026-02-18,https://jasoseol.com/recruit/102433,,2026-09-07 18:23:13
자소설닷컴,FITI시험연구원,2026년 상반기 경력 및 신입직원 채용,"[기술직4-5]LCA 컨설팅 및 환경발자국 산정/검증, [기술직5-6]신산업 분야 디지털 융합 R&D 기획 및 기업지원 컨설팅, [기술직6]지자체 연계 시험인증서비스 기반구축사업 및 기업지원 연구개발사업 기획/수행,","계약직, 인턴",수시채용,,,2026-02-22,https://jasoseol.com/recruit/102435,,2026-09-07 18:23:13
자소설닷컴,서울외국환중개,2026년 야간전담직원 채용,일반직-외환중개업무,신입,수시채용,,,2026-02-23,https://jasoseol.com/recruit/102436,,2026-09-07 18:23:14
자소설닷컴,국토교통과학기술진흥원,2026년 제1차 인재채용,"항공 또는 도심항공교통(UAM) 분야 사업관리 및 기획, 항공 또는 도심항공교통(UAM) 분야 사업·행정 관리, AI 응용제품 신속상용화 지원사업(국토·교통) 관리, 행정관리 지원 (일반), 행정관리 지원 (장애인)","계약직, 인턴",수시채용,,,2026-02-23,https://jasoseol.com/recruit/102437,,2026-09-07 18:23:14
자소설닷컴,한국나노기술원,2차 위촉연구원 채용 공고,"정책관리 (경기도과제), 사업기획관리 (경기도과제), 교육관리 (경기도과제), 사업관리 (민간과제), 사업운영 (지자체과제), 공정개발 (정부과제), 반도체공정 (정부과제), 교육운영 (정부과제)",계약직,수시채용,,,2026-02-24,https://jasoseol.com/recruit/102438,,2026-09-07 18:23:15
자소설닷컴,LG유플러스,2026년 2월 신입사원 채용,"정보보안 기술, 개인정보 보호, HRM",신입,수시채용,,,2026-02-18,https://jasoseol.com/recruit/102440,,2026-09-07 18:23:16
자소설닷컴,에스제이아이티,기구개발/무역 경력 및 영업 신입 채용,"기구개발, 영업, 무역","경력, 신입",상시채용,,,2026-02-27,https://jasoseol.com/recruit/102439,,2026-09-07 18:23:16
자소설닷컴,하나증권,기업문화실 경력직 채용,기업문화실,계약직,수시채용,,,2026-02-12,https://jasoseol.com/recruit/102442,,2026-09-07 18:23:16
자소설닷컴,하나증권,IB사업실 경력직 채용,IB사업실,계약직,수시채용,,,2026-02-12,https://jasoseol.com/recruit/102441,,2026-09-07 18:23:17
자소설닷컴,하나증권,글로벌투자분석실 경력직 채용,글로벌투자분석실,계약직,수시채용,,,2026-02-18,https://jasoseol.com/recruit/102444,,2026-09-07 18:23:17
자소설닷컴,하나증권,파생상품실 경력직 채용,파생상품실,계약직,수시채용,,,2026-02-12,https://jasoseol.com/recruit/102443,,2026-09-07 18:23:17
자소설닷컴,포항공과대학교,2026년 상반기 상근직 채용 공고,"학과행정(구매/자산/시설/안전관리 등), 연구행정",계약직,수시채용,,,2026-02-26,https://jasoseol.com/recruit/102445,,2026-09-07 18:23:17
자소설닷컴,하나증권,연금사업단 경력직 채용,"퇴직연금 계리업무 및 제도 컨설팅, 손님 세무 컨설팅 및 영업지원, 연금 대면/비대면 마케팅, 연금 영업 기획/추진 및 성과 관리, 업무 지원 및 전산 개발",계약직,수시채용,,,2026-02-22,https://jasoseol.com/recruit/102446,,2026-09-07 18:23:18
자소설닷컴,코드잇,[인턴십 보장] 데이터 분석가 & 풀스택 교육생 모집,"데이터 분석가, 웹 개발",교육,수시채용,,,2026-03-02,https://jasoseol.com/recruit/102447,,2026-09-07 18:23:18
자소설닷컴,콘레브,[블랭크코퍼레이션 자회사]숏폼 콘텐츠 기획 및 편집 인턴,숏폼 콘텐츠 기획 및 편집,인턴,상시채용,,,2026-02-28,https://jasoseol.com/recruit/102448,,2026-09-07 18:23:19
자소설닷컴,에이피알,[HR] Recruiting Coordinator 계약직 사원 모집,Recruiting Coordinator 계약직 사원,계약직,상시채용,,,2026-03-24,https://jasoseol.com/recruit/102451,,2026-09-07 18:23:20
자소설닷컴,KCC실리콘,통번역사 채용,통번역,코드5,수시채용,,,2026-02-18,https://jasoseol.com/recruit/102450,,2026-09-07 18:23:20
자소설닷컴,한국생명존중희망재단,2026년 제1차 직원 채용(공개.제한경쟁)공고,"사업기획.운영, 사업기획.운영(장애인), 전산.정보, 자살예방 상담사, 상담팀장, 육아휴직 대체, 정책연구(연구직 4급상당), 정책연구(연구직 5급상당), 연구분석원, SNS상담 재택상담사, 힐링톡톡 운영, 힐링톡톡","계약직, 인턴",수시채용,,,2026-02-23,https://jasoseol.com/recruit/102452,,2026-09-07 18:23:20
자소설닷컴,새만금개발공사,2026년도 정기채용 공고,"일반직_사원(5등급)_공개_행정, 일반직_사원(5등급)_공개_토목, 일반직_사원(5등급)_공개_전기, 일반직_사원(5등급)_제한(어학)_투자유치, 일반직_사원(5등급)_제한(자격)_보건관리, 일반직_사원(5등급)_제","경력, 계약직, 신입, 인턴",수시채용,,,2026-02-19,https://jasoseol.com/recruit/102453,,2026-09-07 18:23:21
자소설닷컴,동국제약,"신입/경력 채용(생산본부, 연구소) ~ 2/18","원료시험팀, 벨리데이션팀, 시설관리팀(보일러, 도시가스, 공조냉동 안전관리자), 시설관리팀(설비 관리), 시설관리팀(전기설비 안전관리자), 재고관리팀, 주사제팀, 연고팀, 생약연구팀, 제제연구팀, 분석연구팀","경력, 신입, 코드5",수시채용,,,2026-02-18,https://jasoseol.com/recruit/102454,,2026-09-07 18:23:21
자소설닷컴,대창전자코리아,"전자부품 영업 모집(중국어 필수, 베트남어 or 영어 비즈니스 이상)","전자부품 영업,기술영업",코드5,수시채용,,,2026-04-10,https://jasoseol.com/recruit/102449,,2026-09-07 18:23:21
자소설닷컴,동국제약,신입/경력 채용(글로벌/개발/디자인/영업/마케팅/경영/관리 등 모집) ~ 2/18,"건식영업, 글로벌 화장품 마케팅, 글로벌 메디컬 에스테틱 마케팅, 글로벌 화장품 해외영업, 글로벌 제약 해외영업, 내부감사, 회계 관리, 회계결산, CP, 총무(ESG), 미래전략팀, IT기획운영부 개발팀, 전략 구","경력, 신입, 코드5",수시채용,,,2026-02-18,https://jasoseol.com/recruit/102455,,2026-09-07 18:23:21
자소설닷컴,지에스아이티엠,관리 조직을 넘어 전략을 설계하는 경영기획팀 인재 채용 (신입/경력),경영 기획,"경력, 신입",수시채용,,,2026-03-02,https://jasoseol.com/recruit/102456,,2026-09-07 18:23:22
자소설닷컴,마이다스그룹,B2B 마케팅 담당자 채용,영업 및 마케팅-B2B 마케팅-판교본사,경력,수시채용,,,2026-02-28,https://jasoseol.com/recruit/102458,,2026-09-07 18:23:22
자소설닷컴,마이다스그룹,기계 SW 구조해석 기술지원 담당자 채용,기술지원분야-기계SW 기술지원,경력,수시채용,,,2026-02-28,https://jasoseol.com/recruit/102457,,2026-09-07 18:23:22
자소설닷컴,마이다스그룹,[일본법인] 재팬 개발 담당자 채용,웹 개발,경력,수시채용,,,2026-02-22,https://jasoseol.com/recruit/102459,,2026-09-07 18:23:23
자소설닷컴,중앙대학교병원,(서울병원) 건진센터(증진) 간호사(계약직) 모집 (2026.02),건진센터(증진)-간호사,계약직,수시채용,,,2026-02-18,https://jasoseol.com/recruit/102462,,2026-09-07 18:23:24
자소설닷컴,씨엔씨티에너지(충남도시가스),2026년 상반기 전환인턴 채용,"도시가스 안전관리(보훈), 도시가스 안전관리(일반), 비즈니스 매니지먼트",인턴,수시채용,,,2026-02-22,https://jasoseol.com/recruit/102460,,2026-09-07 18:23:24
자소설닷컴,서울디자인재단,2026년 상반기 직원 채용 공고,"정규직 6급-디자인, 정규직 6급-경영, 정규직 6급-시설, 계약직 6급-디자인, 계약직 6급-경영, 계약직 6급-시설","계약직, 코드5",수시채용,,,2026-02-24,https://jasoseol.com/recruit/102461,,2026-09-07 18:23:24
자소설닷컴,한국정보산업연합회,AI·SW마에스트로 제17기 연수생 모집,AI·SW마에스트로 연수생 (부산센터),교육,수시채용,,,2026-03-12,https://jasoseol.com/recruit/102463,,2026-09-07 18:23:24
자소설닷컴,중앙대학교병원,홍보팀 행정(계약직) 모집 (2026.02),홍보팀-행정,계약직,수시채용,,,2026-02-18,https://jasoseol.com/recruit/102465,,2026-09-07 18:23:25
자소설닷컴,중앙대학교병원,(광명병원) 보험심사팀 행정직(간호사) (정규직) 모집 (2026.02),행정(간호사)-보험심사팀,신입,수시채용,,,2026-02-18,https://jasoseol.com/recruit/102466,,2026-09-07 18:23:26
자소설닷컴,중앙대학교병원,(광명병원) 간호본부 외래간호팀 간호사 (계약직) 모집 (2026.02),간호사-간호본부(외래간호팀),계약직,수시채용,,,2026-02-18,https://jasoseol.com/recruit/102467,,2026-09-07 18:23:26
자소설닷컴,한국건설생활환경시험연구원,[KCL] 정규직 채용공고 (제2026-1차),"[A-01] 재무·회계, [A-02] 조직·임상병리 (수의사), [A-03] 우주·항공, [A-04] AI·로보틱스, [A-05] 반도체·전장, [A-06] 전기차·배터리, [A-07] 전동화차량1, [A-08] 전","경력, 신입",수시채용,,,2026-02-24,https://jasoseol.com/recruit/102464,,2026-09-07 18:23:27
자소설닷컴,계룡건설산업,2026년 상반기 채용연계형 인턴 및 경력직 모집공고,"건축, 설비, 전기, 조경, 관리, 견적(건축), 적산, 토목, 견적(부대토목), 구조","경력, 계약직, 인턴",수시채용,,,2026-02-25,https://jasoseol.com/recruit/102469,,2026-09-07 18:23:27
자소설닷컴,스나이퍼팩토리,[취업연계] 한컴 AI 아카데미 5기 모집,한컴 AI 아카데미 5기 수강생 모집,교육,수시채용,,,2026-03-08,https://jasoseol.com/recruit/102471,,2026-09-07 18:23:28
자소설닷컴,현대엘앤씨,26년 1분기 경력사원 채용 (세종사업장),계전(전기),경력,수시채용,,,2026-02-22,https://jasoseol.com/recruit/102470,,2026-09-07 18:23:28
자소설닷컴,에이피알,[마케팅] 메디큐브 미국 뷰티 인플루언서 마케팅(PR) 채용연계형 인턴사원 모집,[마케팅] 메디큐브 미국 뷰티 인플루언서 마케팅(PR) 채용연계형 ,인턴,상시채용,,,2026-02-27,https://jasoseol.com/recruit/102472,,2026-09-07 18:23:28
자소설닷컴,한국가스기술공사(KOGAS-TECH),2026년 상반기 신입직원 채용공고,"일반직 6급2 기계, 일반직 6급2 전기, 일반직 7급 기계, 일반직 7급 전기, 특정직 9등급 기술공통, 별정직 미화","계약직, 신입",수시채용,,,2026-02-23,https://jasoseol.com/recruit/102468,,2026-09-07 18:23:28
자소설닷컴,우리자산운용,2026년 상반기 신입사원 공개채용,"주식운용부문, 대체투자부문, 첨단산업투자실",신입,수시채용,,,2026-02-21,https://jasoseol.com/recruit/102473,,2026-09-07 18:23:28
자소설닷컴,한국표준협회,2026년 1차 기간제 근로자 공개채용,"홈페이지 운영 및 웹 디자인(DX추진), 표준화 사업 기획 및 운영(첨단산업&서비스표준센터), 국내.외 표준보급 운영 및 지원(표준정보센터), KS인증 및 정부 사업 운영(KS인증센터), 교육 기획 및 운용(경영교육",계약직,수시채용,,,2026-02-26,https://jasoseol.com/recruit/102474,,2026-09-07 18:23:29
자소설닷컴,리멤버앤컴퍼니,자소설닷컴 서비스운영 담당자(계약직),자소설닷컴 서비스운영 담당자,계약직,상시채용,,,2026-04-09,https://jasoseol.com/recruit/102475,,2026-09-07 18:23:29
자소설닷컴,토스페이먼츠,Merchant Onboarding Assistant,가맹점 관리,계약직,상시채용,,,2026-03-03,https://jasoseol.com/recruit/102476,,2026-09-07 18:23:30
자소설닷컴,테크젠,1/4분기 정기채용,"재경, 환경관리, 엔진품질 , 인사/노사, 운영지원","경력, 계약직, 신입",수시채용,,,2026-02-20,https://jasoseol.com/recruit/102478,,2026-09-07 18:23:30
자소설닷컴,계명대학교 동산병원,"정규직 전환 대상 계약직(행정직, 보건직, 관리운영직) 공개경쟁채용","행정, 방사선사, 간호조무사, 시설관리원A, 시설관리원B",계약직,수시채용,,,2026-02-23,https://jasoseol.com/recruit/102477,,2026-09-07 18:23:31
자소설닷컴,에이피알,[SCM] 해외물류 운영 담당 채용연계형 인턴사원 모집,해외물류 운영 담당,인턴,상시채용,,,2026-03-19,https://jasoseol.com/recruit/102480,,2026-09-07 18:23:31
자소설닷컴,에이피알,[마케팅] 유럽(스페인) 아마존 MD 채용연계형 인턴사원 모집,[마케팅] 유럽(스페인) 아마존 MD 채용연계형 인턴사원 모집,인턴,상시채용,,,2026-02-27,https://jasoseol.com/recruit/102481,,2026-09-07 18:23:32
자소설닷컴,한국전시산업진흥회,"국제협력 및 해외전시회 성과관리,  경영지원 보조 기간제 직원 채용","해외전시회 성과측정 및 국제협력 사업 업무보조, 회계업무 지원 및 경영지원팀 서무 보조",계약직,수시채용,,,2026-02-22,https://jasoseol.com/recruit/102482,,2026-09-07 18:23:32
자소설닷컴,밀버스,2026년 세일즈포스 개발자 공개채용,Salesforce Core Developer,인턴,수시채용,,,2026-03-13,https://jasoseol.com/recruit/102479,,2026-09-07 18:23:32
자소설닷컴,쎄트렉아이,경력직 채용,"위성 SMT 조립 기술원, 제품보증(PA) 담당자, Web Front-End 개발자, 품질보증(QA) 담당자",경력,수시채용,,,2026-02-22,https://jasoseol.com/recruit/102483,,2026-09-07 18:23:33
자소설닷컴,홍천엠앤티,영업MD(올리브영_색조 파트) 채용,영업MD,코드5,수시채용,,,2026-02-24,https://jasoseol.com/recruit/102485,,2026-09-07 18:23:33
자소설닷컴,도드람푸드,2026년 상반기 영업부문 수시채용 ,영업 ,신입,수시채용,,,2026-02-22,https://jasoseol.com/recruit/102484,,2026-09-07 18:23:34
자소설닷컴,SK이터닉스,2026년 채용연계형 인턴 공개채용,"재무, 사업개발 - 태양광, 사업개발 - 연료전지, 사업개발 - ESS, 사업개발 - 풍력",인턴,수시채용,,,2026-02-28,https://jasoseol.com/recruit/102486,,2026-09-07 18:23:34
자소설닷컴,토스뱅크,Privacy Operations Specialist,Privacy Operations Specialist,계약직,상시채용,,,2026-04-05,https://jasoseol.com/recruit/102487,,2026-09-07 18:23:34
자소설닷컴,토스뱅크,Security Operations Specialist (시스템 보안),Security Operations Specialist,계약직,상시채용,,,2026-04-05,https://jasoseol.com/recruit/102488,,2026-09-07 18:23:34
자소설닷컴,토스뱅크,Security Operations Specialist (네트워크 보안),Security Operations Specialist,계약직,상시채용,,,2026-04-10,https://jasoseol.com/recruit/102489,,2026-09-07 18:23:35
자소설닷컴,한국피앤지,Sales and Marketing Manager,Sales and Marketing Manager (1년 이상 정규직 경력),경력,상시채용,,,2026-03-11,https://jasoseol.com/recruit/102492,,2026-09-07 18:23:36
자소설닷컴,토스뱅크,Security Research Specialist,Security Research Specialist,계약직,상시채용,,,2026-04-10,https://jasoseol.com/recruit/102490,,2026-09-07 18:23:37
자소설닷컴,야놀자,[Yanolja NEXT] Software Engineer - Search,[Yanolja NEXT] Software Engineer - Search,경력,상시채용,,,2026-04-01,https://jasoseol.com/recruit/102493,,2026-09-07 18:23:37
자소설닷컴,야놀자,[Yanolja NEXT] Software Engineer - IAB Platform Solution,[Yanolja NEXT] Software Engineer - IAB Platform Solution,경력,상시채용,,,2026-04-01,https://jasoseol.com/recruit/102494,,2026-09-07 18:23:37
자소설닷컴,야놀자,[Yanolja NEXT] Product Manager,Product Manager,경력,상시채용,,,2026-04-01,https://jasoseol.com/recruit/102495,,2026-09-07 18:23:37
자소설닷컴,에코마케팅,브랜드 마케터(안다르 글로벌) 신입/경력 채용,브랜드 마케터,코드5,수시채용,,,2026-02-22,https://jasoseol.com/recruit/102496,,2026-09-07 18:23:38
자소설닷컴,코스콤,2026년 상반기 신입직원 채용,IT ,신입,수시채용,,,2026-03-11,https://jasoseol.com/recruit/102491,,2026-09-07 18:23:38
자소설닷컴,야놀자,[Yanolja NEXT] Data Engineer,[Yanolja NEXT] Data Engineer,경력,상시채용,,,2026-04-01,https://jasoseol.com/recruit/102497,,2026-09-07 18:23:38
자소설닷컴,포천파워,2026년 상반기 기술직 신입사원 채용,기술직,신입,수시채용,,,2026-02-24,https://jasoseol.com/recruit/102498,,2026-09-07 18:23:39
자소설닷컴,야놀자,[Yanolja NEXT] Lead Software Engineer - IAB,Lead Software Engineer - IAB,경력,상시채용,,,2026-04-01,https://jasoseol.com/recruit/102499,,2026-09-07 18:23:39
자소설닷컴,로지스올,경력사원 채용,"[한국컨테이너풀㈜]3PL 영업 및 물류센터 관리, [한국컨테이너풀㈜]3PL SCM 영업및관리, [한국로지스풀㈜]3PL 영업관리, [한국로지스풀㈜]3PL 운영관리, [한국로지스풀㈜]지게차 영업 , [로지스올컨설팅㈜]C",경력,수시채용,,,2026-02-25,https://jasoseol.com/recruit/102500,,2026-09-07 18:23:40
자소설닷컴,유안타증권,리서치센터 기업분석팀 RA 채용,기업분석팀,계약직,수시채용,,,2026-02-26,https://jasoseol.com/recruit/102501,,2026-09-07 18:23:40
자소설닷컴,알파사이츠,상반기 주요고객사 프로젝트 담당자 신입 채용 (~3/15),Client Service Associate (주요 고객사 프로젝트 담당자),코드5,수시채용,,,2026-03-15,https://jasoseol.com/recruit/102503,,2026-09-07 18:23:41
자소설닷컴,유안타증권,리서치센터 IT담당 신입/경력직원 채용,리서치센터 IT담당자,계약직,수시채용,,,2026-02-26,https://jasoseol.com/recruit/102502,,2026-09-07 18:23:41
자소설닷컴,중앙대학교병원,(광명병원) 순환기내과(심장예방재활센터) 간호사 (휴직대체) 모집 (2026.02),간호사-순환기내과(심장예방재활센터),계약직,수시채용,,,2026-02-18,https://jasoseol.com/recruit/102504,,2026-09-07 18:23:41
자소설닷컴,중앙대학교병원,(광명병원) 순환기내과(심장뇌혈관시술센터) 방사선사 모집 (2026.02),방사선사-순환기내과(심장뇌혈관시술센터),계약직,수시채용,,,2026-02-18,https://jasoseol.com/recruit/102505,,2026-09-07 18:23:42
자소설닷컴,토스플레이스,Finance Specialist (정산),Finance Specialist (정산),계약직,상시채용,,,2026-02-25,https://jasoseol.com/recruit/102506,,2026-09-07 18:23:42
자소설닷컴,브이샘,슬래그 영업직원 인재채용,브이샘 슬래그 영업직원,코드5,수시채용,,,2026-02-22,https://jasoseol.com/recruit/102507,,2026-09-07 18:23:42
자소설닷컴,한국폴리아세탈,2026년 상반기 신입 공개채용,"연구개발 (R&D), 기술지원 (TS)",신입,수시채용,,,2026-02-23,https://jasoseol.com/recruit/102510,,2026-09-07 18:23:43
자소설닷컴,삼진제약,2026년 상반기 신입/경력 채용,"ETC 영업 (전국), SFE, 학술 (MSL), 마케팅PM (Primary Care), CE, 경영기획, 비서, 항암/폐동맥고혈압 (지부장), 항암/폐동맥고혈압 (PM), THC 마케팅 (팀장), 개발, 제조관리 ","경력, 신입, 코드5",수시채용,,,2026-03-02,https://jasoseol.com/recruit/102509,,2026-09-07 18:23:43
자소설닷컴,NHR,2026년 1분기 신입·경력 채용,"HR마케팅(AE)_HR커뮤니케이션3팀, 미디어 퍼포먼스 마케팅_HR커넥트팀, 연구원_HR컨설팅팀, 총무(GA)_경영지원팀, 채용컨설팅_HireX팀","경력, 신입, 코드5",수시채용,,,2026-03-05,https://jasoseol.com/recruit/102508,,2026-09-07 18:23:44
자소설닷컴,경기창조경제혁신센터,창업기업AC/경영지원(재무·회계) 경력 및 신입 직원 채용,"창업기업 액셀러레이터(선임, 주임), 창업기업 액셀러레이터(사원), 경영지원(재무·회계)(사원)",계약직,수시채용,,,2026-02-23,https://jasoseol.com/recruit/102512,,2026-09-07 18:23:44
자소설닷컴,에코마케팅,패션 퍼포먼스 마케터(안다르) 신입 채용,패션 퍼포먼스 마케터,신입,수시채용,,,2026-02-22,https://jasoseol.com/recruit/102513,,2026-09-07 18:23:45
자소설닷컴,KT스카이라이프,유·무선 마케팅 경력직 채용 (계약직),유·무선 마케팅,계약직,수시채용,,,2026-02-22,https://jasoseol.com/recruit/102514,,2026-09-07 18:23:46
자소설닷컴,굿트러스트,2026년 상반기 공개채용,"의류 생산관리/디자인팀, 의류 품질관리팀, 의류 연구개발팀 ",코드5,수시채용,,,2026-02-26,https://jasoseol.com/recruit/102515,,2026-09-07 18:23:47
자소설닷컴,학교법인 서강대학교,계약직원(비서) 채용공고,비서,계약직,수시채용,,,2026-02-26,https://jasoseol.com/recruit/102511,,2026-09-07 18:23:47
자소설닷컴,하나증권,천안지점 경력직 채용,천안지점,계약직,수시채용,,,2026-02-25,https://jasoseol.com/recruit/102517,,2026-09-07 18:23:47
자소설닷컴,경신전선,2026년 1분기 생산기술 직무 채용,"생산기술, 생산(공정관리)",코드5,수시채용,,,2026-02-25,https://jasoseol.com/recruit/102518,,2026-09-07 18:23:47
자소설닷컴,신원,수출부문 KNIT 해외영업(담당 바이어 미정) 주니어경력 채용,해외영업,경력,수시채용,,,2026-02-28,https://jasoseol.com/recruit/102516,,2026-09-07 18:23:48
자소설닷컴,현대종합금속,신입사원 모집,"본사 수출영업부(러시아), 본사 내수영업부-포항사무소",신입,수시채용,,,2026-03-02,https://jasoseol.com/recruit/102519,,2026-09-07 18:23:48
자소설닷컴,울산신용보증재단,일반직(정규직) 공개모집,일반직(정규직) ,코드5,수시채용,,,2026-02-20,https://jasoseol.com/recruit/102521,,2026-09-07 18:23:49
자소설닷컴,중앙대학교병원,(광명병원) 교육행정팀 행정직 직원 (계약직) 모집 (2026.02),행정-교육행정팀,계약직,수시채용,,,2026-02-18,https://jasoseol.com/recruit/102522,,2026-09-07 18:23:49
자소설닷컴,한국지역정보개발원,2026년 상반기 정규직 채용,"정보시스템, 정보보안",신입,수시채용,,,2026-02-24,https://jasoseol.com/recruit/102523,,2026-09-07 18:23:49
자소설닷컴,에이피알,[경영지원] 디바이스 해외 문안 제작 및 검수 채용연계형 인턴사원 모집,[경영지원] 디바이스 해외 문안 제작 및 검수 채용연계형 인턴사원 모집,인턴,상시채용,,,2026-03-18,https://jasoseol.com/recruit/102520,,2026-09-07 18:23:50
자소설닷컴,신원,수출부문 KNIT 해외영업 Old Navy 담당 신입/경력 채용,해외영업,코드5,수시채용,,,2026-02-13,https://jasoseol.com/recruit/102524,,2026-09-07 18:23:50
자소설닷컴,동아일보사,2026년 매거진 채용연계형 인턴 기자 모집,시사지,인턴,수시채용,,,2026-03-06,https://jasoseol.com/recruit/102527,,2026-09-07 18:23:51
자소설닷컴,세방그룹,2026년 1분기 신입·인턴·경력사원 정기 채용,"[세방이의순재단]사회복지사, [세방㈜]물류운영, [세방㈜]국내영업, [세방㈜]안전관리, [세방㈜]해외법인 영업, [세방㈜]시설관리, [세방전지㈜]구매, [세방전지㈜]국내영업, [세방전지㈜]해외영업1, [세방전지㈜]해","경력, 신입, 인턴",수시채용,,,2026-02-22,https://jasoseol.com/recruit/102526,,2026-09-07 18:23:52
자소설닷컴,신원,수출부문 R&D Style팀 경력 채용,R&D,경력,수시채용,,,2026-03-01,https://jasoseol.com/recruit/102525,,2026-09-07 18:23:52
자소설닷컴,대한예수교장로회 총회연금재단,총회연금재단 사장(총괄본부장) 채용 공고,업무 총괄,계약직,수시채용,,,2026-03-06,https://jasoseol.com/recruit/102529,,2026-09-07 18:23:53
자소설닷컴,하나저축은행,2026 IT 채용형 인턴직원 모집,IT기획/운영,인턴,수시채용,,,2026-02-23,https://jasoseol.com/recruit/102531,,2026-09-07 18:23:54
자소설닷컴,대한예수교장로회 총회연금재단,총회연금재단 경력 및 신입 채용 공고,리스크관리(위기관리팀),코드5,수시채용,,,2026-03-06,https://jasoseol.com/recruit/102532,,2026-09-07 18:23:54
자소설닷컴,JW,2026년 2차 수시채용,"[JW중외제약]영업원(ETC), [JW중외제약]영업원(OTC), [JW중외제약]DST(타발리스), [JW중외제약]마케팅(ETC), [JW중외제약]시장분석, [JW중외제약]RA(의약품), [JW중외제약]사업개발(Lic","경력, 신입, 코드5",수시채용,,,2026-02-26,https://jasoseol.com/recruit/102528,,2026-09-07 18:23:54
자소설닷컴,서울우유협동조합,"2026년 서울우유 신입직원 채용(일반직/기술직, 기능직)","[일반직]영업/경영지원, [기술직]생산관리, [기술직]전기, [기술직]연구개발, [기술직]수의사, [기능직]설비보전, [기능직]전기",신입,수시채용,,,2026-02-26,https://jasoseol.com/recruit/102530,,2026-09-07 18:23:55
자소설닷컴,한국화재보험협회,2026년 상반기 채용형 인턴 및 계약직원 공개채용,"보험, 기술사, 데이터 전문가, 연구원(재사용전지 안전성 검사), 연구원(로터세일 실증 평가), 소규모 특수건물 등 안전점검","계약직, 인턴",수시채용,,,2026-02-22,https://jasoseol.com/recruit/102534,,2026-09-07 18:23:55
자소설닷컴,롯데홈쇼핑,2026년 2월 경력 및 체험형 인턴 채용,"콘텐츠 기획/제작, M-Commerce (기획) ","경력, 인턴",수시채용,,,2026-02-18,https://jasoseol.com/recruit/102535,,2026-09-07 18:23:55
자소설닷컴,은행권청년창업재단,(디캠프) 2026 일본/미국 사업 PM 수시채용,"글로벌사업팀 일본사업 PM, 글로벌사업팀 미국사업 PM","경력, 계약직",상시채용,,,2026-04-11,https://jasoseol.com/recruit/102533,,2026-09-07 18:23:55
자소설닷컴,일진전기,2026년 채용연계형 인턴 모집,"전선 국내영업, 전선 해외영업, 중전기 국내영업, 중전기 해외영업, 전선 생산, 전선 ACC생산, 전선 설계, 전선 시공, 전선 QA, 재료 생산, 재료 설비보전, 변압기 전기설계, 변압기 구조설계, 변압기 QA, ",인턴,수시채용,,,2026-03-02,https://jasoseol.com/recruit/102536,,2026-09-07 18:23:56
자소설닷컴,프리윌린,세일즈팀/풀리팀 신입 (전환형 인턴) 채용,"세일즈팀 매쓰플랫 세일즈 담당자 (전환형 인턴), 풀리팀 B2G 세일즈 담당자 (전환형 인턴)",인턴,수시채용,,,2026-03-02,https://jasoseol.com/recruit/102537,,2026-09-07 18:23:56
자소설닷컴,연합인포맥스,웹 프론트앤드 개발자 모집(신입/경력),웹 프론트앤드 엔지니어,코드5,수시채용,,,2026-03-02,https://jasoseol.com/recruit/102539,,2026-09-07 18:23:57
자소설닷컴,엘티정밀,각 부문 신입 및 경력사원 모집,"재경팀, 공무팀, 연구소 ","경력, 코드5",수시채용,,,2026-02-24,https://jasoseol.com/recruit/102540,,2026-09-07 18:23:58
자소설닷컴,인천시설공단,2026년 직원 채용계획 공고,"일반직 7급_사무직_사무, 일반직 7급_연구직_과학연구, 일반직 7급_기술직_전기, 일반직 7급_기술직_건축, 일반직 7급_기술직_기계, 일반직 7급_기술직_전산, 일반직 7급_기술직_통신, 실무직 5급_장애_사무원","신입, 코드5",수시채용,,,2026-03-06,https://jasoseol.com/recruit/102542,,2026-09-07 18:23:59
자소설닷컴,신원,KNIT 해외영업(Old Navy KNIT Fleece/Performance) 담당 신입/경력 채용,해외영업,코드5,수시채용,,,2026-02-28,https://jasoseol.com/recruit/102538,,2026-09-07 18:23:59
자소설닷컴,교원그룹,2월 정기 수시채용,"[Wells] 품질 신뢰성 검증, [Wells] HRM (보상/근태), [Wells] 영업관리 (BM), [투어] 온라인 MD 기획/운영 (E-commerce), [투어] 사업기획/경영관리, [IT지원실] 정보 보안","경력, 신입, 코드5",수시채용,,,2026-02-22,https://jasoseol.com/recruit/102543,,2026-09-07 18:24:00
자소설닷컴,SGI신용정보,채용형 인턴사원 채용,일반관리직,인턴,수시채용,,,2026-03-06,https://jasoseol.com/recruit/102541,,2026-09-07 18:24:00
자소설닷컴,에이피알,[마케팅] 메디큐브 Global Media Relations 채용연계형 인턴사원 모집,[마케팅] 메디큐브 Global Media Relations 채용연계형 인턴사원 모집,인턴,상시채용,,,2026-03-09,https://jasoseol.com/recruit/102545,,2026-09-07 18:24:00
자소설닷컴,23세기아이들,SNS 콘텐츠 마케팅 인턴 (전환형),SNS 콘텐츠 마케팅 인턴 (전환형),인턴,수시채용,,,2026-03-02,https://jasoseol.com/recruit/102544,,2026-09-07 18:24:00
자소설닷컴,SK플래닛,논문 읽고 구현하는 AI 엔지니어 부트캠프,(SK플래닛) 빅데이터 분석가 과정 11기 ,교육,수시채용,,,2026-03-22,https://jasoseol.com/recruit/102546,,2026-09-07 18:24:00
자소설닷컴,서울주택도시개발공사,2026년 사무•기술직 / 주거복지직 신입사원 직무중심 채용공고,"[사무직] 경영지원/사업관리_일반경쟁, [사무직] 경영지원/사업관리_장애인 제한경쟁, [사무직] 전산, [기술직] 토목_일반경쟁, [기술직] 토목_장애인 제한경쟁, [기술직] 건축_일반경쟁, [기술직] 건축_장애인 ",신입,수시채용,,,2026-03-12,https://jasoseol.com/recruit/102547,,2026-09-07 18:24:01
자소설닷컴,어플라이드 머티어리얼즈 코리아,Customer Engineer (장비 엔지니어),Customer Engineer (장비 엔지니어),신입,수시채용,,,2026-02-25,https://jasoseol.com/recruit/102549,,2026-09-07 18:24:02
자소설닷컴,세스코,기구개발 및 설계,기구개발 및 설계,경력,수시채용,,,2026-02-26,https://jasoseol.com/recruit/102550,,2026-09-07 18:24:02
자소설닷컴,AJ네트웍스,수시채용 (신입/경력),"영업지원, 회계, 법무, 내부통제, 운영지원, 파렛트 회수, 파렛트 B2B 영업, 해외영업 , 해외영업 (경력), 로봇 SI (팀장급), 로봇 SI, 로봇설치 및 유지보수, IT장비 B2B영업, 자산 운영•관리, 장","경력, 신입, 코드5",수시채용,,,2026-02-22,https://jasoseol.com/recruit/102551,,2026-09-07 18:24:02
자소설닷컴,야놀자,Software Engineer - Platform Engineering,Software Engineer - Platform Engineering,경력,상시채용,,,2026-03-05,https://jasoseol.com/recruit/102548,,2026-09-07 18:24:03
자소설닷컴,세스코,생활용품(마이랩) 개발,생활용품(마이랩) 개발,코드5,수시채용,,,2026-02-26,https://jasoseol.com/recruit/102552,,2026-09-07 18:24:03
자소설닷컴,야놀자,Corp HR Planning Specialist,Corp HR Planning Specialist,경력,상시채용,,,2026-03-05,https://jasoseol.com/recruit/102553,,2026-09-07 18:24:03
자소설닷컴,포스코DX,2026년 상반기 경력사원 채용(정규직),"M365, 정보 보안, 최적화 모델, AI Agent, Agentic Intelligence, Decision Intelligence, Spatial Intelligence, Agentic Workflow, AI O",경력,수시채용,,,2026-03-03,https://jasoseol.com/recruit/102554,,2026-09-07 18:24:04
자소설닷컴,에이피알,"[마케팅] 유럽 틱톡샵 마케팅 채용연계형 인턴사원 모집(스페인,이탈리아)","[마케팅] 유럽 틱톡샵 마케팅 채용연계형 (스페인,이탈리아)",인턴,상시채용,,,2026-02-27,https://jasoseol.com/recruit/102555,,2026-09-07 18:24:04
자소설닷컴,멋쟁이사자처럼,[6주 과정] 내 스케줄대로 완성하는 12개 취업 치트키,"소프트웨어 테스팅, 피그마 UI 실무, UX/UI 디자인, 핀테크 서비스 기획, 초보 PM 현업 가이드, 캐글 데이터 분석, 프론트엔드 실무, 웹 개발 완벽가이드, AI 챗봇 구축, MLOps와 온디바이스 AI, 실",교육,수시채용,,,2026-02-27,https://jasoseol.com/recruit/102556,,2026-09-07 18:24:05
자소설닷컴,OCI,2026 상반기 채용연계형 인턴 수시채용,"총무, 생산관리, 품질관리 내 생산기획",인턴,수시채용,,,2026-02-23,https://jasoseol.com/recruit/102558,,2026-09-07 18:24:05
자소설닷컴,에이피알,[마케팅] 메디큐브 미국 틱톡샵 운영(MD) 담당 채용연계형 인턴사원 모집,[마케팅] 메디큐브 미국 틱톡샵 운영(MD) 담당 채용연계형,인턴,상시채용,,,2026-02-27,https://jasoseol.com/recruit/102557,,2026-09-07 18:24:05
자소설닷컴,한국특허기술진흥원(KIPRO),직원(선행기술조사 등) 모집,"시설 관리_서울, 네트워크 관리_서울, 선행기술조사(국제출원) 기계_대전, 선행기술조사(국제출원) 화학_대전, 선행기술조사(국제출원) 통신_대전, 선행기술조사(국제출원) 기계_서울, 선행기술조사(국제출원) 화학_서울","계약직, 인턴",수시채용,,,2026-02-27,https://jasoseol.com/recruit/102561,,2026-09-07 18:24:08
자소설닷컴,디와이,수시채용 신입·경력 사원 모집,"영업/마케팅, 특장 해외 CS EV, EV (Electric Vehicle) 해외 (일본) CS 영업/마케팅, EV (Electric Vehicle) 자율주행 설계, 세차기 제어 설계","경력, 신입, 코드5",수시채용,,,2026-03-03,https://jasoseol.com/recruit/102560,,2026-09-07 18:24:08
자소설닷컴,한국무라타전자,영업관리 채용,영업관리,코드5,수시채용,,,2026-02-27,https://jasoseol.com/recruit/102559,,2026-09-07 18:24:08
자소설닷컴,금융보안원,금융보안교육센터 컨소시엄사업 지원직원 모집,사무사원,계약직,수시채용,,,2026-02-24,https://jasoseol.com/recruit/102562,,2026-09-07 18:24:09
자소설닷컴,코카콜라음료,여주공장 신입사원 채용,"품질보증(QA), 환경, 생산관리",신입,수시채용,,,2026-02-23,https://jasoseol.com/recruit/102563,,2026-09-07 18:24:09
자소설닷컴,유안타증권,Retail고객관리팀 KLPGA 프로골퍼 채용,Retail고객관리팀,계약직,수시채용,,,2026-03-03,https://jasoseol.com/recruit/102564,,2026-09-07 18:24:09
자소설닷컴,테크윙,2026년 2월 각 부문 채용,"해외영업, IT, 재무회계, 기구설계, SW개발, HW개발, 제조그룹, 고객만족그룹(CS), 특허, 품질보증, VIsion SW 개발, 해석(재료연구), 해석(구조/동역학), 구매","경력, 신입, 코드5",수시채용,,,2026-03-04,https://jasoseol.com/recruit/102566,,2026-09-07 18:24:10
자소설닷컴,한국뉴욕주립대학교,2026 Staff Recruitment,"SBU Academic Team - Academic & Faculty Affairs Team Member, HR & Operations Team - Administration Team Member, Other/Tal",코드5,수시채용,,,2026-03-02,https://jasoseol.com/recruit/102565,,2026-09-07 18:24:10
자소설닷컴,유안타증권,Multi Asset운용팀 신입/경력직원 채용,Multi Asset운용팀,계약직,수시채용,,,2026-03-03,https://jasoseol.com/recruit/102567,,2026-09-07 18:24:11
자소설닷컴,유안타증권,PF솔루션팀 신입직원 채용,PF솔루션팀,계약직,수시채용,,,2026-03-04,https://jasoseol.com/recruit/102568,,2026-09-07 18:24:11
자소설닷컴,포스코DX,2026년 상반기 경력사원 보훈특별채용,"Agentic Intelligence, Decision Intelligence, Spatial Intelligence, Agentic Workflow",경력,수시채용,,,2026-03-03,https://jasoseol.com/recruit/102569,,2026-09-07 18:24:11
자소설닷컴,토스페이먼츠,Merchant Onboarding Specialist (PG 계약/심사),Merchant Onboarding Specialist (PG 계약/심사),계약직,상시채용,,,2026-04-19,https://jasoseol.com/recruit/102570,,2026-09-07 18:24:12
자소설닷컴,파수에이아이,2026년 1차 신입 공개 채용,"솔루션 영업, CPS보안 영업, 해외 사업·글로벌 마케팅, SW컨설턴트, 해외 SW컨설턴트, CPS보안 컨설턴트, AI컨설턴트, 취약점 진단 컨설턴트, 인공지능 딥러닝, 백엔드(서버), 백엔드(빅데이터 처리 시스템)",코드6,수시채용,,,2026-03-08,https://jasoseol.com/recruit/102571,,2026-09-07 18:24:12
자소설닷컴,아마존웹서비스,Amazon 인턴/신입 채용,"Demand Generation Rep Intern 인턴, Professional Services 인턴, A2C, Professional Services 신입사원, A2C","신입, 인턴",상시채용,,,2026-04-12,https://jasoseol.com/recruit/102572,,2026-09-07 18:24:13
자소설닷컴,유진투자선물,[IT] 업무계정계 담당자 채용(경력직),IT,경력,수시채용,,,2026-03-02,https://jasoseol.com/recruit/102573,,2026-09-07 18:24:13
자소설닷컴,유진투자선물,[야간 인턴] IT본부 파트타임 OP 채용,IT,인턴,수시채용,,,2026-03-02,https://jasoseol.com/recruit/102574,,2026-09-07 18:24:13
자소설닷컴,다쏘시스템코리아,카티아 첨단로봇 제조 스쿨 4기 모집,CATIA 첨단로봇·제조 디지털트윈 전문가,교육,수시채용,,,2026-03-09,https://jasoseol.com/recruit/102576,,2026-09-07 18:24:14
자소설닷컴,나이스디앤에스,각 부문 신입/경력 채용,"인사/총무, 회계/자금, 일반관리/출납/총무, 휴게시설 운영사업 기획/관리","경력, 신입, 코드5",수시채용,,,2026-02-28,https://jasoseol.com/recruit/102575,,2026-09-07 18:24:15
자소설닷컴,야놀자,Front-End Engineering,Front-End Engineering,경력,상시채용,,,2026-04-01,https://jasoseol.com/recruit/102578,,2026-09-07 18:24:15
자소설닷컴,하나증권,해외영업추진실 경력직 채용,"해외주식, 야간데스크",계약직,수시채용,,,2026-02-26,https://jasoseol.com/recruit/102579,,2026-09-07 18:24:15
자소설닷컴,한국리서치,마케팅조사 경력직 연구원 채용,마케팅조사 연구직,경력,수시채용,,,2026-03-02,https://jasoseol.com/recruit/102577,,2026-09-07 18:24:16
자소설닷컴,GC셀,CT제조 담당자 모집 (계약직),CT제조,계약직,수시채용,,,2026-03-02,https://jasoseol.com/recruit/102581,,2026-09-07 18:24:16
자소설닷컴,에이피알,[상품기획] 뷰티 상품기획 보조 계약직 사원 모집,[상품기획] 뷰티 상품기획 보조,계약직,상시채용,,,2026-03-17,https://jasoseol.com/recruit/102580,,2026-09-07 18:24:17
자소설닷컴,한국알프스,부문별 경력/신입 채용,"소프트웨어 설계, 생산기술 (계측), 회계, 구매, 구매 (계약직), 기술영업(서울), 기술영업(부산)","계약직, 코드5",수시채용,,,2026-03-02,https://jasoseol.com/recruit/102584,,2026-09-07 18:24:17
자소설닷컴,선진뷰티사이언스,화장품소재 스마트팩토리 예방보전 / 안전환경 채용,"안전환경팀, 예방보전팀","경력, 인턴",상시채용,,,2026-04-21,https://jasoseol.com/recruit/102583,,2026-09-07 18:24:18
자소설닷컴,국토안전관리원(KALIS),2026년도 제1차 수시 채용 공고,"제한경쟁(장애인)_행정A, 제한경쟁(장애인)_행정B, 제한경쟁(장애인)_행정C, 제한경쟁(장애인)_행정D, 제한경쟁(장애인)_행정E, 공개경쟁_행정A(일반), 공개경쟁_행정E(일반), 공개경쟁_토목A, 공개경쟁_토목","계약직, 신입, 인턴",수시채용,,,2026-02-27,https://jasoseol.com/recruit/102585,,2026-09-07 18:24:18
자소설닷컴,에이피알,[마케팅] 포맨트 온라인 마케팅 채용연계형 인턴사원 모집,[마케팅] 포맨트 온라인 마케팅 채용연계형,인턴,상시채용,,,2026-06-05,https://jasoseol.com/recruit/102587,,2026-09-07 18:24:18
자소설닷컴,코스콤,2026년 제1차 기간제 직원 채용,"홍보, 총무, 자산관리, 비상대비 및 보안업무, 시장시스템 개발·운영, 프로젝트 사업관리, 지수데이터 운영, 시장UI 운영, 통합콜센터, 고객서비스, 비즈니스 개발 및 운영, PM, TA, DBA, 네트워크 구축, ",계약직,수시채용,,,2026-02-22,https://jasoseol.com/recruit/102588,,2026-09-07 18:24:19
자소설닷컴,한국벤처캐피탈협회,2026년도 제1차 직원 채용공고_사업운영,"사업 운영 ① (대리/경력), 사업 운영 ② (사원/신입)","경력, 신입",수시채용,,,2026-03-02,https://jasoseol.com/recruit/102586,,2026-09-07 18:24:19
자소설닷컴,한국수출입은행,2026년 상반기 KSP/EIPP 연구원(별정직원) 채용,KSP/EIPP 연구원,계약직,수시채용,,,2026-03-06,https://jasoseol.com/recruit/102589,,2026-09-07 18:24:19
자소설닷컴,강동경희대학교병원,행정부서 행정직(계약직) 채용,행정 전반,계약직,수시채용,,,2026-02-22,https://jasoseol.com/recruit/102590,,2026-09-07 18:24:19
자소설닷컴,한국기계연구원,2026년도 제1회 신입직원 공개채용,"[연구-1]에너지 시스템용 터보기계 기술, [연구-2]지능형 로봇, [연구-3]인공지능 기반 기계 및 로봇 기술, [연구-4]바이오기계 시스템 설계 및 제어 기술, [연구-5]나노 AX/DX 기술, [연구-6]디지털",신입,수시채용,,,2026-03-13,https://jasoseol.com/recruit/102591,,2026-09-07 18:24:20
자소설닷컴,경기신용보증재단(GCGF),2026년 제1차 신입직원(5급) 통합채용,"일반직(사무직) 5급, 일반직(전산직) 5급",신입,수시채용,,,2026-03-13,https://jasoseol.com/recruit/102592,,2026-09-07 18:24:20
자소설닷컴,중앙대학교병원,(서울병원) 연구행정관리팀 연구원(파트타임) 모집 (2026.02-2),연구행정관리팀-연구원,계약직,수시채용,,,2026-02-25,https://jasoseol.com/recruit/102593,,2026-09-07 18:24:21
자소설닷컴,하나증권,기업분석실(자동차업종 RA) 경력직 채용,기업분석실,계약직,수시채용,,,2026-02-25,https://jasoseol.com/recruit/102594,,2026-09-07 18:24:21
자소설닷컴,하나증권,인프라금융1실 경력직 채용,인프라금융1실,계약직,수시채용,,,2026-03-03,https://jasoseol.com/recruit/102595,,2026-09-07 18:24:21
자소설닷컴,하나증권,Quant실  경력직 채용,Quant실,계약직,수시채용,,,2026-03-05,https://jasoseol.com/recruit/102596,,2026-09-07 18:24:22
자소설닷컴,하나증권,ECM3실 경력직 채용,ECM3실,계약직,수시채용,,,2026-02-24,https://jasoseol.com/recruit/102597,,2026-09-07 18:24:22
자소설닷컴,이노션,데이터 분석 운영(GA4 Specialist),데이터 분석 운영(GA4 Specialist),계약직,수시채용,,,2026-03-01,https://jasoseol.com/recruit/102598,,2026-09-07 18:24:22
자소설닷컴,이노션,데이터 엔지니어 (Google Analytics),데이터 엔지니어 (Google Analytics),계약직,수시채용,,,2026-03-01,https://jasoseol.com/recruit/102599,,2026-09-07 18:24:23
자소설닷컴,한국전파진흥협회,가상융합기술 아카데미 5기 모집,"Unity 개발자 과정, Unreal 개발자 과정, 백엔드 개발자 과정, AI 개발자 과정, TA (Technical Artist) 과정",교육,수시채용,,,2026-03-22,https://jasoseol.com/recruit/102600,,2026-09-07 18:24:23
자소설닷컴,이노션,자동차 체험 마케팅 기획 및 운영,자동차 체험 마케팅 기획 및 운영,계약직,수시채용,,,2026-03-02,https://jasoseol.com/recruit/102601,,2026-09-07 18:24:24
자소설닷컴,한국사회보장정보원,2026년도 제1차 직원 채용공고,"[정규직]행정직, [정규직]전산직, [공무직]행정, [공무직]상담사(일반), [공무직]상담사(보훈), [기간제]행정 나급, [기간제]행정 다급, [기간제]전산 중급, [기간제]전산 초급, [육아휴직 대체 기간제]행정","경력, 계약직, 인턴",수시채용,,,2026-03-04,https://jasoseol.com/recruit/102603,,2026-09-07 18:24:24
자소설닷컴,세스코,서비스 배정 지원,서비스 배정 지원,계약직,수시채용,,,2026-03-01,https://jasoseol.com/recruit/102602,,2026-09-07 18:24:25
자소설닷컴,남양유업,2026 상반기 대규모 통합 채용(신입/경력),"지점영업, 생산관리, 공무환경(기계), 발효유/치즈개발, 정밀분석, 통합발주, 제품수급, Trade Marketing, 정보보안, 해외영업, FS기획","경력, 신입",수시채용,,,2026-03-04,https://jasoseol.com/recruit/102604,,2026-09-07 18:24:25
자소설닷컴,고려대학교 의료원,신입 교직원(정규직) 모집(행정직),행정직,신입,수시채용,,,2026-02-25,https://jasoseol.com/recruit/102605,,2026-09-07 18:24:25
자소설닷컴,올리브인터내셔널,채용연계형 인턴 / 신입 공개채용,"[성분에디터] 상품기획 인턴, [마미케어] 브랜드 마케팅 인턴, [마미케어] 콘텐츠 마케팅 인턴, [마미케어] 글로벌 마케팅 인턴, [영업기획본부] 온라인 AMD 인턴, [해외사업본부] 홍콩 커머스 마케팅 인턴, [","인턴, 코드5",수시채용,,,2026-03-02,https://jasoseol.com/recruit/102606,,2026-09-07 18:24:26
자소설닷컴,토스페이먼츠,Operations Enablement Specialist,가맹점 운영,계약직,상시채용,,,2026-04-02,https://jasoseol.com/recruit/102607,,2026-09-07 18:24:26
자소설닷컴,카페스,"전력계통시험, 사업관리, 프로젝트 엔지니어, 기자재 운송·통관 신규채용 공고","전력계통시험, 사업관리, 프로젝트 엔지니어, 기자재 운송·통관",코드5,수시채용,,,2026-03-02,https://jasoseol.com/recruit/102608,,2026-09-07 18:24:26
자소설닷컴,시청자미디어재단,"2026년 제1차 채용 공고 (채용형인턴, 기간제계약직)","시청자권익증진 (경영·기획) , 시청자권익증진 (정보·전산) , 시청자권익증진 (방송,미디어) - 미디어접근부, 시청자권익증진 (방송,미디어) - 미디어접근부 (장애인방송), 시청자권익증진 (방송,미디어) - 부산센","계약직, 인턴",수시채용,,,2026-03-06,https://jasoseol.com/recruit/102609,,2026-09-07 18:24:27
자소설닷컴,에이피알,[마케팅] 영국 틱톡샵 라이브커머스 담당 채용연계형 인턴사원 모집,[마케팅] 영국 틱톡샵 라이브커머스 담당 채용연계형,인턴,상시채용,,,2026-02-27,https://jasoseol.com/recruit/102610,,2026-09-07 18:24:28
자소설닷컴,세아네트웍스,2026년 상반기 채용전제형 인턴 채용,"기술영업 (솔루션사업), 전략기획 (신사업발굴)",인턴,수시채용,,,2026-03-04,https://jasoseol.com/recruit/102611,,2026-09-07 18:24:28
자소설닷컴,신한자산신탁,2026년 상반기 채용공고,"신탁 영업 (신입), 신탁 영업 (경력), 회계 (경력)","경력, 신입",수시채용,,,2026-02-23,https://jasoseol.com/recruit/102612,,2026-09-07 18:24:28
자소설닷컴,녹십자웰빙,임상 담당 (Senior),임상담당,경력,수시채용,,,2026-03-02,https://jasoseol.com/recruit/102613,,2026-09-07 18:24:28
자소설닷컴,방위산업공제조합,직원 채용 공고,IT지원,"경력, 계약직",수시채용,,,2026-03-02,https://jasoseol.com/recruit/102614,,2026-09-07 18:24:29
자소설닷컴,큐알티,[신입] 기술연구소 RF 시스템/SW 개발자 채용,"RF 시스템 개발, RF SW 시스템 개발",신입,수시채용,,,2026-03-02,https://jasoseol.com/recruit/102615,,2026-09-07 18:24:29
자소설닷컴,유안타증권,심사팀 신입/경력직원 채용,"심사팀(일반직), 심사팀(종합직)",계약직,수시채용,,,2026-03-05,https://jasoseol.com/recruit/102616,,2026-09-07 18:24:30
자소설닷컴,에코마케팅,마케팅 사무보조 계약직,마케팅 사무보조,계약직,수시채용,,,2026-03-02,https://jasoseol.com/recruit/102617,,2026-09-07 18:24:30
자소설닷컴,녹십자웰빙,이물검사(계약직),이물검사(계약직),계약직,수시채용,,,2026-03-02,https://jasoseol.com/recruit/102618,,2026-09-07 18:24:30
자소설닷컴,에코마케팅,마케팅 영상 크리에이터 인턴 채용,영상 크리에이터,인턴,수시채용,,,2026-03-02,https://jasoseol.com/recruit/102619,,2026-09-07 18:24:31
자소설닷컴,NHN Dooray,두레이 서비스 품질운영,두레이 서비스 품질운영,경력,상시채용,,,2026-03-03,https://jasoseol.com/recruit/102620,,2026-09-07 18:24:31
자소설닷컴,중앙대학교병원,전산정보팀 행정(휴직대체) 모집 (2026.02),전산정보팀-행정,계약직,수시채용,,,2026-02-26,https://jasoseol.com/recruit/102622,,2026-09-07 18:24:32
자소설닷컴,하나증권,AI전략실 경력직 채용,AI전략실,계약직,수시채용,,,2026-02-26,https://jasoseol.com/recruit/102625,,2026-09-07 18:24:33
자소설닷컴,NH투자증권,2026년 고객지원센터 상담직 채용,상담직,계약직,수시채용,,,2026-03-09,https://jasoseol.com/recruit/102627,,2026-09-07 18:24:33
자소설닷컴,야놀자,"Legal Counsel, Global Consumer Platform","Legal Counsel, Global Consumer Platform",경력,상시채용,,,2026-03-10,https://jasoseol.com/recruit/102623,,2026-09-07 18:24:33
자소설닷컴,김앤장 법률사무소,송무 및 상업등기 스탭(신입) 채용,"송무 스탭, 상업 등기 스탭",신입,수시채용,,,2026-03-09,https://jasoseol.com/recruit/102629,,2026-09-07 18:24:34
자소설닷컴,부산항만공사,정규직(경력(항해)) 및 기간제(국제협력(통번역 등)) 채용 공고,"가능(항해), 사무(국제협력)","경력, 계약직",수시채용,,,2026-03-09,https://jasoseol.com/recruit/102631,,2026-09-07 18:24:34
자소설닷컴,한국환경산업기술원(KEITI),제1차 기간제직원 채용 공고,"행정_연구성과확산, 행정_환경오염피해구제, 행정_환경피해예방, 행정_순환자원제도운영(휴직대체), 행정_기업육성(휴직대체), 전문_가습기살균제피해지원(휴직대체), 지원_녹색구매제도운영(휴직대체)",계약직,수시채용,,,2026-03-11,https://jasoseol.com/recruit/102632,,2026-09-07 18:24:35
자소설닷컴,111퍼센트,"[슈퍼드리머 7기] 게임 개발자, 디자이너 채용 연계형 인턴 모집","게임 클라이언트 개발자, 2D 게임 그래픽 디자이너",인턴,수시채용,,,2026-03-08,https://jasoseol.com/recruit/102626,,2026-09-07 18:24:35
자소설닷컴,국민건강보험공단(h·well),2026년도 상반기 신규직원 채용,"[일반]서울_행정 6급가, [일반]서울_행정 6급나, [일반]서울_건강 6급가, [일반]서울_요양 6급가, [일반]강원_행정 6급가, [일반]강원_행정 6급나, [일반]강원_건강 6급가, [일반]강원_요양 6급가, ",코드5,수시채용,,,2026-03-05,https://jasoseol.com/recruit/102630,,2026-09-07 18:24:35
자소설닷컴,중앙대학교병원,(서울병원) 의무기록팀 보건의료정보관리사(계약직) 모집 (2026.02),의무기록팀-보건의료정보관리사,계약직,수시채용,,,2026-03-01,https://jasoseol.com/recruit/102634,,2026-09-07 18:24:35
자소설닷컴,가온칩스,개발본부 반도체 기술기획 담당자 수시채용,기술기획,경력,수시채용,,,2026-03-15,https://jasoseol.com/recruit/102636,,2026-09-07 18:24:36
자소설닷컴,에코마케팅,퍼포먼스 마케터(안다르 글로벌) 신입/경력 채용,퍼포먼스 마케터(안다르 글로벌),코드5,수시채용,,,2026-03-08,https://jasoseol.com/recruit/102637,,2026-09-07 18:24:36
자소설닷컴,KIS정보통신,DBMS 운영 (경력),DBMS 운영,계약직,수시채용,,,2026-03-04,https://jasoseol.com/recruit/102635,,2026-09-07 18:24:37
자소설닷컴,에코마케팅,재무팀 경력사원 채용,재무팀,경력,수시채용,,,2026-03-08,https://jasoseol.com/recruit/102638,,2026-09-07 18:24:37
자소설닷컴,중앙대학교병원,(서울병원) 약제팀 정규약사 모집 (2026.02),약제팀-약사,경력,수시채용,,,2026-03-01,https://jasoseol.com/recruit/102639,,2026-09-07 18:24:38
자소설닷컴,경신,2026년 양산생산기술팀 계약직 채용,생산기술-양산생산기술-본사/연구소,계약직,수시채용,,,2026-03-02,https://jasoseol.com/recruit/102640,,2026-09-07 18:24:38
자소설닷컴,한국산업안전보건공단(KOSHA),2026년도 상반기 채용 공고,"연구직 2급 산업보건(의학), 전문직 5급 산업안전(기계)_일반/전국, 전문직 5급 산업안전(기계)_일반/광주권역, 전문직 5급 산업안전(기계)_지역인재/전국, 전문직 5급 산업안전(기계)_장애/전국, 전문직 5급 ","경력, 신입",수시채용,,,2026-03-09,https://jasoseol.com/recruit/102641,,2026-09-07 18:24:38
자소설닷컴,한국물가협회,경력 및 인턴사원 모집 공고,"원가조사부, 조사부문, 원가부문, 편집·출판·디자인 부문, 지회부문","경력, 인턴",수시채용,,,2026-03-15,https://jasoseol.com/recruit/102642,,2026-09-07 18:24:38
자소설닷컴,페이히어,[핀테크 스타트업] 영업 관리 어시스턴트 인턴 채용,영업 관리 어시스턴트,인턴,상시채용,,,2026-03-09,https://jasoseol.com/recruit/102643,,2026-09-07 18:24:39
자소설닷컴,페이히어,[핀테크 스타트업] 프로덕트 세일즈 스페셜리스트 인턴 채용,세일즈 스페셜리스트,인턴,상시채용,,,2026-03-09,https://jasoseol.com/recruit/102644,,2026-09-07 18:24:39
자소설닷컴,페이히어,[핀테크 스타트업] 인바운드 세일즈 스페셜리스트 인턴 채용,인바운드 세일즈 스페셜리스트,인턴,상시채용,,,2026-03-09,https://jasoseol.com/recruit/102645,,2026-09-07 18:24:40
자소설닷컴,페이히어,[핀테크 스타트업] 프로덕트 세일즈 스페셜리스트 채용,프로덕트 세일즈 스페셜리스트,계약직,상시채용,,,2026-03-09,https://jasoseol.com/recruit/102646,,2026-09-07 18:24:40
자소설닷컴,페이히어,[핀테크 스타트업] 인바운드 세일즈 매니저 채용,인바운드 세일즈 스페셜리스트,경력,상시채용,,,2026-03-09,https://jasoseol.com/recruit/102647,,2026-09-07 18:24:40
자소설닷컴,가톨릭대학교 인천성모병원,재무팀 사무직(계약직) 모집,재무팀 사무직,계약직,수시채용,,,2026-03-06,https://jasoseol.com/recruit/102648,,2026-09-07 18:24:41
자소설닷컴,한국리서치,자료조사본부 광역조사부 부산팀 슈퍼바이저 채용,슈퍼바이저,계약직,수시채용,,,2026-03-08,https://jasoseol.com/recruit/102649,,2026-09-07 18:24:41
자소설닷컴,유진투자선물,대외계/DMA 담당자 경력직 채용,본사(여의도)-IT,경력,수시채용,,,2026-03-08,https://jasoseol.com/recruit/102650,,2026-09-07 18:24:42
자소설닷컴,에코마케팅,마케팅 영상 크리에이터 신입 경력 채용(국내/일본),마케팅 영상크리에이터(국내/일본),코드5,수시채용,,,2026-03-08,https://jasoseol.com/recruit/102651,,2026-09-07 18:24:42
자소설닷컴,한국원자력산업협회,계약직 및 경력직 채용 공고,"프로젝트 계약직, 일반 계약직, 차장/부장급","경력, 계약직",수시채용,,,2026-02-27,https://jasoseol.com/recruit/102652,,2026-09-07 18:24:42
자소설닷컴,중앙대학교병원,(광명병원) 물류관리팀(물류공급파트) 행정직(간호사) 직원 (계약직) 모집 (2026.03),행정(간호사)-물류관리팀(물류공급파트),계약직,수시채용,,,2026-03-02,https://jasoseol.com/recruit/102653,,2026-09-07 18:24:43
자소설닷컴,중앙대학교병원,(광명병원) 교육행정팀 행정직 직원 (계약직) 모집 (2026.03),행정-교육행정팀,계약직,수시채용,,,2026-03-02,https://jasoseol.com/recruit/102654,,2026-09-07 18:24:43
자소설닷컴,하나증권,영업부금융센터 경력직 채용,영업부금융센터,계약직,수시채용,,,2026-03-02,https://jasoseol.com/recruit/102655,,2026-09-07 18:24:44
자소설닷컴,이노션,글로벌 앱 서비스 기획 (Junior),글로벌 앱 서비스 기획 (Junior),계약직,수시채용,,,2026-03-02,https://jasoseol.com/recruit/102656,,2026-09-07 18:24:44
자소설닷컴,이노션,글로벌 웹 서비스 기획 (Junior) (계약직),글로벌 웹 서비스 기획 (Junior),계약직,수시채용,,,2026-03-02,https://jasoseol.com/recruit/102657,,2026-09-07 18:24:45
자소설닷컴,야놀자,DevOps Engineer (3년 이상),DevOps Engineer (3년 이상),경력,상시채용,,,2026-03-05,https://jasoseol.com/recruit/102659,,2026-09-07 18:24:45
자소설닷컴,새마을금고중앙회,2026년 일반직 신입직원 공채,"일반 분야, IT 분야",신입,수시채용,,,2026-03-15,https://jasoseol.com/recruit/102660,,2026-09-07 18:24:45
자소설닷컴,한국플랜트산업협회,플랜트 전문인력양성 교육,"플랜트 전문인력 양성[화공/공정], 플랜트 전문인력 양성[전기/계장], 플랜트 전문인력 양성[기계/배관]",교육,수시채용,,,2026-03-08,https://jasoseol.com/recruit/102661,,2026-09-07 18:24:46
자소설닷컴,한국부동산원(REB),2026년 상반기 채용공고,"[일반]경영_전국, [일반]부동산_호남지역본부, [일반]부동산_수도권북부지역본부(춘천,강릉), [일반]건축_전국, [일반]전산_전국, [전문]통계(석사)_전국, [전문]건축사_전국, [전문]건축기계설비기술사_전국, ","경력, 계약직, 인턴",수시채용,,,2026-03-11,https://jasoseol.com/recruit/102663,,2026-09-07 18:24:46
자소설닷컴,중앙대학교병원,(서울병원) 시설팀(기관실) 기능사(계약직) 모집(2026.02),시설팀(기관실)-기능사,계약직,수시채용,,,2026-03-02,https://jasoseol.com/recruit/102664,,2026-09-07 18:24:47
자소설닷컴,한국영상자료원,2026년 제1차 채용 공고,"대민 시설 안전·보안, 한국영화박물관 운영 관리, 안전 및 시설 관리, 독립영화 및 영화운동 아카이브 구축 (휴직대체), 영상물 디지털화 및 편집, 복사, 변환, 대외 자료 지원 및 대관 업무, 영화관 운영 (휴직대","계약직, 인턴",수시채용,,,2026-03-11,https://jasoseol.com/recruit/102662,,2026-09-07 18:24:48
자소설닷컴,디케이씨,마케팅본부 신입·경력 채용,"영업전략팀, CMS팀(후판영업팀)",계약직,수시채용,,,2026-03-08,https://jasoseol.com/recruit/102666,,2026-09-07 18:24:48
자소설닷컴,녹십자웰빙,"Aesthetic (병의원영업, MR)",MR,경력,수시채용,,,2026-03-08,https://jasoseol.com/recruit/102665,,2026-09-07 18:24:48
자소설닷컴,한국지역난방공사(KDHC),2026년 체험형 인턴 선발 공고,"[수도권 1권역]사무, [수도권 1권역]기계, [수도권 2권역]기계, [수도권 2권역]토목•건축, [수도권 3권역]사무, [수도권 3권역]기계, [수도권 3권역]전기, [수도권 3권역]전자, [수도권 3권역]토목•건",인턴,수시채용,,,2026-03-10,https://jasoseol.com/recruit/102667,,2026-09-07 18:24:48
자소설닷컴,한국남부발전(KOSPO),2026년 상반기 신입사원 및 별정직 채용,"일반_사무, 일반_ICT, 일반_기계, 일반_전기, 일반_화학, 일반_토목, 일반_건축, 일반(지역전문)_기계, 일반(지역전문)_전기, 장애_사무, 장애_기계, 장애_전기, 장애_화학, 보훈_ICT, 보훈_기계, 보",신입,수시채용,,,2026-03-12,https://jasoseol.com/recruit/102669,,2026-09-07 18:24:49
자소설닷컴,한미그룹,2026년 3월 계약직 수시채용 [각 부문별],"[한미약품] 품질보증-팔탄제조본부 (경기도 화성), [한미약품] 품질관리-팔탄제조본부 (경기도 평택), [한미약품] 바이오 생산(DP)-평택제조본부 (경기도 평택), [한미약품] 바이오 품질관리-평택제조본부 (경기도",계약직,수시채용,,,2026-03-08,https://jasoseol.com/recruit/102670,,2026-09-07 18:24:49
자소설닷컴,현대종합금속,신입사원 모집,"본사 자재부, 본사 회장 비서실",신입,수시채용,,,2026-03-08,https://jasoseol.com/recruit/102668,,2026-09-07 18:24:49
자소설닷컴,한화에너지,2026 상반기 신입사원 공개채용,"엔지니어 - 기계/전기, 엔지니어 - 안전, 재무",신입,수시채용,,,2026-03-16,https://jasoseol.com/recruit/102671,,2026-09-07 18:24:50
자소설닷컴,NHN Cloud,제로트러스트 보안 서비스 개발,제로트러스트 보안 서비스 개발,신입,상시채용,,,2026-04-23,https://jasoseol.com/recruit/102673,,2026-09-07 18:24:51
자소설닷컴,인하대학교 미래인재개발원,게임개발·게임기획·3D모델링 직군 취업 교육생 모집(2026 KDT 국비교육),"게임 기획자, 게임 클라이언트 개발자, 3D 게임 모델러(배경/캐릭터)",교육,수시채용,,,2026-04-16,https://jasoseol.com/recruit/102675,,2026-09-07 18:24:51
자소설닷컴,미리디,2026년도 상반기 각 부문 채용,"[비즈하우스]고객만족팀 CX매니저, [비즈하우스]커머스MD(카테고리 전반), [비즈하우스]프린트 디자인 디렉터, [미리캔버스]글로벌 사업개발 매니저, [미리캔버스]글로벌 디자인 디렉터, [미리캔버스]그래픽 디자이너(","경력, 계약직",수시채용,,,2026-03-31,https://jasoseol.com/recruit/102672,,2026-09-07 18:24:51
자소설닷컴,마이다스아이티, HR·경영 아카데미 ,"HR(인사·채용·육성), B2B 마케팅, B2B 기술 영업, 서비스 기획",교육,수시채용,,,2026-03-22,https://jasoseol.com/recruit/102674,,2026-09-07 18:24:52
자소설닷컴,건국대학교병원,[정규직] 2026년도 신입 사무원 채용,경영지원,신입,수시채용,,,2026-03-05,https://jasoseol.com/recruit/102677,,2026-09-07 18:24:52
자소설닷컴,에코마케팅,재무팀 사무보조 계약직 채용,재무팀 사무보조,계약직,수시채용,,,2026-03-08,https://jasoseol.com/recruit/102678,,2026-09-07 18:24:53
자소설닷컴,중앙대학교병원,(서울병원) 건진센터(증진) 간호사(계약직) 모집 (2026.02-2),건진센터(증진)-간호사,계약직,수시채용,,,2026-03-02,https://jasoseol.com/recruit/102679,,2026-09-07 18:24:53
자소설닷컴,하나증권,인재개발실 경력직 채용,인재개발실,계약직,수시채용,,,2026-03-05,https://jasoseol.com/recruit/102680,,2026-09-07 18:24:53
자소설닷컴,하나증권,기업분석실 경력직  채용,기업분석실,계약직,수시채용,,,2026-03-05,https://jasoseol.com/recruit/102681,,2026-09-07 18:24:54
자소설닷컴,휴세스,각 부문 신입사원 모집,사업개발,신입,수시채용,,,2026-03-08,https://jasoseol.com/recruit/102676,,2026-09-07 18:24:54
자소설닷컴,신원,수출부문 KNIT 해외영업 신입 채용,해외영업,신입,수시채용,,,2026-03-22,https://jasoseol.com/recruit/102682,,2026-09-07 18:24:54
자소설닷컴,비바리퍼블리카(토스),Merchandising Associate (주니어 MD / 서류패스 전형),Merchandising Associate (주니어 MD),계약직,수시채용,,,2026-03-08,https://jasoseol.com/recruit/102683,,2026-09-07 18:24:55
자소설닷컴,김앤장 법률사무소,"IT분야(IT 운영, 정보보안) 직원 채용","IT운영, 정보보안",코드5,수시채용,,,2026-03-17,https://jasoseol.com/recruit/102685,,2026-09-07 18:24:56
자소설닷컴,KT스카이라이프,유·무선 마케팅 경력직 채용 (계약직),유·무선 마케팅,계약직,수시채용,,,2026-03-02,https://jasoseol.com/recruit/102686,,2026-09-07 18:24:57
자소설닷컴,현대엔지비,현대자동차 H-모빌리티 클래스 교육생 모집,"로보틱스, 자율주행-인지, 자율주행-판단, 자율주행-제어, 자율주행-통신 및 네트워크, 전동화-전력변환, 전동화-모터, 에너지솔루션-연료전지, 에너지솔루션-배터리, 파워트레인","교육, 신입",수시채용,,,2026-03-22,https://jasoseol.com/recruit/102687,,2026-09-07 18:24:57
자소설닷컴,LG유플러스,유레카 SW 교육과정 4기 수강생 모집,"프론트엔드 개발자, 백엔드 개발자",교육,수시채용,,,2026-03-16,https://jasoseol.com/recruit/102684,,2026-09-07 18:24:57
자소설닷컴,대상홀딩스,회계부문 신입사원 채용,회계부문,신입,수시채용,,,2026-03-06,https://jasoseol.com/recruit/102688,,2026-09-07 18:24:57
자소설닷컴,용마로지스,2026년 2월 각 부문별 신입 및 경력 채용,"경영기획, 서인천DC , 시설관리, 안성DC, 특수배송, Renal배송, 강릉DC, 호남영업","신입, 코드5",수시채용,,,2026-03-09,https://jasoseol.com/recruit/102690,,2026-09-07 18:24:58
자소설닷컴,텍사스인스트루먼트코리아,2026 신입 & 여름인턴 채용,"Field Applications Engineer (FAE, 기술지원), Technical Sales Engineer (기술영업), Field Applications Engineer Intern (기술지원인턴), T","신입, 인턴",수시채용,,,2026-03-31,https://jasoseol.com/recruit/102689,,2026-09-07 18:24:58
자소설닷컴,LIG D&A,2026 상반기 인재영입,"SW (신입), HW (신입), 기계 (신입), IPS (신입), 품질 (신입), SW, HW, 기계, IPS, 체계종합, 국내/해외사업, 해외구매, 인사(채용), 회계, RA, 사업기획(해외), 개발원가, 구매(신","경력, 신입, 인턴",수시채용,,,2026-03-18,https://jasoseol.com/recruit/102691,,2026-09-07 18:24:58
자소설닷컴,어니스트리,브랜드 컨텐츠 디자이너,브랜드 컨텐츠 디자이너,코드5,수시채용,,,2026-03-08,https://jasoseol.com/recruit/102693,,2026-09-07 18:24:59
자소설닷컴,쎄트렉아이,2026 상반기 신입 채용 SI FUTURE-SHIP 모집,"SW - 임베디드, SW - 테스트, HW - 광학, HW - 하네스, HW - 전력, SW - 비행제어",신입,수시채용,,,2026-03-18,https://jasoseol.com/recruit/102692,,2026-09-07 18:24:59
자소설닷컴,쌍용건설,2026년 신입사원 공개채용,"건축, 토목, 전기, 설비, 플랜트, 안전, 영업, 관리",신입,수시채용,,,2026-03-16,https://jasoseol.com/recruit/102694,,2026-09-07 18:24:59
자소설닷컴,세스코,케미컬(살충제 등) 개발 담당자 채용,케미컬(살충제 등) 개발 담당자 채용,경력,수시채용,,,2026-03-11,https://jasoseol.com/recruit/102695,,2026-09-07 18:25:00
자소설닷컴,후성,영업마케팅 담당자 채용,영업&마켓팅,코드5,수시채용,,,2026-03-15,https://jasoseol.com/recruit/102696,,2026-09-07 18:25:00
자소설닷컴,나노종합기술원,나노전문인력양성 및 일자리지원사업 27기 교육생 모집, 27기 교육생,교육,수시채용,,,2026-03-14,https://jasoseol.com/recruit/102697,,2026-09-07 18:25:00
자소설닷컴,우아한형제들,파트너관리 영업담당자 채용_서울(본사),파트너관리 영업담당자 채용_서울(본사),계약직,상시채용,,,2026-03-16,https://jasoseol.com/recruit/102698,,2026-09-07 18:25:01
자소설닷컴,우아한형제들,파트너관리 영업담당자 채용_경기남서,배달의민족 파트너관리 영업담당자,계약직,상시채용,,,2026-03-16,https://jasoseol.com/recruit/102699,,2026-09-07 18:25:01
자소설닷컴,김앤장 법률사무소,"비서, 빌링, 스탭, 지식재산권 부문 채용","비서, 빌링, 스탭, 지식재산권 부문",코드5,수시채용,,,2026-03-09,https://jasoseol.com/recruit/102701,,2026-09-07 18:25:02
자소설닷컴,토스페이먼츠,Operations Enablement Team Assistant,가맹점 운영 지원,계약직,상시채용,,,2026-03-23,https://jasoseol.com/recruit/102702,,2026-09-07 18:25:02
자소설닷컴,에이버튼,[경영관리실] (체험형) 총무 담당 인턴,[경영관리실] (체험형) 총무 담당,인턴,상시채용,,,2026-03-26,https://jasoseol.com/recruit/102700,,2026-09-07 18:25:03
자소설닷컴,우아한형제들,파트너관리 영업담당자 or 신규 영업담당자_부산/경남,"파트너관리 영업담당자, 신규 영업담당자",계약직,상시채용,,,2026-03-16,https://jasoseol.com/recruit/102704,,2026-09-07 18:25:04
자소설닷컴,한국수력원자력(KHNP),2026년도 제1차 체험형 청년인턴 선발,"[일반전형]본사, [일반전형]고리, [일반전형]한빛, [일반전형]월성, [일반전형]한울, [일반전형]새울, [일반전형]한강수력, [일반전형]청평양수, [일반전형]심량진양수, [일반전형]무주양수, [일반전형]산청양수,",인턴,수시채용,,,2026-03-12,https://jasoseol.com/recruit/102703,,2026-09-07 18:25:04
자소설닷컴,ASML코리아,2026 상반기 신입사원 채용,"Customer Support Engineer (CSE), Technical Support Engineer (TSE), Field Application Engineer (FAE)",신입,수시채용,,,2026-03-16,https://jasoseol.com/recruit/102706,,2026-09-07 18:25:05
자소설닷컴,NH선물,직원 채용 공고,"해외영업부문[야간데스크], 리테일영업부문, IT부문[국내계정계]","경력, 코드5",수시채용,,,2026-03-09,https://jasoseol.com/recruit/102707,,2026-09-07 18:25:05
자소설닷컴,IBK기업은행,2026년 상반기 신입행원 채용,"금융일반(일반), 금융일반(지역인재-영남권), 금융일반(지역인재-충청·강원권), 금융일반(지역인재-호남·제주권), 디지털, IT",신입,수시채용,,,2026-03-16,https://jasoseol.com/recruit/102708,,2026-09-07 18:25:05
자소설닷컴,토스플레이스,정산 담당자 (계약직),정산 담당자,계약직,상시채용,,,2026-03-23,https://jasoseol.com/recruit/102705,,2026-09-07 18:25:05
자소설닷컴,AXA손해보험,장기일반업무팀 상품 개발 담당자 채용,상품 개발 담당자,코드5,수시채용,,,2026-03-08,https://jasoseol.com/recruit/102709,,2026-09-07 18:25:06
자소설닷컴,호남대학교,2026학년도 정규직원 채용,"건축, 설비, 전산, 홍보, 기획, 재무, 일반 행정","경력, 코드5",수시채용,,,2026-03-09,https://jasoseol.com/recruit/102710,,2026-09-07 18:25:06
자소설닷컴,아이쓰리시스템,대표이사 비서 채용,대표이사 비서 부문,신입,수시채용,,,2026-03-16,https://jasoseol.com/recruit/102711,,2026-09-07 18:25:06
자소설닷컴,녹십자웰빙,병의원영업(신입_서울/인천),병의원 영업,신입,수시채용,,,2026-03-08,https://jasoseol.com/recruit/102713,,2026-09-07 18:25:07
자소설닷컴,롯데컬처웍스,2026년 2월 롯데컬처웍스 현장 운영직 신입채용,"영화관 운영 (서울), 영화관 운영 (수도권), 영화관 운영 (경기남부), 영화관 운영 (대구), 영화관 운영 (부산)",계약직,수시채용,,,2026-03-10,https://jasoseol.com/recruit/102714,,2026-09-07 18:25:07
자소설닷컴,IBK연금보험,2026년 주요직무 신입사원 / 경력직 공개채용,"마케팅·영업 , 자산운용·(자산)리스크, 상품·계리·(부채)리스크 , 재무 직군 (수습공인회계사 우대), 자산운용·(자산)리스크 직군 (수습공인회계사 우대), 경영관리 실무자 , 상품개발 실무자, (자산)리스크관리 ","경력, 신입",수시채용,,,2026-03-12,https://jasoseol.com/recruit/102715,,2026-09-07 18:25:08
자소설닷컴,하나증권,글로벌투자분석실 경력직 채용,"글로벌투자분석실-전략 RA, 글로벌투자분석실-데일리시황 RA",계약직,수시채용,,,2026-03-08,https://jasoseol.com/recruit/102717,,2026-09-07 18:25:09
자소설닷컴,현대모비스,2026 상반기 신입 채용,"배터리 시작개발, BMS Application SW 설계 , 전동화 BSW 및 CDD 개발, BMS 신뢰성검증 , IVI SW플랫폼 개발, 자율 주행 시스템 개발, 조향 시스템/기구 설계 , 조향 센서 개발 , 조향",신입,수시채용,,,2026-03-13,https://jasoseol.com/recruit/102712,,2026-09-07 18:25:09
자소설닷컴,한국소비자원,"청년인턴 (일반, 사회형평, 장애인) 채용공고","청년인턴 (일반)_본원, 청년인턴 (일반)_서울강원지원, 청년인턴 (사회형평), 청년인턴 (장애인)",인턴,수시채용,,,2026-03-16,https://jasoseol.com/recruit/102716,,2026-09-07 18:25:09
자소설닷컴,비바리퍼블리카(토스),Barista Support(집중채용),Barista Support,계약직,상시채용,,,2026-04-06,https://jasoseol.com/recruit/102720,,2026-09-07 18:25:09
자소설닷컴,토스페이먼츠,Tools Product Design Assistant,디자이너,계약직,상시채용,,,2026-04-02,https://jasoseol.com/recruit/102719,,2026-09-07 18:25:10
자소설닷컴,하나은행,2026년 상반기 신입행원 채용,"종합금융 - 기업금융(RM), 종합금융 - 개인금융(PB), 종합금융 - 연금/신탁, 종합금융 - 글로벌, 종합금융 - 리스크/자금, 종합금융 - IB, 지역인재 - 영남, 지역인재 - 충청, 지역인재 - 호남, 지",신입,수시채용,,,2026-03-16,https://jasoseol.com/recruit/102721,,2026-09-07 18:25:10
자소설닷컴,행복나래,정보보안 경력·신입 채용,"정보보안 (경력), 정보보안 (신입)","경력, 신입",수시채용,,,2026-03-10,https://jasoseol.com/recruit/102724,,2026-09-07 18:25:10
자소설닷컴,그랜드코리아레저,2026년 택사스홀덤 파트타임 딜러 채용공고,텍사스홀덤 파트타임 딜러,계약직,수시채용,,,2026-03-16,https://jasoseol.com/recruit/102725,,2026-09-07 18:25:11
자소설닷컴,피에스케이,준법 지원인 채용,법무관리,경력,수시채용,,,2026-03-09,https://jasoseol.com/recruit/102726,,2026-09-07 18:25:11
자소설닷컴,LX인터내셔널,2026년 상반기 신입사원 채용 (채용연계형 인턴십),"자원사업 - 기술지원, 자원사업 - 사업개발 및 운영, 해외영업, 투자사업 개발 및 운영, 사업기획",신입,수시채용,,,2026-03-22,https://jasoseol.com/recruit/102727,,2026-09-07 18:25:12
자소설닷컴,하나증권,2026 상반기 신입사원 채용,"IB, S&T, WM, 디지털(AI), IT, 본사관리",신입,수시채용,,,2026-03-13,https://jasoseol.com/recruit/102729,,2026-09-07 18:25:12
자소설닷컴,NH투자증권,2026년 상반기 업무직 신입사원 채용,"본사영업 지원업무, 퇴직연급 지원업무, 지점영업 지원업무(수도권), 지점영업 지원업무(대구), 지점영업 지원업무(대전)",인턴,수시채용,,,2026-03-16,https://jasoseol.com/recruit/102730,,2026-09-07 18:25:12
자소설닷컴,교원그룹,온라인 영업관리 직무 채용 (신입),온라인 영업관리,신입,수시채용,,,2026-03-08,https://jasoseol.com/recruit/102731,,2026-09-07 18:25:13
자소설닷컴,현대카드/현대커머셜,2026 Internship,General,인턴,수시채용,,,2026-03-16,https://jasoseol.com/recruit/102732,,2026-09-07 18:25:13
자소설닷컴,중앙대학교병원,홍보팀 행정(휴직대체) 모집 (2026.02),(휴직대체)-홍보팀-행정,계약직,수시채용,,,2026-03-05,https://jasoseol.com/recruit/102733,,2026-09-07 18:25:14
자소설닷컴,중앙대학교병원,(서울병원) 물리치료실 수련생 모집 (2026.02),물리치료실-물리치료사,계약직,수시채용,,,2026-03-05,https://jasoseol.com/recruit/102734,,2026-09-07 18:25:14
자소설닷컴,하나은행,2026년 상반기 NEXT CAREER 경력 정규직 채용,"AI/데이터 플랫폼 구축 및 운영, 인프라 및 아키텍처 운영, 정보보호, 생성형AI / AI모델링 / 데이터분석, 딜링룸 시스템 개발 및 운영, AI Quant / AI 및 알고리즘 트레이딩 모델, 퇴직연금 상품 개",경력,수시채용,,,2026-03-16,https://jasoseol.com/recruit/102736,,2026-09-07 18:25:14
자소설닷컴,국순당,[신입/경력] 각 부문 인재채용,"마케팅기획/신제품개발, 와인영업(ON채널)","경력, 코드5",수시채용,,,2026-03-16,https://jasoseol.com/recruit/102737,,2026-09-07 18:25:15
자소설닷컴,디와이파워,2026년 회계 신입/경력사원 채용,회계,코드5,수시채용,,,2026-03-08,https://jasoseol.com/recruit/102739,,2026-09-07 18:25:15
자소설닷컴,포항산업과학연구원(RIST),2026년 상반기 연구직/행정직 채용 ,"물리/화학적 폐수처리, 대기/산업보건, AI•DX 기반 철강 및 신소재 부산물 고부가 활용기술 개발, 대기부문, 화학공정개발, 분리정제 공정 개발, 유무기 소재 합성, 자원 및 LiB 소재 정제련, 이차전지(공정 엔","신입, 코드5",수시채용,,,2026-03-22,https://jasoseol.com/recruit/102738,,2026-09-07 18:25:16
자소설닷컴,한국철도기술연구원(KRRI),2026년 정규직(연구직·행정직) 채용,"[연구-1]철도 인프라 연구 개발, [연구-2]열차 무인운전 시스템 관련 연구, [연구-3]철도·교통 특화 에이전틱 AI 및 멀티모달 AI 기술 연구, [연구-4]철도·교통·물류 특화 피지컬AI 및 로봇 기술개발, ",코드5,수시채용,,,2026-03-18,https://jasoseol.com/recruit/102740,,2026-09-07 18:25:16
자소설닷컴,한국ESG기준원,ESG평가본부 인턴 채용,ESG평가본부,인턴,수시채용,,,2026-03-11,https://jasoseol.com/recruit/102741,,2026-09-07 18:25:16
자소설닷컴,에이피알,글로벌 뷰티 마케팅 신입 수시채용(5/5 마감),"인플루언서 마케팅 (PR) , 온라인 MD",인턴,상시채용,,,2026-05-05,https://jasoseol.com/recruit/102742,,2026-09-07 18:25:17
자소설닷컴,한국리서치,사회·여론조사 경력직 연구원 채용,사회.여론조사 연구직,경력,수시채용,,,2026-03-15,https://jasoseol.com/recruit/102743,,2026-09-07 18:25:17
자소설닷컴,하나증권,IB사업실 경력직 채용,IB사업실,계약직,수시채용,,,2026-03-12,https://jasoseol.com/recruit/102744,,2026-09-07 18:25:18
자소설닷컴,하나증권,영업지원실(Credit 사업팀) 경력직 채용,영업지원실(Credit 사업팀),계약직,수시채용,,,2026-03-08,https://jasoseol.com/recruit/102746,,2026-09-07 18:25:18
자소설닷컴,하나증권,인사실 경력직 인재 채용,인사실,계약직,수시채용,,,2026-03-08,https://jasoseol.com/recruit/102745,,2026-09-07 18:25:19
자소설닷컴,농협물류,상반기 신입사원 채용,물류운영,신입,수시채용,,,2026-03-09,https://jasoseol.com/recruit/102747,,2026-09-07 18:25:19
자소설닷컴,한국GM,한국사업장 안전관리자,"GM한국사업장 안전관리자 (Safety Manager), GM한국사업장 보건관리자",계약직,수시채용,,,2026-03-08,https://jasoseol.com/recruit/102749,,2026-09-07 18:25:19
자소설닷컴,GC셀,CS 담당자 모집 (신입/경력),CS,코드5,수시채용,,,2026-03-08,https://jasoseol.com/recruit/102750,,2026-09-07 18:25:20
자소설닷컴,한화시스템/ICT,2026년 상반기 신입사원 채용,"서비스 개발/운영, ERP 개발/운영, 인프라 구축/운영, 구매",신입,수시채용,,,2026-03-25,https://jasoseol.com/recruit/102751,,2026-09-07 18:25:20
자소설닷컴,한국고용정보원(KEIS),2026년도 1차 직원 채용 공고,"일반직6급(주임)_정보화(고졸), 일반직6급(주임)_경영사무(고졸), 일반직5급(대리)_정보화(일반), 일반직5급(대리)_정보화(지역인재), 일반직5급(대리)_경영사무(일반), 5급연구원(연구원)_고용·노동 정책, ",신입,수시채용,,,2026-03-18,https://jasoseol.com/recruit/102748,,2026-09-07 18:25:20
자소설닷컴,GC셀,영업 및 관리 담당자 (경력),영업 및 관리,경력,수시채용,,,2026-03-08,https://jasoseol.com/recruit/102752,,2026-09-07 18:25:21
자소설닷컴,한국지역정보개발원,2026년 상반기 계약직 채용,정보시스템,계약직,수시채용,,,2026-03-13,https://jasoseol.com/recruit/102753,,2026-09-07 18:25:21
자소설닷컴,에코마케팅,기획하는 광고 디자이너(뷰티) 경력 채용,광고 디자이너,경력,수시채용,,,2026-03-08,https://jasoseol.com/recruit/102754,,2026-09-07 18:25:22
자소설닷컴,신영그룹(shym),상반기 수시채용,"설비보전, 생산기술, 물류관리",코드5,수시채용,,,2026-03-08,https://jasoseol.com/recruit/102755,,2026-09-07 18:25:22
자소설닷컴,중앙대학교병원,(광명병원) 영상의학과 방사선사 (계약직) 모집 (2026.03),방사선사-영상의학과,계약직,수시채용,,,2026-03-05,https://jasoseol.com/recruit/102757,,2026-09-07 18:25:23
자소설닷컴,한국항공우주산업,2026 상반기 신입사원 공개채용,"임무SW, 항공전자, 전문연구요원(R&D), 비행제어, IPS, 생산관리, 생산기술, 구매, 고객지원, 품질, 사업기획/관리, ICT개발",신입,수시채용,,,2026-03-23,https://jasoseol.com/recruit/102756,,2026-09-07 18:25:23
자소설닷컴,중앙대학교병원,(광명병원) 간호본부 외래간호팀 간호사 (계약직) 모집 (2026.03),간호사-간호본부(외래간호팀),계약직,수시채용,,,2026-03-08,https://jasoseol.com/recruit/102758,,2026-09-07 18:25:24
자소설닷컴,중앙대학교병원,(광명병원) 간호본부 외과 전담간호사 (계약직) 모집 (2026.03),간호사-간호본부(진료지원간호팀)-일반외과 전담간호사,계약직,수시채용,,,2026-03-05,https://jasoseol.com/recruit/102759,,2026-09-07 18:25:24
자소설닷컴,하나증권,영업지원실 경력직 채용,영업지원실,계약직,수시채용,,,2026-03-12,https://jasoseol.com/recruit/102760,,2026-09-07 18:25:24
자소설닷컴,롯데백화점,2026년 상반기 신입사원 채용 [I'M 전형],"영업/MD, 마케팅",신입,수시채용,,,2026-03-27,https://jasoseol.com/recruit/102761,,2026-09-07 18:25:24
자소설닷컴,롯데그룹,3·6·9·12 예측가능한 채용(3월),"[롯데GRS]점포개발, [롯데GRS]IT기획, [롯데GRS]IT운영, [롯데GRS]컴플라이언스, [롯데GRS]HR, [롯데GRS]ESG, [롯데GRS]식품안전, [롯데GRS]신사업상품개발, [롯데홈쇼핑]MD, [롯데","신입, 인턴",수시채용,,,2026-03-30,https://jasoseol.com/recruit/102762,,2026-09-07 18:25:25
자소설닷컴,신원,수출부문 Style R&D 주니어경력 및 Womens Plus 경력 채용,Style R&D,경력,수시채용,,,2026-04-05,https://jasoseol.com/recruit/102763,,2026-09-07 18:25:26
자소설닷컴,에코프로그룹,2026 R&D 신입사원 채용,"[에코프로HN] 전지재료담당, [에코프로HN] 개발담당, [에코프로HN] 반도체소재개발, [에코프로BM] 미래소재, [에코프로EM] 공정개발, [에코프로Innovation] 개발, [에코프로Materials] 개발,",신입,수시채용,,,2026-03-17,https://jasoseol.com/recruit/102765,,2026-09-07 18:25:26
자소설닷컴,한화엔진,2026 상반기 학/석사 신입사원 채용,"관리회계/재무회계, IT 기획/운영, 영업(엔진영업), 영업(AM영업), 프로젝트 엔지니어링, 생산기술, 시운전기술, 설계(제품설계), 설계(제어설계), R&D, 품질, 구매, 안전환경",신입,수시채용,,,2026-03-22,https://jasoseol.com/recruit/102766,,2026-09-07 18:25:26
자소설닷컴,일레바,글로벌이커머스팀 마케팅 Account Manager 채용,"글로벌이커머스팀(US) 마케팅 Account Manager (신입), 글로벌이커머스팀(US) 마케팅 Account Manager (경력)","경력, 신입",수시채용,,,2026-03-13,https://jasoseol.com/recruit/102767,,2026-09-07 18:25:27
자소설닷컴,엠에이치앤코(모던하우스),2026 상반기 전환형 인턴 10기,리빙 AD (전환형),인턴,수시채용,,,2026-03-15,https://jasoseol.com/recruit/102768,,2026-09-07 18:25:27
자소설닷컴,NHN Cloud,클라우드 기술교육 기획 및 운영(테크니컬트레이너),클라우드 기술교육 기획 및 운영(테크니컬트레이너),경력,상시채용,,,2026-03-12,https://jasoseol.com/recruit/102764,,2026-09-07 18:25:28
자소설닷컴,한국전력기술(KEPCO-ENC),2026년도 상반기 정규직 (대졸수준) 채용공고,"사무, 기계, 전기, 산업공학, 계측, 원자력, 토목, 전산, 건축, 안전",신입,수시채용,,,2026-03-18,https://jasoseol.com/recruit/102769,,2026-09-07 18:25:28
자소설닷컴,HD현대,2026년 상반기 신입사원 모집,"[HD한국조선해양] 선박기자재 품질 및 납기 관리 (울산), [HD한국조선해양] 선박기자재 품질 및 납기 관리 (목포), [HD한국조선해양] 선박기자재 커미셔닝, [HD한국조선해양] After Service, [HD",신입,수시채용,,,2026-03-24,https://jasoseol.com/recruit/102770,,2026-09-07 18:25:28
자소설닷컴,한동대학교,2026 정규직원 및 전문직원 채용,"정규직(신입 8급 - 일반행정), 정규직(신입 8급 - 정보인프라팀), 전문직(발전기금팀), 전문직(상담센터)","계약직, 신입",수시채용,,,2026-03-10,https://jasoseol.com/recruit/102771,,2026-09-07 18:25:29
자소설닷컴,한국원자력연구원(KAERI),2026년도 상반기 정규직 직원채용,"A1. 차세대 연구용원자로 노심핵설계, A2. 차세대 연구용원자로 계측제어설계, A3. 연구용원자로 기술관리, A4. 선진계측제어 연구, A5. 핵연료 재료 연구, A6. 원자력 재료 연구·개발, A7. 열유체 실험",코드5,수시채용,,,2026-03-18,https://jasoseol.com/recruit/102772,,2026-09-07 18:25:29
자소설닷컴,현대그룹,2026 상반기 신입 매니저 채용,"[현대엘리베이터] 제어시스템개발, [현대엘리베이터] 군관리시스템개발, [현대엘리베이터] IoT시스템개발, [현대엘리베이터] 기계개발, [현대엘리베이터] 모듈러시스템개발, [현대엘리베이터] 기계설계, [현대엘리베이터]",신입,수시채용,,,2026-03-25,https://jasoseol.com/recruit/102773,,2026-09-07 18:25:29
자소설닷컴,토스페이먼츠,Merchant Onboarding Assistant(Global),가맹점 관리,계약직,상시채용,,,2026-03-11,https://jasoseol.com/recruit/102774,,2026-09-07 18:25:30
자소설닷컴,토스페이먼츠,Sales Specialist,"영업,PG영업",계약직,상시채용,,,2026-03-17,https://jasoseol.com/recruit/102775,,2026-09-07 18:25:30
자소설닷컴,토스페이먼츠,Sales Specialist (Global),"영업,PG영업",계약직,상시채용,,,2026-03-19,https://jasoseol.com/recruit/102776,,2026-09-07 18:25:31
자소설닷컴,유안타증권,IT운영팀 경력직원 채용,IT운영팀,계약직,수시채용,,,2026-03-18,https://jasoseol.com/recruit/102778,,2026-09-07 18:25:31
자소설닷컴,한국인공지능소프트웨어산업협회,현대퓨처넷 11기 채용연계형 MSA기반 Full Stack 개발 전문가 양성과정 교육생 모집,현대퓨처넷 개발자 채용연계형 교육과정,교육,수시채용,,,2026-03-17,https://jasoseol.com/recruit/102779,,2026-09-07 18:25:31
자소설닷컴,유안타증권,IT인프라운영팀 경력직원 채용,IT인프라운영팀,계약직,수시채용,,,2026-03-18,https://jasoseol.com/recruit/102777,,2026-09-07 18:25:32
자소설닷컴,현대오토에버,2026년 상반기 신입 채용,"(로봇SW) Backend Developer, (차량전장SW) Embedded SW Platform Developer_차량제어 SW 플랫폼 개발, (내비게이션) Embedded SW App Developer_내비게이",신입,수시채용,,,2026-03-23,https://jasoseol.com/recruit/102780,,2026-09-07 18:25:32
자소설닷컴,NH투자증권,2026년 상반기 대졸 신입사원 채용,"IB, 부동산인프라, Trading, 본사영업, PB, 연금컨설팅, IT",신입,수시채용,,,2026-03-20,https://jasoseol.com/recruit/102781,,2026-09-07 18:25:33
자소설닷컴,야놀자,Global Sales Strategy & Operations Sales Analyst,Global Sales Strategy & Operations Sales Analyst,경력,상시채용,,,2026-03-19,https://jasoseol.com/recruit/102782,,2026-09-07 18:25:33
자소설닷컴,케이더블유이코리아,2026년도 상반기 신입사원 채용,"수출영업부(CS), 전략고객영업부(CS), 항공수입업무부, 항공수출업무부(본사), 항공수출업무부(인천)",신입,수시채용,,,2026-03-15,https://jasoseol.com/recruit/102783,,2026-09-07 18:25:33
자소설닷컴,바이엘코리아,"MSL I Radiology (육아휴직 대체 계약직, 약 18개월)",MSL I Radiology,계약직,수시채용,,,2026-03-20,https://jasoseol.com/recruit/102784,,2026-09-07 18:25:33
자소설닷컴,롯데케미칼,2026년 3월 [첨단소재사업] 신입사원 채용 일반전형,"글로벌영업, AD(기술영업), 연구개발(의왕), 연구개발(여수), 생산관리, 안전환경(의왕), 안전환경(여수), 공무(기계), 품질관리, HR(의왕), HR(여수), 경영기획",신입,수시채용,,,2026-03-17,https://jasoseol.com/recruit/102785,,2026-09-07 18:25:34
자소설닷컴,로지스올,신입사원 채용,"SCM영업및운영관리(전국), SCM영업및운영관리(서울), SCM영업및운영관리(구리), SCM영업및운영관리(아산), SCM영업및운영관리(성남), SCM영업및운영관리(김제)",신입,수시채용,,,2026-03-15,https://jasoseol.com/recruit/102786,,2026-09-07 18:25:34
자소설닷컴,연합인포맥스,Data Associate(데이터 어소시에이트) 계약사원 모집,데이터 어소시에이트,계약직,수시채용,,,2026-03-15,https://jasoseol.com/recruit/102787,,2026-09-07 18:25:35
자소설닷컴,비씨월드제약,2026년 1차 정기 채용,"[비씨월드제약]개발팀 , [비씨월드제약]마케팅팀, [비씨월드제약]영업MR, [비씨월드제약]품질보증2팀, [비씨월드제약]품질관리1팀, [비씨월드제약]품질관리2팀, [비씨월드제약]포장혁신팀, [비씨월드제약]임상프로젝트관","경력, 계약직, 신입, 코드5",수시채용,,,2026-03-15,https://jasoseol.com/recruit/102788,,2026-09-07 18:25:35
자소설닷컴,한국한의학연구원,"2026년 1차 정규직 채용공고(연구직, 기술연구직, 행정직)","인간 줄기세포 기반 면역세포 제어 기술 개발 및 질환 모델 제작, AI 뇌영상 및 멀티모달 데이터, 차세대 오믹스 기반 융·복합 한약소재 효능평가 연구(한약소재 기반 면역항암 효능평가 플랫폼 개발 및 기전 연구), ",코드5,수시채용,,,2026-03-18,https://jasoseol.com/recruit/102790,,2026-09-07 18:25:36
자소설닷컴,토스페이먼츠,Business Operations Assistant,운영지원,계약직,상시채용,,,2026-03-16,https://jasoseol.com/recruit/102789,,2026-09-07 18:25:36
자소설닷컴,에코마케팅,퍼포먼스 마케터 신입사원 채용,퍼포먼스 마케터,코드5,수시채용,,,2026-03-15,https://jasoseol.com/recruit/102792,,2026-09-07 18:25:37
자소설닷컴,마이다스그룹,"건축, 토목 SW 영업  담당자 채용(부산사무소)","기술지원 및 엔지니어링-토목분야 SW 기술영업-남부지사(부산), 기술지원 및 엔지니어링-건축설계SW 기술영업-남부지사(부산)",신입,수시채용,,,2026-03-15,https://jasoseol.com/recruit/102793,,2026-09-07 18:25:37
자소설닷컴,마이다스그룹,[일본법인] 마이다스아이티 재팬 개발 담당자 채용,해외분야-웹 개발-일본법인,신입,수시채용,,,2026-03-15,https://jasoseol.com/recruit/102794,,2026-09-07 18:25:37
자소설닷컴,KPX케미칼,2026년 상반기 각 부문별 채용 ,"국내영업, 구매, 물류","경력, 코드5",수시채용,,,2026-03-15,https://jasoseol.com/recruit/102791,,2026-09-07 18:25:38
자소설닷컴,마이다스그룹,HRM 경영·기획 담당자 채용,경영기획분야-HR전문가-판교본사,경력,수시채용,,,2026-03-15,https://jasoseol.com/recruit/102796,,2026-09-07 18:25:38
자소설닷컴,한국반도체산업협회,반도체 RTL 설계 전문가 양성과정,반도체 RTL 설계 전문가 양성과정,교육,수시채용,,,2026-03-10,https://jasoseol.com/recruit/102795,,2026-09-07 18:25:39
자소설닷컴,마이다스그룹,HRM 운영 담당자 채용,경영분야-HRM-판교본사,신입,수시채용,,,2026-03-15,https://jasoseol.com/recruit/102798,,2026-09-07 18:25:39
자소설닷컴,중앙대학교병원,(서울병원) 인재운용팀 행정(정규직) 모집 (2026.03),인재운용팀-행정,코드5,수시채용,,,2026-03-11,https://jasoseol.com/recruit/102799,,2026-09-07 18:25:39
자소설닷컴,마이다스그룹,[일본법인] 마이다스아이티 재팬 영업 담당자 채용,해외분야 (일본 법인)-해외영업-일본법인,신입,수시채용,,,2026-03-15,https://jasoseol.com/recruit/102797,,2026-09-07 18:25:40
자소설닷컴,일화,2026년 신입 및 경력 채용(2),"웰빙사업팀-지방영업담당, B2B ETC팀-B2B ETC담당, B2B ETC팀-B2B ETC담당(관리), 의약연구실-개발담당, 제약공장-제약품질보증담당",코드5,수시채용,,,2026-03-15,https://jasoseol.com/recruit/102800,,2026-09-07 18:25:40
자소설닷컴,경신,2026년 물류지원팀(화성) 계약직 채용,생산-물류지원-화성공장,계약직,수시채용,,,2026-03-08,https://jasoseol.com/recruit/102801,,2026-09-07 18:25:40
자소설닷컴,하나증권,SME실 경력직 채용,SME실,계약직,수시채용,,,2026-04-02,https://jasoseol.com/recruit/102802,,2026-09-07 18:25:41
자소설닷컴,하나증권,채권운용실 경력직 채용,채권운용실,계약직,수시채용,,,2026-03-12,https://jasoseol.com/recruit/102803,,2026-09-07 18:25:42
자소설닷컴,현대비앤지스틸,대졸신입사원 및 채용형 인턴 채용(회계/경영지원),"회계, 경영지원","신입, 인턴",수시채용,,,2026-03-15,https://jasoseol.com/recruit/102805,,2026-09-07 18:25:42
자소설닷컴,루닛,Medical Director,Medical Director,코드5,상시채용,,,2026-05-03,https://jasoseol.com/recruit/102806,,2026-09-07 18:25:42
자소설닷컴,마이다스그룹,Risk Management 담당자 채용,경영분야-사내변호사,코드5,수시채용,,,2026-03-15,https://jasoseol.com/recruit/102809,,2026-09-07 18:25:43
자소설닷컴,팀스파르타,데이터/AI 역량을 배우는 제조 품질 관리 부트캠프,품질 엔지니어,교육,수시채용,,,2026-03-09,https://jasoseol.com/recruit/102804,,2026-09-07 18:25:43
자소설닷컴,밀버스,2026년 CRM마케터 공개채용,CRM마케터,인턴,수시채용,,,2026-03-26,https://jasoseol.com/recruit/102808,,2026-09-07 18:25:43
자소설닷컴,이카운트,2026년 대구/경북 지역 신입 영업팀원 채용,대구/경북 지역 영업팀원,신입,상시채용,,,2026-04-20,https://jasoseol.com/recruit/102811,,2026-09-07 18:25:44
자소설닷컴,중앙대학교병원,(광명병원) 약제팀 야간당직약사(계약직) 모집 (2026.03),약사-약제팀-야간당직약사,계약직,수시채용,,,2026-03-10,https://jasoseol.com/recruit/102812,,2026-09-07 18:25:45
자소설닷컴,중앙대학교병원,(광명병원) 물류관리팀(물류공급파트) 행정직(간호사) 직원 (계약직) 모집 (2026.03-1),행정(간호사)-물류관리팀(물류공급파트),계약직,수시채용,,,2026-03-10,https://jasoseol.com/recruit/102810,,2026-09-07 18:25:45
자소설닷컴,이노션,캠페인플래닝 (체험형 인턴),캠페인플래닝,인턴,수시채용,,,2026-03-10,https://jasoseol.com/recruit/102814,,2026-09-07 18:25:45
자소설닷컴,보령,[CHQ] Innovation Accelerator Team Analyst,Innovation Accelerator Team Analyst,인턴,상시채용,,,2026-05-04,https://jasoseol.com/recruit/102813,,2026-09-07 18:25:46
자소설닷컴,경기창조경제혁신센터,"창업기업글로벌AC, 창업기업AC, 경영지원 경력 및 신입 직원 채용","창업기업 글로벌 액셀러레이터(경력직 선임급, 신규/경력직 주임, 사원급), 창업기업 액셀러레이터(신규/경력직 사원급), 경영지원(신규/경력직 사원급)",계약직,수시채용,,,2026-03-16,https://jasoseol.com/recruit/102816,,2026-09-07 18:25:46
자소설닷컴,GS건설,2026년 상반기 신입사원 채용,"AI Engineer, 개발 (Front-end), 사업관리 , 발전영업, 사업개발 (신재생-기술), 사업개발 (신재생-영업), 발전사업관리, 발전 Schedule , 원자력 사업관리, EPC System , 견적(",신입,수시채용,,,2026-03-22,https://jasoseol.com/recruit/102817,,2026-09-07 18:25:47
자소설닷컴,후루노코리아,[외국계기업] 후루노코리아 항해통신장비 서비스 엔지니어 채용,항해통신장비 서비스 엔지니어 채용,코드5,수시채용,,,2026-03-22,https://jasoseol.com/recruit/102818,,2026-09-07 18:25:47
자소설닷컴,한국해양진흥공사(KOBC),정규직(신입사원) 채용,일반직 6급,신입,수시채용,,,2026-03-19,https://jasoseol.com/recruit/102819,,2026-09-07 18:25:47
자소설닷컴,창업진흥원(KISED),2026년 제1차 신규직원(정규‧무기) 및 전문계약직 채용 공고,"일반경쟁_일반행정, 일반경쟁_무기계약직, 제한경쟁_정규직_일반 행정_고졸, 제한경쟁_무기계약직_일반 행정_취업지원 대상자, 제한경쟁_전문계약직_AI 전문관, 제한경쟁_전문계약직_ODA 전문관, 제한경쟁_전문계약직_영","계약직, 신입, 코드5",수시채용,,,2026-03-24,https://jasoseol.com/recruit/102820,,2026-09-07 18:25:48
자소설닷컴,여주에너지서비스,2026년 재무관리 신입구성원 영입,재무결산 및 세무지원,신입,수시채용,,,2026-03-18,https://jasoseol.com/recruit/102821,,2026-09-07 18:25:48
자소설닷컴,에이스아메리칸화재해상보험,2026 기업보험부 신입사원 채용,기업보험부 신입사원,신입,수시채용,,,2026-03-17,https://jasoseol.com/recruit/102822,,2026-09-07 18:25:49
자소설닷컴,에이피알,[영업] 국내/외 오프라인 B2B 영업지원 채용연계형 인턴사원 모집,[영업] 국내/외 오프라인 B2B 영업지원 채용연계형,인턴,상시채용,,,2026-04-10,https://jasoseol.com/recruit/102824,,2026-09-07 18:25:49
자소설닷컴,자이씨앤에이,2026년 상반기 신입/경력 정규직 채용,"건축시공, 기계시공, 전기시공, 안전관리, 현장관리, 수주영업, 회계, 건축견적/예산, 건축설계, 기계설계, 전기설계, 장치설계, 구조설계","경력, 신입",수시채용,,,2026-03-22,https://jasoseol.com/recruit/102815,,2026-09-07 18:25:50
자소설닷컴,마이다스그룹,백엔드 개발자 채용(채용서비스),개발분야-백엔드 개발-판교본사,신입,수시채용,,,2026-03-15,https://jasoseol.com/recruit/102825,,2026-09-07 18:25:50
자소설닷컴,녹십자웰빙,의약품/의료기기 중개연구,의약품/의료기기 중개연구,신입,수시채용,,,2026-03-18,https://jasoseol.com/recruit/102826,,2026-09-07 18:25:50
자소설닷컴,NHN Cloud,애플리케이션 보안 진단,애플리케이션 보안 진단,경력,상시채용,,,2026-05-04,https://jasoseol.com/recruit/102823,,2026-09-07 18:25:50
자소설닷컴,한국항공우주산업,2026 상반기 경력사원 채용,"시험평가(조종사), 항공전자(시험장비), 항전임무SW 개발, 항공전자/무장통합, 품질, 생산기술(산청), 생산기술(고성), 생산관리, 구매, 전략기획, ICT 기획, 안전관리, 노무, 비행제어 제어법칙 설계, 비행제","경력, 계약직",수시채용,,,2026-03-19,https://jasoseol.com/recruit/102827,,2026-09-07 18:25:51
자소설닷컴,현대엔지비,2026년 4월 체험형 인턴 채용 (기술인재육성 분야),"HRD 컨설팅, 기술교육 운영(4개월), 기술교육 운영(7개월), 기술교육 운영(8개월), 인증시험 운영, 콘텐츠 개발, 공공사업 운영",인턴,수시채용,,,2026-03-18,https://jasoseol.com/recruit/102828,,2026-09-07 18:25:52
자소설닷컴,아이쓰리시스템,경력사원 채용(반도체 제조시설 시설관리 부문),경력사원 채용(반도체 제조시설 시설관리 부문),경력,수시채용,,,2026-03-23,https://jasoseol.com/recruit/102830,,2026-09-07 18:25:52
자소설닷컴,마이다스그룹,프론트엔드 개발자 채용(ONSITE),개발분야-프론트엔드 개발-판교본사,코드5,수시채용,,,2026-03-15,https://jasoseol.com/recruit/102829,,2026-09-07 18:25:52
자소설닷컴,토스페이먼츠,Business Operations Specialist,결제 운영,계약직,상시채용,,,2026-04-23,https://jasoseol.com/recruit/102831,,2026-09-07 18:25:52
자소설닷컴,녹십자웰빙,원료/정제(신입),원료/정제(신입),신입,수시채용,,,2026-03-22,https://jasoseol.com/recruit/102832,,2026-09-07 18:25:53
자소설닷컴,녹십자웰빙,경리(신입),경리(신입),신입,수시채용,,,2026-03-11,https://jasoseol.com/recruit/102833,,2026-09-07 18:25:53
자소설닷컴,KB라이프생명,2026 채용연계형 인턴 채용,"영업/영업지원, 상품/계리/리스크, 경영일반/고객, IT",인턴,수시채용,,,2026-03-20,https://jasoseol.com/recruit/102834,,2026-09-07 18:25:53
자소설닷컴,한국리서치,여론조사 사업본부 인턴 연구원 채용,여론조사 연구지원직,인턴,수시채용,,,2026-03-15,https://jasoseol.com/recruit/102835,,2026-09-07 18:25:54
자소설닷컴,한양대학교병원,2026년 신규직원 (정규직) 모집 - 사무원,사무원,신입,수시채용,,,2026-03-12,https://jasoseol.com/recruit/102836,,2026-09-07 18:25:54
자소설닷컴,에이피알,[디자인] 뷰티 VMD 디자이너 채용연계형 인턴사원 모집,[디자인] 뷰티 VMD 디자이너 채용연계형 인턴사원 모집,인턴,상시채용,,,2026-04-09,https://jasoseol.com/recruit/102837,,2026-09-07 18:25:55
자소설닷컴,모락스,"2026년 상반기 신입/경력 채용 (업무부, 영업부)","업무부 - 수출 수입 (신입), 업무부 - 수출 수입 (경력), 영업부 (신입), 영업부 (경력)","경력, 신입",수시채용,,,2026-03-19,https://jasoseol.com/recruit/102838,,2026-09-07 18:25:55
자소설닷컴,포항공과대학교,"(POSTECH, 포항공대) 회계사 상시 채용",공인회계사,계약직,수시채용,,,2026-03-31,https://jasoseol.com/recruit/102839,,2026-09-07 18:25:55
자소설닷컴,동대문여성인력개발센터,AX융합 데이터 분석·시각화 교육과정,AX융합 데이터 분석·시각화,교육,수시채용,,,2026-04-01,https://jasoseol.com/recruit/102840,,2026-09-07 18:25:56
자소설닷컴,서민금융진흥원,2026년도 일반직(신입) 채용,"종합직_일반, 종합직_장애, 전산직_전산일반, 전산직_정보보호",신입,수시채용,,,2026-03-19,https://jasoseol.com/recruit/102841,,2026-09-07 18:25:56
자소설닷컴,한국산업단지공단(KICOX),2026년 상반기 신입직원 채용,"경영·경제, 디지털·ICT, 전기·전자, 법, 환경·화공, 산업안전, 건축, 토목",신입,수시채용,,,2026-03-19,https://jasoseol.com/recruit/102842,,2026-09-07 18:25:57
자소설닷컴,신한캐피탈,2026년 상반기 수시채용,"정보보호, IB 기업금융, IB 투자금융, ICT개발, STO/P2P 통합 플랫폼 전문가","경력, 계약직, 신입",수시채용,,,2026-03-20,https://jasoseol.com/recruit/102844,,2026-09-07 18:25:58
자소설닷컴,한국투자증권,FY2026 상반기 업무직원 공채 (신입사원 6급),지점창구업무 (PB 영업지원),신입,수시채용,,,2026-03-30,https://jasoseol.com/recruit/102845,,2026-09-07 18:25:58
자소설닷컴,한국경제인협회,2026년 상반기 신입 및 경력직원 공개채용,"직무통합채용, 신산업, 세제, 규제, 법무, 국제협력, 기업가정신, 경제연구","경력, 계약직, 신입",수시채용,,,2026-03-22,https://jasoseol.com/recruit/102846,,2026-09-07 18:25:58
자소설닷컴,한국철도공사,2026년 상반기 신입사원 채용 공고,"[공개경쟁] 사무영업, [공개경쟁] 열차승무, [공개경쟁] 차량, [공개경쟁] 토목, [공개경쟁] 건축, [공개경쟁] 전기통신, [자격증제한] 사무영업, [자격증제한] 운전, [자격증제한] 토목, [보훈제한] 사무영",신입,수시채용,,,2026-03-11,https://jasoseol.com/recruit/102843,,2026-09-07 18:25:58
자소설닷컴,엔지니어링공제조합,채용연계형인턴(일반사무 부문) 채용,일반사무,인턴,수시채용,,,2026-03-23,https://jasoseol.com/recruit/102847,,2026-09-07 18:25:59
자소설닷컴,현대건설,2026 상반기 신입사원 채용,"토목사업_토목, 건축주택사업_건축, 건축주택사업_설비, 건축주택사업_전기, 건축주택사업_토목, 플랜트사업_기계, 플랜트사업_화공, NewEnergy사업_원자력, NewEnergy사업_기계, NewEnergy사업_화공",신입,수시채용,,,2026-03-24,https://jasoseol.com/recruit/102848,,2026-09-07 18:25:59
자소설닷컴,에코마케팅,패션 퍼포먼스 마케터(안다르 국내/일본) 신입·경력 채용,"퍼포먼스 마케터(안다르 국내), 퍼포먼스 마케터(안다르 일본)","신입, 코드5",수시채용,,,2026-03-15,https://jasoseol.com/recruit/102849,,2026-09-07 18:26:00
자소설닷컴,서울창조경제혁신센터,2026년 제2차 직원 채용공고,로컬창업기업 육성사업 기획 및 운영,계약직,수시채용,,,2026-03-15,https://jasoseol.com/recruit/102850,,2026-09-07 18:26:00
자소설닷컴,2026년 중견기업 일자리 박람회,2026년 중견기업 일자리 박람회,2026년 중견기업 일자리 박람회,코드5,수시채용,,,2026-03-31,https://jasoseol.com/recruit/102851,,2026-09-07 18:26:00
자소설닷컴,에이피알,[영업] 해외 B2B 영업 채용연계형 인턴사원 모집,[영업] 해외 B2B 영업 채용연계형,인턴,수시채용,,,2026-03-17,https://jasoseol.com/recruit/102852,,2026-09-07 18:26:01
자소설닷컴,대학내일ES,에디터 및 마케팅(AE) 인턴/경력 채용,"[대학내일] 에디터(Editing)_콘텐츠크리에이티브4팀_경력(전환형), [대학내일] 마케팅(AE)_익스피리언스플래닝6팀_경력(전환형), [대학내일] 마케팅(AE)_익스피리언스플래닝7팀_인턴(전환형)","계약직, 인턴",수시채용,,,2026-03-16,https://jasoseol.com/recruit/102853,,2026-09-07 18:26:01
자소설닷컴,SK키파운드리,기술사무직 신입·Junior Talent·경력 모집,"[신입] 제조기술 Engineer (Implant), [신입] 반도체 제조 Engineer, [신입] 재무회계, [Junior Talent] 제조기술 Junior Engineer (Implant), [Junior T","경력, 신입",수시채용,,,2026-03-15,https://jasoseol.com/recruit/102854,,2026-09-07 18:26:01
자소설닷컴,세스코,기구개발 및 설계(신입/경력),기구개발 및 설계,코드5,수시채용,,,2026-03-20,https://jasoseol.com/recruit/102855,,2026-09-07 18:26:02
자소설닷컴,한국수출입은행,2026년 상반기 경력직원 채용 안내,"시설관리(기계), ODA 정책연구(박사), 투자심사, 산업연구(박사)",경력,수시채용,,,2026-03-23,https://jasoseol.com/recruit/102856,,2026-09-07 18:26:02
자소설닷컴,유안타증권,온라인시스템팀 경력직원 채용,온라인시스템팀,계약직,수시채용,,,2026-03-19,https://jasoseol.com/recruit/102857,,2026-09-07 18:26:03
자소설닷컴,유안타증권,정보시스템팀 경력직원 채용,정보시스템팀,계약직,수시채용,,,2026-03-19,https://jasoseol.com/recruit/102858,,2026-09-07 18:26:03
자소설닷컴,유안타증권,자금팀 신입직원 채용,자금팀,계약직,수시채용,,,2026-03-23,https://jasoseol.com/recruit/102859,,2026-09-07 18:26:03
자소설닷컴,이그니스,2026 대규모 인턴 채용,콘텐츠 마케팅 인턴,인턴,수시채용,,,2026-03-16,https://jasoseol.com/recruit/102860,,2026-09-07 18:26:04
자소설닷컴,GC녹십자,[채용전제형 인턴] OTC 영업 (약국/수도권 근무),OTC 영업 (약국/수도권 근무),인턴,수시채용,,,2026-03-08,https://jasoseol.com/recruit/102861,,2026-09-07 18:26:04
자소설닷컴,한국건설생활환경시험연구원,정규직 채용공고 (제2026-2차),"전기·전자 1 (A-10), 전기·전자 2 (A-11)",경력,수시채용,,,2026-03-16,https://jasoseol.com/recruit/102862,,2026-09-07 18:26:05
자소설닷컴,S-OIL,2026 신입사원 채용 (소매영업),소매영업,신입,수시채용,,,2026-03-29,https://jasoseol.com/recruit/102863,,2026-09-07 18:26:05
자소설닷컴,하나증권,영업지원직 경력직 채용,영업지원직,계약직,수시채용,,,2026-03-22,https://jasoseol.com/recruit/102865,,2026-09-07 18:26:06
자소설닷컴,하나증권,하나더넥스트실 경력직 채용,하나더넥스트실,계약직,수시채용,,,2026-03-12,https://jasoseol.com/recruit/102864,,2026-09-07 18:26:06
자소설닷컴,GC셀,검체 관리 서비스 매니저 채용 (강남/서초),서비스 매니저,계약직,상시채용,,,2026-03-31,https://jasoseol.com/recruit/102866,,2026-09-07 18:26:07
자소설닷컴,에프앤코,3월 부문별 경력 인재 모집,"디지털마케터, 영상콘텐츠마케터, 이커머스MD(틱톡샵), 이커머스AMD(틱톡샵), 이커머스AMD(아마존), Product Engineer(AI/Data), 콘텐츠마케터, 자금/회계, VMD",경력,수시채용,,,2026-03-29,https://jasoseol.com/recruit/102867,,2026-09-07 18:26:07
자소설닷컴,청주상공회의소,2026년도 신입직원 채용공고,일반사무·행정,신입,수시채용,,,2026-03-27,https://jasoseol.com/recruit/102868,,2026-09-07 18:26:07
자소설닷컴,아이쓰리시스템,하드웨어 설계 및 영상 알고리즘 개발 부문 연구원 채용,하드웨어 설계 및 영상 알고리즘 개발 부문 연구원 채용,코드5,수시채용,,,2026-03-30,https://jasoseol.com/recruit/102869,,2026-09-07 18:26:07
자소설닷컴,마이다스그룹,집필 콘텐츠 에디터 채용,디지털 사업분야-출판 마케팅,경력,수시채용,,,2026-03-22,https://jasoseol.com/recruit/102871,,2026-09-07 18:26:08
자소설닷컴,마이다스그룹,[일본법인] 마이다스아이티 재팬 기술 담당자 채용,해외분야 (일본 법인)-해외 기술지원(일본어)-일본법인,코드5,수시채용,,,2026-03-22,https://jasoseol.com/recruit/102870,,2026-09-07 18:26:08
자소설닷컴,세스코,수금관리,수금관리,코드5,수시채용,,,2026-03-23,https://jasoseol.com/recruit/102872,,2026-09-07 18:26:09
자소설닷컴,페이히어,[핀테크 스타트업] 영업 관리 어시스턴트 인턴 채용,영업 관리 어시스턴트,인턴,상시채용,,,2026-03-30,https://jasoseol.com/recruit/102873,,2026-09-07 18:26:09
자소설닷컴,페이히어,[핀테크 스타트업] 인바운드 세일즈 스페셜리스트 인턴 채용,인바운드 세일즈 스페셜리스트,인턴,상시채용,,,2026-03-31,https://jasoseol.com/recruit/102875,,2026-09-07 18:26:10
자소설닷컴,CJ대한통운,채용설명회,CJ 대한통운 채용설명회,인턴,수시채용,,,2026-03-10,https://jasoseol.com/recruit/102876,,2026-09-07 18:26:10
자소설닷컴,경찰공제회,2026년 직원 채용공고,"신입직 (일반·전문직 6급), 경력직 (변호사, 전문계약직)","계약직, 신입",수시채용,,,2026-03-24,https://jasoseol.com/recruit/102877,,2026-09-07 18:26:11
자소설닷컴,페이히어,[핀테크 스타트업] 프로덕트 세일즈 스페셜리스트 인턴 채용,세일즈 스페셜리스트,인턴,상시채용,,,2026-03-31,https://jasoseol.com/recruit/102874,,2026-09-07 18:26:11
자소설닷컴,중앙대학교병원,(서울병원) 건진센터(일반검진) 사무(계약직) 모집(2026.03),건진센터(일반검진)-사무,계약직,수시채용,,,2026-03-15,https://jasoseol.com/recruit/102878,,2026-09-07 18:26:11
자소설닷컴,한국에이이오진흥협회,2026년 상반기 신규채용 공고,연구원,신입,수시채용,,,2026-03-27,https://jasoseol.com/recruit/102879,,2026-09-07 18:26:11
자소설닷컴,이노션,옥외광고사업 지원 (체험형 인턴),옥외광고사업 지원 (체험형),인턴,수시채용,,,2026-03-17,https://jasoseol.com/recruit/102880,,2026-09-07 18:26:13
자소설닷컴,온라인팜,"[한미약품 관계사] 3월 수시 채용(웹개발,쇼핑몰운영,약국영업)","웹개발자, 쇼핑몰운영, 약국영업","경력, 코드5",수시채용,,,2026-03-19,https://jasoseol.com/recruit/102882,,2026-09-07 18:26:13
자소설닷컴,한국벤처투자(KVIC),"2026년 상반기 정규직(신입, 경력) 채용","심사역_일반, 심사역_전산","경력, 신입",수시채용,,,2026-03-24,https://jasoseol.com/recruit/102883,,2026-09-07 18:26:13
자소설닷컴,한국벤처투자(KVIC),2026년 상반기 임기제 전문계약직 채용,"대외협력 전문위원, AI 전문위원, 국제협력 전문위원",계약직,수시채용,,,2026-03-24,https://jasoseol.com/recruit/102885,,2026-09-07 18:26:14
자소설닷컴,한국벤처투자(KVIC),2026년 상반기 일반 전문계약직 채용,"법률 전문위원, 조사연구 선임 전문위원, 회계 전문위원, 회계 선임·책임 전문위원",계약직,수시채용,,,2026-03-24,https://jasoseol.com/recruit/102884,,2026-09-07 18:26:14
자소설닷컴,경신,2026년 양산생산기술팀 계약직 사원 채용,생산기술-양산생산기술-본사/연구소,계약직,수시채용,,,2026-03-15,https://jasoseol.com/recruit/102881,,2026-09-07 18:26:14
자소설닷컴,한국과학기술연구원(KIST),휴직 대체인력 및 행정인턴 공개채용,"정책기획팀 (연구원), 수탁사업운영팀 (관리원), KIST 연구소·본부① (연구행정원), KIST 연구소·본부② (연구행정원), 학연운영팀, 혁신기업협력센터 , 안보기술사업단장실 , 고효율·고안전 청정수소 저장·활용","계약직, 인턴",수시채용,,,2026-03-20,https://jasoseol.com/recruit/102888,,2026-09-07 18:26:15
자소설닷컴,한국벤처투자(KVIC),2026년 상반기 청년인턴(장애) 채용,청년인턴(장애인),인턴,수시채용,,,2026-03-24,https://jasoseol.com/recruit/102886,,2026-09-07 18:26:15
자소설닷컴,하나증권,"기업분석실(화장품, 유통업종 RA) 경력직 채용",기업분석실,계약직,수시채용,,,2026-03-18,https://jasoseol.com/recruit/102887,,2026-09-07 18:26:15
자소설닷컴,KT스카이라이프,"2026년 경력직 수시채용 (영업/유통기획, 리텐션기획/운영, UI/UX기획)","영업/유통 기획, 리텐션 기획/운영, UI/UX 기획",경력,수시채용,,,2026-03-18,https://jasoseol.com/recruit/102889,,2026-09-07 18:26:16
자소설닷컴,삼성웰스토리,2026년도 상반기 신입사원 채용,"경영지원, 경영지원(재무), 수주영업, 품질위생",신입,수시채용,,,2026-03-17,https://jasoseol.com/recruit/102890,,2026-09-07 18:26:16
자소설닷컴,한국과학기술연구원(KIST),2026년도 제1차 행정·연구지원부문 공개채용,"일반행정, 기록물관리, 홍보 (콘텐츠 제작 관리), 안전 (위험물 안전), 시설 (건축), 시설 (건축영선), 시설 (기계설비), 일반행정 (전북분원)",코드5,수시채용,,,2026-03-20,https://jasoseol.com/recruit/102892,,2026-09-07 18:26:17
자소설닷컴,대한사료,2026년 영업지원팀 경력사원 채용,PR & 홍보 기획,경력,상시채용,,,2026-03-15,https://jasoseol.com/recruit/102893,,2026-09-07 18:26:17
자소설닷컴,DRB동일,콘텐츠 기획·운영 계약직 채용,콘텐츠 기획 및 운영,계약직,수시채용,,,2026-03-29,https://jasoseol.com/recruit/102895,,2026-09-07 18:26:18
자소설닷컴,대한항공씨앤디서비스,2026년 상반기 일반직 채용전환형 인턴 수시채용,일반직,인턴,수시채용,,,2026-03-18,https://jasoseol.com/recruit/102894,,2026-09-07 18:26:18
자소설닷컴,GC셀,검체 관리 서비스 매니저 채용 (서산),서비스 매니저(서산),계약직,상시채용,,,2026-04-10,https://jasoseol.com/recruit/102896,,2026-09-07 18:26:18
자소설닷컴,GC셀,검체 관리 서비스 매니저 채용 (동대문),서비스 매니저,계약직,상시채용,,,2026-03-30,https://jasoseol.com/recruit/102898,,2026-09-07 18:26:19
자소설닷컴,GC셀,검체 관리 서비스 매니저 채용 (송도),서비스 매니저(송도),계약직,상시채용,,,2026-04-14,https://jasoseol.com/recruit/102897,,2026-09-07 18:26:19
자소설닷컴,KT 커머스,"2026년 신입사원 채용(재무회계, 구매)","재무회계, 구매",신입,수시채용,,,2026-03-20,https://jasoseol.com/recruit/102899,,2026-09-07 18:26:19
자소설닷컴,한국과학기술연구원(KIST),2026년도 제1차 연구기술지원부문 공개채용,"(01) 분석지원, (02) 분석지원, (03) 반도핑 분석법 개발 및 연구 지원, (04) 실험동물실 연구지원, (05) 공정 장비 운영, (06) 로봇 소프트웨어 개발 및 연구지원, (07) 로봇 전장립 개발 및",코드5,수시채용,,,2026-03-20,https://jasoseol.com/recruit/102891,,2026-09-07 18:26:20
자소설닷컴,마이다스그룹,B2B 마케팅 담당자 채용,영업 및 마케팅-B2B 마케팅,경력,수시채용,,,2026-03-22,https://jasoseol.com/recruit/102900,,2026-09-07 18:26:20
자소설닷컴,하나증권,ECM2실 경력직 채용,ECM2실,계약직,수시채용,,,2026-03-22,https://jasoseol.com/recruit/102902,,2026-09-07 18:26:21
자소설닷컴,마이다스그룹,기계 SW 구조해석 기술지원 담당자 채용,기술지원분야-기계SW 기술지원,경력,수시채용,,,2026-03-22,https://jasoseol.com/recruit/102901,,2026-09-07 18:26:21
자소설닷컴,NHN Cloud,사업지원,사업지원,신입,상시채용,,,2026-04-23,https://jasoseol.com/recruit/102903,,2026-09-07 18:26:21
자소설닷컴,GC셀,CS 담당자 모집 (신입/경력),CS,코드5,수시채용,,,2026-03-16,https://jasoseol.com/recruit/102905,,2026-09-07 18:26:21
자소설닷컴,GC셀,영업 및 관리 담당자 (경력),영업 및 관리,경력,수시채용,,,2026-03-16,https://jasoseol.com/recruit/102906,,2026-09-07 18:26:22
자소설닷컴,한국품질재단,AI CONNECT 제조품질 전문가 양성 교육생 모집,제조품질 전문가 양성 과정,교육,수시채용,,,2026-03-27,https://jasoseol.com/recruit/102907,,2026-09-07 18:26:22
자소설닷컴,삼성생명,2026 상반기 신입사원 채용,"영업관리, 상품계리, 자산운용, 투자자산관리, 디지털 서비스 기획/운영, IT 서비스 기획/운영, 보험지원",신입,수시채용,,,2026-03-17,https://jasoseol.com/recruit/102910,,2026-09-07 18:26:23
자소설닷컴,삼성증권,2026년 상반기 3급 신입사원 채용,"WM, IB(기업금융), IB(대체투자), Sales&Trading(운용), Sales&Trading(세일즈), 리서치, 디지털 서비스 기획/운영, 연금 사업지원/영업, IT서비스 기획/운영, AI 서비스 기획/운영",신입,수시채용,,,2026-03-17,https://jasoseol.com/recruit/102912,,2026-09-07 18:26:23
자소설닷컴,삼성전자 DS부문,2026년 상반기 3급 신입사원 채용,"반도체공정기술 (메모리), 설비기술 (메모리), 회로설계 (S.LSI), 신호및시스템설계 (S.LSI), 평가및분석 (S.LSI), 반도체공정설계 (S.LSI), 회로설계 (Foundry), 평가및분석 (Foundr",신입,수시채용,,,2026-03-17,https://jasoseol.com/recruit/102913,,2026-09-07 18:26:24
자소설닷컴,삼성물산(건설),2026년 상반기 3급 신입사원 채용 공고,"기술직(플랜트/에너지):건축, 기술직(플랜트/에너지):기계, 기술직(플랜트/에너지):전기전자, 기술직(데이터센터/오피스빌딩):건축, 기술직(데이터센터/오피스빌딩):기계, 기술직(데이터센터/오피스빌딩):전기전자, 기술",신입,수시채용,,,2026-03-17,https://jasoseol.com/recruit/102909,,2026-09-07 18:26:24
자소설닷컴,삼성디스플레이,2026년 상반기 3급 신입사원 채용,"연구개발, 공정기술, 설비인프라기술, 경영지원, 경영지원(재무), 영업마케팅",신입,수시채용,,,2026-03-17,https://jasoseol.com/recruit/102914,,2026-09-07 18:26:24
자소설닷컴,삼성물산(상사),2026년 상반기 신입사원 채용 및 대학생 인턴모집,"기술영업직, 영업직, 경영지원직(관리/금융/재무)","신입, 인턴",수시채용,,,2026-03-17,https://jasoseol.com/recruit/102915,,2026-09-07 18:26:25
자소설닷컴,삼성E&A,2026 상반기 3급 신입사원 채용 및 대학생 인턴 모집,"기술직(설계/조달), 기술직(사업관리/시공관리/품질), 안전보건관리직, 경영지원직","신입, 인턴",수시채용,,,2026-03-17,https://jasoseol.com/recruit/102917,,2026-09-07 18:26:25
자소설닷컴,삼성자산운용,2026년 상반기 3급 신입사원 채용,"자산운용, 경영지원",신입,수시채용,,,2026-03-17,https://jasoseol.com/recruit/102918,,2026-09-07 18:26:25
자소설닷컴,삼성에스원,2026 상반기 3급 신입사원/인턴 채용,"보안시스템영업, 부동산자산관리(PM), 시설관리(FM), SI기술, 연구개발(S/W), 경영지원, 디자인","신입, 인턴",수시채용,,,2026-03-17,https://jasoseol.com/recruit/102919,,2026-09-07 18:26:26
자소설닷컴,삼성바이오로직스,2026년 상반기 3급 신입사원 채용 공고,"공정엔지니어링직, 경영지원직(재무)",신입,수시채용,,,2026-03-17,https://jasoseol.com/recruit/102922,,2026-09-07 18:26:27
자소설닷컴,삼성바이오로직스,2026년 대학생 인턴 모집,공정엔지니어링직,인턴,수시채용,,,2026-03-17,https://jasoseol.com/recruit/102923,,2026-09-07 18:26:28
자소설닷컴,삼성전자 DS부문,2026년 대학생 인턴 채용공고,"[메모리 사업부] 반도체공정기술, [메모리 사업부] 설비기술, [S.LSI 사업부] 회로설계, [S.LSI 사업부] 신호및시스템설계, [S.LSI 사업부] 평가및분석, [S.LSI 사업부] 반도체공정설계, [Foun",인턴,수시채용,,,2026-03-17,https://jasoseol.com/recruit/102926,,2026-09-07 18:26:28
자소설닷컴,삼성전자 DS부문,Samsung Convergence SW Academy 모집 공고 (DS부문),SCSA (Samsung Convergence SW Academy),교육,수시채용,,,2026-03-17,https://jasoseol.com/recruit/102927,,2026-09-07 18:26:28
자소설닷컴,삼성전자 DX부문,2026년 상반기 3급 신입사원 채용,"[MX사업부]회로설계, [MX사업부]인공지능, [MX사업부]B2C 영업, [MX사업부]제품/서비스 마케팅, [미래로봇추진단]회로설계, [미래로봇추진단]시스템 소프트웨어, [네트워크사업부]시스템 개발, [네트워크사업부",신입,수시채용,,,2026-03-17,https://jasoseol.com/recruit/102920,,2026-09-07 18:26:28
자소설닷컴,삼성디스플레이,2026년 대학생 인턴 모집,연구개발,인턴,수시채용,,,2026-03-17,https://jasoseol.com/recruit/102921,,2026-09-07 18:26:29
자소설닷컴,삼성전자 DS부문,Full-time opportunity for international students (DS),Process technology,신입,수시채용,,,2026-03-17,https://jasoseol.com/recruit/102928,,2026-09-07 18:26:29
자소설닷컴,삼성글로벌리서치,2026년 상반기 3급 신입사원 채용 공고,"인사, IT서비스 기획/운영",신입,수시채용,,,2026-03-17,https://jasoseol.com/recruit/102929,,2026-09-07 18:26:29
자소설닷컴,이노션,AI 콘텐츠 검수 운영 (Junior) (계약직),AI 콘텐츠 검수 운영 (Junior) (계약직),계약직,수시채용,,,2026-03-15,https://jasoseol.com/recruit/102932,,2026-09-07 18:26:31
자소설닷컴,LG전자,2026 R&D 석/박사 산학장학생 채용,"HW(전기전자) R&D, SW R&D, Mechanical(기계/기구) R&D, Material(소재/재료) R&D, Production R&D, IT/Communication R&D",신입,수시채용,,,2026-03-30,https://jasoseol.com/recruit/102931,,2026-09-07 18:26:31
자소설닷컴,하나증권,정보보호실(개인정보보호) 경력직 채용,정보보호실,계약직,수시채용,,,2026-03-23,https://jasoseol.com/recruit/102933,,2026-09-07 18:26:31
자소설닷컴,삼성서울병원,2026년 대학생 인턴 모집 안내,경영지원직,인턴,수시채용,,,2026-03-17,https://jasoseol.com/recruit/102930,,2026-09-07 18:26:31
자소설닷컴,한국산업기술시험원(KTL),"QM/QC,반도체,GMP,의료기기,안전 취업 교육생 모집","반도체, QM/QC, 시험인증, 제약/바이오(GMP), 산업안전보건, 의료기기 RA",교육,수시채용,,,2026-03-24,https://jasoseol.com/recruit/102934,,2026-09-07 18:26:32
자소설닷컴,유안타증권,디지털고객센터 신입/경력직원 채용,디지털고객센터,계약직,수시채용,,,2026-03-23,https://jasoseol.com/recruit/102935,,2026-09-07 18:26:32
자소설닷컴,유디에스,2026년 1분기 신입/경력 채용,"PLM, BOM 시스템 운영 및 컨설팅, Windchill 개발자, Front - End 개발자","경력, 코드5",수시채용,,,2026-03-24,https://jasoseol.com/recruit/102936,,2026-09-07 18:26:32
자소설닷컴,중앙대학교병원,전산정보팀 행정(계약직) 모집 (2026.03),전산정보팀-행정,계약직,수시채용,,,2026-03-16,https://jasoseol.com/recruit/102937,,2026-09-07 18:26:33
자소설닷컴,중앙대학교병원,(서울병원) 부대사업팀 조리원(계약직) 모집 (2026.03),부대사업팀-조리원,계약직,수시채용,,,2026-03-16,https://jasoseol.com/recruit/102938,,2026-09-07 18:26:33
자소설닷컴,제일기획,2026년 대학생 인턴 모집,"기획직, 데이터기획직, 제작직(Art)",인턴,수시채용,,,2026-03-17,https://jasoseol.com/recruit/102939,,2026-09-07 18:26:33
자소설닷컴,제일기획,2026년 상반기 3급 신입사원 채용 공고,"기획직, 마케팅전략, 리테일마케팅, 플랫폼기획직, 데이터기획직, 방송직(PD), 제작직(Art), 제작직(CW), UI/UX디자인직, 소프트웨어직, 경영지원직(일반)",신입,수시채용,,,2026-03-17,https://jasoseol.com/recruit/102940,,2026-09-07 18:26:34
자소설닷컴,삼성물산(패션),2026년 상반기 3급 신입사원 채용 공고,"상품기획, Retail영업, 경영지원",신입,수시채용,,,2026-03-17,https://jasoseol.com/recruit/102942,,2026-09-07 18:26:35
자소설닷컴,삼성전자 DX부문,Samsung Convergence SW Academy 모집 공고 (DX부문),SCSA (Samsung Convergence SW Academy),교육,수시채용,,,2026-03-17,https://jasoseol.com/recruit/102941,,2026-09-07 18:26:35
자소설닷컴,삼성중공업,2026년 대학생 인턴 모집,"기본설계, 해양설계",인턴,수시채용,,,2026-03-17,https://jasoseol.com/recruit/102943,,2026-09-07 18:26:35
자소설닷컴,삼성중공업,2026년 상반기 3급 신입사원 채용 공고,"기본설계, 조선설계, 해양설계, 공정관리, 구매, PM, R&D, 자동화솔루션, 해외영업, 경영지원, 경영지원(재무)",신입,수시채용,,,2026-03-17,https://jasoseol.com/recruit/102945,,2026-09-07 18:26:36
자소설닷컴,삼성전자 DX부문,Full-Time Opportunity for International Students,"[Mobile eXperience Business] Circuit Design, [Future Robotics Office] Circuit Design, [Networks Business] System Develop",신입,수시채용,,,2026-03-17,https://jasoseol.com/recruit/102944,,2026-09-07 18:26:37
자소설닷컴,삼성화재,2026년 상반기 3급 신입사원 채용,"영업관리, 손해사정, 상품개발·계리, 계약심사(언더라이팅), 글로벌 사업 기획/운영, 자산운용, 디지털 서비스 기획/운영",신입,수시채용,,,2026-03-17,https://jasoseol.com/recruit/102946,,2026-09-07 18:26:37
자소설닷컴,삼성바이오에피스,2026년 상반기 3급 신입사원 채용 공고,"연구개발, 경영지원",신입,수시채용,,,2026-03-17,https://jasoseol.com/recruit/102948,,2026-09-07 18:26:37
자소설닷컴,삼성전자 DX부문,2026년 대학생 인턴 모집,"[영상디스플레이사업부]회로설계, [영상디스플레이사업부]시스템 소프트웨어, [영상디스플레이사업부]제품/서비스 마케팅, [네트워크사업부]회로설계, [네트워크사업부]시스템 개발, [네트워크사업부]애플리케이션 개발, [네트",인턴,수시채용,,,2026-03-17,https://jasoseol.com/recruit/102947,,2026-09-07 18:26:38
자소설닷컴,삼성SDI,2026년 상반기 3급 신입사원 채용 공고,기술,신입,수시채용,,,2026-03-17,https://jasoseol.com/recruit/102949,,2026-09-07 18:26:39
자소설닷컴,삼성전기,2026년 대학생 인턴 모집,"연구개발직, 소프트웨어직, 영업마케팅직",인턴,수시채용,,,2026-03-17,https://jasoseol.com/recruit/102950,,2026-09-07 18:26:39
자소설닷컴,삼성전기,2026년 상반기 3급 신입사원 채용 공고,연구개발직,신입,수시채용,,,2026-03-17,https://jasoseol.com/recruit/102951,,2026-09-07 18:26:39
자소설닷컴,녹십자웰빙,세미(종병)병원 영업_신입/경력,세미(종병)병원 영업,코드5,수시채용,,,2026-03-22,https://jasoseol.com/recruit/102952,,2026-09-07 18:26:39
자소설닷컴,대상,"2026년 3,4월 신입/경력사원 채용","[경영지원부문] 기술관리, [경영지원부문] 자재관리, [경영지원부문] 품질관리, [경영지원부문] 신사업기획, [경영지원부문] PR, [경영지원부문] IT기획, [경영지원부문] 데이터분석, [식품사업부문] 생산직(순창","경력, 신입",수시채용,,,2026-03-22,https://jasoseol.com/recruit/102953,,2026-09-07 18:26:40
자소설닷컴,녹십자웰빙,포장(신입/경력),포장,코드5,수시채용,,,2026-03-22,https://jasoseol.com/recruit/102954,,2026-09-07 18:26:41
자소설닷컴,한국원자력환경공단(KORAD),2026년도 수시채용,"설비계통(전기), 설비계통(기계), 업무지원(처분기술팀), 업무지원(노사협력팀), 업무지원(엔지니어링팀), 업무지원(AI전환팀), 업무지원(ESG상생팀), 업무지원(인재경영팀), 업무지원(기금관리센터), 안내홍보(행","계약직, 신입, 인턴",수시채용,,,2026-03-18,https://jasoseol.com/recruit/102955,,2026-09-07 18:26:41
자소설닷컴,삼양케이씨아이,기획팀 채용,기획,경력,상시채용,,,2026-05-09,https://jasoseol.com/recruit/102957,,2026-09-07 18:26:41
자소설닷컴,녹십자웰빙,생산(신입),생산,신입,수시채용,,,2026-03-22,https://jasoseol.com/recruit/102956,,2026-09-07 18:26:41
자소설닷컴,앱솔브랩,BM(상품기획) 경력 채용,BM 상품기획,경력,상시채용,,,2026-04-27,https://jasoseol.com/recruit/102958,,2026-09-07 18:26:41
자소설닷컴,린데코리아,제조운영부문 창원생산팀 SOS Plant Technician 정규직 채용,SOS Plant Technician,경력,수시채용,,,2026-03-23,https://jasoseol.com/recruit/102960,,2026-09-07 18:26:42
자소설닷컴,앱솔브랩,유럽 B2B 영업 경력 채용,유럽 B2B 영업 경력 채용,경력,상시채용,,,2026-04-02,https://jasoseol.com/recruit/102959,,2026-09-07 18:26:42
자소설닷컴,앱솔브랩,글로벌 인플루언서 마케팅 인턴 채용,인플루언서 마케팅,인턴,상시채용,,,2026-05-09,https://jasoseol.com/recruit/102961,,2026-09-07 18:26:43
자소설닷컴,한국기계연구원,2026년도 제2회 기간제 근로자 공개채용,"연구1_AI휴머노이드 연구개발, 연구2_질소자원화 공정 플랫폼 연구개발, 기술_질소자원화 기술지원, 행정_연구실안전환경관리",계약직,수시채용,,,2026-03-31,https://jasoseol.com/recruit/102962,,2026-09-07 18:26:43
자소설닷컴,앱솔브랩,중동 인플루언서 마케팅 인턴 채용,중동 인플루언서 마케팅,인턴,상시채용,,,2026-04-30,https://jasoseol.com/recruit/102963,,2026-09-07 18:26:44
자소설닷컴,앱솔브랩,남미 인플루언서 마케팅 인턴 채용,남미 인플루언서 마케팅,인턴,상시채용,,,2026-04-30,https://jasoseol.com/recruit/102964,,2026-09-07 18:26:44
자소설닷컴,앱솔브랩,러시아/CIS 인플루언서 마케팅 인턴 채용,러시아/CIS 인플루언서 마케팅 ,인턴,상시채용,,,2026-05-09,https://jasoseol.com/recruit/102965,,2026-09-07 18:26:45
자소설닷컴,CBS,2026년도 신입/경력사원 채용,"기자, 영상기자, PD, 엔지니어(본사/서울), 아나운서, 엔지니어(순천), 방송경영(인사·노무), 방송경영(마케팅), 방송경영(선교사업), 교계기자","경력, 신입",수시채용,,,2026-03-15,https://jasoseol.com/recruit/102967,,2026-09-07 18:26:45
자소설닷컴,한국화재보험협회,각 분야별 계약직원 채용 공고,"전통시장 소방 분야, 전통시장 전기 분야, 특수건물 안전점검",계약직,수시채용,,,2026-03-18,https://jasoseol.com/recruit/102968,,2026-09-07 18:26:45
자소설닷컴,서울특별시보라매병원,2026년 상반기 블라인드 직원채용 공고,"사무직, 기술직, 보건직(외과), 보건직(재활의학과), 보건직(영상의학과), 보건직(핵의학과), 운영기능직, 환경유지지원직(주차유도), 환경유지지원직(안내)",신입,수시채용,,,2026-03-25,https://jasoseol.com/recruit/102969,,2026-09-07 18:26:46
자소설닷컴,한화오션,2026 상반기 신입사원 채용,"기본설계, 종합/구조설계, 의장설계(기장/선장/배관), 의장설계(전장/무장/통신), 영업, 사업기획, 사업관리, 사업개발(풍력), 구매, 생산관리(생산관리/공무/품질), HSE, AI 개발, 로보틱스 개발, 자동화 ",신입,수시채용,,,2026-03-31,https://jasoseol.com/recruit/102966,,2026-09-07 18:26:46
자소설닷컴,앱솔브랩,러시아/CIS 인플루언서 마케팅 경력 채용,러시아/CIS 인플루언서 마케팅 경력,경력,상시채용,,,2026-05-09,https://jasoseol.com/recruit/102970,,2026-09-07 18:26:46
자소설닷컴,앱솔브랩,동남아 B2B 영업 경력 채용,동남아 B2B 영업 경력,경력,상시채용,,,2026-05-09,https://jasoseol.com/recruit/102971,,2026-09-07 18:26:47
자소설닷컴,앱솔브랩,SCM(구매) 경력(팀장급) 채용,SCM(구매) 경력(팀장급),경력,상시채용,,,2026-04-20,https://jasoseol.com/recruit/102972,,2026-09-07 18:26:47
자소설닷컴,앱솔브랩,미국 마케팅 인턴 채용,미국 마케팅 인턴,인턴,상시채용,,,2026-05-09,https://jasoseol.com/recruit/102973,,2026-09-07 18:26:47
자소설닷컴,앱솔브랩,중동 인플루언서 마케팅 경력 채용,중동 인플루언서 마케팅 경력,경력,상시채용,,,2026-04-06,https://jasoseol.com/recruit/102974,,2026-09-07 18:26:48
자소설닷컴,앱솔브랩,프로덕트 엔지니어 경력 채용,프로덕트 엔지니어 경력,경력,상시채용,,,2026-03-18,https://jasoseol.com/recruit/102975,,2026-09-07 18:26:48
자소설닷컴,앱솔브랩,SCM(구매) 경력 채용,SCM(구매) 경력,경력,상시채용,,,2026-04-20,https://jasoseol.com/recruit/102976,,2026-09-07 18:26:49
자소설닷컴,앱솔브랩,BM(상품기획) 인턴 채용,BM(상품기획) 인턴,인턴,상시채용,,,2026-04-24,https://jasoseol.com/recruit/102977,,2026-09-07 18:26:49
자소설닷컴,앱솔브랩,동남아 인플루언서 마케팅 인턴 채용,동남아 인플루언서 마케팅 인턴,인턴,상시채용,,,2026-04-24,https://jasoseol.com/recruit/102978,,2026-09-07 18:26:50
자소설닷컴,앱솔브랩,BX 콘텐츠 디자이너 계약직 채용,BX 콘텐츠 디자이너,계약직,상시채용,,,2026-04-24,https://jasoseol.com/recruit/102979,,2026-09-07 18:26:50
자소설닷컴,앱솔브랩,BX 제품 디자이너 경력 채용,BX 제품 디자이너 경력,경력,상시채용,,,2026-04-24,https://jasoseol.com/recruit/102980,,2026-09-07 18:26:50
자소설닷컴,한국에너지공단,신입직원(채용형 인턴) 채용 공고,"공개 경쟁 _채용형 인턴 (일반)_사무_경영·경제, 공개 경쟁 _채용형 인턴 (일반)_사무_법·행정, 공개 경쟁 _채용형 인턴 (일반)_기술_건축, 공개 경쟁 _채용형 인턴 (일반)_기술_기계, 공개 경쟁 _채용형 ",인턴,수시채용,,,2026-03-25,https://jasoseol.com/recruit/102981,,2026-09-07 18:26:51
자소설닷컴,한화에어로스페이스,2026 상반기 대규모 신입사원 채용,"R&D_기계/항공, R&D_전기/전자, R&D_SW/컴퓨터공학, R&D_화학공학/화학, R&D_공학계열, 제조/생산기술_기계/항공, 제조/생산기술_전기/전자, 제조/생산기술_SW/컴퓨터공학, 제조/생산기술_화학공학/","신입, 인턴",수시채용,,,2026-03-30,https://jasoseol.com/recruit/102982,,2026-09-07 18:26:51
자소설닷컴,에이피알,[CS] 해외 CS 기획/분석 채용연계형 인턴 및 경력사원 모집,[CS] 해외 CS 기획/분석,"경력, 인턴",상시채용,,,2026-05-09,https://jasoseol.com/recruit/102983,,2026-09-07 18:26:51
자소설닷컴,코르트,2026년 상반기 Solution Engineer 신입 수시 채용,Solution Engineer,신입,상시채용,,,2026-05-10,https://jasoseol.com/recruit/102985,,2026-09-07 18:26:52
자소설닷컴,GC셀,사업기획 담당자 모집 (경력),사업기획,경력,수시채용,,,2026-03-22,https://jasoseol.com/recruit/102984,,2026-09-07 18:26:52
자소설닷컴,서울대학교병원(SNUH),2026년 상반기 신규직원 채용,"사무일반, 전산, 의학연구협력센터, AI연구지원팀, 영상의학과, 방사선종양학과, 핵의학과, 재활의학과, 언어청각센터, 기계, 기계(중입자가속기 사업시설팀), 의공직 기계분야, 간호보조(일반), 간호보조(간호조무사),",신입,수시채용,,,2026-03-18,https://jasoseol.com/recruit/102986,,2026-09-07 18:26:53
자소설닷컴,남해화학,신입/연구직/공인노무사 모집,"공인노무사, 5급 연구직, 화공 (전문기능직), CAD (전문기능직), 계전 (전문기능직)","계약직, 신입",수시채용,,,2026-03-18,https://jasoseol.com/recruit/102987,,2026-09-07 18:26:53
자소설닷컴,존슨앤드존슨,[Vision Care] AI Engineer - Techonology Leadership Development Program,AI Engineer,신입,수시채용,,,2026-03-29,https://jasoseol.com/recruit/102989,,2026-09-07 18:26:54
자소설닷컴,존슨앤드존슨,[Innovative Medicine] Territory Executive(Pharmacist hiring/Fresh graduates may apply),Territory Executive,신입,수시채용,,,2026-03-22,https://jasoseol.com/recruit/102988,,2026-09-07 18:26:54
자소설닷컴,이노션,데이터 엔지니어 (Google Analytics),데이터 엔지니어 (Google Analytics),계약직,수시채용,,,2026-03-29,https://jasoseol.com/recruit/102990,,2026-09-07 18:26:54
자소설닷컴,한국에자이,IT Associate 채용,IT Associate,코드5,수시채용,,,2026-03-18,https://jasoseol.com/recruit/102991,,2026-09-07 18:26:55
자소설닷컴,아주산업,2026년 영업관리팀 인재채용,영업관리팀원,코드5,수시채용,,,2026-03-22,https://jasoseol.com/recruit/102992,,2026-09-07 18:26:55
자소설닷컴,아이쓰리시스템,반도체 소자공정 엔지니어 채용,반도체 소자공정 엔지니어 채용,신입,수시채용,,,2026-03-30,https://jasoseol.com/recruit/102993,,2026-09-07 18:26:56
자소설닷컴,에이피알,[마케팅] 메디큐브 올리브영 온라인 마케팅 채용연계형 인턴사원 모집,[마케팅] 메디큐브 올리브영 온라인 마케팅 채용연계형 인턴사원 모집,인턴,상시채용,,,2026-05-10,https://jasoseol.com/recruit/102994,,2026-09-07 18:26:56
자소설닷컴,한전원자력연료(KNF),2026년도 상반기 신입직원 채용 공고,"사무직_일반, 기술직_전산, 기술직_기계(가), 기술직_기계(나), 기술직_건축, 기술직_전기, 기술직_안전, 연구직_원자로물리, 연구직_기계설계, 연구직_열수력, 생산기술직_기계(가), 생산기술직_기계(나), 생산",인턴,수시채용,,,2026-03-26,https://jasoseol.com/recruit/102995,,2026-09-07 18:26:56
자소설닷컴,아주산업,2026년 재무회계팀장 인재채용,회계팀장,경력,수시채용,,,2026-03-22,https://jasoseol.com/recruit/102996,,2026-09-07 18:26:57
자소설닷컴,녹십자웰빙,생산지원(신입),생산지원,신입,수시채용,,,2026-03-22,https://jasoseol.com/recruit/102997,,2026-09-07 18:26:57
자소설닷컴,휴넷,2026년 B2B 교육영업 집중채용,"영업대표 (B2B 교육영업) - A부문, 영업대표 (B2B 교육영업) - B부문 , 영업대표 (B2B 교육영업) - C부문",코드5,수시채용,,,2026-03-31,https://jasoseol.com/recruit/102998,,2026-09-07 18:26:58
자소설닷컴,세아특수강,2026 상반기 채용 신입/경력 각 분야 (사무기술직/별정직),"디지털혁신팀/사무기술직, 물류팀/사무기술직, 운영지원팀/별정직","경력, 신입, 코드5",수시채용,,,2026-03-22,https://jasoseol.com/recruit/102999,,2026-09-07 18:26:58
자소설닷컴,코리안리재보험,2026 상반기 경력직(법무) 채용,법무(사내변호사),경력,수시채용,,,2026-03-27,https://jasoseol.com/recruit/103000,,2026-09-07 18:26:58
자소설닷컴,LG유플러스,2026년 3월 신입채용,"Consumer부문 - 모바일 정책기획, Enterprise부문(B2B) - B2B영업, NW부문 - NW기술(유·무선)",신입,수시채용,,,2026-03-29,https://jasoseol.com/recruit/103001,,2026-09-07 18:26:59
자소설닷컴,GS칼텍스,2026년 상반기 신입/경력사원 채용,"Supply & Trading , Retail/Commercial 영업, 재무, 인사, 엔지니어 (전기), 엔지니어 (화공) , 안전, DX/AX (여수공장) (경력)","경력, 신입",수시채용,,,2026-03-31,https://jasoseol.com/recruit/103002,,2026-09-07 18:26:59
자소설닷컴,KBS,2026년 의학전문기자(무기직 전환형) 공개채용,의학전문기자,계약직,수시채용,,,2026-03-24,https://jasoseol.com/recruit/103003,,2026-09-07 18:27:00
자소설닷컴,녹십자웰빙,임상 담당 (Senior),임상 팀원(PM),경력,수시채용,,,2026-03-22,https://jasoseol.com/recruit/103005,,2026-09-07 18:27:00
자소설닷컴,건강보험심사평가원(HIRA),2026년 상반기 정규직 채용 공고,"행정직_사무 행정_6급가_일반, 행정직_사무 행정_6급가_보훈, 행정직_사무 행정_6급나_고졸, 심사직_약사_4급-일반, 심사직_간호사 등_5급_일반, 심사직_간호사 등_5급_보훈, 전산직_시스템 개발_6급가_일반,","경력, 신입, 코드5",수시채용,,,2026-03-25,https://jasoseol.com/recruit/103007,,2026-09-07 18:27:01
자소설닷컴,슈피겐코리아,2026년 1분기 경력 및 채용연계형 인턴 공개채용,"글로벌 이커머스 영업(유럽), 글로벌 이커머스 영업(일본), 글로벌 이커머스 영업(동남아시아), 글로벌 이커머스 영업(중동/오세아니아), 글로벌 이커머스 영업(인도), 글로벌 B2B 영업(튀르키에), 글로벌 고객경험","경력, 인턴",수시채용,,,2026-03-22,https://jasoseol.com/recruit/103008,,2026-09-07 18:27:01
자소설닷컴,KIS정보통신,서비스 기획,서비스 기획,경력,수시채용,,,2026-03-21,https://jasoseol.com/recruit/103004,,2026-09-07 18:27:02
자소설닷컴,홍천엠앤티,영업직군 및 VMD 채용,"영업MD, 영업지원, VMD","계약직, 코드5",수시채용,,,2026-03-24,https://jasoseol.com/recruit/103010,,2026-09-07 18:27:02
자소설닷컴,로지스올,경력사원 채용,"[한국컨테이너풀(주)] 3PL SCM 영업 및 관리, [한국로지스풀(주)] 3PL 영업관리, [한국로지스풀(주)] 3PL 운영관리, [로지스올시스템즈(주)] 네트워크 관리, [로지스올시스템즈(주)] AI 개발자, [",경력,수시채용,,,2026-03-25,https://jasoseol.com/recruit/103009,,2026-09-07 18:27:02
자소설닷컴,현대모비스,"[반도체사업담당] 26년 3월 연구직 경력채용 (Chief of Semiconductor Business, senior-res.)","전력반도체 소자 제품기술, 전원 및 구동반도체 아날로그 설계, SoC 개발_SoC Design",경력,수시채용,,,2026-03-23,https://jasoseol.com/recruit/103012,,2026-09-07 18:27:03
자소설닷컴,현대모비스,"[반도체사업담당] 26년 3월 관리직 경력채용 (Chief of Semiconductor Business, senior-admin.)",품질_Quality-품질관리_Quality Control-반도체 분석_Semiconductor Analysis Specialist,경력,수시채용,,,2026-03-23,https://jasoseol.com/recruit/103013,,2026-09-07 18:27:03
자소설닷컴,하나증권,하나더넥스트실(기획) 경력직 채용,하나더넥스트실,계약직,수시채용,,,2026-03-24,https://jasoseol.com/recruit/103014,,2026-09-07 18:27:03
자소설닷컴,중앙대학교병원,(서울병원) 심장혈관흉부외과(폐식도외과) 전담간호사(경력/정규직) 모집 (2026.03),심장혈관흉부외과-간호사-폐식도외과 전담간호사,경력,수시채용,,,2026-03-17,https://jasoseol.com/recruit/103011,,2026-09-07 18:27:04
자소설닷컴,한국리서치,자료조사본부 정량조사부 슈퍼바이저 채용,"자료조사 슈퍼바이저(신입), 자료조사 슈퍼바이저(경력)",계약직,수시채용,,,2026-03-22,https://jasoseol.com/recruit/103015,,2026-09-07 18:27:04
자소설닷컴,한국관세정보원,2026년 정규직 및 무기계약직 채용 공고,"행정, 전산운영, 전산설비","경력, 계약직, 신입",수시채용,,,2026-03-26,https://jasoseol.com/recruit/103016,,2026-09-07 18:27:04
자소설닷컴,세아제강,2026년 상반기 신입/경력사원 채용,"[세아제강지주] IR , [세아제강] 인사 , [세아제강] 인사, [세아제강] 경영기획 , [세아제강] 해외영업 , [세아제강] 해외영업, [세아제강] 회계 , [세아제강] 신제품/신소재개발 , [세아제강] 인사/노","경력, 신입",수시채용,,,2026-03-18,https://jasoseol.com/recruit/103017,,2026-09-07 18:27:05
자소설닷컴,한국폴리텍대학(KOPO),2026년 사무직원 공개채용,"일반직 6급(일반), 일반직 6급(장애), 일반직 6급(보훈), 일반직 6급(건축), 일반직 6급(보건관리), 일반직 6급(전기안전관리), 일반직 6급(연구실안전환경관리), 일반직 6급(전산), 일반직 7급(고졸)",코드5,수시채용,,,2026-03-27,https://jasoseol.com/recruit/103018,,2026-09-07 18:27:05
자소설닷컴,중앙대학교병원,(서울병원) 응급의학과 응급구조사(계약직) 모집 (2026.03),응급의학과-응급구조사,계약직,수시채용,,,2026-03-18,https://jasoseol.com/recruit/103019,,2026-09-07 18:27:06
자소설닷컴,NHN Cloud,클라우드 기술교육 강의 및 운영(테크니컬트레이너),클라우드 기술교육 강의 및 운영(테크니컬트레이너),경력,상시채용,,,2026-04-20,https://jasoseol.com/recruit/103020,,2026-09-07 18:27:06
자소설닷컴,토스페이먼츠,Sales Assistant,영업지원,계약직,상시채용,,,2026-04-02,https://jasoseol.com/recruit/103021,,2026-09-07 18:27:06
자소설닷컴,한국후지필름,2026년 3월 마케팅(브랜딩) 경력사원 채용,마케팅(브랜딩),경력,수시채용,,,2026-03-16,https://jasoseol.com/recruit/103023,,2026-09-07 18:27:07
자소설닷컴,정식품,2026년 신입사원 모집,유통영업,신입,수시채용,,,2026-03-22,https://jasoseol.com/recruit/103022,,2026-09-07 18:27:07
자소설닷컴,에코마케팅,뷰티·이너뷰티 커머스 마케터 신입/경력 채용,커머스 마케터,코드5,수시채용,,,2026-03-22,https://jasoseol.com/recruit/103024,,2026-09-07 18:27:07
자소설닷컴,한국파스퇴르연구소,총무인사실 실원 채용,행정원,신입,수시채용,,,2026-03-20,https://jasoseol.com/recruit/103025,,2026-09-07 18:27:08
자소설닷컴,타이슨푸드코리아,EHS 신입/경력 채용,EHS Generalist,코드5,수시채용,,,2026-04-05,https://jasoseol.com/recruit/103026,,2026-09-07 18:27:08
자소설닷컴,채널A,2026 AI 콘텐츠 크리에이터 모집,AI 콘텐츠 크리에이터,계약직,수시채용,,,2026-03-26,https://jasoseol.com/recruit/103027,,2026-09-07 18:27:09
자소설닷컴,한국펀드파트너스/(구)미래에셋펀드서비스,2026년 상반기 2차 신입/경력사원 모집,"IT부문, 컴플라이언스, 펀드회계","경력, 신입",수시채용,,,2026-03-29,https://jasoseol.com/recruit/103029,,2026-09-07 18:27:10
자소설닷컴,이노션,브랜드 마케팅 리서치 (Junior/Asssistatn),"브랜드 마케팅 리서치 (Junior), 브랜드 마케팅 리서치 (Assistant)","계약직, 인턴",수시채용,,,2026-03-19,https://jasoseol.com/recruit/103030,,2026-09-07 18:27:10
자소설닷컴,한국환경산업기술원(KEITI),제1차 신규직원 채용 공고,"전문연구직_5급_환경기술, 전문연구직_5급_제품환경, 전문연구직_5급_환경산업, 전문연구직_5급_환경보건, 전문연구직_5급_정보화, 공무직_전문직_전문2급_해외사업, 공무직_전문직_전문2급_회계, 공무직_행정직_행정","계약직, 코드5",수시채용,,,2026-03-27,https://jasoseol.com/recruit/103028,,2026-09-07 18:27:10
자소설닷컴,유한킴벌리,전략기획부문 Data Scientist 경력 채용,Data Scientist(Decision Support),경력,수시채용,,,2026-03-26,https://jasoseol.com/recruit/103031,,2026-09-07 18:27:10
자소설닷컴,유진투자선물,(경력) 리테일 영업팀 유튜브 컨텐츠 PD 채용,유튜브 PD,계약직,수시채용,,,2026-04-12,https://jasoseol.com/recruit/103034,,2026-09-07 18:27:11
자소설닷컴,엠비씨씨앤아이,드라마제작센터 제작PD 계약직 사원 채용,제작PD,계약직,수시채용,,,2026-03-29,https://jasoseol.com/recruit/103032,,2026-09-07 18:27:12
자소설닷컴,MBC(문화방송),2026 상반기 경력사원 공개채용,"디지털콘텐츠사업, 콘텐츠해외유통, 취재기자, 예능PD, 시사교양PD, 미디어IT인프라(네트워크 엔지니어)",경력,수시채용,,,2026-03-23,https://jasoseol.com/recruit/103033,,2026-09-07 18:27:12
자소설닷컴,중앙대학교병원,치과 행정직(휴직대체) 모집,(휴직대체)-치과-행정,계약직,수시채용,,,2026-03-22,https://jasoseol.com/recruit/103035,,2026-09-07 18:27:12
자소설닷컴,다쏘시스템코리아,CATIA 첨단로봇 제조스쿨 4기 교육생 모집,CATIA 첨단로봇 제조스쿨 4기,교육,수시채용,,,2026-03-16,https://jasoseol.com/recruit/103036,,2026-09-07 18:27:12
자소설닷컴,삼립,"부문별 경력직 모집(연구, 마케팅, 인사, 영업, 안전보건관리자)","맥분제품개발, 상품마케팅, 커머스 영업, 인사, 유통영업, 안전관리자, 안전관리자(계약직), 보건관리자","경력, 계약직",수시채용,,,2026-03-19,https://jasoseol.com/recruit/103037,,2026-09-07 18:27:13
자소설닷컴,E1,총무(행사/의전) 경력사원 채용,총무(행사/의전),경력,수시채용,,,2026-03-25,https://jasoseol.com/recruit/103038,,2026-09-07 18:27:13
자소설닷컴,E1,데이터 엔지니어(AX) 경력사원 채용,데이터 엔지니어(AX),경력,수시채용,,,2026-03-25,https://jasoseol.com/recruit/103039,,2026-09-07 18:27:14
자소설닷컴,토스페이먼츠,KYC Operations Assistant,KYC,계약직,상시채용,,,2026-05-11,https://jasoseol.com/recruit/103040,,2026-09-07 18:27:14
자소설닷컴,E1,AI엔지니어(AX) 경력사원 채용,AI엔지니어(AX),경력,수시채용,,,2026-03-25,https://jasoseol.com/recruit/103041,,2026-09-07 18:27:14
자소설닷컴,E1,벤처투자 경력사원 채용,벤처투자,경력,수시채용,,,2026-03-29,https://jasoseol.com/recruit/103042,,2026-09-07 18:27:15
자소설닷컴,E1,정보보호(IT) 경력사원 채용,정보보호(IT),경력,수시채용,,,2026-03-29,https://jasoseol.com/recruit/103043,,2026-09-07 18:27:15
자소설닷컴,제주항공,2026년 상반기 일반직 신입사원 채용,"정보보호, 운항승무 행정, 운항훈련 행정, 승무원편조, 램프운영, 지점운송 (서울/인천)",인턴,수시채용,,,2026-03-19,https://jasoseol.com/recruit/103044,,2026-09-07 18:27:16
자소설닷컴,LG생활건강,디지털컨텐츠 소셜크루 인턴 모집,디지털컨텐츠 소셜크루,인턴,수시채용,,,2026-03-22,https://jasoseol.com/recruit/103045,,2026-09-07 18:27:16
자소설닷컴,유안타증권,준법감시팀 신입/경력직원 채용,준법감시팀,계약직,수시채용,,,2026-03-30,https://jasoseol.com/recruit/103047,,2026-09-07 18:27:17
자소설닷컴,iMBC,경력직 채용(온라인 광고),온라인 광고,경력,수시채용,,,2026-03-22,https://jasoseol.com/recruit/103048,,2026-09-07 18:27:17
자소설닷컴,현대스틸파이프,'26년 일반사무담당(계약직) 채용,"사무보조-울산, 사무보조-울주",계약직,수시채용,,,2026-03-19,https://jasoseol.com/recruit/103049,,2026-09-07 18:27:18
자소설닷컴,AXA손해보험,감사팀 Internal Auditor 채용,Internal Auditor,경력,수시채용,,,2026-03-25,https://jasoseol.com/recruit/103050,,2026-09-07 18:27:18
자소설닷컴,일성아이에스,2026년 상반기 공개 채용,"영업부, 마케팅팀, 개발기획팀, 관리 약사, 자재관리팀, 공무팀, 주사제팀, 품질보증팀, 품질관리팀","경력, 코드5",수시채용,,,2026-03-29,https://jasoseol.com/recruit/103051,,2026-09-07 18:27:19
자소설닷컴,에이디테크놀로지,2026년 신입사원 공개채용,"반도체 설계 엔지니어, 펌웨어 설계 엔지니어",신입,수시채용,,,2026-03-22,https://jasoseol.com/recruit/103052,,2026-09-07 18:27:19
자소설닷컴,중앙대학교병원,(광명병원) 영양관리팀 영양사(휴직대체) 모집 (2026.03),(휴직대체)-영양사-영양관리팀,계약직,수시채용,,,2026-03-19,https://jasoseol.com/recruit/103053,,2026-09-07 18:27:19
자소설닷컴,차이나텔레콤,경영지원 보조 인턴,경영지원 보조,인턴,수시채용,,,2026-03-31,https://jasoseol.com/recruit/103046,,2026-09-07 18:27:19
자소설닷컴,세스코,총무/자산관리,총무/자산관리,코드5,수시채용,,,2026-03-27,https://jasoseol.com/recruit/103054,,2026-09-07 18:27:19
자소설닷컴,신원,수출부문 People&Culture팀 신입/ 경력 채용,People&Culture,코드5,수시채용,,,2026-03-22,https://jasoseol.com/recruit/103056,,2026-09-07 18:27:20
자소설닷컴,녹십자웰빙,QC(신입),QC,신입,수시채용,,,2026-03-29,https://jasoseol.com/recruit/103057,,2026-09-07 18:27:21
자소설닷컴,핸디즈,[어반스테이] 호텔/숙박 객실 서비스 관리 채용(전국),현장운영매니저,코드5,상시채용,,,2026-05-12,https://jasoseol.com/recruit/103058,,2026-09-07 18:27:21
자소설닷컴,한화시스템,2026년 상반기 방산부문 대규모 신입사원 채용,"System Engineering, Hardware, Software, 함정설계, 기계, 전원, 제어, 연구기획, 광학, 품질, 해외영업, 사업기획, 금융/회계, 원가, 구매, ESH, HR",신입,수시채용,,,2026-03-26,https://jasoseol.com/recruit/103055,,2026-09-07 18:27:22
자소설닷컴,NHN Enterprise,IDC 운영자 (광주),IDC 운영자 (광주),신입,상시채용,,,2026-03-30,https://jasoseol.com/recruit/103060,,2026-09-07 18:27:22
자소설닷컴,SK바이오사이언스,26년 3월 신입사원 수시채용,"GCLP, Serology Test, 배양 공정 개발",계약직,수시채용,,,2026-03-24,https://jasoseol.com/recruit/103059,,2026-09-07 18:27:22
자소설닷컴,한국사학진흥재단(KASFO),2026년 1차 직원 채용,"[행정 3급]컨설팅, [행정 5급]행정, [행정 5급]행정(보훈), [공무 4급]보안(보훈, 장애), [전산 4급]전산, [전산 5급]전산(광주), [전산 5급]전산(세종), [전산 5급]전산(대구), [행정 4급]","경력, 계약직, 인턴, 코드5",수시채용,,,2026-03-25,https://jasoseol.com/recruit/103061,,2026-09-07 18:27:22
자소설닷컴,TKG태광,2026년 상반기 신입/경력 채용,"[개발센터] Costing, [개발센터] 화공개발, [기획조정본부] 회계사, [기획조정본부] 경영기획, [기획조정본부] 정보전략, [기획조정본부] 데이터사이언스, [기획조정본부] S/W(HRIS), [기획조정본부] ","경력, 신입, 코드5",수시채용,,,2026-03-29,https://jasoseol.com/recruit/103062,,2026-09-07 18:27:23
자소설닷컴,한국피앤지,2026 채용전환형 인턴십,"영업마케팅 (Sales Marketing), 재무전략 (Finance & Accounting), SCM (Product Supply), IT (Information Technology)",인턴,수시채용,,,2026-04-17,https://jasoseol.com/recruit/103063,,2026-09-07 18:27:23
자소설닷컴,LS증권,경력직 수시채용(고객만족센터(인바운드)),고객만족센터-상담직(인바운드),계약직,수시채용,,,2026-03-25,https://jasoseol.com/recruit/103064,,2026-09-07 18:27:23
자소설닷컴,프리윌린,마케팅팀 퍼포먼스/그로스 마케터 (1~3년) 채용,마케팅팀 퍼포먼스/그로스 마케터,경력,수시채용,,,2026-03-24,https://jasoseol.com/recruit/103065,,2026-09-07 18:27:24
자소설닷컴,KG ICT,이차전지 미래기술 아카데미 12기,이차전지 미래기술 교육,교육,수시채용,,,2026-04-05,https://jasoseol.com/recruit/103066,,2026-09-07 18:27:24
자소설닷컴,인천교통공사(ICTR),2026년 제1회 단시간 기간제 운전원(장애인콜택시)채용 공고,교통복지(운전),계약직,수시채용,,,2026-04-06,https://jasoseol.com/recruit/103067,,2026-09-07 18:27:25
자소설닷컴,교원그룹,3월 정기 수시채용,"[구몬] 중국어 콘텐츠 개발 및 강의 지원, [Wells] 품질관리, [Wells] 환경가전제품 기구 설계, [Wells] 정수기 필터 개발, [Wells] 회로/전장 설계, [Wells] 영업관리(BM), [헬스케","경력, 신입, 코드5",수시채용,,,2026-03-22,https://jasoseol.com/recruit/103068,,2026-09-07 18:27:25
자소설닷컴,AJ네트웍스,건설산업장비 B2B렌탈 솔루션 매니저,"건설인프라 매니저, 물류인프라 매니저",코드5,수시채용,,,2026-03-22,https://jasoseol.com/recruit/103069,,2026-09-07 18:27:26
자소설닷컴,국민건강보험공단(h·well),청년인턴 채용 공고,"[청년제한경쟁]원주시_본부, [청년제한경쟁]제천시_인재개발원, [청년제한경쟁]서울_서울특별시, [청년제한경쟁]강원_춘천시, [청년제한경쟁]강원_철원군, [청년제한경쟁]강원_원주시, [청년제한경쟁]강원_강릉시, [청년",인턴,수시채용,,,2026-03-30,https://jasoseol.com/recruit/103070,,2026-09-07 18:27:27
자소설닷컴,무림그룹,2026년 3월 직무별 신입/경력 채용공고,"전략기획, 경영(기술)기획, 법무, 경영관리, 홍보·마케팅, 인사, 외자구매, 해외영업, 제지 생산관리, 안전보건관리(진주), 안전보건관리(울산), 안전보건관리(대구), 설비관리(울산), 설비관리(진주), 펄프연구,","경력, 계약직, 신입",수시채용,,,2026-03-31,https://jasoseol.com/recruit/103072,,2026-09-07 18:27:27
자소설닷컴,NHN Dooray,"사업지원 (계약, 정산) 담당자_계약직","사업지원 (계약, 정산) 담당자",계약직,상시채용,,,2026-04-15,https://jasoseol.com/recruit/103073,,2026-09-07 18:27:27
자소설닷컴,한국기계산업진흥회,KOAMI 신입·경력사원 채용,"정책지원, 공급망통계, 인사총무, 회계, 전산, 사업지원·보증, 공제사업","경력, 신입",수시채용,,,2026-03-26,https://jasoseol.com/recruit/103071,,2026-09-07 18:27:27
자소설닷컴,하나증권,하나증권 생산적금융기획실 경력직 채용,생산적금융기획실,계약직,수시채용,,,2026-03-29,https://jasoseol.com/recruit/103074,,2026-09-07 18:27:28
자소설닷컴,SK하이닉스,['26년 상반기] Talent hy-way 신입 (이천/분당/서울),"Tech R&D - 설계, Tech R&D - 소자, Tech R&D - R&D 공정, Tech R&D - Product Engineering, Tech R&D - Application Engineering, Tec",신입,수시채용,,,2026-03-23,https://jasoseol.com/recruit/103075,,2026-09-07 18:27:28
자소설닷컴,SK하이닉스,['26년 상반기] Talent hy-way 신입 (청주),"제조 - 양산기술, 제조 - 양산기술(P&T), 제조 - 기반기술, 제조 - 양산관리, 건설/플랜트 - Utility기술(공조/배기, 배관), 건설/플랜트 - Utility기술(Gas, Chemical, 수처리), ",신입,수시채용,,,2026-03-23,https://jasoseol.com/recruit/103076,,2026-09-07 18:27:28
자소설닷컴,SK하이닉스,[3월] 월간 hy-way(경력),"Tech R&D - HBM Digital Design(RTL design), Tech R&D - HBM Digital Design(Front-end), Tech R&D - HBM Digital Design(Back-",경력,수시채용,,,2026-03-23,https://jasoseol.com/recruit/103077,,2026-09-07 18:27:29
자소설닷컴,세아베스틸,2026 상반기 신입/경력사원 채용,"경영관리 , 생산/연구, ESG, 설비, 안전경영, 인사, 설비 (창녕)","경력, 신입",수시채용,,,2026-03-22,https://jasoseol.com/recruit/103078,,2026-09-07 18:27:29
자소설닷컴,하나증권,채권운용실 경력직 채용,채권운용실,계약직,수시채용,,,2026-03-27,https://jasoseol.com/recruit/103079,,2026-09-07 18:27:30
자소설닷컴,토스뱅크,GA Assistant,GA Assistant,계약직,상시채용,,,2026-04-20,https://jasoseol.com/recruit/103080,,2026-09-07 18:27:30
자소설닷컴,드림라인,드림라인 상반기 채용,"글로벌 영업, 글로벌 기획, 커머스 영업, 기업 영업, 통신 인프라, IP기술, 회계","경력, 신입, 코드5",수시채용,,,2026-03-29,https://jasoseol.com/recruit/103082,,2026-09-07 18:27:31
자소설닷컴,현대자동차,3월 신입 채용,"오픈소스 컴플라이언스, AVP 차량개발 전략, R&D 기술경영, 디지털엔지니어링, 로보틱스 기술 및 사업 개발, 모빌리티 서비스 개발/기획/UX/사업, 모빌리티 시스템 선행 개발, 차량 SW/HW 아키텍처 개발, F","신입, 인턴",수시채용,,,2026-04-03,https://jasoseol.com/recruit/103083,,2026-09-07 18:27:31
자소설닷컴,더인,AI를 활용한 반도체 공정 장비 및 데이터 분석 전문가 7기 연수 및 인턴 모집,AI를 활용한 반도체 공정 장비 및 데이터 분석 전문가,교육,수시채용,,,2026-04-19,https://jasoseol.com/recruit/103084,,2026-09-07 18:27:32
자소설닷컴,케이알산업,2026년 채용연계형 인턴 모집공고,"관리(사무), 건축, 토목, 설비",인턴,수시채용,,,2026-03-31,https://jasoseol.com/recruit/103081,,2026-09-07 18:27:32
자소설닷컴,더인,핀테크 산업 AI 활용 웹퍼블리셔 & UI개발 전문가 양성 및 인턴 매칭 과정,핀테크 산업 AI 활용 웹퍼블리셔 & UI개발 전문가 양성,교육,수시채용,,,2026-04-21,https://jasoseol.com/recruit/103086,,2026-09-07 18:27:33
자소설닷컴,더인,핀테크 산업 AI 활용 디지털 마케팅 전문가 양성 & 인턴 매칭 과정,핀테크 산업 AI 활용 디지털 마케팅 전문가,교육,수시채용,,,2026-04-21,https://jasoseol.com/recruit/103087,,2026-09-07 18:27:33
자소설닷컴,더인,AI를 활용한 반도체 공정 장비 및 제어시스템 전문가 14기 연수 및 인턴 모집,AI를 활용한 반도체 공정 장비 및 제어시스템 전문가,교육,수시채용,,,2026-04-19,https://jasoseol.com/recruit/103085,,2026-09-07 18:27:33
자소설닷컴,비바리퍼블리카(토스),Privacy Operations Specialist,Privacy Operations Specialist,계약직,상시채용,,,2026-04-12,https://jasoseol.com/recruit/103089,,2026-09-07 18:27:33
자소설닷컴,한국조사협회, 「기업맞춤형 리서처양성과정」 참여자 모집,리서처,교육,수시채용,,,2026-04-06,https://jasoseol.com/recruit/103088,,2026-09-07 18:27:34
자소설닷컴,비바리퍼블리카(토스),Accounting Admin,Accounting Admin,계약직,상시채용,,,2026-05-12,https://jasoseol.com/recruit/103090,,2026-09-07 18:27:35
자소설닷컴,중앙대학교병원,(광명병원) 언어재활치료실 언어치료사 모집 (2026.03),언어치료사-재활의학과(언어재활치료실),계약직,수시채용,,,2026-03-19,https://jasoseol.com/recruit/103091,,2026-09-07 18:27:35
자소설닷컴,중앙대학교병원,(광명병원) 순환기내과(심장뇌혈관시술센터) 간호사 모집 (2026.03),간호사-순환기내과(심장뇌혈관시술센터),계약직,수시채용,,,2026-03-19,https://jasoseol.com/recruit/103092,,2026-09-07 18:27:35
자소설닷컴,녹십자웰빙,PV(Pharmacovigilance) 책임자,PV(Pharmacovigilance) 책임자,코드5,수시채용,,,2026-03-29,https://jasoseol.com/recruit/103093,,2026-09-07 18:27:35
자소설닷컴,한국관광공사,2026년 일반직 신입사원 채용,"[일반] 일반직 5급, [전문] IT(정보보안) , [전문] 회계, [전문] 기술(전기/토목/건축/기계), [장애인] 일반직 5급",신입,수시채용,,,2026-04-01,https://jasoseol.com/recruit/103094,,2026-09-07 18:27:36
자소설닷컴,한화에어로스페이스,2026년 상반기 AI Research 석·박사 특별채용,"자율주행 (유무인복합체계), 머신러닝, 자율 에이전트, 컴퓨터비전 (표적탐지), 온디바이스 AI, 지능형 의사결정, 생성형 AI (합성데이터 생성)",경력,수시채용,,,2026-03-30,https://jasoseol.com/recruit/103096,,2026-09-07 18:27:36
자소설닷컴,토스증권,전 직군 경력직 대규모 채용,"[Engineering]Server Developer(Product), [Engineering]Server Developer(Platform), [Engineering]Server Developer(SRE), [En",경력,수시채용,,,2026-03-31,https://jasoseol.com/recruit/103095,,2026-09-07 18:27:36
자소설닷컴,한화에어로스페이스,2026년 상반기 외국인 유학생 특별채용,"사업개발 (유럽권), 사업개발 (중동권)",신입,수시채용,,,2026-03-30,https://jasoseol.com/recruit/103097,,2026-09-07 18:27:37
자소설닷컴,토스페이먼츠,IT Admin,IT Admin,계약직,상시채용,,,2026-04-28,https://jasoseol.com/recruit/103098,,2026-09-07 18:27:37
자소설닷컴,코스테크,2026년 신입 경력 공개채용,"영업 컨설턴트_코스테크 계측 교정기 사업부, 영업 컨설턴트_에스지 프린터&커팅기 사업부",코드5,수시채용,,,2026-03-27,https://jasoseol.com/recruit/103099,,2026-09-07 18:27:37
자소설닷컴,경남개발공사,2026년 (웅동지구골프장) 기간제 채용 재공고문,"프런트/예약 (매니저) , 경기 (책임), 경기 (매니저)",계약직,수시채용,,,2026-03-20,https://jasoseol.com/recruit/103100,,2026-09-07 18:27:38
자소설닷컴,카페스,2026년 상반기 안전관리자 신규채용,안전관리자,계약직,수시채용,,,2026-03-22,https://jasoseol.com/recruit/103101,,2026-09-07 18:27:38
자소설닷컴,서한그룹,2026년 공개채용,"[한국무브넥스] 협력 업체 관리, [한국무브넥스] 신차 개발 관리, [한국무브넥스] 품질 관리, [한국무브넥스] 영업, [서한이노빌리티] 일반 구매, [서한이노빌리티] 소방/ESG 관리, [서한이노빌리티] 생산기술,","경력, 신입",수시채용,,,2026-03-30,https://jasoseol.com/recruit/103102,,2026-09-07 18:27:39
자소설닷컴,국민연금공단(NPS),2026년도 상반기 신입직원 채용,"[일반전형-전국] 6급 사무직, [일반전형-권역] 6급 사무직, [취업지원전형] 6급 사무직, [장애인전형] 6급 사무직, 6급 심사직, 6급 전산직, 6급 기술직 (기계), 6급 기술직 (건축)",신입,수시채용,,,2026-03-27,https://jasoseol.com/recruit/103104,,2026-09-07 18:27:40
자소설닷컴,NHN Cloud,컨테이너 인프라 서비스 개발,컨테이너 인프라 서비스 개발,경력,상시채용,,,2026-05-11,https://jasoseol.com/recruit/103103,,2026-09-07 18:27:40
자소설닷컴,동국제강,[동국제강 중앙기술연구소] 생산 자동화 솔루션 엔지니어(경력) 채용,생산 자동화 솔루션 엔지니어,경력,수시채용,,,2026-03-22,https://jasoseol.com/recruit/103105,,2026-09-07 18:27:40
자소설닷컴,NHN Enterprise,IDC 운영자(인재풀),IDC 운영자(인재풀),신입,상시채용,,,2026-05-15,https://jasoseol.com/recruit/103106,,2026-09-07 18:27:40
자소설닷컴,NHN Enterprise,서비스 모니터링 관제 및 조치(인재풀),서비스 모니터링 관제 및 조치(인재풀),코드5,상시채용,,,2026-05-15,https://jasoseol.com/recruit/103107,,2026-09-07 18:27:41
자소설닷컴,KT&G,2026년 상반기 신입/경력사원 채용,"R&D - 제품개발, R&D - 향료연구, R&D - 기구개발, R&D - 회로개발, R&D - SW개발, 생산직 - 일반전형, 생산직 - 보훈제한경쟁, 사업개발, 디바이스 부품 품질관리","경력, 신입",수시채용,,,2026-04-06,https://jasoseol.com/recruit/103108,,2026-09-07 18:27:41
자소설닷컴,더케이교직원나라,2026년 부문별 인력채용 공고,"S2B사업2팀(조달기획 및 운영), IT팀(서비스운영), IT팀(인프라운영), IT팀(정보보안)","경력, 신입",수시채용,,,2026-03-31,https://jasoseol.com/recruit/103109,,2026-09-07 18:27:42
자소설닷컴,NHN Cloud,스토리지 엔진 개발,스토리지 엔진 개발,코드5,상시채용,,,2026-05-15,https://jasoseol.com/recruit/103110,,2026-09-07 18:27:42
자소설닷컴,토탈현대,현대계열 채용연계형 인턴십 2기,현대계열 채용연계형 인턴십 2기,인턴,수시채용,,,2026-04-12,https://jasoseol.com/recruit/103111,,2026-09-07 18:27:42
자소설닷컴,에이피알,[영업] 일본 오프라인(B2B) 영업 담당 채용연계형 인턴사원 모집,[영업] 일본 오프라인(B2B) 영업 담당 채용연계형,인턴,상시채용,,,2026-03-23,https://jasoseol.com/recruit/103112,,2026-09-07 18:27:43
자소설닷컴,동국제약,신입/경력 채용(글로벌/개발/디자인/영업/마케팅/경영/관리 등 모집) ~ 3/25,"글로벌 화장품 BM (Brand Manager) 팀장, 글로벌 메디컬 에스테틱 마케팅, 글로벌 제약 해외영업, 내부감사, 총무(ESG), IT기획운영부 기획팀, 디자인1팀, SI(3D)팀, 영업지원팀, ETC마케팅 ","경력, 신입, 코드5",수시채용,,,2026-03-25,https://jasoseol.com/recruit/103114,,2026-09-07 18:27:44
자소설닷컴,웅진식품,2026년도 경영기획/음료마케팅 직무 채용,"경영기획, 음료마케팅",경력,수시채용,,,2026-03-23,https://jasoseol.com/recruit/103113,,2026-09-07 18:27:44
자소설닷컴,한국연구재단(NRF),2026년도 제1차 연구직(원급) 및 공무직(연구관리직)채용공고,"연구직(원급)_인문사회계, 연구직(원급)_이공계, 연구직(원급)_정보/전산, 연구직(원급)_정보보안, 연구직(원급)_기계설비 유지관리, 연구직(원급)_보수관리 /회계, 연구직(원급)_장애인, 연구직(원급)_국가유공자",코드5,수시채용,,,2026-04-01,https://jasoseol.com/recruit/103116,,2026-09-07 18:27:44
자소설닷컴,서울대학교,2026년도 상반기 직원 신규채용,"행정, 행정(노무사), 행정(세무사), 전산, 공업시설(기계), 공업시설(원자력), 보건환경(수의), 학예연구",신입,수시채용,,,2026-04-02,https://jasoseol.com/recruit/103117,,2026-09-07 18:27:45
자소설닷컴,한국연구재단(NRF),2026년도 제1차 공무직(사무지원직)채용공고,"공무직(사무지원직)_일반_대전, 공무직(사무지원직)_일반_서울, 공무직(사무지원직)_장애인_대전",신입,수시채용,,,2026-04-01,https://jasoseol.com/recruit/103118,,2026-09-07 18:27:45
자소설닷컴,현대아산,2026 상반기 채용연계형 인턴 모집,"건설영업, 건축견적, 건축시공, 토목시공, 안전, 사업관리, 법무, 인사/총무",인턴,수시채용,,,2026-03-26,https://jasoseol.com/recruit/103119,,2026-09-07 18:27:46
자소설닷컴,동국제약,"신입/경력 채용(생산본부, 연구소) ~ 3/25","추출합성팀, 기술팀, 연고팀, 주사제1팀, 주사제2팀, 시설관리팀(보일러, 도시가스, 공조냉동 안전관리자), 시설관리팀(전기설비 안전관리자), 시설관리팀(설비 관리), 시설관리팀 (밸리데이션), 제품시험팀, 벨리데이","경력, 신입, 코드5",수시채용,,,2026-03-25,https://jasoseol.com/recruit/103115,,2026-09-07 18:27:46
자소설닷컴,토스페이먼츠,Marketing Operations Specialist,마케터,계약직,상시채용,,,2026-04-28,https://jasoseol.com/recruit/103120,,2026-09-07 18:27:46
자소설닷컴,동부건설,"경력사원(토목-공사/공무, 도시정비사업) 채용","개발사업-도시정비사업, 토목사업-공사, 토목사업-공무",경력,수시채용,,,2026-03-29,https://jasoseol.com/recruit/103121,,2026-09-07 18:27:47
자소설닷컴,한국수력원자력(KHNP),2026년도 제1차 신입사원 모집(대졸수준 일반전형),"사무_일반모집, 사무_지역모집, 기술_원전발전_기계_일반모집, 기술_원전발전_전기전자_일반모집, 기술_원전발전_원자력_일반모집, 기술_원전발전_원자력_지역모집, 기술_원전ENG_기계_일반모집, 기술_원전ENG_기계_",신입,수시채용,,,2026-03-19,https://jasoseol.com/recruit/103123,,2026-09-07 18:27:47
자소설닷컴,환인제약,2026년 상반기 영업공채 (3/17(화)~3/30(월)),영업,코드5,수시채용,,,2026-03-30,https://jasoseol.com/recruit/103124,,2026-09-07 18:27:47
자소설닷컴,천경해운,2026년 상반기 각 부문별 채용,"디지털이노베이션팀, 해외영업팀, 일본영업팀, 장비운영팀",코드5,수시채용,,,2026-03-30,https://jasoseol.com/recruit/103122,,2026-09-07 18:27:48
자소설닷컴,녹십자웰빙,Aesthetic MKT(경력),에스테틱 마케팅,경력,수시채용,,,2026-03-29,https://jasoseol.com/recruit/103125,,2026-09-07 18:27:48
자소설닷컴,녹십자웰빙,병의원영업(신입_전북),병의원 영업,신입,수시채용,,,2026-03-29,https://jasoseol.com/recruit/103128,,2026-09-07 18:27:49
자소설닷컴,LG에너지솔루션,2026년 상반기(3월) 신입사원 수시채용,"자동차개발센터 전극공정기술_각형, 자동차개발센터 설비기술_각형, 자동차개발센터 생산기술_각형, 자동차개발센터 활성화공정기술_각형, ESS전지개발센터 Cell개발, ESS전지개발센터 Pack제품설계, ESS전지개발센터",신입,수시채용,,,2026-03-19,https://jasoseol.com/recruit/103126,,2026-09-07 18:27:49
자소설닷컴,에이피알,[디자인] 뷰티 패키지 디자이너 계약직 사원 모집,[디자인] 뷰티 패키지 디자이너 계약직 사원 모집,계약직,상시채용,,,2026-05-16,https://jasoseol.com/recruit/103127,,2026-09-07 18:27:50
자소설닷컴,2026 스포츠산업 채용박람회,2026 스포츠산업 채용박람회,2026 스포츠산업 채용박람회,코드5,수시채용,,,2026-03-28,https://jasoseol.com/recruit/103130,,2026-09-07 18:27:50
자소설닷컴,토스페이먼츠,Sales Specialist 신입 대규모 채용,Sales Specialist ,계약직,수시채용,,,2026-03-30,https://jasoseol.com/recruit/103131,,2026-09-07 18:27:50
자소설닷컴,한동대학교,2026 정규직원 채용 공고,일반행정,신입,수시채용,,,2026-03-29,https://jasoseol.com/recruit/103132,,2026-09-07 18:27:51
자소설닷컴,녹십자웰빙,"Aesthetic (병의원영업, MR)",MR,경력,수시채용,,,2026-03-29,https://jasoseol.com/recruit/103129,,2026-09-07 18:27:51
자소설닷컴,경신,2026년 상반기 계약직 사원 채용,"생산기술-양산생산기술-본사/연구소, 생산-물류지원-화성공장",계약직,수시채용,,,2026-03-22,https://jasoseol.com/recruit/103133,,2026-09-07 18:27:51
자소설닷컴,하나증권,델타원솔루션실 경력직 채용,델타원솔루션실,계약직,수시채용,,,2026-03-31,https://jasoseol.com/recruit/103134,,2026-09-07 18:27:51
자소설닷컴,하나증권,글로벌투자분석실(채널전략팀) (VIP(UHNW) 기획) 경력직 인재 채용,글로벌투자분석실,계약직,수시채용,,,2026-03-26,https://jasoseol.com/recruit/103135,,2026-09-07 18:27:52
자소설닷컴,한국AX산업협회,[서울시 매력일자리]생성형 AI 활용 개발자 양성 및 취업 과정,생성형 AI 활용 개발자,교육,수시채용,,,2026-03-31,https://jasoseol.com/recruit/103136,,2026-09-07 18:27:52
자소설닷컴,한국지능정보사회진흥원(NIA),2026년 2차 무기·단기계약직 채용 공고,"운영직(미화), 운영직(시설), 운영직(전산), 중계직(수어중계), 사업기획·관리1(AI), 사업기획·관리2(지능기술인프라)",계약직,수시채용,,,2026-03-30,https://jasoseol.com/recruit/103137,,2026-09-07 18:27:53
자소설닷컴,비전바이오켐,2026년 상반기 신입/경력 채용,"[비전바이오켐]마케팅, [비전바이오켐]건강기능식품소재 기술영업&마케팅, [비전상사]Bakery 소재 기술영업&마케팅",코드5,수시채용,,,2026-03-24,https://jasoseol.com/recruit/103138,,2026-09-07 18:27:53
자소설닷컴,HD현대삼호,조선업 전문기술 입문과정 교육생 모집 (111기),"취부 기술연수생, 의장 기술연수생",교육,수시채용,,,2026-04-20,https://jasoseol.com/recruit/103139,,2026-09-07 18:27:54
자소설닷컴,한국공예디자인문화진흥원,2026 청년디자이너 인턴십 지원 청년인턴 모집,공공디자인 청년디자이너 인턴,인턴,수시채용,,,2026-05-15,https://jasoseol.com/recruit/103140,,2026-09-07 18:27:54
자소설닷컴,매그나칩반도체,FAB 장비 엔지니어 신입/경력사원 채용,FAB장비 엔지니어,코드5,수시채용,,,2026-03-30,https://jasoseol.com/recruit/103141,,2026-09-07 18:27:54
자소설닷컴,마이다스그룹,2026 글로벌 집중채용,글로벌 엔지니어링 솔루션 영업,코드5,수시채용,,,2026-03-31,https://jasoseol.com/recruit/103143,,2026-09-07 18:27:55
자소설닷컴,KB국민은행,2026년 상반기 신입행원 채용,"[UB부문] 기업고객금융·고객자산관리, [UB부문] 부산·울산·경남, [UB부문] 대구·경북, [UB부문] 대전·세종·충청, [UB부문] 광주·호남, [UB부문] 강원, [UB부문] 제주, [전역장교부문] 신입행원,",신입,수시채용,,,2026-03-25,https://jasoseol.com/recruit/103145,,2026-09-07 18:27:56
자소설닷컴,법무법인 태평양,신입/경력직원 정기공채 안내,"송무, 비서, 홍보, 전산, 재무","경력, 신입, 코드5",수시채용,,,2026-03-29,https://jasoseol.com/recruit/103142,,2026-09-07 18:27:56
자소설닷컴,신영그룹(shym),상반기 수시채용,"HR, 전략, IT, 품질관리, 신차 개발, 해외 금형 개발, 생산관리, KSA 주재원","경력, 신입, 코드5",수시채용,,,2026-03-22,https://jasoseol.com/recruit/103147,,2026-09-07 18:27:56
자소설닷컴,토스페이먼츠,2026 서버 개발자 공개 채용 (~3/27),서버개발자,코드5,수시채용,,,2026-03-31,https://jasoseol.com/recruit/103148,,2026-09-07 18:27:57
자소설닷컴,서울신용보증재단,2026년도 신입직원 채용,"일반직원 5급_일반 사무, 일반직원 5급_전산, 일반직원 6급_고교 사무",신입,수시채용,,,2026-04-07,https://jasoseol.com/recruit/103149,,2026-09-07 18:27:57
자소설닷컴,한국전력공사(KEPCO),2026년도 상반기 대졸수준 신입사원 채용,"[전국권]일반_사무, [전국권]일반_배전, [전국권]일반_송변전, [전국권]일반_ICT, [전국권]일반_토목, [전국권]일반_건축, [전국권]이전지역인재_사무, [전국권]이전지역인재_배전, [전국권]이전지역인재_송변",신입,수시채용,,,2026-03-27,https://jasoseol.com/recruit/103146,,2026-09-07 18:27:57
자소설닷컴,한국특허전략개발원,직원 채용 공고,"정보화 (일반직6급), 사업행정 (일반직6급), 경영행정 (일반직6급 장애인 제한경쟁), 전기·전자 (전문직 가급), 정보통신 (전문직 가급), 바이오·제약 (전문직 가급)","계약직, 코드5",수시채용,,,2026-04-01,https://jasoseol.com/recruit/103150,,2026-09-07 18:27:58
자소설닷컴,한국예술인복지재단,2026년 제2차 직원 채용 공고(계약직),"일반(5급 상당)_일반행정(문화예술행정), 일반(5급 상당)_일반행정(예술인신문고), 휴직대체(5급 상당)_일반행정(문화예술행정)",계약직,수시채용,,,2026-03-24,https://jasoseol.com/recruit/103152,,2026-09-07 18:27:58
자소설닷컴,한국장학재단(KOSAF),2026년 체험형 청년인턴 채용,"행정지원(일반) - 대구, 행정지원(일반) - 서울, 행정지원(사회형평), 행정지원(장애) - 대구, 행정지원(장애) - 서울",인턴,수시채용,,,2026-03-31,https://jasoseol.com/recruit/103151,,2026-09-07 18:27:58
자소설닷컴,식품안전정보원,2026년 제1차 기간제 직원 모집 공고,"선임급_외국어(영어), 원급_전산, 원급_상담, 원급_식품, 원급_외국어(영어)",계약직,수시채용,,,2026-03-31,https://jasoseol.com/recruit/103153,,2026-09-07 18:27:59
자소설닷컴,NHN Enterprise,AppPaaS 기획 및 운영,AppPaaS 기획 및 운영,경력,상시채용,,,2026-05-16,https://jasoseol.com/recruit/103154,,2026-09-07 18:27:59
자소설닷컴,식품안전정보원,2026년 제1차 정규ㆍ무기직 직원 모집 공고,"수석급 또는 책임급_연구(식품·경제·행정학), 선임급_행정(회계), 선임급_외국어(영어통역), 선임급_식품(영어), 선임급_연구(식품학), 원급_식품(조사), 원급_식품(일반), 원급_행정(일반), 원급_외국어(영어","경력, 계약직, 코드5",수시채용,,,2026-03-31,https://jasoseol.com/recruit/103155,,2026-09-07 18:28:00
자소설닷컴,토스페이먼츠,Account Management Specialist,가맹점 관리,계약직,상시채용,,,2026-05-16,https://jasoseol.com/recruit/103156,,2026-09-07 18:28:00
자소설닷컴,아이쓰리시스템,생산관리 및 자재관리 부문 신입사원 채용,"생산관리 부문, 자재관리 부문",신입,수시채용,,,2026-04-05,https://jasoseol.com/recruit/103158,,2026-09-07 18:28:01
자소설닷컴,토스플레이스,User Interview Assistant,User Interview Assistant,계약직,상시채용,,,2026-04-30,https://jasoseol.com/recruit/103157,,2026-09-07 18:28:01
자소설닷컴,CJ제일제당(BIO), 2026 BIO/공통부문 신입사원 모집,"[재경전형] 재경, [일반전형] 미디어PR, [일반전형] 보안기술, [일반전형] 사업관리 , [일반전형] Global Sales , [일반전형] 생산기술 (발효/정제) , [R&D전형] BIO AI, [R&D전형] ",신입,수시채용,,,2026-04-01,https://jasoseol.com/recruit/103160,,2026-09-07 18:28:02
자소설닷컴,CJ제일제당(식품사업부문),2026 Future Marketer League,Product 마케팅,신입,수시채용,,,2026-04-01,https://jasoseol.com/recruit/103159,,2026-09-07 18:28:02
자소설닷컴,CJ ENM(엔터테인먼트),2026 일반/Creator 신입사원 모집,"[Creator전형] 예능 제작PD, [Creator전형] 음악 제작PD, [Creator전형] 드라마 프로듀서, [일반전형] 영화기획제작, [일반전형] 아티스트제작, [일반전형] Business Planning, ",신입,수시채용,,,2026-04-01,https://jasoseol.com/recruit/103162,,2026-09-07 18:28:02
자소설닷컴,CJ올리브네트웍스,2026년 상반기 신입사원 모집,"AI Engineer, Data Engineer, DX Engineer, Software Engineer, ERP System Engineer, Security Engineer, Infra Service Engine",신입,수시채용,,,2026-04-01,https://jasoseol.com/recruit/103163,,2026-09-07 18:28:03
자소설닷컴,CJ ENM(엔터테인먼트),2026 Be the First 전형 (Creator 조기 선발),"예능 제작PD, 음악 제작PD",신입,수시채용,,,2026-04-01,https://jasoseol.com/recruit/103164,,2026-09-07 18:28:03
자소설닷컴,CJ올리브영,2026 신입사원 모집,"MD, 상품개발BM, 상품마케팅, 브랜드 콘텐츠마케팅, 브랜드 커뮤니케이션, 그로스마케팅, 커머스마케팅, 비주얼 콘텐츠마케팅, Product Management, 백엔드 개발, 소프트웨어 엔지니어, QA엔지니어, D",신입,수시채용,,,2026-04-01,https://jasoseol.com/recruit/103161,,2026-09-07 18:28:04
자소설닷컴,CJ제일제당(식품사업부문),2026 상반기 신입사원 모집 ,"[마케팅 전형] Product 마케팅, [마케팅 전형] 디지털 마케팅, [마케팅 전형] 트렌드 마케팅, [마케팅 전형] 온라인 마케팅, [마케팅 전형] 콘텐츠 마케팅, [R&D 전형] R&D (식품), [일반 전형]",신입,수시채용,,,2026-04-01,https://jasoseol.com/recruit/103166,,2026-09-07 18:28:04
자소설닷컴,과학치안진흥센터,2026년도 제2차 직원 공개채용 공고,연구직,경력,수시채용,,,2026-03-31,https://jasoseol.com/recruit/103165,,2026-09-07 18:28:04
자소설닷컴,호텔롯데 롯데리조트,"리조트부문 L-CREW(체험형인턴) 채용(부여,속초,김해)","부여리조트 객실 프런트, 부여리조트 객실관리, 부여리조트 워터파크 프런트, 속초리조트 객실 프런트, 속초리조트 워터파크 프런트, 김해리조트 객실 프런트",인턴,수시채용,,,2026-03-22,https://jasoseol.com/recruit/103167,,2026-09-07 18:28:04
자소설닷컴,한국고용정보원(KEIS),2026년도 청년인턴 채용 공고,"사업지원, 사업·경영지원(장애), 정보화, 정보화(장애)",인턴,수시채용,,,2026-04-02,https://jasoseol.com/recruit/103168,,2026-09-07 18:28:05
자소설닷컴,11번가,전환형 인턴 모집 (HR),HR,인턴,수시채용,,,2026-03-25,https://jasoseol.com/recruit/103171,,2026-09-07 18:28:06
자소설닷컴,아모레퍼시픽,2026 상반기 신입사원 수시채용,"공간디자인, 생산시스템 엔지니어, 포장재 구매, 스킨케어 제품개발 (R&I)",신입,수시채용,,,2026-04-08,https://jasoseol.com/recruit/103170,,2026-09-07 18:28:07
자소설닷컴,넥센타이어,2026년 상반기 영업사원 채용,국내영업,신입,수시채용,,,2026-03-31,https://jasoseol.com/recruit/103169,,2026-09-07 18:28:07
자소설닷컴,현대종합금속,신입사원 모집,내수영업부-울산중공업,신입,수시채용,,,2026-03-29,https://jasoseol.com/recruit/103172,,2026-09-07 18:28:07
자소설닷컴,한국정보인증,부문 별 채용,"IT영업, 구매·총무","계약직, 인턴",수시채용,,,2026-03-23,https://jasoseol.com/recruit/103173,,2026-09-07 18:28:08
자소설닷컴,KIDB,신입(채용연계형 인턴) 및 경력 채용공고 IT부문,"서비스 기획, 시스템 개발, 인프라","경력, 신입, 코드5",수시채용,,,2026-03-29,https://jasoseol.com/recruit/103174,,2026-09-07 18:28:08
자소설닷컴,서강대학교,계약직원 채용 공고 (교내행사지원/일반행정),"일반계약직(교내행사지원), 일반계약직(일반행정)",계약직,수시채용,,,2026-03-23,https://jasoseol.com/recruit/103175,,2026-09-07 18:28:08
자소설닷컴,성균관대학교,2026년 상반기 교직원(정규직) 신규채용 공고,일반행정,신입,수시채용,,,2026-03-26,https://jasoseol.com/recruit/103176,,2026-09-07 18:28:09
자소설닷컴,풀무원,R&D 신입(채용연계형 인턴)/경력 사원 채용,"제품 개발 - R&D , 연구 지원 - 관능 연구, 연구 지원 - 식품 법규 , 연구 지원 - AX/DX, 제품 개발 - 소스, 제품 개발 - 베이커리/간식(10년 이상), 제품 개발 - 베이커리/간식(7년 이상),","경력, 인턴",수시채용,,,2026-03-25,https://jasoseol.com/recruit/103177,,2026-09-07 18:28:09
자소설닷컴,에코마케팅,기획하는 광고 디자이너(뷰티) 신입/경력 채용,광고 디자이너,코드5,수시채용,,,2026-03-29,https://jasoseol.com/recruit/103178,,2026-09-07 18:28:10
자소설닷컴,에이피알,[경영지원] 뷰티 디바이스 글로벌 인허가(RA) 채용연계형 인턴사원 모집,[경영지원] 디바이스 해외 문안 제작 및 검수 채용연계형 인턴사원 모집,인턴,상시채용,,,2026-05-17,https://jasoseol.com/recruit/103179,,2026-09-07 18:28:10
자소설닷컴,앱솔브랩,국내 인플루언서 마케팅 인턴 채용,국내 인플루언서 마케팅,인턴,상시채용,,,2026-04-24,https://jasoseol.com/recruit/103181,,2026-09-07 18:28:11
자소설닷컴,마이다스그룹,백엔드 개발자 채용(역량개발),개발분야-백엔드 개발,신입,수시채용,,,2026-03-29,https://jasoseol.com/recruit/103183,,2026-09-07 18:28:11
자소설닷컴,앱솔브랩,BX 제품 디자이너 인턴 채용,BX 제품 디자이너,인턴,상시채용,,,2026-04-23,https://jasoseol.com/recruit/103180,,2026-09-07 18:28:11
자소설닷컴,마이다스그룹,프론트엔드 개발자 채용(역량개발),개발분야-프론트엔드 개발,코드5,수시채용,,,2026-03-29,https://jasoseol.com/recruit/103184,,2026-09-07 18:28:12
자소설닷컴,앱솔브랩,공식몰 개발자 채용,공식몰 개발자,경력,상시채용,,,2026-05-17,https://jasoseol.com/recruit/103182,,2026-09-07 18:28:12
자소설닷컴,아워홈,2026 식재영업 채용 전환형 인턴,식재영업,인턴,수시채용,,,2026-04-12,https://jasoseol.com/recruit/103185,,2026-09-07 18:28:12
자소설닷컴,한국석유공업,[KP그룹]케미칼솔루션사업부 LAB BIZ팀 Back-end 개발자 채용(경력),[KP그룹]KP한석화학 LAB BIZ팀 Back-end 개발자,경력,수시채용,,,2026-04-12,https://jasoseol.com/recruit/103186,,2026-09-07 18:28:13
자소설닷컴,DIG에어가스,생산엔지니어 신입 채용,생산엔지니어,신입,수시채용,,,2026-03-29,https://jasoseol.com/recruit/103188,,2026-09-07 18:28:13
자소설닷컴,코스맥스그룹,2026년 상반기 신입사원 채용,"[코스맥스비티아이] 디지털 커뮤니케이션, [코스맥스비티아이] 회계/세무, [코스맥스비티아이] 글로벌 연구지원, [코스맥스비티아이] 해외마케팅 (영업/납기관리), [코스맥스비티아이] R&I (패치연구), [코스맥스비티",신입,수시채용,,,2026-04-06,https://jasoseol.com/recruit/103187,,2026-09-07 18:28:14
자소설닷컴,한국산업은행,2026년 하반기 5급 신입행원 채용,"경영, 경제, IT, AI, 에너지, 화학, 바이오, 글로벌",신입,수시채용,,,2026-04-02,https://jasoseol.com/recruit/103189,,2026-09-07 18:28:15
자소설닷컴,플렉스,콘텐츠 마케팅 전환형 인턴,Content Marketing Intern,인턴,상시채용,,,2026-05-18,https://jasoseol.com/recruit/103191,,2026-09-07 18:28:15
자소설닷컴,인천공항시설관리,2026년 제2차 계약직 채용 공고,"신입_토목(1)_비행장사업소_시설유지, 신입_토목(2)_비행장사업소_시설유지, 신입_토목(3)_비행장사업소_시설유지, 신입_기계(1)_ T2수하물사업소_시설유지, 신입_기계(2)_ T2수하물사업소_시설유지, 신입_기",계약직,수시채용,,,2026-03-26,https://jasoseol.com/recruit/103192,,2026-09-07 18:28:15
자소설닷컴,린데코리아,제조운영부문 Project Management Team  Project(Proposal) Manager 정규직 채용,Project(Proposal) Manager,경력,수시채용,,,2026-04-01,https://jasoseol.com/recruit/103193,,2026-09-07 18:28:15
자소설닷컴,대한적십자사 혈액관리본부,2026년도 제2차 전문직(간호.보건.운수)신규 직원 공개 모집,"간호직(서울중앙혈액원), 간호직(서울동부혈액원), 간호직(부산혈액원), 간호직(대구.경북혈액원), 간호직(인천혈액원), 간호직(경기혈액원), 간호직(강원혈액원), 간호직(충북혈액원), 간호직(대전.세종.충남혈액원 본",신입,수시채용,,,2026-04-03,https://jasoseol.com/recruit/103190,,2026-09-07 18:28:16
자소설닷컴,국제경영원,[한경협] RA 직원 채용,"회원사업 지원 담당, 한경협 제주하계포럼 운영지원담당, 마케팅 담당",계약직,수시채용,,,2026-04-12,https://jasoseol.com/recruit/103194,,2026-09-07 18:28:16
자소설닷컴,넥센타이어,"3월 신입/경력 수시채용(SCM전략, IR/공시, ER/노무관리)","SCM전략, IR/공시, ER/노무관리","경력, 신입",수시채용,,,2026-03-31,https://jasoseol.com/recruit/103195,,2026-09-07 18:28:16
자소설닷컴,한국투자공사(KIC),2026년도 청년인턴 채용공고,"투자운용, 투자관리, 경영관리(IT포함), 장애인(직무공통)",인턴,수시채용,,,2026-04-10,https://jasoseol.com/recruit/103196,,2026-09-07 18:28:17
자소설닷컴,보험개발원,신입직 직원 채용,"보험관리업무 및 일반관리, IT 업무, 자동차기술",신입,수시채용,,,2026-03-29,https://jasoseol.com/recruit/103197,,2026-09-07 18:28:17
자소설닷컴,한국수출입은행,2026년 상반기 전문직행원(신입) 채용,"일반 - 경영, 일반 - 경제, 일반 - 법학, IT, 지역전문가 - 경영, 지역전문가 - 경제, 보훈 - 경영, 보훈 - 경제",신입,수시채용,,,2026-04-06,https://jasoseol.com/recruit/103198,,2026-09-07 18:28:18
자소설닷컴,야놀자,Global Sales Strategy & Operations Sales Analyst,Global Sales Strategy & Operations Sales Analyst,경력,상시채용,,,2026-04-15,https://jasoseol.com/recruit/103199,,2026-09-07 18:28:18
자소설닷컴,키움증권,디지털 아카데미 4기생 모집,디지털 금융플랫폼 전문가 양성 교육,교육,수시채용,,,2026-04-17,https://jasoseol.com/recruit/103201,,2026-09-07 18:28:19
자소설닷컴,CJ대한통운,2026년 상반기 신입사원 모집,"[일반전형] SCM (운영), [일반전형] Robotics, [일반전형] AI/빅데이터, [일반전형] IT 개발, [일반전형] 재무/회계, [일반전형] 안전/보건, [글로벌전형] 글로벌 SCM (영업·운영), [글로",신입,수시채용,,,2026-04-01,https://jasoseol.com/recruit/103202,,2026-09-07 18:28:19
자소설닷컴,HMM,2026년 채용연계형 인턴 채용,"컨테이너, 벌크 , 관리 ",인턴,수시채용,,,2026-04-06,https://jasoseol.com/recruit/103200,,2026-09-07 18:28:19
자소설닷컴,토스뱅크,General Affairs Assistant (인장 관리 및 총무 지원),General Affairs,계약직,상시채용,,,2026-04-20,https://jasoseol.com/recruit/103203,,2026-09-07 18:28:19
자소설닷컴,토스뱅크,PA Operations Specialist (대관 운영),PA Operations,계약직,상시채용,,,2026-04-28,https://jasoseol.com/recruit/103204,,2026-09-07 18:28:20
자소설닷컴,토스뱅크,STR Monitoring Specialist,STR Monitoring,계약직,상시채용,,,2026-05-19,https://jasoseol.com/recruit/103205,,2026-09-07 18:28:21
자소설닷컴,한국산업은행,2026년 1차 청년인턴 채용공고,"청년인턴_장애인, 청년인턴_은행일반(서울·경기권), 청년인턴_은행일반(영남), [충청·강원권]ㅁ청년인턴_은행일반(충청·강원) 은행일반, 청년인턴_은행일반(호남), 청년인턴_공학, 청년인턴_IT",인턴,수시채용,,,2026-04-03,https://jasoseol.com/recruit/103206,,2026-09-07 18:28:21
자소설닷컴,비바리퍼블리카(토스),Merchandising Associate (주니어 MD),Merchandising Associate (주니어 MD),계약직,수시채용,,,2026-04-06,https://jasoseol.com/recruit/103207,,2026-09-07 18:28:21
자소설닷컴,삼양그룹,2026년 3월 신입사원 채용,"[대졸신입/Junior Career] 기계설비_화학, [대졸신입/Junior Career] 공정기술_화학, [대졸신입/Junior Career] 생산관리_화학, [신입연구/Junior Career] R&D(Mobil",신입,수시채용,,,2026-04-05,https://jasoseol.com/recruit/103208,,2026-09-07 18:28:22
자소설닷컴,경동,3월 수시채용,"[경동나비엔] HR, [경동나비엔] 내부회계관리, [경동나비엔] 노무·인사(생산직), [경동나비엔] 국내영업(청정환기), [경동나비엔] 국내영업(주방가전), [경동나비엔] 마케팅, [경동나비엔] 브랜드커뮤니케이션, ","경력, 신입, 코드5",수시채용,,,2026-03-29,https://jasoseol.com/recruit/103210,,2026-09-07 18:28:22
자소설닷컴,BGF로지스,26년 1분기 채용연계형 인턴 수시채용,"[프레시센터] 저온 보세 물류센터 운영관리, [경기남부권역] 지역 거점 물류센터(RDC) 운영관리, [경기북부권역] 지역 거점 물류센터(RDC) 운영관리, [강원권역] 지역 거점 물류센터(RDC) 운영관리, [전라권","신입, 인턴",수시채용,,,2026-04-01,https://jasoseol.com/recruit/103213,,2026-09-07 18:28:23
자소설닷컴,GS리테일,2026 채용연계형 인턴 채용,"편의점 영업관리(OFC), 수퍼점포영업",인턴,수시채용,,,2026-04-06,https://jasoseol.com/recruit/103214,,2026-09-07 18:28:23
자소설닷컴,대구경북첨단의료산업진흥재단,2026년 MEDILINK 아카데미 2기 교육생 모집,의료기기 규제과학(RA),교육,수시채용,,,2026-04-19,https://jasoseol.com/recruit/103215,,2026-09-07 18:28:23
자소설닷컴,한국수자원공사(K-water),2026년 상반기 체험형 인턴(단기형) 공개 채용,"[본사] 행정, [한강유역] 행정, [금강유역] 행정, [영·섬유역] 행정, [낙동강유역] 행정, [본사] 토목, [한강유역] 토목, [금강유역] 토목, [영·섬유역] 토목, [낙동강유역] 토목, [본사] 전기, [",인턴,수시채용,,,2026-04-02,https://jasoseol.com/recruit/103212,,2026-09-07 18:28:24
자소설닷컴,웅진,2026년 상반기 채용연계형 신입인턴 채용,클라우드 기술지원,인턴,수시채용,,,2026-04-02,https://jasoseol.com/recruit/103217,,2026-09-07 18:28:24
자소설닷컴,은행권청년창업재단,2026년 디캠프 투자전략팀 정규직(팀장급) 수시채용,투자전략팀 정규직(팀장급),경력,상시채용,,,2026-05-19,https://jasoseol.com/recruit/103218,,2026-09-07 18:28:24
자소설닷컴,건강보험심사평가원(HIRA),2026년 상반기 체험형 청년인턴 채용,"행정_사무행정_본원(원주), 행정_사무행정_본부_서울(서울), 행정_사무행정_본부_부산(부산), 행정_사무행정_본부_대구경북(대구), 행정_사무행정_본부_광주전남(광주), 행정_사무행정_본부_대전충청(대전), 행정_",인턴,수시채용,,,2026-03-26,https://jasoseol.com/recruit/103219,,2026-09-07 18:28:25
자소설닷컴,에스엘,2026년 신입/경력 채용,"[지원]재무회계, [지원]원가회계, [지원]HRD, [지원]GHR, [지원]IT(PLM), [지원]IT(MES), [지원]원가관리, [지원]영업(램프), [지원]영업(전동화), [지원]사이버보안, [제조]품질보증, ","경력, 신입",수시채용,,,2026-04-05,https://jasoseol.com/recruit/103220,,2026-09-07 18:28:26
자소설닷컴,에코마케팅,마케팅 사무보조 계약직,마케팅 사무보조,계약직,수시채용,,,2026-03-26,https://jasoseol.com/recruit/103221,,2026-09-07 18:28:26
자소설닷컴,한국우편사업진흥원(POSA),"신규직원(무기계약직,기간제계약직) 채용공고","무기계약직 IT 전산 개발, 무기계약직 우편 고객 상담, 무기계약직 우편 고객 상담(사회평형.보훈), 무기계약직 우편 고객 상담(사회평형.장애), 무기계약직 시설관리, 기간제계약직 우체국 생활정보홍보우편 기획.운영,","계약직, 인턴",수시채용,,,2026-04-04,https://jasoseol.com/recruit/103222,,2026-09-07 18:28:26
자소설닷컴,한솔제지,신입사원 수시채용 (해외영업),해외영업,신입,수시채용,,,2026-04-01,https://jasoseol.com/recruit/103223,,2026-09-07 18:28:26
자소설닷컴,남북하나재단,2026년도 1차 신규채용,"[일반경쟁]무기계약직(비서), [일반경쟁]일반계약직_15개월(휴직대체인력), [일반경쟁]일반계약직_30개월(한시사업 운영인력), [일반경쟁]일반계약직_6개월(청년인턴), [제한경쟁(탈북민)]일반계약직_6개월(청년인턴","계약직, 인턴",수시채용,,,2026-04-06,https://jasoseol.com/recruit/103226,,2026-09-07 18:28:27
자소설닷컴,블랭크코퍼레이션,2026년 인턴/경력 채용,"오프라인디자인, 상품기획자, [뷰에누보] 비브비브 (vivevive) 인플루언서 마케터, [KONREV] SNS 콘텐츠 마케터 인턴(정규전환형), 퍼포먼스마케터, 재무회계, 리테일MD, 세일즈운영","경력, 인턴",상시채용,,,2026-04-30,https://jasoseol.com/recruit/103224,,2026-09-07 18:28:27
자소설닷컴,한국재정정보원(FIS),2026년도 제2차 채용(기간제근로자) 공고,"보조금 부정수급 현장점검 지원(제한경쟁-회계사), 보조금 부정수급 현장점검 관련 업무지원(서울), 보조금 부정수급 현장점검 관련 업무지원(수원), 보조금 부정수급 현장점검 관련 업무지원(세종), 보조금 부정수급 현장",계약직,수시채용,,,2026-03-27,https://jasoseol.com/recruit/103227,,2026-09-07 18:28:28
자소설닷컴,NHN Cloud,웹 프론트엔드 개발,웹 프론트엔드 개발,경력,상시채용,,,2026-04-17,https://jasoseol.com/recruit/103228,,2026-09-07 18:28:28
자소설닷컴,NHN comico Korea,웹툰PD,웹툰PD,코드5,상시채용,,,2026-05-06,https://jasoseol.com/recruit/103229,,2026-09-07 18:28:29
자소설닷컴,에코마케팅,글로벌 패션 마케터(안다르) 신입·경력 채용,"브랜드 마케터(안다르 글로벌-싱가포르), 퍼포먼스 마케터(안다르 글로벌-싱가포르)",코드5,수시채용,,,2026-03-29,https://jasoseol.com/recruit/103230,,2026-09-07 18:28:29
자소설닷컴,하나증권,법인금융상품실 경력직 채용,법인금융상품실,계약직,수시채용,,,2026-03-23,https://jasoseol.com/recruit/103231,,2026-09-07 18:28:29
자소설닷컴,국립농업박물관,2026년 제1차 청년인턴 채용(재공고),"행사, 유물자료관리",인턴,수시채용,,,2026-03-30,https://jasoseol.com/recruit/103232,,2026-09-07 18:28:30
자소설닷컴,비바리퍼블리카(토스),Sales Specialist (토스페이),Sales Specialist (토스페이),계약직,상시채용,,,2026-04-11,https://jasoseol.com/recruit/103233,,2026-09-07 18:28:30
자소설닷컴,비바리퍼블리카(토스),Legal Operations Assistant,Legal Operations Assistant,계약직,상시채용,,,2026-04-07,https://jasoseol.com/recruit/103234,,2026-09-07 18:28:31
자소설닷컴,프리윌린,풀리팀 BX/콘텐츠 디자이너 (체험형 인턴) 채용,BX/콘텐츠 디자이너 (체험형),인턴,수시채용,,,2026-04-05,https://jasoseol.com/recruit/103235,,2026-09-07 18:28:32
자소설닷컴,신원,수출부문 KNIT 해외영업 신입 채용,해외영업,신입,수시채용,,,2026-03-24,https://jasoseol.com/recruit/103237,,2026-09-07 18:28:32
자소설닷컴,LS전선,'26년 채용연계형 인턴 채용,"해외영업(에너지), 시스템 엔지니어링(지중케이블), 제품설계(해저케이블), 제품개발/설계(가공선), 설비효율화(기계), 설비효율화(전자), R&D(고분자가공/열유동해석), R&D(제어계측/구조설계)",인턴,수시채용,,,2026-04-12,https://jasoseol.com/recruit/103239,,2026-09-07 18:28:32
자소설닷컴,GC셀,총무팀(자산 관리 등) 담당자 모집 (경력),자산 관리,경력,수시채용,,,2026-03-29,https://jasoseol.com/recruit/103238,,2026-09-07 18:28:32
자소설닷컴,신한은행,2026년 상반기 일반직 신입행원 채용,"일반직_일반, 일반직_지역인재",신입,수시채용,,,2026-04-03,https://jasoseol.com/recruit/103240,,2026-09-07 18:28:33
자소설닷컴,신한은행,2026년 디지털/ICT 수시채용,"뱅킹서비스 개발 및 운영, AI 애플리케이션 엔지니어링, 정보보호",신입,수시채용,,,2026-04-03,https://jasoseol.com/recruit/103241,,2026-09-07 18:28:33
자소설닷컴,국립농업박물관,2026년 제2차 직원 채용 공고,"안전, 조경, 교류협력",계약직,수시채용,,,2026-04-01,https://jasoseol.com/recruit/103244,,2026-09-07 18:28:34
자소설닷컴,깨끗한나라,2026년 1분기 수시채용 (AX기획/SCM/리테일/총무),"AX 기획팀, SCM팀, 리테일팀(국내영업), 자산관리파트(총무)","경력, 신입",수시채용,,,2026-03-31,https://jasoseol.com/recruit/103242,,2026-09-07 18:28:34
자소설닷컴,하나저축은행,2026년 수신 채용형 인턴 모집,수신,인턴,수시채용,,,2026-03-30,https://jasoseol.com/recruit/103245,,2026-09-07 18:28:34
자소설닷컴,마이다스그룹,백엔드 개발자 채용(MOTIIV),개발분야-백엔드 개발,코드5,수시채용,,,2026-04-05,https://jasoseol.com/recruit/103246,,2026-09-07 18:28:35
자소설닷컴,이브자리,2026년 상반기 대졸 신입 공개채용,"MD팀 (구매/유통), 디자인 연구소, 영업, 경영지원, 점포장 (부점장), 생산본부 (생산/구매관리)",신입,수시채용,,,2026-03-31,https://jasoseol.com/recruit/103248,,2026-09-07 18:28:35
자소설닷컴,한국경영인증원,[서울시 매력일자리] ESG 경영관리 전문인력 양성 및 취업연계 과정,ESG 경영관리 전문인력 양성,교육,수시채용,,,2026-04-15,https://jasoseol.com/recruit/103247,,2026-09-07 18:28:36
자소설닷컴,PTKOREA,2026 8기 신입공개채용,"캠페인 기획 (국내), 캠페인 기획 (글로벌), 캠페인 기획 (중국), 플랫폼 기획 (글로벌), 미디어 (국내), 미디어 (중국), 디자인, 개발 기획, 개발, 데이터 분석, 총무",신입,수시채용,,,2026-04-12,https://jasoseol.com/recruit/103250,,2026-09-07 18:28:36
자소설닷컴,한국수자원조사기술원,2026년 제1차 공개채용(정규직)공고,"연구직 원(가), 연구직 전임",코드5,수시채용,,,2026-04-07,https://jasoseol.com/recruit/103251,,2026-09-07 18:28:36
자소설닷컴,DN솔루션즈,2026 상반기 신입사원 공개채용,"R&D (기계), R&D (제어), 생산/품질, 한국영업, 글로벌영업, 법무, 구매, IT, 전략, 전문연구요원 - R&D (기계), 전문연구요원 - R&D (제어), 기술전문직  - 기계, 기술전문직 - 제어","계약직, 신입",수시채용,,,2026-04-08,https://jasoseol.com/recruit/103253,,2026-09-07 18:28:37
자소설닷컴,한전KDN,2026년 채용 공고 ,"신입사원(4직급)_전산 일반(전국권), 신입사원(4직급)_전산 연구(전국권), 신입사원(4직급)_통신 일반(전국권), 신입사원(4직급)_통신 전기(전국권), 신입사원(4직급)_통신 정보보호(전국권), 신입사원(4직급","계약직, 신입, 인턴, 코드5",수시채용,,,2026-04-07,https://jasoseol.com/recruit/103252,,2026-09-07 18:28:37
자소설닷컴,이노션,글로벌 웹 서비스 기획 (Junior) (계약직),글로벌 웹 서비스 기획 (Junior),계약직,수시채용,,,2026-04-05,https://jasoseol.com/recruit/103254,,2026-09-07 18:28:37
자소설닷컴,경신전선,2026년 2분기 제품개발팀 채용,제품개발,코드5,수시채용,,,2026-04-05,https://jasoseol.com/recruit/103255,,2026-09-07 18:28:38
자소설닷컴,한국가스공사(KOGAS),2026년 상반기 채용공고,"[일반직 6급] 사무-경영, [일반직 6급] 사무-회계, [일반직 6급] 기술-기계, [일반직 6급] 기술-전기, [일반직 6급] 기술-화공, [일반직 6급] 기술-토목, [일반직 6급] 사무-경영 (사회형평 장애)","경력, 계약직, 신입, 코드5",수시채용,,,2026-04-08,https://jasoseol.com/recruit/103257,,2026-09-07 18:28:39
자소설닷컴,한국신용정보원,2026년도 직원 채용,5급 일반직,신입,수시채용,,,2026-04-06,https://jasoseol.com/recruit/103258,,2026-09-07 18:28:39
자소설닷컴,이수그룹,신입사원 공개채용,"[(주)이수] HR, [(주)이수] 기획, [(주)이수] OI (Open Innovation), [이수화학] 재경, [이수화학] 공무, [이수화학] 제품연구, [이수화학] R&D, [이수 스페셜티케미컬] 전지재료연구",신입,수시채용,,,2026-04-14,https://jasoseol.com/recruit/103259,,2026-09-07 18:28:39
자소설닷컴,신용보증기금(KODIT),2026년도 상반기 신입직원 채용,"전문자격, 상경계, 비상경계, 이공계, 보훈",신입,수시채용,,,2026-04-07,https://jasoseol.com/recruit/103260,,2026-09-07 18:28:40
자소설닷컴,동화약품,2026년 상반기 신입 및 경력사원 채용,"[DWP홀딩스]금융, [동화약품] 약국영업, [동화약품]의원/종병영업, [동화약품]ETC마케팅, [동화약품]기획관리, [동화약품]구매, [동화약품]헬스케어 마케팅, [동화약품]화장품 디자이너, [동화약품]화장품 RA","경력, 신입, 코드5",수시채용,,,2026-04-07,https://jasoseol.com/recruit/103256,,2026-09-07 18:28:40
자소설닷컴,한국무역보험공사(K-SURE),2026년 상반기 일반직 신입사원 채용,"조사·인수 (경영학), 조사·인수 (경제학), IT",신입,수시채용,,,2026-04-07,https://jasoseol.com/recruit/103262,,2026-09-07 18:28:41
자소설닷컴,하나증권,해외영업추진실(야간데스크) 경력직 채용,해외영업추진실,계약직,수시채용,,,2026-04-26,https://jasoseol.com/recruit/103263,,2026-09-07 18:28:42
자소설닷컴,LS MnM,신입사원 수시채용 - 설비엔지니어(기계),설비엔지니어(기계),신입,수시채용,,,2026-04-05,https://jasoseol.com/recruit/103265,,2026-09-07 18:28:42
자소설닷컴,녹십자웰빙,품질관리(경력),QC,경력,수시채용,,,2026-04-07,https://jasoseol.com/recruit/103261,,2026-09-07 18:28:43
자소설닷컴,롯데에너지머티리얼즈,2026년 03월 경력사원 채용,"생산, 공정기술, 품질, 설비(전기), 사무지원(HR), 황화물 고체전해질 개발, 일본영업, 중국영업",경력,수시채용,,,2026-04-07,https://jasoseol.com/recruit/103267,,2026-09-07 18:28:44
자소설닷컴,앱솔브랩,[셀리맥스] QA / QC 인턴 채용,QA / QC,인턴,상시채용,,,2026-05-19,https://jasoseol.com/recruit/103268,,2026-09-07 18:28:44
자소설닷컴,에코마케팅,뷰티 브랜드 마케팅 영상 크리에이터 신입/경력 채용,뷰티 브랜드 마케팅 영상 크리에이터,"경력, 신입",수시채용,,,2026-04-05,https://jasoseol.com/recruit/103266,,2026-09-07 18:28:44
자소설닷컴,포스코,26년 경력사원 채용(안전),"안전 기획, 투자 공사 안전",경력,수시채용,,,2026-04-08,https://jasoseol.com/recruit/103269,,2026-09-07 18:28:45
자소설닷컴,한전원자력연료(KNF),2026년도 상반기 체험형 청년인턴 채용 공고,"사무, 기술, 전산, 연구",인턴,수시채용,,,2026-04-08,https://jasoseol.com/recruit/103264,,2026-09-07 18:28:45
자소설닷컴,포스코,경력사원 채용 (공인노무사),공인노무사,경력,수시채용,,,2026-04-08,https://jasoseol.com/recruit/103270,,2026-09-07 18:28:45
자소설닷컴,한국가스안전공사(KGS),2026년도 상반기 정규직(채용형인턴 및 경력직) 채용,"[신입 행정] 경영지원(일반)_상경, [신입 행정] 경영지원(장애인)_상경, [신입 행정] 전산(일반), [신입 기술] 검사/점검(일반)_기계, [신입 기술] 검사/점검(일반)_화공, [신입 기술] 검사/점검(장애인","경력, 인턴",수시채용,,,2026-04-03,https://jasoseol.com/recruit/103271,,2026-09-07 18:28:45
자소설닷컴,LT메탈,신입/경력사원 수시채용,"사내 변호사, 국내외 영업/마케팅 (Chemical), 해외영업 (Material), 안전/보건, 연구개발 (금속/세라믹), 공정기술 (Bonding Wire)","경력, 신입, 코드5",수시채용,,,2026-04-08,https://jasoseol.com/recruit/103272,,2026-09-07 18:28:46
자소설닷컴,비바리퍼블리카(토스),Compensation Manager (Operations),Compensation Manager (Operations),계약직,상시채용,,,2026-05-20,https://jasoseol.com/recruit/103273,,2026-09-07 18:28:46
자소설닷컴,GC셀,안전관리책임자(약사) 모집 (신입/경력),안전관리책임자,코드5,수시채용,,,2026-04-12,https://jasoseol.com/recruit/103274,,2026-09-07 18:28:46
자소설닷컴,유진투자선물,[IT/전산]  웹 개발/운영 담당자 경력직 채용,본사(여의도)-IT,경력,수시채용,,,2026-04-19,https://jasoseol.com/recruit/103276,,2026-09-07 18:28:47
자소설닷컴,NHN Cloud,실시간 보안관제 (교대근무),실시간 보안관제 (교대근무),코드5,상시채용,,,2026-05-24,https://jasoseol.com/recruit/103275,,2026-09-07 18:28:47
자소설닷컴,한국뇌연구원,2026년도 제2차 직원(정규직·무기계약직) 공개 채용 공고 ,"뇌정보·뇌공학, 연구행정, 뇌연구 정책 및 기획, IT 인프라 운영 관리, 미화 (1), 미화 (2)","경력, 계약직, 신입",수시채용,,,2026-04-13,https://jasoseol.com/recruit/103277,,2026-09-07 18:28:48
자소설닷컴,용마로지스,2026년 3월 각 부문별 신입 및 경력 채용,"포워딩, 국제운영, CIS(김포), 배차운영, CIS(서울), 보세창고, 시설관리, 고양DC, Renal배송, 호남영업, 동광주DC","경력, 신입, 코드5",수시채용,,,2026-04-05,https://jasoseol.com/recruit/103278,,2026-09-07 18:28:48
자소설닷컴,동국제약,"헬스앤뷰티 신입/경력 채용(영업, 마케팅, MD, 상품기획, 품질관리 등) ~ 4/1","헬스앤뷰티 면세/오프라인 영업, 헬스앤뷰티 올리브영 H&B, CVS, 백화점 유통, 헬스앤뷰티 DKSHOP 마케팅, 헬스앤뷰티  온라인 D2C  영업마케팅, 헬스앤뷰티  기업특판 담당, 헬스앤뷰티  버티컬채널영업, ","경력, 계약직, 코드5",수시채용,,,2026-04-01,https://jasoseol.com/recruit/103279,,2026-09-07 18:28:49
자소설닷컴,린데코리아,재경기획부문 경영기획부  FP＆A specialist  정규직 채용,재경기획부문 경영기획부  FP＆A specialist,코드5,수시채용,,,2026-04-07,https://jasoseol.com/recruit/103281,,2026-09-07 18:28:49
자소설닷컴,네이버 커넥트재단,그래픽 디자이너 경력직 채용,그래픽 디자이너,경력,수시채용,,,2026-04-06,https://jasoseol.com/recruit/103280,,2026-09-07 18:28:49
자소설닷컴,한국리서치,밸류조사본부 인턴 연구원 채용,마케팅조사 연구지원직,인턴,수시채용,,,2026-03-31,https://jasoseol.com/recruit/103282,,2026-09-07 18:28:50
자소설닷컴,한미약품,2026년 3월 계약직 상시채용 [PV 사무행정],PV 사무행정,계약직,수시채용,,,2026-04-05,https://jasoseol.com/recruit/103284,,2026-09-07 18:28:50
자소설닷컴,현대모비스,"[반도체사업담당] 26년 3월 관리직 신입채용 (Chief of Semiconductor Business, entry-admin.)",기획_Planning-사업관리_PM-사업기획/운영_Business Planning&Management,신입,수시채용,,,2026-04-06,https://jasoseol.com/recruit/103285,,2026-09-07 18:28:51
자소설닷컴,한국도로공사(ex),2026년 상반기 일반직 5급 신입(인턴)사원 인재영입,"[전국권] 일반_경영, [전국권] 일반_법정, [전국권] 일반_토목 일반, [전국권] 일반_토목 교통, [전국권] 일반_건축, [전국권] 일반_전기, [전국권] 일반_조경, [전국권] 일반_기계, [전국권] 일반_설",인턴,수시채용,,,2026-03-31,https://jasoseol.com/recruit/103286,,2026-09-07 18:28:52
자소설닷컴,한국투자증권,FY2026 상반기 PB 공채 (신입사원 5급),"[서울/인천/경기] PB(Private Banker), [대구/울산/경북] PB(Private Banker), [대전/충청] PB(Private Banker), [부산/경남] PB(Private Banker), [전",신입,수시채용,,,2026-04-09,https://jasoseol.com/recruit/103287,,2026-09-07 18:28:52
자소설닷컴,경신,2026년 상반기 신입/경력사원 채용,"생산기술 (채용연계형), 사업관리 (채용연계형), 부품설계 (채용연계형), 전장설계(경로), 전장설계(회로), 생산관리 , 물류지원, 품질관리 , 통합구매, 부품설계 , 품질보증","경력, 신입, 인턴",수시채용,,,2026-04-12,https://jasoseol.com/recruit/103283,,2026-09-07 18:28:52
자소설닷컴,마이다스그룹,"건축, 토목 SW 영업 담당자 채용(부산지사)",기술영업/지원 분야-SW 기술영업,코드5,수시채용,,,2026-04-05,https://jasoseol.com/recruit/103289,,2026-09-07 18:28:52
자소설닷컴,비바리퍼블리카(토스),Privacy Assistant,[토스] Privacy Assistant,계약직,상시채용,,,2026-04-19,https://jasoseol.com/recruit/103290,,2026-09-07 18:28:53
자소설닷컴,KINX,2026 채용 전환형 인턴 / 경력직 공개채용,"해외 사업, 인사, 시스템 운영 엔지니어, 인프라운영관리(전기, 기계/소방), 사업 기획, 네트워크 데이터 분석 시스템 개발, 클라우드 Front-end 개발, 클라우드 운영 엔지니어, 네트워크 엔지니어","경력, 인턴",수시채용,,,2026-04-12,https://jasoseol.com/recruit/103288,,2026-09-07 18:28:53
자소설닷컴,매그나칩반도체,Super Junction MOSFET 개발 Engineer 신입/경력사원 채용,Super Junction MOSFET 개발 Engineer,코드5,수시채용,,,2026-04-01,https://jasoseol.com/recruit/103291,,2026-09-07 18:28:53
자소설닷컴,신원,수출부문 R&D Style팀 경력 채용 (KIDS),R&D,경력,수시채용,,,2026-04-05,https://jasoseol.com/recruit/103292,,2026-09-07 18:28:54
자소설닷컴,한국보건산업진흥원,2026년 신규직원(채용형인턴)채용공고,"인사관리_공개경쟁_청년인턴_채용형 인턴, 바이오헬스산업정책관리_공개경쟁_청년인턴_채용형 인턴, 보건의료R&D사업관리_공개경쟁_청년인턴_채용형 인턴, 보건산업진흥지원_공개경쟁_청년인턴_채용형 인턴, 국제의료사업지원_공",인턴,수시채용,,,2026-04-08,https://jasoseol.com/recruit/103293,,2026-09-07 18:28:54
자소설닷컴,무역안보관리원,2026년도 상반기 채용 공고,"(정규직) 경영, (정규직) 기계, (정규직) 전자, (정규직) 화학, (무기계약직) 세무.회계, (체험형 청년인턴) 경영지원, (체험형 청년인턴) 판정지원, (체험형 청년인턴) 교육지원","계약직, 신입, 인턴",수시채용,,,2026-04-10,https://jasoseol.com/recruit/103295,,2026-09-07 18:28:55
자소설닷컴,DRB동일,2026년 2분기 분야별 신입 및 경력사원 채용,"[DRB동일] 엑셀러레이팅 프로그램 운영, [동일고무벨트] 로봇 및 모빌리티 기계 설계, [동일고무벨트] 자동화 기구 설계, [동일고무벨트] 선행연구, [DRB오토모티브] 비히클실링 양산 설계개발","경력, 신입, 코드5",수시채용,,,2026-04-12,https://jasoseol.com/recruit/103294,,2026-09-07 18:28:55
자소설닷컴,한국인터넷진흥원,2026년 직원 채용,"[일반직]경영·정책, [일반직]기술, [일반직 고졸제한]경영·정책, [일반직 고졸제한]기술, [일반직 보훈제한]기술 (나주), [일반직 보훈제한]기술 (서울), [기간제 근로자]연구지원직, [전임 계약직]기계설비 유","계약직, 신입, 인턴, 코드5",수시채용,,,2026-04-09,https://jasoseol.com/recruit/103296,,2026-09-07 18:28:55
자소설닷컴,고위드,법인카드 운영 인턴 (3개월/전환형),법인카드 운영 인턴,인턴,상시채용,,,2026-04-06,https://jasoseol.com/recruit/103297,,2026-09-07 18:28:56
자소설닷컴,에이피알,[품질] 제품품질 및 입고검사 계약직원 모집(평택 물류센터 근무),제품품질 및 입고검사,계약직,상시채용,,,2026-04-03,https://jasoseol.com/recruit/103298,,2026-09-07 18:28:57
자소설닷컴,동국제강,2026년 신입&경력 공개채용,"변호사, 설비관리-기계, 설비관리-전기, 제련 연구, 기획, 생산계획관리, 법무, 해외영업, 설비관리(기계), 생산관리(봉강), 물류(인천), 인사/노무(인천), 생산관리(제강), 품질관리, 품질보증, 물류(포항),","경력, 계약직, 신입, 코드5",수시채용,,,2026-04-12,https://jasoseol.com/recruit/103299,,2026-09-07 18:28:57
자소설닷컴,서강대학교,2026년 정규직 신입직원 채용 공고,"사무직 (일반), 기능직 (시설관리)",신입,수시채용,,,2026-04-06,https://jasoseol.com/recruit/103300,,2026-09-07 18:28:57
자소설닷컴,토스플레이스,Legal Operations Specialist,Legal Operations Specialist,계약직,상시채용,,,2026-04-17,https://jasoseol.com/recruit/103301,,2026-09-07 18:28:57
자소설닷컴,루이비통코리아,HORIZONS: Retail Management Trainee Program 2026,Retail Management Trainee,코드5,수시채용,,,2026-04-30,https://jasoseol.com/recruit/103305,,2026-09-07 18:28:58
자소설닷컴,한국전기안전공사(KESCO),2026년 신입직원 채용,"[경영관리] 일반행정_본사·전북, [경영관리] 일반행정_사업소 (전북 외), [경영관리] 정보운영_본사, [기술직] 본사·전북, [기술직] 사업소 (전북 외), [연구직]_연구원",신입,수시채용,,,2026-04-09,https://jasoseol.com/recruit/103302,,2026-09-07 18:28:59
자소설닷컴,토스페이먼츠,Research Assistant,리서치,계약직,상시채용,,,2026-05-25,https://jasoseol.com/recruit/103307,,2026-09-07 18:28:59
자소설닷컴,토스페이먼츠,IT Assistant,IT Assistant,계약직,상시채용,,,2026-04-06,https://jasoseol.com/recruit/103306,,2026-09-07 18:29:00
자소설닷컴,GC셀,검체 관리 서비스 매니저 채용 (강서),서비스 매니저,계약직,상시채용,,,2026-04-14,https://jasoseol.com/recruit/103308,,2026-09-07 18:29:00
자소설닷컴,무신사리테일서비스,무신사 글로벌 경영자 후보 (MMC) 신입 공채,MMC (MUSINSA MANAGEMENT CANDIDATE) ,신입,수시채용,,,2026-04-12,https://jasoseol.com/recruit/103309,,2026-09-07 18:29:00
자소설닷컴,한국동서발전(EWP),2026년 하반기 신입직원 채용,"[대졸수준 일반] 사무 상경, [대졸수준 일반] 사무 법정, [대졸수준 일반] 발전기계, [대졸수준 일반] 발전전기, [대졸수준 일반] 화학, [대졸수준 일반] 토목, [대졸수준 일반] 건축, [대졸수준 일반] IT","계약직, 신입",수시채용,,,2026-04-08,https://jasoseol.com/recruit/103310,,2026-09-07 18:29:01
자소설닷컴,LG생활건강,뷰티 디바이스 개발/연구 (경력),뷰티 디바이스 개발/연구,경력,수시채용,,,2026-04-06,https://jasoseol.com/recruit/103303,,2026-09-07 18:29:02
자소설닷컴,한국무역보험공사(K-SURE),2026년 상반기 체험형 청년인턴 채용,"일반전형 - 서울지역 3개월, 일반전형 - 서울지역 6개월, 일반전형 - 경기지역A - 6개월, 일반전형 - 경기지역B - 6개월, 일반전형 - 인천지역 - 6개월, 일반전형 - 천안지역 - 3개월, 일반전형 - 충",인턴,수시채용,,,2026-04-09,https://jasoseol.com/recruit/103311,,2026-09-07 18:29:02
자소설닷컴,한국원자력환경공단(KORAD)," 2026년도 수시채용 (휴직대체근로자, 체험형인턴)","업무지원(처분기술팀), 업무지원(노사협력팀), 업무지원(엔지니어링팀), 업무지원(AI전환팀), 업무지원(ESG상생팀), 업무지원(인재경영팀), 업무지원(기금관리센터), 안내홍보(행정운영팀), 체험형인턴(청년-본사),","계약직, 인턴",수시채용,,,2026-04-09,https://jasoseol.com/recruit/103313,,2026-09-07 18:29:02
자소설닷컴,신용회복위원회(CCRS),2026년 신입직원 채용공고,"일반-전국, 일반-강원권, 일반-충청권, 일반-전라권, 일반-경상권, 보훈-전국, 전산-개발, 전산-운영",신입,수시채용,,,2026-04-02,https://jasoseol.com/recruit/103312,,2026-09-07 18:29:02
자소설닷컴,여주에너지서비스,2026 상반기 발전운영 신입 채용,발전운영,신입,수시채용,,,2026-04-15,https://jasoseol.com/recruit/103315,,2026-09-07 18:29:03
자소설닷컴,GC셀,검체 관리 서비스 매니저 채용 (청라),서비스 매니저(청라),계약직,상시채용,,,2026-04-27,https://jasoseol.com/recruit/103316,,2026-09-07 18:29:03
자소설닷컴,아성다이소,2026년 상반기 신입/경력사원 공개채용,"[아성다이소]영업_매장관리, [아성다이소]영업_영업지원, [아성다이소]영업_영업비용관리, [아성다이소]영업_영업예산운영, [아성다이소]영업_매장디자인, [아성다이소]온라인사업_QA/PMO, [아성다이소]온라인사업_모","경력, 신입",수시채용,,,2026-04-08,https://jasoseol.com/recruit/103314,,2026-09-07 18:29:04
자소설닷컴,LG생활건강,더후 마케팅,럭셔리뷰티사업부 더후마케팅,경력,수시채용,,,2026-04-05,https://jasoseol.com/recruit/103318,,2026-09-07 18:29:04
자소설닷컴,NH농협손해보험,2026년 상반기 신규직원 채용,"[강원권] 6급 초급 일반직, [충청권] 6급 초급 일반직, [전라권] 6급 초급 일반직, [경남권] 6급 초급 일반직",신입,수시채용,,,2026-04-08,https://jasoseol.com/recruit/103317,,2026-09-07 18:29:05
자소설닷컴,LG생활건강,전략담당 경력사원 채용,"전략기획, 사업개발, Market Intelligence, 전략지원",경력,수시채용,,,2026-04-05,https://jasoseol.com/recruit/103320,,2026-09-07 18:29:05
자소설닷컴,현대모비스,2026 상반기 연구장학생 모집,"자율주행 편의 기능 개발, 자율주행 AI 알고리즘 개발, 감속기 구조 해석, 전력회로 설계, EV BSA 시작개발, 기능안전 기반 컨버터 개발, 파워모듈/냉각기 설계 및 해석 검증, 파워모듈 패키징 공정 및 접합 소",신입,수시채용,,,2026-04-16,https://jasoseol.com/recruit/103321,,2026-09-07 18:29:05
자소설닷컴,인테그리스코리아,2026 글로벌 리더 (신입) 채용,"Production Engineer (Slurry), Manufacturing Engineer (APS)",신입,수시채용,,,2026-04-12,https://jasoseol.com/recruit/103322,,2026-09-07 18:29:06
자소설닷컴,현대모비스,2026 상반기 장학전환인턴,"제어기 시스템 아키텍쳐 설계 , Vehicle API 명세 개발 , Devops 기반 디지털 트윈 개발, 감속기 기어트레인 설계 , 전장품 설계 , 배터리시스템 개발 신뢰성 검증, 전력반도체 개발 , 배터리 구조해석",인턴,수시채용,,,2026-04-16,https://jasoseol.com/recruit/103319,,2026-09-07 18:29:06
자소설닷컴,NHN Cloud,AX컨설팅(정규직 전환형 인턴),AX컨설팅(정규직 전환형 인턴),인턴,상시채용,,,2026-05-26,https://jasoseol.com/recruit/103323,,2026-09-07 18:29:06
자소설닷컴,아주산업,2026 상반기 인재채용,"2026 레미콘 영업, 2026 레미콘 품질관리, 2026 레미콘 연구개발, 2026 모듈러사업(설계)","경력, 코드5",수시채용,,,2026-04-05,https://jasoseol.com/recruit/103325,,2026-09-07 18:29:07
자소설닷컴,코오롱생명과학,2026년 상반기 정기채용,"[코오롱생명과학] 법무, [코오롱생명과학] 인사, [코오롱생명과학] 구매, [코오롱생명과학] Warehouse/Logistics, [코오롱생명과학] 품질보증(QA) , [코오롱생명과학] 품질보증(QA) - 통합 CA","경력, 신입, 코드5",수시채용,,,2026-04-07,https://jasoseol.com/recruit/103326,,2026-09-07 18:29:07
자소설닷컴,팬오션,2026년 신입사원 채용,"영업, 관리",신입,수시채용,,,2026-04-15,https://jasoseol.com/recruit/103327,,2026-09-07 18:29:08
자소설닷컴,에코마케팅,마케팅 영상 크리에이터 신입 경력 채용(국내/일본),마케팅 영상크리에이터(국내/일본),코드5,수시채용,,,2026-04-05,https://jasoseol.com/recruit/103324,,2026-09-07 18:29:08
자소설닷컴,인천관광공사(ITO),2026년 NCS기반 블라인드  일반직 직원 채용공고,"정보통신, 건축, 마이스, 일반행정, 일반행정(보훈), 일반행정(장애)","경력, 신입",수시채용,,,2026-04-13,https://jasoseol.com/recruit/103328,,2026-09-07 18:29:08
자소설닷컴,보령,[CHQ] Strategy Investment Group Analyst,Strategy Investment Group Analyst,인턴,상시채용,,,2026-05-29,https://jasoseol.com/recruit/103330,,2026-09-07 18:29:09
자소설닷컴,KIS정보통신,상반기 각 부문 수시 채용(신입/경력),"경영기획, VAN 채널영업 및 마케팅, 디바이스 기획/운영, PG 정산","계약직, 신입, 코드5",수시채용,,,2026-04-12,https://jasoseol.com/recruit/103331,,2026-09-07 18:29:09
자소설닷컴,하나증권,연금지원실 경력직 채용,연금지원실,계약직,수시채용,,,2026-04-12,https://jasoseol.com/recruit/103332,,2026-09-07 18:29:10
자소설닷컴,하나증권,신탁운용실 경력직 채용,신탁운용실,계약직,수시채용,,,2026-04-02,https://jasoseol.com/recruit/103333,,2026-09-07 18:29:10
자소설닷컴,동부건설,2026년 대졸 신입사원 공개채용,"토목사업-토목, 건축사업-건축, 건축사업-기계, 건축사업-전기, 플랜트사업-건축, 플랜트사업-기계, 플랜트사업-전기, 안전-안전관리, 경영지원-사무, 경영지원-IT, 품질-품질관리",신입,수시채용,,,2026-04-12,https://jasoseol.com/recruit/103329,,2026-09-07 18:29:10
자소설닷컴,하나증권,글로벌마켓운용실 경력직 채용,글로벌마켓운용실,계약직,수시채용,,,2026-04-09,https://jasoseol.com/recruit/103334,,2026-09-07 18:29:10
자소설닷컴,중앙대학교병원,(서울병원) 시설팀(기관실) 기능사(계약직) 모집(2026.03-2),시설팀(기관실)-기능사,계약직,수시채용,,,2026-03-30,https://jasoseol.com/recruit/103335,,2026-09-07 18:29:11
자소설닷컴,중앙대학교병원,(서울병원) 약제팀 야간당직약사(계약직) 모집 (2026.03),약제팀-야간당직약사,계약직,수시채용,,,2026-03-30,https://jasoseol.com/recruit/103336,,2026-09-07 18:29:11
자소설닷컴,중앙대학교병원,(광명병원) 보험심사팀 행정직(간호사) (정규직) 모집 (2026.03),행정(간호사)-보험심사팀,신입,수시채용,,,2026-04-01,https://jasoseol.com/recruit/103337,,2026-09-07 18:29:12
자소설닷컴,중앙대학교병원,(광명병원) 간호본부 순환기내과 전담간호사 (계약직) 모집 (2026.03),간호사-간호본부(진료지원간호팀)-순환기내과 전담간호사,계약직,수시채용,,,2026-04-01,https://jasoseol.com/recruit/103338,,2026-09-07 18:29:13
자소설닷컴,중앙대학교병원,전산정보팀 행정(계약직) 모집 (2026.03-2),전산정보팀-행정,계약직,수시채용,,,2026-04-02,https://jasoseol.com/recruit/103339,,2026-09-07 18:29:13
자소설닷컴,중앙대학교병원,(서울병원) 원무팀 응급당직(계약직) 모집 (2026.03-2),원무팀-행정(응급당직),계약직,수시채용,,,2026-03-30,https://jasoseol.com/recruit/103340,,2026-09-07 18:29:13
자소설닷컴,고려대학교,2026학년도 1학기 사무직원(정규직) 채용 공고(일반행정/전산/정보보호/인권·성평등),"일반행정, 전산, 정보보호, 인권·성평등",신입,수시채용,,,2026-04-09,https://jasoseol.com/recruit/103342,,2026-09-07 18:29:14
자소설닷컴,NHN Enterprise,IDC 운영자 (광주),IDC 운영자 (광주),신입,상시채용,,,2026-04-20,https://jasoseol.com/recruit/103344,,2026-09-07 18:29:15
자소설닷컴,키엔스코리아,2026년 신입사원 채용 (컨설팅 세일즈),컨설팅 세일즈,신입,수시채용,,,2026-04-27,https://jasoseol.com/recruit/103343,,2026-09-07 18:29:15
자소설닷컴,서울경제진흥원,청년취업사관학교 양천캠퍼스 DX 2기 교육생 모집,"디지털 마케팅, 데이터 분석",교육,수시채용,,,2026-05-13,https://jasoseol.com/recruit/103345,,2026-09-07 18:29:15
자소설닷컴,에코마케팅,프로덕트 엔지니어 경력 채용,프로덕트 엔지니어,경력,수시채용,,,2026-04-12,https://jasoseol.com/recruit/103346,,2026-09-07 18:29:15
자소설닷컴,부산항만공사,체험형 청년인턴 채용 공고,"사무, 기술, 안전, 환경",인턴,수시채용,,,2026-04-20,https://jasoseol.com/recruit/103347,,2026-09-07 18:29:16
자소설닷컴,부산항만공사,정규직(신입) 채용공고,"사무(일반), 사무(고졸), 사무(취업지원), 안전, 전산, 안전(토목), 환경, 항해",신입,수시채용,,,2026-04-14,https://jasoseol.com/recruit/103348,,2026-09-07 18:29:16
자소설닷컴,한국공항공사(KAC),신입직원 등 공개채용,"5급갑 일반_경영, 5급갑 일반_회계, 5급갑 일반_항공교통, 5급갑 일반_전산, 5급갑 일반_토목, 5급갑 일반_기계, 5급갑 일반_환경, 5급갑 일반_전기, 5급갑 일반_통신전자(전국), 5급갑 일반_통신전자(제",신입,수시채용,,,2026-04-14,https://jasoseol.com/recruit/103341,,2026-09-07 18:29:16
자소설닷컴,부산항만공사,정규직(경력) 채용 공고,"기술(안전), 기술(도시계획), 사무(전산), 사무(연구)",경력,수시채용,,,2026-04-14,https://jasoseol.com/recruit/103349,,2026-09-07 18:29:17
자소설닷컴,한화손보,2026 상반기 신입사원 모집,"펨테크, 사이버보험, 회계, 경영지원",신입,수시채용,,,2026-04-20,https://jasoseol.com/recruit/103350,,2026-09-07 18:29:17
자소설닷컴,한국언론진흥재단(KPF),2026년 1차 체험형 청년인턴 모집 공고(일반행정),일반행정,인턴,수시채용,,,2026-04-13,https://jasoseol.com/recruit/103351,,2026-09-07 18:29:17
자소설닷컴,KAC공항서비스,2026년 상반기 공개채용(채용형 인턴) 공고,"시설직 7급_기계_김포공항, 시설직 7급_전기_김포공항, 시설직 7급_통신_김포공항, 시설직 7급_정비_김포공항, 시설직 7급_순환버스_김포공항, 시설직 7급_환경_김포공항, 시설직 5급_정비_김포공항, 운영직 7급",인턴,수시채용,,,2026-04-13,https://jasoseol.com/recruit/103353,,2026-09-07 18:29:18
자소설닷컴,IBK캐피탈,2026년 신입사원 모집,"일반분야, 전산분야",신입,수시채용,,,2026-04-22,https://jasoseol.com/recruit/103354,,2026-09-07 18:29:18
자소설닷컴,페이히어,[핀테크 스타트업] 영업 관리 어시스턴트 인턴 채용,영업 관리 어시스턴트,인턴,상시채용,,,2026-04-06,https://jasoseol.com/recruit/103352,,2026-09-07 18:29:19
자소설닷컴,한국수출입은행,2026년 상반기 청년인턴 채용,"본점 - 업무일반, 본점 - 장애인, EDCF, 지점 - 업무일반, 지점 - 장애인",인턴,수시채용,,,2026-04-14,https://jasoseol.com/recruit/103355,,2026-09-07 18:29:19
자소설닷컴,렉스몬드,(구 오케이몰) 인사총무팀 신입사원 채용,인사총무담당,신입,수시채용,,,2026-04-10,https://jasoseol.com/recruit/103358,,2026-09-07 18:29:20
자소설닷컴,후성코퍼레이션,2026년 상반기 영업사원 채용공고,영업팀 (영업),코드5,수시채용,,,2026-04-07,https://jasoseol.com/recruit/103357,,2026-09-07 18:29:20
자소설닷컴,SK하이스텍,각 부문 신입/경력사원 채용,"안전관리자, 연수원 운영(시설/총무/안전), 교육 운영/기획, 복리후생 서비스 운영, 자동화 설비 유지 보수","경력, 계약직, 코드5",수시채용,,,2026-04-08,https://jasoseol.com/recruit/103359,,2026-09-07 18:29:21
자소설닷컴,알파사이츠,5월/7월 주요고객사 프로젝트 담당자 신입 채용 (~4/19),주요고객사 프로젝트 담당자,신입,수시채용,,,2026-04-19,https://jasoseol.com/recruit/103356,,2026-09-07 18:29:21
자소설닷컴,넷킬러,Google Workspace 기술지원 실무 담당자 채용,"엔지니어팀 (기술 및 보안지원, GCP 컨설팅)",코드5,상시채용,,,2026-04-19,https://jasoseol.com/recruit/103362,,2026-09-07 18:29:22
자소설닷컴,토스페이먼츠,Risk Team Assistant,Risk Assistant,계약직,상시채용,,,2026-05-26,https://jasoseol.com/recruit/103360,,2026-09-07 18:29:23
자소설닷컴,기아,2026 상반기 전환형 인턴 채용,"고객 데이터 사이언스 통한 일본 판매/영업 지원 전략 수립, 글로벌 PBV 시장, 경쟁사 및 기술 트렌드 분석, PBV 적용 아이디어 도출, 다품종 소량 생산 방식의 경제성, 생산성 향상 연구, 신사업 전략 수립 시",인턴,수시채용,,,2026-04-20,https://jasoseol.com/recruit/103364,,2026-09-07 18:29:23
자소설닷컴,기아,2026 상반기 기아 신입 채용,"CKD 기획 및 운영, 구매, 상용차 부품 구매/개발, 생산기술, 생산운영 및 공정기술 (AutoLand광명), 생산운영 및 공정기술 (AutoLand광주), 생산운영 및 공정기술 (AutoLand화성), 생산운영 ",신입,수시채용,,,2026-04-13,https://jasoseol.com/recruit/103363,,2026-09-07 18:29:23
자소설닷컴,비바리퍼블리카(토스),Account Sales Associate,Account Sales Associate,계약직,수시채용,,,2026-04-16,https://jasoseol.com/recruit/103365,,2026-09-07 18:29:24
자소설닷컴,토스페이먼츠,General Affairs Assistant,GA,계약직,상시채용,,,2026-04-16,https://jasoseol.com/recruit/103361,,2026-09-07 18:29:24
자소설닷컴,자화전자,2026년 2차 신입/경력 수시채용,"모바일카메라 기구설계_청주, 모바일카메라 기구설계_동탄, 공정개발, FACA 엔지니어, 제품기술, 품질관리, 미주향 품질CS, 중화향 영업관리, 채용·조직문화, 전장부품 국내/외영업, 공정기술, 품질 OQC&FA, ","경력, 코드5",수시채용,,,2026-04-04,https://jasoseol.com/recruit/103367,,2026-09-07 18:29:24
자소설닷컴,에이피알,[상품기획] 화장품/뷰티 디바이스 상품기획 채용연계형 인턴사원 모집,화장품/뷰티 디바이스 상품기획,인턴,상시채용,,,2026-05-08,https://jasoseol.com/recruit/103368,,2026-09-07 18:29:25
자소설닷컴,바이엘코리아,Customs Clearance Specialist (1+1년 계약직),Customs Clearance Specialist,계약직,수시채용,,,2026-04-14,https://jasoseol.com/recruit/103370,,2026-09-07 18:29:26
자소설닷컴,현대종합금속,신입/경력사원 모집,"본사 용접기사업부, 일본법인 용접봉 영업사원",코드5,수시채용,,,2026-04-12,https://jasoseol.com/recruit/103371,,2026-09-07 18:29:26
자소설닷컴,한국투자증권,FY2026 영업점 체험형 인턴 공채 (5월),영업점 업무 지원,인턴,수시채용,,,2026-04-13,https://jasoseol.com/recruit/103369,,2026-09-07 18:29:26
자소설닷컴,중앙대학교병원,(서울병원) 건진센터(일반검진) 간호사(파트타임) 모집 (2026.03-2),건진센터(일반검진)-간호사,계약직,수시채용,,,2026-04-06,https://jasoseol.com/recruit/103366,,2026-09-07 18:29:26
자소설닷컴,중앙대학교병원,(서울병원) 부대사업팀 조리원(계약직) 모집 (2026.03-3),부대사업팀-조리원,계약직,수시채용,,,2026-04-06,https://jasoseol.com/recruit/103372,,2026-09-07 18:29:26
자소설닷컴,동서석유화학,경력사원 채용,안전팀(PSM안전관리 등),경력,수시채용,,,2026-04-05,https://jasoseol.com/recruit/103373,,2026-09-07 18:29:27
자소설닷컴,농협(농축협),2026년도 상반기 신규직원 채용,"경기지역 농·축협_일반관리직, 경기지역 농·축협_일반관리직(농약판매), 경기지역 농·축협_전문직(기술관리직), 강원지역 농·축협_일반관리직, 강원지역 농·축협_일반관리직(영농지도), 충북지역 농·축협_일반관리직, 충",신입,수시채용,,,2026-04-07,https://jasoseol.com/recruit/103374,,2026-09-07 18:29:27
자소설닷컴,GC셀,검체 관리 서비스 매니저 채용 (성북),서비스 매니저,계약직,상시채용,,,2026-05-08,https://jasoseol.com/recruit/103375,,2026-09-07 18:29:28
자소설닷컴,페이히어,[핀테크 스타트업] 인바운드 세일즈 스페셜리스트 인턴 채용,인바운드 세일즈 스페셜리스트,인턴,상시채용,,,2026-04-06,https://jasoseol.com/recruit/103376,,2026-09-07 18:29:28
자소설닷컴,페이히어,[핀테크 스타트업] 프로덕트 세일즈 스페셜리스트 인턴 채용,세일즈 스페셜리스트,인턴,상시채용,,,2026-04-06,https://jasoseol.com/recruit/103377,,2026-09-07 18:29:29
자소설닷컴,에코마케팅,글로벌(일본)콘텐츠 마케터 신입/경력 채용(일본인 우대),콘텐츠 마케터(일본),코드5,수시채용,,,2026-04-12,https://jasoseol.com/recruit/103379,,2026-09-07 18:29:29
자소설닷컴,한국중부발전(KOMIPO),2026년도 2차 체험형 인턴 채용공고,"본사_일반 사무, 본사_일반 기술, 보령_일반 사무, 보령_일반 기술, 신보령_일반 사무, 신보령_일반 기술, 신서천_일반 사무, 신서천_일반 기술, 인천_일반 사무, 인천_일반 기술, 인천_사회형평 사무, 세종_일",인턴,수시채용,,,2026-04-15,https://jasoseol.com/recruit/103378,,2026-09-07 18:29:29
자소설닷컴,한국콘텐츠공제조합,직원 채용공고,사업운영본부 사업총괄팀(과장),경력,수시채용,,,2026-04-17,https://jasoseol.com/recruit/103381,,2026-09-07 18:29:30
자소설닷컴,경향신문,2026년 경영직 채용연계형 인턴 채용,"인사, 기획·예산, 재경, 총무, 영업관리",인턴,수시채용,,,2026-04-19,https://jasoseol.com/recruit/103383,,2026-09-07 18:29:31
자소설닷컴,한국지방재정공제회(LOFA),2026년도 직원 채용 공고,"일반직(일반행정), 일반직(광역센터), 연구직(연구지원)",신입,수시채용,,,2026-04-15,https://jasoseol.com/recruit/103380,,2026-09-07 18:29:31
자소설닷컴,오픈놀,26년 서울형 청년인턴 직무캠프 참여자 모집,영업광고마케팅,교육,수시채용,,,2026-04-07,https://jasoseol.com/recruit/103384,,2026-09-07 18:29:32
자소설닷컴,유한킴벌리,2026년 신입 및 경력사원 채용,"SCM 혁신부문 Logistics Planner, 고객사업부문 영업, 서초연구소 Research Scientist (육아용품 제품개발), 고객사업부문 플랫폼 마케터, 지속가능 경영센터 PR Specialist (언론","경력, 계약직, 코드5",수시채용,,,2026-05-06,https://jasoseol.com/recruit/103382,,2026-09-07 18:29:33
자소설닷컴,대구도시개발공사(DUDC),2026년도 신입사원 채용공고,"업무직_일반 행정_공개경쟁, 업무직_일반 행정-제한경쟁, 업무직_기록물관리, 기술직_토목, 기술직_건축, 기술직_기계, 기술직_조경",신입,수시채용,,,2026-04-20,https://jasoseol.com/recruit/103385,,2026-09-07 18:29:33
자소설닷컴,토스페이먼츠,Inbound Sales Assistant,Inbound Sales Assistant,계약직,상시채용,,,2026-05-26,https://jasoseol.com/recruit/103387,,2026-09-07 18:29:33
자소설닷컴,토스뱅크,금융거래정보 Assistant,금융거래정보,계약직,상시채용,,,2026-05-30,https://jasoseol.com/recruit/103386,,2026-09-07 18:29:35
자소설닷컴,아주대학교의료원,2026학년도 신입 일반직(사무) 정규직 공채,일반직 (사무),신입,수시채용,,,2026-04-14,https://jasoseol.com/recruit/103388,,2026-09-07 18:29:35
자소설닷컴,기상청,청년인턴 채용 공고,"인턴01_행정, 인턴02_기상, 인턴03_기상, 인턴04_기상, 인턴05_기상, 인턴06_기상, 인턴07_행정, 인턴08_행정, 인턴09_기상, 인턴10_행정, 인턴11_전산, 인턴12_기상, 인턴13_기상, 인턴1","신입, 인턴",수시채용,,,2026-04-13,https://jasoseol.com/recruit/103391,,2026-09-07 18:29:36
자소설닷컴,바이엘크롭사이언스,"Change Management Support (인턴, 1년 직계약)",Change Management Support,인턴,수시채용,,,2026-04-15,https://jasoseol.com/recruit/103389,,2026-09-07 18:29:36
자소설닷컴,린데코리아,제조운영부문 레어가스생산팀  Specialty Gas Process Engineer (특수가스 공정 엔지니어) 정규직 채용,제조운영부문 현곡 레어가스생산팀  Specialty Gas Process Engineer,경력,수시채용,,,2026-04-14,https://jasoseol.com/recruit/103392,,2026-09-07 18:29:36
자소설닷컴,바이엘크롭사이언스,"Commercial & Market Development Support (인턴, 1년 직계약)",Commercial & Market Development Support,인턴,수시채용,,,2026-04-15,https://jasoseol.com/recruit/103390,,2026-09-07 18:29:36
자소설닷컴,뉴발란스코리아,2026 신입 공개 채용,"Commercial-Business Data Coordinator, Commercial-Partner Management Coordinator, E-Commerce-Performance Coordinator, E-C",신입,수시채용,,,2026-05-03,https://jasoseol.com/recruit/103394,,2026-09-07 18:29:37
자소설닷컴,교원그룹,SAP 담당자 모집,"SAP(HR) 모듈 담당자, SAP(PP) 모듈 담당자",경력,수시채용,,,2026-04-09,https://jasoseol.com/recruit/103395,,2026-09-07 18:29:37
자소설닷컴,한국성장금융투자운용,2026년도 신입·경력직원 채용공고,"일반 (공통), 컴플라이언스, 감사","경력, 신입",수시채용,,,2026-04-15,https://jasoseol.com/recruit/103393,,2026-09-07 18:29:37
자소설닷컴,에코마케팅,재무팀 주니어·시니어 경력 채용,"주니어 경력, 시니어 경력",경력,상시채용,,,2026-04-12,https://jasoseol.com/recruit/103396,,2026-09-07 18:29:38
자소설닷컴,여수광양항만공사,2026년 상반기 청년인턴(체험형) 채용 공고,"청년인턴(사무 일반), 청년인턴(사무 고졸)",인턴,수시채용,,,2026-04-16,https://jasoseol.com/recruit/103397,,2026-09-07 18:29:38
자소설닷컴,E1,Global Operation팀 사무보조 채용,선물 거래 입력/운영 (Paper Operation),계약직,수시채용,,,2026-04-12,https://jasoseol.com/recruit/103398,,2026-09-07 18:29:39
자소설닷컴,한국투자증권,FY2026 국내대/해외대 채용연계형 인턴 공채,"[GEM] PB, [GEM] IB, [GEM PF, [GEM] 운용, [GEM] WholeSale_국내법인대상, [GEM] WholeSale_해외법인대상, [GEM] 퇴직연금, [GEM] 리서치, [GEM] 경영관리",인턴,수시채용,,,2026-04-22,https://jasoseol.com/recruit/103399,,2026-09-07 18:29:39
자소설닷컴,비바리퍼블리카(토스),AML Operations Manager (Global),AML Operations Manager (Global),경력,상시채용,,,2026-04-19,https://jasoseol.com/recruit/103401,,2026-09-07 18:29:40
자소설닷컴,국민건강보험공단(h·well),2026년도 제1차 전문인력 채용,"변호사, AI(시스템구축), AI(모델개발)_3급, AI(모델개발)_4급, 보건 빅데이터, 통합돌봄 정책연구, 약사, 수사관, 요양급여비용 조사분석, 현지조사 수사관_3급, 현지조사 수사관_4급","경력, 계약직",수시채용,,,2026-04-15,https://jasoseol.com/recruit/103400,,2026-09-07 18:29:40
자소설닷컴,중앙대학교병원,(광명병원) 간호본부 외래간호팀 간호사 (계약직) 모집 (2026.04),간호사-간호본부(외래간호팀),계약직,수시채용,,,2026-04-07,https://jasoseol.com/recruit/103403,,2026-09-07 18:29:40
자소설닷컴,전남개발공사,2026년 상반기 정규직 채용 공고,"기술직(건축), 기술직(토목), 기술직(전기), 기술직(도시계획), 기술직(재난안전), 행정직(경영), 행정직(법률), 행정직(회계), 행정직(장애인)",신입,수시채용,,,2026-04-24,https://jasoseol.com/recruit/103402,,2026-09-07 18:29:41
자소설닷컴,중앙대학교병원,(광명병원) 간호본부 신경외과 SA (계약직) 모집 (2026.04),간호사-간호본부(진료지원간호팀)-신경외과 SA,계약직,수시채용,,,2026-04-07,https://jasoseol.com/recruit/103404,,2026-09-07 18:29:41
자소설닷컴,중앙대학교병원,(서울병원) 간호본부(외래간호팀) 간호사(계약직) 모집 (2026.04),간호본부(외래간호팀)-간호사,계약직,수시채용,,,2026-04-07,https://jasoseol.com/recruit/103405,,2026-09-07 18:29:41
자소설닷컴,SK쉴더스,대기업 주도의 클라우드 기반 스마트 융합보안 채용연계형 교육과정,클라우드기반 스마트융합보안과정 [32기],교육,수시채용,,,2026-04-12,https://jasoseol.com/recruit/103406,,2026-09-07 18:29:42
자소설닷컴,비바리퍼블리카(토스),AML Operations Specialist,AML Operations Specialist,계약직,수시채용,,,2026-05-18,https://jasoseol.com/recruit/103407,,2026-09-07 18:29:42
자소설닷컴,앱솔브랩,[셀리맥스] SCM (구매) 인턴 채용,SCM (구매),인턴,상시채용,,,2026-04-20,https://jasoseol.com/recruit/103408,,2026-09-07 18:29:43
자소설닷컴,자동차손해배상진흥원,2026년 정규직(신입·경력) 채용공고,"일반(정규직) - 사원(6급), 정보보안(정규직) - 사원(6급), 일반(정규직) - 책임(3급), 일반(정규직) - 선임(4급), 일반(정규직) - 주임(5급), 전산(정규직) - 주임(5급)","경력, 신입",수시채용,,,2026-04-23,https://jasoseol.com/recruit/103409,,2026-09-07 18:29:43
자소설닷컴,자동차손해배상진흥원,2026년 전문직(무기·유기 계약직) 채용공고 ,"사내 변호사 , 심사 행정 관리 , 심사 행정 사무, 전산 개발 , 민원 , 보상 , 의료전문심사 ",경력,수시채용,,,2026-04-21,https://jasoseol.com/recruit/103410,,2026-09-07 18:29:43
자소설닷컴,LX MMA,2026년 상반기 경력사원 수시채용 (영업),해외영업,경력,수시채용,,,2026-04-12,https://jasoseol.com/recruit/103411,,2026-09-07 18:29:44
자소설닷컴,에이피알,[재무] 자금관리 담당 채용연계형 인턴사원 모집,[재무] 자금관리 담당 채용연계형 인턴사원 모집,인턴,상시채용,,,2026-04-23,https://jasoseol.com/recruit/103412,,2026-09-07 18:29:44
자소설닷컴,아이디스,2026년 2분기 집중 채용 (신입/경력),"SW개발, HW개발, 선행개발, 기구개발, 국내사업-기술지원, 해외사업-해외경영기획(육휴대체), 해외사업-해외영업지원(단기계약), 해외사업-해외마케팅, 생산-자재관리, 생산-자재관리(고령자), 생산-공정기술(설비유지","경력, 계약직, 신입, 코드5",수시채용,,,2026-04-13,https://jasoseol.com/recruit/103414,,2026-09-07 18:29:45
자소설닷컴,한성기업,부문별 신입 및 경력직 공개채용,"[한성기업㈜]상품기획, [한성기업㈜]특판영업, [한성기업㈜]유통영업, [한성기업㈜]대리점영업(서울), [한성기업㈜]대리점영업(김해), [한성기업㈜]관리팀(김해), [한성기업㈜]생산팀(김해), [한성식품㈜]관리팀, [","경력, 신입",수시채용,,,2026-04-12,https://jasoseol.com/recruit/103413,,2026-09-07 18:29:45
자소설닷컴,세스코,전문영업 서비스디자이너(전국),전문영업 서비스디자이너 (전국),신입,상시채용,,,2026-05-31,https://jasoseol.com/recruit/103415,,2026-09-07 18:29:45
자소설닷컴,우체국시설관리단(POMA),신규직원(전임직-전산직) 채용 공고,전임직-전산직(경력),계약직,수시채용,,,2026-04-10,https://jasoseol.com/recruit/103416,,2026-09-07 18:29:46
자소설닷컴,이노션,CX 멤버십 프로젝트 연간 운영 (계약직),CX 멤버십 프로젝트 연간 운영 (계약직),계약직,수시채용,,,2026-04-15,https://jasoseol.com/recruit/103417,,2026-09-07 18:29:46
자소설닷컴,매그나칩반도체,Application Engineer (신입),Application Engineer,신입,수시채용,,,2026-04-13,https://jasoseol.com/recruit/103418,,2026-09-07 18:29:46
자소설닷컴,HS화성,2026년 신입·경력사원 공개채용,"건축 , 안전, 관리, 건축 시공 , 건축 영업, 건축 견적 , 설비 , 전기, CS (품질관리) , 도시정비 , 전략경영 - 전략 , 전략경영 - 인사 ","경력, 신입",수시채용,,,2026-04-12,https://jasoseol.com/recruit/103420,,2026-09-07 18:29:47
자소설닷컴,신원,수출부문 KNIT 해외영업(담당 바이어 미정) 신입/경력 채용,해외영업,코드5,수시채용,,,2026-04-09,https://jasoseol.com/recruit/103419,,2026-09-07 18:29:48
자소설닷컴,숙명여자대학교,"직원 모집-일반행정, 입학사정관, IT 정보통신, 국제입학(팀장급)","일반행정, 입학사정관, IT 정보통신, 국제입학","경력, 코드5",수시채용,,,2026-04-14,https://jasoseol.com/recruit/103421,,2026-09-07 18:29:48
자소설닷컴,원익큐엔씨,KDT Al•Big Data 전문가 양성과정 모집 (채용 연계),AX,교육,수시채용,,,2026-05-03,https://jasoseol.com/recruit/103422,,2026-09-07 18:29:48
자소설닷컴,유안타증권,법무팀 경력직원 채용,사내변호사,계약직,수시채용,,,2026-04-14,https://jasoseol.com/recruit/103424,,2026-09-07 18:29:49
자소설닷컴,유안타증권,신탁솔루션팀 경력직원 채용,"SPC구조화, 종합재산신탁(변호사)",계약직,수시채용,,,2026-04-14,https://jasoseol.com/recruit/103425,,2026-09-07 18:29:49
자소설닷컴,그랜드코리아레저,2026년 1차 청년인턴 모집공고,"통합중국/국제마케팅팀, 매스/멤버십 마케팅팀, 공항서비스팀, 테이블게임팀(강남.강북사업본부), 전자게임운영팀(강남.강북사업본부), 카지노회계팀(강남.강북사업본부), CS팀(강남.강북사업본부), 테이블게임팀(부산사업본",인턴,수시채용,,,2026-04-17,https://jasoseol.com/recruit/103423,,2026-09-07 18:29:50
자소설닷컴,새마을금고,2026년 상반기 신입직원 공개채용,"일반직 6급 (서울), 일반직 6급 (부산), 일반직 6급 (대구), 일반직 6급 (인천), 일반직 6급 (광주전남), 일반직 6급 (대전세종충남), 일반직 6급 (울산경남), 일반직 6급 (경기), 일반직 6급 (",신입,수시채용,,,2026-04-08,https://jasoseol.com/recruit/103426,,2026-09-07 18:29:50
자소설닷컴,성균관대학교,교직원(정규직) 경력채용 공고,"의학실습지원, 안전관리, 동물실험기술지원, 정보보호, 기계설비",경력,수시채용,,,2026-04-13,https://jasoseol.com/recruit/103427,,2026-09-07 18:29:50
자소설닷컴,오오비컴퍼니,마케팅(AE) 신입 채용,마케팅(AE),신입,수시채용,,,2026-04-13,https://jasoseol.com/recruit/103428,,2026-09-07 18:29:50
자소설닷컴,코카콜라음료,재경 직무 신입 채용,재경,신입,수시채용,,,2026-04-13,https://jasoseol.com/recruit/103429,,2026-09-07 18:29:51
자소설닷컴,LIG D&A,The SSEN 임베디드SW 스쿨 4기,임베디드SW 스쿨 4기,교육,수시채용,,,2026-04-20,https://jasoseol.com/recruit/103430,,2026-09-07 18:29:51
자소설닷컴,삼립,"부문별 경력직/계약직 모집(인사, 교육, PR, 해외영업, SCM 총무)","인사팀장, 교육담당, BX팀 PR담당, 해외영업, SCM, 해외영업 지원, 총무","경력, 계약직",수시채용,,,2026-04-13,https://jasoseol.com/recruit/103431,,2026-09-07 18:29:52
자소설닷컴,토스페이먼츠,2026 Sales Specialist 대규모 채용 ,"영업,PG영업",계약직,상시채용,,,2026-04-22,https://jasoseol.com/recruit/103432,,2026-09-07 18:29:52
자소설닷컴,현대모비스,"[로보틱스사업실] 26년 4월 연구직 신입채용 (Robotics Business Group, entry-res.)",HW-기구_Electric Parts-로보틱스 전장기구,신입,수시채용,,,2026-04-13,https://jasoseol.com/recruit/103433,,2026-09-07 18:29:53
자소설닷컴,현대모비스,[로보틱스사업실] 26년 4월 관리직 신입채용 (로보틱스 생산기술),생산_Production-생산기술_Production Engineering-로보틱스_Robotics,신입,수시채용,,,2026-04-13,https://jasoseol.com/recruit/103434,,2026-09-07 18:29:53
자소설닷컴,동원그룹,2026년 GO:FIELD 신입사원 채용,"[동원F&B] 식품유통영업, [동원시스템즈] 2차전지기술영업, [동원홈푸드] 식자재유통영업, [동원홈푸드] 급식수주영업, [동원건설산업] 건축수주영업, [동원건설산업] 토목수주영업, [동원F&B] 생산기술, [동원시",신입,수시채용,,,2026-04-20,https://jasoseol.com/recruit/103435,,2026-09-07 18:29:53
자소설닷컴,미원상사 및 관계사,2분기 각 부문 채용,"[미원상사 반월연구소] 연구개발 , [미원스페셜티케미칼 전주공장] 연구개발 , [미원화학 탄천공장] 연구개발, [미원상사 반월연구소] 병역특례(전문연구요원) - 연구개발, [미원화학 울산공장] 생산기술, [미원상사 ","경력, 신입, 코드5",수시채용,,,2026-04-12,https://jasoseol.com/recruit/103436,,2026-09-07 18:29:54
자소설닷컴,더파이러츠,"[인어교주해적단] 플랫폼사업팀 신입 팀원 모집 (운영파트,제휴파트)","플랫폼사업팀 운영파트, 플랫폼사업팀 제휴파트",신입,상시채용,,,2026-04-15,https://jasoseol.com/recruit/103438,,2026-09-07 18:29:54
자소설닷컴,한국수산회,직원 채용 공고,"정규직(신입) 6급, 정규직(경력) 4급","경력, 신입",수시채용,,,2026-04-08,https://jasoseol.com/recruit/103437,,2026-09-07 18:29:55
자소설닷컴,프랙티컬스트래티지,정규직 마케팅AE / 콘텐츠 디자이너 채용,"마케팅AE, 콘텐츠 디자이너","신입, 코드5",수시채용,,,2026-04-15,https://jasoseol.com/recruit/103439,,2026-09-07 18:29:55
자소설닷컴,우아한형제들,배달의민족 영업직군 채용,"배민 신규 입점 영업(서울/수도권/부산/충청), 배민 파트너(사장님) 영업관리(서울/경기/부산/충청(대전)), 배민 영업지원(경기/충청(대전)), B2C 직영영업관리(충청(대전))","경력, 계약직",상시채용,,,2026-06-01,https://jasoseol.com/recruit/103440,,2026-09-07 18:29:55
자소설닷컴,한림제약,2026 공개채용,"영업부, 미생물팀(관리자), 미생물팀(학사), 미생물팀(전문학사), 제품팀/원자재팀, 품질보증부, 생산관리부, 공정관리팀, 설비환경팀, 생산부(포장팀), 생산부(제조팀), 마케팅부, 홍보부, 경영정보팀, 해외영업팀,","경력, 계약직, 신입, 코드5",수시채용,,,2026-04-19,https://jasoseol.com/recruit/103442,,2026-09-07 18:29:56
자소설닷컴,중앙대학교병원,(광명병원) 병리과 임상병리사 (계약직) 모집 (2026.04),임상병리사-병리과,계약직,수시채용,,,2026-04-08,https://jasoseol.com/recruit/103444,,2026-09-07 18:29:57
자소설닷컴,에코마케팅,마케팅 사무보조 계약직,마케팅 사무보조,계약직,상시채용,,,2026-05-08,https://jasoseol.com/recruit/103445,,2026-09-07 18:29:57
자소설닷컴,행복나래,각 부문별 신입/경력사원 채용,"반도체구매, 액셀러레이팅, 통신구매, 통합구매","경력, 신입",수시채용,,,2026-04-13,https://jasoseol.com/recruit/103441,,2026-09-07 18:29:58
자소설닷컴,한화생명금융서비스,2026년 신입사원 채용,영업마케팅,신입,수시채용,,,2026-04-20,https://jasoseol.com/recruit/103447,,2026-09-07 18:29:58
자소설닷컴,LS MnM,신입/경력사원 수시채용,"생산엔지니어, 설비엔지니어 (기계), 사업전략","경력, 신입",수시채용,,,2026-04-15,https://jasoseol.com/recruit/103448,,2026-09-07 18:29:58
자소설닷컴,유안타증권,인사팀 신입 업무직원 채용,인사팀,계약직,수시채용,,,2026-04-13,https://jasoseol.com/recruit/103446,,2026-09-07 18:29:58
자소설닷컴,전북특별자치도청,2026년 상반기 산하 공공기관 직원 통합채용 필기시험 공고,"전북개발공사_행정(일반행정), 전북개발공사_행정(회계), 전북개발공사_기술(토목), 전북개발공사_기술(건축), 전북테크노파크_연구직1_4급(선임연구원), 전북테크노파크_일반직1_4급(과장), 전북테크노파크_연구직2_","경력, 신입",수시채용,,,2026-04-24,https://jasoseol.com/recruit/103450,,2026-09-07 18:29:59
자소설닷컴,한동대학교,글로컬대학사업단 연구원 및 계약직원 채용,"학사지도관 (교육혁신분야), HI 교육 및 교수대학 운영 (교육혁신분야), HOPE 시스템 개발 및 운영 (글로벌혁신분야), 지역캠퍼스, 소셜벤처, 지역혁신학기 운영 (지역혁신분야), 맞춤형 교원평가 지원 업무 (교",계약직,수시채용,,,2026-04-12,https://jasoseol.com/recruit/103449,,2026-09-07 18:29:59
자소설닷컴,인천교통공사(ICTR),2026년 제1회 공무직 (버스운전원 등) 채용,"(공무직) 환경관리 미화(B)형, (공무직) 환경관리 경비, (공무직) 버스운영 운전.노선, (공무직) 버스운영 CNG충전, (공무직) 교통복지 상담, (공무직_장애제한) 환경관리 미화(B)형, (공무직_장애제한) ","계약직, 신입",수시채용,,,2026-04-24,https://jasoseol.com/recruit/103451,,2026-09-07 18:29:59
자소설닷컴,하나증권,랩운용실 경력직 채용,"랩운용실-채권랩, 랩운용실-국내주식랩, 랩운용실-해외주식랩",계약직,수시채용,,,2026-04-15,https://jasoseol.com/recruit/103452,,2026-09-07 18:30:00
자소설닷컴,엠비씨씨앤아이,콘텐츠기획센터 AIXR콘텐츠랩 사무국 인턴 PD 프로젝트 계약직 채용,기획PD,계약직,수시채용,,,2026-04-09,https://jasoseol.com/recruit/103454,,2026-09-07 18:30:01
자소설닷컴,HDC현대EP,2026년 상반기 신입/경력 채용,"(HDC현대EP) PO연구개발, (HDC현대EP) PS연구개발, (HDC현대EP)PO사업기획, (HDC현대EP) 인프라지원, (HDC현대EP) 재경, (HDC폴리올) 기계설비, (HDC폴리올) 생산관리","경력, 신입, 코드5",수시채용,,,2026-04-17,https://jasoseol.com/recruit/103455,,2026-09-07 18:30:01
자소설닷컴,SK쉴더스,지능형 애플리케이션 개발자 양성과정 with. 차세대 보안전문가 6기,지능형 애플리케이션 개발자 양성과정,교육,수시채용,,,2026-05-10,https://jasoseol.com/recruit/103453,,2026-09-07 18:30:02
자소설닷컴,제주은행,2026년 채용연계형 인턴십 및 경력직 인재 채용,"ICT , AI , ICT관리자급, 감정평가사, 변호사","경력, 인턴",수시채용,,,2026-04-15,https://jasoseol.com/recruit/103457,,2026-09-07 18:30:02
자소설닷컴,한국과학창의재단(KOSAC),2026년 제1차 직원(위촉직) 채용 공고,"위촉직/ 기간제_[1분야] 과학문화 및 과학영재 성과확산 사업, 위촉직/ 기간제_[2분야] 재단 사업 전 분야, 위촉직/ 기간제_[3분야] 학교교육 지원 사업, 위촉직/ 기간제_정보시스템 운영 지원",계약직,수시채용,,,2026-04-08,https://jasoseol.com/recruit/103459,,2026-09-07 18:30:03
자소설닷컴,한국문학번역원,"2026년도 제3차 NCS기반 공개채용(정규직 3명, 기간제 근로자 5명) 공고문","일반행정A, 정보기술, 문화예술 행정A, 일반행정B, 문화예술 행정B, 문화예술 행정C, 문화예술 행정D, 문화예술 행정E(휴직대체)","계약직, 신입",수시채용,,,2026-04-20,https://jasoseol.com/recruit/103458,,2026-09-07 18:30:03
자소설닷컴,한미약품,2026 상반기 공개채용 - 한미사이언스/한미약품,"[한미약품] 제약영업, [한미약품] RMP&OS, [한미약품] Medical Writer, [한미약품] 개발전략, [한미약품] Drug Safety & PV, [한미약품] 사업개발 (신제품 도입/운영), [한미약품 ","경력, 신입, 코드5",수시채용,,,2026-04-26,https://jasoseol.com/recruit/103456,,2026-09-07 18:30:03
자소설닷컴,마이다스그룹,B2B 마케팅 담당자 채용,영업 및 마케팅-B2B 마케팅-판교본사,경력,수시채용,,,2026-04-12,https://jasoseol.com/recruit/103460,,2026-09-07 18:30:03
자소설닷컴,현대모비스,"[로보틱스사업실] 26년 4월 연구직 경력 채용 (Robotics Business Group, Senior-res.)",로보틱스 평가,경력,수시채용,,,2026-04-13,https://jasoseol.com/recruit/103461,,2026-09-07 18:30:04
자소설닷컴,현대모비스,[로보틱스사업실] 26년 4월 관리직 경력채용,로보틱스 PM,경력,수시채용,,,2026-04-13,https://jasoseol.com/recruit/103462,,2026-09-07 18:30:04
자소설닷컴,현대모비스,"[로보틱스사업실] 26년 4월 연구직 경력 채용 (Robotics Business Group, Senior-res.)",로보틱스 기구/시스템설계,경력,수시채용,,,2026-04-13,https://jasoseol.com/recruit/103464,,2026-09-07 18:30:05
자소설닷컴,현대모비스,[로보틱스사업실] 26년 4월 연구직 경력 채용 ,로보틱스 모터설계,경력,수시채용,,,2026-04-13,https://jasoseol.com/recruit/103465,,2026-09-07 18:30:05
자소설닷컴,현대모비스,[로보틱스사업실] 26년 4월 연구직 경력 채용 ,로보틱스 센서설계,경력,수시채용,,,2026-04-13,https://jasoseol.com/recruit/103467,,2026-09-07 18:30:06
자소설닷컴,현대모비스,"[로보틱스사업실] 26년 4월 연구직 경력 채용 (Robotics Business Group, Senior-res.)",로보틱스 회로설계,경력,수시채용,,,2026-04-13,https://jasoseol.com/recruit/103466,,2026-09-07 18:30:06
자소설닷컴,현대모비스,"[로보틱스사업실] 26년 4월 연구직 경력 채용 (Robotics Business Group, Senior-res.)",로봇 시스템 시작개발,경력,수시채용,,,2026-04-13,https://jasoseol.com/recruit/103463,,2026-09-07 18:30:06
자소설닷컴,대학내일ES,마케팅/영상PD/Staff(HRM/재무회계) 신입/경력/인턴,"[대학내일] 영상PD_마케팅커뮤니케이션9팀_인턴(전환형), [대학내일] 마케팅(AE)_마케팅커뮤니케이션9팀_인턴(전환형), [대학내일] 마케팅(AE)_익스피리언스플래닝6팀_경력(계약직), [대학내일] STAFF(재무","경력, 계약직, 신입, 인턴",수시채용,,,2026-04-13,https://jasoseol.com/recruit/103469,,2026-09-07 18:30:07
자소설닷컴,iMBC,"2026년 직원 채용(iOS 앱개발, SNS 운영)","iOS 앱 개발, SNS 운영","경력, 신입",수시채용,,,2026-04-17,https://jasoseol.com/recruit/103468,,2026-09-07 18:30:07
자소설닷컴,한국투자증권,금융·경제 학회/동아리 등록제 시행 안내,금융·경제 학회/동아리 등록제,교육,수시채용,,,2026-04-17,https://jasoseol.com/recruit/103470,,2026-09-07 18:30:08
자소설닷컴,하나증권,투자심사1실 경력직 채용,투자심사1실,계약직,수시채용,,,2026-04-19,https://jasoseol.com/recruit/103471,,2026-09-07 18:30:08
자소설닷컴,한국전시산업진흥회,2026년 상반기 일반직(신입) 채용 공고,"일반직(6직급, 사원)",신입,수시채용,,,2026-04-15,https://jasoseol.com/recruit/103472,,2026-09-07 18:30:08
자소설닷컴,한국국제문화교류진흥원,2026년 제2차 직원 채용,"[경영기획] 경영기획, [경영기획] 전산·정보화 사업 기획·운영, [경영기획] 경영 기획 (휴직대체), [사업 기획·운영] 국제문화교류 사업 기획·운영 A , [사업 기획·운영] 국제문화교류 사업 기획·운영 B, [","계약직, 코드5",수시채용,,,2026-04-21,https://jasoseol.com/recruit/103475,,2026-09-07 18:30:10
자소설닷컴,어니스트리,그로스 마케팅,그로스 마케팅,경력,수시채용,,,2026-04-12,https://jasoseol.com/recruit/103473,,2026-09-07 18:30:10
자소설닷컴,한양증권,디지털사업부 직원 채용 (경력무관),디지털 마케팅 기획/운영,코드5,수시채용,,,2026-04-14,https://jasoseol.com/recruit/103476,,2026-09-07 18:30:10
자소설닷컴,마이다스그룹,기계 SW 구조해석 기술지원 담당자 채용,기술영업/지원 분야-SW 기술영업-남부지사(부산),경력,수시채용,,,2026-04-12,https://jasoseol.com/recruit/103474,,2026-09-07 18:30:10
자소설닷컴,채널A,2026 경력사원(계약직)모집,프로그램 수급 및 편성 제작 지원,계약직,수시채용,,,2026-04-13,https://jasoseol.com/recruit/103477,,2026-09-07 18:30:10
자소설닷컴,카페스,2026년 상반기 밸브팀 엔지니어 신규채용,밸브팀 엔지니어,"경력, 신입",수시채용,,,2026-04-19,https://jasoseol.com/recruit/103478,,2026-09-07 18:30:11
자소설닷컴,경남개발공사,인사총무부,기록물전문요원,경력,수시채용,,,2026-04-15,https://jasoseol.com/recruit/103479,,2026-09-07 18:30:11
자소설닷컴,애경케미칼,각 부문 신입 및 경력 채용,"구매, 해외영업 (가소제), 설비관리 엔지니어, 생산 엔지니어, 법무/컴플라이언스, 국내/해외영업 (윤활기유), 해외영업 (생활화학)","경력, 신입",수시채용,,,2026-04-16,https://jasoseol.com/recruit/103481,,2026-09-07 18:30:12
자소설닷컴,이노션,데이터 엔지니어 (Google Analytics),데이터 엔지니어 (Google Analytics),계약직,수시채용,,,2026-04-26,https://jasoseol.com/recruit/103482,,2026-09-07 18:30:12
자소설닷컴,이노션,자동차 체험 마케팅 기획 및 운영,자동차 체험 마케팅 기획 및 운영,계약직,수시채용,,,2026-04-19,https://jasoseol.com/recruit/103483,,2026-09-07 18:30:12
자소설닷컴,토스플레이스,OB Sales Supporter,OB Sales Supporter,계약직,상시채용,,,2026-04-29,https://jasoseol.com/recruit/103484,,2026-09-07 18:30:13
자소설닷컴,동진쎄미켐,각 부문 인재 채용,"디스플레이 공정 소재 개발_OLED 유기 재료 합성 및 재료 분석, 디스플레이 공정 소재 개발_디스플레이용 감광성 수지 개발 및 연구, 반도체 공정 소재 개발_반도체 공정용 전구체(Precursor) 개발, 반도체 ","경력, 신입, 코드5",수시채용,,,2026-04-16,https://jasoseol.com/recruit/103485,,2026-09-07 18:30:13
자소설닷컴,현대모비스,"[로보틱스사업실] 26년 4월 연구직 신입채용 (Robotics Business Group, entry-res.)",HW-기구_Electric Parts-로보틱스 모터 설계,신입,수시채용,,,2026-04-13,https://jasoseol.com/recruit/103486,,2026-09-07 18:30:13
자소설닷컴,씨엔씨티에너지(충남도시가스),2026년 재무전략팀 전환인턴 채용,재무전략,코드6,수시채용,,,2026-04-19,https://jasoseol.com/recruit/103488,,2026-09-07 18:30:14
자소설닷컴,에코마케팅,"개발자 공개 채용(백엔드, 프론트엔드)","백엔드 개발자, 프론트엔드 개발자","신입, 코드5",수시채용,,,2026-04-19,https://jasoseol.com/recruit/103489,,2026-09-07 18:30:15
자소설닷컴,중앙대학교병원,(광명병원) 병리과 보건의료정보관리사(사무직) (계약직) 모집 (2026.04),사무-병리과,계약직,수시채용,,,2026-04-12,https://jasoseol.com/recruit/103490,,2026-09-07 18:30:15
자소설닷컴,아키타입컴퍼니(BAT),[인턴] Growth Business Developer (정규직 전환형),Growth Business Developer,인턴,수시채용,,,2026-04-12,https://jasoseol.com/recruit/103491,,2026-09-07 18:30:15
자소설닷컴,페이히어,[핀테크 스타트업] 영업 관리 어시스턴트 인턴 채용,영업 관리 어시스턴트,인턴,상시채용,,,2026-05-11,https://jasoseol.com/recruit/103492,,2026-09-07 18:30:16
자소설닷컴,페이히어,[핀테크 스타트업] 인바운드 세일즈 스페셜리스트 인턴 채용,인바운드 세일즈 스페셜리스트,인턴,상시채용,,,2026-04-13,https://jasoseol.com/recruit/103493,,2026-09-07 18:30:16
자소설닷컴,페이히어,[핀테크 스타트업] 프로덕트 세일즈 스페셜리스트 인턴 채용,세일즈 스페셜리스트,인턴,상시채용,,,2026-04-13,https://jasoseol.com/recruit/103494,,2026-09-07 18:30:17
자소설닷컴,토스페이먼츠,Product Design Assistant,디자이너,계약직,상시채용,,,2026-04-28,https://jasoseol.com/recruit/103496,,2026-09-07 18:30:17
자소설닷컴,마이다스그룹,Risk Management 담당자(사내 변호사) 채용,경영분야-사내변호사,코드5,수시채용,,,2026-04-19,https://jasoseol.com/recruit/103495,,2026-09-07 18:30:18
자소설닷컴,어니스트리,영상 PD,영상 PD,계약직,수시채용,,,2026-04-14,https://jasoseol.com/recruit/103498,,2026-09-07 18:30:18
자소설닷컴,어니스트리,브랜드 컨텐츠 디자이너,브랜드 컨텐츠 디자이너,코드5,수시채용,,,2026-04-12,https://jasoseol.com/recruit/103497,,2026-09-07 18:30:18
자소설닷컴,한국AX산업협회,2026년도 서울시 매력일자리 사업 AI agent 기반 실무형 개발자 양성과정 참여자 모집,AI agent 기반 실무형 개발자 양성과정,교육,수시채용,,,2026-04-20,https://jasoseol.com/recruit/103500,,2026-09-07 18:30:18
자소설닷컴,디케이씨,DKC 국내영업팀 신입·경력 채용,국내영업(CS팀),계약직,수시채용,,,2026-04-15,https://jasoseol.com/recruit/103501,,2026-09-07 18:30:19
자소설닷컴,피에스케이,4월 직무별 수시모집,"품질관리, 시스템관리, IT infra Management, 기술영업/마케팅, 공정개발, 기구설계, 전장설계, 요소기술개발, SW, 전략개발구매, PEE, 시설관리","경력, 인턴",수시채용,,,2026-04-13,https://jasoseol.com/recruit/103502,,2026-09-07 18:30:19
자소설닷컴,솔루스첨단소재,2026년 상반기 신입/경력 채용,"유럽영업, 회계/세무, 전략기획팀","경력, 코드5",수시채용,,,2026-05-06,https://jasoseol.com/recruit/103503,,2026-09-07 18:30:19
자소설닷컴,한국건강증진개발원,"2026년 직원(일반직,공무직), 청년인턴(체험형) 채용","[일반직 5급] 회계, [일반직 5급] 행정·경영, [일반직 5급] 건강증진사업일반, [공무직 나급] 전산·정보화, 청년인턴(체험형)","경력, 인턴, 코드5",수시채용,,,2026-04-20,https://jasoseol.com/recruit/103504,,2026-09-07 18:30:20
자소설닷컴,경신,2026년 상반기 계약직 채용,"연구-전자시험-KIB CLUSTER, 생산기술-양산생산기술-본사/연구소, 생산-물류지원-화성공장",계약직,수시채용,,,2026-04-12,https://jasoseol.com/recruit/103507,,2026-09-07 18:30:21
자소설닷컴,어니스트리,온라인 채널 AMD,온라인 채널 AMD,경력,수시채용,,,2026-04-19,https://jasoseol.com/recruit/103506,,2026-09-07 18:30:21
자소설닷컴,현대종합금속,신입/경력사원 모집,중앙연구소,코드5,수시채용,,,2026-04-22,https://jasoseol.com/recruit/103508,,2026-09-07 18:30:22
자소설닷컴,한국조사협회,2026년 서울시 민간기업 참여형 매력일자리 기업맞춤형 리서치양성과정 <추가모집>,리서처,교육,수시채용,,,2026-04-13,https://jasoseol.com/recruit/103509,,2026-09-07 18:30:22
자소설닷컴,산은캐피탈,2026년 상반기 신입 채용 공고,"공통 일반직(정규직), 이공계열 일반직(정규직)",신입,수시채용,,,2026-04-19,https://jasoseol.com/recruit/103510,,2026-09-07 18:30:22
자소설닷컴,LG생활건강,AX 신입 채용,AX (AI/ML Engineer),신입,수시채용,,,2026-04-14,https://jasoseol.com/recruit/103512,,2026-09-07 18:30:23
자소설닷컴,LF,"2026 글로벌 체험형 인턴(디자이너, 영업)","디자이너, 영업",인턴,수시채용,,,2026-04-22,https://jasoseol.com/recruit/103505,,2026-09-07 18:30:23
자소설닷컴,에이피알,[제조] 뷰티 디바이스 제조 운영 채용연계형 인턴사원 모집,뷰티디바이스 제조 운영 인턴,인턴,상시채용,,,2026-05-22,https://jasoseol.com/recruit/103511,,2026-09-07 18:30:23
자소설닷컴,중앙대학교병원,(서울병원) 부대사업팀 조리원(계약직) 모집 (2026.04),부대사업팀-조리원,계약직,수시채용,,,2026-04-13,https://jasoseol.com/recruit/103514,,2026-09-07 18:30:24
자소설닷컴,에코마케팅,기획하는 광고 디자이너(뷰티·패션) 신입/경력 채용,광고 디자이너,코드5,수시채용,,,2026-04-19,https://jasoseol.com/recruit/103515,,2026-09-07 18:30:24
자소설닷컴,중앙대학교병원,(서울병원) 시설팀(기관실) 기능사(계약직) 모집(2026.04),시설팀(기관실)-기능사,계약직,수시채용,,,2026-04-13,https://jasoseol.com/recruit/103516,,2026-09-07 18:30:25
자소설닷컴,중앙대학교병원,(서울병원) 노사협력팀 행정(경력/정규직) 모집 (2026.04),노사협력팀-행정,경력,수시채용,,,2026-04-14,https://jasoseol.com/recruit/103513,,2026-09-07 18:30:25
자소설닷컴,마이다스그룹,프론트엔드 개발자 채용(채용서비스),개발-프론트엔드 개발,코드5,수시채용,,,2026-04-19,https://jasoseol.com/recruit/103517,,2026-09-07 18:30:25
자소설닷컴,콜마그룹,2026 상반기 대졸 신입사원 공개채용,"[한국콜마] 화장품 제형연구, [한국콜마] 화장품 소재개발, [한국콜마] 국내RA, [한국콜마] 원자재 구매, [한국콜마] 재무, [한국콜마] 납기관리, [한국콜마] 생산계획, [한국콜마] 패키지 구매, [한국콜마]",신입,수시채용,,,2026-04-22,https://jasoseol.com/recruit/103518,,2026-09-07 18:30:26
자소설닷컴,홍천엠앤티,영업MD(올리브영_퍼스널 파트) 채용,영업MD,코드5,수시채용,,,2026-04-20,https://jasoseol.com/recruit/103519,,2026-09-07 18:30:26
자소설닷컴,한국언론진흥재단(KPF),2026년 1차 정규직 신입사원 채용 공고,"일반행정, 일반행정(장애), 일반행정(보훈), 일반행정(고졸), IT",신입,수시채용,,,2026-04-24,https://jasoseol.com/recruit/103520,,2026-09-07 18:30:26
자소설닷컴,유안타증권,FICC영업팀 경력직원 채용,FICC영업팀,계약직,수시채용,,,2026-04-22,https://jasoseol.com/recruit/103523,,2026-09-07 18:30:27
자소설닷컴,SK핀크스,구매파트 신입·경력 채용,구매,코드5,수시채용,,,2026-04-15,https://jasoseol.com/recruit/103521,,2026-09-07 18:30:28
자소설닷컴,부산정보산업진흥원,2026년 2차 계약직 채용 공고,"사업행정A, 사업행정B, 사업행정C(육휴대체-경력제한), 사업행정D(육휴대체), 사업행정E(학력제한), 사업행정F, 사업행정G(4급, 경력제한)",계약직,수시채용,,,2026-04-21,https://jasoseol.com/recruit/103525,,2026-09-07 18:30:28
자소설닷컴,KCC실리콘,Advanced Scientist 경력채용,Advanced Scientist,경력,수시채용,,,2026-04-19,https://jasoseol.com/recruit/103522,,2026-09-07 18:30:29
자소설닷컴,보령LNG터미널,2026 상반기 신입/경력 채용,"인사, IT보안/인프라","경력, 신입",수시채용,,,2026-04-19,https://jasoseol.com/recruit/103526,,2026-09-07 18:30:29
자소설닷컴,한국전자기술연구원,2026년 5월 전문계약직 연구행정(사업화본부) 채용공고,연구행정,계약직,수시채용,,,2026-04-13,https://jasoseol.com/recruit/103524,,2026-09-07 18:30:30
자소설닷컴,에코마케팅,퍼포먼스 마케터 신입사원 채용,퍼포먼스 마케터,코드5,수시채용,,,2026-04-19,https://jasoseol.com/recruit/103527,,2026-09-07 18:30:30
자소설닷컴,에코마케팅,콘텐츠 매니저 경력직 (3년 이상) 채용,콘텐츠 매니저,경력,수시채용,,,2026-04-19,https://jasoseol.com/recruit/103530,,2026-09-07 18:30:30
자소설닷컴,SGC이앤씨,2026년 상반기 신입사원 공개채용,"화공플랜트 공사관리, 공정설계, 기계설계, 배관설계, 전기설계, 계장설계, 토목/건축설계, 공조/소방설계, 안전기획, 건설사업관리, 분양마케팅, 구매 (Buying), 수출관리, 외주, 회계, 해외 영업",신입,수시채용,,,2026-04-26,https://jasoseol.com/recruit/103528,,2026-09-07 18:30:30
자소설닷컴,녹십자웰빙,품질관리(신입),QC,신입,수시채용,,,2026-04-19,https://jasoseol.com/recruit/103531,,2026-09-07 18:30:30
자소설닷컴,녹십자웰빙,기획/영업(경력),기획/영업,경력,수시채용,,,2026-04-09,https://jasoseol.com/recruit/103532,,2026-09-07 18:30:31
자소설닷컴,현대글로비스,2026년 상반기 채용연계형 인턴십,"재무회계, 투자기획, 비즈니스지원, PR & 커뮤니케이션, 항공물류, 해상물류, 자동차SCM, 자동차부품SCM, 노무 / ER, 해상 친환경, 항만터미널, KD사업, 비철금속트레이딩, 중고차B2B, IT Infra ",인턴,수시채용,,,2026-04-18,https://jasoseol.com/recruit/103534,,2026-09-07 18:30:32
자소설닷컴,서울투자진흥재단,일반직(경력)/기간제근로자 직원 채용 공고,"5급(책임), 비서","경력, 계약직",수시채용,,,2026-04-20,https://jasoseol.com/recruit/103535,,2026-09-07 18:30:32
자소설닷컴,KATRI시험연구원,2026년 상반기 경력직 채용공고,"전장부품 시험, 소재부품 시험, 전기전자 시험, 화장품 시험, 목재펠릿 및 고형연료 시험, 환경측정기기 정도검사, 미생물 시험, 화장품 마케팅, 생활화학제품 및 살생물제, 전장부품 마케팅, AI 연구기획, 백엔드 개",계약직,수시채용,,,2026-04-22,https://jasoseol.com/recruit/103533,,2026-09-07 18:30:33
자소설닷컴,메가스터디교육,인턴 채용 메력 3기,"교육기획, 콘텐츠기획 (유초중), 콘텐츠기획 (고등/대학), 출판기획, 서비스기획, 앱기획, 정보보안, 마케팅, HR",인턴,수시채용,,,2026-04-21,https://jasoseol.com/recruit/103537,,2026-09-07 18:30:33
자소설닷컴,한국공학대학교,정규직원(신입) 공개채용,일반직,신입,수시채용,,,2026-04-19,https://jasoseol.com/recruit/103539,,2026-09-07 18:30:34
자소설닷컴,과천도시공사,2026년  직원 채용 공고,"수영(체육7급_기간제), 종합상황실(업무직_사무기술), 운전(업무직_사무기술), 주차관리(업무직_현장환경), 토목(청년인턴), 건축(청년인턴), 자산관리(청년인턴), 일반행정(청년인턴), 일반행정(청년인턴·장애인)","계약직, 인턴, 코드5",수시채용,,,2026-04-19,https://jasoseol.com/recruit/103540,,2026-09-07 18:30:34
자소설닷컴,바이엘코리아,"MSL I Radiology (약 18개월 육아휴직 대체 계약직, 공고 연장)",MSL I Radiology,계약직,수시채용,,,2026-04-22,https://jasoseol.com/recruit/103538,,2026-09-07 18:30:34
자소설닷컴,녹십자웰빙,세미(종합)병원 영업,병의원 영업,코드5,수시채용,,,2026-04-26,https://jasoseol.com/recruit/103541,,2026-09-07 18:30:34
자소설닷컴,하나증권,해외영업추진실 경력직 채용,"해외영업추진실-외국인투자솔루션, 해외영업추진실-국내·해외파생",계약직,수시채용,,,2026-04-21,https://jasoseol.com/recruit/103536,,2026-09-07 18:30:34
자소설닷컴,중앙대학교병원,(서울병원) 약제팀 정규약사 모집 (2026.04),약제팀-약사-정규약사,코드5,수시채용,,,2026-04-15,https://jasoseol.com/recruit/103542,,2026-09-07 18:30:35
자소설닷컴,수협,26년도 상반기 전국 일괄공개채용 공고,"(서울)냉동냉장수협 일반관리계, (경인)경기수협 일반관리계, (경인)경인북부수협 일반관리계, (경인)경인서부수협 일반관리계, (경인)영흥수협 일반관리계, (강원)강릉시수협 일반관리계, (강원)삼척수협 일반관리계, (",신입,수시채용,,,2026-04-23,https://jasoseol.com/recruit/103543,,2026-09-07 18:30:35
자소설닷컴,한국마사회시설관리,관리직(안양 본사) 수시채용공고,"인사노무, 사업관리",신입,상시채용,,,2026-06-08,https://jasoseol.com/recruit/103544,,2026-09-07 18:30:35
자소설닷컴,세아창원특수강,2026년 상반기 채용,"해외영업, 총무, 생산기술, 희토류 자성소재 및 공정개발","신입, 코드5",수시채용,,,2026-04-19,https://jasoseol.com/recruit/103545,,2026-09-07 18:30:36
자소설닷컴,한국금융투자협회,신입직원 채용 공고,"일반전형(경영), 일반전형(경제), 변호사전형, 회계사전형",신입,수시채용,,,2026-04-22,https://jasoseol.com/recruit/103546,,2026-09-07 18:30:36
자소설닷컴,신원,수출부문 KNIT 해외영업(담당 바이어 미정) 신입/경력 채용,해외영업,코드5,수시채용,,,2026-04-19,https://jasoseol.com/recruit/103547,,2026-09-07 18:30:37
자소설닷컴,에코마케팅,패션 브랜드 마케팅 영상 크리에이터 신입/경력 채용,패션 브랜드 마케팅 영상 크리에이터,"경력, 신입",수시채용,,,2026-04-19,https://jasoseol.com/recruit/103548,,2026-09-07 18:30:37
자소설닷컴,마이다스그룹,백엔드 개발자 채용(채용서비스),개발분야-백엔드 개발-판교본사,코드5,수시채용,,,2026-04-19,https://jasoseol.com/recruit/103549,,2026-09-07 18:30:37
자소설닷컴,하나증권,Quant실 경력직 채용,Quant실,계약직,수시채용,,,2026-04-20,https://jasoseol.com/recruit/103550,,2026-09-07 18:30:38
자소설닷컴,SK머티리얼즈,2026 신입사원 채용,"[SK머티리얼즈퍼포먼스] Photo Resist, [SK머티리얼즈퍼포먼스] Adv.PKG, [SK트리켐] Precursor, [SK머티리얼즈제이엔씨] OLED 소재 개발 및 합성",신입,수시채용,,,2026-04-21,https://jasoseol.com/recruit/103551,,2026-09-07 18:30:38
자소설닷컴,김앤장 법률사무소,지식재산권 부문 채용,"[특허 및 상표] 지식재산권 부문 특허ㆍ상표 Project 관리, [특허 및 상표] 지식재산권 관련 문서의 번역ㆍ감수","계약직, 코드5",수시채용,,,2026-04-17,https://jasoseol.com/recruit/103552,,2026-09-07 18:30:39
자소설닷컴,원익아이피에스,Global Talent 신입채용 (외국인 유학생 채용),"선행공정 개발, 플라즈마 개발, 구매",신입,수시채용,,,2026-04-20,https://jasoseol.com/recruit/103553,,2026-09-07 18:30:39
자소설닷컴,웹젠,2026년 상반기 채용연계형 인턴모집,"[웹젠] 글로벌사업PM(영어권), [웹젠] 글로벌사업PM(중화권), [웹젠] 글로벌사업PM(일어권), [웹젠] 국내사업PM, [웹젠] 사업분석, [웹젠] 마케팅, [웹젠] 해외마케팅(일어권), [웹젠] 로컬라이제이션",인턴,수시채용,,,2026-04-27,https://jasoseol.com/recruit/103554,,2026-09-07 18:30:40
자소설닷컴,페이히어,재무회계 담당자,재무회계 담당자,경력,상시채용,,,2026-05-11,https://jasoseol.com/recruit/103555,,2026-09-07 18:30:40
자소설닷컴,녹십자웰빙,건강기능식품 상품기획/원료영업(경력),기획/영업,경력,수시채용,,,2026-04-19,https://jasoseol.com/recruit/103556,,2026-09-07 18:30:41
자소설닷컴,녹십자웰빙,건강기능식품 영업(경력),기획/영업,경력,수시채용,,,2026-04-19,https://jasoseol.com/recruit/103557,,2026-09-07 18:30:41
자소설닷컴,한국교육학술정보원(KERIS),인재 모집 (NCS기반 블라인드 채용),"교육서비스, 교육시스템A, 교육시스템B",신입,수시채용,,,2026-04-27,https://jasoseol.com/recruit/103558,,2026-09-07 18:30:41
자소설닷컴,중앙대학교병원,(광명병원) 순환기내과(심장뇌혈관 시술센터) 방사선사 모집 (2026.04),방사선사-순환기내과(심장뇌혈관시술센터),계약직,수시채용,,,2026-04-15,https://jasoseol.com/recruit/103559,,2026-09-07 18:30:42
자소설닷컴,서울경제진흥원,청년취업사관학교 구로캠퍼스 2기 교육생 모집,"AI 활용 프로덕트 마케터 양성 과정, AI 활용 데이터 분석 취업 캠프",교육,수시채용,,,2026-05-18,https://jasoseol.com/recruit/103560,,2026-09-07 18:30:42
자소설닷컴,한화투자증권,2026년 상반기 신입사원 공개채용,"본사영업, 본사지원, 디지털금융(Trading /IT)",신입,수시채용,,,2026-04-27,https://jasoseol.com/recruit/103561,,2026-09-07 18:30:42
자소설닷컴,당근마켓,2026 당근 ML 직군 채용,"Software Engineer, Machine Learning (석사), Software Engineer, Machine Learning (학사), Software Engineer Intern, Machine Le","신입, 인턴, 코드5",수시채용,,,2026-04-17,https://jasoseol.com/recruit/103562,,2026-09-07 18:30:43
자소설닷컴,대한상공회의소,AI+ Academy 교육생 모집,"[Microsoft] AI 엔지니어, [Salesforce] AI CRM 엔지니어, [Intel] On-Device AI 아카데미, [Nvidia] AI 코어 엔지니어, [Oracle] 의료 바이오 AI Servic",교육,수시채용,,,2026-04-26,https://jasoseol.com/recruit/103563,,2026-09-07 18:30:43
자소설닷컴,한국소비자원,2026년도 제1차 신입 및 경력직원 채용공고,"5급(조정관) 자동차 분쟁해결, 5급(조사관) 이공계 - 기계, 5급(조사관) 이공계 - 식품, 5급(조사관 또는 대리) 정보화, 5급(대리) 전략기획, 5급(대리) 보수관리, 5급(대리) 시장조사, 4급(과장) 노","경력, 코드5",수시채용,,,2026-04-24,https://jasoseol.com/recruit/103564,,2026-09-07 18:30:44
자소설닷컴,신원,수출부문 Style R&D Womens Plus 주니어경력 채용,Style R&D,경력,수시채용,,,2026-04-19,https://jasoseol.com/recruit/103565,,2026-09-07 18:30:44
자소설닷컴,GC셀,"임상병리지원 (대전, 계약직)",임상병리지원,계약직,상시채용,,,2026-05-08,https://jasoseol.com/recruit/103567,,2026-09-07 18:30:45
자소설닷컴,한국도심공항,신입사원 채용공고,"관리(물류사업,운수사업,인사총무,기획재무)",신입,수시채용,,,2026-04-27,https://jasoseol.com/recruit/103566,,2026-09-07 18:30:45
자소설닷컴,GC셀,영업 담당자 (경력),영업 및 관리,경력,수시채용,,,2026-04-19,https://jasoseol.com/recruit/103568,,2026-09-07 18:30:45
자소설닷컴,GC셀,"임상병리지원 (세종, 계약직)",임상병리지원(세종),계약직,상시채용,,,2026-05-27,https://jasoseol.com/recruit/103569,,2026-09-07 18:30:46
자소설닷컴,한국토지주택공사(LH),2026년 신입사원(5급) 공채(일반·보훈),"일반행정_전국, 일반행정_수도권, 일반행정_대구경북권, 일반행정_충청권, 일반행정_호남권, 일반행정_강원권, 일반행정_보훈, 법률_전국, 회계_전국, 회계_수도권, 회계_대구경북권, 회계_충청권, 전산_전국, 토목_",인턴,수시채용,,,2026-04-23,https://jasoseol.com/recruit/103572,,2026-09-07 18:30:47
자소설닷컴,아이쓰리시스템,반도체 제조시설 시설관리 부문 신입 또는 경력 채용,시설관리 부문,코드5,수시채용,,,2026-04-27,https://jasoseol.com/recruit/103570,,2026-09-07 18:30:47
자소설닷컴,한국콘텐츠진흥원(KOCCA),2026년 청년인턴 채용,체험형 청년인턴,인턴,수시채용,,,2026-04-23,https://jasoseol.com/recruit/103571,,2026-09-07 18:30:47
자소설닷컴,한국토지주택공사(LH),2026년 신입사원(6급) 공채(일반·보훈),"사무직_행정_일반, 사무직_행정_보훈, 기술직_토목_일반, 기술직_토목_보훈, 기술직_조경_일반, 기술직_조경_보훈, 기술직_건축_일반, 기술직_건축_보훈, 기술직_기계_일반, 기술직_기계_보훈, 기술직_전기_일반,",인턴,수시채용,,,2026-04-23,https://jasoseol.com/recruit/103574,,2026-09-07 18:30:48
자소설닷컴,포스코DX,2026년 상반기 신입사원 채용,"전기설계, 전산설계, IT인프라, 통신설계, Agentic Intelligence, Agentic Workflow, Decision Intelligence, Spatial Intelligence, 전략기획, 재무, ",신입,수시채용,,,2026-04-27,https://jasoseol.com/recruit/103573,,2026-09-07 18:30:48
자소설닷컴,KB라이프파트너스,본사 주관 영업관리 후보자 KBxL 1기 모집,영업관리 후보자 (Sales Manager),코드5,수시채용,,,2026-05-14,https://jasoseol.com/recruit/103575,,2026-09-07 18:30:48
자소설닷컴,현대오토에버,모빌리티 SW 스쿨 4기 클래스메이트 모집,"스마트팩토리, IT보안, 웹/앱, 클라우드",교육,수시채용,,,2026-05-17,https://jasoseol.com/recruit/103576,,2026-09-07 18:30:48
자소설닷컴,한국농업기술진흥원,2026년도 상반기 정규직 공개경쟁채용 제한경쟁채용 및 사회평형채용 공고,"연구원_정보시스템운영(제한경쟁), 연구원_기술사업·그린바이오사업, 연구원_경영지원·사업관리, 연구원_종자산업진흥, 연구원_스마트농업, 채용형인턴_종자사업, 채용형인턴_시험분석, 전임연구원(일반경쟁)_사업운영지원, 전","신입, 인턴",수시채용,,,2026-04-20,https://jasoseol.com/recruit/103578,,2026-09-07 18:30:49
자소설닷컴,LS증권,경력직 수시채용(고객만족센터(인바운드)),고객만족센터-상담직(인바운드),계약직,수시채용,,,2026-04-19,https://jasoseol.com/recruit/103579,,2026-09-07 18:30:50
자소설닷컴,한국부동산원(REB),2026년 채용공고,"부동산연구원장, 사무국장(개방형직위), 전문계약직_사무국 심사관(인천), 전문계약직_사무국 심사관(전주), 전문계약직_사무국 심사관(창원), 전문계약직_사무국 심사관(포항, 전문계약직_대외협력, 전문계약직_혁신전략,","계약직, 인턴",수시채용,,,2026-04-24,https://jasoseol.com/recruit/103577,,2026-09-07 18:30:50
자소설닷컴,세아네트웍스,2026 신입/경력 수시 채용,"국내영업 (전기·통신), 재무회계","경력, 코드5",수시채용,,,2026-04-19,https://jasoseol.com/recruit/103580,,2026-09-07 18:30:50
자소설닷컴,마이다스그룹,[일본법인] 마이다스아이티 재팬 개발 담당자 채용,SW개발-응용 SW 개발-일본법인,코드5,수시채용,,,2026-04-19,https://jasoseol.com/recruit/103581,,2026-09-07 18:30:50
자소설닷컴,마이다스그룹,BX 디자이너 채용,디자인-BX 디자인-판교본사,경력,수시채용,,,2026-04-19,https://jasoseol.com/recruit/103582,,2026-09-07 18:30:51
자소설닷컴,하나증권,신탁운용실(재산신탁) 경력직 채용,신탁운용실,계약직,수시채용,,,2026-04-13,https://jasoseol.com/recruit/103584,,2026-09-07 18:30:52
자소설닷컴,중앙대학교병원,(광명병원) 간호본부 전담간호사 및 SA (계약직) 모집 (2026.04),"간호사-간호본부(진료지원간호팀)-신장내과 전담간호사, 간호사-간호본부(진료지원간호팀)-산부인과 전담간호사, 간호사-간호본부(진료지원간호팀)-안과 전담간호사, 간호사-간호본부(진료지원간호팀)-정형외과 SA",계약직,수시채용,,,2026-04-16,https://jasoseol.com/recruit/103583,,2026-09-07 18:30:52
자소설닷컴,하나증권,목동금융센터 경력직 채용,목동금융센터,계약직,수시채용,,,2026-04-23,https://jasoseol.com/recruit/103585,,2026-09-07 18:30:52
자소설닷컴,유안타증권,Multi Asset운용팀 신입/경력직원 채용,Multi Asset운용팀,계약직,수시채용,,,2026-04-23,https://jasoseol.com/recruit/103587,,2026-09-07 18:30:53
자소설닷컴,한국석유공업,[KP그룹]청산공장 상반기 수시채용,"[KP그룹]한국석유공업 청산공장 관리팀(지원직), [KP그룹]한국석유공업 청산공장 환경안전, [KP그룹]한국석유공업 청산공장 품질관리","경력, 신입, 코드5",수시채용,,,2026-05-05,https://jasoseol.com/recruit/103588,,2026-09-07 18:30:53
자소설닷컴,토스뱅크,KYC Operations Assistant,KYC Operations Assistant,계약직,상시채용,,,2026-06-09,https://jasoseol.com/recruit/103590,,2026-09-07 18:30:54
자소설닷컴,국순당,각 부문 인재채용 *기 채용건 미채용으로 인한 재진행,"[경력] 마케팅기획/신제품개발부문 인재채용, [신입/경력] 와인영업(ON채널)부문 인재채용","경력, 코드5",수시채용,,,2026-04-26,https://jasoseol.com/recruit/103591,,2026-09-07 18:30:55
자소설닷컴,케이뱅크,2026 채용연계형 인턴십,"[Biz/Marketing] 금융 상품·서비스 기획, [Tech] 백엔드 개발, [Tech] 정보보호, [Compliance] 자금세탁방지(AML)",인턴,수시채용,,,2026-04-24,https://jasoseol.com/recruit/103592,,2026-09-07 18:30:55
자소설닷컴,하나증권,영업지원실 경력직 채용,영업지원실,계약직,수시채용,,,2026-04-26,https://jasoseol.com/recruit/103589,,2026-09-07 18:30:55
자소설닷컴,현대건설,26년 상반기 취업완성 아카데미 교육생 모집,"BIM건설관리, 전기설비시공실무, Smart Plant, Smart 안전",교육,수시채용,,,2026-06-01,https://jasoseol.com/recruit/103586,,2026-09-07 18:30:55
자소설닷컴,현대종합금속,신입사원 모집,"본사 회장 비서실, 본사 중앙 연구소_자동화시스템, 본사 중앙 연구소_SW개발, 본사 중앙 연구소_기술영업(자동화)","신입, 코드5",수시채용,,,2026-04-26,https://jasoseol.com/recruit/103593,,2026-09-07 18:30:56
자소설닷컴,도터,심혈관 OCT 시스템 연구/개발 담당자 채용 (신입/경력),(주)도터 심혈관 OCT 시스템 연구/개발 담당자 채용,코드5,상시채용,,,2026-05-04,https://jasoseol.com/recruit/103594,,2026-09-07 18:30:56
자소설닷컴,AJ네트웍스,수시채용 (신입/경력),"영업지원 , 통합구매 , 회계, 리스크관리, 파렛트 회수 , 파렛트 B2B 영업, 해외영업 , 사업기획/경영기획, 폴란드법인 행정지원, 로봇SI , 로봇설치 및 유지보수, 로봇영업, IT장비 B2B영업, IT장비 B","경력, 계약직, 신입, 코드5",수시채용,,,2026-04-26,https://jasoseol.com/recruit/103595,,2026-09-07 18:30:56
자소설닷컴,유닛블랙,"[기본급 4,500만원/인센별도] 영업 담당자 (신입/경력)",영업 담당자,코드5,상시채용,,,2026-05-27,https://jasoseol.com/recruit/103596,,2026-09-07 18:30:57
자소설닷컴,울산항만공사,2026년 상반기 신입직원(채용형 인턴) 및 하반기 체험형 청년인턴 채용,"[채용형 인턴] 사무행정(일반), [채용형 인턴] 사무행정(장애인), [채용형 인턴] 사무행정(취업지원대상자), [채용형 인턴] 정보기술(IT), [채용형 인턴] 통계, [채용형 인턴] 정보통신, [채용형 인턴] 토",인턴,수시채용,,,2026-04-27,https://jasoseol.com/recruit/103600,,2026-09-07 18:30:58
자소설닷컴,페이히어,[핀테크 스타트업] 프로덕트 세일즈 스페셜리스트 인턴 채용,세일즈 스페셜리스트,인턴,상시채용,,,2026-04-21,https://jasoseol.com/recruit/103602,,2026-09-07 18:30:58
자소설닷컴,에이피알,[품질] 뷰티 디바이스 수입/출하검사 담당 채용연계형 인턴사원 모집,뷰티 디바이스 수입/출하검사 담당,인턴,상시채용,,,2026-06-04,https://jasoseol.com/recruit/103603,,2026-09-07 18:30:58
자소설닷컴,페이히어,[핀테크 스타트업] 인바운드 세일즈 스페셜리스트 인턴 채용,인바운드 세일즈 스페셜리스트,인턴,상시채용,,,2026-04-21,https://jasoseol.com/recruit/103601,,2026-09-07 18:30:58
자소설닷컴,위워크코리아,"Community Associate, Seoul (12 Month Contract)","Community Associate, Seoul (12 Month Contract)",계약직,상시채용,,,2026-06-12,https://jasoseol.com/recruit/103604,,2026-09-07 18:30:59
자소설닷컴,한국산림복지진흥원(FOWI),2026년 체험형 청년인턴 채용,"[강원·경기권][일반전형] 프로그램 기획·운영, [충청·전라권][일반전형] 프로그램 기획·운영, [경상권][일반전형] 프로그램 기획·운영, [본원(대전)][일반전형] 안전관리, [국립진안고원산림치유원(진안)][일반전",인턴,수시채용,,,2026-04-17,https://jasoseol.com/recruit/103605,,2026-09-07 18:30:59
자소설닷컴,녹십자웰빙,병의원영업(신입_경기/인천),병의원 영업,신입,수시채용,,,2026-04-26,https://jasoseol.com/recruit/103606,,2026-09-07 18:31:00
자소설닷컴,한국환경공단(KECO),"2026년 체험형인턴 (일반, 자립준비청년, 장애부문) 채용공고","[본사 인천]일반_사무, [본사 인천]일반_기술, [본사 인천]자립준비청년, [본사 인천]장애, [본사 배터리순환처]일반_기술, [본사 배터리순환처]장애, [국가물산업 클러스터사업단]일반_사무, [국가물산업 클러스터",인턴,수시채용,,,2026-04-20,https://jasoseol.com/recruit/103598,,2026-09-07 18:31:00
자소설닷컴,멋쟁이사자처럼,[12개 트랙] 서류 합격률을 2배 높이는 6주 실무 프로젝트,"소프트웨어 테스팅, 피그마 UI 실무, UX/UI 디자인, 핀테크 서비스 기획, 초보 PM 현업 가이드, 캐글 데이터 분석, 프론트엔드 실무, 웹 개발 완벽가이드, AI 챗봇 구축, MLOps와 온디바이스 AI, 실",교육,수시채용,,,2026-04-24,https://jasoseol.com/recruit/103608,,2026-09-07 18:31:00
자소설닷컴,대중소기업농어업협력재단,직원(일반사무직) 채용공고,상생협력,계약직,수시채용,,,2026-04-29,https://jasoseol.com/recruit/103609,,2026-09-07 18:31:01
자소설닷컴,린데코리아,린데수소에너지 생산팀 Production Operator 정규직 채용,Production Operator,코드5,수시채용,,,2026-04-27,https://jasoseol.com/recruit/103613,,2026-09-07 18:31:02
자소설닷컴,비바리퍼블리카(토스),Privacy Operations Specialist,Privacy Operations Specialist,계약직,상시채용,,,2026-06-13,https://jasoseol.com/recruit/103607,,2026-09-07 18:31:02
자소설닷컴,GC셀,검체 관리 서비스 매니저 채용 (의정부),서비스 매니저(의정부),계약직,상시채용,,,2026-05-08,https://jasoseol.com/recruit/103615,,2026-09-07 18:31:02
자소설닷컴,IBK신용정보,2026년 하반기 종합관리직 직원 채용,일반사무,신입,수시채용,,,2026-05-06,https://jasoseol.com/recruit/103611,,2026-09-07 18:31:03
자소설닷컴,한국인공지능협회,서울시 매력일자리 AI 실무자 양성 및 취업과정,"AI 개발자 과정, AI 비개발자 과정",교육,상시채용,,,2026-04-30,https://jasoseol.com/recruit/103616,,2026-09-07 18:31:03
자소설닷컴,소프트웨어공제조합,2026년 상반기 신입직원 (전산직) 채용,전산직,신입,수시채용,,,2026-05-04,https://jasoseol.com/recruit/103617,,2026-09-07 18:31:03
자소설닷컴,부산은행,2026년 IT직군 신입행원 채용,"일반_지역전형, 일반_비지역전형",신입,수시채용,,,2026-04-27,https://jasoseol.com/recruit/103618,,2026-09-07 18:31:04
자소설닷컴,한국벤처캐피탈협회,2026년도 제2차 직원 채용공고,"사업 운영 ① , 사업 운영 ②",계약직,수시채용,,,2026-04-22,https://jasoseol.com/recruit/103619,,2026-09-07 18:31:04
자소설닷컴,이랜드그룹,주니어 경력 채용,"패션 사업부, 외식 사업부, 호텔 사업부, 하이퍼 사업부",경력,수시채용,,,2026-04-19,https://jasoseol.com/recruit/103614,,2026-09-07 18:31:04
자소설닷컴,지알엔(GRN),2026년도 지무비 직원 채용공고,"영상 기획 편집자, 경영 지원 & 총괄 매니지먼트, 전담 비서 & 경리, 한국어-일본어 통번역 가능한 영상 편집 & 일본 채널 운영자, 프리랜서 작가",코드5,수시채용,,,2026-04-30,https://jasoseol.com/recruit/103621,,2026-09-07 18:31:05
자소설닷컴,녹십자웰빙,Aesthetic MKT(경력),에스테틱 마케팅,경력,수시채용,,,2026-05-03,https://jasoseol.com/recruit/103620,,2026-09-07 18:31:05
자소설닷컴,루닛,[의료AI] Senior Applied Research Scientist 모집,Senior Applied Research Scientist,코드5,상시채용,,,2026-06-13,https://jasoseol.com/recruit/103622,,2026-09-07 18:31:05
자소설닷컴,지알엔(GRN),2026년도 지무비 프리랜서 영화 쇼츠 편집자 채용공고,쇼츠 편집자,계약직,상시채용,,,2026-06-13,https://jasoseol.com/recruit/103623,,2026-09-07 18:31:06
자소설닷컴,샐러드랩,SDR (영업개발담당자) 채용,SDR (영업개발담당자),코드5,상시채용,,,2026-05-03,https://jasoseol.com/recruit/103624,,2026-09-07 18:31:06
자소설닷컴,이지케어텍,[의료IT] 2026년 신입 개발자 채용 (채용연계형 인턴),"SW개발 (소프트웨어 엔지니어), 의료 AI 솔루션 개발 (AI 엔지니어)",인턴,수시채용,,,2026-04-30,https://jasoseol.com/recruit/103625,,2026-09-07 18:31:07
자소설닷컴,하나증권,글로벌투자분석실(채널전략팀) (VIP(HNW) 기획) 경력직 인재 채용,글로벌투자분석실,계약직,수시채용,,,2026-04-23,https://jasoseol.com/recruit/103626,,2026-09-07 18:31:07
자소설닷컴,아이쓰리시스템,구매 부문 신입/경력 채용,"구매 부문 경력사원 채용, 구매 부문 신입사원 채용","경력, 신입",수시채용,,,2026-05-05,https://jasoseol.com/recruit/103627,,2026-09-07 18:31:07
자소설닷컴,인천시설공단,2026년 제1회 공무직 채용계획 공고,"시설관리원_기계(일반), 시설관리원_전기(일반), 환경미화원_미화(일반), 환경미화원_미화(사회평형)",신입,수시채용,,,2026-05-06,https://jasoseol.com/recruit/103628,,2026-09-07 18:31:08
자소설닷컴,포스코,경력사원 채용 (사내 변호사/지식재산),"법무 (사내변호사), 지식재산",경력,수시채용,,,2026-04-29,https://jasoseol.com/recruit/103630,,2026-09-07 18:31:08
자소설닷컴,앱솔브랩,HR(채용) 인턴 채용,HR(채용),인턴,상시채용,,,2026-05-19,https://jasoseol.com/recruit/103631,,2026-09-07 18:31:09
자소설닷컴,한국토지주택공사(LH),2026년 신입사원(5급) 공채(장애인),"사무직-일반행정, 기술직-토목, 기술직-도시계획, 기술직-조경, 기술직-건축, 기술직-기계, 기술직-전기",인턴,수시채용,,,2026-04-23,https://jasoseol.com/recruit/103632,,2026-09-07 18:31:10
자소설닷컴,한국교통안전공단(KOTSA),2026년 제2차 기간제근로자 통합채용 공고,"운영지원처_실무원(상담) (~26.09.16), 운영지원처_실무원(상담) (~26.12.31), 인재개발처_청년인턴(사무_장애), 모빌리티연구처_청년인턴(사무), 자격교육처_위촉연구원6급, 자격교육처_청년인턴(사무)",계약직,수시채용,,,2026-04-30,https://jasoseol.com/recruit/103629,,2026-09-07 18:31:10
자소설닷컴,한국토지주택공사(LH),2026년 신입사원(6급) 공채(장애인),"사무직-행정, 기술직-토목군(토목), 기술직-토목군(조경), 기술직-건축군(건축), 기술직-건축군(기계), 기술직-건축군(전기)",인턴,수시채용,,,2026-04-23,https://jasoseol.com/recruit/103633,,2026-09-07 18:31:10
자소설닷컴,엠비씨씨앤아이,드라마제작센터 드라마&AI 프로듀서 계약직 사원 채용,드라마&AI 프로듀서,계약직,수시채용,,,2026-04-26,https://jasoseol.com/recruit/103634,,2026-09-07 18:31:10
자소설닷컴,에코마케팅,퍼포먼스 마케터 인턴 채용,퍼포먼스 마케터,인턴,수시채용,,,2026-04-26,https://jasoseol.com/recruit/103635,,2026-09-07 18:31:11
자소설닷컴,어니스트리,그로스 마케팅,그로스 마케팅,경력,수시채용,,,2026-04-21,https://jasoseol.com/recruit/103636,,2026-09-07 18:31:11
자소설닷컴,서울관광재단(STO),"2026년도 전문직(정규직), 기간제근로자 채용공고","[전문직 다급] 외국어 지원(영어), [전문직 라급] 관광센터 운영(영어), [기간제근로자-장애인] 행정 사무보조, [기간제근로자-고졸] 서울관광 축제·이벤트 개최 지원, [기간제근로자-고졸] 전산·네트워크 관리, ","경력, 계약직, 신입",수시채용,,,2026-05-06,https://jasoseol.com/recruit/103639,,2026-09-07 18:31:13
자소설닷컴,어니스트리,영상 PD,영상 PD,계약직,수시채용,,,2026-04-21,https://jasoseol.com/recruit/103637,,2026-09-07 18:31:13
자소설닷컴,퍼솔켈리코리아,2026년도 제 12기 국내 일본계 기업 인턴십 프로그램,"영업, 영업지원, 인사총무, 기술지원, 서비스, 금융, 리서치/교류행사 지원, 해외취업지원",인턴,수시채용,,,2026-05-11,https://jasoseol.com/recruit/103638,,2026-09-07 18:31:13
자소설닷컴,에이피알,[R&D] 디바이스 R&D 지원 (구매/자재관리) 계약사원 모집,디바이스 R&D 지원 (구매/자재관리),계약직,상시채용,,,2026-05-27,https://jasoseol.com/recruit/103641,,2026-09-07 18:31:13
자소설닷컴,한국환경보전원,「화학물질 안전관리 전문인력 양성사업」 2기 교육생 모집공고,화학물질 안전관리 전문인력,교육,수시채용,,,2026-05-10,https://jasoseol.com/recruit/103640,,2026-09-07 18:31:14
자소설닷컴,한국리서치,여론조사 사업본부 인턴 연구원 채용,여론조사 연구지원직,인턴,수시채용,,,2026-04-22,https://jasoseol.com/recruit/103644,,2026-09-07 18:31:15
자소설닷컴,한국수자원조사기술원,2026년 제2차 공개채용(계약직 및 체험형 청년인턴)공고,"[사업계약직]_신진연구원_수자원조사 및 연구개발, [사업계약직]_신진연구원_전국 홍수피해 상황 현장조사 및 자료정리, [사업계약직]_신진연구원_Blue-Green-Grey 인프라의 도시 홍수 방어 능력/회복탄성력 평","계약직, 인턴",수시채용,,,2026-04-21,https://jasoseol.com/recruit/103643,,2026-09-07 18:31:15
자소설닷컴,큐알티,[신입][광교] 26년 2분기 전자카드 불량분석 시스템 개발 채용,전자카드 불량분석 시스템 개발,신입,수시채용,,,2026-05-03,https://jasoseol.com/recruit/103645,,2026-09-07 18:31:15
자소설닷컴,한국언론진흥재단(KPF),"2026년 1차 전문직 경력사원(미디어연구, 세무ㆍ회계사) 채용 공고","연구전문직(미디어 연구), 연구전문직(세무ㆍ회계사)",계약직,수시채용,,,2026-05-01,https://jasoseol.com/recruit/103642,,2026-09-07 18:31:15
자소설닷컴,현대종합금속,신입/경력사원 모집,기계사업본부 설계부,코드5,수시채용,,,2026-04-19,https://jasoseol.com/recruit/103646,,2026-09-07 18:31:15
자소설닷컴,한주,2026년도 하반기 신입사원 채용,"안전보건, 동력",신입,수시채용,,,2026-04-29,https://jasoseol.com/recruit/103647,,2026-09-07 18:31:16
자소설닷컴,토스페이먼츠,Privacy Operations Specialist,보안담당자,계약직,상시채용,,,2026-05-27,https://jasoseol.com/recruit/103648,,2026-09-07 18:31:16
자소설닷컴,하나증권,채권운용실 경력직 채용,채권운용실,계약직,수시채용,,,2026-04-26,https://jasoseol.com/recruit/103649,,2026-09-07 18:31:16
자소설닷컴,하나증권, WM기획실 경력직 채용,WM기획실,계약직,수시채용,,,2026-04-28,https://jasoseol.com/recruit/103650,,2026-09-07 18:31:17
자소설닷컴,연합인포맥스,콘텐츠본부 데이터관리 계약사원 모집,데이터관리,계약직,수시채용,,,2026-04-23,https://jasoseol.com/recruit/103651,,2026-09-07 18:31:18
자소설닷컴,녹십자웰빙,원료/정제(신입),원료/정제(신입),신입,수시채용,,,2026-04-29,https://jasoseol.com/recruit/103652,,2026-09-07 18:31:18
자소설닷컴,한동대학교,2026 정규직원 채용 공고,정규직(신입 8급),신입,수시채용,,,2026-04-24,https://jasoseol.com/recruit/103654,,2026-09-07 18:31:18
자소설닷컴,한국IR협의회,2026년도 신입직원 채용공고,경영지원,신입,수시채용,,,2026-04-26,https://jasoseol.com/recruit/103653,,2026-09-07 18:31:19
자소설닷컴,롯데지에스화학,2026년 04월 경력사원 채용,"재무회계, 안전, 환경, 기술, 분석",경력,수시채용,,,2026-04-28,https://jasoseol.com/recruit/103655,,2026-09-07 18:31:19
자소설닷컴,신세계아이앤씨,스파로스아카데미 7기 교육생 모집,AI 웹개발자,교육,수시채용,,,2026-06-07,https://jasoseol.com/recruit/103656,,2026-09-07 18:31:19
자소설닷컴,현대차증권,2026년 2분기 신입 수시채용 ,"지점영업 (PB), 퇴직연금, WM본부, IT, 회계, RA, 해외주식 야간데스크 (미들/야간 2교대)","계약직, 신입",수시채용,,,2026-04-29,https://jasoseol.com/recruit/103657,,2026-09-07 18:31:20
자소설닷컴,연합인포맥스,채권 시스템 개발 계약사원 모집,채권서비스 개발 및 운영,계약직,수시채용,,,2026-04-30,https://jasoseol.com/recruit/103658,,2026-09-07 18:31:20
자소설닷컴,NHN,인사 운영(계약직),인사 운영,계약직,상시채용,,,2026-05-07,https://jasoseol.com/recruit/103659,,2026-09-07 18:31:21
자소설닷컴,엘티소재,2026년 경력 및 신입사원 채용,"반도체 소재(Ligand/Precursor) 개발, OLED재료 품질경영(품질관리), OLED재료 정제생산(생산관리)","경력, 신입",수시채용,,,2026-04-26,https://jasoseol.com/recruit/103660,,2026-09-07 18:31:21
자소설닷컴,인천도시공사(IDTC),2026년도 신입직원 공개채용,"[인천] 사무7급 - 일반, [전국(일반)] 사무7급 - 일반, [전국(취업지원대상자)] 사무7급 - 일반, [인천] 사무7급 - 회계, [전국)] 사무7급 - 법률, [인천] 기술7급 - 토목, [전국] 기술7급 ",신입,수시채용,,,2026-05-07,https://jasoseol.com/recruit/103661,,2026-09-07 18:31:22
자소설닷컴,AXA손해보험,리스크관리팀 자동차 및 일반손해보험 리스크 담당자 채용,자동차 및 일반손해보험 리스크 관리 담당,경력,수시채용,,,2026-04-26,https://jasoseol.com/recruit/103664,,2026-09-07 18:31:22
자소설닷컴,한국예술인복지재단,2026년 제3차 직원채용 (계약직),"일반행정(문화예술행정-일반), 일반행정(문화예술행정-장애)",계약직,수시채용,,,2026-04-27,https://jasoseol.com/recruit/103662,,2026-09-07 18:31:23
자소설닷컴,경방(타임스퀘어),채용 공고,디자인,"경력, 신입",수시채용,,,2026-04-30,https://jasoseol.com/recruit/103663,,2026-09-07 18:31:23
자소설닷컴,수협재단,사무국 행정직원 채용,재단사무국 행정직,계약직,수시채용,,,2026-04-21,https://jasoseol.com/recruit/103665,,2026-09-07 18:31:23
자소설닷컴,에코마케팅,커머스 마케터 신입사원 채용,커머스 마케터,코드5,수시채용,,,2026-04-26,https://jasoseol.com/recruit/103666,,2026-09-07 18:31:24
자소설닷컴,에이피알,[제조] PDRN/PN 이물검사 및 포장 담당 채용연계형 인턴사원 모집,PDRN/PN 이물검사 및 포장 담당,인턴,상시채용,,,2026-06-15,https://jasoseol.com/recruit/103667,,2026-09-07 18:31:24
자소설닷컴,인천교통공사(ICTR),청년 체험형 인턴 모집 공고,"1기 일반, 1기 고졸, 1기 장애, 2기 일반, 2기 고졸, 2기 장애",인턴,수시채용,,,2026-05-08,https://jasoseol.com/recruit/103668,,2026-09-07 18:31:24
자소설닷컴,AXA손해보험,리스크관리팀 장기보험 리스크 담당자 채용,장기보험 리스크 관리 담당자,경력,수시채용,,,2026-04-26,https://jasoseol.com/recruit/103669,,2026-09-07 18:31:24
자소설닷컴,AXA손해보험,장기재무계리팀 Sr. Valuation Actuary 채용,Sr. Valuation Actuary,경력,수시채용,,,2026-04-26,https://jasoseol.com/recruit/103670,,2026-09-07 18:31:25
자소설닷컴,토스페이먼츠,AML Team Assistant,AML,계약직,상시채용,,,2026-06-15,https://jasoseol.com/recruit/103672,,2026-09-07 18:31:26
자소설닷컴,비바리퍼블리카(토스),Account Sales Associate,Account Sales Associate,계약직,상시채용,,,2026-05-03,https://jasoseol.com/recruit/103673,,2026-09-07 18:31:26
자소설닷컴,한섬,2026년 신입사원 채용,"우븐디자인, 상품기획, 소재디자인",코드6,수시채용,,,2026-05-05,https://jasoseol.com/recruit/103671,,2026-09-07 18:31:27
자소설닷컴,한국필립모리스,INKOMPASS 채용연계형 인턴 모집,Process Lead,인턴,수시채용,,,2026-05-03,https://jasoseol.com/recruit/103674,,2026-09-07 18:31:27
자소설닷컴,신원,수출부문 KNIT 해외영업(GAP) 신입/경력 채용,해외영업,코드5,수시채용,,,2026-04-30,https://jasoseol.com/recruit/103675,,2026-09-07 18:31:27
자소설닷컴,동국제약,"헬스앤뷰티 계약직 채용(마케팅, 영업, 디자인, CX, 데이터 관리 등) ~ 4/26","헬스앤뷰티 온라인 D2C 마케팅/데이터관리, 헬스앤뷰티 온라인쇼핑몰 영업, 헬스케어 해외영업 담당, 헬스앤뷰티 글로벌 콘텐츠마케팅 시딩담당, 헬스앤뷰티 글로벌 콘텐츠마케팅 콘텐츠제작, 헬스앤뷰티 글로벌 웹디자인, 헬",계약직,수시채용,,,2026-04-26,https://jasoseol.com/recruit/103676,,2026-09-07 18:31:27
자소설닷컴,화승코퍼레이션,리서치/통역 지원(일어) 체험형 인턴 채용,시장 리서치 / 통역지원,인턴,수시채용,,,2026-05-05,https://jasoseol.com/recruit/103677,,2026-09-07 18:31:28
자소설닷컴,한화솔루션 인사이트부문,2026 상반기 신입사원 모집,"부동산개발업, 경영관리(PLS)",신입,수시채용,,,2026-05-03,https://jasoseol.com/recruit/103678,,2026-09-07 18:31:28
자소설닷컴,한국석유공업,[KP그룹]KP한석유화 Polymer사업부 영업지원 채용,[KP그룹]KP한석유화 Polymer사업부 영업지원 채용,코드5,수시채용,,,2026-04-26,https://jasoseol.com/recruit/103679,,2026-09-07 18:31:29
자소설닷컴,토스플레이스,Design Assistant,Design Assistant,계약직,상시채용,,,2026-05-12,https://jasoseol.com/recruit/103680,,2026-09-07 18:31:29
자소설닷컴,서울문화재단(SFAC),2026년 제1차 직원 공개채용 공고,"문화행정직_문화예술행정, 문화행정직_시설, 운영지원직_경비, 수탁사업_무대기계·감독(무대기술팀), 수탁사업_무대음향(무대기술팀), 수탁사업_무대조명(노들섬사업팀), 수탁사업_무대조명(예술교육센터 서초팀), 수탁사업_","계약직, 신입",수시채용,,,2026-05-08,https://jasoseol.com/recruit/103682,,2026-09-07 18:31:30
자소설닷컴,토스플레이스,Research Assistant,Research Assistant,계약직,상시채용,,,2026-05-22,https://jasoseol.com/recruit/103683,,2026-09-07 18:31:30
자소설닷컴,토스플레이스,Technical Writing Partner,Technical Writing Partner,계약직,상시채용,,,2026-06-15,https://jasoseol.com/recruit/103681,,2026-09-07 18:31:30
자소설닷컴,쎄트렉아이,생산 인력 집중 채용,생산,계약직,수시채용,,,2026-05-05,https://jasoseol.com/recruit/103684,,2026-09-07 18:31:30
자소설닷컴,로지스올,경력사원 채용,"[한국로지스풀] 3PL 영업 및 운영관리, [로지스올시스템즈] 네트워크 관리, [로지스올시스템즈] AI 개발자, [로지스올엔지니어링] 기술영업, [로지스올엔지니어링] 스마트물류 시스템설계, [로지스올엔지니어링] 스마",경력,수시채용,,,2026-05-05,https://jasoseol.com/recruit/103686,,2026-09-07 18:31:31
자소설닷컴,NHN Cloud,네트워크 구축 및 운영,네트워크 구축 및 운영,경력,상시채용,,,2026-05-11,https://jasoseol.com/recruit/103687,,2026-09-07 18:31:32
자소설닷컴,NHN Cloud,로그 플랫폼 백엔드 개발,로그 플랫폼 백엔드 개발,경력,상시채용,,,2026-04-28,https://jasoseol.com/recruit/103688,,2026-09-07 18:31:32
자소설닷컴,고양국제꽃박람회,재단 2026년도 3차 기간제근로자 채용 공고,기획·운영,계약직,수시채용,,,2026-04-27,https://jasoseol.com/recruit/103685,,2026-09-07 18:31:33
자소설닷컴,NHN Cloud,인프라 서비스 개발,인프라 서비스 개발,경력,상시채용,,,2026-05-11,https://jasoseol.com/recruit/103691,,2026-09-07 18:31:33
자소설닷컴,NHN Cloud,메시지 플랫폼 영업,메시지 플랫폼 영업,경력,상시채용,,,2026-06-16,https://jasoseol.com/recruit/103690,,2026-09-07 18:31:33
자소설닷컴,코스테크,2026년 상반기 영업컨설턴트 채용,"코스테크 영업컨설턴트, 에스지 영업컨설턴트",코드5,수시채용,,,2026-05-03,https://jasoseol.com/recruit/103692,,2026-09-07 18:31:34
자소설닷컴,SK그룹,SK 채용연계과정 SKALA 4기 모집,생성형 AI 서비스 개발 과정,교육,수시채용,,,2026-05-13,https://jasoseol.com/recruit/103689,,2026-09-07 18:31:34
자소설닷컴,바이트랩,AMD/마케팅 인턴 채용,"[해외/뷰티] 일어권 AMD, [국내/뷰티] 콘텐츠 마케터, [국내/라이프] 콘텐츠 마케터",인턴,상시채용,,,2026-06-16,https://jasoseol.com/recruit/103693,,2026-09-07 18:31:34
자소설닷컴,한국산업기술시험원(KTL),"2026년 1분기 2차수 위촉 계약직[육아휴직 대체], 체험형 청년인턴 채용 공고","A01 고객지원(접수 및 고객응대), B01 대정부·지자체 대응 및 법무업무 지원, C01 바이오분야 GLP시험, C02 의료용품 생물학 분야 시험평가, R01 감사·청렴 및 기타 행정업무 지원, R02 인사관리, ","계약직, 인턴",수시채용,,,2026-04-21,https://jasoseol.com/recruit/103694,,2026-09-07 18:31:35
자소설닷컴,프리윌린,프리윌린 신입/경력 채용,"마케팅팀 퍼포먼스/그로스 마케터, 전략기획팀 Strategy & Biz Dev. Manager","경력, 코드6",수시채용,,,2026-05-05,https://jasoseol.com/recruit/103695,,2026-09-07 18:31:35
자소설닷컴,대구경북과학기술원(DGIST),2026년도 제1차 일반직원(정규직) 공개채용,"기술직(원급) - 기계·설비(건설공사 및 시설관리), 행정직(원급) - 행정공통, 행정직(원급 또는 선임급) - 행정(창업 및 사업화지원)","경력, 신입",수시채용,,,2026-05-06,https://jasoseol.com/recruit/103696,,2026-09-07 18:31:35
자소설닷컴,현대로템,2026 상반기 신입사원 집중채용,"[DS사업]경영기획, [DS사업]사업관리, [DS사업]PM, [DS연구]R&D기획, [DS연구]해석, [DS연구]시험평가, [DS연구]체계설계, [DS연구]전기전자, [DS연구]전기, [DS연구]방산보안, [DS연구",신입,수시채용,,,2026-05-03,https://jasoseol.com/recruit/103697,,2026-09-07 18:31:36
자소설닷컴,에코마케팅,마케팅 프로세스 자동화 개발자 (Python) 신입/경력사원 채용,개발자 (Python),"경력, 신입",수시채용,,,2026-04-26,https://jasoseol.com/recruit/103698,,2026-09-07 18:31:36
자소설닷컴,중앙대학교병원,(서울병원) 재활의학과 소아 언어치료사(계약직) 모집 (2026.04),재활의학과(소아 언어치료실)-소아 언어치료사,계약직,수시채용,,,2026-04-23,https://jasoseol.com/recruit/103699,,2026-09-07 18:31:36
자소설닷컴,중앙대학교병원,(서울병원) 재활의학과 소아 물리치료사(계약직) 모집 (2026.04),재활의학과(소아 운동치료실)-소아 물리치료사,계약직,수시채용,,,2026-04-23,https://jasoseol.com/recruit/103700,,2026-09-07 18:31:37
자소설닷컴,동국제약,신입/경력 채용(글로벌/개발/디자인/영업/마케팅/관리 등 모집)  ~ 4/29,"화장품  글로벌 마케팅 팀장, 미래전략팀, 내부감사, IT기획운영부, IT기획운영부 IT개발팀, IT기획운영부 IT운영팀, 디자인1팀, SI(3D)팀, 영업지원팀, 유통관리팀, OTC마케팅 PM, ETC마케팅 신성장","경력, 신입, 코드5",수시채용,,,2026-04-29,https://jasoseol.com/recruit/103701,,2026-09-07 18:31:37
자소설닷컴,동국제약,"신입/경력 채용(생산본부, 연구소) ~ 4/29","기술팀, 발효팀, 연고팀, 주사제2팀, 시설관리팀(보일러, 도시가스, 공조냉동 안전관리자), 시설관리팀 (밸리데이션), 밸리데이션팀, 생산관리팀, 프리필드팀, 재고관리팀, 의료기기연구팀, 생약연구팀","경력, 계약직, 코드5",수시채용,,,2026-04-29,https://jasoseol.com/recruit/103702,,2026-09-07 18:31:38
자소설닷컴,데일리앤코,"[클럭,몽제] 상품기획/개발자 채용 (OEM/ODM)",상품기획,경력,수시채용,,,2026-05-01,https://jasoseol.com/recruit/103703,,2026-09-07 18:31:38
자소설닷컴,토스플레이스,Sales Operations Assistant,Sales Operations Assistant,계약직,상시채용,,,2026-06-11,https://jasoseol.com/recruit/103704,,2026-09-07 18:31:38
자소설닷컴,한국전자기술연구원,2026년 정규직 공개 채용,"양자 소재·부품·장비 분야 기술 개발, 화합물 전력반도체 소자 기술 개발, Co-packaged Optics 관련 분야 기술 개발, RF 소자 특성평가 및 EM 해석 기술 개발, 리튬 기반 이차전지 또는 전고체전지 ",코드5,수시채용,,,2026-05-07,https://jasoseol.com/recruit/103705,,2026-09-07 18:31:39
자소설닷컴,사노피아벤티스코리아,2026 Internship Program 모집 공고,"Corporate Affairs 대외협력부 인턴, Finance 재무부 인턴, Market Access 의약품 보험 급여·정책부 인턴, Supply Chain Management 서플라이체인 인턴, Pharmacov",인턴,수시채용,,,2026-05-02,https://jasoseol.com/recruit/103706,,2026-09-07 18:31:39
자소설닷컴,한국조폐공사(KOMSCO),2026년도 체험형인턴(일반·사회형평) 채용,"사무(대전권), 기술(대전권), ICT(대전권), 사무(서울), 사무(경북 경산), 기술(경북 경산), 사무(장애전형), 사무(종합전형)",인턴,수시채용,,,2026-04-23,https://jasoseol.com/recruit/103707,,2026-09-07 18:31:40
자소설닷컴,누비랩,[기본급 3000만/인센] 세일즈 스페셜리스트 (계약/6개월),세일즈 스페셜리스트,계약직,상시채용,,,2026-05-10,https://jasoseol.com/recruit/103709,,2026-09-07 18:31:40
자소설닷컴,광주과학기술원,2026년 제1차 AI영재학교 교원 채용 공고,"교원_AI영재학교 개교 추진단장, 교원_물리, 교원_화학, 교원_수학, 교원_국어, 교원_영어, 교원_인공지능","경력, 신입",수시채용,,,2026-05-19,https://jasoseol.com/recruit/103710,,2026-09-07 18:31:41
자소설닷컴,NHN Cloud,보안 AI엔지니어,데이터 보안 기술 개발,경력,상시채용,,,2026-06-19,https://jasoseol.com/recruit/103708,,2026-09-07 18:31:41
자소설닷컴,광주과학기술원,2026년 제1차 AI영재학교 직원 채용 공고,"직원(원급)_입학/학사, 직원(원급)_건축, 직원(원급)_전산, 직원(원급)_일반행정",경력,수시채용,,,2026-05-06,https://jasoseol.com/recruit/103711,,2026-09-07 18:31:41
자소설닷컴,제주항공,2026년 상반기 일반직 신입사원 채용 (인재개발/구매),"인재개발, 구매",인턴,수시채용,,,2026-04-27,https://jasoseol.com/recruit/103712,,2026-09-07 18:31:44
자소설닷컴,김앤장 법률사무소,송무 및 상업등기 스탭(신입) 채용,"송무 스탭, 상업 등기 스탭",신입,수시채용,,,2026-04-28,https://jasoseol.com/recruit/103713,,2026-09-07 18:31:44
자소설닷컴,한국무역협회,2026년 미래내일 일경험 인턴형 참여자 모집,"경영 사무 (기획조정실), 경영 사무 (인사총무실), 경영 사무 (무역정책지원실), 경영 사무 (물류서비스실), 경영 사무 (아주실), 경영 사무 (미주실), 경영 사무 (스타트업글로벌성장실), 경영 사무 (글로벌연",인턴,수시채용,,,2026-04-26,https://jasoseol.com/recruit/103714,,2026-09-07 18:31:44
자소설닷컴,한국산업기술진흥협회(KOITA),정규직 직원 공개채용,일반행정(신입),신입,수시채용,,,2026-05-06,https://jasoseol.com/recruit/103716,,2026-09-07 18:31:45
자소설닷컴,은행권청년창업재단,2026년 디캠프 투자팀 정규직 수시채용,투자팀 정규직 매니저,경력,상시채용,,,2026-06-19,https://jasoseol.com/recruit/103717,,2026-09-07 18:31:45
자소설닷컴,채널A,2026 시설 및 안전관리 경력 채용,시설 및 안전관리,계약직,수시채용,,,2026-05-04,https://jasoseol.com/recruit/103715,,2026-09-07 18:31:45
자소설닷컴,대한상공회의소,AI+ Academy 교육생 모집,"[Microsoft] AI 엔지니어, [Salesforce] AI CRM 엔지니어, [Intel] On-Device AI 아카데미, [Nvidia] AI 코어 엔지니어, [Oracle] 의료 바이오 AI Servic",교육,수시채용,,,2026-05-10,https://jasoseol.com/recruit/103718,,2026-09-07 18:31:45
자소설닷컴,서울시메트로9호선,2026년 경력사원 채용공고,"토목궤도, 기계",경력,수시채용,,,2026-04-30,https://jasoseol.com/recruit/103719,,2026-09-07 18:31:46
자소설닷컴,현대자동차,소프티어 부트캠프 8기 모집,"웹 백엔드, 데이터 엔지니어링/데이터 아키텍트, 서비스 기획",교육,수시채용,,,2026-05-11,https://jasoseol.com/recruit/103720,,2026-09-07 18:31:46
자소설닷컴,지역난방안전,2026년 상반기 2차 신입사원 채용공고,"열수송직(본사-사업관리실), 열수송직(본사-통합관제센터), 열수송직(북부사업소-고양), 열수송직(용인사업소-용인), 열수송직(남부사업소-평택)",신입,수시채용,,,2026-05-03,https://jasoseol.com/recruit/103721,,2026-09-07 18:31:46
자소설닷컴,공간정보품질관리원,2026년 제1차 정규직 채용 공고,"공간정보 (신입), 기록물관리 (경력), 안전관리행정 (경력)","경력, 신입",수시채용,,,2026-05-05,https://jasoseol.com/recruit/103722,,2026-09-07 18:31:47
자소설닷컴,GC셀,"임상병리사 모집 (제주, 계약직)",임상병리사,계약직,상시채용,,,2026-04-27,https://jasoseol.com/recruit/103723,,2026-09-07 18:31:47
자소설닷컴,고려대학교 세종캠퍼스,정규직원(사무직) 채용공고,"행정직 (일반행정), 행정직 (IT)",코드5,수시채용,,,2026-04-27,https://jasoseol.com/recruit/103724,,2026-09-07 18:31:48
자소설닷컴,비바리퍼블리카(토스),Android Developer,Android Developer,경력,상시채용,,,2026-06-19,https://jasoseol.com/recruit/103726,,2026-09-07 18:31:48
자소설닷컴,한국콘텐츠공제조합,정규 직원 채용공고,[공제사업본부]공제사업팀(대리),신입,수시채용,,,2026-05-13,https://jasoseol.com/recruit/103728,,2026-09-07 18:31:49
자소설닷컴,경기창조경제혁신센터,"창업기업AC, 글로벌창업AC, 오픈이노베이션 코디네이터 경력 및 신입 직원 채용","창업기업 액셀러레이터(경력직 선임/주임급), 창업기업 액셀러레이터(신규/경력직 사원급), 창업기업 액셀러레이터(신규/경력직 사원급_초기창업패키지), 글로벌 창업 액셀러레이터(신규/경력직 주임급), 글로벌 창업 액셀러",계약직,수시채용,,,2026-05-03,https://jasoseol.com/recruit/103727,,2026-09-07 18:31:49
자소설닷컴,LG생활건강,더후 고객경험팀,더후 고객경험팀,경력,수시채용,,,2026-04-28,https://jasoseol.com/recruit/103729,,2026-09-07 18:31:50
자소설닷컴,LG생활건강,Beauty 브랜드 마케팅,럭셔리뷰티사업부 화장품 브랜드마케팅,경력,수시채용,,,2026-04-28,https://jasoseol.com/recruit/103730,,2026-09-07 18:31:50
자소설닷컴,비바리퍼블리카(토스),Sales Operations Specialist,Sales Operations Specialist,계약직,상시채용,,,2026-05-09,https://jasoseol.com/recruit/103725,,2026-09-07 18:31:50
자소설닷컴,한국가스안전공사(KGS),2026년 제2차 체험형인턴 채용,"청년인턴 LPG용기 사용가구 시설개선 점검/검수_경남본부(창원), 청년인턴 LPG용기 사용가구 시설개선 점검/검수_경남서부지사(진주), 청년인턴 LPG용기 사용가구 시설개선 점검/검수_대구광역본부(대구), 청년인턴 ",인턴,수시채용,,,2026-05-06,https://jasoseol.com/recruit/103731,,2026-09-07 18:31:50
자소설닷컴,코모스,수시채용 운영案,"재무회계부문(자금파트), 재무회계부문(중간책임자), 구매원가부문",경력,수시채용,,,2026-04-28,https://jasoseol.com/recruit/103732,,2026-09-07 18:31:51
자소설닷컴,페이히어,[핀테크 스타트업] 인바운드 세일즈 스페셜리스트 인턴 채용,인바운드 세일즈 스페셜리스트,인턴,상시채용,,,2026-06-08,https://jasoseol.com/recruit/103733,,2026-09-07 18:31:51
자소설닷컴,페이히어,[핀테크 스타트업] 프로덕트 세일즈 스페셜리스트 인턴 채용,프로덕트 세일즈 스페셜리스트,인턴,상시채용,,,2026-05-18,https://jasoseol.com/recruit/103734,,2026-09-07 18:31:53
자소설닷컴,한국전파진흥협회,크리에이터 미디어 신직업 육성 사업 교육생 모집,크리에이터 미디어 신직업 교육생,교육,수시채용,,,2026-05-18,https://jasoseol.com/recruit/103735,,2026-09-07 18:31:53
자소설닷컴,토스뱅크,Content Marketing Assistant,Content Marketing Assistant,계약직,상시채용,,,2026-06-20,https://jasoseol.com/recruit/103737,,2026-09-07 18:31:53
자소설닷컴,E1,신규사업팀 사무보조 채용,신규사업팀 사무보조,계약직,수시채용,,,2026-04-27,https://jasoseol.com/recruit/103738,,2026-09-07 18:31:53
자소설닷컴,브이엠,개발/설계 엔지니어 및 영업 채용,"연구소 H/W 개발 엔지니어, 연구소 기계 설계 엔지니어, 영업",코드5,수시채용,,,2026-05-08,https://jasoseol.com/recruit/103740,,2026-09-07 18:31:54
자소설닷컴,이노베이션아카데미,2026년 코디세이 AI 네이티브 과정 교육생 모집,코디세이 AI 네이티브 과정 교육생,교육,수시채용,,,2026-05-15,https://jasoseol.com/recruit/103741,,2026-09-07 18:31:55
자소설닷컴,DIG에어가스,전기설계 경력 채용,전기설계,경력,수시채용,,,2026-04-29,https://jasoseol.com/recruit/103742,,2026-09-07 18:31:55
자소설닷컴,BGF리테일,2026년 상반기 신입사원 공개채용,SC(영업관리),신입,수시채용,,,2026-05-07,https://jasoseol.com/recruit/103739,,2026-09-07 18:31:55
자소설닷컴,BGF리테일,2026년 상반기 신입사원 공개채용 캠퍼스리크루팅 전형,영업관리 SC (Store Consultant),신입,수시채용,,,2026-05-07,https://jasoseol.com/recruit/103736,,2026-09-07 18:31:56
자소설닷컴,BAT(비에이티),[인턴] Growth Business Developer (정규직 전환형),[인턴] Growth Business Developer (정규직 전환형),인턴,수시채용,,,2026-05-13,https://jasoseol.com/recruit/103744,,2026-09-07 18:31:56
자소설닷컴,우체국시설관리단(POMA),"(본사)청년인턴, 전문계약직 채용 공고","청년인턴(체험형), 청년인턴(체험형-장애인), 전문계약직(노무사)","계약직, 인턴",수시채용,,,2026-05-04,https://jasoseol.com/recruit/103745,,2026-09-07 18:31:56
자소설닷컴,한국해양조사협회,직원채용 공고,"해양조사·정보_해양조사·정보, 해양조사·정보_해양조사·정보(육아휴직 대체인력), 해양조사·정보_해양조사 업무지원","경력, 계약직",수시채용,,,2026-05-06,https://jasoseol.com/recruit/103743,,2026-09-07 18:31:57
자소설닷컴,후루노코리아,[외국계] 서비스 코디네이터 채용,서비스 코디네이터,코드5,수시채용,,,2026-05-03,https://jasoseol.com/recruit/103746,,2026-09-07 18:31:57
자소설닷컴,범부처통합헬스케어협회,AI 의료바이오데이터 융합인재 과정(2026) 교육생 모집,의료바이오데이터 융합인재 과정 교육생,교육,수시채용,,,2026-05-11,https://jasoseol.com/recruit/103747,,2026-09-07 18:31:57
자소설닷컴,이노션,캠페인플래닝 (체험형 인턴),캠페인플래닝,인턴,수시채용,,,2026-04-26,https://jasoseol.com/recruit/103748,,2026-09-07 18:31:58
자소설닷컴,일화,2026년 신입 및 경력 채용(3),"E-BIZ영업팀-E-BIZ영업담당(온라인MD), F&B연구실-건기식연구담당, 초정공장-초정품질관리담당","경력, 코드5",수시채용,,,2026-05-03,https://jasoseol.com/recruit/103751,,2026-09-07 18:31:59
자소설닷컴,LS MnM,경력사원 수시채용,"배터리소재 수주영업, 해외주재원 (CFO)",경력,수시채용,,,2026-05-05,https://jasoseol.com/recruit/103749,,2026-09-07 18:31:59
자소설닷컴,한국알콜그룹,2026년 4월 채용,"[ENF] 연구개발, [ENF] 박사 장학생, [ENF] IT Specialist(HR 부문), [ENF] 기술영업(반도체소재), [ENF] 기술영업(도금액), [ENF] 연구개발(반도체재료), [ENF] 개발지원(","경력, 계약직, 신입, 코드5",수시채용,,,2026-05-05,https://jasoseol.com/recruit/103750,,2026-09-07 18:31:59
자소설닷컴,에이피알,[상품기획] 뷰티 상품기획 보조 계약직 사원 모집,[상품기획] 뷰티 상품기획 보조 계약직 사원 모집,계약직,상시채용,,,2026-05-15,https://jasoseol.com/recruit/103753,,2026-09-07 18:31:59
자소설닷컴,신협,2026년 상반기 신협협동조합 신입직원 공동채용,"일반직(부산), 일반직(울산경남), 일반직(인천), 일반직(경기), 일반직(대구경북), 일반직(광주전남), 일반직(충북), 일반직(전북), 일반직(강원), 일반직(제주)",신입,수시채용,,,2026-05-08,https://jasoseol.com/recruit/103752,,2026-09-07 18:32:00
자소설닷컴,신원,수출부문 KNIT 해외영업(담당 바이어 미정) 신입 채용,해외영업,신입,상시채용,,,2026-06-21,https://jasoseol.com/recruit/103755,,2026-09-07 18:32:01
자소설닷컴,케이더블유이코리아,총무부 신입사원 채용,총무부,신입,수시채용,,,2026-05-06,https://jasoseol.com/recruit/103757,,2026-09-07 18:32:01
자소설닷컴,유안타증권,펀드솔루션팀 신입/경력직원 채용,"펀드솔루션팀 종합직, 펀드솔루션팀 일반직",계약직,수시채용,,,2026-05-06,https://jasoseol.com/recruit/103756,,2026-09-07 18:32:02
자소설닷컴,녹십자웰빙,"Aesthetic (병의원영업, MR)",MR,경력,수시채용,,,2026-05-05,https://jasoseol.com/recruit/103754,,2026-09-07 18:32:03
자소설닷컴,한솔제지,신입사원 수시채용 (해외영업/내수영업),해외영업,신입,수시채용,,,2026-04-28,https://jasoseol.com/recruit/103759,,2026-09-07 18:32:03
자소설닷컴,토스페이먼츠,Sales Assistant,영업지원,계약직,상시채용,,,2026-06-21,https://jasoseol.com/recruit/103761,,2026-09-07 18:32:04
자소설닷컴,코레일유통,2026년 체험형 청년인턴 공개모집,"체험형 청년인턴_본사, 체험형 청년인턴_서울본부, 체험형 청년인턴_경인본부, 체험형 청년인턴_경기본부, 체험형 청년인턴_동부본부, 체험형 청년인턴_부산경남본부, 체험형 청년인턴_충청본부, 체험형 청년인턴_호남본부, ",인턴,수시채용,,,2026-05-06,https://jasoseol.com/recruit/103758,,2026-09-07 18:32:04
자소설닷컴,루닛,[전문연 가능] Biomedical Research Scientist,Biomedical Research Scientist,경력,상시채용,,,2026-06-21,https://jasoseol.com/recruit/103763,,2026-09-07 18:32:04
자소설닷컴,한국교통안전공단(KOTSA),직원(실무직) 공개채용 공고,"사무(자립준비청년) (4급 1단계), 검사 (4급 1단계) 서울 강남, 검사 (4급 1단계) 서울 마포, 검사 (4급 1단계) 인천 서구, 검사 (4급 1단계) 경기 부천, 검사 (4급 1단계) 경기 수원, 검사 (",코드5,수시채용,,,2026-05-07,https://jasoseol.com/recruit/103764,,2026-09-07 18:32:05
자소설닷컴,아세아제지,세종공장 안전관리 경력사원 채용,안전,경력,수시채용,,,2026-05-05,https://jasoseol.com/recruit/103760,,2026-09-07 18:32:05
자소설닷컴,중소벤처기업진흥공단(KOSME),2026년 상반기 일반직(신입·경력) 채용,"행정_경영기획, 행정_기업평가(전국), 행정_기업평가(강원권), 행정_기업평가(충청권), 행정_기업평가(호남권), 행정_글로벌, 행정_채권관리, 행정_경영기획(보훈), 행정_기업평가(보훈), 행정_기록물관리(자격),","경력, 코드5",수시채용,,,2026-05-07,https://jasoseol.com/recruit/103765,,2026-09-07 18:32:05
자소설닷컴,대우건설,2026년 상반기 신입사원 및 채용연계형 인턴 채용,"건축시공, 구조, 건축기계설비, 건축전기설비, 건축토목, 영업개발, 토목시공, 토목토질설계, 토목구조설계, 토목항만설계, 토목도로설계, 토목BIM, 연구개발, 토목기계설비, 토목전기설비, 플랜트건축, 플랜트토목, 플","신입, 인턴, 코드5",수시채용,,,2026-05-06,https://jasoseol.com/recruit/103762,,2026-09-07 18:32:05
자소설닷컴,한국교통안전공단(KOTSA),직원(정규직) 공개채용 공고,"행정5급_노무사(인사관리), 기술5급_검사연구(소프트웨어 개발), 기술5급_검사연구(검사기기 개발), 연구교수4급_항공자격(조종), 연구교수5급_교통, 연구교수5급_사이버보안(자동차), 연구교수5급_사이버보안(교통)","경력, 신입",수시채용,,,2026-05-07,https://jasoseol.com/recruit/103766,,2026-09-07 18:32:06
자소설닷컴,IBK기업은행,2026년 하계 체험형 청년인턴 채용,"금융 일반 (서울·수도권), 금융 일반 (영남권), 금융 일반 (충청·강원권), 금융 일반 (호남·제주권), 디지털·IT",인턴,수시채용,,,2026-05-13,https://jasoseol.com/recruit/103768,,2026-09-07 18:32:06
자소설닷컴,금강주택,2026년 대졸 신입사원 공개채용,"개발사업, 회계, 총무/전산, 공공입찰, 건축, 토목, 기계(건축설비), 전기, 안전",신입,수시채용,,,2026-05-05,https://jasoseol.com/recruit/103767,,2026-09-07 18:32:07
자소설닷컴,인하대학교 미래인재개발원,[LG마그나x인하대학교] 전기자동차 전력전장부품 엔지니어 전문인력 양성 국비지원 교육생 모집,전기자동차 전력전장부품 엔지니어 전문인력 양성 국비지원 교육생 모집,교육,수시채용,,,2026-05-27,https://jasoseol.com/recruit/103769,,2026-09-07 18:32:07
자소설닷컴,DRB동일,2026년 2분기 분야별 경력사원 채용,"[DRB동일고무벨트]산업보건 간호사, [DRB동일고무벨트]시장 개척 및 사업 개발, [DRB Automotive]안전/소방, [DRB Automotive]소재 연구/개발",경력,수시채용,,,2026-05-10,https://jasoseol.com/recruit/103770,,2026-09-07 18:32:07
자소설닷컴,DRB동일,Campus D 서울 콘텐츠 기획·운영 계약직 채용,콘텐츠 기획·운영,계약직,수시채용,,,2026-05-10,https://jasoseol.com/recruit/103771,,2026-09-07 18:32:08
자소설닷컴,창업진흥원(KISED),2026년 제3차 체험형 청년인턴(일반) 채용 공고,청년인턴_일반행정,인턴,수시채용,,,2026-05-07,https://jasoseol.com/recruit/103773,,2026-09-07 18:32:09
자소설닷컴,용마로지스,2026년 4월 각 부문별 신입 및 경력 채용,"영업, QA, 택배전략, 택배(운영/마감), 물류운영, 안성DC 인수증 관리, 특수배송",신입,수시채용,,,2026-05-05,https://jasoseol.com/recruit/103772,,2026-09-07 18:32:09
자소설닷컴,창업진흥원(KISED),2026년 제1차 기간제근로자(육휴대체) 채용 공고,기간제근로자(육휴대체)_일반행정,계약직,수시채용,,,2026-05-07,https://jasoseol.com/recruit/103774,,2026-09-07 18:32:09
자소설닷컴,아동권리보장원,직원 채용,"아동권리정책 본부총괄(개방형직위)_일반직(1급상당), 사업관리(입양사업)_일반직(4급), 기관운영(경영지원)_일반직(5급), 기관운영(정보화전략)_일반직(5급), 사업관리(보훈)_일반직(6급), 사업관리(장애)_일반","계약직, 신입, 인턴, 코드5",수시채용,,,2026-05-06,https://jasoseol.com/recruit/103775,,2026-09-07 18:32:09
자소설닷컴,은행권청년창업재단,2026년 디캠프 일본/미국 사업 PM 수시채용,"글로벌사업팀 일본사업 PM, 글로벌사업팀 미국사업 PM",경력,상시채용,,,2026-06-22,https://jasoseol.com/recruit/103776,,2026-09-07 18:32:09
자소설닷컴,펄어비스,2026 여름 인턴십 채용연계형,"엔지니어링(프로그래밍)_게임플레이, 엔지니어링(프로그래밍)_AI, 캐릭터&애니메이션, 엔지니어링(프로그래밍)_렌더링, 엔지니어링(프로그래밍)_게임플랫폼, 엔지니어링(프로그래밍)_빌드시스템개발, 아트_캐릭터 모델링, ",인턴,수시채용,,,2026-05-11,https://jasoseol.com/recruit/103777,,2026-09-07 18:32:10
자소설닷컴,계명대학교,직원 채용 공고,"행정직 - 일반행정, 기술직 - 전기",계약직,수시채용,,,2026-05-11,https://jasoseol.com/recruit/103778,,2026-09-07 18:32:10
자소설닷컴,NHN Cloud,제로트러스트 보안 서비스 개발,제로트러스트 보안 서비스 개발,코드5,상시채용,,,2026-08-14,https://jasoseol.com/recruit/103780,,2026-09-07 18:32:11
자소설닷컴,우리자산운용,데이터/AI 부문 경력직 채용,데이터/AI 부문,계약직,수시채용,,,2026-05-03,https://jasoseol.com/recruit/103781,,2026-09-07 18:32:11
자소설닷컴,존슨앤드존슨,2026 Summer Internship Hiring,"Marketing Intern(Surgery), Content Marketing Intern(Surgery), Marketing Intern(Orthopaedics), Marketing Intern(Neurovasc",인턴,수시채용,,,2026-05-10,https://jasoseol.com/recruit/103782,,2026-09-07 18:32:12
자소설닷컴,테스(TES),2026년 상반기 신입 및 경력사원 채용,"RF 개발 (PECVD), RF 회로 설계, 전장 설계, AI 응용 S/W 개발 (Edge Computing), S/W 개발 (CTC), S/W 개발 (PMC), 설비CS, 고압가스 안전관리, 화학물질 안전관리, 공","경력, 계약직, 코드5",수시채용,,,2026-04-26,https://jasoseol.com/recruit/103783,,2026-09-07 18:32:12
자소설닷컴,한국석유공업,[KP그룹]케미칼솔루션사업부 LAB BIZ팀 Back-end 개발자 채용(경력),[KP그룹]KP한석화학 LAB BIZ팀 Back-end 개발자,경력,수시채용,,,2026-05-10,https://jasoseol.com/recruit/103785,,2026-09-07 18:32:13
자소설닷컴,용인시,2026년 상반기 공공기관 통합채용 공고,"용인도시공사 7급 토목(청년), 용인도시공사 7급 건축, 용인도시공사 7급 기계(청년), 용인도시공사 7급 행정(일반/청년), 용인도시공사 7급 행정(기록물/청년), 용인도시공사 8급 선별관리(청년), 용인도시공사 ","경력, 신입, 코드5",수시채용,,,2026-05-15,https://jasoseol.com/recruit/103784,,2026-09-07 18:32:13
자소설닷컴,어플라이드 머티어리얼즈 코리아,엔지니어 체험형 인턴 모집,장비엔지니어(CE) 및 공정엔지니어(PSE) 체험형 인턴,인턴,수시채용,,,2026-05-06,https://jasoseol.com/recruit/103786,,2026-09-07 18:32:13
자소설닷컴,어플라이드 머티어리얼즈 코리아,[Semiconductor 분야] Customer Engineer (장비 엔지니어),Customer Engineer (장비 엔지니어),신입,수시채용,,,2026-05-06,https://jasoseol.com/recruit/103787,,2026-09-07 18:32:14
자소설닷컴,현대자동차,졸업예정자를 위한 채용전환형 하계 인턴십,"[연구개발] 모빌리티 시스템 선행개발, [연구개발] 배터리개발, [연구개발] 인포테인먼트개발, [연구개발] 전자개발, [연구개발] 전동화시험, [연구개발] 차량아키텍처개발, [연구개발] 수소연료전지개발, [연구개발]",인턴,수시채용,,,2026-05-08,https://jasoseol.com/recruit/103779,,2026-09-07 18:32:14
자소설닷컴,한국벤처캐피탈협회,2026년 제3기 벤처캐피탈 관리역 신규인력 양성과정(KAMA) 교육생 모집,벤처캐피탈 관리역,교육,수시채용,,,2026-06-07,https://jasoseol.com/recruit/103788,,2026-09-07 18:32:14
자소설닷컴,인카금융서비스,2026년 신입사원 공개 채용,영업관리직,신입,수시채용,,,2026-05-11,https://jasoseol.com/recruit/103789,,2026-09-07 18:32:15
자소설닷컴,서울에너지공사,2026년도 상반기 신규직원 채용 공고,"일반직5급_전산_전산·정보통신기술, 일반직7급_행정, 일반직7급_기계, 일반직7급_전기, 일반직7급_환경·화공, 일반직7급_토목, 일반직8급(고졸인재)_전기","경력, 신입",수시채용,,,2026-05-14,https://jasoseol.com/recruit/103791,,2026-09-07 18:32:16
자소설닷컴,현대자동차,2026 계약학과 모집,"[차량제어개발/한양대] SDV 차량 제어 개발, [차량제어개발/연세대] SDV 차량 제어 개발, [차량제어개발/한양대] 차량 거동 제어 개발, [차량제어개발/서울대] 차량 구동 통합 제어 개발, [차량제어개발/서울대",신입,수시채용,,,2026-05-08,https://jasoseol.com/recruit/103790,,2026-09-07 18:32:16
자소설닷컴,세스코,구매관리,구매관리,경력,수시채용,,,2026-05-05,https://jasoseol.com/recruit/103792,,2026-09-07 18:32:17
자소설닷컴,인천시설공단,2026년 청년체험형 인턴 채용계획 공고,"사무, 기술_전기",인턴,수시채용,,,2026-05-14,https://jasoseol.com/recruit/103793,,2026-09-07 18:32:17
자소설닷컴,하나증권,목동금융센터 경력직 채용,목동금융센터,계약직,수시채용,,,2026-04-28,https://jasoseol.com/recruit/103794,,2026-09-07 18:32:17
자소설닷컴,티맥스소프트,[홈페이지지원] 2026 글로벌 AI 비지니스 플랫폼 개발 인재 모집,"Java/Go 개발자, C/C++/Rust 개발자, AI/Python 개발자, FE 개발자, UX 디자이너, 제품 QA 엔지니어, AI QA 엔지니어, 제품 책임자(PO), 제품 기획자, DevOps 엔지니어",코드5,수시채용,,,2026-05-10,https://jasoseol.com/recruit/103795,,2026-09-07 18:32:17
자소설닷컴,한국도로교통공단(KoROAD),2026년 NCS기반 신규직원 공개채용 공고,"[일반] 첨단교통_강원권(본부)_본부, [일반] 첨단교통_경상권(경북)_경상북도지부, [일반] 교통안전_경상권(경남)_부산광역시지부, [일반] 교통안전_경상권(경남)_울산광역시·경상남도지부, [일반] 사고조사_수도권","경력, 신입",수시채용,,,2026-05-04,https://jasoseol.com/recruit/103796,,2026-09-07 18:32:18
자소설닷컴,한국남부발전(KOSPO),2026년 상반기 체험형 인턴 채용,"[부산] 사무 - 홍보, [부산] 사무 - ICT, [부산] 사무 - 재무회계, [부산] 사무 - 기획, [부산] 사무 - 총무, [부산] 사무 - 인사노무, [부산] 사무 - 계약자재, [부산] 사무 - 출자관리,",인턴,수시채용,,,2026-05-07,https://jasoseol.com/recruit/103797,,2026-09-07 18:32:18
자소설닷컴,한미전략투자공사,2026년 경력직원 채용공고,"투자총괄팀장, 투자총괄ㆍ대미투자ㆍ조선협력투자, 자금운용실장(CFO), 자금팀장, 자금조달·운용·관리, 재무·회계, 총괄기획팀장, 경영기획·대외협력·인사관리·총무, 감사, 컴플라이언스, IT·정보보호",경력,수시채용,,,2026-05-11,https://jasoseol.com/recruit/103798,,2026-09-07 18:32:18
자소설닷컴,멀티캠퍼스(SSAFY),SSAFY 16기 모집,SSAFY 16기,교육,수시채용,,,2026-05-11,https://jasoseol.com/recruit/103799,,2026-09-07 18:32:19
자소설닷컴,한국투자리얼에셋운용,2026년 채용연계형 해외대 인턴 공개채용,"운용부문 (국내외 부동산, 실물 등 자산운용), 관리부문 (투자자산 심사, 리스크관리)",인턴,수시채용,,,2026-05-08,https://jasoseol.com/recruit/103800,,2026-09-07 18:32:19
자소설닷컴,농림식품기술기획평가원,2026년도 정규직 채용 공고,R&D 기획ㆍ관리,코드5,수시채용,,,2026-05-04,https://jasoseol.com/recruit/103801,,2026-09-07 18:32:20
자소설닷컴,창성,2026년 대졸 신입 및 경력사원 수시 모집,"마케팅 - 전자재료마케팅, 마케팅 - 해외마케팅, 제조 - 코일공정기술, 제조 - 전자재료생산관리, 제조 - 클래드제품기술, 품질 - 코일품질, 연구 - 신뢰성/분석","경력, 신입",수시채용,,,2026-05-10,https://jasoseol.com/recruit/103802,,2026-09-07 18:32:20
자소설닷컴,중앙대학교병원,(광명병원) 간호본부 심장혈관흉부외과 전담간호사 (계약직) 모집 (2026.04),간호사-간호본부(진료지원간호팀)-심장혈관흉부외과 전담간호사,계약직,수시채용,,,2026-05-01,https://jasoseol.com/recruit/103803,,2026-09-07 18:32:20
자소설닷컴,중앙대학교병원,(광명병원) 혁신추진팀 행정직 (계약직) 모집 (2026.04),행정-혁신추진팀,계약직,수시채용,,,2026-04-30,https://jasoseol.com/recruit/103804,,2026-09-07 18:32:21
자소설닷컴,중앙대학교병원,(서울병원) 부대사업팀 조리원(계약직) 모집 (2026.04-2),부대사업팀-조리원,계약직,수시채용,,,2026-04-30,https://jasoseol.com/recruit/103805,,2026-09-07 18:32:21
자소설닷컴,렉스몬드,재무회계팀 신입직원 수시채용,재무회계팀,신입,수시채용,,,2026-05-03,https://jasoseol.com/recruit/103806,,2026-09-07 18:32:22
자소설닷컴,아주산업,2026년 모듈러사업팀(설계) 리더 인재채용,2026년 모듈러사업(설계) 리더급,경력,수시채용,,,2026-05-05,https://jasoseol.com/recruit/103807,,2026-09-07 18:32:22
자소설닷컴,수협은행,2026년 상반기 신입행원 전역장교 특별채용,전역장교,신입,수시채용,,,2026-05-11,https://jasoseol.com/recruit/103809,,2026-09-07 18:32:23
자소설닷컴,이화다이아몬드공업,2026년 상반기 신입 및 경력 채용,"기술개발, 해외기술영업, 국내기술영업, 품질보증, 공정관리, 해외TMS(Tooling Management Service), 전산","경력, 코드5",수시채용,,,2026-05-11,https://jasoseol.com/recruit/103810,,2026-09-07 18:32:23
자소설닷컴,대한지방행정공제회,2026년도 신입직원 채용,"일반, IT",신입,수시채용,,,2026-05-11,https://jasoseol.com/recruit/103808,,2026-09-07 18:32:24
자소설닷컴,하나증권,기업분석실 경력직 채용,"유틸리티 조선 RA, 화장품, 유통업종 RA",계약직,수시채용,,,2026-05-03,https://jasoseol.com/recruit/103811,,2026-09-07 18:32:24
자소설닷컴,비바리퍼블리카(토스),IT Assistant,IT Assistant,계약직,상시채용,,,2026-06-26,https://jasoseol.com/recruit/103812,,2026-09-07 18:32:24
자소설닷컴,중앙대학교병원,(서울병원) 방사선종양학과 간호사(계약직) 모집 (2026.04),방사선종양학과-간호사,계약직,수시채용,,,2026-05-03,https://jasoseol.com/recruit/103814,,2026-09-07 18:32:25
자소설닷컴,콘레브,베이글챗 정규직/계약직 채용,"AI 챗봇 서비스 그로스 마케터, 베이글챗 그로스 PM, AI 콘텐츠 크리에이터, 퍼포먼스 마케팅, QA·CS 운영","경력, 계약직, 인턴",상시채용,,,2026-06-26,https://jasoseol.com/recruit/103813,,2026-09-07 18:32:25
자소설닷컴,국립낙동강생물자원관,2026년 직원 채용 공고,"일반직(신입)_연구직(원급)_담수생물데이터 관리·활용, 일반직(신입)_연구직(원급)_수생균류 분류·배양·보존, 일반직(신입)_연구직(원급)_미세조류 실용화 연구, 일반직(신입)_연구직(원급)_생물자원 기능성물질 개발","신입, 인턴, 코드5",수시채용,,,2026-05-13,https://jasoseol.com/recruit/103816,,2026-09-07 18:32:26
자소설닷컴,OCI,2026 상반기 채용연계형 인턴 수시채용,"품질관, 공무, 생산관리, 품질관리",인턴,수시채용,,,2026-05-11,https://jasoseol.com/recruit/103817,,2026-09-07 18:32:26
자소설닷컴,신원,수출부문 Style R&D Womens Plus 주니어경력 채용,Style R&D,경력,수시채용,,,2026-05-08,https://jasoseol.com/recruit/103815,,2026-09-07 18:32:27
자소설닷컴,공항철도,2026년 하반기 채용연계형 인턴 채용 공고,"기술(신호), 기술(통신), 기술(승강PSD), 기술(차량), 승무",인턴,수시채용,,,2026-05-07,https://jasoseol.com/recruit/103818,,2026-09-07 18:32:27
자소설닷컴,한국콘텐츠진흥원(KOCCA),2026 K-콘텐츠 수출 마케터 양성 교육 교육생 모집,"2026 K-콘텐츠 수출 마케터 양성 교육(5기)-신규, 2026 K-콘텐츠 수출 마케터 양성 교육(5기)-현업",교육,수시채용,,,2026-05-25,https://jasoseol.com/recruit/103819,,2026-09-07 18:32:27
자소설닷컴,한국에너지공단,청년인턴[체험형] 채용공고,"청년인턴(체험형)_사무행정(울산), 청년인턴(체험형)_사무행정(서울), 청년인턴(체험형)_사무행정(부산), 청년인턴(체험형)_사무행정(대구), 청년인턴(체험형)_사무행정(인천), 청년인턴(체험형)_사무행정(광주), ",인턴,수시채용,,,2026-05-13,https://jasoseol.com/recruit/103821,,2026-09-07 18:32:27
자소설닷컴,후성홀딩스,"기업문화실, 정보관리실 모집의 건","기업문화실, 정보관리실","경력, 신입",수시채용,,,2026-05-10,https://jasoseol.com/recruit/103822,,2026-09-07 18:32:28
자소설닷컴,앱솔브랩,[셀리맥스] 스페인어 마케팅 인턴 채용,스페인어 마케팅 인턴,인턴,상시채용,,,2026-06-26,https://jasoseol.com/recruit/103823,,2026-09-07 18:32:28
자소설닷컴,한국보건의료인국가시험원,2026년도 제1차 신규직원 채용,6급(주임),코드5,수시채용,,,2026-05-12,https://jasoseol.com/recruit/103824,,2026-09-07 18:32:28
자소설닷컴,공무원연금공단(GEPS),2026년 사무직 신입직원(채용형 인턴) 채용,"[5급 일반]행정/법학, [5급 일반]경영, [5급 제주]경영, [5급 일반]경제, [5급 일반]통계, [5급 일반]사회복지, [5급 일반]보건, [5급 제한경쟁]장애, [5급 제한경쟁]보훈, [5급 제한경쟁]자립준",인턴,수시채용,,,2026-05-11,https://jasoseol.com/recruit/103825,,2026-09-07 18:32:29
자소설닷컴,대한무역투자진흥공사(KOTRA),2026년도 상반기 전문직 채용,"정부간계약 (법무), 법무 (내부감사), 결산, 정보화 기획 및 정보시스템 구축·지원",경력,수시채용,,,2026-05-13,https://jasoseol.com/recruit/103827,,2026-09-07 18:32:30
자소설닷컴,애드쉴드,Software Engineer Intern,Software Engineer Intern,인턴,상시채용,,,2026-05-16,https://jasoseol.com/recruit/103826,,2026-09-07 18:32:30
자소설닷컴,하나증권,"기업분석실 RA(유틸리티, 조선) 채용",기업분석실-유틸리티 조선 RA,계약직,수시채용,,,2026-05-03,https://jasoseol.com/recruit/103828,,2026-09-07 18:32:30
자소설닷컴,카페스,2026년 상반기 시스템 검증·시스템 설계 신규 채용,"시스템 검증, 시스템 설계","경력, 신입",수시채용,,,2026-05-10,https://jasoseol.com/recruit/103830,,2026-09-07 18:32:31
자소설닷컴,KT sat,2026년 상반기 경력/신입사원 공개채용,"사업개발 (위성지상국 설계 리드), 사업개발 (위성지상국 설계), 서비스 솔루션개발, IT기획/개발, 재무, 정보보안, 해양위성통신 서비스","경력, 신입",수시채용,,,2026-05-10,https://jasoseol.com/recruit/103831,,2026-09-07 18:32:32
자소설닷컴,프레인글로벌,2026 채용연계형 인턴 모집,"미디어 PR, 디지털 마케팅, IMC, Global PR",인턴,수시채용,,,2026-05-24,https://jasoseol.com/recruit/103832,,2026-09-07 18:32:32
자소설닷컴,하나증권,"기업분석실 RA(화장품, 유통) 채용","기업분석실-화장품, 유통업종 RA",계약직,수시채용,,,2026-05-03,https://jasoseol.com/recruit/103829,,2026-09-07 18:32:32
자소설닷컴,이노션,데이터 엔지니어 (Google Analytics),데이터 엔지니어 (Google Analytics),계약직,수시채용,,,2026-05-10,https://jasoseol.com/recruit/103833,,2026-09-07 18:32:32
자소설닷컴,유니드,2026년 수시채용,"인사 (신입), 인사 (경력), 재무, 회계 , 전산 , 전략기획 (신입), 전략기획 (경력), 사업개발 (신입), 사업개발 (경력), 해외영업 , 생산 , 기술개발, 품질관리, 관리 ","경력, 신입",수시채용,,,2026-05-11,https://jasoseol.com/recruit/103834,,2026-09-07 18:32:33
자소설닷컴,마이다스그룹,"건축, 토목 SW 영업 담당자 채용(부산지사)",영업 및 마케팅-국내SW 기술영업-부산사무소,코드5,수시채용,,,2026-05-10,https://jasoseol.com/recruit/103835,,2026-09-07 18:32:33
자소설닷컴,마이다스그룹,[일본법인] 마이다스아이티 재팬 영업 담당자 채용,해외분야 (일본 법인)-해외영업,코드5,수시채용,,,2026-05-10,https://jasoseol.com/recruit/103836,,2026-09-07 18:32:34
자소설닷컴,마이다스그룹,B2B 마케터 채용,영업 및 마케팅-B2B 마케팅-판교본사,코드5,수시채용,,,2026-05-10,https://jasoseol.com/recruit/103837,,2026-09-07 18:32:34
자소설닷컴,중소벤처기업진흥공단(KOSME),2026년 상반기 체험형 청년인턴(일반·자립준비청년) 채용 공고,"본사-본사(진주), 수도권-지역혁신사업처(목동), 수도권-기업성장지원처(여의도), 수도권-수도권 금융업무지원실, 수도권-서울지역본부, 수도권-서울서부지부, 수도권-서울남부지부, 수도권-인천지역본부, 수도권-인천서부지",인턴,수시채용,,,2026-05-14,https://jasoseol.com/recruit/103839,,2026-09-07 18:32:35
자소설닷컴,한국전기공사협회,신규 직원 채용공고,"사무행정, 전산",신입,수시채용,,,2026-05-12,https://jasoseol.com/recruit/103840,,2026-09-07 18:32:35
자소설닷컴,동국제약,"헬스앤뷰티 신입/경력 채용(마케팅, 영업, 상품기획, SCM, CX 등) ~ 5/6","헬스앤뷰티 화장품 홈쇼핑 영업, 헬스앤뷰티 올리브영 H&B, CVS, 백화점 유통, 헬스앤뷰티  생활건강 상품기획 BM, 헬스앤뷰티 DKSHOP 마케팅, 헬스앤뷰티  온라인 D2C  영업마케팅, 헬스앤뷰티  기업특판","경력, 계약직",수시채용,,,2026-05-06,https://jasoseol.com/recruit/103838,,2026-09-07 18:32:36
자소설닷컴,가톨릭중앙의료원,행정 사무직(재무) 교직원 모집,행정 사무직(재무),계약직,수시채용,,,2026-05-07,https://jasoseol.com/recruit/103841,,2026-09-07 18:32:36
자소설닷컴,한국보건산업진흥원,"2026년 2분기 계약직원(용역사업)/계약직원(휴직대체, 사업수행, 청년인턴, 장애인)","계약직원(용역사업)_국가통합 바이오 빅데이터, 계약직원_휴직대체, 계약직원_사업수행(오송), 계약직원_사업수행(서울), 계약직원_청년인턴, 계약직원_사회형평 위촉직원(장애인)","계약직, 인턴",수시채용,,,2026-05-11,https://jasoseol.com/recruit/103842,,2026-09-07 18:32:36
자소설닷컴,SK플래닛,(AI캠퍼스) AI 데이터 엔지니어 1기 모집,26년 AI서비스 개발 역량까지 갖춘 신상 데이터 엔지니어로 취업,교육,수시채용,,,2026-06-14,https://jasoseol.com/recruit/103843,,2026-09-07 18:32:36
자소설닷컴,한국순환자원유통지원센터(KORA),직원 채용 공고,"일반직, 일반직(보훈대상자)",신입,수시채용,,,2026-05-12,https://jasoseol.com/recruit/103845,,2026-09-07 18:32:37
자소설닷컴,쿠팡풀필먼트서비스,쿠팡CFS 전국 대규모 현장관리자(Team Captain) 정규직 공개채용,현장관리자(Team Captain),코드5,상시채용,,,2026-05-11,https://jasoseol.com/recruit/103844,,2026-09-07 18:32:37
자소설닷컴,현대그린푸드,2026년 상반기 신입영양사 공개채용,"일반, 병원군, 그리팅 등 상품개발, 단체급식 메뉴개발, 식품안전",신입,수시채용,,,2026-05-10,https://jasoseol.com/recruit/103846,,2026-09-07 18:32:37
자소설닷컴,금융보안원,2026년도 하반기 신입직원 채용,"Tech Security, Offensive Security",신입,수시채용,,,2026-05-13,https://jasoseol.com/recruit/103847,,2026-09-07 18:32:38
자소설닷컴,이노션,데이터 분석 운영(GA4 Specialist),데이터 분석 운영(GA4 Specialist),계약직,수시채용,,,2026-05-10,https://jasoseol.com/recruit/103848,,2026-09-07 18:32:38
자소설닷컴,SK바이오사이언스,26년 5월 신입/경력사원 수시채용,"DS(원액생산), DP(완제생산), 생산공정 데이터 분석 및 효율화(O/E), QA Validation, QC Micro, QC System, QC Chem, Digital Transformation, Global ","경력, 신입, 코드5",수시채용,,,2026-05-10,https://jasoseol.com/recruit/103849,,2026-09-07 18:32:39
자소설닷컴,해양수산과학기술진흥원,2026년도 제1차 신규직원(일반정규직 및 무기계약직) 채용,"일반정규직 4급(연구원) 사업관리, 일반정규직 4급(연구원) 정보시스템관리, 무기계약직 사무행정","계약직, 신입",수시채용,,,2026-05-14,https://jasoseol.com/recruit/103850,,2026-09-07 18:32:39
자소설닷컴,현대백화점그룹,2026년 상반기 신입사원 채용,"[현대백화점] 영업관리_일반전형, [현대백화점] 영업관리_오픈PR전형, [현대백화점] 마케팅_일반전형, [현대백화점] 마케팅_오픈PR전형, [현대백화점] 경영지원_일반전형, [현대백화점] 경영지원_오픈PR전형, [현",신입,수시채용,,,2026-05-13,https://jasoseol.com/recruit/103851,,2026-09-07 18:32:39
자소설닷컴,중앙대학교병원,(서울병원) 시설팀(기관실) 기능사(계약직) 모집(2026.04-2),시설팀(기관실)-기능사,계약직,수시채용,,,2026-05-05,https://jasoseol.com/recruit/103852,,2026-09-07 18:32:40
자소설닷컴,파주에너지서비스,2026년 신입구성원(설비관리) 영입,설비관리,신입,수시채용,,,2026-05-17,https://jasoseol.com/recruit/103855,,2026-09-07 18:32:41
자소설닷컴,국가철도공단(KR),2026년도 제1차 신입직원 및 체험형 청년인턴 채용,"[기능직] 운전, [실무직-시설관리] 강원본부(망상수련원), [실무직-방호] 구로철도교통관제센터, [실무직-방호] 한강철교, [실무직-방호] 낙동교, [실무직-방호] 화신·황학터널, [실무직-방호] 금정터널, [계약","경력, 계약직, 신입, 인턴",수시채용,,,2026-05-11,https://jasoseol.com/recruit/103854,,2026-09-07 18:32:41
자소설닷컴,한국마루베니,Corporate Staff본부 인사총무팀 계약직사원 모집,인사총무팀,계약직,수시채용,,,2026-05-15,https://jasoseol.com/recruit/103856,,2026-09-07 18:32:41
자소설닷컴,와디즈,광고 운영 담당자 (인턴/계약직),광고 운영 담당자 (인턴/계약직),계약직,상시채용,,,2026-06-27,https://jasoseol.com/recruit/103857,,2026-09-07 18:32:41
자소설닷컴,NHN Dooray,협업 서비스 두레이 온보딩 매니저,협업 서비스 두레이 온보딩 매니저,경력,상시채용,,,2026-05-19,https://jasoseol.com/recruit/103858,,2026-09-07 18:32:42
자소설닷컴,한국산업기술진흥원(KIAT),2026년 체험형 인턴(청년) 공개채용,사업관리,인턴,수시채용,,,2026-05-13,https://jasoseol.com/recruit/103859,,2026-09-07 18:32:42
자소설닷컴,중앙대학교병원,(광명병원) 간호본부 전담간호사 및 SA (계약직) 모집 (2026.04),"간호사-간호본부(진료지원간호팀)-유방내분비외과 전담간호사, 간호사-간호본부(진료지원간호팀)-안과 전담간호사, 간호사-간호본부(진료지원간호팀)-정형외과 SA",계약직,수시채용,,,2026-05-05,https://jasoseol.com/recruit/103860,,2026-09-07 18:32:43
자소설닷컴,중앙대학교병원,(광명병원) 물류관리팀(물류공급파트) 행정직(간호사) 직원 (계약직) 모집 (2026.04),행정(간호사)-물류관리팀(물류공급파트),계약직,수시채용,,,2026-05-05,https://jasoseol.com/recruit/103861,,2026-09-07 18:32:43
자소설닷컴,하나증권,채권운용실 경력직 채용,채권운용실,계약직,수시채용,,,2026-05-10,https://jasoseol.com/recruit/103862,,2026-09-07 18:32:43
자소설닷컴,니프코코리아,신입/경력 직원 채용,"윤리경영, 경영기획, 인사, 정보관리, 설계, 생산기술, 생산 (사출 성형), 제품개발, 고객지원, 품질보증, 생산(관리), 생산(금형수리)","경력, 계약직, 신입, 코드5",수시채용,,,2026-05-17,https://jasoseol.com/recruit/103865,,2026-09-07 18:32:45
자소설닷컴,경기환경에너지진흥원,기후미래직업 청년일자리 전문교육 2기,기후·에너지·환경 트랙,교육,수시채용,,,2026-05-15,https://jasoseol.com/recruit/103863,,2026-09-07 18:32:45
자소설닷컴,이노션,글로벌 GEO 프로젝트 Assistant,글로벌 GEO 프로젝트 Assistant,계약직,수시채용,,,2026-05-17,https://jasoseol.com/recruit/103866,,2026-09-07 18:32:45
자소설닷컴,KSM,2026년 상반기 신입/경력 공개 채용,"해외영업, 설계 엔지니어,  CAM/CNC 가공 엔지니어, 생산기술 엔지니어, 경영기획, 구매관리, 기술지원 엔지니어, 외주공정/외주가공, 품질보증 엔지니어, IT DX 시스템 기획, 운영","경력, 신입, 코드5",수시채용,,,2026-05-13,https://jasoseol.com/recruit/103864,,2026-09-07 18:32:45
자소설닷컴,이노션,인사 운영 담당 (급여/근태),인사 운영 담당 (급여/근태),계약직,수시채용,,,2026-05-05,https://jasoseol.com/recruit/103867,,2026-09-07 18:32:46
자소설닷컴,한화파워,2026년 상반기 신입사원 채용,"설계, 생산기술 (제조기술), 생산기술 (시험평가), 복합발전 엔지니어, Project Manager, 조달, 재무",신입,수시채용,,,2026-05-05,https://jasoseol.com/recruit/103868,,2026-09-07 18:32:46
자소설닷컴,브이엘엔코,각 부문별 신입/경력 수시 채용,"회계/자금, 기획MD, 영업/영업기획, 온라인 AMD, 니트 디자이너, 우븐 디자이너, VMD (인테리어)","경력, 코드5",수시채용,,,2026-05-10,https://jasoseol.com/recruit/103869,,2026-09-07 18:32:46
자소설닷컴,NHN Cloud,프리세일즈,프리세일즈,경력,상시채용,,,2026-06-16,https://jasoseol.com/recruit/103870,,2026-09-07 18:32:47
자소설닷컴,한국장학재단(KOSAF),2026년 상반기 종합직/일반직 채용 공고,"종합직_일반행정, 일반직_사무관리(광주), 일반직_사무관리(전주)",신입,수시채용,,,2026-05-12,https://jasoseol.com/recruit/103871,,2026-09-07 18:32:47
자소설닷컴,마이다스그룹,BX 디자이너 채용,BX 디자인-판교본사,경력,수시채용,,,2026-05-10,https://jasoseol.com/recruit/103872,,2026-09-07 18:32:47
자소설닷컴,하나증권,해외영업추진실 경력직 채용,해외영업추진실-외국인투자솔루션,계약직,수시채용,,,2026-04-30,https://jasoseol.com/recruit/103873,,2026-09-07 18:32:48
자소설닷컴,한국리서치,연구소 조사 지원·자료 관리 담당자 채용,조사 지원·자료 관리 담당,계약직,수시채용,,,2026-05-12,https://jasoseol.com/recruit/103874,,2026-09-07 18:32:48
자소설닷컴,녹십자웰빙,생산지원(신입),생산지원,신입,수시채용,,,2026-05-10,https://jasoseol.com/recruit/103875,,2026-09-07 18:32:49
자소설닷컴,토스페이먼츠,HR Coordinator (보훈특별채용),HR Coordinator,계약직,상시채용,,,2026-06-27,https://jasoseol.com/recruit/103876,,2026-09-07 18:32:49
자소설닷컴,유안타증권,홍보팀 신입/경력직원 채용,홍보팀,계약직,수시채용,,,2026-05-12,https://jasoseol.com/recruit/103877,,2026-09-07 18:32:49
자소설닷컴,비바리퍼블리카(토스),Information Security Manager,Information Security Manager,경력,상시채용,,,2026-06-28,https://jasoseol.com/recruit/103878,,2026-09-07 18:32:50
자소설닷컴,하나증권,랩운용실 경력직 채용,랩운용실,계약직,수시채용,,,2026-05-03,https://jasoseol.com/recruit/103879,,2026-09-07 18:32:50
자소설닷컴,하나증권,전략기획실 경력직 채용,전략기획실,계약직,수시채용,,,2026-05-11,https://jasoseol.com/recruit/103880,,2026-09-07 18:32:50
자소설닷컴,하나증권,하나더넥스트실 경력직 채용,하나더넥스트실,계약직,수시채용,,,2026-05-05,https://jasoseol.com/recruit/103881,,2026-09-07 18:32:51
자소설닷컴,하나증권,파생운용실 경력직 채용,파생운용실,계약직,수시채용,,,2026-05-11,https://jasoseol.com/recruit/103882,,2026-09-07 18:32:52
자소설닷컴,대한결핵협회,정규직 채용공고,"(행정직)행정, (의료기술직)방사선사, (의료기술직)임상병리사, (의료기술직)간호사",신입,수시채용,,,2026-05-20,https://jasoseol.com/recruit/103883,,2026-09-07 18:32:52
자소설닷컴,김앤장 법률사무소,IT 운영(디지털포렌식 및 디스커버리 파트) 채용,IT 운영(디지털포렌식 및 디스커버리 파트),코드5,수시채용,,,2026-05-12,https://jasoseol.com/recruit/103884,,2026-09-07 18:32:52
자소설닷컴,에이피알,[영업] 해외 B2B 영업 채용연계형 인턴사원 모집(중남미/MENA/아시아 권역),[영업] 해외 B2B 영업 채용연계형 인턴사원 모집(중남미/MENA/아시아 권역),인턴,상시채용,,,2026-06-28,https://jasoseol.com/recruit/103885,,2026-09-07 18:32:53
자소설닷컴,에이피알,[영업] 해외 B2B 영업 채용연계형 인턴사원 모집(미국/유럽/러시아/CIS 권역),[영업] 해외 B2B 영업 채용연계형 인턴사원 모집(미국/유럽/러시아/CIS 권역),인턴,수시채용,,,2026-05-10,https://jasoseol.com/recruit/103886,,2026-09-07 18:32:53
자소설닷컴,한국전기기술인협회,2026년도 정규직(신입) 직원 채용 공고,"정규직 신입(6급)_전기, 정규직 신입(6급)_재무회계, 정규직 신입(6급)_시각디자인",신입,수시채용,,,2026-05-13,https://jasoseol.com/recruit/103887,,2026-09-07 18:32:53
자소설닷컴,GC셀,안전관리책임자(약사) 모집 (신입/경력),안전관리책임자,코드5,수시채용,,,2026-05-17,https://jasoseol.com/recruit/103888,,2026-09-07 18:32:54
자소설닷컴,한국투자부동산신탁,2026년 채용연계형 인턴 및 경력직 공개채용,"신탁사업부문, 도시정비사업부문 ","경력, 인턴",수시채용,,,2026-05-17,https://jasoseol.com/recruit/103889,,2026-09-07 18:32:55
자소설닷컴,비씨카드,2026년 상반기 신입사원 채용,"Biz (일반), DX (채용전환형)","신입, 인턴",수시채용,,,2026-05-11,https://jasoseol.com/recruit/103890,,2026-09-07 18:32:55
자소설닷컴,해원티앤디,스마트비전팀 기술영업 및 비전엔지니어 부분 채용,"비전 기술영업, 비전엔지니어",경력,수시채용,,,2026-05-08,https://jasoseol.com/recruit/103892,,2026-09-07 18:32:55
자소설닷컴,중앙대학교병원,"광명소하검진센터 파트타임 방사선사, 임상병리사 (계약직) 모집 (2026.04)","방사선사-광명소하검진센터, 임상병리사-광명소하검진센터",계약직,수시채용,,,2026-05-05,https://jasoseol.com/recruit/103893,,2026-09-07 18:32:56
자소설닷컴,포항문화재단,2026년 제1회 직원 채용,문화예술 기획·행정,신입,수시채용,,,2026-05-17,https://jasoseol.com/recruit/103894,,2026-09-07 18:32:56
자소설닷컴,에이피알,[영업] 해외 B2B 영업지원 채용연계형 인턴사원 모집,[영업] 해외 B2B 영업지원 채용연계형 인턴사원 모집,인턴,상시채용,,,2026-05-26,https://jasoseol.com/recruit/103895,,2026-09-07 18:32:56
자소설닷컴,한국항공우주산업,생산기술/무인기 시험평가 분야 경력사원 채용,"항공기 생산기술, 부품 생산기술, 최종조립 생산기술, 무인기 시험평가","경력, 계약직",수시채용,,,2026-05-12,https://jasoseol.com/recruit/103896,,2026-09-07 18:32:57
자소설닷컴,신원,수출부문 KNIT 해외영업(AERIE) 주니어 경력 채용,해외영업,코드5,수시채용,,,2026-05-11,https://jasoseol.com/recruit/103897,,2026-09-07 18:32:57
자소설닷컴,녹십자웰빙,병의원영업(신입_충청),병의원 영업,신입,수시채용,,,2026-05-10,https://jasoseol.com/recruit/103898,,2026-09-07 18:32:58
자소설닷컴,신협중앙회,2026년 하반기 신입/경력직원 채용,"일반직군, IT직군, 여신직군, 수신직군, 공제직군","경력, 신입",수시채용,,,2026-05-13,https://jasoseol.com/recruit/103900,,2026-09-07 18:32:58
자소설닷컴,E1,Global Operation팀 사무보조 채용 (추가 모집),선물 거래 입력/운영 (Paper Operation),계약직,수시채용,,,2026-05-05,https://jasoseol.com/recruit/103901,,2026-09-07 18:32:58
자소설닷컴,이엘씨에이한국,2026 INTERNSHIP : BREAST CANCER CAMPAIGN,"Campaign Overall Planning&Management Support, Digital Campaign Planning&Execution, Design Planning&Execution, Media&Infl",인턴,수시채용,,,2026-05-14,https://jasoseol.com/recruit/103903,,2026-09-07 18:32:59
자소설닷컴,이씨에스텔레콤,영업 신입/경력 공개채용,기술영업,"경력, 신입",수시채용,,,2026-05-20,https://jasoseol.com/recruit/103899,,2026-09-07 18:33:03
자소설닷컴,중앙대학교병원,(서울병원) 간호본부(외래간호팀) 간호사(계약직) 모집 (2026.04-2),간호본부(외래간호팀)-간호사,계약직,수시채용,,,2026-05-05,https://jasoseol.com/recruit/103902,,2026-09-07 18:33:03
자소설닷컴,한국리서치,UX부문 인턴 연구원 채용,UX부문 연구지원직,인턴,수시채용,,,2026-05-10,https://jasoseol.com/recruit/103904,,2026-09-07 18:33:03
자소설닷컴,서울경제진흥원,서울시 여성인력개발센터와 함께하는 무료 AI 교육,"구직자를 위한 AI 디지털 역량 교육 (영등포 1차), 구직자를 위한 AI 디지털 역량 교육 (영등포 2차), 구직자 디지털 핵심 직무 역량: AI 자동화 및 컴활 심화 (서초 1차), 구직자 디지털 핵심 직무 역량",교육,수시채용,,,2026-06-24,https://jasoseol.com/recruit/103905,,2026-09-07 18:33:03
자소설닷컴,삼일회계법인,Digital Innovation Lab – 생성형 AI & AX 개발자/컨설턴트 경력직 채용,Digital Innovation Lab – 생성형 AI & AX 개발자/컨설턴트,경력,수시채용,,,2026-06-01,https://jasoseol.com/recruit/103907,,2026-09-07 18:33:04
자소설닷컴,유진기업,각 부문별 신입/경력사원 모집,"자재구매(해외소싱)-서울_본사(용산), 건자재영업-서울_본사(용산), 혼화제 품질관리(QM)-경기_부천","경력, 코드5",수시채용,,,2026-05-13,https://jasoseol.com/recruit/103908,,2026-09-07 18:33:04
자소설닷컴,멋쟁이사자처럼,[6주 실무] 면접 자신감 높이는 12가지 트랙,"소프트웨어 테스팅, 피그마 UI 실무, UX/UI 디자인, 핀테크 서비스 기획, 초보 PM 현업 가이드, 캐글 데이터 분석, 프론트엔드 실무, 웹 개발 완벽가이드, AI 챗봇 구축, MLOps와 온디바이스 AI, 실",교육,수시채용,,,2026-05-08,https://jasoseol.com/recruit/103909,,2026-09-07 18:33:04
자소설닷컴,한국ESG기준원,ESG정보분석센터 인턴 채용,ESG정보분석센터,인턴,수시채용,,,2026-05-12,https://jasoseol.com/recruit/103911,,2026-09-07 18:33:05
자소설닷컴,전기공사공제조합(ECFC),2026년 경력직원 공개채용,"홍보·대외협력, 건축 시공·유지관리, 공제보상, IT 운영·개발",경력,수시채용,,,2026-05-18,https://jasoseol.com/recruit/103913,,2026-09-07 18:33:06
자소설닷컴,일성아이에스,2026년 상반기 품질관리팀 수시채용,품질관리팀,계약직,수시채용,,,2026-05-10,https://jasoseol.com/recruit/103912,,2026-09-07 18:33:06
자소설닷컴,토스플레이스,Direct Sales Assistant,[토스플레이스] Direct Sales Assistant,계약직,상시채용,,,2026-06-29,https://jasoseol.com/recruit/103910,,2026-09-07 18:33:06
자소설닷컴,LS MnM,경력사원 수시채용,"배터리소재 수주영업, 해외주재원 (CFO)",경력,수시채용,,,2026-05-05,https://jasoseol.com/recruit/103915,,2026-09-07 18:33:07
자소설닷컴,이노션,아트디렉터 (체험형 인턴),아트디렉터,인턴,수시채용,,,2026-05-05,https://jasoseol.com/recruit/103916,,2026-09-07 18:33:07
자소설닷컴,NH농협무역,2026년 상반기 정규직 직원 공개채용,무역 사무,신입,수시채용,,,2026-05-08,https://jasoseol.com/recruit/103917,,2026-09-07 18:33:07
자소설닷컴,동부건설,경력사원(기계/전기 설계) 채용,"기계-설계, 전기-설계",경력,수시채용,,,2026-05-25,https://jasoseol.com/recruit/103914,,2026-09-07 18:33:08
자소설닷컴,얼티밋커리어그룹,영상마케팅/영업직무 채용,"영상마케팅, 영업관리",코드5,수시채용,,,2026-05-20,https://jasoseol.com/recruit/103918,,2026-09-07 18:33:08
자소설닷컴,뷰티셀렉션,Biodance 썸머 인턴 대규모 채용,"글로벌 인플루언서 마케팅, 글로벌 콘텐츠 디자인 , 글로벌 틱톡샵 운영, 글로벌 세일즈 및 오퍼레이션 , [국내/글로벌] 브랜드 마케팅 및 PR ",인턴,수시채용,,,2026-05-17,https://jasoseol.com/recruit/103919,,2026-09-07 18:33:08
자소설닷컴,한국산업기술진흥협회(KOITA),계약직 직원 공개채용 공고,"일반행정 신입(서울), 일반행정 신입(부산), 직업상담사 경력","계약직, 신입",수시채용,,,2026-05-15,https://jasoseol.com/recruit/103920,,2026-09-07 18:33:09
자소설닷컴,엠앤엠,서산공장 DCT 및 중기 방산 생산 정규직 채용,"설비보전, 자재관리, 품질관리",코드5,상시채용,,,2026-06-30,https://jasoseol.com/recruit/103923,,2026-09-07 18:33:10
자소설닷컴,한국맥도날드유한회사,2026년 레스토랑 관리직 신입 매니저 채용 (전국),맥도날드 레스토랑 관리직,신입,수시채용,,,2026-05-17,https://jasoseol.com/recruit/103921,,2026-09-07 18:33:10
자소설닷컴,사립학교교직원연금공단(TP),2026년도 정규직 신입/경력/공무직 채용공고,"(5급) 사무행정, (5급) 건축, (5급) 기계, (4급) 연금제도, (4급) 연금재정, (공무직) 공무직 요양비 심사","경력, 신입",수시채용,,,2026-05-19,https://jasoseol.com/recruit/103922,,2026-09-07 18:33:10
자소설닷컴,하나금융그룹,하나 소셜벤처 유니버시티 5기 예비 청년 창업가 모집,소셜벤처 창업 교육 프로그램,교육,수시채용,,,2026-05-27,https://jasoseol.com/recruit/103925,,2026-09-07 18:33:12
자소설닷컴,부산MBC,한시계약직 공개 채용,회계사무원,계약직,수시채용,,,2026-05-13,https://jasoseol.com/recruit/103924,,2026-09-07 18:33:12
자소설닷컴,한국기초과학지원연구원,2026년도 5월 과학기술분야 정부출연연구기관 공동채용,"Bio-EM 활용 생체 미세구조 첨단 분석기술 기반 질병 연구, 질량분석 기반 화합물 영상·표면 분석 장비개발, 고체상 핵자기공명 분광법·이차전지, 방사광 가속장치 - 제어/빔진단, 가속기빔라인 - 나노프로브, 가속",코드5,수시채용,,,2026-05-19,https://jasoseol.com/recruit/103928,,2026-09-07 18:33:12
자소설닷컴,앱솔브랩,[셀리맥스] 일본 퍼포먼스 마케팅 경력 채용,일본 퍼포먼스 마케팅,경력,상시채용,,,2026-06-24,https://jasoseol.com/recruit/103926,,2026-09-07 18:33:13
자소설닷컴,앱솔브랩,[셀리맥스] 중동 B2B 영업 경력 채용,중동 B2B 영업,경력,상시채용,,,2026-06-29,https://jasoseol.com/recruit/103927,,2026-09-07 18:33:13
자소설닷컴,디앤오,[LG그룹] 지원 부문 인재 채용,"AX기획, 회계","경력, 신입",수시채용,,,2026-05-13,https://jasoseol.com/recruit/103929,,2026-09-07 18:33:13
자소설닷컴,과천도시공사,"2026년 직원(정규직, 계약직, 청년인턴) 채용 공고","볼링(체육 7급), 헬스(체육 7급), 운전(업무직_사무기술), 안내(업무직_사무기술), 탈의실(업무직_현장환경), 주차관리(업무직_현장환경), 환경미화(업무직_현장환경), 공원관리(업무직_현장환경), 체육운영(청년","계약직, 인턴, 코드5",수시채용,,,2026-05-20,https://jasoseol.com/recruit/103931,,2026-09-07 18:33:13
자소설닷컴,중앙대학교병원,(광명병원) 간호본부 외래간호팀 간호사 (계약직) 모집 (2026.05),간호사-간호본부(외래간호팀),계약직,수시채용,,,2026-05-06,https://jasoseol.com/recruit/103933,,2026-09-07 18:33:14
자소설닷컴,하나증권,Private Equity실 경력직 채용,Private Equity실,계약직,수시채용,,,2026-05-13,https://jasoseol.com/recruit/103935,,2026-09-07 18:33:15
자소설닷컴,하나증권,WM기획실 경력직 채용,WM기획실,계약직,수시채용,,,2026-05-13,https://jasoseol.com/recruit/103934,,2026-09-07 18:33:15
자소설닷컴,하나증권,반포WM센터 경력직 채용,반포WM센터,계약직,수시채용,,,2026-05-13,https://jasoseol.com/recruit/103936,,2026-09-07 18:33:15
자소설닷컴,깨끗한나라,2026년 4월 수시채용 (물류(기획)/안전보건/전기/제지생산/공장지원),"PS물류팀 기획파트, 제지생산팀 , 안전보건팀, 공장지원팀 인사/노무, 전기팀, 공장 지원팀 근태/급여","경력, 신입",수시채용,,,2026-05-08,https://jasoseol.com/recruit/103940,,2026-09-07 18:33:16
자소설닷컴,공영홈쇼핑,2026년 채용형 청년인턴 채용 공고,"채용형 청년인턴 공개경쟁 6급_일반직, 채용형 청년인턴 공개경쟁 6급_IT, 채용형 청년인턴 공개경쟁 6급_방송직, 채용형 청년인턴 제한경쟁(장애인) 6급_일반직, 채용형 청년인턴 제한경쟁(취업지원대상자) 6급_일반",인턴,수시채용,,,2026-05-16,https://jasoseol.com/recruit/103939,,2026-09-07 18:33:17
자소설닷컴,평택시국제교류재단,공무직(시설직)채용 공고,공무직(시설직),신입,수시채용,,,2026-05-11,https://jasoseol.com/recruit/103941,,2026-09-07 18:33:17
자소설닷컴,데일리앤코,"[클럭,몽제] 상품기획/개발자 추가 채용 (OEM/ODM)",상품기획,경력,수시채용,,,2026-05-18,https://jasoseol.com/recruit/103942,,2026-09-07 18:33:17
자소설닷컴,NHR,2026년 2분기 신입·경력·인턴 채용,"HR마케팅(AE)_HR커뮤니케이션2팀, HR마케팅(AE)_HR마케팅1팀,  HR마케팅(AE)_HR커뮤니케이션본부, HR마케팅(AE)_HR마케팅본부, 디자이너(Designer)_디자인크리에이티브2파트","경력, 신입, 인턴",수시채용,,,2026-05-18,https://jasoseol.com/recruit/103943,,2026-09-07 18:33:18
자소설닷컴,케이씨엔에이,사업기획 신입/경력사원 채용,사업기획,코드5,수시채용,,,2026-05-17,https://jasoseol.com/recruit/103937,,2026-09-07 18:33:18
자소설닷컴,강동경희대학교병원,"2026년 행정, 홍보 정규직 신입직원 공개채용","행정, 홍보",신입,수시채용,,,2026-05-10,https://jasoseol.com/recruit/103944,,2026-09-07 18:33:19
자소설닷컴,현대위아,2026 상반기 신입사원 집중 채용,"사업 지표 / 실적 관리, 사업 전략 수립, 사업 수익성 관리, 손익 / 원가관리, 매출 / 경영관리, 연결/내부회계, 공시, 안전/환경 관리, 언론 홍보, HRD (AX 교육), HRM (채용/인사관리), AX 보",신입,수시채용,,,2026-05-19,https://jasoseol.com/recruit/103945,,2026-09-07 18:33:19
자소설닷컴,이디야,2026 신입사원 채용,"공통직무_서울, 공통직무_부산, 공통직무_대구, 공통직무_광주",신입,수시채용,,,2026-05-17,https://jasoseol.com/recruit/103947,,2026-09-07 18:33:19
자소설닷컴,리멤버앤컴퍼니,IT Manager,IT Manager,코드5,상시채용,,,2026-06-01,https://jasoseol.com/recruit/103948,,2026-09-07 18:33:20
자소설닷컴,영남대학교,2026 정규직원 신규채용,"일반행정, 기계/건축설비, 정보보안",코드5,수시채용,,,2026-05-19,https://jasoseol.com/recruit/103946,,2026-09-07 18:33:20
자소설닷컴,포스코,2026년 하계 스틸캠프(체험형 인턴십) 인턴 모집,"생산기술, 설비기술, 공정기술, 안전/보건/환경, AI, 마케팅, 구매(원료), 구매(설비자재), 재무, HR/총무/홍보, HRD, R&D",인턴,수시채용,,,2026-05-13,https://jasoseol.com/recruit/103950,,2026-09-07 18:33:20
자소설닷컴,한국투자증권,FY2026 전역장교 공채 (신입사원 5급),"PB(Private Banker), 본사관리(전략/기획), IT(Front-end), IT(Back-end), IT(Infra), IT(정보보호)",신입,수시채용,,,2026-05-26,https://jasoseol.com/recruit/103949,,2026-09-07 18:33:20
자소설닷컴,삼성카드고객서비스,2026년 3급 신입사원 채용,"인사, 상담운영기획",신입,수시채용,,,2026-05-14,https://jasoseol.com/recruit/103951,,2026-09-07 18:33:21
자소설닷컴,디스코하이테크코리아,2026년 상반기 DISCO 채용연계형 인턴(신입사원) 채용,"Process Engineer - Dicer Team (Dicing, Trimming), Process Engineer - Grinder Team (Grinding, Polishing), Process Enginee",인턴,수시채용,,,2026-05-14,https://jasoseol.com/recruit/103953,,2026-09-07 18:33:21
자소설닷컴,현대종합금속,계약직 모집,거제사무소,계약직,수시채용,,,2026-05-10,https://jasoseol.com/recruit/103954,,2026-09-07 18:33:22
자소설닷컴,방위산업공제조합,경력직원 채용 공고,"공제사업, 리스크관리",경력,수시채용,,,2026-05-20,https://jasoseol.com/recruit/103955,,2026-09-07 18:33:23
자소설닷컴,한국ESG기준원,ESG평가본부 인턴 채용,ESG평가본부,인턴,수시채용,,,2026-05-18,https://jasoseol.com/recruit/103956,,2026-09-07 18:33:23
자소설닷컴,삼구아이앤씨,2026 신입/경력 부문별 인재영입,"관리직군_공통, 지원직군_운영지원, 전문직군_정보보안, 전문직군_법무 ","경력, 신입",수시채용,,,2026-05-12,https://jasoseol.com/recruit/103957,,2026-09-07 18:33:23
자소설닷컴,한국우주기술진흥협회,KDT 첨단산업·디지털 핵심 실무인재 양성훈련과정,항공우주 기기설계,교육,상시채용,,,2026-05-15,https://jasoseol.com/recruit/103959,,2026-09-07 18:33:24
자소설닷컴,일레바,글로벌이커머스팀 마케팅 Account Manager /  글로벌 콘텐츠 디자이너 채용,"글로벌이커머스팀 마케팅 Account Manager (채용 전환형), 글로벌이커머스팀 글로벌 콘텐츠 디자이너(채용 전환형)","신입, 코드5",수시채용,,,2026-05-15,https://jasoseol.com/recruit/103958,,2026-09-07 18:33:24
자소설닷컴,한샘,2026년 상반기 영업직 신입(SC) 공개채용,홈퍼니싱 영업직(SC),신입,수시채용,,,2026-05-26,https://jasoseol.com/recruit/103960,,2026-09-07 18:33:25
자소설닷컴,코닝정밀소재,2026년 대졸 엔지니어 정규직 신입 채용,용해성형 제조/기술 엔지니어,신입,수시채용,,,2026-05-21,https://jasoseol.com/recruit/103961,,2026-09-07 18:33:25
자소설닷컴,드림라인,드림라인 상반기 채용,"IDC영업, 통신인프라, 정보보호",코드5,수시채용,,,2026-05-19,https://jasoseol.com/recruit/103952,,2026-09-07 18:33:25
자소설닷컴,큐알티,[신입] [광교] 26년 2분기 기술연구소 반도체 평가 및 연구 기획 직무 채용,반도체 평가 및 연구 기획,신입,수시채용,,,2026-05-25,https://jasoseol.com/recruit/103962,,2026-09-07 18:33:25
자소설닷컴,한국일보,견습기자 공개채용(~5/20),기자,신입,수시채용,,,2026-05-20,https://jasoseol.com/recruit/103963,,2026-09-07 18:33:25
자소설닷컴,GC셀,총무팀(자산 관리 등) 담당자 모집 (경력),자산 관리,경력,수시채용,,,2026-05-17,https://jasoseol.com/recruit/103964,,2026-09-07 18:33:26
자소설닷컴,한국외국어대학교,"2026학년도 상반기 신입직원 채용공고(교직원, 대학행정)","일반직, 기술직(정보기술), 기술직(정보보호 및 인프라), 기술직(시설관리), 기술직(건축)",신입,수시채용,,,2026-05-26,https://jasoseol.com/recruit/103965,,2026-09-07 18:33:26
자소설닷컴,에코마케팅,재무팀 사무보조 계약직 채용,재무,계약직,수시채용,,,2026-05-17,https://jasoseol.com/recruit/103966,,2026-09-07 18:33:27
자소설닷컴,한양대학교,2026년 7월 직원 채용,"사무직-일반행정, 사무직-일반행정(보훈), 사무직-전산관리, 사무직-전산개발",신입,수시채용,,,2026-05-18,https://jasoseol.com/recruit/103967,,2026-09-07 18:33:27
자소설닷컴,유안타증권,인사팀 신입직원 채용,인사팀,계약직,수시채용,,,2026-05-14,https://jasoseol.com/recruit/103968,,2026-09-07 18:33:28
자소설닷컴,유안타증권,결제팀 신입/경력직원 채용,결제팀,계약직,수시채용,,,2026-05-20,https://jasoseol.com/recruit/103969,,2026-09-07 18:33:28
자소설닷컴,한국관광공사,2026년 제2차 체험형 청년인턴 및 기간제 근로자 채용공고,"[일반전형] 체험형 청년인턴, [고졸인재전형] 체험형 청년인턴, [사회형평인재전형] 체험형 청년인턴, [취업지원대상자전형] 체험형 청년인턴, [장애인전형] 체험형 청년인턴, [구미대양주팀] 사무보조 , [관광교육팀]","계약직, 인턴",수시채용,,,2026-05-21,https://jasoseol.com/recruit/103970,,2026-09-07 18:33:28
자소설닷컴,한국해양진흥공사(KOBC),2026년 체험형 인턴 채용,"[일반전형 부산 본사] 사무행정, [일반전형 서울사무소] 사무행정, [장애인전형 부산 본사] 사무행정, [장애인전형 부산 본사] 서무 및 바리스타",인턴,수시채용,,,2026-05-20,https://jasoseol.com/recruit/103972,,2026-09-07 18:33:29
자소설닷컴,비바리퍼블리카(토스),General Affairs Assistant,General Affairs Assistant,신입,수시채용,,,2026-05-18,https://jasoseol.com/recruit/103973,,2026-09-07 18:33:29
자소설닷컴,LX MMA,2026년 상반기 신입/경력사원 수시채용,"생산, 공무(정비), 인사, 기획, 정보보안, 고분자중합/제품개발","경력, 인턴, 코드5",수시채용,,,2026-05-19,https://jasoseol.com/recruit/103971,,2026-09-07 18:33:30
자소설닷컴,하나증권,하나더넥스트실 경력직 채용,하나더넥스트실,계약직,수시채용,,,2026-05-19,https://jasoseol.com/recruit/103974,,2026-09-07 18:33:30
자소설닷컴,마이다스그룹,[일본법인]재팬 개발 담당자 채용,해외분야 (일본 법인)-설계SW 개발-일본법인,코드5,수시채용,,,2026-05-17,https://jasoseol.com/recruit/103975,,2026-09-07 18:33:30
자소설닷컴,마이다스그룹,기계 SW 구조해석 기술지원 담당자 채용,기술지원분야-기계SW 기술지원-판교본사,경력,수시채용,,,2026-05-17,https://jasoseol.com/recruit/103977,,2026-09-07 18:33:31
자소설닷컴,어니스트리,브랜드 마케터,브랜드 마케터,계약직,수시채용,,,2026-05-17,https://jasoseol.com/recruit/103978,,2026-09-07 18:33:32
자소설닷컴,마이다스그룹,Risk Management 담당자(사내 변호사) 채용,경영분야-법무담당자-판교본사,코드5,수시채용,,,2026-05-17,https://jasoseol.com/recruit/103976,,2026-09-07 18:33:32
자소설닷컴,키움증권,2026년 상반기 키움금융센터 정규직 채용,고객 상담,신입,수시채용,,,2026-05-25,https://jasoseol.com/recruit/103979,,2026-09-07 18:33:32
자소설닷컴,서울창조경제혁신센터,2026년 제3차 직원 채용공고,"일반-사업운영, 프로젝트-민관협력 오픈이노베이션, 프로젝트-재도전성공패키지",계약직,수시채용,,,2026-05-17,https://jasoseol.com/recruit/103980,,2026-09-07 18:33:32
자소설닷컴,농협파트너스,2026년 신규 직원 채용,"아웃소싱(보안, 파견, 경제사업, 시설관리, 컨택센터 관리, 회계 등)",코드5,수시채용,,,2026-05-13,https://jasoseol.com/recruit/103981,,2026-09-07 18:33:33
자소설닷컴,린데코리아,제조운영부문 창원공무팀 Mechanical Technician 정규직 채용,창원공무팀 Mechanical Technician,경력,수시채용,,,2026-05-20,https://jasoseol.com/recruit/103983,,2026-09-07 18:33:33
자소설닷컴,한국문학번역원,2026년도 제4차 NCS기반 공개채용,"문화예술행정, 정보기술","계약직, 신입",수시채용,,,2026-05-21,https://jasoseol.com/recruit/103982,,2026-09-07 18:33:34
자소설닷컴,한국조달연구원,2026년도 하반기 신규직원 채용(혁신제품지원센터),혁신제품 지정제도 운영 관리 등  정부 위탁 사업 실무,코드5,수시채용,,,2026-05-31,https://jasoseol.com/recruit/103985,,2026-09-07 18:33:34
자소설닷컴,앳홈,해외마케팅팀_글로벌 임플로이언서 마케팅 인턴 (정규직 전환형),해외마케팅팀_글로벌 임플로이언서 마케팅 인턴 (정규직 전환형),인턴,상시채용,,,2026-05-26,https://jasoseol.com/recruit/103984,,2026-09-07 18:33:35
자소설닷컴,중앙대학교병원,(서울병원) 부대사업팀 조리원(계약직) 모집 (2026.05),부대사업팀-조리원,계약직,수시채용,,,2026-05-13,https://jasoseol.com/recruit/103986,,2026-09-07 18:33:35
자소설닷컴,다우기술,경력·신입 대규모 인재영입,"AI 개발, Web Application PM/PL, Biz Application AI/서비스 개발, 메일 시스템 서버 개발, 원장 개발, HTS 채널 개발, MTS 채널 개발, 소프트웨어 아키텍트, 증권 퇴직연금 ","경력, 신입",수시채용,,,2026-05-18,https://jasoseol.com/recruit/103987,,2026-09-07 18:33:35
자소설닷컴,선진,2026년 2분기 신입/경력 채용,"사료영업, 식육영업, 식육 온라인영업, 육가공 식품영업(식품), 육가공 식품영업(캐터링), 육가공 식품영업(식재), 육가공 급식영업, 육가공 급식 제품상품기획담당, 양돈 생산관리, 식육 생산관리, 육가공 생산관리, ","경력, 계약직, 신입, 코드5",수시채용,,,2026-05-21,https://jasoseol.com/recruit/103988,,2026-09-07 18:33:36
자소설닷컴,서울경제진흥원,청년취업사관학교 강서·서초 캠퍼스 교육생 모집,"디지털마케팅, 패션, XR, 데이터분석, 콘텐츠 크리에이터, K-POP, 퍼블리싱",교육,수시채용,,,2026-05-31,https://jasoseol.com/recruit/103989,,2026-09-07 18:33:36
자소설닷컴,포항공과대학교,2026년 상반기 직원 채용,"일반행정, 전기, 정보기술, 재무회계, 회계사, 노무사, 소방, 재무회계(대학법인)","경력, 신입, 코드5",수시채용,,,2026-05-17,https://jasoseol.com/recruit/103990,,2026-09-07 18:33:37
자소설닷컴,마이다스그룹,글로벌 콘텐츠 및 이벤트 마케팅 담당자 채용,영업 및 마케팅-글로벌 마케팅-판교본사,경력,수시채용,,,2026-05-17,https://jasoseol.com/recruit/103992,,2026-09-07 18:33:37
자소설닷컴,대학내일ES,[대학내일ES] 마케팅(AE)/IT(웹기획자)/STAFF(재무 및 HRM) 인턴/경력 채용,"[대학내일] IT(웹기획자)_E-Biz1팀_경력(전환형), [대학내일] 마케팅(AE)_마케팅커뮤니케이션9팀_경력(전환형), [대학내일] 마케팅(AE)_마케팅커뮤니케이션5팀_인턴(체험형), [대학내일] 마케팅(AE)_","경력, 계약직, 신입, 인턴",수시채용,,,2026-05-18,https://jasoseol.com/recruit/103991,,2026-09-07 18:33:38
자소설닷컴,한국식품안전관리인증원,2026년 신규직원 채용 공고,"심사분야-전국, 심사분야-부산, 심사분야-광주",인턴,수시채용,,,2026-05-12,https://jasoseol.com/recruit/103994,,2026-09-07 18:33:38
자소설닷컴,AXA손해보험,준법감시팀 Data Privacy & AI Compliance 담당자 채용,Data Privacy & AI Compliance 담당자,경력,수시채용,,,2026-05-17,https://jasoseol.com/recruit/103993,,2026-09-07 18:33:38
자소설닷컴,중앙대학교병원,(광명병원) 재활의학과(재활의학과 검사실) 임상병리사(휴직대체) 모집 (2026.05),(휴직대체)-임상병리사-재활의학과(재활의학과 검사실),계약직,수시채용,,,2026-05-13,https://jasoseol.com/recruit/103995,,2026-09-07 18:33:38
자소설닷컴,중앙대학교병원,(광명병원) 순환기내과(심전도실) 임상병리사(휴직대체) 모집 (2026.05),(휴직대체)-임상병리사-순환기내과(심전도실),계약직,수시채용,,,2026-05-13,https://jasoseol.com/recruit/103996,,2026-09-07 18:33:39
자소설닷컴,에코마케팅,데이터 엔지니어(DE) 인턴/신입 채용,데이터 엔지니어,"신입, 인턴",수시채용,,,2026-05-17,https://jasoseol.com/recruit/103997,,2026-09-07 18:33:39
자소설닷컴,타라티피에스,2026년 신입사원 공개 채용,"총무, 법인영업 (서울), 센터운영, 법인영업 (파주), 구매·영업관리, 생산관리, 품질관리, 생산",신입,수시채용,,,2026-05-31,https://jasoseol.com/recruit/103998,,2026-09-07 18:33:40
자소설닷컴,삼성선물,2026년 상반기 신입사원 채용,"IT, 경영지원",신입,수시채용,,,2026-05-14,https://jasoseol.com/recruit/103999,,2026-09-07 18:33:40
자소설닷컴,한국벤처캐피탈협회,2026년도 제3차 직원 채용공고,"사업 운영 ①, 사업 운영 ②",계약직,수시채용,,,2026-05-17,https://jasoseol.com/recruit/104000,,2026-09-07 18:33:40
자소설닷컴,마이다스그룹,토목·건축·지반 기술 전문가 채용(SW 기술기획),공학기술용SW 기획분야-공학기술용SW 기획-판교본사,경력,수시채용,,,2026-05-17,https://jasoseol.com/recruit/104002,,2026-09-07 18:33:41
자소설닷컴,E1,채용연계형 하계인턴 채용,"해외영업, 국내영업, 사업개발, 재경, 엔지니어",인턴,수시채용,,,2026-05-25,https://jasoseol.com/recruit/104001,,2026-09-07 18:33:41
자소설닷컴,크래프톤,예비 정글러를 위한 2026 사전 설명회,"SW- AI LAB 13기, 게임랩 (Game Lab) 6기, 게임 테크랩 (Game Tech Lab) 4기",교육,수시채용,,,2026-05-14,https://jasoseol.com/recruit/104003,,2026-09-07 18:33:41
자소설닷컴,마이다스그룹,AI Platform DevOps Engineer 채용,개발-DevOps 엔지니어-판교본사,경력,수시채용,,,2026-05-17,https://jasoseol.com/recruit/104005,,2026-09-07 18:33:42
자소설닷컴,유니드글로벌상사,2026년 신입사원 공개채용,영업,신입,수시채용,,,2026-05-18,https://jasoseol.com/recruit/104006,,2026-09-07 18:33:43
자소설닷컴,마이다스그룹,데이터 엔지니어 채용(Change Data Capture),개발-데이터 엔지니어링-판교본사,경력,수시채용,,,2026-05-17,https://jasoseol.com/recruit/104004,,2026-09-07 18:33:43
자소설닷컴,토스페이먼츠,Design Assistant,디자인,계약직,상시채용,,,2026-06-04,https://jasoseol.com/recruit/104007,,2026-09-07 18:33:43
자소설닷컴,이노션,앱 UXUI 기획 (junior/Assistant),"앱 UXUI 기획 (junior), 앱 UXUI 기획 (Assistant)","계약직, 인턴",수시채용,,,2026-05-25,https://jasoseol.com/recruit/104008,,2026-09-07 18:33:44
자소설닷컴,NHN,와플랫 상세 기획(계약직),와플랫 상세 기획(계약직),계약직,상시채용,,,2026-06-08,https://jasoseol.com/recruit/104009,,2026-09-07 18:33:44
자소설닷컴,이노션,글로벌 앱 서비스 기획,글로벌 앱 서비스 기획,계약직,수시채용,,,2026-05-25,https://jasoseol.com/recruit/104010,,2026-09-07 18:33:44
자소설닷컴,토스뱅크,Collection Operations Specialist (대위변제),Collection Operations Specialist (대위변제),계약직,상시채용,,,2026-07-06,https://jasoseol.com/recruit/104011,,2026-09-07 18:33:45
자소설닷컴,토스뱅크,Collection Operations Specialist (공적구제),Collection Operations Specialist (공적구제),계약직,상시채용,,,2026-07-06,https://jasoseol.com/recruit/104012,,2026-09-07 18:33:45
자소설닷컴,NHN AD,2026년 하반기 인턴채용,"광고AE, 광고 솔루션 운영, 애드테크 솔루션 개발, 광고 상품 기획자",인턴,수시채용,,,2026-05-21,https://jasoseol.com/recruit/104013,,2026-09-07 18:33:46
자소설닷컴,넥센타이어,해외영업 신입 채용,해외영업,신입,수시채용,,,2026-05-18,https://jasoseol.com/recruit/104014,,2026-09-07 18:33:46
자소설닷컴,GC셀,검체 관리 서비스 매니저 채용 (청주),서비스 매니저,계약직,상시채용,,,2026-06-15,https://jasoseol.com/recruit/104015,,2026-09-07 18:33:46
자소설닷컴,스튜디오에스,경영직군 채용,경영직군 ,코드5,수시채용,,,2026-05-25,https://jasoseol.com/recruit/104016,,2026-09-07 18:33:47
자소설닷컴,DIG에어가스,"생산엔지니어, 오퍼레이터 신입채용","생산엔지니어, 오퍼레이터",신입,수시채용,,,2026-05-17,https://jasoseol.com/recruit/104017,,2026-09-07 18:33:47
자소설닷컴,모비데이즈,34기 인턴십 공개채용 (마케팅/사업기획/AI/세일즈 외),"마케팅, PM, GPM, 세일즈, CC, AI Tech Lab, 사업기획·전략",인턴,수시채용,,,2026-05-24,https://jasoseol.com/recruit/104018,,2026-09-07 18:33:48
자소설닷컴,아이쓰리시스템,반도체 소자개발 부문 연구원 채용,반도체 소자 개발 부문 연구원 채용,코드5,수시채용,,,2026-05-27,https://jasoseol.com/recruit/104019,,2026-09-07 18:33:48
자소설닷컴,신원,수출부문 KNIT 해외영업(담당 바이어 미정) 경력 채용,해외영업,경력,수시채용,,,2026-05-20,https://jasoseol.com/recruit/104022,,2026-09-07 18:33:49
자소설닷컴,토스뱅크,Asset Assistant,Asset Assistant,인턴,상시채용,,,2026-06-15,https://jasoseol.com/recruit/104023,,2026-09-07 18:33:50
자소설닷컴,한국해양과학기술원 부설 극지연구소,2026년 상반기 채용 공고,"정보화시스템운영, 홍보.PR, 연구기획, 인사","계약직, 신입",수시채용,,,2026-05-26,https://jasoseol.com/recruit/104024,,2026-09-07 18:33:50
자소설닷컴,경희의료원,정규직 신입교직원 [사무직] 공개채용 모집,사무직,신입,수시채용,,,2026-05-15,https://jasoseol.com/recruit/104020,,2026-09-07 18:33:51
자소설닷컴,한국화학산업협회,2026년 신입사원 공개채용,화학산업 정책·전략·분석,신입,수시채용,,,2026-05-31,https://jasoseol.com/recruit/104025,,2026-09-07 18:33:51
자소설닷컴,프라임마스코리아,2026 신입 엔지니어 채용,"DRAM Controller · ECC · RAS (Digital 회로설계), CPU Subsystem (Digital 회로설계), High-Speed I/O Subsystem (Digital 회로설계), UVM I",신입,수시채용,,,2026-05-31,https://jasoseol.com/recruit/104026,,2026-09-07 18:33:51
자소설닷컴,휴스틸,신입 및 경력사원 수시채용,"임원비서, 설비-전기 , 설비-기계, 품질보증 ","경력, 계약직, 코드5",수시채용,,,2026-05-25,https://jasoseol.com/recruit/104027,,2026-09-07 18:33:51
자소설닷컴,한국산업단지공단(KICOX),2026년 제2차 계약직 및 체험형 청년인턴 채용,"스마트 그린산단, 휴직 대체인력 - 기사, 휴직 대체인력 - 비서, 휴직 대체인력 - 경기지역본부, 휴직 대체인력 - 경북지역본부, 휴직 대체인력 - 울산지역본부, 체험형 청년인턴 - 본사(대구), 체험형 청년인턴 ","계약직, 인턴",수시채용,,,2026-05-21,https://jasoseol.com/recruit/104021,,2026-09-07 18:33:52
자소설닷컴,토스뱅크,Collections Operations Assistant,Collections Operations Assistant,계약직,상시채용,,,2026-05-22,https://jasoseol.com/recruit/104028,,2026-09-07 18:33:52
자소설닷컴,KPX케미칼,2026년 자금/총무 부문 채용,자금/총무,코드5,수시채용,,,2026-05-22,https://jasoseol.com/recruit/104029,,2026-09-07 18:33:52
자소설닷컴,에너지경제연구원(KEEI),2026년도 상반기 정규직(행정원) 제한경쟁 채용공고,"일반(사회형평), 시설관리",코드5,수시채용,,,2026-05-26,https://jasoseol.com/recruit/104030,,2026-09-07 18:33:53
자소설닷컴,에코마케팅,퍼포먼스 마케터 신입사원 채용,퍼포먼스 마케터,코드5,수시채용,,,2026-05-17,https://jasoseol.com/recruit/104032,,2026-09-07 18:33:54
자소설닷컴,SAP Korea,2026 SeSAC 새싹 금천캠퍼스 SW 6기 “클라우드 애플리케이션 개발자 양성 과정”,클라우드 애플리케이션 개발자 양성 과정-SW 6기,교육,수시채용,,,2026-06-07,https://jasoseol.com/recruit/104034,,2026-09-07 18:33:54
자소설닷컴,한온시스템,2026 상반기 채용연계형 인턴십,"국제회계, 자금, 구매(전장부품), 디지털혁신, 디지털 어플리케이션, 디지털보안, 전략혁신, 제조기술, 설비보전, 수출입관리, 환경안전, 차량용 Software 개발, 특허관리, 차량용 공조 제어기 개발, 차량용 열",인턴,수시채용,,,2026-05-19,https://jasoseol.com/recruit/104031,,2026-09-07 18:33:55
자소설닷컴,현대종합금속,신입사원 모집,본사 수출영업부(호주),신입,수시채용,,,2026-05-25,https://jasoseol.com/recruit/104036,,2026-09-07 18:33:55
자소설닷컴,비전바이오켐,신입/경력사원 채용,"건강기능식품소재 기술영업&마케팅, Bakery 소재 기술영업&마케팅, B2B 마케팅",코드5,수시채용,,,2026-05-18,https://jasoseol.com/recruit/104035,,2026-09-07 18:33:55
자소설닷컴,한화에너지 호주법인,2026 Graduate Program,"Finance Analyst, AI & Tech Associate",계약직,수시채용,,,2026-05-24,https://jasoseol.com/recruit/104033,,2026-09-07 18:33:55
자소설닷컴,에코마케팅,크리에이티브 직무 공개채용 (마케팅 영상 크리에이터/기획하는 광고 디자이너),마케팅 영상 크리에이터,"경력, 신입, 인턴",수시채용,,,2026-05-17,https://jasoseol.com/recruit/104037,,2026-09-07 18:33:55
자소설닷컴,현대엔지비,2026년 6월 체험형 인턴 채용 (교육 운영 분야),"인증제도, 기술직 교육, R&D 교육, 정부사업, 매치업 교육, AI 블로그 및 시험",인턴,수시채용,,,2026-05-25,https://jasoseol.com/recruit/104038,,2026-09-07 18:33:56
자소설닷컴,이노션,인사 운영 담당 (급여/근태) (Junior),인사 운영 담당 (급여/근태) (Junior),계약직,수시채용,,,2026-05-18,https://jasoseol.com/recruit/104039,,2026-09-07 18:33:56
자소설닷컴,에코마케팅,마케팅 사무보조 계약직,마케팅 사무보조,계약직,수시채용,,,2026-05-14,https://jasoseol.com/recruit/104040,,2026-09-07 18:33:56
자소설닷컴,GC셀,"임상병리사 모집 (제주, 계약직)",임상병리사,계약직,상시채용,,,2026-06-09,https://jasoseol.com/recruit/104041,,2026-09-07 18:33:57
자소설닷컴,아이센스,2026 상반기 신입/경력 대규모 채용,"국내영업(간호사), 해외 학술/전시 마케팅, PM(POC 의료기기), 해외CS(CGMS/BGMS 기기), 국내CS(CGMS/BGMS 기기), 해외CS(POC 장비/기술영업), 품질보증, 품질관리, POC제품 개발 지","경력, 신입",수시채용,,,2026-06-12,https://jasoseol.com/recruit/104044,,2026-09-07 18:33:59
자소설닷컴,윈스테크넷,윈스 클라우드 시큐리티 스쿨 2기,클라우드 보안 전문가 양성과정,교육,수시채용,,,2026-06-10,https://jasoseol.com/recruit/104042,,2026-09-07 18:34:01
자소설닷컴,오리온,2026 상반기 신입사원 채용,"ENG (기계공학), 식품안전연구, 생산관리",신입,수시채용,,,2026-05-26,https://jasoseol.com/recruit/104043,,2026-09-07 18:34:01
자소설닷컴,키다리·레진,2026 상반기 전환형 인턴 채용,"[경영지원본부]경영관리, [경영지원본부]법무, [경영지원본부]채용, [경영지원본부]회계, [글로벌콘텐츠부]현지화 기획 및 수급, [글로벌콘텐츠부]US 에디터, [레진사업본부]레진US/ES 사업전략 및 운영, [브랜드",인턴,수시채용,,,2026-05-31,https://jasoseol.com/recruit/104046,,2026-09-07 18:34:01
자소설닷컴,NHN Enterprise,IDC 운영자 (광주),IDC 운영자 (광주),신입,상시채용,,,2026-07-10,https://jasoseol.com/recruit/104045,,2026-09-07 18:34:02
자소설닷컴,한미글로벌,2026년 상반기 신입채용,"PM 건설 사업 관리 - 건축, PM 건설 사업 관리 - 토목, PM 건설 사업 관리 - 기계, PM 건설 사업 관리 - 전기",신입,수시채용,,,2026-05-29,https://jasoseol.com/recruit/104047,,2026-09-07 18:34:02
자소설닷컴,한국콩스버그마리타임,[외국계] 2026년 정규직 채용,"Software Engineer, Field Engineer (Ulsan), Field Engineer (Okpo), Field Engineer (Samho), Service Engineer","경력, 코드5",수시채용,,,2026-05-26,https://jasoseol.com/recruit/104048,,2026-09-07 18:34:02
자소설닷컴,대상,2026년 신입/경력사원 채용,"[경영지원부문] 기술관리, [경영지원부문] 품질관리, [경영지원부문] SCM재고기획, [식품사업부문] 생산직(기흥), [식품사업부문] 생산직(천안), [소재사업부문] 기술직, [R&D부문] 유산균 실험, [R&D부문","경력, 신입",수시채용,,,2026-05-25,https://jasoseol.com/recruit/104050,,2026-09-07 18:34:03
자소설닷컴,서울특별시 장애인치과병원,사무직-일반행정(정규직) 채용,사무직(일반행정),코드5,수시채용,,,2026-05-26,https://jasoseol.com/recruit/104051,,2026-09-07 18:34:03
자소설닷컴,쿠팡풀필먼트서비스,[쿠팡CFS] 2026 현장관리자 정규직 채용(입사인센티브/선착순),현장관리자(Team Captain),코드5,수시채용,,,2026-05-19,https://jasoseol.com/recruit/104049,,2026-09-07 18:34:03
자소설닷컴,이노션,데이터 분석 및 컨설팅 (Junior) (육아휴직 대체),데이터 분석 및 컨설팅 (Junior) (육아휴직 대체),계약직,수시채용,,,2026-05-25,https://jasoseol.com/recruit/104052,,2026-09-07 18:34:04
자소설닷컴,아주산업,2026년 모듈러 사업팀(설계) 팀장/팀원 채용,2026년 모듈러 사업팀(설계) 팀장/팀원 채용,코드5,수시채용,,,2026-05-17,https://jasoseol.com/recruit/104053,,2026-09-07 18:34:04
자소설닷컴,중앙대학교병원,(광명병원) 원무팀 행정직 (계약직) 모집 (2026.05),행정-원무팀,계약직,수시채용,,,2026-05-17,https://jasoseol.com/recruit/104054,,2026-09-07 18:34:04
자소설닷컴,중앙대학교병원,(광명병원) 간호본부 마취통증의학과 전담간호사 (계약직) 모집 (2026.05),간호사-간호본부(마취회복실)-마취통증의학과 전담간호사,계약직,수시채용,,,2026-05-17,https://jasoseol.com/recruit/104055,,2026-09-07 18:34:05
자소설닷컴,다쏘시스템코리아,카티아 첨단로봇 제조스쿨 5기 교육생 모집,첨단로봇 제조 스쿨 5기 ,교육,수시채용,,,2026-06-08,https://jasoseol.com/recruit/104057,,2026-09-07 18:34:06
자소설닷컴,해원티앤디,코그넥스(Cognex) 머신비전 엔지니어 채용,코그넥스(Cognex) 머신비전 엔지니어,경력,상시채용,,,2026-05-30,https://jasoseol.com/recruit/104058,,2026-09-07 18:34:06
자소설닷컴,유안타증권,정보시스템팀 경력직원 채용,"계좌서비스, 원장, 내부통제",계약직,수시채용,,,2026-05-21,https://jasoseol.com/recruit/104060,,2026-09-07 18:34:07
자소설닷컴,한화금융,2026 커리어세션 모집,투자,신입,수시채용,,,2026-05-15,https://jasoseol.com/recruit/104056,,2026-09-07 18:34:07
자소설닷컴,에프엠커뮤니케이션즈,2026 상반기 신입/경력 공개채용,"프로모션 기획 및 실행(경력), 프로모션 기획 및 실행(신입)","경력, 신입",수시채용,,,2026-05-31,https://jasoseol.com/recruit/104059,,2026-09-07 18:34:07
자소설닷컴,알파사이츠,7월 주요고객사 프로젝트 담당자 신입 채용,Client Service Team - 주요 고객사 프로젝트 담당자,신입,수시채용,,,2026-06-10,https://jasoseol.com/recruit/104061,,2026-09-07 18:34:07
자소설닷컴,NHN Enterprise,IDC 운영자 (판교),IDC 운영자 (판교),신입,상시채용,,,2026-06-11,https://jasoseol.com/recruit/104062,,2026-09-07 18:34:07
자소설닷컴,한국기계연구원,2026년도 제3회 기간제 근로자 공개채용,"연구-1 - 공기액화 기반 에너지저장 및 활용시스템 테스트베드 구축 및 현장 운영 관리, 연구-2 - 공기액화 기반 에너지저장 및 활용시스템 테스트베드 설계, 구축 및 통합 운영 지원, 연구-3 - 바이오 실험 기반",계약직,수시채용,,,2026-05-27,https://jasoseol.com/recruit/104063,,2026-09-07 18:34:08
자소설닷컴,E1,법무 경력사원 채용,법무,경력,수시채용,,,2026-05-25,https://jasoseol.com/recruit/104064,,2026-09-07 18:34:09
자소설닷컴,컴투스,2026 채용연계형 인턴십 GENIUS 8th,"게임사업, 데이터분석, 게임기획, 게임아트(캐릭터원화/배경원화/배경모델러/애니메이터), 클라이언트 프로그래머, 서버 프로그래머, AI_AGENT, AI_MODEL, AI_ART, 투자전략, [컴투스홀딩스] 게임사업",인턴,수시채용,,,2026-05-26,https://jasoseol.com/recruit/104065,,2026-09-07 18:34:09
자소설닷컴,JW,2026년 3차 수시채용,"[JW중외제약]영업원(ETC), [JW신약]영업원(ETC), [JW중외제약]영업원(OTC), [JW중외제약]마케팅(OTC), [JW중외제약]마케팅(ETC), [JW중외제약]시장분석, [JW메디칼]어플리케이션담당, [","경력, 신입, 코드5",수시채용,,,2026-05-26,https://jasoseol.com/recruit/104066,,2026-09-07 18:34:09
자소설닷컴,존슨앤드존슨,[MedTech] 영업직 신입사원 채용 (서울/부산),"Associate Professional Product Specialist - Surgery(부산), Clinical Sales – Electrophysiology(서울)",신입,상시채용,,,2026-07-11,https://jasoseol.com/recruit/104067,,2026-09-07 18:34:10
자소설닷컴,이노션,데이터 분석 운영(GA4 Specialist),데이터 분석 운영(GA4 Specialist),계약직,수시채용,,,2026-05-25,https://jasoseol.com/recruit/104068,,2026-09-07 18:34:10
자소설닷컴,이노션,데이터 엔지니어 (Google Analytics),데이터 엔지니어 (Google Analytics),계약직,수시채용,,,2026-05-25,https://jasoseol.com/recruit/104069,,2026-09-07 18:34:10
자소설닷컴,한국화재보험협회,각 분야별 계약직원 채용,"방재컨설팅, 전통시장 분야, 양곡창고 분야",계약직,수시채용,,,2026-05-26,https://jasoseol.com/recruit/104071,,2026-09-07 18:34:11
자소설닷컴,앳홈,상품기획팀 PM 인턴(체험형 인턴),상품기획팀 PM 인턴(체험형 인턴),인턴,상시채용,,,2026-05-31,https://jasoseol.com/recruit/104074,,2026-09-07 18:34:12
자소설닷컴,현대종합금속,신입사원 모집,본사 회장비서실,신입,수시채용,,,2026-05-31,https://jasoseol.com/recruit/104075,,2026-09-07 18:34:12
자소설닷컴,남양넥스모,"2026년 상반기 일반직 수시 채용 (모터개발, UAV 하이브리드 엔진 설계)","모터 개발, UAV 하이브리드 엔진 설계","경력, 신입, 인턴",수시채용,,,2026-05-22,https://jasoseol.com/recruit/104073,,2026-09-07 18:34:12
자소설닷컴,국순당,[신입/경력] 영업(국내주류)_수도권 부문 인재채용,영업(국내주류)_수도권,코드5,수시채용,,,2026-05-26,https://jasoseol.com/recruit/104072,,2026-09-07 18:34:13
자소설닷컴,경북대학교데이터융복합연구원,[피엔티 채용예정자 부트캠프] 경북대 K-Digital Training AI 캠퍼스 17기 교육생 모집,AI·빅데이터 부트캠프 교육생,교육,수시채용,,,2026-06-10,https://jasoseol.com/recruit/104076,,2026-09-07 18:34:13
자소설닷컴,현대비앤지스틸,대졸신입사원 및 채용형 인턴 채용 (회계/경영지원),"회계, 경영지원","신입, 인턴",수시채용,,,2026-05-21,https://jasoseol.com/recruit/104077,,2026-09-07 18:34:13
자소설닷컴,현대코퍼레이션그룹,2026년 상반기 The Next Talent 채용,"해외 영업, 경영 지원",신입,수시채용,,,2026-05-31,https://jasoseol.com/recruit/104080,,2026-09-07 18:34:14
자소설닷컴,테크윙,2026년 5월 각 부문 채용,"해외영업 , 해외영업 (그룹장/팀장급), 영업관리, IT, SW개발, HW개발, 해석 (열/유동), 특허, 로봇물류자동화, 제조그룹, 구매, 자재, 고객만족그룹 (CS), 품질보증","경력, 신입, 코드5",수시채용,,,2026-05-27,https://jasoseol.com/recruit/104079,,2026-09-07 18:34:14
자소설닷컴,스나이퍼팩토리,취업연계 AI 개발 실무교육 | 한컴 AI 아카데미 6기 수강생 정식 모집(~6/21) 🚀,한컴 AI 아카데미 6기,교육,수시채용,,,2026-06-21,https://jasoseol.com/recruit/104081,,2026-09-07 18:34:15
자소설닷컴,SK바이오사이언스,26년 5월 경력사원 수시채용,"ESG, Business Development",경력,수시채용,,,2026-05-24,https://jasoseol.com/recruit/104083,,2026-09-07 18:34:15
자소설닷컴,대한항공,2026년 채용연계형 하계인턴 모집,"여객, 화물, 경영전략, 교육, 항공기술, IT, 재무, 항공우주",인턴,수시채용,,,2026-05-26,https://jasoseol.com/recruit/104084,,2026-09-07 18:34:16
자소설닷컴,조이시티,재무회계 담당 모집,재무회계,경력,상시채용,,,2026-07-11,https://jasoseol.com/recruit/104085,,2026-09-07 18:34:16
자소설닷컴,에이피알,[제조] PDRN/PN 품질관리(QC) 채용연계형 인턴사원 모집,PDRN/PN 품질관리(QC),인턴,상시채용,,,2026-06-09,https://jasoseol.com/recruit/104086,,2026-09-07 18:34:16
자소설닷컴,메디테라피,글로벌 틱톡 마케팅 인턴 채용 (해외대 전형),글로벌 틱톡 마케터,인턴,수시채용,,,2026-05-25,https://jasoseol.com/recruit/104078,,2026-09-07 18:34:17
자소설닷컴,BGF로지스,26년 2분기 채용연계형 인턴 수시채용,"지역거점 물류센터(RDC), 자동화 물류센터(CDC), 자동화 설비관리 , 시설관리",인턴,수시채용,,,2026-05-19,https://jasoseol.com/recruit/104088,,2026-09-07 18:34:17
자소설닷컴,한국로봇산업진흥원,2026년 제1차 신규직원 채용,"사업관리(로봇활용 제조혁신 지원), 정보통신, 연구개발, 연구개발 (휴머노이드로봇 실증 기술연구), 사업관리 (로봇활용 제조혁신 지원), 사업관리 (행정관리), 사업관리 (글로벌 혁신 특구), 사업관리 (국가로봇테스","계약직, 신입, 인턴, 코드5",수시채용,,,2026-05-28,https://jasoseol.com/recruit/104089,,2026-09-07 18:34:18
자소설닷컴,한국원자력산업협회,2026년 프로젝트 계약직 및 전화조사원 채용,"프로젝트 계약직, 전화조사원",계약직,수시채용,,,2026-05-20,https://jasoseol.com/recruit/104090,,2026-09-07 18:34:18
자소설닷컴,하나증권,ECM3실 경력직 채용,ECM3실,계약직,수시채용,,,2026-05-25,https://jasoseol.com/recruit/104087,,2026-09-07 18:34:18
자소설닷컴,국립공원공단(KNPS),직원 채용,"일반직 6급 (공원행정)-동부, 일반직 6급 (공원행정)-서부, 일반직 6급 (공원행정)-중부, 일반직 6급 (공원행정)-북부, 일반직 6급 (공원행정)-전국, 일반직 6급 (공원행정/IT)-전국, 일반직 6급 (레","경력, 코드5",수시채용,,,2026-05-27,https://jasoseol.com/recruit/104091,,2026-09-07 18:34:18
자소설닷컴,엠비씨씨앤아이,<AI 멀티콘텐츠 창작자 아카데미> 운영 프로젝트 계약직 사원 모집,교육 운영 사무보조,계약직,수시채용,,,2026-05-26,https://jasoseol.com/recruit/104093,,2026-09-07 18:34:19
자소설닷컴,유안타증권,금융센터삼척지점 신입/경력직원 채용,"업무직원, 영업직원",계약직,수시채용,,,2026-05-20,https://jasoseol.com/recruit/104092,,2026-09-07 18:34:19
자소설닷컴,아동권리보장원,(제2026-1호) 직원 채용(재공고),"사업관리(입양사업), 행정지원(자립준비청년)","계약직, 인턴",수시채용,,,2026-05-22,https://jasoseol.com/recruit/104094,,2026-09-07 18:34:19
자소설닷컴,삼립,"해외사업부 경력직 모집(마케팅, 지원)","해외마케팅, 해외영업지원","경력, 계약직",수시채용,,,2026-05-19,https://jasoseol.com/recruit/104095,,2026-09-07 18:34:20
자소설닷컴,에이피알,[경영지원] 해외법인 관리/결산 채용연계형 인턴 및 경력사원 모집,[경영지원] 해외법인 관리/결산,"경력, 인턴",상시채용,,,2026-06-15,https://jasoseol.com/recruit/104097,,2026-09-07 18:34:21
자소설닷컴,쏘카,[계약직] 사업 운영 지원 매니저,사업운영 지원 매니저,계약직,상시채용,,,2026-06-11,https://jasoseol.com/recruit/104098,,2026-09-07 18:34:21
자소설닷컴,울브린코리아,[자동차부품] 총무 담당자 모집,총무,경력,상시채용,,,2026-07-12,https://jasoseol.com/recruit/104099,,2026-09-07 18:34:22
자소설닷컴,한국표준협회,2026년 2차 기간제 근로자 공개채용,"IATF 16949 및 ISO인증 운영 및 지원 (검인증운영센터), ISO인증 운영 및 지원 (국제인증센터), 온실가스 검증 및 정부사업 운영 및 지원(기후환경센터), KS인증 운영 및 지원(KS인증센터), 표준화 ",계약직,수시채용,,,2026-05-28,https://jasoseol.com/recruit/104100,,2026-09-07 18:34:22
자소설닷컴,에이피알,[SCM] 수요계획/재고관리 채용연계형 인턴사원 모집,수요계획/재고관리,인턴,상시채용,,,2026-06-11,https://jasoseol.com/recruit/104096,,2026-09-07 18:34:22
자소설닷컴,KCC,2026년 5월 대졸 신입 수시채용,"선박도료 해외영업, 도료 영업/영업관리, 도료 기술, 총무",신입,수시채용,,,2026-05-19,https://jasoseol.com/recruit/104101,,2026-09-07 18:34:22
자소설닷컴,가온전선,'26년 2분기 수시채용 채용연계형 인턴사원,"국내영업(유통) , 국내영업(직판), 기술지원, 설계",인턴,수시채용,,,2026-05-24,https://jasoseol.com/recruit/104102,,2026-09-07 18:34:23
자소설닷컴,한국수산회,직원 채용 공고,"유통소비본부, 국제인증지원센터",계약직,수시채용,,,2026-05-20,https://jasoseol.com/recruit/104103,,2026-09-07 18:34:23
자소설닷컴,인천국제공항보안,(2026-3) 일반직 및 계약직 직원 채용 공고,"일반행정, 비서","계약직, 코드5",수시채용,,,2026-05-18,https://jasoseol.com/recruit/104104,,2026-09-07 18:34:24
자소설닷컴,NH선물,직원 채용 공고,IT부문[국내계정],코드5,수시채용,,,2026-05-29,https://jasoseol.com/recruit/104105,,2026-09-07 18:34:24
자소설닷컴,GC셀,검체 관리 서비스 매니저 채용 (용인),서비스 매니저,계약직,상시채용,,,2026-06-15,https://jasoseol.com/recruit/104106,,2026-09-07 18:34:24
자소설닷컴,비바리퍼블리카(토스),Security Engineer (이벤트 분석 / 사고대응),Security Engineer (이벤트 분석 / 사고 대응),경력,상시채용,,,2026-07-12,https://jasoseol.com/recruit/104107,,2026-09-07 18:34:25
자소설닷컴,비바리퍼블리카(토스),Security Engineer (보안 분석 플랫폼 운영),Security Engineer (보언 분석 플랫폼 운영),경력,상시채용,,,2026-07-12,https://jasoseol.com/recruit/104108,,2026-09-07 18:34:25
자소설닷컴,중앙대학교병원,광명소하검진센터 풀타임 간호사(계약직) 모집 (2026.05),간호사-광명소하검진센터,계약직,수시채용,,,2026-05-19,https://jasoseol.com/recruit/104110,,2026-09-07 18:34:26
자소설닷컴,중앙대학교병원,(광명병원) 영상의학과 간호사(휴직대체) 모집 (2026.05),(휴직대체)-간호사-영상의학과,계약직,수시채용,,,2026-05-19,https://jasoseol.com/recruit/104109,,2026-09-07 18:34:26
자소설닷컴,중앙대학교병원,(광명병원) 영상의학과 방사선사 (계약직) 모집 (2026.05),방사선사-영상의학과,계약직,수시채용,,,2026-05-19,https://jasoseol.com/recruit/104112,,2026-09-07 18:34:27
자소설닷컴,중앙대학교병원,(서울병원) 간호본부(외래간호팀) 간호사(계약직) 모집 (2026.05),간호본부(외래간호팀)-간호사,계약직,수시채용,,,2026-05-19,https://jasoseol.com/recruit/104113,,2026-09-07 18:34:27
자소설닷컴,중앙대학교병원,광명소하검진센터 풀타임 간호사(휴직대체) 모집 (2026.05),(휴직대체)-간호사-광명소하검진센터,계약직,수시채용,,,2026-05-19,https://jasoseol.com/recruit/104111,,2026-09-07 18:34:27
자소설닷컴,중앙대학교병원,(서울병원) 시설팀(기관실) 기능사(계약직) 모집(2026.05),시설팀(기관실)-기능사,계약직,수시채용,,,2026-05-19,https://jasoseol.com/recruit/104114,,2026-09-07 18:34:28
자소설닷컴,농업정책보험금융원(APFS),직원 공개채용 공고,"정규직(일반직)-신입-5급-행정사무(농어업재해보험관리, 일반), 정규직(일반직)-신입-5급-행정사무(정책금융, 일반), 정규직(일반직)-신입-5급-행정사무(정책금융, 장애인)",신입,수시채용,,,2026-05-28,https://jasoseol.com/recruit/104115,,2026-09-07 18:34:28
자소설닷컴,롯데글로벌로지스,HR실 신입 (JA) 채용,HR팀,신입,수시채용,,,2026-05-21,https://jasoseol.com/recruit/104116,,2026-09-07 18:34:28
자소설닷컴,윈스테크넷,2026년 하반기 인턴,"보안솔루션개발 (SNIPER), APT솔루션 개발 (클라우드개발1), 생성형 AI 보안솔루션 개발 (클라우드개발2), ASM/RMS 개발 (제품개발), Linux기반 OS개발 (기반기술), IT영업 (공공사업), 품",인턴,수시채용,,,2026-05-24,https://jasoseol.com/recruit/104117,,2026-09-07 18:34:29
자소설닷컴,GC셀,검체 관리 서비스 매니저 채용 (분당),서비스 매니저,계약직,상시채용,,,2026-06-15,https://jasoseol.com/recruit/104118,,2026-09-07 18:34:29
자소설닷컴,서울경제진흥원,청년취업사관학교 용산캠퍼스 교육생 모집,"AI를 활용한 보안전문가 양성 과정, AI 활용 클라우드 데이터 엔지니어 양성과정, AI 할용 Flutter 웹/앱 풀스택 개발, 전Z전능 디지털 마케터 with AI, AI 데이터 분석 캠프",교육,수시채용,,,2026-06-07,https://jasoseol.com/recruit/104119,,2026-09-07 18:34:29
자소설닷컴,한국에이버리데니슨,"Sales Rep (국내 영업 담당, 대구) 채용",Sales Representative (대구),코드5,수시채용,,,2026-06-07,https://jasoseol.com/recruit/104120,,2026-09-07 18:34:30
자소설닷컴,후성,회계팀 신입/경력사원 수시채용,회계,코드5,수시채용,,,2026-05-17,https://jasoseol.com/recruit/104121,,2026-09-07 18:34:30
자소설닷컴,경남개발공사,2026년 기간제 채용 5차 공고,"프런트·예약 , 사회(주거)복지분야, 건축분야",계약직,수시채용,,,2026-05-21,https://jasoseol.com/recruit/104122,,2026-09-07 18:34:31
자소설닷컴,환경책임보험사업단,2026년 상반기 부문별 채용,"정보화 사업 운영·관리, 데이터관리",계약직,상시채용,,,2026-07-12,https://jasoseol.com/recruit/104123,,2026-09-07 18:34:31
자소설닷컴,한국예술인복지재단,"제 4차 직원채용 공고 (정규직, 계약직)","일반행정(문화예술행정) - 정규직 5급, 일반행정(문화예술행정) - 일반계약직 5급 상당, 일반행정(정보화담당) - 일반계약직 5급 상당, 일반행정(예술인성폭력피해지원사업) - 일반계약직 4급 상당","계약직, 코드5",수시채용,,,2026-05-29,https://jasoseol.com/recruit/104124,,2026-09-07 18:34:32
자소설닷컴,토스플레이스,General Affairs Assistant, General Affairs Assistant (~5/24),계약직,상시채용,,,2026-06-11,https://jasoseol.com/recruit/104126,,2026-09-07 18:34:32
자소설닷컴,NHN,교육 운영(계약직),교육 운영(계약직),계약직,상시채용,,,2026-06-08,https://jasoseol.com/recruit/104127,,2026-09-07 18:34:33
자소설닷컴,앱솔브랩,[셀리맥스] 일본 오프라인 MD 경력 채용,일본 오프라인 MD 경력,경력,상시채용,,,2026-06-18,https://jasoseol.com/recruit/104128,,2026-09-07 18:34:33
자소설닷컴,앱솔브랩,[셀리맥스] 콘텐츠 디자이너 경력 채용,콘텐츠 디자이너 경력,경력,상시채용,,,2026-07-12,https://jasoseol.com/recruit/104129,,2026-09-07 18:34:33
자소설닷컴,SK머티리얼즈퍼포먼스,전환형 인턴 채용_품질관리,품질관리,인턴,수시채용,,,2026-05-24,https://jasoseol.com/recruit/104130,,2026-09-07 18:34:34
자소설닷컴,경신,2026년 상반기 품질관리팀(경주) 상주원 채용,품질-품질(상주원)-경주공장,경력,수시채용,,,2026-05-20,https://jasoseol.com/recruit/104125,,2026-09-07 18:34:34
자소설닷컴,평안,제품디자인/컨텐츠디자인/MD 및 기타직군 채용,"홈인테리어 제품 디자인/기획, 온라인 영업/MD, 구매/생산 관리, 컨텐츠 기획/제작, 고객지원","경력, 코드5",상시채용,,,2026-06-12,https://jasoseol.com/recruit/104131,,2026-09-07 18:34:34
자소설닷컴,보스반도체,상반기 HW·AI·SW 엔지니어 채용 (신입/경력),"SoC RTL Design, SoC Design Verification, PDI (자회사), AI SW, Embedded SW, SoC Solution",코드5,수시채용,,,2026-05-25,https://jasoseol.com/recruit/104132,,2026-09-07 18:34:35
자소설닷컴,서울경제진흥원,청년취업사관학교 양천캠퍼스 AI 융합 2기 교육생 모집,AI 콘텐츠 디자인 과정,교육,수시채용,,,2026-06-22,https://jasoseol.com/recruit/104133,,2026-09-07 18:34:35
자소설닷컴,중앙대학교병원,(서울병원) 심장초음파실 임상병리사(계약직) 모집 (2026.05),(신규)-심장초음파실-임상병리사,계약직,수시채용,,,2026-05-20,https://jasoseol.com/recruit/104135,,2026-09-07 18:34:36
자소설닷컴,농협네트웍스,2026년도 정규직 채용,"건축, 전기, 렌탈",코드5,수시채용,,,2026-05-26,https://jasoseol.com/recruit/104134,,2026-09-07 18:34:38
자소설닷컴,앤시스코리아,Physical AI 활용 반도체장비 설계 및 CAE 해석 스쿨,[앤시스코리아] Physical AI 활용 반도체장비 설계 및 CAE 해석 스쿨,교육,수시채용,,,2026-06-18,https://jasoseol.com/recruit/104137,,2026-09-07 18:34:38
자소설닷컴,이노션,AI 마케팅 (GEO) 기획 (Junior/Assistant),"AI 마케팅 (GEO) 기획 (Junior), AI 마케팅 (GEO) (Assistant)","계약직, 인턴",수시채용,,,2026-05-25,https://jasoseol.com/recruit/104136,,2026-09-07 18:34:39
자소설닷컴,한국여성정책연구원,"2026년 제2차 직원 블라인드 채용(연구직, 행정직) 공고","정규직_부연구위원, 정규직_행정원_일반행정, 정규직_행정원_일반행정(홍보), 무기계약직_연구원, 계약직_부연구위원(계약직), 계약직(유아휴직 대체)_연구원(계약직), 계약직(유아휴직 대체)_행정원(계약직), 비정규직","계약직, 신입, 인턴, 코드5",수시채용,,,2026-05-28,https://jasoseol.com/recruit/104138,,2026-09-07 18:34:39
자소설닷컴,한국장학재단(KOSAF),"2026년 상반기 수시채용 공고 (미화, 기간제근로자)","미화원, WEST사업 운영지원, 현장실습지원 사업관리, 취업지원관(중앙취업지원센터)",계약직,수시채용,,,2026-05-28,https://jasoseol.com/recruit/104140,,2026-09-07 18:34:40
자소설닷컴,유진투자선물,(경력) 국제영업팀 FEP프로그램 운영자 채용,본사(여의도)-FEP 운영자,경력,수시채용,,,2026-06-07,https://jasoseol.com/recruit/104139,,2026-09-07 18:34:40
자소설닷컴,안랩,2026 하반기 체험형 인턴십,"보안 서비스, 악성코드 분석, Threat Intelligence Ops Engineer, Threat Intelligence Service, 개발 및 테스트, 모바일 서버 개발, 연구기획, 연구 인프라, AI 서비",인턴,수시채용,,,2026-05-25,https://jasoseol.com/recruit/104143,,2026-09-07 18:34:41
자소설닷컴,세아제강,2026년 상반기 군산공장 수시채용 (경력-안전보건),안전/보건 관리,경력,수시채용,,,2026-05-19,https://jasoseol.com/recruit/104142,,2026-09-07 18:34:41
자소설닷컴,NHN Cloud,AI 팩토리 GPU 가속 MLOps 스쿨,[NHN CLOUD] AI 팩토리 GPU 가속 MLOps 스쿨,교육,수시채용,,,2026-06-18,https://jasoseol.com/recruit/104144,,2026-09-07 18:34:41
자소설닷컴,KG ICT,청년 이차전지 미래기술 아카데미 13기,이차전지 미래기술 교육과정,교육,수시채용,,,2026-06-14,https://jasoseol.com/recruit/104141,,2026-09-07 18:34:41
자소설닷컴,아주산업,2026년 레미콘 품질관리 인재채용(비봉사업소),레미콘 품질관리,코드5,수시채용,,,2026-05-25,https://jasoseol.com/recruit/104145,,2026-09-07 18:34:41
자소설닷컴,기초과학연구원(ibs),제2026-1회 중이온가속기연구소 정규직원 채용,극저온시스템 운영 관리 및 냉각 성능 분석 연구,코드5,수시채용,,,2026-06-02,https://jasoseol.com/recruit/104146,,2026-09-07 18:34:42
자소설닷컴,블랭크코퍼레이션,2026 인턴/경력 채용공고,"[블랭크코퍼레이션] 상품기획자, [블랭크코퍼레이션] 오프라인 디자이너, [블랭크코퍼레이션] 광고/콘텐츠 디자이너, [블랭크코퍼레이션] 회계 담당, [뷰에누보] 인플루언서 마케터, [뷰에누보] 콘텐츠 마케터, [콘레브","경력, 계약직, 인턴",수시채용,,,2026-05-29,https://jasoseol.com/recruit/104147,,2026-09-07 18:34:42
자소설닷컴,GC셀,첨단바이오 융합인재 (AI전문가) 모집 (신입/경력),AI전문가,경력,수시채용,,,2026-05-26,https://jasoseol.com/recruit/104149,,2026-09-07 18:34:43
자소설닷컴,비바리퍼블리카(토스),Merchandising Associate (주니어 MD I 서류패스 전형),Merchandising Associate (주니어 MD),계약직,수시채용,,,2026-06-04,https://jasoseol.com/recruit/104150,,2026-09-07 18:34:44
자소설닷컴,토스페이먼츠,KYC Operations Assistant,KYC,계약직,상시채용,,,2026-05-14,https://jasoseol.com/recruit/104151,,2026-09-07 18:34:44
자소설닷컴,대구경북과학기술원(DGIST),2026년도 체험형 청년인턴 공개채용 공고,체험형인턴,인턴,수시채용,,,2026-05-29,https://jasoseol.com/recruit/104153,,2026-09-07 18:34:44
자소설닷컴,하나증권,디지털신사업실 경력직 채용,디지털신사업실,계약직,수시채용,,,2026-05-27,https://jasoseol.com/recruit/104148,,2026-09-07 18:34:44
자소설닷컴,한국산업기술시험원(KTL),2026년 위촉계약직 (행정/연구직) 공개모집,"A-1-미화관리(서울분원 내부), A-2-시료관리, A-3-콜센터, A-4-시료관리, A-5-실험동물관리, A-6-시설관리(전기안전 및 시설관리), B-1-보건관리 업무 및 행정지원, B-2-구매계약 및 자산, B-",계약직,수시채용,,,2026-06-01,https://jasoseol.com/recruit/104154,,2026-09-07 18:34:45
자소설닷컴,대구경북첨단의료산업진흥재단,2026년 바이오헬스 아카데미 프로그램 운영 지원사업 MEDILINK 아카데미 3기 교육생 모집 공고,"MEDILINK 아카데미 3기-의료기기 설계, MEDILINK 아카데미 3기-의료기기 규제과학(RA)",교육,수시채용,,,2026-06-14,https://jasoseol.com/recruit/104155,,2026-09-07 18:34:45
자소설닷컴,한국해운조합,일반직 채용,"일반직 8급_수도권, 일반직 8급_동남권역, 일반직 8급_서남권역",신입,수시채용,,,2026-06-01,https://jasoseol.com/recruit/104156,,2026-09-07 18:34:45
자소설닷컴,한국상하수도협회,73기 수질측정분석 특화과정 훈련생 모집,수질측정분석 특화과정,교육,수시채용,,,2026-05-25,https://jasoseol.com/recruit/104157,,2026-09-07 18:34:46
자소설닷컴,경신,2026년 제조·양산기술팀 계약직 채용,"생산기술-제조기술-본사/연구소, 생산-양산기술-화성공장",계약직,수시채용,,,2026-05-24,https://jasoseol.com/recruit/104158,,2026-09-07 18:34:46
자소설닷컴,로지스올,경력사원 채용,"[한국컨테이너풀] 물류기기 영업관리, [한국컨테이너풀] 3PL SCM 영업 및 관리, [한국로지스풀] 3PL 영업 및 운영관리, [로지스올컨설팅] 컨설팅본부, [로지스올]법률검토 및 자문, [로지스올엔지니어링] 프로","경력, 계약직",수시채용,,,2026-05-28,https://jasoseol.com/recruit/104159,,2026-09-07 18:34:47
자소설닷컴,대한소방공제회,경력·신입직원 채용,"IT, 일반","경력, 신입",수시채용,,,2026-05-28,https://jasoseol.com/recruit/104161,,2026-09-07 18:34:48
자소설닷컴,세스코,해충방제 연구개발 지원 담당자 채용,해충방제 연구개발 지원 담당자 채용,계약직,수시채용,,,2026-05-29,https://jasoseol.com/recruit/104162,,2026-09-07 18:34:48
자소설닷컴,세스코,회계/세무,회계/세무,경력,수시채용,,,2026-05-29,https://jasoseol.com/recruit/104160,,2026-09-07 18:34:48
자소설닷컴,한국장애인개발원,2026년도 제2차 직원 정기채용 공고,"중앙장애아동.발달장애인지원(센터장), 지역사회 통합지원 일반직 5급, 지역사회 통합지원 일반직 6급, BF 인증, 일자리개발, 발달장애인 서비스지원, 정보보호, 정책연구, 정책통계, UD환경 정책기획 일반직 5급(제","경력, 계약직, 신입, 인턴",수시채용,,,2026-05-29,https://jasoseol.com/recruit/104163,,2026-09-07 18:34:48
자소설닷컴,하나증권,하나증권 Private Equity실 경력직 채용,Private Equity실,계약직,수시채용,,,2026-05-31,https://jasoseol.com/recruit/104165,,2026-09-07 18:34:49
자소설닷컴,한국산업기술진흥원(KIAT),2026년 신규직원 공개채용,"사업관리 - 첨단전략, 사업관리 - 일반",인턴,수시채용,,,2026-06-01,https://jasoseol.com/recruit/104164,,2026-09-07 18:34:49
자소설닷컴,대한전기산업연합회,2026년도 정기채용 공고,"행정(사무) 수출지원, 기술(원자력), 행정(사무) 대외협력, 행정(사무) 회원협력, 행정(사무) 총무, 기술(전기)","경력, 신입",수시채용,,,2026-05-28,https://jasoseol.com/recruit/104166,,2026-09-07 18:34:50
자소설닷컴,CJ올리브네트웍스,"Cloud, Security, SW 웨이브 1기 모집","AI CLOUD WAVE (인프라), AI SECURITY WAVE (보안), AI SW WAVE (소프트웨어 개발)",교육,수시채용,,,2026-05-31,https://jasoseol.com/recruit/104169,,2026-09-07 18:34:50
자소설닷컴,케이씨텍,반도체 CMP Slurry 소재 개발 담당자 모집 (신입/경력/동탄),연구-소재개발,"경력, 신입",수시채용,,,2026-05-20,https://jasoseol.com/recruit/104170,,2026-09-07 18:34:51
자소설닷컴,앱솔브랩,[셀리맥스] 스페인 아마존 MD 인턴 채용,스페인 아마존 MD,인턴,상시채용,,,2026-05-27,https://jasoseol.com/recruit/104168,,2026-09-07 18:34:51
자소설닷컴,케이씨텍,반도체 CMP장비 기구설계 엔지니어 모집(채용연계형 인턴/동탄),반도체 CMP장비 기구설계 엔지니어 모집(채용연계형 인턴/동탄),인턴,수시채용,,,2026-05-24,https://jasoseol.com/recruit/104171,,2026-09-07 18:34:51
자소설닷컴,세방그룹,2026년 2분기 신입·채용연계형 인턴·경력사원 정기 채용,"[세방(주)] 인사, [세방(주)] 재무회계, [세방(주)] 물류운영, [세방(주)] 해외법인영업, [세방전지(주)] 내부통제, [세방전지(주)] 구매, [세방전지(주)] 해외영업(미주), [세방전지(주)] 노무관리","경력, 신입, 인턴",수시채용,,,2026-05-25,https://jasoseol.com/recruit/104172,,2026-09-07 18:34:52
자소설닷컴,울산대학교,정규직원 채용공고,일반행정(입학사정관),코드5,수시채용,,,2026-05-26,https://jasoseol.com/recruit/104173,,2026-09-07 18:34:52
자소설닷컴,한국디지털광고협회,디지털 마케터 정규직취업 교육생 모집(2차),"디지털 광고마케터(1차), 디지털 광고마케터(2차)",교육,수시채용,,,2026-06-22,https://jasoseol.com/recruit/104175,,2026-09-07 18:34:53
자소설닷컴,KG ICT,피지컬 AI 제조 AX 캠퍼스 1기,피지컬 AI 제조 AX 캠퍼스,교육,수시채용,,,2026-06-14,https://jasoseol.com/recruit/104176,,2026-09-07 18:34:53
자소설닷컴,케이더블유이코리아,평택 물류 현장 신입사원 채용,SCM솔루션운영부(평택),신입,수시채용,,,2026-05-31,https://jasoseol.com/recruit/104177,,2026-09-07 18:34:53
자소설닷컴,세아제강,2026년 본사 사무행정직(계약) 수시채용,수출(사무행정),계약직,수시채용,,,2026-05-21,https://jasoseol.com/recruit/104178,,2026-09-07 18:34:54
자소설닷컴,한국환경산업기술원(KEITI),2026년 체험형 청년인턴 채용 공고,"행정지원(서울), 행정지원(인천), 행정지원(장애제한)",인턴,수시채용,,,2026-05-29,https://jasoseol.com/recruit/104179,,2026-09-07 18:34:54
자소설닷컴,한국토지주택공사(LH),2026년 무기계약직(업무직원) 신규채용,"[수도권] 사업관리, [강원권] 사업관리, [충청권] 사업관리, [영남권] 사업관리, [호남권] 사업관리, [제주권] 사업관리, [수도권] 시설관리/하자보수, [강원권] 시설관리/하자보수, [충청권] 시설관리/하자보",계약직,수시채용,,,2026-05-28,https://jasoseol.com/recruit/104180,,2026-09-07 18:34:55
자소설닷컴,자본재공제조합,신입사원 채용,보증,신입,수시채용,,,2026-05-28,https://jasoseol.com/recruit/104181,,2026-09-07 18:34:55
자소설닷컴,에코마케팅,패션 퍼포먼스 마케터(안다르) 신입사원 채용,퍼포먼스 마케터,신입,수시채용,,,2026-05-25,https://jasoseol.com/recruit/104183,,2026-09-07 18:34:55
자소설닷컴,하나증권,연금사업단 경력직 채용,"연금전략실-영업, 연금전략실-세무사",계약직,수시채용,,,2026-05-28,https://jasoseol.com/recruit/104184,,2026-09-07 18:34:56
자소설닷컴,한국해양과학기술원,2026년 1차 직원 (무기계약직) 공개채용,"미화_부산, 경비_부산, 정보통신_부산, 미화.조경원_남해, 미화_남해, 조리_남해, 미화_동해, 영양사 및 업무관련 행정지원_동해",계약직,수시채용,,,2026-06-04,https://jasoseol.com/recruit/104185,,2026-09-07 18:34:56
자소설닷컴,중앙대학교병원,(광명병원) 간호본부 외래간호팀 간호사 (계약직) 모집 (2026.05),간호사-간호본부(외래간호팀),계약직,수시채용,,,2026-05-21,https://jasoseol.com/recruit/104186,,2026-09-07 18:34:56
자소설닷컴,건축사사무소 건원엔지니어링,2026년 상반기 신입사원 공개채용,건설사업관리(CM),신입,수시채용,,,2026-06-08,https://jasoseol.com/recruit/104188,,2026-09-07 18:34:57
자소설닷컴,앳홈,글로벌 뷰티 수출 SCM 인턴 (정규직 전환형),글로벌 뷰티 수출 SCM 인턴 (정규직 전환형),인턴,상시채용,,,2026-06-06,https://jasoseol.com/recruit/104189,,2026-09-07 18:34:57
자소설닷컴,한국시세이도,SEED Internship 3.0 - Training / Marketing / People / Legal,"[NARS] Education & Artistry, [Clé de Peau Beauté] Marketing, [Legal] Legal, [People] People Communication & Employer Bra",인턴,수시채용,,,2026-05-27,https://jasoseol.com/recruit/104187,,2026-09-07 18:34:58
자소설닷컴,하나증권,브랜드실 경력직 채용,브랜드실,계약직,수시채용,,,2026-05-31,https://jasoseol.com/recruit/104191,,2026-09-07 18:34:58
자소설닷컴,대구경북과학기술원(DGIST),2026년도 체험형 청년인턴 공개채용,체험형 청년인턴,인턴,수시채용,,,2026-05-29,https://jasoseol.com/recruit/104192,,2026-09-07 18:34:59
자소설닷컴,페이히어,[핀테크 스타트업] 프로덕트 세일즈 스페셜리스트 인턴 채용,프로덕트 세일즈 스페셜리스트 인턴,인턴,상시채용,,,2026-05-27,https://jasoseol.com/recruit/104193,,2026-09-07 18:34:59
자소설닷컴,김앤장 법률사무소,"비서, 스탭 채용","비서, 스탭",코드5,수시채용,,,2026-05-27,https://jasoseol.com/recruit/104190,,2026-09-07 18:35:00
자소설닷컴,아주산업,2026 부동산개발사업 인재채용,부동산 개발사업,경력,수시채용,,,2026-05-31,https://jasoseol.com/recruit/104195,,2026-09-07 18:35:00
자소설닷컴,강북삼성병원,2026년 강북삼성병원 정보보호 및 IT부문 경력 / 신입 사원 공채,"정보보호 부문 , IT 부문","신입, 코드5",수시채용,,,2026-05-25,https://jasoseol.com/recruit/104194,,2026-09-07 18:35:01
자소설닷컴,SBS미디어그룹,2026 신입사원 공개채용 (기자/PD/아나운서/미디어엔지니어),"[SBS] 기자, [SBS] 교양PD, [SBS] 라디오PD, [SBS] 아나운서, [SBS] 미디어엔지니어, [스튜디오S] 드라마PD (연출), [스튜디오 프리즘] 예능PD",신입,수시채용,,,2026-06-08,https://jasoseol.com/recruit/104197,,2026-09-07 18:35:01
자소설닷컴,부산일보,2026년도 수습(기자·사원) 및 경력(기자·사원) 공개채용,"수습기자, 경력기자(사진), 수습사원, 경력사원","경력, 신입",수시채용,,,2026-06-08,https://jasoseol.com/recruit/104196,,2026-09-07 18:35:02
자소설닷컴,이엔에프테크놀로지,정보보안 경력사원 채용 - 기흥 본사,정보보안,경력,수시채용,,,2026-06-02,https://jasoseol.com/recruit/104200,,2026-09-07 18:35:03
자소설닷컴,롯데그룹,2026 상반기 Job Cafe,"LOTTE Job Cafe(서울), LOTTE Job Cafe(부산)",코드6,수시채용,,,2026-05-21,https://jasoseol.com/recruit/104199,,2026-09-07 18:35:03
자소설닷컴,한국기계연구원,2026년도 제2회 육아휴직 대체인력 채용,일반 사무 업무,계약직,수시채용,,,2026-06-03,https://jasoseol.com/recruit/104202,,2026-09-07 18:35:03
자소설닷컴,에이피알,[마케팅] 유럽 인플루언서 마케팅(PR) 채용연계형 인턴사원 모집 (스페인/이탈리아),[마케팅] 유럽 인플루언서 마케팅(PR) 채용연계형 인턴사원 모집 (스페인/이탈리아),인턴,상시채용,,,2026-07-17,https://jasoseol.com/recruit/104203,,2026-09-07 18:35:04
자소설닷컴,에이피알,[마케팅] 유럽 아마존 MD 채용연계형 인턴사원 모집 (독일/프랑스),[마케팅] 유럽 아마존 MD 채용연계형 인턴사원 모집 (독일/프랑스),인턴,상시채용,,,2026-06-18,https://jasoseol.com/recruit/104205,,2026-09-07 18:35:04
자소설닷컴,세아제강,2026년 상반기 순천공장 환경관리자 수시채용,환경 관리,신입,수시채용,,,2026-05-25,https://jasoseol.com/recruit/104206,,2026-09-07 18:35:05
자소설닷컴,에이피알,[마케팅] 중동 아마존 MD 채용연계형 인턴사원 모집,[마케팅] 중동 아마존 MD 채용연계형,인턴,상시채용,,,2026-07-16,https://jasoseol.com/recruit/104204,,2026-09-07 18:35:06
자소설닷컴,중앙대학교,교직원(행정직/기술직) 채용 공고,"행정직 시설(기계), 기술직 시설(가스)","경력, 신입",수시채용,,,2026-06-04,https://jasoseol.com/recruit/104208,,2026-09-07 18:35:06
자소설닷컴,한림대학교의료원,'26년도 상반기 직원 공채,"일반행정, 재무회계, 전산관리(IT개발), 전기/통신","경력, 신입, 코드5",수시채용,,,2026-06-03,https://jasoseol.com/recruit/104207,,2026-09-07 18:35:06
자소설닷컴,비바리퍼블리카(토스),AML Operations Specialist,AML Operations Specialist,계약직,상시채용,,,2026-06-03,https://jasoseol.com/recruit/104209,,2026-09-07 18:35:07
자소설닷컴,오뚜기,2026년 상반기 대졸신입사원 공개채용,"B2C영업, B2B영업, B2B마케팅(해외상품), 홍보영양, 마케팅(PM), 디자인, 브랜드경험(BX), 글로벌영업, 글로벌전략, 생산기술, 품질관리, 환경안전, 고객상담, 식품안전, R&D, 법무, 경영전략, 디지",신입,수시채용,,,2026-05-26,https://jasoseol.com/recruit/104198,,2026-09-07 18:35:07
자소설닷컴,한국거래소,신입직원 채용,"경영, 경제, 법학, 통계, IT",신입,수시채용,,,2026-06-02,https://jasoseol.com/recruit/104211,,2026-09-07 18:35:07
자소설닷컴,케이씨텍,GCS CMP장비 생산 관리 계약직 모집(신입/안성),생산-생산관리,계약직,수시채용,,,2026-05-25,https://jasoseol.com/recruit/104210,,2026-09-07 18:35:08
자소설닷컴,한미약품,2026년 5월 계약직 수시채용,"[한미약품] 의료데이터분석, [한미약품] 영업지원, [한미약품] 생산, [한미약품] 품질보증, [한미약품] 제제분석(경기도 수원), [한미약품] 제제분석(경기도 화성), [한미사이언스] 영업관리",계약직,수시채용,,,2026-05-31,https://jasoseol.com/recruit/104212,,2026-09-07 18:35:08
자소설닷컴,바이엘코리아,"MSL I Radiology (약 18개월 육아휴직 대체 계약직, 공고 연장)",MSL I Radiology,계약직,수시채용,,,2026-06-07,https://jasoseol.com/recruit/104213,,2026-09-07 18:35:09
자소설닷컴,에이플러스에셋,2026 군장교 공개채용,"영업관리, 경영지원",신입,수시채용,,,2026-06-06,https://jasoseol.com/recruit/104215,,2026-09-07 18:35:09
자소설닷컴,국순당,[신입/경력] 품질관리 부문 인력채용,품질관리 부문 인력채용,"경력, 신입",수시채용,,,2026-06-01,https://jasoseol.com/recruit/104216,,2026-09-07 18:35:09
자소설닷컴,데일리앤코,"[클럭,몽제] 상품기획/개발자 추가 채용 (OEM/ODM)",상품기획,경력,수시채용,,,2026-06-02,https://jasoseol.com/recruit/104214,,2026-09-07 18:35:10
자소설닷컴,이씨이십일,[해외마케팅팀] 중소기업 해외 진출 지원(바이어 발굴),"해외바이어 발굴 및 매칭, 참여기업 관리, 성과 관리",계약직,수시채용,,,2026-05-31,https://jasoseol.com/recruit/104217,,2026-09-07 18:35:10
자소설닷컴,연세대학교,2026년도 정규직원(8급/시설기술) 채용 공고,"8급 행정<일반>, 8급 전문<전산> , 8급 전문<사서>, 8급 기술<건축>, 시설기술<전기>",신입,수시채용,,,2026-06-04,https://jasoseol.com/recruit/104218,,2026-09-07 18:35:10
자소설닷컴,경기창조경제혁신센터,정규직/계약직 5개 분야 경력 및 신입 직원 채용,"정규직 글로벌 액셀러레이터(경력직 주임급), 정규직 투자 심사 및 팁스 프로그램 운영(신입/경력직 사원급), 계약직 창업기업 액셀러레이터(신입/경력직 주임급), 계약직 창업기업 액셀러레이터(신입/경력직 사원급), 계","경력, 계약직, 코드5",수시채용,,,2026-06-01,https://jasoseol.com/recruit/104219,,2026-09-07 18:35:11
자소설닷컴,한국농어촌공사(KR),2026년도 7급 신입사원(채용형인턴) 채용,"[일반전형] 사무원_충남권역_서천지사, [일반전형] 사무원_전북권역_익산지사, [일반전형] 사무원_전남권역_함평지사, [일반전형] 사무원_전남권역_진도지사, [일반전형] 사무원_경북권역_예천지사, [일반전형] 사무원",인턴,수시채용,,,2026-06-08,https://jasoseol.com/recruit/104220,,2026-09-07 18:35:12
자소설닷컴,스프레이시스템코리아,[기술연구소] 노즐 제품 설계·개발 엔지니어 채용,노즐 설계 개발,경력,상시채용,,,2026-07-18,https://jasoseol.com/recruit/104222,,2026-09-07 18:35:12
자소설닷컴,한국중소벤처기업유통원,2026년 상반기 채용공고 신입/경력/사회평형/육아휴직 대체채용,"사업관리, 사업관리_보훈, 노무사, 직접생산 확인지원, 회계정산(장애인), 보건관리자(육아휴직 대체)","경력, 계약직, 코드6",수시채용,,,2026-06-05,https://jasoseol.com/recruit/104221,,2026-09-07 18:35:12
자소설닷컴,국립농업박물관,2026년 제3차 직원 채용 공고,"미화, 학예","계약직, 코드5",수시채용,,,2026-06-02,https://jasoseol.com/recruit/104223,,2026-09-07 18:35:12
자소설닷컴,앱솔브랩,[셀리맥스] HR(인사운영) 팀장 채용,HR(인사운영) 팀장,경력,상시채용,,,2026-05-19,https://jasoseol.com/recruit/104224,,2026-09-07 18:35:13
자소설닷컴,에코마케팅,마케팅 사무보조 계약직,마케팅 사무보조,계약직,수시채용,,,2026-05-25,https://jasoseol.com/recruit/104225,,2026-09-07 18:35:13
자소설닷컴,한국에너지공과대학교,정규직원 채용 공고,"정규직(신입)_일반행정, 정규직(신입)_건축",신입,수시채용,,,2026-06-04,https://jasoseol.com/recruit/104229,,2026-09-07 18:35:14
자소설닷컴,토스뱅크,Product Design Assistant,Product Design Assistant,계약직,상시채용,,,2026-06-19,https://jasoseol.com/recruit/104226,,2026-09-07 18:35:15
자소설닷컴,면사랑,2026년 상반기 신입/경력사원 공개 채용,"B2B 수도권 영업, B2B 특판영업, B2B 광주지점 영업, B2B 대구지점 영업, 영업기획, 고객센터, 상품기획, 디자인, 재무기획, 제조부문 면류 생산관리, 품질관리, 소방안전관리, 생산설비관리, 환경관리, 공","경력, 신입",수시채용,,,2026-05-31,https://jasoseol.com/recruit/104230,,2026-09-07 18:35:15
자소설닷컴,에이피알,[마케팅] 영미권(미국·영국) 뷰티 인플루언서 마케팅(PR) 채용연계형 인턴사원 모집,영미권(미국·영국) 뷰티 인플루언서 마케팅(PR),인턴,상시채용,,,2026-07-18,https://jasoseol.com/recruit/104227,,2026-09-07 18:35:16
자소설닷컴,삼성중공업,2026 스마트조선소 AI전문가 양성과정,스마트조선소 AI전문가 양성과정,교육,수시채용,,,2026-06-14,https://jasoseol.com/recruit/104233,,2026-09-07 18:35:16
자소설닷컴,삼립,안전보건기획 담당 모집,안전보건기획,코드5,수시채용,,,2026-05-27,https://jasoseol.com/recruit/104232,,2026-09-07 18:35:16
자소설닷컴,에이피알,[제조] 기술/제조 엔지니어 계약직 사원 모집,[제조] 기술/제조 엔지니어,계약직,상시채용,,,2026-08-26,https://jasoseol.com/recruit/104234,,2026-09-07 18:35:16
자소설닷컴,한국산업기술시험원(KTL),양천구 청년 취업교육 프로그램 - AI기반 시험인증 전문가 양성과정,AI기반 시험인증 전문가 양성과정,교육,수시채용,,,2026-05-29,https://jasoseol.com/recruit/104235,,2026-09-07 18:35:17
자소설닷컴,한국저작권위원회,2026년 제2차 직원 채용,"정규직 - 국제협력·행정, 정규직 - 일반행정, 무기계약직 - 법제연구·통상, 기간제계약직 - 일반행정①, 기간제계약직 - 일반행정②, 기간제계약직 - 학예일반, 기간제계약직 - 일반행정 (휴직대체), 기간제계약직 ","계약직, 코드5",수시채용,,,2026-06-05,https://jasoseol.com/recruit/104231,,2026-09-07 18:35:17
자소설닷컴,건국대학교병원,[정규직] 2026년도 신입 사무원 채용,경영지원,신입,수시채용,,,2026-05-28,https://jasoseol.com/recruit/104238,,2026-09-07 18:35:18
자소설닷컴,케이씨텍,물류 및 자재 운송 납품 담당자 모집(경력/안성),운송 및 납품-경기도 안성시(본사),경력,수시채용,,,2026-05-27,https://jasoseol.com/recruit/104237,,2026-09-07 18:35:18
자소설닷컴,KG스틸,설비보전 직무(방사선안전관리자) 신입 및 경력,설비보전(방사선안전관리자),코드5,수시채용,,,2026-06-03,https://jasoseol.com/recruit/104240,,2026-09-07 18:35:19
자소설닷컴,한국방위산업진흥회,2026년 수시채용(방산원가),"방산원가(서울), 방산원가(창원)",경력,수시채용,,,2026-06-03,https://jasoseol.com/recruit/104239,,2026-09-07 18:35:19
자소설닷컴,마이다스그룹,기계 SW 영업 담당자 채용,영업 및 마케팅-기계SW 기술영업-판교본사,코드5,수시채용,,,2026-05-31,https://jasoseol.com/recruit/104243,,2026-09-07 18:35:20
자소설닷컴,딜라이트룸,User & Product Operation QA Intern,User & Product Operation Intern,인턴,수시채용,,,2026-05-24,https://jasoseol.com/recruit/104241,,2026-09-07 18:35:21
자소설닷컴,에코마케팅,퍼포먼스 마케터 인턴/신입 채용,퍼포먼스 마케터,"신입, 인턴",수시채용,,,2026-05-31,https://jasoseol.com/recruit/104242,,2026-09-07 18:35:21
자소설닷컴,비바리퍼블리카(토스),Internal Systems Engineer (MDM),Internal Systems Engineer (MDM),경력,수시채용,,,2026-05-27,https://jasoseol.com/recruit/104244,,2026-09-07 18:35:21
자소설닷컴,이노션,글로벌 웹 서비스 주니어 (Junior),글로벌 웹 서비스 기획 (Junior),인턴,수시채용,,,2026-06-03,https://jasoseol.com/recruit/104246,,2026-09-07 18:35:22
자소설닷컴,STX엔진,2026 신입/경력 채용,"해외영업, 중속발전(기계기술), 서버운용, 파워팩 및 MRO영업, 기장설계, 전장설계, 기장설계/연구개발, 생산기술, 체계개발(S/W개발), 사업개발 및 영업, 필드서비스, RADAR 관련사업","경력, 계약직, 신입",수시채용,,,2026-06-04,https://jasoseol.com/recruit/104245,,2026-09-07 18:35:22
자소설닷컴,새마을금고중앙회,"2026년 경력직 채용 [IT운영/IT개발(수신, 뱅킹, 보험, PPR/BPR)]","IT 운영, IT 개발(수신), IT 개발(뱅킹), IT 개발(보험), IT 개발(PPR/BPR)",경력,수시채용,,,2026-05-29,https://jasoseol.com/recruit/104247,,2026-09-07 18:35:22
자소설닷컴,이노션,글로벌 앱 서비스 기획 (Junior),글로벌 앱 서비스 기획 (Junior),인턴,수시채용,,,2026-06-03,https://jasoseol.com/recruit/104248,,2026-09-07 18:35:23
자소설닷컴,NHN Cloud,데이터센터 자동제어 운영 관리,데이터센터 자동제어 운영 관리,경력,상시채용,,,2026-06-08,https://jasoseol.com/recruit/104251,,2026-09-07 18:35:24
자소설닷컴,팀스파르타,2026 인턴 채용,"교육 운영기획 매니저 인턴 (체험형), 리크루터 인턴 (체험형), Security Solutions Engineer 인턴 (체험형), 컬처 매니저(조직문화) 인턴 (체험형), SEO 콘텐츠 마케터 인턴 (체험형), ",인턴,수시채용,,,2026-07-20,https://jasoseol.com/recruit/104252,,2026-09-07 18:35:24
자소설닷컴,중앙대학교병원,(광명병원) 영상의학과 간호사(휴직대체) 모집 (2026.05-1),(휴직대체)-간호사-영상의학과,계약직,수시채용,,,2026-05-28,https://jasoseol.com/recruit/104253,,2026-09-07 18:35:24
자소설닷컴,한국소재융합연구원(KIMCO),2026년도 제5차 공개채용,"연구직-합성·가공, 연구직-합성, 연구직-가공, 기술직-시험분석","경력, 코드5",수시채용,,,2026-06-02,https://jasoseol.com/recruit/104255,,2026-09-07 18:35:25
자소설닷컴,씨엔씨티에너지(충남도시가스),2026년 보훈특별고용 (도시가스 안전관리),도시가스 안전관리,인턴,수시채용,,,2026-06-07,https://jasoseol.com/recruit/104256,,2026-09-07 18:35:25
자소설닷컴,아이마켓코리아,채용연계형 인턴 모집,"영업, 구매, 경영지원",인턴,수시채용,,,2026-06-07,https://jasoseol.com/recruit/104250,,2026-09-07 18:35:25
자소설닷컴,드림라인,경영지원 신입사원 모집,경영지원팀,신입,수시채용,,,2026-06-17,https://jasoseol.com/recruit/104258,,2026-09-07 18:35:26
자소설닷컴,에이피알,[마케팅] 미국 메디큐브 틱톡샵 마케팅 채용연계형 인턴사원 모집,미국 메디큐브 틱톡샵 마케팅,인턴,상시채용,,,2026-07-09,https://jasoseol.com/recruit/104257,,2026-09-07 18:35:26
자소설닷컴,드림라인,경영지원 경력사원 모집,경영지원,경력,수시채용,,,2026-06-17,https://jasoseol.com/recruit/104260,,2026-09-07 18:35:27
자소설닷컴,셀트리온제약,신입/경력 수시채용,"사업제휴, 임상 , 인사 , 바이오 생산 , 자재관리 , 수동이물검사 및 포장지원","경력, 신입",수시채용,,,2026-06-01,https://jasoseol.com/recruit/104261,,2026-09-07 18:35:27
자소설닷컴,중앙대학교병원,(서울병원) 부대사업팀 조리원(계약직) 모집 (2026.05-2),부대사업팀-조리원,계약직,수시채용,,,2026-05-28,https://jasoseol.com/recruit/104263,,2026-09-07 18:35:28
자소설닷컴,GC셀,검체 관리 서비스 매니저 채용 (파주),서비스 매니저,계약직,상시채용,,,2026-06-09,https://jasoseol.com/recruit/104264,,2026-09-07 18:35:28
자소설닷컴,김앤장 법률사무소,"IT 부문(개발, IT 운영, IT 지원, 정보보안) 채용","개발, IT지원, IT운영, 정보보안","경력, 코드5",수시채용,,,2026-06-10,https://jasoseol.com/recruit/104262,,2026-09-07 18:35:28
자소설닷컴,한국기술교육대학교,2026년 행정직원 공정채용 공고,"인재개발직 9급_제한경쟁_일반행정(보훈), 인재개발직 9급_제한경쟁_시설관리, 인재개발직 9급_제한경쟁_안전관리, 인재개발직 9급_공개경쟁_일반행정, 심사평가직 9급_제한경쟁_일반행정(보훈), 심사평가직 9급_제한경",코드6,수시채용,,,2026-06-08,https://jasoseol.com/recruit/104266,,2026-09-07 18:35:29
자소설닷컴,중앙대학교병원,(서울병원) 시설팀(기관실) 기능사(계약직) 모집(2026.05-2),시설팀(기관실)-기능사,계약직,수시채용,,,2026-05-28,https://jasoseol.com/recruit/104267,,2026-09-07 18:35:29
자소설닷컴,리멤버앤컴퍼니,자소설닷컴 B2B 광고운영 매니저 (계약직),자소설닷컴 B2B 광고운영 매니저,계약직,상시채용,,,2026-06-25,https://jasoseol.com/recruit/104268,,2026-09-07 18:35:30
자소설닷컴,에이피알,[제조] 뷰티 디바이스 제조 운영 채용연계형 인턴사원 모집,뷰티디바이스 제조 운영 인턴,인턴,상시채용,,,2026-07-10,https://jasoseol.com/recruit/104269,,2026-09-07 18:35:30
자소설닷컴,GC셀,공정/시험법 개선 담당자 모집 (신입),공정 개선,신입,수시채용,,,2026-06-07,https://jasoseol.com/recruit/104270,,2026-09-07 18:35:30
자소설닷컴,신원,수출부문 Fabric R&D 경력 채용,R&D,경력,수시채용,,,2026-06-05,https://jasoseol.com/recruit/104265,,2026-09-07 18:35:31
자소설닷컴,인크로스,2026년 하반기 신입(인턴) 채용,"디지털미디어플래너(AE), 커머스 편성운영, 디자이너/퍼블리셔, AI솔루션기획, Front-end 개발, Back-end 개발, 인사(HR), 경영기획, 자금담당",인턴,수시채용,,,2026-05-31,https://jasoseol.com/recruit/104271,,2026-09-07 18:35:31
자소설닷컴,페이히어,[핀테크 스타트업] 콘텐츠 마케터,콘텐츠 마케터,경력,상시채용,,,2026-07-07,https://jasoseol.com/recruit/104273,,2026-09-07 18:35:32
자소설닷컴,현대종합금속,신입/경력사원 모집,"로봇 자동화 시스템 설계 개발, 용접기s/w개발, 기술영업(자동화)",코드5,수시채용,,,2026-06-07,https://jasoseol.com/recruit/104272,,2026-09-07 18:35:32
자소설닷컴,서울경제진흥원,청년취업사관학교 중랑캠퍼스 교육생 모집(AI/DX),"패션 브랜드 마케팅 실무과정 - AI 기반 13주 실전 취업과정, 생성형 AI를 활용한 핀테크 서비스 기획자 양성과정, 데이터로 읽고 AI로 설계하는 커머스 비즈니스 전략 기획자 양성과정",교육,수시채용,,,2026-06-21,https://jasoseol.com/recruit/104274,,2026-09-07 18:35:32
자소설닷컴,한국가스공사(KOGAS),2026년 체험형 인턴 모집,"[본사] 경영관리/경영지원, [본사] 마케팅/해외사업, [본사] 공급·생산운영/설비건설/안전·품질환경, [본사] 수소·신사업/기술연구·지원/해외사업, [본사] AI·정보기술, [평택기지본부] 경영지원, [평택기지본부",인턴,수시채용,,,2026-06-05,https://jasoseol.com/recruit/104276,,2026-09-07 18:35:33
자소설닷컴,은행권청년창업재단,2026년 하반기 디캠프 인턴 채용,"Resource, 글로벌사업팀, 투자팀, 펀드팀, 투자전략팀, 전략팀, IT팀, 홍보마케팅팀, 인사, Growth",인턴,수시채용,,,2026-06-03,https://jasoseol.com/recruit/104277,,2026-09-07 18:35:33
자소설닷컴,하나증권,부동산금융본부 경력직 채용,부동산금융본부,계약직,수시채용,,,2026-05-29,https://jasoseol.com/recruit/104278,,2026-09-07 18:35:33
자소설닷컴,미창케이블,2026년 신입/경력 채용공고,"연구개발, 설계관리, 품질보증(QA), 품질관리(QC)_양산, 품질관리(QC)_언양, 구매관리, 사출 설비 오퍼레이터","경력, 코드5",상시채용,,,2026-06-10,https://jasoseol.com/recruit/104279,,2026-09-07 18:35:34
자소설닷컴,서울시메트로9호선,2026년 계약직 사원 채용,"전기, 신호, 기계",계약직,수시채용,,,2026-06-02,https://jasoseol.com/recruit/104280,,2026-09-07 18:35:34
자소설닷컴,중앙대학교병원,(광명병원) 약제팀 휴직대체약사 및 야간당직약사 (계약직) 모집 (2026.05),"휴직대체약사-약제팀, 야간당직약사-약제팀",계약직,수시채용,,,2026-05-28,https://jasoseol.com/recruit/104282,,2026-09-07 18:35:35
자소설닷컴,중앙대학교병원,(광명병원) 핵의학과 간호사 (계약직) 모집 (2026.05),간호사-핵의학과,계약직,수시채용,,,2026-05-28,https://jasoseol.com/recruit/104283,,2026-09-07 18:35:35
자소설닷컴,에코마케팅,백엔드 개발자(Python) 인턴/신입 채용,백엔드 개발자(python),"신입, 인턴",수시채용,,,2026-05-31,https://jasoseol.com/recruit/104284,,2026-09-07 18:35:36
자소설닷컴,중앙대학교병원,(광명병원) 간호본부 전담간호사 및 SA (계약직) 모집 (2026.05),"간호사-간호본부(진료지원간호팀)-신장내과 전담간호사, 간호사-간호본부(진료지원간호팀)-정형외과 SA",계약직,수시채용,,,2026-05-28,https://jasoseol.com/recruit/104281,,2026-09-07 18:35:36
자소설닷컴,마이다스그룹,B2B 마케터 채용,영업 및 마케팅-B2B 마케팅-판교본사,경력,수시채용,,,2026-06-05,https://jasoseol.com/recruit/104285,,2026-09-07 18:35:36
자소설닷컴,우리은행,2026년 상반기 채용 (지역인재/체험형 인턴/보훈),"지역인재 (대전/세종/충청), 지역인재 (부산/울산/경남), 지역인재 (대구/경북), 지역인재 (광주/전남/전북), 지역인재 (강원), 일반 (하계 체험형), 보훈 (사무지원직군) ","신입, 인턴",수시채용,,,2026-06-08,https://jasoseol.com/recruit/104286,,2026-09-07 18:35:36
자소설닷컴,마이다스그룹,기계 SW 구조해석 기술지원 담당자 채용,기술지원분야-기계SW 기술지원-판교본사,경력,수시채용,,,2026-06-05,https://jasoseol.com/recruit/104287,,2026-09-07 18:35:37
자소설닷컴,연합인포맥스,채권 시스템 개발자 채용(신입/경력),채권서비스 개발 및 운영,코드5,수시채용,,,2026-06-07,https://jasoseol.com/recruit/104288,,2026-09-07 18:35:37
자소설닷컴,에코마케팅,재무회계 신입사원 채용,재무회계,신입,수시채용,,,2026-06-07,https://jasoseol.com/recruit/104289,,2026-09-07 18:35:38
자소설닷컴,NHN Cloud,실시간 보안관제 (교대근무),실시간 보안관제 (교대근무),코드5,상시채용,,,2026-07-24,https://jasoseol.com/recruit/104291,,2026-09-07 18:35:38
자소설닷컴,인천공항시설관리,2026년 제5차 계약직 채용,"건축/건설, 기계, 전기, 정보통신/IT, 철도, 승강, SW 개발, 행정, 세무회계, 공항통신영상PD",계약직,수시채용,,,2026-06-01,https://jasoseol.com/recruit/104290,,2026-09-07 18:35:38
자소설닷컴,홍익대학교,사무직(8급) 채용,일반행정 사무직(8급),경력,수시채용,,,2026-06-07,https://jasoseol.com/recruit/104292,,2026-09-07 18:35:39
자소설닷컴,중앙대학교병원,(광명병원) 간호본부 분만실 간호사 (정규직) 모집(2026.05),간호사-간호본부(분만실),신입,수시채용,,,2026-06-01,https://jasoseol.com/recruit/104293,,2026-09-07 18:35:39
자소설닷컴,이크레더블,ESG 평가 및 컨설팅 부문(환경) 경력사원 채용,ESG 평가부문(온실가스),경력,수시채용,,,2026-06-21,https://jasoseol.com/recruit/104294,,2026-09-07 18:35:40
자소설닷컴,이트너스,2026년 3차 E-ON 채용연계형 인턴 모집,"BIZ캠프(영업), HR캠프(급여), HR캠프(복리후생), GA캠프(총무일반), GA캠프(정보보호), GLOBAL캠프(GHD), GLOBAL캠프(릴로케이션)",인턴,수시채용,,,2026-05-31,https://jasoseol.com/recruit/104295,,2026-09-07 18:35:40
자소설닷컴,NHN Cloud,스토리지 엔진 개발,스토리지 엔진 개발,코드5,상시채용,,,2026-07-24,https://jasoseol.com/recruit/104297,,2026-09-07 18:35:41
자소설닷컴,NHN Enterprise,서비스 모니터링 관제 및 조치(인재풀),서비스 모니터링 관제 및 조치(인재풀),코드5,상시채용,,,2026-07-24,https://jasoseol.com/recruit/104299,,2026-09-07 18:35:43
자소설닷컴,로레알코리아,2026 하반기 채용 전제형 인턴십,"[Luxe Division] CRM - Lancôme CRM & Media, [Luxe Division] E-Commerce - Aēsop Digital MKT Team, [Luxe Division] E-Commer",인턴,수시채용,,,2026-06-16,https://jasoseol.com/recruit/104296,,2026-09-07 18:35:43
자소설닷컴,NHN Enterprise,IDC 운영자(인재풀),IDC 운영자(인재풀),신입,상시채용,,,2026-07-24,https://jasoseol.com/recruit/104300,,2026-09-07 18:35:43
자소설닷컴,NHN Cloud,애플리케이션 보안 진단,애플리케이션 보안 진단,경력,상시채용,,,2026-06-15,https://jasoseol.com/recruit/104298,,2026-09-07 18:35:43
자소설닷컴,KB부동산신탁,2026년 상반기 경력직원 공개채용 공고,법무,경력,수시채용,,,2026-06-07,https://jasoseol.com/recruit/104301,,2026-09-07 18:35:43
자소설닷컴,토스페이먼츠,Marketing Team Assistant (Operation),마케팅,계약직,상시채용,,,2026-06-10,https://jasoseol.com/recruit/104302,,2026-09-07 18:35:44
자소설닷컴,중앙대학교병원,(서울병원) 의무기록팀 보건의료정보관리사(수련생) 모집 (2026.05),수련생-의무기록팀-보건의료정보관리사,계약직,수시채용,,,2026-05-28,https://jasoseol.com/recruit/104303,,2026-09-07 18:35:44
자소설닷컴,한국기계연구원,2026년도 제 4회 기간제 근로자 공개채용,행정-지식재산권 관리 및 기술사업화,계약직,수시채용,,,2026-06-10,https://jasoseol.com/recruit/104304,,2026-09-07 18:35:45
자소설닷컴,중앙대학교병원,(서울병원) 방사선종양학과 간호사(계약직) 모집 (2026.05),방사선종양학과-간호사,계약직,수시채용,,,2026-06-02,https://jasoseol.com/recruit/104305,,2026-09-07 18:35:45
자소설닷컴,NHN Cloud,AX컨설팅(정규직 전환형 인턴),AX컨설팅(정규직 전환형 인턴),인턴,상시채용,,,2026-06-17,https://jasoseol.com/recruit/104306,,2026-09-07 18:35:45
자소설닷컴,중앙대학교병원,(서울병원) 국제진료팀 영어 코디네이터(휴직대체) 모집 (2026.05),(휴직대체)-진료협력팀-영어 코디네이터,계약직,수시채용,,,2026-05-27,https://jasoseol.com/recruit/104308,,2026-09-07 18:35:46
자소설닷컴,에코마케팅,백엔드 개발자(Java) 인턴/신입 채용,백엔드 개발자(Java),"신입, 인턴",수시채용,,,2026-06-07,https://jasoseol.com/recruit/104307,,2026-09-07 18:35:46
자소설닷컴,중앙대학교병원,(서울병원) 병리과 임상병리사(계약직) 모집 (2026.05),병리과-임상병리사,계약직,수시채용,,,2026-06-09,https://jasoseol.com/recruit/104309,,2026-09-07 18:35:47
자소설닷컴,앱솔브랩,[셀리맥스] 스페인 아마존 MD 인턴 채용,스페인 아마존 MD,인턴,상시채용,,,2026-06-17,https://jasoseol.com/recruit/104310,,2026-09-07 18:35:47
자소설닷컴,BAT(비에이티),[인턴] Growth Business Developer (정규직 전환형),Growth Business Developer,인턴,수시채용,,,2026-06-03,https://jasoseol.com/recruit/104311,,2026-09-07 18:35:47
자소설닷컴,서울대학교 산학협력단,빅데이터 핀테크 AI 고급 전문가 과정 13기,빅데이터 핀테크 AI 고급 전문가 과정,교육,수시채용,,,2026-06-16,https://jasoseol.com/recruit/104312,,2026-09-07 18:35:48
자소설닷컴,손해보험협회,2026년 하반기 신입직원 채용,"일반사무, IT",계약직,수시채용,,,2026-06-07,https://jasoseol.com/recruit/104313,,2026-09-07 18:35:48
자소설닷컴,린나이코리아,2026년 부문별 채용,"금형기술팀, 품질관리팀 , 통합생산팀, 통합생산팀 , 시설관리팀 , 1공장 사무, H/W 기술팀 , S/W 제어기술팀, 온수기기설계, 연소요소기술, 품질경영팀, 품질보증팀, 품질보증팀(신뢰성실험), 영업부문 원주센터","경력, 신입, 코드5",수시채용,,,2026-06-08,https://jasoseol.com/recruit/104314,,2026-09-07 18:35:49
자소설닷컴,한국보건산업진흥원,2026년 2분기 계약직원 채용 공고,"변호사, ARPA-H 전문사업관리 및 지원, 연구사업관리전문가(PD)",계약직,수시채용,,,2026-06-09,https://jasoseol.com/recruit/104315,,2026-09-07 18:35:49
자소설닷컴,토스페이먼츠,Operations Enablement Team Assistant,가맹점 운영 지원,계약직,상시채용,,,2026-06-04,https://jasoseol.com/recruit/104316,,2026-09-07 18:35:50
자소설닷컴,호텔롯데 롯데리조트,L-CREW(체험형인턴) 채용,호텔서비스(객실 프론트/워터파크 프론트),인턴,수시채용,,,2026-06-18,https://jasoseol.com/recruit/104317,,2026-09-07 18:35:50
자소설닷컴,채널코퍼레이션,[채널톡] AX Consultant (Junior),AX Consultant (Junior),인턴,상시채용,,,2026-07-21,https://jasoseol.com/recruit/104318,,2026-09-07 18:35:50
자소설닷컴,채널코퍼레이션,[채널톡] Sales Intern,Sales Intern,인턴,상시채용,,,2026-07-21,https://jasoseol.com/recruit/104319,,2026-09-07 18:35:51
자소설닷컴,현대종합금속,신입/경력사원 모집,"본사 수출영업부(일본), 본사 경리부 재무팀","신입, 코드5",수시채용,,,2026-06-14,https://jasoseol.com/recruit/104320,,2026-09-07 18:35:51
자소설닷컴,세스코,CS교육 및 기획,CS교육 및 기획,계약직,수시채용,,,2026-06-10,https://jasoseol.com/recruit/104321,,2026-09-07 18:35:51
자소설닷컴,홍천엠앤티,각 부문 수시채용,"온라인MD, 회계관리, 영업MD, 생산PM","경력, 코드5",수시채용,,,2026-06-09,https://jasoseol.com/recruit/104323,,2026-09-07 18:35:52
자소설닷컴,토스페이먼츠,Marketing Team Assistant (Creative),마케팅,계약직,상시채용,,,2026-06-24,https://jasoseol.com/recruit/104322,,2026-09-07 18:35:52
자소설닷컴,인천글로벌캠퍼스운영재단,2026년도 제2차 직원채용 공고,"행정, 시설(산업보건), 사감 , 행정(육아휴직 대체) (기간제)","계약직, 코드5",수시채용,,,2026-06-06,https://jasoseol.com/recruit/104324,,2026-09-07 18:35:53
자소설닷컴,한국계량측정협회,2026 고용노동부 미래내일 일경험 인턴 모집,"트레스칼코리아 KTICC 연구R&D, 한국기계전기전자시험연구원 연구R&D (경기 군포), 한국기계전기전자시험연구원 연구R&D (경기 분당), 한국기계전기전자시험연구원 경영사무 (경기 군포)",인턴,수시채용,,,2026-06-04,https://jasoseol.com/recruit/104325,,2026-09-07 18:35:53
자소설닷컴,GC셀,검체 관리 서비스 매니저 채용 (수원),서비스 매니저,계약직,상시채용,,,2026-06-15,https://jasoseol.com/recruit/104326,,2026-09-07 18:35:53
자소설닷컴,GC셀,검체 관리 서비스 매니저 채용 (서초),서비스 매니저,계약직,상시채용,,,2026-06-15,https://jasoseol.com/recruit/104327,,2026-09-07 18:35:54
자소설닷컴,페이히어,[핀테크 스타트업] 프로덕트 세일즈 스페셜리스트 신입 채용 (연봉 3600/인센티브/분기상여금),프로덕트 세일즈 스페셜리스트 (신입),인턴,상시채용,,,2026-06-06,https://jasoseol.com/recruit/104328,,2026-09-07 18:35:55
자소설닷컴,비바리퍼블리카(토스),Assistant PD,Assistant PD,계약직,상시채용,,,2026-07-26,https://jasoseol.com/recruit/104329,,2026-09-07 18:35:55
자소설닷컴,토스증권,User Interview Assistant,User Interview Assistant,계약직,상시채용,,,2026-06-24,https://jasoseol.com/recruit/104330,,2026-09-07 18:35:55
자소설닷컴,마이다스그룹,건축구조 SW 영업 담당자 채용,기술영업분야-건축설계분야 SW 기술영업-판교본사,코드5,수시채용,,,2026-06-05,https://jasoseol.com/recruit/104331,,2026-09-07 18:35:56
자소설닷컴,LG생활건강,노경담당자 채용,노경담당자,경력,수시채용,,,2026-06-07,https://jasoseol.com/recruit/104332,,2026-09-07 18:35:56
자소설닷컴,김앤장 법률사무소,송무 스탭(신입) 채용,송무 스탭,신입,수시채용,,,2026-06-06,https://jasoseol.com/recruit/104333,,2026-09-07 18:35:56
자소설닷컴,중앙대학교병원,(서울병원) 국제진료팀 영어 코디네이터(휴직대체) 모집 (2026.05-2),진료협력팀-영어 코디네이터,계약직,수시채용,,,2026-06-04,https://jasoseol.com/recruit/104334,,2026-09-07 18:35:57
자소설닷컴,강원랜드,2026년 1차 신입직 채용,"[특수전문]IT(정보보안), [특수전문]시각디자인, [특수전문]미디어콘텐츠제작, [특수전문]기계, [특수전문]응급구조사, [일반-전국]카지노딜러, [일반-지역]카지노딜러, [사회형평-보훈]카지노딜러, [사회형평-저소",인턴,수시채용,,,2026-06-19,https://jasoseol.com/recruit/104335,,2026-09-07 18:35:57
자소설닷컴,동아일보사,2026년 신입사원 공개채용,"디지털사이니지 영업, 마케팅기획, 사업기획",신입,수시채용,,,2026-06-19,https://jasoseol.com/recruit/104336,,2026-09-07 18:35:57
자소설닷컴,어니스트리,그로스 마케팅,그로스 마케팅,경력,수시채용,,,2026-06-11,https://jasoseol.com/recruit/104337,,2026-09-07 18:35:58
자소설닷컴,브이엠,"국내 유일 반도체 건식 식각 장비사, 설계/제조/CS 엔지니어 및 영업 채용","설계 엔지니어, 제조 엔지니어, CS 엔지니어, 영업",신입,수시채용,,,2026-06-16,https://jasoseol.com/recruit/104338,,2026-09-07 18:35:58
자소설닷컴,국도화학 ,2026 상반기 신입/경력사원 채용,"연구개발, 해외영업, R&D - 미래소재, R&D - 에폭시, R&D - 공정고도화, R&D - 부산영남 연구개발, R&D - 기능성소재 , R&D - 경화제, R&D - 풍력복합소재 , 영업 - 해외영업 (영어),","경력, 신입",수시채용,,,2026-06-11,https://jasoseol.com/recruit/104339,,2026-09-07 18:35:59
자소설닷컴,JTI Korea,2026년 하반기 Traineeship,"P&C Trainee, RRP Omnichannel Trainee, Brand Trainee, RRP Consumer & Channel Trainee, CA&C Trainee",인턴,수시채용,,,2026-06-19,https://jasoseol.com/recruit/104340,,2026-09-07 18:35:59
자소설닷컴,롯데그룹,3·6·9·12 예측가능한 채용(6월),"[롯데글로벌로지스] 물류운영(SCM), [롯데글로벌로지스] 물류운영(Lastmile), [대홍기획] AE, [대홍기획] 디지털AE, [대홍기획] AD, [대홍기획] CW, [롯데GS화학] 생산, [롯데CM사업본부] ","경력, 신입, 인턴",수시채용,,,2026-06-23,https://jasoseol.com/recruit/104341,,2026-09-07 18:36:00
자소설닷컴,에이피알,[경영지원] 화장품 해외 인허가(RA) 채용연계형 인턴사원 모집,[경영지원] 화장품 해외 인허가(RA) 채용연계형,인턴,상시채용,,,2026-07-01,https://jasoseol.com/recruit/104342,,2026-09-07 18:36:01
자소설닷컴,에이피알,[경영지원] 뷰티 디바이스 글로벌 인허가(RA) 채용연계형 인턴사원 모집,[경영지원] 디바이스 해외 문안 제작 및 검수 채용연계형 인턴사원 모집,인턴,상시채용,,,2026-07-27,https://jasoseol.com/recruit/104343,,2026-09-07 18:36:01
자소설닷컴,피알원,디자이너 신입사원 채용 건,"통합 AE, 디자이너",신입,상시채용,,,2026-07-14,https://jasoseol.com/recruit/104346,,2026-09-07 18:36:01
자소설닷컴,KCC실리콘,해외영업부문 신입사원 채용,해외영업,신입,수시채용,,,2026-06-07,https://jasoseol.com/recruit/104347,,2026-09-07 18:36:02
자소설닷컴,코람코자산신탁,2026년 채용형 인턴십,"투자, 운용, 개발, 펀딩",인턴,수시채용,,,2026-06-10,https://jasoseol.com/recruit/104348,,2026-09-07 18:36:02
자소설닷컴,토스페이먼츠,Business Operations Specialist,결제 운영,계약직,상시채용,,,2026-07-27,https://jasoseol.com/recruit/104349,,2026-09-07 18:36:02
자소설닷컴,한국품질재단,2026년 초광역 제조산업 MEGA-AX 핵심 인재 양성 교육생 모집,"자동차 산업 생산/품질관리, 기계부품 산업 생산/품질관리, 조선 산업 설계/생산관리",교육,수시채용,,,2026-06-24,https://jasoseol.com/recruit/104350,,2026-09-07 18:36:03
자소설닷컴,한국미쓰이물산,2026년 채용연계형 인턴사원 채용,"에너지본부, 금속자원본부",인턴,수시채용,,,2026-06-10,https://jasoseol.com/recruit/104352,,2026-09-07 18:36:03
자소설닷컴,DSR,2026년 설비관리 담당자 경력 채용,설비관리,경력,수시채용,,,2026-06-10,https://jasoseol.com/recruit/104355,,2026-09-07 18:36:04
자소설닷컴,아이엠아이크리티컬엔지니어링코리아,IMI KOREA 각 부문별 채용,"Inside Sales Engineer, Outside Sales Engineer, FP&A Analyst, Project Manager, Buyer","경력, 계약직, 코드5",상시채용,,,2026-07-29,https://jasoseol.com/recruit/104356,,2026-09-07 18:36:05
자소설닷컴,동국제약,"신입/경력 채용(생산본부, 연구소) ~ 6/10","추출합성팀, 기술팀, 주사제1팀, 주사제2팀, 프리필드팀, QO팀, 재고관리팀, 분석연구팀, 제제연구팀","경력, 계약직, 코드5",수시채용,,,2026-06-10,https://jasoseol.com/recruit/104357,,2026-09-07 18:36:05
자소설닷컴,유안타증권,해외투자전략팀 신입/경력직원 채용,해외투자전략팀,계약직,수시채용,,,2026-06-11,https://jasoseol.com/recruit/104354,,2026-09-07 18:36:06
자소설닷컴,녹십자웰빙,병의원영업(신입_원주),병의원 영업,신입,수시채용,,,2026-06-11,https://jasoseol.com/recruit/104359,,2026-09-07 18:36:06
자소설닷컴,GC셀,검체 관리 서비스 매니저 채용 (동대전),서비스 매니저,계약직,상시채용,,,2026-06-30,https://jasoseol.com/recruit/104358,,2026-09-07 18:36:06
자소설닷컴,녹십자웰빙,병의원영업(신입_대구),병의원 영업,신입,수시채용,,,2026-06-01,https://jasoseol.com/recruit/104360,,2026-09-07 18:36:07
자소설닷컴,한국MICE협회,2026 영마이스 리더 프로젝트,MICE 산업 교육 프로그램,교육,수시채용,,,2026-06-14,https://jasoseol.com/recruit/104361,,2026-09-07 18:36:07
자소설닷컴,중앙대학교병원,(광명병원) 간호본부 전담간호사 및 SA (계약직) 모집 (2026.06),"간호사-간호본부(진료지원간호팀)-유방내분비외과 전담간호사, 간호사-간호본부(진료지원간호팀)-신경외과 SA",계약직,수시채용,,,2026-06-04,https://jasoseol.com/recruit/104362,,2026-09-07 18:36:07
자소설닷컴,중앙대학교병원,(광명병원) 간호본부 인공신장센터 복막투석 간호사 (계약직) 모집 (2026.06),간호사-간호본부(인공신장센터),계약직,수시채용,,,2026-06-04,https://jasoseol.com/recruit/104363,,2026-09-07 18:36:08
자소설닷컴,중앙대학교병원,(광명병원) 간호본부 외래간호팀 간호사 (계약직) 모집 (2026.06),간호사-간호본부(외래간호팀),계약직,수시채용,,,2026-06-04,https://jasoseol.com/recruit/104364,,2026-09-07 18:36:08
자소설닷컴,동국제약,[동국제약] 신입/경력 채용(글로벌/개발/디자인/영업/마케팅/관리 등 모집) ~ 6/10,"건식 상품기획 및 개발, 글로벌  화장품 마케팅 팀장, 자금관리 (팀장), 자금관리 (팀원), 회계 관리, 내부감사, IT 조직 총괄  (기획/운영/개발) 부서장, IT기획운영부 IT개발팀, 영업운영 관리, 디자인1","경력, 신입, 코드5",수시채용,,,2026-06-10,https://jasoseol.com/recruit/104365,,2026-09-07 18:36:09
자소설닷컴,국토안전관리원(KALIS),2026년도 제1차 직무 중심 직원 채용 공고,"경력직(연구) 4급_정책연구_토목_진주본사, 경력직(연구) 4급_기술개발_토목_진주본사, 경력직(연구) 4급_기술개발_건축_진주본사, 경력직(일반) 4급_지하안전검토_토목_진주본사, 경력직(일반) 5급_안전·보건관리","경력, 인턴",수시채용,,,2026-06-11,https://jasoseol.com/recruit/104345,,2026-09-07 18:36:09
자소설닷컴,나노종합기술원,반도체 첨단패키징 전문가 양성 제2기 교육생 모집,반도체 첨단패키징 전문가 양성 제2기,교육,수시채용,,,2026-06-15,https://jasoseol.com/recruit/104366,,2026-09-07 18:36:09
자소설닷컴,SK하이닉스,청년 Hy-Five 15기,청년 Hy-Five 15기,교육,수시채용,,,2026-06-12,https://jasoseol.com/recruit/104367,,2026-09-07 18:36:09
자소설닷컴,LS MnM,"신입/경력사원 수시채용 [생산엔지니어, 설비엔지니어(계기), 배터리소재 Recycling 원료 구매]","생산엔지니어, 생산엔지니어(계기), 배터리소재 Recycling 원료 구매","경력, 신입",수시채용,,,2026-06-09,https://jasoseol.com/recruit/104368,,2026-09-07 18:36:10
자소설닷컴,쎄트렉아이,경력/계약직 수시 채용,"Web FE, DBA, HW 회로 설계 및 FPGA 개발, 위성 통신시스템 HW 개발, 위성 전자 HW 개발, 위성 전력시스템 HW 개발, SMT 생산기술, 인사기획 운영, 연구시설 운영 관리, SMT 라인 오퍼레이","경력, 계약직",수시채용,,,2026-06-14,https://jasoseol.com/recruit/104370,,2026-09-07 18:36:11
자소설닷컴,케이씨텍,반도체 CMP장비 공정기술 모집(채용연계형 인턴/동탄),CMP공정기술-경기도 화성시(R&D센터),인턴,수시채용,,,2026-06-04,https://jasoseol.com/recruit/104372,,2026-09-07 18:36:12
자소설닷컴,케이씨텍,반도체 CMP장비 CS 엔지니어 모집(채용연계형 인턴),CMP장비-CS-경기도 화성시/평택시,인턴,수시채용,,,2026-06-04,https://jasoseol.com/recruit/104371,,2026-09-07 18:36:12
자소설닷컴,넥스트레이드,신입/경력 채용공고,"시장제도, 운영업무 담당자, IT 매매체결시스템, IT 사내전산운영총괄, IT 네트워크, IT 인프라/아키텍처 담당","경력, 신입, 코드5",수시채용,,,2026-06-18,https://jasoseol.com/recruit/104374,,2026-09-07 18:36:12
자소설닷컴,LG생활건강,일본 디지털 마케팅 계약직 채용,"디지털 콘텐츠 기획, Influence Seeding",계약직,수시채용,,,2026-06-10,https://jasoseol.com/recruit/104369,,2026-09-07 18:36:13
자소설닷컴,국회미래연구원,행정직(위촉행정원)채용 공고,"행정직(위촉행정원)_홍보, 성과확산, 행정직(위촉행정원)_일반행정",계약직,수시채용,,,2026-06-16,https://jasoseol.com/recruit/104376,,2026-09-07 18:36:13
자소설닷컴,케이씨텍,반도체 소재 기술영업 담당자 모집(경력/동탄),반도체 소재영업-경기도 화성시(R&D센터),경력,수시채용,,,2026-06-07,https://jasoseol.com/recruit/104375,,2026-09-07 18:36:13
자소설닷컴,세아상역,2026년 해외영업 및 Design직무 경력사원 채용,"Style Design, 해외영업, 해외영업 (전문대졸)","경력, 코드5",수시채용,,,2026-06-14,https://jasoseol.com/recruit/104377,,2026-09-07 18:36:14
자소설닷컴,한미약품,2026년 6월 수시채용,"[한미약품]구매, [한미약품]Regulatory Affairs, [한미약품]해외영업기획, [한미약품]PMO, [한미약품]사무행정, [한미약품]해외영업, [한미약품]연구센터_C&G연구, [한미약품]제제연구소(의약혁신센","경력, 신입, 코드5",수시채용,,,2026-06-14,https://jasoseol.com/recruit/104378,,2026-09-07 18:36:14
자소설닷컴,BGF로지스,2026년 하계 채용연계형 인턴 채용,"물류센터 직군 - 지역거점 물류센터(RDC), 물류센터 직군 - 자동화 물류센터(CDC), 물류센터 직군 - 저온 보세 물류센터(프레시센터), 인사지원팀 - 인사, RM팀 - 법무 및 노무, 재무지원팀 - 회계, 경",인턴,수시채용,,,2026-06-15,https://jasoseol.com/recruit/104379,,2026-09-07 18:36:15
자소설닷컴,인천공항시설관리,2026년 제2차 정기채용,"정규직(신입)_토목(일근), 정규직(신입)_토목(교대), 정규직(신입)_조경(일근), 정규직(신입)_건축/건설(일근), 정규직(신입)_기계(일근), 정규직(신입)_기계(교대), 정규직(신입)_전기(일근), 정규직(신","경력, 신입",수시채용,,,2026-06-10,https://jasoseol.com/recruit/104380,,2026-09-07 18:36:15
자소설닷컴,한국조달연구원,2026년도 하반기 채용 공고,"조달 정책 연구실, 국방 조달 연구부",계약직,수시채용,,,2026-06-19,https://jasoseol.com/recruit/104381,,2026-09-07 18:36:15
자소설닷컴,한국석유공업,[KP그룹]EC사업팀 영업직 채용(신입 및 경력),EC사업팀 영업직,코드5,수시채용,,,2026-06-14,https://jasoseol.com/recruit/104382,,2026-09-07 18:36:16
자소설닷컴,한국석유공업,[KP그룹]회계팀 채용(경력),[KP그룹]한국석유공업 회계팀,경력,수시채용,,,2026-06-07,https://jasoseol.com/recruit/104383,,2026-09-07 18:36:16
자소설닷컴,에어퍼스트,2026 하계 인턴 채용 공고,"Cluster ROC 운영팀, 환경안전부, 품질관리부, 전산팀, 사업기획팀, 인사총무부",인턴,수시채용,,,2026-06-15,https://jasoseol.com/recruit/104384,,2026-09-07 18:36:16
자소설닷컴,한국석유공업,[KP그룹]KP한석유화 패키징사업팀 영업지원 채용,[KP그룹]KP한석유화 패키징사업팀 영업지원 채용,신입,수시채용,,,2026-06-14,https://jasoseol.com/recruit/104385,,2026-09-07 18:36:17
자소설닷컴,국가보안기술연구소,2026년도 1차 정규직 채용,"기술직, 행정직",코드5,수시채용,,,2026-06-17,https://jasoseol.com/recruit/104387,,2026-09-07 18:36:17
자소설닷컴,삼양케이씨아이,서울사무소 Payroll 담당자 채용,Payroll,경력,상시채용,,,2026-06-20,https://jasoseol.com/recruit/104388,,2026-09-07 18:36:18
자소설닷컴,한화로보틱스,AI 로봇(Physical AI) 테크 스쿨 1기,[한화로보틱스] AI 로봇(Physical AI) 테크 스쿨 1기,교육,수시채용,,,2026-07-15,https://jasoseol.com/recruit/104390,,2026-09-07 18:36:18
자소설닷컴,중앙대학교병원,(서울병원) 약제팀 정규약사 모집 (2026.06),약제팀-약사-정규약사,코드5,수시채용,,,2026-06-07,https://jasoseol.com/recruit/104391,,2026-09-07 18:36:19
자소설닷컴,다쏘시스템코리아,카티아(CATIA) 첨단 모빌리티 스쿨 5기,카티아(CATIA) 첨단 모빌리티 스쿨 5기,교육,수시채용,,,2026-07-15,https://jasoseol.com/recruit/104389,,2026-09-07 18:36:19
자소설닷컴,동국제약,"헬스앤뷰티 신입/경력 채용(마케팅, 영업, 상품기획, 데이터관리, CX 등) ~ 6/10","헬스앤뷰티 화장품홈쇼핑 영업, 헬스앤뷰티 올리브영 H&B, CVS, 백화점 유통, 헬스앤뷰티  생활건강 상품기획 BM, 헬스앤뷰티 DKSHOP 마케팅, 헬스앤뷰티 온라인 D2C 영업관리 및 데이터관리, 헬스앤뷰티 온","경력, 계약직",수시채용,,,2026-06-10,https://jasoseol.com/recruit/104392,,2026-09-07 18:36:19
자소설닷컴,프리윌린,"전략기획팀, 마케팅팀 신입/경력 채용","마케팅팀 Growth Marketer, 전략기획팀 Strategy & Biz Dev. Manager","경력, 인턴",수시채용,,,2026-06-16,https://jasoseol.com/recruit/104394,,2026-09-07 18:36:20
자소설닷컴,한국우주기술진흥협회,2026 우주산업 실무형 인재 양성 과정 연수생 모집,우주산업 실무형 인재 양성 과정,교육,수시채용,,,2026-06-14,https://jasoseol.com/recruit/104393,,2026-09-07 18:36:20
자소설닷컴,우미건설,채용연계형 인턴 채용,건축 (채용연계형 인턴),인턴,수시채용,,,2026-06-14,https://jasoseol.com/recruit/104395,,2026-09-07 18:36:20
자소설닷컴,유진테크,2026 하반기 경력/신입사원 집중채용,"기구개발, 제어개발, SW개발, 핵심기술 (MECHATRONICS), 핵심기술 (SIMULATION), 플라즈마 제품개발, CRE (CS), 제조기술","경력, 신입, 코드5",수시채용,,,2026-06-07,https://jasoseol.com/recruit/104397,,2026-09-07 18:36:21
자소설닷컴,에이버튼,[경영관리실] (전환형 인턴) 총무 담당자,[경영관리실](전환형) 총무 담당자,인턴,상시채용,,,2026-07-06,https://jasoseol.com/recruit/104399,,2026-09-07 18:36:22
자소설닷컴,이노션,아트디렉터 (체험형 인턴),아트디렉터,인턴,수시채용,,,2026-06-07,https://jasoseol.com/recruit/104396,,2026-09-07 18:36:22
자소설닷컴,코카콜라음료,노경담당자 채용,노경,경력,수시채용,,,2026-06-14,https://jasoseol.com/recruit/104398,,2026-09-07 18:36:23
자소설닷컴,모두닥,[채용전환형/월 500만원] 직군별 인턴 채용,"Problem Solver - Engineering Focused, Problem Solver - Marketing Focused, Problem Solver - Sales Focused, Problem Solver",인턴,수시채용,,,2026-07-31,https://jasoseol.com/recruit/104400,,2026-09-07 18:36:23
자소설닷컴,아세아제지,생산팀 대졸 경력사원 채용,생산,경력,수시채용,,,2026-06-05,https://jasoseol.com/recruit/104401,,2026-09-07 18:36:23
자소설닷컴,한국리서치,마케팅/여론조사 사업본부 인턴 연구원 채용,"마케팅조사 연구지원직, 여론조사 연구지원직",인턴,수시채용,,,2026-06-14,https://jasoseol.com/recruit/104402,,2026-09-07 18:36:23
자소설닷컴,환인제약,6월 신입/경력 채용,"Global RA, 사업개발(BD&L), 신제품기획, RA, 제제연구, 품질보증(향남), 공정관리IPC, 생산(향남), 생산(안성/공정), 생산(안성/포장), 품질보증(안성), 품질관리, 물류(팀장), 물류(원자재/","경력, 신입, 코드5",수시채용,,,2026-06-14,https://jasoseol.com/recruit/104403,,2026-09-07 18:36:24
자소설닷컴,조선미디어그룹,2026년 여름 인턴기자 공개모집(채용연계형),"인턴기자(신문), 인턴기자(방송)",인턴,수시채용,,,2026-06-12,https://jasoseol.com/recruit/104404,,2026-09-07 18:36:24
자소설닷컴,한동대학교,2026 정규직원 채용 공고,글로벌혁신(8급),신입,수시채용,,,2026-06-10,https://jasoseol.com/recruit/104405,,2026-09-07 18:36:24
자소설닷컴,포항소재산업진흥원,2026년 제2차 인력 채용 공고,"계약직, 프로젝트계약직",계약직,수시채용,,,2026-06-15,https://jasoseol.com/recruit/104406,,2026-09-07 18:36:25
자소설닷컴,대방산업개발,2026년 신입사원 공개채용 및 경력직 채용,"건축시공, 건축공무, 실행예산, 토목, 조경, 전기, 설비, 설계, 구조, 기획, 전산, 인사, 총무, 회계, 자금, 개발, 영업관리, 영업, 건축시공(주임~과장), 하자보수(주임 이상), 일반토목(주임~대리), 부","경력, 신입",수시채용,,,2026-06-21,https://jasoseol.com/recruit/104407,,2026-09-07 18:36:25
자소설닷컴,중앙대학교병원,(서울병원) 물류관리팀(물류공급파트) 사무직(계약직) 모집 (2026.06),물류관리팀(물류공급파트)-사무,계약직,수시채용,,,2026-06-08,https://jasoseol.com/recruit/104408,,2026-09-07 18:36:26
자소설닷컴,현대건설,기술교육원 취업완성 아카데미 26년 상반기 교육생 모집,"전기설비시공실무, Smart Plant, Smart 안전",교육,수시채용,,,2026-06-14,https://jasoseol.com/recruit/104409,,2026-09-07 18:36:26
자소설닷컴,에코마케팅,데이터 분석가(DA) 경력 채용,데이터 분석가,경력,수시채용,,,2026-06-14,https://jasoseol.com/recruit/104410,,2026-09-07 18:36:27
자소설닷컴,NHN Cloud,PaaS 백엔드 개발,PaaS 백엔드 개발,경력,상시채용,,,2026-07-31,https://jasoseol.com/recruit/104412,,2026-09-07 18:36:27
자소설닷컴,신원,수출부문 Wash Innovation 신입 채용,Wash Innovation,신입,수시채용,,,2026-06-30,https://jasoseol.com/recruit/104413,,2026-09-07 18:36:28
자소설닷컴,애경케미칼,각 부문 신입 및 경력 채용,"화장품 원료평가/제형개발, R&D, 화학물질 규제 대응/관리, 회계/세무, 법무/컴플라이언스, HRD, ESG, 국내/해외 영업 (윤활기유), 국내영업 (바이오중유), 품질분석 (울산공장), 생산포장 (청양공장)","경력, 신입",수시채용,,,2026-06-14,https://jasoseol.com/recruit/104414,,2026-09-07 18:36:28
자소설닷컴,NHN Cloud,PaaS 프론트엔드 개발,PaaS 프론트엔드 개발,경력,상시채용,,,2026-07-09,https://jasoseol.com/recruit/104411,,2026-09-07 18:36:28
자소설닷컴,한국에자이,"SCM Assistant (Supply Chain Management) 채용 (~6/15, 계약직)",SCM Assistant(Supply Chain Management),계약직,수시채용,,,2026-06-15,https://jasoseol.com/recruit/104416,,2026-09-07 18:36:29
자소설닷컴,깨끗한나라,6월 정기채용,"HL SCM팀, 리테일3팀 (B2C영업), 이커머스1팀, Prof팀 (B2B영업), 전기팀","경력, 신입",수시채용,,,2026-06-09,https://jasoseol.com/recruit/104415,,2026-09-07 18:36:29
자소설닷컴,중앙대학교병원,(광명병원) 간호본부 분만실 간호사(조산사) (정규직) 모집(2026.06),간호사(조산사)-간호본부(분만실),신입,수시채용,,,2026-06-08,https://jasoseol.com/recruit/104417,,2026-09-07 18:36:29
자소설닷컴,아주산업,2026년 모듈러사업팀(설계) 리더 인재채용,모듈러사업(설계) 리더급,경력,수시채용,,,2026-07-12,https://jasoseol.com/recruit/104418,,2026-09-07 18:36:30
자소설닷컴,차병원·바이오그룹,임원/경력공채,"롱제비티센터(K-Cell)_연구기획, 롱제비티센터(K-Cell)_줄기세포 배양 및 분화(전분화능줄기세포 1), 롱제비티센터(K-Cell)_줄기세포 배양 및 분화(전분화능줄기세포 2), 롱제비티센터(K-Cell)_줄기","경력, 계약직",수시채용,,,2026-06-15,https://jasoseol.com/recruit/104419,,2026-09-07 18:36:31
자소설닷컴,롯데컬처웍스,2026년 5월 현장 운영매니저 신입채용,영화관 운영,신입,수시채용,,,2026-06-05,https://jasoseol.com/recruit/104420,,2026-09-07 18:36:31
자소설닷컴,중앙대학교병원,(광명병원) 간호본부 신장내과 전담간호사 (계약직) 모집 (2026.06),간호사-간호본부(진료지원간호팀)-신장내과 전담간호사,계약직,수시채용,,,2026-06-08,https://jasoseol.com/recruit/104422,,2026-09-07 18:36:31
자소설닷컴,한국항공우주산업,연구개발/IPS/운영 분야 경력사원 채용,"비행안전, 장구관리, 시험계획, 탑재계측, 계측설계, 지상계측, 비행운영, 체계종합, 항공전자(데이터링크), 항공전자(인터컴), 군수정보체계 개발/운영, IPS요소개발, 지원장비 개발/획득, 고정익 후속보급지원, 고",계약직,수시채용,,,2026-06-15,https://jasoseol.com/recruit/104423,,2026-09-07 18:36:32
자소설닷컴,중앙대학교병원,(광명병원) 의무기록팀 보건의료정보관리사 (휴직대체) 모집(2026.06),(휴직대체)-보건의료정보관리사-의무기록팀,계약직,수시채용,,,2026-06-09,https://jasoseol.com/recruit/104421,,2026-09-07 18:36:32
자소설닷컴,한화금융,2026 신입사원 채용 Career Session (IT/AI),IT/AI,신입,수시채용,,,2026-06-12,https://jasoseol.com/recruit/104424,,2026-09-07 18:36:32
자소설닷컴,지에스이,2026년도 하반기 신입사원 공채,"경영관리 - 총무팀 고객서비스팀, 안전기술 - 안전관리팀, 안전기술 - 안전솔루션팀",신입,수시채용,,,2026-07-03,https://jasoseol.com/recruit/104426,,2026-09-07 18:36:33
자소설닷컴,현대종합금속,신입/경력사원 모집,"중앙연구소 - 용접재료 연구 및 개발, 중앙연구소  - 용접기S/W개발",코드5,수시채용,,,2026-06-21,https://jasoseol.com/recruit/104427,,2026-09-07 18:36:33
자소설닷컴,중앙대학교병원,(광명병원) 간호본부 외래간호팀(내시경실) 간호사 (정규직) 모집(2026.06),간호사-간호본부(내시경실),신입,수시채용,,,2026-06-09,https://jasoseol.com/recruit/104428,,2026-09-07 18:36:34
자소설닷컴,팀스파르타,단기 심화 JAVA 부트캠프,JAVA 백엔드 개발 부트캠프,교육,수시채용,,,2026-06-22,https://jasoseol.com/recruit/104429,,2026-09-07 18:36:34
자소설닷컴,딜리셔스,[미래내일 일경험] 글로벌 B2B 세일즈 인턴,글로벌 B2B 세일즈,인턴,수시채용,,,2026-06-07,https://jasoseol.com/recruit/104425,,2026-09-07 18:36:34
자소설닷컴,녹십자웰빙,품질보증(신입),QC,신입,수시채용,,,2026-06-16,https://jasoseol.com/recruit/104430,,2026-09-07 18:36:34
자소설닷컴,녹십자웰빙,포장(신입/경력),포장,코드5,수시채용,,,2026-06-16,https://jasoseol.com/recruit/104432,,2026-09-07 18:36:35
자소설닷컴,이노션,데이터 분석 및 컨설팅 (Junior),데이터 분석 및 컨설팅 (Junjor),계약직,수시채용,,,2026-06-07,https://jasoseol.com/recruit/104434,,2026-09-07 18:36:36
자소설닷컴,중앙대학교병원,(서울병원) 영상의학과 방사선사(계약직) 모집 (2026.06),영상의학과-방사선사,계약직,수시채용,,,2026-06-10,https://jasoseol.com/recruit/104433,,2026-09-07 18:36:36
자소설닷컴,이노션,데이터 엔지니어 (Customer Data Platform),데이터 엔지니어 (Customer Data Platform),계약직,수시채용,,,2026-06-14,https://jasoseol.com/recruit/104435,,2026-09-07 18:36:36
자소설닷컴,녹십자웰빙,생산(신입),생산,신입,수시채용,,,2026-06-16,https://jasoseol.com/recruit/104431,,2026-09-07 18:36:37
자소설닷컴,이노션,인사 운영 담당 (급여/근태) (Junior),인사 운영 담당 (급여/근태) (Junior),계약직,수시채용,,,2026-06-11,https://jasoseol.com/recruit/104436,,2026-09-07 18:36:37
자소설닷컴,램리서치코리아,2026 하반기 신입 반도체 엔지니어(FSE) 공개채용,반도체 엔지니어(FSE),신입,수시채용,,,2026-06-24,https://jasoseol.com/recruit/104437,,2026-09-07 18:36:37
자소설닷컴,한국여성정책연구원,2026년 제3차 직원 블라인드 채용 공고,"정규직_연구원, 정규직_행정원, 계약직(육아휴직 대체)_행정원","경력, 계약직, 신입",수시채용,,,2026-06-18,https://jasoseol.com/recruit/104438,,2026-09-07 18:36:38
자소설닷컴,토스페이먼츠,Merchant Onboarding Assistant,가맹점 관리,계약직,수시채용,,,2026-06-10,https://jasoseol.com/recruit/104439,,2026-09-07 18:36:38
자소설닷컴,비씨월드제약,2026년 2차 정기 채용,"GRI 연구소 - 첨단제품 연구팀, GRI 연구소 - 플랫폼 연구팀, 인재경영실 - IT혁신팀, 사업개발본부 - 사업개발팀 (비씨월드헬스케어), 사업개발본부 - 개발팀, 영업마케팅본부 - 마케팅팀 PM, 영업마케팅본","경력, 계약직, 신입, 코드5",수시채용,,,2026-06-15,https://jasoseol.com/recruit/104440,,2026-09-07 18:36:39
자소설닷컴,KPX케미칼,2026년 각 부문별 채용,"내수영업, 해외영업, 구매","경력, 신입, 코드5",수시채용,,,2026-06-14,https://jasoseol.com/recruit/104441,,2026-09-07 18:36:39
자소설닷컴,이씨이십일,"중소기업 해외 진출 지원(무역 전문가, 바이어 발굴)","중소기업 해외 진출 지원(무역 전문가, 바이어 발굴)",계약직,수시채용,,,2026-06-21,https://jasoseol.com/recruit/104442,,2026-09-07 18:36:39
자소설닷컴,에이피알,[디자인] 해외 B2B 디자인 채용연계형 인턴사원 모집,[디자인] 해외 B2B 디자인 채용연계형 ,인턴,상시채용,,,2026-06-22,https://jasoseol.com/recruit/104443,,2026-09-07 18:36:40
자소설닷컴,한국지역난방공사(KDHC),2026년 신입직원 채용,"[일반전형]사무직군 - 사무, [일반전형]기술직군 - 기계, [일반전형]기술직군 - 전기, [일반전형] 기술직군 - 전자, [일반전형]기술직군 - 토목, [일반전형]기술직군 - 화공, [사회형평-취업지원(보훈)대상자",인턴,수시채용,,,2026-06-20,https://jasoseol.com/recruit/104444,,2026-09-07 18:36:40
자소설닷컴,PKC,신입사원 모집,품질관리,신입,수시채용,,,2026-06-17,https://jasoseol.com/recruit/104446,,2026-09-07 18:36:41
자소설닷컴,에이피알,[디자인] 해외 수출 패키지 디자이너 계약직 사원 모집,[디자인] 해외 수출 패키지 디자이너 계약직 사원 모집,계약직,상시채용,,,2026-07-03,https://jasoseol.com/recruit/104445,,2026-09-07 18:36:41
자소설닷컴,한국수산회,직원 채용 공고,유통소비본부 계약직,계약직,수시채용,,,2026-06-09,https://jasoseol.com/recruit/104447,,2026-09-07 18:36:41
자소설닷컴,케이씨텍,반도체 장비 제어 SW 개발자 모집(경력/동탄),"PC제어(CMP part)-경기도 화성시(동탄IX타워), PC제어(CLN part)-경기도 화성시(동탄IX타워), PC제어(자동화 part)-경기도 화성시(동탄IX타워)",경력,수시채용,,,2026-06-11,https://jasoseol.com/recruit/104448,,2026-09-07 18:36:42
자소설닷컴,멀티캠퍼스,AI.M [아이:엠] AI커리어 스타트 캠프,"AI 엔지니어, AI 데이터분석, AI 프로덕트 매니저, AI 에이전트 엔지니어, AI 보안 엔지니어, AI 인터랙티브 UI/UX, 지능형 모빌리티 엔지니어",교육,수시채용,,,2026-06-28,https://jasoseol.com/recruit/104449,,2026-09-07 18:36:42
자소설닷컴,마이다스그룹,[일본법인] 재팬 개발 담당자 채용,해외분야 (일본 법인)-설계 SW개발-일본법인,코드5,수시채용,,,2026-06-14,https://jasoseol.com/recruit/104450,,2026-09-07 18:36:42
자소설닷컴,마이다스그룹,[일본법인] 재팬 영업 담당자 채용,해외분야 (일본 법인)-해외영업-일본법인,코드5,수시채용,,,2026-06-14,https://jasoseol.com/recruit/104451,,2026-09-07 18:36:43
자소설닷컴,중앙대학교병원,(광명병원) 간호본부 혈액종양내과 전담간호사 (계약직) 모집 (2026.06),간호사-간호본부(진료지원간호팀)-혈액종양내과 전담간호사,계약직,수시채용,,,2026-06-11,https://jasoseol.com/recruit/104452,,2026-09-07 18:36:43
자소설닷컴,아이쓰리시스템,생산관리 부문 신입사원 채용,생산관리 부문,신입,수시채용,,,2026-06-24,https://jasoseol.com/recruit/104454,,2026-09-07 18:36:44
자소설닷컴,신한캐피탈,2026년 신입사원 공개채용,"IB, 경영기획/지원, 디지털",신입,수시채용,,,2026-06-21,https://jasoseol.com/recruit/104455,,2026-09-07 18:36:44
자소설닷컴,신용보증재단중앙회(KOREG),2026년도 청년인턴(체험형) 채용안내,"체험형인턴, 체험형인턴(장애인)",인턴,수시채용,,,2026-06-17,https://jasoseol.com/recruit/104456,,2026-09-07 18:36:45
자소설닷컴,LG생활건강,소셜크루 23기,디지털컨텐츠 소셜크루,인턴,수시채용,,,2026-06-14,https://jasoseol.com/recruit/104453,,2026-09-07 18:36:45
자소설닷컴,한국서부발전(wp),2026년도 별정직 채용형 인턴 모집,"자동차 운전원, 탈황설비 운전원, 탈질설비 관리원",인턴,수시채용,,,2026-06-16,https://jasoseol.com/recruit/104457,,2026-09-07 18:36:45
자소설닷컴,중앙대학교병원,(서울병원) 부대사업팀 조리원(계약직) 모집 (2026.06),부대사업팀-조리원,계약직,수시채용,,,2026-06-11,https://jasoseol.com/recruit/104460,,2026-09-07 18:36:46
자소설닷컴,앱솔브랩,[셀리맥스] 국내 퍼포먼스 마케팅 경력 채용,국내 퍼포먼스 마케팅,경력,상시채용,,,2026-08-04,https://jasoseol.com/recruit/104461,,2026-09-07 18:36:46
자소설닷컴,유안타증권,기업금융사업부문 경력직원 채용,"기업금융, IPO, 신기술금융",계약직,수시채용,,,2026-07-01,https://jasoseol.com/recruit/104462,,2026-09-07 18:36:47
자소설닷컴,유안타증권,재무전략팀 신입직원 채용,"재무회계, 관리회계",계약직,수시채용,,,2026-06-16,https://jasoseol.com/recruit/104463,,2026-09-07 18:36:47
자소설닷컴,한국서부발전(wp),2026년도 1차 체험형 인턴 모집 공고,"일반-사무-본사, 일반-사무-태안, 일반-사무-서인천, 일반-사무-평택, 일반-사무-군산, 일반-사무-김포, 일반-사무-구미, 일반-사무-연구소, 일반-기술-본사, 일반-기술-태안, 일반-기술-서인천, 일반-기술-평",인턴,수시채용,,,2026-06-18,https://jasoseol.com/recruit/104458,,2026-09-07 18:36:48
자소설닷컴,전문건설공제조합,2026년 하반기 직원 채용,"상경, 건축토목, IT개발, IT보안, 변호사","경력, 신입",수시채용,,,2026-06-22,https://jasoseol.com/recruit/104465,,2026-09-07 18:36:48
자소설닷컴,한국전력공사(KEPCO),2026년도 고졸 신입사원 공개채용,"[전국권_재학]사무, [전국권_재학]배전, [전국권_재학]송변전, [전국권_졸업]사무, [전국권_졸업]배전, [전국권_졸업]송변전, [강원_재학]사무, [강원_재학]배전, [강원_재학]송변전, [강원_졸업]사무, [",신입,수시채용,,,2026-06-12,https://jasoseol.com/recruit/104464,,2026-09-07 18:36:48
자소설닷컴,에이피알,[영업] 해외 B2B 영업 채용연계형 인턴사원 모집(영미권),[영업] 해외 B2B 영업 채용연계형 (영미권),인턴,상시채용,,,2026-07-10,https://jasoseol.com/recruit/104466,,2026-09-07 18:36:48
자소설닷컴,유안타증권,Global Market Sales팀 신입/경력직원 채용,Global Market Sales,계약직,수시채용,,,2026-06-15,https://jasoseol.com/recruit/104467,,2026-09-07 18:36:49
자소설닷컴,한솔제지,신입사원 수시채용 (해외영업),해외영업,신입,수시채용,,,2026-06-14,https://jasoseol.com/recruit/104468,,2026-09-07 18:36:49
자소설닷컴,렉스몬드,상품개발팀 AMD 신입 채용 (MD 성장형 포지션),AMD,신입,수시채용,,,2026-06-15,https://jasoseol.com/recruit/104469,,2026-09-07 18:36:50
자소설닷컴,아주대학교,2026학년도 정규직원 채용,"일반직(입학사정관), 일반직(ICT정보통신기술분야-신입), 일반직(ICT정보통신기술분야-경력)","경력, 신입",수시채용,,,2026-06-17,https://jasoseol.com/recruit/104471,,2026-09-07 18:36:50
자소설닷컴,한국국제협력단(KOICA),2026년 일반직 및 공무직 채용,"일반직 - 개발협력일반 (일반), 일반직 - 개발협력일반 (비수도권 지역인재), 일반직 사회형평적  - 개발협력일반 (보훈), 일반직 사회형평적  - 사무행정 (고졸), 공무직 - 기술지원(전산)","경력, 신입",수시채용,,,2026-06-23,https://jasoseol.com/recruit/104470,,2026-09-07 18:36:51
자소설닷컴,하나은행,2026년 체험형 인턴 모집,"종합금융, AI/ICT",인턴,수시채용,,,2026-06-15,https://jasoseol.com/recruit/104472,,2026-09-07 18:36:51
자소설닷컴,SAP Korea,SAP KDT 심화과정 2기 (ADVANCED),SAP 개발자 양성 교육,교육,수시채용,,,2026-07-08,https://jasoseol.com/recruit/104473,,2026-09-07 18:36:51
자소설닷컴,슈피겐코리아,슈피겐 글로벌 메이커스 인턴십,"글로벌 제품 기획, 글로벌 제품 디자인",인턴,수시채용,,,2026-06-14,https://jasoseol.com/recruit/104474,,2026-09-07 18:36:52
자소설닷컴,삼우종합건축사사무소,2026년 채용연계형 인턴십 모집 ,공정배관설계,인턴,수시채용,,,2026-06-17,https://jasoseol.com/recruit/104475,,2026-09-07 18:36:52
자소설닷컴,LG CNS,2026년 상반기 신입사원 수시채용 (AX/DX & RX),"Software Engineer, Robotics Engineer, Physical AI Scientist",신입,수시채용,,,2026-06-16,https://jasoseol.com/recruit/104476,,2026-09-07 18:36:52
자소설닷컴,앳홈,K뷰티 브랜드 THOME 전속 크리에이터 인턴 (정규직 전환형),크리에이터 인턴,인턴,상시채용,,,2026-06-22,https://jasoseol.com/recruit/104477,,2026-09-07 18:36:53
자소설닷컴,중앙대학교병원,(광명병원) 순환기내과(심장초음파실) 직원 (계약직) 모집 (2026.06),순환기내과(심장초음파실),계약직,수시채용,,,2026-06-11,https://jasoseol.com/recruit/104478,,2026-09-07 18:36:53
자소설닷컴,페이히어,[핀테크 스타트업] 프로덕트 세일즈 스페셜리스트 신입 채용 (연봉 3600/인센티브/분기상여금),프로덕트 세일즈 스페셜리스트 (신입),인턴,수시채용,,,2026-06-24,https://jasoseol.com/recruit/104480,,2026-09-07 18:36:54
자소설닷컴,토스플레이스,Design Platform Assistant,Design Platform Assistant,계약직,상시채용,,,2026-06-29,https://jasoseol.com/recruit/104479,,2026-09-07 18:36:54
자소설닷컴,한겨레신문사,2026년 수습사원(기자직/경영관리직) 공개채용,"기자직(취재·편집), 기자직(사진), 경영관리직(기획·예산·재경), 경영관리직(영업·마케팅)",신입,수시채용,,,2026-06-24,https://jasoseol.com/recruit/104481,,2026-09-07 18:36:55
자소설닷컴,주택도시보증공사(HUG),2026년 하반기 체험형 청년인턴 채용공고,"일반전형_경영전략(서울), 일반전형_경영전략(부산), 일반전형_금융·기금(서울), 일반전형_금융·기금(부산), 일반전형_금융·기금(인천), 일반전형_금융·기금(의정부), 일반전형_금융·기금(수원), 일반전형_금융·기",인턴,수시채용,,,2026-06-22,https://jasoseol.com/recruit/104483,,2026-09-07 18:36:56
자소설닷컴,대학내일ES,마케팅(AE) 인사(HRM) 에디터 및 디자이너 인턴/신입/경력 채용,"[대학내일] 마케팅(AE)_익스피리언스플래닝6팀_인턴(체험형), [대학내일] 디자이너(Design)_미디어센터_인턴(체험형), [대학내일] 에디터(자사미디어)_미디어센터_인턴(체험형), [대학내일] STAFF(HRM","경력, 계약직, 인턴",수시채용,,,2026-06-15,https://jasoseol.com/recruit/104482,,2026-09-07 18:36:56
자소설닷컴,김앤장 법률사무소,지식재산권 부문 채용,"특허ㆍ상표 Project 관리, 특허 기술 분석",코드5,수시채용,,,2026-06-15,https://jasoseol.com/recruit/104484,,2026-09-07 18:36:56
자소설닷컴,세스코,전문영업 서비스디자이너(전국),전문영업 서비스디자이너 (전국),신입,상시채용,,,2026-07-31,https://jasoseol.com/recruit/104485,,2026-09-07 18:36:56
자소설닷컴,창비,마케팅부 직무 사원을 모집합니다.,마케팅,코드5,수시채용,,,2026-07-01,https://jasoseol.com/recruit/104486,,2026-09-07 18:36:57
자소설닷컴,앳홈,글로벌 뷰티 임플로이언서 마케팅 인턴 (정규직 전환형),임플로이언서 마케팅,인턴,상시채용,,,2026-06-22,https://jasoseol.com/recruit/104487,,2026-09-07 18:36:57
자소설닷컴,앳홈,글로벌 인플루언서 마케팅 인턴 (정규직 전환형),인플루언서 마케팅,인턴,상시채용,,,2026-06-16,https://jasoseol.com/recruit/104488,,2026-09-07 18:36:57
자소설닷컴,크래프톤,정글 하반기 모집,"SW-AILab, gameLab, game techLab",교육,수시채용,,,2026-07-05,https://jasoseol.com/recruit/104489,,2026-09-07 18:36:58
자소설닷컴,DRB동일,2026년 3분기 신입 및 경력사원 채용,"자동화 기계·로봇 자동화 설계, 자율주행로봇 알고리즘 개발, 내부회계관리제도·내부감사","경력, 신입",수시채용,,,2026-06-21,https://jasoseol.com/recruit/104490,,2026-09-07 18:36:58
자소설닷컴,에프앤코,F&CO 수시채용 (재무회계/일본사업),"Data Engineer, 자금/회계, 해외 영업(일본)",경력,상시채용,,,2026-07-16,https://jasoseol.com/recruit/104491,,2026-09-07 18:36:59
자소설닷컴,KBS N,부문별 경력·신입사원 인재모집,"광고영업, 일반회계","계약직, 신입, 코드5",수시채용,,,2026-06-15,https://jasoseol.com/recruit/104492,,2026-09-07 18:36:59
자소설닷컴,토스뱅크,Collections Operations Assistant,Collections Operations Assistant,계약직,상시채용,,,2026-08-07,https://jasoseol.com/recruit/104493,,2026-09-07 18:36:59
자소설닷컴,중앙대학교병원,(광명병원) 간호본부 인공신장센터 복막투석 간호사 (계약직) 모집 (2026.06),간호사-간호본부(인공신장센터),계약직,수시채용,,,2026-06-14,https://jasoseol.com/recruit/104494,,2026-09-07 18:37:00
자소설닷컴,유진투자선물,(신입) 리테일영업팀 채용,본사(여의도)-영업/마케팅-리테일영업,신입,수시채용,,,2026-06-14,https://jasoseol.com/recruit/104495,,2026-09-07 18:37:00
자소설닷컴,동덕여자대학교,2026년 신규 행정직원 (IT분야) 모집,IT분야,계약직,수시채용,,,2026-06-29,https://jasoseol.com/recruit/104497,,2026-09-07 18:37:01
자소설닷컴,피에스케이,PEE 채용 전환형 인턴 모집,PEE,인턴,수시채용,,,2026-06-15,https://jasoseol.com/recruit/104499,,2026-09-07 18:37:02
자소설닷컴,현대종합금속,신입/경력사원 모집,"본사 수출영업부(싱가포르,말레이시아), 기계사업본부 서비스부","신입, 코드5",수시채용,,,2026-06-21,https://jasoseol.com/recruit/104498,,2026-09-07 18:37:03
자소설닷컴,대한의사협회의료배상공제조합,2026년 직원 채용,공통,신입,수시채용,,,2026-06-22,https://jasoseol.com/recruit/104496,,2026-09-07 18:37:03
자소설닷컴,SK에코플랜트,2026 하반기 Junior Talent 채용,"반도체 플랜트 설계, 반도체 플랜트 시공, 반도체 모듈솔루션 개발",신입,수시채용,,,2026-06-28,https://jasoseol.com/recruit/104501,,2026-09-07 18:37:03
자소설닷컴,현대렌탈케어,B2B영업 / 제휴영업 신입 및 경력직 모집,"B2B영업, 제휴영업","경력, 신입",수시채용,,,2026-06-22,https://jasoseol.com/recruit/104500,,2026-09-07 18:37:03
자소설닷컴,한화에어로스페이스,국방·첨단산업 AI 솔루션 머신러닝 엔지니어 양성과정,국방·첨단산업 AI 솔루션 머신러닝 엔지니어,교육,수시채용,,,2026-06-26,https://jasoseol.com/recruit/104502,,2026-09-07 18:37:04
자소설닷컴,케이더블유이코리아,항공 수출 현장 신입사원 채용,항공수출업무부(인천),신입,수시채용,,,2026-06-23,https://jasoseol.com/recruit/104503,,2026-09-07 18:37:04
자소설닷컴,캐논코리아,2026년 6월 신입사원 채용 인턴전형(채용연계형),"[캐논코리아] 솔루션엔지니어, [캐논코리아] 기술영업, [캐논코리아] 생산기술, [캐논코리아] 제품기술, [캐논코리아] 연구개발",인턴,수시채용,,,2026-06-16,https://jasoseol.com/recruit/104505,,2026-09-07 18:37:05
자소설닷컴,한국파스퇴르연구소,총무인사실 실원(정규직) 채용 공고,총무인사,신입,수시채용,,,2026-06-12,https://jasoseol.com/recruit/104506,,2026-09-07 18:37:05
자소설닷컴,에이피알,[마케팅] 포맨트 온라인 마케팅 채용연계형 인턴사원 모집,[마케팅] 포맨트 온라인 마케팅 채용연계형,인턴,상시채용,,,2026-07-24,https://jasoseol.com/recruit/104507,,2026-09-07 18:37:05
자소설닷컴,경기환경에너지진흥원,생성형 AI 실무 마스터 클래스,물산업 수출역량 강화교육 입문과정,교육,수시채용,,,2026-06-25,https://jasoseol.com/recruit/104504,,2026-09-07 18:37:05
자소설닷컴,신영자산운용,2026년 채용연계 인턴사원 채용,지원부문,인턴,수시채용,,,2026-06-28,https://jasoseol.com/recruit/104509,,2026-09-07 18:37:06
자소설닷컴,토스뱅크,KYC Operations Assistant,KYC Operations Assistant,계약직,상시채용,,,2026-08-08,https://jasoseol.com/recruit/104510,,2026-09-07 18:37:06
자소설닷컴,NHN Cloud,[Japan] IT 솔루션 담당,IT 솔루션 담당,경력,상시채용,,,2026-08-07,https://jasoseol.com/recruit/104508,,2026-09-07 18:37:07
자소설닷컴,토스뱅크,Communications Assistant,Communications Assistant,계약직,상시채용,,,2026-08-08,https://jasoseol.com/recruit/104511,,2026-09-07 18:37:07
자소설닷컴,태웅로직스,"신입/경력 수시채용(영업직, 관리직)","자금팀 신입사원 채용, IT개발팀 신입 채용, IT개발팀 경력직 채용, IR법무팀 경력직 채용, 유라시아 전략영업팀 신입 채용, 유라시아 전략영업팀 경력직 채용, 프로젝트영업2팀 신입 채용, 프로젝트영업2팀 경력직 ","경력, 신입, 코드6",수시채용,,,2026-06-28,https://jasoseol.com/recruit/104512,,2026-09-07 18:37:07
자소설닷컴,IBK자산운용,마케팅본부 신입/경력직 채용공고,"마케팅(신입), 마케팅(경력)","경력, 신입",수시채용,,,2026-06-19,https://jasoseol.com/recruit/104513,,2026-09-07 18:37:08
자소설닷컴,GC셀,RA(Regulatory Affairs) 담당자 모집 (경력),RA,경력,수시채용,,,2026-06-21,https://jasoseol.com/recruit/104514,,2026-09-07 18:37:08
자소설닷컴,코스테크,2026년 하반기 신입 경력 공개채용,"기술 엔지니어 (에스지 프린터&커팅기 사업), 연구원 (코스테크잉크)",코드5,수시채용,,,2026-06-19,https://jasoseol.com/recruit/104515,,2026-09-07 18:37:08
자소설닷컴,금호미쓰이화학,2026년 기술직 신입 인턴사원 모집공고,"생산, 품질, 제품운영, 계기, 설비(장치기기)",인턴,수시채용,,,2026-06-19,https://jasoseol.com/recruit/104516,,2026-09-07 18:37:09
자소설닷컴,포항공과대학교,"상근직 직원 채용(입학사정관, 연구행정, 정밀 기기가공)","입학사정관, 연구행정, 정밀 기기가공",계약직,수시채용,,,2026-06-28,https://jasoseol.com/recruit/104517,,2026-09-07 18:37:09
자소설닷컴,앱솔브랩,[셀리맥스] BX 콘텐츠 디자이너 경력 채용,BX 콘텐츠 디자이너,경력,상시채용,,,2026-08-08,https://jasoseol.com/recruit/104518,,2026-09-07 18:37:10
자소설닷컴,앱솔브랩,BX 제품/패키지 디자이너 경력 채용,BX 제품/패키지 디자이너,경력,상시채용,,,2026-08-08,https://jasoseol.com/recruit/104519,,2026-09-07 18:37:11
자소설닷컴,샤인플로,풀재택근무 아마존JP/US Brand Manager 정규직 전환형 인턴,Brand Manager,인턴,수시채용,,,2026-06-29,https://jasoseol.com/recruit/104520,,2026-09-07 18:37:11
자소설닷컴,현대케피코,2026년 하반기 신입 채용 (채용연계형 인턴),"인프라 운영(전기설비), EV/HEV 차량제어 SW개발, 자동변속기 변속감 캘리브레이션, 차량 사이버보안 관리",인턴,수시채용,,,2026-06-21,https://jasoseol.com/recruit/104521,,2026-09-07 18:37:11
자소설닷컴,현대코퍼레이션그룹,2026년 Global Talent 채용,해외영업,신입,수시채용,,,2026-07-03,https://jasoseol.com/recruit/104522,,2026-09-07 18:37:11
자소설닷컴,한국산업은행,"2026년 일반직B 신입행원(특성화고, 보훈) 채용공고","일반직B(특성화고), 일반직B(보훈)",신입,수시채용,,,2026-06-24,https://jasoseol.com/recruit/104523,,2026-09-07 18:37:12
자소설닷컴,세스코,총무/자산관리,총무/자산관리,계약직,수시채용,,,2026-06-23,https://jasoseol.com/recruit/104524,,2026-09-07 18:37:12
자소설닷컴,피에스케이,경력 채용(Global HR),Global HR,경력,수시채용,,,2026-06-21,https://jasoseol.com/recruit/104525,,2026-09-07 18:37:13
자소설닷컴,뱅크웨어글로벌,2026년 하반기 대졸신입 공개채용,"금융IT 개발자, 코어뱅킹 Functional Consultant",신입,수시채용,,,2026-06-28,https://jasoseol.com/recruit/104527,,2026-09-07 18:37:13
자소설닷컴,중앙대학교병원,(광명병원) 유방내분비외과 전담간호사 모집 (2025.06),간호사-간호본부(진료지원간호팀)-유방내분비외과 전담간호사,계약직,수시채용,,,2026-06-17,https://jasoseol.com/recruit/104528,,2026-09-07 18:37:14
자소설닷컴,코멘토,2026 미래내일 일경험 지원사업 로컬 AI 메이커스랩 1차수,로컬 AI 메이커스랩,교육,수시채용,,,2026-06-14,https://jasoseol.com/recruit/104529,,2026-09-07 18:37:14
자소설닷컴,에코마케팅,마케팅 사무보조 계약직,마케팅 사무보조,계약직,수시채용,,,2026-06-16,https://jasoseol.com/recruit/104530,,2026-09-07 18:37:15
자소설닷컴,토스페이먼츠,Merchant Onboarding Specialist  (PG 계약/심사),PG,계약직,상시채용,,,2026-06-24,https://jasoseol.com/recruit/104531,,2026-09-07 18:37:15
자소설닷컴,현대엘앤씨,환경안전 경력사원 채용,환경안전,경력,수시채용,,,2026-06-28,https://jasoseol.com/recruit/104526,,2026-09-07 18:37:15
자소설닷컴,토스페이먼츠,Merchant Onboarding Assistant (KYC),가맹점 관리,계약직,상시채용,,,2026-06-24,https://jasoseol.com/recruit/104532,,2026-09-07 18:37:15
자소설닷컴,한국벤처캐피탈협회,2026년도 제4차 직원 채용공고,사업운영,계약직,수시채용,,,2026-06-21,https://jasoseol.com/recruit/104533,,2026-09-07 18:37:16
자소설닷컴,슈피겐코리아,2026년 경력 및 채용연계형 인턴 공개채용,"글로벌 이커머스 영업 (유럽), 글로벌 이커머스 영업 (인도), 글로벌 B2B 영업, 글로벌 SCM (인도), 기구개발, 프로젝트매니저, 콘텐츠디자인, 글로벌 마케팅 기획 (유럽), 글로벌 이커머스 영업, 온라인MD","경력, 인턴",수시채용,,,2026-06-21,https://jasoseol.com/recruit/104534,,2026-09-07 18:37:16
자소설닷컴,한국알콜그룹,2026년 6월 수시채용,"[ENF]연구개발, [ENF]기술영업, [ENF]구매, [ENF]환경안전보건(EHS), [ENF]공무(설비관리), [ENF]생산기술, [ENF]생산관리, [KC&A]재무회계, [KC&A]해외영업, [PURIT]기술영","경력, 신입, 코드5",수시채용,,,2026-06-21,https://jasoseol.com/recruit/104535,,2026-09-07 18:37:17
자소설닷컴,YTN,하계 체험형 인턴사원 모집,"과학기자, 방송기술, 디지털, 정책",인턴,수시채용,,,2026-06-21,https://jasoseol.com/recruit/104536,,2026-09-07 18:37:17
자소설닷컴,비바리퍼블리카(토스),Account Sales Associate,Account Sales Associate,계약직,상시채용,,,2026-06-24,https://jasoseol.com/recruit/104538,,2026-09-07 18:37:18
자소설닷컴,이노션,CRM 마케팅 운영,CRM 마케팅 운영,계약직,수시채용,,,2026-06-21,https://jasoseol.com/recruit/104537,,2026-09-07 18:37:18
자소설닷컴,비바리퍼블리카(토스),AML Operations Specialist,AML Operations Specialist,계약직,상시채용,,,2026-06-25,https://jasoseol.com/recruit/104539,,2026-09-07 18:37:18
자소설닷컴,비바리퍼블리카(토스),Sales Specialist (토스페이),Sales Specialist (토스페이),계약직,상시채용,,,2026-06-29,https://jasoseol.com/recruit/104540,,2026-09-07 18:37:19
자소설닷컴,이노션,데이터 분석 및 컨설팅 (Junior),데이터 분석 및 컨설팅 (Junjor),계약직,수시채용,,,2026-06-21,https://jasoseol.com/recruit/104543,,2026-09-07 18:37:20
자소설닷컴,비바리퍼블리카(토스),Merchant Operations Assistant,Merchant Operations Assistant,계약직,상시채용,,,2026-06-29,https://jasoseol.com/recruit/104542,,2026-09-07 18:37:20
자소설닷컴,마이다스그룹,HRM 인사 기획(평가·보상) 담당자 채용,HR-인사 기획/운영-판교본사,경력,수시채용,,,2026-06-21,https://jasoseol.com/recruit/104544,,2026-09-07 18:37:20
자소설닷컴,아이쓰리시스템,구매 부문 신입/경력 채용,"구매 부문 경력사원 채용, 구매 부문 신입사원 채용","경력, 신입",수시채용,,,2026-06-30,https://jasoseol.com/recruit/104545,,2026-09-07 18:37:21
자소설닷컴,NHN,컨테이너 인프라 서비스 개발,컨테이너 인프라 서비스 개발,경력,상시채용,,,2026-08-10,https://jasoseol.com/recruit/104546,,2026-09-07 18:37:21
자소설닷컴,현대모비스,2026년 6월 신입 채용,"전장BU - HW - 디스플레이 시스템 개발, 전장BU - HW - 패키지 설계, 전장BU - HW - 디지털/인터페이스 회로설계, 전장BU - 공통R&D - R&D 운영기획, 전장BU - 공통R&D - R&D 기술","계약직, 신입",수시채용,,,2026-06-25,https://jasoseol.com/recruit/104547,,2026-09-07 18:37:22
자소설닷컴,지엠테크니컬센터코리아,커넥티드카 서비스운영 엔지니어 채용,커넥티드카 서비스운영 엔지니어,경력,수시채용,,,2026-06-21,https://jasoseol.com/recruit/104548,,2026-09-07 18:37:22
자소설닷컴,비바리퍼블리카(토스),AML Operations Manager (Global),AML Operations Manager (Global),경력,상시채용,,,2026-06-29,https://jasoseol.com/recruit/104541,,2026-09-07 18:37:22
자소설닷컴,중앙대학교병원,광명소하검진센터 풀타임 임상병리사 (계약직) 모집 (2026.06),임상병리사-광명소하검진센터,계약직,수시채용,,,2026-06-17,https://jasoseol.com/recruit/104549,,2026-09-07 18:37:22
자소설닷컴,현대종합금속,신입사원 모집,본사 자재부,신입,수시채용,,,2026-06-28,https://jasoseol.com/recruit/104550,,2026-09-07 18:37:23
자소설닷컴,현대자동차그룹,HINT 교육생 모집,"서울-임베디드 AI(HW), 서울-제조지능화, 광주-임베디드 AI(SW), 광주-제조지능화, 대전-임베디드 AI(SW), 대전-제조지능화, 청주-제조지능화, 대구-임베디드 AI(SW), 대구-임베디드 AI(HW), ",교육,수시채용,,,2026-07-03,https://jasoseol.com/recruit/104551,,2026-09-07 18:37:23
자소설닷컴,시라노,[인턴] 콘텐츠 마케팅 채용연계형 인턴,콘텐츠마케터,인턴,상시채용,,,2026-07-02,https://jasoseol.com/recruit/104552,,2026-09-07 18:37:23
자소설닷컴,에코마케팅,재무팀 사무보조 계약직 채용,재무 사무보조,계약직,수시채용,,,2026-06-16,https://jasoseol.com/recruit/104554,,2026-09-07 18:37:24
자소설닷컴,KSM,2026년 신입/경력 채용,"데이터관리, IT운영(네트워크), IT운영(서버), IT운영(내부 CS), 구매 (신입), 구매 (경력), 외주관리, 설계 엔지니어, 공정기술 엔지니어, 생산관리, 가공기술 엔지니어, 외주공정 관리, 품질보증 (신입","경력, 신입, 코드5",수시채용,,,2026-06-22,https://jasoseol.com/recruit/104553,,2026-09-07 18:37:24
자소설닷컴,에코마케팅,커머스 마케터 인턴/신입 채용,"커머스 마케터 인턴, 커머스 마케터 신입","신입, 인턴",수시채용,,,2026-06-21,https://jasoseol.com/recruit/104555,,2026-09-07 18:37:25
자소설닷컴,농심,생산품질관리직 대졸 신입사원 채용,생산품질관리,신입,수시채용,,,2026-06-22,https://jasoseol.com/recruit/104557,,2026-09-07 18:37:25
자소설닷컴,농심,2026 GLOBAL N:EXT TASTE CHALLENGE,마케팅 공모전,교육,수시채용,,,2026-07-10,https://jasoseol.com/recruit/104558,,2026-09-07 18:37:26
자소설닷컴,세종학당재단,2026년 하반기 2차 국외 파견 한국어 교원 선발,국외 파견 한국어 교원,계약직,수시채용,,,2026-06-19,https://jasoseol.com/recruit/104559,,2026-09-07 18:37:26
자소설닷컴,현대비앤지스틸,대졸 신입사원(경영기획) 채용,경영기획,신입,수시채용,,,2026-06-20,https://jasoseol.com/recruit/104560,,2026-09-07 18:37:27
자소설닷컴,아임웹,Sales Intern (정규직 전환형),Sales Intern,인턴,수시채용,,,2026-06-21,https://jasoseol.com/recruit/104561,,2026-09-07 18:37:27
자소설닷컴,딜라이트룸,콘텐츠 마케팅 인턴,콘텐츠 마케팅,인턴,수시채용,,,2026-06-21,https://jasoseol.com/recruit/104562,,2026-09-07 18:37:27
자소설닷컴,트루엔,2026 상반기 신입/경력사원 채용,"온라인 마케터(IoT), QA, NVR PC SW개발, Security 펌웨어 개발, ISP 튜닝 엔지니어, 해외영업, Embedded Security Engineer","경력, 신입, 코드5",상시채용,,,2026-06-28,https://jasoseol.com/recruit/104556,,2026-09-07 18:37:28
자소설닷컴,한국건설기술인협회,2026년 하반기 신입사원 모집,"일반직 (본회) - 일반사무, 일반직 (대구지회) - 일반사무",신입,수시채용,,,2026-06-22,https://jasoseol.com/recruit/104564,,2026-09-07 18:37:28
자소설닷컴,HD현대중공업,Future Builder(Ocean Transformation 과정) 1기 교육생 모집,Ocean Transformation 아카데미,교육,수시채용,,,2026-06-18,https://jasoseol.com/recruit/104563,,2026-09-07 18:37:28
자소설닷컴,KB국민은행,KB-Bridge 청년 금융 교육 프로그램,KB-Bridge 청년 금융 교육,교육,수시채용,,,2026-07-19,https://jasoseol.com/recruit/104565,,2026-09-07 18:37:29
자소설닷컴,녹십자웰빙,병의원영업(신입_충청),병의원 영업,신입,수시채용,,,2026-06-21,https://jasoseol.com/recruit/104566,,2026-09-07 18:37:29
자소설닷컴,녹십자웰빙,병의원영업(신입_경기),병의원 영업,신입,수시채용,,,2026-06-21,https://jasoseol.com/recruit/104567,,2026-09-07 18:37:29
자소설닷컴,후성코퍼레이션,2026년 하반기 영업사원 채용공고,영업팀 (영업),코드5,수시채용,,,2026-06-25,https://jasoseol.com/recruit/104568,,2026-09-07 18:37:30
자소설닷컴,중앙대학교병원,(광명병원) 신경과(신경심리검사실) 임상심리사 (계약직) 모집 (2026.06),임상심리사-신경과(신경심리검사실),계약직,수시채용,,,2026-06-17,https://jasoseol.com/recruit/104569,,2026-09-07 18:37:30
자소설닷컴,데일리앤코,"[티타드,몽제] 상품기획/개발자 추가 채용 (OEM/ODM)",상품기획,경력,수시채용,,,2026-06-22,https://jasoseol.com/recruit/104570,,2026-09-07 18:37:31
자소설닷컴,데일리앤코,"[티타드,몽제] 온오프라인MD 경력 채용",MD,경력,수시채용,,,2026-06-24,https://jasoseol.com/recruit/104571,,2026-09-07 18:37:31
자소설닷컴,데일리앤코,"[티타드, 핑거수트] 디자인 리터쳐 경력 채용",리터쳐,경력,수시채용,,,2026-06-26,https://jasoseol.com/recruit/104572,,2026-09-07 18:37:31
자소설닷컴,셀트리온제약,신입/경력 수시채용,"영업 (신입), 영업 (경력), 허가, 보건 관리자 (신입), 보건 관리자 (경력), 인사, 서버/Cloud 엔지니어, 데이터 엔지니어 (snowflake), Python 개발자, 이물검사 및 포장지원 (신입), 이","경력, 신입",수시채용,,,2026-06-22,https://jasoseol.com/recruit/104573,,2026-09-07 18:37:32
자소설닷컴,삼정KPMG,2026 신입 컨설턴트 공채,"SG - Strategy ONE, SG - People & Change, SG - ESG & Strategy, Digital - AX, Digital - Cyber Security, RC, FC, MC, TC, SA",신입,수시채용,,,2026-07-10,https://jasoseol.com/recruit/104575,,2026-09-07 18:37:33
자소설닷컴,중앙대학교병원,(서울병원) 부대사업팀 조리원(계약직) 모집 (2026.06-2),부대사업팀-조리원,계약직,수시채용,,,2026-06-18,https://jasoseol.com/recruit/104576,,2026-09-07 18:37:33
자소설닷컴,화승코퍼레이션,26년 하반기 수시채용,"영업기획, 기술영업, 경영기획, 설비엔지니어, AI데이터엔지니어, 제조혁신, 신소재사업기획","경력, 신입, 코드5",수시채용,,,2026-06-23,https://jasoseol.com/recruit/104577,,2026-09-07 18:37:33
자소설닷컴,신원,수출부문 Style R&D Kids 그래픽 디자이너 경력 채용,그래픽 디자이너,경력,수시채용,,,2026-06-30,https://jasoseol.com/recruit/104578,,2026-09-07 18:37:34
자소설닷컴,인바디,2026 상반기 신입/경력 채용,"GBD, 품질(신뢰성), 전자개발, SW개발, 제품디자인, Wellness CS, WEB Global Service QA","경력, 신입",수시채용,,,2026-06-29,https://jasoseol.com/recruit/104574,,2026-09-07 18:37:34
자소설닷컴,린데코리아,"제조운영부문 3분기 SOS팀, Project Engineering Team 정규직 채용","SOS Team Operator, Process Engineer",경력,수시채용,,,2026-06-25,https://jasoseol.com/recruit/104580,,2026-09-07 18:37:34
자소설닷컴,LG CNS,AM Inspire Camp 6기,AM Inspire Camp 6기,교육,수시채용,,,2026-07-12,https://jasoseol.com/recruit/104581,,2026-09-07 18:37:35
자소설닷컴,DIG에어가스,오퍼레이터 신입채용,오퍼레이터,신입,수시채용,,,2026-06-22,https://jasoseol.com/recruit/104579,,2026-09-07 18:37:35
자소설닷컴,아디다스코리아,2026 ACE 2.0 프로그램,"[Brand adidas] Business Unit - Originals 제품기획, [Brand adidas] Business Unit - Specialist Sports & US Sports 제품기획, [Retai",계약직,수시채용,,,2026-06-28,https://jasoseol.com/recruit/104583,,2026-09-07 18:37:36
자소설닷컴,서강대학교,계약직원 채용 공고,사서,계약직,수시채용,,,2026-06-18,https://jasoseol.com/recruit/104585,,2026-09-07 18:37:37
자소설닷컴,한국원자력환경공단(KORAD),2026년도 2차 수시채용,"방사선관리 (일반직 경력 4급), 환경미화-시설 (공무직), 환경미화-일반 (공무직)","경력, 코드5",수시채용,,,2026-06-26,https://jasoseol.com/recruit/104582,,2026-09-07 18:37:37
자소설닷컴,오투스 세무법인,신입/경력 직원을 채용합니다,세무회계 및 결산/기장 담당자,코드5,상시채용,,,2026-08-12,https://jasoseol.com/recruit/104586,,2026-09-07 18:37:37
자소설닷컴,자화전자,2026년 3차 신입/경력사원 수시 채용,"제어CS, 전자계해석/제어평가, 모바일카메라 기구설계, FACA CS, FACA 엔지니어, 전장부품 기구설계, 공정기술, 개발공정기술, SMT 공정, 기술PM, OQC CS, IQC, REL, 정보보안, 총무/소방관","경력, 코드5",수시채용,,,2026-06-21,https://jasoseol.com/recruit/104584,,2026-09-07 18:37:37
자소설닷컴,에코마케팅,마케팅 영상 크리에이터 채용 (국내/일본),마케팅 영상 크리에이터,"경력, 신입, 인턴",수시채용,,,2026-06-21,https://jasoseol.com/recruit/104587,,2026-09-07 18:37:38
자소설닷컴,서울경제진흥원,청년취업사관학교 동대문 캠퍼스 DX4기 교육생 모집,"패션AI 마스터클래스, AI 뷰티 콘텐츠 크리에이터 부트캠프",교육,수시채용,,,2026-07-12,https://jasoseol.com/recruit/104588,,2026-09-07 18:37:38
자소설닷컴,동국대학교,AI캠퍼스 | AI머신러닝 엔지니어 양성과정 모집,엔지니어,교육,수시채용,,,2026-06-21,https://jasoseol.com/recruit/104589,,2026-09-07 18:37:38
자소설닷컴,에코마케팅,안다르 퍼포먼스 마케터 신입사원 채용,퍼포먼스 마케터,신입,수시채용,,,2026-06-21,https://jasoseol.com/recruit/104590,,2026-09-07 18:37:39
자소설닷컴,프리윌린,세일즈팀 신입 (전환형 인턴) 채용,세일즈팀 매쓰플랫 세일즈 담당자 (전환형 인턴),인턴,수시채용,,,2026-06-28,https://jasoseol.com/recruit/104591,,2026-09-07 18:37:39
자소설닷컴,비바리퍼블리카(토스),Merchandising Associate (주니어 MD),Merchandising Associate (주니어 MD),경력,수시채용,,,2026-06-28,https://jasoseol.com/recruit/104593,,2026-09-07 18:37:40
자소설닷컴,녹십자웰빙,QC(신입),QC,신입,수시채용,,,2026-06-21,https://jasoseol.com/recruit/104595,,2026-09-07 18:37:41
자소설닷컴,11번가,HR 인턴 모집,"4대보험, 근태, 급여 업무 운영/보조",인턴,수시채용,,,2026-06-18,https://jasoseol.com/recruit/104592,,2026-09-07 18:37:41
자소설닷컴,중앙대학교병원,(광명병원) 간호본부 신경과 전담간호사 (휴직대체) 모집 (2026.06),간호사-간호본부(진료지원간호팀)-신경과 전담간호사,계약직,수시채용,,,2026-06-18,https://jasoseol.com/recruit/104597,,2026-09-07 18:37:42
자소설닷컴,중앙대학교병원,(광명병원) 부정맥센터 임상병리사 모집 (2026.06),임상병리사-순환기내과,계약직,수시채용,,,2026-06-18,https://jasoseol.com/recruit/104596,,2026-09-07 18:37:43
자소설닷컴,엠즈씨드,2026 체험형 인턴 모집,"HR, 마케팅",인턴,수시채용,,,2026-06-24,https://jasoseol.com/recruit/104594,,2026-09-07 18:37:43
자소설닷컴,에스앤제이랩,트레이더 모집 (채용 연계형 인턴),트레이더,인턴,수시채용,,,2026-06-28,https://jasoseol.com/recruit/104599,,2026-09-07 18:37:43
자소설닷컴,다쏘시스템코리아,CATIA 첨단로봇 제조스쿨 5기 교육생 모집,CATIA 첨단로봇 제조스쿨 교육생,교육,수시채용,,,2026-06-19,https://jasoseol.com/recruit/104598,,2026-09-07 18:37:43
자소설닷컴,페이히어,[핀테크 스타트업] 커뮤니티 매니저 (총무/GA)채용,커뮤니티 매니저 (총무/GA),경력,상시채용,,,2026-07-20,https://jasoseol.com/recruit/104600,,2026-09-07 18:37:43
자소설닷컴,에이피알,[CS] 국내 CS 운영/관리 채용연계형 인턴사원 모집,국내 CS 운영/관리,인턴,상시채용,,,2026-07-31,https://jasoseol.com/recruit/104601,,2026-09-07 18:37:44
자소설닷컴,인테그리스코리아,2026 SUMMER INTERNSHIP,"기술 엔지니어 (Technology Engineer Intern), CQ 엔지니어 인턴 (Customer Quality Engineer Intern), Field Service 엔지니어 인턴 (Field Servic",인턴,수시채용,,,2026-06-21,https://jasoseol.com/recruit/104602,,2026-09-07 18:37:44
자소설닷컴,대구경북과학기술원(DGIST),2026년도 제6차 계약직(일반직원) 공개채용 공고,"사업지원인력-사무원(시간제)-화학물리학과, 사업지원인력-행정원-로봇및기계전자공학과, 사업지원인력-행정원-퀀텀센싱 전략사업단, 고령자-기능원(시간제)-나노팹지원팀, 고령자-기능원-동물실험지원팀",계약직,수시채용,,,2026-07-01,https://jasoseol.com/recruit/104603,,2026-09-07 18:37:44
자소설닷컴,한국토지주택공사(LH),서울지역본부 기간제근로자 채용공고,"[연번 1]현장보조감독(전기), [연번 2]공사관리관 보조(건축), [연번 3]리모델링 공사보조(건축), [연번 4]물건조사, [연번 5]사업관리(대체채용), [연번 6]법무관리(대체채용), [연번 7]법무관리(대체",계약직,수시채용,,,2026-06-29,https://jasoseol.com/recruit/104606,,2026-09-07 18:37:46
자소설닷컴,토스뱅크,GA Assistant,GA Assistant,계약직,상시채용,,,2026-06-24,https://jasoseol.com/recruit/104607,,2026-09-07 18:37:46
자소설닷컴,LS MnM,행정직 신입사원 수시채용,영업지원,신입,수시채용,,,2026-06-21,https://jasoseol.com/recruit/104604,,2026-09-07 18:37:46
자소설닷컴,중앙대학교병원,(서울병원) 재활의학과(물리치료실) 물리치료사(계약직) 모집 (2026.06),재활의학과(물리치료실)-물리치료사,계약직,수시채용,,,2026-06-21,https://jasoseol.com/recruit/104608,,2026-09-07 18:37:47
자소설닷컴,정보통신산업진흥원(NIPA),2026년 2차 위촉직(대체) 근로자 채용 공고,"사업관리/AI반도체확산, 사업관리/ Al헬스, 사업관리/AI인프라, 사업관리/글로벌창업, 경영관리/안전총무, 사무지원/AI반도체전략, 사무지원/ AI전략, 사무지원/안전총무",계약직,수시채용,,,2026-06-30,https://jasoseol.com/recruit/104605,,2026-09-07 18:37:47
자소설닷컴,경신,2026년 제조·양산기술팀 계약직 채용,"생산기술-제조기술-본사/연구소, 생산-양산기술-화성공장",계약직,수시채용,,,2026-06-21,https://jasoseol.com/recruit/104609,,2026-09-07 18:37:47
자소설닷컴,한국석유공업,[KP그룹]해외사업팀 영업직 채용(경력),[KP그룹]한국석유공업 해외사업팀 영업직,경력,수시채용,,,2026-07-12,https://jasoseol.com/recruit/104611,,2026-09-07 18:37:48
자소설닷컴,호남대학교,2026학년도 제2차 정규직원 채용,"건축, 전기, 홍보",경력,수시채용,,,2026-06-21,https://jasoseol.com/recruit/104610,,2026-09-07 18:37:48
자소설닷컴,인하대학교 미래인재개발원,전기자동차 전력전장부품 엔지니어 전문인력 양성 국비지원 교육생 모집,전기자동차 전력전장부품 엔지니어 전문인력 양성 국비지원 교육생 모집,교육,수시채용,,,2026-06-30,https://jasoseol.com/recruit/104612,,2026-09-07 18:37:48
자소설닷컴,한국기계연구원,2026년도 제3회 육아휴직 대체인력 채용,"일반행정 (연구사업 관리), 일반행정 (인사)",계약직,수시채용,,,2026-07-01,https://jasoseol.com/recruit/104613,,2026-09-07 18:37:48
자소설닷컴,카카오뱅크,Security 분야 채용연계형 인턴 채용,"정보보호 데이터 엔지니어, 시스템 보안 담당자",인턴,수시채용,,,2026-07-03,https://jasoseol.com/recruit/104614,,2026-09-07 18:37:49
자소설닷컴,쏘카,[계약직] 쏘카존 개발 지원 매니저,[계약직] 쏘카존 개발 지원 매니저,계약직,상시채용,,,2026-08-14,https://jasoseol.com/recruit/104615,,2026-09-07 18:37:49
자소설닷컴,한양이엔지,2026년 하반기 신입사원 공개채용,"공무, 시공관리, 안전관리, 품질관리, 설계, 생산, 재경, 교육, 구매",신입,수시채용,,,2026-06-30,https://jasoseol.com/recruit/104616,,2026-09-07 18:37:50
자소설닷컴,지학사,2026년 6월 수시채용,수학 교과서 및 참고서 개발,계약직,수시채용,,,2026-07-05,https://jasoseol.com/recruit/104619,,2026-09-07 18:37:50
자소설닷컴,신원,수출대금 정산/외환업무 담당 신입 채용,수출대금 정산/외환업무,신입,수시채용,,,2026-06-30,https://jasoseol.com/recruit/104620,,2026-09-07 18:37:51
자소설닷컴,아이쓰리시스템,반도체 소자공정 엔지니어 채용,반도체 소자공정 엔지니어 채용,신입,수시채용,,,2026-07-05,https://jasoseol.com/recruit/104621,,2026-09-07 18:37:51
자소설닷컴,현대종합금속,신입사원 모집,본사 회장비서실,신입,수시채용,,,2026-06-28,https://jasoseol.com/recruit/104622,,2026-09-07 18:37:52
자소설닷컴,이노션,데이터 엔지니어 (Customer Data Platform),데이터 엔지니어 (Customer Data Platform),계약직,수시채용,,,2026-06-29,https://jasoseol.com/recruit/104623,,2026-09-07 18:37:52
자소설닷컴,중앙대학교병원,(광명병원) 간호본부 외래간호팀 간호사 (계약직) 모집 (2026.06-1),간호사-간호본부(외래간호팀),계약직,수시채용,,,2026-06-21,https://jasoseol.com/recruit/104624,,2026-09-07 18:37:52
자소설닷컴,중앙대학교병원,(광명병원) 영상의학과 간호사(휴직대체) 모집 (2026.06),(휴직대체)-간호사-영상의학과,계약직,수시채용,,,2026-06-21,https://jasoseol.com/recruit/104625,,2026-09-07 18:37:53
자소설닷컴,KB국민은행,2026년 하계 체험형 인턴 모집,"디지털부문 , IT부문, AI·플랫폼개발부문",인턴,수시채용,,,2026-06-24,https://jasoseol.com/recruit/104618,,2026-09-07 18:37:53
자소설닷컴,이노션,AI 엔지니어 (Data/Analytics),AI 엔지니어 (Data/Analytics),계약직,수시채용,,,2026-06-28,https://jasoseol.com/recruit/104626,,2026-09-07 18:37:53
자소설닷컴,한국전시산업진흥회,전시사업본부 업무보조 기간제 근로자 채용,한국전시산업진흥회 전시사업본부 업무보조 기간제 근로자 채용,계약직,수시채용,,,2026-06-24,https://jasoseol.com/recruit/104627,,2026-09-07 18:37:54
자소설닷컴,한국계량측정협회,2026 미래내일 일경험 사업 인턴형 참여청년 모집,"트레스칼 경영사무, 표준교정기술원 연구R&D, FITI 시험연구원 연구R&D, 한국산업기술시험원(KTL) 생산제조, 코리아인스트루먼트 대전지사 생산제조, 코리아인스트루먼트 부산지사 생산제조",인턴,수시채용,,,2026-06-21,https://jasoseol.com/recruit/104628,,2026-09-07 18:37:54
자소설닷컴,동부건설,경력사원(건축AS관리_기계) 채용,건축AS관리(설비)-본사(서울),경력,수시채용,,,2026-06-28,https://jasoseol.com/recruit/104630,,2026-09-07 18:37:55
자소설닷컴,중앙대학교병원,(광명병원) 간호본부 호흡기알레르기내과 전담간호사 (휴직대체) 모집 (2026.06),(휴직대체)-간호사-간호본부(진료지원간호팀)-호흡기알레르기내과 전담간호사,계약직,수시채용,,,2026-06-21,https://jasoseol.com/recruit/104632,,2026-09-07 18:37:56
자소설닷컴,대원강업,2026년 하반기 신입 공개 채용,"설계/해석 (전동화), 생산관리/설비공정혁신, 국내/해외영업",신입,수시채용,,,2026-06-30,https://jasoseol.com/recruit/104629,,2026-09-07 18:37:56
자소설닷컴,중앙대학교병원,(광명병원) 재활의학과(물리치료실) 물리치료사 수련생 모집 (2026.06),수련생-물리치료사-재활의학과(물리치료실),계약직,수시채용,,,2026-06-21,https://jasoseol.com/recruit/104631,,2026-09-07 18:37:56
자소설닷컴,유진투자증권,해외주식팀(마케팅) 경력직원 채용,해외주식팀(마케팅) ,경력,수시채용,,,2026-06-28,https://jasoseol.com/recruit/104633,,2026-09-07 18:37:56
자소설닷컴,SK바이오사이언스,26년 6월 경력사원 수시채용,Domestic Sales,경력,수시채용,,,2026-06-28,https://jasoseol.com/recruit/104634,,2026-09-07 18:37:57
자소설닷컴,NHN,조직 문화(계약직),조직 문화,계약직,상시채용,,,2026-06-16,https://jasoseol.com/recruit/104635,,2026-09-07 18:37:57
자소설닷컴,농업정책보험금융원(APFS),직원 공개채용 공고,"계약직-경력-대리급-행정사무(농어업재해보험관리-농업재해보험 검증조사), 계약직-신입-주임급-행정사무(농어업재해보험관리-농업재해보험 검증조사), 계약직(휴직대체인력)-신입-사원급-행정사무(농어업재해보험관리-농업정책보험","계약직, 인턴",수시채용,,,2026-07-01,https://jasoseol.com/recruit/104637,,2026-09-07 18:37:58
자소설닷컴,KCC실리콘,R&D/관리/생산관리 신입사원 채용,"R&D, 관리, 생산관리",신입,수시채용,,,2026-06-21,https://jasoseol.com/recruit/104638,,2026-09-07 18:37:58
자소설닷컴,SJG그룹,2026 신입 · 경력직원 수시채용,"제어기 SW개발, 생산관리","경력, 코드5",수시채용,,,2026-06-24,https://jasoseol.com/recruit/104636,,2026-09-07 18:37:58
자소설닷컴,케이씨텍,대표이사 및 임원 비서 계약직 모집(경력/동탄),비서 및 사무지원-경기도 화성시(R&D센터),계약직,수시채용,,,2026-06-23,https://jasoseol.com/recruit/104639,,2026-09-07 18:37:59
자소설닷컴,한국투자증권,FY2026 호남지역 업무직원 수시채용,지점창구업무 등,신입,수시채용,,,2026-06-28,https://jasoseol.com/recruit/104640,,2026-09-07 18:37:59
자소설닷컴,에이피알,[CS] 해외 CS 운영/기획 채용연계형 인턴사원 모집,해외 CS 운영/기획,인턴,상시채용,,,2026-07-28,https://jasoseol.com/recruit/104643,,2026-09-07 18:38:00
자소설닷컴,SK머티리얼즈,경영전략직무 전환형 인턴 채용,경영전략 사무직,인턴,수시채용,,,2026-06-28,https://jasoseol.com/recruit/104641,,2026-09-07 18:38:01
자소설닷컴,NHN,와플랫 국가과제 운영/정산(계약직),[NHN] 와플랫 국가과제 운영/정산 담당자(계약직),계약직,상시채용,,,2026-07-08,https://jasoseol.com/recruit/104642,,2026-09-07 18:38:01
자소설닷컴,일화,2026년 신입 및 경력 채용(4),"재무회계팀-재무회계담당, E-BIZ영업팀-E-BIZ영업담당(온라인MD), F&B연구실-건기식연구담당, 춘천제약공장-환경공무담당","경력, 계약직",수시채용,,,2026-06-30,https://jasoseol.com/recruit/104644,,2026-09-07 18:38:01
자소설닷컴,포항국제전시컨벤션센터,2026년 제2차 경력경쟁 채용,"전시컨벤션 및 관련 마케팅 분야 (4급 차장/팀장), 경영지원 분야 (5급 과장), 전시컨벤션 및 관련 마케팅 분야 (5급 과장), 전시컨벤션 및 관련 마케팅 분야 (6급 대리)",경력,수시채용,,,2026-06-29,https://jasoseol.com/recruit/104645,,2026-09-07 18:38:01
자소설닷컴,더퓨어랩,글로벌 뷰티 마케터 인턴 대규모 채용(닥터엘시아/디어에이),인플루언서 마케팅 인턴,인턴,수시채용,,,2026-06-28,https://jasoseol.com/recruit/104646,,2026-09-07 18:38:02
자소설닷컴,이노베이션아카데미,코디세이 AI 올인원 제2기 교육생 모집,Agentic AI 전문 인재 양성 교육,교육,수시채용,,,2026-07-12,https://jasoseol.com/recruit/104647,,2026-09-07 18:38:03
자소설닷컴,동서,대졸 신입사원 채용,"재무, 기획, 구매, 수출",신입,수시채용,,,2026-06-28,https://jasoseol.com/recruit/104649,,2026-09-07 18:38:03
자소설닷컴,엔엑스엔랩스,[Junior] Software Engineer,Software Engineer,경력,상시채용,,,2026-07-06,https://jasoseol.com/recruit/104650,,2026-09-07 18:38:03
자소설닷컴,엔엑스엔랩스,[Intern] Business Operations,Business Operations,인턴,상시채용,,,2026-07-05,https://jasoseol.com/recruit/104651,,2026-09-07 18:38:03
자소설닷컴,로지스올,경력사원 채용,"[로지스올] 법률검토 및 자문, [한국컨테이너풀] 3PL SCM영업 및 관리, [한국컨테이너풀] 패키징개발, [한국로지스풀] 3PL영업관리, [로지스올엔지니어링] 프로젝트관리 PM, [로지스올엔지니어링] 스마트팩토리",경력,수시채용,,,2026-06-30,https://jasoseol.com/recruit/104648,,2026-09-07 18:38:04
자소설닷컴,페이히어,[핀테크 스타트업] 세일즈 오퍼레이션 매니저 채용,세일즈 오퍼레이션 매니저,경력,상시채용,,,2026-07-27,https://jasoseol.com/recruit/104652,,2026-09-07 18:38:04
자소설닷컴,한국교육학술정보원(KERIS),2026년 제5차 직원 채용공고 (계약직·청년인턴 공개경쟁),"(휴직대체) 경영·행정 - 기관 자산 관리 및 EAP 운영, (휴직대체) 교육서비스 - 신기술 활용 실증 연구, (휴직대체) 교육서비스 - 전국대학 학술정보 공유 유통망 구축 및 운영, (휴직대체) 교육서비스 - 나","계약직, 인턴",수시채용,,,2026-06-25,https://jasoseol.com/recruit/104653,,2026-09-07 18:38:05
자소설닷컴,케이씨텍,미래소재 기술영업 담당자 모집(경력/동탄),영업-소재기술영업,경력,수시채용,,,2026-06-23,https://jasoseol.com/recruit/104654,,2026-09-07 18:38:05
자소설닷컴,케이씨텍,미래소재연구소 TIM 개발담당자 모집(경력/동탄),연구-TIM개발,경력,수시채용,,,2026-06-23,https://jasoseol.com/recruit/104655,,2026-09-07 18:38:05
자소설닷컴,에이피알,[구매] PDRN/PN 에스테틱 의료기기 구매관리 채용연계형 인턴사원 모집,PDRN/PN 에스테틱 의료기기 구매관리,인턴,상시채용,,,2026-08-15,https://jasoseol.com/recruit/104656,,2026-09-07 18:38:05
자소설닷컴,앱솔브랩,[셀리맥스] 글로벌 B2B 영업지원 계약직 채용,글로벌 B2B 영업지원,계약직,상시채용,,,2026-08-04,https://jasoseol.com/recruit/104657,,2026-09-07 18:38:06
자소설닷컴,NHN Cloud,메시지 플랫폼 영업,메시지 플랫폼 영업,경력,상시채용,,,2026-08-14,https://jasoseol.com/recruit/104658,,2026-09-07 18:38:06
자소설닷컴,NHN Cloud,AX컨설팅(정규직 전환형 인턴),AX컨설팅(정규직 전환형 인턴),인턴,상시채용,,,2026-08-03,https://jasoseol.com/recruit/104659,,2026-09-07 18:38:07
자소설닷컴,서울창조경제혁신센터,2026년 제4차 직원 채용공고,"일반 계약직, 프로젝스 계약직",계약직,수시채용,,,2026-06-25,https://jasoseol.com/recruit/104660,,2026-09-07 18:38:07
자소설닷컴,NHN,조직 문화(계약직),조직 문화,계약직,상시채용,,,2026-07-06,https://jasoseol.com/recruit/104663,,2026-09-07 18:38:08
자소설닷컴,무하유,GPT 킬러 품질 테스트 담당자 (계약직),"AI 서비스 품질 및 운영 매니저(1년), GPT 킬러 품질 테스트 담당자(6개월)",계약직,상시채용,,,2026-07-06,https://jasoseol.com/recruit/104664,,2026-09-07 18:38:09
자소설닷컴,올릭스,IR 담당자 채용,"IR 담당자, 화장품 기획/개발, 안질환 연구개발, Antibody-oligonucleotide conjugate (AOC) 연구개발, RNAi 신약/화장품 피부 기반기술 연구개발, RNAi 신약 기반기술 연구","경력, 코드5",상시채용,,,2026-08-16,https://jasoseol.com/recruit/104665,,2026-09-07 18:38:09
자소설닷컴,신원,수출부문 KNIT 해외영업 신입/주니어경력 채용,해외영업,코드5,상시채용,,,2026-07-03,https://jasoseol.com/recruit/104666,,2026-09-07 18:38:10
자소설닷컴,젠스타메이트,공채 신입사원(채용 전환형 인턴) 모집,전환형 신입사원,인턴,수시채용,,,2026-07-06,https://jasoseol.com/recruit/104661,,2026-09-07 18:38:10
자소설닷컴,티에이케이정보시스템,영림원 ERP 구축 개발자 모집,ERP 개발자,신입,수시채용,,,2026-06-28,https://jasoseol.com/recruit/104667,,2026-09-07 18:38:10
자소설닷컴,LG생활건강,청주공장 노경담당자 채용,노경담당자,코드5,수시채용,,,2026-06-28,https://jasoseol.com/recruit/104668,,2026-09-07 18:38:10
자소설닷컴,조이시티,인사(Payroll) 담당자 모집,인사 · Payroll,신입,상시채용,,,2026-06-30,https://jasoseol.com/recruit/104669,,2026-09-07 18:38:11
자소설닷컴,기술보증기금(KIBO),2026년 정규직 신입직원 채용,"금융일반, 이공계(일반), 이공계(융합), AI·데이터, 박사, CPA·세무사, 보훈, 전산, 법무·채권관리(일반), 법무·채권관리(변호사·변리사)",신입,수시채용,,,2026-06-30,https://jasoseol.com/recruit/104662,,2026-09-07 18:38:11
자소설닷컴,바텍 네트웍스,2026 하반기 신입 채용,"기계 설계, 기구 개발, 시스템HW 개발, HW 개발, SW 개발(Windows App), SW 개발(이미징 솔루션), 영상 개발, 영상 평가, 영상 알고리즘, AI Agent 개발, 경영관리, 인사관리, 채용, 브",신입,수시채용,,,2026-07-01,https://jasoseol.com/recruit/104670,,2026-09-07 18:38:11
자소설닷컴,KCC실리콘,R&D부문 경력사원 채용,R&D,경력,수시채용,,,2026-06-24,https://jasoseol.com/recruit/104671,,2026-09-07 18:38:12
자소설닷컴,GC녹십자,2026년 하반기 채용전제형 인턴 및 2Q 경력 채용,"ETC 영업 (종합병원), Global Rare Disease 해외 영업/마케팅, QC 미생물 품질시험 및 관리, 사업개발 담당자, ETC 영업 (종합병원) - 경력","경력, 인턴",수시채용,,,2026-07-01,https://jasoseol.com/recruit/104674,,2026-09-07 18:38:13
자소설닷컴,한국수산회,기간제근로자(육아휴직대체) 채용 공고,계약직(육아휴직대체인력),계약직,수시채용,,,2026-06-23,https://jasoseol.com/recruit/104673,,2026-09-07 18:38:13
자소설닷컴,인하대학교,2026-1학기 직원 채용 공고,"일반행정, 입학, IT",신입,수시채용,,,2026-06-29,https://jasoseol.com/recruit/104672,,2026-09-07 18:38:13
자소설닷컴,삼성전자로지텍,시스템에어컨 품질지도사(계약직) 채용,시스템에어컨 설치품질지도사,계약직,수시채용,,,2026-06-29,https://jasoseol.com/recruit/104676,,2026-09-07 18:38:13
자소설닷컴,현대로템,2026년 하계 석/박사 인턴 모집,"시장조사/입찰지원, 해외영업, 형상관리, 동특성 해석/시험, CBM개발, 전장품설계, 교육관리, 기계설계, 제어설계, AI모델 개발",인턴,수시채용,,,2026-06-25,https://jasoseol.com/recruit/104677,,2026-09-07 18:38:14
자소설닷컴,현대종합금속,신입/경력사원 모집,"본사 경리부 회계팀, 기계사업본부 연구개발","신입, 코드5",수시채용,,,2026-07-05,https://jasoseol.com/recruit/104678,,2026-09-07 18:38:14
자소설닷컴,대한무역투자진흥공사(KOTRA),2026년 3기 체험형 청년인턴 모집,"경영지원본부, 중소중견기업본부, 산업혁신성장본부, 경제안보·통상협력본부, AI무역투자본부, Invest KOREA, 기타, 지방지원본부(각 지방)",인턴,수시채용,,,2026-06-30,https://jasoseol.com/recruit/104679,,2026-09-07 18:38:15
자소설닷컴,에이피알,[마케팅] 홍콩·대만 뷰티 인플루언서 마케팅(PR) 채용연계형 인턴사원 모집,[마케팅] 홍콩·대만 뷰티 인플루언서 마케팅(PR) 채용연계형,인턴,상시채용,,,2026-08-16,https://jasoseol.com/recruit/104681,,2026-09-07 18:38:15
자소설닷컴,동국제약,신입/경력 채용(관리 / 마케팅 / 디자인 등 모집)  ~ 6/24,"미래전략팀, 평가 담당, 교육 담당, 채용/교육 지원 담당, 환경안전경영팀, 전문의약품 (근골격계) 마케팅, SI(3D)팀","경력, 계약직",수시채용,,,2026-06-24,https://jasoseol.com/recruit/104680,,2026-09-07 18:38:16
자소설닷컴,에이피알,[마케팅] 대만 뷰티 콘텐츠 마케팅 채용연계형 인턴사원 모집,[마케팅] 대만 뷰티 콘텐츠 마케팅 채용연계형,인턴,상시채용,,,2026-08-16,https://jasoseol.com/recruit/104682,,2026-09-07 18:38:16
자소설닷컴,피에스케이,6월 수시모집(기술영업/CAE/요소기술개발),"기술영업/마케팅, CAE(Computed Aided Engineering), 요소기술개발(레이저), 요소기술개발(Plasma source)","경력, 인턴",수시채용,,,2026-06-22,https://jasoseol.com/recruit/104683,,2026-09-07 18:38:16
자소설닷컴,GC셀,검체 관리 서비스 매니저 채용 (의정부),서비스 매니저(의정부),계약직,상시채용,,,2026-07-22,https://jasoseol.com/recruit/104685,,2026-09-07 18:38:17
자소설닷컴,경동제약,2026년 2차 공개채용,"시설지원(공조/냉동), 시설지원(수처리/폐수/환경), 고형제, 제조관리, 원료생산, 개발(전환형), 개발, PV학술(전환형), PV학술, 해외영업","경력, 신입, 인턴, 코드5",수시채용,,,2026-06-29,https://jasoseol.com/recruit/104684,,2026-09-07 18:38:17
자소설닷컴,GC셀,검체 관리 서비스 매니저 채용 (은평),서비스 매니저,계약직,상시채용,,,2026-07-22,https://jasoseol.com/recruit/104686,,2026-09-07 18:38:17
자소설닷컴,GC셀,검체 관리 서비스 매니저 채용 (동대문),서비스 매니저,계약직,상시채용,,,2026-08-04,https://jasoseol.com/recruit/104687,,2026-09-07 18:38:18
자소설닷컴,에이피알,[품질] 제품품질 및 입고검사 계약직원 모집(평택 물류센터 근무),제품품질 및 입고검사,계약직,상시채용,,,2026-07-13,https://jasoseol.com/recruit/104688,,2026-09-07 18:38:18
자소설닷컴,포스코이앤씨,2026년 안전분야 전문인력 채용,"토목구조, 토질, 건설장비, 안전관리",경력,수시채용,,,2026-06-30,https://jasoseol.com/recruit/104689,,2026-09-07 18:38:19
자소설닷컴,이노션,글로벌 청구/정산,글로벌 청구/정산,계약직,수시채용,,,2026-06-30,https://jasoseol.com/recruit/104692,,2026-09-07 18:38:19
자소설닷컴,한국투자리얼에셋운용,2026년 하반기 채용연계형 인턴 채용,운용부문,인턴,수시채용,,,2026-06-28,https://jasoseol.com/recruit/104690,,2026-09-07 18:38:19
자소설닷컴,현대글로비스,2026 하반기 신입 수시채용,"HRD, W&D사업개발, KD사업관리, KD공급관리, KD운영관리",신입,수시채용,,,2026-06-27,https://jasoseol.com/recruit/104693,,2026-09-07 18:38:20
자소설닷컴,NH선물,직원 채용 공고,"영업지원부문, IT부문[인프라], 감사위원회 사무국부문","경력, 코드5",수시채용,,,2026-06-29,https://jasoseol.com/recruit/104694,,2026-09-07 18:38:20
자소설닷컴,비바리퍼블리카(토스),Merchandising Associate (주니어 MD),Merchandising Associate (주니어 MD),계약직,수시채용,,,2026-07-02,https://jasoseol.com/recruit/104696,,2026-09-07 18:38:21
자소설닷컴,AJ네트웍스,수시채용 (신입/경력),"통합구매, 유통사업 영업지원 , 해외영업, 구매영업, 파렛트 B2B 영업, 파렛트 회수, 화물 운송관리, IT장비 B2B영업, 자산운영, 영업기획, 로봇설치 및 유지보수, 고소장비 B2B영업, 지게차 B2B영업, 회","경력, 계약직, 신입",수시채용,,,2026-06-28,https://jasoseol.com/recruit/104695,,2026-09-07 18:38:21
자소설닷컴,중앙대학교병원,(서울병원) 보험심사팀 행정(간호사) (휴직대체) 모집 (2026.06),(휴직대체)-보험심사팀-행정(간호사),계약직,수시채용,,,2026-06-24,https://jasoseol.com/recruit/104697,,2026-09-07 18:38:21
자소설닷컴,아주산업,상암사업소 품질관리팀 인재채용,레미콘 품질관리,코드5,수시채용,,,2026-06-28,https://jasoseol.com/recruit/104698,,2026-09-07 18:38:22
자소설닷컴,MBC강원영동,전문계약직 모집 - 방송기술,방송기술,계약직,수시채용,,,2026-07-07,https://jasoseol.com/recruit/104700,,2026-09-07 18:38:23
자소설닷컴,한국리서치,솔루션본부 신입/경력 개발자 채용,개발직,"경력, 신입",수시채용,,,2026-06-30,https://jasoseol.com/recruit/104699,,2026-09-07 18:38:23
자소설닷컴,온더플래닛,2026년 하반기 인턴사원 채용,"Project Manager(AE), Creator, Creative Designer, BI(Business Intelligence) PM, Art Director",인턴,수시채용,,,2026-06-28,https://jasoseol.com/recruit/104701,,2026-09-07 18:38:23
자소설닷컴,중앙대학교병원,(광명병원) 간호본부 내분비내과 전담간호사 (계약직) 모집 (2026.06),간호사-간호본부(진료지원간호팀)-당뇨교육실 전담간호사,계약직,수시채용,,,2026-06-24,https://jasoseol.com/recruit/104702,,2026-09-07 18:38:23
자소설닷컴,SK바이오사이언스,26년 6월 경력사원 수시채용,"Domestic RA, Global RA",경력,수시채용,,,2026-07-01,https://jasoseol.com/recruit/104703,,2026-09-07 18:38:24
자소설닷컴,NHN Cloud,플랫폼 운영,플랫폼 운영,경력,상시채용,,,2026-08-18,https://jasoseol.com/recruit/104705,,2026-09-07 18:38:25
자소설닷컴,토스뱅크,Product Design Assistant,Product Design Assistant,계약직,상시채용,,,2026-07-13,https://jasoseol.com/recruit/104707,,2026-09-07 18:38:25
자소설닷컴,GC셀,검체 관리 서비스 매니저 채용 (강동),서비스 매니저,계약직,상시채용,,,2026-07-22,https://jasoseol.com/recruit/104706,,2026-09-07 18:38:25
자소설닷컴,한국환경보전원,「2026년 화학물질 안전관리 전문인력 양성사업」교육생 모집공고_3기,화학물질 안전관리 전문인력 양성사업,교육,수시채용,,,2026-07-12,https://jasoseol.com/recruit/104708,,2026-09-07 18:38:25
자소설닷컴,SK하이닉스,[6월] Talent hy - way 신입 (이천/분당/청주),"Tech R&D - 설계, Tech R&D - 소자, Tech R&D - R&D 공정, Tech R&D - Product Engineering, IT - IT(AMHS)",신입,수시채용,,,2026-06-23,https://jasoseol.com/recruit/104709,,2026-09-07 18:38:26
자소설닷컴,린데코리아,제조운영부문 Project Engineering Team Instrument Engineer 정규직 채용,Instrument Engineer,경력,수시채용,,,2026-07-02,https://jasoseol.com/recruit/104710,,2026-09-07 18:38:26
자소설닷컴,롯데그룹,청년 직무 아카데미 교육생 모집,"유통·리테일 전문가 양성 과정, 호텔·서비스 전문가 양성 과정",교육,수시채용,,,2026-07-26,https://jasoseol.com/recruit/104711,,2026-09-07 18:38:26
자소설닷컴,앤시스코리아,Physical AI 활용 반도체장비 설계 및 CAE 해석 스쿨,[앤시스코리아] Physical AI 활용 반도체장비 설계 및 CAE 해석 스쿨,교육,수시채용,,,2026-06-24,https://jasoseol.com/recruit/104712,,2026-09-07 18:38:27
자소설닷컴,에코마케팅,기획하는 광고 디자이너 신입/경력 채용,광고 디자이너,코드5,수시채용,,,2026-06-28,https://jasoseol.com/recruit/104714,,2026-09-07 18:38:28
자소설닷컴,KIDB,체험형 인턴 채용,금융기관간 자금중개 업무,인턴,수시채용,,,2026-06-30,https://jasoseol.com/recruit/104715,,2026-09-07 18:38:28
자소설닷컴,NHN Cloud,보안 AI엔지니어,데이터 보안 기술 개발,경력,상시채용,,,2026-08-18,https://jasoseol.com/recruit/104713,,2026-09-07 18:38:28
자소설닷컴,토스뱅크,Collections Operations Assistant,Collections Operations Assistant,계약직,상시채용,,,2026-07-09,https://jasoseol.com/recruit/104716,,2026-09-07 18:38:28
자소설닷컴,홈핏,기업 B2B 세일즈 매니저,기업 B2B 세일즈 매니저,코드5,상시채용,,,2026-06-30,https://jasoseol.com/recruit/104718,,2026-09-07 18:38:30
자소설닷컴,폭스바겐그룹코리아,2026 H2 INTERNSHIP PROGRAM,"Network & Aftersales Intern, Marketing & PR Intern, Parts Certification Support Intern, Parts SCM Intern, Accounting Int",인턴,수시채용,,,2026-06-29,https://jasoseol.com/recruit/104719,,2026-09-07 18:38:30
자소설닷컴,엘티소재,2026년 경력 및 신입사원 채용,"OLED 합성, OLED 소자연구 , OLED재료 기술대응, OLED소재 시뮬레이션, OLED소재 시뮬레이션 , 특허 , 특허, 연료전지용 소재개발, 접합재료 (Solder) 개발, 전자재료 영업, OLED재료 합성","경력, 신입",수시채용,,,2026-07-01,https://jasoseol.com/recruit/104720,,2026-09-07 18:38:30
자소설닷컴,중앙대학교병원,(광명병원) 간호본부 중환자실 / 신생아중환자실 전담간호사 (계약직) 모집 (2026.06),"간호사-간호본부(중환자실)-중환자실 전담간호사, 간호사-간호본부(신생아 중환자실)-신생아 중환자실 전담간호사",계약직,수시채용,,,2026-06-25,https://jasoseol.com/recruit/104721,,2026-09-07 18:38:30
자소설닷컴,중앙대학교병원,(광명병원) 약제팀 휴직대체약사 및 야간당직약사 (계약직) 모집 (2026.06),"휴직대체약사-약제팀, 야간당직약사-약제팀",계약직,수시채용,,,2026-06-25,https://jasoseol.com/recruit/104722,,2026-09-07 18:38:31
자소설닷컴,포스코,2026년 AI 전문인력 채용,"사무 DX, 제조 AI","경력, 코드5",수시채용,,,2026-07-05,https://jasoseol.com/recruit/104717,,2026-09-07 18:38:31
자소설닷컴,일동바이오사이언스,[일동제약그룹]2026년 하반기 신입 채용,"프로바이오틱스 해외영업, 품질관리팀, 생산1팀",신입,수시채용,,,2026-06-28,https://jasoseol.com/recruit/104723,,2026-09-07 18:38:31
자소설닷컴,토스뱅크,ML Data Assistant,ML Data Assistant,계약직,상시채용,,,2026-07-01,https://jasoseol.com/recruit/104724,,2026-09-07 18:38:32
자소설닷컴,중앙대학교병원,(광명병원) 신경과(신경심리검사실) 임상심리사 (계약직) 모집 (2026.06-1),임상심리사-신경과(신경심리검사실),계약직,수시채용,,,2026-06-28,https://jasoseol.com/recruit/104725,,2026-09-07 18:38:32
자소설닷컴,중앙대학교병원,(광명병원) 재활의학과(물리치료실) 물리치료사 (계약직) 모집 (2026.06),물리치료사-재활의학과(물리치료실),계약직,수시채용,,,2026-06-25,https://jasoseol.com/recruit/104726,,2026-09-07 18:38:33
자소설닷컴,경기창조경제혁신센터,"창업기업AC, 투자 및 투자 프로그램 운영, 경영지원 경력 및 신입 직원 채용","창업기업 액셀러레이터(경력직 선임/주임급), 창업기업 액셀러레이터(신규/경력직 사원급), 투자 및 투자 프로그램 운영(신규/경력직 사원급), 경영지원(신규/경력직 사원급)",계약직,수시채용,,,2026-07-01,https://jasoseol.com/recruit/104728,,2026-09-07 18:38:33
자소설닷컴,중앙대학교병원,광명병원 치과 직원 모집(2026.06),치과,계약직,수시채용,,,2026-06-30,https://jasoseol.com/recruit/104727,,2026-09-07 18:38:33
자소설닷컴,한양디지텍,각 부문 신입 및 경력사원 채용,"개발팀 메모리 R&D 엔지니어, 전략사업그룹, 기구개발그룹, IT인프라/정보보안, 베트남 법인 제조그룹, 베트남 법인 공정기술그룹, 베트남 법인 품질기술그룹, 사업운영그룹","경력, 코드5",상시채용,,,2026-07-11,https://jasoseol.com/recruit/104730,,2026-09-07 18:38:34
자소설닷컴,한솔홈데코,채용연계형 인턴 채용,HR,인턴,수시채용,,,2026-07-01,https://jasoseol.com/recruit/104732,,2026-09-07 18:38:35
자소설닷컴,에코마케팅,통합 Finance 크루 (FP&A/경영기획) 신입/경력 채용,FP&A/경영기획,"경력, 신입",수시채용,,,2026-07-05,https://jasoseol.com/recruit/104729,,2026-09-07 18:38:35
자소설닷컴,성균관대학교,홍보팀 촉탁직원 채용 공고,홍보팀 촉탁직원,계약직,수시채용,,,2026-06-28,https://jasoseol.com/recruit/104734,,2026-09-07 18:38:35
자소설닷컴,주택도시보증공사(HUG),2026년 정규직(경영지원직) 채용,연구직,신입,수시채용,,,2026-07-08,https://jasoseol.com/recruit/104736,,2026-09-07 18:38:36
자소설닷컴,주택도시보증공사(HUG),2026년 정규직(신입직) 채용공고,"신입직 (일반 정규직)_관리 6급 (일반)_경영, 신입직 (일반 정규직)_관리 6급 (일반)_경제, 신입직 (일반 정규직)_관리 6급 (일반)_건축, 신입직 (일반 정규직)_관리 6급 (일반)_전산, 신입직 (일반 ",신입,수시채용,,,2026-07-08,https://jasoseol.com/recruit/104735,,2026-09-07 18:38:36
자소설닷컴,어플라이드 머티어리얼즈 코리아,신입/경력 반도체 엔지니어 채용,"Customer Engineer(반도체 장비 엔지니어)_학사, Process Support Engineer(반도체 공정 엔지니어)_석사, Customer Engineer(반도체 장비 엔지니어), Process Sup","경력, 신입",상시채용,,,2026-08-22,https://jasoseol.com/recruit/104737,,2026-09-07 18:38:37
자소설닷컴,이노션,CRM 마케팅 운영 (계약직/인턴),CRM 마케팅 운영,"계약직, 인턴",수시채용,,,2026-07-05,https://jasoseol.com/recruit/104733,,2026-09-07 18:38:37
자소설닷컴,한국해양과학기술원,2026년 제2차 직원(정규직/무기계약직)공개채용,"연구직_선임급_부산_해양순환 생지화학 모델링, 연구직_선임급_부산_제어시스템, 연구직_선임급_부산_국제해양법(기후,환경,국가책임), 연구직_선임급_부산_국제해양법(국제관계,해양안보포함), 연구직_선임급_포항_해양무인","계약직, 코드5",수시채용,,,2026-07-08,https://jasoseol.com/recruit/104738,,2026-09-07 18:38:37
자소설닷컴,케이씨텍,반도체 CLN 설비 공정 담당자 모집(경력/안성),반도체 장비-CLN공정,경력,수시채용,,,2026-06-30,https://jasoseol.com/recruit/104739,,2026-09-07 18:38:37
자소설닷컴,한국우주기술진흥협회,한화에어로스페이스 KDT 항공우주 기기설계 과정 5기 교육생 모집,항공우주 기기설계,교육,수시채용,,,2026-06-25,https://jasoseol.com/recruit/104740,,2026-09-07 18:38:39
자소설닷컴,현대오토에버,2026 3분기 신입사원 채용,"(코딩)[로봇SW]Platform Engineer-로봇 플랫폼 Backend 개발, (코딩)[로봇SW]Platform Engineer-로봇 플랫폼 Frontend 개발, (코딩)[모빌리티]Backend Develop",신입,수시채용,,,2026-07-13,https://jasoseol.com/recruit/104742,,2026-09-07 18:38:39
자소설닷컴,한국투자증권,업무직원 공개채용(신입사원 6급),지점창구업무(6급),계약직,수시채용,,,2026-07-08,https://jasoseol.com/recruit/104744,,2026-09-07 18:38:39
자소설닷컴,신영그룹(shym),KSA 재무 주재원 채용,재무 주재원(사우디아라비아),경력,수시채용,,,2026-06-28,https://jasoseol.com/recruit/104741,,2026-09-07 18:38:40
자소설닷컴,케이씨텍,반도체 소재 생산직 모집(신입/안성),생산-소재생산,신입,수시채용,,,2026-06-30,https://jasoseol.com/recruit/104746,,2026-09-07 18:38:40
자소설닷컴,AXA손해보험,리스크관리팀 자동차 및 일반손해보험 리스크 관리 담당자 채용,자동차 및 일반손해보험 리스크 관리 담당,코드5,수시채용,,,2026-07-05,https://jasoseol.com/recruit/104747,,2026-09-07 18:38:41
자소설닷컴,AXA손해보험,영업전략기획팀 SR Compensation 담당 채용,SR Compensation 담당,경력,수시채용,,,2026-07-05,https://jasoseol.com/recruit/104748,,2026-09-07 18:38:41
자소설닷컴,GC셀,검체 관리 서비스 매니저 채용 (용인),서비스 매니저,계약직,상시채용,,,2026-07-22,https://jasoseol.com/recruit/104745,,2026-09-07 18:38:41
자소설닷컴,토스페이먼츠,Sales Specialist (~7/22),"Sales Specialist (MI), Sales Specialist (General)",계약직,상시채용,,,2026-07-22,https://jasoseol.com/recruit/104749,,2026-09-07 18:38:42
자소설닷컴,LS MnM,신입/경력사원 수시채용,"설비엔지니어 (계기), 설비엔지니어 (전기), 회계 (세무)","경력, 신입",수시채용,,,2026-07-05,https://jasoseol.com/recruit/104743,,2026-09-07 18:38:42
자소설닷컴,존슨앤드존슨,[MedTech] Clinical Sales - Electrophysiology (Daegu),[MedTech] Clinical Sales - Electrophysiology (Daegu),신입,수시채용,,,2026-07-12,https://jasoseol.com/recruit/104751,,2026-09-07 18:38:42
자소설닷컴,연합인포맥스,금융데이터 서비스 기획·운영 채용(신입/경력),금융데이터 서비스 기획 및 운영,코드5,수시채용,,,2026-07-02,https://jasoseol.com/recruit/104750,,2026-09-07 18:38:42
자소설닷컴,현대종합금속,신입사원 모집,"본사 총무팀, 포항공장 기술연구소, 고창공장 생산부",신입,수시채용,,,2026-07-05,https://jasoseol.com/recruit/104752,,2026-09-07 18:38:43
자소설닷컴,GC셀,RA(Regulatory Affairs) 담당자 모집 (경력),RA,경력,수시채용,,,2026-06-30,https://jasoseol.com/recruit/104753,,2026-09-07 18:38:43
자소설닷컴,에이피알,[SCM] 수요계획/재고관리 채용연계형 인턴사원 모집,수요계획/재고관리,인턴,상시채용,,,2026-07-16,https://jasoseol.com/recruit/104755,,2026-09-07 18:38:44
자소설닷컴,원광대학교병원,2026년 하반기 직원 공개채용,"행정처 사무직, 행정처 변호사, 행정처 공인회계사, 행정처 공인노무사, 행정처 세무사, 진단검사의학과 임상병리사, 임상시험센터 임상병리사, 방사선종양학과 방사선사, 영상의학과 방사선사, 영양팀 에너지기능사, 영양팀 ","인턴, 코드5",수시채용,,,2026-07-13,https://jasoseol.com/recruit/104754,,2026-09-07 18:38:44
자소설닷컴,포천파워,2026년 하반기 기술직 신입/경력 채용,"기술직(전기/기계), 기술직(안전/전기/기계), 기술직(기계)","경력, 코드5",수시채용,,,2026-07-05,https://jasoseol.com/recruit/104757,,2026-09-07 18:38:45
자소설닷컴,유진투자증권,지점 영업 신입사원 채용,"서울특별시, 대전광역시, 대구광역시, 포항시, 부산광역시, 광주광역시",계약직,수시채용,,,2026-07-12,https://jasoseol.com/recruit/104756,,2026-09-07 18:38:45
자소설닷컴,딜라이트룸,미국 인플루언서 마케팅 인턴,미국 인플루언서 마케팅 인턴,인턴,수시채용,,,2026-07-05,https://jasoseol.com/recruit/104758,,2026-09-07 18:38:45
자소설닷컴,김앤장 법률사무소,"비서, 빌링 채용","비서, 빌링",코드5,수시채용,,,2026-07-02,https://jasoseol.com/recruit/104759,,2026-09-07 18:38:46
자소설닷컴,고려아연,2026년도 계열사 신입사원 채용,"기술, 재무, 영업, 원료구매, 자재구매, 회계, 생산관리, 품질보증, 정비, 안전보건, 환경, 물류, R&D(연구소), 분석관리(연구소), 보안, 에너지생산",신입,수시채용,,,2026-07-03,https://jasoseol.com/recruit/104760,,2026-09-07 18:38:46
자소설닷컴,에이피알,[마케팅] 메디큐브 일본 인플루언서 마케팅(PR) 채용연계형 인턴사원 모집,[마케팅] 메디큐브 일본 인플루언서 마케팅(PR) 채용연계형,인턴,수시채용,,,2026-07-12,https://jasoseol.com/recruit/104763,,2026-09-07 18:38:47
자소설닷컴,LG생활건강,정보보안 담당자 채용,정보보안,경력,수시채용,,,2026-07-05,https://jasoseol.com/recruit/104761,,2026-09-07 18:38:48
자소설닷컴,안랩,2026 6월 신입 채용,"SW 개발(Linux), 보안 분석, ML/MLOps 엔지니어, HRM 담당자",신입,수시채용,,,2026-07-05,https://jasoseol.com/recruit/104762,,2026-09-07 18:38:48
자소설닷컴,한국리서치,자료조사본부 CATI&정성조사부 전화팀 슈퍼바이저 채용,자료조사 슈퍼바이저,계약직,수시채용,,,2026-06-30,https://jasoseol.com/recruit/104765,,2026-09-07 18:38:48
자소설닷컴,알파사이츠,글로벌 로테이션(서울/런던) 주요 고객사 프로젝트 담당자 신입 채용 (~7/13),주요 고객사 프로젝트 담당자 채용,신입,수시채용,,,2026-07-13,https://jasoseol.com/recruit/104764,,2026-09-07 18:38:48
자소설닷컴,아이쓰리시스템,HR 인사총무_기획/평가/보상 경력사원 채용,HR 인사총무_기획/평가/보상 경력사원 채용,경력,수시채용,,,2026-07-14,https://jasoseol.com/recruit/104766,,2026-09-07 18:38:48
자소설닷컴,에이피알,[디자인] 뷰티 브랜드 웹디자인 채용연계형 인턴사원 모집,[디자인] 뷰티 브랜드 웹디자인 채용연계형 인턴사원 모집,인턴,상시채용,,,2026-08-23,https://jasoseol.com/recruit/104767,,2026-09-07 18:38:49
자소설닷컴,KB라이프파트너스,본사 : 경영기획부 사원 채용,본사 경영기획부 사원,계약직,수시채용,,,2026-07-05,https://jasoseol.com/recruit/104768,,2026-09-07 18:38:49
자소설닷컴,에이피알,[디자인] 메디큐브 웹디자인 계약직 사원 모집,[디자인] 메디큐브 웹디자인,계약직,상시채용,,,2026-08-23,https://jasoseol.com/recruit/104769,,2026-09-07 18:38:50
자소설닷컴,키움증권,리테일플랫폼부문 해외상품지원파트 신입사원 채용,해외상품지원파트,신입,수시채용,,,2026-07-08,https://jasoseol.com/recruit/104771,,2026-09-07 18:38:50
자소설닷컴,대통령경호처,7급 경호공무원 공개경쟁채용 시험 공고,경호공무원_경호주사보(특정직 7급),신입,수시채용,,,2026-06-30,https://jasoseol.com/recruit/104770,,2026-09-07 18:38:51
자소설닷컴,디포커스,2026년 상반기 신입/경력사원 공개채용,"Gen AI 엔지니어/개발자, CLOUD AX (AI Agent 서비스 및 플랫폼 개발), CLOUD CX (SeedVDI 솔루션 개발 및 기술지원), Canias ERP 개발자, Canias ERP 컨설턴트, 영업","경력, 코드5",수시채용,,,2026-07-13,https://jasoseol.com/recruit/104772,,2026-09-07 18:38:51
자소설닷컴,비바리퍼블리카(토스),Account Sales Associate,Account Sales Associate,계약직,상시채용,,,2026-07-15,https://jasoseol.com/recruit/104773,,2026-09-07 18:38:52
자소설닷컴,중앙대학교병원,(광명병원) 간호본부 호흡기알레르기내과 전담간호사 (휴직대체) 모집 (2026.06-2),(휴직대체)-간호사-간호본부(진료지원간호팀)-호흡기알레르기내과 전담간호사,계약직,수시채용,,,2026-06-30,https://jasoseol.com/recruit/104775,,2026-09-07 18:38:52
자소설닷컴,유안타증권,지점 업무직원(파견전문직) 경력직원 채용,지점 업무직원(파견전문직),계약직,수시채용,,,2026-07-08,https://jasoseol.com/recruit/104776,,2026-09-07 18:38:53
자소설닷컴,페이히어,[핀테크 스타트업] SaaS 영업 컨설턴트 신입 채용 (연봉 3600/인센티브/분기상여금),SaaS 영업 컨설턴트 (신입),계약직,상시채용,,,2026-07-07,https://jasoseol.com/recruit/104777,,2026-09-07 18:38:53
자소설닷컴,NHN,교육 기획(HRD),교육 기획(HRD),경력,상시채용,,,2026-08-15,https://jasoseol.com/recruit/104778,,2026-09-07 18:38:53
자소설닷컴,유안타증권,금융소비자보호팀 신입/경력직원 채용,금융소비자보호팀,계약직,수시채용,,,2026-07-08,https://jasoseol.com/recruit/104774,,2026-09-07 18:38:54
자소설닷컴,한국석유공업,[KP그룹]KP한석유화연구소 연구보조원 채용,[KP그룹]KP한석유화연구소 연구보조원,코드5,수시채용,,,2026-07-06,https://jasoseol.com/recruit/104780,,2026-09-07 18:38:54
자소설닷컴,한국품질재단,MS DCA 2기 모집 - 기반설비 과정,MS DCA 2기 (기반설비 과정),교육,수시채용,,,2026-07-16,https://jasoseol.com/recruit/104781,,2026-09-07 18:38:54
자소설닷컴,에코마케팅,마케팅 프로세스 자동화 개발자(Python) 인턴/신입 채용,"[인턴]마케팅 프로세스 자동화 개발자, [신입]마케팅 프로세스 자동화 개발자","신입, 인턴",수시채용,,,2026-07-05,https://jasoseol.com/recruit/104782,,2026-09-07 18:38:55
자소설닷컴,동양생명보험,2026년 채용연계형 인턴 모집,"경영·영업지원, 상품·계리, 회계, IT·정보보호",인턴,수시채용,,,2026-07-05,https://jasoseol.com/recruit/104784,,2026-09-07 18:38:55
자소설닷컴,중앙대학교병원,(서울병원) 연구기획관리팀 연구원(계약직) 모집 (2026.06),연구기획관리팀-연구원,계약직,수시채용,,,2026-06-30,https://jasoseol.com/recruit/104785,,2026-09-07 18:38:55
자소설닷컴,유진투자선물,(신입/경력) 국제영업 FEP 프로그램 운영,FEP 운영자,"경력, 신입",수시채용,,,2026-07-12,https://jasoseol.com/recruit/104786,,2026-09-07 18:38:56
자소설닷컴,에코마케팅,퍼포먼스 마케터 인턴/신입 채용,퍼포먼스 마케터,"신입, 인턴",수시채용,,,2026-07-05,https://jasoseol.com/recruit/104787,,2026-09-07 18:38:56
자소설닷컴,GC셀,영업(BS) 담당자 모집 (신입/경력),영업 및 관리,코드5,수시채용,,,2026-06-30,https://jasoseol.com/recruit/104789,,2026-09-07 18:38:57
자소설닷컴,GC셀,SCM 보관파트 담당자 모집 (신입/경력),영업 및 관리,계약직,수시채용,,,2026-07-05,https://jasoseol.com/recruit/104790,,2026-09-07 18:38:57
자소설닷컴,현대종합금속,임원/경력/신입 모집,"글로벌 기술본부 임원급, 글로벌 기술본부, 인재개발원 임원급, 인재개발원","경력, 코드5",수시채용,,,2026-07-12,https://jasoseol.com/recruit/104791,,2026-09-07 18:38:58
자소설닷컴,이노션,옥외광고사업 지원 (체험형 인턴),옥외광고사업 지원,인턴,수시채용,,,2026-07-02,https://jasoseol.com/recruit/104792,,2026-09-07 18:38:58
자소설닷컴,토스페이먼츠,General Affairs Assistant,GA,계약직,상시채용,,,2026-07-13,https://jasoseol.com/recruit/104793,,2026-09-07 18:38:59
자소설닷컴,IM뱅크,K-디지털트레이닝 9기 교육생 모집,데이터 분석 전문가 과정,교육,수시채용,,,2026-07-19,https://jasoseol.com/recruit/104788,,2026-09-07 18:38:59
자소설닷컴,엘리스,AI 비즈니스 에이전트 트랙 1기 모집,AI 비즈니스 에이전트 트랙,교육,수시채용,,,2026-07-06,https://jasoseol.com/recruit/104794,,2026-09-07 18:38:59
자소설닷컴,토스페이먼츠,Merchant Onboarding Specialist  (PG 계약/심사),PG,계약직,상시채용,,,2026-07-13,https://jasoseol.com/recruit/104795,,2026-09-07 18:38:59
자소설닷컴,토스페이먼츠,Merchant Onboarding Assistant (KYC),가맹점 관리,계약직,상시채용,,,2026-07-12,https://jasoseol.com/recruit/104796,,2026-09-07 18:39:00
자소설닷컴,마이다스그룹,글로벌 영업 담당자 채용,해외사업-해외영업,코드5,수시채용,,,2026-07-05,https://jasoseol.com/recruit/104797,,2026-09-07 18:39:00
자소설닷컴,마이다스그룹,글로벌 마케팅 담당자 채용,영업 및 마케팅-글로벌 마케팅,코드5,수시채용,,,2026-07-05,https://jasoseol.com/recruit/104798,,2026-09-07 18:39:01
자소설닷컴,마이다스그룹,[일본법인]재팬 개발 담당자 채용,해외분야 (일본 법인)-응용 SW 개발,코드5,수시채용,,,2026-07-05,https://jasoseol.com/recruit/104799,,2026-09-07 18:39:01
자소설닷컴,토스페이먼츠,Merchant Onboarding Specialist (Global),PG,계약직,상시채용,,,2026-07-12,https://jasoseol.com/recruit/104800,,2026-09-07 18:39:01
자소설닷컴,녹십자웰빙,병의원영업(신입_인천),병의원 영업,신입,수시채용,,,2026-07-05,https://jasoseol.com/recruit/104803,,2026-09-07 18:39:02
자소설닷컴,NHN,취약점 분석 및 모의해킹,취약점 분석 및 모의해킹,경력,상시채용,,,2026-07-13,https://jasoseol.com/recruit/104802,,2026-09-07 18:39:03
자소설닷컴,앤시스코리아,Physical AI 활용 반도체 패키지 설계 및 CAE 해석 스쿨,Physical AI 활용 반도체 패키지 설계 및 CAE 해석 스쿨,교육,수시채용,,,2026-07-15,https://jasoseol.com/recruit/104804,,2026-09-07 18:39:03
자소설닷컴,앱솔브랩,[셀리맥스] BM(상품기획) 경력 채용,BM(상품기획),경력,상시채용,,,2026-08-24,https://jasoseol.com/recruit/104805,,2026-09-07 18:39:03
자소설닷컴,NHN,데이터센터 구축(전기),데이터센터 구축(전기),경력,상시채용,,,2026-07-28,https://jasoseol.com/recruit/104801,,2026-09-07 18:39:03
자소설닷컴,앱솔브랩,[셀리맥스] 국내 영업 MD 경력 채용,국내 영업 MD 경력,경력,상시채용,,,2026-08-03,https://jasoseol.com/recruit/104806,,2026-09-07 18:39:04
자소설닷컴,용마로지스,"2026년 6월, 각 부문별 신입 및 경력 채용","경영기획, 자산전략, 강서DC, 조달물류, 시설관리, 방역서비스, 강남DC, 서대구DC, CIS(천안)","경력, 신입, 코드5",수시채용,,,2026-07-07,https://jasoseol.com/recruit/104807,,2026-09-07 18:39:04
자소설닷컴,현대종합금속,전산실 신입사원 모집,본사 전산실,신입,수시채용,,,2026-07-12,https://jasoseol.com/recruit/104808,,2026-09-07 18:39:04
자소설닷컴,중앙대학교병원,(서울병원) 부대사업팀 조리원(계약직) 모집 (2026.06-3),부대사업팀-조리원,신입,수시채용,,,2026-07-01,https://jasoseol.com/recruit/104809,,2026-09-07 18:39:05
자소설닷컴,에코마케팅,마케팅 사무보조 계약직,마케팅 사무보조,계약직,수시채용,,,2026-07-05,https://jasoseol.com/recruit/104811,,2026-09-07 18:39:06
자소설닷컴,케이씨텍,반도체 CMP 장비 CS 엔지니어 모집(채용연계형 인턴),CMP장비-CMP장비 CS,인턴,수시채용,,,2026-07-02,https://jasoseol.com/recruit/104810,,2026-09-07 18:39:06
자소설닷컴,휴넷,2026년 하반기 채용연계형 인턴십,"Enterprise Sales (대기업 전략 제안 영업), Mid-Market Sales (중견기업 신규 고객 발굴 영업), Growth Sales (인바운드 세일즈 및 고객 관리)",인턴,수시채용,,,2026-07-15,https://jasoseol.com/recruit/104812,,2026-09-07 18:39:06
자소설닷컴,무림그룹,2026년 6월 직무별 신입/경력 채용공고,"경영(기술)기획, 법무, 경영관리, 자금, 인사, 홍보·마케팅, 외자구매, 해외영업, 제지 생산관리, 펄프 생산관리, 안전보건관리(울산), 안전보건관리(대구), 설비관리(울산), 기계관리, 설비관리(진주), 전기관리","경력, 계약직, 신입",수시채용,,,2026-07-10,https://jasoseol.com/recruit/104813,,2026-09-07 18:39:07
자소설닷컴,삼성디스플레이,EPSD 장학생 모집,EPSD 장학생,교육,수시채용,,,2026-07-08,https://jasoseol.com/recruit/104814,,2026-09-07 18:39:07
자소설닷컴,건국대학교,2026학년도 일반직원(일반직·기능직) 채용 공고,"일반행정, 전기, 연구실안전","신입, 코드5",수시채용,,,2026-07-06,https://jasoseol.com/recruit/104815,,2026-09-07 18:39:07
자소설닷컴,비아트리스코리아,2026 인턴십 프로그램,"Alliance & New Product Planning, Business Excellence & Digital Innovation, Corporate Affairs & Market Access, Marketing ",인턴,수시채용,,,2026-07-17,https://jasoseol.com/recruit/104816,,2026-09-07 18:39:08
자소설닷컴,대교에듀캠프,트니트니/오감올리/토토슈슈 전문강사 모집,"트니트니 전문강사, 오감올리 전문강사, 토토슈슈 전문강사",코드5,상시채용,,,2026-07-17,https://jasoseol.com/recruit/104819,,2026-09-07 18:39:09
자소설닷컴,AXA손해보험,재무계리팀 신입사원 채용,자동차 및 일반보험 결산 담당,신입,수시채용,,,2026-07-12,https://jasoseol.com/recruit/104818,,2026-09-07 18:39:09
자소설닷컴,견우푸드,신입/경력 정규직 채용,"인사총무, 영업, 구매","신입, 코드5",상시채용,,,2026-08-25,https://jasoseol.com/recruit/104820,,2026-09-07 18:39:10
자소설닷컴,중앙대학교병원,(서울병원) 간호본부(외래간호팀) 간호사(계약직) 모집(2026.06),간호본부(외래간호팀)-간호사,계약직,수시채용,,,2026-07-01,https://jasoseol.com/recruit/104821,,2026-09-07 18:39:10
자소설닷컴,중앙대학교병원,(서울병원) 시설팀(기관실) 기능사(계약직) 모집(2026.06),시설팀(기관실)-기능사,계약직,수시채용,,,2026-07-01,https://jasoseol.com/recruit/104822,,2026-09-07 18:39:10
자소설닷컴,에이피알,[HR] HRD 운영지원 계약직 사원 모집,[HR] HRD 운영지원,계약직,수시채용,,,2026-07-08,https://jasoseol.com/recruit/104817,,2026-09-07 18:39:10
자소설닷컴,이크레더블,기술신용평가(TCB) 부문 경력사원 채용,TCB평가,계약직,수시채용,,,2026-07-19,https://jasoseol.com/recruit/104823,,2026-09-07 18:39:10
자소설닷컴,케이씨텍,대표이사 및 임원 비서 계약직 모집 (경력/동탄),대표이사 및 임원 비서,계약직,수시채용,,,2026-06-30,https://jasoseol.com/recruit/104824,,2026-09-07 18:39:11
자소설닷컴,이노션,디지털 마케팅 (체험형 인턴),디지털 마케팅 (체험형 인턴),인턴,수시채용,,,2026-07-05,https://jasoseol.com/recruit/104826,,2026-09-07 18:39:12
자소설닷컴,이노션,CRM 마케팅 운영,"CRM 마케팅 운영 (계약직), CRM 마케팅 운영 (체험형 인턴)","계약직, 인턴",수시채용,,,2026-07-05,https://jasoseol.com/recruit/104828,,2026-09-07 18:39:12
자소설닷컴,미래에셋증권,제10회 2026 AI Festival," 금융상품 Agent (Product Finder), 연금 Agent (Pension Advisor), 공시 Agent (Disclosure Analyst)",인턴,수시채용,,,2026-07-20,https://jasoseol.com/recruit/104825,,2026-09-07 18:39:13
자소설닷컴,서울창조경제혁신센터,2026년 제4차 직원 채용공고,"일반 계약직-사업운영, 프로젝트 계약직-사업운영",계약직,수시채용,,,2026-07-02,https://jasoseol.com/recruit/104827,,2026-09-07 18:39:13
자소설닷컴,현대스틸파이프,경력사원(일반직) 채용_인사(급여/보상),인사관리-인사,경력,수시채용,,,2026-07-08,https://jasoseol.com/recruit/104830,,2026-09-07 18:39:13
자소설닷컴,케이씨텍,미래소재사업본부 연구 보조 모집(계약직/동탄),연구보조,계약직,수시채용,,,2026-07-03,https://jasoseol.com/recruit/104829,,2026-09-07 18:39:13
자소설닷컴,DRB동일,2026년 3분기 로봇 및 소재 R&D 분야 신입 및 경력사원 채용,"자율주행로봇·모빌리티 기구설계 및 개발, 소재 연구/개발 (특수 폴리머 및 엔지니어링 플라스틱)","경력, 신입",수시채용,,,2026-07-12,https://jasoseol.com/recruit/104831,,2026-09-07 18:39:14
자소설닷컴,대한건설협회,2026년 채용 공고,"수도권_법정/상경, 수도권_전문직, 부산시회_법정/토목/건축, 부산시회_법정/토목/건축(5급), 대구시회_상경, 대구시회_전문직, 충남·세종시회_법정/상경, 충북도회_법정, 충북도회_전문직, 경북도회_법정/상경, 경","경력, 신입",수시채용,,,2026-07-15,https://jasoseol.com/recruit/104832,,2026-09-07 18:39:14
자소설닷컴,BGF리테일,2026년 하반기 채용전환형 인턴십 모집,"개발운영, IT 기획",인턴,수시채용,,,2026-07-09,https://jasoseol.com/recruit/104833,,2026-09-07 18:39:14
자소설닷컴,하나금융티아이,2026년 신입사원 모집,금융IT 서비스 개발/운영,신입,수시채용,,,2026-07-13,https://jasoseol.com/recruit/104834,,2026-09-07 18:39:15
자소설닷컴,이크레더블,글로벌 기업평가 영업 및 파트너사 개발 부문 인재채용,글로벌 기업평가 영업 및 파트너사 개발,코드5,수시채용,,,2026-07-19,https://jasoseol.com/recruit/104835,,2026-09-07 18:39:15
자소설닷컴,토스페이먼츠,Merchant Onboarding Assistant,가맹점 관리,계약직,상시채용,,,2026-07-12,https://jasoseol.com/recruit/104836,,2026-09-07 18:39:16
자소설닷컴,파괴연구소,"카카오계열 / 이게 얼마만이야, 3년만이야 공개채용 (광고/마케팅/PD/경영전략 부문)","광고 PD, 카피라이터, 아트디렉터, 콘텐츠마케터 팀장, 콘텐츠마케터 셀장/부셀장, 콘텐츠마케터, 영화PD, 경영전략팀 인사/총무파트 리더, 경영전략팀 인사/총무파트 담당자 (5년 이상), 경영전략팀 인사/총무파트 ","경력, 인턴",수시채용,,,2026-07-02,https://jasoseol.com/recruit/104837,,2026-09-07 18:39:16
자소설닷컴,소프트웨어공제조합,2026년 하반기 신입직원 채용,사무직,신입,수시채용,,,2026-07-15,https://jasoseol.com/recruit/104838,,2026-09-07 18:39:16
자소설닷컴,여주에너지서비스,2026 하반기 발전운영직무 신입 채용,발전운영,신입,수시채용,,,2026-07-12,https://jasoseol.com/recruit/104839,,2026-09-07 18:39:17
자소설닷컴,DSR,2026년 설비관리 담당자 신입/경력 채용,설비관리,코드5,수시채용,,,2026-07-12,https://jasoseol.com/recruit/104840,,2026-09-07 18:39:17
자소설닷컴,NHN Cloud,인프라 엔지니어,인프라 엔지니어,경력,상시채용,,,2026-08-25,https://jasoseol.com/recruit/104843,,2026-09-07 18:39:18
자소설닷컴,삼양케이씨아이,RA 담당자 신입 채용,RA,신입,상시채용,,,2026-07-09,https://jasoseol.com/recruit/104844,,2026-09-07 18:39:19
자소설닷컴,파수에이아이,2026년 2차 신입 공개 채용,"해외 사업 및 글로벌 마케팅, 영업, 테크니컬 라이터, 클라우드 서비스 기획 및 운영, SW컨설턴트 (기술지원), 해외 SW컨설턴트, AI컨설턴트, CPS보안 컨설턴트, IT 인프라 엔지니어, 인사 (HR), 비서/",코드6,수시채용,,,2026-07-12,https://jasoseol.com/recruit/104845,,2026-09-07 18:39:19
자소설닷컴,한국자동차모빌리티산업협회,신입직원 채용,정규직 5급 신입직원,신입,수시채용,,,2026-07-10,https://jasoseol.com/recruit/104842,,2026-09-07 18:39:19
자소설닷컴,KG ICT,피지컬 AI 제조 AX 캠퍼스 2기,제조 AX 2기,교육,수시채용,,,2026-07-26,https://jasoseol.com/recruit/104848,,2026-09-07 18:39:20
자소설닷컴,현대모비스,206년 6월 채용전환형 인턴 채용,"[전동화/모듈BU] SW/로직 - 모터/판단제어로직, [전동화/모듈BU] SW/로직 - EV/HEV용 컨버터 SW 개발, [전동화/모듈BU] SW/로직 - BMS 진단 알고리즘 설계, [전동화/모듈BU] 공통R&D ",인턴,수시채용,,,2026-07-10,https://jasoseol.com/recruit/104846,,2026-09-07 18:39:20
자소설닷컴,경농,경농 및 계열사 2026년 하반기 신입사원 모집,"영업 (경농 작물보호제), 영업 (경농 종자), 영업 (경농 스마트팜), 영업 (글로벌아그로 친환경), 마케팅 (경농_종자), 연구 (경농_생물연구), 연구 (경농_스크리닝), 연구 (경농_안전성연구), 연구 (경농",신입,수시채용,,,2026-07-12,https://jasoseol.com/recruit/104847,,2026-09-07 18:39:20
자소설닷컴,SBS A&T,2026년 신입사원 공개채용,"방송조명, 영상기자, 방송엔지니어",신입,수시채용,,,2026-07-19,https://jasoseol.com/recruit/104850,,2026-09-07 18:39:21
자소설닷컴,GS그룹,52g ReBoot Camp - GS K-뉴딜 아카데미,52g ReBoot Camp - 청년 성장 부트캠프,교육,수시채용,,,2026-07-10,https://jasoseol.com/recruit/104849,,2026-09-07 18:39:21
자소설닷컴,한동대학교,2026 정규직원 채용 공고,일반행정(8급),신입,수시채용,,,2026-07-06,https://jasoseol.com/recruit/104851,,2026-09-07 18:39:21
자소설닷컴,마이다스그룹,건축구조 SW 영업 담당자 채용,기술영업분야-건축구조SW 기술영업,코드5,수시채용,,,2026-07-05,https://jasoseol.com/recruit/104852,,2026-09-07 18:39:22
자소설닷컴,삼양케이씨아이,영업마케팅부문 신입 채용,영업,신입,수시채용,,,2026-07-08,https://jasoseol.com/recruit/104853,,2026-09-07 18:39:22
자소설닷컴,NHR,2026 계약직 채용 (육아휴직대체) - 재무회계,재무회계,계약직,수시채용,,,2026-07-14,https://jasoseol.com/recruit/104854,,2026-09-07 18:39:23
자소설닷컴,한국피앤지,Sales and Marketing Manager,Sales and Marketing Manager (2년 이상 정규직 경력),경력,상시채용,,,2026-08-25,https://jasoseol.com/recruit/104855,,2026-09-07 18:39:23
자소설닷컴,GC셀,검체 관리 서비스 매니저 채용 (창원),서비스 매니저,계약직,상시채용,,,2026-08-28,https://jasoseol.com/recruit/104856,,2026-09-07 18:39:23
자소설닷컴,고려대학교,2026학년도 2학기 사무직원(정규직) 채용 공고(일반행정/정보보호/사서),"일반행정(0명), 사서(0명), 정보보호(0명)",신입,수시채용,,,2026-07-06,https://jasoseol.com/recruit/104858,,2026-09-07 18:39:24
자소설닷컴,GC셀,검체 관리 서비스 매니저 채용 (원주),서비스 매니저,계약직,상시채용,,,2026-07-06,https://jasoseol.com/recruit/104857,,2026-09-07 18:39:25
자소설닷컴,BGF로지스,2026년 6월 물류센터 채용연계형 인턴 수시채용,"물류관리 (강화센터), 물류관리 (서인천센터)",인턴,수시채용,,,2026-07-12,https://jasoseol.com/recruit/104859,,2026-09-07 18:39:25
자소설닷컴,동진쎄미켐,각 부문 인재 및 전문연구요원 채용,"전문연구요원(병역특례), 디스플레이용 감광성 수지 개발 및 연구, 디스플레이·반도체용 PR 및 PKG 소재 개발, 반도체용 CMP Slurry 개발, 반도체 Package 공정용 Silicon 소재 개발, 도전재 소","경력, 신입, 코드5",수시채용,,,2026-07-09,https://jasoseol.com/recruit/104860,,2026-09-07 18:39:25
자소설닷컴,NHN,AX 개발 인턴 (체험형),AI 개발,인턴,수시채용,,,2026-07-05,https://jasoseol.com/recruit/104861,,2026-09-07 18:39:25
자소설닷컴,DRB동일,2026년 3분기 신입 및 경력사원 채용,"물류자동화 기술영업 및 설계, 물류자동화 PM (Project Manager), 전기제어, 기계설계, 자동화 설비 PM (Project Manager)","경력, 코드5",수시채용,,,2026-07-12,https://jasoseol.com/recruit/104863,,2026-09-07 18:39:26
자소설닷컴,GC셀,MKT 담당자 (경력),영업 및 관리,경력,수시채용,,,2026-07-13,https://jasoseol.com/recruit/104864,,2026-09-07 18:39:27
자소설닷컴,케이씨텍,반도체 CMP장비 정밀설계 담당자 모집(경력/동탄),설계-정밀설계,경력,수시채용,,,2026-07-08,https://jasoseol.com/recruit/104865,,2026-09-07 18:39:27
자소설닷컴,건설산업정보원,2026년 신사업본부 연구원 계약직(육아휴직 대체자) 채용 공고,정보시스템 운영·데이터 분석  및 정보보호 업무 지원,계약직,수시채용,,,2026-07-12,https://jasoseol.com/recruit/104862,,2026-09-07 18:39:27
자소설닷컴,평택시국제교류재단,"정규직(일반직 행정 6급), 공무직(시설직) 채용 공고","정규직_일반직(행정) 6급_일반행정 및 전산 행정 지원 등, 정규직_일반직(행정) 6급_일반행정 및 사업운영 등, 공무직_시설직","신입, 코드5",수시채용,,,2026-07-09,https://jasoseol.com/recruit/104866,,2026-09-07 18:39:27
자소설닷컴,깨끗한나라,2026년 6월 수시채용 (경영기획(경영혁신파트)),경영기획팀 경영혁신파트,신입,수시채용,,,2026-07-07,https://jasoseol.com/recruit/104867,,2026-09-07 18:39:28
자소설닷컴,한국AX산업협회,2026 오픈소스 AI 활용 인재 양성 과정 참여자 모집!,"풀스택 과정, 특화형 과정",교육,수시채용,,,2026-07-08,https://jasoseol.com/recruit/104868,,2026-09-07 18:39:28
자소설닷컴,에코마케팅,클라우드 인프라 엔지니어 신입/경력 채용,"인프라 엔지니어(신입), 인프라 엔지니어(경력)","경력, 신입",수시채용,,,2026-07-12,https://jasoseol.com/recruit/104869,,2026-09-07 18:39:29
자소설닷컴,휴세스,각 부문 신입 및 경력사원 모집,"사업개발, 전기설비 운영 및 유지관리","신입, 코드5",수시채용,,,2026-07-07,https://jasoseol.com/recruit/104870,,2026-09-07 18:39:29
자소설닷컴,유안타증권,디지털플랫폼팀 신입/경력직원 채용,디지털플랫폼팀,계약직,수시채용,,,2026-07-13,https://jasoseol.com/recruit/104871,,2026-09-07 18:39:30
자소설닷컴,ABInBev Korea 오비맥주,2026 GMT·CET 신입사원 채용,"Graduate Management Trainee (GMT), Commercial Excellent Trainee (CET)",신입,수시채용,,,2026-07-19,https://jasoseol.com/recruit/104872,,2026-09-07 18:39:30
자소설닷컴,마이다스그룹,기계 SW 구조해석 기술지원 담당자 채용,공학기술용SW 기술영업/기술지원-기계구조해석-판교본사,경력,수시채용,,,2026-07-12,https://jasoseol.com/recruit/104874,,2026-09-07 18:39:30
자소설닷컴,케이씨텍,반도체 나노 소재 개발 연구원 모집(신입/동탄),연구-반도체 소재영업,신입,수시채용,,,2026-07-08,https://jasoseol.com/recruit/104875,,2026-09-07 18:39:31
자소설닷컴,마이다스그룹,HRM 인사 기획(평가·보상) 담당자 채용,HR-인사 기획/운영-판교본사,경력,수시채용,,,2026-07-12,https://jasoseol.com/recruit/104873,,2026-09-07 18:39:31
자소설닷컴,한국해외인프라도시개발지원공사(KIND),2026년 하반기 직원(정규직/계약직) 채용공고,"정규직_제한 경쟁 (경력)_도시컨설팅_4급, 정규직_제한 경쟁 (경력)_사업개발 (플랜트)_3급, 정규직_제한 경쟁 (경력)_사업개발 (인프라·플랜트)_4급, 정규직_제한 경쟁 (경력)_펀드관리_3급, 정규직_제한 ","경력, 계약직, 신입",수시채용,,,2026-07-15,https://jasoseol.com/recruit/104876,,2026-09-07 18:39:31
자소설닷컴,GC셀,검체 관리 서비스 매니저 채용 (안양),서비스 매니저,계약직,상시채용,,,2026-07-28,https://jasoseol.com/recruit/104878,,2026-09-07 18:39:32
자소설닷컴,신협중앙회,2026년 대학생 신협 체험행사,대학생 신협 체험행사,교육,수시채용,,,2026-07-24,https://jasoseol.com/recruit/104877,,2026-09-07 18:39:32
자소설닷컴,동화약품,2026년 3분기 신입 및 경력사원 채용공고,"[DWP홀딩스]전략부문 IT, [DWP홀딩스]법무 사내변호사, [동화약품]의원/종병영업 , [동화약품]ETC마케팅, [동화약품]영업기획, [동화약품]기획관리 , [동화약품]KAM, [동화약품]Global 영업, [동","경력, 신입, 코드5",수시채용,,,2026-07-13,https://jasoseol.com/recruit/104879,,2026-09-07 18:39:33
자소설닷컴,녹십자웰빙,품질보증(신입),QC,신입,수시채용,,,2026-07-07,https://jasoseol.com/recruit/104880,,2026-09-07 18:39:33
자소설닷컴,한화솔루션,Wire & Cable 전선용 고분자 소재 개발 연구원 채용,전선용 고분자 소재 개발 연구원,코드5,수시채용,,,2026-07-16,https://jasoseol.com/recruit/104881,,2026-09-07 18:39:33
자소설닷컴,한국산업은행,2026년 2차 청년인턴 채용,"장애인, [은행일반]서울·경기권, [은행일반]영남, [은행일반]충청·강원, [은행일반]호남, 공학, IT",인턴,수시채용,,,2026-07-09,https://jasoseol.com/recruit/104883,,2026-09-07 18:39:34
자소설닷컴,한국기계연구원,2026년도 제2회 신입직원 공개채용,"에너지 시스템용 터보기계 기술, 기후변화 대응을 위한 극저온 기계 기술 , 지능형 로봇, 첨단바이오 시스템 및 로봇 기술, 기계 설계·해석 AI Agent 기술, Agentic AI 및 데이터 엔지니어링 기술, 통합",신입,수시채용,,,2026-07-22,https://jasoseol.com/recruit/104882,,2026-09-07 18:39:35
자소설닷컴,한화에어로스페이스,국방·첨단산업 AI 솔루션 머신러닝 엔지니어 양성과정 [2기] 모집,국방·첨단산업 AI 솔루션 머신러닝 엔지니어 (2기),교육,수시채용,,,2026-07-20,https://jasoseol.com/recruit/104885,,2026-09-07 18:39:35
자소설닷컴,제일약품,7월 인재모집,"[제일약품] ETC 영업 MR, [제일약품] 해외 사업팀, [제일약품] 임상팀 CPL, [제일약품] 임상팀 MSL, [제일약품] 임상팀 임상QA, [제일약품] 분석연구 팀장, [제일약품] 분석연구 팀원, [제일약품]","경력, 신입, 코드5",수시채용,,,2026-07-12,https://jasoseol.com/recruit/104886,,2026-09-07 18:39:35
자소설닷컴,국순당,[신입/경력] 각 부문 인재채용,"영업(국내주류)_수도권 부문 인재채용, 마케팅기획/신제품개발부문 인재채용","경력, 코드5",수시채용,,,2026-07-14,https://jasoseol.com/recruit/104887,,2026-09-07 18:39:36
자소설닷컴,유안타증권,Equity솔루션팀 신입 업무직원 채용,Equity솔루션팀,계약직,수시채용,,,2026-07-15,https://jasoseol.com/recruit/104888,,2026-09-07 18:39:36
자소설닷컴,대한무역투자진흥공사(KOTRA),2026년 행정직 채용 공고,"사무(고졸), 간호사(경력)","경력, 신입",수시채용,,,2026-07-10,https://jasoseol.com/recruit/104884,,2026-09-07 18:39:36
자소설닷컴,유안타증권,Macro Sales팀 신입 업무직원 채용,Macro Sales팀,계약직,수시채용,,,2026-07-13,https://jasoseol.com/recruit/104889,,2026-09-07 18:39:36
자소설닷컴,중앙대학교병원,(광명병원) 간호본부 내분비내과(당뇨교육실) 전담간호사 (계약직) 모집 (2026.07),간호사-간호본부(진료지원간호팀)-당뇨교육실 전담간호사,계약직,수시채용,,,2026-07-06,https://jasoseol.com/recruit/104890,,2026-09-07 18:39:37
자소설닷컴,중앙대학교병원,(광명병원) 간호본부 인공신장센터 복막투석 간호사 (계약직) 모집 (2026.07),간호사-간호본부(인공신장센터),계약직,수시채용,,,2026-07-06,https://jasoseol.com/recruit/104891,,2026-09-07 18:39:37
자소설닷컴,중앙대학교병원,(광명병원) 간호본부 외래간호팀 간호사 (계약직) 모집 (2026.07),간호사-간호본부(외래간호팀),계약직,수시채용,,,2026-07-06,https://jasoseol.com/recruit/104892,,2026-09-07 18:39:38
자소설닷컴,중앙대학교병원,(광명병원) 간호본부 혈액종양내과 전담간호사 (계약직) 모집 (2026.07),간호사-간호본부(진료지원간호팀)-혈액종양내과 전담간호사,계약직,수시채용,,,2026-07-06,https://jasoseol.com/recruit/104893,,2026-09-07 18:39:38
자소설닷컴,한국재정정보원(FIS),"제4차 채용(정규직, 기간제, 체험형 청년인턴)","일반직 5급-행정-국고보조금 부정수급 관리, 일반직 5급-행정-경영기획, 경영지원, 일반직 5급-행정-국제협력, 일반직 5급-전산-시스템 운영, 연구직-부연구위원-연구(제한)-재정정보분석 및 경제 재정분석, 연구직-","경력, 계약직, 신입, 인턴",수시채용,,,2026-07-15,https://jasoseol.com/recruit/104895,,2026-09-07 18:39:39
자소설닷컴,중앙대학교병원,(광명병원) 순환기내과(심장초음파실) 직원 (계약직) 모집 (2026.07),심장초음파실,계약직,수시채용,,,2026-07-05,https://jasoseol.com/recruit/104894,,2026-09-07 18:39:39
자소설닷컴,마이다스그룹,건축 구조 SW 기술기획 담당자 채용,공학기술용SW 기획분야-건축구조SW 기술기획-판교본사,경력,수시채용,,,2026-07-12,https://jasoseol.com/recruit/104896,,2026-09-07 18:39:39
자소설닷컴,마이다스그룹,국내 지반분야 기술기획 담당자 채용,공학기술용SW 기획분야-지반SW 기술기획-판교본사,경력,수시채용,,,2026-07-12,https://jasoseol.com/recruit/104897,,2026-09-07 18:39:40
자소설닷컴,마이다스그룹,글로벌 콘텐츠 및 이벤트 마케팅 담당자 채용,영업 및 마케팅-글로벌 마케팅-판교본사,경력,수시채용,,,2026-07-12,https://jasoseol.com/recruit/104899,,2026-09-07 18:39:40
자소설닷컴,한국나노기술원,2026-4차 직원 채용 공고,급여채용,계약직,수시채용,,,2026-07-08,https://jasoseol.com/recruit/104900,,2026-09-07 18:39:41
자소설닷컴,마이다스그룹,DevOps Engineer 채용 (AI Agent 기반 솔루션),개발-DevOps 엔지니어-판교본사,경력,수시채용,,,2026-07-12,https://jasoseol.com/recruit/104898,,2026-09-07 18:39:41
자소설닷컴,채널A,2026 디지털 콘텐츠 제작PD 모집,디지털 콘텐츠 제작PD,계약직,수시채용,,,2026-07-14,https://jasoseol.com/recruit/104901,,2026-09-07 18:39:41
자소설닷컴,현대종합금속,기계사업본부 연구개발 신입/경력모집,기계사업본부 연구개발,코드5,수시채용,,,2026-07-19,https://jasoseol.com/recruit/104902,,2026-09-07 18:39:42
자소설닷컴,녹십자웰빙,해외영업,해외영업,코드5,수시채용,,,2026-07-12,https://jasoseol.com/recruit/104903,,2026-09-07 18:39:42
자소설닷컴,홍천엠앤티,올리브영 채널 주니어 영업MD 채용,주니어 영업MD,신입,수시채용,,,2026-07-14,https://jasoseol.com/recruit/104904,,2026-09-07 18:39:42
자소설닷컴,조이시티,인사(Payroll) 담당자 모집,인사(Payroll) 담당자,신입,상시채용,,,2026-07-31,https://jasoseol.com/recruit/104905,,2026-09-07 18:39:43
자소설닷컴,토스페이먼츠,Risk Team Assistant,Risk Assistant,계약직,상시채용,,,2026-07-01,https://jasoseol.com/recruit/104906,,2026-09-07 18:39:44
자소설닷컴,토스뱅크,Content Marketing Assistant,Content Marketing Assistant,계약직,상시채용,,,2026-08-31,https://jasoseol.com/recruit/104907,,2026-09-07 18:39:44
자소설닷컴,유진투자증권,재경팀 업무직원 채용,재경팀(업무직),신입,수시채용,,,2026-07-14,https://jasoseol.com/recruit/104909,,2026-09-07 18:39:44
자소설닷컴,원익아이피에스,CS 엔지니어 경력·신입 채용,"CS 엔지니어 , CS 엔지니어, 양산 제조, 개발 제조","경력, 신입",수시채용,,,2026-07-31,https://jasoseol.com/recruit/104908,,2026-09-07 18:39:45
자소설닷컴,환경책임보험사업단,보험사업팀 정규직원 모집,제도연구부 보험사업팀,코드5,상시채용,,,2026-08-30,https://jasoseol.com/recruit/104911,,2026-09-07 18:39:45
자소설닷컴,매그나칩반도체,HR 체험형 인턴 채용,HR 체험형 인턴,인턴,수시채용,,,2026-07-08,https://jasoseol.com/recruit/104912,,2026-09-07 18:39:46
자소설닷컴,유진투자증권,재경팀 경력직원 채용,재경팀,경력,수시채용,,,2026-07-14,https://jasoseol.com/recruit/104910,,2026-09-07 18:39:46
자소설닷컴,유안타증권,상품전략팀 신입/경력직원 채용,상품전략팀,계약직,수시채용,,,2026-07-15,https://jasoseol.com/recruit/104914,,2026-09-07 18:39:46
자소설닷컴,앳홈,중화권(대만/홍콩/중국) 뷰티 인플루언서 마케팅 체험형 인턴,"인플루언서 마케팅, 중화권, 뷰티",인턴,상시채용,,,2026-07-15,https://jasoseol.com/recruit/104913,,2026-09-07 18:39:47
자소설닷컴,한국석유공업,[KP그룹]총무비서실 총무 채용(육휴 대체),[KP그룹]한국석유공업 총무비서실 총무 채용(육휴 대체)업지원,코드5,수시채용,,,2026-07-07,https://jasoseol.com/recruit/104915,,2026-09-07 18:39:47
자소설닷컴,미원상사 및 관계사,각 부문 채용,"연구개발 - 미원상사 반월/광교연구소, 연구개발(전문연구요원) - 미원상사 반월/광교연구소, 연구개발 - 잉크테크 안산사업장, 연구개발 - 잉크테크 서산사업장, 연구개발 - 미원화학 탄천공장, 연구개발 - 비드테크 ","경력, 코드5",수시채용,,,2026-07-12,https://jasoseol.com/recruit/104916,,2026-09-07 18:39:48
자소설닷컴,경기대학교,신규직원(정규직) 공개채용,"행정_일반, 기술_전산, 기능_기계설비","경력, 신입",수시채용,,,2026-07-10,https://jasoseol.com/recruit/104917,,2026-09-07 18:39:48
자소설닷컴,이크레더블,정보보안 부문 경력사원 채용,정보보안,경력,수시채용,,,2026-07-26,https://jasoseol.com/recruit/104918,,2026-09-07 18:39:48
자소설닷컴,현대종합금속,글로벌 기술본부 BWTS 부서,BWTS 부서,코드5,수시채용,,,2026-07-12,https://jasoseol.com/recruit/104919,,2026-09-07 18:39:48
자소설닷컴,한국후지필름,2026년 7월 IT 경력사원 채용, IT,계약직,수시채용,,,2026-07-06,https://jasoseol.com/recruit/104920,,2026-09-07 18:39:49
자소설닷컴,법무법인 태평양,신입/경력직원 정기공채 안내,"비서, 홍보, 기업법무","경력, 신입, 코드5",수시채용,,,2026-07-12,https://jasoseol.com/recruit/104921,,2026-09-07 18:39:50
자소설닷컴,자화전자,2026년 신입/경력사원 추가 채용,"기구CS (동탄), 모바일카메라 기구설계 (동탄), 측정 (동탄), 제어 H/W (동탄), 공정기술 (동탄), 제어CS (동탄), 불량분석 (구미), 공정기술 (구미), FACA 엔지니어 (구미), 생산관리 (구미)","경력, 코드5",수시채용,,,2026-07-06,https://jasoseol.com/recruit/104922,,2026-09-07 18:39:50
자소설닷컴,남북하나재단,블라인드·NCS 기반 2차 신규채용 공고,"휴직대체인력_9개월(일반행정)_서울, 휴직대체인력_12개월(일반행정)_서울, 휴직대체인력_18개월(일반행정)_서울, 휴직대체인력_24개월(일반행정)_서울, 무기계약직_심리·생활전문상담사_제주, 휴직대체인력_6개월(심",계약직,수시채용,,,2026-07-16,https://jasoseol.com/recruit/104923,,2026-09-07 18:39:50
자소설닷컴,GC셀,검체 관리 서비스 매니저 채용 (파주),서비스 매니저,계약직,상시채용,,,2026-08-04,https://jasoseol.com/recruit/104925,,2026-09-07 18:39:51
자소설닷컴,GC셀,검체 관리 서비스 매니저 채용 (인천),서비스 매니저,계약직,상시채용,,,2026-08-31,https://jasoseol.com/recruit/104924,,2026-09-07 18:39:51
자소설닷컴,F&F(에프앤에프),2026년 전환형 인턴 채용,"의류디자인 - MLB, 의류디자인 - Discovery, 용품디자인- Discovery, 의류기획- Discovery, 용품기획 - MLB KIDS, 용품기획 - Discovery, 의류소싱- MLB, 카테고리운영-",인턴,수시채용,,,2026-07-12,https://jasoseol.com/recruit/104927,,2026-09-07 18:39:52
자소설닷컴,동부건설,경력사원(플랜트_견적/공사/공무) 채용,"플랜트사업본부-공사-건축-전국, 플랜트사업본부-공사-기계-전국, 플랜트사업본부-공사-전기-전국, 플랜트사업본부-공무-전국, 플랜트사업본부-견적-건축-본사(서울), 플랜트사업본부-견적-기계-본사(서울), 플랜트사업본부",경력,수시채용,,,2026-07-12,https://jasoseol.com/recruit/104928,,2026-09-07 18:39:52
자소설닷컴,코닝정밀소재,자동화 제어 엔지니어 경력 채용,"Packaging Control Engineer (포장 자동화 설비 제어 엔지니어), Process Controls Engineer (공정 자동화 제어 엔지니어)",경력,수시채용,,,2026-07-15,https://jasoseol.com/recruit/104926,,2026-09-07 18:39:52
자소설닷컴,멀티캠퍼스,AI 커리어 AIM 스타트 캠프,"AI엔지니어, AI 데이터분석, AI 에이전트 엔지니어, AI 프로덕트 매니저, 지능형 모빌리티 엔지니어, AI 보안 엔지니어",교육,수시채용,,,2026-07-13,https://jasoseol.com/recruit/104929,,2026-09-07 18:39:52
자소설닷컴,LG전자,2026년 K-뉴딜 아카데미 교육생 모집,"디지털 마케팅, 스마트 팩토리, AX Work Flow",교육,수시채용,,,2026-07-13,https://jasoseol.com/recruit/104930,,2026-09-07 18:39:53
자소설닷컴,한국평가데이터,"정규직 수시채용(기술가치평가 마케팅, 기업 신용 위험관리 컨설팅 분야)","기술가치평가 마케팅, 기업 신용 위험관리(Risk) 컨설팅","경력, 코드5",수시채용,,,2026-07-12,https://jasoseol.com/recruit/104931,,2026-09-07 18:39:53
자소설닷컴,한국교통안전공단(KOTSA),2026년 제3차 기간제근로자 통합채용 공고,"자동차정보처_청년인턴 (사무_장애)_자동차 온라인 대리 등록 등 행정업무, 운영지원처 (구로콜센터)_실무원(상담)_콜센터 전화상담, 모빌리티연구처_청년인턴(사무)_운송플랫폼사업 행정 지원, 자격교육처_청년인턴(사무)","계약직, 인턴",수시채용,,,2026-07-17,https://jasoseol.com/recruit/104932,,2026-09-07 18:39:54
자소설닷컴,중앙대학교병원,(광명병원) 약제팀 야간당직약사 (계약직) 모집 (2026.07),야간당직약사-약제팀,계약직,수시채용,,,2026-07-08,https://jasoseol.com/recruit/104933,,2026-09-07 18:39:54
자소설닷컴,한국수산회,기간제근로자 채용 공고,계약직,계약직,수시채용,,,2026-07-08,https://jasoseol.com/recruit/104934,,2026-09-07 18:39:54
자소설닷컴,린데코리아,2026 정규직 대졸 신입 채용 Korea Graduate Program,Korea Graduate Program ,신입,수시채용,,,2026-07-17,https://jasoseol.com/recruit/104936,,2026-09-07 18:39:55
자소설닷컴,AXA손해보험,회계구매팀 신입사원 채용,회계 및 세무,신입,수시채용,,,2026-07-19,https://jasoseol.com/recruit/104937,,2026-09-07 18:39:56
자소설닷컴,KPX케미칼,2026년 각 부문별 채용,"자금/총무, 내수영업",코드5,수시채용,,,2026-07-12,https://jasoseol.com/recruit/104935,,2026-09-07 18:39:56
자소설닷컴,피에스케이,경력 채용(Global HR),Global HR,경력,수시채용,,,2026-07-10,https://jasoseol.com/recruit/104939,,2026-09-07 18:39:56
자소설닷컴,한국삼공,마케팅 CRM팀 대전지점 신입/경력 수시 채용,CRM팀,코드5,수시채용,,,2026-07-24,https://jasoseol.com/recruit/104940,,2026-09-07 18:39:57
자소설닷컴,LS그룹,JUMP UP 부트캠프,AI·데이터 분석 부트캠프,교육,수시채용,,,2026-07-26,https://jasoseol.com/recruit/104941,,2026-09-07 18:39:57
자소설닷컴,토스페이먼츠,Operations Enablement Team Assistant,가맹점 운영 지원,계약직,상시채용,,,2026-09-01,https://jasoseol.com/recruit/104943,,2026-09-07 18:39:58
자소설닷컴,한성기업,부문별 신입 및 경력직 공개채용,"영업관리, 물류관리, 대리점영업, 구매실, 관리팀(당진), 생산팀(당진), 생산팀(포항)","경력, 신입, 코드5",수시채용,,,2026-07-12,https://jasoseol.com/recruit/104942,,2026-09-07 18:39:58
자소설닷컴,DRB동일,[동일고무벨트] 헬스케어 웨어러블 연구개발 계약직 연구원 채용,헬스케어 웨어러블 연구개발,계약직,수시채용,,,2026-07-19,https://jasoseol.com/recruit/104944,,2026-09-07 18:39:58
자소설닷컴,DRB동일,[동일고무벨트] 육아휴직 대체 분석실험보조 계약직 채용,분석실험보조,계약직,수시채용,,,2026-07-19,https://jasoseol.com/recruit/104945,,2026-09-07 18:39:58
자소설닷컴,셀트리온,2026년 상반기 신입/경력 채용,"IT인프라, 정보보안, 바이오신약 [항체신약/다중항체], 바이오신약 [항체공학/약리평가], 바이오신약 [ADC/항체접합체], 비임상개발 [PK/PD·MIDD], 펩타이드 신약개발 [합성], 펩타이드 신약개발 [약리/","경력, 신입, 코드5",수시채용,,,2026-07-12,https://jasoseol.com/recruit/104946,,2026-09-07 18:39:59
자소설닷컴,현대오토에버,모빌리티 SW 스쿨 4기 클래스메이트 모집,"스마트팩토리, IT보안, 웹/앱, 클라우드",교육,수시채용,,,2026-07-06,https://jasoseol.com/recruit/104949,,2026-09-07 18:40:00
자소설닷컴,우리금융그룹,우리WON 청년 IT 아카데미,금융 IT 풀스택 개발,교육,수시채용,,,2026-08-02,https://jasoseol.com/recruit/104948,,2026-09-07 18:40:00
자소설닷컴,퍼시스그룹,2026 하반기 신입사원 채용,"국내영업, 해외영업, 제품엔지니어, 제품설계, 상품기획, 제품기술, 생산, 구매, 품질관리, 시공·물류관리, 서비스교육",신입,수시채용,,,2026-07-17,https://jasoseol.com/recruit/104950,,2026-09-07 18:40:00
자소설닷컴,국토교통과학기술진흥원,2026년 제2차 인재채용,"국토교통 분야 R&D 기획 및 사업관리, AI 분야 R&D 기획 및 사업관리, 항공 또는 도심항공교통(UAM) 분야 사업관리 및 기획, K-City Network 해외실증형 사업 관리, 스마트시티 규제샌드박스 활성화","계약직, 인턴, 코드5",수시채용,,,2026-07-20,https://jasoseol.com/recruit/104951,,2026-09-07 18:40:00
자소설닷컴,아이디스,2026년 3분기 집중 채용 (신입/경력),"SW연구개발, HW연구개발, 선행개발, 국내사업-기술지원, 해외사업-해외마케팅, 생산-제품기술, 생산-수입검사, 홀딩스IT-Web개발","경력, 신입, 코드5",수시채용,,,2026-07-13,https://jasoseol.com/recruit/104954,,2026-09-07 18:40:02
자소설닷컴,DB Inc,채용연계형 인턴 채용,"S/W엔지니어 (보험계열사), S/W엔지니어 (금융계열사), S/W엔지니어 (제조계열사), S/W엔지니어 (대외프로젝트), Infra엔지니어 (보험계열사), Infra엔지니어 (DBA), 인사, 정보보호",인턴,수시채용,,,2026-07-19,https://jasoseol.com/recruit/104953,,2026-09-07 18:40:03
자소설닷컴,유한킴벌리,2026년 신입사원 모집,"기계/전기엔지니어 (충주), 프로세스/기계 엔지니어 (대전), 프로세스/기계 엔지니어 (김천), SCM혁신부문 Logistics Operations Coordinator, 서초연구소 Research Scientist","계약직, 코드5",수시채용,,,2026-07-23,https://jasoseol.com/recruit/104955,,2026-09-07 18:40:03
자소설닷컴,사조대림,2026년 하반기 신입/경력 채용,"[사조대림] 경영관리팀, [사조대림] 구매팀, [사조대림] 해외영업팀, [사조대림] 영업본부 - 대리점영업, [사조대림] 영업본부 - 실수요사업부, [사조대림] 영업본부 - 온라인사업부, [사조대림] 영업본부 - 케","경력, 코드5",수시채용,,,2026-07-13,https://jasoseol.com/recruit/104952,,2026-09-07 18:40:04
자소설닷컴,KOTITI시험연구원,2026년 채용공고,"연구개발, 섬유시험, 화장품시험, 식품시험, 필터평가, 건축·화재, 신뢰성, 배터리, 유기분석, 대기검사, 품질검사영업, 식품영업, 설비관리, 화학분석, 미세플라스틱","경력, 계약직, 신입",수시채용,,,2026-07-15,https://jasoseol.com/recruit/104957,,2026-09-07 18:40:04
자소설닷컴,유디에스,2026년 3분기 신입/경력 채용,"PLM, BOM 시스템 운영 및 컨설팅",코드5,수시채용,,,2026-07-31,https://jasoseol.com/recruit/104956,,2026-09-07 18:40:04
자소설닷컴,대우세계경영연구회,베트남·인도네시아 해외 취업 연수 프로그램,베트남·인도네시아 해외 취업 연수(22기),교육,수시채용,,,2026-08-04,https://jasoseol.com/recruit/104958,,2026-09-07 18:40:04
자소설닷컴,중앙대학교병원,(광명병원) 총무팀 풀타임 사무직 장애인 직원 (계약직) 모집 (2026.07),사무-총무팀,계약직,수시채용,,,2026-07-08,https://jasoseol.com/recruit/104959,,2026-09-07 18:40:04
자소설닷컴,한국원자력협력재단,2026년 하반기 정규직 채용,정규직,코드5,수시채용,,,2026-07-24,https://jasoseol.com/recruit/104961,,2026-09-07 18:40:05
자소설닷컴,비바리퍼블리카(토스),Product Designer Challenge 2026,Product Designer,코드5,수시채용,,,2026-07-12,https://jasoseol.com/recruit/104960,,2026-09-07 18:40:05
자소설닷컴,경민대학교,행정부서 계약직 직원 채용공고,대학행정,계약직,수시채용,,,2026-07-19,https://jasoseol.com/recruit/104962,,2026-09-07 18:40:06
자소설닷컴,애경산업,2026 수시채용 (인턴/신입),"패키지 디자인(화장품), 해외영업 - 러시아/CIS/몽골 담당(생활용품), 해외영업 - 미주/유럽 담당(생활용품), 인사(HRD), 경영기획, 포장재 개발, 연구개발(바디케어), 디지털 물류, 글로벌 물류, 생산관리","신입, 인턴",수시채용,,,2026-07-19,https://jasoseol.com/recruit/104963,,2026-09-07 18:40:06
자소설닷컴,신보,S'PARK 3기 채용 연계형 인턴십,공무 (국내/해외),인턴,수시채용,,,2026-07-19,https://jasoseol.com/recruit/104964,,2026-09-07 18:40:06
자소설닷컴,김앤장 법률사무소,송무 스탭(신입) 채용,송무 스탭,신입,수시채용,,,2026-07-09,https://jasoseol.com/recruit/104965,,2026-09-07 18:40:07
자소설닷컴,신원,수출부문 KNIT 해외영업 신입 채용,수출부문 KNIT 해외영업 신입 채용,신입,수시채용,,,2026-07-13,https://jasoseol.com/recruit/104966,,2026-09-07 18:40:07
자소설닷컴,신원,수출부문 KNIT 해외영업(담당 바이어 미정) 경력 채용,해외영업,경력,수시채용,,,2026-07-16,https://jasoseol.com/recruit/104967,,2026-09-07 18:40:08
자소설닷컴,신원,수출부문 KNIT 해외영업(Walmart) 경력 채용,해외영업,경력,수시채용,,,2026-07-31,https://jasoseol.com/recruit/104969,,2026-09-07 18:40:08
자소설닷컴,신원,수출부문 KNIT 해외영업 (Old Navy/Active) 경력 채용,해외영업,경력,수시채용,,,2026-07-31,https://jasoseol.com/recruit/104968,,2026-09-07 18:40:09
자소설닷컴,신원,수출부문 KNIT 해외영업(Elevated Brands) 경력 채용,해외영업,경력,수시채용,,,2026-07-31,https://jasoseol.com/recruit/104970,,2026-09-07 18:40:09
자소설닷컴,DRB동일,[동일고무벨트] 내부회계관리제도 운영 경력사원 채용,내부회계관리제도 운영,경력,수시채용,,,2026-07-12,https://jasoseol.com/recruit/104971,,2026-09-07 18:40:09
자소설닷컴,케이더블유이코리아,2026년도 하반기 신입사원 채용,"해운수출업무부-본사, 부산SCM솔루션운영부-창원, 수출영업부(CS)-본사",신입,수시채용,,,2026-07-19,https://jasoseol.com/recruit/104973,,2026-09-07 18:40:10
자소설닷컴,유안타증권,디지털고객센터 신입/경력직원 채용,디지털고객센터,계약직,수시채용,,,2026-07-16,https://jasoseol.com/recruit/104972,,2026-09-07 18:40:10
자소설닷컴,중앙대학교병원,(서울병원) 건진센터(증진) 간호사(계약직) 모집 (2026.07),건진센터(증진)-간호사,계약직,수시채용,,,2026-07-09,https://jasoseol.com/recruit/104974,,2026-09-07 18:40:11
자소설닷컴,중앙대학교병원,광명소하검진센터 풀타임 간호사(계약직) 모집 (2026.07),간호사-광명소하검진센터,계약직,수시채용,,,2026-07-09,https://jasoseol.com/recruit/104975,,2026-09-07 18:40:11
자소설닷컴,중앙대학교병원,(광명병원) 영상의학과 방사선사 (휴직대체) 모집 (2026.07),방사선사-영상의학과,계약직,수시채용,,,2026-07-09,https://jasoseol.com/recruit/104977,,2026-09-07 18:40:12
자소설닷컴,중앙대학교병원,(광명병원) 간호본부 호흡기알레르기내과 전담간호사 (계약직) 모집 (2026.07),간호사-간호본부(진료지원간호팀)-호흡기알레르기내과 전담간호사,계약직,수시채용,,,2026-07-09,https://jasoseol.com/recruit/104976,,2026-09-07 18:40:12
자소설닷컴,블랭크코퍼레이션,2026 인턴/경력 채용공고,"[블랭크코퍼레이션] 상품기획자, [블랭크코퍼레이션] 퍼포먼스 마케터, [블랭크코퍼레이션] 발주관리, [콘레브] 그로스 마케터, [콘레브] SNS마케터, [콘레브] 광고 콘텐츠 마케터","경력, 인턴, 코드5",수시채용,,,2026-07-19,https://jasoseol.com/recruit/104978,,2026-09-07 18:40:12
자소설닷컴,대학내일ES,"마케팅(AE) 및 에디터, 카피라이터(CW) 인턴/경력 채용","[대학내일] 마케팅(AE)_익스피리언스플래닝6팀_경력(계약직), [대학내일] 에디터_콘텐츠크리에이티브1팀_인턴(체험형), [더포지티브] 광고기획(AE)_경력(정규직), [더포지티브] 카피라이터(CW)_경력(정규직)","경력, 계약직, 인턴",수시채용,,,2026-07-13,https://jasoseol.com/recruit/104979,,2026-09-07 18:40:13
자소설닷컴,에이피알,[마케팅] 미국 에이프릴스킨 아마존/자사몰 MD 채용연계형 인턴사원 모집,미국 에이프릴스킨 아마존/자사몰 MD,인턴,상시채용,,,2026-08-18,https://jasoseol.com/recruit/104980,,2026-09-07 18:40:13
자소설닷컴,엔엑스엔랩스,[Intern] AI Product Manager,AI Product Manager Intern,인턴,상시채용,,,2026-07-10,https://jasoseol.com/recruit/104981,,2026-09-07 18:40:13
자소설닷컴,정식품,2026년 신입사원 모집 ,고객지원,신입,수시채용,,,2026-07-12,https://jasoseol.com/recruit/104982,,2026-09-07 18:40:14
자소설닷컴,한미약품,2026년 7월 수시채용 [각 부문별],"[한미약품] 신제품임상, [한미약품] Medical Information, [한미약품] 감사, [한미약품] 의료정책교육, [한미약품] 건강기능식품 PM, [한미사이언스] 사회공헌, [한미사이언스] 화장품해외영업, [","경력, 계약직, 신입, 코드5",수시채용,,,2026-07-19,https://jasoseol.com/recruit/104983,,2026-09-07 18:40:14
자소설닷컴,녹십자웰빙,"BD 사업개발(해외,국내)",BD,경력,수시채용,,,2026-07-12,https://jasoseol.com/recruit/104985,,2026-09-07 18:40:15
자소설닷컴,세무회계 봄날,세무회계사무소 신입직원 채용,"세무회계사무소 기장직원, 총무",코드5,상시채용,,,2026-09-02,https://jasoseol.com/recruit/104984,,2026-09-07 18:40:15
자소설닷컴,중앙대학교병원,(광명병원) 보험심사팀 행정직(간호사) (정규직) 모집 (2026.07),행정(간호사)-보험심사팀,신입,수시채용,,,2026-07-09,https://jasoseol.com/recruit/104987,,2026-09-07 18:40:16
자소설닷컴,중앙대학교병원,(광명병원) 진단검사의학과 임상병리사 (계약직) 모집 (2026.07),임상병리사-진단검사의학과,계약직,수시채용,,,2026-07-08,https://jasoseol.com/recruit/104988,,2026-09-07 18:40:16
자소설닷컴,KT,2027년도 봄학기 AI석사과정 신입생 모집 (KAIST·POSTECH 진학연계),"코어·서비스 AI 연구개발, 데이터 AX 연구개발",신입,수시채용,,,2026-07-20,https://jasoseol.com/recruit/104986,,2026-09-07 18:40:16
자소설닷컴,케이씨텍,Vision S/W 엔지니어 모집(경력/안성),개발-CLN장비설계-경기도 안성시(본사),경력,수시채용,,,2026-07-10,https://jasoseol.com/recruit/104989,,2026-09-07 18:40:17
자소설닷컴,어플라이드 머티어리얼즈 코리아,[신입/경력] Revenue Operations,Revenue Operation,코드5,수시채용,,,2026-07-13,https://jasoseol.com/recruit/104990,,2026-09-07 18:40:18
자소설닷컴,세아특수강,2026 하반기 사무기술직  채용,"영업개발팀, 생산팀, 품질팀, 설계팀(설계/개발), 설계팀(시험/시작)","경력, 신입, 코드5",수시채용,,,2026-07-13,https://jasoseol.com/recruit/104991,,2026-09-07 18:40:18
자소설닷컴,창업진흥원(KISED),2026년 제2차 신규직원 채용 공고(일반행정),"일반경쟁_정규직_일반행정, 일반경쟁_무기계약직_일반행정, 제한경쟁_정규직_일반행정","계약직, 코드5",수시채용,,,2026-07-20,https://jasoseol.com/recruit/104992,,2026-09-07 18:40:18
자소설닷컴,창업진흥원(KISED),2026년 제2차 신규직원 채용 공고(공무직),제한경쟁_무기계약직 (공무직)_시설원_전기,계약직,수시채용,,,2026-07-20,https://jasoseol.com/recruit/104993,,2026-09-07 18:40:18
자소설닷컴,NHN Dooray,ERP 기획 및 운영,PM,경력,상시채용,,,2026-09-05,https://jasoseol.com/recruit/104994,,2026-09-07 18:40:18
자소설닷컴,동국제약,"헬스앤뷰티 신입/경력 채용(마케팅, 영업, 상품기획, 데이터, 품질관리, 디자인 등) ~ 7/15","헬스앤뷰티 화장품홈쇼핑 영업, 헬스앤뷰티 다이소 영업, 헬스앤뷰티 생활건강상품기획 BM, 헬스앤뷰티 DKSHOP(자사몰) 상품 영업, 헬스앤뷰티 D2C 퍼포먼스/컨텐츠 마케팅, 헬스앤뷰티 온라인 D2C채널 영업, 헬","계약직, 코드5",수시채용,,,2026-07-15,https://jasoseol.com/recruit/104996,,2026-09-07 18:40:19
자소설닷컴,키움증권,디지털 아카데미 5기생 모집,디지털 금융플랫폼 전문가 양성 교육,교육,수시채용,,,2026-08-04,https://jasoseol.com/recruit/104997,,2026-09-07 18:40:19
자소설닷컴,아주산업,2026 부동산개발사업 인재채용,부동산 개발사업,경력,수시채용,,,2026-07-19,https://jasoseol.com/recruit/104998,,2026-09-07 18:40:20
자소설닷컴,넥슨스페이스,사내 인테리어 담당자(계약직) 채용,사내 인테리어 담당자(계약직),계약직,수시채용,,,2026-08-03,https://jasoseol.com/recruit/104999,,2026-09-07 18:40:20
자소설닷컴,동국제약,"신입/경력 채용(생산본부, 연구소) ~ 7/15","추출합성팀, 프리필드팀, 고형제팀, 주사제2팀, 재고관리팀","계약직, 코드5",수시채용,,,2026-07-15,https://jasoseol.com/recruit/105000,,2026-09-07 18:40:21
자소설닷컴,금호익스프레스,사무직(기간제) 채용,재무회계,계약직,상시채용,,,2026-07-09,https://jasoseol.com/recruit/105002,,2026-09-07 18:40:21
자소설닷컴,한국과학기술원 부설 고등과학원,행정직원(정규직) 채용 공고,일반행정,코드5,수시채용,,,2026-07-20,https://jasoseol.com/recruit/105001,,2026-09-07 18:40:22
자소설닷컴,한국에이이오진흥협회,2026년 하반기 신규채용 공고,연구원,신입,수시채용,,,2026-07-31,https://jasoseol.com/recruit/105003,,2026-09-07 18:40:22
자소설닷컴,SK플래닛,AI 데이터 과학자 1기 교육과정 모집,"데이터 분석, AI 모델링 등 AI 전문 역량까지 갖춘 신상 데이터 사이언스로 취업",교육,수시채용,,,2026-08-16,https://jasoseol.com/recruit/105004,,2026-09-07 18:40:22
자소설닷컴,동부건설,경력사원(공사_기계/전기) 채용,"건축사업본부-공사-기계-전국, 건축사업본부-공사-전기-전국",경력,수시채용,,,2026-07-19,https://jasoseol.com/recruit/105005,,2026-09-07 18:40:22
자소설닷컴,동국제약,신입/경력 채용(관리/마케팅/영업/디자인/개발 등 모집) ~ 7/15,"평가 담당, 채용/교육 지원 담당, 총무, 자금관리 (팀장), 자금관리 (팀원), 정보 보안(팀장), 영업운영 관리, 커뮤니케이션본부 퍼포먼스 마케터, ETC마케팅부 학술기획 MSL, 전문의약품 (근골격계) 마케팅,","계약직, 코드5",수시채용,,,2026-07-15,https://jasoseol.com/recruit/105006,,2026-09-07 18:40:23
자소설닷컴,이노션,데이터 분석 및 컨설팅 (Junior),데이터 분석 및 컨설팅 (Junjor),계약직,수시채용,,,2026-07-23,https://jasoseol.com/recruit/105008,,2026-09-07 18:40:24
자소설닷컴,나노종합기술원,2026년 하반기 나노전문인력양성 및 일자리지원사업 28기 교육생 모집,나노전문인력양성 및 일자리지원사업 교육생,교육,수시채용,,,2026-07-18,https://jasoseol.com/recruit/105007,,2026-09-07 18:40:24
자소설닷컴,푸본현대생명,2026년 채용전환형 Internship,"GA영업, 법인영업, 영업기획, 영업교육, HR",인턴,수시채용,,,2026-07-15,https://jasoseol.com/recruit/105010,,2026-09-07 18:40:24
자소설닷컴,LT메탈,신입/경력사원 수시채용,"전략기획 (AI), 국내외 영업/마케팅 (Chemical), 생산관리 (Target), 공정개발 (Target), 공정기술 (Bonding Wire), 소방 안전관리, 중대재해 전담 파트, 안전/보건","경력, 코드5",수시채용,,,2026-07-20,https://jasoseol.com/recruit/105011,,2026-09-07 18:40:25
자소설닷컴,중앙대학교병원,(광명병원) 순환기내과(심전도실) 임상병리사(계약직) 모집 (2026.07),임상병리사-순환기내과(심전도실),계약직,수시채용,,,2026-07-12,https://jasoseol.com/recruit/105013,,2026-09-07 18:40:25
자소설닷컴,한국산업기술시험원(KTL),2026년 위촉계약직 공개모집,"[서울강원고객지원팀]시료관리, [서울분원 경영지원실]미화관리(서울분원 내부), [서울강원고객지원팀]콜센터, [서울강원고객지원팀]고객지원(접수), [경기중부고객지원팀]고객지원(접수), [경기중부고객지원팀]시료관리, [",계약직,수시채용,,,2026-07-22,https://jasoseol.com/recruit/105014,,2026-09-07 18:40:26
자소설닷컴,SK바이오사이언스,26년 7월 신입사원 수시채용,생산기획,신입,수시채용,,,2026-07-20,https://jasoseol.com/recruit/105015,,2026-09-07 18:40:26
자소설닷컴,코드잇,2026년 하반기 채용,"교육 프로그램 운영 매니저, 교육 운영 인턴 [부트캠프], 교육 행정 매니저, CX 인턴, 그래픽 디자이너 인턴, 영상 PD, 프로덕트 디자이너, 콘텐츠 프로듀서 [디자인/크리에이티브 교육], 리크루터 인턴, 리크루","경력, 계약직, 인턴, 코드5",상시채용,,,2026-08-14,https://jasoseol.com/recruit/105016,,2026-09-07 18:40:27
자소설닷컴,LG생활건강,웹디자이너 단기근로자 채용,웹 디자이너,계약직,수시채용,,,2026-09-04,https://jasoseol.com/recruit/105017,,2026-09-07 18:40:27
자소설닷컴,대한상공회의소,KT AIVLE School 10기 AI/DX 인재 양성 교육생 모집,"KT 에이블스쿨 10기-AI개발자, KT 에이블스쿨 10기-DX컨설턴트",교육,수시채용,,,2026-08-10,https://jasoseol.com/recruit/105012,,2026-09-07 18:40:27
자소설닷컴,안랩,Product Manager 신입 채용,Product Manager,신입,수시채용,,,2026-07-15,https://jasoseol.com/recruit/105018,,2026-09-07 18:40:27
자소설닷컴,페이히어,[핀테크 스타트업] SaaS 영업 컨설턴트 신입 채용 (연봉 3600/인센티브/분기상여금),SaaS 영업 컨설턴트 (신입),계약직,상시채용,,,2026-07-13,https://jasoseol.com/recruit/105019,,2026-09-07 18:40:28
자소설닷컴,패스트파이브,오피스 세일즈 담당자 (채용연계형 인턴),오피스 세일즈 담당자,인턴,수시채용,,,2026-07-26,https://jasoseol.com/recruit/105020,,2026-09-07 18:40:28
자소설닷컴,드림라인,2026 하반기 채용,"정보보호, 기술 영업 및 기술관리, 글로벌 영업, 글로벌 사업","경력, 신입, 코드5",수시채용,,,2026-07-17,https://jasoseol.com/recruit/105021,,2026-09-07 18:40:29
자소설닷컴,현대종합금속,신입사원 모집,본사 수출영업부(러시아),신입,수시채용,,,2026-07-19,https://jasoseol.com/recruit/105022,,2026-09-07 18:40:29
자소설닷컴,GC셀,IPR 팀장 모집 (경력),IPR 팀장,경력,수시채용,,,2026-07-12,https://jasoseol.com/recruit/105023,,2026-09-07 18:40:29
자소설닷컴,카페스,"2026년 하반기 사업관리, 밸브 엔지니어 신규채용","사업관리 (신입), 사업관리 (경력), 밸브 엔지니어 (신입), 밸브 엔지니어 (경력)","경력, 신입",수시채용,,,2026-07-19,https://jasoseol.com/recruit/105024,,2026-09-07 18:40:30
자소설닷컴,한화오션,스마트 생산관리 DX Academy,스마트 생산관리 DX,교육,수시채용,,,2026-07-23,https://jasoseol.com/recruit/105026,,2026-09-07 18:40:31
자소설닷컴,태웅로직스,2026년 하반기 신입/경력 공개채용,"영업팀, 운영팀, TANK운영팀","경력, 코드6",수시채용,,,2026-07-26,https://jasoseol.com/recruit/105025,,2026-09-07 18:40:31
자소설닷컴,중앙대학교병원,(서울병원) 부대사업팀 조리원(휴직대체) 모집 (2026.07),부대사업팀-조리원,계약직,수시채용,,,2026-07-14,https://jasoseol.com/recruit/105028,,2026-09-07 18:40:32
자소설닷컴,삼성전자 DS부문,청년희망배움터 수강생 모집,"전자/IT제조기술자, 공조냉동기술자, 선박제조기술자, 중장비운전기능사, 온라인광고/홍보실무자, 제과제빵기능사",교육,수시채용,,,2026-07-19,https://jasoseol.com/recruit/105027,,2026-09-07 18:40:32
자소설닷컴,아주산업,기술연구소 레미콘 연구개발 인재채용,레미콘 연구개발,코드5,수시채용,,,2026-07-19,https://jasoseol.com/recruit/105029,,2026-09-07 18:40:32
자소설닷컴,KT sat,2026년 하반기 경력/신입사원 공개채용,"사업개발 (시스템설계), 사업개발 (NW 설계), 사업개발/기획, 플랫폼개발/운영, 영업AM (국방), 사업수행/제안 (항법,국방), 정보보안, 위성서비스 운영","경력, 신입",수시채용,,,2026-07-16,https://jasoseol.com/recruit/105030,,2026-09-07 18:40:32
자소설닷컴,필로메디,콘텐츠마케터,콘텐츠마케터,코드5,수시채용,,,2026-08-02,https://jasoseol.com/recruit/105031,,2026-09-07 18:40:33
자소설닷컴,LS증권,신입(채용전제형 인턴) 수시채용(리테일(지점영업) 부문),리테일-지점영업,인턴,수시채용,,,2026-07-21,https://jasoseol.com/recruit/105032,,2026-09-07 18:40:33
자소설닷컴,토스뱅크,금융거래정보 Assistant,금융거래정보,계약직,상시채용,,,2026-07-29,https://jasoseol.com/recruit/105033,,2026-09-07 18:40:33
자소설닷컴,토스뱅크,Security Research Specialist,Security Research Specialist,계약직,상시채용,,,2026-09-07,https://jasoseol.com/recruit/105034,,2026-09-07 18:40:34
자소설닷컴,한국문학번역원,"2026년도 제5차 NCS기반 공개채용(기간제 근로자 2명, 체험형 인턴1명) 공고문","육아기 단축근무 대체 기간제_일반행정, 휴직대체 기간제_문화예술행정A, 청년인턴(체험형)_문화예술행정B","계약직, 인턴",수시채용,,,2026-07-22,https://jasoseol.com/recruit/105035,,2026-09-07 18:40:34
자소설닷컴,딜라이트룸,People & Culture Manager,People & Culture Manager,경력,상시채용,,,2026-08-24,https://jasoseol.com/recruit/105036,,2026-09-07 18:40:35
자소설닷컴,에코마케팅,퍼포먼스 마케터(국내/일본) 채용,퍼포먼스 마케터,"경력, 신입",수시채용,,,2026-07-19,https://jasoseol.com/recruit/105037,,2026-09-07 18:40:35
자소설닷컴,엔라이즈,[이력서 없는 채용] NRISE Intern Designer,[이력서 없는 채용] NRISE Intern Designer,인턴,상시채용,,,2026-07-29,https://jasoseol.com/recruit/105038,,2026-09-07 18:40:35
자소설닷컴,앳홈,총무(GA) 매니저,총무,경력,상시채용,,,2026-07-27,https://jasoseol.com/recruit/105040,,2026-09-07 18:40:36
자소설닷컴,롯데제이티비,일본/글로벌 인바운드 여행상품기획 직무 인턴 채용,여행상품기획,인턴,수시채용,,,2026-07-22,https://jasoseol.com/recruit/105039,,2026-09-07 18:40:36
자소설닷컴,자본재공제조합,신규 정규직(신입) 채용공고,"공제지사 중부지사, 공제지사 대구지사",신입,수시채용,,,2026-07-21,https://jasoseol.com/recruit/105042,,2026-09-07 18:40:37
자소설닷컴,삼양케이씨아이,2026년 하반기 신입채용,"RA파트 신입, 해외영업 신입, 생산관리 채용전환형 인턴","신입, 인턴",수시채용,,,2026-07-19,https://jasoseol.com/recruit/105043,,2026-09-07 18:40:37
자소설닷컴,대구경북과학기술원(DGIST),2026년도 제4차 대체인력뱅크(계약직) 공개채용 공고,휴직대체인력-행정원,계약직,수시채용,,,2026-07-31,https://jasoseol.com/recruit/105045,,2026-09-07 18:40:38
자소설닷컴,한국후지필름,2026년 7월 VMD 경력사원 채용,VMD (Visual Merchandising),경력,수시채용,,,2026-07-14,https://jasoseol.com/recruit/105041,,2026-09-07 18:40:38
자소설닷컴,대상,2026년 신입/경력사원 채용,"[경영지원부문] 기술관리, [식품사업부문] 생산직, [식품사업부문] 산업안전, [식품사업부문] 생산관리, [식품사업부문] 품질관리, [소재사업부문] 생산직, [소재사업부문] 기술관리, [R&D부문] 연구 운영 기획,","경력, 신입",수시채용,,,2026-07-19,https://jasoseol.com/recruit/105046,,2026-09-07 18:40:39
자소설닷컴,한국투자증권,FY2026 Chat in Seoul - 해외 대학생 채용 설명회,해외 대학생 채용 설명회,신입,상시채용,,,2026-08-04,https://jasoseol.com/recruit/105047,,2026-09-07 18:40:39
자소설닷컴,페이히어,QA Assistant 인턴,QA Assistant 인턴,인턴,상시채용,,,2026-07-27,https://jasoseol.com/recruit/105044,,2026-09-07 18:40:39
자소설닷컴,알트소프트,전자기 분야 시뮬레이션 엔지니어 채용,저주파 전자기 관련분야 전산해석 시뮬레이션,코드5,수시채용,,,2026-07-16,https://jasoseol.com/recruit/105049,,2026-09-07 18:40:40
자소설닷컴,비바리퍼블리카(토스),Sales Specialist (토스페이),Sales Specialist (토스페이),계약직,상시채용,,,2026-07-27,https://jasoseol.com/recruit/105050,,2026-09-07 18:40:40
자소설닷컴,NHN,인프라 운영 및 엔지니어링(SE),인프라 운영 및 엔지니어링(SE),경력,상시채용,,,2026-08-10,https://jasoseol.com/recruit/105051,,2026-09-07 18:40:41
자소설닷컴,중소기업기술정보진흥원,정규직 신규직원 채용 공고,일반직_4급,신입,수시채용,,,2026-07-23,https://jasoseol.com/recruit/105048,,2026-09-07 18:40:41
자소설닷컴,웨이비스,2026년 하반기 신입사원 기수제 공채,"개발기술직군, 경영지원직군",신입,수시채용,,,2026-07-22,https://jasoseol.com/recruit/105053,,2026-09-07 18:40:41
자소설닷컴,NHN,프레임워크 개발,프레임워크 개발,경력,상시채용,,,2026-09-08,https://jasoseol.com/recruit/105055,,2026-09-07 18:40:42
자소설닷컴,한화금융,2026 신입사원 채용 Career Session,마케팅,신입,수시채용,,,2026-07-20,https://jasoseol.com/recruit/105054,,2026-09-07 18:40:42
자소설닷컴,모비데이즈,35기 인턴십 공개채용 (마케팅/사업기획/PM외),"마케팅, PM, GPM, CC, 사업기획·전략",인턴,수시채용,,,2026-07-19,https://jasoseol.com/recruit/105056,,2026-09-07 18:40:42
자소설닷컴,와디즈,대한의 외국인 부문별 글로벌(외국인/내국인) 채용,"글로벌 PD (외국인), 글로벌 마케팅 (외국인), 글로벌 서비스디자인 (외국인), 글로벌 PD (내국인), 글로벌 서비스디자인 (내국인), 광고 팀장 (내국인), 일본시장 사업개발 (내국인), 법무 (내국인), 채","경력, 코드5",수시채용,,,2026-07-27,https://jasoseol.com/recruit/105058,,2026-09-07 18:40:43
자소설닷컴,AXA손해보험,인사기획팀 L&D 담당자 채용,L&D 담당,경력,수시채용,,,2026-07-19,https://jasoseol.com/recruit/105060,,2026-09-07 18:40:43
자소설닷컴,스나이퍼팩토리,취업연계 AI·클라우드 개발 실무교육 | AlaaS 마스터 클래스 6기 모집 ✅,취업연계 AI·클라우드 개발 실무교육 | 카카오클라우드로 배우는 AlaaS 마스터 클래스 6기 모집 ✅,교육,수시채용,,,2026-08-17,https://jasoseol.com/recruit/105061,,2026-09-07 18:40:43
자소설닷컴,토스페이먼츠,Sales Assistant,Sales Assistant,계약직,상시채용,,,2026-07-22,https://jasoseol.com/recruit/105062,,2026-09-07 18:40:44
자소설닷컴,토스페이먼츠,Design Assistant,Design Assistant,계약직,상시채용,,,2026-09-08,https://jasoseol.com/recruit/105063,,2026-09-07 18:40:44
자소설닷컴,중앙대학교병원,(광명병원) 간호본부 신생아중환자실 전담간호사 (계약직) 모집 (2026.07),간호사-간호본부(신생아 중환자실)-신생아 중환자실 전담간호사,계약직,수시채용,,,2026-07-15,https://jasoseol.com/recruit/105065,,2026-09-07 18:40:45
자소설닷컴,중앙대학교병원,(광명병원) 약제팀 야간당직약사 (계약직) 모집 (2026.07-1),야간당직약사-약제팀,계약직,수시채용,,,2026-07-15,https://jasoseol.com/recruit/105066,,2026-09-07 18:40:45
자소설닷컴,더스크랙,SNS 인플루언서 마케터 (인턴),SNS 인플루언서 마케터,인턴,상시채용,,,2026-08-05,https://jasoseol.com/recruit/105064,,2026-09-07 18:40:46
자소설닷컴,일성아이에스,2026년 하반기 수시채용,"미래전략실(AX), 미래전략실(신사업), 경영기획팀, 영업부, 개발기획&BD팀, 생산본부 물류팀, 생산본부 고형제팀, 생산본부 주사제팀, 품질보증팀, 품질관리팀","경력, 신입, 코드5",수시채용,,,2026-07-26,https://jasoseol.com/recruit/105068,,2026-09-07 18:40:46
자소설닷컴,동국제강,본사 수출지원 부문 계약직 사원 채용,수출지원,계약직,수시채용,,,2026-07-19,https://jasoseol.com/recruit/105067,,2026-09-07 18:40:46
자소설닷컴,넥슨네트웍스,게임QA 채용연계형 인턴 모집,게임QA,인턴,수시채용,,,2026-07-12,https://jasoseol.com/recruit/105069,,2026-09-07 18:40:47
자소설닷컴,한국환경산업기술원(KEITI),2026년도 제2차 신규직원 채용 공고,"전문연구직_5급_제품환경, 전문연구직_5급_환경산업, 전문연구직_5급_환경보건, 전문연구직_5급_사회복지, 전문연구직_5급_정보화, 공무직_전문직_전문2급_국제협력, 공무직_행정직_행정3급_환경행정, 공무직_운영직_",신입,수시채용,,,2026-07-24,https://jasoseol.com/recruit/105071,,2026-09-07 18:40:47
자소설닷컴,조선내화,2026년 신입/경력 공개채용,"[CR홀딩스] IT , [CR홀딩스] 재무/원가회계, [CR홀딩스] 비서, [조선내화] 해외영업 (미국) , [조선내화] 해외영업 , [조선내화] 설비관리 (전기) , [조선내화] 기술솔루션 (정형) , [조선내화]","경력, 계약직, 신입, 코드5",수시채용,,,2026-07-26,https://jasoseol.com/recruit/105070,,2026-09-07 18:40:48
자소설닷컴,사립학교교직원연금공단(TP),2026년도  체험형 청년인턴,사무행정,인턴,수시채용,,,2026-07-25,https://jasoseol.com/recruit/105072,,2026-09-07 18:40:48
자소설닷컴,에이피알,[영업] 해외 B2B 영업 채용연계형 인턴사원 모집(유럽/러시아권),[영업] 해외 B2B 영업(유럽/러시아권),인턴,상시채용,,,2026-08-18,https://jasoseol.com/recruit/105073,,2026-09-07 18:40:48
자소설닷컴,GC셀,공정/시험법 개선 담당자 모집 (경력),공정 개선,경력,수시채용,,,2026-07-19,https://jasoseol.com/recruit/105074,,2026-09-07 18:40:48
자소설닷컴,비바리퍼블리카(토스),Merchandising Associate (주니어 MD),Merchandising Associate (주니어 MD),계약직,수시채용,,,2026-07-26,https://jasoseol.com/recruit/105075,,2026-09-07 18:40:50
자소설닷컴,경기과학기술대학교,정규직원 채용공고,일반행정,코드5,수시채용,,,2026-07-22,https://jasoseol.com/recruit/105076,,2026-09-07 18:40:50
자소설닷컴,케이씨텍,[경력] 반도체 장비 시뮬레이션 엔지니어 모집(동탄),CMP장비-장비개발,경력,수시채용,,,2026-07-21,https://jasoseol.com/recruit/105078,,2026-09-07 18:40:51
자소설닷컴,씨엔씨티에너지(충남도시가스),2026년 하반기 전환인턴 채용,"도시가스 안전관리, 재무전략",인턴,수시채용,,,2026-07-26,https://jasoseol.com/recruit/105079,,2026-09-07 18:40:51
자소설닷컴,케이씨텍,[신입] 반도체 CMP설비 평가 생산직 모집(동탄),공정평가-경기도 화성시(R&D센터),신입,수시채용,,,2026-07-19,https://jasoseol.com/recruit/105077,,2026-09-07 18:40:51
자소설닷컴,에코마케팅,마케팅 영상 크리에이터 채용 (국내/일본),마케팅 영상 크리에이터,"경력, 신입",수시채용,,,2026-07-19,https://jasoseol.com/recruit/105080,,2026-09-07 18:40:51
자소설닷컴,LX세미콘,2026년 7월 경력사원 채용,"SerDes Architect(Phy) - Analog Design, SerDes Architect(Link) - Digital Design, Analog Design - MCU, Digital Design - MC",경력,수시채용,,,2026-07-26,https://jasoseol.com/recruit/105081,,2026-09-07 18:40:52
자소설닷컴,LX세미콘,2026년 7월 석사 채용연계형 인턴 채용,"Analog Design [SerDes Architect (Phy)] - Interface , Digital Design [SerDes Architect (Link)] - Interface , Analog Desig",인턴,수시채용,,,2026-08-02,https://jasoseol.com/recruit/105082,,2026-09-07 18:40:53
자소설닷컴,LX세미콘,2026년 7월 박사 신입사원 채용,"Analog Design Interface [SerDes Architect (Phy)] , Digital Design Interface [SerDes Architect (Link)] , Analog Design MC",신입,수시채용,,,2026-07-26,https://jasoseol.com/recruit/105083,,2026-09-07 18:40:53
자소설닷컴,아드반테스트코리아,2026년 하반기 신입/경력사원 공개채용,"Test-Technology Architect, Memory Sales , SoC Application Engineer , Production Services Engineer, Production Services E","경력, 신입, 코드5",수시채용,,,2026-07-19,https://jasoseol.com/recruit/105084,,2026-09-07 18:40:53
자소설닷컴,금융권 공동채용 박람회,2026 금융권 공동채용 박람회,2026년 금융권 공동채용 박람회,인턴,수시채용,,,2026-08-20,https://jasoseol.com/recruit/105085,,2026-09-07 18:40:53
자소설닷컴,에코마케팅,[대규모 인턴 채용] 퍼포먼스 마케터 인턴 채용,퍼포먼스 마케터,인턴,수시채용,,,2026-07-19,https://jasoseol.com/recruit/105086,,2026-09-07 18:40:54
자소설닷컴,중앙대학교병원,(광명병원) 간호본부 호흡기알레르기내과 전담간호사 (계약직) 모집 (2026.07-1),간호사-간호본부(진료지원간호팀)-호흡기알레르기내과 전담간호사,계약직,수시채용,,,2026-07-15,https://jasoseol.com/recruit/105087,,2026-09-07 18:40:54
자소설닷컴,중앙대학교병원,(광명병원) 간호본부 정신건강의학과 전담간호사 (휴직대체) 모집 (2026.07),간호사-간호본부(진료지원간호팀)-정신건강의학과 전담간호사,계약직,수시채용,,,2026-07-15,https://jasoseol.com/recruit/105089,,2026-09-07 18:40:55
자소설닷컴,중앙대학교병원,(서울병원) 건진센터(증진) 간호사(계약직) 모집 (2026.07-2),건진센터(증진)-간호사,계약직,수시채용,,,2026-07-16,https://jasoseol.com/recruit/105090,,2026-09-07 18:40:55
자소설닷컴,쎄트렉아이,경력직 집중채용,"제품보증 담당자, SMT 공정 엔지니어, FPGA 로직 개발 엔지니어, 위성 전력시스템 HW 개발 엔지니어, 위성 RF HW 개발 엔지니어, 위선 전자 HW 개발 엔지니어, 궤도역학 알고리즘 개발자, 지상국 SW 개",경력,수시채용,,,2026-07-31,https://jasoseol.com/recruit/105091,,2026-09-07 18:40:56
자소설닷컴,중앙대학교병원,(광명병원) 간호본부 류마티스내과 전담간호사 (휴직대체) 모집 (2026.07),간호사-간호본부(진료지원간호팀)-류마티스내과 전담간호사,계약직,수시채용,,,2026-07-15,https://jasoseol.com/recruit/105088,,2026-09-07 18:40:56
자소설닷컴,코르트,2026년 영업 담당자 채용(신입),영업,신입,수시채용,,,2026-08-02,https://jasoseol.com/recruit/105092,,2026-09-07 18:40:56
자소설닷컴,연구개발특구진흥재단,2026년 제2차 직원채용 공고,"일반직 원급 (신입), 전일제(주40시간)_공개경쟁 _기술사업화 (대전), 일반직 원급 (신입), 전일제(주40시간)_공개경쟁 _기술사업화 (부산), 일반직 원급 (신입), 전일제(주40시간)_공개경쟁 _경영지원(전","계약직, 신입, 인턴",수시채용,,,2026-07-29,https://jasoseol.com/recruit/105093,,2026-09-07 18:40:57
자소설닷컴,현대엔지비,2026년 8월 체험형 인턴 채용 (기술인재육성 분야),"매치업 교육, 부트 캠퍼스, 과정 개발, 콘텐츠 개발",인턴,수시채용,,,2026-07-22,https://jasoseol.com/recruit/105094,,2026-09-07 18:40:57
자소설닷컴,에스피삼화,2026년 하반기 신입/경력 채용,"재무공시, 구매, 국내영업, 생산지원, 품질관리, 생산기술, 전략사업, ESG, 상품전략, 디지털마케팅, 마케팅디자인, 외주생산","경력, 신입",수시채용,,,2026-07-28,https://jasoseol.com/recruit/105095,,2026-09-07 18:40:58
자소설닷컴,서울현대교육재단,🔔 한국산업인력공단 베트남 해외 취업 과정 연수생 모집,취업 성과로 검증된 베트남 취업 우수기관에서 글로벌 취업 도전 ✈️,교육,수시채용,,,2026-08-26,https://jasoseol.com/recruit/105096,,2026-09-07 18:40:58
자소설닷컴,SK쉴더스,지능형 애플리케이션 개발자 양성과정,지능형 애플리케이션 개발자 양성과정,교육,수시채용,,,2026-07-19,https://jasoseol.com/recruit/105097,,2026-09-07 18:40:58
자소설닷컴,엘티정밀,2026년 하반기 각 부문 신입/경력 채용,"생산 - 생산 Line Trouble Shooting, 연구소 - 연구&개발, 영업자재팀  - 해외 영업 관리, 영업자재팀 - 자재(구매) 관리, AX팀 - 생산/사무혁신, AI활용, 공장지원팀 - 사무보조","경력, 코드5",수시채용,,,2026-07-20,https://jasoseol.com/recruit/105098,,2026-09-07 18:40:59
자소설닷컴,깨끗한나라,2026년 7월 수시채용(전기/기획/글로벌영업/브랜드/HR),"전기팀, HL 기획팀, HL 글로벌영업팀, 브랜드1팀 , HR팀 (신입), HR팀 (경력), HR팀 (인턴)","경력, 신입, 인턴",수시채용,,,2026-07-19,https://jasoseol.com/recruit/105099,,2026-09-07 18:40:59
자소설닷컴,신원,수출부문 KNIT 해외영업 신입 채용,수출부문 KNIT 해외영업 신입 채용,신입,수시채용,,,2026-07-31,https://jasoseol.com/recruit/105100,,2026-09-07 18:40:59
자소설닷컴,리멤버앤컴퍼니,리서치사업 운영 Intern,리서치사업 운영 Intern,인턴,상시채용,,,2026-07-20,https://jasoseol.com/recruit/105101,,2026-09-07 18:41:00
자소설닷컴,페이히어,[핀테크 스타트업] SaaS 영업 컨설턴트 신입 채용 (연봉 3600/인센티브/분기상여금),SaaS 영업 컨설턴트 (신입),계약직,상시채용,,,2026-07-20,https://jasoseol.com/recruit/105103,,2026-09-07 18:41:01
자소설닷컴,해양수산과학기술진흥원,2026년도 제2차 신규직원(기간제근로자 및 청년인턴) 채용,"사업관리, 청년인턴(사무행정), 청년인턴(사무행정/장애인제한경쟁)","계약직, 인턴",수시채용,,,2026-07-29,https://jasoseol.com/recruit/105102,,2026-09-07 18:41:01
자소설닷컴,한국과학기술한림원,국민생활안전종합지원단 2026년 직원 채용(2차) 공고,일반행정,계약직,수시채용,,,2026-07-27,https://jasoseol.com/recruit/105105,,2026-09-07 18:41:02
자소설닷컴,토스플레이스,Brand Marketing Partner,[토스플레이스] Brand Marketing Partner,계약직,상시채용,,,2026-08-27,https://jasoseol.com/recruit/105106,,2026-09-07 18:41:02
자소설닷컴,토스뱅크,Product Design Assistant,[토스뱅크] Product Design Assistant,계약직,상시채용,,,2026-07-31,https://jasoseol.com/recruit/105107,,2026-09-07 18:41:02
자소설닷컴,마이다스그룹,백엔드 개발자 (CDC 실무 경력자) 채용,개발분야-백엔드 개발-판교본사,경력,수시채용,,,2026-07-19,https://jasoseol.com/recruit/105108,,2026-09-07 18:41:03
자소설닷컴,중앙대학교병원,(서울병원) 총무팀 운전기사(계약직) 모집(2026.07),총무팀(차량반)-운전기사,계약직,수시채용,,,2026-07-19,https://jasoseol.com/recruit/105109,,2026-09-07 18:41:03
자소설닷컴,KG ICT,청년 이차전지 미래기술 아카데미 14기,청년 이차전지 미래기술 아카데미 14기,교육,수시채용,,,2026-08-09,https://jasoseol.com/recruit/105104,,2026-09-07 18:41:04
자소설닷컴,일화,2026년 신입 및 경력 채용(5),"지원팀-총무담당, 디자인팀-디자인담당, E-BIZ영업팀-E-BIZ영업담당, 초정공장-공무담당(전기), 건기식생산팀-건기식품질관리담당","경력, 계약직, 코드5",수시채용,,,2026-07-20,https://jasoseol.com/recruit/105110,,2026-09-07 18:41:04
자소설닷컴,한국남동발전(KOEN),2026년도 체험형인턴 채용공고,"[일반전형]사무_본사, [일반전형]사무_영흥, [일반전형]사무_삼천포(고성), [일반전형]사무_분당, [일반전형]사무_영동(강릉), [일반전형]사무_여수, [일반전형]사무_현장교육팀(대전), [일반전형]기술_본사, ",인턴,수시채용,,,2026-07-28,https://jasoseol.com/recruit/105112,,2026-09-07 18:41:04
자소설닷컴,케이씨텍,[채용연계형 인턴] 부품영업담당자 모집(동탄),부품영업-경기도 화성시(R&D센터),인턴,수시채용,,,2026-07-21,https://jasoseol.com/recruit/105111,,2026-09-07 18:41:05
자소설닷컴,한국해양조사협회,직원채용 공고,"일반직_공개 경력 경쟁_해양조사·정보, 일반직_공개 일반 경쟁_일반사무, 계약직_공개 경력 경쟁_국제협력, 계약직_공개 경력 경쟁_해양조사·정보 품질관리, 계약직_공개 경력 경쟁_해양조사·정보 업무지원, 계약직_공개","계약직, 인턴, 코드5",수시채용,,,2026-07-29,https://jasoseol.com/recruit/105113,,2026-09-07 18:41:05
자소설닷컴,국민체육진흥공단(KSPO),2026년 채용형 청년인턴(일반직 8급 전환형) 채용공고,"고졸 제한경쟁_일반전형_사무, 고졸 제한경쟁_일반전형_IT, 고졸 제한경쟁_일반전형_영업(호텔조리), 고졸 제한경쟁_지역인재_사무, 고졸 제한경쟁_지역인재_IT, 고졸 제한경쟁_지역인재_영업(호텔조리), 사회형평전형",인턴,수시채용,,,2026-07-28,https://jasoseol.com/recruit/105116,,2026-09-07 18:41:06
자소설닷컴,국민체육진흥공단(KSPO),2026년 채용형 청년인턴(일반직 7급 전환형) 채용공고,"일반전형_사무_경영, 일반전형_사무_행정, 일반전형_사무_체육, 일반전형_기술_건축, 일반전형_기술_기계, 일반전형_기술_전기, 일반전형_IT, 사회형평전형_지역인재_사무_경영, 사회형평전형_지역인재_사무_행정, 사",인턴,수시채용,,,2026-07-28,https://jasoseol.com/recruit/105115,,2026-09-07 18:41:06
자소설닷컴,NES머티리얼즈,하반기 고졸 신입 모집 (반도체소재 생산 운전),[신입] 반도체소재 생산,신입,수시채용,,,2026-07-22,https://jasoseol.com/recruit/105117,,2026-09-07 18:41:06
자소설닷컴,피알원,통합 AE / 디자이너 신입사원 채용 건,"통합 AE, 디자이너",신입,상시채용,,,2026-09-13,https://jasoseol.com/recruit/105114,,2026-09-07 18:41:07
자소설닷컴,윈스테크넷,2026년 사이버보안 전문인력 양성과정 교육생 9기 모집(부산),정보보안,교육,수시채용,,,2026-08-12,https://jasoseol.com/recruit/105118,,2026-09-07 18:41:07
자소설닷컴,케이씨텍,[신입/경력] 대표이사 및 임원 비서 계약직 모집(동탄),"신입-대표이사비서&사무지원-경기도 화성시(R&D센터), 경력-대표이사비서&사무지원-경기도 화성시(R&D센터)",계약직,수시채용,,,2026-07-26,https://jasoseol.com/recruit/105120,,2026-09-07 18:41:08
자소설닷컴,디와이파워,2026년 해외영업/HR 신입사원 공개채용,"해외영업, HR",신입,수시채용,,,2026-07-26,https://jasoseol.com/recruit/105121,,2026-09-07 18:41:08
자소설닷컴,푸본현대생명,2026년 채용전환형 Internship_계리,계리모델,인턴,수시채용,,,2026-07-20,https://jasoseol.com/recruit/105123,,2026-09-07 18:41:09
자소설닷컴,코스포영남파워,2026년 신입 및 경력(계약직) 직원 공개채용,"전기, 사무, 계측제어, 환경화학","계약직, 신입",수시채용,,,2026-07-29,https://jasoseol.com/recruit/105122,,2026-09-07 18:41:09
자소설닷컴,현대종합금속,신입사원 모집,"본사 회장비서실, 본사 최고기술경영실 A/S,B/S파트","신입, 코드5",수시채용,,,2026-07-26,https://jasoseol.com/recruit/105119,,2026-09-07 18:41:09
자소설닷컴,호텔롯데 롯데리조트,L-CREW(체험형인턴) 사원을 채용합니다.,"재무, 회원권 사업관리, 부여리조트 객실프런트, 속초리조트 총무, 속초리조트 객실프런트, 속초리조트 워터파크프런트, 김해리조트 객실프런트",인턴,수시채용,,,2026-07-26,https://jasoseol.com/recruit/105124,,2026-09-07 18:41:09
자소설닷컴,국립농업박물관,2026년 제4차 직원 채용 공고,"전기, 전시운영(장애인 제한), 학예","경력, 계약직, 코드5",수시채용,,,2026-07-28,https://jasoseol.com/recruit/105125,,2026-09-07 18:41:10
자소설닷컴,현대엔지비,2026년 정규직 신입 채용,기술인재육성-HRD 컨설팅 및 모빌리티 기술 인재육성 프로그램 기획/개발/운영,신입,수시채용,,,2026-07-29,https://jasoseol.com/recruit/105127,,2026-09-07 18:41:12
자소설닷컴,텔레칩스,차량용 반도체 임베디드 스쿨 5기 모집,차량용 반도체 임베디드 SW 전문가 양성과정,교육,수시채용,,,2026-08-03,https://jasoseol.com/recruit/105128,,2026-09-07 18:41:12
자소설닷컴,국립농업박물관,2026년 하반기 청년인턴 채용 공고,"행정(장애인 제한), 전시(장애인 제한), 유물자료관리, 보존처리",인턴,수시채용,,,2026-07-28,https://jasoseol.com/recruit/105126,,2026-09-07 18:41:12
자소설닷컴,위비스,2026년 신입&경력 채용,"영업팀 , HR팀, 브랜드별(지센/볼빅) 패션디자이너 , 지센 생산팀 , 볼빅 패션디자인 (경력)","경력, 신입, 코드5",수시채용,,,2026-07-31,https://jasoseol.com/recruit/105129,,2026-09-07 18:41:13
자소설닷컴,중앙대학교병원,(서울병원) 총무팀 병원장 운전기사(계약직) 모집(2026.07),총무팀(차량반)-운전기사,계약직,수시채용,,,2026-07-20,https://jasoseol.com/recruit/105130,,2026-09-07 18:41:13
자소설닷컴,중앙대학교병원,(서울병원) 건진센터 간호사(계약직) 모집 (2026.07),"건진센터(일반검진)-간호사, 건진센터(증진)-간호사",계약직,수시채용,,,2026-07-20,https://jasoseol.com/recruit/105131,,2026-09-07 18:41:13
자소설닷컴,어플라이드 머티어리얼즈 코리아,Logistics Operations 신입/경력 채용,Logistics Operations,"경력, 신입",수시채용,,,2026-07-24,https://jasoseol.com/recruit/105132,,2026-09-07 18:41:13
자소설닷컴,SGI서울보증,2026년 경력직 채용,"정보보호 기획, 정보보호 운영",경력,수시채용,,,2026-07-30,https://jasoseol.com/recruit/105133,,2026-09-07 18:41:14
자소설닷컴,중앙대학교병원,광명소하검진센터 풀타임 방사선사 (계약직) 모집 (2026.07),방사선사-광명소하검진센터,계약직,수시채용,,,2026-07-19,https://jasoseol.com/recruit/105134,,2026-09-07 18:41:14
자소설닷컴,비바리퍼블리카(토스),Merchandising Associate (주니어 MD),Merchandising Associate (주니어 MD),계약직,수시채용,,,2026-07-30,https://jasoseol.com/recruit/105135,,2026-09-07 18:41:14
자소설닷컴,중앙대학교병원,(서울병원) 부대사업팀 조리원(휴직대체) 모집 (2026.07-2),부대사업팀-조리원,계약직,수시채용,,,2026-07-21,https://jasoseol.com/recruit/105136,,2026-09-07 18:41:15
자소설닷컴,강원신용보증재단,2026년 제2차 신입직원(일반직 6급) 채용 공고,일반직 6급 ,코드5,수시채용,,,2026-07-27,https://jasoseol.com/recruit/105137,,2026-09-07 18:41:15
자소설닷컴,경신,2026년 전자제조팀 계약직 채용,전자/부품사업-전자제조-송도공장,계약직,수시채용,,,2026-07-19,https://jasoseol.com/recruit/105140,,2026-09-07 18:41:16
자소설닷컴,앰코테크놀로지코리아,2026년 하반기 신입/경력사원 공채,"R&D - 특성분석, R&D - 재료개발, R&D - 선행개발, R&D - RF 개발, R&D - 제품개발, Engineer - Assembly/Bump, Engineer - Test, Engineer - Quali","경력, 신입",수시채용,,,2026-07-23,https://jasoseol.com/recruit/105138,,2026-09-07 18:41:16
자소설닷컴,대륜이엔에스,2026년도 기술직(신입) 채용,기술직,신입,수시채용,,,2026-08-02,https://jasoseol.com/recruit/105141,,2026-09-07 18:41:17
자소설닷컴,중앙대학교병원,(서울병원) 시설팀(기관실) 기능사(계약직) 모집(2026.07),시설팀(기관실)-기능사,계약직,수시채용,,,2026-07-21,https://jasoseol.com/recruit/105139,,2026-09-07 18:41:17
자소설닷컴,삼진제약,각 부문별 채용,"MA, AI 신약개발, 내부통제, IT, 마케팅PM(항암/폐동맥고혈압), 학술, 임상, Healthcare Device(팀장), 개발, ADMET, 약리, 제조관리 약사","경력, 인턴, 코드5",수시채용,,,2026-07-31,https://jasoseol.com/recruit/105143,,2026-09-07 18:41:18
자소설닷컴,유안타증권,법무팀 사내변호사 채용,사내변호사,계약직,수시채용,,,2026-07-28,https://jasoseol.com/recruit/105142,,2026-09-07 18:41:18
자소설닷컴,마이스터즈,홈 컨시어지 매니저 (고객관리·상담),홈 컨시어지 매니저,경력,상시채용,,,2026-08-04,https://jasoseol.com/recruit/105144,,2026-09-07 18:41:18
자소설닷컴,유안타증권,Equity솔루션팀 신입/경력직원 채용,Equity솔루션팀,계약직,수시채용,,,2026-07-29,https://jasoseol.com/recruit/105145,,2026-09-07 18:41:18
자소설닷컴,이노션,HR 운영 담당자 (육아휴직 대체),HR 운영 담당자 (육아휴직 대체),계약직,수시채용,,,2026-07-26,https://jasoseol.com/recruit/105146,,2026-09-07 18:41:19
자소설닷컴,에이치알에스코리아,2026년 신입사원 공개채용,"제품 개발 , 제조, 가공, 해외 영업관리 ","신입, 인턴",수시채용,,,2026-08-03,https://jasoseol.com/recruit/105147,,2026-09-07 18:41:19
자소설닷컴,비바리퍼블리카(토스),General Affairs Assistant,General Affairs Assistant,계약직,상시채용,,,2026-07-27,https://jasoseol.com/recruit/105148,,2026-09-07 18:41:20
자소설닷컴,마이다스그룹,지반 분야 고객 교육 및 기술지원  담당자 채용,기술지원/기획 분야-지반분야 SW 기술지원 및 기획-판교본사,코드5,수시채용,,,2026-07-26,https://jasoseol.com/recruit/105149,,2026-09-07 18:41:20
자소설닷컴,LS MnM,신입/경력사원 수시채용,"생산엔지니어 (제련), 품질관리, 설비엔지니어 (기계), 배터리소재 수주영업, 회계","경력, 신입",수시채용,,,2026-07-29,https://jasoseol.com/recruit/105150,,2026-09-07 18:41:20
자소설닷컴,코리안리재보험,2026 하반기 체험형(계리/AI) 인턴 채용,"[계리]Pricing Assistant, [AI]AI Assistant",인턴,수시채용,,,2026-07-26,https://jasoseol.com/recruit/105152,,2026-09-07 18:41:21
자소설닷컴,인애이블퓨전,2026 하반기 공개채용 공고,"System Integration Engineer, Configuration Management Engineer, Mechanical Engineer, Thermo-hydraulic Design Engineer, S","경력, 코드5",수시채용,,,2026-08-21,https://jasoseol.com/recruit/105151,,2026-09-07 18:41:21
자소설닷컴,구름,"[취업 연계] AI 취업, 지금 시작하세요! 풀스택·인프라·데이터·보안 엔지니어 양성 과정",풀스택·인프라·데이터·보안 엔지니어 양성 과정,교육,수시채용,,,2026-08-03,https://jasoseol.com/recruit/105153,,2026-09-07 18:41:22
자소설닷컴,한국발명진흥회(KIPA),2026년 정규직(6급 채용형 인턴) 채용공고,"지식재산 사업관리 (일반행정), 지식재산 사업관리 (이공계), 지식재산 사업관리 (보훈), 시스템 개발 및 정보화 운영",인턴,수시채용,,,2026-07-21,https://jasoseol.com/recruit/105154,,2026-09-07 18:41:22
자소설닷컴,계명대학교 동산병원,정규직 전환 계약직 공개경쟁채용,"행정A (일반행정), 행정B (홍보팀), 시설관리기사 (전기·통신·소방), 환경기사 (재난안전관리), 의공기사, 방사선사A (심장내과), 방사선사B (영상의학), 방사선사C (방사선종양학과), 방사선사D (핵의학과)",계약직,수시채용,,,2026-07-27,https://jasoseol.com/recruit/105155,,2026-09-07 18:41:22
자소설닷컴,아이샵케어,토스 단말기 설치 (확장),토스 단말기 설치,계약직,상시채용,,,2026-08-08,https://jasoseol.com/recruit/105156,,2026-09-07 18:41:23
자소설닷컴,중앙대학교병원,디지털전략팀 행정직 (계약직) 모집 (2026.07),행정-디지털전략팀,계약직,수시채용,,,2026-07-20,https://jasoseol.com/recruit/105157,,2026-09-07 18:41:23
자소설닷컴,대구경북과학기술원(DGIST),2026년도 DGIST 제7차 계약직(일반직원) 공개채용 공고,"선임행정원/책임행정원-사업단운영지원팀, 행정원-사업단운영지원팀, 행정원-국제교류팀, 행정원-로봇및기계전자공학과(1), 행정원-로봇및기계전자공학과(2), 사무원(시간제)-에너지공학과, 행정원-이노코어 사업지원팀, 행정",계약직,수시채용,,,2026-07-31,https://jasoseol.com/recruit/105158,,2026-09-07 18:41:24
자소설닷컴,연합인포맥스,서버/풀스택 개발자 채용(신입/경력),서버/풀스택 개발 및 운영,코드5,수시채용,,,2026-07-26,https://jasoseol.com/recruit/105160,,2026-09-07 18:41:24
자소설닷컴,하나캐피탈,2026년 고졸/대졸 채용연계형 인턴사원 모집,"[고졸] 일반 , [고졸] IT , [고졸] 지역채용 , [대졸] 일반, [대졸] 지역채용",인턴,수시채용,,,2026-08-03,https://jasoseol.com/recruit/105159,,2026-09-07 18:41:24
자소설닷컴,한국사회보장정보원,2026년도 제3차 직원 채용공고,"[정규직] 행정직 6급갑(일반), [정규직] 행정직 6급갑(기록물관리), [정규직] 행정직 6급갑(장애), [정규직] 행정직 6급을(일반), [정규직] 전산직 6급갑(일반), [정규직] 전산직 6급을(일반), [공무","계약직, 인턴, 코드5",수시채용,,,2026-07-30,https://jasoseol.com/recruit/105162,,2026-09-07 18:41:25
자소설닷컴,현대경제연구원,HYUNDAI AI INSIGHT CAMPUS 모집,AI 개발자,교육,수시채용,,,2026-09-18,https://jasoseol.com/recruit/105161,,2026-09-07 18:41:25
자소설닷컴,한국생산성본부(KPC),2026 K-뉴딜 아카데미 참여자 모집,2026 K-뉴딜 아카데미 참여자,교육,상시채용,,,2026-11-12,https://jasoseol.com/recruit/105163,,2026-09-07 18:41:26
자소설닷컴,데일리앤코,"[티타드,몽제] 컨텐츠팀 영상마케터 채용",영상마케터,코드5,수시채용,,,2026-07-27,https://jasoseol.com/recruit/105164,,2026-09-07 18:41:26
자소설닷컴,존슨앤드존슨,"[MedTech] Clinical Sales - Electrophysiology(Seoul, Busan)","[MedTech] Clinical Sales - Electrophysiology(Seoul, Busan)",신입,수시채용,,,2026-08-04,https://jasoseol.com/recruit/105166,,2026-09-07 18:41:27
자소설닷컴,정보통신기획평가원,직원 채용(전문직) 공고,"사업관리, 장애(사업관리), 시설관리(기계)",계약직,수시채용,,,2026-08-07,https://jasoseol.com/recruit/105168,,2026-09-07 18:41:28
자소설닷컴,식품안전정보원,2026년 제2차 기간제 직원 모집 공고,"기간제(선임급)_외국어(영어), 기간제(선임급)_식품(연구), 기간제(원급)_전산(일반/정보보안/통합망), 기간제(원급)_전산[장애인 제한경쟁], 기간제(원급)_전산(연구), 기간제(원급)_전산(통합망), 기간제(원",계약직,수시채용,,,2026-07-31,https://jasoseol.com/recruit/105165,,2026-09-07 18:41:28
자소설닷컴,토스플레이스,Research Assistant,Research Assistant,계약직,상시채용,,,2026-08-12,https://jasoseol.com/recruit/105169,,2026-09-07 18:41:28
자소설닷컴,행복나래,각 부문별 신입/경력사원 채용,"재무, 통합구매, 법무, 영업","경력, 신입",수시채용,,,2026-07-26,https://jasoseol.com/recruit/105170,,2026-09-07 18:41:28
자소설닷컴,KBS,2026년 신입직원 공개채용,"PD(시사교양) - 전국권, PD(시사교양) - 충청권, PD(시사교양) - 강원권, PD(시사교양) - 제주권, PD(라디오) - 전국권, PD(예능) - 전국권, PD(드라마) - 전국권, PD(콘텐츠전략) - ",신입,수시채용,,,2026-08-04,https://jasoseol.com/recruit/105171,,2026-09-07 18:41:29
자소설닷컴,에코마케팅,Corporate Strategy(전략기획) 담당자 채용,Corporate Strategy(전략기획) 담당자 채용,경력,수시채용,,,2026-08-30,https://jasoseol.com/recruit/105167,,2026-09-07 18:41:29
자소설닷컴,켑코솔라,2026년도 3차 정규직 직원 모집,"전략기획 - 계약 법무, 전략기획 - 리스크 관리, 경영지원 - 회계 지원, 사업 분야 - 개발/운영/안전",경력,수시채용,,,2026-07-27,https://jasoseol.com/recruit/105174,,2026-09-07 18:41:30
자소설닷컴,아난티,호스피탈리티 서비스경험 디자인 아카데미,호스피탈리티 서비스경험 디자인,교육,수시채용,,,2026-08-10,https://jasoseol.com/recruit/105173,,2026-09-07 18:41:30
자소설닷컴,안랩,2026 하반기 체험형 인턴십,"정보 보안 운영, 채용 운영, IT 헬프데스크",인턴,수시채용,,,2026-07-26,https://jasoseol.com/recruit/105172,,2026-09-07 18:41:30
자소설닷컴,신원,수출부문 People&Culture팀 신입/ 경력 채용,People&Culture팀,코드5,수시채용,,,2026-07-26,https://jasoseol.com/recruit/105175,,2026-09-07 18:41:30
자소설닷컴,NHN Cloud,클라우드 영업(금융),클라우드 영업(금융),경력,상시채용,,,2026-09-07,https://jasoseol.com/recruit/105176,,2026-09-07 18:41:31
자소설닷컴,한국수산회,직원 채용 공고,정규직 6급,신입,수시채용,,,2026-07-22,https://jasoseol.com/recruit/105177,,2026-09-07 18:41:31
자소설닷컴,삼립,안전관리자 모집_신입,안전관리자(서천센터),신입,수시채용,,,2026-07-27,https://jasoseol.com/recruit/105178,,2026-09-07 18:41:32
자소설닷컴,현대트랜시스,2026 하반기 채용전환형 인턴,"모터설계, 전장설계, 전동화신뢰성개발, 전력 변환제어개발, 차량제어성능개발, 시트설계, 시트안전내구시험, 시트시작, 시트제어개발, 파워트레인생산, 생산관리/자재관리, 설비보전, 스마트제조기술, 파워트레인생산기술, 시",인턴,수시채용,,,2026-08-03,https://jasoseol.com/recruit/105179,,2026-09-07 18:41:32
자소설닷컴,KT&G,2026년 하반기 계약사원 채용,"글로벌 사업개발, 브랜드 디자이너, 제품 디자이너, 그래픽 디자이너, 선적및 영업지원, 통번역사 (중국어), 글로벌 시장분석, AI전환 아키텍트, 원료가공 운영지원, 분석시험 지원",계약직,수시채용,,,2026-07-28,https://jasoseol.com/recruit/105180,,2026-09-07 18:41:32
자소설닷컴,SK바이오사이언스,26년 7월 신입/경력사원 수시채용,"Global Business Development, Microbiological Analysis Management, QC System Operation, Quality Control, QA Validation, D","경력, 계약직, 코드5",수시채용,,,2026-08-05,https://jasoseol.com/recruit/105181,,2026-09-07 18:41:33
자소설닷컴,현대엔지비,[새싹X현대자동차그룹] 새싹 Physical AI 로보틱스 실전랩,새싹 Physical AI 로보틱스 실전랩,교육,수시채용,,,2026-08-17,https://jasoseol.com/recruit/105183,,2026-09-07 18:41:34
자소설닷컴,에프앤코,7월 부문별 신입/경력 인재 채용,"콘텐츠마케터, S&OP, 품질 및 구매 관리, 자금/회계, 디지털 콘텐츠 디자이너, 브랜드 크리에이티브 디자이너, 오프라인 영업 (일본), 이커머스MD(라쿠텐), 글로벌B2B영업, 이커머스MD (틱톡샵), 글로벌콘텐","경력, 계약직, 코드6",수시채용,,,2026-08-02,https://jasoseol.com/recruit/105184,,2026-09-07 18:41:34
자소설닷컴,피에스케이,7월 직무별 수시모집,"품질관리, 시스템관리, IT infra Management, 법무, Global HR, 기술영업, 공정개발, 기구설계, 기구설계(Laser), 전장설계(Laser), CAE (Computer-Aided Egineer","경력, 인턴",수시채용,,,2026-07-27,https://jasoseol.com/recruit/105182,,2026-09-07 18:41:34
자소설닷컴,유안타증권,리서치센터 신입/경력 디자이너 채용,리서치센터 신입/경력 디자이너,계약직,수시채용,,,2026-08-03,https://jasoseol.com/recruit/105185,,2026-09-07 18:41:35
자소설닷컴,무역안보관리원,2026년도 제2차 체험형 청년인턴 채용 공고,체험형 청년인턴_사무지원,인턴,수시채용,,,2026-08-04,https://jasoseol.com/recruit/105186,,2026-09-07 18:41:35
자소설닷컴,비바리퍼블리카(토스),AML Operations Specialist,AML Operations Specialist,계약직,상시채용,,,2026-08-09,https://jasoseol.com/recruit/105188,,2026-09-07 18:41:36
자소설닷컴,페이히어,[핀테크 스타트업] SaaS 영업 컨설턴트 신입 채용 (연봉 3600/인센티브/분기상여금),SaaS 영업 컨설턴트 (신입),계약직,상시채용,,,2026-07-27,https://jasoseol.com/recruit/105187,,2026-09-07 18:41:36
자소설닷컴,신용보증재단중앙회(KOREG),2026년 신입직원(5급) 공개채용,"경영일반(경영.경제), 경영일반(보훈), 전산일반",신입,수시채용,,,2026-08-04,https://jasoseol.com/recruit/105190,,2026-09-07 18:41:36
자소설닷컴,케이씨텍,[경력] 반도체 장비 로봇 설계 관리자 모집(동탄),설계-장비설계-경기도 화성시(R&D센터),경력,수시채용,,,2026-07-27,https://jasoseol.com/recruit/105189,,2026-09-07 18:41:37
자소설닷컴,에이피알,[제조] PDRN/PN 이물검사 및 포장 담당 채용연계형 인턴사원 모집,PDRN/PN 이물검사 및 포장 담당,인턴,상시채용,,,2026-08-28,https://jasoseol.com/recruit/105192,,2026-09-07 18:41:37
자소설닷컴,다스,2026년 하반기 공개채용,"기획, 재경, 국내영업, 구매개발, 원가관리, PM, 생산기술, 성형·금형, 보전, 생산관리, 품질보증·품질관리 (경주), 보전 (아산), 품질보증·품질관리 (아산), 해외영업, 소재연구","경력, 신입, 코드5",수시채용,,,2026-08-09,https://jasoseol.com/recruit/105193,,2026-09-07 18:41:38
자소설닷컴,프리윌린,전략기획팀 신입 채용,전략기획팀 Strategy & Biz Dev. Manager,인턴,상시채용,,,2026-08-19,https://jasoseol.com/recruit/105191,,2026-09-07 18:41:38
자소설닷컴,한국기계연구원,2026년도 제5회 기간제 근로자 공개채용,"AI휴머노이드 연구개발, 기계시스템 기반 바이오파운드리 핵심기기 설계 및 개발, 잠수함 음향특성 현장시험/분석/평가, SMR보조기기제작지원센터 장비 구축 및 운용, E-모빌리티 레이저기반 제조장비 및 가공 품질 KO",계약직,수시채용,,,2026-08-04,https://jasoseol.com/recruit/105194,,2026-09-07 18:41:38
자소설닷컴,한국알콜그룹,2026년 7월 채용,"[ENF]연구개발, [ENF]기술영업(도금액), [ENF]기술영업(반도체소재), [ENF]IT 개발, [ENF]재무회계, [ENF]연구개발(반도체재료), [ENF]자재관리, [KC&A]재무회계, [PURIT]기술영업","경력, 계약직, 신입",수시채용,,,2026-08-03,https://jasoseol.com/recruit/105195,,2026-09-07 18:41:38
자소설닷컴,토스페이먼츠,Merchant Onboarding Specialist (Global),글로벌 가맹점 관리,계약직,상시채용,,,2026-08-02,https://jasoseol.com/recruit/105196,,2026-09-07 18:41:39
자소설닷컴,토스페이먼츠,Merchant Onboarding Specialist  (PG 계약/심사),PG가맹점 관리,계약직,상시채용,,,2026-08-02,https://jasoseol.com/recruit/105197,,2026-09-07 18:41:39
자소설닷컴,하나자산신탁,2026년 하반기 채용연계형 인턴사원 모집,공통부문,인턴,수시채용,,,2026-08-09,https://jasoseol.com/recruit/105198,,2026-09-07 18:41:40
자소설닷컴,대한적십자사 혈액관리본부,2026년도 제3차 전문직 등(간호.보건.운수) 신규 직원 공개 모집,"간호직_서울중앙혈액원, 간호직_서울남부혈액원, 간호직_서울동부혈액원, 간호직_부산혈액원, 간호직_대구.경북혈액원_포항센터, 간호직_대구.경북혈액원_구미센터, 간호직_인천혈액원, 간호직_울산혈액원, 간호직_경기혈액원,",신입,수시채용,,,2026-08-04,https://jasoseol.com/recruit/105200,,2026-09-07 18:41:40
자소설닷컴,에이피알,[마케팅] 스페인 인플루언서 마케팅(PR) 채용연계형 인턴사원 모집,[마케팅] 스페인 인플루언서 마케팅(PR) 채용연계형 인턴사원 모집,인턴,상시채용,,,2026-08-28,https://jasoseol.com/recruit/105201,,2026-09-07 18:41:41
자소설닷컴,순천향대학교 부속 서울병원,사무처 일반직(정규직) 7급 사무원 채용공고,"경영, 사무, 행정",신입,수시채용,,,2026-07-26,https://jasoseol.com/recruit/105202,,2026-09-07 18:41:41
자소설닷컴,한국오츠카제약,Medical Representative (병원영업 채용연계형 인턴),MR (병원영업),인턴,수시채용,,,2026-08-09,https://jasoseol.com/recruit/105203,,2026-09-07 18:41:41
자소설닷컴,에코마케팅,[에코마케팅] 개인정보보호 담당자(경력 3년 이상),개인정보보호 담당자,경력,수시채용,,,2026-08-02,https://jasoseol.com/recruit/105204,,2026-09-07 18:41:42
자소설닷컴,NHN comico Korea,웹툰PD,웹툰PD,코드5,상시채용,,,2026-09-19,https://jasoseol.com/recruit/105206,,2026-09-07 18:41:42
자소설닷컴,한국사학진흥재단(KASFO),2026년 2차 직원 채용,"행정 5급 기록물, 행정 5급 행정A, 행정 5급 행정B, 전산 5급 전산A, 전산 5급 전산B",계약직,수시채용,,,2026-08-04,https://jasoseol.com/recruit/105207,,2026-09-07 18:41:44
자소설닷컴,NHN,AgenticAI 서비스 기획,AgenticAI 서비스 기획,경력,상시채용,,,2026-09-19,https://jasoseol.com/recruit/105205,,2026-09-07 18:41:44
자소설닷컴,에이피알,[제조] PDRN/PN 이물검사 및 포장 담당 계약직 사원 모집,PDRN/PN 이물검사 및 포장 담당,계약직,상시채용,,,2026-09-20,https://jasoseol.com/recruit/105209,,2026-09-07 18:41:44
자소설닷컴,에이피알,[마케팅] 대만 뷰티 온라인 MD 채용연계형 인턴사원 모집,[마케팅] 대만 뷰티 온라인 MD 채용연계형,인턴,상시채용,,,2026-08-31,https://jasoseol.com/recruit/105210,,2026-09-07 18:41:44
자소설닷컴,NHN Cloud,경영관리,경영관리,경력,상시채용,,,2026-09-20,https://jasoseol.com/recruit/105208,,2026-09-07 18:41:45
자소설닷컴,에이피알,[제조] 의료기기(필러/스킨부스터) 생산 채용연계형 인턴사원 모집,의료기기(필러/스킨부스터) 생산,인턴,상시채용,,,2026-08-28,https://jasoseol.com/recruit/105211,,2026-09-07 18:41:45
자소설닷컴,GS파워,2026년 하반기 신입사원 공개채용,발전소 운영 (기술직),신입,수시채용,,,2026-07-31,https://jasoseol.com/recruit/105213,,2026-09-07 18:41:46
자소설닷컴,대한항공,2026년 하반기 기술훈련생 모집 (엔진정비 분야),엔진정비 기술훈련생,인턴,수시채용,,,2026-08-02,https://jasoseol.com/recruit/105212,,2026-09-07 18:41:46
자소설닷컴,한국평가데이터,"2026 정규직 수시채용 (법무, 개인CB사업 분야)","법무 (변호사), 개인CB사업",경력,수시채용,,,2026-08-02,https://jasoseol.com/recruit/105215,,2026-09-07 18:41:46
자소설닷컴,GC셀,세포치료제 품질관리 담당자 모집 (신입),품질관리,신입,수시채용,,,2026-08-02,https://jasoseol.com/recruit/105217,,2026-09-07 18:41:47
자소설닷컴,성균관대학교,홍보팀 촉탁직원 채용 공고,홍보팀 촉탁직원,계약직,수시채용,,,2026-07-28,https://jasoseol.com/recruit/105218,,2026-09-07 18:41:48
자소설닷컴,전북테크노파크,제4차 직원채용 공고,"경력경쟁_연구직-1_4급(선임연구원)_정책기획 및 사업지원, 경력경쟁_연구직-2_5급(주임연구원)_정책기획 및 사업지원, 경력경쟁_연구직-3_5급(주임연구원)_사업 기획 및 운영, 경력경쟁_연구직-4_5급(주임연구원",계약직,수시채용,,,2026-07-31,https://jasoseol.com/recruit/105216,,2026-09-07 18:41:48
자소설닷컴,중앙대학교병원,(서울병원) 연구기획관리팀 데이터운영 연구원(계약직) 모집 (2026.07),연구기획관리팀-연구원,계약직,수시채용,,,2026-07-28,https://jasoseol.com/recruit/105220,,2026-09-07 18:41:48
자소설닷컴,바이엘크롭사이언스,"ICB Import & Export (서울, 정규직)",ICB Import & Export,경력,수시채용,,,2026-08-05,https://jasoseol.com/recruit/105219,,2026-09-07 18:41:48
자소설닷컴,팀스파르타,2026 인턴 채용,"IT 부트캠프 교육 운영기획 매니저, SEO 콘텐츠 마케터, L&D(Learning & Development) Manager, 신사업 퍼포먼스 마케터, 컬처 매니저(조직문화), CX 매니저",인턴,수시채용,,,2026-08-03,https://jasoseol.com/recruit/105214,,2026-09-07 18:41:49
자소설닷컴,온라인팜,"[한미약품 관계사] 약국영업(서울경기,대구,경남) 채용",약국영업,코드5,수시채용,,,2026-07-30,https://jasoseol.com/recruit/105221,,2026-09-07 18:41:49
자소설닷컴,금호폴리켐,2026년 기술직 신입사원 모집공고,"안전환경, 품질보증",신입,수시채용,,,2026-07-29,https://jasoseol.com/recruit/105222,,2026-09-07 18:41:49
자소설닷컴,GC셀,검체 관리 서비스 매니저 채용 (강남),서비스 매니저(강남),계약직,수시채용,,,2026-09-20,https://jasoseol.com/recruit/105223,,2026-09-07 18:41:50
자소설닷컴,성균관대학교,AI 기반 보안 엔지니어 전문가 과정,AI 기반 보안 엔지니어 전문가 과정,교육,수시채용,,,2026-08-20,https://jasoseol.com/recruit/105225,,2026-09-07 18:41:51
자소설닷컴,아주산업,하반기 사업소 영업직 채용,레미콘 사업소 영업,코드5,수시채용,,,2026-08-02,https://jasoseol.com/recruit/105226,,2026-09-07 18:41:51
자소설닷컴,존슨앤드존슨,[J&J Vision Care]Account Specialist(아큐브 사업부 영업직 신입 채용),Account Specialist,신입,수시채용,,,2026-08-05,https://jasoseol.com/recruit/105228,,2026-09-07 18:41:52
자소설닷컴,GC셀,검체 관리 서비스 매니저 채용 (평택),서비스 매니저(평택),계약직,상시채용,,,2026-09-21,https://jasoseol.com/recruit/105224,,2026-09-07 18:41:52
자소설닷컴,DN솔루션즈,2026 신입사원 채용,"R&D (기계), R&D (제어), 생산, 구매, 전략",신입,수시채용,,,2026-08-03,https://jasoseol.com/recruit/105227,,2026-09-07 18:41:53
자소설닷컴,현대종합금속,신입 용접원 모집,성남연구소 용접원,신입,수시채용,,,2026-08-02,https://jasoseol.com/recruit/105229,,2026-09-07 18:41:53
자소설닷컴,한국은행,2027년도 신입직원(종합기획직원 G5) 채용,"일반_경제학, 일반_경영학, 일반_법학, 일반_통계학, 일반_컴퓨터공학, 일반/지역인재_경제학, 일반/지역인재_경영학, 일반/지역인재_법학, 일반/지역인재_통계학, 일반/지역인재_컴퓨터공학, 지역전문/중부권_경제학,",신입,수시채용,,,2026-08-05,https://jasoseol.com/recruit/105230,,2026-09-07 18:41:53
자소설닷컴,씨크코리아,2026 하반기 신입사원 공개채용,"Safety Sales Engineer (동탄), Regional Sales Engineer (동탄)",신입,수시채용,,,2026-08-05,https://jasoseol.com/recruit/105231,,2026-09-07 18:41:53
자소설닷컴,앱솔브랩,QA/QC 경력직 채용,QA/QC,경력,상시채용,,,2026-07-24,https://jasoseol.com/recruit/105233,,2026-09-07 18:41:54
자소설닷컴,중앙대학교병원,(광명병원) 간호본부 당뇨교육실 전담간호사 (계약직) 모집 (2026.07),간호사-간호본부(진료지원간호팀)-당뇨교육실 전담간호사,계약직,수시채용,,,2026-07-28,https://jasoseol.com/recruit/105232,,2026-09-07 18:41:54
자소설닷컴,솔트룩스,AI Agent 실무 프로젝트 기반 풀스택 개발자 양성과정,AI Agent 풀스택 개발자,교육,수시채용,,,2026-08-26,https://jasoseol.com/recruit/105234,,2026-09-07 18:41:55
자소설닷컴,케이씨텍,[경력] 반도체 CLN 설비 공정 담당자 모집(안성),반도체 장비-CLN공정-경기도 안성시(본사),경력,수시채용,,,2026-07-31,https://jasoseol.com/recruit/105236,,2026-09-07 18:41:55
자소설닷컴,중앙대학교병원,(광명병원) 순환기내과(심장초음파실) 직원 (정규직) 모집 (2026.07),심장뇌혈관병원,신입,수시채용,,,2026-07-28,https://jasoseol.com/recruit/105235,,2026-09-07 18:41:55
자소설닷컴,유진투자증권,멀티금융팀 경력직원 채용,멀티금융팀,경력,수시채용,,,2026-08-09,https://jasoseol.com/recruit/105237,,2026-09-07 18:41:55
자소설닷컴,앱솔브랩,[셀리맥스] QA/QC 인턴 채용,QA / QC,인턴,상시채용,,,2026-07-24,https://jasoseol.com/recruit/105238,,2026-09-07 18:41:56
자소설닷컴,플렉스,2026 하반기 채용 연계형 인턴십 - Customer Consultant (Sales) Intern,Customer Consultant (Sales) Intern,인턴,수시채용,,,2026-07-26,https://jasoseol.com/recruit/105239,,2026-09-07 18:41:56
자소설닷컴,코카콜라음료,여주공장 안전관리자 신입 채용,환경안전,신입,수시채용,,,2026-08-02,https://jasoseol.com/recruit/105240,,2026-09-07 18:41:57
자소설닷컴,이랜드월드,2026 패션사업부 이커머스 대규모 경력채용,"온라인MD, 그로스마케팅 (CRM·퍼포먼스·콘텐츠)",경력,수시채용,,,2026-08-09,https://jasoseol.com/recruit/105241,,2026-09-07 18:41:57
자소설닷컴,이크레더블,ESG 평가 부문 신입/경력 수시채용,협력사 ESG평가,코드5,수시채용,,,2026-08-16,https://jasoseol.com/recruit/105242,,2026-09-07 18:41:57
자소설닷컴,유안타증권,정보시스템팀 신입직원 채용,정보시스템팀,계약직,수시채용,,,2026-08-06,https://jasoseol.com/recruit/105243,,2026-09-07 18:41:58
자소설닷컴,NHN Cloud,CERT (침해사고 예방),CERT (침해사고 예방),경력,상시채용,,,2026-09-22,https://jasoseol.com/recruit/105244,,2026-09-07 18:41:58
자소설닷컴,알파사이츠,글로벌 로테이션(서울/ 런던) 주요 고객사 프로젝트 담당자 신입 채용,Client Service Team - 주요 고객사 프로젝트 담당자,코드5,수시채용,,,2026-08-23,https://jasoseol.com/recruit/105245,,2026-09-07 18:41:59
자소설닷컴,에코마케팅,퍼포먼스 마케터 신입사원 채용,퍼포먼스 마케터,신입,수시채용,,,2026-08-02,https://jasoseol.com/recruit/105246,,2026-09-07 18:41:59
자소설닷컴,아이쓰리시스템,영상 알고리즘 개발 연구원 채용 (신입/경력),영상 알고리즘 개발 연구원,코드5,수시채용,,,2026-08-12,https://jasoseol.com/recruit/105248,,2026-09-07 18:42:00
자소설닷컴,아이쓰리시스템,HR 노무관리 경력사원 채용,HR 노무관리,경력,수시채용,,,2026-08-09,https://jasoseol.com/recruit/105247,,2026-09-07 18:42:00
자소설닷컴,중앙대학교병원,(서울병원) 시설팀(기관실) 기능사(계약직) 모집(2026.07-2),시설팀(기관실)-기능사,계약직,수시채용,,,2026-07-29,https://jasoseol.com/recruit/105250,,2026-09-07 18:42:01
자소설닷컴,앤시스코리아,Physical AI 활용 반도체 패키지 설계 및 CAE 해석 스쿨,Physical AI 활용 반도체 패키지 설계 및 CAE 해석,교육,수시채용,,,2026-07-28,https://jasoseol.com/recruit/105252,,2026-09-07 18:42:01
자소설닷컴,현대자동차,2026 계약학과 모집,"[계약학과] 자율주행기술개발, [계약학과] 시스템 시험 및 검증, [계약학과] 차량제어개발, [계약학과] 소재연구개발, [계약학과] 배터리 시스템 설계 (선행개발), [계약학과] BMS SW 개발 및 검증, [계약학",신입,수시채용,,,2026-08-07,https://jasoseol.com/recruit/105251,,2026-09-07 18:42:02
자소설닷컴,한화로보틱스,AI 로봇(Physical AI) 테크 스쿨,AI 로봇(Physical AI) 테크 스쿨,교육,수시채용,,,2026-07-28,https://jasoseol.com/recruit/105253,,2026-09-07 18:42:02
자소설닷컴,중앙대학교병원,(서울병원) 부대사업팀 조리원(휴직대체) 모집 (2026.07-3),(휴직대체)-부대사업팀-조리원,계약직,수시채용,,,2026-07-29,https://jasoseol.com/recruit/105249,,2026-09-07 18:42:02
자소설닷컴,가온전선,2026년 인턴사원 수시채용,"해외영업 (미주 담당), 생산, 설계",인턴,수시채용,,,2026-08-02,https://jasoseol.com/recruit/105254,,2026-09-07 18:42:02
자소설닷컴,GC셀,WS팀(Wholesale) 영업 및 관리 담당자 모집 (경력),Wholesale 영업 및 관리 담당자,경력,수시채용,,,2026-07-29,https://jasoseol.com/recruit/105255,,2026-09-07 18:42:03
자소설닷컴,한국영유아보육·교육진흥원,2026년 제3차 직원 채용,"6급 채용형 청년인턴 - 행정·아동·보육, 6급 사원 - 행정·아동·보육, 7급 채용형 청년인턴 - 경영·경제, 7급 채용형 청년인턴 - 전산, 4급 상당 차장 - 행정·아동·보육, 공무직 선임 - 전산, 공무직 행","경력, 계약직, 인턴",수시채용,,,2026-08-06,https://jasoseol.com/recruit/105257,,2026-09-07 18:42:04
자소설닷컴,중앙대학교병원,(광명병원) 간호본부 외래간호팀 간호사 (계약직) 모집 (2026.07-1),간호사-간호본부(외래간호팀),계약직,수시채용,,,2026-07-29,https://jasoseol.com/recruit/105258,,2026-09-07 18:42:04
자소설닷컴,에이피알,포토그레이 온라인 콘텐츠 마케팅 채용연계형 인턴 모집,포토그레이 온라인 콘텐츠 마케팅,인턴,상시채용,,,2026-08-27,https://jasoseol.com/recruit/105259,,2026-09-07 18:42:05
자소설닷컴,김앤장 법률사무소,"비서, 빌링, 스탭, 지식재산권 부문 채용","비서, 빌링, 스탭, 특허 및 상표",코드5,수시채용,,,2026-08-03,https://jasoseol.com/recruit/105260,,2026-09-07 18:42:05
자소설닷컴,블랭크코퍼레이션,2026 인턴/경력 채용,"상품기획자, 퍼포먼스 마케터 (블랭크코퍼레이션), CX 오퍼레이터, CIC STAFF, 콘텐츠 마케터 (뷰에누보), 그로스 마케터, 퍼포먼스 마케터 (콘레브), 콘텐츠 마케터 (콘레브)","경력, 계약직, 인턴, 코드5",수시채용,,,2026-08-09,https://jasoseol.com/recruit/105256,,2026-09-07 18:42:05
자소설닷컴,에이피알,메디큐브 미국 인플루언서 마케팅(PR) 채용연계형 인턴사원 모집,메디큐브 미국 인플루언서 마케팅(PR),인턴,상시채용,,,2026-08-28,https://jasoseol.com/recruit/105262,,2026-09-07 18:42:05
자소설닷컴,아이샵케어,[토스플레이스 자회사] 2026 하반기 인턴십,"운영 지원 인턴 (CO팀), 고객 상담 인턴 (CX팀), Sales 인턴 (Inside Sales팀), 세일즈 운영 인턴 (Operation팀), 뉴비즈 운영 인턴 (Operation팀), 사업 운영 인턴 (Oper",인턴,상시채용,,,2026-08-21,https://jasoseol.com/recruit/105261,,2026-09-07 18:42:06
자소설닷컴,NHN Cloud,실시간 보안관제 (교대근무),실시간 보안관제 (교대근무),경력,상시채용,,,2026-09-23,https://jasoseol.com/recruit/105263,,2026-09-07 18:42:07
자소설닷컴,NHN,스토리지 엔진 개발,스토리지 엔진 개발,코드5,상시채용,,,2026-09-23,https://jasoseol.com/recruit/105265,,2026-09-07 18:42:07
자소설닷컴,NHN Enterprise,서비스 모니터링 관제 및 조치(인재풀),서비스 모니터링 관제 및 조치(인재풀),코드5,상시채용,,,2026-09-23,https://jasoseol.com/recruit/105264,,2026-09-07 18:42:07
자소설닷컴,NHN Enterprise,IDC 운영자(인재풀),IDC 운영자(인재풀),신입,상시채용,,,2026-09-23,https://jasoseol.com/recruit/105266,,2026-09-07 18:42:07
자소설닷컴,신한펀드파트너스,2026년 하반기 채용연계형 대졸 인턴사원 채용,"펀드회계, IT",인턴,수시채용,,,2026-08-02,https://jasoseol.com/recruit/105267,,2026-09-07 18:42:07
자소설닷컴,NHN,와플랫 국가과제 운영/정산(계약직),와플랫 국가과제 운영/정산,계약직,상시채용,,,2026-09-23,https://jasoseol.com/recruit/105269,,2026-09-07 18:42:08
자소설닷컴,YTN,2026년 신입사원 공개채용,취재기자,신입,수시채용,,,2026-08-10,https://jasoseol.com/recruit/105268,,2026-09-07 18:42:08
자소설닷컴,플래티어,2026년 하반기 신입/경력 채용,"AX개발자 - FDE(Forward Deployed Engineer), AI제품 개발자 - PDE(Product Development Engineer)",코드5,수시채용,,,2026-08-09,https://jasoseol.com/recruit/105270,,2026-09-07 18:42:09
자소설닷컴,KCC실리콘,관리부문 신입사원 채용,관리,신입,수시채용,,,2026-08-02,https://jasoseol.com/recruit/105271,,2026-09-07 18:42:09
자소설닷컴,한국벤처투자(KVIC),2026년 2차 일반 전문계약직(조사연구·지역펀드운용·회계) 채용,"조사연구, [광주] 지역펀드운용, [대전] 지역펀드운용, 회계",계약직,수시채용,,,2026-08-12,https://jasoseol.com/recruit/105272,,2026-09-07 18:42:09
자소설닷컴,한국벤처투자(KVIC),2026년 2차 임기제 전문계약직 채용 (홍보·외환센터운영·글로벌팁스운영) 채용 공고,"홍보, 외환센터 운영, 글로벌팁스 운영",계약직,수시채용,,,2026-08-12,https://jasoseol.com/recruit/105273,,2026-09-07 18:42:10
자소설닷컴,한국벤처투자(KVIC),2026년 2차 공무직(미화·시설) 채용공고,"미화반장(1급) 1단계, 미화원(1급) 1단계, 시설주임(3급) 1단계",코드5,수시채용,,,2026-08-12,https://jasoseol.com/recruit/105275,,2026-09-07 18:42:11
자소설닷컴,한국벤처투자(KVIC),2026년 2차 체험형 청년인턴 채용,일반,인턴,수시채용,,,2026-08-12,https://jasoseol.com/recruit/105276,,2026-09-07 18:42:11
자소설닷컴,한국전력공사(KEPCO),2026년도 NDIS데이터관리원 채용공고,"지역전문사원 (충북), 지역전문사원 (강원), 지역전문사원 (경북), 지역전문사원 (경남)",신입,수시채용,,,2026-08-06,https://jasoseol.com/recruit/105274,,2026-09-07 18:42:11
자소설닷컴,한국수력원자력(KHNP),2026년도 제4차 신입사원 모집(고졸수준 일반전형),"기계분야 (재학생), 기계분야 (졸업생), 전기･전자분야 (재학생), 전기･전자분야 (졸업생)",신입,수시채용,,,2026-08-07,https://jasoseol.com/recruit/105277,,2026-09-07 18:42:11
자소설닷컴,한국수력원자력(KHNP),2026년도 제3차 신입사원 모집(대졸수준),"사무-일반, 사무-지역, 원전발전-기계-일반, 원전발전-전기전자-일반, 원전발전-전기전자-지역, 원전발전-화학-일반, 원전ENG-기계-일반, 원전ENG-기계-지역, 원전ENG-기계-한빛ENG, 원전ENG-전기전자-일",신입,수시채용,,,2026-08-06,https://jasoseol.com/recruit/105279,,2026-09-07 18:42:13
자소설닷컴,현대종합금속,신입/경력사원 모집,기계사업본부 연구개발/설계,코드5,수시채용,,,2026-07-24,https://jasoseol.com/recruit/105281,,2026-09-07 18:42:13
자소설닷컴,테크윙,2026년 7월 각부문 채용,"해외영업, 해외영업 (그룹장/팀장급), 기구설계 (아산), 기구설계 (동탄), SW개발, 제조기술, 구매, 자재, 고객만족그룹 (CS), 고객만족그룹 (싱가폴 현지CS), 고객만족그룹 (인도 현지 CS), 제조관리,","경력, 신입, 코드5",수시채용,,,2026-07-29,https://jasoseol.com/recruit/105280,,2026-09-07 18:42:14
자소설닷컴,손해보험협회,전주지부 사무부문 계약직 채용,전주지부 사무부문,계약직,수시채용,,,2026-08-05,https://jasoseol.com/recruit/105283,,2026-09-07 18:42:14
자소설닷컴,이스트소프트,[금융권&전분야 취업] AI 퀀트/AI 휴먼,AI 커리어 교육 과정,교육,수시채용,,,2026-08-08,https://jasoseol.com/recruit/105282,,2026-09-07 18:42:15
자소설닷컴,교원그룹,7월 수시채용,"영업관리(BM) (경상권), 영업관리(BM) (충청권), 가전제품 기구설계, 가전제품 전장평가, 정보보안기획 (관리체계수립)","경력, 신입",수시채용,,,2026-08-02,https://jasoseol.com/recruit/105286,,2026-09-07 18:42:15
자소설닷컴,한양대학교 산학협력단,한양대학교 AI 인재양성 부트캠프 교육생 모집,"AI 초급 프로그램, AI・SW 엔지니어, AI・SW 디자이너, AI Cloud 엔지니어",교육,수시채용,,,2026-07-30,https://jasoseol.com/recruit/105278,,2026-09-07 18:42:15
자소설닷컴,GC녹십자,2026년 하반기 채용전제형 인턴(OTC영업),OTC 일반의약품 영업 (약국),인턴,수시채용,,,2026-08-02,https://jasoseol.com/recruit/105288,,2026-09-07 18:42:15
자소설닷컴,메디테라피,2026 코덕인턴 2기,"아마존 MD, 틱톡 마케팅, 퍼포먼스 마케팅",인턴,수시채용,,,2026-08-09,https://jasoseol.com/recruit/105287,,2026-09-07 18:42:15
자소설닷컴,중앙대학교병원,중앙대학교의료원(광명병원) 간호본부 류마티스내과 전담간호사 (휴직대체) 모집 (2026.07-1),(휴직대체)-간호사-간호본부(진료지원간호팀)-류마티스내과 전담간호사,계약직,수시채용,,,2026-07-30,https://jasoseol.com/recruit/105291,,2026-09-07 18:42:17
자소설닷컴,모두닥,인플루언서 마케팅 인턴 (체험형),인플루언서 마케팅,인턴,수시채용,,,2026-09-30,https://jasoseol.com/recruit/105290,,2026-09-07 18:42:17
자소설닷컴,중앙대학교병원,(광명병원) 간호본부 신생아 중환자실 전담간호사 (정규직) 모집 (2026.07),간호사-간호본부(신생아 중환자실)-신생아 중환자실 전담간호사,신입,수시채용,,,2026-07-30,https://jasoseol.com/recruit/105292,,2026-09-07 18:42:17
자소설닷컴,중앙대학교병원,(광명병원) 간호본부 호흡기알레르기내과 전담간호사 (계약직) 모집 (2026.07) (정규직 전환 기회부여),간호사-간호본부(진료지원간호팀)-호흡기알레르기내과 전담간호사,계약직,수시채용,,,2026-07-30,https://jasoseol.com/recruit/105293,,2026-09-07 18:42:17
자소설닷컴,앳홈,[톰/글로벌] 틱톡샵 AMD 체험형 인턴 (경력무관),[톰/글로벌] AMD 체험형 인턴 (틱톡샵),인턴,상시채용,,,2026-08-15,https://jasoseol.com/recruit/105294,,2026-09-07 18:42:18
자소설닷컴,경기창조경제혁신센터,정규직·계약직 창업기업 액셀러레이터 외 채용,"창업기업 액셀러레이터 (선임), 창업기업 액셀러레이터 (사원), 인사/채용, 창업기업 액셀러레이터 (주임, 계약직), 창업기업 액셀러레이터 (사원, 계약직), 스타트업 원스톱 지원센터 (사원, 계약직), 투자 및 투","경력, 계약직, 코드5",수시채용,,,2026-08-04,https://jasoseol.com/recruit/105295,,2026-09-07 18:42:18
자소설닷컴,엠알인프라오토,자동차부품 생산직 공개채용 (경력무관),생산직,코드5,상시채용,,,2026-09-23,https://jasoseol.com/recruit/105289,,2026-09-07 18:42:19
자소설닷컴,페이히어,QA Assistant 인턴,QA Assistant 인턴,인턴,상시채용,,,2026-08-03,https://jasoseol.com/recruit/105296,,2026-09-07 18:42:19
자소설닷컴,서울경제진흥원,청년취업사관학교 성동캠퍼스 AI 핵심 4기 교육생 모집,"데이터 수집부터 서비스 배포까지, AI SW 개발자 양성 과정, 반도체 공정/장비 제어 AI 서비스 개발 풀스택 과정",교육,수시채용,,,2026-09-14,https://jasoseol.com/recruit/105298,,2026-09-07 18:42:19
자소설닷컴,페이히어,[핀테크 스타트업] SaaS 영업 컨설턴트 신입 채용 (연봉 3600/인센티브/분기상여금),SaaS 영업 컨설턴트 (신입),계약직,상시채용,,,2026-08-03,https://jasoseol.com/recruit/105297,,2026-09-07 18:42:19
자소설닷컴,케이씨텍,[채용연계형 인턴] 반도체 장비 구매 담당자 모집(안성),일반-구매/조달-경기도 안성시,인턴,수시채용,,,2026-08-03,https://jasoseol.com/recruit/105300,,2026-09-07 18:42:20
자소설닷컴,지엠테크니컬센터코리아,디자인센터 가을 인턴사원 모집,"익스테리어 디자인, Global Creative Visualization (GCV)",인턴,수시채용,,,2026-08-09,https://jasoseol.com/recruit/105302,,2026-09-07 18:42:21
자소설닷컴,이수페타시스,경력직 집중채용,"기술팀 - 적층/도금/인쇄/가공/회로 엔지니어, 연구개발팀 - 연구기획/개발 & 소재/SI, HDI TFT - 적층/가공 엔지니어, 설계팀 - 설계검토, NPI팀 - NPI 제품 엔지니어, NPI팀 - 적층/도금/인",경력,수시채용,,,2026-08-23,https://jasoseol.com/recruit/105301,,2026-09-07 18:42:21
자소설닷컴,현대건설,플랜트전기·계장실무 교육생 모집,플랜트전기·계장실무 교육생,교육,수시채용,,,2026-08-29,https://jasoseol.com/recruit/105303,,2026-09-07 18:42:21
자소설닷컴,중앙대학교병원,(서울병원) 건진센터 간호사(계약직) 모집 (2026.07-2),"건진센터(일반검진)-간호사, 건진센터(증진)-간호사",계약직,수시채용,,,2026-08-02,https://jasoseol.com/recruit/105299,,2026-09-07 18:42:21
자소설닷컴,앳홈,톰 브랜드 마케터 (체험형 인턴),브랜드 마케터,인턴,상시채용,,,2026-08-15,https://jasoseol.com/recruit/105304,,2026-09-07 18:42:22
자소설닷컴,앳홈,미닉스 세일즈 콘텐츠 마케터 (전환형 인턴),세일즈 콘텐츠 마케터,인턴,상시채용,,,2026-08-15,https://jasoseol.com/recruit/105306,,2026-09-07 18:42:23
자소설닷컴,케이씨텍,[신입/경력] 차세대 CMP 나노 소재 개발 연구원 모집(동탄),차세대소재 개발-경기도 화성시(R&D센터),"경력, 신입",수시채용,,,2026-08-04,https://jasoseol.com/recruit/105305,,2026-09-07 18:42:23
자소설닷컴,엔엑스엔랩스,[Intern] Business Operations,Business Operations Intern,인턴,상시채용,,,2026-08-02,https://jasoseol.com/recruit/105309,,2026-09-07 18:42:23
자소설닷컴,AJ네트웍스,2026년 하반기 7월 수시 채용,"IT장비 B2B영업, AI인프라 영업, 로봇 영업, 물류장비 B2B영업, 고소장비 B2B영업, 파렛트 회수, 인사, 총무, 로봇설치 및 유지보수, 양중, 패트롤, 서류관리, 운영기획, 정비교육, 운영관리, 운영개선,","경력, 계약직, 신입, 코드5",수시채용,,,2026-08-09,https://jasoseol.com/recruit/105308,,2026-09-07 18:42:24
자소설닷컴,중앙대학교병원,"(광명병원) 약제팀 정규약사 (정규직), 야간당직약사 (계약직) 모집 (2026.07)","약사-약제팀, 야간당직약사-약제팀","계약직, 코드5",수시채용,,,2026-08-02,https://jasoseol.com/recruit/105310,,2026-09-07 18:42:24
자소설닷컴,중앙대학교병원,(광명병원) 약제팀 약무보조 사무원 모집 (2026.07),사무-약제팀,계약직,수시채용,,,2026-08-02,https://jasoseol.com/recruit/105311,,2026-09-07 18:42:24
자소설닷컴,팀민트,하반기 신입 마케터 채용 (8/4 채용설명회 진행),디지털 마케터,신입,수시채용,,,2026-08-08,https://jasoseol.com/recruit/105312,,2026-09-07 18:42:25
자소설닷컴,토스페이먼츠,Merchant Onboarding Assistant,가맹점 관리,계약직,상시채용,,,2026-09-27,https://jasoseol.com/recruit/105313,,2026-09-07 18:42:25
자소설닷컴,유안타증권,지점 업무직원(파견전문직) 경력직원 채용,파견전문직,계약직,수시채용,,,2026-08-10,https://jasoseol.com/recruit/105314,,2026-09-07 18:42:25
자소설닷컴,GC셀,검체 관리 서비스 매니저 채용 (수원) 계약직,서비스 매니저 (신입),계약직,상시채용,,,2026-09-27,https://jasoseol.com/recruit/105315,,2026-09-07 18:42:26
자소설닷컴,에이피알,[CS] 글로벌 CX 운영/기획 채용연계형 인턴사원 모집,글로벌 CX 운영/기획,인턴,상시채용,,,2026-08-25,https://jasoseol.com/recruit/105316,,2026-09-07 18:42:26
자소설닷컴,중앙대학교병원,(서울병원) 영상의학과 방사선사(휴직대체) 모집 (2026.07),영상의학과-방사선사,계약직,수시채용,,,2026-08-03,https://jasoseol.com/recruit/105318,,2026-09-07 18:42:27
자소설닷컴,경동제약,2026년 수시채용,"시설지원, 헬스케어 마케팅, 뷰티마케팅","인턴, 코드5",수시채용,,,2026-08-03,https://jasoseol.com/recruit/105319,,2026-09-07 18:42:27
자소설닷컴,AIA생명,상품/계리 채용 연계형 인턴 채용,"상품, 계리",인턴,수시채용,,,2026-08-07,https://jasoseol.com/recruit/105320,,2026-09-07 18:42:28
자소설닷컴,정보통신산업진흥원(NIPA),2026년 정규직·공무정규직·체험형 청년인턴 채용,"[일반직]AI인프라 사업기획·운영, [일반직]AI활용 사업기획·운영, [일반직]AI반도체 사업기획·운영, [일반직]지역AX 사업기획·운영, [일반직]기획예산, [일반직]회계, [일반직]안전총무, [일반직]경영정보화,","계약직, 인턴, 코드5",수시채용,,,2026-08-12,https://jasoseol.com/recruit/105317,,2026-09-07 18:42:28
자소설닷컴,중앙대학교병원,(서울병원) 재활의학과 소아 언어치료사(계약직) 모집 (2026.07),재활의학과(소아 언어치료실)-소아 언어치료사,계약직,수시채용,,,2026-08-03,https://jasoseol.com/recruit/105321,,2026-09-07 18:42:28
자소설닷컴,세스코,4대보험 관리/퇴직금 운영,4대보험 관리/퇴직금 운영,경력,수시채용,,,2026-08-11,https://jasoseol.com/recruit/105323,,2026-09-07 18:42:29
자소설닷컴,케이씨텍,[신입] 반도체 소재 생산 설비 관리 담당자 모집(안성),기술-설비관리-경기도 안성시(본사),신입,수시채용,,,2026-08-05,https://jasoseol.com/recruit/105322,,2026-09-07 18:42:29
자소설닷컴,한국부동산원(REB),신입 및 경력직원 채용,"[일반] 경영, [일반] 부동산(서남권역본부), [일반] 부동산(서울권역본부), [일반] 건축, [일반] 도시, [일반] 통계, [일반] 어업보상, [일반] 전산, [보훈] 경영, [전문] 건축사 , [고졸] 전산,","경력, 인턴",수시채용,,,2026-08-13,https://jasoseol.com/recruit/105324,,2026-09-07 18:42:30
자소설닷컴,KCC실리콘,[본사] 사내변호사 경력직 채용,사내변호사,경력,수시채용,,,2026-08-09,https://jasoseol.com/recruit/105325,,2026-09-07 18:42:30
자소설닷컴,한국산업안전보건공단(KOSHA),2026년도 체험형 인턴 채용,"서울권역, 부산권역, 광주권역, 대구권역, 인천권역, 대전권역, 경기권역",인턴,수시채용,,,2026-08-04,https://jasoseol.com/recruit/105327,,2026-09-07 18:42:30
자소설닷컴,한국도로공사(ex),2026년 하반기 체험형 청년인턴 채용,"[일반]본사_행정, [일반]본사_기술, [일반]인재개발원_행정, [일반]교통관제센터_행정, [일반]첨단기계화센터_기술, [일반]김포파주건설사업단_행정, [일반]수도권건설사업단_기술, [일반]세종천안건설사업단_행정, ",인턴,수시채용,,,2026-08-10,https://jasoseol.com/recruit/105328,,2026-09-07 18:42:31
자소설닷컴,토스페이먼츠,Sales Specialist 하반기 집중 채용,"Sales Specialist (General), Sales Specialist (Global)",계약직,수시채용,,,2026-08-11,https://jasoseol.com/recruit/105329,,2026-09-07 18:42:31
자소설닷컴,용마로지스,"2026년 7월, 각 부문별 신입 및 경력 채용","경영기획, 강서DC, QA, 방역서비스, 호남영업, 진주DC","경력, 신입",수시채용,,,2026-08-09,https://jasoseol.com/recruit/105330,,2026-09-07 18:42:32
자소설닷컴,이노션,브랜드컬렉션 물류 및 유통 행정 보조 (체험형 인턴),브랜드컬렉션 물류 및 유통 행정 보조,인턴,수시채용,,,2026-08-01,https://jasoseol.com/recruit/105331,,2026-09-07 18:42:32
자소설닷컴,이노션,웹 서비스 기획 (상시채용 인재풀),웹 서비스 기획,"계약직, 인턴",상시채용,,,2026-09-25,https://jasoseol.com/recruit/105333,,2026-09-07 18:42:32
자소설닷컴,이노션,AI 엔지니어 (Data/Analytics) (상시채용 인재풀),AI 엔지니어 (Data/Analytics),계약직,수시채용,,,2026-09-25,https://jasoseol.com/recruit/105336,,2026-09-07 18:42:33
자소설닷컴,한미전략투자공사,2026년 업무직 직원 채용공고(사무보조 및 서무)(~8/11 14:00),사무보조 및 서무,계약직,수시채용,,,2026-08-11,https://jasoseol.com/recruit/105337,,2026-09-07 18:42:33
자소설닷컴,이노션,웹/앱 전략·운영 (상시채용 인재풀),웹/앱 전략·운영,"계약직, 인턴",수시채용,,,2026-09-25,https://jasoseol.com/recruit/105335,,2026-09-07 18:42:34
자소설닷컴,이노션,앱 서비스 기획 (상시채용 인재풀),앱 서비스 기획,"계약직, 인턴",상시채용,,,2026-09-25,https://jasoseol.com/recruit/105338,,2026-09-07 18:42:34
자소설닷컴,한양증권,전략기획부 경력직원 채용,"전략기획부 (조사분석, 기획, 이사회 등)",계약직,수시채용,,,2026-08-10,https://jasoseol.com/recruit/105339,,2026-09-07 18:42:34
자소설닷컴,현대종합금속,신입/경력 사원 모집 (수출영업·운전기사),"수출영업부 (캐나다), 운전기사","계약직, 신입",수시채용,,,2026-08-09,https://jasoseol.com/recruit/105340,,2026-09-07 18:42:35
자소설닷컴,한국투자저축은행,2026년 하반기 대졸 신입사원 공개채용,종합직(일반),신입,수시채용,,,2026-08-17,https://jasoseol.com/recruit/105341,,2026-09-07 18:42:35
자소설닷컴,한국석유공업,하반기 수시채용 신입/경력 환경안전 관리,울산공장 환경안전팀 안전보건소방 및 유해화학물질 관리 업무,코드5,수시채용,,,2026-08-10,https://jasoseol.com/recruit/105342,,2026-09-07 18:42:35
자소설닷컴,미래엔서해에너지,2026년 신입/경력사원 채용,"경영정보, 도시가스 안전관리","신입, 코드5",수시채용,,,2026-08-04,https://jasoseol.com/recruit/105344,,2026-09-07 18:42:36
자소설닷컴,중앙대학교병원,(서울병원) AI 실증 연구 관련 개발 전담 연구원(계약직) 모집 (2026.07),연구원,계약직,수시채용,,,2026-08-03,https://jasoseol.com/recruit/105343,,2026-09-07 18:42:37
자소설닷컴,온더플래닛,"2026 하반기 신입사원 모집 (PM(AE), PFM(퍼포먼스 매니저))","PM(AE), PFM(퍼포먼스 매니저)",신입,수시채용,,,2026-08-09,https://jasoseol.com/recruit/105346,,2026-09-07 18:42:37
자소설닷컴,온더플래닛,"2026 하반기 신입사원 모집 (Creator, Creative Designer, BI PM)","Creator, Creative Designer, BI(Business Intelligence) PM",신입,수시채용,,,2026-08-09,https://jasoseol.com/recruit/105345,,2026-09-07 18:42:38
자소설닷컴,엘리스,AI 프로덕트 개발 트랙 1기 수강생 모집,AI 프로덕트 개발 트랙,교육,수시채용,,,2026-08-03,https://jasoseol.com/recruit/105347,,2026-09-07 18:42:38
자소설닷컴,중앙대학교병원,(광명병원) 보험심사팀 행정직(간호사) (정규직) 모집 (2026.08),행정(간호사)-보험심사팀,신입,수시채용,,,2026-08-03,https://jasoseol.com/recruit/105350,,2026-09-07 18:42:38
자소설닷컴,한미전략투자공사,2026년 일반직 경력직원 2차 채용공고(~8/11 14:00),"대미투자팀장, 조선협력투자팀장, 투자총괄, 대미투자, 조선협력투자, 재무회계팀장, 자금조성·운용, 자금관리, 재무, 회계, 총괄기획팀장, 인사조직팀장, 운영지원팀장, 경영기획, 대외협력, 인사관리, 총무, 준법감시팀",경력,수시채용,,,2026-08-11,https://jasoseol.com/recruit/105348,,2026-09-07 18:42:39
자소설닷컴,토스뱅크,Visual Design Assistant,Visual Design Assistant,계약직,상시채용,,,2026-08-31,https://jasoseol.com/recruit/105352,,2026-09-07 18:42:39
자소설닷컴,NHN Cloud,보안 취약점 진단 경력 채용,애플리케이션 보안 진단,경력,상시채용,,,2026-09-28,https://jasoseol.com/recruit/105353,,2026-09-07 18:42:40
자소설닷컴,토스뱅크,Content Marketing Specialist,Content Marketing Specialist,계약직,상시채용,,,2026-09-26,https://jasoseol.com/recruit/105351,,2026-09-07 18:42:40
자소설닷컴,지능형자동차부품진흥원,2026년 3차 직원 채용,"SW·제조AX, 기후부 인증시험, 회계 , 일반행정, R&D 및 국책과제 수행, ADAS시험, 인재양성","계약직, 코드5",수시채용,,,2026-08-12,https://jasoseol.com/recruit/105354,,2026-09-07 18:42:40
자소설닷컴,비전바이오켐,건강기능성식품소재 기술영업 및 Application 개발 채용,"건강기능성식품소재 기술영업, 식품소재 Application 개발","경력, 코드5",수시채용,,,2026-08-05,https://jasoseol.com/recruit/105355,,2026-09-07 18:42:40
자소설닷컴,유안타증권,금융센터순천지점 경력 영업직원 채용,금융센터순천지점 경력 영업직원 (PB),계약직,수시채용,,,2026-08-12,https://jasoseol.com/recruit/105356,,2026-09-07 18:42:41
자소설닷컴,NHN,애플리케이션 보안 진단,애플리케이션 보안 진단,경력,상시채용,,,2026-09-28,https://jasoseol.com/recruit/105357,,2026-09-07 18:42:41
자소설닷컴,중앙대학교병원,광명소하검진센터 풀타임 간호사(계약직) 모집 (2026.08),간호사-광명소하검진센터,계약직,수시채용,,,2026-08-03,https://jasoseol.com/recruit/105358,,2026-09-07 18:42:42
자소설닷컴,한국수자원조사기술원,2026년 제3차 공개채용 (계약직 및 체험형 청년인턴),"신진연구원 (사업계약직①), 신진연구원 (사업계약직②), 신진연구원 (사업계약직③), 신진연구원 (사업계약직④), 신진연구원 (사업계약직⑤), 원(가)급 (대체계약직 - 수자원조사 및 연구개발), 원(가)급 (대체계","계약직, 인턴",수시채용,,,2026-08-12,https://jasoseol.com/recruit/105359,,2026-09-07 18:42:42
자소설닷컴,인천공항시설관리,2026년 제6차 계약직 채용,"계약직(신입)_토목(일근), 계약직(신입)_기계(1) (3조2교대), 계약직(신입)_기계(2) (3조2교대), 계약직(신입)_기계(3) (일근), 계약직(신입)_전기(3조2교대), 계약직(신입)_정보통신 /IT(3조",계약직,수시채용,,,2026-08-05,https://jasoseol.com/recruit/105360,,2026-09-07 18:42:42
자소설닷컴,페이히어,인바운드 콜 세일즈 스페셜리스트 (구로) 경력 채용,인바운드 콜 세일즈 스페셜리스트 (구로),경력,상시채용,,,2026-08-03,https://jasoseol.com/recruit/105361,,2026-09-07 18:42:43
자소설닷컴,녹십자웰빙,"BD 사업개발(해외,국내) 경력 채용","BD 사업개발(해외,국내)",경력,수시채용,,,2026-08-09,https://jasoseol.com/recruit/105362,,2026-09-07 18:42:43
자소설닷컴,넥슨스페이스,HR Generalist 채용 (인사/총무),넥슨스페이스 HR Generalist 채용 (인사/총무),경력,수시채용,,,2026-08-19,https://jasoseol.com/recruit/105364,,2026-09-07 18:42:44
자소설닷컴,동국제약,신입/경력 채용(관리/마케팅/영업/디자인/개발/연구 등 모집) ~ 8/5,"평가 담당, 전략기획실, 내부감사, 위탁, 정보 보안(팀장), 영업관리, 커뮤니케이션본부 퍼포먼스 마케터, ETC마케팅부 학술기획 MSL, 전문의약품  (소화기계) 마케팅, 전문의약품 (순환기계) 마케팅, 전문의약품","경력, 계약직, 신입, 코드5",수시채용,,,2026-08-05,https://jasoseol.com/recruit/105363,,2026-09-07 18:42:44
자소설닷컴,KT 커머스,2026 재무회계 주니어 경력 채용,재무회계,경력,수시채용,,,2026-08-09,https://jasoseol.com/recruit/105366,,2026-09-07 18:42:45
자소설닷컴,KG ICT,피지컬 AI 제조 AX 캠퍼스 2기,피지컬 AI 제조 AX 캠퍼스 2기,교육,수시채용,,,2026-08-06,https://jasoseol.com/recruit/105365,,2026-09-07 18:42:45
자소설닷컴,JW홀딩스,2026년 4차 수시채용,"[JW홀딩스]해외영업, [JW중외제약]영업원(ETC), [JW신약]영업원(ETC), [JW중외제약]영업원(DST), [JW중외제약]영업원(OTC), [JW중외제약]마케팅(ETC), [JW중외제약]마케팅(OTC), [","경력, 코드5",수시채용,,,2026-08-13,https://jasoseol.com/recruit/105369,,2026-09-07 18:42:46
자소설닷컴,환인제약,8월 수시채용,"사내변호사 , 사업개발 (BD&L), 해외영업, Global RA, PV (약물감시), 생산 (공정), 생산 (포장), 물류 (원자재/완제품관리), 물류 (완제품출하), 제조/포장","경력, 계약직, 코드5",수시채용,,,2026-08-12,https://jasoseol.com/recruit/105367,,2026-09-07 18:42:47
자소설닷컴,에코마케팅,마케팅 어시스턴트 계약직 채용,마케팅 어시스턴트,계약직,수시채용,,,2026-08-09,https://jasoseol.com/recruit/105370,,2026-09-07 18:42:47
자소설닷컴,삼영무역,신입사원 공개채용 (국내영업/해외영업/경영관리),"국내영업 (서울), 국내영업 (부산), 해외영업, 경영관리",신입,수시채용,,,2026-08-11,https://jasoseol.com/recruit/105371,,2026-09-07 18:42:47
자소설닷컴,셀트리온스킨큐어,[셀트리온그룹사] 26년 하반기 전환형 인턴 수시 채용,"BM, 패키지 디자이너, 해외영업(북미&유럽)",인턴,상시채용,,,2026-08-19,https://jasoseol.com/recruit/105372,,2026-09-07 18:42:47
자소설닷컴,중앙대학교병원,(서울병원) 재무팀 행정(계약직) 모집 (2026.07),재무팀-행정,계약직,수시채용,,,2026-08-05,https://jasoseol.com/recruit/105373,,2026-09-07 18:42:48
자소설닷컴,유니드비티플러스,2026년 하반기 신입 및 경력 채용,"군산공장 생산, 군산공장 공무","경력, 신입",수시채용,,,2026-08-10,https://jasoseol.com/recruit/105375,,2026-09-07 18:42:49
자소설닷컴,마이다스그룹,건축구조 SW영업 담당자 채용,기술지원/기획 분야-지반분야 SW 기술지원 및 기획-판교본사,코드5,수시채용,,,2026-08-09,https://jasoseol.com/recruit/105377,,2026-09-07 18:42:49
자소설닷컴,중앙대학교병원,구매팀 행정(계약직) 모집 (2026.07),구매팀-행정,계약직,수시채용,,,2026-08-06,https://jasoseol.com/recruit/105378,,2026-09-07 18:42:49
자소설닷컴,두산로보틱스,ROKEY BOOT CAMP 11기 - AI & 로봇 엔지니어 양성 교육,AI & 로봇 엔지니어 양성 교육,교육,수시채용,,,2026-08-30,https://jasoseol.com/recruit/105379,,2026-09-07 18:42:50
자소설닷컴,이노션,데이터 엔지니어 (Customer Data Platform),데이터 엔지니어 (Customer Data Platform),계약직,수시채용,,,2026-08-17,https://jasoseol.com/recruit/105374,,2026-09-07 18:42:50
자소설닷컴,KPX케미칼,2026년 구매 부문 채용,구매,경력,수시채용,,,2026-08-09,https://jasoseol.com/recruit/105376,,2026-09-07 18:42:50
자소설닷컴,엔지니어링공제조합,법무(경력) 및 일반사무(채용전환형 인턴) 모집,"법무, 일반사무","계약직, 인턴",수시채용,,,2026-08-17,https://jasoseol.com/recruit/105381,,2026-09-07 18:42:51
자소설닷컴,씨크코리아,2026 하반기 신입사원 공개채용,"Safety Sales Engineer (동탄), Regional Sales Engineer (동탄)",신입,수시채용,,,2026-08-05,https://jasoseol.com/recruit/105380,,2026-09-07 18:42:51
자소설닷컴,김앤장 법률사무소,IT 운영(디지털포렌식 및 디스커버리 파트) 채용,IT운영 (디지털 포렌식 및 디스커버리 파트),코드5,수시채용,,,2026-08-09,https://jasoseol.com/recruit/105383,,2026-09-07 18:42:51
자소설닷컴,중앙대학교병원,(광명병원) 혁신추진팀 행정직 (계약직) 모집 (2026.08),행정-혁신추진팀,계약직,수시채용,,,2026-08-09,https://jasoseol.com/recruit/105384,,2026-09-07 18:42:52
자소설닷컴,경기테크노파크,[교육+인턴] 스마트제조 전문인력 육성사업 기술 TRACK 과정 교육생 모집,스마트제조 전문인력 육성 교육,교육,수시채용,,,2026-08-09,https://jasoseol.com/recruit/105385,,2026-09-07 18:42:52
자소설닷컴,한국벤처캐피탈협회,2026년도 제5차 직원 채용,"사업운영(대리), 사업운영(사원)","경력, 신입",수시채용,,,2026-08-09,https://jasoseol.com/recruit/105386,,2026-09-07 18:42:53
자소설닷컴,세스코,이물분석 담당자 채용,이물분석 담당자 채용,코드5,수시채용,,,2026-08-09,https://jasoseol.com/recruit/105388,,2026-09-07 18:42:53
자소설닷컴,KB라이프파트너스,본사 직영 KBxL 2기 모집,KBxL 2기 (영업관리자 트랙),신입,수시채용,,,2026-08-16,https://jasoseol.com/recruit/105382,,2026-09-07 18:42:53
자소설닷컴,제뉴원사이언스,개발RA/PV/CMO 마케팅/의약품 생산(무균제·고형제)/품질관리약사 모집,"개발 RA, PV (약물감시), CMO 마케팅, 무균제 생산, 고형제 생산, 품질관리약사","경력, 신입, 인턴, 코드5",수시채용,,,2026-08-11,https://jasoseol.com/recruit/105389,,2026-09-07 18:42:53
자소설닷컴,대한건설협회,2026 스마트건설 청년인재 채용설명회,건설 분야 청년인재,신입,수시채용,,,2026-08-25,https://jasoseol.com/recruit/105390,,2026-09-07 18:42:54
자소설닷컴,중앙대학교병원,(광명병원) 간호본부 소화기내과 전담간호사 (정규직) 모집 (2026.08),간호사-간호본부(진료지원간호팀)-소화기내과 전담간호사,신입,수시채용,,,2026-08-03,https://jasoseol.com/recruit/105392,,2026-09-07 18:42:54
자소설닷컴,중앙대학교병원,(서울병원) 부대사업팀 조리원(휴직대체) 모집 (2026.07-4),부대사업팀-조리원,계약직,수시채용,,,2026-08-05,https://jasoseol.com/recruit/105393,,2026-09-07 18:42:55
자소설닷컴,서울관광재단(STO),기간제근로자 채용공고,"비짓서울 SNS 운영 활성화, 기관장 수행기사, 김포공항 관광정보센터 일본어 관광안내(휴직대체), 인천공항 관광정보센터 영어 관광안내(휴직대체), 김포공항 관광정보센터 중국어 관광안내(휴직대체), MICE 유치 및 ",계약직,수시채용,,,2026-08-13,https://jasoseol.com/recruit/105395,,2026-09-07 18:42:55
자소설닷컴,에이피알,[CS] 국내 CX 운영/기획 채용연계형 인턴사원 모집,국내 CX 운영/기획,인턴,상시채용,,,2026-08-25,https://jasoseol.com/recruit/105397,,2026-09-07 18:42:56
자소설닷컴,신영그룹(shym),2026 하반기 신입/경력 수시채용,"생산기술, 신차개발, 품질관리, 전략, Finance 주재원, IT 주재원, 생산관리(조립) 주재원","경력, 코드5",수시채용,,,2026-08-09,https://jasoseol.com/recruit/105398,,2026-09-07 18:42:56
자소설닷컴,이노션,캠페인플래닝 (AE),캠페인플래닝 (AE),계약직,수시채용,,,2026-08-12,https://jasoseol.com/recruit/105396,,2026-09-07 18:42:56
자소설닷컴,한국해양과학기술원 부설 극지연구소,2026-2027년 남극과학기지 월동연구대 및 하계 지원인력 모집,"[남극장보고과학기지] 우주과학, [남극세종과학기지] 발전, [남극장보고과학기지] 발전, [남극세종과학기지] 조리지원, [남극장보고과학기지] 조리지원, [남극세종과학기지] 중장비지원, [남극장보고과학기지] 중장비지원",계약직,수시채용,,,2026-08-14,https://jasoseol.com/recruit/105399,,2026-09-07 18:42:57
자소설닷컴,한국동서발전(EWP),2026년도 하반기 체험형 인턴 채용,"사무 (본사), 발전 (본사), 사무 (울산), 발전 (울산), 사무 (당진), 발전 (당진), 사무 (동해), 발전 (동해)",인턴,수시채용,,,2026-08-12,https://jasoseol.com/recruit/105400,,2026-09-07 18:42:57
자소설닷컴,제일약품,8월 인재모집,"ETC영업, 마케팅 PM, 개발 RA팀, PV팀 (Project Leader), 임상팀 CPL (임상의학), 임상팀 MSL, 임상팀 임상QA, 품질 QC, 품질 QA, 생산 공무(정비), 생산 고형제 생산, 생산 고","경력, 계약직, 신입, 코드5",수시채용,,,2026-08-09,https://jasoseol.com/recruit/105401,,2026-09-07 18:42:57
자소설닷컴,한국콩스버그마리타임,Software Engineer / Field Engineer / Supplier Technical Engineer 채용,"Software Engineer, Field Engineer, Supplier Technical Engineer, Field Engineer (삼호), Supplier Technical Engineer (부산 녹산)","경력, 코드5",수시채용,,,2026-08-17,https://jasoseol.com/recruit/105402,,2026-09-07 18:42:58
자소설닷컴,한국산업인력공단(HRDK),2026년 하반기 일반직 신규직원 채용공고,"일반직 4급-회계-울산, 일반직 5급-노무-울산, 일반직 6급-일반행정(일반)-원주, 일반직 6급-일반행정(일반)-안성, 일반직 6급-일반행정(일반)-부산, 일반직 6급-일반행정(일반)-대구, 일반직 6급-일반행정(",신입,수시채용,,,2026-08-13,https://jasoseol.com/recruit/105404,,2026-09-07 18:42:59
자소설닷컴,에코마케팅,앱 마케터 인턴/신입 채용,앱 마케터,"신입, 인턴",수시채용,,,2026-08-09,https://jasoseol.com/recruit/105405,,2026-09-07 18:42:59
자소설닷컴,서울특별시,2026년 하반기 공공기관 직원 통합채용,"[서울특별시 농수산식품공사] 일반행정 6급(행정), [서울특별시 농수산식품공사] 일반행정 6급(법무), [서울특별시 농수산식품공사] 일반행정 6급(회계), [서울특별시 농수산식품공사] 특수행정 7급 통신, [서울특별","경력, 신입, 코드5",수시채용,,,2026-08-20,https://jasoseol.com/recruit/105406,,2026-09-07 18:43:00
자소설닷컴,한국계량측정협회,2026 미래내일 일경험 사업 인턴형 참여청년 모집,"트레스칼 코리아 - 경영사무 (동탄), FITI 시험연구원 - 경영사무 (오창), FITI 시험연구원 - 연구R&D(시험인증) (오창), FITI 시험연구원 - 연구R&D(화학) (오창), 한국기계전기전자시험연구원 ",인턴,수시채용,,,2026-08-09,https://jasoseol.com/recruit/105407,,2026-09-07 18:43:00
자소설닷컴,이노션,캠페인플래닝 (체험형 인턴),캠페인플래닝 (체험형 인턴),인턴,수시채용,,,2026-08-04,https://jasoseol.com/recruit/105408,,2026-09-07 18:43:00
자소설닷컴,한국주택금융공사(HF),2026년도 신입직원 채용공고,"대졸수준_수도권_경영, 대졸수준_비수도권_경영, 대졸수준_지역전문(호남권)_경영, 대졸수준 _수도권_경제, 대졸수준 _비수도권_경제, 대졸수준 _지역전문(호남권)_경제, 대졸수준 _IT, 대졸수준 _보훈_경영, 대졸",신입,수시채용,,,2026-08-20,https://jasoseol.com/recruit/105403,,2026-09-07 18:43:00
자소설닷컴,서울문화재단(SFAC),2026년 제2차 직원(기간제계약직) 공개채용 공고,"수탁사업_공개경쟁_무대기계·감독 (무대기술팀, 예술교육센터서초팀), 수탁사업_공개경쟁_무대음향 (무대기술팀, 예술교육센터서초팀), 수탁사업_공개경쟁_무대조명 (무대기술팀), 수탁사업_공개경쟁_시설 (예술교육센터서초팀",계약직,수시채용,,,2026-08-20,https://jasoseol.com/recruit/105409,,2026-09-07 18:43:01
자소설닷컴,NHN Cloud,PaaS 백엔드 개발,PaaS 백엔드 개발,경력,상시채용,,,2026-09-29,https://jasoseol.com/recruit/105410,,2026-09-07 18:43:01
자소설닷컴,한국가스공사(KOGAS),2026년 하반기 고졸 채용형 인턴(7급) 채용,"기계, 전기, 화공",인턴,수시채용,,,2026-08-14,https://jasoseol.com/recruit/105411,,2026-09-07 18:43:02
자소설닷컴,테크윙,2026년 8월 각부문 채용,"해외영업, 해외영업 (그룹장/팀장급), 기구설계 (아산), 기구설계 (동탄), SW개발, 제조기술, 구매 (동탄), 자재 (아산), 고객만족 그룹 (CS) - 각 고객사, 고객만족 그룹 (싱가폴 현지 CS), 고객만","경력, 신입, 코드5",수시채용,,,2026-08-16,https://jasoseol.com/recruit/105412,,2026-09-07 18:43:02
자소설닷컴,팀스파르타,제조 품질 AX 전문가 부트캠프 (데이터/AI 역량 강화),제조 품질 AX 전문가 (데이터/AI 역량),교육,수시채용,,,2026-08-12,https://jasoseol.com/recruit/105413,,2026-09-07 18:43:02
자소설닷컴,니프코코리아,신입/경력 직원 채용,"인사, 경영기획, 정보관리, 관리(보건관리), 생산관리, 생산(아산), 설계, 금형개발(시사출), 영업, 품질보증, 관리(안전보건), 생산(울산)","경력, 계약직, 신입, 코드5",상시채용,,,2026-08-17,https://jasoseol.com/recruit/105414,,2026-09-07 18:43:03
자소설닷컴,한양대학교 산학협력단,2026년 하계방학 청년도약 인재양성 부트캠프 중급과정 추가모집,"AI·SW 엔지니어, AI·SW 디자이너, AI Cloud 엔지니어",교육,수시채용,,,2026-08-06,https://jasoseol.com/recruit/105416,,2026-09-07 18:43:03
자소설닷컴,부산디자인진흥원,2026년 글로벌 디자인 협업 기업 디자인 혁신 지원 청년 디자이너 추가 모집,청년 디자이너,인턴,수시채용,,,2026-08-14,https://jasoseol.com/recruit/105417,,2026-09-07 18:43:04
자소설닷컴,한미약품,2026년 8월 수시채용 [각 부문별],"[한미약품] 내부통제, [한미약품] DrugSafety & PV, [한미약품] Medical, [한미약품] 생산관리, [한미약품] 품질보증, [한미약품] 생산 (점안제), [한미약품] 제조/충전 및 포장 (DP), ","경력, 계약직, 코드5",수시채용,,,2026-08-17,https://jasoseol.com/recruit/105415,,2026-09-07 18:43:04
자소설닷컴,신원,수출부문 KNIT 해외영업 (Old Navy/Active) 경력 채용,해외영업,경력,수시채용,,,2026-08-10,https://jasoseol.com/recruit/105418,,2026-09-07 18:43:05
자소설닷컴,신원,수출부문 KNIT 해외영업(Walmart) 경력 채용,해외영업,경력,수시채용,,,2026-08-10,https://jasoseol.com/recruit/105419,,2026-09-07 18:43:06
자소설닷컴,신원,수출부문 KNIT 해외영업(Elevated Brands) 경력 채용,해외영업,경력,수시채용,,,2026-08-10,https://jasoseol.com/recruit/105420,,2026-09-07 18:43:07
자소설닷컴,중앙대학교병원,(광명병원) 간호본부 순환기내과 전담간호사 (휴직대체) 모집 (2026.08),(휴직대체)-간호사-간호본부(진료지원간호팀)-순환기내과 전담간호사,계약직,수시채용,,,2026-08-06,https://jasoseol.com/recruit/105422,,2026-09-07 18:43:07
자소설닷컴,신원,수출부문 KNIT 해외영업 신입 채용,수출부문 KNIT 해외영업,신입,수시채용,,,2026-08-10,https://jasoseol.com/recruit/105421,,2026-09-07 18:43:07
자소설닷컴,한국항공우주산업,7월 경력사원 채용,"장구관리, 지상계측, 훈련체계 개발, 훈련장비 운영, 조종안정성 해석, 비행제어 시스템/SW 통합시험, 비행제어 구성품 개발, 훈련장비 개발, 항공전자, 항공전자 SW개발, 전략기획, ICT 기획, 인재개발, 총무,","경력, 계약직",수시채용,,,2026-08-13,https://jasoseol.com/recruit/105423,,2026-09-07 18:43:07
자소설닷컴,시청자미디어재단,"2026년 제4차 채용_무기계약직, 기간제계약직","운전직 - 무기계약직(서울센터), 운전직 - 무기계약직(경기센터), 시청자권익증진(방송,미디어) - 기간제계약직(서울센터), 시청자권익증진(방송,미디어) - 기간제계약직(경남센터), 시청자권익증진(방송,미디어) - ",계약직,수시채용,,,2026-08-18,https://jasoseol.com/recruit/105425,,2026-09-07 18:43:08
자소설닷컴,애경케미칼,각 부문 신입 및 경력 채용,"화학물질 및 환경규제 관리, 해외영업 (가소제), 국내영업 (바이오연료), 설비관리 엔지니어, 회계/세무, 분석연구, 생산 (울산공장), 전기설비 점검/보수","경력, 신입",수시채용,,,2026-08-17,https://jasoseol.com/recruit/105426,,2026-09-07 18:43:08
자소설닷컴,팀스파르타,2026 인턴 채용,"IT 부트캠프 교육 운영기획 매니저 인턴, CX 매니저 인턴, L&D(Learning & Development) Manager",인턴,수시채용,,,2026-08-17,https://jasoseol.com/recruit/105427,,2026-09-07 18:43:09
자소설닷컴,GC셀,WS팀(Wholesale) 영업 및 관리 담당자 모집 (경력),Wholesale 영업 및 관리 담당자,경력,수시채용,,,2026-08-09,https://jasoseol.com/recruit/105428,,2026-09-07 18:43:10
자소설닷컴,시청자미디어재단,2026년 제4차 채용_채용형인턴,"시청자권익증진(경영·기획) - 채용형인턴, 시청자권익증진(방송,미디어) - 채용형인턴(부산센터), 시청자권익증진(방송,미디어) - 채용형인턴(경남센터), 시청자권익증진(방송,미디어) - 채용형인턴(경북센터)",인턴,수시채용,,,2026-08-18,https://jasoseol.com/recruit/105424,,2026-09-07 18:43:10
자소설닷컴,생거진천문화재단,"2026년 제2차 직원채용 공고 (계약직, 문화행정)",문화행정,계약직,수시채용,,,2026-08-18,https://jasoseol.com/recruit/105429,,2026-09-07 18:43:11
자소설닷컴,에코마케팅,백엔드 개발자(Java) 인턴/신입 채용,"백엔드 개발자(Java) (인턴), 백엔드 개발자(Java) (신입)","신입, 인턴",수시채용,,,2026-08-16,https://jasoseol.com/recruit/105432,,2026-09-07 18:43:11
자소설닷컴,GC셀,RA(Regulatory Affairs) 담당자 모집 (경력),RA (Regulatory Affairs),경력,수시채용,,,2026-08-31,https://jasoseol.com/recruit/105430,,2026-09-07 18:43:11
자소설닷컴,신원,KNIT 해외영업(담당 바이어 미정) 경력 채용,KNIT 해외영업(담당 바이어 미정),경력,수시채용,,,2026-08-10,https://jasoseol.com/recruit/105431,,2026-09-07 18:43:12
자소설닷컴,페이히어,QA Assistant 인턴,QA Assistant 인턴,인턴,상시채용,,,2026-08-24,https://jasoseol.com/recruit/105439,,2026-09-07 18:43:13
자소설닷컴,페이히어,[핀테크 스타트업] SaaS 영업 컨설턴트 신입 채용 (연봉 3600/인센티브/분기상여금),SaaS 영업 컨설턴트 (신입),계약직,상시채용,,,2026-10-02,https://jasoseol.com/recruit/105440,,2026-09-07 18:43:13
자소설닷컴,이카운트,2026 하반기 서비스본부 신입 공개채용,서비스본부 신입,신입,수시채용,,,2026-08-18,https://jasoseol.com/recruit/105433,,2026-09-07 18:43:13
자소설닷컴,페이히어,인바운드 콜 세일즈 스페셜리스트 (구로) 경력 채용,인바운드 콜 세일즈 스페셜리스트 (구로),경력,상시채용,,,2026-10-02,https://jasoseol.com/recruit/105441,,2026-09-07 18:43:13
자소설닷컴,한국수출입은행,"2026년 업무직원(운전직) 및 육아휴직 대체 기간제 별정직원(운전직, 임시직) 채용","업무직원(운전직), 별정직원(운전직, 임시직)",계약직,수시채용,,,2026-08-18,https://jasoseol.com/recruit/105434,,2026-09-07 18:43:14
자소설닷컴,AXA손해보험,자동차업무팀 신입사원 채용,자동차업무팀,신입,수시채용,,,2026-08-09,https://jasoseol.com/recruit/105442,,2026-09-07 18:43:14
자소설닷컴,토스뱅크,Server Developer 채용 연계형 인턴십,Server Developer,인턴,수시채용,,,2026-08-17,https://jasoseol.com/recruit/105443,,2026-09-07 18:43:14
자소설닷컴,모두닥,[채용전환형/월 500만원] 직군별 인턴 채용,"Problem Solver - Engineering Focused, Problem Solver - Marketing Focused, Problem Solver - Sales Focused, Problem Solver",인턴,수시채용,,,2026-09-30,https://jasoseol.com/recruit/105444,,2026-09-07 18:43:15
자소설닷컴,동부건설,경력사원(도시정비사업) 채용,개발사업본부-도시정비사업-본사(서울),경력,수시채용,,,2026-08-17,https://jasoseol.com/recruit/105445,,2026-09-07 18:43:15
자소설닷컴,에이피알,뷰티 디바이스 SMT 생산기술 채용연계형 인턴사원 모집,SMT 생산기술,인턴,상시채용,,,2026-08-28,https://jasoseol.com/recruit/105446,,2026-09-07 18:43:16
자소설닷컴,휴스틸,신입 및 경력사원 수시채용,"공시/IR, 환경관리(신입), 환경관리(경력), 설비-기계, 설비-전기, 군산_생산기술, 제품출하","경력, 신입, 코드5",수시채용,,,2026-08-17,https://jasoseol.com/recruit/105447,,2026-09-07 18:43:16
자소설닷컴,김앤장 법률사무소,지식재산권 부문 채용,특허 및 상표 스탭,코드5,수시채용,,,2026-08-10,https://jasoseol.com/recruit/105448,,2026-09-07 18:43:16
자소설닷컴,현대해상화재보험,2026 전문대졸 신입사원 채용,"지점총무 (사무직), 자동차보험 소액보상 (사무직)",신입,수시채용,,,2026-08-10,https://jasoseol.com/recruit/105449,,2026-09-07 18:43:17
자소설닷컴,연합인포맥스,AI 부문 및 금융데이터 서비스 기획·운영 채용,"금융 데이터 서비스 기획·운영, AI 개발·운영","경력, 코드5",수시채용,,,2026-08-13,https://jasoseol.com/recruit/105450,,2026-09-07 18:43:17
자소설닷컴,ABInBev Korea 오비맥주,2026 ABInBev Korea 엔지니어 신입사원 채용,생산부문 엔지니어,신입,수시채용,,,2026-08-17,https://jasoseol.com/recruit/105452,,2026-09-07 18:43:18
자소설닷컴,오뚜기,경력사원 채용  - 글로벌마케팅/글로벌B2B영업,"글로벌마케팅, 글로벌B2B영업",경력,수시채용,,,2026-08-17,https://jasoseol.com/recruit/105451,,2026-09-07 18:43:18
자소설닷컴,어댑트,글로벌 인플루언서 마케팅 인턴 모집,글로벌 인플루언서 마케팅 인턴,인턴,수시채용,,,2026-08-17,https://jasoseol.com/recruit/105453,,2026-09-07 18:43:18
자소설닷컴,앱솔브랩,[셀리맥스] 콘텐츠 디자이너 경력 채용,콘텐츠 디자이너 경력,경력,상시채용,,,2026-08-31,https://jasoseol.com/recruit/105454,,2026-09-07 18:43:19
자소설닷컴,앱솔브랩,러시아/CIS 인플루언서 마케팅 경력 채용,러시아/CIS 인플루언서 마케팅,경력,상시채용,,,2026-10-03,https://jasoseol.com/recruit/105455,,2026-09-07 18:43:19
자소설닷컴,한국남동발전(KOEN),2026년 하반기 신입사원 채용,"[대졸수준] 화학, [고졸수준] 기계, [고졸수준] 전기, [고졸수준] 화학",신입,수시채용,,,2026-08-18,https://jasoseol.com/recruit/105456,,2026-09-07 18:43:19
자소설닷컴,과학기술정책연구원(STEPI),2026년도 제2차 직원채용,"기초연구정책, 과학기술 인재정책, 연구안보정책",코드5,수시채용,,,2026-08-18,https://jasoseol.com/recruit/105457,,2026-09-07 18:43:20
자소설닷컴,현대종합금속,신입/경력 사원 모집,"조선기자재/시스템 개발, 조선기자재/시스템 설계",코드5,수시채용,,,2026-08-17,https://jasoseol.com/recruit/105458,,2026-09-07 18:43:20
자소설닷컴,한국고용노동교육원,2026년 3차 정규직(교육직/채용형 인턴) 채용,교육직(일반)/채용형인턴,코드5,수시채용,,,2026-08-13,https://jasoseol.com/recruit/105459,,2026-09-07 18:43:21
자소설닷컴,한국파스퇴르연구소,사업운영실 실원(산휴대체) 채용,Manager(행정원),계약직,수시채용,,,2026-08-10,https://jasoseol.com/recruit/105460,,2026-09-07 18:43:21
자소설닷컴,한국철도기술연구원(KRRI),"2026년 2차 비정규직 채용(위촉직, 박사후·석사후연수연구원)"," (위촉-1)구매자산 관리, (위촉-2) 법정 안전관리자, (위촉-3) 스마트워킹 시스템 운영 지원 및 형식승인 검사업무 관련 행정 지원, (위촉-4) 기술포트폴리오 등 연구원 홍보물 디자인, (위촉-5) 도시철도 ",계약직,수시채용,,,2026-08-20,https://jasoseol.com/recruit/105461,,2026-09-07 18:43:22
자소설닷컴,유안타증권,법인영업팀 신입 업무직원 채용,법인영업팀 신입 업무직원,계약직,수시채용,,,2026-08-18,https://jasoseol.com/recruit/105463,,2026-09-07 18:43:22
자소설닷컴,앱솔브랩,러시아/CIS B2B 영업 인턴 채용,러시아/CIS B2B 영업,인턴,상시채용,,,2026-08-26,https://jasoseol.com/recruit/105464,,2026-09-07 18:43:23
자소설닷컴,앱솔브랩,러시아/CIS B2B 영업 경력 채용,러시아/CIS B2B 영업,경력,상시채용,,,2026-08-26,https://jasoseol.com/recruit/105465,,2026-09-07 18:43:23
자소설닷컴,뤼튼테크놀로지스,[OOC] Growth Marketer 인턴,[OOC] Growth Marketer 인턴,인턴,상시채용,,,2026-08-22,https://jasoseol.com/recruit/105462,,2026-09-07 18:43:23
자소설닷컴,페이히어,"콘텐츠 마케터 (커머스, CRM 마케팅) 경력 채용","콘텐츠 마케터 (커머스, CRM 마케팅)",경력,상시채용,,,2026-10-03,https://jasoseol.com/recruit/105466,,2026-09-07 18:43:23
자소설닷컴,앱솔브랩,러시아/CIS 인플루언서 마케팅 인턴 채용,러시아/CIS 인플루언서 마케팅,인턴,상시채용,,,2026-10-03,https://jasoseol.com/recruit/105467,,2026-09-07 18:43:24
자소설닷컴,한세실업,2026년 하반기 대졸 신입사원 공개채용,"[한세실업] 해외영업, [한세실업] 경영지원, [한세실업] PD&D (Fashion Design), [한세실업] TD (Technical Design), [칼라앤터치] 원단영업, [칼라앤터치] 경영지원 (회계), [",신입,수시채용,,,2026-08-11,https://jasoseol.com/recruit/105468,,2026-09-07 18:43:24
자소설닷컴,한국나노기술원,제5차 위촉연구원 채용 공고 (계약직),"공정 (정부과제), 측정분석 [인프라고도화] (정부과제), 반도체공정 [인프라고도화] (정부과제), 장비운영 [인프라고도화] (정부과제), 행사/홍보 [인프라고도화] (정부과제), 반도체공정 [글로벌TOP] (정부과",계약직,수시채용,,,2026-08-20,https://jasoseol.com/recruit/105469,,2026-09-07 18:43:25
자소설닷컴,뤼튼테크놀로지스,Brand Marketer 인턴,Brand Marketer 인턴,인턴,상시채용,,,2026-08-05,https://jasoseol.com/recruit/105472,,2026-09-07 18:43:26
자소설닷컴,뤼튼테크놀로지스,[크랙] Growth Marketer 인턴,[크랙] Growth Marketer 인턴,인턴,상시채용,,,2026-08-21,https://jasoseol.com/recruit/105471,,2026-09-07 18:43:26
자소설닷컴,뤼튼테크놀로지스,Global Brand Marketer (북미) 인턴,Global Brand Marketer (북미) 인턴,인턴,상시채용,,,2026-08-24,https://jasoseol.com/recruit/105473,,2026-09-07 18:43:27
자소설닷컴,뤼튼테크놀로지스,JP Brand Marketer 인턴,JP Brand Marketer 인턴,인턴,상시채용,,,2026-08-24,https://jasoseol.com/recruit/105474,,2026-09-07 18:43:27
자소설닷컴,삼립,마케팅 경력직 채용 (2026년 8월),마케팅,경력,수시채용,,,2026-08-13,https://jasoseol.com/recruit/105470,,2026-09-07 18:43:27
자소설닷컴,SK바이오사이언스,26년 8월 경력사원 수시채용,Domestic Marketing Planning,경력,수시채용,,,2026-08-17,https://jasoseol.com/recruit/105476,,2026-09-07 18:43:28
자소설닷컴,뤼튼테크놀로지스,JP Growth Marketer 인턴,JP Growth Marketer 인턴,인턴,상시채용,,,2026-08-24,https://jasoseol.com/recruit/105475,,2026-09-07 18:43:28
자소설닷컴,동아일보사,2026년 하반기 사원 모집,"회계·행정, 콘텐츠 아카이빙 (콘텐츠 홍보), 콘텐츠 아카이빙 (지식재산권 관리)",계약직,수시채용,,,2026-08-14,https://jasoseol.com/recruit/105478,,2026-09-07 18:43:28
자소설닷컴,한국미쓰이물산,2026년 경리재무본부 채용연계형 인턴사원 채용,경리재무본부 / Accounting & Finance Division,인턴,수시채용,,,2026-08-19,https://jasoseol.com/recruit/105481,,2026-09-07 18:43:28
자소설닷컴,아이쓰리시스템,구매 부문 신입/경력사원 채용,구매,"경력, 신입",수시채용,,,2026-08-23,https://jasoseol.com/recruit/105483,,2026-09-07 18:43:29
자소설닷컴,마카롱팩토리,채용전환형 인턴 수시 채용,"비즈니스 매니저, MD/상품기획, 파트너 영업지원, CX/CS 담당자, SCM · 물류 운영 지원, QA 엔지니어",인턴,상시채용,,,2026-10-05,https://jasoseol.com/recruit/105484,,2026-09-07 18:43:30
자소설닷컴,에이피알,[경영지원] 뷰티 디바이스 유럽 인허가(RA) 채용연계형 인턴사원 모집,뷰티 디바이스 유럽 인허가(RA),인턴,상시채용,,,2026-08-31,https://jasoseol.com/recruit/105485,,2026-09-07 18:43:30
자소설닷컴,한국석유공업,하반기 수시채용 Petroleum사업본부 부산지점 영업직 신입/경력,[부산지점] Petroleum사업본부 영업직,코드5,수시채용,,,2026-08-10,https://jasoseol.com/recruit/105482,,2026-09-07 18:43:30
자소설닷컴,에이피알,[디자인] 해외 수출 패키지 디자인 채용연계형 인턴사원 모집,해외 수출 패키지 디자인,인턴,상시채용,,,2026-08-31,https://jasoseol.com/recruit/105486,,2026-09-07 18:43:30
자소설닷컴,중앙대학교병원,(서울병원) 약제팀 야간당직약사(계약직) 모집 (2026.08),약제팀-야간당직약사,계약직,수시채용,,,2026-08-11,https://jasoseol.com/recruit/105487,,2026-09-07 18:43:31
자소설닷컴,아이엠아이크리티컬엔지니어링코리아,"자재팀, 외주가공팀, 구매팀 채용","OSM Engineer (외주가공팀), Material Handler (자재팀), Buyer (구매팀)","계약직, 코드5",상시채용,,,2026-08-25,https://jasoseol.com/recruit/105488,,2026-09-07 18:43:31
자소설닷컴,LS MnM,"경력사원 수시채용 [원료기획, 설비엔지니어(계기)]","원료기획, 설비엔지니어 (계기)",경력,수시채용,,,2026-08-18,https://jasoseol.com/recruit/105489,,2026-09-07 18:43:32
자소설닷컴,신한신용정보,2026년 정보보호분야 채용,"정보보호 (신입/경력), 정보보호 (보훈대상자)",코드5,수시채용,,,2026-08-17,https://jasoseol.com/recruit/105491,,2026-09-07 18:43:32
자소설닷컴,한국능률협회컨설팅,2026년 하반기 채용전환형(AA) 인턴 채용,"경영·사업전략 컨설팅, 인사·조직 컨설팅, 에너지·기후 컨설팅, AX·AI 전략 컨설팅, 대학혁신 컨설팅, 병원·헬스케어 컨설팅, 브랜드·CX·리서치 컨설팅, 교육혁신 컨설팅, 사업운영(PMO) 컨설팅",인턴,수시채용,,,2026-08-17,https://jasoseol.com/recruit/105490,,2026-09-07 18:43:33
자소설닷컴,코스테크,2026년 하반기 신입/경력 공개채용,"기술 엔지니어 (계측 교정기 사업부), 기술 엔지니어 (프린터&커팅기 사업부), 관리본부 (Holdings)",코드5,수시채용,,,2026-08-15,https://jasoseol.com/recruit/105492,,2026-09-07 18:43:33
자소설닷컴,HK금융파트너스,2026년 신입사원 채용 [본사 영업관리 부문],본사 영업관리,코드5,수시채용,,,2026-08-16,https://jasoseol.com/recruit/105493,,2026-09-07 18:43:33
자소설닷컴,중앙대학교병원,광명소하검진센터 풀타임 간호사(계약직) 모집 (2026.08-1),간호사-광명소하검진센터,계약직,수시채용,,,2026-08-11,https://jasoseol.com/recruit/105495,,2026-09-07 18:43:34
자소설닷컴,NHN,노무,노무,경력,상시채용,,,2026-10-04,https://jasoseol.com/recruit/105494,,2026-09-07 18:43:34
자소설닷컴,중앙대학교병원,(광명병원) 간호본부 류마티스내과 전담간호사 (휴직대체) 모집 (2026.08),간호사-간호본부(진료지원간호팀)-류마티스내과 전담간호사,계약직,수시채용,,,2026-08-11,https://jasoseol.com/recruit/105496,,2026-09-07 18:43:34
자소설닷컴,중앙대학교병원,(광명병원) 간호본부 호흡기알레르기내과 전담간호사 (계약직) 모집 (수시채용) (정규직 전환 기회부여),간호사-간호본부(진료지원간호팀)-호흡기알레르기내과 전담간호사,계약직,수시채용,,,2026-08-31,https://jasoseol.com/recruit/105497,,2026-09-07 18:43:35
자소설닷컴,삼양케이씨아이,2026년 하반기 체험형 인턴 채용(R&D 연구원),R&D 개발,인턴,수시채용,,,2026-08-12,https://jasoseol.com/recruit/105499,,2026-09-07 18:43:36
자소설닷컴,중앙대학교병원,(광명병원) 간호본부 신생아 중환자실 전담간호사 (정규직) 모집 (2026.08),간호사-간호본부(신생아 중환자실)-신생아 중환자실 전담간호사,신입,수시채용,,,2026-08-11,https://jasoseol.com/recruit/105498,,2026-09-07 18:43:36
자소설닷컴,NHN waplat,와플랫 사업 기획,와플랫 사업 기획,경력,상시채용,,,2026-09-01,https://jasoseol.com/recruit/105501,,2026-09-07 18:43:36
자소설닷컴,와디즈,채용 지원 담당자 인턴 모집,채용 담당자,인턴,수시채용,,,2026-08-12,https://jasoseol.com/recruit/105500,,2026-09-07 18:43:36
자소설닷컴,NHN,AI 전환 백엔드 개발,AI 전환 백엔드 개발,경력,상시채용,,,2026-08-07,https://jasoseol.com/recruit/105503,,2026-09-07 18:43:37
자소설닷컴,NHN,전략기획,[NHN] 전략기획,경력,상시채용,,,2026-08-25,https://jasoseol.com/recruit/105504,,2026-09-07 18:43:38
자소설닷컴,kt p&m,2026년 하반기 신입·경력·계약직 채용,"전원, MW, 재무회계, 전원-전기안전관리, 전원-시설 점검/정비, HR (보수/복지)","계약직, 신입, 코드5",수시채용,,,2026-08-19,https://jasoseol.com/recruit/105505,,2026-09-07 18:43:38
자소설닷컴,NHN,게임정책 및 대외업무,[NHN] 게임정책 및 대외업무,경력,상시채용,,,2026-08-26,https://jasoseol.com/recruit/105506,,2026-09-07 18:43:38
자소설닷컴,NHN,신사업 전략기획마케팅,[NHN] 신사업 전략기획마케팅,경력,상시채용,,,2026-08-11,https://jasoseol.com/recruit/105502,,2026-09-07 18:43:38
자소설닷컴,NHN,개인정보보호,개인정보보호,경력,상시채용,,,2026-10-04,https://jasoseol.com/recruit/105508,,2026-09-07 18:43:39
자소설닷컴,NHN,세무,[NHN] 세무,경력,상시채용,,,2026-08-21,https://jasoseol.com/recruit/105510,,2026-09-07 18:43:39
자소설닷컴,한국조달연구원,2026년 하반기 채용 공고,연구원 (신입 또는 경력),계약직,수시채용,,,2026-08-27,https://jasoseol.com/recruit/105511,,2026-09-07 18:43:40
자소설닷컴,NHN,LLM 기술 개발 (LLM / Agent),[NHN] LLM 기술 개발 (LLM / Agent),경력,상시채용,,,2026-10-04,https://jasoseol.com/recruit/105509,,2026-09-07 18:43:40
자소설닷컴,NHN,게임 서비스 마케터,게임 서비스 마케터,경력,상시채용,,,2026-08-28,https://jasoseol.com/recruit/105512,,2026-09-07 18:43:41
자소설닷컴,에코마케팅,글로벌(일본) 마케터 신입/경력 채용,"글로벌(일본) 마케터 (신입사원), 글로벌(일본) 마케터 (경력)","경력, 신입",수시채용,,,2026-09-06,https://jasoseol.com/recruit/105513,,2026-09-07 18:43:41
자소설닷컴,중앙대학교병원,(광명병원) 순환기내과(부정맥센터) 간호사 (계약직) 모집 (2026.08),간호사-순환기내과(부정맥센터),계약직,수시채용,,,2026-08-11,https://jasoseol.com/recruit/105514,,2026-09-07 18:43:41
자소설닷컴,NHN Dooray,협업 서비스 프론트엔드 개발,협업 서비스 프론트엔드 개발,경력,상시채용,,,2026-10-04,https://jasoseol.com/recruit/105515,,2026-09-07 18:43:42
자소설닷컴,NHN,백엔드개발,백엔드개발,경력,상시채용,,,2026-08-06,https://jasoseol.com/recruit/105516,,2026-09-07 18:43:42
자소설닷컴,리멤버앤컴퍼니,마켓데이터사업실 Intern,마켓데이터사업실 Intern,인턴,상시채용,,,2026-08-13,https://jasoseol.com/recruit/105518,,2026-09-07 18:43:42
자소설닷컴,에이피알,[영업] 해외 영업 출고 지원 담당 채용연계형 인턴사원 모집,해외 영업 출고 지원 담당,인턴,상시채용,,,2026-08-31,https://jasoseol.com/recruit/105520,,2026-09-07 18:43:43
자소설닷컴,한국산업안전보건공단(KOSHA),2026년도 하반기 채용 공고,"산업보건(의학) (연구직 2급), 산업안전(기계) (5급 일반), 산업안전(전기) (5급 일반), 산업안전(화공) (5급 일반), 산업보건(위생) (5급 일반), 산업보건(환경) (5급 일반), 건설안전(건축) (5","경력, 신입",수시채용,,,2026-08-24,https://jasoseol.com/recruit/105521,,2026-09-07 18:43:43
자소설닷컴,대구경북과학기술원(DGIST),2026년도 제2차 일반직원(정규직) 공개채용,"기계·설비 (건설공사 및 시설관리), 행정공통, 창업 및 사업화 지원","경력, 신입",수시채용,,,2026-08-28,https://jasoseol.com/recruit/105522,,2026-09-07 18:43:44
자소설닷컴,어플라이드 머티어리얼즈 코리아,[신입] Global Software Support Engineer (학사),Global Software Support Engineer,신입,수시채용,,,2026-08-20,https://jasoseol.com/recruit/105523,,2026-09-07 18:43:44
자소설닷컴,NHN Dooray,ERP 기획 및 운영,ERP 기획 및 운영,경력,상시채용,,,2026-10-04,https://jasoseol.com/recruit/105524,,2026-09-07 18:43:44
자소설닷컴,NHN Dooray,백엔드개발,백엔드개발,경력,상시채용,,,2026-08-10,https://jasoseol.com/recruit/105525,,2026-09-07 18:43:45
자소설닷컴,유닛블랙,2026 총무 담당자 (GA Manager) 채용,총무 담당자 (GA Manager),경력,상시채용,,,2026-08-25,https://jasoseol.com/recruit/105526,,2026-09-07 18:43:45
자소설닷컴,해양에너지,2026년 채용연계형 인턴사원 모집,"안전관리, 경영관리",인턴,수시채용,,,2026-09-03,https://jasoseol.com/recruit/105527,,2026-09-07 18:43:46
자소설닷컴,다우데이타,2026년 3분기 신입/경력사원 모집,"법인사업팀 / VAN 법인영업, 스마트컨설팅팀 / Autodesk 솔루션 엔지니어, IT기획운영팀 / IT 운영, 뉴타니스시너지팀 / 뉴타닉스 영업, Ansys사업팀 / Ansys 영업, 오토데스크솔루션팀 / Aut","경력, 인턴",수시채용,,,2026-08-24,https://jasoseol.com/recruit/105528,,2026-09-07 18:43:46
자소설닷컴,엠알인프라오토,경력 공개채용 - 자동차 부품 개발,자동차 부품 개발,경력,상시채용,,,2026-10-05,https://jasoseol.com/recruit/105530,,2026-09-07 18:43:47
자소설닷컴,한솔제지,신입사원 수시채용 (구매),구매,신입,수시채용,,,2026-08-13,https://jasoseol.com/recruit/105529,,2026-09-07 18:43:47
자소설닷컴,세아홀딩스,통상팀 인턴 사원 모집,통상팀 인턴 사원,인턴,수시채용,,,2026-08-17,https://jasoseol.com/recruit/105531,,2026-09-07 18:43:47
자소설닷컴,안랩,2026년 8월 신입/경력 채용,"IT 인프라 운영(클라우드), IT 인프라 운영(M365), 네트워크 보안 엔지니어, SCM, 보안 위협 대응 및 분석, 원격 관제","신입, 코드5",수시채용,,,2026-08-17,https://jasoseol.com/recruit/105532,,2026-09-07 18:43:49
자소설닷컴,토스증권,Product Design Partner 집중 채용,Product Design Partner,계약직,수시채용,,,2026-08-23,https://jasoseol.com/recruit/105534,,2026-09-07 18:43:49
자소설닷컴,CJ대한통운,채용 설명회 CAREER RUNNER,CJ대한통운 채용설명회,인턴,수시채용,,,2026-08-23,https://jasoseol.com/recruit/105535,,2026-09-07 18:43:50
자소설닷컴,KG ICT,피지컬 AI 제조 AX 캠퍼스 3기,피지컬 AI 제조 AX 캠퍼스 3기,교육,수시채용,,,2026-09-06,https://jasoseol.com/recruit/105536,,2026-09-07 18:43:50
자소설닷컴,광주과학기술원,2026년 일반정규직·무기계약직 채용 공고,"기술사업화, 행정·기획, 일반행정","경력, 계약직",수시채용,,,2026-08-20,https://jasoseol.com/recruit/105533,,2026-09-07 18:43:50
자소설닷컴,동아미디어그룹 ,채용연계형 인턴 모집,"동아일보 기자, 동아일보 매거진기자 (DBR/HBR기자), 채널A 기자, 채널A PD, 채널A CD (Creative Director)",인턴,수시채용,,,2026-08-24,https://jasoseol.com/recruit/105537,,2026-09-07 18:43:50
자소설닷컴,앤시스코리아,Physical AI 활용 반도체장비 설계 및 앤시스(Ansys) CAE 해석 엔지니어링 스쿨 2기,Physical AI 활용 반도체장비 설계 및 앤시스(Ansys) CAE 해석 엔지니어링 스쿨 2기,교육,수시채용,,,2026-08-31,https://jasoseol.com/recruit/105538,,2026-09-07 18:43:51
자소설닷컴,NHN Cloud,법무,법무,경력,상시채용,,,2026-10-05,https://jasoseol.com/recruit/105540,,2026-09-07 18:43:52
자소설닷컴,HJ중공업,[건설부문] 2026년도 신입사원 공개채용,"건축, 토목, 기계, 전기, 플랜트, 안전, 개발영업, 회계, 영업기획, 노무, 홍보",신입,수시채용,,,2026-08-24,https://jasoseol.com/recruit/105539,,2026-09-07 18:43:52
자소설닷컴,케이씨텍,[신입] 재무회계팀 전표담당자 계약직 모집(안성),재무회계팀-전표처리-경기도 안성시(본사),계약직,수시채용,,,2026-08-21,https://jasoseol.com/recruit/105541,,2026-09-07 18:43:52
자소설닷컴,린데코리아,제조운영부문 Project Construction/ Management / Engineering/ 인주품질팀 정규직 채용 (경력),"Field Construction Manager, Project Control Engineer, Project Manager, Project Safety Manager, Piping Engineer (Senior-l",경력,수시채용,,,2026-08-19,https://jasoseol.com/recruit/105542,,2026-09-07 18:43:53
자소설닷컴,에코마케팅,프론트엔드 개발자 신입 채용,프론트엔드 개발자,신입,수시채용,,,2026-08-16,https://jasoseol.com/recruit/105543,,2026-09-07 18:43:53
자소설닷컴,에코마케팅,2026 하반기 재무/FP&A/경영기획 신입/경력 채용,"재무/FP&A/경영기획 (신입), 재무/FP&A/경영기획 (경력)","경력, 신입",수시채용,,,2026-08-23,https://jasoseol.com/recruit/105544,,2026-09-07 18:43:53
자소설닷컴,NHN Cloud Japan,IT 솔루션 영업,IT 솔루션 영업,경력,상시채용,,,2026-10-06,https://jasoseol.com/recruit/105545,,2026-09-07 18:43:54
자소설닷컴,한솔홈데코,재무팀 관리회계 경력사원 채용,재무팀 - 관리회계,경력,수시채용,,,2026-08-31,https://jasoseol.com/recruit/105546,,2026-09-07 18:43:54
자소설닷컴,세방그룹,2026년 3분기 신입·채용연계형 인턴·경력 정기 채용,"[세방(주)]원가관리, [세방(주)]경영기획, [세방(주)]국내영업, [세방(주)]경영지원, [세방(주)]계약관리, [세방(주)] 물류운영(중량해송), [세방(주)]인사, [세방전지(주)]해외영업, [세방전지(주)]","경력, 신입, 인턴",수시채용,,,2026-08-17,https://jasoseol.com/recruit/105547,,2026-09-07 18:43:55
자소설닷컴,서라벌도시가스,2026 신입 채용,재무기획,신입,수시채용,,,2026-08-21,https://jasoseol.com/recruit/105548,,2026-09-07 18:43:55
자소설닷컴,포스코이앤씨,안전 분야 Early Career Talent 채용,안전 관리,경력,수시채용,,,2026-08-19,https://jasoseol.com/recruit/105549,,2026-09-07 18:43:56
자소설닷컴,더케이교직원나라,2026년 하반기 IT팀 인력채용 (신입/경력),"IT팀 (서비스운영) (경력), IT팀 (서비스운영) (신입), IT팀 (정보보안) (신입)","경력, 신입",수시채용,,,2026-08-23,https://jasoseol.com/recruit/105550,,2026-09-07 18:43:56
자소설닷컴,교원그룹,8월 수시채용,"스마트구몬 백엔드 개발, 부동산 개발 기획",경력,수시채용,,,2026-08-17,https://jasoseol.com/recruit/105551,,2026-09-07 18:43:56
자소설닷컴,엔코아,AI 레디 데이터 엔지니어링 캠프 2기,AI 데이터 엔지니어링,교육,수시채용,,,2026-08-28,https://jasoseol.com/recruit/105552,,2026-09-07 18:43:57
자소설닷컴,과학기술정책연구원(STEPI),2026년 3차 청년인턴 채용,행정인턴,인턴,수시채용,,,2026-08-21,https://jasoseol.com/recruit/105553,,2026-09-07 18:43:57
자소설닷컴,학교법인 가톨릭학원,법인사무처 재무관리팀 사무직 모집,재무관리팀 사무직,계약직,수시채용,,,2026-08-18,https://jasoseol.com/recruit/105555,,2026-09-07 18:43:58
자소설닷컴,케이씨텍,[신입] 반도체 장비부문 출고담당자 계약직 모집(안성),구매전략팀-물류관리-경기도 안성시(본사),계약직,수시채용,,,2026-08-20,https://jasoseol.com/recruit/105558,,2026-09-07 18:43:58
자소설닷컴,쎄믹스,2026년 신입/경력 하반기 채용,"H/W  기구설계_선행기술, H/W  기구설계_시스템 연구개발, H/W 열관리 시스템 개발, H/W 전자설계, S/W 개발, Subu TSV 기구설계, Subu TSV SW 개발, Fabless 연구, 기술영업, 품","경력, 코드5",수시채용,,,2026-08-12,https://jasoseol.com/recruit/105556,,2026-09-07 18:43:59
자소설닷컴,에이피알,[마케팅] 홍콩 뷰티 콘텐츠 마케팅 채용연계형 인턴사원 모집,홍콩 뷰티 콘텐츠 마케팅,인턴,상시채용,,,2026-08-31,https://jasoseol.com/recruit/105557,,2026-09-07 18:43:59
자소설닷컴,태웅로직스,경력직 수시채용 (IT지원팀·SCM영업팀·신규사업팀),"IT지원팀, SCM영업팀, 신규사업팀",경력,수시채용,,,2026-08-31,https://jasoseol.com/recruit/105559,,2026-09-07 18:43:59
자소설닷컴,와디즈,광고 운영 담당자 (인턴),광고 운영 담당자,인턴,수시채용,,,2026-08-24,https://jasoseol.com/recruit/105561,,2026-09-07 18:44:00
자소설닷컴,세스코,전문영업 서비스디자이너(전국),전문영업 서비스디자이너 (전국),신입,수시채용,,,2026-09-05,https://jasoseol.com/recruit/105563,,2026-09-07 18:44:01
자소설닷컴,마이다스그룹,일본법인 구조해석 담당자 채용,해외분야 (일본 법인)-구조 컨설팅-일본법인,코드5,수시채용,,,2026-08-23,https://jasoseol.com/recruit/105560,,2026-09-07 18:44:01
자소설닷컴,현대씨앤알,2026년 4분기 정기채용,"노무관리 (FM사업), 사옥 및 임대차관리 (PM사업)","경력, 코드5",수시채용,,,2026-08-21,https://jasoseol.com/recruit/105564,,2026-09-07 18:44:01
자소설닷컴,한국석유공업,하반기 수시채용 재무팀 법인자금관리 신입/경력,재무팀 법인자금관리,코드5,수시채용,,,2026-08-17,https://jasoseol.com/recruit/105565,,2026-09-07 18:44:02
자소설닷컴,마이다스그룹,일본법인 건축기술분야 담당자 채용,신입/경력-해외분야 (일본 법인)-건축기술-일본법인,신입,수시채용,,,2026-08-23,https://jasoseol.com/recruit/105562,,2026-09-07 18:44:02
자소설닷컴,KT&G,2026년 하반기 신입사원 채용,"경영기획, 해외사업, 브랜드매니저, 제조, SCM, R&D - 제품개발, R&D - 향료연구, R&D - 기구개발, R&D - 회로개발",신입,수시채용,,,2026-09-10,https://jasoseol.com/recruit/105566,,2026-09-07 18:44:02
자소설닷컴,파두,2026 FADU Junior Talent 채용,"Firmware Engineer, 검증 Engineer",코드5,수시채용,,,2026-08-23,https://jasoseol.com/recruit/105567,,2026-09-07 18:44:03
자소설닷컴,한국표준협회,2026년 3차 기간제 근로자 공개채용,"AI 연구·개발 AX 사업 지원 (AI융합추진단), 교육 기획 및 운영 (경영교육센터), 총무 및 인사업무 지원 (회원홍보자산실)",계약직,수시채용,,,2026-08-26,https://jasoseol.com/recruit/105569,,2026-09-07 18:44:03
자소설닷컴,중앙대학교병원,(서울병원) 재활의학과 소아 언어치료사(계약직) 모집 (2026.08),재활의학과(소아 언어치료실)-소아 언어치료사,계약직,수시채용,,,2026-08-13,https://jasoseol.com/recruit/105570,,2026-09-07 18:44:03
자소설닷컴,한국전력기술(KEPCO-ENC),"2026년도 하반기 정규직(석·박사, 경력사원) 채용공고","석·박사_기계(원자로파괴역학)_5직급 6등급, 석·박사_에너지시스템_5직급 6등급, 석·박사_토목(해상풍력설계)_5직급 6등급, 경력사원_전기(전기설비설계)_5직급 11등급, 경력사원_토목(강구조)_4직급 1등급, ","경력, 코드5",수시채용,,,2026-08-25,https://jasoseol.com/recruit/105572,,2026-09-07 18:44:04
자소설닷컴,NHN Cloud,컨테이너 인프라 서비스 개발,컨테이너 인프라 서비스 개발,경력,상시채용,,,2026-10-09,https://jasoseol.com/recruit/105573,,2026-09-07 18:44:04
자소설닷컴,중앙대학교병원,(서울병원) 부대사업팀 조리원(휴직대체) 모집 (2026.08),계약직(휴직대체)-부대사업팀-조리원,신입,수시채용,,,2026-08-16,https://jasoseol.com/recruit/105571,,2026-09-07 18:44:05
자소설닷컴,넥슨스페이스,사내 인테리어 담당자(정규직) 채용,사내 인테리어 담당자(정규직),경력,수시채용,,,2026-08-24,https://jasoseol.com/recruit/105574,,2026-09-07 18:44:05
자소설닷컴,엠비씨씨앤아이,2026년 중계기술센터 중계·음향 엔지니어 계약직(육아휴직 대체인력) 사원 채용,중계·음향 엔지니어,계약직,수시채용,,,2026-08-31,https://jasoseol.com/recruit/105575,,2026-09-07 18:44:05
자소설닷컴,에이피알,[마케팅] 에이프릴스킨 온라인 마케팅 채용연계형 인턴사원 모집,에이프릴스킨 온라인 마케팅,인턴,상시채용,,,2026-08-14,https://jasoseol.com/recruit/105577,,2026-09-07 18:44:06
자소설닷컴,한국벤처캐피탈협회,2026년도 제6차 직원 채용공고,사업 운영,계약직,수시채용,,,2026-08-19,https://jasoseol.com/recruit/105578,,2026-09-07 18:44:06
자소설닷컴,신원,KNIT 해외영업(담당 바이어 미정) 경력 채용,KNIT 해외영업(담당 바이어 미정),경력,수시채용,,,2026-08-10,https://jasoseol.com/recruit/105579,,2026-09-07 18:44:07
자소설닷컴,신원,수출부문 KNIT 해외영업 (Old Navy/Active) 경력 채용,해외영업,경력,수시채용,,,2026-08-30,https://jasoseol.com/recruit/105580,,2026-09-07 18:44:07
자소설닷컴,신원,수출부문 KNIT 해외영업(Elevated Brands) 경력 채용,해외영업,경력,수시채용,,,2026-08-12,https://jasoseol.com/recruit/105576,,2026-09-07 18:44:07
자소설닷컴,신원,수출부문 KNIT 해외영업(Walmart) 경력 채용,해외영업,경력,수시채용,,,2026-08-30,https://jasoseol.com/recruit/105581,,2026-09-07 18:44:07
자소설닷컴,SAP Korea,SAP CODE 아카데미 2기 모집,SAP 개발자 양성 과정,교육,수시채용,,,2026-09-28,https://jasoseol.com/recruit/105582,,2026-09-07 18:44:08
자소설닷컴,신원,수출부문 KNIT 해외영업(Aerie) 경력 채용,KNIT 해외영업(Aerie),경력,수시채용,,,2026-08-30,https://jasoseol.com/recruit/105583,,2026-09-07 18:44:08
자소설닷컴,신원,수출부문 KNIT 해외영업 신입 채용,수출부문 KNIT 해외영업,신입,수시채용,,,2026-08-30,https://jasoseol.com/recruit/105584,,2026-09-07 18:44:09
자소설닷컴,엘티정밀,영업전략구매부문 신입 및 경력사원 모집,영업전략구매부문 영업팀,코드5,수시채용,,,2026-08-17,https://jasoseol.com/recruit/105585,,2026-09-07 18:44:09
자소설닷컴,유안타증권,IT운영팀 경력직원 채용,IT운영팀 경력직원,계약직,수시채용,,,2026-08-24,https://jasoseol.com/recruit/105586,,2026-09-07 18:44:09
자소설닷컴,이노션,데이터 분석 및 컨설팅 (Junior) (상시채용 인재풀),데이터 분석 및 컨설팅 (Junior),계약직,수시채용,,,2026-10-10,https://jasoseol.com/recruit/105587,,2026-09-07 18:44:10
자소설닷컴,중앙대학교병원,(광명병원) 간호본부 류마티스내과 전담간호사 (정규직) 모집 (2026.08),정규직(신규)-간호사-간호본부(진료지원간호팀)-류마티스내과 전담간호사,신입,수시채용,,,2026-08-17,https://jasoseol.com/recruit/105590,,2026-09-07 18:44:11
자소설닷컴,동부건설,건축사업분야 경력사원 채용,"건축사업-공사-건축-전국, 건축사업-공사-기계-전국, 건축사업-공사-전기-전국, 건축사업-공무-건축-전국, 건축사업-부대토목-전국, 건축사업-민간영업-본사(서울), 건축사업-건축AS관리(건축)-본사(서울)",경력,수시채용,,,2026-08-23,https://jasoseol.com/recruit/105589,,2026-09-07 18:44:11
자소설닷컴,케이씨텍,[경력] 사업장 안전관리자 모집(안성),SHE총괄팀-안전관리-경기도 안성시(본사),경력,수시채용,,,2026-08-25,https://jasoseol.com/recruit/105588,,2026-09-07 18:44:11
자소설닷컴,신한라이프생명보험,2026 본사 초청 설명회,본사초청 설명회,인턴,수시채용,,,2026-08-19,https://jasoseol.com/recruit/105591,,2026-09-07 18:44:12
자소설닷컴,중앙대학교병원,(광명병원) 간호본부 순환기내과 전담간호사 (정규직) 모집 (2026.08),정규직(신규)-간호사-간호본부(진료지원간호팀)-순환기내과 전담간호사,신입,수시채용,,,2026-08-17,https://jasoseol.com/recruit/105592,,2026-09-07 18:44:13
자소설닷컴,울산대학교,의과대학 입학사정관 채용공고,의과대학 입학사정관 (일반행정),신입,수시채용,,,2026-08-24,https://jasoseol.com/recruit/105595,,2026-09-07 18:44:13
자소설닷컴,해원티앤디,부문별 신입 및 경력 채용,"코그넥스 (COGNEX) 머신비전 엔지니어, FA사업부 기술영업, 케이블팀 기술영업, 대세기연(계열사) 케이블 기술영업",코드5,수시채용,,,2026-08-21,https://jasoseol.com/recruit/105594,,2026-09-07 18:44:13
자소설닷컴,중앙대학교병원,(서울병원) 교육행정팀 행정(계약직) 모집 (2026.08),계약직(신규)-교육행정팀-행정,계약직,수시채용,,,2026-08-16,https://jasoseol.com/recruit/105593,,2026-09-07 18:44:13
자소설닷컴,이노션,AI 마케팅 (GEO) (Junior/Assistant),"AI 마케팅 (GEO) (Junior), AI 마케팅 (GEO) (Assistant)","계약직, 인턴",수시채용,,,2026-08-17,https://jasoseol.com/recruit/105598,,2026-09-07 18:44:14
자소설닷컴,NHN,사업 기획,사업 기획,경력,상시채용,,,2026-09-02,https://jasoseol.com/recruit/105596,,2026-09-07 18:44:14
자소설닷컴,우미건설,2026년 대졸 신입사원 수시채용,"HR, 경영지원",신입,수시채용,,,2026-08-17,https://jasoseol.com/recruit/105599,,2026-09-07 18:44:15
자소설닷컴,중앙대학교병원,(서울병원) 시설팀(기관실) 기능사(계약직) 모집(2026.08),시설팀(기관실)-기능사,계약직,수시채용,,,2026-08-17,https://jasoseol.com/recruit/105600,,2026-09-07 18:44:15
자소설닷컴,한국사회적기업진흥원(KoSEA),2026년 하반기 채용공고,"정규직 일반직 사무행정 (취업지원), 사업계약직 강원권역 사회적기업 창업ㆍ경영지원 (일반), 육아휴직 대체인력 사회적기업 공공구매지원 (일반), 육아휴직 대체인력 창업·성장지원 매니저 (일반), 체험형 청년인턴 사무","계약직, 인턴, 코드5",수시채용,,,2026-08-26,https://jasoseol.com/recruit/105601,,2026-09-07 18:44:15
자소설닷컴,SK에코프라임,2026 하반기 R&D 신입/경력 채용,R&D,코드5,수시채용,,,2026-08-20,https://jasoseol.com/recruit/105602,,2026-09-07 18:44:16
자소설닷컴,하나대체투자자산운용,2026년 하반기 인턴사원 채용,"투자/운용, 경영지원 등 업무",인턴,수시채용,,,2026-08-24,https://jasoseol.com/recruit/105597,,2026-09-07 18:44:16
자소설닷컴,LIG D&A,AI/SW/사이버보안 신입/경력채용,"SW(검증), SW(응용), SW(AI), SW(공통기반), SW(아키텍쳐/관리), SW(사이버보안)","경력, 코드5",수시채용,,,2026-11-29,https://jasoseol.com/recruit/105604,,2026-09-07 18:44:17
자소설닷컴,원주세브란스기독병원,2027회계연도 간호사(정규직) 신규채용,간호사,신입,수시채용,,,2026-08-21,https://jasoseol.com/recruit/105603,,2026-09-07 18:44:17
자소설닷컴,NHN,데이터센터 구축(전기),데이터센터 구축(전기),경력,상시채용,,,2026-10-10,https://jasoseol.com/recruit/105605,,2026-09-07 18:44:17
자소설닷컴,한국리서치,UX부문 인턴 연구원 채용,UX부문,인턴,수시채용,,,2026-08-17,https://jasoseol.com/recruit/105607,,2026-09-07 18:44:18
자소설닷컴,안산도시개발,2026년 신입직원 공개채용 (채용형 인턴),"기계, 전기, 전자, 화공",신입,수시채용,,,2026-08-23,https://jasoseol.com/recruit/105606,,2026-09-07 18:44:18
자소설닷컴,현대차증권,2026년 3분기 신입 수시채용,"재무, IB, Trading","계약직, 신입",수시채용,,,2026-08-25,https://jasoseol.com/recruit/105608,,2026-09-07 18:44:18
자소설닷컴,앱솔브랩,BM(상품기획) 인턴 채용,BM(상품기획),인턴,상시채용,,,2026-10-10,https://jasoseol.com/recruit/105609,,2026-09-07 18:44:19
자소설닷컴,중앙대학교병원,(광명병원) 약제팀 야간당직약사 (계약직) 모집 (2026.08),야간당직약사-약제팀,계약직,수시채용,,,2026-08-17,https://jasoseol.com/recruit/105610,,2026-09-07 18:44:19
자소설닷컴,중앙대학교병원,(광명병원) 간호본부 호흡기알레르기내과 전담간호사 (정규직) 모집 (2026.08),정규직(신규)-간호사-간호본부(진료지원간호팀)-호흡기알레르기내과 전담간호사,신입,수시채용,,,2026-08-17,https://jasoseol.com/recruit/105611,,2026-09-07 18:44:19
자소설닷컴,중앙대학교병원,(광명병원) 보험심사팀 행정직(간호사) (정규직) 모집 (2026.08-1),정규직(신규)-행정(간호사)-보험심사팀,신입,수시채용,,,2026-08-18,https://jasoseol.com/recruit/105612,,2026-09-07 18:44:20
자소설닷컴,한국철도공사,2026년 하반기 신입사원 채용,"[공개경쟁] 토목, [공개경쟁] 전기통신, [고졸제한] 사무영업, [고졸제한] 차량, [고졸제한] 토목, [고졸제한] 전기통신, [자격증제한] 운전, [자격증제한] 전기통신, [거주지제한] 사무영업, [거주지제한] ",신입,수시채용,,,2026-08-21,https://jasoseol.com/recruit/105614,,2026-09-07 18:44:21
자소설닷컴,한국항공우주산업,2026 하반기 생산 경력직 채용,"항공기 생산 계약직 (정규전환), 항공기 개조 계약직 (일반)",계약직,수시채용,,,2026-08-21,https://jasoseol.com/recruit/105613,,2026-09-07 18:44:21
자소설닷컴,한국에이버리데니슨,"2026 Q3 수시채용 (Process Engineer, IT)","Process Engineer (충주), IT Specialist (안양), Oracle Fusion - IT Consultant (서울 또는 안양)","경력, 계약직",수시채용,,,2026-08-30,https://jasoseol.com/recruit/105616,,2026-09-07 18:44:22
자소설닷컴,경신,2026년 부품금형개발팀 계약직 채용,계약직-전자/부품사업-부품금형개발-송도2공장,계약직,수시채용,,,2026-08-18,https://jasoseol.com/recruit/105617,,2026-09-07 18:44:22
자소설닷컴,서울경제진흥원,2026년 하반기 서울특별시 공공기관 통합 직원 채용,"일반행정 (7급 가), 시설서비스직 전기_주간 (다급), 시설서비스직 영선_주간 (다급), 시설서비스직 미화 (다급), 시설서비스직 미화(보훈) (다급), 시설서비스직 보안_교대 (다급), 시설서비스직 보안_교대(보",코드5,수시채용,,,2026-08-20,https://jasoseol.com/recruit/105615,,2026-09-07 18:44:22
자소설닷컴,NHN,HRM,HRM,경력,상시채용,,,2026-10-11,https://jasoseol.com/recruit/105618,,2026-09-07 18:44:22
자소설닷컴,에코마케팅,커머스 마케터 인턴/신입 채용,커머스 마케터,"신입, 인턴",수시채용,,,2026-08-23,https://jasoseol.com/recruit/105619,,2026-09-07 18:44:23
자소설닷컴,녹십자웰빙,병의원영업(MR) 수도권 신입 채용,병의원영업(MR)_수도권,신입,수시채용,,,2026-08-23,https://jasoseol.com/recruit/105620,,2026-09-07 18:44:23
자소설닷컴,토스플레이스,Call Sales Assistant,Call Sales Assistant,계약직,상시채용,,,2026-10-11,https://jasoseol.com/recruit/105621,,2026-09-07 18:44:24
자소설닷컴,녹십자웰빙,병의원영업(MR) 부산 신입 채용,[부산] 병의원영업(MR) (신입),신입,수시채용,,,2026-08-23,https://jasoseol.com/recruit/105622,,2026-09-07 18:44:24
자소설닷컴,대한체육회(KSOC),2026년도 정규직 신입직원 공개채용,"(일반직 7급) 행정 - 사무, (일반직 7급) 행정 - 건축·안전, (전물기술직 7급) 기계설비(진천), (전물기술직 7급) 기계설비(태릉), (전물기술직 7급) 사격장관리, (전물기술직 7급) 통신, (전물기술직","계약직, 신입",수시채용,,,2026-08-19,https://jasoseol.com/recruit/105623,,2026-09-07 18:44:24
자소설닷컴,깨끗한나라,2026년 8월 수시채용(HL물류팀),HL 물류팀 (신입),신입,수시채용,,,2026-08-21,https://jasoseol.com/recruit/105624,,2026-09-07 18:44:25
자소설닷컴,SGI서울보증,2027년 신입사원(4급) 채용,"금융일반 - 경영, 금융일반 - 경제, 금융일반 - 법학, 금융일반 - 통계, 전산 - 정보기술, 전산 - 정보보호, 전문자격 (공인회계사·변호사·보험계리사), 지역전문 (경영·경제·법학), 취업지원 (경영·경제·법",신입,수시채용,,,2026-09-04,https://jasoseol.com/recruit/105625,,2026-09-07 18:44:25
자소설닷컴,부산문화방송,2026년 광고사업 부문 연봉계약직 공개채용,광고사업,계약직,수시채용,,,2026-09-01,https://jasoseol.com/recruit/105626,,2026-09-07 18:44:25
자소설닷컴,현대종합금속,신입/경력 사원 모집 (직무별 마감일 다름),"기계사업본부 서비스부, 본사 전산실",코드5,수시채용,,,2026-08-23,https://jasoseol.com/recruit/105627,,2026-09-07 18:44:26
자소설닷컴,녹십자웰빙,[GC녹십자그룹] 품질관리(신입) 채용,품질관리(신입),신입,수시채용,,,2026-08-13,https://jasoseol.com/recruit/105628,,2026-09-07 18:44:26
자소설닷컴,SK하이스텍,"기간제 근로자 채용(객실/F&B서비스 담당자, 간호사)","객실/F&B 서비스, 간호사 (육아휴직대체)",계약직,수시채용,,,2026-08-19,https://jasoseol.com/recruit/105629,,2026-09-07 18:44:27
자소설닷컴,이노션,HR 운영 담당자 (육아휴직 대체),"HR 운영 담당 (육아휴직 대체) - Junior, HR 운영 담당 (육아휴직 대체) - Manager",계약직,수시채용,,,2026-08-25,https://jasoseol.com/recruit/105630,,2026-09-07 18:44:27
자소설닷컴,한국무역협회,2027년도 신입직원 채용공고,일반직,신입,수시채용,,,2026-08-31,https://jasoseol.com/recruit/105631,,2026-09-07 18:44:28
자소설닷컴,HL디앤아이한라,안전 직무 체험형 인턴 채용,안전 (체험형 인턴),인턴,수시채용,,,2026-08-17,https://jasoseol.com/recruit/105633,,2026-09-07 18:44:28
자소설닷컴,한국원자력환경공단(KORAD),2026년도 일반직 신입 연구직 신입 5급(가) 정기채용,"방폐물관리, 환경방사선관리, 부지조사(지질), 설비계통(전기), 산업안전, 기록물관리(전문), 재무금융, 행정, 공학적방벽특성평가, 방폐물특성평가",신입,수시채용,,,2026-08-25,https://jasoseol.com/recruit/105636,,2026-09-07 18:44:29
자소설닷컴,한국원자력환경공단(KORAD),"2026년도 정기채용 공무직, 휴직대체근로자, 체험형 청년인턴(장애인)","환경미화(일반), 비서, 업무지원(중저준위기술팀) - 휴직대체근로자, 장애인 청년인턴","계약직, 신입, 인턴",수시채용,,,2026-08-25,https://jasoseol.com/recruit/105637,,2026-09-07 18:44:29
자소설닷컴,한국미쓰비시전기오토메이션,마이크로 레이저 A/S (서울/대구) 채용,"마이크로 레이저 A/S (서울), 마이크로 레이저 A/S (대구)",계약직,수시채용,,,2026-08-19,https://jasoseol.com/recruit/105632,,2026-09-07 18:44:29
자소설닷컴,한동대학교,글로컬대학사업단 연구원 및 계약직원 채용공고,"한국어 교과과정 개발, HOPE 콘텐츠 개발 및 운영지원, 100%학생전공 지원업무, 창업지원 업무, 글로컬대학사업 (회계 등)지원",계약직,수시채용,,,2026-08-19,https://jasoseol.com/recruit/105638,,2026-09-07 18:44:30
자소설닷컴,녹십자웰빙,품질보증(신입),품질보증(신입),신입,수시채용,,,2026-08-23,https://jasoseol.com/recruit/105639,,2026-09-07 18:44:30
자소설닷컴,고려대학교 세종캠퍼스,정규직원(사무직) 채용공고,"행정직 (일반행정), 행정직 (IT)",코드5,수시채용,,,2026-08-31,https://jasoseol.com/recruit/105640,,2026-09-07 18:44:30
자소설닷컴,세아제강,2026년 하반기 신입/경력사원 채용,"[서울] 인사, [서울] 해외영업, [포항] 품질관리, [포항] 생산기술-기계, [포항] 생산기술-전기, [포항] 생산기술-시스템개발, [포항] 연구개발-특수관, [포항] 연구개발-기계, [포항] 에너지/환경, [부","경력, 신입",수시채용,,,2026-08-23,https://jasoseol.com/recruit/105641,,2026-09-07 18:44:31
자소설닷컴,에어리퀴드코리아,생산엔지니어/오퍼레이터 신입채용,"생산엔지니어, 오퍼레이터",신입,수시채용,,,2026-08-24,https://jasoseol.com/recruit/105642,,2026-09-07 18:44:31
자소설닷컴,한국수자원조사기술원,2026년 제4차 공개채용 정규직 및 사업계약직,"수자원조사 및 연구개발 (원(가)급, 정규직 연구직, 일반전형), 수자원조사 및 연구개발 (전임급, 정규직 연구직, 일반전형), 수자원조사 및 연구개발 (신진급, 정규직 연구직, 일반전형)","계약직, 코드5",수시채용,,,2026-08-26,https://jasoseol.com/recruit/105643,,2026-09-07 18:44:32
자소설닷컴,BGF로지스,2026년 3분기 채용연계형 인턴 채용,"지역거점물류센터(RDC)_경기서부권역(강화/부천/서인천), 지역거점물류센터(RDC)_경기남부권역(화성/안성/곤지암/경기광주/남사), 지역거점물류센터(RDC)_강원권역(강릉), 지역거점물류센터(RDC)_경상북부권역(대",인턴,수시채용,,,2026-08-27,https://jasoseol.com/recruit/105644,,2026-09-07 18:44:32
자소설닷컴,KBS N,광고영업 경력사원 공개채용,광고영업,경력,수시채용,,,2026-08-21,https://jasoseol.com/recruit/105645,,2026-09-07 18:44:32
자소설닷컴,제주국제자유도시개발센터,2026년 기간제근로자 및 체험형청년인턴 채용 공고,"기간제근로자_사무보조(장애인), 체험형청년인턴_사무보조(전국), 체험형청년인턴_사무보조(제주), 체험형청년인턴_사무보조(사회형평_전국)","계약직, 인턴",수시채용,,,2026-09-03,https://jasoseol.com/recruit/105646,,2026-09-07 18:44:33
자소설닷컴,코오롱글로벌,2026년 채용연계형 인턴 채용,"현장(토목), 현장(건축), 현장(전기), 환경, 스마트 기술, 영업(건축), 영업(도시정비사업), 경영기획, 커뮤니케이션, 재무/회계",인턴,수시채용,,,2026-08-23,https://jasoseol.com/recruit/105647,,2026-09-07 18:44:33
자소설닷컴,LG생활건강,소셜크루 인턴 모집,소셜크루 (SNS 마케팅),인턴,수시채용,,,2026-08-30,https://jasoseol.com/recruit/105648,,2026-09-07 18:44:34
자소설닷컴,앱솔브랩,글로벌 리테일 마케팅 인턴 채용,글로벌 리테일 마케팅 인턴,인턴,상시채용,,,2026-10-13,https://jasoseol.com/recruit/105649,,2026-09-07 18:44:34
자소설닷컴,한국석유공사(KNOC),2026년 하반기 직원(정규직) 채용공고,"정규직 일반(6급 대졸수준)_사무_상경(일반), 정규직 일반(6급 대졸수준)_사무_상경(장애), 정규직 일반(6급 대졸수준)_사무_상경(보훈), 정규직 일반(6급 대졸수준)_사무_법학, 정규직 일반(6급 대졸수준)_",코드5,수시채용,,,2026-08-28,https://jasoseol.com/recruit/105651,,2026-09-07 18:44:35
자소설닷컴,카카오뱅크,AI Native 서비스 기획자 채용연계형 인턴,AI Native 서비스 기획자,인턴,수시채용,,,2026-08-31,https://jasoseol.com/recruit/105652,,2026-09-07 18:44:35
자소설닷컴,브이엘엔코,각 부문별 신입/경력 수시 채용,"회계/자금, 기획MD, 영업/영업기획, 온라인MD, ACC 디자이너, 니트/우븐 디자이너, VMD (인테리어)","경력, 코드5",수시채용,,,2026-08-30,https://jasoseol.com/recruit/105653,,2026-09-07 18:44:36
자소설닷컴,케이씨텍,[경력] 인프라팀 건설기획담당자/전기안전관리자 모집(안성),"경력-설비관리-공사 및 영선-경기도 안성시, 경력-안전관리-전기·시설관리-경기도 안성시",경력,수시채용,,,2026-08-23,https://jasoseol.com/recruit/105650,,2026-09-07 18:44:36
자소설닷컴,NHN Cloud,제로트러스트 보안 서비스 개발,제로트러스트 보안 서비스 개발,코드5,상시채용,,,2026-10-13,https://jasoseol.com/recruit/105654,,2026-09-07 18:44:36
자소설닷컴,NHN Cloud,메시지 플랫폼 영업,메시지 플랫폼 영업,경력,상시채용,,,2026-09-01,https://jasoseol.com/recruit/105655,,2026-09-07 18:44:36
자소설닷컴,LF,2026 FOREIGN INTERNSHIP - FASHION EXCHANGE INTERNSHIP,"Product MD, Buying MD, Overseas Business, Designer (HAZZYS Acc / JILLSTUART Acc)",인턴,수시채용,,,2026-09-03,https://jasoseol.com/recruit/105656,,2026-09-07 18:44:37
자소설닷컴,토스페이먼츠,Sales Specialist 특별 추가 채용,"Sales Specialist (General), Sales Specialist (Global)",계약직,수시채용,,,2026-09-06,https://jasoseol.com/recruit/105658,,2026-09-07 18:44:37
자소설닷컴,전북특별자치도청,2026년 하반기 산하 공공기관 직원 통합채용 필기시험 공고,"전북테크노파크_연구직_6급, 전북특별자치도 경제통상진흥원_일반직_5급, 전북특별자치도 경제통상진흥원_일반직_6급, 전북신용보증재단_일반직_5급, 전북신용보증재단_일반직(보훈)_5급, 전북신용보증재단_일반직(장애)_5",코드5,수시채용,,,2026-08-25,https://jasoseol.com/recruit/105657,,2026-09-07 18:44:38
자소설닷컴,중앙대학교병원,(서울병원) 약제팀 야간당직약사(계약직) 모집 (2026.08-2),계약직(신규)-약제팀-야간당직약사,계약직,수시채용,,,2026-08-20,https://jasoseol.com/recruit/105659,,2026-09-07 18:44:38
자소설닷컴,한국에너지공과대학교,2026년 2차 계약직 채용,"일반행정 (기간제근로자 A), 지능정보 (기간제근로자 A), 일반행정 (기간제근로자 B), 건축 (기간제근로자 B), 일반행정 (휴직대체), 연구장비-1 (전문계약직), 연구장비-2 (전문계약직), 안전시설 (전문계",계약직,수시채용,,,2026-09-01,https://jasoseol.com/recruit/105660,,2026-09-07 18:44:38
자소설닷컴,에스엠피엠씨,2026 Performer 채용연계형 인턴십,"PM (Property Management), LM (Leasing Marketing), 경영관리",인턴,수시채용,,,2026-08-28,https://jasoseol.com/recruit/105661,,2026-09-07 18:44:39
자소설닷컴,중앙대학교 산학협력단,의료 인공지능 특화 융합인재 양성 사업단 연구행정직 채용,연구행정직,계약직,수시채용,,,2026-08-23,https://jasoseol.com/recruit/105662,,2026-09-07 18:44:39
자소설닷컴,HDC랩스,전 직군 경력직 채용,"AI Engineer, AI CCTV VMS 개발·운영 엔지니어, 회계 파트, HR 기획/전략, 사내변호사, FM수주영업, FM기술 제안 영업/운영, B2B 수주 스마트홈 영업",경력,수시채용,,,2026-08-23,https://jasoseol.com/recruit/105664,,2026-09-07 18:44:40
자소설닷컴,여기어때컴퍼니,AD Sales Manager 신입 채용,"AD Sales Manager (서울·인천·경기지역), AD Sales Manager (강원지역), AD Sales Manager (경남지역), AD Sales Manager (제주지역), AD Sales Manag","계약직, 신입",수시채용,,,2026-08-31,https://jasoseol.com/recruit/105663,,2026-09-07 18:44:41
자소설닷컴,케이씨텍,[경력] 반도체 장비 제어 SW 개발자 모집(동탄),경력-제어기술팀-PC제어(자동화 part)-경기도 화성시(동탄IX타워),경력,수시채용,,,2026-08-23,https://jasoseol.com/recruit/105665,,2026-09-07 18:44:41
자소설닷컴,IM뱅크,2026년 신입행원 채용,"일반, 지역, 전문",신입,수시채용,,,2026-08-29,https://jasoseol.com/recruit/105668,,2026-09-07 18:44:42
자소설닷컴,대구경북과학기술원(DGIST),2026년도 제8차 계약직(일반직원) 공개채용 공고,"사업지원인력-사무원(시간제)-화학물리학과, 사업지원인력-사무원(시간제)-에너지공학과, 사업지원인력-행정원-전기전자컴퓨터공학과, 사업지원인력-행정원-뉴바이올로지학과, 사업지원인력-행정원-차세대센서·반도체연구소, 사업지",계약직,수시채용,,,2026-08-31,https://jasoseol.com/recruit/105666,,2026-09-07 18:44:42
자소설닷컴,대구경북과학기술원(DGIST),2026년도 제5차 대체인력뱅크(계약직) 공개채용 공고,"휴직대체인력-실험동물센터 운영, 휴직대체인력-일반행정",계약직,수시채용,,,2026-08-31,https://jasoseol.com/recruit/105669,,2026-09-07 18:44:42
자소설닷컴,KSM,2026년 신입/경력 채용,"구매관리, 개발 프로젝트 엔지니어, 생산관리 엔지니어, 가공/설계 엔지니어, 품질보증, 외주관리, 생산기술 엔지니어, 경영기획","경력, 신입, 코드5",수시채용,,,2026-08-25,https://jasoseol.com/recruit/105670,,2026-09-07 18:44:42
자소설닷컴,에코마케팅,마케팅 영상 크리에이터 채용 (국내/영어권) 신입/경력,"마케팅 영상 크리에이터 (신입), 마케팅 영상 크리에이터 (경력)","경력, 신입",수시채용,,,2026-08-23,https://jasoseol.com/recruit/105672,,2026-09-07 18:44:43
자소설닷컴,iMBC,각 부문별 신입/경력 채용,"웹개발, 온라인 광고, 연예뉴스 매체사업, 연예뉴스 취재기자","경력, 계약직, 신입, 코드5",수시채용,,,2026-08-28,https://jasoseol.com/recruit/105667,,2026-09-07 18:44:43
자소설닷컴,국순당,[신입/경력] 각 부문 인재채용,"영업(국내주류)_수도권, 영업지원 업무",코드5,수시채용,,,2026-08-30,https://jasoseol.com/recruit/105671,,2026-09-07 18:44:44
자소설닷컴,2026년 중견기업 일자리 박람회,2026년 중견기업 일자리 박람회 in 대전,"현장면접, 채용상담",코드5,수시채용,,,2026-09-08,https://jasoseol.com/recruit/105673,,2026-09-07 18:44:44
자소설닷컴,케이씨텍,[채용연계형 인턴] 반도체 CMP장비 CS 엔지니어 모집,인턴-CMP장비-CMP장비 CS-경기도 안성/이천/동탄 외,인턴,수시채용,,,2026-08-24,https://jasoseol.com/recruit/105674,,2026-09-07 18:44:44
자소설닷컴,한국무역보험공사(K-SURE),2026년 하반기 일반직 신입사원 채용,조사·인수,신입,수시채용,,,2026-08-28,https://jasoseol.com/recruit/105676,,2026-09-07 18:44:45
자소설닷컴,전력거래소(KPX),2026년 하반기 공개채용(신입직/전문경력직/전문계약직/체험형 청년인턴),"일반직_신입직 - 사무(상경), 일반직_신입직 - 기술(전기), 일반직_신입직 - 기술(IT), 일반직_전문경력직 - 기술(전력경제_박사), 일반직_전문경력직 - 기술(전력경제_석사), 일반직_전문경력직 - 기술(발","경력, 계약직, 신입, 인턴",수시채용,,,2026-08-28,https://jasoseol.com/recruit/105677,,2026-09-07 18:44:46
자소설닷컴,스튜디오에스,드라마 프로듀서 채용,드라마 프로듀서,코드5,수시채용,,,2026-09-14,https://jasoseol.com/recruit/105678,,2026-09-07 18:44:46
자소설닷컴,NH투자증권,2026년 하반기 업무직 신입사원 채용,"[서울(여의도)] 본사영업지원, [수도권] 지점영업지원, [강원권] 지점영업지원, [충청권] 지점영업지원, [광주·전라권] 지점영업지원, [대구·경북권] 지점영업지원",신입,수시채용,,,2026-08-31,https://jasoseol.com/recruit/105679,,2026-09-07 18:44:46
자소설닷컴,한국무역보험공사(K-SURE),2026년 사무직(고졸) 신입사원 채용,사무직(고졸),신입,수시채용,,,2026-08-28,https://jasoseol.com/recruit/105675,,2026-09-07 18:44:47
자소설닷컴,한국예탁결제원(KSD),2026년 신입직원 채용공고,"일반_경영, 일반_경제, 일반_수리통계, 일반_법, IT, 보훈",신입,수시채용,,,2026-09-01,https://jasoseol.com/recruit/105680,,2026-09-07 18:44:47
자소설닷컴,SK바이오사이언스,26년 8월 신입/경력사원 수시채용,"DP(완제생산), QC Bio, SHE(보건관리자)","경력, 코드5",수시채용,,,2026-08-27,https://jasoseol.com/recruit/105682,,2026-09-07 18:44:47
자소설닷컴,소상공인시장진흥공단,2026년 하반기 청년인턴 및 전문계약직(연구조사) 채용 공고,"체험형 청년인턴(6개월) - 일반경쟁 - 행정사무지원, 체험형 청년인턴(3개월) - 일반경쟁 - 행정사무지원, 체험형 청년인턴(6개월) - 제한경쟁(장애) - 행정사무지원(장애), 체험형 청년인턴(3개월) - 제한경","계약직, 인턴",수시채용,,,2026-08-25,https://jasoseol.com/recruit/105681,,2026-09-07 18:44:47
자소설닷컴,신용보증재단중앙회(KOREG),2026년 무기계약직(안전관리) 및 청년인턴(체험형) 채용,"[무기계약직] 안전관리, [청년인턴] 체험형_비장애인, [청년인턴] 체험형_장애인","계약직, 인턴",수시채용,,,2026-08-26,https://jasoseol.com/recruit/105683,,2026-09-07 18:44:48
자소설닷컴,한국과학기술연구원(KIST),2026년도 제2차 행정·연구지원부문 공개채용,"일반행정, 시설(건축), 시설(전기), IT인프라(응용SW개발), IT인프라(서버 및 네트워크), IT인프라(정보보안 및 개인정보보호), 연구행정(본원), 일반행정(전북분원)","계약직, 코드5",수시채용,,,2026-09-04,https://jasoseol.com/recruit/105684,,2026-09-07 18:44:48
자소설닷컴,한국과학기술연구원(KIST),2026년도 제2차 연구기술지원부문 공개채용,"FIB 시편 가공, 반도핑 시료분석 및 약물복용 예측 기술 개발, 반도체 공정 장비 운영 및 연구지원, 로봇 전장 시스템 개발 및 연구지원, 로봇 하드웨어 개발 및 연구지원, 챔버실험 운영 및 관리, 수소 실증·안전",코드5,수시채용,,,2026-09-04,https://jasoseol.com/recruit/105685,,2026-09-07 18:44:48
자소설닷컴,한국산업기술시험원(KTL),2026년 분야별 채용공고,"A01 - 미화관리(서울분원 내부)-반일제, A02 - 전화상담, A03 - 시료관리, B01 - 녹색인증, 혁신제품 평가제도 운영, B02 - 운전기사(차량운전·관리 및 행정업무), B03 - 인사부서 행정지원, ","계약직, 인턴",수시채용,,,2026-08-28,https://jasoseol.com/recruit/105687,,2026-09-07 18:44:49
자소설닷컴,해외건설협회,2026년 1차 사무·행정 신입/경력 채용,사무·행정,코드5,수시채용,,,2026-08-31,https://jasoseol.com/recruit/105689,,2026-09-07 18:44:50
자소설닷컴,이카운트,마케팅팀 전환형 인턴 채용,마케팅팀,인턴,수시채용,,,2026-09-01,https://jasoseol.com/recruit/105690,,2026-09-07 18:44:50
자소설닷컴,손해보험협회,통합민원지원센터 전문 상담역 채용,전문 상담역,계약직,수시채용,,,2026-08-26,https://jasoseol.com/recruit/105691,,2026-09-07 18:44:51
자소설닷컴,케이씨텍,[신입] 반도체 나노소재 CMP Slurry 개발 연구원 모집(동탄),신입-연구-소재개발-경기도 화성시(R&D센터),신입,수시채용,,,2026-08-27,https://jasoseol.com/recruit/105692,,2026-09-07 18:44:51
자소설닷컴,우피휠터스코리아,설계 / 개발 엔지니어,설계 / 개발 엔지니어,코드5,수시채용,,,2026-09-21,https://jasoseol.com/recruit/105686,,2026-09-07 18:44:51
자소설닷컴,경신,2026년 3분기 경력사원 채용,"경력-구매-부품구매(매출)-본사/연구소, 경력-구매-부품구매(매입)-본사/연구소, 경력-전자/부품사업-부품설계(부품)-송도2공장, 경력-전자/부품사업-부품설계(통신)-송도2공장, 경력-생산-물류지원-군산공장",경력,수시채용,,,2026-09-01,https://jasoseol.com/recruit/105693,,2026-09-07 18:44:52
자소설닷컴,한국IR협의회,2026년도 신입사원 채용 (프로그램 개발),프로그램 개발,신입,수시채용,,,2026-08-30,https://jasoseol.com/recruit/105694,,2026-09-07 18:44:52
자소설닷컴,동국제약,"헬스앤뷰티 신입/경력 채용(마케팅, 영업, 상품기획, MD 등) ~ 8/26","헬스앤뷰티 화장품홈쇼핑 영업, 헬스앤뷰티 다이소 영업, 헬스앤뷰티 생활건강용품 오프라인 채널영업, 헬스앤뷰티 생활건강상품기획 BM, 헬스앤뷰티 자사몰 채널 영업, 헬스앤뷰티 온라인 D2C채널 영업, 헬스앤뷰티 D2C","경력, 계약직",수시채용,,,2026-08-26,https://jasoseol.com/recruit/105688,,2026-09-07 18:44:53
자소설닷컴,에이피알,프랑스 틱톡샵 어필리에이트 마케팅(PR) 채용연계형 인턴사원 모집,프랑스 틱톡샵 어필리에이트 마케팅(PR),인턴,상시채용,,,2026-08-28,https://jasoseol.com/recruit/105695,,2026-09-07 18:44:53
자소설닷컴,한국여성정책연구원,"2026년 제4차 직원 블라인드 채용(연구원, 행정원) 공고","정규직_부연구위원, 정규직_행정원, 무기계약직_연구원, 계약직_부연구위원, 계약직(육아휴직 대체)_행정원, 계약직(육아휴직 대체)_행정원_보훈제한, 비정규직_위촉연구원, 비정규직_청년인턴","계약직, 신입, 인턴",수시채용,,,2026-09-01,https://jasoseol.com/recruit/105696,,2026-09-07 18:44:53
자소설닷컴,케이씨텍,[신입] 반도체 소재 생산직 모집(안성),신입-생산-소재생산-경기도 안성시(본사),신입,수시채용,,,2026-08-25,https://jasoseol.com/recruit/105697,,2026-09-07 18:44:53
자소설닷컴,일화,신입/경력 사원 모집,"F&B연구실 건기식연구담당, 초정공장 공무담당(전기), 초정공장 공무담당, 초정공장 생산담당, 춘천제약공장 제약품질보증담당, 춘천제약공장 제약품질관리담당",코드5,수시채용,,,2026-08-25,https://jasoseol.com/recruit/105698,,2026-09-07 18:44:54
자소설닷컴,중앙대학교병원,(서울병원) 건진센터(증진) 간호사(계약직) 모집 (2026.08),건진센터(증진)-간호사,계약직,수시채용,,,2026-08-24,https://jasoseol.com/recruit/105700,,2026-09-07 18:44:55
자소설닷컴,동국제약,[동국제약] 신입/경력 채용(Global/관리/마케팅/영업/디자인/개발 등 모집) ~ 8/26,"제약 해외영업 및 시장개발, 내부감사, 환경안전경영, 총무, 회계, 세무, 소비자상담 (계약직), 정보 보안(팀장), 화장품구매(위탁외주관리), 커뮤니케이션본부 퍼포먼스 마케터, OTC마케팅 PM, ETC마케팅부 학","경력, 계약직, 신입, 코드5",수시채용,,,2026-08-26,https://jasoseol.com/recruit/105701,,2026-09-07 18:44:55
자소설닷컴,중앙대학교병원,(광명병원) 간호본부 혈액종양내과 전담간호사 (정규직) 모집 (수시채용),간호사-간호본부(진료지원간호팀)-혈액종양내과 전담간호사,신입,수시채용,,,2026-09-30,https://jasoseol.com/recruit/105702,,2026-09-07 18:44:55
자소설닷컴,동국제약,신입/경력 채용(생산본부) ~ 8/26,"원료시험팀 (LIMS 운영 및 실험실 유지관리), 원료시험팀 (자재 시험 및 검체 관리), 제품시험팀, 미생물팀 (생산 작업장 환경모니터링), 미생물팀 (미생물시험 및 작업장 환경 관리), QS팀, 고형제팀, 주사제","계약직, 신입, 코드5",수시채용,,,2026-08-26,https://jasoseol.com/recruit/105699,,2026-09-07 18:44:56
자소설닷컴,NHN Cloud,보안 AI엔지니어,보안 AI엔지니어,경력,상시채용,,,2026-10-18,https://jasoseol.com/recruit/105704,,2026-09-07 18:44:56
자소설닷컴,NHN Cloud,플랫폼 운영,플랫폼 운영,경력,상시채용,,,2026-10-18,https://jasoseol.com/recruit/105705,,2026-09-07 18:44:57
자소설닷컴,중앙대학교병원,(서울병원) 건진센터(일반검진) 간호사(계약직) 모집 (2026.08),건진센터(일반검진)-간호사,계약직,수시채용,,,2026-08-24,https://jasoseol.com/recruit/105703,,2026-09-07 18:44:57
자소설닷컴,기아,26년 엔지니어(생산직) 채용,엔지니어(생산직),신입,수시채용,,,2026-08-21,https://jasoseol.com/recruit/105706,,2026-09-07 18:44:58
자소설닷컴,현대엔지비,[현대자동차그룹] 매치업 X+AI 교육생 모집,"배터리 X+AI, 제어 X+AI",교육,수시채용,,,2026-09-09,https://jasoseol.com/recruit/105707,,2026-09-07 18:44:58
자소설닷컴,이크레더블,글로벌 기업평가 영업 및 파트너사 개발 경력사원 수시채용,글로벌 기업평가 영업 및 파트너사 개발,경력,수시채용,,,2026-09-06,https://jasoseol.com/recruit/105708,,2026-09-07 18:44:58
자소설닷컴,KCC,2026년 3분기 부문별 대졸 신입 수시채용,"도료영업/영업관리, 자동차기술(해외담당), 도료기술, 컬러개발, 보온재기술, 소재기술, 소재생산, 회계, 물류지원, 채권관리, IT",신입,수시채용,,,2026-08-30,https://jasoseol.com/recruit/105709,,2026-09-07 18:44:58
자소설닷컴,한림대학교의료원,AI 전담 경력직원 공채,전산(AI담당),경력,수시채용,,,2026-09-02,https://jasoseol.com/recruit/105710,,2026-09-07 18:44:58
자소설닷컴,녹십자웰빙,병의원영업(MR) 대구 신입 채용,[대구] 병의원영업(MR) (신입),신입,수시채용,,,2026-08-31,https://jasoseol.com/recruit/105711,,2026-09-07 18:44:59
자소설닷컴,동부건설, 2026년 하반기 신입사원 수시채용,"신입-플랜트사업본부-건축-본사 및 현장(국내/해외), 신입-플랜트사업본부-기계-본사 및 현장(국내/해외), 신입-플랜트사업본부-전기-본사 및 현장(국내/해외)",신입,수시채용,,,2026-08-30,https://jasoseol.com/recruit/105712,,2026-09-07 18:44:59
자소설닷컴,대원제약,DNA 채용 (제약영업 공채),"ETC영업 (의원영업), ETC영업 (병원영업)",신입,수시채용,,,2026-09-02,https://jasoseol.com/recruit/105713,,2026-09-07 18:45:00
자소설닷컴,지오코프,2026년 신입사원 모집,Mortgage Post-Closing Specialist (담보대출 사후 관리),신입,수시채용,,,2026-09-06,https://jasoseol.com/recruit/105714,,2026-09-07 18:45:00
자소설닷컴,유한양행,"2026년 계약직, 신입(인턴) 사원 채용","경영관리본부 인사, 경영관리본부 안전보건","계약직, 코드6",수시채용,,,2026-08-26,https://jasoseol.com/recruit/105715,,2026-09-07 18:45:00
자소설닷컴,셀트리온스킨큐어,[셀트리온그룹사] 26년 하반기 전환형 인턴 수시 채용,사업 기획,인턴,수시채용,,,2026-09-01,https://jasoseol.com/recruit/105717,,2026-09-07 18:45:01
자소설닷컴,SK쉴더스,대기업 주도의 클라우드 기반 스마트 융합보안 채용연계형 35기,클라우드 기반 스마트 융합보안 과정,교육,수시채용,,,2026-09-01,https://jasoseol.com/recruit/105718,,2026-09-07 18:45:02
자소설닷컴,에코마케팅,기획하는 광고 디자이너 신입/경력 채용,기획하는 광고 디자이너,"경력, 신입",수시채용,,,2026-08-30,https://jasoseol.com/recruit/105719,,2026-09-07 18:45:02
자소설닷컴,AXA손해보험,혁신전략기획팀 IT Planning Associate 채용,IT Planning Associate,계약직,수시채용,,,2026-08-30,https://jasoseol.com/recruit/105720,,2026-09-07 18:45:02
자소설닷컴,한국관광공사,2026 관광 일자리페스타,제 13회 관광사업 일자리박람회,코드5,수시채용,,,2026-09-15,https://jasoseol.com/recruit/105716,,2026-09-07 18:45:03
자소설닷컴,AXA손해보험,데이터사이언스팀 Data Engineer 채용,Data Engineer,경력,수시채용,,,2026-08-30,https://jasoseol.com/recruit/105721,,2026-09-07 18:45:03
자소설닷컴,대한상공회의소 충남인력개발원,남양유업 채용약정과정 - 스마트제조 자동화 (머신비전 모델예측 스마트제조 자동화 제어),스마트제조 자동화 (머신비전 모델예측 스마트제조 자동화 제어),교육,수시채용,,,2026-09-07,https://jasoseol.com/recruit/105722,,2026-09-07 18:45:03
자소설닷컴,연합인포맥스,영업 부문(경력) 및 IT개발직(신입) 채용,"영업 부문, IT개발","경력, 신입",수시채용,,,2026-08-30,https://jasoseol.com/recruit/105724,,2026-09-07 18:45:04
자소설닷컴,SK텔레콤,2026 Junior Talent 채용,"고객 - B2C, 고객 - B2B, 고객 - 서비스기획, Infra - 무선 Network, Infra - 유선/IP Network, Infra - Core Network, Infra - Network 설비, Tec",신입,수시채용,,,2026-08-30,https://jasoseol.com/recruit/105725,,2026-09-07 18:45:05
자소설닷컴,중앙대학교병원,(광명병원) 영상의학과 방사선사(계약직) 모집 (2026.08),계약직(신규)-방사선사-영상의학과,계약직,수시채용,,,2026-08-26,https://jasoseol.com/recruit/105726,,2026-09-07 18:45:05
자소설닷컴,건강보험심사평가원(HIRA),2026년 하반기 정규직 채용,"행정직_사무행정_6급가_일반, 행정직_사무행정_6급가_보훈, 행정직_사무행정_6급가_장애, 심사직_약사_4급_일반, 심사직_간호사 등_5급_일반, 심사직_간호사 등_5급_보훈, 전산직_시스템 개발_6급가_일반, 전산","경력, 코드5",수시채용,,,2026-09-02,https://jasoseol.com/recruit/105723,,2026-09-07 18:45:05
자소설닷컴,서해철도,2026년 신입직원 공개채용,"역무, 기계, 신호, 전기, 궤도",신입,수시채용,,,2026-09-07,https://jasoseol.com/recruit/105728,,2026-09-07 18:45:05
자소설닷컴,대구경북첨단의료산업진흥재단,2026년 바이오헬스 아카데미 MEDILINK 아카데미 4기 교육생 모집,의료기기 규제과학(RA) 전문인력 양성과정,교육,수시채용,,,2026-09-17,https://jasoseol.com/recruit/105729,,2026-09-07 18:45:06
자소설닷컴,KCC실리콘,EHS부문 신입사원 채용,EHS,신입,수시채용,,,2026-08-26,https://jasoseol.com/recruit/105730,,2026-09-07 18:45:06
자소설닷컴,화신(5148125533),품질관리팀 신입사원 모집,품질관리팀,신입,상시채용,,,2026-08-20,https://jasoseol.com/recruit/105731,,2026-09-07 18:45:06
자소설닷컴,앱솔브랩,일본 마케팅 경력 채용,일본 마케팅,경력,상시채용,,,2026-10-19,https://jasoseol.com/recruit/105732,,2026-09-07 18:45:07
자소설닷컴,신원,수출부문 KNIT 해외영업(Nordstrom) 경력 채용,KNIT 해외영업 (Nordstrom),경력,수시채용,,,2026-09-13,https://jasoseol.com/recruit/105734,,2026-09-07 18:45:08
자소설닷컴,에코마케팅,재무팀 정산관리 계약직 채용,재무팀 계약직(풀타임),계약직,수시채용,,,2026-08-26,https://jasoseol.com/recruit/105733,,2026-09-07 18:45:08
자소설닷컴,에이피알,[경영지원] 화장품 해외 인허가(RA) 채용연계형 인턴사원 모집,화장품 해외 인허가(RA),인턴,상시채용,,,2026-08-31,https://jasoseol.com/recruit/105735,,2026-09-07 18:45:08
자소설닷컴,중앙대학교병원,(광명병원) 약제팀 야간당직약사 (계약직) 모집 (2026.08-1),계약직(신규)-야간당직약사-약제팀,계약직,수시채용,,,2026-08-26,https://jasoseol.com/recruit/105737,,2026-09-07 18:45:09
자소설닷컴,국립박물관문화재단,2026년 3차 직원 채용,"해외 전용 온라인숍 운영, VMD, 상품관 운영 (익산), 상품기획 (휴직대체), 식음료사업 서비스 품질관리, 총무/회계 (휴직대체)","계약직, 코드5",수시채용,,,2026-09-02,https://jasoseol.com/recruit/105738,,2026-09-07 18:45:09
자소설닷컴,한화금융,2026 신입공채,"투자 (전략투자·자산운용·투자기획·투자심사), 마케팅 (서비스/사업기획·콘텐츠기획·브랜드/마케팅), 신사업 (AI/데이터·블록체인·플랫폼/IT·글로벌/해외사업)",신입,수시채용,,,2026-09-18,https://jasoseol.com/recruit/105739,,2026-09-07 18:45:10
자소설닷컴,중앙대학교병원,(광명병원) 약제팀 약무보조 사무원 모집 (2026.08),계약직(신규)-사무-약제팀,계약직,수시채용,,,2026-08-26,https://jasoseol.com/recruit/105736,,2026-09-07 18:45:10
자소설닷컴,세아제강,2026년도 홍보파트 체험형 인턴사원 채용,세아제강지주-체험형 인턴-홍보-서울,인턴,수시채용,,,2026-08-30,https://jasoseol.com/recruit/105740,,2026-09-07 18:45:10
자소설닷컴,삼립,공시 담당 경력직 채용,공시 담당,경력,수시채용,,,2026-08-31,https://jasoseol.com/recruit/105742,,2026-09-07 18:45:11
자소설닷컴,어댑트,[채용연계형] 글로벌 인플루언서 마케팅 인턴 모집,글로벌 인플루언서 마케팅,인턴,상시채용,,,2026-08-30,https://jasoseol.com/recruit/105743,,2026-09-07 18:45:11
자소설닷컴,GS네트웍스,정보보안/개인정보 경력 채용,정보보안/개인정보 담당,경력,수시채용,,,2026-08-31,https://jasoseol.com/recruit/105744,,2026-09-07 18:45:12
자소설닷컴,중앙대학교병원,(광명병원) 간호본부 신생아 중환자실 전담간호사 (정규직) 모집 (2026.08-1),정규직(신규)-간호사-간호본부(신생아 중환자실)-소아청소년과 전담간호사,경력,수시채용,,,2026-08-26,https://jasoseol.com/recruit/105745,,2026-09-07 18:45:12
자소설닷컴,다쏘시스템코리아,카티아(CATIA) 첨단로봇제조스쿨 6기 모집 - 2026 CATIA Basic · Advanced Class,CATIA 첨단로봇제조스쿨 6기,교육,수시채용,,,2026-09-15,https://jasoseol.com/recruit/105741,,2026-09-07 18:45:13
자소설닷컴,깨끗한나라,8월 수시채용,"HL글로벌영업팀, 리테일3팀, 회계팀, 패드생산팀, 금융팀, HL기획팀","경력, 신입, 코드5",수시채용,,,2026-08-30,https://jasoseol.com/recruit/105746,,2026-09-07 18:45:13
자소설닷컴,중앙대학교병원,(광명병원) 간호본부 응급의료센터 전담간호사 (정규직) 모집 (2026.08),정규직(신규)-간호사-응급의료센터-응급의료센터 전담간호사,경력,수시채용,,,2026-08-26,https://jasoseol.com/recruit/105747,,2026-09-07 18:45:13
자소설닷컴,중앙대학교병원,(광명병원) 간호본부 소화기내과 전담간호사 (휴직대체) 모집 (2026.08),계약직(휴직대체)-간호사-간호본부(진료지원간호팀)-소화기내과 전담간호사,계약직,수시채용,,,2026-08-26,https://jasoseol.com/recruit/105749,,2026-09-07 18:45:14
자소설닷컴,중앙대학교병원,(광명병원) 간호본부 감염내과 전담간호사 (정규직) 모집 (2026.08),정규직(신규)-간호사-간호본부(진료지원간호팀)-감염내과 전담간호사,경력,수시채용,,,2026-08-26,https://jasoseol.com/recruit/105748,,2026-09-07 18:45:14
자소설닷컴,화신(5148125533),품질관리팀 신입사원 모집,품질관리팀,신입,상시채용,,,2026-10-20,https://jasoseol.com/recruit/105751,,2026-09-07 18:45:15
자소설닷컴,울산항만공사,2026년 하반기 무기계약직·기간제계약직 채용,"시설관리 (경력), 운전 (단속적 근로자), 비서 (육아휴직 대체인력)",계약직,수시채용,,,2026-09-02,https://jasoseol.com/recruit/105752,,2026-09-07 18:45:15
자소설닷컴,유안타증권,지점 업무직원(파견전문직) 경력직원 채용,지점 업무직원(파견전문직),계약직,수시채용,,,2026-09-03,https://jasoseol.com/recruit/105750,,2026-09-07 18:45:15
자소설닷컴,밀도,콘텐츠 마케터,콘텐츠 마케터,경력,수시채용,,,2026-09-30,https://jasoseol.com/recruit/105754,,2026-09-07 18:45:16
자소설닷컴,현대종합금속,신입/경력 사원 모집 (계약직),선박용 기기 시운전 및 서비스,계약직,수시채용,,,2026-09-06,https://jasoseol.com/recruit/105753,,2026-09-07 18:45:16
자소설닷컴,밀도,콘텐츠 마케팅 팀장,콘텐츠 마케팅 팀장,경력,수시채용,,,2026-09-30,https://jasoseol.com/recruit/105755,,2026-09-07 18:45:16
자소설닷컴,화신(5148125533),생산관리팀 경력직 모집(대리~과장급),생산관리팀,경력,상시채용,,,2026-10-20,https://jasoseol.com/recruit/105756,,2026-09-07 18:45:16
자소설닷컴,아데카코리아,서울사무소 영업직 신입/경력사원 채용,영업,코드5,수시채용,,,2026-09-13,https://jasoseol.com/recruit/105758,,2026-09-07 18:45:17
자소설닷컴,중앙대학교병원,(서울병원) 진료협력팀 행정(간호사) (휴직대체) 모집 (2026.08),계약직(휴직대체)-진료협력팀-행정(간호사),계약직,수시채용,,,2026-08-27,https://jasoseol.com/recruit/105759,,2026-09-07 18:45:18
자소설닷컴,한국환경공단(KECO),2026년도 신입직원 채용,"[일반직 6급] 토목 (제한경쟁), [일반직 6급] 기계 (제한경쟁), [일반직 6급] 전기 (제한경쟁), [일반직 8급] 수도 (제한경쟁), [일반직 6급] 법정 (공개경쟁), [일반직 6급] 상경 (공개경쟁), ",신입,수시채용,,,2026-09-08,https://jasoseol.com/recruit/105757,,2026-09-07 18:45:18
자소설닷컴,중앙대학교병원,(서울병원) 재활의학과(작업치료실) 소아 작업치료사(휴직대체) 모집 (2026.08),계약직(휴직대체)-작업치료실-작업치료사,계약직,수시채용,,,2026-08-27,https://jasoseol.com/recruit/105760,,2026-09-07 18:45:20
자소설닷컴,호반그룹,2027 신입사원 사옥초청 채용 설명회,사옥초청 채용 설명회,인턴,수시채용,,,2026-09-06,https://jasoseol.com/recruit/105763,,2026-09-07 18:45:20
자소설닷컴,한국산업기술시험원(KTL),2026년 정규직 채용 공고,"C-01-행정직-경영·기획, C-02-행정직-재무회계, C-03-연구직-스마트 시험인증 플랫폼 기획·개발 및 운영, C-04-연구직-AI·공공데이터 개발 및 운영, C-05-연구직-기계소재분야 연구개발 및 시험평가[",신입,수시채용,,,2026-09-08,https://jasoseol.com/recruit/105762,,2026-09-07 18:45:21
자소설닷컴,한국물가협회,채용연계형 인턴사원 모집 (전산/조사/편집디자인/지회),"전산 부문, 조사 부문, 편집·디자인 부문, [부산] 지회 부문, [대전] 지회 부문, [대구] 지회 부문",인턴,수시채용,,,2026-09-06,https://jasoseol.com/recruit/105765,,2026-09-07 18:45:21
자소설닷컴,뤼튼테크놀로지스,CRM Marketer 인턴,CRM Marketer 인턴,인턴,상시채용,,,2026-09-09,https://jasoseol.com/recruit/105764,,2026-09-07 18:45:21
자소설닷컴,화승코퍼레이션,2026 하반기 2차 신입/경력수시채용,"설비관리, 품질관리, 재료 연구개발, 자동차 부품 설계, 방산 제품개발 엔지니어","경력, 코드5",수시채용,,,2026-09-04,https://jasoseol.com/recruit/105761,,2026-09-07 18:45:22
자소설닷컴,현대엔지비,2026년 9월 체험형 인턴 모집 (기술인재육성),정부 사업,인턴,수시채용,,,2026-08-30,https://jasoseol.com/recruit/105768,,2026-09-07 18:45:22
자소설닷컴,SK하이닉스,['26년 하반기] Talent hy-way 기술사무직 신입,"Tech R&D - 설계, Tech R&D - 소자, Tech R&D - R&D 공정, Tech R&D - Product Engineering, Tech R&D - PKG 개발, Tech R&D - System Ar",신입,수시채용,,,2026-08-26,https://jasoseol.com/recruit/105766,,2026-09-07 18:45:22
자소설닷컴,토스플레이스,Direct Sales Assistant,Direct Sales Assistant,계약직,상시채용,,,2026-08-26,https://jasoseol.com/recruit/105767,,2026-09-07 18:45:22
자소설닷컴,현대로템,항공우주 분야 채용,"생산기지 시스템 설계 총괄, 극초음속 유도무기 탄 및 엔진 제어기 개발, 우주사업 기획담당, 덕티드 램제트 엔진 고체 추진체(화약) 부품 개발, 덕티드 램제트 유도무기 기체구조 개발, 액체추진기관 시험설비 설계/제작","경력, 신입",수시채용,,,2026-09-20,https://jasoseol.com/recruit/105769,,2026-09-07 18:45:23
자소설닷컴,NHN,Database Administrator (DBA),Database Administrator (DBA),경력,상시채용,,,2026-10-20,https://jasoseol.com/recruit/105770,,2026-09-07 18:45:23
자소설닷컴,DB그룹,신입사원 공개채용,"[DB손해보험]영업관리, [DB손해보험]보상관리, [DB손해보험]상품업무·U/W, [DB손해보험]자산운용·리스크관리, [DB손해보험]경영지원, [DB생명]종합직, [DB생명]상품/계리, [DB자산운용]채권운용, [D",신입,수시채용,,,2026-10-02,https://jasoseol.com/recruit/105772,,2026-09-07 18:45:24
자소설닷컴,현대자동차,9월 신입 채용,"AVP 차량 프로젝트 관리, R&D 기술경영, SW/디지털 엔지니어링, 로보틱스 기술 및 사업 개발, 모빌리티 플랫폼 개발/UX/사업, AI 반도체 (NPU) 개발, 소재 및 공정기술 연구개발, 전동화 에너지 개발 ","신입, 인턴",수시채용,,,2026-09-14,https://jasoseol.com/recruit/105771,,2026-09-07 18:45:24
자소설닷컴,중앙대학교병원,(광명병원) 간호본부 정신건강의학과 전담간호사 (휴직대체) 모집 (2026.08),계약직(휴직대체)-간호사-간호본부(진료지원간호팀)-정신건강의학과 전담간호사,계약직,수시채용,,,2026-08-27,https://jasoseol.com/recruit/105773,,2026-09-07 18:45:24
자소설닷컴,토스플레이스,Business Marketing Specialist,Business Marketing Specialist,계약직,상시채용,,,2026-10-20,https://jasoseol.com/recruit/105774,,2026-09-07 18:45:25
자소설닷컴,아이쓰리시스템,아이쓰리시스템 채용(신입/경력),"SW 개발자, 시스템 HW 설계 부문 연구원 채용","신입, 코드5",수시채용,,,2026-09-13,https://jasoseol.com/recruit/105775,,2026-09-07 18:45:25
자소설닷컴,KT,2026년 대졸신입 채용,"NW 인프라운용, B2B컨설팅&세일즈, B2C마케팅&세일즈",신입,수시채용,,,2026-09-07,https://jasoseol.com/recruit/105776,,2026-09-07 18:45:26
자소설닷컴,한국수출입은행,2026년 하반기 경력직원 채용,"투자금융, 경제연구 (박사), 산업연구 (박사), 북한연구 (박사), 변호사",경력,수시채용,,,2026-09-02,https://jasoseol.com/recruit/105777,,2026-09-07 18:45:26
자소설닷컴,경동나비엔,8월 채용연계형 인턴 채용,"생산관리, 생산관리(부품), 품질관리(제품), 품질관리(부품_기구), 품질관리(부품_HVAC), 신뢰성(부품), 접합·재료 품질기술, R&D(보일러/온수기), R&D(기구설계), 제품기술, R&D(단열), R&D(내",인턴,수시채용,,,2026-08-30,https://jasoseol.com/recruit/105778,,2026-09-07 18:45:27
자소설닷컴,The·K한국교직원공제회,2026년도 신입직원 채용공고,"일반, 지역인재(호남권), 지역인재(영남권), IT(금융개발), IT(정보보안)",신입,수시채용,,,2026-09-11,https://jasoseol.com/recruit/105779,,2026-09-07 18:45:27
자소설닷컴,LG전자,2026 하반기 신입사원 채용,"HS사업본부_HR, HS사업본부_로봇, HS사업본부_기계, HS사업본부_전기전자, HS사업본부_Finance, MS사업본부_구매, MS사업본부_영업/마케팅, MS사업본부_HR, MS사업본부_SCM, MS사업본부_기계",신입,수시채용,,,2026-09-13,https://jasoseol.com/recruit/105780,,2026-09-07 18:45:27
자소설닷컴,한국경영자총협회,2026년 하반기 신입 및 경력 직원 채용,"정책조사① - 경제, 정책조사② - 노동정책,노사관계, 국제협력",코드5,수시채용,,,2026-09-06,https://jasoseol.com/recruit/105781,,2026-09-07 18:45:27
자소설닷컴,밀도,품질 담당자,품질 담당자,경력,수시채용,,,2026-09-30,https://jasoseol.com/recruit/105782,,2026-09-07 18:45:28
자소설닷컴,밀도,HR 리더,HR 리더,경력,수시채용,,,2026-09-07,https://jasoseol.com/recruit/105783,,2026-09-07 18:45:28
자소설닷컴,밀도,재무회계,재무회계,경력,수시채용,,,2026-09-02,https://jasoseol.com/recruit/105785,,2026-09-07 18:45:29
자소설닷컴,에이피알,[경영지원] 아마존/틱톡샵 운영팀 채널 운영 채용연계형 인턴사원 모집,아마존/틱톡샵 운영팀 채널 운영,인턴,상시채용,,,2026-08-31,https://jasoseol.com/recruit/105786,,2026-09-07 18:45:30
자소설닷컴,채널코퍼레이션,"Mid-Market, Sales Development Representative","Mid-Market, Sales Development Representative",코드5,상시채용,,,2026-10-23,https://jasoseol.com/recruit/105788,,2026-09-07 18:45:30
자소설닷컴,한국보건산업진흥원,2026년 하반기 신규직원(채용형인턴) 채용,"경영기획_공개경쟁_청년인턴_체험형인턴, 인사관리_공개경쟁_청년인턴_체험형인턴, 바이오헬스산업정책관리_공개경쟁_청년인턴_채용형인턴, 바이오헬스산업정책관리_제한경쟁_청년인턴_채용형인턴, 보건산업진흥지원_공개경쟁_청년인턴",인턴,수시채용,,,2026-09-07,https://jasoseol.com/recruit/105787,,2026-09-07 18:45:30
자소설닷컴,밀도,HR 담당자,HR 담당자,경력,수시채용,,,2026-09-30,https://jasoseol.com/recruit/105789,,2026-09-07 18:45:31
자소설닷컴,트루엔,2026 하반기 신입사원 채용(ISP화질튜닝엔지니어·기술지원·해외영업),"ISP 화질튜닝 엔지니어, 기술지원(CS), 해외영업",코드6,수시채용,,,2026-09-06,https://jasoseol.com/recruit/105784,,2026-09-07 18:45:31
자소설닷컴,중앙대학교병원,(서울병원) 총무팀 운전기사(계약직) 모집(2026.08),계약직(신규)-총무팀(차량반)-운전기사,계약직,수시채용,,,2026-08-30,https://jasoseol.com/recruit/105791,,2026-09-07 18:45:31
자소설닷컴,넥슨컴퍼니,채용형 인턴십 넥토리얼 for game programmer,게임 프로그래머,인턴,수시채용,,,2026-09-07,https://jasoseol.com/recruit/105793,,2026-09-07 18:45:32
자소설닷컴,한국팜비오,2026년 하반기 부문별 신입 및 경력 모집,"RA팀, PV팀, 개발기획팀, 개발기획팀 (팀장), MA팀, 주사제연구팀, ETC 종병 영업MR, ETC 병·의원 영업MR (대전/충남), ETC 병·의원 영업MR (광주), ETC 마케팅 (소화기), ETC 마케팅","계약직, 코드5",수시채용,,,2026-08-30,https://jasoseol.com/recruit/105792,,2026-09-07 18:45:32
자소설닷컴,한국석유공업,하반기 신입/경력 환경안전 수시 채용,울산공장 환경안전팀 안전보건소방 및 유해화학물질 관리 업무,코드5,수시채용,,,2026-08-31,https://jasoseol.com/recruit/105790,,2026-09-07 18:45:32
자소설닷컴,딜라이트룸,Product Operation Intern,Product Operation Intern,인턴,수시채용,,,2026-09-13,https://jasoseol.com/recruit/105794,,2026-09-07 18:45:33
자소설닷컴,마이다스그룹,지반 분야 고객 교육 및 기술지원 담당자 채용,SW 기술지원/기획-지반분야 SW 기술지원 및 기획-판교본사,코드5,수시채용,,,2026-09-06,https://jasoseol.com/recruit/105795,,2026-09-07 18:45:33
자소설닷컴,마이다스그룹,2D 모션그래픽 디자이너 채용,디자인-모션그래픽 디자인-판교본사,경력,수시채용,,,2026-09-06,https://jasoseol.com/recruit/105796,,2026-09-07 18:45:33
자소설닷컴,마이다스그룹,영상 콘텐츠 디자이너 채용,디자인-영상 디자이너-판교본사,경력,수시채용,,,2026-09-06,https://jasoseol.com/recruit/105797,,2026-09-07 18:45:34
자소설닷컴,금호석유화학그룹,2026 하반기 신입사원 공개채용,"기업집단_금호석유화학, 인사/총무_금호석유화학, 인사/총무_금호폴리켐, 재무/회계_금호폴리켐, 자금_금호미쓰이화학, 원가_금호피앤비화학, 연구지원_금호폴리켐, 영업지원_금호석유화학, 영업기획_금호미쓰이화학, 해외영업",신입,수시채용,,,2026-09-11,https://jasoseol.com/recruit/105798,,2026-09-07 18:45:34
자소설닷컴,유안타증권,신탁솔루션팀 신입/경력직원 채용,신탁솔루션팀 신입/경력직원,계약직,수시채용,,,2026-09-04,https://jasoseol.com/recruit/105799,,2026-09-07 18:45:35
자소설닷컴,유안타증권,지점 신입/경력 업무직원 채용,지점 신입/경력 업무직원,계약직,수시채용,,,2026-09-09,https://jasoseol.com/recruit/105800,,2026-09-07 18:45:35
자소설닷컴,앱솔브랩,[셀리맥스] 국내 영업 MD 경력 채용,국내 영업 MD,경력,상시채용,,,2026-10-24,https://jasoseol.com/recruit/105801,,2026-09-07 18:45:35
자소설닷컴,항공산업 커리어 엑스포,2026 항공산업 커리어 엑스포,2026 항공산업 채용박람회,인턴,수시채용,,,2026-09-03,https://jasoseol.com/recruit/105802,,2026-09-07 18:45:36
자소설닷컴,앱솔브랩,[셀리맥스] 유럽 마케팅 인턴 채용,유럽 마케팅 인턴,인턴,상시채용,,,2026-10-24,https://jasoseol.com/recruit/105803,,2026-09-07 18:45:37
자소설닷컴,한국표준협회,2027년 정규직원 공개채용,사업기획 및 프로젝트 관리,신입,수시채용,,,2026-09-22,https://jasoseol.com/recruit/105804,,2026-09-07 18:45:37
자소설닷컴,엘티정밀,영업자재팀 신입 및 경력사원 모집,"영업자재팀_해외 영업 관리, 영업자재팀_자재(구매) 관리",코드5,수시채용,,,2026-08-31,https://jasoseol.com/recruit/105807,,2026-09-07 18:45:38
자소설닷컴,김앤장 법률사무소,"비서, 빌링, 스탭 채용","비서, 빌링, 스탭",코드5,수시채용,,,2026-09-01,https://jasoseol.com/recruit/105806,,2026-09-07 18:45:38
자소설닷컴,한화에어로스페이스,산업연계형 생성형·엣지AI 서비스 개발자 (LLM·RAG·에이전트) [3기] 모집,생성형·엣지AI 서비스 개발자 (LLM·RAG·에이전트),교육,수시채용,,,2026-09-08,https://jasoseol.com/recruit/105808,,2026-09-07 18:45:38
자소설닷컴,울산알루미늄,생산기능직 채용 [계약직-6개월],생산,계약직,수시채용,,,2026-09-03,https://jasoseol.com/recruit/105809,,2026-09-07 18:45:39
자소설닷컴,밀도,총무 담당자,총무 담당자,경력,수시채용,,,2026-09-30,https://jasoseol.com/recruit/105811,,2026-09-07 18:45:40
자소설닷컴,비아이매트릭스,2026년 하반기 신입 채용,AI·BI 프로젝트 수행 및 솔루션 연구개발,신입,수시채용,,,2026-09-24,https://jasoseol.com/recruit/105810,,2026-09-07 18:45:40
자소설닷컴,밀도,콘텐츠 디자이너,콘텐츠 디자이너,경력,수시채용,,,2026-09-30,https://jasoseol.com/recruit/105812,,2026-09-07 18:45:40
자소설닷컴,자화전자,2026년 하반기 신입/경력 채용,"공정기술 [청주], 미주영업 [청주], 고객기술대응 [청주], 전장부품 국내/외 영업 [청주], FACA CS [구미], 품질관리 [구미], SMT 공정 [구미], 공정기술 [구미], 기술PM [구미], 제조 운영/","경력, 코드5",수시채용,,,2026-09-01,https://jasoseol.com/recruit/105805,,2026-09-07 18:45:41
자소설닷컴,밀도,이커머스 마케터,이커머스 마케터,경력,수시채용,,,2026-09-30,https://jasoseol.com/recruit/105815,,2026-09-07 18:45:41
자소설닷컴,밀도,이커머스 마케팅 팀장,이커머스 마케팅 팀장,경력,수시채용,,,2026-09-30,https://jasoseol.com/recruit/105816,,2026-09-07 18:45:42
자소설닷컴,밀도,콘텐츠 디자인 팀장,콘텐츠 디자인 팀장,경력,수시채용,,,2026-09-30,https://jasoseol.com/recruit/105813,,2026-09-07 18:45:42
자소설닷컴,밀도,아트 디렉터,아트 디렉터,경력,수시채용,,,2026-09-30,https://jasoseol.com/recruit/105817,,2026-09-07 18:45:42
자소설닷컴,밀도,미국 아마존 채널 운영 담당,미국 아마존 채널 운영 담당,경력,수시채용,,,2026-09-30,https://jasoseol.com/recruit/105814,,2026-09-07 18:45:42
자소설닷컴,밀도,미국 아마존 사업 총괄,미국 아마존 사업 총괄,경력,수시채용,,,2026-09-30,https://jasoseol.com/recruit/105818,,2026-09-07 18:45:43
자소설닷컴,삼성전자 DS부문,청년희망배움터 수강생 모집,"전자/IT제조기술자, 공조냉동기술자, 선박제조기술자, 중장비운전기능사, 온라인광고/홍보실무자, 제과제빵기능사",교육,수시채용,,,2026-09-27,https://jasoseol.com/recruit/105819,,2026-09-07 18:45:43
자소설닷컴,밀도,제품 기획 & 제품 디자인 그룹 리더,제품 기획 & 제품 디자인 그룹 리더,경력,수시채용,,,2026-09-30,https://jasoseol.com/recruit/105820,,2026-09-07 18:45:43
자소설닷컴,밀도,퍼포먼스 마케터,퍼포먼스 마케터,경력,수시채용,,,2026-09-30,https://jasoseol.com/recruit/105821,,2026-09-07 18:45:44
자소설닷컴,에이피알,[마케팅] 홍콩 뷰티 온라인 MD 채용연계형 인턴사원 모집,홍콩 뷰티 온라인 MD,인턴,상시채용,,,2026-08-31,https://jasoseol.com/recruit/105823,,2026-09-07 18:45:44
자소설닷컴,한미정밀화학,2026년 8월 인재 채용,"재무회계, 정보(AX파트), 안전관리, Global EHS, 전기·소방, 생산관리, 생산, 품질보증, 품질관리(이화학시험), 품질관리(미생물시험), DS수입업(품질보증, 품질관리), 사업개발, 영업(일본/글로벌 시장","경력, 신입, 코드5",수시채용,,,2026-09-06,https://jasoseol.com/recruit/105822,,2026-09-07 18:45:45
자소설닷컴,리멤버앤컴퍼니,교육 기획 및 운영 담당자(계약직),교육 기획 및 운영 담당자,계약직,상시채용,,,2026-10-24,https://jasoseol.com/recruit/105824,,2026-09-07 18:45:46
자소설닷컴,LIG D&A,2026 인재영입,"SW(신입), HW(신입), 기계(신입), IPS(신입), 체계(신입), 품질(신입), 공정기술(신입), 국내사업관리(채용연계형 인턴), 해외사업(채용연계형 인턴), 국내/해외사업기획(채용연계형 인턴), 국내연구기획","신입, 인턴",수시채용,,,2026-09-13,https://jasoseol.com/recruit/105826,,2026-09-07 18:45:46
자소설닷컴,케이씨텍,[경력] 반도체 소재 출하관리/운송 및 납품 담당자 모집(안성),"경력-생산관리팀-출하관리-경기도 안성시(본사), 경력-생산관리팀-운송 및 납품-경기도 안성시(본사)",경력,수시채용,,,2026-09-02,https://jasoseol.com/recruit/105825,,2026-09-07 18:45:46
자소설닷컴,STX엔진,2026 신입/경력 수시채용,"서버운용, HRM, 연구개발 과제기획, 전장부품 개발, 기장설계, 전장설계, IPS, 중속발전 (기계기술), 연구개발 (음향센서개발), 연구개발/설계 (레이더 체계 및 RF 설계), 생산관리, HRM (경력), 연구","경력, 신입",수시채용,,,2026-09-08,https://jasoseol.com/recruit/105827,,2026-09-07 18:45:46
자소설닷컴,이노션,데이터 엔지니어 (Customer Data Platform),데이터 엔지니어 (Customer Data Platform),계약직,수시채용,,,2026-09-13,https://jasoseol.com/recruit/105830,,2026-09-07 18:45:47
자소설닷컴,뤼튼테크놀로지스,Growth Marketer 인턴,Growth Marketer 인턴,인턴,상시채용,,,2026-09-13,https://jasoseol.com/recruit/105831,,2026-09-07 18:45:47
자소설닷컴,현대비앤지스틸,대졸 신입사원 채용,경영기획,신입,수시채용,,,2026-09-04,https://jasoseol.com/recruit/105832,,2026-09-07 18:45:48
자소설닷컴,중앙대학교병원,(광명병원) 간호본부 유방내분비외과 전담간호사 (정규직) 모집 (2026.08-1),정규직(신규)-간호사-간호본부(진료지원간호팀)-유방내분비외과 전담간호사,신입,수시채용,,,2026-08-31,https://jasoseol.com/recruit/105833,,2026-09-07 18:45:48
자소설닷컴,대구경북첨단의료산업진흥재단,2026년 제2차 직원 공개채용,"기획예산, 언론, 연구 안전관리, 기술사업화, 바이오평가, DMPK, 의약합성, 연구기획, AI활용 신약개발, 창업지원, 장비·인프라 운영, 전임상평가1, 전임상평가2, 주사제생산, 원료생산, 고형제생산, 연수교육 ",코드5,수시채용,,,2026-09-09,https://jasoseol.com/recruit/105828,,2026-09-07 18:45:48
자소설닷컴,중앙대학교병원,(광명병원) 간호본부 중환자실 전담간호사 (정규직) 모집 (2026.08),정규직(신규)-간호사-간호본부(중환자실)-중환자실 전담간호사,신입,수시채용,,,2026-08-31,https://jasoseol.com/recruit/105834,,2026-09-07 18:45:49
자소설닷컴,한국보건산업진흥원,2026년 3분기 계약직원 채용 공고,"휴직 대체_사업관리(A-1)_공개경쟁_기간제 직원, 사업 수행_사업관리(A-2)_공개경쟁_기간제 직원, 청년 인턴_사업지원(B-1)_공개경쟁_청년인턴, 사회 형평_사업지원(B-2)_제한경쟁-장애인_위촉직원, R&D ","계약직, 인턴",수시채용,,,2026-09-07,https://jasoseol.com/recruit/105836,,2026-09-07 18:45:50
자소설닷컴,중앙대학교병원,광명소하검진센터 풀타임 간호사(계약직) 모집 (2026.08-2),계약직(신규)-간호사-광명소하검진센터,계약직,수시채용,,,2026-09-02,https://jasoseol.com/recruit/105835,,2026-09-07 18:45:50
자소설닷컴,경기창조경제혁신센터,글로벌 액셀러레이터·창업기업 액셀러레이터 등 정규직 및 계약직 채용,"글로벌 액셀러레이터, 창업기업 액셀러레이터, 스타트업 원스톱 지원센터, 투자 및 투자 프로그램운영","계약직, 코드5",수시채용,,,2026-09-06,https://jasoseol.com/recruit/105837,,2026-09-07 18:45:50
자소설닷컴,한국과학기술원 부설 고등과학원,행정직원 채용,일반행정,코드5,수시채용,,,2026-09-07,https://jasoseol.com/recruit/105838,,2026-09-07 18:45:50
자소설닷컴,중소벤처기업진흥공단(KOSME),2026년 하반기 일반직(신입·경력) 채용,"(공개경쟁)경영기획_전국, (공개경쟁)기업평가(경영)_전국, (공개경쟁)기업평가(경영)_강원권, (공개경쟁)기업평가(경영)_충청권, (공개경쟁)기업평가(경영)_호남권, (공개경쟁)기업평가(기술)_전국, (공개경쟁)기","경력, 신입",수시채용,,,2026-09-10,https://jasoseol.com/recruit/105841,,2026-09-07 18:45:51
자소설닷컴,에코마케팅,글로벌(일본) 콘텐츠 마케터 인턴/신입 채용,"글로벌(일본) 콘텐츠 마케터 (인턴), 글로벌(일본) 콘텐츠 마케터 (신입)","신입, 인턴",수시채용,,,2026-09-13,https://jasoseol.com/recruit/105839,,2026-09-07 18:45:52
자소설닷컴,키움증권,2026년 하반기 대졸 신입사원 공개채용,"경영지원_리스크, 경영지원_컴플라이언스, 경영지원_재무지원, 경영지원_AIX, 경영지원_ICT, 플랫폼 비즈니스_리테일, 플랫폼 비즈니스_자산관리, 플랫폼 비즈니스_플랫폼, IB/S&T/운용_커버리지, IB/S&T/",신입,수시채용,,,2026-09-13,https://jasoseol.com/recruit/105842,,2026-09-07 18:45:52
자소설닷컴,유안타증권,IT전략팀 경력직원 채용,IT전략팀,계약직,수시채용,,,2026-09-10,https://jasoseol.com/recruit/105840,,2026-09-07 18:45:52
자소설닷컴,롯데그룹,LOTTE LIFT 2기 청년 직무 아카데미 교육생 모집,"호텔·서비스 분야, 유통·리테일 분야",교육,수시채용,,,2026-09-27,https://jasoseol.com/recruit/105844,,2026-09-07 18:45:52
자소설닷컴,신협,2026년 하반기 신입직원 공동채용,"일반직(서울), 일반직(대전충남), 일반직(광주전남), 일반직(충북), 일반직(전북), 일반직(강원), 일반직(제주)",신입,수시채용,,,2026-09-14,https://jasoseol.com/recruit/105846,,2026-09-07 18:45:53
자소설닷컴,밀도,제품 디자이너 팀원,제품 디자이너 팀원,경력,수시채용,,,2026-09-30,https://jasoseol.com/recruit/105847,,2026-09-07 18:45:54
자소설닷컴,금호익스프레스,2026년 여행사업팀 회계/정산 담당자 채용 (기간제/서울),회계 / 상품운영,계약직,수시채용,,,2026-09-03,https://jasoseol.com/recruit/105843,,2026-09-07 18:45:54
자소설닷컴,매드업,글로벌 퍼포먼스 마케터(AE) 전환형 인턴 집중 채용,글로벌 퍼포먼스 마케터 (AE),인턴,수시채용,,,2026-09-13,https://jasoseol.com/recruit/105848,,2026-09-07 18:45:54
자소설닷컴,토스플레이스,Direct Sales Assistant,Direct Sales Assistant,계약직,상시채용,,,2026-09-02,https://jasoseol.com/recruit/105849,,2026-09-07 18:45:54
자소설닷컴,동국제약,전략기획실 경력직 채용 ~ 9/6,전략기획실,경력,수시채용,,,2026-09-06,https://jasoseol.com/recruit/105850,,2026-09-07 18:45:54
자소설닷컴,토스플레이스,HR Coordinator,HR Coordinator,계약직,상시채용,,,2026-10-26,https://jasoseol.com/recruit/105851,,2026-09-07 18:45:55
자소설닷컴,현대카드/현대커머셜,2026 신입 인재 모집,General,신입,수시채용,,,2026-09-14,https://jasoseol.com/recruit/105852,,2026-09-07 18:45:55
자소설닷컴,비테스코테크놀로지스코리아,셰플러코리아 이천사업장 8월 신입 및 경력직 채용,"System Project Mgmt. Engineer, Mgr. Business Unit, Project Manager, Supplier Developm. Quality Eng. (SQMD), Mechanical E","경력, 계약직, 코드5",수시채용,,,2026-08-31,https://jasoseol.com/recruit/105853,,2026-09-07 18:45:56
자소설닷컴,유한양행,2026년 신입(인턴)/경력 사원채용,"약품영업 (ETC), 약품영업 (보훈대상자), PV팀, 생산부, QA팀, 합성신약팀, 바이오CMC팀, IT보안팀, 코스메틱 (화장품), 임상운영팀, QA팀 (경력), 합성신약팀 (경력), 바이오CMC팀 (경력)","경력, 인턴",수시채용,,,2026-09-13,https://jasoseol.com/recruit/105854,,2026-09-07 18:45:56
자소설닷컴,쎄트렉아이,2026 하반기 신입 채용 SIFUTURE-SHIP 모집,"(학사)SW-임베디드, (학사)SW-지상국, (학사)SW-궤도역학, (학사)SW-신뢰성 시험, (학사)HW-추진, (학사)HW-전자, (학사)HW-전력, (학사)HW-구조, (학사)HW-임베디드, (석/박사)SW-비",신입,수시채용,,,2026-09-15,https://jasoseol.com/recruit/105855,,2026-09-07 18:45:57
자소설닷컴,어플라이드 머티어리얼즈 코리아,신입 채용,"AGS Account Sales- Semiconductor Service Business (반도체 서비스 영업), Application Engineer (반도체 기술 솔루션 엔지니어), Non-Technical Pr",신입,수시채용,,,2026-09-09,https://jasoseol.com/recruit/105856,,2026-09-07 18:45:57
자소설닷컴,LG생활건강,2026년 하반기 신입사원 채용,"뷰티마케팅, 국내영업, 해외영업(동남아&EMEA), 회계/세무, 생산관리, 물류관리",신입,수시채용,,,2026-09-13,https://jasoseol.com/recruit/105857,,2026-09-07 18:45:57
자소설닷컴,에이피알,[경영지원] 아마존/틱톡샵 IP 침해 및 가품 대응 담당 채용연계형 인턴 모집,아마존/틱톡샵 IP 침해 및 가품 대응 담당,인턴,상시채용,,,2026-08-31,https://jasoseol.com/recruit/105858,,2026-09-07 18:45:58
자소설닷컴,중앙대학교병원,(서울병원) 재활의학과(작업치료실) 소아 작업치료사(계약직) 모집 (2026.08),계약직(신규)-작업치료실-작업치료사,계약직,수시채용,,,2026-09-01,https://jasoseol.com/recruit/105859,,2026-09-07 18:45:59
자소설닷컴,인바디,2026 GBD RECRUIT - 통합직무,GBD (Global Business Development),신입,수시채용,,,2026-09-14,https://jasoseol.com/recruit/105861,,2026-09-07 18:46:00
자소설닷컴,롯데그룹,3·6·9·12 예측가능한 채용(9월),"롯데웰푸드 - 영업, 롯데웰푸드 - 마케팅, 롯데웰푸드 - 생산관리, 롯데웰푸드 - 기술, 롯데웰푸드 - 해외영업, 롯데웰푸드 - 경영관리, 롯데웰푸드 - 구매, 롯데웰푸드 - 인사, 롯데웰푸드 - 재무/회계, 롯데","신입, 인턴",수시채용,,,2026-09-21,https://jasoseol.com/recruit/105862,,2026-09-07 18:46:00
자소설닷컴,브이샘,2026년 영업직원 경력 채용,슬래그 영업,경력,수시채용,,,2026-09-06,https://jasoseol.com/recruit/105863,,2026-09-07 18:46:00
자소설닷컴,아주산업,2026년 부동산 개발사업 경력 채용,"부동산개발/개발기획,인허가",경력,수시채용,,,2026-09-13,https://jasoseol.com/recruit/105864,,2026-09-07 18:46:00
자소설닷컴,중앙대학교병원,(서울병원) 재활의학과(언어치료실) 언어치료사(계약직) 모집 (2026.08),계약직(신규)-재활의학과(언어치료실)-언어치료사,계약직,수시채용,,,2026-09-01,https://jasoseol.com/recruit/105860,,2026-09-07 18:46:01
자소설닷컴,한화에너지,2026 하반기 신입사원 공개채용,"재무, 발전/공무",신입,수시채용,,,2026-09-21,https://jasoseol.com/recruit/105865,,2026-09-07 18:46:01
자소설닷컴,아주산업,2026년 레미콘 품질관리 신입/경력 채용,레미콘 품질관리,코드5,수시채용,,,2026-09-06,https://jasoseol.com/recruit/105866,,2026-09-07 18:46:01
자소설닷컴,과천도시공사,2026년 정규직/계약직/청년인턴 직원 채용,"건축 (기술7급_기간제), 수영 (체육7급_기간제), 빙상 (체육7급_기간제), 운전 (업무직_사무기술), 탈의실(남) (업무직_현장환경), 일반행정 (청년인턴-공원수련관), 체육운영 (청년인턴-시민회관), 체육운영","계약직, 인턴, 코드5",수시채용,,,2026-09-07,https://jasoseol.com/recruit/105867,,2026-09-07 18:46:02
자소설닷컴,다우기술,경력·신입 대규모 인재영입,"AI 개발, Web Application PM/PL, 메일 시스템 서버 개발, 증권 퇴직연금 시스템 개발, HTS 채널 개발, MTS 채널 개발, AI 보안 엔지니어, 정보보호관리, 금융 데이터 아키텍트 (DA), ","경력, 신입",수시채용,,,2026-09-10,https://jasoseol.com/recruit/105868,,2026-09-07 18:46:03
자소설닷컴,중앙대학교병원,(서울병원) 교육행정팀 행정(계약직) 모집 (2026.08-2),계약직(신규)-교육행정팀-행정,계약직,수시채용,,,2026-09-02,https://jasoseol.com/recruit/105872,,2026-09-07 18:46:03
자소설닷컴,우리은행,"2026년 우리은행 채용 (일반 / 전문(통역, 변호사, 회계사, 세무사))","기업금융, 개인금융, 우리 투게더, IT개발, 정보보호, 변호사, 회계사, 세무사, 통역 전문가, 글로벌, 보훈 (사무지원직군)",신입,수시채용,,,2026-09-08,https://jasoseol.com/recruit/105871,,2026-09-07 18:46:03
자소설닷컴,한국투자공사,2026년 신입직원 채용 (투자/리스크/경영/IT),"투자, 리스크, 경영, IT",신입,수시채용,,,2026-09-18,https://jasoseol.com/recruit/105874,,2026-09-07 18:46:03
자소설닷컴,NHN,보안 엔지니어,보안 엔지니어,경력,상시채용,,,2026-10-26,https://jasoseol.com/recruit/105875,,2026-09-07 18:46:04
자소설닷컴,포스코,26년 경력사원 채용 (포항 변호사),법무 (사내 변호사),경력,수시채용,,,2026-09-06,https://jasoseol.com/recruit/105876,,2026-09-07 18:46:04
자소설닷컴,LX인터내셔널,2026년 하반기 신입사원 채용 (채용연계형 인턴십),"자원사업 개발 및 운영, 자원사업 기술지원, 해외영업, 사업기획, 신사업개발, 재경, ESG, HR",신입,수시채용,,,2026-09-20,https://jasoseol.com/recruit/105877,,2026-09-07 18:46:04
자소설닷컴,LG에너지솔루션,2026년 하반기(9월) 신입사원 수시채용,"자동차전지사업부 Cell개발(각형전지), 자동차전지사업부 Cell개발(각형전지)_부품, 자동차전지사업부 Cell개발(각형전지)_시뮬레이션/모델링, 자동차전지사업부 Cell개발, 자동차전지사업부 Pack개발, 자동차전",신입,수시채용,,,2026-09-10,https://jasoseol.com/recruit/105878,,2026-09-07 18:46:05
자소설닷컴,LX세미콘,2026년 9월 신입/경력사원 채용 (대구/부산),"Interface_Analog Design_SerDes Architect(Phy), Interface_Digital Design_SerDes Architect(Link), MCU_Analog Design_Analog",코드5,수시채용,,,2026-09-14,https://jasoseol.com/recruit/105880,,2026-09-07 18:46:06
자소설닷컴,뤼튼테크놀로지스,Graphic Designer 인턴,Graphic Designer 인턴,인턴,상시채용,,,2026-09-15,https://jasoseol.com/recruit/105881,,2026-09-07 18:46:06
자소설닷컴,롯데백화점,신입사원 채용 [일반전형],영업점 통합직무,신입,수시채용,,,2026-09-10,https://jasoseol.com/recruit/105879,,2026-09-07 18:46:06
자소설닷컴,AXA손해보험,장기일반상품팀 상품 개발 및 위험률 관리 담당자 채용,상품 개발 및 위험률 관리,경력,수시채용,,,2026-09-13,https://jasoseol.com/recruit/105882,,2026-09-07 18:46:06
자소설닷컴,에이피알,[디자인] 메디큐브 웹디자인 계약직 사원 모집,[디자인] 메디큐브 웹디자인,계약직,상시채용,,,2026-10-26,https://jasoseol.com/recruit/105883,,2026-09-07 18:46:07
자소설닷컴,와디즈,펀딩 프로모션 마케팅 운영 담당자 (인턴),펀딩 프로모션 마케팅 운영 담당자 (인턴),인턴,수시채용,,,2026-09-19,https://jasoseol.com/recruit/105885,,2026-09-07 18:46:08
자소설닷컴,GS칼텍스,2026년 하반기 신입/경력사원 채용,"Supply & Trading, Retail/Commercial 영업, 소매 Hardware 혁신, Chemical/Lube 영업, Chemical/Lube 개발, 엔지니어(화공), 안전, 재무, 제품 수급 계획/최","경력, 신입",수시채용,,,2026-09-15,https://jasoseol.com/recruit/105886,,2026-09-07 18:46:08
자소설닷컴,KBS,2026년 신입 및 경력직원 2차 공개채용,"스포츠PD, 방송경영(노무사), 채널 브랜드 디자이너, 방송기술연구원","경력, 신입",수시채용,,,2026-09-14,https://jasoseol.com/recruit/105888,,2026-09-07 18:46:09
자소설닷컴,한국항공우주산업,2026 하반기 신입사원 채용,"SW, AI/AX 개발, 항공전자, 비행제어, 비행시험, 해석, 소재/공정, M&S, 우주 - 임무설계/광학 탑재체, 우주 - 통신기술/항법 탑재체, 우주 - 자세제어, IPS, 생산관리, 생산기술, 구매, 품질 -",신입,수시채용,,,2026-09-21,https://jasoseol.com/recruit/105887,,2026-09-07 18:46:09
자소설닷컴,SIMPAC그룹,신입/경력 공개 채용,"제어기술개발, 생산관리 , 해외 기술영업, 서비스관리, 영업, 생산 현장직, 자동화설계 , AI엔지니어, 비철금속 트레이더 ","경력, 신입, 코드5",수시채용,,,2026-09-13,https://jasoseol.com/recruit/105890,,2026-09-07 18:46:09
자소설닷컴,SK핀크스,하반기 신입·경력 채용,"기획, 식음 서비스","경력, 코드5",수시채용,,,2026-09-10,https://jasoseol.com/recruit/105891,,2026-09-07 18:46:10
자소설닷컴,뷰웍스,2027 대졸 신입 공개채용,"HW개발, FPGA 개발, FIRMWARE 개발, SW개발, 기술영업, 기술지원, 마케팅, 제조QA, RA, 공정기술, 생산기술(기구), 구매, 생산관리",신입,수시채용,,,2026-09-21,https://jasoseol.com/recruit/105892,,2026-09-07 18:46:10
자소설닷컴,한국방위산업진흥회,2026년 수시채용 [정책연구/방산원가/전시기획],"정책연구 팀장, 방산원가 담당, 전시기획 담당","경력, 코드5",수시채용,,,2026-09-13,https://jasoseol.com/recruit/105889,,2026-09-07 18:46:10
자소설닷컴,BGF리테일,2026년 하반기 신입사원 공개채용,영업관리(SC),신입,수시채용,,,2026-09-14,https://jasoseol.com/recruit/105893,,2026-09-07 18:46:10
자소설닷컴,서울교통공사(Seoul Metro),9호선운영부문 공개채용,고객안전,경력,수시채용,,,2026-09-07,https://jasoseol.com/recruit/105894,,2026-09-07 18:46:11
자소설닷컴,서울교통공사(Seoul Metro),9호선운영부문 공개채용,"고객안전, 고객안전(장애인전형), 운전, 전기, 궤도, 통신전자, 기계, 보건",신입,수시채용,,,2026-09-18,https://jasoseol.com/recruit/105895,,2026-09-07 18:46:11
자소설닷컴,KG ICT,KG 청년 이차전지 미래기술 아카데미 15기 모집,이차전지 미래기술 아카데미,교육,수시채용,,,2026-09-27,https://jasoseol.com/recruit/105896,,2026-09-07 18:46:12
자소설닷컴,대산문화재단,경영지원팀 계약직원 채용,경영지원팀 계약직원,계약직,수시채용,,,2026-09-23,https://jasoseol.com/recruit/105897,,2026-09-07 18:46:12
자소설닷컴,현대모비스,2026년 하반기 신입 채용,"전동화/모듈BU_HW_구동모터 설계, 전동화/모듈BU_HW_배터리 안전기술 개발, 전동화/모듈BU_HW_전력변환시스템 개발, 전동화/모듈BU_HW_샤시/PE모듈설계, 전동화/모듈BU_HW_칵핏모듈 설계, 전동화/모듈","계약직, 신입",수시채용,,,2026-09-10,https://jasoseol.com/recruit/105898,,2026-09-07 18:46:13
자소설닷컴,현대엔지니어링,2026년 신입사원 채용,"공사관리_건축, 공사관리_전기, 공사관리_설비(기계), 공사관리_토목, 공사관리_조경, 영업_플랜트영업, 영업_건축영업(해외), 설계_건축, 설계_에너지프로세스, 설계_원자력, 설계_전기, 자산관리_기술지원, 자산관",신입,수시채용,,,2026-09-09,https://jasoseol.com/recruit/105899,,2026-09-07 18:46:13
자소설닷컴,HL그룹,2026 HL그룹 신입사원 채용,"[HL홀딩스]해외영업, [HL홀딩스]물류, [HL디앤아이한라]건축, [HL디앤아이한라]전기, [HL디앤아이한라]설비, [HL디앤아이한라]토목, [HL디앤아이한라]안전, [HL디앤아이한라]개발(부동산), [HL디앤아이",신입,수시채용,,,2026-09-27,https://jasoseol.com/recruit/105900,,2026-09-07 18:46:13
자소설닷컴,현대엘리베이터,2026년 하반기 연구장학생 모집,"모터전자기개발, 안전부품개발, NVH시스템개발, 전력변환장치 및 전동기 개발, 제어시스템개발, 군관리시스템개발, 데이터/AI개발",신입,수시채용,,,2026-09-30,https://jasoseol.com/recruit/105902,,2026-09-07 18:46:14
자소설닷컴,IBK기업은행,2026년 하반기 신입행원 채용,"금융일반_일반, 금융일반_지역인재_영남권, 금융일반_지역인재_충청강원권, 금융일반_지역인재_호남제주권, 디지털, IT, 고졸인재_금융일반, 고졸인재_디지털IT",신입,수시채용,,,2026-09-14,https://jasoseol.com/recruit/105904,,2026-09-07 18:46:15
자소설닷컴,LS그룹,신입/경력 수시 채용,"[LS전선]R&D(전기/전자), [LS전선]R&D(기계), [LS전선]R&D(절연재료/신뢰성), [LS전선]R&D(금속/복합재료), [LS MnM]설비엔지니어(토건), [LS MnM]홍보/총무, [LS MnM]구매,","경력, 계약직, 신입, 인턴, 코드5",수시채용,,,2026-09-13,https://jasoseol.com/recruit/105903,,2026-09-07 18:46:16
자소설닷컴,중앙대학교병원,(서울병원) 시설팀(기관실) 기능사(계약직) 모집(2026.08-2),계약직(신규)-시설팀(기관실)-기능사,계약직,수시채용,,,2026-09-03,https://jasoseol.com/recruit/105905,,2026-09-07 18:46:16
자소설닷컴,중앙대학교병원,(광명병원) 간호본부 소화기내과 전담간호사 (휴직대체) 모집 (2026.08-1),계약직(휴직대체)-간호사-간호본부(진료지원간호팀)-소화기내과 전담간호사,계약직,수시채용,,,2026-09-03,https://jasoseol.com/recruit/105906,,2026-09-07 18:46:16
자소설닷컴,로지스올,경력사원 채용,"법률검토 및 자문(로지스올), 유통영업 (한국컨테이너풀), 시설안전관리 (로지스올엔지니어링), 프로젝트관리 PM (로지스올엔지니어링), 기술영업 (로지스올엔지니어링)",경력,수시채용,,,2026-09-11,https://jasoseol.com/recruit/105901,,2026-09-07 18:46:16
자소설닷컴,한국건설생활환경시험연구원,"2026-4회 채용공고 (신입직,경력직,신입직(마이스터고),전문지원직(경력))","환경규제·기술컨설팅 (A-01), 전동화차량 (A-02), 전기·안전 (A-03), 조명·안전 (A-04), 전기·해외인증 (A-05), AI·SW (B-01), LCA (B-02), 우주·항공 (B-03), 자동차","경력, 신입, 인턴",수시채용,,,2026-09-14,https://jasoseol.com/recruit/105908,,2026-09-07 18:46:17
자소설닷컴,한국후지필름,2026년 8월 VMD 경력사원 채용,VMD (Visual Merchandising Designer),계약직,수시채용,,,2026-09-07,https://jasoseol.com/recruit/105909,,2026-09-07 18:46:17
자소설닷컴,일동바이오사이언스,[일동제약그룹] 2026년 하반기 신입/경력 채용,구매전략,코드5,수시채용,,,2026-09-06,https://jasoseol.com/recruit/105907,,2026-09-07 18:46:17
자소설닷컴,엘티정밀,CAN솔루션사업부_46CAN 제조 신입 및 경력사원 모집,CAN솔루션사업부_46CAN 제조,코드5,수시채용,,,2026-09-06,https://jasoseol.com/recruit/105910,,2026-09-07 18:46:18
자소설닷컴,LG CNS,2026 하반기 신입사원 채용,"AI(AX), Robotics(RX), Consulting, DX Engineer, Cloud Application Modernization, Architect, ERP, Smart Factory, Convergen",신입,수시채용,,,2026-09-14,https://jasoseol.com/recruit/105911,,2026-09-07 18:46:18
자소설닷컴,LG디스플레이,2026 하반기 신입사원/LGenius Master 채용,"Panel 설계, 회로, 기구, 광학, B2B영업, 경영관리, HR, LGenius Master - Panel 설계, LGenius Master - 회로, LGenius Master - 기구, LGenius Mast",신입,수시채용,,,2026-09-16,https://jasoseol.com/recruit/105912,,2026-09-07 18:46:18
자소설닷컴,중앙대학교병원,(광명병원) 순환기내과(심장초음파실) 직원 (경력직) 모집 (2026.08),순환기내과(심장초음파실),경력,수시채용,,,2026-09-03,https://jasoseol.com/recruit/105913,,2026-09-07 18:46:19
자소설닷컴,중앙대학교병원,(광명병원) 간호본부 신경외과 전담간호사 (휴직대체) 모집 (2026.08),(휴직대체)-간호사-간호본부(진료지원간호팀)-신경외과 전담간호사,계약직,수시채용,,,2026-09-03,https://jasoseol.com/recruit/105914,,2026-09-07 18:46:19
자소설닷컴,세아특수강,2026 하반기 사무기술직 채용,포항 설비팀,코드5,수시채용,,,2026-09-07,https://jasoseol.com/recruit/105916,,2026-09-07 18:46:20
자소설닷컴,신원,수출부문 KNIT 해외영업(Elevated Brands) 경력 채용,해외영업,경력,수시채용,,,2026-09-21,https://jasoseol.com/recruit/105917,,2026-09-07 18:46:20
자소설닷컴,신원,수출부문 KNIT 해외영업 신입 채용,수출부문 KNIT 해외영업,신입,수시채용,,,2026-09-21,https://jasoseol.com/recruit/105918,,2026-09-07 18:46:21
자소설닷컴,서울외국환중개,2026년 신입사원 채용,영업직-자금중개업무,신입,수시채용,,,2026-09-14,https://jasoseol.com/recruit/105915,,2026-09-07 18:46:22
자소설닷컴,신원,수출부문 KNIT 해외영업(Walmart) 경력 채용,해외영업,경력,수시채용,,,2026-09-21,https://jasoseol.com/recruit/105919,,2026-09-07 18:46:22
자소설닷컴,한국석유공업,하반기 건자재팀 영업직 신입/경력 채용,건자재팀 영업직,코드5,수시채용,,,2026-09-10,https://jasoseol.com/recruit/105921,,2026-09-07 18:46:22
자소설닷컴,신원,수출부문 KNIT 해외영업 (Old Navy/Active) 경력 채용,해외영업,경력,수시채용,,,2026-09-21,https://jasoseol.com/recruit/105920,,2026-09-07 18:46:22
자소설닷컴,한화에어로스페이스,2026년 하반기 대규모 신입사원 채용,"R&D_기계/항공, R&D_전기/전자, R&D_SW/컴퓨터공학, R&D_재료/소재공학, R&D_공학계열, 제조/생산기술_기계/항공, 제조/생산기술_전기/전자, 제조/생산기술_화학공학/화학, 제조/생산기술_공학계열, ","신입, 인턴",수시채용,,,2026-09-20,https://jasoseol.com/recruit/105922,,2026-09-07 18:46:23
자소설닷컴,산일전기,2026년 정규직 전환형 인턴 신입·경력 채용,"경영지원_HR, 경영지원_GA·EHS, 기술연구소_변압기 해석 및 전력변환, DX_제조·설계 시스템 개발/운영, 개발_변압기 전기·구조 설계, 해외영업_해외영업(미주)",코드5,수시채용,,,2026-09-14,https://jasoseol.com/recruit/105924,,2026-09-07 18:46:23
자소설닷컴,현대그룹,2026 하반기 신입 매니저 채용,"[현대엘리베이터] 제어시스템개발, [현대엘리베이터] 전력변환장치개발, [현대엘리베이터] 스마트전장개발, [현대엘리베이터] IoT시스템개발, [현대엘리베이터] 기계개발, [현대엘리베이터] 모듈러시스템개발, [현대엘리베",신입,수시채용,,,2026-09-22,https://jasoseol.com/recruit/105923,,2026-09-07 18:46:24
자소설닷컴,SK핀크스,HR 경력 채용,HR,경력,수시채용,,,2026-09-07,https://jasoseol.com/recruit/105925,,2026-09-07 18:46:24
자소설닷컴,포스코그룹,2026년 하반기 신입사원/연구원 채용,"생산기술, 설비기술, 공정기술, AI - 사무DX, AI - 제조AI, 안전·보건·환경, 마케팅, 구매_원료, 구매_설비자재, 재무, HR, 차세대 철강 - 청록수소 개발, 차세대 철강 - 高합금강재 개발, 제선 -",신입,수시채용,,,2026-09-16,https://jasoseol.com/recruit/105926,,2026-09-07 18:46:24
자소설닷컴,포항산업과학연구원(RIST), 2026년 하반기 기술직/행정직 채용 ,"대기오염/환경분석, 산업가스 및 화학공정, 프리커서 및 화학소재 합성, 화학조성분석 (ICP-OES, BET, TG/DSC, PCT), 미세구조분석 (FIB / SEM), 화학조성분석 (Tof-SIMS), 연구관리 ",코드5,수시채용,,,2026-09-16,https://jasoseol.com/recruit/105927,,2026-09-07 18:46:25
자소설닷컴,포항산업과학연구원(RIST),2026년 하반기 연구직 채용,"AI 활용 유동해석/공정모사, 수질 부문, 유무기 소재 합성, 항공우주방산용 비철금속 소성변형해석, 신사업 공정 제조 혁신 및 스케일업 엔지니어링, 로봇·자동화, 지능 제조, AI, 열전달, 터보기계 등 열유체 공학",코드5,수시채용,,,2026-09-16,https://jasoseol.com/recruit/105928,,2026-09-07 18:46:25
자소설닷컴,동진쎄미켐,2026년 9월 신입/경력 정기채용,"연구개발_반도체용 CMP Slurry 개발, 연구개발_반도체용 Ceria Slurry & Additive 개발, 연구개발_반도체 공정용 소재 개발, 연구개발_반도체용 Photoresist 소재 합성, 연구개발_디스플","경력, 신입, 코드5",수시채용,,,2026-09-10,https://jasoseol.com/recruit/105930,,2026-09-07 18:46:26
자소설닷컴,한국가스공사(KOGAS),2026년 하반기 채용,"[일반직 6급] 경영일반_경영, [일반직 6급] 경영일반_경제, [일반직 6급] 경영일반_회계, [일반직 6급] 공급운영_기계, [일반직 6급] 공급운영_전기, [일반직 6급] 공급운영_화공, [일반직 6급] 공급운","경력, 신입",수시채용,,,2026-09-15,https://jasoseol.com/recruit/105932,,2026-09-07 18:46:27
자소설닷컴,한국산업은행,2027년 5급 신입행원(일반/변호사) 채용공고,"경영, 경제, IT, AI, 로봇·기계, 토목·건축, 바이오, 변호사",신입,수시채용,,,2026-09-14,https://jasoseol.com/recruit/105931,,2026-09-07 18:46:27
자소설닷컴,포스코인터내셔널,2026년 하반기 신입사원 채용,"경영기획, 경영지원, 영업(철강/모빌리티), 영업(소재/곡물), 기계 엔지니어, 계전 엔지니어, LNG사업, 생산평가",신입,수시채용,,,2026-09-16,https://jasoseol.com/recruit/105929,,2026-09-07 18:46:27
자소설닷컴,일성아이에스,2026 하반기 수시채용 품질관리팀,품질관리팀,계약직,수시채용,,,2026-09-10,https://jasoseol.com/recruit/105934,,2026-09-07 18:46:28
자소설닷컴,앱솔브랩,HR(채용) 경력 채용,HR(채용),경력,상시채용,,,2026-10-30,https://jasoseol.com/recruit/105933,,2026-09-07 18:46:29
자소설닷컴,인천국제공항공사,2026년 신입직원 채용,"일반직_사무(일반)_경영, 일반직_사무(일반)_경제, 일반직_사무(일반)_행정, 일반직_사무(일반)_법, 일반직_기술(건축), 일반직_기술(기계), 일반직_기술(전기), 일반직_기술(전산), 일반직_기술(통신), 일",신입,수시채용,,,2026-09-15,https://jasoseol.com/recruit/105936,,2026-09-07 18:46:29
자소설닷컴,인하대학교 미래인재개발원,AI기반 미래자동차 자율주행 소프트웨어 개발자 전액무료 교육 (2026 KDT 국비지원),AI기반 미래자동차 자율주행 소프트웨어 개발자 양성,교육,수시채용,,,2026-10-06,https://jasoseol.com/recruit/105935,,2026-09-07 18:46:29
자소설닷컴,LS증권,2026년 하반기 신입사원(채용전제형 인턴) 공개 채용(대졸),"리테일-온라인영업, 글로벌-국제영업, 본사지원-경영전략, 본사지원-리스크관리, 리서치-기업분석",인턴,수시채용,,,2026-09-13,https://jasoseol.com/recruit/105938,,2026-09-07 18:46:30
자소설닷컴,녹십자웰빙,자금 (신입/경력) 채용 공고,자금,코드5,수시채용,,,2026-09-09,https://jasoseol.com/recruit/105937,,2026-09-07 18:46:30
자소설닷컴,현대건설,2026년 하반기 신입사원 채용,"토목사업 - 설계, 토목사업 - 토목, 토목사업 - 전기, 건축주택사업 - 건축, 건축주택사업 - 설비, 건축주택사업 - 전기, 건축주택사업 - 토목, 플랜트사업 - 기계, 플랜트사업 - 화공, 플랜트사업 - 전기,",신입,수시채용,,,2026-09-29,https://jasoseol.com/recruit/105941,,2026-09-07 18:46:30
자소설닷컴,넥센타이어,2026년 하반기 일경험 인턴 채용,"법무, 미래전략, IR/PR, ESG, 연구기획, 채용, 해외인사, 조직문화/교육, 디자인, 디지털마케팅",인턴,수시채용,,,2026-09-08,https://jasoseol.com/recruit/105942,,2026-09-07 18:46:31
자소설닷컴,KB국민은행,2026년 하반기 신입행원 모집,"[UB부문] 기업고객금융·고객자산관리, [UB부문] 부산·울산·경남, [UB부문] 대구·경북, [UB부문] 대전·세종·충청, [UB부문] 광주·호남, [UB부문] 강원, [UB부문] 제주, [전역장교부문] 신입행원,",신입,수시채용,,,2026-09-09,https://jasoseol.com/recruit/105943,,2026-09-07 18:46:31
자소설닷컴,한국알콜그룹,2026년 9월 채용,"[ENF] 원료구매, [ENF] 연구보조 (고객TS), [ENF] 품질관리, [ENF] 생산운전, [ENF] 자재관리, [ENF] 환경안전, [ENF] 연구개발, [ENF] 연구개발 (팀장급), [ENF] 출하, [","경력, 계약직, 신입, 코드5",수시채용,,,2026-09-14,https://jasoseol.com/recruit/105944,,2026-09-07 18:46:32
자소설닷컴,한화솔루션,2026년 하반기 재무 신입사원 채용,재무,신입,수시채용,,,2026-09-27,https://jasoseol.com/recruit/105939,,2026-09-07 18:46:32
자소설닷컴,한국알콜그룹,2026년 9월 ENF Technology 박사 장학생 모집,ENF Technology,신입,수시채용,,,2026-09-14,https://jasoseol.com/recruit/105946,,2026-09-07 18:46:32
자소설닷컴,제일약품,부문별 인재 채용,"[제일약품] ETC 영업 MR, [제일약품] RA팀, [제일약품] IP팀, [제일약품] 글로벌 BD팀, [제일약품] 해외 RA팀, [제일약품] 학술팀, [제일약품] 임상팀 CPL, [제일약품] 임상팀 MSL, [제일","경력, 계약직, 코드5",수시채용,,,2026-09-13,https://jasoseol.com/recruit/105945,,2026-09-07 18:46:32
자소설닷컴,현대글로비스,2026년 하반기 신입사원 채용,"구매, 부동산 관리, 해상포워딩영업, TPL포워딩영업, 항공포워딩사업, 해상포워딩사업, 자동차SCM운영관리, 산업재물류, 자동차선 사업운영, 프로젝트화물 배선/운송관리, LNG선 사업/운항관리, KD사업관리, KD공",신입,수시채용,,,2026-09-13,https://jasoseol.com/recruit/105947,,2026-09-07 18:46:33
자소설닷컴,에이피알,2026 하반기 신입 대규모 채용,"국내 CX 운영/기획, 글로벌 CX 운영/기획, 대만 뷰티 콘텐츠 마케팅, 대만 인플루언서 마케팅(PR), 동남아 틱톡샵 어필리에이트 마케팅, 메디큐브 국내 온라인 마케팅, 메디큐브 미국 인플루언서 마케팅(PR), ",인턴,수시채용,,,2026-09-20,https://jasoseol.com/recruit/105948,,2026-09-07 18:46:33
자소설닷컴,연합인포맥스,영업 부문 신입사원 모집,영업 부문,신입,수시채용,,,2026-09-09,https://jasoseol.com/recruit/105949,,2026-09-07 18:46:34
자소설닷컴,에스엘푸드 피티이 엘티디,[싱가포르 본사 근무] 브랜드/콘텐츠 디자이너 채용(경력),브랜드/콘텐츠 디자이너,경력,수시채용,,,2026-09-18,https://jasoseol.com/recruit/105950,,2026-09-07 18:46:34
자소설닷컴,포스코홀딩스,2026년 하반기 연구원 채용,"로봇 인지/제어, 소듐 이온전지/LFP용 양극재, 염수리튬 공정, 공정개발, 습식정제, 자원 및 LiB소재 정제련",신입,수시채용,,,2026-09-16,https://jasoseol.com/recruit/105952,,2026-09-07 18:46:35
자소설닷컴,포스코DX,2026년 하반기 신입사원 채용,"전기설계, 통신설계, SW개발, AI Operator, 최적화, Vision AI, 자율주행, 전략기획",신입,수시채용,,,2026-09-16,https://jasoseol.com/recruit/105955,,2026-09-07 18:46:36
자소설닷컴,포스코이앤씨,2026년 하반기 대졸 신입사원 채용,"플랜트_기계, 플랜트_전기, 플랜트_건축, 건축_기계, 건축_전기, 건축_건축, 안전, 경영기획, 경영혁신_구매관리, 경영혁신_HR",신입,수시채용,,,2026-09-16,https://jasoseol.com/recruit/105951,,2026-09-07 18:46:37
자소설닷컴,올리브인터내셔널,북미/유럽 주요 직군 집중 채용,"[북미/유럽본부] 북미 아마존 콘텐츠 마케팅 인턴, [북미/유럽본부] 영국 틱톡샵(TikTok Shop) 어필리에이트 인턴, [북미/유럽본부] 북미 메타 퍼포먼스 마케팅 인턴, [북미/유럽본부] 북미 인플루언서 마케","경력, 인턴",수시채용,,,2026-09-13,https://jasoseol.com/recruit/105953,,2026-09-07 18:46:37
자소설닷컴,한국기계연구원,2026년도 제4회 육아휴직 대체인력 채용,자동차·엔진 성능시험 평가,계약직,수시채용,,,2026-09-15,https://jasoseol.com/recruit/105956,,2026-09-07 18:46:37
자소설닷컴,GS건설,2026년 하반기 신입사원 채용,"기계/배관 견적, 발전사업관리, 환경사업관리, 스케줄, 도시정비, 주택영업, 주택마케팅, 사업(Grid), 견적(Grid), 현장안전, 현장보건, 현장품질, 배관시공, 철골시공, 계장시공, 건축시공, 전기시공, 설비",신입,수시채용,,,2026-09-20,https://jasoseol.com/recruit/105957,,2026-09-07 18:46:37
자소설닷컴,한화엔진,2026 하반기 학/석사 신입사원 채용,"ESS, 설계, 생산기술, 품질, R&D",신입,수시채용,,,2026-09-21,https://jasoseol.com/recruit/105958,,2026-09-07 18:46:38
자소설닷컴,한국로봇산업진흥원,2026년 제2차 신규직원 채용공고,"사업관리 (유망기술 사업화 촉진), 국내·외 표준개발 및 인증 실무, 연구개발 (글로벌 혁신 특구), 건축전기 및 사업관리, 인증 및 기술지원 실무, 사업관리 (제조로봇 실증사업), 전산, R&D 사업 관리 지원, ","계약직, 신입, 인턴",수시채용,,,2026-09-15,https://jasoseol.com/recruit/105961,,2026-09-07 18:46:38
자소설닷컴,케이씨텍,[경력] 반도체 CLN 설비 공정 담당자 모집(안성),경력-반도체 장비-CLN공정-경기도 안성시(본사),경력,수시채용,,,2026-09-13,https://jasoseol.com/recruit/105962,,2026-09-07 18:46:39
자소설닷컴,케이씨텍,[신입] 반도체 장비부문 출고담당자 계약직 모집(안성),신입-구매전략팀-물류관리-경기도 안성시(본사),신입,수시채용,,,2026-09-08,https://jasoseol.com/recruit/105970,,2026-09-07 18:46:39
자소설닷컴,두산그룹,2026년 신입사원 채용,"두산 전자BG_생산/생산기술, 두산 전자BG_품질관리, 두산 전자BG_R&D(연구개발), 두산 전자BG_R&D(제품개발), 두산 전자BG_영업/마케팅, 두산 전자BG_구매, 디지털이노베이션BU_AI 솔루션 개발, 디",신입,수시채용,,,2026-09-21,https://jasoseol.com/recruit/105959,,2026-09-07 18:46:40
자소설닷컴,이화다이아몬드공업,2026년 신입 및 경력 수시 채용,"기술개발, 해외 기술 영업, 전산",코드5,수시채용,,,2026-09-10,https://jasoseol.com/recruit/105973,,2026-09-07 18:46:41
자소설닷컴,써지케어,각 부문별 신입·경력사원 채용,"영업팀, 제약사업팀","경력, 코드5",상시채용,,,2026-11-01,https://jasoseol.com/recruit/105974,,2026-09-07 18:46:41
자소설닷컴,현대종합금속,신입/경력 사원 모집,"[현대종합금속] 본사 총무팀, [현대종합금속] 기계사업본부 서비스부, [현대종합금속] 포항공장 설비관리팀, [현대종합금속] 성남 연구소 용접사, [현대종합금속] 본사 운전기사, [현대종합금속] 최고기술 경영실 A/S","경력, 계약직, 신입, 코드5",수시채용,,,2026-09-27,https://jasoseol.com/recruit/105971,,2026-09-07 18:46:41
자소설닷컴,서울창조경제혁신센터,2026년 제5차 직원 채용공고,일반계약직,계약직,수시채용,,,2026-09-09,https://jasoseol.com/recruit/105977,,2026-09-07 18:46:42
자소설닷컴,에코마케팅,퍼포먼스 마케터 인턴/신입 채용,"퍼포먼스 마케터 (인턴), 퍼포먼스 마케터 (신입)","신입, 인턴",수시채용,,,2026-09-06,https://jasoseol.com/recruit/105975,,2026-09-07 18:46:42
자소설닷컴,한국장학재단(KOSAF),2026년 하반기 종합직 채용 공고,"일반행정, IT 개발운영, 시설관리","경력, 코드5",수시채용,,,2026-09-15,https://jasoseol.com/recruit/105978,,2026-09-07 18:46:42
자소설닷컴,에코마케팅,재무팀 자금지원 계약직 채용,재무팀 계약직(풀타임),계약직,수시채용,,,2026-09-13,https://jasoseol.com/recruit/105976,,2026-09-07 18:46:42
자소설닷컴,셀트리온스킨큐어,2026년 하반기 전환형 인턴 수시 채용,"한스킨 온라인 MD, 퍼포먼스 마케터",인턴,수시채용,,,2026-09-13,https://jasoseol.com/recruit/105979,,2026-09-07 18:46:43
자소설닷컴,비전바이오켐,2026년 하반기 기술영업 신입사원 채용,"건강기능성식품 소재 기술영업(신입), 효소·양조원료 기술영업(신입), 식품소재 Application 개발","경력, 신입",수시채용,,,2026-09-08,https://jasoseol.com/recruit/105980,,2026-09-07 18:46:43
자소설닷컴,한국기계전기전자시험연구원(KTC),2026년 하반기 신입 및 경력직원 채용,"화학·환경 (A01) - 신입, 화학·환경 (A02) - 신입, 화학·환경 (B01) - 경력","경력, 신입",수시채용,,,2026-09-14,https://jasoseol.com/recruit/105981,,2026-09-07 18:46:43
자소설닷컴,한국지방재정공제회(LOFA),2026년도 직원 채용 공고,"일반행정, 광역센터 (시·도지부), 정보화, 타당성조사 및 연구",신입,수시채용,,,2026-09-16,https://jasoseol.com/recruit/105983,,2026-09-07 18:46:44
자소설닷컴,중앙대학교병원,(광명병원) 약제팀 야간당직약사 (계약직) 모집 (2026.09),계약직(신규)-야간당직약사-약제팀,계약직,수시채용,,,2026-09-07,https://jasoseol.com/recruit/105982,,2026-09-07 18:46:44
자소설닷컴,주식회사 스택,2026년 하반기 기술영업(신입/경력)직군 채용 공고,부품 기술 영업,코드5,수시채용,,,2026-09-17,https://jasoseol.com/recruit/105984,,2026-09-07 18:46:45
자소설닷컴,비씨월드제약,2026년 3차 정기 채용,"첨단 제품 연구팀, 임상 프로젝트 팀 (계약직), 사업개발팀 (비씨월드 헬스케어), 개발팀 (계약직), 전략기획팀, 마케팅팀 PM, 영업 MR, MSL, 기술지원팀, 생산관리팀, 포장혁신팀, 글로벌품질정책팀","경력, 계약직, 신입, 코드5",수시채용,,,2026-09-14,https://jasoseol.com/recruit/105985,,2026-09-07 18:46:45
자소설닷컴,HD현대,26년 하반기 신입사원 모집,"[HD한국조선해양] 시스템장비설계, [HD한국조선해양] 구매, [HD한국조선해양] AI/DX전략, [HD한국조선해양] 통합물류, [HD한국조선해양] 선박영업, [HD한국조선해양] 데이터 사이언티스트/데이터 엔지니어,",신입,수시채용,,,2026-09-27,https://jasoseol.com/recruit/105986,,2026-09-07 18:46:46
자소설닷컴,에이피알,[디자인] 제품 뷰티 패키지 디자인 보조 계약직 사원 모집,제품 뷰티 패키지 디자인 보조,계약직,상시채용,,,2026-10-31,https://jasoseol.com/recruit/105988,,2026-09-07 18:46:46
자소설닷컴,녹십자웰빙,"BD 사업개발(해외,국내) 경력 채용","BD 사업개발(해외,국내)",경력,수시채용,,,2026-09-13,https://jasoseol.com/recruit/105989,,2026-09-07 18:46:47
자소설닷컴,AXA손해보험,"부산자동차 TM부 Trainer 채용 (계약직, 신입/경력)",[부산자동차 TM부] Trainer,계약직,수시채용,,,2026-09-13,https://jasoseol.com/recruit/105990,,2026-09-07 18:46:47
자소설닷컴,동서대학교,AI·이차전지 교육 프로그램 (청년도약 인재양성 부트캠프),"이차전지의 이해 (초급), AI배터리 코어 (중급)",교육,수시채용,,,2026-09-14,https://jasoseol.com/recruit/105987,,2026-09-07 18:46:47
자소설닷컴,AXA손해보험,소비자보호팀 전담사원 채용,Complaints 전담직 (소비자보호팀),계약직,수시채용,,,2026-09-09,https://jasoseol.com/recruit/105991,,2026-09-07 18:46:47
자소설닷컴,김앤장 법률사무소,송무 스탭(신입) 채용,송무 스탭,신입,수시채용,,,2026-09-13,https://jasoseol.com/recruit/105992,,2026-09-07 18:46:48
자소설닷컴,이노션,CX 기획 업무 보조,CX 기획 업무 보조 (체험형 인턴),인턴,수시채용,,,2026-09-13,https://jasoseol.com/recruit/105993,,2026-09-07 18:46:48
자소설닷컴,카카오페이,2026년 크루 상시 채용,"데이터 엔지니어 - 데이터 플랫폼, 서버 개발자 - 데이터 플랫폼, 스탭 [계약직] 정보 협력 담당자 - 대외기관 정보 제공 지원, [어시스턴트] 개인(신용)정보 보호 업무 지원, [어시스턴트] 그로스 마케팅 업무 ","계약직, 신입, 인턴",수시채용,,,2026-09-20,https://jasoseol.com/recruit/105994,,2026-09-07 18:46:49
자소설닷컴,하나은행,2026년 하반기 신입행원 채용,"종합금융, 지역인재, 전역장교",신입,수시채용,,,2026-09-15,https://jasoseol.com/recruit/105995,,2026-09-07 18:46:50
자소설닷컴,NHN,네트워크 엔지니어링,네트워크 엔지니어링,경력,상시채용,,,2026-09-02,https://jasoseol.com/recruit/105997,,2026-09-07 18:46:50
자소설닷컴,에코마케팅,Forward Deployed Engineer(FDE) 신입사원 채용,Forward Deployed Engineer(FDE),신입,수시채용,,,2026-09-06,https://jasoseol.com/recruit/105996,,2026-09-07 18:46:50
자소설닷컴,NHN,데이터센터 구축 (기계/자동제어 설비),데이터센터 구축 (기계/자동제어 설비),경력,상시채용,,,2026-11-01,https://jasoseol.com/recruit/105998,,2026-09-07 18:46:50
자소설닷컴,채널코퍼레이션, Recruiting Coordinator,Recruiting Coordinator,인턴,상시채용,,,2026-11-01,https://jasoseol.com/recruit/105999,,2026-09-07 18:46:51
자소설닷컴,부산항만공사,정규직(신입) 채용 공고,"일반, 고졸, 취업지원, 토목, 건축",신입,수시채용,,,2026-09-17,https://jasoseol.com/recruit/106000,,2026-09-07 18:46:51
자소설닷컴,중앙대학교병원,(서울병원) 총무팀 운전기사(계약직) 모집(2026.09),계약직(신규)-총무팀(차량반)-운전기사,계약직,수시채용,,,2026-09-08,https://jasoseol.com/recruit/106001,,2026-09-07 18:46:51
자소설닷컴,드림라인,2026년 하반기 채용,"[드림마크원] IDC영업, [드림마크원] DC운영 (전기 분야), [드림마크원] DC운영 (기계 분야), [드림마크원] DC개발, [드림마크원] 정보보호, [드림라인] IP기술, [드림라인] 글로벌사업, [드림라인]","경력, 신입, 코드5",수시채용,,,2026-09-13,https://jasoseol.com/recruit/106002,,2026-09-07 18:46:52
자소설닷컴,하나증권,2026년 하반기 인턴십(채용연계형) 인재 모집,"IB, S&T",인턴,수시채용,,,2026-09-08,https://jasoseol.com/recruit/106005,,2026-09-07 18:46:53
자소설닷컴,한국해양진흥공사(KOBC),2026년 하반기 정규직(신입사원) 채용,"일반직(공통), 일반직(보훈), 정보기술(IT)",신입,수시채용,,,2026-09-15,https://jasoseol.com/recruit/106007,,2026-09-07 18:46:53
자소설닷컴,금호타이어,'26년 하반기 채용(신입/경력),"준법경영, 해외법무, 원재료 구매운영, 간접 구매 Off-take 구매, 국내 내수물류센터 관리, OFF-TAKE 제품에 대한 생산/출하 계획 수립, 광주공장 생산운영, 해상 운송 관리, ESG경영 기획/운영, 손익","경력, 신입, 코드5",수시채용,,,2026-09-10,https://jasoseol.com/recruit/106004,,2026-09-07 18:46:54
자소설닷컴,토스플레이스,Business Operations Assistant,Business Operations Assistant,계약직,상시채용,,,2026-11-01,https://jasoseol.com/recruit/106012,,2026-09-07 18:46:54
자소설닷컴,한국중부발전(KOMIPO),2026년도 3차 체험형 인턴 채용공고,"[본사] 사무직, [본사] 기술직, [보령발전본부] 사무직, [보령발전본부] 기술직, [인천발전본부] 사무직, [서울발전본부] 사무직, [서울발전본부] 기술직, [세종발전본부] 사무직, [세종발전본부] 기술직, [제",인턴,수시채용,,,2026-09-16,https://jasoseol.com/recruit/106013,,2026-09-07 18:46:55
자소설닷컴,엘티정밀,연구소 및 공장지원팀 경력사원 모집,"연구소, 공장지원팀","경력, 코드5",수시채용,,,2026-09-09,https://jasoseol.com/recruit/106014,,2026-09-07 18:46:55
자소설닷컴,한국무역정보통신,2026년 채용연계형 인턴 모집 (재무회계 및 세무),경영,인턴,수시채용,,,2026-09-15,https://jasoseol.com/recruit/106011,,2026-09-07 18:46:55
자소설닷컴,금호타이어,'26년 하반기 별정직 채용(신입/경력),"BM타이어 패턴 분석/사이드월 도면 제작업무 관리, 컴파운드 물성 분석, 정련공정 생산계획담당, 타이어 절개분석, 품질서비스팀 내수주재원","신입, 코드5",수시채용,,,2026-09-10,https://jasoseol.com/recruit/106009,,2026-09-07 18:46:55
자소설닷컴,서울대학교 산학협력단,빅데이터 AI 핀테크 고급 전문가 과정,빅데이터 AI 핀테크 고급 전문가 과정,교육,수시채용,,,2026-09-20,https://jasoseol.com/recruit/106015,,2026-09-07 18:46:55
자소설닷컴,예금보험공사(KDIC),2026년도 신입직원 채용,"금융일반(경영), 금융일반(경제), 금융일반(법), 디지털, 고졸(일반행정)",신입,수시채용,,,2026-09-11,https://jasoseol.com/recruit/106016,,2026-09-07 18:46:56
자소설닷컴,NHN,내부감사,내부감사,경력,상시채용,,,2026-11-01,https://jasoseol.com/recruit/106017,,2026-09-07 18:46:56
자소설닷컴,토스뱅크,User Interview Assistant,User Interview Assistant,계약직,상시채용,,,2026-11-01,https://jasoseol.com/recruit/106019,,2026-09-07 18:46:57
자소설닷컴,대중소기업농어업협력재단,직원(일반사무직·전문사무직) 채용공고,"상생협력(일반), 시스템·전산, 법률",계약직,수시채용,,,2026-09-18,https://jasoseol.com/recruit/106020,,2026-09-07 18:46:58
자소설닷컴,토스뱅크,Product Design Assistant,Product Design Assistant,계약직,상시채용,,,2026-11-01,https://jasoseol.com/recruit/106018,,2026-09-07 18:46:58
자소설닷컴,한국해양과학기술원 부설 선박해양플랜트연구소,AI완전자율운항선박 기술개발사업 통합사업단 채용공고,"연구(사업관리지원) - 국가R&D 사업·성과관리, 연구(사업관리지원) - 국가R&D 사업지원·홍보, 행정(행정관리지원) - 연구행정·사업비 관리, 행정(행정관리지원) - 대외협력·사업단 운영",계약직,수시채용,,,2026-09-18,https://jasoseol.com/recruit/106022,,2026-09-07 18:46:58
자소설닷컴,NHN,데이터센터 및 AI컴퓨팅 네트워크 구축,데이터센터 및 AI컴퓨팅 네트워크 구축,경력,상시채용,,,2026-11-02,https://jasoseol.com/recruit/106025,,2026-09-07 18:46:59
자소설닷컴,효성그룹,2026 하반기 신입·경력사원 채용,"[효성티앤씨] 기술지원, [효성티앤씨] 무역영업, [효성티앤씨] 제조혁신, [효성티앤씨] 섬유 소재 생산기술, [효성티앤씨] 환경안전, [효성티앤씨] 안전보건, [효성화학] 해외영업, [효성화학] 시장개발, [효성화","경력, 코드5",수시채용,,,2026-09-20,https://jasoseol.com/recruit/106021,,2026-09-07 18:46:59
자소설닷컴,NHN,클라우드 인프라 엔지니어(네트워크),클라우드 인프라 엔지니어(네트워크),경력,상시채용,,,2026-11-02,https://jasoseol.com/recruit/106024,,2026-09-07 18:46:59
자소설닷컴,김앤장 법률사무소,지식재산권 부문 채용,특허 및 상표 스탭,신입,수시채용,,,2026-09-20,https://jasoseol.com/recruit/106026,,2026-09-07 18:46:59
자소설닷컴,한화손보,2026 하반기 신입사원 모집,"영업관리, 상품개발, 경영지원",신입,수시채용,,,2026-09-28,https://jasoseol.com/recruit/106028,,2026-09-07 18:47:00
자소설닷컴,안랩,2026년 9월 신입 채용,"영업 - 글로벌 Pre-sales, IT 운영 - IT 인프라 운영(클라우드), 매니지먼트 - HW 품질관리, 서비스/기술엔지니어 - 네트워크 보안 엔지니어, 서비스/기술엔지니어 - 솔루션 아키텍트, 서비스/기술엔지",신입,수시채용,,,2026-09-13,https://jasoseol.com/recruit/106029,,2026-09-07 18:47:01
자소설닷컴,NH농협은행,"2026년 신규직원 5급(금융, 전문) 채용","금융 일반, 회계, 보안, AI·디지털",신입,수시채용,,,2026-09-17,https://jasoseol.com/recruit/106027,,2026-09-07 18:47:01
자소설닷컴,녹십자웰빙,안전관리 경력 채용,안전관리,경력,수시채용,,,2026-09-13,https://jasoseol.com/recruit/106030,,2026-09-07 18:47:01
자소설닷컴,시스멕스코리아,2026년 신입사원 채용 (Field Service Engineer),"Field Service Engineer (서울), Field Service Engineer (광주)",신입,수시채용,,,2026-09-17,https://jasoseol.com/recruit/106032,,2026-09-07 18:47:01
자소설닷컴,현대해상화재보험,2026 대졸 신입사원 채용,"디지털/데이터분석, IT/정보보호, 보험계리/수리, 자산운용, 기업보험, 점포영업관리, 손해사정",신입,수시채용,,,2026-09-21,https://jasoseol.com/recruit/106033,,2026-09-07 18:47:02
자소설닷컴,한국삼공,하반기 영업(순천)/CRM(제주) 채용,"영업직, CRM팀",코드5,수시채용,,,2026-09-18,https://jasoseol.com/recruit/106034,,2026-09-07 18:47:02
자소설닷컴,녹십자웰빙,세미(종병)병원 영업 신입/경력 채용,세미(종병)병원 영업,코드5,수시채용,,,2026-09-13,https://jasoseol.com/recruit/106035,,2026-09-07 18:47:03
자소설닷컴,NHN,클라우드 인프라 엔지니어(컴퓨팅),클라우드 인프라 엔지니어(컴퓨팅),경력,상시채용,,,2026-11-02,https://jasoseol.com/recruit/106036,,2026-09-07 18:47:03
자소설닷컴,대원제약,2026 DNA 채용 (신입/경력 수시 채용),"[ETC마케팅본부] 마케팅기획(신입), [ETC마케팅본부] 마케팅기획(경력), [ETC마케팅본부] ETC PM, [의약기획팀] 영업기획, [ICT지원부] 네트워크관리, [ICT지원부] 서버/인프라관리, [해외사업부]","경력, 계약직, 신입, 코드5",수시채용,,,2026-09-16,https://jasoseol.com/recruit/106037,,2026-09-07 18:47:04
자소설닷컴,엑시나,2026 인재 신입 학사 및 석박사 채용,"SoC Design Engineer, SoC Design Verification Engineer, Silicon Validation Engineer, High Speed IO Interface Digital Desi",신입,상시채용,,,2026-11-02,https://jasoseol.com/recruit/106038,,2026-09-07 18:47:04
자소설닷컴,린데코리아,제조운영부문 Project Engineering Team Instrument Engineer 정규직 채용,Instrument Engineer,경력,수시채용,,,2026-09-16,https://jasoseol.com/recruit/106039,,2026-09-07 18:47:04
자소설닷컴,NHN,인프라 데브옵스 엔지니어,인프라 데브옵스 엔지니어,경력,상시채용,,,2026-11-02,https://jasoseol.com/recruit/106040,,2026-09-07 18:47:05
자소설닷컴,경신,2026년 부품금형개발팀 계약직 채용,전자/부품사업-부품금형개발-송도2공장,계약직,수시채용,,,2026-09-13,https://jasoseol.com/recruit/106041,,2026-09-07 18:47:05
자소설닷컴,하나카드,2026년 신입직원 채용,카드업 일반,신입,수시채용,,,2026-09-18,https://jasoseol.com/recruit/106042,,2026-09-07 18:47:05
자소설닷컴,경신전선,2026년 하반기 부문별 신입/경력사원 채용,"재경, 인사, [전장사업] 전장부품 설계, [전장사업] 평가분석","경력, 신입",수시채용,,,2026-09-13,https://jasoseol.com/recruit/106043,,2026-09-07 18:47:06
자소설닷컴,램리서치코리아,전문학사 신입 Field Service Technician 모집,Field Service Technician,신입,수시채용,,,2026-09-16,https://jasoseol.com/recruit/106044,,2026-09-07 18:47:06
자소설닷컴,마이다스아이티,일본법인 구조해석 담당자 채용,신입/경력-해외분야 (일본 법인)-구조 컨설팅-일본법인,신입,수시채용,,,2026-09-13,https://jasoseol.com/recruit/106045,,2026-09-07 18:47:07
자소설닷컴,마이다스아이티,일본법인 건축기술분야 담당자 채용,신입/경력-해외분야 (일본 법인)-건축기술-일본법인,신입,수시채용,,,2026-09-13,https://jasoseol.com/recruit/106046,,2026-09-07 18:47:07
자소설닷컴,NHN,게임 서비스 마케터(Senior),게임 서비스 마케터(Senior),경력,상시채용,,,2026-11-03,https://jasoseol.com/recruit/106048,,2026-09-07 18:47:07
자소설닷컴,HSAD,2026년 하반기 신입사원 채용,"ATL 캠페인 기획, 광고제작(AD), 미디어, 디지털 기획",신입,수시채용,,,2026-09-21,https://jasoseol.com/recruit/106049,,2026-09-07 18:47:08
자소설닷컴,큐알티,"26년 3분기 기술연구소, 반도체 신뢰성 엔지니어 신입 채용","반도체 평가 및 연구기획 (광교), 장비 제어 S/W 개발 (광교), 반도체 신뢰성 기술 엔지니어 (이천)",신입,수시채용,,,2026-09-27,https://jasoseol.com/recruit/106050,,2026-09-07 18:47:08
자소설닷컴,한국전력공사(KEPCO),2026년도 연구직 채용공고,"전력소비패턴 분석 (선임/박사수준), 산업안전 (선임/박사수준), 전력경제 (에너지정책) (선임/박사수준), AI/AX전략수립 (선임/박사수준), 데이터 아키텍처 고도화 (선임/박사수준), 기술사업화 (선임/박사수준",경력,수시채용,,,2026-09-14,https://jasoseol.com/recruit/106051,,2026-09-07 18:47:09
자소설닷컴,한국전력공사(KEPCO),2026년도 하반기 4직급 대졸수준 신입사원 채용,"[전국권]일반_사무, [전국권]일반_배전, [전국권]일반_송변전, [전국권]일반_ICT, [전국권]일반_토목, [전국권]이전지역인재_사무, [전국권]이전지역인재_배전, [전국권]이전지역인재_송변전, [전국권]이전지역",신입,수시채용,,,2026-09-16,https://jasoseol.com/recruit/106052,,2026-09-07 18:47:09
자소설닷컴,케이씨텍,[경력] 반도체 CMP 장비 정밀설계 담당자 모집(동탄),설계-정밀설계-경기도 화성시(R&D센터),경력,수시채용,,,2026-09-13,https://jasoseol.com/recruit/106053,,2026-09-07 18:47:10
자소설닷컴,코스콤,2026년 하반기 신입/경력/기술직 직원 채용,"IT, 경영, 자산·시설관리, SOR-API 개발, 솔루션 영업 및 대외 인프라 사업 기획, IT인프라 영업, 데이터센터 설계·구축·운영, 정보매체 상품 콘텐츠 기획·운영, 정보보호, 전산실 시스템 운영 및 관리, ","경력, 신입",수시채용,,,2026-09-21,https://jasoseol.com/recruit/106059,,2026-09-07 18:47:11
자소설닷컴,현대종합금속,신입 사원 모집 (영업직),본사 내수영업 플랜트 영업부,신입,수시채용,,,2026-09-20,https://jasoseol.com/recruit/106055,,2026-09-07 18:47:11
자소설닷컴,에코마케팅,2026 하반기 집중채용,"퍼포먼스 마케터, 커머스 마케터, 글로벌 마케터, 데이터분석가, 데이터엔지니어, FDE, 클라우드보안, 웹퍼블리셔, 영상크리에이터(VC)",코드5,수시채용,,,2026-10-19,https://jasoseol.com/recruit/106060,,2026-09-07 18:47:11
자소설닷컴,한독,전문의약품 영업/마케팅 공채 및 직무별 수시채용,"전문의약품 영업/마케팅 공채, 진단기기사업실(IVD) 영업 (수도권/호남권), 제품개발연구실 제제연구원 (경구제 / 플라스타제), [계약직] 제품정보팀 상담 업무","경력, 계약직, 신입, 코드5",수시채용,,,2026-09-27,https://jasoseol.com/recruit/106061,,2026-09-07 18:47:12
자소설닷컴,GS리테일,2026년 신입사원·채용형 인턴 채용,"편의점 영업관리(OFC), 수퍼 점포영업, 홈쇼핑 MD, 홈쇼핑 PD, 홈쇼핑 마케팅","신입, 인턴",수시채용,,,2026-09-21,https://jasoseol.com/recruit/106062,,2026-09-07 18:47:12
자소설닷컴,TKG태광,2026년 3분기 수시채용,"PM, Costing, 금형개발, 치공구개발, 화공기술, 패턴설계, 품질 (QA), 생산혁신 (물류), TKG디벨롭먼트-산업단지 운영관리 (주재원)","경력, 신입",수시채용,,,2026-09-20,https://jasoseol.com/recruit/106063,,2026-09-07 18:47:13
자소설닷컴,모락스,2026년 하반기 신입/경력 채용 (업무부),수출 수입 업무부 ,"경력, 신입",수시채용,,,2026-09-23,https://jasoseol.com/recruit/106058,,2026-09-07 18:47:13
자소설닷컴,세아제강,2026년 본사 사무행정직(계약) 채용,세아제강-계약직-서울-사무행정,계약직,수시채용,,,2026-09-09,https://jasoseol.com/recruit/106065,,2026-09-07 18:47:13
자소설닷컴,한화시스템,2026 하반기 방산부문 대규모 신입사원 채용,"(통신) SE, (통신) HW, (통신) 임베디드 SW, (통신) 응용 SW, (지상) SE, (지상) SW, (전자광학) HW, (전자광학) 광학, (레이저) 광섬유 레이저 모듈 개발, (레이저) HW, (레이저)",신입,수시채용,,,2026-09-21,https://jasoseol.com/recruit/106064,,2026-09-07 18:47:13
자소설닷컴,한국석유공업,[KP그룹]KP한석유화 화성공장 생산팀 수시채용(신입 및 경력),"생산기술, BLOW 생산",코드5,수시채용,,,2026-09-30,https://jasoseol.com/recruit/106066,,2026-09-07 18:47:14
자소설닷컴,마이다스그룹,임원 주니어 비서 채용,경영지원-비서-판교본사,코드5,수시채용,,,2026-09-13,https://jasoseol.com/recruit/106067,,2026-09-07 18:47:14
자소설닷컴,딜리셔스,[미래내일 일경험] 글로벌 B2B 세일즈 인턴,글로벌 B2B 세일즈 인턴,인턴,수시채용,,,2026-09-13,https://jasoseol.com/recruit/106068,,2026-09-07 18:47:15
자소설닷컴,한국고용정보원(KEIS),2026년도 2차 직원 채용 공고,"일반직5급(대리)_정보화(일반), 일반직5급(대리)_정보화(지역인재), 일반직5급(대리)_경영사무(일반), 5급연구원(연구원)_고용·노동정책, 3급연구위원(부연구위원)_고용·노동정책, 무기계약직(전문원)_정보화","계약직, 코드5",수시채용,,,2026-09-22,https://jasoseol.com/recruit/106069,,2026-09-07 18:47:15
자소설닷컴,태양연마,2026년 하반기 신입/경력사원 수시채용,"재경, 해외영업, 국내영업, 기술연구소, 엔지니어링, 안전관리, 전산관리","신입, 코드5",수시채용,,,2026-09-20,https://jasoseol.com/recruit/106070,,2026-09-07 18:47:15
자소설닷컴,한국계량측정협회,사무직 계약직원 채용,사무업무 지원,계약직,수시채용,,,2026-09-13,https://jasoseol.com/recruit/106071,,2026-09-07 18:47:16
자소설닷컴,LIG D&A,2026 인재영입(경력),"SW(경력), HW(경력), IPS(경력), 체계(경력), 국내/해외사업(경력), 재무(경력), 신사업개발구매(경력), 시설운영(경력), DX(경력), ESG(경력), HR(경력), 안전/환경/보건(경력)",경력,수시채용,,,2026-09-27,https://jasoseol.com/recruit/106072,,2026-09-07 18:47:16
자소설닷컴,수협,26년도 하반기 전국 일괄공개채용 공고,"[냉동냉장수협] 일반관리계, [냉동냉장수협] 일반관리계 (보훈), [경기수협] 일반관리계, [경인서부수협] 일반관리계, [동해시수협] 일반관리계, [삼척수협] 일반관리계, [속초시수협] 일반관리계, [양양군수협] 일",신입,수시채용,,,2026-09-21,https://jasoseol.com/recruit/106073,,2026-09-07 18:47:17
자소설닷컴,앳홈,[국내/뷰티/스킨케어] 인플루언서 마케팅 체험형 인턴,인플루언서 마케팅 체험형 인턴,인턴,상시채용,,,2026-09-26,https://jasoseol.com/recruit/106074,,2026-09-07 18:47:17
자소설닷컴,코스테크,2026년 하반기 신입/경력 공개채용,"영업 컨설턴트 (에스지 프린터&커팅기 사업), 기술 엔지니어 (에스지 프린터&커팅기 사업), 연구원 (코스테크잉크)",코드5,수시채용,,,2026-09-13,https://jasoseol.com/recruit/106075,,2026-09-07 18:47:17
자소설닷컴,LG전자,2026 K-뉴딜 아카데미,"디지털마케팅, 스마트팩토리, AX 워크플로우 (AI로 일하는 방식)",교육,수시채용,,,2026-09-30,https://jasoseol.com/recruit/106077,,2026-09-07 18:47:18
