사이트,회사명,공고제목,직무,경력,고용형태,지역,기술스택,마감일,공고URL,외부원본ID,수집시각
점핏,링네트,Cisco 네트워크 필드 엔지니어(경력3~5),"기술지원,devops/시스템 엔지니어",3~5년,정규직,서울 구로구,"Router, Switch, Cisco, L2, L3, L4, L7, Network",2026-10-06,https://jumpit.saramin.co.kr/position/54966026,,2026-09-07 23:30:36
점핏,엘씨텍,H/W 경력사원 (경력5년↑),HW/임베디드,5~10년,정규직,경북 구미시,"Orcad, RF, PCB",2026-10-06,https://jumpit.saramin.co.kr/position/54966128,,2026-09-07 23:30:36
점핏,엘씨텍,H/W 경력사원 (경력10년↑),HW/임베디드,10~15년,정규직,경북 구미시,"Orcad, RF, PCB",2026-10-06,https://jumpit.saramin.co.kr/position/54966135,,2026-09-07 23:30:36
점핏,엘씨텍,S/W 경력사원 (경력5년↑),SW/솔루션,5~10년,정규직,경북 구미시,"C#, C++, SW",2026-10-06,https://jumpit.saramin.co.kr/position/54966137,,2026-09-07 23:30:36
점핏,엘씨텍,H/W 경력사원 (경력10년↑),HW/임베디드,10~15년,정규직,경북 구미시,"Orcad, RF, PCB",2026-10-06,https://jumpit.saramin.co.kr/position/54966142,,2026-09-07 23:30:36
점핏,링네트,Cisco 네트워크 필드 엔지니어(경력6~8),"기술지원,devops/시스템 엔지니어",6~8년,정규직,서울 구로구,"Router, Switch, Cisco, L2, L3, L4, L7, Network",2026-10-06,https://jumpit.saramin.co.kr/position/54966008,,2026-09-07 23:30:36
점핏,링네트,Cisco 네트워크 필드 엔지니어(경력12~15),"기술지원,devops/시스템 엔지니어",12~15년,정규직,서울 구로구,"Router, Switch, Cisco, L2, L3, L4, L7, Network",2026-10-06,https://jumpit.saramin.co.kr/position/54966035,,2026-09-07 23:30:36
점핏,링네트,Cisco 네트워크 필드 엔지니어(경력9~11),"기술지원,devops/시스템 엔지니어",9~11년,정규직,서울 구로구,"Router, Switch, Cisco, L2, L3, L4, L7, Network",2026-10-06,https://jumpit.saramin.co.kr/position/54966059,,2026-09-07 23:30:36
점핏,아이제라,AI 서비스 PM (가산),"개발 PM,인공지능/머신러닝",3~10년,정규직,서울 금천구,"Python, AI/인공지능, SW",2026-10-06,https://jumpit.saramin.co.kr/position/54963428,,2026-09-07 23:30:36
점핏,아이제라,AI 서비스 PM (오산),"개발 PM,인공지능/머신러닝",3~10년,정규직,경기 오산시,"Python, AI/인공지능, SW",2026-10-06,https://jumpit.saramin.co.kr/position/54963389,,2026-09-07 23:30:36
점핏,이랜텍,본사(동탄) 배터리팩 S/W개발자 경력,"SW/솔루션,HW/임베디드",1~5년,정규직,경기 화성시,".NET, C, C#, C++, HW, SW",2026-10-06,https://jumpit.saramin.co.kr/position/54965560,,2026-09-07 23:30:36
점핏,이랜텍,본사(동탄) 배터리팩 S/W개발자 신입,"SW/솔루션,HW/임베디드",경력무관,정규직,경기 화성시,".NET, C, C#, C++, HW, SW",2026-10-06,https://jumpit.saramin.co.kr/position/54965457,,2026-09-07 23:30:36
점핏,플라잎,Robot System Engineer,SW/솔루션,3~10년,정규직,경기 성남시 분당구,"C++, Linux, Python, ROS",2026-10-06,https://jumpit.saramin.co.kr/position/54964726,,2026-09-07 23:30:36
점핏,(주)애니캐스팅소프트웨어,주조해석 SW 솔버 개발자 신입 채용,"기술지원,인공지능/머신러닝,SW/솔루션",경력무관,정규직,서울 강서구,"C, C++, AI/인공지능",2026-10-06,https://jumpit.saramin.co.kr/position/54964063,,2026-09-07 23:30:36
점핏,(주)애니캐스팅소프트웨어,주조해석 SW 솔버 개발자 경력 채용,"기술지원,인공지능/머신러닝,SW/솔루션",1~5년,정규직,서울 강서구,"C, C++, AI/인공지능",2026-10-06,https://jumpit.saramin.co.kr/position/54962709,,2026-09-07 23:30:36
점핏,브레인즈컴퍼니,통합로그관리 SW 기술지원 엔지니어,기술지원,5~10년,정규직,서울 성동구,"Docker, Elasticsearch, ExpressJS, JavaScript, Kafka, Kubernetes, Linux, Node.js, Python, Redis",2026-09-10,https://jumpit.saramin.co.kr/position/54658443,,2026-09-07 23:30:36
점핏,드림디엔엠,인천 IDC운영 신입 채용,"정보보안 담당자,devops/시스템 엔지니어",경력무관,정규직,인천 서해구,Network,2026-09-25,https://jumpit.saramin.co.kr/position/54870719,,2026-09-07 23:30:37
점핏,드림디엔엠,인천 IDC운영 초급 채용,"정보보안 담당자,devops/시스템 엔지니어",1~2년,정규직,인천 서해구,Network,2026-10-02,https://jumpit.saramin.co.kr/position/54932300,,2026-09-07 23:30:37
점핏,블루텍,S/W 개발 경력 채용,"SW/솔루션,HW/임베디드",1~10년,정규직,대전 유성구,"C, C#, C++, Linux, FW, SW, Embedded Linux",2026-10-06,https://jumpit.saramin.co.kr/position/54962017,,2026-09-07 23:30:37
점핏,블루텍,S/W 개발 신입 채용,"SW/솔루션,HW/임베디드",경력무관,정규직,대전 유성구,"C, C#, C++, Linux, FW, SW, Embedded Linux",2026-10-06,https://jumpit.saramin.co.kr/position/54962056,,2026-09-07 23:30:37
점핏,블루텍,H/W 개발 신입 채용,HW/임베디드,경력무관,정규직,대전 유성구,"C, C++, Python, Embedded, Verilog, VHDL, MCU, Embedded Linux",2026-10-06,https://jumpit.saramin.co.kr/position/54962125,,2026-09-07 23:30:37
점핏,블루텍,H/W 개발 경력 채용,HW/임베디드,3~18년,정규직,대전 유성구,"C, C++, Python, Embedded, Verilog, VHDL, MCU, Embedded Linux",2026-10-06,https://jumpit.saramin.co.kr/position/54962352,,2026-09-07 23:30:37
점핏,더스윙,백엔드 개발자 (5-10년),서버/백엔드 개발자,5~10년,정규직,서울 종로구,"Kafka, Kotlin, Redis, Spring Framework, NoSql",2026-10-06,https://jumpit.saramin.co.kr/position/54961864,,2026-09-07 23:30:37
점핏,비스텔리젼스,Forward Deployed Engineer (FDE),"인공지능/머신러닝,빅데이터 엔지니어",3~15년,정규직,서울 서초구,"JavaScript, Python, TypeScript, SQL",2026-10-06,https://jumpit.saramin.co.kr/position/54962054,,2026-09-07 23:30:37
점핏,비스텔리젼스,Full Stack Engineer (FSE),"웹 풀스택 개발자,인공지능/머신러닝",3~15년,정규직,서울 서초구,"Django, Docker, Next.js, Python, React, REST API, NoSql, AI/인공지능, Etl, MES",2026-10-06,https://jumpit.saramin.co.kr/position/54962097,,2026-09-07 23:30:37
점핏,패스트레인,"정보보안 담당자(팀장, 팀원)",정보보안 담당자,5~15년,정규직,서울 강남구,"AWS CloudTrail, Confluence, ELK, Jira, Splunk, ISMS, AWS Config",2026-10-06,https://jumpit.saramin.co.kr/position/54962028,,2026-09-07 23:30:37
점핏,패스트레인,백엔드 개발자,서버/백엔드 개발자,7~13년,정규직,서울 강남구,"Docker, Java, Kafka, Kubernetes, MySQL, Spring, Hibernate, REST API",2026-10-06,https://jumpit.saramin.co.kr/position/54962013,,2026-09-07 23:30:37
점핏,원익로보틱스,로봇핸드 펌웨어 엔지니어,HW/임베디드,5~20년,정규직,경기 성남시 분당구,"C, C++, RTOS, MCU, ethernet",2026-10-06,https://jumpit.saramin.co.kr/position/54961794,,2026-09-07 23:30:37
점핏,원익로보틱스,로봇핸드 제어 엔지니어,devops/시스템 엔지니어,5~20년,정규직,경기 성남시 분당구,"C, C++, Python, ethernet",2026-10-06,https://jumpit.saramin.co.kr/position/54961789,,2026-09-07 23:30:37
점핏,원익로보틱스,ROS 기반 주행 SW 개발,SW/솔루션,8~20년,정규직,경기 안양시,"C, C++, Python, SW, ROS",2026-10-06,https://jumpit.saramin.co.kr/position/54961773,,2026-09-07 23:30:37
점핏,원익로보틱스,Application SW 개발,SW/솔루션,6~20년,정규직,경기 성남시 분당구,"C++, Java, JavaScript, SW, RTOS",2026-10-06,https://jumpit.saramin.co.kr/position/54961758,,2026-09-07 23:30:37
점핏,원익로보틱스,로봇핸드 AI 기술개발,인공지능/머신러닝,6~20년,정규직,경기 성남시 분당구,"C++, Linux, Python, PyTorch, TensorFlow, AI/인공지능, Robot Framework",2026-10-06,https://jumpit.saramin.co.kr/position/54961744,,2026-09-07 23:30:37
점핏,플래티어,[AI CX사업부문] 데이터 엔지니어,빅데이터 엔지니어,1~3년,정규직,서울 송파구,"Google BigQuery, MySQL, NumPy, Pandas, Python, SQL, Tableau, Matplotlib, Plotly.js, Amazon Quicksight",2026-10-06,https://jumpit.saramin.co.kr/position/54961317,,2026-09-07 23:30:38
점핏,칩스앤미디어,[대구] RTL 설계 엔지니어 (팀장급),HW/임베디드,13~20년,정규직,대구 동구,"HW, FW, SW, Verilog, Processing",2026-10-02,https://jumpit.saramin.co.kr/position/54930840,,2026-09-07 23:30:38
점핏,센트비,Backend Team Lead (Go/Java),"웹 풀스택 개발자,서버/백엔드 개발자",6~20년,정규직,서울 영등포구,"Confluence, Docker, Git, gRPC, Java, Jira, PostgreSQL, Redis, Spring Boot, Golang",2026-10-06,https://jumpit.saramin.co.kr/position/54957918,,2026-09-07 23:30:38
점핏,엔클로니,HW 개발자 채용 (경력 5년~15년),"devops/시스템 엔지니어,프론트엔드 개발자,HW/임베디드",5~15년,정규직,서울 구로구,"Confluence, Git, Jira, Orcad, FW, FPGA, Pads, VHDL, MCU, ethernet",2026-10-06,https://jumpit.saramin.co.kr/position/54959596,,2026-09-07 23:30:38
점핏,클로봇,SLAM(Mapping & Localization) 개발자,인공지능/머신러닝,2~8년,정규직,경기 성남시,"C++, Linux, Python, OpenCV, SW, ROS",2026-10-06,https://jumpit.saramin.co.kr/position/54958839,,2026-09-07 23:30:38
점핏,시선에이아이,얼굴인식 AI 연구원 (전문연구요원),,1~20년,정규직,서울 강남구,"Git, Python, PyTorch, Spring Framework, DeepLearning, AI/인공지능, Django REST framework, Robot Framework, Django REST framework JWT, Vision Helpdesk",2026-10-06,https://jumpit.saramin.co.kr/position/54958214,,2026-09-07 23:30:38
점핏,나무기술,클라우드/가상화 관리 시스템 백엔드 개발자,서버/백엔드 개발자,6~20년,정규직,서울 강서구,"Java, Python, AWS, NoSql, AZURE, vmware, K8S, OpenStack, FastAPI",2026-10-07,https://jumpit.saramin.co.kr/position/54956307,,2026-09-07 23:30:38
점핏,클라우드앤,소프트웨어 PM,SW/솔루션,8~10년,정규직,서울 금천구,"C#, Docker, Java, Jira, Spring, AWS, SQL, SW, DB",2026-10-06,https://jumpit.saramin.co.kr/position/54957105,,2026-09-07 23:30:38
점핏,미래컴퍼니,AP엔지니어 경력 채용,SW/솔루션,4~11년,정규직,경기 용인시 기흥구,"C, C++, Git, Linux, Python, Qt, Windows, Mfc, Embedded Linux",2026-10-06,https://jumpit.saramin.co.kr/position/54945856,,2026-09-07 23:30:38
점핏,디어유,SRE 포지션 (경력 3~10년),devops/시스템 엔지니어,3~10년,정규직,서울 강남구,"Docker, Kafka, Kubernetes, Linux, Redis, Windows, AWS",2026-10-06,https://jumpit.saramin.co.kr/position/54945468,,2026-09-07 23:30:38
점핏,리베코이앤씨,연구소 시험장비 제어ㆍ계측 엔지니어 모집 (LABVIEW),서버/백엔드 개발자,2~3년,정규직,경기 과천시,labview,2026-10-05,https://jumpit.saramin.co.kr/position/54940975,,2026-09-07 23:30:38
점핏,리베코이앤씨,연구소 구조해석 엔지니어 모집 (ABAQUS),서버/백엔드 개발자,1~20년,정규직,경기 과천시,ABAP,2026-10-05,https://jumpit.saramin.co.kr/position/54941019,,2026-09-07 23:30:38
점핏,포스로직,이미지 프로세싱 알고리즘 개발 신입,"인공지능/머신러닝,SW/솔루션",경력무관,정규직,경기 안양시 동안구,"C, C++, DeepLearning, MachineLearning, AI/인공지능, CUDA",2026-10-05,https://jumpit.saramin.co.kr/position/54945694,,2026-09-07 23:30:38
점핏,한국네트웍스,그룹사 SAP 시스템 운영(HR모듈),"SW/솔루션,서버/백엔드 개발자",5~15년,정규직,경기,"ABAP, SAP",2026-10-05,https://jumpit.saramin.co.kr/position/54941681,,2026-09-07 23:30:38
점핏,캠틱종합기술원,R&BD사업본부 피지컬 AI 기반 디지털 트윈 연구개발자,SW/솔루션,2~11년,정규직,전북 전주시,"C++, Python, Unity, Unreal Engine, TCP/IP, 3D Volume Rendering, Visual C++, ROS, Modulus, PLC",2026-10-05,https://jumpit.saramin.co.kr/position/54944649,,2026-09-07 23:30:38
점핏,네비웍스,AI 서비스 백엔드 개발자(경력),"인공지능/머신러닝,SW/솔루션,블록체인,빅데이터 엔지니어",3~10년,정규직,경기,"Linux, Python, PyTorch, TensorFlow, DeepLearning, AI/인공지능",2026-10-05,https://jumpit.saramin.co.kr/position/54945671,,2026-09-07 23:30:38
점핏,리베코이앤씨,연구소 시험장비 제어ㆍ계측 엔지니어 모집 (LABVIEW),서버/백엔드 개발자,2~3년,정규직,경기 과천시,labview,2026-10-05,https://jumpit.saramin.co.kr/position/54940975,,2026-09-07 23:30:39
점핏,셀틱스테크놀로지,Robot Controls Engineer,HW/임베디드,7~15년,정규직,경기 용인시 처인구,"C#, C++, Python, Embedded, RTOS",2026-10-05,https://jumpit.saramin.co.kr/position/54946427,,2026-09-07 23:30:39
점핏,에스디바이오센서,하드웨어(H/W)&펌웨어(F/W) 개발자,HW/임베디드,5~10년,정규직,경기 수원시,"HW, MCU",2026-10-05,https://jumpit.saramin.co.kr/position/54941962,,2026-09-07 23:30:39
점핏,캠틱종합기술원,R&BD사업본부 피지컬 AI 데이터 처리 연구개발자,SW/솔루션,2~11년,정규직,전북 전주시,"Docker, Kubernetes, NumPy, Pandas, Python, PyTorch, scikit-learn, TensorFlow, SQL",2026-10-05,https://jumpit.saramin.co.kr/position/54944697,,2026-09-07 23:30:39
점핏,에이디텍,반도체 IC FAE(신입) 채용,기술지원,경력무관,정규직,경기 화성시,Analog,2026-10-05,https://jumpit.saramin.co.kr/position/54945425,,2026-09-07 23:30:39
점핏,리베코이앤씨,연구소 설계 엔지니어 모집 (CATIA),서버/백엔드 개발자,2~3년,정규직,경기 과천시,Indicative,2026-10-05,https://jumpit.saramin.co.kr/position/54941009,,2026-09-07 23:30:39
점핏,아세아텍,펌웨어/플랫폼 개발(경력16~20년),HW/임베디드,16~20년,정규직,대구 달성군,"C, HW, FW",2026-10-05,https://jumpit.saramin.co.kr/position/54928883,,2026-09-07 23:30:39
점핏,아세아텍,펌웨어/플랫폼 개발(경력10~15년),HW/임베디드,10~15년,정규직,대구 달성군,"C, HW, FW",2026-10-05,https://jumpit.saramin.co.kr/position/54928856,,2026-09-07 23:30:39
점핏,아세아텍,펌웨어/플랫폼 개발(경력3~9년),HW/임베디드,3~9년,정규직,대구 달성군,"C, HW, FW",2026-10-05,https://jumpit.saramin.co.kr/position/54928817,,2026-09-07 23:30:39
점핏,리보틱스,FMS System ​Engineer(경력),devops/시스템 엔지니어,3~20년,정규직,경기 시흥시,"C++, Python, MachineLearning, AI/인공지능, RTOS",2026-10-05,https://jumpit.saramin.co.kr/position/54931362,,2026-09-07 23:30:39
점핏,WATA Inc.,비전 SLAM 개발자(3~8년),빅데이터 엔지니어,3~8년,정규직,경기 성남시 분당구,"C#, C++, Python, R Language, OpenCV, ROS",2026-10-04,https://jumpit.saramin.co.kr/position/54946403,,2026-09-07 23:30:39
점핏,베스텔라랩,영상AI 연구/개발(전문연구요원가능),"기술지원,인공지능/머신러닝,SW/솔루션",2~10년,정규직,경기 안양시 동안구,"C, C#, C++, Java, Python, OpenCV, DeepLearning, MachineLearning, yolo",2026-10-04,https://jumpit.saramin.co.kr/position/54945672,,2026-09-07 23:30:39
점핏,WATA Inc.,MLOps 엔지니어 (3~10년),"인공지능/머신러닝,빅데이터 엔지니어,devops/시스템 엔지니어",3~10년,정규직,경기 성남시 분당구,"C++, Docker, Git, Linux, PostgreSQL, Python, REST API, Airflow, Minio, Flow",2026-10-04,https://jumpit.saramin.co.kr/position/54945852,,2026-09-07 23:30:39
점핏,WATA Inc.,비전 SLAM 개발자(8~15년),빅데이터 엔지니어,8~15년,정규직,경기 성남시 분당구,"C#, C++, Python, R Language, OpenCV, ROS",2026-10-04,https://jumpit.saramin.co.kr/position/54946435,,2026-09-07 23:30:39
점핏,셀틱스테크놀로지,Full-Stack Software Develope,"웹 풀스택 개발자,SW/솔루션",2~10년,정규직,경기 용인시 처인구,".NET, ASP.NET, C#, JavaScript, React, TypeScript",2026-10-04,https://jumpit.saramin.co.kr/position/54946408,,2026-09-07 23:30:39
점핏,에프에스케이,하드웨어 개발자 (경력 13~20년),HW/임베디드,13~20년,정규직,경기 김포시,"HW, SMPS, Analog",2026-10-04,https://jumpit.saramin.co.kr/position/54944752,,2026-09-07 23:30:39
점핏,우리엔,의료 영상 소프트웨어 개발자,SW/솔루션,5~13년,정규직,경기 화성시,".NET, C#, C++, SQLite, SQL, WPF, DICOM",2026-10-04,https://jumpit.saramin.co.kr/position/54945461,,2026-09-07 23:30:40
점핏,에프에스케이,하드웨어 개발자 (경력 3~7년),HW/임베디드,3~7년,정규직,경기 김포시,"HW, SMPS, Analog",2026-10-04,https://jumpit.saramin.co.kr/position/54944714,,2026-09-07 23:30:40
점핏,WATA Inc.,Unity 클라이언트 시니어 개발자,"빅데이터 엔지니어,게임 클라이언트 개발자,서버/백엔드 개발자,프론트엔드 개발자",5~20년,정규직,경기 성남시 분당구,"C#, Git, Jira, Unity, WebGL, REST API, WebSocket",2026-10-04,https://jumpit.saramin.co.kr/position/54946377,,2026-09-07 23:30:40
점핏,WATA Inc.,비전알고리즘 개발자(8~15년),"인공지능/머신러닝,SW/솔루션,devops/시스템 엔지니어",8~15년,정규직,경기 성남시 분당구,"C++, Linux, Python, OpenCV, AWS, ROS",2026-10-04,https://jumpit.saramin.co.kr/position/54946355,,2026-09-07 23:30:40
점핏,에프에스케이,하드웨어 개발자 (경력 8~12년),HW/임베디드,8~12년,정규직,경기 김포시,"HW, SMPS, Analog",2026-10-04,https://jumpit.saramin.co.kr/position/54944735,,2026-09-07 23:30:40
점핏,WATA Inc.,비전알고리즘 개발자(5~8년),"인공지능/머신러닝,SW/솔루션,devops/시스템 엔지니어",5~8년,정규직,경기 성남시 분당구,"C++, Linux, Python, OpenCV, AWS, ROS",2026-10-04,https://jumpit.saramin.co.kr/position/54946333,,2026-09-07 23:30:40
점핏,액스비스,레이저/광학계 제어 SW 개발 담당,SW/솔루션,3~10년,정규직,대전 유성구,"C++, MATLAB, Visual Studio, FW, SW, Mfc, FPGA, CUDA, OpenMP, ROS",2026-10-04,https://jumpit.saramin.co.kr/position/54946465,,2026-09-07 23:30:40
점핏,아이벡스,광학 어플리케이션 엔지니어 (Optical Application Engineer),"서버/백엔드 개발자,프론트엔드 개발자",3~10년,정규직,서울 서초구,"C#, C++, Git, PyQt, Python, OpenCV, HALCON",2026-10-04,https://jumpit.saramin.co.kr/position/54940768,,2026-09-07 23:30:40
점핏,에스더블유엠,[SWM] 자율주행연구소 AV테크센터 경력직 모집,인공지능/머신러닝,7~20년,정규직,경기 안양시,"Confluence, Jira, AI/인공지능",2026-10-04,https://jumpit.saramin.co.kr/position/54940717,,2026-09-07 23:30:40
점핏,에스더블유엠,[SWM] 자율주행 PMO 경력직 모집,인공지능/머신러닝,4~20년,정규직,경기 안양시,"Confluence, Jira, AI/인공지능",2026-10-04,https://jumpit.saramin.co.kr/position/54940702,,2026-09-07 23:30:40
점핏,에스더블유엠,[SWM] 자율주행연구소 AI테크센터 경력직 모집,인공지능/머신러닝,7~20년,정규직,경기 안양시,"Confluence, Jira, AI/인공지능",2026-10-04,https://jumpit.saramin.co.kr/position/54940725,,2026-09-07 23:30:40
점핏,바텍,[바텍] SW개발 리더급,"SW/솔루션,프론트엔드 개발자",12~16년,정규직,경기 화성시 동탄구,"Azure DevOps, AI/인공지능, Infra, Node.js, React, TypeScript",2026-10-04,https://jumpit.saramin.co.kr/position/54940519,,2026-09-07 23:30:40
점핏,씨메스,WMS/WCS 개발,SW/솔루션,5~20년,정규직,서울 강남구,SW,2026-10-03,https://jumpit.saramin.co.kr/position/54943871,,2026-09-07 23:30:40
점핏,인텍에프에이,SW개발 신입사원 채용,HW/임베디드,경력무관,정규직,경기 용인시,"Orcad, SW, Pads",2026-10-03,https://jumpit.saramin.co.kr/position/54944720,,2026-09-07 23:30:40
점핏,인텍에프에이,SW개발 경력사원 채용,"SW/솔루션,빅데이터 엔지니어,서버/백엔드 개발자,HW/임베디드",1~15년,정규직,경기 용인시,"Orcad, SW, Pads",2026-10-03,https://jumpit.saramin.co.kr/position/54944733,,2026-09-07 23:30:40
점핏,WATA Inc.,IOT 어플리케이션 개발자,"SW/솔루션,빅데이터 엔지니어,devops/시스템 엔지니어,HW/임베디드",3~10년,정규직,경기 성남시 분당구,"C++, C, C#, MSA, TCP/IP",2026-10-03,https://jumpit.saramin.co.kr/position/54945826,,2026-09-07 23:30:40
점핏,제네시스네스트,Flutter 앱 개발자 [경력 1~8년],"iOS 개발자,크로스플랫폼 앱개발자",1~8년,정규직,경기 용인시 수지구,"Flutter, Java, Kotlin, Objective-C, Swift, Xcode",2026-09-30,https://jumpit.saramin.co.kr/position/54908199,,2026-09-07 23:30:41
점핏,베스텔라랩,자율주행 로봇(자동차) 제어 및 SW 개발자,"인공지능/머신러닝,SW/솔루션,HW/임베디드",3~10년,정규직,경기 안양시 동안구,"C++, Java, JavaScript, Python, AI/인공지능, HW, FW, SW, GUI, ROS",2026-10-03,https://jumpit.saramin.co.kr/position/54934415,,2026-09-07 23:30:41
점핏,제네시스네스트,Java 백엔드 개발자 [경력 1~8년],서버/백엔드 개발자,1~8년,정규직,경기 용인시 수지구,"Java, Linux, MySQL, Oracle, PostgreSQL, Spring, Spring Framework, REST API, Solidity, Blockchain",2026-09-30,https://jumpit.saramin.co.kr/position/54908188,,2026-09-07 23:30:41
점핏,넥서스커뮤니티,컨택센터 시스템엔지니어 [신입],"기술지원,devops/시스템 엔지니어",경력무관,정규직,서울 중구,"Linux, MariaDB, Oracle, AWS",2026-10-03,https://jumpit.saramin.co.kr/position/54943817,,2026-09-07 23:30:41
점핏,넥서스커뮤니티,컨택센터 시스템엔지니어 [경력],"기술지원,정보보안 담당자,devops/시스템 엔지니어",1~5년,정규직,서울 중구,"Linux, MariaDB, Oracle, AWS",2026-10-03,https://jumpit.saramin.co.kr/position/54943747,,2026-09-07 23:30:41
점핏,피엠인터내셔널코리아,Sr.AI&Data Analysis Specialist_11y~,"인공지능/머신러닝,빅데이터 엔지니어",11~15년,정규직,서울 영등포구,"AWS, NoSql, SQL, AZURE, NLP, Tableau",2026-10-03,https://jumpit.saramin.co.kr/position/54943663,,2026-09-07 23:30:41
점핏,피엠인터내셔널코리아,Sr.AI&Data Analysis Specialist_5y~,"인공지능/머신러닝,빅데이터 엔지니어",5~10년,정규직,서울 영등포구,"AWS, NoSql, SQL, AZURE, NLP, Tableau",2026-10-03,https://jumpit.saramin.co.kr/position/54943671,,2026-09-07 23:30:41
점핏,피엠인터내셔널코리아,개인정보보호 담당자(경력15년~20년),"기술지원,정보보안 담당자",15~20년,정규직,서울 영등포구,"Confluence, Jira, AWS, AZURE, ISMS, CPPG, CISA",2026-10-03,https://jumpit.saramin.co.kr/position/54943679,,2026-09-07 23:30:41
점핏,피엠인터내셔널코리아,개인정보보호 담당자(경력9년~14년),"기술지원,정보보안 담당자",4~8년,정규직,서울 영등포구,"Confluence, Jira, AWS, AZURE, ISMS, CPPG, CISA",2026-10-03,https://jumpit.saramin.co.kr/position/54943683,,2026-09-07 23:30:41
점핏,피엠인터내셔널코리아,개인정보보호 담당자(경력4년~8년),"기술지원,정보보안 담당자",4~8년,정규직,서울 영등포구,"Confluence, Jira, AWS, AZURE, ISMS, CPPG, CISA",2026-10-03,https://jumpit.saramin.co.kr/position/54943691,,2026-09-07 23:30:41
점핏,크래블,임베디드(펌웨어) 개발자,HW/임베디드,1~15년,정규직,서울 성동구,"Embedded, MCU",2026-10-03,https://jumpit.saramin.co.kr/position/54942066,,2026-09-07 23:30:41
점핏,크레셈,비젼개발팀 알고리즘 경력(10년↑)채용,,10~20년,정규직,인천 연수구,"C++, OpenCV, PCB, HALCON",2026-10-03,https://jumpit.saramin.co.kr/position/54941274,,2026-09-07 23:30:41
점핏,크레셈,비젼개발팀 알고리즘 경력(6~10년)채용,SW/솔루션,6~10년,정규직,인천 연수구,"C++, OpenCV, PCB, HALCON",2026-10-03,https://jumpit.saramin.co.kr/position/54941266,,2026-09-07 23:30:41
점핏,크레셈,비젼개발팀 알고리즘 경력(3~5년) 채용,SW/솔루션,3~5년,정규직,인천 연수구,"C++, OpenCV, PCB, HALCON",2026-10-03,https://jumpit.saramin.co.kr/position/54941261,,2026-09-07 23:30:41
점핏,크레셈,비젼개발팀Vision SW 경력(10년↑)채용,"기술지원,SW/솔루션",10~20년,정규직,인천 연수구,"C#, OpenCV, WPF, SW, PCB",2026-10-03,https://jumpit.saramin.co.kr/position/54941250,,2026-09-07 23:30:41
점핏,크레셈,비젼개발팀Vision SW 경력(6~10년)채용,"기술지원,SW/솔루션",6~10년,정규직,인천 연수구,"C#, OpenCV, WPF, SW, PCB",2026-10-03,https://jumpit.saramin.co.kr/position/54941240,,2026-09-07 23:30:41
점핏,크레셈,비젼개발팀 Vision SW 경력(2~5년)채용,"기술지원,SW/솔루션",2~5년,정규직,인천 연수구,"C#, OpenCV, WPF, SW, PCB",2026-10-03,https://jumpit.saramin.co.kr/position/54941225,,2026-09-07 23:30:42
점핏,디아이,반도체 검사장비 Hardware 개발,HW/임베디드,경력무관,정규직,경기 화성시 동탄구,"Orcad, Embedded, FPGA",2026-10-03,https://jumpit.saramin.co.kr/position/54933557,,2026-09-07 23:30:42
점핏,쏠리드윈텍,위성 EGSE(지상시험장비) 개발자 모집,"devops/시스템 엔지니어,HW/임베디드",3~10년,정규직,경기 용인시 기흥구,RTOS,2026-10-05,https://jumpit.saramin.co.kr/position/54939251,,2026-09-07 23:30:42
점핏,누가의료기,소프트 웨어팀 직원모집,"안드로이드 개발자,iOS 개발자,서버/백엔드 개발자,HW/임베디드",2~10년,정규직,강원 원주시,"Java, AWS",2026-10-04,https://jumpit.saramin.co.kr/position/54940150,,2026-09-07 23:30:42
점핏,써큘러랩스,[AI Vision Engineer] YOLO 기반 다회용기 인식·계수·검수 시스템 개발 담당(경력),,1~20년,정규직,경기 구리시,"Windows, OpenCV, CUDA",2026-10-06,https://jumpit.saramin.co.kr/position/54939229,,2026-09-07 23:30:42
점핏,써큘러랩스,[AI Vision Engineer] YOLO 기반 다회용기 인식·계수·검수 시스템 개발 담당,,경력무관,정규직,경기 구리시,"Windows, OpenCV, CUDA",2026-10-06,https://jumpit.saramin.co.kr/position/54939210,,2026-09-07 23:30:42
점핏,세나테크놀로지,다자간 음성통신 인터컴(mesh intercom) 펌웨어 개발,HW/임베디드,5~10년,정규직,서울 강남구,"C, C++, Python, Embedded, RTOS, Linux, Windows, SW, MCU",2026-10-03,https://jumpit.saramin.co.kr/position/54939959,,2026-09-07 23:30:42
점핏,핀다,Data Engineer,빅데이터 엔지니어,2~8년,정규직,서울 강남구,"Java, Kubernetes, Python, Scala, Terraform, AWS, SQL, PySpark",2026-10-02,https://jumpit.saramin.co.kr/position/54933925,,2026-09-07 23:30:42
점핏,네비웍스,SW 개발자(경력),"SW/솔루션,게임 클라이언트 개발자",3~10년,정규직,경기 안양시,".NET, C, C#, C++, Docker, Java, Linux, MSSQL, Windows, Network",2026-10-03,https://jumpit.saramin.co.kr/position/54934213,,2026-09-07 23:30:42
점핏,26도라인,소프트웨어 개발자 경력직 채용,SW/솔루션,10~15년,정규직,경기 광주시,"FW, Embedded, SW",2026-10-03,https://jumpit.saramin.co.kr/position/54910883,,2026-09-07 23:30:42
점핏,이비즈테크,클라우드 엔지니어 신입 모집,"기술지원,iOS 개발자,빅데이터 엔지니어,devops/시스템 엔지니어,HW/임베디드",경력무관,정규직,서울 마포구,"Azure DevOps, Linux, Windows, AWS, AZURE, OpenStack",2026-10-03,https://jumpit.saramin.co.kr/position/54927295,,2026-09-07 23:30:42
점핏,26도라인,클라우드 엔지니어 경력직 채용,devops/시스템 엔지니어,1~5년,정규직,경기 광주시,"Elasticsearch, MySQL, Python, Redis, AWS, MachineLearning, BigData, GCP, AZURE, DB",2026-10-03,https://jumpit.saramin.co.kr/position/54910740,,2026-09-07 23:30:42
점핏,26도라인,node.js 개발자 경력직 채용,서버/백엔드 개발자,1~6년,정규직,경기 광주시,"Node.js, REST API, AWS",2026-10-03,https://jumpit.saramin.co.kr/position/54910781,,2026-09-07 23:30:42
점핏,26도라인,PHP 개발자 경력직 채용,서버/백엔드 개발자,1~6년,정규직,경기 광주시,"JavaScript, Node.js, PHP",2026-10-03,https://jumpit.saramin.co.kr/position/54910799,,2026-09-07 23:30:42
점핏,26도라인,보안 솔루션 엔지니어 경력직 채용,SW/솔루션,1~5년,정규직,경기 광주시,"C++, Java, Linux, MariaDB, Oracle, Windows, SQL",2026-10-03,https://jumpit.saramin.co.kr/position/54910763,,2026-09-07 23:30:42
점핏,26도라인,풀스택 AI 엔지니어 채용,"웹 풀스택 개발자,인공지능/머신러닝,SW/솔루션",5~10년,정규직,경기 광주시,"Dart, JavaScript, Python, PyTorch, Rust, NoSql, SQL, FastAPI",2026-10-03,https://jumpit.saramin.co.kr/position/54910914,,2026-09-07 23:30:42
점핏,콜로세움코퍼레이션,Backend Engineer(5년 이상),서버/백엔드 개발자,5~12년,정규직,서울 강남구,"Amazon RDS, Gradle, Java, Kotlin, MySQL, QueryDSL, Spring Batch, Spring Boot, Spring Data JPA, Mybatis",2026-10-03,https://jumpit.saramin.co.kr/position/54879969,,2026-09-07 23:30:44
점핏,26도라인,서버 개발자 경력직 채용,서버/백엔드 개발자,1~5년,정규직,경기 광주시,"Docker, GitHub, GraphQL, Kubernetes, AWS, AZURE, Golang",2026-10-03,https://jumpit.saramin.co.kr/position/54910860,,2026-09-07 23:30:44
점핏,26도라인,IOS 개발자 경력직 채용,,1~5년,정규직,경기 광주시,"C++, iOS, Objective-C, Swift, REST API",2026-10-03,https://jumpit.saramin.co.kr/position/54910686,,2026-09-07 23:30:44
점핏,26도라인,JAVA 풀스택 개발자 경력,,1~5년,정규직,경기 광주시,"Java, JavaScript, Spring, JSP, Mybatis, DB",2026-10-03,https://jumpit.saramin.co.kr/position/54910842,,2026-09-07 23:30:44
점핏,26도라인,임베디드 개발자 경력직 채용,HW/임베디드,1~5년,정규직,경기 광주시,"C, C++, Python, HW, FW, RTOS",2026-10-03,https://jumpit.saramin.co.kr/position/54910826,,2026-09-07 23:30:44
점핏,26도라인,하드웨어 개발자 경력직 채용,HW/임베디드,1~5년,정규직,경기 광주시,"Android OS, HW, Embedded, PCB, ARM, Embedded Linux",2026-10-03,https://jumpit.saramin.co.kr/position/54910708,,2026-09-07 23:30:44
점핏,웅진,정보보호 리더급 모집,정보보안 담당자,15~20년,정규직,서울 중구,ISMS,2026-10-02,https://jumpit.saramin.co.kr/position/54934554,,2026-09-07 23:30:44
점핏,엣지크로스,임베디드 소프트웨어 개발자(신입),"SW/솔루션,devops/시스템 엔지니어,HW/임베디드",경력무관,정규직,서울 금천구,"C, C++, Linux, Embedded, SW, RTOS, MCU",2026-10-01,https://jumpit.saramin.co.kr/position/54920516,,2026-09-07 23:30:44
점핏,네비웍스,IT 보안 인프라 경력,"기술지원,정보보안 담당자,devops/시스템 엔지니어",5~10년,정규직,경기 안양시,"Linux, Windows, VPN, AWS, AZURE, ISMS, CISSP, Network, IPS, Firewall",2026-09-26,https://jumpit.saramin.co.kr/position/54875970,,2026-09-07 23:30:44
점핏,네비웍스,디지털트윈·XR 제품 개발 Team Lead,웹 풀스택 개발자,7~12년,정규직,경기,"C, C#, C++, Docker, Kubernetes, Linux, OpenCV, AWS, GCP, AZURE",2026-09-11,https://jumpit.saramin.co.kr/position/54739354,,2026-09-07 23:30:44
점핏,네비웍스,AI 개발 리더 채용(경력 7년 이상),"인공지능/머신러닝,빅데이터 엔지니어",7~12년,정규직,경기,"C++, Docker, Kubernetes, Linux, Python, PyTorch, TensorFlow, AWS, GCP, AZURE",2026-09-11,https://jumpit.saramin.co.kr/position/54739247,,2026-09-07 23:30:44
점핏,(주)연호엔지니어링,시니어 Python 백엔드 개발자,서버/백엔드 개발자,5~11년,정규직,경기 평택시,"Docker, Git, Linux, PostgreSQL, Python, Redis, REST API, AI/인공지능, WebSocket",2026-10-02,https://jumpit.saramin.co.kr/position/54927179,,2026-09-07 23:30:44
점핏,네비웍스,윈도우 응용 프로그래머(C++),"SW/솔루션,devops/시스템 엔지니어",3~6년,정규직,경기,"C, C#, C++, Linux, TCP/IP, Mfc, GUI",2026-10-02,https://jumpit.saramin.co.kr/position/54934066,,2026-09-07 23:30:44
점핏,네비웍스,웹 어플리케이션 개발자,"서버/백엔드 개발자,프론트엔드 개발자",1~10년,정규직,경기,"ES6, Java, JavaScript, React, TypeScript, MSA",2026-10-02,https://jumpit.saramin.co.kr/position/54934040,,2026-09-07 23:30:44
점핏,SK시그넷,정보보안 담당,"기술지원,정보보안 담당자,devops/시스템 엔지니어",7~20년,정규직,경기 부천시 원미구,"Microsoft Office 365, AZURE, Infra, Active Directory, AWS WAF, VPN",2026-10-02,https://jumpit.saramin.co.kr/position/54921836,,2026-09-07 23:30:44
점핏,소프트보울,[경력직] (주)소프트보울 의료 IT 사업 담당 채용,"인공지능/머신러닝,SW/솔루션,서버/백엔드 개발자,프론트엔드 개발자",5~15년,정규직,경기 과천시,"AI/인공지능, SQL, SW",2026-10-02,https://jumpit.saramin.co.kr/position/54933459,,2026-09-07 23:30:44
점핏,바이트사이즈,Robotics Engineer,SW/솔루션,3~7년,정규직,부산,"C++, Python, SW, ROS",2026-10-02,https://jumpit.saramin.co.kr/position/54933886,,2026-09-07 23:30:45
점핏,바이트사이즈,Robotics Technical Lead,SW/솔루션,10~15년,정규직,부산,"C++, Python, SW, ROS",2026-10-02,https://jumpit.saramin.co.kr/position/54933857,,2026-09-07 23:30:45
점핏,메타넷엑스,"OCI Engineer , TA 경력",서버/백엔드 개발자,3~10년,정규직,서울 종로구,"Linux, Oracle, Microsoft Azure, Python, Terraform, GCP, TCP/IP, Firewall, Shell",2026-09-22,https://jumpit.saramin.co.kr/position/54831183,,2026-09-07 23:30:45
점핏,메타넷엑스,미들웨어 엔지니어 경력,서버/백엔드 개발자,3~10년,정규직,서울 종로구,"Amazon EKS, Apache HTTP Server, Apache Tomcat, Kubernetes, Linux, NGINX, AWS, TCP/IP, JBoss, Oracle Weblogic Server",2026-10-02,https://jumpit.saramin.co.kr/position/54931183,,2026-09-07 23:30:45
점핏,드림디엔엠,전송망 관제 및 운영 초급 채용,"정보보안 담당자,devops/시스템 엔지니어",경력무관,정규직,서울 송파구,"Router, Network",2026-10-02,https://jumpit.saramin.co.kr/position/54932360,,2026-09-07 23:30:45
점핏,드림디엔엠,네트워크 인프라 운영 초급 채용,"정보보안 담당자,devops/시스템 엔지니어",1~2년,정규직,서울 송파구,"Network, Infra",2026-10-02,https://jumpit.saramin.co.kr/position/54932252,,2026-09-07 23:30:45
점핏,텐빌리언,네트워크 엔지니어 경력(2~5년),devops/시스템 엔지니어,2~5년,정규직,서울 구로구,Network,2026-10-02,https://jumpit.saramin.co.kr/position/54931838,,2026-09-07 23:30:45
점핏,텐빌리언,네트워크 엔지니어 경력(10년이상),devops/시스템 엔지니어,10~15년,정규직,서울 구로구,Network,2026-10-02,https://jumpit.saramin.co.kr/position/54931822,,2026-09-07 23:30:45
점핏,텐빌리언,네트워크 엔지니어 경력(6~9년),devops/시스템 엔지니어,6~9년,정규직,서울 구로구,Network,2026-10-02,https://jumpit.saramin.co.kr/position/54931799,,2026-09-07 23:30:45
점핏,텐빌리언,앱 개발자 경력 채용 (10년이상),,10~15년,정규직,서울 구로구,"Android OS, Flutter, iOS, React, REST API",2026-10-02,https://jumpit.saramin.co.kr/position/54931746,,2026-09-07 23:30:45
점핏,텐빌리언,앱 개발자 경력 채용 (6~9년),,6~9년,정규직,서울 구로구,"Android OS, Flutter, iOS, React, REST API",2026-10-02,https://jumpit.saramin.co.kr/position/54931711,,2026-09-07 23:30:45
점핏,텐빌리언,앱 개발자 경력 채용 (2~5년),,2~5년,정규직,서울 구로구,"Android OS, Flutter, iOS, React, REST API",2026-10-02,https://jumpit.saramin.co.kr/position/54931690,,2026-09-07 23:30:45
점핏,파더스랩,[대구오피스] Embedded C++ 개발자 / Automotive SW / 경력2년↑,HW/임베디드,2~10년,정규직,대구,"Android OS, C, C++, Linux, Qt, Embedded, SW, Embedded Linux",2026-09-30,https://jumpit.saramin.co.kr/position/54900065,,2026-09-07 23:30:45
점핏,파더스랩,[대구사무실] Embedded C++ 개발자 / Automotive SW / 경력2년↑,HW/임베디드,2~10년,정규직,경북,"Android OS, C, C++, Linux, Qt, Embedded, SW, Embedded Linux",2026-09-30,https://jumpit.saramin.co.kr/position/54899916,,2026-09-07 23:30:45
점핏,메타넷엑스,AWS 클라우드 인프라 운영 TA 경력,서버/백엔드 개발자,3~10년,정규직,서울 종로구,"Amazon EKS, Argo, GitHub, Helm, Kubernetes, Linux, Terraform, Windows, AWS, Keycloak",2026-10-02,https://jumpit.saramin.co.kr/position/54931310,,2026-09-07 23:30:45
점핏,메타넷엑스,OCI·AWS 멀티 DB 운영 DBA 경력,DBA,3~10년,정규직,서울 종로구,"Amazon EKS, Helm, Kubernetes, Terraform, AWS, MySQL, Oracle, PostgreSQL, SQL, Oracle PL/SQL",2026-10-02,https://jumpit.saramin.co.kr/position/54931366,,2026-09-07 23:30:45
점핏,메타넷엑스,대규모 EKS·GitOps TA 경력,서버/백엔드 개발자,3~10년,정규직,서울 종로구,"Amazon EKS, Argo, GitHub, Helm, Kubernetes, Terraform, AWS, Keycloak",2026-10-02,https://jumpit.saramin.co.kr/position/54931458,,2026-09-07 23:30:46
점핏,메타넷엑스,AWS MySQL·DynamoDB DBA 경력,DBA,3~10년,정규직,서울 종로구,"Amazon Aurora, Amazon DynamoDB, Amazon ElastiCache, Amazon RDS, MySQL, Redis, AWS, NoSql, SQL",2026-10-02,https://jumpit.saramin.co.kr/position/54931492,,2026-09-07 23:30:46
점핏,리브스메드,디지털 수술 서비스 SW Engineer(차~부장급),"SW/솔루션,devops/시스템 엔지니어,HW/임베디드",10~20년,정규직,경기 성남시,"C++, Linux, Python, SW, Docker, AWS, Embedded, Backendless",2026-10-02,https://jumpit.saramin.co.kr/position/54931085,,2026-09-07 23:30:46
점핏,리브스메드,로봇 제어 Engineer (주임-과장급),"SW/솔루션,devops/시스템 엔지니어,HW/임베디드",3~20년,정규직,경기 성남시,"C++, Git, Jira, Linux, Python, DeepLearning, SW, Notion",2026-10-02,https://jumpit.saramin.co.kr/position/54930998,,2026-09-07 23:30:46
점핏,대원씨티에스,AI인프라 엔지니어,인공지능/머신러닝,1~5년,정규직,서울 영등포구,"Kubernetes, AI/인공지능, Infra",2026-10-02,https://jumpit.saramin.co.kr/position/54930898,,2026-09-07 23:30:46
점핏,클로봇,로봇 미들웨어 SW 개발 리더,"SW/솔루션,서버/백엔드 개발자,프론트엔드 개발자",8~12년,정규직,경기 성남시,"C#, Docker, Git, Jira, Linux, TCP/IP, SW",2026-10-02,https://jumpit.saramin.co.kr/position/54930626,,2026-09-07 23:30:46
점핏,웅진,SAP ERP컨설턴트 모집,"기술지원,SW/솔루션",4~20년,정규직,서울 중구,"ABAP, ERP, SAP, Fiori",2026-10-03,https://jumpit.saramin.co.kr/position/54926437,,2026-09-07 23:30:46
점핏,토스씨엑스,IT Manager(IT 및 콜 인프라 운영),devops/시스템 엔지니어,5~10년,정규직,서울 구로구,"Jira, Okta, OneSaas",2026-09-23,https://jumpit.saramin.co.kr/position/54839144,,2026-09-07 23:30:46
점핏,아이벡스,Frontend Engineer(MLOps/Data플랫폼),"SW/솔루션,프론트엔드 개발자",5~11년,정규직,서울 서초구,"axios, Docker, Next.js, Playwright, Sentry, Storybook, TypeScript, REST API, TailwindCSS, Zustand",2026-10-02,https://jumpit.saramin.co.kr/position/54927604,,2026-09-07 23:30:46
점핏,핀다,Application Security Engineer,정보보안 담당자,4~7년,정규직,서울 강남구,"Docker, GitLab, Jira, Kubernetes, Python, AWS",2026-10-02,https://jumpit.saramin.co.kr/position/54927811,,2026-09-07 23:30:46
점핏,넥슨게임즈,시니어 배경 레벨 아티스트 [LoreVault][Woochi the Wayfarer],"기술지원,게임 클라이언트 개발자,게임 서버 개발자",10~20년,정규직,서울 강남구,"C++, Unreal Engine, OpenGL, DirectX, 3D Rendering, 2D Rendering, Blender",2026-10-01,https://jumpit.saramin.co.kr/position/54920961,,2026-09-07 23:30:46
점핏,뷰리드 강남오피스,백엔드 개발자 채용,서버/백엔드 개발자,3~20년,정규직,서울 강남구,"Amazon EC2, Amazon RDS, Amazon S3, Laravel, PHP, REST API, AWS, AI/인공지능",2026-10-02,https://jumpit.saramin.co.kr/position/54924502,,2026-09-07 23:30:46
점핏,라닉스,보안로직 IP 개발 엔지니어,HW/임베디드,5~20년,정규직,서울 강남구,"C, AI/인공지능, FPGA, Verilog, ASIC, MCU, ARM",2026-10-02,https://jumpit.saramin.co.kr/position/54919115,,2026-09-07 23:30:46
점핏,하이퍼정보,데이터 모델 및 분석 담당자 모집,빅데이터 엔지니어,7~15년,정규직,서울 강남구,"Python, AI/인공지능, SQL, Tableau, Power BI",2026-10-02,https://jumpit.saramin.co.kr/position/54919092,,2026-09-07 23:30:46
점핏,하이퍼정보,"AI-Agent팀(AI개발, RPA) 채용 - 경력",인공지능/머신러닝,7~15년,정규직,서울 강남구,"Django, Docker, Flask, Git, Kubernetes, Linux, Python, REST API, NLP, FastAPI",2026-10-02,https://jumpit.saramin.co.kr/position/54919105,,2026-09-07 23:30:46
점핏,플래티어,UI/UX 테스트 자동화 솔루션 엔지니어,"기술지원,SW/솔루션",3~20년,정규직,서울 송파구,"Apache JMeter, Azure DevOps, Java, Postman, Python, Selenium, SAP, Appium, Newman",2026-10-02,https://jumpit.saramin.co.kr/position/54919025,,2026-09-07 23:30:46
점핏,플래티어,UI/UX 테스트 자동화 솔루션 엔지니어,"기술지원,SW/솔루션",3~20년,정규직,서울 송파구,"Apache JMeter, Azure DevOps, Java, Postman, Python, Selenium, SAP, Appium, Newman",2026-10-02,https://jumpit.saramin.co.kr/position/54919025,,2026-09-07 23:30:47
점핏,모아만의원,데이터 분석가 (DA) 경력직 모집,"빅데이터 엔지니어,devops/시스템 엔지니어",4~10년,정규직,서울 강남구,"Python, SQL",2026-10-02,https://jumpit.saramin.co.kr/position/54919439,,2026-09-07 23:30:47
점핏,크레스콤,인공지능 SW 개발자 채용,"인공지능/머신러닝,SW/솔루션",3~15년,정규직,경기 성남시,"Docker, Linux, Python, PyTorch, DeepLearning, AI/인공지능",2026-10-01,https://jumpit.saramin.co.kr/position/54923494,,2026-09-07 23:30:47
점핏,아이벡스,[전문연구요원 가능] 딥러닝 리서치 엔지니어,"인공지능/머신러닝,빅데이터 엔지니어",10~15년,정규직,서울 서초구,"Git, Python, PyTorch, TensorFlow, OpenCV",2026-10-01,https://jumpit.saramin.co.kr/position/54924315,,2026-09-07 23:30:47
점핏,웨어러블에이아이,임베디드 하드웨어 설계 엔지니어 (3년~),HW/임베디드,3~10년,정규직,서울 영등포구,"Embedded, PCB, Solidworks, Autocad, MCU, Embedded Linux, Fusion 360",2026-09-24,https://jumpit.saramin.co.kr/position/54857572,,2026-09-07 23:30:47
점핏,웨어러블에이아이,모션 플래닝 엔지니어 (3년 미만),인공지능/머신러닝,7~10년,정규직,서울 영등포구,"C, C++, Docker, MATLAB, Python, AI/인공지능, ROS, SummitDB",2026-09-24,https://jumpit.saramin.co.kr/position/54857702,,2026-09-07 23:30:47
점핏,드림디엔엠,전송망 관제 및 운영 신입 채용,"정보보안 담당자,devops/시스템 엔지니어",경력무관,정규직,서울 송파구,"Router, Network",2026-10-01,https://jumpit.saramin.co.kr/position/54924286,,2026-09-07 23:30:47
점핏,웨어러블에이아이,메카트로닉스 엔지니어 (3년~),"인공지능/머신러닝,HW/임베디드",7~10년,정규직,서울 영등포구,"C, C++, Docker, Linux, MATLAB, Python, AI/인공지능, ROS, SummitDB",2026-09-24,https://jumpit.saramin.co.kr/position/54858468,,2026-09-07 23:30:47
점핏,웨어러블에이아이,측위 엔지니어 (3년 이상),"인공지능/머신러닝,devops/시스템 엔지니어",7~10년,정규직,서울 영등포구,"C, C++, Docker, GitHub, MATLAB, Python, AI/인공지능, ROS, Notion, SummitDB",2026-09-24,https://jumpit.saramin.co.kr/position/54858256,,2026-09-07 23:30:47
점핏,스포츠투아이,C++ 머신비전 S/W 엔지니어 채용(스포츠 영상 판독 분야),SW/솔루션,3~7년,정규직,경기 성남시 분당구,"Python, C, C++, Windows, OpenCV, MachineLearning, Mfc, OpenGL, 3D Rendering, CUDA",2026-10-01,https://jumpit.saramin.co.kr/position/54922645,,2026-09-07 23:30:47
점핏,아이엔마케팅,웹 개발자 채용 (신입),,경력무관,정규직,경기 파주시,"CSS 3, Firebase, Google Analytics, HTML5, JavaScript, jQuery, Google Optimize",2026-09-30,https://jumpit.saramin.co.kr/position/54710679,,2026-09-07 23:30:47
점핏,아이엔마케팅,웹 개발자 채용 (경력),,1~10년,정규직,경기 파주시,"CSS 3, Google Analytics, HTML5, JavaScript, Node.js, React, TypeScript",2026-09-30,https://jumpit.saramin.co.kr/position/54710693,,2026-09-07 23:30:47
점핏,채비,SW품질 보증 엔지니어,"기술지원,SW/솔루션,QA 엔지니어",3~10년,정규직,대구 수성구,"C#, Windows, WPF, SW",2026-10-01,https://jumpit.saramin.co.kr/position/54922753,,2026-09-07 23:30:47
점핏,채비,H/W (국내개발팀),HW/임베디드,1~10년,정규직,서울 서초구,"Orcad, HW, PCB, Analog, Autocad, Pads",2026-10-01,https://jumpit.saramin.co.kr/position/54922762,,2026-09-07 23:30:47
점핏,채비,UI 개발(과장~차장급),SW/솔루션,8~20년,정규직,서울 서초구,"C#, Linux, Windows, WPF, SW",2026-10-01,https://jumpit.saramin.co.kr/position/54922715,,2026-09-07 23:30:47
점핏,승일일렉트로닉스,임베디드 하드웨어 개발 실무경험자,HW/임베디드,10~20년,정규직,경기 부천시,"Autocad, Pads",2026-09-08,https://jumpit.saramin.co.kr/position/54702248,,2026-09-07 23:30:47
점핏,승일일렉트로닉스,임베디드 하드웨어 개발 [대리급],HW/임베디드,3~20년,정규직,경기 부천시,"Autocad, Pads",2026-09-08,https://jumpit.saramin.co.kr/position/54703157,,2026-09-07 23:30:48
점핏,뮤팟,풀스택 개발자 정규직 경력 채용,"서버/백엔드 개발자,프론트엔드 개발자",3~20년,정규직,서울 송파구,"Docker, Linux, MySQL, NestJS, Node.js, PostgreSQL, React, TypeScript, AWS",2026-09-09,https://jumpit.saramin.co.kr/position/54717273,,2026-09-07 23:30:48
점핏,네오와이즈,AI 엔지니어,인공지능/머신러닝,5~10년,정규직,경기 성남시,"C++, Git, Python",2026-09-12,https://jumpit.saramin.co.kr/position/54752012,,2026-09-07 23:30:48
점핏,메디웨일,Software engineer - AI-SaMD 팀,인공지능/머신러닝,1~20년,정규직,서울 강남구,AI/인공지능,2026-09-18,https://jumpit.saramin.co.kr/position/54799885,,2026-09-07 23:30:48
점핏,위시드,데이터 엔지니어,빅데이터 엔지니어,2~5년,정규직,서울 영등포구,"Docker, Kubernetes, Linux",2026-09-22,https://jumpit.saramin.co.kr/position/54831974,,2026-09-07 23:30:48
점핏,위시드,MLOps / AI 에이전트 개발자,인공지능/머신러닝,2~5년,정규직,서울 영등포구,"Docker, Kubernetes, AI/인공지능",2026-09-22,https://jumpit.saramin.co.kr/position/54831780,,2026-09-07 23:30:48
점핏,케이퓨얼셀,임베디드 펌웨어 개발자 - 경력 [코렌스그룹],HW/임베디드,3~10년,정규직,경기 용인시 기흥구,"C, C++, MATLAB, HW, FW, Embedded, PCB, RTOS, MCU, Embedded Linux",2026-09-29,https://jumpit.saramin.co.kr/position/54900010,,2026-09-07 23:30:48
점핏,나무기술,NCC-DaaS 솔루션 개발자,서버/백엔드 개발자,5~20년,정규직,서울 강서구,"ASP.NET, Windows",2026-10-01,https://jumpit.saramin.co.kr/position/54922167,,2026-09-07 23:30:48
점핏,소바젠,Bioinformatics 연구원 [경력],빅데이터 엔지니어,1~5년,정규직,대전 유성구,"Linux, Python, R Language, R, DeepLearning",2026-10-01,https://jumpit.saramin.co.kr/position/54921276,,2026-09-07 23:30:48
점핏,소바젠,Bioinformatics 연구원 [신입],빅데이터 엔지니어,경력무관,정규직,대전 유성구,"Linux, Python, R Language, R, DeepLearning",2026-10-01,https://jumpit.saramin.co.kr/position/54921265,,2026-09-07 23:30:48
점핏,뷰런테크놀로지,AI Engineer(E2E 자율주행),"인공지능/머신러닝,SW/솔루션",1~10년,정규직,서울 서초구,"C++, TensorFlow, Embedded, ROS",2026-10-01,https://jumpit.saramin.co.kr/position/54921762,,2026-09-07 23:30:48
점핏,호전실업,전기전자장치 개발자 채용,QA 엔지니어,3~10년,정규직,서울 마포구,"PyTorch, TensorFlow",2026-10-01,https://jumpit.saramin.co.kr/position/54920751,,2026-09-07 23:30:48
점핏,옵토전자,연구소 회로설계 채용,서버/백엔드 개발자,3~15년,정규직,경기 시흥시,"Python, MCU",2026-09-30,https://jumpit.saramin.co.kr/position/54901969,,2026-09-07 23:30:48
점핏,옵토전자,연구소 기구설계 채용,서버/백엔드 개발자,3~15년,정규직,경기 시흥시,"Python, Solidworks",2026-09-30,https://jumpit.saramin.co.kr/position/54901976,,2026-09-07 23:30:48
점핏,옵토전자,기술연구소 대졸 신입 채용(광학설계),서버/백엔드 개발자,3~15년,정규직,경기 시흥시,Python,2026-09-30,https://jumpit.saramin.co.kr/position/54901988,,2026-09-07 23:30:48
점핏,인젠트,연계솔루션 기술지원 (경력직) 채용,기술지원,3~20년,정규직,서울 영등포구,"Java, JavaScript",2026-10-01,https://jumpit.saramin.co.kr/position/54919935,,2026-09-07 23:30:48
점핏,시선에이아이,AI 인프라 엔지니어 (온프레미스·AWS·K8s),devops/시스템 엔지니어,3~20년,정규직,서울 강남구,"Docker, Kubernetes, Prometheus, Python, VPN, AWS, Network, K8S, Infra, AppHarbor",2026-10-01,https://jumpit.saramin.co.kr/position/54917293,,2026-09-07 23:30:49
점핏,쥬비스다이어트,IT 서비스기획자 경력 채용,개발 PM,5~8년,정규직,서울 강남구,"Confluence, Figma, Jira, AI/인공지능, ERP, SAP, Notion",2026-09-24,https://jumpit.saramin.co.kr/position/54856591,,2026-09-07 23:30:49
점핏,연합인포맥스,IT/AI부문(전문연구요원포함)경력(4↑),인공지능/머신러닝,4~6년,정규직,서울 종로구,"Azure DevOps, Python, AWS, GCP, AZURE",2026-10-01,https://jumpit.saramin.co.kr/position/54917073,,2026-09-07 23:30:49
점핏,연합인포맥스,IT/AI부문(전문연구요원포함)경력(1~3),인공지능/머신러닝,1~3년,정규직,서울 종로구,"Azure DevOps, Python, AWS, GCP, AZURE",2026-10-01,https://jumpit.saramin.co.kr/position/54917040,,2026-09-07 23:30:49
점핏,연합인포맥스,IT/AI부문(전문연구요원 포함)신입,인공지능/머신러닝,경력무관,정규직,서울 종로구,"Azure DevOps, Python, AWS, GCP, AZURE",2026-10-01,https://jumpit.saramin.co.kr/position/54917021,,2026-09-07 23:30:49
점핏,콴텍,로보어드바이저 IRP 시스템 개발/운영,"웹 풀스택 개발자,devops/시스템 엔지니어",3~20년,정규직,서울 영등포구,"GitLab, Java, Jenkins, Jira, MariaDB, React, Spring Batch, Spring Boot",2026-10-01,https://jumpit.saramin.co.kr/position/54901444,,2026-09-07 23:30:49
점핏,우리엔,Windows Application 개발자 (C/C++),"기술지원,devops/시스템 엔지니어",7~10년,정규직,경기 화성시,"C, C++, REST API, SQL, TCP/IP, Delphi",2026-10-01,https://jumpit.saramin.co.kr/position/54907794,,2026-09-07 23:30:49
점핏,우리엔,동물용 CT Vision AI 개발자,"인공지능/머신러닝,SW/솔루션",4~10년,정규직,경기 화성시,"Android SDK, C, C++, Python, DeepLearning, AI/인공지능",2026-10-01,https://jumpit.saramin.co.kr/position/54907810,,2026-09-07 23:30:49
점핏,반프,소프트웨어 엔지니어,SW/솔루션,5~10년,정규직,서울 강남구,"C, C++, Linux, REST API, ethernet",2026-10-01,https://jumpit.saramin.co.kr/position/54911939,,2026-09-07 23:30:49
점핏,반프,펌웨어 엔지니어 경력 채용,HW/임베디드,5~10년,정규직,서울 강남구,"C, C#, C++, Linux, MQTT, TCP/IP, HW, Embedded, RTOS, Blueflood",2026-10-01,https://jumpit.saramin.co.kr/position/54911956,,2026-09-07 23:30:49
점핏,큐팁,Principal AI Engineer(CTO급),"인공지능/머신러닝,SW/솔루션",5~15년,정규직,서울 금천구,"Docker, PyTorch, DeepLearning, AI/인공지능, NLP, FastAPI",2026-10-01,https://jumpit.saramin.co.kr/position/54901746,,2026-09-07 23:30:49
점핏,큐팁,생성형 AI웹서비스 풀스택 개발_시니어,"웹 풀스택 개발자,인공지능/머신러닝,devops/시스템 엔지니어,서버/백엔드 개발자,프론트엔드 개발자",5~20년,정규직,서울 금천구,"JavaScript, Python, React Native, TypeScript, NoSql, RDB, AI/인공지능, FFMPEG, Tauri",2026-10-01,https://jumpit.saramin.co.kr/position/54901763,,2026-09-07 23:30:49
점핏,이우소프트,3D Engine 개발(Mesh/Volume Rendering),devops/시스템 엔지니어,10~20년,정규직,경기 화성시,"C++, Confluence, Git, Jira, Python, Visual Studio, OpenGL, 3D Rendering, 3D Volume Rendering, CMake",2026-09-30,https://jumpit.saramin.co.kr/position/54915262,,2026-09-07 23:30:49
점핏,파더스랩,[강남구]임베디드 Embedded C++ 개발자 경력 채용/정규직/IT SW,HW/임베디드,2~12년,정규직,서울 강남구,"Android OS, C, C++, Linux, Qt, Embedded, SW, Embedded Linux",2026-09-11,https://jumpit.saramin.co.kr/position/54682351,,2026-09-07 23:30:49
점핏,이우소프트,Desktop Application Engineer(C++ / Qt),SW/솔루션,5~15년,정규직,경기 화성시,"C++, Confluence, Git, Jira, Python, Qt, Visual Studio, Visual Studio Code, OpenGL, CMake",2026-09-30,https://jumpit.saramin.co.kr/position/54915118,,2026-09-07 23:30:49
점핏,아이디어스투실리콘,Design Verification Engineer/대구,HW/임베디드,5~20년,정규직,대구 북구,"C, Git, Linux, Perl, TCP/IP, FPGA, Verilog, ASIC, ethernet",2026-09-30,https://jumpit.saramin.co.kr/position/54713316,,2026-09-07 23:30:49
점핏,아이디어스투실리콘,Digital Logic 개발/대구,"SW/솔루션,HW/임베디드",3~15년,정규직,대구 북구,"C, C#, C++, Perl, Python, TCP/IP, FPGA, Verilog, ASIC, VHDL",2026-09-30,https://jumpit.saramin.co.kr/position/54713332,,2026-09-07 23:30:50
점핏,아이디어스투실리콘,Design Verification Engineer/분당R&D,HW/임베디드,5~20년,정규직,경기 성남시 분당구,"C, Git, Linux, Perl, TCP/IP, FPGA, Verilog, ASIC, ethernet",2026-09-30,https://jumpit.saramin.co.kr/position/54713377,,2026-09-07 23:30:50
점핏,아이디어스투실리콘,Digital Logic 개발/분당R&D,"SW/솔루션,HW/임베디드",3~15년,정규직,경기 성남시,"C, C#, C++, Perl, Python, TCP/IP, FPGA, Verilog, ASIC, VHDL",2026-09-30,https://jumpit.saramin.co.kr/position/54713366,,2026-09-07 23:30:50
점핏,세나테크놀로지,임베디드 펌웨어 개발자 채용,HW/임베디드,3~10년,정규직,서울 강남구,"C, C++, Python, HW, Embedded, Mfc, RTOS",2026-09-30,https://jumpit.saramin.co.kr/position/54913831,,2026-09-07 23:30:50
점핏,한국초저온평택,물류시스템 및 경영관리 시스템 개발/운영 채용,,2~20년,정규직,경기 평택시,"Java, Jenkins, Oracle, Spring Boot, ERP, Nexacro",2026-09-30,https://jumpit.saramin.co.kr/position/54914259,,2026-09-07 23:30:50
점핏,씨메스,3D Vision & Robot Guidance Engineer,인공지능/머신러닝,1~10년,정규직,서울 강남구,"C++, Git, Python",2026-09-30,https://jumpit.saramin.co.kr/position/54912713,,2026-09-07 23:30:50
점핏,씨메스,로보틱스 SW 엔지니어,SW/솔루션,2~10년,정규직,서울 강남구,"Docker, Git, GitLab, JavaScript, Python, Qt, Ubuntu, CMake",2026-09-30,https://jumpit.saramin.co.kr/position/54912697,,2026-09-07 23:30:50
점핏,씨메스,시스템 기구/HW 설계 엔지니어,인공지능/머신러닝,3~15년,정규직,서울 강남구,Solidworks,2026-09-30,https://jumpit.saramin.co.kr/position/54912646,,2026-09-07 23:30:50
점핏,씨메스,비전 시스템 엔지니어,,3~15년,정규직,서울 강남구,Python,2026-09-30,https://jumpit.saramin.co.kr/position/54912449,,2026-09-07 23:30:50
점핏,씨메스,Frontend 개발자,서버/백엔드 개발자,3~5년,정규직,서울 강남구,"Next.js, Python, React, TypeScript",2026-09-30,https://jumpit.saramin.co.kr/position/54912438,,2026-09-07 23:30:50
점핏,씨메스,Backend (Python) 개발자,서버/백엔드 개발자,3~10년,정규직,서울 강남구,"C++, JavaScript, Python, React, FastAPI",2026-09-30,https://jumpit.saramin.co.kr/position/54912411,,2026-09-07 23:30:50
점핏,씨메스,3D 알고리즘 엔지니어,SW/솔루션,2~15년,정규직,서울 강남구,SW,2026-09-30,https://jumpit.saramin.co.kr/position/54912300,,2026-09-07 23:30:50
점핏,씨메스,[청주] 어플리케이션 소프트웨어 엔지니어,devops/시스템 엔지니어,1~3년,정규직,충북 청주시,"C++, JavaScript, Python",2026-09-30,https://jumpit.saramin.co.kr/position/54912241,,2026-09-07 23:30:50
점핏,씨메스,[청주] 시스템 엔지니어,devops/시스템 엔지니어,3~10년,정규직,충북 청주시,"C++, JavaScript, Python",2026-09-30,https://jumpit.saramin.co.kr/position/54912157,,2026-09-07 23:30:50
점핏,에티포스,[V2X 통신 기업] SW 엔지니어 (시니어) 채용,"SW/솔루션,devops/시스템 엔지니어",7~15년,정규직,경기 성남시 분당구,"C, Linux, Embedded, SW",2026-09-26,https://jumpit.saramin.co.kr/position/54869194,,2026-09-07 23:30:50
점핏,지에스아이티엠,SAP ABAP 개발 및 운영 담당자,SW/솔루션,1~10년,정규직,서울 종로구,"ABAP, ERP, SAP",2026-09-30,https://jumpit.saramin.co.kr/position/54912442,,2026-09-07 23:30:50
점핏,송암시스콤,SW 개발자 (경력) 채용,SW/솔루션,5~15년,정규직,전남광주 나주시,"Java, jQuery, Spring Boot, JSP",2026-10-01,https://jumpit.saramin.co.kr/position/54901946,,2026-09-07 23:30:51
점핏,송암시스콤,Java 기반 백엔드/서버개발자 경력,서버/백엔드 개발자,5~15년,정규직,전남광주 나주시,"Java, MariaDB, MQTT, Oracle, PostgreSQL, Spring, Spring Framework, WebSocket, TCP/IP",2026-10-01,https://jumpit.saramin.co.kr/position/54901935,,2026-09-07 23:30:51
점핏,송암시스콤,프론트엔드개발자 경력,프론트엔드 개발자,3~15년,정규직,전남광주 나주시,"Bootstrap, jQuery, JSTL, MariaDB, Node.js, Oracle, Spring, JSP",2026-10-01,https://jumpit.saramin.co.kr/position/54901904,,2026-09-07 23:30:51
점핏,파더스랩,[대구] Embedded C++ 개발자 / Automotive SW / 경력 2년↑,HW/임베디드,2~10년,정규직,대구 동구,"Android OS, C, C++, Linux, Qt, Embedded, SW, Embedded Linux",2026-09-30,https://jumpit.saramin.co.kr/position/54899901,,2026-09-07 23:30:51
점핏,로아스,[ROAS] 로봇 소프트웨어 엔지니어,SW/솔루션,3~15년,정규직,경기 안양시,"SW, VR, ROS",2026-09-30,https://jumpit.saramin.co.kr/position/54910486,,2026-09-07 23:30:51
점핏,메타넷엑스,"K-클라우드 PM, PL (차~부장급)",개발 PM,5~20년,정규직,서울 종로구,"Kubernetes, Network, Firewall",2026-09-22,https://jumpit.saramin.co.kr/position/54830828,,2026-09-07 23:30:51
점핏,에너자이,AI 최적화 Researcher,"인공지능/머신러닝,SW/솔루션",1~15년,정규직,서울 강남구,"Kubernetes, Python, PyTorch, TensorFlow, DeepLearning, MachineLearning, AI/인공지능",2026-09-30,https://jumpit.saramin.co.kr/position/54902260,,2026-09-07 23:30:51
점핏,스콥정보통신,윈도우 어플리케이션 개발자 채용,,3~15년,정규직,서울 서초구,"C, C++, Git",2026-09-30,https://jumpit.saramin.co.kr/position/54908153,,2026-09-07 23:30:51
점핏,스콥정보통신,시스템 개발자 채용,"SW/솔루션,devops/시스템 엔지니어,서버/백엔드 개발자",3~15년,정규직,서울 서초구,"C++, Go, Kubernetes, LDAP, Linux, Python, Rust, Vault, Network",2026-09-30,https://jumpit.saramin.co.kr/position/54908146,,2026-09-07 23:30:51
점핏,스콥정보통신,기술지원팀 엔지니어 팀원 채용,기술지원,2~15년,정규직,서울 서초구,"Network, Ccna, Ccnp",2026-09-30,https://jumpit.saramin.co.kr/position/54908132,,2026-09-07 23:30:51
점핏,코보시스,C# 개발자,SW/솔루션,3~10년,정규직,서울 송파구,".NET, C#, Git, WPF, SW",2026-09-30,https://jumpit.saramin.co.kr/position/54907765,,2026-09-07 23:30:51
점핏,코보시스,서버 개발자,서버/백엔드 개발자,3~15년,정규직,서울 송파구,"Bootstrap, Flutter, Java, Linux, MySQL, Oracle, REST API, JSP, Mybatis",2026-09-30,https://jumpit.saramin.co.kr/position/54907748,,2026-09-07 23:30:51
점핏,코보시스,Flutter 개발자 (바로더 POS/테이블오더/QR오더),"안드로이드 개발자,iOS 개발자,크로스플랫폼 앱개발자",2~6년,정규직,서울 송파구,"Dart, Flutter, Socket.IO, REST API, WebSocket, Retrofit",2026-09-30,https://jumpit.saramin.co.kr/position/54907731,,2026-09-07 23:30:51
점핏,인아텍앤코포,스마트팩토리 로봇관제 S/W 개발자,SW/솔루션,1~5년,정규직,인천,"C#, Git, gRPC, Java, JavaScript, MQTT, Python, Spring Boot, REST API, MES",2026-09-30,https://jumpit.saramin.co.kr/position/54899181,,2026-09-07 23:30:51
점핏,인아텍앤코포,스마트팩토리 자율주행로봇 S/W개발,"인공지능/머신러닝,SW/솔루션",1~5년,정규직,인천,"C++, Git, Linux, Python, OpenCV, AI/인공지능, Embedded, ROS",2026-09-30,https://jumpit.saramin.co.kr/position/54899194,,2026-09-07 23:30:51
점핏,오프리메드,AI 개발자 팀원/팀장 (사원~과장),인공지능/머신러닝,5~10년,정규직,경기 수원시 영통구,"Python, PyTorch, TensorFlow, DeepLearning, AI/인공지능",2026-09-30,https://jumpit.saramin.co.kr/position/54897040,,2026-09-07 23:30:51
점핏,베스텔라랩,백엔드·인프라 풀스택 엔지니어,"웹 풀스택 개발자,devops/시스템 엔지니어,서버/백엔드 개발자",2~10년,정규직,경기 안양시 동안구,"Angular 2, Git, React, Spring Boot, Vue.js, REST API, AWS, NoSql, SQL, Network",2026-09-30,https://jumpit.saramin.co.kr/position/54897052,,2026-09-07 23:30:52
점핏,오프리메드,백엔드 개발자 (사원~과장),서버/백엔드 개발자,5~10년,정규직,경기 수원시 영통구,"Django, Java, JavaScript, Node.js, Python, REST API, AWS, SQL, GCP",2026-09-30,https://jumpit.saramin.co.kr/position/54896994,,2026-09-07 23:30:52
점핏,인공지능팩토리,Builder / Forward Deployed Engineer (FDE) 채용,서버/백엔드 개발자,3~5년,정규직,서울 중구,"AWS CodeDeploy, Docker, GitHub, Kafka, Kubernetes, NGINX, PostgreSQL, Python, Redis, DB",2026-09-30,https://jumpit.saramin.co.kr/position/54895343,,2026-09-07 23:30:52
점핏,에너자이,ML Engineer/Researcher,"인공지능/머신러닝,SW/솔루션",1~15년,정규직,서울 강남구,"C, C++, Keras, Python, PyTorch, TensorFlow, MachineLearning, AI/인공지능",2026-09-30,https://jumpit.saramin.co.kr/position/54902272,,2026-09-07 23:30:52
점핏,에너자이,AI 컴파일러 엔지니어,"인공지능/머신러닝,SW/솔루션",1~15년,정규직,서울 강남구,"C, C++, Haskell, Python, PyTorch, Scala, TensorFlow, MachineLearning, AI/인공지능, F#",2026-09-30,https://jumpit.saramin.co.kr/position/54902247,,2026-09-07 23:30:52
점핏,세미파이브,SoC Generator Design(Scala/Chisel) Engineer,HW/임베디드,1~10년,정규직,경기 성남시 분당구,"C, Git, Java, Linux, Perforce, Scala, HW, EDA",2026-09-29,https://jumpit.saramin.co.kr/position/54894211,,2026-09-07 23:30:52
점핏,세미파이브,SoC/System Architect,HW/임베디드,7~15년,정규직,경기 성남시 분당구,"Git, Perl, Python, HW, Shell",2026-09-29,https://jumpit.saramin.co.kr/position/54894195,,2026-09-07 23:30:52
점핏,세미파이브,Embedded Software Engineer,HW/임베디드,5~12년,정규직,경기 성남시 분당구,"C, SW, ARM",2026-09-29,https://jumpit.saramin.co.kr/position/54894182,,2026-09-07 23:30:52
점핏,세미파이브,SoC Design Engineer,HW/임베디드,4~15년,정규직,경기 성남시 분당구,"Verilog, ASIC, ARM",2026-09-29,https://jumpit.saramin.co.kr/position/54894223,,2026-09-07 23:30:52
점핏,세미파이브,SoC Verification Engineer,QA 엔지니어,3~10년,정규직,경기 성남시 분당구,"Verilog, ARM",2026-09-29,https://jumpit.saramin.co.kr/position/54894244,,2026-09-07 23:30:52
점핏,세미파이브,Physical Design Engineer,devops/시스템 엔지니어,4~15년,정규직,경기 성남시 분당구,"Perl, Python, Shell, Cloud Foundry",2026-09-29,https://jumpit.saramin.co.kr/position/54893745,,2026-09-07 23:30:52
점핏,세미파이브,Physical Implementation Engineer,HW/임베디드,4~15년,정규직,경기 성남시 분당구,"Git, Perl, Python, HW, Shell, Closure Compiler",2026-09-29,https://jumpit.saramin.co.kr/position/54893677,,2026-09-07 23:30:52
점핏,세미파이브,DFT Engineer,HW/임베디드,4~15년,정규직,경기 성남시 분당구,"HW, Embedded, Verilog",2026-09-29,https://jumpit.saramin.co.kr/position/54893656,,2026-09-07 23:30:52
점핏,인텍에프에이,기구설계 경력직원 채용,HW/임베디드,5~10년,정규직,경기 용인시,"Orcad, Solidworks, Autocad",2026-09-29,https://jumpit.saramin.co.kr/position/54900569,,2026-09-07 23:30:52
점핏,블루개러지,프론트엔드 개발자(8년~),"빅데이터 엔지니어,프론트엔드 개발자,크로스플랫폼 앱개발자",8~20년,정규직,서울 강동구,"GraphQL, Python, React, React Native, TypeScript",2026-09-29,https://jumpit.saramin.co.kr/position/54900139,,2026-09-07 23:30:52
점핏,블루개러지,프론트엔드 개발자(5~7년),"빅데이터 엔지니어,프론트엔드 개발자,크로스플랫폼 앱개발자",5~7년,정규직,서울 강동구,"GraphQL, Python, React, React Native, TypeScript",2026-09-29,https://jumpit.saramin.co.kr/position/54900151,,2026-09-07 23:30:52
점핏,블루개러지,Software Engineer / Full Stack(9년~),"웹 풀스택 개발자,프론트엔드 개발자",6~8년,정규직,서울 강동구,"Docker, Node.js, Python, TypeScript, AWS, GCP, WebRTC",2026-09-29,https://jumpit.saramin.co.kr/position/54900167,,2026-09-07 23:30:53
점핏,블루개러지,AI Artist / Product Designer(6~8년),웹퍼블리셔,6~8년,정규직,서울 강동구,GUI,2026-09-29,https://jumpit.saramin.co.kr/position/54900180,,2026-09-07 23:30:53
점핏,블루개러지,AI Artist / Product Designer(3~5년),웹퍼블리셔,3~5년,정규직,서울 강동구,GUI,2026-09-29,https://jumpit.saramin.co.kr/position/54900222,,2026-09-07 23:30:53
점핏,블루개러지,Software Engineer / Full Stack(3~5년),"웹 풀스택 개발자,프론트엔드 개발자",3~5년,정규직,서울 강동구,"Docker, Node.js, Python, TypeScript, AWS, GCP, WebRTC",2026-09-29,https://jumpit.saramin.co.kr/position/54900233,,2026-09-07 23:30:53
점핏,블루개러지,프론트엔드 개발자(2~4년),"빅데이터 엔지니어,프론트엔드 개발자,크로스플랫폼 앱개발자",2~4년,정규직,서울 강동구,"GraphQL, Python, React, React Native, TypeScript",2026-09-29,https://jumpit.saramin.co.kr/position/54900239,,2026-09-07 23:30:53
점핏,블루개러지,AI Artist / LLM Engineer(6~8년),빅데이터 엔지니어,6~8년,정규직,서울 강동구,"Pandas, PostgreSQL, Python, PyTorch",2026-09-29,https://jumpit.saramin.co.kr/position/54900129,,2026-09-07 23:30:53
점핏,블루개러지,AI Artist / LLM Engineer(9년~),빅데이터 엔지니어,6~8년,정규직,서울 강동구,"Pandas, PostgreSQL, Python, PyTorch",2026-09-29,https://jumpit.saramin.co.kr/position/54900121,,2026-09-07 23:30:53
점핏,블루개러지,AI Artist / Product Designer(9년~),웹퍼블리셔,9~20년,정규직,서울 강동구,GUI,2026-09-29,https://jumpit.saramin.co.kr/position/54900112,,2026-09-07 23:30:53
점핏,블루개러지,Software Engineer / Full Stack(6~8년),"웹 풀스택 개발자,프론트엔드 개발자",6~8년,정규직,서울 강동구,"Docker, Node.js, Python, TypeScript, AWS, GCP, WebRTC",2026-09-29,https://jumpit.saramin.co.kr/position/54900089,,2026-09-07 23:30:53
점핏,블루개러지,AI Artist / LLM Engineer(3~5년),빅데이터 엔지니어,3~5년,정규직,서울 강동구,"Pandas, PostgreSQL, Python, PyTorch",2026-09-29,https://jumpit.saramin.co.kr/position/54900070,,2026-09-07 23:30:53
점핏,디지털포토,클라우드 엔지니어 (3년~5년),"기술지원,정보보안 담당자,빅데이터 엔지니어,devops/시스템 엔지니어,서버/백엔드 개발자",3~5년,정규직,서울 서초구,"Apache HTTP Server, CentOS, Linux, NGINX, Oracle, Network",2026-09-29,https://jumpit.saramin.co.kr/position/54898466,,2026-09-07 23:30:53
점핏,미디어로그,정보보안,정보보안 담당자,4~15년,정규직,서울 마포구,"ISMS, CPPG",2026-09-29,https://jumpit.saramin.co.kr/position/54899304,,2026-09-07 23:30:53
점핏,미디어로그,SM/SI 개발,서버/백엔드 개발자,10~14년,정규직,서울 마포구,"Apache Tomcat, Java, JUnit, Linux, MariaDB, MySQL, Spring Boot, REST API, SQL",2026-09-29,https://jumpit.saramin.co.kr/position/54899291,,2026-09-07 23:30:53
점핏,아이메디컴,의료기기 HW/FW 개발 채용,HW/임베디드,10~15년,정규직,경기 군포시,"C, C++, Linux, Python, FW, Embedded, RF, FPGA, PCB, Pads",2026-09-29,https://jumpit.saramin.co.kr/position/54898709,,2026-09-07 23:30:53
점핏,디지털포토,클라우드 엔지니어 (6년~8년),"정보보안 담당자,빅데이터 엔지니어,devops/시스템 엔지니어,서버/백엔드 개발자",6~8년,정규직,서울 서초구,"Apache HTTP Server, CentOS, Linux, NGINX, Oracle, Network",2026-09-29,https://jumpit.saramin.co.kr/position/54898455,,2026-09-07 23:30:53
점핏,반프,풀스텍 개발자(FullStack) 전문연구요원,"웹 풀스택 개발자,서버/백엔드 개발자",1~20년,정규직,서울 강남구,".NET, Docker, JavaScript, TypeScript, REST API, AI/인공지능, SQL, GCP",2026-09-29,https://jumpit.saramin.co.kr/position/54897758,,2026-09-07 23:30:53
점핏,반프,풀스텍 개발자(FullStack),"웹 풀스택 개발자,서버/백엔드 개발자",5~20년,정규직,서울 강남구,".NET, Docker, JavaScript, TypeScript, REST API, AI/인공지능, SQL, GCP",2026-09-29,https://jumpit.saramin.co.kr/position/54897619,,2026-09-07 23:30:54
점핏,이너버스,통합보안관리 엔지니어(경력),"기술지원,정보보안 담당자,빅데이터 엔지니어,devops/시스템 엔지니어",3~7년,정규직,서울 영등포구,"Docker, Elasticsearch, Kafka, Linux, Python, vmware, SW, Shell",2026-09-29,https://jumpit.saramin.co.kr/position/54896446,,2026-09-07 23:30:54
점핏,이너버스,통합보안관리 엔지니어(신입),"기술지원,정보보안 담당자,빅데이터 엔지니어,devops/시스템 엔지니어",경력무관,정규직,서울 영등포구,"Docker, Elasticsearch, Kafka, Linux, Python, vmware, SW, Shell",2026-09-29,https://jumpit.saramin.co.kr/position/54896395,,2026-09-07 23:30:54
점핏,엔클로니,"[C/C++, C#] 검사장비 고속 제어 및 비전 SW 개발자 채용 (경력)","인공지능/머신러닝,SW/솔루션,devops/시스템 엔지니어,HW/임베디드",3~20년,정규직,서울 구로구,"C, C#, C++, Git, WPF, TCP/IP, SW, MES, Embedded Linux",2026-09-26,https://jumpit.saramin.co.kr/position/54882058,,2026-09-07 23:30:54
점핏,다우기술,증권 퇴직연금 시스템 개발,서버/백엔드 개발자,3~20년,정규직,서울 마포구,Oracle,2026-09-09,https://jumpit.saramin.co.kr/position/54879903,,2026-09-07 23:30:54
점핏,노아시스템즈,네트워크 트래픽 관제 시스템 개발,"devops/시스템 엔지니어,서버/백엔드 개발자",5~10년,정규직,서울 성동구,"Java, Kafka, Linux, MySQL, PostgreSQL, Spring, Spring Boot, Swagger UI, Spring Security, Shell",2026-09-29,https://jumpit.saramin.co.kr/position/54875568,,2026-09-07 23:30:54
점핏,다우기술,금융 데이터 아키텍트 (DA),DBA,7~20년,정규직,서울 마포구,"Hadoop, Java, Kafka, MySQL, Oracle, PostgreSQL, Ruby, Scala",2026-09-09,https://jumpit.saramin.co.kr/position/54880475,,2026-09-07 23:30:54
점핏,다우기술,AI 보안 엔지니어,정보보안 담당자,3~10년,정규직,경기 성남시 수정구,AI/인공지능,2026-09-09,https://jumpit.saramin.co.kr/position/54880432,,2026-09-07 23:30:54
점핏,다우기술,MTS 채널 개발,"안드로이드 개발자,iOS 개발자",5~20년,정규직,서울 마포구,"Java, JavaScript, Kotlin, Objective-C, Swift",2026-09-09,https://jumpit.saramin.co.kr/position/54880401,,2026-09-07 23:30:54
점핏,다우기술,Web Application PM/PL,"DBA,개발 PM,서버/백엔드 개발자",7~15년,정규직,경기 성남시 분당구,"Java, JavaScript, Next.js, Python, QueryDSL, React, Spring Boot, Vue.js, Mybatis, AI/인공지능",2026-09-09,https://jumpit.saramin.co.kr/position/54879845,,2026-09-07 23:30:54
점핏,다우기술,HTS 채널 개발,프론트엔드 개발자,5~20년,정규직,서울 마포구,"JavaScript, Mfc",2026-09-09,https://jumpit.saramin.co.kr/position/54880016,,2026-09-07 23:30:54
점핏,다우기술,증권 품질 관리,QA 엔지니어,3~20년,정규직,서울 마포구,QA,2026-09-09,https://jumpit.saramin.co.kr/position/54880506,,2026-09-07 23:30:54
점핏,다우기술,AI 개발,인공지능/머신러닝,3~15년,정규직,경기 성남시 분당구,"Python, REST API",2026-09-09,https://jumpit.saramin.co.kr/position/54879813,,2026-09-07 23:30:54
점핏,건솔루션,로봇개발 및 운영/AI응용 프로그램개발,인공지능/머신러닝,2~10년,정규직,경기 안양시 만안구,AI/인공지능,2026-09-29,https://jumpit.saramin.co.kr/position/54880479,,2026-09-07 23:30:54
점핏,다우기술,메일 시스템 서버 개발,서버/백엔드 개발자,5~20년,정규직,경기 성남시 분당구,"C, C++, Java, Linux, PostgreSQL, Python, Spring Framework, SQLite, Mybatis",2026-09-09,https://jumpit.saramin.co.kr/position/54879861,,2026-09-07 23:30:54
점핏,다우기술,정보보호관리,정보보안 담당자,5~20년,정규직,경기 성남시 수정구,"AWS WAF, ISMS, IPS",2026-09-09,https://jumpit.saramin.co.kr/position/54880454,,2026-09-07 23:30:54
점핏,에쓰씨케이,Microsoft 프로젝트 및 기술지원 담당 모집,기술지원,5~15년,정규직,서울 강남구,"Microsoft Azure, Microsoft IIS, Microsoft Office 365, PowerShell, Windows Server",2026-09-29,https://jumpit.saramin.co.kr/position/54772957,,2026-09-07 23:30:55
점핏,에쓰씨케이,DevOps엔지니어 (GitHub) 모집,devops/시스템 엔지니어,5~10년,정규직,서울 강남구,"GitHub Actions, GitHub Enterprise, Kubernetes, Microsoft Azure, Terraform",2026-09-29,https://jumpit.saramin.co.kr/position/54773024,,2026-09-07 23:30:55
점핏,코어시큐리티,보안기술연구 담당자 채용,"정보보안 담당자,devops/시스템 엔지니어,서버/백엔드 개발자",5~10년,정규직,서울 송파구,TCP/IP,2026-09-29,https://jumpit.saramin.co.kr/position/54814188,,2026-09-07 23:30:55
점핏,에이아이콴텍,로보어드바이저 IRP 시스템 개발/운영,"웹 풀스택 개발자,devops/시스템 엔지니어",3~20년,정규직,서울 영등포구,"Java, MariaDB, React, Spring Batch, Spring Boot",2026-09-28,https://jumpit.saramin.co.kr/position/54880338,,2026-09-07 23:30:55
점핏,넥서스커뮤니티,PBX 개발자 채용,devops/시스템 엔지니어,10~20년,정규직,서울,"C++, WebRTC",2026-09-28,https://jumpit.saramin.co.kr/position/54879679,,2026-09-07 23:30:55
점핏,씨앤지 마이크로웨이브,S/W 소프트웨어 개발 (경력),SW/솔루션,1~20년,정규직,대전 유성구,".NET, C#, WPF, SW, Vb.net",2026-09-28,https://jumpit.saramin.co.kr/position/54883391,,2026-09-07 23:30:55
점핏,엘아이지시스템,TA(Techical Achitect) 경력 채용,"정보보안 담당자,devops/시스템 엔지니어,서버/백엔드 개발자",5~8년,정규직,서울,"Linux, Windows, Utm",2026-09-28,https://jumpit.saramin.co.kr/position/54840460,,2026-09-07 23:30:55
점핏,엘아이지시스템,AA(Application Architect) 경력 채용,devops/시스템 엔지니어,5~8년,정규직,서울,"Azure DevOps, Spring, Spring Security, Azure DevOps Server",2026-09-28,https://jumpit.saramin.co.kr/position/54840431,,2026-09-07 23:30:55
점핏,대진정보통신,PIA자격/개인정보보호컨설팅(1~3년),정보보안 담당자,1~3년,정규직,서울 관악구,"ISMS, CPPG",2026-09-27,https://jumpit.saramin.co.kr/position/54879661,,2026-09-07 23:30:55
점핏,비에이치에스티,머신비전 SW 개발자 신입 채용,"인공지능/머신러닝,SW/솔루션,devops/시스템 엔지니어",경력무관,정규직,충남 아산시,"C, C++, Git, Visual Studio, OpenCV, Mfc, PCB, CUDA, PLC, HALCON",2026-09-27,https://jumpit.saramin.co.kr/position/54883779,,2026-09-07 23:30:55
점핏,비에이치에스티,머신비전 SW 개발자 경력 채용,"인공지능/머신러닝,SW/솔루션,devops/시스템 엔지니어",1~10년,정규직,충남 아산시,"C, C++, Git, Visual Studio, OpenCV, Mfc, PCB, CUDA, PLC, HALCON",2026-09-27,https://jumpit.saramin.co.kr/position/54883792,,2026-09-07 23:30:55
점핏,엔쓰리엔,[개발본부]클라우드 PM (12~17년),devops/시스템 엔지니어,12~17년,정규직,서울 강남구,Azure DevOps,2026-09-27,https://jumpit.saramin.co.kr/position/54879652,,2026-09-07 23:30:55
점핏,대진정보통신,PIA자격/개인정보보호컨설팅(4~7년),정보보안 담당자,4~7년,정규직,서울 관악구,"ISMS, CPPG",2026-09-27,https://jumpit.saramin.co.kr/position/54879667,,2026-09-07 23:30:55
점핏,포씨게이트,병원 Kiosk 시스템 개발 및 운영,SW/솔루션,2~7년,정규직,서울 영등포구,"C#, MSSQL, MySQL, Oracle, Windows, SW",2026-09-27,https://jumpit.saramin.co.kr/position/54855095,,2026-09-07 23:30:55
점핏,케어메디,자동화 SW 개발 경력 채용,SW/솔루션,5~20년,정규직,서울 영등포구,"C#, WPF, PLC",2026-09-27,https://jumpit.saramin.co.kr/position/54735305,,2026-09-07 23:30:55
점핏,바로팜,데이터 엔지니어 채용,빅데이터 엔지니어,7~20년,정규직,서울 동작구,"Amazon Kinesis, Kafka, Python, AWS",2026-09-27,https://jumpit.saramin.co.kr/position/54883421,,2026-09-07 23:30:55
점핏,바로팜,AI 엔지니어,인공지능/머신러닝,5~20년,정규직,서울 동작구,"REST API, AWS, AI/인공지능",2026-09-26,https://jumpit.saramin.co.kr/position/54883395,,2026-09-07 23:30:56
점핏,티투엘,고급 백엔드 설계 개발자(16~18년),서버/백엔드 개발자,16~18년,정규직,경기 고양시,Java,2026-09-26,https://jumpit.saramin.co.kr/position/54883384,,2026-09-07 23:30:56
점핏,티투엘,고급 백엔드 설계 개발자(13~15년),서버/백엔드 개발자,13~15년,정규직,경기 고양시,Java,2026-09-26,https://jumpit.saramin.co.kr/position/54883375,,2026-09-07 23:30:56
점핏,티투엘,고급 백엔드 설계 개발자(10~12년),서버/백엔드 개발자,10~12년,정규직,경기 고양시,Java,2026-09-26,https://jumpit.saramin.co.kr/position/54883360,,2026-09-07 23:30:56
점핏,티투엘,중급 백엔드 개발자 (8~10년),서버/백엔드 개발자,8~10년,정규직,경기 고양시,Java,2026-09-26,https://jumpit.saramin.co.kr/position/54883356,,2026-09-07 23:30:56
점핏,티투엘,중급 백엔드 개발자 (5~7년),서버/백엔드 개발자,5~7년,정규직,경기 고양시,Java,2026-09-26,https://jumpit.saramin.co.kr/position/54883352,,2026-09-07 23:30:56
점핏,에스투더블유,멀웨어 분석가 신입 (Malware Analyst),정보보안 담당자,경력무관,정규직,경기 성남시 분당구,"C, C++, Docker, Git, Go, Jira, Kubernetes, Python, Rust, Notion",2026-09-26,https://jumpit.saramin.co.kr/position/54883313,,2026-09-07 23:30:56
점핏,이스트시큐리티,AI 사업개발 매니저 채용,정보보안 담당자,5~10년,정규직,서울 서초구,"AWS, HW, SW, ESET Endpoint Security, Google Cloud Endpoints",2026-09-26,https://jumpit.saramin.co.kr/position/54880707,,2026-09-07 23:30:56
점핏,씨어스테크놀로지,PyQt GUI 개발자 채용,인공지능/머신러닝,2~10년,정규직,경기 성남시 분당구,"Jira, NumPy, Pandas, PyQt, Python, OpenGL, Notion, Matplotlib",2026-09-26,https://jumpit.saramin.co.kr/position/54882851,,2026-09-07 23:30:56
점핏,이스트시큐리티,시스템 엔지니어 경력 채용,서버/백엔드 개발자,10~20년,정규직,서울 서초구,"Argo, CentOS, Jenkins, Linux, Ubuntu",2026-09-12,https://jumpit.saramin.co.kr/position/54749139,,2026-09-07 23:30:56
점핏,엔클로니,멀티카메라 영상처리 시스템 개발자 채용,"인공지능/머신러닝,SW/솔루션,프론트엔드 개발자",5~15년,정규직,서울 구로구,"C++, Windows, FFMPEG",2026-09-26,https://jumpit.saramin.co.kr/position/54882049,,2026-09-07 23:30:56
점핏,럭스로보,PCB ai 라우터/자동 배선 알고리즘,"인공지능/머신러닝,SW/솔루션,devops/시스템 엔지니어,HW/임베디드",4~10년,정규직,서울 서초구,"C++, Python, Orcad, PCB, CUDA",2026-09-26,https://jumpit.saramin.co.kr/position/54881633,,2026-09-07 23:30:56
점핏,럭스로보,ML/AI 엔지니어,인공지능/머신러닝,4~10년,정규직,서울 서초구,"C++, Python, MachineLearning, AI/인공지능, PCB",2026-09-26,https://jumpit.saramin.co.kr/position/54881721,,2026-09-07 23:30:56
점핏,럭스로보,회로 시뮬레이션 엔진 개발자,,3~15년,정규직,서울 서초구,"Angular CLI, C++, Python",2026-09-26,https://jumpit.saramin.co.kr/position/54881766,,2026-09-07 23:30:56
점핏,커넥트,시니어 개발자 경력(10년 이상) 채용,"정보보안 담당자,인공지능/머신러닝,빅데이터 엔지니어,devops/시스템 엔지니어,서버/백엔드 개발자,프론트엔드 개발자",10~20년,정규직,전북 전주시 완산구,"Gerrit Code Review, AI/인공지능, SW",2026-09-26,https://jumpit.saramin.co.kr/position/54881621,,2026-09-07 23:30:56
점핏,커넥트,시니어 개발자 경력(8년 이상) 채용,"정보보안 담당자,인공지능/머신러닝,빅데이터 엔지니어,devops/시스템 엔지니어,서버/백엔드 개발자,프론트엔드 개발자",8~15년,정규직,전북 전주시 완산구,"Gerrit Code Review, AI/인공지능, SW",2026-09-26,https://jumpit.saramin.co.kr/position/54881575,,2026-09-07 23:30:56
점핏,쿤텍,HIL시뮬레이션엔지니어,"기술지원,빅데이터 엔지니어,devops/시스템 엔지니어",경력무관,정규직,경기 성남시,Git,2026-09-10,https://jumpit.saramin.co.kr/position/54728528,,2026-09-07 23:30:57
점핏,알피니언메디칼시스템,초음파 영상 알고리즘 개발 사원 채용(신입 가능),SW/솔루션,1~4년,정규직,서울 강서구,"C, C#, C++, MATLAB, Windows, SW, OpenGL, CUDA",2026-09-26,https://jumpit.saramin.co.kr/position/54880366,,2026-09-07 23:30:57
점핏,쿤텍,SIL시뮬레이션엔지니어(경력),"기술지원,빅데이터 엔지니어,devops/시스템 엔지니어",1~5년,정규직,경기 성남시,"C, C#, C++, Python",2026-09-10,https://jumpit.saramin.co.kr/position/54728506,,2026-09-07 23:30:57
점핏,쿤텍,HIL시뮬레이션엔지니어(경력),"기술지원,빅데이터 엔지니어,devops/시스템 엔지니어",1~5년,정규직,경기 성남시,"C, C#, C++, Python",2026-09-10,https://jumpit.saramin.co.kr/position/54728545,,2026-09-07 23:30:57
점핏,쿤텍,SIL시뮬레이션엔지니어,"기술지원,빅데이터 엔지니어,devops/시스템 엔지니어",경력무관,정규직,경기 성남시,Git,2026-09-10,https://jumpit.saramin.co.kr/position/54728455,,2026-09-07 23:30:57
점핏,셀틱스테크놀로지,System Module Engineer,devops/시스템 엔지니어,3~7년,정규직,경기 용인시 처인구,".NET, ASP.NET, C#, Docker, JavaScript, MSSQL, React, TypeScript, REST API",2026-09-26,https://jumpit.saramin.co.kr/position/54879697,,2026-09-07 23:30:57
점핏,올거나이즈코리아,FDE(SW) - Solutions Architect,devops/시스템 엔지니어,1~20년,정규직,서울 강남구,"Linux, Python, AI/인공지능, K8S, Infra",2026-09-26,https://jumpit.saramin.co.kr/position/54877833,,2026-09-07 23:30:57
점핏,올거나이즈코리아,[일본] FDE(SW) - Solutions Architect,devops/시스템 엔지니어,1~20년,정규직,아시아·중동 일본 도쿄,"Linux, Python, AI/인공지능, K8S, Infra",2026-09-26,https://jumpit.saramin.co.kr/position/54877815,,2026-09-07 23:30:57
점핏,리브스메드,수술 로봇 Vision SW Engineer,SW/솔루션,1~20년,정규직,경기 성남시,"C, C++, Linux, Python, PyTorch, OpenCV, AI/인공지능, SW, CUDA, FFMPEG",2026-09-26,https://jumpit.saramin.co.kr/position/54878066,,2026-09-07 23:30:57
점핏,쿤텍,임베디드SW/FW개발(신입),서버/백엔드 개발자,경력무관,정규직,경기 성남시,"Python, SW, FastAPI",2026-09-26,https://jumpit.saramin.co.kr/position/54876681,,2026-09-07 23:30:57
점핏,쿤텍,임베디드SW/FW개발(경력),서버/백엔드 개발자,3~6년,정규직,경기 성남시,"Python, SW, FastAPI",2026-09-26,https://jumpit.saramin.co.kr/position/54876612,,2026-09-07 23:30:57
점핏,쿤텍,임베디드SW/FW개발(7↑),"SW/솔루션,서버/백엔드 개발자,HW/임베디드",7~10년,정규직,경기 성남시,"Python, FW, SW, FastAPI",2026-09-26,https://jumpit.saramin.co.kr/position/54876634,,2026-09-07 23:30:57
점핏,룰루랩,풀스택 개발자(개발팀),"웹 풀스택 개발자,빅데이터 엔지니어,서버/백엔드 개발자,프론트엔드 개발자",3~5년,정규직,서울 강남구,"Azure DevOps, Linux, Python, AWS, GCP, AZURE",2026-09-25,https://jumpit.saramin.co.kr/position/54869775,,2026-09-07 23:30:57
점핏,룰루랩,DevSecOps / 보안 엔지니어 (인프라 보안 및 인증 대응),"정보보안 담당자,devops/시스템 엔지니어",3~10년,정규직,서울 강남구,"Azure DevOps, Linux, Python, AWS, GCP, AZURE",2026-09-25,https://jumpit.saramin.co.kr/position/54869684,,2026-09-07 23:30:57
점핏,아론티어,Bioinformatics Research Scientist,인공지능/머신러닝,1~10년,정규직,서울 서초구,AI/인공지능,2026-09-26,https://jumpit.saramin.co.kr/position/54871499,,2026-09-07 23:30:57
점핏,아론티어,Computational Protein Design Scientist (병역특례),인공지능/머신러닝,1~10년,정규직,서울 서초구,"Linux, Python, AI/인공지능",2026-09-26,https://jumpit.saramin.co.kr/position/54871496,,2026-09-07 23:30:57
점핏,아론티어,AI Researcher Scientist (병역특례),인공지능/머신러닝,2~10년,정규직,서울 서초구,"GitHub, Linux, Python, PyTorch",2026-09-26,https://jumpit.saramin.co.kr/position/54871511,,2026-09-07 23:30:59
점핏,넥스트칩,SoC Embedded SW 엔지니어,SW/솔루션,5~10년,정규직,경기 성남시,"Android OS, Linux, Embedded, SW, RTOS, Embedded Linux",2026-09-26,https://jumpit.saramin.co.kr/position/54871013,,2026-09-07 23:30:59
점핏,아론티어,AI기반 단백질 디자인 (병역특례),인공지능/머신러닝,2~10년,정규직,서울 서초구,"Docker, GitHub, JavaScript, Linux, Python, React, Redux, TypeScript, Jotai",2026-09-26,https://jumpit.saramin.co.kr/position/54871519,,2026-09-07 23:30:59
점핏,아론티어,AI기반 바이오마커 예측 (병역특례),인공지능/머신러닝,2~10년,정규직,서울 서초구,"GitHub, Linux, PyTorch, AI/인공지능",2026-09-26,https://jumpit.saramin.co.kr/position/54871503,,2026-09-07 23:30:59
점핏,제이브이엠,제어팀 FW개발,HW/임베디드,3~20년,정규직,대구,"Embedded, MCU",2026-09-26,https://jumpit.saramin.co.kr/position/54869051,,2026-09-07 23:30:59
점핏,씨어스테크놀로지,LLM Developer,인공지능/머신러닝,5~20년,정규직,경기 성남시 분당구,"AWS, MachineLearning, AI/인공지능, GCP, AZURE, NLP",2026-09-26,https://jumpit.saramin.co.kr/position/54864093,,2026-09-07 23:30:59
점핏,제이브이엠,제어팀 설계변경/양산기술,HW/임베디드,7~20년,정규직,대구,Orcad,2026-09-26,https://jumpit.saramin.co.kr/position/54869031,,2026-09-07 23:30:59
점핏,케어메디,HW 개발 경력 채용,HW/임베디드,5~20년,정규직,서울 영등포구,"HW, PCB",2026-09-26,https://jumpit.saramin.co.kr/position/54829180,,2026-09-07 23:30:59
점핏,이너버스,백엔드 개발자 (시니어),QA 엔지니어,5~20년,정규직,서울 영등포구,"Docker, Elasticsearch, Gradle, Java, Linux, Python, scikit-learn, TensorFlow, QA, Golang",2026-09-25,https://jumpit.saramin.co.kr/position/54871749,,2026-09-07 23:30:59
점핏,이너버스,백엔드 개발자 (주니어),QA 엔지니어,1~4년,정규직,서울 영등포구,"Docker, Elasticsearch, Gradle, Java, Linux, Python, scikit-learn, TensorFlow, QA, Golang",2026-09-25,https://jumpit.saramin.co.kr/position/54871745,,2026-09-07 23:30:59
점핏,이너버스,백엔드 개발자 (신입),QA 엔지니어,경력무관,정규직,서울 영등포구,"Docker, Elasticsearch, Gradle, Java, Linux, Python, scikit-learn, TensorFlow, QA, Golang",2026-09-25,https://jumpit.saramin.co.kr/position/54871744,,2026-09-07 23:30:59
점핏,아이디에스앤트러스트,AI Agent Platform Engineer 채용,서버/백엔드 개발자,3~20년,정규직,서울 강남구,"Markdown, Node.js, PM2, Python, Slack, REST API, AI/인공지능, Cloud AI Platform Pipelines",2026-09-25,https://jumpit.saramin.co.kr/position/54871154,,2026-09-07 23:30:59
점핏,아이디에스앤트러스트,AI Agent Operations 경력 채용,기술지원,3~20년,정규직,서울 강남구,"Confluence, Jira, Markdown, Python, AI/인공지능, SQL, Notion, SpreadsheetDB",2026-09-25,https://jumpit.saramin.co.kr/position/54871010,,2026-09-07 23:30:59
점핏,엑소시스템즈,디지털헬스케어 플랫폼 AI 엔지니어,인공지능/머신러닝,1~10년,정규직,경기,"Docker, Linux, MySQL, Pandas, Python, PyTorch, R Language, TensorFlow, AWS, SQL",2026-09-25,https://jumpit.saramin.co.kr/position/54871041,,2026-09-07 23:30:59
점핏,엑소시스템즈,디지털헬스케어 플랫폼임베디드 개발자,"SW/솔루션,HW/임베디드",3~10년,정규직,경기,"C, C++, Docker, Git, Linux, Python, Windows, Embedded, Network, FPGA",2026-09-25,https://jumpit.saramin.co.kr/position/54871020,,2026-09-07 23:30:59
점핏,엑소시스템즈,디지털헬스케어 플랫폼 SW개발자,SW/솔루션,3~7년,정규직,경기 성남시,"Android OS, Firebase, Kotlin, AWS, SW",2026-09-25,https://jumpit.saramin.co.kr/position/54871008,,2026-09-07 23:30:59
점핏,어보브반도체,Automotive MCU Engineer(경력),"웹 풀스택 개발자,인공지능/머신러닝,SW/솔루션,서버/백엔드 개발자,HW/임베디드",10~20년,정규직,서울 강남구,MCU,2026-09-26,https://jumpit.saramin.co.kr/position/54870943,,2026-09-07 23:31:00
점핏,어보브반도체,검증팀 엔지니어(경력),"devops/시스템 엔지니어,HW/임베디드",7~10년,정규직,서울 강남구,"C, C#, C++, FPGA, MCU",2026-09-25,https://jumpit.saramin.co.kr/position/54870958,,2026-09-07 23:31:00
점핏,엑스페릭스,[4.5일제/유연근무제] 펌웨어 개발자,HW/임베디드,3~15년,정규직,서울 송파구,"C, C++, Linux",2026-09-25,https://jumpit.saramin.co.kr/position/54870718,,2026-09-07 23:31:00
점핏,드림디엔엠,네트워크 인프라 운영 신입 채용,"정보보안 담당자,devops/시스템 엔지니어",경력무관,정규직,서울 송파구,"Network, Infra",2026-09-25,https://jumpit.saramin.co.kr/position/54870671,,2026-09-07 23:31:00
점핏,뷰런테크놀로지,SLAM 엔지니어(모빌리티),"인공지능/머신러닝,SW/솔루션",1~10년,정규직,서울 서초구,"C++, TensorFlow, Embedded, ROS",2026-09-25,https://jumpit.saramin.co.kr/position/54869426,,2026-09-07 23:31:00
점핏,뷰런테크놀로지,Perception 엔지니어(모빌리티),"인공지능/머신러닝,SW/솔루션,devops/시스템 엔지니어,HW/임베디드",1~10년,정규직,서울 서초구,"C++, SW, ROS",2026-09-25,https://jumpit.saramin.co.kr/position/54869553,,2026-09-07 23:31:00
점핏,뷰런테크놀로지,Edge AI 최적화 엔지니어(모빌리티),"인공지능/머신러닝,SW/솔루션,빅데이터 엔지니어,HW/임베디드",1~10년,정규직,서울 서초구,"C++, TensorFlow, AI/인공지능, HW, Embedded, SW, CUDA",2026-09-25,https://jumpit.saramin.co.kr/position/54869324,,2026-09-07 23:31:00
점핏,폴라리스쓰리디,자율주행로봇 관제시스템 백엔드(서울),서버/백엔드 개발자,3~10년,정규직,서울 구로구,"Docker, Git, Java, MySQL, PostgreSQL, React, Spring Boot, Vue.js, REST API, AWS",2026-09-25,https://jumpit.saramin.co.kr/position/54867032,,2026-09-07 23:31:00
점핏,러닝포인트,안드로이드 러닝 앱 개발자 경력 (1~3년),"안드로이드 개발자,iOS 개발자",1~3년,정규직,서울,"Android OS, Figma, Firebase, Git, iOS, Kotlin",2026-09-25,https://jumpit.saramin.co.kr/position/54866562,,2026-09-07 23:31:00
점핏,러닝포인트,풀스텍 개발자-경력,서버/백엔드 개발자,1~3년,정규직,서울,"ExpressJS, JavaScript, MySQL, Next.js, Node.js, React, Redis, TypeScript, TailwindCSS",2026-09-25,https://jumpit.saramin.co.kr/position/54866536,,2026-09-07 23:31:00
점핏,학교종이,프론트엔드 개발자 (경력),프론트엔드 개발자,2~3년,정규직,세종특별자치시,"Angular 2, Angular CLI, AngularJS, Electron, Firebase, RxJS, TypeScript, TailwindCSS, Capacitor",2026-09-25,https://jumpit.saramin.co.kr/position/54866014,,2026-09-07 23:31:00
점핏,위드네트웍스,보안 연구소 솔루션 개발자(신입),SW/솔루션,경력무관,정규직,서울 강서구,"Java, JavaScript, Spring, Spring Boot, Vue.js",2026-09-25,https://jumpit.saramin.co.kr/position/54864707,,2026-09-07 23:31:00
점핏,위드네트웍스,보안 연구소 솔루션 개발자(경력),SW/솔루션,1~3년,정규직,서울 강서구,"Java, JavaScript, Spring, Spring Boot, Vue.js",2026-09-25,https://jumpit.saramin.co.kr/position/54864746,,2026-09-07 23:31:00
점핏,알피니언메디칼시스템,SW개발 Platform파트 연구원 채용,SW/솔루션,1~4년,정규직,서울 강서구,"C, C#, C++, JavaScript, Windows, WPF, SW, Visual C++",2026-09-25,https://jumpit.saramin.co.kr/position/54855850,,2026-09-07 23:31:00
점핏,씨어스테크놀로지,백엔드 개발자 경력 채용,서버/백엔드 개발자,5~20년,정규직,경기 성남시 분당구,"Java, Spring Boot, REST API, AWS, MSA",2026-09-25,https://jumpit.saramin.co.kr/position/54852445,,2026-09-07 23:31:00
점핏,알피니언메디칼시스템,초음파 의료기기 SW개발 Measurement 채용,SW/솔루션,4~13년,정규직,서울 강서구,"C, C#, C++, Windows, WPF, SW, Visual C++",2026-09-25,https://jumpit.saramin.co.kr/position/54855857,,2026-09-07 23:31:00
점핏,코그넥스코리아,AI Product Back-end Engineer,"인공지능/머신러닝,SW/솔루션,서버/백엔드 개발자",7~20년,정규직,서울 서초구,"Docker, Kubernetes, PostgreSQL, Python, Redis, Sass, REST API, DeepLearning, AI/인공지능, Queue",2026-09-25,https://jumpit.saramin.co.kr/position/54854922,,2026-09-07 23:31:01
점핏,엘비세미콘,반도체 MES 개발자 경력직 채용,"기술지원,devops/시스템 엔지니어",4~10년,정규직,경기 평택시,".NET, C#, C++, Oracle, MES",2026-09-25,https://jumpit.saramin.co.kr/position/54844503,,2026-09-07 23:31:01
점핏,지피에이코리아,개발팀 팀장,"웹 풀스택 개발자,SW/솔루션,devops/시스템 엔지니어,서버/백엔드 개발자,프론트엔드 개발자",5~10년,정규직,서울 강남구,"Amazon EC2, Android OS, Flutter, iOS, Java, JavaScript, Kotlin, Node.js, Objective-C, AWS",2026-09-23,https://jumpit.saramin.co.kr/position/54839923,,2026-09-07 23:31:01
점핏,지피에이코리아,풀스택 중급 개발자,웹 풀스택 개발자,3~6년,정규직,서울 강남구,"Amazon EC2, Amazon RDS, Android OS, Flutter, iOS, Java, Kotlin, Objective-C, Swift, AWS",2026-09-23,https://jumpit.saramin.co.kr/position/54839976,,2026-09-07 23:31:01
점핏,지피에이코리아,풀스택 고급 개발자,웹 풀스택 개발자,7~10년,정규직,서울 강남구,"Amazon EC2, Android OS, Flutter, iOS, Java, JavaScript, Kotlin, Node.js, Objective-C, AWS",2026-09-23,https://jumpit.saramin.co.kr/position/54840031,,2026-09-07 23:31:01
점핏,콜로세움코퍼레이션,Infra/System Engineer,devops/시스템 엔지니어,5~12년,정규직,서울 강남구,"Perl, Python, Ruby, AWS, GCP, AZURE, Shell",2026-09-24,https://jumpit.saramin.co.kr/position/54857750,,2026-09-07 23:31:01
점핏,피아스페이스,AI Backend Engineer 채용,SW/솔루션,1~10년,정규직,서울 서초구,"C++, Python",2026-09-09,https://jumpit.saramin.co.kr/position/54714396,,2026-09-07 23:31:01
점핏,텔콤씨앤에스,PC 자동화 프로그래머 (Robot & PC Software Engineer),devops/시스템 엔지니어,3~7년,정규직,대전 대덕구,"C#, C++, Python, Windows, TCP/IP, SW, PLC",2026-09-23,https://jumpit.saramin.co.kr/position/54842811,,2026-09-07 23:31:01
점핏,플라잎,Forward Deployed Robotics Engineer,"SW/솔루션,서버/백엔드 개발자",1~10년,정규직,경기 성남시 분당구,"C++, Python, ROS, PLC",2026-09-21,https://jumpit.saramin.co.kr/position/54801513,,2026-09-07 23:31:01
점핏,플라잎,[울산지사] Forward Deployed Engineer,SW/솔루션,1~10년,정규직,울산 남구,"C, C++, Python, ROS, PLC",2026-09-21,https://jumpit.saramin.co.kr/position/54801518,,2026-09-07 23:31:01
점핏,락플레이스,[RockPLACE] 오픈소스 컨테이너 플랫폼 (Redhat Openshift) 기술지원 경력 (대리~차장급/대전근무),기술지원,4~10년,정규직,대전 서구,"Kubernetes, Linux, Red Hat OpenShift",2026-09-22,https://jumpit.saramin.co.kr/position/54832163,,2026-09-07 23:31:01
점핏,락플레이스,[RockPLACE] 오픈소스 인프라 엔지니어 경력,기술지원,3~15년,정규직,서울 종로구,"Linux, RHCSA, OpenStack",2026-09-19,https://jumpit.saramin.co.kr/position/54813742,,2026-09-07 23:31:01
점핏,락플레이스,[RockPLACE] 오픈소스 컨테이너 플랫폼 (Redhat Openshift) 기술지원 경력 (대리~과장급/서울근무),기술지원,4~10년,정규직,서울 종로구,"Kubernetes, Linux, Red Hat OpenShift",2026-09-22,https://jumpit.saramin.co.kr/position/54832084,,2026-09-07 23:31:01
점핏,메타넷엑스,보안솔루션 엔지니어 채용 (대리~과장급),정보보안 담당자,3~10년,정규직,서울 종로구,"Linux, TCP/IP, Azure Security Center, Microsoft Azure, Windows Server, GCP, CISSP, CISA, Network, Firewall",2026-09-22,https://jumpit.saramin.co.kr/position/54831359,,2026-09-07 23:31:01
점핏,바로팜,정보보안 담당자,정보보안 담당자,5~20년,정규직,서울 동작구,"AWS, GCP, AZURE",2026-09-24,https://jumpit.saramin.co.kr/position/54851684,,2026-09-07 23:31:01
점핏,플래티어,[AI CX사업부문] 데브옵스 엔지니어,devops/시스템 엔지니어,3~7년,정규직,서울 송파구,"Kubernetes, AWS, GCP, AZURE, ISMS",2026-09-24,https://jumpit.saramin.co.kr/position/54838607,,2026-09-07 23:31:01
점핏,아인잡,백엔드 개발자 (경력),서버/백엔드 개발자,3~10년,정규직,서울 강남구,"GitHub, Java, MongoDB, MySQL, Redis, Slack, Spring Boot, AWS",2026-09-24,https://jumpit.saramin.co.kr/position/54839067,,2026-09-07 23:31:02
점핏,블루닷,코덱 소프트웨어 엔지니어 (경력),SW/솔루션,3~12년,정규직,서울 강남구,"Embedded, FPGA",2026-09-24,https://jumpit.saramin.co.kr/position/54839100,,2026-09-07 23:31:02
점핏,스페이스맵,개발 PM 채용,"개발 PM,서버/백엔드 개발자,프론트엔드 개발자",5~20년,정규직,서울 성동구,"JavaScript, Next.js, Python, React, TypeScript",2026-09-24,https://jumpit.saramin.co.kr/position/54842817,,2026-09-07 23:31:02
점핏,아인잡,자사 HR Platform 서비스 개발팀장,서버/백엔드 개발자,5~15년,정규직,서울 강남구,"Docker, Java, MySQL, Spring Framework, Spring Data JPA, REST API, AWS, NoSql",2026-09-24,https://jumpit.saramin.co.kr/position/54839090,,2026-09-07 23:31:02
점핏,아인잡,프론트엔드 개발자 (경력),프론트엔드 개발자,3~10년,정규직,서울 강남구,"CSS 3, GitHub, Jira, Next.js, React, Slack, TypeScript, Webpack, Notion",2026-09-24,https://jumpit.saramin.co.kr/position/54839079,,2026-09-07 23:31:02
점핏,싸이버로지텍,TA (Technical Architect) - 네트워크 관리/담당자,devops/시스템 엔지니어,3~20년,정규직,서울 마포구,"Linux, Windows",2026-09-24,https://jumpit.saramin.co.kr/position/54846455,,2026-09-07 23:31:02
점핏,씨앤유글로벌,HW개발자(5년이상) 채용,HW/임베디드,5~10년,정규직,경기 성남시 분당구,"Orcad, HW, Network, Pads, Embedded Linux",2026-09-23,https://jumpit.saramin.co.kr/position/54846017,,2026-09-07 23:31:02
점핏,씨앤유글로벌,백엔드 개발자 (5년 이상),서버/백엔드 개발자,5~10년,정규직,경기 성남시 분당구,"Java, MariaDB, Oracle, Spring",2026-09-23,https://jumpit.saramin.co.kr/position/54846025,,2026-09-07 23:31:02
점핏,바로팜,[비알피커넥트] 데이터 사이언티스트,빅데이터 엔지니어,5~20년,정규직,서울 동작구,"Python, SQL, Tableau, Power BI",2026-09-23,https://jumpit.saramin.co.kr/position/54846031,,2026-09-07 23:31:02
점핏,엔티엘헬스케어,SW개발(React/Vue·SpringBoot·AWS),안드로이드 개발자,3~20년,정규직,경기 성남시,"Java, MSSQL, MySQL, Next.js, PostgreSQL, React, Spring Boot, REST API, AWS, Mybatis",2026-09-23,https://jumpit.saramin.co.kr/position/54840668,,2026-09-07 23:31:02
점핏,크레셈,"SMART AI (C#, WPF) 개발 엔지니어 모집",SW/솔루션,4~10년,정규직,인천 연수구,".NET, Entity Framework, Git, Microsoft SQL Server, Oracle, Visual Studio, Windows",2026-09-23,https://jumpit.saramin.co.kr/position/54845606,,2026-09-07 23:31:02
점핏,크레셈,AI 연구 개발 엔지니어 (신입 무관),"인공지능/머신러닝,빅데이터 엔지니어",3~10년,정규직,인천 연수구,"Azure Database for MySQL, Azure Database for PostgreSQL, Google BigQuery, HTML5, MSSQL, MySQL, Python",2026-09-23,https://jumpit.saramin.co.kr/position/54845596,,2026-09-07 23:31:02
점핏,크레셈,제어기술팀 SW개발 경력 채용,SW/솔루션,3~10년,정규직,인천 연수구,"C#, Visual Studio",2026-09-23,https://jumpit.saramin.co.kr/position/54845588,,2026-09-07 23:31:02
점핏,크레셈,제어기술팀 SW개발 신입 채용,SW/솔루션,경력무관,정규직,인천 연수구,"C#, Visual Studio",2026-09-23,https://jumpit.saramin.co.kr/position/54845580,,2026-09-07 23:31:02
점핏,WATA Inc.,기술개발 총괄/리딩 CTO(16~20) [판교],"인공지능/머신러닝,SW/솔루션",16~20년,정규직,경기 성남시 분당구,"C, C++, Docker, Git, Linux, Python, Windows, ROS",2026-09-23,https://jumpit.saramin.co.kr/position/54844737,,2026-09-07 23:31:02
점핏,WATA Inc.,기술개발 총괄/리딩 CTO(10~15) [판교],"인공지능/머신러닝,SW/솔루션",10~15년,정규직,경기 성남시 분당구,"C, C++, Docker, Git, Linux, Python, Windows, ROS",2026-09-23,https://jumpit.saramin.co.kr/position/54844650,,2026-09-07 23:31:02
점핏,인피닉,AI 응용개발 경력직 채용,"인공지능/머신러닝,HW/임베디드",4~10년,정규직,서울 강남구,"C++, Linux, Python, Windows, Embedded",2026-09-23,https://jumpit.saramin.co.kr/position/54844581,,2026-09-07 23:31:03
점핏,핀다,Data Platform Team Lead,빅데이터 엔지니어,7~20년,정규직,서울 강남구,"Airflow, Kafka, Kubernetes, Terraform, AWS, Databricks",2026-09-23,https://jumpit.saramin.co.kr/position/54842819,,2026-09-07 23:31:03
점핏,지피에이코리아,개발팀 경력직 (중급),"웹 풀스택 개발자,SW/솔루션,devops/시스템 엔지니어,서버/백엔드 개발자,프론트엔드 개발자",1~3년,정규직,서울 강남구,"Amazon EC2, Android OS, Flutter, iOS, Java, JavaScript, Kotlin, Node.js, Objective-C, AWS",2026-09-23,https://jumpit.saramin.co.kr/position/54841374,,2026-09-07 23:31:03
점핏,지피에이코리아,개발팀 경력직 (고급),"웹 풀스택 개발자,SW/솔루션,devops/시스템 엔지니어,서버/백엔드 개발자,프론트엔드 개발자",4~6년,정규직,서울 강남구,"Amazon EC2, Android OS, Flutter, iOS, Java, JavaScript, Kotlin, Node.js, Objective-C, AWS",2026-09-23,https://jumpit.saramin.co.kr/position/54841224,,2026-09-07 23:31:03
점핏,지피에이코리아,풀스택 개발 팀장,웹 풀스택 개발자,7~10년,정규직,서울 강남구,"Amazon EC2, Android OS, Flutter, iOS, Java, JavaScript, Kotlin, Node.js, Objective-C, AWS",2026-09-23,https://jumpit.saramin.co.kr/position/54841116,,2026-09-07 23:31:03
점핏,휴먼에스,PHP 서버개발자 경력 모집 (5년↓),"기술지원,정보보안 담당자,프론트엔드 개발자",1~5년,정규직,대전 유성구,"CSS 3, HTML5, JavaScript",2026-09-23,https://jumpit.saramin.co.kr/position/54840807,,2026-09-07 23:31:03
점핏,휴먼에스,개발PM 경력 모집 (5년↓),"기술지원,정보보안 담당자,프론트엔드 개발자",1~5년,정규직,대전 유성구,"CSS 3, HTML5, JavaScript",2026-09-23,https://jumpit.saramin.co.kr/position/54841032,,2026-09-07 23:31:03
점핏,휴먼에스,개발PM 신입 모집,"기술지원,정보보안 담당자,프론트엔드 개발자",경력무관,정규직,대전 유성구,"CSS 3, HTML5, JavaScript",2026-09-23,https://jumpit.saramin.co.kr/position/54841046,,2026-09-07 23:31:03
점핏,휴먼에스,개발PM 임원급 모집,"기술지원,정보보안 담당자,프론트엔드 개발자",10~20년,정규직,대전 유성구,"CSS 3, HTML5, JavaScript",2026-09-23,https://jumpit.saramin.co.kr/position/54841066,,2026-09-07 23:31:03
점핏,휴먼에스,PHP 서버개발자 임원급 모집,"기술지원,정보보안 담당자,프론트엔드 개발자",6~15년,정규직,대전 유성구,"CSS 3, HTML5, JavaScript",2026-09-23,https://jumpit.saramin.co.kr/position/54840795,,2026-09-07 23:31:03
점핏,휴먼에스,PHP 서버개발자 신입 모집,"기술지원,정보보안 담당자,프론트엔드 개발자",경력무관,정규직,대전 유성구,"CSS 3, HTML5, JavaScript",2026-09-23,https://jumpit.saramin.co.kr/position/54840784,,2026-09-07 23:31:03
점핏,펫박스,Python 백엔드 개발자_9년이상,"DBA,devops/시스템 엔지니어,서버/백엔드 개발자,프론트엔드 개발자",9~20년,정규직,서울 마포구,"CodeIgniter, MySQL, PHP, Python, Selenium, AWS",2026-09-23,https://jumpit.saramin.co.kr/position/54840248,,2026-09-07 23:31:03
점핏,펫박스,Python 백엔드 개발자_6년~8년 채용,"DBA,devops/시스템 엔지니어,서버/백엔드 개발자,프론트엔드 개발자",6~8년,정규직,서울 마포구,"CodeIgniter, MySQL, PHP, Python, Selenium, AWS",2026-09-23,https://jumpit.saramin.co.kr/position/54840230,,2026-09-07 23:31:03
점핏,펫박스,Python 백엔드 개발자 채용,프론트엔드 개발자,8~15년,정규직,서울 마포구,"Amazon EKS, Amazon SQS, PostgreSQL, Redis, AWS",2026-09-23,https://jumpit.saramin.co.kr/position/54840210,,2026-09-07 23:31:03
점핏,펫박스,프론트엔드 개발자_11년 이상,"프론트엔드 개발자,웹퍼블리셔",11~20년,정규직,서울 마포구,"axios, CSS 3, HTML5, React, React Native, Vue.js, REST API",2026-09-23,https://jumpit.saramin.co.kr/position/54840099,,2026-09-07 23:31:03
점핏,펫박스,프론트엔드 개발자_5년 이상,"프론트엔드 개발자,웹퍼블리셔",5~7년,정규직,서울 마포구,"axios, CSS 3, HTML5, React, React Native, Vue.js, REST API",2026-09-23,https://jumpit.saramin.co.kr/position/54840071,,2026-09-07 23:31:03
점핏,펫박스,프론트엔드 개발자_1~4년,"프론트엔드 개발자,웹퍼블리셔",1~4년,정규직,서울 마포구,"axios, CSS 3, HTML5, React, React Native, Vue.js, REST API",2026-09-23,https://jumpit.saramin.co.kr/position/54840054,,2026-09-07 23:31:04
점핏,그립랩스,[유망 스타트업] 풀스텍 개발자 (Full-stack Developer),"웹 풀스택 개발자,프론트엔드 개발자",5~10년,정규직,서울 영등포구,"Java, Node.js, Python, TypeScript, AI/인공지능",2026-09-23,https://jumpit.saramin.co.kr/position/54840549,,2026-09-07 23:31:04
점핏,티윈,ReactJS 개발자 채용,프론트엔드 개발자,6~10년,정규직,서울 강남구,"React, Spring",2026-09-23,https://jumpit.saramin.co.kr/position/54833719,,2026-09-07 23:31:04
점핏,티윈,백엔드 개발자 채용 (상현역/마곡역),서버/백엔드 개발자,3~15년,정규직,경기 용인시,"Git, Java, MySQL, PostgreSQL, Spring Boot, REST API, SQL",2026-09-23,https://jumpit.saramin.co.kr/position/54833706,,2026-09-07 23:31:04
점핏,부스터스,Forward Deployed Engineer (FDE),"웹 풀스택 개발자,서버/백엔드 개발자",7~15년,정규직,서울 강남구,"GitHub, Kotlin, MySQL, Slack, Spring Batch, Spring Boot, AWS, GCP",2026-09-23,https://jumpit.saramin.co.kr/position/54838366,,2026-09-07 23:31:04
점핏,하마랩,AI 영상 분석 백엔드 엔지니어,"인공지능/머신러닝,서버/백엔드 개발자",1~10년,정규직,경기 성남시,"Docker, Python, OpenCV, AI/인공지능, CUDA, Embedded Linux, FFMPEG, yolo",2026-09-23,https://jumpit.saramin.co.kr/position/54832896,,2026-09-07 23:31:04
점핏,하마랩,[AI팀] Vision AI 연구개발 인재 채용,인공지능/머신러닝,3~10년,정규직,경기 성남시,"Docker, Git, Linux, Python, PyTorch, TensorFlow, OpenCV, CUDA, FFMPEG",2026-09-23,https://jumpit.saramin.co.kr/position/54832900,,2026-09-07 23:31:04
점핏,에스피코리아,게임 개발자(4~6년),"게임 클라이언트 개발자,서버/백엔드 개발자,게임 서버 개발자",4~6년,정규직,서울 강서구,"Java, MariaDB, MySQL, NGINX, Node.js, Swift, Unity, Unreal Engine, AWS, AZURE",2026-09-23,https://jumpit.saramin.co.kr/position/54822607,,2026-09-07 23:31:04
점핏,에스피코리아,백엔드 개발자(4~6년),서버/백엔드 개발자,4~6년,정규직,서울 강서구,"AWS CloudFormation, Java, Jenkins, Kotlin, MySQL, NGINX, Node.js, Vue.js, AWS, AZURE",2026-09-23,https://jumpit.saramin.co.kr/position/54822623,,2026-09-07 23:31:04
점핏,에스피코리아,게임 개발자(1~3년),"게임 클라이언트 개발자,서버/백엔드 개발자,게임 서버 개발자",1~3년,정규직,서울 강서구,"Java, MariaDB, MySQL, NGINX, Node.js, Swift, Unity, Unreal Engine, AWS, AZURE",2026-09-23,https://jumpit.saramin.co.kr/position/54822604,,2026-09-07 23:31:04
점핏,에스피코리아,백엔드 개발자(7년 이상),서버/백엔드 개발자,7~10년,정규직,서울 강서구,"AWS CloudFormation, Java, Jenkins, Kotlin, MySQL, NGINX, Node.js, Vue.js, AWS, AZURE",2026-09-23,https://jumpit.saramin.co.kr/position/54822628,,2026-09-07 23:31:04
점핏,에스피코리아,게임 개발자(7년 이상),"게임 클라이언트 개발자,서버/백엔드 개발자,게임 서버 개발자",6~10년,정규직,서울 강서구,"Java, MariaDB, MySQL, NGINX, Node.js, Swift, Unity, Unreal Engine, AWS, AZURE",2026-09-23,https://jumpit.saramin.co.kr/position/54822614,,2026-09-07 23:31:04
점핏,에스피코리아,백엔드 개발자(1~3년),서버/백엔드 개발자,1~3년,정규직,서울 강서구,"AWS CloudFormation, Java, Jenkins, Kotlin, MySQL, NGINX, Node.js, Vue.js, AWS, AZURE",2026-09-23,https://jumpit.saramin.co.kr/position/54822617,,2026-09-07 23:31:04
점핏,지엔에이컴퍼니,Data Scientist (광고 시스템),빅데이터 엔지니어,2~5년,정규직,서울 서초구,"Jira, MySQL, Python, PyTorch, Slack, Notion",2026-09-22,https://jumpit.saramin.co.kr/position/54832721,,2026-09-07 23:31:04
점핏,윈백고이스트,소프트웨어 엔지니어 정규직 채용,"SW/솔루션,devops/시스템 엔지니어,HW/임베디드",3~10년,정규직,강원 원주시,"C, C++, Analog, MCU",2026-09-22,https://jumpit.saramin.co.kr/position/54831815,,2026-09-07 23:31:04
점핏,테솔로,로봇/로보틱스 S/W 엔지니어 신입 모집,SW/솔루션,경력무관,정규직,경기 광명시,"C#, C++, Python",2026-09-22,https://jumpit.saramin.co.kr/position/54831672,,2026-09-07 23:31:04
점핏,테솔로,로봇/로보틱스 S/W 엔지니어 경력 모집,SW/솔루션,3~10년,정규직,경기 광명시,"C#, C++, Python",2026-09-22,https://jumpit.saramin.co.kr/position/54831657,,2026-09-07 23:31:05
점핏,인젠트,EDM 솔루션 기반 프로젝트 수행 개발,"DBA,서버/백엔드 개발자",5~20년,정규직,서울 영등포구,"GitLab, Java, JavaScript, Jenkins, MSSQL, Oracle, PostgreSQL, Spring, Spring Boot, JSP",2026-09-22,https://jumpit.saramin.co.kr/position/54831216,,2026-09-07 23:31:05
점핏,에이알247,Robotics Behavior Planner & FMS Engineer 채용,SW/솔루션,3~10년,정규직,경기 성남시 분당구,"C++, Linux, ROS",2026-09-22,https://jumpit.saramin.co.kr/position/54829192,,2026-09-07 23:31:05
점핏,에이알247,Robotics Planning & Control Engineer 채용,SW/솔루션,3~10년,정규직,경기 성남시 분당구,"C++, Linux, ROS",2026-09-22,https://jumpit.saramin.co.kr/position/54829840,,2026-09-07 23:31:05
점핏,클로봇,솔루션 QA,QA 엔지니어,5~10년,정규직,경기 성남시,"Confluence, Jira, Linux, QA, SW, Network",2026-09-22,https://jumpit.saramin.co.kr/position/54828219,,2026-09-07 23:31:05
점핏,코어시큐리티,금융범죄 AI 풀스택 개발자,"웹 풀스택 개발자,정보보안 담당자,인공지능/머신러닝,빅데이터 엔지니어,블록체인,서버/백엔드 개발자",2~20년,정규직,서울 송파구,"Django, Elasticsearch, Flask, MySQL, PostgreSQL, Python, PyTorch, Redis, TensorFlow, FastAPI",2026-09-22,https://jumpit.saramin.co.kr/position/54828137,,2026-09-07 23:31:05
점핏,코어시큐리티,사이버보안 시니어 풀스택,"웹 풀스택 개발자,정보보안 담당자,devops/시스템 엔지니어,서버/백엔드 개발자",5~20년,정규직,서울 송파구,"Elasticsearch, Git, Java, JavaScript, Kafka, Linux, MySQL, PostgreSQL, Spring, vmware",2026-09-22,https://jumpit.saramin.co.kr/position/54828018,,2026-09-07 23:31:05
점핏,페이타랩,iOS Developer (경력 1~10년),iOS 개발자,1~10년,정규직,서울 강남구,"Figma, Jira, Slack, Swift, TypeScript, Notion",2026-09-22,https://jumpit.saramin.co.kr/position/54827765,,2026-09-07 23:31:05
점핏,페이타랩,iOS Developer 신입,iOS 개발자,경력무관,정규직,서울 강남구,"Figma, Jira, Slack, Swift, TypeScript, Notion",2026-09-22,https://jumpit.saramin.co.kr/position/54827733,,2026-09-07 23:31:05
점핏,페이타랩,Windows개발자 (경력 11년↑),"SW/솔루션,devops/시스템 엔지니어",11~20년,정규직,서울 강남구,".NET, C#, C++, Git, Slack, Visual Studio, Windows, WPF",2026-09-22,https://jumpit.saramin.co.kr/position/54827698,,2026-09-07 23:31:05
점핏,페이타랩,Windows개발자 (신입),"SW/솔루션,devops/시스템 엔지니어",경력무관,정규직,서울 강남구,".NET, C#, C++, Git, Slack, Visual Studio, Windows, WPF",2026-09-22,https://jumpit.saramin.co.kr/position/54827673,,2026-09-07 23:31:05
점핏,페이타랩,QA Engineer (경력 3~6년),QA 엔지니어,3~6년,정규직,서울 강남구,"Jenkins, Playwright, Python, Selenium, QA, Appium",2026-09-22,https://jumpit.saramin.co.kr/position/54827647,,2026-09-07 23:31:05
점핏,페이타랩,QA Engineer (경력 7~10년),QA 엔지니어,7~10년,정규직,서울 강남구,"Jenkins, Playwright, Python, Selenium, QA, Appium",2026-09-22,https://jumpit.saramin.co.kr/position/54827607,,2026-09-07 23:31:05
점핏,에이치원래디오,Wi-Fi S/W 개발(3년 이상),SW/솔루션,3~20년,정규직,경기 안양시 동안구,"C, L2, Embedded Linux",2026-09-19,https://jumpit.saramin.co.kr/position/54798759,,2026-09-07 23:31:05
점핏,드림어스컴퍼니,콘텐츠 플랫폼 백엔드 개발(신입),"DBA,devops/시스템 엔지니어,서버/백엔드 개발자",경력무관,정규직,서울 강남구,"Elasticsearch, Java, Kafka, Kotlin, MongoDB, MySQL, RabbitMQ, Golang, FFMPEG",2026-09-22,https://jumpit.saramin.co.kr/position/54827315,,2026-09-07 23:31:05
점핏,드림어스컴퍼니,음악 서비스 백엔드 서버 개발자 채용,"DBA,devops/시스템 엔지니어,서버/백엔드 개발자",3~8년,정규직,서울 강남구,"Java, Kafka, Kotlin, Spring Boot, AWS, NoSql, SQL",2026-09-22,https://jumpit.saramin.co.kr/position/54826894,,2026-09-07 23:31:05
점핏,드림어스컴퍼니,콘텐츠 플랫폼 백엔드 개발(3년 이상),"DBA,서버/백엔드 개발자",3~20년,정규직,서울 강남구,"Docker, Elasticsearch, Java, Kafka, Kotlin, MongoDB, MySQL, RabbitMQ, Zookeeper, Golang",2026-09-22,https://jumpit.saramin.co.kr/position/54826875,,2026-09-07 23:31:06
점핏,스페이스맵,백엔드 개발자 (경력 1년 이상),"기술지원,SW/솔루션,서버/백엔드 개발자",1~5년,정규직,서울 성동구,"JavaScript, MongoDB, MySQL, NestJS, PostgreSQL, Python, Redis, TypeScript, NoSql, FastAPI",2026-09-22,https://jumpit.saramin.co.kr/position/54824756,,2026-09-07 23:31:06
점핏,스페이스맵,백엔드 개발자 (경력 5년 이상),"기술지원,SW/솔루션,서버/백엔드 개발자",5~11년,정규직,서울 성동구,"JavaScript, MongoDB, MySQL, NestJS, PostgreSQL, Python, Redis, TypeScript, NoSql, FastAPI",2026-09-22,https://jumpit.saramin.co.kr/position/54824728,,2026-09-07 23:31:06
점핏,카를로,"c#, db 관련 개발자",,경력무관,정규직,경기 수원시 영통구,".NET, Android OS, C#, iOS, 3D Rendering, DB",2026-09-22,https://jumpit.saramin.co.kr/position/54824104,,2026-09-07 23:31:06
점핏,브레디스헬스케어,디지털헬스 데이터 플랫폼/인프라 운영,"기술지원,devops/시스템 엔지니어",1~10년,정규직,제주 서귀포시,"Google Sheets, Linux, PostgreSQL, Python, Windows, REST API, AWS, QA, SQL, Network",2026-09-22,https://jumpit.saramin.co.kr/position/54800887,,2026-09-07 23:31:06
점핏,브레디스헬스케어,제주센터 운영·IT 매니저,"기술지원,devops/시스템 엔지니어",1~10년,정규직,제주 서귀포시,"Google Sheets, Linux, Windows, QA, SQL",2026-09-22,https://jumpit.saramin.co.kr/position/54800901,,2026-09-07 23:31:06
점핏,플라잎,[울산지사] Physical AI Engineer,인공지능/머신러닝,1~10년,정규직,울산 남구,"C++, NumPy, Pandas, Python, PyTorch, TensorFlow",2026-09-21,https://jumpit.saramin.co.kr/position/54801495,,2026-09-07 23:31:06
점핏,플라잎,Reinforcement Learning Engineer,인공지능/머신러닝,1~10년,정규직,경기 성남시 분당구,"C, C++, Linux, Python, PyTorch, TensorFlow, MachineLearning",2026-09-21,https://jumpit.saramin.co.kr/position/54801521,,2026-09-07 23:31:06
점핏,우리엔,시스템 하드웨어 설계 엔지니어,"devops/시스템 엔지니어,HW/임베디드",3~8년,정규직,경기 화성시,Autocad,2026-09-21,https://jumpit.saramin.co.kr/position/54806627,,2026-09-07 23:31:06
점핏,펜타시큐리티,보안 네트워크 개발자(경력),devops/시스템 엔지니어,10~20년,정규직,서울 영등포구,"C, Git, Jenkins, Python, Selenium, TCP/IP, Network, Shell, Mantis",2026-09-21,https://jumpit.saramin.co.kr/position/54807840,,2026-09-07 23:31:06
점핏,플라잎,로봇 제어 · 학습 기반 제어 연구원,인공지능/머신러닝,3~10년,정규직,경기 성남시 분당구,"C, C++, MATLAB",2026-09-21,https://jumpit.saramin.co.kr/position/54801515,,2026-09-07 23:31:06
점핏,플라잎,Physical AI Research Engineer (전문연 가능),"인공지능/머신러닝,SW/솔루션",1~10년,정규직,경기 성남시 분당구,"C, C++, Python, PyTorch, TensorFlow, DeepLearning, MachineLearning, AI/인공지능, Network",2026-09-21,https://jumpit.saramin.co.kr/position/54801525,,2026-09-07 23:31:06
점핏,비스텔리젼스,AI Engineer (경력),인공지능/머신러닝,1~10년,정규직,서울 서초구,"Git, NumPy, Pandas, Python, SQL",2026-09-21,https://jumpit.saramin.co.kr/position/54800311,,2026-09-07 23:31:06
점핏,크럭셀,FPGA 코딩/ 설계 주임급 채용,HW/임베디드,1~3년,정규직,대전 유성구,"HW, FPGA",2026-09-20,https://jumpit.saramin.co.kr/position/54798410,,2026-09-07 23:31:06
점핏,크럭셀,FPGA 코딩/ 설계 과장급 채용,HW/임베디드,7~9년,정규직,대전 유성구,"HW, FPGA",2026-09-20,https://jumpit.saramin.co.kr/position/54798451,,2026-09-07 23:31:06
점핏,크럭셀,HW 회로설계 엔지니어 과장급 채용,HW/임베디드,7~9년,정규직,대전 유성구,"HW, FPGA",2026-09-20,https://jumpit.saramin.co.kr/position/54798288,,2026-09-07 23:31:06
점핏,크럭셀,HW 회로설계 엔지니어 대리급 채용,HW/임베디드,4~6년,정규직,대전 유성구,"HW, FPGA",2026-09-20,https://jumpit.saramin.co.kr/position/54798357,,2026-09-07 23:31:07
점핏,크럭셀,H/W 회로 설계 부장급 채용,HW/임베디드,16~18년,정규직,대전 유성구,"HW, FPGA",2026-09-20,https://jumpit.saramin.co.kr/position/54798322,,2026-09-07 23:31:07
점핏,에이아이웍스,Vision & 3D AI Engineer,인공지능/머신러닝,2~20년,정규직,서울 송파구,"Python, PyTorch, OpenCV, DeepLearning, 3D Rendering, 2D Rendering, ProProfs Knowledge Base, GraphicsMagick",2026-09-20,https://jumpit.saramin.co.kr/position/54814056,,2026-09-07 23:31:07
점핏,에이아이웍스,Vision & Robotics Engineer,인공지능/머신러닝,1~20년,정규직,서울 송파구,"C++, Docker, Python, PyTorch, ROS",2026-09-20,https://jumpit.saramin.co.kr/position/54814062,,2026-09-07 23:31:07
점핏,넥서스커뮤니티,애플리케이션/플랫폼 아키텍트 채용,devops/시스템 엔지니어,10~20년,정규직,서울 중구,"Azure Kubernetes Service, Docker, Google Kubernetes Engine, Java, PostgreSQL, React, Redis, AWS, NoSql, MSA",2026-09-20,https://jumpit.saramin.co.kr/position/54809989,,2026-09-07 23:31:07
점핏,크럭셀,H/W 회로 설계 과장급 채용,HW/임베디드,7~9년,정규직,대전 유성구,"HW, FPGA",2026-09-20,https://jumpit.saramin.co.kr/position/54798481,,2026-09-07 23:31:07
점핏,크럭셀,H/W 회로 설계 차장급 채용,HW/임베디드,13~15년,정규직,대전 유성구,"HW, FPGA",2026-09-20,https://jumpit.saramin.co.kr/position/54798306,,2026-09-07 23:31:07
점핏,크럭셀,HW 회로설계 엔지니어 주임급 채용,HW/임베디드,1~3년,정규직,대전 유성구,"HW, FPGA",2026-09-20,https://jumpit.saramin.co.kr/position/54798555,,2026-09-07 23:31:07
점핏,넥서스커뮤니티,CTI 아웃바운드 개발자 채용,"devops/시스템 엔지니어,서버/백엔드 개발자",7~15년,정규직,서울 중구,"C, C++, REST API, SQL",2026-09-20,https://jumpit.saramin.co.kr/position/54810000,,2026-09-07 23:31:07
점핏,크럭셀,FPGA 코딩/ 설계 부장급 채용,HW/임베디드,16~18년,정규직,대전 유성구,"HW, FPGA",2026-09-20,https://jumpit.saramin.co.kr/position/54798653,,2026-09-07 23:31:07
점핏,크럭셀,H/W 회로 설계 주임급 채용,HW/임베디드,1~3년,정규직,대전 유성구,"HW, FPGA",2026-09-20,https://jumpit.saramin.co.kr/position/54798515,,2026-09-07 23:31:07
점핏,크럭셀,H/W 회로 설계 대리급 채용,HW/임베디드,3~6년,정규직,대전 유성구,"HW, FPGA",2026-09-20,https://jumpit.saramin.co.kr/position/54798504,,2026-09-07 23:31:07
점핏,컨트로맥스,Physical AI (PHM/ML) Engineer,인공지능/머신러닝,5~10년,정규직,대전 유성구,"C, Python, MachineLearning, AI/인공지능, FW, MCU",2026-09-20,https://jumpit.saramin.co.kr/position/54800740,,2026-09-07 23:31:07
점핏,크럭셀,HW 회로설계 엔지니어 차장급 채용,HW/임베디드,13~15년,정규직,대전 유성구,"HW, FPGA",2026-09-20,https://jumpit.saramin.co.kr/position/54798677,,2026-09-07 23:31:07
점핏,크럭셀,FPGA 코딩/ 설계 대리급 채용,HW/임베디드,4~6년,정규직,대전 유성구,"HW, FPGA",2026-09-20,https://jumpit.saramin.co.kr/position/54798433,,2026-09-07 23:31:07
점핏,크럭셀,FPGA 코딩/ 설계 차장급 채용,HW/임베디드,13~15년,정규직,대전 유성구,"HW, FPGA",2026-09-20,https://jumpit.saramin.co.kr/position/54798609,,2026-09-07 23:31:07
점핏,에쓰씨케이,보안 솔루션 엔지니어,"SW/솔루션,devops/시스템 엔지니어",3~10년,정규직,서울 강남구,"Linux, PowerShell, VMware vSphere, Windows Server",2026-09-20,https://jumpit.saramin.co.kr/position/54620787,,2026-09-07 23:31:08
점핏,가스디엔에이,펌웨어 개발 및 전자회로 설계 신입,HW/임베디드,경력무관,정규직,인천 서해구,"C, Orcad, FW, Analog, MCU",2026-09-19,https://jumpit.saramin.co.kr/position/54814214,,2026-09-07 23:31:08
점핏,가스디엔에이,펌웨어 개발 및 전자회로 설계 경력,HW/임베디드,3~5년,정규직,인천 서해구,"C, Orcad, FW, Analog, MCU",2026-09-19,https://jumpit.saramin.co.kr/position/54814208,,2026-09-07 23:31:08
점핏,폴라리스쓰리디,이리온 설치 플랫폼 풀스택 개발자,웹 풀스택 개발자,8~20년,정규직,서울 구로구,"C++, Flutter, Linux, WebRTC, TCP/IP",2026-09-19,https://jumpit.saramin.co.kr/position/54812633,,2026-09-07 23:31:08
점핏,티엔에이치,백엔드 개발자 (신입),서버/백엔드 개발자,경력무관,정규직,경기 성남시 분당구,"Amazon EMR, Docker, Git, JavaScript, Jira, Node.js, PostgreSQL, TypeScript, SQL",2026-09-19,https://jumpit.saramin.co.kr/position/54813669,,2026-09-07 23:31:08
점핏,에너닷,[에너지IT기업] ESS-EMS 개발자,프론트엔드 개발자,1~3년,정규직,서울 강남구,"Git, GraphQL, MySQL, PostgreSQL, Redis, TypeScript, SCADA",2026-09-17,https://jumpit.saramin.co.kr/position/54780871,,2026-09-07 23:31:08
점핏,인젠트,SQA Engineer 경력직 채용,QA 엔지니어,2~20년,정규직,서울 영등포구,QA,2026-09-19,https://jumpit.saramin.co.kr/position/54812947,,2026-09-07 23:31:08
점핏,유진로봇,자율주행솔루션사업부 PM,HW/임베디드,10~15년,정규직,인천 연수구,"Embedded, Analog",2026-09-19,https://jumpit.saramin.co.kr/position/54812534,,2026-09-07 23:31:08
점핏,유진로봇,자율주행솔루션사업부 SW (Middleware),HW/임베디드,4~20년,정규직,인천 연수구,"Android SDK, C, C++, REST API, SW, ROS, OpenAPI, Middleman, Mongoose Web Server",2026-09-19,https://jumpit.saramin.co.kr/position/54812546,,2026-09-07 23:31:08
점핏,이스트시큐리티,보안 솔루션 Pre-sales 및 컨설팅 채용,정보보안 담당자,5~10년,정규직,서울 서초구,"AWS, HW, SW, ESET Endpoint Security, Google Cloud Endpoints",2026-09-19,https://jumpit.saramin.co.kr/position/54811328,,2026-09-07 23:31:08
점핏,씨메스,Physical AI 플랫폼 개발,SW/솔루션,1~10년,정규직,서울 강남구,"Python, PyTorch, REST API, TCP/IP, Transformers",2026-09-19,https://jumpit.saramin.co.kr/position/54809936,,2026-09-07 23:31:08
점핏,티시스아이티,네트워크,devops/시스템 엔지니어,5~15년,정규직,서울 중구,"Neo4j, VPN",2026-09-19,https://jumpit.saramin.co.kr/position/54811211,,2026-09-07 23:31:08
점핏,소만사,EDR 보안 SW솔루션 개발자(C++) 채용,"정보보안 담당자,devops/시스템 엔지니어",3~20년,정규직,경기 성남시 수정구,"C++, Linux, Rust, Windows",2026-09-19,https://jumpit.saramin.co.kr/position/54810917,,2026-09-07 23:31:08
점핏,스타마타,R&D 부문 신입사원 채용,"인공지능/머신러닝,HW/임베디드,VR/AR/3D",경력무관,정규직,서울 강남구,"C, C++, Linux, Python, DeepLearning, AI/인공지능, Embedded, SW, VR, AR",2026-09-19,https://jumpit.saramin.co.kr/position/54810833,,2026-09-07 23:31:08
점핏,스타마타,R&D 부문 경력사원 채용,"인공지능/머신러닝,HW/임베디드,VR/AR/3D",1~5년,정규직,서울 강남구,"C, C++, Linux, Python, DeepLearning, AI/인공지능, Embedded, SW, VR, AR",2026-09-19,https://jumpit.saramin.co.kr/position/54810873,,2026-09-07 23:31:08
점핏,피엔에스테크놀러지,[신입] 머신비전 SW 개발 팀원,,경력무관,정규직,경기 용인시 수지구,"C++, MySQL, Windows, OpenCV, Mfc",2026-09-19,https://jumpit.saramin.co.kr/position/54810537,,2026-09-07 23:31:08
점핏,피엔에스테크놀러지,[경력] 머신비전 SW 개발 팀원,,1~20년,정규직,경기 용인시 수지구,"C++, MySQL, Windows, OpenCV, Mfc",2026-09-19,https://jumpit.saramin.co.kr/position/54810520,,2026-09-07 23:31:09
점핏,위드네트웍스,보안솔루션 엔지니어,"정보보안 담당자,SW/솔루션",1~5년,정규직,서울 강서구,"Python, REST API",2026-09-19,https://jumpit.saramin.co.kr/position/54808703,,2026-09-07 23:31:09
점핏,채비,제품개발실 실장 채용,"기술지원,프론트엔드 개발자,HW/임베디드",10~20년,정규직,서울 서초구,"HW, Circuit design, High Voltage",2026-09-19,https://jumpit.saramin.co.kr/position/54808474,,2026-09-07 23:31:09
점핏,디아이,ERP 개발 경력사원 채용,"DBA,SW/솔루션",10~15년,정규직,서울 강남구,"ASP.NET, Java, MariaDB, MSSQL, Oracle, PHP, Python, Delphi",2026-09-18,https://jumpit.saramin.co.kr/position/54798734,,2026-09-07 23:31:09
점핏,쏠리드윈텍,전자광학 개발자 모집,"인공지능/머신러닝,SW/솔루션,devops/시스템 엔지니어,HW/임베디드",5~15년,정규직,경기 용인시 기흥구,"Linux, RTOS",2026-09-21,https://jumpit.saramin.co.kr/position/54805975,,2026-09-07 23:31:09
점핏,인포그램,반도체 시스템 개발자(18년↑),devops/시스템 엔지니어,18~20년,정규직,경기 화성시,"Java, Spring Boot, Vue.js",2026-09-19,https://jumpit.saramin.co.kr/position/54806647,,2026-09-07 23:31:09
점핏,인포그램,반도체 시스템 경력 개발자,devops/시스템 엔지니어,15~17년,정규직,경기 화성시,"Java, Spring Boot, Vue.js",2026-09-19,https://jumpit.saramin.co.kr/position/54806421,,2026-09-07 23:31:09
점핏,필라넷,Microsoft 기술지원 엔지니어,devops/시스템 엔지니어,4~10년,정규직,서울 강남구,"Microsoft Azure, Microsoft IIS, Microsoft Office 365, Microsoft SharePoint, Microsoft Teams",2026-09-19,https://jumpit.saramin.co.kr/position/54770891,,2026-09-07 23:31:09
점핏,혜성테크윈,광통신/정보통신 네트워크 엔지니어(신입),devops/시스템 엔지니어,경력무관,정규직,경기,"Linux, Windows Server, TCP/IP, Ccna, Ccnp",2026-09-19,https://jumpit.saramin.co.kr/position/54796410,,2026-09-07 23:31:09
점핏,혜성테크윈,통신장비 연구개발(팀장급),HW/임베디드,11~20년,정규직,경기,"Embedded, Network, Ccna, Ccnp",2026-09-19,https://jumpit.saramin.co.kr/position/54796367,,2026-09-07 23:31:09
점핏,디어유,DBA (경력 5년이상),DBA,5~10년,정규직,서울 강남구,"MySQL, AWS, NoSql",2026-09-19,https://jumpit.saramin.co.kr/position/54795256,,2026-09-07 23:31:09
점핏,혜성테크윈,통신장비 연구개발(주임/대리급),HW/임베디드,2~5년,정규직,경기,"Embedded, Network, Ccna, Ccnp",2026-09-19,https://jumpit.saramin.co.kr/position/54796389,,2026-09-07 23:31:09
점핏,혜성테크윈,통신장비 연구개발(과장급),HW/임베디드,6~10년,정규직,경기,"Embedded, Network, Ccna, Ccnp",2026-09-19,https://jumpit.saramin.co.kr/position/54796378,,2026-09-07 23:31:09
점핏,에이치원래디오,Wi-Fi H/W 개발(3~10년),HW/임베디드,3~10년,정규직,경기 안양시 동안구,Pads,2026-09-19,https://jumpit.saramin.co.kr/position/54798767,,2026-09-07 23:31:09
점핏,혜성테크윈,광통신/정보통신 네트워크 엔지니어(경력),devops/시스템 엔지니어,1~5년,정규직,경기,"Linux, Windows Server, TCP/IP, Ccna, Ccnp",2026-09-19,https://jumpit.saramin.co.kr/position/54796398,,2026-09-07 23:31:09
점핏,신보,"전산팀 개발, 전산관리 경력 (2~4년)","개발 PM,devops/시스템 엔지니어,프론트엔드 개발자",2~4년,정규직,서울 마포구,"Apache Tomcat, Eclipse, Java, JavaScript, jQuery, Linux, MSSQL, MySQL, Oracle, Spring",2026-09-19,https://jumpit.saramin.co.kr/position/54797828,,2026-09-07 23:31:09
점핏,(주)에스아이에이,[경력] AI/DL Solution Architect 채용,"인공지능/머신러닝,devops/시스템 엔지니어",4~20년,정규직,대전 유성구,AI/인공지능,2026-09-18,https://jumpit.saramin.co.kr/position/54799487,,2026-09-07 23:31:10
점핏,인피니티익스체인지코리아,백엔드 개발자,서버/백엔드 개발자,8~10년,정규직,서울 강남구,"Java, Rust",2026-09-18,https://jumpit.saramin.co.kr/position/54799913,,2026-09-07 23:31:10
점핏,인피니티익스체인지코리아,정보보호담당자,정보보안 담당자,5~10년,정규직,서울 강남구,"AWS, ISMS, CISSP, CPPG, CISA",2026-09-18,https://jumpit.saramin.co.kr/position/54799834,,2026-09-07 23:31:10
점핏,빌드잇,[AI/솔루션] 시니어 풀스택 개발자 / Senior Product Engineer,"SW/솔루션,서버/백엔드 개발자",7~15년,정규직,경기 성남시,"Docker, Kotlin, Kubernetes, React, Spring, TypeScript, NoSql, SQL, FastAPI",2026-09-18,https://jumpit.saramin.co.kr/position/54799138,,2026-09-07 23:31:10
점핏,시스콘,AMR 자율주행 S/W 팀장 채용,SW/솔루션,7~20년,정규직,경기 성남시 수정구,"C++, Git, GitHub, Java, JavaScript, Linux, SW, React Navigation, Localytics, Pathfinder",2026-09-19,https://jumpit.saramin.co.kr/position/54795254,,2026-09-07 23:31:10
점핏,델레오코리아,[플랫폼개발팀] Java 개발자,프론트엔드 개발자,5~8년,정규직,서울 강남구,"Docker, Git, GitHub, JavaScript, MySQL, React, AWS",2026-09-18,https://jumpit.saramin.co.kr/position/54787802,,2026-09-07 23:31:10
점핏,델레오코리아,[플랫폼개발팀] 프론트엔드 개발자,프론트엔드 개발자,6~13년,정규직,서울 강남구,"Next.js, OAuth2, React, Vue.js, Django REST framework JWT",2026-09-18,https://jumpit.saramin.co.kr/position/54787794,,2026-09-07 23:31:10
점핏,지그키,모바일 앱 개발자(경력 3~5년),,3~5년,정규직,경기 고양시 덕양구,"Android OS, Flutter",2026-09-18,https://jumpit.saramin.co.kr/position/54794513,,2026-09-07 23:31:10
점핏,지그키,모바일 앱 개발자(신입),,경력무관,정규직,경기 고양시 덕양구,"Android OS, Flutter",2026-09-18,https://jumpit.saramin.co.kr/position/54794500,,2026-09-07 23:31:10
점핏,아이디어2마켓,"의료기기 개발, 아두이노 개발자","개발 PM,SW/솔루션",1~10년,정규직,경기 성남시 분당구,"Arduino, C++, GUI",2026-09-18,https://jumpit.saramin.co.kr/position/54794451,,2026-09-07 23:31:10
점핏,스패이드,GeoAI Platform Backend Engineer,"DBA,인공지능/머신러닝,devops/시스템 엔지니어,서버/백엔드 개발자",4~10년,정규직,서울 강남구,"Java, JavaScript, Node.js, Python, Spring Boot, REST API, AI/인공지능",2026-09-18,https://jumpit.saramin.co.kr/position/54794434,,2026-09-07 23:31:10
점핏,뷰런테크놀로지,Deep Learning Engineer(Perception),"인공지능/머신러닝,SW/솔루션,빅데이터 엔지니어",2~10년,정규직,서울 서초구,"Python, PyTorch, TensorFlow, TensorFlow.js",2026-09-18,https://jumpit.saramin.co.kr/position/54794394,,2026-09-07 23:31:10
점핏,싸이버로지텍,글로벌 해운선사IT솔루션 Agentic AI 개발,"개발 PM,SW/솔루션",5~20년,정규직,서울 마포구,"AI/인공지능, FastAPI",2026-09-19,https://jumpit.saramin.co.kr/position/54793394,,2026-09-07 23:31:10
점핏,싸이버로지텍,해운 IT 솔루션 ITO IM(PMO),"개발 PM,SW/솔루션",1~20년,정규직,서울 마포구,Jira,2026-09-19,https://jumpit.saramin.co.kr/position/54793377,,2026-09-07 23:31:10
점핏,싸이버로지텍,해운 IT 솔루션 고도화 Scrum Master,"개발 PM,SW/솔루션",1~20년,정규직,서울 마포구,Jira,2026-09-19,https://jumpit.saramin.co.kr/position/54793354,,2026-09-07 23:31:10
점핏,아이알큐더스,글로벌 금융/IPO 데이터 파이프라인 및 백엔드 개발자 채용 (3~8년차),,3~8년,정규직,서울 영등포구,"Git, Java, MariaDB, MongoDB, Python, React, Redis, Vue.js, XML, NoSql",2026-09-18,https://jumpit.saramin.co.kr/position/54794115,,2026-09-07 23:31:10
점핏,핀다,데이터 사이언티스트 (Lead),빅데이터 엔지니어,10~20년,정규직,서울 강남구,"Apache Spark, GitHub, Jira, Python, PyTorch, Spark, SQL, Tableau, Airflow",2026-09-18,https://jumpit.saramin.co.kr/position/54786063,,2026-09-07 23:31:11
점핏,오픈소스컨설팅,쿠버네티스(Kubernetes) 엔지니어,"기술지원,devops/시스템 엔지니어",5~18년,정규직,서울 강남구,"Ansible, Grafana, Helm, Kubernetes, Prometheus, Python, Shell, YAML",2026-09-18,https://jumpit.saramin.co.kr/position/54787754,,2026-09-07 23:31:11
점핏,아이씨티케이홀딩스(ICTK),반도체 FAE,"정보보안 담당자,HW/임베디드",5~15년,정규직,서울 강남구,"C, C++, Python, RTOS, MCU",2026-09-17,https://jumpit.saramin.co.kr/position/54787952,,2026-09-07 23:31:11
점핏,텐빌리언,백엔드 경력 채용 (10년 이상),서버/백엔드 개발자,10~15년,정규직,서울 구로구,"Git, Spring Boot, DB",2026-09-17,https://jumpit.saramin.co.kr/position/54787941,,2026-09-07 23:31:11
점핏,텐빌리언,백엔드 경력 채용 (6~9년),서버/백엔드 개발자,6~9년,정규직,서울 구로구,"Git, Spring Boot, DB",2026-09-17,https://jumpit.saramin.co.kr/position/54787931,,2026-09-07 23:31:11
점핏,텐빌리언,백엔드 경력 채용 (2~5년),서버/백엔드 개발자,2~5년,정규직,서울 구로구,"Git, Spring Boot, DB",2026-09-17,https://jumpit.saramin.co.kr/position/54787921,,2026-09-07 23:31:11
점핏,텐빌리언,프론트엔드 개발 경력 (10년 이상),프론트엔드 개발자,10~13년,정규직,서울 구로구,"HTML5, JavaScript",2026-09-17,https://jumpit.saramin.co.kr/position/54787913,,2026-09-07 23:31:11
점핏,텐빌리언,프론트엔드 개발 경력 (6~9년),프론트엔드 개발자,6~9년,정규직,서울 구로구,"HTML5, JavaScript",2026-09-17,https://jumpit.saramin.co.kr/position/54787903,,2026-09-07 23:31:11
점핏,텐빌리언,프론트엔드 개발 경력 (2~5년),프론트엔드 개발자,2~5년,정규직,서울 구로구,"HTML5, JavaScript",2026-09-17,https://jumpit.saramin.co.kr/position/54787893,,2026-09-07 23:31:11
점핏,리브스메드,SW Project Manager (SW PM),SW/솔루션,3~10년,정규직,경기 성남시,"Confluence, Git, Jira, HW, SW, Confluent",2026-09-17,https://jumpit.saramin.co.kr/position/54786374,,2026-09-07 23:31:11
점핏,리브스메드,HW/FW Engineer (과장~차장급),SW/솔루션,7~12년,정규직,경기 성남시,"C, C++, Orcad, HW, FW, Embedded, MCU, Embedded Linux",2026-09-17,https://jumpit.saramin.co.kr/position/54786383,,2026-09-07 23:31:11
점핏,파인디지털,[분당 상장사] 파인뷰 HW개발,"인공지능/머신러닝,SW/솔루션,devops/시스템 엔지니어,HW/임베디드",6~12년,정규직,경기 성남시 분당구,"C, Linux, Orcad, HW, Embedded, SW, FPGA, MCU, Embedded Linux",2026-09-17,https://jumpit.saramin.co.kr/position/54785753,,2026-09-07 23:31:11
점핏,뉴로다임,AI 개발자 채용,인공지능/머신러닝,2~10년,정규직,서울 성동구,"Linux, Python, AI/인공지능",2026-09-17,https://jumpit.saramin.co.kr/position/54785545,,2026-09-07 23:31:11
점핏,뉴로다임,AI 개발팀장 채용,인공지능/머신러닝,10~20년,정규직,서울 성동구,"Linux, Python, AI/인공지능",2026-09-17,https://jumpit.saramin.co.kr/position/54785517,,2026-09-07 23:31:11
점핏,뉴로다임,개발팀장 채용,인공지능/머신러닝,10~20년,정규직,서울 성동구,"Linux, Python, AI/인공지능",2026-09-17,https://jumpit.saramin.co.kr/position/54785503,,2026-09-07 23:31:11
점핏,뉴로다임,서비스 기획자 채용,인공지능/머신러닝,5~20년,정규직,서울 성동구,"Linux, Python, AI/인공지능",2026-09-17,https://jumpit.saramin.co.kr/position/54785490,,2026-09-07 23:31:11
점핏,뉴로다임,파이선 개발자 채용,,5~15년,정규직,서울 성동구,"Linux, Python",2026-09-17,https://jumpit.saramin.co.kr/position/54785471,,2026-09-07 23:31:12
점핏,크레비스파트너스,SaaS Software Engineer 전환형 인턴,SW/솔루션,경력무관,정규직,서울 성동구,".NET, Kubernetes, Next.js, AZURE",2026-09-17,https://jumpit.saramin.co.kr/position/54784952,,2026-09-07 23:31:12
점핏,에스투더블유,AI Pentester,정보보안 담당자,1~10년,정규직,경기 성남시 분당구,"Azure DevOps, Git, GitHub, K8S, Notion, Google Workspace",2026-09-17,https://jumpit.saramin.co.kr/position/54783739,,2026-09-07 23:31:12
점핏,웅진,[경력] 인프라 TA(서버∙가상화∙구축∙운영)모집,devops/시스템 엔지니어,8~20년,정규직,서울 중구,"Linux, Windows",2026-09-18,https://jumpit.saramin.co.kr/position/54782881,,2026-09-07 23:31:12
점핏,커넥트,시니어 개발자 경력 채용,"정보보안 담당자,인공지능/머신러닝,빅데이터 엔지니어,devops/시스템 엔지니어,서버/백엔드 개발자,프론트엔드 개발자",5~15년,정규직,전북 전주시 완산구,"Gerrit Code Review, AI/인공지능, SW",2026-09-17,https://jumpit.saramin.co.kr/position/54774428,,2026-09-07 23:31:12
점핏,바능,파이썬 개발자 구인(13~15년),,13~15년,정규직,경기 성남시 분당구,"Bitbucket, Django, Git, GitLab, Kubernetes, PostgreSQL, Python, React, TypeScript, Airflow",2026-09-17,https://jumpit.saramin.co.kr/position/54771704,,2026-09-07 23:31:12
점핏,바능,파이썬 개발자 구인(10~12년),,10~12년,정규직,경기 성남시 분당구,"Bitbucket, Django, Git, GitLab, Kubernetes, PostgreSQL, Python, React, TypeScript, Airflow",2026-09-17,https://jumpit.saramin.co.kr/position/54771686,,2026-09-07 23:31:12
점핏,필라넷,.NET 풀스택 개발자 채용,"웹 풀스택 개발자,SW/솔루션,서버/백엔드 개발자,프론트엔드 개발자",7~15년,정규직,서울 강남구,"C#, Microsoft IIS, Microsoft SharePoint, Microsoft SQL Server, Microsoft Teams, TypeScript, Vue.js",2026-09-17,https://jumpit.saramin.co.kr/position/54770831,,2026-09-07 23:31:12
점핏,바능,파이썬 개발자 구인(6~9년),,6~9년,정규직,경기 성남시 분당구,"Bitbucket, Django, Git, GitLab, Kubernetes, PostgreSQL, Python, React, TypeScript, Airflow",2026-09-17,https://jumpit.saramin.co.kr/position/54771671,,2026-09-07 23:31:12
점핏,지니수,프롭테크 플랫폼 서비스 개발자 채용,"빅데이터 엔지니어,서버/백엔드 개발자",경력무관,정규직,서울 강남구,"Figma, GitHub, Next.js, TypeScript, Zustand, Notion, Tailwind CSS, Linear, Supabase, React Hook Form",2026-09-17,https://jumpit.saramin.co.kr/position/54770610,,2026-09-07 23:31:12
점핏,지니수,[인턴] 프롭테크 플랫폼 서비스 개발,"빅데이터 엔지니어,서버/백엔드 개발자",경력무관,정규직,서울 강남구,"Figma, GitHub, Next.js, TypeScript, Zustand, Notion, Tailwind CSS, Linear, Supabase, React Hook Form",2026-09-17,https://jumpit.saramin.co.kr/position/54770583,,2026-09-07 23:31:12
점핏,피닉슨컨트롤스,연구개발본부 HW팀 경력사원 채용,"빅데이터 엔지니어,프론트엔드 개발자,HW/임베디드",1~10년,정규직,경기 화성시,"Orcad, HW, Embedded, PCB, MCU, Embedded Linux",2026-09-16,https://jumpit.saramin.co.kr/position/54773037,,2026-09-07 23:31:12
점핏,피닉슨컨트롤스,연구개발본부 SW1팀 경력사원 채용,"기술지원,SW/솔루션,devops/시스템 엔지니어",1~7년,정규직,경기 화성시,"C, C#, C++, MSSQL, MySQL, Orcad, HW, FW, SW, PCB",2026-09-16,https://jumpit.saramin.co.kr/position/54772886,,2026-09-07 23:31:12
점핏,핀다,QA 엔지니어,QA 엔지니어,4~7년,정규직,서울 강남구,"Confluence, Figma, Jira, Postman, Python, Selenium, Slack, QA, Appium",2026-09-16,https://jumpit.saramin.co.kr/position/54772475,,2026-09-07 23:31:12
점핏,씨메스,Physical AI 조합 최적화,SW/솔루션,1~10년,정규직,서울 강남구,"Foundation, Python, PyTorch, Transformers",2026-09-16,https://jumpit.saramin.co.kr/position/54767363,,2026-09-07 23:31:12
점핏,씨메스,Research Engineer—생성형 AI / World Model,SW/솔루션,1~10년,정규직,서울 강남구,"Foundation, Python, PyTorch, Transformers",2026-09-16,https://jumpit.saramin.co.kr/position/54767468,,2026-09-07 23:31:12
점핏,나무기술,클라우드/가상화 관리 시스템 백엔드 개발자,서버/백엔드 개발자,6~20년,정규직,서울 강서구,"Java, Python, AWS, NoSql, AZURE, vmware, K8S, OpenStack, FastAPI",2026-09-07,https://jumpit.saramin.co.kr/position/54678333,,2026-09-07 23:31:13
점핏,라온테크,로봇 제어,SW/솔루션,5~9년,정규직,경기 수원시 권선구,"Qt, SW, Visual C++",2026-09-16,https://jumpit.saramin.co.kr/position/54767171,,2026-09-07 23:31:13
점핏,라온테크,기술연구소 로봇시스템팀(전장설계),SW/솔루션,4~9년,정규직,경기 수원시 권선구,"SW, Autocad, PLC",2026-09-16,https://jumpit.saramin.co.kr/position/54767191,,2026-09-07 23:31:13
점핏,우리엔,[중견 계열사] QA 엔지니어(계약직),QA 엔지니어,5~10년,정규직,경기 화성시,"Amazon EMR, Jira, MSSQL, MySQL, Playwright, pytest, QA, DB, Mantis",2026-09-16,https://jumpit.saramin.co.kr/position/54766480,,2026-09-07 23:31:13
점핏,유진로봇,Beckhoff (백호프) PLC 엔지니어,"기술지원,HW/임베디드",5~20년,정규직,인천 연수구,"C, C++, MES, ethernet, C++ Builder, PLC, Structured Text",2026-09-16,https://jumpit.saramin.co.kr/position/54765511,,2026-09-07 23:31:13
점핏,유진로봇,SIEMENS (지멘스) PLC 엔지니어,"기술지원,HW/임베디드",5~20년,정규직,인천 연수구,"C, C++, MES, C++ Builder, PLC, Structured Text",2026-09-16,https://jumpit.saramin.co.kr/position/54765522,,2026-09-07 23:31:13
점핏,엔쓰리엔,[개발본부]클라우드 PM (7~11년),devops/시스템 엔지니어,7~11년,정규직,서울 강남구,Azure DevOps,2026-09-16,https://jumpit.saramin.co.kr/position/54739063,,2026-09-07 23:31:13
점핏,파이오링크,웹 방화벽 네트워크 및 클라우드 개발 경력,"정보보안 담당자,devops/시스템 엔지니어,서버/백엔드 개발자",2~20년,정규직,서울 금천구,"C, C++, Java, Linux, Python",2026-09-16,https://jumpit.saramin.co.kr/position/54736276,,2026-09-07 23:31:13
점핏,엔쓰리엔,[DC파트] 인프라 엔지니어 시스템 운영자,"정보보안 담당자,devops/시스템 엔지니어",3~10년,정규직,서울 강남구,"Kubernetes, Linux, Python, vmware, K8S",2026-09-16,https://jumpit.saramin.co.kr/position/54739047,,2026-09-07 23:31:13
점핏,캐치잇플레이,[AI 학습플랫폼] Product Manager (재택근무 가능),개발 PM,5~20년,정규직,제주 제주시,"Figma, AI/인공지능, SQL",2026-09-15,https://jumpit.saramin.co.kr/position/54750558,,2026-09-07 23:31:13
점핏,캐치잇플레이,[AI 학습플랫폼] 백엔드 엔지니어 / Mid-Senior(재택근무가능),서버/백엔드 개발자,3~20년,정규직,제주 제주시,"MongoDB, NestJS, Node.js, PostgreSQL, TypeScript, REST API, AWS, AI/인공지능",2026-09-15,https://jumpit.saramin.co.kr/position/54750572,,2026-09-07 23:31:13
점핏,오픈소스컨설팅,웹 서비스 개발자,"기술지원,devops/시스템 엔지니어,프론트엔드 개발자",5~13년,정규직,서울 강남구,"Git, Java, Kubernetes, Python, React, OpenStack",2026-09-15,https://jumpit.saramin.co.kr/position/54742430,,2026-09-07 23:31:13
점핏,에이스웍스코리아,자율주행 플랫폼 소프트웨어 엔지니어,"SW/솔루션,HW/임베디드",3~15년,정규직,서울 강남구,"C++, Git, Linux, Python, Linear",2026-09-15,https://jumpit.saramin.co.kr/position/54754005,,2026-09-07 23:31:13
점핏,오픈소스컨설팅,WorkManagement사업부문 솔루션 개발,"기술지원,devops/시스템 엔지니어,프론트엔드 개발자",3~12년,정규직,서울 강남구,"Git, Java, Jira, Kubernetes, Node.js, Python, React, TypeScript, OpenStack",2026-09-15,https://jumpit.saramin.co.kr/position/54742438,,2026-09-07 23:31:13
점핏,비에이치에스티,설비 펌웨어 개발 엔지니어(신입),"SW/솔루션,HW/임베디드",경력무관,정규직,충남 아산시,"C#, C++, Embedded, Mfc",2026-09-15,https://jumpit.saramin.co.kr/position/54742480,,2026-09-07 23:31:13
점핏,에이스웍스코리아,임베디드 SW 개발자 (경력),"SW/솔루션,HW/임베디드",2~10년,정규직,서울 강남구,"C++, Linux, TCP/IP, FW, Embedded, RTOS, MCU",2026-09-15,https://jumpit.saramin.co.kr/position/54754016,,2026-09-07 23:31:13
점핏,비에이치에스티,자동화설비 PC제어 경력 채용,"기술지원,웹 풀스택 개발자,SW/솔루션,devops/시스템 엔지니어,서버/백엔드 개발자,HW/임베디드",2~10년,정규직,충남 아산시,"C, C++, SW, Mfc, PLC",2026-09-15,https://jumpit.saramin.co.kr/position/54742507,,2026-09-07 23:31:15
점핏,에이스웍스코리아,자율주행 알고리즘 개발자,인공지능/머신러닝,3~10년,정규직,서울 강남구,"C++, Git, Python, Linear",2026-09-15,https://jumpit.saramin.co.kr/position/54753995,,2026-09-07 23:31:15
점핏,비에이치에스티,설비 소프트웨어/펌웨어 개발 엔지니어,"SW/솔루션,HW/임베디드",1~10년,정규직,충남 아산시,"C#, C++, Embedded, Mfc",2026-09-15,https://jumpit.saramin.co.kr/position/54742522,,2026-09-07 23:31:15
점핏,서울거래,백엔드 시니어 개발자 채용,서버/백엔드 개발자,4~20년,정규직,서울 영등포구,"CSS 3, Django, Git, HTML5, Java, PostgreSQL, Python, AWS, RDB, Celery",2026-09-14,https://jumpit.saramin.co.kr/position/54750549,,2026-09-07 23:31:15
점핏,서울거래,Flutter 프론트엔드 개발자 채용,프론트엔드 개발자,3~20년,정규직,서울 영등포구,"Android OS, Create React Native App, Dart, Flutter, Git, iOS, REST API, MVVM",2026-09-14,https://jumpit.saramin.co.kr/position/54750532,,2026-09-07 23:31:15
점핏,디에스앤지,시스템 엔지니어 경력 채용,devops/시스템 엔지니어,7~15년,정규직,서울 영등포구,"Docker, Docker Compose, Kubernetes, Linux, Ubuntu",2026-09-14,https://jumpit.saramin.co.kr/position/54750182,,2026-09-07 23:31:15
점핏,서울거래,서비스개발 총괄매니저 채용,개발 PM,7~20년,정규직,서울 영등포구,"Flutter, Python",2026-09-14,https://jumpit.saramin.co.kr/position/54750543,,2026-09-07 23:31:15
점핏,노아시스템즈,네트워크 제어/관리 시스템 개발,"devops/시스템 엔지니어,서버/백엔드 개발자",5~10년,정규직,서울 성동구,"Docker, Git, jQuery, Kubernetes, Linux, Netty, Redis, TCP/IP, Firewall",2026-09-14,https://jumpit.saramin.co.kr/position/54742417,,2026-09-07 23:31:15
점핏,서울거래,JavaScript 프론드엔드 개발자 채용,프론트엔드 개발자,3~20년,정규직,서울 영등포구,"CSS 3, Django, HTML5, Java, JavaScript, jQuery, Python, REST API, AWS",2026-09-14,https://jumpit.saramin.co.kr/position/54750529,,2026-09-07 23:31:15
점핏,아티언스,[AX팀] AI 서비스 개발자,"인공지능/머신러닝,서버/백엔드 개발자,프론트엔드 개발자",3~5년,정규직,서울 마포구,"Docker, Git, GitHub, JavaScript, Node.js, Python, REST API, AWS, GCP, AZURE",2026-09-14,https://jumpit.saramin.co.kr/position/54749438,,2026-09-07 23:31:15
점핏,파이오링크,ADC(L4-L7 스위치) 애플리케이션 개발,SW/솔루션,2~10년,정규직,서울 금천구,"C, C++, Docker, Git, Linux, Python, React, L4, L7",2026-09-14,https://jumpit.saramin.co.kr/position/54736322,,2026-09-07 23:31:15
점핏,파이오링크,어플리케이션 및 클라우드 개발,"SW/솔루션,서버/백엔드 개발자,프론트엔드 개발자",3~13년,정규직,서울 금천구,"Django, Java, Linux, Python, Spring, REST API, L7, Network",2026-09-14,https://jumpit.saramin.co.kr/position/54736293,,2026-09-07 23:31:15
점핏,파이오링크,애플리케이션/cloud개발(전문연구요원),SW/솔루션,1~7년,정규직,서울 금천구,"AngularJS, C, C++, Java, JavaScript, jQuery, Linux, Python, REST API, SQL",2026-09-14,https://jumpit.saramin.co.kr/position/54736261,,2026-09-07 23:31:15
점핏,파이오링크,WEBFRONT-K 웹보안기능 / 시그니처개발,,3~13년,정규직,서울 금천구,"C, C++, Java, Linux, Python",2026-09-14,https://jumpit.saramin.co.kr/position/54736305,,2026-09-07 23:31:15
점핏,에치에프알,"[경력] 중계기, RU설계, 개발 채용","기술지원,SW/솔루션",1~20년,정규직,경기 성남시 수정구,Python,2026-09-13,https://jumpit.saramin.co.kr/position/54750516,,2026-09-07 23:31:15
점핏,에치에프알,[경력] O-RAN RU 설계/검증 및 시스템 통합 채용,"기술지원,SW/솔루션",1~20년,정규직,경기 성남시 수정구,"Python, FPGA",2026-09-13,https://jumpit.saramin.co.kr/position/54750507,,2026-09-07 23:31:15
점핏,오토콘테크,임베디드 S/W(제어) 개발 [경력],SW/솔루션,4~12년,정규직,경남 창원시,"FW, Embedded, SW, ethernet",2026-09-13,https://jumpit.saramin.co.kr/position/54753091,,2026-09-07 23:31:16
점핏,브이젠,Energy AI Team/FullStack AI Engineer,인공지능/머신러닝,3~10년,정규직,서울 마포구,"Amazon SageMaker, Firebase, Next.js, React, AI/인공지능, Supabase",2026-09-13,https://jumpit.saramin.co.kr/position/54748335,,2026-09-07 23:31:16
점핏,에치에프알,[경력] 이동통신 시스템 S/W 개발 채용,SW/솔루션,3~15년,정규직,경기 성남시 수정구,"C, C++, Linux, ARM, Embedded Linux",2026-09-13,https://jumpit.saramin.co.kr/position/54750497,,2026-09-07 23:31:16
점핏,코아칩스,펌웨어(FW) 개발 (경력) 채용,"인공지능/머신러닝,빅데이터 엔지니어,devops/시스템 엔지니어,HW/임베디드",5~10년,정규직,경기 수원시,"C, C++, Git, GitHub, AI/인공지능, RTOS, MCU",2026-09-13,https://jumpit.saramin.co.kr/position/54739025,,2026-09-07 23:31:16
점핏,플래티어,[AI CX사업부문] 데이터 분석가,빅데이터 엔지니어,3~20년,정규직,서울 송파구,"Google BigQuery, MySQL, NumPy, Pandas, Python, SQL, Tableau, Matplotlib, Plotly.js, Amazon Quicksight",2026-09-13,https://jumpit.saramin.co.kr/position/54726722,,2026-09-07 23:31:16
점핏,티엔에이치,백엔드 개발자,서버/백엔드 개발자,3~5년,정규직,경기 성남시 분당구,"Amazon EMR, Cassandra, Docker, Git, JavaScript, Jira, Node.js, PostgreSQL, TypeScript, SQL",2026-09-12,https://jumpit.saramin.co.kr/position/54753694,,2026-09-07 23:31:16
점핏,톤28,AI Builder(AI 빌더) [신입],인공지능/머신러닝,경력무관,정규직,경기 성남시 수정구,"Figma, Git, GitHub, Python, AI/인공지능, Airtable, Notion",2026-09-12,https://jumpit.saramin.co.kr/position/54753053,,2026-09-07 23:31:16
점핏,톤28,AI Builder(AI 빌더) [경력],인공지능/머신러닝,1~20년,정규직,경기 성남시 수정구,"Figma, Git, GitHub, Python, AI/인공지능, Airtable, Notion",2026-09-12,https://jumpit.saramin.co.kr/position/54752864,,2026-09-07 23:31:16
점핏,톤28,자사몰 FE 개발자,프론트엔드 개발자,3~7년,정규직,경기 성남시 수정구,"Amazon EKS, Amazon RDS, Amazon Route 53, Amazon S3, ES6, Git, JavaScript, jQuery, Sass, AWS",2026-09-12,https://jumpit.saramin.co.kr/position/54753069,,2026-09-07 23:31:16
점핏,인텍에프에이,전력전자 개발 경력 채용,"기술지원,devops/시스템 엔지니어,HW/임베디드",3~15년,정규직,경기 용인시,"MATLAB, FW, FPGA",2026-09-11,https://jumpit.saramin.co.kr/position/54739129,,2026-09-07 23:31:16
점핏,인텍에프에이,BSW개발 (Basic SW) 경력 채용,"SW/솔루션,빅데이터 엔지니어,서버/백엔드 개발자,HW/임베디드",1~15년,정규직,경기 용인시,"SW, MCU",2026-09-12,https://jumpit.saramin.co.kr/position/54750944,,2026-09-07 23:31:16
점핏,인텍에프에이,ASW개발 (Application SW) 경력 채용,"SW/솔루션,빅데이터 엔지니어,서버/백엔드 개발자,HW/임베디드",1~15년,정규직,경기 용인시,SW,2026-09-12,https://jumpit.saramin.co.kr/position/54750930,,2026-09-07 23:31:16
점핏,티시스아이티,컨택센터,devops/시스템 엔지니어,3~8년,정규직,서울 중구,Infra,2026-09-12,https://jumpit.saramin.co.kr/position/54750602,,2026-09-07 23:31:16
점핏,리보틱스,하드웨어 엔지니어 전장설계(경력),HW/임베디드,3~20년,정규직,경기 시흥시,"HW, Autocad, PLC",2026-09-12,https://jumpit.saramin.co.kr/position/54750447,,2026-09-07 23:31:16
점핏,리보틱스,하드웨어 엔지니어 회로설계(경력),HW/임베디드,3~20년,정규직,경기 시흥시,"HW, FPGA, PCB, Autocad, MCU, PLC",2026-09-12,https://jumpit.saramin.co.kr/position/54750439,,2026-09-07 23:31:16
점핏,캠틱종합기술원,R&BD사업본부 피지컬 AI VLA 기반 로봇 제어 연구개발자,SW/솔루션,2~11년,정규직,전북 전주시,"C++, Python, PyTorch, TensorFlow, Ajax, CUDA, ROS, Transformers",2026-09-12,https://jumpit.saramin.co.kr/position/54749233,,2026-09-07 23:31:16
점핏,이스트시큐리티,악성코드 분석가 경력 채용,정보보안 담당자,경력무관,정규직,서울 서초구,"Git, MySQL, Python, TeamCity, TeamPassword, TeamGantt",2026-09-12,https://jumpit.saramin.co.kr/position/54749336,,2026-09-07 23:31:17
점핏,이스트시큐리티,악성코드 분석가 신입 채용,정보보안 담당자,경력무관,정규직,서울 서초구,Python,2026-09-12,https://jumpit.saramin.co.kr/position/54749328,,2026-09-07 23:31:17
점핏,이스트시큐리티,정보보안 기술 담당자 (경력),정보보안 담당자,5~10년,정규직,서울 서초구,"AWS WAF, VPN, AI/인공지능, IPS, Cloudflare WAF",2026-09-12,https://jumpit.saramin.co.kr/position/54749316,,2026-09-07 23:31:17
점핏,이스트시큐리티,보안 솔루션 S/W PM 및 기술지원 (경력),,5~10년,정규직,서울 서초구,"C#, Linux, macOS, Python, Windows",2026-09-12,https://jumpit.saramin.co.kr/position/54749282,,2026-09-07 23:31:17
점핏,이스트시큐리티,Windows C++ 어플리케이션 개발자/경력5~10년,,5~10년,정규직,서울 서초구,"C#, Linux, macOS, Python, Windows",2026-09-12,https://jumpit.saramin.co.kr/position/54749257,,2026-09-07 23:31:17
점핏,이스트시큐리티,Windows C++ 어플리케이션 개발자/경력1~5년,,1~5년,정규직,서울 서초구,"C#, Linux, macOS, Python, Windows",2026-09-12,https://jumpit.saramin.co.kr/position/54749245,,2026-09-07 23:31:17
점핏,이스트시큐리티,리눅스 백엔드 서버 개발자 채용,서버/백엔드 개발자,5~20년,정규직,서울 서초구,"C++, Linux, MariaDB, MySQL, PostgreSQL, Python, AI/인공지능, Golang",2026-09-12,https://jumpit.saramin.co.kr/position/54749130,,2026-09-07 23:31:17
점핏,이스트시큐리티,윈도우 패치 수집·배포 시스템 및 패치 관리 채용,,5~20년,정규직,서울 서초구,"C++, Git, MySQL, PostgreSQL, Python, XML, AI/인공지능, SQL, JSON",2026-09-12,https://jumpit.saramin.co.kr/position/54749037,,2026-09-07 23:31:17
점핏,퓨쳐스콜레,Back-End Engineer,서버/백엔드 개발자,5~20년,정규직,서울 성동구,"Java, JavaScript, MariaDB, Spring Framework, REST API, AWS",2026-09-12,https://jumpit.saramin.co.kr/position/54747466,,2026-09-07 23:31:17
점핏,베스텔라랩,자율주행 연구원(전문연구요원가능),"인공지능/머신러닝,SW/솔루션",2~15년,정규직,경기 안양시 동안구,"C++, Git, iOS, Python, Spring Framework, R, AWS, SQL, Embedded, ROS",2026-09-12,https://jumpit.saramin.co.kr/position/54742553,,2026-09-07 23:31:17
점핏,베스텔라랩,시스템 운용/유지보수,기술지원,3~15년,정규직,경기 안양시 동안구,"Linux, VPN, Router, Ccna, Ccnp",2026-09-12,https://jumpit.saramin.co.kr/position/54742582,,2026-09-07 23:31:17
점핏,베스텔라랩,App(React Native) 개발자(전문연구요원가능),프론트엔드 개발자,2~10년,정규직,경기 안양시 동안구,"Git, GitHub, Kotlin, Linux, PHP, Python, React, Spring Framework, Swift, AWS",2026-09-12,https://jumpit.saramin.co.kr/position/54742572,,2026-09-07 23:31:17
점핏,베스텔라랩,연구개발 팀장,"기술지원,개발 PM",5~20년,정규직,경기 안양시 동안구,"C, C#, C++, Java, Linux, Python, OpenCV, Embedded, SW, ROS",2026-09-12,https://jumpit.saramin.co.kr/position/54742588,,2026-09-07 23:31:17
점핏,유아이엠디,의료기기 서비스 백엔드 개발자,서버/백엔드 개발자,3~5년,정규직,경기 과천시,"JavaScript, Kafka, MySQL, NestJS, Redis, TypeScript, Vue.js, AWS",2026-09-12,https://jumpit.saramin.co.kr/position/54742534,,2026-09-07 23:31:17
점핏,베스텔라랩,빅데이터 개발자(전문연구요원가능),빅데이터 엔지니어,1~10년,정규직,경기 안양시 동안구,"Git, GitHub, Linux, PHP, Python, React, React Native, Spring Framework, Swift, AWS",2026-09-12,https://jumpit.saramin.co.kr/position/54742567,,2026-09-07 23:31:17
점핏,오투플러스,개발PM,개발 PM,10~15년,정규직,경기 용인시 수지구,"Docker, Java, PHP, React, Redis Cloud",2026-09-12,https://jumpit.saramin.co.kr/position/54737223,,2026-09-07 23:31:17
점핏,채비,UI 개발(대리~과장급),SW/솔루션,5~15년,정규직,서울 서초구,"C#, Linux, Windows, WPF, SW",2026-09-12,https://jumpit.saramin.co.kr/position/54739377,,2026-09-07 23:31:18
점핏,오투플러스,프론트엔드 개발자,프론트엔드 개발자,3~10년,정규직,경기 용인시 수지구,"AngularJS, Git, React, Vue.js, vuex, REST API",2026-09-12,https://jumpit.saramin.co.kr/position/54737251,,2026-09-07 23:31:18
점핏,코아칩스,하드웨어 개발(경력) 채용,"SW/솔루션,빅데이터 엔지니어,HW/임베디드",5~10년,정규직,경기 수원시,"AWS IoT Device Management, HW",2026-09-12,https://jumpit.saramin.co.kr/position/54739018,,2026-09-07 23:31:18
점핏,에이스웍스코리아,시스템 소프트웨어 엔지니어,SW/솔루션,2~7년,정규직,서울 강남구,"C, C#, C++, SW",2026-09-12,https://jumpit.saramin.co.kr/position/54737546,,2026-09-07 23:31:18
점핏,에이스웍스코리아,소프트웨어 엔지니어,SW/솔루션,1~5년,정규직,서울 강남구,"C#, C++, Git, Python, XML, JSON, SW",2026-09-12,https://jumpit.saramin.co.kr/position/54737481,,2026-09-07 23:31:18
점핏,오투플러스,Back-end 개발자,"웹 풀스택 개발자,서버/백엔드 개발자",3~10년,정규직,경기 용인시 수지구,"Elasticsearch, Laravel, MySQL, PHP, RabbitMQ, RDB",2026-09-12,https://jumpit.saramin.co.kr/position/54737229,,2026-09-07 23:31:18
점핏,원익피앤이,펌웨어개발(F/W(Linux)) 채용,HW/임베디드,3~20년,정규직,경기 수원시,"C, C++, Linux, FW, SW, Embedded Linux",2026-09-11,https://jumpit.saramin.co.kr/position/54742011,,2026-09-07 23:31:18
점핏,원익피앤이,F/W개발(MCU) 경력직 채용,HW/임베디드,11~15년,정규직,경기 수원시,"C, FW, MCU",2026-09-08,https://jumpit.saramin.co.kr/position/54701773,,2026-09-07 23:31:18
점핏,포밸류소프트,금융권 SI 고급 개발자( 업무총괄 PL) 모집,인공지능/머신러닝,5~10년,정규직,경기 의왕시,AI/인공지능,2026-09-11,https://jumpit.saramin.co.kr/position/54741327,,2026-09-07 23:31:18
점핏,포밸류소프트,금융권 SI  고급 개발자( 종합수익관리 개발 )  모집,인공지능/머신러닝,5~10년,정규직,경기 의왕시,"AI/인공지능, Java, Oracle, Spring, Oracle PL/SQL, Tibero",2026-09-11,https://jumpit.saramin.co.kr/position/54741395,,2026-09-07 23:31:18
점핏,포밸류소프트,금융권 SI  고급 개발자( 원천징수/환원) 모집,인공지능/머신러닝,3~10년,정규직,경기 의왕시,"Java, Oracle, XML, AI/인공지능, Oracle PL/SQL, Tibero",2026-09-11,https://jumpit.saramin.co.kr/position/54741430,,2026-09-07 23:31:18
점핏,딥오토,산업용 AI 사업 전략 및 기획,인공지능/머신러닝,경력무관,정규직,서울 강남구,"Python, AWS, SQL, OneSaas",2026-09-11,https://jumpit.saramin.co.kr/position/54740884,,2026-09-07 23:31:18
점핏,딥오토,[전환형 인턴] AI Engineer,"인공지능/머신러닝,빅데이터 엔지니어",경력무관,정규직,서울 강서구,"Elasticsearch, Hadoop, Kafka, MongoDB, Python, PyTorch, OpenCV, Spark, NoSql, SQL",2026-09-11,https://jumpit.saramin.co.kr/position/54740714,,2026-09-07 23:31:18
점핏,딥오토,Strategic Communication Designer,"웹 풀스택 개발자,인공지능/머신러닝",경력무관,정규직,서울 강남구,"CSS 3, HTML5, JavaScript",2026-09-11,https://jumpit.saramin.co.kr/position/54740795,,2026-09-07 23:31:18
점핏,씨어스테크놀로지,AI 시스템/인프라 엔지니어,인공지능/머신러닝,5~20년,정규직,경기 성남시 분당구,"Docker, Kubernetes, Linux, Python, AI/인공지능",2026-09-11,https://jumpit.saramin.co.kr/position/54736976,,2026-09-07 23:31:18
점핏,씨어스테크놀로지,AI Product Manager,인공지능/머신러닝,3~20년,정규직,경기 성남시 분당구,"MachineLearning, AI/인공지능",2026-09-11,https://jumpit.saramin.co.kr/position/54737040,,2026-09-07 23:31:18
점핏,씨어스테크놀로지,AI Developer / Engineer,인공지능/머신러닝,3~20년,정규직,경기 성남시 분당구,"Docker, Kubernetes, Linux, Python, PyTorch, AI/인공지능",2026-09-11,https://jumpit.saramin.co.kr/position/54736925,,2026-09-07 23:31:19
점핏,씨어스테크놀로지,AI Research Scientist,인공지능/머신러닝,5~20년,정규직,경기 성남시 분당구,"Python, PyTorch, DeepLearning, MachineLearning, AI/인공지능",2026-09-11,https://jumpit.saramin.co.kr/position/54736772,,2026-09-07 23:31:19
점핏,에스투더블유,정보보호담당자 (ISO),"정보보안 담당자,devops/시스템 엔지니어",8~20년,정규직,경기 성남시 분당구,"Confluence, Jira, AWS, GCP, AZURE, ISMS",2026-09-11,https://jumpit.saramin.co.kr/position/54736993,,2026-09-07 23:31:19
점핏,에스투더블유,FDE (AI Platform Engineering),빅데이터 엔지니어,3~15년,정규직,경기 성남시 분당구,"Java, Kafka, MongoDB, Python, PyTorch, FastAPI",2026-09-11,https://jumpit.saramin.co.kr/position/54736975,,2026-09-07 23:31:19
점핏,에스투더블유,멀웨어 분석가 (Malware Analyst),정보보안 담당자,3~10년,정규직,경기 성남시 분당구,"C, C++, Docker, Git, Go, Jira, Kubernetes, Python, Rust, Notion",2026-09-11,https://jumpit.saramin.co.kr/position/54736963,,2026-09-07 23:31:19
점핏,에스투더블유,FDE (AI Engineering),빅데이터 엔지니어,3~15년,정규직,경기 성남시 분당구,"Hadoop, Java, Kafka, MongoDB, Python, PyTorch, FastAPI",2026-09-11,https://jumpit.saramin.co.kr/position/54736915,,2026-09-07 23:31:19
점핏,이서,회로 개발 엔지니어 경력자 모집(H/W),HW/임베디드,2~20년,정규직,대전 유성구,"C, C#, C++, Git, Python, SQLite, DeepLearning, Embedded, Visual C++, RTOS",2026-09-11,https://jumpit.saramin.co.kr/position/54735276,,2026-09-07 23:31:19
점핏,이서,회로 개발 엔지니어 경력자 모집(S/W),SW/솔루션,2~20년,정규직,대전 유성구,"C, C#, C++, Git, Python, SQLite, DeepLearning, Embedded, Visual C++, RTOS",2026-09-11,https://jumpit.saramin.co.kr/position/54735249,,2026-09-07 23:31:19
점핏,SK시그넷,전기차충전기 SW 개발 및 보안 담당,"정보보안 담당자,SW/솔루션,devops/시스템 엔지니어",8~12년,정규직,경기 부천시 원미구,"C, C++, Linux, Qt, Windows, WebSocket, TCP/IP, SW, GUI",2026-09-11,https://jumpit.saramin.co.kr/position/54730044,,2026-09-07 23:31:19
점핏,에이오팜,SW개발 엔지니어 경력자 모집 공고,SW/솔루션,2~20년,정규직,경기 성남시,"Git, Python, PyTorch, SQLite, OpenCV, TCP/IP",2026-09-11,https://jumpit.saramin.co.kr/position/54722935,,2026-09-07 23:31:19
점핏,플래티어,[AI CX사업부문] QA 엔지니어,QA 엔지니어,3~6년,정규직,서울 송파구,"DBeaver, GitHub, MongoDB, Playwright, Postman, Selenium, QA, GCP, Testrail, SpreadsheetDB",2026-09-11,https://jumpit.saramin.co.kr/position/54726695,,2026-09-07 23:31:19
점핏,바이트사이즈,Machine Vision/인공지능연구개발_경력,빅데이터 엔지니어,5~7년,정규직,부산,"Python, AI/인공지능",2026-09-10,https://jumpit.saramin.co.kr/position/54730631,,2026-09-07 23:31:19
점핏,바이트사이즈,Machine Vision/인공지능연구개발_박사,빅데이터 엔지니어,5~7년,정규직,부산,"Python, AI/인공지능",2026-09-10,https://jumpit.saramin.co.kr/position/54730671,,2026-09-07 23:31:19
점핏,폴라리스쓰리디,로보틱스 통신 플랫폼 엔지니어,devops/시스템 엔지니어,3~15년,정규직,서울 구로구,"Docker, MQTT, ZeroMQ, Network",2026-09-11,https://jumpit.saramin.co.kr/position/54730630,,2026-09-07 23:31:19
점핏,혁산정보시스템,키오스크 프로그램 개발 및 운영 (경력 7년↑),SW/솔루션,7~12년,정규직,서울 영등포구,"Oracle, ERP, Delphi",2026-09-10,https://jumpit.saramin.co.kr/position/54728088,,2026-09-07 23:31:19
점핏,혁산정보시스템,JAVA 기반 백엔드 개발자 (경력 7~15년),서버/백엔드 개발자,7~15년,정규직,서울 영등포구,"Apache Tomcat, C#, Java, JavaScript, MSSQL, MySQL, Oracle, React, JSON",2026-09-10,https://jumpit.saramin.co.kr/position/54728030,,2026-09-07 23:31:19
점핏,에스디티,[강남/선릉연구소] FPGA 엔지니어 경력직 채용(5년 이상),HW/임베디드,5~10년,정규직,서울 강남구,"C++, Linux, Python, Verilog, VHDL, PCI Proxy",2026-09-10,https://jumpit.saramin.co.kr/position/54729481,,2026-09-07 23:31:20
점핏,에스디티,[강남/선릉 연구소] 임베디드 하드웨어 개발 경력,HW/임베디드,5~7년,정규직,서울 강남구,"Orcad, FW, Pads",2026-09-10,https://jumpit.saramin.co.kr/position/54729462,,2026-09-07 23:31:20
점핏,위드네트웍스,위드플로우 보안 솔루션 엔지니어,SW/솔루션,경력무관,정규직,서울 강서구,"Git, Jira, Linux, Python",2026-09-10,https://jumpit.saramin.co.kr/position/54728789,,2026-09-07 23:31:20
점핏,위드네트웍스,위드플로우 보안 솔루션 엔지니어,SW/솔루션,1~7년,정규직,서울 강서구,"Git, Jira, Linux, Python",2026-09-10,https://jumpit.saramin.co.kr/position/54728813,,2026-09-07 23:31:20
점핏,위드네트웍스,정보보호부 네트워크 보안 엔지니어,SW/솔루션,1~7년,정규직,서울 강서구,"Git, Jira, Linux, Python",2026-09-10,https://jumpit.saramin.co.kr/position/54728320,,2026-09-07 23:31:20
점핏,위드네트웍스,정보보호부 네트워크 보안 엔지니어,SW/솔루션,경력무관,정규직,서울 강서구,"Git, Jira, Linux, Python",2026-09-10,https://jumpit.saramin.co.kr/position/54728181,,2026-09-07 23:31:20
점핏,쿤텍,백엔드개발자 경력직(3↑),"DBA,서버/백엔드 개발자",3~5년,정규직,경기 성남시,"Git, Python",2026-09-10,https://jumpit.saramin.co.kr/position/54728326,,2026-09-07 23:31:20
점핏,쿤텍,AI기반가상머신개발AX(경력),"인공지능/머신러닝,빅데이터 엔지니어,HW/임베디드",1~10년,정규직,경기 성남시,"AI/인공지능, FastAPI",2026-09-12,https://jumpit.saramin.co.kr/position/54728295,,2026-09-07 23:31:20
점핏,쿤텍,백엔드개발자 경력직(6↑),"DBA,서버/백엔드 개발자",6~8년,정규직,경기 성남시,"Git, Python",2026-09-10,https://jumpit.saramin.co.kr/position/54728421,,2026-09-07 23:31:20
점핏,쿤텍,AI기반 가상머신개발AX(신입),"인공지능/머신러닝,빅데이터 엔지니어,HW/임베디드",경력무관,정규직,경기 성남시,"AI/인공지능, FastAPI",2026-09-12,https://jumpit.saramin.co.kr/position/54728283,,2026-09-07 23:31:20
점핏,쿤텍,임베디드SW/FW개발(신입),HW/임베디드,경력무관,정규직,경기 성남시,"C, C++, Python, Embedded, SW",2026-09-10,https://jumpit.saramin.co.kr/position/54728113,,2026-09-07 23:31:20
점핏,쿤텍,임베디드SW/FW개발(경력),서버/백엔드 개발자,3~5년,정규직,경기 성남시,"Python, SW, FastAPI",2026-09-10,https://jumpit.saramin.co.kr/position/54728138,,2026-09-07 23:31:20
점핏,쿤텍,프론트엔드 개발자(경력),프론트엔드 개발자,5~9년,정규직,경기 성남시,SW,2026-09-10,https://jumpit.saramin.co.kr/position/54728165,,2026-09-07 23:31:20
점핏,쿤텍,프론트엔드 개발자(10↑),프론트엔드 개발자,10~12년,정규직,경기 성남시,SW,2026-09-10,https://jumpit.saramin.co.kr/position/54728194,,2026-09-07 23:31:20
점핏,덴티움,CT 의료영상처리 알고리즘 SW,SW/솔루션,3~7년,정규직,경기 수원시 영통구,"C#, C++, NativeScript, OpenCV, CUDA",2026-09-10,https://jumpit.saramin.co.kr/position/54727823,,2026-09-07 23:31:20
점핏,덴티움,Dental CT HW개발,HW/임베디드,3~7년,정규직,경기 수원시 영통구,"C, Orcad, FPGA, Pads",2026-09-10,https://jumpit.saramin.co.kr/position/54727857,,2026-09-07 23:31:20
점핏,덴티움,영상관리 SW 개발,SW/솔루션,2~4년,정규직,경기 수원시 영통구,"C#, C++, MSSQL, MySQL, Oracle, PostgreSQL, REST API, SQL, WPF, MVVM",2026-09-10,https://jumpit.saramin.co.kr/position/54727888,,2026-09-07 23:31:21
점핏,덴티움,촬영SW 개발,SW/솔루션,2~4년,정규직,경기 수원시 영통구,"C#, C++, OpenCV, WPF, SW, MVVM",2026-09-10,https://jumpit.saramin.co.kr/position/54727900,,2026-09-07 23:31:21
점핏,싸이버로지텍,IT솔루션 ITO업무 및 차세대 솔루션 도입/API개발,SW/솔루션,3~10년,정규직,서울 마포구,"HTML5, Java, JavaScript, Oracle, Spring Boot, XML",2026-09-14,https://jumpit.saramin.co.kr/position/54713632,,2026-09-07 23:31:21
점핏,데이터드리븐,AI 엔지니어,인공지능/머신러닝,1~3년,정규직,서울 관악구,"Docker, Python, AI/인공지능, GCP",2026-09-10,https://jumpit.saramin.co.kr/position/54725675,,2026-09-07 23:31:21
점핏,데이터드리븐,AI 리서처 (경력 3-7년),인공지능/머신러닝,3~7년,정규직,서울 관악구,"Python, PyTorch, MachineLearning, AI/인공지능, NLP, Transformers",2026-09-10,https://jumpit.saramin.co.kr/position/54725788,,2026-09-07 23:31:21
점핏,대원씨티에스,산업용 청소로봇 기술지원 엔지니어,기술지원,1~3년,정규직,서울 영등포구,"AI/인공지능, HW, Robot Framework",2026-09-10,https://jumpit.saramin.co.kr/position/54724981,,2026-09-07 23:31:21
점핏,네오랩컨버전스,풀스택 개발자(10년 이상),"웹 풀스택 개발자,서버/백엔드 개발자",10~15년,정규직,서울 구로구,"C#, CSS 3, Java, JavaScript, Node.js, Python, React, TypeScript, AWS",2026-09-10,https://jumpit.saramin.co.kr/position/54724802,,2026-09-07 23:31:21
점핏,프렌트리,보안 솔루션 컨설팅/기술지원 경력 엔지니어,SW/솔루션,5~20년,정규직,서울 강서구,"Linux, Windows Server",2026-09-10,https://jumpit.saramin.co.kr/position/54723093,,2026-09-07 23:31:21
점핏,바로팜,백엔드 개발자 (Python),서버/백엔드 개발자,5~20년,정규직,서울 동작구,"Python, REST API, AWS",2026-09-10,https://jumpit.saramin.co.kr/position/54723087,,2026-09-07 23:31:21
점핏,플래티어,[AI CX사업부문] AI 엔지니어,인공지능/머신러닝,3~8년,정규직,서울 송파구,AI/인공지능,2026-09-10,https://jumpit.saramin.co.kr/position/54711249,,2026-09-07 23:31:21
점핏,컨트로맥스,Firmware Engineer,SW/솔루션,1~10년,정규직,대전 유성구,"C, C++, Git, GitLab, SourceTree, FW, MCU",2026-09-10,https://jumpit.saramin.co.kr/position/54717513,,2026-09-07 23:31:21
점핏,비즈톡,웹 서비스 자바 개발자,,5~10년,정규직,서울 강남구,"AngularJS, C, C++, Java, Linux, REST API",2026-09-10,https://jumpit.saramin.co.kr/position/54717529,,2026-09-07 23:31:21
점핏,비즈톡,카카오/네이버 연계시스템 서버 개발자,devops/시스템 엔지니어,5~10년,정규직,서울 강남구,"Git, Linux, Spring Boot, REST API, AWS",2026-09-10,https://jumpit.saramin.co.kr/position/54717537,,2026-09-07 23:31:21
점핏,크래블,엣지 비전 솔루션 개발자,SW/솔루션,2~15년,정규직,서울 성동구,"C++, Python, PyTorch, TensorFlow, OpenCV",2026-09-10,https://jumpit.saramin.co.kr/position/54711859,,2026-09-07 23:31:21
점핏,비즈톡,카카오톡 상담톡/챗봇 서비스 개발자,"서버/백엔드 개발자,프론트엔드 개발자",5~10년,정규직,서울 강남구,"C, C++",2026-09-10,https://jumpit.saramin.co.kr/position/54717542,,2026-09-07 23:31:21
점핏,알티앤씨(주),백엔드 개발자(리더급),서버/백엔드 개발자,10~15년,정규직,경기 용인시 기흥구,".NET, Azure DevOps, C#, Git, MSSQL, AZURE",2026-09-10,https://jumpit.saramin.co.kr/position/54632589,,2026-09-07 23:31:21
점핏,와탭랩스,프론트엔드 개발자,프론트엔드 개발자,3~10년,정규직,서울 서초구,"Git, React",2026-09-09,https://jumpit.saramin.co.kr/position/54717586,,2026-09-07 23:31:22
점핏,와탭랩스,솔루션 엔지니어,기술지원,3~10년,정규직,서울 서초구,"Datadog, Docker, Kubernetes, Linux, AWS, GCP, AZURE, Zabbix, WhatsApp",2026-09-09,https://jumpit.saramin.co.kr/position/54717580,,2026-09-07 23:31:22
점핏,와탭랩스,정보보안 엔지니어,정보보안 담당자,1~10년,정규직,서울 서초구,"Java, Kubernetes, Python, AWS, GCP, AZURE, CISSP, CISA, Shell, Containerum",2026-09-09,https://jumpit.saramin.co.kr/position/54717572,,2026-09-07 23:31:22
점핏,와탭랩스,데브옵스 엔지니어,devops/시스템 엔지니어,5~10년,정규직,서울 서초구,"Java, Python, AWS, GCP, AZURE, Shell",2026-09-09,https://jumpit.saramin.co.kr/position/54717561,,2026-09-07 23:31:22
점핏,와탭랩스,백엔드 개발자,서버/백엔드 개발자,3~10년,정규직,서울 서초구,"Grafana, Java, Kubernetes, Netty, Prometheus, Spring Framework, Spring Security, Spring Data JPA, NoSql",2026-09-09,https://jumpit.saramin.co.kr/position/54717551,,2026-09-07 23:31:22
점핏,와탭랩스,보안 제품 기획/설계,정보보안 담당자,3~10년,정규직,서울 서초구,"Java, Python, AWS, GCP, AZURE, CISSP, CISA, Shell",2026-09-09,https://jumpit.saramin.co.kr/position/54717544,,2026-09-07 23:31:22
점핏,핀다,안드로이드 개발자,안드로이드 개발자,5~20년,정규직,서울 강남구,"Android OS, Android SDK, Android Studio, Kotlin, MVVM, Koin",2026-09-10,https://jumpit.saramin.co.kr/position/54716389,,2026-09-07 23:31:22
점핏,핀다,백엔드 개발자,서버/백엔드 개발자,4~8년,정규직,서울 강남구,"Kotlin, Elasticsearch, Java, Kafka, QueryDSL, Spring Boot, Spring Cloud",2026-09-10,https://jumpit.saramin.co.kr/position/54716498,,2026-09-07 23:31:22
점핏,핀다,App Lead,"안드로이드 개발자,iOS 개발자",7~12년,정규직,서울 강남구,"Android OS, Android SDK, Android Studio, iOS, Kotlin, Swift, Rxswift",2026-09-10,https://jumpit.saramin.co.kr/position/54716191,,2026-09-07 23:31:22
점핏,알라딘커뮤니케이션,정보보호팀 정보보호담당자 (기술보안),정보보안 담당자,1~10년,정규직,서울 중구,"Linux, AWS, ISMS",2026-09-09,https://jumpit.saramin.co.kr/position/54716272,,2026-09-07 23:31:22
점핏,스페이스맵,웹 서버 개발 PM (프로젝트 매니저),"개발 PM,SW/솔루션",3~10년,정규직,서울 성동구,"Confluence, Jira, Slack, Notion",2026-09-09,https://jumpit.saramin.co.kr/position/54716325,,2026-09-07 23:31:22
점핏,커넥트정보,네트워크 엔지니어 채용,"기술지원,SW/솔루션,devops/시스템 엔지니어",5~10년,정규직,서울 강서구,"L2, L3, Ccnp",2026-09-09,https://jumpit.saramin.co.kr/position/54716310,,2026-09-07 23:31:22
점핏,피아스페이스,필드 엔지니어 채용,"SW/솔루션,devops/시스템 엔지니어",1~10년,정규직,서울 서초구,"Kafka, Linux, Python, Redis",2026-09-09,https://jumpit.saramin.co.kr/position/54714212,,2026-09-07 23:31:22
점핏,피아스페이스,기술 보안 엔지니어 채용,"기술지원,정보보안 담당자,devops/시스템 엔지니어",5~10년,정규직,서울 서초구,"Kubernetes, Linux, Python, VPN, AWS, GCP, ISMS, Golang",2026-09-09,https://jumpit.saramin.co.kr/position/54713341,,2026-09-07 23:31:22
점핏,호전실업,기계장치 개발자 채용,"기술지원,개발 PM,QA 엔지니어,HW/임베디드",3~10년,정규직,서울 마포구,"PyTorch, TensorFlow",2026-09-09,https://jumpit.saramin.co.kr/position/54715347,,2026-09-07 23:31:22
점핏,삼지전자,시스템개발팀 경력 모집,"SW/솔루션,devops/시스템 엔지니어,HW/임베디드",5~10년,정규직,경기 화성시 동탄구,"C, C++, MATLAB, Python, RF, Verilog, VHDL",2026-09-09,https://jumpit.saramin.co.kr/position/54710385,,2026-09-07 23:31:22
점핏,삼지전자,시스템개발팀 신입 모집,"SW/솔루션,devops/시스템 엔지니어,HW/임베디드",경력무관,정규직,경기 화성시 동탄구,"C, C++, MATLAB, Python, RF, Verilog, VHDL",2026-09-09,https://jumpit.saramin.co.kr/position/54709968,,2026-09-07 23:31:23
점핏,포밸류소프트,"금융권 SI 프로젝트 Java 개발 정규직 채용 (사원,대리)",인공지능/머신러닝,3~5년,정규직,서울 관악구,"Java, Python, AI/인공지능, GitLab, jQuery, Spring Boot",2026-09-09,https://jumpit.saramin.co.kr/position/54713577,,2026-09-07 23:31:23
점핏,스카이오토넷,HW 팀장 채용,HW/임베디드,10~20년,정규직,서울 서초구,"Orcad, PCB, Solidworks, Pads",2026-09-09,https://jumpit.saramin.co.kr/position/54714071,,2026-09-07 23:31:23
점핏,아이티무유,개발팀 시니어 4년 이상,SW/솔루션,4~6년,정규직,충북 청주시 흥덕구,"Java, MySQL, MySQL WorkBench, Python, three.js, WebGL, REST API, TCP/IP, 3D Rendering, GeoServer",2026-09-09,https://jumpit.saramin.co.kr/position/54713570,,2026-09-07 23:31:23
점핏,아이티무유,개발팀 테크 리더 5년이상 채용,SW/솔루션,5~10년,정규직,충북 청주시 흥덕구,"Java, MySQL, MySQL WorkBench, Python, three.js, WebGL, REST API, TCP/IP, 3D Rendering, GeoServer",2026-09-09,https://jumpit.saramin.co.kr/position/54713549,,2026-09-07 23:31:23
점핏,우리엔,[중견 계열사] 시스템 엔지니어,"devops/시스템 엔지니어,HW/임베디드",5~10년,정규직,경기 화성시,"Amazon CloudWatch, Amazon EC2, Amazon EKS, Amazon VPC, Docker, MySQL, Autocad",2026-09-09,https://jumpit.saramin.co.kr/position/54712023,,2026-09-07 23:31:23
점핏,긴트,임베디드 SW 경력직 채용(2~4년),"SW/솔루션,HW/임베디드",2~4년,정규직,경기 성남시 분당구,"C, C#, C++, Embedded, SW",2026-09-09,https://jumpit.saramin.co.kr/position/54711971,,2026-09-07 23:31:23
점핏,긴트,SW 플랫폼·데이터 파이프라인 엔지니어,"SW/솔루션,빅데이터 엔지니어",3~9년,정규직,경기 성남시 분당구,"Azure DevOps, Docker, GraphQL, Kubernetes, Node.js, PostgreSQL, Python, React, AWS, GCP",2026-09-09,https://jumpit.saramin.co.kr/position/54711956,,2026-09-07 23:31:23
점핏,긴트,시뮬레이션·검증 엔지니어,빅데이터 엔지니어,1~5년,정규직,경기 성남시 분당구,"Python, Unity, Unreal Engine, Blender",2026-09-09,https://jumpit.saramin.co.kr/position/54711940,,2026-09-07 23:31:23
점핏,긴트,AI/ML 엔지니어,인공지능/머신러닝,3~7년,정규직,경기 성남시 분당구,"C++, Keras, Linux, Python, PyTorch, TensorFlow, OpenCV, NLP, MCU",2026-09-09,https://jumpit.saramin.co.kr/position/54711893,,2026-09-07 23:31:23
점핏,긴트,로보틱스 시스템 엔지니어,devops/시스템 엔지니어,7~10년,정규직,경기 성남시 분당구,ROS,2026-09-09,https://jumpit.saramin.co.kr/position/54711812,,2026-09-07 23:31:23
점핏,엑스페릭스,백엔드 개발자 채용,"SW/솔루션,서버/백엔드 개발자",5~15년,정규직,서울 송파구,"C#, C++, Java, Linux, Windows, SW",2026-09-09,https://jumpit.saramin.co.kr/position/54709947,,2026-09-07 23:31:23
점핏,퍼플아카데미,데이터 분석가 채용 (경력 1~3년),빅데이터 엔지니어,1~3년,정규직,서울 양천구,"Python, AI/인공지능",2026-09-09,https://jumpit.saramin.co.kr/position/54710217,,2026-09-07 23:31:23
점핏,보스반도체,ML Systems Runtime Engineer [신입/병특],devops/시스템 엔지니어,경력무관,정규직,경기 성남시 분당구,"Android OS, Linux, DeepLearning, AI/인공지능, Transformers",2026-09-09,https://jumpit.saramin.co.kr/position/54709573,,2026-09-07 23:31:23
점핏,보스반도체,ML Systems Runtime Engineer [경력],devops/시스템 엔지니어,3~20년,정규직,경기 성남시 분당구,"Android OS, Linux, DeepLearning, AI/인공지능, Transformers",2026-09-09,https://jumpit.saramin.co.kr/position/54709565,,2026-09-07 23:31:23
점핏,보스반도체,SOC RTL Design Engineer [경력],"devops/시스템 엔지니어,프론트엔드 개발자",6~15년,정규직,경기 성남시 분당구,"C#, C++, Python, AI/인공지능, Blockchain, Verilog, EDA",2026-09-09,https://jumpit.saramin.co.kr/position/54709781,,2026-09-07 23:31:23
점핏,보스반도체,SOC RTL Design Engineer [신입/병특],"devops/시스템 엔지니어,프론트엔드 개발자",경력무관,정규직,경기 성남시 분당구,"C#, C++, Python, AI/인공지능, Blockchain, Verilog, EDA",2026-09-09,https://jumpit.saramin.co.kr/position/54709613,,2026-09-07 23:31:24
점핏,보스반도체,SOC Field Application Engineer,"기술지원,SW/솔루션,QA 엔지니어,HW/임베디드",5~20년,정규직,경기 성남시 분당구,"C, C++, Confluence, GitHub, Jenkins, Linux, Python, Embedded, Shell, Arch Linux",2026-09-09,https://jumpit.saramin.co.kr/position/54709871,,2026-09-07 23:31:24
점핏,보미오라한의원,쇼핑몰/헬스케어 서비스 개발자,"서버/백엔드 개발자,프론트엔드 개발자",3~10년,정규직,서울 강남구,"CSS 3, HTML5, JavaScript, Node.js, PHP",2026-09-09,https://jumpit.saramin.co.kr/position/54704379,,2026-09-07 23:31:24
점핏,셀키,AI (LLM RAG) 개발자,"인공지능/머신러닝,SW/솔루션",3~10년,정규직,서울 서초구,"Docker, Kubernetes, Python, PyTorch, TensorFlow, R, DeepLearning, Shell, GNU Bash, Transformers",2026-09-08,https://jumpit.saramin.co.kr/position/54703878,,2026-09-07 23:31:24
점핏,웅진,클라우드SA 모집,devops/시스템 엔지니어,5~20년,정규직,서울 중구,AWS,2026-09-08,https://jumpit.saramin.co.kr/position/54703018,,2026-09-07 23:31:24
점핏,에쓰씨케이,[SCK 및 관계사] Cloud 엔지니어 (Azure 구축 · MSP 운영),devops/시스템 엔지니어,5~15년,정규직,서울 강남구,"Azure Kubernetes Service, Linux, Microsoft Azure, PowerShell, Terraform",2026-09-08,https://jumpit.saramin.co.kr/position/54703075,,2026-09-07 23:31:24
점핏,비즈테크아이,SAP SM 모듈 운영 담당자(경력),SW/솔루션,3~7년,정규직,서울 마포구,".NET, Java, JavaScript, ABAP, ERP, GUI, SAP, Fiori",2026-09-08,https://jumpit.saramin.co.kr/position/54701853,,2026-09-07 23:31:24
점핏,원익피앤이,회로개발 (경력 3~7년),HW/임베디드,3~7년,정규직,경기 수원시,"HW, FW, Embedded, SW",2026-09-08,https://jumpit.saramin.co.kr/position/54701792,,2026-09-07 23:31:24
점핏,원익피앤이,회로개발 (경력 8~10년),HW/임베디드,8~10년,정규직,경기 수원시,"HW, FW, Embedded, SW",2026-09-08,https://jumpit.saramin.co.kr/position/54701806,,2026-09-07 23:31:24
점핏,원익피앤이,회로개발 (경력 11~15년),HW/임베디드,11~15년,정규직,경기 수원시,"HW, FW, Embedded, SW",2026-09-08,https://jumpit.saramin.co.kr/position/54701814,,2026-09-07 23:31:24
점핏,인텔리안테크놀로지스,안테나측청 담당(경력11~20년/평택연구소),"기술지원,QA 엔지니어,devops/시스템 엔지니어,HW/임베디드",11~20년,정규직,경기 평택시,"RF, Network, Spectrum",2026-09-08,https://jumpit.saramin.co.kr/position/54700570,,2026-09-07 23:31:24
점핏,인텔리안테크놀로지스,안테나측청 담당(경력1~10년/평택연구소),"기술지원,QA 엔지니어,devops/시스템 엔지니어,HW/임베디드",1~10년,정규직,경기 평택시,"RF, Network, Spectrum",2026-09-08,https://jumpit.saramin.co.kr/position/54700482,,2026-09-07 23:31:24
점핏,인텔리안테크놀로지스,Phased Array Antenna Design 채용 (석사↑),"기술지원,SW/솔루션,빅데이터 엔지니어,devops/시스템 엔지니어,프론트엔드 개발자,HW/임베디드",5~15년,정규직,경기 평택시,HW,2026-09-08,https://jumpit.saramin.co.kr/position/54700430,,2026-09-07 23:31:24
점핏,인텔리안테크놀로지스,Phased Array Antenna Design 채용 (학사↑),"기술지원,SW/솔루션,빅데이터 엔지니어,devops/시스템 엔지니어,프론트엔드 개발자,HW/임베디드",5~15년,정규직,경기 평택시,HW,2026-09-08,https://jumpit.saramin.co.kr/position/54700378,,2026-09-07 23:31:24
점핏,팸텍,React 기반 풀스택 개발자 채용,"웹 풀스택 개발자,서버/백엔드 개발자",4~20년,정규직,경기 평택시,React,2026-09-08,https://jumpit.saramin.co.kr/position/54699479,,2026-09-07 23:31:24
점핏,디오에프,Web Backend Engineer 채용,"인공지능/머신러닝,빅데이터 엔지니어,devops/시스템 엔지니어,서버/백엔드 개발자",5~13년,정규직,서울 성동구,"Git, JavaScript, MongoDB, MySQL, NestJS, React, Redis, TypeScript, AWS, NoSql",2026-09-08,https://jumpit.saramin.co.kr/position/54697478,,2026-09-07 23:31:24
점핏,이네이블러,풀스택 개발자 채용,"서버/백엔드 개발자,프론트엔드 개발자",3~10년,정규직,서울 서초구,"C#, Docker, Java, MariaDB, Spring Boot, Vue.js, WPF, Minio",2026-09-08,https://jumpit.saramin.co.kr/position/54694617,,2026-09-07 23:31:25
점핏,이노버스,백엔드 개발자 (3년 이상),서버/백엔드 개발자,3~20년,정규직,서울 강남구,"Amazon CloudFront, Amazon RDS, Amazon SQS, Java, MQTT, MySQL, Spring Framework, AWS",2026-09-08,https://jumpit.saramin.co.kr/position/54694609,,2026-09-07 23:31:25
점핏,블루닷,반도체 회로 설계 개발자 (경력),"SW/솔루션,HW/임베디드",3~12년,정규직,서울 강남구,"Git, GitHub, Python, Spring Framework, AWS",2026-09-08,https://jumpit.saramin.co.kr/position/54681134,,2026-09-07 23:31:25
점핏,블루닷,반도체 회로 설계 개발자 (신입),HW/임베디드,경력무관,정규직,서울 강남구,"Git, GitHub, Python, Spring Framework, AWS",2026-09-08,https://jumpit.saramin.co.kr/position/54681119,,2026-09-07 23:31:25
점핏,이비즈테크,시스템 사업부 엔지니어 신입,"기술지원,devops/시스템 엔지니어,서버/백엔드 개발자",경력무관,정규직,서울 마포구,"Linux, Windows, AZURE, vmware",2026-09-08,https://jumpit.saramin.co.kr/position/54647787,,2026-09-07 23:31:25
점핏,씨메스,Physical AI 엔지니어,SW/솔루션,1~10년,정규직,서울 강남구,"Foundation, Python, PyTorch, Transformers",2026-09-08,https://jumpit.saramin.co.kr/position/54617809,,2026-09-07 23:31:25
점핏,아이벡스,[전문연구요원]로봇 시스템 비전 소프트웨어 엔지니어,SW/솔루션,3~10년,정규직,서울 서초구,"C++, Docker, Git, Python, Ubuntu, OpenCV",2026-09-08,https://jumpit.saramin.co.kr/position/54673402,,2026-09-07 23:31:25
점핏,리보틱스,Robot Perception ​Engineer(경력),devops/시스템 엔지니어,3~20년,정규직,경기 시흥시,"C++, Python, PyTorch, TensorFlow, OpenCV, DeepLearning, AI/인공지능",2026-09-07,https://jumpit.saramin.co.kr/position/54660111,,2026-09-07 23:31:25
점핏,리보틱스,[전문연구요원] Robot Engineer,devops/시스템 엔지니어,3~20년,정규직,경기 시흥시,"C, C++, Git, Linux, Python, TensorFlow, OpenCV, DeepLearning",2026-09-07,https://jumpit.saramin.co.kr/position/54660020,,2026-09-07 23:31:25
점핏,리보틱스,Robot Behavior Engineer(경력),devops/시스템 엔지니어,3~20년,정규직,경기 시흥시,"C, C++, Git, Linux",2026-09-07,https://jumpit.saramin.co.kr/position/54660043,,2026-09-07 23:31:25
점핏,리보틱스,Embedded Control ​Engineer(경력),devops/시스템 엔지니어,3~20년,정규직,경기 시흥시,"C, C++, Linux, Embedded, PLC",2026-09-07,https://jumpit.saramin.co.kr/position/54660091,,2026-09-07 23:31:25
점핏,아이씨티케이홀딩스(ICTK),"Embedded SW / VPN, KCMVP 리더(팀장)","기술지원,devops/시스템 엔지니어,HW/임베디드",10~15년,정규직,서울 강남구,"Android OS, C, C++, Embedded, Embedded Linux",2026-09-07,https://jumpit.saramin.co.kr/position/54683006,,2026-09-07 23:31:25
점핏,하마랩,Back-End 경력사원 채용,서버/백엔드 개발자,3~10년,정규직,경기 성남시,"Git, Java, Linux, MariaDB, MySQL, QueryDSL, Spring Boot, Hibernate, REST API",2026-09-07,https://jumpit.saramin.co.kr/position/54682464,,2026-09-07 23:31:25
점핏,아이씨티케이홀딩스(ICTK),SW 기술지원,기술지원,10~15년,정규직,서울 강남구,"Linux, Embedded, RTOS",2026-09-07,https://jumpit.saramin.co.kr/position/54683010,,2026-09-07 23:31:25
점핏,리보틱스,SLAM Engineer(경력),devops/시스템 엔지니어,3~20년,정규직,경기 시흥시,"C++, GitHub, Python",2026-09-07,https://jumpit.saramin.co.kr/position/54660101,,2026-09-07 23:31:25
점핏,리보틱스,Robot Planning & Control Engineer(경력),devops/시스템 엔지니어,3~20년,정규직,경기 시흥시,"C, C++, Git, Linux, ROS",2026-09-07,https://jumpit.saramin.co.kr/position/54660053,,2026-09-07 23:31:25
점핏,리보틱스,Robot Platform ​Engineer(경력),devops/시스템 엔지니어,3~20년,정규직,경기 시흥시,"C, C++, Git, Linux, Embedded, ROS, Embedded Linux",2026-09-07,https://jumpit.saramin.co.kr/position/54660070,,2026-09-07 23:31:26
점핏,아이씨티케이홀딩스(ICTK),VPN Agent / GW(Android) 개발,"기술지원,안드로이드 개발자,devops/시스템 엔지니어",5~10년,정규직,서울 강남구,"Android OS, C, C++, OpenVPN, VPN, TCP/IP, Embedded, Embedded Linux",2026-09-07,https://jumpit.saramin.co.kr/position/54682996,,2026-09-07 23:31:26
점핏,아이씨티케이홀딩스(ICTK),디바이스 인증 AGENT  보안개발,,5~10년,정규직,서울 강남구,"Android OS, Android SDK, Android Studio, C, C++, Embedded, Embedded Linux",2026-09-07,https://jumpit.saramin.co.kr/position/54683032,,2026-09-07 23:31:26
점핏,골든플래닛,데이터 플로우 및 시스템 아키텍처 분석가 채용,"DBA,SW/솔루션,빅데이터 엔지니어,서버/백엔드 개발자",2~20년,정규직,서울 강남구,GCP,2026-09-07,https://jumpit.saramin.co.kr/position/54680620,,2026-09-07 23:31:26
점핏,하마랩,QA Lead / 테스트 매니저 (경력),QA 엔지니어,5~10년,정규직,경기 성남시,"Confluence, Cypress, Jira, Playwright, Postman, Redmine, Selenium, QA, Appium, k6",2026-09-07,https://jumpit.saramin.co.kr/position/54682413,,2026-09-07 23:31:26
점핏,아이씨티케이홀딩스(ICTK),SoC 칩개발,HW/임베디드,10~15년,정규직,서울 강남구,"C, C++, Embedded, Verilog",2026-09-07,https://jumpit.saramin.co.kr/position/54683028,,2026-09-07 23:31:26
점핏,하마랩,Front-End 경력사원 채용,프론트엔드 개발자,3~10년,정규직,경기 성남시,"Dart, Firebase, Flutter, Git, iOS, JavaScript, TypeScript, Vue.js, vuex, REST API",2026-09-07,https://jumpit.saramin.co.kr/position/54682419,,2026-09-07 23:31:26
점핏,컨트로맥스,DO-178C S/W TEST & Verification Engineer,"SW/솔루션,QA 엔지니어",3~10년,정규직,대전 유성구,"C++, GitLab, SourceTree, QA, SW",2026-09-07,https://jumpit.saramin.co.kr/position/54682563,,2026-09-07 23:31:26
