공고ID,직종코드,메모,공고제목,직무토큰,회사명,업종,시군구,대표URL
KR2026090700023424,,,[부울경 광역이음 일자리박람회 참가업체] ㈜강남 ...,(주)강남,（주）강남,자동차·조선·철강·항공,사하구,https://www.jobkorea.co.kr/Recruit/GI_Read/5584447/Ext?siteCode=WN&sc=
KR2026090700142439,,,**해운대구 반송 활동지원사 구인**,**해운대구반송활동지원사구인**,미소돌봄장기요양센터,기업형태,해운대구,https://www.jobkorea.co.kr/Recruit/GI_Read/5589344/Ext?siteCode=WN&sc=
KR2026090700018013,,,"상업,병의원 실내인테리어 현장소장 모집합니다.",1.인테리어,㈜디자인하이츠,"도배, 실내장식 및 내장 목공사업",금정구,https://www.jobkorea.co.kr/Recruit/GI_Read/49910772
KR2026090700001556,,,2026년도 모자보건사업 기간제 근로자 채용 공고,1400만원이하,부산광역시사상구보건소,,,https://job.nurscape.net/Jobs/Details/596765
KR2026090700055405,,,"파란손해사정 대인,재물,대물 조사인력(서울,천안,대전,광주,대구,부산)",1종조사직,파란손해사정㈜,,영등포구,https://www.jobkorea.co.kr/Recruit/GI_Read/49884534
KR2026090700017264,,,2026년도 하반기 영화의전당 통합채용 공고,2026년도하반기영화의전당통합채용,(재)영화의전당,공연시설 운영업,해운대구,https://www.jobkorea.co.kr/Recruit/GI_Read/49918926
KR2026090700016880,,,(암남동) 2등급 70세 남자어르신 주5일 10시...,2등급70세남자어르신주5일10시,부모사랑노인복지센터,,서구,https://www.jobkorea.co.kr/Recruit/GI_Read/5610762/Ext?siteCode=WN&sc=
KR2026090700020072,,,(괴정동)2등급 80대 여자어르신 주6일 오전 9...,2등급80대여자어르신주6일오전9,효드림노인재가센터,기업형태,사하구,https://www.jobkorea.co.kr/Recruit/GI_Read/5599151/Ext?siteCode=WN&sc=
KR2026090700142600,,,"[다대4지구] 2등급 남자어르신(84세), 주 5...","2등급남자어르신(84세), 2등급남자어르신, 주5",선행노인재가복지센터,,사하구,https://www.jobkorea.co.kr/Recruit/GI_Read/5561723/Ext?siteCode=WN&sc=
KR2026090700142265,,,[초량동] 3등급 70대 할머니 /오전 9시~12...,"3등급70대할머니, 오전9시~12",다은재가복지센터,,동구,https://www.jobkorea.co.kr/Recruit/GI_Read/5612008/Ext?siteCode=WN&sc=
KR2026090700029518,,,"3등급 79세 어르신(남성),4등급 78세(여성)...","3등급79세어르신(남성), 3등급79세어르신, 4등급78세(여성), 4등급78세",사랑재가복지센터,,사하구,https://www.jobkorea.co.kr/Recruit/GI_Read/5541140/Ext?siteCode=WN&sc=
KR2026090700142552,,,"[범일동] 3등급 80세 할아버지, 4등급 할머니...","3등급80세할아버지, 4등급할머니",한아름노인복지센터,,동구,https://www.jobkorea.co.kr/Recruit/GI_Read/5571858/Ext?siteCode=WN&sc=
KR2026090700142686,,,[거제동] 3등급 90세 독거 할머니 / 09:0...,"3등급90세독거할머니, 09:0",참사랑재가복지센터,,연제구,https://www.jobkorea.co.kr/Recruit/GI_Read/5531155/Ext?siteCode=WN&sc=
KR2026090700030868,,,[수영동] 3등급 91세 할머니 / 09:00~1...,"3등급91세할머니, 09:00~1",해누리재가복지센터,,수영구,https://www.jobkorea.co.kr/Recruit/GI_Read/5517596/Ext?siteCode=WN&sc=
KR2026090700029087,,,[부산 화명동] 3등급 남자 어르신 돌봐주실 요양...,3등급남자어르신돌봐주실요양,로뎀나무재가노인복지센터,,북구,https://www.jobkorea.co.kr/Recruit/GI_Read/5548118/Ext?siteCode=WN&sc=
KR2026090700142280,,,[부암동] 3등급 여자어르신 오전 주5일 재가 요...,3등급여자어르신오전주5일재가요,효향재활주간보호시설,,부산진구,https://www.jobkorea.co.kr/Recruit/GI_Read/5607528/Ext?siteCode=WN&sc=
KR2026090700029983,,,[다대 현대]3등급 여자어르신 주5일(3시간*3일...,3등급여자어르신주5일3시간*3일,가나안재가노인복지센터,,사하구,https://www.jobkorea.co.kr/Recruit/GI_Read/5533030/Ext?siteCode=WN&sc=
KR2026090700142512,,,[다대포항역인근] 3등급 여자어르신 주5일 (월-...,3등급여자어르신주5일월,으뜸재가복지센터,,사하구,https://www.jobkorea.co.kr/Recruit/GI_Read/5579543/Ext?siteCode=WN&sc=
KR2026090700142460,,,[양정현대아파트] 3등급 여자 어르신 주6일(오후...,3등급여자어르신주6일오후,가안방문요양센터,,부산진구,https://www.jobkorea.co.kr/Recruit/GI_Read/5590207/Ext?siteCode=WN&sc=
KR2026090700030573,,,[다대포-삼환] 3등급 주5일 오후 12시~ 15...,3등급주5일오후12시~15,으뜸재가복지센터,,사하구,https://www.jobkorea.co.kr/Recruit/GI_Read/5523653/Ext?siteCode=WN&sc=
KR2026090700026138,,,[방문요양]  42년생 4등급 여자 어르신 (모라...,42년생4등급여자어르신모라,효성방문요양센터,기업형태,사상구,https://www.jobkorea.co.kr/Recruit/GI_Read/5571768/Ext?siteCode=WN&sc=
KR2026090700142363,,,[연산동] 4등급 43년생 여자(독거) / 9시~...,"4등급43년생여자(독거), 4등급43년생여자, 9시~",좋은재가센터,,연제구,https://www.jobkorea.co.kr/Recruit/GI_Read/5601126/Ext?siteCode=WN&sc=
KR2026090700142489,,,[수정동] 4등급 44년 할머니/ 오전 8~11시...,"4등급44년할머니, 오전8~11시",주식회사 신창복지 신창통합재가복지센터,,동구,https://www.jobkorea.co.kr/Recruit/GI_Read/5601125/Ext?siteCode=WN&sc=
KR2026090700028568,,,(다대동) 4등급 70대 남자어르신 9시-12시 ...,4등급70대남자어르신9시-12시,부모사랑노인복지센터,,사하구,https://www.jobkorea.co.kr/Recruit/GI_Read/5556278/Ext?siteCode=WN&sc=
KR2026090700142706,,,[광안동] 4등급 70대여자어르신 / 08:30~...,"4등급70대여자어르신, 08:30~",다솜재가복지센터,,수영구,https://www.jobkorea.co.kr/Recruit/GI_Read/5524022/Ext?siteCode=WN&sc=
KR2026090700029148,,,[광안동] 4등급 70대여자어르신 / 09:00~...,"4등급70대여자어르신, 09:00~",다솜재가복지센터,,수영구,https://www.jobkorea.co.kr/Recruit/GI_Read/5547568/Ext?siteCode=WN&sc=
KR2026090700142452,,,[수정동] 4등급 73세 할머니/ 08:30 - ...,"4등급73세할머니, 08:30",수정노인재가복지센터,,동구,https://www.jobkorea.co.kr/Recruit/GI_Read/5590711/Ext?siteCode=WN&sc=
KR2026090700028569,,,[수영동] 4등급 80대 남자어르신 주5일(오전 ...,4등급80대남자어르신주5일오전,백세재가복지센터,,수영구,https://www.jobkorea.co.kr/Recruit/GI_Read/5556193/Ext?siteCode=WN&sc=
KR2026090700142745,,,[해운대구 반송동] 4등급 80대 여자어르신 재가...,4등급80대여자어르신재가,반석재가노인복지센터,,해운대구,https://www.jobkorea.co.kr/Recruit/GI_Read/5558441/Ext?siteCode=WN&sc=
KR2026090700142397,,,[보수동] 4등급 80대후반 할머니/ 10:00~...,"4등급80대후반할머니, 10:00~",수정노인재가복지센터,,중구,https://www.jobkorea.co.kr/Recruit/GI_Read/5595391/Ext?siteCode=WN&sc=
KR2026090700030564,,,[해운대구 송정동] 4등급 81세 여자어르신 재가...,4등급81세여자어르신재가,선한이웃재가복지센터,,해운대구,https://www.jobkorea.co.kr/Recruit/GI_Read/5523919/Ext?siteCode=WN&sc=
KR2026090700142710,,,"[다대5지구] 4등급 남자어르신, 주 5일(9시-...","4등급남자어르신, 주5일9시",(주)케어링 주간보호센터 부산 사하점,기업형태,사하구,https://www.jobkorea.co.kr/Recruit/GI_Read/5545661/Ext?siteCode=WN&sc=
KR2026090700142426,,,[범천동] 4등급 남자어르신 오전(07:30~10...,4등급남자어르신오전07:30~10,사랑나눔재가복지센터,,부산진구,https://www.jobkorea.co.kr/Recruit/GI_Read/5592142/Ext?siteCode=WN&sc=
KR2026090700029262,,,[다대4지구]4등급 남자어르신 주5일 10시-13...,4등급남자어르신주5일10시-13,백세재가복지센터,,사하구,https://www.jobkorea.co.kr/Recruit/GI_Read/5545673/Ext?siteCode=WN&sc=
KR2026090700142646,,,[광안동] 4등급 독거 80대 할머니 /오후 1시...,"4등급독거80대할머니, 오후1시",해누리재가복지센터,,수영구,https://www.jobkorea.co.kr/Recruit/GI_Read/5547995/Ext?siteCode=WN&sc=
KR2026090700020579,,,[해운대 좌동] 4등급 양보호사 모집,4등급양보호사,한컴말랑말랑행복케어,,해운대구,https://www.jobkorea.co.kr/Recruit/GI_Read/5598467/Ext?siteCode=WN&sc=
KR2026090700142442,,,[괴정동 삼풍아파트 인근 빌라] 4등급 여자어르신...,4등급여자어르신,주식회사 다온재가복지센터,,사하구,https://www.jobkorea.co.kr/Recruit/GI_Read/5589367/Ext?siteCode=WN&sc=
KR2026090700142400,,,[부암동] 4등급 여자어르신 오전 주3일 재가 요...,4등급여자어르신오전주3일재가요,효향재활주간보호시설,,부산진구,https://www.jobkorea.co.kr/Recruit/GI_Read/5595114/Ext?siteCode=WN&sc=
KR2026090700142748,,,"[강서구 명지] 4등급 여자 어르신 주5일, 12...",4등급여자어르신주5일,사랑채재가복지센터,,강서구,https://www.jobkorea.co.kr/Recruit/GI_Read/5505777/Ext?siteCode=WN&sc=
KR2026090700030658,,,[감전동] 4등급 여자어르신 주6일 9~12시 토...,4등급여자어르신주6일9~12시토,연수재가복지센터,,사상구,https://www.jobkorea.co.kr/Recruit/GI_Read/5522014/Ext?siteCode=WN&sc=
KR2026090700142635,,,[수영동] 4등급 할머니 /오전 9시~12시 / ...,"4등급할머니, 오전9시~12시",해누리재가복지센터,,수영구,https://www.jobkorea.co.kr/Recruit/GI_Read/5551008/Ext?siteCode=WN&sc=
KR2026090700031608,,,"[수영구, 광안동] 4등급 할아버지 / 09:30...","4등급할아버지, 09:30",마리재가복지센터,,수영구,https://www.jobkorea.co.kr/Recruit/GI_Read/5505540/Ext?siteCode=WN&sc=
KR2026090700029263,,,[용당동] 5등급 90세여자어르신 오후1시-4시 ...,5등급90세여자어르신오후1시-4시,백세재가복지센터,,남구,https://www.jobkorea.co.kr/Recruit/GI_Read/5545674/Ext?siteCode=WN&sc=
KR2026090700023031,,,5축 CNC 조작원 모집합니다.,5축cnc조작원,세원공구,기계·기계설비,사상구,https://www.jobkorea.co.kr/Recruit/GI_Read/49841246
KR2026090700025703,,,[연제구 연산동] 60대 여자대상자 주5일 7시-...,60대여자대상자주5일7시,백세재가복지센터,,연제구,https://www.jobkorea.co.kr/Recruit/GI_Read/5573018/Ext?siteCode=WN&sc=
KR2026090700028741,,,[남구 용호동] 80대 여자어르신 13시-16시 ...,80대여자어르신13시-16시,백세재가복지센터,,남구,https://www.jobkorea.co.kr/Recruit/GI_Read/5553163/Ext?siteCode=WN&sc=
KR2026090700021480,,,AD Sales Manager [경남지역/계약직(1년)],adsalesmanager경남지역,주식회사 여기어때컴퍼니,포털·컨텐츠·커뮤니티,해운대구,https://www.jobkorea.co.kr/Recruit/GI_Read/49859783
KR2026090700021699,,,AD Sales Manager [제주지역],adsalesmanager제주지역,주식회사 여기어때컴퍼니,포털·컨텐츠·커뮤니티,해운대구,https://www.jobkorea.co.kr/Recruit/GI_Read/49859192
KR2026090700031831,,,네이버 공식 파트너사 미래아이엔씨 부산지사 AE 채용,ae,(주)미래아이엔씨(부산지사),광고·홍보·전시,연제구,https://www.busanjob.net/view.do?no=1308&pgMode=show&id=772822
KR2026090700027118,,,블로그 관리,bbww블로그관리업무,부산건축자재합판목재도매,그 외 기타 건축자재 도매업,강서구,https://www.jobkorea.co.kr/Recruit/GI_Read/49766045
KR2026090700023044,,,[코오롱모터스] BMW 부산 서비스센터 신입/경력 채용,bmw,코오롱모터스㈜,자동차 신품 판매업,수영구,https://www.jobkorea.co.kr/Recruit/GI_Read/49842065
KR2026090700030929,,,[동성모터스] BMW금정 전시장 BG 직무 인재 채용,bmwgenius,㈜동성모터스 금정전시장,자동차·조선·철강·항공,금정구,https://www.jobkorea.co.kr/Recruit/GI_Read/49586733
KR2026090700030930,,,[동성모터스] BMW명지스타필드 전시장 BG 인재 채용,bmwgenius,㈜동성모터스 스타필드 전시장,자동차·조선·철강·항공,강서구,https://www.jobkorea.co.kr/Recruit/GI_Read/49586802
KR2026090700020467,,,(주)겐츠베이커리 브랜드 크리에이티브 디렉터 채용,brandcreativedirector,겐츠베이커리,"떡, 빵 및 과자류 제조업",남구,https://www.jobkorea.co.kr/Recruit/GI_Read/49875813
KR2026090700028962,,,BVN Surveyor [ Materials & Equipment Inspection ],bvnsurveyor,뷰로베리타스한국지점,"기타 기술 시험, 검사 및 분석업",부산진구,https://www.jobkorea.co.kr/Recruit/GI_Read/49711370
KR2026090700031195,,,CNC 가능하신 오퍼레이터 구인합니다,cnc가능하신오퍼레이터,주식회사 엠알엑스,백화점·유통·도소매,강서구,https://www.jobkorea.co.kr/Recruit/GI_Read/5512374/Ext?siteCode=WN&sc=
KR2026090700026148,,,"CNC선반 (마작,화낙) 구합니다.","cnc선반마작, 화낙구합니다",우호정밀,,사상구,https://www.jobkorea.co.kr/Recruit/GI_Read/5572179/Ext?siteCode=WN&sc=
KR2026090700027477,,,"cnc선반보조원, mct 보조원","cnc선반보조원, mct보조원",신광(SK)V텍,기계·기계설비,강서구,https://www.jobkorea.co.kr/Recruit/GI_Read/5564852/Ext?siteCode=WN&sc=
KR2026090700023140,,,"CNC 선반 (수직, NC선반) 조작원을 찾습니다...","cnc선반수직, nc선반조작원을찾습니다",해성이엔지,금속·재료·자재,기장군,https://www.jobkorea.co.kr/Recruit/GI_Read/5587667/Ext?siteCode=WN&sc=
KR2026090700023536,,,CNC 조작 보조원 모집합니다.,cnc조작보조원모집합니다,（주）누리테크,전기·전자·제어,사하구,https://www.jobkorea.co.kr/Recruit/GI_Read/5584062/Ext?siteCode=WN&sc=
KR2026090700027967,,,"cnc 터닝 , 드릴 조작원","cnc터닝, 드릴조작원",씨에스테크(CSTECH),금속·재료·자재,강서구,https://www.jobkorea.co.kr/Recruit/GI_Read/5562422/Ext?siteCode=WN&sc=
KR2026090700032897,,,[부산 해운대 센텀시티역] CS담당자 경력직 모집,cs담당자,(주)디에이치트레이딩,유통·무역·상사,해운대구,https://www.busanjob.net/view.do?no=1308&pgMode=show&id=739794
KR2026090700055859,,,[워라벨/단순상담/중앙] LG유플러스 유선 요금제 부가서비스안내,cs상담,휴로넷,,중구,https://www.jobkorea.co.kr/Recruit/GI_Read/49648901
KR2026090700024539,,,CS팀 정규직 채용,cs팀,㈜ 모던에이치씨,섬유·의류·패션,중구,https://www.jobkorea.co.kr/Recruit/GI_Read/49816888
KR2026090700017954,,,2026년 9월 경력사원 채용 (부산-Digital Design),digitaldesign,LX세미콘,비메모리용 및 기타 전자집적회로 제조업,진구,https://www.jobkorea.co.kr/Recruit/GI_Read/49907216
KR2026090700034327,,,훈련생모집,dm작업및조립,도영센터,,동래구,https://busanjob4u.net/view.do?no=122&pgMode=show&idx=8&type=CP
KR2026090700015413,,,[윈덤그랜드부산] Engineering 시설팀 대리/과장 경력직 채용,engineering,윈덤그랜드부산,호텔·여행·항공,서구,https://www.jobkorea.co.kr/Recruit/GI_Read/49771299
KR2026090700019385,,,[해운대 클럽디오아시스] F&B팀 관리자(경력) 채용,f&b,이도클럽디해운대㈜,유원지 및 테마파크 운영업,해운대구,https://www.jobkorea.co.kr/Recruit/GI_Read/49867985
KR2026090700019237,,,식음팀 식음서비스 신입직 채용,f&b,조선호텔앤리조트 그랜드 조선 부산,,해운대구,https://www.jobkorea.co.kr/Recruit/GI_Read/49892388
KR2026090700016826,,,F45 트레이닝 오후 파트 코치 채용 공고 (부산 서면 ),f45서면트레이닝파트코치채용,에프사십오 서면,스포츠·여가·레저,부산진구,https://www.jobkorea.co.kr/Recruit/GI_Read/49922533
KR2026090700018287,,,[윈덤그랜드부산] Finance 재경팀 경력직 채용,finance,윈덤그랜드부산,호텔·여행·항공,서구,https://www.jobkorea.co.kr/Recruit/GI_Read/49904821
KR2026090700018784,,,Finance팀(대리급) 경력 채용 공고,finance&accounting대리급,알레이마코리아㈜,분말 야금제품 제조업,해운대구,https://www.jobkorea.co.kr/Recruit/GI_Read/49898826
KR2026090700028149,,,[온더보더]롯데프리미엄 아울렛 동부산점 홀(FOH) 연봉직/KEY 모집,"foh, 홀member",㈜제이알더블유,음식료·외식·프랜차이즈,기장군,https://www.jobkorea.co.kr/Recruit/GI_Read/49746129
KR2026090700016571,,,[윈덤그랜드부산] F&B 식음료서비스 신입/경력직 채용,food&beverage,윈덤그랜드부산,호텔·여행·항공,서구,https://www.jobkorea.co.kr/Recruit/GI_Read/49928961
KR2026090700037578,,,MCU(General 및 Automotive)Digital Design 경력모집(부산근무),"fpga, idc, mcu, vdi",(주) 케인앤클루컨설팅,,부산진구,https://www.saramin.co.kr/zf_user/jobs/relay/view?rec_idx=54924305
KR2026090700037656,,,차량용 MCU SW Engineering 경력사원 모집(부산근무),"fpga, idc, mcu, vdi",(주) 케인앤클루컨설팅,,부산진구,https://www.saramin.co.kr/zf_user/jobs/relay/view?rec_idx=54902730
KR2026090700027909,,,아바니센트럴부산 Front Office 채용,frontoffice,에이서비스코리아,호텔·여행·항공,남구,https://www.jobkorea.co.kr/Recruit/GI_Read/49750243
KR2026090700028158,,,[Fairfield by Marriott Busan] Front Office 신입/경력 채용,frontoffice신입,더파이낸셜어드바이저리그룹 부산지점,호텔·여행·항공,해운대구,https://www.jobkorea.co.kr/Recruit/GI_Read/49746732
KR2026090700021034,,,[GOYARD] Junior Sales Associate (부산 신세계점),goyardsalesassociate,고야드아시아퍼시픽리미티드한국지점,상품 종합 도매업,해운대구,https://www.jobkorea.co.kr/Recruit/GI_Read/49869422
KR2026090700019506,,,(주)더이룸에서 HACCP 업무 담당자를 찾고 있어요,haccp,(주)더이룸,식품가공·개발,서구,https://www.saramin.co.kr/zf_user/jobs/relay/view?rec_idx=54899762
KR2026090700017716,,,HACCP(해썹) 상담 예약 담당자 / 전화 상담,haccp전화상담예약및일정관리,민트,컨설팅·연구·조사,해운대구,https://www.jobkorea.co.kr/Recruit/GI_Read/49797782
KR2026090700020215,,,[부산/경력 2년 이상] 피플앤컬처셀 - HR담당자(채용/온보딩),"hr인사기획, hr담당자",트리노드㈜,게임·애니메이션,해운대구,https://www.jobkorea.co.kr/Recruit/GI_Read/49879803
KR2026090700019004,,,삼영엠텍(주) 공시/IR 및 주식 담당 채용 건,ir,삼영엠텍(주),금속·재료·철강·요업,함안군,https://www.busanjob.net/view.do?no=1308&pgMode=show&id=812673
KR2026090700015474,,,부산/은행/Websquare/10/19/4개월/고급,java개발자,㈜첫눈소프트,솔루션·SI·CRM·ERP,남구,https://www.jobkorea.co.kr/Recruit/GI_Read/49904855
KR2026090700017990,,,Java 금융권 경력자 모집합니다.,java웹프로그래머,㈜데브올,솔루션·SI·CRM·ERP,부산진구,https://www.jobkorea.co.kr/Recruit/GI_Read/49909325
KR2026090700023966,,,(부산) K-POP 댄스 그룹 멤버 모집,k-pop댄스그룹멤버,㈜sh엔터테인먼트,연예·엔터테인먼트,동래구,https://www.jobkorea.co.kr/Recruit/GI_Read/49823789
KR2026090700079156,,,"LED 전광판 A/S  채용 (정규직)-서울, 대전, 대구, 부산지사 모집",led전광판a,삼익전자공업㈜,,강남구,https://www.jobkorea.co.kr/Recruit/GI_Read/49815277
KR2026090700029053,,,LG / SK / KT  인터넷가입상담,"lg, sk, kt인터넷가입상담",아이엠지네트웍스,기타 통신 판매업,부산진구,https://www.jobkorea.co.kr/Recruit/GI_Read/49703380
KR2026090700016821,,,CS전문부서 정규직 채용,lg유플러스홈고객센터,씨에스원파트너,콜센터 및 텔레마케팅 서비스업,중구,https://www.jobkorea.co.kr/Recruit/GI_Read/49922305
KR2026090700093064,,,[딱- 년1회 채용/정착지원금지급] LG헬로비전 요금제변경 전산처리(전포),lg헬로비전,㈜에이치알엔 ,,부산진구,https://www.jobkorea.co.kr/Recruit/GI_Read/49864853
KR2026090700015171,,,MCT 단순 조작원 모집,mct가공,동인하이텍㈜,기타제조업,강서구,https://www.jobkorea.co.kr/Recruit/GI_Read/49758300
KR2026090700027641,,,MCT 및 CNC 버튼 조작 원을 모집합니다.,mct및cnc버튼조작원을모집합니다,제일엠앤에스,반도체·디스플레이·광학,기장군,https://www.jobkorea.co.kr/Recruit/GI_Read/5563369/Ext?siteCode=WN&sc=
KR2026090700030863,,,MCT오퍼레이터 구인 (야간근무),"mct오퍼레이터구인(야간근무), mct오퍼레이터",주식회사 와이엔테크,자동차·조선·철강·항공,강서구,https://www.jobkorea.co.kr/Recruit/GI_Read/5518468/Ext?siteCode=WN&sc=
KR2026090700019782,,,MCT 탭핑 보조,mct탭핑cnc업무보조, ㈜인서정공 ,자동차·조선·철강·항공,기장군,https://www.jobkorea.co.kr/Recruit/GI_Read/49883860
KR2026090700028919,,,[S.O.K management] MICE 행사기...,mice행사기,S.O.Kmanagement,웨딩·상조·이벤트,해운대구,https://www.jobkorea.co.kr/Recruit/GI_Read/5551170/Ext?siteCode=WN&sc=
KR2026090700021139,,,[직업훈련학교] OA훈련과정 채용(직훈자격증보유자 우대),oa훈련과정강의,효성직업전문학교,기타 기술 및 직업훈련학원,해운대구,https://www.jobkorea.co.kr/Recruit/GI_Read/49870058
KR2026090700025865,,,세바로지스틱스코리아 Ocean Export Administrator 계약직 채용- 부산,oceanexportadmin,㈜세바로지스틱스코리아,"화물운송 중개, 대리 및 관련 서비스업",중구,https://www.jobkorea.co.kr/Recruit/GI_Read/49789013
KR2026090700005377,,,[토스인슈어런스] Office Manager (부산),officemanager,㈜비바리퍼블리카,모바일·APP,부산진구,https://www.jobkorea.co.kr/Recruit/GI_Read/49655410
KR2026090700024835,,,[부산 영도구] Operations Coordinator 신규 채용,operationscoordinator,레게로인터내셔널코리아 (유),물류·운송·배송,영도구,https://www.jobkorea.co.kr/Recruit/GI_Read/49809252
KR2026090700021452,,,[부산 서면] 글로리여성의원 OR직원 채용 (주5일&점심제공),or직원,글로리여성의원,의료(진료과목별),부산진구,https://www.busanjob.net/view.do?no=1308&pgMode=show&id=809262
KR2026090700029670,,,"[외국계/부산,제주] Specialist, PC IOL Sales",pciolsalesspecialist,한국호야써지컬옵틱스(유),제약·보건·바이오,부산진구,https://www.jobkorea.co.kr/Recruit/GI_Read/49664750
KR2026090700027441,,,"[외국계/서울, 경기] Specialist, PC IOL Sales",pciolsalesspecialist,한국호야써지컬옵틱스(유),제약·보건·바이오,부산진구,https://www.jobkorea.co.kr/Recruit/GI_Read/49762801
KR2026090700029067,,,[제어팀] FA 자동화 제어 PLC 프로그램,plc프로그래머,㈜에스알테크,산업용 로봇 제조업,기장군,https://www.jobkorea.co.kr/Recruit/GI_Read/49706765
KR2026090700025639,,,"[POS A/S 경력자 모집] POS,키오스크,카드단말기 현장 A/S 경력직 모집",posa,㈜신한포스,그 외 기타 분류 안된 사업지원 서비스업,연제구,https://www.jobkorea.co.kr/Recruit/GI_Read/49795355
KR2026090700023795,,,26년 경력사원 상시 채용 - Pricing 관리,pricing관리,한화엔진㈜,,부산진구,https://www.jobkorea.co.kr/Recruit/GI_Read/49829965
KR2026090700020497,,,[Fairfield By Marriott Busan] Revenue 사원급 채용,revenue,더파이낸셜어드바이저리그룹 부산지점,호텔·여행·항공,해운대구,https://www.jobkorea.co.kr/Recruit/GI_Read/49878985
KR2026090700030756,,,Robotics Engineer,roboticsengineer,㈜바이트사이즈,시스템 소프트웨어 개발 및 공급업,부산진구,https://www.jobkorea.co.kr/Recruit/GI_Read/49596032
KR2026090700030754,,,Robotics Technical Lead,roboticstechnicallead,㈜바이트사이즈,시스템 소프트웨어 개발 및 공급업,부산진구,https://www.jobkorea.co.kr/Recruit/GI_Read/49595965
KR2026090700023532,,,COS 부산 신세계 센텀시티점 - Sales Advisor / PT20 채용,salesadvisor,에이치앤엠헤네스앤모리츠㈜ COS,셔츠 및 블라우스 소매업,해운대구,https://www.jobkorea.co.kr/Recruit/GI_Read/49831676
KR2026090700046852,,,2026년 하반기 신입사원 공개채용,sc,BGF리테일,,대구,https://www.jobkorea.co.kr/Recruit/GI_Read/49896378
KR2026090700023002,,,Service Engineer 정규직 모집 (신입/경력사원),serviceengineer,㈜삼공사,선박 구성 부분품 제조업,강서구,https://www.jobkorea.co.kr/Recruit/GI_Read/49838892
KR2026090700109345,,,[딱- 년1회 채용/선착순마감] SK텔레콤 요금안내 및 전산처리(동래),sk텔레콤,㈜에이치알엔 ,,동래구,https://www.jobkorea.co.kr/Recruit/GI_Read/49897430
KR2026090700020223,,,[MONCLER] 신세계 센텀 STOCK CONTROLLER 채용,"stockcontroller, 재고담당자",㈜몽클레르코리아,의복 액세서리 및 모조 장신구 소매업,해운대구,https://www.jobkorea.co.kr/Recruit/GI_Read/49880343
KR2026090700017957,,,2026년 9월 경력사원 채용 (부산- System & Software),system&software,LX세미콘,비메모리용 및 기타 전자집적회로 제조업,진구,https://www.jobkorea.co.kr/Recruit/GI_Read/49907270
KR2026090700020477,,,"[IKEA Dongbusan] Fulfilment Operations Team Leader (40T, 1year Temp)",teamleader,이케아코리아 유한회사,상품 종합 도매업,기장군,https://www.jobkorea.co.kr/Recruit/GI_Read/49878066
KR2026090700026962,,,Turbocharger Application Engineer,turbochargerapplication,액셀러론코리아(유)(Accelleron KoreaLtd.),그 외 기타 기계 및 장비 도매업,금정구,https://www.jobkorea.co.kr/Recruit/GI_Read/49770167
KR2026090700023125,,,※동구 범일동 활동지원사 구인※,※동구범일동활동지원사구인※,미소돌봄장기요양센터,기업형태,동구,https://www.jobkorea.co.kr/Recruit/GI_Read/5587006/Ext?siteCode=WN&sc=
KR2026090700030084,,,※수영구 망미동 활동지원사 구인※,※수영구망미동활동지원사구인※,미소돌봄장기요양센터,기업형태,수영구,https://www.jobkorea.co.kr/Recruit/GI_Read/5531206/Ext?siteCode=WN&sc=
KR2026090700023130,,,※해운대구 재송동 활동지원사 구인※,※해운대구재송동활동지원사구인※,미소돌봄장기요양센터,기업형태,해운대구,https://www.jobkorea.co.kr/Recruit/GI_Read/5587152/Ext?siteCode=WN&sc=
KR2026090700142506,,,( 진구청 취업정보센터 채용대행 ) 가야 화신타운...,가야화신타운,(주)듀델코리아,시설관리·보안·경비,부산진구,https://www.jobkorea.co.kr/Recruit/GI_Read/5582446/Ext?siteCode=WN&sc=
KR2026090700017299,,,"(주)세스코 홈케어부산경남 가정집서비스 보조 - 창원,진주",가정집서비스보조,㈜세스코,제약·보건·바이오,강서구,https://www.jobkorea.co.kr/Recruit/GI_Read/49919841
KR2026090700021958,,,하우스키핑 메이드 구인,가족같이일할성실한룸메이드모십니다,아르반시티,비주거용 건물 임대업,연제구,https://www.jobkorea.co.kr/Recruit/GI_Read/49855353
KR2026090700028470,,,요양병원 감염관리담당자 구인,감염관리담당자,자연요양병원,의료(병원종류별),사하구,https://www.busanjob.net/view.do?no=1308&pgMode=show&id=796313
KR2026090700027140,,,"감천동 50대 여자 주2일(월,수) 2시-5시 요...","감천동50대여자주2일월, 수2시-5시요",가온재가복지센터,,사하구,https://www.jobkorea.co.kr/Recruit/GI_Read/5565496/Ext?siteCode=WN&sc=
KR2026090700026704,,,(부산) 거래처 관리자 모집 초보 경력 사원 환영 / 정규직 전환 가능,거래처관리자,㈜토인스카랜드,그 외 기타 광고 관련 서비스업,부산진구,https://www.jobkorea.co.kr/Recruit/GI_Read/49772811
KR2026090700030058,,,대형GA 어센틱/한 달 통시책/고객이 요청한 인바운드DB [용산/의정부/부산],건강보험설계사,㈜어센틱금융그룹,보험 대리 및 중개업,부산진구,https://www.jobkorea.co.kr/Recruit/GI_Read/49630538
KR2026090700028798,,,세정본사 관리소장 구인,건물.시설관리.주차관리,한국서비스(주),사업시설 유지․관리 서비스업,금정구,https://www.busanjob.net/view.do?no=1308&pgMode=show&id=794687
KR2026090700023153,,,주상복합 아파트 쾌적한 생활을 위한 숙련된 관리소...,건물.시설관리.주차관리,주식회사 비엠에스코리아,시설관리·보안·경비,사상구,https://www.jobkorea.co.kr/Recruit/GI_Read/5587588/Ext?siteCode=WN&sc=
KR2026090700016837,,,건물관리담당 채용(주차관리 포함),건물관리기획,㈜에이멘글로벌,,부산진구,https://www.jobkorea.co.kr/Recruit/GI_Read/49923164
KR2026090700030730,,,금강창호기공(주) 부산지사 견적 담당자를 모집합니다.,건설견적원,금강창호기공(주),실내·인테리어·조경,동래구,https://www.busanjob.net/view.do?no=1308&pgMode=show&id=783087
KR2026090700034920,,,"(정규직, 계약직) 인테리어철거 경력 · 신입 모집",건설노무,다움마루철거,,해운대구,https://www.saramin.co.kr/zf_user/jobs/relay/view?rec_idx=54902802
KR2026090700018298,,,건설안전을 책임질  안전인재를  모집합니다,건설안전,㈜삼강티앤에스,건물 건설업,서구,https://www.jobkorea.co.kr/Recruit/GI_Read/49905325
KR2026090700025704,,,건설업 경력 사원 모집,건설업경력,부명기업（주）,인테리어·자재,남구,https://www.jobkorea.co.kr/Recruit/GI_Read/5573738/Ext?siteCode=WN&sc=
KR2026090700026955,,,건설회사 관리부 경력직 채용,건설회사,㈜한가람종합건설,아파트 건설업,강서구,https://www.jobkorea.co.kr/Recruit/GI_Read/49769690
KR2026090700023347,,,건어물 소분 등,건어물소분,행복푸드,건어물 및 젓갈류 도매업,기장군,https://www.jobkorea.co.kr/Recruit/GI_Read/49838191
KR2026090700018839,,,검안사 선생님 지원바랍니다,검안사,눈초롱안과의원,의료(진료과별),서구,https://www.jobkorea.co.kr/Recruit/GI_Read/49901502
KR2026090700019967,,,눈초롱안과에서 검안사를 모집해요,검안사,눈초롱안과의원,의료(진료과별),서구,https://www.jobkorea.co.kr/Recruit/GI_Read/49883246
KR2026090700022442,,,게임개발자 [1-3년],"게임개발, 게임개발자",에스피코리아,게임,강서구,https://www.jobkorea.co.kr/Recruit/GI_Read/49847790
KR2026090700023070,,,[부산]게임운영담당자/손빠른분환영/게임하면서일하실분/재화관리/경매,게임운영담당자,대출다연,,수영구,https://www.busanjob.net/view.do?no=1308&pgMode=show&id=806878
KR2026090700021420,,,영점일디자인에서 현장팀을 모집합니다.,견적및공사현장관리,영점일디자인스튜디오,인테리어·자재,부산진구,https://www.jobkorea.co.kr/Recruit/GI_Read/49863010
KR2026090700142148,,,(주)사랑모아 보험 종합 법인 에서 특별지원 신입컨설턴트 를 모집합니다,"경력금융컨설턴트정착지원, 교육지원",㈜사랑모아금융서비스,보험 대리 및 중개업,부산진구,https://www.jobkorea.co.kr/Recruit/GI_Read/49830413
KR2026090700024891,,,경력사원 구합니다(경력단절자지원가능)~~,"경력사원구합니다(경력단절자지원가능)~~, 경력사원구합니다",세무법인동주,,동구,https://www.jobkorea.co.kr/Recruit/GI_Read/5578171/Ext?siteCode=WN&sc=
KR2026090700019594,,,[엠제이경매] 경매투자컨설턴트(임대/매도),경매투자컨설턴트,엠제이경매㈜,기타 기술 및 직업훈련학원,연제구,https://www.jobkorea.co.kr/Recruit/GI_Read/49887632
KR2026090700161331,,,[2026한국폴리텍대학부산캠퍼스 JOB-FAIR 채용박람회],경비.보안.경호,조은관리시스템 주식회사,,사하구,https://job.career.co.kr/recruit/view/22075593
KR2026090700025465,,,사상구 소재 식당  주간 관리원을 모집합니다.(격...,경비.보안.경호,수찬개발주식회사,시설관리·보안·경비,사상구,https://www.jobkorea.co.kr/Recruit/GI_Read/5575339/Ext?siteCode=WN&sc=
KR2026090700018624,,,입찰 및 계약담당자 모집,계약담당자,(주)여명기술단,환경·설비,동래구,https://www.busanjob.net/view.do?no=1308&pgMode=show&id=813138
KR2026090700019539,,,정보보호 특성화대학 지원사업단 계약직원 채용 공고,계약직원,동서대학교산학협력단,초중고·대학,사상구,https://www.busanjob.net/view.do?no=1308&pgMode=show&id=811987
KR2026090700034733,,,[부산] KOLAS 공인교정기관 실무자 채용,계측기교정,(주)한국계측표준연구원,,금정구,https://www.saramin.co.kr/zf_user/jobs/relay/view?rec_idx=54964624
KR2026090700018414,,,KS인터내셔널(구.KS타일총판) 부산상담팀 직원모집,고객상담및매장관리,㈜케이에스인터내셔널,인테리어·자재,강서구,https://www.jobkorea.co.kr/Recruit/GI_Read/49903481
KR2026090700161178,,,"MCT(수직,수평) 고급기술자 모집/연봉 7000만원이상/경력 및 능력에 따라 협의 가능",고급기술자,디오더블유 (DOW),,강서구,https://job.career.co.kr/recruit/view/22189678
KR2026090700030217,,,명인에듀 사직 영어 고등부 내신 선생님,고등부내신선생님,㈜명인에듀,일반 교과 학원,동래구,https://www.jobkorea.co.kr/Recruit/GI_Read/49630835
KR2026090700034326,,,공존직업재활센터 근로장애인 및 훈련장애인 모집,"고무조립, 생필품포장, 기타포장등임가공",공존직업재활센터,,기장군,https://busanjob4u.net/view.do?no=122&pgMode=show&idx=10&type=CP
KR2026090700031489,,,고철 현장 샤링 및 절단공 구함,고철현장샤링및절단공구함,한화스틸,금속·재료·자재,강서구,https://www.jobkorea.co.kr/Recruit/GI_Read/5507378/Ext?siteCode=WN&sc=
KR2026090700020230,,,해운대비치골프앤리조트 프론트 직원 모집,골프장프론트직원,해운대비치골프앤리조트㈜,골프장 운영업,기장군,https://www.jobkorea.co.kr/Recruit/GI_Read/49784100
KR2026090700033647,,,기장군 토지정보과 기근제근로자 채용 공고,공공용지토지이동업무보조,기장군청,,기장군,https://www.busanjob.net/view.do?no=1309&pgMode=show&id=281237
KR2026090700020649,,,관공서 건설현장 공사과장 구합니다.,공사과장,현운건설(주),건설·건축·토목·시공,기장군,https://www.busanjob.net/view.do?no=1308&pgMode=show&id=810427
KR2026090700073030,,,ACC(AIR COOLED CONDENSER) 현장 공사감독 계약직 채용,공사현장감독,㈜ 에어로피에치이,기계·기계설비,은평구,https://www.jobkorea.co.kr/Recruit/GI_Read/49900917
KR2026090700091651,,,[지금디자인] 26년도 현장 관리 부문 신규채용,공사현장관리소장,지금디자인,디자인·CAD,수영구,https://www.jobkorea.co.kr/Recruit/GI_Read/49825567
KR2026090700023991,,,함께 근무하실 소속공인중개사  및 보조중개인  모집합니다.(경력무관),공인중개사및보조중개인,홈즈공인중개사사무소,부동산·중개·임대,중구,https://www.jobkorea.co.kr/Recruit/GI_Read/49825972
KR2026090700030713,,,[공장팀] 에이피엔부동산중개법인 공인중개사 중개보조원 모집,공인중개사및중개보조원,에이피엔부동산중개법인㈜부산지사,부동산·중개·임대,강서구,https://www.jobkorea.co.kr/Recruit/GI_Read/49602059
KR2026090700026071,,,[경력무관]와이케이스틸주식회사 공장 IT(OA)관리,"공장oa관리, it관리",㈜즐거운시간,시스템 소프트웨어 개발 및 공급업,사하구,https://www.jobkorea.co.kr/Recruit/GI_Read/49785043
KR2026090700030714,,,부산 공장 전문 에이피엔부동산에서 공인중개사와 중개보조원을 모집합니다,공장팀공인중개사및중개보조원,에이피엔부동산중개법인㈜부산지사,부동산·중개·임대,강서구,https://www.jobkorea.co.kr/Recruit/GI_Read/49602070
KR2026090700029740,,,룽에어 김해공항 수퍼바이저 경력 채용 공고,공항,범아항운(주),호텔·여행·항공,강서구,https://www.saramin.co.kr/zf_user/jobs/relay/view?rec_idx=54574760
KR2026090700030504,,,버클리와 함께하실 과학선생님 모집합니다,과학선생,버클리퀀텀스쿨(주),학원·어학원,해운대구,https://www.busanjob.net/view.do?no=1308&pgMode=show&id=784322
KR2026090700031404,,,관광부분 경력자 채용(부산/경남),관광부분,㈜링크업,데이터베이스 및 온라인정보 제공업,영도구,https://www.jobkorea.co.kr/Recruit/GI_Read/49555746
KR2026090700019256,,,[빌라쥬 드 아난티] 고객서비스 부문 정규직 채용,관광호텔,㈜아난티 오시리아 제1지점,호텔·여행·항공,기장군,https://www.jobkorea.co.kr/Recruit/GI_Read/49893195
KR2026090700018664,,,[거성교회] 관리집사님을 청빙하고자 합니다.,관리집사,거성교회,협회·단체,연제구,https://www.busanjob.net/view.do?no=1308&pgMode=show&id=813094
KR2026090700024640,,,사단법인 나눔으로행복한동행 복지용구사업소 관리책임자 모집,관리책임자,(사)나눔으로행복한동행,협회·단체,해운대구,https://www.saramin.co.kr/zf_user/jobs/relay/view?rec_idx=54971401
KR2026090700028627,,,광안동 소형아파트 관리인 구합니다.,광안동소형아파트관리인구합니다,주식회사 비엠에스코리아,시설관리·보안·경비,수영구,https://www.jobkorea.co.kr/Recruit/GI_Read/5554481/Ext?siteCode=WN&sc=
KR2026090700142103,,,[블루엘리펀트 ㅣ 부산 상권] 스토어 정직원 스탭 (광안리/해운대/광복),"광안리, 해운대, 서면, 광복, 지역무관",㈜블루엘리펀트,안경 및 안경렌즈 제조업,해운대구,https://www.jobkorea.co.kr/Recruit/GI_Read/49765977
KR2026090700025472,,,광안리 동방오거리 근처4등급 남자독거어르신,광안리동방오거리근처4등급남자독거어르신,시원재가복지센터,,수영구,https://www.jobkorea.co.kr/Recruit/GI_Read/5575443/Ext?siteCode=WN&sc=
KR2026090700021128,,,이더넷 통신 및 광통신 결선업무 신입 및 경력직 모집,"광케이블접속, 랜케이블결선",하이넷㈜,통신.방송장비 및 부품 도매업,북구,https://www.jobkorea.co.kr/Recruit/GI_Read/49869302
KR2026090700026231,,,"그릿수학831 해운대원에서 교구,사고력,교과선생님을 모심.",교과선생,그릿수학831해운대영재학원,학원·어학원,해운대구,https://www.busanjob.net/view.do?no=1308&pgMode=show&id=801396
KR2026090700030998,,,파워디아 교습소/홈스쿨 운영자 모집 (국어/속독/독서/논술/자기주도학습),"교습소, 홈스쿨운영자",파워디아인재교육해운대학원,그 외 기타 분류 안된 교육기관,해운대구,https://www.jobkorea.co.kr/Recruit/GI_Read/49585098
KR2026090700031135,,,에스에스아이부산(주) SSI Busan 입학 상담 담당 채용 공고,"교육컨설턴트, 교직원, 교육운영, 교육콘텐츠기획, 입시컨설팅",에스에스아이부산(주),초중고·대학,해운대구,https://www.busanjob.net/view.do?no=1308&pgMode=show&id=780568
KR2026090700019828,,,[경남정보대학교 산학협력단]AID전환 중점 전문대학 지원사업,교육행정,경남정보대학교,초중고·대학,사상구,https://www.busanjob.net/view.do?no=1308&pgMode=show&id=811589
KR2026090700027329,,,(주)티에스피 정관공장 연마 경력직 채용,국내영업,주식회사티에스피예림공장,조선·항공·우주,기장군,https://www.busanjob.net/view.do?no=1308&pgMode=show&id=799199
KR2026090700027897,,,부산청 국도ITS 도로교통정보센터(부산) 운영팀,국도its유지관리,굿모닝아이텍,응용 소프트웨어 개발 및 공급업,동구,https://www.jobkorea.co.kr/Recruit/GI_Read/49748787
KR2026090700053150,,,부산청 국도ITS 유지관리 현장팀 팀원 채용(영덕팀),국도its유지관리,굿모닝아이텍,,영덕군,https://www.jobkorea.co.kr/Recruit/GI_Read/49748772
KR2026090700016059,,,"Convention Planner(국제회의, 전시) 채용공고",국제회의전시컨벤션프로모션,㈜비케이미디어,"전시, 컨벤션 및 행사 대행업",해운대구,https://www.jobkorea.co.kr/Recruit/GI_Read/49932946
KR2026090700142725,,,굿모닝뷰 아파트 관리원분 모집합니다,굿모닝뷰아파트관리원분,(주)고태,부동산·중개·임대,부산진구,https://www.jobkorea.co.kr/Recruit/GI_Read/5524691/Ext?siteCode=WN&sc=
KR2026090700023001,,,[부릉] 권역 관리자 정규직 채용 (부산 근무),권역관리자,㈜부릉,쇼핑몰·오픈마켓·소셜커머스,부산진구,https://www.jobkorea.co.kr/Recruit/GI_Read/49838720
KR2026090700031167,,,그라인더 사상 및 중자원,그라인더사상및중자원,금화스틸,,강서구,https://www.jobkorea.co.kr/Recruit/GI_Read/5513688/Ext?siteCode=WN&sc=
KR2026090700021005,,,[이커넥트] '사주나루' 그로스팀 통합 채용,그로스,이커넥트,쇼핑몰·오픈마켓,해운대구,https://www.busanjob.net/view.do?no=1308&pgMode=show&id=809944
KR2026090700023724,,,(주)듀델코리아 본사 근무직원 모집,근무직원,듀델코리아,시설관리·경비·용역,해운대구,https://www.busanjob.net/view.do?no=1308&pgMode=show&id=805835
KR2026090700031881,,,[글로벌 자동차 부품사] Sales Manager 경력 채용,글로벌자동차부품사,엘앤피자동차코리아유한책임회사,기계·설비·자동차,사상구,https://www.busanjob.net/view.do?no=1308&pgMode=show&id=771732
KR2026090700016146,,,글로벌 제휴.운영 관리자 채용,"글로벌제휴.운영관리자, 제휴",㈜여행가자고,여행사업,해운대구,https://www.jobkorea.co.kr/Recruit/GI_Read/49931695
KR2026090700020735,,,글로벌포워딩-Senior Ocean Freight Import Coordinator(7-10 Years),글로벌포워딩-해상수입부산,닥서코리아㈜,"화물운송 중개, 대리 및 관련 서비스업",동구,https://www.jobkorea.co.kr/Recruit/GI_Read/49872767
KR2026090700033619,,,한국산업은행 2027년 5급 신입행원(일반) 채용공고,"금융.보험, 일반직",한국산업은행,,,https://job.alio.go.kr/recruitview.do?idx=304398
KR2026090700023989,,,"부산, 은행 혹은 금융권 경력자, Websquare, 고급 1명, 10/18일","금융권경력, 고급, websquare",㈜쿡섬,솔루션·SI·CRM·ERP,남구,https://www.jobkorea.co.kr/Recruit/GI_Read/49825646
KR2026090700037350,,,금정구 부곡동 재가요양사 구인건,금정구부곡동재가요양사구인건,보은재가복지센터,,금정구,https://www.jobkorea.co.kr/Recruit/GI_Read/5610763/Ext?siteCode=WN&sc=
KR2026090700019424,,,[한국금거래소 사상점] 과 함께 하실 직원을 모집합니다,금투자상담및판매,한국금거래소 사상점,백화점·유통·도소매,사상구,https://www.jobkorea.co.kr/Recruit/GI_Read/49818209
KR2026090700037369,,,[기성금속(주)] 캐니스타부 모집,금형설계,,,강서구,https://www.saramin.co.kr/zf_user/jobs/relay/view?rec_idx=54950578
KR2026090700016831,,,센타레스연마 기능공/연습공 모집,기계부품가공,중앙연마,자동차·조선·철강·항공,사상구,https://www.jobkorea.co.kr/Recruit/GI_Read/49922664
KR2026090700161329,,,[2026한국폴리텍대학부산캠퍼스 JOB-FAIR 채용박람회],기계설계.cad.cam,우성진공기술(주),,사상구,https://job.career.co.kr/recruit/view/22075603
KR2026090700034224,,,[좋은문화병원] 중앙공급실 직원 채용(중증),"기구세척, 소독물정리, 린넨류정리정돈",좋은문화병원,,동구,https://busanjob4u.net/view.do?no=122&pgMode=show&idx=379&type=CORP
KR2026090700034210,,,(긴급)[파크하얏트부산] 식음료부 지원 모집,기물세척및관리,파크하얏트부산,,해운대구,https://busanjob4u.net/view.do?no=122&pgMode=show&idx=2485&type=CP
KR2026090700034225,,,(긴급)[빌라쥬 드 아난티] 기물관리 파트 정직원 채용(중증),기물세척및핸들링,주식회사 아난티 오시리아 제1지점,,기장군,https://busanjob4u.net/view.do?no=122&pgMode=show&idx=2470&type=CP
KR2026090700024297,,,(주)에스지라이뮤 기술부 채용 공고,기술부,㈜에스지라이뮤,컴퓨터 제조업,금정구,https://www.jobkorea.co.kr/Recruit/GI_Read/49819705
KR2026090700027651,,,[젠스타메이트] 기업 부동산 자산 관리 신입/경력 모집(부산 근무),기업부동산자산관리,㈜젠스타메이트,비주거용 부동산 관리업,동구,https://www.jobkorea.co.kr/Recruit/GI_Read/49754867
KR2026090700020806,,,[기장 대게만찬] 홀 서비스 정직원 채용[신입지원 가능],기장대게만찬홀서비스,㈜일등코리아,한식 일반 음식점업,기장군,https://www.jobkorea.co.kr/Recruit/GI_Read/49870632
KR2026090700020807,,,[기장 일등가] 홀 서비스 정직원 채용[신입지원 가능],기장일등가홀서비스,㈜일등코리아,한식 일반 음식점업,기장군,https://www.jobkorea.co.kr/Recruit/GI_Read/49870640
KR2026090700023796,,,26년 경력사원 상시 채용 - 기준정보 관리,기준정보관리,한화엔진㈜,,부산진구,https://www.jobkorea.co.kr/Recruit/GI_Read/49829960
KR2026090700023529,,,창조의아침 미술학원 기초디자인선생님 모집합니다.,기초디자인선생,창조의 아침 미술학원,학원·어학원·교육원,사하구,https://www.jobkorea.co.kr/Recruit/GI_Read/49831243
KR2026090700139570,,,[김해국제공항] 스카이허브라운지 홀서비스 직원 채용 (식사제공),김해공항스카이허브라운지서비스,㈜이브릿지,,강서구,https://www.jobkorea.co.kr/Recruit/GI_Read/49901191
KR2026090700089994,,,[김해국제공항]수하물 지상조업 BSA (여객기 이용 승객),김해공항여객수하물,유니포트(주),,강서구,https://www.jobkorea.co.kr/Recruit/GI_Read/49848629
KR2026090700028174,,,2026 김해공항 내 지상직 서비스인턴/ 승준생 우대/ 윙,김해공항지상직인턴,윙플서비스커리어센터,호텔·여행·항공,강서구,https://www.jobkorea.co.kr/Recruit/GI_Read/49748130
KR2026090700028153,,,남구 그랜드모먼트 유스호스텔 룸메이드 모집,남구그랜드모먼트유스호스텔룸메이드,㈜학승,호텔·여행·항공,남구,https://www.jobkorea.co.kr/Recruit/GI_Read/49746404
KR2026090700024536,,,(주)월드로직스 사내 진열 및 납품 같이 일하실분 모집합니다,납품및창고관리,㈜월드로직스틱,백화점·유통·도소매,사하구,https://www.jobkorea.co.kr/Recruit/GI_Read/49816763
KR2026090700027689,,,(주)하경산업 납품사원 모집,납품사원,(주)하경산업,조선·항공·우주,사상구,https://www.busanjob.net/view.do?no=1308&pgMode=show&id=798387
KR2026090700024362,,,[한일이에프] 부산지사 1톤  탑차 거래처 납품사원 채용,납품사원,농업회사법인(주)한일이에프,식품가공·개발,동래구,https://www.busanjob.net/view.do?no=1308&pgMode=show&id=804712
KR2026090700025643,,,(주)우주아이엔티 부산 본사 내부관리 직원 채용,"내부관리, 사무관리",㈜우주아이엔티,기타 가공식품 도매업,강서구,https://www.jobkorea.co.kr/Recruit/GI_Read/49795578
KR2026090700025850,,,"편한분위기,가족처럼",네비게이션설치,부산 내비게이션블랙박스 전문점,정비·A/S·카센터,사하구,https://www.jobkorea.co.kr/Recruit/GI_Read/49791006
KR2026090700081972,,,[NESPRESSO] 네슬레코리아 네스프레소 서울/경기/청주/부산 정규직/계약직,네슬레코리아매장관리및판매사원,㈜휴머니스트,,서초구,https://www.jobkorea.co.kr/Recruit/GI_Read/49556631
KR2026090700016668,,,[책나무 레이카운티점]성실한 논술선생님 모집합니다,논술선생,책나무 레이카운티 독서논술학원,학원·어학원,연제구,https://www.busanjob.net/view.do?no=1308&pgMode=show&id=815524
KR2026090700018696,,,"(주)푸드엔 대연점 농산팀 채용 (농산품 진열,소분)",농산,㈜푸드엔 대연지점,유통·무역·상사,남구,https://www.jobkorea.co.kr/Recruit/GI_Read/49818995
KR2026090700026487,,,"농산물 납품,전처리 직원 구합니다.","농산물납품, 농산물전처리",㈜햇빛농산,사료 도매업,강서구,https://www.jobkorea.co.kr/Recruit/GI_Read/49778728
KR2026090700029608,,,뉴시즈 레지던스 & 팔레드시즈 콘도 판촉 채용,뉴시즈레지던스&팔레드시즈콘도판촉,㈜제이앤케이컴퍼니,응용 소프트웨어 개발 및 공급업,해운대구,https://www.jobkorea.co.kr/Recruit/GI_Read/49670127?rPageCode=SL&logpath=21&sn=6&sc=611
KR2026090700027143,,,"다대동 50대 남자 주2회(월,목 또는 화,금) ...","다대동50대남자주2회월, 목또는화",가온재가복지센터,,사하구,https://www.jobkorea.co.kr/Recruit/GI_Read/5565498/Ext?siteCode=WN&sc=
KR2026090700142613,,,다대포 해태(김) 양식 일 하실 분,"다대포해태(김)양식일하실분, 다대포해태",혜성호(혜성수산),,사하구,https://www.jobkorea.co.kr/Recruit/GI_Read/5556883/Ext?siteCode=WN&sc=
KR2026090700025697,,,단순 노동 종사원 모집,단순노동종,흥산포포장공업사,,강서구,https://www.jobkorea.co.kr/Recruit/GI_Read/5573753/Ext?siteCode=WN&sc=
KR2026090700030651,,,단순 사상공 모집합니다.,단순사상공모집합니다,(주)대경티에스,금속·재료·자재,강서구,https://www.jobkorea.co.kr/Recruit/GI_Read/5521759/Ext?siteCode=WN&sc=
KR2026090700034321,,,양지직업재활원 훈련이용자 모집,단순생산조립업무,양지직업재활원,,연제구,https://busanjob4u.net/view.do?no=122&pgMode=show&idx=16&type=CP
KR2026090700034319,,,베데스다직업재활원 이용장애인 모집,단순임가공작업,베데스다직업재활원,,김해시,https://busanjob4u.net/view.do?no=122&pgMode=show&idx=18&type=CP
KR2026090700034325,,,사상구장애인근로작업장 훈련근로장애인 모집,단순임가공작업,사상구장애인근로작업장,,사상구,https://busanjob4u.net/view.do?no=122&pgMode=show&idx=11&type=CP
KR2026090700034314,,,발달장애인 이용자를 모집합니다,단순조립및포장,징검다리,,수영구,https://busanjob4u.net/view.do?no=122&pgMode=show&idx=1228&type=CP
KR2026090700023116,,,도금업 단순직 사원 모집,단순직,비케이 (BK) 아노다이징,도금업,사상구,https://www.busanjob.net/view.do?no=1308&pgMode=show&id=806822
KR2026090700028642,,,닭고기 발골 작업,닭고기발골작업,현성식품주식회사,백화점·유통·도소매,동래구,https://www.jobkorea.co.kr/Recruit/GI_Read/5554087/Ext?siteCode=WN&sc=
KR2026090700022905,,,[측정사업부(외근)] 대기측정요원 신입 채용,"대기측정분석사, 환경측정분석사, 대기환경기사, 대기측정분석, 환경기능사",(주)부경이엔지,환경,강서구,https://www.saramin.co.kr/zf_user/jobs/relay/view?rec_idx=54830070
KR2026090700028867,,,대내외협력과장  채용합니다.,대내외협력과장,코스비한의원,의료(진료과목별),사하구,https://www.busanjob.net/view.do?no=1308&pgMode=show&id=794331
KR2026090700142529,,,(진구청 취업정보센터 채용대행 [양정동] 대원칸타...,대원칸타,(주)듀델코리아,시설관리·보안·경비,부산진구,https://www.jobkorea.co.kr/Recruit/GI_Read/5577432/Ext?siteCode=WN&sc=
KR2026090700066491,,,[서면역/월350만/주5일] 에스엠씨대부 대출상담 대규모 채용,대출상담,보보스링크㈜,,부산진구,https://www.jobkorea.co.kr/Recruit/GI_Read/49811462
KR2026090700016260,,,[HMM오션서비스] 임원의전·차량관리 담당자 채용,대표의전및차량관리,에이치엠엠오션서비스㈜,기타 수상 운송지원 서비스업,중구,https://www.jobkorea.co.kr/Recruit/GI_Read/49915924
KR2026090700142507,,,더 스퀘어빌딩 상가 관리소장 모집,더스퀘어빌딩상가관리소장,(주)에이스,콜센터·아웃소싱·기타,사하구,https://www.jobkorea.co.kr/Recruit/GI_Read/5582522/Ext?siteCode=WN&sc=
KR2026090700020809,,,[더이스트인부산] 홀서비스 파트 [신입/경력] 모집,더이스트인부산식음료서비스신입,㈜일등코리아,한식 일반 음식점업,기장군,https://www.jobkorea.co.kr/Recruit/GI_Read/49870683
KR2026090700024711,,,DYB최선어학원 동래캠퍼스 고객지원팀 데스크직원 채용,데스크직원,디와이비최선어학원동래캠퍼스,학원·어학원,동래구,https://www.busanjob.net/view.do?no=1308&pgMode=show&id=804140
KR2026090700028248,,,데스크직원 모집,데스크직원,라이프치과,의료(진료과목별),해운대구,https://www.busanjob.net/view.do?no=1308&pgMode=show&id=797306
KR2026090700021418,,,3d도면직원구합니다(스케치업),도면,라움시스템가구,,기장군,https://www.busanjob.net/view.do?no=1308&pgMode=show&id=809311
KR2026090700023776,,,독서지도 선생님 모집합니다.,독서지도선생님모집합니다,독서로학습명지학원,학원·어학원·교육원,강서구,https://www.jobkorea.co.kr/Recruit/GI_Read/49828448
KR2026090700022666,,,동래구 안락동 상가건물 관리인 구합니다.,동래구안락동상가건물관리인구합니다,주식회사 비엠에스코리아,시설관리·보안·경비,동래구,https://www.jobkorea.co.kr/Recruit/GI_Read/5589096/Ext?siteCode=WN&sc=
KR2026090700028621,,,[리조트휘트니스] 롯데백화점 동래점 오후 컨시어지 채용 합니다.,동래점컨시어지,리조트휘트니스 헬스&PT 롯데백화점 부산동래점,스포츠·여가·레저,동래구,https://www.jobkorea.co.kr/Recruit/GI_Read/49727188
KR2026090700018800,,,"월급의 한계를 깨고 싶은 분만 클릭하세요, 업계 최고 수준 인센티브 보장",동래푸르지오에듀포레분양상담사,㈜신화그룹,부동산·중개·임대,해운대구,https://www.jobkorea.co.kr/Recruit/GI_Read/49899424
KR2026090700024513,,,동아대병원 카페 마감 근무자 구합니다.,동아대병원카페,재단법인 동아문화재단,음식료·외식·프랜차이즈,서구,https://www.jobkorea.co.kr/Recruit/GI_Read/49814655
KR2026090700024514,,,동아대병원 카페 오픈 근무자 구합니다.,동아대병원카페오픈근무자구합니다,재단법인 동아문화재단,음식료·외식·프랜차이즈,서구,https://www.jobkorea.co.kr/Recruit/GI_Read/49814648
KR2026090700142455,,,[재송동] 동해선 센텀역인근 아파트 문전 수거원 ...,동해선센텀역인근아파트문전수거원,(주)디이씨오,시설관리·보안·경비,해운대구,https://www.jobkorea.co.kr/Recruit/GI_Read/5589259/Ext?siteCode=WN&sc=
KR2026090700021550,,,라파엘웨딩컴퍼니 부산 웨딩드레스 피팅 신입/경력 채용,드레스샵,라파엘웨딩컴퍼니,웨딩·장례·이벤트,수영구,https://www.saramin.co.kr/zf_user/jobs/relay/view?rec_idx=54855527
KR2026090700036319,,,프리미엄 최재훈 웨딩드레스샵 신입/경력 모집,드레스샵,,웨딩·장례·이벤트,수영구,https://www.saramin.co.kr/zf_user/jobs/relay/view?rec_idx=54782332
KR2026090700019537,,,오크레페경성대점 정규직 모집,디저트제조,오크레페 경성대점,음식료·외식·프랜차이즈,남구,https://www.jobkorea.co.kr/Recruit/GI_Read/49866871
KR2026090700022075,,,[부산북구 덕천동]따뜻한 마음으로 어르신을 돌보는...,따뜻한마음으로어르신을돌보는,소중애주간보호센터,,북구,https://www.jobkorea.co.kr/Recruit/GI_Read/5590620/Ext?siteCode=WN&sc=
KR2026090700022350,,,[라비앙즈] 프론트 데스크 경력직 채용,라비앙즈프론트데스크,라비앙즈 메종 드 호텔,호텔·여행·항공,해운대구,https://www.jobkorea.co.kr/Recruit/GI_Read/49851773
KR2026090700021346,,,[SH ENT] 그룹 라이브 MC 진행자 채용,라이브mc,㈜sh엔터테인먼트,연예·엔터테인먼트,동래구,https://www.jobkorea.co.kr/Recruit/GI_Read/49782539
KR2026090700023965,,,[마산] 그룹 라이브 MC 진행자 채용,라이브mc,㈜sh엔터테인먼트,연예·엔터테인먼트,동래구,https://www.jobkorea.co.kr/Recruit/GI_Read/49823780
KR2026090700015495,,,에드워드권 랩24 프렌치 파인다이닝 레스토랑 홀 소믈리에 채용,레스토랑홀서비스,랩24바이쿠무다,문화·공연·예술,해운대구,https://www.jobkorea.co.kr/Recruit/GI_Read/49880159
KR2026090700021745,,,[부산전포동]    `여향`에서  홀직원&알바직원 분을 모실려고 합니당.,"레스토랑홀직원&알바, 알바직원",여향,,부산진구,https://www.jobkorea.co.kr/Recruit/GI_Read/49862260
KR2026090700017437,,,레이저오퍼레이터,레이저가공,(주)케이제이코리아,기계·설비·자동차,강서구,https://www.saramin.co.kr/zf_user/jobs/relay/view?rec_idx=54926669
KR2026090700016930,,,[해운대] 클럽디오아시스 렌탈샵 근무자(단기) 채용,렌탈샵단기근무자,이도클럽디해운대㈜,레저·스포츠·여가,해운대구,https://www.jobkorea.co.kr/Recruit/GI_Read/49920860
KR2026090700021688,,,[토마토렌트카-부산지점]  차량관리/배반차 운영팀 채용,"렌터카배차, 반납, 차량관리",㈜토마토렌트카,자동차 임대업,강서구,https://www.jobkorea.co.kr/Recruit/GI_Read/49858451
KR2026090700027395,,,부산 서면역 도보5분 tm 로또콜 아웃바운드 탄력근무제,로또1차콜,퍼플컴퍼니,콜센터·아웃소싱·기타,부산진구,https://www.jobkorea.co.kr/Recruit/GI_Read/49758956
KR2026090700024864,,,부산 탄력근무가능 오전10시 오후5시 단순 로또1차 모집,로또1차콜,서희컴퍼니,콜센터·아웃소싱·기타,남구,https://www.jobkorea.co.kr/Recruit/GI_Read/49812318
KR2026090700022348,,,인공관절 로봇(mako) 운영 채용(부산),로봇인공관절채용mps,㈜올인원홀딩스,제약·보건·바이오,동래구,https://www.jobkorea.co.kr/Recruit/GI_Read/49851675
KR2026090700021980,,,[경력] 로컬 MR(부산/창원),로컬mr,㈜파마리서치,의료용품 및 기타 의약 관련제품 제조업,동구,https://www.jobkorea.co.kr/Recruit/GI_Read/49857414
KR2026090700021989,,,[다스카손해사정][롯데손해보험] 접수 / 정보입력 팀원 경력직 채용 - 부산,롯데,다스카손해사정화재해상,손해 사정업,해운대구,https://www.jobkorea.co.kr/Recruit/GI_Read/49857658
KR2026090700089231,,,[부산본점/주5일/270만] 롯데백화점 에비뉴엘바 관리자 채용,롯데백화점부산본점에비뉴엘바관리자,㈜동양이엠에스,,부산진구,https://www.jobkorea.co.kr/Recruit/GI_Read/49835743
KR2026090700094322,,,상담이 처음이면 롯데카드 [ 정착금380만-정착률UP ] - 인바운드,롯데카드부산센터,㈜메타엠,,연제구,https://www.jobkorea.co.kr/Recruit/GI_Read/49898505
KR2026090700020483,,,[신입가능] 부서별 추가채용,리셉션홍보기획사무관리비서,아너스,부동산·중개·임대,연제구,https://www.jobkorea.co.kr/Recruit/GI_Read/49878388
KR2026090700025128,,,(주)지앤미 - 리리앤코 리오더 담당자 채용,리오더,㈜지앤미,,부산진구,https://www.jobkorea.co.kr/Recruit/GI_Read/49804685
KR2026090700067622,,,리치몬트코리아 신규런칭 명품 브랜드 알라이아(ALAIA) 서울/부산 오픈멤버,리치몬트코리아매장관리및판매사원,㈜휴머니스트,,서초구,https://www.jobkorea.co.kr/Recruit/GI_Read/49591945
KR2026090700034220,,,장애인 근로자를 모집합니다.,린넨보조업무및물품지원업무,부산 일신기독병원,,동구,https://busanjob4u.net/view.do?no=122&pgMode=show&idx=2474&type=CP
KR2026090700025630,,,부산 사상카페 주 5일 마감직원 구합니다,마감직원,아덴블랑제리 시그니처 사상점,,사상구,https://www.busanjob.net/view.do?no=1308&pgMode=show&id=802493
KR2026090700034272,,,[마인드플러스] (재택)장애예술인 직무별 모집,"매듭공예, 가죽공예, 라탄공예등",주식회사 마인드플러스,,해운대구,https://busanjob4u.net/view.do?no=122&pgMode=show&idx=304&type=CORP
KR2026090700021858,,,매체 담당자,매체,㈜부산프로덕션,광고·홍보·전시,부산진구,https://www.jobkorea.co.kr/Recruit/GI_Read/49855729
KR2026090700027133,,,머시닝센터 MCT  경력자 모집합니다.,머시닝센터mct조작원,부영정밀,기계·기계설비,사상구,https://www.jobkorea.co.kr/Recruit/GI_Read/49767380
KR2026090700029504,,,메가MGC커피 부산 하단역점 정직원 채용,메가mgc커피부산하단역점직원,㈜아정네트웍스,네트워크·통신서비스,사하구,https://www.jobkorea.co.kr/Recruit/GI_Read/49673098
KR2026090700023428,,,애나잉글리쉬 멘토 플래너 모집(가산디지털단지 본사 근무),멘토플래너,애나잉글리쉬 부산진점,학원·어학원·교육원,동구,https://www.jobkorea.co.kr/Recruit/GI_Read/49833618
KR2026090700034324,,,근로장애인 및 훈련생 모집,"면장갑생산, 임가공작업",천성직업재활원,,영도구,https://busanjob4u.net/view.do?no=122&pgMode=show&idx=13&type=CP
KR2026090700019963,,,프랜차이즈 업무 담당자 모집,"명랑핫도그&떡볶이센텀점정규직, 파트타",주식회사 이팔육,그 외 기타 분류 안된 사업지원 서비스업,해운대구,https://www.jobkorea.co.kr/Recruit/GI_Read/49882120
KR2026090700034099,,,[OKTA] 뉴저지 / HEAD TO TAIL LLC / 애견 목욕관리사,목욕관리사,,,,https://www.busanjob.net/view.do?no=1310&pgMode=show&id=https://www.worldjob.or.kr/advnc/view.do?menuId=1000000014&dobType=1&joCrtfcNo=E20260609009&joCrtfcDsp=1&joCrtfcDspSn=1&rtnIp=183.103.55.151&dsptcKsco=&continent=&epmt61=
KR2026090700016908,,,문현광원 아파트 관리원 구인,문현광원아파트관리원,(주)명건,부동산·중개·임대,남구,https://www.jobkorea.co.kr/Recruit/GI_Read/5610847/Ext?siteCode=WN&sc=
KR2026090700044276,,,SCM팀 담당자 (부산),"물류담당, 출고관리자, 유통관리자",고래사,,,https://www.wanted.co.kr/wd/363681
KR2026090700124332,,,Landside Operation Agent,물류운송,한국머스크물류서비스㈜,,중구,https://www.jobkorea.co.kr/Recruit/GI_Read/49731109
KR2026090700034245,,,(긴급)[테크앤롤] 부산지하철 2호선 물품보관함 관리자 채용,물품보관함정기점검및긴급출동업무,주식회사 테크앤롤,,부산진구,https://busanjob4u.net/view.do?no=122&pgMode=show&idx=2410&type=CP
KR2026090700027126,,,Spanish Teacher Wanted at SSI Busan,미국정규초중고스페인어교사,에스에스아이부산㈜,기타 교육지원 서비스업,해운대구,https://www.jobkorea.co.kr/Recruit/GI_Read/49766841
KR2026090700075087,,,[부산역/연상여2번] 삼성카드 미납안내 해피콜 아웃바운드 채용,미납해피콜,㈜발렉스서비스,,동구,https://www.jobkorea.co.kr/Recruit/GI_Read/49627921
KR2026090700036034,,,연세주니어상담센터에서 미술치료사를 모시고 있어요,미술치료사,연세주니어상담센터,,해운대구,https://www.saramin.co.kr/zf_user/jobs/relay/view?rec_idx=54833370
KR2026090700025871,,,베이커리 카페 직원 구해요,바리스타및제반업무,보고커피 반여점,음식료·외식·프랜차이즈,해운대구,https://www.jobkorea.co.kr/Recruit/GI_Read/49789645
KR2026090700029056,,,연산역 지하상가 와이낫커피 직원 구합니다,바리스타베이킹,필리밀㈜,커피 전문점,연제구,https://www.jobkorea.co.kr/Recruit/GI_Read/49704051
KR2026090700020093,,,`03 덕미 아틀리에 광안점 03` 에서 함께할 팀원을 모집합니다.,바리스타팀,덕미아틀리에,서양식 음식점업,수영구,https://www.jobkorea.co.kr/Recruit/GI_Read/49882525
KR2026090700022619,,,경력직 강아지 유치원 선생님 모집 합니다.,반려견선생님,㈜만덕,음식료·외식·프랜차이즈,북구,https://www.jobkorea.co.kr/Recruit/GI_Read/49847697
KR2026090700017564,,,베이커리 반죽 및 오븐 모집 ,반죽및오븐,김유일쌀빵제빵소 ,,부산진구,https://www.jobkorea.co.kr/Recruit/GI_Read/49912992
KR2026090700023381,,,해운대 클럽디오아시스 워터파크 발권직원 채용,발권직원,이도클럽디해운대 주식회사,유원지 및 테마파크 운영업,해운대구,https://www.busanjob.net/view.do?no=1308&pgMode=show&id=806372
KR2026090700031438,,,발달장애인 주간활동 제공인력 모집,발달장애인주간활동제공인력,서구한빛장애인자립생활센터,협회·단체,서구,https://www.jobkorea.co.kr/Recruit/GI_Read/5509683/Ext?siteCode=WN&sc=
KR2026090700017168,,,하나돈까스 남천점 주차 서비스 담당자 모집,"발레파킹, 주차요원",하나돈까스,외식업·식음료,수영구,https://www.busanjob.net/view.do?no=1308&pgMode=show&id=814927
KR2026090700020460,,,[젠지글로벌아카데미] 부산점 발로란트 코치 / Valorant Coach,발로란트코치,젠지이스포츠글로벌아카데미(유),기타 기술 및 직업훈련학원,부산진구,https://www.jobkorea.co.kr/Recruit/GI_Read/49876497
KR2026090700016072,,,홍선생미술 동래연제지사 방문미술 선생님 모집,방문미술교사,홍선생미술교육동래지사,전자상거래 소매 중개업,동래구,https://www.jobkorea.co.kr/Recruit/GI_Read/49932188
KR2026090700027228,,,부산지점 홈케어 방문 서비스 신입 인재 모집,방문서비스,㈜에스엘홈케어,의약품 및 의료용품 소매업,해운대구,https://www.jobkorea.co.kr/Recruit/GI_Read/49759117
KR2026090700015498,,,"방문 예약 전화 상담 직원 모집 (정규, 파트)",방문스케줄상담직원정규,㈜나인스쿨,학원·어학원·교육원,부산진구,https://www.jobkorea.co.kr/Recruit/GI_Read/49912639
KR2026090700026133,,,[해운대구] 방문요양 선생님 구인합니다,방문요양선생님,케어링 통합재가 방문요양 영남지역본부,,해운대구,https://www.jobkorea.co.kr/Recruit/GI_Read/5571852/Ext?siteCode=WN&sc=
KR2026090700023812,,,방문요양 시설장 모집,방문요양시설장,한국통합돌봄센터,,서구,https://www.jobkorea.co.kr/Recruit/GI_Read/5582927/Ext?siteCode=WN&sc=
KR2026090700019096,,,"(주)세스코 부산지역 서비스컨설턴트(김해,부산 진구,남구,북구,기장군 등)",방제방역,㈜세스코,제약·보건·바이오,해운대구,https://www.jobkorea.co.kr/Recruit/GI_Read/49896148
KR2026090700023708,,,"LCL 벌크 배차계, 배차보조 모집(경력직)",배차보조,(주)구산물류,운송·운수·물류,중구,https://www.busanjob.net/view.do?no=1308&pgMode=show&id=805865
KR2026090700027906,,,"뱅크샐러드, 카카오페이 문의 고객 채팅 상담","뱅크샐러드, 카카오페이문의고객채팅상담",㈜에즈금융서비스,보험 대리 및 중개업,수영구,https://www.jobkorea.co.kr/Recruit/GI_Read/49748745
KR2026090700037207,,,남부공항서비스(주) 김해국제공항 순환버스 기간제 직원 모집,버스기사,남부공항서비스주식회사,,강서구,https://www.saramin.co.kr/zf_user/jobs/relay/view?rec_idx=54967124
KR2026090700031190,,,[부산진구청 채용대행] [범전동] 아파트  외곽청...,범전동]아파트외곽청,(주)비앤에이서비스,시설관리·보안·경비,부산진구,https://www.jobkorea.co.kr/Recruit/GI_Read/5579924/Ext?siteCode=WN&sc=
KR2026090700025824,,,베이사이드골프클럽 운영팀 (예약 및 회원관리 등) 채용 공고,베이사이드골프클럽운영팀예약및회원관리등,일광개발㈜,골프장 운영업,기장군,https://www.jobkorea.co.kr/Recruit/GI_Read/49792357
KR2026090700017290,,,웨이닝코리아부산지사 베이커리 팀원모집 / 주5일 / 공휴일휴무,베이커리생산직원,웨이닝코리아,커피 및 차류 도매업,금정구,https://www.jobkorea.co.kr/Recruit/GI_Read/49919986
KR2026090700016195,,,카페 베이커리 경력직(4-5년이상)직원 채용합니다.,베이커리오븐파트,선인장카페,커피 전문점,연제구,https://www.jobkorea.co.kr/Recruit/GI_Read/49930332
KR2026090700019887,,,애월빵공장 부산 기장점 베이커리 직원 모집.,베이커리카페,애월빵공장㈜,과자류 및 코코아 제품 제조업,기장군,https://www.jobkorea.co.kr/Recruit/GI_Read/49873888
KR2026090700019985,,,애월빵공장 부산 기장점(연화리) 카페 직원 모집,베이커리카페,애월빵공장㈜,과자류 및 코코아 제품 제조업,기장군,https://www.jobkorea.co.kr/Recruit/GI_Read/49885122
KR2026090700016069,,,블랙업커피을숙도 베이커리팀 채용,베이커리팀,㈜블랙업커피 을숙도,음식료·외식·프랜차이즈,사하구,https://www.jobkorea.co.kr/Recruit/GI_Read/49932069
KR2026090700018752,,,[LCT]엘시티더레지던스 CS팀 채용,벨맨,엘시티더레지던스 관리위원회,호텔·여행·항공,해운대구,https://www.jobkorea.co.kr/Recruit/GI_Read/49902040
KR2026090700017865,,,해운대 자명병원 보호사 채용,병동보호사,해운대자명병원,의료(병원종류별),해운대구,https://www.saramin.co.kr/zf_user/jobs/relay/view?rec_idx=54922426
KR2026090700030865,,,병원 내 .  로드샵  팀원 모집,병원.로드샵팀원,㈜글로벌금융판매,보험 대리 및 중개업,동래구,https://www.jobkorea.co.kr/Recruit/GI_Read/49590576
KR2026090700015510,,,[프티스] 단순상담 병원 TM 모집 (DB제공/기본급250/추가인센/부산),병원t.m신입,주식회사 프티스,,동구,https://www.jobkorea.co.kr/Recruit/GI_Read/49912063
KR2026090700067106,,,[부산진구/월 240만] 병원 물품 이동 직원 모집,병원물품이동직원,㈜윌앤비전,,부산진구,https://www.jobkorea.co.kr/Recruit/GI_Read/49787604
KR2026090700019162,,,부산(서면) 병원마케팅 인재 채용합니다.,병원바이럴마케팅,리스펙트마케팅,광고 대행업,부산진구,https://www.jobkorea.co.kr/Recruit/GI_Read/49895467
KR2026090700026729,,,상업/병의원인테리어현장직원 관리/총괄관리자 모집합니다.,병의원인테리어현장직원,(주)디자인하이츠,실내·인테리어·조경,금정구,https://www.busanjob.net/view.do?no=1308&pgMode=show&id=800340
KR2026090700033644,,,권역호흡기전문질환센터 계약직의(예방의학과 전문의) 상시 모집,"보건.의료, 의사직",부산대학교병원,,,https://job.alio.go.kr/recruitview.do?idx=303209
KR2026090700023056,,,[주5일/3시 퇴근] 보상처리 담당자 모집,보상처리담당,디비손해보험,손해 보험업,연제구,https://www.jobkorea.co.kr/Recruit/GI_Read/49843098
KR2026090700020491,,,보유고객 상담 관리,보유고객상담및관리,DB손해보험㈜,손해 보험업,부산진구,https://www.jobkorea.co.kr/Recruit/GI_Read/49878831
KR2026090700024548,,,병원 내 보험금 청구 및 상담 팀원 모집,보험금청구및보험상담,㈜글로벌금융판매,보험 대리 및 중개업,동래구,https://www.jobkorea.co.kr/Recruit/GI_Read/49817235
KR2026090700034269,,,봉제보조,"봉제보조실밥제거, 옷정리, 옷뒤집기, 봉제보조",사단법인 누리복지회 사업부,,사하구,https://busanjob4u.net/view.do?no=122&pgMode=show&idx=2160&type=CP
KR2026090700022335,,,부산 최고의 부동산중개법인에서 인재를 모집합니다,부동산공인중개사,JAK부산부동산중개법인㈜,부동산·중개·임대,연제구,https://www.jobkorea.co.kr/Recruit/GI_Read/49850700
KR2026090700024290,,,강서구 공장전문 부동산 프리랜서 모집,부동산공인중개사및중개보조원,위드부동산공인중개사사무소,부동산 중개 및 대리업,강서구,https://www.jobkorea.co.kr/Recruit/GI_Read/49819274
KR2026090700017030,,,가족같이 함께 할  부동산 신입 및  경력사원 채용,부동산업무,키움공인중개사무소,부동산·중개·임대,사하구,https://www.jobkorea.co.kr/Recruit/GI_Read/49916571
KR2026090700025662,,,[부산] 게임 3D캐릭터 아티스트,부산3d캐릭터아티스트,㈜마상소프트,게임·애니메이션,해운대구,https://www.jobkorea.co.kr/Recruit/GI_Read/49797318
KR2026090700015444,,,[클루커스 부산캠퍼스] 부산 Sales 모집,부산sales,㈜클루커스 부산캠퍼스,IT컨설팅,해운대구,https://www.jobkorea.co.kr/Recruit/GI_Read/49735126
KR2026090700024351,,,부산곰두리스포츠센터 평일 수영장 안전요원 채용,부산곰두리스포츠센터평일수영장안전요원,사회복지법인양지동산,스포츠·여가·레저,연제구,https://www.jobkorea.co.kr/Recruit/GI_Read/5581486/Ext?siteCode=WN&sc=
KR2026090700030096,,,[방문요양] 부산광역시 사상구 모라로 192번길 ...,부산광역시사상구모라로192번길,효성방문요양센터,기업형태,사상구,https://www.jobkorea.co.kr/Recruit/GI_Read/5531725/Ext?siteCode=WN&sc=
KR2026090700022730,,,[방문요양] 부산광역시 연제구 연제로7 (연제구청...,부산광역시연제구연제로7연제구청,효성방문요양센터,기업형태,연제구,https://www.jobkorea.co.kr/Recruit/GI_Read/5587007/Ext?siteCode=WN&sc=
KR2026090700020821,,,블랙업커피 부산 베이커리 팀 채용 ( 롯데 광복점 ),부산베이커리팀롯데광복점,블랙업커피,음식료·외식·프랜차이즈,중구,https://www.jobkorea.co.kr/Recruit/GI_Read/49871549
KR2026090700020822,,,블랙업커피 부산 베이커리 팀 채용 ( 서면점 ),부산베이커리팀서면점,블랙업커피,음식료·외식·프랜차이즈,부산진구,https://www.jobkorea.co.kr/Recruit/GI_Read/49871554
KR2026090700122735,,,부산 빌리브 세웅병원 시설소장 채용 모집공고,부산빌리브세웅병원시설관리팀장채용,㈜케이에스메이트,,동래구,https://www.jobkorea.co.kr/Recruit/GI_Read/49907518
KR2026090700026416,,,호식이두마리치킨- 슈퍼바이저(SV) 채용 [경력] (부산사업본부),부산사업본부sv,호식이두마리치킨,음식료·외식·프랜차이즈,북구,https://www.jobkorea.co.kr/Recruit/GI_Read/49778619
KR2026090700025122,,,부산 서면 나티니럭스 에스테틱 정직원 관리사,부산서면나티니럭스에스테틱정직원관리사,나티니럭스(지지배),뷰티·미용,부산진구,https://www.jobkorea.co.kr/Recruit/GI_Read/49804202
KR2026090700028239,,,"[경력직]부산 세미앙 스튜디오 메이크업&헤어 경력자,보조 모집",부산세미앙스튜디오메이크업&헤어보조,더룬컴퍼니,뷰티·미용,기장군,https://www.jobkorea.co.kr/Recruit/GI_Read/49742966
KR2026090700028288,,,[경력직우대/초보가능]부산 세미앙 웨딩 스튜디오 헬퍼 모집,"부산세미앙웨딩스튜디오헬퍼, 경력직우대",더룬컴퍼니,,기장군,https://www.jobkorea.co.kr/Recruit/GI_Read/49742967
KR2026090700020362,,,[(사)부산장애인부모회 북구지회] 최중중발달장애인...,부산장애인부모회북구지회]최중중발달장애인,(사)부산장애인부모회 북구지회,,북구,https://www.jobkorea.co.kr/Recruit/GI_Read/5598236/Ext?siteCode=WN&sc=
KR2026090700129379,,,"[월250,부산전문센터] 다이슨 A/S 내근직 모집","부산전문센터다이슨as, 전산내근직",어썸플래너,,연제구,https://www.jobkorea.co.kr/Recruit/GI_Read/49778346
KR2026090700030680,,,재물 및 배상책임 손해사정업무 (부산지역 경력사원),부산지역경력사원,킴스코화재특종손해사정(주),증권·보험·카드,강서구,https://www.busanjob.net/view.do?no=1308&pgMode=show&id=783424
KR2026090700026535,,,[방문요양] 부산진구 가야동 5등급 여자어르신 주...,부산진구가야동5등급여자어르신주,효성방문요양센터,기업형태,부산진구,https://www.jobkorea.co.kr/Recruit/GI_Read/5569042/Ext?siteCode=WN&sc=
KR2026090700019164,,,부산창업 프렌차이즈 컨설팅 전문가,부산창업부동산,㈜비앤브이,경영 컨설팅업,부산진구,https://www.jobkorea.co.kr/Recruit/GI_Read/49895619
KR2026090700019167,,,부산창업지원센타 창업전문가 모집,부산창업지원센터프렌차이즈전문가,㈜비앤브이,경영 컨설팅업,부산진구,https://www.jobkorea.co.kr/Recruit/GI_Read/49895907
KR2026090700057856,,,[9월 1일 입사/역세권/복리후생 多] 삼성카드 단기미납 상담 채용,부산해피콜센터,에이스휴먼파워㈜,,동구,https://www.jobkorea.co.kr/Recruit/GI_Read/49633093
KR2026090700057865,,,[부산 해피콜/역세권/복리후생 多] 삼성카드 단기미납 상담 채용,부산해피콜센터,에이스휴먼파워㈜,,동구,https://www.jobkorea.co.kr/Recruit/GI_Read/49647449
KR2026090700018209,,,Mercedes-Benz 한성모터스(주) 남천서비스센터 부품직원 모집,부품직원,한성모터스(주),기계·설비·자동차,수영구,https://www.busanjob.net/view.do?no=1308&pgMode=show&id=813648
KR2026090700031980,,,Mercedes-Benz 한성모터스(주) 사상서비스센터 부품직원 모집,부품직원,한성모터스(주),기계·설비·자동차,사상구,https://www.busanjob.net/view.do?no=1308&pgMode=show&id=768973
KR2026090700144339,,,[록시땅] [ 하남/목동/영등포/부산 ] 내부럴뷰티 록시땅 뷰티아티스트,뷰티아티스트,위드가인㈜,,양천구,https://www.jobkorea.co.kr/Recruit/GI_Read/49599757
KR2026090700047759,,,[급구] 아워글래스 롯데잠실/롯데수원센텀시티 뷰티카운셀러 경력직 채용,뷰티어드바이저,㈜제니엘휴먼,,송파구,https://www.jobkorea.co.kr/Recruit/GI_Read/49761434
KR2026090700024298,,,유니컵커피 브랜드 파트너십·오프라인 액티베이션 리드 모집,"브랜드파트너십, 오프라인액티베이션리드",㈜유니컵컴퍼니,음식료·외식·프랜차이즈,남구,https://www.jobkorea.co.kr/Recruit/GI_Read/49819861
KR2026090700026683,,,브런치 카페 직원 모집 ,브런치카페조리담당직원,오프온,음식료·외식·프랜차이즈,해운대구,https://www.jobkorea.co.kr/Recruit/GI_Read/49776258
KR2026090700015669,,,브런치하실분 구합니다.,브런치하실분구합니다,오구,외식업·식음료,영도구,https://www.jobkorea.co.kr/Recruit/GI_Read/49927400
KR2026090700021685,,,빌딩자동제어팀)부산-자동제어 DDC 및 PLC 경험자,빌딩자동제어,㈜파노텍,기계·기계설비,사상구,https://www.jobkorea.co.kr/Recruit/GI_Read/49857896
KR2026090700036749,,,[부산로고스국제크리스천스쿨] 남자 기숙사 사감 모집,사감선생님,블릭스아카데미(주),,강서구,https://www.saramin.co.kr/zf_user/jobs/relay/view?rec_idx=54697302
KR2026090700034243,,,[엔씨서비스] 장애인표준사업장 운영 담당자 채용(경증),"사내복지서비스운영카페, 네일케어, 오피스케어등서비스운영및관리, 업무체크리스트운영, 직무교육및면담지원, 그외장애인표준사업장운영전반지원",(주)엔씨소프트서비스,,동구,https://busanjob4u.net/view.do?no=122&pgMode=show&idx=2417&type=CP
KR2026090700027392,,,신입사원 구합니다.,사무관리,㈜캔코,경영 컨설팅업,해운대구,https://www.jobkorea.co.kr/Recruit/GI_Read/49758819
KR2026090700018923,,,[방문요양] 사상구 CU 덕포덕상로점 근처 4등급...,사상구cu덕포덕상로점근처4등급,효성방문요양센터,기업형태,사상구,https://www.jobkorea.co.kr/Recruit/GI_Read/5603870/Ext?siteCode=WN&sc=
KR2026090700018937,,,사상구 감전LH아파트 장애인활동지원사 모집,사상구감전lh아파트장애인활동지원사,사단법인부산광역시사상구장애인협회,,사상구,https://www.jobkorea.co.kr/Recruit/GI_Read/5603871/Ext?siteCode=WN&sc=
KR2026090700023820,,,[방문요양] 사상구 백양대로879 (모라공원 근처...,사상구백양대로879모라공원근처,효성방문요양센터,기업형태,사상구,https://www.jobkorea.co.kr/Recruit/GI_Read/5582833/Ext?siteCode=WN&sc=
KR2026090700142195,,,사상구 신주례LG아파트 장애인활동지원사 모집,사상구신주례lg아파트장애인활동지원사,사단법인부산광역시사상구장애인협회,,사상구,https://www.jobkorea.co.kr/Recruit/GI_Read/5616606/Ext?siteCode=WN&sc=
KR2026090700025385,,,벤츠 한성모터스(주) 사상 서비스센터 서비스 어드바이저 채용,사상서비스센터서비스어드바이저,한성모터스㈜,자동차 신품 판매업,사상구,https://www.jobkorea.co.kr/Recruit/GI_Read/49798966
KR2026090700047303,,,자동차손해배상진흥원 청년인턴(체험형) 채용공고,"사업관리, 기타(인턴)",자동차손해배상진흥원,,,https://job.alio.go.kr/recruitview.do?idx=304696
KR2026090700026452,,,(주)유림이엔씨  건설업 주택사업본부 채용,"사업기획, 사업개발, 사업관리, 시장조사",(주)유림이엔씨,건설·건축·토목·시공,부산진구,https://www.saramin.co.kr/zf_user/jobs/relay/view?rec_idx=54740871
KR2026090700030581,,,사업장생활계폐기물 수집 및 운반자 모집,사업장생활계폐기물수집및운반자,주식회사 명성리소스,생활용품·소비재·기타,해운대구,https://www.jobkorea.co.kr/Recruit/GI_Read/5524288/Ext?siteCode=WN&sc=
KR2026090700026478,,,사업전략팀 일본신사업 시니어 채용,사업전략,㈜딜리버드코리아,응용 소프트웨어 개발 및 공급업,해운대구,https://www.jobkorea.co.kr/Recruit/GI_Read/49770225
KR2026090700024021,,,파크 하얏트 서울 & 안다즈 서울 강남 & 파크 하얏트 부산 각 부문별 신입/경력 공개 채용 (사원-과장),사원-과장,호텔아이파크㈜,,해운대구,https://www.busanjob.net/view.do?no=1308&pgMode=show&id=805272
KR2026090700001184,,,기장군도시관리공단 2026년 제5회 기간제근로자 공개채용 재공고,사원1명,기장군도시관리공단 경영기획부 인사총무팀,,기장군,https://www.gojobs.go.kr/apmView.do?empmnsn=303004&searchJobsecode=020&menuNo=401
KR2026090700025395,,,의류 상세페이지 외주 프리랜서 구합니다.,"사진보정, 상세페이지제작",㈜보생유통 ,쇼핑몰·오픈마켓·소셜커머스,금정구,https://www.jobkorea.co.kr/Recruit/GI_Read/49799931
KR2026090700023673,,,[주식회사 피비알]리얼코코 메인포토그래퍼(경력) 채용,사진촬영작가,㈜피비알(PBR Inc),쇼핑몰·오픈마켓·소셜커머스,사상구,https://www.jobkorea.co.kr/Recruit/GI_Read/49828158
KR2026090700036827,,,[부산 서면] 글로리여성의원 코디 채용 (주5일&amp;점심제공),산부인과,글로리여성의원,,부산진구,https://www.saramin.co.kr/zf_user/jobs/relay/view?rec_idx=54650040
KR2026090700033591,,,2026년 하반기 산불방지 기간제근로자 공개채용 공고,산불방지,부산남구청,,남구,https://www.busanjob.net/view.do?no=1309&pgMode=show&id=288402
KR2026090700028895,,,산업지동화 초보구인,산업자동화초보,대현전기,배전반 및 전기 자동제어반 제조업,강서구,https://www.jobkorea.co.kr/Recruit/GI_Read/49716102
KR2026090700023320,,,산처리 사원모집,산처리현장직,광진금속열처리,금속·재료·자재,사상구,https://www.jobkorea.co.kr/Recruit/GI_Read/49835425
KR2026090700032357,,,다사랑케어 (경력자) 산후도우미 채용 공고,산후도우미,다사랑케어,사회복지,김해시,https://www.busanjob.net/view.do?no=1308&pgMode=show&id=756491
KR2026090700023499,,,전문적인 산후도우미업체에서 산후도우미 선생님을 모십니다,산후도우미,몽뜨르산모케어,협회·단체,남구,https://www.busanjob.net/view.do?no=1308&pgMode=show&id=806192
KR2026090700024852,,,기장 건물 관리소장 구인공고,상가건물관리소장,㈜비덴트에이엠씨,비주거용 건물 임대업,기장군,https://www.jobkorea.co.kr/Recruit/GI_Read/49811350
KR2026090700029862,,,상업용부동산 매매/임대 업무를 수행할 공인중개사 채용,"상가중개, 창업상담",골든창업부동산중개,부동산·중개·임대,연제구,https://www.jobkorea.co.kr/Recruit/GI_Read/49651440
KR2026090700019637,,,[코리아펫아카데미 부산] 사업부(상담) 채용,상담부서,㈜코리아펫아카데미부산,뷰티·미용,부산진구,https://www.jobkorea.co.kr/Recruit/GI_Read/49889794
KR2026090700085824,,,중앙역(부산) LG유플러스 CS상담 [복지&급여우수/초보가능],상담직,에스엠서치플러스㈜,,중구,https://www.jobkorea.co.kr/Recruit/GI_Read/49677134
KR2026090700036060,,,"스마트 스토어,오픈마켓 상품 등록 /명품",상세페이지,도단토트레이딩,,북구,https://www.saramin.co.kr/zf_user/jobs/relay/view?rec_idx=54831496
KR2026090700016847,,,(주)서용엔지니어링-2026년 관망관리 인원 채용(부산),상수도관망관리,㈜서용엔지니어링,건설·시공·토목·조경,강서구,https://www.jobkorea.co.kr/Recruit/GI_Read/49923678
KR2026090700029347,,,생활폐기물 수집 운반원( 상차원 ) 채용,"생활폐기물수집운반원(상차원), 생활폐기물수집운반원",(주)두산환경산업,생활용품·소비재·기타,서구,https://www.jobkorea.co.kr/Recruit/GI_Read/5544773/Ext?siteCode=WN&sc=
KR2026090700036718,,,Document Controller 경력사원 채용(계약직),"서류관리, 도면및문서관리",,운송·운수·물류,부산진구,https://www.saramin.co.kr/zf_user/jobs/relay/view?rec_idx=54701507
KR2026090700031137,,,전문건설업-서류담당자 모집합니다(오전),서류담당자,(주)부영건업,건설·건축·토목·시공,동래구,https://www.busanjob.net/view.do?no=1308&pgMode=show&id=780551
KR2026090700142555,,,( 진구청 취업정보센터 채용대행 )서면4차 봄여름...,서면4차봄여름,(주)삼성티엠에스,부동산·중개·임대,부산진구,https://www.jobkorea.co.kr/Recruit/GI_Read/5570883/Ext?siteCode=WN&sc=
KR2026090700142173,,,[부산진구청 채용대행] [서면4차 봄여름가을겨울 ...,서면4차봄여름가을겨울,(주)삼성티엠에스,부동산·중개·임대,부산진구,https://www.jobkorea.co.kr/Recruit/GI_Read/5617537/Ext?siteCode=WN&sc=
KR2026090700016894,,,공동주택관리업체 남부공영(주) 본사 서무직원 구인,서무직원,남부공영 (주),주거용 부동산 관리업,사상구,https://www.busanjob.net/view.do?no=1308&pgMode=show&id=815248
KR2026090700027253,,,서버개발자 채용합니다.(경력),"서버개발자, 서버개발",㈜엔디소프트,솔루션·SI·CRM·ERP,해운대구,https://www.jobkorea.co.kr/Recruit/GI_Read/49759652
KR2026090700096825,,,[신세계센텀] 중식다이닝 싱카이 센텀점 서비스팀 직원 모집(신입/경력),서비스팀,㈜에프앤씨시스템,,해운대구,https://www.jobkorea.co.kr/Recruit/GI_Read/49874918
KR2026090700030101,,,[감전동]선반 보조공(초보자),"선반보조공(초보자), 선반보조공",성보기계,자동차·조선·철강·항공,사상구,https://www.jobkorea.co.kr/Recruit/GI_Read/5531727/Ext?siteCode=WN&sc=
KR2026090700026291,,,선체두께계측 요원 모집합니다,선체두께계측,태양울트라테크,"기타 기술 시험, 검사 및 분석업",동구,https://www.jobkorea.co.kr/Recruit/GI_Read/49781017
KR2026090700034900,,,Consilium Marine Korea  Project Engineer 모집,설계엔지니어,컨실리움마린코리아(주),,해운대구,https://www.saramin.co.kr/zf_user/jobs/relay/view?rec_idx=54915742
KR2026090700161198,,,승강기(엘리베이터) 유지관리원 모집(경력),"설치.정비.a, 유지관리원",주식회사 착한엘리베이터,,연제구,https://job.career.co.kr/recruit/view/22172393
KR2026090700161199,,,승강기(엘리베이터) 유지관리원 모집(신입),"설치.정비.a, 유지관리원",주식회사 착한엘리베이터,,연제구,https://job.career.co.kr/recruit/view/22172392
KR2026090700017158,,,[t`order Inc.] 현장지원 담당자 (부산) 모집,설치유지보수,티오더,모바일·APP,사하구,https://www.jobkorea.co.kr/Recruit/GI_Read/49918747
KR2026090700027957,,,(주)성진스틸 CNC선반 프로그램 오퍼레이터 모집,성진스틸cnc선반프로그램오퍼레이터,（주）성진스틸,자동차·조선·철강·항공,강서구,https://www.jobkorea.co.kr/Recruit/GI_Read/5592045/Ext?siteCode=WN&sc=
KR2026090700037530,,,[월318만/공기업/부산] 한국자산관리공사 채무조정/관리 채용,"세무조정, 채권관리, 대출상담사, 심사역, 텔러",에이스휴먼파워(주),,부산진구,https://www.saramin.co.kr/zf_user/jobs/relay/view?rec_idx=54899521
KR2026090700034291,,,평화직업재활원 근로자 모집,"세탁보조원, 세탁물개기, 포장하기, 단순임가공",평화직업재활원,,북구,https://busanjob4u.net/view.do?no=122&pgMode=show&idx=1889&type=CP
KR2026090700034302,,,평화직업재활원 근로장애인 모집,"세탁보조원, 세탁물개기, 포장하기, 단순임가공",평화직업재활원,,북구,https://busanjob4u.net/view.do?no=122&pgMode=show&idx=1763&type=CP
KR2026090700024032,,,센텀시매쓰 수학 선생님 모집,센텀시매쓰수학선생님,시매쓰영재교육학원,학원·어학원·교육원,해운대구,https://www.jobkorea.co.kr/Recruit/GI_Read/49822937
KR2026090700025024,,,수출입 식물 소독 방제기술자 모집,"소독, 방제기술자",(주)케이글로벌,시설관리·경비·용역,강서구,https://www.busanjob.net/view.do?no=1308&pgMode=show&id=803621
KR2026090700026947,,,소속공인 중개사 및 중개 보조원 모집.(토지/건물/상가/분양),소속공인중개사및중개보조원모집합니다,㈜연합부동산중개법인,부동산 중개 및 대리업,부산진구,https://www.jobkorea.co.kr/Recruit/GI_Read/49768765
KR2026090700019082,,,한화손해보험(주) DB관리팀원 신인 준비과정 모집,"손해보험사, db관리팀원",한화손해보험(주),증권·보험·카드,중구,https://www.busanjob.net/view.do?no=1308&pgMode=show&id=812574
KR2026090700023686,,,독일 외국계 VULKAN 2026년도 SALES 채용공고,솔루션기술영업,불칸코리아㈜,조선·항공·우주,기장군,https://www.saramin.co.kr/zf_user/jobs/relay/view?rec_idx=54811262
KR2026090700022591,,,[럭스보이] 온라인AMD 계약직 채용,쇼핑몰md보조업무,㈜위즈컴퍼니,쇼핑몰·오픈마켓·소셜커머스,사상구,https://www.jobkorea.co.kr/Recruit/GI_Read/49848330
KR2026090700036753,,,오토바이용풒 쇼핑몰 팀원 채용 (네이버 및 쿠팡),쇼핑몰관리,모토테크네,,사상구,https://www.saramin.co.kr/zf_user/jobs/relay/view?rec_idx=54695926
KR2026090700027936,,,"[신입무관]부산 망미도 쇼핑몰 관련 업무,   서류관리 등 직원 모집합니다.","쇼핑몰사무직, 송장출력, 서류업무",우싸몰,전자상거래 소매업,수영구,https://www.jobkorea.co.kr/Recruit/GI_Read/49752183
KR2026090700028540,,,여성의류 쇼핑몰나이니 프리랜서 피팅모델 모집,쇼핑몰피팅모델,아유디스터디,쇼핑몰·오픈마켓·소셜커머스,부산진구,https://www.jobkorea.co.kr/Recruit/GI_Read/49731877
KR2026090700017985,,,"여성화 쇼핑몰 보가, 프리랜서 피팅모델 채용",쇼핑몰피팅모델,㈜보가,전자상거래 소매 중개업,사상구,https://www.jobkorea.co.kr/Recruit/GI_Read/49909003
KR2026090700026177,,,[SH ENT] 그룹 라이브 MC 진행자 채용.,"쇼호스트, mc",(주)에스에이치엔터테인먼트,연예·엔터테인먼트,동래구,https://www.busanjob.net/view.do?no=1308&pgMode=show&id=801480
KR2026090700021732,,,온리베이비 팀원을 모집합니다,수거배송및조립포장,㈜온리베이비,모조 귀금속 및 모조 장신용품 제조업,해운대구,https://www.jobkorea.co.kr/Recruit/GI_Read/49861537
KR2026090700027437,,,수산물 꼼장어 손질 및 탈피원 채용합니다.,수산물꼼장어손질및탈피원채용합니다,㈜수정씨푸드,수산동물 냉동품 제조업,사하구,https://www.jobkorea.co.kr/Recruit/GI_Read/49762520
KR2026090700025908,,,(주)푸드엔 안락점 수산팀 6시간 근무 채용,수산팀,㈜푸드엔 안락점,백화점·유통·도소매,동래구,https://www.jobkorea.co.kr/Recruit/GI_Read/49774095
KR2026090700030733,,,(주)명성경매부동산중개법인 경매·공매 매수신청대리 컨설턴트를 찾고 있어요,수신,(주)명성경매부동산중개법인,부동산·임대·중개,연제구,https://www.busanjob.net/view.do?no=1308&pgMode=show&id=783072
KR2026090700021220,,,명지 챌린저수학전문학원 수업보조 채용 공고,수업보조,챌린저수학전문학원,학원·어학원,강서구,https://www.busanjob.net/view.do?no=1308&pgMode=show&id=809630
KR2026090700142593,,,수영구 광안동] 4등급 39년생 여자어르신 / 0...,수영구광안동]4등급39년생여자어르신,다솜재가복지센터,,수영구,https://www.jobkorea.co.kr/Recruit/GI_Read/5563694/Ext?siteCode=WN&sc=
KR2026090700018793,,,서부산권장애인스포츠센터 수영 시간제 지도자 채용 공고,수영시간제지도자,서부산권장애인스포츠센터,스포츠·여가·레저,사하구,https://www.jobkorea.co.kr/Recruit/GI_Read/49899158
KR2026090700029061,,,서부산권장애인스포츠센터 수상안전요원 전임직원 채용공고,"수영장, 전임직원",서부산권장애인스포츠센터,스포츠·여가·레저,사하구,https://www.jobkorea.co.kr/Recruit/GI_Read/49705587
KR2026090700021502,,,수자원 분야 경력직(재해영향평가) 모집,수자원설계,주식회사 지하공간이엔지,건설·건축·토목·시공,수영구,https://www.saramin.co.kr/zf_user/jobs/relay/view?rec_idx=54853966
KR2026090700028685,,,(주)아틀라스마린 수출입·선용품 업무 담당자 신입/경력 채용,수출입,(주)아틀라스마린,유통·무역·상사,영도구,https://www.busanjob.net/view.do?no=1308&pgMode=show&id=795315
KR2026090700017131,,,"스마트건설 기성관리·안전서류 담당자(경력, 경력단절여성 지원가능)",스마트건설현장관리자,삼인이엔에스㈜,솔루션·SI·CRM·ERP,해운대구,https://www.jobkorea.co.kr/Recruit/GI_Read/49876795
KR2026090700016566,,,2026 부산독립영화협회 스태프 채용,스태프,㈔부산독립영화협회,협회·단체,중구,https://www.jobkorea.co.kr/Recruit/GI_Read/49928773
KR2026090700024285,,,투썸플레이스 부산범일중앙점 스텝모집,"스텝, 카운터",투썸플레이스 부산범일중앙점,음식료·외식·프랜차이즈,동구,https://www.jobkorea.co.kr/Recruit/GI_Read/49818872?rPageCode=SL&logpath=21&sn=6&sc=611
KR2026090700026081,,,스텝직원 모집(정규직 전환 가능),스텝직원,아너스,,연제구,https://www.busanjob.net/view.do?no=1308&pgMode=show&id=801703
KR2026090700025861,,,2026년 제이앤스튜디오 헤어메이크업 직원을 모집합니다.,스튜디오헤어메이크업,제이앤엠㈜,예식장업,해운대구,https://www.jobkorea.co.kr/Recruit/GI_Read/49788921
KR2026090700019804,,,반얀트리 부산 해운대 스파(Spa) 채용공고,스파테라피스트,루펜티스㈜,주거용 건물 개발 및 공급업,기장군,https://www.jobkorea.co.kr/Recruit/GI_Read/49875187
KR2026090700028615,,,[오더체크] 승강기 보양 파트너 및 동의서 파트너 프리랜서,"승강기보양파트너, 동의서파트너, 리모델링, 방음, 방벽, 시공관리",㈜오더체크,컴퓨터시스템 통합 자문 및 구축 서비스업,대구,https://www.jobkorea.co.kr/Recruit/GI_Read/49720047?rPageCode=SL&logpath=21&sn=6&sc=611
KR2026090700028707,,,[부산지사] 시공관리 인재 채용,시공관리,(주)지에프에스,환경·설비,사상구,https://www.busanjob.net/view.do?no=1308&pgMode=show&id=795171
KR2026090700107209,,,[해운대] 롯데 시그니엘 부산 투숙객 전용 라운지 사원 모집,시그니엘부산투숙객전용라운지사원,리에이즈㈜,,해운대구,https://www.jobkorea.co.kr/Recruit/GI_Read/49891112
KR2026090700057080,,,시그니엘부산 피트니스센터 트레이너 모집,시그니엘부산피트니스센터트레이너,리에이즈㈜,,해운대구,https://www.jobkorea.co.kr/Recruit/GI_Read/49757131
KR2026090700025641,,,엘시티 더 레지던스 시설팀 RS주임 채용 공고,시설룸서비스팀,엘시티더레지던스 관리위원회,호텔·여행·항공,해운대구,https://www.jobkorea.co.kr/Recruit/GI_Read/49795492
KR2026090700034260,,,좋은강안병원 시설보조 1명 모집합니다.,시설보조,좋은강안병원,,수영구,https://busanjob4u.net/view.do?no=122&pgMode=show&idx=2255&type=CP
KR2026090700016905,,,[부산진구청 채용대행 ][부암동] SK텔레콤 부산...,시설직원,주식회사 씨에이치엠,비주거용 부동산 관리업,부산진구,https://www.busanjob.net/view.do?no=1308&pgMode=show&id=815236
KR2026090700157896,,,"[부산진구청 채용대행 ][부암동] SK텔레콤 부산지사 시설직원 모집[4교대 주주야비, 303만원, 신입지원가능",시설직원,주식회사 씨에이치엠,,부산진구,https://job.career.co.kr/recruit/view/22188971
KR2026090700023789,,,[밴스의원 남포점] 시술 어시스트팀 모집,시술어시스트팀,밴스의원 남포점,의료(진료과별),중구,https://www.jobkorea.co.kr/Recruit/GI_Read/49829382
KR2026090700028286,,,온천천 다담블랑제리 정직원 채용,시야기및바이다등제빵전반업무,다담 블랑제리,,동래구,https://www.jobkorea.co.kr/Recruit/GI_Read/49742640
KR2026090700030715,,,식당 홀아르바이트 구합니다,식당홀아르바이트구합니다,㈜성우디엔에프,음식료·외식·프랜차이즈,부산진구,https://www.jobkorea.co.kr/Recruit/GI_Read/49602082
KR2026090700023670,,,케이크 아이싱·샌딩 직원 모집 (케이크 경력자 우대),신규공장케이크제조생산관리직원,어 위시,음식료·외식·프랜차이즈,기장군,https://www.jobkorea.co.kr/Recruit/GI_Read/49826463
KR2026090700030964,,,[덕포동] 신라대학교 인근 장애인 활동지원사 모집,신라대학교인근장애인활동지원사,로뎀활동지원센터,,사상구,https://www.jobkorea.co.kr/Recruit/GI_Read/5517717/Ext?siteCode=WN&sc=
KR2026090700031593,,,시설물 안전진단 신입기술자 모집,신입기술자,(주)유일안전연구원,건설·건축·토목·시공,해운대구,https://www.busanjob.net/view.do?no=1308&pgMode=show&id=777647
KR2026090700015534,,,[연산동-직전연봉60프로/리쿨비/노터치DB] 관리자/자산관리사 채용.,"신입및, 자산관리사",에이아이에이프리미어파트너스㈜,보험 대리 및 중개업,연제구,https://www.jobkorea.co.kr/Recruit/GI_Read/49930482
KR2026090700018799,,,베이커리 신입및경력사원,신입및경력사원,김유일쌀빵제빵소 2호점,,금정구,https://www.busanjob.net/view.do?no=1308&pgMode=show&id=812923
KR2026090700032823,,,부산 하단동 스파휘게 /프리미엄에스테틱 경력/신입피부관리사,신입피부관리사,스파휘게 하단점,뷰티·미용,사하구,https://www.busanjob.net/view.do?no=1308&pgMode=show&id=742012
KR2026090700020474,,,"[부산 강서구] 신호수,유도원,화재감시자 모집(신입가능)","신호수, 유도원, 화재감시자",에스케이탑㈜,건물 및 토목 엔지니어링 서비스업,강서구,https://www.jobkorea.co.kr/Recruit/GI_Read/49877985
KR2026090700019981,,,웨딩드레스샵 메이크업직원구인(경력),실장급,루아브라이드 / 아이테오 (부산점),웨딩·상조·이벤트,부산진구,https://www.jobkorea.co.kr/Recruit/GI_Read/49883550
KR2026090700021089,,,심블독서실 운영 관리자 모집,심블독서실운영실장님,심블독서실학원,학원·어학원·교육원,부산진구,https://www.jobkorea.co.kr/Recruit/GI_Read/49866502
KR2026090700029203,,,"심의 B,C파트 담당자",심의b,㈜더블미디어,위성 및 기타 방송업,해운대구,https://www.jobkorea.co.kr/Recruit/GI_Read/49618282
KR2026090700026963,,,심장 의료기기  신입  정규직 채용,심장의료기기납품.영업,㈜제이엠시,의료용품 도매업,부산진구,https://www.jobkorea.co.kr/Recruit/GI_Read/49770079
KR2026090700026531,,,아가마지(산모신생아건강관리사업) 담당자  채용,"아가마지(산모신생아건강관리사업)담당자, 아가마지",부산돌봄의료복지사회적협동조합,학원·어학원·교육원,연제구,https://www.jobkorea.co.kr/Recruit/GI_Read/5569379/Ext?siteCode=WN&sc=
KR2026090700026584,,,이완주정형외과 9/4 - 9/5아르바이트해주실선생님 구인합니다.,아르바이트해주실선생,이완주정형외과,의료(진료과목별),연제구,https://www.busanjob.net/view.do?no=1308&pgMode=show&id=800648
KR2026090700142588,,,아파트 시설주임(격일제) 구함,"아파트시설주임(격일제)구함, 아파트시설주임",연제힐스테이트입주자대표회의,,연제구,https://www.jobkorea.co.kr/Recruit/GI_Read/5564013/Ext?siteCode=WN&sc=
KR2026090700031402,,,해운대 아파트 중개 담당하실 전문가 모십니다,아파트중개,삼성부동산중개,부동산·중개·임대,해운대구,https://www.jobkorea.co.kr/Recruit/GI_Read/49555528
KR2026090700023464,,,PNU부산안과 검안사 추가모집합니다.(경력자우대),안과,피엔유(PNU)부산안과의원,의료(진료과목별),동래구,https://www.saramin.co.kr/zf_user/jobs/relay/view?rec_idx=54819074
KR2026090700022671,,,안락동 3등급할머니,안락동3등급할머니,샬롬재가복지센터,,동래구,https://www.jobkorea.co.kr/Recruit/GI_Read/5588891/Ext?siteCode=WN&sc=
KR2026090700021813,,,[대체인력]안락동 장애인활동지원사,"안락동장애인활동지원사, 대체인력",(사) 부산광역시동래구장애인협회,공기업·공공기관,동래구,https://www.jobkorea.co.kr/Recruit/GI_Read/5593091/Ext?siteCode=WN&sc=
KR2026090700023526,,,[부산 강서구] 안전감시단 모집(신입가능),안전감시단,에스케이탑㈜,건물 및 토목 엔지니어링 서비스업,강서구,https://www.jobkorea.co.kr/Recruit/GI_Read/49830938
KR2026090700074432,,,부산 구포동 건설현장 안전감시단 모집,안전감시단,아임파워㈜,,북구,https://www.jobkorea.co.kr/Recruit/GI_Read/49786521
KR2026090700022140,,,치료실 알바선생님(수려한의원) - 월수금토 오전 or 화 목 전일,알바선생,수려한의원,의료(진료과목별),동래구,https://www.busanjob.net/view.do?no=1308&pgMode=show&id=808253
KR2026090700020197,,,[부산전포동]    `여향`에서  홀직원&알바직원 분을 모집합니데이,알바직원,여향,,진구,https://www.busanjob.net/view.do?no=1308&pgMode=show&id=811070
KR2026090700027749,,,경력직 강아지유치원 선생님 모집(정규직),애견훈련,(주)만덕,부동산·임대·중개,북구,https://www.saramin.co.kr/zf_user/jobs/relay/view?rec_idx=54699654
KR2026090700017589,,,[부산/경남지역] 야간 재고조사 프리랜서 모집,야간재고조사프리랜서,티에스더블유파트너스,,연제구,https://www.jobkorea.co.kr/Recruit/GI_Read/49915191
KR2026090700028032,,,[정규직] 약국근무직원 채용(약국 전반적인 업무),약국근무직원,마음애약국,제약·보건·바이오,북구,https://www.busanjob.net/view.do?no=1308&pgMode=show&id=797731
KR2026090700032963,,,해운대한빛요양병원 약국보조 경력 채용 공고입니다,약국보조,해운대한빛요양병원,의료(병원종류별),해운대구,https://www.busanjob.net/view.do?no=1308&pgMode=show&id=737823
KR2026090700034595,,,약국 전산 직원 채용 합니다,약제과,,,북구,https://www.saramin.co.kr/zf_user/jobs/relay/view?rec_idx=54970734
KR2026090700036110,,,약국 조제실 직원 모집합니다,약제과,,제약·보건·바이오,북구,https://www.saramin.co.kr/zf_user/jobs/relay/view?rec_idx=54822822
KR2026090700033607,,,덕포1동 어린이복합문화공간 주말 단시간 기간제근로자 채용 공고,"어린이복합문화공간운영, 작은도서관운영",사상구청,,사상구,https://www.busanjob.net/view.do?no=1309&pgMode=show&id=288375
KR2026090700022794,,,미스틱(주) 통신공사 및 업무보조 채용 공고,업무보조,미스틱(주),환경·설비,남구,https://www.busanjob.net/view.do?no=1308&pgMode=show&id=807297
KR2026090700030358,,,[포워더] 해상 수출.입 포워딩 신입 및 경력 업무직원 채용,업무직원,티엔씨글로벌(주),운송·운수·물류,해운대구,https://www.busanjob.net/view.do?no=1308&pgMode=show&id=785247
KR2026090700021348,,,아트몰링 프리미엄 에스테틱,에스테티션,가비온아트몰링점,전자상거래 소매업,사하구,https://www.jobkorea.co.kr/Recruit/GI_Read/49864913
KR2026090700121639,,,[핀르] 해운대 여성의류 브랜드 피팅모델 모집,여성의류쇼핑몰피팅모델,㈜핀르,남녀용 겉옷 및 셔츠 도매업,해운대구,https://www.jobkorea.co.kr/Recruit/GI_Read/49916324
KR2026090700016885,,,"(4등급,괴정동) 여자어르신/주3회(180분)/ ...","여자어르신, 주3회(180분), 주3회",자람노인복지센터,,사하구,https://www.jobkorea.co.kr/Recruit/GI_Read/5610752/Ext?siteCode=WN&sc=
KR2026090700161285,,,【라우어 오시리아 시니어타운】  세대관리 신입/경력 룸메이드 상용직 or RB 채용,여행.호텔.항공,(주)프로에스콤,,기장군,https://job.career.co.kr/recruit/view/22117350
KR2026090700026953,,,시각디자인 전공한 역량있는 인재를 필요로합니다.,역량이뛰어난,디자인콕스,디자인·CAD,해운대구,https://www.jobkorea.co.kr/Recruit/GI_Read/49769349
KR2026090700025563,,,연구보조인력 구인,연구보조,케이알텍주식회사,기계·설비·자동차,사하구,https://www.busanjob.net/view.do?no=1308&pgMode=show&id=802619
KR2026090700022676,,,연산동 4등급할아버지,연산동4등급할아버지,샬롬재가복지센터,,연제구,https://www.jobkorea.co.kr/Recruit/GI_Read/5588892/Ext?siteCode=WN&sc=
KR2026090700033115,,,"영어방문선생님 위촉직 채용(부산,김해,양산)",영어방문선생,(주)대교 차이홍중국어,교재·학습지,부산진구,https://www.busanjob.net/view.do?no=1308&pgMode=show&id=733234
KR2026090700019201,,,[빠른입사]신세계 부산프리미엄아울렛 안내데스크 사...,"영업.고객상담.판매, 판매.매장관리",(주)유니에스,고용 알선업,기장군,https://www.busanjob.net/view.do?no=1308&pgMode=show&id=812406
KR2026090700152303,,,GS더프레시 오송센텀점 주말계산사원 모집,"영업.고객상담.판매, 판매.매장관리, 주말계산사원",지에스더프레시(오송센텀점),,청주시,https://job.career.co.kr/recruit/view/22146306
KR2026090700019238,,,동성레드하우스 납품직 모집합니다.,영업배송직,㈜동성레드하우스,백화점·유통·도소매,사상구,https://www.jobkorea.co.kr/Recruit/GI_Read/49892457
KR2026090700062185,,,[부산 1위 외식브랜드] (주)더파티 울산 직영점 홀관리자/홀담당자 모집,영업부,더리본㈜더파티센텀,,북구,https://www.jobkorea.co.kr/Recruit/GI_Read/49781573
KR2026090700142585,,,(주)영일 부산성모병원 영양팀 정직원 모집,영일부산성모병원영양팀정,(주)영일,서치펌·헤드헌팅,남구,https://www.jobkorea.co.kr/Recruit/GI_Read/5566252/Ext?siteCode=WN&sc=
KR2026090700026509,,,웨딩/돌잔치/연회 예약상담 직원 모집(정규직) [기장대보름/파티더풀문],예약상담,㈜대보름오시리아,한식 일반 음식점업,기장군,https://www.jobkorea.co.kr/Recruit/GI_Read/49780103
KR2026090700028219,,,[KTX부산역] 자재팀 직원 채용 - 오전 정직원 구인,오전자재팀,㈜환공어묵베이커리,음식료·외식·프랜차이즈,동구,https://www.jobkorea.co.kr/Recruit/GI_Read/49744293
KR2026090700142366,,,[초읍동] 오전 주5일 4등급 남자어르신 재가 요...,오전주5일4등급남자어르신재가요,다누리재가센터,,부산진구,https://www.jobkorea.co.kr/Recruit/GI_Read/5601130/Ext?siteCode=WN&sc=
KR2026090700020318,,,(주)링커스 2026 하반기 채용공고 [부산본사],오프라인마케팅,㈜링커스,광고·홍보·전시,연제구,https://www.jobkorea.co.kr/Recruit/GI_Read/49876084
KR2026090700025080,,,[아정당 계열사] 직영 스토어 운영 지원 담당자 (부산),오프라인본부운영관리및지원,㈜아정네트웍스,네트워크·통신서비스,북구,https://www.jobkorea.co.kr/Recruit/GI_Read/49807821
KR2026090700027366,,,쇼핑몰 상품 등록 관리 직원을 모집합니다,오픈마켓쇼핑몰관리,(주)줌인,백화점·유통·도소매,중구,https://www.jobkorea.co.kr/Recruit/GI_Read/49760108
KR2026090700019239,,,밀락덕마켓 밀락당 오픈마켓 정직원 채용,오픈마켓판매,㈜보리에,음식료·외식·프랜차이즈,수영구,https://www.jobkorea.co.kr/Recruit/GI_Read/49892475
KR2026090700020013,,,오후 주2회 방문요양 센텀삼환,오후주2회방문요양센텀삼환,참사랑재가복지센터,사회복지·요양,해운대구,https://www.jobkorea.co.kr/Recruit/GI_Read/5598773/Ext?siteCode=WN&sc=
KR2026090700056496,,,한진부산컨테이너터미널 ECO/게이트 직원모집,"온독업무지원, 컨테이너반출입, 실관리",㈜유안에이치알,,창원시,https://www.jobkorea.co.kr/Recruit/GI_Read/49750882
KR2026090700020708,,,유아용품 고객 상담 경력자,온라인쇼핑몰cs팀원,프리젠트㈜,그 외 기타 달리 분류되지 않은 제품 제조업,수영구,https://www.jobkorea.co.kr/Recruit/GI_Read/49869419
KR2026090700021729,,,쇼핑몰 운영 관리자 모집,온라인쇼핑몰관리,삼진A.D.P,광고·홍보·전시,동래구,https://www.jobkorea.co.kr/Recruit/GI_Read/49861357
KR2026090700019614,,,카페385 온라인MD 채용합니다,온라인쇼핑몰판매관리,카페38.5,커피 전문점,영도구,https://www.jobkorea.co.kr/Recruit/GI_Read/49888668
KR2026090700018834,,,온라인 쇼핑 발주 업무 및 cs 관리,온라인쇼핑발주업무및cs관리,㈜맛아남,,기장군,https://www.jobkorea.co.kr/Recruit/GI_Read/49898012
KR2026090700017124,,,(주)오복식품 온라인 주문관리 팀원을 모집합니다.,온라인판매,(주)오복식품,기타제조업,사하구,https://www.saramin.co.kr/zf_user/jobs/relay/view?rec_idx=54932014
KR2026090700142501,,,[부산진구청 채용대행] [온천동] 아파트  외곽청...,온천동]아파트외곽청,(주)비앤에이서비스,시설관리·보안·경비,동래구,https://www.jobkorea.co.kr/Recruit/GI_Read/5584024/Ext?siteCode=WN&sc=
KR2026090700034249,,,피복사업장 근로자 모집,"완성된의류의실밥제거, 의류수량확인, 의류포장작업",사단법인 하나복지회 피복사업장,,사하구,https://busanjob4u.net/view.do?no=122&pgMode=show&idx=2388&type=CP
KR2026090700057695,,,[중국어/국적무관] 부산 신세계 센텀시티점 외국인 데스크 사원 모집(신입),외국인통합서비스데스크,㈜엠플라인,,해운대구,https://www.jobkorea.co.kr/Recruit/GI_Read/49549869
KR2026090700021730,,,외식프랜차이즈 슈퍼바이저 모집,외식프랜차이즈슈퍼바이저,명랑시대외식청년창업협동(조),음식료·외식·프랜차이즈,동래구,https://www.jobkorea.co.kr/Recruit/GI_Read/49830548
KR2026090700019129,,,부품 외주업무 채용 공고,외주관리,(주)지비엘에스,기타제조업,강서구,https://www.saramin.co.kr/zf_user/jobs/relay/view?rec_idx=54908545
KR2026090700027663,,,브런치소보 달맞이점,요리사,브런치 소보 달맞이점,음식료·외식·프랜차이즈,해운대구,https://www.jobkorea.co.kr/Recruit/GI_Read/49755624
KR2026090700017875,,,[클럽디오아시스] 운영팀(발권직원) 채용,"운영1팀_발권직원, 발권직원",이도클럽디해운대㈜,유원지 및 테마파크 운영업,해운대구,https://www.jobkorea.co.kr/Recruit/GI_Read/49908612
KR2026090700020453,,,(주)겐츠베이커리 COO (운영총괄책임자) 채용,운영관리총괄,겐츠베이커리,"떡, 빵 및 과자류 제조업",남구,https://www.jobkorea.co.kr/Recruit/GI_Read/49875815
KR2026090700020454,,,글로벌 코스메틱 & 하이앤드 브랜드 이커머스 운영담당자(AMD) 채용공고,운영담당자,제이엠인터랙티브㈜,,해운대구,https://www.busanjob.net/view.do?no=1308&pgMode=show&id=810695
KR2026090700020305,,,글로벌 코스메틱&하이앤드 이커머스 운영담당자(AMD) 채용,운영담당자,제이엠인터랙티브(주),웹에이젼시,해운대구,https://www.busanjob.net/view.do?no=1308&pgMode=show&id=810898
KR2026090700122931,,,라우어 오시리아 시니어타운 커뮤니티 운영대리 모집,운영대리,자이에스앤디㈜,,기장군,https://www.jobkorea.co.kr/Recruit/GI_Read/49923330
KR2026090700041905,,,[네이버 계열사] 네이버 지도·예약 부산 운영 담당자,운영매니저,플레이스앤,,,https://www.wanted.co.kr/wd/377978
KR2026090700034821,,,[중구보건소] 모자보건사업 기간제 근로자 채용,운영보조,중구보건소,,중구,https://www.saramin.co.kr/zf_user/jobs/relay/view?rec_idx=54958627
KR2026090700018413,,,운영지원팀 채용,운영지원팀인재,동일과학상사,무역·상사,사상구,https://www.jobkorea.co.kr/Recruit/GI_Read/49903372
KR2026090700021884,,,[김해점] CALI CLUB 실내 키즈카페 운영직원 모집,운영직원,캘리클럽X태그액션더익스트림롯데몰광명,레저·스포츠·여가,김해시,https://www.busanjob.net/view.do?no=1308&pgMode=show&id=808637
KR2026090700027409,,,하이오커피 부산본사 슈퍼바이저 채용공고 [ 사원-주임 ],"운영팀슈퍼바이저, 사원-주임","㈜하이파이브(High Five Co.,Ltd)",커피 및 차류 도매업,해운대구,https://www.jobkorea.co.kr/Recruit/GI_Read/49760207
KR2026090700023431,,,[해운대리버크루즈] 요트운항사 경력무관 채용 공고 (계약직 및 인턴가능),운항사,요트탈래,기타 수상오락 서비스업,해운대구,https://www.jobkorea.co.kr/Recruit/GI_Read/49833703
KR2026090700034294,,,병원 린넨 정리 및 분리수거원,"원내린넨수거, 정리및분리수거",휴병원,,부산진구,https://busanjob4u.net/view.do?no=122&pgMode=show&idx=1859&type=CP
KR2026090700022246,,,수영역 맑은숲구구팔한의원에서 입원담당 원무부장님 모십니다.,원무부장,맑은숲구구팔한의원,의료(진료과목별),수영구,https://www.busanjob.net/view.do?no=1308&pgMode=show&id=808108
KR2026090700030169,,,데스크 원무선생님 구인합니다,원무선생,삼성브레인신경과의원,의료(병원종류별),해운대구,https://www.busanjob.net/view.do?no=1308&pgMode=show&id=786358
KR2026090700033200,,,데스크 원무선생님 구인합니다.(주5일),원무선생,삼성브레인신경과의원,의료(병원종류별),해운대구,https://www.busanjob.net/view.do?no=1308&pgMode=show&id=730073
KR2026090700033550,,,[부산/경력 2년 이상] UIUX디자인셀-2D원화가(AI활용),원화,트리노드 주식회사,네트워크·통신·모바일,해운대구,https://www.busanjob.net/view.do?no=1308&pgMode=show&id=711528
KR2026090700017631,,,(방문요양) 월 ~ 토(주6일)에 일하실 재가요양...,"월~토(주6일)에일하실재가요양, 월~토",한마음노인재가복지센터,,동래구,https://www.jobkorea.co.kr/Recruit/GI_Read/5608170/Ext?siteCode=WN&sc=
KR2026090700023050,,,오린하우스 웨딩연회 플라워 플로리스트 프리랜서 모집,웨딩및연회플로리스트4명,㈜레고,광고 대행업,기장군,https://www.jobkorea.co.kr/Recruit/GI_Read/49842678
KR2026090700024848,,,양정 갤러리움 웨딩홀에서 함께하실 상담직원을 모집합니다.,웨딩홀상담직원,씨엔케이웨드 ㈜,웨딩·상조·이벤트,부산진구,https://www.jobkorea.co.kr/Recruit/GI_Read/49810823
KR2026090700122930,,,라우어 시니어타운 웰니스클럽 운영과장 채용,"웰니스클럽운영과장, 운영과장",자이에스앤디㈜,,기장군,https://www.jobkorea.co.kr/Recruit/GI_Read/49923495
KR2026090700015883,,,"아이들과 소통하실분/주2일,3일 가능",유아초저학년학습관리,㈜교원구몬,교과서 및 학습서적 출판업,부산진구,https://www.jobkorea.co.kr/Recruit/GI_Read/49928954
KR2026090700026678,,,부산점 / 39만 중고차 유튜브 (부싼카)와 함께 할 유튜브PD님 구인합니다,유투브콘텐츠pd,㈜뉴부싼카,중고 자동차 판매업,사상구,https://www.jobkorea.co.kr/Recruit/GI_Read/49775655
KR2026090700017572,,,[크레이지11]축구선수 출신 남/여 유튜브 크레에이터 모집,유튜브기획,크레이지11㈜,운동 및 경기용품 도매업,수영구,https://www.jobkorea.co.kr/Recruit/GI_Read/49913881
KR2026090700016545,,,[더베이 101] 해운대 대도식당 육부 직원 채용,육부,㈜보리에,음식료·외식·프랜차이즈,해운대구,https://www.jobkorea.co.kr/Recruit/GI_Read/49927495
KR2026090700038347,,,컨테이너 본선 셔틀 배차 직원 모집,"육상운송, 셔틀",길종합물류운송(주),,남구,https://www.saramin.co.kr/zf_user/jobs/relay/view?rec_idx=54453474
KR2026090700025074,,,한식당 업무 담당자 모집,음식관리및조리,구만족발보쌈,음식료·외식·프랜차이즈,해운대구,https://www.jobkorea.co.kr/Recruit/GI_Read/49806852
KR2026090700081602,,,메리놀병원 응급실 보조원 공개 모집,"응급실보조원, 응급실",주식회사 이앤지플러스,,중구,https://www.jobkorea.co.kr/Recruit/GI_Read/49816183
KR2026090700029167,,,2026 부서별 추가구인,응대사무비서,프라이덴,광고·홍보·전시,연제구,https://www.jobkorea.co.kr/Recruit/GI_Read/49697527
KR2026090700015230,,,[의류벤더] 채용공고 - 수출사업부,의류벤더]채용공고-수출사업부,㈜영진아이엔씨,셔츠 및 블라우스 제조업,해운대구,https://www.jobkorea.co.kr/Recruit/GI_Read/49778187
KR2026090700015912,,,[해운대/핀르] 의류 쇼핑몰 메인MD 상시 모집,의류쇼핑몰메인md,㈜핀르,남녀용 겉옷 및 셔츠 도매업,해운대구,https://www.jobkorea.co.kr/Recruit/GI_Read/49916270
KR2026090700026670,,,[한국어린이문화예술학교] 이야기선생님 채용공고 (부산 동래/금정구),"이야기선생님, 이야기선생",㈜한국어린이문화예술교육,문화·공연·예술,동래구,https://www.jobkorea.co.kr/Recruit/GI_Read/49774909
KR2026090700033595,,,IBK기업은행 전문계약직(사격단 트레이너) 채용공고,"이용.숙박.여행.오락.스포츠, 전문직",중소기업은행,,,https://job.alio.go.kr/recruitview.do?idx=304394
KR2026090700033594,,,IBK기업은행 전문계약직(사격선수) 채용공고,"이용.숙박.여행.오락.스포츠, 전문직",중소기업은행,,,https://job.alio.go.kr/recruitview.do?idx=304392
KR2026090700019616,,,[카페385] 이커머스MD & B2C  담당,이커머스md&b2c담당,카페38.5,커피 전문점,영도구,https://www.jobkorea.co.kr/Recruit/GI_Read/49888676
KR2026090700073704,,,"[이태리계 포워딩] Customer Servic직무채용(서울,부산)",이태리계포워딩customerservice,사비노델베네코리아㈜,,강서구,https://www.jobkorea.co.kr/Recruit/GI_Read/49618885
KR2026090700016846,,,[부산] 인테리어 현장 관리감독 추가 채용,인테리어현장관리감독추가,㈜라움디자인,실내·인테리어·조경,금정구,https://www.jobkorea.co.kr/Recruit/GI_Read/49923647
KR2026090700015316,,,부산 인테리어 현장직 채용(경력직),인테리어현장직,비스타종합건설,주거용 건물 개발 및 공급업,기장군,https://www.jobkorea.co.kr/Recruit/GI_Read/49927631
KR2026090700019574,,,[부산 해운대구] 더샵센텀파크1차 커뮤니티센터 오후 인포데스크 구인,인포,라곰스포츠,레저·스포츠·여가,해운대구,https://www.jobkorea.co.kr/Recruit/GI_Read/49860761
KR2026090700022087,,,[주5일/공휴일휴무] 하이모 해운대지점 인포데스크 채용,인포데스크,하이모해운대지점,백화점·유통·도소매,해운대구,https://www.jobkorea.co.kr/Recruit/GI_Read/49848059
KR2026090700027128,,,더바디피트니스 인포데스크 FC 구인 합니다,인포데스크fc,㈜티비에프,체력단련시설 운영업,동래구,https://www.jobkorea.co.kr/Recruit/GI_Read/49766936
KR2026090700021714,,,한국수력원자력㈜ 사업시설 유지관리 서비스 자회사 - 퍼스트키퍼스㈜ 2026년 5차 채용(수시) 공고,"일반직_정규6직급, 일반직(감사)_정규5-6직급, 일반직",퍼스트키퍼스㈜,,경주시,https://www.jobkorea.co.kr/Recruit/GI_Read/49848719
KR2026090700018416,,,고메스퀘어  일식사원 모집 주5일 295부터 경력별 상이,일식사원,㈜고메코리아,음식료·외식·프랜차이즈,사하구,https://www.jobkorea.co.kr/Recruit/GI_Read/49903718
KR2026090700016254,,,갓덴스시 명지점 정직원 380부터,일식주방장요리사조리사,㈜갓텐코리아,일식 음식점업,강서구,https://www.jobkorea.co.kr/Recruit/GI_Read/49924390
KR2026090700142749,,,[좌천동] 일신기독병원 근처 48년생 3등급 여자...,일신기독병원근처48년생3등급여자,사단법인부경종합복지재단(부경재가복지센터),,동구,https://www.jobkorea.co.kr/Recruit/GI_Read/5506522/Ext?siteCode=WN&sc=
KR2026090700034320,,,금정구장애인근로작업장 훈련 이용자 모집,임가공사업,금정구장애인근로작업장,,금정구,https://busanjob4u.net/view.do?no=122&pgMode=show&idx=17&type=CP
KR2026090700034285,,,동행과나눔 근로장애인 모집,임가공작업,동행과나눔,,기장군,https://busanjob4u.net/view.do?no=122&pgMode=show&idx=1926&type=CP
KR2026090700034322,,,온사랑직업재활센터 훈련장애인 모집,"임가공작업자동차부품조립, 생활용품및장난감포장",온사랑직업재활센터,,동래구,https://busanjob4u.net/view.do?no=122&pgMode=show&idx=15&type=CP
KR2026090700025707,,,[부동산 임대관리] 임대사업 운영·계약관리 담당자 채용 / 2인기업 / 유연,임대사업운영및관리,㈜부동산보물섬,비주거용 건물 개발 및 공급업,연제구,https://www.jobkorea.co.kr/Recruit/GI_Read/49794433
KR2026090700025655,,,(주)자립 센텀오토모티브 남직원 채용,자동차금융업사무업무및출고업무,주식회사 자립,자동차 신품 판매업,해운대구,https://www.jobkorea.co.kr/Recruit/GI_Read/49796302
KR2026090700015463,,,스페이스 컴퍼니에서 함께하실 직원을 모집합니다.,자동판매기관리및현장업무,스페이스유통,전자상거래 소매업,강서구,https://www.jobkorea.co.kr/Recruit/GI_Read/49849078
KR2026090700028894,,,산업지동화 경력직 구인,자동화기기,대현전기,배전반 및 전기 자동제어반 제조업,강서구,https://www.jobkorea.co.kr/Recruit/GI_Read/49716144
KR2026090700023035,,,자재팀관리팀모집합니다,자재팀모집합니다,승보세이프,수중 공사업,중구,https://www.jobkorea.co.kr/Recruit/GI_Read/49841821
KR2026090700034323,,,"서구장애인직업재활시설 ""꿈나래"" 훈련생 모집","장갑, 콘센트, 종이봉투등임가공작업",서구장애인직업재활시설,,서구,https://busanjob4u.net/view.do?no=122&pgMode=show&idx=14&type=CP
KR2026090700025219,,,(주)장례식장아시아드 매점관리인 모집합니다.,장례식장아시아드매점관리인모집합니다,(주)장례식장아시아드,웨딩·상조·이벤트,동래구,https://www.jobkorea.co.kr/Recruit/GI_Read/5514998/Ext?siteCode=WN&sc=
KR2026090700028154,,,웅진프리드라이프 장례파트 관리자 모집,장례파트관리자,㈜희름,방문 판매업,남구,https://www.jobkorea.co.kr/Recruit/GI_Read/49746409
KR2026090700034468,,,[경력] 외국계기업 Sales Engineer 채용,장비영업,(주)노드락코리아,,해운대구,https://www.saramin.co.kr/zf_user/jobs/relay/view?rec_idx=54972881
KR2026090700023174,,,[엔씨서비스] 장애인표준사업장 운영 담당자 모집(장애인전형),장애인표준사업장,㈜엔씨서비스,경영 컨설팅업,동구,https://www.jobkorea.co.kr/Recruit/GI_Read/49835458
KR2026090700030248,,,장애인활동지원사 모집(부산 영도구 동삼동,장애인활동지원사모집부산영도구동삼동,서구 온사랑 장애인 활동지원센터,협회·단체,영도구,https://www.jobkorea.co.kr/Recruit/GI_Read/5517604/Ext?siteCode=WN&sc=
KR2026090700033989,,,[브라질] LX판토스 남미지역 - 재경담당자(해외법인관리) 모집 4차,재경담당자,,,,https://www.busanjob.net/view.do?no=1310&pgMode=show&id=https://www.worldjob.or.kr/advnc/view.do?menuId=1000000014&dobType=1&joCrtfcNo=E20250517004&joCrtfcDsp=5&joCrtfcDspSn=1&rtnIp=183.103.55.151&dsptcKsco=&continent=&epmt61=
KR2026090700026153,,,재경팀 부장 채용,재경팀부장,（주）홍리물산,백화점·유통·도소매,서구,https://www.jobkorea.co.kr/Recruit/GI_Read/5571924/Ext?siteCode=WN&sc=
KR2026090700033590,,,부산광역시 남구 재활용품 선별장 기간제근로자 채용 공고,재활용품선별,부산남구청,,남구,https://www.busanjob.net/view.do?no=1309&pgMode=show&id=288403
KR2026090700029988,,,철도관련 케이블 절단 및 커넥트작업(단순작업)(2...,전기기사,(주)프라임일렉,배전반 및 전기 자동제어반 제조업,강서구,https://www.busanjob.net/view.do?no=1308&pgMode=show&id=787294
KR2026090700017492,,,의료기관 90일 프로젝트 전문파트너 모집,전기요금절감컨설팅,템즈경영컨설팅,연구소·컨설팅·조사,강서구,https://www.jobkorea.co.kr/Recruit/GI_Read/49899685
KR2026090700024675,,,사하누리 발달장애인 주간활동서비스 [전담관리인력] 경력 채용,전담관리인력,누리복지재가노인복지센터,사회복지,사하구,https://www.busanjob.net/view.do?no=1308&pgMode=show&id=804195
KR2026090700016037,,,행복드림주간활동서비스센터  직원 채용 공고( 전담복지사 1명),전담복지사,행복드림주간활동서비스센터,사회복지,영도구,https://www.busanjob.net/view.do?no=1308&pgMode=show&id=816237
KR2026090700021077,,,서구온사랑장애인활동지원센터 전담인력 채용,전담인력,서구온사랑장애인활동지원센터,그 외 기타 협회 및 단체,서구,https://www.jobkorea.co.kr/Recruit/GI_Read/49870228
KR2026090700019695,,,연제온사랑장애인활동지원센터 전담인력 채용,전담인력,연제온사랑장애인활동지원센터,사회복지·요양,연제구,https://www.jobkorea.co.kr/Recruit/GI_Read/49885105
KR2026090700023481,,,[ LCT 전망대 ] 부산엑스더스카이 전망대 직원 채용공고,"전망대운영, 발권, 포토, 기프트",㈜풀무원푸드앤컬처,기관 구내식당업,해운대구,https://www.jobkorea.co.kr/Recruit/GI_Read/49832707
KR2026090700016854,,,KT 대리점 도매사업부 전산팀 채용,전산개통,㈜씨엘텔레콤,전자상거래 소매업,금정구,https://www.jobkorea.co.kr/Recruit/GI_Read/49924354
KR2026090700024175,,,[㈜아난티코브] I.M(전산팀) 정규직 채용,전산담당자,㈜아난티코브,호텔·여행·항공,기장군,https://www.jobkorea.co.kr/Recruit/GI_Read/49819484
KR2026090700022706,,,전산등록 및 고객관리CS 신입/경력 정규직 채용,전산등록및고객관리cs신입,㈜문화금융서비스,보험 대리 및 중개업,동래구,https://www.jobkorea.co.kr/Recruit/GI_Read/49845428
KR2026090700021807,,,[KB손해보험 전담] 장기인보험 보상정보입력직 채용,전산입력원,오케이손해사정㈜,손해 사정업,부산진구,https://www.jobkorea.co.kr/Recruit/GI_Read/49856674
KR2026090700033226,,,약국 전산직원 채용 공고,전산직원,샛별약국,제약·보건·바이오,해운대구,https://www.busanjob.net/view.do?no=1308&pgMode=show&id=729309
KR2026090700021510,,,[감천문화마을] 리틀프린스하우스 전시관 운영 담당자 채용 (신입·경력),전시운영,㈜리틀프린스하우스,기타 유사 여가관련 서비스업,사하구,https://www.jobkorea.co.kr/Recruit/GI_Read/49858280
KR2026090700026957,,,"`잇다부동산`은 당신과 일하고 싶습니다. (가족 말고,  동료로서요)",전월세부동산중개팀,잇다공인중개사사무소,부동산·중개·임대,부산진구,https://www.jobkorea.co.kr/Recruit/GI_Read/49769848
KR2026090700020313,,,초보 환영.우리동네 부동산에서 같이 일할 동료를 찾습니다.,"전월세부동산중개팀, 부동산임대, 매매, 오피스텔상가",우리동네공인중개사사무소,부동산 중개 및 대리업,남구,https://www.jobkorea.co.kr/Recruit/GI_Read/49876040
KR2026090700032401,,,이그잼 영어학원 중고등부 전임선생님 모집,전임선생,이그잼영어학원,학원·어학원,금정구,https://www.busanjob.net/view.do?no=1308&pgMode=show&id=755329
KR2026090700019956,,,일품수학전문학원에서 중고등 수학 개별진도 전임선생님을 모십니다,전임선생,일품수학전문학원,학원·어학원,강서구,https://www.busanjob.net/view.do?no=1308&pgMode=show&id=811419
KR2026090700035563,,,대운금속 CNC 절단 현장직으로 함께 일해요,절단가공,,금속·재료·철강·요업,강서구,https://www.saramin.co.kr/zf_user/jobs/relay/view?rec_idx=54894130
KR2026090700036403,,,"중대형 수직선반(터닝) 오퍼레이터 모집(주,야 2교대)",절삭가공,(주)태웅에스엔티 녹산지점,,강서구,https://www.saramin.co.kr/zf_user/jobs/relay/view?rec_idx=54763646
KR2026090700018785,,,민원 업무,접수및발급,부산시화물자동차운송사업협회,비주거용 건물 임대업,동구,https://www.jobkorea.co.kr/Recruit/GI_Read/49898880
KR2026090700018782,,,민원 업무관리,접수및발급,부산시화물자동차운송사업협회,,동구,https://www.jobkorea.co.kr/Recruit/GI_Read/49898745
KR2026090700023000,,,관리부 정규직 모집 공고,정규직팀장,㈜만풍건설,비주거용 건물 임대업,강서구,https://www.jobkorea.co.kr/Recruit/GI_Read/49838637
KR2026090700020594,,,정보통신기술자 모집,정보통신기술자,최신정보통신,환경·설비,연제구,https://www.busanjob.net/view.do?no=1308&pgMode=show&id=810502
KR2026090700142461,,,(주)정엔지니어링-일광동원로얄듀크,정엔지니어링-일광동원로얄듀크,（주）정엔지니어링,기계·기계설비,기장군,https://www.jobkorea.co.kr/Recruit/GI_Read/5591746/Ext?siteCode=WN&sc=
KR2026090700016946,,,마장동찰스네 식육식당 정직원 모집합니다 (주 5일 근무),정육업,마장동 찰스네 식육식당(당리점),식품가공,사하구,https://www.jobkorea.co.kr/Recruit/GI_Read/49921416
KR2026090700024850,,,[부산 사상] 정육작업원 정규직 모집,정육작업원,㈜한성푸드,백화점·유통·도소매,사상구,https://www.jobkorea.co.kr/Recruit/GI_Read/49811042
KR2026090700016944,,,마장동찰스네고깃간 정직원 모집합니다 (주 5일 근무),정육점전반업무,마장동 찰스네 고깃간(괴정점),농축산·어업·임업,사하구,https://www.jobkorea.co.kr/Recruit/GI_Read/49921290
KR2026090700024674,,,사하누리 발달장애인 주간활동서비스 [제공인력] 채용,제공인력,누리복지재가노인복지센터,사회복지,사하구,https://www.busanjob.net/view.do?no=1308&pgMode=show&id=804196
KR2026090700018390,,,몽레브 베이커리와 함께 할 구성원을 찾습니다,제과제빵,몽레브 베이커리,그 외 기타 분류 안된 개인 서비스업,금정구,https://www.jobkorea.co.kr/Recruit/GI_Read/49902555
KR2026090700024028,,,"(주)텐퍼센트커피 베이커리 공장 사원,주임을 모집합니다.",제과제빵생산및포장업무,㈜텐퍼센트커피,음식료·외식·프랜차이즈,기장군,https://www.jobkorea.co.kr/Recruit/GI_Read/49822442
KR2026090700026908,,,제이린의원 남포점 [피부/리프팅/제모 어시 사원급] / 무자격,제모어시사원급,제이린의원남포점,의료(진료과목별),중구,https://www.busanjob.net/view.do?no=1308&pgMode=show&id=800059
KR2026090700027650,,,누리프렌즈에서 함께 할 엘리스 도넛 & 사라다 팀 사원을 모집합니다,제빵파트,㈜누리플러스,인형 및 장난감 제조업,사하구,https://www.jobkorea.co.kr/Recruit/GI_Read/49754769
KR2026090700038248,,,제약 및 의료기기 관련 업무를 배우고 같이 열심히 살고자 하는분을 모십니다,제약영업,주식회사 웹스컴퍼니(WEPS COMPANY),,동구,https://www.saramin.co.kr/zf_user/jobs/relay/view?rec_idx=54639656
KR2026090700028581,,,외국계기업 피피지코리아 부산공장 Sr. Process Engineer 채용,제어시스템개발,(유)피피지코리아,석유·화학·에너지,남구,https://www.busanjob.net/view.do?no=1308&pgMode=show&id=795804
KR2026090700030498,,,산업기능요원(보충역) 채용공고,제조가공,광명잉크제조(주),석유·화학·에너지,강서구,https://www.busanjob.net/view.do?no=1308&pgMode=show&id=784357
KR2026090700034505,,,함께 근무하실 분 구합니다.,제조가공,오션마린테크,,영도구,https://www.saramin.co.kr/zf_user/jobs/relay/view?rec_idx=54972281
KR2026090700027425,,,[페이페이 센텀시티몰점 직원 채용],"조리및주방관리_수셰프, 조리및주방관리_캡틴, 조리및주방관리_사원",㈜에렉스,서양식 음식점업,해운대구,https://www.jobkorea.co.kr/Recruit/GI_Read/49761456
KR2026090700025010,,,동명대학교 식당 조리보조 2명  9시~14시   15시~19시,조리보조,(주)파로스식품동명대 산학협력관,외식업·식음료,남구,https://www.busanjob.net/view.do?no=1308&pgMode=show&id=803641
KR2026090700023193,,,학생식당 조리보조 2명  9시~14시   15시~19시,조리보조,(주)파로스식품동명대 산학협력관,외식업·식음료,남구,https://www.busanjob.net/view.do?no=1308&pgMode=show&id=806700
KR2026090700019980,,,"인보험 조사 실무자(대전,전주,부산,대구,인천,원주,서울) 채용",조사실무자-인보험,㈜해오름손해사정,손해 사정업,동래구,https://www.jobkorea.co.kr/Recruit/GI_Read/49884486
KR2026090700036481,,,[GHENOVA KOREA] 채용공고 - 기장/선장 OUTFITTING(철의장) 경력,조선설계,헤노바엔지니어링코리아 유한회사,조선·항공·우주,해운대구,https://www.saramin.co.kr/zf_user/jobs/relay/view?rec_idx=54757855
KR2026090700026522,,,주6회 오후2시부터5시까지 재가요양(4등급),"주6회오후2시부터5시까지재가요양(4등급), 주6회오후2시부터5시까지재가요양",참사랑재가복지센터,사회복지·요양,해운대구,https://www.jobkorea.co.kr/Recruit/GI_Read/5569036/Ext?siteCode=WN&sc=
KR2026090700030568,,,주간보호센터 정규직 모집,주간보호센터정규직,반여새봄요양원 주간보호센터,,해운대구,https://www.jobkorea.co.kr/Recruit/GI_Read/5524273/Ext?siteCode=WN&sc=
KR2026090700029031,,,[부산 연산동] 부동산업무 배우면서 함께하실 공인중개사 모집,주거및상가중개소속공인중개사,어울림합동공인중개사사무소,부동산·중개·임대,연제구,https://www.jobkorea.co.kr/Recruit/GI_Read/49705295
KR2026090700028994,,,주거 인테리어 현장팀원 모집,주거인테리어현장팀원,반값인테리어카페㈜,"도배, 실내장식 및 내장 목공사업",금정구,https://www.jobkorea.co.kr/Recruit/GI_Read/49708520
KR2026090700135897,,,[부산 본부] 비스카이 주류행사 인력 채용·실무 관리 담당자 채용,주류행사인력채용및실무관리업무,㈜비스카이,,사상구,https://www.jobkorea.co.kr/Recruit/GI_Read/49802312
KR2026090700016472,,,"브라켓테이블 주말직원(토,일) 모집",주말직원,브라켓테이블,판매(상품품목별),부산진구,https://www.busanjob.net/view.do?no=1308&pgMode=show&id=815760
KR2026090700015858,,,해운대 중동 브런치카페 주5일 정직원 모집,주방근우,아보아보,음식료·외식·프랜차이즈,해운대구,https://www.jobkorea.co.kr/Recruit/GI_Read/49823426
KR2026090700021689,,,우미남 화명 정직원 채용합니다,주방및홀서비스전반,우미남 화명점,음식료·외식·프랜차이즈,북구,https://www.jobkorea.co.kr/Recruit/GI_Read/49858538
KR2026090700026502,,,정성카츠 초량점 정직원 구인중,주방및홀서빙,정성카츠 초량점,음식료·외식·프랜차이즈,동구,https://www.jobkorea.co.kr/Recruit/GI_Read/49779604
KR2026090700034307,,,*긴급구인* 현대그린푸드 오스템임플란트,"주방보조직설거지보조, 청소등일4시간근무, 장애인채용경험많은기업",*긴급구인*현대그린푸드 오스템임플란트 (중증장애인만 채용),,해운대구,https://busanjob4u.net/view.do?no=122&pgMode=show&idx=1705&type=CP
KR2026090700034288,,,*긴급구인*현대그린푸드 지마린서비스(1호선 부산진역 3분거리),"주방보조직설거지보조, 청소등일4시간근무, 장애인채용경험많은기업",*긴급구인*현대그린푸드 지마린서비스(1호선 부산진역 3분거리)/중증만 가능,,동구,https://busanjob4u.net/view.do?no=122&pgMode=show&idx=1905&type=CP
KR2026090700023065,,,칠암사계 식기정리 및 설거지 직원 모집,주방설거지,㈜이흥용과자점 칠암사계,음식료·외식·프랜차이즈,기장군,https://www.jobkorea.co.kr/Recruit/GI_Read/49843733
KR2026090700021957,,,수영일번가에서 함께하실 직원분을 찾습니다,주방음식조리및식재료관리,수영일번가,음식료·외식·프랜차이즈,수영구,https://www.jobkorea.co.kr/Recruit/GI_Read/49855281
KR2026090700022329,,,광안역 인근 사카나라멘 에서 정직원 채용합니다,주방조리및홀서빙,사카나라멘,음식료·외식·프랜차이즈,수영구,https://www.jobkorea.co.kr/Recruit/GI_Read/49850530
KR2026090700030719,,,함스차이나와 함께 근무할 직원을 모집합니다.,주방조리사모집합니다,함스차이나,음식료·외식·프랜차이즈,연제구,https://www.jobkorea.co.kr/Recruit/GI_Read/49600997
KR2026090700021954,,,[월 10회 휴무 / 월 290] 함께 일 하실 분 찾습니다.,주방조리사및홀관리,키치마루,음식료·외식·프랜차이즈,동래구,https://www.jobkorea.co.kr/Recruit/GI_Read/49855126
KR2026090700020456,,,이탈리아 레스토랑 정직원 모집,주방직원홀업무병행,라치베타,수산물 가공식품 도매업,부산진구,https://www.jobkorea.co.kr/Recruit/GI_Read/49876125
KR2026090700016939,,,전포 한식당을 함께하실 직원분들을 모집합니다,주방파트,계절공기(Season Bowl),음식료·외식·프랜차이즈,부산진구,https://www.jobkorea.co.kr/Recruit/GI_Read/49921046
KR2026090700042646,,,엔터프라이즈 팀원 3년 이상 (사업개발),"주요고객사담당자, 사업개발",팀리부뜨,,,https://www.wanted.co.kr/wd/375100
KR2026090700029387,,,주차 관리자 채용,주차관리자,(주)광은,부동산·중개·임대,수영구,https://www.jobkorea.co.kr/Recruit/GI_Read/5543346/Ext?siteCode=WN&sc=
KR2026090700037375,,,"광안동병원 주차관리, 발렛업무",주차요원,주식회사위더스파크,,수영구,https://www.saramin.co.kr/zf_user/jobs/relay/view?rec_idx=54950346
KR2026090700025821,,,정관신도시에 위치한 영어학원에서 선생님을 채용합니다.,중고등영어선생님,정관링구아어학원,학원·어학원·교육원,기장군,https://www.jobkorea.co.kr/Recruit/GI_Read/49792272
KR2026090700016942,,,중등수학선생님을 모십니다.,"중등수학선생님, 중등수학선생",세기단과학원,일반 교과 학원,사하구,https://www.jobkorea.co.kr/Recruit/GI_Read/49921160
KR2026090700024580,,,"초,중등 영어 선생님 모집",중등영어선생님,리더스어학원,학원·어학원·교육원,동래구,https://www.jobkorea.co.kr/Recruit/GI_Read/49781391
KR2026090700029703,,,정관 프라우드영수학원 초/중수학선생님 모심.,중수학선생,프라우드영수학원,학원·어학원,기장군,https://www.busanjob.net/view.do?no=1308&pgMode=show&id=789273
KR2026090700034259,,,좋은강안병원 중앙공급실 업무보조 1명 모집합니다.,"중앙공급실업무보조, 업무보조",좋은강안병원,,수영구,https://busanjob4u.net/view.do?no=122&pgMode=show&idx=2287&type=CP
KR2026090700024834,,,케익파티쉐모집(아이싱가능한분),즐겁게일할케익파티쉐모집아이싱가능한분,㈜채목,떡류 제조업,수영구,https://www.jobkorea.co.kr/Recruit/GI_Read/49809244
KR2026090700028176,,,2026 김해공항 내 지상직 서비스인턴 (승준생 우대),지상직인턴,한국서비스능력진흥원,협회·단체,남구,https://www.jobkorea.co.kr/Recruit/GI_Read/49748172
KR2026090700037073,,,[CTR 그룹] ESG팀 경력직 채용 (창원),"지속가능경영, esg",(주)씨티알,,,https://www.saramin.co.kr/zf_user/jobs/relay/view?rec_idx=54833629
KR2026090700018833,,,보유고객 상담 관리 직무설명회,직무설명회,DB손해보험㈜,손해 보험업,부산진구,https://www.jobkorea.co.kr/Recruit/GI_Read/49901042
KR2026090700031452,,,(주)라희모터스 동부산점 중고차 차량관리 담당자 모집해요,진열관리,(주)라희모터스 동부산점,판매(상품품목별),기장군,https://www.busanjob.net/view.do?no=1308&pgMode=show&id=778513
KR2026090700019600,,,창업컨설턴트 모집,창업컨설턴드,골든창업,컨설팅·연구·조사,연제구,https://www.jobkorea.co.kr/Recruit/GI_Read/49887882
KR2026090700022321,,,(주)창업365 신입·경력 프랜차이즈 창업컨설턴트 채용,창업컨설턴트,창업삼육오,경영 컨설팅업,해운대구,https://www.jobkorea.co.kr/Recruit/GI_Read/49849934
KR2026090700019997,,,[서면역 인근] 채권관리팀 정규직 모집,채권관리신입,㈜넥스젠파이낸스대부,그 외 기타 여신금융업,부산진구,https://www.jobkorea.co.kr/Recruit/GI_Read/49886272
KR2026090700018765,,,[케이아이코아즈대부]NPL채권팀 직원모집 (부산센터),채권추심-npl,㈜케이아이코아즈대부,캐피탈·대출,부산진구,https://www.jobkorea.co.kr/Recruit/GI_Read/49897039
KR2026090700021356,,,[서면역 인근] 채권추심팀 정규직 모집,채권추심신입,㈜엔씨파이낸스대부,그 외 기타 여신금융업,부산진구,https://www.jobkorea.co.kr/Recruit/GI_Read/49865583
KR2026090700059689,,,[부산] KB캐피탈 부산지점 채권회수직(중기반) 채용 경력직必,채권회수,㈜씨아이템프러리,,연제구,https://www.jobkorea.co.kr/Recruit/GI_Read/49781002
KR2026090700037660,,,[부산/공기업]  채무조정 지원업무,채무조정,㈜선정인터내셔날,,부산진구,https://www.jobkorea.co.kr/Recruit/GI_Read/49887363
KR2026090700035893,,,[월318만/공기업] 한국자산관리공사 채무조정/상담/관리 채용,채무조정,고려휴먼스㈜,,부산진구,https://www.jobkorea.co.kr/Recruit/GI_Read/49852480
KR2026090700027682,,,우리바디케어 부산대점에서 체형전문가선생님 구인해요,체형전문가선생,우리바디케어,뷰티·미용,금정구,https://www.busanjob.net/view.do?no=1308&pgMode=show&id=798396
KR2026090700023393,,,초등 영어 원서 수업 선생님 모집,초등영어원서수업선생님,리플어학원,학원·어학원·교육원,부산진구,https://www.jobkorea.co.kr/Recruit/GI_Read/49834580
KR2026090700019304,,,[연세미래IFC] 오전 근무 초음파사 모집,초음파사,연세미래아이에프씨의원,의료(병원종류별),남구,https://www.saramin.co.kr/zf_user/jobs/relay/view?rec_idx=54895989
KR2026090700023427,,,초중등부 /중고등 수학 - 주5일 (월-금 / 화-토),"초중등부수학-주5일월금, 화토",㈜노마드앤스터디,학원·어학원·교육원,해운대구,https://www.jobkorea.co.kr/Recruit/GI_Read/49833499
KR2026090700025280,,,서면 초중등수학전임선생님 구합니다,초중등수학전임선생,솔루션수학 이프어학원,학원·어학원,부산진구,https://www.busanjob.net/view.do?no=1308&pgMode=show&id=803157
KR2026090700029086,,,출하반 직원 모집(현장정규직),"출하반직원모집(현장정규직), 출하반직원, 현장정규직",주식회사와이엔브이,기계·기계설비,강서구,https://www.jobkorea.co.kr/Recruit/GI_Read/5548034/Ext?siteCode=WN&sc=
KR2026090700029015,,,"[수,목,금,토 주4일 / 실수령 200]치료실직원 모집",치료실직원,오월의한의원부산,의료(진료과목별),동래구,https://www.busanjob.net/view.do?no=1308&pgMode=show&id=793586
KR2026090700026579,,,[정규직] 카페 경력무관 채용 공고,카페,신창동커피,외식업·식음료,중구,https://www.busanjob.net/view.do?no=1308&pgMode=show&id=800655
KR2026090700024304,,,베이커리카페에서 신입 홀정직원을 채용합니다,카페정직원,하우스오브브레드B.B,음식료·외식·프랜차이즈,수영구,https://www.jobkorea.co.kr/Recruit/GI_Read/49820349
KR2026090700019545,,,[부산시청점] 루시앙 베이커리 시청점 카페직원 모집합니다,카페직원,(주)봉림,외식업·식음료,연제구,https://www.busanjob.net/view.do?no=1308&pgMode=show&id=811981
KR2026090700022455,,,루시앙 베이커리 해운대구청점 카페직원 모집,카페직원,(주)봉림,외식업·식음료,해운대구,https://www.busanjob.net/view.do?no=1308&pgMode=show&id=807790
KR2026090700018831,,,[굿웨이브 부산] 국제 NGO 신입 캠페이너/모금가 채용,캠페이너,굿웨이브,광고·홍보·전시,중구,https://www.jobkorea.co.kr/Recruit/GI_Read/49900978
KR2026090700031395,,,부산소셜 커뮤니티 호스트 모집,커뮤니티매니저,부산소셜,호텔·여행·항공,수영구,https://www.busanjob.net/view.do?no=1308&pgMode=show&id=778902
KR2026090700069969,,,라우어 오시리아 시니어타운 커뮤니티 컨시어즈 직원 모집,커뮤니티안내,자이에스앤디㈜,,기장군,https://www.jobkorea.co.kr/Recruit/GI_Read/49797453
KR2026090700024318,,,파밀레커피 본사 정직원뽑습니다(주5일),커피전문점정직원,파밀레,커피 전문점,수영구,https://www.jobkorea.co.kr/Recruit/GI_Read/49821646
KR2026090700030365,,,코인TM 1차콜 직원구함,코인tm1차콜직원,프라임리치㈜,콜센터·아웃소싱·기타,해운대구,https://www.jobkorea.co.kr/Recruit/GI_Read/49622630
KR2026090700021655,,,엠케이(MK) 크리에이터·크리에이터 에이전트 채용 공고입니다,크리에이터,엠케이(MK),연예·엔터테인먼트,해운대구,https://www.saramin.co.kr/zf_user/jobs/relay/view?rec_idx=54857576
KR2026090700021726,,,"틱톡 라이브 크리에이터, 크리에이터 에이전트 (재택가능)","크리에이터, 크리에이터에이전트",엠케이(MK),연예·엔터테인먼트,해운대구,https://www.jobkorea.co.kr/Recruit/GI_Read/49860690
KR2026090700029409,,,[해운대중동]클럽디오아시스 시설주임 모집,클럽디오아시스시설주임,이도프라퍼티스 주식회사,부동산·중개·임대,해운대구,https://www.jobkorea.co.kr/Recruit/GI_Read/5542517/Ext?siteCode=WN&sc=
KR2026090700022211,,,부산 이자카야 `세로`에서 새로운 팀원을 모집합니다,키친,세로,일식 음식점업,북구,https://www.jobkorea.co.kr/Recruit/GI_Read/49815715
KR2026090700026506,,,한식 캐주얼다이닝 미미락락 디너에 함께할 스탭 구합니다.,키친,미미락락,음식료·외식·프랜차이즈,수영구,https://www.jobkorea.co.kr/Recruit/GI_Read/49779959
KR2026090700022307,,,롯데백화점 동래점 1층 로카보어테이블 키친(브런치) 정직원 모집합니다,키친파트,로카보어테이블 동래점,음식료·외식·프랜차이즈,동래구,https://www.jobkorea.co.kr/Recruit/GI_Read/49848981
KR2026090700142595,,,태광리치뷰(소형아파트) 관리자 구합니다.,"태광리치뷰(소형아파트)관리자구합니다, 태광리치뷰",주식회사우림종합관리,시설관리·보안·경비,연제구,https://www.jobkorea.co.kr/Recruit/GI_Read/5563377/Ext?siteCode=WN&sc=
KR2026090700024533,,,[태그호이어코리아]롯데백화점 부산점 Client Advisor채용(육아휴직대체),태그호이어코리아롯데백화점부산점직원,태그호이어코리아 유한회사,시계 및 귀금속제품 도매업,부산진구,https://www.jobkorea.co.kr/Recruit/GI_Read/49816185
KR2026090700025186,,,(주)미래솔루션 태양광 인허가 신입 및 경력 채용,태양광발전소인허가신입및,㈜미래솔루션,일반전기 공사업,강서구,https://www.jobkorea.co.kr/Recruit/GI_Read/49803677
KR2026090700024036,,,"Accelleron (구, ABB 터보차저 사업부) Service Engineer",터보차저서비스엔지니어,액셀러론코리아(유)(Accelleron KoreaLtd.),그 외 기타 기계 및 장비 도매업,금정구,https://www.jobkorea.co.kr/Recruit/GI_Read/49823130
KR2026090700030286,,,"CNC 턴밀선반, 5축선반 경력직 채용","턴밀선반, 5축선반",로보트론,기계·기계설비,강서구,https://www.jobkorea.co.kr/Recruit/GI_Read/49627961
KR2026090700021973,,,(주)보리에 테넌트MD 담당 경력직 채용,테넌트,㈜보리에,음식료·외식·프랜차이즈,수영구,https://www.jobkorea.co.kr/Recruit/GI_Read/49856696
KR2026090700017101,,,문현새마을금고 계약직 금융텔러 채용 공고,텔러,문현새마을금고,은행·금융·저축,남구,https://www.busanjob.net/view.do?no=1308&pgMode=show&id=815005
KR2026090700025673,,,문화상사 직판 TM 사원모집,텔레마케팅,㈜문화상사,기타 가공식품 도매업,동래구,https://www.jobkorea.co.kr/Recruit/GI_Read/49797789
KR2026090700031448,,,정보통신공사팀 정규직 신규/경력 모집,"통신설계, 내진설계, 배전반설계, 전기설계, 건축전기",국제시스템(주),환경·설비,연제구,https://www.busanjob.net/view.do?no=1308&pgMode=show&id=778531
KR2026090700023590,,,헤어&메이크업 직원&프리랜서 모집,팀모집인원○명,다사랑스튜디오,출판·인쇄·사진,연제구,https://www.jobkorea.co.kr/Recruit/GI_Read/49826657
KR2026090700018300,,,[파크하얏트부산] 식음료부 신입 및 경력 채용,파크하얏트부산식음료부신입및,호텔아이파크㈜부산,호텔·여행·항공,해운대구,https://www.jobkorea.co.kr/Recruit/GI_Read/49905628
KR2026090700020469,,,[파크하얏트부산]  재경부 신입 및 인턴 채용,파크하얏트부산재경부,호텔아이파크㈜부산,호텔·여행·항공,해운대구,https://www.jobkorea.co.kr/Recruit/GI_Read/49877237
KR2026090700029631,,,판금업체 보조원,판금업체보조원,(주)동경기전,전기·전자·제어,사하구,https://www.jobkorea.co.kr/Recruit/GI_Read/5539838/Ext?siteCode=WN&sc=
KR2026090700026109,,,"프레드릭 콘스탄트 시계 직원 채용 [각지점 채용/강남,용인,경남창원,부산]","판매사원_신세계백화점사우스시티점, 판매사원_롯데강남, 판매사원_롯데창원, 판매사원_현대천호, 판매사원_부산롯데면세점",㈜스타일리더,시계 및 귀금속제품 도매업,강남구,https://www.jobkorea.co.kr/Recruit/GI_Read/49788466
KR2026090700025819,,,퍼스널컬러 컨설턴트/메이크업 프리랜서 채용,"퍼스널컬러컨설턴트, 메이크업프리랜서",㈜에스엔씨아이컴퍼니,뷰티·미용,부산진구,https://www.jobkorea.co.kr/Recruit/GI_Read/49792110
KR2026090700017362,,,폐기물 선별장 직원모집 합니다,폐기물분리선별,㈜조은씨앤이,1차 금속제품 도매업,기장군,https://www.jobkorea.co.kr/Recruit/GI_Read/49876659
KR2026090700019257,,,큐에스디코리아(주) 포워더 해상수출 경력 채용 공고,포워딩,큐에스디코리아㈜,번역 및 통역 서비스업,남구,https://www.jobkorea.co.kr/Recruit/GI_Read/49893184
KR2026090700029520,,,포워딩 수출입업무 사원 모집,포워딩수출입업무,주식회사 우주해운항공,물류·운송·배송,중구,https://www.jobkorea.co.kr/Recruit/GI_Read/5540563/Ext?siteCode=WN&sc=
KR2026090700019858,,,포워딩 수출입 오퍼레이션 담당자 모집 (부산근무자),포워딩수출입오퍼레이션,㈜벤마로지스,물류·운송·배송,동구,https://www.jobkorea.co.kr/Recruit/GI_Read/49884923
KR2026090700023519,,,포워딩 신입 업무 직원을 채용합니다,포워딩신입업무직원채용합니다,코리아트랜스라인㈜,물류·운송·배송,중구,https://www.jobkorea.co.kr/Recruit/GI_Read/49832447
KR2026090700018760,,,포워딩 업무할 경력/신입사원을 모시고자 합니다.,포워딩업무,㈜삼영익스프레스,"화물운송 중개, 대리 및 관련 서비스업",중구,https://www.jobkorea.co.kr/Recruit/GI_Read/49896900
KR2026090700027112,,,포워딩 업무 직원을 모집합니다,포워딩업무직원을모집합니다,㈜타오로지스틱스,물류·운송·배송,강서구,https://www.jobkorea.co.kr/Recruit/GI_Read/49765247
KR2026090700029471,,,포딩포워딩 해상수입 연관된 모든업무 가능자,포워딩해상수입모든업무가능자,㈜토탈물류법인대지,물류·운송·배송,동구,https://www.jobkorea.co.kr/Recruit/GI_Read/49677748
KR2026090700026292,,,[정규직/인물전문] 스튜디오 메인 포토그래퍼 모집,포토그래퍼,스튜디오155,출판·인쇄·사진,부산진구,https://www.jobkorea.co.kr/Recruit/GI_Read/49781040
KR2026090700026472,,,피엔스튜디오 부산 서면점 관리자급 직원 구인,포토그래퍼,피엔스튜디오,출판·인쇄·사진,부산진구,https://www.jobkorea.co.kr/Recruit/GI_Read/49776920
KR2026090700038199,,,QC,품질보증,,,강서구,https://www.saramin.co.kr/zf_user/jobs/relay/view?rec_idx=54691482
KR2026090700032115,,,Felix by STX Hotel 프런트데스크 채용,프런트데스크,에스티엑스서비스 부산사업본부,호텔·여행·항공,해운대구,https://www.busanjob.net/view.do?no=1308&pgMode=show&id=764453
KR2026090700031171,,,프레스 기능공 모집,프레스기능공,성도기계,기업형태,강서구,https://www.jobkorea.co.kr/Recruit/GI_Read/5514521/Ext?siteCode=WN&sc=
KR2026090700025073,,,[소르테크] 스마트팩토리 통합 인재 채용,프로젝트pm,㈜소르테크,응용 소프트웨어 개발 및 공급업,해운대구,https://www.jobkorea.co.kr/Recruit/GI_Read/49806890
KR2026090700021108,,,[UH CONTINENTAL 해운대] 주간 프론트 채용,프론트데스크,㈜유에이치씨,호텔·여행·항공,해운대구,https://www.jobkorea.co.kr/Recruit/GI_Read/49867639
KR2026090700029219,,,범일동 속눈썹도 가능하신 네일리스트 (프리랜서또는 정직원),프리랜서또는정직원,뷰티나R,뷰티·미용,동구,https://www.busanjob.net/view.do?no=1308&pgMode=show&id=792316
KR2026090700019606,,,[부산남포동]에스테틱 청담에서 관리사 모집합니다(초보/신입추가1명채용),피부관리,청담,뷰티·미용,중구,https://www.jobkorea.co.kr/Recruit/GI_Read/49888323
KR2026090700025880,,,(일/월요일 휴무)  윤곽관리 또는 얼굴관리 가능하신분 모십니다.,"피부관리사얼굴데콜테, 윤곽관리가능하신분모",더노블,뷰티·미용,동래구,https://www.jobkorea.co.kr/Recruit/GI_Read/49790035
KR2026090700020445,,,필터교체 및 납품사원모집 공고,필터교체및납품사원,㈜부일필터,생활용품·소비재·기타,금정구,https://www.jobkorea.co.kr/Recruit/GI_Read/49875327
KR2026090700017263,,,하나돈까스 남천점 주차 서비스 담당자 모집,하나돈까스남천점주차서비스,㈜파나,"그 외 기타 분류 안된 전문, 과학 및 기술 서비스업",수영구,https://www.jobkorea.co.kr/Recruit/GI_Read/49918877
KR2026090700018775,,,뉴시즈 오시리아 하우스맨  구인,하우스맨,㈜엠제이컴퍼니,호텔·여행·항공,기장군,https://www.jobkorea.co.kr/Recruit/GI_Read/49898169
KR2026090700023026,,,STN 영어학원 관리자 선생님 모집,"학생, 학부모관리",에스티엔학원,학원·어학원·교육원,해운대구,https://www.jobkorea.co.kr/Recruit/GI_Read/49841044
KR2026090700034507,,,부산대학교 대학원혁신실 자체직원 공개경쟁채용,"학술연구, 자체직원",부산대학교,,금정구,https://www.saramin.co.kr/zf_user/jobs/relay/view?rec_idx=54964205
KR2026090700018118,,,관리형학습관 학습관리선생님 파트 구인(목토/금토),학습관리선생,(주)노마드앤스터디,학원·어학원,해운대구,https://www.busanjob.net/view.do?no=1308&pgMode=show&id=813755
KR2026090700026436,,,"부산 북구 재능학습센터 유아,초등전문 학원선생님을 모십니다.",학원선생,(주)재능교육,교재·학습지,북구,https://www.busanjob.net/view.do?no=1308&pgMode=show&id=800969
KR2026090700022060,,,영어학원 데스크 업무,학원업무총괄,에이블어학원,학원·어학원·교육원,남구,https://www.jobkorea.co.kr/Recruit/GI_Read/49854348
KR2026090700033892,,,[한국산업인력공단] 폴란드 마이다스 아이티 유럽법인 - Demand Generation Sales representative (2명),한국산업인력공단,,,,https://www.busanjob.net/view.do?no=1310&pgMode=show&id=https://www.worldjob.or.kr/advnc/view.do?menuId=1000000014&dobType=1&joCrtfcNo=E20260228001&joCrtfcDsp=4&joCrtfcDspSn=1&rtnIp=183.103.55.151&dsptcKsco=&continent=&epmt61=
KR2026090700031353,,,한살림부산 활동실 활동가 채용,한살림부산활동실활동가,한살림부산생활협동조합,백화점·유통·도소매,부산진구,https://www.jobkorea.co.kr/Recruit/GI_Read/49562032
KR2026090700015753,,,"[사미헌 본관] 한우 육부·정육 직원 모집 (신입,경력)",한우정육,㈜사미헌,한식 육류요리 전문점,부산진구,https://www.jobkorea.co.kr/Recruit/GI_Read/49903893
KR2026090700022259,,,리얼키즈 오디세이 한인담임선생님모셔요 (정규직),한인담임선생,주식회사 리얼액션 남천지점,학원·어학원,남구,https://www.busanjob.net/view.do?no=1308&pgMode=show&id=808090
KR2026090700026146,,,"함께 일할 범용선반 , CNC기술자 급구합니다","함께일할범용선반, cnc기술자급, cnc기술자",씨에스테크,,강서구,https://www.jobkorea.co.kr/Recruit/GI_Read/5572230/Ext?siteCode=WN&sc=
KR2026090700023800,,,초보중개사의 최고의 배움터 `데이지합동부동산` 합동/소속공인중개사 모집,합동공인중개사및소속공인중개사,데이지합동공인중개사사무소,부동산·중개·임대,사상구,https://www.jobkorea.co.kr/Recruit/GI_Read/49830365
KR2026090700033210,,,유망한 부동산에서 함께 성장 할 소속 / 합동소장님을 찾습니다.,합동소장,예담공인중개사사무소,부동산·임대·중개,동래구,https://www.busanjob.net/view.do?no=1308&pgMode=show&id=729787
KR2026090700016773,,,해썹 HACCP 컨설팅 방문 담당자 채용,해썹haccp컨설팅방문,민트,컨설팅·연구·조사,해운대구,https://www.jobkorea.co.kr/Recruit/GI_Read/49923340
KR2026090700021911,,,메르세데스-벤츠 스타자동차(주) 서비스 어드바이저 모집,"해운대, 울산, 금정_어드바이저",스타자동차㈜,자동차 신품 판매업,해운대구,https://www.jobkorea.co.kr/Recruit/GI_Read/49856605
KR2026090700142580,,,(동래새일 채용대행) [ 해운대나눔과행복병원 ] ...,해운대나눔과행복병원,(주)토요,시설관리·보안·경비,해운대구,https://www.jobkorea.co.kr/Recruit/GI_Read/5566550/Ext?siteCode=WN&sc=
KR2026090700018208,,,[LS마린솔루션] 분야별 신입/경력 채용,"해저, ls마린솔루션",엘에스마린솔루션㈜,일반 통신 공사업,동구,https://www.jobkorea.co.kr/Recruit/GI_Read/49817244
KR2026090700021765,,,해조류 김 양식,해조류김양식,김창건 (개인),,강서구,https://www.jobkorea.co.kr/Recruit/GI_Read/5592247/Ext?siteCode=WN&sc=
KR2026090700029420,,,해태양식,해태양식,돌핀수산,,강서구,https://www.jobkorea.co.kr/Recruit/GI_Read/5542021/Ext?siteCode=WN&sc=
KR2026090700018830,,,국가대표 패션쥬얼리선도업체 와라주얼리. 신입모집,행사팀,㈜아이비갤러리,백화점·유통·도소매,해운대구,https://www.jobkorea.co.kr/Recruit/GI_Read/49900932
KR2026090700023527,,,"남천동 `누를` 헤드세프 구인(양식,일식,컨템포러리)",헤드세프,누를,음식료·외식·프랜차이즈,수영구,https://www.jobkorea.co.kr/Recruit/GI_Read/49830961
KR2026090700037577,,,"[부산지사]-헤드헌터 모집(신입,경력)",헤드헌터,(주)글로벌스카우트,,금정구,https://www.saramin.co.kr/zf_user/jobs/relay/view?rec_idx=54924520
KR2026090700037298,,,부산 헤드헌터 (채용컨설턴트) 공개 채용,"헤드헌터, hr컨설팅, 인재발굴",(주)피플케어코리아,,동구,https://www.saramin.co.kr/zf_user/jobs/relay/view?rec_idx=54960429
KR2026090700028166,,,"1인 남성전문 미용실, 리부트헤어에서 인재를 모집합니다",헤어디자이너1인미용실원장,리부트헤어,뷰티·미용,사상구,https://www.jobkorea.co.kr/Recruit/GI_Read/49747351
KR2026090700097302,,,"[최대 4,500만/식대별도] 헤트라스 해운대점 디퓨저/향수 직원 대규모 채용",헤트라스매장직원,에이스휴먼파워㈜,,해운대구,https://www.jobkorea.co.kr/Recruit/GI_Read/49695073
KR2026090700020097,,,연산동 최대규모 리드헬스 트레이너 / 인포선생님 구인합니다.,"헬스장트레이너, 인포선생",리드헬스,그 외 기타 스포츠시설 운영업,연제구,https://www.jobkorea.co.kr/Recruit/GI_Read/49882328
KR2026090700018802,,,서부산권장애인스포츠센터 헬스 전임 지도자 채용공고,헬스지도자,서부산권장애인스포츠센터,스포츠·여가·레저,사하구,https://www.jobkorea.co.kr/Recruit/GI_Read/49899477
KR2026090700018011,,,현대해상 하이플래너를 모집합니다.,현대해상하이플래너를모집합니다,대원인슈,콜센터·아웃소싱·기타,연제구,https://www.jobkorea.co.kr/Recruit/GI_Read/49910695
KR2026090700023366,,,현장 관리 직원 구인 공고,현장관리직원,주식회사 정일산업,인테리어·자재,북구,https://www.jobkorea.co.kr/Recruit/GI_Read/5585271/Ext?siteCode=WN&sc=
KR2026090700021793,,,『2026 중구 그 잡(JOB)채(採) 일자리박람...,현장면접15개업체,부산항인력관리 주식회사,그 외 기타 분류 안된 운송 관련 서비스업,남구,https://www.busanjob.net/view.do?no=1308&pgMode=show&id=808767
KR2026090700037959,,,현장 안전패트롤 용역 총괄 관리자 모집,현장안전패트롤용역총괄관리자,주식회사 정안전기술단,기계·기계설비,기장군,https://www.jobkorea.co.kr/Recruit/GI_Read/5557217/Ext?siteCode=WN&sc=
KR2026090700017585,,,[런닝맨&다이나믹메이즈] 부산 서면 실내 테마파크  정직원 모집,현장운영,크리에이티브통,박물관 운영업,부산진구,https://www.jobkorea.co.kr/Recruit/GI_Read/49914932
KR2026090700023713,,,"대한네트웍스 출하 현장직 직원 모집 (계약직, 현장인원 충원)",현장인원충원,대한네트웍스,금속·재료·철강·요업,강서구,https://www.busanjob.net/view.do?no=1308&pgMode=show&id=805857
KR2026090700026942,,,[월 302만부터 주5일 홀 정직원 채용] 엄용백 돼지구이 동래점,홀모집인원1명,엄용백 낙돈,음식료·외식·프랜차이즈,동래구,https://www.jobkorea.co.kr/Recruit/GI_Read/49752902
KR2026090700027944,,,[월 320만부터 주5일 홀 정직원 채용]엄용백 돼지구이 동래점,홀모집인원1명,엄용백 낙돈,음식료·외식·프랜차이즈,동래구,https://www.jobkorea.co.kr/Recruit/GI_Read/49753036
KR2026090700113872,,,"[월급 330]광안리 해장의성지, `바로해장`에서 직원을 구합니다.",홀및주방,바로해장,음식료·외식·프랜차이즈,수영구,https://www.jobkorea.co.kr/Recruit/GI_Read/49853762
KR2026090700028145,,,[2030 만족도 최상/정규직] 복지 끝판왕 채용 (식비·통신비 지원),홈cs부서,씨에스원파트너,,중구,https://www.jobkorea.co.kr/Recruit/GI_Read/49745837
KR2026090700029341,,,환자이동보조(요양병원),"환자이동보조(요양병원), 환자이동보조",의료법인은성의료재단좋은부산요양병원,제약·보건·바이오,사상구,https://www.jobkorea.co.kr/Recruit/GI_Read/5543775/Ext?siteCode=WN&sc=
KR2026090700025260,,,남자(남성) 활동지원사 모집,활동지원사,해바라기사회적협동조합,사회복지,강서구,https://www.saramin.co.kr/zf_user/jobs/relay/view?rec_idx=54770532
KR2026090700027844,,,장애인활동지원사 상시 모집,활동지원사,해바라기사회적협동조합,사회복지,북구,https://www.saramin.co.kr/zf_user/jobs/relay/view?rec_idx=54843884
KR2026090700034275,,,중구나눔장애인자립생활센터 동료상담가 채용 공고,회원및센터이용자동료상담및il사업보조,중구나눔장애인자립생활센터,,중구,https://busanjob4u.net/view.do?no=122&pgMode=show&idx=300&type=CORP
KR2026090700030527,,,( 미래아이엔씨 부산 AM 신입/경력 ) 네이버&카카오 공식 대행사 / 온라인,,㈜미래아이엔씨 (부산지사),,연제구,https://www.busanjob.net/view.do?no=1308&pgMode=show&id=784192
KR2026090700027413,,,(((부산 상가전문 부동산에서 함께 하실 분을 기다립니다)))),,포커스부동산공인중개사사무소,부동산·중개·임대,동래구,https://www.jobkorea.co.kr/Recruit/GI_Read/49760481
KR2026090700031725,,,(TM)고객 상담업무 부산공실클럽,,BS부산공실,부동산·임대·중개,연제구,https://www.busanjob.net/view.do?no=1308&pgMode=show&id=776243
KR2026090700022645,,,(방문요양) 북구 만덕동 벽산아파트4등급 여자어르...,,백년나무재가노인복지센터,사회복지 상담서비스 제공업,북구,https://www.busanjob.net/view.do?no=1308&pgMode=show&id=807504
KR2026090700031399,,,(부산 사상 ) 집하장 관리자 모집 신입/경력 채용(유경험자우대),,(주)이순환로지스,운송·운수·물류,사상구,https://www.busanjob.net/view.do?no=1308&pgMode=show&id=778865
KR2026090700026113,,,(부산) 수출입 포워딩 업무 경력직 채용,,우성해운㈜,,중구,https://www.busanjob.net/view.do?no=1308&pgMode=show&id=801621
KR2026090700017930,,,"(부산)쇼핑몰관리 및 일러 포토샵, 전화상담가능한분모집",,민아기프트,쇼핑몰·오픈마켓,부산진구,https://www.busanjob.net/view.do?no=1308&pgMode=show&id=813988
KR2026090700032675,,,(사)부산장애인부모회 북구지회 주간활동서비스 제공인력 모집,,(사)부산장애인부모회 북구지회,협회·단체,북구,https://www.busanjob.net/view.do?no=1308&pgMode=show&id=747523
KR2026090700031841,,,(사)부산장애인부모회 북구지회 주거생활서비스 주거코치 모집,,(사)부산장애인부모회 북구지회,협회·단체,북구,https://www.busanjob.net/view.do?no=1308&pgMode=show&id=772716
KR2026090700026308,,,"(사)삼성희망네트워크 터널관리팀 풀베기(예초,전정...",,사단법인 삼성희망네트워크,사회복지 상담서비스 제공업,사상구,https://www.busanjob.net/view.do?no=1308&pgMode=show&id=801203
KR2026090700161258,,,"(사)삼성희망네트워크 터널관리팀 풀베기(예초,전정작업) 노인일자리사업 참여자 모집",,사단법인 삼성희망네트워크,,사상구,https://job.career.co.kr/recruit/view/22134547
KR2026090700032299,,,(유튜브 구독 37만 부싼카) 본점 중고차 매입상품화 공고,,(주)뉴부싼카,판매(상품품목별),사상구,https://www.busanjob.net/view.do?no=1308&pgMode=show&id=758226
KR2026090700033754,,,(일본/나고야추부공항) 공항지상직-경력직 스태프 모집,,,,,https://www.busanjob.net/view.do?no=1310&pgMode=show&id=https://www.worldjob.or.kr/advnc/view.do?menuId=1000000014&dobType=1&joCrtfcNo=E20260729001&joCrtfcDsp=1&joCrtfcDspSn=1&rtnIp=183.103.55.151&dsptcKsco=&continent=&epmt61=
KR2026090700034154,,,(일본/나리타공항-경력직) 공항지상직 STAFF 모집,,,,,https://www.busanjob.net/view.do?no=1310&pgMode=show&id=https://www.worldjob.or.kr/advnc/view.do?menuId=1000000014&dobType=1&joCrtfcNo=E20260818009&joCrtfcDsp=1&joCrtfcDspSn=1&rtnIp=183.103.55.151&dsptcKsco=&continent=&epmt61=
KR2026090700034049,,,(일본/오사카) 월드인리쿠르트서비스재팬 지점총괄 직원 모집,,,,,https://www.busanjob.net/view.do?no=1310&pgMode=show&id=https://www.worldjob.or.kr/advnc/view.do?menuId=1000000014&dobType=1&joCrtfcNo=E20241030004&joCrtfcDsp=7&joCrtfcDspSn=1&rtnIp=183.103.55.151&dsptcKsco=&continent=&epmt61=
KR2026090700126731,,,(일본/칸사이공항-KAS) 에어부산 등 공항지상직 STAFF 모집,,㈜위더스토탈에어포트서비스,,일본 오사카,https://www.jobkorea.co.kr/Recruit/GI_Read/49767107
KR2026090700034104,,,(일본/칸사이공항-에어부산등) 공항지상직 STAFF 모집,,,,,https://www.busanjob.net/view.do?no=1310&pgMode=show&id=https://www.worldjob.or.kr/advnc/view.do?menuId=1000000014&dobType=1&joCrtfcNo=E20250731005&joCrtfcDsp=5&joCrtfcDspSn=1&rtnIp=183.103.55.151&dsptcKsco=&continent=&epmt61=
KR2026090700033640,,,"(재)부산정보산업진흥원 2026년 4차 계약직(일반(4급,5급,육휴대체)) 공고",,부산광역시,,,https://www.busanjob.net/view.do?no=1309&pgMode=show&id=288307
KR2026090700029537,,,(정규직) 포워딩 수출입 신입 및 경력 사원채용,,(주)케이에스글로벌,유통·무역·상사,중구,https://www.busanjob.net/view.do?no=1308&pgMode=show&id=790243
KR2026090700028756,,,(정규직) 포워딩 수출입 신입 및 경력 직원 채용,,(주)케이에스글로벌,유통·무역·상사,중구,https://www.busanjob.net/view.do?no=1308&pgMode=show&id=794931
KR2026090700016724,,,(정규직)센타레스 연마 기술공/견습공 모집(경력우대/신입가능),,중앙연마,기계·설비·자동차,사상구,https://www.busanjob.net/view.do?no=1308&pgMode=show&id=815454
KR2026090700022893,,,(주 1회 수요일)  치료실 보조 전포역 건강한의원,,건강한의원,의료(진료과목별),부산진구,https://www.busanjob.net/view.do?no=1308&pgMode=show&id=807146
KR2026090700021676,,,(주)겐츠베이커리 케익실 직원 채용,,겐츠베이커리,외식업·식음료,남구,https://www.busanjob.net/view.do?no=1308&pgMode=show&id=808949
KR2026090700032200,,,(주)공간몬스터 관리형 스터디카페/독학재수학원 센터장 모집,,(주)공간몬스터,학원·어학원,해운대구,https://www.busanjob.net/view.do?no=1308&pgMode=show&id=761453
KR2026090700025910,,,(주)국제식품정육백화점양정점 시설안전 관리자(보조) 채용 공고,,(주)국제식품정육백화점양정점,시설관리·경비·용역,부산진구,https://www.busanjob.net/view.do?no=1308&pgMode=show&id=801969
KR2026090700019459,,,(주)금강주택 경력사원 채용,,(주)금강주택,건설·건축·토목·시공,강남구,https://www.busanjob.net/view.do?no=1308&pgMode=show&id=812086
KR2026090700031964,,,(주)다스코 사업관리팀 경력직 채용,,(주)다스코,기계·설비·자동차,강서구,https://www.busanjob.net/view.do?no=1308&pgMode=show&id=769217
KR2026090700026419,,,(주)단디코리아 슈퍼바이저(SV) 신입 / 경력 채용 모집(부산),,(주)단디코리아,외식업·식음료,해운대구,https://www.busanjob.net/view.do?no=1308&pgMode=show&id=800990
KR2026090700022130,,,(주)대성통신 전산업무 담당자를 찾고 있어요,,(주)대성통신,네트워크·통신·모바일,부산진구,https://www.busanjob.net/view.do?no=1308&pgMode=show&id=808268
KR2026090700025234,,,(주)대주레포츠 스크린골프장 오후반 정직원 모집,,(주)대주레포츠,레저·스포츠·여가,사상구,https://www.busanjob.net/view.do?no=1308&pgMode=show&id=803232
KR2026090700028757,,,(주)대한장례의전 장례지도사 채용 공고,,(주)대한장례의전,웨딩·장례·이벤트,해운대구,https://www.busanjob.net/view.do?no=1308&pgMode=show&id=794917
KR2026090700028784,,,(주)대한장례의전 장례지도사 채용 공고(부산/경남),,㈜대한장례의전,,해운대구,https://www.busanjob.net/view.do?no=1308&pgMode=show&id=794773
KR2026090700032079,,,(주)동신툴피아 영남지사(감전동) 재고관리 사원 채용공고,,(주)동신툴피아,유통·무역·상사,사상구,https://www.busanjob.net/view.do?no=1308&pgMode=show&id=765935
KR2026090700031788,,,"(주)두손 현장팀 직원 채용-충북,경기,부산",,(주)두손,실내·인테리어·조경,강서구,https://www.busanjob.net/view.do?no=1308&pgMode=show&id=774179
KR2026090700025368,,,(주)마케팅몬스터 마케팅 팀원 채용,,(주)마케팅몬스터,솔루션·SI·ERP·CRM,해운대구,https://www.busanjob.net/view.do?no=1308&pgMode=show&id=803021
KR2026090700021914,,,(주)보리에 테넌트MD 담당자 경력직채용[밀락더마켓],,(주)보리에,외식업·식음료,수영구,https://www.busanjob.net/view.do?no=1308&pgMode=show&id=808596
KR2026090700027337,,,"(주)본 CX팀 신입,경력 모집",,(주)본,쇼핑몰·오픈마켓,해운대구,https://www.busanjob.net/view.do?no=1308&pgMode=show&id=799188
KR2026090700032393,,,(주)본 커튼쇼핑몰 CX팀 신입 모집,,(주)본,쇼핑몰·오픈마켓,해운대구,https://www.busanjob.net/view.do?no=1308&pgMode=show&id=755395
KR2026090700032007,,,(주)본 커튼쇼핑몰 CX팀 팀원 모집,,(주)본,쇼핑몰·오픈마켓,해운대구,https://www.busanjob.net/view.do?no=1308&pgMode=show&id=768122
KR2026090700025367,,,(주)브이씨텍 신규공장  직무별 신입·경력 채용 공고,,(주)브이씨텍,전기·전자·제어,기장군,https://www.busanjob.net/view.do?no=1308&pgMode=show&id=803022
KR2026090700030052,,,(주)비엘코 포워딩 수출입 업무팀 채용(경력직),,(주)비엘코,운송·운수·물류,중구,https://www.busanjob.net/view.do?no=1308&pgMode=show&id=786960
KR2026090700032030,,,(주)비케이엠홀딩스 송도 스파 해수랑 시설부 경력 채용 공고,,(주)비케이엠홀딩스,뷰티·미용,서구,https://www.busanjob.net/view.do?no=1308&pgMode=show&id=767341
KR2026090700031737,,,(주)비케이엠홀딩스 송도 스파 해수랑 프론트 관리 채용,,(주)비케이엠홀딩스,뷰티·미용,서구,https://www.busanjob.net/view.do?no=1308&pgMode=show&id=775880
KR2026090700031951,,,(주)삼영기술 수자원부 경력(차장·부장급) 채용 공고,,(주)삼영기술,건설·건축·토목·시공,부산진구,https://www.busanjob.net/view.do?no=1308&pgMode=show&id=769680
KR2026090700034017,,,(주)세도캠핑 2026년 하반기 부문별 신입·경력사원 채용,,,,,https://www.busanjob.net/view.do?no=1310&pgMode=show&id=https://www.worldjob.or.kr/advnc/view.do?menuId=1000000014&dobType=1&joCrtfcNo=E20210713008&joCrtfcDsp=54&joCrtfcDspSn=1&rtnIp=183.103.55.151&dsptcKsco=&continent=&epmt61=
KR2026090700018571,,,"(주)세스코 서비스 어시스턴트(CSA) - 부산(사상구, 사하구, 진구)",,㈜세스코,제약·보건·바이오,강서구,https://www.jobkorea.co.kr/Recruit/GI_Read/49899214
KR2026090700032017,,,"(주)세종기술 2026하반기 인재채용 (CNC밀링, 선반 - 경력직)",,(주)세종기술,기계·설비·자동차,강서구,https://www.busanjob.net/view.do?no=1308&pgMode=show&id=767774
KR2026090700026921,,,(주)센텀 PSS학원에서 주말 데스크 선생님을 모십니다,,(주)피에스에스에듀센텀지점,학원·어학원,해운대구,https://www.busanjob.net/view.do?no=1308&pgMode=show&id=800029
KR2026090700018530,,,(주)시드니앤솔트 마린시티 레스토랑 홀 정직원 구합니다.,,(주)시드니앤솔트,외식업·식음료,해운대구,https://www.busanjob.net/view.do?no=1308&pgMode=show&id=813251
KR2026090700021635,,,(주)신대양 부산반입장 토양정화 현장직 채용 공고,,(주)신대양,환경·설비,사하구,https://www.busanjob.net/view.do?no=1308&pgMode=show&id=809002
KR2026090700022198,,,(주)아이비클럽 부산지점 수주관리 & 대리점 업무지원 채용,,아이비클럽부산지점,섬유·의류·패션,동구,https://www.busanjob.net/view.do?no=1308&pgMode=show&id=808175
KR2026090700032361,,,(주)아이비클럽 부산지점 수주관리 & 대리점 업무지원 채용,,아이비클럽,판매(상품품목별),동구,https://www.busanjob.net/view.do?no=1308&pgMode=show&id=756451
KR2026090700033114,,,(주)알에이아이엔티 온라인MD 채용의 건 [경력],,(주)알에이아이엔티,기타제조업,수영구,https://www.busanjob.net/view.do?no=1308&pgMode=show&id=733260
KR2026090700019343,,,(주)에스엠마린 코리아 - 외국 선원 교대 업무 담당 직원 모집,,(주)에스엠마린코리아,시설관리·경비·용역,강서구,https://www.busanjob.net/view.do?no=1308&pgMode=show&id=812241
KR2026090700033216,,,(주)엔케이 장애인 근로자 채용,,(주)엔케이,조선·항공·우주,강서구,https://www.busanjob.net/view.do?no=1308&pgMode=show&id=729696
KR2026090700017054,,,(주)엠이에스티 부품조달팀 경력사원 모집,,(주)엠이에스티,기계·설비·자동차,김해시,https://www.busanjob.net/view.do?no=1308&pgMode=show&id=815059
KR2026090700018812,,,(주)옥당산업 부산 연제구 현장채용직 모집,,㈜옥당산업,건물 및 구축물 해체 공사업,연제구,https://www.jobkorea.co.kr/Recruit/GI_Read/49899898
KR2026090700027245,,,(주)온부동산중개법인(부산 부동산 신입 및 경력 직원 모집),,(주)온부동산중개법인,부동산·임대·중개,해운대구,https://www.busanjob.net/view.do?no=1308&pgMode=show&id=799331
KR2026090700032581,,,(주)와이에스씨오토메이션 2026년 신입/경력 채용 공고,,(주)와이에스씨오토메이션,전기·전자·제어,해운대구,https://www.busanjob.net/view.do?no=1308&pgMode=show&id=749888
KR2026090700023450,,,(주)우연 수산업 정규직 채용합니다(경력무관),,(주)우연,농업·어업·광업·임업,사하구,https://www.busanjob.net/view.do?no=1308&pgMode=show&id=806262
KR2026090700020428,,,(주)윈윈앤코 포워딩& 해운대리점 & Cargo Broking 채용,,(주)윈윈앤코,운송·운수·물류,중구,https://www.busanjob.net/view.do?no=1308&pgMode=show&id=810736
KR2026090700029059,,,(주)윈윈앤코 해운대리점·Cargo Broking & 포워딩 채용해요,,㈜윈윈앤코,,중구,https://www.busanjob.net/view.do?no=1308&pgMode=show&id=793272
KR2026090700030330,,,(주)윈윈앤코와 해운대리점·Cargo Broking & 포워딩 채용해요,,(주)윈윈앤코,유통·무역·상사,중구,https://www.busanjob.net/view.do?no=1308&pgMode=show&id=785392
KR2026090700027301,,,(주)윈테크와 함께할 건설현장 공사과장을 모십니다,,(주)윈테크,건설·건축·토목·시공,기장군,https://www.busanjob.net/view.do?no=1308&pgMode=show&id=799246
KR2026090700031723,,,(주)유로티엠오토파트 - [재고 관리]부품사업부 신입 인재 채용,,(주)유로티엠오토파트,기계·설비·자동차,강서구,https://www.busanjob.net/view.do?no=1308&pgMode=show&id=776289
KR2026090700030763,,,(주)이엠텍 부산사업장 전장제어팀 경력직 채용,,(주)이엠텍,전기·전자·제어,해운대구,https://www.busanjob.net/view.do?no=1308&pgMode=show&id=782899
KR2026090700029911,,,(주)이지경남 부산지점 오퍼레이터 1명 모집,,㈜이지스아산지점,,동구,https://www.busanjob.net/view.do?no=1308&pgMode=show&id=787690
KR2026090700027810,,,(주)정공클리나브 관리부 신입 사원 모집,,(주)정공클리나브,기타제조업,사하구,https://www.busanjob.net/view.do?no=1308&pgMode=show&id=798178
KR2026090700016723,,,(주)제이앤컴퍼니 서무 직원 채용(사세확장),,(주)제이앤컴퍼니,부동산·임대·중개,금정구,https://www.busanjob.net/view.do?no=1308&pgMode=show&id=815455
KR2026090700030187,,,(주)천진엔지니어링 도시계획분야 신입 및 경력사원 모집[부산],,(주)천진엔지니어링,건설·건축·토목·시공,동래구,https://www.busanjob.net/view.do?no=1308&pgMode=show&id=786229
KR2026090700031953,,,(주)커뮤니스타에서 국제행사 운영 PM을 모집합니다.(부산),,(주)커뮤니스타,광고·홍보·전시,해운대구,https://www.busanjob.net/view.do?no=1308&pgMode=show&id=769453
KR2026090700126288,,,"(주)코웨이 홈케어 매트리스 케어서비스 담당자 모집 / 창원시,부산강서구",,코웨이㈜,,창원시,https://www.jobkorea.co.kr/Recruit/GI_Read/49917034
KR2026090700031707,,,(주)코웰메디 재생바이오공학팀 경력사원 채용,,(주)코웰메디,기타제조업,사상구,https://www.busanjob.net/view.do?no=1308&pgMode=show&id=776493
KR2026090700032879,,,(주)코웰메디 전산팀 경력사원 채용,,(주)코웰메디,기타제조업,강서구,https://www.busanjob.net/view.do?no=1308&pgMode=show&id=740234
KR2026090700032319,,,(주)코웰메디 표면처리팀 사원 모집,,(주)코웰메디,기타제조업,강서구,https://www.busanjob.net/view.do?no=1308&pgMode=show&id=757553
KR2026090700028467,,,(주)태웅에스엔티 미음지점 딥홀 장비 오퍼레이터를 모집해요,,(주)태웅에스엔티 녹산지점,기계·설비·자동차,강서구,https://www.busanjob.net/view.do?no=1308&pgMode=show&id=796324
KR2026090700024155,,,(주)푸드엔 대연점 수산팀 채용,,(주)푸드엔 대연지점,유통·무역·상사,남구,https://www.busanjob.net/view.do?no=1308&pgMode=show&id=805072
KR2026090700032371,,,(주)푸드엔 대연점 지원팀(주차안내 및 상차) 기간제 채용,,(주)푸드엔 대연지점,유통·무역·상사,남구,https://www.busanjob.net/view.do?no=1308&pgMode=show&id=756064
KR2026090700031902,,,(주)푸드엔 대연점 지원팀(캐셔) 채용,,(주)푸드엔 대연지점,유통·무역·상사,남구,https://www.busanjob.net/view.do?no=1308&pgMode=show&id=771143
KR2026090700029363,,,(주)푸드엔 동래점 농산팀 채용,,(주)푸드엔 동래점,판매(매장종류별),동래구,https://www.busanjob.net/view.do?no=1308&pgMode=show&id=791256
KR2026090700030503,,,(주)푸드엔 반여시장점 캐셔 채용,,(주)푸드엔 반여시장점,유통·무역·상사,해운대구,https://www.busanjob.net/view.do?no=1308&pgMode=show&id=784331
KR2026090700032034,,,(주)푸드엔 본사 CS팀 채용,,(주)푸드엔,유통·무역·상사,남구,https://www.busanjob.net/view.do?no=1308&pgMode=show&id=767275
KR2026090700032168,,,(주)푸드엔 본사 상품운영팀(디자인) 채용,,(주)푸드엔,유통·무역·상사,남구,https://www.busanjob.net/view.do?no=1308&pgMode=show&id=762446
KR2026090700031869,,,"(주)푸드엔 안락점 지원팀(주차관리,고객서비스) 채용",,(주)푸드엔 안락점,판매(매장종류별),동래구,https://www.busanjob.net/view.do?no=1308&pgMode=show&id=772163
KR2026090700031891,,,(주)푸드엔 엄궁점 운영팀 채용,,(주)푸드엔 엄궁점,판매(매장종류별),사상구,https://www.busanjob.net/view.do?no=1308&pgMode=show&id=771340
KR2026090700030029,,,(주)푸드엔 엄궁점 지원팀(상차) 채용,,(주)푸드엔 엄궁점,판매(매장종류별),사상구,https://www.busanjob.net/view.do?no=1308&pgMode=show&id=787072
KR2026090700032201,,,(주)피티엘 수출입 컨테이너 배차직원모집(한익스프레스 자회사,,(주)피티엘,운송·운수·물류,중구,https://www.busanjob.net/view.do?no=1308&pgMode=show&id=761451
KR2026090700031806,,,(주)하이파킹 주차장 사업소관리(영남지역) 신입/경력채용,,주식회사 하이파킹,시설관리·경비·용역,동구,https://www.busanjob.net/view.do?no=1308&pgMode=show&id=773679
KR2026090700025888,,,(주)한국유화 기술팀 신입사원 채용,,(주)한국유화,기타제조업,강서구,https://www.busanjob.net/view.do?no=1308&pgMode=show&id=801999
KR2026090700026845,,,"(주)한국코스코 현장 직원 채용 공고 (정규직, 신입사원)",,(주)한국코스코,조선·항공·우주,영도구,https://www.busanjob.net/view.do?no=1308&pgMode=show&id=800153
KR2026090700033321,,,(주)한국특강  압연/롤샵/출하 신입사원 채용 (녹산공장),,(주)한국특강,금속·재료·철강·요업,강서구,https://www.busanjob.net/view.do?no=1308&pgMode=show&id=726760
KR2026090700029573,,,(주)한국특수스틸 부산지사 신입사원 모집,,(주)한국특수스틸,유통·무역·상사,사상구,https://www.busanjob.net/view.do?no=1308&pgMode=show&id=790086
KR2026090700021675,,,(주)한샘리하우스공간사랑대리점 인테리어 현장팀,,(주)한샘리하우스공간사랑대리점,실내·인테리어·조경,금정구,https://www.busanjob.net/view.do?no=1308&pgMode=show&id=808950
KR2026090700032612,,,"(주)한익스프레스 배차관리 담당 모집 (경력 2년, 근무지 부산)",,(주)한익스프레스,운송·운수·물류,중구,https://www.busanjob.net/view.do?no=1308&pgMode=show&id=749302
KR2026090700023632,,,(주)해신솔루션 A/S 직원 정규직 채용,,(주)해신솔루션,전기·전자·제어,서구,https://www.busanjob.net/view.do?no=1308&pgMode=show&id=805983
KR2026090700022875,,,(주)협운인터내셔날 부산 SWIRE SHIPPING 수입(경력)담당자 채용,,(주)협운인터내셔날,운송·운수·물류,동구,https://www.busanjob.net/view.do?no=1308&pgMode=show&id=807175
KR2026090700018532,,,(주)홍리물산 현장 관리자(외근직) 인원 모집,,(주)홍리물산,유통·무역·상사,서구,https://www.busanjob.net/view.do?no=1308&pgMode=show&id=813249
KR2026090700025218,,,(주6일)여성비뇨기과 접수 수납 데스크 선생님 모집합니다.,,부산여성비뇨의학과의원,의료(병원종류별),부산진구,https://www.busanjob.net/view.do?no=1308&pgMode=show&id=803255
KR2026090700024807,,,(현대.기아 협력사) 너트 도금 제품 선별 업무-주/야 2교대,,비제이테크,기계·설비·자동차,사하구,https://www.busanjob.net/view.do?no=1308&pgMode=show&id=804012
KR2026090700031944,,,"(황삭작업)CNC 대형 수평선반 조작원 모집(주,야 교대)",,(주)태웅에스엔티 녹산지점,금속·재료·철강·요업,강서구,https://www.busanjob.net/view.do?no=1308&pgMode=show&id=769886
KR2026090700031810,,,- 골프장 프론트 및 예약실 직원 모집,,다이아몬드컨트리클럽(주),레저·스포츠·여가,양산시,https://www.busanjob.net/view.do?no=1308&pgMode=show&id=773653
KR2026090700025435,,,1종 재물 및  배상책임(대인중심) 경력 조사직 채용 (부산지역),,하나로손해사정㈜,,연제구,https://www.busanjob.net/view.do?no=1308&pgMode=show&id=802879
KR2026090700026131,,,2&4 stroke field service en...,,(주)디파인,선박 구성 부분품 제조업,강서구,https://www.busanjob.net/view.do?no=1308&pgMode=show&id=801577
KR2026090700015603,,,2026 Booking the bay(부킹더베이)...,,주식회사 베케이션에브리데이,야영장업,동구,https://www.busanjob.net/view.do?no=1308&pgMode=show&id=816735
KR2026090700021684,,,2026 구찌코리아 신입/경력 공개 채용,,구찌코리아(유),,,https://www.busanjob.net/view.do?no=1308&pgMode=show&id=808938
KR2026090700016294,,,2026년 (주)탐케어코리아 - 관리부 직원 모집,,(주)탐케어코리아,의료(진료과목별),기장군,https://www.busanjob.net/view.do?no=1308&pgMode=show&id=815955
KR2026090700033600,,,2026년 2차 그린레일웨이관리 기간제근로자 모집 공고,,해운대구청,,해운대구,https://www.busanjob.net/view.do?no=1309&pgMode=show&id=288389
KR2026090700033601,,,2026년 2차 녹직관리 기간제근로자 모집 공고,,해운대구청,,해운대구,https://www.busanjob.net/view.do?no=1309&pgMode=show&id=288388
KR2026090700016787,,,2026년 4분기 슈망 발주관리팀 정직원 채용,,(주)제이케이컴퍼니,쇼핑몰·오픈마켓,강서구,https://www.busanjob.net/view.do?no=1308&pgMode=show&id=815387
KR2026090700015421,,,2026년 DN서비스 신입/경력사원 공개채용,,(주)디엔서비스,기계·설비·자동차,수원시,https://www.busanjob.net/view.do?no=1308&pgMode=show&id=816954
KR2026090700022622,,,2026년 KT 대졸신입 채용,,㈜케이티,,,https://www.busanjob.net/view.do?no=1308&pgMode=show&id=807555
KR2026090700033609,,,"2026년 가을철 ~ 2027년 봄철 산불기간제근로자(산불감시원, 산불전문예방진화대) 채용 공고",,부산광역시 북구청,,북구,https://www.busanjob.net/view.do?no=1309&pgMode=show&id=288373
KR2026090700033610,,,2026년 가을철 ~ 2027년 봄철 산불기간제근로자(산불모니터링 요원) 채용 공고,,부산광역시 북구청,,북구,https://www.busanjob.net/view.do?no=1309&pgMode=show&id=288372
KR2026090700031867,,,2026년 공개채용 모집공고,,에이치엘비에너지(주),환경,사하구,https://www.busanjob.net/view.do?no=1308&pgMode=show&id=772180
KR2026090700025659,,,2026년 부문별 신입 및 경력자 채용,,오디오겔러리,,해운대구,https://www.busanjob.net/view.do?no=1308&pgMode=show&id=802440
KR2026090700032980,,,2026년 상반기 경력 사원 모집 공고(배차),,에이치엔엘트랜스(주),운송·운수·물류,동구,https://www.busanjob.net/view.do?no=1308&pgMode=show&id=737340
KR2026090700018756,,,2026년 신입 및 경력 채용,,디알텍,,,https://www.busanjob.net/view.do?no=1308&pgMode=show&id=812985
KR2026090700022763,,,2026년 울산과학기술원 제3차 직원 채용공고,,울산과학기술원,초중고·대학,대구,https://www.busanjob.net/view.do?no=1308&pgMode=show&id=807344
KR2026090700017095,,,2026년 직원 채용공고,,주식회사 녹산그린에너지,석유·화학·에너지,강서구,https://www.busanjob.net/view.do?no=1308&pgMode=show&id=815016
KR2026090700030413,,,2026년 천지건설산업(주) 안전보건팀 본사/현장 경력사원 모집,,천지건설산업(주),건설·건축·토목·시공,동구,https://www.busanjob.net/view.do?no=1308&pgMode=show&id=784899
KR2026090700030212,,,2026년 캠아이티(주) 양산본사 임직원 상시채용,,캠아이티(주),기타제조업,양산시,https://www.busanjob.net/view.do?no=1308&pgMode=show&id=786124
KR2026090700027899,,,2026년 하반기 KT&G  신입/경력사원 채용,,㈜케이티앤지,,,https://www.busanjob.net/view.do?no=1308&pgMode=show&id=798033
KR2026090700028779,,,2026년 하반기 경공매 컨설턴트 및 공인중개사 정기 모집,,(주)조은인연법률경매,부동산·임대·중개,연제구,https://www.busanjob.net/view.do?no=1308&pgMode=show&id=794797
KR2026090700000148,,,2026년 하반기 세보엠이씨/에스비테크 신입/경력사원 정규직 공개채용,,(주)세보엠이씨,기타제조업,서울특별시,https://www.worker.co.kr/job/view.asp?jobid=all&no=1412425
KR2026090700025480,,,2026년 하반기 신입 및 경력 사원 공개채용,,에스지솔루션(주),기계·설비·자동차,강서구,https://www.busanjob.net/view.do?no=1308&pgMode=show&id=802759
KR2026090700017998,,,2026년 하반기 신입사원 채용,,한화오션(주),조선·항공·우주,중구,https://www.busanjob.net/view.do?no=1308&pgMode=show&id=813899
KR2026090700033645,,,2026년 하반기 체험형 청년인턴(장애인 전형) 모집,,대한무역투자진흥공사,,,https://www.busanjob.net/view.do?no=1309&pgMode=show&id=287940
KR2026090700017562,,,2026년 현대해상 하반기 경력직 채용,,현대해상화재보험㈜,,,https://www.busanjob.net/view.do?no=1308&pgMode=show&id=814430
KR2026090700032548,,,2026년도 (주)세명시스템 디지털튜터 채용 공,,(주)세명시스템,하드웨어·장비,연제구,https://www.busanjob.net/view.do?no=1308&pgMode=show&id=751140
KR2026090700025996,,,2026제이앤 벨르스튜디오 메이크업(MAKE-UP) 직원을 모집합니다,,제이앤엠(주),웨딩·장례·이벤트,해운대구,https://www.busanjob.net/view.do?no=1308&pgMode=show&id=801834
KR2026090700019158,,,2027 미국 J-1 글로벌 커리어 프로그램   참가자 모집,,스타에듀,,,https://www.busanjob.net/view.do?no=1308&pgMode=show&id=812471
KR2026090700019906,,,26년 하반기 부서별 신입/경력사원 채용,,카이엠(주),기계·설비·자동차,기장군,https://www.busanjob.net/view.do?no=1308&pgMode=show&id=811489
KR2026090700015145,,,26년 하반기 신입/경력 사원 모집,,한국뉴매틱(주),기타제조업,구로구,https://www.busanjob.net/view.do?no=1308&pgMode=show&id=817243
KR2026090700023928,,,3X-Large coffee 경동오토필드점 직원 채용합니다.,,주식회사 정명,외식업·식음료,기장군,https://www.busanjob.net/view.do?no=1308&pgMode=show&id=805466
KR2026090700029547,,,3X-Large coffee 해운대 장산역점 직원 채용합니다.,,주식회사 정명,외식업·식음료,해운대구,https://www.busanjob.net/view.do?no=1308&pgMode=show&id=790210
KR2026090700031503,,,3d 스케치업부분을 담당 직원을 모집합니다~,,(주)디엔엠15,실내·인테리어·조경,해운대구,https://www.busanjob.net/view.do?no=1308&pgMode=show&id=778236
KR2026090700027266,,,3~6세 퍼포먼스미술,,레드펭귄학원,학원·어학원,부산진구,https://www.busanjob.net/view.do?no=1308&pgMode=show&id=799305
KR2026090700018383,,,ACC(AIR COOLED CONDENSER) 현장 공사감독 계약직 채용,,㈜ 에어로피에치이,,기장군,https://www.busanjob.net/view.do?no=1308&pgMode=show&id=813420
KR2026090700034124,,,AIR SEA WORLDWIDE 홍콩 본사 commercial team 소속 (상해 지사 근무) 경력직 직원 채용,,,,,https://www.busanjob.net/view.do?no=1310&pgMode=show&id=https://www.worldjob.or.kr/advnc/view.do?menuId=1000000014&dobType=1&joCrtfcNo=E20250918006&joCrtfcDsp=4&joCrtfcDspSn=1&rtnIp=183.103.55.151&dsptcKsco=&continent=&epmt61=
KR2026090700034198,,,Application & Database Support Analyst,,,,,https://www.busanjob.net/view.do?no=1310&pgMode=show&id=https://www.worldjob.or.kr/advnc/view.do?menuId=1000000014&dobType=1&joCrtfcNo=E20260508008&joCrtfcDsp=2&joCrtfcDspSn=1&rtnIp=183.103.55.151&dsptcKsco=&continent=&epmt61=
KR2026090700028039,,,"BCT 이동장비(R/S,E/H) 경력자 구합니다.(장풍솔루션)",,(주)장풍솔루션,시설관리·경비·용역,강서구,https://www.busanjob.net/view.do?no=1308&pgMode=show&id=797714
KR2026090700033810,,,BNX SHIPPING INDIA 채용공고,,,,,https://www.busanjob.net/view.do?no=1310&pgMode=show&id=https://www.worldjob.or.kr/advnc/view.do?menuId=1000000014&dobType=1&joCrtfcNo=E20260818010&joCrtfcDsp=1&joCrtfcDspSn=1&rtnIp=183.103.55.151&dsptcKsco=&continent=&epmt61=
KR2026090700033825,,,BNX SHIPPING JAPAN 채용공고,,,,,https://www.busanjob.net/view.do?no=1310&pgMode=show&id=https://www.worldjob.or.kr/advnc/view.do?menuId=1000000014&dobType=1&joCrtfcNo=E20260818015&joCrtfcDsp=1&joCrtfcDspSn=1&rtnIp=183.103.55.151&dsptcKsco=&continent=&epmt61=
KR2026090700034118,,,C&N VINA 현장 총괄 채용,,,,,https://www.busanjob.net/view.do?no=1310&pgMode=show&id=https://www.worldjob.or.kr/advnc/view.do?menuId=1000000014&dobType=1&joCrtfcNo=E20260120013&joCrtfcDsp=6&joCrtfcDspSn=1&rtnIp=183.103.55.151&dsptcKsco=&continent=&epmt61=
KR2026090700034090,,,CA 소재 여성 의류 업체에서 디자인 팀 채용,,,,,https://www.busanjob.net/view.do?no=1310&pgMode=show&id=https://www.worldjob.or.kr/advnc/view.do?menuId=1000000014&dobType=1&joCrtfcNo=E20250708004&joCrtfcDsp=6&joCrtfcDspSn=1&rtnIp=183.103.55.151&dsptcKsco=&continent=&epmt61=
KR2026090700033671,,,CA 소재 여성 패션 기업에서 패션 프로덕션 채용,,,,,https://www.busanjob.net/view.do?no=1310&pgMode=show&id=https://www.worldjob.or.kr/advnc/view.do?menuId=1000000014&dobType=1&joCrtfcNo=E20260708011&joCrtfcDsp=1&joCrtfcDspSn=1&rtnIp=183.103.55.151&dsptcKsco=&continent=&epmt61=
KR2026090700033677,,,CA 소재 여성의류 전문 패션 기업에서 패션 스타일리스트 채용,,,,,https://www.busanjob.net/view.do?no=1310&pgMode=show&id=https://www.worldjob.or.kr/advnc/view.do?menuId=1000000014&dobType=1&joCrtfcNo=E20250305031&joCrtfcDsp=11&joCrtfcDspSn=1&rtnIp=183.103.55.151&dsptcKsco=&continent=&epmt61=
KR2026090700033764,,,CA 소재 여성의류 패션 전문 기업에서 디자인 파트 채용,,,,,https://www.busanjob.net/view.do?no=1310&pgMode=show&id=https://www.worldjob.or.kr/advnc/view.do?menuId=1000000014&dobType=1&joCrtfcNo=E20240830011&joCrtfcDsp=12&joCrtfcDspSn=1&rtnIp=183.103.55.151&dsptcKsco=&continent=&epmt61=
KR2026090700033976,,,"CHENNAI, INDIA] 한국인 건설 현장 관리자를 모십니다",,,,,https://www.busanjob.net/view.do?no=1310&pgMode=show&id=https://www.worldjob.or.kr/advnc/view.do?menuId=1000000014&dobType=1&joCrtfcNo=E20260831010&joCrtfcDsp=1&joCrtfcDspSn=1&rtnIp=183.103.55.151&dsptcKsco=&continent=&epmt61=
KR2026090700033255,,,"CNC 대형 수평 선반 조작원 모집(주,야 교대근무)",,(주)태웅에스엔티 녹산지점,금속·재료·철강·요업,강서구,https://www.busanjob.net/view.do?no=1308&pgMode=show&id=728366
KR2026090700019854,,,CNC 밀링기/선반/MCT 조작원 모집,,영광산업사,기계·설비·자동차,강서구,https://www.busanjob.net/view.do?no=1308&pgMode=show&id=811554
KR2026090700142657,,,CNC 선반 경력자 모집합니다 (경력사원 5년이상...,,동진정공,금속·재료·자재,사상구,https://www.jobkorea.co.kr/Recruit/GI_Read/5540744/Ext?siteCode=WN&sc=
KR2026090700029182,,,CNC 선반 조작원 구함,,(주)부경정밀,그 외 기타 금속가공업,사상구,https://www.busanjob.net/view.do?no=1308&pgMode=show&id=792523
KR2026090700031424,,,CNC 선반 조작원(NC선반 조작원),,주식회사 제이모션텍,그 외 자동차용 신품 부품 제조업,강서구,https://www.busanjob.net/view.do?no=1308&pgMode=show&id=778679
KR2026090700017394,,,CNC 오퍼레이터 경력사원 모집,,우주가스팩공업(주),조선·항공·우주,남구,https://www.busanjob.net/view.do?no=1308&pgMode=show&id=814629
KR2026090700022620,,,CNC 오퍼레이터(화낙),,INNO정밀,,강서구,https://www.busanjob.net/view.do?no=1308&pgMode=show&id=807558
KR2026090700027755,,,"CNC선반(NC 선반)조작원 사원모집 (신입, 경력)",,신우,기타제조업,강서구,https://www.busanjob.net/view.do?no=1308&pgMode=show&id=798271
KR2026090700022530,,,CNC오퍼레이터(화낙),,이노정밀,기타제조업,강서구,https://www.busanjob.net/view.do?no=1308&pgMode=show&id=807691
KR2026090700001554,,,Clinical Application Specialist부산·울산·경남,,주식회사 에이아이트릭스,,,https://job.nurscape.net/Jobs/Details/596503
KR2026090700021059,,,DB손해보험 신사옥 입주기념 특별 채용(초보도 OK),,DB손해보험(주),증권·보험·카드,부산진구,https://www.busanjob.net/view.do?no=1308&pgMode=show&id=809875
KR2026090700027826,,,Document Controller 경력사원 채용(계약직),,시도상선(주),운송·운수·물류,부산진구,https://www.busanjob.net/view.do?no=1308&pgMode=show&id=798153
KR2026090700021888,,,F&B 쌈보보쌈 해운대점 홀 서비스 직원 모집,,쌈보보쌈 해운대점,외식업·식음료,해운대구,https://www.busanjob.net/view.do?no=1308&pgMode=show&id=808633
KR2026090700030500,,,F&B사업본부 Operation팀,,한일후지코리아(주),운송·운수·물류,강서구,https://www.busanjob.net/view.do?no=1308&pgMode=show&id=784345
KR2026090700030180,,,GA [AFG]어센틱 부산 TM 서면 센터 추가모집,,(주)어센틱금융그룹,증권·보험·카드,부산진구,https://www.busanjob.net/view.do?no=1308&pgMode=show&id=786275
KR2026090700034103,,,GA 소재 패션 브랜드 운영 기업에서 Accounting Assistant 채용,,,,,https://www.busanjob.net/view.do?no=1310&pgMode=show&id=https://www.worldjob.or.kr/advnc/view.do?menuId=1000000014&dobType=1&joCrtfcNo=E20260317010&joCrtfcDsp=4&joCrtfcDspSn=1&rtnIp=183.103.55.151&dsptcKsco=&continent=&epmt61=
KR2026090700033915,,,GA 소재 패션 브랜드 운영 기업에서 Merchandising Assistant 채용,,,,,https://www.busanjob.net/view.do?no=1310&pgMode=show&id=https://www.worldjob.or.kr/advnc/view.do?menuId=1000000014&dobType=1&joCrtfcNo=E20260317010&joCrtfcDsp=3&joCrtfcDspSn=1&rtnIp=183.103.55.151&dsptcKsco=&continent=&epmt61=
KR2026090700030000,,,GA/AFG어센틱/유연근무제/편한출퇴근/넘치는DB,,(주)어센틱금융그룹,증권·보험·카드,부산진구,https://www.busanjob.net/view.do?no=1308&pgMode=show&id=787217
KR2026090700029583,,,H&T손사 롯데손해보험 사고접수 신입/경력 팀원 채용(부산),,에이치앤티손해사정(주),증권·보험·카드,동래구,https://www.busanjob.net/view.do?no=1308&pgMode=show&id=790033
KR2026090700034196,,,Hair stylist 를 모집합니다,,,,,https://www.busanjob.net/view.do?no=1310&pgMode=show&id=https://www.worldjob.or.kr/advnc/view.do?menuId=1000000014&dobType=1&joCrtfcNo=E20260818016&joCrtfcDsp=1&joCrtfcDspSn=1&rtnIp=183.103.55.151&dsptcKsco=&continent=&epmt61=
KR2026090700033244,,,IT 담당자(경력) 직원 채용,,프레스티지바이오파마아이디씨(주),제약·보건·바이오,강서구,https://www.busanjob.net/view.do?no=1308&pgMode=show&id=728859
KR2026090700022870,,,KNN 타워 데스크 안내원 모집합니다,,(주)케이엔엔디앤씨,시설관리·경비·용역,해운대구,https://www.busanjob.net/view.do?no=1308&pgMode=show&id=807182
KR2026090700025615,,,KT 도매대리점 전산개통직 신입&경력사원 모집,,(주)에이딘,판매(상품품목별),금정구,https://www.busanjob.net/view.do?no=1308&pgMode=show&id=802517
KR2026090700028471,,,KT 협력사 / 통신공사 치국협의 및 현장실사 계약서 사원 모집,,(주)베가통신,네트워크·통신·모바일,강서구,https://www.busanjob.net/view.do?no=1308&pgMode=show&id=796312
KR2026090700018648,,,KT플라자 정규직 직원모집,,(주)케이티엠앤에스,네트워크·통신·모바일,금정구,https://www.busanjob.net/view.do?no=1308&pgMode=show&id=813111
KR2026090700033676,,,LA 소재 가방 전문 브랜드 운영 기업에서 Graphic design/Marketing 채용,,,,,https://www.busanjob.net/view.do?no=1310&pgMode=show&id=https://www.worldjob.or.kr/advnc/view.do?menuId=1000000014&dobType=1&joCrtfcNo=E20260709019&joCrtfcDsp=1&joCrtfcDspSn=1&rtnIp=183.103.55.151&dsptcKsco=&continent=&epmt61=
KR2026090700033898,,,LA 여성 패션 기업에서 Production assistant 채용,,,,,https://www.busanjob.net/view.do?no=1310&pgMode=show&id=https://www.worldjob.or.kr/advnc/view.do?menuId=1000000014&dobType=1&joCrtfcNo=E20260529006&joCrtfcDsp=3&joCrtfcDspSn=1&rtnIp=183.103.55.151&dsptcKsco=&continent=&epmt61=
KR2026090700034091,,,LA 여성 패션 기업에서 Production assistant 채용,,,,,https://www.busanjob.net/view.do?no=1310&pgMode=show&id=https://www.worldjob.or.kr/advnc/view.do?menuId=1000000014&dobType=1&joCrtfcNo=E20260529006&joCrtfcDsp=4&joCrtfcDspSn=1&rtnIp=183.103.55.151&dsptcKsco=&continent=&epmt61=
KR2026090700034120,,,LA 여성의류 패션 기업에서 Fashion Design 파트 채용,,,,,https://www.busanjob.net/view.do?no=1310&pgMode=show&id=https://www.worldjob.or.kr/advnc/view.do?menuId=1000000014&dobType=1&joCrtfcNo=E20260713010&joCrtfcDsp=3&joCrtfcDspSn=1&rtnIp=183.103.55.151&dsptcKsco=&continent=&epmt61=
KR2026090700033755,,,LA 여성의류 패션 기업에서 패션 디자인 & 프로덕션 채용,,,,,https://www.busanjob.net/view.do?no=1310&pgMode=show&id=https://www.worldjob.or.kr/advnc/view.do?menuId=1000000014&dobType=1&joCrtfcNo=E20260713010&joCrtfcDsp=1&joCrtfcDspSn=1&rtnIp=183.103.55.151&dsptcKsco=&continent=&epmt61=
KR2026090700033972,,,LA 여성의류 패션 기업에서 패션 디자인 & 프로덕션 채용,,,,,https://www.busanjob.net/view.do?no=1310&pgMode=show&id=https://www.worldjob.or.kr/advnc/view.do?menuId=1000000014&dobType=1&joCrtfcNo=E20260713010&joCrtfcDsp=2&joCrtfcDspSn=1&rtnIp=183.103.55.151&dsptcKsco=&continent=&epmt61=
KR2026090700031739,,,LEDAS 국제사업부 (영어 담당),,김병준 레다스 흉부외과,의료(진료과목별),부산진구,https://www.busanjob.net/view.do?no=1308&pgMode=show&id=775864
KR2026090700034048,,,"LG CNS 인도법인 한국인 현채인 구인공고(1명, IT)",,,,,https://www.busanjob.net/view.do?no=1310&pgMode=show&id=https://www.worldjob.or.kr/advnc/view.do?menuId=1000000014&dobType=1&joCrtfcNo=E20260730016&joCrtfcDsp=1&joCrtfcDspSn=1&rtnIp=183.103.55.151&dsptcKsco=&continent=&epmt61=
KR2026090700034045,,,LG Electronics Algeria HS(Home appliance solution) APM/DP 구인,,,,,https://www.busanjob.net/view.do?no=1310&pgMode=show&id=https://www.worldjob.or.kr/advnc/view.do?menuId=1000000014&dobType=1&joCrtfcNo=E20250521016&joCrtfcDsp=2&joCrtfcDspSn=1&rtnIp=183.103.55.151&dsptcKsco=&continent=&epmt61=
KR2026090700033908,,,LOS ANGELES 여성 의류 패션 기업에서 Design & Production 채용,,,,,https://www.busanjob.net/view.do?no=1310&pgMode=show&id=https://www.worldjob.or.kr/advnc/view.do?menuId=1000000014&dobType=1&joCrtfcNo=E20260318007&joCrtfcDsp=2&joCrtfcDspSn=1&rtnIp=183.103.55.151&dsptcKsco=&continent=&epmt61=
KR2026090700034087,,,LOS ANGELES 여성 의류 패션 기업에서 Design & Production 채용,,,,,https://www.busanjob.net/view.do?no=1310&pgMode=show&id=https://www.worldjob.or.kr/advnc/view.do?menuId=1000000014&dobType=1&joCrtfcNo=E20260318007&joCrtfcDsp=3&joCrtfcDspSn=1&rtnIp=183.103.55.151&dsptcKsco=&continent=&epmt61=
KR2026090700033979,,,"LX판토스 독일법인 해운운영 담당자 (현지채용, 독일근무)",,,,,https://www.busanjob.net/view.do?no=1310&pgMode=show&id=https://www.worldjob.or.kr/advnc/view.do?menuId=1000000014&dobType=1&joCrtfcNo=E20260902001&joCrtfcDsp=1&joCrtfcDspSn=1&rtnIp=183.103.55.151&dsptcKsco=&continent=&epmt61=
KR2026090700033919,,,Los Angeles 여성 의류 패션 기업에서 Fashion designer 채용,,,,,https://www.busanjob.net/view.do?no=1310&pgMode=show&id=https://www.worldjob.or.kr/advnc/view.do?menuId=1000000014&dobType=1&joCrtfcNo=E20260428006&joCrtfcDsp=3&joCrtfcDspSn=1&rtnIp=183.103.55.151&dsptcKsco=&continent=&epmt61=
KR2026090700022473,,,MCT 오퍼레이터 채용,,동인하이텍(주),기타제조업,강서구,https://www.busanjob.net/view.do?no=1308&pgMode=show&id=807765
KR2026090700028761,,,MCT 조작원 신입 사원 모집,,(주)달성정밀,기계·설비·자동차,사상구,https://www.busanjob.net/view.do?no=1308&pgMode=show&id=794901
KR2026090700033912,,,Monday Hotel 프론트 STAFF 채용합니다 (도쿄),,,,,https://www.busanjob.net/view.do?no=1310&pgMode=show&id=https://www.worldjob.or.kr/advnc/view.do?menuId=1000000014&dobType=1&joCrtfcNo=E20260828001&joCrtfcDsp=1&joCrtfcDspSn=1&rtnIp=183.103.55.151&dsptcKsco=&continent=&epmt61=
KR2026090700033916,,,New York 파인다이닝 레스토랑에서 Savory line cook 등 채용,,,,,https://www.busanjob.net/view.do?no=1310&pgMode=show&id=https://www.worldjob.or.kr/advnc/view.do?menuId=1000000014&dobType=1&joCrtfcNo=E20260622005&joCrtfcDsp=2&joCrtfcDspSn=1&rtnIp=183.103.55.151&dsptcKsco=&continent=&epmt61=
KR2026090700031492,,,SBS 아카데미 뷰티스쿨 서면 인포메이션 채용공고,,SBS아카데미뷰티스쿨,전문·기능학원,부산진구,https://www.busanjob.net/view.do?no=1308&pgMode=show&id=778282
KR2026090700029614,,,SBS달인 타쿠노 일식쉐프 보조 구인,,㈜그랑메종티제이,,해운대구,https://www.busanjob.net/view.do?no=1308&pgMode=show&id=789822
KR2026090700029606,,,SEA LIFE 부산 아쿠아리움 아쿠아리스트 직원 모집,,멀린엔터테인먼트코리아 주식회사,,해운대구,https://www.busanjob.net/view.do?no=1308&pgMode=show&id=789849
KR2026090700032098,,,SEALIFE 부산아쿠아리움 아쿠아리스트 모집,,멀린엔터테인먼트코리아(주),레저·스포츠·여가,해운대구,https://www.busanjob.net/view.do?no=1308&pgMode=show&id=765272
KR2026090700033998,,,STL JAPAN_풀필먼트 운영담당,,,,,https://www.busanjob.net/view.do?no=1310&pgMode=show&id=https://www.worldjob.or.kr/advnc/view.do?menuId=1000000014&dobType=1&joCrtfcNo=E20260521010&joCrtfcDsp=5&joCrtfcDspSn=1&rtnIp=183.103.55.151&dsptcKsco=&continent=&epmt61=
KR2026090700101496,,,"Sales Account Executive  부산, 경남권 담당",,한국퓨전트레이드㈜,,강남구,https://www.jobkorea.co.kr/Recruit/GI_Read/49862063
KR2026090700024526,,,TANNAT(타낫) 여성 의류 브랜드 신세계 센텀점 신입/경력직 정규직 채용,,㈜티앤티컴퍼니,,해운대구,https://www.busanjob.net/view.do?no=1308&pgMode=show&id=804454
KR2026090700023757,,,TM아웃바운드 (기업고객 유치 및 관리업무),,비자비네트웍스,,진구,https://www.busanjob.net/view.do?no=1308&pgMode=show&id=805781
KR2026090700033766,,,TX 소재 electronic manufacturing 업체에서 Production quality assurance 채용,,,,,https://www.busanjob.net/view.do?no=1310&pgMode=show&id=https://www.worldjob.or.kr/advnc/view.do?menuId=1000000014&dobType=1&joCrtfcNo=E20241206011&joCrtfcDsp=10&joCrtfcDspSn=1&rtnIp=183.103.55.151&dsptcKsco=&continent=&epmt61=
KR2026090700019233,,,Tesla Korea 2026 대규모 공개 채용,,테슬라코리아,,,https://www.busanjob.net/view.do?no=1308&pgMode=show&id=812370
KR2026090700034192,,,Urban Outfitters 등 미국 메이저 패션리테일러 협력 여성의류업체 FASHION DESIGNER 채용,,,,,https://www.busanjob.net/view.do?no=1310&pgMode=show&id=https://www.worldjob.or.kr/advnc/view.do?menuId=1000000014&dobType=1&joCrtfcNo=E20260902010&joCrtfcDsp=1&joCrtfcDspSn=1&rtnIp=183.103.55.151&dsptcKsco=&continent=&epmt61=
KR2026090700033521,,,VOC관리/데이터검증 신입·경력 채용,,(주)랩오투원,솔루션·SI·ERP·CRM,중구,https://www.busanjob.net/view.do?no=1308&pgMode=show&id=716413
KR2026090700034190,,,Young contemporary 여성복 패션 기업에서 Visual Contents Creator 채용(중식 제공),,,,,https://www.busanjob.net/view.do?no=1310&pgMode=show&id=https://www.worldjob.or.kr/advnc/view.do?menuId=1000000014&dobType=1&joCrtfcNo=E20260901009&joCrtfcDsp=1&joCrtfcDspSn=1&rtnIp=183.103.55.151&dsptcKsco=&continent=&epmt61=
KR2026090700032788,,,[ timeless ] 2D 애니메이터 모집,,(주)타임리스,캐릭터·애니메이션,해운대구,https://www.busanjob.net/view.do?no=1308&pgMode=show&id=743022
KR2026090700029938,,,[ 구포점 ] 탑마트 수산코너 직원 채용정보,,(주)서원유통탑마트구포점,음ㆍ식료품 위주 종합 소매업,북구,https://www.busanjob.net/view.do?no=1308&pgMode=show&id=787593
KR2026090700025319,,,[ 오후 1:30-6:30 ] EIE 어학원 온라인실(랩실) 선생님 모십니다,,아이이(EIE)고려대학교국제어학원,학원·어학원,강서구,https://www.busanjob.net/view.do?no=1308&pgMode=show&id=803104
KR2026090700019173,,,[ 헤이딜러 ] 2026 대규모 채용,,㈜피알앤디테크베이,,,https://www.busanjob.net/view.do?no=1308&pgMode=show&id=812449
KR2026090700161347,,,[(주)고암] 일성빌딩 주차요원 공개채용,,(주)고암,,사하구,https://job.career.co.kr/recruit/view/22063211
KR2026090700030834,,,[(주)그루빅건설][부산] 현장 공사 직원 모집합니다.,,(주)그루빅건설,건설·건축·토목·시공,강서구,https://www.busanjob.net/view.do?no=1308&pgMode=show&id=782540
KR2026090700019064,,,[(주)메디칼써프라이] 의료기기 거래처 납품 직원 모집,,(주)메디칼써프라이,의료(진료과목별),해운대구,https://www.busanjob.net/view.do?no=1308&pgMode=show&id=812596
KR2026090700021566,,,[(주)케이티아이] 러시아사업부 수산팀 신입사원 채용공고,,케이티아이(주) 중앙동지점,유통·무역·상사,중구,https://www.busanjob.net/view.do?no=1308&pgMode=show&id=809096
KR2026090700024874,,,[1시30분-6시30분 근무] EIE고려대학교국제어학원 랩실 선생님을 모십니다,,이아이이(EIE)고려대학교 국제어학원,,강서구,https://www.busanjob.net/view.do?no=1308&pgMode=show&id=803888
KR2026090700033768,,,[2026 글로벌잡매칭데이] 일본/아고다/Support Associate/00명,,,,,https://www.busanjob.net/view.do?no=1310&pgMode=show&id=https://www.worldjob.or.kr/advnc/view.do?menuId=1000000014&dobType=1&joCrtfcNo=E20260820021&joCrtfcDsp=1&joCrtfcDspSn=1&rtnIp=183.103.55.151&dsptcKsco=&continent=&epmt61=
KR2026090700033687,,,[2026 부산 KOREC CAREER EXPO] 주식회사 비웰 / 인재서비스업(종합직),,,,,https://www.busanjob.net/view.do?no=1310&pgMode=show&id=https://www.worldjob.or.kr/advnc/view.do?menuId=1000000014&dobType=1&joCrtfcNo=E20260819027&joCrtfcDsp=1&joCrtfcDspSn=1&rtnIp=183.103.55.151&dsptcKsco=&continent=&epmt61=
KR2026090700033685,,,[2026 부산 KOREC CAREER EXPO] 주식회사 핫코덴 / 장례 서비스업,,,,,https://www.busanjob.net/view.do?no=1310&pgMode=show&id=https://www.worldjob.or.kr/advnc/view.do?menuId=1000000014&dobType=1&joCrtfcNo=E20260819024&joCrtfcDsp=1&joCrtfcDspSn=1&rtnIp=183.103.55.151&dsptcKsco=&continent=&epmt61=
KR2026090700032243,,,[2026 하반기] 센텀밝은빛안과 검안사 채용,,센텀밝은빛안과,의료(진료과목별),해운대구,https://www.busanjob.net/view.do?no=1308&pgMode=show&id=759913
KR2026090700030560,,,[2026 한국폴리텍대학부산캠퍼스 JOB-FAIR...,,(주)한하산업,건축·설비·환경,기장군,https://www.jobkorea.co.kr/Recruit/GI_Read/5524608/Ext?siteCode=WN&sc=
KR2026090700029360,,,[2026년 하반기 채용공고] 국내외 MICE이벤트 주관 및 운영 대행,,주식회사마이스닷,광고·홍보·전시,수영구,https://www.busanjob.net/view.do?no=1308&pgMode=show&id=791278
KR2026090700030457,,,[2026한국폴리텍대학부산캠퍼스 JOB-FAIR ...,,(주)우리전열,기계·기계설비,사상구,https://www.jobkorea.co.kr/Recruit/GI_Read/5525379/Ext?siteCode=WN&sc=
KR2026090700030802,,,[2026한국폴리텍대학부산캠퍼스 JOB-FAIR ...,,우성진공기술(주),기계·기계설비,사상구,https://www.jobkorea.co.kr/Recruit/GI_Read/5519377/Ext?siteCode=WN&sc=
KR2026090700030855,,,[2026한국폴리텍대학부산캠퍼스 JOB-FAIR ...,,조은관리시스템 주식회사,건설·시공·토목·조경,사하구,https://www.jobkorea.co.kr/Recruit/GI_Read/5518612/Ext?siteCode=WN&sc=
KR2026090700142715,,,[2026한국폴리텍대학부산캠퍼스 JOB-FAIR ...,,에스피앤지（주),기계·기계설비,사상구,https://www.jobkorea.co.kr/Recruit/GI_Read/5518616/Ext?siteCode=WN&sc=
KR2026090700161321,,,[2026한국폴리텍대학부산캠퍼스 JOB-FAIR 채용박람회],,(주)우리전열,,사상구,https://job.career.co.kr/recruit/view/22083803
KR2026090700161330,,,[2026한국폴리텍대학부산캠퍼스 JOB-FAIR 채용박람회],,에스피앤지（주),,사상구,https://job.career.co.kr/recruit/view/22075599
KR2026090700029183,,,[3M] 한국쓰리엠 신입/경력사원 모집 안내,,한국쓰리엠(주),석유·화학·에너지,영등포구,https://www.busanjob.net/view.do?no=1308&pgMode=show&id=792521
KR2026090700016426,,,[4개월 12월말까지 단기직] 단순 뷔페 홀 서비스 및 식음료팀,,(주)퍼스트핸즈,외식업·식음료,영도구,https://www.busanjob.net/view.do?no=1308&pgMode=show&id=815809
KR2026090700019603,,,[9월2일.하루참석시 7만지급] 메리츠보험박람회/10시-15시30분,,메리츠화재해상보험㈜,,북구,https://www.busanjob.net/view.do?no=1308&pgMode=show&id=811904
KR2026090700034095,,,[AB아코모(주)] 일본 전국 26개 지점 프론트 정사원 채용,,,,,https://www.busanjob.net/view.do?no=1310&pgMode=show&id=https://www.worldjob.or.kr/advnc/view.do?menuId=1000000014&dobType=1&joCrtfcNo=E20240130014&joCrtfcDsp=7&joCrtfcDspSn=1&rtnIp=183.103.55.151&dsptcKsco=&continent=&epmt61=
KR2026090700032998,,,[BMW동성모터스] 금정 서비스센터 어드바이저 인재 채용,,(주)동성모터스부산서비스센터,기계·설비·자동차,금정구,https://www.busanjob.net/view.do?no=1308&pgMode=show&id=736743
KR2026090700032109,,,[BMW동성모터스] 사상 서비스센터 서비스어드바이저 인재 채용,,(주)동성모터스부산서비스센터,기계·설비·자동차,사상구,https://www.busanjob.net/view.do?no=1308&pgMode=show&id=764531
KR2026090700021709,,,[DB손해보험] 고객관리 상담,,DB손해보험㈜,,진구,https://www.busanjob.net/view.do?no=1308&pgMode=show&id=808891
KR2026090700021955,,,[DB손해보험] 이관DB는 오직 에이스지점 파트너에게만 ( 부산 서면 ),,DB손해보험㈜,,진구,https://www.busanjob.net/view.do?no=1308&pgMode=show&id=808540
KR2026090700034044,,,"[DI VINA SERVICE] 베트남근무 초밥, 일 전문가 채용",,,,,https://www.busanjob.net/view.do?no=1310&pgMode=show&id=https://www.worldjob.or.kr/advnc/view.do?menuId=1000000014&dobType=1&joCrtfcNo=E20230223030&joCrtfcDsp=25&joCrtfcDspSn=1&rtnIp=183.103.55.151&dsptcKsco=&continent=&epmt61=
KR2026090700027829,,,[DRB] 2026년 3분기 분야별 경력사원 채용,,동일고무벨트(주),석유·화학·에너지,영등포구,https://www.busanjob.net/view.do?no=1308&pgMode=show&id=798149
KR2026090700027109,,,[GOYARD] In-Store Operations Associate (부산 신세계점),,고야드아시아퍼시픽리미티드한국지점,판매(상품품목별),해운대구,https://www.busanjob.net/view.do?no=1308&pgMode=show&id=799624
KR2026090700024930,,,[GS-Hydro Korea]  프로젝트 운영부 사원 모집,,지에스하이드로코리아(주),기타제조업,강서구,https://www.busanjob.net/view.do?no=1308&pgMode=show&id=803770
KR2026090700024509,,,[HG컴퍼니] HG에서 함께 근무하실 쇼핑몰 MD를 찾습니다.(재택),,HG컴퍼니,,동구,https://www.busanjob.net/view.do?no=1308&pgMode=show&id=804495
KR2026090700032381,,,[HS효성그룹 계열사] HS효성프리미어모터스(주) 재경팀원 채용,,에이치에스효성프리미어모터스(주),판매(상품품목별),해운대구,https://www.busanjob.net/view.do?no=1308&pgMode=show&id=755937
KR2026090700024482,,,"[Hetras/헤트라스] 라이프스타일 브랜드, 정직원 채용 (해운대)",,(주)쑥쑥컴퍼니,화장품·뷰티,동래구,https://www.busanjob.net/view.do?no=1308&pgMode=show&id=804528
KR2026090700020440,,,"[IKEA 동부산점] 풀필먼트 오퍼레이션 코워커 (40T, 정규직)",,이케아코리아 유한회사,,기장군,https://www.busanjob.net/view.do?no=1308&pgMode=show&id=810717
KR2026090700033929,,,[JOBHAKU KOREA] 니혼이타가라스 주식회사_기술계 종합직,,,,,https://www.busanjob.net/view.do?no=1310&pgMode=show&id=https://www.worldjob.or.kr/advnc/view.do?menuId=1000000014&dobType=1&joCrtfcNo=E20260618011&joCrtfcDsp=1&joCrtfcDspSn=1&rtnIp=183.103.55.151&dsptcKsco=&continent=&epmt61=
KR2026090700026965,,,[Jeep공식딜러사] 지프 푸조 부산서비스 테크니션 채용,,빅토리오토모티브그룹㈜,,사상구,https://www.busanjob.net/view.do?no=1308&pgMode=show&id=799940
KR2026090700023742,,,[KAIROS LINE] 수출입 포워딩 직원 채용,,카이로스라인(주),운송·운수·물류,중구,https://www.busanjob.net/view.do?no=1308&pgMode=show&id=805806
KR2026090700028257,,,[KJ영재센터] 데스크 직원(상답/수납/원생관리) 채용,,KJ영재센터학원,학원·어학원,동래구,https://www.busanjob.net/view.do?no=1308&pgMode=show&id=797296
KR2026090700034032,,,"[KOTRA LA] 미국, D&H America LLC, Sales & Marketing (2명)",,,,,https://www.busanjob.net/view.do?no=1310&pgMode=show&id=https://www.worldjob.or.kr/advnc/view.do?menuId=1000000014&dobType=1&joCrtfcNo=E20260321003&joCrtfcDsp=2&joCrtfcDspSn=1&rtnIp=183.103.55.151&dsptcKsco=&continent=&epmt61=
KR2026090700033670,,,"[KOTRA 토론토 하반기 JOB FAIR] 캐나다, Hiossen Implant, Marketing & Education Assistant (1명)",,,,,https://www.busanjob.net/view.do?no=1310&pgMode=show&id=https://www.worldjob.or.kr/advnc/view.do?menuId=1000000014&dobType=1&joCrtfcNo=E20260825002&joCrtfcDsp=1&joCrtfcDspSn=1&rtnIp=183.103.55.151&dsptcKsco=&continent=&epmt61=
KR2026090700033978,,,"[KOTRA] UAE, GLOBAL AEROSPACE LOGISTICS, Mechanic – 2nd Line Super Puma (0명)",,,,,https://www.busanjob.net/view.do?no=1310&pgMode=show&id=https://www.worldjob.or.kr/advnc/view.do?menuId=1000000014&dobType=1&joCrtfcNo=E20260901015&joCrtfcDsp=1&joCrtfcDspSn=1&rtnIp=183.103.55.151&dsptcKsco=&continent=&epmt61=
KR2026090700034037,,,"[KOTRA] UAE, GLOBAL AEROSPACE LOGISTICS, Production Control Technician (0명)",,,,,https://www.busanjob.net/view.do?no=1310&pgMode=show&id=https://www.worldjob.or.kr/advnc/view.do?menuId=1000000014&dobType=1&joCrtfcNo=E20260817005&joCrtfcDsp=1&joCrtfcDspSn=1&rtnIp=183.103.55.151&dsptcKsco=&continent=&epmt61=
KR2026090700033983,,,"[KOTRA] UAE, StyleKorean MENA, W&D / SCM Coordinator (1명)",,,,,https://www.busanjob.net/view.do?no=1310&pgMode=show&id=https://www.worldjob.or.kr/advnc/view.do?menuId=1000000014&dobType=1&joCrtfcNo=E20260902015&joCrtfcDsp=1&joCrtfcDspSn=1&rtnIp=183.103.55.151&dsptcKsco=&continent=&epmt61=
KR2026090700033752,,,"[KOTRA] 네덜란드, Pearl Abyss Europe B.V., Operation Coordinator (1명)",,,,,https://www.busanjob.net/view.do?no=1310&pgMode=show&id=https://www.worldjob.or.kr/advnc/view.do?menuId=1000000014&dobType=1&joCrtfcNo=E20260811011&joCrtfcDsp=1&joCrtfcDspSn=1&rtnIp=183.103.55.151&dsptcKsco=&continent=&epmt61=
KR2026090700033751,,,"[KOTRA] 네덜란드, Pearl Abyss Europe B.V., Performance Marketing Manager (1명)",,,,,https://www.busanjob.net/view.do?no=1310&pgMode=show&id=https://www.worldjob.or.kr/advnc/view.do?menuId=1000000014&dobType=1&joCrtfcNo=E20260811010&joCrtfcDsp=1&joCrtfcDspSn=1&rtnIp=183.103.55.151&dsptcKsco=&continent=&epmt61=
KR2026090700033749,,,"[KOTRA] 네덜란드, Pearl Abyss Europe B.V., Senior Operations Manager (1명)",,,,,https://www.busanjob.net/view.do?no=1310&pgMode=show&id=https://www.worldjob.or.kr/advnc/view.do?menuId=1000000014&dobType=1&joCrtfcNo=E20260811008&joCrtfcDsp=1&joCrtfcDspSn=1&rtnIp=183.103.55.151&dsptcKsco=&continent=&epmt61=
KR2026090700034136,,,"[KOTRA] 독일, CJ Foods Europe, Junior Trend & Social Listening Specialist(1명)",,,,,https://www.busanjob.net/view.do?no=1310&pgMode=show&id=https://www.worldjob.or.kr/advnc/view.do?menuId=1000000014&dobType=1&joCrtfcNo=E20251029001&joCrtfcDsp=4&joCrtfcDspSn=1&rtnIp=183.103.55.151&dsptcKsco=&continent=&epmt61=
KR2026090700034137,,,"[KOTRA] 독일, CJ Foods Europe, Product Manager (1명)",,,,,https://www.busanjob.net/view.do?no=1310&pgMode=show&id=https://www.worldjob.or.kr/advnc/view.do?menuId=1000000014&dobType=1&joCrtfcNo=E20251219011&joCrtfcDsp=5&joCrtfcDspSn=1&rtnIp=183.103.55.151&dsptcKsco=&continent=&epmt61=
KR2026090700034130,,,"[KOTRA] 독일, HUMAX Networks GmbH, Finance & Accounting / Administration (0명)",,,,,https://www.busanjob.net/view.do?no=1310&pgMode=show&id=https://www.worldjob.or.kr/advnc/view.do?menuId=1000000014&dobType=1&joCrtfcNo=E20251103005&joCrtfcDsp=3&joCrtfcDspSn=1&rtnIp=183.103.55.151&dsptcKsco=&continent=&epmt61=
KR2026090700033966,,,"[KOTRA] 독일, KDB 한국산업은행 프랑크푸르트 지점, 은행업 (각 1명)",,,,,https://www.busanjob.net/view.do?no=1310&pgMode=show&id=https://www.worldjob.or.kr/advnc/view.do?menuId=1000000014&dobType=1&joCrtfcNo=E20260521008&joCrtfcDsp=2&joCrtfcDspSn=1&rtnIp=183.103.55.151&dsptcKsco=&continent=&epmt61=
KR2026090700033965,,,"[KOTRA] 독일, LOTTE CHEMICAL DEUTSCHLAND, Business Support Specialist (1명)",,,,,https://www.busanjob.net/view.do?no=1310&pgMode=show&id=https://www.worldjob.or.kr/advnc/view.do?menuId=1000000014&dobType=1&joCrtfcNo=E20250319030&joCrtfcDsp=2&joCrtfcDspSn=1&rtnIp=183.103.55.151&dsptcKsco=&continent=&epmt61=
KR2026090700034001,,,"[KOTRA] 독일, MOIDA Germany GmbH, Regional Manager (1명)",,,,,https://www.busanjob.net/view.do?no=1310&pgMode=show&id=https://www.worldjob.or.kr/advnc/view.do?menuId=1000000014&dobType=1&joCrtfcNo=E20260708021&joCrtfcDsp=2&joCrtfcDspSn=1&rtnIp=183.103.55.151&dsptcKsco=&continent=&epmt61=
KR2026090700033859,,,"[KOTRA] 독일, Shinhan Bank Europe, Treasury / Credit / Remittance Team (각 1명)",,,,,https://www.busanjob.net/view.do?no=1310&pgMode=show&id=https://www.worldjob.or.kr/advnc/view.do?menuId=1000000014&dobType=1&joCrtfcNo=E20260506010&joCrtfcDsp=3&joCrtfcDspSn=1&rtnIp=183.103.55.151&dsptcKsco=&continent=&epmt61=
KR2026090700033781,,,"[KOTRA] 독일, VMECA GmbH, Sales & Operations Coordinator (1명)",,,,,https://www.busanjob.net/view.do?no=1310&pgMode=show&id=https://www.worldjob.or.kr/advnc/view.do?menuId=1000000014&dobType=1&joCrtfcNo=E20260708020&joCrtfcDsp=1&joCrtfcDspSn=1&rtnIp=183.103.55.151&dsptcKsco=&continent=&epmt61=
KR2026090700033997,,,"[KOTRA] 마카오, Melco Resorts, Attendant - F&B (2명)",,,,,https://www.busanjob.net/view.do?no=1310&pgMode=show&id=https://www.worldjob.or.kr/advnc/view.do?menuId=1000000014&dobType=1&joCrtfcNo=E20260618012&joCrtfcDsp=3&joCrtfcDspSn=1&rtnIp=183.103.55.151&dsptcKsco=&continent=&epmt61=
KR2026090700034019,,,"[KOTRA] 미국, Drop2Drop, Marketing Coordinator & Business Operator (2명)",,,,,https://www.busanjob.net/view.do?no=1310&pgMode=show&id=https://www.worldjob.or.kr/advnc/view.do?menuId=1000000014&dobType=1&joCrtfcNo=E20260827001&joCrtfcDsp=1&joCrtfcDspSn=1&rtnIp=183.103.55.151&dsptcKsco=&continent=&epmt61=
KR2026090700033790,,,"[KOTRA] 미국, LG Energy Solution USA,  Environmental Specialist (1명)",,,,,https://www.busanjob.net/view.do?no=1310&pgMode=show&id=https://www.worldjob.or.kr/advnc/view.do?menuId=1000000014&dobType=1&joCrtfcNo=E20260902007&joCrtfcDsp=1&joCrtfcDspSn=1&rtnIp=183.103.55.151&dsptcKsco=&continent=&epmt61=
KR2026090700033789,,,"[KOTRA] 미국, LG Energy Solution USA,  Health & Safety Specialist (1명)",,,,,https://www.busanjob.net/view.do?no=1310&pgMode=show&id=https://www.worldjob.or.kr/advnc/view.do?menuId=1000000014&dobType=1&joCrtfcNo=E20260902006&joCrtfcDsp=1&joCrtfcDspSn=1&rtnIp=183.103.55.151&dsptcKsco=&continent=&epmt61=
KR2026090700033788,,,"[KOTRA] 미국, LG Energy Solution USA, Purchasing Specialist  (1명)",,,,,https://www.busanjob.net/view.do?no=1310&pgMode=show&id=https://www.worldjob.or.kr/advnc/view.do?menuId=1000000014&dobType=1&joCrtfcNo=E20260902005&joCrtfcDsp=1&joCrtfcDspSn=1&rtnIp=183.103.55.151&dsptcKsco=&continent=&epmt61=
KR2026090700034002,,,"[KOTRA] 스페인, STYLEKOREAN HISPANIA S.L., Regional Manager (1명)",,,,,https://www.busanjob.net/view.do?no=1310&pgMode=show&id=https://www.worldjob.or.kr/advnc/view.do?menuId=1000000014&dobType=1&joCrtfcNo=E20260720020&joCrtfcDsp=2&joCrtfcDspSn=1&rtnIp=183.103.55.151&dsptcKsco=&continent=&epmt61=
KR2026090700034013,,,"[KOTRA] 싱가포르, Algres Holdings (Hyunmu Taekwondo), 태권도 사범 (1명)",,,,,https://www.busanjob.net/view.do?no=1310&pgMode=show&id=https://www.worldjob.or.kr/advnc/view.do?menuId=1000000014&dobType=1&joCrtfcNo=E20260828004&joCrtfcDsp=1&joCrtfcDspSn=1&rtnIp=183.103.55.151&dsptcKsco=&continent=&epmt61=
KR2026090700033705,,,"[KOTRA] 싱가포르, Hilton Singapore Orchard, F&B Executive (1명)",,,,,https://www.busanjob.net/view.do?no=1310&pgMode=show&id=https://www.worldjob.or.kr/advnc/view.do?menuId=1000000014&dobType=1&joCrtfcNo=E20260324033&joCrtfcDsp=2&joCrtfcDspSn=1&rtnIp=183.103.55.151&dsptcKsco=&continent=&epmt61=
KR2026090700034014,,,"[KOTRA] 싱가포르, Kyung Hee Taekwondo, Operations Manager (1명)",,,,,https://www.busanjob.net/view.do?no=1310&pgMode=show&id=https://www.worldjob.or.kr/advnc/view.do?menuId=1000000014&dobType=1&joCrtfcNo=E20260512007&joCrtfcDsp=2&joCrtfcDspSn=1&rtnIp=183.103.55.151&dsptcKsco=&continent=&epmt61=
KR2026090700033843,,,"[KOTRA] 영국, AMOREPACIFIC UK LIMITED, Finance Specialist (1명)",,,,,https://www.busanjob.net/view.do?no=1310&pgMode=show&id=https://www.worldjob.or.kr/advnc/view.do?menuId=1000000014&dobType=1&joCrtfcNo=E20260902023&joCrtfcDsp=1&joCrtfcDspSn=1&rtnIp=183.103.55.151&dsptcKsco=&continent=&epmt61=
KR2026090700033973,,,"[KOTRA] 영국, Iljin Electric Co. Ltd, Project Management & Operations (1명)",,,,,https://www.busanjob.net/view.do?no=1310&pgMode=show&id=https://www.worldjob.or.kr/advnc/view.do?menuId=1000000014&dobType=1&joCrtfcNo=E20260901014&joCrtfcDsp=1&joCrtfcDspSn=1&rtnIp=183.103.55.151&dsptcKsco=&continent=&epmt61=
KR2026090700033899,,,"[KOTRA] 영국, Samsung Securities (Europe) Limited, Junior sales and trading assistant (1명)",,,,,https://www.busanjob.net/view.do?no=1310&pgMode=show&id=https://www.worldjob.or.kr/advnc/view.do?menuId=1000000014&dobType=1&joCrtfcNo=E20260902024&joCrtfcDsp=1&joCrtfcDspSn=1&rtnIp=183.103.55.151&dsptcKsco=&continent=&epmt61=
KR2026090700034157,,,"[KOTRA] 인도, Implantium India (덴티움), Sales Support Manager (West Region) (1명)",,,,,https://www.busanjob.net/view.do?no=1310&pgMode=show&id=https://www.worldjob.or.kr/advnc/view.do?menuId=1000000014&dobType=1&joCrtfcNo=E20260227016&joCrtfcDsp=5&joCrtfcDspSn=1&rtnIp=183.103.55.151&dsptcKsco=&continent=&epmt61=
KR2026090700033759,,,"[KOTRA] 일본, SANSTAR LINE, 미래사업팀(1명)",,,,,https://www.busanjob.net/view.do?no=1310&pgMode=show&id=https://www.worldjob.or.kr/advnc/view.do?menuId=1000000014&dobType=1&joCrtfcNo=E20260624009&joCrtfcDsp=6&joCrtfcDspSn=1&rtnIp=183.103.55.151&dsptcKsco=&continent=&epmt61=
KR2026090700033757,,,"[KOTRA] 일본, SANSTAR LINE, 해사(海事)팀 오사카지역(1명)",,,,,https://www.busanjob.net/view.do?no=1310&pgMode=show&id=https://www.worldjob.or.kr/advnc/view.do?menuId=1000000014&dobType=1&joCrtfcNo=E20251119007&joCrtfcDsp=21&joCrtfcDspSn=1&rtnIp=183.103.55.151&dsptcKsco=&continent=&epmt61=
KR2026090700034063,,,"[KOTRA] 중국 , Jiangsu Ziyond Pharmaceutical, Management Trainee (2명)",,,,,https://www.busanjob.net/view.do?no=1310&pgMode=show&id=https://www.worldjob.or.kr/advnc/view.do?menuId=1000000014&dobType=1&joCrtfcNo=E20260730032&joCrtfcDsp=1&joCrtfcDspSn=1&rtnIp=183.103.55.151&dsptcKsco=&continent=&epmt61=
KR2026090700033895,,,"[KOTRA] 중국 상하이, Hansol Logistics Shanghai, 고객 서비스 관리자 (C/S) (1명)",,,,,https://www.busanjob.net/view.do?no=1310&pgMode=show&id=https://www.worldjob.or.kr/advnc/view.do?menuId=1000000014&dobType=1&joCrtfcNo=E20260820009&joCrtfcDsp=1&joCrtfcDspSn=1&rtnIp=183.103.55.151&dsptcKsco=&continent=&epmt61=
KR2026090700033822,,,"[KOTRA] 중국 상하이, Trip.com, 고객 서비스 관리자  (1명)",,,,,https://www.busanjob.net/view.do?no=1310&pgMode=show&id=https://www.worldjob.or.kr/advnc/view.do?menuId=1000000014&dobType=1&joCrtfcNo=E20260303005&joCrtfcDsp=2&joCrtfcDspSn=1&rtnIp=183.103.55.151&dsptcKsco=&continent=&epmt61=
KR2026090700034038,,,"[KOTRA] 중국(칭다오), 엘에스오토모티브 칭다오법인, CFO, 1명",,,,,https://www.busanjob.net/view.do?no=1310&pgMode=show&id=https://www.worldjob.or.kr/advnc/view.do?menuId=1000000014&dobType=1&joCrtfcNo=E20260818017&joCrtfcDsp=1&joCrtfcDspSn=1&rtnIp=183.103.55.151&dsptcKsco=&continent=&epmt61=
KR2026090700034042,,,"[KOTRA] 필리핀, Cheil Integrated Marketing Philippines FFM(Field Force Management) 담당자 (1명)",,,,,https://www.busanjob.net/view.do?no=1310&pgMode=show&id=https://www.worldjob.or.kr/advnc/view.do?menuId=1000000014&dobType=1&joCrtfcNo=E20260812007&joCrtfcDsp=1&joCrtfcDspSn=1&rtnIp=183.103.55.151&dsptcKsco=&continent=&epmt61=
KR2026090700034207,,,"[KOTRA] 헝가리, SK on Kft, 전극 Coating 담당자 (1명)",,,,,https://www.busanjob.net/view.do?no=1310&pgMode=show&id=https://www.worldjob.or.kr/advnc/view.do?menuId=1000000014&dobType=1&joCrtfcNo=E20260520014&joCrtfcDsp=1&joCrtfcDspSn=1&rtnIp=183.103.55.151&dsptcKsco=&continent=&epmt61=
KR2026090700033823,,,"[KOTRA] 헝가리, 삼성SDI 헝가리법인, Project Management 담당자(1명)",,,,,https://www.busanjob.net/view.do?no=1310&pgMode=show&id=https://www.worldjob.or.kr/advnc/view.do?menuId=1000000014&dobType=1&joCrtfcNo=E20260818001&joCrtfcDsp=1&joCrtfcDspSn=1&rtnIp=183.103.55.151&dsptcKsco=&continent=&epmt61=
KR2026090700023018,,,"[KT그룹] [대기업] KT플라자 직영점 근무 (사상, 신입가능,경력무관)",,㈜케이티엠앤에스,,사상구,https://www.busanjob.net/view.do?no=1308&pgMode=show&id=806977
KR2026090700025512,,,[LCT] 엘시티더레지던스 시설 RS팀(룸서비스팀) 채용,,엘시티더레지던스 관리위원회,시설관리·경비·용역,해운대구,https://www.busanjob.net/view.do?no=1308&pgMode=show&id=802711
KR2026090700031963,,,[LCT] 엘시티더레지던스 컨시어지 채용,,엘시티더레지던스 관리위원회,호텔·여행·항공,해운대구,https://www.busanjob.net/view.do?no=1308&pgMode=show&id=769222
KR2026090700015256,,,[LG U+] 유림텔레콤 거제1동 연제구점 신입 직원 채용,,유림텔레콤,네트워크·통신·모바일,연제구,https://www.busanjob.net/view.do?no=1308&pgMode=show&id=803086
KR2026090700023188,,,[LG유플러스] 기술야간 정규직 채용 겸직가능,,(주)씨에스원파트너,시설관리·경비·용역,중구,https://www.busanjob.net/view.do?no=1308&pgMode=show&id=806707
KR2026090700028468,,,[LG이노텍] 대기업계약직 사원/스마트폰부품/기숙사/통근차,,주식회사 하이엔드코리아,시설관리·경비·용역,대구,https://www.busanjob.net/view.do?no=1308&pgMode=show&id=796318
KR2026090700017018,,,[LX 지인 대리점] [상시모집] 실내 인테리어 현장직 구인합니다,,제이에이치컴퍼니,실내·인테리어·조경,사상구,https://www.busanjob.net/view.do?no=1308&pgMode=show&id=815101
KR2026090700033233,,,[MINI동성모터스] MINI 부산 전시장 MG(MINI Genius) 인재모집,,(주)동성모터스부산서비스센터,기계·설비·자동차,해운대구,https://www.busanjob.net/view.do?no=1308&pgMode=show&id=729164
KR2026090700025859,,,"[MONCLER] 스토어 정규직/계약직 채용 (백화점, 면세점, 아울렛)",,㈜몽클레르코리아,,진구,https://www.busanjob.net/view.do?no=1308&pgMode=show&id=802047
KR2026090700032712,,,[NARA SPACE] 각 부문별 직원모집,,(주)나라스페이스테크놀로지,조선·항공·우주,강남구,https://www.busanjob.net/view.do?no=1308&pgMode=show&id=745563
KR2026090700034163,,,"[OKTA] L.A / BEST ROLL-UP DOOR, INC / 핸디맨",,,,,https://www.busanjob.net/view.do?no=1310&pgMode=show&id=https://www.worldjob.or.kr/advnc/view.do?menuId=1000000014&dobType=1&joCrtfcNo=E20260605008&joCrtfcDsp=1&joCrtfcDspSn=1&rtnIp=183.103.55.151&dsptcKsco=&continent=&epmt61=
KR2026090700034183,,,[OKTA] 두바이 / PREMIA T N C CORPORATE SERVICE PROVIDER L.L.C / 법인설립 및 운영 컨설턴트 (현지 거주자),,,,,https://www.busanjob.net/view.do?no=1310&pgMode=show&id=https://www.worldjob.or.kr/advnc/view.do?menuId=1000000014&dobType=1&joCrtfcNo=E20260423004&joCrtfcDsp=1&joCrtfcDspSn=1&rtnIp=183.103.55.151&dsptcKsco=&continent=&epmt61=
KR2026090700034164,,,[OKTA] 멜번 / BKM SERVICES Pty Ltd / 건물관리 운영 어시스턴트,,,,,https://www.busanjob.net/view.do?no=1310&pgMode=show&id=https://www.worldjob.or.kr/advnc/view.do?menuId=1000000014&dobType=1&joCrtfcNo=E20260522007&joCrtfcDsp=1&joCrtfcDspSn=1&rtnIp=183.103.55.151&dsptcKsco=&continent=&epmt61=
KR2026090700034165,,,"[OKTA] 사이타마 / SHIN INTERNTIONAL CO., LTD. / SCM부",,,,,https://www.busanjob.net/view.do?no=1310&pgMode=show&id=https://www.worldjob.or.kr/advnc/view.do?menuId=1000000014&dobType=1&joCrtfcNo=E20260522008&joCrtfcDsp=1&joCrtfcDspSn=1&rtnIp=183.103.55.151&dsptcKsco=&continent=&epmt61=
KR2026090700034173,,,[OKTA] 요코하마 / 스마트와이드 / 이커머스 업무,,,,,https://www.busanjob.net/view.do?no=1310&pgMode=show&id=https://www.worldjob.or.kr/advnc/view.do?menuId=1000000014&dobType=1&joCrtfcNo=E20260513004&joCrtfcDsp=1&joCrtfcDspSn=1&rtnIp=183.103.55.151&dsptcKsco=&continent=&epmt61=
KR2026090700034177,,,[OKTA] 토론토 / FINE BEAUTY & ACADEMY INC / 스킨케어 테크니션,,,,,https://www.busanjob.net/view.do?no=1310&pgMode=show&id=https://www.worldjob.or.kr/advnc/view.do?menuId=1000000014&dobType=1&joCrtfcNo=E20260511017&joCrtfcDsp=1&joCrtfcDspSn=1&rtnIp=183.103.55.151&dsptcKsco=&continent=&epmt61=
KR2026090700025965,,,[OTIS엘리베이터협력업체] 승강기 유지관리 업무 직원 모집,,(주)한진엘리베이터,시설관리·경비·용역,금정구,https://www.busanjob.net/view.do?no=1308&pgMode=show&id=801888
KR2026090700020276,,,[Oningvibe] 화장품 디자인 경력 채용 공고,,(주)원더박스랩,화장품·뷰티,해운대구,https://www.busanjob.net/view.do?no=1308&pgMode=show&id=810945
KR2026090700017225,,,[SBS아카데미게임학원 부산점] 사업부 상담직 멘토 정규 채용,,㈜에스씨에이게임부산,,진구,https://www.busanjob.net/view.do?no=1308&pgMode=show&id=814849
KR2026090700032284,,,[SCM/Operation] 급성장 뷰티 브랜드 채용(경력),,(주)글로비언트,쇼핑몰·오픈마켓,부산진구,https://www.busanjob.net/view.do?no=1308&pgMode=show&id=758439
KR2026090700031281,,,[SJ] 안경원 대상 거래처관리 슈퍼바이저 모집,,에스제이,유통·무역·상사,기장군,https://www.busanjob.net/view.do?no=1308&pgMode=show&id=779645
KR2026090700023758,,,[TNA] 티스테이션 직영 신입/경력 채용(부산거제점),,티앤에이㈜,기계·설비·자동차,연제구,https://www.busanjob.net/view.do?no=1308&pgMode=show&id=805778
KR2026090700032291,,,[WE그룹] 본사 B2C 인바운드 고객관리 및 TM 정규직 채용,,주식회사 위그룹,네트워크·통신·모바일,사상구,https://www.busanjob.net/view.do?no=1308&pgMode=show&id=758312
KR2026090700034202,,,[日本東京](株)コスモブリッジの営業企画部業務(営業企画、顧客管理、総務),,,,,https://www.busanjob.net/view.do?no=1310&pgMode=show&id=https://www.worldjob.or.kr/advnc/view.do?menuId=1000000014&dobType=1&joCrtfcNo=E20260825009&joCrtfcDsp=1&joCrtfcDspSn=1&rtnIp=183.103.55.151&dsptcKsco=&continent=&epmt61=
KR2026090700028689,,,[게스후] 양식 레스토랑 홀직원 모집합니다.(주임~과장),,게스후?(GUESSWHO?),호텔·여행·항공,수영구,https://www.busanjob.net/view.do?no=1308&pgMode=show&id=795266
KR2026090700118513,,,"[경남,부산]5톤윙바디 초보가능/상하차없음/고정거래처노선/초기비용x",,극동글로벌운송그룹,,양산시,https://www.jobkorea.co.kr/Recruit/GI_Read/49738586
KR2026090700031023,,,[경남양산] 토스인슈어런스 직영점에서 Advisor 채용 공고,,토스인슈어런스(주),증권·보험·카드,양산시,https://www.busanjob.net/view.do?no=1308&pgMode=show&id=781281
KR2026090700031738,,,[경남정보대학교]학생생활관 단시간 근로자 공개채용,,경남정보대학교,초중고·대학,사상구,https://www.busanjob.net/view.do?no=1308&pgMode=show&id=775870
KR2026090700028680,,,[경력사원] PCB 납땜 및 수정 직원모집합니다.(근무지 확인필요),,주식회사케이씨엘이디,전기·전자·제어,사상구,https://www.busanjob.net/view.do?no=1308&pgMode=show&id=795336
KR2026090700029324,,,[경력사원] 플로리스트 정규직/계약직 채용 공고,,플레르앤,기타서비스업,해운대구,https://www.busanjob.net/view.do?no=1308&pgMode=show&id=791518
KR2026090700026799,,,"[괴정, 정규직] 빅토리아베이커리가든 괴정점 카페팀 모집",,빅토리아베이커리가든 괴정점,외식업·식음료,사하구,https://www.busanjob.net/view.do?no=1308&pgMode=show&id=800218
KR2026090700016665,,,[구미엘지이노텍 소속/월 390]대규모채용/기숙사제공/대기업복지,,글로벌JMT,시설관리·경비·용역,대구,https://www.busanjob.net/view.do?no=1308&pgMode=show&id=815528
KR2026090700033121,,,[구포성심병원] 종합건강증진센터 사원 모집,,구포성심병원,의료(병원종류별),북구,https://www.busanjob.net/view.do?no=1308&pgMode=show&id=733122
KR2026090700123244,,,[근무지 부산] Java 금융권 경력자 모집합니다.,,㈜데브올,,금천구,https://www.jobkorea.co.kr/Recruit/GI_Read/49924391
KR2026090700026936,,,"[기장 대게만찬,일등가] 홀 서비스 정직원 채용/면접교통비지급",,㈜일등코리아,,기장군,https://www.busanjob.net/view.do?no=1308&pgMode=show&id=800004
KR2026090700033285,,,[기장군민축구단] U-12 코칭스태프 채용,,기장군민축구단,레저·스포츠·여가,기장군,https://www.busanjob.net/view.do?no=1308&pgMode=show&id=727613
KR2026090700161319,,,[긴급](사)삼성희망네트워크 노인일자리사업 (도시고속도로- 녹지관리) 참여자  모집,,사단법인 삼성희망네트워크,,해운대구,https://job.career.co.kr/recruit/view/22084857
KR2026090700032359,,,[김경이이비인후과의원] 웨이팅 RN 채용 공고,,김경이이비인후과,의료(진료과목별),연제구,https://www.busanjob.net/view.do?no=1308&pgMode=show&id=756464
KR2026090700031760,,,[김해공항]국제선 투썸플레이스 직원 모집,,(주)풀무원푸드앤컬처,외식업·식음료,강서구,https://www.busanjob.net/view.do?no=1308&pgMode=show&id=775327
KR2026090700030007,,,[김해점] 블리비의원 코디 추가 모집,,블리비의원,의료(진료과목별),강서구,https://www.busanjob.net/view.do?no=1308&pgMode=show&id=787173
KR2026090700032534,,,[남포동한의원] 케이한의원 침구실 스텝,,케이한의원,의료(진료과목별),중구,https://www.busanjob.net/view.do?no=1308&pgMode=show&id=751296
KR2026090700030978,,,[내근직] 정보통신 전산 직원 채용 (워라밸우수/초보가능),,베스트정보통신,네트워크·통신·모바일,연제구,https://www.busanjob.net/view.do?no=1308&pgMode=show&id=781567
KR2026090700018759,,,[넥스젠파트너스그룹] 각 부문 신입/경력 사원 모집,,㈜엔씨파이낸스대부,,진구,https://www.busanjob.net/view.do?no=1308&pgMode=show&id=812980
KR2026090700033050,,,[녹십자그룹] GC셀 입력 및 검체 관리 사원 채용 (서부산),,(주)지씨셀,제약·보건·바이오,사상구,https://www.busanjob.net/view.do?no=1308&pgMode=show&id=735104
KR2026090700018711,,,[대규모]배민B마트 지점운영 Captain(캡틴) 모집,,(주)우아한청년들,솔루션·SI·ERP·CRM,북구,https://www.busanjob.net/view.do?no=1308&pgMode=show&id=813042
KR2026090700020241,,,[대연동] 대연본안과에서 검안 파트 모집합니다.,,대연본안과,의료(진료과목별),남구,https://www.busanjob.net/view.do?no=1308&pgMode=show&id=810993
KR2026090700026660,,,[더블업 수제버거] 정직원 모집 주4일,,(주)텍스트마인,외식업·식음료,해운대구,https://www.busanjob.net/view.do?no=1308&pgMode=show&id=800510
KR2026090700025724,,,[데이뷰의원] 글로벌(중국어/영어/일본어)  코디팀/상담팀 모집,,데이뷰의원 부산서면,의료(진료과목별),부산진구,https://www.busanjob.net/view.do?no=1308&pgMode=show&id=802275
KR2026090700032902,,,[동래청담어학원] 8월 TA 채용,,(주)에듀청담비에쓰,학원·어학원,동래구,https://www.busanjob.net/view.do?no=1308&pgMode=show&id=739661
KR2026090700032192,,,[동성모터스] BMW 금정 전시장 BMW Genius 직무 인재 채용,,(주)동성모터스부산전시장,판매(상품품목별),금정구,https://www.busanjob.net/view.do?no=1308&pgMode=show&id=761615
KR2026090700032197,,,[동성모터스] 본사 HSE 충원,,(주)동성모터스,판매(상품품목별),해운대구,https://www.busanjob.net/view.do?no=1308&pgMode=show&id=761521
KR2026090700032692,,,[동양윈텍] 건설업 공사관리 직원모집합니다.,,(주)동양윈텍,건설·건축·토목·시공,기장군,https://www.busanjob.net/view.do?no=1308&pgMode=show&id=746553
KR2026090700033287,,,[두원잡] 청년일자리도약장려금 사업 담당자 추가 모집,,(주)두원잡,연구소·컨설팅·조사,사상구,https://www.busanjob.net/view.do?no=1308&pgMode=show&id=727586
KR2026090700031858,,,[디데이의원] 시술어시스트 직원 채용,,디데이의원,의료(병원종류별),중구,https://www.busanjob.net/view.do?no=1308&pgMode=show&id=772237
KR2026090700033273,,,[딜리버드코리아] CX그룹 사업전략팀 팀원 모집,,(주)딜리버드코리아,유통·무역·상사,해운대구,https://www.busanjob.net/view.do?no=1308&pgMode=show&id=728116
KR2026090700030762,,,[라이다] RIDAR 신세계 센텀시티점 팝업스토어 스탭 (3개월),,지엑시스 (Z axis),판매(매장종류별),해운대구,https://www.busanjob.net/view.do?no=1308&pgMode=show&id=782906
KR2026090700032901,,,[랜디스도넛 광안리점] 직원 채용(공휴일수당지급),,(주)라포르엘(랜디스도넛 광안리점),외식업·식음료,수영구,https://www.busanjob.net/view.do?no=1308&pgMode=show&id=739683
KR2026090700024112,,,[럭스보이] 온라인 쇼핑몰 CS팀(계약직) 사원 모집합니다.,,(주)위즈컴퍼니,쇼핑몰·오픈마켓,사상구,https://www.busanjob.net/view.do?no=1308&pgMode=show&id=805134
KR2026090700019051,,,[런닝맨&다이나믹메이즈 체험관] 부산 서면 현장 운영 직원 채용,,(주)크리에이티브통,레저·스포츠·여가,부산진구,https://www.busanjob.net/view.do?no=1308&pgMode=show&id=812610
KR2026090700025212,,,[런던베이글뮤지엄 서면] 베이커 신입사원 모집 (8H),,(주)엘비엠,외식업·식음료,강서구,https://www.busanjob.net/view.do?no=1308&pgMode=show&id=803266
KR2026090700032503,,,[런던베이글뮤지엄 서면] 베이커 직급자 모집 (9H),,(주)엘비엠,외식업·식음료,부산진구,https://www.busanjob.net/view.do?no=1308&pgMode=show&id=752222
KR2026090700033362,,,[로릭코리아 부산]독일계 포워딩 해상 수출입 업무 (육휴대체자),,로릭코리아(주),유통·무역·상사,중구,https://www.busanjob.net/view.do?no=1308&pgMode=show&id=725896
KR2026090700019072,,,[롯데면세점 부산점 ]  프레드릭콘스탄트 시계 직원채용,,(주)스타일리더,판매(매장종류별),부산진구,https://www.busanjob.net/view.do?no=1308&pgMode=show&id=812585
KR2026090700022369,,,[롯데백화점 부산본점] 타이레스토랑 GATE9(게이트나인) 홀 캡틴 채용,,㈜게이트에프앤비 동탄점,,진구,https://www.busanjob.net/view.do?no=1308&pgMode=show&id=807913
KR2026090700017447,,,[루시앙베이커리 사직점]로테이션 근무 직원 구인,,주식회사루시앙사직,외식업·식음료,연제구,https://www.busanjob.net/view.do?no=1308&pgMode=show&id=814569
KR2026090700018372,,,[리더스손해사정] 정보입력팀 직원 채용,,리더스손해사정주식회사,손해 사정업,동구,https://www.busanjob.net/view.do?no=1308&pgMode=show&id=813437
KR2026090700024208,,,[메이퓨어+채용] 신입 가능 · 빠른 성장 · 안정 - 부산덕천점,,메이퓨어의원,의료(진료과목별),북구,https://www.busanjob.net/view.do?no=1308&pgMode=show&id=805002
KR2026090700131408,,,[멕헬스케어] 부산지사 호흡사업부 채용,,㈜멕헬스케어,,양산시,https://www.jobkorea.co.kr/Recruit/GI_Read/49919764
KR2026090700024056,,,[모발이식/탈모전문] 병원에서 인포데스크 모집합니다.,,헤어로의원,의료(진료과목별),부산진구,https://www.busanjob.net/view.do?no=1308&pgMode=show&id=805211
KR2026090700031939,,,[모비벅스]A/S부 팀원 채용 -고객 만족을 실현할 인재 모집,,모비벅스,기계·설비·자동차,강서구,https://www.busanjob.net/view.do?no=1308&pgMode=show&id=770193
KR2026090700033744,,,"[미국/CA] CJ Logistics America Bloomington, CA WM Field Operations 인턴 채용",,,,,https://www.busanjob.net/view.do?no=1310&pgMode=show&id=https://www.worldjob.or.kr/advnc/view.do?menuId=1000000014&dobType=1&joCrtfcNo=E20211213001&joCrtfcDsp=113&joCrtfcDspSn=1&rtnIp=183.103.55.151&dsptcKsco=&continent=&epmt61=
KR2026090700033746,,,[미국/CA] CJ Logistics America Rancho CA Freight Forwarding 인턴 채용,,,,,https://www.busanjob.net/view.do?no=1310&pgMode=show&id=https://www.worldjob.or.kr/advnc/view.do?menuId=1000000014&dobType=1&joCrtfcNo=E20211213001&joCrtfcDsp=115&joCrtfcDspSn=1&rtnIp=183.103.55.151&dsptcKsco=&continent=&epmt61=
KR2026090700033743,,,"[미국/IL] CJ Logistics America Des Plaines, IL지점 Freight Forwarding 인턴 채용",,,,,https://www.busanjob.net/view.do?no=1310&pgMode=show&id=https://www.worldjob.or.kr/advnc/view.do?menuId=1000000014&dobType=1&joCrtfcNo=E20211213001&joCrtfcDsp=111&joCrtfcDspSn=1&rtnIp=183.103.55.151&dsptcKsco=&continent=&epmt61=
KR2026090700033745,,,"[미국/IL] CJ Logistics America Matteson, IL 지점 WM Field Operations 인턴 채용",,,,,https://www.busanjob.net/view.do?no=1310&pgMode=show&id=https://www.worldjob.or.kr/advnc/view.do?menuId=1000000014&dobType=1&joCrtfcNo=E20211213001&joCrtfcDsp=114&joCrtfcDspSn=1&rtnIp=183.103.55.151&dsptcKsco=&continent=&epmt61=
KR2026090700033888,,,"[미국/IL] FNS 시카고 Joliet, IL 지점 Logistics Coordinator 인턴 채용",,,,,https://www.busanjob.net/view.do?no=1310&pgMode=show&id=https://www.worldjob.or.kr/advnc/view.do?menuId=1000000014&dobType=1&joCrtfcNo=E20210819001&joCrtfcDsp=155&joCrtfcDspSn=1&rtnIp=183.103.55.151&dsptcKsco=&continent=&epmt61=
KR2026090700033737,,,"[미국/TN] CJ Logistics America Clarksville, TN Freight Forwarding 인턴 채용",,,,,https://www.busanjob.net/view.do?no=1310&pgMode=show&id=https://www.worldjob.or.kr/advnc/view.do?menuId=1000000014&dobType=1&joCrtfcNo=E20211213001&joCrtfcDsp=112&joCrtfcDspSn=1&rtnIp=183.103.55.151&dsptcKsco=&continent=&epmt61=
KR2026090700033926,,,[미국] 중견기업 슈피겐 라이프 스타일 디자인기업 – 이커머스 인턴 채용,,,,,https://www.busanjob.net/view.do?no=1310&pgMode=show&id=https://www.worldjob.or.kr/advnc/view.do?menuId=1000000014&dobType=1&joCrtfcNo=E20240226001&joCrtfcDsp=55&joCrtfcDspSn=1&rtnIp=183.103.55.151&dsptcKsco=&continent=&epmt61=
KR2026090700025502,,,"[바이엘코리아] Customer Squad Lead Korea 2(부산,정규직,연장)",,바이엘코리아(주),제약·보건·바이오,남구,https://www.busanjob.net/view.do?no=1308&pgMode=show&id=802729
KR2026090700025423,,,[반룡산단점] GS25편의점 근무자 모집,,이삭푸드서비스㈜,외식업·식음료,기장군,https://www.busanjob.net/view.do?no=1308&pgMode=show&id=802903
KR2026090700161256,,,[방문요양] 부산진구 가야동 5등급 여자어르신 주5일,,효성방문요양센터,,부산진구,https://job.career.co.kr/recruit/view/22134644
KR2026090700161188,,,[방문요양] 사상구 CU 덕포덕상로점 근처 4등급 여자어르신 주5일,,효성방문요양센터,,사상구,https://job.career.co.kr/recruit/view/22176257
KR2026090700161229,,,[방문요양] 사상구 백양대로879 (모라공원 근처) 5등급 여자어르신 주5일,,효성방문요양센터,,사상구,https://job.career.co.kr/recruit/view/22151908
KR2026090700025736,,,[밴스의원 센텀점] 진료팀 직원 모집합니다.,,부산센텀밴스의원,의료(진료과목별),해운대구,https://www.busanjob.net/view.do?no=1308&pgMode=show&id=802253
KR2026090700161251,,,"[범일동] 3등급 80세 할아버지, 4등급 할머니 78세 부부케어/ 오전 8시30분~오후 1시30분(5시간) / 주6일 /",,한아름노인복지센터,,동구,https://job.career.co.kr/recruit/view/22139777
KR2026090700033718,,,[베트남] 베트남 유영비나 염색 관리자 채용,,,,,https://www.busanjob.net/view.do?no=1310&pgMode=show&id=https://www.worldjob.or.kr/advnc/view.do?menuId=1000000014&dobType=1&joCrtfcNo=E20260811015&joCrtfcDsp=2&joCrtfcDspSn=1&rtnIp=183.103.55.151&dsptcKsco=&continent=&epmt61=
KR2026090700032500,,,[보니타] 여성쇼핑몰 쇼핑몰업무 직원채용,,보니타(bonita),쇼핑몰·오픈마켓,연제구,https://www.busanjob.net/view.do?no=1308&pgMode=show&id=752263
KR2026090700032449,,,[보니타] 여성쇼핑몰 정직원채용합니다,,보니타(bonita),쇼핑몰·오픈마켓,연제구,https://www.busanjob.net/view.do?no=1308&pgMode=show&id=754069
KR2026090700030584,,,[보니타] 여성의류 쇼핑몰 웹디 및 쇼핑몰업무 직원채용,,보니타(bonita),판매(상품품목별),연제구,https://www.busanjob.net/view.do?no=1308&pgMode=show&id=783960
KR2026090700031332,,,[보청기전문센터] 웨이브히어링 부산직영점 인재 채용,,㈜아게이트,,진구,https://www.busanjob.net/view.do?no=1308&pgMode=show&id=779301
KR2026090700026842,,,[부강테크(주)] 원가팀 팀원 모집(과장급 구인),,부강테크(주),기계·설비·자동차,사상구,https://www.busanjob.net/view.do?no=1308&pgMode=show&id=800157
KR2026090700017199,,,[부산 1위 외식/웨딩] (주)더파티/W웨딩 웨딩예약실 직원 모집,,(주)더블유웨딩시티누리엔,웨딩·장례·이벤트,금정구,https://www.busanjob.net/view.do?no=1308&pgMode=show&id=814891
KR2026090700032834,,,[부산 1위 외식/웨딩사] (주)더파티/W웨딩 상담예약실 경력직,,(주)더파티,웨딩·장례·이벤트,강서구,https://www.busanjob.net/view.do?no=1308&pgMode=show&id=741834
KR2026090700026297,,,[부산 1위 외식브랜드] (주)더파티 김해 직영점 홀관리자/홀담당자 모집,,더리본㈜더파티센텀,,강서구,https://www.busanjob.net/view.do?no=1308&pgMode=show&id=801224
KR2026090700024824,,,[부산 1위 웨딩사] (주)더파티/W웨딩 신입 웨딩플래너 채용,,(주)더블유웨딩시티누리엔,웨딩·장례·이벤트,부산진구,https://www.busanjob.net/view.do?no=1308&pgMode=show&id=803985
KR2026090700021874,,,"[부산 롯데월드] 테마파크 공연 음향,조명,무대팀 모집",,(주)어빌리커스,공연·예술·문화,기장군,https://www.busanjob.net/view.do?no=1308&pgMode=show&id=808653
KR2026090700017725,,,"[부산 롯데월드] 테마파크 공연 의상,분장팀 모집",,(주)어빌리커스,공연·예술·문화,기장군,https://www.busanjob.net/view.do?no=1308&pgMode=show&id=814213
KR2026090700028478,,,[부산 상가·빌딩]실전으로 성장할 공인중개사·중개보조원 채용,,경성부동산중개사무소,부동산·임대·중개,부산진구,https://www.busanjob.net/view.do?no=1308&pgMode=show&id=796274
KR2026090700032054,,,[부산 서면] 일본 동남아 서구권 CIS 등 해외환자유치,,픽쓰,광고·홍보·전시,부산진구,https://www.busanjob.net/view.do?no=1308&pgMode=show&id=766587
KR2026090700031363,,,[부산 서면] 태국 해외환자유치 담당자,,픽쓰,광고·홍보·전시,부산진구,https://www.busanjob.net/view.do?no=1308&pgMode=show&id=779101
KR2026090700032404,,,[부산 해운대 센텀시티역] 건강기능식품 B2B몰 관리자 경력직,,(주)디에이치트레이딩,유통·무역·상사,금정구,https://www.busanjob.net/view.do?no=1308&pgMode=show&id=755297
KR2026090700025997,,,[부산 해운대] 잉글리시에그 직영센터 소속 액터 모집,,(주)잉글리시에그,출판·인쇄·사진,해운대구,https://www.busanjob.net/view.do?no=1308&pgMode=show&id=801832
KR2026090700023524,,,[부산 해운대구] 더샵센텀파크1차 커뮤니티센터 오전 인포데스크 구인,,라곰스포츠,,해운대구,https://www.busanjob.net/view.do?no=1308&pgMode=show&id=806153
KR2026090700092061,,,[부산/경남/울산]경정청구 컨설팅 파트너(초보/경력 프리랜서/조직장),,에브리어스,,달성군,https://www.jobkorea.co.kr/Recruit/GI_Read/49873188
KR2026090700020585,,,[부산/경남] 병.의원 전문의약품 거래처 관리 담당자,,주식회사 환인터내셔널,제약·보건·바이오,연제구,https://www.busanjob.net/view.do?no=1308&pgMode=show&id=810512
KR2026090700032571,,,[부산/경력무관] PM셀 - 일본 LPM(게임사업/서비스),,트리노드 주식회사,네트워크·통신·모바일,해운대구,https://www.busanjob.net/view.do?no=1308&pgMode=show&id=749998
KR2026090700032845,,,[부산/사직동] 사케 & 스시이자카야 오픈멤버 모집합니다.,,카모메식당센텀지점,외식업·식음료,동래구,https://www.busanjob.net/view.do?no=1308&pgMode=show&id=741400
KR2026090700033218,,,[부산/신림/일산] 직업훈련기관 취업지원 담당 정규직 채용공고,,엠비씨(MBC)아카데미 컴퓨터학원,학원·어학원,부산진구,https://www.busanjob.net/view.do?no=1308&pgMode=show&id=729656
KR2026090700032308,,,[부산/외국계] Associate Business Systems Analyst II,,한국암웨이(주),유통·무역·상사,해운대구,https://www.busanjob.net/view.do?no=1308&pgMode=show&id=757851
KR2026090700026357,,,[부산/진구] 가인미가 피부관리/얼굴마사지/에스테틱/정규직,,(주)가인미가그룹,뷰티·미용,부산진구,https://www.busanjob.net/view.do?no=1308&pgMode=show&id=801113
KR2026090700016482,,,[부산/포워딩] 포워딩 직원 모집(우수한 인재를 모십니다),,(주)쎈트란스인터내셔날,운송·운수·물류,남구,https://www.busanjob.net/view.do?no=1308&pgMode=show&id=815749
KR2026090700032833,,,[부산1위 외식] (주)더파티 본사 영선 담당자 경력직 채용,,(주)더파티,실내·인테리어·조경,동래구,https://www.busanjob.net/view.do?no=1308&pgMode=show&id=741840
KR2026090700032186,,,[부산1위 웨딩] (주)W웨딩 드레스 셀렉샵 피팅/상담 신입 채용,,(주)더블유웨딩시티누리엔,판매(상품품목별),남구,https://www.busanjob.net/view.do?no=1308&pgMode=show&id=761985
KR2026090700032710,,,[부산1위 웨딩] (주)더블유웨딩 신규 한복 예복점 경력직 모집,,(주)더블유웨딩시티누리엔,외식업·식음료,부산진구,https://www.busanjob.net/view.do?no=1308&pgMode=show&id=745589
KR2026090700017811,,,[부산] 24시 UN동물의료센터 고양이센터 전담 수의테크니션 모집,,유앤동물의료센터,의료(진료과목별),남구,https://www.busanjob.net/view.do?no=1308&pgMode=show&id=814117
KR2026090700017810,,,[부산] 24시 UN동물의료센터 수의테크니션 모집,,유앤동물의료센터,의료(진료과목별),남구,https://www.busanjob.net/view.do?no=1308&pgMode=show&id=814118
KR2026090700032265,,,[부산] Data Manager,,셀렉트스타(주),네트워크·통신·모바일,사하구,https://www.busanjob.net/view.do?no=1308&pgMode=show&id=759185
KR2026090700016801,,,[부산] IDC(데이터센터) OP 모집,,(주)에스유소프트,솔루션·SI·ERP·CRM,사상구,https://www.busanjob.net/view.do?no=1308&pgMode=show&id=815366
KR2026090700116036,,,[부산] 보험관리자 및 금융아카데미,,굿리치㈜,,연제구,https://www.jobkorea.co.kr/Recruit/GI_Read/49913838
KR2026090700026221,,,[부산] 수출입 포워딩 업무 경력직 채용(계장~과장급),,우성해운(주),운송·운수·물류,중구,https://www.busanjob.net/view.do?no=1308&pgMode=show&id=801406
KR2026090700017415,,,[부산] 유공압 납품 사원 채용,,(주)태진기업,유통·무역·상사,사상구,https://www.busanjob.net/view.do?no=1308&pgMode=show&id=814607
KR2026090700024276,,,[부산] 주택도시 보증공사,,제이지티소프트,,남구,https://www.busanjob.net/view.do?no=1308&pgMode=show&id=804908
KR2026090700017411,,,[부산] 지오송지오 정직원 채용(신세계부산 아울렛)동부산x,,지오송지오신세계사이먼프리미엄아울렛부산점,판매(상품품목별),기장군,https://www.busanjob.net/view.do?no=1308&pgMode=show&id=814612
KR2026090700031773,,,[부산] 컨테이너 배차 보조 및 오퍼레이션 직원 모집,,(주)제이와이로지스틱스,운송·운수·물류,중구,https://www.busanjob.net/view.do?no=1308&pgMode=show&id=774896
KR2026090700032593,,,[부산]서구권 외국인 환자 유치 담당자 채용,,픽쓰,광고·홍보·전시,부산진구,https://www.busanjob.net/view.do?no=1308&pgMode=show&id=749791
KR2026090700001546,,,[부산대학교병원] 혈액종양내과 CRC 업무 보조 채용(투약업무),,부산대학교병원,,,https://job.nurscape.net/Jobs/Details/595926
KR2026090700029877,,,[부산시중앙신협] 출산휴가 대체 직원 채용 공고,,부산시중앙신용협동조합,은행·금융·저축,남구,https://www.busanjob.net/view.do?no=1308&pgMode=show&id=787986
KR2026090700029899,,,[부산시중앙신협] 출산휴가 대체 직원 채용 공고,,부산시중앙신협,,남구,https://www.busanjob.net/view.do?no=1308&pgMode=show&id=787773
KR2026090700028344,,,[부산울산 1위 웨딩사] (주)W웨딩 웨딩플래너 신규 모집,,(주)더블유웨딩시티누리엔,웨딩·장례·이벤트,남구,https://www.busanjob.net/view.do?no=1308&pgMode=show&id=796993
KR2026090700025267,,,[부산조달우수] 사업수행파트 인테리어 현장소장 채용,,(주)케이시스,반도체·광학·LCD,부산진구,https://www.busanjob.net/view.do?no=1308&pgMode=show&id=803180
KR2026090700018258,,,"[부산지사] 1종 재물, 대물 손해사정 경력직 채용",,대양화재특종손해사정(주),증권·보험·카드,남구,https://www.busanjob.net/view.do?no=1308&pgMode=show&id=813590
KR2026090700033272,,,[부산진구] KT&G상상마당 안내데스크 직원 채용 공고,,(주)에스텍시스템,시설관리·경비·용역,부산진구,https://www.busanjob.net/view.do?no=1308&pgMode=show&id=728127
KR2026090700020123,,,[부산진구] 힘찬동물병원에서 수의테크니션을 모집합니다,,힘찬동물병원,의료(진료과목별),부산진구,https://www.busanjob.net/view.do?no=1308&pgMode=show&id=811161
KR2026090700025625,,,[부산진구]정원동물병원 수의테크니션(주2~3일 근무) 모집,,정원동물병원,의료(진료과목별),부산진구,https://www.busanjob.net/view.do?no=1308&pgMode=show&id=802498
KR2026090700032374,,,[부산힘찬병원] 원무팀 사원 채용,,의료법인상원의료재단부산힘찬병원,의료(진료과목별),동래구,https://www.busanjob.net/view.do?no=1308&pgMode=show&id=756024
KR2026090700023426,,,[부울경 광역이음 일자리박람회 참가업체] 삼영엠티...,,삼영엠티(주),금속·재료·자재,강서구,https://www.jobkorea.co.kr/Recruit/GI_Read/5584446/Ext?siteCode=WN&sc=
KR2026090700033154,,,[북구 센트럴병원] 병원 시설과 채용 공고,,(의)신생의료재단 센트럴병원,의료(병원종류별),북구,https://www.busanjob.net/view.do?no=1308&pgMode=show&id=731542
KR2026090700027257,,,[블리비의원 양산점] 피부 추가 모집 #최고대우,,블리비의원,의료(진료과목별),강서구,https://www.busanjob.net/view.do?no=1308&pgMode=show&id=799315
KR2026090700018592,,,[비교의 힘] 인터넷 가입 인바운드 신입&경력자 모집,,비교의힘,판매(상품품목별),연제구,https://www.busanjob.net/view.do?no=1308&pgMode=show&id=813176
KR2026090700029845,,,[삼성화재금융서비스] 9년차 프로 이직러가 고심 끝에 만든 GA 종착지,,㈜삼성화재금융서비스보험대리점,,남구,https://www.busanjob.net/view.do?no=1308&pgMode=show&id=788253
KR2026090700034119,,,[상하이 소재 중견 게임사] 소셜미디어 운영 직군 모집,,,,,https://www.busanjob.net/view.do?no=1310&pgMode=show&id=https://www.worldjob.or.kr/advnc/view.do?menuId=1000000014&dobType=1&joCrtfcNo=E20220426035&joCrtfcDsp=19&joCrtfcDspSn=1&rtnIp=183.103.55.151&dsptcKsco=&continent=&epmt61=
KR2026090700032750,,,[서동 고깃집] 가게를 함께 키워갈 정직원 채용,,우리동네 갈비살,외식업·식음료,금정구,https://www.busanjob.net/view.do?no=1308&pgMode=show&id=744003
KR2026090700028234,,,[서면] 서일메디컬그룹의원 원무부 직원을 모집해요,,서일메디컬그룹의원,의료(진료과목별),부산진구,https://www.busanjob.net/view.do?no=1308&pgMode=show&id=797331
KR2026090700029590,,,[서면성모안과] 검안사 모집 신입/경력,,서면성모안과,의료(진료과목별),부산진구,https://www.busanjob.net/view.do?no=1308&pgMode=show&id=789981
KR2026090700021633,,,[서면올데이약국]에서 같이 근무하실 직원분 구합니다,,서면 올데이약국,판매(상품품목별),부산진구,https://www.busanjob.net/view.do?no=1308&pgMode=show&id=809008
KR2026090700017932,,,[서면올데이약국]에서 주중 야간 근무자(중국어가능) 모집합니다,,서면 올데이약국,판매(상품품목별),부산진구,https://www.busanjob.net/view.do?no=1308&pgMode=show&id=813986
KR2026090700029560,,,[서면좋은사람안과] 검안사 모집합니다,,서면좋은사람안과의원,의료(진료과목별),부산진구,https://www.busanjob.net/view.do?no=1308&pgMode=show&id=790149
KR2026090700031645,,,[서북 / 포토이즘] 부산 권역 포토이즘 SV(슈퍼바이저) 채용,,(주)서북,외식업·식음료,수영구,https://www.busanjob.net/view.do?no=1308&pgMode=show&id=777238
KR2026090700027372,,,"[서울, 경기] 호야 PCIOL Sales Specialist",,한국호야써지컬옵틱스(유),제약·보건·바이오,부산진구,https://www.busanjob.net/view.do?no=1308&pgMode=show&id=799121
KR2026090700032312,,,"[서울,부산,창원] 디원 프로세스 파트 신입 채용 공고",,(주)디원,솔루션·SI·ERP·CRM,남구,https://www.busanjob.net/view.do?no=1308&pgMode=show&id=757586
KR2026090700088344,,,[서울/대구/부산] 병원 Marketing 컨설턴트 (신입/경력),,㈜세마그룹,,,https://www.jobkorea.co.kr/Recruit/GI_Read/49684254
KR2026090700028669,,,[선생님이 오래 다니고 싶은 학원] 탄탄에듀-수학의힘 초등 파트,,주식회사 탄탄에듀-양정,학원·어학원,부산진구,https://www.busanjob.net/view.do?no=1308&pgMode=show&id=795379
KR2026090700029028,,,[선생님이 오래 다니고 싶은 학원]탄탄에듀-수학의힘 고등부,,주식회사 탄탄에듀-양정,학원·어학원,부산진구,https://www.busanjob.net/view.do?no=1308&pgMode=show&id=793464
KR2026090700030147,,,[센텀시티]큐비e센텀 공인중개사.보조원 채용,,큐비e센텀부동산공인중개사사무소,,해운대구,https://www.busanjob.net/view.do?no=1308&pgMode=show&id=786411
KR2026090700030421,,,[수변최고 돼지국밥] 롯데점  홀서비스팀,,수변최고돼지국밥,외식업·식음료,부산진구,https://www.busanjob.net/view.do?no=1308&pgMode=show&id=784856
KR2026090700020364,,,[수변최고 돼지국밥] 미포점 홀서비스,,수변최고돼지국밥,외식업·식음료,해운대구,https://www.busanjob.net/view.do?no=1308&pgMode=show&id=810824
KR2026090700031771,,,[수영역] 진료실 추가 모집 /주4.5일/야간 없음,,이안치과의원,의료(진료과목별),수영구,https://www.busanjob.net/view.do?no=1308&pgMode=show&id=774931
KR2026090700023898,,,[쉽커피 전포본점] 함께 할 베이커리 팀원을 모집합니다.,,쉽커피,외식업·식음료,부산진구,https://www.busanjob.net/view.do?no=1308&pgMode=show&id=805514
KR2026090700026420,,,[스페이스 원지] 레스토랑  홀 경력직 및 직원구인,,(주)갑원지,외식업·식음료,동구,https://www.busanjob.net/view.do?no=1308&pgMode=show&id=800989
KR2026090700023028,,,[시티캅/정규직] 출동직 사원 모집,,㈜시티캅,,남구,https://www.busanjob.net/view.do?no=1308&pgMode=show&id=806954
KR2026090700029722,,,[신규오픈] (주)푸드엔 안락점 대규모 채용,,(주)푸드엔 안락점,판매(매장종류별),동래구,https://www.busanjob.net/view.do?no=1308&pgMode=show&id=789119
KR2026090700026082,,,[신입/초보가능] 부서별 함께할분 모집,,아너스,,연제구,https://www.busanjob.net/view.do?no=1308&pgMode=show&id=801702
KR2026090700032102,,,[신입] 의료기기 의료소모품  납품 및 병원관리 (부산),,(주)삼흥인터내셔날,판매(상품품목별),해운대구,https://www.busanjob.net/view.do?no=1308&pgMode=show&id=764914
KR2026090700031958,,,[신입사원] 서비스 계약직 채용,,우동키노야BIFC2(스퀘어가든점),외식업·식음료,남구,https://www.busanjob.net/view.do?no=1308&pgMode=show&id=769366
KR2026090700031355,,,[신해운대 도보 5분] 좌동한의원 주5 치료실 선생님 모십니다,,해운대흥재한의원,의료(진료과목별),해운대구,https://www.busanjob.net/view.do?no=1308&pgMode=show&id=779177
KR2026090700030438,,,[아정당 계열사] 직영 스토어 운영팀 지원 담당자(신입가능/부산),,㈜아정네트웍스,,북구,https://www.busanjob.net/view.do?no=1308&pgMode=show&id=784706
KR2026090700028966,,,[아정당 부산] 채용 담당자 (미들급),,㈜아정네트웍스,,북구,https://www.busanjob.net/view.do?no=1308&pgMode=show&id=793848
KR2026090700028403,,,[아정당] 자산관리 담당자 (부산),,(주)아정네트웍스,쇼핑몰·오픈마켓,북구,https://www.busanjob.net/view.do?no=1308&pgMode=show&id=796615
KR2026090700019631,,,[안전 감시단] 부산 온천동 아파트 건설현장 안전감시단 모집,,주식회사 씨더블유산업,,동래구,https://www.busanjob.net/view.do?no=1308&pgMode=show&id=811861
KR2026090700017464,,,[안전감시단] 부산시 온천동 건설현장 안전감시단 모집,,(주)씨더블유산업,환경·설비,동래구,https://www.busanjob.net/view.do?no=1308&pgMode=show&id=814548
KR2026090700023237,,,[에즈에버]현장소장 1명 정규직 채용합니다,,에즈에버디자인스튜디오,실내·인테리어·조경,해운대구,https://www.busanjob.net/view.do?no=1308&pgMode=show&id=806629
KR2026090700031036,,,[에코코리아] 글로벌슈즈브랜드 ecco 롯데동부산아울렛 사원구인,,(유)에코코리아,판매(매장종류별),기장군,https://www.busanjob.net/view.do?no=1308&pgMode=show&id=781192
KR2026090700019327,,,[엠제이경매] 경매투자컨설턴트(명도/매도/임대)신입직원모집,,엠제이공인중개사사무소,부동산·임대·중개,연제구,https://www.busanjob.net/view.do?no=1308&pgMode=show&id=812261
KR2026090700025295,,,[연봉 3000이상]수영역 맑은숲구구팔한의원 데스크 직원 모집,,맑은숲구구팔한의원,의료(진료과목별),수영구,https://www.busanjob.net/view.do?no=1308&pgMode=show&id=803141
KR2026090700017707,,,[오또맨] 해운대 캐주얼 레스토랑 홀서비스 직원 채용,,오또맨,외식업·식음료,해운대구,https://www.busanjob.net/view.do?no=1308&pgMode=show&id=814235
KR2026090700025088,,,[온코리아] Sales Team 인턴 채용,,온코리아 유한회사,,사상구,https://www.busanjob.net/view.do?no=1308&pgMode=show&id=803502
KR2026090700031001,,,[온코리아] 신입/경력 채용,,온코리아 유한회사,,사상구,https://www.busanjob.net/view.do?no=1308&pgMode=show&id=781397
KR2026090700030181,,,[온택트헬스] 사업관리 및 운영(부산),,(주)온택트헬스,솔루션·SI·ERP·CRM,동구,https://www.busanjob.net/view.do?no=1308&pgMode=show&id=786268
KR2026090700027721,,,[올드머그커피앤베이커리] 휘낭시에 파트 정직원 모집,,올드머그커피앤베이커리(주),식품가공·개발,해운대구,https://www.busanjob.net/view.do?no=1308&pgMode=show&id=798324
KR2026090700031252,,,[외국계 기업] Sales Engineer 채용,,로토크콘트롤즈코리아(주),기계·설비·자동차,사상구,https://www.busanjob.net/view.do?no=1308&pgMode=show&id=779882
KR2026090700020628,,,[외국계] 데이터센터 건설 및 운영 경력사원 채용,,원아시아코리아유한책임회사,솔루션·SI·ERP·CRM,강서구,https://www.busanjob.net/view.do?no=1308&pgMode=show&id=810457
KR2026090700032460,,,[우리동네갈비살 덕천점] 함께할 정직원을 찾습니다,,우리동네갈비살 덕천점,외식업·식음료,북구,https://www.busanjob.net/view.do?no=1308&pgMode=show&id=753334
KR2026090700031901,,,[우진 오토모빌에서 직영팀 직원을 채용 합니다],,(주)우진오토모빌,판매(상품품목별),기장군,https://www.busanjob.net/view.do?no=1308&pgMode=show&id=771164
KR2026090700026763,,,[우하리키] 카페 마감 운영 직원 채용 공고,,주식회사한스에이치에스리테일,외식업·식음료,부산진구,https://www.busanjob.net/view.do?no=1308&pgMode=show&id=800281
KR2026090700031630,,,[운동사] 책임감 강하고 열정적인 운동사 모집,,밸런스브레인 부산시청점,레저·스포츠·여가,부산진구,https://www.busanjob.net/view.do?no=1308&pgMode=show&id=777357
KR2026090700022048,,,"[월급 300]광안리 해장의성지, `바로해장`에서 직원을 구합니다.",,바로해장,,수영구,https://www.busanjob.net/view.do?no=1308&pgMode=show&id=808386
KR2026090700033354,,,[위스트코마스코] 재경팀 경력직 채용,,위스트 코마스코(주),유통·무역·상사,영도구,https://www.busanjob.net/view.do?no=1308&pgMode=show&id=725983
KR2026090700017062,,,[이상동물병원] 경력직 수의테크니션분 모십니다.,,이상동물병원,의료(진료과목별),수영구,https://www.busanjob.net/view.do?no=1308&pgMode=show&id=815050
KR2026090700020726,,,[이샘병원] 검진사업본부 검진지원팀 직원 채용,,이샘병원,요양 병원,부산진구,https://www.jobkorea.co.kr/Recruit/GI_Read/49872845
KR2026090700020725,,,[이샘병원] 검진사업본부 진행청구팀 직원 채용,,이샘병원,요양 병원,부산진구,https://www.jobkorea.co.kr/Recruit/GI_Read/49872834
KR2026090700033679,,,[일본현지채용] 일본전국체인 144개! Dormy Inn Hotel&Resort 체인 스텝 모집,,,,,https://www.busanjob.net/view.do?no=1310&pgMode=show&id=https://www.worldjob.or.kr/advnc/view.do?menuId=1000000014&dobType=1&joCrtfcNo=E20221227002&joCrtfcDsp=44&joCrtfcDspSn=1&rtnIp=183.103.55.151&dsptcKsco=&continent=&epmt61=
KR2026090700029250,,,[자이엘리베이터] 부문별 신입/경력사원 채용,,자이엘리베이터㈜,,,https://www.busanjob.net/view.do?no=1308&pgMode=show&id=792087
KR2026090700100048,,,[자이엘리베이터] 부문별 신입/경력사원 채용,,자이엘리베이터㈜,기계·기계설비,서초구,https://www.jobkorea.co.kr/Recruit/GI_Read/49690897
KR2026090700018946,,,[전국] 눈높이 선생님 모집(러닝센터/방문),,(주)대교,교재·학습지,대구,https://www.busanjob.net/view.do?no=1308&pgMode=show&id=812738
KR2026090700022563,,,[전포 카페] 오프커스 베이커리 정직원 채용,,(주)비케이컴퍼니,외식업·식음료,부산진구,https://www.busanjob.net/view.do?no=1308&pgMode=show&id=807648
KR2026090700018994,,,[정규직]  도금현장 직원 채용,,성신공업(주),금속·재료·철강·요업,강서구,https://www.busanjob.net/view.do?no=1308&pgMode=show&id=812685
KR2026090700032341,,,[정규직] 관리부 경력직 모집 공고,,아진테크(주),전기·전자·제어,강서구,https://www.busanjob.net/view.do?no=1308&pgMode=show&id=757033
KR2026090700023675,,,[정규직] 기술부 정규직 직원 모집 공고,,아진테크(주),전기·전자·제어,강서구,https://www.busanjob.net/view.do?no=1308&pgMode=show&id=757026
KR2026090700032936,,,[정규직] 도매사업부 납품·재고관리 사원 모집(1명),,(주)광명생약,제약·보건·바이오,남구,https://www.busanjob.net/view.do?no=1308&pgMode=show&id=738731
KR2026090700028526,,,[정규직] 소매업 관리 경력무관 채용,,태양상사,유통·무역·상사,강서구,https://www.busanjob.net/view.do?no=1308&pgMode=show&id=796043
KR2026090700018626,,,[제니크의원 센텀] 쁘띠 직원 모집,,제니크의원,의료(진료과목별),해운대구,https://www.busanjob.net/view.do?no=1308&pgMode=show&id=813135
KR2026090700017896,,,[제니크의원 센텀] 제모실 직원 모집,,제니크의원,의료(진료과목별),해운대구,https://www.busanjob.net/view.do?no=1308&pgMode=show&id=814025
KR2026090700015290,,,[제이에스테크] 양산사업장 측정파트 정규직 직원 채용,,제이에스테크㈜양산,금속·재료·철강·요업,양산시,https://www.jobkorea.co.kr/Recruit/GI_Read/49825044
KR2026090700032472,,,[제이에스티나] 신세계 센텀 주니어&시니어 구인 (3200~),,(주)제이에스티나,섬유·의류·패션,해운대구,https://www.busanjob.net/view.do?no=1308&pgMode=show&id=753239
KR2026090700018405,,,[제일약품 그룹] 부문별 인재모집,,제일약품㈜,,,https://www.busanjob.net/view.do?no=1308&pgMode=show&id=813396
KR2026090700028045,,,[주5일] 해운대 셀리즈피부과 피부관리팀 추가 모집,,셀리즈피부과의원,의료(진료과목별),해운대구,https://www.busanjob.net/view.do?no=1308&pgMode=show&id=797706
KR2026090700028871,,,[주5일] 해운대 장산역 안과 검안사 모집,,푸른숲안과의원,의료(진료과목별),해운대구,https://www.busanjob.net/view.do?no=1308&pgMode=show&id=794319
KR2026090700032625,,,[주5일]월290 정직원 및 주4-5일 파트근로자 채용중,,(주)이에이치삼,외식업·식음료,남구,https://www.busanjob.net/view.do?no=1308&pgMode=show&id=748940
KR2026090700033363,,,[주식회사 프레드피자] 2026 슈퍼바이저팀 채용,,(주)프레드피자,외식업·식음료,남구,https://www.busanjob.net/view.do?no=1308&pgMode=show&id=725895
KR2026090700024612,,,[중국어학원] 상담 데스크 및 학원 운영지원 직원 채용,,북경중국어학원,학원·어학원,부산진구,https://www.busanjob.net/view.do?no=1308&pgMode=show&id=804281
KR2026090700021288,,,[중증장애인전형/재택] 장애예술인 상시모집,,한국장애인고용정보센터,협회·단체,수원시,https://www.jobkorea.co.kr/Recruit/GI_Read/49853405
KR2026090700025431,,,[중증장애인전형/재택] 장애예술인 상시모집,,한국장애인고용정보센터,,진구,https://www.busanjob.net/view.do?no=1308&pgMode=show&id=802884
KR2026090700029000,,,[지선렌트카] 차량관리 및 배회차 직원 모집,,주식회사지선렌트카부산지점,렌탈·임대,남구,https://www.busanjob.net/view.do?no=1308&pgMode=show&id=793677
KR2026090700019797,,,[직접입력] 전산배차담당 신입.경력사원 채용(정규직),,(주)금아물류,운송·운수·물류,중구,https://www.busanjob.net/view.do?no=1308&pgMode=show&id=811631
KR2026090700025345,,,[직접입력] 전산배차담당 신입사원 채용(정규직),,(주)금아물류,운송·운수·물류,중구,https://www.busanjob.net/view.do?no=1308&pgMode=show&id=803062
KR2026090700031303,,,[초보환영]  소속 공인 중개사 모집 상가전문,,유신공인중개사사무소,부동산·임대·중개,연제구,https://www.busanjob.net/view.do?no=1308&pgMode=show&id=779500
KR2026090700033072,,,[최강복지]주4.5일- 데스크(경력) 채용합니다 /수습급여100프로,,김해안아픈치과,의료(진료과목별),김해시,https://www.busanjob.net/view.do?no=1308&pgMode=show&id=734540
KR2026090700027178,,,"[최소 3,600 보장/주5일] 전국 5호점 확장 증원 학습 코치 채용",,㈜코치마이웨이,,,https://www.busanjob.net/view.do?no=1308&pgMode=show&id=799457
KR2026090700033531,,,[추가 모집] 예이린 사회적 협동조합 파견전문가 모집,,예이린 사회적협동조합,사회복지,동래구,https://www.busanjob.net/view.do?no=1308&pgMode=show&id=714551
KR2026090700028484,,,[춘해보건대학교병원] 원무 경력직 계장급 구인 공고,,(학)춘해학원,의료(병원종류별),부산진구,https://www.busanjob.net/view.do?no=1308&pgMode=show&id=796255
KR2026090700025841,,,[캐주얼 다이닝 라비꽁띠뉴] 콜드 및 피자 파트 모집,,라비꽁띠뉴,외식업·식음료,해운대구,https://www.busanjob.net/view.do?no=1308&pgMode=show&id=802073
KR2026090700032251,,,[캐주얼 다이닝 라비꽁띠뉴] 핫파트 모집,,라비꽁띠뉴,외식업·식음료,해운대구,https://www.busanjob.net/view.do?no=1308&pgMode=show&id=759566
KR2026090700033492,,,[캐주얼 다이닝 라비꽁띠뉴] 핫파트 팀원 모집,,라비꽁띠뉴,외식업·식음료,해운대구,https://www.busanjob.net/view.do?no=1308&pgMode=show&id=720430
KR2026090700025442,,,[코리아펫아카데미 부산] 사업부(상담) 채용,,㈜코리아펫아카데미,,진구,https://www.busanjob.net/view.do?no=1308&pgMode=show&id=802867
KR2026090700022194,,,[코스메디션] 화장품 BM 담당자 채용 (경력),,(주)코스메디션,화장품·뷰티,해운대구,https://www.busanjob.net/view.do?no=1308&pgMode=show&id=808182
KR2026090700138061,,,[코오롱모터스] BMW 경상권 서비스센터 채용 (대구/구미/김해/부산),,코오롱모터스㈜,,동구,https://www.jobkorea.co.kr/Recruit/GI_Read/49807594
KR2026090700031987,,,[클루커스 부산캠퍼스] Microsoft Sales 모집,,(주)클루커스 부산캠퍼스,솔루션·SI·ERP·CRM,해운대구,https://www.busanjob.net/view.do?no=1308&pgMode=show&id=768593
KR2026090700026440,,,[키즈카페] 닥터밸런스 롯데백화점 광복점 정직원 채용합니다.,,(주)밸런스월드,레저·스포츠·여가,중구,https://www.busanjob.net/view.do?no=1308&pgMode=show&id=800963
KR2026090700027821,,,"[탄티]베이커리 경력자 / 신입, 초보 모집합니다",,(주)리원에프앤씨,외식업·식음료,기장군,https://www.busanjob.net/view.do?no=1308&pgMode=show&id=798160
KR2026090700026185,,,[탐앤탐스] 블랙 달맞이점 직원 채용,,(주)에이에스피컴퍼니대부,외식업·식음료,해운대구,https://www.busanjob.net/view.do?no=1308&pgMode=show&id=801462
KR2026090700033120,,,[파라다이스부산카지노] 스낵바(F&B) 직원 모집,,(주)IBS인더스트리지점,호텔·여행·항공,해운대구,https://www.busanjob.net/view.do?no=1308&pgMode=show&id=733131
KR2026090700031781,,,[파티쉐] 경력직 모집,,바타비아,외식업·식음료,북구,https://www.busanjob.net/view.do?no=1308&pgMode=show&id=774544
KR2026090700016726,,,[폐기물재활용] 단순 선별직 모집,,엠함안(주),환경,사하구,https://www.busanjob.net/view.do?no=1308&pgMode=show&id=815452
KR2026090700032477,,,[포워더] 해상수입 전산업무 관리 담당자 채용 진행건,,(주)엠씨티티,운송·운수·물류,서구,https://www.busanjob.net/view.do?no=1308&pgMode=show&id=753171
KR2026090700024529,,,[포포즈 부산점] 반려동물장례식장 장례지도사,,㈜펫닥,,기장군,https://www.busanjob.net/view.do?no=1308&pgMode=show&id=804448
KR2026090700025427,,,[하삼동커피] 부산반룡산단점 근무자 채용,,이삭푸드서비스㈜,외식업·식음료,기장군,https://www.busanjob.net/view.do?no=1308&pgMode=show&id=802896
KR2026090700029104,,,[하얏트플레이스 부산연산] IT(전산) 담당 채용,,하얏트플레이스부산연산,호텔·여행·항공,연제구,https://www.busanjob.net/view.do?no=1308&pgMode=show&id=793091
KR2026090700029105,,,[하얏트플레이스 부산연산] 예약실(Reservations) 직원 채용,,하얏트플레이스부산연산,호텔·여행·항공,연제구,https://www.busanjob.net/view.do?no=1308&pgMode=show&id=793090
KR2026090700029117,,,[하카코리아] 고객관리팀 채용,,(주)하카코리아,판매(매장종류별),해운대구,https://www.busanjob.net/view.do?no=1308&pgMode=show&id=792971
KR2026090700031783,,,[한국애보트] 진단사업부 Technical Service 대구/부산,,한국애보트(주),제약·보건·바이오,동구,https://www.busanjob.net/view.do?no=1308&pgMode=show&id=774256
KR2026090700025603,,,[해운대 / 모엣] 의류쇼핑몰 운영 경력자 상시 채용합니다,,비비엠 코퍼레이션,쇼핑몰·오픈마켓,해운대구,https://www.busanjob.net/view.do?no=1308&pgMode=show&id=802544
KR2026090700025806,,,[해운대 ] 캐주얼 다이닝 홀서비스 직원을 모집합니다,,오또맨,,해운대구,https://www.busanjob.net/view.do?no=1308&pgMode=show&id=802140
KR2026090700021310,,,"[해운대 미포] '후스후무무' 베이커리 정직원 1명,주말1명 구인",,주식회사후스후무무,외식업·식음료,해운대구,https://www.busanjob.net/view.do?no=1308&pgMode=show&id=809505
KR2026090700025538,,,[해운대 클럽디오아시스] 워터파크 렌탈샵 근무자 채용,,이도클럽디해운대(주),레저·스포츠·여가,해운대구,https://www.busanjob.net/view.do?no=1308&pgMode=show&id=802662
KR2026090700024060,,,[해운대 홀서비스] 정직원 모집합니다.,,쌈보보쌈 해운대점,외식업·식음료,해운대구,https://www.busanjob.net/view.do?no=1308&pgMode=show&id=805205
KR2026090700078267,,,[해운대/주5일/정규전환] 산부인과 입점 데스크 영양플래너 채용,,㈜키스템프,,해운대구,https://www.jobkorea.co.kr/Recruit/GI_Read/49599862
KR2026090700027705,,,[해운대] 탐앤탐스블랙 달맞이점 정직원 구합니다,,(주)에이에스피컴퍼니대부,외식업·식음료,해운대구,https://www.busanjob.net/view.do?no=1308&pgMode=show&id=798356
KR2026090700027575,,,[해운대자생한방병원]  약제팀 업무 보조 직원 채용,,해운대자생한방병원,의료(병원종류별),해운대구,https://www.busanjob.net/view.do?no=1308&pgMode=show&id=798694
KR2026090700032933,,,[현대MOBIS 1차사] 공장관리팀 신입 채용 (정규직),,(주)삼성정밀,기계·설비·자동차,강서구,https://www.busanjob.net/view.do?no=1308&pgMode=show&id=738769
KR2026090700027845,,,[호맥] 본사 SV슈퍼바이저 정규직 모집공고(신입),,(주)호맥,외식업·식음료,동래구,https://www.busanjob.net/view.do?no=1308&pgMode=show&id=798118
KR2026090700033911,,,[호주 브리즈번] THE SIKSA North Lakes 한식당 COOK 채용,,,,,https://www.busanjob.net/view.do?no=1310&pgMode=show&id=https://www.worldjob.or.kr/advnc/view.do?menuId=1000000014&dobType=1&joCrtfcNo=E20260901001&joCrtfcDsp=1&joCrtfcDspSn=1&rtnIp=183.103.55.151&dsptcKsco=&continent=&epmt61=
KR2026090700033736,,,[호주] 하나로마트 NSW주 지역 - Retail Assistant 모집,,,,,https://www.busanjob.net/view.do?no=1310&pgMode=show&id=https://www.worldjob.or.kr/advnc/view.do?menuId=1000000014&dobType=1&joCrtfcNo=E20250130003&joCrtfcDsp=14&joCrtfcDspSn=1&rtnIp=183.103.55.151&dsptcKsco=&continent=&epmt61=
KR2026090700033735,,,[호주] 하나로마트 QLD주 지역 - Retail Assistant 모집,,,,,https://www.busanjob.net/view.do?no=1310&pgMode=show&id=https://www.worldjob.or.kr/advnc/view.do?menuId=1000000014&dobType=1&joCrtfcNo=E20250731011&joCrtfcDsp=11&joCrtfcDspSn=1&rtnIp=183.103.55.151&dsptcKsco=&continent=&epmt61=
KR2026090700024203,,,[홀 경력직] F&B 직영점 쌈보보쌈에서 직원을 모집합니다.,,쌈보보쌈,외식업·식음료,동래구,https://www.busanjob.net/view.do?no=1308&pgMode=show&id=805012
KR2026090700033066,,,[화락바베큐치킨] 부산 직영 1호점 운영 멤버(정규직/파트) 채용,,에이치에프비지(주),외식업·식음료,부산진구,https://www.busanjob.net/view.do?no=1308&pgMode=show&id=734650
KR2026090700032668,,,[화락바베큐치킨] 부울경(영남권) SV 채용,,에이치에프비지(주),외식업·식음료,부산진구,https://www.busanjob.net/view.do?no=1308&pgMode=show&id=747780
KR2026090700031761,,,[화명연세안과] 수술팀 모집합니다,,화명연세안과의원,의료(진료과목별),북구,https://www.busanjob.net/view.do?no=1308&pgMode=show&id=775326
KR2026090700027716,,,[확장이전] 수영구 남천동 이비인후과 청능사(청각사) 모집,,비에스(BS)숨이비인후과의원,의료(진료과목별),사하구,https://www.busanjob.net/view.do?no=1308&pgMode=show&id=798331
KR2026090700018427,,,■육아휴직 대체 인력 ■  [(주)맨투맨]롯데몰동...,,주식회사 맨투맨,경비 및 경호 서비스업,기장군,https://www.busanjob.net/view.do?no=1308&pgMode=show&id=813370
KR2026090700033903,,,★비자발급비 지원★[미국/뉴욕] 맨하튼 중심 전통 한식 레스토랑 가온누리 – 라인쿡 채용,,,,,https://www.busanjob.net/view.do?no=1310&pgMode=show&id=https://www.worldjob.or.kr/advnc/view.do?menuId=1000000014&dobType=1&joCrtfcNo=E20240504001&joCrtfcDsp=38&joCrtfcDspSn=1&rtnIp=183.103.55.151&dsptcKsco=&continent=&epmt61=
KR2026090700161227,,,『2026 중장년 리스타트 잡페어 간접 참가기업』 (도시고속도로- 녹지관리) 참여자  모집,,사단법인 삼성희망네트워크,,해운대구,https://job.career.co.kr/recruit/view/22154653
KR2026090700023523,,,『2026 중장년 리스타트 잡페어 간접 참가기업』...,,사단법인 삼성희망네트워크,사회복지 상담서비스 제공업,해운대구,https://www.busanjob.net/view.do?no=1308&pgMode=show&id=806156
KR2026090700034077,,,【人事担当募集】★GOP／人事総務チーム,,,,,https://www.busanjob.net/view.do?no=1310&pgMode=show&id=https://www.worldjob.or.kr/advnc/view.do?menuId=1000000014&dobType=1&joCrtfcNo=E20260904004&joCrtfcDsp=1&joCrtfcDspSn=1&rtnIp=183.103.55.151&dsptcKsco=&continent=&epmt61=
KR2026090700023982,,,㈜영신디엔씨 각분야 신입/경력 채용,,㈜영신디엔씨,,,https://www.busanjob.net/view.do?no=1308&pgMode=show&id=805366
KR2026090700016243,,,가족 같은 분위기에서 검안사 선생님 모셔요++,,이영안과,의료(진료과목별),동구,https://www.busanjob.net/view.do?no=1308&pgMode=show&id=816008
KR2026090700029165,,,각 부문별 신입/경력 수시채용,,알비파트너스 주식회사(RBpartners),부동산·임대·중개,강서구,https://www.busanjob.net/view.do?no=1308&pgMode=show&id=792678
KR2026090700027700,,,감염관리전담자 모집,,의)청십자의료재단 행복한병원,의료(병원종류별),부산진구,https://www.busanjob.net/view.do?no=1308&pgMode=show&id=798372
KR2026090700025561,,,감천문화마을 리틀프린스하우스 상설 전시관 주말 STAFF 채용,,(주)리틀프린스하우스,레저·스포츠·여가,사하구,https://www.busanjob.net/view.do?no=1308&pgMode=show&id=802622
KR2026090700026252,,,같이 즐겁게 일할 분 구해요,,Classy,,연제구,https://www.busanjob.net/view.do?no=1308&pgMode=show&id=801348
KR2026090700026574,,,거래처 납품 준비,,동아밸브공업사,기계·설비·자동차,강서구,https://www.busanjob.net/view.do?no=1308&pgMode=show&id=800673
KR2026090700016314,,,거래처관리/업무관리자 모집 (대리 / 과장급 모집).,,씨에이치테크,기계·설비·자동차,강서구,https://www.busanjob.net/view.do?no=1308&pgMode=show&id=815932
KR2026090700024948,,,건강만세365 통증클리닉 1명 구인,,건강만세365병원,의료(진료과목별),중구,https://www.busanjob.net/view.do?no=1308&pgMode=show&id=803746
KR2026090700023337,,,건물 관리담당(상가) 채용,,㈜에이멘글로벌,,진구,https://www.busanjob.net/view.do?no=1308&pgMode=show&id=806470
KR2026090700017742,,,건설 철거 해체 현장 관리자 공고 채용(경력필수),,(주)국보엔지니어링,건설·건축·토목·시공,강서구,https://www.busanjob.net/view.do?no=1308&pgMode=show&id=814195
KR2026090700023223,,,"검안사 구합니다 (신입,경력 무관)",,정근안과병원,의료(진료과목별),부산진구,https://www.busanjob.net/view.do?no=1308&pgMode=show&id=806649
KR2026090700017731,,,경성대앞 카페위드 정직원 채용(주35시간/6개월마다 120만상여금,,카페위드 컬쳐,외식업·식음료,남구,https://www.busanjob.net/view.do?no=1308&pgMode=show&id=814207
KR2026090700020674,,,경성대학교 계약직 신규채용(성과관리센터),,경성대학교,초중고·대학,남구,https://www.jobkorea.co.kr/Recruit/GI_Read/49873533
KR2026090700026009,,,경주 문화 해설 프로그램 운영 프리랜서 가이드 모집,,(주)에듀피플스,학원·어학원,동구,https://www.busanjob.net/view.do?no=1308&pgMode=show&id=801815
KR2026090700027179,,,고객관리 및 응대 하실 분 구해요,,Classy,,연제구,https://www.busanjob.net/view.do?no=1308&pgMode=show&id=799456
KR2026090700022493,,,고든몸한의원 데스크/코디 직원분 구인합니다.,,고든몸한의원,의료(진료과목별),사하구,https://www.busanjob.net/view.do?no=1308&pgMode=show&id=807741
KR2026090700026815,,,공급실 직원 모집,,(재)베스티안재단베스티안부산병원,의료(병원종류별),북구,https://www.busanjob.net/view.do?no=1308&pgMode=show&id=800193
KR2026090700025757,,,공기압축기(Air Compressor) 서비스팀 모집,,(주)유니언에어,기계·설비·자동차,강서구,https://www.busanjob.net/view.do?no=1308&pgMode=show&id=802221
KR2026090700025008,,,관리부 신입 및 경력직 채용,,도우산업(주),조선·항공·우주,강서구,https://www.busanjob.net/view.do?no=1308&pgMode=show&id=803643
KR2026090700032388,,,관리팀 경력자 채용,,(주)케이셀바이오사이언스,제약·보건·바이오,기장군,https://www.busanjob.net/view.do?no=1308&pgMode=show&id=755529
KR2026090700032289,,,관리팀 신입 / 전산팀 경력 인원 모집(각1명),,(주)마이텍,기타제조업,강서구,https://www.busanjob.net/view.do?no=1308&pgMode=show&id=758330
KR2026090700031538,,,광안동 / 중·고1 수학 전임(주 5일) / 파트(주 3일),,더함수학학원,학원·어학원,수영구,https://www.busanjob.net/view.do?no=1308&pgMode=show&id=778019
KR2026090700031894,,,광안리 / 바카 커피 라운지 광안리 카페 정직원 모집,,바카커피라운지,외식업·식음료,수영구,https://www.busanjob.net/view.do?no=1308&pgMode=show&id=771264
KR2026090700142687,,,구인모집,,디에스테크,기계·기계설비,강서구,https://www.jobkorea.co.kr/Recruit/GI_Read/5530531/Ext?siteCode=WN&sc=
KR2026090700031994,,,"구조해석, 열해석 전문가 모집",,"주식회사매크리오(MACRYOCo.,Ltd)",조선·항공·우주,해운대구,https://www.busanjob.net/view.do?no=1308&pgMode=show&id=768290
KR2026090700015405,,,국제인쇄(주) 인쇄 보조 사원 구인,,국제인쇄(주),기타제조업,사상구,https://www.busanjob.net/view.do?no=1308&pgMode=show&id=816971
KR2026090700032856,,,굴뚝빵만드는 카페 필리밀커피 (동래연제)점 입니다,,와이피컴퍼니(주),외식업·식음료,동래구,https://www.busanjob.net/view.do?no=1308&pgMode=show&id=740890
KR2026090700019877,,,굿리치IMC에서 함께 성장하실 신입&경력직원모집합니다,,굿리치IMC부산,증권·보험·카드,남구,https://www.busanjob.net/view.do?no=1308&pgMode=show&id=811523
KR2026090700020137,,,귀금속 경력 모집,,민주얼리,판매(상품품목별),부산진구,https://www.busanjob.net/view.do?no=1308&pgMode=show&id=811145
KR2026090700024478,,,그랜드모먼트 뷔페/연회 담당 정직원 채용,,(주)그랜드모먼트유스호스텔,호텔·여행·항공,남구,https://www.busanjob.net/view.do?no=1308&pgMode=show&id=804533
KR2026090700026818,,,그린노마드 카페 직원 모집,,RMDF(로맨티코디자인팩토리),외식업·식음료,수영구,https://www.busanjob.net/view.do?no=1308&pgMode=show&id=800189
KR2026090700142696,,,근로지원인 3유형] 해운대장애인근로사업장 근로지원...,,사회복지법인장산복지,사회복지·요양,해운대구,https://www.jobkorea.co.kr/Recruit/GI_Read/5525947/Ext?siteCode=WN&sc=
KR2026090700034139,,,글로벌 미국 가방 브랜드 운영 기업에서 Graphic design/Marketing 채용,,,,,https://www.busanjob.net/view.do?no=1310&pgMode=show&id=https://www.worldjob.or.kr/advnc/view.do?menuId=1000000014&dobType=1&joCrtfcNo=E20260709019&joCrtfcDsp=2&joCrtfcDspSn=1&rtnIp=183.103.55.151&dsptcKsco=&continent=&epmt61=
KR2026090700025928,,,"금빛 , 원투룸 소속공인중개사 모집",,금빛공인중개사사무소,부동산·임대·중개,부산진구,https://www.busanjob.net/view.do?no=1308&pgMode=show&id=801940
KR2026090700021824,,,"금빛 , 주거/상가 각 1명씩 소속공인중개사 모집",,금빛공인중개사사무소,부동산·임대·중개,부산진구,https://www.busanjob.net/view.do?no=1308&pgMode=show&id=808722
KR2026090700023625,,,금정구 서동/ 진료실  모집 - 주5일  / 야간진료 없음,,단디치과,의료(진료과목별),금정구,https://www.busanjob.net/view.do?no=1308&pgMode=show&id=805991
KR2026090700025211,,,금조부동산에서 오랫동안 함께하실 가족분 모집합니다.,,금조부동산공인중개사사무소,부동산·임대·중개,연제구,https://www.busanjob.net/view.do?no=1308&pgMode=show&id=803267
KR2026090700017646,,,금호타이어 '26년 하반기 채용(신입/경력),,금호타이어㈜,,,https://www.busanjob.net/view.do?no=1308&pgMode=show&id=814305
KR2026090700033261,,,기술신입(A/S)-서울 및 부산(체외진단 의료장비),,아산제약(주),제약·보건·바이오,동대문구,https://www.busanjob.net/view.do?no=1308&pgMode=show&id=728256
KR2026090700028721,,,기술인력 채용,,대방산업개발,,,https://www.busanjob.net/view.do?no=1308&pgMode=show&id=795088
KR2026090700033054,,,기아 연산대리점 업무과 직원 채용,,기아자동차연산대리점,판매(상품품목별),연제구,https://www.busanjob.net/view.do?no=1308&pgMode=show&id=734987
KR2026090700033454,,,기아 오토큐 재송점 오피스마스터 모집,,재송점기아오토큐,AS·카센터·주유,해운대구,https://www.busanjob.net/view.do?no=1308&pgMode=show&id=723579
KR2026090700020941,,,기아낙민대리점 업무과 직원모집,,기아낙민대리점(주),판매(상품품목별),동래구,https://www.busanjob.net/view.do?no=1308&pgMode=show&id=810026
KR2026090700015371,,,기아노포대리점 업무과직원모집,,기아노포대리점,판매(상품품목별),금정구,https://www.busanjob.net/view.do?no=1308&pgMode=show&id=817005
KR2026090700028420,,,기업 금융 컨설턴트 GFC 모집 (전국 각 지점),,삼성생명보험㈜,,,https://www.busanjob.net/view.do?no=1308&pgMode=show&id=796477
KR2026090700033069,,,기업 운영 총괄 및 국내·해외 수출 모집,,(주)티원솔루션,유통·무역·상사,해운대구,https://www.busanjob.net/view.do?no=1308&pgMode=show&id=734587
KR2026090700017121,,,기장 일광 마레 레스토랑 풀타임 홀 정직원 구인합니다 (주5/주6,,마레,외식업·식음료,기장군,https://www.busanjob.net/view.do?no=1308&pgMode=show&id=814984
KR2026090700016973,,,기장미래약국 직원을 구합니다.,,미래약국,제약·보건·바이오,기장군,https://www.busanjob.net/view.do?no=1308&pgMode=show&id=815157
KR2026090700020291,,,김욱진커피 w 스퀘어점 커피에 미친 정직원모집,,김욱진커피로스터즈W스퀘어점,외식업·식음료,남구,https://www.busanjob.net/view.do?no=1308&pgMode=show&id=810921
KR2026090700030050,,,김해/부산강서 인근 판촉물 도소매 납품 정직원,,(주)로얄아트텍,운송·운수·물류,강서구,https://www.busanjob.net/view.do?no=1308&pgMode=show&id=786970
KR2026090700025864,,,김해공항 면세점 추가 인원 충원,,㈜클럽하우스,,강서구,https://www.busanjob.net/view.do?no=1308&pgMode=show&id=802040
KR2026090700027467,,,꼼장어 손질(탈피) 직원모집합니다,,주식회사수정씨푸드,수산동물 냉동품 제조업,사하구,https://www.busanjob.net/view.do?no=1308&pgMode=show&id=798889
KR2026090700017483,,,남부공항서비스(주) 김해국제공항 고객지원 기간제 직원 모집,,남부공항서비스(주),운송·운수·물류,강서구,https://www.busanjob.net/view.do?no=1308&pgMode=show&id=814527
KR2026090700016742,,,"납품 및 거래처 관리 직원 채용(연봉 4,000만원)",,(주)한성미트,유통·무역·상사,사상구,https://www.busanjob.net/view.do?no=1308&pgMode=show&id=815435
KR2026090700023639,,,내근직 모집,,주) 성진엠피,판매(상품품목별),사상구,https://www.busanjob.net/view.do?no=1308&pgMode=show&id=805968
KR2026090700034093,,,네바다 소재 아시아 퓨전 전문 레스토랑에서 쉐프 채용,,,,,https://www.busanjob.net/view.do?no=1310&pgMode=show&id=https://www.worldjob.or.kr/advnc/view.do?menuId=1000000014&dobType=1&joCrtfcNo=E20260814015&joCrtfcDsp=1&joCrtfcDspSn=1&rtnIp=183.103.55.151&dsptcKsco=&continent=&epmt61=
KR2026090700025981,,,노블레스뷰 결혼정보(주)부산지사 인포메이션 업무 정규직,,노블레스봄결혼정보(주),웨딩·장례·이벤트,해운대구,https://www.busanjob.net/view.do?no=1308&pgMode=show&id=801854
KR2026090700023943,,,"노블짐 노인스포츠지도자 오후 정직원, 프리랜서 구인",,노블짐(NOBLEGYM),레저·스포츠·여가,남구,https://www.busanjob.net/view.do?no=1308&pgMode=show&id=805442
KR2026090700024847,,,노아스로스팅 광복점 베이커리 채용공고,,노아스로스팅롯데백화점부산본점점,,중구,https://www.busanjob.net/view.do?no=1308&pgMode=show&id=803942
KR2026090700029212,,,누리약국에서 약국 전반 업무 함께해요,,누리약국,제약·보건·바이오,기장군,https://www.busanjob.net/view.do?no=1308&pgMode=show&id=792366
KR2026090700024688,,,눈초롱안과에 검안사 선생님 모집합니다,,눈초롱안과의원,의료(진료과목별),서구,https://www.busanjob.net/view.do?no=1308&pgMode=show&id=804180
KR2026090700034092,,,뉴욕 소재 General Contractor 업체에서 Interior Designer 채용,,,,,https://www.busanjob.net/view.do?no=1310&pgMode=show&id=https://www.worldjob.or.kr/advnc/view.do?menuId=1000000014&dobType=1&joCrtfcNo=E20260814014&joCrtfcDsp=1&joCrtfcDspSn=1&rtnIp=183.103.55.151&dsptcKsco=&continent=&epmt61=
KR2026090700023668,,,다대드라 동래점 평일(월~금) 정직원 채용합니다.,,다대드라,외식업·식음료,동래구,https://www.busanjob.net/view.do?no=1308&pgMode=show&id=805923
KR2026090700030404,,,다대성모안과 접수/상담 직원 모집,,다대성모안과,의료(진료과목별),사하구,https://www.busanjob.net/view.do?no=1308&pgMode=show&id=784976
KR2026090700030975,,,다대성모안과 직원 모집,,다대성모안과,의료(진료과목별),사하구,https://www.busanjob.net/view.do?no=1308&pgMode=show&id=781582
KR2026090700031993,,,다대원이비인후과의원에서 청능사/청각사를 모십니다.,,다대원이비인후과의원,의료(진료과목별),사하구,https://www.busanjob.net/view.do?no=1308&pgMode=show&id=768303
KR2026090700018537,,,다솜홈서비스에서 성실하고 책임감있는 직원을 채용합니다.,,다솜홈서비스,전문·기능학원,부산진구,https://www.busanjob.net/view.do?no=1308&pgMode=show&id=813243
KR2026090700031594,,,다올부동산과 함께 하실 소속공인중개사  모집합니다.,,다올부동산공인중개사사무소,부동산·임대·중개,수영구,https://www.busanjob.net/view.do?no=1308&pgMode=show&id=777633
KR2026090700031591,,,다올부동산과 함께 하실 소속공인중개사를 모집합니다.,,다올부동산공인중개사사무소,부동산·임대·중개,수영구,https://www.busanjob.net/view.do?no=1308&pgMode=show&id=777656
KR2026090700021695,,,다이소 부산허브센터 (주간/월-토/9시-17시)하역/피킹/분류/적재/상차,,㈜아성다이소,,진구,https://www.busanjob.net/view.do?no=1308&pgMode=show&id=808918
KR2026090700020295,,,닥터페디해운대장산점 문제성 손발톱 관리 전문 직원 모집,,닥터페디해운대장산점,뷰티·미용,해운대구,https://www.busanjob.net/view.do?no=1308&pgMode=show&id=810914
KR2026090700022820,,,단순 입력/서류 관리 직원 모집,,(주)이즈테크,기계·설비·자동차,사하구,https://www.busanjob.net/view.do?no=1308&pgMode=show&id=807254
KR2026090700019493,,,당사와 함께 성실하게 근무할 납품직 직원을 모집합니다,,진주유통,유통·무역·상사,사하구,https://www.busanjob.net/view.do?no=1308&pgMode=show&id=812045
KR2026090700100069,,,대기업 외식 계열사 캘리스코 관리자급 채용 [서울/경기/인천/부산/군산],,㈜에스이에이치인터내셔널 ,,강남구,https://www.jobkorea.co.kr/Recruit/GI_Read/49693905
KR2026090700022213,,,대기측정대행업 측정직원모집 (관련학과 졸업자 가능),,초석환경기술단,환경·설비,사상구,https://www.busanjob.net/view.do?no=1308&pgMode=show&id=808154
KR2026090700022952,,,대박힐링오피스텔2에서 임대관리 담당자를 찾고있어요,,대박힐링오피스텔2,부동산·임대·중개,남구,https://www.busanjob.net/view.do?no=1308&pgMode=show&id=807070
KR2026090700031290,,,대연동 못골역 1번출구 도보2분거리 속좋은내과의원,,속좋은내과의원,의료(진료과목별),남구,https://www.busanjob.net/view.do?no=1308&pgMode=show&id=779598
KR2026090700019899,,,대운금속 CNC 절단 현장직으로 함께 일해요,,대운금속,금속·재료·철강·요업,강서구,https://www.busanjob.net/view.do?no=1308&pgMode=show&id=811496
KR2026090700024097,,,"대한네트웍스 출하 현장직 직원 모집 (계약직, 구평소재)",,대한네트웍스,금속·재료·철강·요업,사하구,https://www.busanjob.net/view.do?no=1308&pgMode=show&id=805154
KR2026090700032041,,,대형 드릴 마스터 장비 오퍼레이터 모집(주야2교대),,(주)태상,금속·재료·철강·요업,강서구,https://www.busanjob.net/view.do?no=1308&pgMode=show&id=766978
KR2026090700032040,,,대형 수직선반(터닝) 오퍼레이터 모집(주야2교대),,(주)태상,금속·재료·철강·요업,강서구,https://www.busanjob.net/view.do?no=1308&pgMode=show&id=766980
KR2026090700030178,,,대형GA [AFG]어센틱금융그룹 부산TM센터 첫 인원 모집,,(주)어센틱금융그룹,증권·보험·카드,부산진구,https://www.busanjob.net/view.do?no=1308&pgMode=show&id=786278
KR2026090700027232,,,대호스틸 CNC 프라즈마 절단원 채용 공고,,대호스틸,금속·재료·철강·요업,강서구,https://www.busanjob.net/view.do?no=1308&pgMode=show&id=799356
KR2026090700032445,,,더블픽스(트래블라라) SNS운영·CS업무 담당자 채용,,더블픽스,판매(상품품목별),해운대구,https://www.busanjob.net/view.do?no=1308&pgMode=show&id=754144
KR2026090700028469,,,더케이부산병원 원무팀 (접수/수납 데스크) 직원모십니다.,,더케이부산병원,의료(진료과목별),금정구,https://www.busanjob.net/view.do?no=1308&pgMode=show&id=796314
KR2026090700019509,,,덕산에테르씨티(부산공장) 현장직 채용,,덕산에테르씨티(주),금속·재료·철강·요업,강서구,https://www.busanjob.net/view.do?no=1308&pgMode=show&id=812028
KR2026090700032183,,,데스크 경력직 선생님 환영합니다,,미시간치과의원,의료(진료과목별),연제구,https://www.busanjob.net/view.do?no=1308&pgMode=show&id=762016
KR2026090700033506,,,데스크 선생님 모십니다,,미시간치과의원,의료(진료과목별),연제구,https://www.busanjob.net/view.do?no=1308&pgMode=show&id=718826
KR2026090700033207,,,데스크 선생님 충원,,메디스 치과의원(경성대),의료(진료과목별),남구,https://www.busanjob.net/view.do?no=1308&pgMode=show&id=729842
KR2026090700032164,,,데스크 선생님 한 분 더 모십니다,,메디스 치과의원(경성대),의료(진료과목별),남구,https://www.busanjob.net/view.do?no=1308&pgMode=show&id=762555
KR2026090700028259,,,데스크 직원 모집합니다,,서울윌치과,의료(진료과목별),북구,https://www.busanjob.net/view.do?no=1308&pgMode=show&id=797293
KR2026090700015198,,,도금 현장 계약직(정규직 전환) 채용 모집공고,,(주)신흥정기,기계·설비·자동차,사하구,https://www.busanjob.net/view.do?no=1308&pgMode=show&id=817187
KR2026090700161355,,,도금직,,주식회사 에스와이신세러티,,강서구,https://job.career.co.kr/recruit/view/21342148
KR2026090700024990,,,동래 미담한의원 탕전실 직원 채용합니다.,,미담한의원,의료(진료과목별),동래구,https://www.busanjob.net/view.do?no=1308&pgMode=show&id=803669
KR2026090700032116,,,동래 새봄병원 원무주임 or 원무대리구합니다.,,새봄병원,의료(진료과목별),동래구,https://www.busanjob.net/view.do?no=1308&pgMode=show&id=764297
KR2026090700022506,,,동래구 미남 애프터눈안과 검안사 모집,,미남애프터눈안과,의료(진료과목별),동래구,https://www.busanjob.net/view.do?no=1308&pgMode=show&id=807725
KR2026090700029206,,,동래삼정그린코아포레스트아파트(시설주임-격일제근무자 구인),,(주)디이씨오,시설관리·경비·용역,동래구,https://www.busanjob.net/view.do?no=1308&pgMode=show&id=792395
KR2026090700020912,,,동래역 맞은편 미래약국에서 함께 근무하실 직원분 모십니다.,,미래약국,제약·보건·바이오,동래구,https://www.busanjob.net/view.do?no=1308&pgMode=show&id=810060
KR2026090700033024,,,동래정한방병원 원무 계장  채용합니다.,,동래정한방병원,의료(병원종류별),동래구,https://www.busanjob.net/view.do?no=1308&pgMode=show&id=735859
KR2026090700026318,,,동물보건사(수의테크니션) 연봉 3천부터/수습급여100프로지급,,해운대 플러스동물병원,의료(진료과목별),해운대구,https://www.busanjob.net/view.do?no=1308&pgMode=show&id=801188
KR2026090700139937,,,동부산컨트리클럽 프론트 채용공고,,㈜동부산컨트리클럽,,양산시,https://www.jobkorea.co.kr/Recruit/GI_Read/49885326
KR2026090700018197,,,동서대학교 국제처(국제교류·입학센터) 계약직 직원 채용 공고,,동서대학교,초중고·대학,사상구,https://www.busanjob.net/view.do?no=1308&pgMode=show&id=813662
KR2026090700017901,,,동서대학교 글로컬대학사업(AAU지원센터) 전담인력 채용 공고,,동서대학교산학협력단,초중고·대학,사상구,https://www.busanjob.net/view.do?no=1308&pgMode=show&id=814020
KR2026090700017427,,,동양메탈공업(주) 현장 사상파트 경력무관 정규직 채용,,동양메탈공업(주),기타제조업,사하구,https://www.busanjob.net/view.do?no=1308&pgMode=show&id=814593
KR2026090700017450,,,동양메탈공업(주) 현장 터닝파트 정규직 채용,,동양메탈공업(주),기타제조업,사하구,https://www.busanjob.net/view.do?no=1308&pgMode=show&id=814565
KR2026090700026459,,,동은단조 3공장 신규 현장 정규직 채용공고,,동은단조(주),기계·설비·자동차,강서구,https://www.busanjob.net/view.do?no=1308&pgMode=show&id=800927
KR2026090700018591,,,동의과학대학교 기간제 직원 채용(DIT학생생활관/사감),,동의과학대학교,초중고·대학,부산진구,https://www.busanjob.net/view.do?no=1308&pgMode=show&id=813177
KR2026090700029322,,,디에이파크골프해운대(주) 다파크골프장 경기진행원 채용 공고,,디에이파크골프해운대(주),레저·스포츠·여가,기장군,https://www.busanjob.net/view.do?no=1308&pgMode=show&id=791522
KR2026090700032253,,,디오너스골프멤버십 및 파크 골프장 예약부 채용,,디오너스골프멤버십,레저·스포츠·여가,해운대구,https://www.busanjob.net/view.do?no=1308&pgMode=show&id=759544
KR2026090700030317,,,디자인 관련 및 매체 담당자,,(주)부산프로덕션,광고·홍보·전시,부산진구,https://www.busanjob.net/view.do?no=1308&pgMode=show&id=785481
KR2026090700024074,,,디자인 정규직 채용(경력사원),,라움시스템가구,가구·목재·제지,기장군,https://www.busanjob.net/view.do?no=1308&pgMode=show&id=805188
KR2026090700032350,,,디지털인쇄기 오퍼레이터 모집,,거북인쇄공사,출판·인쇄·사진,부산진구,https://www.busanjob.net/view.do?no=1308&pgMode=show&id=756583
KR2026090700030926,,,라만소리 영어 몬테소리 원어민 / 교포 파트너 채용 공고,,라만소리,판매(상품품목별),동래구,https://www.busanjob.net/view.do?no=1308&pgMode=show&id=781871
KR2026090700033575,,,라무 스튜디오 인물보정 리터쳐 (신입/경력) 채용,,라무스튜디오,출판·인쇄·사진,강서구,https://www.busanjob.net/view.do?no=1308&pgMode=show&id=708500
KR2026090700020382,,,라푀유 신세계 센텀시티점 정직원 모집 공고(경력),,(주)엘에프앤비,외식업·식음료,해운대구,https://www.busanjob.net/view.do?no=1308&pgMode=show&id=810801
KR2026090700033206,,,랜택 CAM  채용 공고,,디케이이,조선·항공·우주,강서구,https://www.busanjob.net/view.do?no=1308&pgMode=show&id=729856
KR2026090700032358,,,랜택(Lantek) CAM 담당자 모집,,디케이이,조선·항공·우주,강서구,https://www.busanjob.net/view.do?no=1308&pgMode=show&id=756465
KR2026090700028495,,,레스토랑 라라코스트 부산정관점 직원 모집,,라라코스트_정관,외식업·식음료,기장군,https://www.busanjob.net/view.do?no=1308&pgMode=show&id=796191
KR2026090700023262,,,"렌트카  직원 모집(경력무관-주5,6일 가능))",,뉴새한렌트카(주),렌탈·임대,사상구,https://www.busanjob.net/view.do?no=1308&pgMode=show&id=806595
KR2026090700017890,,,로스팅웨어 부산 베이커리 직원 모집 / 주 5일,,(주)웨이닝코리아 부산지사,외식업·식음료,금정구,https://www.busanjob.net/view.do?no=1308&pgMode=show&id=814031
KR2026090700026614,,,롯데광복점 위위필라테스에서 파트 선생님 모집중,,헬스보이짐 롯데백화점광복점,레저·스포츠·여가,중구,https://www.busanjob.net/view.do?no=1308&pgMode=show&id=800595
KR2026090700031216,,,롯데면세점 김해공항 식품(동원: 양반김) 직원 채용 건,,(주)아이지엔컴퍼니,유통·무역·상사,강서구,https://www.busanjob.net/view.do?no=1308&pgMode=show&id=780089
KR2026090700025430,,,롯데몰 동부산 스튜디오톰보이 직원을 모집합니다,,톰보이동부산몰,,기장군,https://www.busanjob.net/view.do?no=1308&pgMode=show&id=802885
KR2026090700021316,,,루시앙 베이커리 센텀점 직원 모집합니다.,,(주)봉림,외식업·식음료,해운대구,https://www.busanjob.net/view.do?no=1308&pgMode=show&id=809497
KR2026090700017210,,,루시앙 센텀점에서 브런치카페 직원을 모집합니다(신입가능),,주식회사루시앙센텀,외식업·식음료,해운대구,https://www.busanjob.net/view.do?no=1308&pgMode=show&id=814878
KR2026090700016916,,,루아앤티그리 레스토랑 정직원 모집,,㈜루아앤티그리,서양식 음식점업,해운대구,https://www.jobkorea.co.kr/Recruit/GI_Read/49920309
KR2026090700026557,,,리스보아 영도 카페 정직원 모집합니다 :),,리스보아,외식업·식음료,영도구,https://www.busanjob.net/view.do?no=1308&pgMode=show&id=800693
KR2026090700031868,,,마린시티 1스타 르도헤 F.o.H 서비스팀 서비스 직무 채용 공고,,르도헤,외식업·식음료,해운대구,https://www.busanjob.net/view.do?no=1308&pgMode=show&id=772172
KR2026090700024849,,,마린시티 브런치 리본 계약직 모집,,리본,음식료·외식·프랜차이즈,해운대구,https://www.jobkorea.co.kr/Recruit/GI_Read/49811038
KR2026090700017128,,,만호제강(주) 각 부문별 사원 채용,,만호제강(주),금속·재료·철강·요업,광명시,https://www.busanjob.net/view.do?no=1308&pgMode=show&id=814971
KR2026090700020917,,,맥스부동산중개 직원 모집,,맥스부동산중개,부동산·임대·중개,부산진구,https://www.busanjob.net/view.do?no=1308&pgMode=show&id=810052
KR2026090700022474,,,머시닝센터(MCT) 조작 직원모집,,(주)티엠지코리아,기계·설비·자동차,강서구,https://www.busanjob.net/view.do?no=1308&pgMode=show&id=807764
KR2026090700027752,,,"머시닝센터(MCT) 조작원 모집 (신입, 경력)",,신우,기타제조업,강서구,https://www.busanjob.net/view.do?no=1308&pgMode=show&id=798277
KR2026090700021479,,,메가MGC커피 부산 하단역점 직원 채용,,(주)아정네트웍스,외식업·식음료,사하구,https://www.busanjob.net/view.do?no=1308&pgMode=show&id=809225
KR2026090700019414,,,메가자이언트약국 롯데마트 사상점 마트약국 직원 모집공고,,메가자이언트약국,제약·보건·바이오,사상구,https://www.busanjob.net/view.do?no=1308&pgMode=show&id=812148
KR2026090700028957,,,메르세데스-벤츠 한성모터스(주) 본사 재경팀 채용,,한성모터스(주),판매(상품품목별),수영구,https://www.busanjob.net/view.do?no=1308&pgMode=show&id=793897
KR2026090700023528,,,메리츠보험박람회(8월26일.하루참석시7만지급)/9월입사자 추가246만지급,,메리츠화재해상보험㈜,,북구,https://www.busanjob.net/view.do?no=1308&pgMode=show&id=806142
KR2026090700019599,,,메리츠보험박람회(9월2일.하루참석시7만지급)/추가246만지급가능/모두환영,,메리츠화재해상보험㈜,,북구,https://www.busanjob.net/view.do?no=1308&pgMode=show&id=811908
KR2026090700028782,,,메이크씨 베이커리  신입직원모집,,makesea,,기장군,https://www.busanjob.net/view.do?no=1308&pgMode=show&id=794786
KR2026090700020075,,,메이크업 직원 &  프리랜서 모집합니다,,다사랑스튜디오,출판·인쇄·사진,연제구,https://www.busanjob.net/view.do?no=1308&pgMode=show&id=811227
KR2026090700021460,,,메크툴코리아(주) 현장 조공(보조) 경력 채용 공고,,메크툴코리아(주),조선·항공·우주,강서구,https://www.busanjob.net/view.do?no=1308&pgMode=show&id=809254
KR2026090700025371,,,명우정밀 NC/자동선반 오퍼레이터 경력 채용 공고,,명우정밀,조선·항공·우주,강서구,https://www.busanjob.net/view.do?no=1308&pgMode=show&id=803018
KR2026090700023132,,,명장1동 한마음유치원 5분거리 여4등급 오전 근무...,,효심재가노인복지센터,방문 복지서비스 제공업,동래구,https://www.busanjob.net/view.do?no=1308&pgMode=show&id=806800
KR2026090700021254,,,명지오션척병원 원무팀 사원 채용 공고,,명지오션척병원,의료(진료과목별),강서구,https://www.busanjob.net/view.do?no=1308&pgMode=show&id=809586
KR2026090700018729,,,모모디자인(주) 실내인테리어 현장 담당 팀원 채용,,모모디자인(주),실내·인테리어·조경,수영구,https://www.busanjob.net/view.do?no=1308&pgMode=show&id=813021
KR2026090700031035,,,모토몰 온라인 쇼핑몰 관리 팀원 채용합니다.,,(주)모토몰,판매(상품품목별),남구,https://www.busanjob.net/view.do?no=1308&pgMode=show&id=781202
KR2026090700033452,,,몬스타기어 쇼핑몰 쿠팡 오픈마켓 사원 모집,,몬스타주식회사,기타제조업,사상구,https://www.busanjob.net/view.do?no=1308&pgMode=show&id=723671
KR2026090700033149,,,몬스타주식회사에서 국책 과제 수행 관리자를 찾고 있어요,,몬스타주식회사,기타제조업,사상구,https://www.busanjob.net/view.do?no=1308&pgMode=show&id=731675
KR2026090700034134,,,미국 스트리트 패션브랜드 운영기업 Fashion/Graphic Design & Product Development 파트 채용,,,,,https://www.busanjob.net/view.do?no=1310&pgMode=show&id=https://www.worldjob.or.kr/advnc/view.do?menuId=1000000014&dobType=1&joCrtfcNo=E20260831006&joCrtfcDsp=1&joCrtfcDspSn=1&rtnIp=183.103.55.151&dsptcKsco=&continent=&epmt61=
KR2026090700028280,,,미드미도깨비장터 낙민점 직원채용,,미드미도깨비장터,판매(매장종류별),동래구,https://www.busanjob.net/view.do?no=1308&pgMode=show&id=797249
KR2026090700016099,,,미래로병원 원무직,,미래로병원,의료(진료과목별),북구,https://www.busanjob.net/view.do?no=1308&pgMode=show&id=816166
KR2026090700015205,,,미래어린이병원 소아과 주사실 경력 직원 모집,,미래어린이병원,의료(진료과목별),사상구,https://www.busanjob.net/view.do?no=1308&pgMode=show&id=812679
KR2026090700030024,,,미소의원(연산동)에서 함께 일할 피부관리사를 모집합니다,,미소의원,의료(진료과목별),연제구,https://www.busanjob.net/view.do?no=1308&pgMode=show&id=787083
KR2026090700032487,,,미스틱(주) 통신선로 공사 현장업무 보조 및 신호수 채용 공고,,미스틱(주),환경·설비,남구,https://www.busanjob.net/view.do?no=1308&pgMode=show&id=752741
KR2026090700030882,,,반려동물 장례식장 상담직원을 모집합니다.,,센트럴파크(주),웨딩·장례·이벤트,기장군,https://www.busanjob.net/view.do?no=1308&pgMode=show&id=782114
KR2026090700142690,,,발달장애인 주간활동서비스 제공인력 채용(긴급),,백양종합사회복지관,,사상구,https://www.jobkorea.co.kr/Recruit/GI_Read/5530781/Ext?siteCode=WN&sc=
KR2026090700032853,,,밝은성모안과 부산점 검안사(육아휴직대체/정규직전환가능)채용,,밝은성모안과 부산점,의료(진료과목별),부산진구,https://www.busanjob.net/view.do?no=1308&pgMode=show&id=740966
KR2026090700098511,,,"배상책임보험  손해사정  조사자  모집  (부산광역시,  대구광역시)",,진손해사정㈜,,수성구,https://www.jobkorea.co.kr/Recruit/GI_Read/49860861
KR2026090700034057,,,버지니아 소재 CPA Firm에서 Accounting Support Staff 채용,,,,,https://www.busanjob.net/view.do?no=1310&pgMode=show&id=https://www.worldjob.or.kr/advnc/view.do?menuId=1000000014&dobType=1&joCrtfcNo=E20260731008&joCrtfcDsp=1&joCrtfcDspSn=1&rtnIp=183.103.55.151&dsptcKsco=&continent=&epmt61=
KR2026090700030973,,,베리파인정밀에서 CNC 보조 직원으로 함께 일해요,,베리파인정밀,기타제조업,강서구,https://www.busanjob.net/view.do?no=1308&pgMode=show&id=781595
KR2026090700033539,,,베이사이드골프클럽 레스토랑 서비스팀 채용(기숙사제공),,베이사이드(주),외식업·식음료,기장군,https://www.busanjob.net/view.do?no=1308&pgMode=show&id=713336
KR2026090700030692,,,베이커리 경력사원 채용합니다 - 정규직&계약직,,(주)엠에스코,외식업·식음료,기장군,https://www.busanjob.net/view.do?no=1308&pgMode=show&id=783295
KR2026090700017392,,,베이커리 반죽 파트 모집,,김유일쌀빵제빵소,외식업·식음료,금정구,https://www.busanjob.net/view.do?no=1308&pgMode=show&id=814631
KR2026090700017565,,,베이커리 반죽파트 모집,,김유일쌀빵제빵소 2호점,,금정구,https://www.busanjob.net/view.do?no=1308&pgMode=show&id=814427
KR2026090700023400,,,베이커리 정직원(신입) 채용합니다,,베러틴베이커리,외식업·식음료,부산진구,https://www.busanjob.net/view.do?no=1308&pgMode=show&id=806339
KR2026090700030433,,,베이커리에 진심인분 모집,,makesea,,기장군,https://www.busanjob.net/view.do?no=1308&pgMode=show&id=784777
KR2026090700030698,,,베이커리직원모집합니다,,㈜티피티엘,,기장군,https://www.busanjob.net/view.do?no=1308&pgMode=show&id=783269
KR2026090700034034,,,베트남법인 현지채용 공장총괄관리 경력직,,,,,https://www.busanjob.net/view.do?no=1310&pgMode=show&id=https://www.worldjob.or.kr/advnc/view.do?menuId=1000000014&dobType=1&joCrtfcNo=E20260814013&joCrtfcDsp=1&joCrtfcDspSn=1&rtnIp=183.103.55.151&dsptcKsco=&continent=&epmt61=
KR2026090700033520,,,복산나이스 IT 팀 채용 공고,,(주)복산나이스,제약·보건·바이오,기장군,https://www.busanjob.net/view.do?no=1308&pgMode=show&id=716470
KR2026090700017073,,,봄여름가을겨울 부산현장 현장소장 모집(초고층아파트경력자),,수근종합건설(주),건설·건축·토목·시공,서구,https://www.busanjob.net/view.do?no=1308&pgMode=show&id=815038
KR2026090700032204,,,부강스틸 - 납품,,부강스틸,금속·재료·철강·요업,강서구,https://www.busanjob.net/view.do?no=1308&pgMode=show&id=761183
KR2026090700032816,,,부동산 중개보조원·소속공인중개사 함께 일 하실분 모집합니다.,,(주)부동산중개법인 해안,부동산·임대·중개,해운대구,https://www.busanjob.net/view.do?no=1308&pgMode=show&id=742097
KR2026090700029369,,,부민병원(부산)  약제팀 팀원(업무지원직) 육아휴직 대체 모집,,(의)인당의료재단 부민병원,의료(병원종류별),북구,https://www.busanjob.net/view.do?no=1308&pgMode=show&id=791230
KR2026090700024861,,,부산 10시17시 탄력근무가능 단순 로또1차콜,,서희컴퍼니,,남구,https://www.busanjob.net/view.do?no=1308&pgMode=show&id=803915
KR2026090700018255,,,부산 1등 파티게스트하우스에서 함께 성장할 직원분 구합니다,,첵앤아웃호스텔,호텔·여행·항공,중구,https://www.busanjob.net/view.do?no=1308&pgMode=show&id=813595
KR2026090700015357,,,"부산 KNN시어터 공연팀 팀원(운영,디자인) 채용",,극단지우,공연·예술·문화,해운대구,https://www.busanjob.net/view.do?no=1308&pgMode=show&id=817021
KR2026090700016306,,,부산 강서구 비아조 카페 직원 모집,,비아조,외식업·식음료,강서구,https://www.busanjob.net/view.do?no=1308&pgMode=show&id=815942
KR2026090700030741,,,부산 건설현장 안전감시단 채용(경력자우대),,한국산업안전(주),시설관리·경비·용역,강서구,https://www.busanjob.net/view.do?no=1308&pgMode=show&id=783035
KR2026090700018205,,,부산 기장 ACC 현장 공사감독 (PJT 계약직) 모집,,(주)에어로피에치이,환경·설비,기장군,https://www.busanjob.net/view.do?no=1308&pgMode=show&id=813654
KR2026090700031985,,,부산 다온동물병원 수의테크니션 & 인포데스크  구합니다,,다온동물병원,의료(진료과목별),남구,https://www.busanjob.net/view.do?no=1308&pgMode=show&id=768606
KR2026090700023737,,,부산 동래구 명장동 밝은현 안과 에서 함께 하실분 모집해요.,,밝은현안과,의료(병원종류별),동래구,https://www.busanjob.net/view.do?no=1308&pgMode=show&id=805813
KR2026090700026771,,,부산 동래구 발달장애인 주간활동서비스 제공인력 모집,,시안아동발달상담센터,사회복지,동래구,https://www.busanjob.net/view.do?no=1308&pgMode=show&id=800268
KR2026090700021360,,,부산 롯데백화점 중식 브랜드 딘타이펑 홀  정규직,,㈜딘타이펑코리아,,중구,https://www.busanjob.net/view.do?no=1308&pgMode=show&id=809413
KR2026090700034914,,,부산 룩앳더바리스타 광안점 직원 채용,,룩앳더바리스타,,수영구,https://www.saramin.co.kr/zf_user/jobs/relay/view?rec_idx=54952801
KR2026090700016415,,,부산 명지 강서꿈땅발달장애인활동센터 주간활동서비스 제공인력,,꿈땅아동발달상담센터,사회복지,강서구,https://www.busanjob.net/view.do?no=1308&pgMode=show&id=815820
KR2026090700019964,,,부산 사상카페 주간 정직원 구합니다,,아덴블랑제리 시그니처 사상점,,사상구,https://www.busanjob.net/view.do?no=1308&pgMode=show&id=811407
KR2026090700031347,,,부산 서면 담감동 전포동 문현동 부암동 진구 상하차 직원 모집,,천하톤백마대,판매(상품품목별),강서구,https://www.busanjob.net/view.do?no=1308&pgMode=show&id=779224
KR2026090700032052,,,부산 센텀 신세계백화점 TEKET 테켓 스토어 스태프 (정규직),,(주)티시,판매(매장종류별),해운대구,https://www.busanjob.net/view.do?no=1308&pgMode=show&id=766839
KR2026090700022808,,,부산 영도 해빙모먼트 카페에서 정직원 모집합니다.,,해빙모먼트,외식업·식음료,영도구,https://www.busanjob.net/view.do?no=1308&pgMode=show&id=807278
KR2026090700021457,,,부산 온라인 악세사리 쇼핑몰 직원을 채용합니다,,24컴퍼니,쇼핑몰·오픈마켓,연제구,https://www.busanjob.net/view.do?no=1308&pgMode=show&id=809257
KR2026090700021338,,,부산 카페 룩앳더바리스타 송정점 직원 채용,,룩앳더바리스타 (Look at The Barista),커피 전문점,해운대구,https://www.jobkorea.co.kr/Recruit/GI_Read/49863807
KR2026090700025217,,,부산 퍼블릭케어 관리부 계약직 직원 채용,,퍼블릭케어,유통·무역·상사,중구,https://www.busanjob.net/view.do?no=1308&pgMode=show&id=803259
KR2026090700028663,,,"부산 피부관리,에스테틱 신입/경력직 모집",,마레드뽀에스테틱,뷰티·미용,강서구,https://www.busanjob.net/view.do?no=1308&pgMode=show&id=795401
KR2026090700028049,,,부산 해운대 아산정형외과 원무데스크 접수 수납 모집,,아산정형외과의원,의료(진료과목별),해운대구,https://www.busanjob.net/view.do?no=1308&pgMode=show&id=797700
KR2026090700023855,,,부산 해운대 약국 중국어/대만어 능통직원모집 (9월초 오픈예정),,해운대바다약국,제약·보건·바이오,해운대구,https://www.busanjob.net/view.do?no=1308&pgMode=show&id=805580
KR2026090700027097,,,부산 호샵 신차패키지 및 디테일링 관련 배우실분 모집합니다,,호샵,판매(상품품목별),동래구,https://www.busanjob.net/view.do?no=1308&pgMode=show&id=799644
KR2026090700033411,,,부산 효성시티병원 주차요원 구인,,효성시티병원,의료(병원종류별),해운대구,https://www.busanjob.net/view.do?no=1308&pgMode=show&id=724562
KR2026090700016421,,,부산남구정신건강복지센터 직원 채용,,남구정신보건센타,사회복지,남구,https://www.busanjob.net/view.do?no=1308&pgMode=show&id=815814
KR2026090700024600,,,부산더키즈병원   N-keep 선생님 구인합니다.,,부산더키즈병원,의료(진료과목별),사하구,https://www.busanjob.net/view.do?no=1308&pgMode=show&id=804295
KR2026090700017946,,,"부산보건대학교 산학협력단 직원 채용(앵커사업 전담, 학생상담)",,부산보건대학교산학협력단,초중고·대학,사하구,https://www.busanjob.net/view.do?no=1308&pgMode=show&id=813969
KR2026090700024816,,,부산신항 BCT(장풍솔루션) 야드감독(W/S)모집 채용 공고,,(주)장풍솔루션,시설관리·경비·용역,강서구,https://www.busanjob.net/view.do?no=1308&pgMode=show&id=803997
KR2026090700156239,,,부산신항로얄팰리스 2차 관리주임 구인,,주식회사 무림개발,,창원시,https://job.career.co.kr/recruit/view/22186258
KR2026090700017869,,,부산역 인근 부동산 소속공인중개사 모십니다.,,신화부동산공인중개사,부동산·임대·중개,동구,https://www.busanjob.net/view.do?no=1308&pgMode=show&id=814054
KR2026090700018709,,,부산영상위원회-직원 채용공고,,(사)부산영상위원회,정부·공공기관·공기업,수영구,https://www.busanjob.net/view.do?no=1308&pgMode=show&id=813044
KR2026090700033320,,,부산은빛요양병원 원무 직원 구인합니다.,,사회복지법인동남복지재단 부산은빛요양병원,의료(병원종류별),북구,https://www.busanjob.net/view.do?no=1308&pgMode=show&id=726763
KR2026090700031659,,,부산전지역 상가전문 든든부동산에서 함께 일할 가족을 기다립니다.,,든든부동산중개,,진구,https://www.busanjob.net/view.do?no=1308&pgMode=show&id=777084
KR2026090700027103,,,부산진구 큰힘병원 전산 및 시설 담당 구인,,큰힘병원,의료(병원종류별),부산진구,https://www.busanjob.net/view.do?no=1308&pgMode=show&id=799631
KR2026090700029012,,,부산청 국도ITS 유지관리 현장팀 대체인력 채용(1명),,진우에이티에스(주),솔루션·SI·ERP·CRM,동구,https://www.busanjob.net/view.do?no=1308&pgMode=show&id=793602
KR2026090700029011,,,부산청 도로교통정보센터 운영팀 대체근무자 채용(1년 단기),,진우에이티에스(주),하드웨어·장비,동구,https://www.busanjob.net/view.do?no=1308&pgMode=show&id=793606
KR2026090700016091,,,부산컨트리클럽(골프장) 프론트 / 예약실 직원 모집,,(사)부산칸트리클럽,레저·스포츠·여가,금정구,https://www.busanjob.net/view.do?no=1308&pgMode=show&id=816174
KR2026090700019555,,,부산현장 건설안전 모집,,금양그린파워(주),전기·전자·제어,강서구,https://www.busanjob.net/view.do?no=1308&pgMode=show&id=811969
KR2026090700028951,,,부암(당감)동 여화 바닥 기술자 모집(숙련공),,(주)프리토,유통·무역·상사,부산진구,https://www.busanjob.net/view.do?no=1308&pgMode=show&id=793936
KR2026090700032225,,,부전동 한의원 직원 구인(자격증 필수),,송백한의원,의료(진료과목별),부산진구,https://www.busanjob.net/view.do?no=1308&pgMode=show&id=760578
KR2026090700022040,,,북구장애인협회 활동지원기관(장애인활동지원사 모집),,(사)북구장애인협회활동지원기관,,북구,https://www.jobkorea.co.kr/Recruit/GI_Read/5591146/Ext?siteCode=WN&sc=
KR2026090700030284,,,분양 관리 경력 직원 정규직 채용,,㈜위더스,,강서구,https://www.busanjob.net/view.do?no=1308&pgMode=show&id=785681
KR2026090700027300,,,분위기 좋은 카페알마에서  브런치 서비스 직원을 찾습니다,,(주)비케이글로벌,외식업·식음료,해운대구,https://www.busanjob.net/view.do?no=1308&pgMode=show&id=799247
KR2026090700026856,,,브랜드 실무 및 관리자 모집 (외국어 가능자 우대),,(주)코어메이커스,판매(상품품목별),남구,https://www.busanjob.net/view.do?no=1308&pgMode=show&id=800139
KR2026090700027345,,,브레인힐즈 유튜브 총괄 담당자 채용공고,,(주)브레인힐즈,디자인·설계,강서구,https://www.busanjob.net/view.do?no=1308&pgMode=show&id=799177
KR2026090700033311,,,블로썸핏 트레이너 구인,,블로썸핏,레저·스포츠·여가,사하구,https://www.busanjob.net/view.do?no=1308&pgMode=show&id=726842
KR2026090700023770,,,블루리본 하단 핏제리아곳간에서 정직원을 채용합니다,,핏제리아곳간,,사하구,https://www.busanjob.net/view.do?no=1308&pgMode=show&id=805756
KR2026090700016303,,,비아조 카페 직원 모집,,비아조,외식업·식음료,강서구,https://www.busanjob.net/view.do?no=1308&pgMode=show&id=815945
KR2026090700018982,,,비오엘에스테틱 2026 하반기 추가채용,,비오엘 스킨클리닉,뷰티·미용,부산진구,https://www.busanjob.net/view.do?no=1308&pgMode=show&id=812701
KR2026090700029553,,,비오엘에스테틱 하반기 추가채용,,비오엘 스킨클리닉,뷰티·미용,부산진구,https://www.busanjob.net/view.do?no=1308&pgMode=show&id=790182
KR2026090700031639,,,빅시스템즈(주) 디지털 디자인 및 디지털 인쇄 정직원 모집,,빅시스템즈(주),출판·인쇄·사진,강서구,https://www.busanjob.net/view.do?no=1308&pgMode=show&id=777286
KR2026090700025231,,,빅쏘갤러리 롯데백화점 광복점 정규직 채용,,(주)빅쏘코리아,쇼핑몰·오픈마켓,중구,https://www.busanjob.net/view.do?no=1308&pgMode=show&id=803237
KR2026090700026712,,,"빅쏘갤러리 롯데백화점 부산본점, 삼정타워 정규직 채용",,㈜빅쏘코리아,,진구,https://www.busanjob.net/view.do?no=1308&pgMode=show&id=800374
KR2026090700029496,,,빅토리아블랑쉬 드레스샵 직원 모집,,(주)웨딩채널,웨딩·장례·이벤트,수영구,https://www.busanjob.net/view.do?no=1308&pgMode=show&id=790457
KR2026090700016803,,,빌라쥬드 아난티 발렛 직원 채용 (신입/경력/통근버스有),,(주)위더스파크,시설관리·경비·용역,기장군,https://www.busanjob.net/view.do?no=1308&pgMode=show&id=815363
KR2026090700024532,,,빠른성장으로 인해 TM팀 추가 모집 합니다,,폴레옹,,진구,https://www.busanjob.net/view.do?no=1308&pgMode=show&id=804441
KR2026090700031253,,,뽀슌에스테틱 하반기 직원 채용,,슌에스테틱,뷰티·미용,수영구,https://www.busanjob.net/view.do?no=1308&pgMode=show&id=779872
KR2026090700024745,,,사단법인 미소금융부산수영구법인에서 미소금융 직원을 모집해요,,사단법인미소금융부산수영구법인,대출·캐피탈·여신,연제구,https://www.busanjob.net/view.do?no=1308&pgMode=show&id=804093
KR2026090700022486,,,사상헬스장 더인핏PT&헬스 오후 인포메이션 FC선생님 모집합니다,,더인핏PT&헬스,레저·스포츠·여가,사상구,https://www.busanjob.net/view.do?no=1308&pgMode=show&id=807749
KR2026090700017145,,,사암당한의원 부산점에서 정규직 직원을 채용합니다.,,사암당한의원,의료(진료과목별),북구,https://www.busanjob.net/view.do?no=1308&pgMode=show&id=814951
KR2026090700023167,,,사암당한의원 수영센터에서 직원을 모집합니다.(자격무관),,사암당한의원,의료(진료과목별),수영구,https://www.busanjob.net/view.do?no=1308&pgMode=show&id=806742
KR2026090700032157,,,사업PM(부산),,(주)더블미디어,포털·인터넷·컨텐츠,해운대구,https://www.busanjob.net/view.do?no=1308&pgMode=show&id=762656
KR2026090700021231,,,사업관리팀 직원 모집,,(주)성일엔케어,조선·항공·우주,강서구,https://www.busanjob.net/view.do?no=1308&pgMode=show&id=809615
KR2026090700036444,,,사하구) 소가담 한의원에서 데스크 선생님 모십니다.,,소가담한의원,,사하구,https://www.saramin.co.kr/zf_user/jobs/relay/view?rec_idx=54761065
KR2026090700036534,,,사하구) 소가담 한의원에서 상담실 선생님 모십니다.,,소가담한의원,,사하구,https://www.saramin.co.kr/zf_user/jobs/relay/view?rec_idx=54733464
KR2026090700019718,,,사하구가족센터 보조인력 긴급채용 공고 (주말(토요...,,사하구가족센터,,사하구,https://www.jobkorea.co.kr/Recruit/GI_Read/5600834/Ext?siteCode=WN&sc=
KR2026090700016452,,,삼강티엔에스 신축공사현장 채용공고,,(주)삼강티앤에스,건설·건축·토목·시공,강서구,https://www.busanjob.net/view.do?no=1308&pgMode=show&id=815781
KR2026090700028419,,,삼성생명(주) 전라남북도/제주도 GFC 컨설팅 모집,,삼성생명보험㈜,,,https://www.busanjob.net/view.do?no=1308&pgMode=show&id=796478
KR2026090700028423,,,"삼성생명㈜ GFC 중,장년 모집",,삼성생명보험㈜,,,https://www.busanjob.net/view.do?no=1308&pgMode=show&id=796470
KR2026090700028424,,,삼성생명㈜ 정년없는직업 (삼성GFC모집),,삼성생명보험㈜,,,https://www.busanjob.net/view.do?no=1308&pgMode=show&id=796468
KR2026090700032150,,,삼성웰스토리(주) 스톤게이트CC 식음 홀서비스 채용(사택제공),,삼성웰스토리(주),외식업·식음료,기장군,https://www.busanjob.net/view.do?no=1308&pgMode=show&id=762976
KR2026090700020293,,,삼원금속 출하 직원 채용공고,,삼원금속,금속·재료·철강·요업,사상구,https://www.busanjob.net/view.do?no=1308&pgMode=show&id=810918
KR2026090700030196,,,삼원액트(주) PCB 어셈블리 현장 경력직 모집,,삼원액트(주),전기·전자·제어,사상구,https://www.busanjob.net/view.do?no=1308&pgMode=show&id=786201
KR2026090700033025,,,상가임대/창업/매매/태양광/땅/공장 모든 중개 합니다,,경성부동산중개사무소,부동산·임대·중개,부산진구,https://www.busanjob.net/view.do?no=1308&pgMode=show&id=735845
KR2026090700026386,,,상가전문 공인중개사 A부터 Z까지 모~두 알려드립니다,,포커스공인중개사사무소,부동산·임대·중개,동래구,https://www.busanjob.net/view.do?no=1308&pgMode=show&id=801059
KR2026090700029295,,,새길병원 안과 검안사 채용공고,,(사)새길재단,의료(병원종류별),부산진구,https://www.busanjob.net/view.do?no=1308&pgMode=show&id=791854
KR2026090700016804,,,"새로운 출발,함께할 데스크팀 구합니다",,참좋은치과의원,의료(진료과목별),남구,https://www.busanjob.net/view.do?no=1308&pgMode=show&id=815362
KR2026090700030757,,,"새로운 출발,함께할 스켈링아르바이트,주말아르바이트 구합니다",,참좋은치과의원,의료(진료과목별),남구,https://www.busanjob.net/view.do?no=1308&pgMode=show&id=782936
KR2026090700031765,,,"새로운 출발,함께할 진료팀 구합니다",,참좋은치과의원,의료(진료과목별),남구,https://www.busanjob.net/view.do?no=1308&pgMode=show&id=775279
KR2026090700020736,,,서면 신사옥 에이스지점 신설  파트너 모집,,디비손해보험㈜,,진구,https://www.busanjob.net/view.do?no=1308&pgMode=show&id=810300
KR2026090700017733,,,서면권 최고의위치 부동산 직원모집합니다-경력무관,,큐브부동산중개,부동산·임대·중개,부산진구,https://www.busanjob.net/view.do?no=1308&pgMode=show&id=814205
KR2026090700025899,,,서면롯데백화점 시스템(여성의류) 함께 일할 직원을 찾습니다~,,롯데부산시스템,판매(매장종류별),부산진구,https://www.busanjob.net/view.do?no=1308&pgMode=show&id=801985
KR2026090700016776,,,서면에서 상가를 전문으로 중개하는 부동산입니다.,,원상가 공인중개사 사무소,부동산·임대·중개,부산진구,https://www.busanjob.net/view.do?no=1308&pgMode=show&id=815398
KR2026090700028266,,,서면청담부동산 공인중개사 중개보조원 채용공고,,서면청담부동산중개,부동산·임대·중개,부산진구,https://www.busanjob.net/view.do?no=1308&pgMode=show&id=797281
KR2026090700028765,,,선수트레이너(Athletic Trainer) 인턴 사원 모집,,한국재활메디슨,레저·스포츠·여가,해운대구,https://www.busanjob.net/view.do?no=1308&pgMode=show&id=794875
KR2026090700142607,,,성실하고 책임감이 강한 직원을 모집합니다. (단순...,,하이쎈주식회사,백화점·유통·도소매,사상구,https://www.jobkorea.co.kr/Recruit/GI_Read/5560744/Ext?siteCode=WN&sc=
KR2026090700024787,,,세인요양병원 시설/영선 직원 채용 공고,,세인요양병원,의료(병원종류별),동래구,https://www.busanjob.net/view.do?no=1308&pgMode=show&id=804039
KR2026090700032827,,,세종손해사정 부산 재물 및 대물팀 신입사원,,세종화재해상자동차손해사정(주),증권·보험·카드,금정구,https://www.busanjob.net/view.do?no=1308&pgMode=show&id=741920
KR2026090700032887,,,셀프주유소 부소장 구합니다.,,광신석유(주)충렬대로주유소,AS·카센터·주유,동래구,https://www.busanjob.net/view.do?no=1308&pgMode=show&id=739943
KR2026090700026788,,,"소속공인중개사 및 중개보조원 모집(건물,토지,주거)-서면점",,(주)연합부동산중개법인,부동산·임대·중개,부산진구,https://www.busanjob.net/view.do?no=1308&pgMode=show&id=800239
KR2026090700026787,,,"소속공인중개사 및 중개보조원 모집(건물,토지,주거)-해운대점",,(주)연합부동산중개법인,부동산·임대·중개,부산진구,https://www.busanjob.net/view.do?no=1308&pgMode=show&id=800241
KR2026090700020368,,,소속공인중개사 및 중개보조원 모집(건물/토지/상가/주거/분양),,(주)연합디앤씨서면,부동산·임대·중개,부산진구,https://www.busanjob.net/view.do?no=1308&pgMode=show&id=810817
KR2026090700020370,,,소속공인중개사 및 중개보조원 모집(해운대점),,(주)연합디앤씨서면,부동산·임대·중개,부산진구,https://www.busanjob.net/view.do?no=1308&pgMode=show&id=810814
KR2026090700032112,,,"송도 스파 해수랑 스넥바, 루프탑바 직원 모집",,(주)비케이엠홀딩스,뷰티·미용,서구,https://www.busanjob.net/view.do?no=1308&pgMode=show&id=764520
KR2026090700161224,,,송도 스파 해수랑 시설부 직원 모집,,주식회사 비케이엠홀딩스,,서구,https://job.career.co.kr/recruit/view/22154999
KR2026090700026961,,,쇼핑몰 상품등록 및 관리,,제이투안전,,사상구,https://www.busanjob.net/view.do?no=1308&pgMode=show&id=799950
KR2026090700026255,,,쇼핑몰 운영을 도와주실 분을  찾고 있습니다.,,이스프리인터내셔널,,해운대구,https://www.busanjob.net/view.do?no=1308&pgMode=show&id=801344
KR2026090700021903,,,수마트  농산팀 직원 채용(월 7회 휴무),,수식자재유통센타,판매(매장종류별),금정구,https://www.busanjob.net/view.do?no=1308&pgMode=show&id=808610
KR2026090700032747,,,수소/유압 현장 및 공정 서류관리 신입채용,,지에이치피시스템(주),기계·설비·자동차,강서구,https://www.busanjob.net/view.do?no=1308&pgMode=show&id=744026
KR2026090700031130,,,수안역 동래에이스정형외과에서 데스크 선생님을 모집합니다,,동래에이스정형외과의원,의료(진료과목별),동래구,https://www.busanjob.net/view.do?no=1308&pgMode=show&id=780643
KR2026090700032486,,,수영구 국민체육센터 안내데스크 기간제 채용 공고,,수영구 국민체육센터,레저·스포츠·여가,수영구,https://www.busanjob.net/view.do?no=1308&pgMode=show&id=752762
KR2026090700038017,,,수영구 소원부동산 공인중개사님을 모십니다.,,소원부동산공인중개사사무소,,수영구,https://www.saramin.co.kr/zf_user/jobs/relay/view?rec_idx=54814399
KR2026090700028249,,,수의테크니션 정규직 모집 공고[경력무관]부산 덕천동소재,,유동물의료센터,섬유·의류·패션,북구,https://www.busanjob.net/view.do?no=1308&pgMode=show&id=797305
KR2026090700028956,,,"수입차량 렌트카 배차 , 차량관리 직원",,피엘아이지렌트카(주),렌탈·임대,남구,https://www.busanjob.net/view.do?no=1308&pgMode=show&id=793903
KR2026090700032880,,,수출지원본부 정규직 직원 채용 ( 10년이하/신입가능 ),,부산조선해양기자재공업협동조합,협회·단체,강서구,https://www.busanjob.net/view.do?no=1308&pgMode=show&id=740209
KR2026090700027783,,,수학강의 경력 모집 공고 - 프리랜서,,에스(S)수학전문학원,학원·어학원,동래구,https://www.busanjob.net/view.do?no=1308&pgMode=show&id=798231
KR2026090700029019,,,수학을풀다명지국제캠퍼스학원에서 수학 선생님을 모시고 있어요,,수학을풀다명지국제캠퍼스학원,학원·어학원,강서구,https://www.busanjob.net/view.do?no=1308&pgMode=show&id=793558
KR2026090700017480,,,쉬즈라인의원  피부관리 경력&신입 직원모집,,쉬즈라인의원,의료(진료과목별),부산진구,https://www.busanjob.net/view.do?no=1308&pgMode=show&id=814530
KR2026090700026359,,,쉬즈의원 시술 보조(월차2개+연차15개),,쉬즈클리닉,의료(진료과목별),동래구,https://www.busanjob.net/view.do?no=1308&pgMode=show&id=801111
KR2026090700026552,,,스마일재가 복지센터,,스마일재가복지센터,,해운대구,https://www.jobkorea.co.kr/Recruit/GI_Read/5569708/Ext?siteCode=WN&sc=
KR2026090700027519,,,스마트도시계획 분야 신입 및 경력 직원 채용(근무지 : 부산),,(주)스마트플래닝,실내·인테리어·조경,남구,https://www.busanjob.net/view.do?no=1308&pgMode=show&id=798788
KR2026090700025197,,,"스마트스토어 관리및홈페이지관리, 유튜브채널관리",,목화악기,판매(상품품목별),부산진구,https://www.busanjob.net/view.do?no=1308&pgMode=show&id=803290
KR2026090700032190,,,스웨덴 SAAB Venture 다국적기업 ROV(무인잠수정) Pilot 채용,,씨린쉽코리아 유한회사,시설관리·경비·용역,강서구,https://www.busanjob.net/view.do?no=1308&pgMode=show&id=761639
KR2026090700031776,,,스포츠의류 브랜드 어썸스타 온라인 쇼핑몰 담당자 모집,,(주)어썸스타,판매(상품품목별),금정구,https://www.busanjob.net/view.do?no=1308&pgMode=show&id=774854
KR2026090700024720,,,승강기 유지관리 담당자 채용 (경력직),,(주)우진엘리베이터,기타제조업,강서구,https://www.busanjob.net/view.do?no=1308&pgMode=show&id=804129
KR2026090700031826,,,"시디즈, 데스커 시그니처 스토어 센텀에서 직원을 모집합니다.",,정석아이앤디,판매(상품품목별),해운대구,https://www.busanjob.net/view.do?no=1308&pgMode=show&id=773171
KR2026090700026365,,,시매쓰 사직 직영학원 차량 도우미 선생님 모집,,시매쓰 사직 직영학원,학원·어학원,동래구,https://www.busanjob.net/view.do?no=1308&pgMode=show&id=801100
KR2026090700032293,,,시설물 안전진단 기술자 모집,,(주)동양종합기술공사,건설·건축·토목·시공,해운대구,https://www.busanjob.net/view.do?no=1308&pgMode=show&id=758293
KR2026090700022332,,,식당3선 센텀점 카운터 케샤구합니다,,㈜엘티알,,해운대구,https://www.busanjob.net/view.do?no=1308&pgMode=show&id=807978
KR2026090700026837,,,신규 오픈 베이커리 코너스위트 경력직 채용 공고,,트에스프레소,외식업·식음료,수영구,https://www.busanjob.net/view.do?no=1308&pgMode=show&id=800164
KR2026090700026958,,,신규 오픈하는 베이커리 코너스위트 경력직 채용 공고,,씨에스비,,수영구,https://www.busanjob.net/view.do?no=1308&pgMode=show&id=799954
KR2026090700020285,,,신세계 센텀점 그로서리스터프 정직원채용,,그로서리스터프센텀점,판매(매장종류별),해운대구,https://www.busanjob.net/view.do?no=1308&pgMode=show&id=810930
KR2026090700025038,,,신세계백화점 센텀점 [VIP] 라운지/멤버스바 사원 모집,,(주)지앤비시스템,시설관리·경비·용역,해운대구,https://www.busanjob.net/view.do?no=1308&pgMode=show&id=803603
KR2026090700020433,,,신세계백화점 센텀점 [VIP] 퍼스트라운지 사원 모집,,(주)지앤비시스템,시설관리·경비·용역,해운대구,https://www.busanjob.net/view.do?no=1308&pgMode=show&id=810731
KR2026090700024770,,,신월금속과 함께 할 CNC 10 SMT(수직) 직원을 모집함(최대임금).,,신월금속,기계·설비·자동차,강서구,https://www.busanjob.net/view.do?no=1308&pgMode=show&id=804058
KR2026090700030739,,,"신입, 경력자 진료실 오전, 오후 스텝 구인",,the 화이트 e 치과,의료(진료과목별),사하구,https://www.busanjob.net/view.do?no=1308&pgMode=show&id=783046
KR2026090700026699,,,"신입/경력 CS고객응대,예약관리 담당자 구인",,아너스,,연제구,https://www.busanjob.net/view.do?no=1308&pgMode=show&id=800400
KR2026090700018584,,,신입사원 모집 : 1명,,(주)대경,조선·항공·우주,사하구,https://www.busanjob.net/view.do?no=1308&pgMode=show&id=813186
KR2026090700031604,,,"심의(모니터링) B,C파트",,㈜더블미디어,,해운대구,https://www.busanjob.net/view.do?no=1308&pgMode=show&id=777582
KR2026090700033407,,,심의(모니터링) B파트 담당자,,(주)더블미디어,포털·인터넷·컨텐츠,해운대구,https://www.busanjob.net/view.do?no=1308&pgMode=show&id=724596
KR2026090700017092,,,심지한의원 데스크 업무 직원 모집,,심지한의원,의료(진료과목별),동래구,https://www.busanjob.net/view.do?no=1308&pgMode=show&id=815019
KR2026090700034061,,,싱가포르 마리나 베이 샌즈 카지노 딜러 채용,,,,,https://www.busanjob.net/view.do?no=1310&pgMode=show&id=https://www.worldjob.or.kr/advnc/view.do?menuId=1000000014&dobType=1&joCrtfcNo=E20260727006&joCrtfcDsp=1&joCrtfcDspSn=1&rtnIp=183.103.55.151&dsptcKsco=&continent=&epmt61=
KR2026090700033721,,,싱가포르 신만복 레스토랑 (Neil Road) — 홀 직원,,,,,https://www.busanjob.net/view.do?no=1310&pgMode=show&id=https://www.worldjob.or.kr/advnc/view.do?menuId=1000000014&dobType=1&joCrtfcNo=E20260901012&joCrtfcDsp=1&joCrtfcDspSn=1&rtnIp=183.103.55.151&dsptcKsco=&continent=&epmt61=
KR2026090700033971,,,싱가포르에서 일 할 한국인 남자 헤어스타일리스트 두 명 찾습니다,,,,,https://www.busanjob.net/view.do?no=1310&pgMode=show&id=https://www.worldjob.or.kr/advnc/view.do?menuId=1000000014&dobType=1&joCrtfcNo=E20260819026&joCrtfcDsp=1&joCrtfcDspSn=1&rtnIp=183.103.55.151&dsptcKsco=&continent=&epmt61=
KR2026090700029208,,,씨네핀하우스 인턴십 채용 공고 (KOCCA 인재양성 이수자 우대),,씨네핀하우스,디자인·설계,해운대구,https://www.busanjob.net/view.do?no=1308&pgMode=show&id=792392
KR2026090700030429,,,씨넷 Offshore Telecom System Engineering Engineer,,(주)씨넷,조선·항공·우주,해운대구,https://www.busanjob.net/view.do?no=1308&pgMode=show&id=784812
KR2026090700032947,,,아뜰리에 웨딩스튜디오 코디 모집,,(주)웨딩채널,연예·엔터테인먼트,부산진구,https://www.busanjob.net/view.do?no=1308&pgMode=show&id=738315
KR2026090700032021,,,아뜰리에가든 웨딩스튜디오 예약실 직원 모집,,(주)웨딩채널,연예·엔터테인먼트,부산진구,https://www.busanjob.net/view.do?no=1308&pgMode=show&id=767525
KR2026090700016812,,,아이더스에프앤비(푸라닭치킨) 외식사업본부 SV 채용,,㈜아이더스에프앤비,,,https://www.busanjob.net/view.do?no=1308&pgMode=show&id=815353
KR2026090700032590,,,아티누스 2026 채용공고,,(주)아티누스,섬유·의류·패션,동래구,https://www.busanjob.net/view.do?no=1308&pgMode=show&id=749806
KR2026090700157910,,,안전모 UV DTF 프린트 인쇄업무 지원 보조  [부산북부고용센터 채용대행],,에스엘에이글로벌 주식회사,,사상구,https://job.career.co.kr/recruit/view/22179895
KR2026090700018153,,,안전진단 관리팀 사원 모집(신입 및 경력자),,(주)대영구조기술단,건설·건축·토목·시공,북구,https://www.busanjob.net/view.do?no=1308&pgMode=show&id=813714
KR2026090700027647,,,알펜시아리조트 AV(음향/영상) 담당 정규직 모집,,㈜알펜시아,,,https://www.busanjob.net/view.do?no=1308&pgMode=show&id=798479
KR2026090700019889,,,애월빵공장 부산기장점 카페 직원모집.,,애월빵공장(주),외식업·식음료,기장군,https://www.busanjob.net/view.do?no=1308&pgMode=show&id=811509
KR2026090700023177,,,약국 조제실 직원 모집합니다,,서부산약국,제약·보건·바이오,북구,https://www.busanjob.net/view.do?no=1308&pgMode=show&id=806724
KR2026090700026823,,,약국 직원 구합니다,,친절약국,제약·보건·바이오,해운대구,https://www.busanjob.net/view.do?no=1308&pgMode=show&id=800184
KR2026090700032585,,,약국 직원분 구합니다,,친절약국,제약·보건·바이오,해운대구,https://www.busanjob.net/view.do?no=1308&pgMode=show&id=749821
KR2026090700033203,,,약국 프로그램 유팜 고객관리 신입 채용 공고,,주식회사디원케어,솔루션·SI·ERP·CRM,강서구,https://www.busanjob.net/view.do?no=1308&pgMode=show&id=730026
KR2026090700026063,,,양정시장번영회,,(사)양정시장번영회,판매(상품품목별),부산진구,https://www.busanjob.net/view.do?no=1308&pgMode=show&id=801736
KR2026090700015286,,,에드워드권 LAB24 프렌치 레스토랑 홀 소믈리에 채용,,랩24바이쿠무다,외식업·식음료,기장군,https://www.busanjob.net/view.do?no=1308&pgMode=show&id=817097
KR2026090700026810,,,에스에이치마리타임(유) 해운대리점 업무의 DO 업무/세관서류,,에스에이치마리타임(유),조선·항공·우주,강서구,https://www.busanjob.net/view.do?no=1308&pgMode=show&id=800204
KR2026090700026843,,,에스엘이엠씨(주) 산업 안전·보건 관리자 채용 공고,,에스엘이엠씨(주),기계·설비·자동차,남구,https://www.busanjob.net/view.do?no=1308&pgMode=show&id=800156
KR2026090700023471,,,에스클래스 성형외과 수술방 직원 모집 #주5일 #최고대우 #가족,,에스클래스성형외과,의료(진료과목별),부산진구,https://www.busanjob.net/view.do?no=1308&pgMode=show&id=806234
KR2026090700019240,,,에이원손해사정(주) 부산본부 인보험 조사자 채용,,에이원손해사정㈜,증권·보험·카드,동래구,https://www.jobkorea.co.kr/Recruit/GI_Read/49892518
KR2026090700033184,,,에이원손해사정(주) 인보험 부산팀 조사자 모집,,에이원손해사정(주),증권·보험·카드,동래구,https://www.busanjob.net/view.do?no=1308&pgMode=show&id=730506
KR2026090700022766,,,에이치디에스솔루션주식회사 견적·발주·납품 서류관리 담당자 채용 공고,,에이치디에스솔루션주식회사,조선·항공·우주,동구,https://www.busanjob.net/view.do?no=1308&pgMode=show&id=807341
KR2026090700028770,,,엘시티더샵아파트 커뮤니티 오후조 안내데스크직 모집,,엘시티더샵아파트 입주자대표회의,시설관리·경비·용역,해운대구,https://www.busanjob.net/view.do?no=1308&pgMode=show&id=794853
KR2026090700032426,,,엘올리브 레스토랑 서비스부 정직원 모집(신입도 가능),,엘올리브,외식업·식음료,수영구,https://www.busanjob.net/view.do?no=1308&pgMode=show&id=754747
KR2026090700031340,,,엘지유플러스 개통실 소망텔레콤(온라인도매) CS모집,,㈜소망텔레콤,,동구,https://www.busanjob.net/view.do?no=1308&pgMode=show&id=779257
KR2026090700032207,,,엠티에이치콘트롤밸브(주) 선반 기능공 채용,,엠티에이치콘트롤밸브(주),조선·항공·우주,강서구,https://www.busanjob.net/view.do?no=1308&pgMode=show&id=761163
KR2026090700032367,,,"여성성형클리닉,사원,RN,AN,신입,산부인과 경력우대",,광안자모병원,의료(병원종류별),수영구,https://www.busanjob.net/view.do?no=1308&pgMode=show&id=756345
KR2026090700028065,,,"여성성형클리닉,상근직,사원,RN,AN,신입",,광안자모병원,의료(병원종류별),수영구,https://www.busanjob.net/view.do?no=1308&pgMode=show&id=797674
KR2026090700031976,,,여성의류 [보니타] 직원채용합니다.,,보니타(bonita),판매(상품품목별),연제구,https://www.busanjob.net/view.do?no=1308&pgMode=show&id=769002
KR2026090700024065,,,여성의류쇼핑몰 [케이클럽] 피팅모델 프리랜서 모집,,㈜케이에스디어패럴,쇼핑몰·오픈마켓,서구,https://www.jobkorea.co.kr/Recruit/GI_Read/49888026
KR2026090700024942,,,연마 현장 계약직(정규직 전환) 채용 모집공고,,(주)신흥정기,기계·설비·자동차,사하구,https://www.busanjob.net/view.do?no=1308&pgMode=show&id=803753
KR2026090700024647,,,"연마 현장직 外 신입, 경력 채용 공고",,호성연마공업사,금속·재료·철강·요업,사상구,https://www.busanjob.net/view.do?no=1308&pgMode=show&id=804233
KR2026090700038251,,,연산동 1000세대 단지 상가 소속공인중개사 모집,,카카오공인중개사사무소,,연제구,https://www.saramin.co.kr/zf_user/jobs/relay/view?rec_idx=54625768
KR2026090700033042,,,영어 초등 파트 선생님 모십니다,,박성휘단과학원,학원·어학원,사상구,https://www.busanjob.net/view.do?no=1308&pgMode=show&id=735452
KR2026090700033043,,,영어 초중등 파트 선생님 모십니다,,박성휘단과학원,학원·어학원,사상구,https://www.busanjob.net/view.do?no=1308&pgMode=show&id=735448
KR2026090700025022,,,영진스텐 현장업무 모집,,영진스텐,금속·재료·철강·요업,사상구,https://www.busanjob.net/view.do?no=1308&pgMode=show&id=803625
KR2026090700030420,,,예동인테리어 인테리어 디자인 직무 채용 공고,,예동인테리어,실내·인테리어·조경,북구,https://www.busanjob.net/view.do?no=1308&pgMode=show&id=784861
KR2026090700031535,,,예뻐서뷰티 속눈썹 연장·펌 서비스 인재 채용 공고,,예뻐서뷰티,뷰티·미용,기장군,https://www.busanjob.net/view.do?no=1308&pgMode=show&id=778041
KR2026090700032103,,,오픈마켓·온라인 관리자 채용합니다,,(주)딱좋아,유통·무역·상사,강서구,https://www.busanjob.net/view.do?no=1308&pgMode=show&id=764899
KR2026090700021555,,,오피스텔 임대 및 관리 직원 채용,,굿피플빌,부동산·임대·중개,부산진구,https://www.busanjob.net/view.do?no=1308&pgMode=show&id=809109
KR2026090700015242,,,온라인쇼핑몰 관리자 모집,,신아푸드,식품가공·개발,강서구,https://www.busanjob.net/view.do?no=1308&pgMode=show&id=817142
KR2026090700031075,,,온밥 전포점에서 주4일 정직원(주5일도가능) 구합니다.,,온밥,,진구,https://www.busanjob.net/view.do?no=1308&pgMode=show&id=780933
KR2026090700024178,,,올리브피부과 피부관리팀 충원합니다.,,올리브피부과의원,의료(병원종류별),북구,https://www.busanjob.net/view.do?no=1308&pgMode=show&id=805044
KR2026090700021624,,,"올림푸스한국(주) Sales 담당  채용(대전, 광주, 부산)",,올림푸스한국(주),의료(진료과목별),연제구,https://www.busanjob.net/view.do?no=1308&pgMode=show&id=809020
KR2026090700026479,,,올선데이 광안점 직원모집,,올선데이(ALL SUNDAY),,수영구,https://www.busanjob.net/view.do?no=1308&pgMode=show&id=800869
KR2026090700015247,,,옵타움 브랜드 부자재 중국소싱 경력직 직원 모집,,(주)펀샤인,화장품·뷰티,해운대구,https://www.busanjob.net/view.do?no=1308&pgMode=show&id=817137
KR2026090700031396,,,와이어컷팅 경력 모집(오퍼레이터 모집),,부일테크,기타제조업,사상구,https://www.busanjob.net/view.do?no=1308&pgMode=show&id=778894
KR2026090700019334,,,와이어컷팅 조작원 채용 공고(신입),,정도테크,기타제조업,강서구,https://www.busanjob.net/view.do?no=1308&pgMode=show&id=812253
KR2026090700020266,,,와이에이치산업에서 MCT 조작원으로 함께 일해요,,와이에이치산업,기계·설비·자동차,강서구,https://www.busanjob.net/view.do?no=1308&pgMode=show&id=810957
KR2026090700030343,,,외국계기업 피피지코리아 부산공장 레진 현장직 채용 모집,,(유)피피지코리아,석유·화학·에너지,남구,https://www.busanjob.net/view.do?no=1308&pgMode=show&id=785306
KR2026090700033646,,,외상외과(외과.심장혈관흉부외과 전문의) 상시 모집,,부산대학교병원,,,https://www.busanjob.net/view.do?no=1309&pgMode=show&id=287743
KR2026090700023602,,,요양병원 E-keep 구합니다.,,(의)피터의료재단,의료(병원종류별),기장군,https://www.busanjob.net/view.do?no=1308&pgMode=show&id=806021
KR2026090700027338,,,요양병원 환자안전 [QPS]전담인력 모집합니다.,,의료법인성원의료재단 감천참편한요양병원,의료(병원종류별),사하구,https://www.busanjob.net/view.do?no=1308&pgMode=show&id=799187
KR2026090700025798,,,우미남 화명점 직원 채용합니다,,우미남 화명점,외식업·식음료,북구,https://www.busanjob.net/view.do?no=1308&pgMode=show&id=802153
KR2026090700033173,,,운영 총괄 및 국내·해외 수출 모집,,(주)티원솔루션,유통·무역·상사,해운대구,https://www.busanjob.net/view.do?no=1308&pgMode=show&id=730868
KR2026090700033091,,,운항감독 경력무관 채용(정규직),,(주)에스제이탱커,운송·운수·물류,부산진구,https://www.busanjob.net/view.do?no=1308&pgMode=show&id=733791
KR2026090700022854,,,원무 접수 수납 모집 (의무기록사 우대),,의료법인송산의료재단 해양병원,의료(병원종류별),중구,https://www.busanjob.net/view.do?no=1308&pgMode=show&id=807206
KR2026090700018476,,,"원무 접수,수납 직원 모집 합니다.",,센텀해인요양병원,의료(병원종류별),수영구,https://www.busanjob.net/view.do?no=1308&pgMode=show&id=813310
KR2026090700033436,,,"원무부 (접수, 수납)  정규직 채용합니다",,미래소아청소년과의원,의료(진료과목별),부산진구,https://www.busanjob.net/view.do?no=1308&pgMode=show&id=724010
KR2026090700030607,,,원무팀 접수 수납  구인,,미래연합소아청소년과의원,의료(진료과목별),부산진구,https://www.busanjob.net/view.do?no=1308&pgMode=show&id=783802
KR2026090700031439,,,월드마켓 인터넷 쇼핑몰 직원 모집합니다,,주식회사월드마켓,과실류 도매업,강서구,https://www.busanjob.net/view.do?no=1308&pgMode=show&id=778606
KR2026090700025578,,,위대한탄생 여성병원 관리 사원을 모집합니다.,,위대한탄생 여성병원,의료(병원종류별),연제구,https://www.busanjob.net/view.do?no=1308&pgMode=show&id=802588
KR2026090700034111,,,유럽최대미용실(비욘드스타일)신입사원채용공고,,,,,https://www.busanjob.net/view.do?no=1310&pgMode=show&id=https://www.worldjob.or.kr/advnc/view.do?menuId=1000000014&dobType=1&joCrtfcNo=E20260203001&joCrtfcDsp=4&joCrtfcDspSn=1&rtnIp=183.103.55.151&dsptcKsco=&continent=&epmt61=
KR2026090700032529,,,"유아용품 온라인MD (주임, 대리, 과장급/전략형MD) 모집",,프리젠트주식회사,쇼핑몰·오픈마켓,수영구,https://www.busanjob.net/view.do?no=1308&pgMode=show&id=751689
KR2026090700024810,,,유압 및 연마 인력 채용 공고,,(주)모건테크,기타제조업,사상구,https://www.busanjob.net/view.do?no=1308&pgMode=show&id=804006
KR2026090700030935,,,윤연당 사하구청점 관리자 구인,,윤연당 사하구청점,,사하구,https://www.busanjob.net/view.do?no=1308&pgMode=show&id=781797
KR2026090700024448,,,의료기기 및 소모품 납품 및 서비스 직원 모집 (신입/경력),,가온메디칼,판매(상품품목별),부산진구,https://www.busanjob.net/view.do?no=1308&pgMode=show&id=804574
KR2026090700031875,,,의료폐기물 수거·운반 모집 0명,,원크린(주),환경,남구,https://www.busanjob.net/view.do?no=1308&pgMode=show&id=772132
KR2026090700022490,,,의원(이비인후과) 회사 소속 관리자 청각사/청능사  모집.,,온 메디칼,의료(진료과목별),서구,https://www.busanjob.net/view.do?no=1308&pgMode=show&id=807744
KR2026090700022628,,,이관고객 관리 컨설턴트 모집,,DB손해보험㈜,,진구,https://www.busanjob.net/view.do?no=1308&pgMode=show&id=807533
KR2026090700022309,,,이로운동물병원에서 함께 근무할 수의 테크니션을 찾습니다.,,이로운동물병원,,강서구,https://www.busanjob.net/view.do?no=1308&pgMode=show&id=808017
KR2026090700033062,,,이용자의 소중한 일상을 함께할 장애인활동지원사 모집,,사)부산뇌병변장애인인권협회,사회복지,남구,https://www.busanjob.net/view.do?no=1308&pgMode=show&id=734697
KR2026090700032362,,,이종원풋볼아카데미 아카데미 메인 코치 채용 공고,,이종원풋볼아카데미,레저·스포츠·여가,기장군,https://www.busanjob.net/view.do?no=1308&pgMode=show&id=756403
KR2026090700019914,,,인생의 기회 도전할 추심 전문가 모집 제이엠신용정보 돈도,,(주)제이엠신용정보,협회·단체,해운대구,https://www.busanjob.net/view.do?no=1308&pgMode=show&id=811474
KR2026090700018950,,,인센티브 동종업계 최대 ★LG U+ 부산 감정동★ 대규모 채용,,피피에이치알,시설관리·경비·용역,강서구,https://www.busanjob.net/view.do?no=1308&pgMode=show&id=812734
KR2026090700018953,,,인센티브 동종업계 최대 ★LG U+ 부산 중앙동★ 대규모 채용,,피피에이치알,시설관리·경비·용역,금정구,https://www.busanjob.net/view.do?no=1308&pgMode=show&id=812731
KR2026090700033364,,,인테리어 디자인 스케치업 경력직 채용공고,,(주)디엔엠15,건설·건축·토목·시공,해운대구,https://www.busanjob.net/view.do?no=1308&pgMode=show&id=725878
KR2026090700031727,,,인테리어 배우면서 일해보실분,,㈜공간상재,,해운대구,https://www.busanjob.net/view.do?no=1308&pgMode=show&id=776199
KR2026090700020933,,,인테리어 현장  경력 / 신입 모집합니다.,,스텔라디자인,실내·인테리어·조경,강서구,https://www.busanjob.net/view.do?no=1308&pgMode=show&id=810036
KR2026090700019131,,,인테리어 현장 담당,,(주)화담의장,건설·건축·토목·시공,부산진구,https://www.busanjob.net/view.do?no=1308&pgMode=show&id=812522
KR2026090700033260,,,인테리어 현장대리인(신입/경력)을 모십니다.,,(주)잰플랜,실내·인테리어·조경,강서구,https://www.busanjob.net/view.do?no=1308&pgMode=show&id=728265
KR2026090700025360,,,인테리어직원채용,,(주)경도건축사사무소엔지니어링,실내·인테리어·조경,기장군,https://www.busanjob.net/view.do?no=1308&pgMode=show&id=803034
KR2026090700033515,,,일반 관리,,BMTECH,전기·전자·제어,영도구,https://www.busanjob.net/view.do?no=1308&pgMode=show&id=716763
KR2026090700033957,,,일본 면세점 스텝 채용공고,,,,,https://www.busanjob.net/view.do?no=1310&pgMode=show&id=https://www.worldjob.or.kr/advnc/view.do?menuId=1000000014&dobType=1&joCrtfcNo=E20250311021&joCrtfcDsp=12&joCrtfcDspSn=1&rtnIp=183.103.55.151&dsptcKsco=&continent=&epmt61=
KR2026090700033733,,,일본어가능한 이공계출신을 대모집 (비자소유자는 문과가능),,,,,https://www.busanjob.net/view.do?no=1310&pgMode=show&id=https://www.worldjob.or.kr/advnc/view.do?menuId=1000000014&dobType=1&joCrtfcNo=E20250916019&joCrtfcDsp=5&joCrtfcDspSn=1&rtnIp=183.103.55.151&dsptcKsco=&continent=&epmt61=
KR2026090700032175,,,자동선반 CNC Swiss Turn 경력자 채용,,이노시스코리아(주),기계·설비·자동차,북구,https://www.busanjob.net/view.do?no=1308&pgMode=show&id=762364
KR2026090700033416,,,자재·일정 관리 및 데이터 운영 담당자 채용,,(주)랩오투원,솔루션·SI·ERP·CRM,중구,https://www.busanjob.net/view.do?no=1308&pgMode=show&id=724174
KR2026090700028216,,,작은거인 한의원 l 데스크 코디 선생님 구인,,작은거인한의원,의료(진료과목별),동래구,https://www.busanjob.net/view.do?no=1308&pgMode=show&id=797367
KR2026090700032813,,,잔차나라 온라인 쇼핑몰 디자인·SNS관리·재고발주 채용 공고,,잔차나라,판매(상품품목별),강서구,https://www.busanjob.net/view.do?no=1308&pgMode=show&id=742383
KR2026090700029267,,,장림시장 부근 3등급 여자어르신 주5일 9-12시...,,이레방문요양센터,,사하구,https://www.jobkorea.co.kr/Recruit/GI_Read/5545675/Ext?siteCode=WN&sc=
KR2026090700020432,,,장산역 365만세곰한의원에서 직원 모십니다. (정규직),,365만세곰한의원,의료(진료과목별),해운대구,https://www.busanjob.net/view.do?no=1308&pgMode=show&id=810732
KR2026090700030450,,,장애인활동지원사 모집(부산 동래구 안락동 근무),,서구 온사랑 장애인 활동지원센터,협회·단체,동래구,https://www.jobkorea.co.kr/Recruit/GI_Read/5525222/Ext?siteCode=WN&sc=
KR2026090700018939,,,장애인활동지원사 모집(부산 서구 남부민동),,서구 온사랑 장애인 활동지원센터,그 외 기타 비거주 복지 서비스업,서구,https://www.busanjob.net/view.do?no=1308&pgMode=show&id=812745
KR2026090700032188,,,재물(1종) 손해사정사 신입/경력사원 수시채용,,(주)케이비손해사정,증권·보험·카드,대구,https://www.busanjob.net/view.do?no=1308&pgMode=show&id=761748
KR2026090700030753,,,적합파트 1명 구인합니다,,이루다덴탈랩,제약·보건·바이오,동래구,https://www.busanjob.net/view.do?no=1308&pgMode=show&id=782958
KR2026090700018131,,,전대성한의원에서 주5일 근무 직원을 모십니다,,전대성한의원,의료(진료과목별),부산진구,https://www.busanjob.net/view.do?no=1308&pgMode=show&id=813742
KR2026090700022575,,,전산자료입력 선사외근 알바생 구합니다. (남녀무관 ),,삼현INT,운송·운수·물류,중구,https://www.busanjob.net/view.do?no=1308&pgMode=show&id=807631
KR2026090700032392,,,전산정보과(출산휴가 및 육아휴직자 대체) 임시직 채용 공고,,동아대학교의료원,의료(병원종류별),서구,https://www.busanjob.net/view.do?no=1308&pgMode=show&id=755405
KR2026090700023565,,,전시장 직원 구합니다,,창앤이룸도어 에코델타점,판매(상품품목별),강서구,https://www.busanjob.net/view.do?no=1308&pgMode=show&id=806073
KR2026090700027386,,,절단절곡 경력자 및 초보자 채용합니다,,거창금속,금속·재료·철강·요업,금정구,https://www.busanjob.net/view.do?no=1308&pgMode=show&id=799103
KR2026090700032905,,,접수 데스크 직원 구합니다,,더편한치과,의료(진료과목별),동구,https://www.busanjob.net/view.do?no=1308&pgMode=show&id=739350
KR2026090700032711,,,접착기장 경력직 채용,,(주)장원패키지디자인,기타제조업,강서구,https://www.busanjob.net/view.do?no=1308&pgMode=show&id=745580
KR2026090700019045,,,정건안전(주) - 현대건설 부산 아파트현장 단기 안전감시단 모집,,정건안전(주),건설·건축·토목·시공,강서구,https://www.busanjob.net/view.do?no=1308&pgMode=show&id=812616
KR2026090700027259,,,정관신도시 영어 전임,,(주)자하연에듀케이션,학원·어학원,기장군,https://www.busanjob.net/view.do?no=1308&pgMode=show&id=799313
KR2026090700026754,,,정규직) 파티더풀문 연회 관리 및 서비스 직원 모집(신입가능),,(주)대보름오시리아,외식업·식음료,기장군,https://www.busanjob.net/view.do?no=1308&pgMode=show&id=800295
KR2026090700028421,,,정년없이 일할수있는직업.  삼성  GFC  모집 (전국 각 지점),,삼성생명㈜,,,https://www.busanjob.net/view.do?no=1308&pgMode=show&id=796474
KR2026090700018706,,,"정육작업원 모집(연봉4,000만원)",,(주)한성푸드,유통·무역·상사,사상구,https://www.busanjob.net/view.do?no=1308&pgMode=show&id=813047
KR2026090700024031,,,정준호의 부산 헤리움웨딩홀에서 예약실 직원을 채용합니다.,,㈜해피엔젤라,한식 해산물요리 전문점,부산진구,https://www.jobkorea.co.kr/Recruit/GI_Read/49822804
KR2026090700029731,,,제31회 부산국제영화제 계약직 직원 수시 채용,,(사)부산국제영화제,협회·단체,해운대구,https://www.busanjob.net/view.do?no=1308&pgMode=show&id=789064
KR2026090700031575,,,제네딕트영어 [ 중고등 영어 전임 or 파트 ] 부산 사하구,,제네딕트영어학원,학원·어학원,사하구,https://www.busanjob.net/view.do?no=1308&pgMode=show&id=777787
KR2026090700033017,,,제어계측 신입/경력사원 모집,,(주)제넥,전기·전자·제어,창원시,https://www.busanjob.net/view.do?no=1308&pgMode=show&id=736218
KR2026090700032473,,,제이사 Art Registerer (아트 레지스터러) 채용,,(주)조현화랑,정부·공공기관·공기업,해운대구,https://www.busanjob.net/view.do?no=1308&pgMode=show&id=753231
KR2026090700021861,,,제이엠신용정보 돈도 유튜브와 함께 성장할 직원 모집,,(주)제이엠신용정보,기타금융,해운대구,https://www.busanjob.net/view.do?no=1308&pgMode=show&id=808671
KR2026090700030878,,,제주 오라2동 위파크 건설 현장 안전감시단 3명(경력)긴급모집,,(주)세메론,반도체·광학·LCD,제주시,https://www.busanjob.net/view.do?no=1308&pgMode=show&id=782139
KR2026090700015245,,,조이비인후과 접수 직원 채용 공고,,조이비인후과의원,의료(진료과목별),수영구,https://www.busanjob.net/view.do?no=1308&pgMode=show&id=817139
KR2026090700025613,,,좋은 팀에서 오래 함께하실 속속 공인중개사를 찾습니다,,부동산매니져마당발골인중개사사무소,부동산·임대·중개,수영구,https://www.busanjob.net/view.do?no=1308&pgMode=show&id=802522
KR2026090700030705,,,좋은날에 드라마 여성병원 [시설과  경력직] 채용,,좋은날에 드라마 여성병원,의료(병원종류별),동래구,https://www.busanjob.net/view.do?no=1308&pgMode=show&id=783246
KR2026090700031998,,,좋은문화병원 원무팀 직원 모집 공고,,좋은문화병원,의료(병원종류별),동구,https://www.busanjob.net/view.do?no=1308&pgMode=show&id=768244
KR2026090700030846,,,좋은문화병원 환자안내 직원 채용공고,,좋은문화병원,의료(병원종류별),동구,https://www.busanjob.net/view.do?no=1308&pgMode=show&id=782402
KR2026090700026558,,,주 5일/하루 6시간 카페 정직원 구합니다 (주휴/연차 지급),,리스보아,외식업·식음료,영도구,https://www.busanjob.net/view.do?no=1308&pgMode=show&id=800692
KR2026090700015237,,,주)해리아나 납품 관리- 정직원 채용,,(주)해리아나,조선·항공·우주,강서구,https://www.busanjob.net/view.do?no=1308&pgMode=show&id=817147
KR2026090700027482,,,주5일 중국음식점 홀서비스 정규직 모집,,(주)지글,외식업·식음료,해운대구,https://www.busanjob.net/view.do?no=1308&pgMode=show&id=798848
KR2026090700034055,,,주식회사 dataX [新卒/外国人採用]UIUXデザイナー,,,,,https://www.busanjob.net/view.do?no=1310&pgMode=show&id=https://www.worldjob.or.kr/advnc/view.do?menuId=1000000014&dobType=1&joCrtfcNo=E20250129002&joCrtfcDsp=8&joCrtfcDspSn=1&rtnIp=183.103.55.151&dsptcKsco=&continent=&epmt61=
KR2026090700034053,,,주식회사 dataX [新卒/外国人採用]webデザイナー,,,,,https://www.busanjob.net/view.do?no=1310&pgMode=show&id=https://www.worldjob.or.kr/advnc/view.do?menuId=1000000014&dobType=1&joCrtfcNo=E20250129002&joCrtfcDsp=7&joCrtfcDspSn=1&rtnIp=183.103.55.151&dsptcKsco=&continent=&epmt61=
KR2026090700034052,,,주식회사 dataX [新卒/外国人採用]ソフトウェアエンジニア（フロンドエンド/バックエンド）,,,,,https://www.busanjob.net/view.do?no=1310&pgMode=show&id=https://www.worldjob.or.kr/advnc/view.do?menuId=1000000014&dobType=1&joCrtfcNo=E20250129001&joCrtfcDsp=9&joCrtfcDspSn=1&rtnIp=183.103.55.151&dsptcKsco=&continent=&epmt61=
KR2026090700034054,,,주식회사 dataX [新卒/外国人採用]経営企画,,,,,https://www.busanjob.net/view.do?no=1310&pgMode=show&id=https://www.worldjob.or.kr/advnc/view.do?menuId=1000000014&dobType=1&joCrtfcNo=E20250129003&joCrtfcDsp=7&joCrtfcDspSn=1&rtnIp=183.103.55.151&dsptcKsco=&continent=&epmt61=
KR2026090700021607,,,주식회사 고혼진리퍼블릭 Beauty Advisor 채용,,(주)고혼진리퍼블릭,화장품·뷰티,수영구,https://www.busanjob.net/view.do?no=1308&pgMode=show&id=809043
KR2026090700021723,,,주식회사 고혼진리퍼블릭 Beauty Advisor 채용 공고,,㈜고혼진리퍼블릭,,수영구,https://www.busanjob.net/view.do?no=1308&pgMode=show&id=808866
KR2026090700030281,,,주식회사 디자인쿠키  경력직 채용,,(주)디자인쿠키,디자인·설계,해운대구,https://www.busanjob.net/view.do?no=1308&pgMode=show&id=785766
KR2026090700033059,,,주식회사 승우홀딩스 정규직 채용 (신입 지원 가능),,주식회사 승우홀딩스,의료(진료과목별),부산진구,https://www.busanjob.net/view.do?no=1308&pgMode=show&id=734751
KR2026090700032230,,,주식회사 아이엔케이 - 선원관리팀 채용 공고,,주식회사 아이엔케이,유통·무역·상사,동구,https://www.busanjob.net/view.do?no=1308&pgMode=show&id=760507
KR2026090700033071,,,주식회사 온제 내과 병원 수납·접수 데스크 직원 채용 공고,,주식회사 온제,의료(진료과목별),수영구,https://www.busanjob.net/view.do?no=1308&pgMode=show&id=734560
KR2026090700024821,,,주식회사모엘르부산지점 [오늘과자점] 구움과자점 서비스 멤버를 찾고 있어요,,주식회사모엘르부산지점,외식업·식음료,해운대구,https://www.busanjob.net/view.do?no=1308&pgMode=show&id=803990
KR2026090700030880,,,주요 정부기관 스캔운영 관리인력 모집,,(주)쇼우테크,정부·공공기관·공기업,연제구,https://www.busanjob.net/view.do?no=1308&pgMode=show&id=782121
KR2026090700028247,,,중고등 영어전임 (350이상),,J&C영어전문학원,학원·어학원,부산진구,https://www.busanjob.net/view.do?no=1308&pgMode=show&id=797307
KR2026090700022876,,,중국소싱 및 OEM 관련 업무 담당자 채용,,재영유통(썬월드),쇼핑몰·오픈마켓,강서구,https://www.busanjob.net/view.do?no=1308&pgMode=show&id=807173
KR2026090700032033,,,"중대형 드릴 마스터 장비 오퍼레이터 모집(주,야 2교대)",,(주)태웅에스엔티 녹산지점,기계·설비·자동차,강서구,https://www.busanjob.net/view.do?no=1308&pgMode=show&id=767296
KR2026090700018740,,,중앙하이텔(주) 부산경남유선사업부 현장 신호수 모집(아르바이,,중앙하이텔(주),네트워크·통신·모바일,금정구,https://www.busanjob.net/view.do?no=1308&pgMode=show&id=813004
KR2026090700022754,,,즐겁게 일하실 수의테크니션 선생님을 (정규직)모집합니다,,정관 착한동물병원,의료(진료과목별),기장군,https://www.busanjob.net/view.do?no=1308&pgMode=show&id=807356
KR2026090700024585,,,지반조사 현장작업 보조작업원 1명 구합니다.,,케이지비지반,,북구,https://www.busanjob.net/view.do?no=1308&pgMode=show&id=804328
KR2026090700019809,,,지온병원 정형외과 치료실  어씨스트 채용 공고,,지온병원,의료(진료과목별),금정구,https://www.busanjob.net/view.do?no=1308&pgMode=show&id=811612
KR2026090700142546,,,지평장애인자립생활센터 작은도서관 관리자 모집,,지평장애인자립생활센터,사회복지·요양,동구,https://www.jobkorea.co.kr/Recruit/GI_Read/5573739/Ext?siteCode=WN&sc=
KR2026090700021083,,,직원 구합니다.,,오션마린테크,기타제조업,영도구,https://www.busanjob.net/view.do?no=1308&pgMode=show&id=809845
KR2026090700022288,,,직원 모집 (컴퓨터 작업 능숙자 우대) 남녀 무관,,(주)삼화산전,전기·전자·제어,사상구,https://www.busanjob.net/view.do?no=1308&pgMode=show&id=808048
KR2026090700020701,,,직원모집 채권추심 제이엠신용정보 유튜브 돈도,,(주)제이엠신용정보,협회·단체,해운대구,https://www.busanjob.net/view.do?no=1308&pgMode=show&id=810357
KR2026090700021910,,,진공펌프 고객지원팀 (출장업무 가능자),,(주)뉴스코베큠,기계·설비·자동차,강서구,https://www.busanjob.net/view.do?no=1308&pgMode=show&id=808601
KR2026090700032553,,,진료 서비스 확대에 따른 청능사 추가 채용 공고,,코지이비인후과의원,의료(병원종류별),해운대구,https://www.busanjob.net/view.do?no=1308&pgMode=show&id=751086
KR2026090700030778,,,진료실 스텝 충원합니다,,참편한치과,의료(진료과목별),동래구,https://www.busanjob.net/view.do?no=1308&pgMode=show&id=782842
KR2026090700029234,,,진료실 직원 구인합니다.,,명성부부치과의원,의료(진료과목별),남구,https://www.busanjob.net/view.do?no=1308&pgMode=show&id=792219
KR2026090700021564,,,"진료실 직원 충원합니다 (매주목요일휴진, 야진없음, 연차제공)",,고운치과의원,의료(진료과목별),해운대구,https://www.busanjob.net/view.do?no=1308&pgMode=show&id=809098
KR2026090700031839,,,"진료실,주5일 / 경력자 구인",,박준치과,의료(진료과목별),사하구,https://www.busanjob.net/view.do?no=1308&pgMode=show&id=772730
KR2026090700027765,,,참편한 마취통증의학과에 가족이 될 분을 구합니다,,참편한마취통증의학과,의료(진료과목별),기장군,https://www.busanjob.net/view.do?no=1308&pgMode=show&id=798253
KR2026090700019916,,,채권추심 전문인력 모집  성과에 따른 확실한 보상,,(주)제이엠신용정보,기타금융,해운대구,https://www.busanjob.net/view.do?no=1308&pgMode=show&id=811471
KR2026090700017543,,,채권추심 전문인력 모집  제이엠신용정보 해운대지사,,(주)제이엠신용정보,기타금융,해운대구,https://www.busanjob.net/view.do?no=1308&pgMode=show&id=814454
KR2026090700023350,,,채용 담당자 (부산),,㈜아정네트웍스,네트워크·통신서비스,북구,https://www.jobkorea.co.kr/Recruit/GI_Read/49838467
KR2026090700029901,,,책나무 거제법원점에서 독서논술 선생님 모십니다.,,책나무오션시티독서논술학원,,연제구,https://www.busanjob.net/view.do?no=1308&pgMode=show&id=787749
KR2026090700032118,,,책나무 연지독서논술학원,,책나무연지독서논술학원,학원·어학원,부산진구,https://www.busanjob.net/view.do?no=1308&pgMode=show&id=764280
KR2026090700024452,,,철근콘크리트업(전문건설) 현장소장 채용합니다.,,(주)나루건설,건설·건축·토목·시공,사하구,https://www.busanjob.net/view.do?no=1308&pgMode=show&id=804569
KR2026090700030037,,,철의장품 납품 재고관리 직원을 모집해요,,상아이앤지,금속·재료·철강·요업,강서구,https://www.busanjob.net/view.do?no=1308&pgMode=show&id=787038
KR2026090700018152,,,철판 상하차 및 철판 절단 직원 모집,,민창철강(주),금속·재료·철강·요업,사상구,https://www.busanjob.net/view.do?no=1308&pgMode=show&id=813715
KR2026090700028609,,,청담라인 코디 충원합니다.,,청담라인의원,의료(진료과목별),부산진구,https://www.busanjob.net/view.do?no=1308&pgMode=show&id=795653
KR2026090700030686,,,청담라인의원 관리사 충원합니다 :),,청담라인의원,의료(진료과목별),부산진구,https://www.busanjob.net/view.do?no=1308&pgMode=show&id=783362
KR2026090700032262,,,청담라인의원 코디 충원합니다.,,청담라인의원,의료(진료과목별),부산진구,https://www.busanjob.net/view.do?no=1308&pgMode=show&id=759235
KR2026090700026293,,,"초등,중등 수학 선생님 모집",,리더스어학원,,동래구,https://www.busanjob.net/view.do?no=1308&pgMode=show&id=801235
KR2026090700027740,,,"초등~고1 경력사원 채용(정규직, 계약직)",,(주)한제욱수학학원,학원·어학원,동래구,https://www.busanjob.net/view.do?no=1308&pgMode=show&id=798293
KR2026090700018667,,,초등부 영어 (초4~중1) 현장 수업 & 관리자 모집,,랜디스영어학원,학원·어학원,기장군,https://www.busanjob.net/view.do?no=1308&pgMode=show&id=813091
KR2026090700020934,,,"초등수학, 중등 수학 선생님 모집 합니다.",,에듀메타플러스학원,학원·어학원,북구,https://www.busanjob.net/view.do?no=1308&pgMode=show&id=810034
KR2026090700027312,,,초중등 학습관리 보조 조교 선생님 모집합니다,,퀀텀수학학원,초중고·대학,해운대구,https://www.busanjob.net/view.do?no=1308&pgMode=show&id=799230
KR2026090700024486,,,최고 대우) 빠른성장으로 인해 TM팀 추가 모집,,(주)폴레옹,광고·홍보·전시,부산진구,https://www.busanjob.net/view.do?no=1308&pgMode=show&id=804524
KR2026090700017043,,,카운터 보실분 모집합니다,,삼원개발,외식업·식음료,사하구,https://www.busanjob.net/view.do?no=1308&pgMode=show&id=815073
KR2026090700025786,,,카페 구담 부산항국제여객터미널 정직원 채용,,카페 구담 부산항국제여객터미널점,외식업·식음료,동구,https://www.busanjob.net/view.do?no=1308&pgMode=show&id=802171
KR2026090700021930,,,캐주얼 다이닝 (주)물푸레에서 직원모집합니다.,,(주)물푸레,외식업·식음료,기장군,https://www.busanjob.net/view.do?no=1308&pgMode=show&id=808574
KR2026090700034108,,,캘리포니아 Total logistics services 기업에서 Import and Export operation 채용(중식 제공),,,,,https://www.busanjob.net/view.do?no=1310&pgMode=show&id=https://www.worldjob.or.kr/advnc/view.do?menuId=1000000014&dobType=1&joCrtfcNo=E20260820016&joCrtfcDsp=1&joCrtfcDspSn=1&rtnIp=183.103.55.151&dsptcKsco=&continent=&epmt61=
KR2026090700034121,,,캘리포니아 소재 컨템포러리 여성 패션기업에서 E commerce 파트 채용,,,,,https://www.busanjob.net/view.do?no=1310&pgMode=show&id=https://www.worldjob.or.kr/advnc/view.do?menuId=1000000014&dobType=1&joCrtfcNo=E20260826008&joCrtfcDsp=1&joCrtfcDspSn=1&rtnIp=183.103.55.151&dsptcKsco=&continent=&epmt61=
KR2026090700033913,,,캘리포니아 소재 패션 전문 기업에서 Web team/ Production/ Design 채용,,,,,https://www.busanjob.net/view.do?no=1310&pgMode=show&id=https://www.worldjob.or.kr/advnc/view.do?menuId=1000000014&dobType=1&joCrtfcNo=E20260722008&joCrtfcDsp=1&joCrtfcDspSn=1&rtnIp=183.103.55.151&dsptcKsco=&continent=&epmt61=
KR2026090700033666,,,캘리포니아 에나하임에 위치한 제강업체 견적팀(Estimate Team) 채용,,,,,https://www.busanjob.net/view.do?no=1310&pgMode=show&id=https://www.worldjob.or.kr/advnc/view.do?menuId=1000000014&dobType=1&joCrtfcNo=E20251007013&joCrtfcDsp=6&joCrtfcDspSn=1&rtnIp=183.103.55.151&dsptcKsco=&continent=&epmt61=
KR2026090700034123,,,캘리포니아 여성 캐주얼 의류 업체에서 Fashion Designer 채용,,,,,https://www.busanjob.net/view.do?no=1310&pgMode=show&id=https://www.worldjob.or.kr/advnc/view.do?menuId=1000000014&dobType=1&joCrtfcNo=E20240902001&joCrtfcDsp=8&joCrtfcDspSn=1&rtnIp=183.103.55.151&dsptcKsco=&continent=&epmt61=
KR2026090700033694,,,캘리포니아 여성의류 패션기업에서 Design & Production 채용,,,,,https://www.busanjob.net/view.do?no=1310&pgMode=show&id=https://www.worldjob.or.kr/advnc/view.do?menuId=1000000014&dobType=1&joCrtfcNo=E20260710011&joCrtfcDsp=1&joCrtfcDspSn=1&rtnIp=183.103.55.151&dsptcKsco=&continent=&epmt61=
KR2026090700025282,,,커피볶는 시골커피 슈퍼바이저 채용,,민진로스팅,외식업·식음료,연제구,https://www.busanjob.net/view.do?no=1308&pgMode=show&id=803155
KR2026090700026857,,,"커피볶는 시골커피 인테리어 (신입, 경력자)모집",,민진로스팅,실내·인테리어·조경,연제구,https://www.busanjob.net/view.do?no=1308&pgMode=show&id=800138
KR2026090700028253,,,커피빈 부산남포역점 8H 슈퍼바이저 채용합니다,,(주)커피빈코리아,외식업·식음료,중구,https://www.busanjob.net/view.do?no=1308&pgMode=show&id=797301
KR2026090700016077,,,"컨테이너 (신입,경력) 사원 모집합니다",,태광,유통·무역·상사,강서구,https://www.busanjob.net/view.do?no=1308&pgMode=show&id=816191
KR2026090700026770,,,컨테이너 터미널 야드감독 채용 공고,,(주)한승항만물류산업,운송·운수·물류,강서구,https://www.busanjob.net/view.do?no=1308&pgMode=show&id=800269
KR2026090700016429,,,케이피부과에서 cs 온라인응대 직원분을 모십니다(토일 휴무),,케이피부과의원,의료(진료과목별),수영구,https://www.busanjob.net/view.do?no=1308&pgMode=show&id=815806
KR2026090700033336,,,코코이비인후과와 함께하실 청능사/청각사 선생님을 모십니다.,,코코이비인후과,의료(진료과목별),남구,https://www.busanjob.net/view.do?no=1308&pgMode=show&id=726294
KR2026090700033355,,,콜 배차관리 경력무관 채용(경력자우대 정규직) 사업확장 충원,,(주)원큐특수운송,운송·운수·물류,해운대구,https://www.busanjob.net/view.do?no=1308&pgMode=show&id=725973
KR2026090700032648,,,콜 배차관리 채용 (동종업계 3년 이상 경력자 우대 / 정규직),,(주)원큐특수운송,운송·운수·물류,해운대구,https://www.busanjob.net/view.do?no=1308&pgMode=show&id=748053
KR2026090700142151,,,쿠쿠홈시스 정수기관리 사원모집합니다,,쿠쿠홈시스,그 외 기타 개인 및 가정용품 임대업,사하구,https://www.jobkorea.co.kr/Recruit/GI_Read/49841808
KR2026090700027209,,,퀸즈파크여성병원 산부인과 분만실 3교대,,퀸즈파크여성병원,의료(진료과목별),해운대구,https://www.busanjob.net/view.do?no=1308&pgMode=show&id=799394
KR2026090700026573,,,크레인 호이스트 A/S 사원 모집,,한국크레인,기계·설비·자동차,강서구,https://www.busanjob.net/view.do?no=1308&pgMode=show&id=800674
KR2026090700033528,,,클래스윔 동래점 피트니스(헬스장)에서 오후 파트 트레이너 구인,,주식회사 클래스윔 동래점,레저·스포츠·여가,금정구,https://www.busanjob.net/view.do?no=1308&pgMode=show&id=714696
KR2026090700033116,,,탐색항체팀 모집,,프레스티지바이오파마아이디씨(주),제약·보건·바이오,강서구,https://www.busanjob.net/view.do?no=1308&pgMode=show&id=733186
KR2026090700030316,,,태광후지킨(주) 현장직 채용 공고,,태광후지킨(주),금속·재료·철강·요업,강서구,https://www.busanjob.net/view.do?no=1308&pgMode=show&id=785501
KR2026090700020176,,,태양커피 센텀시티점에서 함께 하실분,,태양커피,외식업·식음료,해운대구,https://www.busanjob.net/view.do?no=1308&pgMode=show&id=811096
KR2026090700024947,,,태양커피 센텀시티점에서 함께 할 분을 찾습니다,,태양커피,외식업·식음료,해운대구,https://www.busanjob.net/view.do?no=1308&pgMode=show&id=803748
KR2026090700021616,,,태우종합건설(주) 건설 및 인테리어 현장 관리자 경력 채용 공고,,태우종합건설(주),건설·건축·토목·시공,남구,https://www.busanjob.net/view.do?no=1308&pgMode=show&id=809031
KR2026090700021631,,,태인종합건설(주) 각 부문 경력사원 채용,,태인종합건설(주),건설·건축·토목·시공,과천시,https://www.busanjob.net/view.do?no=1308&pgMode=show&id=809010
KR2026090700018546,,,토지보상업무 경력/신입사원 채용,,(주)한국자산정보원,부동산·임대·중개,부산진구,https://www.busanjob.net/view.do?no=1308&pgMode=show&id=813233
KR2026090700028303,,,통신 현장직 모집,,우주정보통신(주),환경·설비,사하구,https://www.busanjob.net/view.do?no=1308&pgMode=show&id=797160
KR2026090700019514,,,통신공사 직원 구합니다.,,(주)태승아이앤티,네트워크·통신·모바일,사하구,https://www.busanjob.net/view.do?no=1308&pgMode=show&id=812023
KR2026090700025089,,,통신사 미납 채권 관리,,한국씨에스엠 유한주식회사,,연제구,https://www.busanjob.net/view.do?no=1308&pgMode=show&id=803499
KR2026090700031033,,,투바 애플(Apple) 공인서비스 부산 서면센터 채용,,(주)투바,네트워크·통신·모바일,부산진구,https://www.busanjob.net/view.do?no=1308&pgMode=show&id=781223
KR2026090700017025,,,투엠글로벌(주)  배차 직원 채용 공고,,투엠글로벌(주),운송·운수·물류,남구,https://www.busanjob.net/view.do?no=1308&pgMode=show&id=815094
KR2026090700016412,,,트레블로지 스위트 부산 센텀 프론트데스크 직원 채용,,트레블로지 스위트 부산 센텀,호텔·여행·항공,해운대구,https://www.busanjob.net/view.do?no=1308&pgMode=show&id=815824
KR2026090700023775,,,트레스칼코리아 큐엔큐(부산) 고객지원팀 정규직 채용,,㈜트레스칼코리아,기타제조업,강서구,https://www.busanjob.net/view.do?no=1308&pgMode=show&id=805741
KR2026090700031749,,,팀터틀랫피트니스 장산점에서 함께 일하실 트레이너분 구합니다,,팀터틀랫해운대장산,레저·스포츠·여가,해운대구,https://www.busanjob.net/view.do?no=1308&pgMode=show&id=775456
KR2026090700023201,,,파란시티병원 원무 경력자를 찾고 있어요,,파란시티병원,의료(진료과목별),부산진구,https://www.busanjob.net/view.do?no=1308&pgMode=show&id=806680
KR2026090700023706,,,팬스타엔터프라이즈 한국국제특송팀 특송장 현장 관리 채용의 건,,(주)팬스타엔터프라이즈,기계·설비·자동차,중구,https://www.busanjob.net/view.do?no=1308&pgMode=show&id=805868
KR2026090700026021,,,페어필드 바이 메리어트 송도  룸메이드(경력직),,주식회사위더스티엠,시설관리·경비·용역,서구,https://www.busanjob.net/view.do?no=1308&pgMode=show&id=801794
KR2026090700026761,,,페이퍼가든 전포점 직원,,거율 트레이딩,판매(상품품목별),부산진구,https://www.busanjob.net/view.do?no=1308&pgMode=show&id=800284
KR2026090700018447,,,페트릭점헬스&피티대연점 FC 데스크 직원을 찾고 있어요,,페트릭점헬스&피티대연점,레저·스포츠·여가,남구,https://www.busanjob.net/view.do?no=1308&pgMode=show&id=813346
KR2026090700033554,,,펜타스코리아 디자인 직원 모집,,주식회사 펜타스코리아,기타제조업,기장군,https://www.busanjob.net/view.do?no=1308&pgMode=show&id=711027
KR2026090700024322,,,폐기물 재활용선별 단순 사원 모집,,주식회사이놉스,지정 외 폐기물 처리업,사상구,https://www.busanjob.net/view.do?no=1308&pgMode=show&id=804816
KR2026090700020360,,,폐수처리시설 (현장)정규직 모집(폐수처리시설 근무 경력 우대),,(주)오성산업,환경·설비,사상구,https://www.busanjob.net/view.do?no=1308&pgMode=show&id=810828
KR2026090700018562,,,포워딩 업무 직원 경력사원 모집합니다(정규직),,트래닉스(주),운송·운수·물류,중구,https://www.busanjob.net/view.do?no=1308&pgMode=show&id=813213
KR2026090700031500,,,포워딩팀 신입사원 채용 공고 (일본어 가능자),,에이알에이물류(주),운송·운수·물류,서구,https://www.busanjob.net/view.do?no=1308&pgMode=show&id=778243
KR2026090700020296,,,폴리어학원 - 어린이보호 차량 동승자 모집,,(주)영인에프에이씨,학원·어학원,동래구,https://www.busanjob.net/view.do?no=1308&pgMode=show&id=810912
KR2026090700142667,,,푸른유치원 차량 동승자 도우미 구인,,푸른유치원,학원·어학원·교육원,해운대구,https://www.jobkorea.co.kr/Recruit/GI_Read/5539035/Ext?siteCode=WN&sc=
KR2026090700028037,,,풋토리 동래점 네일리스트 '경력자' 모집합니다,,다나&카밀렌60,뷰티·미용,동래구,https://www.busanjob.net/view.do?no=1308&pgMode=show&id=797719
KR2026090700031770,,,풋토리 센텀점에서 함께할 네일리스트를 모집합니다 (경력 우대),,다나&카밀렌60,뷰티·미용,해운대구,https://www.busanjob.net/view.do?no=1308&pgMode=show&id=774945
KR2026090700034147,,,"프라하 한식당 MAMY, 구인 공고(홀스탭, 1명)",,,,,https://www.busanjob.net/view.do?no=1310&pgMode=show&id=https://www.worldjob.or.kr/advnc/view.do?menuId=1000000014&dobType=1&joCrtfcNo=E20230814013&joCrtfcDsp=8&joCrtfcDspSn=1&rtnIp=183.103.55.151&dsptcKsco=&continent=&epmt61=
KR2026090700033142,,,프랜차이즈 슈퍼바이저 채용,,주식회사다다에프앤비,외식업·식음료,해운대구,https://www.busanjob.net/view.do?no=1308&pgMode=show&id=732015
KR2026090700018189,,,프레스 경력 사원 모집,,주식회사 알파인,기계·설비·자동차,사상구,https://www.busanjob.net/view.do?no=1308&pgMode=show&id=813672
KR2026090700018187,,,프레스 신입 사원 모집,,주식회사 알파인,기계·설비·자동차,사상구,https://www.busanjob.net/view.do?no=1308&pgMode=show&id=813674
KR2026090700033227,,,프로젝트 계약직 채용 (주5일&부산신호태양광 관리운영),,케이씨솔라앤에너지(주),환경·설비,강서구,https://www.busanjob.net/view.do?no=1308&pgMode=show&id=729277
KR2026090700026335,,,프로젝트 수행 관리 신입 사원 채용,,비온솔루션 주식회사,연구소·컨설팅·조사,강서구,https://www.busanjob.net/view.do?no=1308&pgMode=show&id=801161
KR2026090700024813,,,프리미엄수학 [ 중고등 수학 전임 or 파트 ] 부산 사하구,,프리미엄수학학원,학원·어학원,사하구,https://www.busanjob.net/view.do?no=1308&pgMode=show&id=804001
KR2026090700031905,,,프리젠테이션 전문가를 모시고 있어요,,아이엠커뮤니케이션,디자인·설계,해운대구,https://www.busanjob.net/view.do?no=1308&pgMode=show&id=771119
KR2026090700030472,,,플랫폼제이와 함께할 MICE 전문가를 모집합니다.,,(주)플랫폼제이,광고·홍보·전시,연제구,https://www.busanjob.net/view.do?no=1308&pgMode=show&id=784509
KR2026090700033133,,,피부관리실 직원 채용공고,,하단광덕안정한방병원,의료(병원종류별),사하구,https://www.busanjob.net/view.do?no=1308&pgMode=show&id=732400
KR2026090700028240,,,피부클리닉 경력직 직원 모집,,더케이부산병원,뷰티·미용,금정구,https://www.busanjob.net/view.do?no=1308&pgMode=show&id=797321
KR2026090700016088,,,피엔스튜디오 부산 서면점 직원 구인,,피엔스튜디오부산서면점,영화·배급·음악,부산진구,https://www.busanjob.net/view.do?no=1308&pgMode=show&id=816177
KR2026090700023545,,,피자헛 부산망미2호점 정규직 직원 모집,,피자헛 부산망미2호점,외식업·식음료,수영구,https://www.busanjob.net/view.do?no=1308&pgMode=show&id=806101
KR2026090700023445,,,피자헛 부산망미2호점 정규직 직원 모집중,,피자헛 부산망미2호점,외식업·식음료,수영구,https://www.busanjob.net/view.do?no=1308&pgMode=show&id=806268
KR2026090700026828,,,필즈더클래식 센텀센터에서 선생님을 모심.,,필즈더클래식학원,학원·어학원,해운대구,https://www.busanjob.net/view.do?no=1308&pgMode=show&id=800178
KR2026090700017052,,,하단  더존 한방병원  원무 직원 모집,,더존한방병원하단점,의료(병원종류별),강서구,https://www.busanjob.net/view.do?no=1308&pgMode=show&id=815061
KR2026090700019293,,,하단한의원 중간관리자급 직원 채용합니다.,,고든몸한의원,의료(진료과목별),사하구,https://www.busanjob.net/view.do?no=1308&pgMode=show&id=812298
KR2026090700029721,,,하이에어코리아(주) 전산파트 직원 채용,,하이에어코리아(주),조선·항공·우주,사상구,https://www.busanjob.net/view.do?no=1308&pgMode=show&id=789120
KR2026090700033144,,,하파크리스틴 신세계 센텀시티점 안경사 선생님을 모십니다.,,하파크리스틴 신세계백화점 센텀시티점,판매(매장종류별),해운대구,https://www.busanjob.net/view.do?no=1308&pgMode=show&id=731777
KR2026090700030628,,,하파크리스틴-윙크 렌즈 해운대역점 안경사 선생님 모십니다,,윙크 해운대역점,판매(상품품목별),해운대구,https://www.busanjob.net/view.do?no=1308&pgMode=show&id=783693
KR2026090700016131,,,하파크리스틴x윙크렌즈 해운대역점 직원채용(안경사면허증 필수),,윙크렌즈스토어해운대역점,판매(상품품목별),해운대구,https://www.busanjob.net/view.do?no=1308&pgMode=show&id=816133
KR2026090700015356,,,학원데스크업무 직원 모집합니다. (개금페르마 학원),,개금페르마학원,학원·어학원,부산진구,https://www.busanjob.net/view.do?no=1308&pgMode=show&id=817022
KR2026090700026453,,,"한국손해사정(주) 직원채용(부산) - 재물, 대물, 차량",,한국해상화재손해사정(주),증권·보험·카드,금정구,https://www.busanjob.net/view.do?no=1308&pgMode=show&id=800938
KR2026090700026030,,,"한샘리하우스RD,경력무관 채용합니다(정규직)",,한샘키친 장산대리점,실내·인테리어·조경,해운대구,https://www.busanjob.net/view.do?no=1308&pgMode=show&id=801783
KR2026090700015731,,,"한샘한의원침구실선생님(평일5시퇴근,일.야간진료X,연봉3천이상)",,한샘한의원,의료(진료과목별),동구,https://www.busanjob.net/view.do?no=1308&pgMode=show&id=816599
KR2026090700019442,,,"한성테크-고무제품 사상실 바리제거,시야기",,한성테크(주),기타제조업,사상구,https://www.busanjob.net/view.do?no=1308&pgMode=show&id=812107
KR2026090700025590,,,한의원 침구실 정규직 직원 모집 합니다. (야간X / 주4일),,심재원한의원,의료(진료과목별),해운대구,https://www.busanjob.net/view.do?no=1308&pgMode=show&id=802565
KR2026090700020872,,,한의원에 함께 일하실 분,,명제한의원,의료(진료과목별),동래구,https://www.busanjob.net/view.do?no=1308&pgMode=show&id=810116
KR2026090700031837,,,한일후지코리아 국내사업부 계약직 채용,,한일후지코리아(주),유통·무역·상사,중구,https://www.busanjob.net/view.do?no=1308&pgMode=show&id=772736
KR2026090700022973,,,함게하실 밝고 적극적인 데스크 선생님 찾아요,,메디스 치과의원(경성대),의료(진료과목별),남구,https://www.busanjob.net/view.do?no=1308&pgMode=show&id=807043
KR2026090700030704,,,함께 꿈을 이루실 분을 모십니다,,이든부동산중개사무소,부동산·임대·중개,해운대구,https://www.busanjob.net/view.do?no=1308&pgMode=show&id=783247
KR2026090700033222,,,함께 성장할 개원 멤버 추가 모집합니다. (신입~6년차),,양정웃는오늘치과의원,의료(진료과목별),부산진구,https://www.busanjob.net/view.do?no=1308&pgMode=show&id=729611
KR2026090700032333,,,함께 일하신분 모십니다,,비엔지테크,조선·항공·우주,강서구,https://www.busanjob.net/view.do?no=1308&pgMode=show&id=757341
KR2026090700023512,,,함께 일하실 수의테크니션 선생님을(정규직)모집합니다.,,정관 착한동물병원,의료(진료과목별),기장군,https://www.busanjob.net/view.do?no=1308&pgMode=show&id=806173
KR2026090700019840,,,함께 하실  중간연차 선생님을 모집합니다.많은 지원 해주세요,,이유치과,의료(진료과목별),부산진구,https://www.busanjob.net/view.do?no=1308&pgMode=show&id=811572
KR2026090700033441,,,함께일할 선생님 모십니다(4.5일),,올라잇치과의원,의료(진료과목별),해운대구,https://www.busanjob.net/view.do?no=1308&pgMode=show&id=723907
KR2026090700025330,,,해든주간활동센터 주간활동센터 제공인력  1명,,해든주간활동센터,사회복지,사하구,https://www.busanjob.net/view.do?no=1308&pgMode=show&id=803084
KR2026090700032665,,,해라컨트리클럽 경기팀 직원 모집합니다.,,엔케이레져앤리조트(주),레저·스포츠·여가,강서구,https://www.busanjob.net/view.do?no=1308&pgMode=show&id=747814
KR2026090700023511,,,해라컨트리클럽 코스팀 직원 모집합니다.,,엔케이레져앤리조트(주),레저·스포츠·여가,강서구,https://www.busanjob.net/view.do?no=1308&pgMode=show&id=806175
KR2026090700033174,,,해라컨트리클럽 프론트 직원 모집합니다.,,엔케이레져앤리조트(주),레저·스포츠·여가,강서구,https://www.busanjob.net/view.do?no=1308&pgMode=show&id=730837
KR2026090700025187,,,해외수입업무.경력직채용,,퍼플오션인터내셔널(주),유통·무역·상사,중구,https://www.busanjob.net/view.do?no=1308&pgMode=show&id=803305
KR2026090700024547,,,해운대 급구 `홀`) F&B브랜드 쌈보보쌈에서 홀 정직원을 모집합니다.,,쌈보보쌈 해운대점,,해운대구,https://www.busanjob.net/view.do?no=1308&pgMode=show&id=804423
KR2026090700020691,,,해운대 더올림의원 미용병원 대만인 직원 모집합니다.,,더올림의원,의료(진료과목별),해운대구,https://www.busanjob.net/view.do?no=1308&pgMode=show&id=810369
KR2026090700016082,,,해운대 마린숲정신건강의학과에서 직원을 구합니다.,,마린숲정신건강의학과,의료(병원종류별),해운대구,https://www.busanjob.net/view.do?no=1308&pgMode=show&id=816186
KR2026090700015291,,,해운대 브런치카페 보네브 주5일 정직원 채용,,아보아보,외식업·식음료,해운대구,https://www.busanjob.net/view.do?no=1308&pgMode=show&id=817091
KR2026090700032774,,,해운대 송정동 지산부동산 공인중개사 및 중개원모집,,지산공인중개사사무소,부동산·임대·중개,해운대구,https://www.busanjob.net/view.do?no=1308&pgMode=show&id=743407
KR2026090700023856,,,해운대 심미안 말차전문점 직원 모집,,RMDF(로맨티코디자인팩토리),외식업·식음료,해운대구,https://www.busanjob.net/view.do?no=1308&pgMode=show&id=805578
KR2026090700030933,,,해운대 이탈리안레스토랑 사비아 키친직원채용,,사비아,,해운대구,https://www.busanjob.net/view.do?no=1308&pgMode=show&id=781815
KR2026090700028183,,,해운대 장산 고투스시 홀 정직원 구합니다.,,㈜유종,,해운대구,https://www.busanjob.net/view.do?no=1308&pgMode=show&id=797464
KR2026090700001528,,,해운대나눔과행복병원 갑상선유방팀/ 정규직 채용(경력무관),,해운대나눔과행복병원,,,https://job.nurscape.net/Jobs/Details/594177
KR2026090700033390,,,해운대나눔과행복병원 사회사업팀 / 계약직,,해운대나눔과행복병원,의료(병원종류별),해운대구,https://www.busanjob.net/view.do?no=1308&pgMode=show&id=725052
KR2026090700027362,,,해운대푸른바다병원 소아과 초음파사 채용공고,,해운대푸른바다병원,의료(진료과목별),해운대구,https://www.busanjob.net/view.do?no=1308&pgMode=show&id=799139
KR2026090700032170,,,헤솔두피클리닉스 체인점 운영 담당자 채용,,(주)에코마인,화장품·뷰티,강서구,https://www.busanjob.net/view.do?no=1308&pgMode=show&id=762434
KR2026090700025136,,,현대자동차 부산대연대리점 운영팀(업무과) 경력직 모집합니다.,,현대자동차 부산대연판매대리점,,남구,https://www.busanjob.net/view.do?no=1308&pgMode=show&id=803397
KR2026090700024943,,,"현수막·간판, 시각디자인外  정규직 채용 공고(경력사원)",,(주)연제기획,디자인·설계,연제구,https://www.busanjob.net/view.do?no=1308&pgMode=show&id=803752
KR2026090700029562,,,현장 경력무관 채용(정규직),,발통코리아,판매(상품품목별),북구,https://www.busanjob.net/view.do?no=1308&pgMode=show&id=790138
KR2026090700025648,,,현장 주조작업 사원 구함.,,한국메탈기계㈜,,영도구,https://www.busanjob.net/view.do?no=1308&pgMode=show&id=802459
KR2026090700021855,,,현장 직원 구합니다.,,(주)제이메탈,금속·재료·철강·요업,강서구,https://www.busanjob.net/view.do?no=1308&pgMode=show&id=808681
KR2026090700025978,,,현장직 1명모집,,주식회사 에스토탈,조선·항공·우주,사상구,https://www.busanjob.net/view.do?no=1308&pgMode=show&id=801859
KR2026090700032532,,,"현장직 사원 모집 (목상자 작업 보조) 3개월, 6개월 계약직 급구",,주식회사 네팝코리아,가구·목재·제지,강서구,https://www.busanjob.net/view.do?no=1308&pgMode=show&id=751345
KR2026090700031997,,,현풍닭칼국수 본사 슈퍼바이저(SV) 운영팀원 모집,,(주)지앤씨신칼,외식업·식음료,강서구,https://www.busanjob.net/view.do?no=1308&pgMode=show&id=768245
KR2026090700019048,,,호이스트(천정크레인) 이용 환봉 상하차 작업 직원 모집,,신한스틸(주),금속·재료·철강·요업,강서구,https://www.busanjob.net/view.do?no=1308&pgMode=show&id=812613
KR2026090700033674,,,호주 브리즈번 정육 경력직 채용,,,,,https://www.busanjob.net/view.do?no=1310&pgMode=show&id=https://www.worldjob.or.kr/advnc/view.do?menuId=1000000014&dobType=1&joCrtfcNo=E20260826005&joCrtfcDsp=1&joCrtfcDspSn=1&rtnIp=183.103.55.151&dsptcKsco=&continent=&epmt61=
KR2026090700021526,,,호호에듀(주) 초등 독서 독후 문항 출제자 단기근무 채용 공고,,호호에듀(주),교재·학습지,해운대구,https://www.busanjob.net/view.do?no=1308&pgMode=show&id=809151
KR2026090700023988,,,홀서비스 부산 롯데백화점 중식 브랜드 딘타이펑 정규 공고,,㈜딘타이펑코리아,,중구,https://www.busanjob.net/view.do?no=1308&pgMode=show&id=805357
KR2026090700026264,,,홀서비스/부산 롯데백화점/중식 프랜차이즈 딘타이펑/정규직,,㈜딘타이펑코리아,,,https://www.busanjob.net/view.do?no=1308&pgMode=show&id=801315
KR2026090700017759,,,홈헬스케어 부문 신입/경력직 모집 - 전국,,바이탈에어코리아(주),의료(진료과목별),강남구,https://www.busanjob.net/view.do?no=1308&pgMode=show&id=814175
KR2026090700016357,,,홍성씨링 텍스타일 현장직,,(주)홍성씨링인쇄,출판·인쇄·사진,사상구,https://www.busanjob.net/view.do?no=1308&pgMode=show&id=815887
KR2026090700034156,,,"홍콩 한식당 및 카페, 여러 레스토랑(법인명 골드문)에서 근무하실 직원분들 모십니다",,,,,https://www.busanjob.net/view.do?no=1310&pgMode=show&id=https://www.worldjob.or.kr/advnc/view.do?menuId=1000000014&dobType=1&joCrtfcNo=E20241103001&joCrtfcDsp=13&joCrtfcDspSn=1&rtnIp=183.103.55.151&dsptcKsco=&continent=&epmt61=
KR2026090700031818,,,환자이송 계약직 모집,,(의)선우의료재단비에이치에스한서병원,의료(병원종류별),수영구,https://www.busanjob.net/view.do?no=1308&pgMode=show&id=773350
KR2026090700016381,,,회계사무실에서 함께 일하실 경력 직원분을 모집합니다.,,세무사김두승세무회계사무소,세무·회계,해운대구,https://www.busanjob.net/view.do?no=1308&pgMode=show&id=815862
KR2026090700032087,,,회사와 함께 성장할 인재 각 부분 채용,,와이지농부산천,농업·어업·광업·임업,사하구,https://www.busanjob.net/view.do?no=1308&pgMode=show&id=765454
KR2026090700028497,,,힐사이드컬리지잇 해운대어학원 4세반 한인 담임,,(주)이현에듀,유아·유치원,해운대구,https://www.busanjob.net/view.do?no=1308&pgMode=show&id=796186
