공고URL,직종코드,담당업무,직종,직무키워드,학력,경력,급여,근무형태,상세주소,모집인원,수집시각
https://www.jobkorea.co.kr/Recruit/GI_Read/5616443/Ext?siteCode=WN&sc=,561101,"CGV 부산 센텀시티점 미화원 구인 합니다. 주 업무 : CGV 부산 센텀시티점 내 미화업무 (상영관청소,분리수거 및 화장실 청소 등 미화업무 일체)","건물 청소원(공공건물,아파트,사무실,병원,상가,공장 등)",-,학력무관,관계없음,월급 175만원 ~ 175만원,고용형태,"부산광역시 해운대구 센텀남대로 35, 8층 CGV 센텀시티 (우동)",1명,2026-09-08 20:57:50
https://www.jobkorea.co.kr/Recruit/GI_Read/5616442/Ext?siteCode=WN&sc=,834002,"[ 근무 조건 ] - 근무 요일 : 월~금 (주 5일 근무 / 일일 8시간 근무) - 근무 시간 : 9시 ~ 18시 (휴게 시간 12:00 ~ 13:00) - 휴 일 : 토, 일, 공휴일 단, 기상 특보(호우, 태풍 등) 발효 시 비상근무 실시(특근 수당 지급 또는 대체 휴무 실시) [ 급여 조건 ] - 급 여 : 3,200,000원 / 구정, 추석, 여름 휴가 시 상여금 지급 - 연차수당 : 연차 휴가 미 사용 시 지급(연차 휴가 사용 필수) - 퇴 직 금 : 1년 이상 근무 시 퇴직 시 지급 - 기계설비 중급이상, 정보통신 고급 이상 자격증 소지 시 수당 별도 지급 [ 업무 내용 ] - 자격조건 : 수전설비 2,500kw, 발전설비 360kw이상 선임가능자 - 근 무 지 : 해운대구 좌동 상가빌딩 전기안전관리자 - 상가 시설물 중 전기 관련 시설물에 대한 관리 업무 및 검침 업무 - 소방, 기계 등의 관리 업무는 담당자 별도 근무하나 긴급 시 협력하여 근무 [ 근로 계약 ] - 3개월 근로 후 상호 이의 없을 시 자동 연장 됨 [ 우대 사항 ] 고령자가능, 상가 근무 경험자, 인근 거주자 우대",빌딩 전기관리원,빌딩전기기계관리원,고졸~대졸(4년),경력,월급 320만원 ~ 320만원,고용형태,부산광역시 해운대구 해운대로 814 (좌동),1명,2026-09-08 20:57:51
https://www.jobkorea.co.kr/Recruit/GI_Read/5617571/Ext?siteCode=WN&sc=,550100,"- 주간보호센터 요양보호사 업무 - 요양보호사 , 운전면허 1종 필수",요양보호사,-,학력무관,관계없음,월급 216만원 ~ 236만원,고용형태,부산광역시 북구 중리로 32 (만덕동),1명,2026-09-08 20:57:51
https://www.jobkorea.co.kr/Recruit/GI_Read/5617591/Ext?siteCode=WN&sc=,550101,"<2교대 요양보호사 모집> 1. 모집기간 : 2026.09.08 - 2026.09.22 2. 근무지역 : 부산광역시 서구 3. 근무형대 : 계약직(3개월 후 정규직 전환 검토) / 생활실 2교대 근무 4. 근무시간 : 낮 07:40~17:40 (휴게2시간) 야간 17:40~07:40 (주간1, 야간4.5시간 휴게) 월8회이상 휴무, 야간근무 5-8회 5. 급여 : 26년 기본급 2,156,880 + 연장수당 및 야간수당 + 복지수당 6만원 / 3개월 계약직 이후 장기계약전환검토 / 중식제공 / 4대보험 가입 / 연차제공 6. 자격 및 경력 :요양보호사 자격 필수/ 경력자, 인근거주자 우대 7. 이력서 제출 - 전자우편 sdsr3315@daum.net / fax : 051) 255-3316",요양보호사(노인요양사),요양보호사,학력무관,관계없음,월급 215만원 이상,고용형태,"부산광역시 서구 암남공원로 522, 신관 (암남동)",2명,2026-09-08 20:57:51
https://www.jobkorea.co.kr/Recruit/GI_Read/5616625/Ext?siteCode=WN&sc=,550102,"**방문요양구인** * 등 급 : 3등급 * 성 별 : 남 * 근 무 일 : 주6회 ( 월, 화, 수, 목, 금, 토 ) * 근무시간 : 4시간 ( 15:30 ~ 19:30 ) * 근무처(도로명) : 부산 동래구 금강로151번길 46 (온천동, 래미안포레스티지) 109동 * 직 무 내 용 : 가사지원, 생활활동지원, 개인활동지원, 정서지원 * 경력자 및 인근거주자 우대 * 실제서비스 제공기간에 따라 임금을 계산하여 지급하는 형태로 근무지마다 주소정근로시간이나 임금, 근무지 등에 차이가 있을 수 있음 * - 시급 10,320 원 + 제세수당 별도문의",재가 요양보호사,재가요양보호사,학력무관,관계없음,"시급 10,320원 ~ 10,320원",고용형태,"부산광역시 동래구 금강로151번길 46, 109동 (온천동, 래미안포레스티지)",1명,2026-09-08 20:57:51
https://www.jobkorea.co.kr/Recruit/GI_Read/5616626/Ext?siteCode=WN&sc=,532301,"서빙, 주방보조 방문 전 전화하셔서, 약속 정해주세요.",주방 보조원(일반 음식점),-,학력무관,관계없음,"시급 10,320원 ~ 10,320원",고용형태,"부산광역시 사상구 운산로 68, 1층 (괘법동)",1명,2026-09-08 20:57:51
https://www.jobkorea.co.kr/Recruit/GI_Read/5616745/Ext?siteCode=WN&sc=,550101,"[동대신동]주말요양보호사 -4등급 70대 여자어르신, 독거 -주2일 토/일 -토요일 14시 ~17시(3시간) -일요일 9시 ~ 13시(4시간) -일상생활지원, 대중탕 목욕 동행 -시급, 제수당 13,000원(일요일 가산수당 별도) -영산3동 아파트 정거장 인근",요양보호사(노인요양사),-,학력무관,신입,"시급 10,320원 ~ 13,000원",고용형태,"부산광역시 서구 중앙공원로 7, 인근 (동대신동2가)",1명,2026-09-08 20:57:51
https://www.jobkorea.co.kr/Recruit/GI_Read/5616967/Ext?siteCode=WN&sc=,811206,원심분리기 생산 및 정비,기타 공업기계 설치·정비원,-,학력무관,경력,"연봉 4,000만원 ~ 5,000만원",고용형태,부산광역시 강서구 입소신평길 46 (대저2동),1명,2026-09-08 20:57:51
https://www.jobkorea.co.kr/Recruit/GI_Read/5616978/Ext?siteCode=WN&sc=,813201,1. CNC 선반(화낙 프로그램) 기사 및 오퍼레이터 모집 - 15인치/10인치 선반 가능한 분 2. 범용 선반원 모집(950*6000),CNC 선반 조작원(NC 선반 조작원),CNC선반기능원,학력무관,경력,"연봉 4,500만원 이상",고용형태,부산광역시 사상구 학장로317번길 52 (학장동),3명,2026-09-08 20:57:52
https://www.jobkorea.co.kr/Recruit/GI_Read/5617590/Ext?siteCode=WN&sc=,542002,- 출입자에 대한 감시 통제 업무 - 신임경비교육이수증 필수,"건물 경비원(청사,학교,병원,상가,빌딩,공장 등)",청사경비원,학력무관,관계없음,월급 274만원 ~ 274만원,고용형태,"부산광역시 부산진구 진남로 554, 양정자이더샵SK뷰 (양정동, 양정자이더샵SKVIEW 2단지)",1명,2026-09-08 20:57:52
https://www.jobkorea.co.kr/Recruit/GI_Read/5617268/Ext?siteCode=WN&sc=,231101,"노인요양원 사회복지사 어르신 및 보호자 수시 및 정기상담 (상담일지 기록) 어르신 케어 서비스계획수립(욕구조사, 타부서 욕구조사(인지기능,낙상위험,욕창위험,간호/물리/영양사정 취합) 어르신 케어 서비스평가(서비스계획에 의해) 인수인계회의 참관 및 기록 노인요양원 프로그램 계획 및 실행 (신체/인지/작업 프로그램) 연간 법정이행 교육 수립 및 실시 (교육일지 작성) 그외 행정 켬퓨터 작업능력(한글/엑셀) 필수",사회복지사(사회복지시설),"사회복지사(사회복지시설, 노인복지시설, 장애인복지시설 등)",학력무관,경력,월급 232만원 ~ 238만원,고용형태,"부산광역시 동래구 시실로107번가길 23, 늘봄실버요양센터 (명장동)",1명,2026-09-08 20:57:52
https://www.jobkorea.co.kr/Recruit/GI_Read/5617269/Ext?siteCode=WN&sc=,027200,"거래처 전화응대 , 거래명세서 , 세금계산서 발행 및 그외 모든 영업사무 지원(수습 6개월, 급여 동일) 식대포함",경리 사무원,-,학력무관,관계없음,월급 220만원 이상,고용형태,"부산광역시 강서구 미음산단로 255, 1층 사무실 (미음동)",1명,2026-09-08 20:57:52
https://www.jobkorea.co.kr/Recruit/GI_Read/5617270/Ext?siteCode=WN&sc=,624501,"- 단순노무(호이스트 상하차포함) - 경력자 우대, 신입가능 - 세아제강 대리점. 파이프제품 상하차포함 단순노무 현장직 분을 모집합니다. *수습 6개월 / 급여는 정상급여 / 식대포함",하역·적재 종사원,상하차원,학력무관,관계없음,월급 250만원 이상,고용형태,"부산광역시 강서구 미음산단로 255, 1층 사무실 (미음동)",1명,2026-09-08 20:57:52
https://www.jobkorea.co.kr/Recruit/GI_Read/5616529/Ext?siteCode=WN&sc=,817200,- 가공업무(TAPP'G M/C 및 CNC 선반가공),자동차 부품 조립원(검사원 포함),자동차 부분품 조립원,학력무관,관계없음,"시급 10,320원 이상",고용형태,"부산광역시 기장군 정관읍 곰내길 591-42 0, (주)명진테크",2명,2026-09-08 20:57:52
https://www.jobkorea.co.kr/Recruit/GI_Read/5616528/Ext?siteCode=WN&sc=,623004,[모집직무] 완제품 PLT 상하차 업무 [직무소개] 저희 회사는 자동차 부품들을 생산하고 있습니다. 본 근무자는 제품PLT를 안전하고 효율적으로 지게차를 사용하여 납품차량 상하차 작업을 수행하게 됩니다. [주요업무] - PLT 지게차를 이용하여 제품을 적재 및 운반 - 제품의 손상 방지 및 안전 운반 - 재고 정리 - 지정된 작업 일정을 준수 - 작업장의 안전 규칙 준수,지게차 운전원,지게차운전원,학력무관,신입,"시급 10,320원 이상",고용형태,"부산광역시 기장군 정관읍 농공길 2-9, 씨닉스텍",1명,2026-09-08 20:57:52
https://www.jobkorea.co.kr/Recruit/GI_Read/5616624/Ext?siteCode=WN&sc=,564903,"[모집직무] 사우나 관리, 시설 관리, 청소 및 환경 관리, 고객 서비스, 안전 관리 [직무소개] 우리 회사는 목욕탕이 포함된 스포츠센터를 운영하고 있습니다. 본 직무는 남자 사우나 내 탈의실과 탕을 관리하는 책임을 맡으시는 역할입니다. 경력이 없어도 됩니다. [주요업무] - 남자 사우나 탈의실 청소 및 정리 정돈 - 남자 사우나 탕 정리 정돈 및 관리 - 사우나 시설 및 환경 관리 - 사우나 안전 관리 - 고객 안내 및 응대 주4일(월~목)","기타 서비스 단순종사원(사우나,찜질방 정리원 등)",헬스탈의실보관원,학력무관,관계없음,"시급 11,500원 ~ 11,500원",고용형태,부산광역시 금정구 구서중앙로15번길 20 (구서동),1명,2026-09-08 20:57:53
https://www.jobkorea.co.kr/Recruit/GI_Read/5616633/Ext?siteCode=WN&sc=,550100,"▶직무내용: 5등급 남자어르신 ▶근무시간: (오전) 07:00 ~ 10:00 (180분) / 주5일 근무 / 월 21회 근무 ▶급여조건: 시급 10,320원(수당 별도) ▶기타사항: 요양보호사 자격증 필수, 치매교육이수 필수",요양보호사,-,학력무관,관계없음,"시급 10,320원 ~ 13,000원",고용형태,부산광역시 기장군 기장읍 차성로397번길 7 (기장교리주공아파트),1명,2026-09-08 20:57:53
https://www.jobkorea.co.kr/Recruit/GI_Read/5616743/Ext?siteCode=WN&sc=,706000,"[건설현장 스터드 볼트 작업자 채용] -직무: 건물테크시공시 스터드 볼트 시공 -근무시간: 주5일, 하루 8시간 (근무시간 협의) -급여: 입사 첫달 일급 19만원 (식대 및 각종수당 별도) -수습기간 1개월, 경력자 급여 협의가능(경력자 28만원) -운전면허 필수, 경력있으신분 우대 -금정구 서동역에서 현장으로 출발(인근거주자 필수) *업무특성상 건설현장 상황에 따라 근무지 및 근무시간 변동",건설 및 광업 단순 종사원,-,학력무관,경력,"시급 10,320원 ~ 10,320원",고용형태,"부산광역시 금정구 오륜대로118번길 7, 인근 (오륜동)",1명,2026-09-08 20:57:53
https://www.jobkorea.co.kr/Recruit/GI_Read/5616744/Ext?siteCode=WN&sc=,890006,"[정관읍] 제빵생산 보조 및 포장 -제빵(호빵) 생산 보조 및 포장작업 -주야 2교대 근무 (주간 08:00 ~ 20:00 / 야간 20:00~ 익일 08:00) -주5일 / 토요일 근무 있을 수 있음 -1식제공, 통근버스(해운대/ 금정구/ 동래구/ 기장 ) (주)에스와이제이 -전화 후 방문접수 (이력서 제출) -문의 : 051-508-2783",식품 분야 단순 종사원,-,학력무관,관계없음,"시급 10,320원 이상",고용형태,"부산광역시 기장군 정관읍 산단2로 11, .",3명,2026-09-08 20:57:53
https://www.jobkorea.co.kr/Recruit/GI_Read/5616977/Ext?siteCode=WN&sc=,028402,"→주요업무내용 - 구매업무 - 자재관리 - 협력사 납기관리 - 전산 입고관리 - 구매원가 종합 및 관리 ** 3개월 수습 후 정규직 전환 검토. 단, 수습기간 동안 급여는 100% 지급.** 우대사항 - 2년이상 유사계통 경력 - ERP 시스템 유경험자 - 운전면허 소지자(실제 운전 가능한자) →근무시간 - 월~금 : 08:00~17:00(8H) - 월,화,목 : 17:30~19:30(2H) - 월 1회 토요일 당직 (08:00~17:00 8H) →휴게시간 - 월~금(월 1회 토요일 당직) : 12:00~13:00 - 월,화,목 : 17:00~17:30 →식사제공 - 중식 / 석식(월,화,목) - 월 1회 토요일 당직 → 연봉 36,000,000원~50,000,000원 ( 주40시간 초과업무, 당직비 포함) → 성과급 - 대상자는 1년 이상 근속자에 한함 - 연 2회 고과에 따라 기본급의 40%~100%/회 차등 지급",자재·구매 사무원(기계·자동차·금속),기계·자동차부품구매사무원,학력무관,경력,"연봉 3,600만원 ~ 5,000만원",고용형태,"부산광역시 사상구 낙동대로1330번길 41, (주)카디넥 (삼락동, 극동산업)",1명,2026-09-08 20:57:53
https://www.jobkorea.co.kr/Recruit/GI_Read/5617024/Ext?siteCode=WN&sc=,158100,"부산 개금동에 위치한 제일소방(주)입니다. 사세 확장을 위해 함께 근무할 소방 점검 팀원을 채용 중에 있습니다. 많은 분들의 관심과 지원 부탁드립니다. 1. 모집분야 : 점검팀원 2명 2. 월급여 조건 - 점검 팀원 : 경력무관하나 경력에 따라 차등지급 3. 근무환경 - 근 무 지 : 부산 및 경남 - 근무시간 : 주5일, 08:30 ~ 17:30 (점검처 현장에서 출, 퇴근 가능) - 복리후생 : 4대보험, 중식, 명절 및 하계휴가비, 유니폼 등 필요 소모 물품 지급 4. 지원방법 - 접수기간 : 2026년 09월 08일(화) ~ - 제출서류 : 이력서(자유양식) - 지원자격 : 소방관련 자격증 소지자 필수 (소방 점검자 경력수첩, 위험물기능사 등 소지자) (소방설비산업기사 또는 소방설비기사 소지자)",소방공학 기술자 및 연구원,-,학력무관,관계없음,"연봉 2,600만원 ~ 3,200만원",고용형태,"부산광역시 부산진구 가야대로408번길 24, 2층 (개금동)",2명,2026-09-08 20:57:53
https://www.jobkorea.co.kr/Recruit/GI_Read/5617125/Ext?siteCode=WN&sc=,027200,"경리사무원 전산회계프로그램 사용가능자 4대보험 업무,전표정리,급여관리,매입매출경리등 기타 사무보조 *지원방법: 고용24 입사지원 **지원시 메일 제목: <(주)혜영수산 경리사무원 지원자 OOO입니다.>필히 작성 요망! ※구직활동만을 위한 형식적인 지원자는 사양합니다. 실제 근무가능하신 분만 지원 바랍니다.",경리 사무원,경리장부정리원,학력무관,경력,월급 250만원 이상,고용형태,"부산광역시 중구 동광동2가 광복로97번길 18, 902호 (동광동2가)",2명,2026-09-08 20:57:53
https://www.jobkorea.co.kr/Recruit/GI_Read/5616519/Ext?siteCode=WN&sc=,564300,"부산남구시니어클럽에서는 2026년 공영차고지관리 노인일자리사업에 참여하실 참여자를 아래와 같이 채용하고자 합니다. ● 참여대상 : 60세 이상 부산시민 ● 모집인원 : 주차관리(1명) ● 주요업무 1) 주차장 입출차 관리 및 요금정산 2) 정기권 차량 및 고객관리 3) 주차장 내외부 환경정비 및 순찰 4) 주차장 시설 정비 및 보수 ● 근무장소 1) 회동화물공영차고지(부산광역시 금정구 개좌로 408) ● 근무일수 및 시간 1) 회동화물공영차고지 * 근무일정 및 시간 - 주간, 야간, 휴무, 휴무 / 2일 근무, 2일 휴무 - 주간 근무: 07:00~19:00(9시간 근무, 3시간 휴게) - 야간 근무: 19:00~익일07:00(9시간 근무, 3시간 휴게) * 근무시간 등은 운영 환경에 따라 상호 협의하여 변경할 수 있음. 건강등의 사유로 휴무일과 근무일을 교대할 수 있음. * 야간근무자 특성상, 특수건강검진 필수 ● 계약기간 : 2026년 10월 1일 ~ 2026년 12월 31일 (3개월(※퇴직금 미적립)) (* 년단위 공모사업에 따라 2027년 계약변동가능 있음) ● 급여기준 1) 화물차고지 주차관리원 시급: 10,320원 ● 제출방법 : 방문제출 ● 필수 제출서류 1) 이력서 및 자기소개서(기관양식) 2) 주민등록등본(최종합격자 한) 3) 증명사진 4) 기관양식 신청서 및 개인정보 동의서 * 4번서류 기관홈페이지에서 내려받을 수 있습니다.(http://www.bsngsc.or.kr) * 이력서 작성시 지원분야 명시 필수● 선택 제출서류 1) 장애인복지카드 또는 국가유공자증(해당자), 관련 자격증 사본(해당자) 2) 경력증명서(해당자) ● 자격요건 1) 건강보험 직장가입자가 아닌 자 2) 60세 이상자로 주소지가 부산이며 사회활동 참여에 무리가 없는 자 ● 우대사항 1) 관련 업무 경력자 2) 주차관련 자격증 소지자 ● 접 수 처: 부산광역시 남구 신선로 428 동명대학교 내 11호관 124호 부산남구시니어클럽 ● 면접일정 : 2026년 9월 23일(수) 서류합격자 중 개별안내 * 기관사정에 따라 변경될 수 있음 * 서류 불합격자 별도 안내연락 하지 않음 ● 임용일자 : 2026년 10월 1일(목) ● 접수기간 : 2026년 9월 7일(월) ~ 9월 21일(월) 12:00까지 ● 문 의 : 김명훈 담당자 (051-623-6090)",주차 관리원 및 안내원,주차장관리원,학력무관,관계없음,"시급 10,320원 ~ 10,320원",고용형태,"부산광역시 금정구 개좌로 408, 화물공영차고지 (회동동)",1명,2026-09-08 20:57:54
https://www.jobkorea.co.kr/Recruit/GI_Read/5616613/Ext?siteCode=WN&sc=,550100,"[문현동]요양보호사 - 4등급 79세 여자어르신, 독거 - 재가요양보호사 업무(식사준비,청소 등) - 주2회(월,수) 오전 8시~11시 (3시간) - 시급 : 10,320원 +주휴,연차수당 > 13,000원 - 문현역 1번출구 앞",요양보호사,-,학력무관,관계없음,"시급 10,320원 ~ 10,320원",고용형태,"부산광역시 남구 전포대로 19 (문현동, 동천맨션)",1명,2026-09-08 20:57:54
https://www.jobkorea.co.kr/Recruit/GI_Read/5616607/Ext?siteCode=WN&sc=,890000,"생산단순노무 및 유리가공 월-금요일 (오전) 08시 ~ (오후) 18시 00분 토요일 (오전) 08시~(오후) 15시00분 시급: 10,320원 고용24 입사지원",기타 제조 관련 단순 종사원,권선공,학력무관,관계없음,"시급 10,320원 이상",고용형태,"부산광역시 사상구 사상로 429, 1층 (모라동)",2명,2026-09-08 20:57:54
https://www.jobkorea.co.kr/Recruit/GI_Read/5617271/Ext?siteCode=WN&sc=,813203,문형타입 CNC 밀링가공전문기업(AL가공),CNC 밀링기 조작원(NC 밀링기 조작원),평삭밀링기조작원,학력무관,경력,월급 280만원 ~ 350만원,고용형태,"부산광역시 강서구 신덕길2번길 86, 진테크 (대저1동)",1명,2026-09-08 20:57:54
https://www.jobkorea.co.kr/Recruit/GI_Read/5616627/Ext?siteCode=WN&sc=,890000,"반도체 부품 조립, 연마, 세정",기타 제조 관련 단순 종사원,-,학력무관,관계없음,"시급 10,320원 이상",고용형태,부산광역시 강서구 화전산단2로 69-12 (화전동),5명,2026-09-08 20:57:54
https://www.jobkorea.co.kr/Recruit/GI_Read/5616628/Ext?siteCode=WN&sc=,813201,15인치 선반 작업자 구인합니다. MEGA100도 사용해보신 분이면 좋을거같습니다.,CNC 선반 조작원(NC 선반 조작원),CNC선반기능원,학력무관,경력,"시급 15,000원 ~ 22,000원",고용형태,부산광역시 강서구 대저중앙로 224 (대저1동),1명,2026-09-08 20:57:55
https://www.jobkorea.co.kr/Recruit/GI_Read/5616746/Ext?siteCode=WN&sc=,550100,"[망미동]재가요양보호사 - 4등급 84세 여자어르신 - 배우자 함께 거주 - 주5일, 9:30~12:30(3시간) - 일상생활지원, 병원동행 - 시급 및 제세수당 13000원 - 연산선경아파트/망미주공 아파트 인근 빌라",요양보호사,-,학력무관,관계없음,"시급 10,320원 이상",고용형태,"부산광역시 수영구 망미번영로85번나길 40 (망미동, 진성빌라)",1명,2026-09-08 20:57:55
https://www.jobkorea.co.kr/Recruit/GI_Read/5616848/Ext?siteCode=WN&sc=,561101,병원바닥 및 화장실 청소 정리정돈 오전7시~9시 또는 오후 6시30~8시30분 시간 협의 가능,"건물 청소원(공공건물,아파트,사무실,병원,상가,공장 등)",병원청소원,학력무관,관계없음,"시급 10,320원 이상",고용형태,"부산광역시 남구 용호로 127 (용호동, 서현빌딩)",1명,2026-09-08 20:57:55
https://www.jobkorea.co.kr/Recruit/GI_Read/5616968/Ext?siteCode=WN&sc=,028508,"선박 구성 부분품 제조업체로서 조선기자재인 STRAINER 및 AIR RESERVOIR, REDUCING PIECE 등의 품질관리 및 선급 검사, WPS 승인 직원을 모집합니다.. 급여조건 : 연봉 협의 선급진행관련 경력자 우대",품질관리 사무원(기계·자동차·금속),-,학력무관,경력,"연봉 4,000만원 ~ 4,500만원",고용형태,부산광역시 강서구 미음산단3로 92 (주)세양하이테크),1명,2026-09-08 20:57:55
https://www.jobkorea.co.kr/Recruit/GI_Read/5616970/Ext?siteCode=WN&sc=,110200,"※ 채용분야별·채용인원별 채용기간이 상이하오니 세부 채용기간은 붙임 공고문을 확인하여 주시기 바랍니다. <연구직 원급(4급 상당), 계약직> ◦ 주요업무 : 성평등·가족 정책연구 및 사업 ◦ 응시자격 - 해당분야 박사학위 소지자 - 해당분야 석사학위 취득 후 해당분야에서 5년 이상 재직 경력자 - 위 각항과 동등한 자격과 경력이 있다고 인정되는 자 ※ 경력은 상시 근무한 경우만 인정함 ※ 해당분야 : 여성학, 아동학, 가족학, 청소년(지도)학, 사회복지학, 교육학, 사회학, 행정학 등 인문·사회과학 분야 <위촉연구원(기간제 근로자)> ◦ 주요업무 : 정책연구 및 교육사업 지원, 기타 재단이 정하는 업무 ◦ 응시자격 - 해당분야 석사학위 취득 후 관련 분야 연구경력자 - 위 각항과 동등한 자격과 경력이 있다고 인정되는 자 ※ 경력은 상시 근무한 경우만 인정함 ※ 해당분야 : 여성학, 아동학, 가족학, 청소년(지도)학, 사회복지학, 교육학, 사회학, 행정학 등 인문·사회과학 분야",사회과학 연구원,사회학연구원,학력무관,관계없음,"연봉 3,000만원 이상",고용형태,"부산광역시 북구 효열로 256, 부산여성가족과 평생교육진흥원 (금곡동)",3명,2026-09-08 20:57:55
https://www.jobkorea.co.kr/Recruit/GI_Read/5616971/Ext?siteCode=WN&sc=,624500,"컨테이너 하역(타이어) 창고정리 및 출고건 상하차 업무 퀵,택배 출고 업무 *운전면허 필수입니다.",하역 및 적재 단순 종사원,-,학력무관,신입,"연봉 3,200만원 ~ 3,200만원",고용형태,부산광역시 동래구 온천천로531번길 19 (안락동),1명,2026-09-08 20:57:55
https://www.jobkorea.co.kr/Recruit/GI_Read/5617030/Ext?siteCode=WN&sc=,159103,"- 2D Auto cad나 3D 모델링 가능자 - 프레스 금형 설계(가전 및 자동차) - 경력 2년 이상 (신입도 지원가능) - 임금 : 연봉 4,000만원(신입은 임금 협의)",기계·금속 제도사(캐드원),금속캐드원,학력무관,경력,"연봉 4,000만원 ~ 4,000만원",고용형태,"부산광역시 사상구 농산물시장로26번길 8, . (엄궁동)",2명,2026-09-08 20:57:55
https://www.jobkorea.co.kr/Recruit/GI_Read/5617031/Ext?siteCode=WN&sc=,813210,"* 프레스 금형 가공 - 가전프레스 금형가공자 - 2D, 3D 가능자 - 경력 2년 이상",머시닝센터(MCT) 조작원,-,학력무관,경력,"연봉 5,000만원 ~ 5,000만원",고용형태,"부산광역시 사상구 농산물시장로26번길 8, . (엄궁동)",1명,2026-09-08 20:57:56
https://www.jobkorea.co.kr/Recruit/GI_Read/5617103/Ext?siteCode=WN&sc=,561101,"=============== **사상구청 채용대행** =============== *감만동 현대1차아파트 - 아파트 단지내 미화 - 주6일/ 평일 09:00~15:30(휴게 1시간), 토요일 09:00~12:00 - 임금 1,614360원 * 담당자와 통화 후 면접시간, 안내 받으시길 바랍니다. * 채용담당자 051-310-5195","건물 청소원(공공건물,아파트,사무실,병원,상가,공장 등)",-,학력무관,관계없음,월급 161만원 ~ 161만원,고용형태,"부산광역시 남구 우암로2번길 5, . (감만동, 감만 현대1차아파트)",1명,2026-09-08 20:57:56
https://www.jobkorea.co.kr/Recruit/GI_Read/5616618/Ext?siteCode=WN&sc=,232903,"장애인활동지원사 구인 (장애인활동지원사 교육 이수증 필수) - 바우처 시간 : 120시간 - 근무 시간 : 월~금 13:00~(마치는 시간 협의) - 장애유형 : 60살 남자 지적장애 - 근무 내용 : 가사활동 * 간단한 밑반찬 만들기, 청소, 빨래 * 어머니와 함께 거주중 -2026년 시급 : 최저임금 10,320원 + 법정제수당 문의사항 051-900-2163 박신애",장애인 생활지도원(장애인활동보조원 포함),장애인활동지원사,학력무관,관계없음,"시급 10,320원 이상",고용형태,"부산광역시 금정구 두실로37번길 72-1, 35 (구서동)",1명,2026-09-08 20:57:56
https://www.jobkorea.co.kr/Recruit/GI_Read/5617127/Ext?siteCode=WN&sc=,531200,"장례식장 빈소에 올라가는 음식 조리 및 배달 조리사 자격증 없어도 가능 오전, 오후 격주로 교대근무",한식 조리사,-,학력무관,관계없음,월급 250만원 ~ 280만원,고용형태,"부산광역시 부산진구 자유평화로 31, (주)시민장례식장 (범천동)",1명,2026-09-08 20:57:56
https://www.jobkorea.co.kr/Recruit/GI_Read/5617275/Ext?siteCode=WN&sc=,813203,"[모집직무] CNC 밀링기 조작원(NC 밀링기 조작원), 머시닝센터(MCT) 조작원, CNC 선반 조작원(NC 선반 조작원) [직무소개] 우리 회사는 풍력 에너지 산업의 선두주자로서 풍력 터빈 메인샤프트 정밀 가공을 수행하고 있습니다. 본 직무는 CNC 밀링 기계 및 선반 기계를 활용하여 고품질의 풍력 에너지 부품을 제작하는데 중요한 역할을 담당합니다. [주요업무] - CNC 밀링기 및 선반 기계를 이용한 정밀 가공 작업 - 제작 도면 및 작업 지침에 따라 정확하게 작업 수행 - 가공 중 발생하는 문제점을 해결하고 작업 효율성을 높임 - 기계 유지보수 및 관리 - 안전 및 품질 관리 규정 준수",CNC 밀링기 조작원(NC 밀링기 조작원),-,학력무관,경력,월급 230만원 ~ 250만원,고용형태,"부산광역시 강서구 미음산단로76번길 6, 1층 (구랑동)",3명,2026-09-08 20:57:56
https://www.jobkorea.co.kr/Recruit/GI_Read/5617276/Ext?siteCode=WN&sc=,890000,"도금업무 [도금 > 도금액 관리] 도금액 종류별 유지 관리하기,도금액 분석하기,도금전 용액상태 점검하기 [도금 > 도금작업 준비] 도금 설비 점검하기,도금액 관리하기 [도금 > 도금작업] 도금 작업하기,공정검사하기",기타 제조 관련 단순 종사원,-,학력무관,신입,월급 215만원 ~ 220만원,고용형태,부산광역시 강서구 녹산산단261로 25 (송정동),1명,2026-09-08 20:57:56
https://www.jobkorea.co.kr/Recruit/GI_Read/5616520/Ext?siteCode=WN&sc=,542001,"다대푸르지오 경비원(신임교육이수증 필수) 근무시간 : 격일제 근무 06:30~익일06:30 휴게시간: 주간 3.5시간, 야간 5시간 이력서 상단에 아파트명(다대푸르지오 아파트)기재 후 접수 바랍니다.",아파트·빌라 경비원,아파트경비원,학력무관,경력,"시급 10,320원 ~ 10,320원",고용형태,"부산광역시 사하구 윤공단로 123, 관리사무소 (다대동, 부산다대푸르지오)",1명,2026-09-08 20:57:56
https://www.jobkorea.co.kr/Recruit/GI_Read/5617130/Ext?siteCode=WN&sc=,231400,동래구혁신어울림센터 홈페이지 공고문 필수 참고 (www.diec.or.kr) 청년성장 프로젝트 사업운영 전담 : 1명 모집 *근로요일 : 수~일 *근무시간: 11:00 ~ 20:00 사업운영 전담 필수조건 : 직업상담사 또는 사회복지사 자격증 소지 *사회복지사 자격증 소지자는 관련 경력 1년 이상 필수 센터 운영일정에 따른 근무시간 및 근무요일 변동 가능성 있음,직업 관련 상담사,커리어코치,학력무관,경력,월급 250만원 이상,고용형태,"부산광역시 동래구 금강로 129, 5층 운영사무실 (온천동)",1명,2026-09-08 20:57:57
https://www.jobkorea.co.kr/Recruit/GI_Read/5617126/Ext?siteCode=WN&sc=,153105,- 전기공사 업무 보조 (설계/시공/공무 등) - 엔지니어링 (진단/분석) 업무 보조 - 한글/워드 및 문서 작성 능력 보유 - 설계/진단/시공 전반적인 업무 실시 후 부서 결정,전기공사 기술자(전기견적 포함),전기공사견적기술자,대졸(2~3년)~대졸(4년),관계없음,월급 215만원 ~ 215만원,고용형태,"부산광역시 남구 양지골로 103, 1층 (감만동)",1명,2026-09-08 20:57:57
https://www.jobkorea.co.kr/Recruit/GI_Read/5617267/Ext?siteCode=WN&sc=,531500,"육부쪽에서 근무할 직원,,,구합니다 손이 빨라야 합니다 칼질을 잘하시는 일식쪽 관련 종사자도 환영합니다 아무래도 고기쪽이니 청소나 관리 꼼꼼하고 깔끔하신 분으로 찾습니다",일식 조리사,일식조리사,학력무관,경력,월급 380만원 ~ 380만원,고용형태,부산광역시 수영구 남천바다로 32 (남천동),2명,2026-09-08 20:57:57
https://www.jobkorea.co.kr/Recruit/GI_Read/5617240/Ext?siteCode=WN&sc=,214401,"[모집직무] 산업안전, 조선, 기계캐드강사 직종 강사 [직무소개] 우리 회사는 끊임없이 발전하기 위해 최선을 다하는 팀을 구성하고 있습니다. 본 직무는 산업안전 및 조선 및 기계CAD 전반 기업강의 담당하며, 팀의 성장에 직접 기여할 수 있는 중요한 역할입니다. [주요 강의 분야] - 산업안전 및 위험성관리 - 생산 공정에 따른 도면해독 - 선박독도 및 CAD를 통한 설계구현 - 현장팀 구성원을 통한 문제점 파악 및 해결 - 팀원 관리 및 코칭 기타 우대사항 - 산업안전 사내강사 및 조선 및 기계CAD 2년이상 경험자 - 생산 및 품질관리 지식 - 강의경력 우대 - 협업 및 리더십 역량",디자인·캐드 강사,-,학력무관,경력,월급 350만원 이상,고용형태,"부산광역시 북구 만덕대로155번길 99 (덕천동, 한국폴리텍대학부산캠퍼스)",2명,2026-09-08 20:57:57
https://www.jobkorea.co.kr/Recruit/GI_Read/5617241/Ext?siteCode=WN&sc=,550101,"주간보호센터 요양보호사 업무(어르신케어, 송영, 프로그램 진행 등) 스타렉스 운전 가능자",요양보호사(노인요양사),요양보호사,학력무관,관계없음,월급 215만원 ~ 215만원,고용형태,"부산광역시 사상구 대동로 95, 797-1 (학장동)",1명,2026-09-08 20:57:57
https://www.jobkorea.co.kr/Recruit/GI_Read/5617244/Ext?siteCode=WN&sc=,873900,"[모집직무] 떡 생산원, 떡 포장원, 식품 생산원, 식품 유통원, 수공예가 [직무소개] 우리 회사는 다양한 떡류를 생산하고 판매하는 기업입니다. 본 직무는 떡 제조와 포장 작업을 담당하며, 서서 일하는 업무를 수행합니다. 경단과 모찌류는 앉아서 생산 가능합니다. [주요업무] - 떡류 제조 - 떡류 포장 - 작업 공간 위생,청결등 개인 청결유지 - 식품안전 수칙 준수 -생산시 근로안전 등 기타 안전한 근로준수","기타 식품가공 관련 기계 조작원(유지, 장류, 조미식품, 설탕, 커피, 담배 등)",향신료제조원,학력무관,신입,월급 215만원 ~ 220만원,고용형태,"부산광역시 사상구 대동로 127, 3층 (학장동)",3명,2026-09-08 20:57:57
https://www.jobkorea.co.kr/Recruit/GI_Read/5613514/Ext?siteCode=WN&sc=,027102,"[모집직무] 경리 사무원(회계·세무 사무소), 회계 사무원(회계·세무 사무소) [직무소개] 자신의 분야에서 쌓아온 경험을 바탕으로 저희와 함께 시너지를 내며 성장하고자 하는 3년이상 경력직 인재를 모집합니다. 열정과 역량을 갖춘 분들의 많은 지원 바랍니다. [주요업무] - 원천세 및 부가세 신고 - 법인 및 개인 사업자의 결산 조정 및 법인세/소득세 신고 - 월간 보고서 작성",회계 사무원(회계·세무 사무소),-,학력무관,경력,"연봉 3,000만원 이상",고용형태,"부산광역시 부산진구 서전로38번길 78, 3층 (전포동)",1명,2026-09-08 20:57:57
https://www.jobkorea.co.kr/Recruit/GI_Read/5617233/Ext?siteCode=WN&sc=,813201,,CNC 선반 조작원(NC 선반 조작원),CNC lath가공원,고졸~대졸(4년),경력,월급 310만원 이상,고용형태,"부산광역시 사상구 낙동대로1428번길 9, 주식회사 신광 (삼락동)",1명,2026-09-08 20:57:58
https://www.jobkorea.co.kr/Recruit/GI_Read/5612881/Ext?siteCode=WN&sc=,817200,"세척후 포장, 육안검사",자동차 부품 조립원(검사원 포함),자동차 부분품 조립원,학력무관,관계없음,"시급 10,320원 이상",고용형태,"부산광역시 기장군 정관읍 산단4로 58, 한신정공",1명,2026-09-08 20:57:58
https://www.jobkorea.co.kr/Recruit/GI_Read/5612883/Ext?siteCode=WN&sc=,624500,자동차부품 1차사 입니다. 완성된 제품의 출하를 담당합니다.,하역 및 적재 단순 종사원,-,학력무관,관계없음,"시급 10,320원 이상",고용형태,"부산광역시 기장군 장안읍 장안산단9로 172, 주식회사 태흥테크",1명,2026-09-08 20:57:58
https://www.jobkorea.co.kr/Recruit/GI_Read/5613511/Ext?siteCode=WN&sc=,890000,파이프/피팅/슬리브 등 관련된 제품 가공 생산 업체입니다 CNC / CNC 터닝 경력자 1명,기타 제조 관련 단순 종사원,권선공,학력무관,경력,"연봉 4,500만원 ~ 6,000만원",고용형태,부산광역시 강서구 가달1로 74 (주)지안스틸),1명,2026-09-08 20:57:58
https://www.jobkorea.co.kr/Recruit/GI_Read/5612868/Ext?siteCode=WN&sc=,550102,"<동래구 사직동 대륙코리아나아파트> * 4등급 여자대상자: 독거 * 주5일(월20회) * 1시~4시(3시간) * 가사지원, 식사지원, 어르신케어 등 * 시급 10,320원 (수당 별도지급) * (센터)문의: 0/0-6559-1148",재가 요양보호사,-,학력무관,관계없음,"시급 10,320원 이상",고용형태,"부산광역시 동래구 아시아드대로114번길 10 (사직동, 대륙코리아나아파트)",1명,2026-09-08 20:57:58
https://www.jobkorea.co.kr/Recruit/GI_Read/5613649/Ext?siteCode=WN&sc=,026501,"1. 채용분야 : 사무원 2. 채용구분 : 계약직 - 3개월의 수습기간이 있음. - 계약기간 만료 후 상용직전환검토 3. 채용인원 : 1명 4. 자격조건 ① 운전면허증 2종 이상 (실제 운전 가능자) ② 사회복지사업법에 따라 사회복지시설 종사자 결격사유에 해당되지 않는 자 ③ 범죄경력 조회 시 결격사유가 없는 자 ★ 근거리 거주자 우대, 요양원 사무원 경력자 우대 5. 주요업무 ① 수급자 관련 업무(수급자 관련 서류 일체 및 일정 정리, 입소비 관리 등) ② 기관 평가 서류 업무 등 사회복지 행정 업무(한글, 엑셀 등 컴퓨터 활용 능력 필수) ③ 기관장이 요구하는 행정 업무 등 6. 근무시간 ① 주 5일 (월~금요일) / 09:00-18:00 (휴게시간 1시간 포함) ② 주말 당직 (토/일요일) / 09:00-18:00 (휴게시간 1시간 포함) / 월 1~2회 / 대체휴무 7. 급여기준 : 월 2,156,880원(세전) 8. 제출서류 ① 이력서 ② 자기소개서 ※ 경력증명서 등의 기타 서류는 채용확정 후 안내 예정 9. 서류접수 ① 접수기간 : 2026년 09월 07일 ~ 채용시까지 ② 접수방법 : 방문접수, 이메일, 우편 ③ 접수처 : 부산광역시 남구 신선로 506, 1층 사무실 (대연동, 남안성요양센터) 10. 채용방법 1차 서류심사 → 2차 면접심사(서류심사 합격자에 한하여 면접일시 개별 통보) → 3차 최종합격자 발표(면접심사 합격자에 한하여 개별 통보) 11. 문의 남안성 요양센터 / 051-621-3393",총무 및 일반 사무원,-,학력무관,경력,월급 215만원 ~ 215만원,고용형태,부산광역시 남구 신선로 506 (대연동),1명,2026-09-08 20:57:58
https://www.jobkorea.co.kr/Recruit/GI_Read/5613650/Ext?siteCode=WN&sc=,231100,"업무내용 : 어르신방문모니터링, 기타사무업무 경력 : 경력무관",사회복지사,-,학력무관,관계없음,월급 216만원 ~ 216만원,고용형태,부산광역시 연제구 연미로13번길 26 (연산동),1명,2026-09-08 20:57:59
https://www.jobkorea.co.kr/Recruit/GI_Read/5612877/Ext?siteCode=WN&sc=,232100,"연제구육아종합지원센터에서는 어린이집 교사의 경조사, 병가, 교육으로 인한 부재 시 시간제대체교사를 지원하여, 보육업무를 대체할 수 있는 인력을 공개 채용하고자 하오니 관심있는 교사들의 많은 지원 바랍니다. 주요업무 : 부산광역시 내 동부산권역(금정구, 기장군, 남구, 동래구, 수영구, 연제구, 해운대구)내 어린이집 근무, 어린이집 보조교사 업무 자격요건 : 보육교사 3급 이상 자격증 소지자 [필수] 계약기간 : 2026. 10. 6. ~ 2026. 12. 31. ※단, 근무개시일에 따라 변경될 수 있으며 근무평가 후 계약기간이 연장될 수 있음 근무시간 : 주 5일(월요일-금요일), 09:00-18:00 중 4시간 30분 근무 (근무시간 4시간, 휴게시간 30분 근무) 근무횟수 : 월 3주 근무 (매월 일정에 따라 협의 시 추가근무 5일 가능) *자세한 내용은 첨부파일 ""2026년 제7차 시간제대체교사 공개채용 공고""에서 확인하시기 바랍니다. *지원원서는 연제구육아종합지원센터 홈페이지(http://www.yjscfc.or.kr/) [커뮤니티]→[공지사항]에 게재되어 있으며, 다운로드 사용 가능 합니다. 접수방법은 이메일접수(yjscfc@daum.net)입니다.",보육교사,어린이집센터장,학력무관,관계없음,"시급 12,490원 ~ 12,490원",고용형태,부산광역시 연제구 거제대로124번길 22 (거제동),3명,2026-09-08 20:57:59
https://www.jobkorea.co.kr/Recruit/GI_Read/5613366/Ext?siteCode=WN&sc=,824100,"TIG용접사 초,중급모집 직무 : 검사는 MT통과수준 VISUAL검사 용접 제반 업무에 따른 사상작업 활동반경이 넓어서 젊으신 분 우대합니다.",용접원,-,학력무관,관계없음,"연봉 2,600만원 ~ 3,000만원",고용형태,"부산광역시 강서구 녹산산업중로 66, B동 (송정동)",1명,2026-09-08 20:57:59
https://www.jobkorea.co.kr/Recruit/GI_Read/5613205/Ext?siteCode=WN&sc=,550100,"[감천로210번길]요양보호사 - 4등급, 82세 남자어르신 - 재가요양보호사 업무(식사준비,청소 등) - 주5회(월~금) 오후 13:00~16:00 (3시간) - 시급 : 10,320원 +주휴,연차수당 > 13,000원 - 감천동 신흥동백맨션 인근",요양보호사,-,학력무관,관계없음,"시급 10,320원 ~ 10,320원",고용형태,"부산광역시 사하구 감천로210번길 20, 감천동 (감천동)",1명,2026-09-08 20:57:59
https://www.jobkorea.co.kr/Recruit/GI_Read/5613517/Ext?siteCode=WN&sc=,026300,[모집직무] 급여관련 · 4대보험 신고 [직무소개] 회계사무실 거래업체 급여 관련 및 노무 관리 업무를 담당하는 신뢰할 수 있는 직원을 모집하고 있습니다. [주요업무] - 전화 응대 및 상담 - 거래업체 급여 계산 및 원천 신고 - 거래업체 노무 신고 관리 및 처리,인사 및 노무 사무원,-,학력무관,경력,"연봉 2,300만원 ~ 3,000만원",고용형태,"부산광역시 부산진구 중앙대로 639, 15층 (삼성생명빌딩, 범천동) (범천동, 엠디엠타워)",1명,2026-09-08 20:57:59
https://www.jobkorea.co.kr/Recruit/GI_Read/5617485/Ext?siteCode=WN&sc=,542001,"[거제동] 아파트경비원 -경비교육이수필수, 복지카드 소지자 우대 -격일근무 7시~익일7시(휴게포함) -월급여 274만원, 3개월 계약후 연장검토 -종합운동장역 인근 코오롱 아파트",아파트·빌라 경비원,-,학력무관,관계없음,월급 274만원 ~ 274만원,고용형태,"부산광역시 연제구 종합운동장로28번길 7 (거제동, 부산 아시아드 코오롱 하늘채 아파트)",1명,2026-09-08 20:57:59
https://www.jobkorea.co.kr/Recruit/GI_Read/5613204/Ext?siteCode=WN&sc=,564300,"[여성병원] 주차관리원 -기계식주차타워 조작, 발렛파킹, 주차장관리, 요금정산 등 업무전반 -기계식주차교육 이수, 운전면허증 필수 ★주차관리 경력자 필수 -시급 10,320원이상(*월급여 264만원 이상) (일요/공휴일 근무시 수당 별도) -3인 1조[본관/별관/후뮤]스케줄 근무 본관:평일 7:30-21/토7:30-20/일요,공휴 9-17 별관:평일 7:40-18:10/토8-14/일요,공휴일 휴무 -동래구 수안동 4호선 수안역 2번출구 앞",주차 관리원 및 안내원,-,학력무관,경력,"시급 10,320원 이상",고용형태,"부산광역시 동래구 충렬대로 222, 마더스의원 (수안동)",1명,2026-09-08 20:58:00
https://www.jobkorea.co.kr/Recruit/GI_Read/5613063/Ext?siteCode=WN&sc=,550102,"[더샵센트럴스타 근무예정] * 4등급 부부 대상자 케어(요양보호사 1명이 케어 희망) * 주5일 오전 08:00~11:00 여자 어르신(73세)/ 오후 16:00~19:00 남자 어르신(80세) * 시급13,000원(주휴수당, 연차수당 포함) * 가사지원 및 일반요양서비스 업무 등 * 채용담당자: 051)967-2600",재가 요양보호사,재가요양보호사,학력무관,경력,"시급 10,320원 이상",고용형태,"부산광역시 부산진구 중앙대로666번길 50, .. (부전동, 더샵 센트럴스타)",1명,2026-09-08 20:58:00
https://www.jobkorea.co.kr/Recruit/GI_Read/5612879/Ext?siteCode=WN&sc=,890000,"냉동수산물(오징어,게 등) 전처리, 가공업무 남녀무관 체류자격 F-2, F-4, F-6 근무가능",기타 제조 관련 단순 종사원,권선공,학력무관,관계없음,"시급 10,320원 ~ 10,320원",고용형태,"부산광역시 서구 원양로 1 (암남동, 수산가공선진화단지)",8명,2026-09-08 20:58:00
https://www.jobkorea.co.kr/Recruit/GI_Read/5612891/Ext?siteCode=WN&sc=,550102,"대상자:4등급여자 어르신, 근무시간: 주5회180분근무 10시~1시, 업무내용: 반찬만들고 식사준비및 청소,세탁. 산책(30분정도),이동시 부축, 치매가 있어 말을 잘들어주시면됩니다.",재가 요양보호사,재가요양보호사,학력무관,관계없음,"시급 13,000원 ~ 13,000원",고용형태,"부산광역시 해운대구 좌동순환로99번길 22, 좌동 경남아너스빌 (좌동, 경남아너스빌아파트)",1명,2026-09-08 20:58:00
https://www.jobkorea.co.kr/Recruit/GI_Read/5612880/Ext?siteCode=WN&sc=,016300,"생산라인 관리, 품질 관리, 작업 계획, 부품 관리, 안전 관리 [주요업무] - 도장라인 생산 계획 및 관리 - 라인 운영 효율성 극대화 - 품질 관리 및 불량 발생 원인 분석 - 반복 작업 현황 분석 및 개선 - 안전 관리 시스템 준수 및 안전 교육 성실히 일하실분 지원 바랍니다.",제품 생산 관련 관리자,-,학력무관,관계없음,"시급 10,320원 이상",고용형태,"부산광역시 기장군 정관읍 농공길 2-9, 씨닉스텍",1명,2026-09-08 20:58:00
https://www.jobkorea.co.kr/Recruit/GI_Read/5612890/Ext?siteCode=WN&sc=,550102,"재가 요양보호사 -근무시간: 오후2~5시(주6일) -3등급 남자어르신 -신체활동지원,정서지원,일상생활지원 -시급: 13,500원(기본급 10,320+모든 수당 포함) -담당자와 전화통화 후에 면접진행 채용담당자 연락처:051-727-5040",재가 요양보호사,재가요양보호사,학력무관,관계없음,"시급 10,320원 ~ 13,500원",고용형태,"부산광역시 중구 동영로22번길 3, . (영주동)",1명,2026-09-08 20:58:00
https://www.jobkorea.co.kr/Recruit/GI_Read/5613142/Ext?siteCode=WN&sc=,550102,84세 5등급 여자 어르신 케어하실 분을 구합니다. 어르신 부부가 살고 계시고 몸이 불편항 상태 이고 가사 도움 목욕(집 앞 목욕탕) 도움이 필요 합니다. 치매교육 이수자 필수 연락처 051-751-5958,재가 요양보호사,재가요양보호사,학력무관,관계없음,"시급 13,000원 ~ 13,000원",고용형태,"부산광역시 금정구 부곡로168번길 20, 3층 건물 (부곡동)",1명,2026-09-08 20:58:00
https://www.jobkorea.co.kr/Recruit/GI_Read/5614189/Ext?siteCode=WN&sc=,550102,"[해운대구 좌동] 재가요양보호사 구인 * 대 상 자 : 4등급 할머니 / 90세 (독거) / 아파트 * 직무내용 : 신체활동지원, 정서지원, 가사 및 일상생활지원 * 근무시간 : 오후 1:00 ~ 4:00 (주3회 - 월,수,금) - 시급 10,030+ 제세수당 별도문의 포괄시급13,500원 (제세수당 포함) * 채용담당자 : 051-701-5333 (통화 후 방문)",재가 요양보호사,재가요양보호사,학력무관,신입,"시급 10,320원 ~ 10,320원",고용형태,"부산광역시 해운대구 좌동순환로 275, 208동 (좌동, 대우2차아파트)",1명,2026-09-08 20:58:01
https://www.jobkorea.co.kr/Recruit/GI_Read/5614065/Ext?siteCode=WN&sc=,706000,"[도로 안전 시설물 보수공사 작업자 모집] - 도로 안전시설물 보수공사, 도로시설물 사고처리, 복구공사 등 -주5일, 7:00~16:00 (휴게 1시간) -격주 토요일 근무 *업무특수성상 야간근무 간헐적 발생 가능 -월급여 280~300만원 - 필수사항 : 운전면허 2종보통(수동운전가능), 용접가능하신분, 샷시경력자 우대",건설 및 광업 단순 종사원,-,학력무관,관계없음,월급 280만원 ~ 300만원,고용형태,부산광역시 강서구 경전철로 169 (대저2동),1명,2026-09-08 20:58:01
https://www.jobkorea.co.kr/Recruit/GI_Read/5614187/Ext?siteCode=WN&sc=,836001,"[모집직무] 제조, 생산, 납땜, 조립, 제품검수 [주요업무] - 제품의 납땜 작업 수행 - 단순 조립 작업 수행 - 제품검수작업 수행",전기 부품·제품 조립·검사원,SMPS조립원,학력무관,관계없음,"시급 10,320원 이상",고용형태,부산광역시 기장군 의과학6로 12-7,5명,2026-09-08 20:58:01
https://www.jobkorea.co.kr/Recruit/GI_Read/5614190/Ext?siteCode=WN&sc=,852402,초보가능합니다. - 완성된 제품 검수 및 제품 포장,플라스틱제품 조립원 및 검사원,플라스틱제품검사원,학력무관,관계없음,"시급 10,320원 이상",고용형태,"부산광역시 사하구 다산로208번길 15, 1층 (장림동)",1명,2026-09-08 20:58:01
https://www.jobkorea.co.kr/Recruit/GI_Read/5614185/Ext?siteCode=WN&sc=,550102,"✔ 광안동 4등급, 81세 여자어르신 독거 주6회 (월,화,수,목,금,토) (12:00~15:00, 시간은 앞뒤로 약간 조정가능) / 시급 13,000원 (기본급 10.320원/주휴수당 및 처우개선비 포함임-상세사항 센터문의)",재가 요양보호사,재가요양보호사,학력무관,관계없음,"시급 13,000원 이상",고용형태,"부산광역시 수영구 망미번영로23번길 27, 1층 (광안동)",1명,2026-09-08 20:58:01
https://www.jobkorea.co.kr/Recruit/GI_Read/5614186/Ext?siteCode=WN&sc=,550102,"등급없습니다. 바우처입니다 청결하게 기본 가사서비스 말벗지원, 외출동행 해주실 분을 모십니다. 69년생 남성이며 월, 수, 금 주3일 서비스 원하십니다",재가 요양보호사,재가요양보호사,학력무관,관계없음,"시급 14,000원 ~ 14,000원",고용형태,"부산광역시 수영구 과정로61번길 60, 202호 (망미동, 휴팰리스수영1차)",1명,2026-09-08 20:58:01
https://www.jobkorea.co.kr/Recruit/GI_Read/5612893/Ext?siteCode=WN&sc=,016300,"생산 제조, 용접 더보기",제품 생산 관련 관리자,-,학력무관,신입,"시급 10,320원 이상",고용형태,"부산광역시 강서구 미음산단2로 50, 50 (구랑동)",3명,2026-09-08 20:58:01
https://www.jobkorea.co.kr/Recruit/GI_Read/5613903/Ext?siteCode=WN&sc=,890006,* 수산물 가공 업체로 어육 조미작업 (물작업 있음) * 업무특성상 키가 작으면 힘들 수 있습니다. * 근무시간 : 08:30~17:30 주5일 근무/ 조출(한시간 일찍 출근) 1시간 있음 (수당 별도지급) * 월급 : 230만원 (초출수당 별도) * 이력서 지참 후 방문접수 또는 이메일:taesungf@naver.com 접수 * 문의 : 051-261-9843,식품 분야 단순 종사원,-,학력무관,관계없음,월급 230만원 ~ 230만원,고용형태,부산광역시 사하구 장림로93번길 19 (장림동),1명,2026-09-08 20:58:02
https://www.jobkorea.co.kr/Recruit/GI_Read/5613904/Ext?siteCode=WN&sc=,016300,"생산관리(현장) - 건장하고 체격좋은신 분 제품생산관리, 제품출고, 재고관리, 부재료 입고관리, 현장 총괄관리 근무시간 : 9시~18시 주5일/ 조출 1시간 있음 (수당별도지급) 연락후 직접방문접수 또는 taesungf@naver.com(이메일접수) 월급여: 260만원 문의:051-261-9843",제품 생산 관련 관리자,-,학력무관,관계없음,월급 260만원 ~ 260만원,고용형태,부산광역시 사하구 장림로93번길 19 (장림동),1명,2026-09-08 20:58:02
https://www.jobkorea.co.kr/Recruit/GI_Read/5614181/Ext?siteCode=WN&sc=,550102,"<운전 가능하신 요양보호사분 1명> - 직종 : 재가 요양보호사 - 업무 : 어르신 목욕케어 - 근무시간 : 주3일, 하루 2시간 근무예정 (협의가능) - 급여 : 시급18,000원(주휴 및 연차수당 포함) - 요양보호사 자격증 필수, 1종 운전면허 우대 * 채용반환서류 첨부파일 확인바람.",재가 요양보호사,재가요양보호사,학력무관,관계없음,"시급 13,500원 이상",고용형태,"부산광역시 부산진구 가야대로507번길 6 (개금동, 1층)",1명,2026-09-08 20:58:02
https://www.jobkorea.co.kr/Recruit/GI_Read/5614191/Ext?siteCode=WN&sc=,890000,생산보조 -분체도장공장 도장전 준비작업 포장작업보조 등,기타 제조 관련 단순 종사원,-,학력무관,관계없음,"시급 10,320원 이상",고용형태,"부산광역시 강서구 녹산산단77로 29, 제일산업 (송정동)",2명,2026-09-08 20:58:02
https://www.jobkorea.co.kr/Recruit/GI_Read/5614182/Ext?siteCode=WN&sc=,550102,"- 근 무 지: 부산 부산진구 가야대로 635-20, 106동 404호 (당감태화현대 1차) - 대 상 자 : 4등급 여자(46년생) - 근무시간: 월 화 수 목 금 주5일 / 90:00-12:00 - 시 급 : 13,100원(기본급,주휴,연차수당 포함) - 근무 내용: 청소 취사 세탁 - 문의: 051-710-0664",재가 요양보호사,재가요양보호사,학력무관,관계없음,"시급 10,320원 이상",고용형태,"부산광역시 부산진구 가야대로 635-20, 106동 (당감동, 당감동태화현대아파트)",1명,2026-09-08 20:58:02
https://www.jobkorea.co.kr/Recruit/GI_Read/5614188/Ext?siteCode=WN&sc=,531800,"데이케어 조리원모집 조리원 ● 근무시간:월~금:오전 08:30~오후3:00, 토요일:08:30~오후5시30분 ● 단체급식 조리가능자 우대 ● 조리가능자 우대",단체급식 조리사,-,학력무관,경력,"시급 11,000원 ~ 11,000원",고용형태,"부산광역시 해운대구 좌동로 88, 4층 ( 살루스해운대통합돌봄센터 ) (좌동)",1명,2026-09-08 20:58:02
https://www.jobkorea.co.kr/Recruit/GI_Read/5614070/Ext?siteCode=WN&sc=,550101,"민들레재활인주간보호센터입니다. 어르신케어 해주실 요양보호사 선생님을 모십니다. - 채용분야 : 요양보호사 업무 - 근무시간 : 주40시간근무 (07:50-17:00, 08:00-17:00 08:30-17:30등 송영시간에 따라 근무시간 변경) 공휴일 및 주말 근무시 평일 대체휴무 - 직무내용 : 어르신케어 및 프로그램진행 보조, 개인위생 및 목욕지원 어르신건강상태 확인 및 기록, 급여제공기록작성 - 근무혜택 : 4대보험, 퇴직금 - 필수사항 : 요양보호사자격증 필수, 운전면허증1종 우대, 2종 필수 (실제 운전자만 지원가능, 스타렉스운전가능우대) 케어포 사용가능하신분",요양보호사(노인요양사),요양보호사,학력무관,관계없음,월급 215만원 ~ 215만원,고용형태,"부산광역시 사상구 주례로 101, 무지개상가5층 민들레재활인주간보호센터 (주례동)",2명,2026-09-08 20:58:03
https://www.jobkorea.co.kr/Recruit/GI_Read/5614069/Ext?siteCode=WN&sc=,027200,"제조업 경리 구합니다. 회계사무실 이전 단계까지의 업무입니다. 세금계산서발행, 거래명세서정리, 급여지급, 거래업체 대금지급업무입니다.",경리 사무원,-,학력무관,경력,월급 300만원 ~ 300만원,고용형태,"부산광역시 강서구 과학산단1로103번길 17, 나동 (지사동)",1명,2026-09-08 20:58:03
https://www.jobkorea.co.kr/Recruit/GI_Read/5614078/Ext?siteCode=WN&sc=,890000,볼트 제조 업체입니다 현장에서 근무하실분 모집합니다 신체 건강하고 제조업 경력자 우대합니다.,기타 제조 관련 단순 종사원,권선공,학력무관,경력,월급 272만원 ~ 272만원,고용형태,"부산광역시 사상구 낙동대로815번길 50-26, 감전동",1명,2026-09-08 20:58:03
https://www.jobkorea.co.kr/Recruit/GI_Read/5614079/Ext?siteCode=WN&sc=,016300,"냉장고 제조 생산관리(생산, 조립 등 생산실무 및 관리 ) - 관련직무경력 필수(10년이상) - 우대사항 : 기계설설비유지관리자 선임 자격소지자 우대(용접, 냉동공조 등 관련 자격증 소지 및 해당 경력자) 3개월 계약기간 후 회사 자체 평가에 의해 정규직 전환",제품 생산 관련 관리자,-,학력무관,경력,월급 500만원 ~ 500만원,고용형태,"부산광역시 강서구 녹산산단289로 7, (송정동) (송정동)",1명,2026-09-08 20:58:03
https://www.jobkorea.co.kr/Recruit/GI_Read/5614066/Ext?siteCode=WN&sc=,561100,"[다대동]아파트 미화원 구인 -주6일 , 월~금 9:00~15:30 (휴게1시간) -토요일 9:00~12:00 -급여 : 월 1,615,080원 -다대동 롯데캐슬몰운대 ( 96-1, 338번/사하구 5, 3-1, 15번 롯데캐슬 정거장)",건물 청소원,-,학력무관,경력,월급 161만원 ~ 161만원,고용형태,"부산광역시 사하구 다대낙조2길 100, - (다대동, 다대동 롯데캐슬 몰운대아파트)",1명,2026-09-08 20:58:03
https://www.jobkorea.co.kr/Recruit/GI_Read/5613950/Ext?siteCode=WN&sc=,531803,성산현대요양병원 조리원 모집(1명) -근무시간: 06시~18시 (주 5일 / 40시간) 휴게시간 3시간30분 -근무장소: 동래구 시실로12 (온천장역 인근) -급여: 232만원 -지원자격: 조리사자격증 없어도 됨 (소지자우대) -문의: 051-555-6533 (전화 후 이력서 지참하여 방문),병원 급식 조리사,-,학력무관,신입,월급 232만원 이상,고용형태,"부산광역시 동래구 시실로 12, 성산현대요양병원 (명륜동)",1명,2026-09-08 20:58:03
https://www.jobkorea.co.kr/Recruit/GI_Read/5613948/Ext?siteCode=WN&sc=,306501,물리치료사 전반적인 업무,물리치료사,-,학력무관,관계없음,월급 250만원 이상,고용형태,"부산광역시 동래구 구만덕로 172, 황전요양원 (온천동)",1명,2026-09-08 20:58:03
https://www.jobkorea.co.kr/Recruit/GI_Read/5613949/Ext?siteCode=WN&sc=,532300,"1. 근무장소: 국립부경대학교 대연캠퍼스 미래관 라일락 식당 2. 근무시간: 9:00-18:00(일 8시간, 휴게시간 1시간 포함, 주 5일) (토/일/공휴일 휴무) 3. 응시자격: 제한없음 4. 급여 및 근무기간: 조합내규에 따름, 1년(이후 재계약 가능), 1년 이상 근무 시 명절휴가비 및 퇴직급 지급 5. 제출 서류: 입사지원서, 자기소개서 등 6. 제출 방법: 첨부파일의 자사 입사지원서 다운로드 및 작성하여 이메일, 우편, 방문 제출 지원서 다운로드 오류 등 문제 발생 시 담당자 전화(051-629-5696)후 자사 양식 제공 받아 이메일(2026. 9. 14.(월)까지), 우편, 방문 접수(2026. 9. 14.(월) 18:00까지) 7. 채용 일정 1) 채용 공고 및 지원서류 접수 : ’26. 9. 4.(금) ∼ ’26. 9. 14.(월) 2) 서류전형 합격 및 면접대상자 발표 : ‘26. 9. 16.(수) 3) 면접시험 : ’26. 9. 17.(목) 4) 최종합격자 발표: ’26. 9. 18.(금) 5) 임용예정일: ’26. 9. 21.(월)",주방 보조원,-,학력무관,관계없음,월급 216만원 ~ 216만원,고용형태,"부산광역시 남구 용소로 45, 나비센터 104호 (대연동, 본부706,가온관104,학술정보112,향파111,공학도서관104-1,나비센터107,생협돌집)",1명,2026-09-08 20:58:04
https://www.jobkorea.co.kr/Recruit/GI_Read/5614183/Ext?siteCode=WN&sc=,550102,"하나로푸드 마켓 근처 1등급 80대 후반 여자어르신 주6회 월~토 오후근무(4시간) 12-16시까지 반찬도움, 식사준비 위주의 서비스를 희망하심. 시급 10,320원 ( 수당포함 시급 13,000원 )",재가 요양보호사,재가요양보호사,학력무관,경력,"시급 10,320원 ~ 10,320원",고용형태,"부산광역시 부산진구 엄광로 37, 근처 (개금동)",1명,2026-09-08 20:58:04
https://www.jobkorea.co.kr/Recruit/GI_Read/5614184/Ext?siteCode=WN&sc=,890000,조선소 및 관급공사 선박 도장 및 터치업 업무 모집,기타 제조 관련 단순 종사원,권선공,학력무관,관계없음,"시급 10,320원 이상",고용형태,부산광역시 사하구 감천항로 454,10명,2026-09-08 20:58:04
https://www.jobkorea.co.kr/Recruit/GI_Read/5615454/Ext?siteCode=WN&sc=,550102,"[용호동]요양보호사 -등급예정 틈새돌봄, 판정시 계속근로가능 -주5일, 9~12시(3시간) -가사도움, 일상생활지원 -남구 용호동(용호4동 주민센터 인근)",재가 요양보호사,-,학력무관,관계없음,"시급 10,320원 ~ 13,500원",고용형태,"부산광역시 남구 용주로 36 (용호동, 데시앙 해링턴 플레이스 파크시티)",1명,2026-09-08 20:58:04
https://www.jobkorea.co.kr/Recruit/GI_Read/5615563/Ext?siteCode=WN&sc=,550102,"*4등급 남자어르신(51년생) 돌봄 *주5일 12시~15시(3시간) *일상생활도움,가사도움, 이동 도움(지팡이,성인용 보행기 이용하여 보행가능하시나 부축도움필요) *부산광역시 기장군 정관읍 정관신도시 엘에이치 7단지 아파트 *문의: 051-727-8509 *시급 13,000원(시급 10,320원 + 주휴수당, 연차수당 별도 지급 포함) *실제 서비스 제공 기간에 따라 임금을 계산하여 지급하는 형태로, 채용 시 근로자 마다 주 소정 근로시간이나 임금, 근무(예정)지 등에 차이가 있을 수 있음",재가 요양보호사,재가요양보호사,학력무관,관계없음,"시급 10,320원 이상",고용형태,부산광역시 기장군 정관읍 모전로 41 (정관신도시 엘에이치 7단지 아파트),1명,2026-09-08 20:58:04
https://www.jobkorea.co.kr/Recruit/GI_Read/5614684/Ext?siteCode=WN&sc=,231100,"지역사회 정신건강복지센터 사업 요원 1. 정신건강증진사업(정신건강 상담 및 검사, 교육, 프로그램 진행) 2. 자살예방사업(네트워크구축, 캠페인 등) 3. 중증 정신질환자 및 자살위기자 사례관리",사회복지사,-,대졸(4년)~석사,경력,"연봉 3,120만원 ~ 3,260만원",고용형태,"부산광역시 동래구 충렬대로237번길 117, 동래구 공공지원센터 2층 동래구 정신건강복지센터 (명륜동)",1명,2026-09-08 20:58:04
https://www.jobkorea.co.kr/Recruit/GI_Read/5614689/Ext?siteCode=WN&sc=,027102,"신입사원 채용합니다 업무내용 - 기장대리 및 신고대리 - 법인,개인 결산 조정 프로그램 - 위하고(더존) - 세무사랑 접수방법 - 고용24 지원 - 이메일 (cpd577@daum.net)",회계 사무원(회계·세무 사무소),세무사무원(세무사무소),학력무관,신입,"연봉 2,588만원 이상",고용형태,"부산광역시 금정구 부곡로 140 (부곡동, 금정프라자)",1명,2026-09-08 20:58:04
https://www.jobkorea.co.kr/Recruit/GI_Read/5614690/Ext?siteCode=WN&sc=,890000,"[청아필터 산업용 필터파트 생산직 사원 모집] - 근무장소 : 정관읍 산단3로 101-16 - 방위 산업체 보충역 2명 가능 - 직무내용 : 정밀한 산업용 필터 생산업무 작업 환경 깨끗하고, 필터제조 설비 운영 - 근무시간 : (오전) 8시 30분 ~ (오후) 5시 30분 - 접수방법 : 고용24 ----------- - 문의 : 051-622-1517",기타 제조 관련 단순 종사원,권선공,학력무관,관계없음,"연봉 2,600만원 ~ 2,803만원",고용형태,"부산광역시 기장군 정관읍 산단3로 101-16, 2층",1명,2026-09-08 20:58:05
https://www.jobkorea.co.kr/Recruit/GI_Read/5614179/Ext?siteCode=WN&sc=,550100,"4등급 남자어르신 케어 식사챙겨드리고 약챙겨드리고 주변청소및 어르신옷 세탁 따님과 같이 살고 계시지만 평소에 직장다니셔서 낮에는 어르신 혼자계심 주6회 오후 2시~5시 시급 10320원+기타수당포함=14,000원",요양보호사,-,학력무관,관계없음,"시급 10,320원 이상",고용형태,"부산광역시 금정구 수림로 12, 12층 (부곡동, 에스케이아파트)",1명,2026-09-08 20:58:05
https://www.jobkorea.co.kr/Recruit/GI_Read/5614687/Ext?siteCode=WN&sc=,016301,* 금속제품 생산 및 가공 업무 * 레이저 절단 및 절곡 작업 * 생산제품 검수 및 품질 확인 * 제품 정리 및 현장 업무 보조 * 기타 생산 관련 업무,기계·금속·비금속 제조 관리자(공장장),-,학력무관,경력,"연봉 3,800만원 ~ 4,000만원",고용형태,"부산광역시 강서구 낙동남로549번길 34 (녹산동, 그랜드160)",1명,2026-09-08 20:58:05
https://www.jobkorea.co.kr/Recruit/GI_Read/5615294/Ext?siteCode=WN&sc=,890000,단순 생산직 구인 자동차 부품절단. 기계조립,기타 제조 관련 단순 종사원,단순조립원,학력무관,관계없음,"시급 10,320원 이상",고용형태,"부산광역시 기장군 정관읍 산단3로 92-64, (주)한신엠텍",1명,2026-09-08 20:58:05
https://www.jobkorea.co.kr/Recruit/GI_Read/5615340/Ext?siteCode=WN&sc=,561101,* 부산 롯데백화점 광복점 미화직 사원 모집합니다. - 오전(06:30~14:30) 오후(14:00~22:00) - 접수방법- 방문(이력서 지참) 051-678-2037,"건물 청소원(공공건물,아파트,사무실,병원,상가,공장 등)",아파트청소원,학력무관,관계없음,"시급 10,320원 ~ 10,320원",고용형태,"부산광역시 중구 중앙대로 2, 롯데백화점 B2F 미화사무실 (중앙동7가)",1명,2026-09-08 20:58:05
https://www.jobkorea.co.kr/Recruit/GI_Read/5614727/Ext?siteCode=WN&sc=,623004,"냉동창고 물품 적재 및 입출고 지게차운전 경력자 우대 * 근무지 위치, 교통편 확인하시고 면접 후 해당업체 출근, 취업의사 있는 분들만 고용24 접수 부탁드립니다. - 지원방법 : 고용24 회원가입-로그인-구직신청(경력 및 자격증등록 등)-구인공고 화면- 고용24 입사지원",지게차 운전원,지게차운전원,학력무관,관계없음,월급 266만원 이상,고용형태,"부산광역시 사하구 감천항로 250, (구평동)",1명,2026-09-08 20:58:05
https://www.jobkorea.co.kr/Recruit/GI_Read/5615560/Ext?siteCode=WN&sc=,550102,"[신개금엘지1단지 근무예정] * 2등급 여자 어르신 59세, 왼쪽 편마비/기저귀 미착용 * 주6일 12:00~16:00(4시간) * 시급13,000원(최저시급 및 제수당 포함) 1일 중증가산금 6천원 * 가사지원 및 일반요양서비스 업무 등/ 주2회 병원동행 * 휠체어사용 가능하신분 * 채용담당자: 051)895-7300",재가 요양보호사,재가요양보호사,학력무관,경력,"시급 10,320원 ~ 13,000원",고용형태,"부산광역시 부산진구 백양대로300번길 20, .. (개금동, 신개금엘지아파트)",1명,2026-09-08 20:58:05
https://www.jobkorea.co.kr/Recruit/GI_Read/5614740/Ext?siteCode=WN&sc=,028406,"[모집직무] 자재·구매·판매 사무원(일반 사업체), 영업 및 마케팅 사무원 [직무소개] 우리 회사는 목재를 중심으로 다양한 건축 자재를 수입, 내수 구매하여 도소매 판매를 하는 업체입니다. 본 직무는 물류, 재고 관리, 고객 응대 등 다양한 업무를 담당하며, 꼼꼼하고 책임감 있는 업무 태도가 중요합니다. [주요업무] - 목재 및 건축자재의 입고, 출고, 재고 관리 - 상품 정보 관리 및 전산(ERP) 자료 조작 - 고객 문의 및 주문 처리 - 일반 사무 업무 - 예비 주문 및 판매 정보 관리",자재·구매 사무원(일반 사업체),자재수급계획원,학력무관,관계없음,월급 230만원 ~ 230만원,고용형태,"부산광역시 사상구 낙동대로1002번길 63, 동창종합건재(주) (감전동)",1명,2026-09-08 20:58:06
https://www.jobkorea.co.kr/Recruit/GI_Read/5614734/Ext?siteCode=WN&sc=,824102,*TIG +CO2 용접 가능 하신 분 모집 합니다. *RT 가능하신 분. *급여는 면접 시 협의 하시면 됩니다. * 일당도 가능합니다. ( 18만원 ~ 20만원) **많은 지원 부탁 드립니다.,"전기용접원(아크,알곤,티그용접원)",-,학력무관,경력,월급 300만원 ~ 350만원,고용형태,부산광역시 강서구 녹산산단77로22번길 37 (송정동),1명,2026-09-08 20:58:06
https://www.jobkorea.co.kr/Recruit/GI_Read/5615465/Ext?siteCode=WN&sc=,550102,"- 서동 라이프타운 인근 - 4등급 여자어르신(70대 후반) / 케어시간에 혼자 계심 (아들 출근) - 09:00~12:00 또는 09:30~12:30 / 주3일(월,수,금 희망하나 월~금 중 협의가능) - 시급: 10,320원(수당포함 13,100원) - 신체활동,정서지원,가사 및 일상생활지원 등 -동래구청 일자리 정보센터 051-550-4940",재가 요양보호사,재가요양보호사,학력무관,관계없음,"시급 10,320원 ~ 10,320원",고용형태,"부산광역시 금정구 서동로175번길 25-4, . (서동, 대영주택)",1명,2026-09-08 20:58:06
https://www.jobkorea.co.kr/Recruit/GI_Read/5614722/Ext?siteCode=WN&sc=,307500,"- 건강 상태 관찰 및 기록 - 투약 및 복약 관리 - 응급 상황 대응 - 위생 및 감염 관리 및 식사, 일상생활 보조 등 센터내 업무 전반 관리 - 어르신 병원 및 이동서비스 지원 - 송영 도움 ♧ 부산고용센터 채용대행입니다. 국민취업제도나 실업급여수급을 목적으로한 형식적인 입사지원은 자제해주시고 구직신청 후 고용24지원 하시면 사업체 인사담당자에게 전달해드립니다.",간호조무사,-,학력무관,경력,월급 215만원 이상,고용형태,"부산광역시 부산진구 중앙대로969번길 11 (양정동, 양정롯데갤러리움아파트)",1명,2026-09-08 20:58:06
https://www.jobkorea.co.kr/Recruit/GI_Read/5615262/Ext?siteCode=WN&sc=,231100,"입소자 증가로 인한 사무원 추가 모집입니다. 1. 자격요건 - 엑셀, 한글, AI 등 컴퓨터 활용 능력 가능한 자 - 요양원 업무 경력 우대 2. 업무내용 - 문서작성 및 전산입력 등 요양원 시설관련 행정업무 - 비품 및 소모품 관리 - 케어포 입력 업무 - 시설 사이트 운영 관리업무 - 요양원 평가 업무 - 서류정리 - 기타 요양원 사무원 업무 3. 근로조건 - 주 소정근로시간 30시간 (10시~16시) , (근로시간 조정가능) - 근무시간 조정가능 4. 제출서류 - 이력서, 자기소개서, 경력증명서 (해당시) * 우대사항 - 인근거주자 - 컴퓨터활용 능숙자 - 요양원, 공생, 주간보호, 재가센터 경력자 - 고용지원금 대상자 요양원 업무에 대한 이해도와 책임감과 꼼꼼함이 있으신 분 환영합니다. 젊은 분위기에서 적극적이고 오래 함께하실 수 있는 분 많은 지원바랍니다.",사회복지사,-,학력무관,경력,"시급 10,320원 ~ 10,320원",고용형태,"부산광역시 사하구 장평로 117, 수 실버원 (장림동)",1명,2026-09-08 20:58:06
https://www.jobkorea.co.kr/Recruit/GI_Read/5614729/Ext?siteCode=WN&sc=,231100,"[남산동]고수련방문요양센터 -근무시간:8:30~17:30/주5일 -급여: 2,160,000원/ 차량유지비 별도지급 -업무: 사회복지사 전반적인 업무 -운전면허필수(자차소유필수) , 경력무관. 경력우대. 문의 : 051-518-1801",사회복지사,-,고졸~대졸(4년),관계없음,월급 216만원 ~ 216만원,고용형태,"부산광역시 금정구 남산로 50 (남산동, 동보빌라)",1명,2026-09-08 20:58:06
https://www.jobkorea.co.kr/Recruit/GI_Read/5614728/Ext?siteCode=WN&sc=,016300,"[생산] 지원자격 · 신입 업무내용 · 작업일정 따라 물건 투입 · 전처리작업(홀작업, 샌딩작업 등) · 포장작업 단순 준비, 포장 작업입니다. 우대사항 · 인근 거주자 우대",제품 생산 관련 관리자,-,학력무관,관계없음,월급 250만원 이상,고용형태,부산광역시 기장군 정관읍 산단7로 7-15,2명,2026-09-08 20:58:06
https://www.jobkorea.co.kr/Recruit/GI_Read/5614735/Ext?siteCode=WN&sc=,890000,"[직무소개] 우리 회사는 목재와 합판을 활용하여 수출용 박스와 파렛트를 제작하고 포장하는 업무를 하고 있습니다. [주요업무] - 목재 및 합판을 이용한 수출포장박스 및 파렛트 제작 - 목재, 합판 재단 및 타카총을 이용하여 결합 - 제작된 포장박스 및 파렛트 포장 작업 - 작업 공간 청소 및 정리 - 단순 반복작업으로 초보자도 가능(경력자는 당연히 우대)",기타 제조 관련 단순 종사원,단순조립원,학력무관,관계없음,월급 220만원 ~ 350만원,고용형태,"부산광역시 강서구 녹산산단382로14번길 32, 삼우수출포장(주) (송정동)",2명,2026-09-08 20:58:07
https://www.jobkorea.co.kr/Recruit/GI_Read/5615304/Ext?siteCode=WN&sc=,890000,신발 안창 제조업체 입니다 -인솔(깔창) 생산 및 현장 업무 -임금은 면접 시 협의 가능 -전화(051-323-8008)로 면접 시간 협의 후 이력서 지참하여 방문 요망,기타 제조 관련 단순 종사원,-,학력무관,관계없음,"시급 10,320원 이상",고용형태,"부산광역시 사상구 낙동대로943번길 235, 301호 (감전동)",1명,2026-09-08 20:58:07
https://www.jobkorea.co.kr/Recruit/GI_Read/5614732/Ext?siteCode=WN&sc=,890000,문어 연어및 수산물 제조 제조된 상품 포장 및 검수 입출고품 상하차,기타 제조 관련 단순 종사원,-,학력무관,신입,월급 270만원 ~ 270만원,고용형태,"부산광역시 사하구 다대로 148, 1층 (신평동)",1명,2026-09-08 20:58:07
https://www.jobkorea.co.kr/Recruit/GI_Read/5613914/Ext?siteCode=WN&sc=,561101,"<연산대진그린타워 아파트 미화원 > -근무지: 연제구 쌍미천로 84번길 59-10 -근무시간: 주6일 근무 (월~금) 오전 9시~오후 3시 (토) 오전 9시~ 오전 11시 -급여: 월 1,434,980원 -제출서류: 이력서 -접수방법: 팩스(051-702-9188)/이메일(hw702-9196@naver.com) -문의: 해운대여성인력개발센터 (☎051-702-9198) *채용 시 바로 근무 가능자 희망합니다 *해운대새일센터 채용대행 구인건으로 실업급여 목적으로 지원은 지양해 주시기 바랍니다.","건물 청소원(공공건물,아파트,사무실,병원,상가,공장 등)",-,학력무관,관계없음,월급 143만원 ~ 143만원,고용형태,"부산광역시 연제구 쌍미천로84번길 59-10, , (연산동, 대진그린타워아파트)",1명,2026-09-08 20:58:07
https://www.jobkorea.co.kr/Recruit/GI_Read/5615220/Ext?siteCode=WN&sc=,563200,"◈ 개금동-미래여성병원 세탁원 모집 ◈ ▶직무내용 : 병원 세탁물 수거 및 정리 업무 ▶근무시간 : A조 06:00~14:00(월~금) / 06:00~12:00(토) B조 08:00~16:00(월~금) / 06:00~12:00(토) 06:00~12:00 (일요일) / 격주당직근무 ▶급여조건 : 시급 10,320원 ▶근무장소 : 부산진구 가야대로(개금동) ▶기타사항 : 월차(2), 퇴직금, 휴게시간, 조식.중식제공 ※ 문의: 경총 중장년내일센터 직업상담사 ☎ 052-277-9493",세탁원 및 다림질원,-,학력무관,관계없음,"시급 10,320원 이상",고용형태,부산광역시 부산진구 가야대로 459 (개금동),1명,2026-09-08 20:58:07
https://www.jobkorea.co.kr/Recruit/GI_Read/5614430/Ext?siteCode=WN&sc=,550102,"<남구 대연동 제일교.회. 인근 빌라 거주> * 4등급 남자대상자: 독거 * 주5일(월~금) * 오후 1시~4시 * 일상생활지원, 가사지원, 식사지원, 병원동행 등 * 시급 10,320원 (수당 별도지급) * 지원문의(센터장): 0/0-6559-1148",재가 요양보호사,-,학력무관,관계없음,"시급 10,320원 이상",고용형태,"부산광역시 남구 천제등로16번길 35, 제일교.회. 인근 빌라 거주 (대연동)",1명,2026-09-08 20:58:07
https://www.jobkorea.co.kr/Recruit/GI_Read/5616313/Ext?siteCode=WN&sc=,821200,CNC 선반 생산 *물량에 따라 하루 2시간 연장 있을 수 있음 ★구포역(동원아파트)에서 회사로 바로 가는 통근 차량 운행★,금속가공 기계 조작원,-,학력무관,경력,"시급 12,500원 이상",고용형태,"부산광역시 강서구 가락대로1182번길 136, (주)해성피팅 (봉림동)",1명,2026-09-08 20:58:08
https://www.jobkorea.co.kr/Recruit/GI_Read/5616295/Ext?siteCode=WN&sc=,706002,"[담당 업무] 1. 컨테이너크레인(CC/STS) 개보수 공사 중 양중 및 중장비 이동 통제 신호수 업무 2. 이동식 크레인(하이드로 크레인), 스카이차(고소작업차), 지게차 등 중장비 작업 간 무전/수신호 유도 3. 와이어로프, 트롤리, 전장품, 철골 등 중량물 인양 및 하역 시 양중 신호 전달 4. 크레인 주행 레일 인근 작업 반경 내 하부 작업자 통제 및 보행자 접근 차단(안전구획 설정) 5. 항만 부두 내 야드 트랙터(YT), AGV 등 터미널 내 운행 차량과의 간섭 방지 및 교통 유도 6. 공사 구역 내 낙하물 위험 감시 및 비상 상황 발생 시 작업 중지 신호 발령 [자격 요건 및 필요 역량] 1. 표준 양중 수신호 및 무전기 신호 체계 숙지자 우대 2. 건설업 기초안전보건교육 이수증 소지자 우대 3. 항만 터미널 출입 및 보안 기준 결격사유가 없는 자 4. 신호수 특별안전보건교육 이수자 또는 크레인·중장비 신호수 경력자 우대 5. 공사 일정 및 현장 상황에 따라 주말 특근/휴일근로 발생 가능 (주말 근무 시 휴일근로수당 지급)",건설·채굴 단순 종사원,-,학력무관,경력,"일급 160,000원 ~ 160,000원",고용형태,"부산광역시 남구 북항로 191, 한국허치슨터미널 (감만동)",1명,2026-09-08 20:58:08
https://www.jobkorea.co.kr/Recruit/GI_Read/5616312/Ext?siteCode=WN&sc=,550100,"[모집직무] 요양보호사, [주요업무] - 개인 위생 관리 지원 - 식사 및 수면 습관 관리 - 가벼운 운동 및 활동 지원 - 정기적인 건강 상태 점검 - 어르신의 의사소통 및 상호 작용 지원",요양보호사,-,학력무관,관계없음,"시급 10,320원 ~ 10,320원",고용형태,부산광역시 사상구 양지로8번길 38 (주례동),1명,2026-09-08 20:58:08
https://www.jobkorea.co.kr/Recruit/GI_Read/5613229/Ext?siteCode=WN&sc=,813209,NC 또는 CNC 절곡기 보조 및 조작,금속절곡기 조작원(밴딩기 조작원),밴딩기조작원,학력무관,경력,"시급 10,320원 이상",고용형태,"부산광역시 사상구 장인로20번길 80, 동양정공 (감전동)",1명,2026-09-08 20:58:08
https://www.jobkorea.co.kr/Recruit/GI_Read/5613054/Ext?siteCode=WN&sc=,532300,"◈ 삼성전기 직원식당 주방보조원(파트직) 모집 ◈ ▶직무내용 : 1. 브라운그릴 : 샌드위치 등 제조 및 포장, 세척 ▶근무시간 : 07:00 ~ 14:00 (6.5H 근무) ▶ 주말 격주 출근 가능자 ▶급여조건 : 시간당 시급 14,440원(주휴수당 포함) (기본시급 12,030원) ▶근무장소 : 강서구 녹산산업중로 (송정동) 삼성전기 직원식당 ※ 지원문의: 경총 중장년내일센터 직업상담사 ☎ 052-277-9493",주방 보조원,-,학력무관,관계없음,"시급 14,440원 이상",고용형태,"부산광역시 강서구 녹산산업중로 333, 삼성전기 직원식당 (송정동)",1명,2026-09-08 20:58:08
https://www.jobkorea.co.kr/Recruit/GI_Read/5613422/Ext?siteCode=WN&sc=,531803,"* 사상구 휘림한방병원 조리사 채용 - 조리사(자격증 소지 / 한식 .양식조리사 관계없음) - 근무시간 :06:00~17:00 / 주5일(스케쥴 근무) - 임금 : 연봉 3100~3200만원 - 접수 방법 : 고용 24, 방문(전화 후 방문)",병원 급식 조리사,-,학력무관,관계없음,"연봉 3,100만원 ~ 3,100만원",고용형태,"부산광역시 사상구 백양대로804번길 36, 휘림한방병원 (덕포동)",1명,2026-09-08 20:58:08
https://www.jobkorea.co.kr/Recruit/GI_Read/5613365/Ext?siteCode=WN&sc=,813212,"레이저 절단기계운용(파이브 레이저 절단기 운전원 ) ,12KWx2.5Mx8M 파이브레이저 운전 경력자를 모집합니다.",레이저 절단원,레이저절단원,고졸~대졸(4년),경력,"연봉 3,600만원 ~ 4,200만원",고용형태,"부산광역시 강서구 녹산산단77로 46, 2층 유승레이저 (송정동)",1명,2026-09-08 20:58:08
https://www.jobkorea.co.kr/Recruit/GI_Read/5613367/Ext?siteCode=WN&sc=,815000,[업무내용] 주 업무는 자동로봇 조작으로 로봇 라인에서 오랫동안 함께 일하실 분을 찾습니다. 처음이신 분은 한 단계 성장하신다 생각하고 배워가면서 하시면 됩니다. 많은 지원 부탁드립니다. [근무시간] 주5일 : 08:00~17:00 (중식시간 11:40~12:40) 잔업 및 특근비 별도,자동 조립라인 및 산업용로봇 조작원,-,학력무관,관계없음,"연봉 2,700만원 이상",고용형태,"부산광역시 강서구 낙동남로533번길 86, (주)대광테크 (녹산동)",10명,2026-09-08 20:58:09
https://www.jobkorea.co.kr/Recruit/GI_Read/5612818/Ext?siteCode=WN&sc=,852402,"안녕하세요. 당사는 현대기아자동차 플라스틱 사출제품 생산업체로 플라스틱 사출 제품 생산직을 모집합니다. 근면, 성실하신 분들의 많은 지원 바랍니다. 근무시간 : (월~금) 08:30~18:00 ※ 식사시간 13:00~14:00 ※ 휴게시간 : 오전/오후(간식) 총 25분 ※ 필요시 토요일 특근 임금 : 10,320원/시간 이상 주차(주휴) 수당 및 연장/특근 수당, 퇴직금 별도 지급 근무내용 : 플라스틱 사출 제품 수동사출 및 검사/사상 작업, 작업일지 작성 주소 : 부산 사하구 장림동 다대로1066번길 64-12(장림동 980-57) ※ 장림동 무지개공단 위치 마을버스 3-1번, 5번 ""일진종합상사"" 정류장 하차 - 인근 위치",플라스틱제품 조립원 및 검사원,플라스틱제품검사원,학력무관,관계없음,"시급 10,320원 이상",고용형태,"부산광역시 사하구 다대로1066번길 64-12, 태성산업",1명,2026-09-08 20:58:09
https://www.jobkorea.co.kr/Recruit/GI_Read/5613512/Ext?siteCode=WN&sc=,612108,[모집직무] 식품분석검사 시료 수거 및 관련 영업 [직무소개] 우리 회사는 식품의 안전성과 품질을 책임지는 식품분석검사 기관입니다. 식품분석 시료를 수거하고 관련 영업 활동을 담당하며 영업용 차량은 제공됩니다. [주요업무] - 식품분석검사 시료 수거 - 고객 관리 및 영업 - 영업 분석 및 계획 수립 - 영업용 차량 안전 운행 [연봉관련] 경력직에 한하여 연봉 협상 가능합니다.,기타 기술영업원,-,대졸(2~3년),관계없음,"연봉 2,800만원 이상",고용형태,부산광역시 동래구 충렬대로 280 (낙민동),1명,2026-09-08 20:58:09
https://www.jobkorea.co.kr/Recruit/GI_Read/5613513/Ext?siteCode=WN&sc=,027203,"일일자금집행및 마감. 급여관리등 건설업경력자 우대(더존사용가능자) 현장별 일용노무비 , 급여 작성 및 신고(원천세) 4대보험 신고 부가세 신고 전반적인 건설업무외",경리 사무원(건설),건설업장부정리원,학력무관,경력,"연봉 4,000만원 ~ 4,400만원",고용형태,부산광역시 동래구 쇠미로217번길 22 (온천동),1명,2026-09-08 20:58:09
https://www.jobkorea.co.kr/Recruit/GI_Read/5612878/Ext?siteCode=WN&sc=,550102,"85세 3등급 여자 어르신을 케어하실 분을 구합니다. 금정구 부산대학로 대우아파트 거주 하십니다. 어르신 케어, 가사, 산책 도움이 필요합니다. - 시급 10,030+ 제세수당 별도문의 연락처 051-758-9870",재가 요양보호사,재가노인요양사,학력무관,관계없음,"시급 10,320원 ~ 10,320원",고용형태,"부산광역시 금정구 부산대학로 10, 104동 (부곡동, 대우아파트)",1명,2026-09-08 20:58:09
https://www.jobkorea.co.kr/Recruit/GI_Read/5613418/Ext?siteCode=WN&sc=,612200,"★ 동래새일여성인턴 사업 연계 & 채용대행건(서류심사유형)입니다.★ ★ 고용24 구직신청 등록 필수 / 구직정보제공동의여부 - 여성새로일하기센터 제공동의 필수★ -직무내용 : 해외영업 및 고객사 관리(아시아,중동,유럽)등 글로벌 박람회 참가 및 시장조사 수출 물류 및 매출관리 -근무시간 : 08:00~17:00(주5일/40시간) /휴게시간 12:00~13:00 -근무지 : 해운대구 센텀중앙로 90 11층 -영어회화 및 메일링 가능자(필수) -무역관련 실무 경력자(우대) -문 의 : 051-501-8945",해외 영업원,-,대졸(4년)~박사,경력,"연봉 3,300만원 이상",고용형태,"부산광역시 해운대구 센텀중앙로 90, 11층 (재송동)",1명,2026-09-08 20:58:09
https://www.jobkorea.co.kr/Recruit/GI_Read/5613639/Ext?siteCode=WN&sc=,531800,"[당감중앙요양원 조리사 채용공고] -요양원 조리업무 일체 -자격증 자격무관, 반찬 등 실조리업무 가능하신분 -주5일 근무(스케줄 근무) ▶ 06:00~15:00 (휴게시간, 1시간) ▶ 06:00~17:00 (휴게시간, 3시간) *근무시간 및 근무요일 협의 가능 -월급여 221만원 -당감동일스위트, 국제백양아파트 인근 * 9월부터 근무 가능하신 분 지원바랍니다. (출근일자 조율가능합니다)",단체급식 조리사,-,학력무관,경력,월급 221만원 ~ 221만원,고용형태,"부산광역시 부산진구 백양관문로 109, 당감중앙요양원 (당감동, 스카이빌딩)",1명,2026-09-08 20:58:09
https://www.jobkorea.co.kr/Recruit/GI_Read/5613656/Ext?siteCode=WN&sc=,026501,"[모집직무] 단순 경리 사무원 [직무소개] 우리 회사는 자가품질 식품 등을 분석하는 분석기관입니다. 본 직무는 시료 접수 및 행정 업무, 시험성적서 발행, 단순 경리 업무를 담당합니다. [주요업무] - 시료 접수 및 분류 - LIMS 등록 - 시험성적서 발행 - 세금계산서 발행 - 기타 단순 경리 업무",총무 및 일반 사무원,-,대졸(2~3년),신입,월급 215만원 이상,고용형태,부산광역시 동래구 충렬대로 280 (낙민동),1명,2026-09-08 20:58:10
https://www.jobkorea.co.kr/Recruit/GI_Read/5613657/Ext?siteCode=WN&sc=,890000,"* 초보자 가능 * 성별무관 업무내용 : 안전화,안전장화를 직접 생산, 납품하는 업체로 전반적인 생산 업무 입니다. 근무시간 : 주5일 (07:00~16:00) 급여조건 : 월급 2,160,000원 (경력자 급여협의가능) 복리후생 : 회사식당 중식제공 우대사항 : 해당직무 경험자, 인근거주자, 장기근무 가능자 근무주소 : 부산 금정구 수원지로22번길 64(회동동), 영진실업(주) 2공장",기타 제조 관련 단순 종사원,-,학력무관,관계없음,월급 216만원 이상,고용형태,"부산광역시 금정구 수원지로22번길 64, 영진실업(주) 2공장 (회동동)",1명,2026-09-08 20:58:10
https://www.jobkorea.co.kr/Recruit/GI_Read/5617232/Ext?siteCode=WN&sc=,306800,화명언어심리센터에서 언어치료사를 모십니다. 장애아동의 언어 수업 및 발달장애학생방과후 업무를 겸임할 능력 있는 언어치료사를 모십니다. 발달재활 제공인력이어야 합니다. 정직및 파트타임도 가능합니다.,언어 및 청각능력 재활사,음성언어치료사,학력무관,경력,월급 230만원 ~ 250만원,고용형태,"부산광역시 북구 화명신도시로 133, 504호 (화명동, 웨스트 포인트 빌딩)",1명,2026-09-08 20:58:10
https://www.jobkorea.co.kr/Recruit/GI_Read/5614726/Ext?siteCode=WN&sc=,890007,- 그라비어 인쇄/합지 공정 조작 기술을 보조하며 배워 오랜기간 함께 근무할 성실한 사람 - 기타 회사에서 지시하는 제반 업무 - 신입 경력 무관으로 경력의 경우 경력 감안하여 임금 책정 - 잔업/특근 발생 시 별도 수당 지급,"인쇄, 목재, 가구 및 기타 제조 분야 단순 종사원",목재단순노무자,학력무관,관계없음,월급 260만원 이상,고용형태,부산광역시 사하구 장평로138번길 19 (장림동),1명,2026-09-08 20:58:10
https://www.jobkorea.co.kr/Recruit/GI_Read/5613060/Ext?siteCode=WN&sc=,550102,"<부산진구 연지동 청구@1차 인근 빌라 거주> * 4등급 여자어르신: 독거, 60대후반 * 주5일(월~금) * 9시~12시 * 가사지원, 식사지원, 일상생활지원 등 * 시급10,320원 (수당 별도지급) * 문의(센터): 051-816-0091 다만, 실제 서비스 제공기간에 따라 임금을 계산하여 지급하는 형태로 채용 시 근로자마다 주 소정근로시간이나 임금, 근무(예정)지 등에 차이가 있을 수 있습니다.",재가 요양보호사,-,학력무관,관계없음,"시급 10,320원 이상",고용형태,"부산광역시 부산진구 성지로62번길 10, 청구@1차 인근 빌라 거주 (연지동, 연지청구아파트)",1명,2026-09-08 20:58:10
https://www.jobkorea.co.kr/Recruit/GI_Read/5613661/Ext?siteCode=WN&sc=,823400,다이캐스팅 주조 조작원 생산 및 품질관리,주조기 조작원(다이캐스팅기 조작원 포함),주물주조기조작원,학력무관,관계없음,월급 250만원 ~ 250만원,고용형태,부산광역시 기장군 정관읍 산단4로 8-43,1명,2026-09-08 20:58:10
https://www.jobkorea.co.kr/Recruit/GI_Read/5613515/Ext?siteCode=WN&sc=,151106,* 담당 업무: 선실 설비/공조 설계 * AM/TRIBON 사용 가능자 우대,조선·해양공학 기술자 및 연구원,조선의장설계기술자,학력무관,경력,"연봉 4,000만원 이상",고용형태,"부산광역시 해운대구 센텀3로 20, 제204-1호 (우동)",2명,2026-09-08 20:58:10
https://www.jobkorea.co.kr/Recruit/GI_Read/5613658/Ext?siteCode=WN&sc=,140203,"[모집직무] 건축 현장소장, 건설 견적 [직무소개] 우리 회사는 국내외 다양한 건설 프로젝트를 성공적으로 수행해왔습니다. 본 채용은 프로젝트 진행을 책임지고, 건설 현장 운영을 효율적으로 관리하는 경험 있는 건설 현장소장 및 건축기사를 모집합니다. [주요업무] - 건설 현장의 안전 및 생산성 관리 - 건설 작업 계획 수립 및 실행 - 현장 작업진 및 부문별 업무 관리 - 건설 진행 상황 점검 및 보고 - 건설 품질 관리 및 안전 지침 준수",건축시공 기술자(건축견적 포함),건축시공기술개발 및 연구원,학력무관,관계없음,월급 200만원 ~ 300만원,고용형태,"부산광역시 금정구 개좌로 408, 113호 (회동동, 회동동 화물차 공영차고지)",1명,2026-09-08 20:58:11
https://www.jobkorea.co.kr/Recruit/GI_Read/5613641/Ext?siteCode=WN&sc=,890006,"○ 수산식품(냉동생선) 제조 업무 ○ 원물 준비 및 포장 ○ 주5일 근무 / 08:00-17:00 ○ 시급 10,320원 (협의 후 결정) ○ 수습 기간 3개월 있음 ○ 점심시간 12:00~13:00 ○ 중식 제공",식품 분야 단순 종사원,식품 육안 선별원,학력무관,관계없음,월급 215만원 이상,고용형태,"부산광역시 서구 원양로 1, 부산 서구 원양로 1 (암남동, 수산가공선진화단지) (암남동)",1명,2026-09-08 20:58:11
https://www.jobkorea.co.kr/Recruit/GI_Read/5613597/Ext?siteCode=WN&sc=,890006,"지게차 사용가능한 분 수산물 해동, 수산물 가공, 제조업체 포장 작업 위주, 작업된 수산물 납품 준비 포장작업 (약 10KG정도 박스포장) * 기재된 임금은 표기된 근무 시간에 대한 금액임. (평일 1시간 연장근로 포함, 그 외 특근시 연장근로 수당 별도 지급)",식품 분야 단순 종사원,식품분야 단순노무자,학력무관,관계없음,월급 250만원 이상,고용형태,"부산광역시 사하구 다대동로6번길 17, 3층 (다대동)",2명,2026-09-08 20:58:11
https://www.jobkorea.co.kr/Recruit/GI_Read/5613637/Ext?siteCode=WN&sc=,550100,"[모집직무] 요양보호사 [직무소개] 우리 기관은 주간보호센터를 운영하며 노인들의 건강과 행복을 지원합니다. 본 직무는 주간보호센터 내에서 다양한 돌봄 서비스를 제공하는 역할입니다. [주요업무] - 노인들의 일상생활 지원 (식사, 목욕, 복장 등) - 보건 및 의료 관리 - 활동 및 놀이 프로그램 진행 - 노인들의 심리적 안정과 사회 참여 증진 - 보호관찰 및 기록 업무 - 송영",요양보호사,-,학력무관,관계없음,월급 216만원 ~ 216만원,고용형태,"부산광역시 연제구 과정로 162 (연산동, 리치W 아파트)",1명,2026-09-08 20:58:11
https://www.jobkorea.co.kr/Recruit/GI_Read/5613638/Ext?siteCode=WN&sc=,026501,운영 및 행정 전반적인 보조 프로그램보조 나이 상관 없음,총무 및 일반 사무원,일반사무원,학력무관,관계없음,월급 215만원 ~ 215만원,고용형태,"부산광역시 남구 동명로146번길 3, 1층 (용호동)",1명,2026-09-08 20:58:11
https://www.jobkorea.co.kr/Recruit/GI_Read/5613654/Ext?siteCode=WN&sc=,232100,10월부터 근무할 어린이집 보조교사를 채용합니다.,보육교사,보육센터장,학력무관,경력,월급 113만원 ~ 113만원,고용형태,"부산광역시 기장군 일광읍 박영준길 18, 사회복지법인칠암어린이집",1명,2026-09-08 20:58:11
https://www.jobkorea.co.kr/Recruit/GI_Read/5613230/Ext?siteCode=WN&sc=,890002,제품 사상 더보기 접기,단순 사상원(용접사상 제외-용접원구분),-,학력무관,관계없음,"시급 10,500원 ~ 12,000원",고용형태,부산광역시 강서구 녹산산단46로 49,2명,2026-09-08 20:58:11
https://www.jobkorea.co.kr/Recruit/GI_Read/5613412/Ext?siteCode=WN&sc=,550101,요양보호사를 모십니다~ 업무 : 어르신 케어서비스 인력기준(어르신:요양보호사) 2.1명 : 1명 운영. (추가모집) 궁금하신 점은 담당자에게 언제든지 연락주세요~ *^^* (1년 계약직 후 정규직 전환),요양보호사(노인요양사),요양보호사,학력무관,관계없음,"연봉 3,300만원 이상",고용형태,"부산광역시 기장군 정관읍 곰내길 574, 기장실버홈",2명,2026-09-08 20:58:12
https://www.jobkorea.co.kr/Recruit/GI_Read/5613062/Ext?siteCode=WN&sc=,550102,"* 4등급 할아버지(60대후반, 독거) * 가사 및 일상생활 지원 * 주5일, 08:30~11:30 * 시급13,000원(주휴수당, 연차수당 포함) * 채용담당자: 051-414-7650",재가 요양보호사,-,학력무관,관계없음,"시급 10,320원 이상",고용형태,"부산광역시 영도구 절영로43번길 15, 포레스타오피스텔 (남항동1가)",1명,2026-09-08 20:58:12
https://www.jobkorea.co.kr/Recruit/GI_Read/5613059/Ext?siteCode=WN&sc=,550102,"<연제구 연산동 한성기린아파트> * 3등급 여자대상자(80대중반) * 주5일 * 10시~1시(3시간) * 가사지원, 식사지원, 일상생활지원 등 * 기본시급 10,320원(수당 별도지급) * 센터문의: 051-512-1110",재가 요양보호사,-,학력무관,관계없음,"시급 10,320원 이상",고용형태,"부산광역시 연제구 세병로 16 (연산동, 한성기린아파트)",1명,2026-09-08 20:58:12
https://www.jobkorea.co.kr/Recruit/GI_Read/5614733/Ext?siteCode=WN&sc=,890007,팩케지 박스를 전문적으로 생산하는 회사입니다 현장에서 포장부 생산직으로 일하실분을 구인합니다 첫째 세째 토요일 근무합니다(토요일 근무시 잔업비 지급),"인쇄, 목재, 가구 및 기타 제조 분야 단순 종사원",-,학력무관,관계없음,월급 215만원 이상,고용형태,"부산광역시 강서구 녹산산단362로 30, 성광정판인쇄 (송정동)",1명,2026-09-08 20:58:12
https://www.jobkorea.co.kr/Recruit/GI_Read/5612884/Ext?siteCode=WN&sc=,550102,"-4등급, 80세, 여자, 독거 -주6일 -오후4시-7시(시간조율가능) -해리단길거주 -정서지원 및 가사지원 -신체도움(보행기이용 지켜보기) 많은 지원 바랍니다^^",재가 요양보호사,-,학력무관,관계없음,"시급 13,000원 ~ 13,000원",고용형태,"부산광역시 해운대구 우동1로50번길 32, ㅇ (우동, 공작맨션)",1명,2026-09-08 20:58:12
https://www.jobkorea.co.kr/Recruit/GI_Read/5615455/Ext?siteCode=WN&sc=,550100,"[동삼동]재가요양보호사 -4등급 86세 여자어르신, 독거 -주3일, 9~12시 (3시간) -거동가능, 식사 및 가사, 일상생활지원 -시급 및 제수당 포함 14000원 -조양아파트 (해동중학교 인근)",요양보호사,-,학력무관,관계없음,"시급 10,320원 ~ 14,000원",고용형태,"부산광역시 영도구 절영로 504 (동삼동, 조양비취맨션)",1명,2026-09-08 20:58:12
https://www.jobkorea.co.kr/Recruit/GI_Read/5615298/Ext?siteCode=WN&sc=,890000,"- 생산직 사원 모집 - 비닐포장지, 파우치 생산 & 포장인원 - 기계조작 및 제품 검수, 포장. - 지게차 운전(선호)",기타 제조 관련 단순 종사원,-,학력무관,신입,"시급 11,000원 이상",고용형태,부산광역시 강서구 대저중앙로 204,4명,2026-09-08 20:58:13
https://www.jobkorea.co.kr/Recruit/GI_Read/5614693/Ext?siteCode=WN&sc=,027100,회계사무소 일반업무 전반,회계 사무원,-,학력무관,신입,"연봉 2,588만원 이상",고용형태,"부산광역시 동구 진성로 22 (수정동, 일륜빌딩)",1명,2026-09-08 20:58:13
https://www.jobkorea.co.kr/Recruit/GI_Read/5613068/Ext?siteCode=WN&sc=,550102,"<남구 용호동 엘지메트로시티@> * 3등급 여자대상자: 독거 * 주5일 * 16:30~18:30(2시간) * 주간보호센터 송영 후 업무, 식사지원, 어르신케어 등 * 시급 10,320원 (수당 별도지급) * (센터)문의: 0/0-6559-1148",재가 요양보호사,-,학력무관,관계없음,"시급 10,320원 이상",고용형태,"부산광역시 남구 분포로 111 (용호동, 엘지메트로시티)",1명,2026-09-08 20:58:13
https://www.jobkorea.co.kr/Recruit/GI_Read/5615299/Ext?siteCode=WN&sc=,550102,"*대상자: 4등급 만87세 남자어르신 *근무지: 부산 수영구 연수로260번길 53, 흰돌실버타운 부근 *근무시간: 07:30~10:30 주 6일(월~토) *근무내용: 일반적인 가사생활 지원 *포괄시급: 13,000원 (시급 10,320원+ 제세수당 별도문의) ☎지원방법 : 051-556-2164 가득행복복지센터 면접 후 결정 [요양지원 > 요양보호제도] 관련법규 파악하기,장기요양서비스 이용지원 돕기,요양보호사 역할 준수하기",재가 요양보호사,재가요양보호사,학력무관,관계없음,"시급 13,000원 ~ 13,000원",고용형태,"부산광역시 수영구 연수로260번길 53, 부근 (망미동)",1명,2026-09-08 20:58:13
https://www.jobkorea.co.kr/Recruit/GI_Read/5615301/Ext?siteCode=WN&sc=,890001,"(강서구 미음동)생산직 사원(정규직)채용 근무지: 강서구 미음국제7로5(미음동),부곡스텐레스 채용분야: 생산직2명 근무시간: 주5일, 08:00~18:00(휴게시간 1시간 포함/연장1시간) 업무내용: 스테인리스 제품 생산, 필거, 인발 기계 조작관리 등 지원자격: 신체건강한 자 급여: 10,320원 (경력자 협의가능) 경력여부: 경력무관, 초보가능, 경력(필거, 인발 기계 조작)우대",기계·금속 분야 단순 종사원,-,학력무관,관계없음,"시급 10,320원 이상",고용형태,"부산광역시 강서구 미음국제7로 5, (미음동) (미음동)",2명,2026-09-08 20:58:13
https://www.jobkorea.co.kr/Recruit/GI_Read/5615303/Ext?siteCode=WN&sc=,890001,"화이트메탈 베어링 제작 업체로 베어링 기계가공 지원하는 사상 작업 및 제품 납품, 반출 업무 지원도 가능하신 분 1. 현장 생산 제품 사상 및 세척 포장 작업 2. 고객사 제품 납품 & 반출 업무 3. 운전 면허 소지자",기계·금속 분야 단순 종사원,-,학력무관,관계없음,"시급 10,320원 이상",고용형태,"부산광역시 강서구 미음국제5로나길 29, (미음동) (미음동)",1명,2026-09-08 20:58:13
https://www.jobkorea.co.kr/Recruit/GI_Read/5614391/Ext?siteCode=WN&sc=,861100,"[에어백 제조업체]단순 생산직 채용 -에어백 조립, 폴딩업무(손,기계이용 접기) -제조직 경력자 우대 -근무시간 : 주5일, 8:20-17:00(휴게 12:30-13:10) *업무량에 따라 잔업발생가능 -급여: 시급 10320원 (3개월 계약, 만료 후 정규전환 가능) -금정구 회동동(회동석대 산업단지)","섬유 제조 기계 조작원(방적,방사,연사,합사,권사기 등)",-,학력무관,관계없음,"시급 10,320원 ~ 10,320원",고용형태,"부산광역시 금정구 개좌로 260, 1층 (회동동)",1명,2026-09-08 20:58:13
https://www.jobkorea.co.kr/Recruit/GI_Read/5614392/Ext?siteCode=WN&sc=,550102,"[전포동] 재가요양보호사 - 2등급 42년생 여자어르신 (자녀함께거주, 출근부재) - 주6일, 오후 12~16시(4시간) **30분 내외 조율가능 - 시급 및 제수당 13,000원 (중증수당 별도) - 위생관리(왜소한 체격), 부축도움 - 식사 및 가사, 일상생활 지원 - 전포동 시영아파트",재가 요양보호사,-,학력무관,관계없음,"시급 10,320원 이상",고용형태,"부산광역시 부산진구 진남로 336 (전포동, 시영아파트)",1명,2026-09-08 20:58:14
https://www.jobkorea.co.kr/Recruit/GI_Read/5615260/Ext?siteCode=WN&sc=,550102,"90대 4등급 남자어르신(딸과같이 거주중이나 수발부담 없음) - 신체활동지원 - 가사 및 일상생활 도움 - 말벗, 운동 지원 등의 요양보호사 업무 <근무시간> 시간 : 09:00-12:00 요일 : 주3일 월수금 <근무지> 부산 해운대구 우동(해운대역 7번출구 인근) -요양보호사 자격증 -건강검진확인서 *사하구청일자리지원센터에서 채용대행중입니다. 지원문의 051-220-5698로 부탁드립니다.",재가 요양보호사,재가요양보호사,학력무관,관계없음,"시급 10,320원 ~ 10,320원",고용형태,"부산광역시 해운대구 해운대로 602, . (우동)",1명,2026-09-08 20:58:14
https://www.jobkorea.co.kr/Recruit/GI_Read/5614691/Ext?siteCode=WN&sc=,028407,"메라민그릇을 제조 생산하는 회사입니다. 생산된 제품을 그날그날의 주문 내용에 따라 물류창고에서 제품을 출고,자재관리, 벤딩기조작, 박스 포장하는 업무입니다. 오랫동안 함께 일 할 분들만 지원 부탁드립니다. (수습기간3개월은 급여의 90%지급)",창고 관리원(자재 검수원 포함),물류출하원,학력무관,관계없음,"연봉 3,000만원 이상",고용형태,"부산광역시 사하구 다산로208번길 15, 1층 (장림동)",1명,2026-09-08 20:58:14
https://www.jobkorea.co.kr/Recruit/GI_Read/5614731/Ext?siteCode=WN&sc=,231101,기관 및 노인일자리사업 운영 관리,사회복지사(사회복지시설),-,학력무관,경력,월급 232만원 ~ 241만원,고용형태,"부산광역시 해운대구 반송순환로 158, 2층 (반송동, 어르신 일자리 문화센터)",1명,2026-09-08 20:58:14
https://www.jobkorea.co.kr/Recruit/GI_Read/5615290/Ext?siteCode=WN&sc=,550102,- 80대 4등급 할머님 - 10:00~13:00 월~토 (주6일) 1시간정도 시간조절가능 - 혼자계신 시간 식사를 잘 챙겨드시질 않으셔서 식사 도움과 간단한 가사일도움 - 어르신과 보호자분 모두 너무너무 좋으심. - 제수당 포함 13000원,재가 요양보호사,재가노인요양사,학력무관,관계없음,"시급 10,320원 ~ 10,320원",고용형태,"부산광역시 영도구 청학남로27번길 19-5, . (청학동)",1명,2026-09-08 20:58:14
https://www.jobkorea.co.kr/Recruit/GI_Read/5615718/Ext?siteCode=WN&sc=,890000,합금철 생산업무` 더보기,기타 제조 관련 단순 종사원,-,학력무관,관계없음,"연봉 3,900만원 ~ 3,900만원",고용형태,부산광역시 강서구 미음산단3로 159 (미음동),1명,2026-09-08 20:58:14
https://www.jobkorea.co.kr/Recruit/GI_Read/5615717/Ext?siteCode=WN&sc=,813210,"경력및 기술능력에 따라 면접후 협의가능 담당업무---MCT 정밀부품가공 CAD/CAM 프로그램 작성및 수정 ,도면해독 공구선정및 절삭조건 설정 장비셋업및 가공 제품측정및 품질관리 작업공정관리 지원자격-MCT고급능력자 프로그램 작성및 수정가능자,도면해독및 공차관리 가능자 제품셋업부터 공구선정,가공까지 독립적으로 가능한 기술자 우대사항(정밀부품 가공 경력자, 난삭재 가공 경험자, CAM 사용 가능자,현장작업및 공정관리 경험자)",머시닝센터(MCT) 조작원,-,학력무관,경력,"연봉 7,000만원 이상",고용형태,"부산광역시 강서구 화전산단6로 124, 디오더블유 (화전동)",1명,2026-09-08 20:58:14
https://www.jobkorea.co.kr/Recruit/GI_Read/5615508/Ext?siteCode=WN&sc=,561101,"<거제센트럴자이 아파트 미화원 모집 - 근무지: 연제구 법원북로 93/ 교대역 1번출구 - 여성미화 1명: 근무시간: 9시~15:30분(평일) / 9시~12시(토요일) 급여: 1,614.360원 - 제출서류: 이력서 - 문의: 부산일자리종합센터(☎ 051-888-6915)","건물 청소원(공공건물,아파트,사무실,병원,상가,공장 등)",-,학력무관,관계없음,"시급 10,320원 ~ 10,320원",고용형태,"부산광역시 연제구 법원북로 93 (거제동, 거제센트럴자이)",1명,2026-09-08 20:58:15
https://www.jobkorea.co.kr/Recruit/GI_Read/5614390/Ext?siteCode=WN&sc=,864300,"[호텔세탁실]직원채용합니다 -남탕(찜질방.사우나.헬스장) 세탁실 -세탁물 운반, 세탁기 조작 등 업무전반 -화수목금 18:30~22:00(3.5시간 근무) -시급 11000원 -범일동 라메르호텔 -목욕탕 출입사유로 남성분 채용",세탁 기계 조작원,의복세탁기 조작원,학력무관,신입,"시급 11,000원 이상",고용형태,"부산광역시 동구 조방로34번길 9, 라메르관광호텔 (범일동)",1명,2026-09-08 20:58:15
https://www.jobkorea.co.kr/Recruit/GI_Read/5614433/Ext?siteCode=WN&sc=,550102,"<금정구 1호선-장전역 도보 5분거리 주택(4층)> - 4등급 남자대상자: 독거 - 주5일 - 오후 1시~4시 - 가사지원, 식사지원, 일상케어 등 * 최저시급 10,320원 (수당 별도지급) * 센터장: 0/0-5767-1444",재가 요양보호사,-,학력무관,관계없음,"시급 10,320원 이상",고용형태,"부산광역시 금정구 금강로335번길 21, 장전역 도보 5분거리 주택(4층) (장전동)",1명,2026-09-08 20:58:15
https://www.jobkorea.co.kr/Recruit/GI_Read/5612887/Ext?siteCode=WN&sc=,550102,"*대상자 : 3등급 만72세 남자어르신 *근무지 : 부산광역시 동래구 문화로 33, 동래 센트럴파크 하이츠 2차 부근 *근무시간 : 13:00~18:00 주6일 (월~토) *근무내용 : 일반적인 가사 생활 지원 *포괄시급 : 13,000원 (시급 10,320원+ 제세수당 별도문의) ☎지원 방법: 051-556-2164 가득행복복지센터 면접 후 결정 [요양지원 > 요양보호제도] 관련법규 파악하기,장기요양서비스 이용지원 돕기,요양보호사 역할 준수하기",재가 요양보호사,재가요양보호사,학력무관,관계없음,"시급 13,000원 ~ 13,000원",고용형태,"부산광역시 동래구 문화로 33, 부근 (명륜동, 동래 센트럴파크 하이츠 2차)",1명,2026-09-08 20:58:15
https://www.jobkorea.co.kr/Recruit/GI_Read/5615206/Ext?siteCode=WN&sc=,531802,"국공립 두산하버시티어린이집 조리원(보조) 채용 공고 부산 동구 국공립 두산하버시티어린이집에서는 아이들의 건강과 행복을 위해 함께 할 교직원을 아래와 같이 채용하고자 하오니 관심 있는 분들의 많은 지원 바랍니다. 1. 어린이집 소재지: 부산광역시 동구 범일로21 두산위브더제니스하버시티아파트 내 2. 모집부문 : 보조 조리원 3. 모집인원: 0명 4. 모집요강 : 일 3시간. 주 5일. 근거리 거주자 우대. 5. 모집 일정 가. 1차 서류전형 : 2026년 9월 7일(월) ~ 채용 시까지 나. 근무예정일 : 2025년 10월 1일(목) 나. 서류 제출처 : dshceducare@gmail.com 다. 2차 면접대상자 및 면접 일정 통보 : 서류심사 후 면접대상자는 개별 통지함 6. 제출서류 가. 이력서(사진 첨부) 1부 * 메일 송부 시, 제목에 [조리원 지원] 기재 7. 기 타 가. 제출된 서류는 일체 반환하지 않으며. 제출된 서류에 기재사항이 사실과 다른 경우 즉시 채용을 취소합니다. 나. 우편 및 방문 접수는 받지 않습니다. ※ 지원 시 제출하신 채용서류는 공고일 이후「개인정보보호법」에 따라 지체없이 파기합니다. 8. 문의: 051-714-0605 국공립 두산하버시티어린이집 원장",유치원·어린이집 급식 조리사,-,학력무관,관계없음,"시급 10,320원 이상",고용형태,"부산광역시 동구 범일로 21, 105동 두산하버시티어린이집 (범일동, 두산위브더제니스하버시티)",1명,2026-09-08 20:58:15
https://www.jobkorea.co.kr/Recruit/GI_Read/5615259/Ext?siteCode=WN&sc=,873102,"[식품가공>식품가공>수산식품가공] -배합 : 원부자재 배합 -성형 : 어묵 제조·가공: 어묵 가열, 반죽투입, 온도모니터링, 설비세척 - 수습기간 2개월있음",어패류(수산물) 가공기계 조작원,수산물염장원,학력무관,관계없음,"시급 10,320원 ~ 10,320원",고용형태,부산광역시 사하구 다대로1066번길 40 (장림동),2명,2026-09-08 20:58:15
https://www.jobkorea.co.kr/Recruit/GI_Read/5615289/Ext?siteCode=WN&sc=,550102,"- 5등급(48년생,78세) 여자어르신 - 5등급 치매 이수 요양보호사 - 일상적인 업무서비스 희망 - 기본근무시간: 하루3시간 09-12시 - 시급 10,320원 연월차 포함 13,000원 - 오래 근무하실분",재가 요양보호사,재가요양보호사,학력무관,관계없음,"시급 10,320원 ~ 10,320원",고용형태,부산광역시 영도구 상리로 26 (동삼동),1명,2026-09-08 20:58:16
https://www.jobkorea.co.kr/Recruit/GI_Read/5615302/Ext?siteCode=WN&sc=,813207,"자동차 모터 부품 제조회사 ■ 주요업무 - 자동차 부품 관련 프레스 1명(경력 10년이상 우대) - 평일 오전 8:30~17:30 ( 연장근무 시 20:00 ) - 토 : 유동적 특근가능 - 일 : 휴무 ■ 우대사항 - 인근거주자(교통비 지급) ■ 시급 10,320 (경력직 면접시 임금 협의 가능) ■ 문의처 : 051-972-9935",프레스기 및 절단기 조작원,유압프레스조작원,학력무관,경력,"시급 10,320원 이상",고용형태,"부산광역시 강서구 과학산단로 425, 항성산업사 (지사동)",1명,2026-09-08 20:58:16
https://www.jobkorea.co.kr/Recruit/GI_Read/5615223/Ext?siteCode=WN&sc=,550102,"1. 공고기간 : 2026.09.07.(월)∼2026.09.14.(월) 오후 1시/7일간 2. 모집인원 : 요양보호사 1명 3. 자격요건 : 요양보호사 자격증 4. 서류접수기간 : 2026.09.07.(월)∼2026.09.14.(월) 오후 1시/7일간 5. 제출서류 : 응시지원서, 자기소개서, 개인정보활용동의서, 자격증 사본, 특수관계 ​부존재 각서 6. 서류접수방법 : 방문, 우편 접수 7. 면접전형 : 1차 서류면접 통과자에 한하여 면접심사 실시 8. 시급 : 13,500원 <이용자상태> 1. 4등급 / 80대(여) / 주 6회 근무(월-토) / 09:00-12:00 - 근무지 : 부산광역시 동구 초량로 108번길 50 ,경희아파트 11동 - 업무 : 신체지원활동, 가사지원활동, 병원동행 등",재가 요양보호사,재가요양보호사,학력무관,관계없음,"시급 10,320원 이상",고용형태,"부산광역시 동구 초량로108번길 50, 11동 (초량동, 경희아파트)",1명,2026-09-08 20:58:16
https://www.jobkorea.co.kr/Recruit/GI_Read/5614561/Ext?siteCode=WN&sc=,012300,"★부산진여성인력개발센터 채용대행 건입니다★ [더블에이치,범표어묵남포본점_온라인 판매 사이트 운영 및 SNS관리] - 직무내용 : 상품등록, 주문관리, SNS운영, 쇼핑몰 관리 및 업로드 작업 - 지원자격 : 신입지원가능/ 경력자 우대 - 연 봉 : 27,000,000원 - 근무기간 : 12개월 계약직 - 근무일시 : 주5일 근무 - 근무시간 : 09:00-18:00 (30분정도 출근시간 조절 가능) - 지원방법 : 메일 busanjinwh@hanmail.net ★ 메일제목은 더블에이치,범표어묵남포본점_○○○ 으로 기재 ★",마케팅 및 광고‧홍보 관리자(부서장),-,학력무관,관계없음,"연봉 2,700만원 이상",고용형태,"부산광역시 중구 자갈치해안로 73-3, 1층 (남포동4가)",1명,2026-09-08 20:58:16
https://www.jobkorea.co.kr/Recruit/GI_Read/5614389/Ext?siteCode=WN&sc=,550100,"[민락동]요양보호사 -4등급 80대중반 여자어르신 -독거 -주4일 (월,화,수,금) 13:00~16:00 (3시간) -개인위생관리, 가사 및 일상생활지원. 시력저하가 있음. -롯데캐슬자이언트아파트(민락수변공원 인근)",요양보호사,-,학력무관,관계없음,"시급 10,320원 ~ 10,320원",고용형태,"부산광역시 수영구 광안해변로 386, 롯데캐슬자이언트 (민락동, 롯데캐슬자이언트)",1명,2026-09-08 20:58:16
https://www.jobkorea.co.kr/Recruit/GI_Read/5612885/Ext?siteCode=WN&sc=,550102,"덕천도개공아파트 80대 3등급 여자어르신 오후4시~7시 주5일(월,화,목,금,토) 시급:13,300원(수당포함) 신체활동지원및 가사일상생활지원",재가 요양보호사,-,학력무관,관계없음,"시급 13,300원 ~ 13,300원",고용형태,"부산광역시 북구 만덕1로104번길 29, 1층 (덕천동, 기비골마을)",1명,2026-09-08 20:58:16
https://www.jobkorea.co.kr/Recruit/GI_Read/5614692/Ext?siteCode=WN&sc=,028408,"부산신항국제터미널(PNIT)내 게이트 통제실에서 전산 등을 활용한 항만 컨테이너 출입 관련 업무 등 수행 주간2일, 야간2일, 비번2일 순환근무 주간근무 : 09:00 ~ 20:00, 휴게시간 1.5시간 야간근무 : 20:00 ~ 09:00, 휴게시간 2.5시간 운전 가능자, PC 업무(엑셀, 파워포인트) 가능자 항만 온독 업무 또는 ECO 관련 업무 경력자 우대 제시된 임금에 식대 포함",물류 사무원(물류 관리사),물류기획사무원,학력무관,관계없음,"연봉 3,700만원 ~ 3,800만원",고용형태,부산광역시 강서구 신항남로 330 (성북동),1명,2026-09-08 20:58:16
https://www.jobkorea.co.kr/Recruit/GI_Read/5615731/Ext?siteCode=WN&sc=,027102,"업체 장부기장, 원천세, 법인세, 종소세, 회계사무소 전반 업무",회계 사무원(회계·세무 사무소),회계사무원(회계사무소),학력무관,경력,"연봉 3,200만원 ~ 4,000만원",고용형태,부산광역시 부산진구 중앙대로 615 (범천동),2명,2026-09-08 20:58:17
https://www.jobkorea.co.kr/Recruit/GI_Read/5615839/Ext?siteCode=WN&sc=,232904,노인맞춤돌봄서비스 전담업무,그 외 사회복지 종사원,사회복지 보조원,학력무관,관계없음,월급 142만원 ~ 142만원,고용형태,부산광역시 서구 망양로193번길 104 (동대신동1가),1명,2026-09-08 20:58:17
https://www.jobkorea.co.kr/Recruit/GI_Read/5615833/Ext?siteCode=WN&sc=,623004,"컨테이너 및 벌크, 카고 상하차 작업 ※ 면접 시 리치 스태커 및 33톤 F/L 장비 조작 실기 별도 실시함.",지게차 운전원,지게차운전원,학력무관,경력,월급 300만원 ~ 330만원,고용형태,"부산광역시 남구 우암로 225, 관리지원부 8층 (우암동)",1명,2026-09-08 20:58:17
https://www.jobkorea.co.kr/Recruit/GI_Read/5615838/Ext?siteCode=WN&sc=,231101,"* 정규직 생활재활교사 1명 * 계약직 생활재활교사 1명 (육아휴직대체 26.10.1~27.12.29) * 장애영유아 생활 전반을 케어하는 생활재활교사 _ 교대근무(2교대 // 주간주간, 야간야간, 휴무휴무)",사회복지사(사회복지시설),"사회복지사(사회복지시설, 노인복지시설, 장애인복지시설 등)",학력무관,관계없음,월급 223만원 ~ 286만원,고용형태,"부산광역시 남구 황령대로319번가길 142, 삼익그린타운 103동 102호 (대연동, 삼익그린타운)",2명,2026-09-08 20:58:17
https://www.jobkorea.co.kr/Recruit/GI_Read/5615832/Ext?siteCode=WN&sc=,231101,"직무내용 1. 제목: 범천다함께돌봄센터 돌봄교사 채용 공고 2. 필수자격증 - 사회복지사업법에 따른 사회복지사로서 1급 또는 2급 자격증을 발급받은 사람 - 영유아보육법에 따른 보육교사,유치원교사, 초등교육법에 따른 초등학교 교사, 중등학교 교사 자격증을 받은 사람 3. 우대조건: - 아동 돌봄업무 경력 5년 이상 (3년 이상 필수) - 희망이음 프로그램 사용자 우대 - 문서작성(엑셀, 한글), AI 관련 프로그램 활용 필수 4. 직무내용: 행정보조, 아동돌봄업무, 프로그램운영관리, 아동출결관리, 생활, 안전, 귀가지도, 급간식 제공 등 5. 최종학력: 학력무관 6. 접수기간: 2026. 9. 7.(월)~ 9. 20.(일) 7. 모집인원: 1명 8. 고용형태: 전일제(8시간) 9. 임금형태: 월급 (2026년 인건비 가이드라인 호봉제 적용) 10. 제출서류: 이력서 1부, 자기소개서 1부, 경력증명서 1부, 관련 자격증 사본 1부, 최종학교 졸업증명서 1부, 개인정보수집동의서 1부(합격자에 한함) 11. 전형방법: 센터 방문 접수 및 이메일(bumchuntogether@naver.com) 12. 기타사항: 1) 1차 서류 전형: 응시자격 및 경력 등 심사 2) 2차 면접시험 - 1차 서류전형 합격자에 한하여 면접 일정 개별 통보 - 2차 면접 시험 일정: 9월 22일(화) 예정 3) 최종합격자 발표 - 9월 22일(화) 개별 통보 예정 - 2차 면접 및 최종합격자 발표일은 변경될 수 있으며, 변경 시 개별 통보",사회복지사(사회복지시설),"사회복지사(사회복지시설, 노인복지시설, 장애인복지시설 등)",학력무관,경력,월급 236만원 이상,고용형태,"부산광역시 부산진구 신암로 66, 102동 4층 범천다함께돌봄센터 (범천동, 범천엘에이치아파트)",1명,2026-09-08 20:58:17
https://www.jobkorea.co.kr/Recruit/GI_Read/5615809/Ext?siteCode=WN&sc=,231100,"어르신댁 방문-경력, 운전가능자 기초평가서류 작성-요양업무, 행정관리",사회복지사,-,학력무관,경력,월급 240만원 ~ 240만원,고용형태,"부산광역시 부산진구 만리산로 10, 1층 (범천동)",1명,2026-09-08 20:58:17
https://www.jobkorea.co.kr/Recruit/GI_Read/5615881/Ext?siteCode=WN&sc=,821200,"[강동동]CNC선반 가공원 -부품, 벨브 등 절삭가공",금속가공 기계 조작원,-,학력무관,관계없음,월급 280만원 ~ 300만원,고용형태,부산광역시 강서구 낙동북로138번길 78 (강동동),1명,2026-09-08 20:58:18
https://www.jobkorea.co.kr/Recruit/GI_Read/5615885/Ext?siteCode=WN&sc=,531800,"위치: 부산광역시 강서구 낙동북로 100 2,3층 (주)금빛재활주간보호센터 조리원을 구인합니다. 근무 요일: 월요일~토요일 주5일, 주40시간 (오전) 8시 00분 ~ (오후) 17시 00분 (토요일 근무시는 평일 1일 휴무) ,연차사용가능 근무 내용: 어르신 및 직원 식사 제공/ 설거지 등 주방 업무 *자격증은 필요 없음(우대), 보건증 필수",단체급식 조리사,-,학력무관,관계없음,월급 215만원 이상,고용형태,"부산광역시 강서구 낙동북로 100, 2층 (강동동)",1명,2026-09-08 20:58:18
https://www.jobkorea.co.kr/Recruit/GI_Read/5615722/Ext?siteCode=WN&sc=,813101,"자동차 모터 부품 제조회사 ■ 주요업무- 자동차 부품 금형 프레스 관리직 ■ 근무시간- 평일 오전 8:30~17:30 (사무직의 경우 추가 연장근무 20:00) - 토/일 : 휴무 ■ 우대사항- 인근거주자, 금형프레스 10년 이상 우대 ■ 연봉 4,500만원 이상 (협의가능)",프레스 금형 제조원,프레스금형제조원,학력무관,경력,"연봉 4,500만원 이상",고용형태,"부산광역시 강서구 과학산단로 425, 항성산업사 (지사동)",1명,2026-09-08 20:58:18
https://www.jobkorea.co.kr/Recruit/GI_Read/5615872/Ext?siteCode=WN&sc=,231100,"1. 채용인원: 안전전담인력 1명 2. 채용절차 가. 2026. 09. 07. - 모집공고 나. 2026. 09. 22. - 서류접수 마감 다. 2026. 09. 23. - 면접전형 예정(1차 서류전형 합격자에 한함) 라. 2026. 10. 01. - 채용예정일 3. 직무내용 ① 사업 유형별 활동·근무 전 참여자 안전교육 실시 ② 활동처 위해요소 확인(사업현장 모니터링) ③ 사업단 안전관리 총괄 ④ 기관 안전보건관리 체계구축 실시 ⑤ 재정일자리 사업단 위험성 평가 실시 ⑥ 사고발생 시 후속처리·보상관리 (사고발생 경위 작성, 사업재해조사표 작성, 조치 결과보고서 작성 등) ⑦ 2026년 노인일자리 및 사회활동지원사업 사업안전등급제 시범사업 총괄",사회복지사,-,학력무관,신입,월급 216만원 ~ 216만원,고용형태,"부산광역시 사하구 장평로 286-1, 3층 (신평동, 임호빌딩)",1명,2026-09-08 20:58:18
https://www.jobkorea.co.kr/Recruit/GI_Read/5615726/Ext?siteCode=WN&sc=,028500,"[모집직무] 품질관리 사무원(금속가공) [직무소개] 프렌지 및 배관자재를 만드는 회사입니다. 제품 검사 및 성적서 발행 업무를 담당하실 품질관리사무원을 모집합니다. [주요업무] - 제품의 외관 검사 - 품질 검사 기준에 따라 제품 평가 - 성적서 발급 및 보관 - 사무보조 [근무시간] 월~금(주5일근무) 토,일, 공휴일 휴무 8:00~18:10(70분 휴게시간)",생산 및 품질관리 사무원,공정관리기술자,학력무관,관계없음,"연봉 3,600만원 이상",고용형태,부산광역시 강서구 녹산산업북로 57 (송정동),1명,2026-09-08 20:58:18
https://www.jobkorea.co.kr/Recruit/GI_Read/5615747/Ext?siteCode=WN&sc=,890000,"본사는 수산가공선진화내에 위치한 수산물 가공 업체로 문어, 소라, 딱새우회등을 가공 생산하고 있습니다. 수산물 포장 및 단순가공 업무 1톤차량 운전가능자 우대함 지게차 운전 가능자 우대함 * 평일 잔업 및 토요일 특근시 수당지급 * 생일축하금 지급 * bisan1919@naver.com(이력서 이메일접수)",기타 제조 관련 단순 종사원,권선공,학력무관,관계없음,"연봉 3,000만원 ~ 3,000만원",고용형태,"부산광역시 서구 원양로 1 (암남동, 수산가공선진화단지)",1명,2026-09-08 20:58:18
https://www.jobkorea.co.kr/Recruit/GI_Read/5616117/Ext?siteCode=WN&sc=,561101,"[낙민동] 동래우성아파트 미화원 모집 - 근무형태: 주 5일 - 근무시간: 월~목요일 09:00 ~ 16:00 , 금요일 09:00 ~ 16:30 - 월급: 1,641,250원 - 채용인원 1명 -지원문의: 051-550-4938(동래구청 일자리센터)","건물 청소원(공공건물,아파트,사무실,병원,상가,공장 등)",-,학력무관,관계없음,월급 164만원 이상,고용형태,"부산광역시 동래구 안남로 9, 동래우성아파트 (낙민동, 동래우성아파트)",1명,2026-09-08 20:58:18
https://www.jobkorea.co.kr/Recruit/GI_Read/5615841/Ext?siteCode=WN&sc=,028405,- 매장 발주 취합 및 통합관리 - 매장별 주문량 확인 및 출고 일정관리 - 수산물 및 냉동상품 입.출고 관리 - 상품 재고 및 부족상품 확인 - 거래처 및 매장 담당자와 발주 관련 업무 소통 - 매장별 발주. 출고 내역 전산 관리 - 기타 수산물 유통 관련 관리업무,자재·구매 사무원(음식료품),음식료품구매사무원,학력무관,경력,월급 240만원 이상,고용형태,"부산광역시 사하구 장평로76번길 22, 2층 (장림동)",1명,2026-09-08 20:58:19
https://www.jobkorea.co.kr/Recruit/GI_Read/5615873/Ext?siteCode=WN&sc=,550101,"- 어르신 일상생활 보조(식사보조, 목욕보조, 대소변수발 등) - 요양보호사 1급 자격증 소지자 - 정규직 채용이며 시용기간 3개월 있습니다. - 3교대 근무 실시",요양보호사(노인요양사),요양보호사,학력무관,관계없음,월급 255만원 이상,고용형태,"부산광역시 금정구 금샘로 66, 신망애노인요양원",2명,2026-09-08 20:58:19
https://www.jobkorea.co.kr/Recruit/GI_Read/5615845/Ext?siteCode=WN&sc=,824200,"[모집직무] 용접, 제관 작업, 현장 점검, 도면 검토, 제작 관리, CAD 가능자 우대 [직무소개] 우리 회사는 고품질 제품을 생산하기 위한 전문적인 제작 서비스를 제공합니다. 본 직무는 거래처 현장 도면을 점검하고, 용접 및 제관 작업을 수행하여 제품의 완성도를 향상시키는 역할입니다. [주요업무] - 거래처 현장 도면 검토 및 분석 - 용접 및 제관 작업 수행 - 티그, 아크 용접 가능자 - 캐드(오토캐드) 가능자(간단한 도면수정 등)",용접기 조작원,용접로봇조작원,학력무관,관계없음,월급 250만원 ~ 300만원,고용형태,"부산광역시 사하구 하신중앙로17번길 31-7, 장림동 공장 (장림동)",1명,2026-09-08 20:58:19
https://www.jobkorea.co.kr/Recruit/GI_Read/5615874/Ext?siteCode=WN&sc=,621200,"저희 (주)요트홀릭은 요트 투어 전문 회사로서 현재 10년째 성장중인 한국관광공사 인증 벤처기업입니다. 직무 요트 운항 및 고객 서비스 근무 격주근무 (주5일,주6일) 월차 및 연차 자유롭게 사용가능 경력이 없으시더라도 교육과정 지원 포함이므로 신입 또한 지원 가능합니다. ★ 항해사님들 하선후 재승선전 실업급여 및 국민취업지원제도 참여자 중 구직활동 목적으로만 지원하지마세요 !! 반드시 채용의사 있으신 분만 지원 부탁드립니다 !!",선장 및 항해사‧도선사,항해사,학력무관,관계없음,월급 290만원 이상,고용형태,"부산광역시 수영구 광남로48번길 27, 2층 요트홀릭 (남천동)",1명,2026-09-08 20:58:19
https://www.jobkorea.co.kr/Recruit/GI_Read/5615878/Ext?siteCode=WN&sc=,028500,"-주업무- 품질검사 검사관련게이지,치수성적서 작성 검사대응 -보조업무- 생산관리보조(입출고) 운전면허 필수 금속관련동종업계 경험자 우대 CAD 가능 급여는 신입기준이며 경력직(동종업계) 별도협의 .",생산 및 품질관리 사무원,품질계획사무원,학력무관,경력,월급 350만원 이상,고용형태,"부산광역시 강서구 화전산단2로133번길 33, (주)디에스엠 (화전동)",1명,2026-09-08 20:58:19
https://www.jobkorea.co.kr/Recruit/GI_Read/5615882/Ext?siteCode=WN&sc=,026202,"-주업무- 견적,수주,생산,납품까지의 전반전인 과정관리,신규고객 발굴 고객응대 -보조업무- 생산관리의 전반적인업무 협조 운전면허 필수 금속관련동종업계 경험자 우대 CAD 가능(도면및 제작사양확인외) 급여는 신입기준이며 경력직(동종업계) 별도협의",영업 기획·관리·지원 사무원,-,학력무관,신입,월급 350만원 이상,고용형태,"부산광역시 강서구 화전산단2로133번길 33, (주)디에스엠 (화전동)",1명,2026-09-08 20:58:19
https://www.jobkorea.co.kr/Recruit/GI_Read/5615871/Ext?siteCode=WN&sc=,028407,"학생복, 체육복 제품 및 원단 창고 재고조사, 박스 당 25Kg~30Kg 정도 무게임. 판매제품 찾기 완제품 포장",창고 관리원(자재 검수원 포함),-,학력무관,관계없음,월급 215만원 이상,고용형태,"부산광역시 부산진구 신암로83번길 30, 키디폴 (범천동)",1명,2026-09-08 20:58:19
https://www.jobkorea.co.kr/Recruit/GI_Read/5615876/Ext?siteCode=WN&sc=,231100,"요양보호사 관리 및 업무지원 센터운영 사무보조 센터관리 요양대상자 방문상담 신규 대상자 상담 등 *운전가능자 지원방법 : 고용24 입사지원, 연락 후 방문가능(051-545-2888) [사회복지조직운영 > 사회복지조직 사무관리] 규정 관리하기, 보안 관리하기, 서식개발하기,위원회 관리하기 [사회복지조직운영 > 사회복지조직 환경(시설)관리] 자산관리하기, 안전관리하기, 시설·장비관리하기 [사회복지조직운영 > 사회복지조직 홍보] 조직이미지 관리하기, 홍보기획·운영하기, 대외행사 기획·관리하기 [공공복지 > 자원발굴 민관협력] 지역사회자원 개발하기, 자원유지·관리하기,민관협의체 구성하기 [공공복지 > 대상자 발굴조사] 가정방문하기, 전화상담하기, 인적자원망 활용하기, 발굴조사 내용 기록하기",사회복지사,-,학력무관,신입,월급 220만원 ~ 230만원,고용형태,부산광역시 해운대구 아랫반송로21번길 154 (반송동),1명,2026-09-08 20:58:20
https://www.jobkorea.co.kr/Recruit/GI_Read/5615883/Ext?siteCode=WN&sc=,158101,"[모집직무] 소방시설 전기 및 설비 시공 기술자 (소방기술인증자격 이상) [직무소개] 우리 회사는 소방시설 점검, 소방시설 관리, 공사 등 안전을 책임지는 전문 업체입니다. 점검, 관리, 공사 등 다양한 분야에서 안전한 환경을 조성하는 데 기여하는 직원을 모집합니다. [주요업무] - 소방시설 공사 지원 - 관련 법규 및 안전 기준 준수",소방설계 기술자,소방설계전문가,학력무관,관계없음,월급 220만원 ~ 350만원,고용형태,"부산광역시 수영구 연수로324번길 29-1 (망미동, 1)",1명,2026-09-08 20:58:20
https://www.jobkorea.co.kr/Recruit/GI_Read/5615877/Ext?siteCode=WN&sc=,232100,"[모집직무] 기타 교사보조 및 아동돌봄 종사원, 보육 관련 시설 돌봄 종사원, 기타 판매 관련 단순 종사원 [직무소개] 우리 어린이집은 행복하고 안전한 놀이와 학습 환경을 제공합니다. 육아휴직으로 자리를 떠난 보조교사를 대체해 어린이들의 즐거운 성장을 함께 이끌어갈 보조교사를 찾습니다. [주요업무] - 어린이들의 안전과 건강 관리 - 놀이 활동 및 교육 프로그램 지원 - 식사 및 생활 관리 - 아이들과의 교감 및 관계 형성",보육교사,어린이집교사,학력무관,관계없음,월급 113만원 ~ 115만원,고용형태,"부산광역시 북구 상리로 86, 관리동 (만덕동, 백양산베스티움에코포레)",1명,2026-09-08 20:58:20
https://www.jobkorea.co.kr/Recruit/GI_Read/5615728/Ext?siteCode=WN&sc=,026300,현장 관리 업무 노무관리 업무 근로자 근태 관리 업무,인사 및 노무 사무원,-,고졸,신입,"연봉 3,300만원 ~ 3,600만원",고용형태,"부산광역시 금정구 명서로 76, 108동 2층 201호 (서동, 서동 삼한아파트)",1명,2026-09-08 20:58:20
https://www.jobkorea.co.kr/Recruit/GI_Read/5615749/Ext?siteCode=WN&sc=,028302,"정일글로벌(주) 화물 관리감독을 모집합니다. 부두에서 이루어지는 하역작업을 관리 감독합니다. (부두 입출고 화물 수량 파악, 검수, 노조 관리 감독 등) 현장업무 컴퓨터사용 가능자",수상 운송 사무원(해상 운송),부두사무원,학력무관,관계없음,"연봉 3,000만원 ~ 3,000만원",고용형태,"부산광역시 서구 원양로 243, 2층 (암남동)",1명,2026-09-08 20:58:20
https://www.jobkorea.co.kr/Recruit/GI_Read/5615723/Ext?siteCode=WN&sc=,824100,"건설기계(굴삭기, 지게차 부품) 용접원 경력자 모집합니다. CO2, 솔리드 용접 가능하신분 연락주세요. (경력 1년이상) 대중교통이 어려워 자차로 출근 가능하신분 우대합니다.",용접원,-,학력무관,경력,"연봉 4,000만원 ~ 4,000만원",고용형태,"부산광역시 강서구 미음산단로 345, 미음산단로 345 (미음동)",1명,2026-09-08 20:58:20
https://www.jobkorea.co.kr/Recruit/GI_Read/5615746/Ext?siteCode=WN&sc=,027205,"1. 급여 등 4대 보험 신고 및 원천세 신고 업무 2. 세무대리업체의 기장대리 업무 3. 부가기치세, 종합소득세, 법인세 결산 및 세무조정 등 신고업무 4. 상기와 같은 세무회계사무소의 수행 업무",경리 사무원(회계·세무 사무소),-,고졸~대졸(4년),경력,"연봉 3,000만원 이상",고용형태,"부산광역시 연제구 거제천로269번길 28, 1층 (거제동)",1명,2026-09-08 20:58:21
https://www.jobkorea.co.kr/Recruit/GI_Read/5615725/Ext?siteCode=WN&sc=,890000,- 물품포장 - 지게차 3T이하 운행,기타 제조 관련 단순 종사원,-,학력무관,관계없음,"연봉 2,600만원 ~ 3,000만원",고용형태,부산광역시 강서구 미음산단로 313 (미음동),1명,2026-09-08 20:58:21
https://www.jobkorea.co.kr/Recruit/GI_Read/5615884/Ext?siteCode=WN&sc=,542001,"★ 수영구 망미동 소재 오피스텔 경비원 모집합니다 ★ 1. 근무지: 부산시 수영구 좌수영로 210번길 24, 힐스테이트 센텀 더 퍼스트 오피스텔 (망미동) 2. 근무 시간: 24시간 격일제 08:00~익일 08:00 휴게 시간: 12:00~14:00 / 18:00~20:00 / 00:00~05:00 3. 급여: 2,610,320원 (세전 금액, 각종 수당 포함) 4. 근무 내용: 오피스텔 내 전반적인 경비 업무 5. 지원방법: 고용24 및 유선 접수 051-831-9212 채용 후 즉시 근무 가능자, 장기 근무 가능자, 동종 업계 경력자 우대 실업 급여 수급 목적을 위한 지원은 지양 부탁드립니다",아파트·빌라 경비원,아파트경비원,학력무관,관계없음,월급 261만원 ~ 261만원,고용형태,"부산광역시 수영구 좌수영로210번길 24, 힐스테이트 센텀 더 퍼스트 오피스텔 (망미동)",1명,2026-09-08 20:58:21
https://www.jobkorea.co.kr/Recruit/GI_Read/5615724/Ext?siteCode=WN&sc=,813213,레디알 및 밀링 작업자 금형 제작 작업자,기타 금속공작기계 조작원 및 보조원,-,학력무관,경력,"연봉 3,500만원 ~ 5,000만원",고용형태,부산광역시 강서구 화전산단5로98번길 34 (화전동),1명,2026-09-08 20:58:21
https://www.jobkorea.co.kr/Recruit/GI_Read/5616355/Ext?siteCode=WN&sc=,624502,"1톤,2.5톤 차량을 이용한 방화문틀 혹은 방화문,방음문 상하차 및 배송",물건·이삿짐 운반원,물건운반원,학력무관,경력,월급 250만원 이상,고용형태,"부산광역시 강서구 제도로 42-14, (주)대성하이텍 (명지동)",1명,2026-09-08 20:58:21
https://www.jobkorea.co.kr/Recruit/GI_Read/5616366/Ext?siteCode=WN&sc=,306200,"X-RAY, C-ARM, BMD 등",방사선사,방사선사,학력무관,경력,월급 290만원 이상,고용형태,"부산광역시 동래구 충렬대로 152, 2층 동래센트럴정형외과의원 (온천동)",1명,2026-09-08 20:58:21
https://www.jobkorea.co.kr/Recruit/GI_Read/5616365/Ext?siteCode=WN&sc=,231100,"재가센터 사회복지사 신규채용 * 주요업무: 라운딩 방문, 수급자 관리 등 일반업무 * 근무시간: 09:00~18:00 / 주5일 * 사회복지사, 운전면허증 필수 * 급여: 월 2,360,000원 이상 ~~ * 근무지 : 해운대구 해운대로 383번길 25 2층 ● 채용 시 조기마감",사회복지사,-,학력무관,경력,월급 236만원 이상,고용형태,"부산광역시 해운대구 해운대로383번길 25, 부산 해운대구 해운대로383번길 25",1명,2026-09-08 20:58:21
https://www.jobkorea.co.kr/Recruit/GI_Read/5616297/Ext?siteCode=WN&sc=,550102,"[ 수영구 광안동(망미역 인근) ] 재가요양보호사 모집 - 근무지: 부산 수영구 망미번영로38번길 30 (광안동, 수영)/ 망미역에서 2분 거리 - 대상자: 4등급 여자 어르신/ 80대후반/ 독거 - 근무시간: 주5일(월~금) 09:00~12:00 - 케어내용: 가사 및 신체 돌봄, 병원동행 등 - 시급: 10,320원 (수당 등 포함 13,000원) *실제 서비스 제공기간에 따라 임금을 계산하여 지급하는 형태로 채용 시 근로자마다 주 소정근로시간이나 임금, 근무(예정)지 등에 차이가 있을 수 있음",재가 요양보호사,-,학력무관,관계없음,"시급 10,320원 ~ 10,320원",고용형태,"부산광역시 수영구 망미번영로38번길 30 (광안동, 수영)",1명,2026-09-08 20:58:22
https://www.jobkorea.co.kr/Recruit/GI_Read/5615748/Ext?siteCode=WN&sc=,151106,"당사는 해양 구조물과 해상풍력 발전을 위한 지반조사·해양토목 공사를 전문적으로 수행하는 기업입니다. 현장에서 함께 성장하고, 책임감 있게 프로젝트를 이끌어 갈 해양토목기술자를 기다리고 있습니다. *모집 분야 -해양토목기술자 – 지반(지질) 조사 및 해양 토목 공사 관련 업무 *자격 요건 • 토목공학, 지반공학, 해양공학 등 관련 전공자 • 해양토목/지반 분야 실무 경험자 우대 • 책임감 있고 협업을 잘하시는 분 *우대 사항 • 해양 지반조사 경험 • 해상풍력 프로젝트 경험 • 기사/기술사 자격증 보유자 • 영어 또는 중국어 가능자 *급여 면접 후 협의",조선·해양공학 기술자 및 연구원,-,학력무관,관계없음,"연봉 4,000만원 ~ 4,000만원",고용형태,"부산광역시 중구 중앙대로 131, 센트럴O/T 1503호 (대창동1가, 센트렐오피스텔)",1명,2026-09-08 20:58:22
https://www.jobkorea.co.kr/Recruit/GI_Read/5616342/Ext?siteCode=WN&sc=,890000,"1. 채용절차 *1차 서류전형 합격 *2차 면접전형 합격 2. 제출서류 : 이력서, 자기소개서 (전화 접수) 3. 하는업무 : 단순 기계 조립, 포장 업무 4. 우대사항 : 제조업 생산경험자 우대 5. 채용형태 근무시간 : 08:00 ~ 17:30 , 주5일 *3개월 후 정규직 전환 검토 6. 휴게시간 10:30~10:40 휴게시간 11:50~12:00 휴게시간 15:30~15:40 휴게시간 7. 담당자 연락처 : (051)303-0460 8. 복리후생: 음료 및 간식 제공, 연차 제공",기타 제조 관련 단순 종사원,-,고졸,관계없음,월급 215만원 이상,고용형태,부산광역시 사상구 낙동대로1530번길 39 (삼락동),2명,2026-09-08 20:58:22
https://www.jobkorea.co.kr/Recruit/GI_Read/5613231/Ext?siteCode=WN&sc=,890000,"(주)정암안전유리 업종 : 유리 제조업 모집직종 : 생산직 1명 직무내용 : 원판유리 재단 및 재단된 판유리를 면취 기계로 가공하는 생산직 자격조건 : 경력 무관, CNC에 관심 있으신 분 근무지 : 부산 강서구 녹산산단 407로 48 근무시간 : 주 5일 근무 (08:30~17:30) 급여조건 : 시급 10,320원 이상 (경력에 따라 협의하여 지급) 제출서류 : 이력서(워크넷 입사 지원)",기타 제조 관련 단순 종사원,권선공,학력무관,관계없음,"시급 10,320원 ~ 10,320원",고용형태,부산광역시 강서구 녹산산단407로 48 (송정동),1명,2026-09-08 20:58:22
https://www.jobkorea.co.kr/Recruit/GI_Read/5613053/Ext?siteCode=WN&sc=,532301,"◈ 동래베네스트 골프클럽(남산 지하철역) 직원식당 조리원 모집 ◈ ▶직무내용 : 동래베네스트내 직원식당 조리 업무 (자격증 없어도 지원가능) ▶정규근무 : 11:00~15:30(4H) / 주4일근무 (일,월,수 휴무) 비수기시 주 3회근무 / 우천시 당일 무급휴무 가능자 ▶급여조건 : 기본시급 10,800원 ▶근무장소 : 부산 금정구 하정로 66 동래베네스트 골프클럽 직원식당 ▶기타사항 : 입사일 협의가능 ※ 지원문의: 경총 중장년내일센터 직업상담사 ☎ 052-277-9493",주방 보조원(일반 음식점),주방보조원,학력무관,관계없음,"시급 10,800원 이상",고용형태,"부산광역시 금정구 하정로 66, 동래베네스트 골프클럽 직원식당 (선동)",1명,2026-09-08 20:58:22
https://www.jobkorea.co.kr/Recruit/GI_Read/5613651/Ext?siteCode=WN&sc=,231101,"* 모집분야: 사회복지사(육아휴직 대체인력) * 모집인원: 1명 * 채용예정일: 2026년 11월 2일(월) * 계약기간: 2026년 11월 2일(월) ~ 2026년 12월 3일(목) * 근무시간: 주 5일 / 월~금 8:30 ~ 17:30 (8시간) * 급여: 2026년 부산시 사회복지법인·시설 업무가이드 인건비 기준 * 주요업무: 노인복지서비스 업무보조, 복지관 회원 응대 업무 등 (복지관 상황에 의해 업무분장이 변경될 수 있습니다.) * 근무지: 부산광역시노인종합복지관(부산시 연제구 거제천로230번길 18)",사회복지사(사회복지시설),-,학력무관,경력,월급 228만원 ~ 228만원,고용형태,"부산광역시 연제구 거제천로230번길 18, 부산광역시노인종합복지관 (연산동)",1명,2026-09-08 20:58:22
https://www.jobkorea.co.kr/Recruit/GI_Read/5613652/Ext?siteCode=WN&sc=,231101,[채용분야 및 근무조건] * 모집분야: 정규직 사회복지사 * 모집인원: 1명 * 채용예정일: 2026년 10월 1일(목) * 계약기간: 2026년 10월 1일(목) ~ 2026년 12월 31일(목) (수습기간 3개월 이후 정규직 전환) * 근무시간: 주 5일 / 월~금 8:30 ~ 17:30 (8시간) * 급여: 2026년 부산시 사회복지법인·시설 업무가이드 인건비 기준 * 주요업무: 취미여가지원사업 등 (복지관 상황에 의해 업무분장이 변경될 수 있습니다.) * 근무지: 부산광역시노인종합복지관(부산시 연제구 거제천로230번길 18),사회복지사(사회복지시설),"사회복지사(사회복지시설, 노인복지시설, 장애인복지시설 등)",학력무관,경력,월급 228만원 ~ 228만원,고용형태,"부산광역시 연제구 거제천로230번길 18, 부산광역시노인종합복지관 (연산동)",1명,2026-09-08 20:58:22
https://www.jobkorea.co.kr/Recruit/GI_Read/5615870/Ext?siteCode=WN&sc=,561100,* 장애영유아거주시설 위생원 업무 : 세탁물 관리 및 시설 위생관리,건물 청소원,-,학력무관,관계없음,월급 215만원 ~ 268만원,고용형태,"부산광역시 남구 황령대로319번가길 142, 103동 102호 (대연동, 삼익그린타운)",1명,2026-09-08 20:58:22
https://www.jobkorea.co.kr/Recruit/GI_Read/5613232/Ext?siteCode=WN&sc=,813209,"- 철판 벤딩기 절곡 기사 모집 - 장비 현황 : 1.5M 50TON 1대 3M 125TON 1대 3M 300TON 1대 - 경력자 우대 단, 초보자 면접시 임금 별도협의 필요",금속절곡기 조작원(밴딩기 조작원),-,학력무관,관계없음,"시급 12,000원 ~ 14,000원",고용형태,"부산광역시 강서구 미음산단로 98, 2동 (구랑동)",1명,2026-09-08 20:58:23
https://www.jobkorea.co.kr/Recruit/GI_Read/5613636/Ext?siteCode=WN&sc=,834004,"빌딩 임대 및 관리비부과 가능한 관리과장 근무형태 : 주5일-8시간 근무, 토요일-2시간근무(조정 가능) 시설물관리, 미납관리비징수 및 공실임대 업무 근무시간 - 08시30분~18시30분 휴게시간 - 10시00분~10시30분, 15시00~15시30분, 식사휴게 1시간 연차수당 불포함 급여 : 2,800,000원~2,900,000원 정도 방문접수 및 전화상담 안받습니다.",기타 전기·전자 설비 조작원,전기기계관리원,학력무관,경력,월급 280만원 이상,고용형태,"부산광역시 부산진구 서면로 25, 관리사무소 (부전동)",1명,2026-09-08 20:58:23
https://www.jobkorea.co.kr/Recruit/GI_Read/5615730/Ext?siteCode=WN&sc=,155500,"원단 수입검사( Melt Blown, Membrane) 필터 분석 국책과제 진행",환경공학 기술자 및 연구원,-,학력무관,신입,"연봉 2,600만원 ~ 5,000만원",고용형태,"부산광역시 기장군 정관읍 산단3로 101-16, 2층",1명,2026-09-08 20:58:23
https://www.jobkorea.co.kr/Recruit/GI_Read/5612846/Ext?siteCode=WN&sc=,550102,"[동상동] 재가요양보호사 - 4등급 (85세) 여자어르신 케어업무, 독거, - 일상생활및 가사지원.병원동행 - 주3일 3시간(주18시간) /오전오후 자유롭게 조정 가능(오전 우선 희망) - 시급: 13,100원( (시급 10,320원 + 주휴수당, 연차수당 별도 지급 포함)",재가 요양보호사,재가요양보호사,학력무관,관계없음,"시급 10,320원 ~ 10,320원",고용형태,"부산광역시 영도구 상리로 1, 305동 (동삼동, 주공아파트, 동삼그린힐아파트)",1명,2026-09-08 20:58:23
https://www.jobkorea.co.kr/Recruit/GI_Read/5613653/Ext?siteCode=WN&sc=,014300,1) 경비용역 청소용역 관리직원 모집 직원관리 사무업무 총괄관리 포함 경력직우대 2) 식대포함 자차필수 3) 경비지도사 우대,환경·청소 및 경비 관련 관리자,-,학력무관,경력,월급 340만원 ~ 340만원,고용형태,"부산광역시 기장군 기장읍 차성로418번길 14, 2층",1명,2026-09-08 20:58:23
https://www.jobkorea.co.kr/Recruit/GI_Read/5613655/Ext?siteCode=WN&sc=,231100,"사단법인 부산해운대구장애인협회 장애인활동지원기관에서 함께 할 사회복지사 전담인력을 아래와 같이 공개 모집합니다. ​1. 채용분야 및 선발인원 - 장애인 활동지원사업 사회복지사 전담인력 2명(계약직) - 정규직 전환 가능 2. 필수사항 - 2026년 장애인활동지원사업 안내 지침에 근거하여 다음의 어느 하나에 해당하는 자 가. [사회복지사업법]에 따른 사회복지사 나. 장애인 관련 학문 또는 상담학을 전공한 자 다. 활동지원기관 또는 활동지원급여와 비슷한 서비스를 제공하는 기관에서 2년이상 근무한 경력이 있는 자 라. 장애인복지 또는 사회복지분야에서 3년 이상 근무한 경력이 있는 자 3. 지원자격 가. 경력 : 무관 (신입도 지원 가능) 나. 다음의 결격사유에 해당하지 않는 자. ( ※ 결격사유 해당시 합격 및 고용 취소 ) ① [장애인활동 지원에 관한 법률]에 따른 범죄경력 결격사유에 해당되지 않는 자. ② [사회복지사업법]에 따라 사회복지시설 종사자 결격사유에 해당되지 않는 자. (법 제35조의 2제2항) 4. 우대사항 가. 관련 업무 경험자 나. 컴퓨터활용능력 및 전산회계와 전산세무 자격증 소지한 자 다. 자동차 운전면허 소지자로 운전 가능한 자 또는 자차소유 5. 근무사항 가. 근무시간 : 월~금 (주5일) 09:00~18:00 나. 근무내용 ① 사업관련 이용자 및 제공인력 관리 및 매칭, 관련 문서 관리 및 행정업무 처리(간단한 회계업무, 4대보험) ② 전자바우처 프로그램 관리 및 기타 필요업무 등 다. 급 여 : 2,156,880원(수습기간 있음) 6. 제출서류 가. 이력서(자사양식), 자기소개서(자유양식), 개인정보 수집·이용 동의서 나. 자격증 사본 1부 7. 채용일정 가. 공고 및 접수기간 : ~ 2026.09.23.(수) 18:00 까지 (도착분에 한함) 나. 접수방법 : 이메일 접수 (고용24, 팩스, 우편, 방문접수 불가) 다. 접 수 처 : 1146@hot9.kr 라. 합격자발표 : 개별연락 마. 문의 : 여동주 국장 (☎ 051-542-7900) 8. 제출서류 : 이력서(자사양식) / 자기소개서(자유양식) / 개인정보수집·이용 동의서 9. 이메일 접수자 서류제출방법 가. 첨부 양식(이력서 및 자기소개서, 개인정보수집·이용 동의서)을 다운 후 한글(hwp) 파일 한 개의 파일로 작성하고 파일명은 반드시 지원자 이름으로 표기하여 제출 바랍니다. (ex. 홍길동 활동지원기관 전담인력 입사지원서.hwp) 나. 첨부파일을 다운받아서 작성하여 제출 바랍니다.",사회복지사,-,학력무관,관계없음,월급 215만원 이상,고용형태,"부산광역시 해운대구 해운대로 575, 13층, 1305호(우동, 국제빌딩)",2명,2026-09-08 20:58:23
https://www.jobkorea.co.kr/Recruit/GI_Read/5613069/Ext?siteCode=WN&sc=,550102,"[신평1동 신평침례교회 인근 주택] * 5등급 / 80대 남자 어르신 / 독거 * 주6일 근무 08:30~11:30 * 일상생활지원 * 시급13,000원 (주휴수당+연차수당 포함/기본시급 10,320원)",재가 요양보호사,-,학력무관,관계없음,"시급 10,320원 이상",고용형태,"부산광역시 사하구 다대로116번길 32, 인근 주택 (신평동)",1명,2026-09-08 20:58:24
https://www.jobkorea.co.kr/Recruit/GI_Read/5613707/Ext?siteCode=WN&sc=,561300,▶업무내용 : 사무실 청소원모집(해운대아이파크 아파트내) ▶업무시간 : 07시30분~09시(1.5시간) ▶근무형태 : 주 5일 / 국공휴일 휴무 ▶월 급 여 : 월 50만원 ▶우대사항: 인근 거주자,거리 및 공공장소 청소원(환경 미화원),환경미화원,학력무관,관계없음,월급 50만원 ~ 50만원,고용형태,"부산광역시 해운대구 마린시티2로 38, 4층 (우동, 해운대아이파크)",1명,2026-09-08 20:58:24
https://www.jobkorea.co.kr/Recruit/GI_Read/5612874/Ext?siteCode=WN&sc=,550102,"[ 수영구, 광안동 ] 재가요양보호사 모집 ✔근무지 : 수영구 광일로 63번길, 광원아파트(남부소방서 근처) ✔대상자 : 4등급 86세 여자어르신(배우자있음) ✔근무시간 : 09:00~12:00 (주5일) ✔케어내용 : 일상가사 지원(가벼운 반찬 만들기, 산책, 인지자극, 청소 등) ✔시급 : 13,200원(제수당 포함) ※ 다만, 실제 서비스 제공기간에 따라 임금을 계산하여 지급하는 형태로 채용 시 근로자마다 주 소정근로시간이나 임금, 근무(예정)지 등에 차이가 있을 수 있습니다.",재가 요양보호사,-,학력무관,관계없음,"시급 10,320원 ~ 10,320원",고용형태,"부산광역시 수영구 광일로 63 (광안동, 광원아파트)",1명,2026-09-08 20:58:24
https://www.jobkorea.co.kr/Recruit/GI_Read/5613648/Ext?siteCode=WN&sc=,561101,"[해운대 우동] 아파트 미화원 모집 *근무지: 해운대자이1차아파트 (해운대구 해운대로 435) *근무시간: [주6일] 평일(9:00~16:00) 휴게1시간/토요일(9:00~12:00) *급여: 월1,807,660원 *2개월 계약 후 3개월 단위로 재계약 *필요서류: 이력서 *지원방법: 이력서 팩스(051-891-2786) *** 이력서 상단에 [해운대 자이1차 지원] 적어주세요 **** *** 채용 결정후 즉시 근무가능자 우대","건물 청소원(공공건물,아파트,사무실,병원,상가,공장 등)",APT청소원,학력무관,경력,월급 180만원 ~ 180만원,고용형태,"부산광역시 해운대구 해운대로 435, 해운대자이1차아파트 (우동, 해운대자이1차)",1명,2026-09-08 20:58:24
https://www.jobkorea.co.kr/Recruit/GI_Read/5613594/Ext?siteCode=WN&sc=,890006,"외포장, 출고작업, 상하차및 정리",식품 분야 단순 종사원,식품분야 단순노무자,학력무관,경력,월급 280만원 ~ 280만원,고용형태,"부산광역시 사하구 다대로1066번길 41-1, 세윤식품 (장림동)",1명,2026-09-08 20:58:24
https://www.jobkorea.co.kr/Recruit/GI_Read/5613203/Ext?siteCode=WN&sc=,550102,"[용호동]요양보호사 - 3등급 73년생 여자대상자, 가족함께거주 - 초기치매, 헬스장 이용도움 등 일상생활지원 - 주 5일, 9시~12시 (3시간) - 시급 10,320원 및 제수당 별도 - 남구 용호동 엘지메트로시티",재가 요양보호사,-,학력무관,관계없음,"시급 10,320원 이상",고용형태,"부산광역시 남구 분포로 111, . (용호동, 엘지메트로시티)",1명,2026-09-08 20:58:24
https://www.jobkorea.co.kr/Recruit/GI_Read/5613516/Ext?siteCode=WN&sc=,028508,"1. CNC 가공업종 품질 업무 경력자 우대 2. 공정순회검사 3. 현장 표준류 관리,성적서 발행 4. 고객대응업무 지원",품질관리 사무원(기계·자동차·금속),기계·자동차·금속관련품질관리사무원,학력무관,경력,"연봉 5,000만원 이상",고용형태,"부산광역시 기장군 정관읍 산단4로 58, 한신정공",1명,2026-09-08 20:58:25
https://www.jobkorea.co.kr/Recruit/GI_Read/5613640/Ext?siteCode=WN&sc=,027200,경리 업무 더보기 접기,경리 사무원,매입매출경리,학력무관,경력,월급 230만원 ~ 300만원,고용형태,부산광역시 영도구 해양로 69 (청학동),1명,2026-09-08 20:58:25
https://www.jobkorea.co.kr/Recruit/GI_Read/5615101/Ext?siteCode=WN&sc=,890006,"ㅁ업 체 명 : 주식회사 나래푸드원 ㅁ모집직종 : 식품 가공 및 소스 ㅁ근무장소 : 기장군 기장읍 차성로 365번길 32 나래푸드원 ㅁ모집인원 및 근무시간 월~금 9:00시~18:00 *육류 가공품 생산, 소분 5명, 소스 포장 1명 *단순 가공 및 생산이라 초보자 가능합니다.* ㅁ급여사항 : 시급 10,320원(월급 2,156,880원) ㅁ복리후생 : 4대보험, 퇴직금, 중식제공, 작업복 지급 ㅁ우대사항 : 초보가능, 경력무관 ㅁ접수방법 : 고용24 또는 이메일 ( hw702-9196@naver.com ), 팩스(051-702-9188 ) - 이력서 제출 ㅁ문의전화 : 051-702-9196(해운대새일센터) 051-722-9567(나래푸드원) ㅁ3개월 시용기간 적용 후 상용직 전환, 시용기간 중 최저임금 100% 지급 *지원 전 고용24 구직신청서 상 여성새로일하기센터 정보제공 동의 후 지원바랍니다.",식품 분야 단순 종사원,-,학력무관,관계없음,월급 215만원 ~ 215만원,고용형태,"부산광역시 기장군 기장읍 차성로365번길 32, 나래푸드원",6명,2026-09-08 20:58:25
https://www.jobkorea.co.kr/Recruit/GI_Read/5615562/Ext?siteCode=WN&sc=,550102,"*3등급 여자어르신(32년생) 돌봄 *주5일 8시~11시(3시간) *일상생활도움, 이동 도움(지켜봐드리기) *부산광역시 기장군 정관읍 매곡길 5 (주택) *문의: 051-727-8509 *시급 13,000원(시급 10,320원 + 주휴수당, 연차수당 별도 지급 포함) *실제 서비스 제공 기간에 따라 임금을 계산하여 지급하는 형태로, 채용 시 근로자 마다 주 소정 근로시간이나 임금, 근무(예정)지 등에 차이가 있을 수 있음",재가 요양보호사,재가요양보호사,학력무관,관계없음,"시급 10,320원 이상",고용형태,부산광역시 기장군 정관읍 매곡길 5,1명,2026-09-08 20:58:25
https://www.jobkorea.co.kr/Recruit/GI_Read/5615169/Ext?siteCode=WN&sc=,541300,"<특별 대근 요원 모집> - 특수경비업무 - 특수경비신임교육 수료자 지원 가능 - 임금 : 주간 140,000원 야간 177,000원",시설 및 특수 경비원,"경비지도사(시설, 장비, 기계)",학력무관,관계없음,"일급 140,000원 ~ 177,000원",고용형태,"부산광역시 기장군 반송로 1180, 안평차량기지",1명,2026-09-08 20:58:25
https://www.jobkorea.co.kr/Recruit/GI_Read/5615100/Ext?siteCode=WN&sc=,561101,"<안락동 경동리인 아파트 미화원 모집> - 근무지: 동래구 충렬대로446번길 67 - 근무시간: 9시~16시(평일) / 9시~12시(토요일) - 급여: 월급 1,748,940원 - 제출서류: 이력서 - 접수방법: 이메일(hw702-9196@naver.com) /팩스(051-702-9188) - 문의: 해운대여성인력개발센터(☎ 051-702-9196) - 채용 후 바로 근무가능자 *해운대새일 채용대행 구인건입니다. 실업급여 수급 목적을 위한 지원은 지양해주세요.*","건물 청소원(공공건물,아파트,사무실,병원,상가,공장 등)",-,학력무관,경력,월급 174만원 ~ 174만원,고용형태,"부산광역시 동래구 충렬대로446번길 67, . (안락동, 안락 경동리인 아파트)",1명,2026-09-08 20:58:25
https://www.jobkorea.co.kr/Recruit/GI_Read/5614682/Ext?siteCode=WN&sc=,140303,"* 토목공사 현장 관리자 * 시공현장 관리업무입니다. * 캐드 및 엑셀 가능자, 토목 초급기술자 이상 * 건설(토목) 관련 자격증 우대 (본사 근무 및 공사 현장 있을 경우 현장 출퇴근, 현장 : 부산, 경남 인근 )",토목시공 기술자(토목견적 포함),토목시공기술자,학력무관,경력,"연봉 6,000만원 이상",고용형태,"부산광역시 사하구 하신중앙로 265 (하단동, 가락타운아파트)",1명,2026-09-08 20:58:25
https://www.jobkorea.co.kr/Recruit/GI_Read/5615721/Ext?siteCode=WN&sc=,813202,"범용선반: 580,2000 생산직 기계가공 (황삭가공, 정삭가공) CAD 사용자 우대",범용 선반 조작원,-,학력무관,경력,"연봉 4,000만원 이상",고용형태,"부산광역시 강서구 미음국제5로나길 29, (미음동) (미음동)",1명,2026-09-08 20:58:26
https://www.jobkorea.co.kr/Recruit/GI_Read/5613596/Ext?siteCode=WN&sc=,231101,"-지원자격- 1.(사회복지사업법)에 따른 사회복지사 2급이상의 자격증소지자 2.채용분야 : 사회복지사 3.모집인원 :1명 4.근무조건 및 형태 : 정규직 5.담당업무 : 사회복지업무(시설행정업무, 프로그램 및 상담업무,장기요양관련 서류 일체 등) 6.근무시간 : 주 5일 근무 (주말 월 1~2회 당직) 7.급여조건 : 내부규정에 의함 8.운전가능자 우대 -제출서류- 1.이력서 및 자기소개서 각 1부 2.최종학교 졸업증명서 1부 3.경력증명서 1부 4.자격증사본 1부 5.기타 자격을 증빙할 수 있는 서류 -전형방법- 1차 서류심사, 2차 면접, 3차 최종합격 후 신체검사 -접수기간- 1.접수기간 : 2026년 9월 7일(월)~9월 21일(월)까지 2.접수방법 : 내방접수 및 우편접수 (사하구 다대로 83번길 132) 워크넷 지원. 이메일 접수(inchang3111@naver.com) 3.접수처: 인창실버웰 1층 사무실 4.문의 : 051-202-1166 *채용서류의 반환* 홈페이지 또는 전자우편으로 제출된 채용관련 서류는 [채용절차의 공정화에 관한 법률]에 따라 반환청구기간 내에 청구된 반환청구분에 한하여 반환해드립니다. -반환청구기간: 채용전형 불합격 통보를 받은 날로부터 14일 이내 -청구방법: 채용서류 반환청구서를 작성 후 본인 서명 또는 날인 및 스캔하여 e-mail 제출 -채용서류 반환청구서 서식: 채용절차의 공정화에 관한 법률 시행규칙 별지 제3호 서식 -기타사항: 청구기간이 지난 경우 및 채용서류를 반환하지 아니한 경우에는 ‘개인정보보호법’에 따라 제출한 채용서류를 파기합니다. (파기방법 : 시설 파쇄기 사용)",사회복지사(사회복지시설),"사회복지사(사회복지시설, 노인복지시설, 장애인복지시설 등)",학력무관,관계없음,월급 215만원 이상,고용형태,"부산광역시 사하구 다대로83번길 132, 인창실버웰 (괴정동)",1명,2026-09-08 20:58:26
https://www.jobkorea.co.kr/Recruit/GI_Read/5614741/Ext?siteCode=WN&sc=,852402,"전기 자동차 부품 및 가전 부품에 대한 품질 관리 업무입니다. 부품 승인, 측정시스템 관리, 측정기, 분석 및 개선 등 외 제품 실현 후 출하관리를 요합니다. 업무 특성상 장기 근무 하실 분을 구합니다. 모든 사출기에 로보트 설비와 2년전 새로 건축된 공장으로 청결하고 안전관리가 되어 있는 회사입니다.",플라스틱제품 조립원 및 검사원,플라스틱제품검사원,학력무관,경력,월급 320만원 이상,고용형태,"부산광역시 강서구 공항로339번길 228-3, 지원정밀 (대저2동)",1명,2026-09-08 20:58:26
https://www.jobkorea.co.kr/Recruit/GI_Read/5614688/Ext?siteCode=WN&sc=,305000,"동래구 안락동에 위치한 노블레스요양병원에서 후임 영양사 모집합니다. 격주 토요일 근무 입니다.(토요일 근무시 09:00 - 12:30까지 근무를 하며, 평일 하루 오후 2시 30분퇴근입니다.) 공휴일 ,명절 휴무입니다. 중식 인원은 200명(환자+직원)이며, 주방도 안정화 되어 있습니다. 선임은 50대중반입니다. 검수, 발주, 각종서류, 밀라운딩, 여사님 관리 위주로 일을 할 예정입니다.",영양사,병원급식영양사,학력무관,관계없음,"연봉 2,600만원 ~ 2,700만원",고용형태,"부산광역시 동래구 충렬대로 437, 노블레스요양병원 (안락동)",1명,2026-09-08 20:58:26
https://www.jobkorea.co.kr/Recruit/GI_Read/5615295/Ext?siteCode=WN&sc=,550102,"남(87세), 자녀함께거주, 신체활동지원(몸씻기도움), 일상생활가사지원(식사준비및 청소),정서적지원외",재가 요양보호사,재가요양보호사,학력무관,관계없음,"시급 13,500원 ~ 13,500원",고용형태,"부산광역시 수영구 남천동로 46, 남천동, 남천자이아파트 (남천동, 남천자이)",1명,2026-09-08 20:58:26
https://www.jobkorea.co.kr/Recruit/GI_Read/5615614/Ext?siteCode=WN&sc=,890001,"○ 차량용 부품 생산업무 ▷ 부서 : 생산팀 ▷ 직무 : 제품 생산 및 검사, 엔트리, 거단 면취 외 현재 연장근무, 야간근무가 없으나, 추후 회사 사정 및 협의에 따라 발생할 수 있음",기계·금속 분야 단순 종사원,-,학력무관,관계없음,"시급 10,320원 이상",고용형태,"부산광역시 기장군 오리산단8로 27, 동연오토텍 주식회사",2명,2026-09-08 20:58:26
https://www.jobkorea.co.kr/Recruit/GI_Read/5614725/Ext?siteCode=WN&sc=,623004,냉동창고 지게차 하역장 제품 상하차 운전 업무입니다. 냉동창고 지게차 운전 - 3톤 미만 냉동창고 경력자 우대 * 실제 구직의사 있으신 분만 지원해 주세요 (허위 구직활동 사양),지게차 운전원,지게차운전원,학력무관,경력,월급 230만원 ~ 250만원,고용형태,부산광역시 사하구 다대로605번길 17 (다대동),1명,2026-09-08 20:58:26
https://www.jobkorea.co.kr/Recruit/GI_Read/5615564/Ext?siteCode=WN&sc=,550102,"<천마산 대원사 입구 > - 4등급 할머니 46년생 독거 - 신체활동지원, 가사지원, 정리정돈 잘 하는 분 - 주5일 - 08:00~11:00 지원 문의: 051-208-1083 또는 핸드폰",재가 요양보호사,-,학력무관,관계없음,"시급 10,320원 ~ 10,320원",고용형태,"부산광역시 서구 천마산로209번길 103, . (남부민동)",1명,2026-09-08 20:58:27
https://www.jobkorea.co.kr/Recruit/GI_Read/5615204/Ext?siteCode=WN&sc=,550102,"-채용분야 : 방문요양 요양보호사 -관련직종 : 요양보호사 -응시자격 : 사회복지사업법 제35조의 2제2항 결격사유에 해당되지 아니한 자 요양보호사 자격증 소지 - 경력조건 : 유 (3개월 이상 우대) - 직무내용 :3등급 70대 후반 남자 (배우자있음) 청소, 빨래, 장보기, 반찬 및 식사준비 - 시급 13,000원 (제 수당 등 포함)",재가 요양보호사,재가요양보호사,학력무관,경력,"시급 13,000원 ~ 13,000원",고용형태,"부산광역시 부산진구 전포대로275번길 20, 105-3602 (전포동, 서면롯데캐슬스카이)",1명,2026-09-08 20:58:27
https://www.jobkorea.co.kr/Recruit/GI_Read/5615221/Ext?siteCode=WN&sc=,550102,"[장림동]재가요양보호사 모집 - 3등급 68세 남자어르신 - 09:00-12:00(주3회/월수금) - 장림 협성르네상스 아파트 - 일상생활도움 등 - 13,000원(주휴수당, 연차수당 등 포함)",재가 요양보호사,재가요양보호사,학력무관,경력,"시급 10,320원 ~ 10,320원",고용형태,"부산광역시 사하구 장평로 87, 장림 협성르네상스 타 (장림동, 장림 협성르네상스 타운)",1명,2026-09-08 20:58:27
https://www.jobkorea.co.kr/Recruit/GI_Read/5614407/Ext?siteCode=WN&sc=,550100,"[광안동]재가요양보호사 - 5등급 60대 남자어르신(배우자 함께 거주) ★24년 이후 자격취득 또는 치매이수하신분 -인지활동, 일생생활지원 등의 업무 -주6일, 10~13시(3시간) -시급 제수당 13000원 -광안자모병원 인근 아파트",요양보호사,-,학력무관,관계없음,"시급 10,320원 이상",고용형태,"부산광역시 수영구 수영로545번가길 22 (광안동, 디아이하우스)",1명,2026-09-08 20:58:27
https://www.jobkorea.co.kr/Recruit/GI_Read/5615682/Ext?siteCode=WN&sc=,813210,"방산제품가공 업체입니다 mct 조작원 / 6.5호기 2대 5호기 2대보유중 도면해석 및 프로그램 작성,셋팅 가능하신 분 mct 셋팅 및 작업 가능하신분 모십니다 근무시간 월~목 08:00-19:00 금08:00-17:00 토일 휴무 *실내 항온항습 온도 항시 유지 *대사역에서 통근버스 운행",머시닝센터(MCT) 조작원,MCT(머시닝센터)프로그래머,학력무관,경력,"연봉 4,000만원 이상",고용형태,"부산광역시 강서구 상덕로119번길 61, 태경전기 (강동동)",2명,2026-09-08 20:58:27
https://www.jobkorea.co.kr/Recruit/GI_Read/5614428/Ext?siteCode=WN&sc=,550102,"[반도보라빌라 근무예정] * 3등급 여자 어르신(아드님 거주) 만99세, 거동불편 * 주6일 16:00~19:00(3시간) * 시급 13,500원(최저시급 및 제수당 포함) * 식사도움 및 일반요양서비스 업무 등 * 채용담당자 : 051)757-2330",재가 요양보호사,재가요양보호사,학력무관,관계없음,"시급 10,320원 ~ 13,500원",고용형태,"부산광역시 수영구 황령산로8번길 19, .. (남천동, 반도보라빌라)",1명,2026-09-08 20:58:27
https://www.jobkorea.co.kr/Recruit/GI_Read/5616302/Ext?siteCode=WN&sc=,890000,"[모집직무] 제조, 생산, 포장 [직무소개] 스왈록아시아는 1999년 안전업계에 발을 들이 20개국 이상에 안전제품을 수출하는 글로벌 기업입니다. 스왈록아시아는 안전벨트를 제조하여 산업 현장의 안전을 책임지고 있습니다. 본 직무는 안전벨트 제조의 전 과정을 수행하며 안전과 품질 관리에 기여합니다. [주요업무] - 자재 조립 및 완제품 제작 - 안전벨트 미싱 가능자",기타 제조 관련 단순 종사원,-,학력무관,관계없음,"시급 10,320원 ~ 10,320원",고용형태,부산광역시 사상구 낙동대로1510번길 14 (삼락동),1명,2026-09-08 20:58:27
https://www.jobkorea.co.kr/Recruit/GI_Read/5616352/Ext?siteCode=WN&sc=,821200,"부산 강서구 생곡동에 위치한 압축 고철장입니다. 포크레인 작업 압축고철 생산 및 고철 상하차, 현장업무 가능하신분 구인합니다.",금속가공 기계 조작원,-,학력무관,경력,월급 320만원 이상,고용형태,"부산광역시 강서구 생곡산단2로11번길 9, 세강 (생곡동, 세강)",1명,2026-09-08 20:58:28
https://www.jobkorea.co.kr/Recruit/GI_Read/5616303/Ext?siteCode=WN&sc=,532302,"세척 전문 기업으로서 근면 성실한 직원 모집 도시락 분리, 식판, 죽그릇, 수저 세척 및 정리정돈 남녀모두 가능 자동화 세척기계 조작 식판 건지기. 기타 청소 및 정리정돈 근무시간 2파트 16:00-19시30분",단체 급식 보조원,단체급식보조원,학력무관,관계없음,"시급 10,500원 ~ 10,500원",고용형태,"부산광역시 사상구 새벽로194번길 30, 1층 한누리케어(주) (괘법동)",1명,2026-09-08 20:58:28
https://www.jobkorea.co.kr/Recruit/GI_Read/5616339/Ext?siteCode=WN&sc=,531803,노인요양원 어르신 급식조리,병원 급식 조리사,병원급식조리사,학력무관,경력,월급 254만원 ~ 260만원,고용형태,"부산광역시 동래구 시실로107번가길 23, 늘봄실버요양센터 (명장동)",1명,2026-09-08 20:58:28
https://www.jobkorea.co.kr/Recruit/GI_Read/5614730/Ext?siteCode=WN&sc=,026501,"기간제 근로자 채용 공고 ❏ 채용 분야 및 선발인원 ○담당업무 - 기획,홍보 및 서무업무 - 총무과 전반적인 업무 (※단순 보조인력 아닌 실무에 투입되는 인력) ○모집인원 : 1명 ○근무형태 : 5개월 계약직(26.9.28~27.2.28) ○자격요건 - 일러스트, 포토샵, 파워포인트 가능자 - 문서 작성 및 관리능력 보유자 - 컴퓨터 활용 가능자(한글, 엑셀) - 기획,홍보업무 가능자 (홈페이지 및 블로그, SNS관리, 안내문제작) ○자격면허 : 기타 업무수행에 관련된 자격증 ○근무요일/시간 : 월~금/09:00~18:00 ○월급여 : 2,256,880원 ❏ 상세근무조건 ○ 근무장소 : 올림픽기념 국민생활관 (부산시 해운대구 APEC로 68) ○ 근무개시 : 면접후 추후 논의 ○ 복리후생 : 4대보험 가입, 중식제공 ❏ 채용절차 ○ 원서접수 ⇨ (1차)서류전형 ⇨ (2차)면접전형 ⇨ 최종합격 발표 ❏ 전형일정 ○ 공고기간 : 2026. 9. 7(월) ~ 9. 17.(목) ○ 서류전형 - 응사자격 미달자(관련서류 미제출 등)는 면접대상자에서 제외 ○ 면접일정 - 면접장소 : 올림픽기념 국민생활관 3층 관장실 - 면접일시 : 미정(서류합격자에 한 추후별도안내) -면접 준비물 : 신분증(본인 확인용, 미지참시 면접대상자에서 제외) (※ 면접은 위원회에서 실시하는 심층 면접으로 진행) ○ 최종선발자 발표 - 발표일 : 미정(추후별도안내) - 발표방법 : 최종선발자에 한하여 개별연락 ❏ 지원서 접수 ○ 접수기간 : 2026. 9. 7(월) ~ 9. 17(목) 오후 5시(접수기간내 도착분에 한하여 인정) ○ 접 수 처 : e-mail 접수(saba_2014@naver.com), 방문접수 ○ 접수방법 : 첨부된 소정서식 파일을 내려받기(홈페이지, 채용사이트 게시)하여 작성하시고 관련증빙서류와 함께 제출 ❏ 응시자격 ○ 응시연령 및 병역 - 만18세 이상의 남·여 - 남자의 경우 병역을 필하였거나 면제된 자 ○ 응시자격 우대사항 - 관련분야 유경험자 - 해당 업무를 잘 수행하며 유대관계가 좋은 성실한 자 ○ 채용결격사유가 없는 자 ***기타사항 및 상세요강은 아래의 첨부서류를 반드시 확인바람.",총무 및 일반 사무원,-,학력무관,관계없음,월급 225만원 이상,고용형태,"부산광역시 해운대구 APEC로 68, 올림픽기념 국민생활관 3층",1명,2026-09-08 20:58:28
https://www.jobkorea.co.kr/Recruit/GI_Read/5615297/Ext?siteCode=WN&sc=,550102,"3등급 여자 수급자 68세 , 독거하심, 시각장애인 (시각장애인 급여 경혐있으신분) 일상생활지원. 식사준비 (음식을 하시는 선생님 지원요청)필요함. 근무기간 : 월~토(주6일)근무시간 : 12:00~19:00 (총 7시간 근무시간 중 4시간: 비급여 시급 13000원+공단급여)공단 시급 13,000원연락처 051-936-2018",재가 요양보호사,재가요양보호사,학력무관,관계없음,"시급 13,000원 ~ 13,500원",고용형태,"부산광역시 해운대구 마린시티1로 155, . (우동, 해운대현대하이페리온)",1명,2026-09-08 20:58:28
https://www.jobkorea.co.kr/Recruit/GI_Read/5615300/Ext?siteCode=WN&sc=,028407,"< 풀필먼트 오퍼레이션 코워커/ 이케아 동부산점 근무)> - (직종 및 근무지) 풀필먼트 물류직 / 이케아 동부산점(기장) - (직무내용) 매장내 입고, 출고, 재고 시스템처리 및 하역, 상품진열, 고객주문픽업, 출고, 검수, 출고 상차 - (근무) 스케줄 근무 / 주5일(40시간) 또는 주4일(32시간) 중 선택 / 계약직 12개월 - (지원방법) 자사 채용 사이트 / 이력서 자기소재서 첨부 필수 - (마감) 2026.9.19(토) - (지원링크) https://ikea.avature.net/ko_KR/External",창고 관리원(자재 검수원 포함),-,학력무관,관계없음,"시급 12,000원 이상",고용형태,"부산광역시 기장군 기장읍 동부산관광3로 17, 동부산점",15명,2026-09-08 20:58:28
https://www.jobkorea.co.kr/Recruit/GI_Read/5615207/Ext?siteCode=WN&sc=,813203,"다이캐스팅 금형틀 및 발전설비부품(중,대형물) 기타 산업기계 중,대형가공물 NC가공작업(정밀가공) CNC가공장비(보링,밀링) 조작원",CNC 밀링기 조작원(NC 밀링기 조작원),프레노밀러조작원,학력무관,경력,"시급 12,000원 이상",고용형태,부산광역시 강서구 녹산산단261로73번길 13,2명,2026-09-08 20:58:29
https://www.jobkorea.co.kr/Recruit/GI_Read/5614427/Ext?siteCode=WN&sc=,550102,"[유림노르웨이아침 근무예정] * 1등급 여자 어르신(독거) 만88세/ 반려견 있음/ 따님 자주 오심 * 주4일(화수금토) 09:00~12:00/ 15:00~18:00 1일 오전 오후 근무가능자 * 시급 13,500원(최저시급 및 제수당 포함) 1일 중증가산금 6천원 * 기저귀관리 및 일반요양서비스 업무 등 * 채용담당자 : 051)757-2330",재가 요양보호사,재가요양보호사,학력무관,관계없음,"시급 10,320원 ~ 13,500원",고용형태,"부산광역시 수영구 장대골로7번길 45, .. (광안동, 광안유림노르웨이아침)",1명,2026-09-08 20:58:29
https://www.jobkorea.co.kr/Recruit/GI_Read/5614434/Ext?siteCode=WN&sc=,550102,"[개금백병원 인근 국민주택 근무예정] * 4등급 여자 어르신(독거) * 주3일(월수금) 09:00~12:00 (3시간)/시간협의 가능 * 시급13,000원 (수당 포함) * 가사지원 및 일반요양서비스 업무 등 * 채용담당자: 051)553-9080",재가 요양보호사,재가요양보호사,학력무관,관계없음,"시급 10,320원 ~ 13,000원",고용형태,"부산광역시 부산진구 진사로68번길 2, .. (개금동, 국민주택)",1명,2026-09-08 20:58:29
https://www.jobkorea.co.kr/Recruit/GI_Read/5614515/Ext?siteCode=WN&sc=,561101,"1. 아 파 트 : 대신2차 푸르지오 미화원 모집 2. 근무시간 : (평일) 08:30~15:30 / (토) 08:30~11:30 휴게시간: 12:00-13:00 3. 임 금 : 월 1,754,400 (세전) 4. 근무일자 : 9/10~ 5. 특이사항 : 신주없음 * 지원문의 : 북구청취업정보센터 051-309-5228 * 정년, 위수탁계약기간 만료일을 우선적용함. 회사에서 필요할 경우만 계약이 갱신될수 있음.","건물 청소원(공공건물,아파트,사무실,병원,상가,공장 등)",-,학력무관,관계없음,"시급 10,320원 ~ 10,320원",고용형태,"부산광역시 서구 서대신동2가 고운들로 181, 대신 푸르지오 2차 (서대신동2가, 대신 푸르지오 2차)",1명,2026-09-08 20:58:29
https://www.jobkorea.co.kr/Recruit/GI_Read/5615291/Ext?siteCode=WN&sc=,550102,"[동래데이케어 요양보호사 구인] 부산 해운대구 장산역 인근 원룸형 오피스텔 80대 4등급 여자 어르신 월~금요일 10-13시 (3시간) 허리협착증으로 외출시 지팡이 사용, 말벗, 가사도움, 병원동행 도움 필요. 시급 13,000원(제세수당포함) 문의 051-556-9924",재가 요양보호사,-,학력무관,관계없음,"시급 10,320원 ~ 10,320원",고용형태,"부산광역시 해운대구 양운로 53, 2 (좌동)",1명,2026-09-08 20:58:29
https://www.jobkorea.co.kr/Recruit/GI_Read/5615875/Ext?siteCode=WN&sc=,561101,"아파트 청소원 구인 근무시간 : 월~금 08:30~16:00, 토 : 08:30~12:30 / 주6일 (휴게시간 :평일 12시~13시)","건물 청소원(공공건물,아파트,사무실,병원,상가,공장 등)",아파트청소원,학력무관,관계없음,월급 184만원 이상,고용형태,"부산광역시 기장군 정관1로 18, 이지더원 1차 아파트 (이지 더원1차 아파트)",1명,2026-09-08 20:58:29
https://www.jobkorea.co.kr/Recruit/GI_Read/5615293/Ext?siteCode=WN&sc=,550102,"4등급 여자 어르신 케어하실 요양보호사 선생님을 모집합니다 -근무시간 :주3회(화,목,토) 오전 9시00분~12시00분 -주요업무 : 청소 및 정리정돈. 일상생활 도움 및 산책, 외출동행 -시급:13,000원 -문의:051-521-4005",재가 요양보호사,재가요양보호사,학력무관,관계없음,"시급 13,000원 ~ 13,000원",고용형태,"부산광역시 수영구 수영로 776, 104동 (민락동, 부산 더샵 센텀포레)",1명,2026-09-08 20:58:29
https://www.jobkorea.co.kr/Recruit/GI_Read/5615879/Ext?siteCode=WN&sc=,016300,생산관리 및 현장관리 직원 모집 저희는 조선 기자제 제조업체입니다 생산 현장을 함께 관리해 주실 성실하고 책임감 있는 직원을 모집합니다. 모집분야 생산관리 / 현장관리 주요업무 현장 정리정돈 및 작업환경 관리 현장 인원 관리 자재 입·출고 및 현장 자재 관리 지원자격 중장년층 지원 환영 제조업 생산현장 근무 또는 관리 경험자 우대 책임감 있고 꼼꼼하게 현장을 관리해 주실 분 장기근무 가능자 우대 우대사항 조선·철강·제관·용접 등 제조업 현장 경험자 생산관리 또는 현장 반장·관리자 경력자 지게차 운전 가능자 우대 근무조건 근무지 : (주)우경산업 근무시간 : 면접 시 협의 급여 : 경력 및 업무능력에 따라 협의 고용형태 : 정규직 4대보험 / 퇴직금 작업자 관리와 현장 정리 등 생산현장을 전반적으로 관리해 주실 분을 찾습니다. 관련 경력이 있으신 중장년층 분들의 많은 지원 바랍니다.,제품 생산 관련 관리자,-,학력무관,경력,월급 250만원 ~ 300만원,고용형태,부산광역시 강서구 과학산단로 558 (지사동),1명,2026-09-08 20:58:30
https://www.jobkorea.co.kr/Recruit/GI_Read/5612889/Ext?siteCode=WN&sc=,550102,"- 42년생 4등급 여자어르신 케어하실 요양보호사 선생님을 모집합니다. - 주 5회 09:00~12:00 - 식사도움.가사, 일상생활 도움 - 시급 13,000원(수당 포함) - 051-521-4005",재가 요양보호사,-,학력무관,신입,"시급 13,000원 ~ 13,000원",고용형태,"부산광역시 해운대구 중동1로19번길 14, 12층 (중동, 해운오피스텔)",1명,2026-09-08 20:58:30
https://www.jobkorea.co.kr/Recruit/GI_Read/5613660/Ext?siteCode=WN&sc=,561101,"사무실,화장실,복도 등 청소업무 - 근무일: 주5일 (월~금) - 근무시간: 2.5h (2시간 50분). (출근시간은 별도 협의) - 급여: 1,007,140원(세전) -근무예정일 : 9월14일부터~ - 근무장소: 스마트시티랩 (1층 건물에 1층). 부산 강서구 에코델타스마트3로 34.","건물 청소원(공공건물,아파트,사무실,병원,상가,공장 등)",사무실청소원,학력무관,관계없음,월급 100만원 이상,고용형태,"부산광역시 강서구 에코델타스마트3로 34, 스마트시티랩 (명지동)",1명,2026-09-08 20:58:30
https://www.jobkorea.co.kr/Recruit/GI_Read/5615261/Ext?siteCode=WN&sc=,550102,"* 고신대병원 근처 아파트 - 3등급, 49년생 할머니 (남편함께 생활중) - 기저귀착용 / 외출시 휠체어 사용 - 월~금(주5일) 15:00-18:00 (3시간) - 신체활동지원, 가사지원, 식사지원, 병원동행 등",재가 요양보호사,-,학력무관,관계없음,"시급 10,320원 ~ 10,320원",고용형태,"부산광역시 서구 성산길 51-8, 1동 (암남동, 금강송도타운)",1명,2026-09-08 20:58:30
https://www.jobkorea.co.kr/Recruit/GI_Read/5614429/Ext?siteCode=WN&sc=,550102,"<사상구 학장동 구학마을아파트> * 4등급 여자대상자: 독거 * 주5일(월20회) * 오후 1시~4시 * 가사지원, 식사(반찬)지원, 일상생활지원 등 * 시급 10,320원 (수당 별도지급) * (센터)문의: 0/0-6559-1148",재가 요양보호사,-,학력무관,관계없음,"시급 10,320원 이상",고용형태,"부산광역시 사상구 학감대로49번길 15 (학장동, 구학마을아파트)",1명,2026-09-08 20:58:30
https://www.jobkorea.co.kr/Recruit/GI_Read/5615837/Ext?siteCode=WN&sc=,550101,"-요양원에 입소 중인 어르신의 일상생활 케어 서비스 * 사업장 정년 만60세이나 연장근무 할 수 있음 * 입사후 3개월까지 추가수당 월15만원 지급합니다. * 복지수당(6만원/월, 만 60세 미만) 입사 첫 달부터 지급합니다.",요양보호사(노인요양사),요양보호사,학력무관,관계없음,월급 230만원 ~ 230만원,고용형태,"부산광역시 동구 안창로 51, 송원노인전문요양원 (범일동)",2명,2026-09-08 20:58:30
https://www.jobkorea.co.kr/Recruit/GI_Read/5616237/Ext?siteCode=WN&sc=,550100,"* 주간보호센터 내 요양보호사 업무 및 송영 업무 * 요양보호사 자격증 필수 * 운전면허 1종 (스타렉스 운전 필수) * 주5일, 09:00~18:00(격주 토요일, 공휴일 근무 가능자, 주중 대체 휴무) * 월급 2,156,880원 * 전화: 051-361-1233, 팩스: 051-361-1238 * 고용24 구직신청 후 고용24로 지원",요양보호사,-,학력무관,관계없음,월급 215만원 이상,고용형태,"부산광역시 북구 화명대로 10, 308호 (화명동)",1명,2026-09-08 20:58:31
https://www.jobkorea.co.kr/Recruit/GI_Read/5617102/Ext?siteCode=WN&sc=,561101,"======================= ◆ 사상구청 채용대행 건 입니다.◆ ======================= - 온천동 아파트(내) 청소원 모집 (명륜역 또는 온천장역 지하철역에서 도보 10분거리) - 근무시간 : 평일 오전 8시30분~오후 3시30분 / 토 오전 8시30분~오전 11시30분 (주6일) - 급여 : 1,748,880원 - 채용 시 바로 출근 가능자 * 업체 채용 담당자와 통화 후 면접 장소 및 일정 안내 받으시길 바랍니다. *지원 문의: 사상구청 담당자 : 051-310-5193","건물 청소원(공공건물,아파트,사무실,병원,상가,공장 등)",-,학력무관,관계없음,월급 174만원 ~ 174만원,고용형태,"부산광역시 동래구 온천장로65번길 9, 온천동 (온천동, 동래 3차 SK VIEW)",1명,2026-09-08 20:58:31
https://www.jobkorea.co.kr/Recruit/GI_Read/5612892/Ext?siteCode=WN&sc=,550102,42년생 2등급 여자 어르신 케어하실 요양보호사 선생님을 모집합니다 -근무시간 :수.목.금.토.일 오전 9시00분~13시00분까지 -주요업무 : 청소 및 정리정돈. 일상생활 도움 및 말 벗 -시급:13000원(중증수당1회당:6000원씩) -유류비 드림,재가 요양보호사,재가요양보호사,학력무관,신입,"시급 13,000원 ~ 13,000원",고용형태,"부산광역시 해운대구 반여로 133, 101동 (반여동, 센텀롯데캐슬아파트)",1명,2026-09-08 20:58:31
https://www.jobkorea.co.kr/Recruit/GI_Read/5614071/Ext?siteCode=WN&sc=,307501,"윤금노인요양원은 노인전문요양시설로서 어르신들과 함께 할 간호조무사를 채용하오니 많은 지원 바랍니다. 1.모집인원 : 간호조무사 1명. 2.접수기간 : 2026. 09. 07. ~ 2026. 09. 21. 3.접수방법 : E-mail, 방문접수 및 등기우편(이메일 yoonkeum0675@hanmail.net) 4.제출서류 : - 이력서 - 자기소개서 - 경력증명서 (해당자에 한함) - 각종 자격증 사본 (해당자에 한함) 5. 전형방법 : - 1차 서류심사 - 2차 면접 6. 근무시간 : 08:30~17:30(월 2~3회 주말 당직 있음. 평일 대체휴무 주어짐) 7. 급여 기본급 2,200,000만원 내외(각종 수당 별도) 8. 기타 : 채용의 공정성을 기하기 위하여 본인 작성서류에는 출신학교명,사진 종교,추천인.주민등록번호등을 기재하지 마시기 바랍니다. 2026. 09. 07. 윤금노인요양원",간호조무사(요양병원 제외),-,학력무관,관계없음,월급 220만원 이상,고용형태,"부산광역시 사상구 가야대로 187, 1 (주례동)",1명,2026-09-08 20:58:31
https://www.jobkorea.co.kr/Recruit/GI_Read/5615102/Ext?siteCode=WN&sc=,561101,"< 정관계룡리슈빌 아파트 미화원 > -근무지: 기장군 정관읍 정관로 513 -근무시간: 주6일 근무 (월~금) 오전 9시~오후 4시 (토) 오전 9시~ 오전 12시 (휴게시간 12:00~13:00) -급여: 월 1,754,400원(3개월 종료 후 연장 가능) -제출서류: 이력서 -접수방법: 팩스(051-702-9188)/이메일(hw702-9196@naver.com) -문의: 해운대여성인력개발센터 (☎051-702-9196) *채용 시 10/1부터 근무 *해운대새일센터 채용대행 구인건으로 실업급여 목적으로 지원은 지양해 주시기 바랍니다.","건물 청소원(공공건물,아파트,사무실,병원,상가,공장 등)",-,학력무관,관계없음,월급 175만원 ~ 175만원,고용형태,"부산광역시 기장군 정관읍 정관로 513, . (정관신도시 계룡리슈빌)",2명,2026-09-08 20:58:31
https://www.jobkorea.co.kr/Recruit/GI_Read/5614736/Ext?siteCode=WN&sc=,531804,"1. 근무시간 : 주4-5일 근무/ 오전 08시30분~오후 3시 (휴게 시간 포함) 매주 2.4주 (주4일 근무 / 월-목) 2. 식 수 : 중식 / 250명 내외 3. 급 여 : ● 조리사(반장) 월급: 180만 원-(1명) ● 조리원(보조) 월급: 147만 원-(1명) 4. 기 타 : 4대보험, 연차, 퇴직연금 지급 5. 우대사항 ● 기관(회사) 구내식당 근무 경력자 우대 6.근무지 :부산시 동래구 충렬대로237번길93 9층(구내식당) 7. 문 의 : (주)새손 051-831-2820",사업체 구내식당 급식 조리사,(회사)구내식당조리사,학력무관,경력,월급 147만원 ~ 180만원,고용형태,"부산광역시 동래구 충렬대로237번길 93, 9층(구내식당) (복천동)",2명,2026-09-08 20:58:31
https://www.jobkorea.co.kr/Recruit/GI_Read/5614742/Ext?siteCode=WN&sc=,623004,- 업무 : 지게차 기사 구함 ( 현장내 작업관리도 하면서 지게차 운전 가능하신분 구함) * 지게차 자격증 필수,지게차 운전원,-,학력무관,관계없음,월급 300만원 이상,고용형태,부산광역시 강서구 녹산산단27로 56 (송정동),1명,2026-09-08 20:58:31
https://www.jobkorea.co.kr/Recruit/GI_Read/5612613/Ext?siteCode=WN&sc=,905100,토마토농장 체력이 필요한 노무.,농업 관련 단순 종사원,농업단순노무자,학력무관,관계없음,"시급 10,320원 ~ 10,320원",고용형태,"부산광역시 강서구 둔치강변길 578, 봉림동 763-1681,763-1745 (봉림동)",2명,2026-09-08 20:58:32
https://www.jobkorea.co.kr/Recruit/GI_Read/5612617/Ext?siteCode=WN&sc=,028504,"[제일일렉트릭(주)]_전기설비 및 생산관리 경력사원 모집 1명 모집직종 : 생산 관리직 직무내용 : 자동화설비 관리, 건물전기 설비관리, 생산관리 전반업무 필수사항 : 전기기사자격증 우대사항 : 경력 1년 이상 근무시간 : 08:30 ~ 17:30 주 5일 40시간 📌제출서류 : 이력서, 자기소개서, 경력증명서, 졸업증명서 📌지원방법 : 고용 24 , 이메일 (wry34@bepa.kr)",생산관리 사무원(전기·전자·컴퓨터),-,학력무관,경력,월급 300만원 ~ 450만원,고용형태,"부산광역시 사하구 을숙도대로 555, . (신평동)",1명,2026-09-08 20:58:32
https://www.jobkorea.co.kr/Recruit/GI_Read/5612615/Ext?siteCode=WN&sc=,890000,"주요업무 - 자재 관리 및 포장 - 플랜지(제품명) 출고 전반업무(마킹, 포장, 납품) 지원자격 -운전가능필수(2종 보통) 우대사항 -프렌지 업계 경력자 우대",기타 제조 관련 단순 종사원,-,학력무관,관계없음,"시급 10,320원 이상",고용형태,부산광역시 강서구 가리새1로25번길 6 (생곡동),1명,2026-09-08 20:58:32
https://www.jobkorea.co.kr/Recruit/GI_Read/5612614/Ext?siteCode=WN&sc=,890001,"비철스크랩(SUS) 상/하차, 선별/이동 및 가공, 검사, 포장",기계·금속 분야 단순 종사원,-,학력무관,관계없음,"연봉 3,600만원 이상",고용형태,부산광역시 강서구 가달2로 23 (생곡동),1명,2026-09-08 20:58:32
https://www.jobkorea.co.kr/Recruit/GI_Read/5612618/Ext?siteCode=WN&sc=,028406,"[모집직무] 자재·구매 사무원(일반 사업체), 영업 및 마케팅 사무원, 자재·구매 사무원(기계·자동차·금속) [직무소개] 우리 회사는 제조업 분야에서 성공적으로 성장하고 있는 기업입니다. 외주관리, 구매, 납품 업무를 총괄하여 효율적인 운영을 지원하는 전문가를 찾고 있습니다. [주요업무] - 외주업체 선정 및 관리 - 자재 수요 예측 및 구매 계획 수립 - 납품 관리 및 재고 물량 조정 - 급재 및 예상치 못한 상황에 대한 대응 - 공급업체와의 관계 형성 및 관리",자재·구매 사무원(일반 사업체),-,학력무관,경력,"연봉 3,000만원 ~ 3,500만원",고용형태,부산광역시 강서구 대저중앙로375번길 13-5 (대저1동),2명,2026-09-08 20:58:32
https://www.jobkorea.co.kr/Recruit/GI_Read/5610169/Ext?siteCode=WN&sc=,550102,"- 59년생 남, 2등급 - 근무지 : 온천동 위너비 - 근무시간 : 월~금 + 일요일 (주6일) 08:30~12:30 - 근무내용 : 가사지원 및 신체활동지원 - 시급 : 13,400원(수당포함) **051-701-1676",재가 요양보호사,재가요양보호사,학력무관,관계없음,"시급 13,400원 ~ 13,400원",고용형태,"부산광역시 동래구 온천장로 102, 위너비타 (온천동, 온천동 위너비타)",1명,2026-09-08 20:58:32
https://www.jobkorea.co.kr/Recruit/GI_Read/5611334/Ext?siteCode=WN&sc=,823300,제이에스테크윈에서 주조관련 신입.경력 사원을 모집합니다. 저희 제이에스테크윈은 국내대기업의 의뢰를 받아 금형을 제작하여 부식.도장.도금하는 업체입니다. 주요제품으로는 신발.방산품 금형등이 있으며 현재는 주조 인원 (조형.주조.용해)관련 인원 모집합니다. 주조 관련 경력 무관 기타 자세한 사항은 면접시 문의 바랍니다 많은 지원 부탁드리겠습니다. - 실제 구직지원 의사 있는 분들만 접수 부탁드립니다.(형식적 구직활동 접수 안됨),주조원,-,학력무관,관계없음,"연봉 3,800만원 ~ 5,500만원",고용형태,부산광역시 사하구 다산로53번길 56 (다대동),1명,2026-09-08 20:58:32
https://www.jobkorea.co.kr/Recruit/GI_Read/5610777/Ext?siteCode=WN&sc=,550101,"[주례동] 오전 주6일 3등급 여자어르신 재가 요양보호사 모집 - 주례동 럭키주례아파트 - 3등급 여자 어르신 - 주6일6:30~8:30 - 주간보호센터 준비 및 배웅 - 시급13,000원 (시급 10,320원 + 주휴 등 제수당포함) - 지원희망하시는 분은 부산진구청 취업정보센터로 전화주세요(☎051-605-6409) ***다만, 실제 서비스 제공기간에 따라 임금을 계산하여 지급하는 형태로 채용시 근로자마다 주 소정시간 이나 임금, 근무지 (예정)지 등에 차이가 있을 수 있습니다. 자세한 사항은 근로계약 진행시 채용담당자와 협의하시길 바랍니다.",요양보호사(노인요양사),-,학력무관,관계없음,"시급 10,320원 이상",고용형태,"부산광역시 사상구 가야대로284번길 12 (주례동, 럭키주례아파트)",1명,2026-09-08 20:58:33
https://www.jobkorea.co.kr/Recruit/GI_Read/5611013/Ext?siteCode=WN&sc=,550100,"[다대동]요양보호사 -요양보호사 자격증 필수 -등급없음, 긴급돌봄 -70대 여자대상자, 독거 -거동가능, 일상생활지원 -주5일, 9시~12시(3시간) -시급 제수당 14250원(긴급돌봄 단기근무) -다대동, 다송아파트(다송중 인근)",요양보호사,-,학력무관,관계없음,"시급 14,250원 ~ 14,250원",고용형태,"부산광역시 사하구 다대로381번길 99 (다대동, 다송아파트)",1명,2026-09-08 20:58:33
https://www.jobkorea.co.kr/Recruit/GI_Read/5610764/Ext?siteCode=WN&sc=,550102,"1) 근무 시작 : 채용 즉시 2) 근무 일시 : 주5회, 10:00~13:00 3) 근무 장소 : 모라 주공1단지 4) 근무 내용 : 가사 및 개인활동 지원 5) 급여(시급제) : 13,000 원(주휴수당 포함) 6) 지원 조건 : 요양보호사 자격증 필수 7) 지원 방법 - 워크넷 및 전화=(051- 997-0153 )",재가 요양보호사,재가요양보호사,학력무관,관계없음,"시급 10,320원 ~ 10,320원",고용형태,"부산광역시 사상구 모라로110번길 121, 105동 (모라동, 주공아파트1단지)",1명,2026-09-08 20:58:33
https://www.jobkorea.co.kr/Recruit/GI_Read/5610331/Ext?siteCode=WN&sc=,550102,"* 초량동 재가복지센터 방문 차량 목욕 - 근무시간 : 09:00~18:00 / 주5일 - 운전 못해도 지원 가능함 - 시급 : 17,000원(건당)",재가 요양보호사,-,학력무관,관계없음,"시급 10,320원 ~ 17,000원",고용형태,부산광역시 동구 중앙대로320번길 3-4 (초량동),2명,2026-09-08 20:58:33
https://www.jobkorea.co.kr/Recruit/GI_Read/5615561/Ext?siteCode=WN&sc=,550102,"<온천천 한양2차 근무> * 4등급 여자대상자 * 월,수,금 * 9시~12시 * 신체활동지원, 가사일상생활지원,정서지원, 외출동행, 병원동행 등 * 문의: 051-992-0045 * 최저시급 10,320원 (수당 별도 지급) ** 실제 서비스 제공 기간에 따라 임금을 계산하여 지급하는 형태로, 채용 시 근로자 마다 주 소정 근로시간이나 임금, 근무(예정)지 등에 차이가 있을 수 있음",재가 요양보호사,-,학력무관,관계없음,"시급 10,320원 이상",고용형태,부산광역시 연제구 연안로13번길 53 (연산동),1명,2026-09-08 20:58:33
https://www.jobkorea.co.kr/Recruit/GI_Read/5611283/Ext?siteCode=WN&sc=,158102,"건설업 전문 소방 업체 경력자 구합니다 현장 소방건설 업무 자격증 소지자 우대 소방설비기사(전기,기계) 자격증 없으시더라도 실무경험 5년이상 급여 5000~6000 연봉 도면파악, 물량산출, 결선가능하신분 4대보험, 퇴직연금, 상여금, 연차, 유류비, 식대 지원 상여금은 설, 여름휴가, 추석 - 100만원씩 지급 ------------------------------------------ 자격증 없으시더라도 실무경험 3년이상 급여 3000~4000 연봉 도면파악, 물량산출, 배관*배선(스틸배관 가능하신분), 도면파악, 입선(결선은 우대) 4대보험, 퇴직연금, 상여금, 연차, 유류비, 식대 지원 상여금은 설, 여름휴가, 추석 - 100만원씩 지급",소방시설·설비 시공 기술자,소방설비기술자,학력무관,경력,"연봉 3,000만원 ~ 6,000만원",고용형태,부산광역시 사상구 모덕로67번길 154 (모라동),1명,2026-09-08 20:58:33
https://www.jobkorea.co.kr/Recruit/GI_Read/5611284/Ext?siteCode=WN&sc=,153105,"신규 전기공사업체로 전기 기술자 구합니다. 급여는 경력에 따라 조정가능합니다. - 전기 자격증 소지자 우대! - 실무경험 5년이상 필수! - 도면파악, 물량산출, 시공 가능하신분 - 4대보험, 퇴직연금, 상여금, 연차, 유류비, 식대 지원 - 상여금은 설, 여름휴가, 추석 - 100만원씩 지급",전기공사 기술자(전기견적 포함),전기공사현장관리자,학력무관,경력,"연봉 5,000만원 ~ 7,000만원",고용형태,부산광역시 사상구 모덕로67번길 154 (모라동),1명,2026-09-08 20:58:33
https://www.jobkorea.co.kr/Recruit/GI_Read/5611285/Ext?siteCode=WN&sc=,158102,"전문소방업체 입니다 공무 보실분 구합니다. * 견적업무, 본사 현장 관리 전담해주시면 됩니다. * 소방설비기사(기계, 전기분야) 자격증 소지자 우대 * 전기기사, 전기공사기사 소지자 우대 * 캐드 필수 - 연봉 6.000만원~8.500만원 - 상여금 (설,추석,여름휴가 - 100만원씩)",소방시설·설비 시공 기술자,소방설비기술자,학력무관,관계없음,"연봉 6,000만원 ~ 8,500만원",고용형태,부산광역시 사상구 모덕로67번길 154 (모라동),1명,2026-09-08 20:58:34
https://www.jobkorea.co.kr/Recruit/GI_Read/5610260/Ext?siteCode=WN&sc=,890000,단조생산 에어기 작동 근무시간 : 08:00~17:00,기타 제조 관련 단순 종사원,-,학력무관,관계없음,"시급 10,320원 이상",고용형태,"부산광역시 강서구 화전산단5로14번길 17, 삼부에스앤에프 (화전동)",4명,2026-09-08 20:58:34
https://www.jobkorea.co.kr/Recruit/GI_Read/5610739/Ext?siteCode=WN&sc=,550102,"- 3등급 여자 어르신 / 9월16일부터 업무가능자 - 제공서비스 (신체활동, 정서지원, 가사지원, 개인활동지원)- 주변환경 정리정돈 잘하시고 음식도 잘하시는 마음이 따뜻하고 배려심이 많은 요양보호사를 채용합니다. - 휠체어사용 / 건강하고 긍정적인 분 환영- 주6일(월 ~ 토) 08:30-1130 - 시급 10,320 + 제세수당 포함 13000원- 요양보호사 자격증, 건강검진결과표 지참- 60시간 이상으로 4대보험가입, 퇴직연금**051-522-3356",재가 요양보호사,-,학력무관,관계없음,"시급 13,000원 ~ 13,000원",고용형태,"부산광역시 금정구 서동로60번길 18, 인근 (부곡동)",1명,2026-09-08 20:58:34
https://www.jobkorea.co.kr/Recruit/GI_Read/5610654/Ext?siteCode=WN&sc=,550102,"[거제동, 거제유림아시아드] * 4등급 독거 할머니 70대 후반: 가족 1명 (딸) 거주 * 가사 및 일상생활 지원 * 주3일 근무/ 09:00~12:00 * 시급13,100원(제수당 포함) * 채용담당자: 051-403-6588 *** 휴일에도 지원 가능하므로 전화 바랍니다. ***",재가 요양보호사,-,학력무관,관계없음,"시급 10,320원 이상",고용형태,"부산광역시 연제구 해맞이로 23 (거제동, 거제유림아시아드)",1명,2026-09-08 20:58:34
https://www.jobkorea.co.kr/Recruit/GI_Read/5610977/Ext?siteCode=WN&sc=,561101,"[학장 벽산아파트 미화원모집] - 근무시간 : 주6일 (평일 09:00~15:00, 토요일 09:00~12:00) - 휴게시간 12:00~13:00 - 급여 : 1,537,680원 - 계단 신주있음 - 즉시 출근 가능자 ** 사하구청 일자리지원센터 채용대행 건 입니다. ☎051-220-5694 로 문의바랍니다.","건물 청소원(공공건물,아파트,사무실,병원,상가,공장 등)",-,학력무관,관계없음,월급 153만원 이상,고용형태,"부산광역시 사상구 학감대로 105-21, . (학장동, 학장벽산아파트)",1명,2026-09-08 20:58:35
https://www.jobkorea.co.kr/Recruit/GI_Read/5611220/Ext?siteCode=WN&sc=,824107,포장용기(컨테이너) 수리및 용접작업을 위한 사전 확인 작업,용접 사상원 및 보조원,용접사상원,학력무관,신입,"시급 12,000원 이상",고용형태,"부산광역시 강서구 가달2로 39, 사무동2층 (생곡동)",1명,2026-09-08 20:58:35
https://www.jobkorea.co.kr/Recruit/GI_Read/5611052/Ext?siteCode=WN&sc=,813204,당사는 연속주조를 절단 및 밀링 가공하는 회사입니다 직원은 12명이며 2009년에 설립하여 2012년 법인으로 전환하였고 소재.부품전문기업이며 iso9001과 iso14001를 인증하였습니다 해마다 매출신장도 꾸준한 회사입니다. 같이 근무할 생산직사원 2명을 모집합니다 연속주조물을 범용밀링가공(범용밀링기5호기)하는 업무 입니다.,범용 밀링기조작원,범용밀링기조작원,학력무관,관계없음,"시급 10,320원 ~ 11,000원",고용형태,부산광역시 강서구 화전산단2로 119 (화전동),2명,2026-09-08 20:58:35
https://www.jobkorea.co.kr/Recruit/GI_Read/5611605/Ext?siteCode=WN&sc=,890000,"※ 장기근속자 구함!!※ 업무내용 - 닭고기 식품 공장에서 택배포장 및 현장보조 근무조건 - 4대보험 가입 - 주5일제 근무 - 오전 8:30 - 오후 5:50 근무 (일이 많을경우 잔업발생함) - 수습기간 3개월 급여 - 2,400,000원",기타 제조 관련 단순 종사원,-,학력무관,관계없음,월급 240만원 이상,고용형태,부산광역시 강서구 낙동북로102번길 63 (강동동),2명,2026-09-08 20:58:35
https://www.jobkorea.co.kr/Recruit/GI_Read/5611593/Ext?siteCode=WN&sc=,232100,"야간 연장 교사를 모집합니다. - 15:00 ~ 21:30 (6시간 근무, 휴게시간 30분 포함) 급여 : 1,620,240원 수당 : 15,000+260,000원 * 장기미종사자 교육 수료자 가능이력서는 메일로 보내 주시면 검토 후 연락 드리도록 하겠습니다. (hyun-joo79@hanmail.net)원장 휴대폰으로 연락, 면접 문의 가능인근거주자 우대",보육교사,어린이집교사,학력무관,관계없음,월급 162만원 ~ 162만원,고용형태,"부산광역시 사하구 낙동대로309번길 31, 선민 꿈 어린이집 (괴정동)",1명,2026-09-08 20:58:35
https://www.jobkorea.co.kr/Recruit/GI_Read/5610802/Ext?siteCode=WN&sc=,550102,"안녕하세요. 이음간호재가복지센터 센터장입니다. 화명2동 재가요양보호사로 근무하실 요양보호사 선생님 모집합니다. 대상자는 4등급, 61세 여성분이구요. 신체기능은 문제 없고, 인지기능 저하 있습니다. 낮엔 주간보호센터 이용하시는데요. 주 업무는 주간보호센터 마치고 오면(집 앞까지는 주간보호센터에서 모셔 드립니다.) 집에 모시고 와서 식사, 약 챙겨주고 계단오르기 연습(또는 걷기)하고, 샤워하는 거 도와주고 퇴근하시면 됩니다. 반찬은 냉장고에 있어서 꺼내주기만 하면 되고 신체기능은 문제 없어서 보행에 어려움은 없습니다. 샤워할 땐 스스로 할 수 있도록 지시도움 주시면 되겠습니다. - 근무요일 : 월~금(토, 일요일도 탄력적으로 서로 시간이 맞으면 상의해서 근무하게 될 수도 있습니다.) - 근무시간 : 17시~19시 - 포괄시급 : 13,300원 (기타제수당 포함) 보호자도 참 좋으시고 대상자도 어렵지 않고 근무환경도 괜찮습니다. 가까운 곳에 거주하는 분이면 좋을 것 같고 시간적 여유가 있는 분이 하시면 잘 맞을 것 같습니다. * 문의 : 이음간호재가복지센터 051-903-9393 *실제 서비스 제공기간에 따라 임금을 계산하여 지급하는 형태로 채용시 근로자마다 주 소정근로시간이나 임금,근무(예정)지 등에 차이가 있을 수 있음",재가 요양보호사,재가요양보호사,학력무관,관계없음,"시급 10,500원 ~ 13,300원",고용형태,"부산광역시 북구 양달로 69, 0 (화명동, 도시화명그린아파트)",1명,2026-09-08 20:58:36
https://www.jobkorea.co.kr/Recruit/GI_Read/5610801/Ext?siteCode=WN&sc=,550102,"<덕천동 재가요양보호사 채용정보> ○ 근무지 : 덕천동 도개공아파트 ○ 대상자 : 73세 남자어르신/독거 ○ 근무시간 : 주5일 / 13:00-17:00 (4시간) ○ 포괄시급 : 13,100원(시급+주휴수당+연차수당 등 제수당 포함) ** 퇴원환자안심돌봄서비스 (1개월 근무 후, 센터내 다른 대상자 연계 가능) ○문의: 051-309-5229 (북구청 취업정보센터) *실제 서비스 제공기간에 따라 임금을 계산하여 지급하는 형태로 채용 시 근로자마다 주 소정근로시간이나 임금,근무(예정)지 등에 차이가 있을 수 있음",재가 요양보호사,재가요양보호사,학력무관,관계없음,"시급 10,320원 ~ 13,100원",고용형태,"부산광역시 북구 만덕대로155번길 86-9, . (덕천동, 덕천2지구도개공아파트)",1명,2026-09-08 20:58:36
https://www.jobkorea.co.kr/Recruit/GI_Read/5610651/Ext?siteCode=WN&sc=,231100,"- 방문상담, 요양보호사 관리 - 행정업무, 일정관리 등의 업무 - 경력 1년 이상 필수",사회복지사,-,학력무관,경력,월급 230만원 ~ 230만원,고용형태,"부산광역시 남구 용호로124번길 19, 참좋은재가복지센터 (용호동)",1명,2026-09-08 20:58:36
https://www.jobkorea.co.kr/Recruit/GI_Read/5611038/Ext?siteCode=WN&sc=,550400,"* 남부민동 풀리페 할머니 , 지체장애, 가사, 신체(목욕), 사회(병원) * 8:00~11:00, 18:00~19:30, 월~토(주6일) * 포괄시급 : 13,600원 (시급+주후수당+연차수당 등 포함)",장애인 돌봄 종사원,-,학력무관,경력,"시급 10,320원 이상",고용형태,"부산광역시 서구 해돋이로 23, . (남부민동, 풀리페)",1명,2026-09-08 20:58:36
https://www.jobkorea.co.kr/Recruit/GI_Read/5610322/Ext?siteCode=WN&sc=,531801,"* 국립한국해양대학교 학생생활관(기숙사) * 직무내용 -취사업무(전처리, 조리, 배식등) -부식관리 -식당 환경정리(세척, 소독, 청소 등) -식당 위생관리(점검) -기타 생활관장이 지정하는 업무 * 근무시간: 10:00~19:00(주5일 근무), 스케줄 근무(필요에 따라 시간외 및 휴일 근무 명령 가능, 07:00~09:00 주2회 정도 시간외 근무 필수, 조정가능) ※ 학생들에게 1일 3식 식사 제공되는 기숙사로 소속직원들이 평일 2개조로 주기적 교대근무 및 휴일·주말근무함 ※ 토·일요일, 공휴일 근무 시 평일 대체휴무 ※ 방학기간 중 급식실 등 학교 시설관리 업무 지원 ※ 학사일정 및 학교급식 상황에 따라 근무상황 및 시간은 변동될 수 있음",학교 급식 조리사,학교급식조리사,학력무관,관계없음,"연봉 3,430만원 이상",고용형태,"부산광역시 영도구 태종로 727, 국립한국해양대학교 (동삼동)",1명,2026-09-08 20:58:36
https://www.jobkorea.co.kr/Recruit/GI_Read/5610204/Ext?siteCode=WN&sc=,813201,생산직 NC터닝 1600파이 조작원 프랜지전문,CNC 선반 조작원(NC 선반 조작원),-,학력무관,경력,"연봉 4,200만원 이상",고용형태,"부산광역시 강서구 녹산산업북로 309, 유니테크 (송정동)",1명,2026-09-08 20:58:36
https://www.jobkorea.co.kr/Recruit/GI_Read/5610251/Ext?siteCode=WN&sc=,873102,"- 냉동수산물 전처리, 절단, 포장 업무 모집합니다. - 초보 가능 - 성별 상관없음 - 고용24 입사지원 확인 후 개별 연락드립니다.",어패류(수산물) 가공기계 조작원,-,고졸,관계없음,월급 220만원 ~ 250만원,고용형태,부산광역시 금정구 반송로490번길 26-9 (금사동),3명,2026-09-08 20:58:37
https://www.jobkorea.co.kr/Recruit/GI_Read/5610257/Ext?siteCode=WN&sc=,623004,냉동창고 지게차 운전 및 창고 입출고 업무입니다. 냉동창고 지게차 운전 - 3톤 미만 (아래 기재된 급여는 해당 근무시간에 대한 금액임. 1시간 연장근로 포함. 그 외 연장근로는 수당 별도지급) * 실제 구직의사 있으신 분만 지원해 주세요 (형식적 구직활동 사양),지게차 운전원,지게차운전원,학력무관,경력,"연봉 3,000만원 ~ 3,200만원",고용형태,부산광역시 사하구 다대로605번길 17 (다대동),1명,2026-09-08 20:58:37
https://www.jobkorea.co.kr/Recruit/GI_Read/5610205/Ext?siteCode=WN&sc=,028512,"[모집직무] 해양사업 분야(해양관측장비 유지보수 및 해상작업) 관련 업무 관리/지원 업무 [직무소개] 항로표지, 해양기상관측 관련 자재 제조, 구매, 조립 납품 및 해상설치 작업등을 전문으로 하는 업체입니다. - 해양 사업 진행시 안전관리 및 공정관리 등의 업무를 수행합니다. - 안전관리 및 공정관리와 관련된 문서작업 등을 담당합니다. - 해양 공사 및 해양관측장비 점검 / 유지관리 등 관련 PROJECT의 지원 업무도 진행합니다. [주요업무] - 해양 공사 관련 업무의 안전/공정 관리 및 문서 관리(ISO 안전관리 외) - 해양 공사 관련 영업 등 업무 지원 및 RnD 업무 지원 - 기타 관련 서류 업무(AI 활용 능력 우대 외)",품질관리 사무원(그 외 분야),-,대졸(2~3년)~박사,관계없음,"연봉 3,800만원 이상",고용형태,"부산광역시 강서구 가달2로 66, (주)젠 (생곡동)",1명,2026-09-08 20:58:37
https://www.jobkorea.co.kr/Recruit/GI_Read/5612399/Ext?siteCode=WN&sc=,561100,"※동래반도 유보라 청소 미화원(3명) 모집합니다. 1. 급여 : 1,785,360원(세전) 2. 근무형태 : 주 6일 근무 3. 근무시간 : 평 일 09시00분 ~ 16시00분 토요일 09시00분 ~ 12시00분 (휴게시간 12시00분 ~ 13시00분) 4. 업 무 : 아파트 청소 5. 제출방법 : 고용24 지원 및 팩스, 이메일 접수 ※ 전화 문의 사절 ※ 이력서 제출시 ""반도유보라 미화원 지원""작성 부탁드립니다",건물 청소원,-,학력무관,관계없음,월급 178만원 ~ 178만원,고용형태,"부산광역시 동래구 온천천로319번길 32, 동래반도 유보라 (낙민동, 동래 반도유보라)",3명,2026-09-08 20:58:37
https://www.jobkorea.co.kr/Recruit/GI_Read/5611645/Ext?siteCode=WN&sc=,890000,"- 조립식 건축자재 생산 업무 - 절단/ 절곡 / 판넬 이용한 도어 제작 - 행거 도어 제작 업무 - 주6일 근무 (연장 근무시 수당 지급) - 평일 : 오전 08:00~ 오후 17:00 , 토 : 오전 08:00~ 오후 12:00",기타 제조 관련 단순 종사원,-,고졸~대졸(4년),관계없음,월급 270만원 ~ 300만원,고용형태,부산광역시 강서구 낙동북로135번길 8 (강동동),2명,2026-09-08 20:58:37
https://www.jobkorea.co.kr/Recruit/GI_Read/5610845/Ext?siteCode=WN&sc=,231100,"- 주간활동서비스 제공인력 모집 - * 담당업무 : 발달장애인 주간활동서비스 제공 * 근무시간 : 09:00~18:00 * 급여기준 : 2026년 부산사회복지시설 인건비 기준에 준함(4급 1호봉 기준) * 자격기준 : ① ‘사회복지사업법’제11조에 따른 사회복지사 ② 초중등교육법’제21조에 의한 특수학교 정교사(1,2급) 및 준교사 ③ ‘장애인복지법’제72조의2에 따른 언어재활사 ④ ‘장애인복지법’제72조의3에 따른 장애인재활상담사 ⑤ ‘국민체육진흥법11조 및 시행령 제9조의3’에 따른 장애인스포츠지도사 ⑥ ‘장애아동복지지원법’시행규칙 제8조( 및 별표1)따른 발달재활서비스 제공인력 ⑦ ‘평생교육법’제24에 따른 평생교육사 ⑧ ‘국민평생직업능력개발법’제33조에 따른 직업능력개발훈련교사, ‘국가기술자격법’에 따른 직업상담사, 제빵기능사, 제과기능사, 조리기능사, 임상심리사 등 주간활동서비스와 관련된 기술‧기능 분야 및 서비스 분야 자격 소유자 ⑨ 사회복지기관에서 근무하여 장애인에게 직접 서비스를 제공한 경험이 1년 이상이거나 활동지원사로서 장애인에게 직접 서비스를 제공한 경험이 1년 이상인 자 ⑩ 사회복지학, 직업재활‧특수교육 또는 장애인 재활 관련학, 교육학, 언어치료학, (사회)체육학, 건강관리학, 음악‧미술 등 주간활동서비스와 관련된 분야 전공의 전문학사 이상의 학위 소지자 *필수사항 : ① 발달장애인 주간활동서비스 제공인력 자격기준 ①~⑩항목 중 1개 이상 요건을 충족하고, 제공인력으로 활동을 하며, 6개월 이내 주간활동서비스 교육 이수 예정인 자 ② 발달장애인 주간활동서비스 교육 이수자 및 이수 교육 중인 자 ③ 2종 보통운전면허소지자(즉시 운전가능자)*운전면허 1종 보통 이상 소지자 우대 *계약기간 : 2026.10.01 ~ 2027.09.30 ※ 서류전형 없이 지원자 전원 면접 실시 ※ 접수방법: 방문 및 우편 접수 ※ 주소 : (46505) 부산광역시 북구 금곡대로616번길 145 북구장애인종합복지관 ※ 문의 : ☎051-362-7755",사회복지사,-,학력무관,관계없음,월급 228만원 이상,고용형태,"부산광역시 북구 금곡대로616번길 145, 북구장애인종합복지관 (금곡동)",1명,2026-09-08 20:58:37
https://www.jobkorea.co.kr/Recruit/GI_Read/5610262/Ext?siteCode=WN&sc=,159103,"전계장PART (모집인원 1명) - 전기,전자관련학과(전문대 이상) 졸업(예정)자 - AUTO CAD PROGRAM 사용 가능 자 - INVENTOR 3D 사용 가능 자 우대 ** 3개월 수습기간 적용 (임금의 90% 지급)",기계·금속 제도사(캐드원),기계캐드원,학력무관,신입,월급 238만원 ~ 238만원,고용형태,부산광역시 강서구 미음산단2로 25,1명,2026-09-08 20:58:38
https://www.jobkorea.co.kr/Recruit/GI_Read/5610263/Ext?siteCode=WN&sc=,852102,"- 고무제품 성형프레스기 조작원 - 핫(열간)프레스 조작 - 오일씰, 오링, 브이링 등 고무제품 생산 - 제품 생산에 필요한 자재 준비 등",고무 압출성형기 조작원,-,학력무관,관계없음,월급 250만원 ~ 300만원,고용형태,"부산광역시 강서구 화전산단2로 94, 동남에스피지 (화전동)",1명,2026-09-08 20:58:38
https://www.jobkorea.co.kr/Recruit/GI_Read/5611495/Ext?siteCode=WN&sc=,232100,"보육, 안전, 사랑, 교육 ★ 취업의사가 확실하신분만 지원 바랍니다. (실업급여 목적 지원 금지!!!)",보육교사,어린이집교사,학력무관,관계없음,월급 215만원 이상,고용형태,부산광역시 동래구 석사북로95번길 72,2명,2026-09-08 20:58:38
https://www.jobkorea.co.kr/Recruit/GI_Read/5610184/Ext?siteCode=WN&sc=,027204,"급여 관련 전반적인 업무 법인 결산 및 외부 감사 총무 관련 지원 업무 회계 프로그램 더존 아이큐브 사용 중 입사지원 방법 고용24또는 담당자이메일 이메일주소:dolpinki@daum.net 입사서류 : 이력서 , 경력 증명서 또는 건강보험자격득실확인서",경리 사무원(제조),제조업장부정리원,학력무관,경력,"연봉 3,100만원 이상",고용형태,"부산광역시 사하구 하신번영로127번길 11, 경은산업(주) 1공장 사무동 3층",2명,2026-09-08 20:58:38
https://www.jobkorea.co.kr/Recruit/GI_Read/5611367/Ext?siteCode=WN&sc=,822301,"산업용 고속자동문 제작 업체입니다. • 자동문 제작원(그라인더 작업,드릴 작업가능자) • 용접(CO2) 가능자 • 자동문 수리 및 설치 외근 작업 있을수 있음(운전가능자) • 수습 3개월 1,기본 근로(월~금) : 08:00~17:00 2,연장 근로(월~금) : 17:00~18:30 3,주 5일 근무 4,법정공휴일 휴무 5,퇴직연금,연차,잔업수당,특근수당 있습니다.",제관원,제관원,학력무관,경력,"연봉 3,600만원 ~ 3,600만원",고용형태,부산광역시 사상구 감전천로 215 (감전동),1명,2026-09-08 20:58:38
https://www.jobkorea.co.kr/Recruit/GI_Read/5610935/Ext?siteCode=WN&sc=,561100,"[송도호텔]룸메이드 객실청소업무 -주중5일, 주말포함 스케줄 근무 -근무시간 : 8:00~17:00(휴게포함) -월급여 224만원 (특근, 연차수당, 퇴직금 별도) -수습 3개월, 1년 계약 후 연장검토 -암남동 송도해수욕장 인근 호텔",건물 청소원,-,학력무관,관계없음,월급 224만원 ~ 224만원,고용형태,"부산광역시 서구 송도해변로 113, 페어필드 바이 메리어트 송도 비치 (암남동)",1명,2026-09-08 20:58:38
https://www.jobkorea.co.kr/Recruit/GI_Read/5611674/Ext?siteCode=WN&sc=,550102,"[방문목욕] 요양보호사 모집 - 차량 방문 목욕 - 08:00~18:00 - 시급: 18,500원/ 운전자 21,500원",재가 요양보호사,-,학력무관,관계없음,"시급 18,500원 ~ 18,500원",고용형태,부산광역시 수영구 연수로382번길 11 (광안동),1명,2026-09-08 20:58:39
https://www.jobkorea.co.kr/Recruit/GI_Read/5611213/Ext?siteCode=WN&sc=,890000,"■주요업무 상세내용 - 제어프로그램 작성 및 수정을 통해 생산량 증가 - 작업 환경을 청결하게 유지 및 기계 정비 - 일정에 맞춰 생산작업 진행 및 품질 유지 - 생산과정에서 발생하는 문제점 해결 및 지속적 관리 ■근무조건 - 근무형태 : 정규직 (수습기간 : 3개월) / 연봉협상가능 - 근무지역 : 부산광역시 사하구 다산로53번길 44 - 근무요일 월,화,목,금 : 8시 30분~ 20시 (잔업은 협의가능) 수요일 : 8시 30분~ 17시 30분 토요일 : 8시 30분~ 17시 30분 (토요일 탄력근무 시행/선택가능) (일요일 및 공휴일 off) 주야교대근무(주단위교대) 야간근무시간:20:00~08:30(휴게 2시간 30분) - 통근버스운영 A버스 : 동매역 6번 출구 (07:50) ■우대사항 - 경력자 우대 - 지게차운전가능자 / 차량소지자 - 작업현장에서 실무자와의 협력 및 소통, 책임감 있으신 분 ■복리후생 - 6개월 이상 근무시 상여금 100% 지급 - 업무 교육을 통해 전문성 향상 - 리프레시 : 연차, 반차, 여름휴가 / 경조사 휴가제(증빙자료 제출) - 명절(설날, 추석) 선물 제공 - 4대보험, 퇴직금, 그 외 수당 지급 - 중,석식 제공(사내식당 운영) , 유니폼 지급 - 교통비 또는 유류비 지급, 체력단련비 지급",기타 제조 관련 단순 종사원,-,학력무관,관계없음,"시급 10,320원 ~ 10,320원",고용형태,"부산광역시 사하구 다산로53번길 44, 1층 (다대동)",1명,2026-09-08 20:58:39
https://www.jobkorea.co.kr/Recruit/GI_Read/5611335/Ext?siteCode=WN&sc=,816105,"* QC 업무 신입 및 경력직 모집 * 우대사항 - 해당직무 근무경험 (3년 이상 경력직 우대) , 문서작성 우수자, CAD/CAM 능숙자, 제철설비/산업설비 제조 회사 근무 경험자",기타 기계 조립·검사원,-,학력무관,관계없음,"연봉 3,500만원 ~ 4,800만원",고용형태,"부산광역시 사하구 을숙도대로569번길 10, 건창산기(주) (신평동, 543)",2명,2026-09-08 20:58:39
https://www.jobkorea.co.kr/Recruit/GI_Read/5611336/Ext?siteCode=WN&sc=,028502,"* 제관/용접 생산관리 업무 * 우대사항 - 당 직무 근무 경험, 문서작성 우수자, CAD/CAM 능숙자 * 3개월 수습기간 있음 ( 면접 후 결정 )",생산관리 사무원(기계·자동차·금속),기계·자동차·금속 관련 생산관리원,학력무관,경력,"연봉 3,500만원 ~ 4,500만원",고용형태,"부산광역시 사하구 을숙도대로569번길 10, 건창산기(주) (신평동, 543)",1명,2026-09-08 20:58:39
https://www.jobkorea.co.kr/Recruit/GI_Read/5611215/Ext?siteCode=WN&sc=,890000,생산직 사원 : 동파이프 인발기기 조작/완성반,기타 제조 관련 단순 종사원,권선공,학력무관,관계없음,"시급 10,320원 ~ 10,320원",고용형태,"부산광역시 강서구 화전산단2로134번길 27, 대동신관 (화전동)",2명,2026-09-08 20:58:39
https://www.jobkorea.co.kr/Recruit/GI_Read/5611282/Ext?siteCode=WN&sc=,159103,• 공사 관련 안전 서류 작성 및 신청 업무 많습니다. • CAD 도면 작성 및 수정 작업을 수행합니다 • 간단한 경리 사무 보조 업무 합니다.,기계·금속 제도사(캐드원),-,대졸(2~3년)~대졸(4년),신입,"연봉 3,700만원 ~ 3,700만원",고용형태,부산광역시 사상구 감전천로 215 (감전동),1명,2026-09-08 20:58:39
https://www.jobkorea.co.kr/Recruit/GI_Read/5611317/Ext?siteCode=WN&sc=,151106,"항만물류, 복합물류, 해운물류 관련 연구수행",조선·해양공학 기술자 및 연구원,조선공학기술자,박사,관계없음,"연봉 3,800만원 ~ 8,500만원",고용형태,"부산광역시 부산진구 중앙대로 955, 8, 9층 (양정동)",1명,2026-09-08 20:58:39
https://www.jobkorea.co.kr/Recruit/GI_Read/5611318/Ext?siteCode=WN&sc=,110100,"계량모형개발, 경기진단, 정책효과 분석 관련 연구수행",인문과학 연구원,-,박사,관계없음,"연봉 3,800만원 ~ 8,500만원",고용형태,"부산광역시 부산진구 중앙대로 955, 8, 9층 (양정동)",1명,2026-09-08 20:58:40
https://www.jobkorea.co.kr/Recruit/GI_Read/5611319/Ext?siteCode=WN&sc=,110200,"지역경제 및 산업, 산업정책 관련 연구수행",사회과학 연구원,경제학연구원,박사,관계없음,"연봉 3,800만원 ~ 8,500만원",고용형태,"부산광역시 부산진구 중앙대로 955, 8, 9층 (양정동)",1명,2026-09-08 20:58:40
https://www.jobkorea.co.kr/Recruit/GI_Read/5610879/Ext?siteCode=WN&sc=,027206,- 생활폐기물 관련자료 입력 및 마감 (엑셀 가능자) - 급여 계산 및 단순 경리 업무 (회계사무실 전달 전 업무) - 사무 지원 업무 (워드(HWP) 가능자) - 기본적인 사무실 정리ㆍ정돈 - 경력1년 이상,경리 사무원(일반사업체),경리,학력무관,경력,월급 240만원 ~ 240만원,고용형태,"부산광역시 금정구 공단로8번길 15, 2층 (금사동)",1명,2026-09-08 20:58:40
https://www.jobkorea.co.kr/Recruit/GI_Read/5611017/Ext?siteCode=WN&sc=,550102,"3등급 85세 할머니 요양보호 식사준비, 가사도움, 산책 등. 화장실 이용하심. 오후 1시~ 4시 3시간 차분하고 깔끔한 성격이심.",재가 요양보호사,재가요양보호사,학력무관,경력,"시급 10,320원 ~ 10,320원",고용형태,"부산광역시 남구 천제등로28번길 50, 대연동 현대아파트 (대연동, 대연동 현대아파트)",1명,2026-09-08 20:58:40
https://www.jobkorea.co.kr/Recruit/GI_Read/5610200/Ext?siteCode=WN&sc=,836000,"[모집직무] PLC 프로그래밍, HMI 설계 엔지니어, 자동제어 시스템 엔지니어, 전기 공학 엔지니어 [직무소개] 우리 기업은 산업용 제어 시스템을 제작 및 설계하고 개발하는 전문 기업입니다. 본 직무는 배전반 및 전기 자동제어반 제작 및 PLC & HMI 설계를 담당합니다. [주요업무] - 배전반 및 전기 자동제어반 설계 - 시스템 테스트 및 점검 - PLC 프로그래밍 및 시스템 구축 - HMI 디자인 및 개발 - 사용자에게 기술적 지원 제공",전기·전자 부품 및 제품 조립원,-,학력무관,경력,"연봉 4,000만원 ~ 6,000만원",고용형태,"부산광역시 강서구 공항로393번길 67, 성보 E&S (대저2동)",2명,2026-09-08 20:58:40
https://www.jobkorea.co.kr/Recruit/GI_Read/5610741/Ext?siteCode=WN&sc=,550102,"[우동]재가요양보호사 -4등급 80대 남자어르신, 독거 -주5~6일, 9:00~12:00 (3시간), 24회 -부축 도움, 식사 및 가사 등 일상생활 지원 -시급 및 제수당 13,100원 -해운대 우동 자이 아파트 1단지",재가 요양보호사,재가요양보호사,학력무관,관계없음,"시급 10,320원 ~ 10,320원",고용형태,"부산광역시 해운대구 해운대로 435, 201동 ****호 (우동, 해운대자이1차)",1명,2026-09-08 20:58:40
https://www.jobkorea.co.kr/Recruit/GI_Read/5611601/Ext?siteCode=WN&sc=,813201,CNC 선반 더보기,CNC 선반 조작원(NC 선반 조작원),CNC선반기능원,학력무관,경력,월급 315만원 이상,고용형태,부산광역시 강서구 화전산단6로32번길 17 (화전동),1명,2026-09-08 20:58:41
https://www.jobkorea.co.kr/Recruit/GI_Read/5611217/Ext?siteCode=WN&sc=,852103,"저희 회사는 선박 엔진에 들어가는 O-RING 및 고무제품을 생산하는 업체 입니다. 생산부 정규 직원 1명 모집하고 있으며, 경력이 없으셔도 금방 배우실 수 있습니다. 긍정적인 자세로 저희와 오래 함께 하실 직원을 모집 합니다.",고무 프레스기 조작원,고무유압프레스기조작원,학력무관,관계없음,"시급 10,320원 이상",고용형태,부산광역시 사상구 학장로 301,1명,2026-09-08 20:58:41
https://www.jobkorea.co.kr/Recruit/GI_Read/5610324/Ext?siteCode=WN&sc=,550102,"- 70대 남자어르신(3등급) 식사도움, 일상생활 도움 주4회(월, 수, 금, 토) 연락처 051-782-5640",재가 요양보호사,재가요양보호사,학력무관,관계없음,"시급 13,000원 이상",고용형태,"부산광역시 영도구 동삼북로 2, 205동 (동삼동, 주공아파트)",1명,2026-09-08 20:58:41
https://www.jobkorea.co.kr/Recruit/GI_Read/5610201/Ext?siteCode=WN&sc=,882100,부산 강서구 소재 제재소 목재 재단 및 운반 적재 업무 인력 모집합니다.,목재 가공 관련 기계 조작원,-,고졸~대졸(2~3년),신입,월급 240만원 ~ 260만원,고용형태,"부산광역시 강서구 낙동북로188번길 12, 평강특수목 (대저1동)",2명,2026-09-08 20:58:41
https://www.jobkorea.co.kr/Recruit/GI_Read/5610327/Ext?siteCode=WN&sc=,890000,• 자동차 고무제품 생산직 모집 • 업무내용 - 제조 생산업무 (자동차(트렁크) 부품-고무제품) • 자격요건 - 경력/학력 무관 (여성가능) • 통근버스 운행 (반여농산물센터-금사동하이마트 - 회동동 - (정관기업은행) - 장안산업단지) • 근무 시간 - 주5일 / 8:30~17:10 ***평일 사전 연락 후 방문 면접 070-5001-2235,기타 제조 관련 단순 종사원,권선공,학력무관,관계없음,"시급 10,320원 ~ 10,320원",고용형태,부산광역시 기장군 장안읍 장안산단로 152,2명,2026-09-08 20:58:41
https://www.jobkorea.co.kr/Recruit/GI_Read/5610653/Ext?siteCode=WN&sc=,550102,"[연지동 세동한신아파트 근무예정] * 4등급 80대후반 여자 어르신 (약간의 치매증상있음/주간보호센터 다녀오신후 케어 희망함) * 근무시간: 오후 6시~8시(2시간, 주3일/월, 수, 금) * 시급 13,000원(최저시급 및 제수당 포함) * 가사지원 및 일반요양서비스 업무 등 * 채용담당자 : 051)757-2330",재가 요양보호사,재가요양보호사,학력무관,관계없음,"시급 10,320원 ~ 13,000원",고용형태,"부산광역시 부산진구 새싹로 183, 근무예정 (연지동, 세동한신아파트)",1명,2026-09-08 20:58:41
https://www.jobkorea.co.kr/Recruit/GI_Read/5612158/Ext?siteCode=WN&sc=,821200,"범용선반가공, CNC선반가공",금속가공 기계 조작원,-,학력무관,경력,월급 350만원 이상,고용형태,"부산광역시 강서구 녹산산단261로60번길 40 (송정동, 녹산국가산업단지內)",1명,2026-09-08 20:58:42
https://www.jobkorea.co.kr/Recruit/GI_Read/5611943/Ext?siteCode=WN&sc=,561101,"[사직동]상가 미화원 모집 -주6일(주말근무, 평일1일휴무) -08:00~15:00/ 13:00~20:00(월7회정도) 로테이션 근무 -시급 10,320원 -사직운동장 인근","건물 청소원(공공건물,아파트,사무실,병원,상가,공장 등)",상가청소원,학력무관,관계없음,"시급 10,320원 ~ 10,320원",고용형태,부산광역시 동래구 사직북로 4 (사직동),1명,2026-09-08 20:58:42
https://www.jobkorea.co.kr/Recruit/GI_Read/5611971/Ext?siteCode=WN&sc=,232903,"장애인활동지원사 1명 모집 - 12세 발달 장애 남아 이용자 - 사회/신체활동 지원(하교, 방과 후 귀가 일정 및 센터 동행, 의사표현 어려움으로 이동 전후 배변지도, 확인 도움 등) -두리발 이용 또는 도보 이동 - 근무 일정 : 월~ 금 오후 시간(14:00~19:00) **요일별 일정에 따라 변동있음 월 14:30 하교 후 해운대 언어센터(15:00) 16:00귀가 화 14:30 하교 후 귀가, 해운대 언어센터(15:40~ 16:20) 수업 후 17:30 수영 차량 탑승까지 수 13:40 하교 후 해운대 언어센터(15:30~16:10) 18:00 ~ 19:00 귀가 목 14:30 하교 후 해운대 언어센터(14:50) 18:00 ~ 19:00 귀가 금 14:30 하교 후 해운대 언어센터(15:30) 18:00 ~ 19:00 귀가 -제출서류: 활동지원사 이수증, 건강진단서 등 관련 서류",장애인 생활지도원(장애인활동보조원 포함),장애인활동지원사,학력무관,관계없음,"시급 10,320원 ~ 13,400원",고용형태,"부산광역시 해운대구 대천로103번길 9, - (좌동, 대림2차아파트)",1명,2026-09-08 20:58:42
https://www.jobkorea.co.kr/Recruit/GI_Read/5612046/Ext?siteCode=WN&sc=,140303,토목공사현장 현장 공무직원 모집,토목시공 기술자(토목견적 포함),APT토목시공기술자,학력무관,경력,"연봉 5,000만원 ~ 6,000만원",고용형태,부산광역시 사하구 을숙도대로 466 (신평동),1명,2026-09-08 20:58:42
https://www.jobkorea.co.kr/Recruit/GI_Read/5610255/Ext?siteCode=WN&sc=,564900,터미널내 반입되는 컨테이너의 수리,기타 서비스 관련 단순 종사원,-,학력무관,관계없음,"연봉 2,900만원 ~ 2,900만원",고용형태,"부산광역시 남구 용당동 신선로 294, 신선대감만터미널(신선대) (용당동)",2명,2026-09-08 20:58:42
https://www.jobkorea.co.kr/Recruit/GI_Read/5612157/Ext?siteCode=WN&sc=,027207,"- 동래반도유보라 경리 구인합니다- 1.급여 : 2,600,000원(세전) 2. 근무형태 : 주 5일 근무 (토요일,일요일,공휴일) 3. 근무시간 : 09시00분 ~ 18시00분 4. 접수방법 : 고용24, 팩스,이메일 지원 ※※ 전화 문의 사절 ※※ 이력서 지원시 ""반도유보라 경리"" 작성 부탁드립니다.",경리 사무원(아파트·빌딩),-,고졸,경력,월급 260만원 ~ 260만원,고용형태,"부산광역시 동래구 온천천로319번길 32, 동래 반도유보라 (낙민동, 동래 반도유보라)",1명,2026-09-08 20:58:42
https://www.jobkorea.co.kr/Recruit/GI_Read/5612137/Ext?siteCode=WN&sc=,304002,"▶ 관자재요양병원 병동 간호사 Night Keep 모집 - 직무 : 환자의료지원, 환자상태 관찰 및 기록, 의료진 지원 및 협력, 경력2년 이상 - 근무시간 : 21시~08시 (휴게시간 23시~24/2시~4시) - 자격요건 : 간호사 면허증 필수, 2년이상 경력 필수 - 제출서류 : 이력서, 자기소개서, 경력증명서, 졸업증명서, 기타 - 급여: 200만원~ 협의 - 근무처 : 부산시 금정구 금단로 140-2 - 접수방법 : 고용24지원, 이메일wwhouse@daum.net ""제목:관자재병원 지원자ooo""",일반 간호사,병동간호사,대졸(4년),경력,월급 200만원 ~ 200만원,고용형태,"부산광역시 금정구 금단로 140-2, 관자재요양병원 (남산동)",1명,2026-09-08 20:58:42
https://www.jobkorea.co.kr/Recruit/GI_Read/5612116/Ext?siteCode=WN&sc=,813207,"프라즈마 절단, 가스(CNC) 절단, 레이저 절단",프레스기 및 절단기 조작원,프라즈마(플라즈마)절단기조작원,학력무관,관계없음,"연봉 3,300만원 이상",고용형태,부산광역시 강서구 녹산산단261로59번길 42 (송정동),1명,2026-09-08 20:58:42
https://www.jobkorea.co.kr/Recruit/GI_Read/5612117/Ext?siteCode=WN&sc=,027100,"1. 회계 일반업무 2. 4대보험 취득,상실 / 총무 3. 더존(위하고) 회계프로그램 필수 사용가능, 엑셀사용 4. 차량소지자 (교통비지급) ★ 면접 및 업무 인수인계는 본사에서 진행 (본사주소: 부산시 강서구 녹산산단17로 8)★",회계 사무원,-,학력무관,경력,"연봉 3,000만원 ~ 3,500만원",고용형태,"부산광역시 강서구 미음산단1로15번길 25, (주)삼락열처리 미음지점 (구랑동)",1명,2026-09-08 20:58:43
https://www.jobkorea.co.kr/Recruit/GI_Read/5612156/Ext?siteCode=WN&sc=,420402,유아 및 어린이 수영 지도 및 케어,수영·골프·테니스·배드민턴·탁구 등 스포츠 강사,수영강사,학력무관,관계없음,월급 260만원 ~ 300만원,고용형태,부산광역시 해운대구 세실로 87,2명,2026-09-08 20:58:43
https://www.jobkorea.co.kr/Recruit/GI_Read/5611712/Ext?siteCode=WN&sc=,550102,"[범천동(만리산로)] 방문요양 요양보호사 -70대 여자 어르신, 따님과 거주하나~ 따님이 19시경 댁 도착 -평일 월~금요일 주 5회, 17:30~19:00 (90분, 1시간 30분), -저녁식사 등 모두 주간보호에서 하시고 가심. 보호자 오시기 전까지 함께 정서지원, -큰 업무 없음(식사준비 등 안함) -시급 및 제수당 13,100원 ** 동 구인은 실제 서비스 제공 기간에 따라 임금을 계산하여 지급하는 형태로 채용 시 근로자마다 주 소정 근로 시간이나 임금, 근무(예정)지 등에 차이가 있을 수 있음 **",재가 요양보호사,재가노인요양사,학력무관,관계없음,"시급 13,100원 ~ 13,100원",고용형태,"부산광역시 부산진구 만리산로 46, 1동 (범천동, 하나로아파트)",1명,2026-09-08 20:58:43
https://www.jobkorea.co.kr/Recruit/GI_Read/5611721/Ext?siteCode=WN&sc=,027208,"거래명세표, 세금계산서 발행 월 매입,매출 마감 우편물 확인 등등 사무보조 사무실 청소 등",단순 경리 사무원,단순 경리,학력무관,관계없음,"시급 10,320원 ~ 10,320원",고용형태,부산광역시 금정구 개좌로 195,1명,2026-09-08 20:58:43
https://www.jobkorea.co.kr/Recruit/GI_Read/5612150/Ext?siteCode=WN&sc=,306501,주간보호센터에서 물리치료사 구합니다. 운전가능하신 분 지원 부탁드립니다. 주간보호센터 경력 있으신 선생님 우대합니다!,물리치료사,물리치료사,학력무관,관계없음,월급 230만원 ~ 230만원,고용형태,"부산광역시 동구 중앙대로 328, 4층 (초량동, 금산빌딩)",1명,2026-09-08 20:58:43
https://www.jobkorea.co.kr/Recruit/GI_Read/5611731/Ext?siteCode=WN&sc=,232100,아침돌봄 7시~9시 자격은 따로 무관,보육교사,어린이집센터장,학력무관,신입,"시급 12,380원 ~ 12,380원",고용형태,"부산광역시 북구 효열로 117, 부산시 북구 효열로 117 햇빛유치원 (금곡동)",1명,2026-09-08 20:58:43
https://www.jobkorea.co.kr/Recruit/GI_Read/5611315/Ext?siteCode=WN&sc=,415501,"홈페이지제작, 쇼핑몰제작업무, 코딩, 포토샵 가능자",웹 디자이너,웹디자이너,학력무관,경력,"연봉 2,600만원 ~ 3,200만원",고용형태,부산광역시 부산진구 연수로11번길 5 (양정동),1명,2026-09-08 20:58:44
https://www.jobkorea.co.kr/Recruit/GI_Read/5611919/Ext?siteCode=WN&sc=,550100,"[좌동] 방문목욕 요양보호사 모집 - 근무장소: 해운대구 양운로 92 (나하나빌딩 3층, 길데이케어센터) - 직무: 차량 방문목욕 요양보호사 /남녀무관 - 치매교육이수자 - 근무시간: 기본 1가구당 1시간(다가구 가능하므로 시간 조율 가능) /주1~5일 (일수 조율 가능) - 급여 : 운전가능자 22,000원/ 운전면허 미소지자 18,000원 -지원방법: 팩스 051-741-1107 /이메일 gilcare1109@naver.com / 고용24",요양보호사,-,학력무관,관계없음,"시급 18,000원 ~ 22,000원",고용형태,"부산광역시 해운대구 양운로 92, 2층 3층 (좌동, 나하나빌딩)",4명,2026-09-08 20:58:44
https://www.jobkorea.co.kr/Recruit/GI_Read/5611944/Ext?siteCode=WN&sc=,532300,"[사직동]구내식당 청소 및 보조원 -기물, 설거지, 홀청소 업무 등 업무 -주5일(월~금), 9:00~18:00(휴게포함) **공휴일 근무없음/병원 운영 시 근무발생가능 -월 215만원, 식사제공 -정규채용(수습3개월), 퇴직금 별도 -사직역 400m, 사직야구장 인근 -입사시 보건증 필수",주방 보조원,-,학력무관,관계없음,"시급 10,320원 ~ 10,320원",고용형태,부산광역시 동래구 여고로 12 (사직동),1명,2026-09-08 20:58:44
https://www.jobkorea.co.kr/Recruit/GI_Read/5612159/Ext?siteCode=WN&sc=,232100,"바다빛 어린이집에서 함께 할 어린이집 연장반, 0세 담임교사를 모집합니다. 1. 근무 시작일: 2026년 9월 2. 제출 서류: 이력서(사진 첨부), 보육교사 자격증, 경력 증명서 3. 면접: 서류참고 후 개별통보 4. 접수 방법: 이메일 접수 (bada-2121@naver.com) 5. 급여 기준: 보육사업 지침 준수 6. 접수된 서류는 반환하지 않습니다",보육교사,어린이집교사,학력무관,관계없음,월급 219만원 ~ 241만원,고용형태,"부산광역시 수영구 민락수변로7번길 60, 바다빛 어린이집 (민락동)",1명,2026-09-08 20:58:44
https://www.jobkorea.co.kr/Recruit/GI_Read/5612165/Ext?siteCode=WN&sc=,821200,"폴딩도어(창호) 재단 제작 현장설치 보조업무 알루미늄 재단, 조립, 부자배 단순조립, 공장정리, 현장설치시 보조 *수습기간 3개월 있음(급여동일)",금속가공 기계 조작원,-,학력무관,관계없음,월급 230만원 ~ 250만원,고용형태,부산광역시 강서구 낙동북로60번길 32-7 (강동동),3명,2026-09-08 20:58:44
https://www.jobkorea.co.kr/Recruit/GI_Read/5613206/Ext?siteCode=WN&sc=,550100,"[청학동]재가요양보호사 - 2등급 80대 중반 여자어르신 (자녀 함께 거주, 해당시간 부재) - 부축도움, 위생관리, 식사 및 가사지원 ☆주6일, 오후 1시~4시(3시간) **추가근무 가능하신분(협의) - 시급 및 제수당포함 13,000원 (중증수당 별도) - 청학동 82번종점 인근",요양보호사,-,학력무관,관계없음,"시급 10,320원 이상",고용형태,"부산광역시 영도구 청학로8번길 7, 82번종점 인근 (청학동)",1명,2026-09-08 20:58:44
https://www.jobkorea.co.kr/Recruit/GI_Read/5612166/Ext?siteCode=WN&sc=,027206,"※ 본 회사는 선박에 식자재 및 그외 필요한 물품을 공급 하는 회사 입니다 ※ 📋 주요업무 주 업무는 선박에서 오는 견적 및 매입 업무입니다 인터넷 구매도 있다보니 인터넷 서치 잘하시고 사무 경력 있으신분만 지원 부탁드립니다 선박 납품 특성상 선박 스케줄에 따라 야간 및 휴일에 업무를 해야하는 경우도 있을수 있으며 (가능하신 분만 지원해주세요) 회사 규정에 따라 수당 별도 지급합니다 ※ 기본급 외 + @ (연차수당,휴일수당 등) ※ 5일제 (격주 토요일 근무 , 토요일 근무날에는 평일에 하루 휴무) 입니다 사무 업무 특성상 꼼꼼하고 손이 빠른분이면 좋겠고 성실하고 책임감 있으신분이면 좋겠습니다",경리 사무원(일반사업체),전표사무원,학력무관,경력,월급 250만원 ~ 250만원,고용형태,"부산광역시 강서구 영강길 153-7, 시원마린 (명지동, 명지농협)",1명,2026-09-08 20:58:45
https://www.jobkorea.co.kr/Recruit/GI_Read/5612168/Ext?siteCode=WN&sc=,823301,조형틀을 놓고 믹서기에서 나오는 모래를 다지는 작업. 기본적으로 체력이 좀 있어야 함.,"주조원(목형원, 원형원, 주형원)",모형원,학력무관,관계없음,월급 270만원 이상,고용형태,"부산광역시 사상구 대동로209번길 42, 학장동",2명,2026-09-08 20:58:45
https://www.jobkorea.co.kr/Recruit/GI_Read/5611726/Ext?siteCode=WN&sc=,824107,"용접 사상원 및 보조원 모집 내용 : 사상 및 업무 보조 근무 시간 08시 ~ 17시 월,화,목,금 잔업 있음 (2시간) 19시 30분 업무 마감 토요일 격주 휴무 (1,3주 토요일 휴무) 법정 공휴일 휴무",용접 사상원 및 보조원,-,학력무관,관계없음,"시급 13,000원 이상",고용형태,"부산광역시 강서구 화전산단2로 78, 하나테크 (화전동)",1명,2026-09-08 20:58:45
https://www.jobkorea.co.kr/Recruit/GI_Read/5611964/Ext?siteCode=WN&sc=,550100,"[대연동] 재가요양보호사(부부케어) -5등급 80대 여자, 4등급 90대 남자어르신 ★24년 이후 자격취득 또는 치매이수 필수 *남자어르신 오전에 주간보호센터 등원 -주5일(월~금) 10시~16시 (6시간) - 식사 및 가사도움, 인지활동 - 시급 및 제수당 포함 13,000원 - 대연 5동 못골파출소 인근",요양보호사,-,학력무관,관계없음,"시급 10,320원 ~ 10,320원",고용형태,"부산광역시 남구 못골번영로72번길 11 (대연동, HC채마루)",1명,2026-09-08 20:58:45
https://www.jobkorea.co.kr/Recruit/GI_Read/5612173/Ext?siteCode=WN&sc=,232100,강서구 신호동에 위치한 부영2차사랑으로어린이집에서 반 증설로 인하여 담임교사 모집합니다. 밝고 따뜻한 선생님들의 많은 지원바랍니다.^^,보육교사,어린이집교사,학력무관,경력,월급 215만원 ~ 215만원,고용형태,"부산광역시 강서구 신호산단4로 27, 1층 어린이집 (신호동, 부산신호사랑으로부영2차)",1명,2026-09-08 20:58:45
https://www.jobkorea.co.kr/Recruit/GI_Read/5612154/Ext?siteCode=WN&sc=,231101,"주간보호센터 사회복지사 업무 소형승용차 운전 가능한 분 (운전 필수) 토요일 근무 할 수 있음 (토요일 근무시 평일 휴무), 주 5일근무 월-금 - 9:30~ 18:30(변동가능) 토요일 - 7:30~16:30 서류접수(이력서, 자기소개서) 부탁드리겠습니다 그 후 개별연락하겠습니다! 월급 2,523,200(식대포함) 설 추석 20만원 상여금지급",사회복지사(사회복지시설),"사회복지사(사회복지시설, 노인복지시설, 장애인복지시설 등)",학력무관,관계없음,월급 252만원 ~ 252만원,고용형태,"부산광역시 부산진구 가야대로 451, 2층 (개금동, 개금메디칼빌딩)",1명,2026-09-08 20:58:45
https://www.jobkorea.co.kr/Recruit/GI_Read/5612155/Ext?siteCode=WN&sc=,862200,"[모집직무] 재단사, 패턴사 [직무소개] 우리 회사는 소방 특수 방화복과 군북 분야를 선도하고 있습니다. 본 채용은 의류 재단 자동화 시스템의 효율성을 높이고 제품 품질을 향상시키는 데 기여할 재단사, 패턴사를 모집합니다. 자동재단기 사용 경험이 있는분 우대합니다. [주요업무] - 자동 재단 기계의 사용 및 관리 - 재단 작업 효율성 분석 및 개선 - 패턴 제작 및 수정 - 제품 샘플 제작 및 재단 품질 확인",재단사,장갑재단원(가죽제외),학력무관,경력,월급 250만원 ~ 300만원,고용형태,"부산광역시 기장군 기장읍 차성로 337, (주)하나산업",1명,2026-09-08 20:58:45
https://www.jobkorea.co.kr/Recruit/GI_Read/5612153/Ext?siteCode=WN&sc=,531802,"근무시간 09:00-14:00 (휴게시간 30분 포함) 급여 : 일 4시간30분 근무 1,250,000원 * 조리기능사 자격증 소지 오랫동안 함께 근무하실 조리사님을 기다립니다.",유치원·어린이집 급식 조리사,유치원급식조리사,학력무관,관계없음,월급 125만원 ~ 125만원,고용형태,부산광역시 부산진구 가야대로454번길 52 (개금동),1명,2026-09-08 20:58:46
https://www.jobkorea.co.kr/Recruit/GI_Read/5612120/Ext?siteCode=WN&sc=,016100,[모집직무] 지하철 금속공사 현장 공무 관련 서류작업 및 현장관리,건설 및 광업 관련 관리자(부서장),건설관련관리자,학력무관,경력,"연봉 3,700만원 이상",고용형태,부산광역시 기장군 정관읍 산단2로 16-5,1명,2026-09-08 20:58:46
https://www.jobkorea.co.kr/Recruit/GI_Read/5612132/Ext?siteCode=WN&sc=,532302,"[동래구] 금강요양병원 조리원 모집 *업무내용 : 식자재 전처리, 환자 및 직원식 조리보조 *2교대근무 (스케줄표에 의해 운영, 조율가능) *근무시간: 05:00~13:00 / 09:00~18:00 (휴게시간 2시간포함) *급여: 210-230만원 정도(면접시 임금 협의가능) *조리사 자격증 소지자 우대(자격수당 지급) *신입지원 가능, 인근거주자 우대 *온천장역 500m, 농심호텔 인근",단체 급식 보조원,-,학력무관,관계없음,월급 215만원 ~ 230만원,고용형태,"부산광역시 동래구 금강공원로 32, . (온천동)",1명,2026-09-08 20:58:46
https://www.jobkorea.co.kr/Recruit/GI_Read/5611976/Ext?siteCode=WN&sc=,550102,"- 목욕도움및 청소 - 3등급 80세 여자 어르신 - 주3일, 16:00~19:00 (오전,오후 시간조정가능) *사하구청일자리지원센터에서 채용대행중입니다. 지원문의 051-220-5967 로 부탁드립니다.",재가 요양보호사,재가요양보호사,학력무관,관계없음,"시급 10,320원 ~ 10,320원",고용형태,"부산광역시 사하구 다대로277번길 85, 106동 (장림동, 신세대지큐빌)",1명,2026-09-08 20:58:46
https://www.jobkorea.co.kr/Recruit/GI_Read/5611725/Ext?siteCode=WN&sc=,824100,CO2 용접 더보기,용접원,-,학력무관,관계없음,"시급 15,000원 이상",고용형태,"부산광역시 강서구 화전산단2로 78, 하나테크 (화전동)",1명,2026-09-08 20:58:46
https://www.jobkorea.co.kr/Recruit/GI_Read/5612126/Ext?siteCode=WN&sc=,561101,"<채용대행> 서면 오피스텔 미화원 - 근무지: 부산진구 서면로 10 서면데시앙스튜디오 오피스텔 - 근무시간: 9시~16시(평일) / 9시~12시(토요일) *주6일 - 급여: 월급 1,754,400원 - 제출서류: 이력서 - 접수방법: 이메일(hw702-9196@naver.com) /팩스(051-702-9188) - 문의: 해운대여성인력개발센터(☎ 051-702-9198) *채용 후 바로 근무 가능자 희망 *3개월 수습기간 있음 *해운대새일 채용대행 구인건입니다. 실업급여 수급 목적을 위한 지원은 지양해주세요.*","건물 청소원(공공건물,아파트,사무실,병원,상가,공장 등)",-,학력무관,경력,월급 175만원 ~ 175만원,고용형태,부산광역시 부산진구 서면로 10 (부전동),1명,2026-09-08 20:58:47
https://www.jobkorea.co.kr/Recruit/GI_Read/5612151/Ext?siteCode=WN&sc=,231100,"• 모집 직종: 사회복지사 • 고용 형태: 기간의 정함이 있는 근로 계약 • 근무지: 도로명 주소: 부산광역시 영도구 태종로 75 3층 (대교동1가) [위치 및 입지 장점] • 원도심 중심축 및 우수한 교통 접근성 ◦ 영도 입구인 대교동1가(태종로)에 위치해 있어 남포동, 중앙동, 롯데백화점 광복점 등 중구 원도심과의 접근성이 매우 뛰어납니다.(롯데백화점에서 1구역 후 하차) ◦ 영도대교 및 부산대교와 인접해 부산 도시철도 1호선 남포역 및 주요 버스 노선 이용이 편리하여 근로자 (사회복지사·요양보호사)와 보호자 방문이 용이합니다. [상세 모집 요강] 1. 주요 업무 내용 • 수급자 관리 • 라인 관리 및 라운딩(업무용차량 제공). • 행정 및 평가 업무 2. 자격 요건 • 필수: 사회복지사 자격증 소지자 (1급 또는 2급), 운전면허 소지 및 실제 운전 가능자 3. 근무 조건 • ​근무 요일: 주 5일 (월~금) • ​근무 시간: 09:00 ~ 18:00 (휴게시간 1시간 포함) • ​급여 조건: 기본 2,156,880+경력 20만원한 (경력에 따라 협의 가능 / 퇴직금, 4대 보험 적용) ● 장기근속 장려금: 12개월~ 5만/36개월~14만/60개월~16만 ​4. 제출 서류 및 접수 방법 • ​제출 서류: 이력서, 자기소개서, 사회복지사 자격증 사본, 운전면허증 사본 • ​접수 방법: 고용24 입사지원 또는 이메일 접수 (전화 후 방문 가능) • ​문의 전화: 051-860-1962",사회복지사,-,학력무관,관계없음,월급 215만원 ~ 235만원,고용형태,"부산광역시 영도구 태종로 382, 3층 (청학동, 동구빌딩)",1명,2026-09-08 20:58:47
https://www.jobkorea.co.kr/Recruit/GI_Read/5612171/Ext?siteCode=WN&sc=,824100,비철용접가능자 더보기,용접원,-,학력무관,경력,월급 420만원 ~ 420만원,고용형태,"부산광역시 강서구 과학산단1로103번길 17, 나동 (지사동)",1명,2026-09-08 20:58:47
https://www.jobkorea.co.kr/Recruit/GI_Read/5612152/Ext?siteCode=WN&sc=,231100,1. 노인일자리 전담인력 가. 채용인원 : 1명 나. 자격 1) 노인일자리사업에 관심이 있는 분 2) 사회복지사 자격증 소지자 우대 3) 관련직종 유경험자 우대 4) PC 및 엑셀 능통자 우대 5) 운전가능자 우대 ※3개월 계약 후 1년단위 계약 연장 여부 검토,사회복지사,-,학력무관,관계없음,월급 216만원 ~ 216만원,고용형태,"부산광역시 서구 장군산로46번길 21, 서구노인복지관 (암남동)",1명,2026-09-08 20:58:47
https://www.jobkorea.co.kr/Recruit/GI_Read/5612161/Ext?siteCode=WN&sc=,550100,"🌿 살루스 해운대통합돌봄센터 내 주간보호 요양보호사 선생님을 모십니다 🌿 살루스 해운대통합돌봄센터는 「노인복지법」에 따라 운영되는 재가노인복지시설로, 7명의 어르신 담임을 맡아주실 담임 요양보호사를 다음과 같이 채용하고자 하오니 많은 관심과 지원 부탁드립니다. 1. 모집인원 ∙ 요양보호사 2명 2. 근무형태 및 시간 ∙ 주 5일 근무 / 하루 8시간 (주 40시간) ∙ 8:30 ~ 17:30 (또는 8:00~17:00) ∙ 휴일대체휴무제, 탄력적근로시간제 운영 중 3. 주요 업무 ∙ 신체 및 인지 기능향상을 위한 프로그램 보조 및 진행 ∙ 이용자 및 보호자 상담 ∙ 위생관리, 이동도움, 송영 업무 등 4. 급여 ∙ 월225만원 (3개월 수습 있음) 5. 우대사항 ∙ 어르신을 따뜻하게 대하시는 분 ∙ 긍정적인 에너지로 팀에 좋은 영향을 주시는 분 ∙ 청년 우대 (비수도권 청년일자리 도약장려금 인센티브 해당 기업) 6. 문의 및 지원 ∙ 전화문의: 051-704-9988 ∙ 담당자: 허정아 채용담당자 *** 사회복지사업법 제 35조의 2항 및 노인복지법 제 37조 17의 1항에 의거 사회복지시설 종사자의 결격사유에 해당 여부 확인(노인학대 등 범죄경력조회)을 거쳐 최종 채용이 확정됨을 알려드립니다. ***",요양보호사,-,대졸(2~3년)~석사,관계없음,월급 225만원 ~ 225만원,고용형태,"부산광역시 해운대구 좌동로 88, 4층 401호 (좌동, 울트라타워)",2명,2026-09-08 20:58:47
https://www.jobkorea.co.kr/Recruit/GI_Read/5612170/Ext?siteCode=WN&sc=,811206,"감속기 및 모터 수리, 조립, 정비 업무 입니다. 공무 현장에 계셨던 분 환영합니다.",기타 공업기계 설치·정비원,고정기관정비원,학력무관,경력,월급 250만원 이상,고용형태,"부산광역시 사상구 광장로56번길 60-14, 대성산업 (괘법동)",1명,2026-09-08 20:58:47
https://www.jobkorea.co.kr/Recruit/GI_Read/5611935/Ext?siteCode=WN&sc=,813101,"[기성금속(주)] 캐니스타부 모집 ○ 직무내용 : 전해연마 ○ 근무시간: 월~금 08:30~17:30 / 월,화,목 연장 18:00~20:30 / 토(월 2회) 08:30~15:30 휴게시간 1시간 / 연장 시 1시간30분 * 작업에 따라 연장, 토요일 근무 시간 변동 있음 ○ 근무장소 : 부산 강서구 화전산단 1로 135 (화전동) ○ 급여조건 : 시급 10,400원 ○ 고용형태 : 3개월 수습기간 후 상용직 전환 검토",프레스 금형 제조원,-,학력무관,경력,"시급 10,400원 이상",고용형태,부산광역시 강서구 화전산단1로 135 (화전동),1명,2026-09-08 20:58:47
https://www.jobkorea.co.kr/Recruit/GI_Read/5612167/Ext?siteCode=WN&sc=,813202,"[모집직무] 범용 선반 조작원(580) [직무소개] 본사는 부산 사상공단에 위치한 기계부품 정밀가공업체입니다. 삼성전기주식회사,르노삼성자동차주식회사, 삼한(주) 등 다양한 기업과 협력하며 양산품, 치공구, 기계부품 제작을 수행하고 있습니다. 본 직무는 다양한 산업 분야의 범용 선반 관련 작업합니다. [주요업무] - 선반 관련 기계 및 장비 작동 및 유지보수 - 범용 선반을 배우고 싶은 신입도 지원 가능합니다. (신입 ) - 범용 선반 유경험자 우대합니다. (경력자) - 기술을 배우고자하시는 모든분께 기회를 드립니다.",범용 선반 조작원,-,학력무관,경력,월급 300만원 ~ 400만원,고용형태,"부산광역시 사상구 사상로385번길 19, 1층 사무실 (덕포동)",1명,2026-09-08 20:58:47
https://www.jobkorea.co.kr/Recruit/GI_Read/5612005/Ext?siteCode=WN&sc=,550100,"차량목욕 요양보호사 - 3인 1조로 이동 - 팀원과 협업 가능한 분 - 요양보호사 자격증 필수 - 건당 16,500원 - 주5일(월-금) - 07:00~16:00 문의 및 지원 051-208-1083 또는 핸드폰으로 연락바랍니다.",요양보호사,-,학력무관,관계없음,"시급 10,320원 ~ 10,320원",고용형태,"부산광역시 사하구 괴정로57번길 14, 사하노인복지센터 (하단동)",1명,2026-09-08 20:58:48
https://www.jobkorea.co.kr/Recruit/GI_Read/5611963/Ext?siteCode=WN&sc=,550100,"[우동]재가요양보호사 -2등급 88세 남자어르신, 독거 -주5일, 11시~3시(4시간) *월화수 4시간 추가근무 또는 가족사랑휴가제 활용 협의 -부축도움(왜소한 체격), 위생관리, 위루관영양 식사도움 -시급 및 제수당 포함 13000원 -우동 대우마리나1차아파트(동백역 앞)",요양보호사,-,학력무관,관계없음,"시급 10,320원 이상",고용형태,"부산광역시 해운대구 해운대해변로 117, 대우마리나1차아파트 (우동, 대우마리나1차아파트)",1명,2026-09-08 20:58:48
https://www.jobkorea.co.kr/Recruit/GI_Read/5611917/Ext?siteCode=WN&sc=,550102,"방문 요양보호사 업무 대상자: 4등급 여자어르신 대상자 주소: 부산 화명동 9시~12시, (주6일)시간변동안됨. [요양지원 > 일상생활수행지원] [요양지원 > 신체청결지원]",재가 요양보호사,재가요양보호사,학력무관,관계없음,"시급 10,320원 ~ 13,000원",고용형태,"부산광역시 북구 화명대로 119, .. (화명동, 삼한힐파크)",1명,2026-09-08 20:58:48
https://www.jobkorea.co.kr/Recruit/GI_Read/5612118/Ext?siteCode=WN&sc=,813201,"[모집직무] CNC 선반 조작원(NC 선반 조작원), 산업안전 및 산업위험 관리 기술자, 일반기계 조립원 [직무소개] 우리 회사는 중장비 부품과 밸브 부품을 가공 제조하는 CNC 선반 MCT 복합기 가공업체입니다. 가족처럼 참신하고 성실한 동료를 찾고 있습니다. 본 직무는 CNC 선반 조작 및 기계 유지 관리뿐만 아니라 산업안전 관리 업무도 수행합니다. [주요업무] - CNC 선반 기계를 이용하여 작업 계획에 따라 부품을 가공하는 업무 수행 - 작업 준비, 가공, 검사 및 수정 과정을 진행하여 높은 품질의 제품 생산 - CNC 선반 기계의 정밀한 유지 관리 및 관리 작업 수행 - 작업 기록을 관리하고 안전 규정을 준수하며 안전한 작업 환경 조성 - 산업안전 및 산업위험 관리에 대한 지식을 바탕으로 안전 교육 및 부주의 사고 예방 활동 실시",CNC 선반 조작원(NC 선반 조작원),-,고졸~대졸(4년),경력,"연봉 4,000만원 ~ 6,000만원",고용형태,"부산광역시 강서구 미음국제5로다길 17, 두성테크 (미음동)",2명,2026-09-08 20:58:49
https://www.jobkorea.co.kr/Recruit/GI_Read/5611728/Ext?siteCode=WN&sc=,890002,선박구성품 사상(그라인드) 이력서 제출은 팩스 : 051-831-5219 메일 : nano59490@hanmail.net 으로만 제출 바랍니다.,단순 사상원(용접사상 제외-용접원구분),고무제품사상원,학력무관,관계없음,"시급 10,320원 ~ 10,320원",고용형태,부산광역시 강서구 미음산단3로 76,2명,2026-09-08 20:58:49
https://www.jobkorea.co.kr/Recruit/GI_Read/5611723/Ext?siteCode=WN&sc=,813201,화낙CNC 기능공 주간근무자 모집합니다 -경력직 우대 -주간근무 -경력에 따라 급여는 협의합니다 많은 지원 바랍니다,CNC 선반 조작원(NC 선반 조작원),-,학력무관,경력,"시급 11,000원 이상",고용형태,"부산광역시 사상구 사상로393번길 64, (주)삼정금속테크 (덕포동)",2명,2026-09-08 20:58:49
https://www.jobkorea.co.kr/Recruit/GI_Read/5612164/Ext?siteCode=WN&sc=,028511,"[주요업무] 양고기 포장육 계근 및 검수 -계근 후 라벨링 및 박스 포장 [자격요건] - 손재주가 뛰어나고 체력적으로 근로에 문제가 없는 자 - 정확하고 빠른 작업 실행 능력을 갖춘 자 - 팀원과의 협업을 잘 할 수 있는 자 - 건강상/신용상 결격사유 없는 자 [우대사항] - 체력과 힘이 좋은 자 - 긍정적이고 밝은 성격 - 꼼꼼함 [복리후생] - 자녀 (초, 중, 고) 장학금 지급 - 4대 보험 및 퇴직연금 - 중식 제공",품질관리 사무원(음식료품),음식료품 관련 품질관리원,학력무관,신입,월급 280만원 이상,고용형태,"부산광역시 강서구 공항로339번길 67-7, 1층 (대저2동)",10명,2026-09-08 20:58:49
https://www.jobkorea.co.kr/Recruit/GI_Read/5611729/Ext?siteCode=WN&sc=,852402,플라스틱 제품 생산 및 포장 및 적재,플라스틱제품 조립원 및 검사원,플라스틱제품조립원,학력무관,신입,"시급 10,320원 이상",고용형태,부산광역시 강서구 녹산산단77로22번길 5 (송정동),4명,2026-09-08 20:58:49
https://www.jobkorea.co.kr/Recruit/GI_Read/5611715/Ext?siteCode=WN&sc=,232903,"* 대상자 : 50대 지체장애 남성 * 근무지 : 부산진구 범천동 * 근무시간 : 주 6일(월~토) - 1일 7.5시간 근무 - 석션 가능한분 * 사회활동서비스(외출,병원 동행 등), 신체활동서비스(석션, 기저귀 교체 등) * 현장실습 포함 장애인활동지원사 교육이수자 *시급 13,500원(주휴수당, 연장근로수당, 연차수당 포함) * 문의: 051-914-1551",장애인 생활지도원(장애인활동보조원 포함),장애인생활지도원,학력무관,경력,"시급 10,320원 이상",고용형태,"부산광역시 부산진구 신암로 72, 1동 (범천동, 서면항도타워맨션)",1명,2026-09-08 20:58:49
https://www.jobkorea.co.kr/Recruit/GI_Read/5611727/Ext?siteCode=WN&sc=,813202,- 범용 선반 조작원 - 선반가공에 대한 모든업무,범용 선반 조작원,범용선반기능원,학력무관,경력,"시급 14,000원 이상",고용형태,"부산광역시 사상구 낙동대로1002번길 40, (주)혜광정밀",1명,2026-09-08 20:58:50
https://www.jobkorea.co.kr/Recruit/GI_Read/5611713/Ext?siteCode=WN&sc=,550102,"*월,수,금요일 -초량초등학교 앞, 80대 여자 어르신, 독거 -주 3회, 09:00~12:00 (3시간), -식사준비 및 가사, 일상생활 지원. 거동불편으로 이동보조기 및 지팡이 이용 -시급 및 제수당 13,100원 ** 동 구인은 실제 서비스 제공 기간에 따라 임금을 계산하여 지급하는 형태로 채용 시 근로자마다 주 소정 근로 시간이나 임금, 근무(예정)지 등에 차이가 있을 수 있음 **",재가 요양보호사,재가노인요양사,학력무관,관계없음,"시급 13,100원 ~ 13,100원",고용형태,"부산광역시 동구 초량상로 38, 8층 (초량동, 한울시너스아파트)",1명,2026-09-08 20:58:50
https://www.jobkorea.co.kr/Recruit/GI_Read/5611714/Ext?siteCode=WN&sc=,550102,"5등급 60대 후반 여자어르신(독거) 신체, 정서, 가사지원서비스 서비스 제공시간 : 09:00~12:00 (주 5일, 월 20회) 2025년, 2026년 건강검진 완료자 시급: 13,000원(기본급+주휴수당+연차수당+기타수당 포함)",재가 요양보호사,재가노인요양사,학력무관,관계없음,"시급 10,320원 ~ 10,320원",고용형태,부산광역시 동구 수성로19번길 1 (수정동),1명,2026-09-08 20:58:50
https://www.jobkorea.co.kr/Recruit/GI_Read/5611718/Ext?siteCode=WN&sc=,550102,"4등급, 97세, 할머니 - 가사생활지원,신체활동지원등 - 포괄시급 : 13000원(기타제수당포함)",재가 요양보호사,-,학력무관,신입,"시급 10,320원 ~ 10,320원",고용형태,부산광역시 남구 동항로 3 (우암동),1명,2026-09-08 20:58:50
https://www.jobkorea.co.kr/Recruit/GI_Read/5612518/Ext?siteCode=WN&sc=,231100,"[사회복지법인청목원] 장애인활동지원사업 전담인력(사회복지사) 채용 공고 장애인활동지원사업의 원활한 운영과 이용자 및 제공인력에 대한 체계적인 관리를 위하여 아래와 같이 전담인력을 채용하고자 하오니 많은 관심과 지원 바랍니다. 1. 채용분야 및 인원 채용분야: 장애인활동지원사업 전담인력(사회복지사) 채용인원: 1명 고용형태: 계약직(3개월) 후 상용직 전환 검토 근무기관: 장애인활동지원사업 수행기관 2. 주요 업무 장애인활동지원사업 전반의 운영 및 이용자·제공인력 관리 업무를 담당합니다. 장애인활동지원서비스 이용자 관리 활동지원 제공인력 관리 및 상담 이용자와 제공인력 간 서비스 매칭 서비스 제공 및 이용 관련 모니터링 이용자 상담 및 사례관리 장애인활동지원사업 관련 행정업무 기타 사업 운영에 필요한 제반 업무 3. 근무조건 근무일: 주 5일(월~금) 근무시간: 09:00~18:00(주 40시간) 급여: 보건복지부 사회복지시설 종사자 인건비 가이드라인에 준함 상여금: 연 120% 기타수당 및 복리후생 업무 특별수당 지급 식대 지원 생일 및 명절 상품권 지급 기관 평가 및 사업 실적 향상 등에 따른 인센티브 지급 ※ 급여 및 수당 등 세부사항은 기관 내부 기준에 따라 적용됩니다. 4. 응시자격 필수자격: 사회복지사 2급 이상 자격증 소지자 사회복지사업법 등 관련 법령에 따른 결격사유가 없는 자 성별 및 연령 제한 없음 5. 우대사항 장애인활동지원사업 관련 업무 경력자 방문요양 등 사회복지 관련 유사업무 경력자 장애인복지 분야 경력자 장애인활동지원기관 및 동종업계 경력자 장애인 지원자 우대 6. 채용방법 및 일정 채용방법: 서류전형 및 면접전형 면접: 수시 면접 진행 채용: 면접 후 적격자에 한하여 개별 통보 ※ 본 채용은 센터의 안정적인 사업 운영 및 업무 효율성 제고를 위한 추가 인력 채용으로, 적격자 채용 시 공고가 조기 마감될 수 있습니다. 7. 제출서류 및 접수방법 제출서류: 기관 지정 양식(자사양식) 사용 - 채용담당자: 051-558-1300 - 이메일 cm5581300@naver.com ※ 이력서 및 자기소개서는 반드시 **자사양식(첨부파일)**으로 작성하여 제출해 주시기 바랍니다. 8. 기타사항 최초 근로계약은 3개월 계약직으로 체결하며, 계약기간 만료 후 근무평가 및 기관 사정 등을 고려하여 상용직 전환을 검토합니다. 업무상 필요한 경우 당사자 간 합의 및 관련 법령에 따라 연장근로를 실시할 수 있습니다. 채용과 관련한 세부 조건(수습기간, 급여 및 기타 근로조건 등)은 기관의 사정 및 내부 규정에 따라 변경될 수 있으며, 자세한 사항은 사업장으로 문의하시기 바랍니다. 제출된 서류의 기재내용이 사실과 다르거나 채용 결격사유가 확인될 경우 채용이 취소될 수 있습니다. 적격자가 없을 경우 채용하지 않을 수 있습니다. 장애인활동지원사업의 안정적인 운영과 이용자에게 보다 나은 서비스를 제공하기 위해 함께할 역량 있는 사회복지사 여러분의 많은 지원 바랍니다.",사회복지사,-,학력무관,관계없음,"연봉 3,000만원 ~ 4,000만원",고용형태,"부산광역시 동래구 명륜로 69 (수안동, 경보 이리스힐)",1명,2026-09-08 20:58:50
https://www.jobkorea.co.kr/Recruit/GI_Read/5613261/Ext?siteCode=WN&sc=,550102,"부산 해운대 장산역 인근, 홀로 계신 2등급 여성 어르신을 전담해 주실 요양보호사 구인건입니다. 이번에 처음 장기요양 등급을 받으신 어르신으로, 잘 보살펴주실 분이 필요합니다. 근무 지역: 해운대구 장산역 역세권 담당 케어: 기저귀 교체, 식사 도움(직접 식사 가능) 어르신만 잘 돌보아 주시면 됩니다. 보호자 좋습니다. 근무 일정: 월요일~토요일 (일요일 및 격주 휴무는 보호자와 일정 상의 가능) 근무 시간: 오전 8:00 ~ 10:30 사이 출근 (일 4시간, 기재한 시간에서 출근 시간 조율이 가능) 급여 수준: 시급 13,200원 ~ 13,400원 (중증수당 6천원 별도입니다, 시급은역량 및 협의에 따른 우대) 필수 조건: 요양보호사 자격증 보유자",재가 요양보호사,재가요양보호사,학력무관,관계없음,"시급 10,320원 ~ 13,400원",고용형태,부산광역시 해운대구 해운대로 537-1 (우동),1명,2026-09-08 20:58:50
https://www.jobkorea.co.kr/Recruit/GI_Read/5611717/Ext?siteCode=WN&sc=,550102,"79세 여자 4등급 부산 남구 석포로에 거주하시는 장기요양 수급자 가정에 방문하여 일상생활지원, 식사및 가사활동지원 등 방문요양 서비스를 제공합니다. 근무시간 요일 : 주 2회 (화, 금, 오전 09:00 ~ 12:00, 3시간)",재가 요양보호사,재가요양보호사,학력무관,관계없음,"시급 10,320원 ~ 10,320원",고용형태,부산광역시 남구 석포로64번길 69-10 (감만동),1명,2026-09-08 20:58:50
https://www.jobkorea.co.kr/Recruit/GI_Read/5612353/Ext?siteCode=WN&sc=,561100,"[양정동] 현대2차아파트 미화원 모집 ▷ 업체명 : ㈜세웅서비스 ▷ 근무장소 : 양정현대2차아파트 (양정역 인근) ▷ 근무내용 : 아파트 미화 업무 ▷ 근무시간 : 주5일 월-금 09:00-16:00 (휴게시간 12:00~13:15) ▷ 급여 : 1,547,180원 ▷ 즉시출근가능자 우대 ▷ 신입지원가능/ 신체 건강한 분들의 많은 지원바랍니다. * 문의사항은 부산진구청 취업정보센터로 전화주세요(☎051-605-6401) * 다만, 실제 서비스 제공기간에 따라 임금을 계산하여 지급하는 형태로 채용 시 근로자마다 주 소정근로시간이나 임금, 근무(예정)지 등에 차이가 있을 수 있습니다.",건물 청소원,-,학력무관,관계없음,월급 154만원 ~ 154만원,고용형태,"부산광역시 부산진구 거제대로 37, 양정현대2차아파트 (양정동, 현대아파트)",1명,2026-09-08 20:58:51
https://www.jobkorea.co.kr/Recruit/GI_Read/5612381/Ext?siteCode=WN&sc=,550101,행복을 누리자! 건강을 누리자!누림주간보호센터에서 요양보호사 선생님을 모집합니다. ■ 채용분야 ▷ 모집부분 : 주간보호센터 요양보호사 ▷ 채용인원 : 1명 ■ 자격기준: ▷ 요양보호사 자격증 소지자 ▷ 운전면허증 소지자 ■ 업무내용 : ▷ 기능회복훈련 및 신체활동 지원 등 요양서비스 제공 ▷ 송영(운전 및 운전자 보조) 서비스 제공 ▷ 프로그램 진행 및 센터 환경미화 ■ 근무형태: 주 5일 근무 (월~토 중 5일근무) ■ 기타사항 ▷ 성심 성의껏 근무 해 주실 분을 구합니다. ■ 문의처 051-516-2333,요양보호사(노인요양사),요양보호사,학력무관,관계없음,월급 215만원 ~ 215만원,고용형태,부산광역시 금정구 금강로 230-9 (장전동),1명,2026-09-08 20:58:51
https://www.jobkorea.co.kr/Recruit/GI_Read/5612382/Ext?siteCode=WN&sc=,542001,"※ 동래반도유보라 경비원 모집(4명) - 경비원 신임 교육이수자 필수 - 격일제 근무 - 근무시간 : 09시00분~ 익월 09시00분 (휴게시간 : 12시00분~14시00분, 18시00분~20시30분) (야간취침시간 : 24시00분~04시00분) - 접수 방법 : 고용24 지원, 팩스 , 이메일 접수 ※ 전화문의 사절 ※ 이력서 제출시 "" 동래반도유보라 경비원""작성 부탁드립니다.",아파트·빌라 경비원,아파트경비원,학력무관,관계없음,월급 282만원 ~ 282만원,고용형태,"부산광역시 동래구 온천천로319번길 32, 동래 반도유보라 (낙민동, 동래 반도유보라)",4명,2026-09-08 20:58:51
https://www.jobkorea.co.kr/Recruit/GI_Read/5612423/Ext?siteCode=WN&sc=,561100,"[온천동] 아파트 미화원 -아파트 청소, 미화업무 -월~금 9:00~15:30(휴게1시간) -토요일 격주근무 9:00~12:00 -월급여 1,568,640원 -1개월 계약 후 연장검토 ☆온천동 래미안포레스티지",건물 청소원,-,학력무관,관계없음,월급 156만원 ~ 156만원,고용형태,"부산광역시 동래구 금강로131번길 42 (온천동, 래미안포레스티지)",4명,2026-09-08 20:58:51
https://www.jobkorea.co.kr/Recruit/GI_Read/5612424/Ext?siteCode=WN&sc=,561101,"[온천동] 아파트 미화원 -아파트 외곽청소, 미화업무 -월~금 9:00~15:30(휴게1시간) -토요일 격주근무 9:00~12:00 -월급여 1,668,640원 -1개월 계약 후 연장검토 -온천동 래미안포레스티지","건물 청소원(공공건물,아파트,사무실,병원,상가,공장 등)",-,학력무관,관계없음,월급 166만원 ~ 166만원,고용형태,"부산광역시 동래구 금강로131번길 42 (온천동, 래미안포레스티지)",3명,2026-09-08 20:58:51
https://www.jobkorea.co.kr/Recruit/GI_Read/5610842/Ext?siteCode=WN&sc=,561101,"오피스 빌딩 미화원 구인 -근무시간: 06:00~15:00(월~금 ) -휴게시간: 09:30~10:30, 11:30~12:30(1일 2시간) -주말, 공휴일 휴무 -4명이서 함께 근무 -중식제공X -FAX지원시 지원 현장명 꼭 기재 부탁드립니다.(예: 동래구 수안동 빌딩 미화원 모집)","건물 청소원(공공건물,아파트,사무실,병원,상가,공장 등)",아파트청소원,학력무관,경력,월급 196만원 ~ 196만원,고용형태,부산광역시 동래구 명륜로 83 (수안동),1명,2026-09-08 20:58:51
https://www.jobkorea.co.kr/Recruit/GI_Read/5611730/Ext?siteCode=WN&sc=,890000,분체/액체 도장 보조,기타 제조 관련 단순 종사원,-,학력무관,관계없음,"시급 10,320원 이상",고용형태,부산광역시 강서구 녹산산단261로23번길 28,2명,2026-09-08 20:58:51
https://www.jobkorea.co.kr/Recruit/GI_Read/5611722/Ext?siteCode=WN&sc=,890000,주물공장 자동차 부품 생산직,기타 제조 관련 단순 종사원,-,학력무관,관계없음,"시급 10,320원 이상",고용형태,"부산광역시 강서구 녹산산단382로59번길 33, 대동씨엠 (송정동)",3명,2026-09-08 20:58:52
https://www.jobkorea.co.kr/Recruit/GI_Read/5610844/Ext?siteCode=WN&sc=,561101,"오피스 빌딩 미화원 구인 근로시간 : 월 ~ 금 05 : 30 ~ 15 : 30 휴게시간 : 2시간 (11:30~13:30) 임 금 : 월 2,212,940원 중식 지원 공휴일 휴무 2명이서 함께 근무 * 입사지원시 신청하는 현장명 꼭 적어주세요. (예: 금정구 빌딩 지원)","건물 청소원(공공건물,아파트,사무실,병원,상가,공장 등)",아파트청소원,학력무관,경력,월급 221만원 ~ 221만원,고용형태,"부산광역시 금정구 무학송로 158, 세정빌딩 (부곡동)",1명,2026-09-08 20:58:52
https://www.jobkorea.co.kr/Recruit/GI_Read/5611314/Ext?siteCode=WN&sc=,027102,"[모집직무] 세무회계 사무원(회계·세무 사무소) [직무소개] 우리 회계법인은 다양한 기업 고객을 위해 정확하고 효율적인 세무회계 서비스를 제공하고 있습니다. 본 직무는 세무회계 업무를 전담하고, 세무회계 관련 법규 및 개선 사항을 꾸준히 학습하여 전문성을 높이는 데 기여할 것입니다. [주요업무] - 거래처 장부관리 - 거래처 수금관리",회계 사무원(회계·세무 사무소),회계사무원(회계사무소),학력무관,관계없음,"연봉 2,600만원 ~ 3,600만원",고용형태,"부산광역시 동구 중앙대로260번길 7-5, 703호 (초량동)",1명,2026-09-08 20:58:52
https://www.jobkorea.co.kr/Recruit/GI_Read/5611320/Ext?siteCode=WN&sc=,121100,"대기오염 관리, 대기질 모델, 환경정책 연구수행",자연과학 연구원,-,박사,관계없음,"연봉 3,800만원 ~ 8,500만원",고용형태,"부산광역시 부산진구 중앙대로 955, 8, 9층 (양정동)",1명,2026-09-08 20:58:52
https://www.jobkorea.co.kr/Recruit/GI_Read/5610264/Ext?siteCode=WN&sc=,890001,1. 제품(밸브) 조립 2. 제품(밸브) 포장 : 팔레트 위 적재 후 랩핑 3. 제품에 식별명판 부착 4. 출고품 선별 및 정리 등,기계·금속 분야 단순 종사원,기계분야 단순노무자,학력무관,관계없음,"시급 10,320원 ~ 10,320원",고용형태,부산광역시 강서구 미음산단2로 62 (구랑동),5명,2026-09-08 20:58:52
https://www.jobkorea.co.kr/Recruit/GI_Read/5610326/Ext?siteCode=WN&sc=,231101,"* 담당업무 : 장애인복지관 업무 전반 * 지원자격 ① 사회복지사 또는 장애인재활상담사(4급, 1명) : 사회복지사 자격증(2급 이상) 또는 장애인재활상담사 자격증(2급 이상) 소지자 ② 운전면허증 소지자로 운전가능자 ③ 만 60세 미만(보건복지부 사회복지시설 관리 안내 및 기관 운영규정에 따라 정년이 만60세로 만60세 이상은 응시 할 수 없음) ④ 사회복지시설 종사자 결격사유에 해당하지 않는 사람 * 임금 : 사회복지사(4급) 1호봉 기준으로 경력에 따라 상이할 수 있음 (당해연도 부산시 장애인 권익지원사업 인건비 가이드라인 적용) * 채용일자 : 2026.10.1.(목) * 상세내용 채용공고문 참고",사회복지사(사회복지시설),"사회복지사(사회복지시설, 노인복지시설, 장애인복지시설 등)",학력무관,신입,월급 220만원 ~ 220만원,고용형태,"부산광역시 수영구 장대골로 75-14, 2층 사무실(수영구장애인복지관)(광안동) (광안동)",1명,2026-09-08 20:58:52
https://www.jobkorea.co.kr/Recruit/GI_Read/5612398/Ext?siteCode=WN&sc=,561101,"※ 동래반도유보라 미화반장님 구인합니다. 1. 급여 : 1,885,360원(세전) 2. 근무형태 : 주 6일 근무 3. 근무시간 : 평일 09시00분~16시00분 토요일 09시00분~12시00분 (휴게시간 12시00분~13시00분) 4. 업 무: 아파트 청소 5. 접수 방법 : 고용24지원, 팩스, 이메일 접수 ※ 전화 문의 사절 ※ 이력서 제출시 ""반도유보라 미화원 반장 지원"" 작성 부탁드립니다.","건물 청소원(공공건물,아파트,사무실,병원,상가,공장 등)",아파트청소원,학력무관,관계없음,월급 188만원 ~ 188만원,고용형태,"부산광역시 동래구 온천천로319번길 32, 동래 반도유보라 (낙민동, 동래 반도유보라)",1명,2026-09-08 20:58:52
https://www.jobkorea.co.kr/Recruit/GI_Read/5610841/Ext?siteCode=WN&sc=,140206,남천 써밋리미티드 기계설비현장 안전관리업무 현장주소 : 부산시 수영구 남천동 545-2 토요일 격주근무,건축안전·환경·품질·에너지관리 기술자,건설현장안전관리자,학력무관,관계없음,월급 360만원 이상,고용형태,부산광역시 수영구 광안해변로15번길 54 (남천동),1명,2026-09-08 20:58:53
https://www.jobkorea.co.kr/Recruit/GI_Read/5611219/Ext?siteCode=WN&sc=,852101,"고무사출성형기 오퍼레이터(자동차부품) 주,야 근무 가능자 인근거주자",고무 사출성형기 조작원,고무사출기조작원,학력무관,관계없음,"시급 10,320원 이상",고용형태,부산광역시 강서구 녹산산단262로50번길 6 (송정동),2명,2026-09-08 20:58:53
https://www.jobkorea.co.kr/Recruit/GI_Read/5610736/Ext?siteCode=WN&sc=,550102,"4등급 여자어르신 (당감동백양순환로) *월~금. 주5회 09:00~12:00 *식사준비, 청소 및 정리정돈,산책동행. 전반적인 어르신 케어 도움. *시급 13000원(제세수당포함)",재가 요양보호사,재가요양보호사,학력무관,신입,"시급 13,000원 ~ 13,000원",고용형태,"부산광역시 부산진구 백양순환로 55, 4동 (당감동, 백산아파트)",1명,2026-09-08 20:58:53
https://www.jobkorea.co.kr/Recruit/GI_Read/5611383/Ext?siteCode=WN&sc=,550101,"* 모집정보 - 근무지역 : 부산광역시 사상구 - 근무형태 : 주5일 근무 ( 월 2 회 토요일 근무) * 토요일 근무 시 평일대체 휴무 - 업무내용 : 주야간보호 어르신 케어, 프로그램, 송영 - 급여 : 2,160,000원 - 지원방법 : 방문접수 후 면접 -1개월 계약기간(계약기간 후 업무능력에 따라 재계약 가능) * 필수자격 - 토요일 격주 근무, 국가공휴일 근무가능자(주말근무 시 평일 대체휴무 제공) - 요양보호사 자격증 - 12인승 운전가능한 자 또는 2종 보통 운전가능한 자 * 우대사항 - 주간보호 유경험자 - 사상구 인근 거주자 - 2종 보통 운전가능자 또는 12인승 운전가능자 - 지원금 대상자 * 접수 시 필수서류 - 이력서 - 자격증 사본(요양보호사 자격증, 1종보통 운전면허증- 개인정보 삭제후 제출) * 채용 확정 후 필요서류 - 주민등록등본 - 통장사본(국민은행) - 직장채용검진결과서 - 노인학대범죄경력회신서 - 장애인학대범죄경력회신서 (가까운 경찰서 민원실 방문 후, 센터로 연락 주시면 필요 서류 팩스 전송을 통해 발급 가능 /문의: 051-310-1122)",요양보호사(노인요양사),요양보호사,학력무관,관계없음,월급 216만원 ~ 216만원,고용형태,"부산광역시 사상구 낙동대로 910 (감전동, 마트월드)",1명,2026-09-08 20:58:53
https://www.jobkorea.co.kr/Recruit/GI_Read/5610328/Ext?siteCode=WN&sc=,890000,1. 작업내용 : 비닐(필름)제조 완성품 접이 작업 2. 근무시간 : 08시부터 17시까지 3. 근무요일 : 평일 월요일 ~ 금요일 / 공휴일 휴무 4. 근무지 (기장군 장안읍 오리산단3로 50) 위치상 대중교통 통근 어려움.,기타 제조 관련 단순 종사원,권선공,학력무관,관계없음,월급 215만원 ~ 215만원,고용형태,부산광역시 기장군 장안읍 오리산단3로 50,1명,2026-09-08 20:58:53
https://www.jobkorea.co.kr/Recruit/GI_Read/5610261/Ext?siteCode=WN&sc=,890000,이력서 지참 해서 오시면 바로 면접가능합니다.,기타 제조 관련 단순 종사원,권선공,학력무관,관계없음,월급 250만원 이상,고용형태,부산광역시 사상구 모라로6번길 13-16 (삼락동),2명,2026-09-08 20:58:53
https://www.jobkorea.co.kr/Recruit/GI_Read/5611494/Ext?siteCode=WN&sc=,232100,어린이집에서 유아들을 사랑으로 돌봐주실 보육교사를 채용합니다. * 고용촉진대상자/청년일자리사업대상자 우대 당직 근무시 8시30분~5시30분/9시~6시/9시30분~6시30분/ 출퇴근 가능하신 분 ◎부산고용센터 채용대행◎ 부산고용센터에서 입사지원서 취합을 돕고 있습니다. 사업장에서 서류 검토 후 개별 연락이 갈 예정입니다. 감사합니다. 지원방법:★고용24 구인공고 아래 보이는 ‘고용24 입사지원’ 클릭★,보육교사,-,학력무관,신입,월급 215만원 ~ 215만원,고용형태,"부산광역시 연제구 중앙천로 81-12, 102동 지상층 1층 어린이집 (연산동, 연제 SK VIEW Central)",1명,2026-09-08 20:58:54
https://www.jobkorea.co.kr/Recruit/GI_Read/5611496/Ext?siteCode=WN&sc=,306500,"[모집직무] 물리치료사, 작업치료사 [직무소개] 달명스마트너싱홈은 기장군 기장읍 내리길168에 위치한 요양원입니다. 어르신의 재활, 일생생활 기능 회복을 위해 물리, 작업치료 프로그램을 계획하고 제공 [주요업무] - 환자의 평가 및 진단 - 개별 맞춤형 작업치료 프로그램 계획 및 운영 - 환자의 치료 과정 모니터링 및 기록 - 동료 및 의료진과 협업",물리 및 작업 치료사,-,학력무관,경력,월급 250만원 ~ 250만원,고용형태,"부산광역시 기장군 기장읍 내리길 168, 1층",1명,2026-09-08 20:58:54
https://www.jobkorea.co.kr/Recruit/GI_Read/5611500/Ext?siteCode=WN&sc=,026501,"[채용대행]주간보호센터 사무원 구인 - 직무 : 어르신 관리 및 행정업무 일반 사무 및 차량운행 - 필수사항 : 실제운전가능자 (운전면허 1종, 2종 다 가능) 기본적으로 컴퓨터(엑셀,전산 등)다룰줄 아는분을 모십니다. - 식사제공 - 근무시간 : 주5일 40시간 근무(08:30~17:30) - 제출서류 : 이력서, 자기소개서 고용24 입사지원 바랍니다.",총무 및 일반 사무원,기업행정사무원,고졸~대졸(2~3년),신입,월급 215만원 ~ 215만원,고용형태,부산광역시 금정구 금정로185번길 30 (장전동),1명,2026-09-08 20:58:54
https://www.jobkorea.co.kr/Recruit/GI_Read/5611316/Ext?siteCode=WN&sc=,027102,"1. 채용인원 - 수습기간(3개월, 기간제) 이후 정규직 전환 : 1명 2. 채용 조건 신입 3. 업무내용 - 세무신고, 결산, 인건비 신고 등 일반적인 세무대리업무 4. 우대조건 - 근무지와 가까운 곳에 거주하는 분 - 서비스업 또는 관련 업종 유경험자 - 업무 관련 자격증(재경관리사, 전산회계, 전산세무 등) 보유 - 일자리도양장려금 대상자(국민취업제도 참여자, 고용보험상실일로부터 4개월 이상 지난 분) - 장기 근무 가능자 5. 급여 조건 - 연봉(상여, 식대 포함) 2,800만원 중반 - 퇴직급여 별도(퇴직연금 별도 가입) - 근로기준법에 따른 연차휴가 부여 6. 계약조건 근무개시일~3개월(수습기간) 기간제 적용, 기간제 종료 이후 정규직 전환 기간제 적용 기간간 연봉, 휴가 등은 차이없이 적용함. 7. 회사소개 - 지하철역(부산진역), 버스정류장(YMCA)과 가까워서 대중교통을 통한 출퇴근 편리 - 사무실 리모델링을 하여 깨끗하고, 쾌적한 환경에서 근무 - 최신 장비 및 페이퍼리스(종이 서류 작성 안함) 환경 - 동료 직원들의 경력 5년 이상이며, 친절하여 업무 적응이 수월함 - 자유로운 연차 사용",회계 사무원(회계·세무 사무소),회계사무원(회계사무소),학력무관,신입,"연봉 2,800만원 ~ 2,850만원",고용형태,"부산광역시 동구 중앙대로 328, 3층 상지회계법인 (초량동)",1명,2026-09-08 20:58:54
https://www.jobkorea.co.kr/Recruit/GI_Read/5611497/Ext?siteCode=WN&sc=,307500,주간보호센터에서 간호조무사 구합니다. 운전가능하신 분 지원 부탁드립니다. 어르신 병원 동행 및 기본적인 간호업무 입니다. 주간보호센터 경력 있으신 선생님 우대합니다!,간호조무사,-,학력무관,관계없음,월급 215만원 ~ 215만원,고용형태,"부산광역시 동구 중앙대로 328, 4층 (초량동, 금산빌딩)",1명,2026-09-08 20:58:54
https://www.jobkorea.co.kr/Recruit/GI_Read/5611370/Ext?siteCode=WN&sc=,813201,CNC 경력자및 보조구함,CNC 선반 조작원(NC 선반 조작원),CNC lath가공원,학력무관,경력,월급 273만원 ~ 350만원,고용형태,"부산광역시 사상구 낙동대로815번길 28-36, 세종테크",2명,2026-09-08 20:58:54
https://www.jobkorea.co.kr/Recruit/GI_Read/5611591/Ext?siteCode=WN&sc=,550101,"- 요양원 내 전반적인 어르신 케어, 위생관리, 서류작성 - 주/야 2교대 근무(주간 : 09:00~18:00 / 야 : 18:00~09:00) - 근무 편성표에 의한 근무(야간 월 평균 6일~7일 근무) - 기본급 지급 + 야간 근무 일수에 따른 야간, 연장수당 별도 지급",요양보호사(노인요양사),요양보호사,학력무관,관계없음,월급 215만원 이상,고용형태,부산광역시 부산진구 월드컵대로435번길 116 (초읍동),1명,2026-09-08 20:58:54
https://www.jobkorea.co.kr/Recruit/GI_Read/5610258/Ext?siteCode=WN&sc=,890001,자동차부품 생산직 프레스 작업및 보조업무,기계·금속 분야 단순 종사원,기계분야 단순노무자,학력무관,신입,"시급 10,320원 이상",고용형태,"부산광역시 사하구 보덕포1길 99, (장림동) (장림동)",2명,2026-09-08 20:58:55
https://www.jobkorea.co.kr/Recruit/GI_Read/5611207/Ext?siteCode=WN&sc=,550102,"[가족휴가제 요양보호사] -근무시간 : 하루 12시간 (월 2회, 24시간 근무) -가족휴가제 근무일자 협의 -센터위치 : 동래구 명장로 121 (명장동) -센터이용 대상자 재가요양보호사의 업무",재가 요양보호사,-,학력무관,신입,"시급 10,320원 ~ 10,320원",고용형태,부산광역시 동래구 명장로 121 (명장동),1명,2026-09-08 20:58:55
https://www.jobkorea.co.kr/Recruit/GI_Read/5611366/Ext?siteCode=WN&sc=,613203,"공장건축 영업사원 레미콘회사근무 우대, 설계사무실 출신우대 (경력에 따라 급여는 협의 가능)",건설수주 영업원,건축공사수주영업원,학력무관,경력,"연봉 4,500만원 ~ 5,000만원",고용형태,"부산광역시 사상구 괘감로 131 (감전동, 삼주오피스텔)",1명,2026-09-08 20:58:55
https://www.jobkorea.co.kr/Recruit/GI_Read/5611368/Ext?siteCode=WN&sc=,016300,"부산산업(주)에서 레미콘 생산 책임자를 모집합니다. - 레미콘 생산 책임자(업무 : 생산 출하 공무 등 업무) - 레미콘 경력에 따른 연봉 협의 가능 - 레미콘 오프레이터 경력 우대 - 전기, 기계설비 관련 자격증 보유자, 소방 안전 냉동기 자격보유자 및 관련 전공자 우대 * 면접 : 이력서 검토 후 개별적으로 진행",제품 생산 관련 관리자,-,학력무관,경력,"연봉 6,000만원 이상",고용형태,부산광역시 사상구 장인로 35 (감전동),1명,2026-09-08 20:58:55
https://www.jobkorea.co.kr/Recruit/GI_Read/5610996/Ext?siteCode=WN&sc=,532300,"[일식주점]조리 및 보조업무 -나베, 닭튀김,우동 이자까야 -주방보조, 재료손질, 설거지 등 -경력무관, 신입가능 -주6일, (주말포함, 협의가능) -근무시간 : 18:00~24:00(5.5시간) -부산진구 전포동 (놀이터시장 인근) -시급 10320원 이상~",주방 보조원,-,학력무관,관계없음,"시급 10,320원 이상",고용형태,"부산광역시 부산진구 동성로87번길 23, 1층 (전포동)",1명,2026-09-08 20:58:55
https://www.jobkorea.co.kr/Recruit/GI_Read/5611218/Ext?siteCode=WN&sc=,852401,주 업무 [고무 o-ring 제품 포장] 제품 검사 후 포장 하기 보조 업무 [납품 영업] 거래처 방문 후 납품 1종 보통 면허를 소유하신 분 모집합니다. # 포터(수동) 운전 가능하신 분,고무제품 조립원 및 검사원,-,고졸~대졸(2~3년),관계없음,"시급 10,320원 이상",고용형태,부산광역시 사상구 학장로 301,1명,2026-09-08 20:58:55
https://www.jobkorea.co.kr/Recruit/GI_Read/5610882/Ext?siteCode=WN&sc=,561101,"=============== **사상구청 채용대행** =============== [연산동 현대아파트 단지내 미화원 업무] * 근무시간: 월,목,금 (09:00~16:00/휴게 1시간) 화 (07:30~14:30/ 휴게 1시간) 수,토 (09:00~12:00) * 급여: 1,614,350원 * 근무시작일: 추석 전 * 담당자와 통화 후 면접 시간, 장소 안내 받으시길 바랍니다. * 담당자: 사상구청 일자리센터 051-310-5195","건물 청소원(공공건물,아파트,사무실,병원,상가,공장 등)",-,학력무관,관계없음,월급 161만원 ~ 161만원,고용형태,"부산광역시 연제구 고분로112번길 23, . (연산동, 현대아파트)",1명,2026-09-08 20:58:55
https://www.jobkorea.co.kr/Recruit/GI_Read/5611009/Ext?siteCode=WN&sc=,531900,"-업무: 장례식장 빈소에 올라가는 음식 조리 및 상차림 -기타 : 4대보험, 퇴직금, 식사제공 , 연차 및 공휴일 사용, 상여금,근무복 *장기근속자 및 인근거주자 우대",기타 조리사,-,학력무관,관계없음,월급 250만원 ~ 280만원,고용형태,부산광역시 해운대구 해운대로 875,1명,2026-09-08 20:58:56
https://www.jobkorea.co.kr/Recruit/GI_Read/5611602/Ext?siteCode=WN&sc=,613202,"철강재유통 영업 건설, 기계, 소방설비자재 등 강관,스텐관,PVC관,밸브,피팅,보온재,위생도기,앵글,잔넬,,각관,H빔 기타 조선,건축자재",건설자재 영업원,건축자재영업원,학력무관,경력,월급 400만원 이상,고용형태,부산광역시 사상구 낙동대로 883 (감전동),1명,2026-09-08 20:58:56
https://www.jobkorea.co.kr/Recruit/GI_Read/5611603/Ext?siteCode=WN&sc=,028407,"배관자재 출고준비 및 홈가공 작업 4대보험, 연차, 퇴직연금",창고 관리원(자재 검수원 포함),창고입출고원,학력무관,관계없음,월급 300만원 이상,고용형태,부산광역시 사상구 낙동대로 883 (감전동),1명,2026-09-08 20:58:56
https://www.jobkorea.co.kr/Recruit/GI_Read/5611604/Ext?siteCode=WN&sc=,027200,"경리업무(매입, 매출 , 총무 등) 철강업체유경험자 우대",경리 사무원,경리장부정리원,학력무관,경력,월급 270만원 이상,고용형태,부산광역시 사상구 낙동대로 883 (감전동),1명,2026-09-08 20:58:56
https://www.jobkorea.co.kr/Recruit/GI_Read/5611498/Ext?siteCode=WN&sc=,231100,"● 복지관 서비스, 운영 전반 ● 기타 관장 지시사항에 따른 업무수행",사회복지사,-,학력무관,관계없음,월급 220만원 ~ 250만원,고용형태,"부산광역시 서구 보수대로154번길 36, 서구장애인복지관 (동대신동1가)",1명,2026-09-08 20:58:56
https://www.jobkorea.co.kr/Recruit/GI_Read/5611501/Ext?siteCode=WN&sc=,550400,"- 최중증 발달장애인 돌봄서비스 (낮활동 지원 및 주거생활지원) - 통합돌봄 사업계획 수립 및 서비스 제공 - 이용자 만족도 및 욕구조사 실시, 실적보고 - 통합돌봄 제반 행정 업무 - 기타 지역사회 자원 개발 및 관리",장애인 돌봄 종사원,-,학력무관,관계없음,월급 230만원 ~ 260만원,고용형태,부산광역시 금정구 동부곡로27번가길 23 (부곡동),3명,2026-09-08 20:58:56
https://www.jobkorea.co.kr/Recruit/GI_Read/5611461/Ext?siteCode=WN&sc=,813201,"[모집직무] CNC 선반 조작, 제작 작업, 기계 운영, 도면 해석, 정밀 제작 [직무소개] 우리 회사는 고품질의 제품을 생산하기 위해 첨단 기계를 활용하고 있습니다. 본 직무는 도면을 바탕으로 CNC 수직선반을 운용하고 다양한 제품을 제작하는 역할입니다. [주요업무] - CNC 수직선반 운용 및 관리 - 제작 도면 분석 및 이해 - 프로그램 설정 및 제어 - 자재 준비 및 작업 - 제품 품질 관리 및 검사 - 장비: 도시바 FDU-13 화낙 15T",CNC 선반 조작원(NC 선반 조작원),CNC lath가공원,학력무관,경력,월급 280만원 이상,고용형태,부산광역시 사하구 다산로105번길 21 (다대동),2명,2026-09-08 20:58:56
https://www.jobkorea.co.kr/Recruit/GI_Read/5611499/Ext?siteCode=WN&sc=,532301,"[모집직무] 주방 보조원(일반 음식점), 주방 보조원, 주방장 및 요리 연구가(푸드코디네이터 포함) [직무소개] 우리 레스토랑은 신선하고 맛있는 요리를 제공하는 데 중점을 둡니다. 주방에서 활발하게 일하며 요리팀에 기여하는 열정적인 지원자를 찾고 있습니다. [주요업무] - 요리 준비 및 식재료 손질 - 조리 도구 정리 및 위생 관리 - 요리사들의 업무 지원 - 주방에서의 안전 및 위생 규칙 준수 - 해물찜 비비기",주방 보조원(일반 음식점),-,학력무관,신입,월급 312만원 이상,고용형태,"부산광역시 부산진구 서면문화로 37 (부전동, 정동진해물탕2~3층)",2명,2026-09-08 20:58:57
https://www.jobkorea.co.kr/Recruit/GI_Read/5611362/Ext?siteCode=WN&sc=,026506,"1. 대학 생활관(기숙사) 사감 계약직 직원 - 업무 : 생활관(기숙사) 사감 (주간 근무) - 사감 업무 경력자 우대 - 베트남어 대화 가능자 우대 - 한글, MS 소프트웨어 사용 능통자 우대 - 연봉 : 26,000,000원 이상 경력 확인 후 협의 2. 대학 생활관(기숙사) 사감 계약직 직원 - 업무 : 생활관(기숙사) 사감 (야간 근무) - 사감 업무 경력자 우대 - 한글, MS 소프트웨어 사용 능통자 우대 - 연봉 : 30,000,000원 이상 경력 확인 후 협의 3. 학력 무관 4. 보수는 연봉계약제 5. 4대 보험 적용 6. 보훈대상자(상이등급) 우대 *이력서 및 기타 제출서류 공고문 참조",기숙사사감 및 독서실·고시원 총무,독서실총무,학력무관,관계없음,"연봉 2,600만원 ~ 3,000만원",고용형태,부산광역시 북구 시랑로132번길 88 (구포동),2명,2026-09-08 20:58:57
https://www.jobkorea.co.kr/Recruit/GI_Read/5610325/Ext?siteCode=WN&sc=,232100,[수영구 가람어린이집] 영아반 교사모집 아이를 사랑하고 책임감 강하신 성실한 선생님 연락주십시오. 근무시간 : (오전) 9시 00분~(오후) 6:00 / 주5일(월~금),보육교사,어린이집센터장,학력무관,관계없음,월급 215만원 ~ 215만원,고용형태,"부산광역시 수영구 광일로14번길 25-2, 광일로14번길 25-2 (광안동)",1명,2026-09-08 20:58:57
https://www.jobkorea.co.kr/Recruit/GI_Read/5612425/Ext?siteCode=WN&sc=,531200,"[사회적기업]청년식당 조리사 -식사, 도시락 조리업무 -조리사 자격증 필수(종류무관) -단체급식, 조리사 경력자 우대 -주5일, 7:00~16:00 (휴게포함) -월급여 280만원, 퇴직금별도 -서면 한신아파트 인근(부전역 8번출구)",한식 조리사,-,학력무관,관계없음,월급 280만원 ~ 280만원,고용형태,부산광역시 부산진구 중앙대로824번길 3 (전포동)1층,1명,2026-09-08 20:58:57
https://www.jobkorea.co.kr/Recruit/GI_Read/5610859/Ext?siteCode=WN&sc=,532302,"병원식당 조리원 모집 병원식당 내에서 함께 근무하실 조리보조원을 모집합니다. *근무조건 - 근무형태 : 격일근무 (1일 근무 / 1일 휴무) - 근무시간 : 04:30 ~ 18:00 - 휴게시간 : 2시간 (쉬는시간 확실한 보장) - 급여 : 월 2,700,000원 이상 * 업무내용 -조리보조 업무 전반 -환자 배식 -식자재 전처리 -설거지 및 청소 등 병원식당 업무 일체 * 자격요건 - 초보 지원 가능 - 성실하게 근무 가능하신 분 -단체급식 경력자 우대 * 우대사항 - 병원·단체급식 등 동종업계 경력자 우대 - 장기근무 가능자 우대 - 조리업무 경험자 우대 *복리후생 - 4대보험, 연차, 퇴직금, 식사 제공, 유니폼 제공 * 근무지 : 부산시 유엔평화로 156 가나병원",단체 급식 보조원,단체급식보조원,학력무관,관계없음,월급 270만원 ~ 270만원,고용형태,"부산광역시 남구 유엔평화로 156, 병원내 구내식당 (용당동)",1명,2026-09-08 20:58:57
https://www.jobkorea.co.kr/Recruit/GI_Read/5612162/Ext?siteCode=WN&sc=,231101,"가. 모집인원: 1명 나. 채용분야: 사회복지사(계약직/경력3년 이하) 다. 근무기간: 2026년 9월 29일~2027년 8월 28일(11개월) 라. 업무내용: 노인보호사업 전반 마. 자 격: 사회복지사 2급 이상 자격증 소지자, 실 운전가능자 바.제출서류 - 이력서, 자기소개서, 개인정보제공동의서, 특수관계부존재각서(기관 지정양식에 준함) - 노인학대예방교육 수료증 - 기타 서류 사. 전형 방법: 1차 서류전형, 2차 면접(합격자에 한해 홈페이지 공고 및 개별 공지) 아. 접수 기간: 2026년 9월 7일(월) ~ 2026년 9월 21일(월) 18시까지 자. 접수 방법: 내방 및 우편, 이메일 차. 접 수 처: (우)48729 부산광역시 동구 중앙대로 338, 5층(초량동, 연합뉴스빌딩) *우편접수시 “채용 응시 서류” 기재 요망 카. 담 당 자: 신은영 (☎051-468-8850)",사회복지사(사회복지시설),"사회복지사(사회복지시설, 노인복지시설, 장애인복지시설 등)",학력무관,관계없음,월급 232만원 이상,고용형태,"부산광역시 동구 중앙대로 338 (초량동, 연합뉴스빌딩)",1명,2026-09-08 20:58:58
https://www.jobkorea.co.kr/Recruit/GI_Read/5611018/Ext?siteCode=WN&sc=,140400,"[모집직무] 조경공사 건설공무 채용 [직무소개] - 조경 식재 및 조경시설물 설치 공사 전문 수행 - 협력업체 계약 및 하도급 관리, 자재 수급 관리 - 원가 관리, 기성 청구, 현장 이해관계자 조율 및 설계 변경 내역 작성 [주요업무] - 조경 공사: 실행 예산편성, 설계변경 내역서관리 - 행정 업무: 관공서 인허가, 착공/준공 서류 작성 및 대관 업무 - 조경 현장 관리 [지원 자격 및 우대사항] 경력: 무관 (신입 지원 가능 / 조경공무 2년 전후 경력자 우대) 필수 요건: 기본 컴퓨터 활용 능력 (엑셀, 한글 필수), 1종 보통 수동 운전 가능자 우대 사항: 조경 관련 자격증 소지자, AutoCAD 도면 해독 가능자 [근무형태] - 정규직 (수습기간 협의) - 주 5일(월~금) 09:00 ~ 18:00 / 혹은 현장 스케줄에 따름] [급여 조건] : 연봉 3,600만 원 ~ 6,000만 원 (경력 및 능력에 따라 면접 후 타당한 협의 가능)",조경 기술자,-,학력무관,관계없음,월급 300만원 ~ 500만원,고용형태,"부산광역시 기장군 일광읍 횡계2길 6, 협동조합한림",1명,2026-09-08 20:58:58
https://www.jobkorea.co.kr/Recruit/GI_Read/5611311/Ext?siteCode=WN&sc=,813104,"업종 : 수배전반 및 전기자동제어반 제조업 모집직종 : 캐드캠(CAD/CAM) 분야 직무내용 : 1. CNC, 레이저 장비관련 CAD/CAM(전용프로그램) 작업 2. 컴퓨터를 활용한 CAD/CAM 전용프로그램[랜텍(Lantek), 캠파스(CAMPAS)] 작업 3. 배전반 설계 전개도 작업(Auto CAD 활용 작업) 근무조건 및 환경 : 주5일(40시간 근무) - 월,화,수,목,금 08:00~17:00 ※ 회사 내 엘리베이터 사용 가능 ※ 근로환경 매우 우수 근무장소 : 사업장 주소와 동일(부산 강서구 미음산단 4로 150) 급여조건 : 면접 후 협의(결정) 자격조건 : 신입, 경력, 학력 무관 우대조건 : 동일업무(랜텍, 캠파스 프로그램) 유경험자, 동종업(배전반) 근무 경험자, 차량소지자 제출서류 : 이력서, 자기소개서 접수마감 : 채용시까지 ** 실업급여 수급만을 위한 입사지원은 구직활동으로 인정되지 않을 수 있습니다. **",캐드캠 기능원,캐드캠 기능원,학력무관,관계없음,"연봉 2,600만원 ~ 3,800만원",고용형태,부산광역시 강서구 미음산단4로 150 (미음동),2명,2026-09-08 20:58:58
https://www.jobkorea.co.kr/Recruit/GI_Read/5611321/Ext?siteCode=WN&sc=,151108,"교통계획, 교통공학, 광역교통 및 AI 기반 교통 정책관련 연구수행",자동차공학 기술자 및 연구원,-,박사,관계없음,"연봉 3,800만원 ~ 8,500만원",고용형태,"부산광역시 부산진구 중앙대로 955, 8, 9층 (양정동)",1명,2026-09-08 20:58:58
https://www.jobkorea.co.kr/Recruit/GI_Read/5610878/Ext?siteCode=WN&sc=,014302,"[모집직무] 환경행정 및 민원관리 담당자 [직무소개] 당사는 생활폐기물 수집·운반 및 환경 관련 사업을 수행하는 기업으로, 본 직무는 구청 및 유관기관과의 업무 협의, 주민 민원 대응, 행정업무 지원 등 회사 운영 전반의 대외·행정 업무를 담당합니다. 원활한 의사소통 능력과 책임감을 바탕으로 민원 해결 및 행정업무를 수행할 수 있는 인재를 모집합니다. [주요업무] * 주민 민원 접수 및 처리 * 민원 현장 확인 및 대응 * 구청 및 유관기관 업무 협의 및 소통 * 생활폐기물 수집·운반 관련 행정업무 * 입찰 및 계약 관련 서류 준비 * 각종 보고자료 및 공문 작성 * 차량, 인원 등 운영 관련 사무업무 지원 * 기타 사무실 전반 행정업무 [지원자격] * 원활한 의사소통 및 문제 해결 능력을 갖춘 분 * 운전 가능자 (필수) * 컴퓨터 활용 가능자 우대 (한글(HWP), Microsoft Office(Excel, Word 등)) * 생활폐기물 수집 · 운반업 종사 경력자 우대 [근무형태] * 주 5일 근무 * 주중 공휴일 포함 근무 (업무 특성상 공휴일 근무 발생) [급여 및 복리후생] * 회사 내규에 따름 * 상여금 별도 지급 [고용형태] * 기간의 정함이 없는 근로계약 * 수습기간 3개월 운영 → 1년 계약직 후 정규직 전환 검토",환경·청소 관리자,환경서비스업관리자(대표),학력무관,경력,월급 350만원 ~ 350만원,고용형태,부산광역시 금정구 회천로 54-1 (회동동),1명,2026-09-08 20:58:58
https://www.jobkorea.co.kr/Recruit/GI_Read/5611214/Ext?siteCode=WN&sc=,890006,"당사는 마른안주, 과자류 를 생산하는 식품제조업체입니다. 식품제조 생산직 포장 업무 하실 분 구합니다.",식품 분야 단순 종사원,식품분야 단순노무자,학력무관,관계없음,"시급 10,320원 ~ 10,320원",고용형태,"부산광역시 사하구 장림번영로 88-3, (장림동)",5명,2026-09-08 20:58:59
https://www.jobkorea.co.kr/Recruit/GI_Read/5611667/Ext?siteCode=WN&sc=,706002,"[우암동] 효성중공업 현장 보통인부 - 자재 운반, 폐기물 정리, 작업장 청소 등 현장 업무 - 건설안전기초교육 이수 필수 - 초보가능, 즉시 현장 투입 - 60일 근무 , 일급 당일지급 - 대연동(롯데3구역 현장)/우암동 해링턴마레아파트 현장/재송동(센텀롯데 현장) 투입 예정 ** 사하구청 일자리지원센터 채용대행 건 입니다. ☎051-220-5691 로 문의바랍니다.",건설·채굴 단순 종사원,-,학력무관,신입,"일급 140,000원 ~ 140,000원",고용형태,부산광역시 남구 솔밭로 3-6 (우암동),30명,2026-09-08 20:58:59
https://www.jobkorea.co.kr/Recruit/GI_Read/5611720/Ext?siteCode=WN&sc=,027208,"- 근무내용 : 매출전표 입력, 입퇴사신고, 은행업무, 매장별 재고업무처리 - 근무시간 : 09:00 ~ 18:00 (휴게시간 총 60분, 30분씩 2회) 격주 토요일 09:00 ~ 13:00(근무는 안하고 연차로 대체) 토요일 근무는 연차로 대체해서 주 5일 근무 및 공휴일은 휴무 - 급여조건 : 세전 월 268만원 - 우대사항 : 인근거주자, 장기근무 가능자 -지원방법- 월요일~금요일 전화문의 및 문자문의 토요일, 일요일, 기타공휴일 문자문의(이름/영도 경리직 지원합니다)만 가능",단순 경리 사무원,-,학력무관,경력,월급 268만원 ~ 268만원,고용형태,"부산광역시 영도구 절영로 355, (관리팀) (동삼동)",1명,2026-09-08 20:58:59
https://www.jobkorea.co.kr/Recruit/GI_Read/5611724/Ext?siteCode=WN&sc=,813210,MCT 기능공 주간근무자 모집합니다 -경력직 우대 -급여 협의가능 -주간근무,머시닝센터(MCT) 조작원,지그마스타조작원,학력무관,경력,"시급 13,000원 이상",고용형태,"부산광역시 사상구 사상로393번길 64, (주)삼정금속테크 (덕포동)",2명,2026-09-08 20:58:59
https://www.jobkorea.co.kr/Recruit/GI_Read/5612169/Ext?siteCode=WN&sc=,890000,밸브 단순조립 수습기간 3개월 있음.,기타 제조 관련 단순 종사원,단순조립원,학력무관,신입,월급 280만원 이상,고용형태,"부산광역시 강서구 과학산단로 194-11, (주)엔케이내 국담이엔지 (지사동)",1명,2026-09-08 20:58:59
https://www.jobkorea.co.kr/Recruit/GI_Read/5612374/Ext?siteCode=WN&sc=,531900,"<금련산역 4번출구 좋은강안병원 영양팀 조리원 구인> - 모집인원: 1명 - 직무: 전처리 배식, 설거지 등 주방 전반적인 업무 - 자격증 필수 아님, 신입/경력 무관 - 근무시간: 6시~18시 / 7시~19시 / 10시~21시 (주 5일//3교대 스케줄 근무) - 법정 휴게시간에 따라 휴게시간 부여 - 퇴직금 별도, 월급 327만원~",기타 조리사,-,학력무관,관계없음,월급 327만원 이상,고용형태,"부산광역시 수영구 수영로 493, 좋은강안병원 (남천동)",1명,2026-09-08 20:58:59
https://www.jobkorea.co.kr/Recruit/GI_Read/5616788/Ext?siteCode=WN&sc=,550100,"* 근무내용: 3등급 88세 여자 어르신 월1~2회 병원동행, 청소 , 반찬준비 * 근무시간: 09:00~12:00 (180분) * 근무요일: 월 화 수 목 금 (주 5회) * 시급: 13,000원(기본시급 10320+주휴,연차) **1년이내 건강검진 결과지 제출 **요양보호사 자격증 필수제출",요양보호사,-,학력무관,관계없음,"시급 10,320원 ~ 13,000원",고용형태,"부산광역시 연제구 고분로 200 (연산동, 연산엘지아파트)",1명,2026-09-08 20:59:00
https://www.jobkorea.co.kr/Recruit/GI_Read/5608333/Ext?siteCode=WN&sc=,027200,<< 경리원 모집 >> ●업력 30년 위탁급식 전문 기업 <주요 업무> ⦁임금 경비 관리 ⦁매입 매출 관리 ⦁경리 보조 업무( e-count 사용) ...................... • 경리 회계경력 2년 이상 • e-count 사용 경력자 및 전산 회계 자격증 소지자 우대 <근무조건> - 09:00 - 16:00(휴게 1시간) - 4대보험 / 퇴직연금 / 연차지급 / 중식 및 경비지급 - 월: 1.630.000원 <접수방법> saeson001@hanmail.net / 고용24 이력서 / 자기소개서 / 경력 기술서(A41매 內) <접수기한> 2026.09.14(월) 15:00 內 -채용시 조기마감됩니다,경리 사무원,경리장부정리원,학력무관,경력,월급 163만원 ~ 163만원,고용형태,"부산광역시 강서구 명지국제2로 41, 상가4동1002호 (주)새손 (명지동, 더샵 명지퍼스트월드 3단지)",1명,2026-09-08 20:59:00
https://www.jobkorea.co.kr/Recruit/GI_Read/5608581/Ext?siteCode=WN&sc=,550102,"[수급자인적사항 ] - 수급자 38년생 (여) - 등 급 : 3등급 - 거주지 : 북구 금곡동 주공2단지 - 주로 가사업무 위주로 업무가 어렵지 않음. - 기본적인 요양보호사 업무 위주로 해주시면 됩니다. [ 업무내용 ] - 가사 및 일상생활지원 - 정서지원 및 환경관리 - 병원동행 - 근무시간 오전 09 ~12시(180분) ""주휴수당 등 발생 시 별도 지급""",재가 요양보호사,재가요양보호사,학력무관,관계없음,"시급 10,320원 ~ 10,320원",고용형태,"부산광역시 북구 금곡대로616번길 10-9, (금곡동, 금곡2단지주공아파트)",1명,2026-09-08 20:59:00
https://www.jobkorea.co.kr/Recruit/GI_Read/5609160/Ext?siteCode=WN&sc=,532302,"[용호동]노인요양시설 조리원 채용 -전처리, 조리, 청소 등의 업무 -주5일근무 (평일1일 휴무/토 휴무) -스케줄 근무(6시~15시 또는 9시~18시, 휴게포함)",단체 급식 보조원,-,학력무관,관계없음,월급 216만원 ~ 222만원,고용형태,"부산광역시 남구 동명로101번길 57-13, 한솔보금자리실버홈",1명,2026-09-08 20:59:00
https://www.jobkorea.co.kr/Recruit/GI_Read/5612873/Ext?siteCode=WN&sc=,550102,"[남천동] 재가요양보호사 모집 ✔근무지 : 수영구 광남로48번길24(남천동, 수영구청 인근) ✔대상자 : 4등급 80대 남자어르신(배우자/거동가능) ✔근무시간 : 주5일 10:00~1:00 (시간조절가능) ✔케어내용 : 어르신운동 및 식사준비 ✔시급: 13,000원(수당포함)",재가 요양보호사,-,학력무관,관계없음,"시급 10,320원 ~ 10,320원",고용형태,"부산광역시 수영구 광남로48번길 24, . (남천동)",1명,2026-09-08 20:59:00
https://www.jobkorea.co.kr/Recruit/GI_Read/5608317/Ext?siteCode=WN&sc=,550100,"선양시니어빌리지 요양보호사 채용 공고 ■ 채용분야 및 인원 : 요양보호사 1명 ■ 담당업무 : 시설 요양보호사 업무 (어르신 케어 등) ■ 근무시간 : 주·야간근무(2교대, N근무: 5개_변동가능) ■ 제출서류 1. 이력서 2. 자격증 사본 (필수) 3. 건강보험 자격득실 확인서 ■ 접수방법 및 접수처 1. 접수방법 : 고용24접수, E-mail 접수, 우편 접수, 팩스 접수 , 방문접수 2. 접 수 처 : 부산시 기장군 장안읍 천산로63 선양시니어빌리지 우) 46035 E-mail : sycare0102@hanmail.netFAX: 051-727-3102 ■ 접수기간 : 2026. 8. 5.(수) ~채용시까지 ■ 전형절차 : 1차 서류전형, 2차 면접전형(1차, 2차 합격자에 한해 개별 통지함) ■ 유의사항-적격자가 없을 경우 채용하지 않을 수 있으며, 합격 통지 후라도 신원(범죄경력)조회 및 신체검사 결격사유 발생 시 합격은 취소될 수 있습니다. * 통근차량 운행 : 1. 반송>기장>일광> 장안(365일/ 주·야간운행) 2. 해운대>장안 (평일/ 주간만 운행)",요양보호사,-,학력무관,관계없음,월급 259만원 이상,고용형태,부산광역시 기장군 장안읍 천산로 63,1명,2026-09-08 20:59:01
https://www.jobkorea.co.kr/Recruit/GI_Read/5607730/Ext?siteCode=WN&sc=,623004,지게차 운전 3년이상 필수 냉동창고 입.출고 경력직(경력자우대) 지게차 기사 모집합니다.,지게차 운전원,-,학력무관,경력,"연봉 3,000만원 ~ 3,000만원",고용형태,부산광역시 사하구 다대동로6번길 1,1명,2026-09-08 20:59:01
https://www.jobkorea.co.kr/Recruit/GI_Read/5607731/Ext?siteCode=WN&sc=,612101,"- 사내출하품 재고관리 및 출하 업무 - 자재이동 - 고객사 관리, 고객 납입 관련 업무 - 운전 필수 - 경력자 우대",자동차부품 및 운송장비 기술영업원,엔진기술영업원,학력무관,관계없음,"연봉 3,200만원 이상",고용형태,"부산광역시 사하구 하신번영로 427, 에스엠인더스트리 (하단동)",1명,2026-09-08 20:59:01
https://www.jobkorea.co.kr/Recruit/GI_Read/5609368/Ext?siteCode=WN&sc=,550100,"[거제동] 재가요양보호사 - 2등급 70세 여자어르신(독거) - 식사도움, 위생, 가사 등 일상생활 지원 ★ 주6일, 9시~13시(4시간) - 시급 및 제수당 포함 13,000원(중증가산수당 별도)",요양보호사,-,학력무관,관계없음,"시급 10,320원 ~ 10,320원",고용형태,"부산광역시 연제구 해맞이로123번길 8, 삼호빌라2차 (거제동, 삼호빌라2차)",1명,2026-09-08 20:59:01
https://www.jobkorea.co.kr/Recruit/GI_Read/5609313/Ext?siteCode=WN&sc=,550100,"4등급 남자 어르신 [모집직무] 요양보호사 [주요업무] - 노인들의 식사, 목욕, 의복, 이동 등 일상생활 지원 - 노인들의 건강 상태를 관찰하고 문제 발생 시 적절한 조치 - 노인들과의 대화 및 여가 활동 진행 - 청결 유지를 위한 환경 관리",요양보호사,-,학력무관,신입,"시급 13,000원 ~ 13,000원",고용형태,"부산광역시 금정구 금사로33번길 53, 2층 (서동)",1명,2026-09-08 20:59:01
https://www.jobkorea.co.kr/Recruit/GI_Read/5609329/Ext?siteCode=WN&sc=,824104,"다대 대선조선 내 협력 업체입니다. 철의장품 취부, 용접이 주 업무이며, 용접작업 하실 수 있는 용접사 모집합니다. 조선소 경력자우대합니다. * 미리 전화 통화 후, 면접 일자를 정하시고, 방문 해주시기 바랍니다.",조선용접원(조선취부사 포함),조선의장용접원,학력무관,경력,"시급 13,000원 ~ 15,000원",고용형태,"부산광역시 사하구 감천항로 454, 대선조선 내 (다대동)",2명,2026-09-08 20:59:01
https://www.jobkorea.co.kr/Recruit/GI_Read/5608230/Ext?siteCode=WN&sc=,541903,수영장 안전요원 더보기,레저·테마파크 안전요원,-,학력무관,관계없음,"시급 12,000원 ~ 12,000원",고용형태,"부산광역시 연제구 화지로 109, 사회복지법인 양지동산 부산곰두리스포츠센터 (거제동)",1명,2026-09-08 20:59:02
https://www.jobkorea.co.kr/Recruit/GI_Read/5608216/Ext?siteCode=WN&sc=,550102,"- 5등급 80대 초반 여자어르신 - 근무시간 : 주5회( 09:00~12:00, 13:00~16:00) 시간조율 가능 - 초장동 - 요양보호사 자격증 필수, 치매교육 이수자 - 주요 업무 : 방문요양 업무 - 시급: 13,000원 (10,320원+주휴,연차 등 제수당 포함)",재가 요양보호사,재가요양보호사,학력무관,신입,"시급 10,320원 ~ 10,320원",고용형태,"부산광역시 서구 해돋이로 205, 초장동 (초장동)",1명,2026-09-08 20:59:02
https://www.jobkorea.co.kr/Recruit/GI_Read/5609291/Ext?siteCode=WN&sc=,550102,"신체활동지원,정서지원,일상생활지원등 *시급10,320원+각종수당2,680원=포괄시급13,000원",재가 요양보호사,-,학력무관,관계없음,"시급 10,320원 이상",고용형태,"부산광역시 남구 수영로 26 (문현동, 대림문현시티프라자)",1명,2026-09-08 20:59:02
https://www.jobkorea.co.kr/Recruit/GI_Read/5608916/Ext?siteCode=WN&sc=,231101,"■ 보조인력(1명) · 발달장애인 제공인력 대체(연차) 및 돌봄보조지원 · 최중증발달장애인(남자) 이동 및 화장실 이용 시 동행, 신체활동 관리 · 최중증발달장애인 개별지원 계획 및 프로그램 진행 보조 · 근무시간 : 09:00~16:00 *** 이력서에 채용분야 기록!!",사회복지사(사회복지시설),"사회복지사(사회복지시설, 노인복지시설, 장애인복지시설 등)",학력무관,경력,월급 175만원 이상,고용형태,"부산광역시 부산진구 서면문화로 27, 1210호 (부전동, 유원골든타원오피스텔) (부전동)",1명,2026-09-08 20:59:02
https://www.jobkorea.co.kr/Recruit/GI_Read/5609330/Ext?siteCode=WN&sc=,824100,"- 초합금, 인코넬 등의 특수용접(Laser 기술 습득 예정), 코팅 - 직업훈련 이수자, 초보자 지원 가능 - 능력에 따른 대우 - 회사근처 신축 OfficeTel 전세지윈 Program 가능 (청년)",용접원,-,학력무관,관계없음,"시급 10,320원 ~ 12,000원",고용형태,부산광역시 강서구 녹산산단261로74번길 41,1명,2026-09-08 20:59:02
https://www.jobkorea.co.kr/Recruit/GI_Read/5609237/Ext?siteCode=WN&sc=,550102,"[금사동 부산예원고등학교 인근] 재가 요양보호사 모집 (주 3일) - 대 상 자 : 4등급 여자 어르신(70대 후반) - 근무시간 : 13:00~16:00 / 주 3일(월, 수, 금) - 근무내용 : 신체활동지원, 일상생활지원, 개인활동지원 등 - 근무장소 : 금정구 사천로 12(금사동) / 부산예원고등학교 인근 - 시급 : 10,320원(제수당 포함 13,800원)",재가 요양보호사,-,학력무관,관계없음,"시급 10,320원 ~ 13,800원",고용형태,"부산광역시 금정구 사천로 12, 부산예원고등학교 인근 (금사동)",1명,2026-09-08 20:59:03
https://www.jobkorea.co.kr/Recruit/GI_Read/5611216/Ext?siteCode=WN&sc=,890006,"당사는 마른안주, 과자류 를 생산하는 식품제조업체입니다. 식품제조 생산 및 포장 업무 하실 분 구합니다.",식품 분야 단순 종사원,식품분야 단순노무자,학력무관,관계없음,"시급 10,320원 ~ 10,320원",고용형태,부산광역시 사하구 두송로 277 (구평동),4명,2026-09-08 20:59:03
https://www.jobkorea.co.kr/Recruit/GI_Read/5609308/Ext?siteCode=WN&sc=,550102,"▷ 업체명 : 돌봄사회적협동조합 ▷ 대상자 : 66년생 남자 ▷ 업무내용: 식사준비, 청소 및 정리, 말벗 ▷ 근무장소 : 부산진경찰서 인근 ▷ 근무시간: 주3일 15:00시~18:00 ▷ 급여: 시급 11,000원 ***다만, 실제 서비스 제공기간에 따라 임금을 계산하여 지급하는 형태로 채용시 근로자마다 주 소정시간 이나 임금, 근무지 (예정)지 등에 차이가 있을 수 있습니다. 자세한 사항은 근로계약 진행시 채용담당자와 협의하시길 바랍니다",재가 요양보호사,재가요양보호사,학력무관,관계없음,"시급 11,000원 ~ 11,000원",고용형태,부산광역시 부산진구 가야대로755번길 66 (부전동),1명,2026-09-08 20:59:03
https://www.jobkorea.co.kr/Recruit/GI_Read/5608933/Ext?siteCode=WN&sc=,621900,"김해 공항 대한항공 테크센터 내 자재지원 사원 모집중입니다. 1. 업무 내용 : 1. 항공기 부품 및 기타 물품에 대한 관리, 운반, 이동. 2. Shop간 물품 운반. 3. 간단한 목공 작업(파레트나 소형box 제작 월1회) 2. 근무 시간 : 주5일 근무(07:30 ~ 16:30), 중식(12+00~13+00) 3. 특이 사항 : 자동차. 목공관련 종사자 필수.",철도운송 관련 종사원,차량기지내수송원,고졸~대졸(2~3년),관계없음,월급 240만원 이상,고용형태,"부산광역시 강서구 테크센터로 55, 내 KTS글로벌 (대저2동)",1명,2026-09-08 20:59:03
https://www.jobkorea.co.kr/Recruit/GI_Read/5608874/Ext?siteCode=WN&sc=,028408,* 배차 일정을 관리하고 운송을 안내 * 배차 자재 입출고 서류 관리 * 엑셀 등 기본 문서작업 가능 * 지게차 1톤 운행 가능 * 1톤 트럭 운행 가능,물류 사무원(물류 관리사),물류관리사무원,학력무관,관계없음,"연봉 3,000만원 이상",고용형태,부산광역시 강서구 미음산단2로24번길 47 (구랑동),1명,2026-09-08 20:59:03
https://www.jobkorea.co.kr/Recruit/GI_Read/5609312/Ext?siteCode=WN&sc=,550100,4등급 여자어르신(79세) [주요업무] - 노인들의 식사 및 위생 관리 - 활동 보조 및 이동 지원 - 질병 및 건강 상태 관찰 - 노인들의 여가 및 사회활동 지원,요양보호사,-,학력무관,관계없음,"시급 13,000원 ~ 13,000원",고용형태,"부산광역시 해운대구 우동3로 4 (중동, 아크로뷰)",1명,2026-09-08 20:59:03
https://www.jobkorea.co.kr/Recruit/GI_Read/5609675/Ext?siteCode=WN&sc=,813200,두산 MCT(6500/50) 조작원-신규설비,금속 공작기계 조작원,밀링기조작원,학력무관,경력,월급 380만원 ~ 420만원,고용형태,"부산광역시 강서구 맥도강변길 207-1, (대저2동) (대저2동)",1명,2026-09-08 20:59:03
https://www.jobkorea.co.kr/Recruit/GI_Read/5609328/Ext?siteCode=WN&sc=,550102,"4등급 86세 여자 어르신입니다. 주5일(월,화,수,목,금) 09시~12시(3시간) 좋은 인연 기다리고 있습니다. *시급 13,000(주휴 등 제수당포함)",재가 요양보호사,재가요양보호사,학력무관,관계없음,"시급 10,320원 이상",고용형태,"부산광역시 연제구 월드컵대로243번길 19, 부근 (거제동, 거제동원타워)",1명,2026-09-08 20:59:03
https://www.jobkorea.co.kr/Recruit/GI_Read/5609637/Ext?siteCode=WN&sc=,816100,"밸브 조립 및 가공 지원 밸브 제조,생산 자재창고관리 *수습기간 3개월 있습니다*",일반기계 조립원,기계조립원,학력무관,관계없음,"연봉 2,880만원 ~ 2,880만원",고용형태,부산광역시 사하구 다산로106번길 61 (다대동),1명,2026-09-08 20:59:04
https://www.jobkorea.co.kr/Recruit/GI_Read/5608885/Ext?siteCode=WN&sc=,890002,"기업명 : 태일엠텍 모집직종 : 금속 사상 업종 :밸브 제조업 모집수 : 1명 근무조건 및 환경 : 주5일(40시간 근무) - 평일(40H) 08:30~17:30(점심시간 제외 8H) - 월,화,목,금: 3시간 잔업 오후 8시30분 (석식제공) (유동적,협의가능) 근무장소 : 부산시 사하구 다산로 47, (주)태일엠텍 급여조건 : 연봉 3,530만원 ~ (임금에 잔업수당 포함) / 퇴직금 별도/잔업 협의 가능/ 근속수당 제공 자격조건 : 제조업 사상 경력자 우대(3년 이상) 제출서류 : 이력서, 자기소개서 전형방법 : 서류, 면접",단순 사상원(용접사상 제외-용접원구분),고무제품사상원,학력무관,관계없음,"연봉 3,530만원 이상",고용형태,"부산광역시 사하구 다산로 47, (주)태일엠텍 (다대동)",1명,2026-09-08 20:59:04
https://www.jobkorea.co.kr/Recruit/GI_Read/5608886/Ext?siteCode=WN&sc=,813202,밸브 범용선반(한국공작기계 720 가능자) 조작원 모집 경력자: 년수무관,범용 선반 조작원,범용선반기능원,학력무관,경력,"연봉 4,400만원 ~ 4,800만원",고용형태,"부산광역시 사하구 다산로 47, (주)태일엠텍 (다대동)",1명,2026-09-08 20:59:04
https://www.jobkorea.co.kr/Recruit/GI_Read/5609672/Ext?siteCode=WN&sc=,613900,조선관련 납품 및 영업지원 담당 신입 및 경력사원 채용 (유압호스 및 피팅류) - 거래처 제품 납품 (1톤트럭) - 출고 제품 포장 및 준비 - 입.출고 자재 정리 및 관리 - 기타 영업지원 업무 조선3사 1차밴드 근무업체 경력사원 우대(HOSE.FITTING),기타 영업원,-,학력무관,관계없음,"연봉 2,600만원 ~ 4,000만원",고용형태,부산광역시 강서구 미음산단3로 156,1명,2026-09-08 20:59:04
https://www.jobkorea.co.kr/Recruit/GI_Read/5608934/Ext?siteCode=WN&sc=,813212,-철판 레이저 가공원 모집합니다. (주/야 2교대 근무) -월급 : 350만원 (신입) / 경력자 (면접시 협의) -월~금: (주간)08:30 ~ 18:30 / (야간)20:00 ~ 익일07:00 -토요일 / 일요일 / 법정공휴일 휴무 -연봉 조정가능 -오래도록 근무하실분 지원바랍니다. -면접장소: 사상구 사상로 469번길52(모라동),레이저 절단원,레이저절단원,학력무관,관계없음,월급 350만원 이상,고용형태,부산광역시 사상구 사상로469번길 52 (모라동),1명,2026-09-08 20:59:04
https://www.jobkorea.co.kr/Recruit/GI_Read/5609676/Ext?siteCode=WN&sc=,623004,"▷주요직무 -지게차운전 (2.8톤/5톤) -납품 (1톤트럭) ▷근무시간 : 7:30~16:30, 잔업가능, 월2회정도 토요일 특근(수당별도지급) ▷복지 : 중식제공",지게차 운전원,-,학력무관,관계없음,월급 280만원 이상,고용형태,부산광역시 강서구 미음산단로199번길 55 (미음동),1명,2026-09-08 20:59:04
https://www.jobkorea.co.kr/Recruit/GI_Read/5608918/Ext?siteCode=WN&sc=,231101,"[모집직무] 시설장 및 사회복지사 [직무소개] 우리 센터는 지역 주민들의 삶의 질을 높이기 위해 노력하는 주간보호센터입니다. 사회복지사로서 다양한 프로그램을 운영하고 이용자들을 돕는 따뜻한 마음을 가진 분을 찾고 있습니다. [주요업무] - 주간보호센터 이용자들의 사회적응 지원 - 다양한 사회복지 프로그램 운영 및 관리 - 이용자들의 심리적, 신체적 건강 증진을 위한 지원 - 지역 사회 자원 연계 및 협력 - 기록 작성 및 보고서 작성",사회복지사(사회복지시설),학교사회복지사,학력무관,관계없음,월급 250만원 ~ 400만원,고용형태,"부산광역시 부산진구 가야공원로 79, 아름주간보호센터 (가야동)",2명,2026-09-08 20:59:04
https://www.jobkorea.co.kr/Recruit/GI_Read/5609636/Ext?siteCode=WN&sc=,890006,다대포에 위치한 수산물 가공 전문 업체로 현장직에서 일 하실분 구합니다.^^ 근무시간 : 8:00~17:30 (시간 협의가능) 점심시간 : 11:50~12:50 휴게시간 : 15:30~15:50 - 인근거주자 환영. - 수산물 계통 유경험자 환영. 없으시더라도 배우시면 되니 부담갖지 마시고 편하게 연락주세요^^,식품 분야 단순 종사원,식품분야 단순노무자,학력무관,관계없음,"연봉 3,000만원 ~ 3,000만원",고용형태,"부산광역시 사하구 다대로605번길 23, 미광냉동B동 지하 케이알푸드 (다대동, 미광냉동)",2명,2026-09-08 20:59:05
https://www.jobkorea.co.kr/Recruit/GI_Read/5609634/Ext?siteCode=WN&sc=,155501,"수질, 대기환경오염도 측정등 산업환경분야 전문업체입니다. 숙련시 기기분석까지 업무 확장해 개인역량 강화 고려. 숙련시 고가의 기기분석까지 업무 확장해 개인역량 강화 고려.",대기 환경 기술자 및 연구원,대기환경측정분석기술자,학력무관,관계없음,"연봉 3,000만원 이상",고용형태,부산광역시 사상구 사상로539번길 39 (모라동),1명,2026-09-08 20:59:05
https://www.jobkorea.co.kr/Recruit/GI_Read/5609674/Ext?siteCode=WN&sc=,415100,"▶ 2D, 3D 프로그램을 활용한 제품 디자인 및 설계 ▶ 관련 프로그램(AUTO CAD, 스케치업, 라이노, 맥스, cad드로잉, 키샷, 포토샵 등) 능숙자 우대 *오토캐드 필수 *희망연봉 기재요망 홈페이지 : http://www.playland.co.kr/",제품 디자이너,-,대졸(2~3년)~석사,관계없음,"연봉 2,588만원 이상",고용형태,부산광역시 강서구 낙동남로991번길 42-1 (명지동),1명,2026-09-08 20:59:05
https://www.jobkorea.co.kr/Recruit/GI_Read/5609409/Ext?siteCode=WN&sc=,550102,"2등급 80대 여자어르신 재가 요양보호사 모집 * 근무시간 : 월~토요일 07:30~09:00 (1시간30분) : 월~토요일 16:00~18:00 (2시간) * 두 타임 다 하실 수 있는 분 환영. * 태그는 오전만찍고, 오후는 개인부담금 지급 * 주업무 : 식사 도움, 화장실이용 도움 * 시급 : 13,300원 연락처 051-916-1178",재가 요양보호사,재가요양보호사,학력무관,관계없음,"시급 10,320원 ~ 13,300원",고용형태,"부산광역시 사상구 덕상로 8-35, 1 (덕포동, 오양힐타운)",1명,2026-09-08 20:59:05
https://www.jobkorea.co.kr/Recruit/GI_Read/5608913/Ext?siteCode=WN&sc=,028401,"금속,창호 공사 관련 물량 산출, 자재 발주, 견적 사무원 CAD 도면 그리기 업무(캐드필수) 기본적인 문서작업(엑셀,한글) 가능해야합니다. 신입도 지원 가능합니다. 처음부터 끝까지 꼼꼼히 도와드립니다. 1종보통운전면허증 우대 건설초급기술자 우대(없어도 상관없습니다)",자재·구매 사무원(건설),건축·토목구매사무원,학력무관,관계없음,월급 240만원 ~ 250만원,고용형태,"부산광역시 부산진구 성지로43번길 44, (주)신일 (초읍동)",1명,2026-09-08 20:59:05
https://www.jobkorea.co.kr/Recruit/GI_Read/5608917/Ext?siteCode=WN&sc=,561101,"08시 30분 ~ 12:00 (오전 근무) 주 5일 근무 (토요일 격주 근무) 일요일 , 법정공휴일 휴무 인근거주자 환영 근무시간, 급여, 협의 가능","건물 청소원(공공건물,아파트,사무실,병원,상가,공장 등)",아파트청소원,학력무관,관계없음,월급 103만원 이상,고용형태,"부산광역시 연제구 중앙대로1038번길 54, 효성아파트 (연산동)",1명,2026-09-08 20:59:05
https://www.jobkorea.co.kr/Recruit/GI_Read/5608914/Ext?siteCode=WN&sc=,231101,"안녕하세요. 부산 서구 서대신동에 위치한 나눔심리발달센터입니다. 아래의 내용을 참조하셔서 지원해주시면 개별연락 드리겠습니다. 1. 채용분야 : 발달장애인 방과후 활동 서비스 제공인력 사회복지사 2. 자 격 : 사회복지사(또는 심리 미술치료사, 놀이 치료사 관련학과 전공자 및 자격증 소지자 등) 3. 근무형태 : 주 5일 (11:00-19:00) 1일 7시간, (요일변경가능, 추후일정변경 또는 협의) 4. 제출서류 : 이력서, 자기소개서, 졸업증명서, 경력증명서, 자격증(센터양식없음, 개별양식으로 메일첨부) 5. 임금조건 : 기본시급, 4대보험 가입 6. 전형방법 : 1차 서류, 2차 면접 7. 접수방법 : 이메일 접수 nanumtherapy@hanmail.net 8. 접수마감 : 채용시까지 마음을 나눌 수 있는 따뜻한 분들의 많은 지원 바랍니다. 기타 문의사항은 아래로 연락해주시면 됩니다^^ ☎051-246-1619",사회복지사(사회복지시설),케어복지사,학력무관,관계없음,월급 200만원 이상,고용형태,"부산광역시 서구 서대신동3가 망양로 15, 서대신동 3가 2층 나눔심리발달센터 (서대신동3가)",1명,2026-09-08 20:59:06
https://www.jobkorea.co.kr/Recruit/GI_Read/5609635/Ext?siteCode=WN&sc=,813201,"CNC선반기능원(오퍼레이터) -화낙콘트롤러(SKT-100,200) *견습기간 1개월 있음 *통근버스 있음.(주례, 가야역, 서면)",CNC 선반 조작원(NC 선반 조작원),CNC선반기능원,학력무관,경력,"연봉 4,500만원 이상",고용형태,부산광역시 사상구 가야대로64번길 30 (학장동),1명,2026-09-08 20:59:06
https://www.jobkorea.co.kr/Recruit/GI_Read/5608879/Ext?siteCode=WN&sc=,813202,선반 밀링 가공 기능원 모집합니다. 선반 밀링 가공 및 시간이 남을때는 프레스도 가능한 다기능 공 모집합니다.,범용 선반 조작원,범용선반기능원,학력무관,경력,"연봉 4,000만원 이상",고용형태,부산광역시 강서구 공작길 8-16 (강동동),1명,2026-09-08 20:59:06
https://www.jobkorea.co.kr/Recruit/GI_Read/5608915/Ext?siteCode=WN&sc=,550101,"1. 기 관 명 : 사회복지법인 호산사회복지회 호산노인건강센터 2. 채용분야 : 요양보호사 3. 인 원 : 요양보호사 2명 4. 자 격 : 요양보호사 자격증 소지자 5. 근 무 지 : 부산시 연제구 화지로 103 (거제4동) 6. 급여 : 약 월 260만원 7. 근무형태 - 요양보호사 : 주야간 교대 근무 (월 8일 휴무) 8. 접수기한 : 2026년 9월 3일 ~ 2026년 9월 17일 9. 제출서류 : 이력서, 요양보호사 자격증 사본 10. 연락처 및 E-mail : hosanbokji@daum.net * 기타사항은 호산노인건강센터(☎051-502-3979~80)으로 문의 바랍니다.",요양보호사(노인요양사),요양보호사,학력무관,관계없음,월급 260만원 이상,고용형태,부산광역시 연제구 화지로 103,2명,2026-09-08 20:59:06
https://www.jobkorea.co.kr/Recruit/GI_Read/5608930/Ext?siteCode=WN&sc=,542002,"[모집직무] 건물 경비원(청사,학교,병원,상가,빌딩,공장 등), 아파트·빌라 경비원, 환경·청소 및 경비 관련 관리자 [직무소개] 중동 코스모시티 시설 관리 업무를 담당합니다. 시설 순찰, 택배 물 관리 및 재활용 장 관리 업무를 주로 수행합니다. [주요업무] - 시설 내 정기적인 순찰 - 택배 및 배송 물품 관리 - 재활용 장 관리 및 운영 - 시설 내 24시간 안전 및 보안 업무 - 비상 상황 발생 시 대응 *근무형태는 격일근무(근로시간 13시간 휴게시간11시간) *휴게시간은 오전 10:00~10:30 중식 12:00~13:30 오후 15:00~15:30 석식 19:00~20:30 야간 23:00~06:00","건물 경비원(청사,학교,병원,상가,빌딩,공장 등)",-,학력무관,경력,월급 212만원 ~ 212만원,고용형태,"부산광역시 해운대구 해운대해변로357번길 5-1, 코스모시티오피스텔 1111호 (중동, 코스모시티)",1명,2026-09-08 20:59:06
https://www.jobkorea.co.kr/Recruit/GI_Read/5608566/Ext?siteCode=WN&sc=,873102,"*아이엠피쉬(주) ㅁ근무장소 : 기장군 일광읍 화전2길 86-103 아이엠피쉬 ㅁ모집직종 : 수산물 가공원 3명 --- >(1개월 근로계약, 만료 후 상용직 전환 검토) ㅁ근무내용 : 냉동오징어 손질(수산물 가공업무), 냉동수산물 절단 및 해동 등 ㅁ우대사항 : 차량소지자(우대), 경력자 채용 시 조건 협의가능 ㅁ근무시간 : 주 5일, 08:30~17:30 (휴게 12:00~13:00) ㅁ급여사항 : 시급 10,320원 ㅁ복리후생 : 4대보험, 퇴직금, 1식제공 ㅁ접수방법 : 전화 후 방문, 고용24접수, 이메일 ( imfish2013@gmail.com ) - 이력서",어패류(수산물) 가공기계 조작원,생선해체원,학력무관,관계없음,"시급 10,320원 이상",고용형태,부산광역시 기장군 일광읍 화전2길 86-103,3명,2026-09-08 20:59:06
https://www.jobkorea.co.kr/Recruit/GI_Read/5608579/Ext?siteCode=WN&sc=,835300,절단기 기계 조작 1명 누구나 배우면 가능한 업무입니다.,전자 부품 및 제품 제조 기계 조작원,전자제품제조기계조작원,학력무관,관계없음,"시급 11,700원 ~ 11,700원",고용형태,"부산광역시 강서구 녹산산단382로14번가길 1 (송정동, -2, 3)",1명,2026-09-08 20:59:06
https://www.jobkorea.co.kr/Recruit/GI_Read/5608580/Ext?siteCode=WN&sc=,890000,- 업무 도장 및 쇼트 배우면서 일 하실 분,기타 제조 관련 단순 종사원,-,학력무관,관계없음,"시급 10,320원 이상",고용형태,"부산광역시 강서구 녹산산단27로 56, (송정동)",3명,2026-09-08 20:59:07
https://www.jobkorea.co.kr/Recruit/GI_Read/5608887/Ext?siteCode=WN&sc=,028500,품질관리 업무 선급검사 가능자 우대 경력자 우대/경력에 따라 임금협의,생산 및 품질관리 사무원,공정관리기술자,학력무관,관계없음,"연봉 3,451만원 ~ 5,000만원",고용형태,"부산광역시 사하구 다산로 47, (주)태일엠텍 (다대동)",1명,2026-09-08 20:59:07
https://www.jobkorea.co.kr/Recruit/GI_Read/5608329/Ext?siteCode=WN&sc=,550101,* 어르신을 성심성의껏 모실 요양보호사 선생님을 모집합니다. * 어르신 주간보호센터 요양보호사 전반적인 업무 * 근무시간 : 3교대 근무 (07:40~16:40 / 09:40~18:40 / 11:00~20:00) / 휴게 1시간 부여 토요일 및 주중공휴일 -> 08시~18시 (1시간은 연장근무수당 지급) * 근무조는 매달 변경됨. * 토요일 격주 근무하고 평일 대체 휴무있음 * 1개월 시용 계약 후 1년 계약직 근무 (1개월 시용계약후 급여 5만원 인상) * 스타렉스 운전 가능자 우대 (1종 면허소지하고 승용차 운전 가능하신 분도 가능),요양보호사(노인요양사),요양보호사,학력무관,관계없음,월급 216만원 이상,고용형태,"부산광역시 북구 만덕대로 117, 2층/3층 나무그늘주간보호센터 (덕천동)",1명,2026-09-08 20:59:07
https://www.jobkorea.co.kr/Recruit/GI_Read/5608171/Ext?siteCode=WN&sc=,550102,"남 93세 4등급 배우자 분과 거주 두분다 모두 성격좋으심. 주 업무 : 가사도움 기본 거동은 가능. 신체 능력이 떨어져 있으심, 인지 능력 원활하심. 근무 어려운 부분 없음. 월~금 근무 근무시간: 09:00~12:00 *건강검진 1년이내 필수",재가 요양보호사,재가요양보호사,학력무관,관계없음,"시급 13,000원 ~ 13,000원",고용형태,"부산광역시 해운대구 좌동순환로99번길 6, 306동 **호 (대림3차아파트)",1명,2026-09-08 20:59:07
https://www.jobkorea.co.kr/Recruit/GI_Read/5609921/Ext?siteCode=WN&sc=,231100,"부전동 재가복지센터 경력직 사회복지사 구인 - 치매교육이수, 프로그램(이지케어) 활용 가능자 - 시 간 : 주5일, 09:00 - 18:00 - 접수 방법 : 이메일, 방문 - 직무 내용 : 어르신라운딩, 방문요양 행정전반업무 - 방문요양 업무 최소 2년이상 경력자 - 240만원이상(협의가능)",사회복지사,-,고졸~대졸(4년),경력,월급 240만원 이상,고용형태,부산광역시 부산진구 부전로140번길 29 (부전동),1명,2026-09-08 20:59:07
https://www.jobkorea.co.kr/Recruit/GI_Read/5609795/Ext?siteCode=WN&sc=,836000,직무내용 : 통신장비 제조에 따른 조립 결선 취부 pcb조립 외 일체의 업무,전기·전자 부품 및 제품 조립원,-,학력무관,관계없음,월급 220만원 이상,고용형태,부산광역시 금정구 공단동로41번길 10,2명,2026-09-08 20:59:07
https://www.jobkorea.co.kr/Recruit/GI_Read/5610110/Ext?siteCode=WN&sc=,231100,"[재가복지센터] 사회복지사 모집 - 근무지 : 부산시 사하구 다송로 17(다대동) 화목재가복지센터 - 업무내용 : 수급자 방문 및 방문요양 행정 업무 - 근무시간 : 주 5일 09:00~18:00 - 급여 : 월 2,356,880원 - 제출서류: 이력서, 자기소개서, 경력증명서, 졸업증명서 - 접수방법: 방문제출 * 실제 서비스 제공 기간에 따라 임금을 계산하여 지급하는 형태로 채용 시 근로자마다 주 소정근로시간이나 임금, 근무(예정)지 등에 차이가 있을 수 있음.",사회복지사,-,학력무관,관계없음,월급 235만원 ~ 235만원,고용형태,부산광역시 사하구 다대로381번길 94 (다대동),1명,2026-09-08 20:59:07
https://www.jobkorea.co.kr/Recruit/GI_Read/5610107/Ext?siteCode=WN&sc=,231101,장애인주간보호센터 이용자 돌봄 및 제반업무,사회복지사(사회복지시설),"사회복지사(사회복지시설, 노인복지시설, 장애인복지시설 등)",학력무관,관계없음,월급 228만원 ~ 228만원,고용형태,"부산광역시 해운대구 신반송로 200, 운봉장애인주간보호센터 (반송동)",1명,2026-09-08 20:59:08
https://www.jobkorea.co.kr/Recruit/GI_Read/5608932/Ext?siteCode=WN&sc=,014300,경비청소용역회사 총괄관리직원모집(경비지도사 자격증보유자 필수) 같이함께할 직원모집합니다 경력자우대 자차필수 식대포함,환경·청소 및 경비 관련 관리자,-,학력무관,경력,월급 400만원 이상,고용형태,"부산광역시 기장군 기장읍 차성로418번길 14, 2층",1명,2026-09-08 20:59:08
https://www.jobkorea.co.kr/Recruit/GI_Read/5609919/Ext?siteCode=WN&sc=,232100,오전 보조선생님을 모십니다. prettykgw@hanmail.net 으로 메일을 주시면 연락을 드리겠습니다 ^^ 많은 지원 해 주세요^^,보육교사,어린이집센터장,학력무관,관계없음,월급 110만원 ~ 120만원,고용형태,"부산광역시 기장군 기장읍 청강로 76, 보육시설동 (우신네오빌아파트)",1명,2026-09-08 20:59:08
https://www.jobkorea.co.kr/Recruit/GI_Read/5609909/Ext?siteCode=WN&sc=,561102,🏨 매그넘 남포 호텔 하우스키핑 룸메이드 모집 🧹 모집분야 하우스키핑 룸메이드 호텔 객실을 쾌적하고 깨끗하게 관리해주실 성실하고 책임감 있는 룸메이드를 모집합니다. 📋 주요업무 호텔 객실 청소 및 정비 침구 교체 및 베드메이킹 욕실 및 객실 청결 관리 객실 비품 및 소모품 정리·보충 객실 내 시설 및 비품 이상 여부 확인 객실 정비 관련 기타 하우스키핑 업무 🙋‍♀️ 자격요건 학력 및 경력 무관 성실하고 책임감 있게 근무 가능하신 분 동료들과 원활한 협업이 가능하신 분 호텔 객실 정비 업무에 책임감을 가지고 임하실 분 ⭐ 우대사항 호텔 및 숙박업소 하우스키핑 경력자 룸메이드 경력자 인근 거주자 장기근무 가능자 즉시 출근 가능자 ⏰ 근무조건 근무지 : 매그넘 남포 근무부서 : 하우스키핑 근무형태 : 협의 근무일수 및 근무시간 : 면접 시 협의 급여 : 회사 내규 및 경력에 따라 협의 🎁 복리후생 4대보험 퇴직금 근무복 지급 식사 제공 기타 회사 내규에 따른 복리후생 📩 지원방법 이력서 제출 전화 또는 방문 지원 서류 검토 후 개별 면접 안내,"호텔·콘도·숙박시설 청소원(룸메이드,하우스키퍼)",호텔청소원,학력무관,신입,월급 220만원 ~ 240만원,고용형태,"부산광역시 중구 비프광장로 20, 3층 프런트 (남포동6가)",2명,2026-09-08 20:59:08
https://www.jobkorea.co.kr/Recruit/GI_Read/5609920/Ext?siteCode=WN&sc=,834001,"- 아파트(455세대) 전기과장 업무 - 주5일 근무: 월-금(09:00-18:00) - 9월 초부터 근무 - 명절, 휴가비 있음 - 전기, 기계설비초급, 소방안전관리자 2급선임 - 수전용량 1,800kw - 발전용량 345kw - 지역난방 유경험자 우대",아파트 전기관리원,아파트전기기계설비조작원,학력무관,경력,월급 378만원 ~ 378만원,고용형태,"부산광역시 기장군 정관읍 정관로 513, 관리사무소 (정관신도시 계룡리슈빌)",1명,2026-09-08 20:59:08
https://www.jobkorea.co.kr/Recruit/GI_Read/5608929/Ext?siteCode=WN&sc=,305000,(주)다조에프앤에스에서 금정세무서 에서 근무하실 경력직 영양사를 모집합니다. -중식 운영 -식수 85명 -주 3일 근무 -9/30일부터 근무,영양사,구내식당영양사,학력무관,경력,월급 130만원 이상,고용형태,"부산광역시 금정구 중앙대로 1636, 금정세무서 (부곡동)",1명,2026-09-08 20:59:08
https://www.jobkorea.co.kr/Recruit/GI_Read/5610750/Ext?siteCode=WN&sc=,550100,"[영주동] 재가요양보호사 -3등급 89세 여자어르신 -주5일, 09:00~12:00 (3시간) -시급 및 제 수당 포함 13,000원 -식사 및 가사도움,병원동행, 일상생활지원 - 중앙공원 인근 동아아파트",요양보호사,-,학력무관,관계없음,"시급 10,320원 ~ 13,000원",고용형태,"부산광역시 중구 영주로 73, - (영주동, 동아아파트)",1명,2026-09-08 20:59:08
https://www.jobkorea.co.kr/Recruit/GI_Read/5607523/Ext?siteCode=WN&sc=,214702,"** 더나아짐 발달 장애아동 음악선생님 모십니다. *음악선생님(강사) 모십니다. *주5일 11:00~19:00(점심휴게 12:00~13:00) *주35시간 *인턴 기간(수습기간) 3개월 있음, 3개월 뒤는 검토 후 정규직 전환 *이메일 입사지원: 1975kn@naver.com *월급 2,158,800원",음악 강사,-,학력무관,관계없음,월급 215만원 ~ 215만원,고용형태,"부산광역시 동래구 명륜로112번길 108, 1층,2층 (수안동)",1명,2026-09-08 20:59:09
https://www.jobkorea.co.kr/Recruit/GI_Read/5608330/Ext?siteCode=WN&sc=,531803,"- 병원 조리원 모집 조리원 2명 : 경력자 우대 (병원 식당 주방보조 / 조리원 고유업무 진행) 근무시간: 06:00~18:00( 2일근무 1일 휴무, 주말 병실운영으로 교대근무 )",병원 급식 조리사,병원급식조리사,학력무관,관계없음,월급 230만원 이상,고용형태,"부산광역시 남구 용호로 173, 7층(용호동) 부산남구 태흥당한방병원 구내식당 (용호동)",2명,2026-09-08 20:59:09
https://www.jobkorea.co.kr/Recruit/GI_Read/5609818/Ext?siteCode=WN&sc=,561100,"스파 해수랑 내 전반적인 청소 업무(건물 내외/계단/복도/화장실등) - 급여 식대 포함 2,700,000원 - 주 6일 근무제 (주 42시간 근무) - 결혼이민자 지원 가능 ***부산고용센터 채용대행 중입니다.***문의사항은 051-860-2163로 연락 부탁드립니다.",건물 청소원,-,학력무관,관계없음,월급 270만원 ~ 270만원,고용형태,"부산광역시 서구 충무대로 134, 스파 해수랑 (남부민동)",1명,2026-09-08 20:59:09
https://www.jobkorea.co.kr/Recruit/GI_Read/5607624/Ext?siteCode=WN&sc=,028408,"[모집직무] 물류 사무원, 택배 관련 기사 관리및 사무 업무 [직무소개] 우리 회사는 다양한 제품의 효율적인 물류와 배송을 책임지고, 운영하는 전문 기업입니다. 본 채용을 통해 물류 관리 및 배송 운영에 중요한 역할을 담당할 핵심 인력을 확보하고자 합니다. [주요업무] - 물류 관리 시스템 운영 - 재고 관리 및 물류 흐름 분석 - 배송 경로 최적화 및 운송 관리 - 물류 관련 업무 효율성 향상 - 배송 차량 운영 및 관리",물류 사무원(물류 관리사),물류관리전문가,학력무관,관계없음,월급 280만원 ~ 280만원,고용형태,"부산광역시 강서구 명지국제2로 27, 307호 (명지동, 대산골든스퀘어)",1명,2026-09-08 20:59:09
https://www.jobkorea.co.kr/Recruit/GI_Read/5607617/Ext?siteCode=WN&sc=,155102,"■에너지진단 관련 진단인력 모집■ [직무내용] - 에너지진단 수행 [모집인원] - 1명 [우대사항] - 관련 산업기사이상 (전기,공조냉동기계 등 분야) 필수 - 성능점검 및 에너지진단 경력 우대 급여는 경력에 따라 차등 지급됩니다. (면접시 협의가능)","에너지공학 기술자 및 연구원(에너지, 탐사, 시추)",에너지기술자,학력무관,경력,"연봉 3,000만원 ~ 3,400만원",고용형태,"부산광역시 연제구 법원로32번길 10, 4층 401호 (거제동)",1명,2026-09-08 20:59:09
https://www.jobkorea.co.kr/Recruit/GI_Read/5607618/Ext?siteCode=WN&sc=,231101,■ 중간관리자(경력자)(2명) · 장애인 자립생활지원 사업 경력 및 장애인 활동지원 사업 경력자 · 근무시간 : 09:00~18:00 *** 이력서에 채용분야 기록!!,사회복지사(사회복지시설),"사회복지사(사회복지시설, 노인복지시설, 장애인복지시설 등)",학력무관,경력,월급 223만원 이상,고용형태,"부산광역시 부산진구 서면문화로 27, 1210호 (부전동, 유원골든타원오피스텔) (부전동)",2명,2026-09-08 20:59:09
https://www.jobkorea.co.kr/Recruit/GI_Read/5607622/Ext?siteCode=WN&sc=,140201,"■ 건설현장 소장님 , 현장관리자 모집합니다. 본사 : 부산광역시 기장군 정관읍 정관로 716 현장 : 부산광역시 강서구 명지동 3722-8 안내사항 ㆍ건축 관련학과 전공자 및 건축산업기사, 건축기사 자격증 소지자 ㆍ공장 시공 업무 유경험자 필수, 캐드,엑셀,한글등 문서작업 능숙자 ㆍ업무경험,경력 등에 따른 조건협의 가능 . 100억이상 공사현장 유경험자 , 공장 전문 경험자 KG종합건설(주)에서는 당사에서 시공하는 현장을 책임감으로 관리해주실 현장소장님을 모집합니다. 문서 작업이 능숙하신 소장님을 모십니다. 많은 지원 부탁드립니다.",건축 현장소장,건축현장소장,학력무관,경력,"연봉 6,000만원 ~ 6,500만원",고용형태,"부산광역시 강서구 에코델타스마트3로 34, 명지동 3722-8 (명지동)",1명,2026-09-08 20:59:10
https://www.jobkorea.co.kr/Recruit/GI_Read/5607621/Ext?siteCode=WN&sc=,623004,"- 모집직종 : 냉동창고 지게차 기사, 지게차자격증 필수 - 직무내용 : 냉동 냉장 보관 물품 입고, 출고 지게차 운전(3톤 미만 사용) - 우대사항 : 성실근면 - 정년 65세 - 중식비(월 16만원) 연봉에 포함 - 자녀 학자보조금 / 초중고 입학축하금 지급 - 경력에 따라 임금 협의가능 ** 부산고용센터 채용대행건으로 출근가능하신 분만 [고용24 입사지원] 바랍니다.",지게차 운전원,지게차운전원,학력무관,관계없음,"연봉 3,000만원 이상",고용형태,"부산광역시 서구 원양로 243, 2층 (암남동)",1명,2026-09-08 20:59:10
https://www.jobkorea.co.kr/Recruit/GI_Read/5607619/Ext?siteCode=WN&sc=,151106,"[모집직무] 조선·해양공학 기술자 및 연구원, 소방설계 기술자, 플랜트공학 기술자 및 연구원 [직무소개] 우리 회사는 3D CAD를 활용하여 조선 및 해양 구조물 설계에 전문성을 갖춘 기업입니다. 본 직무는 조선 설계 선체 설계 경험이 있는 신입 엔지니어를 채용하여 첨단 기술의 혁신적인 발전에 함께 기여할 수 있는 기회를 제공합니다. [주요업무] - 3D CAD를 활용한 선체/배관 설계 - 조선 구조물 설계 관련 연구 및 개발 - 설계 자료 작성 및 검토 - 다양한 설계 프로젝트 참여",조선·해양공학 기술자 및 연구원,-,학력무관,경력,"연봉 2,800만원 ~ 5,000만원",고용형태,"부산광역시 남구 신선로 428, 동명대학교 산학협력관 401호 (용당동)",2명,2026-09-08 20:59:10
https://www.jobkorea.co.kr/Recruit/GI_Read/5607623/Ext?siteCode=WN&sc=,550102,"*대상자 4등급(여/84세) *근무지 : 사하구 괴정동 *근무시간 : 주 6일 하루 3시간 근무예정(근무시간 조절가능) *시급 : 13,100원(최저시급 + 제수당포함) *업무 : 식사준비, 청소, 반찬, 방문요양서비스관련업무, 깔끔하신분 원하심. * 바로근무가능하신분 실제서비스 제공기간에 따라 임금을 계산하여 지급하는 형태로 채용 시 근로자마다 주 소정근로시간이나 임금, 근무(예정)지 등에 차이가 있을 수 있음.",재가 요양보호사,재가요양보호사,학력무관,관계없음,"시급 10,320원 ~ 10,320원",고용형태,"부산광역시 사하구 괴정로231번길 19 (괴정동, 괴정 웰메이드홈)",1명,2026-09-08 20:59:10
https://www.jobkorea.co.kr/Recruit/GI_Read/5609408/Ext?siteCode=WN&sc=,550102,3등급 86세 여자어르신 (독거) 오후3시~6시(15시~18시) 주5회 또는 6회는 협의 경력1년이상 시급 일괄 13200원,재가 요양보호사,재가요양보호사,학력무관,경력,"시급 10,320원 ~ 10,320원",고용형태,"부산광역시 부산진구 전포대로224번길 4, 1층 (전포동)",1명,2026-09-08 20:59:11
https://www.jobkorea.co.kr/Recruit/GI_Read/5608884/Ext?siteCode=WN&sc=,824100,"기업명 : 태일엠텍 모집직종 : 용접원 직무내용 : 용접 Co2 제관용접 업종 : 탭, 밸브 및 유사장치 제조업 모집수 : 1명 근무조건 및 환경 : 주5일(40시간 근무) - 평일(40H) 08:30~17:30(점심시간 제외 8H) - 월,화,목,금: 잔업 오후 8시30분 (유동적,협의가능) 근무장소 : 부산시 사하구 다산로 47, (주)태일엠텍 급여조건 : 연봉 4,000만원 (임금에 잔업수당 포함) / 퇴직금 별도 자격조건 : 용접 경력자 우대 제출서류 : 이력서, 자기소개서 전형방법 : 서류, 면접",용접원,-,학력무관,경력,"연봉 4,000만원 이상",고용형태,"부산광역시 사하구 다산로 47, (주)태일엠텍 (다대동)",1명,2026-09-08 20:59:11
https://www.jobkorea.co.kr/Recruit/GI_Read/5609331/Ext?siteCode=WN&sc=,821200,"- 기계가공(선반, 밀링, 연마) - 조립(정밀기계) - 직업훈련 이수자",금속가공 기계 조작원,-,학력무관,경력,"시급 10,320원 ~ 13,000원",고용형태,부산광역시 강서구 녹산산단261로74번길 41,1명,2026-09-08 20:59:11
https://www.jobkorea.co.kr/Recruit/GI_Read/5609332/Ext?siteCode=WN&sc=,550102,"요양보호사 모집합니다. 근무장소 : 북구 만덕1로 104번길 29 근무요일 : 토,일 근무시간 : 1시~4시 수당 등 발생 시 별도 지급합니다. 4등급 할머니이십니다.",재가 요양보호사,재가요양보호사,학력무관,관계없음,"시급 10,320원 ~ 10,320원",고용형태,"부산광역시 북구 만덕1로104번길 29, 107 (덕천동, 기비골마을)",1명,2026-09-08 20:59:11
https://www.jobkorea.co.kr/Recruit/GI_Read/5608883/Ext?siteCode=WN&sc=,813201,"CNC 선반 기능공-> 프로그램 및 세팅 작업, 작업 공정 관리 등 - 농기계 부품, 조선기자재 부품 가공, 소형부품 - 프로그래밍 가능자 (두산, 현대 기계)",CNC 선반 조작원(NC 선반 조작원),CNC터닝선반조작원,학력무관,경력,"연봉 5,200만원 이상",고용형태,"부산광역시 사하구 장림로 128, 동민정밀 (장림동)",1명,2026-09-08 20:59:12
https://www.jobkorea.co.kr/Recruit/GI_Read/5608711/Ext?siteCode=WN&sc=,550102,"<동래구 동래구청 인근 거주> * 4등급 여자대상자 * 주5일 * 오후1시~4시 * 신체활동지원, 가사일상생활지원,정서지원, 외출동행, 병원동행 등 * 문의: 051-992-0045 * 시급 10,320원 (수당 별도 지급) ** 실제 서비스 제공 기간에 따라 임금을 계산하여 지급하는 형태로, 채용 시 근로자 마다 주 소정 근로시간이나 임금, 근무(예정)지 등에 차이가 있을 수 있음",재가 요양보호사,-,학력무관,관계없음,"시급 10,320원 이상",고용형태,"부산광역시 동래구 동래로148번길 23, 동래구청 인근 거주 (복천동)",1명,2026-09-08 20:59:12
https://www.jobkorea.co.kr/Recruit/GI_Read/5608572/Ext?siteCode=WN&sc=,304000,"1. 모집분야 : 치매조기검진추진단 2. 지원자격 가. 만 50세 ~ 64세 신체건강한자 ※ 1961년 ~ 1976년 출생자 나. 간호사, 간호조무사, 사회복지사, 작업치료사, 노인상담사 중 한 개 이상 자격증 소지자 ※ 해당 자격증 소지자 중 경력자 우대 3. 근무조건 가. 급 여 : 월 792,750원(만근시 세전금액, 연차수당 포함) 나. 직 위 : 신중년 일자리 참여자(초단기 근로자) 다. 근 무 지 : 치매안심센터, 동래구 관내 경로당, 동래구 관내 독거노인 가구 등 라. 근무기간 : 채용시부터 ~ 11월 마. 근무시간 : 근로계약에 따름(주 15시간, 월 60시간 근무) 바. 담당업무 : 찾아가는 치매 조기 검진 및 선별 검사 진행, 치매예방교육 실시, 치매안심센터 내 검진 업무 지원 등 4. 채용방법 가. 1차 서류 전형 / 2차 신중년 일자리 적합자 선별 면접 5. 응시원서 가. 접수기간 : 2026년 9월 3일(목) ~ 9월 18일(금) ▶ 16일간 나. 제출서류 : 이력서1부, 개인정보 수집 동의 및 이용서 각 1부, 주민등록등본 1부(당해년도) 다. 접 수 처 : 부산광역시 동래구 반송로 216, 3층 부산동래시니어클럽 신중년 일자리 및 사회활동지원사업 담당자 앞 라. 접수방법 : 이메일 접수(drseniorclub@daum.net) 및 방문 접수 6. 면접일시 가. 서류전형 합격자 및 면접일시 : 개별통보 7. 기타사항 가. 제출된 서류의 전체 또는 일부가 허위로 판명될 경우 채용이 취소 될 수 있습니다. 나. 제출된 서류상 기재착오 또는 누락, 연락불능 등으로 인한 불이익은 응시자의 책임으로 간주합니다. 다. 합격자 통지 후에라도 부적합한 결격사유가 있을 경우에는 채용이 취소될 수 있습니다. 라. 제출된 지원 서류는 30일 경과 후 반환 요청 없을 시, 자체 폐기 처분됩니다. 마. 기타 자세한 사항은 부산동래시니어클럽 담당자에게 문의바랍니다. 8. 사업참여 제외 요건 가. 부산시민이 아닌 자 나. 1961년~1976년 외 출생자 다. 신청서, 정보제공 동의서 등 구비서류를 제출하지 않은 자 라. 지병, 건강 쇠약 등으로 근로가 불가하다고 판단되는 자 마. 국민기초생활보장법에 의한 생계급여수급자(그 외 수급자는 가능) 바. 국민건강보험 직장가입자 사. 정부부처 및 지자체에서 추진하는 일자리사업에 2개 이상 참여하고 있는 자 아. 신중년 일자리 2년 이상 반복 참여자",간호사,-,학력무관,경력,"시급 10,570원 ~ 10,570원",고용형태,"부산광역시 동래구 반송로 216, 부산동래시니어클럽 (안락동)",1명,2026-09-08 20:59:12
https://www.jobkorea.co.kr/Recruit/GI_Read/5608927/Ext?siteCode=WN&sc=,890006,"<금사동>축산물 생족발을 유통하는 회사로 배송 직원을 모집합니다 (1톤 탑차 오토) 저희 회사는 생족발을 유통하는 회사이며, 부산 경남지역에 축산물을 납품하고 있습니다. 매년 성장하고 있는 회사라서, 축산물 유통일을 배우시면서 안정적인 일자리 찾으시는 분들도 많은 지원 부탁드립니다. -주5일근무 화~금 : 07:30~17:00 (매주 일, 월요일 휴무) 토 : 07:30~15:00 ※ 족발 털 제모작업도 겸하기에 배송과 함께 작업장에서 가공작업도 일부 있습니다 ※ 인근 거주자 우대 -월급 3,000,000원 (식대포함) -1종 탑차 운전 가능자 -휴가비, 상여금, 직책수당, 퇴직금 지급 -자사제품할인, 근로자의 날 휴무 -접수방법 : 고용24 입사지원, 이메일접수 jwsrokmc@naver.com, 팩스 051-527-3537 ※ 문의 : 바른푸드 051-527-3538",식품 분야 단순 종사원,-,학력무관,관계없음,월급 300만원 이상,고용형태,"부산광역시 금정구 공단로61번길 28, 바른푸드 (금사동)",1명,2026-09-08 20:59:12
https://www.jobkorea.co.kr/Recruit/GI_Read/5608573/Ext?siteCode=WN&sc=,821100,용해 업무 하실분 모집합니다.,금속가공 관련 제어 장치 조작원(용광로·용해로·금속가열로),-,학력무관,경력,"시급 10,320원 이상",고용형태,"부산광역시 사상구 낙동대로881번길 15 27-9, (주)대원테크 사무실 (감전동)",1명,2026-09-08 20:59:12
https://www.jobkorea.co.kr/Recruit/GI_Read/5608574/Ext?siteCode=WN&sc=,016301,1. CNC 공작기계 운영 및 생산관리업무 ㅇ생산관련업무( 공작기계 CNC MCT ) ;중전기 부품및 에어레스 도장기부품 및 방산부품 2. 경력직 ; 관련 공작기계를 수년간 운영 관리 경험이 있는 분. 3. 기능 보유자 및 관련 경력자는 업무와 숙련도 및 근속연수에 따라 임금 협의 가능 합니다. (입사지원서 이력서 상단 희망 시급 및 연봉기재) 4. 연봉협의 가능,기계·금속·비금속 제조 관리자(공장장),-,학력무관,경력,"시급 10,500원 이상",고용형태,"부산광역시 사상구 낙동대로1348번길 11, (삼락동) (삼락동)",1명,2026-09-08 20:59:12
https://www.jobkorea.co.kr/Recruit/GI_Read/5608345/Ext?siteCode=WN&sc=,140206,"아파트 현장 철콘 메인공무 모집합니다. 기성 관리, 노무 관리, 업체 관리 등 전반적인 건설현장 공무 업무 일체 6개월 후 상용직 전환 검토",건축안전·환경·품질·에너지관리 기술자,-,학력무관,경력,월급 600만원 이상,고용형태,"부산광역시 수영구 수미로49번길 15, 부산 망미동 지역주택 공동주택 현장내 (망미동)",1명,2026-09-08 20:59:13
https://www.jobkorea.co.kr/Recruit/GI_Read/5612160/Ext?siteCode=WN&sc=,521303,"■ K-water 낙동강물문화관 ★입사지원 시 유의사항★ 1. 입사지원 시 반드시 경력사항 기재 2. 관련 자격증 보유 시 자격명과 효력기간 기재 3. 9월 11일 서류전형 결과 발표 및 9월 15일 면접 진행 예정 (일정 협의 불가) - 모집인원 : 1명 - 근무지 : K-water 낙동강물문화관 (부산광역시 사하구 낙동남로 1233번길 1) - 근무기간 : 2026.09.29. ~ 2026. 12. 31. - 근무조건 [근무요일] 화~토 (주 5일 / 40시간 근무) [휴 일] 월, 일 (단, 회사가 요청하거나 업무가 많은 시기 추가 휴일 근무 발생 가능) [근무시간] 09:00~18:00 [휴게시간] 12:00~13:00 - 직무내용 : K-water 낙동강물문화관 홍보 및 문화안내 업무 [세부업무] 강문화관 행사,교육,홍보 운영 지원 및 학예실 행정업무 강문화관 고객서비스(전시시설 안내) 및 안전관리, 민원응대 등 자전거종주인증제 운영(수첩,인증부스관리, 행정업무 지원 등) 회사 업무상 필요에 의한 기타 제반 업무 - 급여 : 기본급 (2,301,272원), 중식비 별도지급 (150,000원) - 복리후생 : 4대보험 가입 등 당사 인사규정 및 단기계약근로자 관리 규정에 따름 - 우대사항 : (자격증) 문화예술교육사(2급 이상), 환경교육사(3급 이상), 워드프로세서, 컴퓨터활용능력(2급 이상) 입사지원서 접수 마감일 기준 유효하여함 - 입사지원 : 010-4382-3655","박물관,미술관,문화,역사,자연환경 등 각종 해설사",방송국견학안내원,학력무관,관계없음,월급 230만원 이상,고용형태,"부산광역시 사하구 낙동남로1233번길 1, K-water 낙동강물문화관 (하단동)",1명,2026-09-08 20:59:13
https://www.jobkorea.co.kr/Recruit/GI_Read/5607734/Ext?siteCode=WN&sc=,550100,"안녕하세요? 기장 정관읍에 위치한, 노인주간보호센터에서 역량있는 요양보호사 선생님 한분을 모십니다. 업무: 요양보호사 (어르신돌봄), 송영(운전 필수) 근무일 및 근무시간: 월~토(주5일)/0800-1700 (개인사정과 회사 사정에 따라 협의조정가능) 자격요건: 운전면허증, 요양보호사 자격증 우대사항: 스타리아 차량 운전가능자 우대 치매교육이수자 우대 문의처051-728-4090",요양보호사,-,학력무관,관계없음,월급 216만원 ~ 220만원,고용형태,"부산광역시 기장군 정관읍 구연3로 11, 서울프라자 6층 (서울프라자)",1명,2026-09-08 20:59:13
https://www.jobkorea.co.kr/Recruit/GI_Read/5607736/Ext?siteCode=WN&sc=,623004,- 업무: 지게차 기사 구함 지게차자격증 필수.,지게차 운전원,지게차운전원,학력무관,관계없음,"시급 10,320원 이상",고용형태,"부산광역시 강서구 녹산산단27로 56, (송정동)",1명,2026-09-08 20:59:13
https://www.jobkorea.co.kr/Recruit/GI_Read/5607739/Ext?siteCode=WN&sc=,612104,"[모집직무] 기술 영업 [직무소개] (주)송광은 ABB코리아 특약점이며, ABB Inverter, Motor, 계전품등을 취급 합니다. [주요업무] - 기존 거래처 관리 및 신규 거래처 발굴 - 고객 요구사항에 따른 제품 제안, 기술 대응 및 견적, 사양 검토 - 수주,발주 및 납기 일정 관리",전기·전자장비 기술영업원,-,학력무관,관계없음,"연봉 2,600만원 ~ 3,000만원",고용형태,"부산광역시 강서구 유통단지1로57번길 34, 109동 108호 (대저2동, 자동차부품유통단지)",1명,2026-09-08 20:59:13
https://www.jobkorea.co.kr/Recruit/GI_Read/5607742/Ext?siteCode=WN&sc=,140201,"직무내용 아파트 신축공사 현장 근무 아파트 시공 유경험자 현장 대리인(건축전공자 우대, 건축기사 자격면허 필수) 급여는 경력에 따른 협의 가능 (연봉 6천-7천만원 ) 근무지 : 부산시 사상구 괘법동 480-9 건설기술인협회 경력 고급 이상(필수) 부동산 개발업 등록 가능한 자 근무시간 현장 사정에 따라 협의함",건축 현장소장,-,고졸~대졸(4년),경력,"연봉 6,000만원 ~ 7,500만원",고용형태,"부산광역시 사상구 광장로 106, 괘법동 480-9번지 (괘법동)",2명,2026-09-08 20:59:13
https://www.jobkorea.co.kr/Recruit/GI_Read/5608530/Ext?siteCode=WN&sc=,550102,"83세 5등급 여자 어르신입니다 5등급이시나 인지저하는 거의 없으시고 대화 잘됩니다 가사 및 산책도움 해주시면되고 밝고 명랑하신분 원합니다 치매교육 이수하신분 이어야함 주휴수당 포함 시 13,000원",재가 요양보호사,재가요양보호사,학력무관,관계없음,"시급 10,320원 ~ 10,320원",고용형태,"부산광역시 중구 보수대로124번길 25-1, 101호 (보수동2가)",1명,2026-09-08 20:59:14
https://www.jobkorea.co.kr/Recruit/GI_Read/5607744/Ext?siteCode=WN&sc=,821200,업소용 주방기구 및 스텐레스 조립 가공을 하는 제조업체입니다.,금속가공 기계 조작원,-,학력무관,관계없음,"연봉 3,000만원 ~ 3,100만원",고용형태,"부산광역시 강서구 유통단지1로132번길 20, 세운철강뒤/영남특수강옆 (대저2동)",2명,2026-09-08 20:59:14
https://www.jobkorea.co.kr/Recruit/GI_Read/5607625/Ext?siteCode=WN&sc=,026201,● 직급 : 주임 급 - 위탁급식 수주 지원 업무 - 사업장 관리 보조 업무 - 연봉 3000 ~3240만원 - 파워포인트 / 포토샵 가능자 ● 이력서 접수: E mail : saeson001@hanmail.net / FAX: 051-831-2825 - www.saeson.co.kr,마케팅·광고·홍보·상품기획 사무원,-,학력무관,경력,"연봉 3,000만원 ~ 3,240만원",고용형태,"부산광역시 강서구 명지국제2로 41, 상가4동1002호 (주)새손 (명지동, 더샵 명지퍼스트월드 3단지)",1명,2026-09-08 20:59:14
https://www.jobkorea.co.kr/Recruit/GI_Read/5608881/Ext?siteCode=WN&sc=,015100,스테인리스제품/스테인리스파이프 영업직 모집,영업 및 판매 관련 관리자,-,대졸(4년)~석사,경력,"연봉 5,000만원 ~ 6,500만원",고용형태,"부산광역시 강서구 유통단지1로 41, 121동 211.212호 (대저2동)",1명,2026-09-08 20:59:14
https://www.jobkorea.co.kr/Recruit/GI_Read/5608919/Ext?siteCode=WN&sc=,550100,"[모집직무] 요양보호사, 요양보호사(노인요양사), 요양병원 간호조무사 [직무소개] 우리 기관은 노인들의 건강과 행복을 생각하는 마음으로 주간보호 서비스를 제공하고 있습니다. 본 직무는 노인들의 일상생활을 지원하고, 안전하고 따뜻한 환경을 만들어 줄 역할을 담당합니다. [주요업무] - 노인들의 식사 준비 및 급식 - 개인위생 및 목욕 지원 - 기본적인 운동 및 스트레칭 - 액티비티 및 사회생활 지원 - 노인들의 건강 상태 확인 및 기록",요양보호사,-,학력무관,관계없음,월급 230만원 ~ 260만원,고용형태,"부산광역시 부산진구 가야공원로 79, 아름주간보호센터 (가야동)",1명,2026-09-08 20:59:14
https://www.jobkorea.co.kr/Recruit/GI_Read/5607737/Ext?siteCode=WN&sc=,890000,제품 포장 및 면취 그라인더등 용접공정관련 단순 생산직 사원을 모집합니다. 하단 및 강서구청역에서 카풀가능합니다. 성실히 일하실 지원자분의 많은 응시바랍니다.,기타 제조 관련 단순 종사원,-,학력무관,관계없음,"시급 10,320원 이상",고용형태,부산광역시 강서구 녹산산단261로73번길 11 (송정동),2명,2026-09-08 20:59:14
https://www.jobkorea.co.kr/Recruit/GI_Read/5607735/Ext?siteCode=WN&sc=,824100,"알곤용접, 레이저 용접 캐드가능자 우대 스텐레스 주방기물 제작 가능하신 분 근무지 정관",용접원,-,학력무관,신입,월급 220만원 ~ 350만원,고용형태,부산광역시 기장군 정관읍 산단7로 50-99,3명,2026-09-08 20:59:15
https://www.jobkorea.co.kr/Recruit/GI_Read/5608752/Ext?siteCode=WN&sc=,550100,"좌천동 재가요양보호사 채용 ▶ 대상자 : 70대/ 5등급/ 남자 독거 ▶ 근무시간 : (오전) 9:00~12:00 / 주5일 ▶ 급여 : 시급 13,000원 (시급 10,320원 + 주휴 등 제수당포함) ▶ 업무 : 식사 준비, 가사지원, 말벗 등 일상생활지원 ▶ 지원방법 : 요양보호사 자격증 사본, 1년 이내 채용 건강검진표. ** 동 구인은 실제 서비스 제공기간에 따라 임금을 계산하여 지급하는 형태로 채용시 근로자마다 주소정근로시간이나 임금, 근무(예정)지 등에 차이가 있을수 있음 **",요양보호사,-,학력무관,관계없음,"시급 10,320원 ~ 10,320원",고용형태,"부산광역시 동구 중앙대로 459-7, . (좌천동, 센텀타워)",1명,2026-09-08 20:59:15
https://www.jobkorea.co.kr/Recruit/GI_Read/5608466/Ext?siteCode=WN&sc=,542001,[ 수영구 ]현대한누리 경비원 모집 ▶모집직종: 경비 업무 ▶모집인원: 1명 ▶급여: 200만원 ▶근무시간: 격일근무/ 오전 07:00~07:00 *** 즉시 근무 가능하신 분 지원바랍니다.,아파트·빌라 경비원,-,학력무관,관계없음,"시급 10,320원 ~ 10,320원",고용형태,"부산광역시 수영구 금련로43번길 32, . (망미동, 현대한누리타운)",1명,2026-09-08 20:59:15
https://www.jobkorea.co.kr/Recruit/GI_Read/5608938/Ext?siteCode=WN&sc=,883300,목재 파렛트 및 수출용 BOX 생산업무입니다. 어려운일 전혀 없으므로 신입도 지원 가능합니다. 잔업도 거의 없어 일하기 편하실거에요 많은 지원 바랍니다,목제품 제조 관련 종사원,-,학력무관,관계없음,월급 260만원 ~ 270만원,고용형태,부산광역시 강서구 녹산산업중로 421 (송정동),1명,2026-09-08 20:59:15
https://www.jobkorea.co.kr/Recruit/GI_Read/5608562/Ext?siteCode=WN&sc=,550100,"대상 : 2등급 56세 여자분 근무시간 : 주1일(일요일), 오전 9시~오후1시 시지원내용 : 돌봄 및 정서지원등 시급(제수당포함) : 19,500원 재송동 센텀동부센트레빌아파트 근처 우대 방문요양선생님들 많은 지원 바랍니다.",요양보호사,-,학력무관,신입,"시급 10,320원 이상",고용형태,부산광역시 해운대구 재반로27번길 45 (재송동),1명,2026-09-08 20:59:15
https://www.jobkorea.co.kr/Recruit/GI_Read/5608326/Ext?siteCode=WN&sc=,550101,"[모집직무] 요양보호사(노인요양사), 요양보호사 [직무소개] 해피케어하우스는 노인들의 삶의 질을 향상시키고, 편안하고 따뜻한 환경을 제공하는 데 헌신하는 기관입니다. 본 직무는 노인들의 일상생활을 지원하고 건강을 관리하는 역할을 수행합니다. [주요업무] - 노인들의 식사, 목욕, 의복 관리 등 일상생활 지원 - 노인들의 건강 상태를 지속적으로 관찰하고 관리 - 노인들의 안전을 확보하고 응급 상황 대처 - 노인들의 정신적인 안정과 활력 증진을 위한 활동 지원",요양보호사(노인요양사),-,학력무관,관계없음,월급 215만원 ~ 215만원,고용형태,"부산광역시 남구 황령대로319번가길 170, 101동 (대연동)",2명,2026-09-08 20:59:15
https://www.jobkorea.co.kr/Recruit/GI_Read/5608754/Ext?siteCode=WN&sc=,550101,"[개금동] 오전 주6일 3등급 여자어르신 재가 요양보호사 모집 - 3등급 여자 어르신 - 주6일 오전 9시~12시 - 반도보라아파트 인근 - 시급13,000원 (시급 10,320원 + 주휴 등 제수당포함) - 지원희망하시는 분은 부산진구청 취업정보센터로 전화주세요(☎051-605-6409) ***다만, 실제 서비스 제공기간에 따라 임금을 계산하여 지급하는 형태로 채용시 근로자마다 주 소정시간 이나 임금, 근무지 (예정)지 등에 차이가 있을 수 있습니다. 자세한 사항은 근로계약 진행시 채용담당자와 협의하시길 바랍니다.",요양보호사(노인요양사),-,학력무관,관계없음,"시급 10,320원 이상",고용형태,부산광역시 부산진구 백양대로238번길 31 (개금동),1명,2026-09-08 20:59:15
https://www.jobkorea.co.kr/Recruit/GI_Read/5608719/Ext?siteCode=WN&sc=,531800,"■ 업무내용 : 음식 조리 및 조리보조 / 세척 / 배식 ■ 근 무 지 : 부산 기장군 장안읍 좌동길 40, 동남권 원자력의학원 內 풀무원식당 ■ 근무시간 (스케줄에 의한 교대근무) 05:00~14:00 / 08:30~17:30 / 10:30~19:30 로테이션 근무 토,일 주5일~주6일 격주근무 ■ 시 급 : 11,000원 ■ 새벽 근무시, 교통비 추가 지급 ■ 대중교통 버 스 : 37, 182, 187, 188, 302, 기장군3, 기장군8, 기장군8-1, 기장군9, 기장군10 지하철 : 좌천역(동해선)",단체급식 조리사,-,학력무관,관계없음,"시급 11,000원 이상",고용형태,"부산광역시 기장군 좌동길 40, 동남권 원자력의학원 內 풀무원식당",6명,2026-09-08 20:59:16
https://www.jobkorea.co.kr/Recruit/GI_Read/5607738/Ext?siteCode=WN&sc=,821202,파이프 인발공장입니다. 금속인발 표면처리관련 현장생산직 사원을 모집합니다. 장기근속 가능한 성실한 지원자분의 많은 응시바랍니다.,금속 열처리로 조작원,열처리원,학력무관,관계없음,"시급 10,320원 이상",고용형태,부산광역시 기장군 명례산단7로 16,5명,2026-09-08 20:59:16
https://www.jobkorea.co.kr/Recruit/GI_Read/5608935/Ext?siteCode=WN&sc=,836000,"1. 특.고압 수배전반 및 PLC 자동제어반 조립, 시운전 작업(현장시공) 2. 견적 및 발주 (엑셀,한글가능) 3. 도면설계(CAD가능자) 4. 작업 요건상 일정으로 인한 휴일작업 시 평일 휴무대체",전기·전자 부품 및 제품 조립원,-,학력무관,경력,월급 400만원 이상,고용형태,"부산광역시 강서구 공항앞길 105, 대원산전(주)",2명,2026-09-08 20:59:16
https://www.jobkorea.co.kr/Recruit/GI_Read/5608587/Ext?siteCode=WN&sc=,813203,"다이캐스팅 금형틀 및 발전설비부품(중,대형물) 기타 산업기계 중,대형가공물 NC가공작업(정밀가공) CNC가공장비(보링,밀링) 조작원",CNC 밀링기 조작원(NC 밀링기 조작원),프레노밀러조작원,학력무관,신입,"시급 10,500원 이상",고용형태,부산광역시 강서구 녹산산단261로73번길 13,2명,2026-09-08 20:59:16
https://www.jobkorea.co.kr/Recruit/GI_Read/5608564/Ext?siteCode=WN&sc=,159103,"기업명 : 태일엠텍 모집직종 : 금속 밸브 설계 (캐드 가능자) 직무내용 : 밸브설계 도면 승인 및 제작관리 업무 업종 : 탭, 밸브 및 유사장치 제조업 근무조건 및 환경 : 주5일(40시간 근무) - 평일(40H) 08:30~17:30(점심시간 제외 8H) - 월,화,목,금: 잔업 오후 8시30분 (유동적,협의가능) 근무장소 : 부산시 사하구 다산로 47, (주)태일엠텍 자격조건 : 설계 캐드 가능자 제출서류 : 이력서, 자기소개서 전형방법 : 서류, 면접",기계·금속 제도사(캐드원),기계제도사,학력무관,신입,"시급 10,320원 이상",고용형태,"부산광역시 사하구 다산로 47, (주)태일엠텍 (다대동)",1명,2026-09-08 20:59:16
https://www.jobkorea.co.kr/Recruit/GI_Read/5608328/Ext?siteCode=WN&sc=,212102,"[모집직무] 수학 교사, 수학 강사 [직무소개] 더나아짐 에듀는 학생들의 수학적 사고력 향상을 위한 교육을 제공하는 기관입니다. 본 채용은 초중등 수학 선생님을 채용하여 학생들에게 체계적인 수학 교육을 제공하는 역할을 담당합니다. [주요업무] - 수학 학습 자료 준비 및 수업 진행 - 학생들의 개별 학습 수준에 맞는 맞춤형 교육 지원 - 수업 진행 방식 및 학습 자료 내용에 대한 지속적인 개선 및 연구",수학 교사,-,대졸(4년),경력,월급 215만원 이상,고용형태,"부산광역시 동래구 명륜로112번길 108, 1층,2층3층 (수안동)",1명,2026-09-08 20:59:16
https://www.jobkorea.co.kr/Recruit/GI_Read/5608586/Ext?siteCode=WN&sc=,890000,후처리 공정 업무 -. 브랜딩(핸드그라인더를 이용한 그라인더 작업) 후처리 공정 업무 -. 교정(프레스 및 교정헤머를 이용하여 제품 규격에 맞게 교정하는 작업),기타 제조 관련 단순 종사원,-,학력무관,관계없음,"시급 11,062원 이상",고용형태,부산광역시 강서구 미음산단3로 37 (미음동),2명,2026-09-08 20:59:16
https://www.jobkorea.co.kr/Recruit/GI_Read/5608888/Ext?siteCode=WN&sc=,028407,"[모집직무] 물류 운영, 창고 관리, 배송 관리, 운송, 물류 관리 [직무소개] 선구는 선용품 도매 업체로 다양한 상품을 효율적으로 수급하고 배송하는 데 중점을 두고 있습니다. 본 직무는 제품 납품 및 현장 생산 업무 관리를 담당하며, 운송 경험이 있는 지원자를 우대합니다. [주요업무] - 제품 포장, 적재 및 운송 - 1톤 트럭 운전 - 납품 업무 관리 - 현장 생산 업무 관리",창고 관리원(자재 검수원 포함),물류입고원,학력무관,관계없음,"연봉 3,500만원 ~ 3,500만원",고용형태,부산광역시 영도구 해양로 26,1명,2026-09-08 20:59:17
https://www.jobkorea.co.kr/Recruit/GI_Read/5608110/Ext?siteCode=WN&sc=,550102,"[해운대구 우동] 4등급 요양보호사 채용 ○ 마린시티로2로 33 / 우동 해운대두산위브더제니스 ○ 대상자 : 여자 / 70세 / 거동가능 / 부부거주 ○ 근무일시 : 주 3일, 09:00~12:00 ○ 일상생활 지원 및 가사지원 ○ 포괄시급 : 13,500원 (시급+주휴수당+연차수당 등 제수당 포함 ▶ 지원문의 : 051-888-6915 *** 적응하면 주5일로 변경가능 * 실제 서비스 제공 기간에 따라 임금을 계산하여 지급하는 형태로 채용 시 근로자마다 주 소정근로시간이나 임금, 근무(예정)지 등에 차이가 있을 수 있음.",재가 요양보호사,-,학력무관,관계없음,"시급 10,320원 ~ 10,320원",고용형태,"부산광역시 해운대구 마린시티2로 33, . (우동, 해운대두산위브더제니스)",1명,2026-09-08 20:59:17
https://www.jobkorea.co.kr/Recruit/GI_Read/5608327/Ext?siteCode=WN&sc=,564300,"주차장의 요금 징수, 정산, 주차 유도, 주차 등의 주차관리업무 (실운전가능자)",주차 관리원 및 안내원,주차관리원,학력무관,관계없음,월급 209만원 ~ 209만원,고용형태,"부산광역시 동구 정공단로 27, 좌천일신기독병원 (좌천동)",1명,2026-09-08 20:59:17
https://www.jobkorea.co.kr/Recruit/GI_Read/5608936/Ext?siteCode=WN&sc=,028500,"[강서구]생산관리 직원채용 -선박용 부품 생산회사 -생산공정 및 납기일정관리, 생산관리 -운전가능하신분 필수 -캐드 가능하신 분(어려운 작업은 아님) -주5일, 7:30-17:30(휴게포함)",생산 및 품질관리 사무원,공정관리기술자,학력무관,경력,월급 320만원 ~ 340만원,고용형태,"부산광역시 강서구 죽동길405번길 31-1, 578외-1필지(죽동동) (죽동동)",1명,2026-09-08 20:59:17
https://www.jobkorea.co.kr/Recruit/GI_Read/5608920/Ext?siteCode=WN&sc=,307501,"[모집직무] 주간보호센터 간호조무사 [직무소개] 우리 센터는 주간보호 서비스를 제공하여 이용자들의 건강과 안전을 지키고 행복한 시간을 보낼 수 있도록 지원합니다. 본 직무는 이용자들의 일상생활을 돕고 건강 상태를 관리하는 중요한 역할을 수행합니다. [주요업무] - 이용자의 식사, 목욕, 화장 등 일상생활 지원 - 이용자의 건강 상태를 주시하고 기록 - 이용자의 안전을 지키고 응급 상황 발생 시 대처 - 이용자와 소통하고 심리적 안정을 도모 - 간호 계획 수립 및 실행",간호조무사(요양병원 제외),간호조무사,학력무관,관계없음,월급 230만원 ~ 250만원,고용형태,"부산광역시 부산진구 가야공원로 79, 아름주간보호센터 (가야동)",1명,2026-09-08 20:59:17
https://www.jobkorea.co.kr/Recruit/GI_Read/5608921/Ext?siteCode=WN&sc=,307900,**실제 취업의사 있는 분만 지원바랍니다.** *부산고용센터 채용대행 중으로 취업의사 확인전화 예정입니다. 실제로 취업의사 있는분만 지원바랍니다. *영유아 보육 가능하신분 (0세 또는 1세반 담임) * 영유아전공자 우대,기타 돌봄 및 보건 서비스 종사원,-,대졸(2~3년),관계없음,월급 184만원 이상,고용형태,부산광역시 연제구 쌍미천로47번길 19-1,1명,2026-09-08 20:59:17
https://www.jobkorea.co.kr/Recruit/GI_Read/5608922/Ext?siteCode=WN&sc=,232100,"주말,공휴일 영아반 보육교사 채용 공고 (부산형365열린시간제어린이집) <부산광역시육아종합지원센터 공고 제2026- 21호> 부산광역시육아종합지원센터에서는 「부산형365열린시간제어린이집」사업을 추진하기 위하여 사명감을 가지고 적극적으로 근무할 보육교사를 공개 채용하고자 하니 많은 지원 바랍니다. 2026. 9. 3. 부산광역시육아종합지원센터장 1. 채용분야 및 지원자격 ○ 채용분야: 보육교사 (주말공휴일 유아반 보육교사 ) ○ 채용인원: 1명 ○ 채용구분: 계약직 (※사업평가에 따라 재계약 가능) ○ 응시자격: 보육교사 1~3급 이상의 자격증 소지자 *채용일 기준 만 2년이상 보육업무 공백이 있는 경우에는 '장기미종사자 직무교육'을 사전 이수해야 함. *「사회복지시설 관리안내」중 공통적용사항을 준용. 만65세 미만자 채용 *겸직가능(평일(월-금) 주20시간이내 시간근로 근무자) 2. 전형방법 및 일정 ○ 전형방법: 1차 서류전형 / 2차 면접전형 ○ 전형일정 - 채용공고 및 서류접수: 2026. 9. 3.(목)~9.17.(목) 14시 - 1차 서류전형 합격자 발표: 2026.9.17.(목) 17시 - 2차 면접전형: 2026.9.18.(금) - 최종합격자 발표: 개별통보 3. 제출서류(자사양식 홈페이지 참조) - 보육교사 지원서 1부 - 자기소개서 1(A4 2장 내외) - 개인정보 수집·이용 동의서 1부 - 자격증 사본 1부 - 경력증명서 1부(해당자에 한함) 4. 서류접수방법 - 우편접수: (47518) 부산광역시 연제구 거제천로 262 부산광역시육아종합지원센터 4층 「부산형365열린시간제어린이집 관리자」 앞 - 메일접수: bsscc56@hanmail.net - 방문접수: 평일 9:00~18:00 (단, 12:00~13:00 점심시간 제외) 5. 계약 및 근로조건 - 근무개시일: 주말공휴일보육교사(26.10.3.(토)) - 근무장소: 부산광역시육아종합지원센터 - 근무시간: *주말공휴일보육교사: 일 8시간, 주2일~3일 근무 (토,일,공휴일 근무) / 09:00 ~ 18:00 (휴게시간 포함) 미운영 공휴일: 신정, 설연휴, 추석연휴, 노동절 - 업무내용: 시간제보육 서비스 제공 및 부모 상담, 사업홍보 등 그 외 「부산형365열린시간제어린이집」 보육 관련 업무 -경력: 보육경력으로 인정불가 / 겸직가능(평일(월-금) 주20시간이내 시간근로 근무자) -계약기간: 2026. 10. 1. ~ 2027. 9. 30. (※ 사업 평가에 따라 재계약 가능) -보수: 「부산형365열린시간제어린이집」 2026년 보육교사 인건비 지급 규정에 따름. *급여 : 주말공휴일보육교사 1,110,000원 *근무환경개선비: 130,000원 *담임교사수당: 100,000원 -그 외 사회보험 가입, 연차수당, 임시공휴일수당, 근로기준법에 의한 유급 연차휴가, 퇴직적립 등 6. 문의 : 부산광역시육아종합지원센터 ☎(051)851-9072",보육교사,어린이집교사,학력무관,관계없음,월급 134만원 ~ 134만원,고용형태,"부산광역시 연제구 거제천로 262, 05 (연산동)",1명,2026-09-08 20:59:17
https://www.jobkorea.co.kr/Recruit/GI_Read/5608109/Ext?siteCode=WN&sc=,550102,"[수영구 망미동] 3등급 요양보호사 채용 ○ 수영구 톳고개로 68-6 / 대우로얄베스토피아 인근 ○ 대상자 : 여자 / 80대 후반 / 거동가능 / 독거 ○ 근무일시 : 주 3일, 13:00~16:00 ○ 일상생활 지원 및 가사지원 ○ 포괄시급 : 14,000원 (시급+주휴수당+연차수당 등 제수당 포함 ▶ 지원문의 : 051-888-6915 * 실제 서비스 제공 기간에 따라 임금을 계산하여 지급하는 형태로 채용 시 근로자마다 주 소정근로시간이나 임금, 근무(예정)지 등에 차이가 있을 수 있음.",재가 요양보호사,-,학력무관,관계없음,"시급 10,320원 ~ 10,320원",고용형태,"부산광역시 수영구 톳고개로 68-6, . (망미동)",1명,2026-09-08 20:59:18
https://www.jobkorea.co.kr/Recruit/GI_Read/5608575/Ext?siteCode=WN&sc=,813204,"범용 밀링 2호기 기능공 구인합니다 범용선반도 가능하신분 우대 나이제한 따로 없음 [밀링가공 > 기본 작업(밀링가공)] 작업 준비하기,본가공 수행하기,검사 · 수정하기 [밀링가공 > 탭 · 드릴 · 보링 가공] 작업 준비하기,본가공 수행하기,검사 · 수정하기 [밀링가공 > 엔드밀 가공] 작업 준비하기,본가공 수행하기,검사 · 수정하기 [밀링가공 > 치공구 관리(밀링가공)] 치공구 제작 계획하기,치공구 설계 제작하기,치공구 유지관리하기 [밀링가공 > 도면분석(밀링가공)] 도면 결정하기,원가 산정하기",범용 밀링기조작원,범용밀링기조작원,학력무관,경력,"시급 10,320원 ~ 18,000원",고용형태,"부산광역시 사상구 사상로417번길 15, 신성에프에이 (모라동)",1명,2026-09-08 20:59:18
https://www.jobkorea.co.kr/Recruit/GI_Read/5608563/Ext?siteCode=WN&sc=,550100,"재가복지 센터에 등록 중인 대상자 분들을 위한 장기요양 서비스 제공 - 청소 등 가사지원 및 인지지원, 일상생활지원, 병원동행 <대상자정보> - 88세 < 4등급 > 남자 어르신 부부거주 [ 주 6 회 ] - 월 화 수 목 금 토 [ 16:00 ~ 19:00 ] ( 일 3 시간 근무 ) 월21회 - 시급 14,000원 (각종수당포함) * 기타 필수 서류 [ 요양보호사 자격증, 건강검진 결과표, 노인인권교육, 노인학대신고자교육, 장애인학대신고의무자 교육 이수증 ])",요양보호사,-,학력무관,신입,"시급 10,320원 이상",고용형태,"부산광역시 해운대구 해운대로 1164-9, 송정동 휴먼시아 2단지 (송정동)",1명,2026-09-08 20:59:18
https://www.jobkorea.co.kr/Recruit/GI_Read/5607733/Ext?siteCode=WN&sc=,612105,"[모집직무] *****택배 배송 개념 아님***** 의료기기 영업과 병원 납품 기존 거래처 의료기기 및 소모품 재고 관리 [직무소개] 우리 회사는 의료기기 공급 업체입니다. 본 직무는 기존 거래처 의료기기 관리, 의료기기 및 소모품 재고 관리, 간단한 문서를 작성하는 업무를 담당합니다. [주요업무] - 기존 거래처 의료기기 관리 - 의료기기 및 소모품 납품.재고 관리 - 간단한 문서 작성",의료장비 기술영업원,의료기기기술영업원,학력무관,관계없음,월급 250만원 이상,고용형태,"부산광역시 수영구 호암로29번길 115-1, 1.2층 피플케어 (광안동)",2명,2026-09-08 20:59:18
https://www.jobkorea.co.kr/Recruit/GI_Read/5608878/Ext?siteCode=WN&sc=,623004,조선기자재 제조업 지게차 운전원 모집 합니다. 1. 지게차 이용 원자재 상하차 2. 생산라인 자재 공급 및 반출 3. 지게차 이용 원자재 상하차 4. 자재보관구역 관리,지게차 운전원,-,학력무관,관계없음,"연봉 3,260만원 ~ 3,260만원",고용형태,"부산광역시 강서구 미음산단4로 58, (주)광림마린테크",1명,2026-09-08 20:59:18
https://www.jobkorea.co.kr/Recruit/GI_Read/5608270/Ext?siteCode=WN&sc=,550101,"[초읍동] 오후 주3일(월,수,금) 4등급 여자어르신 재가 요양보호사 모집 - 4등급 여자 어르신 - 주3일(월,수,금) 13:00~16:00 - 병원동행, 청소, 외출동행, 시장 동행, 정서 지원 - 시급13,000원 (시급 10,320원 + 주휴 등 제수당포함) - 지원희망하시는 분은 부산진구청 취업정보센터로 전화주세요(☎051-605-6409) ***다만, 실제 서비스 제공기간에 따라 임금을 계산하여 지급하는 형태로 채용시 근로자마다 주 소정시간 이나 임금, 근무지 (예정)지 등에 차이가 있을 수 있습니다. 자세한 사항은 근로계약 진행시 채용담당자와 협의하시길 바랍니다.",요양보호사(노인요양사),-,학력무관,관계없음,"시급 10,320원 이상",고용형태,부산광역시 부산진구 초읍천로61번길 26 (초읍동),1명,2026-09-08 20:59:18
https://www.jobkorea.co.kr/Recruit/GI_Read/5608190/Ext?siteCode=WN&sc=,550102,"[남부민동]요양보호사 채용 -4등급 70대 여자어르신 독거 -주1회(일요일), 오전11시~14시(3시간) -식사 및 가사도움, 일상생활지원 -시급 및 제수당 13,000원 -혜송초 인근 대림비치아파트",재가 요양보호사,-,학력무관,신입,"시급 10,320원 ~ 13,000원",고용형태,"부산광역시 서구 충무대로 133, 명시하지 않음 (남부민동, 대림비치아파트)",1명,2026-09-08 20:59:19
https://www.jobkorea.co.kr/Recruit/GI_Read/5608104/Ext?siteCode=WN&sc=,550102,"<부산진구 부암동 일성인포@> - 4등급 남자대상자: 투석환자 - 주5일 or 주6일 선택가능(토요일 근무 선택가능) (1)월.수.금: 11시~2시 - 11시에 봉생병원 도착해서 대상자 픽업. 택시로 자택이동 (2)화.목.(토): 11시~2시 - 근무시간 오전으로 협의가능 - 병원픽업, 식사지원, 일상케어 등 - 최저시급10,320원 (제수당 별도지급) - 지원희망(센터장): 0/0-7554-3591",재가 요양보호사,-,학력무관,관계없음,"시급 10,320원 이상",고용형태,"부산광역시 부산진구 신천대로 252 (부암동, 일성인포아파트)",1명,2026-09-08 20:59:19
https://www.jobkorea.co.kr/Recruit/GI_Read/5608331/Ext?siteCode=WN&sc=,813213,"단조밸브 및 부품가공, 각종 산업기계부품 생산가공을 주로 합니다. cnc선반,mct를 활용한 단순 생산업무이며 함께 하실 모든분들 환영합니다.",기타 금속공작기계 조작원 및 보조원,CNC선반보조원,학력무관,관계없음,월급 290만원 이상,고용형태,"부산광역시 강서구 대저중앙로357번길 44-5, 태산이엔지 (대저1동)",1명,2026-09-08 20:59:19
https://www.jobkorea.co.kr/Recruit/GI_Read/5609407/Ext?siteCode=WN&sc=,550102,"[남천동] 재가요양보호사 선생님 모집합니다 - 3등급 여자어르신 / 87세 - 13:00-16:00 / 주5일 (월-금) - 청소, 동행, 산책, 말동무 - 강아지 있음 (소형견) - 포괄시급 : 13,000원(제수당포함)",재가 요양보호사,-,학력무관,관계없음,"시급 10,320원 ~ 10,320원",고용형태,"부산광역시 수영구 광안해변로 100, 단지 내 (남천동, 비치아파트)",1명,2026-09-08 20:59:19
https://www.jobkorea.co.kr/Recruit/GI_Read/5610079/Ext?siteCode=WN&sc=,563200,"◈ 개금동-소아청소년과의원 세탁원 모집 ◈ ▶직무내용 : 세탁물 수거, 세탁, 정리 업무 ▶근무시간 : 06:00~15:00 / 주5일 근무 (월,화,목,금,토) / 휴무일(수요일,일요일) ▶급여조건 : 시급 10,320원 ▶근무장소 : 부산진구 가야대로(개금동) ▶기타사항 : 휴게시간, 조식.중식제공 ※ 문의: 경총 중장년내일센터 직업상담사 ☎ 052-277-9493",세탁원 및 다림질원,-,학력무관,관계없음,"시급 10,320원 이상",고용형태,"부산광역시 부산진구 가야대로 450, 미래소아청소년과의원 (개금동, 개금역금강펜테리움더스퀘어아파트)",1명,2026-09-08 20:59:19
https://www.jobkorea.co.kr/Recruit/GI_Read/5610080/Ext?siteCode=WN&sc=,307903,"◈ 연산동-한빛병원 환자 이송원 모집 ◈ ▶직무내용 : 병원 내 환자이송 및 폐기물 처리 업무 (폐기물 박스 내리는 업무) ▶근무시간 : 07:00~16:00(월~금)/ 7:00~12:00(토요일-격주근무) / 공휴일 근무시 특근비 별도 ▶급여조건 : 시급 10,320원 ▶근무장소 : 연산구 과정로(연산동) ▶기타사항 : 조식,중식 제공 ※ 문의: 경총 중장년내일센터 직업상담사 ☎ 052-277-9493",기타 보건·의료 서비스 종사원,-,학력무관,관계없음,"시급 10,320원 이상",고용형태,"부산광역시 연제구 과정로 140, 한빛병원 (연산동)",1명,2026-09-08 20:59:19
https://www.jobkorea.co.kr/Recruit/GI_Read/5609918/Ext?siteCode=WN&sc=,532300,"주방 한식부 간편음식 조리 및 배달업무 메뉴관리 및 식자재 관리 정해진 레시피에 따라서 조리 및 요리 자격증 무관, 경력무관 결혼이민자 지원 가능 급여 식대 포함 2,700,000원 주 6일 근무(주 42시간 근무) ***부산고용센터 채용대행 중입니다.*** 문의사항은 051-860-2163로 연락 부탁드립니다.",주방 보조원,-,학력무관,신입,월급 270만원 ~ 270만원,고용형태,"부산광역시 서구 충무대로 134, 송도해수피아 (남부민동)",1명,2026-09-08 20:59:19
https://www.jobkorea.co.kr/Recruit/GI_Read/5609815/Ext?siteCode=WN&sc=,623004,"* 냉동창고 지게차 운전 (경력자 우대) 모집 - 냉동창고(수산물) 지게차 운전 가능자 - 2.0T 소형 전동지게차 (지게차 자격증 소지자 -필수) - 수입 냉동수산물 및 냉동화물 입. 출고 관리 - 입고 화물 검수 및 지정 위치 적재 - 보세화물 반입. 반출 작업 지원 - 창고 내 화물 이동, 재고 정리 및 적재 상태 관리 등",지게차 운전원,지게차운전원,학력무관,경력,월급 300만원 이상,고용형태,부산광역시 사하구 장평로 24 (장림동),1명,2026-09-08 20:59:20
https://www.jobkorea.co.kr/Recruit/GI_Read/5607748/Ext?siteCode=WN&sc=,561201,"[모집직무] 컨테이너 클리닝, 물류, 화물 처리, 작업원, 청소원 [직무소개] 터미널에 들어오는 컨테이너의 청소 업무를 담당하시게 됩니다. [주요업무] - 컨테이너 내부 청소 - 세척 용품 관리 및 사용 - 안전 수칙 준수 - 터미널 내 청소 및 정리 **근무시간** 평일 8:30~17:30 점심시간 12:00~13:00 토요 근무 및 연장 근무시 수당 제공",특수 크리닝장비 청소원,-,학력무관,신입,월급 230만원 이상,고용형태,부산광역시 강서구 신항남로 372 (성북동),3명,2026-09-08 20:59:20
https://www.jobkorea.co.kr/Recruit/GI_Read/5609917/Ext?siteCode=WN&sc=,027204,"안녕하세요 부산 기장군 정관에 위치한 신발 제조업체입니다 회계사무실 넘기기 전 전반적인 업무입니다 _구매, 경리, 회계 _기초적인 회계능력 및 4대보험 취득상실, 근태관리 등",경리 사무원(제조),제조업장부정리원,학력무관,경력,월급 250만원 ~ 250만원,고용형태,"부산광역시 기장군 정관읍 산단7로 59, 예림리 1091-2",1명,2026-09-08 20:59:20
https://www.jobkorea.co.kr/Recruit/GI_Read/5609828/Ext?siteCode=WN&sc=,232100,"안녕하십니까? 엄궁동에 있는 롯데캐슬어린이집입니다. 2026년 10월부터 함께 근무하실 영아반 담임교사를 모집합니다. 따뜻한 마음으로 영아들을 존중하고 사랑하는 책임감 있는 선생님을 아래와 같이 모집합니다. * 모집직종: 0세반 담임교사 1명 * 자격정도: 경력 무관, 보육교사자격증 2급이상 * 근무시간: 08:40~17:40(1일 8시간 근무/1시간 휴게시간) * 접수방법: 이메일 접수 (pdg4142@hanmail.net) * 이력서(사진첨부)와 자기소개서를 메일로 보내주시면 서류 확인 후 개별로 연락드리겠습니다. 많은 지원 부탁드리겠습니다.~~^^* 밝고 사랑 가득한 선생님 기다리겠습니다~",보육교사,보육교사,학력무관,관계없음,월급 215만원 이상,고용형태,"부산광역시 사상구 엄궁북로 40, 1층 (엄궁동, 엄궁롯데캐슬리버)",1명,2026-09-08 20:59:20
https://www.jobkorea.co.kr/Recruit/GI_Read/5609814/Ext?siteCode=WN&sc=,307903,- 동아대학교 대신병원 재활병원 환자이송직 모집 - 환자를 휠체어에 태워서 안전하게 치료실로 이동하는 업무이며 신체 건강한분 지원 희망합니다. - 08:00~17:00 주5일 (휴게시간 1시간) - 12개월 계약만료 후 12개월 연장가능,기타 보건·의료 서비스 종사원,-,학력무관,관계없음,월급 215만원 이상,고용형태,"부산광역시 서구 대신공원로 26 (동대신동3가, 동아대학교병원)",1명,2026-09-08 20:59:20
https://www.jobkorea.co.kr/Recruit/GI_Read/5607494/Ext?siteCode=WN&sc=,016100,"건축/토목 기초(파일), 토공 및 가시설 시공 회사입니다. 현장 관리자를 채용하고자 합니다. 건축/토목 관련된 일을 하신 분을 모십니다. 파일항타 유경험자 유대 현장 근무로 인하여 지방 근무 가능 하신 분",건설 및 광업 관련 관리자(부서장),건설관련관리자,학력무관,경력,"연봉 4,500만원 이상",고용형태,부산광역시 강서구 영강조동길 272 (명지동),3명,2026-09-08 20:59:20
https://www.jobkorea.co.kr/Recruit/GI_Read/5608937/Ext?siteCode=WN&sc=,813213,"[모집직무] 기타 금속공작기계 조작원 및 보조원, CNC 밀링기 조작원(NC 밀링기 조작원), 보조 작업자 [직무소개] 우리 회사는 다양한 금속 공작 기계를 활용하여 고품질 제품을 생산하는 기업입니다. CNC 및 MCT 기계의 작동을 지원하고 제품 생산 과정에서 필요한 작업을 수행하는 보조 조작원을 모집하고 있습니다. [주요업무] - CNC 및 MCT 기계 작동 지원 - 설계도 및 작업 지시서 분석 - 기계 청소 및 정밀 유지 보수 - 반제품 및 완제품 검사 및 관리 - 안전 지침 준수 및 작업 환경 관리",기타 금속공작기계 조작원 및 보조원,-,학력무관,관계없음,월급 300만원 ~ 340만원,고용형태,"부산광역시 강서구 제도로 1142, 마이크로텍 (강동동)",1명,2026-09-08 20:59:21
https://www.jobkorea.co.kr/Recruit/GI_Read/5609794/Ext?siteCode=WN&sc=,824105,안녕하세요 매트 제조 업체 입니다 주요업무는 전선 납땜 후 제품 전기검사 입니다 복잡하거나 어려운 업무는 아니지만 전기 납땜 유경험자는 우대합니다 성실하고 손꼼꼼하고 빠르신분이면 더 좋겠습니다,납땜원,납땜원,학력무관,관계없음,월급 215만원 ~ 215만원,고용형태,"부산광역시 기장군 철마면 마지길 20, A동",1명,2026-09-08 20:59:21
https://www.jobkorea.co.kr/Recruit/GI_Read/5608169/Ext?siteCode=WN&sc=,531800,"희망주는 지역아동센터는 아동들을 대상으로 방과 후 돌봄 전문기관입니다.다음과 같이 급식을 담당할 조리사를 채용하고자 하오니 많은 관심과 지원 바랍니다. 1. 기관정보 - 기 관 명 : 희망주는 지역아동센터 - 소 재 지 : 부산시 사하구 동매로161 2층 2. 채용사항 - 근무시간 : 주5일 근무(주12.5시간) **(오후) 3시 30분~(오후) 6시 00분 - 업무내용 : 급식조리 및 식당 위생 관리 - 급여 : 시급 15,000원 - 전문 보조인력이 매일 있습니다. 4. 제출서류 - 협의 후 제출 * 참고사항 ○ 제출한 서류는 일체 반환하지 않음 ○ 합격통지 후 제출서류의 내용이 허위로 판명된 경우와 업무수행에 문제가 있는 경우에는 합격을 취소함 ○ 문의 :희망주는 지역아동센터 ☎ 051-294-9000 * 부산 사하고용센터에서 서류전형 채용대행접수 진행중입니다. 사업장 위치, 교통편 확인하시고 면접 후 해당업체 출근, 취업의사 있는 분들만 고용24 접수 부탁드립니다. (실업급여 구직활동 위해 지원은 삼가해주시기 바랍니다) 지원희망자는 고용24 회원가입-로그인-구직신청(경력 및 자격증등록 등)-구인공고 화면- 입사지원하기",단체급식 조리사,-,학력무관,신입,"시급 15,000원 ~ 15,000원",고용형태,"부산광역시 사하구 동매로 161, 07 (당리동)",1명,2026-09-08 20:59:21
https://www.jobkorea.co.kr/Recruit/GI_Read/5608210/Ext?siteCode=WN&sc=,027102,"[주요업무] • 원천세, 4대보험 관련업무 • 개인사업자, 법인사업자 기장업무 • 부가세, 종합소득세 신고대리업무 • 기타 세무상담 [회계프로그램] • 더존 위하고 [경력] • 회계사무실 경력만 인정 • 2년 이상 필수(법인결산 2번 이상) [급여] • 협의 후 결정 • 5월 100% 상여",회계 사무원(회계·세무 사무소),회계사무원(회계사무소),학력무관,경력,월급 230만원 이상,고용형태,"부산광역시 강서구 명지국제2로28번길 3 (명지동, 동건프라자)",1명,2026-09-08 20:59:21
https://www.jobkorea.co.kr/Recruit/GI_Read/5609404/Ext?siteCode=WN&sc=,550101,"5등급 43년생 남자 어르신 근무시간 : 주 5일 (월~금) 오후 14:30 - 17:30 근무내용: 인지활동지원, 일상생활함께하기 포괄시급 : 13,200원(기본시급+주휴수당+연차수당+기타수당 요양보호사 자격증, 치매이수증 가지고 방문해주세요. 건강진단서(채용후 제출함)",요양보호사(노인요양사),-,학력무관,관계없음,"시급 10,320원 이상",고용형태,"부산광역시 해운대구 대천로67번길 7, 105 (좌동, 대창아파트)",1명,2026-09-08 20:59:21
https://www.jobkorea.co.kr/Recruit/GI_Read/5608576/Ext?siteCode=WN&sc=,816100,cnc 선반용 auto ROBOT (자동화기계) / GANTRY AUTO ROBOT / ROBOT LOADER 자동화기계제작에 필요한 부품 가공 및 생산조립원 모집합니다. 현장관리(공장장)도 채용 합니다. 많은 지원 바랍니다.,일반기계 조립원,기계조립원,학력무관,경력,"시급 10,320원 ~ 15,000원",고용형태,"부산광역시 사상구 사상로417번길 15, 신성에프에이 (모라동)",2명,2026-09-08 20:59:22
https://www.jobkorea.co.kr/Recruit/GI_Read/5609317/Ext?siteCode=WN&sc=,883101,사무용 가구 생산(재단 및조립),가구 제조원,수작업가구제조원,학력무관,관계없음,"시급 11,000원 이상",고용형태,부산광역시 기장군 정관읍 산단1로 66-57,3명,2026-09-08 20:59:22
https://www.jobkorea.co.kr/Recruit/GI_Read/5608928/Ext?siteCode=WN&sc=,531800,어르신들 식사 조리업무.,단체급식 조리사,-,학력무관,관계없음,월급 210만원 ~ 210만원,고용형태,"부산광역시 수영구 망미배산로36번길 55, 고향의 집 (망미동)",1명,2026-09-08 20:59:22
https://www.jobkorea.co.kr/Recruit/GI_Read/5608882/Ext?siteCode=WN&sc=,231101,지역복지관 서비스 제공팀 사회복지사 업무,사회복지사(사회복지시설),케어복지사,학력무관,신입,"연봉 2,738만원 ~ 2,830만원",고용형태,부산광역시 사하구 다대낙조2길 15 (다대동),1명,2026-09-08 20:59:22
https://www.jobkorea.co.kr/Recruit/GI_Read/5608924/Ext?siteCode=WN&sc=,231100,"- 담당업무 : 사회복지사 업무전반, 프로그램 관련 업무 - 근무형태: 계약직 - 근무요일 : 주5일(월~토/ 토요일 근무시 평일 휴무) - 근무시간 : 08시00분~ 오후5시 * 근무일정 계획에 따라 근무시간 변경 및 토요일 근무 배치 가능자 - 급여 : 센터내규에 따라 면접 후 결정 - 근무지역 : 사하구 장림동 - 기타사항 : 운전가능자 - 현 사회복지사3명 근무 중 * 부산 사하고용센터에서 서류전형 채용대행접수 진행중입니다. 사업장 위치, 교통편 확인하시고 면접 후 해당업체 출근, 취업의사 있는 분들만 고용24 접수 부탁드립니다.",사회복지사,-,학력무관,관계없음,월급 216만원 ~ 216만원,고용형태,"부산광역시 사하구 다대로 263, 강앤박메디컬빌딩 4층 (장림동)",1명,2026-09-08 20:59:22
https://www.jobkorea.co.kr/Recruit/GI_Read/5607729/Ext?siteCode=WN&sc=,153105,우주 발사대 유지관리(전남 고흥 나로도) 신규 우주 발사대 제작 전기파트 담당 기타 신규 제작설비 전기파트 담당 등 타지역(고흥/대전) 출장 가능자,전기공사 기술자(전기견적 포함),전기공사현장관리자,학력무관,경력,"연봉 4,200만원 ~ 5,400만원",고용형태,"부산광역시 사하구 을숙도대로569번길 10, 건창산기(주) (신평동, 543)",1명,2026-09-08 20:59:22
https://www.jobkorea.co.kr/Recruit/GI_Read/5608390/Ext?siteCode=WN&sc=,027200,"아웃소싱 회사 본사 경리사무원 구인 4대보험 관련, 직종별/근무형태별 급여계산/급여산출내역 작성 도급계약서, 근로계약서 작성 그외 사무행정업무 연봉 3,325만원(연차, 상여금, 퇴직금포함) 중식 제공 / 하계휴가 제공",경리 사무원,-,학력무관,경력,"연봉 3,300만원 ~ 3,325만원",고용형태,"부산광역시 금정구 서동로 193-4, 2,3층",1명,2026-09-08 20:59:23
https://www.jobkorea.co.kr/Recruit/GI_Read/5608332/Ext?siteCode=WN&sc=,561101,"**북구청 채용대행접수 진행중입니다/ ※ 지원문의 : 북구청취업정보센터 051-309-5224 강서구 명지동 상가(빌딩) 청소원 모집 근무지 : 부산시 강서구 명지국제8로 269 유당빌딩 근무조건 : 주 5일 근무(월~금), (토,일요일 및 공휴일 휴무) -> 월~목: 09:00~12:00 -> 금: 오후 15시 이후로 일 3시간 근무 ex) 15:00~18:00 또는 16:00~19:00 근무 내용 : 건물 미화 업무 (화장실, 복도, 계단, 지하 주차창 및 건물 주변 청소 등) 월 급여 : 1,000,000원 (세전 금액) 우대 조건 : 즉시 출근 가능자, 인근 거주자, 미화 업무 경력자, 장기 근무자","건물 청소원(공공건물,아파트,사무실,병원,상가,공장 등)",상가청소원,학력무관,관계없음,월급 100만원 ~ 100만원,고용형태,"부산광역시 강서구 명지국제8로 269, 유당빌딩 (명지동)",1명,2026-09-08 20:59:23
https://www.jobkorea.co.kr/Recruit/GI_Read/5608926/Ext?siteCode=WN&sc=,027102,"함께 성장할 수 있는 직원을 모집합니다. - 거래처 상담 및 응대 - 부가세, 법인세, 종합소득세, 인건비 신고 등 - 사무실 관리 업무 - 신입 또는 3년이하 경력 보유자 / 인근거주자 우대",회계 사무원(회계·세무 사무소),회계사무장,학력무관,관계없음,월급 215만원 ~ 230만원,고용형태,"부산광역시 수영구 수영로 389, 상가동 204호 (남천동)",1명,2026-09-08 20:59:23
https://www.jobkorea.co.kr/Recruit/GI_Read/5608925/Ext?siteCode=WN&sc=,706000,한국레미콘 회사 내 레미콘 자재 입고 등 업무를 하실 분 경력 1년이상 우대,건설 및 광업 단순 종사원,-,학력무관,관계없음,월급 270만원 이상,고용형태,"부산광역시 사하구 을숙도대로 617, (주)한국레미콘 (신평동)",1명,2026-09-08 20:59:23
https://www.jobkorea.co.kr/Recruit/GI_Read/5608880/Ext?siteCode=WN&sc=,813201,복합기 오퍼레이터 CNC선반 오퍼레이터 작업자,CNC 선반 조작원(NC 선반 조작원),CNC lath가공원,학력무관,관계없음,"연봉 3,700만원 ~ 6,000만원",고용형태,부산광역시 강서구 낙동남로456번길 38 (녹산동),2명,2026-09-08 20:59:23
https://www.jobkorea.co.kr/Recruit/GI_Read/5608568/Ext?siteCode=WN&sc=,852100,근무시간 : 08:00~16:00 (*별도 연장근무 있을 수 있습니다) *통근버스 : 시청 - 반송 - 기장 - 회사 *추가 수당 지급 *24개월 근무 후 정규직 전환 가능 .,타이어 및 고무제품 생산기 조작원,고무캘린더기조작원,학력무관,관계없음,"시급 11,290원 이상",고용형태,"부산광역시 기장군 장안읍 장안산단로 152, 유일고무(주)",1명,2026-09-08 20:59:23
https://www.jobkorea.co.kr/Recruit/GI_Read/5608322/Ext?siteCode=WN&sc=,703102,"도시가스 전,출입 민원처리 기사 모집 ** 중구,서구,영도구 관내 거주자 우대 ** 운전 필수(1종우대) ** 운전 능숙자 우대 ** 업무용 차량 제공, 출퇴근 가능(차량유지비제공) ** 1개월 수습기간 적용 ** 4대보험 및 퇴직연금 가입 ** 월 6회 휴무 및 법정공휴일 휴무 ※구직활동만을 위한 형식적인 지원자는 사양합니다. 실제 근무가능하신 분만 지원 바랍니다.",가스 배관공(가스관 설치원),가스렌지연결기사,학력무관,관계없음,월급 267만원 이상,고용형태,"부산광역시 중구 대청로138번길 9, 부경에너지 (중앙동2가)",1명,2026-09-08 20:59:24
https://www.jobkorea.co.kr/Recruit/GI_Read/5608247/Ext?siteCode=WN&sc=,550102,"[ 온천동] 재가요양보호사 모집 - 2등급 남자 어르신 (67세 ) /독거 - 주6회 / 08:30~12:30 / 월~토 - 시급 10,320원(수당포함 13,000원) / - 신체활동 지원. 일상생활지원, 식사준비도움 및 가사도움, 주변정리도움, 정서지원 등 - 중증수당 있음 - 휠체어 사용 - 건강검진서 - 윤슬재가노인복지센터 051-554-7009",재가 요양보호사,재가요양보호사,학력무관,관계없음,"시급 10,320원 ~ 10,320원",고용형태,"부산광역시 동래구 온천장로 102, 단지 내 (온천동, 온천동 위너비타)",1명,2026-09-08 20:59:24
https://www.jobkorea.co.kr/Recruit/GI_Read/5607732/Ext?siteCode=WN&sc=,027102,"수입업체 기장 대행 및 세무 관리 부가가치세, 소득세, 법인세 등 각종 세목에 대한 신고 세무 회계 전문 분야에 대한 제반 업무를 수행합니다",회계 사무원(회계·세무 사무소),회계사무원(회계사무소),학력무관,경력,"연봉 4,000만원 이상",고용형태,"부산광역시 해운대구 센텀중앙로 48, 808호",1명,2026-09-08 20:59:24
https://www.jobkorea.co.kr/Recruit/GI_Read/5611014/Ext?siteCode=WN&sc=,550100,"[남부민동]요양보호사 채용 -4등급 70대 여자어르신 독거 -주5회, 13:00~16시(3시간) -목욕도움, 식사 및 가사도움, 일상생활지원 -시급 및 제수당 13,000원 -남부민초등학교 인근",요양보호사,-,학력무관,관계없음,"시급 10,320원 ~ 13,000원",고용형태,부산광역시 서구 천마로 184-2 (남부민동),1명,2026-09-08 20:59:24
https://www.jobkorea.co.kr/Recruit/GI_Read/5608571/Ext?siteCode=WN&sc=,550102,"2등급 .81세 남자 어르신 근무기간 : 월,목,금 (주3일) 근무시간 09:00~12:00(3시간, 중증가산금해당) 일상생활 지원 ,낙상 예방에 중점 시급 : 13,000원(제수당 포함) 연락 : 051-936-2018 인지 있으시고 거동 가능하심.기저귀 착용 안 합니다, 인근 거주 하시는 요양보호사님의 지원바랍니다.",재가 요양보호사,재가요양보호사,학력무관,관계없음,"시급 10,320원 ~ 13,000원",고용형태,"부산광역시 금정구 금강로541번길 40, . (구서동, 구서우성아파트)",1명,2026-09-08 20:59:24
https://www.jobkorea.co.kr/Recruit/GI_Read/5608567/Ext?siteCode=WN&sc=,232904,"1. 장애인이용자 업무보조 - 버섯재배 - 제품포장 - 시설 환경정리 및 청소 등 2. 근로지원인 자격요건 - 근로지원인 3유형 자격해당자 - 근로지원인 Start Up!, 근로지원인 발달장애인특별양성교육(온라인) 이수자 해당교육은 한국장애인고용공단 EDI사이버연수원에서 이수 가능",그 외 사회복지 종사원,-,학력무관,관계없음,"시급 10,320원 ~ 10,320원",고용형태,"부산광역시 남구 분포로 66-40, (주)도시농사꾼 (용호동)",1명,2026-09-08 20:59:24
https://www.jobkorea.co.kr/Recruit/GI_Read/5610144/Ext?siteCode=WN&sc=,615210,"건어물 조리, 땅콩 빵 굽기와 판매 1. 근무 요일 : 주5일 (월~일) /협의가능) 2. 근무 시간 : 수.목.금 16:00 - 22:30 일 13:00 - 22:30 3. 근무시간 협의 가능 4. 매장 위치 : 해운대구 구남로 41번길 46 (중동) 1층 건물생심 매장 5. 시급 : 12,000원 (업무숙달도에 따라 시급조정가능) 조리는 간단하여 누구나 가능합니다 판매 경력자 환영 신입 가능 (외국인 지원받지 않습니다) 4대보험 필수가입 입니다",음식료품 판매원,주류판매원,학력무관,관계없음,"시급 12,000원 ~ 12,000원",고용형태,"부산광역시 해운대구 구남로41번길 46, 1층 건물생심 매장 (중동)",2명,2026-09-08 20:59:25
https://www.jobkorea.co.kr/Recruit/GI_Read/5608570/Ext?siteCode=WN&sc=,550102,"부곡동 90대 남자어르신 8시30분~11시30분 주5일 (월~금) 시급:13,300 가사 및 일상생활지원 및 정서지원",재가 요양보호사,-,학력무관,관계없음,"시급 13,300원 ~ 13,300원",고용형태,"부산광역시 금정구 부곡로 121, 1층 (부곡동, 동원맨션)",1명,2026-09-08 20:59:25
https://www.jobkorea.co.kr/Recruit/GI_Read/5608577/Ext?siteCode=WN&sc=,550102,"▷ 1등급 여자 어르신 ▷주6일 근무 09:00~12:00 15:00~18:00(시간조율가능) ▷ 근무장소 : 모라주공아파트 ▷와상이므로 기저귀케어 가능하신분, 시간 구인합니다.",재가 요양보호사,재가노인요양사,학력무관,관계없음,"시급 10,320원 ~ 13,000원",고용형태,"부산광역시 사상구 모라로 201, 백양복지센터 (모라동)",1명,2026-09-08 20:59:25
https://www.jobkorea.co.kr/Recruit/GI_Read/5609813/Ext?siteCode=WN&sc=,231101,"- 요양원 사회복지사 업무(청구, 평가, 회계 등)",사회복지사(사회복지시설),"사회복지사(사회복지시설, 노인복지시설, 장애인복지시설 등)",학력무관,경력,월급 230만원 ~ 230만원,고용형태,"부산광역시 강서구 명지국제2로28번길 34, 901호 행복한실버타운요양원 (명지동, 에코팰리스)",1명,2026-09-08 20:59:26
https://www.jobkorea.co.kr/Recruit/GI_Read/5604847/Ext?siteCode=WN&sc=,027102,"- 기장 대리 및 신고 대리 업무 - 원천세, 부가가치세, 종합소득세, 법인세 신고 관리 - 고객사 관리 및 관련 세무 회계 상담",회계 사무원(회계·세무 사무소),회계사무원(회계사무소),학력무관,경력,월급 250만원 이상,고용형태,"부산광역시 동구 고관로 46, 부림빌딩 4층 (초량동)",1명,2026-09-08 20:59:26
https://www.jobkorea.co.kr/Recruit/GI_Read/5605423/Ext?siteCode=WN&sc=,550100,"[광안동]요양보호사 -5등급 82세 남자어르신 -배우자함께거주(건강하심) ★24년 이후 자격취득 또는 치매이수하신분 -주2일(협의), 오전 9~12시(3시간) -시급 및 제수당포함 13,000원 -가사도움 위주의 업무 -광안동 상아아파트 인근 빌라",요양보호사,-,학력무관,관계없음,"시급 10,320원 ~ 13,000원",고용형태,부산광역시 수영구 광서로 66 (광안동),1명,2026-09-08 20:59:26
https://www.jobkorea.co.kr/Recruit/GI_Read/5604860/Ext?siteCode=WN&sc=,550101,"1. 채용분야 및 자격 가. 채용분야 : 요양보호사 (경력자 우대) 나. 채용인원 : 3명 2. 제출 및 응시 서류 - 이력서, 자격증 사본 각 1부 3. 서류접수 가. 접수기간 : 상시모집 나. 접수방법 : 방문 or 인사담당자 유선연락 다. 접 수 처 : 부산광역시 수영구 과정로 49, 수영효도요양원 4. 채용방법 가. 1차 : 서류심사 나. 2차 : 면접(1차 합격자에 한하여 개별통보) 다. 합격자 발표 : 개별 통보 5. 급여기준 : 2,156,880원 * 야근, 추가근무시 별도 수당 지급 6. 문의 : 수영효도요양원 사무국장 안병구051-760-8000",요양보호사(노인요양사),요양보호사,학력무관,관계없음,월급 215만원 ~ 230만원,고용형태,"부산광역시 수영구 과정로 49, 수영효도요양원 (망미동)",3명,2026-09-08 20:59:27
https://www.jobkorea.co.kr/Recruit/GI_Read/5604859/Ext?siteCode=WN&sc=,890000,"[기장새일센터 채용대행] 기타 문의사항은 담당자(051-709-5358)에게 문의하시기 바랍니다. ***자동차 부품 생산직(정관읍)*** 1. 업 체 명 : 현진기업사 2. 근무주소 : 정관읍 산단3로 101-24 3. 모집직종 : 자동차부품 (고무제품) 생산 4. 근무시간 : 주 5일, 08:30~17:30 5. 급여사항 : 시급 10,320원 6. 이력서 : 고용24 입사지원 7. 문의 : 기장새일센터(051-709-5358) * 통근버스 : 안락동충렬사 - 명장동조양맨션 - 정수장 - 서동부산은행 - 서동하이마트 - 금사동기업은행 - 금사동굴다리 - 정관회사 (※정관 내에는 운행하지 않습니다) * 실업급여/ 국민취업지원제도 수급목적용 지원금지",기타 제조 관련 단순 종사원,-,학력무관,관계없음,"시급 10,320원 이상",고용형태,부산광역시 기장군 정관읍 산단3로 101-24,1명,2026-09-08 20:59:27
https://www.jobkorea.co.kr/Recruit/GI_Read/5605480/Ext?siteCode=WN&sc=,550102,"<부산진구 초읍동 연학초등학교 인근 거주> * 4등급 여자대상자 * 주3일(월수금) * 3시간: 오전,오후 무관 * 가사지원, 식사지원, 일상생활지원 등 * 기본시급 10,320원(수당 별도지급) * 센터문의: 051-512-1110",재가 요양보호사,-,학력무관,관계없음,"시급 10,320원 이상",고용형태,"부산광역시 부산진구 초읍천로43번길 10, 연학초등학교 인근 거주 (초읍동)",1명,2026-09-08 20:59:27
https://www.jobkorea.co.kr/Recruit/GI_Read/5604834/Ext?siteCode=WN&sc=,890006,"축산물 식품가공 공장입니다(발골하는 육가공 공장 아닙니다) 주5일 근무이고 국공휴일 연월차 있습니다. 마트 축산코너나 식육점 근무해보신분 칼질 경험있으면, 일 금방 배웁니다~^^ oem가공작업, 식자재등 작업이고 하이서보, 다용도 슬라이스 사용으로 일은 편합니다. 특이사항이나 조건변경등은 면접 시 조정 가능합니다. 채용담당자와 전화 통화 후 면접 진행됩니다.",식품 분야 단순 종사원,식품분야 단순노무자,학력무관,관계없음,월급 220만원 ~ 220만원,고용형태,"부산광역시 사상구 학감대로 40-1, 고기쟁이 가공센터 (학장동)",1명,2026-09-08 20:59:28
https://www.jobkorea.co.kr/Recruit/GI_Read/5604925/Ext?siteCode=WN&sc=,890000,"단순 생산업무 초보 가능 *3개월 수습기간 있습니다. 대중교통 : 마을버스 5번, 3-1번 (미광사하차)",기타 제조 관련 단순 종사원,-,학력무관,관계없음,"연봉 3,000만원 이상",고용형태,부산광역시 사하구 다산로176번길 57 (다대동),2명,2026-09-08 20:59:28
https://www.jobkorea.co.kr/Recruit/GI_Read/5604927/Ext?siteCode=WN&sc=,159103,"1. 구조설계,전개/제작 CAD 도면 설계(컨트롤 판넬, 케이블 박스/덕트, 중/대형 몰드 변압기 외함 등) 2. 자재발주 및 레이저 가공작업 후 입고 부품 검수 등 [회사소개] 저희 회사는 변압기 외함(Cable Box, Control Panel, TR Mold, Wiring Duct 등)을 제작하여 우리나라 변압기 3대회사인 HD현대일렉트릭, LS일렉트릭, 효성중공업에 납품하고 있는 대기업과의 1차 협력사입니다. 자체 제작도면 작성 후 주로 2.3T, 3.2T 두께의 박판 PO와 SUS 판재를 CO₂, Argon, Laser를 이용하여 용접, 도장 및 필요 시 배선작업 수행 후 소요업체로 공급하고 있습니다. 양호한 품질과 적시 납품을 위해 설계경력이 많고 손발이 빠른 적극적이고 도전적인 설계사를 모시고자 하니 뜻있는 분은 연락바랍니다. * 급여는 연봉 3,600만원 내외로 고려중이며, 면접 시 전문경력과 능력 여부에 따라 가감 조정도 가능합니다. * 근속 1년 경과 및 기본 연장근무 수행 시 연봉 4500만원 이상 가능합니다. * 부채 '0'의 기업인만큼 주기적인 격려와 성과금도 지급합니다.",기계·금속 제도사(캐드원),기계캐드원,대졸(2~3년)~대졸(4년),경력,월급 300만원 ~ 350만원,고용형태,"부산광역시 사하구 하신중앙로3번길 107, (주)자유전자 (장림동)",1명,2026-09-08 20:59:28
https://www.jobkorea.co.kr/Recruit/GI_Read/5604861/Ext?siteCode=WN&sc=,890000,"[생산] 지원자격 · 신입 업무내용 · 작업일정 따라 물건 투입(컨베이어 라인) · 전처리작업(홀작업, 샌딩작업 등) -> 피막 및 산처리 없음 · 포장작업 단순 준비, 포장 작업입니다. 우대사항 · 인근 거주자 우대",기타 제조 관련 단순 종사원,수동포장원,학력무관,관계없음,월급 250만원 이상,고용형태,부산광역시 기장군 정관읍 산단7로 7-15,2명,2026-09-08 20:59:28
https://www.jobkorea.co.kr/Recruit/GI_Read/5604734/Ext?siteCode=WN&sc=,550102,4등급 남자어르신 신체활동지원 가사일상생활지원 정서지원 산책도움,재가 요양보호사,재가요양보호사,학력무관,관계없음,"시급 13,500원 이상",고용형태,"부산광역시 해운대구 송정광어골로82번길 131, 000호 (송정동, 송정비치빌라)",1명,2026-09-08 20:59:28
https://www.jobkorea.co.kr/Recruit/GI_Read/5607078/Ext?siteCode=WN&sc=,834000,"[모집직무] 전기·전자 제조어 관련 직종인 [직무소개] 우리 회사는 PLC 자동화, SERVO, HMI SYSTEM, 계장 제어 분야에 전문성을 갖춘 기업입니다. 본 채용은 전기 판넬 조립 및 설치, 시운전을 담당하는 전문가를 찾고 있습니다. [주요업무] - 전기 판넬 조립 및 설치 - PLC(LS,미쓰비시) 사용가능자 - 지방 출장 가능하시분 모집합니다 - 전기 판넬 조립 및 설치 - PLC 프로그래밍 및 자동화 시스템 통합 - HMI 시스템 설정 및 운영 - 계장 제어 시스템 테스트 및 점검 - 시운전 및 문제 해결",전기 및 전자설비 조작원,-,학력무관,경력,월급 251만원 ~ 350만원,고용형태,"부산광역시 강서구 낙동북로138번길 46, 태광산전 (강동동)",1명,2026-09-08 20:59:29
https://www.jobkorea.co.kr/Recruit/GI_Read/5605983/Ext?siteCode=WN&sc=,550102,"1. 공고기간 : 2026.09.02.(수)∼2026.09.09.(수) 오후 1시/7일간 2. 모집인원 : 요양보호사 1명 3. 자격요건 : 요양보호사 자격증 4. 서류접수기간 : 2026.09.02.(수)∼2026.09.09.(수) 오후 1시/7일간 5. 제출서류 : 응시지원서, 자기소개서, 개인정보활용동의서, 자격증 사본, 특수관계 ​부존재 각서 6. 서류접수방법 : 방문, 우편 접수 7. 면접전형 : 1차 서류면접 통과자에 한하여 면접심사 실시 8. 시급 : 13,500원 <이용자상태> 1. 3등급 / 90대(여) / 주 5회 근무(월-금) / 12:00-15:00 - 근무지 : 부산광역시 동구 진성로75번나길 3 - 업무 : 신체지원활동, 가사지원활동, 병원동행 등",재가 요양보호사,재가요양보호사,학력무관,관계없음,"시급 10,320원 이상",고용형태,부산광역시 동구 진성로75번나길 3 (수정동),1명,2026-09-08 20:59:29
https://www.jobkorea.co.kr/Recruit/GI_Read/5606117/Ext?siteCode=WN&sc=,028504,<품질팀 전반 업무> 제품 검사 및 검사성적서 작성·관리 품질 관련 서류 및 전반적인 품질관리 업무 제품 및 자재 적재 업무 외근 업무 있음 기타 품질팀 관련 업무 모집직종: 품질관리 / 생산관리 자격면허: 자동차운전면허 1종 보통 필수,생산관리 사무원(전기·전자·컴퓨터),배전계획원,학력무관,신입,"연봉 3,300만원 ~ 3,600만원",고용형태,"부산광역시 강서구 가달2로 40, 부산 강서구 가달2로 (생곡동)",1명,2026-09-08 20:59:29
https://www.jobkorea.co.kr/Recruit/GI_Read/5606118/Ext?siteCode=WN&sc=,813201,"- WILO PUMP(외국계기업)과 효성굿스프링스(대기업) 1차 벤더 - 프로그램, SETTING 가능하신분(경력 3년이상) - 연령 상관없음 (퇴직자 가능) - 인근거주자 우대 - 차량 소지자 우대(유류대 지급) - 4대 보험 필수 가입조건입니다.",CNC 선반 조작원(NC 선반 조작원),-,학력무관,경력,"연봉 4,000만원 이상",고용형태,부산광역시 강서구 대저중앙로286번길 106-36 (대저1동),1명,2026-09-08 20:59:29
https://www.jobkorea.co.kr/Recruit/GI_Read/5606119/Ext?siteCode=WN&sc=,813202,- WILO PUMP(외국계기업)과 효성굿스프링스(대기업) 1차 벤더 - 범용 선반/밀링 조작(경력 2년이상) - TAP/HOLE 외 작업 - 연령 상관없음 (퇴직자 가능) - 인근거주자 우대 - 차량 소지자 우대(유류대 지급) - 4대 보험 필수 가입조건입니다.,범용 선반 조작원,범용선반기능원,학력무관,경력,"연봉 3,600만원 이상",고용형태,부산광역시 강서구 대저중앙로286번길 106-36 (대저1동),1명,2026-09-08 20:59:29
https://www.jobkorea.co.kr/Recruit/GI_Read/5607077/Ext?siteCode=WN&sc=,305000,요양원 영양사 - 업무 : 영양사 업무 전반 식자재 물품 발주 및 검수 식품 위생 관리 식단표 작성 및 급식일지 작성 그 외 기관이 정하는 요양원 영양사 업무 - 근무시간 9:00~18:00 (휴게시간 1시간) - 주 7일 중 5일 근무 - 입사일 : 9월 17일 이후 ※실업급여 목적인 분은 정중히 사양합니다※,영양사,병원급식영양사,학력무관,관계없음,월급 230만원 ~ 230만원,고용형태,부산광역시 북구 금곡대로616번길 12 (금곡동),1명,2026-09-08 20:59:29
https://www.jobkorea.co.kr/Recruit/GI_Read/5606161/Ext?siteCode=WN&sc=,816200,배관조립공 모집합니다. 신입가능하고 경력자 우대합니다.,기계 부품 조립원,-,학력무관,관계없음,"연봉 3,600만원 ~ 3,600만원",고용형태,"부산광역시 강서구 녹산화전로 23, 1215호(감전동, 부산디지털밸리아파트형공장) (송정동)",1명,2026-09-08 20:59:29
https://www.jobkorea.co.kr/Recruit/GI_Read/5606428/Ext?siteCode=WN&sc=,813201,"- WILO PUMP(외국계기업)과 효성굿스프링스(대기업) 1차 벤더 - 연령 상관없음/ 남녀무관 - 단순조작업무/버튼맨 역할(제품을 기계에 넣고 빼고 체크하는 주업무) - 작업한 재료 적재 및 이동수행, 완료한 작업품 이동수행, 작업 후 정리정돈 - 어느정도 도면 볼 줄 알아야 함 - 인근거주자 우대 - 차량 소지자 우대(유류대 지급)/ 교통비지급 - 토요일 1,3,5째주/ 공휴일 휴무(협의가능) - 4대 보험 필수 가입조건",CNC 선반 조작원(NC 선반 조작원),-,학력무관,신입,월급 250만원 이상,고용형태,부산광역시 강서구 대저중앙로286번길 106-36 (대저1동),1명,2026-09-08 20:59:30
https://www.jobkorea.co.kr/Recruit/GI_Read/5606930/Ext?siteCode=WN&sc=,028505,"일반 행정사무, haccp관리, 식품제조 대사역 도보 10분거리",생산관리 사무원(음식료품),-,학력무관,관계없음,"연봉 3,000만원 이상",고용형태,부산광역시 강서구 낙동북로126번길 68-20 (강동동),1명,2026-09-08 20:59:30
https://www.jobkorea.co.kr/Recruit/GI_Read/5606427/Ext?siteCode=WN&sc=,231100,재가복지서비스 업무협조 및 행정업무 등 기타업무 수행 www.nk.or.kr 공지사항 상세내용 확인,사회복지사,-,대졸(2~3년)~대졸(4년),신입,월급 228만원 ~ 228만원,고용형태,"부산광역시 금정구 중앙대로2349번길 3, 남광재가노인지원센터 (노포동)",1명,2026-09-08 20:59:30
https://www.jobkorea.co.kr/Recruit/GI_Read/5605902/Ext?siteCode=WN&sc=,550100,"[망미동] 재가요양보호사 - 4등급 70대 남자어르신, 독거 - 식사 및 가사도움 위주의 업무 - 주3일, 9~12시(3시간) - 시급 제수당 13,000원 - 부산울산지방병무청 맞은편 주택",요양보호사,-,학력무관,관계없음,"시급 10,320원 ~ 13,000원",고용형태,"부산광역시 수영구 연수로 300-3, 인근 (망미동)",1명,2026-09-08 20:59:30
https://www.jobkorea.co.kr/Recruit/GI_Read/5605986/Ext?siteCode=WN&sc=,550102,"- 3등급 남자 어르신(46년생) - 일반적인 요양보호사 업무 - 주 5일(월-금) 하루 3시간 - 오후 1:00 ~ 오후 4:00 - 위치: 영도구 중리북로 우일화랑아파트 (구 남고등학교 옆) - 시급: 13,000원 (10,320원+주휴,연차 등 제수당 포함)",재가 요양보호사,재가요양보호사,학력무관,관계없음,"시급 10,320원 이상",고용형태,"부산광역시 영도구 중리북로 16, 우일화랑아파트 (동삼동, 우일화랑아파트)",1명,2026-09-08 20:59:30
https://www.jobkorea.co.kr/Recruit/GI_Read/5606429/Ext?siteCode=WN&sc=,026301,"○ 모집 부문 및 자격 요건 1. 모집 부문: 경영지원팀 사무 보조 2. 담당 업무 - 구인관리 - 안전보건교육일지 작성 및 관리 - 급여명세서 작성 및 발송 - 기타 사무 업무 및 기타 행정 업무 3. 자격 요건 - 경력 사항: 관계없음 - 학력 사항: 대학(2,3년) 졸업 이상 - 엑셀 활용 능력 '중' 이상 4. 우대 사항 - 인력·업무용역 제공 사업 경력자 우대, 운전 가능자, 인근 거주자, 차량 소지자, 즉시 출근 가능자, 신용 정보에 결격 사유가 없는 자 ○ 근무 조건 1. 고용 형태: 정규직 2. 급여 조건: 면접 후 결정 3. 근무 요일: 주 5일(월~금) 4. 근무 시간: 08:30 ~ 17:30(휴게 시간 1시간) 5. 복리 후생: 4대 보험 가입, 연/월차, 퇴직 연금, 경조사 지원, 명절 선물, 중식 제공, 휴게 시간 ○ 전형 단계 및 제출 서류 1. 전형 단계: 서류 전형 > 면접 진행 > 최종 심사 > 최종 합격 2. 이력서 제출 시 반드시 본인 확인 가능한 사진 부착 필수입니다. 3. 경력 내용 기재(해당자만)",인사 사무원,인사관리사무원,대졸(2~3년)~대졸(4년),관계없음,월급 230만원 이상,고용형태,부산광역시 강서구 공항로811번다길 98 (대저2동),1명,2026-09-08 20:59:31
https://www.jobkorea.co.kr/Recruit/GI_Read/5605479/Ext?siteCode=WN&sc=,550102,"* 4등급 할머니(70대후반, 독거) * 가사 및 일상생활 지원 * 주3일(월,수,금) * 09:00~12:00(시간 변경 안됨) * 시급13,500원(주휴수당, 연차수당 포함) * 채용담당자: 051-403-6588",재가 요양보호사,-,학력무관,관계없음,"시급 10,320원 이상",고용형태,"부산광역시 연제구 해맞이로 23, .. (거제동, 거제유림아시아드)",1명,2026-09-08 20:59:31
https://www.jobkorea.co.kr/Recruit/GI_Read/5607079/Ext?siteCode=WN&sc=,813104,"레이저가공 (도면 Auto CAD, CAM) 모집합니다. 평일 근로시간 08:30~19:30 휴게시간 10:00~10:15 점심시간 12:00~13:00 휴게시간 15:00~15:15 저녁시간 17:00~17:30 *토요일 격주근무 08:30~15:00",캐드캠 기능원,캐드캠 기능원,학력무관,경력,월급 280만원 이상,고용형태,"부산광역시 사상구 장인로 68, 레이저금강 (학장동, 천일철강)",1명,2026-09-08 20:59:31
https://www.jobkorea.co.kr/Recruit/GI_Read/5605995/Ext?siteCode=WN&sc=,550101,"- 시설요양보호사 업무 - 노인 요양 시설 입소 어르신에 대한 식사, 목욕, 위생, 청소, 이동 지원 등 전반적 케어 서비스 제공",요양보호사(노인요양사),요양보호사,학력무관,관계없음,"시급 10,320원 ~ 10,320원",고용형태,부산광역시 동래구 명륜로112번길 60 (수안동),1명,2026-09-08 20:59:31
https://www.jobkorea.co.kr/Recruit/GI_Read/5605998/Ext?siteCode=WN&sc=,550102,"- 근무지 : 모라동- 대상자 : 70대 3등급 여자어르신- 근무시간 : 11시~14시- 일상생활 및 가사지원위주- 시급 :10,320원(주휴수당 등 발생 시 별도 지급)* 필수서류 : 건강검진, 자격증 (면접방문 시 필수서류 지참 꼭 부탁 드립니다.) - 주휴수당 등 : 3,280원",재가 요양보호사,재가요양보호사,학력무관,관계없음,"시급 10,320원 ~ 10,320원",고용형태,"부산광역시 사상구 모라로192번길 50-25, 모라주공아파트4단지 (모라동, 모라주공아파트)",1명,2026-09-08 20:59:31
https://www.jobkorea.co.kr/Recruit/GI_Read/5606455/Ext?siteCode=WN&sc=,813200,범용선반 경력직 더보기,금속 공작기계 조작원,선반원,학력무관,경력,월급 300만원 이상,고용형태,"부산광역시 사상구 학감대로178번길 52, 예성피팅 (학장동)",1명,2026-09-08 20:59:32
https://www.jobkorea.co.kr/Recruit/GI_Read/5606648/Ext?siteCode=WN&sc=,813201,"범용선반, CNC선반 조작원 프로그램 조작 가능자 도면이해가능자",CNC 선반 조작원(NC 선반 조작원),CNC다축선반조작원,학력무관,경력,"시급 11,000원 이상",고용형태,"부산광역시 강서구 과학산단2로3번길 42, 부산 강서구 지사동",1명,2026-09-08 20:59:32
https://www.jobkorea.co.kr/Recruit/GI_Read/5606600/Ext?siteCode=WN&sc=,890002,"* 주로 조선엔진부품 사상하는 업무로 꼼꼼하게 작업가능하신 분 지원바랍니다. * 남,녀 지원가능하며, 하루8시간작업 (시간 협의가능합니다) * 최저시급 : 10,320 * 점심식사제공, 퇴직연금 가입.",단순 사상원(용접사상 제외-용접원구분),금형단순사상원,학력무관,관계없음,"시급 10,320원 ~ 10,320원",고용형태,"부산광역시 강서구 미음국제7로가길 9, 1 (미음동)",1명,2026-09-08 20:59:32
https://www.jobkorea.co.kr/Recruit/GI_Read/5606122/Ext?siteCode=WN&sc=,027102,"[모집직무] 회계 사무원, 회계 사무원(회계·세무 사무소), 세무사 [직무소개] 4대보험 업무 관리 및 세무 결산 경험을 갖춘 전문가를 찾고 있습니다. 우리 회계 사무소에서는 차근차근 성장해 나가는 중이며, 열정적이고 책임감 있는 팀원을 구합니다. [주요업무] - 4대보험 업무 관리 - 소득세 및 법인세 결산 - 회계 처리 및 재무 보고서 작성 - 신고 및 관련 서류 준비 - 고객과의 소통 및 상담",회계 사무원(회계·세무 사무소),회계사무원(회계사무소),학력무관,경력,"연봉 3,000만원 이상",고용형태,"부산광역시 부산진구 동천로 116, 한신밴오피스텔 814호",1명,2026-09-08 20:59:32
https://www.jobkorea.co.kr/Recruit/GI_Read/5606647/Ext?siteCode=WN&sc=,817200,"1. 업 체 명 : 피엔에스코리아 주식회사 2. 근무주소 : 기장군 장안읍 장안산단 9로 111 3. 모집직종 : 자동차부품 제조 생산직 20명 4. 근무시간 : 08:00~17:00/ 주5일 *** 앞으로 2조 2교대 근무로 변경 예정입니다. 교대 근무 가능하신 분 지원 바랍니다*** 5. 급여사항 : 시급 10,320원 (상여금 별도 200%) 6. 복리후생 : 4대보험, 퇴직금, 1식제공, 통근버스 7. 접수방법 : 문자접수 (로그인하여 휴대전화로 문자접수) ***전화는 자제해 주시고 문자로 접수 부탁드립니다*** * 통근버스 노선 * 1. 통근버스노선(반여 → 기장방향) 반여동 왕자맨션(출발)-금사 정비공업사-반여농수산물 도매시장-아랫반송 도서관-윗반송 SK주유소-탑마트(기장점)-기장농협-기장성당-기장지구대-교리 버스정류장-일광 신도시 사거리 2. 통근버스노선(양산 → 정관방향) 양산 해인그린빌 신명동바을 버스정류장(파리바게트 옆) - 양산 명동삼한 사랑채 101동 앞 버스정류장 - 양산 서희스타힐스 GS25 편의점 맞은편 - 양산 천년가더힐아파트 105동 앞 버스정류장 - 양산 트라마제 1007동 앞 버스정류장 - 양산 두산위브 1차 113동 앞 버스정류장 - 월평로타리 두명마을 버스정류장 - 정관 이지더원1차 105동 앞 버스정류장 - 정관보건소 앞 버스정류장 - 정관 방곡유치원 맞은편 - 정관 가화테라스 맞은편 버스정류장 - 정관 휴먼시아 4단지 401동 앞 버스정류장 - JU - PNS",자동차 부품 조립원(검사원 포함),자동차 부분품 조립원,학력무관,관계없음,"시급 10,320원 ~ 10,320원",고용형태,"부산광역시 기장군 장안읍 장안산단9로 108, 111",20명,2026-09-08 20:59:32
https://www.jobkorea.co.kr/Recruit/GI_Read/5606053/Ext?siteCode=WN&sc=,550102,"[대연SK뷰힐스 근무예정] * 3등급 여자 어르신 만76세(배우자 거주) * 주5일 15:50~18:50(3시간) * 시급 13,000원(최저시급 및 제수당 포함) * 화장실이용도움, 가사지원 및 일반요양서비스 업무 등(주3회 샤워도움) * 채용담당자 : 051)757-2330",재가 요양보호사,재가요양보호사,학력무관,관계없음,"시급 10,320원 ~ 13,000원",고용형태,"부산광역시 남구 수영로 261, .. (대연동, 대연 SK VIEW Hills)",1명,2026-09-08 20:59:32
https://www.jobkorea.co.kr/Recruit/GI_Read/5605794/Ext?siteCode=WN&sc=,550102,"4등급 남자어르신 주5일 오후01시00분~오후4시00분, 식사제공, 말벗, 청소및 정리정돈",재가 요양보호사,재가요양보호사,학력무관,관계없음,"시급 12,700원 ~ 12,700원",고용형태,"부산광역시 동래구 충렬대로256번가길 12, 2층 (낙민동, 동일센트럴)",1명,2026-09-08 20:59:32
https://www.jobkorea.co.kr/Recruit/GI_Read/5606108/Ext?siteCode=WN&sc=,026202,"주문납품 영업부서장 원부자재 발주관리 영업관리업무 및 영업.구매팀 매입매출관리 엑셀,ppt 중급자 우대",영업 기획·관리·지원 사무원,-,학력무관,경력,"연봉 5,000만원 ~ 6,500만원",고용형태,"부산광역시 강서구 미음산단로76번길 29, 주식회사 대광오토텍 (구랑동)",1명,2026-09-08 20:59:32
https://www.jobkorea.co.kr/Recruit/GI_Read/5606205/Ext?siteCode=WN&sc=,531803,"* 요양병원 조리사모집 (조리사 자격증 우대) * 근무시간 -1조: 05:00~13:00/2조:10:00~18:00(월 근무표에 따라 교대근무) * 월급: 2,156,880원 (초과 근무시 추가 수당 지급) 051-529-1524",병원 급식 조리사,병원급식조리사,학력무관,관계없음,월급 215만원 이상,고용형태,부산광역시 기장군 기장읍 대변로 117-2,1명,2026-09-08 20:59:33
https://www.jobkorea.co.kr/Recruit/GI_Read/5605993/Ext?siteCode=WN&sc=,550102,"부산 해운대구 마린시티3로 51 101동 5등급 여자 어르신 (치매교육필수자) 이용일: 주3회 09시~12시 업무: 어르신 집 정리 및 식사제공 시급 13,000 (기본시급 10,320원 + 제세수당 별도)",재가 요양보호사,재가요양보호사,학력무관,관계없음,"시급 10,320원 ~ 13,000원",고용형태,"부산광역시 해운대구 마린시티3로 51, 1901호 (우동)",1명,2026-09-08 20:59:33
https://www.jobkorea.co.kr/Recruit/GI_Read/5606649/Ext?siteCode=WN&sc=,836000,"단순 제조 조립, 검사 (초보자도 배우면 금방 가능한 업무) 통근버스 운행합니다 *금정산 이편한세상-만덕 부산은행앞-그린코아 사거리-만덕 삼성학원앞-만덕 새마을금고-덕천전화국-덕천파출소-구포시장 입구-대저1동 우편집중국-불암역-회사 구내식당운영 ☞ 지원을 희망하시는 분은 고용24에 구직등록 후 [고용24입사지원] 바랍니다.",전기·전자 부품 및 제품 조립원,-,학력무관,관계없음,"시급 10,320원 이상",고용형태,"부산광역시 강서구 식만로 33-23, (주)성창사 (죽림동)",5명,2026-09-08 20:59:33
https://www.jobkorea.co.kr/Recruit/GI_Read/5607082/Ext?siteCode=WN&sc=,873900,"- 업무내용 : 수산물 가공공장 장비운용 및 지게차 업무 - 직무: (주업무) 장비 운용(점검,관리등/수리는 아님) 및 (부업무) 입출고 업무 - 기계 기초지식이 있으신 분 희망 - 근무유형 : 정규직 (3개월 수습기간 있음) - 근무요일 : 월 ~ 금 / 토요일 근무 시 특근 처리 - 근무시간 : 07:30 ~ 17:00 (점심 1시간 ) - 급여 : 월 2,500,000원 ( 오전 30분 조출수당 약 20만원 별도 ) - 복리후생 : 4대 보험, 식사제공, 퇴직연금 , 교통비 7만원 - 근무지 주소 : 부산광역시 사하구 다대로1066번길 41 (장림동) (CJ대한통운택배사하사업소 근처/ 장림도시가스 버스정류소 하차) ※ 실업급여 때문에 지원하시는 분은 정중히 사양합니다. ※ 이력서를 워크넷, 메일, 팩스로 보내주시면 면접대상자에게 별도로 연락드립니다.","기타 식품가공 관련 기계 조작원(유지, 장류, 조미식품, 설탕, 커피, 담배 등)",향신료제조원,학력무관,경력,월급 250만원 이상,고용형태,부산광역시 사하구 다대로1066번길 41 (장림동),1명,2026-09-08 20:59:33
https://www.jobkorea.co.kr/Recruit/GI_Read/5605859/Ext?siteCode=WN&sc=,232903,"※ 근로지원인은 장애인 근로자의 부수적인 업무를 담당하여 효율적인 업무 수행을 지원하는 역할을 합니다. -운전 가능자 우대 -근무 시간 : 1일 8시간 , 주 40시간 (09:00~18:00 - 휴게시간 60분) -근무 장소 : 부산광역시시각장애인복지관 (부산광역시 북구 시랑로132번길 38) -업무 : 시각장애인 근로자의 업무 보조 (행정업무 보조 및 이동지원, 점자서류 정리 등) -기타 : 공휴일 유급휴가, 주휴수당 지급, 연차발생, 4대보험 가입, 퇴직금 지급(1년 이상 근무시) -지원방법 : 고용24 직접 지원 또는 이력서(자유양식) 작성 후 이메일(gj-il2011@hanmail.net) 제출 -근로계약은 회계년도 단위계약 (2026년 12월 31일까지 근로계약 후 2027년 근로계약 협의)",장애인 생활지도원(장애인활동보조원 포함),장애인근로지원인,학력무관,관계없음,"시급 10,320원 ~ 10,320원",고용형태,부산광역시 북구 시랑로132번길 38 (구포동),1명,2026-09-08 20:59:33
https://www.jobkorea.co.kr/Recruit/GI_Read/5605996/Ext?siteCode=WN&sc=,550102,"2등급 여자어르신 10:00 - 14:00 월-금 신체활동지원, 정서지원, 가사 및 일상생활지원",재가 요양보호사,-,학력무관,관계없음,"시급 13,000원 ~ 13,000원",고용형태,"부산광역시 연제구 고분로 270, *** (연산동, 센텀수영강푸르지오아파트)",1명,2026-09-08 20:59:34
https://www.jobkorea.co.kr/Recruit/GI_Read/5607196/Ext?siteCode=WN&sc=,532302,"메리놀병원 파트타임(5시간/6시간) 조리원 모집 (주)영일 F-4지원가능(언어소통가능자), 초보자 지원 가능 🔹 주요업무 전처리 및 배식, 세척, 조리보조 업무 (경력무관, 자격증무관, 나이무관, 성별무관) 🔹 근무조건 주 5일 근무(토·일·공휴일 포함) 아래 근무시간 중 선택 ① 오후 파트 14:00 ~ 19:30 (5시간 근무, 휴게시간 30분) → 기본급 월 1,345,900원 (주휴수당 포함) ② 오전 파트 07:30 ~ 14:00 (6시간 근무, 휴게시간 30분) → 기본급 월 1,615,080원 (주휴수당 포함) ※ 연장수당·공휴수당·연차수당 별도 지급 🔹 복리후생 4대보험, 퇴직금 지급 근로계약기간은 협의 후 근로계약서 작성 📞 지원방법 051-461-2398 면접희망시 전화면담 or 문자지원 바랍니다. 문자지원예시 : [메리놀병원 파트] 이름/주소지 **공고 아래 ""채용 담당자 개인정보 보기""를 클릭하시면 전화번호를 확인하실 수 있습니다.** 홈페이지주소: www.youngilfamily.com",단체 급식 보조원,-,학력무관,신입,월급 134만원 ~ 161만원,고용형태,"부산광역시 중구 중구로 121, 메리놀병원 영양팀 (대청동4가)",2명,2026-09-08 20:59:34
https://www.jobkorea.co.kr/Recruit/GI_Read/5606650/Ext?siteCode=WN&sc=,232903,"대상자: 강서구맥도마을(공항근처)53세, 지적장애 남, 90시간, 월~금 오전 09:00~10:00, 오후 15:30~종료시간은 협의가능, 자택에서 국제신도시 센터까지 이동 지원 및 사회서비스 지원. 자차 있는분 자차 있는 선생님 주휴수당 등 발생 시 별도 지급. 4시간 근무 후 30분 휴게시간 있음(점심시간 1시간적용)",장애인 생활지도원(장애인활동보조원 포함),장애인활동지원사,학력무관,경력,"시급 13,100원 ~ 13,100원",고용형태,"부산광역시 강서구 공항로393번가길 140, 상세주소는 면접 진행시 안내 (대저2동)",1명,2026-09-08 20:59:34
https://www.jobkorea.co.kr/Recruit/GI_Read/5606529/Ext?siteCode=WN&sc=,890001,"제품 적재, 포장 및 단순 생산직 선반 및 절단기계조작",기계·금속 분야 단순 종사원,기계분야 단순노무자,학력무관,관계없음,"일급 90,000원 이상",고용형태,"부산광역시 사상구 대동로 185, (학장동)",2명,2026-09-08 20:59:34
https://www.jobkorea.co.kr/Recruit/GI_Read/5606109/Ext?siteCode=WN&sc=,155500,[담당업무] - 환경인허가 (대기/수질) 서류작성 [지원조건] - 신입 [우대사항] - 대기 환경기사 - 수질 환경기사 - 운전가능자 - 컴퓨터활용능력자 [급여조건] - 3000만원 [복리후생] - 중식 지원 - 교통비 지원 [우대] - 대기환경기사 또는 수질환경기사 많은 관심 및 지원부탁드립니다.,환경공학 기술자 및 연구원,-,대졸(2~3년)~대졸(4년),신입,"연봉 3,000만원 ~ 3,000만원",고용형태,부산광역시 강서구 유통단지1로 41 (대저2동),1명,2026-09-08 20:59:34
https://www.jobkorea.co.kr/Recruit/GI_Read/5605985/Ext?siteCode=WN&sc=,232903,"* 월 120시간 근무하실 장애인활동지원사 1명 모집합니다 * 대상자 : 여성 60대 뇌병변장애 * 근무시간 : 오전시간 09:00~14:30 (휴게시간포함) 오후시간 15:30~21:00 (휴게시간포함) - 근무 요일은 월말에 활동지원사와 상의하여 일정을 정한다고 함. * 서비스내용: 사회활동(외출동행, 병원동행 등), 가사활동서비스(청소 등), 신체활동(부축도움 등) * 급여 : 시급 13,500원(주휴수당, 연차수당, 연장수당 포함) * 인근 지역 거주자 환영/ 실습 완료자 지원 바람 * 문의 : 전화 051-914-1551",장애인 생활지도원(장애인활동보조원 포함),장애인생활지도원,학력무관,관계없음,"시급 10,320원 이상",고용형태,"부산광역시 연제구 묘봉산로 30, 연산동 (연산동, 연산포레 서희스타힐스)",1명,2026-09-08 20:59:34
https://www.jobkorea.co.kr/Recruit/GI_Read/5605997/Ext?siteCode=WN&sc=,564300,"약 100여 세대 APT 주차관리, 분리수거 업무 주업무 : 1. 차량통제, 기계식 주차장 관리 2. 분리수거장 관리, 복도 관리 3. 전기수도검침 및 관리업무 등 *이력서 접수 되는대로, 순차적으로 연락을 드릴예정입니다*",주차 관리원 및 안내원,주차장관리원,학력무관,관계없음,"시급 10,320원 ~ 10,320원",고용형태,"부산광역시 금정구 중앙대로 2016, 아센시아더플러스",1명,2026-09-08 20:59:35
https://www.jobkorea.co.kr/Recruit/GI_Read/5606432/Ext?siteCode=WN&sc=,813201,CNC 선반조작 초보가능,CNC 선반 조작원(NC 선반 조작원),CNC선반기능원,학력무관,관계없음,월급 230만원 ~ 300만원,고용형태,"부산광역시 사상구 모덕로96번길 96, 사무실 (덕포동)",1명,2026-09-08 20:59:35
https://www.jobkorea.co.kr/Recruit/GI_Read/5606434/Ext?siteCode=WN&sc=,027200,"전표정리 급여관리 매입매출 정리 일반적인 경리업무 [회계·감사 > 전표관리] 회계상거래인식하기,전표작성하기,증빙서류관리하기 [세무 > 전표처리] 적격증빙별 거래인식하기,전표 처리하기,증빙서류 관리하기",경리 사무원,경리장부정리원,고졸~대졸(4년),관계없음,월급 215만원 ~ 215만원,고용형태,부산광역시 강서구 화전산단2로 69-5 (화전동),1명,2026-09-08 20:59:35
https://www.jobkorea.co.kr/Recruit/GI_Read/5606269/Ext?siteCode=WN&sc=,531200,"[용당요양병원 조리사] 안녕하세요 용당요양병원입니다. 주방에서 근무하실 조리사를 모집합니다. 스케줄 근무로 휴일 근무 시 평일 대체 휴무 적용합니다. 월 평균10일 휴무이며 미사용 연차는 정산해 드립니다. 초보도 가능합니다 배우면서 성장하실 분도 환영합니다. 조리.설거지.배선.청소 업무입니다. ※ 책임감 가지고 열심히 하실 분으로 모십니다. ※ 근무조건 ● 근무시간 06:00~18:00 (휴게시간 3시간 포함) 스케줄표에 의한 근무. 명절근무 가능자 토, 일, 공휴일 기준 매달 휴일 조정 (평균 10일) ● 임금 - 조리사 월급 2,500,000원 이상 (면허 수당 별도지급) 식사 제공/ 퇴직연금/ 4대보험/ 연차 ● 우대사항 - 인근거주자",한식 조리사,한식조리사,학력무관,관계없음,월급 250만원 ~ 250만원,고용형태,"부산광역시 남구 신선로 429, 용당요양병원 (용당동)",2명,2026-09-08 20:59:35
https://www.jobkorea.co.kr/Recruit/GI_Read/5605789/Ext?siteCode=WN&sc=,561101,"=============== **사상구청 채용대행** =============== *범천경남아파트 - 아파트 단지 내 미화업무 - 주6일/ 평일 09:00~15:30, 토요일 09:00~12:00 - 임금1,614,660원 * 담당자와 통화 후 면접시간, 장소 안내 받으시길 바랍니다. - 사상구청 일자리센터 051-310-5195","건물 청소원(공공건물,아파트,사무실,병원,상가,공장 등)",-,학력무관,관계없음,월급 161만원 ~ 161만원,고용형태,"부산광역시 부산진구 신암로 32 (범천동, 범천경남아파트)",1명,2026-09-08 20:59:35
https://www.jobkorea.co.kr/Recruit/GI_Read/5605861/Ext?siteCode=WN&sc=,615205,수영구 팔도시장내 농심가슈퍼마켓에서 농산물 하차 작업 및 판매등 슈퍼마켓에서 근무할 직원을 구합니다. 인근지역 근무자 우대합니다.,일반상점(슈퍼) 판매원,-,학력무관,관계없음,"시급 10,320원 이상",고용형태,"부산광역시 수영구 수영로705번길 43, 팔도시장내 농심가슈퍼마켓 (수영동)",1명,2026-09-08 20:59:35
https://www.jobkorea.co.kr/Recruit/GI_Read/5606859/Ext?siteCode=WN&sc=,140203,"건축시공및안전관리자, 현장관리,토목기사자격증소지자우대",건축시공 기술자(건축견적 포함),건축시공기술자,학력무관,관계없음,"연봉 4,300만원 이상",고용형태,"부산광역시 기장군 장안읍 좌천로 109, 201호",2명,2026-09-08 20:59:36
https://www.jobkorea.co.kr/Recruit/GI_Read/5606723/Ext?siteCode=WN&sc=,232903,"* 괘법동 사상 광장 인근 거주 - 50대 (뇌병변 여성) - 목욕 도움, 운동 도움, 가사 전반 - 근무시간 : 월~금 (09:00~14:30) - 장애인활동보조교육 이수 필수 - 임금 : 시급 13,400원",장애인 생활지도원(장애인활동보조원 포함),-,학력무관,관계없음,"시급 10,320원 ~ 13,400원",고용형태,"부산광역시 사상구 사상로 201, 인근 (괘법동)",1명,2026-09-08 20:59:36
https://www.jobkorea.co.kr/Recruit/GI_Read/5605802/Ext?siteCode=WN&sc=,550102,80대중반 4등급 여자 어르신/ 독거,재가 요양보호사,재가노인요양사,학력무관,신입,"시급 10,320원 ~ 10,320원",고용형태,"부산광역시 수영구 장대골로7번길 45 (광안동, 광안유림노르웨이아침)",1명,2026-09-08 20:59:36
https://www.jobkorea.co.kr/Recruit/GI_Read/5606858/Ext?siteCode=WN&sc=,026501,"-총무 및 일반사무업무 -생산관리 서류보조업무 3개월 계약직후 정규직 전환 퇴직연금 있음 월,화 목 금요일 근무 08시-18시 수요일 근무 08시-16시30분",총무 및 일반 사무원,-,학력무관,관계없음,"연봉 3,000만원 이상",고용형태,"부산광역시 강서구 과학산단1로103번길 8, 지사동 (지사동)",1명,2026-09-08 20:59:36
https://www.jobkorea.co.kr/Recruit/GI_Read/5606107/Ext?siteCode=WN&sc=,159103,"(주)대창중기계는 건설에서 기초공사에 사용되는 지하굴착기 및 부대제품을 생산하는 회사로서 사내도면 작업 및 제품 품질관리 관련업무를 하는 사무실 사원을 모집합니다. 자차 출,퇴근 가능한 분.",기계·금속 제도사(캐드원),-,대졸(2~3년)~대졸(4년),경력,"연봉 3,900만원 ~ 4,000만원",고용형태,"부산광역시 강서구 울만로25번길 143-16, 대창중기계",1명,2026-09-08 20:59:36
https://www.jobkorea.co.kr/Recruit/GI_Read/5606724/Ext?siteCode=WN&sc=,232903,"* 구포역인근 아파트 거주 - 10대 뇌병변 남아 - 학교동행, 치료실 이동등 **자차필수** - 근무시간: 월~금 07:00~15:00 - 장애인활동보조교육 이수 필수 - 시급 13,400원(제수당포함)",장애인 생활지도원(장애인활동보조원 포함),-,학력무관,관계없음,"시급 13,400원 ~ 13,400원",고용형태,"부산광역시 북구 구포만세길 82, 인근 아파트 (구포동)",1명,2026-09-08 20:59:36
https://www.jobkorea.co.kr/Recruit/GI_Read/5612594/Ext?siteCode=WN&sc=,222001,-개인회생파산 업무(경력자 우대) -근무시간: 09-18시(유연근무 가능) * 부산고용센터 채용대행건으로 구직활동만을 위한 지원은 자재 부탁드립니다.,"법률 사무원(법원, 로펌, 법무사무소 등)",-,학력무관,경력,월급 300만원 ~ 500만원,고용형태,"부산광역시 연제구 법원남로 11 (거제동, 효정빌딩)",2명,2026-09-08 20:59:36
https://www.jobkorea.co.kr/Recruit/GI_Read/5605484/Ext?siteCode=WN&sc=,550102,"70세 할아버지 4등급 기초 수급자 근무기간 : 월~금(주5일) 근무시간 08:30~11:30 혹은 09:00~12:00(3시간) 병원동행, 일상생활지원 , 주차가능 전화번호 : 051-936-2018",재가 요양보호사,-,학력무관,관계없음,"시급 13,000원 ~ 13,000원",고용형태,"부산광역시 해운대구 우동2로30번길 28, . (우동)",1명,2026-09-08 20:59:37
https://www.jobkorea.co.kr/Recruit/GI_Read/5604846/Ext?siteCode=WN&sc=,550102,"대상자 : 4등급 /여자/ 85세/ 화장실 이동 가능하심. 시간 : 주5일, 오전 08:30~11:30, 업무 : 가사 및 일상생활지원,주변정리정돈, 정서지원,산책동행, 병원동행(필요시) 등, 시급 : 포괄시급 13,100원(시급+주휴수당+연차수당 등 제수당포함)",재가 요양보호사,-,학력무관,관계없음,"시급 10,320원 ~ 10,320원",고용형태,"부산광역시 기장군 정관2로 24, . (정관신도시 휴먼시아2단지)",1명,2026-09-08 20:59:37
https://www.jobkorea.co.kr/Recruit/GI_Read/5605849/Ext?siteCode=WN&sc=,550102,"[연산동] 재가요양보호사 선생님 모집합니다 - 3등급 여자어르신 / 84세 / 독거 - 09:00-12:00 / 주3일 (월수금) - 식사, 빨래, 청소 등 가사 지원 - 포괄시급 : 13,000원(제수당포함)",재가 요양보호사,-,학력무관,관계없음,"시급 10,320원 ~ 10,320원",고용형태,"부산광역시 연제구 고분로 136, 다동 (연산동, 진일아파트)",1명,2026-09-08 20:59:37
https://www.jobkorea.co.kr/Recruit/GI_Read/5605637/Ext?siteCode=WN&sc=,905300,연근해 어업 업무 보조,어업 관련 단순 종사원,-,학력무관,관계없음,월급 215만원 ~ 215만원,고용형태,"부산광역시 사하구 다대동로 49-1, 다대 부산인근 앞바다 (유림 예다움아파트)",1명,2026-09-08 20:59:37
https://www.jobkorea.co.kr/Recruit/GI_Read/5605606/Ext?siteCode=WN&sc=,231201,"1. 팀장급여 : 청소년사업지침 및 센터 운영규정, 예산 범위 내에서 결정 2. 팀장업무 : 청소년상담복지센터 사업 운영 총괄, 청소년사업 예산관리 및 사업 운영 등 3. 응시자격 : 1) 상담복지 분야 박사학위를 취득하거나 과정을 이수한 사람 2) 다음의 요건을 모두 갖춘 사람 가) 상담복지 분야 석사학위 이상의 학위를 취득한 사람 나) 청소년상담복지 관련 실무 경력이 2년 이상인 사람 3) 청소년상담사 2급 이상인 사람 4) 청소년상담복지센터에서 청소년대상 실무업무를 3년 이상 수행한 사람 (*자세한 내용 공고문 참고) 4. 근무조건 : 주40시간(사업 특성상 방과 후 또는 토요일, 휴일 근무를 할 수 있음.) (* 2026년 근무 평정에 따라 계약연장 검토) 5. 채용방법 ○ 1차 서류심사 : 9. 16.(수) ○ 2차 면접심사 : 9. 17.(목) 예정 ○ 합격자 개별통보 6. 제출서류 ○ 응시원서, 이력서, 자기소개서 각 1부. ○ 최종학력 또는 졸업증명서ㆍ성적증명서 각 1부. ○ 자격증 사본, 경력증명서(해당자에 한함) 각 1부. ○ 건강보험자격득실확인서(응시원서에 기재된 부분) 1부. ○ 기타 이력서 기재 내용과 관련된 증빙자료 ○ 개인정보 제공 동의서 1부. ○ 범죄 및 아동학대 관련 범죄전력조회(최종합격자만 해당) 1부. 7. 원서 접수 ○ 접수기간 : 2026. 9. 1.(화) ~ 2026. 9. 15(화)(※18:00까지 도착분에 한함) ○ 접수방법 : 방문 및 우편접수(※방문접수는 평일 근무시간만 가능) ○ 접수장소 : 부산진구청소년상담복지센터(부산진구 동평로 405번길 85, 2층)",심리상담 전문가,심리상담전문가,대졸(4년)~박사,경력,월급 246만원 이상,고용형태,"부산광역시 부산진구 동평로405번길 85, 2층, 부산진구청소년상담복지센터 (양정동, 2층)",1명,2026-09-08 20:59:37
https://www.jobkorea.co.kr/Recruit/GI_Read/5605494/Ext?siteCode=WN&sc=,550102,"4등급 35년생 여자 어르신 케어 - 근무시간 : 주 6일 / 오전 10시 - 13시 (3시간) - 근무내용 : 신체지원, 가사지원, 정서지원 요양보호사 자격증, 건강진단서(채용시 제출) - 포괄시급 13,000원 (기본급 (10,320원)+연차수당+주휴수당+기타수당)",재가 요양보호사,재가요양보호사,학력무관,경력,"시급 10,320원 이상",고용형태,"부산광역시 남구 전포대로20번길 15, 1 (문현동, 문현동삼성아파트)",1명,2026-09-08 20:59:37
https://www.jobkorea.co.kr/Recruit/GI_Read/5605147/Ext?siteCode=WN&sc=,881103,▶그라비아 인쇄 기사님 채용◀ 기술배우실분도 가능합니다. ▶꼭 하실분만 지원부탁드립니다 ▶연령무관하며 청년층 지원 가능 *점심 제공 *연차 *퇴직연금 * 1년후부터 보너스 150%,그라비어 인쇄기 조작원,그라비아윤전기조작원,학력무관,관계없음,월급 280만원 이상,고용형태,부산광역시 사상구 사상로433번길 23 (모라동),3명,2026-09-08 20:59:37
https://www.jobkorea.co.kr/Recruit/GI_Read/5605635/Ext?siteCode=WN&sc=,890006,"수산물 회사이고, 절단과 지게차 가능한 경력자 구합니다 . 토요일 격주 근무",식품 분야 단순 종사원,식품분야 단순노무자,학력무관,경력,월급 250만원 이상,고용형태,"부산광역시 사하구 장평로83번길 15, (장림동) (장림동)",1명,2026-09-08 20:59:38
https://www.jobkorea.co.kr/Recruit/GI_Read/5605525/Ext?siteCode=WN&sc=,550102,"- 초량동 4등급 할머니 - 14:00~16:00, 월,화,목,금 주4일 - 가사 및 방문요양업무 지원 등 -포괄시급:13,500원 (시급+연차수당+주휴수당 등 제수당 포함) * 실제 서비스 제공기간에 따라 임금을계산하여 지급하는 형태로 채용 시 근로자마다 주소정근로시간이나 임금, 근무(예정)지 등에 차이가 있을 수 있음.",재가 요양보호사,-,학력무관,관계없음,"시급 10,320원 이상",고용형태,"부산광역시 동구 초량중로 43-1, . (초량동, 골드캐슬2)",1명,2026-09-08 20:59:38
https://www.jobkorea.co.kr/Recruit/GI_Read/5604935/Ext?siteCode=WN&sc=,231100,"주간보호센터 가산사회복지사 채용 -주요업무: 주간보호센터 이용자 및 서류,프로그램 관리, 송영서비스 등(1종보통) -월~토 8:00 ~ 17:00(주40시간, 토요 근무 시 대체휴무 지급) -성실하게 일하실분 연락주세요~ -기장,정관 거주자 우대",사회복지사,-,학력무관,관계없음,월급 216만원 이상,고용형태,부산광역시 기장군 장안읍 장안산단4로 17,1명,2026-09-08 20:59:38
https://www.jobkorea.co.kr/Recruit/GI_Read/5605526/Ext?siteCode=WN&sc=,550102,"- 초량 3등급 할머니 - 9:00~12:00, 주2일 - 가사 및 방문요양업무 지원 등 -포괄시급:13,000원 (시급+연차수당+주휴수당 등 제수당 포함) * 실제 서비스 제공기간에 따라 임금을계산하여 지급하는 형태로 채용 시 근로자마다 주소정근로시간이나 임금, 근무(예정)지 등에 차이가 있을 수 있음.",재가 요양보호사,-,학력무관,관계없음,"시급 10,320원 이상",고용형태,"부산광역시 동구 초량중로 14, . (초량동, 애뜰안)",1명,2026-09-08 20:59:38
https://www.jobkorea.co.kr/Recruit/GI_Read/5604934/Ext?siteCode=WN&sc=,027200,"[모집직무] 경리, 매출 관리, 경영 지원 등 [직무소개] 우리 회사는 꾸준히 성장하고 있는 분야에서 활동하고 있습니다. 본 채용을 통해 경리 및 매출 관리 업무를 책임지고 회사의 지속적인 발전에 기여할 지원자를 찾고 있습니다. [주요업무] - 일반 경리 업무 관리 - 매입 매출 관리 - 세금계산서 발행 및 수취 - 매출 분석 및 보고 - 영업 서포트 관리 - 재무 계획 및 예산 관리 [수습기간] 채용 시 입사일 기준으로 수습기간 3개월(90일) 있습니다.",경리 사무원,-,대졸(4년),신입,"연봉 3,000만원 이상",고용형태,"부산광역시 동래구 동래로 117, 상가2층 204호 (복천동, 명륜아이파크2단지)",1명,2026-09-08 20:59:38
https://www.jobkorea.co.kr/Recruit/GI_Read/5605370/Ext?siteCode=WN&sc=,550102,"[금정구 남산동] 신전원빌라 4등급 요양보호사 채용 ○ 금정구 청룡로 53번길 14-7 / 남산동 신전원빌라 ○ 대상자 : 남자 / 80대 후반 / 거동가능 / 부부거주 ○ 근무일시 : 주 5일, 13:30~16:30 ○ 일상생활 지원 및 가사지원 ○ 포괄시급 : 13,200원 (시급+주휴수당+연차수당 등 제수당 포함 ▶ 지원문의 : 051-888-6911 * 실제 서비스 제공 기간에 따라 임금을 계산하여 지급하는 형태로 채용 시 근로자마다 주 소정근로시간이나 임금, 근무(예정)지 등에 차이가 있을 수 있음.",재가 요양보호사,-,학력무관,관계없음,"시급 10,320원 ~ 10,320원",고용형태,"부산광역시 금정구 청룡로53번길 14-7, .. (남산동, 신전원빌라)",1명,2026-09-08 20:59:38
https://www.jobkorea.co.kr/Recruit/GI_Read/5605592/Ext?siteCode=WN&sc=,306501,"** 근무 필수 조건 ** 1. 어르신들과 밝게 대화 가능한 분 2. 타 직원들과 원활한 관계 유지가 가능한 분 3. 본인 업무에 책임감 있으신 분 ** 주요 수행 직무 ** 1. 물리치료 관련 서류 및 업무 수행 2. 어르신 송영 차량 운전 3. 남자 어르신 목욕 보조 4. 어르신 관련 전반적인 업무 수행 5. 기타 시설장 업무지시사항 수행 **2개월 수습기간 있으며, 금액감액있으나 수습지나고 계속 근무시 지급될수있습니다.**",물리치료사,물리치료사,학력무관,관계없음,월급 235만원 ~ 235만원,고용형태,"부산광역시 연제구 연동로8번길 54, 참빛노인복지센터 (연산동, 경복빌딩)",1명,2026-09-08 20:59:38
https://www.jobkorea.co.kr/Recruit/GI_Read/5605605/Ext?siteCode=WN&sc=,029904,"1. 담당업무 : 견적관련 업무 (계약직) 2. 근무시간 : 09시~18시 ( 월~금(주5일))-법정공휴일 휴무 3. 급여 : 시급 10,320 (중식제공 : 일식 만원상당) 4. 보험 : 4대보험가입 5. 단기계약직 : 6개월 (회사 사정에 따라 추후 연장될수 있습니다.)",사무 보조원(일반사업체),문서수발원(일반사업체),학력무관,관계없음,"시급 10,320원 이상",고용형태,"부산광역시 영도구 해양로111번길 6, (주)윈테코마린엔지니어링 (청학동)",1명,2026-09-08 20:59:39
https://www.jobkorea.co.kr/Recruit/GI_Read/5605485/Ext?siteCode=WN&sc=,550102,"4등급여자 어르신 주5회 9:00~12:00(1일3시간근무) 일상생활지원, 산책지원 - 시급13,000(기본급+제세수당포함)",재가 요양보호사,재가요양보호사,학력무관,신입,"시급 10,320원 ~ 10,320원",고용형태,"부산광역시 해운대구 재송동 재송2로 256, 101 (재송동, 센텀에이스아파트)",1명,2026-09-08 20:59:39
https://www.jobkorea.co.kr/Recruit/GI_Read/5605863/Ext?siteCode=WN&sc=,550102,"- 43년생 여, 4등급 - 근무지 : 해운대구 센텀동로 123 (재송동,더샵센텀스타) - 근무시간 : 월~금 (주5일) 09:30~12:30 - 근무내용 : 가사지원 및 신체활동지원 - 시급 : 13,400원(수당포함) **051-701-1676",재가 요양보호사,재가요양보호사,학력무관,관계없음,"시급 13,400원 ~ 13,400원",고용형태,"부산광역시 해운대구 센텀동로 123, C동 (재송동, 더샵센텀스타아파트)",1명,2026-09-08 20:59:39
https://www.jobkorea.co.kr/Recruit/GI_Read/5605544/Ext?siteCode=WN&sc=,550102,"▷ 업체명 : 돌봄사회적협동조합 ▷ 대상자 : C등급 76년생 여자 ▷ 업무내용: 청소 및 정리, 말벗, 일상거동 문제 없음 ▷ 근무장소 : 모라동원타운 인근 ▷ 근무시간: 주2일 09:00시~12:00 (월, 목) ▷ 급여: 시급 13,000원(시급 10,320원 + 주휴 등 제수당포함) ***다만, 실제 서비스 제공기간에 따라 임금을 계산하여 지급하는 형태로 채용시 근로자마다 주 소정시간 이나 임금, 근무지 (예정)지 등에 차이가 있을 수 있습니다. 자세한 사항은 근로계약 진행시 채용담당자와 협의하시길 바랍니다",재가 요양보호사,재가요양보호사,학력무관,관계없음,"시급 13,000원 ~ 13,000원",고용형태,부산광역시 사상구 모라로88번길 13-5,1명,2026-09-08 20:59:39
https://www.jobkorea.co.kr/Recruit/GI_Read/5605579/Ext?siteCode=WN&sc=,541900,"시설경비, 출입통제등의 특수경비업무 1. 현장소개 명 칭 : (주)강남 주 소 : 부산광역시 사하구 구평로 16번길 71 2. 근무사항 근무시간 : (주간)08:00~17:00 (야간)17:00~익일08:00 근무패턴 : 3조2교대(주간2일 야간2일 휴무2일) 급 여 : 월 272만원 전후 복리후생 : 식사 및 피복 제공 / 4대보험 모집직종 : 보안요원 근무예정일 : 채용 즉시 3.지원자격 -적극적이고 능동적으로 업무에 일하실 분 -책임감 강하고 성실하신 분 -유단자/ 군전역 간부 우대 -특수경비원교육이수자 필수",기타 경호 및 보안 관련 종사원,-,학력무관,관계없음,월급 272만원 이상,고용형태,"부산광역시 사하구 구평로16번길 71, (주)강남 (구평동)",1명,2026-09-08 20:59:39
https://www.jobkorea.co.kr/Recruit/GI_Read/5605614/Ext?siteCode=WN&sc=,550101,1. 주간보호센터 내 요양보호사 업무 2. 어르신 케어 및 일상생활 지원 3. 이동 및 송영보조 4. 프로그램 보조 및 정서지원,요양보호사(노인요양사),노인요양사,학력무관,관계없음,월급 216만원 이상,고용형태,부산광역시 금정구 오륜대로 74 (부곡동),1명,2026-09-08 20:59:39
https://www.jobkorea.co.kr/Recruit/GI_Read/5605639/Ext?siteCode=WN&sc=,532200,"- 근무내용 : 전반적인 홀보조, 간단한 주방보조 - 근무시간 : 스케줄근무 10:00 ~ 21:00(식사시간포함 휴게시간 2시간 30분) * 휴무일 : 기본 월 6회 휴무 + 법정 공휴일 일수만큼 추가 + 연차 - 급 여 : 월 268만원(연장에 따라 차이 있을수 있음) - 우대사항 : 인근거주자, 장기근무 가능자 -지원방법- 월요일~금요일 전화문의 및 문자문의 토요일, 일요일, 기타공휴일 문자문의(이름/뷔페홀보조 지원합니다)만 가능",식음료 서비스 종사원,-,학력무관,관계없음,월급 268만원 ~ 268만원,고용형태,"부산광역시 영도구 절영로 355, (뷔페홀보조팀) (동삼동)",1명,2026-09-08 20:59:39
https://www.jobkorea.co.kr/Recruit/GI_Read/5605640/Ext?siteCode=WN&sc=,532301,"- 근무내용 : 전반적인 홀보조, 간단한 주방보조 - 근무시간 : 스케줄근무 10:00 ~ 21:00(식사시간포함 휴게시간 2시간 30분) * 휴무일 : 기본 월 6회 휴무 + 법정 공휴일 일수만큼 추가 + 연차 - 급 여 : 월 268만원(연장에 따라 차이 있을수 있음) - 우대사항 : 인근거주자, 장기근무 가능자 -지원방법- 월요일~금요일 전화문의 및 문자문의 토요일, 일요일, 기타공휴일 문자문의(이름/홀주방보조 지원합니다)만 가능",주방 보조원(일반 음식점),-,학력무관,관계없음,월급 268만원 ~ 268만원,고용형태,"부산광역시 영도구 절영로 355, (홀주방보조팀) (동삼동)",1명,2026-09-08 20:59:40
https://www.jobkorea.co.kr/Recruit/GI_Read/5605638/Ext?siteCode=WN&sc=,550101,"1. 모집분야 및 자격 가. 모집분야: 요양보호사 나. 채용구분: 계약직 (계약기간:26.10.1~27.9.30) ※계약기간 만료 후, 상용직 전환검토 다. 담당업무: 송영서비스(입퇴소서비스) 차량운전 및 보조, 주간보호서비스 어르신 케어, 프로그램 진행 및 보조, 센터 내 환경정리 라. 인원 : 요양보호사 1명 ※ 3개월 수습기간 있으며, 평가를 통해 채용이 취소될 수 있음. 마. 필수자격 : 요양보호사 자격증, 자동차 운전면허 1종보통 ※ 스타렉스 운전 가능 바. 사회복지사업법에 따라 사회복지시설 종사자 결격사유에 해당되지 않는 자 사. 범죄경력 조회 시 결격사유가 없는 자 2. 제출서류 ○ 이력서(센터 양식), 자기소개서, 개인정보이용동의서, 특수관계 부존재 각서(첨부파일참조) ○ 자격증 사본 각 1부. (서류심사 합격자에 한함/ 2차 면접심사 시 제출) 3. 서류접수 가. 접수기간 : 2026년 09월 02일 ∼ 9월 21일까지 (20일간) 나. 접수방법 : 방문접수, 이메일, 우편 ※센터 양식 이력서, 서명필수, 접수기간 내 도착서류.​​ 다. 접 수 처 : 부산광역시 사하구 제석로95번길35(당리동,환희노인주간보호센터) 4. 채용방법 가. 1차 서류심사 나. 2차 면접심사 (서류심사 합격자에 한해 면접일시 개별 통보) 다. 합격자발표: 홈페이지 게시 및 개별통보 5. 급여기준 ○ 기본급(월209시간) : 월 2,156,880원 (공제전/주휴포함) - 설, 추석 효도수당 지급(5만원~20만원/근속연수에 따라 차등지급) - 장기근속수당 : 1~2년-월5만원,3~4년-월14만원, 5~6년-월16만원, 7년-월18만원 (노인장기요양보험법에 따름) - 하계휴가비 및 본인 생일 상품권 지급 - 연장, 휴일수당은 실제 근속시수에 따라 산출하여 추가지급 6. 근무시간 가. 8시 ~ 17시 / 휴게시간 1시간 나. 토요일 근무 / 평일 대체휴무 제공 7. 문의: 사회복지사 송정미 / ☎ 051)203-9466 ※접수된 서류는 직원채용 용도로만 활용됩니다. 최종합격자를 제외한 응시자의 제출서류는 개인정보 보호를 위하여 제출자의 요청에 따라 반환 또는 채용확정일 후 30일 이후 폐기합니다. ※적격자가 없을 경우 채용하지 않을 수 있으며, 합격 통지 후라도 이력서 및 자기소개서 허위기재, 신원(범죄경력)조회 및 신체검사결과 등 결격사유 발생 시 합격은 취소될 수 있습니다.",요양보호사(노인요양사),요양보호사,학력무관,관계없음,월급 215만원 이상,고용형태,"부산광역시 사하구 제석로95번길 35, 환희노인주간보호센터 (당리동)",1명,2026-09-08 20:59:40
https://www.jobkorea.co.kr/Recruit/GI_Read/5605862/Ext?siteCode=WN&sc=,550102,기장군 정관1로 4등급 여자어르신 시급: 13.000원 (기본급 10.320+제수당 포함) 근무시간: 오전 11:00-14:00(월~금) 11시이후부터 시간조정가능 근무예정지: 정관 이지더원1차 채용담당자: 051-727-9970,재가 요양보호사,재가요양보호사,학력무관,관계없음,"시급 10,320원 이상",고용형태,"부산광역시 기장군 정관1로 18, 0000 (이지 더원1차 아파트)",1명,2026-09-08 20:59:40
https://www.jobkorea.co.kr/Recruit/GI_Read/5606423/Ext?siteCode=WN&sc=,231100,1) 모집분야 : 사회복지사 1명 2) 담당업무 - 방문요양 사회복지사 업무 전반 - 기타 이외의 지정하는 업무 3) 자격요건 - 제2종 보통운전면허 이상 소지 및 운전가능자 우선 - 사회복지사 자격증 소지자(2급 필수),사회복지사,-,학력무관,관계없음,월급 216만원 ~ 216만원,고용형태,부산광역시 연제구 과정로 307 (연산동),1명,2026-09-08 20:59:40
https://www.jobkorea.co.kr/Recruit/GI_Read/5606601/Ext?siteCode=WN&sc=,813213,"[모집분야]NC/CNC 오퍼레이터 시급 :10,320 근무시간 : 월,화,목,금 7:30~19:00 수, 격주토 7:30~16:30 식사제공,퇴직연금가입.",기타 금속공작기계 조작원 및 보조원,CNC밀링기보조원,학력무관,관계없음,"시급 10,320원 ~ 10,320원",고용형태,"부산광역시 강서구 미음국제7로가길 9, 1 (미음동)",1명,2026-09-08 20:59:40
https://www.jobkorea.co.kr/Recruit/GI_Read/5606602/Ext?siteCode=WN&sc=,232903,"*근무지 - 부산 기장군 일광 *대상자 - 지적장애 10대 초등여학생 *근무시간 - 바우처시간 120시간 학기중 월 ~ 금 주5일근무 (근무시간 13:30 또는 14:20 부터 3시간~3.5시간 근무 방학때 : 현재근무시간은 미정이나 조율.. 오전 9시부터 17시정도(휴게시간 포함)) - 장애인활동지원사가 하는 전반적인 업무 중 사회,신체활동 지원 * 신체활동 - 개인위생관리,식사도움 * 사회활동 - 하원동행 및 외출시동행보조) - 근무시작일 - 계약후 근무가능 * 장애인활동지원사 교육 이수자만 가능",장애인 생활지도원(장애인활동보조원 포함),장애인활동지원사,학력무관,관계없음,"시급 10,320원 이상",고용형태,"부산광역시 기장군 해빛5로 14, 일광 대성베르힐 (일광 대성베르힐)",1명,2026-09-08 20:59:40
https://www.jobkorea.co.kr/Recruit/GI_Read/5607080/Ext?siteCode=WN&sc=,307500,외래 전반적인 직무 (어시스트 접수수납등),간호조무사,-,학력무관,경력,월급 240만원 이상,고용형태,부산광역시 기장군 정관읍 정관로 579,1명,2026-09-08 20:59:40
https://www.jobkorea.co.kr/Recruit/GI_Read/5607197/Ext?siteCode=WN&sc=,550100,"[주요 업무] 어르신 일상생활 지원 (식사, 목욕, 이동, 보조 등) 신체적, 정신적 지원 및 건강 상태 체크 어르신의 안전 관리 및 복지 향상 활동 어르신 송영, 프로그램 활동 보조 기타 관련 어르신 돌봄 업무 수행 어르신들의 생활 환경 청결 유지 [자격 요건] 요양보호사 자격증 소지자 어르신과의 원활한 의사소통 능력 책임감 있고 성실한 자세 실제 운전가능하신 분, 운전면허 보유 [근무조건] 근무시간: 주 5일, 8:30~18:00 (휴게포함) 급여: 면접 후 협의 [지원방법] 제출 서류: 이력서, 자기소개서 (연락처 필수기재) 접수 방법: 이메일지원, 방문 접수 어르신들의 행복을 함께 만들어갈 따뜻한 마음을 가진 요양보호사분들의 많은 지원을 기다립니다. 라움데이케어센터와 함께 더 나은 세상을 만들어가요!",요양보호사,-,학력무관,관계없음,월급 215만원 이상,고용형태,"부산광역시 부산진구 동성로 110, 라움데이케어센터 (전포동)",1명,2026-09-08 20:59:41
https://www.jobkorea.co.kr/Recruit/GI_Read/5607088/Ext?siteCode=WN&sc=,550101,"- 어르신 케어 업무 - 매월 근무표에 따른 주,야간 교대근무 (협의 가능)",요양보호사(노인요양사),요양보호사,학력무관,관계없음,월급 215만원 ~ 250만원,고용형태,"부산광역시 강서구 명지국제2로28번길 34 (명지동, 에코팰리스)",1명,2026-09-08 20:59:41
https://www.jobkorea.co.kr/Recruit/GI_Read/5607452/Ext?siteCode=WN&sc=,140300,"토목엔지니어링 회사입니다. 오래 함께 일할 수 있는 인재를 모집합니다. - 비전공자, 고졸, 해당분야 신입 가능 - 계측, 측량, 지반조사, 공동조사, 현장조사 및 보고서 작성 등 - 관련 분야 토목 학과 이상 졸업자 우대 - 경력자 우대 ▶ 토목 기술을 배우고 싶은 열정을 가진 분은 부담없이 지원해 주세요:) 홈페이지 : http://www.dongbangeng.co.kr/",토목공학 기술자,-,학력무관,관계없음,"연봉 2,800만원 이상",고용형태,부산광역시 금정구 체육공원로 622 (두구동),2명,2026-09-08 20:59:41
https://www.jobkorea.co.kr/Recruit/GI_Read/5606927/Ext?siteCode=WN&sc=,890000,* CNC 버튼 조작하여 제품 가공 * 필요시 조립 및 포장 업무 지원 * 정리정돈,기타 제조 관련 단순 종사원,단순조립원,학력무관,관계없음,"연봉 3,000만원 ~ 3,000만원",고용형태,"부산광역시 강서구 미음산단로 394, GP INTERNATIONAL (미음동)",1명,2026-09-08 20:59:41
https://www.jobkorea.co.kr/Recruit/GI_Read/5607087/Ext?siteCode=WN&sc=,026202,"[모집직무] 영업 관리 및 일반 사무 업무 [직무소개] 클라크지게차는 1903년 설립된 세계적인 지게차 브랜드입니다. 클라크지게차부산(주)에서는 신차 판매, 렌탈, 중고 매매, 부품, A/S 등 지게차 전문 서비스를 제공합니다. 본 채용은 영업 관리 및 일반 사무 업무, 컴퓨터 활용 등 전반적인 영업 지원 업무를 담당하게 됩니다. [주요업무] - 영업 지원 사무 - 일반 사무 업무 처리 - 컴퓨터 활용 및 데이터 관리 - 거래처 관리 [수습기간 3개월 적용] - 수습기간 2,600,000, 이후 2,800,000 (급여는 식대 포함입니다.) - 상여금은 1년 경과후 적용",영업 기획·관리·지원 사무원,-,학력무관,관계없음,월급 260만원 ~ 280만원,고용형태,부산광역시 강서구 미음산단로295번길 15 (미음동),1명,2026-09-08 20:59:41
https://www.jobkorea.co.kr/Recruit/GI_Read/5604936/Ext?siteCode=WN&sc=,852103,"- 수동 고무유압프레스 기기 조작 및 성형 작업 - 원재료 재단, 원재료 투입, 금형 탈거 및 간단한 제품 사상 작업 생산 제품의 외관 검사 및 수량 파악 마감 청소 우대사항: * 고무 성형 및 프레스 작업 유경험자 우대 인근 거주자 및 장기 근속 희망자 현장 작업에 적합한 성실한 태도를 갖추신 분 체력적으로 성실하고 꼼꼼한 업무 수행이 가능하신 분 상여금 회사 사정에 따라 지급여부 결정",고무 프레스기 조작원,고무유압프레스기조작원,학력무관,관계없음,월급 238만원 이상,고용형태,부산광역시 사상구 사상로477번길 52,1명,2026-09-08 20:59:41
https://www.jobkorea.co.kr/Recruit/GI_Read/5607281/Ext?siteCode=WN&sc=,890005,선박 단순 전기 설치 보조공 모집합니다.,전기·전자 분야 단순 종사원,전기분야 단순노무자,학력무관,관계없음,월급 216만원 ~ 216만원,고용형태,"부산광역시 영도구 태종로 233, (봉래동5가) (봉래동5가)",20명,2026-09-08 20:59:42
https://www.jobkorea.co.kr/Recruit/GI_Read/5607279/Ext?siteCode=WN&sc=,028301,선용품 재고 관리 업무 (입출고 전산 관리) 항공 및 해상 수출 포워더 업무,항공 운송 사무원,항공포워더,고졸~대졸(4년),관계없음,월급 270만원 ~ 300만원,고용형태,"부산광역시 영도구 남항서로 6-1, 2층 (남항동3가)",1명,2026-09-08 20:59:42
https://www.jobkorea.co.kr/Recruit/GI_Read/5607277/Ext?siteCode=WN&sc=,550101,"- 주간보호센터 요양보호사 - 어르신 돌봄, 자체프로그램이용 일지 작성 - 어르신 송영 - 1종운전면허 소지자 (12인승 운전가능자) - 3개월 수습기간",요양보호사(노인요양사),요양보호사,학력무관,경력,월급 215만원 이상,고용형태,부산광역시 남구 용호로159번길 108 (용호동),1명,2026-09-08 20:59:42
https://www.jobkorea.co.kr/Recruit/GI_Read/5607375/Ext?siteCode=WN&sc=,307500,"접수, 치료실, 탕전업무등 전반적인 한의원 업무에 대한 교육후 근무하게 됩니다. 성실하시며 친화력 좋으신 분을 우대합니다. 전자차트 사용중이라 기본 컴퓨터 사용은 가능하신 분이셔야 합니다.",간호조무사,-,학력무관,관계없음,"연봉 2,676만원 ~ 2,676만원",고용형태,부산광역시 북구 금곡대로303번길 2,1명,2026-09-08 20:59:42
https://www.jobkorea.co.kr/Recruit/GI_Read/5604864/Ext?siteCode=WN&sc=,852101,*생산직 ; 성형사출기 기계조작원 *경력무관 *2교대 가능하신 분,고무 사출성형기 조작원,고무사출기조작원,학력무관,관계없음,"시급 10,320원 이상",고용형태,"부산광역시 기장군 정관읍 정관로 801, 유일고무내",1명,2026-09-08 20:59:42
https://www.jobkorea.co.kr/Recruit/GI_Read/5604928/Ext?siteCode=WN&sc=,873102,"* 냉동수산물 제조 가공 업체. - 박스접기, 다듬기(비늘제거작업 등) 단순업무 (칼질있음) - 성실하고 장기근속 가능하신분만 지원 바랍니다. - 경력자 우대",어패류(수산물) 가공기계 조작원,생선해체원,학력무관,관계없음,"시급 10,320원 이상",고용형태,부산광역시 사하구 감천항로 221-5 (구평동),3명,2026-09-08 20:59:42
https://www.jobkorea.co.kr/Recruit/GI_Read/5604929/Ext?siteCode=WN&sc=,231101,"1. 채용 분야 및 인원 1) 선임사회복지사(정규직) 1명 2) 사회복지사(정규직) 1명 2. 직무내용 ○ 사례관리, 서비스제공, 주민조직화사업 전반 ○ 기타 복지관에서 필요로 하는 업무 2. 서류접수기간 : 2026. 9. 1.(화) ~ 2026. 9. 17.(목) 18:00까지 3. 응시원서 교부 및 접수 ❍ 응시원서 교부 입사지원서, 자기소개서, 개인정보수집이용동의서, 특수관계부존재각서 ❍ 응시원서 접수처 사하구종합사회복지관 2층 사무실, saha2014@daum.net 1) 직접제출 : 응시원서를 작성하여 마감일 18시 내 접수처에 제출 2) 우편제출 : 마감일 18시 내 도착분에 한 함. (우)49364 부산 사하구 감내2로 21 사하구종합사회복지관 2층 사무실 3) 전자우편 : 마감일 18시 내 도착분에 한 함. (saha2014@daum.net) ※ 메일제목 : “선임사회복지사 입사지원서 제출” 또는 “사회복지사 입사지원서 제출” / 지원하는 직급(분야)을 제목에 표기하시기 바랍니다. 4.근로계약 ❍ 채용예정일 : 2026년 10월 1일 ※ 정규직 채용 후 3개월 수습계약 적용 ※ 수습기간 중 근무태도 및 업무수행 등에 대한 평가 실시 ※ 평가 결과 계속근로가 부적합하다고 판단되는 경우 기관 규정에 따라 근로 계약을 종료할 수 있음. 5. 채용분야 보수 : 선임사회복지사 1) 보건복지부 「2026년 사회복지시설 종사자 인건비 가이드라인」 (이용시설) 적용 2) 사회복지시설 경력 100% 및 유사경력 80% 인정 「2026년 부산광역시 사회복지법인·시설 업무가이드」 에 따라 호봉 산정 6.기타사항 첨부파일 참고",사회복지사(사회복지시설),"사회복지사(사회복지시설, 노인복지시설, 장애인복지시설 등)",학력무관,경력,월급 228만원 ~ 303만원,고용형태,부산광역시 사하구 감내2로 21 (감천동),2명,2026-09-08 20:59:43
https://www.jobkorea.co.kr/Recruit/GI_Read/5605155/Ext?siteCode=WN&sc=,890000,"* 스포트, 프레스 작업으로 에어컨안전망외 기타제품을 제조하는 업체로 단순 종사원 모집합니다. * 지그(틀)에 부품투입후 단순 작업함:스포트(spot) 용접. 프레스(press) 작업 (소음이 많음-귀마개착용작업) - 단순작업-초보도 견습후 바로 작업가능함 * 수습기간 3개월 후 정직원 전환가능 * 면접시 급여 협의 가능 * 구직희망자만 지원바랍니다.",기타 제조 관련 단순 종사원,-,학력무관,관계없음,월급 230만원 이상,고용형태,"부산광역시 강서구 녹산산업북로 241, 왼쪽 1층사무실 (송정동)",1명,2026-09-08 20:59:43
https://www.jobkorea.co.kr/Recruit/GI_Read/5605113/Ext?siteCode=WN&sc=,231100,"방문요양 사회복지사 모집합니다 * 업무시간 : 주5일, 9:00~18:00 (휴게시간 1시간 포함) * 업무내용 : 어르신댁 방문 및 수급자 상담 외 전체적인 장기요양 행정업무 * 사회복지사 2급이상 필수 * 제출서류 : 이력서, 사회복지사자격증 * 제출방법 : **이메일(woomulga46@daum.net)** 이메일 지원시 메일 제목에 ""(주)비전재가복지센터 사회복지사 지원"" 적어주세요.",사회복지사,-,학력무관,관계없음,월급 215만원 ~ 215만원,고용형태,"부산광역시 동래구 아시아드대로219번길 23, 1층 (온천동)",1명,2026-09-08 20:59:43
https://www.jobkorea.co.kr/Recruit/GI_Read/5604956/Ext?siteCode=WN&sc=,532302,"[의료법인효원의료재단]다대자연요양병원 급식실 직원을 채용합니다. 1.채용분야 : 조리원 1명 2.근무시간 : 6:00~17:30(휴게포함), 3일근무 1일휴무(스케줄근무) 3.근무형태 : 기간의 정함이 없는 근로, 월급여 236만원 4.업무내용 : 조리보조, 식자재전처리 등 5.근무지 : 사하구 장림동 (3,103번 성보냉장/ 사하구6 자연병원 앞)",단체 급식 보조원,-,학력무관,관계없음,월급 236만원 이상,고용형태,"부산광역시 사하구 장평로 1 (장림동, 다대자연병원)",1명,2026-09-08 20:59:43
https://www.jobkorea.co.kr/Recruit/GI_Read/5605143/Ext?siteCode=WN&sc=,028402,"- PT검사 및 밸브치수검사, 부품확인, 현장보조 업무 - 1톤 화물차량 운전 가능하신분 - 밸브회사 유경험자 우대 *근무시간 월,화,목,금: 08시~19:30(휴게시간 11:40~12:40) 수: 08시~16:30 토: 1주 08시~15시/ 3주 08시~17시/ 2,4주 휴무/ 5주 08시~17",자재·구매 사무원(기계·자동차·금속),-,대졸(2~3년)~석사,경력,"연봉 3,900만원 ~ 4,000만원",고용형태,"부산광역시 강서구 화전산단5로38번길 25, . (화전동)",1명,2026-09-08 20:59:43
https://www.jobkorea.co.kr/Recruit/GI_Read/5607083/Ext?siteCode=WN&sc=,550101,"[상락정배산실버빌(노인요양원) 요양보호사 채용] -입소자 건강 및 여가생활 관리(입소자 개별상태파악, -장기요양제공서비스기록지작성관리, 일상생활수발) -단위프로그램 진행보조 -기타업무(조리배식보조, 정기경구약투약보조 등) -요양보호사 자격증(필수) -주야 교대 스케줄 근무(휴게포함)",요양보호사(노인요양사),요양보호사,학력무관,관계없음,월급 215만원 이상,고용형태,부산광역시 수영구 망미배산로76번나길 33 (망미동),2명,2026-09-08 20:59:43
https://www.jobkorea.co.kr/Recruit/GI_Read/5606181/Ext?siteCode=WN&sc=,026200,"블로그광고,후기. 홈페이지 관한 홍보업무 등등",영업 및 마케팅 사무원,-,학력무관,경력,"연봉 2,600만원 ~ 3,000만원",고용형태,부산광역시 부산진구 연수로11번길 5 (양정동),1명,2026-09-08 20:59:43
https://www.jobkorea.co.kr/Recruit/GI_Read/5606641/Ext?siteCode=WN&sc=,029904,"전화 응대 사무 업무 -회계 경리 업무 -재고, 물건 입출고 확인",사무 보조원(일반사업체),문서수발원(일반사업체),학력무관,관계없음,"시급 10,320원 이상",고용형태,부산광역시 서구 암남로14번나길 8-1 (암남동),1명,2026-09-08 20:59:44
https://www.jobkorea.co.kr/Recruit/GI_Read/5606111/Ext?siteCode=WN&sc=,890007,[모집직무] 컴퓨터 운영 가능한자 안전모 입 / 출하 업무 인쇄 지원 업무 운전면허 보유자,"인쇄, 목재, 가구 및 기타 제조 분야 단순 종사원","수포장원(인쇄, 목재, 가구, 기타)",학력무관,관계없음,"연봉 3,000만원 ~ 3,000만원",고용형태,부산광역시 사상구 낙동대로1510번길 16 (삼락동),1명,2026-09-08 20:59:44
https://www.jobkorea.co.kr/Recruit/GI_Read/5607055/Ext?siteCode=WN&sc=,232100,"-위치: 부산 기장군(읍) 소정안길68 내리휴먼시아110동1층(송정 옆) -모집분야: 연장보육교사 -근무시간: 15:00~19:30(휴게시간 30분) -급여 : 1,139,000원 -접수방법: 이메일 주소(pegasusmw@naver.com) -제출서류: 이력서, 자기소개(1차 서류 접수 후 개인 연락드리겠습니다.)",보육교사,어린이집센터장,학력무관,관계없음,월급 113만원 ~ 113만원,고용형태,"부산광역시 기장군 기장읍 소정안길 68, 내리휴먼시아110동1층 (내리휴먼시아)",1명,2026-09-08 20:59:44
https://www.jobkorea.co.kr/Recruit/GI_Read/5606439/Ext?siteCode=WN&sc=,813200,NC 밀링 10호기.8호기등 밀링기계 조작 가능하신분구함 경력자우대,금속 공작기계 조작원,밀링기조작원,학력무관,경력,월급 360만원 ~ 400만원,고용형태,"부산광역시 사상구 새벽로18번길 15, 진성정밀 (학장동)",1명,2026-09-08 20:59:44
https://www.jobkorea.co.kr/Recruit/GI_Read/5606782/Ext?siteCode=WN&sc=,232903,"[초읍동] 장애인활동지원사 모집 - 장애인활동보조교육 이수 필수(채용시 이수증 제출) - 69년생, 남, 정신장애 - 근무시간: 월~금 13:00~17:30 (시간 조절가능) - 근무지역: 삼광사 근방 - 근무내용: 가사지원(청소, 반찬지원) - 포괄시급: 12,980~13,600원(기초시급+ 기타 제수당포함) - 다만, 실제 서비스 제공기간에 따라 임금을 계산하여 지급하는 형태로 채용 시 근로자마다 주 소정근로시간이나 임금, 근무(예정)지 등에 차이가 있을 수 있습니다.",장애인 생활지도원(장애인활동보조원 포함),장애인생활지도원,학력무관,관계없음,"시급 10,320원 ~ 10,320원",고용형태,"부산광역시 부산진구 초읍천로43번길 77, 삼광사 근방 (초읍동)",1명,2026-09-08 20:59:44
https://www.jobkorea.co.kr/Recruit/GI_Read/5606645/Ext?siteCode=WN&sc=,813209,레이져 절단/절곡 업체입니다. 밴딩작업자 1분 모십니다 / 초보자 가능,금속절곡기 조작원(밴딩기 조작원),밴딩기조작원,학력무관,관계없음,"시급 12,500원 ~ 17,000원",고용형태,"부산광역시 강서구 미음국제5로라길 24, 하이원테크 (미음동)",1명,2026-09-08 20:59:44
https://www.jobkorea.co.kr/Recruit/GI_Read/5606425/Ext?siteCode=WN&sc=,890000,수산물 가공업체 유경험자를 모집합니다. 절단가능자 우대 입니다 . 임금의 면접시 협의 가능합니다. 남녀무관 / 연령무관,기타 제조 관련 단순 종사원,권선공,학력무관,경력,월급 215만원 ~ 240만원,고용형태,"부산광역시 서구 원양로 1, B동 504호 (암남동, 수산가공선진화단지)",2명,2026-09-08 20:59:45
https://www.jobkorea.co.kr/Recruit/GI_Read/5606437/Ext?siteCode=WN&sc=,026501,"중고복사기 판매 및 수리, 부품을 판매하는 업체 입니다. 매장관리 및 전산관리(경영박사) , 판매(출고 및 재고관리, 회계관리) 총괄 업무입니다. 전화응대 와 구매응대 가 주 업무 입니다. 판매 및 사무 경력이 있으신분 지원 바랍니다. (엑셀사용필수.) 식대는 별도 지급 (일 6,000원) 공휴일은 휴무 소정근로시간 주40시간 (9시~18시) 추가근로시간 (8시30분~9시) -급여에 포함되어 있음. 따라서 실 근무시간은 8시30~18시까지 월 240만원 + 식대 입니다. (실업급여 를 위한 입사지원은 사절)",총무 및 일반 사무원,총무사무원,학력무관,경력,월급 240만원 ~ 240만원,고용형태,부산광역시 사상구 학장로135번길 122 (학장동),3명,2026-09-08 20:59:45
https://www.jobkorea.co.kr/Recruit/GI_Read/5606112/Ext?siteCode=WN&sc=,816200,조선관련 생산직 신입 및 경력사원 채용 유압호스 및 핏팅류 조립체 제작 업무 조선3사 1차밴드 근무업체 경력사원 우대(HOSE.FITTING),기계 부품 조립원,-,학력무관,관계없음,"연봉 2,600만원 ~ 4,000만원",고용형태,부산광역시 강서구 미음산단3로 156,1명,2026-09-08 20:59:45
https://www.jobkorea.co.kr/Recruit/GI_Read/5606110/Ext?siteCode=WN&sc=,159103,"【레이저가공>레이저가공 설계】도면 해독하기, 전개도 작성하기, 배치도 작성하기, 프로그래밍 하기, 3D 캐드 사용",기계·금속 제도사(캐드원),기계캐드원,대졸(2~3년)~대졸(4년),경력,"연봉 4,500만원 이상",고용형태,"부산광역시 강서구 가달1로 64, (주)제일알루미늄 (생곡동)",1명,2026-09-08 20:59:45
https://www.jobkorea.co.kr/Recruit/GI_Read/5606734/Ext?siteCode=WN&sc=,550102,"* 근무내용: 3등급 80세 여자 어르신, 목욕도움, 화장실 청소 및 정리정돈 * 근무시간: 14:00~16:30(150분) 약간의 시간조정 가능 * 근무요일: 월,수,금(주3회) * 시급: 14,500원(기본시급 10320+주휴,연차) **1년이내 건강검진 결과지 제출 **요양보호사 자격증 필수제출",재가 요양보호사,-,학력무관,관계없음,"시급 10,320원 ~ 14,500원",고용형태,"부산광역시 연제구 고분로 200, 연산엘지아파트 (연산동, 연산엘지아파트)",1명,2026-09-08 20:59:45
https://www.jobkorea.co.kr/Recruit/GI_Read/5605991/Ext?siteCode=WN&sc=,550102,"부산 기장군 일광읍 칠암(만 73세,4등급 여자 어르신) 이용일: 월~토요일시간: 07시~10시 업무: 어르신 집 정리 및 말벗. 시급 13,000(기본시급 10,320원 + 제세수당 별도)",재가 요양보호사,재가요양보호사,학력무관,관계없음,"시급 10,320원 ~ 13,000원",고용형태,부산광역시 기장군 칠암3길 8-23,1명,2026-09-08 20:59:45
https://www.jobkorea.co.kr/Recruit/GI_Read/5605851/Ext?siteCode=WN&sc=,550102,"(가야동) 부산진 시니어클럽 인근 * 대상자 : 4등급 할머니(40년생) * 근무내용 : 가사 서비스(청소, 요리 등), 일상생활 지원(병원 동행) 및 말벗 지원 - 초보도 가능 * 근무형태 : 주5일(월~금) 08~11/ 0830~1130 - 방1개, 화장실, 부엌 구조 - 반찬 만들어서 식사 챙기기, 집안 정리가 주 업무 - 의사소통에 어려움 없으며, 독립 보행 가능하고 자택 생활만 하고 있음. - 필요 사항에 대해서 정확하게 이야기 하는 편으로 근무 수월함. * 포괄시급 13,200원 (기본시급 10,320원+주휴수당 2,064원+연차수당 741원+기타제수당 75원)/ 만근 시, 별도 수당 5만원)",재가 요양보호사,재가요양보호사,학력무관,관계없음,"시급 10,320원 ~ 10,320원",고용형태,"부산광역시 부산진구 가야공원로38번길 19, . (가야동)",1명,2026-09-08 20:59:46
https://www.jobkorea.co.kr/Recruit/GI_Read/5606163/Ext?siteCode=WN&sc=,415406,"환경 디자인연구소 - 시각 디자이너 모집(미대 건축도 가능) 디자인 제안서 작성 및 수행 / 환경디자인 / 경력 3년 이상 우대 시각디자인기사, CAD/CAM능숙자, 해당 직무 유경험자 포토샵 일러스트레이터 ppt사용가능 3D 및 2D 이미지 제작, 제안서 작성 관련 툴 사용가능자",기타 시각 디자이너,-,학력무관,경력,"연봉 3,500만원 ~ 4,000만원",고용형태,"부산광역시 강서구 유통단지1로 41, 부산티플렉스 120동 204호 (대저2동)",1명,2026-09-08 20:59:46
https://www.jobkorea.co.kr/Recruit/GI_Read/5605990/Ext?siteCode=WN&sc=,550101,"※직무내용 * 대상자 - 독거 / 여자 어르신 (4등급) * 근무 장소 - 부산진구 화인연지아파트 * 업무 내용 - 가사지원, 정서지원 등. * 근무 조건 - 주5일 (08:00~11:00) * 시급 - 14,000원 (제세공과금 포함)",요양보호사(노인요양사),요양보호사,학력무관,관계없음,"시급 10,320원 ~ 14,000원",고용형태,"부산광역시 부산진구 동평로291번길 30, 3동 (연지동, 화인연지아파트)",1명,2026-09-08 20:59:46
https://www.jobkorea.co.kr/Recruit/GI_Read/5605992/Ext?siteCode=WN&sc=,532300,"[모집직무] 한식 조리사 보조와 서빙업무 [직무소개] 본 직무는 고급 레시피에 따라 다채로운 메뉴들을 훌륭하게 조리하고, 고객에게 최상의 서비스를 제공하는 역할입니다. 단시간 내 식사 인원이 많으므로 빠른 손놀림과 서빙 기술이 필요함. [주요업무] - 제공되는 메뉴에 대한 전문적인 조리 - 식재료의 신선도 및 품질 관리 - 주방 위생 및 안전 기준 준수 - 팀원들과 효율적인 협력 - 주문 처리 및 서빙",주방 보조원,-,학력무관,신입,"시급 11,000원 이상",고용형태,부산광역시 기장군 장안읍 명례산단5로 53 (식사한끼),2명,2026-09-08 20:59:46
https://www.jobkorea.co.kr/Recruit/GI_Read/5607280/Ext?siteCode=WN&sc=,027100,"부산세관어린이집은 부산본부세관에서 설립하고 신라대학교에서 위탁운영하는 직장어린이집입니다 1. 직종: 사무원 2. 근무시간: 09시~18시(휴게시간 1시간 포함) 3. 근무처: 부산본부세관 별관2층, 부산세관어린이집 4. 진행절차: 1차서류전형 2차 면접전형 3차 공무원채용신체검사, 잠복결핵확인서, 보건증, 성범죄 경력조회 및 아동학대 전력 조회 5. 제출서류: 이력서, 자기소개서, 자격증 사본, 최종학교 졸업증명서 6. 제출방법: 이메일(forget100@naver.com) 7. 근무시작일: 2026년 10월 1일 8. 자격사항: 어린이집 사회복지시설 경력 우대, 컴퓨터 활용능력 우대 9. 업무내용: 급여계산, 4대보험, 연말정산, 월 결산 및 예산, 추경 및 연예산 작성 등 10. 기타: 제출서류는 반환하지 않으며 불합격자는 별도 통보하지 않음. 2026년 보육교직원 인건비 지급기준 호봉표 준용 그외 궁금한 사항은 전화로 문의:051)620-6088",회계 사무원,-,학력무관,관계없음,월급 233만원 ~ 233만원,고용형태,"부산광역시 중구 충장대로 20, 별관 2층 부산세관어린이집 (중앙동4가)",1명,2026-09-08 20:59:47
https://www.jobkorea.co.kr/Recruit/GI_Read/5606424/Ext?siteCode=WN&sc=,531804,"[거제동]조리원 채용 공고 - 호산노인건강센터(거제동 거성중학교 맞은편) - 약 2,310,000원 - 한식조리사자격증 우대 - 근무시간 : 06:30 ~ 15:30 - 휴게시간 1시간 - 월8일 휴무 - 근무지 : 부산 연제구 화지로 103 (부산3호선 종합운동장역 5번 출구 500m)",사업체 구내식당 급식 조리사,(회사)구내식당조리사,학력무관,관계없음,월급 231만원 이상,고용형태,부산광역시 연제구 화지로 103,1명,2026-09-08 20:59:47
https://www.jobkorea.co.kr/Recruit/GI_Read/5606426/Ext?siteCode=WN&sc=,232100,"레이카운티5단지어린이집 만0세 보육교사 모집합니다. 만0세 담임선생님 2,156,880원(주40시간,세전) 9시-18시 레이카운티5단지어린이집 051-927-5932 reicounty5@naver.com 이력서, 자기소개서 , 경력증명서, 직무교육이수증 메일로 제출바랍니다. 아이들을 사랑하는 선생님들의 많은 지원 바랍니다.",보육교사,-,학력무관,경력,월급 215만원 ~ 215만원,고용형태,"부산광역시 연제구 아시아드대로 39, 5단지 어린이집(관리동) (거제동, 레이카운티)",1명,2026-09-08 20:59:47
https://www.jobkorea.co.kr/Recruit/GI_Read/5607278/Ext?siteCode=WN&sc=,415401,"1. 채용부문 : 노인일자리 담당자 2. 채용인원 : 1명 3. 자격요건 1) 사회복지사 자격 소지자 우대 2) 운전면허 1~2종 보통 자격소지자(실운전 가능자 및 수동운전 가능자 우대) 3) 노인일자리사업 관련 경력자 우대 4) 컴퓨터 활용 가능자(한글, 엑셀, 파워포인트 등) ★5) 디자인 관련 자격증 소지자 우대 (일러스트, 포토자격증 등) ★6) 디자인 관련 능통자 우대(SNS, 이미지·편집디자인 등) 7) 다음의 결격 사유에 해당하지 않는 자 ① 사회복지사업법에 따라 사회복지시설 종사자 결격사유에 해당되지 않는 자(법 제35조의 2제2항) ② 범죄 및 성폭력범죄 조회 시 결격사유가 없는 자 ※ 적격자가 없다고 판단될 경우 채용하지 않을 수 있으며 합격자 통지 후 신원조회 등을 통해 결격사유가 발견된 경우 합격이 취소될 수 있음 4. 직무내용 : 노인일자리 및 사회활동지원사업 운영 및 관리(공동체사업단) 5. 제출서류 <필수> 1) 입사지원서, 개인정보이용동의, 특수관계 부존재 각서(첨부자료 다운로드) 2) 이력서(입사지원서 외 별도의 이력서 작성) 3) 자기소개서 4) 포트폴리오 <해당자에 한함> 4) 경력증명서 및 자격증 사본(해당자 한함) 5) 기타: 날인, 서명 누락 주의 / 주민등록번호 입력 및 등본 제출 금지 ※ 위 명시된 서류를 기한 내 미제출 시 서류전형에서 탈락 6. 급여기준 : 월 2,167,000원(세전) 7. 근무기간 : 2026년 9월 28일(월) ~ 2026년 12월 31일(목) ※ 회계연도 단위로 계약 체결하는 것을 원칙으로 하고, 재계약 및 무기계약직 전환 가능 ※ 채용일에 따라 근무 기간이 변동될 수 있음 8. 근무기준 : 주 5일, 주 40시간 근무 9. 모집기간 : 2026년 9월 2일(수) ~ 2026년 9월 18일(금) 18시 도착분까지 접수 10. 기타사항 : 4대보험 가입 11. 접수방법 : 방문, 이메일 또는 우편접수(우편접수는 마감일 도착분까지) * 우편주소 : 부산광역시 부산진구 가야공원로 40번길 14 부산진시니어클럽 인사 담당자 앞(우편봉투에""노인일자리 담당자 채용 응시서류""작성) 12. 이메일주소: bjsc9061@daum.net 13. 합격자 발표 1) 1차 합격자 발표 예정일: 2026년 9월 21일(월) ※단, 1차 합격자가 1명인 경우에는 서류 전형 접수 기간을 1회 연장할 수 있음 ※개별공지 2) 2차 면접예정일: 1차 합격자 한해 추후 공지 14. 문의사항: 부산진시니어클럽 대리 이민진 (051-893-9060)",광고디자이너,현수막디자이너,학력무관,관계없음,월급 216만원 ~ 216만원,고용형태,"부산광역시 부산진구 가야공원로40번길 14, 부산진시니어클럽 (가야동)",1명,2026-09-08 20:59:47
https://www.jobkorea.co.kr/Recruit/GI_Read/5605543/Ext?siteCode=WN&sc=,550100,"[부평동1가] 재가요양보호사 채용 ▶ 근무지 : 부평동 깡통시장 인근 상가건물 3층 ▶ 대상자 : 80대/ 3등급/ 여자어르신(배우자 출근) ▶ 근무시간 : (오전) 9:00~12:00 / 주3일 ▶ 급여 : 시급 13,000원(시급 10,320원 + 주휴 등 제수당포함) ▶ 업무 : 식사 준비, 주변정리 등 가사지원 및 산책, 말벗 등 일상생활지원 ▶ 지원방법 : 요양보호사 자격증 사본, 1년 이내 채용 건강검진표. 문의사항은 부산진구청 취업정보센터로 전화주세요(☎051-605-6406) 다만, 실제 서비스 제공기간에 따라 임금을 계산하여 지급하는 형태로 채용 시 근로자마다 주 소정근로시간이나 임금, 근무(예정)지 등에 차이가 있을 수 있습니다.",요양보호사,-,학력무관,관계없음,"시급 10,320원 ~ 10,320원",고용형태,"부산광역시 중구 중구로23번길 19, 3층 (부평동1가)",1명,2026-09-08 20:59:47
https://www.jobkorea.co.kr/Recruit/GI_Read/5606926/Ext?siteCode=WN&sc=,028500,"관리직 사무보조 모집 한글,엑셀 사용가능 차량소유필수 급여 면접후 결정",생산 및 품질관리 사무원,-,학력무관,경력,"연봉 3,000만원 ~ 3,000만원",고용형태,"부산광역시 강서구 공항로339번길 67-6, (대저2동)",1명,2026-09-08 20:59:47
https://www.jobkorea.co.kr/Recruit/GI_Read/5607282/Ext?siteCode=WN&sc=,531803,"안락동 한전옆에 위치한 노블레스요양병원입니다. 주방에서 근무할 조리사 모집합니다. 조리 업무랑 밥,죽 교대로 합니다 조리사 자격증 필수입니다. 주방조리실에 천장 에어콘 및 이동식 에어콘 및 선풍기 구비되어 있습니다.",병원 급식 조리사,병원급식조리사,학력무관,경력,월급 285만원 ~ 290만원,고용형태,"부산광역시 동래구 충렬대로 437, 노블레스 요양병원 (안락동)",1명,2026-09-08 20:59:47
https://www.jobkorea.co.kr/Recruit/GI_Read/5606640/Ext?siteCode=WN&sc=,232903,"직무내용 1. 대상자 : 남성 뇌병변장애인 2.서비스 : 신체서비스 : 식사 보조, 대소변처리 외 사회서비스 : 마트,병원동행 3.근무시간 : 토.일(:08:00~22:00) 4. 시 급 :10,320원 + 제수당(주휴수당 등) -> 13,500원",장애인 생활지도원(장애인활동보조원 포함),장애인활동지원사,학력무관,관계없음,"시급 10,320원 ~ 10,320원",고용형태,"부산광역시 기장군 고촌로44번길 16, 고촌휴먼시아 (고촌휴먼시아1)",1명,2026-09-08 20:59:48
https://www.jobkorea.co.kr/Recruit/GI_Read/5605887/Ext?siteCode=WN&sc=,890000,조선의장품 조립 제조 관련 단순 업무,기타 제조 관련 단순 종사원,-,학력무관,관계없음,"시급 10,320원 이상",고용형태,"부산광역시 기장군 명례산단5로 115, (주)금호이엔지",10명,2026-09-08 20:59:48
https://www.jobkorea.co.kr/Recruit/GI_Read/5607284/Ext?siteCode=WN&sc=,822300,제관및 취부(도면 해독 가능자),제관원,-,학력무관,경력,월급 450만원 ~ 450만원,고용형태,"부산광역시 강서구 과학산단1로103번길 17, 나동 (지사동)",1명,2026-09-08 20:59:48
https://www.jobkorea.co.kr/Recruit/GI_Read/5606646/Ext?siteCode=WN&sc=,890000,"당사는 에어컨 실외기 판금물과 그릴류 제조사 입니다. 사내 프레스, NC 설비를 갖추고 있어 철판 1차 가공 후 분체도장, 조립 후 고객사에 납품을 하고 있습니다. 금번 채용 중인 공정은 아래와 같습니다. - 분체도장 - 프레스 각 공정에 따른 수당과 생산실적에 따른 수당 발생 될 수 있습니다.",기타 제조 관련 단순 종사원,-,학력무관,관계없음,"시급 10,320원 이상",고용형태,"부산광역시 강서구 과학산단로 529, 매일정기",4명,2026-09-08 20:59:48
https://www.jobkorea.co.kr/Recruit/GI_Read/5608271/Ext?siteCode=WN&sc=,550102,"[부전동] 재가 요양보호사 선생님 모집합니다. (오전9~12시/주6일/4등급/남자어르신) - 근무장소 : 부전동 서면성당 인근 - 대상자 : 4등급 58세 남자 어르신 / 독거 - 근무시간 : 오전 9-12시 / 주6일 - 근무내용 : 가사 및 일상생활지원 - 시급 : 10,320원(제수당 포함 시간당 13,000원) - 지원희망하시는 분은 부산진구청 취업정보센터로 전화주세요(☎051-605-6405) - 다만, 실제 서비스 제공기간에 따라 임금을 계산하여 지급하는 형태로 채용 시 근로자마다 주 소정근로시간이나 임금, 근무(예정)지 등에 차이가 있을 수 있습니다.",재가 요양보호사,-,학력무관,관계없음,"시급 10,320원 ~ 10,320원",고용형태,"부산광역시 부산진구 가야대로747번길 24, ** (부전동)",1명,2026-09-08 20:59:48
https://www.jobkorea.co.kr/Recruit/GI_Read/5606643/Ext?siteCode=WN&sc=,232903,"장애인활동지원사 1명 모집 -46세 시각 장애 여성 이용자 -근무 일정 : 월~ 금 오후 시간(14:00~18:00) -가사활동지원(가정 내 정리, 청소, 조리 등) -제출서류: 활동지원사 이수증, 건강진단서 등 관련 서류",장애인 생활지도원(장애인활동보조원 포함),장애인활동지원사,학력무관,관계없음,"시급 10,320원 ~ 13,400원",고용형태,"부산광역시 동래구 온천천로399번길 14, - (낙민동, 동원로얄듀크)",1명,2026-09-08 20:59:49
https://www.jobkorea.co.kr/Recruit/GI_Read/5605487/Ext?siteCode=WN&sc=,550102,"* 대상 : 수영구 4등급 어머님와 4등급 아버님 * 근무시간 : 할머니(월,수,금 12:30~15:30) / 할아버지(화,목,토 12:30~15:30) * 시급 : 13,000원(수당포함) * 케어내용: 일반적인 요양보호사 임무, 병원동행, 주 케어는 어머님 * 필수서류 : 요양보호사자격증사본, 1년이내에 받은 건강검진 혹은 채용신체검사서 사본",재가 요양보호사,재가요양보호사,학력무관,관계없음,"시급 10,320원 ~ 13,000원",고용형태,"부산광역시 수영구 연수로336번길 23-1, 2층 (광안동)",1명,2026-09-08 20:59:49
https://www.jobkorea.co.kr/Recruit/GI_Read/5605158/Ext?siteCode=WN&sc=,890000,"사출,프레스 금형 가공 제조업체입니다 [주요직무] 부품 사상 및 검사 포장 및 가끔 배송(1.2ton 스틱) 운전면허1종보통 우대",기타 제조 관련 단순 종사원,-,학력무관,관계없음,"시급 10,320원 이상",고용형태,"부산광역시 강서구 상덕로97번길 9-1, 우일정밀 (강동동)",1명,2026-09-08 20:59:49
https://www.jobkorea.co.kr/Recruit/GI_Read/5605463/Ext?siteCode=WN&sc=,232903,"- 50대 후반 여성 / 시각장애 저시력 - 사하구 괴정동 - 월 120시간 이상 근무 - 평일 10시-16시 근무 (휴게 30분 포함) - 해당 기관 업무 보조 및 컴퓨터 보조 업무 - 간단한 식사 준비 - 엑셀 작업 등 컴퓨터 업무 가능자 지원희망 **엑셀 등 컴퓨터 활용 기본적으로 가능한 분이 필요합니다** *월급여 : 약 120시간 x 13,600원 (시급+연차수당+주휴수당) = 약 1,632,000원 (세전기준) - 장애인활동지원사 자격증 필수 장애인활동지원사 선생님들의 많은 관심 부탁드립니다. * 근무지 위치, 교통편 확인하시고 면접 후 해당업체 출근, 취업의사 있는 분들만 연락바랍니다. - 지원희망자는 고용24 회원가입-로그인-구직신청(경력 및 자격증등록, 교육수료 내용 등)-구인공고 화면- 고용24 워크넷입사지원",장애인 생활지도원(장애인활동보조원 포함),장애인활동지원사,학력무관,관계없음,"시급 10,320원 이상",고용형태,"부산광역시 사하구 낙동대로 332, 사랑드림장애인활동지원기관 (괴정동, 희망빌딩)",1명,2026-09-08 20:59:49
https://www.jobkorea.co.kr/Recruit/GI_Read/5605867/Ext?siteCode=WN&sc=,550102,"<부산진구 개금동 개금아이파크@> - 4등급 여자대상자: 독거 - 주5일(월~금 또는 월화목금토-수요일근무x) - 7시~10시(3시간) - 가사지원, 식사지원, 일상케어 등 - 최저시급10,320원 (제수당 별도지급) - 지원희망(사회복지사): 0/0-5123-3325",재가 요양보호사,-,학력무관,관계없음,"시급 10,320원 이상",고용형태,"부산광역시 부산진구 복지로 70 (개금동, 개금아이파크)",1명,2026-09-08 20:59:49
https://www.jobkorea.co.kr/Recruit/GI_Read/5605209/Ext?siteCode=WN&sc=,813207,"자동차 부품 외 제조업체로 프레스 생산직 직원 모집합니다. 입사 1년후 상여금(기본급) 250%, 생일축하금, 연말성과금 지급 회사 사정에 따라 평일 잔업도 할수 있고 토요일에도 근무할 수도 있습니다. 점심시간 - 11:40~12:40, 휴게시간 - 오전 10:00 ~10:10, 오후 16:00~16:10",프레스기 및 절단기 조작원,프레스절단가공원,학력무관,신입,"시급 11,000원 이상",고용형태,부산광역시 사상구 새벽로 125 (감전동),1명,2026-09-08 20:59:49
https://www.jobkorea.co.kr/Recruit/GI_Read/5604764/Ext?siteCode=WN&sc=,231100,"- 재가센터 사회복지사 업무 - 9:00~18:00, 주5일 - 급여 2,156,880원 - 문의전화 051-915-9998",사회복지사,-,학력무관,관계없음,월급 215만원 이상,고용형태,"부산광역시 동구 고관로 164 (좌천동, 일신빌딩)",1명,2026-09-08 20:59:50
https://www.jobkorea.co.kr/Recruit/GI_Read/5605852/Ext?siteCode=WN&sc=,550102,"연산동 롯데캐슬 데시앙 아파트 요양보호사 모집합니다 ▶ 대상자: 4등급, 80대 여자어르신 ▶ 직무내용: 일상생활지원(청소 등) ▶ 근무시간: 주3회 / 하루 3시간 / 서비스 시간09시~12시 ▶ 포괄시급 13,100(주휴수당,연차수당포함) ▶ 근무 예정지 주소: 연산동 롯데캐슬 데시앙 아파트 ▶ 채용담당자 : 051)808-8003",재가 요양보호사,재가요양보호사,학력무관,관계없음,"시급 10,320원 ~ 10,320원",고용형태,"부산광역시 연제구 월드컵대로 55, 단지내 (연산동, 연제 롯데캐슬&데시앙)",1명,2026-09-08 20:59:50
https://www.jobkorea.co.kr/Recruit/GI_Read/5605159/Ext?siteCode=WN&sc=,890000,자동차 와이어 로프 생산 관련 업무 ** 와이어 로프 연선 경력자 우대,기타 제조 관련 단순 종사원,-,학력무관,경력,"연봉 4,100만원 ~ 4,200만원",고용형태,"부산광역시 강서구 녹산산업북로 178, (주)쌍용선재 (송정동)",1명,2026-09-08 20:59:50
https://www.jobkorea.co.kr/Recruit/GI_Read/5605462/Ext?siteCode=WN&sc=,212101,유아 한글 수업을 운영합니다. 유아 한글 지도 역량을 보유하신 분들의 많은 지원 바랍니다.,국어 교사,국어교사,학력무관,관계없음,월급 60만원 이상,고용형태,"부산광역시 사상구 학감대로49번길 73, 사랑유치원 (학장동)",1명,2026-09-08 20:59:50
https://www.jobkorea.co.kr/Recruit/GI_Read/5607283/Ext?siteCode=WN&sc=,813204,6호기 범용 밀링기사(면접 후 임금 협의) 레디알가공(기계)및 임가공. 기계가공업무 (각종 제세공과금 회사에서 부담함 - 실수령액 250만원~300만원),범용 밀링기조작원,범용밀링 기사,학력무관,경력,월급 250만원 ~ 300만원,고용형태,"부산광역시 사상구 삼덕로 42, 90 (덕포동)",1명,2026-09-08 20:59:50
https://www.jobkorea.co.kr/Recruit/GI_Read/5604930/Ext?siteCode=WN&sc=,028407,주업무는 냉동 창고 입출고 업무입니다. 바쁠때 지게차 운전도 하셔야 합니다. (냉동창고 지게차 운전 - 3톤 미만) 냉동창고 경력 우대입니다. (아래 기재된 급여는 해당 근무시간에 대한 금액임. 1시간 연장근로 포함. 그 외 연장근로는 수당 별도지급) *실제 구직의사 있으신 분만 지원해 주세요 (허위 구직활동 사양),창고 관리원(자재 검수원 포함),물류입출고원,학력무관,경력,"연봉 3,000만원 ~ 3,400만원",고용형태,부산광역시 사하구 다대로605번길 17 (다대동),1명,2026-09-08 20:59:50
https://www.jobkorea.co.kr/Recruit/GI_Read/5606733/Ext?siteCode=WN&sc=,550102,"[용당동] 재가요양보호사 - 53년생 여자어르신 - 배우자 함께거주 - 주3일, 9~12시(3시간) - 시급 및제수당 포함 13,500원 - 식사 및 가사, 일상생활 지원 *등급예정 틈새돌봄, 판정시 계속근로가능",재가 요양보호사,-,학력무관,관계없음,"시급 10,320원 ~ 13,500원",고용형태,"부산광역시 남구 신선로337번길 52-7 (용당동, 용당연립)",1명,2026-09-08 20:59:50
https://www.jobkorea.co.kr/Recruit/GI_Read/5606928/Ext?siteCode=WN&sc=,132002,"*부설연구소에서 근무할 PCB 회로설계 임베디드 개발 또는 펌웨어 프로그래머 모집* *여성과학기술인 경력복귀 지원사업 참여 가능자 지원요망 (필수조건-4년제공대 졸업자, 여성) *임베디드 및 프로그래머외 ai를 활용한 수배전반 설계인력도 응시 가능 (업무 능력별 연봉은 협의 가능)",컴퓨터시스템 설계 및 분석가,시스템분석가(SA),학력무관,경력,"연봉 2,588만원 이상",고용형태,부산광역시 기장군 정관읍 정관로 929-9,1명,2026-09-08 20:59:51
https://www.jobkorea.co.kr/Recruit/GI_Read/5606929/Ext?siteCode=WN&sc=,890002,"- 핸드 그라인더를 이용한 제품사상 (알루미늄, SUS 제품 취급) - 단순제품 조립 및 부수공정작업",단순 사상원(용접사상 제외-용접원구분),-,학력무관,경력,"연봉 3,500만원 ~ 4,000만원",고용형태,"부산광역시 강서구 과학산단2로3번길 34, 한울항공기계 (지사동)",1명,2026-09-08 20:59:51
https://www.jobkorea.co.kr/Recruit/GI_Read/5606635/Ext?siteCode=WN&sc=,813202,"범용선반 580. 950 조작원 범용선반 레디알 같이 조작하시는 분들 임금 협의 가능 ※ 실업급여 구직활동 목적이 아닌, 실제 구직의사 있으신 분 들만 지원 바랍니다.",범용 선반 조작원,범용다축선반조작원,학력무관,경력,"시급 12,000원 ~ 14,000원",고용형태,부산광역시 사하구 장평로76번길 17,1명,2026-09-08 20:59:51
https://www.jobkorea.co.kr/Recruit/GI_Read/5605157/Ext?siteCode=WN&sc=,155501,"* 아래쪽에 적힌 공고 지원 자격에 부합하는지 확인 후 입사 지원 바랍니다. (미부합 시 입사 불가) 안녕하세요 부산 녹산공단 내에 위치한 부산녹산표면처리사업협동조합 대기관리팀에서 측정인원 1명을 모집합니다. 주 업무는 조합 내 회원사(공장)에서 배출되는 대기오염물질 시료채취 업무이며 실험실에서의 측정 준비 및 현장에서의 시료 채취, 그리고 간단한 서류 작업등이 있습니다. 신입 지원 가능하며, 경력자는 우대해드립니다.(연봉 협상 가능) 아래 필수 지원 사항을 참조하시고 많은 지원 바랍니다. 주5일 근무, 근무시간 08:30 ~ 17:30, 월 1회이하 토요일 근무 *** 공고 지원 자격 사항(필수) *** 가. 화학분석기능사 또는 환경기능사 나. 환경측정분석사·대기환경기사·수질환경기사·대기환경산업기사 또는 수질환경산업기사 다. 화공기사 또는 화공산업기사 라. 「고등교육법」에 따른 전문대학에서 환경공학 등 환경 관련 학과를 졸업한 사람 또는 이와 같은 수준 이상의 학력이 있다고 인정되는 사람 - 위 자격증 소지자[가,나,다] 또는 환경관련학과 졸업자[라]만 지원 가능하오니 참조 부탁드립니다. -",대기 환경 기술자 및 연구원,대기환경관리기술자,학력무관,관계없음,"연봉 3,300만원 이상",고용형태,부산광역시 강서구 녹산산단261로31번길 10 (송정동),1명,2026-09-08 20:59:51
https://www.jobkorea.co.kr/Recruit/GI_Read/5605782/Ext?siteCode=WN&sc=,550100,"[부암동] 일상돌봄 요양보호사 -가사지원 및 조리 위주의 업무 -60대 남성대상자 -주2일(요일협의), 1회 3시간, 월 27시간(시간협의) -시급 및 제수당 포함 14,250원 -동평여자중학교 인근",요양보호사,-,학력무관,관계없음,"시급 10,320원 ~ 14,250원",고용형태,부산광역시 부산진구 동평로127번길 72-5 (부암동),1명,2026-09-08 20:59:51
https://www.jobkorea.co.kr/Recruit/GI_Read/5605208/Ext?siteCode=WN&sc=,813207,"자동차 부품 외 제조업체로 프레스 생산직 직원 모집합니다. 경력 및 업무 수행 능력에 따라 임금 협의가능 장기근속 포상 및 생일축하금, 연말성과금 지급 회사 사정에 따라 평일 잔업도 할수 있고 토요일에도 근무할 수도 있습니다. (주52시간) 점심시간 - 11:40~12:40, 휴게시간 - 오전 10:00~10:10 오후 16:00~16:10 (빵 우유 제공)",프레스기 및 절단기 조작원,프레스절단가공원,학력무관,경력,"시급 13,000원 이상",고용형태,부산광역시 사상구 새벽로 125 (감전동),1명,2026-09-08 20:59:51
https://www.jobkorea.co.kr/Recruit/GI_Read/5606420/Ext?siteCode=WN&sc=,304000,"<<간호팀(간호사) 업무>> 1. 입소어르신의 욕구사정(욕창, 낙상, 인지) 2. 어르신의 건강관리(바이탈체크, 문진 등) 3. 간호관리(안약점안, 드레싱, 구강관리 등) 4. 간호관리(체위변경관리) 5. 어르신 식사수발 및 복약도움 6. 어르신 목욕시 도움 7. 병원동행 8. 응급상황발생시 대응교육 9. 낙상예방교육, 욕창예방교육 10. 응급상황발생시 병원이송과 응급실 접수, 보호자 인계 등 관련 조치 11. 각종일지작성업무(간호일지, 투약일지, 욕구사정, 응급상황보고서 등 다수) 12. 감염병 예방을 위한 관리(코로나 pcr검사 등 방역관리) 13. 기타 간호와 관련한 업무 일체",간호사,-,학력무관,관계없음,월급 280만원 이상,고용형태,"부산광역시 연제구 과정로132번길 66-1, 큰별요양원 (연산동) (연산동)",1명,2026-09-08 20:59:51
https://www.jobkorea.co.kr/Recruit/GI_Read/5606422/Ext?siteCode=WN&sc=,885900,"안녕하세요~ 하나로3PL 입니다. 밝고 근면 성실한 물류관리 및 포장 직원구합니다. 입고시 물건 하차작업, 물류 관리및 포장 근무시간: 오전 9시~오후6시 급여 : 10개월 계약직 동안 최저임금 10개월 계약 종료 후 정직원 채용여부 검토 4대 보험적용 중식 제공 ★ 이력서, 자기소개서 필수 감사합니다^^",기타 기계 조작원,-,학력무관,관계없음,월급 215만원 이상,고용형태,"부산광역시 동구 충장대로 367, 하나로 2층4층 (범일동)",1명,2026-09-08 20:59:52
https://www.jobkorea.co.kr/Recruit/GI_Read/5606433/Ext?siteCode=WN&sc=,027200,"* 기본적인 단순 경리 업무 * 자체프로그램사용,엑셀 * 엑셀, 한글 자격증 및 회계 프로그램 사용자 우대 - 신입지원 가능 (경력무관) 기혼자 지원 가능 * 임금 월 2,060,740원 * 3호선 강서구청 5번 출구 10분거리",경리 사무원,-,고졸~대졸(2~3년),관계없음,월급 206만원 이상,고용형태,부산광역시 강서구 공항로1309번길 35-5 (대저1동),1명,2026-09-08 20:59:52
https://www.jobkorea.co.kr/Recruit/GI_Read/5606120/Ext?siteCode=WN&sc=,157100,"품질관리업무 경력우대(2년이상) 식품안전기사,식품기사,식품산업기사 자격증 우대 하는일 : HACCP 관리, 거래업체 Audit 대응, 제조공정 및 위생관리, 미생물실험",식품공학 기술자 및 연구원,식품공학기술자,학력무관,경력,"연봉 2,800만원 이상",고용형태,부산광역시 서구 원양로 67 (주)해원냉장),1명,2026-09-08 20:59:52
https://www.jobkorea.co.kr/Recruit/GI_Read/5606421/Ext?siteCode=WN&sc=,531200,** 근무 필수 조건 ** 1. 어르신들과 밝게 대화 가능한 분 2. 타 직원들과 원활한 관계 유지가 가능한 분 3. 본인 업무에 책임감 있으신 분 ** 주요 수행 직무 ** 1. 점심 및 저녁식사 준비 (최소 22명 ~ 최대 50명) 2. 간식 준비 3. 부식 재료관리 5. 주방 및 생활실 청소 등 6. 기타 시설장 업무 지시사항 수행,한식 조리사,-,학력무관,관계없음,월급 215만원 ~ 215만원,고용형태,"부산광역시 연제구 연동로8번길 54, 참빛노인복지센터 (연산동, 경복빌딩)",1명,2026-09-08 20:59:52
https://www.jobkorea.co.kr/Recruit/GI_Read/5605999/Ext?siteCode=WN&sc=,813100,주물회사 조형공 4대보험필수,금형원,금형사상원,학력무관,관계없음,"시급 10,320원 이상",고용형태,"부산광역시 사상구 학장로 237-20, 호승금속 (학장동, 원일금속)",2명,2026-09-08 20:59:52
https://www.jobkorea.co.kr/Recruit/GI_Read/5605714/Ext?siteCode=WN&sc=,231101,"◆ 채용 분야 및 인원 가. 고용형태 : 계약직(1년 계약 후 근무평가에 따라 정규직 전환) 나. 주요업무 : 식사 준비 및 프로그램진행, 개별서비스지원, 서류업무 다. 급여기준 : 보건복지부 사회복지급여 가이드라인 (4호봉이내), 연장근무 월 20시간 (인건비 보조금 상한 지급 기준 만60세) ◆ 응시자격 가. 사회복지사 2급 이상 소지자 나. 음식조리 가능해야 함. 다. 4호봉 이하만 지원 바람. ◆ 근무시작일자: 2026년 10월 초 ◆ 근무조건: 일,월,화,수,목(주 40시간, 근무시간: 11:00~20:00) / 기관 사정상 근무 시간 변동 있음 ◆ 채용방법 및 일정 1. 채용방법 가. 1차 서류심사: 입사지원서(첨부파일)(사회복지사자격증, 경력증명서) 서류평가 나. 2차 면접심사: 면접을 통한 역량 평가 다. 3차 결격사유 해당 여부 확인 - 범죄경력,아동학대범죄경력조회,노인학대범죄경력조회,장애인학대범죄경력조회 - 채용신체검사 등 ◆기타사항 1. 제출서류 등에 기재된 내용이 허위임이 판명되거나, 채용 신체검사와 신원조회(범죄경력, 아동학대 관련 범죄 경력조회, 장애인학대 관련 범죄 경력조회, 노인학대 관련 범죄 경력조회) 등을 통하여 부적합한 결격 사유가 있을 경우 합격자 발표 후라도 합격을 취소할 수 있습니다. 2. 제출한 서류는 채용철자의 공정화에 관한 법률 제11조(채용서류의 반환 등)에 의거 반환 또는 파기하며, 응시원서 상의 기재 착오 또는 누락이나 연락 불능 등으로 인한 불이익은 일체 응시자의 책임입니다. 3. 입사지원서 작성 시 학교명(대학원 포함), 종교, 추천인, 신체적 조건(사진, 키, 체중 등), 출산지역, 혼인여부, 재산, 직계존비속 및 형제자매의 학력, 직업, 재산 내용 등을 기재 시 서류 심사에서 제외될 수 있습니다.(블라인드 채용 차별 요소 참고, 연령-차별금지 예외 적용) 4. 심사결과 적임자가 없을 경우에는 선발하지 않을 수도 있습니다. 5. 제출서류에 포함된 개인정보는 서류 및 면접 심사를 위한 용도로만 활용합니다.",사회복지사(사회복지시설),-,대졸(2~3년)~대졸(4년),신입,월급 250만원 ~ 260만원,고용형태,"부산광역시 북구 시랑로131번길 24, 201호,202호 (구포동)",1명,2026-09-08 20:59:52
https://www.jobkorea.co.kr/Recruit/GI_Read/5607086/Ext?siteCode=WN&sc=,872100,"오리,닭가공 식품업체입니다 발골 및 생산 일하실 분 모집합니다",정육 가공원 및 도축원,-,학력무관,관계없음,월급 220만원 이상,고용형태,"부산광역시 강서구 낙동북로102번길 71, (주)돌담축산 (강동동)",8명,2026-09-08 20:59:53
https://www.jobkorea.co.kr/Recruit/GI_Read/5609211/Ext?siteCode=WN&sc=,550102,"-혜림재가복지센터(정관센터) *장안읍 기룡1길, 마을회관 인근 *4등급 94세 여자 어르신/ 아래층 아들 거주-케어시 부재 *식사(반찬)준비 및 청소, 일상생활 도움 등 ( 산책, 말벗) *주5일(월~금) 08:00~11:00 * 4대보험, 퇴직금 * 시급 10,320원(*수당포함 13,000원) *문의 051-728-0977",재가 요양보호사,-,학력무관,관계없음,"시급 10,320원 ~ 10,320원",고용형태,"부산광역시 기장군 장안읍 기룡1길 35, 마을회관 인근",1명,2026-09-08 20:59:53
https://www.jobkorea.co.kr/Recruit/GI_Read/5606121/Ext?siteCode=WN&sc=,158101,"경력무관의 전기,통신,소방 분야중 산업기사이상의 국가자격증 소지자 전기,통신,소방 설계 구인 (본사근무)",소방설계 기술자,-,학력무관,관계없음,"연봉 3,360만원 이상",고용형태,"부산광역시 부산진구 거제천로 52 (양정동, 세종빌딩)",1명,2026-09-08 20:59:53
https://www.jobkorea.co.kr/Recruit/GI_Read/5606054/Ext?siteCode=WN&sc=,550102,"- 용호동, 오륙도 에스케이뷰 아파트 - 4등급 56년생 남자어르신 케어 : 독거 - 가사지원 및 정서지원, 일상생활 지원 - 보행시 다리 절뚝거림 - 주5일 근무 / 시간 협의 가능 - 시급13,200원 (최저시급, 제수당 등 포함금액) * 채용담당자 전화 지원 051-624-6424",재가 요양보호사,-,학력무관,관계없음,"시급 10,320원 이상",고용형태,"부산광역시 남구 오륙도로 85 (용호동, 오륙도 에스케이뷰 아파트)",1명,2026-09-08 20:59:54
https://www.jobkorea.co.kr/Recruit/GI_Read/5602116/Ext?siteCode=WN&sc=,550102,"- 42년생 3등급 여자어르신 케어하실 요양보호사 선생님을 모집합니다. - 주 5회 09:30~12:30 - 병원 동행, 가사, 일상생활 도움 - 시급 13,000원(수당 포함) - 051-521-4005",재가 요양보호사,-,학력무관,신입,"시급 13,000원 ~ 13,000원",고용형태,"부산광역시 남구 진남로36번길 50, 102동 (대연동, 대연극동아파트)",1명,2026-09-08 20:59:54
https://www.jobkorea.co.kr/Recruit/GI_Read/5602117/Ext?siteCode=WN&sc=,140303,토목(토공)현장직 시공 및 관리(부산) 기사급 현장업무 본사 교육후 건설현장으로 배치됨 토목경력 5년이상 우대.,토목시공 기술자(토목견적 포함),토목시공기술자,학력무관,경력,월급 500만원 ~ 550만원,고용형태,"부산광역시 해운대구 중동2로 41, 1615번지 일원 (중동)",1명,2026-09-08 20:59:54
https://www.jobkorea.co.kr/Recruit/GI_Read/5605156/Ext?siteCode=WN&sc=,890000,"안전모 제품에 페인트를 이용하여 로고 또는 상호를 인쇄하는 업무입니다. 기본 손작업으로 주.부. 지원가능합니다. (남녀무관) - 산업용 안전모 인쇄 (안전모 제품에 페인트를 이용하여 로고 또는 상호를 인쇄를 하는 작업) (작업장 페인트 냄새가 날 수 있음) (생산 업무로 배워서 가능) - 기타 포장 보조 업무 - 주5일 근무(08:30~17:30) - 작업이 많을 시 연장 근무 있음(협의 가능) - 수습기간 3개월 있음(급여 변동 없음) - 연차 사용 - 근로자의 날 휴무 - 명절 선물 및 명절 상여금, 휴가비 지원 - 퇴직연금",기타 제조 관련 단순 종사원,-,학력무관,관계없음,"시급 10,320원 ~ 10,320원",고용형태,부산광역시 사상구 새벽로167번길 126 (감전동),1명,2026-09-08 20:59:54
https://www.jobkorea.co.kr/Recruit/GI_Read/5602139/Ext?siteCode=WN&sc=,028500,4년제 공과대 졸업 필수 자동차 동종 업계 근무자 우대 연구개발노트 작성 - 기존 자료 참고하여 작성 (경력무관) 개발 업무 보조,생산 및 품질관리 사무원,공정관리기술자,대졸(4년),경력,"연봉 4,500만원 이상",고용형태,부산광역시 강서구 미음산단로76번길 13 (구랑동),1명,2026-09-08 20:59:54
https://www.jobkorea.co.kr/Recruit/GI_Read/5602118/Ext?siteCode=WN&sc=,531804,"안녕하세요 파머스푸드입니다. 지원자격 ■ 조리사 -조리사 : 조리업무(1명) -근무시간 : 08:30~17:30분 (월~금) , 08:30~14:00 (토) 주6일 -휴게시간 : 13:00~14:00분 (월~금) , 13:00~13:30 (토) -월급 : 2,700,000원 ■ 근무형태 -정직원 -근무지역 : 부산 부산진구 당감서로84",사업체 구내식당 급식 조리사,-,학력무관,경력,월급 270만원 ~ 270만원,고용형태,부산광역시 부산진구 당감서로 84 (당감동),1명,2026-09-08 20:59:55
https://www.jobkorea.co.kr/Recruit/GI_Read/5603261/Ext?siteCode=WN&sc=,817300,[모집직무] 조선 현장 상하가 및 접안 관련 DOCK MASTER 업무 [직무소개] DOCK MASTER로서 조선소 내 상하가 및 접안 작업과 현장 업무를 합니다. [주요업무] - 조선소 상하가 및 접안 작업 - 조선소 현장 업무,운송장비 조립원(항공기·선박·철도기관차·전동차 등 검사원 포함),반목원,학력무관,경력,"연봉 3,600만원 이상",고용형태,부산광역시 영도구 대평남로 35 (대평동1가),1명,2026-09-08 20:59:55
https://www.jobkorea.co.kr/Recruit/GI_Read/5602140/Ext?siteCode=WN&sc=,550102,"1. 채용분야 : 요양보호사 2. 모집인원 : 1명(신규채용) 3. 급 여 : 시급 11,000원 (주휴수당, 연차수당 별도 적용) 4. 근무내용 - 가정방문 및 생활지원(일상생활, 건강유지, 정서지원, 신체청결 등) - 인지기능활동지원(일일점검표, 인지워크북 등) 5. 이용자 정보 - 등급 : 장기요양 5등급 - 성별 : 남성 - 나이 : 만 77세 - 활동지역 : 부산광역시 서구 보동길 379 (주택) - 특이사항 : 독거, 의사소통 가능, 자립 보행 가능(거동 매우 불안정), 식이 상태 저조, 최근 요양병원 퇴원함 6. 자격요건 - 요양보호사 자격을 소진한 자 중 치매전문교육을 이수한 자(필수) - 사회복지사업법 제35조의 2에 의거하여 결격사유가 없는 자 - 범죄 및 성폭력범죄 조회, 노인학대 및 장애인학대 관련 범죄 결격사유가 없는 자 7. 접수방법 - 우편접수, 방문접수 - 주소 : 부산시 영도구 상리로 30 (2층 사무실) 8. 제출서류 - 입사지원서 (첨부자료 다운로드) 1부. - 직원채용에 대한 개인정보 제공 및 활용 동의서 1부. - 특수관계부존재각서 - 관련자격증 사본 1부.",재가 요양보호사,재가요양보호사,학력무관,관계없음,"시급 11,000원 이상",고용형태,부산광역시 서구 보동길 379 (동대신동3가),1명,2026-09-08 20:59:55
https://www.jobkorea.co.kr/Recruit/GI_Read/5602387/Ext?siteCode=WN&sc=,813201,"다이캐스팅 금형틀 및 발전설비부품(중,대형물) 기타 산업기계 중,대형가공물 NC가공작업(정밀가공) CNC가공장비(터닝/턴밀) 조작원",CNC 선반 조작원(NC 선반 조작원),CNC터닝선반조작원,학력무관,경력,"시급 12,000원 이상",고용형태,부산광역시 강서구 녹산산단261로73번길 13,2명,2026-09-08 20:59:55
https://www.jobkorea.co.kr/Recruit/GI_Read/5602388/Ext?siteCode=WN&sc=,890001,도장 보조 및 사상원 모집,기계·금속 분야 단순 종사원,기계분야 단순노무자,학력무관,관계없음,월급 250만원 이상,고용형태,부산광역시 강서구 녹산산업대로 117-7,2명,2026-09-08 20:59:55
https://www.jobkorea.co.kr/Recruit/GI_Read/5602528/Ext?siteCode=WN&sc=,232903,"장애인활동지원사 모집 - 이용자 : 50대 남성 / 시각,청각(중복)장애 - 월 80시간 - 근무장소 : 영도구 동삼동 - 근무요일 : 주 5일 - 근무시간 : 13:00~17:00 - 직무내용 : 가사활동(방, 화장실 청소), 사회활동(외출동행), 기타(메일 및 문자발송, 낭독지원 등) - 시급 : 10,320원 + 각종 수당 (주휴수당, 연차수당, 연장수당, 공휴일수당 등) - 기타 : 4대보험 가입, 상해보험 가입, 퇴직금 지급",장애인 생활지도원(장애인활동보조원 포함),장애인활동지원사,학력무관,관계없음,"시급 10,320원 ~ 10,320원",고용형태,부산광역시 영도구 웃서발로 31 (동삼동),1명,2026-09-08 20:59:56
https://www.jobkorea.co.kr/Recruit/GI_Read/5602561/Ext?siteCode=WN&sc=,550102,"*굿모닝재가복지센터 재가요양보호사 모집* - 대상자 : 2등급 70대 여자어르신(배우자 함께 거주) - 업무내용 : 개인위생 가사 및 식사준비도움, 말벗 - 근무장소 : 기장 서부리 이진테마빌 - 근무시간 : 주 6일, 월~토, 오후 12시~3시(3시간) - 급여사항 : 13,000원 (기본급 10,320+주휴수당,연차수당포함) * 요양보호사 자격증, * 채용건강검진 서류",재가 요양보호사,-,학력무관,관계없음,"시급 10,320원 이상",고용형태,"부산광역시 기장군 배산로8번길 51, 이진테마빌 (이진테마빌)",1명,2026-09-08 20:59:56
https://www.jobkorea.co.kr/Recruit/GI_Read/5602845/Ext?siteCode=WN&sc=,813102,플라스틱 자동차 사출금형을 제작하는 업체임 1)자동차 금형 사상 기능인 2) 설계 기능인,플라스틱 금형 제조원,-,학력무관,경력,월급 400만원 이상,고용형태,부산광역시 강서구 화전산단5로98번길 20 (화전동),2명,2026-09-08 20:59:56
https://www.jobkorea.co.kr/Recruit/GI_Read/5602883/Ext?siteCode=WN&sc=,550102,"* 5등급 남성 어르신 방문요양 * 주 5회 * 근무시간 09:00 ~ 12:00 ( 3시간 - 시간조절 가능 ) - 시급 10,320+ 제세수당 별도문의(26년도) - 센터번호 : 051. 521. 1288 - 상세 주소 : 부산 수영구 수영동 이린비치하우스수영원룸 * 치매전문교육 이수 필수 혹은 2024년 이후 요양보호사 자격 취득자 ( 치매전문교육이 포함되어있음 ) 지원가능 * 가사도움 보다는 어르신 집중케어 요망(기저귀 도움 등) * 인근거주자 우대 * 실제서비스 제공기간에 따라 임금을 계산하여 지급하는 형태로 근무지마다 주소정근로시간이나 임금, 근무지 등에 차이가 있을 수 있음 *",재가 요양보호사,재가요양보호사,학력무관,관계없음,"시급 10,320원 ~ 10,320원",고용형태,"부산광역시 수영구 망미번영로52번길 111-11, 수영동 이린비치하우스수영원룸 (수영동, 이린비치하우스수영원룸)",1명,2026-09-08 20:59:56
https://www.jobkorea.co.kr/Recruit/GI_Read/5603320/Ext?siteCode=WN&sc=,231100,"업무내용: 발달장애인 주간활동서비스 서비스 계획 및 서비스 제공 계획서 작성 및 기록지 서류 작성 발달 장애인의 다양한 욕구에 맞은 주간활동 프로그램 계획 및 지원 서비스 ■ 모집인원 및 자격 기준 ※ 자격 기준 : 아래 기준 자격 중 1개에 해당하는 자 '발달장애인 주간활동서비스 사업지침 내 전담관리인력 및 제공인력 기준' ① ‘사회복지사업법’ 제11조에 따른 사회복지사 ② ‘초-중등교육법’ 제21조에 의한 특수학교 정교사(1급, 2급) 및 준교사 ③ ‘장애인복지법’ 제72조의2에 따른 언어재활사 ④ ‘장애인복지법’ 제72조의3에 따른 장애인재활상담사 ⑤ ‘국민체육진흥법 11조 및 시행령 제9조의3’에 따른 장애인스포츠지도자 ⑥ ‘장애아동복지지원법’시행규칙 제8조(및 별표 1)에 따른 발달재활서비스 제공인력 ⑦ ‘평생교육법’ 제24조에 따른 평생교육사 ⑧ ‘근로자직업능력개발법’ 제33조에 따른 직업능력개발훈련교사, ‘국가기술자격법’에 따른 직업상담사, 제빵 기능사, 제과 기능사, 조리 기능사, 임상심리사 등 주간활동서비스와 관련된 기술,기능 분야 및 서비스 분야 자격소유자⑨ 사회복지기관에서 근무하여 장애인에게 직접 서비스를 제공한 경험이 1년 이상이거나 활동지원사로서 장애인에게 직접 서비스를 제공한 경험이 1년 이상인 자 ⑩ 사회복지학, 직업재활, 특수교육 또는 장애인 재활 관련학, 교육학, 언어치료학, (사회)체육학,건강관리학, 음악,미술 등 주간활동서비스와 관련된 분야 전공의 전문학사 이상의 학위 소지자 ★ (우대사항) - 프로그램을 계획하고 진행한 경험이 있는 자 - 경력자 우대 결격사유 : 사회복지시설 종사자 결격사유에 해당하지 않는 자 위 자격사항 필독",사회복지사,-,학력무관,관계없음,월급 220만원 이상,고용형태,"부산광역시 수영구 과정로 37, 부산 수영구 과정로 37 (망미동) (망미동)",1명,2026-09-08 20:59:56
https://www.jobkorea.co.kr/Recruit/GI_Read/5602557/Ext?siteCode=WN&sc=,550100,"[남천동]요양보호사 -1등급 80대 남자어르신 -배우자함께거주(가사는 배우자분이 하심) -주6일, 월~토, 9시~13시(4시간) -시급 제수당 13000원(중증수당 별도) -거동가능, 운동보조, 부축도움, 말벗 등 -남천역 3번출구 앞 아파트 * 다만, 실제 서비스 제공기간에 따라 임금을 계산하여 지급하는 형태로 채용 시 근로자마다 주 소정근로시간이나 임금, 근무(예정)지 등에 차이가 있을 수 있습니다.",요양보호사,-,학력무관,관계없음,"시급 10,320원 이상",고용형태,"부산광역시 수영구 황령대로473번길 15 (남천동, 남천 엑슬루타워)",1명,2026-09-08 20:59:57
https://www.jobkorea.co.kr/Recruit/GI_Read/5602612/Ext?siteCode=WN&sc=,550102,"- 대상자: 3등급 70대 여자어르신 - 근무지: 재송동 파미르아파트 - 근무시간: 9:00-12:00(월,수,금), 주3회 ※ 근무시간 협의 가능 - 직무: 일상생활지원(청소,빨래 등), 심부름 등 - 접수방법: 센터 유선상담 후 면접 - 채용담당자: 051-543-0234",재가 요양보호사,-,학력무관,관계없음,"시급 10,320원 ~ 13,100원",고용형태,"부산광역시 해운대구 해운대로61번길 56, . (재송동, 센텀파미르아파트)",1명,2026-09-08 20:59:57
https://www.jobkorea.co.kr/Recruit/GI_Read/5603096/Ext?siteCode=WN&sc=,550102,"(모라동) 4등급 여자어르신 오전 주6일 재가 요양보호사 모집 - 4등급 70대 여자 어르신 - 오전 9시~12시 (주6일) - 병원동행 등 일상생활지원 ( 허리통증 으로 하지근력저하 있으나 혼자 움직일 수 있음) - 새마을금고 모라동 제3지점 인근 - 시급13,300 원(시급 10,320원 + 주휴 등 제수당포함) *문의사항은 부산진구청 취업정보센터로 전화주세요(☎051-605-6409) 다만, 실제 서비스 제공기간에 따라 임금을 계산하여 지급하는 형태로 채용 시 근로자마다 주 소정근로시간이나 임금, 근무(예정)지 등에 차이가 있을 수 있습니다.",재가 요양보호사,-,학력무관,관계없음,"시급 10,320원 이상",고용형태,부산광역시 사상구 백양대로979번나길 8 (모라동),1명,2026-09-08 20:59:57
https://www.jobkorea.co.kr/Recruit/GI_Read/5603258/Ext?siteCode=WN&sc=,612106,"[직무 내용] -국내 외 제조 기업 및 공공/국가 기관 위주의 고객사 영업 관리 -IT 영업 신규 고객사 발굴 -IT 인프라/네트워크 시스템 구축 사업 지원 업무 [지원자격] -문제해결 능력 및 팀워크 -운전면허증 및 자차 보유 [모집분야 소개] 'IT 네트워크 기술 영업' 업무란 무엇인가요? IT 네트워크 영업은 고객사의 네트워크 환경과 요구사항을 분석해 최적의 IT 솔루션을 제안하는 전문가 역할입니다. 단순한 영업을 넘어 기술 이해, 문제 해결, 고객 관리 역량을 바탕으로 장기적인 파트너십을 만들어갑니다.","IT 기술영업원(전산장비,소프트웨어)",네트워크장비기술영업원,대졸(4년),관계없음,"연봉 2,600만원 ~ 4,000만원",고용형태,"부산광역시 남구 신선로 2, 부산지식산업센터 우암점 405호 (우암동)",1명,2026-09-08 20:59:57
https://www.jobkorea.co.kr/Recruit/GI_Read/5602728/Ext?siteCode=WN&sc=,834004,"부산시 북구 소재 폴라렉스 쇼핑몰 전기주임 모집 주5일근무주간 9:00~19:00(휴게시간2시간) 재난안전관리자 선임 가능자 전기기사 경력 5년 이상 전기산업기사, 경력 7년이상전기시설물 관리 관련 자격증 소지자 또는 특급소방안전관리자 선임가능자 근무지 : 부산시 북구 덕천동폴라렉스 쇼핑몰 시설물 관리 업무 *2027년 1월 용역계약 연장시 연장 가능 월급 3,500,000원 (연차수당 포함) *지원방법: 고용24(워크넷)입사지원 또는 이메일 입사지원 *지원시 메일 제목: <부산 북구 폴라렉스 시설기사 지원자 OOO입니다.>필히 작성 요망! * 형식적인 지원자는 사양합니다. 실제 근무가능하신 분만 지원바랍니다.",기타 전기·전자 설비 조작원,전기기계관리원,학력무관,경력,월급 350만원 이상,고용형태,"부산광역시 북구 만덕대로 23, 폴라렉스 (덕천동)",1명,2026-09-08 20:59:57
https://www.jobkorea.co.kr/Recruit/GI_Read/5603259/Ext?siteCode=WN&sc=,134100,"[직무 내용] •정보시스템 및 네트워크 보안관리 •보안 정책 및 가이드라인 수립 •보안 이슈에 대한 신속한 대응 및 조치 •네트워크 장비 관리 및 운용 •MERAKI, SD-WAN, UMBRELLA, WEBEX [지원자격] •정보보안 밑 네트워크 엔지니어링 경력자(경험 3년 이상~9년 이하) •정보보안 관련 자격증 소지자 우대 •TCP/IP, VLAN, VPN 등의 지식 보유 •시스템 보안에 대한 깊은 이해도 •문제해결 능력 및 팀워크 •운전 면허증 및 자차 보유 필수 [모집분야 소개] '정보보안 및 네트워크 엔지니어 업무'란 무엇인가요? 정보보안 및 네트워크 엔지니어는 회사의 핵심 정보 자산과 네트워크 환경을 안전하게 운영하고 관리하는 역할을 맡습니다. 보안 정책 수립부터 이슈 대응, 네트워크 장비 운영까지 담당하여 안정적이고 효율적인 IT 인프라를 구축합니다.",네트워크 시스템 개발자,-,대졸(4년),경력,"연봉 3,000만원 ~ 4,000만원",고용형태,"부산광역시 남구 신선로 2, 부산지식산업센터 우암점 405호 (우암동)",2명,2026-09-08 20:59:58
https://www.jobkorea.co.kr/Recruit/GI_Read/5603309/Ext?siteCode=WN&sc=,550100,"1. 모집개요 가. 채용분야 : 요양보호사(신입) 나. 주요업무 : 요양원 요양보호사 업무 다. 근무지역 : 부산광역시 사하구 다대로 83번길 111 2. 제출서류 가. 이력서 및 자기소개서 1부. 나. 자격증 사본 1부. (해당자에 한함, 추후 제출) 다. 경력증명서 (해당자에 한함, 추후 제출) 3. 근무조건 가. 급 여 : 협의 후 결정 나. 담당업무 : 노인요양원 요양보호 업무 (어르신 케어, 케어포업무 등 요양팀 업무 전반) 다. 근무형태 : 정규직 (단, 3개월 수습기간 있음) 라. 근무시간 : 07시~14시, 09시~18시, 13시~22시(휴게시간 1시간 포함), 22시~익일 07시30(휴게시간 1시간30분 포함) 마. 신입 환영 4. 접수방법 가. 제출방법 : 이메일, 고용24, 방문, 팩스 접수 나. 접수기간 : ~ 채용시까지 (수시 접수, 면접) 5. 채용서류 파기 가. 제출된 서류는 [채용절차의 공정화에 관한 법률 시행령]에 의거 채용여부가 확정된 이후 14일부터 190일까지 반환청구가 가능하며, 이후 폐기하오니 참고 바랍니다. 나. [채용절차의 공정화에 관한 법률] 제 11조 1항에 의거 ""전자우편으로 제출된 서류는 반환사항 해당없음""으로 일체 반환하지 않습니다. * 지원 문의: 051-220-5691 실제 구직지원 의사 있는 분들만 접수 부탁드립니다.",요양보호사,-,학력무관,신입,월급 215만원 ~ 230만원,고용형태,부산광역시 사하구 다대로83번길 111 (괴정동),3명,2026-09-08 20:59:58
https://www.jobkorea.co.kr/Recruit/GI_Read/5604319/Ext?siteCode=WN&sc=,564300,"범천동 웨딩홀 주차관리원 모집합니다. ※ 운전가능자 (필수) * 근무시간 : (격일근무) 월~금 07:00 ~ 20:00 , 토~일 07:00~21:00 * 휴게시간 : 12:00~13:00 , 19:00~19:30 * 급 여 : 2,406,110원 ✔ 팩스로 서류제출시 지원하는곳 꼭 기재바랍니다. ✔ 해당 구인은 용역회사 고용이며 담당자 약속없이 근무장소로 찾아가는 일이 없도록하여 주시기 바랍니다 ✔ 근무장소로 전화 혹은 방문시 채용에 불이익이 있을 수 있습니다.",주차 관리원 및 안내원,주차관리원,학력무관,관계없음,월급 240만원 ~ 240만원,고용형태,부산광역시 부산진구 자유평화로 11 (범천동),1명,2026-09-08 20:59:58
https://www.jobkorea.co.kr/Recruit/GI_Read/5604195/Ext?siteCode=WN&sc=,550101,"입소 어르신 케어. 주,야 2교대 근무 * 입사(근무 시작) 예정일: 2026. 10. 1.(목)",요양보호사(노인요양사),요양보호사,학력무관,관계없음,월급 253만원 ~ 253만원,고용형태,"부산광역시 남구 천제등로 56-4, 령강노인종합복지센터 (대연동)",1명,2026-09-08 20:59:58
https://www.jobkorea.co.kr/Recruit/GI_Read/5603301/Ext?siteCode=WN&sc=,823300,[모집직무] 주조실 보조 [직무소개] 우리 회사는 선박엔진용 베어링을 생산합니다. [주요업무] - 주조실 업무,주조원,-,학력무관,경력,월급 220만원 이상,고용형태,"부산광역시 영도구 남항동3가 남항서로 34, (남항동3가)",1명,2026-09-08 20:59:58
https://www.jobkorea.co.kr/Recruit/GI_Read/5604300/Ext?siteCode=WN&sc=,026501,"재개발 전반의 정비업무, 조합업무, cm업무등 수습2개월(기재된 임금의 70%) 상여금 별도",총무 및 일반 사무원,기업행정사무원,학력무관,경력,월급 350만원 ~ 400만원,고용형태,"부산광역시 부산진구 골드테마길 52, 3층 (범천동, 범천중앙새마을금고)",1명,2026-09-08 20:59:59
https://www.jobkorea.co.kr/Recruit/GI_Read/5604299/Ext?siteCode=WN&sc=,231101,"1. 채용분야 : 사회복지사 2. 채용구분 : 12개월 계약직 / 3개월의 수습기간이 있음. 3. 채용인원 : 1명 4. 자격조건 ① 사회복지사 2급 이상 ② 운전면허증 2종 이상 (실제 운전 가능자) ③ 범죄경력 조회 시 결격사유가 없는 자 ④ 사회복지사업법에 따라 사회복지시설 종사자 결격사유에 해당되지 않는 자 - 요양원 경력 1년 이상 우대 - 요양원 평가 경력자 우대 5. 주요업무 ① 수급자 관련 업무(수급자 관련 서류 일체 및 일정 관리, 월별 방문 상담 기록 등) ② 기관 평가 서류 업무 등 사회복지 행정 업무(한글, 엑셀 등 컴퓨터 활용 능력 필수) ③ 기관에서 요청하는 시설 업무 6. 근무시간 ① 주 5일 (월~금요일) / 09:00-18:00 (휴게시간 1시간 포함) ② 주말 당직 (토/일요일) / 09:00-18:00 (휴게시간 1시간 포함) / 대체휴무 부여 7. 급여기준 : 월 2,156,880원 (세전) 8. 제출서류 ① 이력서 ② 자기소개서 ③ 자격증 사본 ④ 경력증명서 ※ 그 외의 기타 서류는 채용확정 후 안내 예정 9. 서류접수 ① 접수기간 : 2026년 9월 01일 ~ 채용시까지 ② 접수방법 : 방문접수, 이메일, 우편 ③ 접수처 : 부산광역시 남구 신선로 506, 1층 사무실 (대연동, 남안성요양센터) 10. 채용방법 1차 서류심사 → 2차 면접심사(서류심사 합격자에 한하여 면접일시 개별 통보) → 3차 최종합격자 발표(면접심사 합격자에 한하여 개별 통보) 11. 문의 남안성 요양센터 / 051-621-3393",사회복지사(사회복지시설),장애인사회복지사,학력무관,경력,월급 215만원 이상,고용형태,부산광역시 남구 신선로 506 (대연동),1명,2026-09-08 20:59:59
https://www.jobkorea.co.kr/Recruit/GI_Read/5604298/Ext?siteCode=WN&sc=,232900,"기부식품 등 제공사업(푸드마켓) 전담 운영 및 관리, 그냥드림사업 등",기타 사회복지 전문가 및 관련 종사원,-,학력무관,신입,월급 219만원 이상,고용형태,부산광역시 서구 망양로193번길 104 (동대신동1가),1명,2026-09-08 20:59:59
https://www.jobkorea.co.kr/Recruit/GI_Read/5604440/Ext?siteCode=WN&sc=,153107,공장기계설비( 골재 파쇄기) 가동으로 인한 전기업무 전기기사 또는 전기산업기사 자격 필수 : 자격증 등록예정,전기안전 기술자,-,학력무관,경력,월급 400만원 이상,고용형태,부산광역시 사상구 낙동대로 671 (엄궁동),1명,2026-09-08 20:59:59
https://www.jobkorea.co.kr/Recruit/GI_Read/5603604/Ext?siteCode=WN&sc=,304002,"▶ 관자재요양병원 병동간호사 채용 - 직무 : 환자의료지원, 환자상태 관찰 및 기록, 의료진 지원 및 협력, 환자가족 상담 및 안내, 경력1년 이상 - 근무시간 : 8:30~17:30 (주5일, 40시간) - 자격요건 : 간호사 면허증 필수, 1년이상 경력 필수 - 제출서류 : 이력서, 자기소개서, 경력증명서, 졸업증명서, 기타 - 급여: 280만원~ 협의 - 근무처 : 부산시 금정구 금단로 140-2 - 접수방법 : 고용24지원, 이메일wwhouse@daum.net ""제목:관자재병원 지원자ooo"" ★ 동래새일여성인턴 사업 연계 & 채용대행건입니다.★ ★ 고용24 구직신청 등록 필수 / 구직정보제공동의여부 - 여성새로일하기센터 제공동의 필수★",일반 간호사,병동간호사,대졸(4년),경력,월급 280만원 ~ 280만원,고용형태,"부산광역시 금정구 금단로 140-2, 관자재요양병원 (남산동)",1명,2026-09-08 20:59:59
https://www.jobkorea.co.kr/Recruit/GI_Read/5604442/Ext?siteCode=WN&sc=,307500,요양병원 병동 업무 전반,간호조무사,-,학력무관,관계없음,월급 215만원 이상,고용형태,"부산광역시 북구 백양대로1048번길 10, 부산은빛요양병원 (구포동)",1명,2026-09-08 20:59:59
https://www.jobkorea.co.kr/Recruit/GI_Read/5604682/Ext?siteCode=WN&sc=,550100,"[해운대 좌동] 주간보호센터 요양보호사 모집 - 근무시간: 08:00~ 17:00/ 08:30~17:30 탄력근무 가능 주5일 스케줄근무 / 일요일 휴무 - 업무내용: 사회복지 직무 및 전체관리 - 근무처: 좌동순환로 243번길 에이스센텀스퀘어 301호 - 급여 :2,236,880 원 ** 운전가능 필수 *접수-고용24 입사지원 *실업급여 및 국민취업지원제도 수급목적의 지원은 삼가해주시기 바랍니다.",요양보호사,-,학력무관,관계없음,월급 223만원 이상,고용형태,부산광역시 해운대구 좌동순환로 243,1명,2026-09-08 20:59:59
https://www.jobkorea.co.kr/Recruit/GI_Read/5604443/Ext?siteCode=WN&sc=,307500,"노인요양시설 간호조무사 업무 - 필수 : 차량 실제운전 가능자 - 어르신 건강관리, 활력징후 관찰 / 체크 - 병원동행 / 보호자 상담 - 투약관리 - 감염병예방관리, 상처치료 등 - 기타 기관평가 등 노인요양시설 간호조무사 업무",간호조무사,-,학력무관,경력,월급 225만원 이상,고용형태,"부산광역시 북구 백양대로 1131, 하나노인요양원 (구포동)",1명,2026-09-08 21:00:00
https://www.jobkorea.co.kr/Recruit/GI_Read/5604439/Ext?siteCode=WN&sc=,531800,"[모집직무] 조리사(조리사 자격증 필수) [직무소개] 주간보호센터 어르신 식사 및 영양케어 할 조리사 구합니다, 근무시간 08:00~17:00 [주요업무] - 어르신 식사 준비 및 조리 - 식품 관리 및 위생 - 주방 청소 및 유지",단체급식 조리사,-,학력무관,관계없음,월급 215만원 ~ 215만원,고용형태,"부산광역시 사상구 대동로 95, 797-1 (학장동)",1명,2026-09-08 21:00:00
https://www.jobkorea.co.kr/Recruit/GI_Read/5602628/Ext?siteCode=WN&sc=,026501,"- 이력서제출시 메일 제목에 ""(주)우림종합관리 입찰담당 지원"" 반드시 표기바랍니다 * 담당 업무 1. 입찰관련 업무 - 입찰공고확인 및 입찰서류,견적서작성 - 지명원작성(ppt작업) - P/T 가능자 2. 인사관련 업무 - 입퇴사 서류 - 근로계약서 작성 등 3. 계약서 관리 - 신규 계약, 재계약 관련 계약서 작성 및 지참 서류 구비 4. 기타 사무 업무 * 우대 사항 - 한글,엑셀,파워포인트 능숙자 - 컴퓨터활용 능숙자 - P/T 가능자 * 급여/근무시간 - 월 2,500,000원 - 09:00~17:30 주 5일 근무 [[실업급여 진행중 구직 활동용 지원 자제 바랍니다 부탁]]",총무 및 일반 사무원,일반사무원,학력무관,경력,월급 250만원 이상,고용형태,부산광역시 수영구 연수로 267 (망미동),1명,2026-09-08 21:00:00
https://www.jobkorea.co.kr/Recruit/GI_Read/5604318/Ext?siteCode=WN&sc=,232900,"부산광역시사직종합사회복지관은 함께 일할 노인맞춤돌봄서비스 생활지원사를 다음과 같이 모집하고자 합니다. 1. 채용분야 및 인원 : 노인맞춤돌봄서비스 생활지원사 1명 2. 자격조건 가. 노인맞춤돌봄서비스 수행을 위한 역량과 의지를 갖춘 자 나. 컴퓨터 사용이 능숙한 자 다. 사회복지사 또는 요양보호사 자격증 소지자 우대 라. 직접일자리사업 중앙부처·자치단체 합동지침에 따른 선발 조건을 가진 자 우대 3. 근로조건 가. 근무형태 : 주5일제, 1일 5시간 근무(09:00~14:30, 휴게시간 30분 포함) 나. 근무장소 : 부산광역시사직종합사회복지관 및 대상자 가정 등 지정장소 다. 사회보험 및 퇴직연금 : 사회보험 가입, 퇴직연금 미가입(단, 사업수탁기간 내 계약연장시 가입) 라. 급여조건 : 2026년 노인맞춤돌봄서비스 사업안내 인건비 지급 기준 준수(2026년 기준 월 1,426,000원) 마. 계약기간 : 2026년 10월 1일(목) ~ 2026년 12월 31일(목) / 3개월간 4. 서류접수 가. 접수기간 : 2026년 9월 1일(화) ~ 2026년 9월 16일(수) / 16일간 나. 서류접수 마감일 : 2026년 9월 16일(수) 18:00 다. 접수방법 : 방문접수, 우편접수, 이메일접수(마감 당일 18시 도착분까지만 인정) 라. 접 수 처 - 방문 및 우편 : 부산광역시 동래구 사직북로63번길 20-7 부산광역시사직종합사회복지관, 1층 사무실 - 이메일 : sajikcom@hanmail.net 5. 채용절차 가. 1차 서류전형 : 2026년 9월 17일(목) 예정 / 기관 사정에 따라 변경될 수 있음 나. 2차 면접전형 : 2026년 9월 21일(월) 예정 / 변경가능, 서류전형합격자에 한해 추후 공지 6. 제출서류 가. 1차 서류전형 : 입사지원서, 개인정보수집·이용동의서, 특수관계부존재각서 각 1부(첨부양식) 나. 2차 면접전형 : 자격증 사본, 졸업증명서 또는 성적증명서 원본, 경력증명서 원본, 취업취약계층 증빙자료 원본 각 1부 (※ 모든 자료는 해당자에 한함) 다. 최종합격자: 채용신체검사서(공무원용), 범죄전력조회 및 노인학대전력조회동의서 등 제출 예정 7. 기타사항 가. 기재된 내용이 사실과 다르거나 허위로 작성된 경우, 합격 취소 또는 채용되지 않을 수 있음 나. 응시원서상 기재 착오로 인한 불이익은 일체 응시자의 책임임 다. 응시자 중 적격자가 없으면 선발하지 않을 수 있음 라. 최종면접전형 합격자가 신체검사 및 신원조회 결과 결격사유가 있으면 채용을 취소할 수 있음 마. 최종합격자가 임용을 포기할 경우 차점자를 선발할 수 있음 바. 접수된 서류는 “채용절차의 공정화에 관한 법률” 제11조에 의거하여 채용결정일로부터 14일 이후에 반환청구가 가능하며, 별도의 반환요청이 없는 경우 채용결정일로부터 30일 경과 후 자체 폐기함 8. 문의: 부산광역시사직종합사회복지관 과장 김문희(Tel. 051-506-5757)",기타 사회복지 전문가 및 관련 종사원,-,학력무관,관계없음,월급 142만원 ~ 142만원,고용형태,"부산광역시 동래구 사직북로63번길 20-7, 부산광역시사직종합사회복지관",1명,2026-09-08 21:00:00
https://www.jobkorea.co.kr/Recruit/GI_Read/5601844/Ext?siteCode=WN&sc=,550101,-80대 여자어르신(3등급) 주3회 일상생활 도움 연락처 051-782-5640,요양보호사(노인요양사),노인요양보호사,학력무관,관계없음,"시급 13,500원 이상",고용형태,"부산광역시 수영구 남천동로 46, 103동 (남천동, 남천자이)",1명,2026-09-08 21:00:00
https://www.jobkorea.co.kr/Recruit/GI_Read/5601845/Ext?siteCode=WN&sc=,550102,"70대 여자어르신(4등급) 산책, 일상생활 도움 연락처 051-782-5640",재가 요양보호사,재가요양보호사,학력무관,관계없음,"시급 13,000원 이상",고용형태,부산광역시 남구 양지골로 236 (감만동),1명,2026-09-08 21:00:00
https://www.jobkorea.co.kr/Recruit/GI_Read/5601915/Ext?siteCode=WN&sc=,153105,"설비 보전 / 전기 , 전자 / PLC / ROBOT 자동차1종보통 면허 필수 전기기사 자격증 우대 토요일 격주 근무 오전(4hr) 신입 1명,경력1명모집 : 급여는 협의 60세이상 지원가능",전기공사 기술자(전기견적 포함),전기공사견적기술자,학력무관,관계없음,"연봉 3,400만원 이상",고용형태,"부산광역시 기장군 장안읍 장안산단9로 172, 주식회사 태흥테크",2명,2026-09-08 21:00:01
https://www.jobkorea.co.kr/Recruit/GI_Read/5602410/Ext?siteCode=WN&sc=,531802,어린이집 조리사 1명 모집 - 어린이집 급식조리사 - 주 5일 / 09:00 ~ 14:30 (휴게12:00~12:30) - 조리기능사 자격증 또는 어린이집 조리면허 필수 - 근무시간 조절가능,유치원·어린이집 급식 조리사,-,학력무관,관계없음,월급 145만원 ~ 145만원,고용형태,"부산광역시 사하구 윤공단로17번길 98, 성균관어린이집 (다대동)",1명,2026-09-08 21:00:01
https://www.jobkorea.co.kr/Recruit/GI_Read/5602115/Ext?siteCode=WN&sc=,158102,"소방시설관리사 자격증 필수 운전가능, 경력 1년 이상 1인, 경력 3년 이상 1인, 경력 5년 이상 1인, 연봉 8,000만원이상, 협의가능 (퇴직금 포함) 식대별도 지급 * 휴게시간 : 오후 3시~4시",소방시설·설비 시공 기술자,소방설비기술자,학력무관,경력,"연봉 8,000만원 이상",고용형태,부산광역시 동래구 충렬대로108번길 42 (온천동),1명,2026-09-08 21:00:01
https://www.jobkorea.co.kr/Recruit/GI_Read/5602380/Ext?siteCode=WN&sc=,231101,"요양시설 급여제공 계획,진행 관리 및 프로그램제공(진행) 전반적인 제반업무 , 어르신들의 전반적인 관리 및 기록업무 등",사회복지사(사회복지시설),"사회복지사(사회복지시설, 노인복지시설, 장애인복지시설 등)",학력무관,관계없음,"시급 10,320원 이상",고용형태,부산광역시 북구 덕천로381번길 17-27,1명,2026-09-08 21:00:01
https://www.jobkorea.co.kr/Recruit/GI_Read/5603008/Ext?siteCode=WN&sc=,550100,"★남구 용호동 LG메트로시티 아파트 ★ 3등급 92세 남자어르신, 배우자와 거주 ★주3회 화요일 12:30~16:30 (4시간) /목요일12:30~15:30(3시간)/토요일09:00~12:00(3시간) ★시급10,030원(포괄시급 13200원/기본시급 +주휴수당 +연차수당 등 포함) ★전반적인 가사 및 일상생활 지원, 신체활동 지원, 병원동행",요양보호사,-,학력무관,관계없음,"시급 10,320원 ~ 10,320원",고용형태,"부산광역시 남구 분포로 111 (용호동, 엘지메트로시티)",1명,2026-09-08 21:00:01
https://www.jobkorea.co.kr/Recruit/GI_Read/5603033/Ext?siteCode=WN&sc=,550102,"<남구 용호동 LG메트로시티 거주> * 1등급 여자대상자(90대), 준와상 * 주5일 (월~금) * 9:30~13:30(기본4시간) + 추가 4시간 근무 필요 * 기저귀 케어, 깨끗하고 성격 좋으심 * 어르신케어 등 * 시급 10,320원 (수당 별도지급) * 전화문의(센터장): 00-9178-3723",재가 요양보호사,-,학력무관,관계없음,"시급 13,300원 이상",고용형태,"부산광역시 남구 분포로 111 (용호동, 엘지메트로시티)",1명,2026-09-08 21:00:02
https://www.jobkorea.co.kr/Recruit/GI_Read/5602113/Ext?siteCode=WN&sc=,026202,"* HMC,KIA 고객사관리 * 4년대졸 * 자동차 운전면허 1종 (필수) * 근무시간 : 오전08시~오후5시 ( 휴게1시간 ) * 급여 : 연봉 34,000,000원 이상 * 통근버스 운행 *60세이상 지원가능",영업 기획·관리·지원 사무원,영업관리사무원,대졸(4년),신입,"연봉 3,400만원 이상",고용형태,"부산광역시 기장군 장안읍 장안산단9로 172, 주식회사 태흥테크",1명,2026-09-08 21:00:02
https://www.jobkorea.co.kr/Recruit/GI_Read/5602114/Ext?siteCode=WN&sc=,026501,"* ESG 경영(안전/보건 전담), 안전/보건, 탄소중립, 협력사관리, 사내/사외 교육관리, 문서관리, 기타업무, * 4년대졸~ * 근무시간 : 오전08시~오후5시 ( 휴게1시간 ) * 급여 : 연봉 34,000,000원 * 제출서류 : 별도 안내 * 통근버스 운행 * 지원방법 : 워크넷",총무 및 일반 사무원,기업행정사무원,대졸(4년),신입,"연봉 3,400만원 이상",고용형태,"부산광역시 기장군 장안읍 장안산단9로 172, 주식회사 태흥테크",1명,2026-09-08 21:00:02
https://www.jobkorea.co.kr/Recruit/GI_Read/5602698/Ext?siteCode=WN&sc=,890006,"[정관읍] 제빵생산 보조 및 포장 -제빵 생산 보조 및 포장작업 -주5일, 8:00 ~ 19:00 (휴게포함) -1식제공, 통근버스(해운대/ 금정구/ 동래구/ 기장 ) (주)에스와이제이 -전화 후 방문접수 (이력서 제출) -문의 : 051-508-2783",식품 분야 단순 종사원,-,학력무관,신입,"시급 10,320원 이상",고용형태,"부산광역시 기장군 정관읍 산단2로 11, .",3명,2026-09-08 21:00:02
https://www.jobkorea.co.kr/Recruit/GI_Read/5602381/Ext?siteCode=WN&sc=,550101,* 요양원내에서 생활하시는 어르신에 대한 요양업무를 수행 및 제공할 수 있는 자,요양보호사(노인요양사),요양보호사,학력무관,관계없음,"시급 10,320원 이상",고용형태,부산광역시 북구 덕천로381번길 17-27,1명,2026-09-08 21:00:02
https://www.jobkorea.co.kr/Recruit/GI_Read/5603310/Ext?siteCode=WN&sc=,140303,"토목(토공) 현장직 시공 및 관리 (부산,창원) 기사급 현장 업무 본사 교육후 건설현장으로 배치됨 공정: 흙막이공사,파일공사,지반보강공사 위주로 공사진행 토목경력 5년이상(우대) 부산현장 : 부산시 사하구 구평동 468-14번지 창원현장 : 경남 창원시 성산구 대원동 132외",토목시공 기술자(토목견적 포함),토목시공기술자,학력무관,경력,월급 500만원 ~ 550만원,고용형태,부산광역시 사하구 감천항로 315 (구평동),1명,2026-09-08 21:00:02
https://www.jobkorea.co.kr/Recruit/GI_Read/5603255/Ext?siteCode=WN&sc=,613201,"국내산및 수입육을 취급하는 유통및 제조업을 운영하고 있습니다. 제주도니및 제주흑돼지와 국내 유명 브랜드육을 모두 취급하고 있으며, 자체브렌드및 자체 생산 가공육도 다수 보유하고있습니다 현 회사에 가장 필요한 것은 젊고 활발한 인재라고 생각합니다. 영업이라고 어러울 것도 없고, 사람들과 친해지고 요식업대표님들과 두루 삶의 이야기를 나누다 보면 본인에게도 많은 인생의 도움이 되는 이야기를 듣게 되는 직업이라 생각합니다. 당사는 영업을 함에 따라 해당 직원이 기본 급여를 가져 감과 별도로 인센티브 지급하고 있습니다. - 오셔서 인센티브제는 여쭤보시면 될것같습니다. 어떠한 일이든 해당 일에서 ""좀 해봤다.. 할만 하다.. "" 라는 표현을 하려면 최소 1년에서 3년을 해봐야 할 것 같습니다. 망설이지 마시고, 면접 보러 오세요. 오셔서 질문하시고 직접 보세요. 돼지고기나 소고기처럼 생물을 파는 직업은 감정과 사고를 파는 보험이나 정해진 규격이 일정한 공산품을 파는 영업직과는 필드의 느낌이 많이 다를수 있습니다. 살아 있던것을 제품화 하여 파는 것이기에 이 생물이 제품이 되기 전의 환경도 전달하는 지식이 필요하고, 왜 제품의 규격이 달라지는지 날씨나 기후나 환경의 변화에 따른, 또는 질병에 따른, 흐름을 꾀고 있다면 이만큼 재밌는 셀러도 없다고 할것 같습니다. 루즈한 제품을 파는것보다 변화가 있는 제품을 판다는것은 흥미롭다 할것입니다. 물론 어떠한 일이든 돈을 버는 일은 쉬운 일은 없지 싶습니다. 영업자가 자기가 일군 영업점을 관리도 하고, 새로운 제품을 보완도 하고, 납품도 하고 있습니다. 그래야 유통 시장의 흐름을 알 수 있고, 긴박한 영업 시장에 대해 대처할 수 있는 능력을 갖출 수 있다고 사료 됩니다. 이 방면에 경력자는 면접 시 차등 대우를 요구하셔도 좋습니다. 비 경력자여도 좋습니다. 다만 파이팅 넘치는 분이 오셨으면 좋겠습니다. 기존 맴버들이 너무나 파이팅이 넘칩니다. 즐겁게 일하시는 모습 보시면 일할 맛 좀 나실 듯 합니다.",식품·주류 영업원,유통업체식품영업원,학력무관,관계없음,"연봉 3,360만원 이상",고용형태,부산광역시 기장군 일광읍 화용길 78,1명,2026-09-08 21:00:03
https://www.jobkorea.co.kr/Recruit/GI_Read/5603257/Ext?siteCode=WN&sc=,024102,"[직무 내용] -IT 솔루션 (B2B) 마케팅 전략 수립 및 실행 - 디지털 마케팅 운영 (검색 광고, SNS, 홈페이지, 이메일등) - IT 제품 관련 콘텐츠 기획 및 홍보자료 제작 관리 - 홈페이지 및 온라인 채널 리뉴얼/운영 - 고객 유입/전환을 위한 퍼널 설계 및 리드 확보 캠페인 - 전시회, 세미나 등 오프라인 행사 기획 및 운영 - 마케팅 성과 분석 및 내부 보고 - 초기 마케팅팀 조직 기획 및 인력 운영 [지원자격] -B2B마케팅 / IT 업계 마케팅 경력자(5년 이상) -온라인 채널 활용 캠페인 기획 및 실행 경험자 -콘텐츠 제작 경험자(제안서, 블로그, 랜딩페이지 등) -광고 성과 분석 및 리드 유입 개선 경험자 -원활한 커뮤니케이션 가능자",마케팅 전문가,-,대졸(4년),경력,"연봉 4,000만원 ~ 5,000만원",고용형태,"부산광역시 남구 신선로 2, 부산지식산업센터 우암점 405호 (우암동)",1명,2026-09-08 21:00:03
https://www.jobkorea.co.kr/Recruit/GI_Read/5603308/Ext?siteCode=WN&sc=,213000,"2026학년도 메이플유치원에서 함께 근무할 비담임 교사를 모집합니다. ★채용방법 * 1차 이력서 및 자기소개서(메일접수) maple5655@hanmail.net * 2차 서류 검토 및 면접(개별연락) ★자격요건 * 건강, 범죄경력 등 임용에 결격 사유가 없는 자 * 아이들을 진정으로 사랑하고 유아들과 즐겁게 놀 수 있는 자 ★근무조건 * 급여 : 사립유치원(년도별) 보수규정에 따른 호봉제(교육청 수당지급), 자체수당, 교육청지원금, 사학연금",유치원 교사,유치원교사,학력무관,관계없음,월급 217만원 ~ 220만원,고용형태,부산광역시 사하구 다대로 620 (다대동),1명,2026-09-08 21:00:03
https://www.jobkorea.co.kr/Recruit/GI_Read/5604441/Ext?siteCode=WN&sc=,307500,"어르신들의 건강유지 증진 및 질병예방을 위해 상담, 의무실 활동, 의뢰 활동 등을 통해 지역사회 연계사업을 제공하여 만성질환 어르신들의 건강관리와 편안한 노후생활을 영위 할 수 있도록 서비스 제공, 2024년 급여인상예정 업무량이 많아 요양원으로 전화문의는 자제해 주시기바랍니다~",간호조무사,-,학력무관,관계없음,월급 231만원 ~ 231만원,고용형태,부산광역시 금정구 산성로 967 (장전동),1명,2026-09-08 21:00:03
https://www.jobkorea.co.kr/Recruit/GI_Read/5602112/Ext?siteCode=WN&sc=,159103,자동차 부품 개발 일정 관리 및 이벤트대응 (캐드 업무보다 개발 일정 관리 및 이벤트대응 업무 비중이 높음) • 캐드 사용 가능자 우대 • 자동차 부품 개발 경력자 우대 • 인근 거주자 우대 • 자차 보유자 우대 • 1종보통 운전면허 필수 • 장기근속우대,기계·금속 제도사(캐드원),기계제도사,학력무관,관계없음,"연봉 3,400만원 이상",고용형태,"부산광역시 기장군 장안읍 장안산단9로 172, 주식회사 태흥테크",1명,2026-09-08 21:00:03
https://www.jobkorea.co.kr/Recruit/GI_Read/5602889/Ext?siteCode=WN&sc=,822301,압력용기 UNIT 등 제관 업무 경력자 우대,제관원,-,학력무관,경력,"시급 11,000원 ~ 13,000원",고용형태,부산광역시 강서구 녹산산단77로22번길 37 (송정동),1명,2026-09-08 21:00:04
https://www.jobkorea.co.kr/Recruit/GI_Read/5602411/Ext?siteCode=WN&sc=,852402,"LG 전자 , 쿠쿠전자 도금품을 생산하는 회사 입니다. -제품 검사 포장 및 생산직을 모집합니다. (월~금) 08:30~17:30 (물량에 따라 연장근무 1시간30분 있을 수 있음) - 채용후 4대보험 가입 ※수습기간 3개월 (급여는 동일) ★시급 ( 10,320원) ★경력자 우대",플라스틱제품 조립원 및 검사원,플라스틱제품조립원,학력무관,관계없음,"시급 10,320원 ~ 10,320원",고용형태,부산광역시 사하구 다산로225번길 31 (장림동),2명,2026-09-08 21:00:04
https://www.jobkorea.co.kr/Recruit/GI_Read/5603253/Ext?siteCode=WN&sc=,834004,* 직무내용: 변압기 시험 및 검사 * 신입 가능 * 경력직 우대(면접시 임금 협의 가능),기타 전기·전자 설비 조작원,-,학력무관,관계없음,"연봉 3,700만원 ~ 3,700만원",고용형태,"부산광역시 강서구 녹산산업북로 6, 311B",2명,2026-09-08 21:00:04
https://www.jobkorea.co.kr/Recruit/GI_Read/5603007/Ext?siteCode=WN&sc=,550100,"[남항동2가]요양보호사 - 3등급, 91세 남자어르신 (자녀분 함께 거주, 가사업무 하심) - 기저귀 위생관리, 운동도움, 대상자 케어 업무 - 주5회(월~금) 오후 13:00~16:00 (3시간) - 시급 : 10,320원 +주휴,연차수당 > 13,000원 *남자요양보호사 선생님 무관",요양보호사,-,학력무관,관계없음,"시급 10,320원 ~ 10,320원",고용형태,"부산광역시 영도구 절영로 89, 남항동2가 (남항동2가, 진명드림빌)",1명,2026-09-08 21:00:04
https://www.jobkorea.co.kr/Recruit/GI_Read/5603311/Ext?siteCode=WN&sc=,531804,부산경남을 대표하는 구내식당운영 전문회사에서 조리사님을 모심니다. 위치 확인을 꼭 해주세요 강서구 미음국제 5로 마길 미음산업단지내 주방 및 홀 시스템 에어컨 완비 구내식당 1층 위치 모집 조리사 1명 조리보조 1명 주5일 기본 근무시간 오전 8시 30분 ~ 오후 2시 예상 (끝내고 바로 퇴근) 잔업발생으로 저녁 및 토요일 식사제공시 추가 수당 지급 발주 및 레시피는 영양사선생님이 해주심니다. 간단히 경력사항 및 사시는곳 (이력서)적어서 사진찍어 문자로 보내주세요 문의 채용담당자 휴대전화로 문의 바랍니다.,사업체 구내식당 급식 조리사,-,학력무관,경력,월급 180만원 ~ 190만원,고용형태,부산광역시 강서구 미음국제5로마길 23 (미음동),2명,2026-09-08 21:00:04
https://www.jobkorea.co.kr/Recruit/GI_Read/5603254/Ext?siteCode=WN&sc=,816200,"[모집직무] 선박 벨브 배관 부품 조립원(검사원 포함), 전기‧전자 부품 및 제품 조립원 [직무소개] 저희 회사는 선박 부품 생산에 전문화된 기업입니다. 본 채용은 선박 부품 가공 및 조립을 담당하는 직원을 모집하고자 합니다. [주요업무] - 선박 부품의 가공 및 조립 - 품질 검사 및 기록 관리 - 작업 공간 청결 유지 및 관리 - 출장 및 외근 업무 수행",기계 부품 조립원,공업기계부품조립원,학력무관,관계없음,"연봉 3,000만원 ~ 3,500만원",고용형태,부산광역시 사상구 낙동대로1396번길 75 (삼락동),1명,2026-09-08 21:00:04
https://www.jobkorea.co.kr/Recruit/GI_Read/5602877/Ext?siteCode=WN&sc=,550102,"(89세)여자어르신 월~금 주5회 오전9시~12시(3시간) -4등급(가사지원) -시간당13,100원(각종수당포함) -근무 전 필요서류 : 요양보호사 자격증, 건강검진결과표 -근무장소 : 남구 분포로 111(엘지메트로)",재가 요양보호사,재가요양보호사,학력무관,관계없음,"시급 10,320원 ~ 10,320원",고용형태,"부산광역시 남구 분포로 111 (용호동, 엘지메트로시티)",1명,2026-09-08 21:00:05
https://www.jobkorea.co.kr/Recruit/GI_Read/5603312/Ext?siteCode=WN&sc=,028407,"플라스틱사출업체 포장/출고 경력자모집 1t 운전가능자 우대합니다. / 초보가능(1달수습) (월-금)8:00~17:00 연봉 3000만이상(상담후결정) 경력자 우대 4대보험,연차수당,퇴직금유 중식제공 플라스틱 가정용품 주방용품 제조 판매업체 플라스틱 제품 포장 적재 운송",창고 관리원(자재 검수원 포함),-,학력무관,관계없음,월급 250만원 ~ 300만원,고용형태,부산광역시 사상구 사상로447번길 55 (모라동),2명,2026-09-08 21:00:05
https://www.jobkorea.co.kr/Recruit/GI_Read/5603314/Ext?siteCode=WN&sc=,232100,"국공립 덕천포레나2차어린이집에서는 아래와 같이 출산전후휴가, 육아휴직 대체 보육교직원을 채용합니다. 아이들을 사랑하고 열정적인 보육교직원들의 많은 지원 바랍니다. 1. 채용부분 •영아반 1세 담임 •근무기간 : 2026년 11월 1일 ~ 2028년 1월 31일 •자격사항 : 보육교사 2급이상(유치원정교사포함) 2. 전형방법 및 절차 • 접수방법 : 이메일 접수 green4477@hanmail.net - 이메일 제목 표기: 대체교사 지원자 000(이름) • 제출서류(파일명-본인이름, 하나의 파일(pdf)로 이메일 제출) - 이력서(3개월 이내 반명함판 사진포함) - 자기소개서 - 경력증명서(채용공고일 이후 발급) : 유치원경력증명서의 경우(방과후과정 운영 포함) - 장기미종사자의 경우 장기 미종사자 보수교육 이수증) • 전형일정 - 1차: 서류심사(합격자에 한해 개별통보) - 2차: 면접심사(면접장소와 시간은 개별 안내 예정) - 최종합격자 개별통보 3. 기타사항 • 제출한 서류는 일체 반환하지 않으며 채용목적 외에 사용하지 않습니다. • 합격자에 한해 개별 통지 예정이며, 불합격자에게는 개별 통지하지 못함을 양해 바랍니다. • 합격자 통지 및 채용 이후 채용신체검사서, 자격증 및 경력 증명, 성범죄경력 및 아동학대 범죄전력 조회 등을 통하여 결격 사유가 발견될 경우 합격 또는 채용을 취소합니다.",보육교사,어린이집센터장,학력무관,경력,월급 220만원 ~ 250만원,고용형태,"부산광역시 북구 만덕대로 101, 관리동 어린이집 (덕천동, 포레나 부산덕천2차)",1명,2026-09-08 21:00:05
https://www.jobkorea.co.kr/Recruit/GI_Read/5604067/Ext?siteCode=WN&sc=,813201,"CNC, MCT 관리자 모집 -근무 시간: 월~금 08:00~17:00(잔업: ~20:00) -근무 내용: ① CNC 프로그램 세팅 ② MCT 프로그램 세팅 ③ 생산직원 관리 ④ 공구관리 ⑤ 현장 생산일정 관리",CNC 선반 조작원(NC 선반 조작원),CNC lath가공원,학력무관,경력,"연봉 5,500만원 이상",고용형태,부산광역시 사상구 장인로77번길 129 (학장동),1명,2026-09-08 21:00:05
https://www.jobkorea.co.kr/Recruit/GI_Read/5604068/Ext?siteCode=WN&sc=,028408,"[모집직무] 물류 사무원 [직무소개] 조광요턴㈜는 국내 최대의 해양 플랜트 도료 공급 업체입니다. 물류팀 사무지원 계약직(육아휴직대체)을 모집하고 있으며, 물류팀 업무 지원 및 기사 응대를 담당합니다. [주요업무] - 물류 팀 업무 지원 - 물류 관련 서류 관리 - 기사와의 연락 및 협조 - 물류 시스템 자료 입력 및 관리 - 물류 관련 업무 지원",물류 사무원(물류 관리사),물류관리사무원,학력무관,관계없음,"연봉 3,000만원 이상",고용형태,부산광역시 강서구 과학산단1로 96 (지사동),1명,2026-09-08 21:00:05
https://www.jobkorea.co.kr/Recruit/GI_Read/5603057/Ext?siteCode=WN&sc=,561100,"[북구 화명동] 삼한힐파크 미화원 모집 - 근무형태: 09:00~15:00 (점심휴게 : 12:00~13:00) - 토요일 : 09:00~12:00 근무 **주6일 **급여 : 월 1,479,890원 - [우대] 복지카드 소지자, 경력자 ** 유선 연락후 방문 / 지원문의: 051-888-6911",건물 청소원,-,학력무관,관계없음,"시급 10,320원 이상",고용형태,"부산광역시 북구 화명대로 119, .. (화명동, 삼한힐파크)",1명,2026-09-08 21:00:05
https://www.jobkorea.co.kr/Recruit/GI_Read/5603893/Ext?siteCode=WN&sc=,813200,일반 CNC 작업자를 모집합니다. 주야근무 가능자,금속 공작기계 조작원,밸브가공원,학력무관,경력,"시급 10,320원 이상",고용형태,부산광역시 사상구 학감대로222번길 21 (감전동),1명,2026-09-08 21:00:05
https://www.jobkorea.co.kr/Recruit/GI_Read/5604471/Ext?siteCode=WN&sc=,531804,1.주방보조 2.시간 : 오전7:30시~ 14:00 휴게시간(30분) (주5일근무) 3.조리가능 필수 4.급여: 170만원 5. 단기정규직 계약 6개월 가능한자.,사업체 구내식당 급식 조리사,(회사)구내식당조리사,학력무관,경력,월급 170만원 ~ 170만원,고용형태,부산광역시 사하구 감천항로 7 (감천동),1명,2026-09-08 21:00:06
https://www.jobkorea.co.kr/Recruit/GI_Read/5602878/Ext?siteCode=WN&sc=,550102,"2등급 70세 남자어르신 신체활동,정서지원, 가사일상지원서비스 근무시간:08:00~12:00(월~토) 2025년2026년 건강검진완료자 시급:13,000원(기본급+주휴수당+연차수당+기타수당 포함)",재가 요양보호사,재가요양보호사,학력무관,관계없음,"시급 10,320원 이상",고용형태,"부산광역시 동구 고관로 173 (좌천동, 좌천동원드림타운)",1명,2026-09-08 21:00:06
https://www.jobkorea.co.kr/Recruit/GI_Read/5604128/Ext?siteCode=WN&sc=,623004,냉동창고 지게차 기사님 구합니다.,지게차 운전원,지게차운전원,학력무관,경력,"연봉 4,000만원 이상",고용형태,부산광역시 서구 원양로 67 (암남동),1명,2026-09-08 21:00:06
https://www.jobkorea.co.kr/Recruit/GI_Read/5603674/Ext?siteCode=WN&sc=,550100,"▷ 업체명: 가야사랑재가복지센터 ▷ 대상자: 3등급(90대) 남자어르신 (부부거주) ▷ 근무장소: 가야 삼정그린코아 인근빌라 ▷ 근무시간: (주6일) 14:30~17:30 ▷ 급여: 시급 13,000원(시급 10,320원 + 주휴 등 제수당포함) ▷ 직무내용: 식사준비 및 가사, 일생생활, 병원동행, 주1회 목욕도움 등 일반적인 요양보호사 업무 ※ 문의사항은 부산진구청 취업정보센터로 전화주세요(☎051-605-6408) ***다만, 실제 서비스 제공기간에 따라 임금을 계산하여 지급하는 형태로 채용 시 근로자마다 주 소정근로시간이나 임금, 근무(예정)지 등에 차이가 있을 수 있습니다.",요양보호사,-,학력무관,관계없음,"시급 10,320원 ~ 10,320원",고용형태,"부산광역시 부산진구 엄광로250번길 18-2 (가야동, 용궁빌라5차)",1명,2026-09-08 21:00:06
https://www.jobkorea.co.kr/Recruit/GI_Read/5604294/Ext?siteCode=WN&sc=,550101,"[주간보호센터 요양보호사 모집] -송영, 어르신케어, 청소, 급여제공 기록작성 등의 업무 -월~토 5일근무 08:30~18:00(휴게시간 1.5시간) -급여 : 월 2,156,880원 -1종보통, 스타렉스 운전가능하신분 필수 -부산진구 당감동 (부암동 삼성레미안 앞) -제출된 채용서류는 희망자에 한해 반환을 받을 수 있으며, 희장자는 유선으로 요청하시기 바랍니다. 그 외 청구하지 않은 제출된 서류는 최종합격자 외에는 전원 자동 폐기됨을 알려드립니다.",요양보호사(노인요양사),요양보호사,학력무관,관계없음,월급 215만원 ~ 215만원,고용형태,"부산광역시 부산진구 당감서로 84, ** (당감동)",2명,2026-09-08 21:00:06
https://www.jobkorea.co.kr/Recruit/GI_Read/5602811/Ext?siteCode=WN&sc=,026501,▶ 총무 노무 보조 사무원 채용 ●업무사항 ; 차량 배차 자료 입력 및 관리 등 각 종 사무보조 업무 ●근무조건 : 월~금 13:30~17:30(협의가능) ●우대사항 ; 전산(엑셀) 가능한 자 및 사무 업무 경력자 우대 ●지원방법 : 고용24 지원,총무 및 일반 사무원,총무사무원,학력무관,관계없음,"시급 10,320원 이상",고용형태,부산광역시 북구 시랑로185번길 66 (구포동),1명,2026-09-08 21:00:06
https://www.jobkorea.co.kr/Recruit/GI_Read/5603869/Ext?siteCode=WN&sc=,415401,포토샵 / 일러스트 가능하신분 구인합니다 면접시 포트폴리오 가져와주세요 / 근무요일 목 / 금 / 토 or 월 / 목 / 금 선택가능합니다 사업장 주소 외에 지사 근무 할 수 있습니다.,광고디자이너,간판디자이너,학력무관,경력,"시급 10,320원 이상",고용형태,"부산광역시 동래구 온천장로65번길 9 (온천동, 동래3차SK뷰)",1명,2026-09-08 21:00:07
https://www.jobkorea.co.kr/Recruit/GI_Read/5604433/Ext?siteCode=WN&sc=,027102,세무 관련 업무 및 세무사 사무실 업무 소통 4대보험 취득·상실 및 관련 신고·관리 임직원 급여 및 급여자료 정리 근태 및 인사 관련 업무 관리 각종 인사·노무 관련 서류 관리 관공서 및 유관기관 등 대외업무 소통 회사 경영지원 및 기타 사무행정 업무,회계 사무원(회계·세무 사무소),-,대졸(2~3년)~대졸(4년),경력,월급 270만원 ~ 280만원,고용형태,"부산광역시 부산진구 중앙대로 891, 3층 (양정동)",1명,2026-09-08 21:00:07
https://www.jobkorea.co.kr/Recruit/GI_Read/5603780/Ext?siteCode=WN&sc=,232903,"■ 대상자 : 30대 남자 ■ 서비스 시간 : 월 150시간 ■ 근무요일 및 시간 * 월~금 : 16:00 ~ 20:00 / 주말 근무시간 협의 ■ 주요 서비스 내용 * 전반적인 가사 지원 * 시급: 13,300원(제세수당 포함) 연락처 051-543-0069 담당자:정성욱",장애인 생활지도원(장애인활동보조원 포함),장애인활동지원사,학력무관,경력,"시급 10,320원 ~ 10,320원",고용형태,"부산광역시 해운대구 달맞이길117번다길 188, 트윈빌 (중동)",1명,2026-09-08 21:00:07
https://www.jobkorea.co.kr/Recruit/GI_Read/5603673/Ext?siteCode=WN&sc=,550102,"(부암동) 2등급 여자어르신 오후 12시~6시 주5일 재가요양보호사 모집 - 2등급 여자어르신 - 백양산쌍용스윗닷홈 - 오후 12시~6시(주5일) - 정서지원, 일상생활도움 등 - 시급 13,050원(시급 10,320원 + 주휴 등 제수당포함) - 지원희망하시는 분은 부산진구청 취업정보센터로 전화주세요(☎051-605-6409) ***다만, 실제 서비스 제공기간에 따라 임금을 계산하여 지급하는 형태로 채용시 근로자마다 주 소정시간 이나 임금, 근무지 (예정)지 등에 차이가 있을 수 있습니다. 자세한 사항은 근로계약 진행시 채용담당자와 협의하시길 바랍니다",재가 요양보호사,-,학력무관,관계없음,"시급 10,320원 이상",고용형태,"부산광역시 부산진구 백양산로 70 (부암동, 백양산쌍용스윗닷홈)",1명,2026-09-08 21:00:08
https://www.jobkorea.co.kr/Recruit/GI_Read/5603304/Ext?siteCode=WN&sc=,231100,,사회복지사,-,학력무관,관계없음,월급 216만원 ~ 216만원,고용형태,"부산광역시 남구 신선로 428 (용당동, 동명대학교 11호관)",2명,2026-09-08 21:00:08
https://www.jobkorea.co.kr/Recruit/GI_Read/5602109/Ext?siteCode=WN&sc=,140204,"[모집직무] 건축설비 기술자, 건물·가정용 보일러 설치·수리원, 보일러 설치 및 정비원 [직무소개] 우리 회사는 건축설비 분야에서 전문성을 중시하며 안전하고 효율적인 보일러 시스템 설치에 힘쓰고 있습니다. 다양한 건축 프로젝트에 참여하여 보일러 설치 및 유지보수 업무를 담당하실 수 있는 인재를 모집합니다. [주요업무] - 건축물에 대한 보일러 설치 및 유지보수 - 보일러 시스템 점검 및 수리 - 보일러 설치 및 관련 설비 점검 - 보일러 안전 및 환경 관련 규정 준수 - 설치 및 수리 현장 관리 -자재납품 -출장가능 (전국), 대부분 1일이내 식대지원",건축설비 기술자,-,학력무관,경력,월급 250만원 이상,고용형태,"부산광역시 부산진구 연수로 27-1, 3층 엔플러스 (양정동)",1명,2026-09-08 21:00:08
https://www.jobkorea.co.kr/Recruit/GI_Read/5603032/Ext?siteCode=WN&sc=,550102,"* 4등급 할머니(80대, 독거) * 가사 및 일상생활 지원 * 주5일 * 09:30~12:30 또는 10:00~13:00 선택 가능 * 시급13,100원(주휴수당, 연차수당 포함) * 채용담당자: 051-403-6588",재가 요양보호사,-,학력무관,관계없음,"시급 10,320원 이상",고용형태,"부산광역시 중구 대청로 17 (보수동3가, 서원블루오션F동)",1명,2026-09-08 21:00:09
https://www.jobkorea.co.kr/Recruit/GI_Read/5603263/Ext?siteCode=WN&sc=,814002,"▶ 병원 설비 관리 [ 격일근무 또는 주간근무 ] ▶ 격일근무 (연봉 4,260만원) 09:00~익일09:00(휴게 주간3시간, 야간 2시간) 월4회휴무 별도 ▶ 주간근무 ( 면접 시 협의 ) 월요일:09:00~18시 평일:09:00~17시 토요일:09:00~13시",건물용 냉난방 설비 조작원,병원보일러기계설비원,학력무관,경력,"연봉 4,260만원 이상",고용형태,"부산광역시 동구 범일로 119, 신관15층 인사총무팀 (범일동)",1명,2026-09-08 21:00:09
https://www.jobkorea.co.kr/Recruit/GI_Read/5603262/Ext?siteCode=WN&sc=,834003,조선소 현장 공무팀 내 선박 상하가업무 전기업무가능자(전기기능사자격증) 우대 용접가능자우대 기타 공무업무,공장 전기관리원,공장전기설비조작원,학력무관,경력,"연봉 3,500만원 이상",고용형태,부산광역시 영도구 대평남로 35 (대평동1가),1명,2026-09-08 21:00:09
https://www.jobkorea.co.kr/Recruit/GI_Read/5603315/Ext?siteCode=WN&sc=,159103,"• 기술연구소 소속 업무 INVENTOR (ZW CAD), AUTO CAD 사용 • 현재 진행 중인 오페라 하우스 공압 시스템 프로젝트 지원 (입사 1~6개월) • 선박 공압 관련 밸브 및 시스템 연구 & 설계 (유/공압 경력자 우대) (6개월 이후) • 국책 과제 운영 및 지원 (매년 1개 이상 과제, 과제 보너스 지급) ※ 1차 면접 → 2차 면접 → 최종합격 ※ 상여금의 경우 작년도 매출에 따라 지급됩니다.",기계·금속 제도사(캐드원),기계제도사,학력무관,경력,월급 300만원 이상,고용형태,"부산광역시 사상구 사상로470번길 24, 스타인더스트리 (모라동)",1명,2026-09-08 21:00:10
https://www.jobkorea.co.kr/Recruit/GI_Read/5602604/Ext?siteCode=WN&sc=,550102,"⊙ 대상자 : 4등급 (80세) 여자 ⊙ 월~금 오전 09:00~12:00(3시간) ⊙ 단기근무자 (한달) 요청합니다. ⊙ 신체활동,가사 및 일상생활지원, 정서지원 ⊙ 인근 거주자 우대 ⊙ 시급 13,200원이상.(기본급 10,320원/제세수당 포함) 업무시 전화 연결 힘들 수 있으므로, 문의사항은 문자로 주시면 확인 후 답장 드리겠습니다.",재가 요양보호사,재가요양보호사,학력무관,관계없음,"시급 10,320원 ~ 10,320원",고용형태,"부산광역시 영도구 남항로9번길 45-4, 1층 (대교동1가)",1명,2026-09-08 21:00:10
https://www.jobkorea.co.kr/Recruit/GI_Read/5602627/Ext?siteCode=WN&sc=,232100,"부산대학교 부설 어린이집에서 아이들의 건강과 행복을 위해 함께 연구하고 실천할 교사를 채용하고자 하오니 관심 있는 교사들의 많은 지원 바랍니다. 1. 모집부문 - 1세반 담임교사(육아휴직 대체) - 3세반 담임교사(육아휴직 대체) 2. 지원자격 : 보육교사 2급 자격 이상 3. 모집인원 : 1명 4. 급여 : 보육교직원 인건비 지급 기준에 의거 5. 근무기간 : 2026.10.12~2028.02.29 (육아휴직 일정에 따라 조정될 수 있음) 6. 모집 일정 가. 서류 접수기간 : 2026. 8. 31.(월) ~ 2026. 9. 14.(월), 평일 10:00~17:00(토·일 제외) 나. 서류 제출처 : 부산대학교 부설 어린이집 사무실(부산시 금정구 금강로 321번길 63) 다. 제출방식 : 직접 제출, 우편 제출 또는 이메일 접수(ecochild1596@pusan.ac.kr) (* 이메일 접수 시 아래 제출서류 원본 전체를 아래 순서대로 정리하여 스캔하고 1개의 전자파일(pdf)로 만들어 업로드〔순서: 가-나-다-라 등〕할 것) 라. 면접일시 : 2026. 9. 16.(수) 예정(서류심사 후 면접 대상자에게 시간 및 장소 개별 통보함) 마. 최종합격자 발표 : 2026. 9. 18.(금) 예정 (* 면접심사 합격자를 대상으로 온라인 인성검사를 실시하여 기준 점수를 통과한 최종 합격자에게 개별 통보함) 7. 제출서류 가. 이력서(사진첨부) 및 자기소개서 각 1부 나. 최종학교 졸업(예정)증명서 및 성적증명서 각 1부 다. 경력증명서(경력자에 한함) 1부 라. 자격증(졸업예정자의 경우 보육실습확인서) 사본 1부 마. 장기 미종사자 직무교육 수료증(2년 이상 근무 경력이 없는 해당자에 한함) 1부 바. 주민등록등본 1부(채용시 제출) 사. 취업지원대상자 증명서(국가유공자 자녀의 경우 가산비율 5%) 1부 아. 개인정보제공 및 고유식별정보 처리동의서 1부(서식 별도첨부) → 모든 제출서류는 L파일에 넣어 제출 8. 기 타 가. 지원서 등에 허위기재, 기재사항 착오 및 누락, 구비서류 미제출 등으로 인해 발생하는 모든 불이익은 응시자 의 책임으로 함 나. 합격자 통지(임용) 후 성범죄 및 아동학대범죄 전력조회 등에 결격사유가 있을 경우와 지원서 등에 기재된 내 용이 허위로 판명될 경우에는 합격(임용)을 취소함 다. 최종합격자의 임용포기 등 기타 사유로 결원이 발생할 경우 차순위자를 추가 합격자로 결정할 수 있으며, 지 원자 중 적격자가 없을 경우 선발하지 않을 수 있음 라. 「채용절차의 공정화에 관한 법률」 제11조(채용서류의 반환 등)에 따라 응시자는 최종합격자 발표 다음날로부 터 30일 이내 채용서류 반환청구(최종합격자 제외)를 할 수 있으며, 반환 청구기간이 지난 서류는 「개인 정보 보호법」에 따라 파기함 9. 문 의 : 부산대학교 부설 어린이집 051) 510-1596~8",보육교사,-,학력무관,관계없음,"시급 10,320원 ~ 10,320원",고용형태,"부산광역시 금정구 금강로321번길 63, 부산대학교부설어린이집 (장전동)",1명,2026-09-08 21:00:10
https://www.jobkorea.co.kr/Recruit/GI_Read/5602137/Ext?siteCode=WN&sc=,027205,"안녕하세요. 최주은세무회계사무소 최주은 세무사입니다. 경력직원 채용 모집하고자합니다. 오래오래 일 하시고 성실히 일 하실분, 명랑하신 분 환영합니다.^^ ▣ 직무내용 ▣ 사업자와 관련한 제신고 (세무신고 및 4대보험 업무) 세무사랑 사용 / TP 및 GOOGLE DRIVE 보조프로그램 사용 중 / 4대보험 업무가 있기 때문에 EDI 사용 중에 있음 담당업체 : 40개 ~ 45개 사이 ▣ 근무시간 및 급여조건 등 ▣ ⊙ 근무시간 및 연차 근무시간 : 09:00~17:00 (주5일 근무) / 하반기 17:00 퇴근, 상반기 18:00 퇴근 연차 : 기본15개 제공, 2년 이상 근무 시 2년에 1개씩 가산 (자유롭게 사용가능) ⊙ 연봉 33,450,000원 (퇴직금 별도) / 1개월 수습기간 적용 (급여100%지급) * 기본급 2,300,000원 / 식대 200,000원 / 상여금 : 150% □ 퇴직금 : DC형 가입 □ 담당하는 사업장 외 신고대행 업무 수행 시 별도 인센티브 지급 (20%) ▣ 기타 복리후생 ▣ □ 10시 이후 퇴근 시 일 10,000원 교통비 지급 □ 듀얼모니터 사용 □ 간식대 제공 [커피 등] □ 업무용 핸드폰 별도 제공 □ 경력직의 경우 주 1회 재택근무 (수습기간중에는 적용X/하반기에만 시행 중입니다.) □ 연봉 외 명절선물/여름휴가비/생일축하금 등 다양한 복지 감사합니다.",경리 사무원(회계·세무 사무소),세무기장원,학력무관,경력,"연봉 3,345만원 이상",고용형태,"부산광역시 사상구 학감대로 270, 303호 최주은세무회계사무소 (감전동, 창성빌라트)",1명,2026-09-08 21:00:10
https://www.jobkorea.co.kr/Recruit/GI_Read/5602888/Ext?siteCode=WN&sc=,813210,"▷ 모집직종 : MCT - 2명 / 금속공작기계 조작원 - 8명 ▷ 근무장소 : 강서구 낙동남로 533번길 주식회사 하트만 ▷ 근무내용 : 금속가공(정밀부품)의 가공 ▷ 근무시간 : 08:00~19:00(휴게시간 12:00~13:00) ▷ 임금 : 11,000원 ~ 13,500 ▷ 우대조건 : 기계가공조립기능사 ▷ 통근버스(하단역 1번출구 출발) , 기숙사, 식사제공, 자녀 학자금 지원, 직원대출제도 등",머시닝센터(MCT) 조작원,머시닝가공원,학력무관,관계없음,"시급 11,000원 ~ 13,500원",고용형태,"부산광역시 강서구 낙동남로533번길 55, 주식회사 하트만 (녹산동)",10명,2026-09-08 21:00:10
https://www.jobkorea.co.kr/Recruit/GI_Read/5603316/Ext?siteCode=WN&sc=,532302,"단체급식 조리, 전처리, 배식, 설거지 업무",단체 급식 보조원,단체급식보조원,학력무관,관계없음,월급 250만원 ~ 300만원,고용형태,"부산광역시 사상구 학감대로39번길 67, 원무과 (학장동)",1명,2026-09-08 21:00:10
https://www.jobkorea.co.kr/Recruit/GI_Read/5603844/Ext?siteCode=WN&sc=,550102,"* 경상전문대학교 인근 거주 * 4등급 남자대상자(67세): 독거 * 주6일(격주 토요일도 가능) * 9시~12시 * 인지활동, 가시지원 등 * 시급 10,320원 (수당별도지급) * 문의(센터장): 051-817-6780 ※ 실제 서비스 제공기간에 따라 임금을 계산하여 지급하는 형태로 채용 시 근로자마다 주 소정근로시간이나 임금, 근무(예정)지 등에 차이가 있을 수 있음",재가 요양보호사,-,학력무관,관계없음,"시급 10,320원 이상",고용형태,부산광역시 연제구 고분로123번길 7 (연산동),1명,2026-09-08 21:00:11
https://www.jobkorea.co.kr/Recruit/GI_Read/5602719/Ext?siteCode=WN&sc=,550101,1. 영도구 효 어르신 데이케어센터에서는 어르신들께 보다 더 나은 서비스를 제공하고자 센터내 근무하실 요양 보호사 선생님을 모집 하고자 합니다. 2. 아래 내용을 확인하시고 워크넷 서류 접수 먼저 해주시기 바랍니다. 3. 업무내용 어르신 케어 : 전반전인 업무 및 신체 활동 보조 요양 급여 제공 기록지 작성 케어포(전산 입력) 프로그램 진행 및 보조 센터내 전반적인 환경 정리 이동 서비스 : 어르신 송영 차량 동승 4. 근무시간은 8~18시를 중심으로 휴게시간 포함 9시간 근무 (송영 업무에 따라 탄력 근무) 5. 공휴일 및 토요일 대체근무 가능자 ( 공휴일 및 토요일 근무시 평일 대체 휴무) 6. 복리후생 : 점심식사 제공 명절 선물비 지급 생일축하비 및 케잌 제공,요양보호사(노인요양사),요양보호사,학력무관,관계없음,월급 215만원 이상,고용형태,"부산광역시 영도구 꿈나무길 17, 영도구효어르신데이케어센터 (영선동1가)",1명,2026-09-08 21:00:11
https://www.jobkorea.co.kr/Recruit/GI_Read/5602720/Ext?siteCode=WN&sc=,307500,"1. 영도구 효 어르신 데이케어센터에서는 어르신들께 보다 더 나은 서비스를 제공하고자 센터내 근무하실 간호조무사 선생님을 모집 하고자 합니다. 2. 아래 내용을 확인하시고 워크넷 서류 접수 먼저 해주시기 바랍니다. 3. 업무내용 어르신 케어 : 어르신 건강상태 확인 및 기초 건강관리 복약 관리, 배변관리 등 간호조무사 업무 식사, 이동 등 일상생활 지원 송영 및 송영 보조 업무 비품, 약품 관리 어르신 상태 변화 관찰 병원 동행 이동 서비스 : 어르신 송영 차량 동승 4. 근무시간은 8~18시를 중심으로 휴게시간 포함 9시간 근무 (송영 업무에 따라 탄력 근무) 5. 공휴일 및 토요일 대체근무 가능자 ( 공휴일 및 토요일 근무시 평일 대체 휴무) 6. 복리후생 : 점심식사 제공 명절 선물비 지급 생일축하비 및 케잌 제공",간호조무사,-,학력무관,관계없음,월급 215만원 이상,고용형태,"부산광역시 영도구 꿈나무길 17, 영도구효어르신데이케어센터 (영선동1가)",1명,2026-09-08 21:00:11
https://www.jobkorea.co.kr/Recruit/GI_Read/5603317/Ext?siteCode=WN&sc=,026202,학교급식 수발주 등 전반적인 사무관리,영업 기획·관리·지원 사무원,영업지원사무원,고졸~대졸(4년),관계없음,월급 215만원 이상,고용형태,부산광역시 강서구 대저로3번길 72-5 (대저1동),1명,2026-09-08 21:00:11
https://www.jobkorea.co.kr/Recruit/GI_Read/5603305/Ext?siteCode=WN&sc=,231101,"주간보호센터의 사회복지사 경력직 모집 - 직무: 케어포 및 프로그램 진행 가능자, 청구업무, 평가에 필요한 제반 업무, 어르신 송영 등 * 우대사항( 평가경험자, 치매교육이수자)/기타 (컴퓨터 가능자) - 근무시간: 08:00~17:00 ( 주5일) * 토요일 근무시 평일 대체휴무 - 급여: 2,300,000원~ 2,500,000원 (경력에 따라 협의) - 송영업무 대체 운전 필요 (우대사항)",사회복지사(사회복지시설),"사회복지사(사회복지시설, 노인복지시설, 장애인복지시설 등)",학력무관,경력,월급 230만원 ~ 250만원,고용형태,"부산광역시 연제구 중앙대로 1078, 201, 202호 (연산동, 뉴그랜드오피스텔)",1명,2026-09-08 21:00:11
https://www.jobkorea.co.kr/Recruit/GI_Read/5602886/Ext?siteCode=WN&sc=,615210,"급식, 도시락, 반찬 매장을 운영하고 있는 아람찬입니다. 아람찬 반찬 매장 본점(명지 오션점)에서 진열, 포장, 판매 하실 분 모집합니다. 1. 모집분야 : 반찬 매장 내 판매 2. 업무내용 : 반찬 매장에서 진열, 포장, 판매 3. 업무시간 : 매주 토요일 오전 9시~오후 2시 30분(휴게시간 30분 포함) 4. 근무장소 : 강서구 명지오션시티 10로 114, 114동 B107호(행복마을 안 삼정그린코아 상가) 아람찬 5. 급여 : 최저시급(10,320원) 6. 전형절차 : 서류전형 후 면접 7. 접수방법 및 제출서류 : 고용24 또는 메일접수(aramcook@naver.com)/이력서 8. 문의 : 평일 오전 9시~오후1시",음식료품 판매원,음료판매원,학력무관,관계없음,"시급 10,320원 ~ 10,320원",고용형태,"부산광역시 강서구 명지오션시티10로 114, 114동 B107호 (명지동, 명지오션시티삼정그린코아)",1명,2026-09-08 21:00:11
https://www.jobkorea.co.kr/Recruit/GI_Read/5602807/Ext?siteCode=WN&sc=,029904,"* 업 무 시내버스 현금계수 업무 및 일반 총무보조 업무 운전가능한 인원모집(필수). 1종 보통면허 소지자 우대, 2종 보통면허 소지자(필수) *근로조건 주 3일 근무 (월, 수, 금) 근무시간 : 06:30~14:00 조식 및 중식 무상제공",사무 보조원(일반사업체),문서수발원(일반사업체),학력무관,신입,"시급 10,320원 이상",고용형태,부산광역시 북구 시랑로185번길 66 (구포동),1명,2026-09-08 21:00:12
https://www.jobkorea.co.kr/Recruit/GI_Read/5603031/Ext?siteCode=WN&sc=,550102,"[연산힐스테이트2단지 인근 근무예정] * 3등급 여자 어르신(배우자 거주) 만76세 * 주3일(월수금) 17:00~19:00(2시간) * 시급 14,000원(수당 포함) 1일 교통비 4천원 지원 * 식사도움 및 일반요양서비스 업무 등 * 채용담당자 : 051)757-2330",재가 요양보호사,재가요양보호사,학력무관,관계없음,"시급 10,320원 ~ 14,000원",고용형태,"부산광역시 연제구 봉수로77번가길 12, .. (연산동)",1명,2026-09-08 21:00:12
https://www.jobkorea.co.kr/Recruit/GI_Read/5602622/Ext?siteCode=WN&sc=,561101,"<한솔폴라리스 미화원 구인 > *10월 1일부터 근무예정 - 근무지: 부산진구 가야대로 754 - 근무시간: 8시30분~15시(월~금) / 9시~12시 (토요일) 3주회 1번 근무 - 급여: 월급 1,524,680원 - 제출서류: 이력서 - 접수방법: 팩스(051-702-9188)/이메일(hw702-9196@naver.com) -문의: 해운대여성인력개발센터(☎ 051-702-9198) *해운대새일센터 채용대행건입니다. 실업급여 목적을 위한 지원은 지양해주시기 바랍니다.","건물 청소원(공공건물,아파트,사무실,병원,상가,공장 등)",-,학력무관,경력,월급 152만원 ~ 152만원,고용형태,"부산광역시 부산진구 가야대로 754 (부전동, 한솔폴라리스)",1명,2026-09-08 21:00:12
https://www.jobkorea.co.kr/Recruit/GI_Read/5601870/Ext?siteCode=WN&sc=,159106,"📋 주요업무 • 캐드, 엑셀, 렌텍 사용합니다. (캐드, 엑셀 필수가능자) • 판넬구조설계 🏠 근무조건 • 고용형태 : 정규직(수습 3개월) • 근무지 : 부산 사하구 을숙도대로569번길 31 1층사무실 • 근무요일/시간 : 주 5일(월~금) 08:00~17:00 • 점심식사 제공 • 퇴직연금, 4대보험, 경조사 지원, 자유로운 연차사용, 근로자의 날 휴무 • 명절상여금 • 휴게실, 차 음료, 간식 제공 * 근무지 위치, 교통편 확인하시고 면접 후 해당업체 출근, 취업의사 있는 분들만 고용24 접수 부탁드립니다. - 지원방법 : 고용24 회원가입-로그인-구직신청(경력 및 자격증등록 등)-구인공고 화면- 고용24 입사지원",기타 제도사(캐드원),-,학력무관,관계없음,"연봉 2,800만원 이상",고용형태,"부산광역시 사하구 을숙도대로569번길 33, 소울테크 (신평동)",1명,2026-09-08 21:00:12
https://www.jobkorea.co.kr/Recruit/GI_Read/5602384/Ext?siteCode=WN&sc=,028502,"1. 제작중인 공정품, 출하예정품에 대한 품질관련업무 진행- 두산에너빌리티외(70%) 2. 산업기계 임가공품에 대한 생산관리 업무 지원(20%) 3. 임가공품에 대한 외주제작진행관리(외주공정관리 및 업체관리)(10%) 4. 산업기계 제작품에 대한 고객대응업무 * 우대 및 필수사항 1. 임가공장비(MCT, 오면가공기, 보링기 등)에 대한 이해와 조작가능 2. AUTO CAD 및 모델링 등 도면에 대한 독해 및 이해 가능능력 필수(능숙하면 우대함) 3. 3차원측정기 운용가능(필수, 협의 가능)",생산관리 사무원(기계·자동차·금속),기계·자동차·금속 관련 생산공정관리사무원,학력무관,경력,"시급 12,500원 이상",고용형태,부산광역시 강서구 녹산산단261로73번길 13,2명,2026-09-08 21:00:12
https://www.jobkorea.co.kr/Recruit/GI_Read/5603009/Ext?siteCode=WN&sc=,550100,"[용호동]5등급 여자어르신 ★남구 용호동 백운초 근처 ★장기요양 5등급 여자 어르신, 90세 / 독거 ★주3회 월, 수, 금, 오전 09:00~12:00 (3시간) ★시급10,320원(포괄시급 13200원/기본시급 +주휴수당 +연차수당 등 포함) ★전반적인 가사 및 일상생활 지원, 신체활동 지원, 병원동행 ★치매교육이수자",요양보호사,-,학력무관,관계없음,"시급 10,320원 ~ 10,320원",고용형태,"부산광역시 남구 동명로 76, 부근 (용호동)",1명,2026-09-08 21:00:12
https://www.jobkorea.co.kr/Recruit/GI_Read/5602138/Ext?siteCode=WN&sc=,028508,"항공기 부품 가공업체에서 품질검사원을 모집합니다. 주 업무는 전반적인 가공품 검사 업무입니다. 항공분야 경력자 우대 및 헥사곤 CMM 경력자는 우대합니다. (필수아님) 근무시간은 오전 8시부터이며, 주 5일 근무입니다.",품질관리 사무원(기계·자동차·금속),기계·자동차·금속관련품질관리사무원,학력무관,경력,월급 250만원 이상,고용형태,"부산광역시 강서구 평강로171번길 30-21, 3670-1,3670-13 (대저1동)",1명,2026-09-08 21:00:13
https://www.jobkorea.co.kr/Recruit/GI_Read/5602401/Ext?siteCode=WN&sc=,890000,"[모터조립 및 생산직 채용] -소형모터 생산업체 -모터 단순조립, 포장등의 생산업무 -주5일, 8:30-17:30(휴게포함) *작업량에 주1~2회 잔업 발생 -월급여 215만원 이상 -연제구 거제동(동해남부선 거제해맞이역 1번출구) (*내년 상반기 장안읍으로 사옥이전 예정)",기타 제조 관련 단순 종사원,-,학력무관,관계없음,월급 215만원 ~ 215만원,고용형태,부산광역시 연제구 해맞이로 73 (거제동),3명,2026-09-08 21:00:13
https://www.jobkorea.co.kr/Recruit/GI_Read/5602136/Ext?siteCode=WN&sc=,821200,규격소재 절단 및 밀링작업,금속가공 기계 조작원,-,학력무관,관계없음,월급 270만원 ~ 300만원,고용형태,"부산광역시 사상구 새벽로121번길 103, 1층 (감전동, 동방빌딩)",2명,2026-09-08 21:00:13
https://www.jobkorea.co.kr/Recruit/GI_Read/5603306/Ext?siteCode=WN&sc=,231101,"남구지역자활센터에서는 아래와 같이 직원을 채용하고자 합니다. 1. 모집분야 : 게이트웨이 전담인력(계약직) 2. 인원 : 1명 3. 자격요건 가. 1년 이상 자활사업 또는 3년 이상 사회복지사업에서 실제 근무한 경력자 중 사회복지사 또는 해당업무 관련 자격증 가진자 나. 3년 이상 자활사업 또는 5년 이상 사회복지사업에서 실제 근무한 경력자 4. 급여 : 기본급2,416,400원이상(상여금, 가족수당, 시간외수당 별도 지급) 5. 기간 : 2026.09.28.~2027.09.27.(업무성과에 따라 계약연장 가능) 6. 우대사항 가. 관련업무(사례관리사업, 자활사업, 사회복지사업) 유경험자 나. 컴퓨터 활용 능통자, 운전가능자, 기타 상담관련 자격보유자 7. 구비서류 가. 제출서류 1) 필수서류 : 입사지원서 ․ 자기소개서 ․ 개인정보제공동의서 ․ 특수관계부존재각서(당사양식), 자격증 사본, 경력증명서 2) 추가서류 : 최종학력증명서, 증빙관련 기타 서류 나. 채용결정후 제출 : 주민등록등본, 범죄경력회신서, 채용신체검사서 등 8. 채용방법 가. 원서접수기간 : 2026.09.01.(화)~09.20(일) 24:00, 20일간 / 접수분에 한함 나. 원서접수방법 : 내방, 우편, 이메일 접수 다. 접수처 1) 우 편 : 부산광역시 남구 신선로 406, 201호 남구지역자활센터 2) 이메일 : psnamgu@hanmail.net 라. 1차 서류심사전형 및 합격자 발표 : 2026.09.21.(월) 15:00(홈페이지 공고 및 합격자에 한해 유선 통보) 마. 2차 면접전형 : 2026.09.22.(화) 14:00 바. 최종 합격자 발표 : 2026.09.22.(화) 17:00(홈페이지 공고 및 합격자에 한해 유선 통보) 사. 계약체결 : 2026.09.28.(월) 09:00 아. 근무시작 : 2026.09.28.(월)-협의가능 9. 담당 및 문의 : 김보무 실장(T.051-638-7212) * 최종 합격자가 채용 전에 결격사유 등 채용불가 사유 발생시 차점자 선발",사회복지사(사회복지시설),-,학력무관,경력,월급 241만원 이상,고용형태,"부산광역시 남구 신선로 406, 동명빌딩 201호 (용당동, 동명빌딩)",1명,2026-09-08 21:00:13
https://www.jobkorea.co.kr/Recruit/GI_Read/5602880/Ext?siteCode=WN&sc=,550102,"<요양보호사 모집 공고> -근무장소 : 금정구 구서동 -근무일시 : 주5일 월~ 금 09:00~12:00 -자격조건 : 요양보호사 자격증 소지자, 최근1년 이내 건강검진, 입사 시 범죄조회 -직무내용 : 신체&가사&사회&일상생활 활동, 3등급(남) 외출 거의 없으며 집안에서 휠체어 생활, 주2회 목욕(수급자의 유일한 생활 즐거움), 요리 부담없음. *문의 051-711-7745",재가 요양보호사,재가요양보호사,학력무관,관계없음,"시급 10,320원 이상",고용형태,부산광역시 금정구 중앙대로1719번길 60-13 (부곡동),1명,2026-09-08 21:00:13
https://www.jobkorea.co.kr/Recruit/GI_Read/5602725/Ext?siteCode=WN&sc=,231100,,사회복지사,-,대졸(2~3년)~대졸(4년),경력,월급 228만원 ~ 241만원,고용형태,"부산광역시 영도구 동삼북로 3, 205 ~207호",1명,2026-09-08 21:00:14
https://www.jobkorea.co.kr/Recruit/GI_Read/5602726/Ext?siteCode=WN&sc=,232100,"아이들을 사랑하는 마음은 물론, 서로 배려 속에서 성장하는 열정있고 책임감있는 교사이면 누구나 환영합니다. :) -지원방법: 이력서(최근 3개월 사진포함), 자기소개서, 경력증명서 이메일 (2sweetwh2@naver.com)로 제출 -근무기간: 2026.10.01~ 2027.02.28 (추후 근로계약조정) -근무시간: 주5일, 9:00~18:00 *이런선생님 보세요. - 인성과 태도. 제일 중요시합니다. - 서로 배려와 존중 속에서 함께 성장합니다. - 경력보다는 아이들에 대한 애정과 교사로서 성장하고자하는 열정과 태도를 더 높게 생각합니다. - 정시퇴근 문화. 선생님의 개인시간을 존중합니다. - 아이들의 하루일과를 함께 빛낼 선생님 많은 지원바랍니다. - 임금. 보육사업 지침에 따른 호봉. *궁금하신 점 051-753-6662로 연락주세요:)",보육교사,어린이집교사,학력무관,경력,월급 240만원 이상,고용형태,"부산광역시 수영구 수영로528번길 12-1, 다솜어린이집",1명,2026-09-08 21:00:14
https://www.jobkorea.co.kr/Recruit/GI_Read/5602879/Ext?siteCode=WN&sc=,550102,"[전포동] 재가요양보호사 - 근무처 : 부산 부산진구 동성로118번 가길 - 대상자 : 5등급 1958년생 남자어르신 - 09:00~12:00 월20회 - 인지활동지원, 가사 및 일상생활지원 등 - 시급13,000원(주휴수당,연차수당,처우개선비포함등) - 2026년도 일반건강검진 결과지(필수) + 치매교육 이수자 ** 지원자를 보고 센터에서 연락드릴 예정이오니 문의전화는 가급적 자제해 주시길 부탁드립니다.",재가 요양보호사,재가요양보호사,학력무관,관계없음,"시급 10,320원 ~ 10,320원",고용형태,"부산광역시 부산진구 동성로 118, 2층 (전포동)",1명,2026-09-08 21:00:14
https://www.jobkorea.co.kr/Recruit/GI_Read/5602383/Ext?siteCode=WN&sc=,813210,파이프/피팅/슬리브 등 관련된 제품 생산 업체입니다 MCT / 호리젠탈 경력자 1명 - 3D CAM 가능하신 분,머시닝센터(MCT) 조작원,-,학력무관,경력,"연봉 5,000만원 ~ 6,000만원",고용형태,부산광역시 강서구 가달1로 74 (주)지안스틸),1명,2026-09-08 21:00:14
https://www.jobkorea.co.kr/Recruit/GI_Read/5603318/Ext?siteCode=WN&sc=,231101,"<남광종합사회복지관 직원 채용 공고> 1) 채용직종 : 사회복지사(경력직 우대) 2) 모집인원 : 00명 3) 근무형태 : 정규직 4) 직무내용 : 지역사회 조직사업 및 행정업무, 기타업무 (직무내용은 기관 사정에 따라 변동될 수 있음) 5) 자격요건 가. 사회복지사업법 제35조의 2에 의거하여 결격사유가 없는 자 나. 사회복지사 2급 이상 다. 운전면허소지자 (실제 운전 가능자) 우대 라. 사회복지시설 경력직 우대 마. 등록 장애인 우대 (장애인고용계획에 의거 장애인복지카드소지자) 6) 급여 : 부산시 보수지침 및 관련 지침에 준함 < 채용절차 > 1) 채용절차 : 1차 서류전형, 2차 면접 (1차서류전형 합격자에 한함), 최종합격통보 (개별통보) 2) 준비서류 가. 이력서(지정양식) 및 자기소개서 각 1부. 나. 특수관계 부존재 각서 및 개인정보 수집 및 활용동의서 1부. 다. 관련 자격증 1부. 라. 최종 합격 후 제출 서류 (추가서류는 최종합격자에 한해 제출) * 최종학력(졸업)증명서, 관련자격증(사회복지사자격증 이외), 경력증명서(해당자에 한함), 주민등록등본, 통장사본, 채용신체검사서, 명함사진1매 < 모집기간 > 2026년 9월 01일 ~ 2026년 9월 15일 (15일 이상 공고) * 모집공고일은 복지관 홈페이지, 복지넷, 워크넷에 공고된 일자임. * 채용 마감일은 채용 절차에 따라 연장될 수 있음. * 반드시 지정 양식에 의거하여 접수해주시길 바랍니다. * 제출서류는 14일 이내 요청 시 반환되며 최종합격자 발표 후 30일간 보관, 이후 파기됩니다. < 접수방법 > 방문접수 / 우편접수 / 이메일접수 < 담 당 자 > 김성훈 < 주 소 > 46202 부산시 금정구 중앙대로 2349번길 3(노포동) 남광종합사회복지관 <연락처> 051-508-1997~8 <이메일> namkwang@nkwelfare.kr",사회복지사(사회복지시설),-,학력무관,신입,월급 262만원 이상,고용형태,"부산광역시 금정구 중앙대로2349번길 3, 남광종합사회복지관 (노포동)",1명,2026-09-08 21:00:14
https://www.jobkorea.co.kr/Recruit/GI_Read/5602881/Ext?siteCode=WN&sc=,550102,"5등급 재가요양보호사 모집(70대 여자어르신, 독거) *치매이수자필수 장소: 부산 북구 덕성초등학교 인근 주택 시간: 오전 7:30 ~ 10:30 (시간협의가능) 요일: 월 ~금 근무내용: 청소, 시장보기, 빨래, 인지프로그램 등",재가 요양보호사,재가요양보호사,학력무관,관계없음,"시급 13,100원 ~ 13,100원",고용형태,"부산광역시 북구 만덕대로39번길 45, 1 (덕천동)",1명,2026-09-08 21:00:14
https://www.jobkorea.co.kr/Recruit/GI_Read/5602701/Ext?siteCode=WN&sc=,561101,"[범일동]백화점 미화원 -백화점 공용부 시설청소 -공휴일 포함 스케줄근무 (7일중 5일근무 2일 휴무) -근무시간 : 12시~22시(휴게 2시간) -시급 10,400원(월급여 217만원) -중식 및 석식 제공 -범일역 7번 출구 앞 현대백화점","건물 청소원(공공건물,아파트,사무실,병원,상가,공장 등)",-,학력무관,신입,월급 217만원 이상,고용형태,"부산광역시 동구 범일로 125 (범일동, 커넥트현대)",1명,2026-09-08 21:00:14
https://www.jobkorea.co.kr/Recruit/GI_Read/5602385/Ext?siteCode=WN&sc=,027200,"- 전반적인 경리 업무 (인사/회계/총무) - 입/퇴사자 서류관리 및 인사행정 지원 - 4대보험 취득/상실 신고 및 급여 자료 관리 - 매입/매출 정리 및 세금계산서 관리 - 각종 사무 및 총무 업무 * 근무지가 녹산공단 지역으로, 자차 출퇴근 가능하신 분을 우대합니다.",경리 사무원,전표정리원,학력무관,경력,"연봉 2,800만원 ~ 3,000만원",고용형태,"부산광역시 강서구 녹산산업북로 178, (주)쌍용선재 (송정동)",1명,2026-09-08 21:00:15
https://www.jobkorea.co.kr/Recruit/GI_Read/5601867/Ext?siteCode=WN&sc=,821200,"[모집직무] CNC 기계사, MCT 기계사, 제조 공정, 셋업 인스트럭터, 제작 작업자 [직무소개] 우리 기업은 다양한 산업 분야에 필요한 고품질 제품을 생산합니다. 본 직무는 CNC 및 MCT 기계를 셋업하고 제작 작업을 담당하는 역할입니다. [주요업무] - CNC 및 MCT 기계 셋업 - 프로토타입 및 제품 제작 - 작업 절차 준수 및 품질 관리 - 설비 점검 및 유지 보수 - 작업 안내 및 협업",금속가공 기계 조작원,-,학력무관,경력,"연봉 5,000만원 ~ 8,000만원",고용형태,부산광역시 강서구 미음국제9로 65 (생곡동),1명,2026-09-08 21:00:15
https://www.jobkorea.co.kr/Recruit/GI_Read/5603840/Ext?siteCode=WN&sc=,550102,"[망미동] 재가요양보호사 -4등급 73세 여자어르신 *주4일(월화수목) -월수 9시~12시,시간협의가능 -화목 7:30~10:30,병원동행, 외출도움 -식사 및 가사도움, 일상생활지원 -시급 제수당 13,000원 (대중교통 이용시 실비지원)",재가 요양보호사,-,학력무관,관계없음,"시급 10,320원 ~ 13,000원",고용형태,"부산광역시 수영구 망미배산로18번길 17, 근처주택 (망미동)",1명,2026-09-08 21:00:15
https://www.jobkorea.co.kr/Recruit/GI_Read/5602882/Ext?siteCode=WN&sc=,706001,"수직정원 벽면녹화 관련 보조업무 하실분 구합니다. 수직정원은 벽면에 식물식재를 위한 시스템을 설치하고 모듈포트를 부착하여 벽면녹화를 하는 일입니다. 기술자를 도와 보조업무를 하실분을 찾습니다. - 모집 요건 - 1. 출장 가능하신 분 2. 운전 가능하신 분 3. 고소공포증 없으신 분 (가끔 높은 곳에 식물을 심거나 관리를 해야 하는 경우가 있습니다) 4. 조경관련 자격증 소지자 우대(조경기능사, 조경기사, 각종 원예자격증 등) - 업무 내용 - 1. 업무 시간: 오전 9시 ~ 오후 6시 (점심시간 1시간) / 토요일 격주 근무 2. 업무 내용: 시공시 기술자 보조 업무 (식물, 시스템관련), 식물유지관리 (내,외부) 3. 3개월 수습기간 후 정규직 채용 검토 4. 시급 : 최저시급적용 5. 4대보험 가입 6. 필요서류: 이력서, 자격증사본(보유시)",조경시설물 설치원,조경물설치원,학력무관,관계없음,"시급 10,320원 ~ 10,320원",고용형태,"부산광역시 기장군 철마면 강변길 67-12, A-4 수직정원 (수직정원)",1명,2026-09-08 21:00:15
https://www.jobkorea.co.kr/Recruit/GI_Read/5603806/Ext?siteCode=WN&sc=,821200,"구리 바를 치수에 맞게 절단 및 사상작업 등을 합니다. - 도면 숙지가 되면 타공, 절곡 등의 업무를 할 수 있습니다.",금속가공 기계 조작원,-,학력무관,관계없음,"시급 10,320원 이상",고용형태,부산광역시 강서구 녹산산단382로14번가길 23 (송정동),1명,2026-09-08 21:00:15
https://www.jobkorea.co.kr/Recruit/GI_Read/5602119/Ext?siteCode=WN&sc=,159103,"CAD / CAM 정규직 사원을 모집합니다. 저희 회사는 레이저 가공, 절단 절곡 업무를 하고 있는 업체입니다. 함께 할 수 있는 회사를 만들어 가고 있습니다.",기계·금속 제도사(캐드원),-,학력무관,경력,"연봉 4,000만원 이상",고용형태,부산광역시 강서구 녹산산단17로 48-10 (송정동),1명,2026-09-08 21:00:15
https://www.jobkorea.co.kr/Recruit/GI_Read/5603319/Ext?siteCode=WN&sc=,550101,"1. 모집인원: 요양보호사 2명 2. 모집기간: 2026.09.01. ~ 2026.09.16. 3. 준비서류: 이력서, 자격증 사본 각 1부씩 4. 근무시간: 2교대 근무자(09시~18시, 18시~익일09시) 5. 직원복리후생 : - 명절 선물 및 상여금 지급 - 장기근속자 포상(5년, 10년) - 생일 상품권 지급 - 교통비 및 경조사비 지급 6. 접수방법: 우편접수, 팩스접수, 이메일접수(mrsw2006@hanmail.net) 7. 채용방법: 1차 서류심사, 2차 면접(1차 서류합격자에 한함) 8. 문의전화 : 051-552-790",요양보호사(노인요양사),-,학력무관,관계없음,월급 215만원 ~ 236만원,고용형태,부산광역시 동래구 금정마을로 59-6 (온천동),2명,2026-09-08 21:00:15
https://www.jobkorea.co.kr/Recruit/GI_Read/5604069/Ext?siteCode=WN&sc=,028400,"회사소개 (주)성창사는 1994년 설립 이래 가전제품 부품 핵심인 와이어링 하네스(Wiring Harness) 분야를 선도해 온 부산 강서구 소재의 제조기업입니다. 30년 가까운 업력을 가진 기업으로 품질 경쟁력을 인정받아 대기업협력사(LG전자)로서 입지를 다져왔습니다. 오랜 기간 다져온 탄탄한 기술력과 안정적인 경영 바탕위에 자재부서 인재를 모시고자 합니다. 책임감 있는 분들의 많은 지원 바랍니다. ○ 모집부서 : 자재팀 ○ 채용구분 : 신입 / 경력 ○ 우대사항 - 꼼꼼하고 책임감 있는 성향을 지니신분 - 제조업 자재 구매,발주,재고 관리 등 경력 지니신분 - 엑셀 활용 우수자 ○ 급여조건 : (면접 후 협의) ○주요업무 - 자재 구매 및 발주 관리 - 입고 확인 및 재고 관리 - 생산,영업,품질 부서와 소통하며 업무조율 ■ 복리후생 출퇴근 지원 : 통근버스 운영 식사 및 휴식 : 구내식당 중식 제공, 커피/녹차 제공 근무문화 : 자유로운 연차,반차 사용, 자율복장 기타 복지 : 생일수당 제공, 외근시 유류비 지원",자재관리 사무원,-,학력무관,관계없음,"연봉 3,200만원 ~ 4,000만원",고용형태,"부산광역시 강서구 식만로 33-23, (주)성창사 (죽림동)",1명,2026-09-08 21:00:16
https://www.jobkorea.co.kr/Recruit/GI_Read/5604070/Ext?siteCode=WN&sc=,153301,"○ 채용구분 : 신입 ○ 우대사항 - 꼼꼼하고 책임감 있는 성향을 지니신분 - 엑셀 활용 우수자 , CAD 가능 우대 - 차량소지자 (고객사 외근시 유류대 지급) ○ 급여조건 : 신입 연 3,200만원 ~ (면접 후 협의 가능) ○주요업무 - 고객사 도면에 준하여 하네스 개발 - 고객사 연구소와 소통하며 협업 ■ 복리후생 출퇴근 지원 : 통근버스 운영 식사 및 휴식 : 구내식당 중식 제공, 커피/녹차 제공 근무문화 : 자유로운 연차,반차 사용, 자율복장 기타 복지 : 생일수당 제공, 외근시 유류비 지원",전자부품 개발 기술자 및 연구원,-,학력무관,관계없음,"연봉 3,200만원 이상",고용형태,"부산광역시 강서구 식만로 33-23, (주)성창사 (죽림동)",1명,2026-09-08 21:00:16
https://www.jobkorea.co.kr/Recruit/GI_Read/5604302/Ext?siteCode=WN&sc=,231100,"- 채용인원 : 1명 - 계약기간 : 2026. 10. 01.~2026. 12. 31 - 응시자격 : 해당부분 자격 소지자 및 관련 경력자 우대 - 제출서류 * 서류 전형 시 제출서류 : 1) 입사지원서(채용모집요강 참고) 2) 이력서, 자기소개서(자유양식) 3) 개인정보보호 수집 및 활용 동의서(채용모집요강 참고) 4) 특수관계 부존재 각서(채용모집요강 참고) * 서류 전형 합격 시 제출서류 : 1) 최종학교 졸업(예정)증명서, 성적증명서 2) 경력증명서, 자격증 사본(해당자에 한함) 3) MBTI검사 결과기록지(3개월 이내) 1부 - 제출기간 : 2026년 9월 16일(수) 오후14시까지 (공고기간 2026. 9. 1. ~ 2026. 9. 16.) - 제출방법 : 우편 혹은 방문접수 - 전형일시 1) 1차 서류전형 : 2026년 9월 16일이후(개별통지) 2) 2차 면접전형 : 2026년 9월 16일이후(개별통지) - 기타문의 : 용호복지관 051-628-6737",사회복지사,-,학력무관,관계없음,월급 216만원 이상,고용형태,"부산광역시 남구 이기대공원로 7, 용호종합사회복지관 (용호동)",1명,2026-09-08 21:00:16
https://www.jobkorea.co.kr/Recruit/GI_Read/5604341/Ext?siteCode=WN&sc=,813201,금형가공 및 홀가공,CNC 선반 조작원(NC 선반 조작원),CNC선반기능원,학력무관,경력,월급 300만원 이상,고용형태,부산광역시 강서구 공항로393번길 37-2 (대저2동),1명,2026-09-08 21:00:16
https://www.jobkorea.co.kr/Recruit/GI_Read/5603672/Ext?siteCode=WN&sc=,550102,"안녕하세요. 이음간호재가복지센터 센터장입니다. 3등급 할아버지(주 6일 오전), 4등급 할머니(주 6일 오후) 돌봐주실 요양보호사 선생님 모집합니다. 어르신 댁은 남구 대연동 남부경찰서 부근 삼익그린타운 이고 어르신 두 분만 거주합니다. * 할머니는 치매가 있는 어르신으로 치매 어르신에 대한 경험이 있는 분이면 좋을 것 같구요. * 할아버지는 현재 거동이 어렵고 누워 계신 상태입니다.(현재 등급변경 신청 중) 전화주시면 더 자세히 설명드리겠습니다. 많은 지원 부탁드립니다. *시급 : 13,500원(기타제수당 포함) *대상자 : 3등급 할아버지(등급 변경 신청 중), 4등급 할머니 *근무시간 : 주 6일(10시~13시), 주 6일(13시~16시) *근무지 : 남구 대연동 *직무내용 : 방문요양 서비스",재가 요양보호사,재가요양보호사,학력무관,관계없음,"시급 10,700원 ~ 10,700원",고용형태,"부산광역시 남구 황령대로319번가길 142, 0 (대연동, 삼익그린타운)",1명,2026-09-08 21:00:16
https://www.jobkorea.co.kr/Recruit/GI_Read/5604343/Ext?siteCode=WN&sc=,231100,사회복지 3대기능 사업에 따른 사회복지업무 1) 사례관리사업 2) 지역사회조직사업 3) 서비스제공사업,사회복지사,-,학력무관,관계없음,월급 228만원 ~ 247만원,고용형태,"부산광역시 북구 금곡대로199번길 21, 화명종합사회복지관 (화명동)",1명,2026-09-08 21:00:17
https://www.jobkorea.co.kr/Recruit/GI_Read/5604160/Ext?siteCode=WN&sc=,531803,"[사상구 요양병원 조리원 모집] * 근무지: 부산 사상구 대동로 95, 삼인요양병원 * 주요업무: 조리, 전처리, 배식, 설거지 등 * 근무시간: 06:00~18:00 / 주 5일 스케줄 근무 * 휴게시간: 총 3시간 30분 · 07:20~08:20 (1시간) · 11:00~11:30 (30분) · 12:00~13:00 (1시간) · 14:30~15:30 (1시간) * 연봉: 27,000,000원~28,000,000원",병원 급식 조리사,-,학력무관,관계없음,"연봉 2,700만원 ~ 2,800만원",고용형태,"부산광역시 사상구 대동로 95, , 삼인요양병원 (학장동)",1명,2026-09-08 21:00:17
https://www.jobkorea.co.kr/Recruit/GI_Read/5603970/Ext?siteCode=WN&sc=,550100,"[안락동]차량운전 방문목욕 요양보호사 - 대상자 방문목욕 서비스 제공 및 차량운전 - 운전가능하신분 우대(운전수당별도지급) - 주5일, 9~18시 내에서 스케줄근무 - 시급 21,000원 - 센터위치 : 안락2동 주민센터 인근",요양보호사,-,학력무관,관계없음,"시급 10,320원 ~ 21,000원",고용형태,"부산광역시 동래구 명안로26번길 106, 예다움노인복지센터 (안락동)",2명,2026-09-08 21:00:17
https://www.jobkorea.co.kr/Recruit/GI_Read/5603808/Ext?siteCode=WN&sc=,834000,"[모집직무] 변압기 시험, 시험설비 유지/보수 [직무소개] 엘에스일렉트릭 입주 업체에서 초고압 변압기 제품의 최종 시험 또는 시험 보조를 담당하는 인력을 모집합니다. [주요업무] - 초고압 변압기 시험 진행 - 시험 데이터 기록 및 분석 - 시험 보고서 작성 - 시험 장비 관리 및 유지 보수",전기 및 전자설비 조작원,-,고졸~대졸(4년),신입,"시급 11,000원 ~ 11,000원",고용형태,"부산광역시 강서구 화전산단5로117번길 35, (주)엘에스일렉트릭 1시험실 트리플리(EEE) (화전동)",3명,2026-09-08 21:00:17
https://www.jobkorea.co.kr/Recruit/GI_Read/5604434/Ext?siteCode=WN&sc=,813202,[직무소개] 조선기자재 납품 업체로서 다량의 범용 선반 관리 및 납품 프로세스 경험을 가진 인재를 찾고 있습니다. [주요업무] - 범용선반 설치 및 관리,범용 선반 조작원,-,학력무관,경력,월급 400만원 ~ 430만원,고용형태,부산광역시 사하구 홍티로 133,1명,2026-09-08 21:00:18
https://www.jobkorea.co.kr/Recruit/GI_Read/5603984/Ext?siteCode=WN&sc=,890000,"*2개월 근로 계약(기간제 근로계약) 후 재계약 시 정규직 전환 ※2개월 계약기간 시급 : \10,320 ※정규직 전환 시점에 시급 인상 : \10,500 - 인근거주자 및 장기적 근무할 정규직원 우대 *A 업무 -생산직 (도금기계로 자동생산 - 버튼, 기계 조작 및 제품 적재,준비,정리 등 ) *B 업무 -단순 생산(검사,포장,제품 준비 등) ※업무 -단순생산 * 잔업시 ~20:30 (휴게30분추가) * 토요 근무시 특근(오전)8:30~(오후)5:30 * 특근, 연장근로수당 별도",기타 제조 관련 단순 종사원,-,학력무관,관계없음,"시급 10,320원 이상",고용형태,부산광역시 사하구 다산로 230 (장림동),9명,2026-09-08 21:00:18
https://www.jobkorea.co.kr/Recruit/GI_Read/5603872/Ext?siteCode=WN&sc=,890006,"초보도 얼마든지 가능하며 돈까스 생산, 포장하는 업무",식품 분야 단순 종사원,식품 육안 선별원,학력무관,관계없음,"시급 10,320원 ~ 11,500원",고용형태,부산광역시 강서구 대저중앙로71번가길 20 (대저1동),1명,2026-09-08 21:00:18
https://www.jobkorea.co.kr/Recruit/GI_Read/5603663/Ext?siteCode=WN&sc=,550102,"[용호동] 방문 목욕 재가요양보호사 -근무지 : LG메트로시티 -대상자 : 4등급 남자어르신 -근무시간 : 주1회(목요일) 4시~5시/시간, 요일 조율가능 -케어내용 : 목욕업무 -시급 : 20,000원(제수당포함)",재가 요양보호사,-,학력무관,관계없음,"시급 10,320원 ~ 10,320원",고용형태,"부산광역시 남구 분포로 111, . (용호동, 엘지메트로시티)",1명,2026-09-08 21:00:18
https://www.jobkorea.co.kr/Recruit/GI_Read/5604657/Ext?siteCode=WN&sc=,532302,"부경대학교 세종1관 기숙사 식당 조리원 모집공고 <업무내용> ▶업무: 기숙사(부경대세종1관) 식당 조리원- 전처리, 설거지, 배식, 조리보조, 찬모 등 (사업장 정년 만60세임) ▶근무시간 : 주6일 - 평일 오전반 06:00~14:45 - 오후반 10:30~19:30 (평일은 격주로 오전/오후 교대근무) - 주말 06:00~19:45 (토,일 중 하루 휴무) ▶급여 : 시급 10,578원 ▶기타 : 4대보험, 퇴직연금 / 식사제공 / 경조사비 지원 - 수습기간 후 정규직 전환 - 정년이후에 촉탁직으로 계약가능",단체 급식 보조원,단체급식보조원,학력무관,관계없음,"시급 10,578원 이상",고용형태,"부산광역시 남구 용소로 45, 부경대학교 대연캠퍼스 세종1관 기숙사식당 (대연동)",6명,2026-09-08 21:00:18
https://www.jobkorea.co.kr/Recruit/GI_Read/5603807/Ext?siteCode=WN&sc=,550102,부산 사상실버웰 방문요양보호사 구인합니다. 수급자 : 여자 어르신 등급 : 4등급 나이 : 86세 근무장소 : 연산동 업무 : 어르신 일상생활지원 및 가사활동지원 / 식사준비 및 밑반찬 근무시간 : 주 5회 - 월~금 13:00-16:00 *요양보호사 자격증 필수,재가 요양보호사,재가요양보호사,학력무관,관계없음,"시급 10,320원 ~ 10,320원",고용형태,"부산광역시 연제구 연제로 21, 힐스테이트 (연산동, 연제힐스테이트)",1명,2026-09-08 21:00:18
https://www.jobkorea.co.kr/Recruit/GI_Read/5603989/Ext?siteCode=WN&sc=,532302,"무이재한방병원 부산점 직원 모집 📍 근무지: 부산 기장군 기장읍 당사리 530 💰 시급: 10,320원~11,000원 ① 전처리 조리원 업무: 식재료 전처리 및 칼질 조리보조 근무시간: 04:30~14:00 / 10:30~19:30 로테이션 근무 출근시간 유동적 근무요일: 주 5일(주말 포함) 시급: 11,000원 월 240~265사이 근무시간과 요일은 스케줄에 따라 유동적으로 변경될 수 있습니다. 전처리 및 칼질 가능자 지원 ② 평일+주말 매니저 업무: 배식, 사무보조, 조리보조, 홀 관리 평일: 08:30~17:30(휴게 1시간) 주말: 07:00~17:30(휴게 1시간) 근무요일: 월·수·금·토·일 평일 근무요일은 협의 후 변경 가능 시급: 11,000원 월 230~250만원사이 고객 응대 서비스가 가능자 선호 ③ 주말 매니저 업무: 배식, 사무보조, 조리보조, 홀 관리 근무시간: 07:00~18:30(휴게 1시간) 근무요일: 토·일, 주 2일 시급: 11,000원 고객 응대 서비스가 가능한자 선호 ④ 평일 홀 조리원 업무: 홀 관리 및 조리보조 근무시간: 08:30~17:30(휴게 1시간) 근무요일: 월~금, 주 5일 시급: 10,320원 (월 215만원가량)",단체 급식 보조원,단체급식보조원,학력무관,관계없음,"시급 11,000원 이상",고용형태,부산광역시 기장군 동부산관광1로 60,3명,2026-09-08 21:00:19
https://www.jobkorea.co.kr/Recruit/GI_Read/5602529/Ext?siteCode=WN&sc=,550102,"4등급 42년생 여자 어르신 케어 - 근무시간 : 주 5일 / 오전 09시00분 - 12시00분 (3시간) - 근무내용 : 신체지원, 가사지원, 정서지원 요양보호사 자격증, 건강검진결과지(최종 합격 후 제출 요함) 포괄시급 : 13,000원(기본급 (10,320원) +연차수당 +주휴수당 +기타수당)",재가 요양보호사,재가요양보호사,학력무관,경력,"시급 10,320원 이상",고용형태,"부산광역시 금정구 서동로194번길 73, 인근 (서동, 공작연립)",1명,2026-09-08 21:00:19
https://www.jobkorea.co.kr/Recruit/GI_Read/5598853/Ext?siteCode=WN&sc=,813200,"[모집직무] CNC 밀링기 조작원(NC 밀링기 조작원), 범용 밀링기조작원, 머시닝센터(MCT) 조작원 [직무소개] 우리 회사는 고급 기계 및 부품 제작에 핵심적인 역할을 담당하는 자문 일을 수행합니다. CNC 밀링기, 범용 밀링기, MCT를 활용하여 정밀 제작 과정에 참여할 능력 있는 인재를 찾고 있습니다. [주요업무] - CNC 밀링기, 범용 밀링기 및 MCT를 이용하여 다양한 재료로부터 고품질 부품을 제작합니다. - 작업 지시 및 설계도를 정확하게 이해하고, 기계를 조작하여 제품의 정밀도와 완성도를 확보합니다. - 작업 중 발생하는 문제를 해결하고, 작업 프로세스를 효율적으로 관리합니다. - 기계 유지보수 및 청소를 통해 안전하고 정확한 작업 환경을 유지합니다.",금속 공작기계 조작원,밀링기조작원,학력무관,관계없음,월급 300만원 ~ 300만원,고용형태,"부산광역시 기장군 장안읍 장안산단1로 12-15, 1층 현장",1명,2026-09-08 21:00:19
https://www.jobkorea.co.kr/Recruit/GI_Read/5599443/Ext?siteCode=WN&sc=,550100,"[다대낙조2길]재가요양보호사 - 4등급 76세 여자어르신 - 재가요양보호사 업무(식사준비,청소등) - 주5회(월~금), 9:00~12:00 (방문요양) - 시급 : 10,320원 +주휴,연차수당 > 13,000원 - 다대 도시몰운대임대아파트",요양보호사,-,학력무관,관계없음,"시급 10,320원 ~ 10,320원",고용형태,"부산광역시 사하구 다대낙조2길 50 (다대동, 도시몰운대임대아파트)",1명,2026-09-08 21:00:19
https://www.jobkorea.co.kr/Recruit/GI_Read/5599413/Ext?siteCode=WN&sc=,550102,"[강서구 명지동] 3등급 요양보호사 채용 / 주2일 (월, 금)○ 명지국제 7로 110/ 명지동 더 힐 시그니처○ 대상자 : 여자 / 70대 후반 / 거동가능 / 배우자랑 거주하나 대상자만 케어하면 됨○ 근무일시 : 주 2일, 13:00~16:00○ 일상생활 지원 및 가사지원○ 포괄시급 : 14,000원 (시급+주휴수당+연차수당 등 제수당 포함▶ 지원문의 : 051-888-6915* 실제 서비스 제공 기간에 따라 임금을 계산하여 지급하는 형태로 채용 시 근로자마다 주 소정근로시간이나 임금, 근무(예정)지 등에 차이가 있을 수 있음.",재가 요양보호사,-,학력무관,관계없음,"시급 10,320원 ~ 10,320원",고용형태,"부산광역시 강서구 명지국제7로 110, . (명지동, 더 힐 시그니처)",1명,2026-09-08 21:00:20
https://www.jobkorea.co.kr/Recruit/GI_Read/5604293/Ext?siteCode=WN&sc=,027206,[직무소개] 우리 회사는 국내외 주요 대기업 및 중소기업에 안전보호구 및 전문 제품을 납품하고 유통하는 안전보호구 전문 회사입니다. 안전용품을 국내 기업에 공급하는 업무에서 경험과 전문성을 바탕으로 경리 및 총무 업무를 지원해주실 인재를 찾습니다. [주요업무] - 매출 및 지출 관리 - 세금계산서 발행 및 관리 - 재고 및 재고 관리 시스템 업데이트 - 전화 응대 및 고객 문의 처리 - 문서 작성 및 관리 - 택배 일부 보조 - 중식비 별도지급,경리 사무원(일반사업체),-,학력무관,경력,월급 220만원 이상,고용형태,"부산광역시 부산진구 개금본동로 3, 정오빌딩, 1층 (개금동, 정오빌딩 1층)",1명,2026-09-08 21:00:20
https://www.jobkorea.co.kr/Recruit/GI_Read/5598948/Ext?siteCode=WN&sc=,532301,『센텀 구이면 막회리』 주방 보조 모집 직무 내용 : 음식 조리 보조 및 주방 업무 근무 시간 : 16:00~23:00 **이력서 지참해서 채용담당자 전화 후 방문해주시면 됩니다.,주방 보조원(일반 음식점),-,학력무관,관계없음,"시급 12,000원 ~ 12,000원",고용형태,"부산광역시 해운대구 센텀중앙로 90, 별동 127호 (재송동, 큐비이센텀)",1명,2026-09-08 21:00:20
https://www.jobkorea.co.kr/Recruit/GI_Read/5599274/Ext?siteCode=WN&sc=,151101,"자동차 내장재 생산 설비 설계 - PRESS 류(열(풍)융착기, 감싸기, 트리밍기 등) - 컨베어이류(간이 오븐, 이송대차 등), - JIG류(형상 지그) - 3D설계는 아니더라도 3D 프로그램을 통한 DATA 검토 및 JIG류 제품 SET-UP은 가능하면 좋습니다.",산업기계공학 기술자 및 연구원,공작기계(설계)공학기술자,학력무관,경력,"연봉 5,000만원 ~ 5,100만원",고용형태,"부산광역시 강서구 평강로345번길 37, 37 (대저1동)",1명,2026-09-08 21:00:20
https://www.jobkorea.co.kr/Recruit/GI_Read/5599312/Ext?siteCode=WN&sc=,532900,"병원 식당에서 근무 전처리, 환자식 배식, 식기 세척 등 업무 ""실업급여 수급을 위한 입사지원은 자제 바랍니다.""",기타 식음료 서비스 종사원(병원 배식원),병원배식원,학력무관,관계없음,월급 271만원 ~ 271만원,고용형태,부산광역시 북구 금곡대로 133 (덕천동),2명,2026-09-08 21:00:21
https://www.jobkorea.co.kr/Recruit/GI_Read/5599313/Ext?siteCode=WN&sc=,813204,"밀링금속 가공업무, 밀링2호기, 5호기 / 금속재료시험편가공 /회사사정에 따라 연장근로할 수 있음 (연장수당 별도 지급) * 밀링 가능하신 분을 원합니다 *",범용 밀링기조작원,범용밀링기기능원,학력무관,신입,월급 260만원 ~ 260만원,고용형태,부산광역시 사상구 가야대로195번길 12-21 (주례동),1명,2026-09-08 21:00:21
https://www.jobkorea.co.kr/Recruit/GI_Read/5599275/Ext?siteCode=WN&sc=,026202,"함께 장기근속할 성실한 응시자의 많은 지원 바랍니다. 인발파이프 발주부터 납품까지의 전반적인 영업업무 및 자재 관리 제조가공파이프 영업관련 거래명세서 및 계산서, 견적관련 사무 업무 운전가능자, 컴퓨터활용능력 우수자 우대",영업 기획·관리·지원 사무원,-,학력무관,관계없음,"연봉 3,000만원 ~ 3,200만원",고용형태,"부산광역시 기장군 명례산단7로 16, 동연스틸(주)명례공장",1명,2026-09-08 21:00:21
https://www.jobkorea.co.kr/Recruit/GI_Read/5599338/Ext?siteCode=WN&sc=,027102,"- 부가가치세신고, 원천세신고등 관련업무 - 장부기장및 결산업무(개인사업자,법인사업자) - 위하고사용 - 엑셀등 전산업무 능숙 - 신입 또는 경력(1년 이상 우대)",회계 사무원(회계·세무 사무소),-,학력무관,관계없음,"연봉 2,600만원 ~ 2,800만원",고용형태,"부산광역시 동구 중앙대로 414, 에스오일 B/D 3층 (좌천동)",1명,2026-09-08 21:00:21
https://www.jobkorea.co.kr/Recruit/GI_Read/5600144/Ext?siteCode=WN&sc=,890006,"[모집직무] 육류‧어패류 및 낙농품 가공 기계 조작원, 어패류(수산물) 가공기계 조작원, 농림어업 및 기타 생산 관리자 [직무소개] 저희 회사는 신선하고 고품질의 해산물을 생산하는 전문 기업입니다. 본 직무는 문어와 연어회 생산부터 소분 포장까지를 담당하여 안정적인 생산 체계를 유지하는 데 기여합니다. [주요업무] - 문어와 연어회의 생산 및 가공 - 기타 수산물 소분 작업 - 생산 기계의 안전하고 효율적인 운영 - 제품의 품질 관리 및 기준 준수 - 포장 및 라벨링 작업 - 생산 공정의 효율성 개선을 위한 노력",식품 분야 단순 종사원,-,학력무관,경력,"시급 10,320원 이상",고용형태,"부산광역시 사하구 다대로 148, 1층 (신평동)",2명,2026-09-08 21:00:21
https://www.jobkorea.co.kr/Recruit/GI_Read/5599987/Ext?siteCode=WN&sc=,550102,"4등급 65세 남자 어르신 ▶ 근무지 : 부산 남구 용호로 198번길 74 (용호동) ▶ 근무일정 방문요양 주 6회 / 월-토 오전,오후 모두 가능 ▶ 시급 10,320원 [ 제수당포함 시간당 13,300원 ] ▶ 근무내용 : 전반적인 가사 도움, 청소, 말벗",재가 요양보호사,-,학력무관,신입,"시급 10,320원 ~ 10,320원",고용형태,"부산광역시 남구 용호로198번길 74, . (용호동)",1명,2026-09-08 21:00:22
https://www.jobkorea.co.kr/Recruit/GI_Read/5600415/Ext?siteCode=WN&sc=,531803,"병원 조리실 근무 주 5일 근무(근무일은 고정이 아니라 평균적으로 일주일 중 5일 근무이기 때문에 주말, 공휴일, 명절 근무 가능하신분) : 공휴일,명절 근무시, 평일 대체 휴무 또는 추가 수당 지급 - 조리사 면허증 소지자 우대(없어도 상관없음) - 병원 경력 우대 - 신입 지원가능 - 환자수 현재 약 60명+직원 점심 20명 병동배식 업무없으며 주방 인원 안정되어있습니다. 많은 지원 바랍니다",병원 급식 조리사,병원급식조리사,학력무관,관계없음,"연봉 2,800만원 ~ 2,900만원",고용형태,"부산광역시 동구 범일로 112, 더힐러스병원 (범일동)",1명,2026-09-08 21:00:22
https://www.jobkorea.co.kr/Recruit/GI_Read/5600152/Ext?siteCode=WN&sc=,890000,"[강서구 대저동]단순생산직 - e.v.a스펀지 재단 및 프레스 생산직 -자동차 부품 스펀지 재단, 프레스 작업 -평일: (오전) 8시 00분 ~ (오후) 5시 30분 -격주 토요일근무: (오전) 8시 00분 ~ (정오) 12시 00분 -시급 10320원(월급여 215만원) -강서구 5, 22번 공항상회 정거장 인근 *F-2, F-4, F-5, F-6 등 취업가능한 체류자격 비자 구직자 가능",기타 제조 관련 단순 종사원,-,학력무관,관계없음,"시급 10,320원 이상",고용형태,부산광역시 강서구 평강로 184-1 (대저1동),2명,2026-09-08 21:00:22
https://www.jobkorea.co.kr/Recruit/GI_Read/5600416/Ext?siteCode=WN&sc=,026503,"1. 직급 및 인원 : 시설관리 9급, 1명 2. 임용예정일 : 2026.10.1. 자 발령 3. 원서접수 일정 : 2026.9.14. (월) - 2026.9.21. (월) 10:00 이메일 접수 마감 4. 원서접수 방법 : 이메일 접수 (donglim6163@korea.com) 5. 기타 자세한 사항은 첨부 파일이나, 법인사무국 051-865-6163 으로 전화 주세요.",학교행정 사무원(교무),-,학력무관,신입,"연봉 3,000만원 ~ 3,500만원",고용형태,"부산광역시 사하구 괴정로244번길 63, 행정 (괴정동)",1명,2026-09-08 21:00:22
https://www.jobkorea.co.kr/Recruit/GI_Read/5600442/Ext?siteCode=WN&sc=,027102,부가가치세 및 소득 법인세 등 각종 세무신고 위한 업무 ◎부산고용센터 채용대행◎ 부산고용센터에서 입사지원서 취합을 돕고 있습니다. 사업장에서 서류 검토 후 개별 연락이 갈 예정입니다. 감사합니다. 지원방법:★고용24 구인공고 아래 보이는 ‘고용24 입사지원’ 클릭★,회계 사무원(회계·세무 사무소),회계사무원(회계사무소),학력무관,경력,월급 240만원 ~ 250만원,고용형태,부산광역시 부산진구 가야대로 515 (가야동),1명,2026-09-08 21:00:22
https://www.jobkorea.co.kr/Recruit/GI_Read/5600443/Ext?siteCode=WN&sc=,550101,* 요양원 입소 어르신에 대한 케어서비스 지원 (주간) 9시 00분~ 18시 00분 / 휴게시간 1시간 (중간)11시00분~ 20시 00분/ 휴게시간 1시간 (야간) 20시 00분~익일 9시 00분 / 휴게시간4시간 주간 근무 월 평균 10~11회 중간 근무 월 평균 5~6회 야간 근무 월 평균 5~6회,요양보호사(노인요양사),요양보호사,학력무관,관계없음,월급 240만원 ~ 250만원,고용형태,"부산광역시 금정구 청룡예전로43번길 25, 금정노인요양원 (청룡동)",3명,2026-09-08 21:00:22
https://www.jobkorea.co.kr/Recruit/GI_Read/5598854/Ext?siteCode=WN&sc=,232100,"영아반 담임교사 준비서류 : 이력서, 자격증, 자기소개서, 경력증명서 메일첨부 후 문자주세요 채용건강검진, 보건증, 잠복결핵, 가족관계증명서, 등본(합격시 제출)",보육교사,어린이집센터장,학력무관,경력,월급 220만원 ~ 230만원,고용형태,"부산광역시 수영구 광안해변로326번길 31 (민락동, e편한세상 오션테라스 4단지)",1명,2026-09-08 21:00:23
https://www.jobkorea.co.kr/Recruit/GI_Read/5598855/Ext?siteCode=WN&sc=,026501,"직무 내용 ◆ 경리사무원(보조) 모집합니다. -전화업무, 문서작성 (엑셀,한글 등) -영수증 정리, 서류 정리, 착수서류 취합 보조 -회계사무실 가기 전까지 업무 등의 경영관리 전반적인 (보조)업무 입니다. ◆ 그외 업무 직속상사의 업무효율성을 기하기 위한 - 일정예약, 일정전달, 사내·외로부터 접수된 내용 전달. - 정보수집 및 전달, 문서작성 지원업무 - 내/외부 소통 등 기타 지원 업무수행 등 ◆ 기타 - 4대보험(필수), 퇴직금 지급(1년 이상 근무시 발생) - 점심식사 제공 (전용구내식당) - 급여조건 : 연봉 2,516-3,000만원 (면접시 협의가능 또는 3개월이후 협의가능) - 운전가능자 우대 <필수는 아님> 구직신청은 (이력서,자기소개서 등) 이메일 접수로만 받습니다. 담당자에게 전화 지양하시기 바랍니다. 센스 있고 계획적인 분과 함께 하고 싶습니다. 많은 지원 바랍니다.",총무 및 일반 사무원,업무지원사무원,학력무관,신입,"연봉 2,588만원 ~ 3,100만원",고용형태,"부산광역시 해운대구 반송로525번길 25, 302호 (석대동)",1명,2026-09-08 21:00:23
https://www.jobkorea.co.kr/Recruit/GI_Read/5600449/Ext?siteCode=WN&sc=,550101,"입소어르신 전반적인 케어업무 근무시간-08:30~18:00 휴게시간 1시간30분 /18:00~09:00(한달에 5~6번) 휴게시간 6시간, 주야간 교대근무 , 법정공휴일 대체 휴무",요양보호사(노인요양사),노인요양사,학력무관,관계없음,월급 256만원 이상,고용형태,부산광역시 북구 양달로 55 (화명동),2명,2026-09-08 21:00:23
https://www.jobkorea.co.kr/Recruit/GI_Read/5599311/Ext?siteCode=WN&sc=,813210,금속 가공 관련 머시닝센터 조작원 모집,머시닝센터(MCT) 조작원,-,학력무관,경력,"연봉 4,000만원 ~ 6,000만원",고용형태,"부산광역시 사상구 낙동대로902번길 48, 유니텍 (감전동)",2명,2026-09-08 21:00:23
https://www.jobkorea.co.kr/Recruit/GI_Read/5600464/Ext?siteCode=WN&sc=,817300,당사는 컨테이너 수리업의 선두 기업입니다. 평생 직장을 제공하겠습니다. 업무 - 컨테이너 데미지 확인 - 레포트 작성( 영문으로 작성- 초보자도 금방 배울 수 있음) - 사진 촬영 - 현장 업무 및 검사 경력자 우대 - 컨테이너 수리 최종 확인 기본급 280만원 + 평일 연장 1시간 + 주말 근무 가능 하신분 우대 **경력자 협의 가능**,운송장비 조립원(항공기·선박·철도기관차·전동차 등 검사원 포함),항공기기체조립원,학력무관,경력,월급 280만원 이상,고용형태,"부산광역시 강서구 신항남로 372, 부산신항만 (성북동)",1명,2026-09-08 21:00:24
https://www.jobkorea.co.kr/Recruit/GI_Read/5600408/Ext?siteCode=WN&sc=,813201,"cnc 선반 파트 조작원 경력직 모집합니다 현재 15""cnc 가 있는 터닝파트에서 가공및 셋팅을 담당자책임자와 파트를 맡아 하실 경력직을 모집하고있습니다 임가공 위주의 현장",CNC 선반 조작원(NC 선반 조작원),CNC lath가공원,학력무관,경력,"연봉 4,000만원 이상",고용형태,"부산광역시 사상구 대동로223번길 27, 금강정밀공업 (학장동)",1명,2026-09-08 21:00:25
https://www.jobkorea.co.kr/Recruit/GI_Read/5601050/Ext?siteCode=WN&sc=,550102,"[다대5지구] 아파트 거주 - 3등급, 할머니, 50년생, 독거 - 주 5일 - 09:30-12:00 - 신체활동지원, 가사지원 등 문의 및 지원 051-208-1083 또는 핸드폰으로 연락바랍니다.",재가 요양보호사,-,학력무관,신입,"시급 10,320원 ~ 10,320원",고용형태,"부산광역시 사하구 다대낙조2길 9, . (다대동)",1명,2026-09-08 21:00:25
https://www.jobkorea.co.kr/Recruit/GI_Read/5601128/Ext?siteCode=WN&sc=,550100,"[아랫반송 영산대역 인근] 주간보호센터 요양보호사 모집 - 근무장소: 해운대구 반송로797 (참조은재가복지센터) - 08:30~17:30 (휴게 1시간) / 주5일 - 주간보호센터 내 요양보호사 업무 - 월급: 2,156,880원 - 실운전가능한분 우대",요양보호사,-,학력무관,관계없음,"시급 10,320원 이상",고용형태,"부산광역시 해운대구 반송로 797, . (석대동)",1명,2026-09-08 21:00:25
https://www.jobkorea.co.kr/Recruit/GI_Read/5600462/Ext?siteCode=WN&sc=,890002,"- 용접부위 단순 도장 - 간단한 볼트너트 조립 - 홈에 실리콘 작업 - 청소 - 평일 연장, 주말근무 가능하신 분 우대 ****************************************************************** 주 5일(평일) 근무를 기본으로 합니다. 업무 특성상 토·일요일 등 주말 근무가 발생할 수 있으며, 주말 근무가 가능한 분을 모집합니다. 평일 근무 시 1일 1시간의 연장 근무가 있을 수 있습니다. 근무일 및 근무시간은 업무 상황 및 회사 운영 계획에 따라 조정될 수 있습니다. 주말 및 연장 근무에 따른 수당은 관련 법령 및 회사 규정에 따라 지급합니다. *평일 5일 근무시 기본급(280만원) *평일 1시간 연장시 연장 수당 지급 *주말 근무시 휴일 수당 지급 ***경력자 급여 협의 가능****",단순 사상원(용접사상 제외-용접원구분),단순사상원,학력무관,경력,월급 280만원 이상,고용형태,부산광역시 강서구 신항남로 372 (성북동),3명,2026-09-08 21:00:25
https://www.jobkorea.co.kr/Recruit/GI_Read/5599990/Ext?siteCode=WN&sc=,890001,"자동용접기에 제품을 넣고 빼는 단순한 일,제품 포장 업무등 주야간 근무가 가능하신분",기계·금속 분야 단순 종사원,기계분야 단순노무자,학력무관,관계없음,"시급 10,320원 이상",고용형태,부산광역시 사하구 하신번영로127번길 10 (신평동),2명,2026-09-08 21:00:26
https://www.jobkorea.co.kr/Recruit/GI_Read/5600838/Ext?siteCode=WN&sc=,550102,"✔ 장기요양 1등급(92세) 할머니 ✔ 주4회 3시간(월, 화, 목 저녁6시~9시/ 수요일 오후5시-8시) ✔ 식사도움, 신체도움, 말벗 등 ✔ 시급 : 15,000원 ✔ 051-757-9971 전화문의 후 방문바랍니다.",재가 요양보호사,재가요양보호사,학력무관,관계없음,"시급 15,000원 이상",고용형태,"부산광역시 수영구 금련로43번길 26, 102 (망미동)",1명,2026-09-08 21:00:26
https://www.jobkorea.co.kr/Recruit/GI_Read/5600463/Ext?siteCode=WN&sc=,824100,"당사는 컨테이너 수리업의 선두 기업입니다. 중장년층 환영합니다. <부산신항쪽 터미널내> 1. 컨테이너의 찢어진 철판을 용접 - 철판을 덧 붙이거나 찢어진 곳 용접 - CO2 용접(두께 2~6t) 2. 기본급 310만원 + 토요근무시 1.5 + 연장근무시 1.5 수당 지급 - 기본 근무 일 수는 주 5일 - 평일 연장 및 주말 근무 가능 3. IMF, 금융위기, 코로나에도 문제없는 견실한 기업입니다. 건강유지시 정년이후에도 계속 근무 하실 수 있습니다 많은 지원 바랍니다. **** 경력자 급여 협의 가능********",용접원,-,학력무관,경력,월급 310만원 이상,고용형태,"부산광역시 강서구 신항남로 372, 부산신항만 (성북동)",2명,2026-09-08 21:00:26
https://www.jobkorea.co.kr/Recruit/GI_Read/5600850/Ext?siteCode=WN&sc=,813210,"MCT조작원(신입,경력) NC밀링",머시닝센터(MCT) 조작원,지그마스타조작원,학력무관,관계없음,"시급 10,320원 이상",고용형태,"부산광역시 강서구 화전산단5로98번길 31 (화전동, 한국초경)",2명,2026-09-08 21:00:26
https://www.jobkorea.co.kr/Recruit/GI_Read/5600417/Ext?siteCode=WN&sc=,027102,"회계사무실 업무로서 회계장부작성과 부가세신고, 원천세신고, 소득세신고, 법인세결산 신고업무입니다.",회계 사무원(회계·세무 사무소),회계사무원(회계사무소),고졸~대졸(4년),경력,"연봉 3,500만원 ~ 4,000만원",고용형태,"부산광역시 부산진구 중앙대로743번길 19, 6층 (부전동)",1명,2026-09-08 21:00:26
https://www.jobkorea.co.kr/Recruit/GI_Read/5599999/Ext?siteCode=WN&sc=,904100,해조류 김 양식 더보기,양식원,-,학력무관,관계없음,"시급 10,320원 ~ 10,320원",고용형태,부산광역시 강서구 낙동남로582번길 21 (녹산동),2명,2026-09-08 21:00:26
https://www.jobkorea.co.kr/Recruit/GI_Read/5601070/Ext?siteCode=WN&sc=,561101,부산 강서구 미음동 공장에서 오전 시간 미화 업무 하실 분 근무시간 : 4시간 30분 근무 ( 오전 7:30 ~ 12:00 ) 휴게시간 : 30분 실 근무시간 : 4시간 [월 수 금 : 본사 / 화 목 : 공장동] 김해시 흥동에 본사가 위치해있습니다. 김해시 흥동에서 면접예정입니다. 참고 부탁드립니다.,"건물 청소원(공공건물,아파트,사무실,병원,상가,공장 등)",-,학력무관,신입,"시급 10,320원 이상",고용형태,"부산광역시 강서구 미음산단4로 25, 부근입니다. (미음동)",2명,2026-09-08 21:00:27
https://www.jobkorea.co.kr/Recruit/GI_Read/5600000/Ext?siteCode=WN&sc=,813201,"[모집직무] CNC 선반 조작원(NC 자동 선반 조작원), [직무소개] 우리 회사는 고품질 바이오 부품(소물류)을 생산하는 업체입니다. 본 채용은 CNC 자동 선반 작업을 담당 할 주간,야간 작업자를 모집합니다. [주요업무] - CNC 자동 선반 조작. - 기계 작동 및 가공 생산.",CNC 선반 조작원(NC 선반 조작원),CNC선반기능원,학력무관,관계없음,"시급 10,320원 이상",고용형태,부산광역시 사상구 모덕로96번길 60 (덕포동),3명,2026-09-08 21:00:27
https://www.jobkorea.co.kr/Recruit/GI_Read/5598858/Ext?siteCode=WN&sc=,027203,"입,퇴사자 서류관리, 건설업 매입매출관리, 현장별 자금관리, 일용직4대보험 및 상용직 4대보험 신고, 급여관리 전표정리 및 회계사무실 서류전달 전까지의 모든서류관리, 토목 및 건축 기술자 우대 연봉 3500(점심식대포함)이상 ~ 협의가능 격주토요일 근무이나 연차 1/2소진으로 토요일근무 제외로 주 5일근무 출산휴가, 육아휴직 들어가는 직원 대체인력구인공고임(계약직아니고 상용직임)",경리 사무원(건설),건설업전표정리원,학력무관,경력,"연봉 3,500만원 이상",고용형태,"부산광역시 해운대구 마린시티3로 1, 선프라자 640호 (우동, 선프라자)",1명,2026-09-08 21:00:27
https://www.jobkorea.co.kr/Recruit/GI_Read/5600851/Ext?siteCode=WN&sc=,550102,"대상자 : 4등급 여자어르신(독거) -60대 업무내용: 일상생활지원(가사,청소,정서)서비스 근무시간:09:00~12:00(주5일) 시급:10,320원(주휴수당 포함 13,000원) 근무지: 북구 금곡동 4주공아파트 =실제서비스 제공기간에 따라 임금을 계산하여 지급하는 형태로 채용시 근로자별로 (주 근로시간) 근로시간,임금,근무(예정)지는 차이가 있을 수 있음을 알려 드립니다.",재가 요양보호사,재가요양보호사,학력무관,관계없음,"시급 10,320원 ~ 10,320원",고용형태,"부산광역시 북구 효열로 76-1, 금곡주공아파트 4단지 (금곡동)",1명,2026-09-08 21:00:27
https://www.jobkorea.co.kr/Recruit/GI_Read/5598949/Ext?siteCode=WN&sc=,532202,"『센텀 구이면 막회리』 홀서빙 정직원 및 파트타임 직원 모집 직무 : 홀서빙 업무 파트타임 직원 근무시간 : (오전파트) 10:00~14:00/ (오후파트) 16:00~23:00 시급 12,000원 정직원 근무시간 : 10:00~23:00 월 3,000,000원 *주1일 휴무 *파트타임 직원은 의사소통 원활한 외국인분 지원 가능 **이력서 지참해서 채용담당자 전화 후 방문해주시면 됩니다.",일반 음식점 접객서빙원,-,학력무관,관계없음,"시급 12,000원 ~ 12,000원",고용형태,"부산광역시 해운대구 센텀중앙로 90, 별동 127호 (재송동, 큐비이센텀)",3명,2026-09-08 21:00:27
https://www.jobkorea.co.kr/Recruit/GI_Read/5599276/Ext?siteCode=WN&sc=,817200,자동차 부품 가공 출하 검사원 - 해당 직무 근무 경험 우대 - 주간만 합니다 - 차량소지자 우대,자동차 부품 조립원(검사원 포함),자동차 엔진 조립원,학력무관,관계없음,"시급 10,320원 이상",고용형태,부산광역시 강서구 미음국제9로 65 (생곡동),1명,2026-09-08 21:00:27
https://www.jobkorea.co.kr/Recruit/GI_Read/5599315/Ext?siteCode=WN&sc=,813101,ㆍ프레스금형 제조 가공,프레스 금형 제조원,-,학력무관,신입,"시급 10,320원 ~ 10,320원",고용형태,부산광역시 강서구 화전산단3로 76,2명,2026-09-08 21:00:27
https://www.jobkorea.co.kr/Recruit/GI_Read/5599316/Ext?siteCode=WN&sc=,027103,"회계프로그램 (회계사무실에 넘기기까지), 4대보험.급여 일반사무직 결산업무",회계 사무원(일반 사업체),회계사무원(일반사업체),학력무관,경력,월급 250만원 이상,고용형태,"부산광역시 강서구 새진목길 68-9, 3층 (명지동)",1명,2026-09-08 21:00:28
https://www.jobkorea.co.kr/Recruit/GI_Read/5599314/Ext?siteCode=WN&sc=,028402,"자재구매 , 생산 일정 관리 *사상시외버스터미널에서 통근버스 출발",자재·구매 사무원(기계·자동차·금속),기계·자동차부품자재관리원,학력무관,신입,"연봉 3,400만원 ~ 3,600만원",고용형태,"부산광역시 강서구 화전산단6로54번길 21, (주)민성",3명,2026-09-08 21:00:28
https://www.jobkorea.co.kr/Recruit/GI_Read/5599403/Ext?siteCode=WN&sc=,532302,"[안락동] 요양병원 조리원 -식자재 전처리, 세척업무 등 단체급식 보조업무 -근무시간 : 6:00-18:00(휴게 3시간) (월8회 휴무, 스케줄근무) -월 급여 294만원 -동래구 안락동(봉생병원 인근)",단체 급식 보조원,-,학력무관,관계없음,월급 294만원 ~ 294만원,고용형태,"부산광역시 동래구 충렬대로 372, 준요양병원 (안락동)",1명,2026-09-08 21:00:28
https://www.jobkorea.co.kr/Recruit/GI_Read/5600444/Ext?siteCode=WN&sc=,231100,"1. 자격기준 1) 필 수 - 사회복지사 자격증 소지자 또는 대학 또는 이와 동등이상의 학력이 있다고 교육과학기술부장관이 인정하는 학교에서 심리학과(복지심리학과 포함)또는 보건복지부령으로 정하는 아동복지 또는 사회복지 관련 교과목을 이수하고 졸업한 자 - 아동·청소년의 성보호에 관한 법률 제56조(아동·청소년 관련기관 등에의 취업제한 등)과 관련한 성범죄 경력이 없는 자 - 아동복지법 제29조의 3(아동관련 기관의 취업 제한 등) 관련한 아동학대 범죄경력이 없는 자 2) 우대사항 - 운전가능자, 심리치료 및 상담 관련 자격증 소지자, 동종업무경력자, 아동보호전문기관 및 아동복지 관련 자원봉사 유경험자 등 2. 직무내용 : 아동학대 사례관리 및 학대예방사업 3. 급여 : 보건복지부 사회복지시설 인건비 가이드라인 준용",사회복지사,-,학력무관,관계없음,월급 228만원 이상,고용형태,"부산광역시 해운대구 좌동순환로 506 (중동, 영풍리젠시)",1명,2026-09-08 21:00:28
https://www.jobkorea.co.kr/Recruit/GI_Read/5600847/Ext?siteCode=WN&sc=,905300,-어선관리 -김 채취 및 망 수선,어업 관련 단순 종사원,표류물채집자,학력무관,관계없음,"시급 10,320원 이상",고용형태,부산광역시 강서구 영강길17번길 23 (명지동),2명,2026-09-08 21:00:28
https://www.jobkorea.co.kr/Recruit/GI_Read/5600002/Ext?siteCode=WN&sc=,029904,"[모집직무] 단순 경리 사무원, 경리 사무원(일반사업체), 경리 사무원(제조) [직무소개] 히터 설계 및 제작 업체에서 생산 관리, 매입 및 매출 관리, 일반 사무 업무를 지원하는 경리 사무원을 모집합니다. 다양한 경리 및 사무 업무를 처리하고 효율적인 업무 환경을 조성하는 데 기여할 기회입니다. [근무시간] -월 ~ 금 : 09:00 ~ 18:00 (점심시간 12:00 ~ 13:00) -토 : 08:30 ~ 13:00 (3주 간격으로 토요일 근무) [주요업무] - 문서 작성(한글, 엑셀 사용) - 간단한 사무 업무 처리 - 매입 매출 관리 - 업무 관련 자료 정리 및 관리",사무 보조원(일반사업체),문서수발원(일반사업체),학력무관,관계없음,월급 230만원 이상,고용형태,"부산광역시 사상구 괘감로 61, 우리전열",1명,2026-09-08 21:00:28
https://www.jobkorea.co.kr/Recruit/GI_Read/5600435/Ext?siteCode=WN&sc=,532300,* 병원 내 급식 조리 보조업무 * 근무시간 : 06:00~17:30(식사및 휴게시간 3.5시간),주방 보조원,-,학력무관,관계없음,월급 235만원 이상,고용형태,부산광역시 남구 수영로 165 (대연동),1명,2026-09-08 21:00:29
https://www.jobkorea.co.kr/Recruit/GI_Read/5600405/Ext?siteCode=WN&sc=,706000,"제강(철강)회사 내 벽돌, 시멘트 형상의 내화물을 지정된 설비에 축조, 시공하는 작업을 합니다. 특히 용광로 시설 벽돌 쌓는 작업을 수행하며, 초보자도 가능합니다. - 실근무지: 사하구 구평동 YK스틸내 - 초보자 가능 (단순 노무) - 중식제공 - 연차수당별도 기타 문의사항은 전화주세요^^ 이력서접수 이메일 : krtech2010@naver.com 또는 팩스(051-207-1033)",건설 및 광업 단순 종사원,-,학력무관,관계없음,"연봉 4,000만원 이상",고용형태,부산광역시 사하구 을숙도대로 760 (구평동),2명,2026-09-08 21:00:29
https://www.jobkorea.co.kr/Recruit/GI_Read/5601344/Ext?siteCode=WN&sc=,550101,"- 주간보호센터 요양보호사 - 어르신 돌봄, 급여제공기록지 작성 - 어르신 송영 - 운전면허 2종보통 이상 필수, 운전가능자",요양보호사(노인요양사),요양보호사,학력무관,관계없음,월급 215만원 이상,고용형태,"부산광역시 사상구 사상로 524, 2층(모라동, 나인빌딩) (모라동)",1명,2026-09-08 21:00:29
https://www.jobkorea.co.kr/Recruit/GI_Read/5598859/Ext?siteCode=WN&sc=,027101,"[모집직무] 재무 관리, 건설 관리, 재무 분석, 계약 관리, 금융 관리 [직무소개] 우리 회사는 임대아파트 건설을 진행하고 있습니다. 경리 담당자는 건설 프로젝트의 재무 건전성을 유지하고 효율성을 높이는 데 중요한 역할을 담당합니다. 본 직무는 본사 및 현장에서 발생하는 재경 관리 업무를 관리합니다. 회계사무실에서 근무이력 있으신 분 우대합니다. [주요업무] - 건설 프로젝트 예산 관리 - 일반경리 회계 관리 - 금융 거래 처리 - 재무관리 - 재무 분석 및 계획 수립 - 원천세, 부가가치세, 법인세, 연말정산 신고 - 인사관리 - 경리나라 프로그램 사용",재무 사무원,자금사무원,학력무관,경력,월급 250만원 ~ 300만원,고용형태,"부산광역시 기장군 기장읍 기장해안로 98, 오시리아스퀘어 (오시리아스퀘어)",1명,2026-09-08 21:00:29
https://www.jobkorea.co.kr/Recruit/GI_Read/5600453/Ext?siteCode=WN&sc=,028500,"업종 : 자동차부품제조업 모집직종 및 인원 : 품질관리 및 측정 1명 직무내용 : 다이캐스팅금형 품질관리 > 다이캐스팅금형 부품 3차원 측정 - 측정 부분 결정하기 - 3차원 측정 준비하기 - 측정 및 분석하기 신입, 학력무관 월급 240만원 > 수습 1개월 후 월급 320만원, 잔업 필수 *수습 1개월 동안은 잔업이 없습니다.",생산 및 품질관리 사무원,공정관리기술자,학력무관,신입,월급 240만원 ~ 240만원,고용형태,"부산광역시 강서구 가리새2로 43, 3층 관리부 (범방동)",1명,2026-09-08 21:00:29
https://www.jobkorea.co.kr/Recruit/GI_Read/5600411/Ext?siteCode=WN&sc=,028508,- 고객사 품질 대응 및 관리 (ISO/SQ 업무 경험자 우대) └ 토요일 근무 할 수 있음 - 내부 도장 품질관리 (도장 업종 경험자 우대) - 품질 관련 문서 작성 및 관리 - 검사원 관리(현장 관리 포함) - 현장 잔업시 품질 잔업 실시(주 12시간 범위) ※ 경력무관 ※ 운전가능자,품질관리 사무원(기계·자동차·금속),기계·자동차·금속관련품질관리사무원,학력무관,관계없음,"연봉 3,400만원 ~ 4,500만원",고용형태,"부산광역시 사하구 다산로105번길 72, 1층 (다대동)",1명,2026-09-08 21:00:30
https://www.jobkorea.co.kr/Recruit/GI_Read/5600840/Ext?siteCode=WN&sc=,232903,"*송정동 코스마APT 50대 여, 지체장애 월~금 9:00 ~ 12:00 (시간 및 요일 협의가능) 월 - 60시간 * 이용자 댁내 전반적인 가사 서비스 * 시급: 13,300원(제세수당 포함) 담당자 : 정성욱 연락처 : 051-543-0069",장애인 생활지도원(장애인활동보조원 포함),장애인활동지원사,학력무관,경력,"시급 10,320원 ~ 10,320원",고용형태,"부산광역시 해운대구 송정중앙로 19, 코스마APT (송정동, 코스마아파트)",1명,2026-09-08 21:00:30
https://www.jobkorea.co.kr/Recruit/GI_Read/5601343/Ext?siteCode=WN&sc=,306501,"- 주간보호센터 물리치료사 구인 건 - 물리치료사 업무전반, 수급자 송영업무, 병원동행 등 - 운전면허 2종보통 이상 필수, 물리치료사 자격증 필수",물리치료사,물리요법사,학력무관,관계없음,월급 235만원 ~ 235만원,고용형태,"부산광역시 사상구 사상로 524, 2층(모라동, 나인빌딩) (모라동)",1명,2026-09-08 21:00:30
https://www.jobkorea.co.kr/Recruit/GI_Read/5600451/Ext?siteCode=WN&sc=,563200,"- 직무: 린넨실 업무전반 - 세탁물 수거 및 운반, 단순 바느질 및 다림질 등 - 경력없으셔도 배우시면서 업무 가능 *오래하실 근무하실 분 많은 지원바랍니다.",세탁원 및 다림질원,병원세탁원,학력무관,관계없음,월급 215만원 ~ 215만원,고용형태,"부산광역시 수영구 수영로 615, 부산광역시 수영구 수영로 615 (광안동)",1명,2026-09-08 21:00:30
https://www.jobkorea.co.kr/Recruit/GI_Read/5600447/Ext?siteCode=WN&sc=,232100,"보육계획 및 수립, 원아 및 부모 관리, 업무분장에 대한 수행능력 등",보육교사,어린이집교사,학력무관,경력,월급 231만원 이상,고용형태,부산광역시 수영구 연수로275번길 30 (망미동),1명,2026-09-08 21:00:30
https://www.jobkorea.co.kr/Recruit/GI_Read/5600410/Ext?siteCode=WN&sc=,231400,"■ 사업명 : 대학일자리플러스센터 및 재학생 맞춤형고용서비스 컨설턴트 ■ 직 무 : 대학생 진로 상담 및 취업컨설팅, 포트폴리오 작성지원, 취업지원 프로그램 운영 등 ■ 근무장소: 국립부경대학교 대학일자리플러스센터 ■ 필수사항: 1.직업상담사 자격증 필수 2.대학일자리센터 및 재학생맞춤형고용서비스 관련 경력 1년 이상 필수 ■ 우대요건: 대학생 진로 상담 및 국민취업지원제도 경력자 우대, 즉시출근가능자 ■ 임 금 : 연 30,000,000원 ~ (경력에 따른 연봉 협의) ■ 고용형태: 3개월 계약직 (육아휴직 대체인력 채용) ■ 기타: 진취적이고 외향적인 성향, 보고서 작성 및 문서작성 능력 우수자 선호 ※ 대학생 진로 상담 및 직업상담사로서의 job에 대한 확고한 비전을 가진 분들의 많은 도전을 바랍니다.",직업 관련 상담사,직업상담사,대졸(2~3년)~석사,경력,"연봉 3,000만원 이상",고용형태,"부산광역시 남구 용소로 45, 국립부경대학교 대학일자리플러스센터 (대연동)",1명,2026-09-08 21:00:31
https://www.jobkorea.co.kr/Recruit/GI_Read/5599711/Ext?siteCode=WN&sc=,307900,"- 환자 기본생활 지원(식사보조, 체위변경, 위생관리 등) - 환자 이동 보조(검사, 치료실 이동 시 동행 및 이송) - 환경관리(병실 청결, 물품 정리 및 보급 등 - 기타 간호사의 지시에 따른 업무보조 ※ 스케줄표에 따른 3교대 근무",기타 돌봄 및 보건 서비스 종사원,-,학력무관,관계없음,월급 215만원 ~ 215만원,고용형태,"부산광역시 동래구 충렬대로 455, 동래한전 인근, 빌리브세웅병원 (안락동)",3명,2026-09-08 21:00:31
https://www.jobkorea.co.kr/Recruit/GI_Read/5600300/Ext?siteCode=WN&sc=,612102,"[모집직무] 자재관리 사무원, 생산 및 품질관리 사무원 [직무소개] 우리 회사는 높은 품질의 제품을 생산하기 위해 노력하는 제조업체입니다. 본 직무는 생산 자재 관리부터 품질 검사까지 다양한 업무를 총괄하며, 생산 효율성을 높이고 품질 관리 시스템을 강화하는 데 기여합니다. [주요업무] - 자재 재고 관리 및 납품 - 품질 검사 및 관리 기준 준수 - 품질 문제 발생 시 대응 및 해결 - 품질 관리 관련 자료 및 보고서 작성 - 생산 계획 및 자재 수요 예측",기계장비 기술영업원,기계부품기술영업원,학력무관,관계없음,"연봉 3,200만원 ~ 3,600만원",고용형태,"부산광역시 강서구 미음산단로92번길 20, 한성 (구랑동)",2명,2026-09-08 21:00:31
https://www.jobkorea.co.kr/Recruit/GI_Read/5599994/Ext?siteCode=WN&sc=,550102,"*대상자: 4등급 만84세 여자어르신 *근무지: 부산광역시 동래구 동래로148번길 23, 박상욱가정의학과의원 부근 *근무시간: 13:00~16:00 주 5일 (월,화,수,목,금) *근무내용: 일반적인 가사생활 지원 *포괄시급: 13,000원 (시급 10,320원+ 제세수당 별도문의) ☎지원방법 : 051-556-2164 가득행복복지센터, 면접 후 결정 [요양지원 > 요양보호제도] 관련법규 파악하기, 장기요양서비스 이용지원 돕기, 요양보호사 역할 준수하기",재가 요양보호사,재가요양보호사,학력무관,관계없음,"시급 13,000원 ~ 13,000원",고용형태,"부산광역시 동래구 동래로148번길 24, 부근 (복천동)",1명,2026-09-08 21:00:31
https://www.jobkorea.co.kr/Recruit/GI_Read/5600441/Ext?siteCode=WN&sc=,852200,플라스틱 사출 야간 관리자 1명 각각 모집 * 근무시간 및 경력에 따라 임금 협의 합니다.,플라스틱제품 생산기 조작원,-,학력무관,경력,월급 340만원 ~ 360만원,고용형태,부산광역시 사하구 을숙도대로755번길 98,1명,2026-09-08 21:00:31
https://www.jobkorea.co.kr/Recruit/GI_Read/5600445/Ext?siteCode=WN&sc=,231101,"1. 모집부문 및 지원자격 가. 실무자 분야 1) 직종: 사례관리자 2) 채용분야: 자산형성 통장 사례관리자 3) 채용인원: 1명 4) 지원자격 - 사회복지사 또는 자활사업, 사회복지사업, 금융복지, 직업상담, 교육 기획 및 운영 등 관련 경력자 - 공무원 임용에 결격사유가 없는 자 ※ 사회복지사업이란 「사회복지사업법」 제2조에 규정된 사업으로 아동·노인·장애인복지사업 등을 말함. 나. 실무자 분야 1) 직종: 실무자 2) 채용분야: 자활사업 실무자 3) 채용인원: 1명 4) 지원자격 - 사회복지사 또는 해당 업무 관련 자격을 가진 자 - 1년 이상 자활사업 또는 3년 이상 사회복지사업에서 실제 근무한 경력이 있는 자 - 공무원 임용에 결격사유가 없는 자 ※ 사회복지사업이란 「사회복지사업법」 제2조에 규정된 사업으로 아동·노인·장애인복지사업 등을 말함. ※ 해당 업무 관련 자격을 가진 자란 직업상담사, 경영지도사, 직업능력개발훈련교사, 전산세무, 전산회계 등 자활지원 관련 자격증 소지자를 말함. 2. 채용인원: 총 2명 3. 임용 및 처우 가. 채용인원: 총 2명(자활사업 자산형성 통장 사례관리자 1명, 자활사업 실무자 1명) 나. 채용형태: 계약직 다. 근무처: 부산금정구지역자활센터 라. 보수기준: 2026년도 자활사업 안내에 따름 마. 근무시간: 주 40시간 바. 채용기간: 2026년 10월부터 2026년 12월 31일까지 ※ 입사일로부터 3개월은 수습기간으로 하며, 수습기간 종료 시 근무평가를 실시하여 적격자에 한해 2027. 1. 1. ~ 2027. 12. 31. 재계약 가능 사. 기타사항: 본 법인 및 센터 운영규정에 따름 ※ 근무평가 결과에 따라 재계약할 수 있음. ※ 채용 진행 상황에 따라 채용예정일은 변경될 수 있음.",사회복지사(사회복지시설),"사회복지사(사회복지시설, 노인복지시설, 장애인복지시설 등)",학력무관,관계없음,월급 228만원 이상,고용형태,"부산광역시 금정구 중앙대로1719번길 23 (부곡동, 우남빌딩)",2명,2026-09-08 21:00:32
https://www.jobkorea.co.kr/Recruit/GI_Read/5600833/Ext?siteCode=WN&sc=,890000,"[암남동]수산물 가공 및 포장 생산직 - 업무 : 수산물 세척, 가공, 절단 및 포장업무 (냉동오징어가공 외 기타수산물) -수산쪽 경력 있으신 분 우대 -주5일 월~금 8:00~17:00(휴게시간 포함) - 시급 10,320원 이상",기타 제조 관련 단순 종사원,-,학력무관,경력,"시급 10,320원 ~ 10,320원",고용형태,"부산광역시 서구 원양로 1, B동 405호 (수산가공선진화단지) (암남동, 수산가공선진화단지)",2명,2026-09-08 21:00:32
https://www.jobkorea.co.kr/Recruit/GI_Read/5601347/Ext?siteCode=WN&sc=,027103,"[모집직무] 회계사무원, 회계, 건설업 [직무소개] 우리 회사 회계업무를 담당해주실 직원을 모집합니다. 오래오래 함께할 가족같은 직원을 모집하고 있습니다! 3개월 수습기간 있습니다. [주요업무] - 회계 원장 관리(매입매출 및 통장내역정리) - 4대보험 입퇴사 및 건설입 입퇴사 관리 - 급여관리 및 기타 모든 결제 업무 - 건설업 사무보조",회계 사무원(일반 사업체),-,학력무관,관계없음,월급 220만원 ~ 250만원,고용형태,"부산광역시 동래구 충렬대로182번길 11, 3층 (명륜동)",1명,2026-09-08 21:00:32
https://www.jobkorea.co.kr/Recruit/GI_Read/5600835/Ext?siteCode=WN&sc=,852103,"제조업체(부이,부자 생산) 현장직 오전, 오후 2교대 근무 : 제품생산 / 기계(플라스틱 사출기,프레스기) 조작 (수습기간 3개월 적용)",고무 프레스기 조작원,고무유압프레스기조작원,학력무관,관계없음,"시급 11,100원 ~ 11,100원",고용형태,부산광역시 사하구 신산로 111,2명,2026-09-08 21:00:32
https://www.jobkorea.co.kr/Recruit/GI_Read/5601301/Ext?siteCode=WN&sc=,026501,"경영지원팀의 새로운 팀원을 모집합니다. *주요업무 -사무실 환경 및 자산,비품 관리 -법정의무 교육 및 산업 안전 보건 교육 -보안,업무PC 및 IT시스템 관리 -회사 내 경영 지원 및 총무 업무 지원 -국가연구과제 행정 업무 -고객사 및 내방객 응대 *필수사항 -차량 소지자 *임금협의 *우대사항 -업무의 흐름을 잘 파악, 이해하고 꼼꼼한 자 -근명성실 하고 책임감 있는 자",총무 및 일반 사무원,일반사무원,학력무관,경력,"연봉 2,800만원 이상",고용형태,"부산광역시 기장군 장안읍 의과학7로 16, (주)효원파워텍",1명,2026-09-08 21:00:32
https://www.jobkorea.co.kr/Recruit/GI_Read/5600848/Ext?siteCode=WN&sc=,821200,환봉 절단 더보기 접기,금속가공 기계 조작원,-,학력무관,경력,"시급 10,600원 ~ 10,600원",고용형태,"부산광역시 강서구 미음산단로 425 (미음동, G)",1명,2026-09-08 21:00:33
https://www.jobkorea.co.kr/Recruit/GI_Read/5599712/Ext?siteCode=WN&sc=,824104,"hj중공업 협력업체입니다. 조선소 내 취부 배관 보조원 구합니다. 신입 구함 ★급여 협의 가능★ 일당: 153,000원 (9시간기준) 가능 시급, 일당은 문의 급여 협의 가능하오니 ★꼭 연락 바랍니다.★ 경력일 경우 경력에 따라 차등 지급 점심 제공 /오전은 hj중공업 셔틀 가능 051-410-8388 로 업무 관련 전화 주세요 근무시간 월-금 (8시-18시) 토요일 (8시-17시) 유동적으로 주 52시간 근무",조선용접원(조선취부사 포함),조선용접원,학력무관,신입,"시급 10,320원 이상",고용형태,"부산광역시 영도구 태종로 233, 생활협력관A동 4층 (봉래동5가)",1명,2026-09-08 21:00:33
https://www.jobkorea.co.kr/Recruit/GI_Read/5601342/Ext?siteCode=WN&sc=,550101,"[반송]은화노인요양원 요양보호사 모집 *정원 증원으로 모집 (2026년 09월 근무 시작) *업무: 노인요양원 어르신 돌봄. *근무시간 (스케줄 근무) -주간 : 08:30~17:30 (휴게 1시간) -야간 : 17:30~08:30 (휴게 심야 6시간 및 식사 등 1시간) *지원방법: 이력서 고용24, 메일, 방문, 우편, 팩스(051-545-2996) 지원 *채용담당자: 051-545-2995 -정원이 증원되어 순차적으로 구인합니다.",요양보호사(노인요양사),요양보호사,학력무관,관계없음,월급 233만원 이상,고용형태,"부산광역시 해운대구 반송로 832, 지하2층 사무실 (반송동)",1명,2026-09-08 21:00:33
https://www.jobkorea.co.kr/Recruit/GI_Read/5598897/Ext?siteCode=WN&sc=,824101,"- 대한제강(주) 녹산공장 사내협력업체 선우산업(주) 근무 - 슬러그 포트 수리/용접업무 - 일반용접, CO2 용접 가능자 - 용접경력 필수 - 토요일 격주근무 - 수습기간 3개월",가스용접원(산소용접원),산소아세틸렌용접원,학력무관,경력,월급 330만원 ~ 330만원,고용형태,"부산광역시 강서구 녹산산업북로 333, 대한제강 주식회사 녹산공장 (송정동)",1명,2026-09-08 21:00:33
https://www.jobkorea.co.kr/Recruit/GI_Read/5598984/Ext?siteCode=WN&sc=,532302,"[영파의료재단 마음향기병원] - 금정구 금샘로 56 (장전동) - 병원 급식조리원 채용 - 조리사 면허 필수 - 근무시간 : 6:00~17:50 (휴게 3시간) - 3일 근무, 1일 휴무 / 스케줄근무 - 연봉 2,920 만원 - 이력서 전화 후 방문접수 - 문의 : 051-516-1043",단체 급식 보조원,-,학력무관,관계없음,"연봉 2,920만원 ~ 2,920만원",고용형태,"부산광역시 금정구 금샘로 56, 마음향기병원 (장전동)",1명,2026-09-08 21:00:33
https://www.jobkorea.co.kr/Recruit/GI_Read/5599279/Ext?siteCode=WN&sc=,027206,"당사는 케이블 절단 및 납품하는 회사로 경리사무원 모집합니다. 사용하는 프로그램은 회사자체 ERP+엑셀 경력 2년이상 필수 사상구, 북구, 사하구 거주자 우대",경리 사무원(일반사업체),-,학력무관,경력,월급 270만원 이상,고용형태,부산광역시 사상구 낙동대로1048번길 22,1명,2026-09-08 21:00:34
https://www.jobkorea.co.kr/Recruit/GI_Read/5598764/Ext?siteCode=WN&sc=,890001,"신선기 조작원(인발) 본사는 정관이며, 지점은 장안에 있습니다. 근무지는 장안입니다 --- 부산시 기장군 장안읍 장안산단로 31 경력자 우대함",기계·금속 분야 단순 종사원,기계분야 단순노무자,학력무관,관계없음,"시급 10,320원 이상",고용형태,"부산광역시 기장군 장안산단로 31, 세운선재(주) 장안공장",1명,2026-09-08 21:00:34
https://www.jobkorea.co.kr/Recruit/GI_Read/5599305/Ext?siteCode=WN&sc=,550102,"대상자 : 2등급 /여자/ 85세/ 기저귀착용하심.거의 누워계심. 시간 : 4시간 주6일, 낮12:00~16:00, 업무 : 기저귀케어,식사수발, 목욕(따님과 함께), 반찬만들기, 주변정리정돈, 시급 : 포괄시급 13,300원(시급+주휴수당+연차수당 등 제수당포함)",재가 요양보호사,-,학력무관,관계없음,"시급 10,320원 ~ 10,320원",고용형태,"부산광역시 부산진구 진남로 336, 6동 (전포동, 시영아파트)",1명,2026-09-08 21:00:34
https://www.jobkorea.co.kr/Recruit/GI_Read/5599254/Ext?siteCode=WN&sc=,550102,"* 초읍동 치매안심센터 인근 주택 거주 * 2등급 여자대상자(76세): 독거 * 거동가능 * 주6일 * 9시~13시 * 신체활동지원, 가시지원 등 * 시급 10,320원 (수당별도지급) * 문의(센터장): 051-817-6780 ※ 실제 서비스 제공기간에 따라 임금을 계산하여 지급하는 형태로 채용 시 근로자마다 주 소정근로시간이나 임금, 근무(예정)지 등에 차이가 있을 수 있음",재가 요양보호사,-,학력무관,관계없음,"시급 10,320원 이상",고용형태,부산광역시 부산진구 새싹로 230 (초읍동),1명,2026-09-08 21:00:34
https://www.jobkorea.co.kr/Recruit/GI_Read/5599306/Ext?siteCode=WN&sc=,232903,"* 월 110시간 근무하실 장애인활동지원사 모집합니다 * 대상자 : 남성 50대 지적장애 * 근무시간 : 월~ 금 10:30~16:00 (휴게시간포함) 토요일 격주근무 10:30~16:00 * 서비스내용: 사회활동(외출동행, 병원동행 등), 가사활동서비스(취사, 밑반찬, 청소 등) * 급여 : 시급 13,500원(주휴수당, 연차수당, 연장수당 포함) * 인근 지역 거주자 환영/ 실습 완료자 지원 바람 * 문의 : 전화 051-914-1551",장애인 생활지도원(장애인활동보조원 포함),장애인생활지도원,학력무관,관계없음,"시급 10,320원 이상",고용형태,"부산광역시 남구 이기대공원로12번길 25, 용호동 (용호동)",1명,2026-09-08 21:00:34
https://www.jobkorea.co.kr/Recruit/GI_Read/5599252/Ext?siteCode=WN&sc=,550102,"[성광교회 인근 주택 근무예정] * 2등급 할머니(70대초반), 4등급 할아버지(70대중반) 부부케어 * 가사 및 일상생활 지원 * 주5일, 09:00~16:30 * 시급13,200원(주휴수당, 연차수당 포함) * 중증수당 6천원 추가 지급 * 채용담당자: 051-403-6588 *** 휴일에도 지원 가능하므로 전화 바랍니다. ***",재가 요양보호사,-,학력무관,관계없음,"시급 10,320원 이상",고용형태,"부산광역시 영도구 청학서로 42, 성광교회 인근 주택 (청학동)",1명,2026-09-08 21:00:34
https://www.jobkorea.co.kr/Recruit/GI_Read/5599277/Ext?siteCode=WN&sc=,028500,수입 공정 검사(3차원측정) 및 품질 보증 업무 시 운전 및 출하 검사 경력자 우대,생산 및 품질관리 사무원,품질관리사무원,대졸(2~3년)~석사,경력,월급 300만원 이상,고용형태,"부산광역시 강서구 녹산산단261로 64, 송정동 (송정동)",1명,2026-09-08 21:00:35
https://www.jobkorea.co.kr/Recruit/GI_Read/5599278/Ext?siteCode=WN&sc=,821200,스테인리스 파이프 절단 및 간단 배송 업무 운전면허 1종 보통 소지자(운전 시간 많지 않음),금속가공 기계 조작원,-,학력무관,신입,월급 250만원 이상,고용형태,"부산광역시 사상구 강변대로532번길 17, 2동1호 (엄궁동, 2동 1호)",1명,2026-09-08 21:00:35
https://www.jobkorea.co.kr/Recruit/GI_Read/5601303/Ext?siteCode=WN&sc=,028502,"생산관리 조선기자재, 선박엔진, 산업기계 생산관리 업무",생산관리 사무원(기계·자동차·금속),기계·자동차·금속 관련 생산관리원,학력무관,신입,"연봉 3,700만원 이상",고용형태,"부산광역시 사하구 하신번영로151번길 21, 신영기계공업(주) (신평동, 645-1)",1명,2026-09-08 21:00:35
https://www.jobkorea.co.kr/Recruit/GI_Read/5600844/Ext?siteCode=WN&sc=,550102,"[해운대구 좌동] 재가요양보호사 구인 * 대 상 자 : 4등급 여자어르신 / 91세 / 아파트 * 직무내용 : 신체활동지원, 정서지원, 가사 및 일상생활지원 * 근무시간 : 오후 13:00 ~ 16:00 (주3회 - 월,수,금) - 시급 10,320+ 제세수당 별도문의 포괄시급13,500원 (제세수당 포함) * 채용담당자 : 051-701-5333 (통화 후 방문)",재가 요양보호사,재가요양보호사,학력무관,경력,"시급 10,320원 ~ 10,320원",고용형태,"부산광역시 해운대구 좌동순환로299번길 11, 201동 (좌동, 벽산2차아파트)",1명,2026-09-08 21:00:35
https://www.jobkorea.co.kr/Recruit/GI_Read/5600414/Ext?siteCode=WN&sc=,814001,냉동창고 냉동기계 조작 및 공무관련업무 공조냉동기능사이상 필수 1급 소방안전관리자 우대 전기기사 우대,산업용 냉난방 설비 조작원,공업용냉동기조작원,학력무관,경력,"연봉 3,800만원 이상",고용형태,부산광역시 사하구 원양로 328 (감천동),1명,2026-09-08 21:00:36
https://www.jobkorea.co.kr/Recruit/GI_Read/5600717/Ext?siteCode=WN&sc=,561100,"[용호동]아파트 미화원 -아파트 청소, 미화업무 -월~금 8:00~16:00(휴게1시간30분) 토요일 8:00~11:00 -월급여 188만원 -용호동 더블유 아파트",건물 청소원,-,학력무관,관계없음,월급 188만원 ~ 188만원,고용형태,"부산광역시 남구 분포로 145 (용호동, 더블유)",1명,2026-09-08 21:00:36
https://www.jobkorea.co.kr/Recruit/GI_Read/5600001/Ext?siteCode=WN&sc=,550102,"* (덕포 지하철 4번출구 앞 아파트) 70세 1등급 남자어르신 - 시급 10,320원 ( 주휴, 연차, 중증 수당 별도 지급 ) - 1등급 중증수당 지급 - 오후 1시 ~ 오후5시 (240분) - 청소, 목욕 도움(주1회 힘이 어느정도 있으셔야함), 식사 도움(경관식), 소변줄 착용 (보호자와 함께 케어하시므로 보조도움) - 차분한 성격에 말수가 적고 목욕 도움 및 체위변경 도움을 드려야 하므로 어느정도 힘이 있으신분 - 배우자와 두분이서 아파트에서 거주중",재가 요양보호사,재가요양보호사,학력무관,관계없음,"시급 10,320원 ~ 10,320원",고용형태,"부산광역시 사상구 사상로342번길 21, 아파트 (덕포동, 덕포늘푸른아파트)",1명,2026-09-08 21:00:36
https://www.jobkorea.co.kr/Recruit/GI_Read/5599491/Ext?siteCode=WN&sc=,550102,"<부전동 록명빌라 근무> * 4등급 여자대상자: 아들 거주하나 근무 시 부재 * 주6일 * 9시~12시 또는 8시~11시 * 가사지원, 식사지원, 일상생활지원 등 * 시급: 10,320원 (수당 별도지급) * 센터장: 0i0-9880-6323",재가 요양보호사,재가요양보호사,학력무관,경력,"시급 10,320원 이상",고용형태,"부산광역시 부산진구 새싹로 46, 옛날 진구청 뒤 빌라 록명빌라 (부전동)",1명,2026-09-08 21:00:36
https://www.jobkorea.co.kr/Recruit/GI_Read/5601016/Ext?siteCode=WN&sc=,550100,"[구포동]재가요양보호사 -4등급 80대 후반 여자어르신 (가족 함께거주) -주4일(월,수목금) 8:30~11:30(3시간) -시급 및 제수당포함 13,000원 -식사 및 가사도움 등의 업무 -구포현대 아파트(구남역인근)",요양보호사,-,학력무관,관계없음,"시급 10,320원 ~ 10,320원",고용형태,"부산광역시 북구 백양대로 1003 (구포동, 현대아파트)",1명,2026-09-08 21:00:36
https://www.jobkorea.co.kr/Recruit/GI_Read/5601053/Ext?siteCode=WN&sc=,550102,"- 대상자: 4등급 70대 남자어르신, 4등급 60대 여자어르신(부부케어) - 근무지: 해운대구 해운대로 1188 (송정동, 송정2휴먼시아) - 근무시간: 남자대상자 08:00~11:00(주 4일/월 18회), 여자대상자 15:00~18:00(주 5일) ※ 근무시간 협의 가능 · 오전/오후 분리 근무가 어려운 경우 1일 6시간 연속근무도 가능합니다. · 연속근무 시간 및 근무요일은 센터와 협의 후 조정 가능합니다. - 직무: 식사 준비, 일상생활지원(청소,빨래 등) - 접수방법: 센터 유선상담 후 면접 - 채용담당자: 051-543-0234",재가 요양보호사,-,학력무관,관계없음,"시급 10,320원 ~ 13,100원",고용형태,"부산광역시 해운대구 해운대로 1188, . (송정동, 송정2휴먼시아)",1명,2026-09-08 21:00:36
https://www.jobkorea.co.kr/Recruit/GI_Read/5601073/Ext?siteCode=WN&sc=,550102,"[동래구 명장동] 4등급 요양보호사 채용 ▶ 근무시작일 조정가능, 9/14일부터 근무도 가능함(더 빨리도 가능) ○ 근무지 : 동래구 안락로101번길35, 명장 우성타운 ○ 대상자 : 여자 / 88세 / 거동가능 / 서비스시간혼자계심 ○ 근무일시 : 주 3일(월수금), 09:00~12:00 ○ 일상생활 지원 및 가사지원 ○ 포괄시급 : 13,500원 (시급+주휴수당+연차수당 등 제수당 포함 ▶ 지원문의 : 051-888-6914 * 실제 서비스 제공 기간에 따라 임금을 계산하여 지급하는 형태로 채용 시 근로자마다 주 소정근로시간이나 임금, 근무(예정)지 등에 차이가 있을 수 있음.",재가 요양보호사,-,학력무관,관계없음,"시급 10,320원 ~ 10,320원",고용형태,"부산광역시 동래구 안락로101번길 35, . (명장동, 명장 우성타운)",1명,2026-09-08 21:00:37
https://www.jobkorea.co.kr/Recruit/GI_Read/5601074/Ext?siteCode=WN&sc=,550102,"[해운대구 반송동] 긴급돌봄 요양보호사 채용 ○ 해운대구 아랫반송로 21번길 / 영산대역 도보 10분 이내 ○ 대상자 : 여자 / 70대 ○ 근무일시 : 주 5일, 10:00~14:00 / 월 최대 72시간 ○ 일상생활 지원 및 가사지원 ○ 포괄시급 : 14,000원 (시급+주휴수당+연차수당 등 제수당 포함) ▶ 지원문의 : 051-888-6914 * 실제 서비스 제공 기간에 따라 임금을 계산하여 지급하는 형태로 채용 시 근로자마다 주 소정근로시간이나 임금, 근무(예정)지 등에 차이가 있을 수 있음.",재가 요양보호사,-,학력무관,관계없음,"시급 10,320원 ~ 10,320원",고용형태,"부산광역시 해운대구 반송로 836, 영산대역 도보 10분이내 (반송동)",1명,2026-09-08 21:00:37
https://www.jobkorea.co.kr/Recruit/GI_Read/5599890/Ext?siteCode=WN&sc=,890000,자동차부품 포장업 단순 포장 작업 - 남성의 경우 군필자 우대,기타 제조 관련 단순 종사원,-,학력무관,경력,월급 215만원 이상,고용형태,부산광역시 강서구 생곡산단1로24번길 51 (생곡동),10명,2026-09-08 21:00:37
https://www.jobkorea.co.kr/Recruit/GI_Read/5599714/Ext?siteCode=WN&sc=,140304,"토목 및 기계 상주감리원(중급상) 각 1명 모집합니다. 1. 모집부분 : 상주감리 2. 응시자격 : 기술자 등급 중급이상, 감리 경력자 우대 3. 전형방법 - 1차 : 서류전형 - 2차 : 면접전형(서류전형 합격자에게 개별 연락) - 3차 : 합격자 통보 4. 지원서 접수 - 접수기간 : 충원시 까지 - 접수방법 : 이메일 접수(협회 경력증명서 필수 첨부) 5. 기타 사항 - 공사 위치 : 부산시 사하구 - 공사(감리)기간: 11개월 / 배치기간: 약 3~4개월",토목감리 기술자,-,학력무관,경력,"연봉 4,000만원 ~ 4,200만원",고용형태,"부산광역시 사하구 하신중앙로3번나길 16, 부산자동차고등학교 내 미래자동차관 (장림동)",2명,2026-09-08 21:00:37
https://www.jobkorea.co.kr/Recruit/GI_Read/5599492/Ext?siteCode=WN&sc=,550102,"<남구 대연동 중앙아파트 거주> * 4등급 남자대상자: 거동가능 * 주6일(월24회) * 오후 4시~7시 * 가사지원, 식사지원, 일상생활지원 등 * 시급 10,320원 (수당 별도지급)",재가 요양보호사,-,학력무관,신입,"시급 10,320원 이상",고용형태,"부산광역시 남구 수영로69번가길 70 (대연동, 중앙아파트)",1명,2026-09-08 21:00:37
https://www.jobkorea.co.kr/Recruit/GI_Read/5601339/Ext?siteCode=WN&sc=,153105,"*수.배전 설비 공사 기술자 모집합니다. -인근에 거주하시는 분 환영(본사 사무실이 부산 연제구에 위치해 있습니다.) -월급은 능력에 따라 협의 가능합니다. -수/배전 설비 설치 및 교체 공사 경력 필수입니다. -전기판넬 전문-주 5일 근무 -전기공사 수첩 필수 -정규직 채용(4대 보험, 퇴직금 가능) -주말근무 가능자",전기공사 기술자(전기견적 포함),-,학력무관,경력,월급 450만원 이상,고용형태,부산광역시 연제구 거제대로118번길 27 (거제동),1명,2026-09-08 21:00:37
https://www.jobkorea.co.kr/Recruit/GI_Read/5601350/Ext?siteCode=WN&sc=,813201,터닝조작원 더보기 접기,CNC 선반 조작원(NC 선반 조작원),CNC터닝선반조작원,학력무관,경력,월급 350만원 ~ 500만원,고용형태,부산광역시 강서구 미음산단로 80,1명,2026-09-08 21:00:37
https://www.jobkorea.co.kr/Recruit/GI_Read/5601349/Ext?siteCode=WN&sc=,836001,"[주요직무] 케이블, 금속가공 현장 생산품 품질관리 및 출하 -수입검사: 원자재나 부품이 정해진 품질 기준에 부합하는지 검사 -출하검사: 완제품이 출하되기전 품질 기준 충족 여부 확인 - 월급 경력에 따라 협의가능(경력자 우대) - 성별무관 - 100% 실내작업",전기 부품·제품 조립·검사원,-,학력무관,경력,월급 250만원 ~ 250만원,고용형태,부산광역시 사상구 모덕로96번길 55 (덕포동),1명,2026-09-08 21:00:38
https://www.jobkorea.co.kr/Recruit/GI_Read/5601351/Ext?siteCode=WN&sc=,531804,"▸ 채용인원: 1명 ▸ 계약기간: 채용일로부터 1년 (계약 종료 후 연장계약 가능) ▸ 근 무 처: 금곡종합사회복지관 ▸ 급 여: 월 1,150,000원, 명절수당(기본급의60%*2), 가족수당(해당자에 한함) 지급 * 경력자일 경우 근무경력 기관 협의 후 조정 반영 ▸ 근무시간: 매주(주5일) 09:00~13:30(휴게시간30분포함) /협의 시 조정 가능 ▸ 기 타: 본 복지관 운영규정에 따름",사업체 구내식당 급식 조리사,(회사)구내식당조리사,학력무관,관계없음,월급 115만원 이상,고용형태,"부산광역시 북구 효열로 144, 1층 금곡종합사회복지관 (금곡동)",1명,2026-09-08 21:00:38
https://www.jobkorea.co.kr/Recruit/GI_Read/5599896/Ext?siteCode=WN&sc=,231101,1. 생활자 돌봄 및 생활 전반 관리 2. 야간 상담 업무,사회복지사(사회복지시설),"사회복지사(사회복지시설, 노인복지시설, 장애인복지시설 등)",학력무관,관계없음,월급 228만원 이상,고용형태,"부산광역시 서구 천해남로 7, 마리아모성원 (암남동)",1명,2026-09-08 21:00:38
https://www.jobkorea.co.kr/Recruit/GI_Read/5601300/Ext?siteCode=WN&sc=,890006,업무내용: 1)밀가루 반죽 제품의 기계조작 및 포장업무,식품 분야 단순 종사원,-,학력무관,신입,"연봉 2,600만원 이상",고용형태,"부산광역시 사상구 삼덕로45번길 90, 주식회사 대호식품 (덕포동)",1명,2026-09-08 21:00:38
https://www.jobkorea.co.kr/Recruit/GI_Read/5599615/Ext?siteCode=WN&sc=,550102,"4등급 여자 어르신입니다. 흰돌실버타운에 혼자 거주중이십니다. 청소와 식사, 약 복욕도움등이 필요합니다.",재가 요양보호사,-,학력무관,신입,"시급 13,200원 ~ 13,300원",고용형태,"부산광역시 수영구 연수로260번길 53, 흰돌실버타운 1동 503호 (망미동)",1명,2026-09-08 21:00:39
https://www.jobkorea.co.kr/Recruit/GI_Read/5601341/Ext?siteCode=WN&sc=,231101,"정기평가 A등급을 받은 사회복지법인시설 령강노인종합복지센터에서 사회복지사를 구인하고 있습니다. 많은 지원 바랍니다. (신입,경력 모두 지원가능) < 업무내용> 1. 재가(방문요양, 방문목욕) 가산 사회복지사의 기본업무 2. 어르신 상담 및 모니터링(라운딩) 3. 일지 작성 및 행정 업무 4. 이동 시 시설차량이용(운전 필수) 복리후생: 점심식사제공, 여름휴가비, 명절비 제공",사회복지사(사회복지시설),"사회복지사(사회복지시설, 노인복지시설, 장애인복지시설 등)",학력무관,관계없음,월급 230만원 이상,고용형태,"부산광역시 남구 천제등로 56-4, 령강노인종합복지센터 (대연동)",1명,2026-09-08 21:00:39
https://www.jobkorea.co.kr/Recruit/GI_Read/5601346/Ext?siteCode=WN&sc=,531803,"단체급식 전처리 또는 조리 및 배식 (근무표에 의해서 근무함) 1. 출근시간 : 05:30 - 17:30 2. 휴게시간 : 08:00 - 10:00, 13:00 - 14:30 3. 급여 : 경력에 따라 조정 가능함. 조리사 면허 우대",병원 급식 조리사,-,학력무관,경력,월급 260만원 ~ 280만원,고용형태,"부산광역시 동래구 충렬대로 426, 상록병원 (안락동)",1명,2026-09-08 21:00:39
https://www.jobkorea.co.kr/Recruit/GI_Read/5601305/Ext?siteCode=WN&sc=,231400,"■ 직무: 국민취업지원제도 직업상담사 ■ 근무장소: 퍼스트인잡(주)부산지사 ■ 근무형태: 계약직(1년, 육아휴직 대체) ■ 필수사항: 1.직업상담사 or 사회복지사자격증 필수 2.자기소개서 필수 3.경력자 경력기술서 ■ 우대요건: 취업성공패키지 및 국민취업지원제도 경력자 ■ 임금 및 성과급: 연봉2,800만원 ~ 경력직 연봉 협의 월별, 분기별 성과 인센티브 추가 지급 ■ 직원 복지 - 입사기념일 조기 퇴근 - 패밀리데이 월 1회 조기 퇴근 - 연말, 명절 전일 조기퇴근 - 런치 웰페어: 급여일 휴게 시간 2시간 (12:00~14:00) - 교육비, 회식비 지원 ■ 기타: 진취적이고 외향적인 성향, 문서작성 능력 우수자 선호 ※ 직업상담사로서의 job에 대한 확고한 비젼을 가진 분들의 시작을 ’퍼스트인잡‘이 함께 합니다.",직업 관련 상담사,직업상담사,학력무관,관계없음,"연봉 2,800만원 이상",고용형태,"부산광역시 동구 범일로 102 (범일동, 성호빌딩)",1명,2026-09-08 21:00:39
https://www.jobkorea.co.kr/Recruit/GI_Read/5601298/Ext?siteCode=WN&sc=,813200,CNC 선반 조작원 측정기 가능한사람 피팅종류 기계부품 유압부품,금속 공작기계 조작원,선반원,학력무관,경력,"연봉 3,500만원 ~ 6,000만원",고용형태,"부산광역시 사상구 사상로385번길 32, 1층 (덕포동)",2명,2026-09-08 21:00:40
https://www.jobkorea.co.kr/Recruit/GI_Read/5599823/Ext?siteCode=WN&sc=,140304,"현장-부산항 북항 충장대로 개선공사 건설사업관리용역 (즉시 투입 가능) -부산시 중구 일원 건설사업관리최초교육 이수자(필수) 건설기술관리협회 경력증명서 첨부(필수) 기타 현장 투입에 결격 사유가 없는 자 상하수도 현장 시공, 설계 등 경력자 우대",토목감리 기술자,토목감리기술자,학력무관,경력,"연봉 5,000만원 이상",고용형태,부산광역시 중구 충장대로5번길 59 (중앙동4가),2명,2026-09-08 21:00:40
https://www.jobkorea.co.kr/Recruit/GI_Read/5600434/Ext?siteCode=WN&sc=,028407,- 외국 선박 폐기물 반출 수량 확인 후 서티지 서명 작업 - 필수조건 : 1. 간단한 영어 회화 가능한 분 2. 운전면허 1종 보통 - 감천항 근무 (감천항에 입항하는 외국 선박 폐기물 반출 확인) - 선박 근무 경험자 우대 - 사하구 거주자 우대,창고 관리원(자재 검수원 포함),물류입고원,학력무관,관계없음,월급 280만원 ~ 280만원,고용형태,"부산광역시 사하구 감천항로 31, 부산항업(주) (감천동)",1명,2026-09-08 21:00:40
https://www.jobkorea.co.kr/Recruit/GI_Read/5599998/Ext?siteCode=WN&sc=,890000,sus pipe 산세작업 - 제조 단순 생산 - 3교대근무(07:00-15:00/15:00-23:00/23:00-07:00),기타 제조 관련 단순 종사원,-,학력무관,관계없음,"시급 10,320원 이상",고용형태,"부산광역시 강서구 화전산단5로117번길 35, (화전동, LS메탈(주)부산사업장내) (화전동)",1명,2026-09-08 21:00:40
https://www.jobkorea.co.kr/Recruit/GI_Read/5600412/Ext?siteCode=WN&sc=,834000,선박 엔진 부품 및 밸브 제조 회사입니다. 1. 모집인원 경영지원부 공무 경력직 1명 2. 급여 및 직급 경력에 따라 회사내규에 의해 적용 3. 지원 자격 • 설비(CNCㆍMCTㆍ용접기 등) 유지 보수 시설 관리 • 경력 2년 이상 • 학력무관 4. 주요업무 •CNCㆍMCTㆍ용접기 등 가공설비 보수 및 보전 업무 •공장 내 시설물 유지 보수 및 관리 •설비 고장 원인 분석 및 복구 지원 •부품 및 설비 이력 관리 •외주공사 감독 5. 우대사항 •해당직무 근무경험(제조업 공무직 경험자) •전기ㆍ기계ㆍ설비보전 관련 자격증 보유자 •인근 거주자 •컴퓨터 활용 능력 우수자 •운전가능자 •지게차 운전 가능자 6. 기타 1) 수습기간 2개월 (계약직 후 정규직 전환) 2) 경력에 따라 급여 협의 가능,전기 및 전자설비 조작원,-,학력무관,경력,"연봉 4,000만원 이상",고용형태,"부산광역시 사하구 다산로 170, (주)금강 (다대동)",1명,2026-09-08 21:00:40
https://www.jobkorea.co.kr/Recruit/GI_Read/5599975/Ext?siteCode=WN&sc=,213000,유아 생활지도 및 방과후과정 교사 업무담당,유치원 교사,-,학력무관,경력,월급 220만원 이상,고용형태,"부산광역시 해운대구 중동2로 20-3, 해성유치원",1명,2026-09-08 21:00:41
https://www.jobkorea.co.kr/Recruit/GI_Read/5601686/Ext?siteCode=WN&sc=,531803,"[덕천동 한사랑내과병원] 조리사 채용정보 ○ 근무시간: 06:00~18:00 ○ 휴게시간: 총 3시간 (9시30분~11시, 오후 2시30분~오후4시) ○ 월 20일근무 ( 2일근무, 1일 휴무) / 연차추가사용 ○ 급여: 월급 2,920,000원 ○ 조리사 자격증 필수, 병원 경력 1년 이상인 자 우대 ○ 식수가 적어서 일이 수월 함 ★지원문의 : 051-334-1001 또는 채용담당자 핸드폰으로 연락 후, 지원 바랍니다.",병원 급식 조리사,-,학력무관,경력,월급 292만원 이상,고용형태,"부산광역시 북구 만덕대로 38, 덕천동 (덕천동)",1명,2026-09-08 21:00:41
https://www.jobkorea.co.kr/Recruit/GI_Read/5599974/Ext?siteCode=WN&sc=,550102,"2등급 65세 아버님 요양보호(하반신 마비)식사분비, 이동도움, 병원동행, 산책 등실 내외 휠체어 이용하시나 스스로 옮겨 앉으셔서 이동 준비만 해드리면 됨. 화장실 이용(기저귀 교환 없음). 오후 1시~ 4시 3시간 주5일 서비스이나 시간 변동 있을 수 있음.포괄시급: 13,000원(기타제수당포함)",재가 요양보호사,재가요양보호사,학력무관,경력,"시급 10,320원 ~ 10,320원",고용형태,"부산광역시 남구 수영로325번길 12, 대연동 푸르지오 (대연동, 부산대연동푸르지오)",1명,2026-09-08 21:00:41
https://www.jobkorea.co.kr/Recruit/GI_Read/5601832/Ext?siteCode=WN&sc=,624904,"※제품 운반및 정리원 -초량 본점~부산역지점 (약200M) 제품 (빵류) 운반 및 정리 -전동카로 이동 (운전면허증 여부 관계없음, 운전면허증 소지 우대) -교대근무 가능자- (오전) 7시 00분~(오후) 4시 00분 / 휴게시간1시간 (오전) 10시00분~(오후)7시00분 / 휴게시간1시간",기타 배달원(비정기 배달원),물품배달원,학력무관,관계없음,월급 282만원 ~ 282만원,고용형태,부산광역시 동구 중앙대로226번길 13-3 (초량동),1명,2026-09-08 21:00:41
https://www.jobkorea.co.kr/Recruit/GI_Read/5599461/Ext?siteCode=WN&sc=,532302,"급식, 도시락, 반찬매장을 운영하고 있는 아람찬입니다. 포장실에서 반찬 출고, 포장 및 청소 하실 분 모집합니다. 1) 모집분야 : 포장실 출고, 포장 2) 업무내용 : 포장실 반찬 출고, 포장, 청소 3) 업무시간(근무시간 협의 가능) - 월~금요일 : 11:00 ~ 16:30, 격주 토요일 : 09:00 ~ 14:30(휴게시간 30분 포함) * 근무시간 변동될 수 있음 * 법정공휴일 근무할 수 있음 4) 업무장소 : 강서구 명지국제8로 19, 레인보우타워 2층 5) 급여 : 최저시급(10,320원) 적용, 주휴수당 6) 전형절차 : 서류전형 후 면접 7) 문의 : 평일 오전 9시 ~ 오후 1시",단체 급식 보조원,단체급식보조원,학력무관,관계없음,"시급 10,320원 ~ 10,320원",고용형태,"부산광역시 강서구 명지국제8로 19, 2층 (명지동, 명지레인보우타워)",1명,2026-09-08 21:00:42
https://www.jobkorea.co.kr/Recruit/GI_Read/5599308/Ext?siteCode=WN&sc=,550101,"- 주간보호센터 요양보호사 - 신체활동지원, 프로그램 보조, 송영업무 - 운전 필수( 스타렉스) - 주 5일(주 40시간) - 08:30~17:30 (탄력적 변동) - 이력서 지참 방문접수",요양보호사(노인요양사),요양보호사,학력무관,관계없음,월급 215만원 이상,고용형태,부산광역시 부산진구 중앙대로 913 (양정동),1명,2026-09-08 21:00:42
https://www.jobkorea.co.kr/Recruit/GI_Read/5599309/Ext?siteCode=WN&sc=,231400,"1. 담당업무 : 교육기획 및 진행, 교육행정 2. 근무시간 : 주5일 / 9:00-18:00 (주 40시간) 3. 채용자격 - 평생교육사 또는 직업상담사 또는 사회복지사 자격증 소지자 - 교육기획 및 진행 유경험자 4. 필요서류 : 이력서, 자기소개서 등 5. 급 여 : 2,480,000원 / 식대(6만원) 별도 6. 원서접수 및 면접일시 (1) 서류접수 : 2026년 8월 31일(수) ~ 채용시까지 (2) 접수방법 : 메일접수(bsdolbom@hanmail.net) ※ 메일접수시 제목에 지원분야 꼭 명시 : 교육원 (3) 면접일시 : 서류전형 합격자에 한해 개별통지",직업 관련 상담사,직업상담사,학력무관,관계없음,월급 248만원 이상,고용형태,"부산광역시 연제구 월드컵대로79번길 50, 5층 (연산동)",1명,2026-09-08 21:00:42
https://www.jobkorea.co.kr/Recruit/GI_Read/5599440/Ext?siteCode=WN&sc=,550102,"[재송동]재가요양보호사 - 3등급 56년생 여자어르신 (배우자와 함께 거주) - 주5일, 9-12시(3시간) - 식사 및 가사도움, 일상생활지원 - 월1회 대학병원 (해운대백병원) 동행업무 - 시급 10,320원(제세수당 별도) - 재송동 재송현대아파트(재송중학교 인근))",재가 요양보호사,재가요양보호사,학력무관,관계없음,"시급 10,320원 ~ 10,320원",고용형태,"부산광역시 해운대구 해운대로81번길 137, 재송현대아파트 (재송동, 재송현대아파트)",1명,2026-09-08 21:00:42
https://www.jobkorea.co.kr/Recruit/GI_Read/5600409/Ext?siteCode=WN&sc=,816100,자동차 내장재 자동화 기계 조립작업(현장업무) - 기계 부품 조립(단순반복업무 아닙니다. 자동차 내장재 생산라인 설비기계 제조업체임을 생각하시어 지원시 감안해주세요) - 사상 및 용접(필요시) - 설비 설치 및 시운전 - 경력직 1명 -형식적인 지원 자제 부탁드립니다.,일반기계 조립원,-,학력무관,경력,"연봉 5,000만원 ~ 5,100만원",고용형태,"부산광역시 강서구 평강로345번길 37, 37 (대저1동)",1명,2026-09-08 21:00:42
https://www.jobkorea.co.kr/Recruit/GI_Read/5598850/Ext?siteCode=WN&sc=,027205,"사무실 경리업무 1. 회계사무실 경력 요함 2. 워드 및 엑셀 문서 작성 3. 더존 및 세무사랑 이용 4대보험 및 기장 4. 통장 입.출금 관리, 거래처 관리 5. 각종 세금신고 및 사무실 전반적인 업무 ★회계사무소경력만 인정하며 이력서에 기재된 경력사항이 사실과 다를경우 채용이 취소될수도있습니다 ♧ 부산고용센터 채용대행입니다. 국민취업제도나 실업급여수급을 목적으로한 형식적인 입사지원은 자제해주시고 구직신청 후 고용24지원 하시면 사업체 인사담당자에게 전달해드립니다.",경리 사무원(회계·세무 사무소),세무기장원,학력무관,관계없음,월급 220만원 ~ 300만원,고용형태,부산광역시 남구 자성로 152 (문현동),1명,2026-09-08 21:00:42
https://www.jobkorea.co.kr/Recruit/GI_Read/5599307/Ext?siteCode=WN&sc=,231201,"1, 업무 내용 1) 상담 및 서류 작성 2) 후원물품 수령 및 관련 서류 작성 3) 아동보육 및 관련 서류 작성 2. 주5일 근무 한달에 1번 토요일 근무 가능자 3. 자동차 운전 면허 1종 소지자 운전가능자 4. 사회복지사 2급, 상단관련 자격증 필수",심리상담 전문가,심리상담전문가,대졸(2~3년)~석사,관계없음,월급 220만원 ~ 270만원,고용형태,"부산광역시 남구 천제등로28번길 43, 1층 (대연동)",1명,2026-09-08 21:00:43
https://www.jobkorea.co.kr/Recruit/GI_Read/5599310/Ext?siteCode=WN&sc=,140200,★ 관급 건축공사 - 공사명 : 엄궁복합문화체육센터 건립공사 - 공사금액 : 160억 - 공사기간 : 27년 10월까지 - 현장주소 : 부산 사상구 감전동 516번지 일원 ★ 관급 건축 품질관리자 - 1명 (중급 품질관리 대상공사),건축공학 기술자,-,학력무관,경력,"연봉 6,000만원 ~ 6,500만원",고용형태,"부산광역시 사상구 강변대로532번길 71, 감전동 516번지 일원 (엄궁유수지 일원) (감전동)",4명,2026-09-08 21:00:43
https://www.jobkorea.co.kr/Recruit/GI_Read/5598851/Ext?siteCode=WN&sc=,231400,"■ 직무: 국민취업지원제도 직업상담사 ■ 근무장소: 퍼스트인잡 해운대지사 ■ 필수사항: 1.직업상담사 or 사회복지사자격증 필수 2.자기소개서 필수 3.경력자 경력기술서 ■ 우대요건: 취업성공패키지 및 국민취업지원제도 경력자 ■ 임금 및 성과급: 연봉2,800만원 (경력직 연봉 협의) 월별, 분기별 성과 인센티브 100% 지급 ■ 직원 복지 - 입사기념일 조기 퇴근 - 패밀리데이 월 1회 조기 퇴근 - 연말, 명절 전일 조기퇴근 - 런치 웰페어: 급여일 휴게 시간 2시간 (12:00~14:00) - 교육비, 회식비 지원 ■ 기타: 진취적이고 외향적인 성향, 문서작성 능력 우수자 선호 ■ 구술면접 후 합격자에 한해 2차 실기 면접 진행 ※ 직업상담사로서의 job에 대한 확고한 비젼을 가진 분들의 시작을 ’퍼스트인잡‘이 함께 합니다.",직업 관련 상담사,직업상담사,대졸(2~3년)~석사,관계없음,"연봉 2,800만원 이상",고용형태,"부산광역시 해운대구 해운대로 407 (우동, 신세계프라자)",1명,2026-09-08 21:00:43
https://www.jobkorea.co.kr/Recruit/GI_Read/5598775/Ext?siteCode=WN&sc=,561900,"- 병동 청소 - 8:00~12:30, (휴게 10:30~11:00) 토요일 8:00~10:00 - 주6일 - 급여: 120만원",기타 청소 관련 종사원(놀이공원 등),-,학력무관,관계없음,월급 120만원 이상,고용형태,부산광역시 사하구 사하로 21 (구평동),4명,2026-09-08 21:00:43
https://www.jobkorea.co.kr/Recruit/GI_Read/5601302/Ext?siteCode=WN&sc=,821200,"자동차용 절삭공구 (브로치) 제작 _ CNC 운영 스플라인 연마(연삭) 하실 분을 모십니다. 담당업무 --> BROACH 절삭공구 CNC 연삭 작업 (길이 1m 전후_직경 30mm 내외) _ CNC 운영 (스플라인 연마)연삭작업 ( CNC 조작 기술자 우대 및 의욕있고 성실한분 모집 _ 본사에서 운영가능한 작업훈련 기간 필수 ) --> CNC 조작 및 활용 가능 기술자 및 치수측정( 마이크로 미터)능력 필요 --> 직무능력 확보후 주야간 작업 가능자 남광하이테크는 2002년에 설립 된 회사로 사원수 11명 규모의 소기업 입니다. 부산 사상구 낙동대로 1354(삼락동)에 위치하고 있으며, 자동차 HUB용 BROACH 절삭공구 제조업 사업을 하고 있습니다. 같은 업종에서 20년 이상을 지속하여 사업하고 있는 내실 있는 기업 입니다. 자사에서 생산한 TOOL로 특정 국내 자동차 부품의 80% 이상을 생산하고 있는 히든챔피언 기업 입니다. 자유로운 기업문화로 인해서 자신의 직무를 담당 할 수 있게 되면 출퇴근 플렉스 운영 ( 야간 작업 가능 ) 특별한 사항이 없는 한 잔업도 자유롭습니다. ** 경력자 우대는 CNC 활용 및 제조업 종사 기간의미",금속가공 기계 조작원,-,학력무관,경력,"연봉 3,600만원 ~ 5,000만원",고용형태,"부산광역시 사상구 낙동대로 1354, 남광하이테크 (삼락동)",1명,2026-09-08 21:00:43
https://www.jobkorea.co.kr/Recruit/GI_Read/5600143/Ext?siteCode=WN&sc=,550100,"-대 상 자 : 4등급 (1952년생) 여자어르신 (가족함께 거주, 해당시간 부재) -근무 시간 : 주5일 (월-금 ) 하루 3시간 (13:00 ~ 16:00) -근무 장소 : 부산광역시 수영구 광안해변로15번길 68 뉴비치아파트 -주요 업무 : 취사 (음식 조리), 가사 및 일상생활 도움, 이동도움 등 일반적인 요양보호사의 업무 -필수 사항 : 요양보호사 자격증, 채용 신체검사서(건강검진 사본), 이력서 제출 필수 <등본은 채용확정시 제출>-포괄 시급 : 13,000원(시급 10,320원 + 수당 ) -우대 사항 : 밝은 미소와 부드러운 어조로 어르신을 돌보실 수 있는 분 어르신 돌봄에 관심과 애정을 가지고 계신 분 - 문의 번호 : ☎ 051-624-1515",요양보호사,-,학력무관,관계없음,"시급 10,320원 ~ 13,000원",고용형태,"부산광역시 수영구 광안해변로15번길 68 (남천동, 뉴비치)",1명,2026-09-08 21:00:44
https://www.jobkorea.co.kr/Recruit/GI_Read/5600450/Ext?siteCode=WN&sc=,561101,시설물 청소 및 현장관리,"건물 청소원(공공건물,아파트,사무실,병원,상가,공장 등)",APT청소원,학력무관,관계없음,월급 108만원 ~ 108만원,고용형태,"부산광역시 기장군 기장읍 대청로8번길 6, 신호팰리스 ()",1명,2026-09-08 21:00:44
https://www.jobkorea.co.kr/Recruit/GI_Read/5600454/Ext?siteCode=WN&sc=,623004,"(주)부림교역에서 보세창고 ""지게차운전원"" 하실 분을 찾고 있습니다. 냉동. 냉장창고/ 보세창고에서 근무한 경험이 있는 분 우대. 근무일 : 채용시부터 (근무시작일 협의가능) 출퇴근 여건을 고려하셔서 지원해 주십시요. (강서구, 사상구, 사하구, 북구. 김해 거주자 우대) 출퇴근 관련 - 셔틀버스 주례, 서면방면으로 1대 운행 자차 운행자 - 사내 주차장 이용. 교통비 지원, 통신비 지원. 근무조건 : 3개월 인턴 근무 하신 후 정규직으로 전환 조건 입니다. 근무장소 : 부산광역시 강서구 범방3로30번길 12 (범방동) 렛츠런(경마장)쪽에서 생곡 방향으로 조금 내려오면 보입니다. 점심은 자체 식당에서 제공하고 있습니다.",지게차 운전원,지게차운전원,학력무관,경력,월급 270만원 ~ 300만원,고용형태,"부산광역시 강서구 범방3로30번길 12, 5층사무실 (범방동)",3명,2026-09-08 21:00:44
https://www.jobkorea.co.kr/Recruit/GI_Read/5600455/Ext?siteCode=WN&sc=,541900,"*** 대연양우내안애 보안구인*** 1. 근무장소 :문현동.대연양우내안애퍼스트( 2. 근무시간 : 07:00 ~ 익일 07:00 3. 휴게시간 : 주간3시간, 야간 7시간 30분 4. 급여 : 월2,865,880원 5. (필수) 경비교육이수증 3년 이내 6. 직무내용 : 화재 도난 혼잡등으로 인한 위험방지 ※ 문의사항은 부산북구청 취업정보센터로 전화주세요(☎051-309-5224)",기타 경호 및 보안 관련 종사원,-,학력무관,관계없음,월급 286만원 이상,고용형태,"부산광역시 남구 수영로 117, 대연양우내안애아파트 (문현동, 대연양우내안애퍼스트)",1명,2026-09-08 21:00:44
https://www.jobkorea.co.kr/Recruit/GI_Read/5600139/Ext?siteCode=WN&sc=,550100,"-대상자 : 5등급 90대 남자어르신(치매교육 이수 필수) 가족 함께 거주 -근무장소 : 부산시 해운대구 우동 센텀현대 아파트 -직무내용 : 인지활동형 프로그램 실시, 일상생활 함께하기 등 -근무형태 : 주 3 일(월,수,금) 1시~4시 -시급13,000원(기본 시급 10,320원 + 주휴·연차수당 포함)",요양보호사,-,학력무관,관계없음,"시급 10,320원 ~ 10,320원",고용형태,"부산광역시 해운대구 해운대로469번길 190, - (우동, 센텀현대아파트)",1명,2026-09-08 21:00:45
https://www.jobkorea.co.kr/Recruit/GI_Read/5599444/Ext?siteCode=WN&sc=,550100,"[보수동3가]요양보호사 - 4등급, 75세 여자어르신 - 재가요양보호사 업무(식사준비,청소 등) - 주5회(월~금) 오전 10:00~13:00 (3시간) - 시급 : 10,320원 +주휴,연차수당 > 13,000원 - 서원블루오션 F동(6차)",요양보호사,-,학력무관,관계없음,"시급 10,320원 ~ 10,320원",고용형태,"부산광역시 중구 대청로 17, 보수동3가 (보수동3가, 서원블루오션F동)",1명,2026-09-08 21:00:45
https://www.jobkorea.co.kr/Recruit/GI_Read/5601345/Ext?siteCode=WN&sc=,550101,"사회복지법인 승희재단 산하 한마음노인건강센터(노인요양시설)에서는 어르신을 가족처럼 섬기며 함께 근무하실 마음 따뜻하고 성실한 요양보호사를 아래와 같이 모집합니다. * 요양보호사 1. 모집분야 및 인원 : 요양보호사 1명 2. 응시자격 : 요양보호사 자격증 소지자 3. 업무내용 : 입소 어르신 일상생활 지원 및 케어 신체활동 및 기능유지 지원 등 요양보호사 업무 전반 4. 근무조건 : 2교대 근무 5. 채용방법 : 서류 확인 및 방문면접 6. 제출서류 1) 이력서 1부 2) 요양보호사 자격증 사본 1부 3) 개인정보 수집이용 동의서 1부 (첨부파일 참조) 7. 급 여 : 시설 내부 규정에 따름 8. 접수기간 : 2026.09.01. ~ 2026.09.15. 9. 접수방법 : 방문, 이메일 또는 우편 접수 10. 기타사항 - 최종합격자는 주민등록등본, 채용신체검사서 등 채용에 필요한 서류를 제출하여야 합니다. - 제출된 서류의 내용이 사실과 다른 경우 채용이 취소될 수 있습니다. 어르신을 존중하고 따뜻한 마음으로 함께해 주실 분들의 많은 관심과 지원 바랍니다.",요양보호사(노인요양사),요양보호사,학력무관,관계없음,월급 260만원 ~ 280만원,고용형태,"부산광역시 기장군 기장읍 차성남로 91-2, 한마음노인건강센터",1명,2026-09-08 21:00:45
https://www.jobkorea.co.kr/Recruit/GI_Read/5599634/Ext?siteCode=WN&sc=,550102,"[수영구 민락동] 재가요양보호사 구인 * 대 상 자 : 4등급 할아버지 / 87세 / 빌라 * 직무내용 : 신체활동지원, 정서지원, 가사 및 일상생활지원 * 근무시간 : 오전 9:00 ~ 12:00 (주3회 - 월수금) * 포괄시급 : 13,500원 (제세수당 포함) * 채용담당자 : 051-701-5333 (통화 후 방문)",재가 요양보호사,재가요양보호사,학력무관,관계없음,"시급 10,320원 이상",고용형태,"부산광역시 수영구 감포로8번길 96, 민락동 (민락동, 유림빌라)",1명,2026-09-08 21:00:45
https://www.jobkorea.co.kr/Recruit/GI_Read/5601297/Ext?siteCode=WN&sc=,028508,"금속관련 품질 ,캐드 업무( FLANGE , TUBE SHEET, NOZZLE, FORGING등 )",품질관리 사무원(기계·자동차·금속),기계·자동차·금속관련품질관리사무원,학력무관,경력,"연봉 4,500만원 이상",고용형태,부산광역시 강서구 미음산단로 80,1명,2026-09-08 21:00:45
https://www.jobkorea.co.kr/Recruit/GI_Read/5601338/Ext?siteCode=WN&sc=,028900,"- 수출입 식품 검역 대행 사무 (농산물, 축산물 등 포함) - 수출입 관련 서류 준비 및 검토 - 검역 관련 서류 작성 - 엑셀 유능자, 빠른 검색 가능자 - 3개월 수습기간 (임금 240만원) [우대사항] 검역 관련 경력자 우대, 컴퓨터 활용 우수자",기타 운송 및 무역 사무원,-,학력무관,경력,월급 240만원 ~ 300만원,고용형태,부산광역시 중구 충장대로9번길 29 (중앙동4가),1명,2026-09-08 21:00:46
https://www.jobkorea.co.kr/Recruit/GI_Read/5599663/Ext?siteCode=WN&sc=,550102,"[남천동] 요양보호사 구인합니다. ✔근무지 : 수영구 수영로 493 (남천동) ✔대상자 : 2등급 86세 여자 어르신(아들 함께 거주) ✔근무시간 : 14:00~18:00 (주6일)/주1회 8시간 근무 요청 ✔케어내용 : 부축, 식사, 음식 도움요청 (기저귀착용) ✔시급 : 13,500원(제수당 포함) * 실제 서비스 제공 기간에 따라 임금을 계산하여 지급하는 형태로 채용 시 근로자마다 주 소정근로시간이나 임금, 근무(예정)지 등에 차이가 있을 수 있음.",재가 요양보호사,재가요양보호사,학력무관,경력,"시급 10,320원 ~ 10,320원",고용형태,부산광역시 수영구 수영로 493 (남천동),1명,2026-09-08 21:00:46
https://www.jobkorea.co.kr/Recruit/GI_Read/5601133/Ext?siteCode=WN&sc=,550102,"<금곡동 재가요양보호사 채용정보> ○근무지 : 금곡주공7단지 ○대상자: 48년생 여 어르신(독거) ○근무내용: 가사지원서비스(식사준비), 신체활동 지원 등 ○근무시간 : 9시~11시 (일2시간/월 20시간 근무) _[주2-3회] ○시급: 10,320원 (기타 수당 별도) **지원문의 : 051-343-5685 (부산삼동재가노인지원서비스센터) ※실제 서비스 제공기간에 따라 임금을 계산하여 지급하는 형태로 채용시 근로자마다 주 소정근로시간이나 임금, 근무(예정)지 등에 차이가 있을 수 있음.",재가 요양보호사,-,학력무관,관계없음,"시급 10,320원 ~ 13,050원",고용형태,"부산광역시 북구 금곡대로550번길 23 (금곡동, 금곡7단지주공아파트)",1명,2026-09-08 21:00:46
https://www.jobkorea.co.kr/Recruit/GI_Read/5600452/Ext?siteCode=WN&sc=,029903,"1. 채용분야 및 채용인원 - 방문형 가정회복사업 행정보조인력 / 초단기근로자(1명)/ 2026년 방문 똑똑! 마음 톡톡! 방문형 가정회복사업 보조업무(*사례관리 업무 아님.) 2. 응시자격 가. 필수사항 · 「아동복지법」 제29조의3 관련한 아동학대 범죄 경력이 없는 사람 · 「아동·청소년의 성보호에 관한 법률」 제56조 관련한 성범죄 경력이 없는 사람 · 「장애인복지법」 제59조의3제12항 관련한 장애인학대범죄 경력이 없는 사람 나. 우대사항 · 사회복지사 자격증 소지자 · OS사용 능숙자 3. 근무조건 및 급여기준 가. 근 무 처 : 부산시 동래구 충렬대로 368, 상가 101호 (안락동 롯데캐슬애브뉴) 나. 계약기간 및 근무시간 : 채용일로부터 3개월 미만 / 주14시간, 월59시간 근무(* 근무시간 및 요일 협의) 다. 보 수 : 월800,000원 ​ 4. 채용절차 – 기관 홈페이지 내 첨부파일 채용공고문 및 서식 반드시 확인바랍니다. 가. 서류접수: 2026.08.31.(월) ~ 09.15.(화) 이메일 접수(마감일 17시까지) 나. 서류심사: 2026.09.16.(수) 다. 면접심사: 2026.09.17.(목) ~ 09.18.(금) * 예정 라. 최종합격자발표: 2026.09.18.(금) * 예정 마. 근무시작일: 2026.9월 말 채용시부터 5. 제출방법 가. 지원 시 제출서류 1) 입사지원서(자기소개서포함) : 【붙임 1】 양식 2) 개인정보제공 및 고유식별정보 처리동의서 : 【붙임 2】 양식 3) 특수관계 부존재 각서 : 【붙임 3】 양식 나. 접수방법 : 이메일접수 - jbusan1391insa@naver.com ★이메일 제목 예시 : 입사지원서(지원분야)-지원자이름 6. 기타사항 - 최종 합격이 되었다 하더라도 추후 임용 결격자로 확인될 경우 합격 취소될 수 있습니다. - 합격자 중 임용철회 의사를 밝힐 경우 차점자 순으로 임용할 수 있습니다. - 응시자 중 적격자가 없거나 중부산 아동보호전문기관 운영 계획 변경 등 운영 상의 사유가 있는 경우 추가로 합격자를 결정하거나 채용하지 않을 수 있습니다. - 최종합격자는 관련 법률에 의거하여 성범죄 또는 아동학대, 장애인학대 관련 범죄 경력조회를 실시 할 수 있으며, 경력조회 결과 결격사유가 있을 시 합격이 취소될 수 있습니다.(본인 동의 후 범죄 경력 조회 실시) - 자격증, 경력증명 등 서류 미제출로 인한 서류전형 또는 합격 후 불이익에 대한 책임은 해당 응시자에게 있습니다. - 응시서류의 기재 착오 또는 연락 불능 등으로 인한 불이익의 책임은 해당 응시자에게 있습니다. - 제출된 서류는 직원 채용 용도로만 활용, 채용 종료 후 폐기하며 접수서류 일체는 반환하지 않습니다. - 블라인드 채용에 따라 입사지원서 및 자기소개서에는 학벌이나 학력, 출신지, 신체조건, 가족관계 등 차별적 내용은 일체 기재하지 않도록 하시기 바랍니다. - 문의: 중부산아동보호전문기관 051-921-1391(담당자: 우은정 팀장)",사무 보조원(공공기관),공공사무보조원,학력무관,관계없음,월급 80만원 이상,고용형태,"부산광역시 동래구 충렬대로 368 (안락동, 롯데캐슬 애브뉴)",1명,2026-09-08 21:00:46
https://www.jobkorea.co.kr/Recruit/GI_Read/5600841/Ext?siteCode=WN&sc=,550102,"41년생 4등급 여자어르신 *산책,외출 동행 *식사도움,청소 및 정리정돈 등 전반적인 어르신 케어. *화.목.토 09:00~12:00 *시급 13.000원",재가 요양보호사,재가요양보호사,학력무관,경력,"시급 13,000원 ~ 13,000원",고용형태,"부산광역시 수영구 수영로741번길 20, 104 (수영동, 현대아파트)",1명,2026-09-08 21:00:47
https://www.jobkorea.co.kr/Recruit/GI_Read/5600843/Ext?siteCode=WN&sc=,550102,"36년생 4등급 여자 어르신 케어하실 요양보호사 선생님을 모집합니다 -근무시간 : 오전 9시00분~12시00분까지 -주요업무 : 청소 및 정리, 병원동행, 일상생활 도움 및 말 벗",재가 요양보호사,재가요양보호사,학력무관,신입,"시급 13,000원 ~ 13,000원",고용형태,"부산광역시 동구 진성로 86-4, 1층 (수정동)",1명,2026-09-08 21:00:47
https://www.jobkorea.co.kr/Recruit/GI_Read/5600413/Ext?siteCode=WN&sc=,028508,"* 주요업무 -QMS(풀질경영시스템)운영:IATF16949기반의 품질 시스템 유지 및 관리 -정밀 측정 및 분석:도면 해독을 바탕으로 삼차원 측정기 치수 데이터 관리 -현장 품질 대응: 용접 공정 불량 분석 및 부적합품 시정조치 -고객사 대응: 자동차 고객사 품질 감사 대응 및 승인 서류(PPAP/ISIR) 작성 *자격요건 -경력 5년 이상 -학력무관 -자동차 부품 QA실무 경험 있으신 분 -QMS관리,SQ 경험자 -현장 품질 이슈 대응 가능하신분 -문서화 및 보고서 작성 가능하신분",품질관리 사무원(기계·자동차·금속),기계·자동차·금속관련품질관리사무원,학력무관,경력,"연봉 6,000만원 이상",고용형태,부산광역시 사하구 하신번영로127번길 10 (신평동),1명,2026-09-08 21:00:47
https://www.jobkorea.co.kr/Recruit/GI_Read/5600436/Ext?siteCode=WN&sc=,027102,회계사무실에서 근무할 경력((일반회사 경력도 우대가능)) 직원을 구합니다. 함께 어울려 성실히 일할 수 있는 참신한 직원 지원 바랍니다. 회계사무실경력 우대합니다. 성실히 오랫동안 함께 가족같이 지내실 분 환영합니다. 많은 관심과 지원 바랍니다^^ 감사합니다~ 경력단절여성도 지원가능합니다.,회계 사무원(회계·세무 사무소),회계사무원(회계사무소),고졸~대졸(4년),관계없음,월급 235만원 ~ 250만원,고용형태,"부산광역시 연제구 중앙대로 1125, CT타워 A동 503호 (연산동)",1명,2026-09-08 21:00:47
https://www.jobkorea.co.kr/Recruit/GI_Read/5600849/Ext?siteCode=WN&sc=,550102,부산 사상실버웰 방문요양보호사 구인합니다. 수급자 : 부부 등급 : 어머니 / 3등급(79세) 아버님 / 4등급(85세) 근무장소 : 당감동 업무 : 어르신 일상생활지원 및 가사활동지원 및 밑반찬 근무시간 : 주 6회 - 11:00-17:00 *요양보호사 자격증 필수,재가 요양보호사,재가요양보호사,학력무관,관계없음,"시급 10,320원 ~ 10,320원",고용형태,"부산광역시 부산진구 신천대로197번길 15, 102동 (당감동, 서면2차봄여름가을겨울)",1명,2026-09-08 21:00:47
https://www.jobkorea.co.kr/Recruit/GI_Read/5603880/Ext?siteCode=WN&sc=,550102,"[개금동] 재가요양보호사 - 4등급 70대 남자어르신 (독거)/ 거동가능 - 가사 및 일상생활지원 - 근무시간 : 9:00~11:30(2.5시간/1일) / 주5일 - 개금 주민주택(경남정보대 인근) - 시급 :13,000원( 주휴 및 제세수당 포함) * 지원 문의는 사상구청 일자리센터 (051)310-5195로 전화바랍니다.",재가 요양보호사,-,학력무관,관계없음,"시급 10,320원 ~ 13,000원",고용형태,"부산광역시 부산진구 복지로 89 (개금동, 국민주택)",1명,2026-09-08 21:00:48
https://www.jobkorea.co.kr/Recruit/GI_Read/5599721/Ext?siteCode=WN&sc=,550101,"(주)금정재활주간보호센터 여자요양보호사1명 모집 구체적인직무내용:어르신케어 및 일상생활 지원,프로그램활동 보조 및 어르신 안전관리, 송영업무등 어르신을 존중하고 따뜻한 마음으로 섬기시는분, 동료를 배려하고 원활하게 소통하며 협력하시는분,책임감 성실함 긍정적으로 즐겁게 일하실분을 환영합니다. *(주)금정재활주간보호센터 *여자요양보호사1명 모집 *요양보호사자격증,자동차운전면허2종필수 (1종 우대) *금정로185번길 *월급 2,156,880원",요양보호사(노인요양사),노인요양사,학력무관,관계없음,월급 215만원 ~ 215만원,고용형태,부산광역시 금정구 금정로185번길 30 (장전동),1명,2026-09-08 21:00:49
https://www.jobkorea.co.kr/Recruit/GI_Read/5596362/Ext?siteCode=WN&sc=,890000,금속표면처리(산처리 유경험자 우대) 평일 08:30-17:30 토요일 08:30-12:30 공휴일 휴무,기타 제조 관련 단순 종사원,-,학력무관,관계없음,"시급 10,320원 ~ 10,320원",고용형태,"부산광역시 강서구 녹산산단262로13번길 40, 송암산업 (송정동)",2명,2026-09-08 21:00:49
https://www.jobkorea.co.kr/Recruit/GI_Read/5599463/Ext?siteCode=WN&sc=,550102,"4등급 39년생 여자 어르신 케어 - 근무시간 : 주 5일 월~금요일 오후 09시00분 - 12시00분 (3시간) - 근무내용 : 신체지원, 가사지원, 정서지원 요양보호사 자격증, 건강진단서 (채용시 제출 바람) - 포괄시급 13,000원 (기본급 (10,320원)+연차수당+주휴수당+기타수당)",재가 요양보호사,재가요양보호사,학력무관,경력,"시급 10,320원 이상",고용형태,"부산광역시 동구 수정공원로 143, 1 (수정동, 수성아파트)",1명,2026-09-08 21:00:49
https://www.jobkorea.co.kr/Recruit/GI_Read/5596553/Ext?siteCode=WN&sc=,550101,- 안심노인요양시설 노인요양시설에서 근무 - 입소어르신 일상생활지원 및 요양보호 서비스 제공 - 입소어르신 환경관리,요양보호사(노인요양사),-,학력무관,관계없음,월급 236만원 ~ 236만원,고용형태,"부산광역시 해운대구 아랫반송로89번길 8, 안심노인요양시설 (반송동)",1명,2026-09-08 21:00:49
https://www.jobkorea.co.kr/Recruit/GI_Read/5596393/Ext?siteCode=WN&sc=,890000,"[모집직무] 인발·신선·연선·압출기 조작원, 기타 제조 관련 단순 종사원, 단순 사상원(용접사상 제외-용접원구분) [직무소개] 우리 회사는 선박 노즐 제품을 생산하는 기업입니다. 본 채용은 선박 노즐 제품의 생산 과정에서 다양한 업무를 수행하는 생산 인력을 모집합니다. [주요업무] - 선박 노즐 제품의 성능 테스트 - 제품 포장 - 단순 수작업 - 생산 라인에 필요한 지원 업무",기타 제조 관련 단순 종사원,권선공,학력무관,관계없음,"시급 10,320원 ~ 10,320원",고용형태,부산광역시 기장군 장안읍 장안산단7로 50,1명,2026-09-08 21:00:49
https://www.jobkorea.co.kr/Recruit/GI_Read/5601052/Ext?siteCode=WN&sc=,550102,"[ 청룡동 ] - 5등급 85세 할머니 - 대상자 케어등 일반적인 요양보호사 업무, 산책, 가사도움. 인지활동 등 - 주5일 / 09:00-12:00",재가 요양보호사,-,학력무관,관계없음,"시급 10,320원 이상",고용형태,"부산광역시 금정구 청룡예전로 74, 인근 (청룡동, 경동아파트)",1명,2026-09-08 21:00:50
https://www.jobkorea.co.kr/Recruit/GI_Read/5596813/Ext?siteCode=WN&sc=,561101,※ 빌리브 해운대 미화원 구인※ - 주 2일 휴무 - 근무시간 : 08시 00분 ~ 16시 00분 - 휴게시간 : 12시 00분 ~ 13시 00분 *전화 문의 불가능*,"건물 청소원(공공건물,아파트,사무실,병원,상가,공장 등)",-,학력무관,관계없음,월급 193만원 ~ 193만원,고용형태,부산광역시 해운대구 해운대로570번길 30 (우동),1명,2026-09-08 21:00:50
https://www.jobkorea.co.kr/Recruit/GI_Read/5601348/Ext?siteCode=WN&sc=,550101,수영구 광안동에 위치한 수영구 최대재활 광안효심데이케어센터에서 요양보호사를 모집합니다. <채용조건> 1. 어르신 공경과 사랑을 최대 가치로 생각하시고 기존의 구성원들과 조화롭게 화합 가능하신분 2. 실제로 운전 가능하신 분 (1종보통면허 우대) 3. 과도한 전화문의로 업무에 지장을 초래하오니 반드시 고용24로 지원하시길 부탁드립니다.,요양보호사(노인요양사),요양보호사,학력무관,관계없음,월급 215만원 이상,고용형태,부산광역시 수영구 수영로 535 (광안동),1명,2026-09-08 21:00:50
https://www.jobkorea.co.kr/Recruit/GI_Read/5596567/Ext?siteCode=WN&sc=,028408,항만 하역업체로 선적화물관리 및 작업 문서화작성 / 토요일은 유동적으로 출근 할수 있음,물류 사무원(물류 관리사),물류관리사무원,고졸~대졸(4년),관계없음,월급 215만원 이상,고용형태,"부산광역시 남구 북항로 147, 투엠글로벌 감만씨에프에스 A-2 2층 (감만동)",1명,2026-09-08 21:00:50
https://www.jobkorea.co.kr/Recruit/GI_Read/5597004/Ext?siteCode=WN&sc=,834000,병원 건물 전기안전관리 선임자 모집,전기 및 전자설비 조작원,-,학력무관,경력,"연봉 4,000만원 ~ 4,200만원",고용형태,"부산광역시 수영구 수영로 493, 좋은강안병원 (남천동)",1명,2026-09-08 21:00:50
https://www.jobkorea.co.kr/Recruit/GI_Read/5596991/Ext?siteCode=WN&sc=,890006,어묵 공장 포장실 직원구합니다. 근무시간 : 8시30분~17시30분 (겨울성수기 연장근로 있음) 근무요일 : 월~금 계약기간 : 5개월 단기계약 단기계약 후 상황에 따라 계약연장 가능,식품 분야 단순 종사원,식품분야 단순노무자,학력무관,관계없음,"시급 10,320원 이상",고용형태,부산광역시 사하구 다대로1066번길 55 (장림동),3명,2026-09-08 21:00:51
https://www.jobkorea.co.kr/Recruit/GI_Read/5598068/Ext?siteCode=WN&sc=,140303,1. 건설공사현장(현재 현장에서 부산이내 현장으로 변경가능성 있음) 2. 토목관련학과 졸업자로 토목산업기사이상 자격증소지자 또는 한국건설기술인협회 토목분야 중급기술자 이상 보유(2명),토목시공 기술자(토목견적 포함),토목시공기술자,학력무관,경력,"연봉 3,500만원 ~ 7,000만원",고용형태,"부산광역시 해운대구 마린시티3로 1, 일원 (우동, 선프라자)",2명,2026-09-08 21:00:51
https://www.jobkorea.co.kr/Recruit/GI_Read/5598226/Ext?siteCode=WN&sc=,890006,-직무: 김치 제조 보조,식품 분야 단순 종사원,식품 육안 선별원,학력무관,관계없음,"시급 10,320원 ~ 10,320원",고용형태,"부산광역시 강서구 공항앞길33번길 14, 1층 (대저2동)",2명,2026-09-08 21:00:51
https://www.jobkorea.co.kr/Recruit/GI_Read/5597878/Ext?siteCode=WN&sc=,890006,• 제품별 어묵 성형 업무 • 어묵 제품 박스 포장 및 출고,식품 분야 단순 종사원,식품분야 단순노무자,학력무관,관계없음,월급 215만원 ~ 215만원,고용형태,부산광역시 사하구 다산로 272 (장림동),2명,2026-09-08 21:00:51
https://www.jobkorea.co.kr/Recruit/GI_Read/5596808/Ext?siteCode=WN&sc=,550102,"- 홍삼당약국 아래쪽 주택 - 90대 초반 4등급 여자어르신( 보행기구와 함께 거동가능) - 신체활동도움, 가사(청소만하시면되는데 깔끔하신분), 말벗, 병원 동행 및 외출 동행 - 주 6일 월~토 오전 09:00 ~ 12:00(3시간) - 시급 13,200원(수당포함) *지원문의 : 장선 실버벨 재가복지센터 채용 담당자",재가 요양보호사,재가요양보호사,학력무관,관계없음,"시급 10,320원 ~ 10,320원",고용형태,"부산광역시 북구 시랑로141번길 34, 1층 (구포동)",1명,2026-09-08 21:00:51
https://www.jobkorea.co.kr/Recruit/GI_Read/5598225/Ext?siteCode=WN&sc=,813200,"부산시 강서구 생곡동에 위치한 맞대기 용접식 관 이음쇠 전문 제조 공장입니다. 회사 제품 창고 입출고 쪽에서 근무하실 분 모집합니다. 근무시간 : 기본근무 - 월,화,목,금요일 - 오전 7시 30분 ~ 오후 4시 30분 , 연장근무 시 오후 6시 30분까지 수요일 - 오전 7시 30분 ~ 오후 4시 30분, 연장근무 시 오후 5시 30분까지 특별근무 - 2,4,5주차 토요일 - 오전 7시 30분 ~ 오후 4시 30분 1,3 주차 토요일 - 휴무 / 일요일 - 휴무(주휴) 4대보험, 퇴직금, 연차금 지급, 보너스 ( 명절, 휴가 ) + 비정기 보너스(근로자의 날, 연초, 연말 등등) 자유로운 연차 사용 분위기 CNC , MCT 등 프로그램 조작 및 가공 가능 하신 분 구합니다. 경력직 구합니다.",금속 공작기계 조작원,밀링기조작원,학력무관,경력,월급 350만원 이상,고용형태,"부산광역시 강서구 가달1로 17, (주)신성피팅 (생곡동)",1명,2026-09-08 21:00:51
https://www.jobkorea.co.kr/Recruit/GI_Read/5598224/Ext?siteCode=WN&sc=,813200,"NC 보링기 오퍼레이터를 구합니다 숙련공을 우대하며 초보자도 가능합니다 임금은 면접후 조율 가능합니다 기능에 따라 월 600이상 그 이상도 가능합니다 캐드,캠 가능자이면 우대합니다",금속 공작기계 조작원,그라인더조작원,학력무관,경력,월급 600만원 이상,고용형태,"부산광역시 강서구 미음산단3로 172, 파이정밀 (미음동)",1명,2026-09-08 21:00:52
https://www.jobkorea.co.kr/Recruit/GI_Read/5597826/Ext?siteCode=WN&sc=,550102,방문요양보호사 구인 4등급 남자 어르신 일상생활지원케어 서비스 인지재활 정서지원 * 근무지 - 동래구 석사로 21 근처 * 14시~17시 알선기관 알선 부탁드립니다,재가 요양보호사,-,중졸~고졸,관계없음,"시급 13,000원 ~ 13,000원",고용형태,"부산광역시 동래구 석사로 21, 0 (사직동, 오름파크)",1명,2026-09-08 21:00:52
https://www.jobkorea.co.kr/Recruit/GI_Read/5597558/Ext?siteCode=WN&sc=,027100,"- 채용분야 : 정규직 - 회계 (6급 대리) - 채용인원 : 1명 - 담당업무 : 회계, 계약 등 센터 업무분장에 의함 - 채용기간 : 2026년 10월 1일 부터 * 수습기간은 3개월(2026.10.1.~2026.12.31.)이고, 수습기간 동안 평가가 낮을 경우 수습 기간 내 수습 종료할 수 있음. *** 직급별, 경력에 따라 연봉 협의 추진(최저 부산시 생활임금 보장) [ 기본요건 ] ※ 1, 2, 3은 필수요건 1. 공고일 현재 만19세 이상인 자 ※ 60세 미만 응시 가능(센터 정년 기준) 2. 상근가능자 3. 응시 결격사유에 해당하지 않는 자 4. 우대사항 1) 회계 관련 업무 경력자(자기소개서에 관련 사항 기입 및 경력증명서에 명시) [ 자격요건 ] * 아래 사항 중 하나 이상에 해당하는 자 1. 자원봉사단체, 금융기관, 기업체, 사회복지기관 등에서 회계 업무에 2년 이상 근무한 경력이 있는 자 [ 응시 결격사유 ] 1. 금치산자 또는 한정치산자 2. 파산선고를 받고 복권되지 아니한 자 3. 금고 이상의 형을 선고받고 그 집행이 종료되거나 집행을 받지 아니하기로 확정된 후 5년이 경과되지 아니한 자 4. 금고 이상의 형을 받고 그 집행유예의 기간이 만료된 날로부터 2년을 경과하지 아니한 자 5. 금고 이상의 형의 선고유예를 받은 경우에 그 선고유예 기간 중에 있는 자 6. 법원의 판결 또는 다른 법률에 의하여 자격이 상실 또는 정지된 자 7. 병역의무자로서 병역을 기피한 자 8. 징계에 의하여 파면 또는 파직처분을 받은 날로부터 3년이 경과하지 않은 자 [ 제출서류(서류전형 응시자) ] ① 응시자 제출서류 목록표 <별첨 제1호 서식> ② 지원서 <별첨 제2호 서식> ※ 지원서에 기재된 사항은 증빙자료 반드시 첨부 (미제출 시 내용 불인정) ③ 자기소개서 <별첨 제3호 서식> ④ 최종학교 졸업증명서 (졸업예정자는 졸업예정증명서) ⑤ 경력증명서 또는 재직증명서 ⑥ 건강보험자격득실확인서 ⑦ 개인정보 수집·이용 동의서 <별첨 제5호 서식>",회계 사무원,-,고졸~박사,경력,월급 256만원 ~ 300만원,고용형태,"부산광역시 부산진구 중앙대로 955, 상수도사업본부 10층, 부산광역시자원봉사센터 (양정동)",1명,2026-09-08 21:00:53
https://www.jobkorea.co.kr/Recruit/GI_Read/5597581/Ext?siteCode=WN&sc=,824100,"- (알곤/CO2) 용접 가능하신 분 * 임금은 면접 후 경력에 따라 협의. 토요일 특근시 , 평일 연장근무시 별도 수당 지급. * 입사 후 1개월 수습 (업무 숙련도에 따라 조정가능). * 판금 용접 경력자 우대 (도면 해독 가능자 우대). * 임금은 신입/경력에 따라 면접시 재협의.",용접원,-,학력무관,경력,월급 280만원 ~ 300만원,고용형태,부산광역시 사하구 다산로 50 (다대동),1명,2026-09-08 21:00:53
https://www.jobkorea.co.kr/Recruit/GI_Read/5596566/Ext?siteCode=WN&sc=,624501,"항만내 수출, 수입 작업장으로 컨테이너 내 화물 적입,적출 작업시 관리 업무 및 화물검수 선적 스케줄상 야간 근무 및 토요일 근무 발생 될 수 있으며, 별도 특근수당 지급.",하역·적재 종사원,화물하역원,고졸~대졸(4년),관계없음,월급 215만원 이상,고용형태,부산광역시 남구 북항로 147 (감만동),1명,2026-09-08 21:00:53
https://www.jobkorea.co.kr/Recruit/GI_Read/5597084/Ext?siteCode=WN&sc=,550102,"*대상자 : 4등급 여자어르신 *근무지 : 부산 동래구 칠산로60번길 5, 그린빌라 부근 *근무시간 : 09:00~12:00 주5일 (월/화/수/목/금) *근무내용 : 일반적인 가사 생활 지원 *포괄시급 : 13,000원 (시급 10,320원+ 제세수당 별도문의) ☎지원 방법 : 051-556-2164, 가득행복복지센터 면접 후 결정 [요양지원 > 요양보호제도] 관련법규 파악하기,장기요양서비스 이용지원 돕기,요양보호사 역할 준수하기",재가 요양보호사,재가요양보호사,학력무관,신입,"시급 13,000원 ~ 13,000원",고용형태,"부산광역시 동래구 칠산로60번길 5, 부근 (칠산동, 그린빌라)",1명,2026-09-08 21:00:53
https://www.jobkorea.co.kr/Recruit/GI_Read/5597219/Ext?siteCode=WN&sc=,550102,"- 3등급 여자 어르신(69세, 배우자 동거) - 14:00~17:00(3시간), 주 3일(월,수.금) - 시급 : 10,320원 ☞ 주휴수당 등 발생 시 별도 지급 - 일상생활지원 및 어르신 케어",재가 요양보호사,재가요양보호사,학력무관,경력,"시급 10,320원 ~ 10,320원",고용형태,"부산광역시 북구 화명신도시로 194, 1 (금곡동, 화명한일유앤아이)",1명,2026-09-08 21:00:53
https://www.jobkorea.co.kr/Recruit/GI_Read/5597167/Ext?siteCode=WN&sc=,550102,"▶ 대상자: 4등급, 80대, 여자어르신 ▶ 직무내용: 신체활동지원, 정서지원, 가사 및 일상생활지원 ▶ 근무시간: 주 5회 / 하루 3시간 / 서비스 시간 14-17시 ▶ 시급: 13,100원(각종 수당 포함) ▶ 근무 예정지 주소: 부산시 수영구 무학로21번길 49 ▶ 채용담당자 : 051)462-1478",재가 요양보호사,재가요양보호사,학력무관,신입,"시급 10,320원 이상",고용형태,"부산광역시 수영구 무학로21번길 49, 광안동 (광안동)",1명,2026-09-08 21:00:54
https://www.jobkorea.co.kr/Recruit/GI_Read/5596357/Ext?siteCode=WN&sc=,890000,"CNC 및 관련 장비를 가동하여 알루미늄 등의 자재로 각종 산업용 명판을 제작하고 각종 수지를 가공하여 전기, 배전반 및 선박 관련 회사에 납품하는 중소제조기업으로서 제조분야에 일부 분야를 담당하고 관련 업무를 함께할 직원을 구합니다. 참고로 신입이어도 선임자가 있어 함께하며 업무수행이 가능합니다.",기타 제조 관련 단순 종사원,-,학력무관,관계없음,"연봉 3,300만원 ~ 3,300만원",고용형태,"부산광역시 강서구 유통단지1로 50 (대저2동, 부산티플렉스 2단지)",1명,2026-09-08 21:00:54
https://www.jobkorea.co.kr/Recruit/GI_Read/5598209/Ext?siteCode=WN&sc=,561100,"[화명동] 아파트 미화원 구인 -아파트 청소, 분리수거 등 미화 업무 (계단에 신주있음) - 월,수,목,금 9~16시 (휴게시간 1시간 48분) - 토 9~12시 - 화요일은 분리수거 업무로 새벽6시 출근 가능한 분 -급여 150만원 -화명동(화명역 5번출구 앞)",건물 청소원,-,학력무관,관계없음,월급 153만원 ~ 153만원,고용형태,"부산광역시 북구 화명신도시로 156 (화명동, 롯데아파트낙천대)",1명,2026-09-08 21:00:54
https://www.jobkorea.co.kr/Recruit/GI_Read/5596356/Ext?siteCode=WN&sc=,028508,"계측기 사용, 도면 해독, 1종보통 운전면허 , 주5일근무, 월화목금 연장 있음",품질관리 사무원(기계·자동차·금속),-,학력무관,관계없음,"연봉 3,840만원 이상",고용형태,부산광역시 강서구 화전산단1로 85 (화전동),1명,2026-09-08 21:00:54
https://www.jobkorea.co.kr/Recruit/GI_Read/5596929/Ext?siteCode=WN&sc=,541900,"* 주말 대체 경비원 모집 * * 급여 : 1,214,600원 * 근무시간 : 토 13:00 ~ 월 08:30 * 휴게시간 : 토 15:00~16:00, 19:30~20:00, 23:00~06:00 일 09:00~10:30, 14:00~15:00, 19:00~21:00, 23:00~06:00 * 공휴일 근무시 별도 지급 * 경비이수증, 신임교육이수 확인증, 배치폐지 확인증, 현재배치여부 확인증 필수 ✔ 팩스로 서류제출시 지원하는곳 꼭 기재바랍니다. ✔ 해당 구인은 용역회사 고용이며 담당자 약속없이 근무장소로 찾아가는 일이 없도록하여 주시기 바랍니다 ✔ 근무장소로 전화 혹은 방문시 채용에 불이익이 있을 수 있습니다.",기타 경호 및 보안 관련 종사원,-,학력무관,관계없음,월급 121만원 ~ 121만원,고용형태,부산광역시 사상구 학감대로 88 (학장동),1명,2026-09-08 21:00:54
https://www.jobkorea.co.kr/Recruit/GI_Read/5596230/Ext?siteCode=WN&sc=,532302,"[감천동] 한우리요양병원 조리원 모집 - 병원 급식 조리원, 주방보조 - 06:00~18:00 (오전/오후 휴게시간 ) (휴게3시간/연장1시간 추가근로수당 지급- 표기된 임금은 1시간 연장근로 포함한 금액임) - 특근수당지급 - 주 5일(스케줄) 근무 / 공휴일 및 명절 근무 시 대체 휴무 * 실제 구직지원 의사 있는 분들만 연락바랍니다.",단체 급식 보조원,단체급식보조원,학력무관,관계없음,월급 249만원 ~ 249만원,고용형태,"부산광역시 사하구 원양로 400, 사하구원양로400 (감천동)",1명,2026-09-08 21:00:54
https://www.jobkorea.co.kr/Recruit/GI_Read/5597775/Ext?siteCode=WN&sc=,028406,"[모집직무] 철강 / 스텐레스 제품 구매 및 매출 영업 지원 사무원 [직무소개] 우리 회사는 철강 제품을 취급하는 업체입니다. 본 직무는 철강제품의 구매관리 및 매출, 영업 등의 업무를 수행합니다. [주요업무] - 철강제품의 원재료 구매 - 매출 계획 및 예산 관리 - 공급업체와의 네트워크 구축 및 관리 - 주문 및 배차 업무 - 매입 매출 영업일보 (심스4 사용) 작성",자재·구매 사무원(일반 사업체),-,고졸~대졸(4년),경력,"연봉 4,500만원 ~ 4,700만원",고용형태,부산광역시 강서구 낙동남로 1048 (명지동),1명,2026-09-08 21:00:55
https://www.jobkorea.co.kr/Recruit/GI_Read/5596353/Ext?siteCode=WN&sc=,890000,"사다리 제작 관련 단순 생산 업무 로프재단, 조립, 포장 등 생산 보조 작업 공장 내 단순 작업",기타 제조 관련 단순 종사원,단순조립원,학력무관,관계없음,월급 250만원 이상,고용형태,부산광역시 영도구 해양로195번나길 32 (동삼동),1명,2026-09-08 21:00:55
https://www.jobkorea.co.kr/Recruit/GI_Read/5596811/Ext?siteCode=WN&sc=,550100,"[초읍동] 재가요양보호사 구인 - 36년생 3등급 여자어르신 케어 - 천사급식소 동행. 청소 등 위생관리 - 주3일 월,수,금 9~12시(3시간) - 포괄시급 13,000원 (10,320원+주휴,연차 기타수당 포함) - 부산학생교육문화회관(어린이대공원입구) 인근 근무예정 - 입사지원시 연락주셔서 지원바랍니다.",요양보호사,-,학력무관,경력,"시급 10,320원 이상",고용형태,"부산광역시 부산진구 월드컵대로472번길 66-6, 6층 (초읍동, 초읍골드빌2차)",1명,2026-09-08 21:00:55
https://www.jobkorea.co.kr/Recruit/GI_Read/5596568/Ext?siteCode=WN&sc=,028407,• 입출고 및 재고 현황을 관리합니다 • 창고 운영 인력과 업무를 조율합니다 • 자재 보관·적치 기준을 수립합니다 • 출고 일정과 물류 흐름을 통제합니다 • 창고 운영 전반 이해가 있으신 분 • 재고관리 및 현장 대응 가능하신 분 • 기본 문서작성 및 보고 가능하신 분 • 안전수칙 준수에 철저하신 분 • 상하차 및 적치 동선 개선 가능하신 분 • 협력사·운송사 커뮤니케이션 능숙하신 분 • 현장 리더십과 책임감이 있으신 분,창고 관리원(자재 검수원 포함),-,고졸~대졸(2~3년),관계없음,월급 215만원 이상,고용형태,"부산광역시 남구 북항로 147, 투엠글로벌 감만씨에프에스 A-2 2층 (감만동)",1명,2026-09-08 21:00:55
https://www.jobkorea.co.kr/Recruit/GI_Read/5597880/Ext?siteCode=WN&sc=,550102,"(수영동) 수영구 연수로 주택 재가요양보호사 모집 -4등급 / 할머니 / 84세 여자분 / 독거 / 거동불편 -주2일 화, 금 / 정오 10:00 ~ 13:00 -급여 : 시급10.320원 (주휴수당,연차수당 포함하여 13,000원 추가수당) -신체활동, 가사지원, 집안 정리정돈 -식사도움 원하심 *문의 051.545.0045",재가 요양보호사,재가요양보호사,학력무관,관계없음,"시급 10,320원 ~ 10,320원",고용형태,"부산광역시 수영구 연수로369번길 7, 2층 (수영동)",1명,2026-09-08 21:00:55
https://www.jobkorea.co.kr/Recruit/GI_Read/5597199/Ext?siteCode=WN&sc=,542001,"근무장소 : 부산 연제구 중앙대로1235번길 41, 양지빌딩 근로시간 : 당일8시 ~ 익일8시 (격일근무) 휴게시간 : 09:00~10:00, 12:00~14:00(점심시간) 15:00~17:00, 18:00~19:00(석식시간), 20:00~06:00 (총 16시간 휴게) 월급 : 140만원 상여금 : 없음 인근거주 자 우대 (연제구/부산진구/동래구/금정구 등) 많은 지원 부탁드립니다.",아파트·빌라 경비원,-,학력무관,경력,"시급 10,320원 ~ 10,320원",고용형태,"부산광역시 연제구 중앙대로1235번길 41, 508호 (거제동, 양지빌딩)",1명,2026-09-08 21:00:56
https://www.jobkorea.co.kr/Recruit/GI_Read/5597476/Ext?siteCode=WN&sc=,158102,"전문소방업체 입니다 공무 보실분 구합니다. * 견적업무, 본사 현장 관리 전담해주시면 됩니다. * 소방설비기사(기계, 전기분야) 자격증 소지자 우대 * 전기기사, 전기공사기사 자격증 소지자 우대 * 캐드 필수 - 연봉 6.000만원~8.500만원 - 상여금 (설,추석,여름휴가 - 100만원씩)",소방시설·설비 시공 기술자,소방설비기술자,학력무관,관계없음,"연봉 6,000만원 ~ 8,500만원",고용형태,부산광역시 사상구 모덕로67번길 154 (모라동),1명,2026-09-08 21:00:56
https://www.jobkorea.co.kr/Recruit/GI_Read/5597953/Ext?siteCode=WN&sc=,550102,"안녕하세요. 이음간호재가복지센터 센터장입니다. 지하철 2호선 문현역 부근(3분 거리) 4등급 할머니 돌봐주실 요양보호사 선생님 모집합니다. 주된 업무는 병원동행이구요. 주 3회(화, 목, 토) 혈액 투석하는데 병원동행 해주시고, 그 밖에 어르신께서 요청하는 부분 있으면 도움 주시면 되겠습니다. 전화주시면 더 자세히 설명드리겠습니다. 많은 지원 부탁드립니다. *시급 : 13,300원(기타제수당 포함) *대상자 : 4등급 할머니 *근무시간 : 주 3일(화, 목, 토) / 09시30분~12시30분 *근무지 : 남구 문현동 *직무내용 : 방문요양 서비스",재가 요양보호사,재가요양보호사,학력무관,관계없음,"시급 10,500원 ~ 10,500원",고용형태,"부산광역시 남구 자유평화로59번길 6, 0 (문현동, 리버빌)",1명,2026-09-08 21:00:56
https://www.jobkorea.co.kr/Recruit/GI_Read/5598228/Ext?siteCode=WN&sc=,231100,"- 자원봉사 교육사업 - 그외 자원봉사자 관리 및 운영, 프로그램 운영 등 자원봉사관련 전반에 관한 사항",사회복지사,-,학력무관,관계없음,월급 246만원 ~ 280만원,고용형태,"부산광역시 강서구 신호산단2로 21, 허브원 405호 (신호동)",1명,2026-09-08 21:00:56
https://www.jobkorea.co.kr/Recruit/GI_Read/5598038/Ext?siteCode=WN&sc=,232903,"* 학장동 금강아파트 - 20대 초반 남성 자폐성 장애 - 사회활동지원 - 근무시간 : 월~토(주6일) : 09:00 ~10:00(등원) 15:30 ~ 19:00(하원) - 장애인활동보조교육 이수 필수 - 임금 : 시급 13,400원(제세 수당 포함)",장애인 생활지도원(장애인활동보조원 포함),-,학력무관,관계없음,"시급 10,320원 ~ 13,400원",고용형태,"부산광역시 사상구 대동로64번길 25 (학장동, 금강아파트)",1명,2026-09-08 21:00:56
https://www.jobkorea.co.kr/Recruit/GI_Read/5597694/Ext?siteCode=WN&sc=,306800,"언어재활 사업(판정평가, 언어재활, 과정평가, 사후관리) 등",언어 및 청각능력 재활사,언어치료사,학력무관,경력,월급 228만원 이상,고용형태,"부산광역시 기장군 정관읍 병산로 42-15, 기장장애인복지관",1명,2026-09-08 21:00:57
https://www.jobkorea.co.kr/Recruit/GI_Read/5597644/Ext?siteCode=WN&sc=,532302,요양병원 영양실에서 근무하실 조리원분을 모집합니다. 구체적인 문의는 담당자에게 문자나 연락주세요. 영양실장 051-500-9040,단체 급식 보조원,단체급식보조원,학력무관,관계없음,월급 296만원 ~ 296만원,고용형태,"부산광역시 동래구 금강공원로 40, 온천사랑의요양병원 (온천동)",1명,2026-09-08 21:00:57
https://www.jobkorea.co.kr/Recruit/GI_Read/5596555/Ext?siteCode=WN&sc=,232100,"반 증설로 담임교사를 모집합니다. (0세반) 1. 자격기준 : 보육교사 1급, 2급(관련학과) 2. 급여:어린이집 보육교직원 호봉지급 3. 이력서 및 경력증명서 제출-1차 서류면접 2차 개별연락 및 면접 4. 서류제출은 caj1111@hanmail.net 보내주세요",보육교사,어린이집교사,학력무관,관계없음,월급 231만원 ~ 231만원,고용형태,"부산광역시 사상구 백양대로 539, 보듬이나눔이 감전엘에이치어린이집 (감전동, 주민복지관)",1명,2026-09-08 21:00:57
https://www.jobkorea.co.kr/Recruit/GI_Read/5597328/Ext?siteCode=WN&sc=,231400,"㈜커리어넷 국민취업지원제도 부산동부지사 직업상담사 채용(경력자 우대) - 자격조건 : 직업상담사 2급 자격증 또는 사회복지사 2급 자격증 소지자 - 우대조건 : 국민취업지원제도(취업성공패키지) 사업 경력자, 컴퓨터 활용 가능자, 인근 거주자, 보훈취업지원 대상자 우대, 집단상담(CAP@) 진행가능인원 우대 - 근무조건 : 주5일 근무(09시~18시), 경력 (면접시 협의, 경력에 따라 차등지급) - 기타사항 : 급여(경력에 따라 협의 가능), 수습기간 급여감액 없음. - 지원 방법 : 이메일 지원 (이력서, 자기소개서 ) - 면접관련사항 : 서류 지원자 중 적합자에게는 개별연락 진행예정입니다. - 복리후생: 참여자 취업시 상담사별 인센티브8% 이상 지급(회사 내규에 따름) 생일축하금 지급/생일 당일 조기퇴근 매월 급여일 해피런치 시행(점심시간 2시간) 입사기념일 오후 공가 교육비 및 교육공가 지원 * 이력서 및 자기소개서 제출시 '채용절차의 공정화에 관한 법률 제 4조의 3'에 해당하는 내용은 반드시 제외 후 제출하시기 바랍니다.",직업 관련 상담사,직업상담사,대졸(2~3년)~박사,관계없음,"연봉 2,700만원 이상",고용형태,"부산광역시 수영구 수영로 724-1 (광안동, 2층)",1명,2026-09-08 21:00:57
https://www.jobkorea.co.kr/Recruit/GI_Read/5597736/Ext?siteCode=WN&sc=,890006,"국,탕종류를 제조 생산하는 청조푸드 입니다 포장직을 채용합니다 추후 단거리 배송도 할수있습니다 초보자도 가능합니다. 4대보험 가입, 퇴직금 지급 근무시간 오전9~오후6 주5일",식품 분야 단순 종사원,식품분야 단순노무자,학력무관,신입,월급 230만원 이상,고용형태,"부산광역시 사상구 새벽로63번길 15, 청조푸드 (학장동)",1명,2026-09-08 21:00:57
https://www.jobkorea.co.kr/Recruit/GI_Read/5598227/Ext?siteCode=WN&sc=,813210,두산 5호기. 6.5호기 초보 생산 작업 하실 분 모집합니다,머시닝센터(MCT) 조작원,머시닝가공원,학력무관,경력,"연봉 3,500만원 이상",고용형태,"부산광역시 사상구 사상로394번길 12, 정광테크 (덕포동)",1명,2026-09-08 21:00:57
https://www.jobkorea.co.kr/Recruit/GI_Read/5597141/Ext?siteCode=WN&sc=,550102,"▶ 대상자: 4등급, 80대, 남자어르신 ▶ 직무내용: 신체활동지원, 정서지원, 가사 및 일상생활지원 ▶ 근무시간: 주 5회 / 하루 3시간 / 서비스 시간 09-12시 ▶ 시급: 13,100원(각종 수당 포함) ▶ 근무 예정지 주소: 부산시 수영구 장대골로39번길 11, 203호 ▶ 채용담당자 : 051)462-1478",재가 요양보호사,재가요양보호사,학력무관,신입,"시급 10,320원 이상",고용형태,"부산광역시 수영구 장대골로39번길 11, ***호 (광안동, 세종월드)",1명,2026-09-08 21:00:57
https://www.jobkorea.co.kr/Recruit/GI_Read/5596557/Ext?siteCode=WN&sc=,890001,"1. 주요 업무 : - 공장내 기계,건축 시설물 예방점검 및 단순보수(자격증 무관) *부산 전역 통근버스 운행 2. 임금조건 : 월급 240만원 이상 * 유경험자는 임금 별도협의 가능",기계·금속 분야 단순 종사원,기계분야 단순노무자,학력무관,관계없음,월급 240만원 이상,고용형태,부산광역시 강서구 송정동 녹산산업중로 333 (송정동),2명,2026-09-08 21:00:58
https://www.jobkorea.co.kr/Recruit/GI_Read/5596851/Ext?siteCode=WN&sc=,550102,"[광안동] 재가 요양보호사 선생님 모집합니다.(오전9-12시/주5일/5등급/남자어르신) ▷ 근무지 : 광안더샵아파트(금련산역 인근) ▷ 대상자 : 5등급 80대 남자 어르신 / 노부부세대 ▷ 근무시간 : 오전 9-12시(*상황에 따라 오전 또는 오후근무 가능하신분 우대)/ 주5일 ▷ 치매교육이수 필수 ▷ 케어내용 : 정서지원 ▷ 시급: 10,320원(제수당 포함 시간당 13,000원) - 지원희망하시는 분은 부산진구청 취업정보센터로 전화주세요(☎051-605-6405) - 다만, 실제 서비스 제공기간에 따라 임금을 계산하여 지급하는 형태로 채용 시 근로자마다 주 소정근로시간이나 임금, 근무(예정)지 등에 차이가 있을 수 있습니다.",재가 요양보호사,-,학력무관,관계없음,"시급 10,320원 ~ 10,320원",고용형태,"부산광역시 수영구 수영로 506, ** (광안동, 광안 더샵)",1명,2026-09-08 21:00:58
https://www.jobkorea.co.kr/Recruit/GI_Read/5596569/Ext?siteCode=WN&sc=,232100,아이들을 사랑하는 영아반 담임교사를 모집합니다. *10월 근무가능 *근무시간 협의가능(2시간정도 조율가능),보육교사,어린이집교사,대졸(2~3년),관계없음,월급 231만원 ~ 231만원,고용형태,부산광역시 연제구 연동로 32,1명,2026-09-08 21:00:58
https://www.jobkorea.co.kr/Recruit/GI_Read/5597137/Ext?siteCode=WN&sc=,550102,"[남천동]요양보호사 - 4등급 52년생 여자어르신 - 가족함께 거주 - 주5일, 오후 1시~ 4시(3시간) - 식사 및 가사도움, 일상생활지원 - 시급 및 제수당 포함 13,000원 - 남천동 뉴비치 아파트 (구.남천메가마트인근) - 문의 번호 : ☎ 051-624-1515",재가 요양보호사,-,학력무관,관계없음,"시급 10,320원 ~ 13,000원",고용형태,"부산광역시 수영구 광안해변로15번길 68 (남천동, 뉴비치)",1명,2026-09-08 21:00:58
https://www.jobkorea.co.kr/Recruit/GI_Read/5596922/Ext?siteCode=WN&sc=,232100,**실제 취업의사 있는 분만 지원바랍니다.** *부산고용센터 채용대행 중으로 취업의사 확인전화 예정입니다. 실제로 취업의사 있는분만 지원바랍니다. *영유아 보육 가능하신분 (0세 또는 1세반 담임) * 영유아전공자 우대,보육교사,어린이집센터장,대졸(2~3년),관계없음,월급 113만원 ~ 113만원,고용형태,부산광역시 연제구 쌍미천로47번길 19-1,1명,2026-09-08 21:00:58
https://www.jobkorea.co.kr/Recruit/GI_Read/5597301/Ext?siteCode=WN&sc=,706000,"제강(철강)회사 내 벽돌,시멘트 형상의 내화물을 지정된 설비에 축조,시공하는 작업을 합니다. : 용광로 시설 벽돌 쌓는 작업 (많이 더움) - 실근무지: 강서구 송정동 대한제강내 - 초보자 가능 (단순 노무) - 중식제공 - 연차수당별도 기타 문의사항은 전화주세요^^ 이력서접수 이메일 : krtech2010@naver.com 또는 팩스(051-207-1033)",건설 및 광업 단순 종사원,-,학력무관,관계없음,"연봉 4,200만원 이상",고용형태,부산광역시 강서구 녹산산업북로 333 (송정동),2명,2026-09-08 21:00:58
https://www.jobkorea.co.kr/Recruit/GI_Read/5596554/Ext?siteCode=WN&sc=,307903,"[직무소개] 안심노인요양시설은 노인들의 건강하고 행복한 삶을 지원하는 공간입니다. 입사자는 매일 따뜻하고 맛있는 식사를 제공하여 노인들의 건강을 책임지고, 풍요로운 식생활을 만들어 나가는 역할을 합니다. [주요업무] - 노인 맞춤형 식단 준비 및 조리 - 식재료 관리 및 청결 유지 - 식사시간 동안 노인들의 안전과 편안함을 책임지기 - 영양소 섭취를 고려한 메뉴 구성 - 조리 시기준과 위생 규정 준수",기타 보건·의료 서비스 종사원,-,학력무관,관계없음,월급 221만원 ~ 221만원,고용형태,"부산광역시 해운대구 아랫반송로89번길 8, 안심노인요양시설 (반송동)",1명,2026-09-08 21:00:59
https://www.jobkorea.co.kr/Recruit/GI_Read/5596924/Ext?siteCode=WN&sc=,304000,[주요업무] - 입소자 건강 체크 - 투약 관리 - 간호 관련 서류 업무 - 외래 진료 동행 - 촉탁의 진료 보조 - 환자 및 가족 상담 - 관계 기관 협력 - 응급상황대응 - 기타 요양원 간호사 업무 더 나은 어르신 케어를 위한 추가 인력 모집입니다.,간호사,-,학력무관,관계없음,월급 250만원 ~ 250만원,고용형태,"부산광역시 사하구 장평로 117, 수 실버원 (장림동)",1명,2026-09-08 21:00:59
https://www.jobkorea.co.kr/Recruit/GI_Read/5597195/Ext?siteCode=WN&sc=,890001,"ㅁ 업 체 명 : 시은테크 ㅁ 근무주소 : 정관읍 산단4로 26 ㅁ 모집직종 : CNC 생산직1명 ㅁ 우대사항 : 경력우대(3년이상),초보가능,주간도 가능 ㅁ 근무시간 : 1조 2교대 (08:00~20:00, 20:00~08:00) /휴게시간 12:30~13:30/24:30~01:30 ㅁ 급여사항 : 시급 10,320원 ㅁ 복리후생 : 4대보험, 퇴직금, 2식제공 ㅁ 접수방법 : 전화 후 방문, 워크넷 지원 - 이력서 ㅁ 채용담당자 051-727-5700",기계·금속 분야 단순 종사원,기계분야 단순노무자,학력무관,경력,"시급 10,320원 ~ 10,320원",고용형태,"부산광역시 기장군 정관읍 산단4로 26, 시은테크",1명,2026-09-08 21:00:59
https://www.jobkorea.co.kr/Recruit/GI_Read/5596360/Ext?siteCode=WN&sc=,306501,"- 어르신의 신체기능 평가와 재활치료 수행 - 치료기록 작성, 의료기기 활용을 통해 회복 지원",물리치료사,-,학력무관,관계없음,월급 240만원 이상,고용형태,"부산광역시 강서구 신호이로 33, 6층 (신호동, 골든뷰) (신호동, 골든뷰)",1명,2026-09-08 21:00:59
https://www.jobkorea.co.kr/Recruit/GI_Read/5596361/Ext?siteCode=WN&sc=,307500,어르신 간호조무사 업무,간호조무사,-,학력무관,관계없음,월급 240만원 이상,고용형태,"부산광역시 강서구 신호이로 33, 6층 (신호동, 골든뷰) (신호동, 골든뷰)",1명,2026-09-08 21:00:59
https://www.jobkorea.co.kr/Recruit/GI_Read/5596392/Ext?siteCode=WN&sc=,028407,"선박엔진 부품 생산업체로써, 하기의 직무로 구인 합니다. 발주서 등록 - EPR 사용 생산 입출고 ,제품 검수, 재고관리, 거래처배송, 현장관리 (동해남부선 월내역 하차 : 차량 1분 - 출퇴근 픽업차량 있음)",창고 관리원(자재 검수원 포함),물류입고원,학력무관,관계없음,월급 250만원 ~ 250만원,고용형태,부산광역시 기장군 장안읍 장안산단7로 50,1명,2026-09-08 21:01:00
https://www.jobkorea.co.kr/Recruit/GI_Read/5598232/Ext?siteCode=WN&sc=,813212,레이져 절단 법정공휴일휴무 잔업수당 토요일 특근시 수당지급 상여금 정해진건없음,레이저 절단원,-,학력무관,경력,월급 260만원 ~ 270만원,고용형태,"부산광역시 강서구 미음국제4로 55, C동 한결ENG (미음동)",1명,2026-09-08 21:01:00
https://www.jobkorea.co.kr/Recruit/GI_Read/5596993/Ext?siteCode=WN&sc=,550102,"*가족휴가제 종일 방문요양 요양보호사 구인* 대상자 : [서구 암남동] 5등급 만80세 독거 여자어르신 - 근무시간 : 주 3일(07:00-19:00) 2명 교대 근무 - 1개월 12회 단기근무 - 아침, 점심 식사, 일상생활, 가사지원 등 - 시급 : 10,320원 (수당별도) ** 사하구청 일자리지원센터 채용대행 건 입니다. ☎051-220-5691 로 문의바랍니다.",재가 요양보호사,재가요양보호사,학력무관,관계없음,"시급 10,320원 ~ 10,320원",고용형태,"부산광역시 서구 천해로7번길 33, - (암남동, 송도자유비치아파트)",2명,2026-09-08 21:01:00
https://www.jobkorea.co.kr/Recruit/GI_Read/5598333/Ext?siteCode=WN&sc=,025900,"-채용분야: 개방형계약직(감사실장) -접수방법: 채용관리시스템(kimft.recruiter.co.kr) 온라인 접수 -근무시간: 09:00~18:00 -근무기간: 26.10.12.~28.10.11. (성과가 우수한 경우, 5년의 범위 내에서 연장 가능) -근무조건 및 급여는 한국해양수산연수원 홈페이지, 기획재정부 알리오 등 채용공고 참고 -상세내용은 채용공고문 참조",기타 정부 행정 사무원,-,학력무관,경력,"연봉 7,100만원 ~ 7,100만원",고용형태,"부산광역시 영도구 해양로 367 (동삼동, 한국해양수산연수원)",1명,2026-09-08 21:01:00
https://www.jobkorea.co.kr/Recruit/GI_Read/5598336/Ext?siteCode=WN&sc=,550102,"✔ 근무지: 민락동(화신맨션 인근) ✔ 수급자: 83세 남자 어르신 5등급, 치매교육이수 필수 ✔ 근무시간: 주5일 (월~금) 09시~12시 ✔ 급여: 기본시급 10,320+ 제세수당 별도문의, 포괄시급 13,000원 (주휴수당 및 처우개선비 포함임) 연락처 : 051-911-3306",재가 요양보호사,재가요양보호사,학력무관,관계없음,"시급 10,320원 이상",고용형태,"부산광역시 수영구 광안로61번나길 12, -9",1명,2026-09-08 21:01:00
https://www.jobkorea.co.kr/Recruit/GI_Read/5598215/Ext?siteCode=WN&sc=,306500,* 주요업무 - 기능회복을 위한 물리치료 계획수립 - 개별 맞춤형 치료 프로그램 -건강상태 모니터링 및 진행상황 기록 *근무시간 - 08시~17시(휴게시간 12시~13시) (센터 상황에 따라 업무시간 유동적일수 있음),물리 및 작업 치료사,-,학력무관,관계없음,월급 230만원 이상,고용형태,"부산광역시 강서구 명지국제2로28번길 26, 307호 (명지동, 퍼스트삼융)",1명,2026-09-08 21:01:00
https://www.jobkorea.co.kr/Recruit/GI_Read/5597361/Ext?siteCode=WN&sc=,531803,요양병원 조리원을 모집합니다. 본요양병원 127병상에 현재 재원수는 90명 입원해 계시며 오프 월8일 이며 법정공휴일은 별도로 산정하여 오프를 제공합니다.지원하셔서 좋은 인연이 되었으면합니다.,병원 급식 조리사,병원급식조리사,학력무관,관계없음,월급 260만원 ~ 270만원,고용형태,"부산광역시 연제구 과정로 152 (연산동, 연산빌딩)",1명,2026-09-08 21:01:00
https://www.jobkorea.co.kr/Recruit/GI_Read/5598399/Ext?siteCode=WN&sc=,550102,"- 3등급 할머니(42년생) 돌봄 (부부거주함) - 일반적인 요양보호사 업무등 (병원동행 우선. 가사지원.정서지원) - 근무지: 해운대구 우동 - 주5일 09:00-12:00 (3시간) - 시급 13,100원 (최저시급10,320원 + 제수당 포함) ※ 실제 서비스 제공기간에 따라 임금을 계산하여 지급하는 형태로 채용 시 근로자마다 주 소정근로시간이나 임금, 근무(예정)지 등에 차이가 있을 수 있음",재가 요양보호사,-,학력무관,관계없음,"시급 10,320원 이상",고용형태,"부산광역시 해운대구 해운대해변로 141, . (우동, 대우마리나2차아파트)",1명,2026-09-08 21:01:01
https://www.jobkorea.co.kr/Recruit/GI_Read/5598332/Ext?siteCode=WN&sc=,232903,"* 대상자 : 9세 남아 자폐성장애 * 근무지 : 부산진구 개금동 * 근무시간 : 월~금 - 등교 : 07:30~08:30 - 하교 : 월,금 12:30, 화,수,목 13:30 하교후 치교센터동행 및 수영장동행. 방과후센터 동행 후 되근함. 퇴근시간은 매일 상이함. 대략 15:00~16:00. * 사회활동서비스( 등하교 지원, 치료센터 및 수영장 동행 등) * 자차보유 필수 * 현장실습 포함 장애인활동지원사 교육이수자 *시급 13,500원(주휴수당, 연장근로수당, 연차수당 포함) * 문의: 051-914-1551",장애인 생활지도원(장애인활동보조원 포함),장애인생활지도원,학력무관,관계없음,"시급 10,320원 이상",고용형태,"부산광역시 부산진구 가야대로424번길 35, 개금동 (개금동, 양지코쿤 35차)",1명,2026-09-08 21:01:01
https://www.jobkorea.co.kr/Recruit/GI_Read/5598229/Ext?siteCode=WN&sc=,852200,"생산팀 경력 또는 신입 모집합니다. -밴드후프 조립기 기계 조작 -제품 포장 및 검수 -간단한 작업 보조 근무지 : 부산광역시 강서구 미음산단 3로 152 케이엘인더스트리 근무시간 :월, 화, 목, 금 : 08:00~17:00 (추가 잔업 1시간 있음) 수,토 : 08:00~17:00",플라스틱제품 생산기 조작원,-,학력무관,관계없음,"시급 10,320원 ~ 10,320원",고용형태,부산광역시 강서구 미음산단3로 152 (미음동),1명,2026-09-08 21:01:01
https://www.jobkorea.co.kr/Recruit/GI_Read/5598230/Ext?siteCode=WN&sc=,813201,"[모집직무 CNC 선반 조작원(NC 선반 조작원), 기계·금속 분야 단순 종사원, 범용 선반 조작원 직무소개 본 채용은 CNC 선반 조작자, 전조작업자를 모집하며, 초보자도 가능한 직무입니다. 주요업무 - CNC 기계 운영 및 조작 - 제품 생산 - 작업 공정 준수 근무조건 - 급여 : 최저시급 10,320원 근무시간 : 기본 (08:00 - 17:00) 잔업(17:20 ~19:20) 근무요일 : 월 - 금 / 토요일근무시 특근처리 복지사항 : 4대보험, 퇴직금, 연차휴무, 중식석식제공 전형절차 - 서류전형 -> 면접 -> 최종합격 지원방법 - 이력서 제출 접수처 : 이메일 (bmt@bmt.co.kr)",CNC 선반 조작원(NC 선반 조작원),CNC터닝선반조작원,학력무관,신입,"시급 10,320원 이상",고용형태,"부산광역시 강서구 과학산단2로42번길 21, 벧엘기계 (지사동)",1명,2026-09-08 21:01:01
https://www.jobkorea.co.kr/Recruit/GI_Read/5598231/Ext?siteCode=WN&sc=,816200,"모집부문 - 조립, 검사 현장지원 사원 담당업무 - 제품 포장 및 단순 조립 작업 부품 검사업무 기타 현장 지원 업무 전반 자격요건 - 학력 및 경력 무관 성실하고 책임감 있는 분 장기 근무 가능자 우대 인근 거주자 우대 근무조건 - 급여 : 최저시급 10,320원 근무시간 : 기본 (08:00 - 17:00) 잔업(17:20 ~19:20) 근무요일 : 월 - 금 / 토요일근무시 특근처리 복지사항 : 4대보험, 퇴직금, 연차휴무, 중식석식제공 전형절차 - 서류전형 -> 면접 -> 최종합격 지원방법 - 이력서 제출 접수처 : 이메일 (bmt@bmt.co.kr)",기계 부품 조립원,농업기계부품조립원,학력무관,관계없음,"시급 10,320원 ~ 10,320원",고용형태,"부산광역시 강서구 과학산단2로42번길 21, 벧엘기계 (지사동)",1명,2026-09-08 21:01:01
https://www.jobkorea.co.kr/Recruit/GI_Read/5597402/Ext?siteCode=WN&sc=,531802,어린이집 조리사 보조 모집합니다.,유치원·어린이집 급식 조리사,어린이집급식조리사,학력무관,신입,월급 60만원 ~ 60만원,고용형태,"부산광역시 북구 만덕3로 49, 쌍용앙팡어린이집 (만덕동, 신만덕쌍용예가)",1명,2026-09-08 21:01:01
https://www.jobkorea.co.kr/Recruit/GI_Read/5597617/Ext?siteCode=WN&sc=,212300,"사회복지법인 장애전문 다솔어린이집입니다. 2026년 9월 혹은 10월부터 근무할 특수교사를 구합니다. 자격은 특수교사인정자격(장애영유아를 위한 보육교사)을 가진 교사는 가능 1차 (서류접수) : 이력서, 자기소개서, 경력증명서(해당되시는분), 자격증사본 2차 : 서류심사 후 면접일정조율 인성좋은 선생님을 기다립니다. 많은 연락주세요^^",특수교육 교사,정신지체학교교사,학력무관,관계없음,월급 231만원 ~ 373만원,고용형태,"부산광역시 해운대구 재반로84번길 96-8, 다솔어린이집 (재송동)",1명,2026-09-08 21:01:02
https://www.jobkorea.co.kr/Recruit/GI_Read/5597508/Ext?siteCode=WN&sc=,813212,"[모집직무] 레이저 절단기 운영, 작업 현장 보조, 제품 관리, [직무소개] 우리 회사는 고품질 레이저 절곡 서비스를 제공하는 선두 기업입니다. 본 직무는 레이저 절곡 작업 현장에서 안전하고 효율적인 작업 환경을 지원하는 데 중요한 역할을 합니다. [주요업무] - 레이저 절곡 업무 보조 하면서 장비 조작을 배우실 성실한 직원을 모집합니다. - 작업 현장 정리 정돈 등",레이저 절단원,레이저절단원,학력무관,신입,월급 280만원 ~ 280만원,고용형태,부산광역시 강서구 범방2로 62 (범방동),1명,2026-09-08 21:01:02
https://www.jobkorea.co.kr/Recruit/GI_Read/5597879/Ext?siteCode=WN&sc=,864900,(주)케이티아이 결망부 생산직 사원을 모집합니다. (1명) 결망 직무 : 그물 제작용 기계 공정전 작업 (신입가능) * 수습 3개월 후 급여 협의 가능함,기타 직물‧신발 관련 기계 조작원,-,학력무관,관계없음,"시급 10,320원 이상",고용형태,"부산광역시 사하구 다산로 190, (주)케이티아이 (다대동)",1명,2026-09-08 21:01:02
https://www.jobkorea.co.kr/Recruit/GI_Read/5598335/Ext?siteCode=WN&sc=,890000,- 철강 회사 현장직 모집합니다 - 호이스트 사용 가능자 우대 - 시트제품 밴딩 및 이동 작업 운전가능자 우대 출퇴근 유류비 지원,기타 제조 관련 단순 종사원,권선공,학력무관,관계없음,"연봉 2,600만원 ~ 3,000만원",고용형태,부산광역시 기장군 장안읍 오리산단3로 35,3명,2026-09-08 21:01:02
https://www.jobkorea.co.kr/Recruit/GI_Read/5597633/Ext?siteCode=WN&sc=,231100,"1. 모집개요 - 채용분야: 최중증 발달장애인 통합돌봄서비스 [주간 그룹형 1:1지원] 제공인력 - 채용인원: 1명 - 채용형태: 계약직(※1년 계약 근로 후 근무평정에 의한 근속 여부 결정) - 담당업무 1) 이용자 및 보호자 상담 2) 서비스지원계획 수립, 중간 평가 3) 이용자 돌봄 제공 및 프로그램 계획 및 운영 4) 그 외 서비스 관련 업무 전반 2. 근무조건 - 근무시간: 주 5일(주 40시간/09:00~18:00) - 근무장소: 동래구장애인자립생활센터(동래구 충렬대로237번길 12, 5층(수안동)) - 급여: 2,170,000원 3. 응시자격 - 필수조건: 65세 이하로 다음의 어느 하나에 해당하는 자로 결격사유가 없는 자 1)「사회복지사업법」 제11조에 따른 사회복지사 자격을 가진 사람 2)「초･중등교육법」 별표 2에 따른 특수학교의 정교사(1급. 2급) 또는 준교사 자격을 가진 사람 3)「장애인복지법」 제72조의2에 따른 언어재활사 자격을 가진 사람 4)「장애인복지법」 제72조의3에 따른 장애인재활상담사 자격을 가진 사람 5)「국민체육진흥법 시행령」 제9조의3에 따른 장애인스포츠지도자 자격을 가진 사람 6)「장애아동 복지지원법 시행규칙」 별표 1 제2호다목에 따른 발달재활서비스 제공 인력의 자격기준을 갖춘 사람 7)「평생교육법」 제24조에 따른 평생교육사 자격을 가진 사람 - 우대사항 1) 운전면허1종 소지자 및 운전가능자 2) 발달장애인 관련 업무 경력 1년 이상 실무 경력자",사회복지사,-,학력무관,경력,월급 217만원 ~ 217만원,고용형태,"부산광역시 동래구 충렬대로237번길 12, 5층, 501호(JnJ빌딩) (수안동)",1명,2026-09-08 21:01:02
https://www.jobkorea.co.kr/Recruit/GI_Read/5597606/Ext?siteCode=WN&sc=,028408,"[모집직무] 하역·적재 종사원, 창고 관리원(자재 검수원 포함) [직무소개] 우리 회사는 효율적인 물류 시스템 구축을 통해 고객에게 최고의 서비스를 제공하고 있습니다. 본 채용은 물류 창고 운영을 책임지는 열정적이고 책임감 있는 지원자를 모집합니다. [주요업무] - 상품 입.출고 검수 및 포장 - 재고 관리 및 정확한 재고량 기록 - 상품 적재 및 하역 업무 - 배송 및 물류 지원 업무 - 창고 청소 및 정리 - 물류 운영에 필요한 매장.거래처 지원 및 이에 부수되는 제반 업무 수행",물류 사무원(물류 관리사),-,학력무관,관계없음,월급 280만원 이상,고용형태,"부산광역시 영도구 해양로195번나길 18, 주식회사 신기산업 (동삼동)",1명,2026-09-08 21:01:03
https://www.jobkorea.co.kr/Recruit/GI_Read/5597635/Ext?siteCode=WN&sc=,027204,"[모집직무] 경리 사무원(제조), 경리 사무원, 경리 사무원(일반사업체) [직무소개] 강서구 대저동 작지마을에 위치한 제조공장에서 경리 업무를 담당하는 경리사를 채용합니다. 매입, 매출 관리, 급여 관리 등 회사 전반의 경리 업무를 안정적으로 처리할 수 있는 자격을 갖춘 지원자를 찾고 있습니다. [주요업무] - 매입 관리 - 매출 관리 - 급여 관리 - 회사 전반 경리 업무",경리 사무원(제조),제조업장부정리원,학력무관,경력,월급 230만원 ~ 230만원,고용형태,"부산광역시 강서구 공항로339번길 67-6, (대저2동)",1명,2026-09-08 21:01:03
https://www.jobkorea.co.kr/Recruit/GI_Read/5596538/Ext?siteCode=WN&sc=,813210,* MCT가공 업무(방산부품 外) * 신입가능(경력무관) * 주야2교대 가능자 1) 사세확장으로 인한 인원충원 2) 자차근무자에 한해 한달 20만원 지정주유소 주유권 지급,머시닝센터(MCT) 조작원,머시닝가공원,학력무관,관계없음,"시급 10,500원 이상",고용형태,부산광역시 강서구 생곡로 258 (생곡동),3명,2026-09-08 21:01:03
https://www.jobkorea.co.kr/Recruit/GI_Read/5596937/Ext?siteCode=WN&sc=,561400,"해당 거래처에 방문하여 집하장에있는 생활쓰레기 및 재활용을 1톤차량에 수집 운반 하는 업무입니다. *실업급여, 국민취업지원 제도 등 수급을 목적으로 한 형식적 구직활동은 삼가바랍니다. 문의:051-760-7188",재활용품 및 쓰레기 수거원,재활용품수거원,학력무관,관계없음,월급 250만원 이상,고용형태,"부산광역시 해운대구 해운대로 726, 대동빌딩 202호",1명,2026-09-08 21:01:03
https://www.jobkorea.co.kr/Recruit/GI_Read/5597308/Ext?siteCode=WN&sc=,158102,"건설업 전문 소방 업체 현장 경력자 모집 * 자격증 소지자 우대 * 소방설비기사(전기,기계) * 실무경험 5년이상 필수! * 도면파악, 물량산출, 결선가능하신분 * 4대보험, 퇴직연금, 상여금, 연차, 유류비, 식대 지원 * 상여금은 설, 여름휴가, 추석 - 100만원씩 지급",소방시설·설비 시공 기술자,-,학력무관,경력,"연봉 5,000만원 ~ 6,000만원",고용형태,부산광역시 사상구 모덕로67번길 154 (모라동),1명,2026-09-08 21:01:03
https://www.jobkorea.co.kr/Recruit/GI_Read/5596259/Ext?siteCode=WN&sc=,550101,[구평동] 주간보호센터 요양보호사 모집(어르신 증원으로 인한 추가 모집) - 주 5일(월~토 중 5일) 스케줄 근무 / 8:30~17:30 또는 08:00~17:00 (시간 변동 있을 수 있음) - 점심시간 12~13시 - 신입도 지원가능 - 요양보호사 자격증 필수 - 자동차운전면허 필수(승용차 실운전 가능자) - 12인승 스타렉스 운전 가능자 우대 - 운전 수당 있음 - 점심 식사 제공 * 부산 사하구청 일자리지원센터에서 서류전형 채용대행접수 진행중입니다. 지원 문의: 051-220-5692 실제 구직지원 의사 있는 분들만 접수 부탁드립니다.,요양보호사(노인요양사),노인요양보호사,학력무관,신입,월급 215만원 ~ 215만원,고용형태,"부산광역시 사하구 서포로 35, 예사랑주간보호센터 2층 (구평동)",1명,2026-09-08 21:01:03
https://www.jobkorea.co.kr/Recruit/GI_Read/5596363/Ext?siteCode=WN&sc=,813200,"레이저절단가공업 보조업무 검사, 포장, 면취등 각종 생산 보조업무",금속 공작기계 조작원,그라인더조작원,학력무관,관계없음,월급 280만원 이상,고용형태,부산광역시 강서구 녹산산업북로 60 (송정동),1명,2026-09-08 21:01:04
https://www.jobkorea.co.kr/Recruit/GI_Read/5596228/Ext?siteCode=WN&sc=,890006,"[장림동]수산물 가공생산직 -명태, 아귀 등 수산물 단순 가공 -명태 지느러미 가위로 자르기 등과 같은 단순가공 -수산물가공 업무 5개월이상 필수 -근무시간 : 주5일, 8시 30분~18시 (점심 및 휴게시간 1시간 30분) -시급 10,320원(경력협의)",식품 분야 단순 종사원,주스병내용물 선별원,학력무관,경력,월급 215만원 ~ 215만원,고용형태,부산광역시 사하구 다대로1066번길 50 (장림동),1명,2026-09-08 21:01:04
https://www.jobkorea.co.kr/Recruit/GI_Read/5597150/Ext?siteCode=WN&sc=,550101,"● 개금동/ 개금주공2단지 거주 ● 3등급 60대 후반 여성 / 독거 / 거동 도움 필요 ● 주 6일 / 월수금 : 11:00~12:00, 16:00~17:00, 화목토: 12:30~15:30 ● 식사, 가사도움 외출동행 및 월수금 투석동행 필요 , 자차필수 ● 포괄 시급: 13,000원 (10,320원+제수당) ※ 동 구인은 실제 서비스 제공 기간에 따라 임금을 계산하여 지급하는 형태로 채용 시 근로자마다 주 소정 근로 시간이나 임금, 근무(예정) 등에 차이가 있을 수 있음",요양보호사(노인요양사),-,학력무관,관계없음,"시급 10,320원 ~ 10,320원",고용형태,"부산광역시 부산진구 백양관문로 7, 2단지 (개금동, 개금주공아파트)",1명,2026-09-08 21:01:04
https://www.jobkorea.co.kr/Recruit/GI_Read/5596814/Ext?siteCode=WN&sc=,561102,"◆ 호텔 미화파트 채용 ■ 모집직종 : 미화파트 ■ 근무내용 : 호텔 내부·외부 환경 미화 공용구역 청소 및 정리 분리수거 객실 외부 복도·로비·주차장 등 환경관리 ■ 근무조건 근무시간 : 08:00 ~ 15:00 근무시간 구성 : 6시간 근무 + 휴게 1시간 근무형태 : 주 6일 근무 휴무 : 국·공휴일 추가 휴무 ■ 급여 : 1,937,194원 ■ 복지 : 4대보험, 연 월차발생, 퇴직금, 식사제공 ■ 지원자격 : 학력,경력무관 / 성실하고 책임감 있는분 ■ 근무지 : 호메르스 호텔 ■ 지원방법 : 고용24(워크넷) 온라인 지원 이메일 지원 (kslee@synergenic.co.kr )","호텔·콘도·숙박시설 청소원(룸메이드,하우스키퍼)",-,학력무관,관계없음,월급 193만원 ~ 193만원,고용형태,부산광역시 수영구 광안해변로 217 (광안동),1명,2026-09-08 21:01:04
https://www.jobkorea.co.kr/Recruit/GI_Read/5608755/Ext?siteCode=WN&sc=,550102,"대상자 : 5등급 남자 어르신(만 69세) 독거 - 협심증, 관절염, 다리가 불편하셔서 전동휠체어 사용,혼자 거동 가능 - 필수자격: 치매전문교육 수료증 - 시간 : (오전) 08:30~11:30(월~금) - 업무 : 인지학습, 신체활동지원, 식사준비와 가사활동 - 근무지 : 모라주공1단지아파트 - 시급 13,000 + 제세수당 별도문의 ※ 지원문의 : 051) 507-5750",재가 요양보호사,재가요양보호사,학력무관,관계없음,"시급 10,320원 ~ 13,000원",고용형태,"부산광역시 사상구 모라로110번길 121, . (모라동, 주공아파트1단지)",1명,2026-09-08 21:01:04
https://www.jobkorea.co.kr/Recruit/GI_Read/5596355/Ext?siteCode=WN&sc=,550101,"사하실버웰 주간보호센터 요양보호사 (낮동안 근무) * 업무 : 전반적인 어르신 케어 활동, 프로그램 참여 및 도움 제공, 어르신 송영 (운전가능 하신 분) * 급여 : 2,157,000원 이상 (식사 제공) (복리후생 - 주 40시간 근무시간 철저 준수 / 식사, 간식 제공 / 경조금 지원 / 자기개발 및 교육비 지원 / 팀 회식비 지원 / 유니폼 지급 / 목표달성 성과급 지급 / 장기근속장려금) * 근무시간 : 08:00~17:00 / 08:30~17:30 / 09:00~18:00 스케줄에 따른 근무 (월~토요일 중 주 5일 근무, 토요일이나 공휴일 근무 시 평일 대체휴무, 일요일 휴무) * 제출 서류 : 이력서, 사진, 요양보호사 자격증 * 자격 : 실 운전 가능자 (1종 스타렉스 실 운전가능자 우대) * 지원 방법 : 고용24 지원 및 방문 서류 접수 * 주소 : 부산 사하구 하신중앙로 170, 신평현대아이파크 상가동 5층 (사하실버웰주간보호센터) - 채용 후 근무자 주소지나 업무 성향에 따라 사하효심데이케어센터(장림동)로 배치될 수 있습니다. (면접시 근무지 협의가능, 근무조건은 동일함) - 지원문의 사하구청일자리지원센터 051-220-5697 으로 부탁드립니다.",요양보호사(노인요양사),요양보호사,학력무관,관계없음,월급 215만원 ~ 215만원,고용형태,"부산광역시 사하구 하신중앙로 170, 전체 (신평동, 신평현대아파트)",1명,2026-09-08 21:01:04
https://www.jobkorea.co.kr/Recruit/GI_Read/5596358/Ext?siteCode=WN&sc=,028502,"생산관리 일반 사무원, 출하 사무 업무 지원 등 문서 및 엑셀 작성 필수",생산관리 사무원(기계·자동차·금속),-,학력무관,관계없음,월급 215만원 이상,고용형태,부산광역시 강서구 녹산산업중로 409 (송정동),1명,2026-09-08 21:01:05
https://www.jobkorea.co.kr/Recruit/GI_Read/5596359/Ext?siteCode=WN&sc=,613200,"- 철강 유통관련 영업 - 신규 거래선 개발, 기존 거래처 관리 외 - 철강업계 및 건설분야 경력 우대 - 운전가능자 - 수습기간 3개월(협의 가능)",제품 영업원,-,학력무관,경력,"연봉 3,500만원 ~ 4,000만원",고용형태,부산광역시 강서구 녹산산업중로 409 (송정동),1명,2026-09-08 21:01:05
https://www.jobkorea.co.kr/Recruit/GI_Read/5597698/Ext?siteCode=WN&sc=,813209,"타스글로벌에서 함께 성장해 나갈 판금 절곡 및 생산업무 담당자를 모집합니다. 당사 보유 절곡기는 AMADA(아마다) FBD-1025 / 100톤급 장비이며, 자체 생산제품 위주로 작업하기 때문에 하루 종일 절곡작업만 진행하는 업무는 아닙니다. 절곡작업은 주로 기본적인 90도 절곡 및 일반 판금 절곡 위주이며, 난이도가 높은 제품이나 대량 절곡작업은 기존 협력 외주업체를 통해 진행하고 있습니다. 따라서 고난도 절곡기술을 보유한 전문 절곡사만을 채용하기보다는, 기본적인 도면 확인과 절곡작업이 가능하면서 생산 관련 업무를 함께 담당해 주실 분을 찾고 있습니다. 주요 업무 AMADA FBD-1025 절곡기를 이용한 기본 판금 절곡 자체 생산제품 판넬 및 판금제품 조립 제품 출고 및 거래처 납품 절곡·도장 등 외주 협력업체 입출고 및 업무 진행 기타 생산 관련 업무 절곡업무 비중이 많지 않아 기본적인 절곡 경험이 있으신 분도 충분히 지원 가능합니다. 현재 타스글로벌은 자체 생산설비를 기반으로 조금씩 성장해 나가고 있는 제조기업입니다. 한 가지 업무만 고집하기보다는 생산현장에서 서로 협력하며 함께 회사를 키워나가실 성실하고 책임감 있는 분을 기다리고 있습니다. 경력도 중요하지만 업무에 대한 적극성과 책임감, 함께 성장하려는 마음을 더 중요하게 생각합니다. 활기차고 긍정적인 분들의 많은 지원 바랍니다.",금속절곡기 조작원(밴딩기 조작원),-,학력무관,관계없음,월급 300만원 ~ 320만원,고용형태,"부산광역시 사상구 감전천로 137, TASS GLOBAL(타스 글로벌) (감전동)",1명,2026-09-08 21:01:05
https://www.jobkorea.co.kr/Recruit/GI_Read/5596546/Ext?siteCode=WN&sc=,028500,- 품질관리 및 생산관리 업무 등 ★ 품질관리 담당자 자격 유지 필수 ★ 운전 필수 - 수습기간 3개월(협의 가능),생산 및 품질관리 사무원,품질계획사무원,학력무관,관계없음,월급 250만원 ~ 250만원,고용형태,"부산광역시 사하구 다대로170번길 85, 동광선재(주) (신평동)",1명,2026-09-08 21:01:05
https://www.jobkorea.co.kr/Recruit/GI_Read/5596547/Ext?siteCode=WN&sc=,613200,"- 신규 거래선 개발, 기존 거래처 관리 - 영업, 매출, 매입 관리 - 철강업계 경력자 우대 - 운전가능자 - 엑셀 가능자 - 수습기간 3개월(협의 가능)",제품 영업원,-,학력무관,관계없음,월급 250만원 ~ 250만원,고용형태,"부산광역시 사하구 다대로170번길 85, 동광선재(주) (신평동)",1명,2026-09-08 21:01:05
https://www.jobkorea.co.kr/Recruit/GI_Read/5596925/Ext?siteCode=WN&sc=,026501,"■채용제목: [부산경영자총협회] 정부사업 사무직원 채용 공고 1. 구인인원 : 2명 - 부산경영자총협회 서부산지소 1명 - 부산경영자총협회 동부산지소 1명 2. 고용형태 : 기한의 정함이 있는 근로자 (계약직) 3. 근로기간 - 사업 전담자: 채용일로부터 2026년 12월 31일까지 (약 4개월) 4. 담당업무 - 고용노동부 청년일자리 도약장려금 전담 업무 5. 약정급여 : - 사업 담당자 : 월 250만원(출장비 등 수당별도 지급) 6. 전형방법 및 채용일정 ▶ 메일제출: lay1164@bsef.kr (자사양식 이력서 제출 필수) ① 모집기간: 공고일로부터 2026년 9월 4일(금) 17시 까지 ※모집인원의 2배수 미만 시 연장 ② 면접일정: 2026년 9월 7일(월) 예정 ※ 사전 개별 연락 및 통지 예정 ※일정에 따라 변동 가능성 有 ③ 출근예정: 2026년 9월 8일(화) ※일정에 따라 변동 가능성 有 7. 제출서류 1) 이력서 및 자기소개서 (자사양식, 첨부파일 內 서식 참고) 8. 근무처 - 부산경영자총협회 서부산지소 (부산광역시 사상구 학감대로 252 6층 수성빌딩 605호) - 부산경영자총협회 동부산지소 (부산광역시 해운대구 센텀동로 200 '해운대청년채움공간')",총무 및 일반 사무원,총무사무원,학력무관,관계없음,월급 250만원 ~ 250만원,고용형태,"부산광역시 동구 조방로 14, (사)부산경영자총협회 (범일동)",2명,2026-09-08 21:01:06
https://www.jobkorea.co.kr/Recruit/GI_Read/5596816/Ext?siteCode=WN&sc=,550102,2등급 60대 여자대상자 주6일 근무 (09:00~13:00) 기본적 재가요양보호 서비스,재가 요양보호사,-,학력무관,관계없음,"시급 10,320원 이상",고용형태,"부산광역시 남구 석포로83번길 15, 1층 (대연동)",1명,2026-09-08 21:01:06
https://www.jobkorea.co.kr/Recruit/GI_Read/5596352/Ext?siteCode=WN&sc=,028405,*공동어시장 경매일정에 따라 토요일 격주근무(2~3회) 있습니다. *주40시간이상 초과근무수당은 연봉(급여)에 포함되어있습니다. - 부산공동어시장내 수산물 원료수매 - 제품관리(원료검품) - 원료 관련 원가계산 - 검품내용 정리 - 자차운행 및 새벽출근가능자,자재·구매 사무원(음식료품),음식료품구매사무원,학력무관,관계없음,"연봉 3,600만원 ~ 4,000만원",고용형태,부산광역시 서구 원양로 87,1명,2026-09-08 21:01:06
https://www.jobkorea.co.kr/Recruit/GI_Read/5597158/Ext?siteCode=WN&sc=,550102,"89세 여자 어르신 4등급 독거 어르신 운동동행 병원동행 주변정리 말벗도움 등 요양보호사 업무 성품은 온화하심. 건강하신 편 주 3회 근무 시간 : 월, 수, 금 09:00 ~ 12:00 또는 09:30 ~ 12:30 ( 시간조율가능 ) 구포 일심요양병원 근처. 10,320,원 이상",재가 요양보호사,재가요양보호사,학력무관,관계없음,"시급 10,320원 ~ 10,320원",고용형태,"부산광역시 북구 낙동대로 1678, 구포 일심요양병원 근처 (구포동)",1명,2026-09-08 21:01:06
https://www.jobkorea.co.kr/Recruit/GI_Read/5596928/Ext?siteCode=WN&sc=,550101,어르신 케어 문의 : 051-554-4438,요양보호사(노인요양사),요양보호사,학력무관,경력,월급 230만원 이상,고용형태,"부산광역시 동래구 명륜로207번길 6, 원광효마을요양원 (명륜동, 사회복지법인원광)",2명,2026-09-08 21:01:06
https://www.jobkorea.co.kr/Recruit/GI_Read/5596338/Ext?siteCode=WN&sc=,531803,"▶직무 내용: 조리 보조 전처리, 세팅, 설거지 등 ▶근무 시간: 05:30~18:00 (휴게시간 3시간) ▶급여: 연봉 3,100~3,300 만원 (휴일 10회) 조리 보조/ 조리 가능자(경력자 우대) ▶채용 담당자: 070-4286-9686[영양사실 직통 번호] , 통화 후 방문",병원 급식 조리사,-,학력무관,관계없음,"연봉 3,100만원 ~ 3,300만원",고용형태,"부산광역시 해운대구 재반로 137, 센텀파크요양병원 (재송동)",1명,2026-09-08 21:01:06
https://www.jobkorea.co.kr/Recruit/GI_Read/5598067/Ext?siteCode=WN&sc=,231101,1) 장애인 일상생활 보조지원 2) 서류작성 3 ) 프로그램 계획 및 진행 4) 근무형태 : 정규직,사회복지사(사회복지시설),"사회복지사(사회복지시설, 노인복지시설, 장애인복지시설 등)",학력무관,신입,월급 228만원 이상,고용형태,"부산광역시 서구 천해로7번길 55-10, 나라단기거주시설 (암남동)",1명,2026-09-08 21:01:07
https://www.jobkorea.co.kr/Recruit/GI_Read/5597883/Ext?siteCode=WN&sc=,532202,"한식당 홀 서빙 업무 - 고객 응대 및 주문 접수 - 음식 서빙 및 테이블 세팅 - 매장 청결 관리 및 마감 정리 필요기술: 신입/경력 무관, 밝고 친절한 응대 태도",일반 음식점 접객서빙원,써빙원(일반음식점),학력무관,관계없음,"시급 10,320원 이상",고용형태,"부산광역시 기장군 일광읍 문오성길 61, 올바릇식당",1명,2026-09-08 21:01:07
https://www.jobkorea.co.kr/Recruit/GI_Read/5597338/Ext?siteCode=WN&sc=,153105,"* 전기 자격증 소지자 우대! * 실무경험 5년이상 필수! * 도면파악, 물량산출, 시공 가능하신분 * * 4대보험, 퇴직연금, 상여금, 연차, 유류비, 식대 지원 * 상여금은 설, 여름휴가, 추석 - 100만원씩 지급",전기공사 기술자(전기견적 포함),전기공사현장관리자,학력무관,경력,"연봉 5,000만원 ~ 6,000만원",고용형태,부산광역시 사상구 모덕로67번길 154 (모라동),1명,2026-09-08 21:01:07
https://www.jobkorea.co.kr/Recruit/GI_Read/5597264/Ext?siteCode=WN&sc=,615210,1. 반찬 소포장 업무 2. 반찬가게 반찬 진열 업무 3. 반찬 판매 업무 전화 후 방문 051-256-9858 08:00~ 17:00 / 주6일 48시간,음식료품 판매원,식품판매원,학력무관,관계없음,"시급 11,000원 이상",고용형태,"부산광역시 북구 낙동대로1778번길 26, 소문난완도댁김치 (구포동)",5명,2026-09-08 21:01:07
https://www.jobkorea.co.kr/Recruit/GI_Read/5598216/Ext?siteCode=WN&sc=,307500,"* 간호 업무 - 병원동행, 약물관리 등 간호조무사 전반적인 업무 - 08시~17시(휴게시간 12시~13시) (센터 상황에 따라 업무시간 유동적일수 있음)",간호조무사,-,학력무관,신입,월급 215만원 이상,고용형태,"부산광역시 강서구 명지국제2로28번길 26, 307호 (명지동, 퍼스트삼융)",1명,2026-09-08 21:01:07
https://www.jobkorea.co.kr/Recruit/GI_Read/5598062/Ext?siteCode=WN&sc=,550101,"부산, 함께돌봄 사업 제공인력 모집 - 월 54시간 / 2개월 내외 근무 가능 - 대상 : 70대 여성 어르신 - 근무장소 : 영도구 동삼동 동삼그린힐아파트 4단지 일대 - 근무요일 : 월, 화, 목, 금 - 근무시간 : 09:00 ~ 12:00 - 직무내용 : 퇴원환자 대상 재가돌봄(목욕), 가사(식사, 장보기, 세탁, 청소 등) 업무 등 - 시급 : 19,000원 (수당포함) - 기타 : 고용, 산재, 배상, 상해보험 가입 ※ 이용자 종결 후 다른 이용자 매칭 시 계약 유지",요양보호사(노인요양사),요양보호사,학력무관,관계없음,"시급 10,320원 ~ 10,320원",고용형태,"부산광역시 영도구 상리로 7, 동삼그린힐아파트 4단지 일대 (동삼동)",1명,2026-09-08 21:01:08
https://www.jobkorea.co.kr/Recruit/GI_Read/5598063/Ext?siteCode=WN&sc=,232903,"일상돌봄서비스 재가돌봄·가사 서비스 제공인력 모집 - 월 36시간 - 근무장소 : 영도구 동삼 2동 백경그린빌라 일대 (중장년 여성) - 근무요일 : 월, 수, 금 - 근무시간 : 9:00 ~ 12:00 - 직무내용 : 일상생활지원 (병원 동행), 가사활동 (청소, 식사 준비 및 뒷정리 등) - 시급 : 14,250원 (수당포함) - 기타 : 고용, 산재, 상해보험 가입, 퇴직연금 가입 ※ 계약일 ~ 26년 말일까지 계약, 매년 재계약 가능",장애인 생활지도원(장애인활동보조원 포함),장애인활동지원사,학력무관,관계없음,"시급 10,320원 ~ 10,320원",고용형태,"부산광역시 영도구 태종로795번길 30, 백경그린빌라 일대 (동삼동, 백경그린빌라)",1명,2026-09-08 21:01:08
https://www.jobkorea.co.kr/Recruit/GI_Read/5598235/Ext?siteCode=WN&sc=,415100,"* 회사소개 및 직무내용 당사는 몸이 불편한 어르신댁에 제공하는 복지용구(의료기기) 사업소의 본사입니다. 건강보험공단의 국가지정사업으로, 사회복지시설 및 장기요양기관으로 지정 받은 전국 80여개 매장을 운영하고 있습니다. 본사 차원의 홍보마케팅과 기본적인 디자인 기획 & 실무작업 - 포토샵, 일러스트, AI 디자인활용 업무를 수행하실 인성을 겸비한 직원을 채용합니다. 디자인을 통해 브랜드의 가치를 전달하고, 함께 성장해 나갈 분들의 많은 지원을 기다리겠습니다. * 우대사항 - 워드,엑셀,PPT 등 문서 작업 등 컴퓨터 활용능력 우수. - 관련 디자인 경력 보유. - 캔바 등 디자인 툴 경험 보유. (수습기간 3개월)",제품 디자이너,제품 디자이너,학력무관,경력,"연봉 2,582만원 ~ 3,000만원",고용형태,부산광역시 북구 효열로235번길 55 (금곡동),1명,2026-09-08 21:01:08
https://www.jobkorea.co.kr/Recruit/GI_Read/5598233/Ext?siteCode=WN&sc=,531803,"부산광역시노인건강센터(부산시립노인요양원) 조리 업무 - 입소자 및 직원 식사 조리 및 전처리 - 총 8명이 팀으로 일하고 있음 - 식수 200명 정도 - 조리사 자격증 미소지자 입사가능 * 장기근속(1년,3년,5년,7년)시 공단장기근속장려금 지급 * 센터 장기근속수당 입사일로 부터 1년 5만원/5년 7만원/7년 9만원 지급 * 소정의 교통비 지급 *분기별 특별수당 지급(3,6,9,12월) *교통비 10만원 지급",병원 급식 조리사,병원급식조리사,학력무관,관계없음,월급 215만원 ~ 215만원,고용형태,"부산광역시 사상구 학감대로39번길 129, 부산광역시노인건강센터 (학장동)",1명,2026-09-08 21:01:08
https://www.jobkorea.co.kr/Recruit/GI_Read/5598338/Ext?siteCode=WN&sc=,307300,안과 검안 및 검사 업무,안경사,안경사,학력무관,관계없음,"연봉 3,100만원 이상",고용형태,"부산광역시 해운대구 해운대로 409, 부산성모안과병원",1명,2026-09-08 21:01:09
https://www.jobkorea.co.kr/Recruit/GI_Read/5597603/Ext?siteCode=WN&sc=,836000,선박용 배전반 전기 판넬 제작 조립 결선.및 보조작업. 선박용 배전반 전기 판넬 제작 조립 결선.및 보조작업 근무시간:08:00~17:00 월화수목2시간 잔업(월22시간~) 통근버스 회사 → 대저 출근1회 퇴근1회 / 회사 → 하단 출근1회 퇴근1회 출근 1: 3호선 대저역 1번출구(07:12) → 회사(7:40) 퇴근 1: 회사(17:20) → 대저1번출구(18:00) 출근 1: 하단지하철역(6:45)→명지초교사거리(06:53)→금강펜테리움(06:55)→명지더웨스턴정문(06:57)→베스킨라빈스 앞(더삽2차 상가)(7.:00) 퇴근 1: 회사(17:30)/19:30→명지더웨스턴→금강펜테리움→명지초교사거리(이디야커피 맞은편)→하단지하철 역 2번출구 *지원시 자기소개서 간단하게 작성해서 지원해주세요* 실업급여 수급등의 이유로 이력서만 등록하시는분은 자제하여 주십시요. 부탁드립니다.,전기·전자 부품 및 제품 조립원,-,학력무관,관계없음,월급 249만원 ~ 300만원,고용형태,"부산광역시 강서구 가리새3로 51, 1.3층 (범방동)",3명,2026-09-08 21:01:09
https://www.jobkorea.co.kr/Recruit/GI_Read/5598234/Ext?siteCode=WN&sc=,872102,"수입축산물 도소매 업체입니다. 작업장에서 골절, 단순작업, 포장등의 업무를 하실 작업자를 구인합니다. 사대보험 , 퇴직연금 적용되며 점심제공합니다. 신입도 환영하며, 경력자 우대합니다. 신체 건강하고 성실하게 오래 근무하실분 지원바랍니다.",정육원,정육원,학력무관,관계없음,월급 270만원 ~ 280만원,고용형태,부산광역시 강서구 공항로1309번가길 42-4 (대저1동),1명,2026-09-08 21:01:09
https://www.jobkorea.co.kr/Recruit/GI_Read/5597532/Ext?siteCode=WN&sc=,027102,* 담당업무 회계 사무원 업무 (거래처 장부관리. 신고업무 등) (유연근무 : 09:30~17:30 _10월~12월 17:00),회계 사무원(회계·세무 사무소),-,학력무관,신입,월급 215만원 이상,고용형태,"부산광역시 해운대구 APEC로 17, 4104호",1명,2026-09-08 21:01:09
https://www.jobkorea.co.kr/Recruit/GI_Read/5598337/Ext?siteCode=WN&sc=,836000,"배전반 조립 업무 운전가능자,해당직무 경험 ,문서작성자 우대 근무시간 평일 : 8시30분 ~ 18시 30분(9시간 근무) (17시30분~18시30분 1시간 기본잔업) 휴게시간 12시 30분 ~ 13시 30분",전기·전자 부품 및 제품 조립원,-,학력무관,관계없음,"시급 10,320원 이상",고용형태,부산광역시 기장군 장안읍 장안산단9로 65,5명,2026-09-08 21:01:09
https://www.jobkorea.co.kr/Recruit/GI_Read/5597882/Ext?siteCode=WN&sc=,550102,"1등급 여자 어르신 - 근무시간 : 일요일 08:00~16:00 (매주 일요일 8시간 근무 요청 / 보호자 필요 시 공휴일도 요청 가능) - 시급 13,000원 (중증 수당 하루 최대 6,000원 추가) - 근무지 : 금정구 남산동 - 1등급 여자 어르신으로 체위변경, 기저귀교체, 식사제공(위루관 영양공급) (다세대 주택으로 자녀 옆집에 거주, 배우자 윗층에 거주하며 어르신 혼자 생활함) - 1,2등급 경력자 우대 면접 051)702-3323",재가 요양보호사,재가요양보호사,학력무관,경력,"시급 13,000원 ~ 13,000원",고용형태,부산광역시 금정구 금강로709번길 31 (남산동),1명,2026-09-08 21:01:10
https://www.jobkorea.co.kr/Recruit/GI_Read/5598064/Ext?siteCode=WN&sc=,232900,"- 직무내용 : 발달장애인 주간활동 서비스 제공 - 근무시간 : 월~금: 9시~17시 (주 5일 / 35시간 근무 / 근무시간내 1시간 휴계시간) - 임 금 : 시급 10,320원~ 조정 가 - 자격요건 : 사회복지사 자격 필수 및 1종 운전면허 필수(스타리아 운전 가능 자) - 우대사항 : 보육교사 / 미술, 음악, 체육분야 실무경력자 - 제출서류 : 이력서, 자기소개서 - 제출방법 : 이메일 지원(ajejin12@naver.com) - 문 의 : 051-611-4565 (미소언어심리발달센터)",기타 사회복지 전문가 및 관련 종사원,-,학력무관,관계없음,"시급 10,320원 ~ 11,000원",고용형태,"부산광역시 남구 수영로 223, 부산 남구 수영로 223 (대연동)",1명,2026-09-08 21:01:10
https://www.jobkorea.co.kr/Recruit/GI_Read/5597311/Ext?siteCode=WN&sc=,890000,- 철강 회사 현장직 모집합니다 - 호이스트 사용 가능자 우대 - 시트제품 밴딩 및 이동 작업,기타 제조 관련 단순 종사원,-,학력무관,관계없음,"연봉 2,600만원 ~ 3,000만원",고용형태,"부산광역시 기장군 오리산단3로 35, 남경스틸(주)",3명,2026-09-08 21:01:10
https://www.jobkorea.co.kr/Recruit/GI_Read/5597795/Ext?siteCode=WN&sc=,133204,"항공기 부품 가공업체에서 기술팀 프로그래머 모집합니다. 카티아 프로그램 가능자 필수입니다. (CATIA V5) 주 업무는 기술팀 업무입니다. 경력기간에 따른 연봉 협의(우대)가능합니다. 근무시간은 오전 8시부터이며, 주 5일 근무","산업특화 응용 소프트웨어 프로그래머(국방,항공,교통,에너지,금융,자동차 등)",-,대졸(2~3년)~대졸(4년),경력,"연봉 5,000만원 이상",고용형태,"부산광역시 강서구 평강로171번길 30-21, 3670-1,3670-13 (대저1동)",1명,2026-09-08 21:01:10
https://www.jobkorea.co.kr/Recruit/GI_Read/5598065/Ext?siteCode=WN&sc=,834002,"■빌딩 관리소장 모집 -. 근무시간 : 09:00 ~ 18:00 / 월~금요일 근무 휴게시간 (12:00~13:00 / 1.0h) -. 업무범위 : 빌딩 전기 및 시설물 일체 관리 , 신축 건물 하자 조사와 신청 등 -. 인원 : 1명 -. 급여 : ￦3,500,000 ★전기기사 자격증 소지자만 구인 ※4대 보험 가입, 주휴 및 연차 수당 포함.",빌딩 전기관리원,빌딩전기기계관리원,학력무관,경력,월급 350만원 이상,고용형태,"부산광역시 사하구 낙동남로 1398, 굿윌치과병원 (하단동)",1명,2026-09-08 21:01:11
https://www.jobkorea.co.kr/Recruit/GI_Read/5598402/Ext?siteCode=WN&sc=,550102,"<두구동 공덕초등학교 뒤> - 5등급/ 할머니/ 41년생/독거 - 거동가능 - 주5일(월~금) - 오후2시~4시 - 시급 10,320원(주휴수당 별도) 문의 및 지원 051-783-7342 또는 핸드폰",재가 요양보호사,-,학력무관,관계없음,"시급 10,320원 이상",고용형태,"부산광역시 금정구 두구죽전2길 7, . (두구동)",1명,2026-09-08 21:01:11
https://www.jobkorea.co.kr/Recruit/GI_Read/5594586/Ext?siteCode=WN&sc=,232100,****대체인력 채용공고**** ※ 만 1세반 담임 - 주 5일 40시간 09:00~18:00 (월~금) - 휴게시간 13:00~14:00,보육교사,-,학력무관,관계없음,월급 231만원 ~ 231만원,고용형태,부산광역시 북구 모분재로105번길 15,1명,2026-09-08 21:01:12
https://www.jobkorea.co.kr/Recruit/GI_Read/5594388/Ext?siteCode=WN&sc=,550102,"[금정구 장전동] 4등급 요양보호사 채용 / 주3일 (월, 수, 금) ○ 금정구 금강로 279번안길 33 / 장전동 장전현대2차 아파트 인근 ○ 대상자 : 여자 / 80대 중반 / 거동가능 / 아드님이랑 거주하나 대상자만 케어하면 됨 ○ 근무일시 : 주 3일, 13:00~16:00 ○ 일상생활 지원 및 가사지원 ○ 포괄시급 : 13,500원 (시급+주휴수당+연차수당 등 제수당 포함 ▶ 지원문의 : 051-888-6911 * 실제 서비스 제공 기간에 따라 임금을 계산하여 지급하는 형태로 채용 시 근로자마다 주 소정근로시간이나 임금, 근무(예정)지 등에 차이가 있을 수 있음.",재가 요양보호사,-,학력무관,관계없음,"시급 10,320원 ~ 10,320원",고용형태,"부산광역시 금정구 금강로279번안길 33, .. (장전동)",1명,2026-09-08 21:01:12
https://www.jobkorea.co.kr/Recruit/GI_Read/5594736/Ext?siteCode=WN&sc=,550102,"4등급 85세 할머니 요양보호 가사도움, 식사분비, 이동도움 등 오후 1시~ 4시 3시간 주5일 서비스 혹은 주 3회 및 단시간 근무도 가능. 치매 있으심. 성당 다니셨음.",재가 요양보호사,재가요양보호사,학력무관,관계없음,"시급 10,320원 ~ 10,320원",고용형태,"부산광역시 남구 유엔평화로41번길 90, 1층 (대연동)",1명,2026-09-08 21:01:12
https://www.jobkorea.co.kr/Recruit/GI_Read/5593862/Ext?siteCode=WN&sc=,550102,"1. 채용분야 : 요양보호사 2. 모집인원 : 1명(신규채용) 3. 급 여 : 시급 11,000원 (주휴수당, 연차수당 별도) 4. 근무내용 - 가정방문 및 생활지원(일상생활, 건강유지, 정서지원, 신체청결 등) - 인지기능활동지원(일일점검표, 인지워크북 등) 5. 이용자 정보 - 등급 : 장기요양 5등급 - 성별 : 남성 - 나이 : 만 74세 - 활동지역 : 부산광역시 영도구 봉래나루로 166번길 25-19(주택) - 특이사항 : 독거, 간단한 의사소통 가능, 자립 보행 가능(거동 불안정) 6. 자격요건 - 요양보호사 자격을 소진한 자 중 치매전문교육을 이수한 자 - 사회복지사업법 제35조의 2에 의거하여 결격사유가 없는 자 - 범죄 및 성폭력범죄 조회, 노인학대 및 장애인학대 관련 범죄 결격사유가 없는 자 7. 접수방법 - 우편접수, 방문접수 - 주소 : 부산시 영도구 상리로 30 (2층 사무실) 8. 제출서류 - 입사지원서 (첨부자료 다운로드) 1부. - 직원채용에 대한 개인정보 제공 및 활용 동의서 1부. - 특수관계부존재각서 - 관련자격증 사본 1부.",재가 요양보호사,재가요양보호사,학력무관,관계없음,"시급 11,000원 이상",고용형태,부산광역시 영도구 봉래나루로166번길 25-19 (봉래동2가),1명,2026-09-08 21:01:12
https://www.jobkorea.co.kr/Recruit/GI_Read/5594101/Ext?siteCode=WN&sc=,232903,"[동삼동] 장애인활동지원사 -80년생 남자(뇌병변중증)대상자, 왼쪽편마비(스틱사용) ★장애인활동지원사 수료 필수 ★두리발 이용하여 병원동행 *활동시간: 월~금 12:00~16:00 (4~5시간) *신체 - 실내이동 도움, 휠체어 이용시 도움. *사회 - 병원 (파크사이드), 산책..등 *가사 - 간단한 취사, 청소, 정리정돈. *주휴수당 등 포함 13,125원 이상 (추가 수당 발생 시 지급) *영도 동삼동 해양대삼거리 근처",장애인 생활지도원(장애인활동보조원 포함),장애인활동지원사,학력무관,관계없음,"시급 10,320원 ~ 10,320원",고용형태,"부산광역시 영도구 태종로 714, . (동삼동)",1명,2026-09-08 21:01:12
https://www.jobkorea.co.kr/Recruit/GI_Read/5594849/Ext?siteCode=WN&sc=,550102,"*대상자 : 4등급 만80세 여자어르신 *근무지 : 부산 금정구 남산동 975-4, 반남도란공원 부근 *근무시간 : 09:00~12:00, 주5일 (월/화/수/목/금) *근무내용 : 일반적인 가사 생활 지원 *포괄시급 : 13,000원 (시급 10,320원+ 제세수당 별도문의) ☎지원방법 : 051-556-2164 가득행복복지센터 면접 후 결정 [요양지원 > 요양보호제도] 관련법규 파악하기,장기요양서비스 이용지원 돕기,요양보호사 역할 준수하기",재가 요양보호사,재가요양보호사,학력무관,관계없음,"시급 13,000원 ~ 13,000원",고용형태,"부산광역시 금정구 팔송로39번길 72-3, 부근 (남산동)",1명,2026-09-08 21:01:12
https://www.jobkorea.co.kr/Recruit/GI_Read/5594195/Ext?siteCode=WN&sc=,159103,"▶(주)카디넥 설계원 모집(1명) *연봉은 최저선으로 기입 하였으며, 경력사항 및 직무능력에 따라 개별협의 가능* →주요업무내용 - BOM 작성 - JIG 도면 작성 - 도면관리(도면작성 및 현장 도면 배포) → 3개월 수습 후 정규직 전환 검토. 단, 수습기간 동안 급여는 100% 지급. →필수사항 - 2년이상 유사계통 경력 우대사항 - 이공계열 전공자 - ERP/MES 시스템 유경험자 - 운전면허 소지자(실제 운전 가능한자) →근무시간 - 월,화,목 : 08:00~17:00(8H), 17:30~19:30(2H) - 수, 금 : 08:00~17:00(8H) →휴게시간 12:00~13:00 - 식사제공 : 중식(월~금) / 석식(월,화,목) / 월 1회 토요일 당직(8H) → 성과급 - 대상자는 1년 이상 근속자에 한함 - 연 2회 고과에 따라 기본급의 40%~100%/회 차등 지급",기계·금속 제도사(캐드원),기계제도사,학력무관,경력,"연봉 3,400만원 ~ 5,500만원",고용형태,"부산광역시 사상구 낙동대로1330번길 41, (주)카디넥 (삼락동, 극동산업)",1명,2026-09-08 21:01:12
https://www.jobkorea.co.kr/Recruit/GI_Read/5593861/Ext?siteCode=WN&sc=,304000,병동 내에서 간호 업무를 수행 -이브닝 킵 1명 -데이/이브님 1명,간호사,-,대졸(2~3년)~대졸(4년),경력,"연봉 3,300만원 ~ 3,300만원",고용형태,"부산광역시 연제구 중앙대로 1078 (연산동, 뉴그랜드레포츠)",2명,2026-09-08 21:01:13
https://www.jobkorea.co.kr/Recruit/GI_Read/5594508/Ext?siteCode=WN&sc=,550102,"(남구 문현3동) 경동리인아파트 인근 빌 * 대상자 : 4등급 할머니(만86세) * 근무내용 : 가사 서비스(청소, 식사 챙기기 등) 일상생활 지원, 외출동행(병원동행 등) 및 말벗 지원 - 독립 보행 가능함. * 근무형태 : 주5일(월~토) 오전 09:00~12:00 오전 중 시간 조율 가능 * 포괄시급 13,200원 (기본시급 10,320원+주휴수당 2,064원+연차수당 741원+기타제수당 75원)/ 만근 시, 별도 수당 5만원)",재가 요양보호사,-,학력무관,관계없음,"시급 10,320원 ~ 10,320원",고용형태,"부산광역시 남구 문현로66번길 103-27, . (문현동)",1명,2026-09-08 21:01:13
https://www.jobkorea.co.kr/Recruit/GI_Read/5594118/Ext?siteCode=WN&sc=,890001,자동화라인에서 제품과 약품을 투입하고 취출부에서 선별하는 업무 주/야 격주 2교대로 근무,기계·금속 분야 단순 종사원,-,학력무관,경력,"연봉 4,330만원 이상",고용형태,부산광역시 사하구 다산로225번길 45,2명,2026-09-08 21:01:13
https://www.jobkorea.co.kr/Recruit/GI_Read/5595088/Ext?siteCode=WN&sc=,027102,"회계사무실에 전반적인 업부 원천, 부가세, 결산, 개인.법인세 신고 위하고,세무사랑 사용",회계 사무원(회계·세무 사무소),회계사무원(회계사무소),학력무관,경력,월급 250만원 이상,고용형태,"부산광역시 금정구 부곡로 133-15, 2층 (부곡동)",1명,2026-09-08 21:01:13
https://www.jobkorea.co.kr/Recruit/GI_Read/5594846/Ext?siteCode=WN&sc=,890000,"연마지석 생산업체 입니다 단순생산업무 근로자 모집합니다 반여동, 반송, 금사동, 서동 출퇴근차량 운행합니다 금사동,서동 지역 출퇴근차량 운행가능자 우대합니다. ( 운행시 차량운행비 추가지급 )",기타 제조 관련 단순 종사원,-,학력무관,관계없음,월급 250만원 ~ 250만원,고용형태,부산광역시 기장군 정관읍 산단7로 7-6,2명,2026-09-08 21:01:13
https://www.jobkorea.co.kr/Recruit/GI_Read/5594565/Ext?siteCode=WN&sc=,890000,"(주)덕화푸드 생산팀 조미실 생산직 채용 (계약직) - 명란젓 생산직 조미실 사원 모집(계약직) - 계약기간 : 채용일로부터 3개월 (정규직 전환 검토 가능) - 보건증 필수 [주요업무] - 명란 원료 및 조미제품 운반 - 조미 원료의 계량 및 투입 보조 - 조미·숙성 공정 작업 보조 - 조미실 내 원료와 완제품 이동 및 정리 - 작업장 세척·위생관리 - 기타 생산 관련 보조업무 [자격요건] - 생산현장 근무 및 중량물 취급 업무 수행이 가능한 자 - 반복적인 운반 및 입식작업이 가능한 자 - 식품제조 현장의 위생·안전수칙을 준수할 수 있는 자 - 관련 생산업무 경험자 우대 - 근무시간 : 평일 08:30-17:30 *주5일 40시간(토,일,공휴일 휴무) - 제출서류 : 이력서 - 통근버스 운행(회사자체차량) (다대포-장림-신평배고개-괴정-감천-암남동(회사)) - 상여금 별도 (추석 100만원, 설 100만원 년간 총 200만원 지급 - 3개월 미만 30% 지급)",기타 제조 관련 단순 종사원,-,학력무관,관계없음,"시급 12,390원 ~ 12,390원",고용형태,"부산광역시 서구 원양로 35, 도매장동 3층 (주)덕화푸드 (암남동, 도매장동)",2명,2026-09-08 21:01:13
https://www.jobkorea.co.kr/Recruit/GI_Read/5594119/Ext?siteCode=WN&sc=,873900,어묵 공장 생산실(배합) 직원구합니다. 근무시간 외 잔업있습니다. 초보도 가능합니다. 회사 전화후 이력서지참하여 회사 방문,"기타 식품가공 관련 기계 조작원(유지, 장류, 조미식품, 설탕, 커피, 담배 등)",어묵제조원,학력무관,관계없음,월급 250만원 이상,고용형태,부산광역시 사하구 다대로1066번길 55 (장림동),2명,2026-09-08 21:01:14
https://www.jobkorea.co.kr/Recruit/GI_Read/5594196/Ext?siteCode=WN&sc=,817200,"◎ 담당업무 ◎ -차량 차체 조립 및 내/외장 부품 설치 -특장차량 부품 조립 및 가공 -절단, 절곡, 타공, 용접, 사상, 체결 등 기본 제작 업무 -용접, 배선, 도장 등 공정 보조 ◆ 우대 사항 ◆ -용접 가능자 (CO2, 아르곤 등) -자차 보유자 -지게차 자격증 보유자 -제조·생산 현장 근무 경험자 ※ 이런분 찾습니다. -군용 특수차량을 직접 만들어보고 싶은 분 -경력이 없어도 현장에서 기술을 배우며 성장하고 싶은 분 -손으로 만드는 일에 보람을 느끼는 분",자동차 부품 조립원(검사원 포함),자동차 부분품 조립원,학력무관,관계없음,월급 255만원 ~ 270만원,고용형태,"부산광역시 강서구 미음산단로 101, 모비벅스 (구랑동)",6명,2026-09-08 21:01:14
https://www.jobkorea.co.kr/Recruit/GI_Read/5594197/Ext?siteCode=WN&sc=,028402,cnc/mct등 작업된 제품을 자재 및 납품관리/구매 관리하는 업무입니다. 경력에 따라 급여 협의 가능함.,자재·구매 사무원(기계·자동차·금속),-,학력무관,경력,월급 300만원 이상,고용형태,"부산광역시 강서구 녹산산단289로 83, 영성테크글로벌 (송정동)",1명,2026-09-08 21:01:14
https://www.jobkorea.co.kr/Recruit/GI_Read/5595973/Ext?siteCode=WN&sc=,027204,"신발 제조회사 경영관리팀 1. 총무, 인사, 노무 2. 회계(지출증빙 정리)",경리 사무원(제조),제조업경리,대졸(2~3년)~대졸(4년),경력,월급 250만원 이상,고용형태,"부산광역시 금정구 동대로 20, C동, 1층 MIK (회동동)",1명,2026-09-08 21:01:14
https://www.jobkorea.co.kr/Recruit/GI_Read/5594676/Ext?siteCode=WN&sc=,550101,요양원 내 입소 어르신 케어 및 요양보호사 제반업무,요양보호사(노인요양사),요양보호사,학력무관,관계없음,월급 215만원 이상,고용형태,"부산광역시 북구 시랑로114번길 45, 무지개언덕노인전문요양센터 (구포동)",2명,2026-09-08 21:01:14
https://www.jobkorea.co.kr/Recruit/GI_Read/5594120/Ext?siteCode=WN&sc=,028407,"당사는 섬유제조업으로 입.출고 자재운반 담당자를 구하고 있습니다. 기본적으로 지게차 운전 가능자를 모집합니다. 섬유회사의 특징으로 입출고 원단 취급가능자모집합니다. * 근무지 위치, 교통편 확인하시고 면접 후 해당업체 출근, 취업의사 있는 분들만 고용24 접수 부탁드립니다. (구직활동 목적으로 형식적으로 지원하시는 경우 삼가주시기 바랍니다.)",창고 관리원(자재 검수원 포함),수입창고관리원,학력무관,관계없음,"시급 10,320원 이상",고용형태,"부산광역시 사하구 하신번영로73번길 30, (주)창신섬유 (신평동)",1명,2026-09-08 21:01:15
https://www.jobkorea.co.kr/Recruit/GI_Read/5595216/Ext?siteCode=WN&sc=,027200,"[모집직무] 경리 사무원, 단순 경리 사무원, 경리 사무원(회계·세무 사무소) [직무소개] 우리 회사는 꾸준히 성장하는 기업입니다. 문서 작성, 회계 처리, 전화 응대, 사무실 청소 등 경리 업무를 담당하는 경리 사무원을 찾고 있습니다. [주요업무] - 정확한 회계 처리 및 기록 관리 - 신속하고 효율적인 문서 작성 및 관리 - 전화 응대 및 업무 처리 - 사무실 청소 및 환경 관리",경리 사무원,-,학력무관,경력,월급 230만원 ~ 250만원,고용형태,"부산광역시 금정구 금단로 190, 대화빌딩 (남산동)",1명,2026-09-08 21:01:15
https://www.jobkorea.co.kr/Recruit/GI_Read/5595984/Ext?siteCode=WN&sc=,232100,영유아 보육 0세반 담임교사 * 바로 근무 가능자 / 보수교육 이수 필수,보육교사,어린이집센터장,학력무관,관계없음,월급 215만원 이상,고용형태,"부산광역시 남구 홍곡로 360, 대연파크푸르지오 101동 103호 (대연동, 대연파크푸르지오)",1명,2026-09-08 21:01:15
https://www.jobkorea.co.kr/Recruit/GI_Read/5595388/Ext?siteCode=WN&sc=,824100,"*선박용 STRAINER 외 기타 구조물 TIG 및 CO2 용접원 모집 -배관 및 철의장 TIG, CO2 용접 우대 -급여조건 : 시급 : 15,500 ~ -근무요일 : 월,화,목,금 : 08:00~19:00, 2h 잔업수당, 수요일 08:00~18:00 1h 잔업수당 -추가 잔업/특근시 별도 수당지급 -근무지 : 부산시 강서구 미음산단3로,92,(주)세양",용접원,-,학력무관,경력,"시급 15,500원 이상",고용형태,부산광역시 강서구 미음산단3로 92 (주)세양하이테크),1명,2026-09-08 21:01:15
https://www.jobkorea.co.kr/Recruit/GI_Read/5595791/Ext?siteCode=WN&sc=,531802,[모집직무] 어린이집 조리사 [직무소개] 우리 기관은 아이들의 건강과 행복을 책임지는 곳입니다. 저희와 함께 아이들에게 따뜻하고 정성 가득한 음식을 제공해 줄 훌륭한 조리사를 찾고 있습니다. [주요업무] - 안전하고 맛있고 건강한 식단으로 조리합니다. - 조리 시설 및 식품 관리를 깨끗하게 유지합니다. - 교직원들과 아이들의 식사를 원활하게 제공합니다.,유치원·어린이집 급식 조리사,어린이집급식조리사,학력무관,경력,월급 108만원 ~ 108만원,고용형태,"부산광역시 북구 금곡대로 175, 201동 관리동 (화명동, 화명2차동원로얄듀크비스타)",1명,2026-09-08 21:01:16
https://www.jobkorea.co.kr/Recruit/GI_Read/5595571/Ext?siteCode=WN&sc=,550102,"1등급 34년생 남자어르신 부부거주 근무시간 : 주 6일 (월~토) 오후 09:00~13:00 4시간. ('이용자가 추가로 개별계약 희망함) 근무내용 : 신체지원, 가사지원, 정서지원, 요양보호사 자격증, 건강진단서 가지고 방문해주세요. -포괄시급13,200(기본금(10,320원) + 연차수당+주휴수당+기타수당)",재가 요양보호사,재가요양보호사,학력무관,경력,"시급 10,320원 이상",고용형태,"부산광역시 해운대구 마린시티1로 167, 단지내 (우동, 현대카멜리아)",1명,2026-09-08 21:01:16
https://www.jobkorea.co.kr/Recruit/GI_Read/5595725/Ext?siteCode=WN&sc=,612201,"화학진공펌프시스템 해외기술영업팀 관리책임자 구합니다. -영어, 중국어 능통자 우대 -해외 거래처 대응 / 해외영업 총괄 관리 업무",해외 영업원(영어),영어무역영업원,학력무관,경력,"연봉 5,000만원 이상",고용형태,부산광역시 강서구 미음국제5로 11 (미음동),1명,2026-09-08 21:01:16
https://www.jobkorea.co.kr/Recruit/GI_Read/5595572/Ext?siteCode=WN&sc=,550102,"80대초반 4등급 여자 어르신 입니다. 동래구 동부산아이존빌아파트에 거주. 어르신을 공경하는 마음과 친구처럼 대화를 잘나눌수있는 분을 찾습니다. 포괄시급 : 13,000원 근무시간 : 12:30 ~ 15:30 (주5일 평균) 근무내용 : 청소 및 가사일,주 2회 목욕도움(집에서), 밥 챙겨드리기 * 1차 통화 후 합격하신 분중에서 2차로 면접 후 합격 여부 알려 드립니다.( 2차 면접 장소 및 시간은 추후통보 )",재가 요양보호사,재가요양보호사,학력무관,경력,"시급 10,320원 ~ 10,320원",고용형태,"부산광역시 동래구 충렬대로428번길 49, 104동 (안락동, 동부산아이존빌아파트)",1명,2026-09-08 21:01:16
https://www.jobkorea.co.kr/Recruit/GI_Read/5595785/Ext?siteCode=WN&sc=,813201,조선기자재 및 기계 부품가공 [임금] - 경력에 따라 협의 가능,CNC 선반 조작원(NC 선반 조작원),CNC터닝선반조작원,학력무관,경력,"연봉 4,500만원 ~ 5,000만원",고용형태,부산광역시 사상구 학감대로 170-19 (학장동),2명,2026-09-08 21:01:16
https://www.jobkorea.co.kr/Recruit/GI_Read/5595469/Ext?siteCode=WN&sc=,550100,"- 등급 외 남성 / 돌봄 방문요양 (요양보호사 업무) - 서구 아미동 아미초등학교 인근 - 주3일/오후 13시~15시(2시간/ 요일 협의 가능) - 시급: 14,250원 (제수당 등 포함) - 문의: 051-207-7611 * 실제 서비스 제공기간에 따라 임금을계산하여 지급하는 형태로 채용 시 근로자마다 주소정근로시간이나 임금, 근무(예정)지 등에 차이가 있을 수 있음.",요양보호사,-,학력무관,관계없음,"시급 10,320원 이상",고용형태,"부산광역시 서구 해돋이로 244, . (아미동2가)",1명,2026-09-08 21:01:17
https://www.jobkorea.co.kr/Recruit/GI_Read/5595588/Ext?siteCode=WN&sc=,550102,요양보호사업무 더보기,재가 요양보호사,재가노인요양사,학력무관,신입,"시급 13,000원 ~ 13,000원",고용형태,"부산광역시 기장군 차성서로 51, 103동 (이진캐스빌아파트)",1명,2026-09-08 21:01:17
https://www.jobkorea.co.kr/Recruit/GI_Read/5599501/Ext?siteCode=WN&sc=,550100,"* 암남동 재가요양보호사 모집 - 2등급 70대 여자어르신 (배우자 근무 시 부재 ) - 일반적인 요양보호사 업무(중증수당 있음/거동 가능/기저귀 케어X ) - 주6일 13:00 ~16:00 - 시급 13,000원 ( 최저시급 + 제수당 포함)",요양보호사,-,학력무관,관계없음,"시급 10,320원 이상",고용형태,"부산광역시 서구 송도해변로 192 (암남동, 송도힐스테이트이진베이시티아파트)",1명,2026-09-08 21:01:17
https://www.jobkorea.co.kr/Recruit/GI_Read/5595040/Ext?siteCode=WN&sc=,550102,"[금곡동]재가요양보호사 -1등급 70대후반 남자어르신 -보호자함께거주 -주5일, 9~13시(4시간) **보호자 부재시 시간유동적 근무가능하신분 -와상환자, 수급자 신체케어 및 보호자 보조업무 -금곡동 주공5단지 [일상생활기능지원 > 신체활동지원] 식사보조하기,이동보조하기,대소변보조하기,목욕보조하기,용모관리하기 [일상생활기능지원 > 가사활동지원] 식사준비하기,청소지원하기,의복관리하기 [일상생활기능지원 > 건강지원] 위생지원하기,약물복용지원하기,의료기관이용지원하기,재활운동보조하기 [일상생활기능지원 > 일상생활 위험관리] 안전교육하기,위험예방하기,응급상황대처하기",재가 요양보호사,-,학력무관,경력,"시급 10,320원 이상",고용형태,"부산광역시 북구 효열로37번길 22 (금곡동, 금곡5단지주공아파트)",1명,2026-09-08 21:01:17
https://www.jobkorea.co.kr/Recruit/GI_Read/5594159/Ext?siteCode=WN&sc=,813201,"* 생산보조, 견습공 및 CNC선반 - CNC선반가공, 생산보조, 조립 등/ 배우면서 근무하실 분도 희망 - 경력무관 / 상여금 별도 지급 - 면접시 임금협의 가능 - 전화 연락 후 방문 접수",CNC 선반 조작원(NC 선반 조작원),-,고졸~대졸(2~3년),신입,월급 230만원 ~ 250만원,고용형태,"부산광역시 사상구 사상로163번길 29, 덕포양행 (괘법동)",2명,2026-09-08 21:01:17
https://www.jobkorea.co.kr/Recruit/GI_Read/5593904/Ext?siteCode=WN&sc=,307502,"[모집직무] 요양병원 간호조무사 기장 복있는 요양병원 [직무소개] 우리 병원은 환자들에게 따뜻한 관심과 전문적인 간호를 제공하는 것을 최우선으로 생각합니다. 성실하고, 협동심이 뛰어난 간호조무사님을 찾고 있습니다. [주요업무] - 환자의 생활 습관 및 건강 상태를 관찰하고 기록 - 간호사의 지시에 따라 환자를 돌보고 의료 업무를 지원 - 환자 이동 및 기타 간호 업무 수행 - 환자 위생 관리 및 환경 청결 유지 도움 bokhospice@naver.com 이메일로 이력서 및 경력증명서 보내주시면 면접 일정 조율 전화 드리겠습니다.",요양병원 간호조무사,-,학력무관,관계없음,월급 215만원 이상,고용형태,"부산광역시 기장군 기장읍 대변로 117-2, 복있는요양병원",1명,2026-09-08 21:01:17
https://www.jobkorea.co.kr/Recruit/GI_Read/5594194/Ext?siteCode=WN&sc=,550101,"-어르신 일상생활 및 지원에 관한 요양보호사 고유업무 -지원자격 요양보호사 자격증 보유자(노인요양시설 근무 경력 우대/신입가능, 식사지원) <근무조건> 근무시간 주간 09:00~18:00 야간 18:00~09:00 한달 스케줄표로 돌아갑니다 ~ **입사지원방법** -고용24(구 워크넷) 이력서 지원 -요양원으로 전화 후 원으로 이력서 제출 ------- 실업급여를 위한 구인활동 이력서는 받지 않습니다------",요양보호사(노인요양사),요양보호사,학력무관,관계없음,"시급 10,320원 ~ 10,320원",고용형태,부산광역시 기장군 정관읍 구연3로 11 (서울프라자),1명,2026-09-08 21:01:18
https://www.jobkorea.co.kr/Recruit/GI_Read/5594735/Ext?siteCode=WN&sc=,231101,"<2026년 방문형 가정회복사업 행정 보조 인력 채용 공고> 1. 채용분야 : 방문형 가정회복사업 행정 보조 인력 1명 2. 자격기준 : 사회복지사 자격증 소지자 3. 근무조건 1) 근무기간 : 2026. 10. 01. ∼ 2026. 12. 30. 2) 근무형태 : 초단기근로자, 주14시간, 월 56시간 근무 3) 근무요일 : 시간 및 요일 협의 4) 급여 : 월 800,000원 5) 주요업무 : - 2026년도 방문 똑똑! 마음 톡톡! 방문형 가정회복사업 보조업무 - 사업추진 실적 기록 및 취합 - 예산 집행 기록 및 증빙 관리 - 사례관리 업무 아님. 4. 채용일정 1) 서류접수 : 2026. 08. 27.(목) ∼ 2026. 09. 11.(금) 2) 서류심사 : 2026. 09. 14.(월) ~ 09. 15.(화)(서류심사 합격자 개별 통지 및 기관 홈페이지 게재) 3) 면접심사 : 2026. 09. 16.(수) 10:00 (상기 일정은 기관의 사정에 따라 변경될 수 있음) 4) 최종합격자 발표 : 개별 통지 및 기관 홈페이지 게재 5. 입사지원 1) 지원방법 : e-mail접수(bsjin1391@naver.com) 2) 입사서류 : - 1차 서류전형 : 본 기관 양식 입사지원서(자기소개서, 특수관계부존재, 개인정보수집 및 이용동의서) · 관련 자격증 사본 및 경력증명서 - 2차 면접전형 : 1차 서류전형 합격자에 한해 면접 진행 ※ 최종 합격자 제출서류 · 성범죄경력 및 아동학대 범죄전력조회 신청서·동의서 · 채용건강검진 결과 통보서 6. 유의사항 1) 본 기관 입사지원서 양식 접수 필수, 입사지원서 양식 다를 경우 접수 불가합니다. 2) 제출된 응시서류 상의 기재 착오 또는 누락, 연락 불능 등으로 인한 불이익은 응시자의 책임으로 합니다. 3) 제출된 서류는 일체 반환되지 않으며, 제출된 서류 내용이 사실과 다르거나 허위사실로 확인될 경우 합격 또는 채용을 취소합니다. 4) 적격자가 없을 경우 선발하지 아니하며, 또한 재공고 할 수 있습니다. 5) 이메일 지원 제목에 반드시 지원자 이름 표기 바랍니다.",사회복지사(사회복지시설),"사회복지사(사회복지시설, 노인복지시설, 장애인복지시설 등)",학력무관,관계없음,월급 80만원 ~ 80만원,고용형태,"부산광역시 부산진구 동평로405번길 81, 부산진구아동보호전문기관 (양정동)",1명,2026-09-08 21:01:18
https://www.jobkorea.co.kr/Recruit/GI_Read/5595078/Ext?siteCode=WN&sc=,026202,"▶ 담당 업무 - 일반 사무: 문서 작성, 데이터 정리 및 제반 사무 지원 - 기획 업무: 비즈니스/아이디어 기획 지원 및 기초 자료 조사 - 인사 관리: 기본 인력 관리 및 교육/사무 지원 - 영업 지원: 영업 관리, 고객 응대 및 제반 지원 업무 - 기타 : 홍보물 제작을 위한 간단한 포토샵 및 일러스트 디자인 작업 ▶ 지원 자격 - 경력 : 무관 (초보자 가능 / 배우고자 하는 열정과 의지가 있으신 분) ▶ 우대 및 필수 사항 - 기본 PC 활용 능력(HWP, MS Office 등)을 갖추신 분 - 간단한 포토샵, 일러스트레이터 활용이 가능하신 분 (초급 수준) ▶ 결격 사유(성범죄 및 기타 범죄 경력이 없으며, 결격 사유가 없는 분) ▶ 근무 조건 및 급여 - 근무 형태 : 정규직 (시용기간/3개월 수습) - 근무 시간: 주 5일 (월~금) / 09:00 ~ 18:00 - 근무지 : 부산광역시 남구 신선로 347 - 급여 조건 : 230만원 이상(식대비별도) - 기타 복리후생 : 유류비 월 10만원 지원, 연간 도서구입비 10만원 지원 ▶ 전형 절차 및 제출 서류 - 전형 절차 : 서류 전형 ➔ 면접 전형 ➔ 최종 합격 - 면접일정 통보 : 서류전형 합격자에 한하여 수시로 면접진행(개별통보) - 접수 방법 : 온라인, 우편 - 마감일 : 채용 시 마감 - 제출 서류 : 이력서 및 자기소개서 ▶ 유의 사항 - 제출된 서류는 반환하지 않으며, 면접 용도 외 사용하지 않음 - 제출된 서류에 허위 사실이 있을 경우 합격이 취소될 수 있습니다. - 범죄 경력 조회 등 결격 사유 발생 시 합격이 취소될 수 있습니다. [문의처] 연락처 : 1644-4483 이메일 : luw2021@naver.com / FAX : 051-782-2559",영업 기획·관리·지원 사무원,영업기획사무원,학력무관,관계없음,월급 230만원 이상,고용형태,부산광역시 남구 신선로 347 (용당동),1명,2026-09-08 21:01:18
https://www.jobkorea.co.kr/Recruit/GI_Read/5595786/Ext?siteCode=WN&sc=,835100,"전기 배선 현장 조립 및 제조 3개월 수습기간 있음 4대보험, 퇴직금, 식사제공, 단체보험",전기 부품 및 제품 제조 기계 조작원,-,학력무관,관계없음,"연봉 3,200만원 이상",고용형태,부산광역시 강서구 미음산단2로24번길 47 (구랑동),1명,2026-09-08 21:01:18
https://www.jobkorea.co.kr/Recruit/GI_Read/5596077/Ext?siteCode=WN&sc=,232100,"[안락동]어린이집 유아반 보육교사 -어린이집 유아반 담임교사 -보육교사 2급 소지자 -주5일, 8:30~17:30시(휴게포함) -월급 215만원 이상(보육사업지침 준용) -안락성당 인근",보육교사,-,대졸(2~3년)~대졸(4년),관계없음,월급 215만원 이상,고용형태,부산광역시 동래구 충렬대로 411 (안락동),1명,2026-09-08 21:01:18
https://www.jobkorea.co.kr/Recruit/GI_Read/5593921/Ext?siteCode=WN&sc=,813210,머시닝센터를 이용한 산업기계부품가공,머시닝센터(MCT) 조작원,지그마스타조작원,학력무관,경력,"연봉 5,000만원 이상",고용형태,"부산광역시 강서구 공항앞길85번길 101, 오성기계 (대저2동)",1명,2026-09-08 21:01:18
https://www.jobkorea.co.kr/Recruit/GI_Read/5595086/Ext?siteCode=WN&sc=,550101,노인의료복지시설로서 어르신 케어 전반(요양보호사 업무),요양보호사(노인요양사),요양보호사,학력무관,관계없음,월급 262만원 이상,고용형태,"부산광역시 동래구 구만덕로 172, 황전요양원 (온천동)",2명,2026-09-08 21:01:19
https://www.jobkorea.co.kr/Recruit/GI_Read/5595079/Ext?siteCode=WN&sc=,564100,- 도시가스 검침 및 점검 - 인근 거주자 (부산진구) 우대,계기 검침원 및 가스 점검원,가스검침원,학력무관,관계없음,월급 218만원 이상,고용형태,"부산광역시 부산진구 가야대로703번길 30 (당감동, 서면시즈빌)",1명,2026-09-08 21:01:19
https://www.jobkorea.co.kr/Recruit/GI_Read/5595783/Ext?siteCode=WN&sc=,151104,플랜트 설계 시공 더보기,플랜트공학 기술자 및 연구원,산업설비플랜트설계기술자,학력무관,경력,"연봉 4,000만원 이상",고용형태,"부산광역시 강서구 유통단지1로 41, 108동 210호 (대저2동)",1명,2026-09-08 21:01:19
https://www.jobkorea.co.kr/Recruit/GI_Read/5594116/Ext?siteCode=WN&sc=,415501,주요 업무 쿠팡 상품 상세페이지 등록 및 수정 주문 확인 및 송장 출력/관리 배송 문의 및 고객 CS 응대 보조 상품 검수 및 택배 포장 출고 준비 및 물류 보조 업무 (*쿠팡 상품 상세페이지 등록 및 수정 없을 시 출고 등 물류업무 보조),웹 디자이너,웹디자이너,학력무관,경력,월급 230만원 ~ 240만원,고용형태,부산광역시 사하구 하신중앙로17번길 39 (장림동),1명,2026-09-08 21:01:19
https://www.jobkorea.co.kr/Recruit/GI_Read/5594651/Ext?siteCode=WN&sc=,231100,"※ 치매관리법 제16조2제1항에 의한 주요 업무(주요사업은 ‘2026년 치매정책 사업안내’ 참고) 치매관리사업계획, 치매연구, 치매안심센터 및 노인복지시설 등에 대한 기술지원, 치매관련 시설·인프라 등 자원조사 및 연계 체계 마련, 치매관련 종사 인력에 대한 교육·훈련, 치매환자 및 가족에 대한 치매의 예방·교육 및 홍보, 치매인식개선 교육 및 홍보, 후견인에 대한 감독 지원 및 후견 사무의 지원, 그 밖의 치매 관련 업무 *** 자세한 사항은 부산광역치매센터 홈페이지(busan.nid.or.kr) ▶"" 채용공고"" 참고",사회복지사,-,학력무관,관계없음,월급 238만원 이상,고용형태,"부산광역시 서구 대신공원로 26, 서관 10층 부산광역치매센터 (동대신동3가, 동아대학교병원 센터동 10층)",1명,2026-09-08 21:01:20
https://www.jobkorea.co.kr/Recruit/GI_Read/5593920/Ext?siteCode=WN&sc=,813204,범용 밀링을 이용한 산업기계부품가공,범용 밀링기조작원,범용밀링기조작원,학력무관,경력,"연봉 4,800만원 이상",고용형태,"부산광역시 강서구 공항앞길85번길 101, 오성기계 (대저2동)",1명,2026-09-08 21:01:20
https://www.jobkorea.co.kr/Recruit/GI_Read/5594635/Ext?siteCode=WN&sc=,550101,"[용호동] 해피실버타운(요양원) 요양보호사 채용 입소 어르신에 대한 전반적인 케어관리 - 2교대 근무(09:00~18:00 / 18:00~09:00) - 급여 : 주40시간 기준 2,156,880원(그외 수당포함 추가금액 별도 지급) * 어르신입소로 인해 요양보호사선생님을 추가채용합니다. * 고용24 입사지원 가능, 전화지원 가능 * 기타문의사항 전화주세요. (051-621-5003) ""구직의사 있는 분""만 이력서 제출해주세요.",요양보호사(노인요양사),요양보호사,학력무관,관계없음,월급 215만원 이상,고용형태,"부산광역시 남구 동명로101번길 37-7, 사무실 (용호동)",2명,2026-09-08 21:01:20
https://www.jobkorea.co.kr/Recruit/GI_Read/5594647/Ext?siteCode=WN&sc=,542002,- 경비이수증 필수 - 출입자에 대한 감시 통제 업무 - 교대제 근무 * 용역계약 연장시 근로계약 연장가능합니다.,"건물 경비원(청사,학교,병원,상가,빌딩,공장 등)",빌딩경비원,학력무관,관계없음,월급 273만원 ~ 273만원,고용형태,"부산광역시 사하구 장평로 245, 대양전기 1공장 보안실 (신평동)",1명,2026-09-08 21:01:20
https://www.jobkorea.co.kr/Recruit/GI_Read/5594410/Ext?siteCode=WN&sc=,550102,"- 3등급 80대 독거 여자어르신 - 근무시간 : 주3회 월,수,금( 화,목,토),( 오전,오후조율 가능)13:00~16:00 - 동삼동 - 요양보호사 자격증 필수 - 주요 업무 : 방문요양 업무 - 시급: 13,000원 (10,320원+주휴,연차 등 제수당 포함)",재가 요양보호사,재가요양보호사,학력무관,신입,"시급 10,320원 ~ 10,320원",고용형태,"부산광역시 영도구 절영로 553, 동삼동 (동삼동, 삼창파크타운)",1명,2026-09-08 21:01:20
https://www.jobkorea.co.kr/Recruit/GI_Read/5593865/Ext?siteCode=WN&sc=,623004,"[모집직무] 창고 물류, 보관 장비 운전, [직무소개] 우리 회사는 신속하고 효율적인 물류 서비스를 제공하는데 중점을 두고 있습니다. 본 채용은 화물 입출고 운송 및 관리를 책임 질 분을 모집합니다. [주요업무] - 7톤~30톤 장비 운행 - 창고 물품 관리 및 정리 - 상하차 현장 안전수칙 준수 - 화물 입출고 운송 지원 - 차량 점검 및 운행일지 관리",지게차 운전원,-,학력무관,관계없음,월급 215만원 이상,고용형태,"부산광역시 남구 북항로 147, 투엠글로벌 감만씨에프에스 A-2 2층 (감만동)",1명,2026-09-08 21:01:21
https://www.jobkorea.co.kr/Recruit/GI_Read/5594371/Ext?siteCode=WN&sc=,550102,"방문 요양보호사 선생님 구인합니다. - 부산시 영도구 노인복지관 인근 거주 - 대상자 : 80대 남자어르신 - 13:00~16:00 주5일 - 포괄시급 : 13,000원(최저시급+기타수당) - 말벗, 병원동행, 식사, 정서지원, 목욕(X), 환경정리(청소)등 기타 제반 업무",재가 요양보호사,재가요양보호사,학력무관,관계없음,"시급 10,320원 ~ 10,320원",고용형태,"부산광역시 영도구 봉래길 372, 인근 (청학동)",1명,2026-09-08 21:01:21
https://www.jobkorea.co.kr/Recruit/GI_Read/5595978/Ext?siteCode=WN&sc=,550101,어르신케어 요양보호사 업무 근무형태: 주간근무 월9~14일/ 야간근무 월7~10일/ 휴무 월8~9일 만65세 이상 촉탁근무직으로 근무가능(요양시설 경력자에 한함),요양보호사(노인요양사),요양보호사,학력무관,관계없음,월급 220만원 ~ 226만원,고용형태,"부산광역시 남구 동명로101번길 57-13, 한솔보금자리실버홈",1명,2026-09-08 21:01:21
https://www.jobkorea.co.kr/Recruit/GI_Read/5595992/Ext?siteCode=WN&sc=,811205,1. 주요업무 1) 식품관련 기계 및 장치 유지보수 2) 시설물 관리(승강기 외) 2. 자격요건 : 경력 3년 이상(식품관련 경력 필수) 3. 급여 : 350만원 (경력에 따른 협의가능) 4. 근무장소 : 본사 및 김해지사 5. 우대사항 1) 소방안전관리자 2급 이상 보유자 2) 가스기능사 자격 보유자 3) 전기안전관련 자격 보유자 4) 인근 거주자 및 운전가능자,식품기계 설치·정비원,식품기계정비공무원,학력무관,경력,월급 350만원 ~ 350만원,고용형태,부산광역시 강서구 녹산산단382로59번길 7 (송정동),1명,2026-09-08 21:01:21
https://www.jobkorea.co.kr/Recruit/GI_Read/5595574/Ext?siteCode=WN&sc=,821200,금속 연마 업무 (센타레스 연마 기술자),금속가공 기계 조작원,-,학력무관,관계없음,"시급 10,320원 이상",고용형태,부산광역시 사하구 다산로53번길 44 (다대동),1명,2026-09-08 21:01:21
https://www.jobkorea.co.kr/Recruit/GI_Read/5595724/Ext?siteCode=WN&sc=,159103,캐드 가능자 더보기,기계·금속 제도사(캐드원),기계캐드원,학력무관,관계없음,"연봉 3,000만원 이상",고용형태,부산광역시 강서구 미음산단로 307 (미음동),1명,2026-09-08 21:01:22
https://www.jobkorea.co.kr/Recruit/GI_Read/5595987/Ext?siteCode=WN&sc=,232100,"2026학년도 국공립 덕포중흥어린이집에서는 보육교직원을 다음과 같이 채용합니다. 보육교직원들간에 서로 존중하는 문화 형성 및 아이들을 사랑하고 놀이로 행복한 어린이집을 함께 만들어 갈 역량있는 보육교직원 여러분의 많은 지원바랍니다. 1.채용부분: 1세반 담임교사 1명 2.근무시작일: 2026년 9월이후 (~채용시 부터) 3.지원자격: - 보육교사 1. 2급 - 유치원정교사(보육교직원자격증소지) - 영유아보육법16조 및 동법 제20조의 결격사유에 해당되지 않는 자 4.전형일정 및 제출서류 *접수기간: 채용시까지 *제출서류: 이력서(최근6개월이내 반명함반 사진), 자기소개서, 경력증명서(경력자에 한함) *고용24 입사지원 채용공고-->>1차 서류심사 -->>1차 합격자에 한 해 면접일정 개별 통보 -->>면접 후 최종합격자 개별통보 5.기타사항 - 경력단절교사는 장기미종사 교육을 필수로 이수해야 합니다. - 제출된 서류는 채용목적외에는 사용하지 않습니다. - 제출된 서류와 기재사항이 사실과 다를경우 합격을 취소합니다. - 추후 채용신체검사 및 범죄경력 및 아동학대전력조회에 결격사유발생시 합격을 취소합니다.",보육교사,-,학력무관,관계없음,월급 215만원 이상,고용형태,부산광역시 사상구 사상로 300 (덕포동),1명,2026-09-08 21:01:22
https://www.jobkorea.co.kr/Recruit/GI_Read/5595988/Ext?siteCode=WN&sc=,811206,파이프레이저 오퍼레이터 구합니다 레이저설비를 이용한가공 (기계조작) 재료 준비하기 및 레이저 가공절단 기계설치와 동시에 같이 배우면서 기계 조작하실분 구합니다,기타 공업기계 설치·정비원,-,학력무관,신입,월급 270만원 이상,고용형태,부산광역시 강서구 미음산단로 307 (미음동),1명,2026-09-08 21:01:22
https://www.jobkorea.co.kr/Recruit/GI_Read/5595989/Ext?siteCode=WN&sc=,813200,레이저 절단원 경력자 -1명 월~금: 08:00~20:00 / 20:00~08:00 (휴게3) 격주 야간 근무/ 야간 근무 시 토요일 야간은 휴무 토: 격주 주간 근무 08:00~12:00 급여 : 430만원(급여 조정 가능) 레이저 절단 신입 - 1명 월~금: 08:00~20:00 / 20:00~08:00(휴게3) 격주 야간 근무/ 야간 근무 시 토요일 야간은 휴무 토: 격주 주간 근무 08:00~12:00 급여 : 협의,금속 공작기계 조작원,가우징기조작원,학력무관,경력,월급 430만원 이상,고용형태,"부산광역시 사상구 학감대로192번길 69, 사상구 학감대로192번길69 전진엘앤티 (학장동)",2명,2026-09-08 21:01:22
https://www.jobkorea.co.kr/Recruit/GI_Read/5595990/Ext?siteCode=WN&sc=,813209,"저희 전진L&T는 근면성실히 근무하는 직원을 모집하고 있습니다. 철판 절곡 경력자 - 1명 급여 4,000,000원 (급여는 협의가능) 철판 절곡 업무 신입 -1명 -절단절곡을 배워서 성실히 일하실분 급여 3,500,000 (급여는 협의가능) 연장근로시간 포함 월~금:08:00~20;00 격주근무 토: 08:00~12:00 휴게시간 : 09:30~10:00,11:30~12:30,14:30~15:00,17:00~18:00 연장근로수당 및 토요수당 월급에 포함 (면접후 재조정 가능)",금속절곡기 조작원(밴딩기 조작원),밴딩기조작원,학력무관,관계없음,월급 350만원 이상,고용형태,"부산광역시 사상구 학감대로192번길 69, 사상구 학감대로192번길69 전진엘앤티 (학장동)",2명,2026-09-08 21:01:22
https://www.jobkorea.co.kr/Recruit/GI_Read/5595385/Ext?siteCode=WN&sc=,813200,단순 기계 조작원(cnc 선반 및 기타 가공기 조작),금속 공작기계 조작원,밸브가공원,학력무관,관계없음,"시급 10,320원 이상",고용형태,"부산광역시 기장군 정관읍 용수공단2길 82-15, 서쪽공장",3명,2026-09-08 21:01:22
https://www.jobkorea.co.kr/Recruit/GI_Read/5595784/Ext?siteCode=WN&sc=,816100,당사는 조선소 및 기타 산업에 필요한 판형 열교환기를 생산하고 있는 기업입니다. 2001년 창업 이후 현재까지 판형 열교환기의 부품 생산으로 시작하여 완제품 생산 그리고 사후 서비스까지 사업을 전개하고 있습니다. 사업 확장을 위해 신규 인원을 추가로 공고하여 모집합니다. 업무 범위 >> 판형 열교환기 가스켓 부착 작업 >> 판형 열교환기 제품 조립,일반기계 조립원,-,학력무관,경력,"연봉 3,000만원 ~ 3,500만원",고용형태,부산광역시 강서구 화전산단3로 60 (화전동),1명,2026-09-08 21:01:23
https://www.jobkorea.co.kr/Recruit/GI_Read/5595384/Ext?siteCode=WN&sc=,890006,"📋 주요업무 • 소속부서 : 생산팀(식품 포장 및 생산) • 식품 제조 및 완제품 포장 작업 • 라인별 생산 제품 품질 확인 및 정돈 • 작업장 위생 및 청결 관리 • 생산팀 부서 소속으로 함께할 예정이에요. 📋 자격요건 • 경력 무관 (초보자/신입 환영! 차근차근 친절하게 알려드립니다.) • 학력 무관 • 보건증 발급이 가능하신 분 (식품 제조 필수) • 자차 소지자 및 운전가능자(회사 위치 특성상 자차가 없으면 출퇴근이 어려울 수 있습니다. ) 📋 우대사항 • 보유역량: 인근거주자, 차량소지자 • 성실하고 책임감이 강하며, 동료와 어울려 일하는 것을 즐기는 분 🏠 근무조건 • 고용형태 : 정규직(계약직3개월 후 정규직 전환) • 급여 : 연봉 2800만원 • 근무지 : 부산 기장군 장안읍 오리산단2로 31 • 근무요일/시간 : 주 5일(월~금) 09:00~18:00 🎁 복지 및 혜택 • 출퇴근 : 주차장제공 • 리프레시 : 연차, 경조휴가제, 근로자의날 휴무 • 교육/생활 : 점심식사 제공, 음료제공(차,커피) • 급여제도 : 야근수당, 휴일(특근)수당, 4대 보험 • 조직 문화 : 회식강요 안함, 자유복장 ------------------- 부산동부고용센터 채용대행 사업장입니다.실업급여 등 형식적인입사지원은 자제해주시고 문의사항은 051-760-7166으로 연락주시기바랍니다",식품 분야 단순 종사원,식품분야 단순노무자,학력무관,관계없음,"연봉 2,800만원 이상",고용형태,"부산광역시 기장군 장안읍 오리산단2로 31, 봄날인터내셔널",3명,2026-09-08 21:01:23
https://www.jobkorea.co.kr/Recruit/GI_Read/5595395/Ext?siteCode=WN&sc=,531900,주방보조업무 하실분 구합니다. ****인근주거지 환영**** 4대보험 가능 중식가능 전화 후 내방 요망,기타 조리사,-,학력무관,관계없음,"시급 11,000원 이상",고용형태,"부산광역시 사상구 모라로 22 0, 103호 하노이김밥 (모라동)",1명,2026-09-08 21:01:23
https://www.jobkorea.co.kr/Recruit/GI_Read/5595087/Ext?siteCode=WN&sc=,550102,"4등급 여자어르신 모실 요양보호사 구인합니다. 요일 : 주 2회 (요일협의가능) 시간 : 오전 (180분) 시급 : 13,500원 *하루는 청소, 하루는 어르신 동행하여 함께 장보기 서비스 지원해주시면 됩니다. *60대 또는 젊은 요양보호사 선생님들의 많은 지원 부탁드립니다. 요양보호사 자격증 1년이내 건강검진 결과서 서류 필요 자세한 사항은 전화로 문의주세요! **051-924-5456",재가 요양보호사,재가요양보호사,학력무관,관계없음,"시급 13,500원 ~ 13,500원",고용형태,부산광역시 동래구 중앙대로 1520 (온천동),1명,2026-09-08 21:01:23
https://www.jobkorea.co.kr/Recruit/GI_Read/5594652/Ext?siteCode=WN&sc=,890006,"생선구이 생산 및 포장.(토막, 할복등 전처리 공정 없음) 생산직 사업 모집",식품 분야 단순 종사원,식품분야 단순노무자,학력무관,관계없음,월급 230만원 ~ 240만원,고용형태,"부산광역시 서구 원양로 71, 가공장 (주)물류센타)",2명,2026-09-08 21:01:23
https://www.jobkorea.co.kr/Recruit/GI_Read/5594162/Ext?siteCode=WN&sc=,027204,"당사는 섬유제조업으로 입.출고 담당자를 구하고 있습니다. 엑셀과 ERP프로그램 가능한자. 섬유의 원단명이나 이름정도는 알고 있어야됩니다. * 근무지 위치, 교통편 확인하시고 면접 후 해당업체 출근, 취업의사 있는 분들만 고용24 접수 부탁드립니다. (구직활동 목적으로 형식적으로 지원하시는 경우 삼가주시기 바랍니다.)",경리 사무원(제조),제조업장부정리원,학력무관,관계없음,"시급 10,320원 이상",고용형태,"부산광역시 사하구 하신번영로73번길 30, (주)창신섬유 (신평동)",1명,2026-09-08 21:01:24
https://www.jobkorea.co.kr/Recruit/GI_Read/5594199/Ext?siteCode=WN&sc=,824107,트롤 도어의 제조에 관련된 업무 현장 생산직 직원 모집,용접 사상원 및 보조원,-,학력무관,관계없음,"시급 10,320원 이상",고용형태,부산광역시 사하구 다산로 120 (다대동),3명,2026-09-08 21:01:24
https://www.jobkorea.co.kr/Recruit/GI_Read/5594568/Ext?siteCode=WN&sc=,550100,"[ 주간보호센터 요양보호사 모집 ] - 근무시간 : 07시30분~16시30분 / 09시30분~18시30분 - 필요서류 : 요양보호사자격증, 건강검진 서류 - 급여 : 2,212,880(연장근무수당 따로 지급)/ 식사제공,식대별도 *연장근무함 (조절가능) * 연장근무시 07시30분~18시30분 근무 - 설 추석 20만원 상여금 지급 - 자격증: 요양보호사, 운전면허 보통2종이상 - 실운전 필수!(스타렉스 운전 가능자 우대) *** 당사자 간 합의할 경우 관련 법률에 의거 연장 근무할 수 있고, 위에 제시된 채용조건(수습기간/급여 등)은 회사 사정에 따라 변경될 수 있으므로 자세한 사항은 사업장으로 문의 바랍니다 .※ 문의사항은 한사랑주간보호센터 대표전화 (051-897-9000)로 연락부탁드립니다. 다만, 실제 서비스 제공기간에 따라 임금을 계산하여 지급하는 형태로 채용 시 근로자마다 주 소정근로시간이나 임금, 근무(예정)지 등에 차이가 있을 수 있습니다.",요양보호사,-,학력무관,관계없음,월급 221만원 이상,고용형태,"부산광역시 부산진구 가야대로 451 (개금동, 개금메디칼빌딩)",1명,2026-09-08 21:01:24
https://www.jobkorea.co.kr/Recruit/GI_Read/5594555/Ext?siteCode=WN&sc=,532302,"[학교법인 동의병원] 병원 조리원 채용합니다. ■ 직무내용 식자재 전처리 환자식 배식 업무 설거지 및 주방 보조 업무 ■ 근무지 부산광역시 부산진구 양정로 62 (양정동, 학교법인 동의병원) ■ 근무시간 -주5일(월~금) 오전 4:30~8:30(휴게30분) (*근무에 따라 가끔 주말근무 발생할 수 있음) ■ 근무조건 월급여 130만원 퇴직금, 식사제공 ■ 지원자격 학력/경력 무관 병원 및 단체급식 경험자 우대",단체 급식 보조원,-,학력무관,관계없음,월급 130만원 ~ 130만원,고용형태,"부산광역시 부산진구 양정로 62, 동의의료원 (양정동)",1명,2026-09-08 21:01:24
https://www.jobkorea.co.kr/Recruit/GI_Read/5593863/Ext?siteCode=WN&sc=,231100,[담당업무] · 사무국 업무 총괄 · 비영리민간단체 관련 업무 · 장애인복지 및 장애인가족 관련 사업 및 행정업무 [자격요건] · 만 60세 이하인 자 (만 60세 정년) · 비영리민간단체의 활동을 이해하고 주도적으로 업무를 수행할 수 있는 자 · 장애인복지 및 장애인가족 관련 분야 유경험자 · 범죄경력조회 결과 결격사유가 없는 자 [우대사항] · 사회복지사 자격증 소지자 · 운전면허 1종 소지 및 운전 가능자 · 장애인 우대,사회복지사,-,대졸(4년)~박사,경력,월급 300만원 이상,고용형태,"부산광역시 동구 중앙대로196번길 12-3 (초량동, 부산장애인종합회관)",1명,2026-09-08 21:01:24
https://www.jobkorea.co.kr/Recruit/GI_Read/5594760/Ext?siteCode=WN&sc=,890000,- 놀이이설물 분체도장및 쇼트 업무보조 - 놀이용네트 및 네트관련 제품 생산보조업무 - 재고관리 -주36시간근무,기타 제조 관련 단순 종사원,-,고졸~대졸(2~3년),관계없음,"연봉 2,700만원 ~ 3,000만원",고용형태,"부산광역시 기장군 정관읍 산단5로 76-21 0, 2층",1명,2026-09-08 21:01:24
https://www.jobkorea.co.kr/Recruit/GI_Read/5594163/Ext?siteCode=WN&sc=,550101,"- 남천동 엑슬루타워, 배우자와 함께 거주 - 파킨슨, 낙상으로 인한 목뼈 골절로 7개월 입원 치료 후 퇴원(근무 시 다음 주부터 바로 가능) - 현재 거동 가능함 - 월,수,금,토 주4회 (07:00~10:00) 이용 원함 - 식사준비, 세탁, 청소 (목욕도움 필요없음) - 음식 솜씨가 있는 분, 깔끔한 요양보호사 원함. - 50대 이하 가능",요양보호사(노인요양사),요양보호사,학력무관,관계없음,"시급 13,100원 ~ 13,100원",고용형태,"부산광역시 수영구 황령대로473번길 15, 엑슬루타워 (남천동, 남천 엑슬루타워)",1명,2026-09-08 21:01:25
https://www.jobkorea.co.kr/Recruit/GI_Read/5594201/Ext?siteCode=WN&sc=,890006,"[주요업무] 양고기 생산 업무 보조 양고기 포장(포장지에 넣고 진공포장) 업무의 시작과 마무리시 정리정돈 **HACCP 시설에서 근무 [자격요건] - 손재주가 뛰어나고 체력적으로 근로에 문제가 없는 자 - 정확하고 빠른 작업 실행 능력을 갖춘 자 - 팀원과의 협업을 잘 할 수 있는 자 - 건강상/신용상 결격사유 없는 자 [우대사항] - 체력과 힘이 좋은 자 - 긍정적이고 밝은 성격 [복리후생] - 자녀 (초, 중, 고) 장학금 지급 - 4대 보험 및 퇴직연금 - 중식 제공",식품 분야 단순 종사원,식품분야 단순노무자,학력무관,관계없음,월급 250만원 이상,고용형태,"부산광역시 강서구 공항로339번길 67-7, 1층 (대저2동)",10명,2026-09-08 21:01:25
https://www.jobkorea.co.kr/Recruit/GI_Read/5593836/Ext?siteCode=WN&sc=,532302,"■정직원 부산백병원 영양부 조리보조 및 병동배식(월평균 280만원) (주)영일 F2, F4, F5 지원가능(언어소통가능자) 주업무: 전처리 및 배식, 세척, 조리보조 업무 (자격증무관, 초보자 지원 가능) 근무시간: 05:30-14:30/11:00-20:00(8시간, 교대근무우대) 월6일 휴무(토, 일, 공휴일 포함) 근무요일 협의조정가능 / 주5일근무 신청시 협의가능(급여조정) 급여: 월평균 280만원 (공휴수당, 새벽수당, 교통비 포함) 명절귀성여비 지급, 4대보험, 퇴직금 有,의료비지원 근로계약기간은 협의후 근로계약서 작성 면접희망시 전화면담 or 문자지원 바랍니다 문자지원예시: [부산백병원 영양부] 이름/주소지 ----------- ■단기간 채용 부산백병원 영양부 *시급12,000원* 아르바이트 모집(주)영일 세척, 전처리, 배식 등 조리보조업무 주 5일 근무(평일2일휴무, 공휴일근무가능) 근무시간: 05:30-14:30/11:00-20:00 (8시간 근무, 시간선택가능) 시급12,000원 (주휴수당, 연장수당, 연차수당, 공휴수당 별도지급) 2개월 이상 근무 가능자 *최초 한달미만 근무시 최저임금 적용 나이무관, 초보자 지원 가능, 4대보험 근로계약기간은 협의후 근로계약서 작성 면접희망시 문자지원 바랍니다 문자지원예시 : [부산백병원 아르바이트] 이름/나이/성별/주소지 홈페이지주소: www.youngilfamily.com",단체 급식 보조원,-,학력무관,신입,월급 280만원 ~ 280만원,고용형태,"부산광역시 부산진구 복지로 75, 부산백병원 영양부 (개금동)",3명,2026-09-08 21:01:25
https://www.jobkorea.co.kr/Recruit/GI_Read/5594164/Ext?siteCode=WN&sc=,872100,"(주)초록들은 닭고기 가공 전문 업체로 도계장에서 도계되어 온 닭고기를 절단, 부분육 해체, 염장 등의 가공 공정을 거쳐 프랜차이즈, 기업체, 급식 등에 납품하는 업체 입니다. 현장 생산팀에 함께할 가족을 모집하고 있으며 신입도 지원가능하고 경력직원은 우대해드립니다. 직무 내용 : 닭고기 절단, 해체(발골), 염장, 포장 근무요일 : 월~토 (법정공휴일 휴무) 근무시간 : 오전9시~오후6시 쉬는시간 :11시~11시15분/13시~14시/16시~16시15분 (총 1시간30분) 휴게실 구비 복장 : 위생복 지급",정육 가공원 및 도축원,-,학력무관,관계없음,"시급 10,320원 이상",고용형태,부산광역시 기장군 정관읍 산단5로 76-68,5명,2026-09-08 21:01:25
https://www.jobkorea.co.kr/Recruit/GI_Read/5595447/Ext?siteCode=WN&sc=,550102,"[범천동] 재가요양보호사 모집 ▷ 업체명: 선암복지재가센터 ▷ 근무장소 : 범천동 경남아파트 ▷ 대상자 : 4등급 90대 여자어르신 (부부거주) ▷ 근무시간 : 주 6일 (일6시간) 10:00~13:00 ▷ 급여사항 : 시급 13,000원(시급 10,320원 + 주휴 등 제수당포함) ▷ 업무내용: 일상생활도움 (청소, 말벗, 외출동행 등) ▷ 접수방법 : 전화 후 방문 - 자격증 사본, 건강검진서 필요 ※ 동 구인은 실제 서비스 제공 기간에 따라 임금을 계산하여 지급하는 형태로 채용 시 근로자마다 주 소정 근로 시간이나 임금, 근무(예정) 등에 차이가 있을 수 있음",재가 요양보호사,-,학력무관,관계없음,"시급 10,320원 ~ 10,320원",고용형태,"부산광역시 부산진구 신암로 32, *** (범천동, 범천경남아파트)",1명,2026-09-08 21:01:25
https://www.jobkorea.co.kr/Recruit/GI_Read/5593864/Ext?siteCode=WN&sc=,623004,주요업무 및 자격요건 • 리치스태커 장비를 안전 운전합니다. • CFS 리치스태커 운전 실무 경험 있으신 분 • 컨테이너 상하차 작업을 수행합니다 • 작업 전 장비 점검을 실시합니다 • 현장 신호에 따라 작업을 진행합니다 • 중장비 안전수칙 준수 가능하신 분 • 현장 작업 지시 이행 가능하신 분 • 기본 장비 점검 수행 가능하신 분 • 주야3교대 및 현장 근무 가능하신 분 작업일지 작성 및 보고를 수행합니다,지게차 운전원,지게차운전원,학력무관,경력,월급 215만원 이상,고용형태,"부산광역시 남구 북항로 147, 투엠글로벌 감만씨에프에스 A-2 2층 (감만동)",1명,2026-09-08 21:01:26
https://www.jobkorea.co.kr/Recruit/GI_Read/5595584/Ext?siteCode=WN&sc=,550102,4등급 80대 중반 여자어르신을 돌봐줄 요양보호사님을 모집합니다. 송상현광장근처 전포 LH오피스텔에 혼자 거주하고 계십니다. 시간은 오후1시부터 4시까지 주 6회(월~토)) 입니다. 성실하고 건강한 분을 원하십니다. 희망하시는 분은 연락주세요.,재가 요양보호사,재가요양보호사,학력무관,관계없음,"시급 10,320원 ~ 13,100원",고용형태,"부산광역시 부산진구 중앙대로 862, 오피스텔 (전포동, 전포엘에이치)",1명,2026-09-08 21:01:26
https://www.jobkorea.co.kr/Recruit/GI_Read/5595336/Ext?siteCode=WN&sc=,890000,[모집직무] 르노자동차내 단순 생산지원 및 미화 업무 [직무소개] 르노자동차 협력업체입니다. 본 공고는 자동차 범퍼 생산 및 미화 과정에 관여하는 생산지원 및 미화 업무에 대한 채용입니다. [주요업무] - 폐범퍼 관리 - 생산지원 단순직 - 안전 및 위생 규정 준수 - 기타 생산지원 및 미화 업무 수행,기타 제조 관련 단순 종사원,단순조립원,학력무관,관계없음,월급 265만원 ~ 280만원,고용형태,"부산광역시 강서구 르노삼성대로 61, 범퍼공장내 (신호동)",1명,2026-09-08 21:01:26
https://www.jobkorea.co.kr/Recruit/GI_Read/5595787/Ext?siteCode=WN&sc=,824100,"부산 학장에 위치한 가로등주 전문 제조업체입니다. 알곤 용접, CO2 용접 가능하신 분 모십니다. 전문가 수준의 용접이 아니어도 괜찮습니다. 성실하게 배우면서 오래동안 같이 근무하실 분이면 좋겠습니다.",용접원,-,학력무관,관계없음,월급 260만원 ~ 290만원,고용형태,부산광역시 사상구 새벽로 53-12 (학장동),1명,2026-09-08 21:01:26
https://www.jobkorea.co.kr/Recruit/GI_Read/5595326/Ext?siteCode=WN&sc=,613202,건설자재 (목재 합판 인테리어...) 영업직원,건설자재 영업원,건축자재영업원,학력무관,경력,"연봉 4,000만원 이상",고용형태,부산광역시 강서구 대저로171번나길 15 (대저1동),1명,2026-09-08 21:01:26
https://www.jobkorea.co.kr/Recruit/GI_Read/5595330/Ext?siteCode=WN&sc=,813201,대형 중형 NC 선반 인원추가,CNC 선반 조작원(NC 선반 조작원),CNC lath가공원,학력무관,경력,"연봉 5,000만원 ~ 5,000만원",고용형태,"부산광역시 강서구 화전산단2로134번길 28 -, GS코어 (화전동)",1명,2026-09-08 21:01:26
https://www.jobkorea.co.kr/Recruit/GI_Read/5595329/Ext?siteCode=WN&sc=,890000,목관 제조 더보기 접기,기타 제조 관련 단순 종사원,-,학력무관,신입,월급 240만원 ~ 240만원,고용형태,"부산광역시 강서구 생곡산단로55번길 6, 국정사 (생곡동)",3명,2026-09-08 21:01:27
https://www.jobkorea.co.kr/Recruit/GI_Read/5595400/Ext?siteCode=WN&sc=,550102,"*2등급 여자 어르신 방문요양 구인합니다. *기본시급10,320원+기타수당포함=포괄시급 13.000원 *근무시간: 12:30~16:30 / 월26회 (시간조절가능)",재가 요양보호사,재가요양보호사,학력무관,관계없음,"시급 10,320원 이상",고용형태,"부산광역시 해운대구 신반송로 200, 101동1302호 (반송동, 주공아파트)",1명,2026-09-08 21:01:27
https://www.jobkorea.co.kr/Recruit/GI_Read/5595397/Ext?siteCode=WN&sc=,813206,원통연마 내외경 작업가능한 자 신입 최저시급 1년이상 경력 시급협의 1년이상 재직시 (신정 설 여름휴가 추석 ) 상여100만원,연삭기 및 연마(광택)기 조작원,내외경연삭기조작원,학력무관,관계없음,"시급 10,320원 ~ 10,320원",고용형태,"부산광역시 사상구 사상로385번길 4, 다원정밀연마 (덕포동)",1명,2026-09-08 21:01:27
https://www.jobkorea.co.kr/Recruit/GI_Read/5595210/Ext?siteCode=WN&sc=,231100,"남천재활주간보호센터 사회복지사 모집 (신입가능, 경력1년이상 우대) * 사회복지사 업무 - 사회복지 행정 업무, w4c 및 희망이음 운영, 공단시스템 운영 , 케어포 사용 가능자 우대 - 치매전문교육, 프로그램관리 이수자 우대 - 운전가능 2종 필수, 1종 우대 - 근무시간 : 09:00~18:00, (휴게시간 1시간), 주 5일 근무(토, 공휴일 근무 가능자)/ 근무 스케줄 따라 변동됨. - 급여 : 급여 협의 * 기타사항 - 구비서류에 대한 허위사실이 발견될 경우와 채용 신체검사 등을 통해 신체검사 불합격 판정을 받은 경우에는 합격이 취소 될 수 있습니다. - 채용 예정 분야에 적격자가 없을 경우 채용하지 않을 수도 있습니다. - 관련 서식에 연락처(휴대전화번호 등)를 반드시 기재하여 주시기 바라며, 기재 착오 또는 누락이나 제출 서류 미비, 연락 불능 등으로 인하여 발생하는 불이익은 응시자의 책임입니다. * 관련 된 기타 상세한 내용 문의는 051-625-2804로 문의하여 주시기 바랍니다.",사회복지사,-,학력무관,경력,월급 215만원 이상,고용형태,"부산광역시 수영구 수영로 411, 남천재활주간보호센터 (남천동)",1명,2026-09-08 21:01:27
https://www.jobkorea.co.kr/Recruit/GI_Read/5595870/Ext?siteCode=WN&sc=,531802,"어린이집 조리사 모집 ▶내용: 약 70인분 조리,세척 등 ▶시간: 8시~17시(주5일) ▶필수: 한식조리 기능사, 우대: 경력자 ▶급여: 2,231,100원 (호봉적용) ▶근무지: 남구 용호로160번길 29-4 (용호동) ♧ 부산중장년내일센터 채용대행건으로 051-860-1312 연락 주시면 안내 드리겠습니다.",유치원·어린이집 급식 조리사,-,학력무관,경력,월급 223만원 이상,고용형태,"부산광역시 남구 용호로160번길 29-4, 아이뜰어린이집 (용호동)",1명,2026-09-08 21:01:27
https://www.jobkorea.co.kr/Recruit/GI_Read/5595983/Ext?siteCode=WN&sc=,028508,자동차 부품 품질관리 SQ심사 및 업체 품질 대응 및 납품(주1회) *운전가능자,품질관리 사무원(기계·자동차·금속),-,학력무관,관계없음,월급 300만원 ~ 360만원,고용형태,부산광역시 사하구 다대로354번안길 73 (장림동),1명,2026-09-08 21:01:27
https://www.jobkorea.co.kr/Recruit/GI_Read/5595738/Ext?siteCode=WN&sc=,890000,"선박 및 육상 시트지 및 SIGN물 생산 및 시공 전문 업체 입니다. 직무내용 - 선박(신조선)에 싸인물(안내물) 및 인테리어 시공 초보자도 가능하며, 하나하나 배우면서 자신을 업그레이드 하실 분 구합니다. 초보자 가능 / 출장 가능자 / 운전면허 소지자 / 배울 준비가 되어 있는 사람/이직을 희망하는 사람 *주로 울산(현대중공업/현대미포),거제(삼성중공업),목포(현대삼호중공업)에 출장 작업이므로 출장 가능자 지원바람 저희 회사와 함께 커 가실 분은 누구든지 환영 합니다.",기타 제조 관련 단순 종사원,-,학력무관,관계없음,"연봉 3,000만원 ~ 4,000만원",고용형태,"부산광역시 영도구 해양로87번길 19, 3층 디원코리아 (청학동)",2명,2026-09-08 21:01:28
https://www.jobkorea.co.kr/Recruit/GI_Read/5595575/Ext?siteCode=WN&sc=,890000,"- 근무시간 08:30 ~ 17:30 (잔업 있는 경우 17:30 종료) - 휴게시간 └ 점심시간 11:30 ~ 12:20 └ 휴식 10:00 ~ 10:10, 13:50 ~ 14:00, 15:50 ~ 16:00 - 3개월 계약기간 종료후 정규직 전환 - 업무 내용 └ 사출 부품을 JIG에 조립, 탈거 └ 부품, 완성품을 창고로 이동 및 상하차 지원 업무 └ 제품을 옮기거나 지그를 사용하여야 하는 업무로 기본적인 체력 보유",기타 제조 관련 단순 종사원,-,학력무관,관계없음,"시급 10,500원 이상",고용형태,"부산광역시 사하구 다산로105번길 72, 1층 (다대동)",1명,2026-09-08 21:01:28
https://www.jobkorea.co.kr/Recruit/GI_Read/5595218/Ext?siteCode=WN&sc=,821200,cnc 보링 임가공 기계조작원 및 cnc프레너 조작원(cad. cam가능자 우대),금속가공 기계 조작원,-,학력무관,관계없음,월급 270만원 ~ 400만원,고용형태,"부산광역시 강서구 화전산단6로90번길 6, 두양기계 (화전동)",2명,2026-09-08 21:01:28
https://www.jobkorea.co.kr/Recruit/GI_Read/5600769/Ext?siteCode=WN&sc=,027200,"■ (주)인푸디스코리아 경리 사무원 모집 ㅁ 근무주소 : 기장군 차성서로 77번길 26 ㅁ 모집직종 : 물류 센터 경리사무원 1명 (신입지원가능, 경력자, 컴퓨터(엑셀 등) 능숙자 우대) ㅁ 근무시간 : 주 5일, 평일 08:00 ~ 17:00 (휴게시간 12:00 ~ 13:00) ** 3개월 수습, 업무능력에 따라 상용직 전환 검토 ** ㅁ 급여사항 : 월 230만원 ~ 250만원(협의) ㅁ 복리후생 : 4대보험, 퇴직금 ㅁ 접수방법 : 전화 후 방문, 팩스(051-746-6176) - 이력서, 자기소개서 ㅁ 문의사항 : 051-746-6171",경리 사무원,-,고졸,경력,월급 230만원 ~ 250만원,고용형태,부산광역시 기장군 기장읍 차성서로77번길 26,1명,2026-09-08 21:01:28
https://www.jobkorea.co.kr/Recruit/GI_Read/5600770/Ext?siteCode=WN&sc=,623004,"■ (주)인푸디스코리아 물류 지게차 운전원 모집 ㅁ 근무주소 : 기장군 차성서로 77번길 26 ㅁ 모집직종 : 물류 센터 지게차 상하차 운전원 1명 (신입지원가능, 경력자 우대) ** 지게차 운전 면허 필수** ㅁ 근무시간 : 주 5일, 평일 08:00 ~ 17:00 (휴게시간 12:00 ~ 13:00) ** 3개월 수습, 업무능력에 따라 상용직 전환 검토 ** ㅁ 급여사항 : 월 280만원 ~ 300만원(협의) ㅁ 복리후생 : 4대보험, 퇴직금 ㅁ 접수방법 : 전화 후 방문, 팩스(051-746-6176) - 이력서, 자기소개서 ㅁ 문의사항 : 051-746-6171",지게차 운전원,-,고졸,관계없음,월급 280만원 ~ 300만원,고용형태,부산광역시 기장군 기장읍 차성서로77번길 26,1명,2026-09-08 21:01:29
https://www.jobkorea.co.kr/Recruit/GI_Read/5595081/Ext?siteCode=WN&sc=,232100,어린이집 보육교사 채용 * 자격사항 : 보육교사 2급이상,보육교사,어린이집교사,학력무관,경력,월급 223만원 ~ 240만원,고용형태,"부산광역시 영도구 동삼로 85-9, 꿈동산어린이집 (동삼동)",1명,2026-09-08 21:01:29
https://www.jobkorea.co.kr/Recruit/GI_Read/5593879/Ext?siteCode=WN&sc=,550102,"[주요 업무] 목욕 차량을 이용해 수급자 가정을 방문하여 목욕 서비스 제공 [자격 요건] 요양보호사 자격증 보유하신 분 [우대 사항] 해당 직무 혹은 유사 직무 경험 있으신 분 차량에 대한 이해도가 높으신 분 [추가 안내] 근무형태 : 계약직 최초 3개월 계약(급여 동일) 계약기간 종료 후, 재계약 또는 정규직 전환 검토 처우관련 : 시급 18,300원 근무시간 : 평일 (월~금) 07:00 ~ 16:00 (요일마다 근무일정 상이, 대략 주 30시간 근무)상황에 따라 합류 여정은 변경될 수 있어요. 사회복지사업법, 노인복지법에 의거하여 채용의 결격사유가 없어야 해요.",재가 요양보호사,-,학력무관,관계없음,"시급 18,300원 이상",고용형태,부산광역시 수영구 연수로 342-1 (광안동),1명,2026-09-08 21:01:29
https://www.jobkorea.co.kr/Recruit/GI_Read/5594376/Ext?siteCode=WN&sc=,550102,"♧ 반여4동 요양보호사 구함 -등 급: 3등급 -성 별: 여자어르신 (77세) -근 무 지: 반여1동 왕자맨션 인근 -근무 시간: 오후 2시부터 오후 5시(3시간/주3일) -업 무: 일반적인 요양보호사 업무 -시 급: 13,100원(10,320 + 제세수당 별도) 오랫동안 근무가능한 곳 입니다. 많은 지원바랍니다.",재가 요양보호사,-,학력무관,신입,"시급 10,320원 이상",고용형태,"부산광역시 해운대구 반여로 42, 1 (반여동, 센텀kcc스위첸)",1명,2026-09-08 21:01:29
https://www.jobkorea.co.kr/Recruit/GI_Read/5595085/Ext?siteCode=WN&sc=,531802,"1) 어린이집 급식 조리보조, 배식, 주방 정리 2) 주 14시간, 월 60시간 미만의 초단시간 근로자",유치원·어린이집 급식 조리사,유치원급식조리사,학력무관,관계없음,월급 70만원 이상,고용형태,부산광역시 해운대구 재반로12번길 16 (재송동),1명,2026-09-08 21:01:29
https://www.jobkorea.co.kr/Recruit/GI_Read/5593891/Ext?siteCode=WN&sc=,890000,"★바로 출근 가능자 모집 ■ 업무 : 내솥 임가공 업체로 프레스 가공 라인 작업 &검수 작업 이며, 신체 건강하고 성실하신 분 모집 ■ 버스비 지원 - 우대사항 : 경력직( 프레스, 금형 종사자) 우대 / 관련 업종 경력자(2년이상) 우대/신입도 가능 인근 거주자 및 자차 소유 우대 ■ 큰 기계에 대한 두려움 및 소음에 민감하지 않은자/ 라인작업 ■ 모집인원 : 2명 ■ 특이사항 : 잔업 없이 정시 퇴근, 실업급여 수급을 위한 형식적인 지원 불가합니다.",기타 제조 관련 단순 종사원,-,학력무관,관계없음,"시급 10,320원 ~ 10,320원",고용형태,부산광역시 강서구 과학산단1로 104,2명,2026-09-08 21:01:30
https://www.jobkorea.co.kr/Recruit/GI_Read/5594847/Ext?siteCode=WN&sc=,014300,"골프연습장의 아래의 업무를 담당하실 분 원합니다. 1. 간단한 공무(전등/수전 교체, 간단한 기계조립 및 용접) 2. 나무/조경관리 3. 청소 업무 및 기타 잡무 * 근무시간 05 : 30 ~ 11 : 30(1시간 휴게시간) - 월급 180만원 매주 금요일 휴무(주말로 한번씩 대체 가능/연차 가능) 토/일/공휴일은 6시 출근. * 이력서 정확히 적어서 넣어주세요 * 정관 거주자 우대",환경·청소 및 경비 관련 관리자,-,학력무관,관계없음,월급 180만원 이상,고용형태,"부산광역시 기장군 정관읍 산단로 112, 은아골프연습장",1명,2026-09-08 21:01:30
https://www.jobkorea.co.kr/Recruit/GI_Read/5594478/Ext?siteCode=WN&sc=,232903,"[송정동] 중증 장애인활동지원사 모집 -근무지: 해운대구 송정1로20 (송정1단지 주공아파트) -대상자: 50대 남자/ 독거/ 중증장애인(지체장애) -식사, 가사, 신체 서비스 / 소변줄, 욕창으로 체위변경 필요, 몸닦기 -근무시간: 07:00~21:00 / 휴게시간(15:00~16:00) -주3일(화,목,토), 격주 일요일(월2회) -시급: 13,000원 /유급, 연차수당 별도 -접수방법: 채용담당자 전화 후 방문 접수 -채용담당자: 051-704-7707 -",장애인 생활지도원(장애인활동보조원 포함),장애인활동지원사,학력무관,관계없음,"시급 13,000원 ~ 13,000원",고용형태,"부산광역시 해운대구 송정1로 20, . (송정동, 송정1단지주공아파트)",1명,2026-09-08 21:01:30
https://www.jobkorea.co.kr/Recruit/GI_Read/5594117/Ext?siteCode=WN&sc=,890006,"[모집직무] 식품 가공, 식품 포장 [주요업무] - 신선한 명란젓갈 선별 - 명란젓갈 포장 작업 - 제품 품질 관리 - 작업 환경 청결 유지",식품 분야 단순 종사원,식품분야 단순노무자,학력무관,신입,"시급 10,320원 ~ 10,320원",고용형태,부산광역시 사하구 다대로605번길 9 (다대동),2명,2026-09-08 21:01:30
https://www.jobkorea.co.kr/Recruit/GI_Read/5595083/Ext?siteCode=WN&sc=,823101,열간형 단조회사로써 생산직 단조공 1명을 모집합니다,단조원,수동단조원,학력무관,경력,월급 220만원 이상,고용형태,부산광역시 사하구 다산로208번길 7,1명,2026-09-08 21:01:30
https://www.jobkorea.co.kr/Recruit/GI_Read/5595082/Ext?siteCode=WN&sc=,550102,"1) 근무 시작 : 채용 즉시 2) 근무 일시 : 주5회, 09:00~12:00 (근무시간 협의 가능함) 3) 근무 장소 : 전포동(동성로71번길) 4) 근무 내용 : 가사 및 개인활동 지원 5) 급여(시급제) : 13,000 원(주휴수당 포함) 6) 지원 조건 : 요양보호사 자격증 필수 7) 지원 방법 - 고용24 및 센터로 전화(051-997-0153)",재가 요양보호사,재가요양보호사,학력무관,관계없음,"시급 10,320원 ~ 10,320원",고용형태,"부산광역시 부산진구 동성로71번길 10, 빌라 (전포동, 삼진목화빌라)",1명,2026-09-08 21:01:30
https://www.jobkorea.co.kr/Recruit/GI_Read/5596143/Ext?siteCode=WN&sc=,561100,"지원 문의 : 051-610-4833 / 지원 이메일 korea0160@korea.kr / 팩스 051-627-1919 --------------------------------- ✔ 근무지 : 부산시 수영구 광안해변로 183 , 게스 후 호텔 ✅ 모집직무 : 주간 퍼블릭 (미화) ✅ 모집인원 : 1명 ✅ 직무내용 : 호텔 공용시설 및 업장 미화 등 업무 ✅ 지원자격 : 경력 무관 ✅ 임 금 : 월급 240만원 ✅ 근무시간 : 06:30 ~ 16:30 주5일 (월~금) ----------------------------------------------- ✅ 모집인원 : 조조 미화 보조1명 ✅ 직무내용 : 호텔 공용시설 및 업장 미화 등 업무 ✅ 지원자격 : 경력 무관 ✅ 임 금 : 월급 120만원 ✅ 근무시간 : 06:30 ~ 11:00 (근무 4시간 -휴게 30분) 주5일 (월~금)",건물 청소원,-,학력무관,관계없음,월급 240만원 이상,고용형태,"부산광역시 수영구 광안해변로 183, . (광안동)",2명,2026-09-08 21:01:31
https://www.jobkorea.co.kr/Recruit/GI_Read/5595328/Ext?siteCode=WN&sc=,623004,"지게차 및 45톤 리치스태커 기사님 (경력직) 모집 - (4.5t, 7t, 16t) 지게차와 (45t) 리치스태커 - 상하차, 적재 및 지게차로 컨테이너 적출입 작업 - 근무시간 : 9시 ~ 6시 - 근무일 : 월~금 (격주 토요일 근무) - 근로계약 : 3개월 계약직 (수습기간) 후 협의해서 정규직 전환 검토합니다. - 급여 : 280만 ~ 350만 (경력에 따라 상담 후 협의 가능)",지게차 운전원,지게차운전원,학력무관,경력,월급 280만원 ~ 350만원,고용형태,"부산광역시 강서구 가달2로16번길 12, (주)부강에너지 부강물류 (생곡동)",1명,2026-09-08 21:01:31
https://www.jobkorea.co.kr/Recruit/GI_Read/5594115/Ext?siteCode=WN&sc=,158400,"부산신항 BCT 터미널 내에서 안전관리자(팀장) 업무 수행 산업안전기사 및 가스산업기사 자격 보유자 안전관리 관련업무 유경험자 우대 엑셀 가능자 운전가능자 제시된 임금에 식대 포함되어 있습니다. * 근무지 위치, 교통편 확인하시고 면접 후 해당업체 출근, 취업의사 있는 분들만 고용24 접수 부탁드립니다. - 지원방법 : 고용24 회원가입-로그인-구직신청(경력 및 자격증, 사진, 자기소개서 등록 등)-구인공고 화면- [입사지원] 클릭하기",산업안전 및 산업위험 관리 기술자,-,학력무관,관계없음,"연봉 4,440만원 ~ 4,700만원",고용형태,"부산광역시 강서구 신항남로 588-1, 부산컨테이너터미널 (성북동)",1명,2026-09-08 21:01:31
https://www.jobkorea.co.kr/Recruit/GI_Read/5595389/Ext?siteCode=WN&sc=,813201,"[모집직무] CNC 선반 조작원(NC 선반 조작원), CNC 밀링기 조작원(NC 밀링기 조작원) [직무소개] 우리 회사는 다양한 산업 분야에 필요한 정밀 기계 부품 제작을 전문으로 하는 기업입니다. 당사는 CNC 선반 조작 기술력을 갖춘 인재를 채용하고자 합니다. [주요업무] - CNC 선반 기계를 이용하여 작업물을 제작하고 가공합니다. - 작업 계획서를 참고하여 정밀하게 작업을 수행합니다. - 작업 중 발생할 수 있는 문제점을 해결하고 작업 효율을 높입니다. - 기계 및 작업 장비의 상태를 점검하고 관리합니다.",CNC 선반 조작원(NC 선반 조작원),-,학력무관,경력,"시급 10,320원 ~ 10,320원",고용형태,"부산광역시 사상구 사상로402번길 40 (덕포동, 수민정공)",1명,2026-09-08 21:01:31
https://www.jobkorea.co.kr/Recruit/GI_Read/5595589/Ext?siteCode=WN&sc=,028500,"근무 내용 : 자동차 플라스틱 사출 품질 관리원 ( 검사, 측정, 서류 ) 근무 시간 : 09:00~ 18:00 중식 시간 : 12:30~13:30 검사원 경력 우대, 기초 문서 작성 관리 가능자 우대",생산 및 품질관리 사무원,품질계획사무원,학력무관,경력,"시급 10,320원 ~ 10,350원",고용형태,부산광역시 강서구 녹산산업중로 247 (송정동),1명,2026-09-08 21:01:32
https://www.jobkorea.co.kr/Recruit/GI_Read/5595058/Ext?siteCode=WN&sc=,862301,"[에어백 제조업체]재봉 미싱 경력자 모집 -에어백 원단 미싱작업 -재봉 미싱 경력자 필수 -근무시간 : 주5일, 8:20-17:00(휴게 12:30-13:10) *업무량에 따라 잔업발생가능 -급여: 시급 10,320원 (3개월 계약, 만료 후 정규전환 가능) -금정구 회동동(회동석대 산업단지)",재봉사(의류·직물),직물재봉사,학력무관,경력,"시급 10,320원 ~ 10,320원",고용형태,부산광역시 금정구 개좌로 260 (회동동),1명,2026-09-08 21:01:32
https://www.jobkorea.co.kr/Recruit/GI_Read/5595334/Ext?siteCode=WN&sc=,816100,"[모집직무] 배관 작업, 벨브 조립, 현장 업무 [직무소개] 우리 회사는 지구 온난화 해결을 위해 배기가스 저감 제품을 생산합니다. 이 자리에 채용되는 분은 조선 Unit 배관 작업을 담당하여 친환경적인 미래를 함께 만들어가세요. [주요업무] - 조선 Unit 배관 작업 - 조선 기자재 탭, 벨브 및 유사 장치 조립 - 작업 공정의 품질 관리 - 안전 작업 절차 준수",일반기계 조립원,-,학력무관,관계없음,"연봉 3,200만원 이상",고용형태,부산광역시 강서구 미음산단2로24번길 47 (구랑동),1명,2026-09-08 21:01:32
https://www.jobkorea.co.kr/Recruit/GI_Read/5595781/Ext?siteCode=WN&sc=,813204,범용 밀링(6호) 및 레디알 조작원 1)기계부품을 가공하는 기계로써 간단한 면삭 가능및 레디알 조작 가능 기능원,범용 밀링기조작원,-,학력무관,경력,"연봉 3,800만원 이상",고용형태,부산광역시 강서구 미음국제2로 110 (미음동),1명,2026-09-08 21:01:33
https://www.jobkorea.co.kr/Recruit/GI_Read/5596121/Ext?siteCode=WN&sc=,823300,"1) 모집직종: 주조원 5명 / - 1톤/2톤 고주파 전기용해로 - 고철 / 합금철 장입작업 2) 경력및 학력: 관계없음 (신입지원가능) 3) 근무시간: (주간) 08:00~17:00/ 특근 (토) 08:00~17:00 / 잔업시 20:00까지 4) 임금: 시급 10,320원, 3개월 후 조정 4) 지원방법: 워크넷/ 방문/전화",주조원,-,학력무관,경력,"시급 10,320원 이상",고용형태,부산광역시 사하구 다산로 125 (다대동),5명,2026-09-08 21:01:33
https://www.jobkorea.co.kr/Recruit/GI_Read/5595327/Ext?siteCode=WN&sc=,028900,"주업무는 지게차 (4.5t, 7t, 16t)로 컨테이너 적출입 작업입니다. 보세업무는 아주 소량이나, 보세사 자격증 있으신 분 구인합니다. (필수) 창고물량 영업가능하시면 우대 합니다. (별도 영업 인센티브 있음) - 시간 : 9시 ~ 6시 - 근무일 : 월~금 (격주 토요일 근무) - 근로계약 : 3개월 계약직 (수습기간) 후 정규직 전환 검토합니다. - 급여 : 280만 ~ 400만 (경력에 따라 상담 후 협의 가능)",기타 운송 및 무역 사무원,-,학력무관,경력,월급 280만원 ~ 400만원,고용형태,"부산광역시 강서구 가달2로16번길 12, (주)부강에너지 부강물류 (생곡동)",1명,2026-09-08 21:01:33
https://www.jobkorea.co.kr/Recruit/GI_Read/5595301/Ext?siteCode=WN&sc=,550102,"[명장동] 재가요양보호사 구인 -대상자 : 2등급 여자어르신 (84세, 따님동거하나 출근) -직무내용 : 식사 도움, 정서지원, 운동도움, 휠체어 이동, 화장실로 이동가능 등 -근무지 : 동래구 명안로 72번길 (무지개타운 근처) -근무시간 : 월,수,금,토 08:30~11:30 / 화 08:30~13:30 / 목 08:30~16:00 (주6일, 주24시간) -시급 : 13,000원(수당포함시), 중증수당 1일 3천원 추가 -지원 방법 : 전화 접수 후 대면 면접 진행 -채용 담당자: 박선미 (055-313-2296)",재가 요양보호사,-,학력무관,관계없음,"시급 10,320원 ~ 13,000원",고용형태,"부산광역시 동래구 명안로72번길 34, 인근 (명장동, 무지개타운)",1명,2026-09-08 21:01:33
https://www.jobkorea.co.kr/Recruit/GI_Read/5595734/Ext?siteCode=WN&sc=,027102,1. 경력 : 2년 이상(법인 결산 및 개인조정 경험자) 2.. 근무시간: 오전9시 - 18시 (하반기 8월-12월 17시 퇴근) ♧ 부산고용센터 채용대행입니다. 국민취업제도나 실업급여수급을 목적으로한 형식적인 입사지원은 자제해주시고 구직신청 후 고용24지원 하시면 사업체 인사담당자에게 전달해드립니다.,회계 사무원(회계·세무 사무소),회계사무원(회계사무소),학력무관,경력,"연봉 3,200만원 ~ 3,400만원",고용형태,"부산광역시 부산진구 연수로 4-1 (양정동, 양정빌딩)",1명,2026-09-08 21:01:33
https://www.jobkorea.co.kr/Recruit/GI_Read/5595382/Ext?siteCode=WN&sc=,532300,"<리노공업 구내식당 파트 조리원 구함> * 조리사 자격증 무관 / 일요일 근무 가능하신 분* - 근무시간 09:30~14:30 - 4시간30분 근무, 휴게시간 30분 - 주6일근무 / 주 1회 휴무 - 업무 : 주방보조 / 전처리 / 세척 / 배식 등 - 월 급여 약 152만 * 4대보험/연차/퇴직금/경조사비/식사 제공 * 근무지 : 부산 강서구 미음산단로105번길 10 리노공업 --제출서류 : 이력서 --접수방법 : 고용24 입사지원 ※실업급여 수급 목적을 위한 입사지원은 삼가해 주시기 바랍니다 ※",주방 보조원,-,학력무관,신입,"시급 10,400원 이상",고용형태,"부산광역시 강서구 미음산단로105번길 10, 리노공업 (구랑동)",6명,2026-09-08 21:01:34
https://www.jobkorea.co.kr/Recruit/GI_Read/5596111/Ext?siteCode=WN&sc=,706000,"1. 근무장소 : 부산광역시 서구 , 사하구 일대 관급공사현장 2. 근무내용 : - 오수관로시공 및 도로굴착공사 현장 보조원 (신호수 아님) - 작업장 주변정리 및 자재운반 - 1톤 화물스틱차량 운전 등 - 주5일 또는 주6일(토요일 탄력근무) 3. 단가 : 일15만~17만 (경력에 따라 차등지급) 4. 현장사무실 : 구평동 493-1 5. 추가안내사항 : - 1종 보통 스틱 운전가능한분 - 시간 약속 잘 지키는 성실한 분 - 직무전환을 희망하시는 퇴직중장년 연락환영 - 단순업무를 통한 안정적 급여를 희망하시는 분 연락환영 6. 면접장소: 본사 또는 구평동 현장사무실 입니다.",건설 및 광업 단순 종사원,-,학력무관,관계없음,"일급 150,000원 ~ 170,000원",고용형태,부산광역시 사하구 감천항로 509 (구평동),1명,2026-09-08 21:01:34
https://www.jobkorea.co.kr/Recruit/GI_Read/5592329/Ext?siteCode=WN&sc=,706000,"건설현장 반장 (현장 운영&관리 및 바로 현장근무 할 수 있는 인재) - 안전시설물 설치, 해체 경험자 우대 - 건설현장 경력 및 경험자 우대 - 현장 전반적인 업무 능숙하게 처리 가능자 - 시공 전 준비 / 자재관리 / 현장 관리 및 인력관리 업무 - 성실하고 현장에 대해 책임감이 강한 분 * 4대보험 (건강보험,연금보험,고용보험,산재보험) * 식대, 경비 * 월 330~380 (경력에 따른 협의)",건설 및 광업 단순 종사원,-,학력무관,관계없음,월급 330만원 ~ 380만원,고용형태,부산광역시 동래구 쇠미로 117 (사직동),1명,2026-09-08 21:01:34
https://www.jobkorea.co.kr/Recruit/GI_Read/5594848/Ext?siteCode=WN&sc=,890006,"[모집직무] 생산직, 포장 작업, 육가공, 식품 생산, 라인 작업 [직무소개] 우리 회사는 품질 높은 육가공 식품을 생산하여 소비자들에게 제공하는 육류가공 식품 회사입니다. 이번 채용은 육가공 제품 생산과 포장 작업을 책임지는 생산직을 찾고 있습니다. [주요업무] - 육가공 제품 생산 라인 작업 - 제품 포장 및 라벨링 - 생산 공정에서 안전 및 위생 관리 - 생산 계획에 따라 작업 수행 - 작업장 청소 및 정리 [지원사항] 식사제공, 유니폼 제공",식품 분야 단순 종사원,식품분야 단순노무자,학력무관,관계없음,월급 215만원 이상,고용형태,"부산광역시 기장군 기장읍 차성로365번길 30, 다이닝푸드",3명,2026-09-08 21:01:34
https://www.jobkorea.co.kr/Recruit/GI_Read/5592833/Ext?siteCode=WN&sc=,550101,"직무내용 ※ 대상자 - 독거 / 여자 어르신 (4등급) ※ 근무 장소 - 부산진구 부산시민공원 인근 아파트 ※ 업무 내용 - 가사지원, 정서지원 등 인지양호함. ※ 근무 조건 - 주3일 (월요일, 수요일, 금요일 08:00~11:00) ※ 시급 - 13,000원 (제세공과금 포함)",요양보호사(노인요양사),요양보호사,학력무관,신입,"시급 10,320원 ~ 13,000원",고용형태,"부산광역시 부산진구 동평로291번길 18, 2층 (연지동, 일화아트빌라)",1명,2026-09-08 21:01:34
https://www.jobkorea.co.kr/Recruit/GI_Read/5592194/Ext?siteCode=WN&sc=,028508,"파이프 생산 업체 품질보증팀 - 품질보증 업무 전반, 고객사 응대 - 자동차 운전면허 필수",품질관리 사무원(기계·자동차·금속),-,대졸(2~3년)~대졸(4년),경력,"연봉 4,200만원 ~ 4,500만원",고용형태,부산광역시 사하구 다산로 74 (다대동),1명,2026-09-08 21:01:35
https://www.jobkorea.co.kr/Recruit/GI_Read/5591537/Ext?siteCode=WN&sc=,159103,"* 조선기자재 도장기기 생산 업체 - CAD활용가능자, 자재구매 업무 - 경력 5년 이상 우대 - 임금: 연봉 4000만원 - 주5일/ 08:30~18:00 * 방문접수 시 담당자 연락 후 접수 바랍니다.",기계·금속 제도사(캐드원),기계제도사,대졸(2~3년)~대졸(4년),경력,"연봉 4,000만원 이상",고용형태,"부산광역시 사상구 대동로 303, 부산디지털밸리 106호 (감전동)",1명,2026-09-08 21:01:35
https://www.jobkorea.co.kr/Recruit/GI_Read/5592842/Ext?siteCode=WN&sc=,813210,"* 머시닝 센터를 조작하여 공작기계부품, 방산품 가공생산 - 5년이상 경력자 지원가능",머시닝센터(MCT) 조작원,-,학력무관,경력,"시급 16,000원 이상",고용형태,"부산광역시 강서구 미음국제5로마길 35, 코스텍 (미음동)",1명,2026-09-08 21:01:35
https://www.jobkorea.co.kr/Recruit/GI_Read/5592432/Ext?siteCode=WN&sc=,550101,1. 어르신 모셔다 드리기(송영도움) 2. 어르신 돌봐드리기(활동 시 옆에서 도움 드리기) 그 외 주간보호 요양보호사 근무 * 스케줄제 근무로 토요일 근무 가능자 (토요일 근무시 평일휴무 합니다.) * 운전 필수(운전 가능자) *지원방법: 고용24 입사지원 *이메일 지원 시 메일 제목: <주간보호센터 요양보호사 지원자 OOO입니다.>필히 작성 요망! ※구직활동만을 위한 형식적인 지원자는 사양합니다. 실제 근무가능하신 분만 지원 바랍니다.,요양보호사(노인요양사),요양보호사,학력무관,관계없음,월급 215만원 ~ 215만원,고용형태,"부산광역시 중구 흑교로 55 (보수동2가, 보수동 한웅베어스)",1명,2026-09-08 21:01:35
https://www.jobkorea.co.kr/Recruit/GI_Read/5592849/Ext?siteCode=WN&sc=,550102,"대상자 : 4등급 여자 어르신 독거/ 고양이 키우심 근무지 : 초읍대진아파트 직무 내용 : 가사 활동 및 일상 생활 지원 근무 형태 : 주 3일/오전9시~12시나 10시~ 13시 가능함 시급 :14,100(제세 수당 포함) **051-515-9990",재가 요양보호사,재가요양보호사,학력무관,관계없음,"시급 10,320원 ~ 14,100원",고용형태,"부산광역시 부산진구 성지곡로 60, 1 (초읍동, 초읍대진아파트)",1명,2026-09-08 21:01:35
https://www.jobkorea.co.kr/Recruit/GI_Read/5595974/Ext?siteCode=WN&sc=,231101,"□ 모집 분야: 장애인 주간활동서비스사업 전담인력 1명 □ 자격 요건: 사회복지사 자격증 필수, 운전면허 1종 필수(스타렉스 운전가능자) 한글/엑셀 등 기본 문서 작성 가능자 □ 접수 기간: 2026. 08. 27. ~ 채용 시까지 (적격자 채용 시 조기 마감) □ 접수 방법: 이메일(gijangcil@daum.net) 또는 방문 접수 □ 문의 사항: 051-724-0332 (담당자: 허도경) ※ 근무 조건, 제출 서류 및 상세 전형 일정은 첨부파일(채용 공고문)을 확인해 주시기 바랍니다.",사회복지사(사회복지시설),-,학력무관,신입,월급 228만원 이상,고용형태,"부산광역시 기장군 기장읍 차성동로116번길 2, 2층 기장장애인자립생활센터",1명,2026-09-08 21:01:35
https://www.jobkorea.co.kr/Recruit/GI_Read/5592264/Ext?siteCode=WN&sc=,813210,"* MCT(머시닝센터)를 이용한 제품의 가공 외 제반 업무. (MCT 프로그래밍, 가공 등 업무) * 제품을 옮기는 일이 포함돼 있어, 신체 건강하신 분이셨으면 합니다. * 경력 직원의 경우 - 경력, 숙련도에 따라 임금 차등 지급.",머시닝센터(MCT) 조작원,머시닝가공원,고졸,경력,월급 340만원 이상,고용형태,"부산광역시 강서구 미음산단1로15번길 59, (구랑동) 신우",1명,2026-09-08 21:01:36
https://www.jobkorea.co.kr/Recruit/GI_Read/5592753/Ext?siteCode=WN&sc=,883300,"원남목재수출포장은 부산경남권의 수출업체 중심으로 포스코 두산중공업 한국타이어에 등록된 업체로서 25년간 꾸준히 성장해 온 회사입니다 작지만 강한 회사로 자부심을 느끼며 2000평 야드와 휴게실, 정원 등 직원 복지에 최선을 다하는 회사입니다. [강서구 죽동동]생산직 채용 -수출용 목재 박스 제작회사 -재단, 목재포장 등의 업무 -신입가능, 운전가능자 필수 -월~금, 8:00-17:10(휴게포함) -월 250~300만원 (경력자 협의) -퇴직연금, 명절상여, 인센티브, 휴가비 등 -강서구 죽동동 금천마을",목제품 제조 관련 종사원,-,고졸~대졸(4년),신입,월급 250만원 ~ 300만원,고용형태,"부산광역시 강서구 봉죽길482번길 296, 원남목재수출포장 (죽동동)",2명,2026-09-08 21:01:36
https://www.jobkorea.co.kr/Recruit/GI_Read/5592444/Ext?siteCode=WN&sc=,813201,"* CNC를 이용한 제품의 가공 외 제반 업무 (CNC 프로그래밍, 가공 등 업무) * 제품을 옮기는 일이 포함돼 있어, 신체 건강하신 분이셨으면 합니다. * 경력 직원의 경우 - 경력, 숙련도에 따라 임금 차등 지급.",CNC 선반 조작원(NC 선반 조작원),CNC lath가공원,고졸,경력,월급 340만원 이상,고용형태,"부산광역시 강서구 미음산단1로15번길 59, (구랑동) 신우",1명,2026-09-08 21:01:36
https://www.jobkorea.co.kr/Recruit/GI_Read/5592000/Ext?siteCode=WN&sc=,159103,[모집직무] 기계 캐드원 [직무소개] 효율적인 도면 제작 및 관리 및 현장 관리를 담당합니다. [주요업무] - 도면의 생성 및 수정 - CAD 시스템을 활용한 도면 관리 및 보관 - 현장 상황 점검 및 도면에 반영 -------------------,기계·금속 제도사(캐드원),기계제도사,학력무관,신입,월급 270만원 ~ 270만원,고용형태,"부산광역시 기장군 장안읍 장안산단2로 29, 네가트론 (장안산업단지)",2명,2026-09-08 21:01:36
https://www.jobkorea.co.kr/Recruit/GI_Read/5592001/Ext?siteCode=WN&sc=,890001,당사는 경판 제작업체로 아래 직무분야 근무할 직원 을 모집합니다. -사상작업 그라인더로 제품 표면 그라이너 직원 -프레스 조작원 유압프레스 작동 보조원,기계·금속 분야 단순 종사원,기계분야 단순노무자,학력무관,관계없음,"일급 83,000원 ~ 100,000원",고용형태,"부산광역시 강서구 녹산산업중로 45, (송정동)",2명,2026-09-08 21:01:36
https://www.jobkorea.co.kr/Recruit/GI_Read/5592805/Ext?siteCode=WN&sc=,550102,"1. 공고기간 : 2026.08.26.(수)∼2026.09.02.(수) 오후 1시/7일간 2. 모집인원 : 요양보호사 1명 3. 자격요건 : 요양보호사 자격증 4. 서류접수기간 : 2026.08.26.(수)∼2026.09.02.(수) 오후 1시/7일간 5. 제출서류 : 응시지원서, 자기소개서, 개인정보활용동의서, 자격증 사본, 특수관계 ​부존재 각서 6. 서류접수방법 : 방문, 우편 접수 7. 면접전형 : 1차 서류면접 통과자에 한하여 면접심사 실시 8. 시급 : 13,500원 <이용자상태> 1. 5등급 / 70대(여) / 주 5회 근무(월-금), 12:00-15:00 - 근무지 : 부산광역시 동구 수정공원로 105 - 업무 : 인지지원활동, 가사지원활동, 병원동행 등",재가 요양보호사,재가요양보호사,학력무관,관계없음,"시급 10,320원 이상",고용형태,부산광역시 동구 수정공원로 105 (수정동),1명,2026-09-08 21:01:36
https://www.jobkorea.co.kr/Recruit/GI_Read/5592586/Ext?siteCode=WN&sc=,890001,"[미음동]단순노무 생산직 사원 모집 -비철금속, 동스크랩업체 -호이스트 작동 시 마대를 고리에 걸어주거나, 제품선별작업, 기계의 주변정리 등 단순노무직 -동(고철)에 유경험자 우대, 1톤트럭 운행가능자 필수 -주5일, 8시~17시(휴게포함) -월급여 270~280만원, 식사제공, 퇴직금별도 -근무지 특성상 자차 출퇴근 가능하신분 우대 -강서구 미음동 (DSK인근)",기계·금속 분야 단순 종사원,-,학력무관,신입,월급 270만원 ~ 280만원,고용형태,"부산광역시 강서구 미음산단로 364, 미음동1543-5",1명,2026-09-08 21:01:37
https://www.jobkorea.co.kr/Recruit/GI_Read/5592014/Ext?siteCode=WN&sc=,028500,"당사는 떡 제조업체이며 소규모 해썹 운영중입니다. 해썹 관련하여 서류 작성 및 현장 관리 , 품질관리업무 직원 모집합니다. HACCP연장심사 및 AUDIT 경험자 우대 기타 품질관리 및 공장 운영관련 사무업무 지원(ERP사용 가능자 우대) * HACCP 업무 가능자, 식품 관련 전공자 또는 식품위생 관련 자격증 소지자 또는 식품업체 품질관리업무 경력자 등 식품 품질관리 업무 가능자만 지원 바랍니다. *식품관련학과, HACCP팀장과정 이수자",생산 및 품질관리 사무원,공정관리기술자,학력무관,경력,월급 260만원 이상,고용형태,부산광역시 사하구 다대로 284 (장림동),1명,2026-09-08 21:01:37
https://www.jobkorea.co.kr/Recruit/GI_Read/5592641/Ext?siteCode=WN&sc=,542000,"✔(경비이수증 필수) 범천동 소재 웨딩홀 보안원 모집 - 직무내용 : 웨딩홀 내 보안 업무 - 근무시간 : 3교대 (주간2-야간2-비번2) 주간 07:00~19:00, 야간 19:00~익일 07:00 -휴게시간 : 주간 11:30~12:30, 야간 23:00~익일 05:00 - 급여 : 월급 2,262,379원 - 경비이수증 필수입니다. ✔신임교육 이수 확인증, 배치폐지 확인증, 현재배치여부 확인증 필수 ✔ 팩스로 서류제출시 지원하는곳 꼭 기재바랍니다. ✔ 해당 구인은 용역회사 고용이며 담당자 약속없이 근무장소로 찾아가는 일이 없도록하여 주시기 바랍니다 ✔ 근무장소로 전화 혹은 방문시 채용에 불이익이 있을 수 있습니다.",건물 관리원,-,학력무관,관계없음,월급 226만원 ~ 226만원,고용형태,부산광역시 부산진구 자유평화로 11 (범천동),1명,2026-09-08 21:01:37
https://www.jobkorea.co.kr/Recruit/GI_Read/5591556/Ext?siteCode=WN&sc=,231101,"1. 업무내용 ◇ 요양원 시설전반에 대한 업무 ◇ 장기요양평가준비 ★평가관련 유 경험자 우대★ ◇ 사회복지사 서류 업무 ◇ 수급자 서류 관리 및 입퇴소 관리 ◇ 프로그램 계획 및 진행,평가 ◇ 직원관리 ◇ 그 밖의 기타 서류 및 업무 2. 근무조건 ◇ 근무조건 : 09:00~18:00 (휴게시간 1시간) 근무표에 따른 주5일 근무 ◇ 지원자격 : 사회복지사자격증 소지자, 실제운전가능자 ◇ 지원방법 : 고용24 구직등록 후 이력서를 고용24 입사지원 클릭 3. 자격조건 가. 필수사항 1) 사회복지사 자격증 소지자 2) 실운전가능자 나. 공통사항 1) 범죄 및 성폭력 조회 시 결격사유가 없는 자 2) 노인 학대 관련 범죄 조회 시 결격사유가 없는 자 4. 제출서류 1) 이력서 (사진부착) 2) 관련 자격증 사본 1부 3) 최종 합격자는 추후 추가 서류 제출 5. 실업자 및 청년가능 ★ 실제 면접 및 취업의사 있으신 분 지원바랍니다.(형식적 구직활동 금지) ★ 급여는 경력에 따라 협의 ★ 제출된 서류는 채용절차의 공정화에 대한 법률 제11조에 의거하여 14일 이내 본인의 청구가 없으면 반환하지 않으며, 지체 없이 파기합니다.",사회복지사(사회복지시설),"사회복지사(사회복지시설, 노인복지시설, 장애인복지시설 등)",학력무관,신입,월급 220만원 이상,고용형태,부산광역시 기장군 기장읍 차성로 260,1명,2026-09-08 21:01:37
https://www.jobkorea.co.kr/Recruit/GI_Read/5592817/Ext?siteCode=WN&sc=,532301,"육식사관학교 부평점 주간 관리직원 모집합니다 월화수목 주4일 근무 주업무는 설거지 배달음식조리 재료준비 전화응대 등 입니다 인근거주자 및 보건증 소지자, 관련직종 경력자 우대합니다 3개월간 수습기간이나 급여는 100%지급합니다 시간이나 요일은 상황에 따라 조율가능합니다",주방 보조원(일반 음식점),주방보조원,학력무관,신입,"시급 11,000원 ~ 11,000원",고용형태,"부산광역시 중구 흑교로 71-2, 육식사관학교 (보수동2가)",2명,2026-09-08 21:01:37
https://www.jobkorea.co.kr/Recruit/GI_Read/5592784/Ext?siteCode=WN&sc=,550102,"여자 어르신 4등급 (만 83세) 가사 일상 및 신체 활동 지원 주 3회( 화, 목, 토 ) 시간: 오후 17시10분 ~ 19시10분 (2시간) 사시는 곳 : 사하구 오작로 166번길 시급 : 13,200원 (주휴 수당+연차 수당 포함된 금액)",재가 요양보호사,재가노인요양사,학력무관,관계없음,"시급 10,320원 이상",고용형태,부산광역시 사하구 오작로166번길 11 (괴정동),1명,2026-09-08 21:01:37
https://www.jobkorea.co.kr/Recruit/GI_Read/5601775/Ext?siteCode=WN&sc=,821200,"스텐렌스 슬리팅 및 면취 보조 기사, 포장, 입출고 외 경력자 우대 호이스트 경력자 우대",금속가공 기계 조작원,-,고졸~대졸(4년),관계없음,"연봉 3,510만원 이상",고용형태,"부산광역시 사상구 강변대로532번길 17-49, 4동 26호 (엄궁동)",2명,2026-09-08 21:01:38
https://www.jobkorea.co.kr/Recruit/GI_Read/5591520/Ext?siteCode=WN&sc=,550102,"[부곡동]재가요양보호사 -4등급 80대 초반 여자어르신, 독거 -관절 통증으로 활동 시 도움 필요함. -근무내용: 신체활동지원(안약포함 약제관리, 식단관리), 정서지원, 가사일상생활 -근무시간: 주 3회 (화,수,금) 09~12시 방문 3시간 근무 -시급: 10,320원(제세수당 별도 지급)",재가 요양보호사,재가요양보호사,학력무관,관계없음,"시급 10,320원 ~ 10,320원",고용형태,"부산광역시 금정구 동현로47번길 28, . (부곡동, 부광맨션)",1명,2026-09-08 21:01:38
https://www.jobkorea.co.kr/Recruit/GI_Read/5592483/Ext?siteCode=WN&sc=,890000,조선기자재 업체로 sus제품 단순 사상공을 모집합니다.,기타 제조 관련 단순 종사원,-,학력무관,관계없음,월급 330만원 ~ 330만원,고용형태,부산광역시 강서구 녹산화전로 23 (송정동),1명,2026-09-08 21:01:38
https://www.jobkorea.co.kr/Recruit/GI_Read/5592863/Ext?siteCode=WN&sc=,852103,고무프레스 작업 더보기,고무 프레스기 조작원,고무유압프레스기조작원,학력무관,관계없음,"시급 10,320원 이상",고용형태,"부산광역시 강서구 녹산산단262로13번길 36, 송정동",2명,2026-09-08 21:01:38
https://www.jobkorea.co.kr/Recruit/GI_Read/5593038/Ext?siteCode=WN&sc=,550102,"요양보호사 모집합니다. 근무장소 : 북구 효열로 76 요일 : 월,수,금(주3회) 주휴수당 등 발생 시 별도 지급합니다. 시간 : 오전 9시~12시(시간조율가능) 바우처입니다. 등급 없습니다. 여자분입니다.",재가 요양보호사,재가요양보호사,학력무관,관계없음,"시급 10,320원 ~ 10,320원",고용형태,"부산광역시 북구 효열로 76, 407 (금곡동, 금곡4단지주공아파트)",1명,2026-09-08 21:01:38
https://www.jobkorea.co.kr/Recruit/GI_Read/5592902/Ext?siteCode=WN&sc=,550102,"[수영구 민락동] 재가요양보호사 구인 * 대 상 자 : 4등급 할아버지 / 86세 / 빌라 * 직무내용 : 신체활동지원, 정서지원, 가사 및 일상생활지원 * 근무시간 : 오전 9:00 ~ 12:00 (주5회 - 월~금) / 오후로 근무시간변경 가능. * 포괄시급 13,000원 (제세수당 포함) * 채용담당자 : 051-701-5333 (통화 후 방문)",재가 요양보호사,재가요양보호사,학력무관,관계없음,"시급 10,320원 이상",고용형태,"부산광역시 수영구 광남로 262, 민락동 (민락동, 대유빌아트)",1명,2026-09-08 21:01:38
https://www.jobkorea.co.kr/Recruit/GI_Read/5592980/Ext?siteCode=WN&sc=,890000,"“ 오복전기는 1979년 이래로 변압기와 부스덕트 설계 및 제작을 전문으로 해오고 있으며, 오랜 경험을 바탕으로 최고의 제품을 생산, 공급합니다. ” ▶모집직종: 생산직 종사원 (변압기 단순 조립) 무게감이 있어 10kg 내외 드는힘이 가능한자. ▶모집인원: 10명 ▶근무지: 강서구 송정동 ▶근무시간: 08:00 ~ 18:00 (휴게시간 12시~13시) ▶급여: 시급 11,000원 (경력직 우대 - 임금 협의 가능)",기타 제조 관련 단순 종사원,-,학력무관,관계없음,"시급 11,000원 이상",고용형태,"부산광역시 강서구 녹산산단261로 48, (주)오복전기 (송정동)",10명,2026-09-08 21:01:38
https://www.jobkorea.co.kr/Recruit/GI_Read/5591534/Ext?siteCode=WN&sc=,028408,"• 종합보세구역의 영업용 보세창고 입니다. • 사무실 정직원으로써 수,출입업무 및 보세화물 취급서류관리를 하는 일입니다. • 영업관리팀에서 함께 할 업무입니다. - 함께하면 받는 혜택 및 복지 • 월급 외 식비(월30만원) 별도 지급 • 명절 및 근로자의날 직원 선물 증정 • 전국 한화리조트 회원권 이용 • 년차 수당 • 생일날 선물 • 하계 휴가 • 경조금 • 자녀 돌잔치 선물 증정 • 가족수당 지급 • 회사 창립기념일 휴무(휴일수당지급) • 진급시 진급수당 • 근무복 지원 - 이런 분을 찾고 있습니다. • 경력은 무관하며 성실하고 일에 대한 책임감이 있는 사람을 원합니다. • 기억력이 좋으신 분이 유리 할 수 있는 직업입니다. - 기타 안내사항 - 이력서 및 자기소개서 제출 (자기소개서 중요!) - 우대사항 • 인근거주자 • 장기근무 가능자 • 보세사 자격증 소유자 (보세사자격증이 없으면 취득할수 있도록 회사지원) • 이력서 허위 작성 및 기타 부정 입사 처리 발견 시 입사 취소 처리 될 수 있습니다. - 함께하기 위한 방법 • 접수기간 : 2026년 08월 05일(수) 10시 00분 ~ 채용시 마감 • 접수방법 : 고용24 입사지원 - 함께하기 위한 여정 • 서류전형 • 1차면접 • 임원면접 • 최종합격 ※ 경력무관(신입지원가능)-자기소개서 첨부",물류 사무원(물류 관리사),물류기획사무원,학력무관,관계없음,"연봉 2,800만원 ~ 2,900만원",고용형태,부산광역시 서구 원양로 73 (암남동),1명,2026-09-08 21:01:39
https://www.jobkorea.co.kr/Recruit/GI_Read/5592786/Ext?siteCode=WN&sc=,561101,"깨끗하고 쾌적한 환경을 함께 만들어 주실 미화담당 계약직직원을 모집합니다. 모집직종: 미화담당 고용형태: 3개월 시용기간 후 1년 계약직 (추후 계약연장가능) 담당업무 건물 및 시설 내·외부 청소 사무실, 복도, 화장실 등 공용공간 청소 쓰레기 및 재활용품 정리 청소용품 관리 및 청결상태 점검 기타 시설 환경관리에 필요한 업무 지원자격 성실하고 책임감 있게 근무하실 분 운전가능자 우대 미화업무 경력자 우대","건물 청소원(공공건물,아파트,사무실,병원,상가,공장 등)",공장청소원,학력무관,경력,"시급 10,320원 이상",고용형태,부산광역시 강서구 녹산산단261로59번길 14 (송정동),1명,2026-09-08 21:01:39
https://www.jobkorea.co.kr/Recruit/GI_Read/5592760/Ext?siteCode=WN&sc=,016305,"[장림동]식품가공업체 HACCP관리 담당자 - 떡류 제조업체, HACCP인증 운영 및 관리 총괄 - 해당경력 2년이상, 식품관련 학과 졸업 필수 - HACCP팀장 과정이수자, 식품관련 자격소지자 우대",식품가공 제조 관리자(공장장),-,대졸(2~3년)~박사,경력,월급 270만원 이상,고용형태,부산광역시 사하구 다대로 284 (장림동),1명,2026-09-08 21:01:39
https://www.jobkorea.co.kr/Recruit/GI_Read/5591477/Ext?siteCode=WN&sc=,834002,"1. 수전용량 2,000kw 전기관리 및 시설관리 일체 2. 전기기사 자격증 필수 3. 소방 및 승강기 교육수료자 우대 4.전기안전관리자 선임가능자(전기선임지 : 김해공장 1,900kw) 5.부동산 시설설비관리 가능한 자 6. 주 2회 김해공장 출근 *문의사항은 부산진구청 취업정보센터로 전화주세요(☎051-605-6401) 다만, 실제 서비스 제공기간에 따라 임금을 계산하여 지급하는 형태로 채용 시 근로자마다 주 소정근로시간이나 임금, 근무(예정)지 등에 차이가 있을 수 있습니다.",빌딩 전기관리원,건물전기관리원,학력무관,경력,"연봉 4,000만원 이상",고용형태,부산광역시 부산진구 서전로9번길 7 (부전동),1명,2026-09-08 21:01:39
https://www.jobkorea.co.kr/Recruit/GI_Read/5592214/Ext?siteCode=WN&sc=,550102,"[개금동] 재가 요양보호사 선생님 모집합니다. (오전9~12시/주3일/4등급/여자어르신) ●근무지 : 개금동 신개금엘지아파트 ● 대상자 : 4등급 83세 여자어르신 ● 근무시간: 오전 9~12시/ 주3일(월,수,금) ● 급여 : 시급 10,320원(연차주휴수당포함 14,000원) ● 근무내용 : 가사 및 일상생활 업무 지원, 병원동행 - 지원희망시 부산진구청 취업정보센터로 전화주세요 (☎051-605-6405) ※ 실제 서비스 제공기간에 따라 임금을 계산하여 지급하는 형태로 채용 시 근로자마다 주 소정 근로 시간이나 임금, 근무(예정)지 등에 차이가 있을 수 있습니다.",재가 요양보호사,재가요양보호사,학력무관,관계없음,"시급 10,320원 ~ 10,320원",고용형태,"부산광역시 부산진구 백양대로300번길 20, ** (개금동, 신개금엘지아파트)",1명,2026-09-08 21:01:39
https://www.jobkorea.co.kr/Recruit/GI_Read/5593073/Ext?siteCode=WN&sc=,550102,"[좌천동]재가요양보호사 - 3등급 70대 여자어르신 - 주3회 (화,목,토) 9시 ~ 12시 (3시간) - 시급 13,100 (제수당 포함) ** 동 구인은 실제 서비스 제공 기간에 따라 임금을 계산하여 지급하는 형태로 채용 시 근로자마다 주 소정 근로 시간이나 임금, 근무(예정)지 등에 차이가 있을 수 있음 **",재가 요양보호사,재가노인요양사,학력무관,관계없음,"시급 10,320원 ~ 10,320원",고용형태,"부산광역시 동구 증산로 61, . (좌천동, 시즌7)",1명,2026-09-08 21:01:40
https://www.jobkorea.co.kr/Recruit/GI_Read/5593319/Ext?siteCode=WN&sc=,550101,"수 실버원(요양원)에서 즐겁고 책임감있게 근무하실 요양보호사 선생님 지원 환영합니다(남녀무관, 신입가능) ■ 직무내용 : 요양원 입소 어르신 돌봄 서비스 업무 ■ 자격요건 : 요양보호사 자격증 소지자(필수) ■ 우대요건 : 인근거주자(우대), 관련업무경력자(우대) ■ 근무형태 : 교대 근무 ([주]06~15시, [주]09~18시, [주]13시~22시, [야] 21:30~06:30) * 입사 후 주간근무(06-15, 09-18, 13-22) 업무수행능력에 따라 교대근무(야간근무 포함)로 변경 * 야간근로수당 지급 ■ 주소: 부산시 사하구 장평로117(효림초등학교 맞은편) * 신장림역 1번출구 → 도보 10분 * 사하구 3번 3-2번 5번 6번 8번 15번, 시내버스 2번 3번 11번 96번 103번 172번 338번, 급행버스 3001번 * 채용담당자 전화 후 방문도 가능 : 051-928-3900 입소자 증가로 인한 추가 인력 모집입니다. 경력의 유무나 케어능력의 수준보다 어르신들의 입장에 서서 생각하고 일상생활을 행복하게 해주실 수 있는 따뜻한 마음을 더 중요시합니다. 훌륭한 인품을 가진 요양보호사 선생님들의 지원 환영합니다.",요양보호사(노인요양사),요양보호사,학력무관,관계없음,월급 215만원 이상,고용형태,"부산광역시 사하구 장평로 117, 수 실버원 (장림동)",2명,2026-09-08 21:01:40
https://www.jobkorea.co.kr/Recruit/GI_Read/5592686/Ext?siteCode=WN&sc=,550100,"[범방동] 참좋은꿈바위요양원 요양보호사 모집공고 ▷ 근무장소 : 참좋은꿈바위요양원 (부산시 강서구 범방3로46번길 3) ▷ 근무내용: 요양원 수급자 전반적인 케어 ▷ 근무시간 : 주간 09:00~18:00/ 야간 18:00~09:00 (2교대/주주야야휴휴) ▷ 휴게시간 : 1시간 ▷ 급여 : 월 2,200,000원 (협의가능/ 야간수당별도지급)",요양보호사,-,학력무관,관계없음,월급 230만원 이상,고용형태,"부산광역시 강서구 범방3로46번길 3, 범방동1901-1 (범방동)",1명,2026-09-08 21:01:40
https://www.jobkorea.co.kr/Recruit/GI_Read/5593235/Ext?siteCode=WN&sc=,885902,[직무소개] ㈜재건 피스는 인터넷 쇼핑몰 or 도매로 나사못 제품을 판매하는 기업입니다. 본 직무는 주문받은 나사못 제품의 포장 및 조립을 신속하고 정확하게 수행하는 역할입니다. [주요업무] - 나사못 제품의 포장작업 - 나사못 제품의 조립작업 - 자재 관리 및 재고 관리 - 포장 및 조립 작업의 품질 관리,주입·포장·상표부착기 등 기타 기계 조작원,-,학력무관,관계없음,월급 190만원 ~ 190만원,고용형태,"부산광역시 강서구 대저동서로61번길 29, (주) 재건 (대저1동)",1명,2026-09-08 21:01:40
https://www.jobkorea.co.kr/Recruit/GI_Read/5599940/Ext?siteCode=WN&sc=,550102,"[금곡동]요양보호사 - 4등급 남자어르신 - 시간 09:00~12:00 - 요일 월~금 (간혹 토요일 근무) - 시급 10,320원 (수당있음) - 생활서비스, 가사지원, 신체지원, 정서지원 * 채용담당자: 055-363-5969 통화 후 지원요망 ※ 동 구인은 실제 서비스 제공 기간에 따라 임금을 계산하여 지급하는 형태로 채용 시 근로자마다 주 소정 근로 시간이나 임금, 근무(예정)지 등에 차이가 있을 수 있음",재가 요양보호사,-,학력무관,관계없음,"시급 10,320원 ~ 10,320원",고용형태,"부산광역시 북구 효열로220번길 22 (금곡동, 금곡화목타운)",1명,2026-09-08 21:01:40
https://www.jobkorea.co.kr/Recruit/GI_Read/5612510/Ext?siteCode=WN&sc=,890004,"* 섬유원단 제조업체로 원단가공, 원사염색(자동화 기계조작, 전후 단순업무 작업), 와인더",섬유·의복 분야 단순 종사원,섬유분야단순노무자,학력무관,관계없음,"연봉 3,000만원 ~ 3,300만원",고용형태,"부산광역시 사하구 하신번영로 99, 아즈텍WB (신평동)",1명,2026-09-08 21:01:40
https://www.jobkorea.co.kr/Recruit/GI_Read/5592341/Ext?siteCode=WN&sc=,027205,"1. 채용인원 - 수습기간(기간제) 이후 정규직 전환 : 1명, 경력직 2. 채용 조건 경력직(회계세무사무소 경력 2년 이상) 3. 업무내용 - 세무신고, 결산, 인건비 신고 등 일반적인 세무대리업무 4. 우대조건 - 근무지와 가까운 곳에 거주하는 분 - 책임감이 있는 분 - 고객사와의 원활한 소통이 가능하신 분 5. 급여조건 회계사무원(회계법인, 세무사사무실) 경력을 기준으로 아래의 기준금액을 적용한 연봉테이블을 고려하고 있습니다. 기존 경력과 가능한 업무 범위, 추후 맡을 업무량에 따라 상호 협의하여 조정합니다. - 3,000만원~4,000만원(상여 포함 연봉, 경력 및 협의에 따라 조정, 제시된 연봉 범위 외에서 결정 가능) 6. 업무 시작일 채용 즉시 7. 계약조건 근무개시일~3개월(수습기간) 기간제 적용, 기간제 종료 이후 정규직 전환 기간제 적용 기간간 연봉, 휴가 등은 차이없이 적용함. 8. 회사소개 - 젊고 소규모 조직(직원 4명)으로 자유롭고 유연한 분위기 - 경력 많은 회계사(10~15년)가 업무에 직접 참여하고, 업무 효율 높음 - 동료 직원들의 경력 7년 이상이며, 친절하여 업무 적응이 수월함 - 근태 관리나 불필요한 절차는 생략하고, 업무에 집중하는 환경 - 회식 없고, 식사도 각자 알아서 하는 등 회사 내부적으로 불필요한 인간관계를 지양하는 분위기 - 지하철역(부산진역), 버스정류장(YMCA)과 가까워서 대중교통을 통한 출퇴근 편리 - 사무실 리모델링을 하여 깨끗하고, 쾌적한 환경에서 근무 - 최신 장비 및 페이퍼리스(종이 서류 작성 안함) 환경 - 자유로운 연차 사용 및 협의하 재택근무 가능 오랜 기간 같이 근무할 수 있으면 좋겠습니다.",경리 사무원(회계·세무 사무소),세무기장원,학력무관,경력,"연봉 3,000만원 ~ 4,000만원",고용형태,"부산광역시 동구 중앙대로 328, 3층 상지회계법인 (초량동)",1명,2026-09-08 21:01:41
https://www.jobkorea.co.kr/Recruit/GI_Read/5592236/Ext?siteCode=WN&sc=,532302,"- 고용형태 : 상용직 - 기운찬한방병원 (4호선 동래역 6번출구 앞) - 08:30-14:00 (휴게시간:30분 12:00~12:30) / 근무시간 총 5시간 - 인근거주자, 장기근무가능자, 즉시 출근 가능한 분 우대 - 공휴일 휴무 - 근무일수 : 주 6일(월~토) - 업무 :주업무 설거지 등 조리원 제반 업무, *튀김종류있을시 함. (면접시 상세히 상담드립니다) - 모집기한 : 채용시 마감 - 접수방법 : 전화지원 및 문자지원 - 문의 : 채용담당자 영양사 070-4372-9026 / *주방에서 일해보신 경험 있으신 분들 지원부탁드립니다! 환자식수 30명~35명대이며 점심기준 직원까지 최대 70명입니다. 이메일 안봅니다! 전화 및 문자지원 부탁드릴게요!!",단체 급식 보조원,단체급식보조원,학력무관,관계없음,"시급 12,000원 ~ 12,000원",고용형태,부산광역시 동래구 충렬대로 152 (HMC)),1명,2026-09-08 21:01:41
https://www.jobkorea.co.kr/Recruit/GI_Read/5592456/Ext?siteCode=WN&sc=,813201,"[CNC선반 경력직 오퍼레이터] -선박부품 제조업체 -CNC프로그램 가능한분, 경력 5년이상 -CNC선반, 생산직 경력 2년 이상 *현대위아 화낙시스템 6~10인치, 두산 화낙시스템10, 12인치, MCT(화낙시스템) 보유 -주5일, 7:30-17:30(휴게시간 별도) (*월화목금 ~20:30까지 고정잔업) -토요일 격주근무",CNC 선반 조작원(NC 선반 조작원),CNC선반기능원,학력무관,경력,"연봉 3,600만원 ~ 5,000만원",고용형태,"부산광역시 사상구 사상로439번길 58, (모라동)",2명,2026-09-08 21:01:41
https://www.jobkorea.co.kr/Recruit/GI_Read/5592478/Ext?siteCode=WN&sc=,231100,* 근로지원인 급여 및 사회보험 * 근로지원인 관리 및 매칭 * 이용자 모니터링 및 상담 * 프로그램 수행 및 관리 * 근로지원 양성교육 진행 및 관리 * 사회복지 전반업무 * 실운전가능한자(운전면허 1종 우대),사회복지사,-,학력무관,경력,월급 228만원 ~ 236만원,고용형태,"부산광역시 금정구 중앙대로 1675 (부곡동, 2층)",1명,2026-09-08 21:01:42
https://www.jobkorea.co.kr/Recruit/GI_Read/5592521/Ext?siteCode=WN&sc=,890006,"떡제품을 생산하는 제조공장이며 제품포장, 쌀침지 및 떡 가공공정에 단순노무를 하실 분 모집합니다. (단순노무 등 힘쓰는 일이 있습니다.)",식품 분야 단순 종사원,식품분야 단순노무자,학력무관,관계없음,월급 240만원 이상,고용형태,부산광역시 사하구 장평로132번길 16-2 (장림동),1명,2026-09-08 21:01:42
https://www.jobkorea.co.kr/Recruit/GI_Read/5592635/Ext?siteCode=WN&sc=,231100,* 근로지원팀 소속 * 근로지원인 관리 및 매칭 * 이용자 모니터링 및 상담 * 프로그램 수행 및 관리 * 사회복지 전반업무,사회복지사,-,학력무관,관계없음,월급 228만원 ~ 228만원,고용형태,"부산광역시 금정구 중앙대로 1675 (부곡동, 2층)",1명,2026-09-08 21:01:42
https://www.jobkorea.co.kr/Recruit/GI_Read/5592642/Ext?siteCode=WN&sc=,214401,과정평가형 실내건축기사 교육,디자인·캐드 강사,디자인 강사(웹디자인 제외),학력무관,관계없음,월급 250만원 ~ 300만원,고용형태,"부산광역시 북구 화명대로 15, 4층 (화명동, 하이페리온타워)",1명,2026-09-08 21:01:42
https://www.jobkorea.co.kr/Recruit/GI_Read/5592421/Ext?siteCode=WN&sc=,028502,육해상 플랜트 품질관리 및 검사 과장 급 완성품의 검사 및 관리 ▶지원방법: 고용24 입사지원 또는 이메일 kuke2021@naver.com 이력서 발송 바랍니다. (제목에 품질관리 사무원 지원-OOO),생산관리 사무원(기계·자동차·금속),-,대졸(2~3년)~대졸(4년),경력,월급 300만원 ~ 350만원,고용형태,"부산광역시 강서구 가리새1로17번길 10, 금은기업 (생곡동)",1명,2026-09-08 21:01:42
https://www.jobkorea.co.kr/Recruit/GI_Read/5592690/Ext?siteCode=WN&sc=,028511,[모집직무] HACCP 팀장 [직무소개] 더램미트는 바른 먹거리를 제공하기 위해 노력하는 축산 가공공장입니다. 본 직무는 안전하고 위생적인 식품 생산을 위해 HACCP 시스템을 담당하는 역할입니다. [주요업무] - HACCP 시스템 구축 및 운영 - 식품 안전 관련 법규 준수 관리 - 위생 관리 기준 설정 및 교육 - HACCP 관련 서류 작성 및 제출 - 안전사고 예방 및 관리,품질관리 사무원(음식료품),음식료품 관련 품질관리원,학력무관,경력,월급 230만원 이상,고용형태,"부산광역시 강서구 대저중앙로394번길 26, (주)더램미트 (대저1동)",1명,2026-09-08 21:01:42
https://www.jobkorea.co.kr/Recruit/GI_Read/5592031/Ext?siteCode=WN&sc=,232903,"1. 월, 화, 수, 금, 토요일 근무/ (13시00분 ~ 19시00분까지 ) 월 120시간 2. 60대 남자 대상자입니다./ 지체장애 3. 가사활동, 사회활동 *시급 13,600원 (주휴 등 제수당포함)",장애인 생활지도원(장애인활동보조원 포함),장애인활동지원사,학력무관,관계없음,"시급 10,320원 이상",고용형태,"부산광역시 금정구 서동로149번길 19, 1 (서동)",1명,2026-09-08 21:01:43
https://www.jobkorea.co.kr/Recruit/GI_Read/5591462/Ext?siteCode=WN&sc=,532301,성격 꼼꼼하시고 손이 빠르며 기존 다른 식당에서 일해 본 경험이 있으신 ... 다른 직원들과 융합 잘될 분으로 모십니다. 주 업무는 기존의 담당자들 휴게날 서브 하는 일입니다 주 1회 휴무 휴게시간 14:30~17:30 휴게시간 돌아가면서 당번있음,주방 보조원(일반 음식점),주방보조원,학력무관,경력,월급 330만원 ~ 330만원,고용형태,부산광역시 수영구 남천바다로 32 (남천동),4명,2026-09-08 21:01:43
https://www.jobkorea.co.kr/Recruit/GI_Read/5592754/Ext?siteCode=WN&sc=,901502,,식물 관리원,-,대졸(2~3년)~대졸(4년),관계없음,월급 247만원 이상,고용형태,"부산광역시 동래구 쇠미로 179, 1층 신라직업재활시설 (온천동)",1명,2026-09-08 21:01:43
https://www.jobkorea.co.kr/Recruit/GI_Read/5591857/Ext?siteCode=WN&sc=,821100,동합금 및 스텐 주물회사입니다. 생산 현장에서 근무할 용해원 하실 분을 모집합니다.,금속가공 관련 제어 장치 조작원(용광로·용해로·금속가열로),-,학력무관,관계없음,월급 250만원 이상,고용형태,부산광역시 강서구 화전산단5로38번길 8,1명,2026-09-08 21:01:43
https://www.jobkorea.co.kr/Recruit/GI_Read/5591677/Ext?siteCode=WN&sc=,561101,"- [해운대 엘시티 더샵] 미화원 모집합니다. 1.아파트 미화 업무(1명) 2. 근무형태 : 주 6일 근무( 공휴일 휴무) 3. 근무시간 : 평 일 : 08시 00분 ~ 16시 00분 (휴게식사시간 : 11시 30분 ~ 13시 00분) 토요일 : 08시 00분 ~ 11시 00분 * 전화문의 불가!! 전화 하지마세요 * 팩스로 이력서 넣어주시면 됩니다 * 팩스: 051-317-0662 * 이력서 제출시, ""엘시티 미화원 지원"" 기재 부탁드립니다.","건물 청소원(공공건물,아파트,사무실,병원,상가,공장 등)",아파트청소원,학력무관,관계없음,월급 204만원 ~ 204만원,고용형태,"부산광역시 해운대구 달맞이길 30, 엘시티 더샵 아파트 (중동, 엘시티)",1명,2026-09-08 21:01:44
https://www.jobkorea.co.kr/Recruit/GI_Read/5591062/Ext?siteCode=WN&sc=,550100,"[사하구 다대동] 몰운대영구임대아파트 4등급 요양보호사 모집 - 4등급/ 남자/ 60대후반 / 배우자거주 *대상자케어만 희망* - 근무지 : 사하구 다대낙조2길 13, 도시몰운대아파트 204동 - 업무내용 : 식사도움X, 청소도움희망 등 - 근무시간 : 주 5일 09:30~12:30 - 급여 : 시급 13,000원 (제 수당 포함) * 실제 서비스 제공 기간에 따라 임금을 계산하여 지급하는 형태로 채용 시 근로자마다 주 소정근로시간이나 임금, 근무(예정)지 등에 차이가 있을 수 있음.",요양보호사,-,학력무관,관계없음,"시급 10,320원 ~ 10,320원",고용형태,"부산광역시 사하구 다대낙조2길 12, 204동 (다대동, 도시몰운대아파트)",1명,2026-09-08 21:01:44
https://www.jobkorea.co.kr/Recruit/GI_Read/5591305/Ext?siteCode=WN&sc=,550100,"재가복지 센터에 등록 중인 대상자 분들을 위한 장기요양 서비스 제공 - 청소 등 가사지원 및 인지지원, 일상생활지원, 병원동행 <대상자정보> - 87세 < 4등급 > 여자 어르신 (독거) [ 주 6 회 ] - 월 ~ 토 [ 10:30 ~ 13:30 ] ( 주 6회 월 24회 근무 ) - 시급 13,100원 (각종수당포함) * 채용 확정 시 필수 제출서류 [ 요양보호사 자격증, 건강검진 결과표, 노인인권교육, 노인학대신고자교육, 장애인학대신고의무자 교육 이수증 ])",요양보호사,-,학력무관,관계없음,"시급 10,320원 이상",고용형태,"부산광역시 동구 성남이로60번길 26-2, 성남초등학교 부근 (범일동)",1명,2026-09-08 21:01:44
https://www.jobkorea.co.kr/Recruit/GI_Read/5591148/Ext?siteCode=WN&sc=,550102,"<재가방문목욕 요양보호사 모집> * 근무: 주5일 or 주3일 중 선택 * 어르신 이동 보조, 목욕차량 세신 도움 * 3인 1조 근무(차량 운전자 있음/ 운전무관) * (08:30~18:00) 근무시간 내에서 스케줄 조정 * 포괄시급: 16,500원~19,000원 (10,320원+수당) ※건별 지급 * 지원연락(센터장): 051-817-6780",재가 요양보호사,-,학력무관,관계없음,"시급 16,500원 ~ 19,000원",고용형태,"부산광역시 부산진구 초읍천로108번길 82, 1층 (초읍동)",2명,2026-09-08 21:01:44
https://www.jobkorea.co.kr/Recruit/GI_Read/5591901/Ext?siteCode=WN&sc=,561101,"================== 사상구청 채용 대행건입니다 ================== ▶모라동 우신모라아파트 미화원 (1명) ▶(월~금) 09~15시 (휴게시간 12:00~13:30) / (토) 09~12시 ▶월 1,479,900원 ※ 사상구청: 051-310-5195로 전화주세요","건물 청소원(공공건물,아파트,사무실,병원,상가,공장 등)",-,학력무관,관계없음,월급 147만원 이상,고용형태,"부산광역시 사상구 백양대로 880, . (모라동, 우신모라아파트)",1명,2026-09-08 21:01:44
https://www.jobkorea.co.kr/Recruit/GI_Read/5591349/Ext?siteCode=WN&sc=,550100,"[초읍동] 오전 주6일 3등급 여자어르신 재가 요양보호사 모집 - 3등급 80세 여자어르신(독거) - 근무시간: 08:30~11:30 (주6일) - 신체 및 가사지원 서비스, 인터넷 활용 가능한 분(쇼핑) - 시급 : 13,100(시급 10,320원 + 주휴 등 제수당포함) - 문의사항은 부산진구청 취업정보센터로 전화주세요(☎051-605-6409) *** 다만, 실제 서비스 제공기간에 따라 임금을 계산하여 지급하는 형태로 채용시 근로자마다 주 소정시간이나 임금, 근무지 (예정)지 등에 차이가 있을 수 있습니다",요양보호사,-,학력무관,관계없음,"시급 10,320원 ~ 10,320원",고용형태,부산광역시 부산진구 성지로114번길 21-1,1명,2026-09-08 21:01:45
https://www.jobkorea.co.kr/Recruit/GI_Read/5593547/Ext?siteCode=WN&sc=,304000,일광아동병원 병동에서 근무하실 간호사모집합니다 ^^ 신규 간호사분도 지원가능합니다. 많은 지원바랍니다 ♡,간호사,-,학력무관,관계없음,월급 300만원 ~ 330만원,고용형태,"부산광역시 기장군 일광읍 해빛6로 85-16, 일광아동병원 (일광청보리더스)",1명,2026-09-08 21:01:45
https://www.jobkorea.co.kr/Recruit/GI_Read/5593657/Ext?siteCode=WN&sc=,824106,"모집직종 : 조립, 용접원 업종 : - 선박구성 부분품 제조업 직무내용 : 배관류 조립 보조 배관 용접 보조 생산 관리 업무 보조 전형방법 : 서류, 면접",기타 용접원,고열절단원,학력무관,신입,월급 215만원 이상,고용형태,부산광역시 강서구 녹산산단261로73번길 25 (송정동),1명,2026-09-08 21:01:45
https://www.jobkorea.co.kr/Recruit/GI_Read/5591702/Ext?siteCode=WN&sc=,824107,동합금 및 스텐 주물회사입니다. 생산 현장에서 근무할 단순 사상 하실 분을 모집합니다.,용접 사상원 및 보조원,-,학력무관,관계없음,월급 250만원 이상,고용형태,부산광역시 강서구 화전산단5로38번길 8,1명,2026-09-08 21:01:45
https://www.jobkorea.co.kr/Recruit/GI_Read/5593526/Ext?siteCode=WN&sc=,813206,"[모집직무] 원통연마 , 센타레스 , 기술자 모집합니다. [직무소개] 원통연마 , 센타레스연마 // 연마 기초 상식있는 기술자분도 연락주세요. 밸브 원통연마 기술자 우대 [주요업무] - 원통 연마 작업 수행 (2명) - 센타레스 연마 작업 수행 (1명) - 연마 작업 계획 및 실행 - 연마 공정 최적화",연삭기 및 연마(광택)기 조작원,-,학력무관,경력,월급 330만원 이상,고용형태,"부산광역시 사상구 사상로349번길 17, 현대연마 (덕포동)",2명,2026-09-08 21:01:45
https://www.jobkorea.co.kr/Recruit/GI_Read/5593662/Ext?siteCode=WN&sc=,890001,유압프레스 보조 사상 : 그라인더,기계·금속 분야 단순 종사원,기계분야 단순노무자,학력무관,관계없음,"일급 83,000원 ~ 100,000원",고용형태,"부산광역시 강서구 미음산단4로 10, (미음동)",1명,2026-09-08 21:01:46
https://www.jobkorea.co.kr/Recruit/GI_Read/5593197/Ext?siteCode=WN&sc=,890000,"* 담당업무: 의류 물류 센터 - 의류 검품 / 사이즈 선별 / 택처리 및 비닐포장 작업 (포장완료된 박스를 들어서 옮기는 작업이 포함되어 있습니다.) * 지원자격: 신입가능, 물류직 경력자 우대 * 근무요일: 주5일(월~금) * 근로형태 : (주)대신산업관리 소속 * 근무시간: - (주간) : 09:00~18:00 (식사 60분) * 급여: 월급 2,156,880원 (만근수당 50,000원 별도) * 우대사항 : - 동종업계 경력자(연차무관), 장기근무 가능자, 인근거주자, 자차이용 가능자 *근무지: (면접장소) 부산 기장군 장안읍 명례산단1로 115 물류센터 (통근버스운행 - 1. 서면-양정-연산-센텀 / 2. 동래역-안락동-정관 / 자세한 사항은 유선상 안내) * 전형 방법 : 서류심사 -> 전화인터뷰 → 실무진 면접 → 합격여부 결정",기타 제조 관련 단순 종사원,권선공,학력무관,관계없음,월급 215만원 이상,고용형태,"부산광역시 기장군 명례산단1로 115, 물류센터",1명,2026-09-08 21:01:46
https://www.jobkorea.co.kr/Recruit/GI_Read/5593198/Ext?siteCode=WN&sc=,883101,"- 목재 재단 보조 - 가구 조립, 배송, 납품",가구 제조원,가구목공,학력무관,관계없음,월급 250만원 이상,고용형태,부산광역시 강서구 대저중앙로348번길 30 (대저1동),1명,2026-09-08 21:01:46
https://www.jobkorea.co.kr/Recruit/GI_Read/5591310/Ext?siteCode=WN&sc=,550102,"주5일 요양보호사 모집 여자어르신 (80대, 4등급, 독거어르신) 근무시간 : 16:00~19:00 (월~금 주5회) 근무지 : 동구 수정동 동국주택 시급 : 13,300원 주업무 : 식사도움, 청소, 산책동행 등 **051-916-1178",재가 요양보호사,재가요양보호사,학력무관,관계없음,"시급 10,320원 ~ 13,300원",고용형태,"부산광역시 동구 수정공원로 19, 1 (수정동, 동국주택)",1명,2026-09-08 21:01:46
https://www.jobkorea.co.kr/Recruit/GI_Read/5593169/Ext?siteCode=WN&sc=,028400,"자재관리, 자재발주 창고 관리, 재고관리 지게차 운전 물류관리",자재관리 사무원,-,학력무관,관계없음,"연봉 3,400만원 ~ 4,500만원",고용형태,"부산광역시 기장군 장안읍 장안산단로 111, (주)ien한창",2명,2026-09-08 21:01:46
https://www.jobkorea.co.kr/Recruit/GI_Read/5591845/Ext?siteCode=WN&sc=,561100,대한제강(녹산) 내 사내협력업체 선우산업(주) - 청소차량 운전 및 차량관리 - 공장청소 - 대형먼허 소지자 - 수습기간 3개월,건물 청소원,-,학력무관,관계없음,월급 290만원 ~ 290만원,고용형태,"부산광역시 강서구 녹산산업북로 333, 대한제강 (송정동)",1명,2026-09-08 21:01:46
https://www.jobkorea.co.kr/Recruit/GI_Read/5593152/Ext?siteCode=WN&sc=,550101,"<직무내용> ※ 대상자 - 독거 / 여자 어르신 (4등급) ※ 근무 장소 - 부산 동래구 온천동 주택 ※ 업무 내용 - 가사지원, 정서지원 등 ※ 근무 조건 - 주5일 (14:00~17:00) ※ 시급 - 13,000원 (제세공과금 포함)",요양보호사(노인요양사),요양보호사,학력무관,관계없음,"시급 10,320원 ~ 13,000원",고용형태,"부산광역시 동래구 금강로73번길 22, 1 (온천동)",1명,2026-09-08 21:01:47
https://www.jobkorea.co.kr/Recruit/GI_Read/5591774/Ext?siteCode=WN&sc=,624501,"BNCT 터미널 수출입화물 적/양하 업무감독 * 수습3개월(최저임금 90%지급) * 초보가능 (1:1 멘토링제도 업무교육) * 통근버스 운행 (1호선 서면역 9번출구, 부산 시립미술관 입구, 1호선 동래역) * 안전장구 지급 (근무복 포함) * 명절 상여지급 * 휴기비 지원 * 식대 별도지급",하역·적재 종사원,화물하역원,학력무관,관계없음,월급 305만원 이상,고용형태,"부산광역시 강서구 신항남로 586, BNCT 터미널 (성북동)",3명,2026-09-08 21:01:47
https://www.jobkorea.co.kr/Recruit/GI_Read/5591788/Ext?siteCode=WN&sc=,531800,"1. 채용분야 : 조리사 1명 2. 채용구분 : 계약직 / 3개월의 수습기간이 있음. 3. 채용인원 : 1명 4. 자격조건 ① 면허증 우대 ② 사회복지사업법에 따라 사회복지시설 종사자 결격사유에 해당되지 않는 자 ③ 범죄경력 조회 시 결격사유가 없는 자 ※ 경력자 우대, 근거리 거주자 우대 5. 주요업무 ① 식재료 준비 식재료 손질(세척, 절단, 분류 등),식재료 신선도 확인 및 보관, 필요 재료의 수량 파악 및 발주 보조 ② 조리 및 조리 공정 관리- 메뉴 레시피에 따라 조리 수행, 위생 기준 준수 ③ 위생 및 안전 관리 - 주방 위생관리(도마·칼·조리기구 소독 포함) ,식품 위생법, HACCP 기준에 맞는 조리 환경 유지 , 화재·안전사고 예방을 위한 기기 점검 ④ 배식 업무 - 조리된 음식의 용도와 인원수에 따라 배식 , 음식의 양 조절 및 플레이팅 ,배식 후 기구 정리 및 위생 관리 6. 근무시간 D1 / 06:00-15:00 (휴게시간 1시간) D2 / 09:00-18:00 (휴게시간 1시간) D3 / 06:00-18:00 (휴게시간 4시간) * 주말근무 가능자 * 근무 및 휴게시간 조정 (가능) 7. 급여기준 : 250만원 (조리 가능) 8. 제출서류 ① 이력서 ※ 자격증 사본, 경력증명서 등의 기타 서류는 채용확정 후 안내 예정 9. 서류접수 ① 접수기간 : 2026년 8월 26일 ~ 채용시까지 ② 접수방법 : 방문접수, 이메일, 우편 ③ 접수처 : 부산광역시 남구 신선로 506, 1층 사무실 (대연동, 남안성요양센터) 10. 채용방법 1차 서류심사 → 2차 면접심사(서류심사 합격자에 한하여 면접일시 개별 통보) → 3차 최종합격자 발표(면접심사 합격자에 한하여 개별 통보) 11. 문의 남안성 요양센터 / 051-621-3393",단체급식 조리사,-,학력무관,경력,월급 250만원 이상,고용형태,부산광역시 남구 신선로 506 (대연동),1명,2026-09-08 21:01:47
https://www.jobkorea.co.kr/Recruit/GI_Read/5591660/Ext?siteCode=WN&sc=,415103,선박용 가구 설계 BOM 산출 디자인 제안 기타 업무 보조,가구 디자이너,가구디자이너,학력무관,관계없음,월급 280만원 ~ 320만원,고용형태,부산광역시 기장군 정관중앙로 211,1명,2026-09-08 21:01:47
https://www.jobkorea.co.kr/Recruit/GI_Read/5593448/Ext?siteCode=WN&sc=,531803,"부산성소병원 급식 조리사 구인합니다. ■ 근무시간 06:00 ~ 17:40 (휴게 시간 2시간 30분 이상) ■ 휴무 8회 (휴무 7회, 연차 1회, 순환제) ■ 조리사 자격증 우대 (없어도 무관) ■ 4대보험, 퇴직금 O",병원 급식 조리사,-,학력무관,관계없음,월급 288만원 이상,고용형태,부산광역시 남구 수영로 175 (대연동),1명,2026-09-08 21:01:47
https://www.jobkorea.co.kr/Recruit/GI_Read/5591298/Ext?siteCode=WN&sc=,550102,"<부산진구 초읍동 치매안심센터 인근 거주> * 3등급 남자대상자(80대초반): 독거 * 주5일 * 9시~12시 * 가사지원, 식사지원, 일상지원 등 * 시급 10,320원 (수당별도지급) * 문의(센터장): 051-817-6780 ※ 실제 서비스 제공기간에 따라 임금을 계산하여 지급하는 형태로 채용 시 근로자마다 주 소정근로시간이나 임금, 근무(예정)지 등에 차이가 있을 수 있음",재가 요양보호사,-,학력무관,관계없음,"시급 10,320원 이상",고용형태,"부산광역시 부산진구 새싹로 253, 치매안심센터 인근 거주 (초읍동)",1명,2026-09-08 21:01:47
https://www.jobkorea.co.kr/Recruit/GI_Read/5591430/Ext?siteCode=WN&sc=,550102,"4등급 재가요양보호사 모집 대상자 : 80세 남자 어르신 (노인부부거주) 주업무 : 식사도움, 청소, 병원동행 등 근무 요일 및 시간 :09:00~12:00 (주5일) - 시간은 오후도 조정가능함. 위치 : 부곡시장 인근 시급 : 13,300원 *051-916-1178",재가 요양보호사,재가요양보호사,학력무관,관계없음,"시급 10,320원 ~ 13,300원",고용형태,"부산광역시 금정구 동부곡로5번길 134-10, 1 (부곡동, 태광맨션)",1명,2026-09-08 21:01:48
https://www.jobkorea.co.kr/Recruit/GI_Read/5591759/Ext?siteCode=WN&sc=,014200,"[모집직무] 음식 서비스 관련 관리자, 소규모 상점 경영 및 일선 관리 종사원(매장매니저·매장슈퍼바이저 등), 영업 및 마케팅 사무원 [직무소개] 저희 카페는 고급 브런치 메뉴와 음료를 제공하여 고객에게 최고의 경험을 선사하는 곳입니다. 매장의 일상 운영과 직원 관리를 총괄하는 매니저를 찾고 있습니다. [주요업무] - 매장 운영 및 관리 - 고객 응대 및 서비스 관리 - 브런치 메뉴 및 음료 제조 - 오픈 및 마감 업무 - 재고 및 식자재 관리 - 매장 위생 및 청결 관리 - 직원 근무 스케줄 및 업무 관리 - 신입 직원 교육 및 업무 분배 - 매장 운영에 필요한 기타 제반 업무",음식 서비스 관련 관리자,외식업체관리자,학력무관,경력,월급 215만원 이상,고용형태,"부산광역시 동구 중앙대로 206, 1층 맞이방 (초량동, 부산역)",1명,2026-09-08 21:01:48
https://www.jobkorea.co.kr/Recruit/GI_Read/5591071/Ext?siteCode=WN&sc=,550102,"[수영구 남천동] 5등급(치매) 요양보호사 채용 *2호선 남천역 도보 10분* ○ 수영구 황령대로 431, 남천동원로얄듀크 ○ 대상자 : 5등급(치매) / 여자 / 44년생 / 단기기억력 외에는 인지양호 ○ 근무일시 : 주 5일, 12:30~15:30 (시간조정가능) ○ 일상생활도움희망, 청소 등 ○ 포괄시급 : 13,000원 (시급+주휴수당+연차수당 등 제수당 포함) ▶ 지원문의 : 051-888-6914 * 실제 서비스 제공 기간에 따라 임금을 계산하여 지급하는 형태로 채용 시 근로자마다 주 소정근로시간이나 임금, 근무(예정)지 등에 차이가 있을 수 있음.",재가 요양보호사,-,학력무관,관계없음,"시급 10,320원 이상",고용형태,"부산광역시 수영구 황령대로 431, 106동 (남천동, 남천동원로얄듀크)",1명,2026-09-08 21:01:48
https://www.jobkorea.co.kr/Recruit/GI_Read/5591303/Ext?siteCode=WN&sc=,550102,"* 3등급 여성어르신 방문요양 * 주2회 - 월 / 목 * 근무시간 16:30 - 18:30 ( 오후4시 30분 ~ 오후6시 30분 ) - 시급 10,320 + 제세수당 별도문의(26년도) - 센터번호 : 051. 521. 1288 * 거동보조 * 정서지원 * 생활지원 * 주변정리 * 가사활동 * 인근거주자 우대 * 실제서비스 제공기간에 따라 임금을 계산하여 지급하는 형태로 근무지마다 주소정근로시간이나 임금, 근무지 등에 차이가 있을 수 있음 *",재가 요양보호사,재가요양보호사,학력무관,관계없음,"시급 10,320원 ~ 10,320원",고용형태,"부산광역시 동래구 반송로247번길 11, 2층 (안락동, 보성 오페라)",1명,2026-09-08 21:01:48
https://www.jobkorea.co.kr/Recruit/GI_Read/5591123/Ext?siteCode=WN&sc=,550102,"* 근무지 : 연지동 세동한신 * 근무시간 : 오후 2시-5시 (* 추후 협의가능) * 시급 : 기본급 10,320원 + 주휴수당/ 연차수당 포함 포괄시급 13,000원~13,500원 * 직무내용 : 3등급, 남자 어르신, 86세 / 주요질환 : 심장질환, 시야 잘 안보임 - 노인부부세대이며, 가사지원은 전혀 안해도 되며, 남자어르신 산책 및 운동지원, 마사지 등 어르신 케어 위주만 해주시면 됩니다. 병원동행 및 이발 동행 해주실 수 있으셔야 합니다. - 심장이 약해 오래 걷거나 심한 운동은 하지 못하십니다. - 따뜻한 맘으로 정서적으로 지지 많이 해주실 수 있는 분이면 좋겠습니다.",재가 요양보호사,재가요양보호사,학력무관,경력,"시급 10,320원 ~ 10,500원",고용형태,"부산광역시 부산진구 새싹로 183, 연결 시 추후 안내함. (연지동, 세동한신아파트)",1명,2026-09-08 21:01:48
https://www.jobkorea.co.kr/Recruit/GI_Read/5591761/Ext?siteCode=WN&sc=,231100,"✅ 자격사항 1) ⌜고등교육법⌟제 2조 각호에 따른 학교에서 아동학, 청소년학, 여성학, 사회복지학, 교육학, 심리학, 사회학 또는 간호학을 전공한 사람 2) 청소년상담사, 청소년지도사, 사회복지사, 교사의 자격증을 취득한 사람 3) 아동·청소년, 여성, 노인 및 복지 관련 단체에서 1년 이상의 성교육 관련 실무경력이 있는 사람 ※ 위 자격 기준 요건 중 어느 하나를 갖춘 자 ✅ 업무내용 ㆍ성교육(체험관 및 찾아가는 성교육) 강의 및 매뉴얼 개발 ㆍ교육 실적 관리 및 만족도와 성의식 변화 조사 연구 ㆍ교육 일정 및 신청 기관 관리, 강사 배정 ㆍ문서 관리 및 증명서 발급 ㆍ기타 행정 등 ✅ 채용절차 가. 공고 기간 : 2026년 8월 25일(수) ~ 9월9일(수) 15:00, 16일간 나. 서류 마감 : 2026년 9월9일(수) 15:00 다. 접 수 처 : 부산광역시청소년종합지원센터 2층 청소년성문화센터 라. 채용방법 1) 1차 : 서류심사 2) 2차 : 면접심사(서류심사 합격자에 한함) 마. 면접 전형 : 2026년 9월 중(예정) 바. 채용예정일 : 2026년 10월 1일(예정) ✅ 접수는 내방 및 우편접수 ￭ 센터방문시 : 청소년종합지원센터 내 2층, 청소년성문화센터 부산지하철 2호선 모덕역 3번 출구 20M 거리 ￭ 우편접수시 : (46943) 부산광역시 사상구 모덕로 82 (상세주소는 기관 명시) ※ 전자 메일 접수는 받지 않으며, 서류는 반납하지 않습니다.",사회복지사,-,대졸(4년)~석사,관계없음,월급 219만원 ~ 219만원,고용형태,"부산광역시 사상구 모덕로 82, 2층 청소년성문화센터 (덕포동)",1명,2026-09-08 21:01:49
https://www.jobkorea.co.kr/Recruit/GI_Read/5591714/Ext?siteCode=WN&sc=,531800,"급식, 도시락, 반찬매장을 운영하고 있는 아람찬입니다. 본부 조리실에서 조리사로 함께 하실 분을 모집합니다. 1) 근무시간 A) 월~금요일 : 07:00~16:00, 격주 토요일 : 07:00~13:30 B) 월~금요일 : 07:30~15:30, 격주 토요일 : 07:00~13:30 C) 월~금요일 : 08:00~16:00, 격주 토요일 : 07:00~13:30 * 법정공휴일도 격일로 근무 * 단시간 근무도 협의 가능 * 격주 토요일 : 휴게시간 30분 포함 2) 급여 : 월 250만원 이상 * 급여 협의 가능 3) 업무장소 : 강서구 명지국제8로 19, 레인보우타워 2층 4) 전형절차 : 서류전형 후 면접 5) 접수방법 및 제출서류 : 고용24 또는 메일접수(aramcook@naver.com) / 이력서 6) 문의 : 평일 오전 9시 ~ 오후 1시",단체급식 조리사,-,학력무관,관계없음,월급 250만원 ~ 300만원,고용형태,"부산광역시 강서구 명지국제8로 19 (명지동, 명지레인보우타워)",1명,2026-09-08 21:01:49
https://www.jobkorea.co.kr/Recruit/GI_Read/5592674/Ext?siteCode=WN&sc=,550100,"주간보호센터 요양보호사 업무 송영서비스, 프로그램 보조, 신체활동지원, 정서지원, 일상생활지원, 병원동행, 운동도움, 목욕도움, 이동도움 등. ●스타렉스 운전 가능자",요양보호사,-,학력무관,관계없음,월급 216만원 ~ 216만원,고용형태,"부산광역시 북구 화명신도시로 133, 3층 (화명동)",1명,2026-09-08 21:01:49
https://www.jobkorea.co.kr/Recruit/GI_Read/5592547/Ext?siteCode=WN&sc=,561102,"◆◆ (수영구 민락동 민락수변공원 인근) 호텔 정비/인스펙 모집 ◆◆ ◆ 모집인원 : 1명 ◆ 급여 : 2,401,880원 +@ (OT별도) ◆ 근무조건 : 주 5일 근무 ◆ 근무시간 : 스케줄 근무(근무일 협의가능) ◆ 업무 : 호텔 객실정비/인스펙 등 ◆ 복지 : 4대보험, 퇴직금, 연차, 중식 제공 ※ 호텔 경험이 있으신 분들은 누구나 지원 가능합니다. ※ 바로 출근 가능하신 분 지원 부탁드립니다. 서로 도와가며 일하며, 좋은 분들과 일을 하실 수 있는 곳입니다. 민락동이라는 지리적 어려움을 딛고 같이 도약 하실 분, 성장하고 싶으신 분들 적극 지원 부탁드립니다.","호텔·콘도·숙박시설 청소원(룸메이드,하우스키퍼)",-,학력무관,경력,월급 240만원 ~ 240만원,고용형태,부산광역시 수영구 민락수변로 141 (민락동),1명,2026-09-08 21:01:49
https://www.jobkorea.co.kr/Recruit/GI_Read/5592908/Ext?siteCode=WN&sc=,231100,"◆ 담당업무 : 요양보호사 자격취득과정 강의 ◆ 자격조건 : 사회복지사 1급 자격 취득 후 사회복지사로서의 업무경력이 3년 이상 사회복지, 노인복지 분야의 석사 이상의 학위를 받은 자로서 업무경력 3년 이상 ◆ 근무조건 : 2026년 7월 20일부터 매주 수요일 ◆ 제출서류 : 이력서, 사회복지사 자격증 1급, 재직 및 경력증명서 사본 ◆ 접수방법 및 기간 : 채용시까지",사회복지사,-,대졸(2~3년)~박사,경력,"시급 20,000원 이상",고용형태,부산광역시 중구 중앙대로 78 (중앙동4가),1명,2026-09-08 21:01:49
https://www.jobkorea.co.kr/Recruit/GI_Read/5592919/Ext?siteCode=WN&sc=,550102,"<영도구 봉래동 하늘소공원 인근 거주> * 4등급 여자대상자(80대): 독거 * 주5일 * 9시~12시 * 가사지원, 식사지원, 병원동행 등 * 기본시급10,320원 (수당 별도지급) * 센터: 051-921-1227 **실제 서비스 제공기간에 따라 임금을 계산하여 지급하는 형태로 채용 시 근로자마다 주 소정근로시간이나 임금, 근무(예정)지 등에 차이가 있을 수 있습니다.",재가 요양보호사,-,학력무관,관계없음,"시급 10,320원 이상",고용형태,"부산광역시 영도구 동백꽃길 156, 하늘소공원 인근 거주 (봉래동4가)",1명,2026-09-08 21:01:49
https://www.jobkorea.co.kr/Recruit/GI_Read/5592796/Ext?siteCode=WN&sc=,817200,"1988년 창사 이후 지금까지 창조, 협동, 노력이라는 사훈을 바탕으로 자동차/전차/자주포/장갑차의 차체부품과 궤도차량 및 차륜형차량의 휠을 개발/생산/납품하는 기업입니다. 현재 물량 증가로 인한 생산직(현장) 정직원을 충원하고 있습니다. 모집 부서 1.조립공정 ＊자격요건 : 부품 조립공정 근무 가능자 공통사항 ＊정규직(수습 3개월, 수습기간 급여 100% 지급) ＊임금 : 면접시 협의(경력, 직무 경험에 따라 변동) ＊근무시간 : 잔업 포함 하루 최대 9~10시간 우대사항 ＊기계계열학과 전공자(공업고 혹은 기계관련 대학 졸업자) ＊해당직종 경력자 우대 출/퇴근 지원 ＊사내 통근버스 운행(부산 사하구 다대동~신평동(하구둑으로 빠짐) → 미음공장) ＊회사 인근 기숙사 운영 ＊교통비 지원(출근일수 기준으로 지급) ※이력서 방문 접수 불가능합니다.(고용24 지원) ※당일 면접 불가능합니다. ※이력서 접수 후 1~2주 이내로 면접 일정 관련 문자 보내드리니 참고하시길 바랍니다.",자동차 부품 조립원(검사원 포함),그 외 자동차 부분품 조립원,학력무관,관계없음,"시급 10,320원 이상",고용형태,부산광역시 강서구 미음국제6로 81 (미음동),1명,2026-09-08 21:01:49
https://www.jobkorea.co.kr/Recruit/GI_Read/5592814/Ext?siteCode=WN&sc=,550102,"요양보호사 모집합니다. 근무장소 : 사상구 모라로 192번길 20-21 요일 : 월, (주1회) 주휴수당 등 발생 시 별도 지급합니다. 시간 : 오후 바우처입니다. 등급 없습니다. 남자분입니다.",재가 요양보호사,재가요양보호사,학력무관,신입,"시급 10,320원 ~ 10,320원",고용형태,"부산광역시 사상구 모라로192번길 20-21, 313 (모라동, 모라주공아파트3단지)",1명,2026-09-08 21:01:50
https://www.jobkorea.co.kr/Recruit/GI_Read/5591751/Ext?siteCode=WN&sc=,813210,-머시닝센터(MCT) 조작원 -수기프로그램 가능자 (근무시간) 기본 : 오전 8시 30분 ~ 오후 5시 30분 고정연장 : 오후 5시 30분 ~ 오후 6시 30분(1시간) *오후 5시 30분 ~ 오후 6시 30분(1시간) 고정 연장근무로 잔업수당 별도 지급 *기본 월급여 335만원,머시닝센터(MCT) 조작원,MCT기능원,학력무관,경력,월급 335만원 ~ 335만원,고용형태,부산광역시 강서구 화전산단6로32번길 17 (화전동),1명,2026-09-08 21:01:50
https://www.jobkorea.co.kr/Recruit/GI_Read/5592632/Ext?siteCode=WN&sc=,531803,"급식 조리 및 보조 (자격증 없어도 지원 가능, 조리 가능자) 약 40인분 준비 주말 교대로 근무, 직원간 협의하에 교대 휴무 자격증은 없어도 가능 봉사정신은 필요 함 급식, 주방, 조리, 봉사, 주말 근무 인근 거주자 우대",병원 급식 조리사,병원급식조리사,학력무관,관계없음,월급 215만원 ~ 221만원,고용형태,"부산광역시 사하구 다대로 235, (장림동)참사랑요양원 (장림동)",1명,2026-09-08 21:01:50
https://www.jobkorea.co.kr/Recruit/GI_Read/5592999/Ext?siteCode=WN&sc=,550102,"[문현동]요양보호사 -53년생 남자어르신, 독거 -등급예정 틈새돌봄, 판정시 계속근로가능 -주5일, 오후 1시~4시(3시간) -가사도움, 신체활동, 일상생활지원 -문현3동 주민센터 인근",재가 요양보호사,-,학력무관,관계없음,"시급 10,320원 ~ 13,500원",고용형태,부산광역시 남구 수영로13번길 34 (문현동),1명,2026-09-08 21:01:50
https://www.jobkorea.co.kr/Recruit/GI_Read/5591869/Ext?siteCode=WN&sc=,231101,권익옹호팀 * 본 복지관 홈페이지 알림방-채용안내 확인,사회복지사(사회복지시설),-,학력무관,관계없음,월급 228만원 이상,고용형태,부산광역시 사하구 사하로68번길 65 (구평동),2명,2026-09-08 21:01:50
https://www.jobkorea.co.kr/Recruit/GI_Read/5592571/Ext?siteCode=WN&sc=,813213,파워프레스 경력자 모집/ 경력3년이상,기타 금속공작기계 조작원 및 보조원,-,학력무관,경력,월급 270만원 이상,고용형태,"부산광역시 강서구 울만로 380, 배정공업사 (대저2동)",1명,2026-09-08 21:01:51
https://www.jobkorea.co.kr/Recruit/GI_Read/5591495/Ext?siteCode=WN&sc=,140300,토목 기술자 모집합니다. (현장 시공 또는 공무) 계약직 1개월이나 연기되어서 26년 말까지로 연장가능성있습니다.,토목공학 기술자,-,학력무관,경력,"연봉 6,000만원 이상",고용형태,"부산광역시 북구 생태공원길 79, 화명생태공원 내 (화명동)",1명,2026-09-08 21:01:51
https://www.jobkorea.co.kr/Recruit/GI_Read/5592092/Ext?siteCode=WN&sc=,813207,"■ (주)성진스틸 현장 생산직 모집 * 파이프 밴드쇼 절단 작업 등 * 경력 6개월 이상 우대 * 상여금 기본급에 10% 매월지급(면접시 문의) * 교통비 지급 : 근무일수*6,500 * 수주여부에 따라 연장근로 있음 * 상여금(성과급,명절, 장기근속수당 등) 면접시 협의",프레스기 및 절단기 조작원,-,학력무관,경력,"시급 10,320원 이상",고용형태,"부산광역시 강서구 미음산단로 144, . (구랑동)",1명,2026-09-08 21:01:51
https://www.jobkorea.co.kr/Recruit/GI_Read/5592722/Ext?siteCode=WN&sc=,813201,"[cnc선반 금속가공, 피팅관련 오프레이터및 작업자 구합니다] cnc선반 오프레이터, 작업자모집 -월화목금 (오전) 8시 ~(오후) 8시 (고정연장포함) -수요일(오후)5시퇴근 -연봉 3400~5500만원(경력 협의) -사상구 삼락동",CNC 선반 조작원(NC 선반 조작원),CNC lath가공원,학력무관,경력,"연봉 3,400만원 ~ 5,500만원",고용형태,"부산광역시 사상구 낙동대로1318번길 60, 태원이엔지 (삼락동)",2명,2026-09-08 21:01:51
https://www.jobkorea.co.kr/Recruit/GI_Read/5592683/Ext?siteCode=WN&sc=,159103,"저희 전진L&T는 근면성실히 근무하는 직원을 모집하고 있습니다. 캐드 캠 설계업무 -전개작업 가능 필수 레이저업체 경력자 우선채용 연장근로시간 포함 월~금:08:00~20;00 휴게시간: 09:30~10:00,11:30~12:30,14:30~15:00,17:00~18:00 토:08:00~12:00 격주휴무 휴게시간: 09:30~10:00 연장근로수당 및 토요수당 월급에 포함 (면접후 재조정 가능)",기계·금속 제도사(캐드원),기계제도기능사,학력무관,경력,월급 380만원 이상,고용형태,"부산광역시 사상구 학감대로192번길 69, 사상구 학감대로192번길69 전진엘앤티 (학장동)",1명,2026-09-08 21:01:52
https://www.jobkorea.co.kr/Recruit/GI_Read/5592693/Ext?siteCode=WN&sc=,531800,"[낙민동]요양병원 조리사/조리원 모집 - 요양병원 조리/조리보조 등의 업무 - 조리사 자격증 필수 (종류무관) - 주말포함 5일 스케줄근무 (월 9회 휴무, 연차별도) - 근무시간 :오전6시~오후6시 (휴게포함) - 월급여 225~250만원, 정규채용 - 동래시장 정거장(29.31.43.44.49.52.57번) 참사랑요양병원 *대로변 위치. 접근성이 좋습니다. *조리사 면허증 보유하신 분, 조리는 안하셔도 됩니다. *배식없습니다. *자세한 사항은 전화로 안내하겠습니다. (070-4370-6953)",단체급식 조리사,-,학력무관,관계없음,월급 225만원 ~ 250만원,고용형태,"부산광역시 동래구 충렬대로 258, 참사랑요양병원 (낙민동)",2명,2026-09-08 21:01:52
https://www.jobkorea.co.kr/Recruit/GI_Read/5592584/Ext?siteCode=WN&sc=,824101,CO2용접 가능자 취부사 도면해독가능자 우대,가스용접원(산소용접원),산소아세틸렌용접원,학력무관,경력,월급 350만원 ~ 360만원,고용형태,"부산광역시 강서구 낙동남로622번길 51-1, 하림산업",1명,2026-09-08 21:01:52
https://www.jobkorea.co.kr/Recruit/GI_Read/5592619/Ext?siteCode=WN&sc=,814002,"◆ 광안리 해수욕장 소재 호텔 시설 관리 직원 구인 [주당비휴] ◆ ■ 업무내용 : 호텔 시설물 관리 및 유지, 가스시설관리, 냉방기 조작, 영선업무 등 ■ 필수사항 : 상기 업무 경력자, 전기+영선 업무 가능자 ■ 급여액 : 월 2,392,931원(세전) ■ 복지 : 식사제공, 4대보험, 연차, 간식제공, 유니폼제공, 휴게실 ■ 근무형태 : 주간/당번/비번/휴무(반복) ■ 근무시간 : 주간 09:00 ~ 18:00 / 당번 09:00 ~ 익일 09:00 (휴게시간 및 대기시간 포함) ※ 최대한 빠른 시일 내 출근 가능하신 분들 지원 부탁드립니다. ※ 함께 협력하여 일하는 것에 최적화된 분들 역시 많은 지원 부탁드립니다.",건물용 냉난방 설비 조작원,아파트보일러기계실영선원,학력무관,경력,월급 239만원 ~ 239만원,고용형태,부산광역시 수영구 광안해변로 217 (광안동),1명,2026-09-08 21:01:52
https://www.jobkorea.co.kr/Recruit/GI_Read/5592809/Ext?siteCode=WN&sc=,550102,"<남구 감만동 석포로(우암자유) 인근 거주> * 3등급 여자대상자: 독거 * 주6일(월26회) * 08:30~11:30 * 가사지원, 식사지원, 일상생활지원 등 * 시급 10,320원 (수당 별도지급)",재가 요양보호사,-,학력무관,관계없음,"시급 10,320원 이상",고용형태,"부산광역시 남구 석포로56번길 31, 석포로(우암자유) 인근 거주 (감만동)",1명,2026-09-08 21:01:52
https://www.jobkorea.co.kr/Recruit/GI_Read/5592143/Ext?siteCode=WN&sc=,140400,"[경력직]조경유지관리자 - 아파트 조경작업 일정 조정 -안전 점검 및 보고, 팀원교육 및 훈련 등 - 해당분야 경력1년이상, 운전가능자 필수 - 직무관련 자격증보유자 우대 -대연동(부산공업고등학교 인근) *부산/경남 지역 근무(출장가능)",조경 기술자,-,학력무관,경력,"시급 10,320원 ~ 10,320원",고용형태,부산광역시 남구 천제등로 60 (대연동),1명,2026-09-08 21:01:52
https://www.jobkorea.co.kr/Recruit/GI_Read/5592969/Ext?siteCode=WN&sc=,550102,70대 여성5등급 여자어르신 치매 5등급 어르신으로 치매교육 이수자 필수입니다. 근무시간 (오후 3시~6시),재가 요양보호사,재가요양보호사,학력무관,관계없음,"시급 10,320원 ~ 10,320원",고용형태,"부산광역시 북구 팽나무로8번길 8, . (구포동)",1명,2026-09-08 21:01:53
https://www.jobkorea.co.kr/Recruit/GI_Read/5592012/Ext?siteCode=WN&sc=,834000,"병원의 전기 및 시설 관련에 관한 전반적인 일상 점검, 유지보수 및 관리 관련 자격증 소지자 우대",전기 및 전자설비 조작원,-,학력무관,경력,월급 308만원 ~ 308만원,고용형태,"부산광역시 동구 정공단로 27, 좌천일신기독병원 (좌천동)",1명,2026-09-08 21:01:53
https://www.jobkorea.co.kr/Recruit/GI_Read/5592068/Ext?siteCode=WN&sc=,550102,"1. 방문요양보호사 모집 2. 근무지역 : 동래구 온천장 102, 경기워너비타 3. 업무시간 : 오전 07시00분~11시00분 (월~토 /주6일 근로/ 한달에 2번은 일요일 출근) 5. 주된 업무 : 가사 및 신체활동, 신변처리, 병원동행, 외출동행 지원 6. 시급제 : 주휴수당 등 발생 시 별도지급 7. 대상자 : 70대 남성 (월 112시간/ 2등급) 8. 비고 : 지체장애 1급/전동휠체어 이용 장애인활동지원사 경력자 우대",재가 요양보호사,재가노인요양사,학력무관,관계없음,"시급 10,320원 ~ 10,320원",고용형태,"부산광역시 동래구 온천장로 102, 00호 (온천동, 온천동 위너비타)",1명,2026-09-08 21:01:53
https://www.jobkorea.co.kr/Recruit/GI_Read/5593457/Ext?siteCode=WN&sc=,232100,"- 담임교사 채용공고(만0세) - 자격 및 우대사항 : 보육교사 1,2급, 사전직무교육이수자, 보수교육이수자 - 0세반 담임교사 아동 보육과 교육을 담당합니다. - 26. 9월부터 근무 가능한 교사(채용시 반개설 함)",보육교사,-,학력무관,신입,월급 231만원 ~ 233만원,고용형태,"부산광역시 동구 홍곡남로18번길 8, 자연어린이집 (수정동)",1명,2026-09-08 21:01:53
https://www.jobkorea.co.kr/Recruit/GI_Read/5593603/Ext?siteCode=WN&sc=,531200,"[송정동]장례식장식당 조리사 -접객음식(수육,국류 등) 및 상차림조리 -상차림 및 빈소 정리(빈소3개 소규모장례식장) -근무시간 : 운영시간(8:00~20:00) 내 협의 *업무특성상 탈상일 시 조출, 장례없을시 출근없음 등 -강서구 송정동 갑을녹산병원",한식 조리사,-,학력무관,관계없음,월급 230만원 ~ 230만원,고용형태,부산광역시 강서구 녹산산단321로 24-8 (송정동),1명,2026-09-08 21:01:54
https://www.jobkorea.co.kr/Recruit/GI_Read/5593441/Ext?siteCode=WN&sc=,852303,"[의료기기 제품 생산 및 포장] -의약외품 생산 기계조작 및 포장 -주5일, 8:30~17:30 (휴게포함) -월급여 215만원, 식사제공, 퇴직금별도 -기장군 장안읍 에코산단 -자차출퇴근가능하신분",의약품 생산기계 조작원,의약품제조원,학력무관,관계없음,월급 215만원 이상,고용형태,"부산광역시 기장군 장안읍 에코산단2로 28, 펜타스코리아",2명,2026-09-08 21:01:54
https://www.jobkorea.co.kr/Recruit/GI_Read/5593140/Ext?siteCode=WN&sc=,816200,"조립부 채용 공고 - 신입 지원 가능 / 경력 우대 - 수소 충전 장비, 수압시험기, 밸브시험기, 가스 부스터 등 고압 배관 조립 직무 경험자 우대 - 당사 제품 소개를 확인 후 지원 요망 ( www.enpos21.com 혹은 검색창에 '한국유수압' 검색) - 연봉 외 상여금 별도",기계 부품 조립원,-,학력무관,관계없음,"연봉 3,200만원 ~ 5,000만원",고용형태,"부산광역시 강서구 미음산단로 331, 한국유수압 (미음동)",1명,2026-09-08 21:01:54
https://www.jobkorea.co.kr/Recruit/GI_Read/5593666/Ext?siteCode=WN&sc=,531804,주간보호센터 조리사 선생님 모집합니다. 근무시간은 주5일 07:30 ~ 16:30 입니다. 수급자 어르신 평균 50명 입니다. 조리사 자격증 필수 입니다.,사업체 구내식당 급식 조리사,(회사)구내식당조리사,학력무관,경력,월급 215만원 ~ 215만원,고용형태,"부산광역시 동구 중앙대로 328, 4층 (초량동, 금산빌딩)",1명,2026-09-08 21:01:54
https://www.jobkorea.co.kr/Recruit/GI_Read/5593350/Ext?siteCode=WN&sc=,813201,CNC선반 조작/ 프로그램 가능자 경력 5년이상 가능,CNC 선반 조작원(NC 선반 조작원),CNC선반기능원,학력무관,경력,"연봉 5,000만원 이상",고용형태,부산광역시 사상구 모덕로96번길 67 (덕포동),2명,2026-09-08 21:01:54
https://www.jobkorea.co.kr/Recruit/GI_Read/5593191/Ext?siteCode=WN&sc=,550101,"[해운대 좌동] 주간보호센터 요양보호사 모집 - 근무처: 좌동순환로 243번길 에이스센텀스퀘어 301호 - 근무시간: 8시00분~17시00분(탄력 근무가능)/ 주5일(토요일근무) /40시간 - 업무내용: 전반적인 주간보호센터 요양보호사 업무 - 급여 :2,236,880 원 - 우대사항: 운전 가능자우대 - 고용24 이력서 제출 *** 실제 서비스 제공기간에 따라 임금을 계산하여 지급하는 형태로 채용 시 근로자마다 주 소정근로시간이나 임금, 근무(예정)지 등에 차이가 있을 수 있음.***",요양보호사(노인요양사),요양보호사,학력무관,관계없음,월급 223만원 이상,고용형태,부산광역시 해운대구 좌동순환로 243,1명,2026-09-08 21:01:54
https://www.jobkorea.co.kr/Recruit/GI_Read/5593630/Ext?siteCode=WN&sc=,307500,* 직무내용 :동네 의원에서 기본적으로 수행하는 접수 및 주사 처치 업무 (iv 라인 포함) * 근무시간 : 주 2-3일 <월~금:9시~18시 / 토:9~13시> - 월요일 수요일 2일 또는 월요일 수요일 토요일 3일 * 표기 급여는 세후 금액,간호조무사,-,학력무관,경력,"일급 100,000원 ~ 120,000원",고용형태,"부산광역시 부산진구 백양관문로77번길 51, 205호 연세김의원",1명,2026-09-08 21:01:55
https://www.jobkorea.co.kr/Recruit/GI_Read/5593471/Ext?siteCode=WN&sc=,621200,선박 폐유 및 폐기물 수거 작업 (해양선박/유창 청소업) -근무시간 : 선박운항스케쥴에 따라 유동적인 근무/주1회이상 휴무 **주40시간 초과야간 수당 별도지급 -급여 : 주40시간 기준 급여 : 세전 300만원 주40시간 초과 급여 : (초과근무+야간수당) 별도지급 4대보험 가입 -영도/중구/서구 사시는분 우대합니다 // 선박스케쥴에 맞춰 근무 가능하신분 ★근무지 : 영도구 남항서로85 (선용품센터)앞에 ...선박 및 트럭 차고지가 있습니다.,선장 및 항해사‧도선사,-,학력무관,관계없음,월급 300만원 ~ 300만원,고용형태,"부산광역시 동구 중앙대로332번길 8, 서남빌딩 602 (초량동, 서남빌딩)",1명,2026-09-08 21:01:55
https://www.jobkorea.co.kr/Recruit/GI_Read/5591762/Ext?siteCode=WN&sc=,028505,"안녕하세요 등푸른식품입니다 당사는 냉동 고등어,갈치,삼치,새우 등 다양한 수산물을 제조·가공하는 업체로, 제품의 품질과 위생관리를 담당할 품질관리팀 팀원 1명을 충원하고 있습니다. 식품·수산물 품질관리에 관심이 있으신 분, HACCP 및 품질관리 업무를 배우며 함께 성장하고 싶은 분들의 많은 지원 바랍니다. 😊모집부문 -품질관리팀 팀원 1명 😊담당업무 -HACCP 관리 및 관련 서류 작성·관리 -제조공정 및 작업장 위생관리 -제품 표시사항 및 식품 관련 법규 검토·관리 -식품 관련 관공서 점검 및 거래처 Audit 대응 -기타 전반적인 품질관리 업무 😊지원자격 -신입·경력 무관 -학력:무관 -식품 및 수산물 품질관리에 관심이 있으신 분 😊우대사항 -식품 관련 전공자 -수산물 HACCP 및 품질관리 업무 경험자 -미생물 검사 및 품질검사 경험자 -식품 관련 법규 및 표시사항 관리 경험자 -식품 관련 관공서 점검 및 거래처 Audit 대응 경험자 😊근무조건 -근무지역: 부산 사하구 다산로 265 -근무시간: 08:30 ~ 17:30 -근무요일: 주 5일 -급여: 면접 후 결정 😊이런 분을 찾습니다 수산물 제조·가공 현장에서 HACCP, 위생관리, 품질관리 등 식품 품질관리 업무를 폭넓게 경험하고 싶은 분이라면 신입도 지원 가능합니다. 관련 경험이 있으신 분은 경력과 역량을 고려하여 업무를 배정하며, 신입 지원자의 경우에도 품질관리 업무를 익혀가며 성장할 수 있도록 모집하고 있습니다. 품질관리 업무에 관심이 있는 분들의 많은 지원 바랍니다. 🔎 등푸른식품이 궁금하시다면? 자사 쇼핑몰: https://smartstore.naver.com/lifeandcook 자사 블로그: https://blog.naver.com/dprfood",생산관리 사무원(음식료품),음식료품 관련 생산관리원,학력무관,관계없음,월급 215만원 이상,고용형태,"부산광역시 사하구 다산로 265, 주식회사 등푸른식품",1명,2026-09-08 21:01:55
https://www.jobkorea.co.kr/Recruit/GI_Read/5593432/Ext?siteCode=WN&sc=,140300,"- 토목 시설물 정밀안전진단 및 정밀안전점검 등 * 사업장 위치, 교통편 확인하시고 면접 후 해당업체 출근, 취업의사 있는 분들만 고용24 접수 부탁드립니다. - 지원방법 : 고용24 회원가입-로그인-구직신청(경력 및 자격증등록 등)-구인공고 화면- 고용24 워크넷입사지원",토목공학 기술자,-,학력무관,관계없음,"연봉 3,000만원 ~ 5,500만원",고용형태,"부산광역시 사하구 낙동남로 1351, 미승빌딩",2명,2026-09-08 21:01:55
https://www.jobkorea.co.kr/Recruit/GI_Read/5591810/Ext?siteCode=WN&sc=,028508,전반적인 품질관리 업무 ▶품질 문서 수기/전산화 관리 ▶현대기아차 사출 SQ 유지 관리 ▶사내 품질 관리 ▶사외 품질(고객 불만 등) 대응 ※ 면접후 임금 협의 ※ ※ 경력 무관하나 관련 직종 유경험자 우대 ※ ※ 자차 보유자 우대 - 업무상 개인 차량 이용시 유지비 지급 ※,품질관리 사무원(기계·자동차·금속),-,학력무관,관계없음,"연봉 3,000만원 이상",고용형태,"부산광역시 사하구 다대로1066번길 64-12, 태성산업",1명,2026-09-08 21:01:56
https://www.jobkorea.co.kr/Recruit/GI_Read/5591446/Ext?siteCode=WN&sc=,813201,"건설중장비 유압 부품 제조업체로서 기술직 경력자를 모십니다 - 주물 및 단조품 가공 - 수직CNC 12"", 15"" 선반 및 수동 8"", 10"" - 컴퓨터 활용 가능자(★엑셀&캐드 가능자 우대) - 경력사항 꼭 적어주시기 바랍니다.",CNC 선반 조작원(NC 선반 조작원),CNC터닝선반조작원,학력무관,경력,"연봉 5,000만원 이상",고용형태,부산광역시 강서구 화전산단5로14번길 30 (화전동),1명,2026-09-08 21:01:56
https://www.jobkorea.co.kr/Recruit/GI_Read/5591764/Ext?siteCode=WN&sc=,550101,"1. 어르신 돌봄케어 2. 식사보조 3. 생활실 청소 등 4. 복합근무(야간) 가능 ----------- ""부산동부고용센터 채용대행 사업장입니다. 실업급여 등 형식적인입사지원은 자제해주시고 고용24로 입사지원해주시기바랍니다""",요양보호사(노인요양사),노인요양보호사,학력무관,관계없음,월급 215만원 ~ 215만원,고용형태,부산광역시 기장군 기장읍 차성로 260,1명,2026-09-08 21:01:57
https://www.jobkorea.co.kr/Recruit/GI_Read/5591767/Ext?siteCode=WN&sc=,813200,- YK스틸 내 사내협력업체 선우산업(주) 근무 - 집진기 관리 및 유지보수 업무(용접업무 포함) - 용접경력 우대 - 수습기간 3개월,금속 공작기계 조작원,그라인더조작원,학력무관,경력,월급 290만원 ~ 290만원,고용형태,"부산광역시 사하구 을숙도대로 760, YK스틸 내 선우산업(주) (구평동)",1명,2026-09-08 21:01:57
https://www.jobkorea.co.kr/Recruit/GI_Read/5591791/Ext?siteCode=WN&sc=,550100,"[덕천동] 주간보호센터 요양보호사 모집 ▷ 근무장소 : 그루터기재활노인주간보호센터 (부산시 북구 기찰로 3) ▷ 주업무 : 어르신 케어/ 프로그램 보조 진행 ▷ 부업무 : 송영업무(운전면허 2종 이상, 실제 운전가능자, 스타렉스 운전 우대) ▷ 근무시간 : 주 5일 09:00~18:00 (근무편성에 따라 일 8시간 근무에서 출/퇴근 시간조정) ▷ 휴게시간 : 12:50~13:50 ▷ 급여 : 월 2,160,000원 ▷ 복리후생 : 정기포상, 연말수당, 명절수당, 하계휴가비, 특별수당, 식대지원, 장기근속수당(자체) 등 (필수) 요양보호사, 운전면허 2종 이상 (실제 운전가능자, 스타렉스 운전필수) * 지원방법 : 이력서 팩스 또는 이메일(limhm00@naver.com)으로 접수 (방문 비희망) ※ 지원문의 : 051-504-5109, 팩스 051-501-5109 (그루터기재활노인 주간보호센터)",요양보호사,-,학력무관,관계없음,월급 216만원 ~ 216만원,고용형태,부산광역시 북구 기찰로 3 (덕천동),1명,2026-09-08 21:01:57
https://www.jobkorea.co.kr/Recruit/GI_Read/5592003/Ext?siteCode=WN&sc=,623004,"장비 (R/S, E/H) 운용 - 수습3개월 적용 (최저시급 90% 적용) 1. BNCT터미널 공컨 반출입 작업 2. OOG 작업 3. 수리장 작업 4. 경력 협의가능 5. 3조 2교대 (주주-야야-휴휴) 6. 통근차량 운행 (서면, 동래, 해운대)",지게차 운전원,지게차운전원,학력무관,관계없음,월급 285만원 이상,고용형태,"부산광역시 강서구 신항남로 586, BNCT 터미널 (성북동)",1명,2026-09-08 21:01:57
https://www.jobkorea.co.kr/Recruit/GI_Read/5591754/Ext?siteCode=WN&sc=,231101,사회복지관 3대 기능 사업 수행 - 서비스제공기능 - 지역조직화기능(주 업무) - 사례관리기능,사회복지사(사회복지시설),"사회복지사(사회복지시설, 노인복지시설, 장애인복지시설 등)",학력무관,경력,월급 220만원 ~ 239만원,고용형태,부산광역시 해운대구 아랫반송로1번길 15 (반송동),1명,2026-09-08 21:01:57
https://www.jobkorea.co.kr/Recruit/GI_Read/5591597/Ext?siteCode=WN&sc=,824100,* 도금 설비 제작/설치 업무 * CO₂용접 및 용접 조립 작업 * 제작도면 확인 및 제품 가공·조립 * 기타 현장 생산 관련 업무 *지방출장있음 *근무시간: 월~금 07:00~16:00 / 주말 격주 근무,용접원,-,학력무관,관계없음,월급 320만원 ~ 320만원,고용형태,"부산광역시 강서구 미음국제5로라길 46, 우성에프티씨 (미음동)",1명,2026-09-08 21:01:58
https://www.jobkorea.co.kr/Recruit/GI_Read/5591593/Ext?siteCode=WN&sc=,823301,동합금품 및 스텐 주물회사로 조형공을 구합니다 CO2조형을 주로하며 성실하신 신체 건강하신분을 원합니다.,"주조원(목형원, 원형원, 주형원)",모형원,학력무관,관계없음,월급 250만원 이상,고용형태,부산광역시 강서구 화전산단5로38번길 8,1명,2026-09-08 21:01:58
https://www.jobkorea.co.kr/Recruit/GI_Read/5591622/Ext?siteCode=WN&sc=,813203,-NC보링기 (근무시간) 기본 : 오전 8시 30분 ~ 오후 5시 30분 고정연장 : 오후 5시 30분 ~ 오후 6시 30분(1시간) *오후 5시 30분 ~ 오후 6시 30분(1시간) 고정 연장근무로 잔업수당 별도 지급 *기본 월급여 335만원,CNC 밀링기 조작원(NC 밀링기 조작원),버티칼밀링기조작원,학력무관,경력,월급 335만원 ~ 335만원,고용형태,부산광역시 강서구 화전산단6로32번길 17 (화전동),1명,2026-09-08 21:01:58
https://www.jobkorea.co.kr/Recruit/GI_Read/5591084/Ext?siteCode=WN&sc=,550102,"-대상자 : 5등급 90대 남자어르신(치매교육 이수 필수) 가족 함께 거주 -근무장소 : 부산시 해운대구 우동 센텀현대 아파트 -직무내용 : 인지활동형 프로그램 실시, 일상생활 함께하기 등 -근무형태 : 주 3 일(월,수,금) 9-12시 -시급13,000원(기본 시급 10,320원 + 주휴·연차수당 포함)",재가 요양보호사,-,학력무관,관계없음,"시급 10,320원 ~ 10,320원",고용형태,"부산광역시 해운대구 해운대로469번길 190, - (우동, 센텀현대아파트)",1명,2026-09-08 21:01:58
https://www.jobkorea.co.kr/Recruit/GI_Read/5592995/Ext?siteCode=WN&sc=,813200,"[화전동]호빙 CNC 가공생산직 -CNC, 호빙머신 기계가공, 생산 (호빙기 가공 : 기계 부품의 정밀 가공 작업) -경력자 우대, 신입가능 -주5일, 8:00~17:00(식사 및 휴게포함) -시급 10,320원 이상(경력에 따른 협의) -부산은행 화전공단지점 인근",금속 공작기계 조작원,-,학력무관,관계없음,"시급 10,320원 ~ 10,320원",고용형태,"부산광역시 강서구 화전산단2로 74, 태원공업(주) (화전동)",1명,2026-09-08 21:01:58
https://www.jobkorea.co.kr/Recruit/GI_Read/5591081/Ext?siteCode=WN&sc=,550102,"[북구지역자활센터] 재가 요양보호사 모집 ■ 모집직종 : 재가요양보호사 ■ 지원자격 : 요양보호사 자격증 소지자 ■ 근무조건 *근무시간 : 오전 9시 ~ 오후 6시(대상자별 일정에 따라 변동 가능) *근무요일 : 월·화·목·금 (수요일 휴무) / 주 24시간 근무 * 협의하에 근무시간 조절가능 *한 가정당 3시간 서비스 제공 / 하루 2가정 방문 / 월·목 동일 대상자 방문 / 화·금 동일 대상자 방문 ■ 담당업무 가사 및 일상생활 지원, 정서지원 서비스, 대상자 가정 방문 및 돌봄 서비스, 대상자 순회 관리 ■ 고용형태 : 12개월 계약직 ■ 급여 : 시급 10,320원 (제수당 포함시 12,900원) ■ 근무지역 : 부산 북구 금곡동2명, 덕천동2명 (대상자 거주지에 따라 상이) ■ 제출서류 : 이력서, 경력증명서 (경력자에 한함) ■ 지원방법 : 방문 또는 문의 : 051-341-9840 (이메일 : gupostation@daum.net)",재가 요양보호사,-,학력무관,관계없음,"시급 10,320원 이상",고용형태,"부산광역시 북구 만덕3로 13, 2층 (만덕동)",1명,2026-09-08 21:01:58
https://www.jobkorea.co.kr/Recruit/GI_Read/5593053/Ext?siteCode=WN&sc=,159106,"- 담당업무 : 프로젝트 설계, 제작, 정산도면 1 . 대기방지시설 및 폐수처리시설 배치, 제작도 - 여과집진장치, 세정집징장치, 흡착탑, 폐수처리장 등 2. 후드 설계 및 배출량 산정 3. 배관 및 덕트 설계 4. 산업기계 5. 공정관리 - 직원 충원합니다. 경력자 모집합니다. - 업무능력에 따라 급여 조정 가능하며.(성과금 지급합니다) - 함께 일할 성실한 직원을 모집합니다..",기타 제도사(캐드원),-,학력무관,경력,"연봉 5,000만원 이상",고용형태,"부산광역시 강서구 신호삼로87번길 19, (주)디앤블루션 (신호동)",1명,2026-09-08 21:01:59
https://www.jobkorea.co.kr/Recruit/GI_Read/5593605/Ext?siteCode=WN&sc=,415402,"[모집직무] 일러스트레이터, 포토샵 인쇄 후가공원 [직무소개] 우리 회사는 다양한 광고물을 디자인하고 제작하는 업체입니다. 주요 업무는 디자인 작업부터 출력 후가공까지 다양하게 수행합니다. [주요업무] - 현수막, 배너, 광고물 디자인 - 일러스트, 포토샵 작업 - 시트지 컷팅 및 출력물 코팅 - 재단 및 포스트 프로세스 작업",책·인쇄물·출판 디자이너,편집디자이너,학력무관,경력,월급 220만원 ~ 240만원,고용형태,부산광역시 사상구 삼덕로 50-1,1명,2026-09-08 21:01:59
https://www.jobkorea.co.kr/Recruit/GI_Read/5593499/Ext?siteCode=WN&sc=,232904,"- 1톤 탑차 운행 - 기부식품 수령/운반/전달/정리, 푸드마켓 관리 등",그 외 사회복지 종사원,-,학력무관,신입,월급 109만원 ~ 113만원,고용형태,"부산광역시 남구 지게골로 139-33, 지게골복지관 (문현동)",1명,2026-09-08 21:01:59
https://www.jobkorea.co.kr/Recruit/GI_Read/5593088/Ext?siteCode=WN&sc=,550100,"통합돌봄 가사지원 돌봄 서비스 요양보호사 구인 - 58년생 / 여성 / 기장읍 대청로 - 양쪽 손목 골절 후유증으로 요리, 청소, 세탁 등 가사지원 서비스 제공 필요함 식사준비, 반찬만들기, 청소등 가사 지원 서비스 요청 - 09시~13시 희망 - 요양보호사 자격증 필수 -시급:14,250 (제세수당포함) - 전화접수,방문접수 051-727-3990 ** 가사지원 통합돌봄은 시작일로 부터 20회(하루 4시간 근무) 합니다. 한달 우선적으로 진행되며, 추가 지원 필요 시 연장 요청하여 추가 2개월(40회) 추가됩니다. 3개월 근무 하는 일이니 내용 확인하시고 지원 부탁드립니다.",요양보호사,-,학력무관,관계없음,"시급 14,250원 ~ 14,250원",고용형태,"부산광역시 기장군 대청로71번길 29-8, 402호 (아진빌라)",1명,2026-09-08 21:01:59
https://www.jobkorea.co.kr/Recruit/GI_Read/5592004/Ext?siteCode=WN&sc=,883100,"선박용 가구 생산 재단, 가공,조립, 포장 등등 관련 경험자 우대",가구 제조 및 수리원,-,학력무관,관계없음,월급 240만원 ~ 320만원,고용형태,부산광역시 기장군 정관중앙로 211,2명,2026-09-08 21:01:59
https://www.jobkorea.co.kr/Recruit/GI_Read/5593506/Ext?siteCode=WN&sc=,159103,"기계설계업무, 기계전공필수, 산업기계 (제철 제강) 설비관련 경력 5년이상 필수",기계·금속 제도사(캐드원),기계제도사,학력무관,경력,월급 300만원 ~ 300만원,고용형태,"부산광역시 강서구 과학산단1로103번길 17, 나동 (지사동)",1명,2026-09-08 21:02:00
https://www.jobkorea.co.kr/Recruit/GI_Read/5593086/Ext?siteCode=WN&sc=,821200,1. 알루미늄 원소재(코일)를 기계설비로 임가공하여 판재 형태로 가공 - 설비기계조작 및 제품포장등 생산관련 업무,금속가공 기계 조작원,-,학력무관,관계없음,"시급 10,320원 이상",고용형태,"부산광역시 기장군 정관읍 산단7로 8-32, 부산광역시 기장군 정관읍 산단5로 104-5",1명,2026-09-08 21:02:00
https://www.jobkorea.co.kr/Recruit/GI_Read/5591657/Ext?siteCode=WN&sc=,550101,"1. 채용분야 : (요양원) 요양보호사 2. 채용구분 : 계약직 / 3개월의 수습기간이 있으며, 평가를 통해 정규직 채용 여부 판단함. 3. 채용인원 : 5명 4. 자격조건 ① 요양보호사 자격증 소지자 ② 사회복지사업법에 따라 사회복지시설 종사자 결격사유에 해당되지 않는 자 ③ 범죄경력 조회 시 결격사유가 없는 자 ※ 경력자 우대, 근거리 거주자 우대, 엔젤시스템 사용 경험자 우대 5. 주요업무 - 신체활동 지원 : 식사 도움 및 개인위생 위생 활동, 몸단장, 체위변경, 이동, 화장실 이용 도움, 신체기능 증진 활동 등 - 인지활동 지원 : 화상 훈련, 기억력 향상 활동, 남아있는 기능의 유지, 향상을 위한 인지 자극 활동 등 - 일상생활 지원 : 수급자 방 청소 및 환경 관리, 빨래, 식사 준비, 설거지, 외출 동행 등 - 정서 지원 : 말벗, 의사소통 도움 등 6. 근무시간 : 3교대 (D 07:00-16:00 / E 11:00-20:00 / N 20:00-08:00 / 근무시간 8시간) 7. 급여기준 : 월 2,156,880원 이상(세전), 연장 및 야간 근무수당 별도지급 8. 제출서류 ① 이력서 ② 자격증 사본 ※ 기타 서류는 채용확정 후 안내 예정 9. 서류접수 ① 접수기간 : 2026년 8월 26일 ~ 채용시까지 ② 접수방법 : 방문접수, 이메일, 우편 ③ 접수처 : 부산광역시 남구 신선로 506, 1층 사무실 (대연동, 남안성요양센터) 10. 채용방법 1차 서류심사 → 2차 면접심사(서류심사 합격자에 한하여 면접일시 개별 통보) → 3차 최종합격자 발표(면접심사 합격자에 한하여 개별 통보) 11. 문의 남안성 요양센터 / 051-621-3393",요양보호사(노인요양사),요양보호사,학력무관,관계없음,월급 215만원 ~ 215만원,고용형태,부산광역시 남구 신선로 506 (대연동),5명,2026-09-08 21:02:00
https://www.jobkorea.co.kr/Recruit/GI_Read/5588614/Ext?siteCode=WN&sc=,890000,"어구, 어망제작 생산직 사원을 모집합니다 그물조립업무 - 수작업 관련 직종 및 어선 유경험자 및 경력자 우대 수습기간 3개월 적용후 급여 협의 가능",기타 제조 관련 단순 종사원,권선공,학력무관,관계없음,"시급 11,300원 이상",고용형태,"부산광역시 사하구 다산로 190, (주)케이티아이 (다대동)",1명,2026-09-08 21:02:00
https://www.jobkorea.co.kr/Recruit/GI_Read/5588188/Ext?siteCode=WN&sc=,231101,"※ 사회복지사업법 제35조에 따른 결격사유 미해당 자 ※ 국가공무원복무규정 제25의 영리업무 미해당 자 ※ 건강가정사 또는 2급이상의 사회복지사 자격증 소지자 1. 운영총무팀 팀원 (계약기간: 26.10.01.~27.03.29.) • 다문화가족 방문교육사업 - 대상자 선정 및 관리 - 방문교육지도사 채용, 교육, 관리 - 서비스 연계 및 관리 등 • 결혼이민자 역량강화지원(한국어교육) • 가족과 함께하는 지역공동체 - 다문화가족 자조모임 운영 등 • 기타 센터가 정하는 업무 2. 가족지원팀 팀원(계약기간: 26.10.01.~27.12.29.) • 가족과 함께하는 지역공동체 - 다문화이해교육 - 상호문화이해교육 - 부산가족축제 • 가족생활 - 1인가구지원사업 • 기타 센터가 정하는 업무",사회복지사(사회복지시설),-,대졸(4년)~석사,관계없음,월급 228만원 ~ 228만원,고용형태,"부산광역시 금정구 중앙대로 1992, 2-3층 (남산동, 2층)",2명,2026-09-08 21:02:00
https://www.jobkorea.co.kr/Recruit/GI_Read/5588499/Ext?siteCode=WN&sc=,852201,"- 플라스틱 사출성형기 조작원 - 초보가능. 경력, 학력, 자격 관계없음 - 주야간 2교대 ** 채용시 제출서류 : 주민등록등본 1통, 사진 1장, 신분증 사본 (사무실에서 복사 가능) -> 첫 출근시 제출 (미제출시 채용 보류)",플라스틱 사출성형기 조작원,플라스틱이서트사출기조작원,학력무관,관계없음,"시급 10,320원 ~ 10,320원",고용형태,"부산광역시 사하구 하신번영로 427, 에스엠인더스트리 (하단동)",4명,2026-09-08 21:02:00
https://www.jobkorea.co.kr/Recruit/GI_Read/5588650/Ext?siteCode=WN&sc=,821100,고용화 열처리 현장직 사원 모집합니다 평일 08:30 ~ 19:00 토요일 08:30~12:30(한달 2번 토요일 휴무) 일요일및 4대절 휴무 임금 340만원이상 (상여금 별도 협의) 퇴직연금 4대보험 금속제품 열처리 업무입니다 지게차 운전 가능하시거나 용접가능하신분 환영입니다 ( 오셔서 배우셔도 됩니다 운전만 하실줄 알면 되요),금속가공 관련 제어 장치 조작원(용광로·용해로·금속가열로),금속용광로조작원,학력무관,관계없음,월급 340만원 ~ 340만원,고용형태,"부산광역시 사상구 장인로 77, 미래금속테크",1명,2026-09-08 21:02:01
https://www.jobkorea.co.kr/Recruit/GI_Read/5593282/Ext?siteCode=WN&sc=,026200,"수산물 국내 영업직 '경력사원' 모집 <급여조건> 1. 월급 300만원(세전) 이상 2. 경력 및 역량에 따라 면접 후 협의 가능 (월급 300만원~500만원) 3. 인센티브 및 성과급 : 영업 실적에 따라 별도 지급 근무시간 : 07시30분 ~ 16시30분까지, 주5일 근무 점심시간 : 12시 ~ 13시까지 4대보험, 퇴직금, 식대제공, 월차.연차 사용가능 3개월 수습기간 필수",영업 및 마케팅 사무원,-,학력무관,경력,월급 300만원 ~ 500만원,고용형태,부산광역시 서구 충무대로 166-41 (남부민동),1명,2026-09-08 21:02:01
https://www.jobkorea.co.kr/Recruit/GI_Read/5589359/Ext?siteCode=WN&sc=,890004,"(주)세도(이하 당사)에서 신입사원 모집합니다. 직종: 생산직(탈수공정) 근무시간: 08:00 ~ 19:00 (주5일, 휴게 2시간), 소정 근로시간 초과 시 잔수당 지급 당사는 의류용, 산자용 폴리에스터 니트 및 트리코트 원단 과 나이론 원단을 염색가공을 주 업으로 하는 염색공장 입니다. 회사와 같이 성장할 성실한 분들의 지원을 당부 드립니다.",섬유·의복 분야 단순 종사원,섬유분야단순노무자,학력무관,관계없음,"시급 10,320원 ~ 10,320원",고용형태,"부산광역시 사하구 하신번영로73번길 34, 1",1명,2026-09-08 21:02:02
https://www.jobkorea.co.kr/Recruit/GI_Read/5589499/Ext?siteCode=WN&sc=,813201,CNC 탭핑 가공 조작원(주업무) 초보자도 가능,CNC 선반 조작원(NC 선반 조작원),CNC lath가공원,학력무관,관계없음,"시급 10,320원 이상",고용형태,"부산광역시 강서구 범방3로30번길 42, (주)신미정공 (범방동)",1명,2026-09-08 21:02:02
https://www.jobkorea.co.kr/Recruit/GI_Read/5589747/Ext?siteCode=WN&sc=,028406,"자재 관리 업무 → 생산 자재 구입, 재고 관리 외 관리 업무 생산 관리 업무 (당사 소개) 당사는 AIRLESS PUMP, 이액형 PUMP SPRAY GUN 등 도장장비 전문 업체로 현대중공업, 삼성중공업, 한화오션, 성동조선 등에 약 80%를 납품하는 1차 등록업체로서 신축 공장 (생곡 공단) 확장 이전 되어, 회사와 함께 성장해 갈 수 있는 신실한 분들을 모시고자 합니다.",자재·구매 사무원(일반 사업체),-,학력무관,경력,"연봉 4,000만원 이상",고용형태,"부산광역시 강서구 생곡로 258, 한길정공 (생곡동)",1명,2026-09-08 21:02:02
https://www.jobkorea.co.kr/Recruit/GI_Read/5589743/Ext?siteCode=WN&sc=,612100,"기술영업 업무 관련 국내,국외 영업 업무 관련 → 조선소 영업 (도장장비 영업 경력자 우대) → 기 거래처 및 신규 거래처 영업 → 수주관리 해외 무역 업무 관련 (당사 소개) 당사는 AIRLESS PUMP, 이액형 PUMP SPRAY GUN 등 도장장비 전문 업체로 현대중공업, 삼성중공업, 한화오션, 성동조선 등에 약 80%를 납품하는 1차 등록업체로서 신축 공장 (생곡 공단) 확장 이전 되어, 회사와 함께 성장해 갈 수 있는 신실한 분들을 모시고자 합니다.",기술 영업원,-,대졸(2~3년)~박사,경력,"연봉 4,200만원 이상",고용형태,"부산광역시 강서구 생곡로 258, 한길정공 (생곡동)",1명,2026-09-08 21:02:02
https://www.jobkorea.co.kr/Recruit/GI_Read/5590113/Ext?siteCode=WN&sc=,232100,"[보육 > 놀이지도] 영아놀이 참여·촉진하기,유아놀이 참여·촉진하기,놀이연계 및 통합하기 보육계획수립 및 교실환경꾸미기 지역사회연계활동 및 부모관련 행사 등 영아반 증설로 인하여 2026년 으뜸어린이집과 함께 하실 선생님을 모집합니다. **모집인원 1명(1세반) 1.지원자격: 보육교사 3급이상 자격소지자 2. 제출서류: 이력서(사진포함), 자기소개서, 보육교사자격증, 경력증명서 1부(경력자한함) 3. 접수방법: 이메일접수(jmatha@naver.cpm) *문의사항은 어린이집으로 연락주세요. 4. 안내사항-제출된 서류는 채용목적외 사용하지 않으며, 반환되지 않습니다. 5. 문의사항 051-328-2482",보육교사,어린이집교사,대졸(2~3년)~대졸(4년),경력,월급 230만원 ~ 250만원,고용형태,"부산광역시 사상구 백양대로 527, 1층 으뜸어린이집 (주례동)",1명,2026-09-08 21:02:02
https://www.jobkorea.co.kr/Recruit/GI_Read/5589531/Ext?siteCode=WN&sc=,550101,"- 주간보호다니시는 2등급 여자 어르신이십니다. - 화장실도 혼자서 거동가능하시며, 치매증상이 조금 있으십니다. - 주말에는 가사 및 일상생활 그리고 샤워진행 요청드립니다. - 일요일 5시간",요양보호사(노인요양사),-,학력무관,신입,"시급 10,320원 ~ 10,320원",고용형태,부산광역시 북구 화명대로 10 (화명동),1명,2026-09-08 21:02:02
https://www.jobkorea.co.kr/Recruit/GI_Read/5589464/Ext?siteCode=WN&sc=,550100,"[석대동]재가요양보호사 -4등급 90대 초반 여자어르신, 독거 -주5일(월~금), 9:00~12:00(3시간) -식사 및 청소 도움, 일상생활지원 -시급 10,320원 (제수당 별도) -석대동 해운대 수목원 진입로 근처 [일상생활기능지원 > 신체활동지원] 식사보조하기,이동보조하기,대소변보조하기,목욕보조하기,용모관리하기 [일상생활기능지원 > 가사활동지원] 식사준비하기,청소지원하기,의복관리하기 [일상생활기능지원 > 건강지원] 위생지원하기,약물복용지원하기,의료기관이용지원하기,재활운동보조하기 [일상생활기능지원 > 일상생활 위험관리] 안전교육하기,위험예방하기,응급상황대처하기",요양보호사,-,학력무관,경력,"시급 10,320원 이상",고용형태,"부산광역시 해운대구 반송로617번길 31, 인근 (석대동)",1명,2026-09-08 21:02:02
https://www.jobkorea.co.kr/Recruit/GI_Read/5589553/Ext?siteCode=WN&sc=,232903,"1. 목요일, 금요일, 토요일 근무/ (07시00분 ~ 21시00분까지 ) 월 200시간 정도 2. 일요일 격주 근무 (07:00 ~ 21:00) 3. 50대 여자 대상자입니다./ 지체장애 *시급 13,600원 (주휴 등 제수당포함)",장애인 생활지도원(장애인활동보조원 포함),장애인활동지원사,학력무관,관계없음,"시급 10,320원 이상",고용형태,"부산광역시 사상구 모라로110번길 121, 1 (모라동, 주공아파트1단지)",1명,2026-09-08 21:02:03
https://www.jobkorea.co.kr/Recruit/GI_Read/5589753/Ext?siteCode=WN&sc=,151100,설계 및 승인도서 작업,기계공학 기술자 및 연구원,-,학력무관,경력,"연봉 3,300만원 ~ 5,000만원",고용형태,부산광역시 강서구 미음산단3로 93 (미음동),1명,2026-09-08 21:02:03
https://www.jobkorea.co.kr/Recruit/GI_Read/5590406/Ext?siteCode=WN&sc=,550100,"[온천동] 재가 요양보호사 선생님 모집 - 동래구 충렬대로 1473번길 24, 삼정그린코아더시티오피스텔 - 2등급 80대 어르신(근무중에는 혼자계심, 아들출근) - 근무시간 : 주 6일(화~ 일) /10:00~13:00 주 6일(화~일) / 15:10~18:10 *오전오후 한사람이 하셔도 됩니다 - 시급 : 10,320원(수당 포함 시 약 13,100원) - 오른쪽팔 약간의 편마비, 기저귀케어, 부축이동지원, 식사준비지원 등 일반적인 요양보호사 업무 ※ 문의 051-550-4938 [ 동래구청 일자리센터] ※",요양보호사,-,학력무관,경력,"시급 10,320원 ~ 13,100원",고용형태,"부산광역시 동래구 중앙대로1473번길 24, 4층 (온천동)",2명,2026-09-08 21:02:03
https://www.jobkorea.co.kr/Recruit/GI_Read/5589904/Ext?siteCode=WN&sc=,561100,"[부산진구청 채용대행] [전포동] e편한세상 시민공원 아파트 미화원 채용 공고 ▷ 업체명 : ㈜비앤에이서비스 ▷ 근무장소 : e편한세상 시민공원 아파트 (전포동/부전역 8번출구 5분거리) ▷ 근무내용 : 아파트 내부 미화업무 ▷ 근무시간 : 월-금 09:00-16:00, 토 09:00-12:00 (휴게시간 12:00~13:00) ▷ 급여 : 1,748,880원 ▷ 신주 없음 * 문의사항은 부산진구청 취업정보센터로 전화주세요(☎051-605-6401) * 구인처의 사정에 따라 조기마감 될 수 있으니 빠른 지원 바랍니다. * 다만, 실제 서비스 제공기간에 따라 임금을 계산하여 지급하는 형태로 채용 시 근로자마다 주 소정근로시간이나 임금, 근무(예정)지 등에 차이가 있을 수 있습니다.",건물 청소원,-,학력무관,경력,월급 174만원 ~ 174만원,고용형태,"부산광역시 부산진구 진남로 455, . (전포동, e편한세상 시민공원 1단지)",1명,2026-09-08 21:02:03
https://www.jobkorea.co.kr/Recruit/GI_Read/5589631/Ext?siteCode=WN&sc=,813202,**시험편가공 업체 **범용 선반 조작 가능자 **프로그램 가능자 **경력자 우대,범용 선반 조작원,유압자동선반조작원,학력무관,경력,"연봉 4,500만원 이상",고용형태,부산광역시 사상구 낙동대로1302번길 33 (삼락동),2명,2026-09-08 21:02:03
https://www.jobkorea.co.kr/Recruit/GI_Read/5589519/Ext?siteCode=WN&sc=,890000,"* 주식회사 폴리닉스(정관읍 산단3로 59) * 생활용 브러쉬, 낚시줄 생산보조, 브러쉬 모 뽑는일, 포장 등 * 주 5일 2교대 근무( 08:00~19:00 / 19:00~ 익일 08:00 ) * 시급 10,320원 * 퇴직금, 중식제공 * 접수방법-고용24입사지원,채용담당자이메일(info@polynix.co.kr)방문, 전자우편, 팩스(이력서) * 채용담당자- 051-522-0383 팩스 051-522-0373 이메일 info@polynix.co.kr",기타 제조 관련 단순 종사원,권선공,학력무관,관계없음,"시급 10,320원 ~ 10,320원",고용형태,"부산광역시 기장군 정관읍 산단3로 59, (주)폴리닉스",1명,2026-09-08 21:02:03
https://www.jobkorea.co.kr/Recruit/GI_Read/5589664/Ext?siteCode=WN&sc=,016300,"CAD 업무 → AUTO CAD를 이용한 설계 설계 및 개발 업무 (당사 소개) 당사는 AIRLESS PUMP, 이액형 PUMP SPRAY GUN 등 도장장비 전문 업체로 현대중공업, 삼성중공업, 한화오션, 성동조선 등에 약 80%를 납품하는 1차 등록업체로서 신축 공장 (생곡 공단) 확장 이전 되어, 회사와 함께 성장해 갈 수 있는 신실한 분들을 모시고자 합니다.",제품 생산 관련 관리자,-,학력무관,경력,"연봉 4,500만원 이상",고용형태,"부산광역시 강서구 생곡로 258, 한길정공 (생곡동)",1명,2026-09-08 21:02:04
https://www.jobkorea.co.kr/Recruit/GI_Read/5589202/Ext?siteCode=WN&sc=,550100,"[감만동]봉생힐링병원 -통합간호병동 요양보호사 -요양보호사 자격필수, 경력자 우대 -3교대 스케줄 근무 (7:00-14:00/14:00-22:00/22:00-7:00)",요양보호사,-,학력무관,경력,"시급 10,320원 ~ 10,320원",고용형태,"부산광역시 남구 양지골로 241, 봉생힐링병원 (감만동)",15명,2026-09-08 21:02:04
https://www.jobkorea.co.kr/Recruit/GI_Read/5589466/Ext?siteCode=WN&sc=,232903,"* 주례동 신주례 LG아파트 거주 - 50대 호흡기장애 여성 - 가사전반, 목욕도움, 월1회 병원동행 - 근무시간: 09:00~13:00 / 주5일 - 장애인활동보조교육 이수 필수 - 시급 13,400원(수당포함)",장애인 생활지도원(장애인활동보조원 포함),-,학력무관,관계없음,"시급 10,320원 ~ 13,400원",고용형태,"부산광역시 사상구 백양대로342번길 16 (주례동, 엘지신주례아파트)",1명,2026-09-08 21:02:04
https://www.jobkorea.co.kr/Recruit/GI_Read/5590224/Ext?siteCode=WN&sc=,026501,"*담당업무 - 제조업 생산관리사무(재고 및 발주,납기관련)에 전반적인 생산/출하/구매 관련 사무업무. 및 마감.결제 업무 *지원자격 -신입 (사원급) *우대사항 - 인근거주자 우대, 차량운전가능자 및 소지자 -컴퓨터 활용능력 우수",총무 및 일반 사무원,총무사무원,학력무관,신입,"연봉 3,000만원 ~ 3,100만원",고용형태,부산광역시 강서구 녹산산단165로14번길 7 (송정동),1명,2026-09-08 21:02:04
https://www.jobkorea.co.kr/Recruit/GI_Read/5589449/Ext?siteCode=WN&sc=,813201,CNC선반 셋팅 버핑,CNC 선반 조작원(NC 선반 조작원),CNC터닝선반조작원,학력무관,관계없음,"시급 10,320원 이상",고용형태,부산광역시 사상구 새벽로63번길 26 (학장동),5명,2026-09-08 21:02:04
https://www.jobkorea.co.kr/Recruit/GI_Read/5588172/Ext?siteCode=WN&sc=,852101,자동차부품 생산관리 및 품질관리,고무 사출성형기 조작원,고무사출기조작원,학력무관,경력,"연봉 4,000만원 이상",고용형태,부산광역시 기장군 정관읍 양수길 37 0,1명,2026-09-08 21:02:05
https://www.jobkorea.co.kr/Recruit/GI_Read/5589565/Ext?siteCode=WN&sc=,026202,영업관리 및 원자재 수입업무 사무원,영업 기획·관리·지원 사무원,영업기획사무원,대졸(4년),경력,"연봉 3,600만원 ~ 3,800만원",고용형태,"부산광역시 강서구 유통단지1로 41, 121동 211.212호 (대저2동)",1명,2026-09-08 21:02:05
https://www.jobkorea.co.kr/Recruit/GI_Read/5589438/Ext?siteCode=WN&sc=,852402,"(주)유한그린 안전벨트 제조라인 벨트조립, 단순 생산직 모집합니다.(주.부. 지원가능) - 새일인턴사업 연계 - 산업용 안전벨트 조립 / 생산 업무 - 기타 포장 보조 업무 (많지 않음) - 작업이 많을 시 연장 근무 있음(협의 가능) - 수습기간 3개월 있음 (급여 변동 없음) - 인근거주자 우대 -고용촉진대상자 우대 - 주5일 근무(08:30~17:30) - 연차 사용 - 근로자의 날 휴무 - 명절 선물 및 명절 상여금, 휴가비 지원 - 퇴직연금",플라스틱제품 조립원 및 검사원,플라스틱제품조립원,학력무관,관계없음,"시급 10,320원 ~ 10,320원",고용형태,부산광역시 사상구 새벽로167번길 126 (감전동),1명,2026-09-08 21:02:06
https://www.jobkorea.co.kr/Recruit/GI_Read/5588841/Ext?siteCode=WN&sc=,550102,"- 근무지 : 덕천동 - 대상자 : 80대 할머니(퇴원환자안심돌봄) - 근무시간 : 주 5일 09시~13시 (시간변경가능) - 일상생활 및 가사지원위주 - 시급 : 10,320원(주휴수당 등 발생 시 별도 지급) * 실제 서비스 제공기간에 따라 임금을 계산하여 지급하는 형태로 채용 시 근로자마다 주 소정 근로자마다 주 소정근로시간이나 임금, 근무(예정)지 등에 차이가 있을 수 있음.",재가 요양보호사,재가요양보호사,학력무관,관계없음,"시급 10,320원 ~ 10,320원",고용형태,"부산광역시 북구 만덕대로77번길 30, 부영맨션 (덕천동, 부영맨션)",1명,2026-09-08 21:02:06
https://www.jobkorea.co.kr/Recruit/GI_Read/5589486/Ext?siteCode=WN&sc=,232903,"98년생(남) 지체장애 * 근무지 : 동래구 온천동 * 근무일정 - 월~목 : 08~11시 - 금: 08~12시(2인 1조) - 토: 08~22시 - 일: 휴무 * 근무내용 1. 신체활동(신체활동 위주) - 신변처리, 식사지원 등 전반적인 신체활동지원 - 관장 주 2회(화, 목) - 목욕 주 1~2회(2인1조) - 마사지 필요 2. 가사활동 - 청소, 빨래, 요리 * 특이사항 - 2인체제 - 마사지 필요하여 힘 있으신 분 요청 - 리프트 사용 경험 있으신 분 선호 시급 13,600원(법정수당 포함) 기타 복리후생 : 생일선물, 명절선물, 우수활동지원사포상, 장기근속수당",장애인 생활지도원(장애인활동보조원 포함),장애인활동지원사,학력무관,관계없음,"시급 13,600원 이상",고용형태,"부산광역시 동래구 중앙대로 1393, 부근 (온천동)",1명,2026-09-08 21:02:06
https://www.jobkorea.co.kr/Recruit/GI_Read/5589852/Ext?siteCode=WN&sc=,158302,비파괴검사 중 PMI 검사 휴대용 분석장비를 사용해 금속재질의 성분분석 업무,비파괴 검사원,-,학력무관,관계없음,월급 220만원 ~ 353만원,고용형태,"부산광역시 강서구 녹산산업대로 117-12, 세은산업",2명,2026-09-08 21:02:06
https://www.jobkorea.co.kr/Recruit/GI_Read/5589401/Ext?siteCode=WN&sc=,550102,"[기장 신리마을)] 재가요양보호사 모집 -대상자: 5등급 78세 남자어르신 (치매이수증) -근무시간: 09시~12시 (주 5일) -근무내용:일상생활도움 -근무장소: 기장군 장안읍 신리길34 - 시급14,000(기본급+제세수당포함) - 교통비 지급",재가 요양보호사,재가요양보호사,학력무관,관계없음,"시급 10,320원 ~ 13,500원",고용형태,"부산광역시 기장군 신리길 34, 1층",1명,2026-09-08 21:02:06
https://www.jobkorea.co.kr/Recruit/GI_Read/5588992/Ext?siteCode=WN&sc=,550102,"- 근무지 : 만덕동 - 대상자 : 80대 할머니(퇴원환자안심돌봄) - 근무시간 : 주 5일 09시~13시 (시간변경가능) - 일상생활 및 가사지원위주 - 시급 : 10,320원(주휴수당 등 발생 시 별도 지급) * 실제 서비스 제공기간에 따라 임금을 계산하여 지급하는 형태로 채용 시 근로자마다 주 소정 근로자마다 주 소정근로시간이나 임금, 근무(예정)지 등에 차이가 있을 수 있음.",재가 요양보호사,재가요양보호사,학력무관,관계없음,"시급 10,320원 ~ 10,320원",고용형태,"부산광역시 북구 가람로 20-1, 가람중학교근처 (구포동)",1명,2026-09-08 21:02:07
https://www.jobkorea.co.kr/Recruit/GI_Read/5589875/Ext?siteCode=WN&sc=,890000,END절단 - 산소절단기가 부착된 자동화기기를 이용한 금속제품 절단,기타 제조 관련 단순 종사원,-,학력무관,관계없음,월급 220만원 ~ 353만원,고용형태,"부산광역시 강서구 녹산산업대로 117-12, 세은산업",1명,2026-09-08 21:02:07
https://www.jobkorea.co.kr/Recruit/GI_Read/5589937/Ext?siteCode=WN&sc=,703100,"[모집직무] 환경기사 수질산업기사 우대 , 경력직 우대 (최소 2년 이상) 초보 가능, 성과금 있음 전국 건설 현장 건설 배관공, 기타 배관공 [직무소개] 우리 회사는 환경기계설비 공사 전문 업체로, 다양한 프로젝트에 참여하며 환경 개선에 기여하고 있습니다. 본 직무는 환경기계설비 공사를 위한 배관 설치 및 유지보수 작업을 담당합니다. [주요업무] - 개인하수처리시설 관리 - 공사관리 - 수질관리 - 환경기계설비 배관 설치 및 유지보수 - 배관 시스템 검사 및 점검 - 설비 작동 오류 원인 분석 및 해결 - 안전 작업 절차 준수",건설 배관공,-,학력무관,경력,월급 330만원 ~ 330만원,고용형태,부산광역시 기장군 기장읍 청강로 76 (기장우신네오빌),1명,2026-09-08 21:02:07
https://www.jobkorea.co.kr/Recruit/GI_Read/5590059/Ext?siteCode=WN&sc=,890001,"[주요업무] 대기배출사업장(제조공장) 필터 납품, 관리 및 교체(운전면허 필수) [우대사항] 대기배출 및 방지시설(집진기) 현장업무 이해 [근무지역] 외근시 : 영남권 일대(부산, 울산, 대구, 경남, 경북 등) 및 일부 타지역 출장 업무 [근무지역] 내근시 : 부산 지점(부산시 해운대구 석대로 15, (주)대한인더스트리)",기계·금속 분야 단순 종사원,-,학력무관,관계없음,"일급 150,000원 ~ 150,000원",고용형태,부산광역시 해운대구 석대로 15 (석대동),1명,2026-09-08 21:02:07
https://www.jobkorea.co.kr/Recruit/GI_Read/5588881/Ext?siteCode=WN&sc=,550100,"[온천동]재가요양보호사 - 2등급 67세 남자어르신 (지체장애, 장애인 활동보조인 오심) - 주6일, 8:30~12:30(4시간) **월2회 일요근무 가능하신분 - 가사 및 식사도움, 일상생활지원 - 시급 및 제세수당 13000원(중증수당 별도) -온천장역 인근 위너비타 **휠체어 이용, 장애인 활동보조인 경력자 우대",요양보호사,-,학력무관,관계없음,"시급 10,320원 이상",고용형태,"부산광역시 동래구 온천장로 102 (온천동, 온천동 위너비타)",1명,2026-09-08 21:02:07
https://www.jobkorea.co.kr/Recruit/GI_Read/5589434/Ext?siteCode=WN&sc=,813201,오퍼레이터 경력직 모집,CNC 선반 조작원(NC 선반 조작원),CNC터닝선반조작원,학력무관,경력,"시급 10,320원 이상",고용형태,부산광역시 사상구 새벽로63번길 26 (학장동),1명,2026-09-08 21:02:08
https://www.jobkorea.co.kr/Recruit/GI_Read/5588882/Ext?siteCode=WN&sc=,550100,"[우동]재가요양보호사 - 5등급 90세 여자어르신, 독거 ★24년 이후 자격취득 또는 치매이수하신분 - 주3~4일(월화금/월화금토) 9시~12시(3시간) - 시급 제수당포함 13,100원 - 가사 및 식사도움, 일상생활 지원 - 동백역4번출구 반도보라빌",요양보호사,-,학력무관,관계없음,"시급 10,320원 ~ 10,320원",고용형태,"부산광역시 해운대구 해운대로 495 (우동, 해운대반도보라빌아파트)",1명,2026-09-08 21:02:08
https://www.jobkorea.co.kr/Recruit/GI_Read/5589452/Ext?siteCode=WN&sc=,550102,"근무: 오후 13:00시~16:00시 (주5회) 근무지: 아랫 반송 대상: 4등급 할아버지 내용: 일상생활지원, 가사지원, 외출동행 - 시급 10,320 + 제세수당 별도문의",재가 요양보호사,재가노인요양사,학력무관,관계없음,"시급 10,320원 ~ 10,320원",고용형태,"부산광역시 해운대구 아랫반송로50번길 63-15, 1층 (반송동, 화목빌라)",1명,2026-09-08 21:02:08
https://www.jobkorea.co.kr/Recruit/GI_Read/5590158/Ext?siteCode=WN&sc=,816105,조선소 선체 파트 기능공 모집 담당업무 ㆍ선체 파트 운반 및 신호수 지원자격 - 운반 및 신호수 교육이수자 및 경력자 우대 기타 우대 사항 - 조선소 현장 선체파트 유경험자.,기타 기계 조립·검사원,-,학력무관,관계없음,"연봉 3,600만원 이상",고용형태,부산광역시 사하구 구평로16번길 71 (구평동),1명,2026-09-08 21:02:09
https://www.jobkorea.co.kr/Recruit/GI_Read/5589736/Ext?siteCode=WN&sc=,836000,"- 직무내용 : 선박용 엔진 및 발전기 제어 판넬 조립 및 결선 - 근무시간 : 주5일 , 오전 09:00 ~ 오후 06:00 (점심시간 1시간 , 쉬는시간 20분) - 근무 환경 : 실내에서 근무 - 급여조건 : 연봉 3000만원 ~ 3500만원 (경력에 따라 임금 협의합니다) - 중식제공 - 4대보험 - 퇴직연금 ( 1년 근무시 퇴직금 ) - 1년후 연차수당 별도 지급 - 정직원(신입, 경력), 계약직 지원 가능 합니다. *** 실업급여 수급을 위한 지원은 사양 합니다. 많은 지원 바랍니다.",전기·전자 부품 및 제품 조립원,-,학력무관,관계없음,"연봉 3,000만원 ~ 3,500만원",고용형태,"부산광역시 강서구 범방2로 51, 공장동 B2호 (범방동)",2명,2026-09-08 21:02:09
https://www.jobkorea.co.kr/Recruit/GI_Read/5589786/Ext?siteCode=WN&sc=,612104,"부산 사상 산업용품유통상가근처에 위치한 세계전통입니다 취급품목은 전기자재,통신자재등 각종자재를 취급하고 있으며 입/출고관리 및 납품가능하신분 모집합니다 [직무소개] ㈜세계전통은 부산 사상구에 위치한 산업용 전기자재 판매 및 납품 업체입니다. 본 직무는 전기자재 입출고 관리, 납품,영업 및 매장영업 업무를 관할합니다. [주요업무] - 자재 입/출고 관리 및 관련 문서 작성 - 자재 납품 처리 - 매장 정리 및 관리 - 매장 방문 손님 응대 - 재고 관리 및 물류 지원 [자격요건] - 학력: 학력무관 - 경력: 신입(사원,팀원급)/경력은 별도 협의가능 [우대사항] - 유관업무 경험자(인턴,시간제)-전기,전자,통신 - 운전가능자, 오토바이운전우대",전기·전자장비 기술영업원,-,학력무관,관계없음,"연봉 2,930만원 이상",고용형태,"부산광역시 사상구 광장로56번길 42, 1층 세계전통 (괘법동)",1명,2026-09-08 21:02:09
https://www.jobkorea.co.kr/Recruit/GI_Read/5589100/Ext?siteCode=WN&sc=,564300,"근무시간:18시30분~익일06:30분 (근무시간: 6.5시간, 휴게시간 5.5시간) 야간관리원 1일근무 후 2일 휴무( 야비비 교대근무) 4대보험 가입 기계식주차관리교육 이수자 우대 돌돌이 가능자 우대",주차 관리원 및 안내원,주차관리원,학력무관,관계없음,"시급 10,320원 ~ 10,320원",고용형태,"부산광역시 연제구 연안로 25, 대영스포렉스 (연산동)",1명,2026-09-08 21:02:10
https://www.jobkorea.co.kr/Recruit/GI_Read/5589098/Ext?siteCode=WN&sc=,307903,"1. 가축방역보조원(일반모집 1명): 가축질병 관련 실험실 검사보조, 실험실 및 환경 정비 등 (근로기간: 26. 9. 16.~26. 12. 31. / 변동될 수 있음)",기타 보건·의료 서비스 종사원,차트운반원,학력무관,신입,월급 241만원 ~ 241만원,고용형태,부산광역시 북구 금곡대로 724 (금곡동),1명,2026-09-08 21:02:10
https://www.jobkorea.co.kr/Recruit/GI_Read/5589216/Ext?siteCode=WN&sc=,026100,"- 매장관리 및 고객응대 & 캐드실(2D,3D) 육아대체근무 후 정직원 채용 가능 - 우대사항) 2D,3D자격증,의지보조기사 자격증 (자격증이 없어도 괜찮습니다. 배울 의지가 있으면 됩니다. 학사 공대생 필수) -근무시간 평 일: 오전08:30~오후5:30 토요일: 오전09:00~오후3:00(3주에1번) * 접수방법: 고용24 또는 이메일로 이력서 접수 바랍니다.(baekhj@sunhyung.co.kr)",경영 기획 사무원,사업기획사무원,대졸(4년),경력,"연봉 3,000만원 ~ 3,100만원",고용형태,"부산광역시 남구 자유평화로59번길 55, 선형상사 (문현동)",1명,2026-09-08 21:02:10
https://www.jobkorea.co.kr/Recruit/GI_Read/5588994/Ext?siteCode=WN&sc=,232903,"✔️이용자 관련 사항 - 연령 및 성별: 17년생 남아(90시간) - 장애유형: 자폐성장애 - 근무시간 : 월 ~ 금 (13:30 ~ 18:00) 화 (15:10 ~ 18:00) - 서비스 내용: 사회활동, 신체활동 ✔️ 채용담당자 051-557-5536~7",장애인 생활지도원(장애인활동보조원 포함),장애인생활지도원,학력무관,관계없음,"시급 13,700원 ~ 13,700원",고용형태,"부산광역시 동래구 충렬대로428번길 49, 0호 (안락동, 동부산아이존빌아파트)",1명,2026-09-08 21:02:10
https://www.jobkorea.co.kr/Recruit/GI_Read/5589613/Ext?siteCode=WN&sc=,026202,부산지역 건설현장 레미콘 영업관리 업무 레미콘 경력자(대리급) 경력에 따라 연봉 협의 가능,영업 기획·관리·지원 사무원,영업기획사무원,학력무관,경력,"연봉 3,800만원 이상",고용형태,부산광역시 사상구 장인로 35 (감전동),1명,2026-09-08 21:02:11
https://www.jobkorea.co.kr/Recruit/GI_Read/5589662/Ext?siteCode=WN&sc=,028500,"조선기자재 제조업 생산관리사무원 신입사원 모집 합니다. 1. 고객사 전산, 자사전산 공정현황 등록, 생산공정 관리 2. 외주기성마감 3. 엑셀사용가능자",생산 및 품질관리 사무원,공정관리기술자,학력무관,신입,"연봉 3,320만원 ~ 3,320만원",고용형태,"부산광역시 강서구 미음산단4로 58, (주)광림마린테크",1명,2026-09-08 21:02:11
https://www.jobkorea.co.kr/Recruit/GI_Read/5589623/Ext?siteCode=WN&sc=,823400,다이캐스팅 자동차 부품 CNC가공 및 포장,주조기 조작원(다이캐스팅기 조작원 포함),다이캐스팅조작원,학력무관,관계없음,"시급 10,320원 ~ 10,320원",고용형태,부산광역시 강서구 녹산산단382로60번길 16 (송정동),2명,2026-09-08 21:02:11
https://www.jobkorea.co.kr/Recruit/GI_Read/5588178/Ext?siteCode=WN&sc=,231101,* 가족돌봄 전담인력 - 대상자 발굴 및 초기상담 - 가족돌봄아동·청년 맞춤형 프로그램 기획·운영 등 - 대상자 1:1밀착 사례관리 업무수행 등 * 고립·은둔 전담인력 - 대상자 발굴 및 초기상담 - 고립·은둔 청년 맞춤형 프로그램 기획·운영 등 - 대상자 1:1밀착 사례관리 업무수행 등,사회복지사(사회복지시설),-,학력무관,관계없음,월급 228만원 ~ 247만원,고용형태,"부산광역시 동래구 낙민로 25, 2층, 204호 (낙민동, 부산사회복지종합센터)",11명,2026-09-08 21:02:11
https://www.jobkorea.co.kr/Recruit/GI_Read/5588617/Ext?siteCode=WN&sc=,140206,** 관급건축공사 안전관리자 업무 전체 (선임),건축안전·환경·품질·에너지관리 기술자,-,학력무관,경력,"연봉 5,500만원 ~ 6,000만원",고용형태,"부산광역시 영도구 대평로 30-1, 일원 (대평동1가)",1명,2026-09-08 21:02:12
https://www.jobkorea.co.kr/Recruit/GI_Read/5588612/Ext?siteCode=WN&sc=,028506,"당사는 농수산물, 식품류등을 세계 50객국에 수출하는 회사이며, 전년도 매출액은 400억원 입니다. 글로벌 강소기업에 지정된 회사로서 회사와 함께 성장할 유능한 직원을 모집합니다. [주요업무] 1.스티커작업관리 (알바사원관리, 작업일정관리) 2.수출제품에 부착하는 스티커 작업 제작 및 출력업무 2.스티커 및 라벨관련 부자재 관리 3.기타 일반 사무업무 *조건 1)입사 후 수습기간 3개월 (급여는 동일) 2)퇴직금 및 4대보험,연차자유사용 외 다수 3)연봉은 상여금 포함 3,600만원 이상(신입기준)",생산관리 사무원(그 외 분야),-,대졸(2~3년)~대졸(4년),관계없음,"연봉 2,760만원 이상",고용형태,"부산광역시 남구 신선로 259-2, 에이치비 코퍼레이션(주) (용당동)",1명,2026-09-08 21:02:12
https://www.jobkorea.co.kr/Recruit/GI_Read/5588620/Ext?siteCode=WN&sc=,550102,"4등급 할아버지 어르신 케어하실 요양보호사 모집합니다. 근무처 : 부산시 사하구 장평로125번길 125-4 (장림동) - 장림시장 위 주택입니다.) 근무시간 : 08:30-11:30 (월 20회 근무 180분씩, 오전 근무 ) 시급 10,320원 근무처 부근에 사시는 요양보호사, 성실하게 근무하실 요양보호사분들의 연락을 부탁드립니다.",재가 요양보호사,재가요양보호사,학력무관,관계없음,"시급 10,320원 ~ 10,320원",고용형태,"부산광역시 사하구 장림동 장평로125번길 125-4, 장림시장 위 주택 (장림동)",1명,2026-09-08 21:02:12
https://www.jobkorea.co.kr/Recruit/GI_Read/5588615/Ext?siteCode=WN&sc=,304002,"병동 간호사 업무 병동 3교대 간호사 업무 (나이트수당, 오프 남길 시 오프수당 별도 지급) 연차수당 지급 기재된 급여는 간호사 신졸 연봉 기준입니다. 수간호사, 책임간호사, 경력간호사는 연봉 연차별 차등 지급 됩니다.",일반 간호사,병동간호사,학력무관,관계없음,월급 290만원 ~ 290만원,고용형태,"부산광역시 사하구 다대로 311, 하나병원",10명,2026-09-08 21:02:12
https://www.jobkorea.co.kr/Recruit/GI_Read/5588613/Ext?siteCode=WN&sc=,550100,"어르신의 행복한 노후를 돕는 효송주야간보호센터에서 즐겁게 함께할 봉사정신과 직업의식이 있으신 마음 건강한 요양보호사님을 모집합니다. 효송주야간보호센터는 송도초등학교 근처에 위치하고있습니다. * 업무안내 주간보호센터 요양보호사 업무,어르신 송영 관련 업무 등 업무 포지션에 따라 출,퇴근 시간 달라질 수 있음 필수사항 * 요양보호사 자격증 * 운전면허( 실제 운전 가능자, 스타렉스 운전 가능자 ) 우대사항 * 주야간보호센터 경력 우대 * 노인복지 관련 경력 우대",요양보호사,-,학력무관,관계없음,월급 215만원 ~ 215만원,고용형태,"부산광역시 서구 암남로14번길 12, 2층,3층 (암남동)",1명,2026-09-08 21:02:12
https://www.jobkorea.co.kr/Recruit/GI_Read/5589317/Ext?siteCode=WN&sc=,550100,"요양보호사(목욕 전담) -차량을 이용한 방문목욕 서비스 지원 -주1~4일, 9~18시 내에서 근무시간 협의 -시급 18,500원 (제수당 포함) -운전가능하신분 우대(운전수당 별도 지급) -센터위치 : 진구 연지동 자이아파트 인근 -요양보호사 자격증 필수",요양보호사,-,학력무관,관계없음,"시급 10,320원 이상",고용형태,부산광역시 부산진구 동평로183번길 86-8 (연지동),1명,2026-09-08 21:02:13
https://www.jobkorea.co.kr/Recruit/GI_Read/5589217/Ext?siteCode=WN&sc=,561100,"『북항마리나』상근직원 공개모집 공고 대시민 만족 및 감동서비스를 제공하고 부산체육 발전을 위해 북항마리나에서 근무할 유능하고 역량 있는 인재를 다음과 같이 공개 모집합니다. 1. 채용분야 및 인원 ❍ 계약기간 : 채용일로부터 1년간 (추후 계약기간 연장 가능) ❍ 계약형태 : 계약직(기간제 근로자) ❍ 근무개시 : 채용시 협의 ❍ 근 무 지 : 북항마리나(부산광역시 중구 이순신대로 72 부산북항마리나) ❍ 분야별 채용인원 - 미화(남) - 채용완료 채용인원 : 1명 근무시간 : 근무편성에 따른 로테이션 근무(07:00~14:30/14:30~22:00) 담당업무 : 시설(탈의실, 샤워실 등) 미화 업무 - 미화(여) 채용인원 : 1명 근무시간 : 근무편성에 따른 로테이션 근무 (07:00~14:30/14:30~22:00) 담당업무 : 시설(탈의실, 샤워실 등) 미화 업무 2. 채용분야별 근무조건 및 응시자격 - 미화(남/여) 기본급 : 220만원 자격기준 : 연령제한 없음 ※ 기타 수당, 상여금 등 : 해당 운영규정에 따라 별도 지급 ※ 채용 관련 자세한 내용은 첨부파일 확인 요망",건물 청소원,-,학력무관,관계없음,월급 220만원 ~ 220만원,고용형태,부산광역시 중구 이순신대로 72 (중앙동4가),2명,2026-09-08 21:02:13
https://www.jobkorea.co.kr/Recruit/GI_Read/5589214/Ext?siteCode=WN&sc=,014300,"* 국제여객선 청소업무 (1명) - 09:00~15:00 (1명) -격일제 근무 * 업무내용 : 선내 진공청소기 작업, 이불정리 작업 * 중식제공 * 인근거주자 우대 * 12개월 단위 계약 * 여객선의 특성상 주말에 근무 가능한 사람 구함. 궁금한점 있으면 아래의 핸드폰 번호로 편하게 연락해 주세요. ^^",환경·청소 및 경비 관련 관리자,-,학력무관,관계없음,"시급 10,320원 ~ 10,320원",고용형태,"부산광역시 동구 충장대로 206, . (초량동)",1명,2026-09-08 21:02:13
https://www.jobkorea.co.kr/Recruit/GI_Read/5589455/Ext?siteCode=WN&sc=,813201,"1. 생산관련업무( 공작기계 CNC MCT ) ;중전기 부품및 에어레스 도장기부품 및 방산부품 2. 경력직 ; 관력공작기계 책임운영 신입 ; 단순근로, 가공품 사상 3. 기능 보유자 및 관련 경력자는 업무와 숙련도 및 근속연수에 따라 임금 협의 가능 합니다. (입사지원서 이력서 상단 희망 시급 및 연봉기재) 4. 소규모 영세업체로 근로 기준법 준수 합니다.(연차 반차 공휴일 휴무) 5. 퇴직연금 , 주차장 확보 6. 직무 능력별 임금별도 협의",CNC 선반 조작원(NC 선반 조작원),CNC lath가공원,학력무관,경력,"시급 10,500원 이상",고용형태,부산광역시 사상구 낙동대로1348번길 11 (삼락동),1명,2026-09-08 21:02:14
https://www.jobkorea.co.kr/Recruit/GI_Read/5589031/Ext?siteCode=WN&sc=,550102,"<남구 대연동 유엔평화로 인근 빌라> * 3등급 여자대상자: 독거 * 주2일 * (화요일) 15:30~18:30 (토요일) 09:00~12:00 * 가사지원, 일상지원, 어르신케어 등 * 시급 13,500원 (최저시급10,320원+수당포함) * 문의(센터장): 051-817-6780",재가 요양보호사,-,학력무관,신입,"시급 10,320원 이상",고용형태,"부산광역시 남구 유엔로201번길 48, 버블맨24 인근 빌라 (대연동)",1명,2026-09-08 21:02:14
https://www.jobkorea.co.kr/Recruit/GI_Read/5589645/Ext?siteCode=WN&sc=,813201,"-CNC 선반 조작원 --경력자/신입 구합니다 -cnc 6인치,8인치 부품가공 업무 입니다. -성별무관,외국인 가능(합법만 가능),단기 알바 가능,주부가능",CNC 선반 조작원(NC 선반 조작원),CNC터닝선반조작원,학력무관,관계없음,"시급 10,320원 ~ 10,320원",고용형태,"부산광역시 사상구 사상로374번길 33, 극동테크 (덕포동)",1명,2026-09-08 21:02:14
https://www.jobkorea.co.kr/Recruit/GI_Read/5589674/Ext?siteCode=WN&sc=,027200,"당사는 철강 소재(판재/파이프/형강류외) 유통 회사 입니다. ＊ ERP 철강마법사 사용 - 매입 매출 전산입력 - 세금계산서 발행 및 마감 ＊ 경리업무( 자금집행 및 보고/급여계산/부가세,원천세,결산등 회계사무소 가기전 업무) ＊ 영업지원 업무(매출/매입) ＊＊ 경리업무와 영업지원 업무를 같이 수행하셔야 합니다. 점심시간 11:20~12:20 중식 제공(인근 식당) - 철강업무 경험자 우대 - 경리업무 경험자 우대 - 차량 소지자 우대 - 4대보험 업무 미숙련자 지원불가 ＊ 급여일 : 익월 10일",경리 사무원,전표정리원,학력무관,경력,"연봉 3,000만원 이상",고용형태,"부산광역시 강서구 가리새1로25번길 14, 2층 사무실 (생곡동)",1명,2026-09-08 21:02:14
https://www.jobkorea.co.kr/Recruit/GI_Read/5589867/Ext?siteCode=WN&sc=,561101,신호윌더하임아파트 미화원(건물외곽) 1분 구인공고 합니다. 주 5일 근무 근무시간 : 09:00~16:00 근로시간 : 월-금 (6시간 ) 휴게시간 (1시간),"건물 청소원(공공건물,아파트,사무실,병원,상가,공장 등)",아파트청소원,학력무관,관계없음,월급 161만원 이상,고용형태,"부산광역시 강서구 신호산단3로 55, 전체 (신호동, 부산신호윌더하임아파트)",1명,2026-09-08 21:02:15
https://www.jobkorea.co.kr/Recruit/GI_Read/5589882/Ext?siteCode=WN&sc=,153103,[모집직무] 액화 수소충전소 설비 관리 및 정비 [직무소개] 액화 수소 충전소의 안전하고 효율적인 운영을 위해 필요한 정비 업무를 맡아서 합니다. [주요업무] - 액화 수소 충전소 설비 점검 및 유지보수 - 설비 문제 진단 및 수리,발전설비 기술자,-,학력무관,관계없음,월급 300만원 이상,고용형태,부산광역시 강서구 녹산산단231로 27 (송정동),2명,2026-09-08 21:02:15
https://www.jobkorea.co.kr/Recruit/GI_Read/5588616/Ext?siteCode=WN&sc=,026501,청구 및 주간보호센터 관련 모든 사무 행정 업무 운전 필수(송영업무) 월 1회 토요일 근무(토요일 근무시 평일 대체휴무),총무 및 일반 사무원,일반사무원,학력무관,신입,월급 215만원 이상,고용형태,"부산광역시 사하구 장림번영로 59, 8층 (장림동)",1명,2026-09-08 21:02:15
https://www.jobkorea.co.kr/Recruit/GI_Read/5588591/Ext?siteCode=WN&sc=,531803,"*좋은문화병원 영양팀 근무, 조리원 모집* *근무장소 : 동구 범일동 좋은문화병원 *직무내용 : 병원 내 영양팀근무. 조리 및 배식업무 1) 일반 조리원 *근무시간 : 06:30~19:00 (주6일 근무/스케쥴에 따라 휴무 및 근무일 확인. 조정가능) - 휴식시간 : 08:00~09:00/14:30~16:00 *급여 : 월급 3,125,620원 2) 단기간 아르바이트(3개월) *근무시간 : 12:00~19:00 (휴게시간:13:30~14:00) *급여 : 월급 170만원 ※ 조리사 자격증 필수아님!! / 신입, 경력 무관",병원 급식 조리사,병원급식조리사,중졸~대졸(4년),관계없음,월급 312만원 ~ 312만원,고용형태,"부산광역시 동구 범일로 119, 좋은문화병원 (범일동)",2명,2026-09-08 21:02:15
https://www.jobkorea.co.kr/Recruit/GI_Read/5589777/Ext?siteCode=WN&sc=,028400,• 매입 정리 및 일보 작성 • 매입 세금계산서 확인 • 재고조사 정리 • 발주서 입력 • 수입품 금액 산출 및 수입품 재고 입력,자재관리 사무원,-,학력무관,관계없음,"연봉 3,200만원 ~ 3,200만원",고용형태,"부산광역시 강서구 미음산단로 395, 원광밸브 (미음동)",1명,2026-09-08 21:02:16
https://www.jobkorea.co.kr/Recruit/GI_Read/5588889/Ext?siteCode=WN&sc=,550102,"[개금동] 주3일 09:00~12:00(월,수,금)/4등급 여자어르신 재가 요양보호사님 모집 - 4등급 여자 어르신 - 주3일 09:00~12:00(월,수,금) - 식사준비, 집안청소 등 일상생활 가사지원(애완견 있음, 조그마한 어항 밥주기) -시급 13,000원(시급 10,320원 + 주휴수당 등 포함 포괄시급 -근무장소 개금동 국민주택 - 지원희망하시는 분은 부산진구청 취업정보센터로 전화주세요(☎051-605-6409) ***다만, 실제 서비스 제공기간에 따라 임금을 계산하여 지급하는 형태로 채용시 근로자마다 주 소정시간 이나 임금, 근무지 (예정)지 등에 차이가 있을 수 있습니다. 자세한 사항은 근로계약 진행시 채용담당자와 협의하시길 바랍니다.",재가 요양보호사,-,학력무관,관계없음,"시급 10,320원 ~ 10,320원",고용형태,부산광역시 부산진구 진사로48번길 37 (개금동),1명,2026-09-08 21:02:16
https://www.jobkorea.co.kr/Recruit/GI_Read/5589814/Ext?siteCode=WN&sc=,026202,[ 제품 출고 및 거래처 관리 ] -전산 판매프로그램에 입력하는 업무 -거래처관리,영업 기획·관리·지원 사무원,영업관리사무원,학력무관,경력,"연봉 3,000만원 ~ 3,200만원",고용형태,부산광역시 사상구 가야대로175번길 16 (주례동),1명,2026-09-08 21:02:16
https://www.jobkorea.co.kr/Recruit/GI_Read/5588936/Ext?siteCode=WN&sc=,550100,"[모라동] 재가요양보호사 - 4등급 80대 여자어르신 - 주6일, 오전7-8시(1시간)/오후7-8시(1시간) **일요일 추가근무 협의 - 식사도움 위주의 업무 - 시급 및 제수당 13000원 - 동원아파트",요양보호사,-,학력무관,관계없음,"시급 10,320원 ~ 10,320원",고용형태,"부산광역시 사상구 백양대로 879 (모라동, 동원아파트)",1명,2026-09-08 21:02:16
https://www.jobkorea.co.kr/Recruit/GI_Read/5590111/Ext?siteCode=WN&sc=,231100,발달장애인 주간활동 서비스 프로그램 제공 및 생활재활 교사를 모십니다.,사회복지사,-,대졸(2~3년)~박사,관계없음,월급 216만원 ~ 300만원,고용형태,"부산광역시 연제구 명륜로2번길 7, 부산광역시 연제구 법원북로 34 (거제1차현대홈타운) (거제동, 삼익퓨쳐타워아파트)",1명,2026-09-08 21:02:17
https://www.jobkorea.co.kr/Recruit/GI_Read/5589600/Ext?siteCode=WN&sc=,028510,"[모집직무] 품질관리 사무원(전기/전자, 기계가공) [직무소개] 저희 회사는 다양한 산업 분야에 필요한 고품질 제품을 생산하는 기업입니다. 본 직무는 품질관리 팀에서 입고품 검사, 공정 검사, 완제품 검사 등을 담당하며, 불량 발생을 방지하고 고품질 제품 생산에 기여할 책임을 맡게 됩니다. [주요업무] - 입고품 검사 및 기록 관리 - 공정 중 각 단계의 검사 및 데이터 수집 - 완제품 검사 및 품질 인증 - 계측기 관리 및 유지 보수 - 품질 관리 시스템 개선 및 도입 [근무환경] - 신사옥으로 쾌적한 사무 환경 - 화장실 비데 - 화장실 에어컨 - 야근 거의 없음 - 연말 성과금, 명절 떡값, 여름 휴가비, 퇴직금 - 커피, 간식 제공",품질관리 사무원(전기·전자·컴퓨터),전력품질관리원,학력무관,관계없음,"연봉 3,200만원 이상",고용형태,부산광역시 기장군 장안읍 의과학6로 12-7,1명,2026-09-08 21:02:17
https://www.jobkorea.co.kr/Recruit/GI_Read/5589872/Ext?siteCode=WN&sc=,531802,"주간보호센터 급식 조리 및 제공, 토요일 근무 가능자",유치원·어린이집 급식 조리사,유치원급식조리사,학력무관,경력,월급 216만원 ~ 216만원,고용형태,"부산광역시 북구 만덕3로16번길 67, 부산 북구 만덕3로16번길 67 (덕천동)",1명,2026-09-08 21:02:17
https://www.jobkorea.co.kr/Recruit/GI_Read/5590038/Ext?siteCode=WN&sc=,232100,영아반 증설로 인해 정교사및 보조교사를 모집합니다.,보육교사,어린이집교사,학력무관,관계없음,월급 217만원 ~ 226만원,고용형태,"부산광역시 동래구 충렬대로446번길 67, 경동리인@ 내 관리사무소 1층 (안락동, 경동리인1차아파트)",2명,2026-09-08 21:02:18
https://www.jobkorea.co.kr/Recruit/GI_Read/5589532/Ext?siteCode=WN&sc=,550102,"케어링에서 요양보호사 선생님께 일자리 정보를 안내드립니다. 근무 가능하신 선생님은 ▶ 문의 : ☎ 051- 808-6585 로 연락주세요. ▶ 근무지 : 부산 영도구 남항남로 31번길 24 ▶ 근무일정 : [주 5 회 / 일 3시간] 09:00-12:00 ▶ 어르신 정보 : 69세 / 4등급 / 여 / 배우자과 거주(근무시간에 안계심) ▶ 시급 10,320원 [ 제수당포함 시간당 13,000원 ] ▶ 근무내용 : 병원동행, 식사도움, 청소, 취사, 약 복용도움, 말벗, 산책동행",재가 요양보호사,-,학력무관,관계없음,"시급 10,320원 이상",고용형태,부산광역시 영도구 남항남로31번길 24 (남항동3가),1명,2026-09-08 21:02:18
https://www.jobkorea.co.kr/Recruit/GI_Read/5589040/Ext?siteCode=WN&sc=,550102,"[남구, 용호동] 재가요양보호사 ✔근무지 : 부산시 남구 용호로90번길 12-6(삼성주택) ✔대상자 : 4등급 여자어르신 ✔근무시간 : 주 6일 / 09:00~12:00 ✔케어내용 : 일상생활 및 가사 도움 ✔시급 : 13.000(제세수당 포함) ** 다만, 실제 서비스 제공기간에 따라 임금을 계산하여 지급하는 형태로 채용 시 근로자마다 주 소정 근로시간이나 임금, 근무(예정)지 등에 차이가 있을 수 있습니다. 자세한 사항은 근로계약 진행시 채용담당자와 협의하시길 바랍니다.",재가 요양보호사,재가요양보호사,학력무관,관계없음,"시급 10,320원 ~ 10,320원",고용형태,"부산광역시 남구 용호로90번길 12-6, . (용호동, 삼성주택)",1명,2026-09-08 21:02:18
https://www.jobkorea.co.kr/Recruit/GI_Read/5590425/Ext?siteCode=WN&sc=,890006,"[식품생산업체]생산 및 포장업무 - 곡물가공품(미숫가루 등) 식품생산 포장 - 주5일, 오전 8:30~오후 5:30 (휴게시간 포함) - 시급 10,320원, 퇴직금별도 - 기장군 장안읍 반룡리",식품 분야 단순 종사원,-,학력무관,신입,월급 215만원 이상,고용형태,"부산광역시 기장군 장안읍 반룡산단1로 20, 오양식품 주식회사",1명,2026-09-08 21:02:18
https://www.jobkorea.co.kr/Recruit/GI_Read/5588883/Ext?siteCode=WN&sc=,550100,"[연산동]요양보호사 - 3등급 46년생, 독거 여자어르신, **반찬 잘하는 분 우대** - 주5일(월~금) 오전 9시 ~ 12시(3시간) - 가사지원, 식사준비, 잔존기능 활용 환경 조성 및 지지, 정서적 지원 등 - 시급 및 제수당 포함 13,000원 - 연산5동 연제초등학교 인근",요양보호사,-,학력무관,관계없음,"시급 10,320원 이상",고용형태,"부산광역시 연제구 신촌로 12, 인근 (연산동)",1명,2026-09-08 21:02:19
https://www.jobkorea.co.kr/Recruit/GI_Read/5588888/Ext?siteCode=WN&sc=,550102,"[개금동] 재가 요양보호사 선생님 모집합니다. (오전9~12시/4등급/주3일/여자어르신) ●근무지 : 부산진구 백양대로 300번길 19 ● 대상자 : 4등급 70대 여자어르신 / 자녀동거 ● 근무시간: 오전 9~12시 / 주3일(월,수,토) ● 급여 : 시급 10,320원(제수당포함 시간당 13,000원) ● 근무내용 : 집안청소, 식사준비, 어르신케어 등 - 지원희망하시는 분은 부산진구청 취업정보센터로 전화주세요(☎051-605-6405) - 다만, 실제 서비스 제공기간에 따라 임금을 계산하여 지급하는 형태로 채용 시 근로자마다 주 소정근로시간이나 임금, 근무(예정)지 등에 차이가 있을 수 있습니다.",재가 요양보호사,재가요양보호사,학력무관,관계없음,"시급 10,320원 ~ 10,320원",고용형태,"부산광역시 부산진구 백양대로300번길 19, ** (개금동, 신개금엘지아파트)",1명,2026-09-08 21:02:19
https://www.jobkorea.co.kr/Recruit/GI_Read/5590332/Ext?siteCode=WN&sc=,026501,"* 당사는 시설물 및 건물관리업을 주력으로, 시설경비 및 건물위생관리업 등을 영위하고 있습니다. 담당업무 - 총무 업무 전반 (회계, 행정 및 현장 관리) 자격요건 - 학력 : 전문대졸 이상 - 나이/성별 : 무관 - 경력 : 3년 이상(팀장급) 우대사항 - 동종(유사)업계 근무 경력, 컴퓨터활용능력 우수, 업종 관련 자격증 소지자 - 간단한 회계 및 총무 업무와 지방계약법 등 입찰관련 업무 경력자 근무조건 - 근무형태 : 계약직(추후 정규직 전환 검토) - 근무일시 : 주 5일(월~금) 09:00~18:00 (면접시 협의) - 급여제도 : 월 380만원 이상, 퇴직연금 및 사회보험 가입 - 근무지역 : 부산 동구 중앙대로 286번길 7-8, 지원더뷰오션1차 201호(상가) - 부산 1호선 초량역 12번 출구에서 100m 이내 접수기간 및 방법 - 제출서류 : 이력서(사진필수, 경력 및 자격사항 기재), 주민등록등본(채용 확정 후 제출) - 접수방법 : 고용24 - 전형절차 : 1차 서류전형, 2차 면접 - 제출된 입사지원 서류는 반환하지 않으며, 입사지원서에 허위사실이 발견될 경우 채용 확정 이후라도 채용이 취소될 수 있습니다.",총무 및 일반 사무원,총무사무원,학력무관,경력,월급 380만원 이상,고용형태,"부산광역시 동구 중앙대로286번길 7-8, 201호 (초량동, 지원더뷰오션1차)",1명,2026-09-08 21:02:19
https://www.jobkorea.co.kr/Recruit/GI_Read/5590286/Ext?siteCode=WN&sc=,133200,"• AI 기반 콘텐츠 솔루션 개발 및 고도화 •LLM 및 다양한 AI 모델·API 연동 •AI 기반 서비스 및 애플리케이션 기능 개발 •기존 서비스와 AI 기능 간 API 연동 및 기능 구현 •AI 콘텐츠 제작을 위한 프롬프트 설계 및 최적화 •AI 콘텐츠 생성 Workflow 및 제작 프로세스 설계 •AI 생성 결과물 테스트 및 품질관리 •신규 AI 기술 검토 및 서비스 적용 •AI 콘텐츠 제작 프로세스 및 신규 서비스 기능 기획 ※ 지원자의 개발·기획 역량 및 프로젝트 경험에 따라 담당업무를 조정합니다. 아래 과정 중 1개 이상 수료한 분 •스타트업 AI 기술인력 양성사업(이어드림스쿨, 중기부) AI 양성과정 수료자(2023~2025년 수료) •K-디지털 트레이닝(노동부) AI 양성과정 수료자(2023~2025년 수료) •폴리텍 하이테크(노동부) AI 양성과정 수료자(2023~2025년 수료) ※ 상기 과정 중 1개 이상 수료 이력이 필수이며, 지원 시 수료증을 함께 제출해 주세요.",응용 소프트웨어 개발자,인공지능엔지니어,학력무관,관계없음,월급 250만원 이상,고용형태,"부산광역시 부산진구 중앙대로 922, 802호 (양정동)",1명,2026-09-08 21:02:19
https://www.jobkorea.co.kr/Recruit/GI_Read/5590618/Ext?siteCode=WN&sc=,307500,"[모집직무] 간호조무사, 요양병원 간호조무사 [직무소개] 2013년 11월에 개원한 138병상의 요양병원입니다. 아미동 부산대학병원 인근에 위치하고 있으며, 지하철 1호선 토성역과 가까운 편리한 접근성을 자랑합니다. 병원 규모가 적고 병동 또한 작아 근무하는 데 있어 편리합니다. 작년에 인증평가 통과하였습니다. [주요업무] - 환자 케어 및 관리 - 약물 관리 및 투여 - 생활 습관 및 식사 관리 - 간호 기록 작성 및 관리 - 다양한 간호 활동 참여",간호조무사,-,학력무관,관계없음,월급 215만원 이상,고용형태,"부산광역시 서구 구덕로200번길 8, 선하요양병원 (부민동1가)",2명,2026-09-08 21:02:19
https://www.jobkorea.co.kr/Recruit/GI_Read/5589673/Ext?siteCode=WN&sc=,232100,만1세 아동을 주로 돌보는 보조교사입니다. 경력있으시분 우대합니다.,보육교사,어린이집교사,대졸(2~3년),경력,월급 113만원 ~ 113만원,고용형태,"부산광역시 수영구 수영로540번길 66, 102호",1명,2026-09-08 21:02:20
https://www.jobkorea.co.kr/Recruit/GI_Read/5590330/Ext?siteCode=WN&sc=,029904,"총무과 전반적인 업무 - 회계 및 총무 업무 수행 가능한 자 - 컴퓨터 활용 가능자(한글, 엑셀 등) - 자동차운전면허소지자로서 운전가능한 자",사무 보조원(일반사업체),워드작성원,학력무관,경력,월급 230만원 이상,고용형태,"부산광역시 영도구 함지로79번길 6, ,8 (동삼동, 영도어울림문화공원)",1명,2026-09-08 21:02:20
https://www.jobkorea.co.kr/Recruit/GI_Read/5590331/Ext?siteCode=WN&sc=,532301,"- 한식조리 및 보조원 업무 (설겆이) - 밑작업 및 칼질 가능하신분 - 뒷처리 (나물, 국 정도 요리 가능하신분) 평일 월~금 까지 구내식당운영 오전 09시~ 오후3시 휴게시간 1시간 공휴일휴무 / 추석, 설 / 여름휴가",주방 보조원(일반 음식점),-,학력무관,관계없음,월급 144만원 이상,고용형태,"부산광역시 부산진구 황령대로 24 (범천동, 부산 상공회의소 지하1층, 2층)",1명,2026-09-08 21:02:21
https://www.jobkorea.co.kr/Recruit/GI_Read/5589371/Ext?siteCode=WN&sc=,550102,"요양보호사 모집합니다. 5등급 어르신 (70대후반 할머니, 보호자 함께 거주) 신체 움직임에는 큰 어려움이 없으나, 말씀하실 때 단어나 표현이 바로 떠오르지 않아 대화가 조금 느릴 수 있음. 음식 조리는 하지 않아도 됨. 산성마을에 위치하여 차량 있는 요양보호사 선호함. 인지활동, 신체활동지원, 정서지원, 일상생활 케어 및 산책도움 시급 13000원 근무지 : 부산광역시 금정구 공해4길 9(금성동) 근무시간 : 오전 09 시 ~ 12시 , 월~금 주 5일 필수서류 : 치매교육 이수 필수, 요양보호사 자격증, 건강검진(1년이내) 지참 따뜻한 마음으로 어르신과 함께 오래하실 분 구합니다. 연락주세요. 051-516-4646",재가 요양보호사,재가노인요양사,학력무관,관계없음,"시급 10,320원 ~ 13,000원",고용형태,"부산광역시 금정구 공해4길 9, (산성마을) (금성동)",1명,2026-09-08 21:02:21
https://www.jobkorea.co.kr/Recruit/GI_Read/5590006/Ext?siteCode=WN&sc=,561400,"직무는 하이카 운행을 주로 담당하며, 필요에 따라 암롤 운전도 수행하게 됩니다. [주요업무] - 하이카 운행 - 정확한 경로 파악 및 일정 준수 - 운전 안전 규칙 준수 - 차량 관리 및 유지 보수 - 암롤 운전 (필요에 따라) -토요일 격주 근무 (주40시간아님) 상여금은 근무 년수에 따라 다름.",재활용품 및 쓰레기 수거원,음식물쓰레기수거원,학력무관,경력,월급 320만원 이상,고용형태,"부산광역시 기장군 정관읍 산단1로 52, (주)한솔그린",1명,2026-09-08 21:02:21
https://www.jobkorea.co.kr/Recruit/GI_Read/5588177/Ext?siteCode=WN&sc=,110100,"연구과제 연구과제 준비 연구과제의 작성 연구과제의 실행 PPT작성 **********인문,사회,과학 계열 전공자 우대**********",인문과학 연구원,-,대졸(4년)~박사,관계없음,"연봉 4,000만원 ~ 6,000만원",고용형태,"부산광역시 연제구 중앙대로 1078 17, 1106호 (연산동)",2명,2026-09-08 21:02:21
https://www.jobkorea.co.kr/Recruit/GI_Read/5590336/Ext?siteCode=WN&sc=,706000,"건설폐기물 수집 , 운반 및 사업장 내 폐기물 선별작업 가능자 (유경험자)",건설 및 광업 단순 종사원,-,학력무관,경력,월급 300만원 이상,고용형태,"부산광역시 기장군 정관읍 산단7로 92-51, 운종기업",1명,2026-09-08 21:02:22
https://www.jobkorea.co.kr/Recruit/GI_Read/5589647/Ext?siteCode=WN&sc=,813202,유압실린더 제조 부품 가공이 가능한 범용 750이상 대형선반 조작 가능한 기술자 유공압실린더 부품 가공 경력자 우대,범용 선반 조작원,유압자동선반조작원,학력무관,경력,"시급 13,000원 이상",고용형태,부산광역시 강서구 녹산산단261로73번길 51 (송정동),2명,2026-09-08 21:02:22
https://www.jobkorea.co.kr/Recruit/GI_Read/5590288/Ext?siteCode=WN&sc=,027100,"채용 분야 및 담당 업무 1. 재단법인 사무국 회계업무 -금융자산 관리 -세금계산서 발행 및 관련 회계업무 -기타 재단 사무국 회계 관련 업무 ※ 경력 5~10년 내외의 팀장급 인재 ※ WEHAGO(위하고) 프로그램 사용 경험자 우대 2. 지원방법 고용24 지원 3. 고용 형태 수습기간 3개월 포함, 12개월 계약직 계약기간 만료 후 근무평가에 따라 상용직 전환 검토",회계 사무원,-,학력무관,경력,"연봉 4,000만원 이상",고용형태,부산광역시 부산진구 서전로9번길 7 (부전동),1명,2026-09-08 21:02:22
https://www.jobkorea.co.kr/Recruit/GI_Read/5589894/Ext?siteCode=WN&sc=,153100,- 직업훈련학교 전기교사 * 직업능력개발훈련교사 자격증 소지자 * 이력서 작성시 반드시 경력 기재요망. * 교수 계획서 및 강의지도안을 충실히 수업내용에 반영할 수 있는 분 우대,전기공학 기술자 및 연구원,-,학력무관,경력,월급 350만원 이상,고용형태,"부산광역시 연제구 거제대로252번길 20, 외2필지(17-5 ,18-4) (거제동)",1명,2026-09-08 21:02:22
https://www.jobkorea.co.kr/Recruit/GI_Read/5589629/Ext?siteCode=WN&sc=,027205,업체관리 / 기장대리 / 세무조정 / 4대보험관리(노무법인위탁),경리 사무원(회계·세무 사무소),세무기장원,학력무관,관계없음,"연봉 2,600만원 이상",고용형태,"부산광역시 북구 낙동대로1570번길 5, 3층(북구청 근방) (구포동)",2명,2026-09-08 21:02:23
https://www.jobkorea.co.kr/Recruit/GI_Read/5590285/Ext?siteCode=WN&sc=,550102,"[대연동]재가요양보호사 모집 - 3등급 84세 여자어르신 - 09:00-12:00(10:00-13:00도 가능/월수금) - 더비치푸르지오써밋아파트 - 일상생활도움 등 - 13,000원(주휴수당, 연차수당 등 포함)",재가 요양보호사,재가요양보호사,학력무관,경력,"시급 10,320원 ~ 10,320원",고용형태,"부산광역시 남구 황령대로 504, 더비치푸르지오써밋 (대연동, 더비치푸르지오써밋)",1명,2026-09-08 21:02:24
https://www.jobkorea.co.kr/Recruit/GI_Read/5590428/Ext?siteCode=WN&sc=,531802,"[모집직무] 유치원 급식 조리사 업무 [직무소개] 우리 유치원은 100명의 유치원 아동과 7명의 교직원을 위한 맛있는 급식 제공을 책임지고 있습니다. 본 직무는 유아 및 교직원들을 위한 건강하고 맛있는 식사를 준비하는 일을 담당합니다. [주요업무] - 유치원 아동 및 교직원을 위한 점심, 간식 조리 - 식재료 준비 및 관리 - 조리 과정 및 식사 공간 청결 유지 [근무시간] 평일 08:30~15:00 (휴게시간 30분) 주 5일 일 6시간 근무 (총 30시간 ) [지원방법] 이력서 지참 후 유치원 방문하여 면접 실시합니다.",유치원·어린이집 급식 조리사,-,학력무관,관계없음,월급 168만원 이상,고용형태,부산광역시 부산진구 백양산로 23 (당감동),1명,2026-09-08 21:02:24
https://www.jobkorea.co.kr/Recruit/GI_Read/5590445/Ext?siteCode=WN&sc=,305000,"- 복있는요양병원 선임영양사 모집 - 지원조건: 영양사 자격증(필수), 경력 2년 (우대) - 근무시간: 주 5일 9~18시 (휴게시간: 12 ~ 13) - 급여조건: 연봉 29,000,000원 - 접수방법: 전화 화 방문 및 이메일접수(wlsgnl1234@naver.com) - 이력서, 자기소개서 - 접수날짜: **26년 9월 20일 (일)까지 지원가능 ** - 문의전화: 051-529-1524",영양사,병원급식영양사,학력무관,경력,"연봉 2,900만원 이상",고용형태,부산광역시 기장군 기장읍 대변로 117-2,1명,2026-09-08 21:02:24
https://www.jobkorea.co.kr/Recruit/GI_Read/5590549/Ext?siteCode=WN&sc=,550100,"[연산동]요양보호사 - 3등급 80대 남자 어르신 (배우자 함께거주/주간보호센터 부재) - 부축도움, 식사 및 가사, 일상생활지원 - 주5일 (월~금) 9시~12시 (3시간) - 시급 제수당 13,000원 - 연산로타리, 물만골역 인근 주택",요양보호사,-,학력무관,관계없음,"시급 10,320원 ~ 10,320원",고용형태,"부산광역시 연제구 대리로22번길 42, 인근 (연산동)",1명,2026-09-08 21:02:24
https://www.jobkorea.co.kr/Recruit/GI_Read/5590296/Ext?siteCode=WN&sc=,550102,"[구포동] 재가 요양보호사 모집 ▷ 대상자 : 바우처 60대 남자어르신 (독거) ▷ 근무장소 : 구포동 학생예술문화회관 근처 주택 (북구 시랑로 48번길)) ▷ 근무내용 : 청소, 가사 서비스, 요리하기 등의 일상생활 지원 ▷ 근무시간 : 주 2일 (화,금) 11:30~14:30 - 12시부터도 가능-센터의 인근 다른 2일짜리 일자리와 함께 지원 가능 ▷ 급여 : 13,100원 (시급+주휴수당+연차수당 등 제수당 포함) ※ 지원문의 : 070-4142-1177 (뇌청춘재가복지센터) * 다만, 실제 서비스 제공기간에 따라 임금을 계산하여 지급하는 형태로 채용 시 근로자마다 주 소정근로시간이나 임금, 근무(예정)지 등에 차이가 있을 수 있습니다",재가 요양보호사,-,학력무관,관계없음,"시급 10,320원 ~ 10,320원",고용형태,"부산광역시 북구 시랑로 48, . (구포동)",1명,2026-09-08 21:02:25
https://www.jobkorea.co.kr/Recruit/GI_Read/5590298/Ext?siteCode=WN&sc=,304000,"*병동 업무 및 환자 케어 *근무시간(주5일 40시간) D 07:00~16:00(휴게시간 12:30~13:30) E 13:00~22:00(휴게시간 17:30~18:30) N 21:30~07:30(휴게시간 A조 24:00~02:00, B조 02:00~04:00) *근무일: 월~일 근무/토,일 일수에 따라 휴무 지급 *연봉: 3,000~3,500만원 *기간의 정함이 없는 근로계약, 4대보험, 퇴직연금, 1식제공",간호사,-,학력무관,관계없음,"연봉 3,000만원 ~ 3,500만원",고용형태,"부산광역시 사상구 대동로 95, , 삼인요양병원 (학장동)",2명,2026-09-08 21:02:25
https://www.jobkorea.co.kr/Recruit/GI_Read/5590340/Ext?siteCode=WN&sc=,232903,"대상자: 87년생, 여, 자폐성장애 . 120시간, 에코델타거주, 월~금 15시30분~20:30분, 토(월2회) 09:30~18:00 자차 있는 선생님 주휴수당 등 발생 시 별도 지급.4시간 근무 후 30분 휴게시간 있음(점심시간 1시간적용)",장애인 생활지도원(장애인활동보조원 포함),장애인활동지원사,학력무관,경력,"시급 13,100원 ~ 13,100원",고용형태,"부산광역시 강서구 에코델타5로 60, 상세주소는 면접 진행시 안내 (강동동, 에코델타 더 베르힐)",1명,2026-09-08 21:02:25
https://www.jobkorea.co.kr/Recruit/GI_Read/5590615/Ext?siteCode=WN&sc=,027102,"• 회계기장, 세무기장, 결산 • 원천세 신고, 부가가치세 신고, 법인세 신고, 종합소득세 신고 *기장거래처는 법인의 비중이 높으며, 최대한 지속적인 결산을 통하여 야근없이 업무를 하도록 노력하고 있습니다. 기존 직원의 출산휴가 및 육아휴직이 연말쯤 예정에 따라 해당 업무를 인계하여 진행할 예정이며, 업무 인수인계는 충분한 시간 진행될 예정입니다.",회계 사무원(회계·세무 사무소),회계사무원(회계사무소),학력무관,경력,"연봉 3,200만원 ~ 3,800만원",고용형태,"부산광역시 부산진구 연수로 56, 2층 (양정동)",1명,2026-09-08 21:02:25
https://www.jobkorea.co.kr/Recruit/GI_Read/5590548/Ext?siteCode=WN&sc=,550100,"-4등급 70대 후반 여자어르신 (배우자 함께거주) -주3일, 9시~12시(3시간) -시급 및 제수당포함 13,000원 -식사 및 가사도움 등의 업무 -구포역 인근 어반빌리지 아파트",요양보호사,-,학력무관,관계없음,"시급 10,320원 ~ 10,320원",고용형태,"부산광역시 북구 구포만세길 163 (구포동, 어반빌리지)",1명,2026-09-08 21:02:25
https://www.jobkorea.co.kr/Recruit/GI_Read/5590039/Ext?siteCode=WN&sc=,232100,"아이들의 첫 성장을 함께해 주실 따뜻한 선생님을 모집합니다. 📌 모집 대상 : 연령 : 만0, 1세 (2명) 📌 지원 자격 : 보육교사 1급, 보육교사 2급, 유치원 정교사 2급 📌 전형 방법 1차 : 서류 전형(이력서, 자기소개서) 2차 : 면접 📌10월부터 근무 / 근무시간 : 08:00~17:00, 08:30 ~ 17:30 📌 접수 방법 이메일 접수 : white4270@*naver.com",보육교사,어린이집센터장,학력무관,관계없음,월급 215만원 이상,고용형태,"부산광역시 북구 금곡대로 175 (화명동, 화명2차동원로얄듀크비스타)",2명,2026-09-08 21:02:26
https://www.jobkorea.co.kr/Recruit/GI_Read/5589853/Ext?siteCode=WN&sc=,232200,"[모집직무] 보육 관련 시설 돌봄 종사원, 기타 교사보조 및 아동돌봄 종사원, 자동차 대여원(렌터카) [직무소개] 우리 센터는 아이들의 성장을 위한 사랑스러운 공간을 조성하는 데 헌신합니다. [주요업무] - 오후 3시부터 저녁 7시 30분까지 아동들의 안전하고 행복한 놀이 및 학습 시간 지원 - 아동의 개별적인 특성과 성장 단계에 맞는 교육 프로그램 운영 - 보육 관련 업무 및 관리를 위한 효율적인 업무 처리 - 직무 관련 규정 및 지침 준수 - 부모님과의 소통 및 협력을 통한 아이들의 건강한 발달 지원 - 보육교사자격증 소지 필수",보육 관련 시설 돌봄 종사원,-,학력무관,관계없음,월급 113만원 이상,고용형태,"부산광역시 영도구 해양로 293 (동삼동, 남해지방해양경찰청어린이집)",1명,2026-09-08 21:02:26
https://www.jobkorea.co.kr/Recruit/GI_Read/5590327/Ext?siteCode=WN&sc=,420402,"『북항마리나』상근직원 및 파트 공개모집 공고 대시민 만족 및 감동서비스를 제공하고 부산체육 발전을 위해 북항마리나에서 근무할 유능하고 역량 있는 인재를 다음과 같이 공개 모집합니다. 1. 채용분야 및 인원 ❍ 계약기간 : 채용일로부터 1년간 (추후 계약기간 연장 가능) ❍ 계약형태 : 계약직(기간제 근로자) ❍ 근무개시 : 채용시 협의 ❍ 근 무 지 : 북항마리나(부산광역시 중구 이순신대로 72 부산북항마리나) ❍ 분야별 채용인원 1) 상근직원 - 채용완료 - 수영지도자 (수영강사) 채용인원 : 1명 근무시간 : 근무편성에 따른 로테이션 근무(06:00~21:00 중 주40시간) 담당업무 : 수영장 관리운영 및 프로그램 지도 등 2) 파트강사 - 주중(화~금) 수상안전요원 채용인원 : 2명 근무시간 : (15:00~18:00, 19:00~21:00) 담당업무 : 수영장, 다이빙풀 인명구조 등 수상안전 관리 업무 - 주말(토~일) 수상안전요원 채용인원 : 2명 근무시간 : (06:00~12:00, 19:00~21:00) 담당업무 : 수영장, 다이빙풀 인명구조 등 수상안전 관리 업무 2. 채용분야별 근무조건 및 응시자격 - 수영지도자 기본급 : 250만원 자격기준 : 만60세(정년) 이하, 생활스포츠지도사(수영) 2급 이상 자격증 또는 인명구조원 자격증 소지자 - 수상안전요원 기본급: 15,000원/시급 자격기준: 만60세(정년) 이하, 인명구조원 자격증 소지자 ※ 기타 수당, 상여금 등 : 해당 운영규정에 따라 별도 지급 ※ 채용 관련 자세한 내용은 첨부파일 확인 요망",수영·골프·테니스·배드민턴·탁구 등 스포츠 강사,수영강사,학력무관,관계없음,월급 250만원 ~ 250만원,고용형태,부산광역시 중구 이순신대로 72 (중앙동4가),5명,2026-09-08 21:02:26
https://www.jobkorea.co.kr/Recruit/GI_Read/5590328/Ext?siteCode=WN&sc=,153107,"『북항마리나』상근직원 및 파트 공개모집 공고 대시민 만족 및 감동서비스를 제공하고 부산체육 발전을 위해 북항마리나에서 근무할 유능하고 역량 있는 인재를 다음과 같이 공개 모집합니다. 1. 채용분야 및 인원 ❍ 계약기간 : 채용일로부터 1년간 (추후 계약기간 연장 가능) ❍ 계약형태 : 계약직(기간제 근로자) ❍ 근무개시 : 채용시 협의 ❍ 근 무 지 : 북항마리나(부산광역시 중구 이순신대로 72 부산북항마리나) ❍ 분야별 채용인원 - 시설관리(전기안전관리자) 채용인원 : 1명 근무시간 : 09:00~18:00 담당업무 : 전기설비의 유지관리 등 - 시설관리(검사기기관리자) 채용인원 : 1명 근무시간 : 근무편성에 따른 로테이션 근무 (05:00~14:00/12:30~21:30) 담당업무 : 보일러 등 검사대상기기 유지관리 등 2. 채용분야별 근무조건 및 응시자격 - 시설관리(전기안전관리자) - 채용완료 기본급 : 340만원 자격기준 : 연령제한 없음, 전기 무제한 선임가능한 자격증 보유자 - 시설관리(검사기기관리자) 기본급: 250만원 자격기준: 연령제한 없음, 에너지관리기능사 이상 보유자 ※ 기타 수당, 상여금 등 : 해당 운영규정에 따라 별도 지급 ※ 채용 관련 자세한 내용은 첨부파일 확인 요망",전기안전 기술자,전기안전기술자,학력무관,관계없음,월급 340만원 ~ 340만원,고용형태,부산광역시 중구 이순신대로 72 (중앙동4가),2명,2026-09-08 21:02:26
https://www.jobkorea.co.kr/Recruit/GI_Read/5590089/Ext?siteCode=WN&sc=,027200,"건설현장 청구, 전표 관리, 세금계산서 발행, 간단한 회계업무.",경리 사무원,-,고졸~대졸(4년),경력,월급 200만원 ~ 230만원,고용형태,부산광역시 강서구 공항로 255 (대저2동),1명,2026-09-08 21:02:26
https://www.jobkorea.co.kr/Recruit/GI_Read/5616382/Ext?siteCode=WN&sc=,813200,"1. 수행직무 - 머시닝센터 작업(조작, 프로그래밍) 2. 자격요건 - 프레스금형 가공 경력자 - 가공프로그램 변환 가능자 - CAD가능자 3. 참고사항 - 연봉협의 가능 - 수습기간 3개월 후 재조정 가능 - 근무시간 협의 가능",금속 공작기계 조작원,그라인더조작원,학력무관,경력,"연봉 3,000만원 ~ 6,000만원",고용형태,부산광역시 사상구 대동로180번길 17 (학장동),1명,2026-09-08 21:02:27
https://www.jobkorea.co.kr/Recruit/GI_Read/5590422/Ext?siteCode=WN&sc=,550102,"*주례동 재가요양보호사 모집 - 4등급 82세 여자어르신(독거) - 보행가능, 5층아파트 3층거주 - 병원동행, 가사일반, 정서지원 - 주3일, 9:00~12:00 (3시간) - 급여 : 시급 13,000원 (제수당포함)",재가 요양보호사,-,학력무관,관계없음,"시급 13,000원 이상",고용형태,"부산광역시 사상구 가야대로378번길 46, 가동 (주례동, 송림주택)",1명,2026-09-08 21:02:27
https://www.jobkorea.co.kr/Recruit/GI_Read/5590729/Ext?siteCode=WN&sc=,550102,"<재가방문요양보호사 모집> - 3등급 남자 어르신 (80대초반) - 근무시간 : (화,목,금) 14:00~17:00 - 근무지 : 부산시 금정구 금강로 502, 롯데캐슬 - 제출서류 : 이력서, 요양보호사 자격증 사본, 건강검진",재가 요양보호사,재가요양보호사,학력무관,관계없음,"시급 13,000원 ~ 13,000원",고용형태,"부산광역시 금정구 금강로 502, 롯데캐슬 (구서동, 구서동롯데캐슬골드)",1명,2026-09-08 21:02:27
https://www.jobkorea.co.kr/Recruit/GI_Read/5584695/Ext?siteCode=WN&sc=,016301,- 공장 관리 총괄 - 생산 및 제조업 총괄 관리 - 생산현장 공장 관리 및 개선 - 경력5년이상 - 면접시 연봉 협의 가능 - 수습기간 3개월(협의 가능),기계·금속·비금속 제조 관리자(공장장),-,학력무관,경력,"연봉 3,500만원 ~ 4,000만원",고용형태,부산광역시 강서구 녹산산업중로 409 (송정동),1명,2026-09-08 21:02:27
https://www.jobkorea.co.kr/Recruit/GI_Read/5584669/Ext?siteCode=WN&sc=,550102,"-90대 남자어르신(3등급) 샤워, 일상생활도움 연락처 051-782-5640",재가 요양보호사,재가요양보호사,학력무관,관계없음,"시급 13,000원 이상",고용형태,"부산광역시 해운대구 좌동순환로299번길 11 (좌동, 벽산2차아파트)",1명,2026-09-08 21:02:27
https://www.jobkorea.co.kr/Recruit/GI_Read/5584675/Ext?siteCode=WN&sc=,016300,"사출 조건 관리, 제품 품질관리, 금형 교환, 현장 관리 야간 관리자",제품 생산 관련 관리자,-,학력무관,경력,"연봉 3,600만원 ~ 4,000만원",고용형태,"부산광역시 사상구 장인로17번길 11, 금하상사 (감전동)",1명,2026-09-08 21:02:28
https://www.jobkorea.co.kr/Recruit/GI_Read/5616383/Ext?siteCode=WN&sc=,813101,"1. 업무내용 - 프레스 금형 세팅, 조립, 샘플제작 2. 자격요건 - 프레스 금형 제작 경력 - 도면 독해 가능 3. 참고사항 - 연봉협의 가능 - 근무시간 협의 가능 - 수습기간 3개월",프레스 금형 제조원,프레스금형미각기원,학력무관,경력,"연봉 3,000만원 ~ 6,000만원",고용형태,부산광역시 사상구 대동로180번길 17 (학장동),1명,2026-09-08 21:02:28
https://www.jobkorea.co.kr/Recruit/GI_Read/5585273/Ext?siteCode=WN&sc=,821200,"CNC 가공기계 조작및 보조 업무, 경력없어도 지원가능(보조)",금속가공 기계 조작원,-,학력무관,경력,"연봉 3,400만원 ~ 3,800만원",고용형태,부산광역시 강서구 녹산산단261로60번길 8,1명,2026-09-08 21:02:28
https://www.jobkorea.co.kr/Recruit/GI_Read/5585718/Ext?siteCode=WN&sc=,028407,"· 철근 포장 작업 · 제품 출하관리 · 현장 안전관리 · 사내 출하(제품코드 및 수량확인), 이적관리 · 기본 전산업무",창고 관리원(자재 검수원 포함),-,학력무관,관계없음,"시급 11,000원 이상",고용형태,부산광역시 사하구 을숙도대로 760 (구평동),1명,2026-09-08 21:02:28
https://www.jobkorea.co.kr/Recruit/GI_Read/5584914/Ext?siteCode=WN&sc=,550102,"금곡주공5단지 5등급 4등급 여자어르신 구합니다 주 5일근무 원하시면 6일도 가능 근무시간 협의 가능 시급10,320원+기타수당=포괄시급 13,000원",재가 요양보호사,-,학력무관,관계없음,"시급 10,320원 ~ 10,320원",고용형태,"부산광역시 북구 효열로37번길 22 (금곡동, 금곡5단지주공아파트)",1명,2026-09-08 21:02:29
https://www.jobkorea.co.kr/Recruit/GI_Read/5585933/Ext?siteCode=WN&sc=,214600,"영도자동차운전전문학원에서 함께하실 학과 강사 및 검정원을 구인합니다. 직무 내용 : 학사 업무, 기능 교육, 검정 필요 기술 : 학과 강사 및 검정원 자격증 필수입니다. 시간 외 근무시간이 있을 수 있습니다. (시급 1.5배), 근무시간 및 점심시간, 급여 변동가능 러쉬아웃시간(휴게시간) 08:00~09:00 있습니다. 휴일(토,일요일, 공휴일) 근무할 수도 있습니다. 근무형태를 보고 난 후 계약기간 1개월씩 연장할 수 있습니다.",자동차 운전 강사,자동차학원강사,학력무관,관계없음,"시급 10,320원 ~ 10,320원",고용형태,"부산광역시 영도구 조내기로 68, 영도자동차운전전문학원 (청학동)",3명,2026-09-08 21:02:29
https://www.jobkorea.co.kr/Recruit/GI_Read/5586450/Ext?siteCode=WN&sc=,550102,"채용직종 : 주 5일 방문요양보호사 대상자 : 4등급 여자 어르신 근무지역 : 개금 백병원 근처 케어내용 : 가사도움 필요, 산책, 장보기, 말벗도움 등 근무시간 : 10:00-13:00 시급: 10,320원 (포괄시급: 13,500원)",재가 요양보호사,재가요양보호사,학력무관,경력,"시급 10,320원 ~ 10,320원",고용형태,"부산광역시 부산진구 진사로61번길 29, 개금시영아파트 (개금동, 개금 시영)",1명,2026-09-08 21:02:29
https://www.jobkorea.co.kr/Recruit/GI_Read/5587135/Ext?siteCode=WN&sc=,813201,"cnc설비 단순 조작 사상 또는 전조기 단순 조작 소재 투입, 배출, 육안검사 외 주간근무 월,화,목,금 : 08:00~18:00(1시간 연장) 수 : 08:00~17:00 토요일 특근시 08:00~17:00 야간근무 월~금: 18:00~05:00 (휴게1시간) 3개월 단위 계약갱신 가능",CNC 선반 조작원(NC 선반 조작원),-,학력무관,관계없음,"시급 10,320원 ~ 10,320원",고용형태,"부산광역시 사상구 사상로368번길 25, 대진정기(주) (덕포동)",1명,2026-09-08 21:02:29
https://www.jobkorea.co.kr/Recruit/GI_Read/5584657/Ext?siteCode=WN&sc=,890006,"냉동수산물( 고등어, 동태, 갈치 등) 포장반 / 전처리반 모집 신입경력무관",식품 분야 단순 종사원,식품분야 단순노무자,학력무관,경력,"시급 10,320원 ~ 10,320원",고용형태,"부산광역시 서구 원양로 1, B동 307호 (암남동, 수산가공선진화단지) (암남동)",3명,2026-09-08 21:02:30
https://www.jobkorea.co.kr/Recruit/GI_Read/5587292/Ext?siteCode=WN&sc=,822302,"*조선기자재 생산경력직 3명 모집* 1. 직무내용: 도면해석, 취부작업, 제관 2. 자격요건: 경력 3년 이상 필수",제관 보조원(견습공),제관보조원,학력무관,경력,"시급 12,000원 이상",고용형태,"부산광역시 강서구 미음산단3로 115, (주)흥진티엔디 (미음동)",3명,2026-09-08 21:02:30
https://www.jobkorea.co.kr/Recruit/GI_Read/5587361/Ext?siteCode=WN&sc=,159103,1) 도면 작성 (AUTO CAD) _ 필수 3년 이상 경력자 2) 품질팀 보조 업무 3) VALVE 개발 업무 가능자 우대 (동종업계 경험자 우대),기계·금속 제도사(캐드원),기계제도사,학력무관,경력,"연봉 3,000만원 이상",고용형태,"부산광역시 강서구 미음산단로 394, GP INTERNATIONAL (미음동)",1명,2026-09-08 21:02:30
https://www.jobkorea.co.kr/Recruit/GI_Read/5587022/Ext?siteCode=WN&sc=,890000,"게맛살 생산직(단순가공업무/남녀무관) 직원채용 모집 1. 모집분야 : 생산직(단순가공업무) 2. 모집인원 : 5명 3.급여 : 10,320 원 4.근무시간 : 08:00 ~ 17:00 (주5일근무) (생산스케쥴에 따라 토요근무 발생할수 있음, 연장근무시 1.5배 수당 별도지급) 5. 근무지 : 부산광역시 서구 원양로 87(암남동) 6. 기타: 4대보험 가입 및 퇴직금 * 인근거주자 우대 *",기타 제조 관련 단순 종사원,권선공,학력무관,관계없음,"시급 10,320원 ~ 10,320원",고용형태,부산광역시 서구 원양로 87,5명,2026-09-08 21:02:30
https://www.jobkorea.co.kr/Recruit/GI_Read/5587477/Ext?siteCode=WN&sc=,027102,"회계사무실 업무 (법인,개인(성실포함) 결산 가능한 분",회계 사무원(회계·세무 사무소),회계사무원(회계사무소),학력무관,경력,"연봉 3,000만원 ~ 4,000만원",고용형태,부산광역시 연제구 고분로 25 (연산동),2명,2026-09-08 21:02:31
https://www.jobkorea.co.kr/Recruit/GI_Read/5584680/Ext?siteCode=WN&sc=,813201,"[모집직무] CNC 선반 조작원(NC 선반 조작원), 목재 가공 관련 기계 조작원, CNC 밀링기 조작원(NC 밀링기 조작원) [직무소개] 첨단 CNC 가공 기술을 활용하여 고품질 제품을 생산하는 데 기여합니다. 다양한 CNC 가공 기계를 조작하고 운영하며, 정밀한 작업을 통해 뛰어난 제품을 만드는 역할을 담당합니다. [주요업무] - CNC 선반, 밀링기 등을 조작하여 다양한 재료를 가공 - 작업 순서에 따라 프로그램을 설정하고, 가공 작업 진행 - 가공된 제품의 품질을 검사하고, 불량 발생 시 원인 분석 및 개선 - 작업 장비 및 도구 관리 - 안전사고 예방 및 작업 환경 유지",CNC 선반 조작원(NC 선반 조작원),-,학력무관,경력,"시급 10,320원 이상",고용형태,부산광역시 강서구 낙동북로138번길 31 (강동동),3명,2026-09-08 21:02:31
https://www.jobkorea.co.kr/Recruit/GI_Read/5586676/Ext?siteCode=WN&sc=,531804,"★ 산업체 식당 (조리 반장급)모집-단시간 ★ ................................................................. ▶근무조건: 조리 반장 (1명) : 08:00 ∼ 14:30(주5일) / 기본급 월 2,000,000 (4대보험 / 퇴직연금 / 연차수당 / 연장 수당 별도 지급) - 격주 토요일 근무 시 주말 수당 지급 - 석식 근무 시(4시간) 추가 수당 지급 ▶접수방법: (1)전화문의 : 051-831-2820 (2)이력서 접수 이메일 saeson001@hanmail.net 팩 스 051-831-2825 ▶주요업무 : 주방 조리 업무, - 현재 조리사(반장 급 1명) / 조리보조원 3명 / 영양사 근무 - 일 식수: 300-350식(중식 운영) ＊채용 시 조기 마감 됩니다",사업체 구내식당 급식 조리사,(회사)구내식당조리사,학력무관,경력,월급 200만원 ~ 200만원,고용형태,"부산광역시 사하구 구평로16번길 71, 강남 (구평동)",1명,2026-09-08 21:02:31
https://www.jobkorea.co.kr/Recruit/GI_Read/5587610/Ext?siteCode=WN&sc=,016100,"- 직무내용 : 건설현장소장, 인테리어, 공무 등 - 직 급 : 차장 및 부장 (면접 후 결정) - 근무형태 : 정규직 (수습기간 3개월) - 자격요건 : 인테리어 현장 관리 가능자(필수), 건설기술인협회 중급 이상(우대), CAD 및 컴퓨터 활용가능자 - 근무지역 : 현장에 따라 파견 근무 형태 (부산, 울산, 경남 전체, 경북 전체) - 우대사항 : 건축기사, 실내건축기사 자격증 보유자, 숙박시설 신축 및 리모델링 현장관리자 경력 보유자 - 복리후생 : 4대보험, 퇴직금, 중식 제공, 유류비 일부지원",건설 및 광업 관련 관리자(부서장),건설관련관리자,학력무관,경력,월급 450만원 이상,고용형태,부산광역시 연제구 신금로5번길 18 (연산동),1명,2026-09-08 21:02:32
https://www.jobkorea.co.kr/Recruit/GI_Read/5586355/Ext?siteCode=WN&sc=,027201,"[모집직무] 단순 경리 사무원, 경리 사무원(무역), 무역 사무원(영어) [직무소개] 부산 동구 범일동에 위치한 수입 수산물 유통업체입니다. 본직무는 수산물 수입 관련 무역 업무를 총괄합니다. 간단한 영어 이메일 소통과 단순 경리 업무까지 담당할 책임감 있는 인재을 찾고 있습니다. [주요업무] - 수산물 수입 업무 처리 - 해외 거래처와의 이메일 소통 - 수산물 유통 프로그램(씨오버) 관리 - 간단한 경리 업무 수행",경리 사무원(무역),-,학력무관,경력,"연봉 3,000만원 이상",고용형태,"부산광역시 동구 자성로116번길 2, 105-504(범일동, 두산위브포세이돈2차) (범일동, 두산위브포세이돈Ⅱ)",1명,2026-09-08 21:02:32
https://www.jobkorea.co.kr/Recruit/GI_Read/5587309/Ext?siteCode=WN&sc=,550102,"* 장전동 거주/온천장역 10분거리 - 4등급 여자어르신(80대 초반) / 독거 - 주3일 13:00~16:00 (화,토) / 15:00~18:00(목) - 시급: 10,320원(수당포함 13,100원) - 신체활동,정서지원,가사 및 일상생활지원 등",재가 요양보호사,재가요양보호사,학력무관,관계없음,"시급 10,320원 ~ 10,320원",고용형태,"부산광역시 금정구 식물원로 35, . (장전동, 용진힐타운)",1명,2026-09-08 21:02:32
https://www.jobkorea.co.kr/Recruit/GI_Read/5587668/Ext?siteCode=WN&sc=,852300,배합실 (약품배합) *3개월 수습기간 (급여동일),화학제품 생산기 조작원,바이오가스운영원,학력무관,관계없음,"시급 11,100원 ~ 11,100원",고용형태,부산광역시 사하구 신산로 111,1명,2026-09-08 21:02:32
https://www.jobkorea.co.kr/Recruit/GI_Read/5612650/Ext?siteCode=WN&sc=,159104,"서류 및 기술검토 기계.기구 설계, 조선기자재 설계, 제작도면 설계, 승인도 BOM작성",전기·전자 장비 제도사(캐드원),전기전자제도사,학력무관,관계없음,"연봉 3,690만원 ~ 5,160만원",고용형태,"부산광역시 부산진구 중앙대로 766, 2층 (부전동)",2명,2026-09-08 21:02:32
https://www.jobkorea.co.kr/Recruit/GI_Read/5587705/Ext?siteCode=WN&sc=,231101,1) 장애인 일상생활 보조지원 2) 서류작성 3 ) 프로그램 계획 및 진행 4) 근무형태 : 정규직,사회복지사(사회복지시설),"사회복지사(사회복지시설, 노인복지시설, 장애인복지시설 등)",학력무관,경력,월급 260만원 이상,고용형태,"부산광역시 서구 천해로7번길 55-10, 나라단기거주시설 (암남동)",1명,2026-09-08 21:02:32
https://www.jobkorea.co.kr/Recruit/GI_Read/5584664/Ext?siteCode=WN&sc=,027200,"우리 회사는 성장하고 있는 분야에서 사업을 운영하는 기업입니다. 다양한 업무를 효율적으로 수행하기 위해 경리업무, 회계업무를 담당할수 있는분을 모집합니다. - 결산 업무 - 회계 관련 업무 처리 - 경리 업무 지원 등 - 토요일 근무( 9시 - 6시 / 빨리 마무리 되는 날은 일찍 마칠 수 있음)",경리 사무원,경리장부정리원,학력무관,경력,월급 265만원 ~ 270만원,고용형태,부산광역시 사하구 다송로 71 (다대동),1명,2026-09-08 21:02:33
https://www.jobkorea.co.kr/Recruit/GI_Read/5584674/Ext?siteCode=WN&sc=,232100,1.시간제반 교사 2. 행정 업무외,보육교사,어린이집교사,학력무관,경력,월급 234만원 ~ 250만원,고용형태,"부산광역시 금정구 금샘로18번길 79-21, 1층 (장전동)",1명,2026-09-08 21:02:33
https://www.jobkorea.co.kr/Recruit/GI_Read/5585710/Ext?siteCode=WN&sc=,550101,- 입소 어르신의 일상생활을 지원하기 위한 장기요양서비스 제공 - 입소 어르신 생활환경 관리,요양보호사(노인요양사),요양보호사,학력무관,관계없음,월급 245만원 ~ 260만원,고용형태,"부산광역시 기장군 장안읍 못안길 47, 반석노인건강센터",2명,2026-09-08 21:02:33
https://www.jobkorea.co.kr/Recruit/GI_Read/5584696/Ext?siteCode=WN&sc=,028502,- 생산관리 업무 - 컴퓨터활용능력ㆍ문서작성ㆍ엑셀 우수 - 운전가능자 - 동종업체경력우대 - 수습기간 3개월(협의 가능),생산관리 사무원(기계·자동차·금속),-,학력무관,경력,"연봉 3,500만원 ~ 3,500만원",고용형태,부산광역시 강서구 녹산산업중로 409 (송정동),1명,2026-09-08 21:02:33
https://www.jobkorea.co.kr/Recruit/GI_Read/5585265/Ext?siteCode=WN&sc=,890000,터미널 내 컨테이너 수리,기타 제조 관련 단순 종사원,-,학력무관,관계없음,"연봉 2,800만원 ~ 2,900만원",고용형태,"부산광역시 강서구 성북동 신항남로 454, 성북동 현대부산신항만 (성북동)",5명,2026-09-08 21:02:33
https://www.jobkorea.co.kr/Recruit/GI_Read/5585709/Ext?siteCode=WN&sc=,550101,2개층 생활실 업무 총괄,요양보호사(노인요양사),요양보호사,학력무관,경력,월급 245만원 ~ 250만원,고용형태,"부산광역시 기장군 장안읍 못안길 47, 반석노인건강센터",1명,2026-09-08 21:02:34
https://www.jobkorea.co.kr/Recruit/GI_Read/5584656/Ext?siteCode=WN&sc=,028302,"1. Marine Division 2. Damage / Hull Survey 3. Oil & Petrochemical Survey 4. Tank Calibration 5. Towage / MWS (Marine Warranty) 6. Insurance 7. Laboratory 화물의 안전한 선적 하역을 위한 검사원을 모집합니다. *근무지역 : 전국 ( 부산, 경남, 울산, 광양, 인천, 평택, 여수, 목포, 동해, 포항, 제주도 등 전국으로 출장 가능자 ) 해외 출장 가능자 (경력직 및 자격증 소지자만- 신입사원은 해외출장 없습니다.) *자격증은 입사후 반드시 취득 필수 조건입니다. *업무상 개인차량 반드시 필요합니다. (부두내에 이동을 걸어서 할수는 없습니다.) *근무시간은 하루 8시간 기준이지만, 아침 9시부터 출근해서 업무를 하는것이 아니라 업무특성상(선박일정, 기상등의 조건등으로) 오전 또는 오후, 또는 야간 , 주말에 업무를 할 수도 있습니다. 예1) 월 오전 9시 ~ 오전 12시 근무 -> 이후시간 근무 없음 예2) 화 오후 5시 ~ 오후 8시 근무 -> 오전시간 근무 없음 예3) 수 근무 없음 예4) 목 근무 없음 예5) 금 새벽 1시 ~ 새벽 3시 근무 -> 이후시간 근무 없음 예6) 토 근무 없음 예7) 일 오전 8시~ 오전 10시 근무 예8) 월 근무 없음 *평일에 근무가 전혀 없는 경우도 빈번합니다. 이런 경우에도 정규직이므로 월급변경은 없습니다.. *연봉(최저임금이상)은 연장수당, 휴일수당 포함된 금액이며, 업무시 부산,경남(당일업무) 근무시 중식비, 석식비 지방 출장시(식사비, 숙박비,유류비, 통행료,) 별도 제공 개인차량지원금, 통행료, 유류비, 업무용 주차비 지원됩니다. 해외출장시 별도의 추가 해외출장수당, BUNKER 업무시 (VPS) 추가수당 지급됩니다. *업무상 밤낮이 바뀌는 근무가 될수도 있습니다. 이점 참고하시어 지원하여 주십시요. 현재 바로 투입 가능한 직원 채용을 원하고 있습니다. *근무시간과 근무장소등은 업무상황에 따라 매일 다르게 배정됩니다. 월) 북항 (오전) 화) 근무없음 수) 창원(오후) ........ * 유동성 있는 근무시간은 장점이자 단점입니다. 본인의 라이프 스타일과 적합하다고 생각하시는 분들의 많은 지원 바랍니다. * 고용보험용 지원은 자제바랍니다.",수상 운송 사무원(해상 운송),-,대졸(4년),관계없음,"연봉 3,200만원 이상",고용형태,"부산광역시 남구 신선로 2, 부산지식산업센터 우암점 312호 (우암동)",2명,2026-09-08 21:02:34
https://www.jobkorea.co.kr/Recruit/GI_Read/5584677/Ext?siteCode=WN&sc=,813204,"밀링금속 가공업무, 범용밀링2호기, 5호기 / 금속재료시험편가공 / 회사사정에 따라 연장근로할 수 있음 (연장수당 별도 지급) 밀링 또는 충격시험편 가공 가능자 우대합니다.",범용 밀링기조작원,범용밀링기기능원,학력무관,경력,월급 300만원 ~ 300만원,고용형태,부산광역시 사상구 가야대로195번길 12-21 (주례동),1명,2026-09-08 21:02:34
https://www.jobkorea.co.kr/Recruit/GI_Read/5584660/Ext?siteCode=WN&sc=,159103,"펀칭관련 캐드도면,캠작업을 하는일 입니다.",기계·금속 제도사(캐드원),기계캐드원,학력무관,관계없음,월급 215만원 ~ 215만원,고용형태,"부산광역시 사하구 감천항로419번길 40, 구평동",1명,2026-09-08 21:02:35
https://www.jobkorea.co.kr/Recruit/GI_Read/5584713/Ext?siteCode=WN&sc=,834000,"태양광 발전소 프로젝트 진행 관련 유경험자 모십니다 직무내용 주요업무 - 프로젝트 총괄부장 -정부 및 지자체 인혀가 업무( 개발행위허가, 개발행위 준공) -한전계통협의 -주요기자재(모듈,인버터,구조물 사양 검토) -시공 일정 관리 ,현장감독 및 협력사 조율",전기 및 전자설비 조작원,-,학력무관,경력,"연봉 5,000만원 ~ 6,000만원",고용형태,"부산광역시 강서구 과학산단1로60번길 32, 13동 607호 (지사동, 테크노파크) (지사동)",1명,2026-09-08 21:02:35
https://www.jobkorea.co.kr/Recruit/GI_Read/5584576/Ext?siteCode=WN&sc=,420100,"심화반, 선수반, 중등부 수업, 회원관리, 차량 운행 *실업급여 목적으로 지원하지 마세요! [일반인스포츠지도 > 유소년스포츠지도] 발달과정별 유소년스포츠 프로그램 구성하기,발달과정별 유소년스포츠 프로그램 지도하기,발달과정별 유소년스포츠 프로그램 평가하기",스포츠 감독 및 코치,축구감독및코치,학력무관,관계없음,"시급 15,000원 ~ 25,000원",고용형태,"부산광역시 기장군 정관읍 구연3로 17, 501,502호",1명,2026-09-08 21:02:35
https://www.jobkorea.co.kr/Recruit/GI_Read/5584655/Ext?siteCode=WN&sc=,531802,"상리자연어린이집 원아들의 급간식을 해주실 조리사 선생님을 모십니다 업무: 영유아, 교직원 중식 및 간식(오전,오후) 식재료 검수, 조리실 청소와 위생 관련 업무 근무시간: 주5일(오전8시~오후 5시 : 휴게시간12:30-13:30) 휴게시간 및 근무시간은 조율가능 조리사 자격증 필수이며 정년 60세",유치원·어린이집 급식 조리사,어린이집급식조리사,학력무관,관계없음,월급 223만원 이상,고용형태,"부산광역시 영도구 상리로 63- 1, 상리자연어린이집 (동삼동)",1명,2026-09-08 21:02:35
https://www.jobkorea.co.kr/Recruit/GI_Read/5585016/Ext?siteCode=WN&sc=,834000,생산팀 전기 기술자 모집합니다 PLC프로그램 (공작기계) * 위치 녹산공단에 위치하고 있으며 용원에서 5분 거리 * 근무시간 주 5일 / 40시간 근무 & 잔업 9시간 기본 ** 면접 시 방문하여 업무 내용 확인 가능 ** 인근 거주자 우대 ** 면접 후 즉시 출근 가능,전기 및 전자설비 조작원,-,학력무관,관계없음,월급 400만원 이상,고용형태,부산광역시 강서구 녹산산업중로 52-9 (송정동),1명,2026-09-08 21:02:36
https://www.jobkorea.co.kr/Recruit/GI_Read/5587769/Ext?siteCode=WN&sc=,531800,"- 총 1명 구인(조리실장1명) - 병원 환자 및 직원식 관련 조리업무 및 배식 관련 업무 - 세전 월 360만원이상 - 근무시간 05:00~17:00 (식사휴게포함 휴게 총2.5시간/ 월 6회 휴무, 연차 1개 사용 시 기준) -년 4회 10만원씩 상여지급,기타 본인 의료비 감면혜택 있음.",단체급식 조리사,-,학력무관,경력,월급 360만원 이상,고용형태,"부산광역시 남구 수영로 238, 부산고려병원 (대연동)",1명,2026-09-08 21:02:36
https://www.jobkorea.co.kr/Recruit/GI_Read/5586712/Ext?siteCode=WN&sc=,561101,"- 좋은삼선병원 청소업무 - 한달에 4번 휴무(평일 2일, 일요일 2일)","건물 청소원(공공건물,아파트,사무실,병원,상가,공장 등)",아파트청소원,학력무관,관계없음,월급 222만원 이상,고용형태,"부산광역시 사상구 가야대로 326, 좋은삼선병원 (주례동)",1명,2026-09-08 21:02:36
https://www.jobkorea.co.kr/Recruit/GI_Read/5587655/Ext?siteCode=WN&sc=,307500,"어르신 유치원 주간보호센터에서 간호조무사 선생님 모십니다. - 시니어 우대 - 필수자격증 : 간호조무사, 운전면허증 1종 - 근무시간 : 08:00~17:00 (휴게1시간 포함) 변동 있을 수 있으나 협의 가능합니다. - 주5일 40시간 -정규직, 퇴직금 지급, 식사제공",간호조무사,-,학력무관,관계없음,월급 215만원 이상,고용형태,"부산광역시 사상구 사상로 332, 2층 (덕포동)",1명,2026-09-08 21:02:37
https://www.jobkorea.co.kr/Recruit/GI_Read/5585642/Ext?siteCode=WN&sc=,550102,"[금곡동]재가요양보호사 모집 - 4등급 83세 남자어르신 - 주5일 평일 09:00-12:00 - 율리벽산블루밍아파트 - 일상생활도움 등 - 13,000원(주휴수당, 연차수당 등 포함)",재가 요양보호사,재가요양보호사,학력무관,경력,"시급 10,320원 ~ 10,320원",고용형태,"부산광역시 북구 효열로 2, 율리벽산블루밍아파트 (금곡동, 율리벽산블루밍아파트)",1명,2026-09-08 21:02:37
https://www.jobkorea.co.kr/Recruit/GI_Read/5587639/Ext?siteCode=WN&sc=,159103,[담당업무] - 전기.전자 캐드원 - 생산품질 관리 [근무형태 (주/야)] - 주간 [자격요건] - 경력 3년 이상 [우대사항(자격증)] - 관련학과 우대 - 관련직종 경력자 우대,기계·금속 제도사(캐드원),기계제도사,학력무관,경력,월급 250만원 ~ 280만원,고용형태,부산광역시 강서구 과학산단1로103번길 57 (지사동),1명,2026-09-08 21:02:37
https://www.jobkorea.co.kr/Recruit/GI_Read/5587485/Ext?siteCode=WN&sc=,028406,"1. 구매 관리 : 외주업체 구매 신청, 수령 2. 납품 : 업체 제품 납품 3. 도면 관리 : 외주업체 의뢰 건 (캐드 가능자) *청년층 지원 가능*",자재·구매 사무원(일반 사업체),-,학력무관,경력,"연봉 3,000만원 이상",고용형태,"부산광역시 사상구 사상로433번길 9, 동양프론테크 (모라동)",1명,2026-09-08 21:02:38
https://www.jobkorea.co.kr/Recruit/GI_Read/5585585/Ext?siteCode=WN&sc=,550102,"1. 자격요건: 요양보호사 자격증 소지자 (유경험자 및 인근 거주자 우대) 2. 서류접수기간: 2026.08.24(월) ~ 채용시 3. 제출서류: 이력서, 자격증 사본(요양보호사) 4. 서류접수방법 : 방문 5. 직무내용: -광안동 광안동일빌라 -3등급 할아버지(독거) -근무시간: 09:00-12:00, 월~토 주6회 -어르신케어(가사지원-청소, 식사준비, 병원동행, 정서지원) -포괄시급 13,000원(제세수당 포함임) 연락처 : 051-916-7303",재가 요양보호사,재가요양보호사,학력무관,관계없음,"시급 10,320원 ~ 13,000원",고용형태,"부산광역시 수영구 수영로521번가길 17, - (광안동, 광안동일빌라)",1명,2026-09-08 21:02:38
https://www.jobkorea.co.kr/Recruit/GI_Read/5587137/Ext?siteCode=WN&sc=,550102,"- 1등급 여자 어르신(76세, 배우자 동거) - 13:00~17:00, 주 6일(월~토) ☞ 1시간 연장 근무 희망하심 - 시급 : 10,320원 ☞ 주휴수당 등 발생 시 별도 지급 - 일상생활지원 및 어르신 케어 ※ 배우자분께서 많이 도와 주심.",재가 요양보호사,재가요양보호사,학력무관,경력,"시급 10,320원 ~ 10,320원",고용형태,"부산광역시 연제구 토현로 10, 1 (연산동, 주공아파트)",1명,2026-09-08 21:02:38
https://www.jobkorea.co.kr/Recruit/GI_Read/5586623/Ext?siteCode=WN&sc=,415301,은행 메뉴얼 설계 인테리어 설계 및 견적 작업 스케치업 프로그램 사용자 우대 현장감리 및 샵드로잉 경험자 우대,인테리어 디자이너,인테리어디자이너,학력무관,경력,월급 330만원 이상,고용형태,부산광역시 수영구 수영로 529 (광안동),1명,2026-09-08 21:02:39
https://www.jobkorea.co.kr/Recruit/GI_Read/5587279/Ext?siteCode=WN&sc=,822302,"* 금강정밀 제관반 인원 모집 * 사업 확장으로 인한 인원 추가 모집 ㆍ압력 용기 제작 및 소형 배관 ㆍCO2, TIG 용접 제작 업체 ㆍ압력 용기 제작 : 용접사(CO2, TIG) 제관사 모집(경력직 우대) ㆍ소형 배관 취부사, 용접사 (경력지 우대) ㆍ비철(SUS) TANK 제작 : 제관사, 용접사 모집 (경력직 우대)",제관 보조원(견습공),-,학력무관,관계없음,"시급 11,000원 ~ 17,000원",고용형태,"부산광역시 사하구 다산로 168, 금강정밀 (다대동)",5명,2026-09-08 21:02:39
https://www.jobkorea.co.kr/Recruit/GI_Read/5587534/Ext?siteCode=WN&sc=,307500,"4대보험 가입 주5일근무(수습기간 1개월이후) 근무복 지급 중식지급 연차사용(수습기간 1개월 이후) 월~금 오전 10시~오후 7시까지 목요일 오전 10시~오후 9시까지 토요일 오전 10시~오후 4시까지 일,공휴일은 휴무",간호조무사,-,학력무관,경력,월급 240만원 ~ 250만원,고용형태,부산광역시 해운대구 해운대로 277,1명,2026-09-08 21:02:39
https://www.jobkorea.co.kr/Recruit/GI_Read/5586184/Ext?siteCode=WN&sc=,811206,영도 HJ조선소 족장업무 입니다.,기타 공업기계 설치·정비원,고정기관정비원,학력무관,관계없음,"시급 10,320원 이상",고용형태,"부산광역시 영도구 태종로 233, HJ중공업내 태영산업(주) (봉래동5가)",5명,2026-09-08 21:02:39
https://www.jobkorea.co.kr/Recruit/GI_Read/5586643/Ext?siteCode=WN&sc=,550102,"재가 요양보호사(야간돌봄포함) 80대, 4등급, 여자어르신 업무 -일상생활지원(취사,세탁,청소 및 주변정돈), 신체활동지원(개인위생관리, 복약도움) -야간 화장실 이용(1~2회정도) 야간휴게시간 포함, 근무시간 급여 조정가능 오후 5시 근무 ~ 오전 10시, 밤사이 화장실 이용이외는 특별한 문제없이 잘 주무시는 편. 독거아님",재가 요양보호사,재가요양보호사,학력무관,경력,월급 220만원 ~ 230만원,고용형태,"부산광역시 수영구 남천동로 36, 4층 (남천동)",1명,2026-09-08 21:02:39
https://www.jobkorea.co.kr/Recruit/GI_Read/5586508/Ext?siteCode=WN&sc=,836000,"[전기,전자제품]생산직 사원모집 -정밀계측기 생산업체 -현장내 생산 및 포장, 입출고 등 업무 (원재료 입고 상하차, 생산) -전자제품 생산관련 경력자 우대 -주5일, 9:00-18:30 (휴게시간 포함) -연 2800~3000만원 내외 -남구 문현동(2호선 지게골역 인근)",전기·전자 부품 및 제품 조립원,-,학력무관,경력,"연봉 2,800만원 ~ 3,000만원",고용형태,부산광역시 남구 지게골로 139-47 (문현동),1명,2026-09-08 21:02:39
https://www.jobkorea.co.kr/Recruit/GI_Read/5587391/Ext?siteCode=WN&sc=,531803,"1. 병원 환자 및 직원 식사 조리업무 2. 재료준비 손질, 설거지 업무 3. 식사 배식 청소 및 기타 조리실 업무",병원 급식 조리사,병원급식조리사,학력무관,관계없음,월급 260만원 이상,고용형태,"부산광역시 부산진구 가야대로 713 (당감동, 굿모닝메디칼센타 5층,6층,7층)",1명,2026-09-08 21:02:40
https://www.jobkorea.co.kr/Recruit/GI_Read/5584671/Ext?siteCode=WN&sc=,027102,[모집직무] 회계 사무원(회계·세무 사무소) [직무소개] 회계사무실에서 탄탄한 경험을 바탕으로 성장과 발전을 함께 추구할 회계사무원을 모집합니다. 수영세무서 근처의 편리한 위치와 유연한 근무 환경을 제공합니다. [주요업무] - 법인 및 개인 회계 처리 - 세금 신고 및 관련 서류 작성 - 재무 분석 및 보고서 작성 - 회계 시스템 관리,회계 사무원(회계·세무 사무소),회계사무장,학력무관,경력,"연봉 3,500만원 이상",고용형태,부산광역시 수영구 남천동로19번길 20 (남천동),2명,2026-09-08 21:02:40
https://www.jobkorea.co.kr/Recruit/GI_Read/5584694/Ext?siteCode=WN&sc=,028508,- 품질관리업무 등 - 품질관리 자격증(QC) 필수 - 동종업체 경력우대 - 경력5년이상 - 컴퓨터활용능력ㆍ문서작성ㆍ엑셀 우수 - 운전가능자 - 면접시 연봉 협의 가능 - 수습기간 3개월(협의 가능),품질관리 사무원(기계·자동차·금속),-,학력무관,경력,"연봉 3,500만원 ~ 4,500만원",고용형태,부산광역시 강서구 녹산산업중로 409 (송정동),1명,2026-09-08 21:02:40
https://www.jobkorea.co.kr/Recruit/GI_Read/5584577/Ext?siteCode=WN&sc=,531803,"** 병원 내 환자 급식조리 및 직원식 조리 ** 근무시간: 06시~17:30분(휴게시간:오전1시간,오후1시간) ** 근무형태: 이틀근무 하루 휴무 *실업급여 및 국민취업지원제도 수급목적의 지원은 삼가해주시기 바랍니다 꼭 근무 하실 분만 지원 바랍니다.",병원 급식 조리사,병원급식조리사,학력무관,경력,월급 250만원 ~ 270만원,고용형태,"부산광역시 해운대구 해운대로 407, 센텀아동병원 (우동, 신세계프라자 6층)",1명,2026-09-08 21:02:40
https://www.jobkorea.co.kr/Recruit/GI_Read/5585268/Ext?siteCode=WN&sc=,821200,"CNC 선반 오퍼레이터, 전반적인 생산관리",금속가공 기계 조작원,-,학력무관,경력,"연봉 3,500만원 이상",고용형태,부산광역시 강서구 호계로79번길 78 (죽동동),1명,2026-09-08 21:02:41
https://www.jobkorea.co.kr/Recruit/GI_Read/5589374/Ext?siteCode=WN&sc=,550102,"- 주례 럭키아파트 거주 - 4등급 남자어르신(90대) - 신체활동지원, 가사지원, 정서지원,병원동행 - 09:00~12:00 / 주3일( 월,수,금) / 오후도 가능 - 시급 :13,000원(주휴및 제수당포함)",재가 요양보호사,-,학력무관,관계없음,"시급 10,320원 ~ 10,320원",고용형태,"부산광역시 사상구 가야대로284번길 12 (주례동, 럭키주례아파트)",1명,2026-09-08 21:02:41
https://www.jobkorea.co.kr/Recruit/GI_Read/5584681/Ext?siteCode=WN&sc=,159105,"[모집직무] 3D 프린팅 제도사, 공구 조립·검사원, 드론 조작원 [직무소개] 우리 회사는 드론 기술과 3D 프린팅 기술을 활용하여 다양한 분야에서 혁신적인 솔루션을 개발하고 있습니다. 본 직무는 드론 조립 및 시운전, 3D 프린터 인벤터 및 기타 관련 업무를 담당합니다. [주요업무] - 드론 조립 및 시운전 - 3D 프린터 인벤터 및 관리 - 프린팅 과정 검토 및 문제 해결 - 설계도를 바탕으로 드론 및 3D 프린팅 제품 제작 - 드론 및 3D 프린터 관련 기술 교육 및 자료 업데이트",3D 프린팅 제도사,-,학력무관,관계없음,월급 220만원 이상,고용형태,"부산광역시 강서구 과학산단1로60번길 30, 8동301호 (지사동)",1명,2026-09-08 21:02:41
https://www.jobkorea.co.kr/Recruit/GI_Read/5586012/Ext?siteCode=WN&sc=,232100,"양정자이1단지어린이집에서는 10월부터 함께 근무하실 연장반 담임교사를 모집합니다. 1. 자격사항 : 보육교사 2급이상 2. 근무시간 : 15시 - 19시 30분 3. 급 여 : 1,139,000원 4. 제출서류 : 이력서, 자기소개서, 자격증 사본, 경력증명서, 장기미종사교육수료증(해당자에 한함) 5. 전형방법 : 서류전형 및 개별면접. 6. 서류제출방법 : 이메일접수(didwjdwkdl1@naver.com) 7. 기타 : 접수된 서류는 반환되지 않습니다",보육교사,어린이집보육교사,학력무관,경력,월급 113만원 이상,고용형태,"부산광역시 부산진구 연수로 38, 양정자이1단지어린이집 (양정동, 양정자이더샵SKVIEW 1단지)",1명,2026-09-08 21:02:41
https://www.jobkorea.co.kr/Recruit/GI_Read/5584682/Ext?siteCode=WN&sc=,231101,"-어르신 증원으로 추가구인입니다 -경력직 사회복지사 선생님을 모십니다 -센터에서 지정하는 사회복지사 업무로 수급자 프로그램, 행정, 송영 등 주간보호센터 사회복지사 업무수행 -차량운행가능자(1종우대) - 08:00~17:00/ 08:30~17:30 토요일, 공휴일 근무가능하신 분 (근무시 평일 대체 휴무) 우대사항- 치매교육이수자, 바로 출근가능한 자 *2026년 평가 완료 센터입니다",사회복지사(사회복지시설),"사회복지사(사회복지시설, 노인복지시설, 장애인복지시설 등)",학력무관,경력,월급 240만원 이상,고용형태,"부산광역시 사상구 낙동대로 790 (엄궁동, 신우프라자)",1명,2026-09-08 21:02:41
https://www.jobkorea.co.kr/Recruit/GI_Read/5584661/Ext?siteCode=WN&sc=,623004,"직무내용 [주요업무] - 자사 냉동창고에서 지게차를 이용하여 작업현장에 필요한 반제품(ex고등어 순살, 새우살, 참치 등등) 및 원료등을 요청 수량대로 현장에 입출고 - 작업현장 당일 작업 시작 전 필요한 원료 냉동창고에서 꺼내기 - 적재 및 제품 가지러 오는 회사들에 출고 - 사고 예방 및 안전 운전 [상차 업무] 지정된 거래처 및 고객사의 제품들을 안전하고 정확하게 상차",지게차 운전원,전동지게차운전원,학력무관,관계없음,"연봉 3,000만원 ~ 3,300만원",고용형태,부산광역시 사하구 다대로354번길 24 (장림동),2명,2026-09-08 21:02:42
https://www.jobkorea.co.kr/Recruit/GI_Read/5585857/Ext?siteCode=WN&sc=,561100,"[본사 미화 대청소팀] 미화원 채용 * 9월 1일 입사예정* ○ 근무지 : 부산전체 ○ 채용분야 : 미화원 3명 (신입가능 / 경력자 우대) ○ 주요업무 : 본사 소속으로 부산 전지역의 아파트 또는 상가 대청소 업무를 수행함 ○ 근무시간 : 주 5일 / 08:30~16:00 (휴게시간 1시간포함) ** 주말(토,일)공휴일 휴무 ** ○ 자격사항 : 1종 보통운전면허 필수 (실제운전가능자) ○ 우대사항 : 탑승식 청소차량 가능자, 고압세척 및 바닥돌돌 사용가능자 우대 (필수아님) ○ 급여 : 월 1,750,000원(세전) --------------------------------------------- 업체로 직접 방문은 절대 자제바랍니다. --------------------------------------------- ▶ 지원문의 : 051-807-7560 ▶ 팩스번호 : 051-745-8561 ▶ <본사 대청소팀 지원> 필히 이력서 상단에 적어주세요 * 접수마감일과 달리 조기마감 될 수 있습니다.",건물 청소원,-,학력무관,관계없음,월급 175만원 ~ 175만원,고용형태,"부산광역시 해운대구 APEC로 17, 부산 전 지역 (우동)",3명,2026-09-08 21:02:42
https://www.jobkorea.co.kr/Recruit/GI_Read/5587932/Ext?siteCode=WN&sc=,151106,지원자격 - 3D CAD를 활용한 기계·구조물 설계 가능자(필수) 우대사항 - Fusion 360 3D 모델링 프로그램 활용 가능자 우대 - 기계·조선·산업장비 관련 설계 경력자 우대 * 면접 후 업무경력에 따라 연봉 조정가능 * 실업급여 수급 목적의 지원은 지양바랍니다.,조선·해양공학 기술자 및 연구원,-,학력무관,경력,"연봉 4,000만원 이상",고용형태,"부산광역시 강서구 미음산단3로 115, (주)흥진티엔디 (미음동)",2명,2026-09-08 21:02:42
https://www.jobkorea.co.kr/Recruit/GI_Read/5587507/Ext?siteCode=WN&sc=,231101,"[모집직무] 사회복지사(사회복지시설), 사회복지 관련 관리자(부서장), 사회복지프로그램 운영자 [직무소개] 우리 사회복지시설은 취약계층에게 따뜻한 포용과 필요한 지원을 제공하는 공간입니다. 본 직무는 시설 운영 및 서비스 제공을 총괄하는 시설장(사회복지사)으로서, 이용자들의 삶의 질을 향상시키는 데 기여할 책임감 있는 리더를 찾습니다. [주요업무] - 사회복지 시설 운영 및 관리 - 사회복지 서비스 프로그램 기획 및 운영 - 사회복지사 팀 관리 및 격려 - 지역 사회 기관과의 협력 네트워크 구축 - 시설 운영 관련 보고 및 기록",사회복지사(사회복지시설),-,학력무관,관계없음,월급 215만원 이상,고용형태,"부산광역시 사상구 사상로 332, 2층 (덕포동)",1명,2026-09-08 21:02:42
https://www.jobkorea.co.kr/Recruit/GI_Read/5587674/Ext?siteCode=WN&sc=,027100,"선박 엔진 부품 및 밸브 제조 회사입니다. 1. 모집인원 경영지원부 경력직 직원 채용(차장급) 1명 2. 급여 및 직급 경력에 따라 회사내규에 의해 적용. (차장) 3. 지원 자격 ·학력: 초대졸 이상 (관련 전공자 우대) ·관련 직종 근무 경험자 4. 업무 내용 ·4대 보험 신고 / 연말정산 경험자 ·회계, 재무, 인사 업무 경력자(5년 이상) ·결산 및 외부감사 대응 가능자 ·더존 (위하고) / 아마란스(인사) 사용 가능자 ·자금 관리 ·기타 공장운영과 관련된 행정업무 5. 우대사항 ·관련 자격증 소지자 (전산세무 등) ·세무조사 유경험자 우대 6. 기타 1) 수습기간 2개월 (계약직 후 정규직 전환) 2) 경력에 따라 급여 협의 가능",회계 사무원,-,학력무관,경력,"연봉 5,100만원 이상",고용형태,"부산광역시 사하구 다산로 170, (주)금강 (다대동)",1명,2026-09-08 21:02:42
https://www.jobkorea.co.kr/Recruit/GI_Read/5587432/Ext?siteCode=WN&sc=,561100,"건물 청소, 미화 직무 (월급여 815,280원) 근무지역 : 부산광역시 금정구 부산대학로 47, 2층 (장전동) 근무시간 : 07:30 ~ 10:00 (월~토) (1일 2.5시간, 주 6일 근무) 복지카드 (개인식별 부분 가리고 제출 요망)",건물 청소원,-,학력무관,신입,"시급 10,320원 ~ 10,320원",고용형태,"부산광역시 금정구 부산대학로 47, 2층 (장전동)",1명,2026-09-08 21:02:42
https://www.jobkorea.co.kr/Recruit/GI_Read/5586921/Ext?siteCode=WN&sc=,813201,후렌지 검사건. 피팅류가공 현장 에어컨 가동중 근무환경 좋음 **** CNC 15인치 2대 오퍼레이터 구함****,CNC 선반 조작원(NC 선반 조작원),CNC선반기능원,학력무관,경력,"연봉 6,000만원 이상",고용형태,부산광역시 강서구 녹산산단261로23번길 9 (송정동),1명,2026-09-08 21:02:43
https://www.jobkorea.co.kr/Recruit/GI_Read/5587597/Ext?siteCode=WN&sc=,550102,"4등급 독거 여자어르신 주4회 14:00~17:00 ( 화, 목, 금, 토 ) 보행기로 거동하심. 주로 가사지원, 식사도움, 산책동행 등의 업무지원 시급 10,320원 ( 수당포함 시급 13,000원 )",재가 요양보호사,-,학력무관,경력,"시급 10,320원 ~ 10,320원",고용형태,"부산광역시 부산진구 새싹로 183, 103동 거주 (연지동, 세동한신아파트)",1명,2026-09-08 21:02:43
https://www.jobkorea.co.kr/Recruit/GI_Read/5586599/Ext?siteCode=WN&sc=,015900,"[모집직무] 영업, 마케팅, 판매, 비즈니스 개발, 고객관리 (호닝머신, 원심분리기외 공작기계 제작업체입니다) - 새로운 고객 발굴 및 영업 기회 확보 - 기존 고객과의 관계 강화 및 지속적인 매출 증대 - 제품 및 시장 트렌드 분석 - 영업 전략 수립 및 실행 - 고객 문의에 대한 신속하고 전문적인 상담",기타 판매 및 고객 서비스 관리자,-,학력무관,관계없음,"연봉 4,500만원 이상",고용형태,부산광역시 강서구 녹산산업중로 52-9 (송정동),1명,2026-09-08 21:02:43
https://www.jobkorea.co.kr/Recruit/GI_Read/5586974/Ext?siteCode=WN&sc=,159103,설계원 모집합니다 (Auto CAD) * 위치 녹산공단에 위치하고 있으며 용원에서 5분 거리 * 근무시간 주 5일 / 40시간 근무 & 잔업 9시간 기본 ** 면접 시 방문하여 업무 내용 확인 가능 ** 인근 거주자 우대 ** 면접 후 즉시 출근 가능,기계·금속 제도사(캐드원),-,학력무관,경력,월급 450만원 이상,고용형태,부산광역시 강서구 녹산산업중로 52-9 (송정동),1명,2026-09-08 21:02:43
https://www.jobkorea.co.kr/Recruit/GI_Read/5586265/Ext?siteCode=WN&sc=,890006,"*옥이푸드* 수산물 가공 및 생산직 채용 공고 옥이푸드와 함께 신선한 내일을 만들어갈 소중한 인재를 모십니다! 저희는 위생과 신선도를 최우선으로 하며, 함께 성장할 성실한 분을 기다리고 있습니다. 많은 지원 부탁드립니다. [모집 개요] - 모집직무: 수산물 생산 및 가공 (전처리, 포장) - 주요업무: 생선 전처리 (고등어 순살 작업, 머리 제거 등) 및 세척, 가공 완료 제품의 포장 및 검수 [우대사항] - 수산물 절단 톱 가능자 - 동종업 경험자 우대 - 인근 거주자 및 장기 근무 가능자 [근무조건] - 근무지: 부산광역시 서구 원양로 1, A동 401호 (수산물 가공 선진화단지) - 근무시간: 08:15 ~ 17:30 (주 5일, 40시간) - 점심시간: 12:20 ~ 13:20 (1시간) - 휴게시간: 15:45 ~ 16:00 (15분) - 급여: 시급 10,320원 (수습 기간 3개월 운영: 수습 기간에도 급여는 100% 동일하게 지급합니다.) - 중식 제공 [접수방법] - 온라인 지원: 고용24 입사 지원 - 이메일 지원: okifood@daum.net - 문의처: 051-255-0086 (궁금한 점은 언제든 편하게 문의주세요!)",식품 분야 단순 종사원,-,학력무관,경력,"시급 10,320원 ~ 10,320원",고용형태,"부산광역시 서구 원양로 1, 수산가공선진화단지 A동 401호 (암남동)",2명,2026-09-08 21:02:44
https://www.jobkorea.co.kr/Recruit/GI_Read/5588130/Ext?siteCode=WN&sc=,028502,[수주현황관리] -수주현황부 작성 및 관리 [자재발주] -자재 발주 및 입고 일정 관리 [납품관리] - 납품 일정 관리 및 기타 관련 서류 작성 *경력직 연봉 협의가능 * 수습기간 2개월(처우동일),생산관리 사무원(기계·자동차·금속),기계·자동차·금속 관련 생산관리사무원,학력무관,관계없음,"연봉 2,900만원 이상",고용형태,"부산광역시 강서구 가리새1로17번길 17, 경진산업 (생곡동)",1명,2026-09-08 21:02:44
https://www.jobkorea.co.kr/Recruit/GI_Read/5588032/Ext?siteCode=WN&sc=,550101,"어르신케어 및 송영, 프로그램진행 운전면허 1종 필수, 스타렉스 운전 가능한 요양보호사 선생님 구합니다.",요양보호사(노인요양사),노인요양사,학력무관,관계없음,월급 215만원 이상,고용형태,"부산광역시 사상구 사상로 332, 2층 (덕포동)",1명,2026-09-08 21:02:44
https://www.jobkorea.co.kr/Recruit/GI_Read/5587253/Ext?siteCode=WN&sc=,561101,* 여탕 내 청소 - 근무시간: 09:00~16:00 - 주 6일 근무 / 화요일 휴무 - 식대 별도 지급,"건물 청소원(공공건물,아파트,사무실,병원,상가,공장 등)",공공건물청소원,학력무관,관계없음,"시급 10,320원 ~ 10,320원",고용형태,"부산광역시 사상구 대동로 304, 아름스파 (감전동)",1명,2026-09-08 21:02:44
https://www.jobkorea.co.kr/Recruit/GI_Read/5586610/Ext?siteCode=WN&sc=,026202,<주요업무> -의료기기 제품 설명 및 판매 -고객사 방문 및 관계 구축 <자격요건> -경력무관 (신입지원가능) -고등학교 졸업이상 -운전면허증 소지필수 -원활한 커뮤니케이션 능력 필요해요 -책임감을 가지고 일해요 <우대사항> -영업 관련 경험 보유자 우대 -긍정적이고 적극적인 성격 -고객 서비스 경험자 우대,영업 기획·관리·지원 사무원,-,고졸~대졸(4년),관계없음,"연봉 3,200만원 이상",고용형태,"부산광역시 남구 유엔평화로 110 (대연동, 1층)",1명,2026-09-08 21:02:44
https://www.jobkorea.co.kr/Recruit/GI_Read/5587695/Ext?siteCode=WN&sc=,550102,"1- 재가 방문요양보호사 담당 업무 - 필수 자격 요건 : 요양보호사 자격증, (채용)건강검진, - 어르신을 존중하며, 즐겁게 응대 가능하신 분 - 기저귀교환(오전에 기저귀 교환 전 간단한 샤워)/식사도움(아침)/ 복약도움/이동 도움(워커 사용)/빨래 및 설거지 - 근무시간: 07:00 ~ 10:00 (근무 외 시간에 대하여 계약자가 개별계약 희망 하심) / 주6회(월 ~ 토) - 임금 : 시급 13,000원(주휴, 연차수당 포함) - 럭키주간복지센터에 직원 등록, 공단 보고함. 대상자 어르신 -남, 90세, 3등급",재가 요양보호사,재가요양보호사,학력무관,관계없음,"시급 10,320원 ~ 10,320원",고용형태,"부산광역시 수영구 수미로14번길 35, 105동 (수영동, 수영강동원로얄듀크)",1명,2026-09-08 21:02:44
https://www.jobkorea.co.kr/Recruit/GI_Read/5587775/Ext?siteCode=WN&sc=,026300,"[직무소개] 우리 회사는 전국을 무대로 안전하고 즐거운 국내 버스 여행을 선도하는 국내 여행 전문 기업입니다. 급증하는 여행 수요와 회사의 성장에 맞춰, 안전한 차량 운행 환경을 조성하고 현장 임직원의 역량을 극대화할 인사·총무 및 안전보건 전문가를 모집합니다. 버스 여행 현장의 안전을 책임지고, 체계적인 경영 지원을 통해 회사의 내실을 함께 다져갈 책임감 있는 인재들의 많은 지원을 바랍니다. [주요업무] 1. 인사 및 노무 관리 - 채용 및 근태 관리 - 버스 승무사원(기사님)의 근로시간 관리 및 노무 리스크 관리 (수당, 휴게시간 등) 2. 총무 및 자산 관리 -사내 복리후생 제도 운영 및 주요 행정 지원 3. 안전보건 시스템 관리 - 중대재해처벌법 및 산업안전보건법에 따른 사내 안전보건 관리체계 구축 - 버스 운행 전 안전 점검 매뉴얼 수립 및 안전 교육 실시 4. 사고 관리 및 비상 대응 국내 여행 중 발생할 수 있는 버스 교통사고, 승객 전도/상해 사고 등 현장 위기 상황 대응 여행자 보험 및 자동차 보험 접수, 보상 처리 업무 및 고객 합의 지원 5. 관련 법규 준수 및 행정 관리 관광진흥법, 여객자동차 운수사업법 등 여행/운수 관련 법령 준수 여부 모니터링 관공서 제출 서류 작성 및 지자체 여행 지원금 관련 행정 업무 지원",인사 및 노무 사무원,-,학력무관,경력,"연봉 3,000만원 ~ 4,000만원",고용형태,"부산광역시 부산진구 범일로 190, 도문빌딩 1층 부산은성관광 (범천동)",1명,2026-09-08 21:02:45
https://www.jobkorea.co.kr/Recruit/GI_Read/5585711/Ext?siteCode=WN&sc=,532301,홀서빙 전반적인 업무 여성가능 주5일 주방보조,주방 보조원(일반 음식점),주방보조원,학력무관,경력,월급 250만원 ~ 310만원,고용형태,"부산광역시 수영구 연수로 410, 1층 (광안동)",1명,2026-09-08 21:02:45
https://www.jobkorea.co.kr/Recruit/GI_Read/5588129/Ext?siteCode=WN&sc=,151100,[밸브 설계] 산업용 밸브 제작 설계도면 보조 업무 [승인 도서 작성] 공공 기관 제작 승인 도서 작성 보조 업무 [개발 업무] 부설 연구소 연구원 보조 업무 * 경력직 연봉 협의 가능 * 수습기간 2개월 (처우동일),기계공학 기술자 및 연구원,-,학력무관,관계없음,"연봉 3,100만원 이상",고용형태,"부산광역시 강서구 가리새1로17번길 17, 경진산업 (생곡동)",1명,2026-09-08 21:02:45
https://www.jobkorea.co.kr/Recruit/GI_Read/5586867/Ext?siteCode=WN&sc=,890000,"제작 보조, 설치, 운전 외 함석닥트 제작 및 설치 배우고 싶은분 많은 지원 바랍니다. ※ 회사문의: 051-971-9509",기타 제조 관련 단순 종사원,권선공,학력무관,신입,"일급 130,000원 이상",고용형태,"부산광역시 강서구 낙동북로 164, (대저1동)",1명,2026-09-08 21:02:46
https://www.jobkorea.co.kr/Recruit/GI_Read/5586853/Ext?siteCode=WN&sc=,561101,"=============== **사상구청 채용대행** =============== - 범일동 한성기린프라자 미화원 - 근무시간 : 평일 09:30-16:00 (휴게 1시간) // 토요일 09:30-12:00 - 급여 1,591,930원 * 담당자와 통화 후 면접일정, 장소 안내 받으시기 바랍니다. (( 사상구청 일자리센터 051-310-5194 ))","건물 청소원(공공건물,아파트,사무실,병원,상가,공장 등)",아파트청소원,학력무관,경력,월급 159만원 ~ 159만원,고용형태,"부산광역시 동구 중앙대로 514, 범일동 한성기린프라자 (범일동, 한성기린프라자)",1명,2026-09-08 21:02:46
https://www.jobkorea.co.kr/Recruit/GI_Read/5612648/Ext?siteCode=WN&sc=,028504,"품질검사,ISO업무,전기전자 제품수리 업무 사상 또는 본사 근무",생산관리 사무원(전기·전자·컴퓨터),배전계획원,학력무관,관계없음,"연봉 3,500만원 ~ 5,160만원",고용형태,부산광역시 강서구 새진목길 5,3명,2026-09-08 21:02:46
https://www.jobkorea.co.kr/Recruit/GI_Read/5586148/Ext?siteCode=WN&sc=,550102,"* 3등급 51년생 여자 - 온천동 이편한세상 동래 아시아드 - 반찬, 집안정리등 - 주 2 일 : 09:00~12:00 / 시간(오전.오후), 요일 협의 - 시급 : 13,000원",재가 요양보호사,-,학력무관,관계없음,"시급 10,320원 이상",고용형태,"부산광역시 동래구 아시아드대로 202 (온천동, e편한세상 동래 아시아드)",1명,2026-09-08 21:02:46
https://www.jobkorea.co.kr/Recruit/GI_Read/5612649/Ext?siteCode=WN&sc=,153305,"기구설계,기계설계 프로그램 or PCB설계,C++,프로그래밍 * 영어 무관",전자제어계측 기술자 및 연구원,공장자동화전자설계기술자,학력무관,관계없음,"연봉 3,690만원 ~ 5,260만원",고용형태,"부산광역시 부산진구 중앙대로 766, 2층 (부전동)",2명,2026-09-08 21:02:47
https://www.jobkorea.co.kr/Recruit/GI_Read/5586011/Ext?siteCode=WN&sc=,550102,"- 요양 보호사 모집 - 4등급 남자 어르신 입니다 - 월 24회 72시간 에서 75시간 - 0900-1200, 1300-1600, (시간변경 할수 있읍니다) - 영도구에 거주하시는 요양사 환영합니다 - 식사를 하실수있게 반찬에 신경써주시면 됩니다 - 목욕은 혼자하시니 집안청소등 주부할일을 부탁합니다 - 시급은 주휴수당 포함해서 13,000원 입니다",재가 요양보호사,재가요양보호사,학력무관,관계없음,"시급 10,320원 ~ 10,320원",고용형태,"부산광역시 영도구 태종로 611, 1단지 (동삼동, 오션라이프 에일린의 뜰 1단지)",1명,2026-09-08 21:02:47
https://www.jobkorea.co.kr/Recruit/GI_Read/5584662/Ext?siteCode=WN&sc=,890006,"냉동수산물 가공 및 포장 현장 생산직 모집합니다. 단순 포장 및 스티커 부착 등 작업입니다. 교통비, 중식 제공",식품 분야 단순 종사원,식품분야 단순노무자,학력무관,관계없음,"시급 10,320원 ~ 10,320원",고용형태,부산광역시 사하구 구평로 23 (구평동),2명,2026-09-08 21:02:47
https://www.jobkorea.co.kr/Recruit/GI_Read/5584663/Ext?siteCode=WN&sc=,890006,"수산물 가공 현장 생산직 모집합니다. 주 업무는 냉동 원물 20kg 이상 제품 작업대 이동 및 포장 작업입니다. 교통비, 중식 제공 실제 구직 의사 있으신분들만 지원해주시기 바라며, 아래 담당자 연락처 및 휴대폰으로 연락 주시면 됩니다.",식품 분야 단순 종사원,-,학력무관,경력,월급 240만원 ~ 240만원,고용형태,부산광역시 사하구 구평로 23 (구평동),1명,2026-09-08 21:02:47
https://www.jobkorea.co.kr/Recruit/GI_Read/5612651/Ext?siteCode=WN&sc=,026202,"조선소 조선기자재업체, 해운선사 및 SPARE 업체 기술영업 1명, 영업관리(간단한 회화) 해외영업 1명, 영어능통자 사무보조 2명, 서류작성, 송부및 정리 이공계졸업자",영업 기획·관리·지원 사무원,영업지원사무원,학력무관,관계없음,"연봉 3,500만원 ~ 5,160만원",고용형태,"부산광역시 부산진구 중앙대로 766, 2층 (부전동)",4명,2026-09-08 21:02:47
https://www.jobkorea.co.kr/Recruit/GI_Read/5586686/Ext?siteCode=WN&sc=,883300,항공기부품 목재박스제작및 수출포장작업,목제품 제조 관련 종사원,-,학력무관,관계없음,월급 270만원 이상,고용형태,부산광역시 강서구 테크센터로 55 (대저2동),2명,2026-09-08 21:02:48
https://www.jobkorea.co.kr/Recruit/GI_Read/5587108/Ext?siteCode=WN&sc=,890000,"- 자동차 엔진용 파이프 관련 단순 포밍,밴딩,조립,검사등 제조 업무 *생산계획에 따라 필요시 연장근무 있음",기타 제조 관련 단순 종사원,-,학력무관,관계없음,"시급 10,320원 이상",고용형태,"부산광역시 강서구 화전산단6로 21, 성일튜브 (화전동)",2명,2026-09-08 21:02:48
https://www.jobkorea.co.kr/Recruit/GI_Read/5587595/Ext?siteCode=WN&sc=,232903,"[광안동] 장애인 활동지원사 *68년생 여자 (뇌병변중증) ★장애인활동지원사 수료 필수 *활동시간: 월~토 08:30~15:00 , 18:30~21:00 (210시간) 한 분이 활동 하시는 경우 근처에 살고 계신 분이 좋을 것 같습니다. 아니면 저녁시간 만 18:30~21:00 (60시간) 활동하시는 것도 가능합니다. *신체 - 기저귀 착용, 세안, 양치질, 식사 먹여줌, 실내이동 도움. *인지 가능, 말 어눌함. *주휴수당 등 포함 13,125원 이상 (추가 수당 발생 시 지급) *광안역 3번출구 인근 빌라",장애인 생활지도원(장애인활동보조원 포함),장애인활동지원사,학력무관,관계없음,"시급 10,320원 ~ 10,320원",고용형태,"부산광역시 수영구 광안로21번길 18, . (광안동, 대광빌라)",1명,2026-09-08 21:02:48
https://www.jobkorea.co.kr/Recruit/GI_Read/5586299/Ext?siteCode=WN&sc=,550100,"[기장읍]요양보호사 - 4등급 70대 여자어르신, 독거(강아지 2마리) - 주5일, 9~12시 (3시간) - 시급 제수당 13000원(교통비 월 3만원 별도지급) - 식사 및 가사도움, 일상생활지원 - 내리휴먼시아 아파트",요양보호사,-,학력무관,관계없음,"시급 10,320원 ~ 10,320원",고용형태,"부산광역시 기장군 기장읍 소정안길 68, . (내리휴먼시아)",1명,2026-09-08 21:02:48
https://www.jobkorea.co.kr/Recruit/GI_Read/5585316/Ext?siteCode=WN&sc=,531800,"근무자 1 - 녹산산업단지 내 산업체 구내식당 - 주방조리 - 월~금 08:30~18:30(휴게시간 13:00~14:00) - 월 260만원 - 단체급식유경험자, 차량소지자 우대 근무자 2 - 녹산산업단지 내 산업체 구내식당 - 주방보조 - 주 4일 09:00~14:00(휴게시간 13:00~13:30) - 주 1일 10:00~14:00(휴게시간 13:00~13:30) - 월 120만원 - 단체급식유경험자, 차량소지자 우대",단체급식 조리사,-,학력무관,경력,월급 120만원 ~ 120만원,고용형태,"부산광역시 강서구 녹산산단407로 27, 2층 구내식당 (송정동)",2명,2026-09-08 21:02:49
https://www.jobkorea.co.kr/Recruit/GI_Read/5587817/Ext?siteCode=WN&sc=,013500,"1. 요양시설 사무국장급 사회복지사 1명 - 경력 10년 이상 필수 - 시설 운영, 행정, 복지 총괄 업무 - 이력서 사진 부착(필수) - 임금 : 300만원 이상 - 운전 가능자 / 요양원 경력자 우대 2. 요양시설 사회복지사 1명 - 경력 3년 이상 필수 - 요양원 서비스 관리, 행정 업무 등 - 이력서 사진 부착(필수) - 임금 :240만원 이상 - 운전 가능자 / 요양원 경력자 우대 ** 가급적 방문 접수를 자제하여 주시고 팩스 또는 이메일, 고용24 접수 부탁 드립니다. << 팩스 051-303-1250 / 이메일 jhhappy1001@naver.com 접수 >> ※ 서류 접수 후 합격자에 한해 별도 전화 연락 드립니다.",사회복지 관련 관리자(부서장),-,대졸(2~3년)~석사,경력,월급 240만원 ~ 300만원,고용형태,"부산광역시 사상구 백양대로 687-23, 정향효마을 (덕포동)",2명,2026-09-08 21:02:49
https://www.jobkorea.co.kr/Recruit/GI_Read/5587805/Ext?siteCode=WN&sc=,231101,"사상구 괘법동에 위치한 두레주간보호센터에서 주간보호센터/사회복지사 를 아래와 같이 채용하고자 합니다. ■ 주간 보호/사회복지사 1명 ■ 업무내용 : 1. 프로그램 진행 및 보조 2. 수급자 응대 및 관리 3. 행정 관리(사례관리, 급여제공일지 및 상태변화기록지 확인 및 관리) 4. 송영 서비스(***운전 필수***) 5. 마무리 및 정리정돈 ■ 필수/자격사항 : - 사회복지사 자격증 소지자 (1급, 2급), 운전 면허 필수(2종) - 사회복지사업법 제 35조의 2제 2항에 따라 결격사유에 해당되지 않는 자 - 범죄 및 성폭력범죄 조회시 결격 사유가 없는 자 ■우대 사항 : 운전면허 1종 우대,경력자 (3 년 이상) ■1차로 서류 확인 후 개별적으로 면접 연락을 드리겠습니다.(이메일 제출 : duredaycare@naver.com )",사회복지사(사회복지시설),"사회복지사(사회복지시설, 노인복지시설, 장애인복지시설 등)",학력무관,경력,월급 215만원 ~ 215만원,고용형태,부산광역시 사상구 광장로87번길 97 (괘법동),2명,2026-09-08 21:02:49
https://www.jobkorea.co.kr/Recruit/GI_Read/5587591/Ext?siteCode=WN&sc=,822301,[모집직무] 선박관련하여 제관사1명 모집합니다.,제관원,-,학력무관,경력,월급 400만원 ~ 400만원,고용형태,"부산광역시 강서구 식만로247번길 47, 대겸산업 (식만동)",1명,2026-09-08 21:02:49
https://www.jobkorea.co.kr/Recruit/GI_Read/5586130/Ext?siteCode=WN&sc=,550100,"[대동레미안 더 오션 근무예정] * 4등급 여자 어르신(아드님 거주) 79세 * 주3일(월수금) 09:00~12:00(3시간) * 시급13,000원(수당 포함) * 가사지원 및 일반요양서비스 업무 등 * 채용담당자: 051)892-5147",요양보호사,-,학력무관,관계없음,"시급 10,320원 ~ 13,000원",고용형태,"부산광역시 부산진구 부전로111번길 15, .. (부전동, 대동레미안 더 오션)",1명,2026-09-08 21:02:49
https://www.jobkorea.co.kr/Recruit/GI_Read/5586842/Ext?siteCode=WN&sc=,214101,"1. 초등부 영어 수업 진행 및 지도 -초등부 대상 영역별(Reading, Writing, Listening, Speaking, Grammar, Phonics) 맞춤형 수업 진행 -원서 독해, 구문 분석 및 1:1 에세이(Academic Writing) 피드백 제공 -학생 흥미 유발을 위한 활동 중심 및 몰입형 어학 수업 운영 2. 학습 관리 및 피드백 -매시간 어휘 테스트, 과제 검사 및 1:1 오답/약점 클리닉 진행 -개별 학생 학습 성취도 분석 및 맞춤형 학습 피드백 제공 3. 학부모 상담 및 학생 관리 -정기적인 출결 관리 및 학습 진도 상담 (주간/월간 상담 전화 및 리포트 전달) -학생 태도 및 성적 변화에 대한 밀착 피드백 제공 4. 교재 연구 및 커리큘럼 관리 -담당 학년/레벨별 수업 자료 연구 및 보조 교재 제작 - 학원 내 커리큘럼 운용 및 강사 회의 참여 [자격 요건 및 우대 사항] -4년제 대학교 졸업 이상 (전공 무관) -초등 학생들에 대한 애정과 열정을 가지신 분 -명확한 발음과 원활한 커뮤니케이션 능력을 갖추신 분 우대 사항 -어학원/대형 학원 초등부 강의 경력자 우대 -영어영문학, 영어교육학 등 관련 학과 전공자 우대 -테솔(TESOL) 자격증 소지자 또는 유학/해외 체류 경험자 우대 -장기 근무 가능자 우대",영어 강사,-,대졸(2~3년)~대졸(4년),경력,월급 180만원 이상,고용형태,부산광역시 강서구 명지오션시티11로 66 (명지동),1명,2026-09-08 21:02:49
https://www.jobkorea.co.kr/Recruit/GI_Read/5586323/Ext?siteCode=WN&sc=,305000,"안녕하세요. 강서구 명지 국제신도시 경일고등학교 건너편에 있는 위탁급식업체입니다. 영양사선생님을 구인합니다 *회사명: (주)자연가득찬 *시급: 13,500원 *근무기간 : 26학년도 학기중(여름, 겨울 방학기간 제외) *근무시간 : 9시30분 ~ 14시30분(5시간,휴게30분 포함) *업무: 본사에서 출발하여 배정된 학교급식이 잘 이뤄질수 있도록 관리 본사로 복귀하여 퇴근 *외근 가게 되는 학교는 면접때 확인될수 있습니다. : 지사중학교, 해원초등학교, 구학초등학교 등.",영양사,-,학력무관,관계없음,"시급 13,500원 ~ 13,500원",고용형태,"부산광역시 강서구 낙동남로1013번길 50-3, C동 2층 (명지동)",3명,2026-09-08 21:02:50
https://www.jobkorea.co.kr/Recruit/GI_Read/5587250/Ext?siteCode=WN&sc=,531901,"[모집직무] 주방장, 요리사, 푸드 서비스, 주방 보조원, 레스토랑 [직무소개] 주문을 받고 신선한 재료를 활용하여 다양한 메뉴를 맛있게 준비하는 일을 맡게 됩니다. 경력이 풍부한 주방장을 포함해 주방 인력을 채용하고 있습니다. [주요업무] - 메뉴 준비 및 요리 - 주방 청결 유지 - 음식 재고 관리 - 주방 작업 팀원 관리 (주방장) - 요리 기계 및 장비 관리",분식 조리사,-,학력무관,경력,"시급 11,000원 ~ 11,500원",고용형태,"부산광역시 남구 유엔평화로 7-1, 1층다다우동 (대연동)",1명,2026-09-08 21:02:50
https://www.jobkorea.co.kr/Recruit/GI_Read/5585846/Ext?siteCode=WN&sc=,307902,"직무내용 -산모자택방문케어, -신생아 돌봄 서비스 -가사지원 근무시간 : 09:00-18:00 주 5일 일급 : 109,800 ~ 138,600원",산후조리 종사원(산모 도우미),-,학력무관,관계없음,"일급 109,800원 ~ 138,600원",고용형태,"부산광역시 기장군 기장읍 기장대로 82-6, 산모자택으로 개별 배정 예정 (아우라시티)",10명,2026-09-08 21:02:50
https://www.jobkorea.co.kr/Recruit/GI_Read/5585887/Ext?siteCode=WN&sc=,836000,"* 냉장고 부품 조립원 모집 1.업무 - 냉장고 부품 콘베어 생산 조립 (라인작업)-5명 - 전자부품 정밀 조립원 모집(작은 사이즈 전자부품 정밀 조립)-5명 2. 근무시간 : 08:00 ~ 17:00(잔업 간간히 있음) 3. 시급 : 10,320원 4. 통근버스: 김해 방향( 외동 일동한신, 항아리칼국수, 부원역부근) / 부산방향 하단, 대저(산단버스 이용) 5. 중.석식 제공",전기·전자 부품 및 제품 조립원,-,학력무관,관계없음,"시급 10,320원 이상",고용형태,"부산광역시 강서구 미음산단로 279, 고모텍(주) (미음동)",10명,2026-09-08 21:02:51
https://www.jobkorea.co.kr/Recruit/GI_Read/5586885/Ext?siteCode=WN&sc=,561101,"* 지원은 워크넷으로만 받고있으니, 아래 전형방법에 ｢자사이력서 양식｣ 다운로드하신 후 작성해 주시기 바랍니다. 직무 내용 상 필수 자격증 있을 시, 필수 자격증(자격증 번호 등) 입력 必 1. 모집부문 ㅇ 모집분야: 미화분야 ㅇ 모집인원: 2명 ㅇ 근 무 지: 김해국제공항 ㅇ 담당업무: 김해공항 내 청사대합실, 복도 및 계단, 화장실, 승강기, 벽체 및 기둥, 청사 전면보도, 녹지대, 구내도로, 주차장, 계류장, 유리내외부, 천장 청소 등 2. 자격조건 :없음 3. 근무조건 ㅇ 근무기간 - 2026.9.2.부터 2026.10.1.까지 - 2026.9.1.부터 2027.6.30.까지 * 첫 달 1개월 계약 후, 최종 계약기간 까지 3개월 단위 계약 연장 ㅇ 급여조건: 월 246만원 이상 * 야간, 추가 근무 시 수당 별도 지급 ★ 공고는 조기 마감 가능하며, 서류 합격자에 한해 면접 안내 연락을 드립니다. 불합격자에게 별도 연락은 없으니 참고바랍니다. 최종합격자의 경우 남부공항서비스(주) 홈페이지 인재채용 - 채용결과(기간제)에 게시됩니다.","건물 청소원(공공건물,아파트,사무실,병원,상가,공장 등)",아파트청소원,학력무관,관계없음,월급 246만원 ~ 246만원,고용형태,"부산광역시 강서구 공항진입로 108 (대저2동, 국제선화물청사)",2명,2026-09-08 21:02:52
https://www.jobkorea.co.kr/Recruit/GI_Read/5582189/Ext?siteCode=WN&sc=,824102,"[모집직무] 용접원(아크,알곤,CO2용접원), [직무소개] 우리 회사는 압력용기 및 열교환기를 제작하는 기업입니다. 본 포지션은 알곤, CO2 용접 기술을 활용하여 제품의 품질을 유지하고 효율적인 제작을 담당합니다. [주요업무] - 알곤 및 CO2 용접 작업 수행 - 압력탱그,열교환기 부품및 본체용접 - 제품의 용접 품질 관리 및 검사 (RT,MT,PT,UT) - 안전 작업 절차 준수 - 지시 사항에 따라 제작 작업 진행","전기용접원(아크,알곤,티그용접원)",전기용접원,학력무관,경력,"시급 18,000원 ~ 24,000원",고용형태,"부산광역시 강서구 미음산단5로41번길 13, (주)마이텍내 수아테크 (미음동)",1명,2026-09-08 21:02:52
https://www.jobkorea.co.kr/Recruit/GI_Read/5581864/Ext?siteCode=WN&sc=,232903,"*주례중학교 인근 아파트 거주 - 10대 자폐성장애 남아 케어/ 등교 및 외출동행 등 - 근무시간: 평일 (오전)07:00~08:00/ (오후)19:00~21:00 토요일(격주): 15:00~19:00 , 일요일 : 10:00~19:00(격주) - 장애인활동보조교육 이수 필수 - 발달장애 돌봄 경력자 우대 - 시급 13,400원 (주휴 및 제수당 포함)",장애인 생활지도원(장애인활동보조원 포함),-,학력무관,관계없음,"시급 10,320원 ~ 13,400원",고용형태,"부산광역시 사상구 가야대로378번길 68, 인근 아파트 (주례동)",1명,2026-09-08 21:02:52
https://www.jobkorea.co.kr/Recruit/GI_Read/5582322/Ext?siteCode=WN&sc=,813201,"양산품 라인 관리, 단품 셋팅,가공 단품 가공경험이 풍부한 지원자 희망합니다.",CNC 선반 조작원(NC 선반 조작원),CNC lath가공원,학력무관,경력,"연봉 5,500만원 ~ 6,500만원",고용형태,부산광역시 강서구 녹산산단289로 32 (송정동),1명,2026-09-08 21:02:53
https://www.jobkorea.co.kr/Recruit/GI_Read/5582528/Ext?siteCode=WN&sc=,550101,<주간보호 요양보호사 모집 > * 어르신 돌봄 * 케어포 요양급여제공기록지 작성 * 프로그램 진행 및 보조 * 송영차량 운전 및 동승 * 스타렉스운전 우대 * 건강보험득실확인서 첨부 * 3개월 수습기간계약 종료후 재계약및 정규직 전환 검토,요양보호사(노인요양사),요양보호사,학력무관,관계없음,월급 215만원 이상,고용형태,"부산광역시 사상구 대동로 304, 아름스파2층 부모사랑노인주간보호센터 (감전동)",1명,2026-09-08 21:02:53
https://www.jobkorea.co.kr/Recruit/GI_Read/5582188/Ext?siteCode=WN&sc=,864200,신발 포장 파트 신발 창 접착 파트,신발 제조기 조작원,-,학력무관,관계없음,"시급 10,320원 ~ 10,800원",고용형태,"부산광역시 사상구 가야대로133번길 67, 오른쪽1층 오른쪽 (감전동, (주)슈올즈 부산공장) (주)슈올즈 부산공장)",3명,2026-09-08 21:02:53
https://www.jobkorea.co.kr/Recruit/GI_Read/5581987/Ext?siteCode=WN&sc=,821202,"줄자 열처리공정 작업자 모집 급여(시급 10,320원) 경력 무관(초보자 지원 가능) 계약직(5~6개월), 계약종료기간은 증가될 수 있음",금속 열처리로 조작원,소둔원,학력무관,관계없음,"시급 10,320원 ~ 10,320원",고용형태,부산광역시 사하구 장평로 73,2명,2026-09-08 21:02:53
https://www.jobkorea.co.kr/Recruit/GI_Read/5581986/Ext?siteCode=WN&sc=,821203,보통철선 인발 작업 (주야 2교대근무) - 수습3개월,인발·신선·연선·압출기 조작원,금속인발기조작원,학력무관,관계없음,"시급 10,320원 ~ 10,320원",고용형태,"부산광역시 사하구 다대로170번길 85, 동광선재(주) (신평동)",1명,2026-09-08 21:02:54
https://www.jobkorea.co.kr/Recruit/GI_Read/5583838/Ext?siteCode=WN&sc=,307500,"* 정신건강의학과 병동 간호조무사 업무 (남녀무관, 조무사자격증 필수, D/E근무가능)",간호조무사,-,학력무관,관계없음,"연봉 3,000만원 이상",고용형태,"부산광역시 남구 황령대로353번길 66, 대연성모병원 (대연동)",1명,2026-09-08 21:02:54
https://www.jobkorea.co.kr/Recruit/GI_Read/5583943/Ext?siteCode=WN&sc=,813213,레이저 절단 제품 보조 업무 및 생산현장 관리 업무,기타 금속공작기계 조작원 및 보조원,-,학력무관,관계없음,월급 280만원 ~ 300만원,고용형태,"부산광역시 강서구 미음산단로403번길 7, 미음동 (미음동) (미음동)",1명,2026-09-08 21:02:54
https://www.jobkorea.co.kr/Recruit/GI_Read/5583487/Ext?siteCode=WN&sc=,232100,영아보육실무 더보기,보육교사,-,학력무관,경력,월급 231만원 이상,고용형태,"부산광역시 해운대구 신반송로 102, 관리동 삼한이레어린이집 (반송동, 삼한그린타운2차)",1명,2026-09-08 21:02:55
https://www.jobkorea.co.kr/Recruit/GI_Read/5583293/Ext?siteCode=WN&sc=,531802,1. 모집영역 및 인원 : 유치원 원아 급식 조리 1명 2. 근무시간 : 주 5일 평일 - 오전 8:30 ~15:00 (휴게시간 12:30~13:30) 3. 계약기간 : 12개월 (내부 검토 후 재계약 결정) 4. 자격요건 : 조리사 자격증 소지자 필수 5. 제출서류 (hanbit7017@naver.com) - 이력서 1부. - 경력증명서 1부.,유치원·어린이집 급식 조리사,-,학력무관,경력,월급 172만원 ~ 175만원,고용형태,부산광역시 사상구 엄궁중로 20 (엄궁동),1명,2026-09-08 21:02:55
https://www.jobkorea.co.kr/Recruit/GI_Read/5584061/Ext?siteCode=WN&sc=,890006,수산물 가공 현장생산직 모집합니다. 단순 포장 소분 작업입니다. *실업급여 구직활동 때문에 넣지마세요* *실제 구직 의사가 있으신 분만 지원 접수 부탁드립니다.*,식품 분야 단순 종사원,-,학력무관,경력,월급 220만원 이상,고용형태,부산광역시 사하구 구평로 23 (구평동),2명,2026-09-08 21:02:55
https://www.jobkorea.co.kr/Recruit/GI_Read/5583373/Ext?siteCode=WN&sc=,232100,"어린이집 보육교사 업무 [보육 > 어린이집 보육계획 수립] [보육 > 어린이집 환경구성] 보육실 놀이환경 구성하기,실내외 환경 구성하기 [보육 > 보육활동 운영] 흥미영역 운영하기,대·소집단 활동 운영하기,실외활동 운영하기 [보육 > 영유아 관찰 및 평가] 영유아 관찰 계획하기,영유아 관찰 실행하기,영유아 평가하기 [보육 > 보육과정 및 운영 평가] 보육과정 평가하기,보육운영 평가하기,평가인증 적용하기",보육교사,어린이집센터장,학력무관,경력,월급 224만원 ~ 285만원,고용형태,"부산광역시 영도구 태종로 611, 오션라이프에일린의뜰1단지 어린이집 (동삼동)",1명,2026-09-08 21:02:55
https://www.jobkorea.co.kr/Recruit/GI_Read/5584337/Ext?siteCode=WN&sc=,821200,"- 신규 부품 개발 및 머시닝 센터 (MCT) 프로그램 셋팅, 공구 관리 - 도면해독 및 이해 능력 보유자 - 자동차 부품 및 유압 부품 생산 경험자 - 기계 유지 보수 및 정밀도 관리 - 주요 장비 MCT : 마작 (AJV-25/405), 두산 (HC 400II), 현대 위아 (VX650/50) 외 CNC : 현대 (QUICK TURN 15N), 두산 (PUMA GT 2600M 10 Inch) 외",금속가공 기계 조작원,-,학력무관,경력,"연봉 7,500만원 이상",고용형태,"부산광역시 강서구 녹산산단382로 40, 주식회사 제이모션텍 (송정동, 공장전체)",1명,2026-09-08 21:02:55
https://www.jobkorea.co.kr/Recruit/GI_Read/5584338/Ext?siteCode=WN&sc=,813200,"CNC 선반 오퍼레이터를 모집합니다. 자동차 부품, 유압 부품 주력 생산품입니다. 경력에 따라 임금 협의 가능합니다. 많은 지원 바랍니다.",금속 공작기계 조작원,-,학력무관,경력,"연봉 6,000만원 이상",고용형태,"부산광역시 강서구 녹산산단382로 40, 주식회사 제이모션텍 (송정동, 공장전체)",1명,2026-09-08 21:02:55
https://www.jobkorea.co.kr/Recruit/GI_Read/5583932/Ext?siteCode=WN&sc=,550101,"- 부산 북구 덕천동 소재 - 노인주간보호센터 어르신 돌봄 업무 - 어르신 돌봄 서비스 마인드 가진 분 우대 - 스타렉스 운전가능자 우대 - 근무시작일 : 2026년 9월 21일 - 급여 : 월 2,216,880원{식대 60,000원 포함)",요양보호사(노인요양사),요양보호사,학력무관,관계없음,월급 221만원 ~ 221만원,고용형태,부산광역시 북구 기찰로 164 (덕천동),1명,2026-09-08 21:02:56
https://www.jobkorea.co.kr/Recruit/GI_Read/5582831/Ext?siteCode=WN&sc=,813209,"○ 주요 업무 - 철판 벤딩기 벤딩(절곡) 업무 ○ 장비현황 - 1.5M 50TON 1대 - 3M 125TON 1대 - 3M 300TON 1대 ○ 근로조건 - 시급 13,000원 이상 - 기본 근무시간 : 07:30~19:30 (수요일 07:30~16:30) - 주5일근무 (주말특근시 별도 지급) ○ 우대사항 - 레이저+벤딩 가능하신 분 우대 - 경력자 면접후 입금 협의가능 ※ 초보자가능 (임금 협의)",금속절곡기 조작원(밴딩기 조작원),밴딩기조작원,학력무관,경력,"시급 13,000원 이상",고용형태,"부산광역시 강서구 미음산단로 98, 2동 (구랑동)",1명,2026-09-08 21:02:56
https://www.jobkorea.co.kr/Recruit/GI_Read/5583895/Ext?siteCode=WN&sc=,140204,"우대사항 ㆍ공학계열, 건축/토목/조경/도시공학, 기계/자동차/조선공학 ㆍ기사 : 일반기계, 건축설비, 건설기계설비, 공조냉동기계, 설비보전, 메카트로닉스, 용접, 소음진동, 에너지관리 신재생에너지발전설비(태양광) ㆍ산업기사 : 건축설비, 배관, 정밀측정, 건설기계설비, 공조냉동기계, 생산자동화, 판금제관, 용접, 소음진동, 에너지관리, 신재생에너지발전설비(태양광) ㆍ 자격증보유 및 한국건설기술인협회 기계분야 초급이상 우대",건축설비 기술자,건축설비엔지니어,학력무관,관계없음,"연봉 3,600만원 ~ 5,000만원",고용형태,부산광역시 사하구 승학로 45-1 (당리동),2명,2026-09-08 21:02:56
https://www.jobkorea.co.kr/Recruit/GI_Read/5582190/Ext?siteCode=WN&sc=,890001,"[회사소개] 유성벤드(주) 는 20여년간 스테인리스 관이음쇠를 전문으로 생산해온 제조업체입니다. 생산부 사원을 모집합니다. [근무조건] ▷ 시급 : 11,000원 (시급제 운영) ▷ 정규근무 : 월~금 08:00 ~ 17:00 (주 5일) ▷ 연장근무 : 월·화·목·금 17:30 ~ 20:00 / 수요일 연장근무 없음 ▷ 토요일 : 08:00 ~ 17:00 (둘째·넷째 주에 한하여 운영) ※ 중식 제공 / 연장근무 시 석식 제공 ※ 연장근무 및 특근은 희망자에 한하여 실시하며 강요되지 않습니다. ※ 연장근무 시 연장수당 1.5배 지급합니다 (법정 기준 적용) ※ 주휴수당 및 관공서 기준 휴일은 관련 법령에 따라 임금 지급됩니다. ※ 연월차는 관련 법령에 따라 부여되며 자유롭게 사용 가능합니다. [주요업무] ▷ 전용 가공기 작업 : ELBOW(엘보), TEE(티) 베벨(면취) 가공 [자격요건] ▷ 4대 보험 가입에 결격사유가 없는 자 ▷ 자가 출퇴근 가능자 [우대사항] ▷ 인서트 팁을 직접 사용한 절삭가공 경험자 우대 (선반, 밀링 등 인서트 팁 교체 및 마모 상태 확인 경험자) ▷ 인근 거주자 우대 ▷ 장기 근무 가능자 우대 ▷ 즉시 출근 가능자 우대 [특이사항] ▷ 수습기간에 따른 임금(시급) 감액 없습니다. ▷ 경력자는 면접 후 임금을 협의합니다. (단, 동일 공정 및 동종 업계 경력에 한하여 경력으로 인정합니다.) ▷ 수습기간(3개월) 이후부터는 매월 교통비 10만원을 지급합니다. ▷ 통근버스는 별도로 운영하지 않습니다.",기계·금속 분야 단순 종사원,기계분야 단순노무자,학력무관,관계없음,"시급 11,000원 ~ 11,000원",고용형태,"부산광역시 강서구 화전산단6로102번길 14, 유성벤드 (화전동, 유성밴드)",1명,2026-09-08 21:02:56
https://www.jobkorea.co.kr/Recruit/GI_Read/5582191/Ext?siteCode=WN&sc=,813207,"자동차 모터 부품 제조업체 * 주요업무 - 자동차 부품 관련 프레스 조작원 모집(유경험자 우대) * 시급 10,320 (경력직 면접시 임금 협의 가능) * 근무시간 - 평일 8시30분~17시30분[연장근무시 20시] - 토/일 : 휴무 * 우대사항 - 인근거주자 우대 - 교통비 지급",프레스기 및 절단기 조작원,유압프레스조작원,학력무관,경력,"시급 10,320원 이상",고용형태,"부산광역시 강서구 과학산단로 425, 1층 (지사동)",1명,2026-09-08 21:02:57
https://www.jobkorea.co.kr/Recruit/GI_Read/5582783/Ext?siteCode=WN&sc=,232100,"2026년 9월 부터 함께 하실 마음이 따뜻하며 밝고, 성실한 선생님을 기다립니다^^ 영아반 ( 만0세) 선생님, 보조또는 연장반교사(시간제)를 기다리고 있습니다. 이력서, 자기소개서를 이메일 kimdogy77@naver.com 로 보내 주시면 메일 확인 후 면접일을 정해서 연락 드리겠습니다. 좋은 인연으로 만나기를 기대하고 있겠습니다^^",보육교사,보육센터장,학력무관,관계없음,월급 215만원 이상,고용형태,"부산광역시 북구 금곡대로 228, 101동 앞 (화명동, 동원로얄듀크)",1명,2026-09-08 21:02:57
https://www.jobkorea.co.kr/Recruit/GI_Read/5582323/Ext?siteCode=WN&sc=,028402,에너지발전 및 선박엔진용 메탈베어링 제조기업 자재구매 및 외주관리,자재·구매 사무원(기계·자동차·금속),금속(부품)구매사무원,학력무관,관계없음,"연봉 3,600만원 이상",고용형태,부산광역시 강서구 녹산산단46로 75 (송정동),1명,2026-09-08 21:02:58
https://www.jobkorea.co.kr/Recruit/GI_Read/5583376/Ext?siteCode=WN&sc=,890007,"나염인쇄 업무 및 작업보조, 창고관리 보조","인쇄, 목재, 가구 및 기타 제조 분야 단순 종사원",인쇄분야 단순노무자,학력무관,신입,월급 235만원 이상,고용형태,부산광역시 사상구 가야대로176번길 48 (학장동),3명,2026-09-08 21:02:58
https://www.jobkorea.co.kr/Recruit/GI_Read/5583490/Ext?siteCode=WN&sc=,136101,"[모집직무] 사내 IT 인프라 및 전산/시스템 관리 담당자 / 신입, 경력 (년수무관) [직무소개] 저희 회사는 사내 업무 효율을 높이기 위해 AI 기반 자동화 시스템을 새롭게 도입할 예정입니다. 이번에 함께하실 분은 시스템이 안정적으로 운영될 수 있도록 업무 상황을 꾸준히 확인하고, AI가 처리한 결과를 최종적으로 검토하고 승인하는 업무를 담당하게 됩니다. 전문적인 기술 지식이 꼭 필요한 업무는 아닙니다. 정해진 업무 매뉴얼과 절차를 잘 숙지하고, 내용을 꼼꼼하게 확인하면서 차분하게 업무를 처리해 주실 분을 찾고 있습니다. 새로운 시스템을 함께 익혀가면서 책임감 있게 업무를 맡아주실 분들의 많은 지원 바랍니다. [주요업무] -사내 AI 솔루션 단순 모니터링 -업무용 기기(PC, 스마트폰, 태블릿 등)로 수신되는 시스템 알림 확인 및 처리 -AI가 처리한 결과물 정상 여부 확인 및 최종 승인 -시스템 오류 발생 시 매뉴얼에 따른 장애 체크 및 통보 - 시스템 이슈 감시 - 배치 모니터링 * 담당자 전화 연결이 어려울 수 있으니, 모든 채용 문의는 가급적 이메일로 부탁드립니다.",정보시스템 운영자,-,학력무관,관계없음,월급 250만원 ~ 300만원,고용형태,"부산광역시 해운대구 센텀중앙로 97 (재송동, 센텀스카이비즈)",3명,2026-09-08 21:02:58
https://www.jobkorea.co.kr/Recruit/GI_Read/5583839/Ext?siteCode=WN&sc=,027205,- 회계사무실 전반적인 업무,경리 사무원(회계·세무 사무소),세무기장원,학력무관,경력,"연봉 2,800만원 이상",고용형태,"부산광역시 남구 수영로 252 (대연동, 김계영내과)",1명,2026-09-08 21:02:59
https://www.jobkorea.co.kr/Recruit/GI_Read/5583217/Ext?siteCode=WN&sc=,027102,회계 사무소 업무 전반 가. 기장 대행 나. 거래처 관리 다. 사무실 관리 등 회계 사무소 전반 업무 채용 일정 가. 접수기간 : 2026.08.20.(목)~2026.09.09.(수) 나. 접수방법 : 이메일(hjs27272@naver.com) 접수(우편·방문 접수 불가) 다. 서류전형 합격자 발표 : 2026.09.11.(금) 10:00 문자 발송 라. 면접시험 : 2026.09.14.(월) 정수세무회계사무소 마. 최종 합격자 발표 : 2026.09.16.(수) 10:00 문자 발송 바. 근 무 : 2026.10.02(금) 출근예정,회계 사무원(회계·세무 사무소),회계사무원(회계사무소),학력무관,신입,월급 216만원 ~ 216만원,고용형태,"부산광역시 사상구 사상로 88, 1층 (감전동)",1명,2026-09-08 21:02:59
https://www.jobkorea.co.kr/Recruit/GI_Read/5583933/Ext?siteCode=WN&sc=,823301,합형 및 보조 작업,"주조원(목형원, 원형원, 주형원)",-,학력무관,관계없음,월급 300만원 ~ 400만원,고용형태,부산광역시 강서구 녹산산단382로59번길 41 (송정동),1명,2026-09-08 21:02:59
https://www.jobkorea.co.kr/Recruit/GI_Read/5582922/Ext?siteCode=WN&sc=,027200,"■영플라텍 경리사무원 ㅁ직무내용: 경리업무 ㅁ근무시간: 주 5일, (월~금) 08:30~17:30 (휴게 12:30~13:30) ㅁ급여사항: 시급 10,320원 ㅁ근무기간: 15개월(출산휴가, 육아휴직 대체) >> 휴직기간 변경에 따라 계약 연장 및 상용직으로 전환될 수 있음 ㅁ복리후생 : 4대보험, 퇴직금, 1식제공, 차량유지비 지원 ㅁ접수방법: 전화 후 방문, 고용24접수, 이메일(pqmz8864@naver.com) 접수 - 이력서 ㅁ문의전화 : 051-722-8864",경리 사무원,-,학력무관,신입,"시급 10,320원 이상",고용형태,부산광역시 기장군 기장읍 동뫼길 17-39,1명,2026-09-08 21:02:59
https://www.jobkorea.co.kr/Recruit/GI_Read/5583840/Ext?siteCode=WN&sc=,531803,"요양병원 급식실에서 환자와 직원의 식사를 맛있게 조리 해주실, 성실하고 책임감있는 조리사님을 모십니다 총휴게시간4시간",병원 급식 조리사,병원급식조리사,학력무관,관계없음,"연봉 3,000만원 ~ 3,100만원",고용형태,"부산광역시 금정구 서동로 172, 3층 원무과",1명,2026-09-08 21:02:59
https://www.jobkorea.co.kr/Recruit/GI_Read/5583227/Ext?siteCode=WN&sc=,231100,"<소나무재가노인복지센터 사회복지사 모집 공고> 1. 채용분야 및 지원 자격 가. 구분 : 정규직(*3개월 수습기간 후 전환) 나. 전공분야 : 사회복지 다. 직종 : 사회복지사 라. 업무내용 : 재가노인지원사업에 준하는 업무 - 센터 내 제반(행정)업무(라운딩x, 급여계산x 회계x) 마. 자격조건(모든 조건 해당자) - 사회복지사 2급 이상 자격 소지자(필수) - 경력3년이상 평가경험 우대 - 자차소지자 우대 바. 우대조건 - 원활한 전산 업무 가능 - 재가센터 경력자 우대 사. 채용인원 : 1명 2. 전형방법 - 1차 서류전형 - 2차 면접(서류전형후 개별통보 예정) 3. 급여기준 및 근무시간 : 240만원 ~ 260만원 (업무 능력에 따라 협의) 4. 제출서류 - 이력서 1부 - 자기소개서 1부 - 졸업증명서, 성적증명서 각 1부 - 사대보험득실확인서 - 경력증명서 1부(해당시) - 자격조건에 해당하는 증빙서류 1부 - 자격증 사본 각 1부 - 주민등록등본 1부(채용확정후제출) - 채용신체검사서 1부(채용확정후제출) 5. 접수 - 접수기간 : 2026.8.20~ 채용시까지 - 접수방법 : 워크넷 또는 메일 접수(apine2022@naver.com) *채용관련 전화문의는 일체 받지 않습니다. 워크넷 또는 메일로만 접수 부탁드립니다. 6. 기타 및 유의사항 - 합격자는 개별통보하며, 적격자가 없을 경우 채용하지 않을 수 있음. - 합격통지후 신원 조사 및 채용신체검사 등을 통하여 결격사유가 있을시 합격 취소할 수 있음. - 접수된 서류는 ""채용절차의 공정화에 관한 법률"" 제11조에 의거하여 채용결정일로부터 14일 이후에 반환청구가 가능하며, 반환 요청시 기관 방문하여 본인 확인 후 서류 반환 시행. 채용결정일로부터 30일이 경과시 즉시 폐기함.",사회복지사,-,학력무관,관계없음,월급 240만원 ~ 260만원,고용형태,부산광역시 북구 은행나무로36번가길 14-18 (만덕동),1명,2026-09-08 21:03:00
https://www.jobkorea.co.kr/Recruit/GI_Read/5582203/Ext?siteCode=WN&sc=,151100,"[업무] * 유압, 수압, 가스를 이용한 시험 장비 설계 & 제작 업무 : 도면 제작 & 작업 지시서 작성 * 유압시스템 설계 / TEST JIG 및 기타 설계 * 필수 - 3D 캐드 가능자 * 3년 이상 경력 우대 위 업무를 성실히 수행해 주실 직원을 모집합니다. *경력 및 직무역량에 따라 임금 협의 가능",기계공학 기술자 및 연구원,-,학력무관,관계없음,"연봉 3,400만원 ~ 4,500만원",고용형태,부산광역시 강서구 녹산산단289로 37 (송정동),1명,2026-09-08 21:03:00
https://www.jobkorea.co.kr/Recruit/GI_Read/5582311/Ext?siteCode=WN&sc=,813201,"월~금 07:30~16:30 잔업2시간, 토요일 격주근무 4대보험, 상여금 1 CNC 가공",CNC 선반 조작원(NC 선반 조작원),-,학력무관,경력,"연봉 5,000만원 이상",고용형태,부산광역시 강서구 녹산산업중로61번길 16 (송정동),1명,2026-09-08 21:03:00
https://www.jobkorea.co.kr/Recruit/GI_Read/5582533/Ext?siteCode=WN&sc=,824107,* 절단부 사상 * 용접부 사상 * 현장 정리 정돈 * 기타 생산부 업무 등,용접 사상원 및 보조원,-,학력무관,관계없음,월급 280만원 이상,고용형태,"부산광역시 강서구 신호삼로 93, 지에스중공업(주) (신호동)",1명,2026-09-08 21:03:00
https://www.jobkorea.co.kr/Recruit/GI_Read/5583894/Ext?siteCode=WN&sc=,153105,"본사에서 현장 관리 업무 기술자 ( 현장 관리, 견적 업무 )",전기공사 기술자(전기견적 포함),전기공사견적기술자,학력무관,경력,"연봉 4,000만원 ~ 7,000만원",고용형태,부산광역시 사하구 승학로 45-1 (당리동),2명,2026-09-08 21:03:01
https://www.jobkorea.co.kr/Recruit/GI_Read/5584179/Ext?siteCode=WN&sc=,307500,"[모집직무] 간호조무사 : 입소 어르신 의료, 케어, 보살핌 [주요업무] - 입소 어르신의 의료업무 전반에 관한사항(입소자 상담, 건강검진 등) - 입소 어르신들의 건강 상태 확인 및 기록 - 일상생활 지원 (식사, 목욕, 복용 등) - 의료진과 협력하여 건강 관리 계획 수립 - 어르신들의 안전을 확보하고 응급 상황 대처 - 환경 청결 유지 및 관리 - 간호업무 일지 작성 및 평가업무 관리 [급여] - 경력에 따른 협의 - 60세 미만 복지수당 지급 - 중식제공 - 4대보험 가입 [우대사항] - 요양원 근무 경력 3년 이상 - 노인장기요양 프로그램 가능자(케어포, 엔젤 등) - 컴퓨터 활용 능력 가능자(엑셀, 한글문서 작성)",간호조무사,-,학력무관,경력,월급 216만원 이상,고용형태,"부산광역시 수영구 연수로260번길 53-1, 1층 (망미동)",1명,2026-09-08 21:03:01
https://www.jobkorea.co.kr/Recruit/GI_Read/5583158/Ext?siteCode=WN&sc=,026202,- 일반사무 업무 - 영업관리 및 지원 업무 - 경리업무(회계사무실 넘기기전) - 거래명세서작성 등 기타 사무실 업무 등 성실히 근무해주실 분 많은 지원바랍니다. ^-^ (실업급여 수령을 위한 임의지원X),영업 기획·관리·지원 사무원,영업기획사무원,학력무관,관계없음,"연봉 3,127만원 이상",고용형태,"부산광역시 사상구 낙동대로1366번길 16, 유진금속 (삼락동)",1명,2026-09-08 21:03:01
https://www.jobkorea.co.kr/Recruit/GI_Read/5583368/Ext?siteCode=WN&sc=,027103,재무파트의 회계 관련 업무 진행 1) 전표 입력 및 관리 2) 제무제표 작성 3) 결산 업무 등 * 직무 유경험자 우대 * 제시된 임금은 신입기준으로 경력에 따라 협의,회계 사무원(일반 사업체),회계결산원,대졸(2~3년)~대졸(4년),경력,월급 250만원 이상,고용형태,"부산광역시 사하구 감천항로 454, 대선조선 주식회사 (다대동)",1명,2026-09-08 21:03:01
https://www.jobkorea.co.kr/Recruit/GI_Read/5588038/Ext?siteCode=WN&sc=,624600,"『2026 중장년 리스타트 잡페어 간접 참가기업』 - 삼성희망네트워크 상품분류원 모집 ▷ 모집직종 : 실버상품인수원(상품분류원) ▷ 모집인원 : 1명 ▷ 근무장소 : 부산시 동구 성남로27, CJ대한통운 부산진 CY ▷ 근무내용 : 서부터미널에 도착한 택배물품을 배송기사에게 상품 인수 및 분류하는 작업 ▷ 근무시간 : 하루3시간 주3일 / 주말 및 공유일 근무 가능자 ▷ 자격조건 : 무관 ▷ 제출서류 : 이력서 ▷ 지원방법 : 일시 : 2026. 9. 3.(목)~ 4(금) 10:00~17:00(입장시간 10:00~16:00) - 장소 : 벡스코 제1전시장 3홀 글로벌헬스케어위크 행사장 내 직접제출 및 팩스지원 (051-888-6919) ※ 채용조건 및 세부일정은 사정에 따라 변경될 수 있습니다. ※ 문의 : 부산일자리종합센터 051-888-6911~6 ※ 타기관 알선 비희망/ 타기관 연계 비희망 『2026 중장년 리스타트 잡페어 간접 참가기업』 - 일시 : 2026. 9. 3.(목)~ 4(금) 10:00~17:00(입장시간 10:00~16:00) - 장소 : 벡스코 제1전시장 3홀 글로벌헬스케어위크 행사장 내 - 내용 : 채용면접, AI활용특강, 부대행사(디지털 체험존, 인생세컷) - 준비물 : 이력서 등 지참",화물 분류원,-,학력무관,관계없음,월급 52만원 ~ 52만원,고용형태,"부산광역시 동구 성남로 27, CJ대한통운 부산진CY (좌천동)",1명,2026-09-08 21:03:02
https://www.jobkorea.co.kr/Recruit/GI_Read/5582523/Ext?siteCode=WN&sc=,027203,건설현장 인건비관리 및 숙박 식대관리하는 업무를 합니다.,경리 사무원(건설),-,학력무관,관계없음,월급 215만원 ~ 220만원,고용형태,"부산광역시 동래구 반송로 268, 2층 (명장동)",1명,2026-09-08 21:03:02
https://www.jobkorea.co.kr/Recruit/GI_Read/5583841/Ext?siteCode=WN&sc=,023301,"■ 회사소개 관세법인 드림은 수출입통관, 관세환급, 관세평가, 품목분류, 기업심사, FTA, AEO 컨설팅 등 관세·통상 전 분야에 걸쳐 전문 서비스를 제공하는 관세 전문기관입니다. 18년 이상 축적된 실무 경험과 전문성을 바탕으로 국내외 기업의 수출입 경쟁력 강화와 관세 리스크 관리에 기여하고 있으며, 급변하는 통상환경 속에서 지속적인 연구를 통해 서비스 경쟁력을 높여가고 있습니다. 관세법인 드림과 함께 FTA·관세 분야의 전문가로 성장해 나갈 인재 분들의 많은 관심과 지원 바랍니다. ■ 근무지 ※ 9월 4일부로 아래 주소로 사무실 이전 예정 부산광역시 남구 남동천로 128 BIFC 2 (국제금융센터 별관) 15층 1529호 ■ 담당업무 - 정부지원사업 FTA컨설팅 - 국내 제조기업 원산지 관리 대행 - 원산지 판정 및 근거자료 검토 - 원산지증명서 발급 - 원산지 검증 대응 - FTA 교육 및 설명회 진행 - 기타 FTA 관련 업무 전반 ■ 모집인원 및 지원자격 - 모집인원 : 1명 - 직급 : 관세사 / 원산지관리사 - 경력사항 : 신입(수습관세사) 또는 경력 2년 이하 ■ 우대사항 - 관세사 또는 원산지관리사 자격증 보유자 (필수) - 운전 가능자 (필수) - Excel, PowerPoint 등 문서작성 능력 우수자 - 커뮤니케이션 능력이 우수한 자",관세사,관세사,학력무관,관계없음,"연봉 3,000만원 ~ 3,500만원",고용형태,"부산광역시 남구 자성로 152, - (문현동, 한일오피스텔)",1명,2026-09-08 21:03:03
https://www.jobkorea.co.kr/Recruit/GI_Read/5584160/Ext?siteCode=WN&sc=,232100,"담임 업무 보육업무, 서류작성, 보육실 청소 등",보육교사,-,고졸~대졸(2~3년),경력,월급 215만원 ~ 215만원,고용형태,"부산광역시 남구 용호로269번길 10, 해뜨는어린이집 (용호동)",1명,2026-09-08 21:03:03
https://www.jobkorea.co.kr/Recruit/GI_Read/5583207/Ext?siteCode=WN&sc=,813209,"조선 전장 전기판넬 제조업체 박판위주 절곡,용접하는 업체입니다. 아마다 RG-125 / RG-100 컨트롤러 NC9 EX2 TYPE",금속절곡기 조작원(밴딩기 조작원),밴딩기조작원,학력무관,관계없음,"연봉 3,500만원 ~ 5,000만원",고용형태,부산광역시 강서구 생곡산단2로 46 (생곡동),1명,2026-09-08 21:03:03
https://www.jobkorea.co.kr/Recruit/GI_Read/5583209/Ext?siteCode=WN&sc=,307300,검사 및 검안 더보기,안경사,안경사,학력무관,관계없음,"연봉 3,000만원 이상",고용형태,부산광역시 북구 만덕대로 5,2명,2026-09-08 21:03:03
https://www.jobkorea.co.kr/Recruit/GI_Read/5583206/Ext?siteCode=WN&sc=,824102,"자사는 선박 수배전반, 콘솔을 설계,제작 납품하는 업체입니다. 용접은 co2 / 알곤을 주로 작업하고 있습니다. 박판(t1.6~4.0) 주로 용접하고 있습니다. 모집 / 용접원 채용중입니다.","전기용접원(아크,알곤,티그용접원)",전기용접원,학력무관,경력,"연봉 3,000만원 ~ 5,000만원",고용형태,부산광역시 강서구 생곡산단2로 46 (생곡동),1명,2026-09-08 21:03:04
https://www.jobkorea.co.kr/Recruit/GI_Read/5583214/Ext?siteCode=WN&sc=,306500,- 노인요양시설(요양원)에 입소 중인 어르신들의 물리(작업)치료 업무 - 엔젤시스템 활용 작업치료 일지 작성,물리 및 작업 치료사,-,학력무관,관계없음,월급 230만원 이상,고용형태,"부산광역시 사상구 운산로 112, 서부산노인요양원 (괘법동)",1명,2026-09-08 21:03:04
https://www.jobkorea.co.kr/Recruit/GI_Read/5583370/Ext?siteCode=WN&sc=,890000,"어망 제조 관련 업무, 현장업무 및 납품 1종 면허 소지자 필",기타 제조 관련 단순 종사원,권선공,학력무관,관계없음,월급 230만원 ~ 230만원,고용형태,"부산광역시 사하구 을숙도대로 651, 삼양통상 1층 (신평동)",1명,2026-09-08 21:03:04
https://www.jobkorea.co.kr/Recruit/GI_Read/5583334/Ext?siteCode=WN&sc=,550100,"[주간보호센터 요양보호사 모집] -직무내용 : 송영, 어르신일상 케어, 목욕, 기저귀, 운동 보조 업무 -근무시간 : 07:50-16:50 또는 08:50-17:50 -월~토 중 5일근무 -급여 : 월 215만원 -자격&면허 : 요양보호사, 운전면허증 필수 스파크나 레이 같은 경차 운전 가능하신 분 지원 가능(스타렉스나 카니발 운행 가능 우대) -근무장소 : 부산진구 성지로 94 4층(초읍 기업은행 건물)",요양보호사,-,학력무관,관계없음,월급 215만원 ~ 215만원,고용형태,부산광역시 부산진구 성지로 94 (초읍동),1명,2026-09-08 21:03:04
https://www.jobkorea.co.kr/Recruit/GI_Read/5581885/Ext?siteCode=WN&sc=,890000,"[부산진새일센터 채용대행진행] (주)덕화푸드 명란젓 생산직 채용 - 명란젓 생산직 사원 모집 - 명란 원료 선별 및 입상 - 조미 원료의 계량 및 투입 보조 - 조미·숙성 공정 작업 보조 - 작업장 세척·위생관리 - 기타 생산 관련 보조업무 - 보건증 필수 - 근무시간 : 평일 08:30-17:30 *주5일 40시간(토,일,공휴일 휴무) - 제출서류 : 이력서 - 통근버스 운행(회사자체차량) (다대포-장림-신평배고개-괴정-감천-암남동(회사)) - 상여금 별도 (추석 100만원, 설 100만원 년간 총 200만원 지급) - 입사일 3개월 이내 지급일 도래 시 30% 지급 - 3개월 수습 기간 有",기타 제조 관련 단순 종사원,-,학력무관,관계없음,"시급 11,010원 ~ 11,010원",고용형태,"부산광역시 서구 원양로 35, 도매장동 3층 (주)덕화푸드 (암남동, 도매장동)",1명,2026-09-08 21:03:04
https://www.jobkorea.co.kr/Recruit/GI_Read/5584256/Ext?siteCode=WN&sc=,307902,"1. 근무시간 : 주5일 09시~18시 / 토, 일 휴무(부득이 토, 일 근무시 연장근무비 지급) 2. 상세주소 : 부산광역시 부산진구 개금온정로 9, 608호 (개금동, 석천오피스텔) 3. 우대조건 : 차량소지자 - 자가용으로 이동가능하신분 환영합니다. 입주 서비스 가능하신 분. - 산모, 신생아건강관리사 교육과정 이수 필수 !! 4. 접수방법 : 방문. 고용24, 전화 (051.711.8202) 5. 직무내용 : 산모,신생아 건강관리(산모,신생아건강관리사 교육이수자) 6. 일급: 109,800원~(주휴수당포함) 7. 부산내 지역 근무예정 (거주지 우선배정) 8. 복리후생: 중식, 유니폼(유니폼 지원) / 그 외 복리후생은 면접 때 확인 가능 - 아기와 산모님을 위하는 따뜻한 마음을 지니신 관리사 선생님을 모십니다. 언제든지 연락주시기 바랍니다.",산후조리 종사원(산모 도우미),산모도우미,학력무관,관계없음,"일급 91,500원 이상",고용형태,"부산광역시 부산진구 개금온정로 9 (개금동, 석천오피스텔)",2명,2026-09-08 21:03:05
https://www.jobkorea.co.kr/Recruit/GI_Read/5583928/Ext?siteCode=WN&sc=,029212,"앞서가는 취업컨설팅기업 (주)두원잡에서 국민취업지원제도 상담사로서 함께 근무하실 분을 찾습니다. 저희 (주)두원잡은 부산, 울산, 경남에서 고용노동부의 국민취업지원제도를 운영하는 대표 위탁기관이에요. 항상 우수한 성적을 내고 있어서 고용노동부의 인정을 받고 있으며 자부심을 가지고 일 할 수 있는 기업이에요. #교통이 편리한 곳에 위치한 사무실 ＃정시출근정시퇴근 #함께 잘 살자! ▶ 업무 내용 • 국민취업지원제도 참여자 모집 및 진로 상담 등의 취업 지원 서비스 제공(이력서, 자소서, 면접 컨설팅 등) • 국민취업지원제도와 관련된 서류 작성 및 관리 등의 행정 업무 ▶ 필요자격 및 역량 • 직업상담사 또는 사회복지사 자격증 둘 중 하나 필수 • 대학교(2,3년) 이상의 학력 • 스스로 학습하고자 하는 의지 (교육 제공 가능) • 창의적이고 다양한 아이디어 ▶ 우대 사항 • 취업성공패키지 또는 국민취업지원제도 근무 경력 • 상담 업무 경험 • Excel 등의 오피스 프로그램 사용 능숙자 • 홍보 및 모집 등의 업무 경험자 ▶ 복지 및 혜택 • 교육비 및 생일 축하금 지원 • 결혼 / 출산지원금 지원 • 월 1회 패밀리데이 조기 퇴근 • 우수사원 선정 시 휴가 및 여행비 지원 • 장기근속 시 황금열쇠 지급 • 유연근무제 및 선택근무제 운영 • 성과에 따른 인센티브 지급(알선, 취업성공금, 상담인원 3가지 유형에 따른 인센티브 지급) ▶ 유의 사항 • 입사지원 서류와 관련한 허위사실 발견 시 채용 취소될 수 있음. • 첨부된 자사양식을 사용하여 지원. • 두원잡 블로그 링크 : https://blog.naver.com/dwinjob ▶ 근무조건 • 근무형태 : 정규직 • 연봉 : 2,760만원 • 근무일시 : 주 5일(월~금) 오전 9시~오후 6시 • 근무지역 : (사상사무소) 부산시 사상구 사상로 208-1, 1102호 ▶ 서류 접수 및 전형 절차 • 전형 절차 : 서류 전형 -> 면접 전형 -> 최종 합격 • 접수기간 : 채용 시 마감 • 접수방법 : 이메일 지원(doowonjobhr@daum.net) 혹은 해당 사이트 지원 / 자사양식 사용 • 채용 담당자 연락처 : 051-329-7227",취업 알선원,취업알선원,학력무관,관계없음,"연봉 2,760만원 이상",고용형태,"부산광역시 사상구 사상로 208-1, 1102호 (괘법동)",1명,2026-09-08 21:03:05
https://www.jobkorea.co.kr/Recruit/GI_Read/5583929/Ext?siteCode=WN&sc=,307500,수술실 어시스트 더보기,간호조무사,-,학력무관,관계없음,"연봉 2,900만원 이상",고용형태,부산광역시 북구 만덕대로 5,2명,2026-09-08 21:03:05
https://www.jobkorea.co.kr/Recruit/GI_Read/5584257/Ext?siteCode=WN&sc=,703200,"부산영도구 에이치제이 중공업내 협력업체 선행/후행의장 배관설치 (보조공 및 기량자) 모집. 급여는 면접후 조정 *일급-주휴,연차수당 별도 지급","공업 배관공(플랜트,항공,선박,철도차량)",선박배관원,학력무관,관계없음,"일급 90,400원 이상",고용형태,"부산광역시 영도구 태종로 233, hj 중공업 내 (봉래동5가)",2명,2026-09-08 21:03:05
https://www.jobkorea.co.kr/Recruit/GI_Read/5583162/Ext?siteCode=WN&sc=,012200,"◈ 회사소개 - 사회적기업으로 차량관련 안전용품 개발 및 휴대폰 무선 충전기 개발, 제조 ◈ 업무내용 경영지원 : 사업계획서 작성, 자료 수집 및 편집, 보고서 작성 등 ◈ 근무처 - 동아대학교 창업관(하단, 승학 캠퍼스) ◈ 지원요건(필수) - 문서작성 우수자 ◈ 지원자격 - 초대졸이상 - 전공/학위: 이공계, 이학사 만 지원 가능 (문과 계열 및 사회복지, 미술, 예술 예체능 등 지원 불가) ◈ 기타사항 - 출_퇴근 시간 조율가능 ""원하는 근무시간으로 조정"" 예시 1) 오전 9시 ~ 오전 12시 2) 오후 1시 ~ 오후 6시 3) 오전 10시 ~ 오후 5시 4) 오전 9시 30분 ~ 오후 3시 - 그 밖의 필요한 모든사항 조율, 협의 가능 ◈ 임금조건 연봉 2760만원 ~ 3240만원 ◈ 우대사항 - 취약계층 및 이공계, 이학사 우선 채용 - 인근거주자",경영 지원 관리자,-,학력무관,관계없음,"연봉 2,760만원 ~ 3,240만원",고용형태,"부산광역시 사하구 낙동대로550번길 37, 동아대학교 승학캠퍼스 창업관 304호 (하단동)",1명,2026-09-08 21:03:06
https://www.jobkorea.co.kr/Recruit/GI_Read/5584161/Ext?siteCode=WN&sc=,013903,"[모집직무] 건물 관리소장 본 채용은 생활형 숙박시설의 효율적이고 안전한 운영을 책임지는 관리소장을 모집합니다. 전기 무제한 선임가능하고, 기계설비 중급이상 채용가능 [주요업무] - 숙박 시설 및 시설관리 업무 총괄 - 전기, 기계설비 관리 및 유지보수 - 직원 관리 및 업무 지시 - 고객 응대 및 불만 처리 - 안전관리 시스템 운영 및 점검",빌딩 관리소장,-,학력무관,신입,월급 340만원 ~ 360만원,고용형태,"부산광역시 해운대구 APEC로 21, 브리티지센텀 (우동)",1명,2026-09-08 21:03:06
https://www.jobkorea.co.kr/Recruit/GI_Read/5583369/Ext?siteCode=WN&sc=,890006,"- 냉동수산물(고등어외) 가공공장입니다. 택배포장(4~20KG정도)까지 다양한무게를 포장하는 업무입니다. - 주 업무는 제품재고관리, 택배포장 입니다. - 지게차 운전 필수(지게차는 꼭 운전을 하실수있어야 합니다.) - 경력 신입 관계없이 근무 가능합니다. 실제 구직 의사가 있으신 분만 지원 접수 부탁드립니다.",식품 분야 단순 종사원,식품분야 단순노무자,학력무관,관계없음,월급 250만원 ~ 250만원,고용형태,"부산광역시 사하구 구평로 23, 가동 1층 (구평동)",1명,2026-09-08 21:03:06
https://www.jobkorea.co.kr/Recruit/GI_Read/5579333/Ext?siteCode=WN&sc=,890006,"수산물 가공 생산 전반적인 업무 원료해동, 박스 포장, 현장 생산작업 등 (무게있는 박스 포장 및 운반작업) 경험이 있으시고 꼭 일 하실분 연락주세요!",식품 분야 단순 종사원,주스병내용물 선별원,학력무관,관계없음,"시급 10,320원 이상",고용형태,부산광역시 사하구 다대로354번길 71,1명,2026-09-08 21:03:06
https://www.jobkorea.co.kr/Recruit/GI_Read/5583931/Ext?siteCode=WN&sc=,027200,"모집부문 및 상세내용 -매입 매출관리,재고관리,전표정리등 지원자격 ㆍ경력 : 우대 ㆍ신규 지원 가능 우대사항 ㆍ인근거주자, 해당직무 근무경험 근무조건 ㆍ근무형태: 정규직 ㆍ근무일시: 주 5일(월~금) 08:00~17:00 토요일 격주근무 08:00~12:00 (조율가능) ㆍ근무지역: (618-800) 부산 강서구 강동동 28-4 - 부산-김해 경전철 대사 에서 800m 이내",경리 사무원,-,학력무관,관계없음,월급 215만원 ~ 215만원,고용형태,부산광역시 강서구 낙동북로126번길 40-1,1명,2026-09-08 21:03:07
https://www.jobkorea.co.kr/Recruit/GI_Read/5580487/Ext?siteCode=WN&sc=,140300,토목엔지니어링 업무 수행 상수도관망시설운영관리사 2급 필수,토목공학 기술자,-,학력무관,관계없음,"연봉 2,600만원 ~ 3,000만원",고용형태,"부산광역시 연제구 교대로 13 (거제동, 지하)",1명,2026-09-08 21:03:07
https://www.jobkorea.co.kr/Recruit/GI_Read/5583208/Ext?siteCode=WN&sc=,028500,"* 가공기능공 - 누설검사, 현장 업무 등 - 경력무관 (중장년층 지원 가능)",생산 및 품질관리 사무원,공정관리기술자,학력무관,관계없음,"연봉 3,127만원 이상",고용형태,"부산광역시 사상구 낙동대로1366번길 16, 유진금속 (삼락동)",1명,2026-09-08 21:03:07
https://www.jobkorea.co.kr/Recruit/GI_Read/5583465/Ext?siteCode=WN&sc=,028900,"감천부두에서 수입되는 물품을 업체별 관리(배차, 출고, 재고관리) 하는 업무입니다. 부두 출고 작업 관리하면서 컨테이너(부두내) 사무실에서 본점과의 소통 및 전산업무도 맡 게 됩니다.",기타 운송 및 무역 사무원,-,학력무관,관계없음,월급 270만원 ~ 270만원,고용형태,"부산광역시 사하구 감천항로 45, 감천중앙부두 (감천동)",1명,2026-09-08 21:03:07
https://www.jobkorea.co.kr/Recruit/GI_Read/5581632/Ext?siteCode=WN&sc=,561100,"[어린이병원] 미화원 모집 - 병원 내부 청소 업무 (입원실 등) - 2일근무 1일휴무 반복 - 07:00~16:00(휴게:08:30~09:30/12:00~14:00) - 업무 특성상 신체 건강한 분 희망함(고령자의 경우 계약직 근로계약) - 병원 인근 거주자, 경력자 우대 - 연봉 2,150만원",건물 청소원,-,학력무관,관계없음,"시급 10,320원 ~ 10,320원",고용형태,"부산광역시 사상구 낙동대로 790, 신우프라자3F (엄궁동)",1명,2026-09-08 21:03:07
https://www.jobkorea.co.kr/Recruit/GI_Read/5580636/Ext?siteCode=WN&sc=,814002,"*검침비 지급 *하계휴가, 추석, 구정 명절수당 지급 *중앙집중식보일러 *소방안전보조자 선임 *접수 기간 :2026.08.19~채용 완료 시 까지(조기마감) *1차 서류 접수 마감 :08월27일(목) *2차면접 해당자 별도 통보함 *단지명:부산도시공사 학장1지구아파트 *소재지:학장종합사회복지관2층(부산 사상구 학감대로 49번길 28-39) *격일 제 근무(2인 1조 맞교대) *면접 시 자격증 소지(제시) *정년 만 61세 -건강, 성실하고 업무 능력이 있는 자로 판단되는 경우 61세 이상 자도 채용 가능합니다. *합격자 출근 예정일 :2026.09.01부터 근무예정.",건물용 냉난방 설비 조작원,아파트보일러기계설비조작원,학력무관,신입,월급 294만원 ~ 294만원,고용형태,"부산광역시 사상구 학감대로49번길 28-39, 학장1지구도개공아파트관리사무소 (학장동)",1명,2026-09-08 21:03:08
https://www.jobkorea.co.kr/Recruit/GI_Read/5580637/Ext?siteCode=WN&sc=,821202,* 열처리 전 부품 세척 및 전처리 작업 * 부품을 열처리용 거치대에 적재 작업 * 열처리 완료된 부품의 제품별 분류 및 정리 * 열처리 완료품 외관 및 상태 확인 * 작업장 및 열처리 설비 주변 정리·정돈,금속 열처리로 조작원,금속표면경화로조작원,학력무관,관계없음,"시급 10,320원 이상",고용형태,부산광역시 사상구 학감대로147번길 54,1명,2026-09-08 21:03:08
https://www.jobkorea.co.kr/Recruit/GI_Read/5580633/Ext?siteCode=WN&sc=,816100,"수소에너지 산업의 핵심 설비를 직접 제작하는 기술기업 한국가스젠(주)에서 현장 생산 업무를 함께 수행하실 성실한 인재를 모집합니다. * 업무내용 - 수소 및 가스 관련 기계·설비 조립 - 가스 배관 및 관련 부품 조립 작업 - 제품 조립 후 성능 테스트 및 시운전 지원 - 납품 장비 A/S 및 현장 지원(필요 시) * 급여 - 경력 및 직무역량에 따라 협의 - 관련 경력 보유 시, 연봉 상향 협의 가능",일반기계 조립원,기계조립원,학력무관,관계없음,"연봉 3,200만원 이상",고용형태,부산광역시 강서구 녹산산단289로 37 (송정동),1명,2026-09-08 21:03:08
https://www.jobkorea.co.kr/Recruit/GI_Read/5580849/Ext?siteCode=WN&sc=,024200,"(재)동북아문화재연구원에서 함께 할 연구원을 다음과 같이 채용하고자 하오니 많은 지원바랍니다. 1. 채용분야 및 담당업무 ○ 채용분야 : 조사연구원(연구직) - 정규직 및 계약직 ○ 채용구분 : 조사원(1명), 준조사원(2명), 보조원(2명) ○ 급여조건 : 조사원 40,000,000원 이상, 준조사원 32,000,000원 이상, 보조원 27,000,000원 이상 ○ 담당업무 : 매장유산 조사 및 연구 ○ 근 무 지 : 조사 현장 및 부산사무소 (부산광역시 연제구 중앙대로 1193) 2. 지원자격 ○ 「매장유산 보호 및 조사에 관한 법률」 시행규칙 제14조 제2항 관련 '조사 요원별 자격기준' 중 인력 기준에 부합하는 자 ○ 매장유산 관련학과 학사학위 소지자 ○ 해외여행에 결격사유가 없는 자 ○ 남자는 병역을 필하였거나 면제된 자 3. 제출서류 ○ 입사지원서 및 자기소재서(첨부된 본원양식) 1부 ○ 경력증명서 각 1부(경력자에 한함) ○ 최종학력 증명서 1부 ○ 자격증 사본 각 1부 ○ 주민등록 등본 및 초본-군필자는 병역사항포함 각 1부(합격자에 한해 추후 제출) ○ 채용신체검사서 1부(합격자에 한해 추후 제출) 4. 전형방법 ○ 1차 서류전형 ○ 2차 면접전형 - 1차 서류전형 합격자에 한해 2차 면접 ○ 최종합격자 발표 - 개별 통지 5. 서류접수 및 문의처 ○ 접수기간 - 2026년 06월 4일(목) ~ 채용시까지 ○ 접수방법 - 전자우편 접수(dba3082@naver.com) ○ 문 의 처 - (재)동북아문화재연구원(051-502-8006)",조사 전문가,-,고졸~대졸(4년),경력,"연봉 2,700만원 ~ 4,000만원",고용형태,부산광역시 연제구 중앙대로 1193 (거제동),5명,2026-09-08 21:03:08
https://www.jobkorea.co.kr/Recruit/GI_Read/5580437/Ext?siteCode=WN&sc=,550102,월 급여는 비급여 포함 총 290만원입니다. 휴무일은 월 2회~4회 협의로 진행됩니다. 어르신 키가 165 정도이고 부축하면 보행 가능합니다. 인지는 아주 좋으십니다. (근무시간) (오전) 8시 30분 ~ (오후) 20시 30분 이용자가 추가로 개별계약 희망함 (12시30분 ~ 20시30분),재가 요양보호사,재가요양보호사,학력무관,신입,"시급 10,320원 ~ 10,320원",고용형태,"부산광역시 남구 유엔평화로14번길 17, 2층 (대연동, 동남빌라)",1명,2026-09-08 21:03:09
https://www.jobkorea.co.kr/Recruit/GI_Read/5580634/Ext?siteCode=WN&sc=,816200,"밸브 조립,테스트,재고관리",기계 부품 조립원,공업기계부품조립원,학력무관,관계없음,"연봉 3,500만원 이상",고용형태,"부산광역시 강서구 화전산단6로 85, 일성기업사 (화전동)",1명,2026-09-08 21:03:09
https://www.jobkorea.co.kr/Recruit/GI_Read/5579283/Ext?siteCode=WN&sc=,307500,"간호조무사 [요양지원 > 진료지원보조] 진료준비하기,고객안내하기,정리정돈하기,의료기기 안전관리 점검하기,의료기기 안전관리",간호조무사,-,학력무관,경력,월급 230만원 이상,고용형태,"부산광역시 해운대구 센텀2로 15, 1001호 (우동, 센텀브라이언)",2명,2026-09-08 21:03:09
https://www.jobkorea.co.kr/Recruit/GI_Read/5579585/Ext?siteCode=WN&sc=,813201,터닝기계 조작원 모집,CNC 선반 조작원(NC 선반 조작원),CNC터닝선반조작원,학력무관,경력,"시급 10,320원 ~ 17,000원",고용형태,부산광역시 강서구 화전산단6로 59,2명,2026-09-08 21:03:10
https://www.jobkorea.co.kr/Recruit/GI_Read/5581337/Ext?siteCode=WN&sc=,027102,"안녕하세요. 경력직 직원 구합니다. 1. 사무실 위치 부산광역시 수영구 남천동로 107, 4층 (수영구청 맞은편) 2. 경력 회계사무실 만 3년 이상 경력직 직원 구합니다. 개인 / 법인 결산 및 조정가능자. 3. 연봉 면접 후 협의 4. 구비서류 이력서(희망연봉 기재, 경력, 자격증 등)를 이메일로 보내주세요. 5. 지원방법 이메일 : shyunkshyunk@naver.com",회계 사무원(회계·세무 사무소),회계사무원(회계사무소),학력무관,경력,월급 220만원 ~ 280만원,고용형태,"부산광역시 수영구 남천동로 107, 4층 (남천동, 소천빌딩)",1명,2026-09-08 21:03:10
https://www.jobkorea.co.kr/Recruit/GI_Read/5579282/Ext?siteCode=WN&sc=,511400,"피부관리사 [피부미용 > 피부미용 두피 모공관리] 클렌징하기,각질제거하기 [피부미용 > 피부미용 고객마무리관리] 관리 후 상담하기,고객유지관리하기,홈케어 조언하기 [피부미용 > 피부미용 위생관리] 피부미용 작업장 위생관리하기,피부미용 비품 위생관리하기,직원위생관리하기 [피부미용 > 피부미용 얼굴각질관리] 얼굴클렌징하기,얼굴 딥클렌징하기 [피부미용 > 피부미용 얼굴 매뉴얼테크닉] 매뉴얼테크닉하기,영양물질도포하기",피부 및 체형 관리사,-,학력무관,관계없음,월급 230만원 이상,고용형태,"부산광역시 해운대구 센텀2로 15, 1001호 (우동, 센텀브라이언)",2명,2026-09-08 21:03:10
https://www.jobkorea.co.kr/Recruit/GI_Read/5579607/Ext?siteCode=WN&sc=,304000,"병동 이브닝 킵, 나이트 킵",간호사,-,학력무관,관계없음,"연봉 3,100만원 ~ 3,600만원",고용형태,부산광역시 사상구 낙동대로 792 (엄궁동),2명,2026-09-08 21:03:10
https://www.jobkorea.co.kr/Recruit/GI_Read/5579813/Ext?siteCode=WN&sc=,905300,연근해 어업 업무 보조,어업 관련 단순 종사원,-,학력무관,관계없음,월급 215만원 ~ 215만원,고용형태,"부산광역시 사하구 다대동로 49-1, 1101 3/4 (다대포항 은성호) (유림 예다움아파트)",1명,2026-09-08 21:03:11
https://www.jobkorea.co.kr/Recruit/GI_Read/5580626/Ext?siteCode=WN&sc=,550102,"사상구 괘법동에 위치한 두레주간보호센터에서 주간보호센터/요양보호사를 아래와 같이 채용하고자 합니다. 1. 직종 및 인원 - 직종: 주간보호/요양보호사 (※운전가능자※) - 직무내용 : 어르신 케어 - 모집 인원: 1명 2. 채용조건 - 근무장소: 두레주간보호센터 - 근로시간: 주 5일 근무 (토요일 근무 주의 경우 주중 하루 휴무 ,근무표 작성 하여 휴무 일 정함.) (월 ~ 토,09:00 ~18:00) - 보수: 월급제, 최저임금 - 선호 조건 : 경력자 3.채용사항 -제출서류 : 이력서,요양보호사자격증 -접수방법 : 방문",재가 요양보호사,재가요양보호사,학력무관,경력,월급 215만원 이상,고용형태,부산광역시 사상구 광장로87번길 97 (괘법동),1명,2026-09-08 21:03:11
https://www.jobkorea.co.kr/Recruit/GI_Read/5580860/Ext?siteCode=WN&sc=,027204,경리사무직 근무 수주-발주-입고처리업무 회계사무소 가기전 업무 주5일근무 08:00~17:00 자차보유자 / 오래근무하실분 지원 바랍니다,경리 사무원(제조),-,고졸~대졸(4년),경력,월급 230만원 ~ 250만원,고용형태,"부산광역시 강서구 입소정관길 17, 금흥 (대저2동)",1명,2026-09-08 21:03:11
https://www.jobkorea.co.kr/Recruit/GI_Read/5581245/Ext?siteCode=WN&sc=,624501,냉동수산물(제품박스 및 냉동원어) 상/하차 (하역) 초저온냉동창고 냉동수산물 입고/출하 초저온냉동창고 정리 및 관리 지게차운전가능하신분,하역·적재 종사원,상하차원,학력무관,관계없음,월급 300만원 이상,고용형태,"부산광역시 강서구 녹산산업북로 400, 송정동",1명,2026-09-08 21:03:11
https://www.jobkorea.co.kr/Recruit/GI_Read/5580489/Ext?siteCode=WN&sc=,550102,"가사간병방문지원사업 요양보호사 신규채용 공고 1. 채용인원 : 1명 2. 채용분야 : 요양보호사 - 가사간병 방문 서비스 (장애 1~3급, 한부모가정, 중증질환자 대상) 3. 채용조건 : 1)요양보호사 자격증 소지자 (필수) 2)초보자 가능 3)이용자 6명이상 관리 4. 근무형태 : 월~토 (09:00~18:00 시간 내 탄력적근무: 대상자당 1일3시간*주2회 방문하여, 대상자 6명 기준 주 평균 36시간 근무) - 탄력근무가능 - 계약기간: 근무 시작일~2025.12.31(재계약 가능) - 4대보험 가입 및 퇴직연금 5. 임 금 : 14,250원 (시급/제수당 포함) 6. 구비서류 : 이력서, 요양보호사자격증 (채용후) 주민등록등본, (채용후) 건강검진, 마약류검사 결과표 7. 접수방법 : 방문접수 8. 문의전화 : 051)403-4595",재가 요양보호사,재가요양보호사,학력무관,관계없음,"시급 10,320원 이상",고용형태,부산광역시 영도구 함지로79번길 40,1명,2026-09-08 21:03:11
https://www.jobkorea.co.kr/Recruit/GI_Read/5581424/Ext?siteCode=WN&sc=,561100,"CNC선반기계 및 공장바닥 청소 구인합니다. 고용형태 : 최저임금으로 적용 근무시간 : 08:00~12:30 (4시간30분) 휴게시간 30분 CNC 선반 기계 및 공장 바닥 청소 업무를 수행합니다. 특히, 기계 부품과 바닥의 먼지와 오염물을 청소하고 정리하는 작업을 담당하며, 청소 도구와 장비를 적절히 사용하여 작업을 완료합니다. 또한, 작업 후 청소 도구와 장비를 정리하고 보관하는 등의 업무도 포함됩니다.",건물 청소원,-,학력무관,관계없음,"시급 10,320원 ~ 10,320원",고용형태,"부산광역시 사하구 다대로170번길 80, (주)신일에이스",1명,2026-09-08 21:03:11
https://www.jobkorea.co.kr/Recruit/GI_Read/5581246/Ext?siteCode=WN&sc=,852100,"고무벨트 가공, 접합",타이어 및 고무제품 생산기 조작원,고무가공기조작원,학력무관,관계없음,월급 300만원 이상,고용형태,부산광역시 강서구 범방2로 11 (범방동),3명,2026-09-08 21:03:12
https://www.jobkorea.co.kr/Recruit/GI_Read/5580623/Ext?siteCode=WN&sc=,027204,"1. 전표 입력, 장부 정리, 거래명세서 발행, 세금계산서 발행 2. 총무, 경리 보조 업무 3. 전반적인 사무 보조 업무",경리 사무원(제조),-,학력무관,관계없음,월급 215만원 이상,고용형태,"부산광역시 사상구 사상로433번길 9, 동양프론테크(주) 부산지점 (모라동)",2명,2026-09-08 21:03:12
https://www.jobkorea.co.kr/Recruit/GI_Read/5581247/Ext?siteCode=WN&sc=,890000,골판지상자 제조 수산물상자 제조 완제품 파레트 적재등의 단순노무 2명,기타 제조 관련 단순 종사원,-,학력무관,관계없음,월급 230만원 ~ 250만원,고용형태,"부산광역시 강서구 입소정관길 17, 금흥 (대저2동)",2명,2026-09-08 21:03:12
https://www.jobkorea.co.kr/Recruit/GI_Read/5579439/Ext?siteCode=WN&sc=,821200,"1. 알루미늄 원소재(코일)를 기계설비로 임가공하여 판재 형태로 가공 - 설비기계조작 및 제품포장 등 생산관련 업무 2. 고용형태 : 정규직(수습3개월) 3. 근무시간 : 오전 8시 ~ 오후 5시, 잔업 시 오후 8시까지 4. 급여 : 면접 후 결정",금속가공 기계 조작원,-,학력무관,관계없음,"시급 10,320원 ~ 10,320원",고용형태,"부산광역시 기장군 정관읍 산단5로 104-5, 삼원산업(주) 부산공장",1명,2026-09-08 21:03:12
https://www.jobkorea.co.kr/Recruit/GI_Read/5580627/Ext?siteCode=WN&sc=,816200,"실린더 조립원 모집 경력 우대 [기계수동조립 > 기계부품조립] 기계부품조립 준비하기,기계부품 조립하기,기계부품조립 기능 확인하기 [기계수동조립 > 조립도면해독] 부풉도 파악하기,조립도 파악하기 [기계수동조립 > 조립부품준비] 선반가공하기,밀링가공하기,연삭가공하기 [기계수동조립 > 유압 장치조립] 유압 회로도면 파악하기,유압 장치 조립하기,유압 장치기능 확인하기",기계 부품 조립원,공업기계부품조립원,학력무관,경력,"연봉 4,000만원 이상",고용형태,"부산광역시 사상구 사상로433번길 12, 모라동 712-15",1명,2026-09-08 21:03:12
https://www.jobkorea.co.kr/Recruit/GI_Read/5579808/Ext?siteCode=WN&sc=,232903,"<지원자격> ① 사회복지사업법 제 11조에 따른 사회복지사 ② 초중등교육법 제21조에 의한 특수학교 정교사 및 준교사 ③ 장애인복지법에 따른 언어재활사, 장애인재활상담사 ④ 국민체육진흥법에 따른 장애인스포츠지도자 ⑤ 장애아동복지지원법에 따른 발달재활서비스 제공인력 ⑥ 평생교육법에 따른 평생교육사 ⑦ 복지기관에서 근무한 경험이나 활동지원사로서 장애인에게 서비스 제공 경험이 1년 이상인 자 ⑧ 관련 분야 전공의 전문학사 이상의 학위 소지자 ※위의 ①~⓼중 하나에 해당하는 자격증(수료증) 소지자 ○ 1종보통 운전면허 소지자(실 운전 가능자) 우대 ○ 주간활동서비스 제공인력 교육 이수자 우대 <근무내용> -발달장애인 주간활동서비스 제공인력 -주간활동서비스 그룹별 운영 및 프로그램 제공 -일반 행정 및 관련 서류작성 등 <구비서류> ① 이력서(자유양식) ② 자기소개서(자유양식) ③ 개인정보 수집․이용․제공 동의서(첨부된 지정양식) <근무기간> 2026.10.01. ~ 2027.09.30. 10월 초 입사, 입사일부터 1년 단위 계약 <접수방법> ① 접수방법 : 이메일(hd2032255@naver.com), 방문 / 마감일 18시 도착분에 한함 ② 방문 접수처 : 부산광역시 사하구 사하로185번길 35, 2층 201호, 해든주간활동센터 ③ 문의 : 051-203-2255",장애인 생활지도원(장애인활동보조원 포함),장애인생활교사,학력무관,관계없음,월급 165만원 이상,고용형태,"부산광역시 사하구 사하로185번길 35, 201 (괴정동, 썬빌리지)",1명,2026-09-08 21:03:12
https://www.jobkorea.co.kr/Recruit/GI_Read/5580190/Ext?siteCode=WN&sc=,028302,"선사 D/O 및 관세업무, 배차보조 고용촉진장려금 대상자 우대 *지원방법: 이메일 입사지원(k0386@naver.com) **지원시 메일 제목: <문수물류 사무직 지원자 OOO입니다.>작성 요망! ※구직활동만을 위한 형식적인 지원자는 사양합니다. 실제 근무가능하신 분만 지원 바랍니다.",수상 운송 사무원(해상 운송),-,고졸~대졸(4년),관계없음,월급 230만원 이상,고용형태,"부산광역시 중구 충장대로9번길 14, 303호 (중앙동4가, 태림빌딩)",1명,2026-09-08 21:03:12
https://www.jobkorea.co.kr/Recruit/GI_Read/5579434/Ext?siteCode=WN&sc=,550102,"대상자: 3등급(73세) 남자 어르신 케어하실 분 직무내용: 신체활동지원 및 가사/일상생활지원 근무시간: 13:00 ~ 16:00 ( 월,수,금 주3일) 급여 : 포괄시급 13,000원 (주휴 등 제수당 포함)",재가 요양보호사,재가요양보호사,학력무관,관계없음,"시급 10,320원 이상",고용형태,"부산광역시 동구 홍곡남로 50, 아르미나아파트 (수정동, 아르미나아파트)",1명,2026-09-08 21:03:13
https://www.jobkorea.co.kr/Recruit/GI_Read/5581333/Ext?siteCode=WN&sc=,561101,"■ 업무 내용 공장 청소, 납품 박스 및 공정 이동 박스 청소 ■ 근로 시간 주 5일 근무 8시간 06:00~15:00 (실 근로 8시간) ■ 휴게 시간 1시간 12:00~13:00 ■ 월~금요일 근로 토, 일, 공휴일 휴무 ■ 급여 기본급 2,290,640원 명절 상여금(설, 추석, 여름 휴가) 35만원 별도 지급 입사 3개월 후부터 지급 ■ 이력서 필수 사항 사진이 부착된 이력서 ■ 지원 필수 사항 1. 자차 소지 및 출퇴근 가능 자 2. 건강하신 분 (업무 환경 상 기본적으로 체력이 필요합니다.) 3. 일정 기간의 청소 경력(최소 6개월) ■ 주의 사항 현장 방문 시 결격 사유에 해당됩니다. 방문 이력서는 받지 않습니다. 고용24 및 메일, FAX를 이용해 주시길 바랍니다.","건물 청소원(공공건물,아파트,사무실,병원,상가,공장 등)",공장청소원,학력무관,경력,월급 229만원 ~ 229만원,고용형태,"부산광역시 기장군 장안산단7로 82, 카이엠 주식회사",1명,2026-09-08 21:03:13
https://www.jobkorea.co.kr/Recruit/GI_Read/5579935/Ext?siteCode=WN&sc=,873102,가공보조사원수산물 가공 보조 업무제품 포장 및 정리작업장 정돈 및 위생관리 수습이후 월280만원,어패류(수산물) 가공기계 조작원,생선절단원,학력무관,관계없음,월급 280만원 이상,고용형태,"부산광역시 서구 원양로 1, 수산가공선진화단지A동302호 (암남동, 수산가공선진화단지)",2명,2026-09-08 21:03:13
https://www.jobkorea.co.kr/Recruit/GI_Read/5580619/Ext?siteCode=WN&sc=,852401,고무 제품 생산직사원모집(조립 및 검사),고무제품 조립원 및 검사원,고무제품조립원,학력무관,관계없음,"시급 10,320원 ~ 10,320원",고용형태,"부산광역시 기장군 정관읍 정관로 801, 미숙테크",3명,2026-09-08 21:03:14
https://www.jobkorea.co.kr/Recruit/GI_Read/5579932/Ext?siteCode=WN&sc=,307500,"황국형비뇨기과의원은 연산로타리에 위치하고 있는 피부비뇨기과의원입니다. 같이 일하실 간호조무사님을 모시고자 합니다. 업무는 검사와 수술실 등 진료 보조입니다. 경력 유무는 상관 없으며 이메일 혹은 전화 후 방문 바랍니다. 비뇨기과 검사와 진료실 수술실 업무 보조입니다. 4대보험, 퇴직연금, 중식. [근무시간] ※ 상세 근무시간 월.화.수.금 09:30~18:30 목 14:00~20:00 (오전휴무/ 오후근무) 토 09:30~12:30 점심시간 12:30 - 14:00 공휴일 휴무",간호조무사,-,학력무관,관계없음,월급 220만원 ~ 240만원,고용형태,"부산광역시 연제구 중앙대로 1107, 이메디칼빌딩 7층 (연산동)",1명,2026-09-08 21:03:14
https://www.jobkorea.co.kr/Recruit/GI_Read/5580211/Ext?siteCode=WN&sc=,231100,장기요양기관 행정업무 프로그램 관리 직원근태관리 입퇴사자 관리 평가인증 받아보신 경험 있으신 분 구합니다.,사회복지사,-,대졸(2~3년)~대졸(4년),경력,월급 240만원 이상,고용형태,"부산광역시 사상구 낙동대로 751 (엄궁동, 동일메가타워)",1명,2026-09-08 21:03:14
https://www.jobkorea.co.kr/Recruit/GI_Read/5579433/Ext?siteCode=WN&sc=,550102,"- 5등급 48년생(78세) 여자 어르신 - 치매이수하신 요양선생님 -영도구 상리로1 주공A - 09:00 ~ 12:00(주5일) - 치매,당뇨 받으신분 - 일상적인 업무서비스 희망 - 시급 10,320원 연월차 포함 13,000원",재가 요양보호사,-,학력무관,관계없음,"시급 10,320원 ~ 10,320원",고용형태,"부산광역시 영도구 상리로 1, 주공아파트 단지내 (동삼동, 주공아파트, 동삼그린힐아파트)",1명,2026-09-08 21:03:15
https://www.jobkorea.co.kr/Recruit/GI_Read/5598690/Ext?siteCode=WN&sc=,028500,"품질 관리 제품 검사 업무 보조 *초보자 가능 캐드 가능자 우대 공과 계열 우대 1종,2총 운전면허자 우대",생산 및 품질관리 사무원,생산계획사무원,학력무관,관계없음,"연봉 3,900만원 이상",고용형태,"부산광역시 사상구 대동로 185, (학장동)",1명,2026-09-08 21:03:15
https://www.jobkorea.co.kr/Recruit/GI_Read/5579412/Ext?siteCode=WN&sc=,550102,"[무이재한방병원 인근 거주] * 3등급 여자 대상자(독거) 80세 * 주6일 09:00~18:00 * 시급13,000원(최저시급 및 제수당 포함) * 가사지원 및 일상생활지원 등 * 채용담당자 051)757-2330",재가 요양보호사,-,학력무관,관계없음,"시급 10,320원 ~ 13,000원",고용형태,"부산광역시 기장군 기장읍 동부산관광1로 60, ..",1명,2026-09-08 21:03:15
https://www.jobkorea.co.kr/Recruit/GI_Read/5579586/Ext?siteCode=WN&sc=,813200,- CNC 선반 6호기 8호기 - MCT 5호기 - CNC 밀링 8호기 - 지역 : 명지 경일고등학교 인근 - 기본 근무시간 오전 08:00 ~ 오후 17:00 - 근무시간 조절 가능 - 현장에 냉온풍기 가동 - 현재 근무자 30~40대 근무 중 - 형 동생처럼 편안하게 근무 가능,금속 공작기계 조작원,-,학력무관,관계없음,"시급 10,500원 ~ 20,000원",고용형태,"부산광역시 강서구 영강길 116, 이진정밀 (명지동)",2명,2026-09-08 21:03:16
https://www.jobkorea.co.kr/Recruit/GI_Read/5580485/Ext?siteCode=WN&sc=,550102,"케어링에서 요양보호사 선생님께 일자리 정보를 안내드립니다. 근무 가능하신 선생님은 ▶ 문의 : ☎ 051- 808-6585 로 연락주세요. ▶ 근무지 : 부산 남구 용호로231번길 62 ▶ 근무일정 : [주 5 회 / 일 3시간] 13:00-16:00 ▶ 어르신 정보 : 93세 / 4등급 / 여 / 아드님과 거주(근무시간에 안계심) ▶ 시급 10,320원 [ 제수당포함 시간당 13,000원 ] ▶ 근무내용 : 몸씻기, 청소, 병원동행, 세탁, 조리, 주변정리",재가 요양보호사,-,학력무관,관계없음,"시급 10,320원 이상",고용형태,"부산광역시 남구 용호로231번길 62, 108-1102 (용호동, 롯데캐슬아인스)",1명,2026-09-08 21:03:16
https://www.jobkorea.co.kr/Recruit/GI_Read/5581244/Ext?siteCode=WN&sc=,151100,"[모집 요강] *필수 - 3D 캐드 가능자 *최소 3년 이상 경력 우대 / 유관 업무 경력 우대 [업무] * 유압, 수압, 가스를 이용한 시험 장비 설계 & 제작 업무 : 도면 제작 & 작업 지시서 작성 * 유압시스템 설계 / TEST JIG 및 기타 설계 * 한국유수압 홈페이지 및 블로그를 통해 각 시험장비들 검색 후 지원 부탁드립니다. http://www.enpos21.com",기계공학 기술자 및 연구원,-,학력무관,경력,"연봉 3,500만원 이상",고용형태,"부산광역시 강서구 미음산단로 331, 한국유수압 (미음동)",1명,2026-09-08 21:03:16
https://www.jobkorea.co.kr/Recruit/GI_Read/5580611/Ext?siteCode=WN&sc=,550102,"3등급 90대 여성어르신 가사, 신체 지원 등 전반적인 요양업무",재가 요양보호사,-,학력무관,관계없음,"시급 10,320원 이상",고용형태,"부산광역시 부산진구 월드컵대로 449, 단지내 (초읍동, 초읍 한신 아파트)",1명,2026-09-08 21:03:16
https://www.jobkorea.co.kr/Recruit/GI_Read/5581237/Ext?siteCode=WN&sc=,550102,"42년생 4등급 여자어르신 독거 일상생활 도움과 청소, 세탁, 병원이용 도움 등의 수발 도움 필요함. 12시00분~ 15시:00 (3시간) 월~금(주 5회) . 시급: 13000원 전화: 051-756-5553",재가 요양보호사,재가요양보호사,학력무관,신입,"시급 10,320원 이상",고용형태,"부산광역시 해운대구 좌동순환로468번나길 15-15, 0 (중동)",1명,2026-09-08 21:03:16
https://www.jobkorea.co.kr/Recruit/GI_Read/5580632/Ext?siteCode=WN&sc=,890002,"[모집직무] 주조 보조원(견습공), 주조원(목형원, 원형원, 주형원), 기타 기능 관련 종사원(유리기능, 복사, 수제 제본 등) [직무소개] 1984년 설립된 백산프로펠라에서는 국산 알루미늄 프로펠러 개발 및 수출을 통해 꾸준한 성장을 이뤄 냈습니다. 알루미늄 프로펠라 제작 과정에서 주조, 목형, 원형, 주형 등 다양한 작업을 수행하는 전문 인력을 찾고 있습니다. [주요업무] - 주조 공정에 참여하여 알루미늄 프로펠라 부품 제작 - 주형 제작 및 관리 - 알루미늄 주조 및 용해",단순 사상원(용접사상 제외-용접원구분),-,학력무관,관계없음,"시급 10,320원 ~ 15,000원",고용형태,"부산광역시 사상구 감전천로 227, (주)백산프로펠라 (감전동)",2명,2026-09-08 21:03:17
https://www.jobkorea.co.kr/Recruit/GI_Read/5579822/Ext?siteCode=WN&sc=,158102,"금번 소방 공사 공무과장 1명, 공무보조 1명 구인합니다. 주요업무는 소방공사 견적서 작성 및 관련 업무 입니다. 공무부장님이 계시므로 공무부장님과 함께 업무를 보시면 됩니다. 소방경력은 필수입니다. 급여는 경력에 따라서 협의하겠습니다. 많은 지원 부탁드립니다.",소방시설·설비 시공 기술자,-,학력무관,경력,월급 230만원 ~ 350만원,고용형태,"부산광역시 수영구 연수로348번길 5, 2층 (주)동남기술단 (광안동)",1명,2026-09-08 21:03:17
https://www.jobkorea.co.kr/Recruit/GI_Read/5580486/Ext?siteCode=WN&sc=,550102,"(금련산역) 재가요양보호사 채용 - 3등급 /여성/73세/보호자함께 거주 - 주5일 / 16:30~19:30(3시간) - 금련산역 6번출구 근처 (도보3분거리) -시급 : 13,300원(제수당포함) - 주간보호센터 하원시 마중 및 이동도움 -정서지원 -화장실이동시 부축도움 -실내 운동등 신체활동지원 -1년내 건강검진결과서나 채용건강검진결과서 필수",재가 요양보호사,-,학력무관,관계없음,"시급 10,320원 ~ 10,320원",고용형태,"부산광역시 수영구 수영로481번길 14 (남천동, 진흥아파트)",1명,2026-09-08 21:03:18
https://www.jobkorea.co.kr/Recruit/GI_Read/5579820/Ext?siteCode=WN&sc=,026501,"-택시운수업체 운전자 사고처리(택시공제조합접수) , 배차업무 총무업무 등 기타 -근무시간 : 08:30 - 17:00 / 주 5일/공휴일 휴무 -급여 : 240만/연차지급 -경력자 우대 (택시업종 또는 손보사 경력자 우대) -남성가능",총무 및 일반 사무원,총무사무원,학력무관,신입,월급 240만원 ~ 240만원,고용형태,"부산광역시 금정구 공단로 39, 일광택시 2층 사무실 (금사동)",1명,2026-09-08 21:03:18
https://www.jobkorea.co.kr/Recruit/GI_Read/5579951/Ext?siteCode=WN&sc=,415504,"[모집직무] UX/UI 디자이너, 웹 디자이너, 광고디자이너 [직무소개] 저희 회사는 광고 홍보 대행 서비스와 현수막 제작을 전문으로 하는 기업입니다. 웹 디자인, 퍼블리싱, UI/UX 분야에 대한 전문성을 바탕으로 고객에게 최상의 디지털 경험을 제공합니다. [주요업무] - 웹사이트 디자인 및 개발 - UI/UX 디자인 및 프로토타입 제작 - 디지털 마케팅 컨텐츠 제작 - 웹사이트 성능 분석 및 최적화 - 다양한 디지털 플랫폼에 대한 디자인 적용",UX/UI 디자이너,GUI디자이너,학력무관,신입,월급 270만원 이상,고용형태,"부산광역시 금정구 중앙대로 2061, 1층 (남산동, 대박마을)",2명,2026-09-08 21:03:18
https://www.jobkorea.co.kr/Recruit/GI_Read/5580154/Ext?siteCode=WN&sc=,821200,"- 모집직종 및 인원 : 치공구 관리직원 (1명) - 근무장소 : 부산광역시 강서구 녹산산단46로 91 - 경력 : 무관 - 급여 : 3,488,338 이상 (52시간 근무기준)",금속가공 기계 조작원,-,학력무관,관계없음,월급 259만원 이상,고용형태,부산광역시 강서구 녹산산단46로 91,1명,2026-09-08 21:03:18
https://www.jobkorea.co.kr/Recruit/GI_Read/5580158/Ext?siteCode=WN&sc=,817300,* 수출 서류 작성 및 검토 * 선적 공정 관리 및 선적 준비 작업 * 물류프로세스 최적화 * 1종 보통 운전 면허 및 지게차 기본적 운전가능자,운송장비 조립원(항공기·선박·철도기관차·전동차 등 검사원 포함),-,학력무관,관계없음,월급 259만원 이상,고용형태,부산광역시 강서구 녹산산단46로 91,1명,2026-09-08 21:03:18
https://www.jobkorea.co.kr/Recruit/GI_Read/5579954/Ext?siteCode=WN&sc=,890000,와이어로프 임가공 생산직 및 현장업무 생산직을 구하는거라 사무직 업무경력은 필요하지않습니다. ※상여금은 입사 1년 후 적용,기타 제조 관련 단순 종사원,단순조립원,중졸~대졸(2~3년),관계없음,월급 240만원 ~ 250만원,고용형태,"부산광역시 영도구 해양로 33-15, 삼호상사 (청학동)",2명,2026-09-08 21:03:18
https://www.jobkorea.co.kr/Recruit/GI_Read/5580091/Ext?siteCode=WN&sc=,561100,"주 5일, 일 4시간 근무 경력자 우대 즉시출근 가능자",건물 청소원,-,학력무관,관계없음,월급 108만원 이상,고용형태,"부산광역시 강서구 명지국제2로28번길 23, 네오웨스턴스퀘어 빌딩 (명지동)",1명,2026-09-08 21:03:18
https://www.jobkorea.co.kr/Recruit/GI_Read/5577051/Ext?siteCode=WN&sc=,306502,"작업치료사/ 감각통합 선생님을 모십니다. 본 센터는 성실하고 열정적인 선생님을 모십니다 1. 채용인원 : 1명 2. 자격 1) 관련학과 전공 졸업 및 자격증 소지자 2) 발달재활서비스 제공인력 가능한 자 3. 제출서류 1) 이력서 및 자기소개서 1부 2) 졸업증명서 사본 1부. 3) 경력증명서 사본 1부. 4) 자격증 사본 1부. 5) 발달 전환교육 인증서 1부 4. 제출기한 - 채용시 까지 5. 제출방법 - e-mail(san1780@hanmail.net) 접수 6. 면접일시 - 1차 서류심사 - 2차 면접 후 개별통보 7. 근무조건 - 기본급 + 인센티브 8. 모집처 정보 1) 모집처 : 금곡언어심리센터 2) 주 소: 부산시 북구 화명대로35, 501호. 901호 3) 홈페이지 : 금곡언어심리센터 * 바우처 기관으로 범죄경력이 있거나 허위사실 기재 시에는 채용을 취소할 수 있음. * 채용 후 수습기간(3개월) 중 업무능력의 부족 또는 직무수행태도의 불량 등으로 계속 근로가 어렵다고 인정되는 경우에는 계약을 해지할 수 있음",작업치료사,작업치료사,대졸(4년)~박사,경력,월급 230만원 이상,고용형태,"부산광역시 북구 화명대로 35, 금곡언어심리센터 (화명동, 신호타워)",1명,2026-09-08 21:03:19
https://www.jobkorea.co.kr/Recruit/GI_Read/5577904/Ext?siteCode=WN&sc=,027100,"[모집직무] 회계 사무원, 총무 및 일반 사무원, 경리 사무원 [회계사무소 경력3년이상자 모집합니다.] [직무소개] 우리 회사는 꾸준한 성장을 이루고 있는 기업입니다. [주요업무] - 회계 업무 처리 및 정리 - 일반적인 총무 업무 지원 - 경영지원부 업무 지원 - 전자 문서 관리 및 처리 - 기타 행정 업무 지원 - 자체기장 가능자",회계 사무원,-,학력무관,경력,"연봉 3,000만원 ~ 3,500만원",고용형태,부산광역시 사상구 낙동대로 832 (감전동),1명,2026-09-08 21:03:19
https://www.jobkorea.co.kr/Recruit/GI_Read/5577764/Ext?siteCode=WN&sc=,026202,"당사는 철강제품을 수출하는 무역회사입니다. 1. 채용분야 : 영업관리 2. 영어가능자(영어 필수), 무역전공자 우대",영업 기획·관리·지원 사무원,-,대졸(4년),신입,"연봉 3,000만원 이상",고용형태,"부산광역시 해운대구 센텀중앙로 97, 제에이동 제25층 2509호 (재송동)",1명,2026-09-08 21:03:19
https://www.jobkorea.co.kr/Recruit/GI_Read/5577886/Ext?siteCode=WN&sc=,613202,"1.철강 제품(형강류 및 철판, 각종 철강류 등) 영업 2.경력직(차,부장급) / 연봉은 경력에 따라 차등지급 3.거래처 관리 및 신규업체 개발 4.장기근속자 및 우수근로자 포상 5.가족같은 분위기 / 회식 및 연장근무 강요 없음 6.채용후 즉시 근무가능자 7.근면 성실하며 책임감이 강한자",건설자재 영업원,건축자재영업원,학력무관,경력,"연봉 6,000만원 이상",고용형태,부산광역시 강서구 미음산단2로16번길 30 (구랑동),1명,2026-09-08 21:03:20
https://www.jobkorea.co.kr/Recruit/GI_Read/5577907/Ext?siteCode=WN&sc=,550101,"어르신들과 함께 따뜻한 동행을 만들어갈 유능하고 따뜻한 요양보호사 선생님을 모십니다. 1. 채용 개요 및 부문 담당 업무: 재활주간보호센터 어르신 프로그램 케어 업무 2. 지원 자격 및 필수 조건 자격 요건: 요양보호사 자격증 소지자 (필수) 우대 사항: 주간보호센터 또는 노인복지시설 경력자 필수 조건: 운전 가능자 (실제 운전 필수) 3. 근무 조건 근무 형태: 월급제 / 월~토요일 중 주 5일 근무 (일요일 고정 휴무, 근무 일정표에 따름) 급여 및 복리후생: 센터 내규에 따름 + 중식비 5만 원 별도 지원 4. 지원 방법 및 유의사항 고용24 온라인 입사 지원 혹은 이메일/전화 문의 후 이력서 제출 유의 사항: 고용24를 통해 지원하시는 경우, 구직신청이 안 되어 있으신 분은 구직신청을 먼저 완료하신 후 입사지원 버튼을 눌러주시기 바랍니다. *** 실업급여로 인해 지원은 자제해 주시기 바랍니다!!! ***",요양보호사(노인요양사),요양보호사,학력무관,관계없음,월급 215만원 ~ 215만원,고용형태,"부산광역시 부산진구 거제대로 86, 6 (양정동, 셀렉스빌딩)",1명,2026-09-08 21:03:20
https://www.jobkorea.co.kr/Recruit/GI_Read/5577089/Ext?siteCode=WN&sc=,232100,[모집직무] 영아반 담임교사 [직무소개] 저희 어린이집은 아이들의 성장과 발달을 위한 사랑과 배려가 가득한 환경을 조성하고 있습니다. 반 증설에 따라 따뜻한 마음을 가진 영아 담임 교사를 찾고 있습니다. [주요업무] - 영아들의 생활 습관 및 안전관리 - 영아들의 놀이 및 발달 프로그램 운영 - 영아들의 건강 상태를 관찰하고 기록 - 부모님과의 소통 및 협력,보육교사,-,대졸(2~3년),경력,월급 215만원 ~ 215만원,고용형태,"부산광역시 부산진구 전포대로 294, 102동 1층 (서면한신아파트) 보육시설 (전포동, 서면한신아파트)",2명,2026-09-08 21:03:20
https://www.jobkorea.co.kr/Recruit/GI_Read/5577433/Ext?siteCode=WN&sc=,561100,"[양정동] 현대1차아파트 미화원 모집 ▷ 사업체 : (주) 한특 ▷ 근무장소 : 양정현대 1차아파트 ▷ 근무내용 : 아파트 시설물 청소 및 위생관리(신주있음) ▷ 근무시간 : 월 ~ 금 09:00 ~ 15:45 / 토(격주) 09:00 ~ 12:00 ▷ 휴게시간 : 12:00 ~ 13:00 ▷ 급 여 : 월 1,630,560원 ▷ 경력 무관, 신입지원가능 * 아파트 관리사무실로 바로 찾아가시면 절대 안됩니다. 반드시 전화로 먼저 문의(☎051-605-6401) 부탁드립니다. * 다만, 실제 서비스 제공기간에 따라 임금을 계산하여 지급하는 형태로 채용 시 근로자마다 주 소정근로시간이나 임금, 근무(예정)지 등에 차이가 있을 수 있습니다.",건물 청소원,-,학력무관,관계없음,월급 163만원 ~ 163만원,고용형태,"부산광역시 부산진구 동평로 352, 양정현대1차아파트 (양정동, 현대아파트)",2명,2026-09-08 21:03:20
https://www.jobkorea.co.kr/Recruit/GI_Read/5578751/Ext?siteCode=WN&sc=,153300,당사는 삼성중공업거제조선소 고정협력사 해양.조선(선박)설계중 전장생산설계 업무 설계출신 지원요함.(AM CAD 사용자 우대) -신입은 수습기간 있음 ※구직활동만을 위한 형식적인 지원자는 사양합니다. 실제 근무 가능하신 분만 지원 바랍니다,전자공학 기술자 및 연구원,전자장비기술자,학력무관,관계없음,"연봉 3,000만원 이상",고용형태,부산광역시 동구 중앙대로180번길 12-3 (초량동),2명,2026-09-08 21:03:20
https://www.jobkorea.co.kr/Recruit/GI_Read/5578782/Ext?siteCode=WN&sc=,824102,박판 용접 위주로 작업 합니다.,"전기용접원(아크,알곤,티그용접원)",전기용접원,학력무관,경력,"연봉 3,000만원 이상",고용형태,"부산광역시 강서구 식만로 33-30, (죽림동)",1명,2026-09-08 21:03:21
https://www.jobkorea.co.kr/Recruit/GI_Read/5578214/Ext?siteCode=WN&sc=,873101,당사는 성장중인 식품 스타트업 회사입니다. 신체 건강하고 성실하게 일하실 인재를 찾습니다. 가공육유 생산 배합 포장 뒷정리 업무이며 초보자도 가능합니다. 사세확장으로 생산직원을 추가 채용하오니 많은 지원 바랍니다.,육류 가공기계 조작원,훈제기조작원,학력무관,관계없음,월급 230만원 ~ 230만원,고용형태,"부산광역시 강서구 평강로345번길 110, 2동 (대저1동)",1명,2026-09-08 21:03:21
https://www.jobkorea.co.kr/Recruit/GI_Read/5577334/Ext?siteCode=WN&sc=,531803,"2일근무후 1일 휴무(월10일~11일 휴무) 병원 환자 배식및 전처리 설거지,청소(조리원) 환자와 직원 조리및정리(조리사)",병원 급식 조리사,-,학력무관,관계없음,월급 230만원 이상,고용형태,"부산광역시 금정구 중앙대로 2093, 3층,7층,8층 (남산동, 수메디칼센터)",2명,2026-09-08 21:03:21
https://www.jobkorea.co.kr/Recruit/GI_Read/5576870/Ext?siteCode=WN&sc=,624501,"가공 관리 - 참치 가공 현장 입회 및 지원 업무 입,출고 관리 - 수입 및 수출 시 현장 입회 확인 및 출고 지원 업무 선별 업무 - 냉동 참치 선별 업무 ** 운전필수 ** 연장, 출장시 수당별도",하역·적재 종사원,트랜스포터신호원,학력무관,신입,"연봉 3,300만원 ~ 3,500만원",고용형태,"부산광역시 서구 새벽시장길 35, 1층, 3층 (충무동1가)",2명,2026-09-08 21:03:21
https://www.jobkorea.co.kr/Recruit/GI_Read/5576955/Ext?siteCode=WN&sc=,612201,1. 채용즉시 출근가능자 2. 근면.성실하며 책임감이 강한자 3. 해외 영업 관련 업무 (영어 필수 / 일어 가능자 우대 ) 4. 단조 영업 국내외 유경험자 경력 우대 5. 연봉은 경력에 따라 차등지급 6. 장기근속자 및 우수사원 포상 7. 가족같은 분위기 / 회식 및 연장근무 강요 없음,해외 영업원(영어),영어무역영업원,학력무관,관계없음,"연봉 5,000만원 ~ 9,000만원",고용형태,부산광역시 강서구 미음산단2로16번길 30 (구랑동),1명,2026-09-08 21:03:21
https://www.jobkorea.co.kr/Recruit/GI_Read/5577941/Ext?siteCode=WN&sc=,158302,"1. 근무형태 - 정규직_(신입/경력자)_3000만원~4000만원 -> 급여_협의후 결정 2. 직무 - 비파괴검사_(MT,PT,UT)_신입도 금방 배우실 수 있습니다 3. 근무지_(부산_태웅현장) - 현장주소_부산광역시 강서구 녹산산단27로 67 (송정동) 태웅 내 이엔디이(주) 현장 ※ 앞으로 전망있는 직업입니다 관심있으신분 많은 지원 바랍니다",비파괴 검사원,MT비파괴검사원,학력무관,관계없음,"연봉 3,000만원 ~ 4,000만원",고용형태,"부산광역시 강서구 녹산산단27로 67, 태웅 내 이엔디이(주) 현장 (송정동)",2명,2026-09-08 21:03:22
https://www.jobkorea.co.kr/Recruit/GI_Read/5578930/Ext?siteCode=WN&sc=,231101,"1.모집분야 공동생활가정(그룹홈) 생활복지사 및 임상심리사(상담사) 2.지원자격 ■ 필수사항 사회복지사 2급 이상 자격증 소지자 사회복지사 법정 보수교육 이수자 컴퓨터 활용 가능자(한글, 엑셀, 문서작성) 1종 보통 운전면허 소지 및 시설 차량 운전 가능자 「사회복지사업법」 및 「아동복지법」상 종사자 결격사유가 없는 자 성범죄, 아동학대, 장애인학대 등 취업제한 대상이 아닌 자 ■ 우대사항 사회복지시설 근무경력 5년 이상(공동생활가정, 아동복지시설 등) 임상심리사, 청소년상담사 등 상담 관련 자격증 소지자 사례관리, 프로그램 운영 및 사회복지 행정업무 경험자 ■ 채용 검증 경력증명서 및 자격증 원본 확인 평판조회(Reference Check) 실시 범죄경력·아동학대·장애인학대 관련 범죄전력 조회 허위경력·허위자격증·허위기재 확인 시 채용 취소 3. 담당업무 아동 보호 및 생활지도 급·간식 조리 및 식생활 지도 아동 학습·정서·자립 지원 사례관리 및 상담 개별서비스지원계획(ISP) 작성 프로그램 기획·운영 및 평가 행정업무 및 평가 관련 문서 작성 학교·병원 등 외부기관 연계 기타 공동생활가정 운영 업무 4. 근무시간 09:00 ~ 18:00 14:00 ~ 22:00 ※ 시설 운영에 따라 교대근무 및 근무시간 조정 가능 5.우대사항 공동생활가정 및 아동복지시설 근무경력자 사례관리 및 상담 경험자 사회복지시설 평가 경험자 문서작성 및 행정업무 능숙자 6. 인재상 아동의 권리와 최선의 이익을 존중하는 사람 책임감과 윤리의식을 갖춘 전문 사회복지사 아동과 원활한 의사소통 및 공감 능력을 갖춘 사람 팀워크와 협업 능력이 우수한 사람 지속적인 자기계발과 전문성 향상을 위해 노력하는 사람 7. 기타사항 채용 전 범죄경력조회, 성범죄 및 아동학대·장애인학대 관련 범죄전력조회, 채용 건강검진을 실시합니다. 결격사유 발생 또는 제출서류 허위 기재 시 채용이 취소될 수 있습니다. 급여 및 근로조건은 보건복지부 사회복지시설 종사자 인건비 가이드라인 및 시설 운영규정에 따릅니다. ※ 제출서류의 허위기재, 허위경력, 자격증 위·변조 확인 시 합격 또는 임용을 취소합니다. 최종합격자는 평판조회(Reference Check), 범죄경력·성범죄·아동학대·장애인학대 관련 범죄전력 조회 및 채용 건강검진 결과 이상이 없는 경우에 한하여 최종 임용됩니다.",사회복지사(사회복지시설),"사회복지사(사회복지시설, 노인복지시설, 장애인복지시설 등)",학력무관,경력,월급 220만원 이상,고용형태,"부산광역시 강서구 신호산단3로 55 (신호동, 부산신호윌더하임아파트)",2명,2026-09-08 21:03:22
https://www.jobkorea.co.kr/Recruit/GI_Read/5578893/Ext?siteCode=WN&sc=,532300,"조리원 : 주방 보조 업무(배식, 상차림, 설거지 등) 급여: 2,160,000원 + 조리수당 월 휴무 1일 추가 지급(월 휴무일 수 10개 이상)",주방 보조원,-,학력무관,관계없음,월급 216만원 이상,고용형태,"부산광역시 영도구 대교동1가 절영로 32, 정요양병원 (대교동1가)",1명,2026-09-08 21:03:22
https://www.jobkorea.co.kr/Recruit/GI_Read/5578527/Ext?siteCode=WN&sc=,015100,"탑 슈거(TOP SUGAR)는 젤리,과자류 등 무역회사입니다. 영업 관리 및 창고관리 담당자를 모집합니다. 주5일, 9시~6시 근무, 연봉 3,200만원(식비포함)입니다. 4대보험 및 퇴직금 별도 입니다. 해당업무 : 영업관리 및 창고관리, 쇼핑몰 입출고 관리, 납품 및 컨테이너 입출고 우대사항 : 지게차 가능자, 유관업무 경력자(1년이상) 적극적이고 능동적이신 분 지원 부탁드립니다. 수습기간 2개월",영업 및 판매 관련 관리자,-,학력무관,경력,"연봉 3,200만원 이상",고용형태,"부산광역시 사상구 학장로 231, (주)탑글로벌 (학장동)",1명,2026-09-08 21:03:22
https://www.jobkorea.co.kr/Recruit/GI_Read/5580631/Ext?siteCode=WN&sc=,890000,생산업무 현장 보조 및 간단한 기계 조작,기타 제조 관련 단순 종사원,-,학력무관,관계없음,"시급 10,320원 이상",고용형태,부산광역시 강서구 녹산산업중로 365 (송정동),2명,2026-09-08 21:03:23
https://www.jobkorea.co.kr/Recruit/GI_Read/5595502/Ext?siteCode=WN&sc=,561102,"**에어텔 모텔 객실청소원 구인 - 손님이 사용한 퇴실 객실 청소, 각 층 복도관리, 각층 린넨실 관리 등 - 규모가 크지 않아 업무가 어렵지 않습니다. - 근무시간 : 주3~4일 10:00~14:00 - 급여 : 일급 45,000원 ** 사상새일채용대행 건입니다. 문의사항 및 지원 희망 시 센터 번호로 전화주세요 051-326-7640","호텔·콘도·숙박시설 청소원(룸메이드,하우스키퍼)",-,학력무관,관계없음,"시급 11,250원 ~ 11,250원",고용형태,부산광역시 사상구 낙동대로1048번길 36 (감전동),1명,2026-09-08 21:03:23
https://www.jobkorea.co.kr/Recruit/GI_Read/5577049/Ext?siteCode=WN&sc=,028502,- 자동차 부품회사 품질관리 전반업무 담당 - 임금 협의 ※ 상세 근무시간 (오전) 8시 30분~(오후)5시 00분 점심시간 : 12시 30분 ~ 1시 10분 휴게시간 : 오전 10시 30분 - 오전 10시 40분 오후 3시 00분 - 오후 3시 10분,생산관리 사무원(기계·자동차·금속),-,학력무관,경력,월급 250만원 이상,고용형태,"부산광역시 강서구 체육공원로6번길 181-22, 현대정공 (대저1동)",1명,2026-09-08 21:03:23
https://www.jobkorea.co.kr/Recruit/GI_Read/5577667/Ext?siteCode=WN&sc=,813201,cnc 선반 버튼맨,CNC 선반 조작원(NC 선반 조작원),CNC선반기능원,학력무관,관계없음,"시급 11,000원 이상",고용형태,부산광역시 강서구 녹산산업중로 51-12 (송정동),1명,2026-09-08 21:03:23
https://www.jobkorea.co.kr/Recruit/GI_Read/5578572/Ext?siteCode=WN&sc=,232903,"* 모라주공 4단지 거주 - 50대 (여성) 와상 / 호흡기 질환 - 신체 활동, 가사 활동 - 근무시간: 24시간 (격일) / 월 380시간 - 경력 3년 (3년 이하 경력자도 전화 문의 바람) - 장애인활동보조교육 이수 필수 - 시급 13,400원(제수당포함)",장애인 생활지도원(장애인활동보조원 포함),-,학력무관,경력,"시급 10,320원 ~ 13,400원",고용형태,"부산광역시 사상구 모라로110번길 121, 인근 거주 (모라동, 주공아파트1단지)",1명,2026-09-08 21:03:24
https://www.jobkorea.co.kr/Recruit/GI_Read/5577571/Ext?siteCode=WN&sc=,550100,"1. 직무내용 -차량 방문목욕 서비스 지원 -2인 1조로 수급자 목욕 보조 -이동 및 안전관리 2. 자격요건 요양보호사 자격증 소지자 경력 무관 3. 근무조건 -근무형태: 협의 -근무일: 월~토 중 3~4일 근무 -급여: 건당 18,000원 -월 60시간 이상 근무 시 4대보험 및 퇴직금 적용 4. 기타 -2인 1조 근무 -장기 근무자 우대",요양보호사,-,학력무관,관계없음,"시급 18,000원 이상",고용형태,부산광역시 동래구 명안로45번길 3 (안락동),1명,2026-09-08 21:03:24
https://www.jobkorea.co.kr/Recruit/GI_Read/5577768/Ext?siteCode=WN&sc=,824100,SUS/STEEL 용접사 구함(샵장근무),용접원,-,학력무관,경력,"시급 20,000원 ~ 22,000원",고용형태,부산광역시 강서구 녹산산단27로 124 (송정동),2명,2026-09-08 21:03:24
https://www.jobkorea.co.kr/Recruit/GI_Read/5576404/Ext?siteCode=WN&sc=,029904,"- 습식공사 공무업무(조적,미장,타일,방수) - 근무지 : 본사사무실(온천동 소재) - 경력 : 1년이상 - 근무조건 임금 3,000,000 ~ 3,500,000 경력에따라 협의가능 (3개월수습기간있음) 식사제공 1식 근무형태 주5일 (격주 토요일오전근무,공휴일 격일근무) 근무시간 08:30 - 17:00 4대보험 가입 퇴직금 있음 연차 있음 - 업무내용 물량산출(엑셀, 오토캐드사용) 노무비정리 정산서류 기성청구 위험성평가 등 기타 서류업무 - 우대사항 자동차 운전면허2종보통이상, 건설기술인협회수첩",사무 보조원(일반사업체),문서수발원(일반사업체),학력무관,경력,월급 300만원 ~ 350만원,고용형태,"부산광역시 동래구 쇠미로129번길 102-12, 1층 (온천동)",1명,2026-09-08 21:03:25
https://www.jobkorea.co.kr/Recruit/GI_Read/5577735/Ext?siteCode=WN&sc=,531803,"[부전동]더존한방병원 조리사 구인 -병원확장에 따른 인원 충원 -병원 급식조리 및 전처리 등 조리실 업무 전반 -조리사자격증 필수, 경력자 우대 -06:00~18:00 (휴게시간 8:30~10:00, 14:00~15:30) -2일 근무 1일 휴무 스케줄근무(월10회 휴무, 연차별도) *조리사 면허증 소지자.",병원 급식 조리사,-,학력무관,신입,"연봉 3,300만원 ~ 3,300만원",고용형태,"부산광역시 부산진구 중앙대로 708, 지하1,2,3층 지상2층 각 일부, 9-10층 전부 (부전동)",2명,2026-09-08 21:03:25
https://www.jobkorea.co.kr/Recruit/GI_Read/5577606/Ext?siteCode=WN&sc=,862301,"산업용 안전벨트 미싱사/재봉사 모집합니다. (문의: 부산광역새일센터 석혜렴 051-665-4340) 1. 산업용 안전벨트 미싱/재봉 업무: 의류작업 하신 분은 가능 2. 근무: 주5일(월~금) 3. 근무시간 08:30~17:30 3. 중식제공, 연차사용, 근로자의 날 휴무 4. 복지: 명절 선물 및 명절 상여금, 휴가비 지원, 퇴직연금 5. 수습기간 3개월 있음 (급여 변동 없음) 6. 미싱 경력자 우대",재봉사(의류·직물),-,학력무관,경력,"시급 10,320원 이상",고용형태,부산광역시 사상구 새벽로167번길 126 (감전동),1명,2026-09-08 21:03:26
https://www.jobkorea.co.kr/Recruit/GI_Read/5578508/Ext?siteCode=WN&sc=,153106,경력5년이상 초급이상의 국가자격증 및 경력수첩 소지자 전기 초급이상 감리원 구인(본사 근무),전기감리 기술자,초급전기감리기술자,학력무관,경력,"연봉 3,500만원 ~ 4,000만원",고용형태,"부산광역시 부산진구 거제천로 56, 5층 진일빌딩 (양정동)",1명,2026-09-08 21:03:26
https://www.jobkorea.co.kr/Recruit/GI_Read/5578784/Ext?siteCode=WN&sc=,305000,"1. 업무내용 - 관할 구역 내 거래처관리 및 홍보 - 어린이집 식단발주(식단작성업무X), 어린이집 대체조리파견업무 - 마감업무 및 클레임처리 등등 2. 근무조건 ㆍ 근무형태 : 정규직(수습기간)- 3개월 ㆍ 근무일시 : 주 5일(월~금) 오전 9시~오후 6시 -주말, 공휴일 휴무, 연차지급 - 3개월 수습기간 -영업차량지원 -업무용핸드폰 지원 -경력직 연봉협상 가능 3. 필수조건 -운전면허증(★운전가능자) -조리관련 자격증(조리업무 가능자) 4. 우대조건 - 관련 경력자 우대 5. 급여조건/ 근무조건 ㆍ수습기간 3개월 2,200,000원 ㆍ수습 후 정규직 전환 시 연봉 33,000,000원(식대포함/ 퇴직금미포함) 경력직 연봉협상 ㆍ연차지급, 상여금지급 6. 근무지역 : (47362) 부산 부산진구 중앙번영로 32, 1층 부산중앙키즈 사무실(범천동) - 부산 2호선 국제금융센터∙부산은행 에서 500m 이내",영양사,-,학력무관,경력,"연봉 3,300만원 이상",고용형태,"부산광역시 부산진구 중앙번영로 32, 1층 부산중앙키즈 아워홈 (범천동)",1명,2026-09-08 21:03:26
https://www.jobkorea.co.kr/Recruit/GI_Read/5578512/Ext?siteCode=WN&sc=,140203,견적 경력자 모집합니다 -담당업무 : 본사 견적업무 - 경력에 따른 연봉등 근무조건 협의가능 - 남여 구분없음,건축시공 기술자(건축견적 포함),건축시공기술자,학력무관,경력,"연봉 5,500만원 이상",고용형태,부산광역시 기장군 정관읍 정관로 716,1명,2026-09-08 21:03:26
https://www.jobkorea.co.kr/Recruit/GI_Read/5577759/Ext?siteCode=WN&sc=,821200,당사 주요 생산품의 부품가공 업무 홈페이지(www.joil.co.kr)의 당사 제품 참조 로타리밸브 바디 외 부품 범용선반 가공 업무,금속가공 기계 조작원,-,학력무관,관계없음,"시급 11,000원 ~ 13,000원",고용형태,"부산광역시 강서구 화전산단2로133번길 26, 조일기업 (화전동)",1명,2026-09-08 21:03:26
https://www.jobkorea.co.kr/Recruit/GI_Read/5577762/Ext?siteCode=WN&sc=,813101,"[경력직]금형제작 및 수리업무 - 자동차 부품 프레스 금형 - 금형제작 및 수리 경력 5년 이상 - NC가공, 용접, 선반, 사상, 드릴, 밀링 가능하신분 우대 - 주5일, 8:00~17:00 (휴게포함) - 경력에 따라 급여는 협의가능합니다 - 장안읍 반룡리 장안산단",프레스 금형 제조원,프레스금형제조원,학력무관,경력,"시급 10,320원 이상",고용형태,"부산광역시 기장군 장안읍 장안산단9로 172, 주식회사 태흥테크",1명,2026-09-08 21:03:27
https://www.jobkorea.co.kr/Recruit/GI_Read/5578094/Ext?siteCode=WN&sc=,304000,"주간보호센터 간호사 업무를 담당할 직원을 모집합니다 . ◆ 업무: 주간보호센터 간호사 업무(어르신 바이탈 체크, 투약관리, 병원 스케줄 관리 및 동행 등 ) ◆ 필수: 간호사 자격증 필수(간호조무사 아님) , 운전면허 2종 보통 필수 (승용차 운전 가능자) ◆ 우대: 주간보호센터 경력자 우대 ◆ 근무시간: 08:30~17:30 (송영스케줄에 따라 근무시간 변동 있음) 많은 지원바랍니다.",간호사,-,학력무관,관계없음,월급 250만원 이상,고용형태,부산광역시 사하구 낙동대로 472 (하단동),1명,2026-09-08 21:03:27
https://www.jobkorea.co.kr/Recruit/GI_Read/5577848/Ext?siteCode=WN&sc=,133200,"근무 조건 & 복지 조건 근무형태 : 정규직(인턴:3개월) 근무지 : 부산시 남구 수영로 266번길 73 위트빌딩 2/3층 기업부설 연구소 근무요일 : 주 5일 (주 35시간 근무) 근무시간 : 일 7시간 근무 모집분야 : 사내 솔루션 개발(C#, 웹 개발) 조선해양관련 Third Party 소프트웨어 개발(C#, PML) Aveva Marine CAD 설계 테스트 연구개발 업무 Simense NX/TeamCenter API를 활용한 개발 C#/웹/NX.TeamCenter 경험자 우대 업무교육 : 신입/경력분들이 쉽게 진입할 수 있도록 맞춤형 교육 지원 급여 #1 : 3,300만원 이상(경력 연수에 따라 협의) 급여 #2 : 퇴직연금 별도 가입 제공 수당 : 야근할 경우는 매우 드믈지만, 야근 수당 지급(주 40시간 초과 / 일 8시간 초과 근무시) 야근시 석식 식대 제공 체력증진비 제공(연2회) 휴일 : 여름휴가 지원 워크샵 지원 근태사용 : 자체 개발 APP 을 사용하여 자유롭게 연차 신청 (별도 승인절차 없음) 기 타 : 사내 커피 머신 이용 가능 각종 식음료 제공 간식 제공 추가복지 : 각종 경조사 지원 사내 체력단련실(웨이트/런닝머신) 보유(자유롭게 점심,퇴근 후 이용) 개인 생일자 상품권 지급 장기 근속자 연차 지원 연2회 워크샵(해외/국내)",응용 소프트웨어 개발자,인공지능엔지니어,학력무관,관계없음,"연봉 3,300만원 ~ 3,300만원",고용형태,"부산광역시 남구 수영로266번길 73, 위트빌딩 2층,3층 (대연동)",1명,2026-09-08 21:03:27
https://www.jobkorea.co.kr/Recruit/GI_Read/5607447/Ext?siteCode=WN&sc=,028405,"★전일, 및 당일 새벽에 들어온 주문서 전산입력 및 매입정리 1. 회사 운영 전반에 대한 이해와 관심이 필요한 직무입니다. 2. 전산입력 토대로 매입처 분류 및 발주확인(직무교육) 3. 회사내 재고 확인 및 적정재고 수발주 업무 4. 숙련도에 따라 근무자 스스로가 출근 시간을 조정할 수 있습니다. 5. 업무역량에 따라 급여 차등 지급 6. 거래처 클레임 및 현장문제 대응 7. 식자재 유통업무를 잘 이해하시는 분 8. 현장에서 발생하는 문제를 적극적으로 해결할 수 있는 분 ★향후 회사의 핵심 관리자로 성장하고 싶은 분",자재·구매 사무원(음식료품),음식료품구매사무원,학력무관,경력,"연봉 4,000만원 ~ 4,500만원",고용형태,"부산광역시 해운대구 반송로623번길 53, 1층창고 (석대동)",1명,2026-09-08 21:03:28
https://www.jobkorea.co.kr/Recruit/GI_Read/5576960/Ext?siteCode=WN&sc=,028400,"낚싯대를 제조해 수출하는 회사입니다. 연장근무 없고 칼퇴근 보장합니다. * 자재관리 사무원 모집(경력자 우대),일러스트가능자 우대*",자재관리 사무원,-,학력무관,관계없음,"연봉 2,650만원 이상",고용형태,부산광역시 사하구 다산로105번길 21,1명,2026-09-08 21:03:28
https://www.jobkorea.co.kr/Recruit/GI_Read/5579134/Ext?siteCode=WN&sc=,550100,"『2026 중장년 리스타트 잡페어 참가기업』 달명스마트너싱홈 요양보호사 모집 - 일시 : 2026. 9. 3.(목)~ 4(금) 10:00~17:00(입장시간 10:00~16:00) - 장소 : 벡스코 제1전시장 3홀 글로벌헬스케어위크 행사장 내 - 내용 : 채용면접, AI활용특강, 부대행사(디지털 체험존, 인생세컷) - 준비물 : 이력서 등 지참 ★ 부대 행사안내 - 디지털 체험존, 인생세컷 무료 - 특별세미나 : 9. 3.(목) 10:30 ~12:00, AI특강 - 문의 : 해운대구 일자리센터 ☎ 051-749-4345~8 ▷ 모집직종 : 요양원 요양보호사 ▷ 모집인원 : 20명 ▷ 근무장소 : 기장읍 내리길168 ▷ 근무내용 : 어르신 일상생활 지원, 식사/이동/위생 도움, 투약/건강상태 관찰, 기록지 작성 등 ▷ 근무시간 : 주간(09:00~18:00)/야간(18:00~09:00)/일8시간 ▷ 임금 : 월급2,290,000원(야간수당 별도) ▷ 복리후생 : 출근시 픽업가능, 유류비 5만원, 명절상여금, 4대보험, 퇴직금, 점심식사 제공 ▷ 자격조건 : 요양보호사 1급 자격증 필수 ※ 지원하실 분은 행사 당일 이력서 지참 또는 현장에서 작성하여 지원 가능합니다.(중복지원가능)",요양보호사,-,학력무관,관계없음,월급 229만원 ~ 229만원,고용형태,부산광역시 기장군 기장읍 내리길 168,20명,2026-09-08 21:03:28
https://www.jobkorea.co.kr/Recruit/GI_Read/5576957/Ext?siteCode=WN&sc=,623004,"부경수산(주) 생산작업 현장에서 냉동 현장 창고 지게차운전 구인합니다. 생산현장 냉동창고 상품 입.출고 업무 지게차운전이 가능 하신분 냉동 창고 및 현장 근무시 어려움이 없으신 분 (냉동창고 근무 경력자 우대) 본인의 업무에 성실히 근무하실 분 연락 바랍니다. - 3톤 미만 전동지게차 운전 가능자, 자격증소지자(필수) - 하루 연장근로 2.5시간 (휴게시간 1.5시간) - 대략 월 2회토요일 근무(연장근로) 있음 - 기재된 급여는 기재된 근무시간의 평일 및 토요일 연장근로 수당 포함한 금액임 * 부산 사하고용센터에서 서류전형 채용대행접수 진행중입니다. 근무지 위치, 교통편 확인하시고 면접 후 해당업체 출근, 취업의사 있는 분들만 고용24 접수 부탁드립니다. - 지원방법 : 고용24 회원가입-로그인-구직신청(경력 및 자격증등록 등)-구인공고 화면- 고용24 입사지원 - 고용24 입사지원 불가능할 경우 반드시 구직신청 후 사하고용센터로 전화주시기 바랍니다. 051-520-4923",지게차 운전원,지게차운전원,학력무관,경력,"연봉 3,840만원 이상",고용형태,"부산광역시 사하구 장림번영로84번길 27, 부경수산",1명,2026-09-08 21:03:28
https://www.jobkorea.co.kr/Recruit/GI_Read/5577590/Ext?siteCode=WN&sc=,232904,"* 근무기간: 연단위 계약연장 (협의 후 연장 가능) * 근무요일: 월~금 * 근무시간: 09:00~18:00/휴게시간 60분 * 복리후생: 국민연금, 고용보험, 산재보험, 건강보험, 월차, 퇴직연금 * 학력무관 * 인근거주자 우대, 관련 경력자, 업무 관련 자격증 소지자(사회복지사 등) 우대 * 한국장애인고용공단 EDI사이버연수원 근로지원인 Start UP!, 발달장애인특별양성교육 이수 필수",그 외 사회복지 종사원,-,학력무관,관계없음,"시급 10,320원 ~ 10,320원",고용형태,"부산광역시 해운대구 해운대로 789, 202호 (좌동)",1명,2026-09-08 21:03:29
https://www.jobkorea.co.kr/Recruit/GI_Read/5576693/Ext?siteCode=WN&sc=,550102,"[전포동] 재가요양보호사 선생님 모집합니다. - 5등급 87세 남자어르신 - 09:00~12:00 월-금 - 인지활동 프로그램 수행 및 식사, 청소, 빨래 등 가사지원 - 시급 : 13,000원(제수당포함)",재가 요양보호사,재가요양보호사,학력무관,관계없음,"시급 10,320원 ~ 10,320원",고용형태,"부산광역시 부산진구 진남로373번길 12, 장미빌라 (전포동, 장미빌라)",1명,2026-09-08 21:03:29
https://www.jobkorea.co.kr/Recruit/GI_Read/5579098/Ext?siteCode=WN&sc=,305000,"복지관 주방 급식 영양사 업무 - 식단작성 및 영양관리 - 급식 위생 및 조리실 운영 관리 - 배식 운영, 급식도우미 관리 - 관련 행정업무와 보고서 작성",영양사,병원급식영양사,학력무관,관계없음,월급 70만원 ~ 70만원,고용형태,"부산광역시 북구 효열로 268, 부산 북구 효열로 268 공창종합사회복지관 (금곡동, 금곡1단지주공아파트)",1명,2026-09-08 21:03:29
https://www.jobkorea.co.kr/Recruit/GI_Read/5578408/Ext?siteCode=WN&sc=,890000,플라스틱 의자 서랍장 등 부피있는 제품의 택배 포장 및 출고 업무,기타 제조 관련 단순 종사원,-,학력무관,관계없음,"시급 11,000원 이상",고용형태,"부산광역시 강서구 녹산산단262로13번길 51, 지오리빙 (송정동)",2명,2026-09-08 21:03:29
https://www.jobkorea.co.kr/Recruit/GI_Read/5577786/Ext?siteCode=WN&sc=,612201,1. 국내 및 해외 영업 관련 업무 2. 단조영업 신입 (경력자 우대) 3. 영어필수 / 영어외 외국어 가능자 우대(필수사항 아님) 4. 연봉은 경력에 따라 차등지급 5. 장기근속자 및 우수사원 포상 6. 가족같은 분위기 / 회식 및 연장근무 강요 없음 7. 채용후 즉시 출근가능자 8.근면.성실하며 책임감이 강한자,해외 영업원(영어),영어무역영업원,학력무관,관계없음,"연봉 5,000만원 ~ 9,000만원",고용형태,부산광역시 강서구 미음산단2로16번길 30 (구랑동),1명,2026-09-08 21:03:29
https://www.jobkorea.co.kr/Recruit/GI_Read/5578042/Ext?siteCode=WN&sc=,213000,유치원 담임 교사 모집합니다. 유치원 정교사 자격 필수 이며 사학연금 대상입니다. 급여는 경력기준으로 산정되며 관심있으신 분들의 많은 지원 바랍니다. 문의사항은 051-313-9600으로 연락바랍니다.,유치원 교사,유치원교사,학력무관,관계없음,월급 215만원 이상,고용형태,"부산광역시 사상구 학감대로49번길 73, 사랑유치원 (학장동)",1명,2026-09-08 21:03:29
https://www.jobkorea.co.kr/Recruit/GI_Read/5577585/Ext?siteCode=WN&sc=,550102,"[ 연제구 연산동 ] 재가요양보호사 모집 ✔ 근무지: 부산 연제구 토곡남로 20번길 45 ✔ 대상자: 4등급 85세 할아버지 (배우자 거주) ✔ 근무시간: 13:00~16:00 / 주5일 ✔ 거의 주무시므로 청소, 반찬 만들기가 주된 일입니다 ✔ 시급: 13,000(제수당포함) * 실제 서비스 제공 기간에 따라 임금을 계산하여 지급하는 형태로 채용 시 근로자마다 주 소정근로시간이나 임금, 근무(예정)지 등에 차이가 있을 수 있음.",재가 요양보호사,-,학력무관,관계없음,"시급 10,320원 ~ 10,320원",고용형태,"부산광역시 연제구 토곡남로20번길 45, . (연산동)",1명,2026-09-08 21:03:29
https://www.jobkorea.co.kr/Recruit/GI_Read/5578378/Ext?siteCode=WN&sc=,232903,"*경남정보대 인근 거주 - 40대 여성 - 가사활동, 신체활동(목욕도움), 사회활동(병원) 월1회 - 근무시간 :10:30~13:00 / 주5일 (월60시간) - 시급 13,400원 (주휴 및 제수당 포함)",장애인 생활지도원(장애인활동보조원 포함),-,학력무관,관계없음,"시급 10,320원 ~ 13,400원",고용형태,"부산광역시 사상구 주례로 45, 인근 (주례동)",1명,2026-09-08 21:03:30
https://www.jobkorea.co.kr/Recruit/GI_Read/5576522/Ext?siteCode=WN&sc=,550100,"통합돌봄 가사지원 돌봄 서비스 요양보호사 구인 - 54년생 / 여성 / 정관읍 LH 8단지 -독거어르신으로 가사지원 서비스 제공 -오른팔 골절로 인하여 대부분의 일상생활을 한손으로 해야하는 상황 식사준비, 반찬만들기, 청소등 가사 지원 서비스 요청 - 13시~16시 (월,수,금) 희망 - 요양보호사 자격증 필수 -시급:14,250 (제세수당포함) - 전화접수,방문접수 051-727-3990 ** 긴급돌봄은 시작일로 부터 24회(하루 3시간 근무) 합니다. 한달 우선적으로 진행되며, 추가 지원 필요 시 연장 요청하여 추가 1개월(24회) 추가됩니다. 2달~4달 가량 근무 하는 일이니 내용 확인하시고 지원 부탁드립니다.",요양보호사,-,학력무관,관계없음,"시급 14,250원 ~ 14,250원",고용형태,"부산광역시 기장군 정관1로 51, 정관행복주택 801동 709호 ()",1명,2026-09-08 21:03:30
https://www.jobkorea.co.kr/Recruit/GI_Read/5578962/Ext?siteCode=WN&sc=,028407,부품 입출고 및 관리 부품 경력직 3년이상,창고 관리원(자재 검수원 포함),-,학력무관,경력,"연봉 3,600만원 이상",고용형태,"부산광역시 사상구 사상로 78, 춘원빌딩1층",1명,2026-09-08 21:03:30
https://www.jobkorea.co.kr/Recruit/GI_Read/5578148/Ext?siteCode=WN&sc=,027204,식품회사 사무직(경리) 업무이며 컴퓨터활용및 포토샵 가능하신분 희망합니다,경리 사무원(제조),제조업경리,대졸(2~3년)~대졸(4년),신입,월급 240만원 이상,고용형태,"부산광역시 강서구 대저중앙로394번길 116, 아이진푸드 (대저1동)",1명,2026-09-08 21:03:30
https://www.jobkorea.co.kr/Recruit/GI_Read/5577752/Ext?siteCode=WN&sc=,028900,1. 해운.항공.수출입 관련 포워딩 경력자 - 포워딩/3PL/물류센터 운영 경력 - 창고 입출고 및 재고관리 경험 - 수출입 포워딩 업무 경험 - 해상 FCL/LCL 및 항공화물 취급 경험 우대 - 해외 에이전트 및 선사/항공사 커뮤니케이션 가능 - 견적·부킹·선적서류·정산 업무 가능 - 포장/라벨링/출고 작업 프로세스 이해 2. 영업 유경험자 3. 임원급으로 해운.항공.수출입 관련 포워딩 전반적인 업무 총괄 책임자 4. 연봉은 경력에 따라 차등지급 5. 채용즉시 출근가능자 6. 근면.성실하며 책임감이 강한자 7. 장기근속자 및 우수사원 포상 8. 신설법인 추진중으로 차후 신설법인에서 근무 가능자,기타 운송 및 무역 사무원,터미널관리사무원,학력무관,경력,"연봉 6,000만원 이상",고용형태,부산광역시 강서구 미음산단2로16번길 30 (구랑동),1명,2026-09-08 21:03:31
https://www.jobkorea.co.kr/Recruit/GI_Read/5579136/Ext?siteCode=WN&sc=,550101,"『2026 중장년 리스타트 잡페어 참가기업』 다올요양원 요양보호사 모집 - 일시 : 2026. 9. 3.(목)~ 4(금) 10:00~17:00(입장시간 10:00~16:00) - 장소 : 벡스코 제1전시장 3홀 글로벌헬스케어위크 행사장 내 - 내용 : 채용면접, AI활용특강, 부대행사(디지털 체험존, 인생세컷) - 준비물 : 이력서 등 지참 ★ 부대 행사안내 - 디지털 체험존, 인생세컷 무료 - 특별세미나 : 9. 3.(목) 10:30 ~12:00, AI특강 - 문의 : 해운대구 일자리센터 ☎ 051-749-4345~8 ▷ 모집직종 : 요양보호사 ▷ 모집인원 : 5명 ▷ 근무장소 : 부산시 해운대구 재반로 ▷ 근무내용 : 입소자의 생활지원, 신체 프로그램참여, 위생 관리 등 ▷ 근무시간 : 09:00~18:00(휴게시간 : 12:00~13:00) ▷ 임금 : 월급2,630,040원 ▷ 자격조건 : - 경력무관 - 요양보호사 1급 자격증 필수 - 사회복지사업법 제35조의 결격사유가 없는 자 - 노인복지법 제39조의 결격사유가 없는 자 - 관련 법령에 의거 최종 합격자는 범죄경력조회 및 노인학대범죄경력 조회 증명서,채용신체검사서(야간특수검진 포함)를 제출해야하며 범죄경력 유무 및 전염성 질환, 건강 이상 여부에 따라 합격 취소 될 수 있음 - 채용 확정자는 3개월 수습 계약직이며, 수습 갱신 후 8개월간 근무평정 후 갱신 여부 결정함.(총11개월) - 근무평정 결과에 따라 일정기간(최고 2년) 계약직 근무하며 근무평정 결과에 따라 정규직(만 60세 미만 경우)으로 채용되며 정년 만 60세 이상 경우는 매년 촉탁직으로 근무평정결과에 따라 근로계약 갱신함. ▷ 제출서류 : 이력서 ※ 지원하실 분은 행사 당일 이력서 지참 또는 현장에서 작성하여 지원 가능합니다.(중복지원가능)",요양보호사(노인요양사),요양보호사,학력무관,경력,월급 263만원 이상,고용형태,"부산광역시 해운대구 재반로 344, 다올요양원 (반여동)",5명,2026-09-08 21:03:31
https://www.jobkorea.co.kr/Recruit/GI_Read/5578746/Ext?siteCode=WN&sc=,612200,관이음쇠 피팅 제조업체입니다. 경력자 우대 / 급여는 면접후 결정,해외 영업원,-,대졸(2~3년)~대졸(4년),관계없음,"연봉 3,600만원 ~ 3,600만원",고용형태,부산광역시 강서구 녹산산단362로 29 (송정동),1명,2026-09-08 21:03:31
https://www.jobkorea.co.kr/Recruit/GI_Read/5576956/Ext?siteCode=WN&sc=,028900,1. 해운.항공.수출입 관련 포워딩 경력자 - 포워딩/3PL/물류센터 운영 경력 - 창고 입출고 및 재고관리 경험 - 수출입 포워딩 업무 경험 - 해상 FCL/LCL 및 항공화물 취급 경험 우대 - 해외 에이전트 및 선사/항공사 커뮤니케이션 가능 - 견적·부킹·선적서류·정산 업무 가능 - 포장/라벨링/출고 작업 프로세스 이해 2. 영업 유경험자 3. 임원급으로 해운.항공.수출입 관련 포워딩 전반적인 업무 총괄 책임자 4. 연봉은 경력에 따라 차등지급 5. 채용즉시 출근가능자 6. 근면.성실하며 책임감이 강한자 7. 장기근속자 및 우수사원 포상 8. 신설법인 추진중으로 차후 신설법인에서 근무 가능자,기타 운송 및 무역 사무원,터미널관리사무원,학력무관,경력,"연봉 6,000만원 ~ 6,000만원",고용형태,부산광역시 강서구 미음산단2로16번길 30 (구랑동),1명,2026-09-08 21:03:32
https://www.jobkorea.co.kr/Recruit/GI_Read/5579037/Ext?siteCode=WN&sc=,834004,▶한전 지중관로(맨홀) 도통시험 현장팀 ▶초보 가능 ▶지방 근무 가능자(공사 현장 일정에 따른 전국 근무) ▶식사 제공(중식/ 출장 일정시에는 3식 제공) ▶운전 가능자 우대 ▶초과 근무 발생시 수당 지급,기타 전기·전자 설비 조작원,-,학력무관,관계없음,"연봉 3,700만원 이상",고용형태,부산광역시 북구 덕천로 380 (만덕동),2명,2026-09-08 21:03:32
https://www.jobkorea.co.kr/Recruit/GI_Read/5577091/Ext?siteCode=WN&sc=,550101,"요양원 내 요양보호사 모집, 4교대 근무 * 모집기간 : 2026.09.07~ 채용시까지 * 모집인원 : 1명 * 근무지역 : 부산광역시 사하구 괴정동 * 근무형태 : 정규직 * 경력 : 무관 * 성별 : 남녀무관 * 급여 : 기관 내부규정에 의함 - 제출서류 가. 이력서 및 자기소개서 각 1부 나. 채용후 주민등록등본 1부 제출 다. 자격증사본 1부 - 요양보호사 근무시간 - 조출 07:00 ~16:00 - 주간 09:00 ~18:00 - 오후 12:00~21:00 - 야간 21:00~08:00 (야간수당 별도지급) □안내사항□ * 정년은 만65세이지만 당사자의 근무평가 결과, 건강상태 등을 고려하여 1년 단위의 촉탁직으로 계약을 갱신할 수 있음. *장기근속직원 해외연수 지원 *설, 명절 위로금 지급 *생일맞이 종사자 상품권 지급 *교대근무자 교통비 지급 *26년 공단 장기근속 수당 1년 5만원, 3년 14만원, 5년 16만원, 7년 18만원 지급 *시설 장기근속수당 입사 시부터 2만원, 20개월 이상 근무 3만원, 5년 이상 5만원, 7년 이상 7만원 지급 *월~금 출근 셔틀버스 운행 (당리역 6번출구 부산은행 앞) *채용서류의 반환 *홈페이지 또는 전자우편으로 제출된 채용관련 서류는 [채용절차의 공정화에 관한 법률]에 따라 반환청구기간 내에 청구된 반환청구분에 한하여 반환해드립니다.-반환청구기간: 채용전형 불합격 통보를 받은 날로부터 14일 이내 -청구방법: 채용서류 반환청구서를 작성 후 본인 서명 또는 날인 및 스캔하여 e-mail 제출 -채용서류 반환청구서 서식: 채용절차의 공정화에 관한 법률 시행규칙 별지 제3호 서식 -기타사항: 청구기간이 지난 경우 및 채용서류를 반환하지 아니한 경우에는 ‘개인정보보호법’에 따라제출한 채용서류를 파기합니다.(파기방법 : 시설 파쇄기 사용)",요양보호사(노인요양사),요양보호사,학력무관,관계없음,월급 215만원 이상,고용형태,"부산광역시 사하구 다대로83번길 132, 인창실버웰 (괴정동)",1명,2026-09-08 21:03:32
https://www.jobkorea.co.kr/Recruit/GI_Read/5577675/Ext?siteCode=WN&sc=,550101,[대상자] 3등급/ 70대 중반 여자 [근무시간] 주3회(월~금요일 중에 협의가능)/9시~12시 [시급] 13000원(포괄시급) [주요업무] - 맞춤형 케어 제공 - 생활 관리 지원 - 영양 관리 및 식사 지원 - 보건 및 안전 관리,요양보호사(노인요양사),-,학력무관,신입,"시급 10,320원 ~ 10,320원",고용형태,부산광역시 연제구 쌍미천로 20 (연산동),1명,2026-09-08 21:03:32
https://www.jobkorea.co.kr/Recruit/GI_Read/5577614/Ext?siteCode=WN&sc=,821200,프레스품 생산업체로 프레스 가공및 단순조립 선반 밀링 알곤용접가능자 우대 금형설계제작 가능자 우대,금속가공 기계 조작원,-,학력무관,경력,"시급 11,000원 이상",고용형태,"부산광역시 강서구 공항로383번길 110-1, 대양테크 (대저2동)",1명,2026-09-08 21:03:33
https://www.jobkorea.co.kr/Recruit/GI_Read/5577516/Ext?siteCode=WN&sc=,703200,"STEEL배관용접사, 취부사","공업 배관공(플랜트,항공,선박,철도차량)",-,학력무관,경력,"시급 20,000원 ~ 22,000원",고용형태,"부산광역시 강서구 녹산산단27로 124, 건우이엔지 내(현진산업) (송정동)",2명,2026-09-08 21:03:33
https://www.jobkorea.co.kr/Recruit/GI_Read/5578974/Ext?siteCode=WN&sc=,813202,- 밀링 가능자 우대 - ROLL 가공 (Φ200~Φ300) - 부품 가공 - 3개월 수습기간 - 상여금 기본급 기준 300% → 12개월로 나눠서 지급. - 수습기간 동안 상여금 90% → 수료 후 100% - 급여 : 면접 후 협의 가능,범용 선반 조작원,유압자동선반조작원,학력무관,경력,월급 260만원 ~ 300만원,고용형태,부산광역시 강서구 녹산산업중로 398 (송정동),2명,2026-09-08 21:03:33
https://www.jobkorea.co.kr/Recruit/GI_Read/5578018/Ext?siteCode=WN&sc=,834002,"ㅇ. 빌딩이나,공장 등 건물에 대한 전기안전관리대행, 전기안전점검 업무 - 전기 기사 자격취득후 경력 6년이상 - 전기산업기사 자격 취득후 경력 9년이상인자가 안전관리업무 지정 가능함 ㅇ 담당하는 건물에 대하여 자율 점검 계획에 의거 월간 순회 관리 점검함. - 직무고시 점검 , 서류 작성 가능하신 분 - 점검기계 사용 가능하신 분 - 운전면허 가능하신 분 ㅇ 전기공사 필히 참여/기사 또는 산업기사 자격증 소지자 ㅇ 전기기술인협회수첩 중급",빌딩 전기관리원,빌딩전기기계관리원,학력무관,경력,월급 300만원 이상,고용형태,부산광역시 연제구 거제대로118번길 27 (거제동),1명,2026-09-08 21:03:33
https://www.jobkorea.co.kr/Recruit/GI_Read/5578682/Ext?siteCode=WN&sc=,027102,"[모집직무] 회계 사무원(회계·세무 사무소), 회계 사무원(일반 사업체), 회계 사무원 [직무소개] 우리 기업은 정확하고 효율적인 회계 관리를 통해 기업의 성장을 지원합니다. 본 직무는 회계 업무를 수행하고, 금융 데이터를 정확하게 처리하며, 회계 시스템을 관리합니다. [주요업무] - 거래처 일일 회계 처리 - 거래처 재무 보고서 작성 - 거래처 출금 및 입금 관리 - 거래처 회계 데이터 분석 - 재무제표 작성 및 분석 - 각종 세무 민원 서식 발급 - 세금신고 자료 작성 - 기타 이에 준하는 업무",회계 사무원(회계·세무 사무소),-,대졸(2~3년)~대졸(4년),신입,월급 215만원 ~ 215만원,고용형태,"부산광역시 해운대구 마린시티2로 2, 305호 (우동, 마린파크)",1명,2026-09-08 21:03:34
https://www.jobkorea.co.kr/Recruit/GI_Read/5572761/Ext?siteCode=WN&sc=,813207,1. 자동차 부품 프레스 작업 / 2명 경력자 구합니다. 남/여 가능. 근면 성실하신분! ---------- 부산동부고용센터 채용대행 사업장입니다.실업급여 등 형식적인입사지원은 자제해주시고 문의사항은 051-760-7166으로 연락주시기바랍니다,프레스기 및 절단기 조작원,유압프레스조작원,학력무관,경력,"시급 10,400원 이상",고용형태,"부산광역시 기장군 정관읍 산단2로 15-6, 태영하이텍",2명,2026-09-08 21:03:34
https://www.jobkorea.co.kr/Recruit/GI_Read/5572964/Ext?siteCode=WN&sc=,550101,"-어르신들 전박적인 케어(신체활동지원, 일상생활지원, 정서지원, 인지활동지원, 이동서비스지원 등) 도움. -어르신 프로그램 진행,보조. 관련 일지 작성. * 직원 복리후생 * - 식비 제공 - 생일 선물 지급, 명절 상여금 - 간식 제공 - 경조금 지원 등. 채용담당자:051-724-3060",요양보호사(노인요양사),요양보호사,학력무관,관계없음,"시급 15,480원 ~ 15,480원",고용형태,"부산광역시 기장군 기장읍 차성로 376, 2,3,4층",1명,2026-09-08 21:03:34
https://www.jobkorea.co.kr/Recruit/GI_Read/5572807/Ext?siteCode=WN&sc=,550102,"[수성초등학교 아래 버스 정류소 바로 앞] - 4등급/할머니/83세 - 주5일 - 오전 11시~ 오후 2시 - 신체활동지원, 식사준비, 청소, 간단한 샤워도움 - 담당자 연락처 010-2202-0637 010-7670-7750",재가 요양보호사,-,학력무관,관계없음,"시급 13,000원 이상",고용형태,"부산광역시 동구 망양로808번길 11, . (수정동)",1명,2026-09-08 21:03:35
https://www.jobkorea.co.kr/Recruit/GI_Read/5573026/Ext?siteCode=WN&sc=,550101,"화사재가노인복지센터에서 요양보호사를 모집합니다. 주요업무 - 3등급 여자 어르신 - 신체활동지원(이동 시 부축), 반찬 조리, 말벗서비스, 청소 및 주변정돈 모집요건 - 요양보호사 자격증 - 건강검진결과표(결핵포함, 1년 이내) 근무조건 - 근무형태 : 시간제 - 근무일시 : 주 5일 근무(월,화,수,목,금) 13시 00분 ~ 16시 00분(3시간) - 시급: 13,200원(기본급 10,320+주휴수당 및 기타수당 포함) 지원방법 - 고용24, 이메일, 문자접수 **051-710-4040",요양보호사(노인요양사),요양보호사,학력무관,관계없음,"시급 10,320원 ~ 13,200원",고용형태,"부산광역시 부산진구 백양대로208번길 144, 개금우드빌 (개금동, 개금우드빌)",1명,2026-09-08 21:03:36
https://www.jobkorea.co.kr/Recruit/GI_Read/5573434/Ext?siteCode=WN&sc=,231101,"[직무소개] 저희 센터는 발달장애인들의 삶의 질을 향상시키기 위해 다양한 활동 프로그램을 제공합니다. 본 직무는 프로그램 계획 및 실행을 담당하며, 이용자들을 따뜻하게 격려하고 지원합니다. [주요업무] - 발달장애인을 위한 주간 활동 프로그램 계획 및 운영 - 이용자들의 안전과 복지 관리 - 활동 참여 기록 및 관련 서류 작성 - 발달장애인에 대한 이해 및 돌봄 기술 향상 - 팀원들과 협력하여 프로그램의 질적 향상을 위한 노력",사회복지사(사회복지시설),-,학력무관,관계없음,월급 215만원 ~ 215만원,고용형태,"부산광역시 해운대구 반여로 98, 청암빌딩 3층 여온발달장애인주간활동서비스센터 (반여동)",1명,2026-09-08 21:03:36
https://www.jobkorea.co.kr/Recruit/GI_Read/5575590/Ext?siteCode=WN&sc=,026202,"업무내용: 해외 선주사의 구매, 수리 요청서의 응대 및 견적, 발주, 선적서류 등 작성 및 유지보수 필요지식 및 능력: 초급 영어 회화 및 작문, 엑셀 사용가능 수습기간 3개월 있음(급여는 동일)",영업 기획·관리·지원 사무원,영업관리사무원,고졸~대졸(4년),관계없음,"연봉 3,000만원 이상",고용형태,부산광역시 서구 구덕로 212 (부민동1가),1명,2026-09-08 21:03:36
https://www.jobkorea.co.kr/Recruit/GI_Read/5576006/Ext?siteCode=WN&sc=,890000,주물 제조에 관련된 단순 업무,기타 제조 관련 단순 종사원,권선공,학력무관,관계없음,월급 300만원 ~ 350만원,고용형태,부산광역시 사상구 학감대로178번길 90 (학장동),1명,2026-09-08 21:03:37
https://www.jobkorea.co.kr/Recruit/GI_Read/5573266/Ext?siteCode=WN&sc=,155501,"< 모집요강 > - 대기자가측정 관련 외근 업무 - 자격요건: 1. 관련학과(환경공학과 등) 2. 대기환경기사/대기산업기사 자격증 3. 운전가능자 우대 - 지원분야 : 측정요원 - 임금조건 신입 : 3,000만원 * 식대 별도 제공",대기 환경 기술자 및 연구원,대기환경측정분석기술자,학력무관,신입,"연봉 3,000만원 ~ 3,000만원",고용형태,"부산광역시 강서구 대저로89번가길 108, 2층 부경이엔지 (대저1동)",1명,2026-09-08 21:03:37
https://www.jobkorea.co.kr/Recruit/GI_Read/5574120/Ext?siteCode=WN&sc=,550102,"▶ 대상자: 4등급, 80대, 여자어르신 ▶ 직무내용: 신체활동지원, 정서지원, 가사 및 일상생활지원 ▶ 근무시간: 주 5회 / 하루 3시간 / 서비스 시간 09-12시 ▶ 시급: 13,100원(각종 수당 포함) ▶ 근무 예정지 주소: 부산시 강서구 에코델타5로 60 1**동 ▶ 채용담당자 : 051)462-1478",재가 요양보호사,재가요양보호사,학력무관,신입,"시급 10,320원 이상",고용형태,"부산광역시 강서구 에코델타5로 60, 1**동 (강동동, 에코델타 더 베르힐)",1명,2026-09-08 21:03:37
https://www.jobkorea.co.kr/Recruit/GI_Read/5575562/Ext?siteCode=WN&sc=,026400,"근로자 안전보건교육기관에서 아래 내용에 따라 강사님을 모집합니다. ★근무 자격 조건 (필수, 산업안전보건법 시행령 별표 10) 1. 산업안전.보건분야 기사 자격 취득 후 실무경력 3년 이상 또는 동일 분야 산업기사 자격 취득 후 5년 이상 2. 「의료법」에 따른 간호사 자격 취득 후 산업보건 분야(직업환경의학, 산업위생관리, 산업간호, 인간공학, 대기환경) 실무경력 2년 이상 3. 공단 또는 비영리법인에서 산업안전ㆍ보건 분야에 실제 근무한 기간 5년 이상 4. 산업안전(보건)지도사 또는 산업안전(보건)분야 기술사 * 주요자격만 기재하였으며, 반드시 강사 자격조건 확인 후 이력서 제출 바랍니다. - 담당 업무 1. 안전보건교육 2. 교육결과보고서 작성 ( 한글, 엑셀 파일 사용 가능자 ) 3. 근로자안전보건교육기관 평가 대비 업무 4. 교육문의 응대 등 기타 제반 업무 - 안전보건교육 종류 1. 위험성평가 담당자교육 2. 관리감독자 정기안전보건교육 3. 특별안전보건교육(타워크레인 신호수, 밀폐공간 등) 4. 기타 안전보건교육 *산업안전(기계, 전기, 화공) 및 건설안전분야 산업보건분야 : 직업환경의학, 산업위생관리, 산업간호, 인간공학, 대기환경 이력서 보내실 곳 : sjh1566@naver.com",교육 및 훈련 사무원,교육기획사무원,학력무관,경력,"연봉 3,500만원 이상",고용형태,"부산광역시 동구 범일로102번길 14, 6층 (범일동)",1명,2026-09-08 21:03:38
https://www.jobkorea.co.kr/Recruit/GI_Read/5573701/Ext?siteCode=WN&sc=,026501,"사무 및 택배관리 직원 구합니다. 주5일근무 (토,일요일 휴무) 4대보험 적용 기장,정관,일광 거주자 우대 pc사용가능자, 기본엑셀 사용가능자",총무 및 일반 사무원,총무사무원,학력무관,신입,월급 250만원 ~ 250만원,고용형태,부산광역시 기장군 장안읍 용소길 29,1명,2026-09-08 21:03:38
https://www.jobkorea.co.kr/Recruit/GI_Read/5575560/Ext?siteCode=WN&sc=,027102,회계사무실 경력직 결산+세무조정 가능하신 분 (최소 연차 3년이상) - 기장업체관리 (세무회계사무소 전반적인 업무) - 위하고/ 세무사랑/ 엑셀 우대 - 근무시간 : 9~6시 (하반기 5시) - 중식 제공 - 서면역 10번출구 바로 앞,회계 사무원(회계·세무 사무소),-,고졸~대졸(4년),경력,"연봉 3,200만원 ~ 3,400만원",고용형태,"부산광역시 부산진구 서전로 10, 4층 송정영세무회계사무소 (부전동)",1명,2026-09-08 21:03:38
https://www.jobkorea.co.kr/Recruit/GI_Read/5576223/Ext?siteCode=WN&sc=,542002,"위탁사 : 아이피비엠씨관리(주) 근무지 : 부산 경남 아너스빌 엔테로까사 / 새싹로 85-10 급여: 월 2,906,000(세전) 필수자격 : 경비원신임이수증, 우대자격 : 근거리 우대 / 경비원 근무경력자 근무형태 : 08:00~08:00 /휴게: 주간3.5,야간4시간 최초계약 : 3개월 이후 연장 *이메일 지원시 경남아너스빌 경비원* 문구를 부탁드립니다 * ★ 전화량이 많아, 이메일로 이력서 제출을 해주시기 바랍니다 ★ 서류합격자에 한하여 개별 연락드립니다. 지원방법 : 워크넷 입사지원/이메일 지원(ipbmcm@naver.com)","건물 경비원(청사,학교,병원,상가,빌딩,공장 등)",빌딩경비원,학력무관,관계없음,월급 290만원 ~ 290만원,고용형태,"부산광역시 부산진구 새싹로 85-10, 경남아너스빌",1명,2026-09-08 21:03:39
https://www.jobkorea.co.kr/Recruit/GI_Read/5575584/Ext?siteCode=WN&sc=,159103,"1. 펌프, 수처리사업부 서류업무 및 CAD작업, 엑셀(수식), 한글작성, 경력자 및 사무업무보조(설계업무배우고 싶은분) 2. 자격증 우대: 기계분야- 일반기계기사, 기계설계산업기사, 컴퓨터응용가공산업기사, 전산응용기계제도기능사 3. 업무내용: 관공서 공사건(펌프,기계) 승인도서 서류업무(엑셀,한글) 및 단순사무업무, Cad 및 기술 업무 4. 경력자 우대 : 관련 펌프분야 경력자",기계·금속 제도사(캐드원),기계제도기능사,학력무관,관계없음,"연봉 4,000만원 ~ 5,000만원",고용형태,"부산광역시 강서구 낙동남로533번길 89, 신신이앤지(주) (녹산동)",1명,2026-09-08 21:03:39
https://www.jobkorea.co.kr/Recruit/GI_Read/5574274/Ext?siteCode=WN&sc=,550102,"- 요양보호사 자격증 보유하시고, 남자어르신, 여자어르신 목욕하실 선생님 모집합니다. - 주6일중 선택근무(07시~16시) -요일별 상이 - 스케줄에 따라 근무시간 변동 있음 - 건당 포괄 시급 : 17,500원~18,500원(주휴,연차수당 포함) - 일일 평균 7건(요일별 상이) - 4대보험, 퇴직금 별도 지급 - 건강하고 따뜻한 마음으로 어르신 케어에 임하실 분 모십니다~ - 탑차 운전 가능하신 선생님 우대합니다. - 자세한 내용은 전화주시거나 면접 때 문의해주세요.",재가 요양보호사,재가요양보호사,학력무관,관계없음,"시급 17,500원 ~ 18,500원",고용형태,"부산광역시 동래구 시실로167번길 29, 옹달샘방문목욕센터 (명장동)",2명,2026-09-08 21:03:39
https://www.jobkorea.co.kr/Recruit/GI_Read/5574399/Ext?siteCode=WN&sc=,140203,현장 공사 품질관리자 모집합니다 현장주소 : 부산 강서구 화전동 579-6,건축시공 기술자(건축견적 포함),건설코디네이터,학력무관,경력,"연봉 5,000만원 이상",고용형태,부산광역시 강서구 화전산단2로 9 (화전동),1명,2026-09-08 21:03:40
https://www.jobkorea.co.kr/Recruit/GI_Read/5576265/Ext?siteCode=WN&sc=,623004,스텐스크랩 고철및 분철 분석및 정리 지게차운전가능(면허소지자우대),지게차 운전원,지게차운전원,학력무관,관계없음,월급 380만원 이상,고용형태,"부산광역시 강서구 생곡산단2로 39, 조운메탈 (생곡동)",1명,2026-09-08 21:03:40
https://www.jobkorea.co.kr/Recruit/GI_Read/5576297/Ext?siteCode=WN&sc=,873101,닭고기 절단 및 포장,육류 가공기계 조작원,육류염장원,학력무관,관계없음,월급 250만원 ~ 250만원,고용형태,부산광역시 강서구 대저중앙로347번길 66 (대저1동),1명,2026-09-08 21:03:40
https://www.jobkorea.co.kr/Recruit/GI_Read/5575196/Ext?siteCode=WN&sc=,561100,"• 사무동, 공장동 미화 업무 • 07:00 ~ 13:00 근무입니다.",건물 청소원,-,학력무관,관계없음,"시급 10,320원 ~ 10,320원",고용형태,"부산광역시 강서구 화전산단3로 128, . (화전동)",1명,2026-09-08 21:03:40
https://www.jobkorea.co.kr/Recruit/GI_Read/5576289/Ext?siteCode=WN&sc=,890001,특수강금속 비철자원 회사입니다. 고철 및 비철 선별 및 생산 업무 입니다. 공장확장으로 모집 합니다 교통비 별도 20만원 지급 매주 토요일 3시퇴근 긴급 구인 입니다.(외국인은 합법인만 가능) 이력서 기재에 경력사항 기재 바랍니다.,기계·금속 분야 단순 종사원,기계분야 단순노무자,학력무관,관계없음,"시급 10,320원 ~ 10,320원",고용형태,"부산광역시 강서구 생곡산단1로24번길 11, 생곡동1530-7 (생곡동)",2명,2026-09-08 21:03:40
https://www.jobkorea.co.kr/Recruit/GI_Read/5576328/Ext?siteCode=WN&sc=,871100,"1명 근무시간 평일 [08:00~17:00] <반죽> -원료계량 -반죽 -반죽분할 <성형및오븐> -반죽성형 -발효관리 -오븐소성 <포장> 스킬 * 제빵기능사 자격, 제과기능사 자격 핵심역량 *계획성,성취지향성,스트레스관리,성실성,성장지향성 자격요건 * 학력 : 학력무관 * 경력 : 신입 or 경력 2년이상 우대 * 상황 판단 능력 우수한분 * 커뮤니케이션 능통자 ( 생산현장직,거래처 소통 필수) 우대사항 * 차량소지자 * 인근거주자 * 부산강서구근무 가능자 * 생산관리 경력우대 * 식품제조업 생산관리 경험자 * HACCP 관리 경력 우대",제과원 및 제빵사,제과사(제과원),학력무관,관계없음,월급 250만원 ~ 300만원,고용형태,부산광역시 강서구 대저로3번길 72-1 (대저1동),1명,2026-09-08 21:03:41
https://www.jobkorea.co.kr/Recruit/GI_Read/5574640/Ext?siteCode=WN&sc=,834002,"삼정타워 내 소방 안전 관리자 모집 ▶ 업무내용 - 시설 부문 (1명) ㆍ 건물 내 시설물 점검, 유지보수 관리 등 ㆍ 소방안전관리자 자격선임 ▶ 급여조건 - 시설 부문 ㆍ 과장 : 3,500,000 원 * 자격 선임 조건 - 전기 선임 : 전기기사 자격 취득 후 경력 2년 이상 또는 전기산업기사 경력 4년 이상 * 시설부문 자격 선임 관련 면접 시 상세설명 ▶ 근무형태 - 시설 부문 ㆍ 주간조 : 조출 09:00~18:00(1H 휴식, 협의가능) * 月 근무표 수립하여 토,일 갯수 휴무 지급 * 근로기준법에 따른 식사 및 휴식시간 제공 (면접시 상세설명) ▶ 복리후생 - 4대보험,퇴직금,연차",빌딩 전기관리원,빌딩전기기계관리원,학력무관,경력,월급 350만원 ~ 350만원,고용형태,"부산광역시 부산진구 중앙대로 672, 지하2층 상가관리팀 (부전동)",1명,2026-09-08 21:03:41
https://www.jobkorea.co.kr/Recruit/GI_Read/5576264/Ext?siteCode=WN&sc=,811700,"소형건설기계 정비 및 납품·운반 인원모집 - 모집분야 : 소형건설기계 정비 납품 주업무 정비보조 or 납품 - 성실하고 책임감 있는 초보자도 가능 편하게 연락주세요 - 1종 보통 면허 우대 (2종 보통, 가능) - 복리후생 : 4대 보험 / 중식 제공 등 - 급여 : 월 250 ~ 300 만원 면접 후 경력에 따른 결정",건설·광업기계 설치 및 정비원,건설기계설치원,학력무관,관계없음,월급 250만원 ~ 300만원,고용형태,"부산광역시 강서구 공항로 1221-1, 정상건설기계 (대저1동)",1명,2026-09-08 21:03:41
https://www.jobkorea.co.kr/Recruit/GI_Read/5576258/Ext?siteCode=WN&sc=,027200,"레이저 단가 계산 거래명세표 발송 매입매출 정리, 월 마감 등 * 엑셀 기본으로 하시는 분 * 회계프로그램(얼마에요) 사용 가능한 분 * 레이저 쪽에서 경리업무하셨던 분 근무시간 08:00~17:00 점심시간 12:00~13:00",경리 사무원,경리장부정리원,학력무관,경력,월급 220만원 ~ 250만원,고용형태,"부산광역시 사상구 장인로 68, 레이저금강 (학장동, 천일철강)",5명,2026-09-08 21:03:41
https://www.jobkorea.co.kr/Recruit/GI_Read/5576291/Ext?siteCode=WN&sc=,028407,<물류팀> -물류 -배송 -제품관리 -창고관리 -물류입출고 검수 -지게차운전가능 -3.5톤 냉동탑차운전가능자 <필수조건> 1종면허&2종 지게차운전가능,창고 관리원(자재 검수원 포함),물류입출고원,학력무관,관계없음,"시급 16,000원 ~ 16,000원",고용형태,부산광역시 강서구 대저로3번길 72-2 (대저1동),1명,2026-09-08 21:03:41
https://www.jobkorea.co.kr/Recruit/GI_Read/5576308/Ext?siteCode=WN&sc=,561400,"파지 압축기 선별원 업무입니다. 누구나 할 수 있는 쉬운 업무이며 일하면서 기회가 된다면 지게차, 하이카(집게차) 기술도 배울 수 있습니다. 격주5일제 근무 입니다.(주 52시간)",재활용품 및 쓰레기 수거원,재활용품분리수거원,학력무관,신입,월급 332만원 이상,고용형태,부산광역시 강서구 생곡산단1로 39 (생곡동),1명,2026-09-08 21:03:41
https://www.jobkorea.co.kr/Recruit/GI_Read/5574139/Ext?siteCode=WN&sc=,304000,"[부산 북구 담당 방문간호사 모집] 장기요양등급을 받은 어르신 댁에 방문하여 건강관리(투약 관리, 기초건강 관리, 건강상담, 관절운동 등) 및 간호처치(욕창 관리, L-tube·Foley catheter 관리 등)를 제공합니다. 상근직이 아니므로 근무시간 조율이 가능하며, 겸직 및 투잡도 가능합니다. 어르신께 친절하고 따뜻한 마음으로 다가가실 분은 언제든지 환영합니다. ※ 자가운전 가능자 우대",간호사,-,학력무관,경력,"시급 35,000원 ~ 41,000원",고용형태,"부산광역시 부산진구 당감로 108 (부암동, 협성피닉스타운)",1명,2026-09-08 21:03:42
https://www.jobkorea.co.kr/Recruit/GI_Read/5576321/Ext?siteCode=WN&sc=,890000,현장 단순 노무직/ 프라즈마 절단 및 비철금속 분리작업,기타 제조 관련 단순 종사원,-,학력무관,관계없음,"시급 10,320원 이상",고용형태,부산광역시 강서구 생곡산단2로11번길 19 (생곡동),5명,2026-09-08 21:03:42
https://www.jobkorea.co.kr/Recruit/GI_Read/5573432/Ext?siteCode=WN&sc=,027208,"[모집직무] -. 재고 관리, 매출 관리, 영업점 운영 [직무소개] -. HY 반여점은 유제품, 건강 기능 식품, 신선 식품을 판매, 전달하는 프레시 매니저를 관리하는 곳으로 점장 1명과 함께 매니저 지원 업무를 담당하게 됩니다. [주요업무] -. 매출 관리 및 재고 관리 -. 일일 업무 진행 및 사무 처리 -. 전산 프로그램 활용 및 기타 보고서 작성 [업체 및 기타 소개] 1. 업체명 : HY 반여점 2. 업 종 : 유제품 및 건강 기능 식품, 신선 식품 판매 관리 3. 업체 현황 : -. 월매출 1억 9천만원(연매출 23억) -. 반여점장 1명, 사무경리 등 관리업무 담당 1명, 프레시 매니저(야쿠르트 아줌마) 22분 근무 4. 사무실 위치 : 부산광역시 해운대구 반여로 185번길 42(반여동 977) 5. 계약형태 : 정규직, 4대 보험 6. 근무조건 : -. 주 5일, ""격주 휴무"" -. 근무 시간 08:30 ~ 17:00 -. 근무하는 토요일 근무 시간 08:30 ~ 14:00 7. 자격요건 : -. 엑셀, 파워포인트 초/중급 -. 인터넷 등 전산 및 휴대폰 기능 잘 활용하시는 분 -. 밝고 긍정적인 성격(중요) 8. 모집인원 : 1명 9. 급여조건 : 연봉 3,000만원, 월급 기준 2,500,000원 10. 제출서류 : 사진 첨부 이력서 및 자기소개서 11. 접수기간 : 구인 시까지 12. 제출처 : 고용 24, bjiny28@hanmail.net 많은 관심 바랍니다.",단순 경리 사무원,단순 경리,학력무관,관계없음,월급 250만원 ~ 250만원,고용형태,"부산광역시 해운대구 반여로185번길 42, HY반여점 (반여동)",1명,2026-09-08 21:03:42
https://www.jobkorea.co.kr/Recruit/GI_Read/5575499/Ext?siteCode=WN&sc=,813210,항공기 부품 가공 전문업체입니다. 3축 5축 대형 5축 MCT 보유중이며 MCT 가공 파트에서 함께 성장할 수 있는 사원을 모집합니다. 관심이 있으신 분은 적극적으로 지원 바랍니다. 주 5일 근무 연장 및 주말 근무시간 협의 가능하며 경력에 따라 연봉 우대 적용합니다. 주.야 2교대 근무 희망시 가능합니다. 근무시간 평일주간 8:00-17:30 /18:10-20:00 연장,머시닝센터(MCT) 조작원,지그마스타조작원,학력무관,경력,"시급 11,000원 이상",고용형태,"부산광역시 강서구 평강로171번길 30-21, 3670-1,3670-13 (대저1동)",2명,2026-09-08 21:03:42
https://www.jobkorea.co.kr/Recruit/GI_Read/5574587/Ext?siteCode=WN&sc=,612100,"한국유수압 영업 과장 및 팀원 모집 [주요 직무] - 영업 전략 수립 : 당사 주요 품목(고압 테스트 장비, 수소 충전 장비, 밸브 테스트 장비, 유압 툴 및 시스템 등)의 국내외 시장 분석 및 매출 목표 달성을 위한 영업 전략 수립·실행 - 고객사 및 파트너십 관리: 중공업, 방위산업, 석유화학, 수소 에너지 분야 등 주요 고객사(B2B) 관리 및 신규 판로 개척 - 기술 영업 총괄: 제품 기술 영업 및 판매 총괄, 대리점(하스켈, 프레져테크, 노바, 부텍 등) 관리 및 협업 시너지 창출 - 영업 행정 및 마케팅 감독: 영업 행정 업무, 내부 문서 관리 * 연봉은 경력에 따라 협의 예정 * 신입도 모집하니 지원요망 [자격요건] - 경력: B2B 기술 영업 경력 3년~10년 (또는 팀장/파트장급 관리자 경력 3년 이상 우대) - 학력: 대학교(4년제) 졸업 이상 (기계, 유압, 화공 등 이공계열 전공자 우대) - 역량: 유압/가스/고압 장비 산업 및 중공업 영업 프로세스에 대한 높은 이해도 [우대사항] - 비즈니스 외국어: 해외 대리점 소통 및 글로벌 영업을 위한 영어 커뮤니케이션 가능자 - 유관 경력: 방산 및 수소 에너지 산업 분야 인프라·영업 네트워크 보유자 - 기타: 운전 가능자, 지방 및 해외 출장에 결격 사유가 없는 자",기술 영업원,-,대졸(4년),경력,"연봉 3,200만원 이상",고용형태,"부산광역시 강서구 미음산단로 331, 한국유수압 (미음동)",2명,2026-09-08 21:03:43
https://www.jobkorea.co.kr/Recruit/GI_Read/5575578/Ext?siteCode=WN&sc=,813201,CNC 선반 가공 더보기,CNC 선반 조작원(NC 선반 조작원),CNC터닝선반조작원,학력무관,경력,"연봉 4,500만원 이상",고용형태,부산광역시 강서구 과학산단로 194-33 (지사동),2명,2026-09-08 21:03:43
https://www.jobkorea.co.kr/Recruit/GI_Read/5576198/Ext?siteCode=WN&sc=,231100,"1. 업무내용 - 방문요양 사회복지사(육아휴직대체인력) 업무 일체 (라운딩, 서류 업무등) - 사회복지사 행정 업무 및 상담 등 외근 업무 2. 근로조건 - 출퇴근 08:30 ~ 17:30 (휴게시간 12:00 ~ 13:00) - 계약 기간 : 2026.11.01 ~ 2028.01.31 - 급여 : 226만원 3. 지원자격 (아래 사항은 필수입니다) - 사회복지사 2급 이상 4. 우대사항 (아래 사항은 필수가 아닌, 우대사항 입니다) - 실 운전 가능자 - 엑셀, 한글 등 서류작성 원할한 자 - 어르신과 사람들을 배려하는 인성 바른 분. - 사람과의 소통이 원활하신 분이면 좋겠습니다. - 신입인 경우에는 체계적으로 일을 가르쳐 줍니다. - 좋은 사람들과 분위기 좋은 곳에서 일하고 싶으신 분 지원바랍니다.",사회복지사,-,학력무관,관계없음,월급 226만원 ~ 226만원,고용형태,"부산광역시 해운대구 신반송로 159 (반송동, 도개공 상가)",1명,2026-09-08 21:03:43
https://www.jobkorea.co.kr/Recruit/GI_Read/5574386/Ext?siteCode=WN&sc=,550102,"-대상 : 80대 4등급 여성 어르신 (등급 변경 신청 예정, 감전동 새벽시장 인근 거주) -근무시간 : 월24회, 3시간/1일, 09:00~12:00 -업무내용 : 재가 방문 요양 서비스 ( 일상생활지원, 병원동행 등) -시급 : 시급제 10,320 (13,000원-주휴수당 포함) -우대사항 : 인근거주자 우대",재가 요양보호사,재가요양보호사,학력무관,경력,"시급 10,320원 ~ 10,320원",고용형태,"부산광역시 사상구 새벽시장로56번길 20, 1층 (감전동)",1명,2026-09-08 21:03:43
https://www.jobkorea.co.kr/Recruit/GI_Read/5574608/Ext?siteCode=WN&sc=,881104,"스크린인쇄 기사 구합니다. 작업은 반자동 인쇄 및 수동, 사출인쇄 추가로 협성cnc 조각기 운영도 가능하면 좋습니다. 기본적으로 일러스트, 캐드 프로그램 다룰 줄 아시면 작업에 도움이 됩니다.",스크린 인쇄기 조작원(실크스크린 포함),-,학력무관,경력,월급 220만원 ~ 291만원,고용형태,부산광역시 금정구 노포사송로 18,1명,2026-09-08 21:03:43
https://www.jobkorea.co.kr/Recruit/GI_Read/5573433/Ext?siteCode=WN&sc=,813101,"금형설계실 근무. 프레스금형경험자(보조가능) MCT(머시닝센터) 면접시 자세한설명, 경력에따라 급여책정. 1,3,5주 토요일 근무.",프레스 금형 제조원,프레스금형제조원,학력무관,경력,월급 350만원 이상,고용형태,"부산광역시 기장군 정관읍 산단2로 15-6, 태영하이텍",1명,2026-09-08 21:03:43
https://www.jobkorea.co.kr/Recruit/GI_Read/5576099/Ext?siteCode=WN&sc=,561102,"1. 모집직종: 객실 청소 하실 분 모집 2. 근무시간: 12시~22시 (휴게시간2시간 :15시30분~16:30분, 20시~21시: 상황에 따라 서로 협의하여 결정) 3. 접수방법: 전화 후 방문 4. 경력사항: 3년 이상 경력자 우대 -외국인 경력 메이드도도 가능(숙소제공가능) 5. 지하철 1호선 남포역에서 5분거리에 있습니다. 6. 월급: 2,550,000원","호텔·콘도·숙박시설 청소원(룸메이드,하우스키퍼)",호텔청소원,학력무관,경력,월급 255만원 ~ 255만원,고용형태,"부산광역시 영도구 봉래나루로 72, 호텔브릿지 (봉래동1가)",1명,2026-09-08 21:03:43
https://www.jobkorea.co.kr/Recruit/GI_Read/5574886/Ext?siteCode=WN&sc=,307903,"2021년 9월에 개원한 사직동의 세인요양병원입니다. 세인요양병원에서는 환자분을 병실<->재활치료실로 안전하게 이송해주실 수 있는 직원을 채용하고자 하오니, 많은 관심과 지원을 부탁드립니다. 1. 근무부서: 진료지원부(재활치료실 소속) 2. 담당업무: 재활치료 환자 이송 3. 고용형태: 정규직(3개월 후 정규직 전환) 4. 근무시간 1) 월~금 - 08:15~17:45(약정연장근로: 1주 1.25시간 포함) 2) 휴게시간 - 12:30~13:30(1시간), 오전 10:00~10:15 또는 오후 15:00~15:15(당일 딜리버리 업무에 따라 조정) 3) 토요일 및 공휴일 휴무 4) 토요일, 공휴일 근무시 시간외근무 수당 지급 5. 급여조건: 2,604,940원(연차수당 및 퇴직금 포함 금액) 6. 전형단계: 서류전형->면접심사->최종합격 7. 제출서류: 이력서 및 자기소개서(양식 무관) 8. 접수방법: 고용24 접수, 이메일 접수, 팩스 접수, 내방 접수 가능 1) 이메일 접수: seinhospital@naver.com 2) 팩스 접수: 051-501-7755 3) 내방 접수: 부산광역시 동래구 여고로5, 세인요양병원 1층 행정실 9. 우대사항 1) 환자 이송 관련 업무 경력자 2) 요양병원 및 재활병원 근무 경력자 3) 장기 근속가능자 10. 유의사항: 입사지원서 및 제출서류에 허위사실이 있을 경우 채용이 취소될 수 있습니다. 11. 채용문의: 세인요양병원 행정실장(070-4162-0253)",기타 보건·의료 서비스 종사원,차트운반원,학력무관,경력,월급 260만원 ~ 260만원,고용형태,"부산광역시 동래구 여고로 5, 세인요양병원 (사직동)",1명,2026-09-08 21:03:44
https://www.jobkorea.co.kr/Recruit/GI_Read/5575781/Ext?siteCode=WN&sc=,028407,"오리,닭가공 식품업체입니다 식품포장 & 입출고 일하실분 구합니다",창고 관리원(자재 검수원 포함),-,학력무관,관계없음,월급 250만원 이상,고용형태,"부산광역시 강서구 낙동북로102번길 71, (주)돌담축산 (강동동)",1명,2026-09-08 21:03:44
https://www.jobkorea.co.kr/Recruit/GI_Read/5575496/Ext?siteCode=WN&sc=,029904,"ERP 프로그램 관리, 사무보조 그 외 잡 사무 근무시간협의가능",사무 보조원(일반사업체),-,학력무관,관계없음,"시급 10,320원 ~ 10,320원",고용형태,"부산광역시 강서구 가리새2로13번길 7, 주식회사 비엔엔 (생곡동)",2명,2026-09-08 21:03:44
https://www.jobkorea.co.kr/Recruit/GI_Read/5574612/Ext?siteCode=WN&sc=,028508,"품질관리, 자재관리, 납품관리",품질관리 사무원(기계·자동차·금속),-,학력무관,관계없음,"연봉 3,300만원 이상",고용형태,"부산광역시 강서구 화전산단6로 85, 일성기업사 (화전동)",1명,2026-09-08 21:03:45
https://www.jobkorea.co.kr/Recruit/GI_Read/5574832/Ext?siteCode=WN&sc=,532302,"(주)영일 메리놀병원 영양팀 조리원 모집 F4지원가능(언어소통가능자), 초보자 지원 가능 주업무: 전처리 및 배식, 세척, 조리보조 업무(자격증무관) 근무시간: 05:30~14:30, 10:30~19:30 (교대근무, 8시간근무) 월 평균 급여 240만원이상 주5일근무(토, 일, 공휴일 포함) 공휴수당, 당직수당, 연차수당 지급 명절귀성여비 지급, 퇴직금 有 4대보험, 의료비감면혜택 근로계약기간은 협의후 근로계약서 작성 0 1 0-7182-8233/ 0 5 1-461-2398 면접희망시 전화면담 or 문자지원 바랍니다 문자지원예시 : [메리놀병원 영양팀] 이름/주소지",단체 급식 보조원,학교급식보조원,학력무관,관계없음,월급 240만원 이상,고용형태,"부산광역시 중구 중구로 121, 메리놀병원 영양팀 (대청동4가)",1명,2026-09-08 21:03:45
https://www.jobkorea.co.kr/Recruit/GI_Read/5574914/Ext?siteCode=WN&sc=,890000,필터 제조 전문 업체 입니다. 필터 제조 공정 에서 전용 기계 . 가공 및 필터 조립 업무 기계 관련 및 생산직 종사 했던 분 우대 합니다.,기타 제조 관련 단순 종사원,-,학력무관,관계없음,월급 215만원 ~ 270만원,고용형태,"부산광역시 강서구 과학산단로333번길 32, 에코필텍 (지사동)",1명,2026-09-08 21:03:45
https://www.jobkorea.co.kr/Recruit/GI_Read/5576087/Ext?siteCode=WN&sc=,531803,조리사/조리원구인합니다. 단체급식 요양병원 일반적인 업무입니다. am6시 ~pm6시 근무입니다. 토일상관없이 주5일근무 (공휴일수+연차1개)대체휴무 따로 발생됩니다. 한달에 기본휴무10개이상입니다. 기본급외 조리사는 면허수당따로 지급됩니다. (253+면허수당) 조리사조리원 구인입니다. 조리사는 면허증 필수입니다. 실업급여목적 방문 사양합니다 집이 근처이신 분이시면 좋겠습니다.,병원 급식 조리사,병원급식조리사,학력무관,관계없음,월급 253만원 ~ 253만원,고용형태,"부산광역시 영도구 대교동2가 절영로 21, 인제요양병원",2명,2026-09-08 21:03:45
https://www.jobkorea.co.kr/Recruit/GI_Read/5573696/Ext?siteCode=WN&sc=,550101,"가족같은 분위기에 함께 할 요양보호사 선생님 찾습니다 ^^ 1. 채용 인원 및 분야 (총 1명) - 사랑채주간보호센터 요양보호사 : 1명(정규직, 수습개월 3개월 있음) - 스타렉스, 스타리아 운전가능자(필수) - 의욕있는 요양보호사 2. 근무내용 - 어르신 프로그램 진행 및 보조 - 어르신 케어 및 송영서비스 - 급여제공기록지 작성 등 3. 근무시간 : 8시간 근무, 60분 휴게 - 09:00 ~ 18:00 (주5일) 4. 필요서류 - 이력서 - 자기소개서 - 자격증사본 - 노인학대조회, 장애인학대조회 (채용확정시 제출, 기관에서 안내함) - 건강검진.(면접시 제출)",요양보호사(노인요양사),요양보호사,학력무관,관계없음,월급 215만원 ~ 220만원,고용형태,"부산광역시 동구 중앙대로 450, 일암빌딩(사랑채주간보호센터) (좌천동)",1명,2026-09-08 21:03:46
https://www.jobkorea.co.kr/Recruit/GI_Read/5574688/Ext?siteCode=WN&sc=,307500,"[노인세상재활주간보호센터] *주간보호 간호조무사 모집합니다. *근무시간: 09:00~18:00/주5일 *급여: 220만원 *근무내용: 어르신 송영업무 , 장기요양일정관리, 전반적인 어르신 간호업무, 행정업무 *주간보호센터 경력자 우대채용함. *운전 가능자(2종운전면허증 소지) 필수 *지원방법: 이메일( goodm1004@naver.com ), 고용24 서류 확인후 면접진행 / 개별적으로 유선연락드림 *문의: 010-7272-2776",간호조무사,-,학력무관,경력,월급 220만원 ~ 220만원,고용형태,"부산광역시 금정구 금강로 528, 5층 (구서동)",1명,2026-09-08 21:03:46
https://www.jobkorea.co.kr/Recruit/GI_Read/5575490/Ext?siteCode=WN&sc=,159104,. 직무내용: 변압기 구조설계외 . 면접시 임금 협의 가능,전기·전자 장비 제도사(캐드원),전기전자제도기능사,학력무관,경력,"연봉 4,300만원 ~ 4,800만원",고용형태,"부산광역시 강서구 녹산산업북로 6, 311B",1명,2026-09-08 21:03:47
https://www.jobkorea.co.kr/Recruit/GI_Read/5574440/Ext?siteCode=WN&sc=,834000,"1.업 종 : 수배전반 및 전기자동제어반 제조 2.모집직종 : 배전반 조립원(전기결선 및 판넬조립) 3.직무내용 : 배전반 전기 결선 & 외함 조립 작업 4.근무조건 및 환경 : 주5일(52시간 근무) - 월,화,목,금 08:00~20:00(점심 60분, 저녁 30분) - 수 08:00~19:00(점심 60분) ※ 매일 10:00, 15:00 휴식시간(각 10분) ※ 근무 환경은 양호함. 5.근무장소 : 사업장 주소와 동일(부산시 강서구 미음산단4로 150) 6.급여조건 : 시급 10,320원 이상 (경력에 따라 협의) 7.자격조건 : 경력 무관(신입 가능), 경력자 우대 8.우대조건 : 동종업(배전반) 경력자, 차량소지자, 인근거주자 9.제출서류 : 이력서(이력사항 상세 기재를 부탁드립니다.) 10.접수마감 : 채용시까지 * 고용24 입사지원하십시오. * 실업급여 수급 목적의 지원은 자제를 바랍니다.",전기 및 전자설비 조작원,-,학력무관,관계없음,"시급 10,320원 ~ 12,000원",고용형태,부산광역시 강서구 미음산단4로 150 (미음동),4명,2026-09-08 21:03:47
https://www.jobkorea.co.kr/Recruit/GI_Read/5573294/Ext?siteCode=WN&sc=,028402,"1. 구매 단가 검토 및 발주 - 신규/변동 단가 검토 : 업체 견적서 비교 및 시장가 조사를 통한 적정 매입가 확인 - 단가 협상 실행 : 기존 거래처 단가 인상 요청 대응 및 합리적인 단가 조정 협의 - 발주 업무 : 생산 일정에 맞춘 원부자재 발주서(PO) 발행 및 발주 이력 관리 2. 납기 및 자재 수급 관리 - 납기 일정 관리 : 발주 자재의 입고 예정일 체크 및 지연 방지 (유선/메일 독촉) - 결품 방지 : 긴급 자재 발생 시 신속한 대응 및 대체 조달 방안 모색 - 재고 관리 : 월별 실재고 조사 지원 및 전산 재고와 실물 재고 불일치 확인 3. 협력업체 관리 - 업체 커뮤니케이션 : 발주, 납기, 불량 이슈 발생 시 업체 담당자와의 실무 소통 창구 - 신규 업체 등록 실무 : 필요 시 신규 거래처 기초 조사 및 업체 등록 행정 처리 - 거래처 평가 자료 작성 : 협력업체 정기 평가를 위한 기초 데이터(납기 준수율, 불량률 등) 취합 4. 마감 및 행정 업무 - 월 마감 정산 : 거래명세서 대조, 세금계산서 수취 및 매입 마감 확정 - ERP 전산 입력 : 품목 코드 등록, 단가 입력, 입고 처리 등 전산 데이터 관리 - 관련 서류 관리 : 견적서, 계약서, 사업자등록증 등 구매 관련 문서 편철 및 관리 5. 근무 조건 - 연봉 : 27,000,000원 (협의가능) / 중식제공 / 4대 보험 가입 / 퇴직연금 가입 - 근무시간 : 08:30~17:30 (주 5일, 40시간) 잔업 있음(주 12시간 초과 x, 수당 별도 지급). - 휴게시간 : 12:30~13:30 - 근무장소 : 부산시 강서구 새진목길11번길 11 - 고용형태 : 3개월 근로계약 후 상용직(정규직)전환 검토 - 지원자격 : 학력무관, 차량 운전 가능자 우대 - 제출서류 : 이력서, 자기소개서",자재·구매 사무원(기계·자동차·금속),-,학력무관,신입,"연봉 2,700만원 이상",고용형태,"부산광역시 강서구 새진목길11번길 11, 코닥트 2공장 (명지동)",1명,2026-09-08 21:03:47
https://www.jobkorea.co.kr/Recruit/GI_Read/5573751/Ext?siteCode=WN&sc=,706000,"- 상하수도 공사(신기술업체), 기술보조 - 사업체 주소지 및 다른 지역 공사현장(전국)에서 주로 근무 (출장가능한 분) - 식사(조식, 중식)제공 - 운전가능 (1종보통, 1톤트럭)",건설 및 광업 단순 종사원,-,학력무관,관계없음,월급 270만원 ~ 320만원,고용형태,"부산광역시 강서구 신호산단1로217번길 32, 신호동 215-8번지 (신호동)",2명,2026-09-08 21:03:48
https://www.jobkorea.co.kr/Recruit/GI_Read/5590403/Ext?siteCode=WN&sc=,561100,"*[사상구 학장동] 큰솔병원 내 청소 업무 수행 -부산 사상구 대동로 141 - 근무시간 : 주 6일 ⚫월~금: 05:30~14:30 (6.5시간) ⚫토: 05:30~12:00(5.5시간) ⚫휴게시간:(월~금) 2시간 30분( 07:30~08:30,12:00~13:30) (토) 1시간 (07:30~08:30) - 임금: 월 2,044,720원 - 즉시 출근 가능자 우대 * 기타 문의사항은 사상구청 일자리센터 (051)310-5195로 문의바랍니다.",건물 청소원,-,학력무관,관계없음,월급 204만원 ~ 204만원,고용형태,"부산광역시 사상구 대동로 141, . (학장동)",1명,2026-09-08 21:03:48
https://www.jobkorea.co.kr/Recruit/GI_Read/5576316/Ext?siteCode=WN&sc=,028405,선박식자재 견적 업무 간단한 사무 경리,자재·구매 사무원(음식료품),음식료품자재수불원,학력무관,경력,"연봉 3,400만원 ~ 3,400만원",고용형태,부산광역시 강서구 금호순서길 49 (대저2동),2명,2026-09-08 21:03:48
https://www.jobkorea.co.kr/Recruit/GI_Read/5575226/Ext?siteCode=WN&sc=,890000,"당사는 주물 제조업으로 주강, 스텐을 주로 생산합니다. 업무 특성상 힘든 부분이 있지만 가족같이 함께 일할 생산직 직원 모집합니다. 배우면서 성실하게 일하실 분 많은 지원 바랍니다.",기타 제조 관련 단순 종사원,권선공,학력무관,신입,"시급 10,320원 ~ 10,320원",고용형태,"부산광역시 사상구 낙동대로1330번길 60, 흥아금속 (삼락동)",1명,2026-09-08 21:03:49
https://www.jobkorea.co.kr/Recruit/GI_Read/5575682/Ext?siteCode=WN&sc=,232903,"1. 월,수,금요일 (17시~다음날 08시) 2. 가사활동, 신체활동(화장실) 3. 50대 남성 대상자 입니다. * 시급 13,600(주휴 등 제수당 포함)",장애인 생활지도원(장애인활동보조원 포함),-,학력무관,관계없음,"시급 10,320원 이상",고용형태,"부산광역시 사상구 백양대로 880, 1 (모라동, 우신모라아파트)",1명,2026-09-08 21:03:49
https://www.jobkorea.co.kr/Recruit/GI_Read/5570683/Ext?siteCode=WN&sc=,872102,"**축산물 제조·생산직 직원 모집** 축산물 제조업체에서 생산직 직원을 모집합니다. **주요업무** * 축산물 단순 포장 및 제품 포장 업무 * 육류 절단 및 세절 보조 * 생산라인 작업 * 제품 정리 및 출고 준비 * 작업장 정리 및 위생관리 **자격요건** * 경력무관 / 초보자 가능 * 학력무관 * 성실하게 장기근무 가능하신 분 **우대사항** * 축산물 제조·가공업체 근무 경험자 * 생산직 및 식품 제조업 경험자 * 인근 거주자 복잡한 기술을 요하는 업무보다는 육류 단순 포장, 절단 및 생산라인 작업이 주 업무입니다. 초보자도 업무를 배우면서 근무 가능합니다. 동종업계 경력자의 경우 급여 및 근무조건 별도 협의 가능합니다.",정육원,정육가공원,학력무관,관계없음,"연봉 3,000만원 ~ 3,500만원",고용형태,부산광역시 기장군 일광읍 화용길 78,1명,2026-09-08 21:03:49
https://www.jobkorea.co.kr/Recruit/GI_Read/5571923/Ext?siteCode=WN&sc=,613204,"(주)동서산업 - (레미콘 생산및납품) 영업사원 구인합니다. 주 업무는 건설현장 납품관리 물량수주 입니다. 입사 후, 사무실은 영도지만 실 업무는 부산쪽 납품관리가 다수로 현장 위주 출퇴근하는 경우도 많습니다. * 차장/과장급 경력직 구인 * 차량소지자 * 해당직무 경험자 우대 [기타 지원] - 차장 연봉 : 4,500 전후 (협의 가능) - 주유대 전액지원 - 차량유지비 30만원 - 핸드폰비 일부지원 - 영업비 지원",일반 제품 영업원,-,학력무관,경력,"연봉 4,300만원 ~ 4,500만원",고용형태,"부산광역시 영도구 해양로 225, (주)동서산업 (동삼동)",1명,2026-09-08 21:03:49
https://www.jobkorea.co.kr/Recruit/GI_Read/5570743/Ext?siteCode=WN&sc=,026501,시행사 전반 업무 재무 사무(입.출 관리),총무 및 일반 사무원,-,학력무관,경력,월급 250만원 ~ 280만원,고용형태,"부산광역시 사하구 낙동남로 1403, 4층 (하단동)",1명,2026-09-08 21:03:50
https://www.jobkorea.co.kr/Recruit/GI_Read/5571312/Ext?siteCode=WN&sc=,159103,"담당업무 -CAD 도면 작성 및 수정 -생산 일정 및 공정 관리 -자재 발주 및 입출고 관리 -현장 작업 지원 및 품질 확인 -거래처 대응 및 생산 관련 문서 작성 * 인벤터, 카티아, 솔리드웍스 등의 3D프로그램 사용 경험 있으신 분 우대. * 1개월 수습기간. @ SIP가 찾는 인재 도면만 보는 사람이 아니라 현장을 이해하고, 생산과 설계를 함께 성장시킬 수 있는 분을 기다립니다. 배우려는 자세와 책임감만 있다면 신입도 환영합니다. @성과와 역량에 따라 급여 및 처우가 지속적으로 향상됩니다.",기계·금속 제도사(캐드원),-,학력무관,관계없음,월급 250만원 ~ 280만원,고용형태,부산광역시 강서구 식만로 207-29,1명,2026-09-08 21:03:50
https://www.jobkorea.co.kr/Recruit/GI_Read/5572232/Ext?siteCode=WN&sc=,813201,"터닝(3000파이), NC선반 조작 병행 가능자 우대 조선기자재 DRUM 가공 월급은 잔업수당 포함 근무시간 월,화,목,금 - 07:30~18:40 수,격주토 -07:30~16:30 이력서 제출 : 이메일 : nano59490@hanmail.net 팩스 : 051-831-519",CNC 선반 조작원(NC 선반 조작원),CNC 보링원,학력무관,경력,월급 480만원 ~ 480만원,고용형태,부산광역시 강서구 미음산단3로 76,1명,2026-09-08 21:03:50
https://www.jobkorea.co.kr/Recruit/GI_Read/5571931/Ext?siteCode=WN&sc=,015200,"[모집직무] 물류영업 및 관리파트 총괄(부장급) [직무소개] 우리 회사는 물류창고, 복합운송주선 및 금속제품(선철) 수입을 취급하는 글로벌 비지니스 파트너입니다. 당사와 함께 물류사업의 혁신적인 성장을 이끌고, 효율적인 자산 및 현장관리를 총괄할 역량있는 전문가를 모십니다. [주요업무] - 화주사 관리 영업 목표 설정 및 달성 전략 수립 - 기존 핵심 고객사 관리 신규 시장 탐색 및 진출 전략 개발 - 매출 분석 및 성과 관리 [자격요건] - 물류영업 및 운영관리, 포워딩, 중견기업 관리파트 부장급 역량을 보유한 자 [우대사항] - 금속,철강 영업 및 관리 경험자 우대",운송 관련 관리자(부서장),운송부서장,학력무관,경력,"연봉 5,000만원 ~ 5,000만원",고용형태,"부산광역시 중구 광복로97번길 20, 502호 (동광동2가, 부산해운센터)",1명,2026-09-08 21:03:51
https://www.jobkorea.co.kr/Recruit/GI_Read/5579235/Ext?siteCode=WN&sc=,532201,"[근무지] 부산진구 부전동 더스타 뷔페 [담당업무] 뷔페 내 웨이터.웨이트리스(홀서빙원) 업무 뷔페 식당 손님응대, 홀 서빙, 정리정돈 [자격요건] 학력 : 학력 무관 경력 : 신입 가능, 경력자 우대 [근무조건] 시간 : 주 5일, 주 43.5시간 근무 평일(수,목,금)-11:00~15:30, 17:30~21:30 (하루 휴게 2.5시간) 주말-10:30~22:00, (하루 휴게 2.5시간) 월,화-휴무",호텔·레스토랑 웨이터·웨이트리스,웨이터,학력무관,관계없음,월급 245만원 ~ 245만원,고용형태,"부산광역시 부산진구 중앙대로666번길 50 (부전동, 더샵센트럴스타 상가동 지하2층)",5명,2026-09-08 21:03:51
https://www.jobkorea.co.kr/Recruit/GI_Read/5572263/Ext?siteCode=WN&sc=,706000,부산 및 경남 건설현장 안전시설물 설치 할 반장 및 반원구합니다. 경력자 우대이며 반원급도 최소 건설현장 경력 2~3년 이상되셔야 합니다. 난간대 설치 및 기타 안전시설물 설치 업무입니다.,건설 및 광업 단순 종사원,-,학력무관,경력,월급 350만원 ~ 360만원,고용형태,"부산광역시 동래구 중앙대로1473번길 13, 307호 (온천동, 벽산아스타)",5명,2026-09-08 21:03:51
https://www.jobkorea.co.kr/Recruit/GI_Read/5572250/Ext?siteCode=WN&sc=,813202,- 범용선반 - cnc선반 - 경력자 급구합니다 - 경력자 월급 300만원이상 (협의가능) -궁금하신점 있으시면 전화주세요 (전화상담후 방문),범용 선반 조작원,-,학력무관,경력,월급 300만원 이상,고용형태,"부산광역시 강서구 미음국제5로나길 15, 1636-9 (미음동)",1명,2026-09-08 21:03:51
https://www.jobkorea.co.kr/Recruit/GI_Read/5572238/Ext?siteCode=WN&sc=,821200,"터닝(3000파이), NC선반 조작 병행 가능자 우대 조선기자재 DRUM 가공 월급은 잔업수당 포함 근무시간 월,화,목,금 - 07:30~18:40 수,격주토 -07:30~16:30 이력서 제출 : 이메일 : nano59490@hanmail.net 팩스 : 051-831-519",금속가공 기계 조작원,-,학력무관,경력,월급 480만원 ~ 480만원,고용형태,부산광역시 강서구 미음산단3로 76,1명,2026-09-08 21:03:51
https://www.jobkorea.co.kr/Recruit/GI_Read/5570617/Ext?siteCode=WN&sc=,027102,"1. 주요업무 원천세, 부가세, 종소세, 법인세등 2. 사용 프로그램 세무사랑 * 신입 : 1명 * 경력 : 1명 * 이력서에 희망 연봉 기재 부탁드립니다. * 하반기(8~11월경) 주 32시간 근무 * 직급에 따라 연차 추가 지급 / 연차 자유롭게 사용 가능 / 퇴직금, 식대 별도 * 퇴직 연금 가입 2호선 감전역에서 10분 이내 거리입니다. 많은 지원 바랍니다~^^",회계 사무원(회계·세무 사무소),-,학력무관,관계없음,"연봉 2,800만원 ~ 4,000만원",고용형태,"부산광역시 사상구 대동로 303 (감전동, 부산디지털밸리)",2명,2026-09-08 21:03:52
https://www.jobkorea.co.kr/Recruit/GI_Read/5570940/Ext?siteCode=WN&sc=,531800,"- 녹산산업단지 내 산업체 구내식당 - 주방조리 - 주 5일 월 ~ 금 8시 - 17시 30분 (휴게시간 13시~14시) 금요일 8시 - 14시 30분 (휴게시간 13시~13시 30분) - 월 280만원 - 교통비 10만원 별도 지급 - 단체급식유경험자, 차량소지자 우대",단체급식 조리사,-,학력무관,경력,월급 280만원 ~ 280만원,고용형태,"부산광역시 강서구 녹산산단46로 91, 1층 구내식당 (송정동)",1명,2026-09-08 21:03:52
https://www.jobkorea.co.kr/Recruit/GI_Read/5571298/Ext?siteCode=WN&sc=,153102,"전기(PLC 프로그램) 및 계장 유경험자 폐사는 자동화기계 설계, 제작, 판매하는 업체입니다. 자체 기본 프로그램이 있기 때문에 크게 부담갖거나 하지 않으셔도 될듯 합니다.","전기계측 제어 기술자(전기패널, 계장, 공정자동화전기 등)",공장자동화PLC설계기술자,학력무관,경력,"연봉 5,000만원 이상",고용형태,"부산광역시 사상구 장인로77번길 103-11, 태산기계 (학장동)",1명,2026-09-08 21:03:52
https://www.jobkorea.co.kr/Recruit/GI_Read/5570678/Ext?siteCode=WN&sc=,307500,"안녕하세요. (구)연산동 홈플러스 앞에서 진료하는 기승한의원입니다. 주요 진료과목은 일반진료, 다이어트, 학습·성장, 체형교정, 교통사고 등이고 피부미용, 매선성형등으로 진료영역을 넓혀가고 있습니다. 저희는 치료받는 환자에게 단순한 치료가 아닌 공감과 경험이 가치있는 순간이 되도록 치료합니다. 저희 한의원은 환자에게는 ""병이 아닌 사람을 치료하고, 본연의 건강함을 깨워주는 병원""을 저를 포함한 직원들에게는 “출근하고 싶은 직장”을 목표로 합니다. 이러한 목표를 같이 설정하고, 같이 성장해 갈 수 있는 간호사 선생님을 모십니다. 단순히 돈만 버는 직장을 넘어, 때론 가족보다 더 많은 시간 함께하는 우리 한의원에서 함께할 성실한 직원 원합니다. 1. 병원소개 - 병원명 : 기승한의원 - 위 치 : 부산 연제구 반송로89, BS89빌딩 4층(구, 연산동 홈플러스 맞은편) 2. 모집개요 - 채용분야 : 간호조무사 - 직무내용 · 데스크 직원 (1명) | 주업무/ 데스크 업무, 환자 관리, 응대, 보조업무/ 검사실 업무 · 침구실, 탕전실 보조 간호조무사 (1명) | 주업무/ 치료실 보조, 보조업무/ 탕전실 마무리 업무 - 수습 기본 3개월 (업무적응도에 따라 줄어들 수 있음) 3. 지원자격 - 고졸이상 - 간호조무사 자격증 필수 * 관련업무 경험보다, 본인만의 업무 프로세스/철학이 있으신 분 우대합니다. 4. 근무조건 - 주 5.5일 근무 (매주 목요일 오전 휴진, 월차 1회)/ 주 1회 야간진료(교대) 중 택 1 - 근무시간 · 월, 화, 수, 금 | 09:30 – 19:00 · 목 | 14:00 - 20:30 (직원끼리 돌아가면서 야간근무) · 토 | 09:30 – 14:00 (점심휴게 : 월~금 13:00-14:00, 토요일은 점심시간없음) · 일요일, 법정 공휴일 휴무 진료중이니 전화지원은 자제부탁드려요 : )",간호조무사,-,학력무관,관계없음,"연봉 2,800만원 이상",고용형태,부산광역시 연제구 반송로 89 (연산동),1명,2026-09-08 21:03:52
https://www.jobkorea.co.kr/Recruit/GI_Read/5570559/Ext?siteCode=WN&sc=,550102,"77세 2등급 여자 어르신입니다 치매는 없으시고 보행이 힘들어 휠체어 이용하시고 잡고 일어서기는 가능 합니다 산책 및 병원동행이 주 업무이고 가사지원은 약간 도움 필요합니다 주휴수당 포함 시 13,500원",재가 요양보호사,재가요양보호사,학력무관,관계없음,"시급 10,320원 ~ 10,320원",고용형태,"부산광역시 사상구 학감대로 62, 1405호 (학장동, 구덕극동아파트)",1명,2026-09-08 21:03:53
https://www.jobkorea.co.kr/Recruit/GI_Read/5571584/Ext?siteCode=WN&sc=,015100,"1. 채용즉시 출근가능자 2. 근면.성실하며 책임감이 강한자 3. 철판, 형강류등 각종 철강 관련 영업 4. 철강 영업 경험자 우대 5 .연봉은 경력에 따라 차등지급 (면접 후 결정) 6. 장기근속자 및 우수사원 포상 7. 유류비 지원 (연봉외 추가지급) 8. 우수사원 포상 9. 가족같은 분위기 / 회식 및 연장근무 강요 안함",영업 및 판매 관련 관리자,-,학력무관,경력,"연봉 6,000만원 이상",고용형태,부산광역시 강서구 미음산단2로16번길 30 (구랑동),1명,2026-09-08 21:03:53
https://www.jobkorea.co.kr/Recruit/GI_Read/5571922/Ext?siteCode=WN&sc=,813212,현장 레이저 절단 더보기,레이저 절단원,레이저절단원,학력무관,경력,"연봉 4,000만원 ~ 4,200만원",고용형태,"부산광역시 사상구 새벽로17번길 54, 학장동 (학장동)",1명,2026-09-08 21:03:53
https://www.jobkorea.co.kr/Recruit/GI_Read/5571359/Ext?siteCode=WN&sc=,550101,"소망노인복지센터 시설요양보호사 모집 D근무자/ 2교대근무자 / 연령제한없음 / 정년퇴직없음 *직무내용: 요양보호사 업무, 어르신 케어 *근무지:부산진구 월드컵대로 467번길 5 (초읍동) *근무시간: 08:00~17:00/ 나이트킵 근무자 휴무시 대체근로(월4-5회정도) 17:00-08:00 (월~일요일 중 주5일 탄력적 조정가능함/) *급여: 2,157.000 (야간수당 별도) *복리후생 - 포 상 금 100,000원 (분기별) - 복지수당 60,000원 (매 달) - 식 대 비 70,000원 (매 달) - 생일축하금 30.000지급 / 명절수당 50.000지급 -정년없음 *고용형태: 계약직 (수습3개월 있음, 급여동일) *자격면허: 요양보호사(필수) *제출서류: 이력서 *접수방법: 팩스(051-809-6767), 이메일 지원(somang6688@daum.net) *접수마감: 채용 시 마감",요양보호사(노인요양사),요양보호사,학력무관,관계없음,월급 215만원 이상,고용형태,"부산광역시 부산진구 월드컵대로467번길 5, 소망노인복지센터 (초읍동)",1명,2026-09-08 21:03:53
https://www.jobkorea.co.kr/Recruit/GI_Read/5570711/Ext?siteCode=WN&sc=,307500,* 요양원 간호조무사 업무 전반 - 주 5일 근무 / 월 1-2회 토요일 당직 근무 있음(토요일 근무 시 평일 대체 휴무 적용) - 차량 운전 필수 (레이) - 임금 230만원 이상(협의 가능) - 3개월 수습기간 있음 ** 가급적 방문 접수를 자제하여 주시고 팩스 또는 이메일 접수 부탁 드립니다. << 팩스 051-303-1250 / 이메일 jhhappy1001@naver.com 접수 >> ※ 서류 접수 후 합격자에 한해 별도 전화 연락 드립니다.,간호조무사,-,대졸(2~3년)~대졸(4년),경력,월급 230만원 이상,고용형태,부산광역시 사상구 백양대로 687-23 (덕포동),1명,2026-09-08 21:03:53
https://www.jobkorea.co.kr/Recruit/GI_Read/5570712/Ext?siteCode=WN&sc=,304000,* 노인요양시설 입소자 간호 관리 업무 - 주 5일 근무 / 월 1-2회 토요일 근무 있음 (토요일 근무 시 평일 대체 휴무 적용) - 차량운전 필수(레이) - 임금 270만원 이상(협의 가능) - 3개월 수습기간 있음 ** 가급적 방문접수를 자제하여 주시고 팩스 또는 이메일 접수 부탁 드립니다. << 팩스 051-303-1250 / 이메일 jhhappy1001@naver.com 접수 >> ※ 서류 접수 후 합격자에 한해 별도 전화 연락 드립니다.,간호사,-,대졸(2~3년)~대졸(4년),경력,월급 270만원 이상,고용형태,부산광역시 사상구 백양대로 687-23 (덕포동),1명,2026-09-08 21:03:53
https://www.jobkorea.co.kr/Recruit/GI_Read/5571156/Ext?siteCode=WN&sc=,550102,"따뜻한 마음으로 어르신을 가족처럼 케어해 주실 소중한 요양보호사 선생님을 모집합니다. 어르신으로 거동이 양호하셔서 식사 및 가사 지원 중심의 편안한 업무입니다. 📋 근무 조건 근무 형태: 방문요양 근무 지역: 부산시 서구 부영로 (부용동) 근무 요일: 월,화,수,목,금 (주 5일) ※시간 조정 어려움 근무 시간: 08:00~11:00 (하루 3시간) 급여 조건: 시급 13,000원 (제수당 포함) 👵 대상자 정보 및 케어 내용 대상자: 76세 남자 어르신 (장기요양 4등급) 건강 상태: 거동 문제 없음 주요 업무: 어르신과 산책동행 및 기본적 케어 ⭐ 기타 참고 사항 거동이 원활하셔서 케어 난이도가 높지 않으며, 청소 및 밑반찬 도움은 원하지 않으시고 산책동행 및 어르신 곁에서 기본적 케어만 해주시면 됩니다. 궁금하신 점은 051-925-9972로 연락주시기 바랍니다.",재가 요양보호사,재가노인요양사,학력무관,관계없음,"시급 10,320원 ~ 10,320원",고용형태,"부산광역시 서구 고운들로35번길 42, 부민초등학교 근처 (부민동3가)",1명,2026-09-08 21:03:54
https://www.jobkorea.co.kr/Recruit/GI_Read/5572123/Ext?siteCode=WN&sc=,813201,"[모집직무] CNC선반 조작,단조원(1년이상 유경험자우대) [직무소개] 본 직무는 단조금형 제작에 중점을 두고 있습니다. [주요업무] - 단조금형 제작 - 기계 작동 및 관리 - 제품 품질 검사 및 관리 - 디자인 자료에 따라 금형 제작 - 다양한 금형 소재 활용",CNC 선반 조작원(NC 선반 조작원),-,학력무관,경력,월급 270만원 이상,고용형태,부산광역시 강서구 대저중앙로348번길 8-15 (대저1동),1명,2026-09-08 21:03:55
https://www.jobkorea.co.kr/Recruit/GI_Read/5571490/Ext?siteCode=WN&sc=,824102,"[모집직무] 전기용접원(아크,알곤,티그용접원), [직무소개] (주)동해공영은 스테인리스 단열창호, 단열도어, 자동문 등을 전국적으로 공급하는 기업입니다. 본 채용은 스테인리스 방화창호 및 방화문 제조 담당자를 모집합니다. [주요업무] - 스테인리스 방화창호 및 방화문 제작 - 1~1.5T 알곤 용접 작업 - 제품 품질 관리 및 검사","전기용접원(아크,알곤,티그용접원)",전기용접원,학력무관,신입,월급 260만원 ~ 300만원,고용형태,부산광역시 강서구 녹산산단382로60번길 50,2명,2026-09-08 21:03:56
https://www.jobkorea.co.kr/Recruit/GI_Read/5570422/Ext?siteCode=WN&sc=,532300,"유치원에서 급식실 설거지 보조원을 모집합니다. 유치원 급간식 설거지 및 보조 업무를 성실히 도와주실분을 모집하고 있으니 아래의 내용을 참고하시고 근무를 희망하시는 분은 이메일로 서류를 제출해 주시기 바랍니다. *설거지 보조* 1. 근무 시간 : 11:40~13:40 2. 급 여 : 시간당 12,000원 3. 주 소 : 부산진구 백양관문로112(당감동) 미소유치원 4. 이력서는 메일로 제출 (사진첨부 필수) 메일 : chiwon1002@daum.net 5. 서류제출 이후 면접 일정은 개별적으로 안내드리겠습니다.",주방 보조원,-,학력무관,신입,"시급 12,000원 ~ 12,000원",고용형태,"부산광역시 부산진구 백양관문로 112, 미소유치원 (당감동)",1명,2026-09-08 21:03:56
https://www.jobkorea.co.kr/Recruit/GI_Read/5571315/Ext?siteCode=WN&sc=,028502,"• 양산 수주 관리 • 출하, 납품관리 • 고객 불만접수 • 고객 수신,발신 관리",생산관리 사무원(기계·자동차·금속),-,대졸(2~3년)~박사,경력,"연봉 3,500만원 ~ 3,600만원",고용형태,"부산광역시 강서구 녹산산업북로313번길 40, 송정동 (송정동)",1명,2026-09-08 21:03:56
https://www.jobkorea.co.kr/Recruit/GI_Read/5570557/Ext?siteCode=WN&sc=,232903,"[모집직무] 장애인 케어, 센터 이동 지원, 교육 및 치료 프로그램 지원 [상세시간별 주요업무] (월)~(금) - 7:00~8:00 등교 - 16:10~16:30 하원, 치료센터 이동 지원 - 16:50~17:50 소운동수업 - 17:50~ 18:40 집도착(요일마다 이동 변동있음) (토) - 16:30~18:00 치료 이동 - 17:00~18:30 수영치료 - 18:00~19:30 놀이치료 *장애인 활동 120시간*",장애인 생활지도원(장애인활동보조원 포함),-,학력무관,관계없음,"시급 13,500원 ~ 13,500원",고용형태,"부산광역시 남구 유엔로 81 (대연동, 대연푸르지오클라센트)",1명,2026-09-08 21:03:56
https://www.jobkorea.co.kr/Recruit/GI_Read/5571585/Ext?siteCode=WN&sc=,415406,"컴퓨터로 대부분 기존 틀에서 수정하여 작업 진행하며, 일부는 새로 제작하는 경우도 있습니다. -도면 및 디자인 작업 -필름 편집 및 출력 작업 -명판 제작 도안 제작 -사무 업무 보조 - Adobe 일러스트, 오토캐드 사용 가능자",기타 시각 디자이너,서체디자이너,학력무관,관계없음,"연봉 2,600만원 이상",고용형태,부산광역시 사하구 장림번영로104번길 28 (장림동),1명,2026-09-08 21:03:57
https://www.jobkorea.co.kr/Recruit/GI_Read/5571626/Ext?siteCode=WN&sc=,706002,철거한 샷시 자재(pvc) 해체 작업자 구합니다 단순 바라시 작업으로 초보자 가능합니다. 철거팀에서 철거 해온 샷시는 공장 내부에서 바라시 하는 작업입니다 1톤 트럭 운전가능자 우대합니다(오토) 별다른 기술은 요하는 작업이 아니니 오셔서 천천히 배우시면 됩니다 궁금하신 점이나 면접가능하신분들 연락주세요,건설·채굴 단순 종사원,건물건설잡역부,학력무관,신입,"일급 100,000원 ~ 100,000원",고용형태,"부산광역시 사상구 학장로 133, 1동 (학장동)",2명,2026-09-08 21:03:57
https://www.jobkorea.co.kr/Recruit/GI_Read/5571968/Ext?siteCode=WN&sc=,231400,<담당 업무> - 훈련생 입학상담 및 직업상담 - 훈련생 진로상담 및 취업지원 업무 - 직업훈련 행정지원 업무 <자격 요건> - 신입 / 경력 가능 - 직업상담사2급 이상 자격증 소지자,직업 관련 상담사,직업상담사,학력무관,관계없음,"연봉 2,880만원 ~ 2,880만원",고용형태,"부산광역시 부산진구 중앙대로 900 (양정동, 양정타임스퀘어)",1명,2026-09-08 21:03:57
https://www.jobkorea.co.kr/Recruit/GI_Read/5571378/Ext?siteCode=WN&sc=,232100,어린이집 1세반 담임교사,보육교사,어린이집센터장,학력무관,경력,월급 215만원 이상,고용형태,"부산광역시 북구 만덕3로 19-1, (만덕동)",1명,2026-09-08 21:03:58
https://www.jobkorea.co.kr/Recruit/GI_Read/5571917/Ext?siteCode=WN&sc=,140501,"주식회사 국토개발보상 토지조사 및 보상근무 사무(외근)직 채용 근무예정지 : 금정구 중앙대로 1799 (유림노르웨이아침 406호/구서동) 근무시간 : 주5일 (09:00 ~ 18:00) 급여 : 연봉 3,000만 / 식대, 유류대 별도 지원 **공인중개사 자격증 소지자, 운전 가능자, 자차 소지자, 지방 출장 가능자, 우대사항 : 보상관리사 우대, 인근거주자 우대, 경력자 우대 (신입도 지원 가능) 지원 방법 : 이메일 지원만 가능 (leesh1137@naver.com) 문의 전화 : 051-911-8743",도시 계획·설계가,-,학력무관,경력,"연봉 3,000만원 이상",고용형태,"부산광역시 금정구 중앙대로 1799, 406호 (구서동, 유림노르웨이아침)",2명,2026-09-08 21:03:58
https://www.jobkorea.co.kr/Recruit/GI_Read/5571058/Ext?siteCode=WN&sc=,532200,"-근무장소 부산 해운대구 구남로41번길 17-1 1층 허니바 벌집아이스크림 (해운대역 도보 6분거리) -근무시간 일5~6시간 휴게 30분포함 평일 오후6시~오후11시/주말 오후5시~오후 11시 (주말/공휴일 포함 근무 가능) -근무기간 6개월~1년이상 -업무내용 고객응대 및 계산 아이스크림, 커피 제조및 시식 상품정리 및 보충, 청소 등 매장 관련 전반적인 업무 -급여 시급 11000원 (신입은 3개월 근무후,경력자는 주말 시급 13000원 지급) 주휴수당 별도 1년이상 근무시 퇴직금 -지원자격 성인 몸 건강하신 분(40,50대도 충분히 할수있는 간단한 일 입니다) 주어진 일 성실하게 일하실분 무경력 초보 가능 건강진단 결과서(보건증) 소지 가능한 분 (식품접객업 종사자 필수사항/입사 확정 후 제출) -복리후생 4대보험과 매장 아이스크림 및 커피 취식 가능 직원용 도시락과 음료수도 있습니다. 그외 등등",식음료 서비스 종사원,-,학력무관,신입,"시급 11,000원 ~ 13,000원",고용형태,"부산광역시 해운대구 구남로41번길 17-1, 허니바 벌집아이스크림",2명,2026-09-08 21:03:59
https://www.jobkorea.co.kr/Recruit/GI_Read/5571744/Ext?siteCode=WN&sc=,532202,"통영해물밥상(동래점) 홀(캐셔,서빙) & 주방 정직원 & 파트 모집 ☆ 홀(캐셔,서빙) / 주방보조 정직원 ☆ -홀서빙 / 주방보조 정직원 근무시간 : 10시ㅡ20시 or 12시ㅡ22시 근무 (휴게90분 있음) 근무요일 : 주5일 근무(토,일포함) 주2회(평일)휴무 4대보험+퇴직금有, 식사제공, 급여협의 (수습기간 필요) , ☆ 홀 / 주방보조 오전/오후 파트타임 직원☆ -홀서빙 / 주방보조 파트타임 근무시간 : 오전반 : 10시ㅡ3시 (5시간근무 휴게 30분 ) 오후반 : 5시ㅡ 10시 30분 (5시간근무 휴게 30분) 근무요일 : 주5일 근무(토,일포함) 주2회(평일)휴무 4대보험+퇴직금有, 식사제공, 급여협의 (수습기간 필요) , ☆ 홀서빙, 주방보조 주말반 ☆ 근무시간: 오픈 : 10시ㅡ20시 (휴게 90분) 마감 : 12시ㅡ22시 (휴게 90분) 주휴수당 有, 4대보험가능,식사제공, 즐겁게 오래 같이 근무하실 수 있는 분 환영합니다~ 밝은 성격과 배우고자 하는 의지를 가지신 분이면 누구나 가능합니다. 서로서로 팀플레이가 좋았으면 합니다^^ 담당자명 : 인사담당자 부재시 문자 지원 부탁 드립니다. 10:00~20:00 문자가능시간 참고하시어 ""이름/나이/거주(동)/분야(홀서빙,주방보조,캐셔,주차)/파트/시간"" 남겨 주세요. <면접 진행 시 이력서 꼭 지참해주세요.>",일반 음식점 접객서빙원,-,학력무관,관계없음,"시급 10,320원 ~ 10,400원",고용형태,"부산광역시 동래구 연안로 38, 1층 통영해물밥상 동래점 (안락동)",3명,2026-09-08 21:03:59
https://www.jobkorea.co.kr/Recruit/GI_Read/5570767/Ext?siteCode=WN&sc=,232100,"[모집직무] 보육교사 [직무소개] 우리 어린이집은 아이들의 성장과 발달을 위해 최선을 다하는 친절하고 열정적인 보육을 제공합니다. 영아반 책임 보육교사로서 아이들의 건강한 성장을 돕고 사랑으로 가득한 환경을 조성하는 데 기여해주세요. [주요업무] - 영아들의 신체적, 정신적, 사회적 발달을 돕는 교육과 놀이 프로그램 운영 - 영아들의 건강 상태를 관찰하고 기록, 필요시 부모님께 상담 - 안전하고 깨끗한 환경을 유지 - 다른 보육교사들과 협력하여 어린이집 운영에 참여 - 아이들을 위한 다양한 활동 계획 및 준비 - 일반적인 보육교사 업무",보육교사,-,고졸~대졸(4년),신입,월급 231만원 ~ 231만원,고용형태,"부산광역시 동래구 안남로 9, 102동 101호 (낙민동, 동래우성아파트)",1명,2026-09-08 21:03:59
https://www.jobkorea.co.kr/Recruit/GI_Read/5570540/Ext?siteCode=WN&sc=,550102,"<반송 주공아파트 거주> - 4등급/ 할아버지/83세 독거 - 거동이 불편하여 외출 시 휠체어 사용 - 주5일 - 12:30~15:30(3시간) - 시급 10,320원(주휴수당 별도) 문의 및 지원 핸드폰 010-9606-7342",재가 요양보호사,-,학력무관,관계없음,"시급 10,320원 이상",고용형태,"부산광역시 해운대구 신반송로 200, . (반송동, 주공아파트)",1명,2026-09-08 21:03:59
https://www.jobkorea.co.kr/Recruit/GI_Read/5568210/Ext?siteCode=WN&sc=,532302,"-대진전자통신고등학교 급식보조원 채용 -주5일 11:30~14:20 (주14시간) -시급 12,380원 -계약기간: 채용시부터 - 2027.01.06 -접수기간: 2026.09.03(목)~09.07(월) 14:00까지 -접수방법 : 방문, 전자우편 (source@korea.kr) -대진전자통신고등학교 홈페이지 자사양식 참조 또는 아래 첨부 파일 참조 -이력서, 자기소개서, 경력증명서 -문의 : 051-580-5110",단체 급식 보조원,-,학력무관,관계없음,"시급 12,380원 이상",고용형태,부산광역시 금정구 수림로 92,1명,2026-09-08 21:04:00
https://www.jobkorea.co.kr/Recruit/GI_Read/5571332/Ext?siteCode=WN&sc=,154100,PVC 레쟈 우레탄 레쟈 표면처리제 칼라 조색 유경험자,화학공학 기술자 및 연구원,-,학력무관,경력,"연봉 3,500만원 ~ 4,500만원",고용형태,"부산광역시 강서구 녹산산단262로13번길 35, 동화정밀화학(주)",1명,2026-09-08 21:04:00
https://www.jobkorea.co.kr/Recruit/GI_Read/5572439/Ext?siteCode=WN&sc=,890006,"■ 업무 내용 담당 업무: 학교급식용 건어물 단순 소분 및 포장 작업 업무 난이도: 누구나 쉽게 할 수 있는 단순 반복 업무입니다. ■ 지원 자격 성별 : 무관 연령 : 연령 무관 (나이가 많으셔도 성실하게 오래 함께 일하실 분 환영합니다.) 우대 사항: 동종 업계 근무 경험자 우대, 성실하고 꼼꼼하신 분 ■ 근무 조건 근무 형태 : 정직원 근무 요일: [ 월 ~ 금 ] 근무 시간: [08:30 ~ 17:30 (휴게시간 12:00~13:00(1시간)) 급여: [(세전)월급 220만원] ★본 업무는 학교 급식 특성상 방학 기간에는 물량 감소로 인해 근무 시간이 조정되거나 급여가 일부 변동될 수 있습니다. ■ 복지 4대보험 가능,퇴직금 지급 ,중식 제공,야근 거의 없음,회식 강요 안함",식품 분야 단순 종사원,-,학력무관,관계없음,월급 220만원 이상,고용형태,부산광역시 강서구 맥도강변길 905-1 (대저2동),1명,2026-09-08 21:04:01
https://www.jobkorea.co.kr/Recruit/GI_Read/5569582/Ext?siteCode=WN&sc=,890006,오징어가공(단순손질 포장) 구인합니다 09:00~17:00 주5일 35시간근무 경력무관,식품 분야 단순 종사원,식품분야 단순노무자,학력무관,관계없음,"시급 10,320원 ~ 10,320원",고용형태,"부산광역시 서구 원양로 35, 도매장동2층 118호 (암남동, 국제수산물도매시장)",2명,2026-09-08 21:04:01
https://www.jobkorea.co.kr/Recruit/GI_Read/5570122/Ext?siteCode=WN&sc=,873102,- 수산물 원재료 입출고 및 상품 입출고 관리 - 상품 포장 및 생산관리 - 가공수산물 관리 및 생산지원 - 차량운행가능한 분 - 수습기간 2개월 있슴 - 중식제공(or 식대지급) - 연령무관 ** 토요일 오전근무 있습니다** *구직활동 목적만을 위한 이력서지원은 사절합니다,어패류(수산물) 가공기계 조작원,수산물원료처리원,학력무관,관계없음,"연봉 3,000만원 이상",고용형태,"부산광역시 서구 원양로 35, 도매장동2층 118호 (암남동, 국제수산물도매시장)",1명,2026-09-08 21:04:01
https://www.jobkorea.co.kr/Recruit/GI_Read/5569867/Ext?siteCode=WN&sc=,890000,▶직무내용 - 부품조립 및 프레스작업,기타 제조 관련 단순 종사원,단순조립원,학력무관,관계없음,월급 215만원 이상,고용형태,"부산광역시 강서구 체육공원로6번길 181-22, 현대정공 (대저1동)",1명,2026-09-08 21:04:01
https://www.jobkorea.co.kr/Recruit/GI_Read/5570112/Ext?siteCode=WN&sc=,024401,"[관광·문화·MICE 행사 기획 및 운영 지원] - 관광·문화·MICE 행사 기획 및 운영 지원 - 페스티벌, 전시, 컨벤션 등 다양한 이벤트 기획 참여 - 행사 홍보·마케팅 아이디어 제안 및 콘텐츠 제작 지원 - 최신 행사·관광 트렌드 리서치 및 프로그램 기획 참여 - 현장 운영 지원 및 파트너사·참여팀과의 협업 경험 [기획 사례] - 스트릿댄스 페스티벌 기획 → 지역 관광 체험이 결합된 캠프 프로그램 운영 - 의료관광 컨벤션 기획 → 해외 바이어 대상 팸투어·체험 프로그램 설계 - 해양 모빌리티 안전 엑스포 기획 → 전시 부스·체험 프로그램 운영",행사·이벤트 기획자,행사기획자,학력무관,관계없음,월급 215만원 ~ 270만원,고용형태,"부산광역시 남구 수영로 74-5, 210호 (문현동, 무학프라자)",1명,2026-09-08 21:04:01
https://www.jobkorea.co.kr/Recruit/GI_Read/5569753/Ext?siteCode=WN&sc=,028400,"(주) 부림교역에서 함께 할 직원을 공개 채용합니다. 담당업무 : 보세창고 입출고, 화주 관리, Nwill 프로그램 사용. 인 원 : 1명 공통사항 : - 대인관계 소통이 원만한 분 - 꼼꼼하고 성실한 분 우대사항 : 물류관련 전공. 창고 사무 업무 경험자. 면접장소 : 부림교역 본사 (부산광역시 강서구 범방동 1911-3번지 물류센터 5층 사무실) 근무지 : 부림교역 본사 (부산광역시 강서구 범방동 1911-3번지 물류센터 ) 출퇴근 관련 : 회사 ~ 사상구 주례동~ 서면으로 운행 중 자체 식당 보유 점심 제공 ** 3개월 인턴 적용 후 정직원 채용",자재관리 사무원,-,학력무관,경력,"연봉 3,000만원 ~ 4,000만원",고용형태,"부산광역시 강서구 범방3로30번길 12, 5층사무실 (범방동)",2명,2026-09-08 21:04:02
https://www.jobkorea.co.kr/Recruit/GI_Read/5569788/Ext?siteCode=WN&sc=,159104,"- PLC 프로그래밍 - 이플랜, AUTO CAD 가능자 - 기계설비 설계, 시운전 담당 2명 모집 - 전기 회로 설계, 시운전 경력자 우대(경력에 따라 연봉 협상 가능) - 관련 자격증, 전공자 우대",전기·전자 장비 제도사(캐드원),전기전자제도사,학력무관,경력,"연봉 4,000만원 ~ 5,000만원",고용형태,"부산광역시 사상구 대동로 303, 707호 (감전동)",2명,2026-09-08 21:04:02
https://www.jobkorea.co.kr/Recruit/GI_Read/5568406/Ext?siteCode=WN&sc=,821200,"[주식회사 코사알앤디 생산직 채용 공고] ✅모집 직무 - 직무: 생산직 (1명) - 담당 업무: 금속 판재 절곡 및 용접 작업 ✅지원 자격 - 신입 및 관련 업종 1년 이상 경력자 우대 - 병역의 의무를 완료한 자 - 해외여행 결격 사유가 없는 자 ✅우대 사항 - 실무 관련 자격증 보유자 (용접 기능사, 판금 기능사 등) - 판금 도면 해독 가능자 - 동종업계 경력자 (1년 이상) ✅근무 조건 - 급여: 연봉 3,000만 원 ~ 3,200만 원 (경력자의 경우 협의) - 근무 형태: 수습기간 3개월 (급여 100%) 적용 후 정규직 전환 - 근무 일시: 주 5일 (월-금), 08:00-17:00 - 근무 지역: 부산 강서구 미음동 ✅복리후생 - 급여: 4대보험, 퇴직금, 연차수당 - 생활: 점심 제공, 잔업 시 저녁 제공, 작업복 및 보호장비 지급 - 기타: 법정 공휴일 휴무, 자율적인 연차 사용, 출산휴가 등 ✅채용 절차 📌 서류 전형 → 🗣 1차 면접 (대면) → ✅ 최종 합격 - 서류 전형 합격자에 한해 개별 연락을 통해 면접 진행 ""면접에서는 조직 적합성과 실무 역량을 중점적으로 평가합니다."" - 최종 합격자는 면접 후 5일 이내 개별 통보 ✅지원 방법 - 본 채용 공고가 게시된 사이트에서 온라인 지원 ""이력서 및 자기소개서는 필수 제출이며, 관련 자격증 보유 시 함께 첨부 바랍니다."" - 마감일: 채용 시 마감 ✅유의 사항 - 제출한 서류에 허위 사실이 있을 경우, 채용이 취소될 수 있습니다. 많은 관심과 지원 바랍니다!",금속가공 기계 조작원,-,학력무관,관계없음,"연봉 3,000만원 ~ 3,200만원",고용형태,"부산광역시 강서구 미음산단로295번길 7, 2 (미음동)",1명,2026-09-08 21:04:02
https://www.jobkorea.co.kr/Recruit/GI_Read/5568030/Ext?siteCode=WN&sc=,813205,"※ 모집부문 및 상세내용 ▶ 모집분야 - 기계가공 : 딥홀머신(DEEPHOLE MACHINE) 조작원 ▶ 자격요건 - 학력 : 무관 - 경력 : 신입/경력(년수무관) (★초보환영) ▶ 우대사항 - 딥홀 경력직 우대(년수무관) - 범용선반 경력직 우대(경력 1~3년) - 장기근속 가능자 우대 ▶ 근무조건 - 근무형대 : 정규직(수습기간:3개월-급여 100% 지급) ▶ 근무시간 - 근무일시 : 월~금(주간) / 월~금(야간) - 2주 2교대 근무 (주간/야간) - 주간 : 월~목 08:00 ~ 20:00 / 금 08:00 ~ 19:30 - 야간 : 월~목 20:00 ~ 08:00 / 금 19:30 ~ 07:00 ▶ 휴게시간 - 주간 : 월~금 12:00 ~ 13:00, 17:00~17:30 - 야간 : 월~금 02:00 ~ 03:30 ▶ 급여조건 - 상여금 연 60% (1년 3회 20%씩 분할지급) (설날, 하계휴가, 추석) - 사내 식사 2식 제공(주간 : 중식,석식 제공 / 야간 : 야식 제공) - 퇴직금 - 사회보험(고용보험, 산재보험, 건강보험, 국민연금) ▶ 근무혜택 - 명절 선물 지급 - 사내 식사(중식, 석식, 야식) 제공 - 근무복 및 안전화 지급 - 근무복 세탁 ▶ 전형절차 - 서류심사 ㅡ 면접 ㅡ 최종합격 ▶ 접수기간 및 방법 - 접수기간 : 채용시 마감 - 지원방법 : 온라인 지원 - 제출서류 : 이력서, 자기소개서 제출 - 기타사항 : 입사지원 서류에 허위사실이 발견될 경우, 채용확정 이후라도 채용이 취소될 수 있습니다.",드릴링기 및 보링기 조작원,건드릴M/C조작원,학력무관,관계없음,"시급 10,320원 이상",고용형태,부산광역시 사상구 가야대로134번길 19,1명,2026-09-08 21:04:02
https://www.jobkorea.co.kr/Recruit/GI_Read/5568199/Ext?siteCode=WN&sc=,550102,"4등급 여자 어르신 (1940년생) 독거, 자립보행 가능 ■ 주요 업무 청소 및 주변환경 정리 일상생활 지원 및 가사 지원 병원 동행 및 외출 동행 등 ■ 근무조건 주 3일 (월, 수 금) 09:00~12:00 (1일 3시간) ■ 급여 포괄 시급 13,000원 ※ 주휴수당, 연차수당, 보전수당 등 포함 ■ 어르신을 편안하게 모실 수 있는 책임감 있고 성실한 요양보호사님을 모십니다.",재가 요양보호사,-,학력무관,관계없음,"시급 10,320원 ~ 10,320원",고용형태,"부산광역시 남구 용주로 36, 용호동 (용호동, 데시앙 해링턴 플레이스 파크시티)",1명,2026-09-08 21:04:02
https://www.jobkorea.co.kr/Recruit/GI_Read/5569879/Ext?siteCode=WN&sc=,026100,"[모집직무] 영업 및 마케팅 사무원, 영업 기획·관리·지원 사무원, 고객 상담 및 모니터 요원 [직무소개] 우리 회사는 끊임없이 성장하고 있는 기업입니다. 영업 및 행정 분야에 능숙한 지원팀원을 찾고 있습니다. [주요업무] - 영업 관련 자료 준비 및 관리 - 일일 운영 업무 지원 및 처리 - 문서 작성 및 관리 - 외부 업체 및 고객과의 소통 - 회사 행정 업무 지원",경영 기획 사무원,기획사무원,대졸(2~3년)~대졸(4년),신입,월급 220만원 이상,고용형태,"부산광역시 동래구 중앙대로1473번길 8, 3층 (온천동)",1명,2026-09-08 21:04:02
https://www.jobkorea.co.kr/Recruit/GI_Read/5568453/Ext?siteCode=WN&sc=,231100,"[범방동] 참좋은꿈바위요양원 사회복지사 채용정보 ▷ 근무장소 : 참좋은꿈바위요양원 (부산시 강서구 범방3로46번길 3) ▷ 근무내용: 요양원 시설 시스템 업무 어르신 서류 관리 프로그램 관리 ▷ 근무시간 : 09:00-18:00 (주5일) ▷ 휴게시간 : 1시간 ▷ 급여 : 월 2,160,000원 이상 (임금 협의 가능 - 기타 수당 및 유류비 별도 지급) ▷ 필수사항 : 운전면허 / 경력 1년 이상 ※ 지원문의 : 051-971-0203/ 010-3877-3606",사회복지사,-,학력무관,경력,월급 216만원 이상,고용형태,"부산광역시 강서구 범방3로46번길 3, 범방동1901-1 (범방동)",1명,2026-09-08 21:04:03
https://www.jobkorea.co.kr/Recruit/GI_Read/5568187/Ext?siteCode=WN&sc=,890006,수산물 소분 및 포장 단순가공 꽃게작업 외 수산물 가공작업 수산물 제조업무(이모님들 작업하실때 수산물 박스 날라주실 분) 지게차 및 운전가능자 우대 경력자 우대 3개월 수습기간 후 정직원 계약 가능 잔업 및 특근수당 별도지급 수습기간동안 최저시급 3개월 후 시급 인상 - 이력서 지참 후 방문 면접 - 12시~오후1시(점심시간에는 전화를 삼가주세요) - 퇴직연금 - 중식 제공 ※ 상세 근무시간 08:00 ~ 17:00 (휴게시간 20분 있음 15:40~16:00) 13:00 ~ 17:00(오후근무 하실분 지원 4시간 근무),식품 분야 단순 종사원,식품분야 단순노무자,학력무관,신입,"시급 10,320원 이상",고용형태,"부산광역시 사하구 다대로1066번길 43, 주식회사 복주 (장림동)",5명,2026-09-08 21:04:03
https://www.jobkorea.co.kr/Recruit/GI_Read/5568436/Ext?siteCode=WN&sc=,890000,- 유공압 제품 제작 및 조립 - 근무시간 : 08:00~17:00 / 주5일 - 상여금 :250% - 접수 방법 : 이력서 팩스 지원(051-313-8673),기타 제조 관련 단순 종사원,-,학력무관,관계없음,월급 220만원 ~ 220만원,고용형태,부산광역시 사상구 사상로385번길 26 (덕포동),1명,2026-09-08 21:04:03
https://www.jobkorea.co.kr/Recruit/GI_Read/5568397/Ext?siteCode=WN&sc=,027200,• 사무직 경리 업무(재고/발주/입고/회계/견적업무 外) • 근무형태 : 계약직(급여90%) 1~3개월 평가 후 정규직 전환 • 급여 : 연3000만원 / 퇴직급 별도지급,경리 사무원,-,학력무관,관계없음,"연봉 3,000만원 ~ 3,000만원",고용형태,"부산광역시 강서구 유통단지1로57번길 34, (부산자동차부품유통단지) (대저2동)",1명,2026-09-08 21:04:04
https://www.jobkorea.co.kr/Recruit/GI_Read/5568462/Ext?siteCode=WN&sc=,027102,"매월 원천세,4대보험 업무,부가세,종합소득세,법인세 등 장부 입력 및 결산조정까지 가능해야합니다.",회계 사무원(회계·세무 사무소),회계사무원(회계사무소),학력무관,경력,월급 275만원 ~ 300만원,고용형태,"부산광역시 사상구 대동로 303, 10층 1005호 (감전동, 부산디지털밸리아파트형공장)",1명,2026-09-08 21:04:04
https://www.jobkorea.co.kr/Recruit/GI_Read/5568461/Ext?siteCode=WN&sc=,821200,자 회사는 산소절단기 및 절단화구제조업체입니다. 자동선반가공과 절단기 실험 및화구조립 외 일반 단순노무직 사원을모집합니다. 사대보험 중식제공 남 녀 상관없음. 가족같이 지낼실분 장기근무가능한자,금속가공 기계 조작원,-,학력무관,관계없음,월급 215만원 ~ 215만원,고용형태,"부산광역시 사상구 사상로402번길 11, 오릭스정밀 (덕포동)",1명,2026-09-08 21:04:04
https://www.jobkorea.co.kr/Recruit/GI_Read/5568398/Ext?siteCode=WN&sc=,026501,"업무 : 정비사업전문관리업(재개발, 재건축) / 문서작성, 사무보조 연봉 : 3000만원(경력자 별도 협의) 엑셀, 한글 사용 가능자 식비, 차량유류비 제공",총무 및 일반 사무원,-,학력무관,관계없음,"연봉 3,000만원 이상",고용형태,"부산광역시 강서구 명지국제7로 37, 5층 505호 (명지동, 더샵 명지퍼스트월드 2단지)",2명,2026-09-08 21:04:04
https://www.jobkorea.co.kr/Recruit/GI_Read/5569739/Ext?siteCode=WN&sc=,027102,기장업무 거래처관리 및 기장업무 각종신고 결산신고 등,회계 사무원(회계·세무 사무소),-,학력무관,경력,"연봉 3,000만원 ~ 3,200만원",고용형태,"부산광역시 사상구 대동로 303, 부산디지털밸리 1011호 (감전동)",1명,2026-09-08 21:04:04
https://www.jobkorea.co.kr/Recruit/GI_Read/5569208/Ext?siteCode=WN&sc=,232904,"[모집직무] 특수교육 교사, 장애인 돌봄 종사원, 요양보호사 [직무소개] 명지발달장애인활동센터는 부산 강서구에 위치하여 성인 발달장애인을 위한 돌봄 및 교육 프로그램을 운영하고 있습니다. 본 채용은 성인 발달장애인의 교육과 돌봄을 책임질 특수교육 교사를 찾고 있습니다. [주요업무] - 발달장애인 케어 및 프로그램 진행 - 개인별 맞춤형 교육 자료 개발 및 수업 - 바우처 서류 작성 및 관리 - 학생들의 발달 진행 상황을 기록 및 분석 - 센터 운영 및 이벤트 참여",그 외 사회복지 종사원,사회복지 보조원,학력무관,관계없음,월급 180만원 ~ 180만원,고용형태,"부산광역시 강서구 명지국제2로28번길 34, 4층 407호 (명지동, 에코팰리스)",1명,2026-09-08 21:04:04
https://www.jobkorea.co.kr/Recruit/GI_Read/5570121/Ext?siteCode=WN&sc=,304002,- 요양병원 경력 간호사 우대 - 챠트작성 경력자 우대 - D/E 근무가능자,일반 간호사,응급실간호사,학력무관,경력,"연봉 3,600만원 ~ 3,800만원",고용형태,부산광역시 부산진구 가야대로 451 (개금동),2명,2026-09-08 21:04:05
https://www.jobkorea.co.kr/Recruit/GI_Read/5569175/Ext?siteCode=WN&sc=,016902,"농산물 도매·소매 농산물 및 관련 상품 공급처 발굴, 상품 매입, 거래처 판매, 주문·납품 관리 온라인 판매·유통 온라인 채널을 통한 농산물 및 관련 상품 판매 상품 등록, 주문 확인, 고객 응대, 포장·출고 및 배송 관리",농림어업 및 기타 생산 관리자,-,고졸,관계없음,월급 180만원 ~ 200만원,고용형태,"부산광역시 금정구 중앙대로1945번길 60, 4층 (구서동)",2명,2026-09-08 21:04:05
https://www.jobkorea.co.kr/Recruit/GI_Read/5569484/Ext?siteCode=WN&sc=,550102,"○ 근무지 : 와석장터로17번길 19 ○ 대상자 : 43년생 할아버지 ○ 근무시간 : 주5일 /(오후1시~오후5시),하루4시간 ○ 포괄시급 : 13,100원(시급+주휴수당+연차수당 등 제수당 포함) 퇴원환자안심돌봄서비스 *실제 서비스 제공기간에 따라 임금을 계산하여 지급하는 형태로 채용 시 근로자마다 주 소정근로시간이나 임금,근무(예정)지 등에 차이가 있을 수 있음",재가 요양보호사,재가요양보호사,학력무관,신입,"시급 10,320원 ~ 10,320원",고용형태,"부산광역시 북구 와석장터로17번길 19, 1층",1명,2026-09-08 21:04:05
https://www.jobkorea.co.kr/Recruit/GI_Read/5569022/Ext?siteCode=WN&sc=,550102,"★ 재가 요양보호사 구인합니다. ◎ 모집기간 : 2026.08.13~채용시까지 ◎ 모집인원 : 1 명 ◎ 근무지역 : 남구 신선로397-1 ◎ 근무형태 : 정규직 ◎ 급여 : 2026년 최저 시급 및 각종 수당 포함 지급 ◎ 지원자격 : 경력 1년~2년 이상 ◎ 근무조건 : 4등급 여성 어르신 / 월~금 주 5일근무 - 09:00~12:00 (3시간) - 독거 - 화장실 이용 등 자가보행 하실수 있으나 앉았다 일어날때는 약간의 부축 도움이 필요함 - 주로 침대에 앉아 있거나 누워 지내심. - 식사준비및 마무리정돈. - 청소나 세탁 등 마무리 정리정돈, 샤워 후 어르신 옷가지 세탁 등의 가사 서비스 필요함. ◎ 채용과 관련된 문의사항 및 입사지원하실분은 (인사담당자 심순옥 센터장) 휴대폰 번호로 연락주세요. ◎ 외근업무 및 상담업무가 많은 관계로 미리 전화 또는 문자로 연락처 남겨 주시고, 사무실 방문하셔야 합니다. ◎ 사무실 방문하실 때는 요양보호사 자격증 꼭 지참하셔야 합니다. ※ 실제 서비스 제공기간에 따라 임금을 계산하여 지급하는 형태로 채용시 근로자마다 주 소정근로시간이나 임금, 근무(예정)지 등에 따른 차이가 있을 수 있음.",재가 요양보호사,재가요양보호사,학력무관,경력,"시급 10,320원 이상",고용형태,부산광역시 남구 신선로 397-1 (용당동),1명,2026-09-08 21:04:05
https://www.jobkorea.co.kr/Recruit/GI_Read/5569151/Ext?siteCode=WN&sc=,623004,리치스태커 및 엠티핸들러 운전원,지게차 운전원,지게차운전원,학력무관,신입,월급 290만원 이상,고용형태,"부산광역시 남구 신선로 294, 신선대감만터미널(주) (용당동)",1명,2026-09-08 21:04:05
https://www.jobkorea.co.kr/Recruit/GI_Read/5568829/Ext?siteCode=WN&sc=,824200,"[모집직무] 용접기 조작원, 용접원, 용접공 [직무소개] 우리 회사는 철구조물 제작회사입니다. [주요업무] - 강구조물 철골 제작 용접",용접기 조작원,-,학력무관,경력,"일급 150,000원 ~ 160,000원",고용형태,"부산광역시 강서구 가리새1로25번길 6, 3층 (생곡동)",2명,2026-09-08 21:04:05
https://www.jobkorea.co.kr/Recruit/GI_Read/5569448/Ext?siteCode=WN&sc=,824102,"주물 제조업으로 주강, 스텐을 주로 생산 하며 제품이 소형이라 용접이 좀 까다로운 편입니다. 당사는 아크 ,알곤 용접에 유능한 인재를 모집하고자 합니다. 경력자 우대하며 임금 및 자세한 업무는 면접시 상의바랍니다. 업무 특성상 힘든부 분이 있지만, 배우면서 성실하게 일하실 분 지원바랍니다.","전기용접원(아크,알곤,티그용접원)",알곤용접원,학력무관,관계없음,"시급 10,320원 ~ 10,320원",고용형태,"부산광역시 사상구 낙동대로1330번길 60, 흥아금속 (삼락동)",1명,2026-09-08 21:04:05
https://www.jobkorea.co.kr/Recruit/GI_Read/5569500/Ext?siteCode=WN&sc=,813200,"탁상 및 그라인더공 모집합니다. 당사는 주물 제조업이며 주강. 스텐으을 주로 생산합니다 경력자는 우대합니다. 업무 특성상 힘든부분이 있지만, 배우면서 성실하게 일하실 분 모집합니다.",금속 공작기계 조작원,-,학력무관,관계없음,"시급 10,320원 ~ 10,320원",고용형태,"부산광역시 사상구 낙동대로1330번길 60, 흥아금속 (삼락동)",1명,2026-09-08 21:04:06
https://www.jobkorea.co.kr/Recruit/GI_Read/5568693/Ext?siteCode=WN&sc=,027102,"1. 업무 - 기장대리 및 신고대리 - 법인,개인 결산 조정 업무 - 기타 회계사무실 업무 2. 급여 - 연봉 3,400만원 이상 (신고시 플러스 수당 지급) 3. 프로그램 - 위하고 4. 근무시간 -09:00~18:00 -하반기(8월~12월) 30분단축",회계 사무원(회계·세무 사무소),회계사무원(회계사무소),학력무관,경력,"연봉 3,400만원 이상",고용형태,"부산광역시 동구 중앙대로371번길 36, 2층 (수정동)",1명,2026-09-08 21:04:06
https://www.jobkorea.co.kr/Recruit/GI_Read/5569408/Ext?siteCode=WN&sc=,231100,"조합원을 확대하고 다양한 조합활동을 체계적으로 운영하여 더 나은 공동체를 함께 만들어갈 인재를 아래와 같이 모집합니다. □ 모집분야 : 조합운영팀장( 1명 ) □ 응시자격 - 주민조직화 및 협동조합, 비영리 단체 등 5년이상 경력자 - 조합의 가치와 비전에 공감하는 분 - 원활한 의사소통 및 대인관계 능력을 갖춘 분 □ 담당업무 - 주민조직화 사업(지역사회 네트워크, 소모임 운영, 조합행사 등) - 조합원 가입, 변경, 탈퇴 등 조합원 관리 전반 - 조합활동 실적 관리 및 조합 운영 관련 행정업무 □ 근무조건 - 근무형태 : 기간제한이 없는 근로자 - 근무시간 : 9~18시(주40시간) 주5일 근무 - 급 여 : 3,300,000원 *협의가능 - 근 무 처 : 부산시 연제구 월드컵대로79번길 50, 부산돌봄빌딩 4층 □ 채용방법 : 1차 서류전형 및 2차 면접(서류전형 합격자에 한함) □ 구비서류 : 이력서, 자기소개서 □ 원서접수 및 면접일시 - 서류접수 : 2026.08.12 ~ 채용시까지 - 접수방법 : 메일접수(bsdolbom@hanmail.net) ※ 메일접수시 제목에 지원분야 꼭 명시 : 조합사무국 - 면접일시 : 서류전형 합격자에 한해 개별 통지",사회복지사,-,학력무관,경력,월급 330만원 이상,고용형태,"부산광역시 연제구 월드컵대로79번길 50, 4층 조합사무국 (연산동)",1명,2026-09-08 21:04:06
https://www.jobkorea.co.kr/Recruit/GI_Read/5569473/Ext?siteCode=WN&sc=,532202,"< 홀서빙 / 주방보조 종일반 정직원 > 영업시간 : 10시 ㅡ 22시 근무시간 : 오픈조 : 10시ㅡ21시 ( 10시간근무) 휴게 90분 마감조 : 12시ㅡ22시 ( 10시간근무) 휴게 90분 근무요일 : 주5-6일 근무(토,일포함) 주1회(평일)휴무 (월5회휴무) 시급 10.320원 (수습기간 필요) 4대보험 퇴직금有 , 식사제공 < 홀서빙 / 주방보조 오전/ 오후파트타임 직원 > 영업시간 : 10시 ㅡ 22시 근무시간 오전반 : 10시 ㅡ 15시 (5시간근무 휴게30분 ) 오후반: 17시ㅡ22시 30분 (5시간근무 , 휴게시간 30분 ) 근무요일 : 주6일 근무(토,일포함) 주1회(평일)휴무 (월5회휴무) 시급 10.320 원 (수습기간 필요) 4대보험 퇴직금有 < 홀서빙 & 주방보조 주말 종일반> 근무시간 : 오픈조: 10시 ㅡ 20시 (10시간근무) 마감조 : 12시 ㅡ 22시 (10시간근무) 휴게시간 : 90분 근무요일 : 주 2일 토,일근무 시급 10.320 원 (수습기간 필요) , 주휴수당 있음 4대보험 가능 즐겁게 오래 같이 근무하실 수 있는 분 환영합니다~ 밝은 성격과 배우고자 하는 의지를 가지신 분이면 누구나 가능합니다. 서로서로 팀플레이가 좋았으면 합니다^^ <면접 진행 시 이력서 꼭 지참해주세요.>",일반 음식점 접객서빙원,홀써빙원(일반음식점),학력무관,관계없음,"시급 10,320원 ~ 10,320원",고용형태,"부산광역시 수영구 민락수변로239번길 14, 박해윤통영해물밥상 (민락동)",3명,2026-09-08 21:04:06
https://www.jobkorea.co.kr/Recruit/GI_Read/5569512/Ext?siteCode=WN&sc=,890000,수출용목나무상자제작 단순 목재 재단 및 포장 업무 (목수) 주 5일근무 경력자 우대,기타 제조 관련 단순 종사원,-,학력무관,관계없음,"시급 10,320원 ~ 15,000원",고용형태,부산광역시 강서구 식만로 13-36 (죽림동),3명,2026-09-08 21:04:06
https://www.jobkorea.co.kr/Recruit/GI_Read/5569401/Ext?siteCode=WN&sc=,531802,[직무 및 업무] - 유치원 조리사 - 급식 전반적인 관리,유치원·어린이집 급식 조리사,-,학력무관,관계없음,월급 185만원 ~ 190만원,고용형태,"부산광역시 사상구 덕상로 39, 덕포한샘유치원 (덕포동)",1명,2026-09-08 21:04:07
https://www.jobkorea.co.kr/Recruit/GI_Read/5569031/Ext?siteCode=WN&sc=,861100,로프 방사 연사 주야 2교대 근무(1주일 주간 1주일 야간) 경력직 우대/초보자 가능함 장기근무자 우대 초보자(1개월 수습),"섬유 제조 기계 조작원(방적,방사,연사,합사,권사기 등)",방적원,학력무관,관계없음,"시급 10,320원 ~ 10,320원",고용형태,"부산광역시 기장군 정관읍 산단로 632-5 0, (주)명성제강",2명,2026-09-08 21:04:07
https://www.jobkorea.co.kr/Recruit/GI_Read/5568690/Ext?siteCode=WN&sc=,214500,"안녕하세요 보건복지부 지정 산모ㆍ신생아 건강관리사 양성 교육기관 다온교육원입니다. 현재 교육을 담당하고 있는 강사님이 건강 문제로 인해 퇴사를 하게 되어 강의를 담당할 분을 급구합니다. 근무는 월~목요일까지 주 4일이며 시간은 오전 9시반~오후 5시반까지 점심시간 1시간 제외하고 하루 7시간입니다.(강의 시간은 오전 10시~ 오후 5시까지, 강의 전후 30분은 준비시간입니다.) 금, 토, 일 및 공휴일 휴무 급여는 세전 월 350만원, 식대 및 교통비는 별도 제공되며 교육생 수가 본 기관의 목표치보다 많을 경우 소정의 인센티브가 부여됩니다. 4대보험 적용 및 IRP 퇴직연금 가입. 강의 장소는 4개의 교육장을 한 주마다 돌아가며 강의를 하는 방식입니다. 시청역센터(연제구) : 부산시 연제구 중앙대로1043번길34 근린상가동 211호 본점교육장(수영구) : 부산시 수영구 수영로668 화목오피스텔 501호 북부교육장(북구) : 부산시 북구 만덕대로65번길3 메디앙오피스텔 지하2층 정관센터(기장군) : 부산시 기장군 정관읍 정관중앙로45 탑스퀘어 310호 강사 요건은 간호사 면허 소지에 신생아 관련 근무 경력 2년 이상이어야 하고 공휴일 휴무 원칙이나 관공서나 타 기관 요청시 휴일에도 강의하는 날이 있을 수 있습니다.(휴일 강사비는 급여 외 별도 지급) 강의 내용이 산모ㆍ신생아 건강관리에 관한 것이다보니 출산과 육아의 경험이 있는 분을 우대하며 강의에 기본적인 PPT, 웹 검색, 동영상 재생 등의 컴퓨터 활용 능력이 요구됩니다. 산모ㆍ신생아 건강관리사 양성 강사로서 일정 기간 경력이 쌓이면 시청, 구청 등의 관공서 강의 및 정부 인증 교육기관, 제공기관 등에 출강 가능하며 하루 강사비가 경력에 따라 30만원~150만원 정도 지급되어 강의 시간 대비 높은 소득을 얻을 수 있습니다. 또한, 강사라는 직업 특성상 정년이 없기 때문에 평생 안정적인 수입을 창출할 수 있다는 큰 장점이 있습니다. 인사담당자에게 연락 시 반드시 문자로 연락 부탁드립니다. (전화 통화 불가)",간호조무 및 요양보호 강사,간호조무학원강사,학력무관,관계없음,월급 350만원 ~ 350만원,고용형태,"부산광역시 연제구 중앙대로1043번길 34, 상가동 211호 다온교육원 시청역센터 (연산동, 시청역 SK VIEW)",1명,2026-09-08 21:04:07
https://www.jobkorea.co.kr/Recruit/GI_Read/5568982/Ext?siteCode=WN&sc=,550102,"69세 여자어르신(4등급),인지저하 오전,오후 가능 , 낮시간 혼자계심, 말벗 도움, 식사준비, 청소등 일반적인 요양서비스 3시간근무/시급(13,000원).",재가 요양보호사,-,학력무관,관계없음,"시급 13,000원 ~ 13,000원",고용형태,"부산광역시 동래구 명안로72번길 34, . (명장동, 무지개타운)",1명,2026-09-08 21:04:07
https://www.jobkorea.co.kr/Recruit/GI_Read/5569308/Ext?siteCode=WN&sc=,823200,"[모집직무] 단조기 조작원, 단조원(1년이상 경험자우대) [직무소개] 본 직무는 단조금형 제작에 중점을 두고 있습니다. [주요업무] - 단조금형 제작 - 기계 작동 및 관리 - 제품 품질 검사 및 관리 - 디자인 자료에 따라 금형 제작 - 다양한 금형 소재 활용",단조기 조작원,-,고졸~대졸(2~3년),경력,월급 270만원 이상,고용형태,부산광역시 강서구 대저중앙로348번길 8-15 (대저1동),1명,2026-09-08 21:04:08
https://www.jobkorea.co.kr/Recruit/GI_Read/5569420/Ext?siteCode=WN&sc=,532302,"단체급식소 배식업무 및 퇴식구 업무, 식당 청소 위생관리 기타 급식소 운영에 필요한 제반 업무 1. 계약기간: 8/27~12/18 근무시간: 10:00~19:00 (8시간근무) - 2명 2. 계약기간: 8/27~11/13 근무시간: 10:00~19:00 (8시간근무) - 1명",단체 급식 보조원,단체급식보조원,학력무관,관계없음,월급 240만원 이상,고용형태,"부산광역시 금정구 부산대학로63번길 2, 금정회관 식당 1층 (장전동)",3명,2026-09-08 21:04:08
https://www.jobkorea.co.kr/Recruit/GI_Read/5569331/Ext?siteCode=WN&sc=,028407,"월드마켓 물류창고 현장 업무 | 부산 강서구 대저동 ㆍ경력 : 무관 (신입도 지원 가능), 경력직 우대 ㆍ지원조건 : 3.5톤 운전가능자, 지게차 운전가능자 ㆍ급여 : 주6일제 근무 2,900,000원 ㆍ근무형태 : 계약직 (1년 계약직 후 정규직 전환) ㆍ근무일시 : 주 6일(월~토) 08:00~17:30 ㆍ근무지역 : 부산광역시 강서구 공항로239번길 166 ㆍ주업무 : 수입 과일 창고 물류업무 및 택배작업, 3.5톤 차량 운전은 하루 2시간이내입니다.",창고 관리원(자재 검수원 포함),입출관리원,학력무관,관계없음,월급 290만원 ~ 290만원,고용형태,"부산광역시 강서구 공항로239번길 166, 1층 (대저2동)",1명,2026-09-08 21:04:08
https://www.jobkorea.co.kr/Recruit/GI_Read/5569326/Ext?siteCode=WN&sc=,811206,도금설비 유경험자 모집합니다. 근무조건 임금 등 경력에 따른 협의 가능. (상여금 관련은 면담 시 안내 드립니다),기타 공업기계 설치·정비원,-,학력무관,경력,월급 380만원 ~ 400만원,고용형태,부산광역시 강서구 낙동남로666번길 48 (녹산동),1명,2026-09-08 21:04:08
https://www.jobkorea.co.kr/Recruit/GI_Read/5569732/Ext?siteCode=WN&sc=,153101,"■ 국가 과제 수행 - IRIS, RCMS, SMTECH 등 과제관리시스템 입력, 관리 - 정부 R&D 사업공고 검토 및 과제 신청 - 정부과제 관리 및 연구개발 문서, 연구행정 문서 및 성과물 관리 ■ 제품 인증 및 등록 - 제품 및 기술 관련 인증 신청 및 관리",전기기기·제품 개발 기술자 및 연구원,전동기개발기술자,고졸~대졸(4년),경력,"연봉 3,600만원 ~ 3,600만원",고용형태,부산광역시 금정구 개좌로 263 (회동동),1명,2026-09-08 21:04:09
https://www.jobkorea.co.kr/Recruit/GI_Read/5569593/Ext?siteCode=WN&sc=,550102,"*대상자 3등급(여/76세) *서비스 시간:12:00~15:00 (3시간) 주3일 *근무지(서비스지역):화명동 *시급:13,500(최저시급+제수당포함) *업무: 방문요양 전반적인 업무(식사지원외 일상생활지원) =실제서비스 제공기간에 따라 임금을 계산하여 지급하는 형태로 채용시 근로자별로 (주 근로시간) 근로시간,임금,근무(예정)지는 차이가 있을 수 있음을 알려 드립니다.",재가 요양보호사,재가요양보호사,학력무관,관계없음,"시급 10,320원 ~ 10,320원",고용형태,"부산광역시 북구 금곡대로 166, 없음 (화명동, 롯데캐슬카이저)",1명,2026-09-08 21:04:09
https://www.jobkorea.co.kr/Recruit/GI_Read/5569570/Ext?siteCode=WN&sc=,550101,"* 2등급 90대 여자 어르신 (기저귀) * 주6일 근무시간 오전9시- 12시( * 가사도움, 외 말벗,산책,병원동행,목욕 * 시급13,000원 (기본급 10,320+수당포함),중증수당6,000원 * 통화 후 방문: 051-722-7574",요양보호사(노인요양사),요양보호사,학력무관,경력,"시급 10,320원 이상",고용형태,"부산광역시 해운대구 아랫반송로59번길 18-12, 1층 (반송동)",1명,2026-09-08 21:04:09
https://www.jobkorea.co.kr/Recruit/GI_Read/5565768/Ext?siteCode=WN&sc=,027102,"- 기장 대리 및 신고 대리 - 법인, 개인 결산 조정 업무 - 기타 회계사무실 업무",회계 사무원(회계·세무 사무소),회계사무원(회계사무소),학력무관,경력,"연봉 3,500만원 이상",고용형태,"부산광역시 연제구 중앙대로 1125, A동 502호 (연산동, 시티타워)",1명,2026-09-08 21:04:09
https://www.jobkorea.co.kr/Recruit/GI_Read/5565762/Ext?siteCode=WN&sc=,813201,"-선박엔진 및 에너지발전용 메탈베어링 -CNC 터닝 기계 조작(@850 ~ @1,600) -한국공작기계 장비 및 프로그램(화낙) 사용 가능자 우대",CNC 선반 조작원(NC 선반 조작원),-,학력무관,경력,"연봉 5,000만원 이상",고용형태,부산광역시 강서구 녹산산단46로 75 (송정동),2명,2026-09-08 21:04:09
https://www.jobkorea.co.kr/Recruit/GI_Read/5565704/Ext?siteCode=WN&sc=,816100,- VRCS용 유압 Actuator 조립 - 동종 업계 종사자 경력 우대 - 유압 실린더 조립 가능자 우대,일반기계 조립원,-,학력무관,관계없음,"시급 11,000원 이상",고용형태,"부산광역시 강서구 미음산단1로15번길 53, 큐알피테크 (구랑동)",1명,2026-09-08 21:04:09
https://www.jobkorea.co.kr/Recruit/GI_Read/5565710/Ext?siteCode=WN&sc=,905300,우렁이농장에서 근무하실분 구합니다.,어업 관련 단순 종사원,어업단순노무자,학력무관,관계없음,"시급 10,320원 이상",고용형태,"부산광역시 강서구 입소정관길 134-78, 554-13,554-14번지 (대저2동)",3명,2026-09-08 21:04:10
https://www.jobkorea.co.kr/Recruit/GI_Read/5569029/Ext?siteCode=WN&sc=,151106,"* 선체생산설계 -> 현대미포, K조선, HJ중공업 선체생산설계 유경험자 우대 -> AM, CADWIN, EXNEST 사용 * 4대보험 가입 * 퇴직금별도 (퇴직연금 가입) * 식대 지원",조선·해양공학 기술자 및 연구원,-,학력무관,경력,"연봉 3,500만원 ~ 5,500만원",고용형태,"부산광역시 해운대구 해운대해변로 203, 1325호 (우동, 오션타워)",1명,2026-09-08 21:04:10
https://www.jobkorea.co.kr/Recruit/GI_Read/5565497/Ext?siteCode=WN&sc=,550100,"50대후반 독거 남성 가사간병 서비스 가사 및 일상생활지원 주2회 회당 180분 월 24시간 시급 14,250원(제수당포함) 화,금 14:00~17:00 * 사하구청 일자리지원센터에서 서류전형 채용대행접수 진행중입니다. 지원문의: 051-220-5696 실제 구직지원 의사 있는 분들만 접수 부탁드립니다.",요양보호사,-,학력무관,관계없음,"시급 10,320원 ~ 10,320원",고용형태,"부산광역시 사하구 감천로105번길 40, 3 (감천동, 감천아파트)",1명,2026-09-08 21:04:10
https://www.jobkorea.co.kr/Recruit/GI_Read/5565494/Ext?siteCode=WN&sc=,550102,"- 다대도시몰운대 - 4등급 70대 여자 어르신 (독거) - 가사및 일상생활함께하기(신체지원, 가사 및 개인활동지원) - 오후 13:00~16:00 (월~금) 주 5회 (1일 3시간)",재가 요양보호사,재가요양보호사,학력무관,신입,"시급 10,320원 ~ 13,000원",고용형태,"부산광역시 사하구 다대낙조2길 14, 108동 (다대동, 도시몰운대아파트)",1명,2026-09-08 21:04:11
https://www.jobkorea.co.kr/Recruit/GI_Read/5565767/Ext?siteCode=WN&sc=,026501,"- 재단 관리, 기획 및 총무업무 전반 - 그 외 기타 재단 사무업무전반 - 시용기간 3개월 포함 12개월(계약기간 만료 후 상용직 전환검토)",총무 및 일반 사무원,총무사무원,대졸(4년)~박사,경력,"연봉 4,000만원 이상",고용형태,부산광역시 부산진구 서전로9번길 7 (부전동),1명,2026-09-08 21:04:11
https://www.jobkorea.co.kr/Recruit/GI_Read/5565971/Ext?siteCode=WN&sc=,140203,보험 일반 대물 사고 현장 복원 및 관리 감독 유경험자 모집 합니다 일반 대물 관련 작업 해 보신 분 찾습니다,건축시공 기술자(건축견적 포함),-,학력무관,경력,월급 400만원 ~ 400만원,고용형태,"부산광역시 해운대구 해운대로 1160, 송정동 (송정동)",1명,2026-09-08 21:04:11
https://www.jobkorea.co.kr/Recruit/GI_Read/5565973/Ext?siteCode=WN&sc=,873102,"수산물 제조 가공 공장입니다. - 작업 현장에서 수산물 해동하고, 가공하는 곳에 운반, 나열하는 업무 - 수산물 손질 업무 우대 사항) - 수산물 손질 관련 업무에 종사하신 분 취업 의사 있는 분들만(구직급여 신청은 사양) 고용24 접수 부탁드립니다.",어패류(수산물) 가공기계 조작원,다시마·김가공원,학력무관,관계없음,월급 215만원 ~ 250만원,고용형태,"부산광역시 사하구 장평로15번길 14, 주식회사 으뜸씨푸드 1층 (장림동)",2명,2026-09-08 21:04:11
https://www.jobkorea.co.kr/Recruit/GI_Read/5565569/Ext?siteCode=WN&sc=,028504,"[담당업무] ㆍ생산관리팀 사무지원 업무 [자격요건] ㆍ경력무관 (신입 지원 가능) ㆍ고등학교졸업이상 [우대사항] ㆍ전기/전자공학 전공 ㆍ컴퓨터활용능력우수, 해당직무 근무경험, 문서작성 우수자 ㆍ산업안전관련 자격증 ★부산동부고용센터 채용대행건으로 입사지원시 서류전형 통과후 면접대상자는 별도 연락드릴 예정이며, ""면접의사 있으신 분""만 지원바랍니다.",생산관리 사무원(전기·전자·컴퓨터),배전계획원,학력무관,관계없음,"시급 10,320원 이상",고용형태,부산광역시 기장군 장안읍 장안산단9로 65,2명,2026-09-08 21:04:11
https://www.jobkorea.co.kr/Recruit/GI_Read/5565845/Ext?siteCode=WN&sc=,016100,"[모집직무] 토목 현장 공무, 토목 관련 종사원, 토목시공 기술자(토목견적 포함) [직무소개] 우리 회사는 다양한 토목 프로젝트에 참여하는 경험이 풍부한 토목 업체입니다. 본 채용은 공동 도급 계약 공사로 토목현장 공무를 찾고 있습니다. [주요업무] - 토목공사의 계획 수립 및 실행 - 공사 진행 상황 관리 및 보고 - 공사 현장 점검 및 안전 관리 - 업무 관련 계약 및 문서 관리 - 협력 업체 및 고객과의 소통 및 협업",건설 및 광업 관련 관리자(부서장),토목관련관리자,학력무관,경력,"연봉 7,500만원 ~ 8,000만원",고용형태,"부산광역시 해운대구 반여로41번길 54, 4층 (반여동)",1명,2026-09-08 21:04:11
https://www.jobkorea.co.kr/Recruit/GI_Read/5565972/Ext?siteCode=WN&sc=,307500,"하나병원 화상치료실 외래 간호조무사 업무 평 일 : 9시~17:30 토요일 : 9시~12: 00 월 반차 1개 사용 * 일/공휴일 휴무(일/공휴일 오전 4시간 당직 시 당직비 지급/직원별로 순환근무 ) * 월급여 신졸 기준/ 연차 따라 급여 차등 지급 * 월 월차 1개 사용(신규 입사후 1년동안), 1년 지나면 연차 15개 생성 * 화상치료실 직무수당 월 20만원 별도지급 * 실업급여 수급자 허위형식적 구직활동 시 담당자에게 안내되어 경고처리 될 수 있음을 유의 바랍니다. * 사업장 위치, 교통편 확인하시고 면접 후 해당업체 출근, 취업의사 있는 분들만 고용24 접수 부탁드립니다. - 지원희망자는 고용24 회원가입-로그인-구직신청(경력 및 자격증등록 등)-구인공고 화면- 고용24 워크넷입사지원",간호조무사,-,학력무관,관계없음,월급 217만원 ~ 220만원,고용형태,"부산광역시 사하구 다대로 311, 하나병원",1명,2026-09-08 21:04:12
https://www.jobkorea.co.kr/Recruit/GI_Read/5565760/Ext?siteCode=WN&sc=,028502,"에너지발전 및 선박엔진용 메탈베어링 제조기업 생산계획수립 및 일정관리, 작업지시서 배포/ 구매요청 등",생산관리 사무원(기계·자동차·금속),기계·자동차·금속 관련 생산관리원,학력무관,관계없음,"연봉 3,600만원 이상",고용형태,부산광역시 강서구 녹산산단46로 75 (송정동),1명,2026-09-08 21:04:12
https://www.jobkorea.co.kr/Recruit/GI_Read/5565761/Ext?siteCode=WN&sc=,028500,"1. 선박/엔진, 에너지발전용 메탈 베어링 품질관리 - 제조공정별, 완제품의 치수 검사 - 고객사 입회검사 업무지원 - 시험장비 검교정 관리 - 성적서 관리 2. 자격요건 - 버니어 캘리퍼스/마이크로미터 등 계측기 사용경험자 - Microsoft Office 사용가능자 - 영문 Spec 검토 가능자 3. 우대사항 - 기계 및 관련학과 전공자 우대 - 동종업계 품질관리직 경력자 우대",생산 및 품질관리 사무원,-,학력무관,경력,"연봉 4,000만원 이상",고용형태,부산광역시 강서구 녹산산단46로 75 (송정동),1명,2026-09-08 21:04:12
https://www.jobkorea.co.kr/Recruit/GI_Read/5565778/Ext?siteCode=WN&sc=,155300,"◎ 업무내용 ∙ 제품 및 기술개발 ∙ 전기, 태양광발전 공사현장 관리감독 및 현장 협의 ∙ 태양광발전사업 bipv관련 신제품 연구개발 및 특허 관련 전반업무 ∙ 신재생에너지 발전 관련 업무 ∙ CAD도면 및 내역 작성 ∙ 제품 성능 시험 및 인증관련 전반 업무 ◎ 지원(우대조건) ∙ 관련 학과 전공 졸업자 ∙ 관련 자격증 및 경험 보유자 . 운전가능자, 해당직무, 근무경험자 ∙ CAD 도면 작성 가능자 우대 ∙ 신재생에너지발전설비(산업)기사 자격증 우대",신재생에너지 기술자 및 연구원,신재생에너지개발자,학력무관,경력,"연봉 4,000만원 이상",고용형태,"부산광역시 남구 남동천로 128, 922호 (문현동, BIFC Ⅱ) (문현동)",1명,2026-09-08 21:04:12
https://www.jobkorea.co.kr/Recruit/GI_Read/5565885/Ext?siteCode=WN&sc=,613202,"항도레미콘에서 레미콘 영업 신입(또는 경력)사원을 채용합니다. 당사는 다수의 계열사에서 레미콘, 아스콘, 파일을 운영하는 부산권역 신흥 건설 자재 전문 기업입니다. 저희와 함께 발전할 수 있는 열정이 가득한 신입(또는 경력) 사원을 채용 하오니, 많은 지원 바랍니다. ※ 영업용 차량 지원 ※ 명절 선물등 회사방침에 따라 지급. ※ 면접 : 이력서 검토 후 개별적으로 진행. ※ 경력 지원 시 연봉 협의. ※ 건설현장 타설관리 외 업무",건설자재 영업원,레미콘영업원,학력무관,경력,"연봉 3,660만원 이상",고용형태,부산광역시 사하구 하신중앙로53번길 60 (신평동),1명,2026-09-08 21:04:13
https://www.jobkorea.co.kr/Recruit/GI_Read/5568434/Ext?siteCode=WN&sc=,531803,"[주례동]병원 환자 급식 조리원 모집 -좋은 삼선병원 -부산광역시 사상구 가야대로 326 - 근무 내용 : 배식, 전처리,조리보조,설거지 등(자격증 필요 없음) - 근무 시간 : 08:00~20:00(휴게시간:2시간)/월 7회 휴무 - 급여: 3,276,610원 -병원 채용담당자 전화 통화(051-310-9240) 후 방문 면접 진행",병원 급식 조리사,-,학력무관,관계없음,월급 327만원 ~ 327만원,고용형태,부산광역시 사상구 가야대로 326 (주례동)좋은삼선병원,2명,2026-09-08 21:04:14
https://www.jobkorea.co.kr/Recruit/GI_Read/5567714/Ext?siteCode=WN&sc=,214202,"1. 모집 분야 및 담당 업무 담당 대상: 초등학생 (초1 ~ 초6) 담당 업무: 초등 수학 개념 지도 및 1:1 맞춤형 개별 진도 케어 연산 및 개념 오답 클리닉 관리 출결 및 간단한 학습 피드백 (학부모 소통) 2. 지원 자격 및 우대 사항 자격 요건: 2년제 대학교 졸업 이상 (예정자 가능) 우대 사항: 초등부 수학 지도 경력자 우대 아이들과 상호작용 및 소통 능력이 뛰어난 분 관련 전공자(수학과, 초등교육 관련, 사범계열 등) 우대 인근 거주자 및 장기 근무 가능자 우대 3. 근무 조건 근무 형태: 전임 강사 또는 파트 강사 (협의 가능) 근무 시간: 월~금 14:00 ~ 18:00 (학생 하교 시간에 맞춘 유연한 일정 조율 가능) 급여 조건: 월급 130만 원 이상(경력에 따라 면접 후 우대 협의 및 퇴직금 별도) 근무지: 부산 강서구 명지오션시티11로 66 원장 메시지: ""실력도 중요하지만, 초등부는 무엇보다 아이들을 예뻐하고 눈높이를 맞춰주실 수 있는 마음가짐이 가장 중요합니다. 편하게 문의해 주세요!""",수학 강사,-,대졸(2~3년)~대졸(4년),경력,월급 130만원 이상,고용형태,"부산광역시 강서구 명지오션시티11로 66, 603호 (명지동)",1명,2026-09-08 21:04:14
https://www.jobkorea.co.kr/Recruit/GI_Read/5566351/Ext?siteCode=WN&sc=,561102,"◆◆ [송도 해상케이블카 근처] 호텔 선임주임 모집 ◆◆ ■ 모집 부문 - 선임 주임(객실 점검 및 소장 휴무 시 인원 및 현장 관리) ■ 모집 인원 - 1명 ■ 담당 업무 - 객실 청결 및 정비 품질 기준 점검 - 객실 정비원 현장 관리 지원 (소장 휴무시 소장 대행) - 직원 근무 스케줄 및 객실 배정 - 프론트 및 객실관리팀 협업 - 객실 관리 관련 고객 요청 및 CS 대응 ■ 근무시간 - 09:00 ~ 18:00 (주 5일 근무) ■ 급여 - 2,600,000 원 / 식대 급여 외 별도 지급(1일 8,000원) ■ 자격 요건 - 객실관리 관리 경력 필수(1년 이상) ■ 지원 방법 - 지원 방법 : 팩스 지원 또는 이메일 이력서 제출 - FAX : 070-7543-6807 - 이메일 : ygyu@synergenic.co.kr - 제출 서류 : 이력서 - 문의: 051-240-6686 서구청 취업정보센터 ■ 기타 사항 - 호텔 객실 관리 업무에 대한 이해 및 객실 점검 , 품질관리 가능자 - 객실 관리 주임, 선임주임등 관리 경력자 - 근무자들과 원활한 소통이 가능자 - 간단한 문서(엑셀) 및 업무 보고 가능자 - 자사 소속 내 관리자로 성장 하고 싶은 지원자 우대","호텔·콘도·숙박시설 청소원(룸메이드,하우스키퍼)",호텔청소원,학력무관,경력,월급 260만원 ~ 260만원,고용형태,부산광역시 서구 등대로 11 (암남동),1명,2026-09-08 21:04:14
https://www.jobkorea.co.kr/Recruit/GI_Read/5567377/Ext?siteCode=WN&sc=,307500,"진료 보조 및 전반적인 업무 급여 면접후 협의 신입,경력- 지원가능 주6일 평일 09:30~18:00(목요일 오전, 토요일 오전 격주 휴무 / 2개월 수습기간 동안은 휴무에서 제외) 토요일 09:30~ 12:30 점심 시간 12:30~ 14:00",간호조무사,-,학력무관,관계없음,"연봉 2,515만원 이상",고용형태,"부산광역시 기장군 장안읍 해맞이로 427, 굿모닝 빌딩 2층 엘리트치과의원",1명,2026-09-08 21:04:14
https://www.jobkorea.co.kr/Recruit/GI_Read/5566296/Ext?siteCode=WN&sc=,214400,- 실내건축기사 직업훈련교사 * 직업능력개발 훈련교사 자격증 소지자 * 이력서 작성시 반드시 경력 기재요망. * 교수 계획서 및 강의지도안을 충실히 수업내용에 반영할 수 있는 분 우대,기술 및 기능계 강사,-,학력무관,경력,월급 300만원 ~ 350만원,고용형태,"부산광역시 연제구 거제대로252번길 20, 외2필지(17-5 ,18-4) (거제동)",1명,2026-09-08 21:04:15
https://www.jobkorea.co.kr/Recruit/GI_Read/5566566/Ext?siteCode=WN&sc=,550102,"■ 근무지부산진구 당감동9월초 근무가능■ 어르신 상태65세 / 남자 어르신 / 3등급성격 무난하심■ 근무 조건근무 요일: 월-토 근무 시간: 10:00-13:00업무 내용: 간단한 청소 및 식사 준비(요리 하실 줄 아는 분) 급여: 시급 13,000원■ 지원 방법전화 연락 부탁드립니다.",재가 요양보호사,재가요양보호사,학력무관,관계없음,"시급 13,000원 ~ 13,000원",고용형태,부산광역시 부산진구 백양관문로 104-1 (당감동),1명,2026-09-08 21:04:15
https://www.jobkorea.co.kr/Recruit/GI_Read/5566297/Ext?siteCode=WN&sc=,214404,- 일반기계기사 직업훈련교사 * 직업능력개발 훈련교사 자격증 소지자 * 이력서 작성시 반드시 경력 기재요망. * 교수 계획서 및 강의지도안을 충실히 수업내용에 반영할 수 있는 분 우대,기계·금속·전기·전자 강사,-,학력무관,경력,월급 300만원 ~ 350만원,고용형태,"부산광역시 연제구 거제대로252번길 20, 외2필지(17-5 ,18-4) (거제동)",1명,2026-09-08 21:04:15
https://www.jobkorea.co.kr/Recruit/GI_Read/5567649/Ext?siteCode=WN&sc=,232902,"(주)엠비씨플레이비 부산 - 키자니아 부산점 어린이 직업체험지도원 및 매표&상품판매원 모집 ▷ 모집직종 : 어린이 직업체험지도원 or 매표&상품판매원(택 1) ▷ 모집인원 : 10명 ▷ 근무장소 : 부산 해운대구 센텀 4로 15( 센텀시티몰, 키자니아) ▷ 근무내용 : 체험시설 진행, 컨텐츠 실시, 시설관리 및 청결 등 / 발권 및 상품판매, F&B 등 ▷ 근무시간 : 09:00~20:00(해당 시간 내 8H 스케쥴 근무) / 주5일(40시간) / 스케줄 근무 가능자만 지원 바랍니다.(주말 및 공휴일 근무 필수) / 연장 발생 가능성 有 ◆근무시간표 가. 어린이 직업체험 지도 (휴게시간 1H 30M) A : 09:00 ~ 18:30 B : 09:50 ~ 19:20 C : 10:30 ~ 20:00 나. 매표(공항출입국) & 상품판매(POS) (휴게시간 1H) A : 08:40 ~ 17:40 B : 09:30 ~ 18:30 C : 11:00 ~ 20:00 ▷ 임금 : 월 2,156.880원(식대 10만원 포함) / 주휴수당 지급 ▷ 자격조건 : 신입가능, 경력직 우대, 친구끼리 지원 가능, 미성년자 지원 불가능 ▷ 제출서류 : 자사 이력서 ▷ 지원방법 : 이메일 지원 (busan@kidzania.co.kr) - 첨부파일 내 자사 이력서 양식으로 지원 바랍니다. ▷ 근무혜택: - 4대보험 (건강보험, 국민연금, 고용보험, 산재보험) - 우수근무자 포상 (BEST ZV 포상) - 경조금 지급 - 친구추천수당 1. 지인 추천으로 채용시 추천자 3개월에 10만원 지급 (최초 입사 1회만 허용) - 키자니아 50% 할인 : 월 5매 - 명절(설, 추석) 선물 지급 - 직원식당, 헬스케어룸 운영 ※ 채용조건 및 세부일정은 사정에 따라 변경될 수 있습니다. ※ 문의 : 키자니아 부산 채용 담당자(051-713-8845) ※ 면접 및 채용 전환 되어 당사 근무 시 주차 지원 불가하니 이 점 참고 바랍니다. ※ 근무시간(스케줄)은 파크운영 상황에 따라 탄력적으로 운영된다는 점 참고부탁드립니다. (출근시간 고정 불가) ※ 이력서 작성 시, 본인이 희망하는 파트를 선택하여, 본인 이력서에 정확하게 작성해 주시기 바랍니다. ※ 주말직 입사자의 경우, 월 8회 출근일자 고정입니다.(현재 주말직은 매표 및 상품판매 파트만 채용 중입니다.)",아동 생활지도원,-,학력무관,관계없음,월급 215만원 ~ 215만원,고용형태,"부산광역시 해운대구 센텀4로 15, 4층 키자니아 부산 (우동, 센텀시티몰 키자니아)",10명,2026-09-08 21:04:15
https://www.jobkorea.co.kr/Recruit/GI_Read/5566108/Ext?siteCode=WN&sc=,890000,제조 단순 종사원 모집합니다.,기타 제조 관련 단순 종사원,-,학력무관,관계없음,월급 300만원 이상,고용형태,부산광역시 강서구 녹산산업중로 354 (송정동),2명,2026-09-08 21:04:15
https://www.jobkorea.co.kr/Recruit/GI_Read/5566661/Ext?siteCode=WN&sc=,564900,"■미 성 사 ㅁ 근무주소 : 장안읍 좌동길 40 동남권원자력의학원 ㅁ 모집직종 : 병원내 세탁물배송 및 수거 ㅁ 근무시간 : 주 5일, 06:30~15:30 (휴게 1시간) / 11개월 계약직 ㅁ 급여사항 : 월급 245만원 ㅁ 복리후생 : 4대 보험 ㅁ 접수방법 : 전화 후 방문 , 팩스 - 이력서 ㅁ 연락처 : 055-343-5211 , 팩스 055-346-5212",기타 서비스 관련 단순 종사원,-,학력무관,관계없음,월급 245만원 ~ 245만원,고용형태,"부산광역시 기장군 장안읍 좌동길 40, 동남권원자력의학원",1명,2026-09-08 21:04:16
https://www.jobkorea.co.kr/Recruit/GI_Read/5566762/Ext?siteCode=WN&sc=,151105,- 공조냉동기계산업기사 및 에너지관리산업기사 직업훈련교사 과정 강의 * 직업능력개발 훈련교사 자격증 소지자 * 이력서 작성시 반드시 경력 기재요망. * 교수 계획서 및 강의지도안을 충실히 수업내용에 반영할 수 있는 분 우대,냉난방·공조공학 기술자 및 연구원,-,학력무관,경력,월급 300만원 ~ 350만원,고용형태,"부산광역시 연제구 거제대로252번길 20, 외2필지(17-5 ,18-4) (거제동)",1명,2026-09-08 21:04:16
https://www.jobkorea.co.kr/Recruit/GI_Read/5567190/Ext?siteCode=WN&sc=,532200,"주방 업무, 음료 제조, 고객 응대, 마감 청소 등 기타 업무 - 간단한 식사 가능한 브런치 카페이므로 재료손질이 능속하고 손동작이 빠르신 분 희망 - 서비스업종이므로 고객과의 소통이 원활하신 분 희망 경력 1년 이상 필수 수습기간(3개월): 시급 10,320원 정규직 전환 이후 시급 11,000원",식음료 서비스 종사원,-,고졸~박사,경력,"시급 11,000원 이상",고용형태,"부산광역시 북구 화명신도시로 115, 2층 (화명동, 성문타워)",1명,2026-09-08 21:04:17
https://www.jobkorea.co.kr/Recruit/GI_Read/5566718/Ext?siteCode=WN&sc=,026200,- 금융기관 영업자 모집 - 영업경력직원 우대,영업 및 마케팅 사무원,-,학력무관,신입,월급 215만원 ~ 220만원,고용형태,부산광역시 연제구 구락로153번길 50 (연산동),1명,2026-09-08 21:04:17
https://www.jobkorea.co.kr/Recruit/GI_Read/5567016/Ext?siteCode=WN&sc=,550102,"[ 경주시 양남면 ] 재가요양보호사 모집 - 근무지: 경북 경주시 양남면 원자력본부 사택 인근 - 대상자: 4등급 83세 할머니 어르신/ 지팡이나 보행기의 도움으로 보행, 치매 증상 전혀 없음. - 근무시간: 주6일(월,화,수,목,금,토) 12:30~15:30 - 케어내용: 식사준비, 청소, 빨래, 병원이동,부측 도움 - 시급: 10,320원 (수당 등 포함 13,000원) - 채용담당자: 010-8503-1890 [해피스마일재가복지센터]",재가 요양보호사,-,학력무관,경력,"시급 10,320원 ~ 10,320원",고용형태,부산광역시 수영구 연수로416번길 38 (광안동),1명,2026-09-08 21:04:17
https://www.jobkorea.co.kr/Recruit/GI_Read/5566102/Ext?siteCode=WN&sc=,813201,"자동화 셋팅된 CNC 설비 관리 및 품질,생산 관리 주5일 , 주야간근무(격주), 4대보험, 식사 제공",CNC 선반 조작원(NC 선반 조작원),CNC lath가공원,학력무관,경력,월급 300만원 ~ 380만원,고용형태,"부산광역시 기장군 정관읍 산단4로 62 0, 부광산업기계",1명,2026-09-08 21:04:17
https://www.jobkorea.co.kr/Recruit/GI_Read/5567358/Ext?siteCode=WN&sc=,816100,"CNC 자동공급장치(오토로더) 전문 업체 태산기계에서 자동화기계 생산, 조립 관련 경헙이 있는 경력직 직원을 모집합니다. 생산, 기계조립, 설치를 주 업무로 합니다.",일반기계 조립원,기계조립원,학력무관,경력,"연봉 3,000만원 ~ 4,000만원",고용형태,"부산광역시 사상구 장인로77번길 103-11, 태산기계 (학장동)",1명,2026-09-08 21:04:17
https://www.jobkorea.co.kr/Recruit/GI_Read/5566352/Ext?siteCode=WN&sc=,561102,"◆ [서구 암남동 송도 케이블카 인근] 호텔 룸메이드 RM 메이드 채용 ◆ ■ 모집 부문 - 룸메이드 ■ 담당 업무 - 호텔 객실 청소, 침구 정비 / 체크인 전 객실 품질 유지 / 프론트 및 객실관리팀 업무 협조 ■ 근무 시간 - 11:00 ~ 16:00 ( 배정 객실 정비 종료시 퇴근 ) / 스케줄 근무 ■ 급여 사항 - 객실 타입별 지급(8,000원 ~ 17,000원) / 식대 지급(1일 8,000원) ■ 우대 사항 - 경력자 우대 / 신입가능 / 책임감 있고 꼼꼼하신 분 / 즉시 출근 가능자 ■ 기타 사항 - 레지던스 객실정비 경력자 우대, 신입 지원 가능 - 꾸준히 함께 하실 분을 찾고 있습니다. - 배정 받은 객실 정비 후 퇴근","호텔·콘도·숙박시설 청소원(룸메이드,하우스키퍼)",호텔청소원,학력무관,경력,월급 150만원 ~ 250만원,고용형태,부산광역시 서구 등대로 9 (암남동),3명,2026-09-08 21:04:17
https://www.jobkorea.co.kr/Recruit/GI_Read/5567395/Ext?siteCode=WN&sc=,016300,"- 생산관리 및 공정관리, 거래처 관리 및 납품 관리 - 근무시간 : 08:00~17:00(주5일) 연장근로 최대 주 12시간 연봉에 포함되어있음. - 토요일, 일요일, 빨간날 근무시 특근수당 1.5 적용 - 식대 점심(8천원) 별도지급, 저녁 잔업시 (8천원)별도지급 - 필수 : 운전면허필수",제품 생산 관련 관리자,-,학력무관,신입,"연봉 3,500만원 이상",고용형태,부산광역시 영도구 남항남로9번길 11 (남항동3가),1명,2026-09-08 21:04:19
https://www.jobkorea.co.kr/Recruit/GI_Read/5566105/Ext?siteCode=WN&sc=,026100,"비온솔루션(주)은 미 해군을 비롯한 해외 선박 MRO 프로젝트가 원활하게 운영될 수 있도록 지원하는 전담 기업입니다. 사무• 관리•운영 지원 업무 전반을 담당하며 글로벌 사업의 안정적인 수행을 뒷받침하는 역할을 하고 있습니다. 글로벌 프로젝트는 정확한 업무 처리 능력과 책임감, 조직 간 원활한 소통 능력이 핵심입니다. 이러한 기본 역량을 바탕으로 배우려는 열정이 있다면 프로젝트 전문가로 성장할 수 있도록 체계적으로 지원하겠습니다. 국내외 유관 기관 및 기업과의 협업을 통해 글로벌 실무 감각을 키우고, MRO 프로젝트 기획·관리 전문가로 함께 성장할 인재를 기다립니다. 비온솔루션(주)에서 새로운 도전과 성장을 경험해보시기 바랍니다. [주요 업무] • 프로젝트 기획 및 수행 • 프로젝트 수행 관련 행정 및 문서 관리 • 국내외 기업 및 유관 기관 커뮤니케이션 • 내부 협업 및 운영 지원 업무 수행",경영 기획 사무원,사업기획사무원,대졸(2~3년)~대졸(4년),신입,월급 250만원 이상,고용형태,"부산광역시 강서구 명지국제2로28번길 34, 912호(9층, 에코팰리스) (명지동)",2명,2026-09-08 21:04:19
https://www.jobkorea.co.kr/Recruit/GI_Read/5566310/Ext?siteCode=WN&sc=,159103,"설계부 : 기계부품도,기계부품리스트작성 , 기계설비도면설계(CAD) 프로젝트별 도면,계획 및 기계사양검토 , 기술서류대응 설계프로그램능숙자 , 도면해독 및 설계가능자 , 플랜트설계경험자 프로젝트승인도면 , 배치/배관도 , 부품/제작도 도면검토 및 선별 , 생산공정관리 , 컷팅플랜(CP) , 자재산출 및 발주요청 플랜트설계----담당업무 : 압력용기,열교환기,싸이클론,스크류컨베이어,분쇄기 탱크류등의 CAD작업 소요자재 도면작업 및 BOM작업(Bill of material) 구입품사양검토(모터,펌프,냉각탑,감속기etc) 환경플랜트 설비관련개발업무 기계관련자격증,3D설계프로그램능숙자, 도면해독 및 설계가능자우대",기계·금속 제도사(캐드원),-,대졸(2~3년)~대졸(4년),경력,월급 400만원 ~ 450만원,고용형태,"부산광역시 사상구 학장로 39-20, 우성기계 (학장동)",1명,2026-09-08 21:04:19
https://www.jobkorea.co.kr/Recruit/GI_Read/5567373/Ext?siteCode=WN&sc=,811206,"산업용 공기압축기 및 에너지 절감 설비 전문 기업으로 현장 기술 운영 및 설비 엔지니어링 업무를 담당할 엔지니어(대리/과장급)을 모집합니다. • 공압기 및 에너지 절감 설비 시운전 및 기술지원 • 신규 설비 설치 및 관리 • 설비 성능 테스트 및 최적 운전 셋팅 • 트러블 슈팅 및 기술 문제 해결 • 고객 기술 대응 및 현장 기술 지원 • 시운전 보고서, 기술 문서 작성 • 현장 출장 가능하신 분 • 운전면허 1종 보유자 (필수/1톤트럭 운전 가능) • 책임감 있고 성실하신 분 20년 이상 경력의 엔지니어 팀장님과 2인 1조로 근무하시게 되며 경력없어도 배우면서 업무 가능합니다.",기타 공업기계 설치·정비원,-,학력무관,신입,"연봉 3,800만원 ~ 4,000만원",고용형태,"부산광역시 강서구 과학산단1로60번길 31, 1동 101호 (지사동, 부산테크노파크)",1명,2026-09-08 21:04:19
https://www.jobkorea.co.kr/Recruit/GI_Read/5566290/Ext?siteCode=WN&sc=,890000,제빙실 얼음 생산 및 출고 업무 1개월 계약직 이후 근로계약기간 연장 가능,기타 제조 관련 단순 종사원,권선공,학력무관,관계없음,월급 360만원 이상,고용형태,부산광역시 서구 충무대로 166-41 (남부민동),2명,2026-09-08 21:04:19
https://www.jobkorea.co.kr/Recruit/GI_Read/5566350/Ext?siteCode=WN&sc=,561102,"◆◆ 서구 암남동 송도 해상케이블카 근처 호텔 하우스맨 구인 ◆◆ ■ 모집 부문 - 하우스맨 ■ 모집 인원 - 1명 ■ 담당 업무 - 호텔 內 린넨 및 물품 재고 관리, 객실 요청 오더 수행 - 기타 객실 정비 업무 지원 ■ 근무시간 - 10:00 ~ 19:00 (휴게시간 1시간, 주 5일 스케줄 근무) ■ 급여 - 2,256,880 원 + 중식비 별도 제공 ■ 우대사항 - 장기근무 가능자, 군필자 ■ 복지 - 4대 보험, 퇴직금, 연차 등 ■ 지원 방법 - 지원 방법 : 팩스 지원 또는 이메일 이력서 제출 - FAX : 070-7543-6807 - 제출 서류 : 간단한 이력서 (경력 포함 시 기재) ■ 기타 사항 - 신입, 경력 구분 없이 업무 수행 가능합니다 - 꾸준히 오래 함께 하실 분을 찾고 있습니다","호텔·콘도·숙박시설 청소원(룸메이드,하우스키퍼)",하우스키핑원(하우스키퍼),학력무관,관계없음,월급 225만원 ~ 225만원,고용형태,부산광역시 서구 등대로 11 (암남동),1명,2026-09-08 21:04:20
https://www.jobkorea.co.kr/Recruit/GI_Read/5566943/Ext?siteCode=WN&sc=,624501,"1. 근무지역 : 부산 신항 2. 업무 : 선박이 항구에 입출항시 선박의 밧줄을 부두에 고정하고 풀어주는 줄잡이 업무 건강한 사람은 누구나 배우면 가능한 업무로 특별한 기술이나 힘이 필요하지는 않은 단순한 노무입니다. 다만 줄을 화물차(1톤)에 걸어서 당기므로 자동차운전면허(1종보통 우대, 2종보통 필수)가 필요합니다. 3. 근무형태 : 격일제 24시간 맞교대 4. 근무시간 : 오전 07:00 ~ 익일 오전 07:00 (선박입출항 스케줄에 따른 탄력근무, 대기시간 많음, 주간 5시간, 야간 4시간 정도 근무, 실근무 8~9시간) 5. 복리후생 : 4대보험, 연차수당, 명절교통비, 식사(일2식) 6. 월급 260만원~300만원 (수습3개월 월240만원) *지원방법: 고용24 입사지원 **지원시 메일 제목: <뉴포트마린 선박 줄잡이 지원자 OOO입니다.>필히 작성 요망! ※구직활동만을 위한 형식적인 지원자는 사양합니다. 실제 근무가능하신 분만 지원 바랍니다. * 사업장 위치, 교통편 확인하시고 취업의사 있는 분들만 고용24 접수 부탁드립니다. * 입사지원 어려운 분은 [구직신청] 후 부산고용센터로 전화주시기 바랍니다. 051-860-2194",하역·적재 종사원,부두노무원,학력무관,관계없음,월급 260만원 이상,고용형태,"부산광역시 강서구 신항남로 588-1, 부산컨테이너터미널(BCT) 내 (성북동)",8명,2026-09-08 21:04:20
https://www.jobkorea.co.kr/Recruit/GI_Read/5566573/Ext?siteCode=WN&sc=,836001,"조선기재자 VRC 조립직원 구합니다. - 업무내용 : 전기작업 및 유압 배관등의 조립 작업 - 근무시간 : 08 : 30 ~ 17:30 (8시간 기준, 연장근무 휴일근로는 개별 면담 시 협의) - 우대조건 : 관련업종 경력자 우대 (근무조건 및 연봉기준 면접 시 개별 협의) - 부가내용 : 4대보험 적용, 명절상여금, 식사제공, 장기근로시 퇴직금 지급 (매년 연봉 협상) 현재 조선기재자 VRC 관련 외주 조립을 하고있으며, 현재는 얼마되지 않은 소규모 공장이지만 다 같이 가족처럼 열심히 일해서 회사를 키울 참신하고 의욕 넘치는 직원을 구합니다. 신입 / 경력직에 대하여는 면접시 개별 면담을 진행할 예정이며, 당사에서는 신입이더라도 배울 의지만 있다면 열심히 가르쳐 같이 일할 직원분을 구합니다. 언제든지 열여있으니 문의 사항은 유선 연락하여주시기 바랍니다.",전기 부품·제품 조립·검사원,-,학력무관,관계없음,"시급 11,000원 ~ 14,500원",고용형태,"부산광역시 강서구 녹산산업북로 295, B동 (송정동)",2명,2026-09-08 21:04:20
https://www.jobkorea.co.kr/Recruit/GI_Read/5567004/Ext?siteCode=WN&sc=,524002,"【2026 관광 ·마이스 미니잡(JOB)페어】 개최 장소 : 벡스코 제1전시장 지하 1층 화상면접실 스튜디오 일시 : 2026. 8. 20(목) 14:00 ~ 17:00 <16시 까지 행사장 입장 마감, 면접 진행> ----------------------------------------------------------------------------------------------- [모집부문 및 인원] ㆍ어트랙션 운영 : 어트랙션 탑승 안내 및 운영관리 ㆍ안전청결 : 파크안전 및 청결관리 ㆍ편의시설 : 손님 편의 시설 유지 및 관리 ㆍ식음판매 : 간단 조리 및 판매 ㆍ그리팅티켓 : 매표 및 입장 관리 [근무조건] -급 여 : 시급 12,384원(주휴수당 포함) -근무시간 : 09:00~21:00 중 08시간, 1시간 휴게 * 상황별 연장근무 발생 -근무장소 : 롯데월드 어드벤처 부산(기장) - 계약직(계약기간: 10개월, 2개월 수습 후 재계약 여부 결정, 최대 20개월 근무가능) ★ 이력서 접수 : 롯데월드 인재채용사이트 내 온라인 지원서 접수 필수 ★ 접수방법 : https://recruit.lotteworld.com/ 접속 → 캐스트채용 → 채용공고 내 [롯데월드 어드벤처 부산] 2026년 미니잡페어 참가자 모집",테마파크 서비스원,-,학력무관,관계없음,"시급 12,384원 ~ 12,384원",고용형태,"부산광역시 기장군 기장읍 동부산관광로 42, 롯데월드 어드벤처 부산",15명,2026-09-08 21:04:20
https://www.jobkorea.co.kr/Recruit/GI_Read/5567169/Ext?siteCode=WN&sc=,028508,자동차 부품 (CO2 용접품)의 완성품에 대한 전수검사 요원 (현장직) 입고 제품에 대한 샘플링 검사 - 꼼꼼하신 분을 우대합니다.,품질관리 사무원(기계·자동차·금속),기계·자동차·금속관련품질관리사무원,학력무관,관계없음,"시급 10,320원 ~ 10,320원",고용형태,부산광역시 기장군 정관읍 산단7로 50-37,2명,2026-09-08 21:04:21
https://www.jobkorea.co.kr/Recruit/GI_Read/5566676/Ext?siteCode=WN&sc=,026202,"주요업무: 공공조달등록,제품인증,정부지원사업,지자체/공기업 업무관리. 우리회사 주요 제품에 대한 정보는 홈페이지에서 참조하세요 www.barunts.kr - 컴퓨터 활용능력 상급이상. - 운전면허,차량필수",영업 기획·관리·지원 사무원,영업기획사무원,학력무관,경력,월급 300만원 ~ 500만원,고용형태,"부산광역시 사하구 다송로72번길 69, 2층 (다대동)",1명,2026-09-08 21:04:21
https://www.jobkorea.co.kr/Recruit/GI_Read/5567166/Ext?siteCode=WN&sc=,890006,"근무시간 09:00 ~ 18:00(혹은 ~17:30/~19:00), 현장별로 상이 근무요일 주5회(월~토중) 택배포장 혹은 생산현장 시급 10,320원(주휴포함 12,384원) 근무기간: 1 ~ 3개월(성수기 2026.9월 ~ 2027.1월) 온라인 지원(전화지원 사양) 지원자별 소그룹 면접 실시",식품 분야 단순 종사원,통조림 생산보조원,학력무관,관계없음,"시급 10,320원 이상",고용형태,"부산광역시 사하구 다산로 277, 고래사어묵 (장림동)",10명,2026-09-08 21:04:21
https://www.jobkorea.co.kr/Recruit/GI_Read/5566291/Ext?siteCode=WN&sc=,231100,"[반석방문요양센터] 사회복지사(수급자댁 방문 상담/사무업무) 구인 안내 -근무시간 : 9시 ~ 18시 -근무내용 - 재가 방문요양 사회복지사 업무 수행 - 수급자 가정내 방문 및 상담 업무 및 사무실내 사무 업무 - 방문요양 재가 서비스 이용자의 일정 및 욕구 사정 - 요양보호사 일정 및 서류 관리 - 경력자 우대(치매전문교육 이수자 우대) -급여 : 216만원 ~ -복리후생 : 식대, 4대보험 가입, 차량 미 소지자 근무 가능 - 제출서류 : 이력서, 자기소개서 - 제출방법 : 고용24 접수 ♧ 부산고용센터 채용대행입니다. 국민취업제도나 실업급여수급을 목적으로한 형식적인 입사지원은 자제해주시고 구직신청 후 고용24지원 하시면 사업체 인사담당자에게 전달해드립니다.",사회복지사,-,학력무관,경력,월급 216만원 이상,고용형태,부산광역시 남구 용호로 222,1명,2026-09-08 21:04:21
https://www.jobkorea.co.kr/Recruit/GI_Read/5567218/Ext?siteCode=WN&sc=,890000,"- 관이음쇠 제조시 단순 노무 (마킹작업, 포장작업) - 지게차자격증 소지자 우대 - 시급 10,320원",기타 제조 관련 단순 종사원,상표부착원,학력무관,관계없음,"시급 10,320원 ~ 10,320원",고용형태,부산광역시 강서구 녹산산단46로 39,2명,2026-09-08 21:04:22
https://www.jobkorea.co.kr/Recruit/GI_Read/5564706/Ext?siteCode=WN&sc=,550102,"[ 청룡동 ] - 4등급 80세 할머니 - 대상자 케어등 일반적인 요양보호사 업무, 산책, 가사도움등 - 주5일 / 09:00-12:00 - 연락주세요~ 010-2056-5857",재가 요양보호사,-,학력무관,관계없음,"시급 10,320원 이상",고용형태,"부산광역시 금정구 청룡예전로 74, 인근 (청룡동, 경동아파트)",1명,2026-09-08 21:04:22
https://www.jobkorea.co.kr/Recruit/GI_Read/5563188/Ext?siteCode=WN&sc=,821201,"■광진실업(주) ㅁ모집직종 : 생산직 압연 업무 1명 ㅁ근무장소 : 부산광역시 기장군 장안읍 오리산단로 106 ㅁ근무시간 : 주 5일, ( 2조 2교대 8:00~19:30 / 20:30~08:00) 야간의 경우 2조2교대 소정근로시간 40시간 + 연장근무 12시간 = 주 52시간 ㅁ급여사항 : 연봉 3800만원~4000만원 (경력직 협의가능) ㅁ우대사항 : 경력자(우대), 자차출퇴근(우대), 장기근속자(우대), 교대근무가능자(우대) ㅁ복리후생 : 4대보험, 퇴직연금, 1식제공 ㅁ접수방법 : 고용24접수 - 이력서, 자기소개서 ㅁ문의전화 : 051-220-9121",압연기 조작원,열간압연기조작원,학력무관,경력,"연봉 3,800만원 ~ 4,000만원",고용형태,"부산광역시 기장군 장안읍 오리산단로 106, 오리 1101-1",1명,2026-09-08 21:04:22
https://www.jobkorea.co.kr/Recruit/GI_Read/5563331/Ext?siteCode=WN&sc=,232100,영아반 담임교사로 함께 근무할 선생님을 모십니다. 메일주소 : tjddo1692@naver.com. 근무시작 : 협의 가능 * 아이들을 사랑하고 책임감 있게 함께해 주실 선생님을 기다립니다. 자세한 사항은 면접시 안내드립니다.,보육교사,보육센터장,학력무관,경력,월급 215만원 이상,고용형태,"부산광역시 해운대구 해운대로76번길 55, 109동 201호 (재송동, 센텀이편한세상아파트)",1명,2026-09-08 21:04:22
https://www.jobkorea.co.kr/Recruit/GI_Read/5563584/Ext?siteCode=WN&sc=,531803,"[신장림동] 센텀휴요양병원 조리사. 조리원 구인 - 조리사는 자격증 필수. 조리원은 무관 - 주 5일 근무(스케줄 근무), 05:30~17:30 (스케줄에 따라 30분 변동 가능성 있음) 빨리마치면 일찍퇴근. - 월 9일~10일 휴무(공휴일 근무시, 일수 만큼 휴무일 추가됨) - 휴게시간 : 3시간+식사시간 별도, 하루 총 휴게시간 : 4시간 이상 - 조리실 근무인원 : 조리사 2명, 조리원 4명, 총 6명 근무 (통상적으로 2~3일 근무 후 하루 휴무로 돌아감) - 식사제공 * 사업장 위치, 교통편 확인하시고 면접 후 해당업체 출근, 취업의사 있는 분들만 고용24 접수 부탁드립니다. - 지원희망자는 고용24 회원가입-로그인-구직신청(경력 및 자격증등록 등)-구인공고 화면- 고용24 워크넷입사지원",병원 급식 조리사,병원급식조리사,학력무관,관계없음,월급 260만원 이상,고용형태,"부산광역시 사하구 다대로277번길 31, 센텀휴요양병원 (장림동)",1명,2026-09-08 21:04:23
https://www.jobkorea.co.kr/Recruit/GI_Read/5563083/Ext?siteCode=WN&sc=,813200,NC터닝 및 범용터닝 기계 가공 플레노밀러 기계가공 9월 강서구 명지동 이전예정,금속 공작기계 조작원,밀링기조작원,학력무관,경력,"연봉 6,000만원 ~ 8,000만원",고용형태,"부산광역시 사하구 구평로16번길 11, 청운중공업 (구평동)",2명,2026-09-08 21:04:23
https://www.jobkorea.co.kr/Recruit/GI_Read/5563373/Ext?siteCode=WN&sc=,214400,타일자격증 소지자 직업훈련교사 소지자,기술 및 기능계 강사,직무교육강사,학력무관,경력,월급 250만원 ~ 300만원,고용형태,"부산광역시 부산진구 연수로 14-1, 01 (양정동)",1명,2026-09-08 21:04:23
https://www.jobkorea.co.kr/Recruit/GI_Read/5562825/Ext?siteCode=WN&sc=,550102,45년생 4등급 남자어르신 주6일(월24일) 0900 ~ 1200 ※ 토요일은 격주 근무.,재가 요양보호사,재가요양보호사,학력무관,관계없음,"시급 13,000원 이상",고용형태,"부산광역시 서구 충무시장길 50, . (충무동3가, 에코팰리스3)",1명,2026-09-08 21:04:23
https://www.jobkorea.co.kr/Recruit/GI_Read/5563082/Ext?siteCode=WN&sc=,623004,"냉동창고 입출고 지게차기사 - 1.5t~2.5t사이 전동지게차 - 지게차운전기능사 자격증 필수 * 근무지 위치, 교통편 확인하시고 면접 후 해당업체 출근, 취업의사 있는 분들만 고용24 접수 부탁드립니다. - 지원방법 : 고용24 회원가입-로그인-구직신청(경력 및 자격증, 사진, 자기소개서 등록 등)-구인공고 화면- 고용24 입사지원",지게차 운전원,-,학력무관,경력,"연봉 3,300만원 ~ 3,400만원",고용형태,부산광역시 사하구 원양로 340 (감천동),1명,2026-09-08 21:04:23
https://www.jobkorea.co.kr/Recruit/GI_Read/5563371/Ext?siteCode=WN&sc=,532300,"1. 채용분야 및 자격 가. 채용분야 : 주방보조 나. 업무내용: 전처리, 설거지 다. 자격증 무관 라. 근무: 5:30~14:00 / 주5일(스케줄에 따라 근무요일 변동) 2. 제출 및 응시 서류: 이력서 1부 3. 서류접수 가. 접수기간 : 상시모집 나. 접수방법 : 연락 후 방문 다. 접수처 : 부산광역시 수영구 과정로 49, 수영효도요양원 4. 급여기준 : 220만원 5. 문의 : 부산광역새일센터 하선정 051-320-8334",주방 보조원,-,학력무관,관계없음,월급 220만원 이상,고용형태,"부산광역시 수영구 과정로 49, 수영효도요양원 (망미동)",1명,2026-09-08 21:04:24
https://www.jobkorea.co.kr/Recruit/GI_Read/5563386/Ext?siteCode=WN&sc=,612102,산업용 크레인 개.보수 기술영업 *부산.경남 지역 신규 거래처 발굴 및 고객관리 *항만.조선소.철강.중공업.발전소 등 산업체 영업 *노후 산업용 크레인 개.보수 및 리트로핏 영업 *인버터.PLC.제어반 등 전기.제어 개.보수 상담 *고객사 공무팀.설비팀.전기팀.장비 정비팀 방문 및 상담 *현장 방문 및 견적 상담 연결 (우대사항) *부산항.신항.북항 등 항만 근무 경력자 우대 *항만 크레인 및 하역장비 관련 경력자 우대 *조선.철강.중공업.발전소 근무 경력자 우대 *관련 업종 영업.공무.설비.정비 경력자 우대 *퇴직 경력자 환영 급여조건 : 기본급 협의 + 신규 수주 실적에 따른 성과급 별도 지급,기계장비 기술영업원,-,학력무관,경력,월급 150만원 ~ 150만원,고용형태,"부산광역시 강서구 과학산단1로60번길 30, 한빛솔리드 (시험생산동))",1명,2026-09-08 21:04:24
https://www.jobkorea.co.kr/Recruit/GI_Read/5564519/Ext?siteCode=WN&sc=,821100,주요 업무 : 진공주조 용해보조 및 용해 업무로 주로 VIM(진공유도로)를 가동하는 업무임. 경력 : 무관 학력 : 무관(고등학교 졸업자 또는 졸업 예정자 이상) 나이 : 무관 급여 : 시급제(면접 후 결정),금속가공 관련 제어 장치 조작원(용광로·용해로·금속가열로),-,학력무관,관계없음,"시급 10,320원 이상",고용형태,"부산광역시 강서구 과학산단1로103번길 8, 지사동 (지사동)",1명,2026-09-08 21:04:24
https://www.jobkorea.co.kr/Recruit/GI_Read/5564517/Ext?siteCode=WN&sc=,890002,선박 부품 및 기계 부품을 생산하는 제조업체입니다 1) 주요 업무 - 가공 완료된 제품 사상 - 제품 조립 및 포장 - MCT 및 CNC선반 작업 보조 2) 자격 요건 : - 우대사항 : 성실하고 책임감 있으신 분 / 사상 및 기계 작업 보조 경험자,단순 사상원(용접사상 제외-용접원구분),-,학력무관,관계없음,"시급 10,320원 이상",고용형태,"부산광역시 강서구 신호산단4로 92, 부경테크 (신호동)",1명,2026-09-08 21:04:24
https://www.jobkorea.co.kr/Recruit/GI_Read/5564410/Ext?siteCode=WN&sc=,140203,"[모집직무] 구조물해체 비계공사 (건축물철거 / 석면해체공사) [직무소개] (주)금광환경은 정확한 기술을 통해 안전하고 신속한 철거 및 석면해체를 제공하는 업체입니다. 건설 현장의 효율적인 운영을 담당할 공무 직원을 모집합니다. [주요업무] 1. 건축물 해체공사 견적서 및 인허가 신고 현장대리인 2. 석면 해체공사 견적서 및 인허가 신고 현장대리인 3.공사 일정 및 공정관리 4. 착공신고 및 기성청구 , 준공신고 업무 5. 공무팀 운영 및 업무관리",건축시공 기술자(건축견적 포함),건축공무기술자,고졸~대졸(4년),경력,"연봉 4,000만원 ~ 5,000만원",고용형태,"부산광역시 금정구 공단서로18번길 72, 2층 (금사동)",1명,2026-09-08 21:04:24
https://www.jobkorea.co.kr/Recruit/GI_Read/5564514/Ext?siteCode=WN&sc=,550102,"주례 70대 초반 3등급 어르신 가사지원, 정서지원 월~금 근무시간: 08:00~11:00 시급 10320원 (제수당 포함 13000) * 사하구청 일자리지원센터에서 서류전형 채용대행접수 진행중입니다. 지원문의: 051-220-5697 실제 구직지원 의사 있는 분들만 접수 부탁드립니다.",재가 요양보호사,재가요양보호사,학력무관,관계없음,"시급 10,320원 ~ 10,320원",고용형태,부산광역시 사상구 양지로42번길 66-7 (주례동),1명,2026-09-08 21:04:25
https://www.jobkorea.co.kr/Recruit/GI_Read/5565025/Ext?siteCode=WN&sc=,811205,"[모집직무] 식품기계 설치·정비원, 포장디자이너, 기타 기계 조작원 [직무소개] 우리 회사는 식품 산업의 핵심 기기를 공급하고 설치 및 유지보수 서비스를 제공하고 있습니다. 본 직무는 포장기계 설치 및 유지보수 작업을 담당하는 선배 기술자의 업무를 보조하며 실무 경험을 쌓을 수 있는 기회입니다. [주요업무] - 식품 포장기계 설치 및 조립 지원 - 기계 유지보수 및 수리 작업 지원 - 설치 및 유지보수 관련 기록 및 보고서 작성 - 현장 작업 준비 및 청소 - 안전 및 위생 기준 준수",식품기계 설치·정비원,-,학력무관,관계없음,월급 250만원 ~ 300만원,고용형태,"부산광역시 강서구 대저동서로211번길 6, 동서피엠 (대저2동)",1명,2026-09-08 21:04:25
https://www.jobkorea.co.kr/Recruit/GI_Read/5564850/Ext?siteCode=WN&sc=,027200,경리 전반적인 업무 - 전표입력(자체기장) - 부가가치세 및 원천세 신고 - 4대보험 신고 - 기타 경영지원팀 업무 ▶지원방법: 고용24 입사지원 또는 bslim@freedomtrading.co.kr 이메일 발송,경리 사무원,경리장부정리원,고졸~대졸(4년),경력,"연봉 3,000만원 ~ 3,300만원",고용형태,"부산광역시 사상구 가야대로11번길 36, . (감전동)",1명,2026-09-08 21:04:25
https://www.jobkorea.co.kr/Recruit/GI_Read/5563177/Ext?siteCode=WN&sc=,823301,조형원/합형원 구합니다. 경력직 채용합니다.,"주조원(목형원, 원형원, 주형원)",목형원,학력무관,경력,"연봉 4,800만원 ~ 5,200만원",고용형태,"부산광역시 강서구 녹산산업중로 395, 보경금속 (송정동)",2명,2026-09-08 21:04:25
https://www.jobkorea.co.kr/Recruit/GI_Read/5565220/Ext?siteCode=WN&sc=,153105,[모집직무] 전기공사 기술자(전기견적 포함) [직무소개] 우리 회사는 다양한 시공 프로젝트를 수행하는 전문 전기 공사 기업입니다. 전기 분야의 경험을 가진 능력 있는 인재를 찾고 있습니다. [주요업무] - 전기 공사 설계 - 현장 관리 및 시공 감독 - 공사 관련 문서 작성 및 보고서 작성 - 전기 공사 견적 작성 및 관리,전기공사 기술자(전기견적 포함),전기공사현장관리자,학력무관,관계없음,월급 350만원 ~ 350만원,고용형태,"부산광역시 기장군 구연3로 17, 비동 401호",1명,2026-09-08 21:04:26
https://www.jobkorea.co.kr/Recruit/GI_Read/5565391/Ext?siteCode=WN&sc=,612104,"((주)보조기전은 글로벌 에너지 관리 및 자동화 전문 기업인 Schneider Electric 및 Telemecanique Sensors, Weidmuller 등 다양한 해외 공급사로부터 산업용 전력 및 자동화 제어기기를 다양한 국내 산업 분야에 총판 대리점으로서 30년 이상 여러 고객에게 신뢰를 구축해왔습니다. 본사는 부산광역시 사상구에 위치하고 있으며, 끊임없는 사세 확장과 성장을 위해 부산 및 수도권 지역에서 활동할 기술 영업 담당자를 새롭게 모집합니다. 저희 ㈜보조기전은 직원 간의 인화를 중시하며, 고객 만족과 신뢰를 주는 기업 가치를 최우선으로 임하고 있습니다. 당사에 대한 더 자세한 정보는 공식 홈페이지 www.bojoelectric.com을 참고해 주시기 바랍니다. [ 담당 업무 ] • 신규 고객 발굴 및 기존 거래처 관리 • 고객 요구사항 분석 및 최적화된 기술·제품 제안 • 제안서 및 견적서 작성, 계약 협상 및 수주 관리 • 대리점 및 파트너사 관리, 영업 채널 확대 • 전시회, 세미나, 제품 설명회 등 외부 활동 참여 • 주요 산업군(자동차, 반도체, 포장기,화학, 플랜트, 물류, 로봇 등) 대상 B2B 영업 및 프로젝트 수주 • 내부 기술지원팀과 협업하여 프로젝트 관리 및 문제 해결 [ 자격 요건 ] • 학력: 대졸 이상 (전기·전자, 제어계측, 기계·메카트로닉스 등 관련 전공 우대) • 원활한 커뮤니케이션 및 프레젠테이션 능력 보유 **연말 성과금있음**",전기·전자장비 기술영업원,반도체기술영업원,대졸(4년),신입,"연봉 3,600만원 ~ 4,500만원",고용형태,"부산광역시 사상구 새벽로215번길 42, 1층 (괘법동)",2명,2026-09-08 21:04:26
https://www.jobkorea.co.kr/Recruit/GI_Read/5565268/Ext?siteCode=WN&sc=,026100,"독학재수 학원 데스크 행정 업무 입시 현장 감각이 있는 경력자 우대 행정 직원, 행정 실장, 상담 실장, 부원장 승진 코스 지원. 독학재수 학원 오픈 예비 원장님에게 강력 추천 합니다.",경영 기획 사무원,-,대졸(4년)~석사,신입,월급 240만원 ~ 300만원,고용형태,"부산광역시 연제구 중앙대로 1197, ST 빌딩 6층 (거제동, 에스티빌딩)",2명,2026-09-08 21:04:26
https://www.jobkorea.co.kr/Recruit/GI_Read/5567167/Ext?siteCode=WN&sc=,817200,[모집직무] 자동차 부품 조립원 [근무시간] 08:20~17:20 1연장 17:30~19:00 2연장 19:30~21:30 토요일 근무 월 3회정도 있습니다. 연장근무도 평균 주 3회 정도 있습니다. [통근버스] 정관 내에서만 운행합니다.,자동차 부품 조립원(검사원 포함),자동차 부분품 조립원,학력무관,관계없음,"시급 10,320원 이상",고용형태,부산광역시 기장군 정관읍 산단5로 100-52 (원풍산업),2명,2026-09-08 21:04:26
https://www.jobkorea.co.kr/Recruit/GI_Read/5564682/Ext?siteCode=WN&sc=,532302,"<담당업무> ❍ 학생식당(스낵코너) 주방보조 및 홀청소 등 <근무조건> ❍ 근무기간 및 시간 : 2026. 8. 24. ~ 12. 21. - 10:00~15:30 (5시간) ❍ 보수 : 시급 10,320원 - 주휴수당, 휴일수당(공휴일 유급처리), 연차수당, 조리수당(62,500원) ❍ 근무형태 등 : 평일 주 5일 근무, 4대보험 가입, 주말 휴일근무 없음 ❍ 자격증 없으셔도 지원 가능 ❍ 자격요건: 입사시 보건증 제출요함",단체 급식 보조원,단체급식보조원,학력무관,관계없음,"시급 10,320원 이상",고용형태,"부산광역시 영도구 태종로 727 (동삼동, 한국해양대학교)",1명,2026-09-08 21:04:26
https://www.jobkorea.co.kr/Recruit/GI_Read/5562831/Ext?siteCode=WN&sc=,561101,"504세대 아파트 공용부분인 복도,계단,엘리베이터 등 청소 월-금 (09:00~15:00 근무, 휴게 1시간)","건물 청소원(공공건물,아파트,사무실,병원,상가,공장 등)",APT청소원,학력무관,관계없음,"시급 10,320원 이상",고용형태,"부산광역시 북구 효열로 40, 금곡주공 6단지 북구 효열로 40 (금곡동, 금곡6단지주공아파트)",1명,2026-09-08 21:04:27
https://www.jobkorea.co.kr/Recruit/GI_Read/5564724/Ext?siteCode=WN&sc=,550102,"* 서대신동 5등급 할머니 (치매교육이수자) * 8:30~11:30 주5일 * 포괄시급 : 13,000원, (시급+주휴수당+연차수당 등 포함) * 전반적인 요양보호사업무 *실제 서비스 제공기간에 따라 임금을 계산하여 지급하는 형태로 채용 시 근로자마다 주소정근로시간이나 임금, 근무(예정)지 등에 차이가 있을 수 있음. * 문의전화 051-791-2346, 010-6768-0147",재가 요양보호사,-,학력무관,관계없음,"시급 10,320원 이상",고용형태,"부산광역시 서구 구덕로 336-6, . (동대신동3가)",1명,2026-09-08 21:04:27
https://www.jobkorea.co.kr/Recruit/GI_Read/5563304/Ext?siteCode=WN&sc=,824100,"TG용접및 SUS 제품생산 - 자격증 무관하나 경력자 우대 - 명절(설,추석).,하계 휴가 상여금 있음 - 근무시간: 08:30~18:00 주5일 - 임금 : 250만원(협의가능)",용접원,-,학력무관,경력,월급 250만원 ~ 250만원,고용형태,"부산광역시 사상구 새벽로91번길 81, 성광특수산업 (학장동)",1명,2026-09-08 21:04:27
https://www.jobkorea.co.kr/Recruit/GI_Read/5563228/Ext?siteCode=WN&sc=,890000,"가스켓 생산, 기계조작, 제품검수 및 생산관련 업무 성실하고 책임감 있는 분의 많은지원 바랍니다. 장기근무가능자를 우대하며, 업무가 단순하여 초보자도 쉽게 배울수 있으며, 입사 후 교육을 통해 누구나 수행 가능합니다.",기타 제조 관련 단순 종사원,-,고졸~대졸(4년),관계없음,"연봉 2,800만원 이상",고용형태,"부산광역시 강서구 제도로1041번길 506, 대정ENG (강동동)",3명,2026-09-08 21:04:27
https://www.jobkorea.co.kr/Recruit/GI_Read/5563823/Ext?siteCode=WN&sc=,862300,의복제작용 재봉기 조작 및 기타업무,재봉사,-,학력무관,경력,"시급 10,320원 이상",고용형태,"부산광역시 북구 덕천로 89-7 (덕천동, ,18)",10명,2026-09-08 21:04:28
https://www.jobkorea.co.kr/Recruit/GI_Read/5565307/Ext?siteCode=WN&sc=,306200,"[모집직무] 방사선사 [주요업무] - 의료 영상 검사 및 데이터 분석 - 방사선 치료 계획 수립 및 실행 - 환자 안전 교육 및 관리 - CT, X-ray, 맘모촬영 - 기타 관련 업무 수행 -주6일근무 (평일08:30~17:00, 토요일 08:30~12:30)",방사선사,-,학력무관,관계없음,월급 260만원 ~ 270만원,고용형태,"부산광역시 사하구 다대로 315, 장림한서병원 (장림동)",1명,2026-09-08 21:04:28
https://www.jobkorea.co.kr/Recruit/GI_Read/5564515/Ext?siteCode=WN&sc=,550102,"신평동 50대 여, 가사간병 대상자 가사지원 화, 목 주2회 12:30~15:30 (시간 조율가능) 시급 : 10,320원(14,250원 제수등 포함) * 사하구청 일자리지원센터에서 서류전형 채용대행접수 진행중입니다. 지원문의: 051-220-5697 실제 구직지원 의사 있는 분들만 접수 부탁드립니다.",재가 요양보호사,재가요양보호사,학력무관,관계없음,"시급 10,320원 ~ 10,320원",고용형태,"부산광역시 사하구 장평로278번길 72, 신평동 (신평동)",1명,2026-09-08 21:04:28
https://www.jobkorea.co.kr/Recruit/GI_Read/5564692/Ext?siteCode=WN&sc=,232100,"부산대학교 부설 어린이집에서 아이들의 건강과 행복을 위해 함께 연구하고 실천할 교사를 채용하고자 하오니 관심 있는 교사들의 많은 지원 바랍니다. 1. 모집부문 - 1세반 담임교사(육아휴직 대체) - 3세반 담임교사(육아휴직 대체) 2. 지원자격 : 보육교사 2급 자격 이상 3. 모집인원 : 2명 4. 급여 : 보육교직원 인건비 지급 기준에 의거 5. 근무기간 : 2026.10.12~2028.02.29 (육아휴직 일정에 따라 조정될 수 있음) 6. 모집 일정 가. 서류 접수기간 : 2026. 8. 11.(화) ~ 2026. 8. 24.(월), 평일 10:00~17:00(토·일 제외) 나. 서류 제출처 : 부산대학교 부설 어린이집 사무실(부산시 금정구 금강로 321번길 63) 다. 제출방식 : 직접 제출, 우편 제출 또는 이메일 접수(ecochild1596@pusan.ac.kr) (* 이메일 접수 시 아래 제출서류 원본 전체를 아래 순서대로 정리하여 스캔하고 1개의 전자파일(pdf)로 만들어 업로드〔순서: 가-나-다-라 등〕할 것) 라. 면접일시 : 2026. 8. 27.(목) 예정(서류심사 후 면접 대상자에게 시간 및 장소 개별 통보함) 마. 최종합격자 발표 : 2026. 9. 1.(화) 예정 (* 면접심사 합격자를 대상으로 온라인 인성검사를 실시하여 기준 점수를 통과한 최종 합격자에게 개별 통보함) 7. 제출서류 가. 이력서(사진첨부) 및 자기소개서 각 1부 나. 최종학교 졸업(예정)증명서 및 성적증명서 각 1부 다. 경력증명서(경력자에 한함) 1부 라. 자격증(졸업예정자의 경우 보육실습확인서) 사본 1부 마. 장기 미종사자 직무교육 수료증(2년 이상 근무 경력이 없는 해당자에 한함) 1부 바. 주민등록등본 1부 사. 취업지원대상자 증명서(국가유공자 자녀의 경우 가산비율 5%) 1부 아. 개인정보제공 및 고유식별정보 처리동의서 1부(서식 별도첨부) → 모든 제출서류는 L파일에 넣어 제출 8. 기 타 가. 지원서 등에 허위기재, 기재사항 착오 및 누락, 구비서류 미제출 등으로 인해 발생하는 모든 불이익은 응시자 의 책임으로 함 나. 합격자 통지(임용) 후 성범죄 및 아동학대범죄 전력조회 등에 결격사유가 있을 경우와 지원서 등에 기재된 내 용이 허위로 판명될 경우에는 합격(임용)을 취소함 다. 최종합격자의 임용포기 등 기타 사유로 결원이 발생할 경우 차순위자를 추가 합격자로 결정할 수 있으며, 지 원자 중 적격자가 없을 경우 선발하지 않을 수 있음 라. 「채용절차의 공정화에 관한 법률」 제11조(채용서류의 반환 등)에 따라 응시자는 최종합격자 발표 다음날로부 터 30일 이내 채용서류 반환청구(최종합격자 제외)를 할 수 있으며, 반환 청구기간이 지난 서류는 「개인 정보 보호법」에 따라 파기함 9. 문 의 : 부산대학교 부설 어린이집 051) 510-1596~8",보육교사,-,학력무관,관계없음,"시급 10,320원 ~ 10,320원",고용형태,"부산광역시 금정구 부산대학로63번길 2-1, 부산대학교 부설 어린이집 (장전동, 부산대학교보육종합센터)",2명,2026-09-08 21:04:29
https://www.jobkorea.co.kr/Recruit/GI_Read/5564354/Ext?siteCode=WN&sc=,026202,"- 전자입찰 업무 - 구매 및 검수 - 납품 및 서류작성 - 우대사항 : 경력자 우대 전자입찰 관련 업무 지식 조달 / 방위사업청 외 공공기관 전문 조달업체입니다. 기본적인 컴퓨터(엑셀, 워드, 인터넷 등)는 다룰 줄 아셔야 합니다.",영업 기획·관리·지원 사무원,입찰사무원,학력무관,관계없음,월급 230만원 이상,고용형태,부산광역시 강서구 미음산단로139번길 9 (구랑동),1명,2026-09-08 21:04:29
https://www.jobkorea.co.kr/Recruit/GI_Read/5563395/Ext?siteCode=WN&sc=,541300,"정부청사(부산) 방호 및 보안 업무 청사 내.외부 시설 및 물품 방호 청사 이용자 안내 및 질서유지 화재 및 응급환자 발생, 위해인물 침입 등 비상사태 조기 발견 및 긴급 조치 정시 및 수시 순찰을 통한 사건.사고 예방 출입문 개폐 및 입.퇴청자 관리 차량의 출입 및 통제업무, 주차장내 질서유지 문형금속탐지기 X-RAY 검색 및 판독 기타 청사 방호.보안과 관련된 일체사항 특수경비원 이수증 보유자 필수",시설 및 특수 경비원,"경비지도사(시설, 장비, 기계)",학력무관,관계없음,월급 270만원 ~ 270만원,고용형태,"부산광역시 동구 중앙대로361번길 14, 중앙대로 360 (수정동)",1명,2026-09-08 21:04:29
https://www.jobkorea.co.kr/Recruit/GI_Read/5562839/Ext?siteCode=WN&sc=,813200,"[모집직무] 기계가공 드릴링, CNC(기계조작, 제품 가공, 정비, 생산) 라인 운영 [직무소개] 우리 회사는 22년 역사를 자랑하는 국내 조선, 화학, 플랜트 산업 분야의 대기업에 납품하는 forging fitting 및 flange 가공 전문업체입니다. CNC 선반 작업을 통해 제품을 이동대에 올리고 팁 교체를 효율적으로 수행하는 작업자를 모집합니다. [주요업무] => 현장 실무교육 진행 - 기계를 이용한 제품 가공 - 드릴 교체 - 작업 공정의 안전 및 정확성 확보 - 기계 및 도구 관리 - 생산 계획에 따라 작업 진행 * 성과급 별도 * 주휴수당 지급, 통근버스 미이용시 교통비 지급. * 잔업시 시급 1.5배 적용 * 특근 거의 없으나, 특근 적용시 1.5배 지급. * 중식 제공, 휴게실 사용 가능, 잔업시 석식 제공. * 성별무관",금속 공작기계 조작원,-,학력무관,관계없음,"시급 10,700원 ~ 10,700원",고용형태,"부산광역시 강서구 낙동남로533번길 63, (녹산동), (주)삼영피팅 (녹산동)",2명,2026-09-08 21:04:30
https://www.jobkorea.co.kr/Recruit/GI_Read/5562836/Ext?siteCode=WN&sc=,028502,자동차 부품을 생산하는 건실한 중소기업입니다. 품질관리 사원을 채용중입니다. 컴퓨터 활용능력이 우수하신분 지원 바랍니다. 주로 엑셀과 파워포인트를 많이 사용합니다. 품질관리에 관련된 업무를 합니다. 근거리 출근자 우대,생산관리 사무원(기계·자동차·금속),-,고졸~대졸(4년),관계없음,"시급 10,320원 이상",고용형태,부산광역시 강서구 녹산산업중로167번길 46 (송정동),1명,2026-09-08 21:04:30
https://www.jobkorea.co.kr/Recruit/GI_Read/5564252/Ext?siteCode=WN&sc=,531500,"심해수산(주)기장시장직영 스시도시락판매매장 (take out전문) 12월이나 1월중 오픈이고 성실하게 함께 근무할 가족(정직원)을 모집중입니다. 모집부문 (기장근무) 실장급 / 부장급 급여 350만원~ (기장근무) 주방보조 급여 300만원~ 근무시간 주방장 / 조리장 / 주방보조 오전 09:00 ~ 오후 19:30 주6일근무 내용 안녕하세요. 저희는 포장회와 포장초밥을 전문으로 판매하는 take out매장 입니다 저희 매장은 홀 없이 포장만 전문으로 운영되고 있어 빠른 시간에 마감하고 저녁이 있는 여유로운 일상을 누릴 수 있는 곳입니다. 함께 하시게 될 주된 업무는 실장님 생선 네타 및 회손질 부장님 생선 오로시 밑 손질 경력이나 실력에 따라 급여 협의 가능하며, 능력 있으신 분이라면 더욱 환영합니다. 출퇴근 시간은 9시출근 7:30 퇴근 휴게시간 1시간입니다 주1회 휴무입니다 (매주수요일정기휴무) 밝고 긍정적인 에너지를 가진 분이라면 환영합니다. 부담 없이 편하게 연락 주세요. 확인 후 빠르게 연락드리겠습니다.",일식 조리사,일식조리사,학력무관,신입,월급 300만원 ~ 400만원,고용형태,"부산광역시 기장군 차성동로67번길 8, 보광상가",3명,2026-09-08 21:04:30
https://www.jobkorea.co.kr/Recruit/GI_Read/5564040/Ext?siteCode=WN&sc=,026502,[모집직무] 병원행정(원무) 보험 심사 청구 [직무소개] 요양병원의 원무 및 심사 청구를 담당 [주요업무] - 보험 심사 청구 관련 업무 - 원무 관련 업무 - 적정성 평가 관련 업무,병원행정 사무원(원무),원무,대졸(2~3년)~대졸(4년),경력,"연봉 3,000만원 ~ 3,200만원",고용형태,"부산광역시 동래구 명륜로 147, 동래요양병원 (명륜동, 동래타워)",1명,2026-09-08 21:04:30
https://www.jobkorea.co.kr/Recruit/GI_Read/5563933/Ext?siteCode=WN&sc=,813201,"[CNC 가공/ 오퍼레이터] (경력 5년이상, 성별무관) [선반가공 > 기본 작업(선반가공)] 작업 준비하기,본가공 수행하기,검사 · 수정하기 [선반가공 > 단순형상 작업] 작업준비하기,본가공 수행하기,검사 · 수정하기 [선반가공 > 도면분석(선반가공)] 도면 결정하기,원가 산정하기",CNC 선반 조작원(NC 선반 조작원),CNC lath가공원,학력무관,경력,월급 300만원 ~ 350만원,고용형태,부산광역시 강서구 과학산단1로103번길 57 (지사동),1명,2026-09-08 21:04:31
https://www.jobkorea.co.kr/Recruit/GI_Read/5563693/Ext?siteCode=WN&sc=,550102,"[용호동/LG메트로시티] 재가요양보호사 선생님 모집합니다. - 2등급 92세 남자어르신 / 보호자 아들 동거 / 와상 상태 - 14:00~18:00 월-토 (토요일 협의 가능, 오전시간으로 협의 가능) - 식사, 청소, 빨래 등 가사지원 및 기저귀 교체 - 시급 : 13,000원(제수당포함) +중증수당",재가 요양보호사,재가요양보호사,학력무관,관계없음,"시급 10,320원 ~ 10,320원",고용형태,"부산광역시 남구 분포로 111, 단지내 (용호동, 엘지메트로시티)",1명,2026-09-08 21:04:31
https://www.jobkorea.co.kr/Recruit/GI_Read/5564314/Ext?siteCode=WN&sc=,561102,"[중동 베니키아호텔] 신입 및 경력 룸메이드 채용공고 (사원급) ○ 객실 청소 및 정리 ○ 주말포함 5일 스케줄 근무(08:30~17:30) ○ 월급: 2,200,000원 (객실수당,식대 별도 지급)","호텔·콘도·숙박시설 청소원(룸메이드,하우스키퍼)",룸메이드,학력무관,경력,월급 220만원 ~ 220만원,고용형태,"부산광역시 해운대구 해운대해변로 317, 베니키아 호텔 해운대",1명,2026-09-08 21:04:31
https://www.jobkorea.co.kr/Recruit/GI_Read/5563178/Ext?siteCode=WN&sc=,813213,"[모집직무] 기타 금속공작기계 조작원 및 보조원, 생산기계 조작원, CNC 선반 조작원(NC 선반 조작원) [직무소개] 우리 회사는 다양한 금속 제품을 생산하는 기업입니다. CNC 선반 조작원으로 합류하여 정밀한 제품 제작에 기여해 주시면 감사하겠습니다. [주요업무] - CNC 선반을 이용하여 금속 재료를 정밀하게 가공합니다. - 작업 프로그래밍 및 기계 설정을 수행합니다. - 제작된 금속 부품의 품질을 검사합니다. - 안전 수칙 준수 및 작업장 정리 정돈을 관리합니다. 산업기능요원 보충역 우대합니다.",기타 금속공작기계 조작원 및 보조원,CNC밀링기보조원,학력무관,관계없음,"연봉 3,400만원 이상",고용형태,"부산광역시 기장군 정관읍 산단4로 113, 와이엠양산기공",1명,2026-09-08 21:04:31
https://www.jobkorea.co.kr/Recruit/GI_Read/5565010/Ext?siteCode=WN&sc=,814000,* 학교 급식실내 설치되어있는 주방기구 A/S 및 납품 관리,냉난방 관련 설비 조작원,-,학력무관,관계없음,월급 240만원 이상,고용형태,"부산광역시 사상구 학감대로 184-23, 경동금속주방 (학장동)",1명,2026-09-08 21:04:32
https://www.jobkorea.co.kr/Recruit/GI_Read/5563938/Ext?siteCode=WN&sc=,905300,[모집직무] 수산물 관련 생산및 포장원 [직무소개] 바다의 풍요로움을 담은 신선한 수산물을 다루는 곳에서 일하세요. 본 업무는 수산물 생산과 포장 작업을 담당합니다. [주요업무] - 수산물 단순 생산 및 가공 - 수산물 포장 작업 - 수산업 종사자 우대,어업 관련 단순 종사원,표류물채집자,학력무관,관계없음,"시급 10,320원 이상",고용형태,"부산광역시 사하구 다산로225번길 52, 수정사내 옆 건물 (장림동)",2명,2026-09-08 21:04:32
https://www.jobkorea.co.kr/Recruit/GI_Read/5564272/Ext?siteCode=WN&sc=,822301,제관공은 기능경력 상/중으로 구분되어 월급 측정됩니다. 매주는 아니지만 주말에도 업무가 있으며 지방 출장이 잦습니다. 참고하셔서 지원부탁드립니다.,제관원,제관원,학력무관,경력,월급 350만원 ~ 400만원,고용형태,"부산광역시 강서구 호계로125번길 50, 1 (죽동동)",3명,2026-09-08 21:04:32
https://www.jobkorea.co.kr/Recruit/GI_Read/5560793/Ext?siteCode=WN&sc=,027102,"회계사무실 전반적인 업무 (기장대리, 결산조정, 4대보험 업무 및 원천신고)",회계 사무원(회계·세무 사무소),회계사무원(회계사무소),학력무관,경력,"연봉 3,800만원 이상",고용형태,"부산광역시 해운대구 센텀동로 35 (우동, 센텀에스에이치밸리)",1명,2026-09-08 21:04:33
https://www.jobkorea.co.kr/Recruit/GI_Read/5560102/Ext?siteCode=WN&sc=,140305,"주요 업무 -현장 품질관리 모집요건 -경력 3년 이상 -품질 중급 이상 -컴퓨터 문서 및 캐드 작업 가능자 -관급 공사 경력 우대 근무요일: 주6일근무(월~금, 토요일은 격주 근무) -관급 현장이라 제대로 근무 가능하신분",토목안전·환경·품질 기술자,-,학력무관,경력,"연봉 6,000만원 ~ 6,000만원",고용형태,"부산광역시 부산진구 신천대로126번길 20, 일원 현장내 (부전동)",1명,2026-09-08 21:04:34
https://www.jobkorea.co.kr/Recruit/GI_Read/5560687/Ext?siteCode=WN&sc=,824200,로봇 용접기를 사용/ 용접하실 분 모집합니다.,용접기 조작원,-,학력무관,경력,"시급 11,000원 이상",고용형태,"부산광역시 사상구 낙동대로988번길 61, 감전동 947-8 (감전동)",1명,2026-09-08 21:04:34
https://www.jobkorea.co.kr/Recruit/GI_Read/5561065/Ext?siteCode=WN&sc=,416100,"1. 직무내용 : 전시, 부스 디자인 및 발주, 현장감리 2. 지원자격 : 상급활용 Auto CAD, lllustrator 중급활용 Scetch-up, Photoshop 서류 검토 시 포트폴리오 제출 필수 3. 우대사항 : 경력 2년 이상 우대, 신입가능 사인제작, 부스 설치관련 이해도 있는자, 인근거주자 4. 급 여 : 연봉 2,700만원 (경력직의 경우 협의) 5. 근무시간 : 09:00~18:00(휴게시간 1시간 포함)/주 40시간 6. 지원방법 : [디자인혼 디자인2팀 지원자_000]으로 메일제목 작성해서 lhj5593@bepa.kr 로 보내주세요.",감독 및 기술 감독,-,학력무관,관계없음,"연봉 2,700만원 이상",고용형태,부산광역시 해운대구 송정중앙로5번길 41 (송정동),1명,2026-09-08 21:04:34
https://www.jobkorea.co.kr/Recruit/GI_Read/5560106/Ext?siteCode=WN&sc=,890000,"스틸 부러쉬 제품 제조 관련 단순직 잔업 / 야간 / 주말근무(특근) 없음 연장 근무 없이 정시 퇴근을 지향합니다. * 회사는 기장군 장안읍 명례산단에 위치하고 있으며 통근버스는 금사역에서 출발해서 반송, 기장을 통해서 회사에 도착합니다. 착오 없으시기 바랍니다.",기타 제조 관련 단순 종사원,권선공,학력무관,관계없음,월급 215만원 ~ 215만원,고용형태,부산광역시 기장군 장안읍 명례산단1로 182,2명,2026-09-08 21:04:34
https://www.jobkorea.co.kr/Recruit/GI_Read/5560122/Ext?siteCode=WN&sc=,027102,"* 모집인원 : 1명 * 직무내용 : 원천세, 부가세, 법인세, 종합소득세등 전반적인 회계사무실 업무 (세무사랑, 더존위하고 사용) * 지원대상 : 5년이상 경력자 모집합니다 (26년 9월부터 근무가능자)",회계 사무원(회계·세무 사무소),회계사무원(회계사무소),학력무관,경력,월급 300만원 ~ 300만원,고용형태,"부산광역시 해운대구 센텀북대로 60, 8층 (재송동, 센텀아이에스타워)",1명,2026-09-08 21:04:35
https://www.jobkorea.co.kr/Recruit/GI_Read/5560937/Ext?siteCode=WN&sc=,890006,"1. 모집 부문 및 상세업무 - 한의약품 포장업무 외 저희 회사는 한의약품 제품종류가 많으므로, 포장방법도 다양합니다. 2. 자격요건 및 우대사항 ◎ 자격 요건 : 학력/경력 무관 (신입 지원가능), 신체 건강하며 성실하신 분 ◎ 우대 사항 : 인근 거주자, 보건/위생 관련 업무 경험자, 장기 근무 가능자 3. 근무조건 ◎ 근무요일 : 월~금 / 오전 8시30분 ~ 오후 5시30분 ( 휴게시간 : 1시간 / 점심제공) ◎ 근무지 : 부산시 기장군 정관읍 곰내길 654-58 한도깨비원외탕전실 2공장 ◎ 면접장소 : 부산시 기장군 정관읍 매학용수로4 1공장 ◎ 급여 : 2,236,300원 ~ 2,340,800원 (경력자 우대) ◎ 연장/휴일수당 별도 지급 (30분단위 정산, 법정 기준 준수) ◎ 시용기간 : 3개월 (시용기간 중 급여 100% 지급, 급여 및 복리후생 정규직과 동일) - 입사 후 3개월의 시용기간을 거치며, 상호 업무 적합성을 확인하는 과정을 가집니다. - 3개월의 시용기간 종료 후 평가를 거쳐 정규직 전환 여부를 최종 결정합니다. - 업무역량에따라 시용기간이 단축될수도 있습니다. ◎ 보건증 필수 4. 복리후생 ◎4대보험 가입 및 퇴직금 지급 ◎연차 휴가 부여 ◎중식 제공 및 간식비, 작업복 지원 ◎경조휴가 및 경조사비 지원",식품 분야 단순 종사원,식품분야 단순노무자,학력무관,관계없음,월급 223만원 ~ 234만원,고용형태,"부산광역시 기장군 정관읍 매학용수로 4, 수한의원 부설 한도깨비원외탕전실",1명,2026-09-08 21:04:35
https://www.jobkorea.co.kr/Recruit/GI_Read/5561202/Ext?siteCode=WN&sc=,027102,"4대보험관리, 기장관리, 부가세신고, 종합소득세신고, 법인세신고, 결산관리 [세무 > 법인세신고] 각사업년도소득 세무조정하기,법인세 부속서류 작성하기,법인세신고하기 [세무 > 전표처리] 적격증빙별 거래인식하기,전표 처리하기,증빙서류 관리하기 [세무 > 원천징수] 사업소득 원천징수하기,근로소득 원천징수하기,기타소득 원천징수하기,퇴직소득 원천징수하기,근로소득 연말정산하기 [세무 > 부가가치세 신고] 세금계산서 발급·수취하기,부가가치세 부속서류 작성하기,부가가치세신고하기 [세무 > 종합소득세 신고] 사업소득 세무조정하기,종합소득세 부속서류 작성하기,종합소득세신고하기",회계 사무원(회계·세무 사무소),-,대졸(2~3년)~대졸(4년),관계없음,월급 216만원 ~ 300만원,고용형태,"부산광역시 연제구 연제로 27 (연산동, 무진빌딩)",1명,2026-09-08 21:04:35
https://www.jobkorea.co.kr/Recruit/GI_Read/5561083/Ext?siteCode=WN&sc=,824106,"현장 설비 관리 ,수리 및 용접 (아크용접) 주업무는 용접",기타 용접원,테르밋용접원,학력무관,경력,월급 350만원 ~ 350만원,고용형태,"부산광역시 사하구 다산로 77-1, (주)일신열처리 (다대동)",1명,2026-09-08 21:04:35
https://www.jobkorea.co.kr/Recruit/GI_Read/5562013/Ext?siteCode=WN&sc=,706002,##실근무지는 부산시 동래구 명륜동현장의 아파트 건설 현장입니다.## 저희는 안전시설물 설치 업체로 현재 아파트건설공사의 안전시설물설치해체 공사 현장을 운영함에 있어 추가 인원이 필요하여 채용공고를 올립니다. 내국인 외국인 제한 없으며 기초 보건 안전 교육증 보유하시분이라면 누구든 지원 가능합니다. 다만 4대 보험 적용을 위해 신용상의 문제가 없어야 하며 현장 근무이기에 건강검진상 이상소견이 없어야 합니다. 안전시설물 현장 경험이 있으면 우대해 드리며 안전시설물이 아닌 일반 건설 현장 근무하셨던분도 지원가능합니다. 본사는 대구 동구에 위치해 있으나 현장근로자를 모집하기 때문에 동래구 명륜동 현장으로 출퇴근 가능한분을 모십니다. 이전 경력 및 관련 자격증 유무에 따라 급여차이가 있을수 있습니다. 많은 관심과 지원 부탁 드립니다.,건설·채굴 단순 종사원,건설자재정리원,학력무관,경력,월급 300만원 ~ 350만원,고용형태,"부산광역시 동래구 명륜로250번길 25, 실제주소는 명륜동 산36 (명륜동)",1명,2026-09-08 21:04:35
https://www.jobkorea.co.kr/Recruit/GI_Read/5561643/Ext?siteCode=WN&sc=,550102,요양보호사 전반적인 업무 대상 : 부산 강서구 강동동 82세 여자 어르신,재가 요양보호사,재가노인요양사,학력무관,관계없음,"시급 10,320원 ~ 10,320원",고용형태,부산광역시 강서구 상덕로119번길 219 (강동동),1명,2026-09-08 21:04:35
https://www.jobkorea.co.kr/Recruit/GI_Read/5563886/Ext?siteCode=WN&sc=,159103,CAD(설계) 직원 모집 / 남녀무관 / 꼭 보유 자격증 여부 기재 자격증은 없어도 되나 CAD 활용 가능자 /경력무관하나 동종업경력자우대,기계·금속 제도사(캐드원),기계캐드원,학력무관,관계없음,"시급 10,500원 이상",고용형태,"부산광역시 사상구 낙동대로 853, (주)유성정밀 (감전동)",2명,2026-09-08 21:04:36
https://www.jobkorea.co.kr/Recruit/GI_Read/5561384/Ext?siteCode=WN&sc=,872900,"[한의원 원외탕전실] 제환실 생산보조 및 환경관리 신입/경력 채용 1. 모집 부문 및 상세 업무 모집 직종 : 제환실 생산 지원 및 공정 보조 상세 업무 : ⊙ 한약사의 지도하에 이루어지는 제환 공정의 단순 보조업무 ⊙ 제환기, 건조기 등 생산 설비의 가동 보조 및 위생 세척 ⊙ 완성된 환약의 검수, 소포장 및 박스 패킹 작업 ⊙ 제환실 내 청결 유지를 위한 환경 정리 및 소독 2. 자격 요건 및 우대 사항 ⊙ 자격 요건 : 학력/경력 무관 (신입 지원 가능), 신체 건강하며 성실하신 분 ⊙ 우대 사항 : 인근 거주자, 보건/위생 관련 업무 경험자, 장기 근무 가능자 ⊙ 참고 : 본 업무는 한약사의 관리 감독하에 수행되는 단순 작업 지원 업무입니다. 3. 근무조건 ⊙ 근무 시간 : 08:00 ~ 17:00 (휴게시간 1시간 포함, 점심제공) ⊙ 면접지 : 부산시 기장군 정관읍 매학용수로4 1공장 ⊙ 급여 : 2,236,300원 ~ 2,340,800원 (경력자우대) ⊙ 연장/휴일수당 별도 지급 (법정 기준 준수, 30분 단위로 정산) ⊙ 시용기간 : 3개월 (시용기간 중 급여 100% 지급, 급여 및 복리후생 정규직과 동일) - 입사 후 3개월의 시용기간을 거치며, 상호 업무 적합성을 확인하는 과정을 가집니다. - 3개월의 시용기간 종료 후 평가를 거쳐 정규직 전환 여부를 최종 결정합니다. - 업무역량에따라 시용기간이 단축될수도 있습니다. ⊙ 보건증 필수 4. 복리후생 ⊙ 4대 보험 가입 및 퇴직금 지급 ⊙ 연차 휴가 부여 ⊙ 중식 제공 및 작업복 지원 ⊙ 경조휴가 및 경조사비 지원","기타 식품 가공 관련 기능 종사원(건강원,탕제원 등)",건강원 종사자,학력무관,관계없음,월급 223만원 ~ 234만원,고용형태,"부산광역시 기장군 정관읍 매학용수로 4, 설명한의원 부설 한도깨비원외탕전실",2명,2026-09-08 21:04:36
https://www.jobkorea.co.kr/Recruit/GI_Read/5562096/Ext?siteCode=WN&sc=,232200,"📢 공립하늘나리어린이집 교사 채용 안내 📢 아이들의 웃음소리가 가득한 공립하늘나리어린이집에서 함께 성장할 선생님을 모십니다. 우리 어린이집은 서로 존중하고 배려하는 가족 같은 따뜻한 분위기 속에서 아이들과 교직원 모두가 행복한 보육을 실천하고 있습니다. 아이들을 사랑하는 마음과 책임감을 가진 선생님들의 많은 지원 바랍니다. 🌼 모집분야 : 보조교사, 0세반 담임 선생님 (국공립호봉적용) 🌼 근무장소 : 공립하늘나리어린이집 🌼 지원자격 : 보육교사 자격증 소지자 🌼 근무조건 : 어린이집 운영규정 및 보육사업안내 기준에 따름 🌼 제출서류 : 이력서, 자기소개서, 자격증 사본 등 🌼 접수방법 : k3143778@nate.com (이력서, 자기소개서, 자격증 사본을 메일로 보내주세요) 오랫동안 아이들을 사랑으로 돌봐주신 선생님께서 건강상의 이유로 퇴직하시게 되어 새로운 가족을 모시고자 합니다. 우리 어린이집은 서로 배려하고 협력하며, 따뜻한 마음을 나누는 가족 같은 분위기 속에서 아이들과 함께 성장하고 있습니다. 💛 아이들을 사랑하는 마음과 함께하는 동료를 존중하는 마음을 가진 선생님을 기다립니다. 따뜻하고 행복한 공립하늘나리어린이집에서 아이들의 소중한 하루를 함께 만들어갈 선생님과 좋은 인연이 되기를 바랍니다. 많은 관심과 지원 부탁드립니다. 😊🌷✨ 📞 문의 : 051-328-9922",보육 관련 시설 돌봄 종사원,-,학력무관,경력,월급 230만원 ~ 300만원,고용형태,"부산광역시 사상구 백양대로934번길 52-29, 공립하늘나리어린이집 (모라동)",3명,2026-09-08 21:04:37
https://www.jobkorea.co.kr/Recruit/GI_Read/5562079/Ext?siteCode=WN&sc=,541400,"[북구청 채용대행] 화명동 롯데캐슬카이저 아파트 방재요원 및 경비원 채용정보 (방재요원 1명 / 경비원 2명) ▶ 직무내용 - 방재요원 : 보안실내 CCTV 감시 & 민원응대 및 전반적인 보안실 업무 - 경비원 : 단지내 초소 감시업무, 순찰 및 재활용 정리, 주변 청소 등 ▶근무시간 : 격일제 07:00 ~ 익일 07:00 (휴게시간 주간 2시간, 야간 4시간) ▶ 급여 -방재요원 월급: 3,330,000원 -경비원 월급: 3,142,440원 (주 소정근로시간 외 수당은 제시임금에 포함됨) ▶ 경비원신임교육 이수증 필수 ※ 지원문의 : 북구청취업정보센터 051-309-5229",보안 관제원,-,학력무관,관계없음,월급 314만원 이상,고용형태,"부산광역시 북구 금곡대로 166, . (화명동, 롯데캐슬카이저)",3명,2026-09-08 21:04:37
https://www.jobkorea.co.kr/Recruit/GI_Read/5561934/Ext?siteCode=WN&sc=,026202,• 견적서 작성관리 • 고객 요청 접수 및 배포 • 계약 실적 전산 관리 • 수주전 납기 확인 통보 • 고객 소통업무,영업 기획·관리·지원 사무원,-,학력무관,신입,"연봉 3,200만원 ~ 3,200만원",고용형태,"부산광역시 강서구 미음산단로 395, 원광밸브 (미음동)",1명,2026-09-08 21:04:37
https://www.jobkorea.co.kr/Recruit/GI_Read/5561997/Ext?siteCode=WN&sc=,550102,"요양보호사 모집 - 5등급 76세 여자 아들과 거주 - 오후2시~5시 주3일 일상생활케어 및 요양보호사 업무전반 - 시급13,500원(제세수당포함) - 부산경남재가복지센터 / 010-9195-5838 센터장",재가 요양보호사,-,학력무관,관계없음,"시급 10,320원 ~ 10,320원",고용형태,"부산광역시 동래구 충렬대로140번길 41, . (온천동, 동래대우아파트)",1명,2026-09-08 21:04:38
https://www.jobkorea.co.kr/Recruit/GI_Read/5561379/Ext?siteCode=WN&sc=,542003,• 건설현장 보안 업무 수행 • 건설현장 시설 안전 관리 • 건설현장 위험 요소 점검 • 건설현장 출입 통제 관리 • 건설현장 비상 상황 대응,공사현장 경비원,-,학력무관,경력,월급 270만원 ~ 270만원,고용형태,"부산광역시 남구 천제등로 25, 1756-9 (대연동)",1명,2026-09-08 21:04:38
https://www.jobkorea.co.kr/Recruit/GI_Read/5562051/Ext?siteCode=WN&sc=,159104,"★선박용 콘트롤 콘솔, 배전반 전기 설계직 모집공고★ ✅업체명: 주식회사하테코(부산 기장군 장안읍 오리산단5로24) ✅모집직무: 선박용 콘트롤 콘솔, 배전반 전기 설계(정규직) ✅업무내용: 선박용 콘트롤 콘솔 및 배전반 전기 설계,설계도면 및 전기회로 다이어그램 작성,전기 부품 및 구성 요소 선정,전기 시스템 안전 및 성능 분석,협력 업체와 소통하여 설계 의견 교환 ✅지원자격: 신입,경력 가능(캐드가능자) ✅근무시간: 8:30~17:30(주5일) ✅임금: 230만원이상(신입,경력따라 상이) ✅지원방법: <고용24지원> 또는 kawaee01@korea.kr 메일로 이력서 제출(연락처포함) ★부산동부고용센터 채용대행건으로 입사지원시 서류전형 통과후 면접대상자는 별도 연락드릴 예정이며, ""면접의사 있으신 분""만 지원바랍니다. ★문의처 051-760-7109(부산동부고용센터 취업지원총괄팀)",전기·전자 장비 제도사(캐드원),전기전자캐드원,학력무관,관계없음,월급 230만원 이상,고용형태,부산광역시 기장군 장안읍 오리산단5로 24,2명,2026-09-08 21:04:39
https://www.jobkorea.co.kr/Recruit/GI_Read/5561734/Ext?siteCode=WN&sc=,624501,"플랜지(관이음쇠) 제조업체입니다. - 철, 스텐 작업을 합니다 - 경력무관(경력자우대) [ 모집부문 ] - 입/출고직 [ 담당업무 ] - 제품 및 상품 : 입/출고 - 제품 및 상품 : 관리 [ 지원자격 ] - 학력: 무관 - 경력: 물류 유경험자 우대 [ 우대사항 ] - 인근 거주자 환영 - 물류직 / 현장 입출고직 관련 유경험자 - 지게차운전기능사 자격증 소지자 - 장기 근속 희망자 - 합격 즉시 출근 가능하신 분 - 체력을 가지신 분 [ 근무시간 ] - 평일(월~금) : 오전 8시 ~ 오후 17시 - 평일(월,화,목,금) : 오후 17시 30분 ~ 오후 20시 30분 : 연장특근 [ 급여/연봉 ] - 연장수당, 특근수당 포함 시 연봉 3600-4300만원 이내 (상여 별도 기본급 250%, 분기별 지정된 시기) - ★경력에 따라 면접 후 협의 / 희망연봉 기재 바랍니다!★ ※ 입사 후 3개월 수습기간 있음. - 근무 형태 : 정규직 (수습기간 3개월) - 근무 지역 : 부산 강서구 가달2로40 [ 제출서류 ] ※ 자유 양식의 이력서(사진첨부 필수), 자기소개서 ※",하역·적재 종사원,상하차원,학력무관,관계없음,"연봉 3,600만원 ~ 4,300만원",고용형태,"부산광역시 강서구 가달2로 40, 부산 강서구 가달2로 (생곡동)",1명,2026-09-08 21:04:39
https://www.jobkorea.co.kr/Recruit/GI_Read/5561558/Ext?siteCode=WN&sc=,213000,방과후과정 시간제 교사를 채용합니다. 1. 근무시간 : 13:30~16:20 2. 업무 : 방과후과정 유아 지도 3. 자격 : 유치원 정교사/보육교사/ 결격사유 없는 자 4. 제출서류 : 이력서(사진첨부) 기타 궁금한 사항은 유치원으로 문의하시기 바랍니다. (051-333-0002) ★ 이력서 메일로 보내주세요. - miokmun@hanmail.net,유치원 교사,유치원교사,학력무관,신입,월급 85만원 ~ 85만원,고용형태,"부산광역시 북구 만덕2로 10, 백양유치원 (만덕동, 삼성아파트)",1명,2026-09-08 21:04:39
https://www.jobkorea.co.kr/Recruit/GI_Read/5561813/Ext?siteCode=WN&sc=,834002,"전기안전관리대행 업무 및 소규모건물 순회 점검,간단한 설비 업무. 기타. * 전기산업기사 이상 필수",빌딩 전기관리원,건물전기설비공무원,학력무관,경력,"연봉 3,800만원 ~ 4,000만원",고용형태,"부산광역시 서구 구덕로 138, 201호 (토성동5가, 서원스위트홈)",1명,2026-09-08 21:04:40
https://www.jobkorea.co.kr/Recruit/GI_Read/5560462/Ext?siteCode=WN&sc=,561102,"◆ 룸메이드 직원 채용 ◆ ■ 모집직종 : 룸메이드 아르바이트 ■ 근무내용 : 호텔 객실 정비 ■ 근무시간 : 08:30 ~ 17:30 / 8시간 근무, 1시간 휴게 ■ 급여 : 일급 100,000원 + @ (1일 기본 12.5개, 추가 정비수량 x 6,100원,이불수당 별도) ※ 호텔 객실 관리원 경험이 있으신 분들은 누구나 지원 가능합니다. ※ 신입도 지원 가능합니다.(단, 호텔 객실관리자 양성교육 이수자) ※ 바로 출근 가능하신 분 지원 부탁드립니다.","호텔·콘도·숙박시설 청소원(룸메이드,하우스키퍼)",호텔청소원,학력무관,신입,"일급 100,000원 ~ 100,000원",고용형태,부산광역시 수영구 광안해변로 217 (광안동),2명,2026-09-08 21:04:40
https://www.jobkorea.co.kr/Recruit/GI_Read/5559990/Ext?siteCode=WN&sc=,305000,"[안락중학교 인근 근무예정] * 발주, 학교별 담당 학교 관리 및 조리장 관리 등 영양사 업무 전반 * 주5일 09:00~18:00 * 월2,311,680원 * 영양사 면허증 필수/조리사 자격증 우대/위생사 * 전산활용능력 중상 이상 * 채용문의 010-8218-6883",영양사,-,대졸(2~3년)~대졸(4년),신입,월급 231만원 이상,고용형태,"부산광역시 동래구 연안로58번길 14, 1층 (안락동)",2명,2026-09-08 21:04:41
https://www.jobkorea.co.kr/Recruit/GI_Read/5559851/Ext?siteCode=WN&sc=,028407,냉동창고 물품 입고 및 출고시 카운트 업무 현장에서 수산물 입고 및 출고시 검수 업무 컨테이너 입고 및 출고시 검수 업무,창고 관리원(자재 검수원 포함),냉동창고관리원,학력무관,경력,"연봉 3,700만원 이상",고용형태,부산광역시 서구 원양로 139 (암남동),1명,2026-09-08 21:04:41
https://www.jobkorea.co.kr/Recruit/GI_Read/5560346/Ext?siteCode=WN&sc=,232100,보육교사 전반 업무,보육교사,어린이집센터장,학력무관,경력,월급 231만원 이상,고용형태,"부산광역시 북구 낙동대로1738번길 10, 동원비스타어린이집 (구포동, 구포동원로얄듀크비스타)",2명,2026-09-08 21:04:41
https://www.jobkorea.co.kr/Recruit/GI_Read/5560114/Ext?siteCode=WN&sc=,531802,어린이집 주방 보조 조리사를 모집합니다. 근무시간은 일일 4시간 이력서는 이메일로 제출 바랍니다. (조리사 자격증 있으면 좋지만 없어도 괜찮습니다.),유치원·어린이집 급식 조리사,어린이집급식조리사,고졸~대졸(4년),관계없음,월급 107만원 이상,고용형태,"부산광역시 남구 황령대로 504, 생활지원센타1층 어린이집 (대연동)",1명,2026-09-08 21:04:41
https://www.jobkorea.co.kr/Recruit/GI_Read/5559636/Ext?siteCode=WN&sc=,550400,"* 50대 남, 사지마비, 중증가산수당 * 토,일(9:00~21:00, 4시간마다 30분 휴게, 주25시간 * 포괄시급 : 13,600원 (시급+주후수당+연차수당 등 포함)",장애인 돌봄 종사원,-,학력무관,경력,"시급 10,320원 이상",고용형태,"부산광역시 사하구 다대낙조2길 100, . (다대동, 다대동 롯데캐슬 몰운대아파트)",1명,2026-09-08 21:04:42
https://www.jobkorea.co.kr/Recruit/GI_Read/5562481/Ext?siteCode=WN&sc=,028900,1. 선박 기자재 및 선용품 관련 현장 납품 업무 입니다 2. 간단한 영어회화 / 독해 / 작문 가능자 우대 3. 엑셀 사용 가능자,기타 운송 및 무역 사무원,터미널관리사무원,학력무관,신입,월급 250만원 이상,고용형태,부산광역시 영도구 대평로19번길 9 (대평동1가),1명,2026-09-08 21:04:42
https://www.jobkorea.co.kr/Recruit/GI_Read/5562333/Ext?siteCode=WN&sc=,816101,"당사는 방전가공기 제조,유통 및 A/S 를 주업무로 하는 대한이디엠 입니다. 방전가공기 조립 및 기구부의 A/S를 담당할 직원을 모집합니다. 소규모의 사업장 이지만 기존 고객 대응 및 한국 외 해외의 판매 , 유지보수가 증가함에 따라 회사와 같이 성장할 진취적인 직원을 모집합니다.",공작기계 조립·검사원,공작기계조립원,학력무관,신입,월급 250만원 ~ 400만원,고용형태,"부산광역시 사상구 새벽시장로 62, 1층 (감전동)",2명,2026-09-08 21:04:42
https://www.jobkorea.co.kr/Recruit/GI_Read/5560347/Ext?siteCode=WN&sc=,028506,"[모집직무] 생산관리, 품질관리 직종 강사 [직무소개] 우리 회사는 끊임없이 발전하기 위해 최선을 다하는 팀을 구성하고 있습니다. 본 직무는 생산 관리 및 품질 관리 전반기업강의 담당하며, 팀의 성장에 직접 기여할 수 있는 중요한 역할입니다. [주요 강의 분야] - 생산 계획 및 배치 관리 - 생산 공정의 효율성 개선 - 품질관리 시스템 구축 및 운영 - 데이터 분석을 통한 문제점 파악 및 해결 - 팀원 관리 및 코칭 기타 우대사항 - 생산관리 및 품질관리 1년이상 경험자 - 생산 및 품질관리 지식 - 강의경력 우대 - 협업 및 리더십 역량",생산관리 사무원(그 외 분야),-,학력무관,경력,월급 330만원 이상,고용형태,"부산광역시 북구 만덕대로155번길 99 (덕천동, 한국폴리텍대학부산캠퍼스)",2명,2026-09-08 21:04:43
https://www.jobkorea.co.kr/Recruit/GI_Read/5562237/Ext?siteCode=WN&sc=,531803,"1. 근무지 : 부산노인전문제1병원 (부산 북구 함박봉로 98) 2. 근무시간 : 06:00~18:00 (휴게시간 2시간 40분 이상) 3. 휴무 : 月 토,일,공휴일 일수만큼 휴무 (스케줄 표에 따른 평균 2~3일 근무 후 1일 휴무) 4. 급여 : 조리사 1호봉 기준 275만원 (조리사 면허증 수당 포함, 유사 경력 호봉 인정, 초과근무 시 수당 별도 지급) 6. 병원 급식 경력자 (조리사 면허증 소지자로 조리가 가능하신 분) 7. 정규직, 4대보험, 식사 제공(3식), 휴게시간 보장",병원 급식 조리사,병원급식조리사,학력무관,경력,월급 275만원 ~ 300만원,고용형태,부산광역시 북구 함박봉로 98 (만덕동),1명,2026-09-08 21:04:43
https://www.jobkorea.co.kr/Recruit/GI_Read/5562446/Ext?siteCode=WN&sc=,151100,"[회사 소개] 2004년 설립 이래, 대한민국 선박 엔진용 밸브 시장을 선도해 온 글로벌 조선·기자재 전문 기업입니다. [직무소개] 본 직무는 선박 엔진용 밸브 신제품 개발부터 공학 해석 기반의 시제품 설계, 그리고 정부R&D 과제 기획 및 관리까지 R&D 전 과정을 주도하는 핵심 연구원 역할입니다. [주요업무] 1. 신제품 기획 및 R&D - 시장·기술 동향 분석 - 선행 연구개발 2. 해석 기반 시제품 설계 및 모델링 - 3D/2D 상세 설계 - ANSYS FLUENT를 활용한 유체해석 수행 - 시제품 제작 및 검증 3. 정부지원사업 기획 및 사업계획서 작성 - 지원사업 발굴 - 과제 제안서/사업계획서 작성, 발표 평가 자료 작성 4. 정부지원사업 수행 및 관리 - 과제 협약 및 일정 관리 - 사업비 및 정산 관리 - 연구 성과 관리",기계공학 기술자 및 연구원,-,학력무관,경력,"연봉 3,500만원 ~ 3,800만원",고용형태,"부산광역시 강서구 미음산단5로41번길 71, 510호 (미음동)",1명,2026-09-08 21:04:43
https://www.jobkorea.co.kr/Recruit/GI_Read/5560642/Ext?siteCode=WN&sc=,232903,"* 주례동 보훈병원 인근 주택거주 - 13세 지적장애 여자 아이/ 어머님 거주 - 신체, 가사, 사회활동 케어 희망 - 월, 금 : 오후 16:00~20:00/ 화, 수, 목 : 오후 15:00~19:00 (월 90시간) - 시급 13,300원 (주휴 및 제세수당 포함)",장애인 생활지도원(장애인활동보조원 포함),-,학력무관,경력,"시급 10,320원 ~ 13,300원",고용형태,"부산광역시 사상구 백양대로 420, 인근거주 (주례동)",1명,2026-09-08 21:04:44
https://www.jobkorea.co.kr/Recruit/GI_Read/5560781/Ext?siteCode=WN&sc=,550102,"케어링에서 요양보호사 선생님께 일자리 정보를 안내드립니다. 근무 가능하신 선생님은 ▶ 문의 : ☎ 051- 808-6585 로 연락주세요. ▶ 근무지 : 부산 동래구 중앙대로1335번길 17-1 ▶ 근무일정 : [주 5 회 / 일 3시간] 09:00-12:00 ▶ 어르신 정보 : 81세 / 4등급 / 남 / 독거 ▶ 시급 10,320원 [ 제수당포함 시간당 13,000원 ] ▶ 근무내용 : 가사지원, 병원동행 및 산책동행, 말벗/정서지원",재가 요양보호사,-,학력무관,관계없음,"시급 10,320원 이상",고용형태,부산광역시 동래구 중앙대로1335번길 17-1 (온천동),1명,2026-09-08 21:04:44
https://www.jobkorea.co.kr/Recruit/GI_Read/5562439/Ext?siteCode=WN&sc=,836000,"★선박용 콘솔 및 배전반 전기 설치 기술자 모집공고★ ✅업체명: 주식회사하테코(부산 기장군 장안읍 오리산단5로24) ✅모집직무: 전기·전자 부품 및 제품 조립원(정규직) ✅업무내용: - 선박용 콘솔(BCC,ECC 등) 외함 조립 및 결선 - 배전반 전기 결선 및 검사 - 자재 관리 및 재고 점검 ✅지원자격: 신입,경력 가능(전기,전자전공 우대) ✅근무시간: 8:30~17:30(주5일) ✅임금: 연봉 2800만원~3200만원(신입,경력따라 상이) ✅지원방법: <고용24지원> 또는 kawaee01@korea.kr 메일로 이력서 제출(연락처포함) ★부산동부고용센터 채용대행건으로 입사지원시 서류전형 통과후 면접대상자는 별도 연락드릴 예정이며, ""면접의사 있으신 분""만 지원바랍니다. ★문의처 051-760-7109(부산동부고용센터 취업지원총괄팀)",전기·전자 부품 및 제품 조립원,-,학력무관,관계없음,"연봉 2,800만원 ~ 3,200만원",고용형태,부산광역시 기장군 장안읍 오리산단5로 24,1명,2026-09-08 21:04:45
https://www.jobkorea.co.kr/Recruit/GI_Read/5562251/Ext?siteCode=WN&sc=,027100,"[모집직무] 회계 사무원, 회계 사무원(회계·세무 사무소), 경리 사무원(회계·세무 사무소) [직무소개] 우리 회계사무실은 다양한 업무를 통해 정확하고 효율적인 회계 관리를 지원합니다. 본 직무는 회계사업의 다양한 측면을 경험하고 실무 능력을 키울 수 있는 기회입니다. [주요업무] - 일일 회계 업무 처리 - 재무 상태 분석 및 보고서 작성 - 청구서 및 결산서 관리 - 재고 점검 및 관리 - 세무 관련 서류 처리",회계 사무원,-,학력무관,신입,"연봉 2,600만원 이상",고용형태,"부산광역시 동구 진성로 19, 303호(세무법인티유부산진) (수정동)",1명,2026-09-08 21:04:45
https://www.jobkorea.co.kr/Recruit/GI_Read/5562464/Ext?siteCode=WN&sc=,028300,* 선박관리사 신규 육상직원 채용 (해무) - 경력/신입 무관 [주요업무] -선원 승·하선 및 교대 일정 관리 - 선원 채용 및 인사관리 - 선원 근로계약 체결 및 계약기간 관리 - 선원 급여 및 휴가 관리 - 선원 건강검진 및 건강진단서 관리 - 선원 교육·훈련 및 자격증·면허 관리 - 선원 관련 비용 및 정산 관리 - 선주 및 선박과의 선원 관련 업무 협의 - 선박 안전 관리 및 규정 준수 - 선박 안전지도 업무 수행 - 기타 선원인사 및 해무 관련 제반 업무,수상 및 항공운송 사무원,-,학력무관,관계없음,월급 350만원 ~ 400만원,고용형태,"부산광역시 동구 중앙대로180번길 6-12, 802호",1명,2026-09-08 21:04:45
https://www.jobkorea.co.kr/Recruit/GI_Read/5561387/Ext?siteCode=WN&sc=,822302,알류미늄자재 조립 및 배관용접보조,제관 보조원(견습공),제관보조원,학력무관,관계없음,월급 250만원 ~ 280만원,고용형태,"부산광역시 강서구 대저중앙로394번길 18, 주)디에스엔지 (대저1동)",1명,2026-09-08 21:04:45
https://www.jobkorea.co.kr/Recruit/GI_Read/5556905/Ext?siteCode=WN&sc=,813101,프레스조작가능 더보기,프레스 금형 제조원,프레스금형제조원,학력무관,경력,"시급 10,320원 ~ 10,320원",고용형태,"부산광역시 사상구 낙동대로916번길 69, 감전동 (감전동)",1명,2026-09-08 21:04:45
https://www.jobkorea.co.kr/Recruit/GI_Read/5556845/Ext?siteCode=WN&sc=,550102,"(재송동) 재가요양보호사 모집 * 대상자 : 4등급 76세 남자어르신 * 직무내용 : 가사지원,일상지원 등 * 근무형태 : 주5일 (13:00 ~ 16:00) 연락처 051-529-9584",재가 요양보호사,재가요양보호사,학력무관,관계없음,"시급 10,320원 ~ 10,320원",고용형태,"부산광역시 해운대구 재반로 141, 102-103 (재송동, 금호아파트)",1명,2026-09-08 21:04:46
https://www.jobkorea.co.kr/Recruit/GI_Read/5557048/Ext?siteCode=WN&sc=,028508,제품 검사 및 서류 작업,품질관리 사무원(기계·자동차·금속),기계·자동차·금속관련품질관리사무원,학력무관,경력,"시급 10,320원 이상",고용형태,"부산광역시 강서구 낙동북로138번길 31, 강동동 (강동동)",1명,2026-09-08 21:04:46
https://www.jobkorea.co.kr/Recruit/GI_Read/5562451/Ext?siteCode=WN&sc=,813204,"범용 밀링 2, 6, 7호기",범용 밀링기조작원,-,학력무관,경력,"연봉 4,500만원 이상",고용형태,"부산광역시 강서구 과학산단1로 107, A동 (지사동)",1명,2026-09-08 21:04:46
https://www.jobkorea.co.kr/Recruit/GI_Read/5556907/Ext?siteCode=WN&sc=,813200,MCT 가공 더보기,금속 공작기계 조작원,그라인더조작원,학력무관,경력,"시급 15,000원 이상",고용형태,부산광역시 사상구 새벽시장로29번길 40 (감전동),1명,2026-09-08 21:04:46
https://www.jobkorea.co.kr/Recruit/GI_Read/5562767/Ext?siteCode=WN&sc=,550102,"[ 망미동 ] 재가요양보호사 선생님 모집합니다. - 대상자 : 4등급 47년생 여자 어르신/독거 - 근무장소 : 수영구 연수로257번길 10-12 (망미동, 그린빌라) - 근무시간 : 09:00~12:00 (주 5일) - 근무내용 : 가사 및 일상생활지원 등 일반적인 요양보호사 업무 - 시급: 13,000원(제수당 포함) - 연락처 : 010-5544-7426 / 051-853-7426 [참사랑재가복지센터] * 실제 서비스 제공 기간에 따라 임금을 계산하여 지급하는 형태로 채용 시 근로자마다 주 소정근로시간이나 임금, 근무(예정)지 등에 차이가 있을 수 있음.",재가 요양보호사,-,학력무관,관계없음,"시급 10,320원 이상",고용형태,"부산광역시 수영구 연수로257번길 10-12 (망미동, 그린빌라)",1명,2026-09-08 21:04:47
https://www.jobkorea.co.kr/Recruit/GI_Read/5558283/Ext?siteCode=WN&sc=,824102,"스테인레스 제관물 티그 용접 작업 압력용기, 탱크 용접 작업 작업장 정리정돈","전기용접원(아크,알곤,티그용접원)",아크용접원,학력무관,경력,"시급 14,000원 이상",고용형태,"부산광역시 강서구 미음산단1로15번길 53, 큐알피테크 (구랑동)",3명,2026-09-08 21:04:47
https://www.jobkorea.co.kr/Recruit/GI_Read/5562843/Ext?siteCode=WN&sc=,550102,방문요양보호사 대상자:2등급 여자어르신 재가 전반적인 업무 및 기저귀케어(수당지급) 근무일시:월~금(13:00~16:00),재가 요양보호사,재가요양보호사,학력무관,관계없음,"시급 13,100원 ~ 13,100원",고용형태,부산광역시 북구 구포만세길 169 (구포동),1명,2026-09-08 21:04:48
https://www.jobkorea.co.kr/Recruit/GI_Read/5556823/Ext?siteCode=WN&sc=,140303,부산관내 토목현장 공무관리직원급 모집합니다. 조건-1 토목 경력자 3년이상 모집 2. 학력 자격 무관하며 공무 및 관리 경험자 3. 부산인근 출퇴근 가능자,토목시공 기술자(토목견적 포함),토목시공기술자,학력무관,경력,월급 300만원 ~ 430만원,고용형태,부산광역시 사상구 백양대로700번길 140 (괘법동),1명,2026-09-08 21:04:48
https://www.jobkorea.co.kr/Recruit/GI_Read/5556906/Ext?siteCode=WN&sc=,890001,"외주 구매품 또는 가공품 조립 , 포장 및 납품 준비, 현장보조 등 경력이 없어도 할 수 있는 단순 업무입니다.",기계·금속 분야 단순 종사원,기계분야 단순노무자,학력무관,관계없음,"시급 10,320원 이상",고용형태,부산광역시 사상구 새벽시장로29번길 40 (감전동),1명,2026-09-08 21:04:48
https://www.jobkorea.co.kr/Recruit/GI_Read/5558661/Ext?siteCode=WN&sc=,159103,"1. 모집부문 : 설계부(경력직) 2. 지원자격 - 관련 분야 경력 3년 이상 - 알루미늄 구조물 및 선박의장품 설계 경험자 우대 - AutoCAD 및 Inventor 가능자 3. 담당업무 - 선박, 항만, 플랜트용 구조물 설계 - 선박의장품 설계 및 도면 작성",기계·금속 제도사(캐드원),-,대졸(4년),경력,"연봉 4,000만원 이상",고용형태,"부산광역시 강서구 녹산산단27로 47, 대운기업 (송정동)",1명,2026-09-08 21:04:49
https://www.jobkorea.co.kr/Recruit/GI_Read/5560472/Ext?siteCode=WN&sc=,550102,"★[명륜동] 재가요양보호사 구함 ● 동래구 명륜동 명륜쌍용예가 ● 대상자: 4등급 90대 할머니 ● 근무시간: 주5일(월~금) / 09:00~12:00 ● 업무내용: 요양보호사 업무(가사-실내 청소,세탁 및 음식 만들기, 정서지원-말벗하기.개인활동-병원동행.심부름) ● 실내 청소 잘하고 성실 하신분 우대* ● 시급: 10,320원(주휴수당, 연차수당 별도)- 다만, 실제 서비스 제공기간에 따라 임금을 계산하여 지급하는 형태로 채용 시 근로자마다 주 소정근로시간이나 임금 등에 차이가 있을 수 있습니다.",재가 요양보호사,-,학력무관,관계없음,"시급 10,320원 ~ 10,320원",고용형태,"부산광역시 동래구 동래로 53, 명륜쌍용예가 (명륜동, 명륜 쌍용 예가)",1명,2026-09-08 21:04:49
https://www.jobkorea.co.kr/Recruit/GI_Read/5557450/Ext?siteCode=WN&sc=,883200,[모집직무] 가구 조립 관련 단순 종사원 [직무소개] 흙표흙침대 온열 매트리스의 단순조립 등 단순업무 입니다. [주요업무] - 온열 매트리스 조립 - 팀원과의 협업 (2인1조),가구 조립원,-,학력무관,신입,월급 219만원 ~ 219만원,고용형태,"부산광역시 사상구 학감대로192번길 60-30, 흙표흙침대 (학장동)",6명,2026-09-08 21:04:49
https://www.jobkorea.co.kr/Recruit/GI_Read/5558671/Ext?siteCode=WN&sc=,813208,+ 수동 산소절단기 이용한 시편 절단 + 작업 소재 준비 작업 + 외주 업체 파이프 입/출고 작업 (기본 업체 대응) + 입출고 파이프 소재 상/하차 + 각종 톱기계 작업할 수 있습니다. (업무가 없거나 주말 등의 대체 근무 시) + 지게차 사용 가능해야 합니다. (3톤 미만 가능하면 됨) * 이력서 팩스나 휴대폰 문자 전송해주시면 빠른 회신 가능합니다. * 관련 직무 해보신 분이면 더 좋습니다. * 임금은 면접 후 조정 가능합니다. * 중년층 우대,톱기계 조작원,대톱기계조작원,학력무관,경력,월급 350만원 이상,고용형태,"부산광역시 강서구 화전산단5로 51, 부경산업 (화전동)",1명,2026-09-08 21:04:49
https://www.jobkorea.co.kr/Recruit/GI_Read/5558637/Ext?siteCode=WN&sc=,140202,"[모집직무] 건축설계, 구조설계, 구조검토, 내진설계, 안전공학 [직무소개] 우리 회사는 안전하고 지속 가능한 건축 구조를 설계하고 구현하는 데 전념합니다. 본 직무는 건축 구조 설계, 구조 검토, 내진성능 평가 등 다양한 분야에서 전문성을 발휘하며 건축 프로젝트의 완벽성을 높이는 역할을 수행합니다. [주요업무] - 건축 구조 설계 및 계산 - 구조 검토 및 충돌 해결 - V.E 설계 및 시뮬레이션 - 내진성능 평가 및 보강 계획 수립 - 안전진단 및 건축물 안전 관리",건축구조 기술자,건축구조기술자,학력무관,경력,"연봉 4,000만원 이상",고용형태,"부산광역시 동래구 중앙대로 1523, 102동 1707호 (온천동, SK HUB SKY)",1명,2026-09-08 21:04:50
https://www.jobkorea.co.kr/Recruit/GI_Read/5557172/Ext?siteCode=WN&sc=,016100,건축기사자격증소지자. 안전관라자는 겸직가능자(건축+안전),건설 및 광업 관련 관리자(부서장),건설관련관리자,학력무관,경력,"연봉 5,500만원 이상",고용형태,"부산광역시 연제구 과정로 262 (연산동, 에이스리버팰리스)",1명,2026-09-08 21:04:51
https://www.jobkorea.co.kr/Recruit/GI_Read/5557837/Ext?siteCode=WN&sc=,550102,"- 혼자 사시는 4등급 남자 어르신 입니다- 가사지원으로 반찬을 만들어 식사를 하시도록 합니다 - 청소는 기본 입니다-목욕은 스스로 하시니 걱정안하셔도 됩니다 - 월 24회 72시간 입니다 - 시간은 오후 1시부터 4시 까지 또는 오후 3시부터 6시까지 입니다 (시간변경 조율됩니다) - 시급은 주휴수당 포함해서 13,000원 입니다",재가 요양보호사,-,학력무관,관계없음,"시급 10,320원 ~ 10,320원",고용형태,"부산광역시 사하구 다대낙조2길 5, 동백아파트 (다대동)",1명,2026-09-08 21:04:51
https://www.jobkorea.co.kr/Recruit/GI_Read/5557580/Ext?siteCode=WN&sc=,214202,"[모집직무] 수학 강사, 학원 강사, 수학 교사 [직무소개] 우리 학원은 학생들의 학업 성취도를 높이는 데 힘쓰는 학원입니다. 학생들이 수학에 대한 자신감을 가지고, 문제 해결 능력을 키울 수 있도록 지도하는 초중고등 수학 강사를 모집하고 있습니다. [주요업무] - 초중고등 수학 교과 과정에 대한 수업 계획 및 수업 진행 - 학생 개개인의 수준에 맞는 맞춤형 학습 지원 - 수학 학습 자료 개발 및 활용 - 학습 진도 관리 및 학업 성취도 향상 위한 컨설팅",수학 강사,-,대졸(2~3년)~대졸(4년),경력,월급 220만원 이상,고용형태,"부산광역시 강서구 명지국제8로 229, 303호, 304호 (명지동, 부산명지지구아이메디컬)",1명,2026-09-08 21:04:51
https://www.jobkorea.co.kr/Recruit/GI_Read/5558063/Ext?siteCode=WN&sc=,623003,"[모집직무] 천장형 호이스트 크레인 운전원, 제품(철판망) 입출고, 상하차 [직무소개] 천장형 호이스트 크레인 운전원, 제품(철판망) 입출고, 상하차, 현장내 재고관리 직원을 모십니다. [주요업무] - 천장형 호이스트 크레인 운용 및 제품 상하차 - 안전 수칙 준수",호이스트 운전원,호이스트운전원,학력무관,관계없음,월급 235만원 ~ 235만원,고용형태,"부산광역시 사상구 장인로 84, 성원강업주식회사 (학장동)",1명,2026-09-08 21:04:51
https://www.jobkorea.co.kr/Recruit/GI_Read/5558011/Ext?siteCode=WN&sc=,885900,"2017년도 개인사업자부터 현재 법인까지 매해 매출 성장을 하고있는 회사입니다. 경력직도 좋고 미경력직도 좋습니다. 열정있고 센스있고 같이 웃으면서 재미있게 일하면서 회사 키워나갈 인재를 찾습니다!! 경력자는 월급 협상 가능!! 세절작업장 육가공 - 소고기 돼지고기 부분육 2차가공 (경력자 급여협의) *식대,,사대보험,연차,퇴직급 지원",기타 기계 조작원,3D프린터조작원,학력무관,관계없음,월급 297만원 이상,고용형태,"부산광역시 강서구 대저중앙로 356, . (대저1동)",2명,2026-09-08 21:04:51
https://www.jobkorea.co.kr/Recruit/GI_Read/5557941/Ext?siteCode=WN&sc=,813210,"* CNC 기종 CNC 는 PUMA 400 비전380/ 화낙 입니다. 공작기계 부품가공이 주력입니다. (고정 물량으로 로테이션 가공) * 신입 경력무관이며 , 신규 아이탬 으로 인원 보충이 필요한 시점이라 오래 함께 일하실 분 많은 지원 부탁드립니다. * 업무 CNC 가공 작업(나온 물건 바로 방청 후 포장). (기존 선임 작업자가 있으니 편하게 지원 부탁드립니다.) (대부분 근무 년수가 8년차 이상 이니 걱정 마시고 편하게 지원 부탁드립니다.)",머시닝센터(MCT) 조작원,MCT(머시닝센터)프로그래머,학력무관,관계없음,"시급 10,320원 이상",고용형태,"부산광역시 기장군 정관읍 산단2로 16-17, 신신정공",1명,2026-09-08 21:04:52
https://www.jobkorea.co.kr/Recruit/GI_Read/5558078/Ext?siteCode=WN&sc=,158200,"1. 소방 기술 인정 이상 보유(기술 자격증 보유 사항) 2. 운전 가능한 분 3. 소방 점검 및 안전 관리 경력직 우대 4. 소방 기술자(점검,월방) 자격 보유 5. 전기 산업기사 자격증 보유 우대 6. * 허위 구직 활동 자제해 주시기 바랍니다. 실제 지원 의사 있으신 분만 지원 부탁드립니다!!",방재 기술자 및 연구원,-,학력무관,관계없음,"연봉 2,784만원 ~ 3,600만원",고용형태,"부산광역시 동구 자유평화로 32 (범일동, 화신빌딩)",1명,2026-09-08 21:04:52
https://www.jobkorea.co.kr/Recruit/GI_Read/5558058/Ext?siteCode=WN&sc=,824102,"산업용 기계를 제작하는 업체 산소절단 및 CO2용접, 아크용접, 알곤용접, 티그용접 가능하신 분 경력에 따라 급여 조정 가능 격주 토요일 휴무 근무 하는 주 토요일 근무시간 : 오전 8시 ~ 오후 3시까지 (급여에 격주 토요일 근무 수당 포함되어 있습니다.) 정해진 근무시간 외에 추가 근무 시 잔업수당 및 휴일수당 추가 지급","전기용접원(아크,알곤,티그용접원)",아크용접원,학력무관,경력,월급 380만원 ~ 400만원,고용형태,"부산광역시 강서구 녹산산단261로73번길 7, 우성기계 (송정동)",2명,2026-09-08 21:04:52
https://www.jobkorea.co.kr/Recruit/GI_Read/5556835/Ext?siteCode=WN&sc=,550102,"방문요양 재가 기관입니다. 재가서비스 요양보호사 선생님 모십니다. < 3등급 여자 어르신> 근무장소: 부산 수영구 수영로 477(남천동)(상세주소는 면접 시 안내) 근무시간: 08:30~11:30(주5일) 시급: 최저시급 10,320원+기타수당=13,200원 근무내용: 2~3달에 한 번 병원동행, 휠체어 타고 이동, 반찬준비 및 청소도움 **채용대행 건으로 지원시 문의 주시기 바랍니다. 055-310-8911",재가 요양보호사,재가요양보호사,학력무관,관계없음,"시급 10,320원 이상",고용형태,"부산광역시 수영구 수영로 477, . (남천동)",1명,2026-09-08 21:04:53
https://www.jobkorea.co.kr/Recruit/GI_Read/5558688/Ext?siteCode=WN&sc=,561100,"* 해운대 좌동 에스케이뷰아파트 - 아파트 단지 내 청소 - 신주 3층까지 있음 - 근무시간: 평일 09:00~15:30 / 토 09:00~12:00(격주) - 임금:월급 1,615,080원 * 담당자와 통화 후 면접시간, 장소 안내 받으시길 바랍니다. * 채용 담당자: 010-9136-2438",건물 청소원,-,학력무관,관계없음,월급 161만원 ~ 161만원,고용형태,"부산광역시 해운대구 청사포로 12, .. (좌동, 에스케이뷰아파트)",1명,2026-09-08 21:04:53
https://www.jobkorea.co.kr/Recruit/GI_Read/5558604/Ext?siteCode=WN&sc=,028508,"자동차용 모터 부품 품질관리 팀장급 담당자 모집으로 경력사원을 채용합니다. (동종업계 경력5년 이상 우대) - 품질 시스템 관리, SQ(용접) 운영관리 계측설비 사용가능자 ,3차원측정 가능자 우대 - Mitutoyo - 프레스 부품성형 및 용접품에 대한 품질관리 및 운영 ▶지원방법: 고용24입사지원 또는 이메일: adus1104@naver.com 로 이력서 발송",품질관리 사무원(기계·자동차·금속),-,대졸(2~3년)~대졸(4년),경력,"연봉 4,500만원 ~ 5,500만원",고용형태,"부산광역시 강서구 미음산단로76번길 29, 주식회사 대광오토텍 (구랑동)",2명,2026-09-08 21:04:53
https://www.jobkorea.co.kr/Recruit/GI_Read/5558615/Ext?siteCode=WN&sc=,027205,"회계사무실(회계법인)에서 고객사의 전표입력, 부가세, 종소세, 법인세 신고업무 등 전반업무를 담당할 직원을 모십니다. 우호적이고 편안한 환경에서 배려심이 넘치는 좋은 팀입니다.",경리 사무원(회계·세무 사무소),-,학력무관,경력,"연봉 3,600만원 ~ 4,200만원",고용형태,"부산광역시 해운대구 센텀중앙로 90, 1808호",1명,2026-09-08 21:04:53
https://www.jobkorea.co.kr/Recruit/GI_Read/5557270/Ext?siteCode=WN&sc=,890006,▶직무내용 : 현장 간장 제조 및 포장 3명 ▷자격요건 : 신입지원가능 ▷근로조건 - 주 5일 근무 / 08:30~17:30 - 월급 270만원 ▷제출서류 : 워크넷이력서(사진부착) ▶지원방법 : 워크넷 구직신청 후 [워크넷 입사지원] ※ 제출서류 중 일부 미제출시 서류전형에 불리하게 작용할 수 있습니다. ※ 구직활동 인정을 위한 입사지원은 지양해 주시길 바랍니다. ※ 불합격자에 대해서는 별도 통지를 하지 않습니다. ------------------------------------------------------------------------------- <부산동부고용센터에서 서류접수대행중인 구인건입니다> *실업급여 및 국민취업지원제도 수급목적의 지원은 삼가해주시기 바랍니다.,식품 분야 단순 종사원,식품분야 단순노무자,학력무관,관계없음,월급 270만원 이상,고용형태,"부산광역시 기장군 장안읍 오리산단2로 19, 홍일식품",4명,2026-09-08 21:04:54
https://www.jobkorea.co.kr/Recruit/GI_Read/5558663/Ext?siteCode=WN&sc=,232100,"▶육아휴직으로 인해 담임선생님을 모십니다. ▶8월 1일부터 근무이며 근무시간은 9:00~18:00이지만 조율 가능합니다. ▶임금 : 월2,156,880원 ※육아 단축 등 가능 하구요,아이를 사랑하는 선생님이라면 지원 부탁합니다!",보육교사,어린이집교사,학력무관,경력,월급 215만원 ~ 215만원,고용형태,"부산광역시 북구 화명신도시로 156, 롯데낙천대아파트 103동 101호",1명,2026-09-08 21:04:54
https://www.jobkorea.co.kr/Recruit/GI_Read/5557257/Ext?siteCode=WN&sc=,531803,"[금정구] 병원식당 조리사 1명 .조리원1명모집 -근무시간: 06:00~18:00 (휴게시간 3시간) >> 주 5일/ 스케줄 표로 운영됨 (주말 근무 포함) -근무장소: 금정구 부곡로 130 더희망찬병원 -자격요건: 조리사 자격증 우대, 경력1년이상, 학력무관 -접수방법: 전화 후 이력서 지참하여 방문 도는 이메일 접수, 워크넷 입사지원 -채용문의:070-7728-0981 / 051-255-0200",병원 급식 조리사,병원급식조리사,학력무관,경력,월급 245만원 ~ 280만원,고용형태,"부산광역시 금정구 부곡로 130, 더희망찬병원 (부곡동)",2명,2026-09-08 21:04:54
https://www.jobkorea.co.kr/Recruit/GI_Read/5601747/Ext?siteCode=WN&sc=,420402,"어린이수영강습 및 샤워지도 대외업무 : 학부모님 상담, 3개월에 한번 영상 촬영",수영·골프·테니스·배드민턴·탁구 등 스포츠 강사,수영강사,학력무관,관계없음,월급 250만원 ~ 280만원,고용형태,"부산광역시 수영구 황령대로489번길 22, 망고키즈수영장 남천점 (남천동)",1명,2026-09-08 21:04:54
https://www.jobkorea.co.kr/Recruit/GI_Read/5557694/Ext?siteCode=WN&sc=,824107,"CO2 용접, TIG 용접 및 보조원 용접 및 제관 업무 보조 기타 생산 및 현장 지원 업무 동종 업계 유경험자 또는 관련 자격증 소지자 우대 (초보 가능)",용접 사상원 및 보조원,-,학력무관,관계없음,"일급 100,000원 이상",고용형태,"부산광역시 강서구 미음산단로 136, 대웅씨티 (구랑동)",2명,2026-09-08 21:04:54
https://www.jobkorea.co.kr/Recruit/GI_Read/5555304/Ext?siteCode=WN&sc=,307902,"대상자 가정으로 방문하여 산후조리 서비스를 제공함 근무시간 : 09:00~18:00 (주 5일/40시간), 휴게시간 12:00~13:00 지원자격 : 산모신생아 건강관리사 수료증 소지자 시급 : 10,320원",산후조리 종사원(산모 도우미),-,학력무관,관계없음,"시급 10,320원 ~ 10,320원",고용형태,"부산광역시 사하구 낙동대로 496, 파견가정(산모신생아건강관리지원서비스 신청 출산가정) (하단동)",5명,2026-09-08 21:04:54
https://www.jobkorea.co.kr/Recruit/GI_Read/5555628/Ext?siteCode=WN&sc=,813200,"- 레디알및 밀링기(6호기) 조작원 모집 - 홀작업, 탭작업, 기타등 - 신입 가능하나 경력자 우대. - 임금 : 250만원 (임금협의 가능) - 중식제공",금속 공작기계 조작원,-,학력무관,관계없음,월급 250만원 이상,고용형태,부산광역시 사상구 학장로169번길 87 (학장동),1명,2026-09-08 21:04:55
https://www.jobkorea.co.kr/Recruit/GI_Read/5556228/Ext?siteCode=WN&sc=,816100,"1. 장비 조립 및 Operator 2. 장비 설치, 셋업, 시운전 및 상태 모니터링 3. 일상 점검/정기 점검(Preventive Maintenance)수행 4. 장비 트러블슈팅 및 고장 원인 분석",일반기계 조립원,-,고졸~대졸(4년),경력,"연봉 3,000만원 ~ 4,000만원",고용형태,부산광역시 기장군 장안읍 의과학5로 29,3명,2026-09-08 21:04:55
https://www.jobkorea.co.kr/Recruit/GI_Read/5555074/Ext?siteCode=WN&sc=,561400,"1. 업 체 명 : 대성환경산업 2. 근무주소 : 기장군 정관읍 산단로 632-78 3. 모집직종 : 폐기물 선별 및 현장 근무 (여성, 남성 무관) 4. 근무시간 : 주 6일, 07:00~17:00 (09:00~09:30,12:00~13:00,15:00~15:30) 5. 급여사항 : 월급300만원 6. 복리후생 : 4대보험, 퇴직연금, 자차이용시 유류비지원 7. 접수방법 : 고용24, 전화 후 방문, 팩스(051-973-3446),이메일 (wastec@nate.com)- 이력서 접수 - 문의 : 070-8671-0848",재활용품 및 쓰레기 수거원,재활용품분리수거원,학력무관,관계없음,월급 300만원 ~ 300만원,고용형태,부산광역시 기장군 정관읍 산단로 632-78,3명,2026-09-08 21:04:55
https://www.jobkorea.co.kr/Recruit/GI_Read/5556166/Ext?siteCode=WN&sc=,140303,"토목공사 현장관리자, 현장소장 경력자 직무내용은 포장공사 외 공사관리자 및 현장소장 업무가 주 업무입니다. (부산지역내 현장공사) 경력직 직원분들을 구인 중에 있습니다. 특히 관급 공사 경험이 있으신 분을 우대하고 있습니다. 연봉은 면접시 충분한 협의 가능합니다 채용유형 : 공사관리자 및 현장소장(과장,차장급 이상) 수행업무 : 현장 소장, 공사 관리자 건설기술인경력수첩(토목 초급 이상) 소지 必",토목시공 기술자(토목견적 포함),토목시공기술자,학력무관,경력,"연봉 5,000만원 이상",고용형태,"부산광역시 해운대구 APEC로 17 (우동, 센텀리더스마크)",1명,2026-09-08 21:04:56
https://www.jobkorea.co.kr/Recruit/GI_Read/5555787/Ext?siteCode=WN&sc=,232100,"오후 보조 교사를 모집합니다. - 13:30 ~ 18:00 (4시간 근무, 휴게시간 30분 포함) - 장기미종사자 교육 수료자 가능 - 이력서는 메일로 보내 주시면 검토 후 연락 드리도록 하겠습니다.(hyun-joo79@hanmail.net) (원장 휴대폰으로 연락, 면접 문의 가능. 인근거주자 우대)",보육교사,어린이집교사,학력무관,경력,월급 113만원 ~ 113만원,고용형태,"부산광역시 사하구 낙동대로309번길 31, 선민 꿈 어린이집 (괴정동)",1명,2026-09-08 21:04:56
https://www.jobkorea.co.kr/Recruit/GI_Read/5555619/Ext?siteCode=WN&sc=,531900,"반여동 명품재활 주간보호센터에서 조리원보조 1분을 구인합니다 1. 조리원보조 근무시간 : 08:00 ~ 17:00~ 토요일 근무시 평일 하루 대체휴무 2. 자격증 관계없음 3. 급여 2,156,880원, 4대보험, 퇴직금 *지원희망자는 고용24(구 워크넷) 지원 후 전화 연락 부탁드리겠습니다. 051-531-9980",기타 조리사,-,학력무관,관계없음,월급 215만원 이상,고용형태,"부산광역시 해운대구 반여로155번길 17-12, 1층 (반여동)",1명,2026-09-08 21:04:56
https://www.jobkorea.co.kr/Recruit/GI_Read/5556154/Ext?siteCode=WN&sc=,531900,"급식, 도시락, 반찬매장을 운영하고 있는 아람찬입니다. 메가마트 동래점 내 푸드코트에서 조리, 세척, 판매하실 분을 모집합니다. 1) 모집분야 : 메가마트 동래점 내 아람찬 푸드코트 2) 업무내용 : 푸드코트 내에서 조리, 세척, 판매 3) 업무시간 : 주5일(주말포함) - 9시 ~ 15시 : 조리 및 판매(1명) - 15시 ~ 21시 : 간단한 조리, 상차림 및 판매(1명) 4) 업무장소 : 동래구 충렬대로 197 메가마트 내 푸드코트 5) 급여 : 최저시급(10,320원), 주휴수당, 연차 6) 전형절차 : 서류전형 후 면접 7) 접수방법 및 제출서류 : 고용24 또는 메일접수(aramcook@naver.com) / 이력서 8) 문의처 : 010.6589.2552(평일 오전 9시 ~ 오후 5시) * 초보도 가능하나 위생관념이 있고 친철하신 분 * 면접 시 이력서 지참",기타 조리사,-,학력무관,관계없음,"시급 10,320원 이상",고용형태,"부산광역시 동래구 충렬대로 197, 메가마트 내 푸드코트 (명륜동)",2명,2026-09-08 21:04:57
https://www.jobkorea.co.kr/Recruit/GI_Read/5556304/Ext?siteCode=WN&sc=,531803,병원 급식 준비 및 배식 / 정리,병원 급식 조리사,병원급식조리사,학력무관,관계없음,월급 215만원 이상,고용형태,부산광역시 부산진구 가야대로 459 (개금동),1명,2026-09-08 21:04:57
https://www.jobkorea.co.kr/Recruit/GI_Read/5556055/Ext?siteCode=WN&sc=,623003,크레인 호이스트 조작하여 스테인레스 코일(COIL) 및 판(SHEET) 입출하 관리 스테인레스 코일(COIL)을 판(SHEET)로 생산하는 슬리터 및 시어 라인 보조자,호이스트 운전원,-,학력무관,관계없음,"시급 10,320원 ~ 10,700원",고용형태,"부산광역시 강서구 미음산단로 356, 와이지에스 (미음동)",5명,2026-09-08 21:04:57
https://www.jobkorea.co.kr/Recruit/GI_Read/5555174/Ext?siteCode=WN&sc=,561101,"[수영구 민락동 테넌바움294] 아파트 미화원 모집 *근무지: 수영구 광안해변로 323 (민락동, 테넌바움294) 아파트 *근무시간: 월~금 09:00~16:00/ 토 09:00~12:30/ 일요일 및 공휴일 휴무 *급여: 월 1,802,600원 *2개월 계약 후 3개월 단위로 재계약 *필요서류: 이력서 *지원방법: 팩스(051-754-2123)로 이력서 발송, 또는 이력서 사진찍어 문자(051-754-2122) 전송 *** 이력서 상단에 [테넌바움294 미화원 지원] 적어주세요 **** *전형방법: 서류, 면접 *** 즉시 근무 가능자","건물 청소원(공공건물,아파트,사무실,병원,상가,공장 등)",-,학력무관,관계없음,월급 180만원 ~ 180만원,고용형태,"부산광역시 수영구 광안해변로 323, 관리사무소 (민락동, 테넌바움294)",1명,2026-09-08 21:04:57
https://www.jobkorea.co.kr/Recruit/GI_Read/5556613/Ext?siteCode=WN&sc=,890000,유리 생산직 현장 보조원,기타 제조 관련 단순 종사원,-,학력무관,관계없음,월급 300만원 이상,고용형태,부산광역시 강서구 공항로1207번길 16 (대저1동),1명,2026-09-08 21:04:58
https://www.jobkorea.co.kr/Recruit/GI_Read/5554555/Ext?siteCode=WN&sc=,550102,"- 중구 영주동 - 84세, 4등급 할머니 - 일상생활지원, 개인활동지원 - 주5일, 09:00 ~ 12:00 - 시급 13,000원",재가 요양보호사,-,학력무관,관계없음,"시급 13,000원 이상",고용형태,"부산광역시 중구 영주로 51, 101동 (영주동, 금호타운)",1명,2026-09-08 21:04:58
https://www.jobkorea.co.kr/Recruit/GI_Read/5555712/Ext?siteCode=WN&sc=,890000,"월~금 07:30~16:30 4대보험, 상여금 100% 별도 벤드쇼 절단 사상",기타 제조 관련 단순 종사원,-,학력무관,관계없음,월급 220만원 이상,고용형태,부산광역시 강서구 녹산산업중로61번길 16 (송정동),2명,2026-09-08 21:04:58
https://www.jobkorea.co.kr/Recruit/GI_Read/5555191/Ext?siteCode=WN&sc=,836000,"부산시 사하구에 위치한 업력 20년의 주방기기 제조업체입니다. 업소용 주방기기를 전문적으로 생산하고 있으며, 저희 회사에 합류하셔서 함께 가치를 만들어 가실 수 있는 인재를 찾고자 합니다. 1. 업무부서 : 전기부 2. 업무내용 : 업소용 조리기기의 전기파트 조립 및 검수, A/S 출장 3. 우대사항 - 지게차면허 보유자 우대 - 관련 직종 경력자 우대 - 전기/전자 관련 자격증 우대 - 전기/전자 관련 학위 우대 4. 근무형태 - 정규직(경우에 따라 수습기간이 있을 수 있습니다.) 5. 전형절차 서류심사 -> 1차면접 -> 최종합격 * 근무지 위치, 교통편 확인하시고 면접 후 해당업체 출근, 취업의사 있는 분들만 고용24 접수 부탁드립니다. - 지원방법 : 고용24 회원가입-로그인-구직신청(경력 및 자격증등록 등)-구인공고 화면- 고용24 입사지원",전기·전자 부품 및 제품 조립원,-,학력무관,경력,월급 300만원 ~ 400만원,고용형태,"부산광역시 사하구 다산로106번길 47, 아미쿡",1명,2026-09-08 21:04:58
https://www.jobkorea.co.kr/Recruit/GI_Read/5555644/Ext?siteCode=WN&sc=,232100,"연장반 교사를 모집 합니다. 연장반교사 - 3시 ~7시 30분 (30분 휴게시간 포함) 급여 1,100,000원 수당 13만원 * 장기미종사자 교육 수료자 가능 이력서는 메일로 보내 주시면 검토 후 연락 드리도록 하겠습니다.(hyun-joo79@hanmail.net) 원장 휴대폰으로 연락, 면접 문의 가능 인근거주자 우대",보육교사,어린이집교사,학력무관,신입,월급 110만원 ~ 110만원,고용형태,"부산광역시 사하구 낙동대로309번길 31, 선민 꿈 어린이집 (괴정동)",1명,2026-09-08 21:04:58
https://www.jobkorea.co.kr/Recruit/GI_Read/5556442/Ext?siteCode=WN&sc=,028505,업무분야 1. 품질관리 업무 2. HACCP 인증 관리/생산 현장 위생관리 3. 직원 위생교육/제품 QC 관리 4. 클레임 조사/개선관리 ** 식품분야 2년이상 경력자 우대 ** 식품 계열 전공자 우대,생산관리 사무원(음식료품),-,학력무관,경력,월급 250만원 ~ 250만원,고용형태,부산광역시 사하구 장평로76번길 22 (장림동),1명,2026-09-08 21:04:59
https://www.jobkorea.co.kr/Recruit/GI_Read/5555722/Ext?siteCode=WN&sc=,813202,"범용 선반, 밀링 인원 구인 합니다. (CNC아님) 저희 회사는 배에 들어가는 윈치를 제작하는 회사입니다. 경력 무관합니다. (2년이상 경력자 우대) 메일 또는 워크넷으로 이력서 보내주시면 면접일정 안내 드립니다. 많은관심 바랍니다.",범용 선반 조작원,-,학력무관,관계없음,월급 300만원 이상,고용형태,"부산광역시 강서구 녹산산업중로 365, 초연테크 (송정동)",1명,2026-09-08 21:04:59
https://www.jobkorea.co.kr/Recruit/GI_Read/5556048/Ext?siteCode=WN&sc=,890001,"육,해상 밸브 가공 범용선반공 모집합니다. 경력 3년 이상",기계·금속 분야 단순 종사원,기계분야 단순노무자,학력무관,경력,"시급 12,000원 이상",고용형태,"부산광역시 사상구 학장로169번길 59, (주)옥광엔지니어링 (학장동)",1명,2026-09-08 21:05:00
https://www.jobkorea.co.kr/Recruit/GI_Read/5554683/Ext?siteCode=WN&sc=,813207,(크램프 건축자재 생산업체) 코일을 300톤 프레스에서 블랭킹 250톤프레스에서 티알 작업을 해서 자동조립기에서 조립 포장 크램프 생산,프레스기 및 절단기 조작원,-,학력무관,관계없음,"시급 10,320원 ~ 10,320원",고용형태,부산광역시 사하구 다산로 110 (다대동),2명,2026-09-08 21:05:00
https://www.jobkorea.co.kr/Recruit/GI_Read/5556587/Ext?siteCode=WN&sc=,027201,"• 기타 사무(발주서관리) 및 세관 업무(적재허가서 발행) • 선용품, 육류, 공산품 취급 유경험자 우대 - 유경험자 급여 인상 협의가능 - 격주토요일 오전근무 - 업계 특성상 퇴근 후 긴급 업무 확인 등 업무 대응이 발생할 수 있습니다. - 퇴근 후 및 주말 업무 대응이 가능한 분만 지원 부탁드립니다. - 근무지 : 부산시 강서구 녹산산단382로50번길 33 ※ 장기 근무 가능하신 분을 우대합니다.",경리 사무원(무역),-,학력무관,신입,월급 240만원 이상,고용형태,"부산광역시 강서구 녹산산단382로50번길 33, 1층 (송정동)",2명,2026-09-08 21:05:01
https://www.jobkorea.co.kr/Recruit/GI_Read/5556480/Ext?siteCode=WN&sc=,871100,1. 제빵 및 하드계열 제품 생산 2. 제과류 생산 3. 반죽·성형·발효·오븐 작업 4. 원재료 및 재고 확인·발주 5. 작업장 위생 및 안전기준 관리,제과원 및 제빵사,제과사(제과원),학력무관,경력,월급 250만원 ~ 270만원,고용형태,부산광역시 수영구 광남로 187 (광안동),3명,2026-09-08 21:05:02
https://www.jobkorea.co.kr/Recruit/GI_Read/5556335/Ext?siteCode=WN&sc=,873102,"냉장,냉동 밀키트 생산 외 현장관리",어패류(수산물) 가공기계 조작원,수산물세척원,학력무관,경력,월급 250만원 ~ 250만원,고용형태,부산광역시 사하구 장평로76번길 22 (장림동),1명,2026-09-08 21:05:02
https://www.jobkorea.co.kr/Recruit/GI_Read/5555176/Ext?siteCode=WN&sc=,561100,"빌딩(회사) 청소원 구합니다. *근무조건* 근무시간 (오전) 6시 30분~(오후) 2시 30분 휴게시간 8시~9시, 10시30분~13시30분 주5일(월요일~금요일) 장애인 우대",건물 청소원,-,학력무관,관계없음,월급 117만원 ~ 117만원,고용형태,"부산광역시 중구 중앙대로42번길 5, 동주빌딩 (중앙동5가)",1명,2026-09-08 21:05:02
https://www.jobkorea.co.kr/Recruit/GI_Read/5556503/Ext?siteCode=WN&sc=,890000,분체도장 전처리원(현장 단순노무)구합니다,기타 제조 관련 단순 종사원,-,학력무관,관계없음,월급 215만원 이상,고용형태,부산광역시 강서구 미음산단4로 115 (미음동),2명,2026-09-08 21:05:02
https://www.jobkorea.co.kr/Recruit/GI_Read/5555178/Ext?siteCode=WN&sc=,550101,"요양보호사 [보건>의료기술지원>요양지원] 일상생활수행지원 배변활동 돕기,보행 돕기,식사 지원하기,옷 갈아입히기,의사소통 돕기,침상 관리 개인위생지원",요양보호사(노인요양사),요양보호사,고졸~대졸(2~3년),관계없음,월급 226만원 ~ 260만원,고용형태,"부산광역시 사상구 가야대로318번길 78 (주례동, 보성실버센터)",1명,2026-09-08 21:05:02
https://www.jobkorea.co.kr/Recruit/GI_Read/5556455/Ext?siteCode=WN&sc=,304001,병동 N-KEEP 간호사 월 17일(실근무 16일 연차1일) 근무입니다. 병동당 30여명 어르신 계십니다. 업무강도 낮으며 근무조건 양호합니다. 기타 모든 조건 협의가능하니 부담없이 연락주세요 문의사항 행정부장 OIO.4562.일일일일,전문 간호사,가정전문간호사,학력무관,관계없음,월급 270만원 ~ 300만원,고용형태,"부산광역시 해운대구 아랫반송로1번길 27-3, 로뎀요양병원 (반송동)",1명,2026-09-08 21:05:03
https://www.jobkorea.co.kr/Recruit/GI_Read/5555345/Ext?siteCode=WN&sc=,813201,CNC 선반 단순 작업입니다,CNC 선반 조작원(NC 선반 조작원),CNC터닝선반조작원,학력무관,관계없음,"시급 10,320원 이상",고용형태,부산광역시 강서구 미음국제5로라길 17 (미음동),1명,2026-09-08 21:05:03
https://www.jobkorea.co.kr/Recruit/GI_Read/5554767/Ext?siteCode=WN&sc=,531804,"[모집직무] 사업체 구내식당 급식 조리사, 학교 급식 조리사, 병원 급식 조리사 [직무소개] 부산남구태흥당한방병원은 지역 주민을 위한 양질의 한방 의료 서비스를 제공하는 기관입니다. 본 직무는 병원에 근무하는 환자들에게 건강하고 맛있는 식사를 제공하기 위한 조리사를 채용합니다. [주요업무] - 병원 환자를 위한 한식 및 특별 식단 조리 - 식재료 준비 및 관리 - 요리 시 식품 안전 및 위생 준수 - 영양 관리와 관련된 업무 지원 [주요업무]",사업체 구내식당 급식 조리사,-,학력무관,경력,"연봉 3,120만원 ~ 3,250만원",고용형태,"부산광역시 남구 용호로 173, 494-47, 494-49 5~7층 (용호동)",1명,2026-09-08 21:05:03
https://www.jobkorea.co.kr/Recruit/GI_Read/5554934/Ext?siteCode=WN&sc=,531803,"- 조리, 배식,설거지 등 - 조리사(1명), 조리원(1명) : 자격증 무관 - 근무시간 : (주5일) 06:00 ~ 15:00 / 10:00~19:00 (2교대) - 스케쥴 표에따라 근무 / 토,일 근무시 주중 휴무 * 접수방법 : 전화 후 방문, 이메일 (ranygony@nate.com), 고용24",병원 급식 조리사,-,학력무관,관계없음,월급 240만원 ~ 300만원,고용형태,"부산광역시 사상구 학감대로 269, . (감전동)",2명,2026-09-08 21:05:03
https://www.jobkorea.co.kr/Recruit/GI_Read/5555763/Ext?siteCode=WN&sc=,836000,메타네트웍스는 소노부이(Sonobuoy)제작업체입니다. 소노부이는 잠수함을 추적하는 소모성 제품입니다. 각각 구성품 조립체 제작등 다양한 수작업들이 있으므로 소규모 조립장비나 공구등 다루는데 문제가 없으시거나 능숙하신 분 이시면 환영합니다. -작은 보드 납땜-몰딩-케이블 탈피 및 전선연결-구성품간 연결작업 및 조립-현장 정리 및 생산 지원-초보 가능/실무 교육 진행-여성가능,전기·전자 부품 및 제품 조립원,-,학력무관,관계없음,월급 220만원 이상,고용형태,부산광역시 기장군 장안읍 의과학4로 39,1명,2026-09-08 21:05:04
https://www.jobkorea.co.kr/Recruit/GI_Read/5554614/Ext?siteCode=WN&sc=,550102,"5등급 86세 여자어르신 모실 요양보호사 구인합니다. 요일 : 월 5회 (요일협의 가능) 시간 : 14:30 - 17:30 (180분) 시급 : 13,500원 *치매교육이수증 (치매교육이수자만 근무 가능합니다!) 요양보호사 자격증 1년이내 건강검진 결과서 서류 필요 자세한 사항은 전화로 문의주세요! **051-924-5456",재가 요양보호사,재가요양보호사,학력무관,관계없음,"시급 13,500원 ~ 13,500원",고용형태,부산광역시 금정구 장전온천천로 144 (장전동),1명,2026-09-08 21:05:04
https://www.jobkorea.co.kr/Recruit/GI_Read/5554465/Ext?siteCode=WN&sc=,214402,미용사 또는 이용사 자격증을 소유하고 있는 강사를 모집합니다. 1. 이용사 자격증과정 교육 2. 2년제대졸 이상 3. 미용사 자격증과정 4. 헤어실무과정,이미용·예식 강사,이미용강사,학력무관,관계없음,월급 215만원 ~ 220만원,고용형태,"부산광역시 동래구 명륜로 65, 2층 (수안동)",1명,2026-09-08 21:05:04
https://www.jobkorea.co.kr/Recruit/GI_Read/5612556/Ext?siteCode=WN&sc=,890000,"단순 포장 또는 충진사원 구인합니다. 서울에 위치하고 있는 본사 ㈜해피덴코프레이션은 인상재의 연구 개발 및 시판하는 회사이며, 자회사인 쉐르파코리아는 인상재 제조를 하고있으며, 수출ㆍ입에 용이한 부산에 연고를 두고있습니다. 주요 고객으로는 치과병원, 대학병원, 치과재료상 등이 있으며 미국,일본,호주 등을 포함한 20개국에 수출 하고 있습니다. 저희 ㈜해피덴코프레이션ㆍ쉐르파코리아는 한국형 맞춤 인상재 개발을 모토로 고객만족을 위해 지속적인 기술혁신을 꾀하고 있습니다.",기타 제조 관련 단순 종사원,수동포장원,학력무관,관계없음,"연봉 2,589만원 이상",고용형태,"부산광역시 사하구 하신번영로 438-1, 외 2필지 (하단동)",1명,2026-09-08 21:05:04
https://www.jobkorea.co.kr/Recruit/GI_Read/5617578/Ext?siteCode=WN&sc=,158102,[담당업무] ㆍ 점검팀 소속 사원 직급으로 업무를 수행합니다. ㆍ 소방시설 현장 점검 업무를 수행합니다. ㆍ 현장에서 간단한 시설 보수를 수행합니다. ㆍ 점검 결과 자료를 정리 및 보고합니다. ㆍ 고객사 요청사항을 접수 및 전달합니다. [자격요건] 자격요건 ㆍ 경력무관 (신입 지원 가능) ㆍ 학력무관 ㆍ 운전면허 필수 ㆍ 경력직인 경우 점검자경력수첩 소지하신 분 [우대사항] ㆍ 소방시설 점검 보조 경험 있으신 분 ㆍ 소방 관련 자격증 보유하신 분 (소방안전관리자 자격증 X) ㆍ 장기 근무 가능하신 분 ㆍ 경력자인 경우 면접 시 급여 협의 가능 (이력서에 희망연봉 반드시 작성요함) ㆍ 수습기간 3개월 (신입/경력 관계없이),소방시설·설비 시공 기술자,-,학력무관,관계없음,월급 216만원 이상,고용형태,"부산광역시 북구 금곡대로 180, 5층 (화명동)",1명,2026-09-08 21:05:04
https://www.jobkorea.co.kr/Recruit/GI_Read/5553364/Ext?siteCode=WN&sc=,836000,"1.업 종 : 수배전반 및 전기자동제어반 제조 2.모집직종 : 배전반 조립(전기결선 및 판넬조립) 및 현장관리(반장급) 3.직무내용 : 배전반 전기결선 및 외함조립 작업, 생산 현장관리(인력, 공정) 4.근무조건 및 환경 : 주5일(52시간 근무) - 월,화,목,금 08:00~20:00(점심 60분, 저녁 30분) - 수 08:00~19:00(점심 60분) ※ 매일 10:00, 15:00 휴식시간(각 10분) ※ 근무 환경은 양호함. 5.근무장소 : 사업장 주소와 동일(부산시 강서구 미음산단4로 150) 6.급여조건 : 동종(유사)업 경력에 따라 협의함.(연봉제, 시급제 협의가능) 7.자격조건 : 학력 무관, 동종업 경력자 우대 8.우대조건 : 차량소지자, 운전가능자, 동종업 경력자 9.제출서류 : 이력서(이력사항 상세 기재를 부탁드립니다.) 10.접수마감 : 채용시까지 * 워크넷으로 입사지원하십시오. * 실업급여 수급 목적의 지원은 자제를 바랍니다.",전기·전자 부품 및 제품 조립원,-,학력무관,경력,"연봉 3,700만원 ~ 4,800만원",고용형태,부산광역시 강서구 미음산단4로 150 (미음동),1명,2026-09-08 21:05:04
https://www.jobkorea.co.kr/Recruit/GI_Read/5553476/Ext?siteCode=WN&sc=,561101,"감전동 공장내부 청소 및 기타업무 (작업현장 정리정돈, 청소시 보조작업 등) 오전 7시부터 오후 4시퇴근 (오전.오후 각 15분 휴식. 식사시간 1시간 휴식) 혹 평일 연장 근무가 발생 할 수 있습니다.","건물 청소원(공공건물,아파트,사무실,병원,상가,공장 등)",아파트청소원,학력무관,신입,월급 215만원 이상,고용형태,부산광역시 사상구 낙동대로 864 (감전동),1명,2026-09-08 21:05:05
https://www.jobkorea.co.kr/Recruit/GI_Read/5553177/Ext?siteCode=WN&sc=,231201,"아이원트심리발달센터에서 미술치료사 선생님을 모십니다. 저희 기관은 언어치료, 심리상담, 놀이치료, 미술치료 수업이 이루어지며 발달재활서비스, 지역사회바우처, 교육청 마중물 지정 기관입니다. 많은 관심과 지원 부탁 드립니다. 기타 세부 문의사항은 이메일로 남겨주시면 안내해 드리겠습니다. 급여조건 : 협의 모집분야 : 미술치료 (발달재활바우처 가능자) 자격조건 : 발달재활바우처 가능 자격 인정서, 해당 자격증 소지자 근무시간 : 화요일 근무가능자 인수인계 있음. (요일조절가능) 오전 수업 일정은 없음. 접수기간 : 26. 08. 05 ~ 채용시까지 제출서류 : 이력서, 자기소개서, 자격증 사본, 발달재활바우처 자격 인정서 접수방법 : mess365@naver.com 복지 및 혜택 : 명절 선물지급, 간식제공",심리상담 전문가,심리상담전문가,학력무관,경력,"시급 25,000원 ~ 30,000원",고용형태,부산광역시 기장군 정관읍 구연3로 17,1명,2026-09-08 21:05:05
https://www.jobkorea.co.kr/Recruit/GI_Read/5612555/Ext?siteCode=WN&sc=,851200,"원재료 배합 및 제품 입출고 물류작업 모집 * 오전 원재료 배합 업무/ 오후 제품 납품 및 물류 관리 업무 가능하신 분 구인합니다. 서울에 위치하고 있는 본사 ㈜해피덴코프레이션은 인상재의 연구 개발 및 시판하는 회사이며, 자회사인 쉐르파코리아는 인상재 제조를 하고있으며, 수출ㆍ입에 용이한 부산에 연고를 두고있습니다. 주요 고객으로는 치과병원, 대학병원, 치과재료상 등이 있으며 미국,일본,호주 등을 포함한 20개국에 수출 하고 있습니다. 저희 ㈜해피덴코프레이션ㆍ쉐르파코리아는 한국형 맞춤 인상재 개발을 모토로 고객만족을 위해 지속적인 기술혁신을 꾀하고 있습니다.",화학물 가공 장치 조작원,-,학력무관,관계없음,"연봉 2,700만원 ~ 2,700만원",고용형태,"부산광역시 사하구 하신번영로 438-1, 외 2필지 (하단동)",1명,2026-09-08 21:05:05
https://www.jobkorea.co.kr/Recruit/GI_Read/5552638/Ext?siteCode=WN&sc=,823200,"냉간단조기계(헤타, 포머기) 조작원 경력자 임금 협의",단조기 조작원,-,학력무관,관계없음,"연봉 4,000만원 이상",고용형태,부산광역시 강서구 화전산단5로84번길 11 (화전동),2명,2026-09-08 21:05:07
https://www.jobkorea.co.kr/Recruit/GI_Read/5552636/Ext?siteCode=WN&sc=,140203,"건축,기사 자격증 소지자 부산거주 현장시공과장급, 대관업무",건축시공 기술자(건축견적 포함),건축시공기사,학력무관,경력,"연봉 5,000만원 ~ 6,000만원",고용형태,부산광역시 동구 망양로873번길 2-7 (좌천동),1명,2026-09-08 21:05:07
https://www.jobkorea.co.kr/Recruit/GI_Read/5552347/Ext?siteCode=WN&sc=,305000,"안녕하세요. 강서구 명지 국제신도시 경일고등학교 건너편에 있는 위탁급식업체입니다. 영양사선생님을 구인합니다 *회사명: (주)자연가득찬 *시급: 13,500원 *근무기간 : 26학년도 학기중(여름, 겨울 방학기간 제외) *근무시간 : 9시30분 ~ 14시30분(5시간,휴게30분 포함) *업무: 본사에서 출발하여 배정된 학교급식이 잘 이뤄질수 있도록 관리 본사로 복귀하여 퇴근 *외근 가게 되는 학교는 면접때 확인될수 있습니다. : 지사중학교, 해원초등학교, 구학초등학교 등.",영양사,-,학력무관,관계없음,"시급 13,500원 ~ 13,500원",고용형태,부산광역시 강서구 낙동남로1013번길 50-3 (명지동),5명,2026-09-08 21:05:07
https://www.jobkorea.co.kr/Recruit/GI_Read/5552487/Ext?siteCode=WN&sc=,550102,"[대연동 에스케이뷰 아파트] - 부산 중앙고등학교 뒤편 - 4등급/할아버지/79세/배우자 있음 - 청소, 식사 준비 증 - 주5일 - 08:30~11:30 - 담당자 연락처 051-523-8788",재가 요양보호사,-,학력무관,관계없음,"시급 10,320원 ~ 13,000원",고용형태,"부산광역시 남구 진남로 159 (대연동, 대연동에스케이뷰아파트)",1명,2026-09-08 21:05:08
https://www.jobkorea.co.kr/Recruit/GI_Read/5553235/Ext?siteCode=WN&sc=,531800,(주)파로스식품 동명대학교 급식실 조리사 및 조리원 채용 * 조리사: 단체급식 조리 배식 등 업무전반,단체급식 조리사,-,학력무관,관계없음,"시급 10,320원 ~ 10,320원",고용형태,"부산광역시 남구 신선로 428, 산학협력관 1층 급식소 (용당동)",2명,2026-09-08 21:05:08
https://www.jobkorea.co.kr/Recruit/GI_Read/5552348/Ext?siteCode=WN&sc=,550102,"편마비로 워커기,휠체어 이용함,미혼인 딸과 거주하나 낮동안은 혼자계심. 월~금 (10:00~12:00) 2시간 식사도움,이동도움,집안 정리정돈",재가 요양보호사,재가요양보호사,학력무관,신입,"시급 10,320원 ~ 10,320원",고용형태,"부산광역시 북구 만덕3로 45, 101동 (만덕동, 현대아파트)",1명,2026-09-08 21:05:08
https://www.jobkorea.co.kr/Recruit/GI_Read/5553498/Ext?siteCode=WN&sc=,028502,"[모집직무] 대구경 후육강관 및 피팅 제품 생산 관련 관리자 (캐드 현도능력 필수) [직무소개] 우리 회사는 후육강관 및 대구령 피팅 제품 생산 분야에서 혁신을 선도하고 있습니다. 본 직무는 생산 관리 업무를 하며, CAD 능력을 활용하여 제품 설계 및 생산 공정을 효율적으로 관리하는 역할입니다. [주요업무] - 생산 계획 및 관리 - CAD 프로그램을 활용한 제품 설계 및 공정 설계 - 생산 효율성 분석 및 개선 - 품질 관리 및 품질 문제 해결 - 팀원과의 협업 및 의사소통 *수습 3개월 있음. 구직 신청 전 아래의 당사 홈페이지를 확인 후 신청 바랍니다. www.kumsooind.com",생산관리 사무원(기계·자동차·금속),-,학력무관,경력,월급 320만원 ~ 340만원,고용형태,"부산광역시 강서구 녹산산단335로 34, (송정동, 40) (송정동)",1명,2026-09-08 21:05:08
https://www.jobkorea.co.kr/Recruit/GI_Read/5552377/Ext?siteCode=WN&sc=,550100,"-진구가야동 38년생 4등급 남자어르신 (부부동거) -식사 챙기기, 청소, 정서 지원 -시간: 09시 ~12시 -주 5일근무 -시급 : 13,000원",요양보호사,-,학력무관,관계없음,"시급 10,320원 이상",고용형태,부산광역시 부산진구 냉정로252번길 43 (가야동),1명,2026-09-08 21:05:09
https://www.jobkorea.co.kr/Recruit/GI_Read/5552906/Ext?siteCode=WN&sc=,623000,"아파트,고물상 하이카(5톤) 파지수집운반 업무 성실하고 차분하게 업무를 수행할수있는 하이카 기사님 구함 경력자 모집합니다.",물품 이동 장비 조작원,-,학력무관,경력,월급 400만원 이상,고용형태,"부산광역시 금정구 공단로39번길 16, (주)강륭 (금사동)",1명,2026-09-08 21:05:09
https://www.jobkorea.co.kr/Recruit/GI_Read/5553297/Ext?siteCode=WN&sc=,890000,"업무 : 단순 노무, 기계 조작 업무 보조 주 업무 : - 스텐레스 판 가공 업무 및 출고 준비 구분 : 신입 정규직 채용 업무가 많을시- 평일 잔업, 토요일 특근 할 수 있음 ( 추가 잔업, 특근비 급여에 지급됩니다.) 면접 : 이력서 확인 후 면접 담당자의 연락으로 면접 일정이 정해집니다. 이력서 접수 : 이메일( jhfh2737@naver.com) 팩스 051-809-9345 TEL. 051-808-1724",기타 제조 관련 단순 종사원,-,학력무관,신입,"연봉 3,120만원 이상",고용형태,"부산광역시 강서구 공항로1347번길 72-11, 진흥텍 2공장 (대저1동)",2명,2026-09-08 21:05:09
https://www.jobkorea.co.kr/Recruit/GI_Read/5553822/Ext?siteCode=WN&sc=,836000,배전반 . GSP 전기 배선 자재 및 조립 구조물 조립 해상 구조. 육상 구조 경력자 우대.,전기·전자 부품 및 제품 조립원,-,학력무관,관계없음,"시급 10,420원 이상",고용형태,부산광역시 강서구 미음국제7로 47 (미음동),3명,2026-09-08 21:05:10
https://www.jobkorea.co.kr/Recruit/GI_Read/5553811/Ext?siteCode=WN&sc=,550100,"[철마면 송정리]재가요양보호사 -3등급 81세 여자어르신, 독거 -식사 및 가사도움, 일상생활지원 -주6일, 11:30~14:30시 (3시간) -시급 및 제수당 13,000원 교통비 월 5만원 별도 -기장군 2-3, 금정구 2-2번 버스 송정리 정거장",요양보호사,-,학력무관,관계없음,"시급 10,320원 이상",고용형태,"부산광역시 기장군 두송길 33-15, 인근",1명,2026-09-08 21:05:10
https://www.jobkorea.co.kr/Recruit/GI_Read/5553868/Ext?siteCode=WN&sc=,813201,"- 선박부품 및 배관 자재류를 제조하는 업체입니다 - CNC 선반을 이용한 간단한 생산업무입니다 - 경력자 급여협의가능 (잔업, 특근 포함 세전 월 300만원 전후) - 신입 지원 가능 (단순 작업) - 고령자 지원가능 실제 구직지원 의사 있는 분들만 접수 부탁드립니다.",CNC 선반 조작원(NC 선반 조작원),CNC lath가공원,학력무관,관계없음,"시급 10,320원 이상",고용형태,"부산광역시 사하구 다산로 182, 1층 (다대동)",1명,2026-09-08 21:05:10
https://www.jobkorea.co.kr/Recruit/GI_Read/5552845/Ext?siteCode=WN&sc=,550100,[모집직무] 요양보호사 [직무소개] 부산 전 지역 통합병동 요양보호사 모집합니다. 현재 주례 좋은삼선병원 요양보호사 구인중입니다. 본 직무에서는 통합병동 환자들을 위해 다양한 돌봄을 제공하여 그들의 편안하고 안전한 치료 환경을 구성하는 데 기여합니다. [주요업무] - 환자 식사 준비 및 급여 - 환자 배변 관리 및 운동 활동 보조 - 환자 상황 심각성에 따라 응급 상황 대처 - 환자와의 소통 및 상담을 통한 심리적 안정 도움 - 병실 청소 및 환경 관리,요양보호사,-,학력무관,관계없음,월급 230만원 ~ 240만원,고용형태,"부산광역시 사상구 가야대로 326, 좋은삼성병원 (주례동)",5명,2026-09-08 21:05:10
https://www.jobkorea.co.kr/Recruit/GI_Read/5553738/Ext?siteCode=WN&sc=,890000,"* 도배풀을 비닐봉지로 묶는 단순 작업 (파트타임) - 주 3일 근무(월, 수, 금): 07:30 ~ 16:30 - 시급 11,000원 / 주휴수당 별도 지급, 점심제공",기타 제조 관련 단순 종사원,-,학력무관,관계없음,"시급 11,000원 이상",고용형태,"부산광역시 사상구 사상로 539, . (모라동)",1명,2026-09-08 21:05:11
https://www.jobkorea.co.kr/Recruit/GI_Read/5552911/Ext?siteCode=WN&sc=,027102,"회계사무실 기장 및 세무신고 업무를 담당할 직원을 모집합니다. 거래처 기장관리와 법인세*종합소득세 신고 등 세무업무 전반을 함께 수행할 성실하고 책임감 있는 분 지원바랍니다. [주요업무] 거래처 기장대리 및 장부관리 부가가치세 신고 원천세 신고 및 연말정산 업무 법인세 및 종합소득세 신고 복지혜택 - 간식 및 휴게실(안마의자, 최신 커피 머신) 제공 - 하반기 8월-11월 5시 퇴근 - 퇴직연금 가입. - 업무폰 지급. - 야근시 식사제공. - 명절 상여 있음. * 입사 후 수습기간 2개월 * 신입은 회사 내규에 의한 급여",회계 사무원(회계·세무 사무소),회계사무장,학력무관,신입,월급 220만원 이상,고용형태,"부산광역시 사상구 학감대로260번길 7, 2층 박상준세무회계사무소 (감전동, 청운빌딩)",1명,2026-09-08 21:05:11
https://www.jobkorea.co.kr/Recruit/GI_Read/5549970/Ext?siteCode=WN&sc=,813212,▶모집분야 * PIPE 및 레이저 철판절단기 조작업무 * 2교대 근무가능자 지원 * 토요일 격주근무 * 초보자 지원가능 (PIPE레이저 경력자 우대) * 경력자 급여협의가능 (경력증명서) ▶근무시간 / 주야 2교대 (월~금) 08:30~20:00 (1.5) / 20:00~08:30 (토요일) 08:30~12:30 (휴게 30분) / (조별 교대휴무) ▶휴게시간 -주간 10:00-10:15분 까지 (오전 휴게 시간) 12:30-13:30분 까지 (점심식사 시간 ) 15:00-15:15분 까지 (오후 휴게 시간) 17:30-18:00분 까지 (저녁 식사 시간) -야간 22:00-22:15분 까지 (오후휴게 시간) 00:00-01:00분 까지 (새벽식사 시간 ) 03:00-03:15분 까지 (새벽휴게 시간 ) 07:30-08:10분 까지 (아침식사 시간 ),레이저 절단원,레이저절단원,학력무관,관계없음,"시급 10,500원 이상",고용형태,"부산광역시 사상구 낙동대로 853, (주)유성정밀 (감전동)",5명,2026-09-08 21:05:11
https://www.jobkorea.co.kr/Recruit/GI_Read/5554040/Ext?siteCode=WN&sc=,415402,"(주)디비텍은 2008년에 설립된 인쇄회사로 매출액 20억원, 사원수 14명의 중소기업입니다. 부산시 금정구 회동동에 위치하고 있으며 점착라벨과 팩키지를 생산하고 있습니다. (주)디비텍과 함께할 편집 디자이너를 찾습니다. 1. 주요 담당업무 • 라벨 편집 디자인 : 거래처의 라벨 디자인 편집 • 라벨 주문 관리 : 거래처에서 들어오는 주문 관리(주문서, 이미지) • 상세페이지, SNS 관리 : 상세페이지와 SNS 이미지 제작 및 관리 • 제품 팩키지 디자인 2. 이런 분을 찾고 있어요 • 일러스트 능숙자(IBM) • 포토샵, 인디자인 : 기본적인 기능 사용 가능하시면 됩니다. • 엑셀 : 기본적인 기능 사용 가능하시면 됩니다. 3. 우대사항 • 일본어 : 필수사항은 아니며 일본어 가능하시면 우대합니다.",책·인쇄물·출판 디자이너,편집디자이너,고졸~대졸(4년),관계없음,"연봉 2,700만원 이상",고용형태,"부산광역시 금정구 동천로 19, 2층 (회동동)",2명,2026-09-08 21:05:12
https://www.jobkorea.co.kr/Recruit/GI_Read/5550322/Ext?siteCode=WN&sc=,890000,"* 물티슈 생산 및 적재, 운반 등 - 주 5일 근무/ 09:00 ~18:00 - 임금 : 시급 10,320원 - 전화연락 후 방문지원 바랍니다. ※ 실업급여 수급을 위한 지원은 자제해 주시기 바랍니다.",기타 제조 관련 단순 종사원,-,학력무관,관계없음,"시급 10,320원 이상",고용형태,부산광역시 강서구 제도로 1187-2 (강동동),2명,2026-09-08 21:05:12
https://www.jobkorea.co.kr/Recruit/GI_Read/5551355/Ext?siteCode=WN&sc=,890000,가림막휀스 제작 (파이프 접고 망끼우기) 밝고 건강하며 책임감 있으신분 ★운전필수★,기타 제조 관련 단순 종사원,권선공,학력무관,관계없음,"연봉 3,000만원 ~ 3,000만원",고용형태,부산광역시 사상구 가야대로11번길 73 (감전동),1명,2026-09-08 21:05:12
https://www.jobkorea.co.kr/Recruit/GI_Read/5551701/Ext?siteCode=WN&sc=,885900,"[직무소개] 우리 회사는 자동차 부품 및 산업 기계 부품의 임가공 처리, 열처리, 후처리 및 포장 업무를 수행하는 전문 기업입니다. 본 직무는 이러한 작업들을 담당합니다. [주요업무] - 자동차 부품 및 산업 기계 부품의 임가공 처리 - 열처리, 후처리, 포장 작업 - 공장 내 작업 차량 운행 - 작업 공간 정리 및 청소 - 안전 수칙 준수 및 작업 환경 유지",기타 기계 조작원,3D프린터조작원,학력무관,관계없음,"연봉 2,700만원 이상",고용형태,부산광역시 사하구 하신중앙로 116,2명,2026-09-08 21:05:13
https://www.jobkorea.co.kr/Recruit/GI_Read/5551844/Ext?siteCode=WN&sc=,883101,"[모집직무] 가정용 싱크대, 붙박이장등 재단 및 조립 및 설치원 [직무소개] 우리 회사는 싱크대 디자인과 제조에 전문화된 업체입니다. 신뢰할 수 있는 싱크대 설치 서비스를 제공하기 위해 싱크대 재단 및 조립 및 설치 전문가를 모집하고 있습니다. [주요업무] - 싱크대 합판 재단 -싱크대 조립 및 설치 - 설치 현장 준비 및 청소 - 시공 과정 중 발생하는 문제 해결 - 원활한 서비스 제공을 위한 협업 - 장비 및 도구 관리",가구 제조원,수작업가구제조원,학력무관,경력,월급 300만원 ~ 450만원,고용형태,"부산광역시 강서구 호계로125번길 6-1, 1층 (죽동동)",1명,2026-09-08 21:05:13
https://www.jobkorea.co.kr/Recruit/GI_Read/5551845/Ext?siteCode=WN&sc=,231101,[ DB코디네이터 1명 ] ․ 자원봉사 활동처(단체) 관리 ․ 자원봉사프로그램 운용 ․ 자원봉사 활동인증 관리 ․ 자원봉사 홍보 SNS 관리 및 운용 등 [공통] 기타 센터 업무 포함(2026년 업무분장 ),사회복지사(사회복지시설),"사회복지사(사회복지시설, 노인복지시설, 장애인복지시설 등)",학력무관,관계없음,월급 215만원 이상,고용형태,"부산광역시 사상구 백양대로700번길 140, 화랑관 B105호. 사상구자원봉사센터 (괘법동, 신라대학교)",1명,2026-09-08 21:05:13
https://www.jobkorea.co.kr/Recruit/GI_Read/5550695/Ext?siteCode=WN&sc=,531800,"1. 부산 반여동 다올요양원 조리원모집 2. 시간 : (A)06:00~18:00, (B)06:00~15:00, (C)휴무 근무스타일 : A→B→휴무→A→B 으로 스케줄근무 3. 조리가능자 및 단체급식 유경험자 4. 월급여 (세전) 260~270만원",단체급식 조리사,-,학력무관,경력,월급 260만원 ~ 270만원,고용형태,"부산광역시 해운대구 재반로 344, 다올요양원 지하2층 구내식당 (반여동)",1명,2026-09-08 21:05:13
https://www.jobkorea.co.kr/Recruit/GI_Read/5559961/Ext?siteCode=WN&sc=,561101,"* 모라동 우성 아파트 단지내 미화원 업무 - 근무시간 : 주 5일 월 09:00~16:00 화~금 09:00~15:00 휴게시간 12:00~13:00 - 시설물 청소 및 위생관리(신주 있음) - 임금: 월 1,444,800원 - 채용담당자 연락 후 지원바랍니다.","건물 청소원(공공건물,아파트,사무실,병원,상가,공장 등)",-,학력무관,관계없음,월급 144만원 ~ 144만원,고용형태,"부산광역시 사상구 백양대로 906, . (모라동, 우성아파트)",1명,2026-09-08 21:05:14
https://www.jobkorea.co.kr/Recruit/GI_Read/5551738/Ext?siteCode=WN&sc=,158102,소방시설 점검 및 유지관리 소방시설 법정점검 관리 소방안전관리 업무 소방 관련 서류 작성 및 관리 관계기관 대응 업무 (필수)자격증 : 소방시설관리사,소방시설·설비 시공 기술자,소방시설관리자,학력무관,경력,"연봉 5,000만원 이상",고용형태,"부산광역시 강서구 녹산산단262로60번길 22, (주)가온테크놀러지 (송정동)",1명,2026-09-08 21:05:14
https://www.jobkorea.co.kr/Recruit/GI_Read/5550873/Ext?siteCode=WN&sc=,231400,직업상담사 채용 본 사는 국내외 인력을 전문으로 알선하는 업체로 현재 외국인 인력을 중점적으로 알선하고 있습니다. 업무는 행정업무 전반을 담당합니다. 따라서 필수는 아니지만 영어가능자를 우대하고 있고 여행관련 업무 유경험자를 우대하고 있습니다.,직업 관련 상담사,직업상담사,학력무관,관계없음,"시급 10,320원 이상",고용형태,"부산광역시 동래구 시실로 20, 3층 (명륜동, 세명빌딩)",1명,2026-09-08 21:05:14
https://www.jobkorea.co.kr/Recruit/GI_Read/5551366/Ext?siteCode=WN&sc=,027102,-기장대리 및 세무조정 등 -프로그램 더존 위하고 사용 -연차 9일 휴가 13일 -근무일 : 2026년 8월부터 근무예정,회계 사무원(회계·세무 사무소),-,학력무관,경력,"연봉 3,000만원 ~ 3,000만원",고용형태,"부산광역시 사하구 낙동대로 389-1, 2층 한재섭세무회계사무소 (당리동)",1명,2026-09-08 21:05:15
https://www.jobkorea.co.kr/Recruit/GI_Read/5551735/Ext?siteCode=WN&sc=,026202,- 일반사무 업무 - 영업관리및지원 업무 - 경리업무(회계사무실넘기기전) - 거래명세서작성 등 기타 사무실 업무 등 성실히 근무해주실 분 지원바랍니다. (실업급여수령을 위한 임의지원X),영업 기획·관리·지원 사무원,영업기획사무원,학력무관,관계없음,"연봉 3,127만원 이상",고용형태,"부산광역시 사상구 낙동대로1384번길 21, 낙동대로 1384번길 23 (삼락동)",1명,2026-09-08 21:05:15
https://www.jobkorea.co.kr/Recruit/GI_Read/5551252/Ext?siteCode=WN&sc=,026202,"공작기계 OEM/UNIT 및 단품수주 관리 -견적작업 및 수주관리 -사급품관리 -생산계획 및 조립작명관리 -도면관리 -EPR관리(수주등록, 출고처리,납기관리)",영업 기획·관리·지원 사무원,-,학력무관,경력,"연봉 4,500만원 이상",고용형태,"부산광역시 강서구 미음국제4로 23, (미음동) (주)원진엠앤티 (미음동)",1명,2026-09-08 21:05:15
https://www.jobkorea.co.kr/Recruit/GI_Read/5549964/Ext?siteCode=WN&sc=,306400,"부산 소재 어린이·청소년 전문치과입니다. 소아치과 경력이 없어도 괜찮습니다. 신입 선생님도 환영합니다. 예전에 지원해주셨던 선생님도 다시 지원 가능합니다. 장기간 함께 즐겁게 일할 수 있는 치과위생사 선생님을 찾고 있습니다. ________________________________________ 💰 급여 월 급여 280만원 이상 (실수령 약 250만원 이상) • 수습기간 3개월 • 수습기간에도 정상 근무 시 급여 100% 지급 • 퇴직연금 별도 경력과 업무능력에 따라 급여협의 가능합니다. ________________________________________ ⏰ 근무시간 주 4.5일 근무 ( 평일 중 1일 full off + 1일 오전 off ) 주40시간 탄력근무제 (실제 근무시간 36.25시간) 평일 09:15 ~ 19:15 (점심시간 12:30 ~ 14:00) 토요일 09:00 ~ 14:30 (점심시간 없음) ✔ 야간진료 없음 ✔ 공휴일 휴진 ✔ 법정연차 준수 ________________________________________ 🌿 이런 치과를 원하셨다면 잘 맞습니다 • 소아치과는 처음이라 걱정되는 분 • 신입이라 제대로 배우면서 시작하고 싶은 분 • 야간진료가 없는 치과를 찾는 분 • 주 4.5일 정도의 근무를 원하는 분 • 동료들과 편하게 오래 일하고 싶은 분 • 어린이들과 즐겁게 진료하는 것을 좋아하는 분 소아치과 경력 없어도 전혀 괜찮습니다. 처음부터 능숙할 필요 없습니다. 병원 시스템과 소아 환자 진료에 적응할 수 있도록 함께 알려드립니다. ________________________________________ 🎁 직원분들이 편하게 일할 수 있도록 준비했습니다 🏠 기숙사 개인 원룸 기숙사 제공 가능 🍚 식사 & 간식 식사 제공 + 푸짐한 간식 🎂 생일 & 명절 생일축하파티 + 생일축하금 + 명절비 🧹 청소어머니 상주 👩‍⚕‍ 근무환경 • 전체 직원용 보조스툴 • 개인 락커 • 유니폼 제공 🌙 야간진료 없음 📅 공휴일 휴진 🏖️ 법정연차 준수 💰 퇴직연금 별도 ________________________________________ 💕 이런 선생님을 기다립니다 경력보다 함께 잘 지낼 수 있는 분을 더 중요하게 생각합니다. 신입 선생님도 환영합니다. 소아치과 경험이 없어도 괜찮습니다. 아이들을 좋아하고, 동료를 배려하면서 즐겁게 일하고 싶은 분이라면 편하게 지원해주세요. ________________________________________ 📩 지원방법 이력서 (사진 포함, 희망연봉 기재) 치과위생사 면허증 사본 위 서류를 준비하여 지원해주세요. 궁금한 점이 있다면 편하게 문의 주세요.( 051-294-8828 ) “좋은 사람들과 오래 일할 수 있는 치과”를 함께 만들어가겠습니다. 🦷💕",치과위생사,치과위생사,학력무관,관계없음,월급 280만원 이상,고용형태,"부산광역시 사하구 사하로 200 (괴정동, 형지스퀘어)",2명,2026-09-08 21:05:15
https://www.jobkorea.co.kr/Recruit/GI_Read/5552151/Ext?siteCode=WN&sc=,905300,연근해 어부 고용 더보기,어업 관련 단순 종사원,-,학력무관,관계없음,월급 140만원 이상,고용형태,"부산광역시 영도구 아랫서발길 16, 502호",1명,2026-09-08 21:05:16
https://www.jobkorea.co.kr/Recruit/GI_Read/5551202/Ext?siteCode=WN&sc=,890003,"화화물질(실리콘에멀젼) 생산 보조업무,원료 포장작업 등 단순노무직",화학·환경·에너지 분야 단순 종사원,-,학력무관,관계없음,월급 226만원 이상,고용형태,"부산광역시 강서구 녹산산단165로14번길 11-10, 2층 (송정동)",1명,2026-09-08 21:05:16
https://www.jobkorea.co.kr/Recruit/GI_Read/5552129/Ext?siteCode=WN&sc=,852103,"[강서구 송정동]고무프레스 작업자 구인 -고무를 금형에 끼우고 프레스를 작동시켜 제품을 생산하는 작업 -신입가능 -주5일(월~금), 08시~17시(휴게1시간) -급여 2,600,000~2,640,000원 -녹산산업단지",고무 프레스기 조작원,-,학력무관,관계없음,월급 255만원 ~ 265만원,고용형태,"부산광역시 강서구 녹산산업중로167번길 16, 16-1 (송정동)",4명,2026-09-08 21:05:16
https://www.jobkorea.co.kr/Recruit/GI_Read/5550501/Ext?siteCode=WN&sc=,531804,안녕하세요 파머스푸드입니다. 지원자격 ■ 조리사 -조리사 : 조리사(1명) -근무시간 : 09:00~14:30분 / 주5일(월~금요일) -월급 : 170만원,사업체 구내식당 급식 조리사,-,학력무관,경력,월급 170만원 ~ 170만원,고용형태,부산광역시 강서구 송정동 녹산산단232로 38-26 (송정동),1명,2026-09-08 21:05:16
https://www.jobkorea.co.kr/Recruit/GI_Read/5550986/Ext?siteCode=WN&sc=,613201,"주식회사 해송무역에서 냉동수산물 영업사원 모집합니다. ㄴ냉동수산물 영업 및 영업관리 ㄴ신입 ~ 경력자 우대합니다. ㄴ나이, 학력 무관- 면접 후 고용 ㄴ급여 및 상여금- 면접 후 협의 가능 ㄴ운전면허증 필수. ㄴ4대보험 가입 필수. 채용 순 : 이력서 제출 -> 방문 면접-> 추후 연락-> 개인서류 제출 -> 고용시 개인 연락-> *장기근속원하며 생일,경조사 및 식대 지원 합니다..♡ *능력만큼 확실한 처후!!! *양심 있고 책임감 강하며 밝고 성실한분 우대 합니다, 직원을 대우해주며 쾌적하고 가족처럼 편안한 분위기 입니다.^^ 언제든 연락주세요~^^ **채용시 조기 마감될 수 있습니다**",식품·주류 영업원,유통업체식품영업원,학력무관,관계없음,"연봉 3,000만원 이상",고용형태,"부산광역시 서구 충무대로 234, 우양냉장주식회사 제2공장 (남부민동)",1명,2026-09-08 21:05:17
https://www.jobkorea.co.kr/Recruit/GI_Read/5550694/Ext?siteCode=WN&sc=,026501,"당사는 아웃소싱 전문업체입니다. 입퇴사자 서류 관리 및 4대보험 취득상실 업무, 기타 사무지원 업무 가능하신 분을 모십니다. 급여 외에 년 4회 회당 50만원의 상여금을 별도 지급합니다. (설, 여름휴가, 추석, 연말) 단 지급시점에 근무중이어야 합니다.",총무 및 일반 사무원,일반관리사무원,고졸~대졸(4년),경력,월급 240만원 이상,고용형태,"부산광역시 동구 중앙대로236번길 7-12, 630호 (초량동)",1명,2026-09-08 21:05:17
https://www.jobkorea.co.kr/Recruit/GI_Read/5550879/Ext?siteCode=WN&sc=,550102,"[ 수영구 광안동 ] 재가요양보호사 모집 ✔ 근무지 : 부산 수영구 광서로10번길 ✔ 대상자 : 4등급 84세 독거 여자 어르신 ✔ 근무시간 : 08:30~11:30/주3일(월,수,금)/ 요일협의가능 ✔ 케어내용 : 청소, 세탁, 환경정리도움, 장보기 등 가사지원 ✔ 시급 : 10,320원 (수당 등 포함 13,100원) * 실제 서비스 제공기간에 따라 임금을 계산하여 지급하는 형태로 채용 시 근로자마다 주 소정 근로자마다 주 소정근로시간이나 임금, 근무(예정)지 등에 차이가 있을 수 있음.",재가 요양보호사,-,학력무관,관계없음,"시급 10,320원 ~ 10,320원",고용형태,"부산광역시 수영구 광서로10번길 54, 인근 (광안동)",1명,2026-09-08 21:05:17
https://www.jobkorea.co.kr/Recruit/GI_Read/5551588/Ext?siteCode=WN&sc=,550100,"* 4등급(68세) 여자대상자 * 운전 가능자 * 소통 및 거동 부분 가능 * 주5일 * 09시~12시 * 기장군 기장읍 라우어 근무 * 문의: 051-912-8729 * 시급 13,000원 (주휴수당, 연차수당 별도 지급) * 실제 서비스 제공 기간에 따라 임금을 계산하여 지급하는 형태로, 채용 시 근로자 마다 주 소정 근로시간이나 임금, 근무(예정)지 등에 차이가 있을 수 있음",요양보호사,-,학력무관,관계없음,"시급 10,320원 이상",고용형태,"부산광역시 기장군 기장읍 동부산관광1로 60, 라우어라우ㄹ",1명,2026-09-08 21:05:18
https://www.jobkorea.co.kr/Recruit/GI_Read/5551609/Ext?siteCode=WN&sc=,550100,"-4등급 남자어르신 -근무지 : 부산시 해운대구 아랫반송로 59번길 -근무시간: 09:30-12:30 (3시간) / 주5일 -집안청소 및 정리정돈, 정서지원, 식사도움, 약복용도움, 병원동행 -기본시급(10,320)+기타수당=13,300원 -담당자:055-375-7502/ 010-5603-5059",요양보호사,-,학력무관,관계없음,"시급 10,320원 ~ 13,300원",고용형태,"부산광역시 해운대구 아랫반송로59번길 24-19, 인근주택 (반송동, 삼성빌라)",1명,2026-09-08 21:05:18
https://www.jobkorea.co.kr/Recruit/GI_Read/5551279/Ext?siteCode=WN&sc=,232100,해맑은어린이집과 함께 할 영아반(만0세) 담임선생님을 모십니다. 영아반 담당 하실 거라 활기차고 밝게 상호작용해주실 수 있는 선생님이였으면 좋겠습니다. 월급이외 매월 담임교사수당/ 처우개선비 지급됩니다.,보육교사,어린이집교사,학력무관,경력,월급 215만원 이상,고용형태,"부산광역시 금정구 금단로 113-13, 해맑은어린이집 (남산동)",1명,2026-09-08 21:05:18
https://www.jobkorea.co.kr/Recruit/GI_Read/5550439/Ext?siteCode=WN&sc=,550102,"[거제동 약산하이빌] -대상자: 할아버지, 44년생,4등급 -거동가능 -일반적인 가사지원, 식사준비 등 -주5일 월~금 -09:00~12:00 연락처 051-519-1801/ 010-4566-1801",재가 요양보호사,-,학력무관,관계없음,"시급 10,320원 ~ 13,000원",고용형태,"부산광역시 연제구 화지로52번길 8, 1 (거제동, 약산하이빌)",1명,2026-09-08 21:05:19
https://www.jobkorea.co.kr/Recruit/GI_Read/5551523/Ext?siteCode=WN&sc=,813209,"*동해강업(주) -- 생산직 (금속판 제품 가공), 초보가능 -- 시급10,030원 -- 주5일, 8시15분~18시 -- 접수방법: 방문, 고용24, 이메일 ( dhku8123@naver.com )-이력서,자기소개서",금속절곡기 조작원(밴딩기 조작원),밴딩기조작원,학력무관,신입,"시급 10,320원 ~ 10,320원",고용형태,"부산광역시 기장군 정관읍 산단4로 59 0, 동해강업(주)",1명,2026-09-08 21:05:19
https://www.jobkorea.co.kr/Recruit/GI_Read/5584390/Ext?siteCode=WN&sc=,824107,"선박 수배전반 용접후 사상하실분, 경력자 우대 모집 합니다. 기존 직원외 추가 모집입니다.",용접 사상원 및 보조원,-,학력무관,경력,"시급 10,320원 이상",고용형태,"부산광역시 강서구 녹산산단27로 43, 두아 (송정동)",1명,2026-09-08 21:05:19
https://www.jobkorea.co.kr/Recruit/GI_Read/5551057/Ext?siteCode=WN&sc=,824102,전기 판넬 용접 기본적인 도면 해독 가능자,"전기용접원(아크,알곤,티그용접원)",전기용접원,학력무관,경력,월급 320만원 ~ 400만원,고용형태,"부산광역시 강서구 미음산단로37번길 9, 3BAY 지재테크 (구랑동)",1명,2026-09-08 21:05:19
https://www.jobkorea.co.kr/Recruit/GI_Read/5547068/Ext?siteCode=WN&sc=,813101,프레스 생산 지게차운전가능하신분 연락주시기바랍니다 . (임금 협의가능) 금형셋팅 가능하신분 우대 60세이상도 모집중이니 연락바랍니다 .,프레스 금형 제조원,프레스금형제조원,학력무관,경력,"연봉 3,000만원 ~ 3,400만원",고용형태,"부산광역시 기장군 정관읍 용수공단1길 23, 대기산업사",1명,2026-09-08 21:05:20
https://www.jobkorea.co.kr/Recruit/GI_Read/5548140/Ext?siteCode=WN&sc=,550102,"(초량동) 재가요양보호사 모집 - 3등급 부부 여성 어르신 - 전포동LH거주 - 09시~12시(주5일) - 거동불편, 우울증, 관절염 - 신체활동지원, 정서지원, 가사활동지원, 일상생활지원, 산책도움 등 - 시급 13,000원(시급 10,320원 + 주휴 등 제수당포함) *문의사항은 채용 담당자에게 문의 주세요. 다만, 실제 서비스 제공기간에 따라 임금을 계산하여 지급하는 형태로 채용 시 근로자마다 주 소정근로시간이나 임금, 근무(예정)지 등에 차이가 있을 수 있습니다.",재가 요양보호사,재가노인요양사,학력무관,관계없음,"시급 10,320원 ~ 10,320원",고용형태,"부산광역시 부산진구 중앙대로 862, 101동 (전포동, 전포엘에이치)",1명,2026-09-08 21:05:20
https://www.jobkorea.co.kr/Recruit/GI_Read/5548623/Ext?siteCode=WN&sc=,304000,"[영도 동삼동] 참편한요양병원 간호사&간호조무사 채용 -근무장소 : 영도구 동삼서로21 참편한요양병원 -근무시간 : 주 40시간 (3교대 근무) 데이 06:30~15:30 이브닝 14:30~23:30 나이트 22:30~07:30 (일 8시간 근무/휴게시간 1시간) -채용인원 : 간호사 1명/간호조무사 2~3명 -급여 : 간호사 2,700,000원 (신입 초봉 기준/경력에 따라 협의) 간호조무사는 병원규정에 따름 공휴일 근무시 1.5일 대체휴일 적용 야간근무시 수당별도 지급 **기타 자세한 문의는 051-403-9971(참편한요양병원)로 연락바랍니다**",간호사,-,학력무관,관계없음,월급 270만원 ~ 270만원,고용형태,부산광역시 영도구 동삼서로 21 (동삼동),3명,2026-09-08 21:05:20
https://www.jobkorea.co.kr/Recruit/GI_Read/5550692/Ext?siteCode=WN&sc=,612201,"** 모집인원 1. 해외무역부 해외영업 1명 2. 해외무역부 국내 및 해외영업 1명 경력자 우대, 성별무관 (직원들간 서로 존중하고 배려하는 따뜻한 회사 분위기 속에서 일할 수 있습니다. ^^) <급여조건> 1. 월급여 5,000,000원 (연봉 6,000만원) 근무시간 : 07시 30분 ~ 16시 30분까지, 주5일 근무 점심시간 : 12시 ~ 13시까지 4대보험, 퇴직금, 식대제공, 월차.연차 사용가능",해외 영업원(영어),영어수출입영업원,학력무관,경력,"연봉 6,000만원 이상",고용형태,부산광역시 서구 충무대로 166-41 (남부민동),2명,2026-09-08 21:05:21
https://www.jobkorea.co.kr/Recruit/GI_Read/5549071/Ext?siteCode=WN&sc=,550102,"■ 근무지 기장군 무곡 1길 ■ 어르신 상태 75세 / 여자어르신/2등급 ■ 근무 조건 근무 요일: 월-금 월 3회 추가 근무 가능합니다. 근무 시간: 08:30-12:30 업무 내용: (식사 준비, 정리 정돈, 이동 도움 등) 급여: 시급 13,000원 ■ 지원 방법 전화 연락 부탁드립니다.",재가 요양보호사,재가요양보호사,학력무관,관계없음,"시급 13,000원 ~ 13,000원",고용형태,부산광역시 기장군 무곡1길 3,1명,2026-09-08 21:05:21
https://www.jobkorea.co.kr/Recruit/GI_Read/5549513/Ext?siteCode=WN&sc=,612107,"[모집직무] 제품 판매, 영업 관리, 의료기기 영업, 제약 영업, 고객 관리 [직무소개] 우리 회사는 제약 및 의료기기 분야에서 뛰어난 성과를 거두고 있는 기업입니다. 이 직무는 다양한 제품을 판매하고 의료기기 및 소모품 영업을 책임지며, 고객과의 긴밀한 관계를 구축하는 역할입니다. [주요업무] - 제약 및 의료기기 제품 판매 - 새로운 고객 확보 및 기존 고객 관리 - 영업 계획 수립 및 실행 - 마케팅 및 프로모션 활동 진행 - 시장 동향 분석 및 경쟁사 연구",의약품 영업원(제약 영업원),약국의약품영업원,학력무관,신입,월급 300만원 ~ 400만원,고용형태,"부산광역시 동구 중앙대로 540, 보림빌딩 4층 (범일동)",1명,2026-09-08 21:05:21
https://www.jobkorea.co.kr/Recruit/GI_Read/5548460/Ext?siteCode=WN&sc=,158400,건설 안전 관리 서류 업무 캐드 가능자 전기공사업 안전 관리 업무,산업안전 및 산업위험 관리 기술자,-,학력무관,관계없음,"연봉 2,900만원 이상",고용형태,부산광역시 강서구 미음산단6로 33 (미음동),1명,2026-09-08 21:05:22
https://www.jobkorea.co.kr/Recruit/GI_Read/5548799/Ext?siteCode=WN&sc=,027102,"1. 담당업무 거래처 장부 작성 및 결산업무 각종 세무신고 업무 (원천세, 부가세, 법인세, 소득세 등) 2. 자격요건 전산 회계 1급 , 전산 세무 2급 소지자 우대 경력자 우대 3. 근무조건 주 5일 근무 ( 9시 ~ 18시 )",회계 사무원(회계·세무 사무소),회계사무원(회계사무소),학력무관,경력,월급 220만원 ~ 220만원,고용형태,"부산광역시 수영구 수영로 544, 가동 201호",1명,2026-09-08 21:05:22
https://www.jobkorea.co.kr/Recruit/GI_Read/5548429/Ext?siteCode=WN&sc=,016900,"철거공사(비계구조물해체공사업) 현장관리 현장대리인 업무 수행 및 공사 전반 관리 작업계획서, 작업일보, 각종 공사관련 서류 작성 및 관리 기성청구, 실행예산 및 원가관리 장비, 인력관리 발주처 및 원청사 대응 및 회의참석 공사일정 관리 및 준공서류 작성 본사와 현장 간 업무 협의 및 보고 산업안전보건 관련 법규 준수 및 안전관리",기타 건설·전기 및 생산 관련 관리자,-,고졸~대졸(4년),경력,월급 350만원 ~ 400만원,고용형태,"부산광역시 해운대구 송정1로8번길 37, (송정동) (송정동)",1명,2026-09-08 21:05:22
https://www.jobkorea.co.kr/Recruit/GI_Read/5549365/Ext?siteCode=WN&sc=,890000,* 축산물(양고기)회사 포장업무 및 절단업무(골절기 기사) 하실분 모십니다. 근무시간 07:00~16:00 (하루8시간근무) 골절기 사용경력있는분 우대합니다. 주업무는 단순 포장업무입니다.,기타 제조 관련 단순 종사원,-,학력무관,경력,월급 240만원 ~ 240만원,고용형태,"부산광역시 강서구 낙동북로138번길 65, 65 (강동동)",1명,2026-09-08 21:05:22
https://www.jobkorea.co.kr/Recruit/GI_Read/5548959/Ext?siteCode=WN&sc=,890000,필름 코팅 생산 - UV임프린팅 제품 생산 - 필름생산 및 제품 검사,기타 제조 관련 단순 종사원,권선공,학력무관,신입,"시급 10,320원 ~ 10,320원",고용형태,"부산광역시 사하구 을숙도대로569번길 6, 한일산업 (신평동)",2명,2026-09-08 21:05:23
https://www.jobkorea.co.kr/Recruit/GI_Read/5548643/Ext?siteCode=WN&sc=,532302,[주식회사 맘푸드] -금정요양원 조리원 채용 -금정구 청룡동 범어사 입구 인근 -업무내용 : 조리 및 조리보조 등 조리실 전반적인 업무 -업무시간 : 6:30 ~18:00 (휴게시간 13시 ~15시) -스케줄 근무 / 월8회 휴무 -임금 : 월260만원 -문의 : 010-9498-2619,단체 급식 보조원,단체급식보조원,학력무관,경력,월급 260만원 ~ 260만원,고용형태,부산광역시 금정구 청룡예전로43번길 25 (청룡동),1명,2026-09-08 21:05:23
https://www.jobkorea.co.kr/Recruit/GI_Read/5547044/Ext?siteCode=WN&sc=,852401,"플라스틱작업,스티커작업,분쇄, 단순제조업입니다 가족처럼 근무하실분 모집합니다",고무제품 조립원 및 검사원,-,학력무관,신입,월급 220만원 이상,고용형태,부산광역시 강서구 금호순서길282번나길 79 (대저2동),1명,2026-09-08 21:05:23
https://www.jobkorea.co.kr/Recruit/GI_Read/5547181/Ext?siteCode=WN&sc=,531200,"[구서동] 단골병원에서 함께 하실 조리사분을 구합니다. - 직무내용 : 조리 및 배식 - 자격사항 : 조리사 자격증 우대 - 근무시간: 05:30 ~ 14:30 (휴게시간1시간 1:30~2:30) - 임 금 : 월2,152,457원 - 제출서류 : 이력서 - 제출방법 : 방문 (사전 전화 통화 후) - 채용담당자 : 010-2428-2227",한식 조리사,-,학력무관,관계없음,월급 215만원 이상,고용형태,부산광역시 금정구 중앙대로 1829 (구서동),1명,2026-09-08 21:05:24
https://www.jobkorea.co.kr/Recruit/GI_Read/5547193/Ext?siteCode=WN&sc=,028500,관이음쇠 피팅 제조업체입니다. 경력자 우대 / 급여는 면접후 결정,생산 및 품질관리 사무원,-,대졸(2~3년)~대졸(4년),관계없음,"연봉 3,550만원 ~ 3,550만원",고용형태,부산광역시 강서구 녹산산단362로 29 (송정동),1명,2026-09-08 21:05:24
https://www.jobkorea.co.kr/Recruit/GI_Read/5547017/Ext?siteCode=WN&sc=,307500,"<삼육부산병원 간호조무사 모집> * 근무: 3교대(07:00~15:00/14:00~22:00/22:00~07:00) * 급여: (경력에 따른 임금협의), (수당 별도지급) 월급 219만원 이상 ~ * 업무내용: 병동 환자의 일상생활을 위한 업무보조 등 * 필수: 간호조무사 자격증 * 복지: 면접 시 상세안내 * 입사지원서류: 이력서(면접 시 자격증 사본 지참) * 입사지원방법: 고용24, 이메일(busanjobshr@korea.kr) * 문의전화: 부산광역새일센터 취업상담사 051-665-4340",간호조무사,-,고졸~대졸(4년),관계없음,월급 219만원 이상,고용형태,"부산광역시 서구 대티로 170, 삼육부산병원 (서대신동2가)",1명,2026-09-08 21:05:24
https://www.jobkorea.co.kr/Recruit/GI_Read/5549630/Ext?siteCode=WN&sc=,824102,"방산 제품 제작 업체로 알곤 및 CO2 가능하며 , 기본 도면 해독 가능하셔야 합니다. 일의 특성상 커팅 및 사상 병행합니다.","전기용접원(아크,알곤,티그용접원)",-,학력무관,관계없음,월급 350만원 ~ 400만원,고용형태,"부산광역시 강서구 미음산단로37번길 9, 3BAY (구랑동)",2명,2026-09-08 21:05:24
https://www.jobkorea.co.kr/Recruit/GI_Read/5547649/Ext?siteCode=WN&sc=,027203,"건축 관련 학과 졸업 및 관련 자격증 소지자로, 경영지원 일반사무와 공공입찰 업무를 수행",경리 사무원(건설),건설업장부정리원,학력무관,관계없음,월급 250만원 ~ 270만원,고용형태,"부산광역시 수영구 수영로642번길 85 (광안동, 에스지원빌딩)",1명,2026-09-08 21:05:24
https://www.jobkorea.co.kr/Recruit/GI_Read/5548061/Ext?siteCode=WN&sc=,904100,근해안 김양식장 김채취 작업 및 어선관리,양식원,김양식원,학력무관,관계없음,"시급 10,320원 ~ 10,320원",고용형태,부산광역시 강서구 영강길17번길 71-13 (명지동),1명,2026-09-08 21:05:25
https://www.jobkorea.co.kr/Recruit/GI_Read/5548510/Ext?siteCode=WN&sc=,231100,"- 요양보호사 관리 및 행정업무 - 근무시간 : 09:00 ~ 18:00 - 사회복지사 자격증2급 이상 필수, 경력 3년이상 필수 - 급여 : 250만원 이상 (협의가능) ** 채용담당자: 010-2194-9772",사회복지사,-,학력무관,경력,월급 250만원 이상,고용형태,부산광역시 수영구 장대골로19번길 51 (광안동),2명,2026-09-08 21:05:25
https://www.jobkorea.co.kr/Recruit/GI_Read/5547043/Ext?siteCode=WN&sc=,232902,"꿈CUM 공동생활가정 생활지도원 채용공고 생활지도원 신규 채용 계획을 다음과 같이 공고 하오니 많은 관심과 응시 바랍니다. 1.채용분야 및 인원 1)채용분야:생활지도원(보육사) 2)채용인원: 1명 3)담당직무 가.아동(여아)생활 전반지도 및 건강관리 나.아동의 양육과 생활교육 지도 다.아동의 학교생활 및 학습지도 라.아동 프로그램 계획과 지도 마.아동의 양육과 지도에 관련된 행정업무 바.기타 양육 관련 전반 업무 사.아동 자립활동 지도 2.자격요건 1)연령,학력,성별 및 경력제한 없음(정년 만60세) 2)사회복지법에 따른 사회복지사2급 이상의 자격이 있는 자 3)다음의 결격 사유에 해당하지 않는 자 ①사회복지사업법에 따라 사회복지시설 종사자 결격사유에 해당되지 않는 자(법 제35조의？2제2항) ②범죄 및 성폭력범죄 조회 시 결격 사유가 없는 자 4)기타 결격 사유가 없는 자 5)우대사항. -아동복지 야간 근무 가능자 -컴퓨터 활용능력 우수자 3.채용 형태 및 급여 기준 1)근무 형태:교대근무( 주 3일 근무/숙박 ) -근무시간 평일 2일(14:00~익일09:00) 토요일(09:00~22:00) 일요일(09:00~익일09:00) -화요일, 목요일, 토요일 / 수요일, 금요일, 일요일(2주 근무 요일) 2)채용 형태:정규직 3)급여 기준:부산시 공동생활가정 종사자 인건비 기준(호봉제) 4.응시원서 교부 및 접수 1)접수기간: 2026. 08. 01.(토)~2026. 채용시까지 2)서류심사:합격자에게만 개별통보 3)접수방법:전자우편(cum1215@naver.com) 5.제출서류(필수) 1)이력서1부 2)자기소개서1부 3)관련 자격증 사본 6.기타사항 1)제출된 서류는 합격자 결정 후 파기하며, 제출된 서류에 허위가 있는 것으로 판명될 경우에는 합격이 취소될 수 있습니다. 2)채용 예정 직위에 대하여 적격자가 없을 경우 채용하지",아동 생활지도원,아동생활지도원,학력무관,관계없음,월급 228만원 ~ 253만원,고용형태,부산광역시 수영구 수미로86번길 30-2 (수영동),1명,2026-09-08 21:05:26
https://www.jobkorea.co.kr/Recruit/GI_Read/5547177/Ext?siteCode=WN&sc=,862301,"미싱사 구합니다. (경력자) 특종 오바, 인타 그 외 본봉을 잘 하시는 분 일년 내내 연간 오더가 많으므로 관심 있으신 분 환영 (바쁘지는 않으나 일년 내내 일거리 많음)",재봉사(의류·직물),미싱사,학력무관,경력,월급 215만원 이상,고용형태,"부산광역시 금정구 회천로26번길 19, 전층 (회동동)",1명,2026-09-08 21:05:26
https://www.jobkorea.co.kr/Recruit/GI_Read/5548044/Ext?siteCode=WN&sc=,813201,"반도체피팅 부품 CNC 선반 작업 ※ 상세 근무시간 월,화,수,목,금 - 주간 : 08시 30분 ~ 19시30분 수 - 주간 : 08시30분 ~ 17시30분 쉬는시간 : 오전 10시 ~ 오전 10시20분 오후 3시 ~ 오후 3시 20분 작업복, 작업화 지급 중식, 간식제공 기숙사 제공 안됩니다 이점을 꼭 참고 하시어 지원 부탁드립니다.",CNC 선반 조작원(NC 선반 조작원),CNC터닝선반조작원,학력무관,신입,"시급 10,320원 이상",고용형태,부산광역시 강서구 범방2로 54 (범방동),6명,2026-09-08 21:05:27
https://www.jobkorea.co.kr/Recruit/GI_Read/5547067/Ext?siteCode=WN&sc=,159101,[필수사항] ▶ CAD 프로그램 가능자 [우대사항] ▶ 전산응용건축제도기능사 ▶ 전산응용기계제도기능사 ▶ EXCEL 사용 및 문서 작성 가능자 ▶ 운전가능자 [직무내용] ▶ 간단한 CAD설계(회사자체 교육실시) ▶ 간단한 서류작성(회사자체 교육실시) 등,건축 제도사(캐드원),건축제도기능사,학력무관,관계없음,월급 225만원 ~ 350만원,고용형태,"부산광역시 금정구 삼어로 219, 1층 (금사동)",2명,2026-09-08 21:05:27
https://www.jobkorea.co.kr/Recruit/GI_Read/5547653/Ext?siteCode=WN&sc=,550102,"4등급, 86세 여자어르신 시간 :오전 09:00~12:00(월 수 금 ,주3회) 포괄시급: 13,000원(주휴수당, 연차수당포함) 업무: 신체활동 및 일상생활지원 주소: 부산시 동래구 충렬대로 182번 나길14-4 101호",재가 요양보호사,재가요양보호사,학력무관,관계없음,"시급 10,320원 이상",고용형태,"부산광역시 동래구 충렬대로182번나길 14-4, 101호 (명륜동)",1명,2026-09-08 21:05:28
https://www.jobkorea.co.kr/Recruit/GI_Read/5549578/Ext?siteCode=WN&sc=,902400,"* 필수확인 * 주 업무는 발골육(단순가공)입니다 평균 2~3회정도 배송 있으니 1종면허 소지자만 지원 부탁드리겠습니다. 업무비율 가공8 : 배송2 [모집직무] 정육 가공원/배송원 [직무소개] 저희 회사는 신선하고 안전한 닭고기를 생산하여 소비자에게 전달하는 데 힘쓰고 있습니다. 본 직무는 닭 가공 과정에 참여하고, 품질 관리를 철저히 하여 최상의 제품을 만들어냅니다. 또한, 배송 과정에서 효율성을 높여 소비자에게 신속하게 상품을 전달하는 역할도 담당합니다. [주요업무] - 닭 가공 - 가공품 포장 - 완제품 배송",가금 사육원,-,학력무관,관계없음,월급 200만원 ~ 230만원,고용형태,"부산광역시 동래구 시실로107번길 31, 2층 (명장동)",1명,2026-09-08 21:05:28
https://www.jobkorea.co.kr/Recruit/GI_Read/5549353/Ext?siteCode=WN&sc=,872102,"(주)정인푸드는 부산 사상구 삼락동에 있는 HACCP인증 축산물 유통 및 가공전문 기업으로서 포장육 생산 업무를 담당할 직원을 모집합니다. 직무내용 : 단순 세절 및 포장 근무시간 : 07:30~16:30 / 주 5일근무, 공휴일 휴무(월 1회 토요일 07:30~11:30 근무 있음) 교용형태 : 계약직(3개월) 계약기간 만료 후 정규직 전환검토 급 여 : 연봉 30,000,000원~33,000,000원(협의 가능) 중식 제공 4대보험 포함",정육원,정육가공원,학력무관,관계없음,"연봉 3,000만원 ~ 3,300만원",고용형태,부산광역시 사상구 모라로6번길 57 (삼락동),1명,2026-09-08 21:05:28
https://www.jobkorea.co.kr/Recruit/GI_Read/5548844/Ext?siteCode=WN&sc=,231100,* 부곡동 소재 재가복지센터 사무보조원 모집 - 방문요양평가 받아보신분 - 문서작성및 평가준비 - 근무시간 :09:00~13:00 주5일 / 시간조율가능 - 컴퓨터 활용 가능자 (문서작성및 엑셀) - 담당자 : 051-516-1404,사회복지사,-,학력무관,경력,"시급 10,320원 ~ 10,320원",고용형태,부산광역시 금정구 기찰로 27-2 (부곡동),1명,2026-09-08 21:05:29
https://www.jobkorea.co.kr/Recruit/GI_Read/5548981/Ext?siteCode=WN&sc=,550102,61세 5등급 여자 돌보아줄 참신한 요양사를 구합니다. 9등급 경 치매이고 오후에 돌봐 줄 사람이 필요합니다. 산책 동행 및 운동 간단한 식사 요리 가 필요합니다.,재가 요양보호사,-,학력무관,관계없음,"시급 13,000원 ~ 13,000원",고용형태,"부산광역시 수영구 망미배산로36번길 3, 4층 (망미동, 신화빌라)",1명,2026-09-08 21:05:29
https://www.jobkorea.co.kr/Recruit/GI_Read/5572488/Ext?siteCode=WN&sc=,026202,"PIPE, TUBE, PLATE 등 철강류 영업 및 관리 신입, 경력 관계없음 / 성별무관 운전가능자 수습 기간 3개월 희망연봉 기재 후 이력서 제출 요망",영업 기획·관리·지원 사무원,-,학력무관,관계없음,"연봉 3,000만원 ~ 6,000만원",고용형태,부산광역시 강서구 과학산단로333번길 77-67 (지사동),1명,2026-09-08 21:05:29
https://www.jobkorea.co.kr/Recruit/GI_Read/5546750/Ext?siteCode=WN&sc=,550102,"대상자 가정방문 하여 요양보호사가 서비스를 제공합니다. [요양지원 > 요양보호제도] 관련법규 파악하기,장기요양서비스 이용지원 돕기,요양보호사 역할 준수하기 서비스대상자 :43년생 (여) 4등급 근무시간: 주3일(월,수,금) 오전9시00분에서 오전12시00분",재가 요양보호사,재가요양보호사,학력무관,관계없음,"시급 10,320원 ~ 10,320원",고용형태,부산광역시 사상구 사상로309번길 25 (덕포동),1명,2026-09-08 21:05:29
https://www.jobkorea.co.kr/Recruit/GI_Read/5546755/Ext?siteCode=WN&sc=,813201,CNC선반 프로그램 가능하신 분 구합니다. 경력 3년이상이면 우대합니다.,CNC 선반 조작원(NC 선반 조작원),-,학력무관,경력,월급 350만원 ~ 400만원,고용형태,"부산광역시 사상구 사상로385번길 19, 1층 사무실 (덕포동)",1명,2026-09-08 21:05:30
https://www.jobkorea.co.kr/Recruit/GI_Read/5544893/Ext?siteCode=WN&sc=,026100,"바인플랜트(주)는 국내에서 미국 함정 및 다국적 특수선 정비 사업 분야에서 압도적인 실적을 보유한 군함 및 특수선 수리·유지 보수(MRO) 전문 기업입니다. 한-미 양국 간 전력 누수를 최소화 하기 위해 최적화된 수리 및 점검 솔루션을 제공하는 선도 기업으로서의 역할을 다하고 있습니다. 국내 기업 최초 미 해군 군수 지원함인 Wally Schirra함 정기 수리를 시작으로 Yukon, Charles Drew 연속 수주에 성공 하였고, 영국 및 캐나다의 다양한 함종 대응이 가능한 독보적인 사업 관리 및 기술력을 입증 하였습니다. 미 해군을 비롯한 해외 비즈니스를 지원하는 업무 특성 상, 다양한 이해 관계자와의 협업이 필수적이며 정확한 업무 처리와 책임감, 조직 간 원활한 소통 능력이 무엇보다 중요합니다. 이러한 기본 역량을 바탕으로 글로벌 프로젝트를 함께 안정적으로 이끌어갈 분을 기다리고 있습니다. 책임감과 소통 의지, 그리고 배움에 대해 열정있는 분이라면 누구든 지원 가능합니다. 실무를 통해 충분히 성장할 수 있도록 지원하겠습니다. 해외 사업, 선박•방산 MRO, 프로젝트 관리 등 글로벌 비즈니스에 관심이 있다면 신입• 경력에 관계없이 바인플랜트에서 새로운 도전과 성장을 경험해보시기 바랍니다. 모집 분야 : 프로젝트 기획 및 수행 - 프로젝트 기획 및 수행 - 행정 및 문서 관리 - 국내외 기업 및 유관 기관 커뮤니케이션 - 내부 협업 및 운영 지원 업무",경영 기획 사무원,-,학력무관,관계없음,월급 250만원 이상,고용형태,"부산광역시 강서구 명지국제2로28번길 34, 9층 912호(명지동, 에코팰리스) (명지동)",2명,2026-09-08 21:05:30
https://www.jobkorea.co.kr/Recruit/GI_Read/5572441/Ext?siteCode=WN&sc=,511401,"[하루최대 2키로 이상 감량의 결과를 보여드리는 ""터치벨라"" 센텀점] 테라피스트 & 고객응대 직원 채용공고 동안케어·체온다이어트·건강뷰티 솔루션을 제공하는 터치벨라에서 고객과 소통하며 함께 성장할 따뜻한 마음의 테라피스트를 모십니다. 하루최대 2키로이상 감량 프로그램으로 전문 다이어트센터 설립을 필두로 터치벨라의 최대의 키워드인 프리미엄 명품 미세전류마사지기 “터치셀” 과 온열기기 전용 크림을 직접 생산 판매하고 관리시 사용하고 있으며 드라마틱한 효과를 통해 국내ㆍ국외로 진출 및 급성장중인 Beauty&Health 기업입니다. [모집 분야] 뷰티 테라피스트 / 센터 고객 응대 (정규직 or 파트타임) --- [주요 업무] 방문 고객 응대 및 체험 상담 뷰티·건강기기(터치셀 등) 테라피 시연 및 관리 체온 다이어트, 동안 케어 프로그램 테라피케어 예약관리 및 간단한 센터 운영 업무 --- [자격 요건] 고객 응대에 자신 있고 밝은 에너지를 가진 분 뷰티 또는 헬스 관련 경력자 우대 초보자도 환영 (교육 제공) 꼼꼼하고 따뜻한 서비스 마인드를 가진 분 --- [근무 조건] 근무지: 부산 해운대구 센텀호텔 3층 터치벨라 센터 근무시간: 주 5일 / 토요일 격주 근무 가능자 우대 (협의 가능) 급여: 면접 후 협의 (기본급 + 인센티브) 주휴수당 포함 복지: 제품 직원혜택, 프로그램 체험 지원, 센터 할인 혜택, 자유로운 분위기, 개인라커, 유니폼 지급 --- [지원 방법] 이력서 이메일 접수: touchbella.ceo@gmail.com 제목: [테라피스트 지원_이름] 채용 마감: 채용 시까지 --- “사람을 따뜻하게 대하는 당신, 터치벨라에서 아름다운 변화를 함께 만들어가요.”",피부 및 체형 관리사(발관리사 포함),피부관리상담원,학력무관,관계없음,월급 215만원 ~ 250만원,고용형태,"부산광역시 해운대구 센텀3로 20, 310호, 311호 (우동, 센텀호텔)",1명,2026-09-08 21:05:30
https://www.jobkorea.co.kr/Recruit/GI_Read/5545270/Ext?siteCode=WN&sc=,550100,"[모집직무] 요양보호사, 요양보호사(노인요양사), 재가 요양보호사 [직무소개] 우리 회사는 어르신들의 삶의 질을 향상시키기 위해 노력하고 있습니다. 본 직무는 3등급 어르신을 위한 맞춤형 케어 서비스를 제공하는 중요한 역할을 담당합니다. [주요업무] - 3등급 어르신의 39년생 여자어르신 일상생활 지원 - 식사, 목욕, 이동 등의 욕구 충족 - 어르신과의 소통 및 정서적 안정 제공",요양보호사,-,학력무관,관계없음,"시급 10,320원 ~ 10,320원",고용형태,"부산광역시 연제구 마곡천로 9, 연산동 (연산동)",1명,2026-09-08 21:05:30
https://www.jobkorea.co.kr/Recruit/GI_Read/5549298/Ext?siteCode=WN&sc=,415500,[직무소개] 신규 제품 유튜브 소개 업로드 및 인스타그램 관리 등 전반적인 미디어 관련 업무를 총괄하는 콘텐츠 전문가를 모집하고 있습니다. [주요업무] - 신규 제품 유튜브 소개 영상 제작 및 업로드 - 인스타그램 콘텐츠 기획 및 운영 - SNS 홍보 및 이벤트 진행 - 미디어 관련 데이터 분석 및 콘텐츠 전략 수립,미디어 콘텐츠 디자이너,-,학력무관,경력,"연봉 3,000만원 ~ 4,000만원",고용형태,부산광역시 중구 중구로44번길 19-1 (신창동1가),1명,2026-09-08 21:05:30
https://www.jobkorea.co.kr/Recruit/GI_Read/5546131/Ext?siteCode=WN&sc=,890000,쇼트 및 도장작업 현장보조 직원구합니다.,기타 제조 관련 단순 종사원,-,학력무관,관계없음,"시급 11,000원 이상",고용형태,"부산광역시 사상구 하신번영로 477, 1층 (엄궁동)",1명,2026-09-08 21:05:31
https://www.jobkorea.co.kr/Recruit/GI_Read/5544889/Ext?siteCode=WN&sc=,824107,용접 보조 및 연마,용접 사상원 및 보조원,용접사상원,학력무관,신입,"시급 10,320원 ~ 10,320원",고용형태,"부산광역시 강서구 평강로434번가길 12, 부광금형 (대저1동)",2명,2026-09-08 21:05:31
https://www.jobkorea.co.kr/Recruit/GI_Read/5546617/Ext?siteCode=WN&sc=,231101,"[재송동] 주간보호센터 사회복지사 모집 ▷ 채용부분 - 사회복지사 ▷ 주요업무 - 주간보호센터 이용자 전반적인 관리 (일정, 프로그램 운영 및 서비스 제공) - 이용자 사례관리 및 상담 (신규상담 포함) - 급여 제공 계획서 관리 - 시설 관리 업무 - 송영 서비스 관리 - 그 외 장기요양기관 업무 전반 수행 ▷ 지원자격 - 사회복지사 자격증 소지사 - 토요일 근무 가능자 - 운전가능자 ▷ 복리후생 - 연월차 휴가(근로기준법 적용) - 4대보험 가입 - 퇴직금 지급 <제출 서류> -자격증 -이력서 -자기소개서 -근무지 : 해운대구 재반로 150, 재송동 보라스카이타운 302호 -접수방법 : 고용24, 이메일",사회복지사(사회복지시설),"사회복지사(사회복지시설, 노인복지시설, 장애인복지시설 등)",학력무관,관계없음,월급 217만원 이상,고용형태,"부산광역시 해운대구 재반로 150, 302호 (재송동, 보라스카이타운)",1명,2026-09-08 21:05:32
https://www.jobkorea.co.kr/Recruit/GI_Read/5546212/Ext?siteCode=WN&sc=,550100,"- 등급 외 여성(독거)/방문요양, 일상돌봄 (요양보호사 업무) - 서대신동 대신공원한신휴플러스 아파트 - 주2일(월,목)/오후 1:30~4:30(시간 협의 가능) - 시급: 14,250원 (제수당 등 포함) - 문의: 051-207-7611 * 실제 서비스 제공기간에 따라 임금을계산하여 지급하는 형태로 채용 시 근로자마다 주소정근로시간이나 임금, 근무(예정)지 등에 차이가 있을 수 있음.",요양보호사,-,학력무관,관계없음,"시급 10,320원 이상",고용형태,"부산광역시 서구 서대신동3가 보수대로 284, . (서대신동3가, 대신공원한신휴플러스)",1명,2026-09-08 21:05:32
https://www.jobkorea.co.kr/Recruit/GI_Read/5545678/Ext?siteCode=WN&sc=,550102,"3등급 83세 여자어르신 모실 요양보호사 구인합니다. 요일 : 주 2회 (월,목) 시간 : 17:00 - 18:30 (90분) 시급 : 13,500원 요양보호사 자격증 1년이내 건강검진 결과서 서류 필요 자세한 사항은 전화로 문의주세요! **051-924-5456",재가 요양보호사,재가요양보호사,학력무관,관계없음,"시급 13,500원 ~ 13,500원",고용형태,"부산광역시 금정구 금정로 195, 1층, 보담재가복지센터 (구서동)",1명,2026-09-08 21:05:32
https://www.jobkorea.co.kr/Recruit/GI_Read/5544891/Ext?siteCode=WN&sc=,706000,"당사는 안전시설물 시공업체로서 건설 현장의 직원을 모집합니다. - 안전망 설치, 해체 현장 업무 - 건설 현장 근무 경력자 우대 (경력 무관 지원 가능) - 사대보험 / 조식, 중식 제공 / 퇴직연금",건설 및 광업 단순 종사원,-,학력무관,관계없음,월급 380만원 ~ 380만원,고용형태,부산광역시 강서구 대저로29번길 44 (대저1동),2명,2026-09-08 21:05:33
https://www.jobkorea.co.kr/Recruit/GI_Read/5545089/Ext?siteCode=WN&sc=,306200,"-업무 : X-ray(Chest, Abdomen), BMD, Mammo 그외 검진관련 서류작업 및 정도관리서류 -근무시간 : 월~금 08:30-17:30 (점심시간 1시간 포함) / 토 08:30-12:30 (주44시간근무) 일요일, 공휴일, 대체공휴일 휴무 -근무형태 : 정규직 -연봉 : 면접 후 협상 - 중식제공 ( 연봉에 포함) / 유니폼지급 / 업무에 필요한 사무용품 지급 -위치 : 부산시 연제구 월드컵대로54 , 2층 김용태내과의원 - 면접은 오후 면접 (이력서 지참 후 방문 부탁드립니다.) - 경력자 우대 -근무시작일 : 2026년 8 월 1일~ ( 협의가능)",방사선사,방사선사,학력무관,경력,"연봉 3,800만원 ~ 4,000만원",고용형태,"부산광역시 연제구 월드컵대로 54, 2층 김용태내과의원 (연산동)",1명,2026-09-08 21:05:33
https://www.jobkorea.co.kr/Recruit/GI_Read/5546211/Ext?siteCode=WN&sc=,550100,"- 등급 외 남성(독거) / 방문요양, 일상돌봄 (요양보호사 업무) - 초장동 초장교회 인근 - 주3일/오전 9:00~12:00 (시간, 요일 협의) - 시급: 14,250원 (제수당 등 포함) - 문의: 051-207-7611 * 실제 서비스 제공기간에 따라 임금을계산하여 지급하는 형태로 채용 시 근로자마다 주소정근로시간이나 임금, 근무(예정)지 등에 차이가 있을 수 있음.",요양보호사,-,학력무관,관계없음,"시급 10,320원 이상",고용형태,"부산광역시 서구 초장로18번길 13, . (초장동)",1명,2026-09-08 21:05:33
https://www.jobkorea.co.kr/Recruit/GI_Read/5546306/Ext?siteCode=WN&sc=,307500,"진료실 어시스트 접수, 보험청구 경력자 우대",간호조무사,-,대졸(2~3년)~대졸(4년),관계없음,"연봉 3,000만원 ~ 3,500만원",고용형태,"부산광역시 서구 대영로 46, 샘치과의원 (서대신동1가)",1명,2026-09-08 21:05:34
https://www.jobkorea.co.kr/Recruit/GI_Read/5545883/Ext?siteCode=WN&sc=,306901,"1. 장애인 및 발달지연 대상자 음악재활서비스 제공 2. 서비스 제공관련 일지 등 작성 3. 이용료수납증 발행 4. 서비스 점검회의 참석 5. 서비스제공 후 보호자 상담 6. 발달재활서비스 및 마중물, 일반재활서비스 제공 7. 상황에 따라 주 15시간 이상 근무하기도 함",놀이·음악·미술·독서 등 치료사,-,학력무관,관계없음,월급 210만원 ~ 300만원,고용형태,"부산광역시 해운대구 선수촌로207번길 81 (반여동, 해운대구장애인복지관)",1명,2026-09-08 21:05:34
https://www.jobkorea.co.kr/Recruit/GI_Read/5546516/Ext?siteCode=WN&sc=,214405,지게차 / 굴삭기 국가 자격증반 강의(실기/필기) 3톤 미만 지게차 운전 강의 기업체 건설기계운전 안전 교육 강의,건설토목강사,건설장비운전(중장비운전)강사,학력무관,경력,월급 250만원 ~ 280만원,고용형태,부산광역시 사하구 구평동 두송로 194-3 (구평동),1명,2026-09-08 21:05:35
https://www.jobkorea.co.kr/Recruit/GI_Read/5545805/Ext?siteCode=WN&sc=,016300,(주)혁신금속 당사는 자동차 부품 제조 업체로서 프레스 현장관리 하실분 모집합니다. ---------------------------------------- <부산동부고용센터에서 서류접수대행중인 구인건입니다> *고용24로 입사지원하시기 바랍니다 *실업급여 및 국민취업지원제도 수급목적의 지원은 삼가해주시기 바랍니다.,제품 생산 관련 관리자,-,학력무관,경력,"연봉 4,500만원 이상",고용형태,"부산광역시 기장군 장안읍 명례산단4로 65-12, (주)혁신금속",1명,2026-09-08 21:05:36
https://www.jobkorea.co.kr/Recruit/GI_Read/5544763/Ext?siteCode=WN&sc=,822300,SUS사다리제작 TIG용접가능하신분,제관원,-,학력무관,경력,월급 300만원 이상,고용형태,"부산광역시 강서구 미음국제5로다길 3, 삼보테크 (미음동)",1명,2026-09-08 21:05:36
https://www.jobkorea.co.kr/Recruit/GI_Read/5544762/Ext?siteCode=WN&sc=,813202,"- 범용선반을 조작하여 금형부품 가공( 430 화천선반 ,400 / 1060 통일선반 )",범용 선반 조작원,-,학력무관,경력,월급 250만원 이상,고용형태,"부산광역시 사상구 삼락천로 148, 정진정밀 (덕포동)",1명,2026-09-08 21:05:38
https://www.jobkorea.co.kr/Recruit/GI_Read/5548345/Ext?siteCode=WN&sc=,153105,"수배전반 견적, 분전반 견적, 전기 견적",전기공사 기술자(전기견적 포함),-,학력무관,관계없음,"연봉 2,900만원 이상",고용형태,부산광역시 강서구 미음산단6로 33 (미음동),1명,2026-09-08 21:05:38
https://www.jobkorea.co.kr/Recruit/GI_Read/5543425/Ext?siteCode=WN&sc=,531803,"의)청십자의료재단 행복한요양병원 ▷ 모집직종 : 조리원 ▷ 모집인원 : 2명 (인근거주자 환영) ▷ 근무장소 : 부산광역시 부산진구 봉수로 18 (전포동, 4,5,6층) ▷ 근무내용 : 단체급식 조리보조 및 배식 ▷ 근무시간 : 06:00~18:00 (휴게시간-08:00~10:00, 13:30~15:30) ▷ 임금 : 월급 - 2,550,000원 ▷ 자격조건 : 무관 ▷ 제출서류 : 이력서, 자기소개서 ▷ 지원방법 : 직접방문 또는 전화 및 팩스 ※ 채용조건 및 세부일정은 사정에 따라 변경될 수 있습니다. ※ 문의 : 070-4609-0815 이정민 인사대리",병원 급식 조리사,병원급식조리사,학력무관,관계없음,월급 250만원 ~ 255만원,고용형태,"부산광역시 부산진구 봉수로 18 (전포동, 4,5,6층)",1명,2026-09-08 21:05:38
https://www.jobkorea.co.kr/Recruit/GI_Read/5543027/Ext?siteCode=WN&sc=,813202,자동차 주조설비 부품 범용선반가공작업,범용 선반 조작원,범용선반기능원,학력무관,경력,"시급 12,500원 ~ 13,000원",고용형태,부산광역시 사상구 학감대로178번길 67 (학장동),1명,2026-09-08 21:05:39
https://www.jobkorea.co.kr/Recruit/GI_Read/5544765/Ext?siteCode=WN&sc=,813210,"[모집직무] MCT 기계 운영, 가공 관리, 기계 정비, 생산 공정 관리 [직무소개] 우리 회사는 고품질의 금속 가공 제품을 생산하는 기업입니다. MCT 밀링 기능공은 가공 부품을 생산하는 중요한 역할을 수행합니다. [주요업무] - MCT 밀링 장비 운영 및 관리 - 가공 프로그램 작성 및 설정 - 기계 정비 및 유지보수",머시닝센터(MCT) 조작원,머시닝가공원,학력무관,경력,월급 400만원 ~ 500만원,고용형태,부산광역시 강서구 낙동북로126번길 37-13 (강동동),1명,2026-09-08 21:05:40
https://www.jobkorea.co.kr/Recruit/GI_Read/5543786/Ext?siteCode=WN&sc=,307500,"업무 : 병동 입원 환자 활력증후 측정 , 투약 및 주사 등 처치 직원간의 배려심을 가지고 환자에 대한 애정이 있는 간호 조무사님을 구합니다 3교대 가능한분",간호조무사,-,학력무관,경력,"연봉 2,590만원 이상",고용형태,"부산광역시 동래구 충렬대로 437, 안락동 요양병원 (안락동)",1명,2026-09-08 21:05:41
https://www.jobkorea.co.kr/Recruit/GI_Read/5543785/Ext?siteCode=WN&sc=,027102,세무회계 각종 업무 가능자 결산세무조정 및 부가세 신고 가능자 *경력에 따라 급여 차등 계약,회계 사무원(회계·세무 사무소),회계사무원(회계사무소),학력무관,경력,"연봉 4,000만원 이상",고용형태,"부산광역시 해운대구 센텀서로 30, 1405호 (우동, 케이엔엔타워)",1명,2026-09-08 21:05:41
https://www.jobkorea.co.kr/Recruit/GI_Read/5541449/Ext?siteCode=WN&sc=,890006,"어묵 생산라인에 배치(배합, 성형 등)",식품 분야 단순 종사원,통조림 생산보조원,학력무관,관계없음,"시급 10,320원 이상",고용형태,"부산광역시 사하구 다산로 277, 고래사어묵 (장림동)",5명,2026-09-08 21:05:41
https://www.jobkorea.co.kr/Recruit/GI_Read/5543764/Ext?siteCode=WN&sc=,232903,"일상돌봄서비스 재가돌봄·가사 서비스 제공인력 모집 - 월 36시간 - 근무장소 : 봉래 2동 시영아파트 일대 (중장년 남성) - 근무요일 : 월, 수, 금 - 근무시간 : 09:00 ~ 12:00 - 직무내용 : 일상생활지원 (말벗 등), 가사활동 (청소, 식사 준비 및 뒷정리, 빨래 등) - 시급 : 14,250원 (수당포함) - 기타 : 고용, 산재, 상해보험 가입, 퇴직연금 가입 ※ 계약일 ~ 26년 말일까지 계약, 매년 재계약 가능",장애인 생활지도원(장애인활동보조원 포함),장애인활동지원사,학력무관,관계없음,"시급 10,320원 ~ 10,320원",고용형태,"부산광역시 영도구 봉래길 134, 시영아파트 일대 (봉래동5가, 시영아파트)",1명,2026-09-08 21:05:41
https://www.jobkorea.co.kr/Recruit/GI_Read/5544611/Ext?siteCode=WN&sc=,890000,"당사는 낚시 집어제(밑밥, 미끼) 제조업체로서 성실하고 책임감있는 생산직 사원을 모집합니다. * 상여금 200% 1년 근무 후 적용",기타 제조 관련 단순 종사원,-,학력무관,관계없음,월급 236만원 이상,고용형태,"부산광역시 사하구 하신중앙로 148, 와조 (신평동)",1명,2026-09-08 21:05:41
https://www.jobkorea.co.kr/Recruit/GI_Read/5542569/Ext?siteCode=WN&sc=,027102,"하반기 주 4일 출근, 1년 내내 10시 출근 5시 30분 퇴근 등 시간적 여유 있는 사무소 일반적인 기장업무 (4대보험, 원천세 신고, 부가세 신고, 종소세 신고, 통장정리, 법인세 신고 등) 식대 제공 신고기간 주 5일제(신고 마무리 후 휴가 보장)",회계 사무원(회계·세무 사무소),회계사무원(회계사무소),학력무관,관계없음,월급 210만원 ~ 300만원,고용형태,부산광역시 동래구 아시아드대로247번길 9 (온천동),1명,2026-09-08 21:05:42
https://www.jobkorea.co.kr/Recruit/GI_Read/5542616/Ext?siteCode=WN&sc=,531804,직무내용 -제조업체 구내식당(식수인원 30명 미만) 점심식사 조리 및 준비 -식재료 및 반찬 관리 -식기 세척 및 정리 -주방 청소 및 위생관리 근무시간 -오전 08:00 ~ 오후 3:00 우대사항 -단체급식 또는 식당 근무 경력자 우대 -부산 강서구 및 인근 지역 거주자 우대 -위생관리에 철저하고 책임감 있게 장기 근무 가능하신 분,사업체 구내식당 급식 조리사,-,학력무관,관계없음,월급 200만원 ~ 200만원,고용형태,부산광역시 강서구 녹산산단381로86번길 35 (송정동),1명,2026-09-08 21:05:42
https://www.jobkorea.co.kr/Recruit/GI_Read/5542146/Ext?siteCode=WN&sc=,550100,"- 등급 외 남성 / 돌봄 방문요양 (요양보호사 업무) - 동삼동 동삼1지구 도개공 인근 - 주3일/오전 9시~12시(시간, 요일 협의 가능) - 시급: 14,250원 (제수당 등 포함) - 문의: 051-207-7611 * 실제 서비스 제공기간에 따라 임금을계산하여 지급하는 형태로 채용 시 근로자마다 주소정근로시간이나 임금, 근무(예정)지 등에 차이가 있을 수 있음.",요양보호사,-,학력무관,관계없음,"시급 10,320원 이상",고용형태,"부산광역시 영도구 함지로 35, . (동삼동, 동삼1지구도개공아파트)",1명,2026-09-08 21:05:42
https://www.jobkorea.co.kr/Recruit/GI_Read/5542147/Ext?siteCode=WN&sc=,550100,"- 등급 외 남성 / 일상 돌봄 방문 요양 (요양보호사 업무) - 주2일 (요일 협의)/오후 13:00~16:00( 오후 시간 협의 가능) - 서구 남부민초등학교 인근 - 시급: 14,250원 (제수당 등 포함) - 문의: 051-207-7611 * 실제 서비스 제공기간에 따라 임금을계산하여 지급하는 형태로 채용 시 근로자마다 주소정근로시간이나 임금, 근무(예정)지 등에 차이가 있을 수 있음.",요양보호사,-,학력무관,관계없음,"시급 10,320원 이상",고용형태,"부산광역시 서구 천마로 154-1, . (남부민동)",1명,2026-09-08 21:05:43
https://www.jobkorea.co.kr/Recruit/GI_Read/5542148/Ext?siteCode=WN&sc=,550100,"- 등급 외 남성 / 돌봄 방문요양 (요양보호사 업무) - 동삼동 동삼그린힐아파트 - 주3일/오전 9시~12시(시간, 요일 협의 가능) - 시급: 14,250원 (제수당 등 포함) - 문의: 051-207-7611 * 실제 서비스 제공기간에 따라 임금을계산하여 지급하는 형태로 채용 시 근로자마다 주소정근로시간이나 임금, 근무(예정)지 등에 차이가 있을 수 있음.",요양보호사,-,학력무관,관계없음,"시급 10,320원 이상",고용형태,"부산광역시 영도구 상리로 1, . (동삼동, 주공아파트, 동삼그린힐아파트)",1명,2026-09-08 21:05:43
https://www.jobkorea.co.kr/Recruit/GI_Read/5540853/Ext?siteCode=WN&sc=,890000,"- 모집직종 : 의료기기 제조(조립, 포장 외) - 직무내용 : 수술용 바늘 제조, 조립, 포장 외 - 주5일 (월~금) 근무 - 근무시간: 08:00~18:00(연장 1시간 포함, 휴게시간 12:30~13:30) - 고용24 지원, 또는 방문 가능 - 이력서 지원 후 면접을 원하시는 분은 업체 연락처 051)305-8016 전화주세요",기타 제조 관련 단순 종사원,-,학력무관,관계없음,"시급 10,320원 이상",고용형태,부산광역시 사상구 낙동대로1302번길 46 (삼락동),4명,2026-09-08 21:05:43
https://www.jobkorea.co.kr/Recruit/GI_Read/5542532/Ext?siteCode=WN&sc=,027205,★도약장려금 참여기업임.(직원6개월근무마다 120만원 정부지원(2년) 기장거래처 거래처 관리 거래처 직원 4대보험 신고 및 연말정산 보조금 / 지원금 신청 신고대리 업체 ★전산회계1급 & 전산세무2급 자격 소지자. ★세무사무실 근무 3년이상 우대,경리 사무원(회계·세무 사무소),세무기장원,대졸(2~3년)~대졸(4년),경력,월급 240만원 이상,고용형태,"부산광역시 동구 진성로 13, 세무법인 오름 부산지점 (수정동)",1명,2026-09-08 21:05:43
https://www.jobkorea.co.kr/Recruit/GI_Read/5542018/Ext?siteCode=WN&sc=,821200,"담당업무 자동 선반 CNC 복합기 (가공) - 설비관리 - 생산,가공 복합기 종류( 노무라,스타,TCM ) 주야 근무 가능자 우대 특근(주말)가능자 우대",금속가공 기계 조작원,-,학력무관,관계없음,"시급 10,320원 ~ 10,320원",고용형태,부산광역시 기장군 정관읍 산단5로 100-103,1명,2026-09-08 21:05:43
https://www.jobkorea.co.kr/Recruit/GI_Read/5541297/Ext?siteCode=WN&sc=,027103,"기장물산(주)은 대한민국 대표 해조류 전문회사로, 국내 최대의 기장 미역과 다시마 취급회사입니다. 기장물산(주) 경영지원팀에서 성실한 인재를 모집하오니, 많은 관심과 지원 부탁드립니다! 업무 내용 : -전반적인 총무 업무, 회계 업무 담당 및 세무 신고 업무 -sERP, 더존 프로그램을 사용하여 전표 입력, 부가세 신고 업무 -자금관리 업무, 회계 관련 서류 작성 및 관리 -문서 수발신 업무, 공문 관리 등등 필수 사항 : 더존 프로그램 사용자 우대 사항 : sERP 프로그램 사용자, 경력 2년차 주 5일 근무 (공휴일, 주말 휴무, 11주에 한 번 토요일 당직) ※ 토요일 당직시 09:00~14:00 (휴게시간 1시간 포함 근무) 근무시간 : 09:00~18:00 휴게시간 : 13:00~14:00 ※ 중식 미제공 복리후생 : -4대보험 가입 -퇴직연금 가입 -생일자 선물 지급 -근로자의 날 선물 지급 -명절 상여금 지급(1년 이상 근무자) -하계 휴가 부여(1년 이상 근무자) -사내 야유회(연 1회)",회계 사무원(일반 사업체),회계사무원(일반사업체),학력무관,경력,월급 250만원 이상,고용형태,부산광역시 기장군 일광읍 신평길 30-16,1명,2026-09-08 21:05:43
https://www.jobkorea.co.kr/Recruit/GI_Read/5541750/Ext?siteCode=WN&sc=,136101,"[모집직무] 사내 IT 인프라 및 전산/시스템 관리 담당자 [직무소개] 안정적인 사내 IT 인프라를 구축하여 임직원의 업무 효율을 높이는 역할을 담당합니다. 사내 유무선 네트워크 관리, 신규 입사자 PC 세팅, 그룹웨어 계정 운영 등 사내 전산망 관리 전반을 맡게 됩니다. 우리 조직 규모에 맞는 사내 시스템의 기틀을 주도적으로 마련하고 꼼꼼하게 운영해 주실 분을 찾습니다 [주요업무] -사내 유/무선 인터넷 환경 구축 및 공유기 등 네트워크 장비 관리 -신규 입사자 PC 세팅 및 업무용 소프트웨어 설치 지원 -사내 그룹웨어, 메신저 등 업무용 시스템 계정 발급 및 권한 관리 -프린터, 화상회의 장비 등 IT 사무기기 관리 및 장애 발생 시 해결 -사내 데이터 백업 및 기본적인 정보보안 관리 -기타 사내 전산 및 시스템 관련 임직원 문의 응대 * 담당자 전화 연결이 어려울 수 있으니, 모든 채용 문의는 가급적 이메일로 부탁드립니다.",정보시스템 운영자,시스템관리자,대졸(2~3년)~대졸(4년),경력,월급 250만원 ~ 300만원,고용형태,"부산광역시 해운대구 센텀중앙로 97, 재송동 센텀스카이비즈 빌딩 (재송동, 센텀스카이비즈)",3명,2026-09-08 21:05:44
https://www.jobkorea.co.kr/Recruit/GI_Read/5541723/Ext?siteCode=WN&sc=,028407,"[자재관리] 1. 이동통신 관련 사급자재, 지입자재 관리 및 입고 출고 업무 자재 창고 및 야적장 관리 자재 입출고 현황 및 ERP 관련 등록 업무 등 우대사항 : 차량소지자. 해당직무 근무 경험자. 복리후생 *조직문화 : 자유로운 분위기. 회식 강요 안함. 야근 강요 안함. 자유복장 *급여외 설날. 추석 상여금 별도 지급. 출.퇴근 차량 유류비 별도 지급. 지하철(김해 부원역) 픽업. 식대(6개월 경과 후) 별도 지급.",창고 관리원(자재 검수원 포함),창고입고원,고졸~대졸(4년),관계없음,"연봉 2,760만원 이상",고용형태,"부산광역시 강서구 죽동길405번길 24-19, 24-7,38-1 (죽동동)",1명,2026-09-08 21:05:44
https://www.jobkorea.co.kr/Recruit/GI_Read/5544772/Ext?siteCode=WN&sc=,140206,"-건설재해예방기술지도 -안전관리 -경력 : 1년이상 -기사취득 후 1년이상 경력 있으신 분 -월 급여 : 2,500,000원(월 기술지도 40회 기준) -추가 경비 : 기술지도 횟수 추가시 40회 초과~60회 기술지도 : 회당 62,500원 지급 60회초과~80회 기술지도 : 회당 55,000원 지급",건축안전·환경·품질·에너지관리 기술자,건축안전기술자,학력무관,경력,월급 250만원 ~ 250만원,고용형태,"부산광역시 남구 동명로 189, 지하 2층 (용호동, 용호신익타워)",1명,2026-09-08 21:05:44
https://www.jobkorea.co.kr/Recruit/GI_Read/5540711/Ext?siteCode=WN&sc=,028509,- 우레탄 제품 성형품 품질관리 사원,품질관리 사무원(화학·섬유·의료),-,대졸(2~3년)~대졸(4년),신입,"연봉 3,000만원 ~ 3,400만원",고용형태,부산광역시 강서구 식만로179번길 46-10 (식만동),1명,2026-09-08 21:05:44
https://www.jobkorea.co.kr/Recruit/GI_Read/5540710/Ext?siteCode=WN&sc=,890000,우렌탄 성형제조 생산직,기타 제조 관련 단순 종사원,부품제품단순분류원,학력무관,신입,"시급 10,320원 이상",고용형태,부산광역시 강서구 식만로179번길 46-10 (식만동),1명,2026-09-08 21:05:45
https://www.jobkorea.co.kr/Recruit/GI_Read/5543026/Ext?siteCode=WN&sc=,816100,자동차 주조설비 조립 및 파이프 배관작업 국내 자동차 메이커 등에 설비 설치작업 신입 / (경력자는 10년 이상),일반기계 조립원,기계조립원,학력무관,관계없음,"시급 12,500원 ~ 13,000원",고용형태,부산광역시 사상구 학감대로178번길 67 (학장동),2명,2026-09-08 21:05:45
https://www.jobkorea.co.kr/Recruit/GI_Read/5540746/Ext?siteCode=WN&sc=,813213,▶ 작업내용: 고무 금형 관련 금형원 모집 1) 알곤 및 레이져 용접가능자 2) 범용 밀링기 가능자,기타 금속공작기계 조작원 및 보조원,범용밀링기보조원,학력무관,경력,월급 300만원 이상,고용형태,부산광역시 사상구 낙동대로1310번길 37 (삼락동),1명,2026-09-08 21:05:45
https://www.jobkorea.co.kr/Recruit/GI_Read/5542008/Ext?siteCode=WN&sc=,823100,녹산공단에 위치한 금속단조 회사입니다. 단조 및 함마 배우실 견습공 및 경력자 모집합니다. 감사합니다.,단조원,-,학력무관,관계없음,"일급 100,000원 이상",고용형태,부산광역시 강서구 녹산산업북로313번길 23,2명,2026-09-08 21:05:45
https://www.jobkorea.co.kr/Recruit/GI_Read/5540743/Ext?siteCode=WN&sc=,823300,"비철금속 제련, 정련",주조원,-,학력무관,경력,월급 390만원 이상,고용형태,부산광역시 강서구 생곡산단2로11번길 29 (생곡동),1명,2026-09-08 21:05:46
https://www.jobkorea.co.kr/Recruit/GI_Read/5584388/Ext?siteCode=WN&sc=,523000,"- 근 무 지 : 부산광역시 동구 중앙대로196번길 12 - 모집직무 : 주방 준비원 - 직무내용 : 호텔의 조식조리(비숙련자 가능), 홀, 식기세척, 그외 주방내 청소 - 지원자격 : 무관 - 임 금 : 시급 11,500원 / 교통비 별도 지급 - 근무시간 : 05:00~11:00 (무급 휴게시간 10:00~10:30) - 근무형태 : 주5일 27.5시간 (스케줄 근무 / 주말 및 공휴일 근무할 수 있음), 출근일수 18일~22일. - 고용형태 : 계약직(12개월), 2년뒤 정규직 채용고려",숙박시설 서비스 종사원,호텔서비스원,학력무관,관계없음,"시급 11,500원 ~ 11,500원",고용형태,부산광역시 동구 중앙대로196번길 12 (광장2-1)),3명,2026-09-08 21:05:46
https://www.jobkorea.co.kr/Recruit/GI_Read/5541729/Ext?siteCode=WN&sc=,028508,"[모집직무] 품질관리 사무원(기계·금속), 자재·구매 사무원(기계·금속), 금속가공 검사원 [직무소개] 우리 회사는 정밀기계 부품 등을 제작하는 기계 및 금속 가공 업체입니다. 본 직무는 제품의 품질을 관리하고, 정밀한 측정을 통해 높은 품질 기준을 유지하는 데 기여할 것입니다. [주요업무] - 금속 가공품의 품질 검사 및 평가 - 정밀 측정 및 검사를 통한 불량율 감소 - 도면해독 가능한사람 - 사상업무도 가능한사람 - 품질 관리 시스템 개선 및 운영 - 작업 공정의 품질 및 효율성 향상 방안 모색",품질관리 사무원(기계·자동차·금속),-,고졸~대졸(4년),경력,"연봉 4,200만원 ~ 4,400만원",고용형태,"부산광역시 사상구 가야대로195번길 47, 티엠케이 (주례동)",1명,2026-09-08 21:05:46
https://www.jobkorea.co.kr/Recruit/GI_Read/5541744/Ext?siteCode=WN&sc=,307903,은하온누리약국에서 함께 하실 조제실 직원선생님을 모집합니다. 즐겁게 오래 함께 일하실 직원선생님을 기다리겠습니다. 많은 지원 바랍니다. 평일 오전 8:30-오후 5:30 / 점심시간 1시간/ 토요일 당직제(8:30-오후1:00) 연15회 연차 급여는 면접시 결정하겠습니다.,기타 보건·의료 서비스 종사원,약국조제보조원,학력무관,경력,월급 220만원 이상,고용형태,"부산광역시 사상구 가야대로 326-5, 은하약국 1층",1명,2026-09-08 21:05:46
https://www.jobkorea.co.kr/Recruit/GI_Read/5584389/Ext?siteCode=WN&sc=,561102,"- 업무 : 호텔 객실청소, 호텔 관내 청소 - 경력무관 - 근무시간 : 10:00~15:00 (30분 무급 휴게 시간 포함) / 주5일 스케줄 근무(주말 및 공휴일 근무할 수 있음) 출근 일수 18일~22일. - 급여 : 시급11,000 ~ 11,500원 / 교통비 별도 지급","호텔·콘도·숙박시설 청소원(룸메이드,하우스키퍼)",호텔청소원,학력무관,관계없음,"시급 11,000원 ~ 11,500원",고용형태,부산광역시 동구 중앙대로196번길 12 (광장2-1)),5명,2026-09-08 21:05:46
https://www.jobkorea.co.kr/Recruit/GI_Read/5540741/Ext?siteCode=WN&sc=,532202,홀서빙 직원 모집 주 6일: 화~일(월 휴무) -10:00~21:00(휴게 1시간),일반 음식점 접객서빙원,-,학력무관,관계없음,"시급 10,320원 ~ 10,320원",고용형태,"부산광역시 북구 덕천로304번길 18, 1층 (만덕동)",1명,2026-09-08 21:05:46
https://www.jobkorea.co.kr/Recruit/GI_Read/5540740/Ext?siteCode=WN&sc=,532301,주방 직원 모집 주 6일: 화~일(월 휴무) 15:30~21:30(휴게 30분),주방 보조원(일반 음식점),-,학력무관,관계없음,"시급 10,320원 ~ 10,320원",고용형태,"부산광역시 북구 덕천로304번길 18, 1층 (만덕동)",1명,2026-09-08 21:05:47
https://www.jobkorea.co.kr/Recruit/GI_Read/5541758/Ext?siteCode=WN&sc=,531800,단체급식조리 및 식단관리,단체급식 조리사,-,학력무관,관계없음,월급 240만원 ~ 250만원,고용형태,"부산광역시 북구 와석장터로17번길 21, 1층1호 (화명동)",2명,2026-09-08 21:05:48
https://www.jobkorea.co.kr/Recruit/GI_Read/5541573/Ext?siteCode=WN&sc=,890000,"[모집직무] 소형가전(밥솥 고무패킹) 조립/검사/포장 [직무소개] 우리 회사는 도금, 표면처리 전문기업입니다. 소형가전 제품 전해연마 제품 조립 및 포장 업무를 담당하는 직원을 모집하고 있습니다. [주요업무] - 소형가전 전해연마 제품 조립 - 제품 포장 및 라벨링 - 꼼꼼하고 손이 빠른분 환영합니다. - 결혼이민여성 지원가능 ** 사상여성새로일하기센터 채용대행으로 진행되는 구인건으로 구직급여 인정을 위한 허위지원 금지 ** ** 지원 희망자는 '구직정보 제공 동의 여부-여성새로일하기센터 제공 동의' 체크 확인 후 지원 ** ** 문의: 051-326-7640 **",기타 제조 관련 단순 종사원,-,학력무관,신입,"시급 10,320원 이상",고용형태,부산광역시 사상구 낙동대로1330번길 47 (삼락동),2명,2026-09-08 21:05:48
https://www.jobkorea.co.kr/Recruit/GI_Read/5542408/Ext?siteCode=WN&sc=,836000,"변압기, 모터 발전기 조립,부품가공 중식제공, 잔업시 수당 있음. 시간제근무도 가능함 남녀무관 지원가능 퇴직금 별도 유경험자는 직무수준에 따라 연봉 면담시 협의가능. 경력자 우대",전기·전자 부품 및 제품 조립원,-,학력무관,신입,"연봉 3,000만원 ~ 3,000만원",고용형태,"부산광역시 강서구 녹산산업중로 195, 뉴젠파워 (송정동)",2명,2026-09-08 21:05:48
https://www.jobkorea.co.kr/Recruit/GI_Read/5542531/Ext?siteCode=WN&sc=,027205,★청년 일자리도약장려금 참여기업임.(직원 6개월 근무마다 정부지원금 120만원 지원) 기장거래처 거래처 관리 거래처 직원 4대보험 신고 및 연말정산 보조금 / 지원금 신청 신고대리 업체 ★전산회계1급 & 전산세무2급 자격 소지자. ★세무업종 근무경력 3년이상 우대 (월급 협의가능) ★타 업종 근무경력 3년이상 우대 (아르바이트 제외),경리 사무원(회계·세무 사무소),세무기장원,학력무관,신입,월급 215만원 이상,고용형태,"부산광역시 동구 진성로 13, 세무법인 오름 부산지점 (수정동)",4명,2026-09-08 21:05:48
https://www.jobkorea.co.kr/Recruit/GI_Read/5542329/Ext?siteCode=WN&sc=,140203,"""세계에서 가장 큰기업 보다는 가장 좋은기업"" 이라는 이념으로 회사를 운영중인 (주)세일입니다. (주)세일은 전문건설업(실내건축 및 목창호,일반가구 외) 업체입니다. 한국토지주택공사(LH), 서울도시공사(SH), 부산도시개발공사(BMC), 삼성물산, 대우건설, GS건설, 대림산업, SK건설, 롯데건설 (100대 건설사 대다수) 외 부산지역 건설업체 다수의 협력업체로 공사 진행에 따른 업무 진행 할 직원 채용합니다. ------------------------------------------------------------------ 업무내용 : 현장관리 지원 외 (기성, 집행예산 작성, 기초 도면 설계, 현설 참여 등) 필수조건 : 컴퓨터활용 - CAD, 엑셀 가능자, 운전가능자 우대조건 : 관련학과 졸업 및 졸업예정자, 건축관련자격증 ------------------------------------------------------------------- 좋은 환경에서 좋은 사람들과 함께 자신의 열정을 불태우실 분이면 좋겠습니다. 아파트 목창호 설치 납품 현장의 전반적인 관리 지원 업무를 보조하며 서류를 검토하고 작성하는 업무를 합니다. 채용시 임금 책정은 경력과 이력에 따라 조정합니다.",건축시공 기술자(건축견적 포함),건축공정관리기사,학력무관,관계없음,"연봉 2,800만원 ~ 4,000만원",고용형태,부산광역시 강서구 녹산산단381로86번길 35 (송정동),1명,2026-09-08 21:05:48
https://www.jobkorea.co.kr/Recruit/GI_Read/5541000/Ext?siteCode=WN&sc=,550100,"* 다대5지구 아파트 - 4등급 60대 후반 남자어르신/ 독거(거동가능) - 가사 및 일상 생활 지원 - 주5일 / 오전 09:00~12:00 (오전.오후 시간 변경 가능) - 시급: 13,000( 주휴 및 제세수당 포함)",요양보호사,-,학력무관,관계없음,"시급 10,320원 ~ 13,000원",고용형태,"부산광역시 사하구 다대낙조2길 50 (다대동, 도시몰운대임대아파트)",1명,2026-09-08 21:05:49
https://www.jobkorea.co.kr/Recruit/GI_Read/5541752/Ext?siteCode=WN&sc=,153105,"부산광역시 남구 대연5동에 위치한 (주)금성전력입니다 전기,통신,소방공사 면허보유한 공사업체 입니다 전기공사 현장책임자(소장) 1분 모집합니다. 임금(월급)은 면접 후 결정 - 450 이상 - 협의가능 - 토요일 격주 휴무 주 업무 - 전기공사 현장시공 - 현장자재관리 - 현장별 공정관리 (부산권내) 관련면허(전기기사,전기공사기사,기능사 등) 최소 하나 이상 소지시 우대 관련면허 없어도 지원가능합니다 051-907-7891 연락주세요 :)",전기공사 기술자(전기견적 포함),전기공사현장소장,학력무관,경력,월급 450만원 이상,고용형태,부산광역시 남구 못골번영로 57 (대연동),1명,2026-09-08 21:05:50
https://www.jobkorea.co.kr/Recruit/GI_Read/5596160/Ext?siteCode=WN&sc=,153105,"전기공사 [변전설비공사 > 개폐장치 공사] 개폐장치 설치하기,진공가스 주입하기,개폐장치 시험 측정하기,개폐장치 철거하기 [변전설비공사 > 개폐장치 보통유지보수공사] 개폐장치 점검하기,개폐장치 보통 시험하기 [변전설비공사 > 개폐장치 정밀유지보수공사] 가스회수 진공 작업하기,차단부 분해 점검하기,매커니즘 분해 점검하기,개폐장치 정밀 시험하기 [변전설비공사 > 부대설비공사] 구내 전기설비 시공하기,정보통신설비 시공하기,소방설비 시공하기 [변전설비공사 > 변전설비 검사준공] 사용전검사 수검하기,준공처리하기,시설물 인수인계하기",전기공사 기술자(전기견적 포함),전기공무,학력무관,신입,월급 240만원 ~ 260만원,고용형태,"부산광역시 기장군 기장읍 신천길 21, 보성전력",10명,2026-09-08 21:05:50
https://www.jobkorea.co.kr/Recruit/GI_Read/5538788/Ext?siteCode=WN&sc=,029904,"주간보호센터관련 사무원업무 (행정업무, 장기요양시스템업무, 회계업무, 블로그 관리 등) 송영업무 1종보통면허 승합차운전가능자 우대",사무 보조원(일반사업체),서류정리원(일반사업체),학력무관,관계없음,월급 215만원 ~ 215만원,고용형태,"부산광역시 사상구 낙동대로 751 (엄궁동, 동일메가타워)",1명,2026-09-08 21:05:50
https://www.jobkorea.co.kr/Recruit/GI_Read/5538222/Ext?siteCode=WN&sc=,415502,"[모집직무] 게임 디자이너, 프로그래밍. 웹. 웹디자인.DB강사, 게임 프로그래머 [직무소개] 우리 회사는 새로운 기술을 활용하여 혁신적인 게임을 개발하는 다 년간의 경혐을 자랑합니다. 본 직무는 게임의 플레이 방식, 스토리, 화면 디자인 등을 구현하는 데 중요한 역할을 담당합니다. [주요업무] -게임 디자인 컨셉 및 시나리오 개발 -게임 내 아이템, 캐릭터, 배경 등 그래픽 디자인 -게임 로직 및 기능 구현 -게임 테스트 및 버그 수정",게임 디자이너,-,학력무관,경력,월급 300만원 이상,고용형태,부산광역시 사하구 신산로 120 (신평동),2명,2026-09-08 21:05:51
https://www.jobkorea.co.kr/Recruit/GI_Read/5540735/Ext?siteCode=WN&sc=,550102,"케어링에서 요양보호사 선생님께 일자리 정보를 안내드립니다. 근무 가능하신 선생님은 ▶ 문의 : ☎ 051- 808-6585 로 연락주세요. ▶ 근무지 : 부산 연제구 온천천남로 110 한양아파트 ▶ 근무일정 : [주 5 회 / 일 3시간] 09:00-12:00 ▶ 어르신 정보 : 89세 / 5등급 / 여 / 독거 ▶ 시급 10,320원 [ 제수당포함 시간당 13,000원 ] ▶ 근무내용 : 청소, 샤워도움, 산책도움 ,병원동행, 취사, 말벗/정서지원, 인지활동도움 ▶ 자격요건 : 치매교육 이수자",재가 요양보호사,-,학력무관,관계없음,"시급 10,320원 이상",고용형태,"부산광역시 연제구 온천천남로 110, 토곡한양아파트 (연산동, 한양아파트)",1명,2026-09-08 21:05:51
https://www.jobkorea.co.kr/Recruit/GI_Read/5584422/Ext?siteCode=WN&sc=,561102,"- 업무 : 객실청소 및 객실 점검, 호텔 전반적인 미화관리, 시설관리 및 수리, 메이드 출퇴근 스케줄관리 - 경력무관 (경력자 우대) - 근무시간 : 08:00~17:00 (60분 휴게 시간 포함) / 주5일 스케줄 근무 (주말 및 공휴일 근무할 수 있음,공휴일근무시 대체휴무 있음) - 연봉 : 3,000만원~3,100만원 ,각종 인센티브 / 교통비 별도 지급","호텔·콘도·숙박시설 청소원(룸메이드,하우스키퍼)",호텔청소원,학력무관,관계없음,월급 250만원 ~ 250만원,고용형태,부산광역시 동구 중앙대로196번길 12 (광장2-1)),1명,2026-09-08 21:05:51
https://www.jobkorea.co.kr/Recruit/GI_Read/5539063/Ext?siteCode=WN&sc=,813213,"[모집직무] 밀링 작업, [직무소개] 우리 회사는 정밀 기계 제작 분야에서 긴간의 경험을 가진 밀링 작업 전문가를 선발하고 있습니다. 2호 또는 5호 밀링기의 운영 경험과 정확한 작업 능력을 갖춘 지원자를 환영합니다. 연봉은 경력 및 자격에 따라 협의될 예정입니다. [주요업무] - 밀링 기계(2호 또는 5호)의 안전하고 효율적인 운영 - 재료의 정확한 가공 및 조립 - 설계도 및 작업 지시서에 따라 작업 수행 - 생산 과정에서 발생하는 문제 해결 - 작업 환경을 깨끗하고 안전하게 유지 ▶지원희망시 고용24입사지원 또는 채용담당자 핸드폰 번호로 연락바랍니다.",기타 금속공작기계 조작원 및 보조원,범용밀링기보조원,학력무관,경력,"시급 13,000원 ~ 15,000원",고용형태,"부산광역시 사상구 사상로440번길 8, 사상로440번길8 (모라동)",2명,2026-09-08 21:05:52
https://www.jobkorea.co.kr/Recruit/GI_Read/5538223/Ext?siteCode=WN&sc=,550100,"- 정규직(기간정함이 없는 근로계약) 요양보호사 - 요양보호사 자격증 소지자 - 근무시간: 주간 06:30 ~ 17:20 (휴게 3시간 20분) 야간 16:40 ~ 06:30 (휴게 5시간 30분) - 주야 2교대 근무, 월8회 휴무, 퇴직금, 연차",요양보호사,-,학력무관,관계없음,월급 264만원 이상,고용형태,부산광역시 사하구 감천로 125 (감천동),1명,2026-09-08 21:05:53
https://www.jobkorea.co.kr/Recruit/GI_Read/5538607/Ext?siteCode=WN&sc=,550102,"● 재가요양보호사 ● 서구 해돋이로 ● 5등급 여자 어르신/ 79세 / 독거 ● 가사 도움, 식사도움 말 벗 등 ● 주5일/09:00~12:00 ● 포괄시급 13,200원(10,320원+제수당) ※ 동 구인은 실제 서비스 제공 기간에 따라 임금을 계산하여 지급하는 형태로 채용 시 근로자마다 주 소정 근로 시간이나 임금, 근무(예정) 등에 차이가 있을 수 있음",재가 요양보호사,-,학력무관,관계없음,"시급 13,200원 ~ 13,200원",고용형태,부산광역시 서구 해돋이로89번길 5 (남부민동),1명,2026-09-08 21:05:53
https://www.jobkorea.co.kr/Recruit/GI_Read/5538742/Ext?siteCode=WN&sc=,550102,"[4등급 80대 여자어르신] -서비스 일자: 주5일,월~금 오전11:00-14:00 -서비스 내용: 가사지원(음식준비 및 정리정돈, 청소), 외출 및 병원동행, 말벗 등 -어르신 상태: 의사소통 가능, 거동 가능 -서비스 장소: 사하구 다대동 -기 타: 요양보호사 자격증 소지자 / 학력연령제한없음 -급 여: 시급 : 10,320원 (주휴 등 수당 포함 13,500원)",재가 요양보호사,재가요양보호사,학력무관,관계없음,"시급 10,320원 이상",고용형태,"부산광역시 사하구 다대낙조2길 50, 208동 (다대동, 도시몰운대임대아파트)",1명,2026-09-08 21:05:54
https://www.jobkorea.co.kr/Recruit/GI_Read/5538066/Ext?siteCode=WN&sc=,415301,"▶ 모집 분야 - 호텔, 상업공간 인테리어 디자인 설계 실무책임자급 채용 ▶ 주요 업무 - 호텔, 상업공간 인테리어 디자인 컨셉 및 기획 - 3D 설계 및 공간 디자인 전반 - AutoCAD / SketchUp / 엔스케이프 렌더링 실무 - 디자인 기획안 및 제안서 작성, 미팅 - 컨셉에 따른 마감재 선정 및 디자인 완성 ▶ 이런 분을 찾습니다.(우대사항) - 호텔 및 상업공간 및 주거공간 인테리어 디자인 실무 경험자 - 디자인 컨셉부터 설계까지 주도적으로 진행 가능한 분 - AutoCAD / SketchUp / 엔스케이프 렌더링 실무 활용 가능자 - 공간 디자인 감각과 마감재에 대한 이해도가 높은 분 - 프로젝트를 책임감 있게 이끌어갈 실무 팀장급 디자이너 내실 있는 기업 입니다. 많은 지원 바라겠습니다. 많은 디자이너분들 지원바랍니다.",인테리어 디자이너,인테리어기술자,학력무관,경력,월급 400만원 이상,고용형태,"부산광역시 연제구 신금로5번길 18, 1층 아몬드건설 (연산동)",1명,2026-09-08 21:05:56
https://www.jobkorea.co.kr/Recruit/GI_Read/5539425/Ext?siteCode=WN&sc=,541300,"- 양식장 시설 유지 관리 - 관내 순찰(주, 야간) 및 양식장 설비 가동 상태 점검 - 양식 수조 관리 및 시스템 점검 - CCTV 및 보안관리",시설 및 특수 경비원,-,학력무관,관계없음,월급 297만원 이상,고용형태,부산광역시 기장군 일광읍 일광로 474,1명,2026-09-08 21:05:57
https://www.jobkorea.co.kr/Recruit/GI_Read/5539440/Ext?siteCode=WN&sc=,532301,"1. 근무처 : 경일고등학교 급식실 2. 소재지 : 부산광역시 강서구 영강길153-42(명지동) 3. 채용인원 : 조리종사원 2명 4. 채용기간 : 채용일로부터 ~1년 ( 연장계약 가능) 5. 채용형태 및 보수 지급 가. 고용형태 : 계약직 월급제 나. 보 수 : 부산광역시교육청 교육공무직원 인건비 기준에 따름. 다. 근무시간 : 주5일, 1일 8시간 근무(8:00~16:00/휴게시간 14:30-15:00) *근로계약 체결 시 근로시간, 기타의 근로조건을 명시함 라. 기타사항 : 석식근무 시 초과근무 수당 적용",주방 보조원(일반 음식점),주방보조원,학력무관,관계없음,월급 226만원 이상,고용형태,"부산광역시 강서구 영강길 153-42, 경일고등학교 (명지동)",2명,2026-09-08 21:05:57
https://www.jobkorea.co.kr/Recruit/GI_Read/5539390/Ext?siteCode=WN&sc=,159103,"식품기계 도면작업, 자재발주, 출고관리, 자재관리, 문서서류작성",기계·금속 제도사(캐드원),기계제도사,학력무관,경력,"연봉 4,500만원 ~ 4,800만원",고용형태,"부산광역시 강서구 평강로345번길 59, (대저1동) (대저1동)",1명,2026-09-08 21:05:57
https://www.jobkorea.co.kr/Recruit/GI_Read/5540090/Ext?siteCode=WN&sc=,028400,공통 자격요건 ㆍ주도적으로 업무를 처리하며 적극적이고 활발하신 분 ㆍ아이디어가 풍부하고 새로운 것에 도전적이신 분 ㆍ쿡웨어에 대한 열정과 관심이 있으신 분 ㆍ에델코첸 자사몰: http://www.edelkochen.com 영업본부 물류팀 물류팀 2명 담당업무 ㆍ입출고 관리 ㆍ제품 출고 포장 ㆍ재고관리 지원자격 ㆍ신입 : 무관(경력도 지원 가능) 우대사항 ㆍ인근거주자 ㆍ엑셀 사용 가능자 ㆍ운전면허증 소지자 ㆍ동종업계 경력자,자재관리 사무원,-,학력무관,관계없음,"연봉 3,000만원 ~ 3,200만원",고용형태,부산광역시 강서구 녹산산업중로 185 (송정동),2명,2026-09-08 21:05:57
https://www.jobkorea.co.kr/Recruit/GI_Read/5539436/Ext?siteCode=WN&sc=,159103,레이저 판금 전개 작업 설계부 기타도면 작업,기계·금속 제도사(캐드원),-,학력무관,신입,월급 215만원 이상,고용형태,"부산광역시 강서구 미음국제4로 63, 우림기공 (미음동)",1명,2026-09-08 21:05:57
https://www.jobkorea.co.kr/Recruit/GI_Read/5539876/Ext?siteCode=WN&sc=,890001,"스크랩 입출고 관리 스크랩 선별관리, 검수 교통비 별도 20만원 지급 매주토요일 3시 퇴근 5대절 휴무 많은 지원바랍니다.",기계·금속 분야 단순 종사원,-,학력무관,관계없음,"시급 10,320원 ~ 10,320원",고용형태,부산광역시 강서구 생곡산단2로11번길 29 (생곡동),2명,2026-09-08 21:05:58
https://www.jobkorea.co.kr/Recruit/GI_Read/5540222/Ext?siteCode=WN&sc=,561400,"[해운대 송정] 사업장내에서 건설 폐기물 선별, 재활용 * 근무시간: 07:00-17:00/일요일 휴무 /휴게시간 09:00~09:30,12:00-13:00,15:00~15:30 * 급여: 협의 * 제출서류: 이력서 * 접수방법: 방문,면접 * 채용담당자: 051-704-2420",재활용품 및 쓰레기 수거원,재활용품분리수거원,학력무관,관계없음,월급 280만원 ~ 300만원,고용형태,"부산광역시 해운대구 해운대로 1199-21, 유성환경산업 (송정동)",3명,2026-09-08 21:05:58
https://www.jobkorea.co.kr/Recruit/GI_Read/5540113/Ext?siteCode=WN&sc=,813202,"범용선반 [선반가공 > 공구 선정] 측정공구 선정하기,절삭공구 선정하기,공구유지 관리하기 [선반가공 > 기본 작업(선반가공)] 작업 준비하기,본가공 수행하기,검사 · 수정하기 [선반가공 > 홈 · 테이퍼 작업] 작업 준비하기,본가공 수행하기,검사 · 수정하기 [선반가공 > 편심 · 나사 작업] 작업 준비하기,본가공 수행하기,검사 · 수정하기 [선반가공 > 도면해독(선반가공)] 도면 해독하기,주요치수 및 공차 검토하기",범용 선반 조작원,-,학력무관,경력,"연봉 4,500만원 ~ 5,500만원",고용형태,"부산광역시 강서구 과학산단1로 107, A동 (지사동)",1명,2026-09-08 21:05:58
https://www.jobkorea.co.kr/Recruit/GI_Read/5539874/Ext?siteCode=WN&sc=,813201,"[모집직무] CNC 선반 조작원(NC 선반 조작원), 기계 조작원 [직무소개] 우리 회사는 고급 제품의 제작을 위한 다양한 CNC 기계를 활용합니다. CNC 선반의 프로그램을 직접 작성하고 세팅하여 정밀한 제품 생산에 기여할 능력 있는 인재를 찾고 있습니다. [주요업무] - CNC 선반 프로그램 작성 및 세팅 - CNC 기계 작동 및 관리 - 제품품질 검사 및 관리 - 작업 프로세스 개선 및 효율성 증대 - CAD/CAM 소프트웨어 활용",CNC 선반 조작원(NC 선반 조작원),-,학력무관,경력,"시급 14,000원 이상",고용형태,부산광역시 강서구 낙동남로456번길 25-8 (녹산동),1명,2026-09-08 21:05:58
https://www.jobkorea.co.kr/Recruit/GI_Read/5540262/Ext?siteCode=WN&sc=,821200,"범용밀링 2호기, 프라즈마(수동), 밴드쇼우 절단, 단순가공 시편(시험편) 가공 경력자 우대 ** 임금은 수당이 포함된 금액이며 협의가능합니다. (신정, 구정, 추석, 여름휴가 - 60~80만원씩 지급)",금속가공 기계 조작원,-,학력무관,관계없음,월급 300만원 ~ 400만원,고용형태,"부산광역시 강서구 화전산단6로 105, (주) 태경기계 (화전동)",1명,2026-09-08 21:05:59
https://www.jobkorea.co.kr/Recruit/GI_Read/5540094/Ext?siteCode=WN&sc=,028509,* 플라스틱 용기 제품의 품질관리 및 품질보증 업무 담당 * 품질표준에 따라 제품의 검사 및 평가 * 불량품의 원인 분석 및 개선방안 도출 * 품질관리 시스템의 운영 및 관리 * 고객 문의 및 불만 사항에 대한 대응,품질관리 사무원(화학·섬유·의료),-,학력무관,관계없음,"연봉 3,040만원 이상",고용형태,부산광역시 강서구 녹산산단262로13번길 48 (송정동),1명,2026-09-08 21:05:59
https://www.jobkorea.co.kr/Recruit/GI_Read/5540127/Ext?siteCode=WN&sc=,027102,"세무회계파트너 다인에서 함께 근무할 경력직 직원을 모집합니다. 그동안 쌓아온 실무 경험을 바탕으로 담당 거래처를 안정적으로 관리하며, 장기적으로 함께 성장할 대리급 경력직을 기다립니다. 한 곳에서 편안하게 오래 근무할 직장을 찾고 계신 분들의 많은 지원 바랍니다. □ 모집부문 모집직급: 대리급 경력요건: 세무사사무실 경력 3년 이상",회계 사무원(회계·세무 사무소),회계사무원(회계사무소),학력무관,경력,"연봉 2,900만원 ~ 4,680만원",고용형태,"부산광역시 수영구 수영로618번길 4, 세무회계파트너 다인 (광안동)",1명,2026-09-08 21:06:00
https://www.jobkorea.co.kr/Recruit/GI_Read/5539432/Ext?siteCode=WN&sc=,531803,"사상중앙병원 구내 식당에서 조리사를 모십니다. * 조리기능사 자격증(한식,양식 무관) * 월 기본 8회 휴무(공휴일,연차 추가 휴무) * 06:00~18:00 (휴게시간 2.5시간) * 급여 : 월 3,099,063원",병원 급식 조리사,병원급식조리사,학력무관,경력,월급 309만원 ~ 309만원,고용형태,"부산광역시 사상구 삼덕로5번길 85, 사상중앙병원 (삼락동)",1명,2026-09-08 21:06:00
https://www.jobkorea.co.kr/Recruit/GI_Read/5539433/Ext?siteCode=WN&sc=,532302,"사상중앙병원 조리원 모집 (자격증 무관) * 근무일수 : 월 8회 휴무 (연차, 공휴일 추가 휴무) * 06:00~18:00 (휴게시간 2.5시간) * 병원 경력 우대 * 월급: 2,848,824원 이상",단체 급식 보조원,학교급식보조원,학력무관,신입,월급 284만원 ~ 284만원,고용형태,"부산광역시 사상구 삼덕로5번길 85, 사상중앙병원 (삼락동)",1명,2026-09-08 21:06:00
https://www.jobkorea.co.kr/Recruit/GI_Read/5540095/Ext?siteCode=WN&sc=,027102,요식업 및 개인사업자 기장 위주로 관리하는 세무사무실 입니다. 오래 일해주실 신입 및 경력 직원분 모십니다.,회계 사무원(회계·세무 사무소),회계사무원(회계사무소),학력무관,경력,"연봉 3,000만원 ~ 4,000만원",고용형태,"부산광역시 북구 금곡대로 22, 5층 이룸세무회계 (덕천동)",1명,2026-09-08 21:06:00
https://www.jobkorea.co.kr/Recruit/GI_Read/5579173/Ext?siteCode=WN&sc=,890000,"* 냉장고 부품 조립원 모집 1.업무 - 냉장고 부품 콘베어 생산 조립 (라인작업)-5명 - 전자부품 정밀 조립원 모집(작은 사이즈 전자부품 정밀 조립)-5명 2. 근무시간 : 08:00 ~ 17:00(잔업 간간히 있음) 3. 시급 : 10,320원 4. 통근버스: 김해 방향( 외동 일동한신, 항아리칼국수, 부원역부근) / 부산방향 하단, 대저(산단버스 이용) 5. 중.석식 제공",기타 제조 관련 단순 종사원,-,학력무관,관계없음,"시급 10,320원 이상",고용형태,"부산광역시 강서구 미음산단로 279, 고모텍(주) (미음동)",10명,2026-09-08 21:06:00
https://www.jobkorea.co.kr/Recruit/GI_Read/5601804/Ext?siteCode=WN&sc=,890000,"해상'육상'화학 및 가스공사 등등으로 제품 제조 및 납품하는 기업 주로, 조선기자재 업종으로 업무를 진행합니다. 제품은 전기히터, 방폭히터, 열풍기, 건조로를 제작합니다. 고졸 및 신입 가능하며, 운전가능자 우대",기타 제조 관련 단순 종사원,권선공,학력무관,관계없음,"연봉 3,000만원 ~ 3,400만원",고용형태,"부산광역시 강서구 가리새1로17번길 21, (생곡동) (생곡동)",2명,2026-09-08 21:06:00
https://www.jobkorea.co.kr/Recruit/GI_Read/5534761/Ext?siteCode=WN&sc=,531800,식재료 전처리 및 조리 식당전반 위생관리 [상세근무시간] A : 05:30~14:30 B : 09:00~18:00 F : 06:00~18:00(월 3회 미만),단체급식 조리사,-,학력무관,관계없음,월급 250만원 ~ 250만원,고용형태,"부산광역시 기장군 철마면 철마삼동로 103, 효산요양원",1명,2026-09-08 21:06:01
https://www.jobkorea.co.kr/Recruit/GI_Read/5536958/Ext?siteCode=WN&sc=,215300,"1.안전하게 유아 차량 등,하원 도와주실 분 2. 유치원 근무에 결격 사유가 없는 분 3. 근무시간 1명 : 8:00~9:30 / 근무시간 1명 : 16:00~17:30",교사보조 및 관련 종사원,-,학력무관,관계없음,"시급 12,380원 이상",고용형태,"부산광역시 강서구 신호산단1로140번길 16-3, 명지자연유치원 (신호동)",2명,2026-09-08 21:06:01
https://www.jobkorea.co.kr/Recruit/GI_Read/5540212/Ext?siteCode=WN&sc=,813200,"<주요 직무> CMC 선반 Machinist은 생산성과 품질 측면에서 직장 개선을 지원하며, 시기적절하게 업무를 수행 합니다.주요 책임은 CNC 선반 기계조작을 관리하는 것입니다. 또 다른 책임은 다양한 정밀 공차 작업 라인에서 고도의 기술과 가공 능력을 요구하는 점진적 가공 작업을 수행하기 위해 다양한 공작 기계를 설치, 조정 및 운용하는 것입니다. * 존크레인의 품질, 안전, 환경 정책 및 안전 기준을 준수하고, 지역 안전 법규 및 규정을 준수 *생산성을 높이고 비용을 절감하며 고객 서비스 수준을 향상시키기 위한 개발 및 실행 *품질 문제, 손상, 부족, 고객 불만 등 생산 관련 문제 해결 *구매, 자재, 서비스 등 내부 팀과 협력하여 적시에 처리 완료 *일/주/월 단위 일정에 따른 생산 출력 관리 *기계 도면 해석 능력 *CNC 및 MCT 기계 운용 능력 *수동 선반 및 밀링 머신 운용 능력 *판매 주문 긴급 상황 대응 *공정 변경을 통한 품질 및 생산성 향상 *CI 활동: 카이젠(Kaizen), 5S, 7W, VM, RCA, VSM 기술 *EHS(환경·보건·안전) 위험 평가 및 개선 *PIP 활동, MC 예방 조치 및 일일 점검 *회사가 요구하는 기타 업무 및 과제 수행 <제출 서류> *국문 이력서 *그외 서류는 합격후 제출",금속 공작기계 조작원,선반원,학력무관,경력,월급 400만원 ~ 700만원,고용형태,부산광역시 기장군 산단7로 99-16,1명,2026-09-08 21:06:01
https://www.jobkorea.co.kr/Recruit/GI_Read/5536556/Ext?siteCode=WN&sc=,304000,이브닝 간호사 병동 업무 전반 14:00-22:00(휴게: 17:00~18:00) 문의는 폰으로 연락 바랍니다,간호사,-,학력무관,관계없음,월급 250만원 ~ 300만원,고용형태,"부산광역시 북구 백양대로1048번길 10, 부산은빛요양병원 (구포동)",1명,2026-09-08 21:06:02
https://www.jobkorea.co.kr/Recruit/GI_Read/5540112/Ext?siteCode=WN&sc=,813201,CNC 선반조작원 구합니다. 경력자 원합니다. 한국인 구합니다. 학력은 고졸이상 입니다. 4대 보험 가입됩니다 주6일 근무 입니다.,CNC 선반 조작원(NC 선반 조작원),CNC선반기능원,고졸~대졸(4년),경력,"연봉 4,500만원 ~ 5,000만원",고용형태,"부산광역시 강서구 녹산산단77로 42, 2층 사무실",1명,2026-09-08 21:06:02
https://www.jobkorea.co.kr/Recruit/GI_Read/5535829/Ext?siteCode=WN&sc=,420400,"특수체육교사 선생님을 모십니다. 본 센터는 성실하고 열정적이며 즐겁게 운동을 가르쳐주실 선생님을 모십니다 1. 채용인원 : 1명 2. 자격 1) 관련학과 전공 졸업 및 자격증 소지자 2) 발달재활서비스 제공인력 가능한 자 우대 3. 제출서류 1) 이력서 및 자기소개서 1부 2) 졸업증명서 사본 1부. 3) 경력증명서 사본 1부. 4) 자격증 사본 1부. 4. 제출기한 - 채용시까지 5. 제출방법 - e-mail(san1780@hanmail.net) 접수 6. 면접일시 - 1차 서류심사 - 2차 면접 후 개별통보 7. 근무조건 1) 정규직 : 주 5일 근무(협의 가능) 2) 급여 : 경력 따라 차등 지급(협의 가능) 8. 모집처 정보 1) 모집처 : 금곡언어심리센터 2) 주소 : 부산시 북구 화명대로 35. 신호타워 501호, 901호 * 범죄경력이 있거나 허위 사실 기재 시에는 채용을 취소할 수 있음.",스포츠 강사 및 트레이너,-,학력무관,경력,월급 250만원 이상,고용형태,"부산광역시 북구 화명대로 35, 금곡언어심리센터 (화명동, 신호타워)",1명,2026-09-08 21:06:02
https://www.jobkorea.co.kr/Recruit/GI_Read/5536954/Ext?siteCode=WN&sc=,561101,녹산공장 미화 더보기,"건물 청소원(공공건물,아파트,사무실,병원,상가,공장 등)",공장청소원,학력무관,관계없음,"시급 10,320원 ~ 10,320원",고용형태,"부산광역시 강서구 녹산산단407로 84, 주.한국특강 녹산공장 (송정동)",1명,2026-09-08 21:06:03
https://www.jobkorea.co.kr/Recruit/GI_Read/5535367/Ext?siteCode=WN&sc=,890006,"★ 수산물 제조가공 생산업무 직원 모집 ★ -서구 암남동 수산가공선진화단지 내 수산물 제조 가공업 -업무 : 꽃게, 문어 등 수산물 손질,세척, 포장 등 -근무시간 08:30~17:30 / 주5일 -초보자 가능, 경력자 우대 (경력자일 경우, 급여 면접 후 협의 가능) -지원방법:고용24, 팩스 지원 (문의: 051-243-8833)",식품 분야 단순 종사원,통조림 생산보조원,학력무관,관계없음,"시급 10,320원 ~ 10,320원",고용형태,"부산광역시 서구 원양로 1 (암남동, 수산가공선진화단지)",5명,2026-09-08 21:06:03
https://www.jobkorea.co.kr/Recruit/GI_Read/5536959/Ext?siteCode=WN&sc=,624501,[주요업무] 자동차부품 출하 대기품 적재 및 분류작업 현장 물류팀의 업무보조 [우대사항] 장기 근무 가능하신분 인근 거주자 또는 출퇴근이 용이하신 분 [복리후생] 4대보험 적용 점심식사 제공,하역·적재 종사원,상하차원,학력무관,관계없음,"시급 10,320원 ~ 10,320원",고용형태,"부산광역시 강서구 녹산산단382로14번길 55, 107호 (송정동)",1명,2026-09-08 21:06:03
https://www.jobkorea.co.kr/Recruit/GI_Read/5536922/Ext?siteCode=WN&sc=,561102,[관광호텔 객실 정비 룸메이드 모집] - 담당업무: 객실관리/객실청소 - 근무시간: 08:30~17:30 (휴게시간: 1시간) 주5일 - 일급 : 18만원 -신입가능/ 경력자 우대(2년) -채용담당자 : 010-2376-1109,"호텔·콘도·숙박시설 청소원(룸메이드,하우스키퍼)",-,학력무관,경력,"일급 180,000원 ~ 180,000원",고용형태,부산광역시 해운대구 송정광어골로 39 (송정동),5명,2026-09-08 21:06:04
https://www.jobkorea.co.kr/Recruit/GI_Read/5535528/Ext?siteCode=WN&sc=,550102,"<연제구 연산동 연산한솔솔파크@ 인근 거주> * 2등급 남자어르신 * 주4일(화.목.토.일) * 09:30~13:30(4시간) * 신체활동지원, 가사일상생활지원 등 * 문의: 051-992-0045 * 최저시급 10,320원 (수당 별도 지급/ 중증가산수당 지급) ** 실제 서비스 제공 기간에 따라 임금을 계산하여 지급하는 형태로, 채용 시 근로자 마다 주 소정 근로시간이나 임금, 근무(예정)지 등에 차이가 있을 수 있음",재가 요양보호사,-,학력무관,관계없음,"시급 10,320원 이상",고용형태,"부산광역시 연제구 과정로 219-1, 연산한솔솔파크@ 인근 거주 (연산동)",1명,2026-09-08 21:06:04
https://www.jobkorea.co.kr/Recruit/GI_Read/5535626/Ext?siteCode=WN&sc=,550102,"* 4등급 80대 후반 여자어르신(독거) * 가사 지원 및 일상생활 업무 지원 * 병원동행 * * 시간: 09시~12시/ 주6회 * 시급: : 13,000원 * 문의. 055-363-5010",재가 요양보호사,재가요양보호사,학력무관,관계없음,"시급 10,320원 ~ 10,320원",고용형태,"부산광역시 북구 금곡대로616번길 10-9, 2단지 (금곡동, 금곡2단지주공아파트)",1명,2026-09-08 21:06:05
https://www.jobkorea.co.kr/Recruit/GI_Read/5537498/Ext?siteCode=WN&sc=,140302,토목설계 / CAD / 측량,토목구조 설계 기술자,토목설계기술자,학력무관,관계없음,"연봉 3,500만원 이상",고용형태,"부산광역시 동래구 종합운동장로 56, 2층 (사직동)",1명,2026-09-08 21:06:05
https://www.jobkorea.co.kr/Recruit/GI_Read/5534996/Ext?siteCode=WN&sc=,612201,"[모집직무] 해외 영업원(영어), 영업 관리자 [직무소개] 우리 기업은 글로벌 시장에서 프리미엄 타이어를 수입하는 선두 주자입니다. 다양한 국가에서 성공적인 사업을 구축하고 있습니다. 본 직무는 중국, 동남아 시장을 중심으로 국제적인 영업 활동 및 국내 영업처를 책임지며 성장을 이끌어 나갈 직무입니다. [주요업무] - 국내 고객사 영업 지원 및 관리 - 동남아 시장에서 타이어 판매 및 영업 전략 수립, 고객과의 관계 구축 및 관리 - 영업 목표 설정 및 달성을 위한 팀 리더십 - 시장 조사 및 경쟁사 분석 - 타이어 관련 국제 무역 및 신규 계약 협상 [근무지] - 본사 부산광역시 금정구 금샘로 - 물류창고 부산광역시 강서구 대저로",해외 영업원(영어),영어무역영업원,대졸(2~3년)~대졸(4년),경력,"연봉 3,000만원 ~ 3,500만원",고용형태,부산광역시 금정구 금샘로 383 (구서동),1명,2026-09-08 21:06:06
https://www.jobkorea.co.kr/Recruit/GI_Read/5536960/Ext?siteCode=WN&sc=,883300,"현장직,파렛트재단,목재재단,합판재단,목상자조립 등",목제품 제조 관련 종사원,WOODEN BOX제작원,학력무관,관계없음,"시급 10,320원 ~ 10,320원",고용형태,"부산광역시 강서구 미음국제5로나길 34, 미음동 1635-25 (미음동)",1명,2026-09-08 21:06:07
https://www.jobkorea.co.kr/Recruit/GI_Read/5537499/Ext?siteCode=WN&sc=,703200,"상세 모집요강 모집 부분 및 상세내용 공통자격요건 1, 학력 : 무관 2, 나이/성별 : 무관 담당 업무 1, 배관 연결 및 용접 공사 2, 기계 조립 및 제작 납품 지원자격 1, 경력 : 무관(신입도 지원가능) 함께 미래를 만들어 갈 인재를 구합니다. 2, 해외 여행에 결격 사유가 없는 자 우대사항 1, 산업 분야 관련 경력자 2, 용접 및 배관 경력자 근무조건 1, 근무형태 : 정규직(수습기간) - 3개월 2, 근무일시 : 5일 (월~금) 3, 급여 : 연봉 3000만원 4, 근무지역 : 부산 광역시 강서구 녹산산단 261로 14번길 17-25 전형절차 1, 서류전형 2, 1차 면접 3, 최종합격","공업 배관공(플랜트,항공,선박,철도차량)",기계배관원,학력무관,관계없음,"연봉 3,000만원 이상",고용형태,"부산광역시 강서구 녹산산단261로14번길 17-25, 성원ENG (송정동)",1명,2026-09-08 21:06:07
https://www.jobkorea.co.kr/Recruit/GI_Read/5537565/Ext?siteCode=WN&sc=,813205,대형 CNC 선반 터닝 가능 종사자로서 패기있고 젊은 인재를 구합니다. 공고 기계관련 학과 졸업 이상의 기술을 배우고자 하는 젊은 인재를 찾습니다.,드릴링기 및 보링기 조작원,-,고졸~대졸(4년),신입,월급 250만원 이상,고용형태,부산광역시 강서구 녹산산단382로49번길 38,2명,2026-09-08 21:06:08
https://www.jobkorea.co.kr/Recruit/GI_Read/5534728/Ext?siteCode=WN&sc=,027102,"회계사무실업무 4대보험,결산 원천세.부가세 등",회계 사무원(회계·세무 사무소),회계사무원(회계사무소),학력무관,경력,"연봉 3,400만원 이상",고용형태,"부산광역시 수영구 남천동로9번길 24, 2층 (남천동)",1명,2026-09-08 21:06:08
https://www.jobkorea.co.kr/Recruit/GI_Read/5534998/Ext?siteCode=WN&sc=,532301,"기장 신상 맛집 [기미모락]에서 주방보조 해주실 분을 모십니다. 기미모락은 솥밥 한 상 전문점으로 불고기 & 생선찜과 한우구이 판매점입니다. 주방보조 (2명/직원) - 주 5일(월, 화, 수, 목 중 협의 후 이틀 휴무, 공휴일과 주말 근무 필수) - 오전 10시 - 오후 9시 - 오후 3시 - 5시 휴게 (2시간) - 주 5일 : 2,488,642원 - 주 6일 : 3,297,855원 - 조식, 중식 제공 - 티셔츠, 앞치마 제공 주요업무안내 주방오픈 및 마감 음식 전처리 애벌 설거지 및 식기세척기 세척된 식기 정리정돈 주방장(사장님) 보조 간단한 요리 및 조리 필수조건 보건증 소지자 우대사항 한식관련 자격증, 동종업계근무, 인근거주자, 주부가능, 손이 빠른사람 연령무관, 주부 및 중장년층 가능 힘든만큼 서로 존중해가며 일하니까 부담갖지 말고 지원해주세요.",주방 보조원(일반 음식점),주방보조원,학력무관,신입,월급 265만원 ~ 329만원,고용형태,"부산광역시 기장군 기장읍 연화길 49, 1층 기미모락",2명,2026-09-08 21:06:09
https://www.jobkorea.co.kr/Recruit/GI_Read/5536051/Ext?siteCode=WN&sc=,232200,"** 센터 홈페이지 공고를 확인하지 않은 무분별한 문의를 자제 바랍니다. (반드시 센터 홈페이지 공고 확인) 아이돌봄사란 가정의 양육 부담을 덜어주고자 전문교육과정을 수료하여, 지정된 서비스 제공 기관을 통하여 아이돌봄 서비스를 제공하는 사람입니다. - 시간제: 생후 3개월~만 12세 이하 아동을 대상으로 학교, 보육 시설 등ㆍ하원 준비물 보조, 부모가 올 때까지 임시 보육, 놀이 활동, 준비된 식사 및 간식 챙겨주기(영아를 대상으로 시간제 돌봄 제공 시 영아종일제 업무 병행) - 영아종일제: 생후 3개월~만 36개월 이하 영아를 대상으로 이유식 먹이기, 젖병소독, 기저귀 갈기, 목욕 등 영아 돌봄과 관련된 활동 전반(건강, 영양, 위생, 놀이, 교육 등)",보육 관련 시설 돌봄 종사원,아동복지시설돌봄종사원,학력무관,관계없음,"시급 11,120원 이상",고용형태,"부산광역시 동구 초량중로 113 (초량동, 이바구복합문화체육센터)",10명,2026-09-08 21:06:10
https://www.jobkorea.co.kr/Recruit/GI_Read/5537915/Ext?siteCode=WN&sc=,822301,"금속 재료 절단, 가공, 조립",제관원,제관원,학력무관,경력,"일급 200,000원 이상",고용형태,부산광역시 강서구 녹산산업중로 401 (송정동),2명,2026-09-08 21:06:10
https://www.jobkorea.co.kr/Recruit/GI_Read/5536949/Ext?siteCode=WN&sc=,861201,섬유(벨크로) 제직기(직조기) 조작,제직기(직조기) 조작원,직조원,학력무관,경력,"시급 12,000원 ~ 12,000원",고용형태,부산광역시 사하구 하신번영로127번길 7 (신평동),1명,2026-09-08 21:06:10
https://www.jobkorea.co.kr/Recruit/GI_Read/5537913/Ext?siteCode=WN&sc=,890001,영업부에서 발주서 수령 후 제품준비(마킹.포장)완료 후 출고확인 수입 및 외주가공제품 입고(하차)시 수량확인 (창고관리업무임),기계·금속 분야 단순 종사원,-,학력무관,관계없음,"일급 82,560원 ~ 83,000원",고용형태,"부산광역시 강서구 화전산단5로14번길 11, 1층 (화전동)",2명,2026-09-08 21:06:10
https://www.jobkorea.co.kr/Recruit/GI_Read/5535366/Ext?siteCode=WN&sc=,532302,"영양실 주방업무 모든업무 교대로 진행(조리, 설거지, 전처리, 청소, 배식 등)",단체 급식 보조원,단체급식보조원,학력무관,관계없음,월급 243만원 ~ 243만원,고용형태,부산광역시 남구 유엔평화로125번길 11-10 (대연동),1명,2026-09-08 21:06:11
https://www.jobkorea.co.kr/Recruit/GI_Read/5537563/Ext?siteCode=WN&sc=,816100,"유압관련기기, 유압 실린더 제작 밀링 보루방, 조립공",일반기계 조립원,-,학력무관,경력,월급 250만원 ~ 350만원,고용형태,"부산광역시 강서구 대저중앙로 316-1, 진원하이드로릭 (대저1동)",1명,2026-09-08 21:06:11
https://www.jobkorea.co.kr/Recruit/GI_Read/5532691/Ext?siteCode=WN&sc=,823302,"[모집직무] 주조 보조원, 공장 작업자, 제조 작업자, 금속 가공, 설비 관리 [직무소개] 4대 보험을 운영하는 우리 회사는 주조 분야 전문 인력을 모집합니다. 본 직무는 원심 주조 공정에 참여하여 품질 관리와 생산 효율을 높이는 데 기여할 것입니다. [주요업무] - 주조 작업 조건 설정 및 관리 - 주형 상태 확인 및 점검 - 원심 주조 작업 수행 - 주조 설비 관리 및 정비",주조 보조원(견습공),주형보조원,학력무관,신입,"시급 10,320원 이상",고용형태,"부산광역시 영도구 남항동3가 남항남로 40, 부산 영도구 남항남로 40 (남항동3가)",2명,2026-09-08 21:06:12
https://www.jobkorea.co.kr/Recruit/GI_Read/5536055/Ext?siteCode=WN&sc=,550102,"남자어르신(80대) 4등급 독거어르신 식사 및 청소 ,병원 동행 등 일반적인 돌봄서비스",재가 요양보호사,재가요양보호사,학력무관,신입,"시급 10,320원 ~ 10,320원",고용형태,부산광역시 서구 해돋이로157번길 4 (남부민동),1명,2026-09-08 21:06:12
https://www.jobkorea.co.kr/Recruit/GI_Read/5534106/Ext?siteCode=WN&sc=,824100,"1. 컨테이너 수리 (그라인더/단순도장/세척,용접 등) *4대보험 / 퇴직연금 *정년 보장 및 이후에도 계속 근무 가능합니다!! *젊고 활기찬 분위기!! *주5일 근무 / 토요일근무1.5배 별도 지급!! 주중및 토잔업발생 *초보 / 경력 / 준고령자지원가능 (작업환경이 야외작업으로 지원시 고려바랍니다)",용접원,-,학력무관,관계없음,"연봉 3,200만원 이상",고용형태,부산광역시 강서구 신항남로 330 (성북동),2명,2026-09-08 21:06:12
https://www.jobkorea.co.kr/Recruit/GI_Read/5537488/Ext?siteCode=WN&sc=,873102,"참다랑어, 눈다랑어, 새치류 원어 가공 제품 포장, 가공장 관리책임자.",어패류(수산물) 가공기계 조작원,어류가공기조작원,학력무관,경력,"연봉 4,600만원 이상",고용형태,"부산광역시 서구 새벽시장길 35, 1층 (충무동1가)",1명,2026-09-08 21:06:13
https://www.jobkorea.co.kr/Recruit/GI_Read/5532579/Ext?siteCode=WN&sc=,813206,바우 연마공 우대 더보기,연삭기 및 연마(광택)기 조작원,광택기조작원,학력무관,관계없음,월급 300만원 ~ 400만원,고용형태,"부산광역시 사상구 낙동대로1356번길 68, 삼진금속 (삼락동)",1명,2026-09-08 21:06:14
https://www.jobkorea.co.kr/Recruit/GI_Read/5534592/Ext?siteCode=WN&sc=,215300,유치원 정교사 자격증 소지자 보육교사 2급 소지자 유아 돌봄을 함으로써 결격사유가 없는 자 아침돌봄 (7시~9시),교사보조 및 관련 종사원,-,학력무관,관계없음,"시급 12,380원 ~ 12,380원",고용형태,"부산광역시 강서구 신호산단1로140번길 16-3, 명지자연유치원 (신호동)",1명,2026-09-08 21:06:14
https://www.jobkorea.co.kr/Recruit/GI_Read/5533295/Ext?siteCode=WN&sc=,823301,주형작업 1명 수습 3개월 적용(수습기간 급여 동일),"주조원(목형원, 원형원, 주형원)",원형원,학력무관,관계없음,"시급 11,000원 ~ 11,000원",고용형태,부산광역시 사하구 보덕포1길 90 (장림동),1명,2026-09-08 21:06:14
https://www.jobkorea.co.kr/Recruit/GI_Read/5533652/Ext?siteCode=WN&sc=,542002,"특수경비 이수자 최우선 채용!!! 근무지 : 부산철도차량 정비단 고속기지 와 일반기지 인 원 : 3명 (3조2교대 근무원) 경비업무 : 1. 외부 불순분자의 침투 및 파괴활동 미연방지 등의 방호업무 2. 순찰을 통한 사고 및 위험요소 사전제거 3. 차량출입 통제등 근무시간 : 주간 08:00~18:00 / 야간 18:00~익일08:00 급여사항 : 경비대원(3조2교대) 2,700,00 우대사항 : 부산거주자 우선 선발","건물 경비원(청사,학교,병원,상가,빌딩,공장 등)",건물경비원,학력무관,관계없음,월급 280만원 ~ 280만원,고용형태,부산광역시 부산진구 신천대로 215 (당감동),1명,2026-09-08 21:06:14
https://www.jobkorea.co.kr/Recruit/GI_Read/5532887/Ext?siteCode=WN&sc=,890000,"1. 현장 내 베어링 주조작업 및 단순노동 2. 1년후 상여금 250% 지급(설날(100%),추석(100%), 여름휴가(50%)",기타 제조 관련 단순 종사원,-,학력무관,관계없음,"시급 10,500원 이상",고용형태,부산광역시 영도구 남항남로9번길 11 (남항동3가),1명,2026-09-08 21:06:15
https://www.jobkorea.co.kr/Recruit/GI_Read/5532675/Ext?siteCode=WN&sc=,531802,"- 영유아 급식 및 간식 조리 업무 - 8:00~14:00(휴게12:30~13:00), 주5일 30시간 -어린이집 조리사 경력자 우대",유치원·어린이집 급식 조리사,-,학력무관,경력,월급 162만원 이상,고용형태,"부산광역시 사하구 장평로443번길 42, . (괴정동)",2명,2026-09-08 21:06:15
https://www.jobkorea.co.kr/Recruit/GI_Read/5534327/Ext?siteCode=WN&sc=,531803,-영도 참편한 요양병원 조리원 -조리 및 전처리 담당 -경력무관 -06:00 ~ 18:00 (휴게 3시간 10분) -한달에 8번(근무 스케줄에 따른)휴무 / 연차1일 사용 (법정공휴일 근무시 추가 off 발생),병원 급식 조리사,-,학력무관,관계없음,월급 252만원 ~ 252만원,고용형태,부산광역시 영도구 동삼서로 21 (동삼동),1명,2026-09-08 21:06:16
https://www.jobkorea.co.kr/Recruit/GI_Read/5533669/Ext?siteCode=WN&sc=,028508,"[모집직무] 품질관리 사무원(기계·자동차·금속), 생산 및 품질관리 사무원, 공구 조립·검사원 [직무소개] 우리 회사는 고품질 유압실린더를 제작하는 선두 기업입니다. 본 직무에서는 유압실린더의 제조 프로세스에서 품질 관리, 조립 및 캐드 설계 업무를 담당합니다. [주요업무] - 유압실린더 조립 및 선급 검사 - 생산 공정 내 품질관리 및 문제 해결 - 캐드를 이용한 제품 설계 및 개선 - 업무 관련 기록 및 보고서 작성 - 기계 및 장비 사용 및 관리",품질관리 사무원(기계·자동차·금속),-,학력무관,경력,월급 300만원 ~ 380만원,고용형태,"부산광역시 강서구 대저중앙로 316-1, 진원하이드로릭 (대저1동)",1명,2026-09-08 21:06:16
https://www.jobkorea.co.kr/Recruit/GI_Read/5534274/Ext?siteCode=WN&sc=,307500,수술실 간호업무 더보기,간호조무사,-,학력무관,경력,월급 223만원 ~ 223만원,고용형태,"부산광역시 북구 금곡대로 27 (덕천동, 더청명빌딩)",1명,2026-09-08 21:06:17
https://www.jobkorea.co.kr/Recruit/GI_Read/5533942/Ext?siteCode=WN&sc=,550101,"부산 기장군 정관읍 휴먼시아1단지 (만 82세,3등급 여자 어르신) 이용일: 월~토요일시간: 09시~12시 (토요일도 근무가능함) 업무: 어르신 집 정리 및 말벗.병원동행 시급 13,000(기본시급+ 제세수당 별도)",요양보호사(노인요양사),노인요양사,학력무관,관계없음,"시급 13,000원 ~ 13,000원",고용형태,"부산광역시 기장군 정관4로 23, 105 (정관신도시 휴먼시아1단지)",1명,2026-09-08 21:06:17
https://www.jobkorea.co.kr/Recruit/GI_Read/5534031/Ext?siteCode=WN&sc=,890000,"직종 : 현장 단순 작업자 출하 후처리 작업 및 포장등 인원 : 1명 근무형태 : 월~금 기본 08:00~17:00 연장 17:30~20:00 토/일 특근: 주12시간이내에서 초과 근무 시급 : 10,320원 이상 (별도협의)",기타 제조 관련 단순 종사원,-,학력무관,관계없음,"시급 10,320원 ~ 10,320원",고용형태,"부산광역시 강서구 과학산단1로 171, 디아이튜브 (지사동)",2명,2026-09-08 21:06:17
https://www.jobkorea.co.kr/Recruit/GI_Read/5533531/Ext?siteCode=WN&sc=,813201,"1.cnc선반보조 2.cnc8인치 3대, 6인치1대 조작 및 프로그램 가공",CNC 선반 조작원(NC 선반 조작원),CNC선반기능원,학력무관,경력,"연봉 3,000만원 ~ 6,000만원",고용형태,부산광역시 강서구 화전산단5로98번길 34 (화전동),1명,2026-09-08 21:06:18
https://www.jobkorea.co.kr/Recruit/GI_Read/5533125/Ext?siteCode=WN&sc=,232100,"[반여동] 보육교사 모집 (만1세반) - 09:00 ~18:00 /주 5일 - 월 2,316,100원 - 보육교사 2급 이상 - 육아기 단축, 워라밸 모두 가능 - 아동학, 유아교육 전공자 우대 - 근무지: 해운대구 삼어로103 풀앤들어린이집 - 이력서 이메일 접수 hye6135@hanmail.net",보육교사,-,대졸(2~3년)~대졸(4년),신입,월급 231만원 ~ 231만원,고용형태,"부산광역시 해운대구 삼어로 103, 풀앤들어린이집 (반여동)",1명,2026-09-08 21:06:18
https://www.jobkorea.co.kr/Recruit/GI_Read/5533075/Ext?siteCode=WN&sc=,231100,1. 아동 지도 및 관리 2. 프로그램 기획 및 운영 3. 행정 및 회계 업무 4. 지역사회 연계 및 홍보,사회복지사,-,학력무관,신입,월급 228만원 ~ 292만원,고용형태,"부산광역시 사하구 하신번영로153번길 66, 2층 (신평동)",1명,2026-09-08 21:06:18
https://www.jobkorea.co.kr/Recruit/GI_Read/5530345/Ext?siteCode=WN&sc=,550100,"■ 근무지 기장군 기장읍 차성로 한신아파트 ■ 어르신 상태 92세 / 여자어르신/3등급 일요일에 근무 요함 (주간에는 주간보호센터를 이용) 집 안에서 휠체어를 타고 거동하시는 중 (상체는 활동 가능하며 하체는 도움 요함) 어르신의 인지는 괜찮으십니다. ■ 근무 조건 근무 요일: 일요일 주 1회 근무 시간: 7월8월-오전 8시 ~ 10시 9월부터는 오전 8시~11시까지 근무(목욕 도움) 업무 내용: (간단한 정리정돈, 식사도움, 화장실 이동 도움 등) 급여: 시급 18,160원(일요일 근무수당 1.5배 적용) ■ 지원 방법 전화 연락 부탁드립니다.",요양보호사,-,학력무관,관계없음,"시급 18,160원 ~ 18,160원",고용형태,"부산광역시 기장군 차성로344번길 13, 108동 (한신아파트)",1명,2026-09-08 21:06:19
https://www.jobkorea.co.kr/Recruit/GI_Read/5533128/Ext?siteCode=WN&sc=,561101,"[사직동 세계로병원] 미화원 모집 - 월~금 06:30~15:00(휴게: 오전 1.5시간, 오후 2시간) 토 06:30~12:00(휴게: 오전 1.5시간) - 월급 177만원 - 지원방법: 고용24, 팩스(051-743-6588)","건물 청소원(공공건물,아파트,사무실,병원,상가,공장 등)",-,학력무관,관계없음,월급 177만원 이상,고용형태,"부산광역시 동래구 종합운동장로 42, 세계로병원 (사직동)",1명,2026-09-08 21:06:19
https://www.jobkorea.co.kr/Recruit/GI_Read/5533876/Ext?siteCode=WN&sc=,813201,"cnc선반조작원 모집(장기적으로 오래 근무할 수 있는 사람 선호) 08:00~17:00/ 주 40시간 근무 내국인,외국인 모두 지원 가능 ** 월급은 경력에 따라 협의 가능 **",CNC 선반 조작원(NC 선반 조작원),CNC lath가공원,학력무관,관계없음,"시급 10,320원 ~ 10,320원",고용형태,부산광역시 사하구 다대로354번안길 79 (장림동),1명,2026-09-08 21:06:19
https://www.jobkorea.co.kr/Recruit/GI_Read/5530775/Ext?siteCode=WN&sc=,158102,"부산시 남구 대연5동에 위치한 (주)금성전력입니다 전기공사,정보통신,소방공사 면허보유한 업체 입니다 소방전기 및 소방기계 시공 가능한 직원을 모집하고 있습니다. 소방전기,기계분야 자격 보유자 희망합니다. 임금은 협의가능 합니다.",소방시설·설비 시공 기술자,소방설비기술자,학력무관,경력,월급 400만원 이상,고용형태,부산광역시 남구 못골번영로 57 (대연동),1명,2026-09-08 21:06:19
https://www.jobkorea.co.kr/Recruit/GI_Read/5531962/Ext?siteCode=WN&sc=,158103,"소방감리원 경력자 구인 등급:고급 이상 *자격증소지자 우대 *고급이상 등급 추후 협의가능 제출서류 : 희망연봉 기재된 이력서, 한국소방시설협회 경력확인서",소방공사 감리 기술자,-,학력무관,경력,"연봉 4,000만원 ~ 4,000만원",고용형태,"부산광역시 동구 범일로 38, . (범일동)",1명,2026-09-08 21:06:19
https://www.jobkorea.co.kr/Recruit/GI_Read/5532036/Ext?siteCode=WN&sc=,813104,철강 CNC 절단 CAD 업무 및 영업지원 업무 경력 : 신입~2년 근무조건 : 정규직 (수습 3개월) 급여 : 면접 후 결정,캐드캠 기능원,-,학력무관,경력,"연봉 3,000만원 ~ 3,100만원",고용형태,부산광역시 강서구 범방2로 18 (범방동),1명,2026-09-08 21:06:20
https://www.jobkorea.co.kr/Recruit/GI_Read/5530771/Ext?siteCode=WN&sc=,542000,"1. 저녁 6시출근 ~익일 9시 퇴근 격일근무 2. 저녁6시 ~ 7시까지 휴게시간 저녁7시 ~ 11시까지 당직근무 11시부터 악일 8시30분까지 취침시간 3. 격일근무이며 당직근무시 소방벨이 작동할시 제어해야함 컴퓨터 사용 가능한자 / 소방 1급, 2급,3급 자격증 필수",건물 관리원,-,학력무관,관계없음,월급 100만원 ~ 100만원,고용형태,"부산광역시 사하구 비봉로 93, 관리사무소 (신평동)",2명,2026-09-08 21:06:20
https://www.jobkorea.co.kr/Recruit/GI_Read/5531355/Ext?siteCode=WN&sc=,890000,"근면 성실하고 책임감이 강한 신입 및 경력 사원 모집합니다. 제이에스엠마린(주)는 선박의 소화설비, 안전장비, 구명장비의 정기 검사 업체입니다. 각 항만의 선박에 승선하여 전문 검사 및 정비 업무를 보조할 직원 모집합니다. 업무 특성상 지방 출장이 자주 있습니다. 경력자분은 면접시 연봉 협의 가능합니다. (가스관리자격증 소지자 별도 협의가능) 오래 근무하실 수 있는분 우대하며 누구든지 많은 지원 바랍니다.",기타 제조 관련 단순 종사원,-,학력무관,관계없음,"연봉 3,240만원 이상",고용형태,부산광역시 강서구 금호순서길 136 (대저2동),2명,2026-09-08 21:06:21
https://www.jobkorea.co.kr/Recruit/GI_Read/5532031/Ext?siteCode=WN&sc=,415100,"침구류 매트리스,베개관련 디자인 전반.",제품 디자이너,제품 디자이너,고졸~대졸(4년),경력,"연봉 2,600만원 ~ 4,000만원",고용형태,"부산광역시 강서구 화전산단1로 173, (주)디유티코리아 (화전동)",1명,2026-09-08 21:06:21
https://www.jobkorea.co.kr/Recruit/GI_Read/5531111/Ext?siteCode=WN&sc=,813210,1. MCT 작업 2. 유공압 가공품 제작 3. 다품종 소량생산 4. 화낙프로그램 작성 및 사용능숙자 (호리존탈 가능자 우대) 보유장비 : MCT 호리젠탈 - HU63A/NHM5000/HM5000/HC400 보유장비 : MCT 버티칼 - 5호기/6호기 보유장비 : CNC280/CNC400/터닝,머시닝센터(MCT) 조작원,머시닝가공원,학력무관,경력,"시급 13,000원 이상",고용형태,"부산광역시 강서구 미음산단1로15번길 53, 큐알피테크 (구랑동)",1명,2026-09-08 21:06:21
https://www.jobkorea.co.kr/Recruit/GI_Read/5532102/Ext?siteCode=WN&sc=,817300,"담당업무 - 중, 대형 선박 엔진 조립, 탑재, 검사 - 엔진 컨트롤, 전기/전자 제반업무 - 선박 기계 정비, 조립 자격요건 신체 건강 ,해외 출장 결격사유 없는분.차량소지자 우대사항 ㆍ영어사용 가능자 *유의사항 ㆍ허위사실이 발견될 경우 채용이 취소될 수 있습니다. ㆍ근무기간 : 1년이상 (협의가능) ㆍ근무장소:재택근무 기본 / 출장지 이동 ㆍ근무시간 : 기본 8시간 외 ㆍ복리후생 : 연차,국민연금,고용보험,산재보험,건강보험,중식제공,주차가능,근무복 지급 **면접을 통해 사내규정으로 연봉 협의 예정**",운송장비 조립원(항공기·선박·철도기관차·전동차 등 검사원 포함),선박엔진조립원,학력무관,경력,월급 250만원 ~ 350만원,고용형태,"부산광역시 강서구 제도로 767-16, 공장 (강동동)",5명,2026-09-08 21:06:22
https://www.jobkorea.co.kr/Recruit/GI_Read/5530204/Ext?siteCode=WN&sc=,550102,"다대동 몰운대 88세 4등급 여자어르신(독거) 케어를 함께할 요양보호사 선생님을 모십니다 주업무는 식사 위주, 청소, 요리, 말벗 도움 입니다 치매끼가 약간 있으셔서 치매 케어 경험자 우대입니다. 시간은 주 5일, 오전 9시부터 12시 입니다.",재가 요양보호사,-,학력무관,관계없음,"시급 10,320원 ~ 10,320원",고용형태,"부산광역시 사하구 다대낙조2길 50, 207동 (다대동, 도시몰운대임대아파트)",1명,2026-09-08 21:06:22
https://www.jobkorea.co.kr/Recruit/GI_Read/5531459/Ext?siteCode=WN&sc=,027208,"송영, 회계, 행정, 사무 등",단순 경리 사무원,단순경리사무원,대졸(4년)~석사,신입,월급 215만원 ~ 215만원,고용형태,"부산광역시 북구 만덕3로16번길 67, 부산 북구 만덕3로16번길 67 (덕천동)",1명,2026-09-08 21:06:22
https://www.jobkorea.co.kr/Recruit/GI_Read/5530203/Ext?siteCode=WN&sc=,550100,"다대동 몰운대 65세 4등급 남자어르신(독거) 케어를 함께할 요양보호사 선생님을 모십니다 주업무는 청소, 요리, 말벗 도움 입니다 시간은 주 5일, 오전 9시부터 12시 입니다.",요양보호사,-,학력무관,관계없음,"시급 10,320원 ~ 10,320원",고용형태,"부산광역시 사하구 다대낙조2길 50, 202동 (다대동, 도시몰운대임대아파트)",1명,2026-09-08 21:06:22
https://www.jobkorea.co.kr/Recruit/GI_Read/5532239/Ext?siteCode=WN&sc=,561102,"- 모집 직종 : 하우스맨 1명 - 근무 장소 : 부산시 연제구 중앙대로 1121, 하얏트플레이스 호텔 부산 연산 (지하철 1호선 연산역 7번출구 안락R 방향 100m) - 직무 내용 객실 관리 지원(비품 공급 등) 객실 쓰레기 및 재활용품 수거 복도, 팬트리, 서비스 구역 정리 및 청결 유지 룸메이드 요청 시 청소 지원 린넨실 및 장고 재고 관리 지원 공용부 청소 지원 - 자격 요건 : 하우스맨 유 경험자 우대 - 근무 조건 고용 형태 : 정규직 (수습기간 1개월) 근무 형태 : 주 5일 스케쥴 근무 (1일 8시간) - 급 여 : 월 2,400,000원 - 복지 및 혜택 퇴직금 및 4대 보험","호텔·콘도·숙박시설 청소원(룸메이드,하우스키퍼)",호텔청소원,학력무관,관계없음,월급 240만원 이상,고용형태,"부산광역시 연제구 중앙대로 1121, 하얏트 플레이스 호텔 부산 연산 (연산동)",1명,2026-09-08 21:06:22
https://www.jobkorea.co.kr/Recruit/GI_Read/5531457/Ext?siteCode=WN&sc=,871100,저희 사하단팥빵은 단과자빵 위주의 빵을 만들고 있는 제과점입니다. 포장을 제외한 반죽 성형 오븐 주된업무입니다. - 주6일. 08:00~17:00 - 연차/여름휴가 8일간 - 급여 : 280만원~330만원 식대 별도 제공,제과원 및 제빵사,제과사(제과원),학력무관,경력,월급 280만원 ~ 330만원,고용형태,"부산광역시 사하구 다대로 584, 1층,2층 (다대동)",1명,2026-09-08 21:06:23
https://www.jobkorea.co.kr/Recruit/GI_Read/5531456/Ext?siteCode=WN&sc=,028505,"*품질관리부서에서의 일반적인 업무수행 - HACCP관리, ISO인증서 관리, 미생물 실험, 작업자 위생교육, 품목제조보고서 관리, 자가품질검사 의뢰 등 * HACCP 관리(신입가능) * 식품계열 전공자",생산관리 사무원(음식료품),음식료품 관련 생산관리원,학력무관,경력,월급 230만원 이상,고용형태,"부산광역시 사하구 장평로132번길 20, 20",1명,2026-09-08 21:06:23
https://www.jobkorea.co.kr/Recruit/GI_Read/5530282/Ext?siteCode=WN&sc=,813201,cnc선반유압밸브류 6인치화낙 조작원 (경력직 임금 협의 가능합니다) 주간근무08:00-18:00,CNC 선반 조작원(NC 선반 조작원),CNC터닝선반조작원,학력무관,경력,"시급 11,000원 이상",고용형태,"부산광역시 사하구 다대로170번길 86, 신영이엔지 (신평동)",2명,2026-09-08 21:06:23
https://www.jobkorea.co.kr/Recruit/GI_Read/5532257/Ext?siteCode=WN&sc=,550101,"-노인요양시설 어르신 케어서비스 제공 -2교대 근무(주간 09:00~18:00, 휴게시간 1시간)(야간 18:00~08:00, 휴게시간 5시간) -경력무관 -필수사항 : 요양보호사자격증 소지자 -서류접수방법 : 우편, 이메일, 팩스, 고용24 입사지원 -제출서류 : 이력서, 자격증 사본 * 주40시간 초과근로시 수당 별도지급 * 야간근로 가산수당 별도지급",요양보호사(노인요양사),요양보호사,학력무관,관계없음,월급 220만원 이상,고용형태,부산광역시 사하구 천해로 131 (감천동),1명,2026-09-08 21:06:24
https://www.jobkorea.co.kr/Recruit/GI_Read/5531562/Ext?siteCode=WN&sc=,706000,"담당업무 비계 설치·해체 현장 관리 자재 관리 및 현장 정리 서류 작성 및 문서 관리 거래처 응대 및 기타 사무업무 지원자격 원자력 근무자 우대 학력·경력 무관(신입 지원 가능) 운전면허 소지자 컴퓨터 활용 가능자(한글, 엑셀) 필수 현장과 사무업무를 함께 수행할 수 있는 분",건설 및 광업 단순 종사원,-,학력무관,관계없음,월급 300만원 이상,고용형태,"부산광역시 기장군 해맞이로 454, 고리원자력",1명,2026-09-08 21:06:24
https://www.jobkorea.co.kr/Recruit/GI_Read/5584394/Ext?siteCode=WN&sc=,158102,소방시설 점검업무.,소방시설·설비 시공 기술자,화재감지설비설치원,학력무관,관계없음,"시급 10,320원 이상",고용형태,"부산광역시 사상구 사상로 135 (감전동, 삼보빌딩)",3명,2026-09-08 21:06:24
https://www.jobkorea.co.kr/Recruit/GI_Read/5530283/Ext?siteCode=WN&sc=,232903,"장애인활동지원사 모집 - 이용자 : 초등학생 / 남 / 자폐성장애 (**자폐장애에 대한 이해가 있는 분**) - 월 120시간 - 근무장소 : 영도구 청학동 (미주비치아파트 근처) - 근무요일 : 주 5일 - 근무시간 : (월,목) 07:30~08:30, 12:30~16:30 (화,수,금) 07:30~08:30, 13:30~17:30 개학 기준이며 방학 때는 시간 변동 있음 - 직무내용 : 신체활동지원 (등교준비), 사회활동(등하교, 치료실 동행, 산책, 운동 등 외부활동) - 시급 : 10,320원 + 각종 수당 (주휴수당, 연차수당, 연장수당, 공휴일수당 등) - 기타 : 4대보험 가입, 상해보험 가입, 퇴직금 지급",장애인 생활지도원(장애인활동보조원 포함),장애인활동지원사,학력무관,관계없음,"시급 10,320원 ~ 10,320원",고용형태,"부산광역시 영도구 청학남로60번길 26, 2층 (청학동)",1명,2026-09-08 21:06:24
https://www.jobkorea.co.kr/Recruit/GI_Read/5531359/Ext?siteCode=WN&sc=,159103,1. 프로젝트/호선별 승인 도면 작성 및 사내 배포 2. 제품별 BOM 작성 및 관리 3. 2D 및 3D 도면 작성 가능자 4. 지스타 캐드 및 엑셀 능숙자 우대,기계·금속 제도사(캐드원),-,대졸(4년)~박사,관계없음,"연봉 3,400만원 이상",고용형태,"부산광역시 강서구 미음산단1로15번길 53, 큐알피테크 (구랑동)",1명,2026-09-08 21:06:25
https://www.jobkorea.co.kr/Recruit/GI_Read/5531447/Ext?siteCode=WN&sc=,026501,"[모집직무] 사무원(A/S, 일반사업체) [직무소개] 아미쿡은 2002년 설립된 주방기구 선진화 업체로, 환경과 건강을 위한 고객 우선을 강조하며 다양한 조리도구를 생산하고 있습니다. 본 직무는 고객과의 소통과 영업 보조 업무를 통해 원활한 업무 진행을 지원하며, 회사의 성장에 기여하게됩니다. [주요업무] - 고객 A/S 문의 접수 및 배치 - A/S 관련 문서 작성 및 관리 - 전화 응대 및 상담 - 영업팀에 필요한 사무 지원 업무 - 기타 업무 지시에 따른 업무 수행",총무 및 일반 사무원,총무사무원,학력무관,관계없음,월급 220만원 ~ 260만원,고용형태,부산광역시 사하구 다산로106번길 47 (다대동),1명,2026-09-08 21:06:25
https://www.jobkorea.co.kr/Recruit/GI_Read/5532092/Ext?siteCode=WN&sc=,890006,"[향미식품 떡 제조 생산직 모집] 0 직무 : 식품분야 단순 종사원 0 자격요건 : 경력, 학력 무관, 신입가능 0 업무내용 : 떡꼬치 만들기, 떡 내포장 작업 0 시간: 주 5일(월~금) 09:00-18:00 0 월급: 2,156,880원 ★우대사항 : 식품포장기계 운영,지게차 운영 - 지원방법 : 고용24 회원가입-로그인-구직신청(경력 및 자격증, 사진, 자기소개서 등록 등)-구인공고 화면- [입사지원] 클릭하기",식품 분야 단순 종사원,식품분야 단순노무자,학력무관,관계없음,월급 215만원 ~ 215만원,고용형태,"부산광역시 사하구 을숙도대로755번길 15-8, 105동203호 (구평동)",5명,2026-09-08 21:06:26
https://www.jobkorea.co.kr/Recruit/GI_Read/5577048/Ext?siteCode=WN&sc=,026502,"치과 데스크 업무 [모집직무] 의료서비스, 진료실 지원, 환자 관리, 치과 진료 지원 [주요업무] - 환자 등록 및 환자 관리 - 진료실 진료업무 지원 - 대기실 청소 및 위생 관리",병원행정 사무원(원무),-,대졸(2~3년)~대졸(4년),관계없음,월급 230만원 이상,고용형태,"부산광역시 부산진구 가야대로 753, 12층 (부전동, 디알메디컬)",2명,2026-09-08 21:06:26
https://www.jobkorea.co.kr/Recruit/GI_Read/5532107/Ext?siteCode=WN&sc=,026201,온라인 광고 및 홍보 [직무소개] ㈜디유티코리아는 폴리우레탄 제품 전문 기업으로 30년이 넘는 역사를 자랑합니다. 최근 자체 연구개발을 통한 인체 친화적인 다탄성 폼 매트리스를 출시하여 새로운 시장을 선도하고 있습니다. 본 직무는 이 매트리스를 온라인 채널을 통해 효과적으로 홍보하고 판매를 촉진하는 역할을 담당합니다. [주요업무] - 온라인 매트리스 판매 채널 운영 및 관리 - 온라인 마케팅 캠페인 기획 및 실행 - 소셜 미디어 활용한 제품 홍보 및 고객과의 소통 - 온라인 고객 이벤트 및 프로모션 운영 - 판매 분석 및 데이터 기반 마케팅 전략 수립,마케팅·광고·홍보·상품기획 사무원,-,학력무관,경력,월급 230만원 ~ 350만원,고용형태,"부산광역시 강서구 화전산단1로 173, (주)디유티코리아 (화전동)",1명,2026-09-08 21:06:27
https://www.jobkorea.co.kr/Recruit/GI_Read/5531118/Ext?siteCode=WN&sc=,813209,NCT(펀칭) 기술자를 도와서 간단한 컴퓨터 작업을 할수 있으면 됩니다.,금속절곡기 조작원(밴딩기 조작원),NC절곡기조작원,학력무관,신입,"시급 11,000원 이상",고용형태,"부산광역시 사상구 학감대로 184-23, 경동금속주방 (학장동)",1명,2026-09-08 21:06:27
https://www.jobkorea.co.kr/Recruit/GI_Read/5531461/Ext?siteCode=WN&sc=,140303,토목 시공 기술자 현장종사원,토목시공 기술자(토목견적 포함),토목시공기술자,고졸~대졸(4년),경력,월급 300만원 ~ 400만원,고용형태,"부산광역시 사상구 사상로 520-16 (모라동, 모라엘리시아)",1명,2026-09-08 21:06:27
https://www.jobkorea.co.kr/Recruit/GI_Read/5531465/Ext?siteCode=WN&sc=,813104,"저희 회사는 레이저 6K 1대, 12K(6M) 1대, 20K 1대 보유하고 있는 레이저 가공 업체로서 CAD,CAM 경력기준입니다 CAM 프로그램 렌텍 사용합니다 많은 관심과 지원 바랍니다,",캐드캠 기능원,-,학력무관,경력,"연봉 4,500만원 ~ 4,600만원",고용형태,"부산광역시 강서구 낙동남로549번길 34 (녹산동, 그랜드160)",2명,2026-09-08 21:06:28
https://www.jobkorea.co.kr/Recruit/GI_Read/5531723/Ext?siteCode=WN&sc=,890006,- 생산현장 작업 - 수산물 가공 업무 - 제품 포장 업무,식품 분야 단순 종사원,식품분야 단순노무자,학력무관,관계없음,"시급 10,450원 이상",고용형태,부산광역시 강서구 녹산산단381로 36 (송정동),5명,2026-09-08 21:06:28
https://www.jobkorea.co.kr/Recruit/GI_Read/5531119/Ext?siteCode=WN&sc=,531800,"사상구 괘법동에 위치한 두레주간보호센터/ (오후/종일반)조리원를 아래와 같이 채용하고자 합니다. 1. 직종 및 인원 - 직종: (오후)조리원 (4시간 근무, 13:30-17:30 (휴게시간 30분/ 급여로 지급함.) (종일)조리원 (8시간 근무 , 휴게시간 12:30-13:30, (오전/오후 조리원과 함께 근무)) - 직무내용 : -오후반 : 식사 정리정돈 및 주간보호센터 내 조리 (저녁, 오후간식) -종일반 : 주간보호센터 내 조리 (아침, 점심,저녁, 간식) 및 식사 정리정돈 - 모집 인원: 2명 2. 채용조건 - 근무장소: 두레주간보호센터 - 근로시간 : 시간제 : 주5일 근무/ (오후)조리원 (4시간 근무, 13:30-17:30 (휴게시간 30분/ 급여로 지급함.) (종일)조리원 (8시간 근무 , 휴게시간 12:30-13:30, (오전/오후 조리원과 함께 근무) - 보수: (시간) 10,320원- 선호 조건 : 인근 거주자 3.채용사항 -접수방법 : 방문",단체급식 조리사,-,학력무관,신입,"시급 10,320원 ~ 10,320원",고용형태,부산광역시 사상구 광장로87번길 97 (괘법동),2명,2026-09-08 21:06:29
https://www.jobkorea.co.kr/Recruit/GI_Read/5529872/Ext?siteCode=WN&sc=,153100,"[모집직무] 배전반 설계, 전기 판넬 설계, 선박 전기 시스템, 전기 엔지니어, 자동화 시스템 [직무소개] 우리 회사는 선박용 전기 시스템 설계 전문 기업입니다. 다양한 선박 종류에 필요한 배전반 및 전기 판넬을 설계하고 제작합니다. 본 직무는 선박용 배전반 및 전기 제어 시스템 설계에 참여합니다. [주요업무] - 선박용 배전반 및 전기 판넬 설계 - 선박 전기 시스템 설계 - 설계 도면 및 기술 자료 작성 - 클라이언트와의 소통 및 협업",전기공학 기술자 및 연구원,-,학력무관,관계없음,월급 250만원 이상,고용형태,"부산광역시 강서구 화전산단2로 69-8, 1층 (화전동)",2명,2026-09-08 21:06:30
https://www.jobkorea.co.kr/Recruit/GI_Read/5529423/Ext?siteCode=WN&sc=,872900,각종 수산물 제조(전처리) 및 포장 상여금 별도(1년후 100%지급),"기타 식품 가공 관련 기능 종사원(건강원,탕제원 등)",건강원 종사자,학력무관,관계없음,"시급 10,320원 ~ 10,320원",고용형태,"부산광역시 서구 원양로 1, 수산가공선진화단지 B동 207호 해농수산 (암남동, 수산가공선진화단지)",2명,2026-09-08 21:06:30
https://www.jobkorea.co.kr/Recruit/GI_Read/5527722/Ext?siteCode=WN&sc=,890000,"부산기장군 정관 산단7로59 에 위치한 기타 신발 및 선박용 고무부품 제조업체입니다 제조 단순 노동 작업자 구인합니다. 부산기장 및 근교에 계신 분 많이 지원해주세요. 협의 후 강서구, 금사 쪽 통근차량 이용가능합니다",기타 제조 관련 단순 종사원,-,학력무관,관계없음,월급 230만원 ~ 250만원,고용형태,"부산광역시 기장군 정관읍 산단7로 59, 예림리 1091-2",2명,2026-09-08 21:06:30
https://www.jobkorea.co.kr/Recruit/GI_Read/5584340/Ext?siteCode=WN&sc=,028500,"- 3차원 측정기 , 형상 측정기 운용 - 검사 성적서 작성 - QSA, 피팝 대응 - 협력사 품질문서 대응",생산 및 품질관리 사무원,공정관리기술자,학력무관,관계없음,"연봉 3,500만원 이상",고용형태,"부산광역시 강서구 녹산산단382로 40, 주식회사 제이모션텍 (송정동, 공장전체)",1명,2026-09-08 21:06:31
https://www.jobkorea.co.kr/Recruit/GI_Read/5527723/Ext?siteCode=WN&sc=,013100,"[주요업무] - 연구과제 기획, 선정, 협약 및 진도 관리 - 연구비 예산 편성, 집행, 정산 등 연구비 관리 - 연구 과정 및 결과 보고서 작성 - 연구 자료 및 정보 수집 및 분석 - 회사 및 외부 관계자와의 협력",연구 관리자(부서장),-,학력무관,관계없음,"연봉 3,000만원 ~ 5,000만원",고용형태,부산광역시 기장군 기장읍 차성로190번길 33,1명,2026-09-08 21:06:31
https://www.jobkorea.co.kr/Recruit/GI_Read/5528064/Ext?siteCode=WN&sc=,215102,"1. B2G/B2B 이러닝 교육 프로그램 운영 - 이러닝 교육 기획/운영/성과분석 등 교육 과정 전반 관리 - 고객 요구 분석 및 맞품형 교육 플랫폼 운영 - HRD-Net 행정시스템 및 LMS 운영관리 - 성과 분석 및 보고서 작성 2. 부서원 관리 및 교육 운영 관련 업무 조율 3. 외부 파트너 및 이해 관계자와의 협력 및 커뮤니케이션 우대사항 - 온라인/이러닝 교육 운영 경력 3년 이상 - 훈련기관 인증 평가 및 과정 심사 경험이 있으신분- - K-디지털 기초역량훈련, K-디지털 트레이닝 등 B2B/B2G 교육 사업에 대한 이해도가 있으신분 관련 자격증 보유자 우대 - 평생교육사, 이러닝운영관리사 - 컴퓨터 관련 4년제 전공 졸업자 - 정보처리기사",교재·교구 및 e-learning 교육 전문가,학습컨텐츠개발원,학력무관,관계없음,"연봉 2,600만원 ~ 3,300만원",고용형태,"부산광역시 북구 백양대로 1025, 216호 세종평생교육원 (구포동, 협진태양아파트)",1명,2026-09-08 21:06:31
https://www.jobkorea.co.kr/Recruit/GI_Read/5527721/Ext?siteCode=WN&sc=,140303,구포재개발현장 공사직원급 모집합니다. 조건-1 토목 경력자 모집 2. 나이는 60세미만 3. 학력 자격 무관하며 기술인등급은 초급이상 4. 부산인근 출퇴근 가능자,토목시공 기술자(토목견적 포함),토목시공기술자,학력무관,경력,월급 400만원 ~ 500만원,고용형태,부산광역시 동구 충장대로 160 (초량동),1명,2026-09-08 21:06:32
https://www.jobkorea.co.kr/Recruit/GI_Read/5527664/Ext?siteCode=WN&sc=,813207,"당사는 현대자동차2차협력업체로 프레스 및 용접ASSY 제품을 생산하는 자동차부품 제조업체입니다. ◆ 프레스반 생산직 사원을 모집합니다 ◆ 1. 업무: 프로그레시브(자동)라인, 3P로봇자동화라인 프레스작업 2. 모집인원: 4명 3. 프레스 경력직, 금형셋팅가능자, 동종업계 유경험자 우대합니다. 4. 급여 : 최저시급 적용~, 연차&특근수당 외 5. 근무시간: 상세내용 참조 6. 접수방법: 워크넷입사지원, 팩스-이력서,자기소개서(팩스: 051-529-8055)",프레스기 및 절단기 조작원,프레스절단가공원,학력무관,관계없음,"시급 10,320원 이상",고용형태,"부산광역시 기장군 장안읍 장안산단2로 35, 반룡리829-6",3명,2026-09-08 21:06:32
https://www.jobkorea.co.kr/Recruit/GI_Read/5529855/Ext?siteCode=WN&sc=,531803,[괴정동] 해피빌요양원 조리원 모집 - 요양시설 조리원 - 주 5일 근무 (D : 09:00-18:00 / D1 : 05:30-14:30 / D2 : 05:30-18:00) - 연장근로수당 별도지급 - 조리사 자격증 미소지자도 지원가능(조리사 자격증 소지자 우대) - 정년 만65세 입니다,병원 급식 조리사,병원급식조리사,학력무관,관계없음,월급 215만원 이상,고용형태,부산광역시 사하구 다대로83번길 111 (괴정동),1명,2026-09-08 21:06:32
https://www.jobkorea.co.kr/Recruit/GI_Read/5528983/Ext?siteCode=WN&sc=,232100,"<1세반 담임교사를 채용합니다.> 발고 건강한 웃음의 책임감있는 교사분들의 많은 지원 바랍니다. 1차전형 : 이메일로 서류제출(이력서,자기소개서,자격증사본,등본1통(채용시),경력증명서 주시면 검토 후 연락드리겠습니다. ghdi1282@hanmail.net 2차전형 : 서류면접 통과 교사에 한해 면접 ***단,접수된 서류는 반환하지 않습니다.",보육교사,-,학력무관,관계없음,월급 231만원 ~ 254만원,고용형태,"부산광역시 남구 우암로 300, 공립오션파라곤어린이집 (문현동, 부산오션파라곤아파트)",1명,2026-09-08 21:06:32
https://www.jobkorea.co.kr/Recruit/GI_Read/5527691/Ext?siteCode=WN&sc=,155101,"수처리 전문 기업 [태현이엔지]에서 시설 관리 및 안전 관리를 담당할 유능한 가스 전문가를 모십니다 (주요업무) -수처리 공정 내 가스 시설(염소, 오존, LNG 등) 안전 관리 및 법정 선임 -관련 법적 서류 작성 및 인허가 업무 -프로젝트의 전반적인 관리 및 일정 조율 -관련 법규 및 규정을 준수하여 업무진행 -고객 요구사항을 반영한 맞춤형 솔루션 제공 (우대사항) -수처리 시설 또는 환경·화학 공장 근무 경력자 우대 -수처리 공정설계 및 관리 경험 -환경공학, 화학공학 등 관련 전공 학사 -기계설비 관련 자격증(기사, 기능사) -협업 능력이 뛰어나신 분 (필수) 가스기사 또는 가스산업기사 자격증 소지자 (필수) 가스안전관리자 법정 선임에 결격 사유가 없는 분 Auto CAD / 3DCAD / 2D CAD 자격증 우대",가스 기술자 및 연구원,충전시설안전관리자,학력무관,경력,월급 250만원 이상,고용형태,"부산광역시 사하구 감천항로 221-9 (구평동, 2층)",1명,2026-09-08 21:06:32
https://www.jobkorea.co.kr/Recruit/GI_Read/5529856/Ext?siteCode=WN&sc=,821200,[직무소개] 우리 회사는 고품질의 단조 제품을 생산하는 전문 기업입니다. 본 채용은 단조 공정 이후 후처리 및 쇼트 작업을 담당하는 능숙한 인력을 확보하기 위한 것입니다. [주요업무] - 단조 제품의 쇼트 공정 수행 - 단조 후처리 공정 지원 - 작업 환경을 청결하고 안전하게 유지 - 작업 지시사항에 따라 정확하게 작업 - 다른 작업자들과 협력하여 작업 효율 향상,금속가공 기계 조작원,-,학력무관,경력,월급 220만원 이상,고용형태,부산광역시 사하구 다산로208번길 7,1명,2026-09-08 21:06:32
https://www.jobkorea.co.kr/Recruit/GI_Read/5529659/Ext?siteCode=WN&sc=,531803,"조리, 전처리, 상차림, 설거지, 청소 등 입원환자 및 직원 식사 관련 업무 (병동배식X)",병원 급식 조리사,-,학력무관,관계없음,월급 250만원 ~ 250만원,고용형태,"부산광역시 수영구 광일로43번길 25, 백세요양병원",1명,2026-09-08 21:06:33
https://www.jobkorea.co.kr/Recruit/GI_Read/5528628/Ext?siteCode=WN&sc=,550102,"따뜻한 마음으로 어르신을 가족처럼 케어해 주실 소중한 요양보호사 선생님을 모집합니다. 독거 어르신으로 거동이 양호하셔서 식사 및 가사 지원 중심의 편안한 업무입니다. 📋 근무 조건 근무 형태: 방문요양 근무 지역: 부산시 서구 천마로 (남부민동) 근무 요일: 월-토 (주 6일) or 월-금 (주 5일) 근무 시간: 08:00 ~ 11:00 or 09:00~12:00 (하루 3시간) 급여 조건: 13,000원 (제수당 포함) 👵 대상자 정보 및 케어 내용 대상자: 73세 여성 어르신 (장기요양 4등급) 건강 상태: 거동 문제 없음 (독거) 주요 업무: 밑반찬 준비 도움, 말벗 등 기본적 케어 ⭐ 기타 참고 사항 어르신께서 불교신자이시며, 방에 관련 불교 용품이 다수 구비되어 있습니다. 불교 종교문화를 이해해 주시거나 정서적으로 편안하게 받아들여 주실 수 있는 선생님이면 더욱 좋습니다. 거동이 원활하셔서 케어 난이도가 높지 않으며, 케어 큰 어려움이 없으신 어르신 입니다. 궁금하신 점은 051-925-9972로 연락주시기 바랍니다.",재가 요양보호사,-,학력무관,관계없음,"시급 10,320원 ~ 10,320원",고용형태,"부산광역시 서구 부민동2가 구덕로 225, 동아대 부민캠퍼스 인근 (부민동2가)",1명,2026-09-08 21:06:33
https://www.jobkorea.co.kr/Recruit/GI_Read/5529578/Ext?siteCode=WN&sc=,813210,산업기계 부품가공 조선기자재 가공,머시닝센터(MCT) 조작원,-,학력무관,경력,"연봉 5,000만원 이상",고용형태,"부산광역시 강서구 제도로1022번길 31, 프로테크 (강동동)",2명,2026-09-08 21:06:33
https://www.jobkorea.co.kr/Recruit/GI_Read/5528955/Ext?siteCode=WN&sc=,159103,"산업용 고속자동문 영업 및 CAD 업무 외 주 5일 근무 근무시간 : 08:00~18:30 퇴직연금,연차,잔업수당,특근수당 있습니다. 점심제공",기계·금속 제도사(캐드원),-,학력무관,경력,"연봉 3,500만원 ~ 3,500만원",고용형태,부산광역시 사상구 감전천로 215 (감전동),1명,2026-09-08 21:06:34
https://www.jobkorea.co.kr/Recruit/GI_Read/5527727/Ext?siteCode=WN&sc=,834000,"(주)마이텍 ( 강서구 미음산단 4로33) 1) 학력 : 고졸이상 2) 경력 5년 이상 3) 근무시간 : 07시 50분 ~ 17시10분, 주5일 4) 필수 자격사항 - 에너지 관리기사, 에너지관리산업기사, 에너지관리기능장 또는 에너지 관리기능사 - 가스기능사 5) 직무 : 공장 및 사무동 설비관리 및 유지보수, 전기관리, 보일러관리 6) 연봉 : 협의 가능 7) 입사후 3개월 수습기간 적용 * 실제 구직의사 있는분들만 접수 부탁드립니다.",전기 및 전자설비 조작원,-,학력무관,경력,"연봉 3,000만원 이상",고용형태,부산광역시 강서구 미음산단4로 33 (미음동),1명,2026-09-08 21:06:34
https://www.jobkorea.co.kr/Recruit/GI_Read/5529650/Ext?siteCode=WN&sc=,027206,"경리 📋 주요업무 비용(경리) 업무 담당자 모집(0명) ■ 주요업무 전표 입력 및 관리 (이카운트/자체 ERP 사용) 가맹점 및 본사 비용 처리 전반 매입·매출 내역 정리 및 관리 자금일보 및 정산 자료 작성 수산물 및 식자재 관련 비용 관리 가맹점 정산 및 공급가 관리 학력 무관 / 전공 무관 회계·경리 실무 엑셀 활용 기본 데이터 정리 가능자 이카운트 프로그램 사용 우대 / erp전반에 대한 지식이 있는자 책임감 있고 정확한 업무 처리 가능자 ■ 우대사항 프랜차이즈 본사 또는 외식업 경력자 이카운트 사용 경험자 다수 매장/가맹점 비용 관리 경험자 꼼꼼하고 체계적인 업무 성향 보유자 🏠 근무조건 • 고용형태 : 정규직 • 급여 : 월급 250만원 • 근무지 : 부산 수영구 광안해변로295번길 4-5 ■ 복지 및 혜택 4대 보험 및 퇴직금 휴일 근무 수당 지급(휴일근무없음) 자사 브랜드(삼바리) 직원 할인 🚀 채용절차 접수방법 :고용24 입사지원 전형절차 : 서류전형 → 1차면접 → 최종합격 🛎️ 유의사항 • 입사지원 서류에 허위사실이 발견될 경우, 채용확정 이후라도 채용이 취소될 수 있습니다.",경리 사무원(일반사업체),경리,학력무관,관계없음,월급 250만원 ~ 250만원,고용형태,"부산광역시 수영구 광안해변로295번길 4-5, 3층 위어스컴퍼니 (민락동)",1명,2026-09-08 21:06:35
https://www.jobkorea.co.kr/Recruit/GI_Read/5529768/Ext?siteCode=WN&sc=,231100,"- 근무지: 해운대구 해운대로 361 센텀삼환아파트 내 상가 303호 - 직무내용: 사회복지사 내, 외근직 업무(라운딩) 나이,경력무관/어르신을 이해하고 존중하는 분 희망 컴퓨터, 서류업무 가능자, 사회활동 유경험자 우대 - 근무시간: 09:00~18:00(주5일) - 급여: 월급 220만원 차량소지자 유류대 지원(10만원), 미소지자 교통카드 제공 - 제출서류: 이력서 - 접수방법: 채용담당자 통화 후 방문 면접 - 채용문의: 센터장 010-9177-5557",사회복지사,-,학력무관,관계없음,월급 220만원 ~ 220만원,고용형태,"부산광역시 해운대구 해운대로 361 (우동, 센텀삼환아파트)",1명,2026-09-08 21:06:35
https://www.jobkorea.co.kr/Recruit/GI_Read/5528339/Ext?siteCode=WN&sc=,550101,"- 문현경동라인아파트 인근 거주- - 2등급/할머니/80대 후반/독거 - 가사도움(반찬 및 식사준비도움, 청소 등), 병원동행 등 - 주5일 - 09:00~12:00(3시간) - 중증수당별도지급 - 담당자 연락처 010-2202-0637",요양보호사(노인요양사),-,학력무관,관계없음,"시급 10,320원 ~ 13,000원",고용형태,"부산광역시 남구 수영로39번가길 77, . (문현동)",1명,2026-09-08 21:06:35
https://www.jobkorea.co.kr/Recruit/GI_Read/5527719/Ext?siteCode=WN&sc=,624400,"[모집직무] 선박관리, 항만운영, 자율운항, 해운법규, 선사업 [직무소개] 대진해운은 국내항 모래선 2척을 운항하며 오랜 경험을 바탕으로 안정적인 운영을 이어오고 있습니다. 본 채용은 선박 운영 및 관리를 책임지고 효율적이고 안전한 항만 운영을 지원할 공무감독을 모집합니다. [주요업무] - 선박 운항 관리 및 감독 - 항만 운영 및 관리 지원 - 선박 관련 법규 및 규정 준수 - 안전 관리 시스템 운영 - 운항 및 관리에 관한 보고 서 작성",선박 승무원 및 관련 종사원,선박갑판원,학력무관,경력,월급 500만원 ~ 500만원,고용형태,"부산광역시 영도구 태종로 70, 3층 (대교동1가)",1명,2026-09-08 21:06:36
https://www.jobkorea.co.kr/Recruit/GI_Read/5527734/Ext?siteCode=WN&sc=,813105,"[모집직무] 금형 제작, 프레스 기계 운영, 제품 생산, 재료 관리, 공정 관리 [직무소개] 우리 회사는 금속 재료를 활용하여 다양한 금형을 제작하고 프레스 기계를 통해 제품을 생산, 산업기계를 제작하는 업체입니다. 본 직무는 금형 제작 및 프레스 기계 작동을 지원하는 중요한 역할을 수행합니다. [주요업무] - 금형 제조 지원 - 프레스 기계 운영 지원 - 제품 생산 라인 지원 - 재료 준비 및 관리 - 작업 공간 정리 및 청소",금형제조 보조원,-,학력무관,관계없음,월급 250만원 ~ 280만원,고용형태,"부산광역시 강서구 공항로1347번길 72-13, 금호정밀 (대저1동)",1명,2026-09-08 21:06:36
https://www.jobkorea.co.kr/Recruit/GI_Read/5527690/Ext?siteCode=WN&sc=,151100,"당사는 기계, 가스, 상하수도 설비업체로 능력있는 설계원을 모집합니다. (주요업무) -기계설비(수처리) 공정 설계 및 관련 도면 작성 업무 -프로젝트의 전반적인 관리 및 일정 조율 -현장실사를 통한 설계, 현장관리 -관련 법규 및 규정을 준수하여 업무진행 -고객 요구사항을 반영한 맞춤형 솔루션 제공 (우대사항) -수처리 공정설계 및 관리 경험 -환경공학, 화학공학 등 관련 전공 학사 -*기계설비 관련 자격증 필수 (기사, 기능사등) *(전산응용, 공조냉동, 기계정비, 위험물, 용접, 배관, 전기 등) -협업 능력이 뛰어나신 분 Auto CAD / 3DCAD / 2D CAD 자격증 우대",기계공학 기술자 및 연구원,-,학력무관,경력,월급 250만원 이상,고용형태,"부산광역시 사하구 감천항로 221-9 (구평동, 2층)",1명,2026-09-08 21:06:37
https://www.jobkorea.co.kr/Recruit/GI_Read/5581806/Ext?siteCode=WN&sc=,026501,"[ 담당업무 ] • 사업장 산업안전보건 관리 체계 운영 및 산업재해 예방 관리 • 현장 위험성평가 실시 및 개선 대책 수립/적용 • 안전보건교육 실시 및 법적안전관리 이행 • 안전보건 관련 서류 작성 및 관리 • 기관 감독 대응 및 비상 상황 관리 • 소방시설 관리 • 시설물 유지 관리 • 총무업무 일반 [ 지원자격 ] • 안전관리자 경력 5년 이상 보유자 • 산업안전보건법 등 관계 법령 준수 및 대응 업무 수행 경력자 • 중대재해처벌법, 산업안전보건법 등 관련 법령에 대한 이해도가 높은 자 [ 우대사항 ] • 방산 분야 경험 보유자 • 제조업 공정 전반 이해 가능자 • ERP 시스템 활용 가능자",총무 및 일반 사무원,총무사무원,학력무관,경력,월급 350만원 이상,고용형태,부산광역시 강서구 녹산산단261로59번길 14 (송정동),1명,2026-09-08 21:06:37
https://www.jobkorea.co.kr/Recruit/GI_Read/5525208/Ext?siteCode=WN&sc=,028400,"자재 구매 및 관리, 납품 운전 필수(1톤수동운전 가능자)",자재관리 사무원,-,학력무관,관계없음,월급 300만원 ~ 300만원,고용형태,부산광역시 사하구 장평로 179 (장림동),1명,2026-09-08 21:06:38
https://www.jobkorea.co.kr/Recruit/GI_Read/5525788/Ext?siteCode=WN&sc=,904200,연근해 어업 작업 보조,어부 및 해녀,-,학력무관,경력,월급 215만원 ~ 215만원,고용형태,"부산광역시 사하구 다대동로 79-1, 부산 다대항 인근 앞바다 (다대동, 재성힐링파크2차)",2명,2026-09-08 21:06:38
https://www.jobkorea.co.kr/Recruit/GI_Read/5525770/Ext?siteCode=WN&sc=,550101,"주간보호센터입니다요양보호사 모집하고 있습니다1. 운전 가능하셔야 합니다(오전, 오후송영, 병원동행 등) 2. 근무시간은 1일 8시간(주40시간) 토요일/공휴일 근무가능자-대체휴일협의 3. 급여 :2,156,880원4. 주요업무 : 어르신 건강관리 및 보조 / 주간보호센터 운영 관련 업무/ 프로그램 참여 및 진행 / 어르신 송영 / 목욕 등 초보자, 경력자 상관없습니다.운전 보통1종 우대합니다.",요양보호사(노인요양사),요양보호사,학력무관,관계없음,월급 215만원 ~ 215만원,고용형태,부산광역시 북구 덕천로 80 (덕천동),1명,2026-09-08 21:06:38
https://www.jobkorea.co.kr/Recruit/GI_Read/5525163/Ext?siteCode=WN&sc=,890000,"(주)동남코리아 생산직 모집 담당업무 : 생산직(공압/MCT/생산보조) 지원자격 : 경력자 우대 급여조건 : 최저시급(10,320원)",기타 제조 관련 단순 종사원,-,학력무관,관계없음,"시급 10,320원 이상",고용형태,부산광역시 강서구 미음산단1로15번길 34 (구랑동),1명,2026-09-08 21:06:38
https://www.jobkorea.co.kr/Recruit/GI_Read/5525801/Ext?siteCode=WN&sc=,564900,"부산연제시니어클럽에서 영락공원(일반인부) 참여자 모집을 아래와 같이 합니다. *참여대상 : 만 60세이상 어르신 *모집인원 : 일반인부 10명 *주요업무 : 예지물 수거·정리 및 주변 환경 정비 등 *근무장소 : 부산광역시 금정구 금정도서관로 108 영락공원 *근무일 및 시간 -근로일 : 월~금요일 주 5일 근무(평일 우천 시 토,일 근무) -근무시간 : 07:00~16:00(※ 사업운영에 따라 근무시간 변동될 수 있음) *계약기간 : 2026년 08월 18일(화) ~ 2026년 9월 말까지(총 30일 근무예정)(※ 사업운영에 따라 근무일정 변동될 수 있음) *급여기준 : 시급 10,320원 *제출방법 : 방문 접수(서류 제출) *제출서류 -필수 서류: 1) 주민등록등본1부 2) 이력서(자유양식)1부 -선택 서류: 1) 장애인복지카드 또는 국가유공자증(해당자), 관련 자격증 사본(해당자) *자격요건 : 건강보험 직장가입자가 아닌 자 *방 문 처 : 부산 연제구 거제대로 215, 5층 (3호선 거제역 인근) * 면접일정은 서류합격자에게 개별통보 *입사일자 : 채용 확정 후 근무 시작 예정(※ 사업 운영 상황에 따라 근무 시작일은 변경될 수 있음) *접수기간 : 채용 시까지(모집인원 충원 시 마감) ※ 모집인원 충원 시 조기 마감될 수 있습니다. ※ 토·일요일 및 공휴일은 기관 휴관으로 방문 접수가 불가합니다. *문 의 : 하기철 담당자 (051-851-2190)",기타 서비스 관련 단순 종사원,-,학력무관,관계없음,"시급 10,320원 ~ 10,320원",고용형태,"부산광역시 금정구 금정도서관로 108, 영락공원 (두구동)",10명,2026-09-08 21:06:38
https://www.jobkorea.co.kr/Recruit/GI_Read/5529357/Ext?siteCode=WN&sc=,813213,"포스코에 납품하는 산업기계제작 금속가공 업체입니다. 기계보조원 모집합니다. 평균 근무시간 월~금요일 - 오전 08:00 ~ 오후 17:00 , 화,목요일 잔업시간 : 17:30 ~19:30 월,수,금요일 - 오전 08:00 ~ 오후 17:00 토요일 - 오전 08:00 ~ 오후 17 :00 (일이 있는경우만 출근) 점심시간 : 11:50 ~ 12:50(1시간), 석식시간 : 17:00 ~17:30(30분) 잔업은 화,목요일만 잔업합니다. 근로 기준법상 주52시간 기준으로 근무 합니다.",기타 금속공작기계 조작원 및 보조원,CNC밀링기보조원,학력무관,관계없음,"시급 10,320원 이상",고용형태,부산광역시 사상구 사상로367번길 64 (덕포동),2명,2026-09-08 21:06:38
https://www.jobkorea.co.kr/Recruit/GI_Read/5542966/Ext?siteCode=WN&sc=,836000,"선박용 배전기 구조, 조립업무이며 배선업무는 숙련되면 직급수당 지급합니다. 연장근로 수당(월,화,목,금 각2시간), 특근수당(격주 토요일 근무) , 선택 근무 입니다. 4대보험 .퇴직연금 적용됩니다. 연차있으며, 점심 제공 입니다.",전기·전자 부품 및 제품 조립원,-,학력무관,관계없음,"시급 10,320원 이상",고용형태,"부산광역시 강서구 녹산산업중로 113, 세인전기 (송정동)",2명,2026-09-08 21:06:39
https://www.jobkorea.co.kr/Recruit/GI_Read/5527450/Ext?siteCode=WN&sc=,027102,"직원중 한분이 출산 및 육아휴직을 이용하셔서 1년3개월동안 대체인력을 모십니다. 기장업체 세무회계 기장,결산 기타 세무관련 원천세신고등",회계 사무원(회계·세무 사무소),회계사무원(회계사무소),학력무관,경력,월급 261만원 이상,고용형태,"부산광역시 사상구 학감대로 252, 수성빌딩 303호 (감전동, 수성빌딩)",1명,2026-09-08 21:06:39
https://www.jobkorea.co.kr/Recruit/GI_Read/5527339/Ext?siteCode=WN&sc=,623004,"물류 보관창고 지게차 기사님 구합니다. 수습기간 3개월있습니다. 지게차 경력 3년이상 지원부탁드립니다.. 1. 입고된 파렛트 하차 및 정리 2. 출고 시 컨테이너 적입 작업 3. 목재팔레트, 플라스틱팔레트,톤백 등 다양한 종류 입.출고작업 4. 간단한 쇼링 및 라벨링 작업 5. 완성차 컨테이너 적입 등 물류 현장 및 공장에서 일하신 경험이 있으신 분들이 지원을 많이 해주시기 바랍니다. 인근 거주자 환영 자차 출퇴근이 가능하신 분 환영",지게차 운전원,지게차운전원,학력무관,경력,월급 290만원 ~ 300만원,고용형태,"부산광역시 강서구 과학산단2로3번길 102, 1층 더블피씨(주) (지사동)",1명,2026-09-08 21:06:40
https://www.jobkorea.co.kr/Recruit/GI_Read/5527730/Ext?siteCode=WN&sc=,026501,[모집직무] 회계 사무원 [직무소개] 회사의 효율적인 운영을 위한 정확성과 신뢰성 있는 자료 입력 및 관리를 담당하게 됩니다. [주요업무] - 전표 입력 및 관리 - 법인카드 관리 - 4대보험 관리 - 사무 관리 - 기타 업무 지시에 따른 업무 수행,총무 및 일반 사무원,총무사무원,학력무관,경력,월급 110만원 이상,고용형태,"부산광역시 강서구 녹산산단261로14번길 45-13, 1층 파인머트리얼즈 (송정동)",1명,2026-09-08 21:06:40
https://www.jobkorea.co.kr/Recruit/GI_Read/5529191/Ext?siteCode=WN&sc=,550101,"*센터 내 대상자 어르신 케어 - 4교대 근무(07:00~16:00 / 09:00~18:00 / 13:00~22:00 /22:00~익일09:00) - 근무표에 따라 휴무 - 임금: 월급 2,156,880원 - 이력서 사진부착(필수) - 요양보호사 자격증소지자 * 계약직(2개월) 1명 / 정규직 1명 ** 가급적 방문접수를 자제하여 주시고 고용24 .팩스 또는 이메일 접수 부탁드립니다. << 팩스 051-303-1250 / 이메일 jhhappy1001@naver.com 접수 >> ※ 서류 접수 후 합격자에 한해 별도 전화 연락 드립니다.",요양보호사(노인요양사),-,학력무관,관계없음,월급 215만원 이상,고용형태,"부산광역시 사상구 백양대로 687-23, 정향효마을 (덕포동)",3명,2026-09-08 21:06:40
https://www.jobkorea.co.kr/Recruit/GI_Read/5527437/Ext?siteCode=WN&sc=,532202,홀서빙 전반적인 업무 여성가능,일반 음식점 접객서빙원,홀써빙원(일반음식점),학력무관,경력,월급 295만원 ~ 310만원,고용형태,"부산광역시 수영구 연수로 410, 1층 (광안동)",1명,2026-09-08 21:06:40
https://www.jobkorea.co.kr/Recruit/GI_Read/5525480/Ext?siteCode=WN&sc=,550102,"● 재가요양보호사 ● 서구 망양로 ● 5등급 여자 어르신/ 94세 / 독거 ● 가사 도움, 식사도움 말 벗 등 ● 주5일/12:00~15:00 ● 포괄시급 13,200원(10,320원+제수당) ※ 동 구인은 실제 서비스 제공 기간에 따라 임금을 계산하여 지급하는 형태로 채용 시 근로자마다 주 소정 근로 시간이나 임금, 근무(예정) 등에 차이가 있을 수 있음",재가 요양보호사,-,학력무관,관계없음,"시급 10,320원 ~ 10,320원",고용형태,부산광역시 서구 망양로 161-9 (동대신동2가),1명,2026-09-08 21:06:41
https://www.jobkorea.co.kr/Recruit/GI_Read/5526383/Ext?siteCode=WN&sc=,822301,"1. 제관원(경력자), 산업기계제작 2. 연장 근무 필수 3. 출장 필수 4. 휴무 : 2주 토요일, 4주 토요일 5. 법정공휴일 휴무",제관원,제관원,학력무관,경력,월급 350만원 이상,고용형태,부산광역시 사상구 새벽로 37 (학장동),1명,2026-09-08 21:06:41
https://www.jobkorea.co.kr/Recruit/GI_Read/5527112/Ext?siteCode=WN&sc=,024101,"[모집직무] 한의원 홍보영상 제작 및 제품사진 촬영 [주요업무] - 한의원 정기적인 홍보 영상 제작 - 한의원 서비스 및 제품 사진 촬영 - 촬영 자료의 편집 및 후반 작업 - 사진 및 영상 콘텐츠의 컨셉 기획 - 한의원, 박람회 등 출장 업무 [자격요건] - 경력무관 (신입지원가능) - 학력무관 - 영상 촬영 및 편집을 할수있는 분 - 제품 사진 촬영 경험이 있으신 분 - 기획 의도를 콘텐츠로 풀 수 있는 분 - 기본 편집 툴을 다룰줄 아시는 분 - 일정 맞춰 꼼꼼히 마무리 하시는 분 - 보유역량 : adobe premiere, adobe aftereffects, adobe photoshop [근무조건] - 근무요일 : 월~금 / 오전 8:30 ~ 오후 5:30 (휴게시간 : 1시간) - 근무지 : 부산시 기장군 정관읍 곰내길 654-58 한도깨비원외탕전실 2공장 내 디자인실 - 연봉 : 3,200만원 (경력자 연봉조정 가능) - 연장/휴일수당 별도지급 (30분단위 정산) - 시용기간 : 3개월 (시용기간 중 급여 100% 지급, 급여 및 복리후생 정규직과 동일) - 입사 후 3개월의 시용기간을 거치며, 상호 업무 적합성을 확인하는 과정을 가집니다. - 3개월의 시용기간 종료 후 평가를 거쳐 정규직 전환여부를 최종 결정합니다. [우대사항] - 경력자 우대(연봉조정 가능) - 해당직무 경험자 - 포트폴리오 제출 필수 - 드론 업무 가능자 [복리후생] - 4대보험 가입 및 퇴직금 지급 - 연차휴가 부여 - 중식 제공 및 간식비 지원 - 경조휴가 및 경조사비 지원",광고·홍보 전문가,광고기획자,학력무관,관계없음,"연봉 3,200만원 ~ 3,200만원",고용형태,"부산광역시 기장군 정관읍 매학용수로 4, 설명한의원 부설 한도깨비원외탕전실",1명,2026-09-08 21:06:41
https://www.jobkorea.co.kr/Recruit/GI_Read/5525948/Ext?siteCode=WN&sc=,232904,"1. 급여 : 최저시급 (10,320원) 2. 근무내용 : 중증장애 근로자의 원활한 직무수행을 위한 전반적인 업무보조 - 부품조립 및 제품제조 등 임가공 업무보조 3. 근무시간 : 08:10 ~ 17:20 - 근로시간 8시간(매주 금요일 08:10~15:20, 6시간 근무) - 휴게시간 1시간 4. 근무장소 : 부산광역시 기장군 정관읍 산단7로 99-56 (주)티에스이 5. 지원요건(1,2 모두 해당자) 1) 근로지원인 온라인교육 이수자 - 근로지원인 Start Up! - 근로지원인 발달장애인 특별양성교육 2) 아래 요건중 하나에 충족하는 자(근로지원인 3유형 자격 해당자) - 재활·교육·심리·의료·기술 및 사회사업분야의 전문학사 이상의 학위를 소지한 사람 - 사회복지사, 직업상담사, 직업능력개발훈련교사, 특수교사, 정신보건전문요원 등 관련분야 자격증 소지자 - 직업재활 실시 기관 2년 이상 종사자, 장애인고용사업장 3년 이상 종사자 - 근로지원 서비스(장애인활동지원사 경력 포함)를 1년 이상 제공한 이력이 있는 자 중 공단의 발달장애인 근로지원인 양성교육 과정을 이수한 자",그 외 사회복지 종사원,-,학력무관,경력,"시급 10,320원 ~ 10,320원",고용형태,"부산광역시 기장군 산단7로 99-56, (주)티에스이",2명,2026-09-08 21:06:42
https://www.jobkorea.co.kr/Recruit/GI_Read/5525617/Ext?siteCode=WN&sc=,231100,"사하실버웰 주간보호센터 사회복지사 (경력자우대) * 업무 1. 팀워크를 존중하며 노인을 공경하는 사회복지사 모집 2. 노인주간보호센터 사회복지사 업무 전반과 입소 상담 3. 케어포 이용 수급자 관리 4. 어르신 송영 5. 2종 운전가능 필수(스타렉스가능자 1종 우대) 6. 경력자 우대 7. 미래의 시설장을 꿈꾸는 분 * 급여 : 2,157,000원 (식사 제공) (복리후생 - 주 40시간 근무시간 철저 준수 / 식사, 간식 제공 / 경조금 지원 / 자기개발 및 교육비 지원 / 팀 회식비 지원 / 유니폼 지급 / 목표달성 성과급 지급 / 장기근속장려금) * 근무시간 : 08:00~17:00 / 08:30~17:30 / 09:00~18:00 스케줄에 따른 근무 (월~토요일 중 주 5일 근무, 토요일이나 공휴일 근무 시 평일 대체휴무, 일요일 휴무) * 제출 서류 : 이력서, 사진, 사회복지사자격증 * 자격 : 실 운전 가능자 (1종 스타렉스 실 운전가능자 우대) * 지원 방법 : 워크넷 지원 및 방문 서류 접수 * 주소 : 부산 사하구 하신중앙로 170, 신평현대아이파크 상가동 5층 (사하실버웰주간보호센터)",사회복지사,-,학력무관,관계없음,월급 215만원 ~ 215만원,고용형태,"부산광역시 사하구 하신중앙로 170, 전체 (신평동, 신평현대아파트)",1명,2026-09-08 21:06:42
https://www.jobkorea.co.kr/Recruit/GI_Read/5524793/Ext?siteCode=WN&sc=,822201,"4kw와트 중국산 파이버레이저 조작 가능하신분 찾습니다 박판위주 가공입니다. 주로 간판, 인테리어 제품 생산입니다 박판 8 후판 2 비율입니다",판금기 조작원,금속가공판금기조작원,학력무관,경력,월급 300만원 이상,고용형태,부산광역시 해운대구 삼어로 184 (반여동),1명,2026-09-08 21:06:42
https://www.jobkorea.co.kr/Recruit/GI_Read/5527433/Ext?siteCode=WN&sc=,016900,"[ 공사부(건설공무/현장관리/자재발주) 신입사원 ] 1. 담당업무 - 안전시설물 현장 시공관리 - 자재발주/현장관리 - 공사 관련 서류 작성 - 원청사 대응 2. 자격요건 - 관련학과 졸업자 - CAD 사용가능자 - 엑셀, 한글 사용 가능자 - 운전가능자 3. 우대사항 - 건설기술인수첩 보유자 - 건설안전산업기사",기타 건설·전기 및 생산 관련 관리자,-,대졸(2~3년)~대졸(4년),신입,월급 260만원 ~ 280만원,고용형태,"부산광역시 동구 중앙대로 263, 1503호 (초량동)",1명,2026-09-08 21:06:43
https://www.jobkorea.co.kr/Recruit/GI_Read/5526365/Ext?siteCode=WN&sc=,813204,"[모집직무] 밀링 기계사, 가공기계 운영, 제조 기계 공정, 제품 제작, 품질 관리 [직무소개] 우리 회사는 다양한 제품을 생산하는 제조업체입니다. 밀링 기계를 활용하여 정밀한 가공 작업을 수행하는 숙련된 작업자를 모집하고 있습니다. [주요업무] - 밀링 기계의 작동 및 조절 - 제품 가공 규격에 따라 작업 수행 - 작업 공정 시스템 관리 및 유지 - 제품 품질 검사 및 평가 - 안전 수칙 준수 및 작업 환경 관리",범용 밀링기조작원,-,학력무관,경력,월급 250만원 ~ 250만원,고용형태,"부산광역시 영도구 남항서로 20, (주)한조 (남항동3가)",1명,2026-09-08 21:06:43
https://www.jobkorea.co.kr/Recruit/GI_Read/5526865/Ext?siteCode=WN&sc=,561101,동아지질 본사 건물 간단한 미화업무 - 인근거주자 우대 - 성실한 분 지원 바랍니다. **문의사항 : 051-580-5537,"건물 청소원(공공건물,아파트,사무실,병원,상가,공장 등)",오피스텔청소원,학력무관,관계없음,"시급 10,320원 이상",고용형태,부산광역시 금정구 금샘로 347 (구서동),1명,2026-09-08 21:06:43
https://www.jobkorea.co.kr/Recruit/GI_Read/5525110/Ext?siteCode=WN&sc=,890005,"* (공장 생산 현장직) 전기판넬 조립및 배선작업 - 경력무관, 신입 지원가능 - 근무시간 : 주6일 (월~금) 08:30~17:30 / (토) 08:30 ~ 15:30 * 전화연락 후 방문접수 바랍니다. ※ 실업급여 수급을 위한 입사지원은 자제하여 주시기 바랍니다.※",전기·전자 분야 단순 종사원,전기판넬 생산보조원,학력무관,관계없음,"시급 10,320원 이상",고용형태,부산광역시 사상구 새벽로 117 (감전동),2명,2026-09-08 21:06:44
https://www.jobkorea.co.kr/Recruit/GI_Read/5525942/Ext?siteCode=WN&sc=,550102,"케어링에서 요양보호사 선생님께 일자리 정보를 안내드립니다. 근무 가능하신 선생님은 ▶ 문의 : ☎ 051- 808-6585 로 연락주세요. ▶ 근무지 : 부산 금정구 금강로279번길 61 ▶ 근무일정 : [주 5 회 / 일 3시간] 09:30-12:30 ▶ 어르신 정보 : 96세 / 4등급 / 여 / 따님과 거주(근무시간에 안계심) ▶ 시급 10,320원 [ 제수당포함 시간당 13,000원 ] ▶ 근무내용 : 몸씻기, 청소, 병원동행, 식사준비, 세탁, 주변정리, 말벗도움",재가 요양보호사,-,학력무관,관계없음,"시급 10,320원 이상",고용형태,"부산광역시 금정구 금강로279번길 61, 현대2차 아파트 (장전동, 현대2차아파트)",1명,2026-09-08 21:06:44
https://www.jobkorea.co.kr/Recruit/GI_Read/5526939/Ext?siteCode=WN&sc=,550102,"- 48년생 여자 어르신 / 4등급 - 근무지 : 부산진구 엄광로 238번길 5 - 근무시간 : 월 ~금 (주5일) 13:00~16:00 - 근무내용 : 가사지원 및 신체활동지원 (신체활동지원,가사도움 등) - 시급 : 13,400원(수당포함) **051-701-6720",재가 요양보호사,재가요양보호사,학력무관,관계없음,"시급 10,320원 ~ 13,400원",고용형태,"부산광역시 부산진구 엄광로238번길 5, 가야삼정그린코아 (가야동, 가야삼정그린코아)",1명,2026-09-08 21:06:44
https://www.jobkorea.co.kr/Recruit/GI_Read/5527330/Ext?siteCode=WN&sc=,307500,[다시봄요양병원에서 병동근무 간호조무사 모집] - 직무내용: 병동 3교대 간호조무사 업무 - 나이트수당은 별도지급,간호조무사,-,학력무관,경력,월급 215만원 ~ 215만원,고용형태,"부산광역시 해운대구 해운대로 604, 명성빌딩5층 다시봄요양병원 (우동, 명성빌딩)",1명,2026-09-08 21:06:45
https://www.jobkorea.co.kr/Recruit/GI_Read/5525961/Ext?siteCode=WN&sc=,816200,"주요 업무 * 산업용 로봇용 드레스팩 조립 : 로봇 암(Robot Arm)에 장착되는 케이블 보호 시스템의 부품 조립 및 체결 * 케이블·호스 배선 작업 : 로봇 동작 축에 따른 케이블 정렬, 결속, 커넥터 체결 * 브라켓 및 홀더류 조립 : 로봇 기종별 마운팅 브라켓, 클램프, 회전 유닛 조립 * 조립품 검사 및 포장 : 치수·외관 확인, 완성품 포장 및 출하 준비 * 작업 표준서에 따른 조립 및 작업 이력 기록 업무 환경 * 다관절 로봇, 협동로봇 등 산업용 로봇에 적용되는 케이블 보호 제품을 생산하는 파트입니다. * 도면 및 작업지시서를 확인하며 작업합니다.",기계 부품 조립원,공업기계부품조립원,학력무관,관계없음,"시급 10,320원 이상",고용형태,부산광역시 강서구 낙동남로991번길 58 (명지동),1명,2026-09-08 21:06:45
https://www.jobkorea.co.kr/Recruit/GI_Read/5527142/Ext?siteCode=WN&sc=,813103,"[모집직무] 금형제조 보조원, 영업 및 마케팅 사무원 [직무소개] 토탈아즈는 one-stop 제조를 기반으로 다양한 금형 제작 업무를 수행합니다. 직무는 영업 관리 업무를 담당하며, 금형업계에 경험이 있으신 분을 우대하고 있습니다. [주요업무] - 금형 제작 및 견적 책정 - 영업팀 지원 및 소통 - 고객과의 협업 및 관계 관리 - 납품 지원",다이캐스팅 금형 제조원,-,학력무관,경력,"연봉 5,000만원 이상",고용형태,부산광역시 강서구 화전산단5로84번길 34 (화전동),1명,2026-09-08 21:06:45
https://www.jobkorea.co.kr/Recruit/GI_Read/5532667/Ext?siteCode=WN&sc=,890000,"- 생산현장관리직 모집합니다. - 근무시간 월~금 07:30 ~ 18:00 토(월1회) 7:30~16:30 - 생산팀원료준비, 포장지준비, 제품스티커출력, 생산일보작성 - 우대: 지게차 운전가능자, 토요일 월1회 출근가능자 - 교통비지급, 중식제공, 간식대 지원 - 4대보험,퇴직연금 - 전화 후 이력서 지참 방문 면접 해주세요",기타 제조 관련 단순 종사원,-,학력무관,관계없음,"시급 10,320원 ~ 10,320원",고용형태,"부산광역시 사하구 다대로1066번길 45, 에스아이홀푸드 (장림동)",3명,2026-09-08 21:06:45
https://www.jobkorea.co.kr/Recruit/GI_Read/5524848/Ext?siteCode=WN&sc=,028502,볼보/HDI 굴삭기 SIDE DOOR 도장관리 업무 및 전반적인 생산관리 관리자 인원 채용을 합니다.,생산관리 사무원(기계·자동차·금속),-,학력무관,경력,"연봉 4,000만원 ~ 4,000만원",고용형태,"부산광역시 강서구 가달2로 49, 신진오토텍 (생곡동)",1명,2026-09-08 21:06:45
https://www.jobkorea.co.kr/Recruit/GI_Read/5524837/Ext?siteCode=WN&sc=,550102,-80대 여자어르신(5등급) 치매교육이수증 필요 연락처 051-782-5640,재가 요양보호사,재가요양보호사,학력무관,관계없음,"시급 13,000원 이상",고용형태,"부산광역시 해운대구 해운대로 558, 해운대오션파크아파트 (우동, 해운대오션파크아파트)",1명,2026-09-08 21:06:46
https://www.jobkorea.co.kr/Recruit/GI_Read/5525225/Ext?siteCode=WN&sc=,814000,"힐스파 기계실 24시간 2교대 근무 목욕탕 기계실 경험자 우대 직원복지 명절상여금 최대50만(추석,설날) 여름휴가비 1년 근속시 생일 축하금 매년지급 2년 근속시 상여금 또는 해외여행 경비 지급 복지포인트(힐스파,솔내음한정식,온더힐)현금처럼 사용가능 계열사 가족 및 본인할인 협력업체 (블루라인파크,아쿠아룸,메가박스,루지,여러 호텔등)할인 및 이용권 지급",냉난방 관련 설비 조작원,보일러조작원,학력무관,경력,월급 270만원 ~ 300만원,고용형태,"부산광역시 해운대구 달맞이길117번길 11, (주)힐스파",1명,2026-09-08 21:06:46
https://www.jobkorea.co.kr/Recruit/GI_Read/5526136/Ext?siteCode=WN&sc=,813210,"(주)일진정밀공업 CNC / MCT 자동선반 생산직 2명 모집(경력)(사원~중간관리자) 1.직무내용: CNC/NC /MCT 자동선반 세팅 및 치수측정, 보정 2. 근무시간 -평일 08:30~17:30, 잔업시(20:30) -휴게시간 10:30~10:45 -점심시간 12:30~13:30 -휴게시간 15:30~15:45 -저녁시간 17:30~18:00 -야간 근무시 20:30~06:00 (잔업시 08:30) (2조교대)(야간수당 별도지급) -식사시간 및 휴게시간 01:30~03:00, (총 2시간) 3. 급여 조건 : 시급 10,450원 4. 근무 장소 : 부산광역시 강서구 녹산산업북로313번길 40 (송정동) 5. 제출 서류 : 이력서, 경력증명서 6. 제출방법 : 고용24 또는 채용대행담당자이메일(rsy26@bepa.kr)",머시닝센터(MCT) 조작원,-,학력무관,관계없음,"시급 10,450원 이상",고용형태,"부산광역시 강서구 녹산산업북로313번길 40, 송정동 (송정동)",2명,2026-09-08 21:06:47
https://www.jobkorea.co.kr/Recruit/GI_Read/5525946/Ext?siteCode=WN&sc=,813102,"[모집직무] 플라스틱 금형 제조원, 플라스틱 사출성형기 조작원, 고무 사출성형기 조작원 [직무소개] 우리 회사는 웃으며, 즐겁게 일할 수 있는 분위기를 자랑합니다. 이러한 환경을 조성하여 함께 성장하고 발전하는 소중한 가족입니다. 같은 목표를 향해 나아가는 팀워크를 중시하며, 함께 성장하고 발전하는 환경을 제공합니다. 현장에서 생산 프로세스를 책임지는 중요한 역할을 수행할 사출성형기 기사을 찾고 있습니다. [주요업무] - 사출성형기 운전 및 설정 - 금형 관리 및 점검, 교체 - 사출성형 공정의 품질 점검 및 관리 - 생산 기록 및 보고서 작성 - 사출성형 기계 유지보수 - 생산 계획 수립 및 이행 - 안전 및 품질 관리 지침 준수 [기타 우대사항] - 플라스틱 사출성형기 조작 경험 - 제조 공정에 대한 이해 - 품질 관리 지식 - 팀워크 및 소통 능력",플라스틱 금형 제조원,-,중졸~대졸(4년),경력,"시급 10,320원 이상",고용형태,"부산광역시 사하구 다산로78번길 14-1, 경영엔프라 (다대동)",1명,2026-09-08 21:06:47
https://www.jobkorea.co.kr/Recruit/GI_Read/5527172/Ext?siteCode=WN&sc=,706001,"(주)제임스이엔지 업무 장소 : 해운대CC / 부산광역시 기장군 정관읍 병산2로 265, 해운대컨트리클럽 내 현장 업무 : 골프장 코스관리팀 (조경관리 등)",조경시설물 설치원,조경물유지보수원,학력무관,관계없음,"연봉 3,500만원 ~ 5,000만원",고용형태,"부산광역시 기장군 병산2로 265, 해운대컨트리클럽 내",1명,2026-09-08 21:06:47
https://www.jobkorea.co.kr/Recruit/GI_Read/5549832/Ext?siteCode=WN&sc=,153102,"우리회사는 산자부지정 방산업체이며 항공기부품을 연구개발 생산 하고 있습니다.(www.finei.kr) 참조 항공기 부품과 철도차량부품(화장실 시스템 / 해치시스템)의 전자기 회로, 등을 제작할 사원을 모십니다. 1. 관련학과(전문대 이상)를 졸업한 전기, 전자, 소프트웨어 (Auto CAD, 등) 능숙한분우대 2. 해외 관련 업무를 위해 메일을 주고받을 정도의 영어가 독해가능한분 우대(필수아님) 3. 부산에 거주하는 분. 4. 항공기 개발 특성상 장기 근무가 가능한분. 5. 철도차량분야 전기전자관련 업무 경험자 우대 현재 철도차량부품 개발로인한 사업확장중에 있으며, 연구개발, 생산을 함께할 인재를 기다리고 있습니다.","전기계측 제어 기술자(전기패널, 계장, 공정자동화전기 등)",-,고졸~대졸(4년),경력,"연봉 3,500만원 ~ 5,000만원",고용형태,부산광역시 사하구 다산로175번길 62 (다대동),1명,2026-09-08 21:06:48
https://www.jobkorea.co.kr/Recruit/GI_Read/5527344/Ext?siteCode=WN&sc=,824102,"SUS 파이프 제작사 , TIG용접사, 모집 (초보 경력 무관 , 외국인 가능) 용접사 (TIG경력자 우대) 제작사 (경력자 우대) 용접사 외국인 가능","전기용접원(아크,알곤,티그용접원)",아크용접원,학력무관,관계없음,월급 300만원 ~ 500만원,고용형태,"부산광역시 강서구 가리새2로13번길 27, (생곡동) 에스에스엠 내 성진플랜트 (생곡동)",5명,2026-09-08 21:06:48
https://www.jobkorea.co.kr/Recruit/GI_Read/5522475/Ext?siteCode=WN&sc=,532300,"동래봉생병원 영양팀 조리원 구인- 모집인원 : 2명- 직무내용 : 주방보조(전처리), 환자식사 배식, 청소 등- 근무시간 : 6시~18시10분 (휴게시간 : 07:30~08:00/ 12:15~12:30/ 17:15~17:30/ 13:30~15:10) / 주5일 근무- 월급 : 2,670,000원(제수당포함) - 근무장소 : 동래구 안연로 109번길 27, 동래봉생병원 본관7층 영양팀- 채용담당자 : 051-520-5570 / 통화 후 방문접수 * 복리후생 - 설,추석 상여금 / 여름휴가비 / 경조사비 / 생일 커피쿠폰 * 공휴일, 명절 근무 시 수당 지급",주방 보조원,-,학력무관,관계없음,월급 267만원 이상,고용형태,"부산광역시 동래구 안연로109번길 27, 안연로 111 동래봉생병원 본관 7층 영양팀 (안락동)",2명,2026-09-08 21:06:48
https://www.jobkorea.co.kr/Recruit/GI_Read/5523135/Ext?siteCode=WN&sc=,140206,"■ 건설현장 안전관리자 모집합니다. 부산광역시 기장군 정관읍 정관로 716 본사출근 1. 건설안전(산업안전) 산업기사 또는 건설안전 기사 자격필수 2. 건설기술인협회 경력증명서 필수 3. 연봉 협의 가능, 퇴직금 별도",건축안전·환경·품질·에너지관리 기술자,건축현장안전담당자,학력무관,경력,"연봉 6,000만원 이상",고용형태,부산광역시 기장군 정관읍 정관로 716,1명,2026-09-08 21:06:49
https://www.jobkorea.co.kr/Recruit/GI_Read/5524300/Ext?siteCode=WN&sc=,890000,"[근무내용] 금속 부품 및 설비의 표면 처리 작업 샌딩 및 샌드블라스팅 장비를 이용한 도장 전처리 작업장 내 제품 이동 및 간단한 포장 보조 초보자 가능 (기초부터 교육 진행) [근무조건] 근무시간: 08:00 ~ 17:00 (잔업·특근 시 수당 지급) 급여: 면접 후 결정 (경력자 우대) 근무지: 부산 강서구 녹산산단 내 [자격요건] 경력: 무관 (경력자·유경험자 우대) 우대사항: 샌드블라스팅, 도장 전처리 유경험자 성실하고 협동심 있는 분 [복리후생] 4대 보험, 퇴직금, 중식 제공 근속에 따른 인센티브 및 성과급 근무복·보호장비 지급 [지원방법] 전화 또는 이메일 지원 면접 시 간단한 실무 이해도 확인 있음",기타 제조 관련 단순 종사원,-,고졸~대졸(2~3년),신입,월급 220만원 ~ 250만원,고용형태,부산광역시 강서구 녹산산업북로313번길 70 (송정동),3명,2026-09-08 21:06:49
https://www.jobkorea.co.kr/Recruit/GI_Read/5521829/Ext?siteCode=WN&sc=,813201,"■ (주) 가유 부산 2공장 생산직 사원 모집 (2조 2교대, 신입/경력) 1. 자동차 부품 가공 - 수동라인 생산직 2. CNC , MCT , 호빙머신 작업자 ※ 자동차 부품: 소결금속 가공, 겐츄리 자동 라인 시스템 3. 2교대 근무 가능자 (주/야) 평일 주간: 주간 08:00~17:00 (잔업 시 - 17:30~20:00) / 야간 20:00~5:00(잔업 시 - 5:30~08:00) ※ 잔업 및 특근은 유동적으로 운영됩니다. 4. 이력서 고용24 지원 바랍니다. 5. 우대사항 - CNC 또는 MCT 셋팅 가능자 / 해당직무 근무경험 / 인근거주자",CNC 선반 조작원(NC 선반 조작원),CNC터닝기계조작원,학력무관,관계없음,"시급 10,320원 이상",고용형태,부산광역시 강서구 미음동 미음국제3로 126 (미음동),2명,2026-09-08 21:06:49
https://www.jobkorea.co.kr/Recruit/GI_Read/5526868/Ext?siteCode=WN&sc=,028500,"주요 업무 * 생산 지원 : 현장 작업 보조, 제품 이동 및 정리, 작업 준비 지원 * 생산관리 업무 보조 : 생산일보·작업지시서 등 현장 문서 기록 및 정리 업무 성격 * 생산관리팀 소속의 현장직으로, 사무실 근무가 아닌 생산 현장에서 근무합니다. * 필요시 자재 파트 업무를 보조할 수 있으며, 담당자 지시에 따라 업무를 수행합니다. ※ 계약기간 만료 후 상용직 전환 검토",생산 및 품질관리 사무원,-,학력무관,관계없음,"시급 10,320원 이상",고용형태,"부산광역시 강서구 새진목길11번길 11, 코닥트 2공장 (명지동)",1명,2026-09-08 21:06:49
https://www.jobkorea.co.kr/Recruit/GI_Read/5526382/Ext?siteCode=WN&sc=,140203,"[모집직무] 건설현장관리, [직무소개] 당사는 연약지반 처리 개량 전문업체입니다. 본인의 전문성을 발휘하여 건설 현장의 안전하고 효율적인 운영에 기여해 주시길 바랍니다. [주요업무] - 건설 현장 공무, 공사 - 작업 진행 상황 점검 및 관리 - 현장 직원 관리 및 업무 지시 - 건설 현장의 규정 및 제도 준수 - 현장 부품 및 재료 관리 - 현장 내 발생 사고 및 문제 해결",건축시공 기술자(건축견적 포함),-,학력무관,관계없음,월급 350만원 ~ 400만원,고용형태,부산광역시 강서구 유통단지1로 41 (대저2동),2명,2026-09-08 21:06:50
https://www.jobkorea.co.kr/Recruit/GI_Read/5524269/Ext?siteCode=WN&sc=,013903,"삼정타워 내 시설 팀장 모집 ▶ 업무내용 - 시설 부문 (1명) ㆍ 건물 내 시설물 점검, 유지보수 관리 등 ㆍ 기계설비 고급이상 자격선임 ▶ 급여조건 - 시설 부문 ㆍ 팀장 : 4,000,000 원 * 자격 선임 조건 - 기계설비 안전관리자 등 자격선임 해당 고급이상 자격증 소지자 * 시설부문 자격 선임 관련 면접 시 상세설명 ▶ 근무형태 - 시설 부문 ㆍ 주간조 : 조출 09:00~18:00(1H 휴식, 협의가능) * 月 근무표 수립하여 토,일 갯수 휴무 지급 * 근로기준법에 따른 식사 및 휴식시간 제공 (면접시 상세설명) ▶ 복리후생 - 4대보험,퇴직금,연차",빌딩 관리소장,빌딩관리사무소장,학력무관,관계없음,월급 400만원 ~ 400만원,고용형태,"부산광역시 부산진구 중앙대로 672, 상가관리실 (부전동)",1명,2026-09-08 21:06:50
https://www.jobkorea.co.kr/Recruit/GI_Read/5522662/Ext?siteCode=WN&sc=,615210,계란 직판장 판매 사원 모집 계란 판매 및 배달 업무(교대근무) 근 무 처 : 부산 부전 시장 내 교대 근무 가능자 인근 출근 가능자 우대 근무시간 : 오전 05 - 11시(6시간) 1명 오전11시 - 18시(6시간) 1명 점심시간 12-13시(1시간),음식료품 판매원,축산물판매원,학력무관,관계없음,"시급 10,320원 ~ 10,320원",고용형태,"부산광역시 부산진구 부전로158번길 47, 청림양계 직판장 (부전동)",2명,2026-09-08 21:06:50
https://www.jobkorea.co.kr/Recruit/GI_Read/5524279/Ext?siteCode=WN&sc=,550101,"요양보호사 모집합니다~ 근무계약 : 정규직(3개월 수습기간 포함이며, 수습기간 중 불이익 없음) 근무시간 : 09시~18시/18시~09시 (2교대) 만 64세 정년 급여 : 2,156,880원+야간, 연장수당 지급 복지수당 6만원 원 내규규정에 의한 장기근속수당지급(1년~4년-3만원,5년~6년-5만원,7년이상-7만원) 공단 장기근속수당 년차에 따라 별도 지급 지원방법 : 이메일, 팩스, 방문 문의 : 051-464-1004 팩스 : 051-464-1006 메일inchang1242@naver.com (자사 이력서 필히 부탁드립니다.)",요양보호사(노인요양사),요양보호사,학력무관,관계없음,월급 215만원 이상,고용형태,부산광역시 동구 고관로 34 (초량동),2명,2026-09-08 21:06:50
https://www.jobkorea.co.kr/Recruit/GI_Read/5523201/Ext?siteCode=WN&sc=,813210,"[모집직무] 머시닝센터(MCT) 프로그램 작성 및 가공 조작원 [직무소개] 당사는 전력산업에 사용되는 중전기 부품을 전문적으로 가공·생산하는 제조업체입니다. MCT 프로그램 작성부터 장비 셋업, 제품 가공 및 품질관리까지 담당할 경력직 직원을 모집합니다. [주요업무] - MCT 프로그램 작성 및 업데이트 - 머시닝센터 기계 작동 및 생산 업무",머시닝센터(MCT) 조작원,지그마스타조작원,학력무관,경력,월급 450만원 ~ 500만원,고용형태,"부산광역시 사상구 가야대로176번길 13-34, 가야대로 176번길 13-34 우호정밀 (학장동)",1명,2026-09-08 21:06:50
https://www.jobkorea.co.kr/Recruit/GI_Read/5521794/Ext?siteCode=WN&sc=,614004,근무내용 - 온라인 쇼핑몰 피킹(온라인고객 주문상품 담기) 및 검수(주문상품 재확인) 근무시간 - 08:00 ~ 17:00 (식사시간 1시간) 월 6일 근무 (현 근무자 휴무일 근무. 주1~2일근무),"텔레마케터(쇼핑몰, 백화점, 마트)",-,학력무관,관계없음,"일급 99,500원 ~ 99,500원",고용형태,"부산광역시 기장군 일광읍 기장대로 673, 메가마트 기장점",1명,2026-09-08 21:06:51
https://www.jobkorea.co.kr/Recruit/GI_Read/5521795/Ext?siteCode=WN&sc=,231100,"담당업무 : 최중증 발달장애인 통합돌봄 서비스 제공인력 (통합돌봄서비스 대상자에 대한 1:1 매칭) -이용자 및 보호자 초기면담 -개별형서비스 지원계획 수립, 중간평가 등 -이용자 돌봄 제공 -이용자 프로그램 계획 및 운영 -이용자 프로그램 서류, 제공기록지 등 관련 서류 작성 및 관리 -이용자 및 보호자 관리(상담 등) -그 외 상황에 따라 서비스 운영에 필요한 업무 추가 될 수 있음",사회복지사,-,학력무관,관계없음,월급 228만원 이상,고용형태,부산광역시 동구 중앙대로 509-1 (범일동),2명,2026-09-08 21:06:51
https://www.jobkorea.co.kr/Recruit/GI_Read/5521756/Ext?siteCode=WN&sc=,816100,"[모집직무] 전기‧전자 부품 및 제품 조립원, 기계 부품 조립원, 기타 기계 조립·검사원 [직무소개] 우리 회사는 철강 산업에서 필요한 다양한 기계를 제작하고 공급하는 기업입니다. 본 직무는 기계 부품의 정확한 조립 및 검사를 통해 고품질 제품을 만들어내는 데 중요한 역할을 담당합니다. [주요업무] - 기계 부품의 정확하고 효율적인 조립 - 산업 기계의 분해 및 조립 - 조립 및 분해 과정에서 발생하는 문제점을 파악하고 해결 - 작업 공간 및 도구를 청결하게 유지 - 안전 수칙 준수",일반기계 조립원,-,학력무관,경력,월급 400만원 ~ 400만원,고용형태,"부산광역시 강서구 과학산단1로103번길 17, 나동 (지사동)",1명,2026-09-08 21:06:52
https://www.jobkorea.co.kr/Recruit/GI_Read/5523142/Ext?siteCode=WN&sc=,159103,"프랜지, 열교환기 제조 관련 캐드사무원 모집 산업기계설계,2D,3D(솔리드웍스) 유경혐자 (2년 경력이상)",기계·금속 제도사(캐드원),기계제도기능사,학력무관,경력,"연봉 2,900만원 ~ 5,000만원",고용형태,부산광역시 강서구 화전산단6로 59,2명,2026-09-08 21:06:53
https://www.jobkorea.co.kr/Recruit/GI_Read/5523044/Ext?siteCode=WN&sc=,027202,"정산(마감)업무-인수증관리, 세금계산서 괸리등 사무보조 업무",경리 사무원(운수),운수업장부정리원,학력무관,관계없음,"연봉 2,800만원 ~ 2,800만원",고용형태,부산광역시 동구 충장대로 293 (좌천동),1명,2026-09-08 21:06:53
https://www.jobkorea.co.kr/Recruit/GI_Read/5521820/Ext?siteCode=WN&sc=,834002,"* 근무내용 - 시설물점검, 쇼핑카트수거, CCTV모니터링, 기타서비스 ※ 상세 근무시간 주5일근무 (로테이션 근무) - 1. : 08:00 ~ 18:00(식사시간 1시간) - 2. : 10:00 ~ 20:00(식사시간 1기간) - 3. : 13:00 ~ 23:00(식사시간 1시간) + 심야수당,교통비 지급 1근무 : 5일 / 2근무 : 5일 / 3근무 : 10일 / 휴무10일",빌딩 전기관리원,빌딩전기기계관리원,학력무관,관계없음,월급 269만원 ~ 269만원,고용형태,"부산광역시 기장군 일광읍 기장대로 673, .",1명,2026-09-08 21:06:53
https://www.jobkorea.co.kr/Recruit/GI_Read/5521822/Ext?siteCode=WN&sc=,231101,재가노인복지센터 사회복지사 업무,사회복지사(사회복지시설),-,학력무관,경력,월급 220만원 ~ 220만원,고용형태,"부산광역시 동래구 충렬대로200번길 25, 상가301호 (수안동, 한진타운)",1명,2026-09-08 21:06:54
https://www.jobkorea.co.kr/Recruit/GI_Read/5522518/Ext?siteCode=WN&sc=,026501,"[모집직무] 문서 관리, 행정 지원, 재고 관리, 구매, 업무 효율화 [직무소개] 우리 회사는 다양한 업무 분야에서 숨막힐 듯한 성장을 이루며 앞으로 나아가고 있습니다. 이번 채용을 통해 문서 관리 및 업무 지원 분야에서 핵심적인 역할을 수행하는 팀원을 찾고 있습니다. 본 직무는 회사업무지원팀에서 문서를 작성하고 관리하며 재고를 파악하고 발주하는 업무를 담당합니다. [주요업무] - 문서 작성 및 관리 - 재고 파악 및 발주 - 업무 프로세스 개선 제안 - 팀 내 업무 지원 - 파일 정리 및 보관 [우대사항] - 타 회사나 직종 근무시 재고관련해서 능통하시고 꼼꼼한 성격 소유자 - 경리의 사무업무 이외의 현장직원 업무지원이기 때문에, 현장서류 및 PPT작성 가능자",총무 및 일반 사무원,기업행정사무원,학력무관,관계없음,"시급 10,320원 ~ 10,320원",고용형태,"부산광역시 사하구 감천로 59, 지하 1,2층 (감천동)",1명,2026-09-08 21:06:54
https://www.jobkorea.co.kr/Recruit/GI_Read/5524256/Ext?siteCode=WN&sc=,532302,"부산 강서구 가락대로 929 렛츠런파크 관람대 3층 푸드코트 함께 근무하실 조리원 모집중입니다. - 전처리, 셋팅, 세척, 청소 등 - 주 4일 근무 (목,금,토,일) * 목요일은 전처리 업무만 합니다. - 근무시간 : 7시30분~16시30분 (휴게시간 1시간) - 시급 13,500원 (주휴수당 별도) > 시급 기준으로 월 근무시간 계산하여 월급 형태로 지급 (월 예상 급여 210~230만원 정도 (주휴수당 포함)) 4대보험 퇴직금 연차 주차가능",단체 급식 보조원,단체급식보조원,학력무관,관계없음,월급 210만원 ~ 230만원,고용형태,"부산광역시 강서구 가락대로 929, 렛츠런파크 부산경남 (범방동)",1명,2026-09-08 21:06:54
https://www.jobkorea.co.kr/Recruit/GI_Read/5522865/Ext?siteCode=WN&sc=,550102,"- 73세, 4등급 할머니 - 일상생활지원, 개인활동지원, 병원동행, 외출동행 - 주5일, 12:00~15:00 - 시급 13,000원 - 치매 있으심.",재가 요양보호사,-,학력무관,관계없음,"시급 13,000원 이상",고용형태,"부산광역시 남구 동명로 202, 주변 (용호동, 경동아파트)",1명,2026-09-08 21:06:54
https://www.jobkorea.co.kr/Recruit/GI_Read/5523146/Ext?siteCode=WN&sc=,821203,"[회사소개] 30여 년간 축적된 신선, 열처리 및 도금 제어 기술을 바탕으로 고품질 아연도금철선을 생산하는 전문 제조기업 입니다. 우수한 품질과 안정적인 생산기술을 기반으로 국내외 고객에게 우수한 제품을 공급하며 지속적으로 성장하고 있습니다. [주요 직무내용] - 원자재, 철선, 강선 등의 인발·신선 설비 조작 및 운전 - 생산계획에 따른 안정적인 철선 생산 작업 수행 - 생산제품의 치수, 표면상태 등 품질 확인 경력자는 우대하며 신입도 지원 가능합니다. 성실하고 책임감 있는 분들의 많은 지원 바랍니다.",인발·신선·연선·압출기 조작원,신선기조작원,학력무관,관계없음,"연봉 4,400만원 ~ 4,600만원",고용형태,부산광역시 강서구 녹산산단407로 16,2명,2026-09-08 21:06:54
https://www.jobkorea.co.kr/Recruit/GI_Read/5521821/Ext?siteCode=WN&sc=,564300,"근무내용 - 쇼핑카트수거 및 보충, 기타서비스 주말주차 모집 - 토요일 1명, 일요일 1명 - 2명모집 근무시간 : 12:00 ~ 21:00 또는 13:00 ~ 22:00 - (식사시간 1시간)",주차 관리원 및 안내원,-,학력무관,관계없음,"일급 99,000원 ~ 99,000원",고용형태,"부산광역시 기장군 일광읍 기장대로 673, 메가마트 기장점",2명,2026-09-08 21:06:55
https://www.jobkorea.co.kr/Recruit/GI_Read/5524287/Ext?siteCode=WN&sc=,836001,"[모집직무] 전기 판넬 조립 및 결선 , 판넬 제작, 시운전 - 고용형태 : 정규직 ( 수습 3개월 있음) - 지원자격 : 신입 및 경력직 - 중식제공 [주요업무] - 전기판넬 결선 작업 - 조립 및 테스트 - 제품의 품질 관리 - 안전 수칙 준수",전기 부품·제품 조립·검사원,계전기조립원,학력무관,관계없음,월급 250만원 이상,고용형태,부산광역시 남구 이기대공원로 432,1명,2026-09-08 21:06:56
https://www.jobkorea.co.kr/Recruit/GI_Read/5524298/Ext?siteCode=WN&sc=,305000,1. 중식시간 국 배식 2. 식단표 작성 등,영양사,구내식당영양사,학력무관,관계없음,월급 100만원 ~ 110만원,고용형태,"부산광역시 강서구 녹산산단382로14번가길 20, 402 (송정동, 부산청정도금센터)",1명,2026-09-08 21:06:56
https://www.jobkorea.co.kr/Recruit/GI_Read/5523193/Ext?siteCode=WN&sc=,852200,전반적인 현장관리,플라스틱제품 생산기 조작원,플라스틱블로우성형원,학력무관,신입,월급 250만원 ~ 400만원,고용형태,"부산광역시 기장군 정관읍 용수공단2길 42, 신진테크",2명,2026-09-08 21:06:56
https://www.jobkorea.co.kr/Recruit/GI_Read/5521804/Ext?siteCode=WN&sc=,158102,함께 일할 소방시설 점검 팀장님 모집합니다. 점검팀장 경력 5년이상 점검경력사 수첩 중급이상 필수입니다. 부산광역시 내에서 근무합니다. 임금은 상의 후에 결정됩니다.,소방시설·설비 시공 기술자,소방설비기술자,학력무관,경력,월급 350만원 이상,고용형태,"부산광역시 해운대구 재반로50번길 21-22, 1층 중앙이엠씨 (재송동)",1명,2026-09-08 21:06:56
https://www.jobkorea.co.kr/Recruit/GI_Read/5521763/Ext?siteCode=WN&sc=,532301,"급식, 도시락, 반찬매장을 운영하고 있는 아람찬입니다. 아람찬 본부 조리실에서 설거지, 전처리 및 청소 하실 분 모집합니다. 1) 모집분야 : 설거지, 전처리, 청소 2) 업무내용 : 본부 조리실에서 설거지, 전처리, 청소 3) 업무시간 : 평일 8:30 ~ 16:30(휴게시간 1시간 포함), 격주 토요일 8:30 ~ 14:30(휴게시간 30분 포함) 4) 업무장소 : 강서구 명지국제8로 19, 레인보우타워 2층 5) 급여 : 최저시급(10,320원) 적용, 주휴수당 6) 전형절차 : 서류전형 후 면접 7) 문의처 : 공일공-육오팔구-이오오이 (평일 오전 9시 ~ 오후 1시) * 성실하고 위생관념이 있으신 분",주방 보조원(일반 음식점),주방보조원,학력무관,관계없음,"시급 10,320원 ~ 10,320원",고용형태,"부산광역시 강서구 명지국제8로 19, 레인보우타워 2층 (명지동, 명지레인보우타워)",1명,2026-09-08 21:06:57
https://www.jobkorea.co.kr/Recruit/GI_Read/5521876/Ext?siteCode=WN&sc=,027200,"당사 유류판매 도소매업 문서작성 (엑셀 활용),전산입력 (ERP 활용)",경리 사무원,-,고졸~대졸(4년),신입,"연봉 3,000만원 ~ 3,000만원",고용형태,"부산광역시 남구 전포대로 133, 3층 328호 (문현동)",1명,2026-09-08 21:06:57
https://www.jobkorea.co.kr/Recruit/GI_Read/5523647/Ext?siteCode=WN&sc=,550102,"(95세)여자어르신 월~금 주5회 오전9시~12시00분(3시간) -4등급(가사지원) -시간당13,100원(각종수당포함) -근무 전 필요서류 : 요양보호사 자격증, 건강검진결과표 -근무장소 : 동구 초량동",재가 요양보호사,재가요양보호사,학력무관,관계없음,"시급 10,320원 ~ 10,320원",고용형태,부산광역시 동구 초량상로89번길 9-2 (초량동),1명,2026-09-08 21:06:58
https://www.jobkorea.co.kr/Recruit/GI_Read/5523664/Ext?siteCode=WN&sc=,816100,"안전밸브 조립 경험자 우대 (초보가능) 단순조립, 밸브 조립",일반기계 조립원,-,학력무관,관계없음,"시급 10,320원 이상",고용형태,부산광역시 강서구 화전산단6로66번길 19 (화전동),1명,2026-09-08 21:06:58
https://www.jobkorea.co.kr/Recruit/GI_Read/5521337/Ext?siteCode=WN&sc=,813201,cnc선반가공 더보기,CNC 선반 조작원(NC 선반 조작원),CNC lath가공원,학력무관,경력,"연봉 5,500만원 이상",고용형태,부산광역시 강서구 낙동남로583번길 66,1명,2026-09-08 21:06:58
https://www.jobkorea.co.kr/Recruit/GI_Read/5523665/Ext?siteCode=WN&sc=,550102,한일유엔아이 90대초반 남자어르신(4등급어르신) 월화목금토(주5회) 10:00~13:00(3시간)-병원동행도 있을수 있음.,재가 요양보호사,-,학력무관,관계없음,"시급 10,320원 ~ 10,320원",고용형태,"부산광역시 북구 금곡대로 344, 4층 (화명동, 화명빌딩)",1명,2026-09-08 21:06:59
https://www.jobkorea.co.kr/Recruit/GI_Read/5523192/Ext?siteCode=WN&sc=,706002,"[모집직무] 학교 및 건물의 시설물 설치 및 보수, 시공 보조 [직무소개] 학교 및 건물의 시설물 설치 및 보수 [주요업무] - 학교 시설물 설치 및 보수 - 시공 보조 - 건축 자재 및 공구 관리",건설·채굴 단순 종사원,건설단순종사원,학력무관,관계없음,월급 250만원 이상,고용형태,"부산광역시 사하구 을숙도대로724번길 33, . (구평동, B동)",1명,2026-09-08 21:06:59
https://www.jobkorea.co.kr/Recruit/GI_Read/5521768/Ext?siteCode=WN&sc=,550102,80대 5등급 남자어르신 치매교육 이수자 필수 근무지 : 감천문화마을 내에 어르신 거주지 있음.,재가 요양보호사,재가요양보호사,학력무관,관계없음,"시급 10,320원 ~ 10,320원",고용형태,부산광역시 사하구 옥천로111번길 14-1 (감천동),1명,2026-09-08 21:07:00
https://www.jobkorea.co.kr/Recruit/GI_Read/5523152/Ext?siteCode=WN&sc=,214404,- 자동차정비 경력자 우대,기계·금속·전기·전자 강사,기계설비강사,학력무관,경력,"연봉 3,000만원 ~ 3,500만원",고용형태,"부산광역시 서구 토성동1가 까치고개로245번길 9, 부산자동차직업학교 (토성동1가)",2명,2026-09-08 21:07:00
https://www.jobkorea.co.kr/Recruit/GI_Read/5522626/Ext?siteCode=WN&sc=,873102,"생산직 사원모집 (수산물 손질 및 포장) 근무시간 08:00~17:30 (점심시간 12:00~13:00, 휴게시간 10:00~10:10, 휴게시간 15:30~15:50) 신규자 가능",어패류(수산물) 가공기계 조작원,수산물염장원,학력무관,관계없음,"시급 10,320원 ~ 10,320원",고용형태,"부산광역시 서구 원양로 242, 2층 (암남동)",4명,2026-09-08 21:07:01
https://www.jobkorea.co.kr/Recruit/GI_Read/5522638/Ext?siteCode=WN&sc=,813205,CNC 보오링 조작,드릴링기 및 보링기 조작원,-,학력무관,경력,"시급 13,000원 ~ 16,000원",고용형태,부산광역시 강서구 화전산단6로 59,1명,2026-09-08 21:07:01
https://www.jobkorea.co.kr/Recruit/GI_Read/5522639/Ext?siteCode=WN&sc=,813200,선반기계 조작원 모집,금속 공작기계 조작원,-,학력무관,관계없음,"시급 10,320원 ~ 16,000원",고용형태,부산광역시 강서구 화전산단6로 59,3명,2026-09-08 21:07:01
https://www.jobkorea.co.kr/Recruit/GI_Read/5522598/Ext?siteCode=WN&sc=,873101,육가공 대패 가공 및 포장 거래처 배달원,육류 가공기계 조작원,육류가공처리기조작원,학력무관,관계없음,"시급 12,000원 이상",고용형태,부산광역시 강서구 대저중앙로394번가길 50-17 (대저1동),2명,2026-09-08 21:07:01
https://www.jobkorea.co.kr/Recruit/GI_Read/5524299/Ext?siteCode=WN&sc=,890000,"[모집직무] 테프론 코팅 도장담당(액체, 분체) [직무소개] 테프론 코팅 전문 업체인 우리 회사에서는 다양한 산업 분야에 필요한 고기능성 테프론 코팅을 제공하고 있습니다. 이번 채용은 고품질 테프론 코팅을 수행하고 도장 설비를 운영하는 전문가를 모집합니다. [주요업무] - 금속, 알루미늄, 스테인리스 등 다양한 소재에 테프론 코팅 - 분체 및 액체 코팅 도료 활용 - 도장 설비 운용 및 관리 - 코팅 후 고온 소성(경화) 공정 관리 - 제품 성능 및 내구성 향상을 위한 코팅 프로세스 최적화",기타 제조 관련 단순 종사원,-,고졸~대졸(4년),경력,월급 300만원 ~ 350만원,고용형태,부산광역시 강서구 녹산산업북로313번길 70 (송정동),1명,2026-09-08 21:07:02
https://www.jobkorea.co.kr/Recruit/GI_Read/5519949/Ext?siteCode=WN&sc=,561101,- 아파트 공용부분 - 평일 : 9시~16시(휴게1시간)/ 토요일 : 9시~12시,"건물 청소원(공공건물,아파트,사무실,병원,상가,공장 등)",-,학력무관,관계없음,"시급 10,320원 이상",고용형태,"부산광역시 동구 홍곡로 50, 이편한세상부산항 (초량동, e편한세상 부산항)",1명,2026-09-08 21:07:02
https://www.jobkorea.co.kr/Recruit/GI_Read/5518912/Ext?siteCode=WN&sc=,890001,"담당 업무 : 선박 배관 PIPE 선별 및 팔렛팅 (steel / sus 외) 배관 파이트 하이드로테스트 과정 진행 (조립, 검사진행, 팔렛팅) 경력자 우대 (경력자 급여 협의 가능)",기계·금속 분야 단순 종사원,-,학력무관,관계없음,월급 300만원 ~ 300만원,고용형태,"부산광역시 강서구 녹산산단17로 76, 화진 (송정동)",1명,2026-09-08 21:07:02
https://www.jobkorea.co.kr/Recruit/GI_Read/5519391/Ext?siteCode=WN&sc=,550102,"1. 장기요양 5등급 남자어르신 2. 주5회 180분 이용 3. 투석환자로 주3회 (월, 수, 금) 병원동행이 주 업무이며 4. 근무시간 1일3시간 (11:40~ 14:40) 화요일과 목요일은 시간 조정 가능함 5. 치매교육 이수하신분",재가 요양보호사,재가요양보호사,학력무관,관계없음,"시급 10,320원 ~ 10,320원",고용형태,"부산광역시 북구 금곡대로 166, 401 (화명동, 롯데캐슬카이저)",1명,2026-09-08 21:07:03
https://www.jobkorea.co.kr/Recruit/GI_Read/5536541/Ext?siteCode=WN&sc=,521200,"[직무내용] • 외국인 및 내국인 고객의 차량인수반납, 계약서작성에 대해 관리합니다 • 간단한 영어로 외국인과 의사소통이 되어야 합니다. • 중국어 대화 가능자 우대합니다. • 고객 문의 응대 및 답변을 상시 메신져나 이메일로 관리합니다. • 예약 시스템을 업데이트합니다 • 예약 고객 요구 사항 조율합니다 • 드라이버 및 차량 배차 업무를 담당합니다. • 기타 렌터카 회사의 사무업무를 보조합니다.",여행 사무원,여행사무원,학력무관,관계없음,월급 220만원 ~ 220만원,고용형태,부산광역시 강서구 공항앞길85번길 25 (대저2동),1명,2026-09-08 21:07:03
https://www.jobkorea.co.kr/Recruit/GI_Read/5518985/Ext?siteCode=WN&sc=,415301,실내건축건설업면허 보유업체 경력무관(5년이상 동종업계근무자 우대조건) 운전가능한 자 컴퓨터 3D모델링/3D랜더링 배우면서 일하실 분 현장감리 및 프로그램 전반적인 교육실시 4대보험 가입 퇴직금 월급/연봉 외 추가 인센티브 수당지급,인테리어 디자이너,인테리어기술자,학력무관,경력,월급 230만원 ~ 300만원,고용형태,"부산광역시 기장군 정관읍 모전1길 20-3, 무늬디자인",1명,2026-09-08 21:07:04
https://www.jobkorea.co.kr/Recruit/GI_Read/5519788/Ext?siteCode=WN&sc=,561102,"◆ 룸메이드 직원 채용 ◆ ■ 모집직종 : 룸메이드 직원 ■ 근무내용 : 호텔 객실 정비 ■ 근무시간 : 08:30 ~ 17:30 / 8시간 근무, 1시간 휴게 ■ 급여 : 2,156,880원(연차 별도) + @ (1일 기본 12.5개, 추가 정비수량 x 6,100원,이불수당 별도) ■복지 : 4대보험, 연 월차, 퇴직금, 식사제공 ※ 호텔 객실 관리원 경험이 있으신 분들은 누구나 지원 가능합니다. ※ 신입도 지원 가능합니다.(단, 호텔 객실관리자 양성교육 이수자) ※ 바로 출근 가능하신 분 지원 부탁드립니다.","호텔·콘도·숙박시설 청소원(룸메이드,하우스키퍼)",룸메이드,학력무관,관계없음,월급 215만원 ~ 215만원,고용형태,부산광역시 수영구 광안해변로 217 (광안동),2명,2026-09-08 21:07:04
https://www.jobkorea.co.kr/Recruit/GI_Read/5519716/Ext?siteCode=WN&sc=,029904,"ㅇ KT 공식대리점 사무보조 업무 ㅇ 해피콜 및 개통건 검수 및 정보관리 ㅇ 간단한 문서 정리 및 사무보조 업무 > 판매.영업 업무는 없습니다. > 업무는 약 1주 정도면 대부분 숙지가능하며 초보자분도 가능합니다. > 교육 및 업무 매뉴얼 제공되며 궁금한 사항은 담당자를 통해 언제든 문의 가능합니다. ** 단, 지각 없고, 책임감 있고 성실하게 장기 근무 가능하신 분의 지원을 환영합니다.",사무 보조원(일반사업체),서류정리원(일반사업체),학력무관,관계없음,월급 123만원 이상,고용형태,"부산광역시 중구 대청로 97-2, 1층 KT (대청동2가)",1명,2026-09-08 21:07:06
https://www.jobkorea.co.kr/Recruit/GI_Read/5519787/Ext?siteCode=WN&sc=,561300,"◆◆ (수영구 민락동 민락수변공원 인근) 호텔 미화/정비 지원 모집 ◆◆ ◆ 모집인원 : 1명 ◆ 급여 : 1,980,160원 ◆ 근무조건 : 주 6일 근무(09시00분 ~ 16시00분) ◆ 근무시간 : 스케줄 근무(근무일 협의가능) ◆ 업무 : 호텔 정비지원/미화, 린넨실 및 층 관리 등 ◆ 복지 : 4대보험, 퇴직금, 연차, 중식 제공 ※ 호텔 경험이 있으신 분들은 누구나 지원 가능합니다. ※ 바로 출근 가능하신 분 지원 부탁드립니다. 서로 도와가며 일하며, 좋은 분들과 일을 하실 수 있는 곳입니다. 민락동이라는 지리적 어려움을 딛고 같이 도약 하실 분, 성장하고 싶으신 분들 적극 지원 부탁드립니다.",거리 및 공공장소 청소원(환경 미화원),-,학력무관,관계없음,월급 198만원 ~ 198만원,고용형태,부산광역시 수영구 민락수변로 141 (민락동),1명,2026-09-08 21:07:06
https://www.jobkorea.co.kr/Recruit/GI_Read/5518464/Ext?siteCode=WN&sc=,306400,"업무: 치과 진료 보조 치과 업무 관리 근무조건; 치과위생사, 간호조무사, 치과 근무 경험자 경력자 환영 파트타임 근무 환영 토요일 근무 근무시간; 협의하여 조절 가능. 근무 요일 조절 가능 연락처 : 051-758-2882",치과위생사,치과위생사,학력무관,경력,"시급 12,000원 이상",고용형태,"부산광역시 수영구 수영로 754 (민락동, 센텀비스타동원)",2명,2026-09-08 21:07:06
https://www.jobkorea.co.kr/Recruit/GI_Read/5519586/Ext?siteCode=WN&sc=,813104,"레이저 캐드 (트럼프 8kw , 6kw) 경력자 우대합니다 프로그램 탑스 입니다. [레이저가공 > 레이저가공 설계] 도면 해독하기,전개도 작성하기,배치도 작성하기,프로그래밍하기",캐드캠 기능원,-,대졸(2~3년)~대졸(4년),경력,"연봉 3,500만원 ~ 3,500만원",고용형태,부산광역시 강서구 낙동남로549번길 21 (녹산동),1명,2026-09-08 21:07:06
https://www.jobkorea.co.kr/Recruit/GI_Read/5519560/Ext?siteCode=WN&sc=,014302,[주요업무] - 선박 폐기물 수거 현장 안전 점검 및 관리 - 폐기물 처리 프로세스의 진행 상황 확인 및 기록 - 해양 환경 및 관련법규 준수,환경·청소 관리자,-,학력무관,경력,"연봉 5,500만원 ~ 5,500만원",고용형태,"부산광역시 영도구 봉래동3가 대교로2번길 31, 동승벨라지오 201호",1명,2026-09-08 21:07:06
https://www.jobkorea.co.kr/Recruit/GI_Read/5520248/Ext?siteCode=WN&sc=,140203,건설현장 공무 더보기,건축시공 기술자(건축견적 포함),건축시공기사,학력무관,경력,"연봉 6,000만원 이상",고용형태,"부산광역시 사상구 광장로 46, 현장 (괘법동)",1명,2026-09-08 21:07:07
https://www.jobkorea.co.kr/Recruit/GI_Read/5520158/Ext?siteCode=WN&sc=,026501,"총무 및 임원 수행기사 업무를 수행할 사원을 모집합니다. 1. 모집 부문 및 직무 안내 1) 모집 부문: 총무 겸 임원 수행기사 2) 주요 직무 - 일반 행정 등 경영지원 업무(주업무) - 차량 유지관리, 보험가입, 사고처리 등 - CEO 등 주요 임원 수행기사 2. 지원 자격 및 우대 사항 1) 학력: 고등학교 졸업 이상 2) 경력: 무관 (신입 가능 / 경력자 우대) 3) 필수 요건 - 1종 보통 운전면허 소지자 (실제 운전 가능자) - 해외여행에 결격 사유가 없는 자 - 운전경력증명서(면허/사고/위반 전체 경력 포함) 제출 3. 근무 조건 1) 고용형태: 시용기간 3개월 후 정규직 전환 검토 2) 채용직급: 사원 ~ 과장급 (경력에 따라 협의) 3) 근무지: 부산광역시 사하구 다산로 80 4) 급여조건: 회사 내규에 따름 (면접 후 결정) 4. 전형 절차 및 접수 방법 1) 서류 전형 : 이력서, 자기소개서 (※ 운전경력증명서는 면접 시 제출) 2) 면접 전형: 실무진 및 임원 면접 (서류 합격자에 한해 개별 통보) 3) 최종 합격: 입사 일정 조율 ※ 참고 사항: 지원서 내 허위 사실이 기재될 경우 합격이 취소될 수 있습니다.",총무 및 일반 사무원,-,고졸~대졸(4년),관계없음,"연봉 3,000만원 ~ 4,500만원",고용형태,부산광역시 사하구 다산로 80 (다대동),1명,2026-09-08 21:07:07
https://www.jobkorea.co.kr/Recruit/GI_Read/5520628/Ext?siteCode=WN&sc=,813100,- 사출금형 사상공 - 경력 1년 필수 - 상여금 :150% (1년미만 차등지급) - 경력자 임금협의 가능,금형원,-,학력무관,경력,"일급 90,000원 이상",고용형태,부산광역시 강서구 화전산단5로98번길 21 (화전동),1명,2026-09-08 21:07:08
https://www.jobkorea.co.kr/Recruit/GI_Read/5524233/Ext?siteCode=WN&sc=,159103,"-저희 회사는 (주)포스코 및 현대제철(주)을 주 거래처로 동력전달장치의 유니버셜 조인트 , 커플링을 공급하는 회사로 함께할 참신하고 능력있는 인재를 구합니다. -CAD, 3D, 솔리드웍스 가능자 -주5일 / 07:30~16:30 -수습 3개월 있음 -임금 / 면접후 결정 ▶ 근무지: 부산광역시 강서구 미음산단로76번길 6 (구랑동) 태광유엔티 ▶ 지원방법: 고용24 입사지원",기계·금속 제도사(캐드원),-,대졸(2~3년)~석사,경력,"연봉 5,000만원 ~ 6,500만원",고용형태,"부산광역시 강서구 미음산단로76번길 6, 주식회사 태광유엔티 (구랑동)",1명,2026-09-08 21:07:08
https://www.jobkorea.co.kr/Recruit/GI_Read/5520244/Ext?siteCode=WN&sc=,159103,"하나유니트는 2014년 설립하여 산업용 가스 실린더 캐비닛과 고압 튜브 트레일러 매니폴드, 초고순도 가스 용기 스키드 제작의 경험과 기술을 축적하며 꾸준히 성장 발전하였습니다. 2021년 이후 정부의 수소경제 육성 정책과 대기업들의 시장 진출을 계기로 수소 분야에 본격 진입했으며, 현재까지 기체수소충전소 12개소, 액화수소충전소 18개소, 수소생산기지 6개소 구축에 참여했습니다. 이를 통해 수소 배관 설비 및 충전 인프라 분야에서 전문성을 축적해왔으며, 수소전문기관으로서 역할을 충실히 수행하고 있습니다. 이러한 시공 경험을 바탕으로 한 설계·제작 역량과 함께, 자체 제품 개발로의 전환 전략을 실행하고 있습니다. 하나유니트는 기업부설연구소를 설립하고 설계·해석·제작을 아우르는 기술 내재화를 추진 중이며, 플랜텍과 협력한 PRG 시스템 모듈 설계 및 제작을 비롯해 시험장비, 수소 유량 측정 장비, 이동식 수소충전 장비, 극저온 열교환기 등 다양한 프로젝트를 수행하고 있습니다. 특히 국내 최초로 액화수소충전소 판넬 및 배관 설계·시공을 완료한 경험을 기반으로 액화수소 인프라 시장에서 경쟁력을 확보하고 있으며, 증가하는 수주 물량 대응과 품질 향상을 위해 생산 거점 확장과 자체 제품 양산 체계 구축에도 나서고 있습니다. 또한, 대용량 Type4 튜브트레일러 상용화 및 극저온 설비 개발 등으로 사업 다각화를 추진하며, 단순 시공 중심 기업에서 자체 브랜드 장비 제조 기업으로의 전환을 목표로 신규 사업을 추진하고 있습니다. 당사와 함께 성장할 인재를 아래와 같이 모집합니다. [담당업무] 1. 수소(기체/액체) 고압배관, Panel, 3D / 2D 도면작성 - Equipment Layout - Piping General Arrangement - Piping Route Study - ISO Drawing & BOM 작성 - 자재발주지원 2. 고객사와의 communication - 고객사 기술회의 시 요구자료작성 - 고객사 요구 Specification 적용 및 작성능력 [신입] 1. 경력 및 학력: 3년 우대 / 초대졸 이상(2,3년) 2. 3D modeling(Solid Edge ) / 2D Auto-Cad 활용 가능자 우대 [우대사항] 1. 영어회화 가능자 2. Project 수행 전체 과정에 대한 이해 및 경험보유자 [근무조건] * 근무형태: 정규직(수습 3개월) * 근무일시: 08:00~18:00 * 근무지: 부산광역시 강서구 제도로 819 * 홈페이지: www.bssg.co.kr * 담당자 연락처: jikwon@bssg.co.kr 문의사항은 담당자 이메일로 문의 바랍니다.",기계·금속 제도사(캐드원),기계제도사,대졸(2~3년)~대졸(4년),관계없음,"연봉 2,900만원 ~ 3,300만원",고용형태,"부산광역시 강서구 제도로 819, 821, 하나유니트 (강동동)",2명,2026-09-08 21:07:08
https://www.jobkorea.co.kr/Recruit/GI_Read/5520156/Ext?siteCode=WN&sc=,028900,"언어 능통자(영어,일본어) 구합니다. 무역 및 하역 관련업무 📋 주요업무 • 급여 - 면접후 결정 • 근무시간 08:00 ~ 17:00 • 언어 능통자 (영어, 러시아어) • 무역 포워딩 통역 • 운전필수 📋 자격요건 • 경력 무관 (신입 지원 가능) • 대학교졸업(4년)이상, 졸업 예정자 지원가능 🏠 근무조건 • 고용형태 : 정규직(수습 3개월) • 급여 : 면접 후 결정 • 근무지 : 부산 사하구 구평로 10 성원빌딩2층",기타 운송 및 무역 사무원,터미널관리사무원,학력무관,신입,"연봉 3,300만원 ~ 3,300만원",고용형태,"부산광역시 사하구 구평로 10 91, 성원빌딩 2층 (구평동)",1명,2026-09-08 21:07:08
https://www.jobkorea.co.kr/Recruit/GI_Read/5518910/Ext?siteCode=WN&sc=,824102,"알곤 용접 가능자(전기, CO2 용접 가능자 우대)","전기용접원(아크,알곤,티그용접원)",전기용접원,학력무관,관계없음,월급 250만원 이상,고용형태,"부산광역시 사상구 낙동대로988번길 27, (주)자성산업 (감전동)",1명,2026-09-08 21:07:09
https://www.jobkorea.co.kr/Recruit/GI_Read/5520557/Ext?siteCode=WN&sc=,415301,"[모집직무] 상업공간 인테리어 디자이너 [회사소개] MOVA DESIGN은 부산 지역을 중심으로 미용실, 뷰티샵, 상가 등 상업공간의 상담·디자인·시공을 진행하는 인테리어 전문회사입니다. 설계팀과 현장팀이 협업하여 프로젝트를 진행하며, 실무를 배우면서 함께 성장할 신입 인테리어 디자이너를 모집합니다. [주요업무] - 상업공간 인테리어 평면도 작성 및 도면 수정 - SketchUp을 활용한 3D 모델링 및 공간 디자인 - 현장 실측 및 실측자료 정리 - 고객 요청사항과 피드백을 반영한 설계 변경 - 마감재, 컬러 및 인테리어 자재 선정 - 거래처 견적 요청 및 가격 비교 - 인테리어 자재 발주 및 발주내역 관리 - 프로젝트별 사진과 설계자료 정리 - 네이버 블로그 및 SNS 콘텐츠 작성·관리 - 기타 인테리어 설계 및 프로젝트 관련 보조업무 [지원자격] - 경력 무관, 신입 및 사회초년생 지원 가능 - SketchUp 또는 AutoCAD 기본 사용 가능자 - 공간 디자인과 상업공간 인테리어에 관심이 있는 분 - 새로운 업무를 배우려는 의지가 있는 분 - 책임감 있게 업무를 관리하고 원활하게 소통할 수 있는 분 [우대사항] - 건축, 실내건축, 인테리어 또는 공간디자인 관련 전공자 - SketchUp, AutoCAD, Enscape 사용 가능자 - Photoshop, Illustrator 등 이미지 편집 프로그램 사용 가능자 - 인테리어 설계 포트폴리오 제출 가능자 - 블로그 또는 SNS 콘텐츠 작성 경험이 있는 분 - 운전 가능자 [근무안내] - 신입 지원 가능 - 입사 후 회사의 설계 및 프로젝트 진행방식에 따라 실무교육 진행 - 담당업무는 개인의 숙련도에 따라 단계적으로 배정",인테리어 디자이너,-,고졸~대졸(2~3년),관계없음,월급 215만원 ~ 230만원,고용형태,"부산광역시 부산진구 중앙대로 694, 9층 57호 (부전동, 쥬디스태화) (부전동, 쥬디스태화)",1명,2026-09-08 21:07:09
https://www.jobkorea.co.kr/Recruit/GI_Read/5520629/Ext?siteCode=WN&sc=,159103,* 사출금형 설계 - 2D. 3D 가능하신분 - 경력 1년 필수 - 경력자 임금협의 - 상여금 150%(1년미만 차등지급),기계·금속 제도사(캐드원),-,학력무관,경력,"일급 90,000원 이상",고용형태,부산광역시 강서구 화전산단5로98번길 21 (화전동),1명,2026-09-08 21:07:09
https://www.jobkorea.co.kr/Recruit/GI_Read/5516382/Ext?siteCode=WN&sc=,531803,[장애인만 채용] 병원 내 영양과 비품 정리 및 청소 등 ◆ 고용24 지원시 접수불가( 【 medwill0519@naver.com】 메일주소 또는 아래 유선전화로 지원바랍니다. ),병원 급식 조리사,병원급식조리사,학력무관,관계없음,월급 215만원 ~ 215만원,고용형태,"부산광역시 금정구 중앙대로 1951, 부산광역시 금정구 중앙대로 1951 (구서동) (구서동)",1명,2026-09-08 21:07:09
https://www.jobkorea.co.kr/Recruit/GI_Read/5517977/Ext?siteCode=WN&sc=,612106,"[모집직무] IT 기술영업원(전산장비,소프트웨어) , 영업 및 고객관리, 기술 영업원 [직무소개] 다양한 기업 및 공공기관을 대상으로 더존ERP 및 AI 솔루션을 컨설팅하고 구축하는 직무입니다. 솔루션에 대한 전문 지식을 바탕으로 기존 고객과 신규 고객의 비즈니스 환경에 적합한 서비스 제공과, 최적의 시스템 구축을 지원하는 역할을 수행합니다. [주요업무] - 기존 고객에 대한 관리, 지원, 컨설팅 제공 - 더존ERP 및 AI 솔루션에 대한 교육 및 안내 - 신규 고객 확보를 위한 영업 컨설팅 및 사업 기회 발굴 - 기업의 특성에 맞는 솔루션 설계 및 구축 지원 - 수주 전략 수립 및 기술 영업 제안 작업 담당","IT 기술영업원(전산장비,소프트웨어)",-,학력무관,관계없음,"연봉 2,600만원 ~ 3,500만원",고용형태,"부산광역시 해운대구 센텀중앙로 90 (재송동, 큐비이센텀)",1명,2026-09-08 21:07:10
https://www.jobkorea.co.kr/Recruit/GI_Read/5517150/Ext?siteCode=WN&sc=,550102,"1.업체명 : 가람재가노인복지센터 2.근무지 : 정관읍 LH8단지 3.모집직종 : 재가요양보호사 1명(대상자 : 5등급, 72년생, 남자 /치매 /독거) 4.요양보호사 자격증 필수, 1년 이내 건강검진결과서, 치매이수(필수) 5.근무시간 : 주5일,09:00 ~12:00 6.급여사항 : 시급 10,030원(*주휴,연차수당 등 별도) 7.복리후생 : 4대보험,퇴직연금 8.접수 방법 : 통화 후 접수 문의 *실제 서비스 제공기간에 따라 임금을 계산하여 지급하는 형태로 채용 시 근로자마다 주 소정 근로시간이나 임금, 근무(예정)지 등에 차이가 있을 수 있음",재가 요양보호사,재가요양보호사,학력무관,관계없음,"시급 10,320원 ~ 10,320원",고용형태,"부산광역시 기장군 정관읍 정관1로 51, 정관행복주택 ()",1명,2026-09-08 21:07:10
https://www.jobkorea.co.kr/Recruit/GI_Read/5521762/Ext?siteCode=WN&sc=,550102,"90대 남자어르신 3등급 시급 13,300원 근무일 주 3회 월, 화, 목 근무",재가 요양보호사,-,학력무관,관계없음,"시급 10,320원 ~ 10,320원",고용형태,"부산광역시 사상구 백양대로 716, . (덕포동, 덕포남영아파트)",1명,2026-09-08 21:07:11
https://www.jobkorea.co.kr/Recruit/GI_Read/5516262/Ext?siteCode=WN&sc=,813201,"cnc선반조작원 별도의 기능은 요구하지않음 [선반가공 > 기본 작업(선반가공)] 작업 준비하기,본가공 수행하기,검사 · 수정하기 [선반가공 > 단순형상 작업] 작업준비하기,본가공 수행하기,검사 · 수정하기",CNC 선반 조작원(NC 선반 조작원),CNC lath가공원,학력무관,관계없음,"시급 10,320원 이상",고용형태,"부산광역시 강서구 과학산단로 421, 미래정공 (지사동)",1명,2026-09-08 21:07:11
https://www.jobkorea.co.kr/Recruit/GI_Read/5520570/Ext?siteCode=WN&sc=,890000,선박 철의장품 조공 제조업 단순 노무,기타 제조 관련 단순 종사원,권선공,학력무관,관계없음,월급 250만원 이상,고용형태,"부산광역시 사하구 구평로16번길 71, 강남조선소 내 (구평동)",8명,2026-09-08 21:07:12
https://www.jobkorea.co.kr/Recruit/GI_Read/5527116/Ext?siteCode=WN&sc=,307500,"• 접수 수납 진료 보조 , 드레싱 처치 및 보조 • 남성 수술 보조 근무시간 월~금 오전9시~오후6시 (10시 진료 시작) 토 오전9시~오후3시 (10시 진료 시작) 점심 시간 오후 12:30 ~ 오후 01:30 법정 공휴일과 일요일은 쉽니다 ※ 월차 연차 가능 ※ 연차 14개 (휴가포함) ※ / 식대 지원, 유니폼 지급 연봉 3000만원@+인센티브 (연봉 협상 가능)",간호조무사,-,학력무관,신입,"연봉 3,000만원 이상",고용형태,"부산광역시 동구 중앙대로 201, 5층 (초량동)",1명,2026-09-08 21:07:12
https://www.jobkorea.co.kr/Recruit/GI_Read/5517969/Ext?siteCode=WN&sc=,813101,<LG>전자 세탁기 및 자동차 프레스 업체입니다> ※주요업무 - 금형수리 / 보존 / 관리,프레스 금형 제조원,-,학력무관,경력,"연봉 5,400만원 이상",고용형태,"부산광역시 강서구 미음국제3로 112, 대성메탈 (미음동)",1명,2026-09-08 21:07:12
https://www.jobkorea.co.kr/Recruit/GI_Read/5517884/Ext?siteCode=WN&sc=,813210,머시닝센터 조작원 더보기,머시닝센터(MCT) 조작원,지그마스타조작원,학력무관,경력,"연봉 3,600만원 이상",고용형태,"부산광역시 사상구 새벽시장로 145, 1층 에이텍한독 (감전동)",1명,2026-09-08 21:07:13
https://www.jobkorea.co.kr/Recruit/GI_Read/5517892/Ext?siteCode=WN&sc=,890001,"[모집직무] 기타 기계 조작원, 건설·광업·농업 기계 조립·검사원, 주입·포장·상표부착기 등 기타 기계 조작원 [직무소개] (주)동해공영은 스테인리스 단열창호, 단열도어 등을 개발하고 전국적으로 공급하는 업체입니다. 본 채용 공고는 창호 완성품 조립 업무를 담당하는 인력을 모집합니다. [주요업무] - 창호 완성품 조립 - 창호 컷팅 기계 조작 - 금속 가공 작업 - 알곤용접 작업 (우대) - 제품 단순 포장 작업",기계·금속 분야 단순 종사원,기계분야 단순노무자,학력무관,관계없음,"연봉 3,000만원 ~ 3,600만원",고용형태,"부산광역시 강서구 녹산산단382로60번길 50, (주)동해공영",2명,2026-09-08 21:07:13
https://www.jobkorea.co.kr/Recruit/GI_Read/5518201/Ext?siteCode=WN&sc=,821200,선반 가공 더보기 접기,금속가공 기계 조작원,-,고졸,관계없음,월급 300만원 ~ 350만원,고용형태,"부산광역시 강서구 녹산산업중로 93, 1층 우측 (송정동)",1명,2026-09-08 21:07:14
https://www.jobkorea.co.kr/Recruit/GI_Read/5517280/Ext?siteCode=WN&sc=,821200,"NC 터닝 2,000 장비 조작원 모집.",금속가공 기계 조작원,-,학력무관,경력,"연봉 4,000만원 ~ 4,300만원",고용형태,부산광역시 강서구 화전산단5로74번길 31 (화전동),1명,2026-09-08 21:07:14
https://www.jobkorea.co.kr/Recruit/GI_Read/5518199/Ext?siteCode=WN&sc=,890003,"지대, 포대 등을 옮기는 작업. 지대(20Kg) 포장 작업. 지게차 운전. 급여 포함 사항 : 직무수당, 차량유지지원금 포함 상여금 : 6개월 근무 후 500% 지급(설, 추석명절, 하계휴가, 5월가정의 달, 12월연말)",화학·환경·에너지 분야 단순 종사원,화학분야 단순노무자,학력무관,관계없음,월급 235만원 ~ 245만원,고용형태,부산광역시 강서구 녹산산단290로 19,2명,2026-09-08 21:07:14
https://www.jobkorea.co.kr/Recruit/GI_Read/5517529/Ext?siteCode=WN&sc=,703100,"[모집직무] 건설 배관공, 기타 배관공 [직무소개] 우리 회사는 환경기계설비 공사 전문 업체로, 다양한 프로젝트에 참여하며 환경 개선에 기여하고 있습니다. 본 직무는 환경기계설비 공사를 위한 배관 설치 및 유지보수 작업을 담당합니다. [주요업무] - 환경기계설비 배관 설치 및 유지보수 - 배관 시스템 검사 및 점검 - 설비 작동 오류 원인 분석 및 해결 - 안전 작업 절차 준수 - 현장 작업 관련 서류 작성 및 관리",건설 배관공,-,학력무관,관계없음,월급 300만원 ~ 340만원,고용형태,"부산광역시 기장군 차성로 204-1, 202호 (우원빌라)",1명,2026-09-08 21:07:15
https://www.jobkorea.co.kr/Recruit/GI_Read/5516901/Ext?siteCode=WN&sc=,028400,"※조선 관련 업무 경력직 우대합니다. [모집직무] 농림어업 및 기타 생산 관리자, 기계·금속·비금속 제조 관리자(공장장), 자재·구매 부서장 [직무소개] 우리 회사는 첨단 기계와 장비를 활용하여 다양한 제품을 생산하는 글로벌 기업입니다. 본 직무는 부두 운영 및 생산 관리 전반을 책임지고 효율적인 자원 배분과 생산 프로세스 관리를 이끌어 나가는 역할입니다. [주요업무] - 부두 시설의 안전하고 효율적인 운영 및 관리 - 생산 계획 수립 및 생산 효율성 증대 - 자원 관리 및 재고 파악 및 예측 - 품질 관리 시스템 구축 및 운영 - 팀 관리 및 구성원들의 업무 지도 및 성과 관리",자재관리 사무원,-,학력무관,경력,월급 300만원 ~ 400만원,고용형태,"부산광역시 영도구 해양로135번길 18, (주)서융부두 (청학동)",1명,2026-09-08 21:07:15
https://www.jobkorea.co.kr/Recruit/GI_Read/5517530/Ext?siteCode=WN&sc=,531803,"[의료법인 아너의료재단 아름다운강산병원] - 금사동 병원급식조리사 또는 조리원 - 주5일(스케쥴근무) / 5:30~17:30 (휴게시간: 8:30~9:30, 13:00~15:00 ) - 임금 : 월 294만원 - 전화 후 이력서 방문접수 또는 고용24 입사지원. (식수인원 100명 / 조리사 5명 근무)",병원 급식 조리사,-,학력무관,관계없음,월급 294만원 이상,고용형태,"부산광역시 금정구 공단로 7, 아름다운강산병원 (금사동)",1명,2026-09-08 21:07:15
https://www.jobkorea.co.kr/Recruit/GI_Read/5517598/Ext?siteCode=WN&sc=,550102,"[ 수영구 광안동 ] 재가요양보호사 모집 ✔ 주소: 수영구 광일로 14-1 (광안동, 수영역 근처) ✔ 대상자: 4등급 남자 어르신/ 80세/ 독거 ✔ 근무시간: 09:00~12:00/ 주5일 ✔ 시급: 10,320원 (수당 등 포함 13,000원) ✔ 케어내용: 일상생활지원 및 식사챙겨드리기 ✔ 전화 후 방문 051-939-2288 ** 실제 서비스 제공기간에 따라 임금을 계산하여 지급하는 형태로 채용시 근로자마다 주 소정근로시간이나 임금, 근무(예정)지 등에 차이가 있을 수 있음.",재가 요양보호사,-,학력무관,관계없음,"시급 10,320원 ~ 10,320원",고용형태,"부산광역시 수영구 광일로 14-1, . (광안동)",1명,2026-09-08 21:07:15
https://www.jobkorea.co.kr/Recruit/GI_Read/5517996/Ext?siteCode=WN&sc=,531500,스시 제조 더보기 접기,일식 조리사,-,학력무관,관계없음,월급 300만원 이상,고용형태,"부산광역시 북구 용당로16번길 23, 스시투어화명점 (화명동)",1명,2026-09-08 21:07:16
https://www.jobkorea.co.kr/Recruit/GI_Read/5547948/Ext?siteCode=WN&sc=,026202,"관리단지 방문 및 운영 지원 관리사무소장 업무 지원 입주자대표회의·관리단 등 주요 의견 수집 및 정리 입찰 및 계약 관련 업무 지원 문서 접수·발송 및 행정업무 기타 본사에서 지시하는 관리업무 중식제공 * 메일 송부 시 제목란 "" 본사 관리팀지원 OOO 이력서"" 기재",영업 기획·관리·지원 사무원,영업기획사무원,학력무관,경력,"연봉 4,200만원 ~ 4,200만원",고용형태,"부산광역시 해운대구 센텀북대로 60, 1002호 장천 (재송동, 센텀아이에스타워)",1명,2026-09-08 21:07:17
https://www.jobkorea.co.kr/Recruit/GI_Read/5515427/Ext?siteCode=WN&sc=,028402,"■ 회사소개 ㈜코닥트는 산업용 케이블 캐리어 및 자동화 설비 관련 부품을 제조·공급하는 기업으로, 생산 현장의 원활한 운영을 지원할 자재관리 담당자를 모집합니다. ■ 모집분야 * 자재관리(현장직) ■ 담당업무 1. 자재 입·출고 관리 * 원자재 및 부자재 입고 확인 * 자재 하차 및 창고 적재 * 생산 요청에 따른 자재 불출 * 자재 이동 및 현장 공급 지원 2. 창고 및 자재 관리 * 자재 분류 및 적치 * 창고 내 자재 정리정돈 * 불량 및 훼손 자재 분리 보관 * 자재 보관 환경 유지 및 관리 3. 현장 지원 업무 * 지게차 운행을 통한 자재 상·하차 작업 * 생산 현장 자재 공급 지원 * 창고 및 작업장 환경 개선 활동 * 기타 부서 내 지원 업무 ■ 지원자격 * 학력 : 무관 * 경력 : 무관 ■ 우대사항 * 지게차 운전기능사 자격증 보유자 * 자재관리, 물류, 창고관리 경력자 우대 * 제조업 근무 경험자 우대 * 성실하고 책임감 있는 분 ■ 근무조건 * 고용형태 : 3개월 계약직 근무 후 정규직 전환 검토 * 근무시간 : 08:30 ~ 17:30 (주 5일, 주 40시간) * 연장근무 : 있음 (주 12시간 미만) * 휴게시간 · 10:30 ~ 10:40 · 12:30 ~ 13:30 · 15:30 ~ 15:40 * 근무장소 : 부산광역시 강서구 새진목길11번길 11 (명지동)",자재·구매 사무원(기계·자동차·금속),금속(부품)자재관리원,학력무관,관계없음,"시급 10,700원 이상",고용형태,"부산광역시 강서구 새진목길11번길 11, 코닥트 2공장 (명지동)",1명,2026-09-08 21:07:17
https://www.jobkorea.co.kr/Recruit/GI_Read/5515735/Ext?siteCode=WN&sc=,028506,"근무지 : 부산 기장군 기장읍 장안읍 오리산단3로 35 철강 제조회사로 함께 성장할 생산관리 사무직 직원을 모집합니다. [담당 업무] 철강 코일 입고 시 수량 및 품질 확인 제품 출하 전 출하품 확인 작업지시서 작성 및 생산 일정 관리 현장 작업자와 사무실 간 업무 소통 및 일정 조율 생산 관련 전산 입력 및 문서 관리 기타 생산관리 및 사무업무 연봉은 경력 및 업무 능력을 고려하여 협의 후 결정합니다. 현장과 사무실을 연결하는 중요한 역할을 담당하는 만큼, 책임감을 가지고 함께 오래 근무하실 분들의 많은 지원 바랍니다. # 연장근로시 연장근로수당 별도 지급",생산관리 사무원(그 외 분야),-,학력무관,관계없음,"연봉 3,000만원 ~ 5,000만원",고용형태,"부산광역시 기장군 오리산단3로 35, 남경스틸(주)",1명,2026-09-08 21:07:17
https://www.jobkorea.co.kr/Recruit/GI_Read/5514999/Ext?siteCode=WN&sc=,026502,금정노향주간보호센터에서 사무원 선생님을 모집합니다. 근무시간 : 8시간08:30~17:30 (휴게시간 13:00~14:00) 직무내용 : 주야간보호센터 사무원,병원행정 사무원(원무),원무행정사무원,학력무관,신입,월급 215만원 ~ 215만원,고용형태,"부산광역시 금정구 중앙대로 2008 (남산동, 예일빌딩)",1명,2026-09-08 21:07:19
https://www.jobkorea.co.kr/Recruit/GI_Read/5513558/Ext?siteCode=WN&sc=,140202,"건축, 구조설계, 안전진단",건축구조 기술자,-,대졸(4년)~석사,경력,월급 250만원 ~ 400만원,고용형태,부산광역시 동래구 금강공원로 2 (온천동),2명,2026-09-08 21:07:19
https://www.jobkorea.co.kr/Recruit/GI_Read/5515734/Ext?siteCode=WN&sc=,155101,가스측정기 영업보조및 지원 하단역에서 통근차량 지원 (7:20분 출발) ▶ 지원방법: 고용24 입사지원 또는 이메일 master@maeilind.co.kr 메일발송,가스 기술자 및 연구원,-,고졸~대졸(4년),신입,"연봉 3,000만원 이상",고용형태,"부산광역시 강서구 화전산단2로134번길 23, (주)매일산업 (화전동)",2명,2026-09-08 21:07:20
https://www.jobkorea.co.kr/Recruit/GI_Read/5515008/Ext?siteCode=WN&sc=,883300,- 목재 제단 및 제작,목제품 제조 관련 종사원,WOODEN BOX제작원,학력무관,관계없음,월급 250만원 ~ 280만원,고용형태,부산광역시 강서구 가리새2로 12 (생곡동),2명,2026-09-08 21:07:20
https://www.jobkorea.co.kr/Recruit/GI_Read/5515016/Ext?siteCode=WN&sc=,871100,"베이커 팀의 신입, 과장급 베이커 구인합니다. 모집 분야 : -반죽 -오븐 -성형 지원 자격 : 성실하고 책임감 있게 근무하실 분 팀워크를 중요하게 생각하시는 분 *면접 시 급여 협의 *월 6~7회 휴무",제과원 및 제빵사,제과사(제과원),학력무관,관계없음,월급 270만원 ~ 400만원,고용형태,"부산광역시 해운대구 중동2로 12-1, 1층 루시앙베이커리 (중동)",2명,2026-09-08 21:07:20
https://www.jobkorea.co.kr/Recruit/GI_Read/5515329/Ext?siteCode=WN&sc=,550101,"부산 기장군 기장읍 배산로8번길 65 (서부리, 이진테마빌) 3등급 여자 어르신 이용일: 월~금요일 시간: 5시30분~7시30분 ( 일 2시간 ) 업무: 어르신 집 정리 및 말벗.병원동행 시급 13,000(기본시급+ 제세수당 별도)",요양보호사(노인요양사),노인요양사,학력무관,관계없음,"시급 13,000원 ~ 13,000원",고용형태,"부산광역시 기장군 배산로8번길 65, 102동 (이진테마빌)",1명,2026-09-08 21:07:21
https://www.jobkorea.co.kr/Recruit/GI_Read/5515011/Ext?siteCode=WN&sc=,013903,"고시텔 관리하실분 시간 구애 받지 않는분 전기,수도 수리 가능하신분 부산 북구 덕천동 계신분 우대",빌딩 관리소장,빌딩관리사무소장,학력무관,신입,월급 260만원 ~ 260만원,고용형태,부산광역시 북구 만덕대로 84 (덕천동),1명,2026-09-08 21:07:22
https://www.jobkorea.co.kr/Recruit/GI_Read/5515877/Ext?siteCode=WN&sc=,232904,"★ (동구 초량동) 주간보호센터 시설요양보호사 모집 ★ *모집인원 : 1명 *근무지 : 동구 중앙대로196번길 6-5 (초량동) *직무내용 :이용 어르신의 일상생활 지원 및 송영업무 등 *근무시간 : 주5일, 08:30~17:30 *급여 : 월급 2,156,880원원 이상(경력자는 임금 협의 가능) *전형절차 : 서류전형 > 면접후 채용 *운전필수!! (2종 보통 이상) ☎지원문의:동구새일센터 070-4727-4614",그 외 사회복지 종사원,-,학력무관,관계없음,월급 215만원 ~ 215만원,고용형태,"부산광역시 동구 중앙대로196번길 6-5, 2층 (초량동)",1명,2026-09-08 21:07:22
https://www.jobkorea.co.kr/Recruit/GI_Read/5513994/Ext?siteCode=WN&sc=,813202,"범용선반 580 으로 선박용 펌프 부품을 가공을 하고있습니다. 케이싱, 카바,샤프트,슬리브, 임페라 등을 가공 합니다. 경력 10년 이상자 희망",범용 선반 조작원,범용선반기능원,학력무관,경력,"연봉 4,000만원 ~ 5,000만원",고용형태,부산광역시 사하구 감천항로419번길 31 (구평동),1명,2026-09-08 21:07:22
https://www.jobkorea.co.kr/Recruit/GI_Read/5514621/Ext?siteCode=WN&sc=,890000,원재료 절단 및 벤딩. 프레스 작업. 매월 셋째 토요일 휴무. 토요일 13시 퇴근.,기타 제조 관련 단순 종사원,-,학력무관,신입,"시급 10,500원 ~ 10,500원",고용형태,"부산광역시 사상구 가야대로175번길 29, (감전동) (감전동, 1)",2명,2026-09-08 21:07:22
https://www.jobkorea.co.kr/Recruit/GI_Read/5514266/Ext?siteCode=WN&sc=,214300,"[직무소개] 취약계층(노인, 장애인, 기초생활수급자, 장기 실업자 등)분들께 컴퓨터 훈련 및 자격증 취득 이후 취업을 도와드리는 훈련기관입니다. 워드프레스, 웹사이트 제작, 포토샵의 강의가 가능하신 분 모집합니다. [주요업무] - 워드프레스 및 웹사이트 제작 및 홈페이지 제작 교육 - 포토샵 교육 및 실습 - 학생들의 학습을 지원하고 개별 지도",정보통신기술 강사,-,학력무관,경력,월급 108만원 ~ 108만원,고용형태,"부산광역시 연제구 연수로 86, 7층 KNT직업전문학교 (연산동)",1명,2026-09-08 21:07:23
https://www.jobkorea.co.kr/Recruit/GI_Read/5514995/Ext?siteCode=WN&sc=,532900,[모집직무] 단순 종사원(일반 음식점) [직무소개] 송도공원은 오랜 전통과 깊은 맛을 자랑하는 음식점을 운영하고 있습니다. 본 채용은 숯 작업 및 석쇠 관리를 책임지실 분을 모집합니다. [주요업무] - 식당 석쇠 관리 및 청소 - 숯 준비 및 관리 - 위생 유지,기타 식음료 서비스 종사원(병원 배식원),-,학력무관,관계없음,월급 210만원 ~ 220만원,고용형태,부산광역시 서구 암남공원로 75 (암남동),1명,2026-09-08 21:07:23
https://www.jobkorea.co.kr/Recruit/GI_Read/5514957/Ext?siteCode=WN&sc=,813207,프레스 조작원 구함. 토요일 오후 1시 퇴근. 셋째 토요일 휴무.,프레스기 및 절단기 조작원,-,학력무관,경력,"연봉 4,000만원 ~ 4,200만원",고용형태,"부산광역시 사상구 가야대로175번길 29 (감전동, 1)",2명,2026-09-08 21:07:23
https://www.jobkorea.co.kr/Recruit/GI_Read/5515715/Ext?siteCode=WN&sc=,159103,"단순 제조 지원이 아닌, 고객의 요구사양에 맞춘 제품 설계와 이를 양산화하는 기술적 솔루션 제공이 핵심입니다. - 제품 설계 및 도면 작성 : 케이블 캐리어 및 드레스팩 시스템 기구 설계 (2D/3D) - 로봇 모션 시뮬레이션 : 산업용 로봇 구동 시 케이블 간섭 체크 및 최적 경로 설계 - 기술 사양 검토 : 고객사 요구사항 분석 및 솔루션 제안 - 기술 지원 : 생산 공정 기술 지도 ** 2D/3D CAD 능숙자 (AutoCAD, Inventor 등) 지원바랍니다. 실무자가 수행해야 할 구체적인 설계 및 기술 과업입니다. - 드레스팩(Dress Pack) 설계 : 로봇의 움직임에 대응하는 케이블 보호 시스템 및 브라켓, 클램프 설계 - 커스터마이징 : 고객사 현장 설비에 맞는 케이블 캐리어 취부 구조 변경 및 부품 설계 - 3D 모델링 : 간섭 시뮬레이션 및 모델링 작업 - 도면 관리 : 제작 도면 출도 및 설계 변경 관리 - 시제품 제작 : 신규 개발품의 샘플 제작 및 로봇 부착 테스트",기계·금속 제도사(캐드원),-,학력무관,경력,"연봉 3,500만원 이상",고용형태,부산광역시 강서구 낙동남로991번길 58 (명지동),1명,2026-09-08 21:07:24
https://www.jobkorea.co.kr/Recruit/GI_Read/5513881/Ext?siteCode=WN&sc=,550102,"- 대상자 및 근무형태 1. 48년생 (5등급) 남자어르신 2. 8시30분 ~ 11시 30분 월20회 하루3시간 (출근시간,전.후 30분 정도 시간협의 가능 ) - 직무내용: 취사. 청소, 일상생활 함께하기, 정서지원, 인지활동프로그앰 등 서비스 제공 - 시급 : 13,200원(기본급 10.320원 / 제세수당포함) 연락처 051-545-6993",재가 요양보호사,재가요양보호사,학력무관,관계없음,"시급 10,320원 ~ 10,320원",고용형태,"부산광역시 해운대구 신반송로 200, 주공아파트 (반송동, 주공아파트)",1명,2026-09-08 21:07:24
https://www.jobkorea.co.kr/Recruit/GI_Read/5513753/Ext?siteCode=WN&sc=,532203,"* 카페 퇴식구 보조 2명 (퇴식구 정리 및 청소) * 근무지: 기장군 기장읍 기장해안로 32 * 주 4일 (주말 근무 필수) * 13:00~18:30 (휴게시간 30분 포함) * 시급 10,320원~10,400원 * 3개월 계약 만료 후 상용직 전환 검토 * 4대보험 * 전화 후 방문 (0일0-7530-8370)",주점·커피숍 접객서빙원,-,학력무관,경력,"시급 10,320원 ~ 10,400원",고용형태,"부산광역시 기장군 기장읍 기장해안로 32, 기장해안로32",2명,2026-09-08 21:07:25
https://www.jobkorea.co.kr/Recruit/GI_Read/5515885/Ext?siteCode=WN&sc=,531803,"동아대학교대신병원에서 함께하실 조리원를 모집하고 있습니다. 근무일정은 주 5일, 40시간이며 소정근로시간 이상으로 근무할 시 초과된 시간 만큼 야간근무, 초과근무, 휴일근무 수당을 지급해드립니다. 파트타임 근무도 가능합니다. 근무 요일 및 시간은 협의 하여 조정 가능합니다. 근무시간(순환근무제) -05:30~14:30 -09:30~18:30 급여는 내규에 따르며 경력에 따라 협의 가능합니다. 연차는 근로기준법에 따라 제공이 되고, 그 범위 내에선 크게 제약을 두지 않기 때문에 자유로이 사용 가능하시고, 명절에는 별도의 상여금을 지급해드립니다. 또한 동아대학교대신병원에선 임직원들의 건강을 위해 저희 병원과 동아대학교병원에서 진료를 보실 경우 본인 및 직계가족에 대해 의료비 감면을 제공해드리오니 많은 지원 바랍니다.",병원 급식 조리사,병원급식조리사,학력무관,관계없음,월급 221만원 이상,고용형태,"부산광역시 서구 대신공원로 26 (동대신동3가, 동아대학교병원)",1명,2026-09-08 21:07:25
https://www.jobkorea.co.kr/Recruit/GI_Read/5513991/Ext?siteCode=WN&sc=,531801,"* 근 무 지 : 부산시 강서구 낙동남로 1013번길 50-3, c동 2층 * 주요업무 : 조리, 전처리, 식기세척(설거지) 등 * 근무시작 : 채용일부터 * 연 봉 : 3800만원(협의가능) * 우대사항 : 자격증 소지자, 단체급식회사 유경험자, 취사병 * 복리후생 : 국민연금, 건강보험, 고용보험, 산재보험, 퇴직금, 경조금 **문의사항은 담당자 핸드폰 번호로도 연락 가능합니다.",학교 급식 조리사,-,학력무관,경력,"연봉 3,800만원 ~ 4,200만원",고용형태,"부산광역시 강서구 낙동남로1013번길 50-3, c동 2층 (명지동)",1명,2026-09-08 21:07:26
https://www.jobkorea.co.kr/Recruit/GI_Read/5515777/Ext?siteCode=WN&sc=,026501,"담당업무 -기관 운영지원 및 문서관리 -고객 상담 및 일정관리 -자료 작성 및 행정업무 -행정서류 관리 및 사무지원 우대사항 -사회복지사 자격증 소지자 우대 -장기요양기관 근무 경력자 우대 -케어포 사용 가능자 우대 -한글·엑셀 활용 가능자 우대 근무조건 -근무형태: 정규직(수습기간 협의) -근무시간: 10:00 ~ 18:00 (주 5일) -급여: 면접 후 협의 -복리후생: 4대보험 가입, 연차",총무 및 일반 사무원,일반사무원,고졸~대졸(4년),관계없음,월급 188만원 ~ 200만원,고용형태,"부산광역시 남구 남동천로 128, BIFC2 1303호 (문현동)",1명,2026-09-08 21:07:26
https://www.jobkorea.co.kr/Recruit/GI_Read/5515311/Ext?siteCode=WN&sc=,550102,"[망미동 ] 재가요양보호사 모집 - 근무지 : 수영구 연수로 260번길 53(망미동, 흰돌 실버타운) - 대상자 : 4등급 82세 할머니 - 근무시간 : 09:00~12:00 / 주 5일 - 급여 : 10,320 (제수당 별도지급) - 케어내용 : 정서지원, 식사도움, 일상가사지원 등 일반적인 요양보호사 업무 - 성품 온화하신 어르신 입니다. 식사지원 및 가사지원 위주로 요청 하십니다. (음식 잘하시는 분) *** 전화상담후 면접 *** ** 실제 서비스 제공기간에 따라 임금을 계산하여 지급하는 형태로 채용시 근로자마다 주소정근로시간이나 임금, 근무(예정)지 등에 차이가 있을 수 있음 **",재가 요양보호사,-,학력무관,관계없음,"시급 10,320원 ~ 10,320원",고용형태,"부산광역시 수영구 연수로260번길 53, 흰돌실버타운 (망미동)",1명,2026-09-08 21:07:26
https://www.jobkorea.co.kr/Recruit/GI_Read/5513993/Ext?siteCode=WN&sc=,026202,"부산 장림동 어망제조업체 영업 실무 및 거래처 관리 (주로 부산지역, 그외 경남 ) -08:00 ~ 17:00, 주5일(근무시간 협의 가능) -1종보통 운전자 우대 (1톤트럭 운전가능자, 오토) -엑셀, 문서작성 및 기본 사무업무 가능한 분 -접수방법 : 메일 jyfn@naver.com(제목에 진양어망 지원하는 000(성명) 기재해주세요)",영업 기획·관리·지원 사무원,-,학력무관,신입,"연봉 3,000만원 ~ 3,000만원",고용형태,"부산광역시 사하구 장평로146번길 18, (장림동)",1명,2026-09-08 21:07:27
https://www.jobkorea.co.kr/Recruit/GI_Read/5510194/Ext?siteCode=WN&sc=,153105,전기공무 견적 및 관공서 대관업무 CAD 및 각종 문서작성 원활 경력 5년이상 지역은 부산(금정구),전기공사 기술자(전기견적 포함),전기공사현장관리자,학력무관,경력,"연봉 4,200만원 ~ 6,000만원",고용형태,부산광역시 금정구 대두로42번길 22 (두구동),1명,2026-09-08 21:07:27
https://www.jobkorea.co.kr/Recruit/GI_Read/5511796/Ext?siteCode=WN&sc=,817200,"업무내용: 자동차부품 선별/포장/검사 (경력필수) 근무시간 : 8시30분~17시30분 (주5일) 8시간근무 주40시간 급여:최저시급 휴게시간: 10시30분 ~10시40분 휴게시간 :12시10분~12시50분 휴게시간:15시00~15시10분 +간혹 토요근무 /잔업할때있음 ( 수당별도지급 ) +토요근무시간: 8시30분~15:00시 퇴직금별도 , 4대보험가입",자동차 부품 조립원(검사원 포함),자동차 부분품 조립원,학력무관,경력,"시급 10,320원 ~ 10,320원",고용형태,"부산광역시 기장군 정관읍 용수공단1길 23, 대기산업사",1명,2026-09-08 21:07:27
https://www.jobkorea.co.kr/Recruit/GI_Read/5567885/Ext?siteCode=WN&sc=,140206,"건설현장 안전관리자 모집합니다. 관련경력 우대, 안전관리자격증 필수 (건설안전 or 산업안전) ,차량소지 필수",건축안전·환경·품질·에너지관리 기술자,건축안전기술자,학력무관,경력,"연봉 4,200만원 ~ 5,500만원",고용형태,"부산광역시 남구 동제당로 89, 남구 대연동 1619번지 일원 대연디아이엘 공사 현장 (문현동, 대성주택)",1명,2026-09-08 21:07:27
https://www.jobkorea.co.kr/Recruit/GI_Read/5511811/Ext?siteCode=WN&sc=,159106,"자사는 열교환기, 발전기의 부품인 플랜지, 튜브시트 등을 제조, 수출하는 회사입니다. 주요업무: 도면작성,성적서작성 및 관리 기계, 금속 관련 CAD 경력 우대합니다. (금속제품관련 CAD 작성 업무임) 근무시간: 주2~3일, 1일 평균 2~3시간 급여는 시급제이나, 작업량이 수주 실적에따라 월마다 다를 수 있는 점 참고 부탁드립니다. 오전: 09:00~12:00 / 오후: 13:00~18:00 중 선택가능 (근무 요일, 근무시간은 면접 시 협의 가능, 오전시간/오후시간 협의 가능) 시급 13,000원~15,000원 근무지 : 부산 금정구 구서동 무역사무실 또는 강서구 화전동 공장사무실 가능(거주지 근처로 선택가능) 개인 CAD 프로그램 사용 가능자는 재택가능(회사에 와야 할 일도 있어서 완전 재택은 불가합니다) 꾸준히 맡아서 장기근무 해주실 분을 최우선으로 고려중입니다. 이력서 접수 및 이메일(admin@juchan.co.kr)로 이력서 전송(경력직 구인으로 CAD 경력부분 자세히 기술 부탁합니다)",기타 제도사(캐드원),-,학력무관,경력,"시급 13,000원 ~ 15,000원",고용형태,"부산광역시 금정구 중앙대로 1942, 13층 (우남타워 13층) (구서동)",1명,2026-09-08 21:07:27
https://www.jobkorea.co.kr/Recruit/GI_Read/5512979/Ext?siteCode=WN&sc=,028406,"- 의약품 구매 및 영업관리 - 의약품 매입/매출, 재고 관리 - 물류(위수탁) - 의약품 도매상 유경력자 우대 , 신입 환영 - 중식비 지원, 인센티브, 월차지원 -필수 : ""운전가능자"" (차량 보유자 우대) -우대사항 : 엑셀 고급능력자, 컴퓨터활용능력 1급,2급",자재·구매 사무원(일반 사업체),구매사무원(구매관리),학력무관,관계없음,"연봉 3,000만원 이상",고용형태,"부산광역시 금정구 온천장로125번길 48 (장전동, 금정산 태진팰리스)",1명,2026-09-08 21:07:27
https://www.jobkorea.co.kr/Recruit/GI_Read/5513256/Ext?siteCode=WN&sc=,232100,롯데캐슬블루어린이집에서 영아반(0세) 증설로 인하여 10월부터 근무하실 담임교사를 채용합니다. 1. 채용 분야 : 영아반 교사 1명. 2. 자격 조건 : 보육 교사2급 자격증 소지자 이상. 아동 학대 및 아동 성폭력 범죄 조회 시 결격사유가 없는자. 3. 제출 서류 : - 이력서(최근6개월 사진) - 자기소개서 - 경력 증명서 - 자격증 사본 - 장기미종사자(장기미종사자에 한함) 보수교육이수증(마지막 보수교육이수증) 4. 서류 접수 : lotte7753@hanmail.net 5. 근무 시간 : 8:30~17:30 / 9:00~18:00 많은 관심과 지원 부탁 드립니다. 감사합니다.,보육교사,어린이집센터장,학력무관,관계없음,월급 215만원 ~ 280만원,고용형태,"부산광역시 사하구 다송로 23, 국공립 롯데캐슬블루어린이집 (다대동, 다대 롯데캐슬 블루)",1명,2026-09-08 21:07:28
https://www.jobkorea.co.kr/Recruit/GI_Read/5512866/Ext?siteCode=WN&sc=,028300,"[모집직무] 수상 및 항공운송 사무원, 항공 운송 사무원, 수상 운송 사무원(해상 운송) [직무소개] 범아항운(주)은 상해길상항공, 오케이항공, 럭키항공, 동해항공, 룽에어, 서부항공, 청도항공 등 중국 항공사의 한국 GSA입니다. 본 직무는 룽에어 운항 관리 및 핸드링 업무를 총괄하는 역할입니다. [주요업무] - 룽에어 운항 일정 관리 및 조정 - 탑승객 및 화물 수송 업무 - 항공사와의 협력 및 의사소통 - 항공 운송 관련 사무 처리 - 운항 문제 해결 및 지원",수상 및 항공운송 사무원,-,학력무관,관계없음,"연봉 3,000만원 이상",고용형태,"부산광역시 중구 중앙대로 79-1, 아름빌딩 2층 (중앙동4가, 2층)",2명,2026-09-08 21:07:28
https://www.jobkorea.co.kr/Recruit/GI_Read/5511934/Ext?siteCode=WN&sc=,813210,"** 모집분야 : 수평MCT(호리젠탈13호기)머시닝센터 조작가능한자 , CNC 대형선반(24인치, 15인치) 조작가능한자, CNC 선반보조가능한자 ** 도면해독 프로그램 수정 및 보정 가능한자 ** , ** CAD/CAM 가능한자 ** , **선박엔진부품가공에 경력있으신분** ** 업무내용 : 대형(피스톤 크라운, 자켓) ,선박용 엔진부품전문가공 ** 근무조건: 주5일 /임금 연6000만~6500만 (상여금200만원 2회지급, 근속년수1년미만이신분은 별도협의) 연차 및 퇴직금별도, 개인상해보험 회사부담 중,석식 제공 공휴일, 특근수당 07:30-15:00 별도지급, 월,화요일 의무잔업 2시간 (의무잔업수당은 급여에 포함) ** 공장장급은 별도 연봉협의 가능",머시닝센터(MCT) 조작원,머시닝가공원,학력무관,경력,"연봉 6,000만원 ~ 6,500만원",고용형태,"부산광역시 사하구 구평로16번길 22-1, 오션테크 (구평동)",3명,2026-09-08 21:07:28
https://www.jobkorea.co.kr/Recruit/GI_Read/5512772/Ext?siteCode=WN&sc=,816100,"주방자동화 제품 조립원 자동화 기기 작동 상태 점검 및 조절 기계 생산 조립, 조작 및 설정 PCB제품 사후처리 및 관리 생산과정의 효율성을 높이는 활동 안전 수칙 준수 및 작업 환경 유지",일반기계 조립원,-,학력무관,경력,"연봉 3,000만원 이상",고용형태,부산광역시 사상구 사상로393번길 21 (덕포동),1명,2026-09-08 21:07:29
https://www.jobkorea.co.kr/Recruit/GI_Read/5512021/Ext?siteCode=WN&sc=,028508,"[모집직무] 금형제조 보조원, 품질관리 사무원(기계·자동차·금속), 기타 금속공작기계 조작원 및 보조원 [직무소개] 우리 회사는 고품질 금속제품 생산에 전념하는 기업입니다. 본 직무는 생산 공정을 지원하고 품질 관리 업무를 효율적으로 수행하는 데 도움을 주는 역할입니다. [주요업무] - 생산 라인에서 금속 부품의 품질 검사 - 품질 관련 기록 및 데이터 입력 - 재료 관리 및 보관 - 품질 관리 프로세스 준수 - 품질 문제 발생 시 신속한 보고 및 지원 ※상여금은 입사 1년 후 적용됩니다.",품질관리 사무원(기계·자동차·금속),-,학력무관,신입,월급 220만원 이상,고용형태,"부산광역시 영도구 남항동3가 남항남로 40, 부산 영도구 남항남로 40 (남항동3가)",1명,2026-09-08 21:07:29
https://www.jobkorea.co.kr/Recruit/GI_Read/5511837/Ext?siteCode=WN&sc=,821203,신선 (기존 철선을 다이스(금형)에 통과시켜 고객사가 원하는 사이즈로 바꿔주는 기계) 작업자 모집 - 근무시간: 주 5일 08:00-17:00 - 휴게(점심)시간 : 12:00~13:00 - 연봉 3300만원 * 실제 구직의사 있는 분들만 접수 부탁드립니다. ** 사하구청 일자리지원센터 채용대행 건 입니다. ☎051-220-5694 로 문의바랍니다.,인발·신선·연선·압출기 조작원,-,학력무관,관계없음,"연봉 3,300만원 이상",고용형태,"부산광역시 사하구 다산로 140, . (다대동)",1명,2026-09-08 21:07:30
https://www.jobkorea.co.kr/Recruit/GI_Read/5513876/Ext?siteCode=WN&sc=,531803,"-선하요양병원 조리사/조리원 모집합니다. -오전5시30분~오후5시30(주5일근무. 휴게시간 4시간 있음) -시급 : 10,890원 이상 -채용담당자 통화후 이력서 지참하여 방문",병원 급식 조리사,병원급식조리사,학력무관,관계없음,"시급 10,890원 ~ 13,194원",고용형태,"부산광역시 서구 구덕로200번길 8, 선하요양병원 (부민동1가)",2명,2026-09-08 21:07:30
https://www.jobkorea.co.kr/Recruit/GI_Read/5513248/Ext?siteCode=WN&sc=,159103,흑연 전극가공 모델링 직원구합니다 전극가공가능하신분 기초모델링 프로그램 사용가능자면 가능합니다 tstech1130@naver.com,기계·금속 제도사(캐드원),-,학력무관,경력,월급 280만원 ~ 300만원,고용형태,"부산광역시 사상구 낙동대로1390번길 16, 1층 (삼락동)",1명,2026-09-08 21:07:31
https://www.jobkorea.co.kr/Recruit/GI_Read/5510286/Ext?siteCode=WN&sc=,550102,"● [서대신동3가] 1등급 95세 할머니(독거) * 신체 활동 지원, 정서 지원, 일상생활 지원 등 * 주6일 / 오후 2시30분~5시30분(센터 2시간,환자 요청 1시간) * 시급 : 13,020원(제수당 포함) ** 동 구인은 실제 서비스 제공기간에 따라 임금을 계산하여 지급하는 형태로 채용시 근로자마다 주소정근로시간이나 임금, 근무(예정)지 등에 차이가 있을수 있음 **",재가 요양보호사,-,학력무관,관계없음,"시급 10,320원 ~ 10,320원",고용형태,"부산광역시 서구 시약로 77 (서대신동3가, 효목딥스카이1차)",1명,2026-09-08 21:07:31
https://www.jobkorea.co.kr/Recruit/GI_Read/5511008/Ext?siteCode=WN&sc=,813200,저희는 철판을 절단.절곡하는 업체입니다 업무내용은 판재 0.5T ~ 25T 유압식 절단기에서 절단 작업시 단순보조 업무입니다 3개월 수습기간 있습니다,금속 공작기계 조작원,그라인더조작원,학력무관,관계없음,월급 250만원 ~ 260만원,고용형태,"부산광역시 사상구 낙동대로 891, 감전동 (감전동)",2명,2026-09-08 21:07:31
https://www.jobkorea.co.kr/Recruit/GI_Read/5511007/Ext?siteCode=WN&sc=,232100,반증설로 인해 영아반 교사를 모집합니다. 공공형어린이집입니다. 함께 할 선생님을 모집합니다. 1. 영아반 교사를 모집합니다. (주 40시간 ) 국공립 1호봉 지급 청년일자리 도약지원금을 받을수 있습니다. 급여외 연간 480만원 지원,보육교사,어린이집교사,학력무관,관계없음,월급 231만원 이상,고용형태,"부산광역시 수영구 민락로34번길 31-5, 글로벌비젼어린이집 (민락동)",2명,2026-09-08 21:07:32
https://www.jobkorea.co.kr/Recruit/GI_Read/5510345/Ext?siteCode=WN&sc=,550101,"* 4등급 80대 여자 어르신 (반찬잘만드시는분 우대) * 주5일 근무시간 오전9시- 12시(화~토) * 가사도움, 외 말벗,산책,병원동행,목욕 * 시급13,000원 (기본급 10,320+수당포함) * 통화 후 방문: 051-722-7574",요양보호사(노인요양사),요양보호사,학력무관,경력,"시급 10,320원 이상",고용형태,"부산광역시 해운대구 해운대로 564, A동 (우동, 해운대한솔솔파크)",1명,2026-09-08 21:07:32
https://www.jobkorea.co.kr/Recruit/GI_Read/5512421/Ext?siteCode=WN&sc=,550102,"화사재가노인복지센터에서 요양보호사를 모집합니다. 주요업무 - 4등급 여자 어르신 -목욕 및 개인위생 관리 지원 -어르신 상태 관찰 및 기록 모집요건 - 요양보호사 자격증 - 건강검진결과표(결핵포함, 1년 이내) 근무조건 - 근무형태 : 시간제 - 근무일시 : 월 4일 근무 14시 00분 ~ 15시 00분 1시간(매주 금요일) - 시급: 20,000원(기본급 10,320+주휴수당 및 기타수당 포함) 지원방법 - 고용24, 이메일, 문자접수 **051-710-4040",재가 요양보호사,-,학력무관,관계없음,"시급 10,320원 ~ 20,000원",고용형태,"부산광역시 북구 덕천로 89-10, 덕일빌라 (덕천동, 덕일빌라)",1명,2026-09-08 21:07:33
https://www.jobkorea.co.kr/Recruit/GI_Read/5512910/Ext?siteCode=WN&sc=,151100,제품 개발 및 제품 업그레이드 업무 간단한 사무업무,기계공학 기술자 및 연구원,-,대졸(4년)~석사,관계없음,"연봉 3,000만원 ~ 4,000만원",고용형태,부산광역시 사상구 사상로393번길 21 (덕포동),1명,2026-09-08 21:07:33
https://www.jobkorea.co.kr/Recruit/GI_Read/5513268/Ext?siteCode=WN&sc=,813101,프레스 스틸금형 제작및가공/조립원,프레스 금형 제조원,금형가공원,학력무관,경력,월급 350만원 ~ 450만원,고용형태,"부산광역시 강서구 과학산단2로43번길 22, 이디텍 (지사동)",1명,2026-09-08 21:07:33
https://www.jobkorea.co.kr/Recruit/GI_Read/5512616/Ext?siteCode=WN&sc=,824100,철도차량 알루미늄 용접,용접원,-,학력무관,관계없음,"시급 12,000원 ~ 16,000원",고용형태,"부산광역시 강서구 과학산단로333번길 107, 2층 (지사동)",2명,2026-09-08 21:07:34
https://www.jobkorea.co.kr/Recruit/GI_Read/5515543/Ext?siteCode=WN&sc=,550102,"[ 윗반송 ] 재가요양보호사 모집 - 4등급 여자 어르신(73세) / 독거 - 윗반송 주공아파트 거주 -14:00~17:00(주2일) /시간,요일 협의가능 - 시급 : 10,320 원 (수당별도, 수당포함 13,100 원) - 신체활동지원, 정서지원, 일상생활지원 등 ※ 지원문의 : 051-553-5123 / 010-9774-1268 (참조은재가복지센터)",재가 요양보호사,-,학력무관,관계없음,"시급 10,320원 ~ 10,320원",고용형태,"부산광역시 해운대구 신반송로 200, . (반송동, 주공아파트)",1명,2026-09-08 21:07:34
https://www.jobkorea.co.kr/Recruit/GI_Read/5512073/Ext?siteCode=WN&sc=,531802,"[모집직무] 유치원·어 급식 조리사, [직무소개] 우리 학교는 아이들의 건강한 성장을 위한 교육 환경을 조성하고자 노력하고 있습니다. [주요업무] - 유치원 아동 및 교직원을 위한 균형 잡힌 식단 구성 및 조리 - 식재료의 신선도 및 관리 - 위생 및 안전 조리 실천 - 아동 맞춤형 영양 교육 활동 참여 - 급식 관련 업무 및 기록 관리 ※ 고용촉진장려금대상자 우대!!",유치원·어린이집 급식 조리사,-,학력무관,경력,월급 188만원 ~ 188만원,고용형태,"부산광역시 남구 용호로231번길 128, 부산 남구 용호로 231번길 128 (용호동)",1명,2026-09-08 21:07:34
https://www.jobkorea.co.kr/Recruit/GI_Read/5510954/Ext?siteCode=WN&sc=,615208,"안녕하세요 금성침대 좌천점 판매 직원을 구합니다. 고객들과 소통을 즐기며, 꼼꼼한 업무 처리가 가능한 분들은 많은 지원 바랍니다. 휴무일 주2회 (주말 공휴일제외) 이메일로 이력서 지원 바랍니다. 면접일은 추후 따로 연락드립니다.",가구 판매원,-,학력무관,신입,월급 220만원 ~ 230만원,고용형태,"부산광역시 동구 중앙대로 480, 금성침대 좌천점 (좌천동)",1명,2026-09-08 21:07:36
https://www.jobkorea.co.kr/Recruit/GI_Read/5511663/Ext?siteCode=WN&sc=,550102,"[연산동] 재가요양보호사 모집-5등급 여자어르신 ★ 치매교육이수필수 ★ ▣ 신체활동 지원, 가사(청소) 및 일상생활지원, 정서지원 등 ▣ 주5일 09:00-12:00 ▣ 시급 : 13,000원 (시급+주휴수당+연차수당 등 제수당포함) ▣ 고용24로 지원해주세요!",재가 요양보호사,재가요양보호사,학력무관,관계없음,"시급 10,320원 ~ 10,320원",고용형태,"부산광역시 연제구 중앙천로73번길 11, 1 (연산동, 동해아파트)",1명,2026-09-08 21:07:37
https://www.jobkorea.co.kr/Recruit/GI_Read/5512072/Ext?siteCode=WN&sc=,028407,"부산 강서구 녹산공단에 위치하고 있으며 냉장,냉동,상온 물류 창고 이며 인력 관리 및 상 하차 포장 작업 관리 입니다. 주로 실내작업이라 작업환경이 쾌적하고 좋으며 중량물 작업은 없습니다. 식사제공 하고 지게차 운전 가능 하여야 합니다. 급여는 270만원 입니다.26",창고 관리원(자재 검수원 포함),-,고졸~대졸(4년),관계없음,월급 270만원 ~ 270만원,고용형태,부산광역시 강서구 녹산산단261로60번길 22 (송정동),1명,2026-09-08 21:07:37
https://www.jobkorea.co.kr/Recruit/GI_Read/5511986/Ext?siteCode=WN&sc=,531800,"* 다인주간보호(요양원) 조리원 모집 * - 모집직종 : 요양원, 주간보호 급식, 간식 조리원 3명 (요양원 어르신 27명, 주간보호 어르신 13명, 종사자 15명) - 업무내용 : 자격증(무관), 오전 6시 ~ 오후 17시 (휴게시간2시간 30분) /주휴일, 공휴일 - 급여사항 : 월 250만원 이상 협의가능 - 접수방법 : 전화 후 방문 (051-723-6636), 고용24, 팩스(051-728-6631), 이메일(dainnest@hanmail.net)-이력 서접수 - 우대사항 : 자차우대(출퇴근시) - 근무장소 : 기장군 장안읍 오리길 376-28",단체급식 조리사,-,학력무관,신입,월급 250만원 이상,고용형태,부산광역시 기장군 장안읍 오리길 376-28,3명,2026-09-08 21:07:38
https://www.jobkorea.co.kr/Recruit/GI_Read/5512840/Ext?siteCode=WN&sc=,026300,"[모집직무] 사무원, 인사, 총무, 행정, 조직 관리 [직무소개] 부산 시내버스를 운영하는 회사입니다. 효율적인 시내버스 운영을 위해 다양한 사무 업무를 담당하는 인재를 채용합니다. [주요업무] - 사무 업무 처리 및 관리 - 신규 인력 채용 및 교육관리 - 운영관리,기사면담 -배차관리,사고관리 - 교통안전관리자 자격증 우대 - 경력직 우대",인사 및 노무 사무원,-,대졸(2~3년)~대졸(4년),경력,"연봉 2,600만원 ~ 3,500만원",고용형태,"부산광역시 수영구 민락본동로31번길 33, 오성여객 사무실",1명,2026-09-08 21:07:38
https://www.jobkorea.co.kr/Recruit/GI_Read/5511245/Ext?siteCode=WN&sc=,881103,"그라비아 인쇄 보조 및 오퍼레이터 가공실 보조 및 오퍼레이터 4대 보험 및 중식제공 간식 제공, 잔업시 석식 제공 간식 제공 6개월 후 보너스 150% 업무 능력에 따라 연봉 협상 가능",그라비어 인쇄기 조작원,그라비아윤전기조작원,학력무관,관계없음,월급 215만원 이상,고용형태,"부산광역시 강서구 녹산산단382로50번길 29, (주)다원테크",1명,2026-09-08 21:07:38
https://www.jobkorea.co.kr/Recruit/GI_Read/5512160/Ext?siteCode=WN&sc=,027200,택배 전화 업무및 경리 업무/ 회계사무실에 서류 제출 하기전까지 업무,경리 사무원,-,학력무관,신입,월급 216만원 이상,고용형태,"부산광역시 남구 신선로356번길 9, 로젠택배 (용당동)",1명,2026-09-08 21:07:39
https://www.jobkorea.co.kr/Recruit/GI_Read/5510228/Ext?siteCode=WN&sc=,232100,공공형어린이집입니다. 함께 할 선생님을 모집합니다. 1. 야간연장보육교사를 모집합니다 근무시간 15:00~21:30 (6시간) 메일로 이력서 보내주시면 되고 전화주시기 바랍니다. lani06066@naver.com 청년일자리 도약지원금을 받을수 있습니다. 급여외 연간 480만원 지원,보육교사,어린이집교사,학력무관,관계없음,월급 165만원 이상,고용형태,"부산광역시 수영구 민락로34번길 31-5, 글로벌비젼어린이집 (민락동)",1명,2026-09-08 21:07:39
https://www.jobkorea.co.kr/Recruit/GI_Read/5509097/Ext?siteCode=WN&sc=,532302,"[연산역] 세움병원 급식조리원 채용합니다. - 단체급식 전반적인 업무 - 조리사 자격증 필수아님 *정규직 06:00~18:30 (9.5시간 근무 / 3시간 휴게시간) 스케줄근무 (휴무갯수 : 주말+공휴일+대체공휴일+연차 _ 평균 3일에 1일 휴무) - 급여 : 270만원(협의가능) - 휴게실 별도, 추가근무시 1.5배 수당지급 - 접수방법 : 채용담당자 051-989-5000 / 010-9341-6068 전화 후 이력서 방문 접수 ※ 실제 서비스 제공기간에 따라 임금을 계산하여 지급하는 형태로 채용시 근로자마다 주 소정근로시간이나 임금, 근무(예정)지 등에 차이가 있을 수 있음",단체 급식 보조원,-,학력무관,관계없음,월급 270만원 이상,고용형태,부산광역시 연제구 고분로13번길 15 (연산동),2명,2026-09-08 21:07:39
https://www.jobkorea.co.kr/Recruit/GI_Read/5509821/Ext?siteCode=WN&sc=,232100,"현재 만2세반 담임선생님이 건강상의 이유로 퇴직하시게 되어 아래와 같이 채용모집을 합니다. 1.채용부분 : 만2세반 2. 근무시작 : 9월1일부터 3. 근무시간 : 9시~18시(휴게시간1시간, 탄력근무) 4. 급여 : 호봉 5. 업무 : 만2세반 보육과정 ( 투담임) 6. 전형방법 및 절차 - 접수방법 : 이메일접수 cjdcns72@hanmail.net 제목예시 <수영SK뷰어린이집 만2세반 담임교사 응시> - 제출서류 : 이력서(최근사진), 자기소개서, 경력증명서, 자격증사본, 보수교육수료증(또는 장기미종사 직무교육이수증) - 면접 : 1차 서류전형 합격자에 한하여 개별연락드립니다. - 최종합격자에 한하여 개별통보 * 서류에 주민번호가 아닌 생년월일로 기재해주시기 바랍니다. * 제출된 서류는 일체 반환하지 않으며 제출된 서류에 기재사항이 사실과 다름이 발견 시 즉시 채용을 취소할 수 있습니다. * 서류전형 불합격자에게는 개별통지 하지 못함을 양해해 주시기 바랍니다. * 접수된 서류는 채용목적 이외에는 사용하지 않습니다. * 만2년이상 보육업무 공백이 있는 경우 '어린이집 장기 미종사자 직무교육'을 이수하여야 함. (만2년이상 보육업무란 어린이집에서 원장, 보육교사로 근무한 경력을 말함)",보육교사,어린이집센터장,대졸(2~3년)~대졸(4년),경력,월급 233만원 ~ 233만원,고용형태,"부산광역시 수영구 망미배산로 56, 관리동 (망미동)",1명,2026-09-08 21:07:40
https://www.jobkorea.co.kr/Recruit/GI_Read/5508142/Ext?siteCode=WN&sc=,623004,"창고 수출입화물 입출고 작업 및 재고관리 * 3.5톤, 7톤 지게차 * 경력 필수!",지게차 운전원,-,학력무관,경력,"연봉 3,300만원 이상",고용형태,부산광역시 강서구 신항북로 70 (성북동),2명,2026-09-08 21:07:40
https://www.jobkorea.co.kr/Recruit/GI_Read/5511266/Ext?siteCode=WN&sc=,550101,[모집직무] 요양보호사 [직무소개] 주간보호센터에서 어르신들의 건강과 안전을 책임지고 함께 행복한 시간을 나누어가는 요양보호사를 찾습니다. [주요업무] - 어르신들의 식사 및 생활 지원 - 기본적인 간병 및 건강 관리 - 어르신들의 여가 활동 및 사회적 교류 지원 - 일상생활을 위한 격려 및 안정감 제공 - 어르신들이 안전한 송영서비스 ** 사하구청 일자리지원센터 채용대행 건 입니다. ☎051-220-5694 로 문의바랍니다.,요양보호사(노인요양사),요양보호사,학력무관,관계없음,월급 215만원 이상,고용형태,"부산광역시 사하구 윤공단로 25-3, 1, 2층",1명,2026-09-08 21:07:40
https://www.jobkorea.co.kr/Recruit/GI_Read/5509652/Ext?siteCode=WN&sc=,904200,저인망 어선 연근해 어업 어부,어부 및 해녀,-,학력무관,관계없음,월급 220만원 ~ 220만원,고용형태,"부산광역시 사하구 다대낙조2길 100, 다대항 인근 부산연안 (다대동, 다대동롯데캐슬몰운대아파트)",1명,2026-09-08 21:07:40
https://www.jobkorea.co.kr/Recruit/GI_Read/5508992/Ext?siteCode=WN&sc=,532900,"환자 음식 조리보조 및 배식원 모집 - 근무시간: 05:30 ~ 18:00분(휴게시간 4시간), 오후 5:30~6:00 (30분연장근무+야간수당별도지급) - 연장+야간근무시간 수당 별도 지급 - 조리원(자격증무관) - 배식 및 기타업무",기타 식음료 서비스 종사원(병원 배식원),-,학력무관,관계없음,월급 217만원 이상,고용형태,부산광역시 사상구 낙동대로 792 (엄궁동),1명,2026-09-08 21:07:40
https://www.jobkorea.co.kr/Recruit/GI_Read/5530056/Ext?siteCode=WN&sc=,811206,(업무) 원자력발전소의 방사성폐기물 처리 및 방사선능 측정 등 각종 용역 업무 (우대) 용접 경력자 (임금/근무) 연봉 4000만원 이상 (면접시 협의) / 주5일(40시간) (근무지) 본사(기장) 및 원자력 발전소(고리 등) (근무) 정규직(신입은 3개월 수습기간 종료 후 정규직) (서류) 이력서(자기소개서포함) (지원방법) 고용24입사지원 또는 051-760-7109로 문자발송(예: 다온기술 희망),기타 공업기계 설치·정비원,고정기관정비원,학력무관,관계없음,"연봉 4,000만원 ~ 5,000만원",고용형태,"부산광역시 기장군 기장읍 읍내로 39, 3층",2명,2026-09-08 21:07:41
https://www.jobkorea.co.kr/Recruit/GI_Read/5584420/Ext?siteCode=WN&sc=,140305,"[모집직무] 토목감리 기술자, 토목공학 기술자, 토목시공 기술자(토목견적 포함) [직무소개] 힐엔지니어링은 건축구조설계, 흙막이공법, 슬래브 전단보강재, 실시간 무선 원격계측 등 다양한 토목분야에서 사업을 추진하고 있습니다. 본 직무는 힐엔지니어링의 다양한 토목 프로젝트를 성공적으로 이끌어갈 토목 설계 및 감리 기술자를 모집합니다. [주요업무] - 토목 설계 및 기본도 작성 - 건설 현장 감리 및 시공 관리 - 공사 진행 상황 점검 및 보고서 작성 - 안전사고 예방 및 관리 - 토목 관련 법규 및 기준 준수",토목안전·환경·품질 기술자,토목안전진단전문가,대졸(4년)~석사,경력,월급 270만원 ~ 400만원,고용형태,"부산광역시 사상구 주감로 244, 3층 (주례동)",2명,2026-09-08 21:07:41
https://www.jobkorea.co.kr/Recruit/GI_Read/5509299/Ext?siteCode=WN&sc=,852201,. 사출기계 및 재료관리 . 사출생산 관리 . 사출제품 단순조립 .,플라스틱 사출성형기 조작원,플라스틱사출기조작원,학력무관,관계없음,"시급 10,320원 이상",고용형태,부산광역시 기장군 장안읍 장안산단8로 8,5명,2026-09-08 21:07:42
https://www.jobkorea.co.kr/Recruit/GI_Read/5508384/Ext?siteCode=WN&sc=,214701,<양정삼성어린이집 미술교사 채용 공고> - 대상: 만 3~5세 유아 - 개별 및 소집단으로 드로잉 및 창의 미술 지도 - 오전: 개별 드로잉 / 오후: 소그룹 창작미술수업 - 계약일: 2026.09. 01~2027.02.28(6개월) / 계약 연장 협의 가능 - 근무시간 09:30~15:30(6시간) *미술 관련 전공 필수 (아동 미술 전공 필수 아님) *서류접수방법: 이메일 ssc4233@naver.com *합격자에 한해 개별 유선 연락함.,미술 강사,미술강사,대졸(4년)~석사,관계없음,월급 240만원 이상,고용형태,"부산광역시 부산진구 연수로11번길 34, 양정삼성어린이집 (양정동)",1명,2026-09-08 21:07:42
https://www.jobkorea.co.kr/Recruit/GI_Read/5509451/Ext?siteCode=WN&sc=,159104,-담당업무: 전기 구조 설계 -캐드 사용 필수,전기·전자 장비 제도사(캐드원),전기전자제도사,학력무관,관계없음,"연봉 3,000만원 ~ 4,000만원",고용형태,부산광역시 강서구 미음산단6로 33 (미음동),1명,2026-09-08 21:07:42
https://www.jobkorea.co.kr/Recruit/GI_Read/5586667/Ext?siteCode=WN&sc=,890006,"[모집직무] 떡 생산업체 내 기계 설비류 유지보수 관리 및 생산포장 업무 보조 오전에 사무업무, 오후에 생산현장에서 생산 및 관리해주시면 됩니다. [직무소개] 우리 회사는 옛 전통과 현대 기술을 결합하여 다양한 떡을 생산합니다. 본 직무는 떡공장의 중요한 기계설비를 관리하고 유지하여 안정적인 생산을 지원하는 역할입니다. 소규모 업체이다 보니 생산현장 내 업무 보조도 실행할 수 있습니다. [주요업무] - 떡공장의 공작기계 설치 및 정비 - 기계점검 및 예방 유지보수 - 기계 오류 진단 및 해결 - 관련 기계 설비 소모품 관리 - 안전 운영관리 및 기록 작성 - 생산현장 내 업무보조(성형, 포장 등)",식품 분야 단순 종사원,식품 육안 선별원,학력무관,경력,월급 250만원 이상,고용형태,"부산광역시 사상구 대동로 127, 3층 (학장동)",1명,2026-09-08 21:07:44
https://www.jobkorea.co.kr/Recruit/GI_Read/5507971/Ext?siteCode=WN&sc=,824100,"생산직 용접사 모집 조선기자재 배관,산업기계 주요업무 /아크,알곤,co2,가우징 등 일반용접 부터 RT, UT 다양한 용접업무 초보자부터 중급 경력자 모집합니다.",용접원,-,학력무관,관계없음,"시급 12,000원 ~ 20,000원",고용형태,"부산광역시 강서구 가락대로 704, 에스피앤지 내 c동 (생곡동)",2명,2026-09-08 21:07:44
https://www.jobkorea.co.kr/Recruit/GI_Read/5560461/Ext?siteCode=WN&sc=,706002,"수평천공(지향성압입) 작업현장 보조원 경력자 우대 지방현장 근무가능자(장,단기 출장식) 단계별 현장수당 있음.",건설·채굴 단순 종사원,-,고졸~대졸(4년),관계없음,월급 280만원 ~ 300만원,고용형태,"부산광역시 기장군 정관읍 산단4로 33, 프로몰엔지니어링",5명,2026-09-08 21:07:44
https://www.jobkorea.co.kr/Recruit/GI_Read/5505730/Ext?siteCode=WN&sc=,550100,"- 4등급 할아버지 - 9:00~12:00, 월,화,금 주3일 - 가사 및 방문요양업무 지원 등 -포괄시급:13,500원 (시급+연차수당+주휴수당 등 제수당 포함) * 실제 서비스 제공기간에 따라 임금을계산하여 지급하는 형태로 채용 시 근로자마다 주소정근로시간이나 임금, 근무(예정)지 등에 차이가 있을 수 있음.",요양보호사,-,학력무관,관계없음,"시급 10,320원 이상",고용형태,"부산광역시 동구 중앙대로 459-7, . (좌천동, 센텀타워)",1명,2026-09-08 21:07:44
https://www.jobkorea.co.kr/Recruit/GI_Read/5506513/Ext?siteCode=WN&sc=,813201,"CNC조작원 내국인,외국인 가능 신입 지원됨/경력자 임금 협상 가능 -근무시간 :08:00 ~ 20:00(특근 포함) -잔업시 수당,휴게시간 별도 지급(주말도 특근 할 수 있음)",CNC 선반 조작원(NC 선반 조작원),-,고졸,관계없음,"시급 10,320원 ~ 10,320원",고용형태,부산광역시 사하구 다대로354번안길 79 (장림동),2명,2026-09-08 21:07:45
https://www.jobkorea.co.kr/Recruit/GI_Read/5506551/Ext?siteCode=WN&sc=,028502,-주 업무 : 자동차 엔진 부품 표면처리 품질 대응 및 서류 작성/관리 생산관리 전반적인 업무,생산관리 사무원(기계·자동차·금속),-,학력무관,경력,"연봉 3,000만원 ~ 3,500만원",고용형태,부산광역시 강서구 녹산산단261로31번길 9 (송정동),1명,2026-09-08 21:07:45
https://www.jobkorea.co.kr/Recruit/GI_Read/5508011/Ext?siteCode=WN&sc=,864900,안녕하세요. 신발 전문 수선 업체로서 아래와 같이 인원을 모집합니다 작업특성상 남성 가능(1명) 연락처 051-529-5490,기타 직물‧신발 관련 기계 조작원,그물제조원,학력무관,관계없음,"시급 10,320원 ~ 12,000원",고용형태,"부산광역시 금정구 금사로 141, (회동동) (회동동)",1명,2026-09-08 21:07:45
https://www.jobkorea.co.kr/Recruit/GI_Read/5507013/Ext?siteCode=WN&sc=,532300,"식음료 매장 설거지(디시워셔) 장애인 직원 구인 - 접시 및 주방 기물 설거지 *주 15시간 이상 근무자, 근무일수 주 3~5일 협의 가능 *반일근로자(12:00 ~ 16:00 근무, 11:30 ~ 12:00 또는 16:00 ~ 16:30 휴게), 근무시간 협의 가능 *시급(10,500원), 주휴수당 포함(13,000원)",주방 보조원,-,학력무관,신입,"시급 10,500원 ~ 13,000원",고용형태,"부산광역시 해운대구 센텀남대로 35, 지하1층 (우동, 신세계백화점센텀시티점)",1명,2026-09-08 21:07:46
https://www.jobkorea.co.kr/Recruit/GI_Read/5507549/Ext?siteCode=WN&sc=,813207,"［모집직무］ 프레스기 및 절단기 조작원, 프레스 금형 제조원 ［주요업무］ -프레스 금형의 점검, 수리 및 개선 작업 -금형 관련 기계 및 장비의 작동 및 관리 -수리 이력 및 문제점을 기록하고 관리 -굼형 관련 기술의 최신 동향 파악 및 적용",프레스기 및 절단기 조작원,유압프레스조작원,학력무관,경력,월급 600만원 ~ 600만원,고용형태,"부산광역시 강서구 식만로 33-30, (죽림동)",1명,2026-09-08 21:07:46
https://www.jobkorea.co.kr/Recruit/GI_Read/5507245/Ext?siteCode=WN&sc=,027102,업체관리 / 기장관리 / 고객응대 /기타 사무 좋은 조건에서 좋은환경에서 일하실분 찾습니다.,회계 사무원(회계·세무 사무소),회계사무원(회계사무소),대졸(2~3년)~박사,신입,"연봉 2,600만원 이상",고용형태,"부산광역시 수영구 남천동로9번길 15 (남천동, 남천블루비치)",1명,2026-09-08 21:07:47
https://www.jobkorea.co.kr/Recruit/GI_Read/5507647/Ext?siteCode=WN&sc=,026202,"[모집직무] 경리 사무원(일반사업체), 경리 사무원, 기타 사무 지원 종사원 [직무소개] 더존비즈온, 삼성전자 파트너사이자 스마트공장지원사업 우수공급기업입니다. 다양한 업무 분야를 지원하는 회계 및 총무 사무원을 채용하고자 합니다. [주요업무] - 회계 업무 처리 (예: 주기적인 회계, 예산 관리) - 총무 업무 지원 (예: 문서 관리, 물품 관리) - 영업 지원 업무 (예: 견적서 작성, 계약 관리, 고객상담) - 다양한 부서의 업무 지원(기타 관련업무) - 업무 효율성 증대를 위한 시스템 개선",영업 기획·관리·지원 사무원,영업기획사무원,학력무관,관계없음,"연봉 2,600만원 ~ 3,500만원",고용형태,"부산광역시 해운대구 센텀중앙로 90 (재송동, 큐비이센텀)",1명,2026-09-08 21:07:47
https://www.jobkorea.co.kr/Recruit/GI_Read/5577290/Ext?siteCode=WN&sc=,306400,"진료실 어시스트 업무 3D스캐너 보유, 자체기공소 보유로 많이 배우실 수 있어요 미니쉬 전문치과로 새로운 진료영역도 경험하실 수 있습니다. [모집직무] 의료서비스, 진료실 지원, 환자 관리, 치과 진료 지원 [주요업무] - 환자 등록 및 환자 관리 - 의료 장비 및 도구 관리 - 치과 의사의 진료업무 지원 - 진료실 청소 및 위생 관리 - 3D 스캐너 및 기타 의료 기기 사용",치과위생사,치과위생사,대졸(2~3년)~대졸(4년),신입,월급 230만원 이상,고용형태,"부산광역시 부산진구 가야대로 753, 12,13층 (부전동, 디알메디컬)",2명,2026-09-08 21:07:47
https://www.jobkorea.co.kr/Recruit/GI_Read/5505774/Ext?siteCode=WN&sc=,550102,"시급 : 13,000원 + 중증가산금 3,000원 (하루당) 위치 : 부산 2등급 80세 여자어르신 - 할아버지와 거주(일때문에 근무시간 중 자리 비우실때 많음) - 빨래, 청소 등 일상생활 지원 - 식사, 복약도움 - 산책 월~금요일 주5회 [ 주15시간 ] *월요일 : 10시30분 ~ 13시30분 *화~금요일 : 9시~12시 *매주 월요일은 방문목욕을 하셔서 10시 30분부터 업무시작 어르신댁 인근 거주자 우대",재가 요양보호사,재가요양보호사,학력무관,신입,"시급 10,320원 이상",고용형태,"부산광역시 강서구 신호산단1로 101, . (신호동, 부산신호사랑으로부영5차)",1명,2026-09-08 21:07:47
https://www.jobkorea.co.kr/Recruit/GI_Read/5505728/Ext?siteCode=WN&sc=,550100,"* 신평동 2등급 할아버지 * 8:30~12:30, 주5일 * 포괄시급 : 13,000원, (시급+주후수당+연차수당 등 포함) * 문의전화 : 010-3591-0539",요양보호사,-,학력무관,관계없음,"시급 10,320원 이상",고용형태,"부산광역시 사하구 신산북로 61, . (신평동)",1명,2026-09-08 21:07:48
https://www.jobkorea.co.kr/Recruit/GI_Read/5505729/Ext?siteCode=WN&sc=,550100,"- 4등급 할머니 - 14:00~16:00, 월,화,목,금 주4일 - 가사 및 방문요양업무 지원 등 -포괄시급:13,500원 (시급+연차수당+주휴수당 등 제수당 포함) * 실제 서비스 제공기간에 따라 임금을계산하여 지급하는 형태로 채용 시 근로자마다 주소정근로시간이나 임금, 근무(예정)지 등에 차이가 있을 수 있음.",요양보호사,-,학력무관,관계없음,"시급 10,320원 이상",고용형태,"부산광역시 동구 초량중로 43-1, . (초량동, 골드캐슬2)",1명,2026-09-08 21:07:48
https://www.jobkorea.co.kr/Recruit/GI_Read/5506358/Ext?siteCode=WN&sc=,813210,"MCT 및 버디칼 작업입니다. 장비는 버티컬 두산 VM960 , MCT HM800,630 등 시스템은 화낙 , 비전 380 입니다. 저희 회사 25년 이상 펌프,선박 부품 및 공작기계 부품을 가공하는 기업입니다. 자기분야에서 5~25년 이상 경력을 가진 정직한 팀원들로 구성되어 있습니다. 신규 아이탬 으로 인원 보충이 필요한 시점이라 오래 함께 일하실 분 많은 지원 부탁드립니다. * 업무 MCT 세팅 및 치수 관리 새로운 작업시 프로그램 및 세팅 (기존 선임 작업자가 있으니 편하게 지원 부탁드립니다.) *기존 근무 분도 오랬동안 같이 일하신분들 입니다.",머시닝센터(MCT) 조작원,MCT(머시닝센터)프로그래머,학력무관,경력,"시급 10,320원 이상",고용형태,"부산광역시 기장군 정관읍 산단2로 16-17, 신신정공",1명,2026-09-08 21:07:48
https://www.jobkorea.co.kr/Recruit/GI_Read/5506506/Ext?siteCode=WN&sc=,532300,[안락동]요양병원 조리원 -조리보조 및 병동배식 업무 *문의 : 051 - 520 - 7775,주방 보조원,-,학력무관,관계없음,"시급 10,320원 이상",고용형태,부산광역시 동래구 충렬대로359번길 8 (안락동),2명,2026-09-08 21:07:49
https://www.jobkorea.co.kr/Recruit/GI_Read/5507295/Ext?siteCode=WN&sc=,028402,* 자동차(수입) 사고차 부품 견적사 및 거래처 관리 * 근무형태 : 계약직(급여90%) 1~3개월 평가 후 정규직 전환 * 급여 : 신입(연 3000만원) / 경력(면접 후 협의진행) 퇴직금 별도 지급 * 자동차 관련 관심있는 분 환영합니다!,자재·구매 사무원(기계·자동차·금속),기계·자동차부품구매사무원,학력무관,관계없음,"연봉 3,000만원 ~ 3,000만원",고용형태,"부산광역시 강서구 유통단지1로57번길 34, (부산자동차부품유통단지) 107동 101호 2층 사무실 (대저2동)",1명,2026-09-08 21:07:49
https://www.jobkorea.co.kr/Recruit/GI_Read/5507133/Ext?siteCode=WN&sc=,532302,"부산광역시 기장군 장안읍 좌동길 40 동남권원자력의학원 지하 1층 본관 장례식장점 함께 근무하실 조리원 모집중입니다. <조리원> - 빈소 음식 조리, 제물상 차림, 주방 청소 등 - 근무요일 : 주 5일 근무 (월,화,목,금,토) - 근무시간 : 월,목 - 5시~13시 / 화,금,토 - 13시~22시 - 휴게시간 : 1시간 - 시급 11,000원 (주휴수당 별도) > 시급 기준으로 월 실근무시간 계산해서 월급 형태로 지급 (월 만근시 217만원 정도 (주휴수당 포함)) 4대보험, 퇴직금, 연차 주차가능",단체 급식 보조원,단체급식보조원,학력무관,경력,"시급 11,000원 ~ 11,000원",고용형태,"부산광역시 기장군 좌동길 40, 지하1층 본관 장례식장점",1명,2026-09-08 21:07:49
https://www.jobkorea.co.kr/Recruit/GI_Read/5507039/Ext?siteCode=WN&sc=,872300,"도시락 및 음식포장, 청소 및 뒷정리 우대조건 : 인근거주자 근무일 : 26년 7월 15일 ~ 26년 8월 31일(연장가능) 근무시간 : 오전 7시~11시 30분(휴게시간 30분포함) 필요서류 : 보건증 시급 : 11,000원 -아래 기재된 연락처로 문자주시면 더욱 빨리 연결됩니다 문자전송시(이름, 나이, 지역)",도시락 제조원,-,학력무관,관계없음,"시급 11,000원 ~ 11,000원",고용형태,부산광역시 강서구 낙동남로1013번길 50-3 (명지동),4명,2026-09-08 21:07:50
https://www.jobkorea.co.kr/Recruit/GI_Read/5507075/Ext?siteCode=WN&sc=,159104,"전기판넬(제어반, 분전반) 제작을 위한 설계도 작성 업무입니다. AutoCAD 사용하여 상세 도면을 작성으로 조립이 가능한 구조 설계를 수행합니다. 도면 수정 및 제작 검토 지원, 부품 사량 확인 등의 업무를 포함합니다.",전기·전자 장비 제도사(캐드원),-,학력무관,관계없음,"시급 12,000원 이상",고용형태,"부산광역시 사하구 다산로53번길 7, 동경기전",1명,2026-09-08 21:07:51
https://www.jobkorea.co.kr/Recruit/GI_Read/5505657/Ext?siteCode=WN&sc=,029904,"<주요업무> ㆍ 엑셀로 계산서 작업하여 견적서 작성 <지원자격 > 1) 경력 : 무관 (신입도 지원 가능)(면접 후 결정) 2) 경력은 없어도 활동성과 책임감이 있고, 사고가 밝고 긍정적인 분 환영함, 3) 엑셀 문서작업, 엑셀계산작업 우수자 우대함. 4) 파워포인트 작업 우수자 우대함. 5) 부산 강서구, 사하구, 진해, 용원, 우동, 창원 지역 거주자 환영 함.",사무 보조원(일반사업체),-,학력무관,관계없음,"시급 10,320원 이상",고용형태,"부산광역시 강서구 과학산단1로 108, (주)유니텍코리아",1명,2026-09-08 21:07:51
https://www.jobkorea.co.kr/Recruit/GI_Read/5505972/Ext?siteCode=WN&sc=,884100,"- 담당업무:클래스 진행, 세공 - 자격요건:세공에 대한 관심과 열정 보유/맡은 업무에 대한 강한 책임감 보유/초보자 가능 근무요일: 주5일 !!근무 일수, 시간 협의 가능!! 근무시간: 10:30~20:30/12:00-21:30(근무시간 협의) 휴게시간: 2시간 수습기간:13:30-20:30/휴게시간 30분 (주2일근무 시급10,320원의 90%지급)/평균 한달 수습 후 정직원 전환가능 복리후생: 국민연금, 고용보험, 산재보험, 건강보험, 정기휴가 성별: 성별무관 연령: 연령무관 학력: 고등학교 졸업 이상 우대조건: 유사업무 경험, 고용촉진장려금 대상자",공예원,석공예원,고졸~대졸(4년),관계없음,월급 216만원 ~ 216만원,고용형태,부산광역시 부산진구 서전로68번길 60-6 (전포동),1명,2026-09-08 21:07:51
https://www.jobkorea.co.kr/Recruit/GI_Read/5559157/Ext?siteCode=WN&sc=,612201,"담당업무 ㆍ해외업체 관리 / 해외 발주 관리 ㆍ납기관리 및 유관부서 협의 지원자격 ㆍ경력 : 5년 이상 해외여행 결격 사유 없는 분 우대사항 ㆍTOEIC 800급(점) 이상 ㆍ토익점수 우수자, 영어회화 가능자, 영문독해능력 필수 해외영엽경력자 ㆍ제조업 해외영업 유경험자 우대",해외 영업원(영어),영어수출입영업원,대졸(4년),경력,"연봉 3,800만원 이상",고용형태,부산광역시 강서구 화전산단2로 99 (화전동),1명,2026-09-08 21:07:51
https://www.jobkorea.co.kr/Recruit/GI_Read/5506316/Ext?siteCode=WN&sc=,550102,"* 대상자 : 4등급 64년생 남자 어르신 거동 가능 * 근무 내용: 말 벗 및 산책 동행, 병원 동행 * 근무 시간: 주 6회 근무 (13:00-16:00) * 근무 시작일: 협의 가능",재가 요양보호사,-,학력무관,관계없음,"시급 10,320원 이상",고용형태,"부산광역시 동래구 미남로102번길 21-6, 1층 (온천동)",1명,2026-09-08 21:07:52
https://www.jobkorea.co.kr/Recruit/GI_Read/5559158/Ext?siteCode=WN&sc=,151101,"○ 공학계열 학사 이상 ○ 관련 경력 1년 ~3년 우대 (신입직원도 지원가능) ○ 해당 직무 (1)감속기 설계도면 관리 (2)고객 기술지원 및 사내 협력지원 - 우대조건 : UG프로그램 능숙자, CAD/CAM 능숙자, 인근거주자 금속/비금속공학, 신소재/재료공학 전공",산업기계공학 기술자 및 연구원,기어설계기술자,대졸(4년),관계없음,"연봉 3,200만원 이상",고용형태,부산광역시 강서구 화전산단2로 99 (화전동),1명,2026-09-08 21:07:52
