사이트,회사명,공고제목,직무,경력,고용형태,지역,기술스택,마감일,공고URL,외부원본ID,수집시각
잡알리오,한국국제협력단,제29기 KOICA 청년인턴(홍보분야) 모집 공고,"경영.회계.사무,문화.예술.디자인.방송 / 행정직,사무직",신입,청년인턴(체험형),경기,,2026-07-22,https://job.alio.go.kr/recruitview.do?idx=302244,,2026-09-07 17:17:49
잡알리오,한국중부발전(주),2026년도 제2차 4직급 신입직원 채용공고,"기계,전기.전자,환경.에너지.안전 / 기술직",신입,정규직,"서울 
										외 5",,2026-07-22,https://job.alio.go.kr/recruitview.do?idx=302314,,2026-09-07 17:17:50
잡알리오,한국법무보호복지공단,2026년 한국법무보호복지공단 경남서부지소 심리상담직(육아휴직대체직) 경력경쟁채용시험 공고,"사회복지.종교 / 행정직,계약직,상담직",경력,비정규직,경남,,2026-07-24,https://job.alio.go.kr/recruitview.do?idx=302347,,2026-09-07 17:17:51
잡알리오,부산대학교병원,권역호흡기전문질환센터 예방의학과 전문의 모집,보건.의료 / 의사직,신입+경력,비정규직,부산,,2026-07-21,https://job.alio.go.kr/recruitview.do?idx=302379,,2026-09-07 17:17:52
잡알리오,한국주택금융공사,2026년도 하반기 체험형 인턴 채용공고,"금융.보험 / 일반직,계약직",신입,청년인턴(체험형),"서울 
										외 16",,2026-07-21,https://job.alio.go.kr/recruitview.do?idx=302380,,2026-09-07 17:17:52
잡알리오,동남권원자력의학원,[직원채용] 별정직 간호직(내과 전담 간호사/휴직대체) 공개 채용,보건.의료 / 간호직,신입+경력,비정규직,부산,,2026-07-20,https://job.alio.go.kr/recruitview.do?idx=302393,,2026-09-07 17:17:53
잡알리오,기초과학연구원,2026-4회 광과학 연구클러스터 연구직 채용 공고,연구 / 연구직,신입+경력,비정규직,광주,,2026-07-24,https://job.alio.go.kr/recruitview.do?idx=302398,,2026-09-07 17:17:53
잡알리오,한국장애인개발원,"[제2026-79호]2026년도 제4차 제주특별자치도장애아동·발달장애인지원센터(장애아동지원팀, 권익옹호팀) 기간제 계약직 채용 공고","사회복지.종교 / 일반직,행정직,사무직",신입+경력,비정규직,제주,,2026-07-21,https://job.alio.go.kr/recruitview.do?idx=302408,,2026-09-07 17:17:55
잡알리오,한국부동산원,한국부동산원 전문계약직 채용 공고,경영.회계.사무 / 사무직,신입+경력,비정규직,"서울 
										외 16",,2026-07-22,https://job.alio.go.kr/recruitview.do?idx=302417,,2026-09-07 17:17:55
잡알리오,한국수자원공사,[한국수자원공사] 경북지역협력단 김천2현대화사업팀 특수직(기술관리_건설사업) 채용 공고,"사업관리,건설,기계,전기.전자,정보통신,환경.에너지.안전 / 계약직",신입+경력,비정규직,경북,,2026-07-21,https://job.alio.go.kr/recruitview.do?idx=302424,,2026-09-07 17:17:56
잡알리오,한국수자원공사,[한국수자원공사] 경북지역협력단 김천2현대화사업팀 특수직(사무관리_건설사업) 채용 공고,경영.회계.사무 / 계약직,신입+경력,비정규직,경북,,2026-07-21,https://job.alio.go.kr/recruitview.do?idx=302425,,2026-09-07 17:17:57
잡알리오,(재)한국통계진흥원,2026년 제7차 한국통계진흥원 직원 채용 공고,"경영.회계.사무 / 일반직,계약직",신입+경력,"비정규직 
										외 1","서울 
										외 1",,2026-07-21,https://job.alio.go.kr/recruitview.do?idx=302427,,2026-09-07 17:17:57
잡알리오,한국수자원공사,[한국수자원공사] 예천수도지사 특수직(수탁운영_지방상수도 시설운영) 채용 공고,"건설,기계,전기.전자,정보통신,환경.에너지.안전 / 계약직",신입+경력,비정규직,경북,,2026-07-21,https://job.alio.go.kr/recruitview.do?idx=302426,,2026-09-07 17:17:58
잡알리오,한국수자원공사,[한국수자원공사] 예천수도지사 특수직(수탁운영_지방상수도 고객관리) 채용 공고,경영.회계.사무 / 계약직,신입+경력,비정규직,경북,,2026-07-21,https://job.alio.go.kr/recruitview.do?idx=302428,,2026-09-07 17:17:59
잡알리오,국립공원공단,[주왕산] 2026년 주왕산 국립공원지킴이 4차 모집 공고,"경비.청소,건설 / 계약직",신입+경력,비정규직,경북,,2026-07-17,https://job.alio.go.kr/recruitview.do?idx=302430,,2026-09-07 17:18:00
잡알리오,산업연구원,2026년 제10차 위촉직원 채용공고,연구 / 연구직,신입+경력,비정규직,세종,,2026-07-22,https://job.alio.go.kr/recruitview.do?idx=302432,,2026-09-07 17:18:01
잡알리오,한국수자원공사,[한국수자원공사] 수자원위성연구소 특수직(기술관리_전문기술) 채용 공고,"전기.전자,정보통신 / 계약직",신입+경력,비정규직,대전,,2026-07-21,https://job.alio.go.kr/recruitview.do?idx=302433,,2026-09-07 17:18:02
잡알리오,한국수자원공사,[한국수자원공사] 홍보실 기간제근로자(사무관리_전문사무(콘텐츠관리)) 채용 공고(육아휴직 대체인력),문화.예술.디자인.방송 / 계약직,신입+경력,비정규직,대전,,2026-07-21,https://job.alio.go.kr/recruitview.do?idx=302434,,2026-09-07 17:18:03
잡알리오,KDI국제정책대학원,"[KDI국제정책대학원] 2026년 제5차 직원 채용(공무직(미화, 안내))",경비.청소 / 공무직,신입+경력,무기계약직,세종,,2026-07-22,https://job.alio.go.kr/recruitview.do?idx=302435,,2026-09-07 17:18:03
잡알리오,전쟁기념사업회,전쟁기념사업회 사무총장 채용 공고,"사업관리,경영.회계.사무 / 일반직",경력,정규직,서울,,2026-07-21,https://job.alio.go.kr/recruitview.do?idx=302436,,2026-09-07 17:18:04
잡알리오,한전KDN,한전KDN 광주전남본부 배전분야 비정규직 모집공고,정보통신 / 기타(일용직),신입+경력,비정규직,"광주 
										외 1",,2026-07-22,https://job.alio.go.kr/recruitview.do?idx=302437,,2026-09-07 17:18:05
잡알리오,주택관리공단(주),"체험형 인턴 채용공고(주택관리공단 본사, 장애인)",경영.회계.사무 / 행정직,신입+경력,청년인턴(체험형),경남,,2026-07-21,https://job.alio.go.kr/recruitview.do?idx=302438,,2026-09-07 17:18:05
잡알리오,국립공원공단,[북부지역본부] 2026년 3분기 북부권역 공무직(탐방시설) 직원 추가 채용,환경.에너지.안전 / 공무직,신입+경력,무기계약직,서울,,2026-07-21,https://job.alio.go.kr/recruitview.do?idx=302439,,2026-09-07 17:18:06
잡알리오,근로복지공단,[창원병원] 별정직 의사(정형외과) 채용 공고,보건.의료 / 별정직,신입,정규직,경남,,2026-07-20,https://job.alio.go.kr/recruitview.do?idx=302440,,2026-09-07 17:18:07
잡알리오,한국소비자원,2026년 8월 일용직 채용 공고,경영.회계.사무 / 사무직,신입,비정규직,충북,,2026-07-22,https://job.alio.go.kr/recruitview.do?idx=302444,,2026-09-07 17:18:08
잡알리오,국립공원공단,[북한산생태탐방원] 2026년 북한산생태탐방원 기간제[한시인력_사무행정_제한경쟁(장애인)] 직원 채용,경영.회계.사무 / 계약직,신입+경력,비정규직,서울,,2026-07-15,https://job.alio.go.kr/recruitview.do?idx=302443,,2026-09-07 17:18:08
잡알리오,한국보훈복지의료공단,[전주보훈요양원] 간호사(육아휴직 대체 계약직) 보훈특별고용 공고,사회복지.종교 / 기타(사회복지직(간호사)),신입+경력,비정규직,전북,,2026-07-22,https://job.alio.go.kr/recruitview.do?idx=302446,,2026-09-07 17:18:09
잡알리오,한국수자원공사,[한국수자원공사] 광주수도지사 특수직(수탁운영_지방상수도 시설운영) 채용 공고,"건설,기계,전기.전자,정보통신,환경.에너지.안전 / 계약직",신입+경력,비정규직,경기,,2026-07-21,https://job.alio.go.kr/recruitview.do?idx=302445,,2026-09-07 17:18:09
잡알리오,주택관리공단(주),채용형 인턴 채용공고(주택관리공단 인천지사),"건설,기계,전기.전자,환경.에너지.안전 / 기술직",신입+경력,청년인턴(채용형),인천,,2026-07-14,https://job.alio.go.kr/recruitview.do?idx=302448,,2026-09-07 17:18:11
잡알리오,한국보훈복지의료공단,[광주보훈요양원] 계약직 요양보호직(휴직대체_재공고) 직원 채용 공고,사회복지.종교 / 기타(요양보호직),신입+경력,비정규직,광주,,2026-07-21,https://job.alio.go.kr/recruitview.do?idx=302449,,2026-09-07 17:18:11
잡알리오,국립공원공단,[한려해상]2026년 기간제 직원(자원보전) 채용 공고,환경.에너지.안전 / 계약직,신입+경력,비정규직,경남,,2026-07-21,https://job.alio.go.kr/recruitview.do?idx=302450,,2026-09-07 17:18:12
잡알리오,한국수자원공사,[한국수자원공사] 청주권지사 단기계약근로자(국유재산 관리) 채용 공고(장애인 제한채용),경영.회계.사무 / 계약직,신입+경력,비정규직,충북,,2026-07-21,https://job.alio.go.kr/recruitview.do?idx=302451,,2026-09-07 17:18:13
잡알리오,한국수자원공사,[한국수자원공사] 대산산업용수관리단 대산해수담수센터 단기계약근로자(전기안전관리자) 채용 공고,"전기.전자,환경.에너지.안전 / 계약직",신입+경력,비정규직,충남,,2026-07-21,https://job.alio.go.kr/recruitview.do?idx=302452,,2026-09-07 17:18:14
잡알리오,한국보훈복지의료공단,[인천보훈병원] 2026년 정규직 간호직(간호사) 공개채용,보건.의료 / 간호직,신입+경력,정규직,인천,,2026-07-21,https://job.alio.go.kr/recruitview.do?idx=302453,,2026-09-07 17:18:15
잡알리오,학교법인한국폴리텍,한국폴리텍대학 전남캠퍼스 업무직(조리원) 공개 채용(2차) 공고,음식서비스 / 운영직,신입+경력,무기계약직,전남,,2026-07-19,https://job.alio.go.kr/recruitview.do?idx=302454,,2026-09-07 17:18:15
잡알리오,한국보훈복지의료공단,[광주보훈병원] 계약직 기능직(간호조무사) 직원 채용 공고,보건.의료 / 기능직,신입+경력,비정규직,광주,,2026-07-17,https://job.alio.go.kr/recruitview.do?idx=302455,,2026-09-07 17:18:16
잡알리오,국립공원공단,[속리산] 속리산국립공원사무소 기간제(기마순찰-대체인력) 직원 채용,이용.숙박.여행.오락.스포츠 / 계약직,신입+경력,비정규직,"충북 
										외 1",,2026-07-21,https://job.alio.go.kr/recruitview.do?idx=302456,,2026-09-07 17:18:17
잡알리오,한국전력공사,기간제근로자(대체인력) 채용공고[부산울산본부],"경영.회계.사무,전기.전자 / 사무직,기술직",신입,비정규직,"부산 
										외 2",,2026-07-22,https://job.alio.go.kr/recruitview.do?idx=302461,,2026-09-07 17:18:18
잡알리오,학교법인한국폴리텍,2026년 한국폴리텍대학 포항캠퍼스 업무직(조리원)채용 2차공고,음식서비스 / 운영직,신입+경력,무기계약직,경북,,2026-07-20,https://job.alio.go.kr/recruitview.do?idx=302466,,2026-09-07 17:18:19
잡알리오,한전KDN,한전KDN(주) 용인지사 OA설비 유지보수 일용근로자 모집공고,정보통신 / 기타(일용직),경력,비정규직,경기,,2026-07-22,https://job.alio.go.kr/recruitview.do?idx=302467,,2026-09-07 17:18:20
잡알리오,국립공원공단,[변산반도] 2026년 변산반도사무소 국립공원지킴이 2차 모집 공고,환경.에너지.안전 / 계약직,신입+경력,비정규직,전북,,2026-07-22,https://job.alio.go.kr/recruitview.do?idx=302468,,2026-09-07 17:18:20
잡알리오,분당서울대학교병원,분당서울대학교병원 신입(업무지원직 장애인) 직원 채용 공고,보건.의료 / 운영직,신입,정규직,경기,,2026-07-20,https://job.alio.go.kr/recruitview.do?idx=302469,,2026-09-07 17:18:21
잡알리오,분당서울대학교병원,분당서울대학교병원 신입(업무지원직) 직원 채용 공고,보건.의료 / 운영직,신입,정규직,경기,,2026-07-20,https://job.alio.go.kr/recruitview.do?idx=302470,,2026-09-07 17:18:22
잡알리오,국민연금공단,국민연금연구원 임시 연구보조원 채용 공고,"경영.회계.사무,연구 / 계약직",신입,비정규직,전북,,2026-07-15,https://job.alio.go.kr/recruitview.do?idx=302471,,2026-09-07 17:18:23
잡알리오,국민연금공단,[국민연금공단 부산지역본부] 부산지역본부 공무직(환경관리직(가)) 및  양산지사 공무직(보안직(가)) 채용 공고,경비.청소 / 공무직,신입,무기계약직,"부산 
										외 1",,2026-07-15,https://job.alio.go.kr/recruitview.do?idx=302472,,2026-09-07 17:18:24
잡알리오,근로복지공단,[서울관악지사] 청년(체험형)인턴 채용 공고,경영.회계.사무 / 계약직,신입,청년인턴(체험형),서울,,2026-07-15,https://job.alio.go.kr/recruitview.do?idx=302473,,2026-09-07 17:18:25
잡알리오,제주대학교병원,"제주대학교병원 계약직(가정전문간호사, 가정형 호스피스 전담간호사) 모집공고",보건.의료 / 계약직,신입+경력,무기계약직,제주,,2026-07-15,https://job.alio.go.kr/recruitview.do?idx=302475,,2026-09-07 17:18:26
잡알리오,한국전력공사,2026년 제2차 장애인 체험형 인턴 채용공고[남서울본부],경영.회계.사무 / 사무직,신입,청년인턴(체험형),서울,,2026-07-30,https://job.alio.go.kr/recruitview.do?idx=302474,,2026-09-07 17:18:26
잡알리오,제주대학교병원,"제주대학교병원 사업인력 계약직(권역정신응급의료센터_보안인력, 지역장애인보건의료센터_사회복지사) 모집공고",보건.의료 / 계약직,신입+경력,비정규직,제주,,2026-07-15,https://job.alio.go.kr/recruitview.do?idx=302476,,2026-09-07 17:18:27
잡알리오,제주대학교병원,"제주대학교병원 휴직대체 계약직(조리·배식원, 임상병리사, 방사선사, 간호사, 행정) 모집공고",보건.의료 / 계약직,신입+경력,비정규직,제주,,2026-07-15,https://job.alio.go.kr/recruitview.do?idx=302477,,2026-09-07 17:18:28
잡알리오,한국전력공사,2026년 제3차 장애인 체험형인턴 채용공고 [강원본부],경영.회계.사무 / 사무직,신입,청년인턴(체험형),강원,,2026-07-23,https://job.alio.go.kr/recruitview.do?idx=302478,,2026-09-07 17:18:29
잡알리오,한국장애인개발원,[제2026-80호]2026년도 제3차 전라남도장애아동·발달장애인지원센터 장애아동지원팀 기간제 계약직 채용 공고,"사업관리,경영.회계.사무,보건.의료,사회복지.종교 / 일반직,행정직,사무직",경력,비정규직,전남,,2026-07-23,https://job.alio.go.kr/recruitview.do?idx=302479,,2026-09-07 17:18:30
잡알리오,한국수자원공사,[한국수자원공사] 나주수도지사 특수직(지방상수도 고객관리) 채용 공고,경영.회계.사무 / 계약직,신입+경력,비정규직,전남,,2026-07-22,https://job.alio.go.kr/recruitview.do?idx=302480,,2026-09-07 17:18:31
잡알리오,한국수자원공사,[한국수자원공사] 나주수도지사 특수직(지방상수도 시설운영) 채용 공고,"건설,기계,전기.전자,정보통신,환경.에너지.안전 / 계약직",신입+경력,비정규직,전남,,2026-07-22,https://job.alio.go.kr/recruitview.do?idx=302481,,2026-09-07 17:18:31
잡알리오,통일연구원,[통일연구원] 2026년 프로젝트연구원 공개채용 공고(제2026-07호),"사업관리,경영.회계.사무 / 연구직",신입+경력,비정규직,서울,,2026-07-23,https://job.alio.go.kr/recruitview.do?idx=302482,,2026-09-07 17:18:32
잡알리오,국립공원공단,[북한산] 2026년 북한산국립공원사무소 국립공원지킴이 모집 공고(4차),환경.에너지.안전 / 계약직,신입+경력,비정규직,"서울 
										외 1",,2026-07-23,https://job.alio.go.kr/recruitview.do?idx=302483,,2026-09-07 17:18:33
잡알리오,한국도로교통공단,한국도로교통공단 방송위원 공개 모집(3개 직위),"사업관리,경영.회계.사무 / 일반직,관리직",신입,비정규직,"부산 
										외 2",,2026-07-21,https://job.alio.go.kr/recruitview.do?idx=302484,,2026-09-07 17:18:34
잡알리오,한국수자원공사,[한국수자원공사] 한강동부사업단 특수직(사무관리_건설사업_보상) 채용 공고,경영.회계.사무 / 계약직,신입+경력,비정규직,강원,,2026-07-22,https://job.alio.go.kr/recruitview.do?idx=302485,,2026-09-07 17:18:34
잡알리오,한국수자원공사,[한국수자원공사] 한강동부사업단 특수직(사무관리_건설사업) 채용 공고,경영.회계.사무 / 계약직,신입+경력,비정규직,강원,,2026-07-22,https://job.alio.go.kr/recruitview.do?idx=302486,,2026-09-07 17:18:36
잡알리오,한국환경공단,한국환경공단(본사) 폐기물적정처리추진센터 기간제근로자 채용공고,환경.에너지.안전 / 기타(촉탁),신입,비정규직,인천,,2026-07-22,https://job.alio.go.kr/recruitview.do?idx=302487,,2026-09-07 17:18:36
잡알리오,학교법인한국폴리텍,한국폴리텍대학 제주캠퍼스 행정지원직(휴직자 대체) 채용 공고,경영.회계.사무 / 행정직,신입+경력,비정규직,제주,,2026-07-15,https://job.alio.go.kr/recruitview.do?idx=302488,,2026-09-07 17:18:38
잡알리오,신용보증기금,2026년도 하반기 신용보증기금 체험형 청년인턴 채용,"금융.보험 / 사무직,계약직",신입,청년인턴(체험형),"서울 
										외 15",,2026-07-23,https://job.alio.go.kr/recruitview.do?idx=302489,,2026-09-07 17:18:38
잡알리오,한국수자원공사,[한국수자원공사] 한강경영처 사회형평적 인재 단기계약근로자(시설관리) 채용 공고(장애인 제한채용),경비.청소 / 계약직,신입+경력,비정규직,경기,,2026-07-22,https://job.alio.go.kr/recruitview.do?idx=302490,,2026-09-07 17:18:38
잡알리오,신용보증기금,신용보증기금 육아휴직 대체 기간제 근로자(비서) 채용 공고,"경영.회계.사무 / 사무직,계약직",신입,비정규직,대구,,2026-07-23,https://job.alio.go.kr/recruitview.do?idx=302491,,2026-09-07 17:18:39
잡알리오,한국개발연구원,2026년 3분기 한국개발연구원(KDI) 직원 채용 공고(연구직),"사업관리,연구 / 연구직",신입+경력,정규직,세종,,2026-07-22,https://job.alio.go.kr/recruitview.do?idx=302492,,2026-09-07 17:18:40
잡알리오,국립공원공단,"[북한산도봉] 2026년 북한산국립공원도봉사무소 기간제(환경관리 및 수익시설, 3차) 직원 채용 공고(제한경쟁)","경비.청소,이용.숙박.여행.오락.스포츠 / 계약직",신입+경력,비정규직,"서울 
										외 1",,2026-07-22,https://job.alio.go.kr/recruitview.do?idx=302493,,2026-09-07 17:18:41
잡알리오,한국개발연구원,2026년 3분기 한국개발연구원(KDI) 직원 채용 공고(행정직),경영.회계.사무 / 행정직,신입+경력,정규직,세종,,2026-07-22,https://job.alio.go.kr/recruitview.do?idx=302494,,2026-09-07 17:18:41
잡알리오,한국주택금융공사,"2026년도 특정직(사무관리) 및 계약직(육아휴직대체, 주택연금상담, 종합금융상담) 채용공고","경영.회계.사무,금융.보험 / 일반직,행정직,사무직,상담직",신입,"무기계약직 
										외 1","대전 
										외 4",,2026-07-22,https://job.alio.go.kr/recruitview.do?idx=302495,,2026-09-07 17:18:43
잡알리오,기초과학연구원,제2026-5회 기초과학연구원 반데르발스 양자 물질 연구단 연구직 채용 공고,연구 / 연구직,신입+경력,비정규직,경북,,2026-07-27,https://job.alio.go.kr/recruitview.do?idx=302496,,2026-09-07 17:18:43
잡알리오,강원대학교치과병원,(수정) 계약직(간호사) 모집 공고,보건.의료 / 간호직,신입+경력,비정규직,강원,,2026-07-16,https://job.alio.go.kr/recruitview.do?idx=302497,,2026-09-07 17:18:44
잡알리오,주택관리공단(주),채용형 인턴 채용공고(주택관리공단 전북지사),"건설,기계,전기.전자,환경.에너지.안전 / 기술직",신입+경력,청년인턴(채용형),전북,,2026-07-15,https://job.alio.go.kr/recruitview.do?idx=302499,,2026-09-07 17:18:45
잡알리오,충남대학교병원,[대전] 충남대학교병원 2026년 7월 계약직 직원 채용공고(2차)【채용분야 : 공고참고】,보건.의료 / 계약직,신입,비정규직,대전,,2026-07-22,https://job.alio.go.kr/recruitview.do?idx=302500,,2026-09-07 17:18:46
잡알리오,충남대학교병원,[대전] 충남대학교병원 2026년 7월 보조금직원 채용공고(2차)【채용분야 : 공고참고】,보건.의료 / 계약직,신입,비정규직,대전,,2026-07-22,https://job.alio.go.kr/recruitview.do?idx=302501,,2026-09-07 17:18:47
잡알리오,충남대학교병원,[대전] 충남대학교병원 2026년 전문계약직 약사 상시 채용공고,보건.의료 / 계약직,신입,비정규직,대전,,2027-07-07,https://job.alio.go.kr/recruitview.do?idx=302502,,2026-09-07 17:18:47
잡알리오,근로복지공단,[순천병원] 기간제 의사(응급의학과) 채용 공고,보건.의료 / 계약직,신입,비정규직,전남,,2026-07-20,https://job.alio.go.kr/recruitview.do?idx=302503,,2026-09-07 17:18:49
잡알리오,근로복지공단,[순천병원] 별정직 의사(내과) 채용 공고,보건.의료 / 별정직,신입,정규직,전남,,2026-07-20,https://job.alio.go.kr/recruitview.do?idx=302504,,2026-09-07 17:18:49
잡알리오,근로복지공단,[순천병원] 기간제(임상병리사) 채용 공고,보건.의료 / 계약직,신입,비정규직,전남,,2026-07-15,https://job.alio.go.kr/recruitview.do?idx=302505,,2026-09-07 17:18:51
잡알리오,한국산업기술기획평가원,산업기술 R&D PD(Program Director) 채용 공고_자율제조(재공고),사업관리 / 연구직,경력,비정규직,대구,,2026-07-23,https://job.alio.go.kr/recruitview.do?idx=302506,,2026-09-07 17:18:52
잡알리오,산업연구원,2026년 제5차 정규직 채용 공고,경영.회계.사무 / 전문직,신입+경력,정규직,세종,,2026-07-23,https://job.alio.go.kr/recruitview.do?idx=302507,,2026-09-07 17:18:52
잡알리오,서민금융진흥원,2026년 서민금융진흥원 제2차 기간제(육아휴직대체) 직원 채용공고,"경영.회계.사무,금융.보험 / 행정직,사무직,상담직",신입,비정규직,"서울 
										외 2",,2026-07-22,https://job.alio.go.kr/recruitview.do?idx=302508,,2026-09-07 17:18:53
잡알리오,한국교육과정평가원,2026년 한국교육과정평가원 제2차 전문직 및 무기계약직(행정조원) 채용 공고,"경영.회계.사무,정보통신 / 행정직,전산직",신입,"무기계약직 
										외 1",충북,,2026-07-23,https://job.alio.go.kr/recruitview.do?idx=302509,,2026-09-07 17:18:54
잡알리오,서민금융진흥원,2026년 서민금융진흥원 체험형 청년인턴 채용,"경영.회계.사무,금융.보험,법률.경찰.소방.교도.국방 / 행정직,사무직",신입,청년인턴(체험형),서울,,2026-07-22,https://job.alio.go.kr/recruitview.do?idx=302510,,2026-09-07 17:18:55
잡알리오,한국부동산원,한국부동산원 육아휴직자 대체인력 채용 공고,"경영.회계.사무,운전.운송 / 사무직",신입,비정규직,"서울 
										외 2",,2026-07-24,https://job.alio.go.kr/recruitview.do?idx=302511,,2026-09-07 17:18:56
잡알리오,국립공원공단,[계룡산] 2026년 계룡산국립공원사무소 기간제(한시인력-수익시설) 직원 채용 공고,환경.에너지.안전 / 계약직,신입+경력,비정규직,충남,,2026-07-22,https://job.alio.go.kr/recruitview.do?idx=302512,,2026-09-07 17:18:57
잡알리오,한국문학번역원,"2026년도 제5차 한국문학번역원 NCS기반 공개채용 (기간제 근로자 2명, 체험형 청년인턴 1명) 공고","사업관리,경영.회계.사무,문화.예술.디자인.방송 / 일반직,행정직,사무직",신입+경력,"비정규직 
										외 1",서울,,2026-07-22,https://job.alio.go.kr/recruitview.do?idx=302513,,2026-09-07 17:18:57
잡알리오,국립공원공단,[계룡산] 계룡산국립공원사무소 기간제(환경관리) 직원 채용,환경.에너지.안전 / 계약직,신입+경력,비정규직,충남,,2026-07-22,https://job.alio.go.kr/recruitview.do?idx=302514,,2026-09-07 17:18:58
잡알리오,서울올림픽기념국민체육진흥공단,체육인 고용보험 적용 방안 연구 초빙연구원 채용 공고,연구 / 계약직,신입+경력,비정규직,서울,,2026-07-24,https://job.alio.go.kr/recruitview.do?idx=302515,,2026-09-07 17:18:58
잡알리오,국립공원공단,[금정산] 2026년 국립공원지킴이(녹색순찰대) 모집 공고,"경비.청소,건설 / 계약직",신입+경력,비정규직,"부산 
										외 1",,2026-07-20,https://job.alio.go.kr/recruitview.do?idx=302516,,2026-09-07 17:18:59
잡알리오,분당서울대학교병원,분당서울대학교병원 신입(보건직) 직원 채용공고,보건.의료 / 보건직,신입,정규직,경기,,2026-07-20,https://job.alio.go.kr/recruitview.do?idx=302517,,2026-09-07 17:19:00
잡알리오,분당서울대학교병원,분당서울대학교병원 경력(별정전문직) 직원 채용공고,보건.의료 / 별정직,경력,정규직,경기,,2026-07-24,https://job.alio.go.kr/recruitview.do?idx=302518,,2026-09-07 17:19:01
잡알리오,국방과학연구소,국방과학연구소 부설 국방신속획득기술연구원장 공개모집 공고,연구 / 연구직,경력,비정규직,"서울 
										외 1",,2026-07-22,https://job.alio.go.kr/recruitview.do?idx=302519,,2026-09-07 17:19:01
잡알리오,중소기업기술정보진흥원,2026년 정규직 신규직원 채용 공고,사업관리 / 행정직,신입,정규직,세종,,2026-07-23,https://job.alio.go.kr/recruitview.do?idx=302520,,2026-09-07 17:19:02
잡알리오,중소기업기술정보진흥원,2026년 제4차 전문위원 채용 공고,경영.회계.사무 / 행정직,신입,비정규직,세종,,2026-07-23,https://job.alio.go.kr/recruitview.do?idx=302521,,2026-09-07 17:19:03
잡알리오,경북대학교병원,2026년 의료요원(진료교수) 23차 초빙(긴급) 공고,보건.의료 / 의사직,신입,정규직,대구,,2026-07-15,https://job.alio.go.kr/recruitview.do?idx=302522,,2026-09-07 17:19:04
잡알리오,아시아·태평양경제협력체 기후센터,아시아·태평양경제협력체 기후센터 행정원 채용 공고(2026-02),"사업관리,경영.회계.사무 / 행정직",신입+경력,"비정규직 
										외 1",부산,,2026-07-23,https://job.alio.go.kr/recruitview.do?idx=302523,,2026-09-07 17:19:05
잡알리오,학교법인한국폴리텍,한국폴리텍 다솜고등학교 기간제교사(생활상담) 공개채용 공고,교육.자연.사회과학 / 교원직,신입+경력,비정규직,충북,,2026-07-19,https://job.alio.go.kr/recruitview.do?idx=302524,,2026-09-07 17:19:06
잡알리오,한국환경공단,한국환경공단 대구경북환경본부 환경시설관리처 기간제근로자(일용직) 채용 공고,경영.회계.사무 / 계약직,신입+경력,비정규직,경북,,2026-07-24,https://job.alio.go.kr/recruitview.do?idx=302525,,2026-09-07 17:19:06
잡알리오,서울올림픽기념국민체육진흥공단,서울올림픽기념국민체육진흥공단 지도자관리팀 단기지원직(연수조교) 채용(재공고),사업관리 / 계약직,신입+경력,비정규직,서울,,2026-07-19,https://job.alio.go.kr/recruitview.do?idx=302526,,2026-09-07 17:19:08
잡알리오,한전KDN,한전KDN(주) 대구본부 정보통신설비 유지보수 일용근로자 모집공고,"전기.전자,정보통신 / 기타(일용직)",신입+경력,비정규직,"대구 
										외 1",,2026-07-24,https://job.alio.go.kr/recruitview.do?idx=302527,,2026-09-07 17:19:08
잡알리오,한국수자원공사,[한국수자원공사] 부산울산경남지역협력단 김해2현대화사업팀 특수직(기술관리_건설사업) 채용 공고,"사업관리,건설,기계,전기.전자,정보통신,환경.에너지.안전 / 계약직",신입+경력,비정규직,경남,,2026-07-23,https://job.alio.go.kr/recruitview.do?idx=302528,,2026-09-07 17:19:08
잡알리오,한국수자원공사,[한국수자원공사] 부산울산경남지역협력단 김해2현대화사업팀 특수직(사무관리_건설사업) 채용 공고,경영.회계.사무 / 계약직,신입+경력,비정규직,경남,,2026-07-23,https://job.alio.go.kr/recruitview.do?idx=302529,,2026-09-07 17:19:10
잡알리오,한국수자원공사,[한국수자원공사] 부산울산경남지역협력단 사천 공군 SWM사업 특수직(기술관리_건설사업) 채용 공고,"사업관리,건설,기계,전기.전자,정보통신,환경.에너지.안전 / 계약직",신입+경력,비정규직,경남,,2026-07-23,https://job.alio.go.kr/recruitview.do?idx=302530,,2026-09-07 17:19:10
잡알리오,국립공원공단,[경주] 2026년 경주국립공원 기간제(환경관리_제한경쟁) 직원 채용,환경.에너지.안전 / 계약직,신입+경력,비정규직,경북,,2026-07-23,https://job.alio.go.kr/recruitview.do?idx=302532,,2026-09-07 17:19:12
잡알리오,한국농어촌공사,한국농어촌공사 진주산청지사 공무직(청소원) 일반공개경쟁 채용공고,경비.청소 / 공무직,신입+경력,무기계약직,경남,,2026-07-23,https://job.alio.go.kr/recruitview.do?idx=302533,,2026-09-07 17:19:12
잡알리오,제주대학교병원,2026년도 블라인드 채용 제주대학교병원 진료교수 모집공고(영상의학과),보건.의료 / 의사직,신입+경력,정규직,제주,,2026-12-31,https://job.alio.go.kr/recruitview.do?idx=302536,,2026-09-07 17:19:13
잡알리오,서울대학교병원,2026년도 임상강사(Fellow) 4차 선발 공고,보건.의료 / 의사직,신입,정규직,"서울 
										외 1",,2026-07-23,https://job.alio.go.kr/recruitview.do?idx=302538,,2026-09-07 17:19:13
잡알리오,한국수자원공사,[한국수자원공사] 기후테크혁신처 특수직(사무관리_전문사무) 채용 공고,경영.회계.사무 / 계약직,신입+경력,비정규직,대전,,2026-07-23,https://job.alio.go.kr/recruitview.do?idx=302539,,2026-09-07 17:19:15
잡알리오,서울올림픽기념국민체육진흥공단,'웨어러블 기반 국가대표 선수의 개인맞춤형 수면 최적화 전략의 효과 검증' 초빙연구원(나급) 채용 공고,연구 / 계약직,신입+경력,비정규직,서울,,2026-07-24,https://job.alio.go.kr/recruitview.do?idx=302540,,2026-09-07 17:19:15
잡알리오,학교법인한국폴리텍,한국폴리텍대학 성남캠퍼스 2026년도 업무직(사감) 채용 공고,경영.회계.사무 / 운영직,신입+경력,무기계약직,경기,,2026-07-21,https://job.alio.go.kr/recruitview.do?idx=302541,,2026-09-07 17:19:17
잡알리오,한국환경공단,"한국환경공단 수도권서부환경본부 환경시설관리처 기간제근로자(촉탁직, 일용직) 채용 공고","사업관리,경영.회계.사무,건설,환경.에너지.안전 / 계약직",신입+경력,비정규직,경기,,2026-07-23,https://job.alio.go.kr/recruitview.do?idx=302542,,2026-09-07 17:19:18
잡알리오,한국수자원공사,[한국수자원공사] 완도수도지사 특수직(수탁운영_지방상수도 고객관리) 채용 공고,경영.회계.사무 / 계약직,신입+경력,비정규직,전남,,2026-07-23,https://job.alio.go.kr/recruitview.do?idx=302543,,2026-09-07 17:19:18
잡알리오,한국수자원공사,[한국수자원공사] 완도수도지사 특수직(수탁운영_지방상수도 시설운영) 채용 공고,"건설,기계,전기.전자,정보통신,환경.에너지.안전 / 계약직",신입+경력,비정규직,전남,,2026-07-23,https://job.alio.go.kr/recruitview.do?idx=302545,,2026-09-07 17:19:19
잡알리오,한국수자원공사,[한국수자원공사] 장흥수도지사 특수직(지방상수도 시설운영) 채용 공고,"건설,기계,전기.전자,정보통신,환경.에너지.안전 / 계약직",신입+경력,비정규직,전남,,2026-07-23,https://job.alio.go.kr/recruitview.do?idx=302546,,2026-09-07 17:19:20
잡알리오,한국수자원공사,[한국수자원공사] 영·섬경영처 사회형평적 인재(장애인 제한) 단기계약근로자(사옥 환경미화) 채용 공고,경비.청소 / 계약직,신입+경력,비정규직,광주,,2026-07-23,https://job.alio.go.kr/recruitview.do?idx=302547,,2026-09-07 17:19:21
잡알리오,한국환경공단,한국환경공단 친환경모빌리티처 기간제근로자(촉탁라급) 채용 공고,"사업관리,경영.회계.사무 / 계약직",신입+경력,비정규직,인천,,2026-07-24,https://job.alio.go.kr/recruitview.do?idx=302548,,2026-09-07 17:19:21
잡알리오,근로복지공단,[안산병원] 기간제(사무원) 채용 공고,"경영.회계.사무,보건.의료 / 계약직",신입,비정규직,경기,,2026-07-16,https://job.alio.go.kr/recruitview.do?idx=302550,,2026-09-07 17:19:23
잡알리오,서울대학교치과병원,"서울대학교치과병원 촉탁직(간호직, 연구직) 채용 공고","보건.의료 / 연구직,간호직",신입+경력,비정규직,서울,,2026-07-19,https://job.alio.go.kr/recruitview.do?idx=302551,,2026-09-07 17:19:24
잡알리오,근로복지공단,[안산병원] 기간제(약사) 채용 공고,보건.의료 / 약무직,신입,비정규직,경기,,2026-07-16,https://job.alio.go.kr/recruitview.do?idx=302552,,2026-09-07 17:19:25
잡알리오,근로복지공단,[안산병원] 기간제(임상심리사) 채용공고,보건.의료 / 계약직,신입,비정규직,경기,,2026-07-16,https://job.alio.go.kr/recruitview.do?idx=302553,,2026-09-07 17:19:25
잡알리오,한국수자원공사,[한국수자원공사] 영·섬유역협력단 익산현대화사업소 노후상수관망 정비사업 특수직(기술관리_건설사업) 채용 공고,"사업관리,건설,기계,전기.전자,정보통신,환경.에너지.안전 / 계약직",신입+경력,비정규직,전북,,2026-07-23,https://job.alio.go.kr/recruitview.do?idx=302555,,2026-09-07 17:19:26
잡알리오,연구개발특구진흥재단,"연구개발특구진흥재단 2026년 제2차 신규직원(정규직, 기간제) 채용 공고",경영.회계.사무 / 행정직,신입,"비정규직 
										외 2","대전 
										외 3",,2026-07-29,https://job.alio.go.kr/recruitview.do?idx=302558,,2026-09-07 17:19:27
잡알리오,한국수자원공사,[한국수자원공사] 영·섬유역협력단 김제현대화사업소 노후상수관망 정비사업 특수직(기술관리_건설사업) 채용 공고,"사업관리,건설,기계,전기.전자,정보통신,환경.에너지.안전 / 계약직",신입+경력,비정규직,전북,,2026-07-23,https://job.alio.go.kr/recruitview.do?idx=302557,,2026-09-07 17:19:27
잡알리오,한국수자원공사,[한국수자원공사] 영·섬유역협력단 진안현대화사업소 노후상수관망 정비사업 특수직(기술관리_건설사업) 채용 공고,"사업관리,건설,기계,전기.전자,정보통신,환경.에너지.안전 / 계약직",신입+경력,비정규직,전북,,2026-07-23,https://job.alio.go.kr/recruitview.do?idx=302559,,2026-09-07 17:19:28
잡알리오,한국수자원공사,[한국수자원공사] 영·섬유역협력단 영광군 지방상수도 운영관리사업 및 노후상수관망 정비사업 특수직(수탁운영_지방상수도 고객관리) 채용 공고,경영.회계.사무 / 계약직,신입+경력,비정규직,전남,,2026-07-23,https://job.alio.go.kr/recruitview.do?idx=302560,,2026-09-07 17:19:30
잡알리오,한국수자원공사,[한국수자원공사] 영주댐지사 특수직(기술관리_설비운영) 채용 공고,"건설,기계,환경.에너지.안전 / 계약직",신입+경력,비정규직,경북,,2026-07-24,https://job.alio.go.kr/recruitview.do?idx=302561,,2026-09-07 17:19:30
잡알리오,한국수자원공사,[한국수자원공사] 영·섬유역협력단 영광군 지방상수도 운영관리사업 특수직(수탁운영_지방상수도 시설운영) 채용 공고,"건설,기계,전기.전자,정보통신,환경.에너지.안전 / 계약직",신입+경력,비정규직,전남,,2026-07-23,https://job.alio.go.kr/recruitview.do?idx=302562,,2026-09-07 17:19:32
잡알리오,한국보훈복지의료공단,"[대전보훈병원] 전문의(일반내과, 외과, 호스피스·완화의료센터장) 및 일반의(응급실 및 병동 당직의) 채용 공고",보건.의료 / 의사직,신입+경력,비정규직,대전,,2026-07-23,https://job.alio.go.kr/recruitview.do?idx=302564,,2026-09-07 17:19:33
잡알리오,수도권매립지관리공사,수도권매립지관리공사 기간제근로자 채용 공고,"경영.회계.사무,건설,환경.에너지.안전 / 사무직,기술직",신입+경력,비정규직,인천,,2026-07-24,https://job.alio.go.kr/recruitview.do?idx=302565,,2026-09-07 17:19:34
잡알리오,한국수자원공사,[한국수자원공사] 영·섬유역협력단 남원현대화사업소 노후상수관망 정비사업 특수직(기술관리_건설사업) 채용 공고,"사업관리,건설,기계,전기.전자,정보통신,환경.에너지.안전 / 계약직",신입+경력,비정규직,전북,,2026-07-23,https://job.alio.go.kr/recruitview.do?idx=302566,,2026-09-07 17:19:35
잡알리오,동남권원자력의학원,[직원채용] 별정직 일반업무직(장례지도사/육아휴직대체) 공개 채용,보건.의료 / 기타(일반업무직),신입+경력,비정규직,부산,,2026-07-23,https://job.alio.go.kr/recruitview.do?idx=302568,,2026-09-07 17:19:35
잡알리오,한국수자원공사,[한국수자원공사] 영·섬유역협력단 전주현대화사업소 노후상수관망 정비사업 특수직(사무관리_건설사업) 채용 공고,경영.회계.사무 / 계약직,신입+경력,비정규직,전북,,2026-07-23,https://job.alio.go.kr/recruitview.do?idx=302567,,2026-09-07 17:19:36
잡알리오,한국도로공사,한국도로공사 군위지사 기간제근로자(안전순찰원) 채용공고,운전.운송 / 기타(안전순찰원),신입+경력,비정규직,대구,,2026-07-15,https://job.alio.go.kr/recruitview.do?idx=302570,,2026-09-07 17:19:37
잡알리오,한국수자원공사,"[한국수자원공사] 영섬안전보건센터 단기계약근로자(의료보조 보건관리, 대체인력) 채용 공고",보건.의료 / 계약직,신입+경력,비정규직,광주,,2026-07-23,https://job.alio.go.kr/recruitview.do?idx=302569,,2026-09-07 17:19:37
잡알리오,한국기상산업기술원,2026년도 제4회 공개채용,"경영.회계.사무 / 행정직,사무직,계약직",신입,청년인턴(체험형),충북,,2026-07-23,https://job.alio.go.kr/recruitview.do?idx=302571,,2026-09-07 17:19:39
잡알리오,한국식품안전관리인증원,2026년 제8차 체험형인턴 및 제9차 계약직직원 채용,"경영.회계.사무,보건.의료,식품가공 / 계약직",신입+경력,"비정규직 
										외 1","서울 
										외 6",,2026-07-16,https://job.alio.go.kr/recruitview.do?idx=302572,,2026-09-07 17:19:39
잡알리오,한국보훈복지의료공단,[대전보훈요양원] 2026년 제4차 체험형 청년인턴(장애인) 채용 공고,보건.의료 / 일반직,신입+경력,청년인턴(체험형),대전,,2026-07-23,https://job.alio.go.kr/recruitview.do?idx=302573,,2026-09-07 17:19:41
잡알리오,사립학교교직원연금공단,2026년도 사립학교교직원연금공단 체험형 청년인턴 채용 공고,"경영.회계.사무 / 사무직,계약직",신입,청년인턴(체험형),전남,,2026-07-25,https://job.alio.go.kr/recruitview.do?idx=302574,,2026-09-07 17:19:42
잡알리오,학교법인한국폴리텍,2026년 한국폴리텍대학 울산캠퍼스 청년인턴(장애) 2차 채용 공고,경영.회계.사무 / 사무직,신입+경력,청년인턴(체험형),울산,,2026-07-20,https://job.alio.go.kr/recruitview.do?idx=302576,,2026-09-07 17:19:43
잡알리오,한국토지주택공사,한국토지주택공사 대구경북지역본부 기간제근로자(대체채용) 채용 공고(2026-05),"경영.회계.사무,사회복지.종교 / 계약직",신입+경력,비정규직,"대구 
										외 1",,2026-07-28,https://job.alio.go.kr/recruitview.do?idx=302577,,2026-09-07 17:19:44
잡알리오,서울올림픽기념국민체육진흥공단,'국가대표데이터시스템 고도화: 장애인 국가대표 스포츠과학지원 기능 구축 및 통합운영 기반 마련' 초빙연구원 (가급) 채용공고,연구 / 계약직,신입+경력,비정규직,서울,,2026-07-24,https://job.alio.go.kr/recruitview.do?idx=302579,,2026-09-07 17:19:45
잡알리오,전남대학교병원,2026년도 하반기 레지던트 상급년차 모집,보건.의료 / 의사직,신입+경력,정규직,"광주 
										외 1",,2026-07-27,https://job.alio.go.kr/recruitview.do?idx=302580,,2026-09-07 17:19:45
잡알리오,한국해양수산연수원,한국해양수산연수원 2026년도 제3차 계약직 직원 채용 공고,"사업관리,경영.회계.사무,운전.운송,경비.청소,정보통신,연구 / 행정직,사무직,연구직,기술직,시설직,전산직,공무직,교원직,계약직",신입+경력,"비정규직 
										외 1",부산,,2026-07-24,https://job.alio.go.kr/recruitview.do?idx=302581,,2026-09-07 17:19:47
잡알리오,한국학중앙연구원,2026학년도 제2학기 한국학대학원 강사 채용 공고,교육.자연.사회과학 / 기타(강사),신입+경력,비정규직,경기,,2026-07-24,https://job.alio.go.kr/recruitview.do?idx=302582,,2026-09-07 17:19:48
잡알리오,부산대학교치과병원,"부산대학교치과병원 계약직(보건직, 원무직) 직원 모집 공고","보건.의료 / 보건직,기타(원무직)",신입+경력,비정규직,경남,,2026-07-24,https://job.alio.go.kr/recruitview.do?idx=302584,,2026-09-07 17:19:49
잡알리오,충북대학교병원,충북대학교병원 하반기 임상교수요원(임상교수) 채용 공고,보건.의료 / 의사직,신입+경력,정규직,충북,,2026-07-24,https://job.alio.go.kr/recruitview.do?idx=302585,,2026-09-07 17:19:49
잡알리오,충북대학교병원,충북대학교병원 하반기 권역외상센터 임상교수요원(임상교수) 채용 공고,보건.의료 / 의사직,신입+경력,정규직,충북,,2026-07-24,https://job.alio.go.kr/recruitview.do?idx=302587,,2026-09-07 17:19:51
잡알리오,한국도로공사,한국도로공사 고령지사 기간제근로자(안전순찰원) 채용공고,운전.운송 / 기타(안전순찰원),신입+경력,비정규직,경북,,2026-07-16,https://job.alio.go.kr/recruitview.do?idx=302586,,2026-09-07 17:19:51
잡알리오,충북대학교병원,충북대학교병원 하반기 진료교수 채용 공고,보건.의료 / 의사직,신입+경력,비정규직,충북,,2026-07-24,https://job.alio.go.kr/recruitview.do?idx=302588,,2026-09-07 17:19:52
잡알리오,충북대학교병원,충북대학교병원 하반기 통합진료전담의 채용 공고,보건.의료 / 의사직,신입+경력,비정규직,충북,,2026-07-24,https://job.alio.go.kr/recruitview.do?idx=302589,,2026-09-07 17:19:52
잡알리오,대한적십자사,[대한적십자사 대전세종지사] 육아휴직 대체인력(계약직) 채용,"사업관리,경영.회계.사무 / 사무직,계약직",신입,비정규직,대전,,2026-07-26,https://job.alio.go.kr/recruitview.do?idx=302590,,2026-09-07 17:19:53
잡알리오,충북대학교병원,충북대학교병원 하반기 전임의사 모집 공고,보건.의료 / 의사직,신입,정규직,충북,,2026-07-24,https://job.alio.go.kr/recruitview.do?idx=302592,,2026-09-07 17:19:54
잡알리오,충북대학교병원,충북대학교병원 하반기 계약직의사 채용 공고,보건.의료 / 의사직,신입+경력,비정규직,충북,,2026-07-24,https://job.alio.go.kr/recruitview.do?idx=302591,,2026-09-07 17:19:55
잡알리오,학교법인한국폴리텍,2026년 한국폴리텍대학 충남캠퍼스 청년인턴(장애) 채용 공고,경영.회계.사무 / 사무직,신입+경력,청년인턴(체험형),충남,,2026-07-20,https://job.alio.go.kr/recruitview.do?idx=302594,,2026-09-07 17:19:56
잡알리오,육아정책연구소,[제2026-12호] 육아정책연구소 위촉직연구원 채용,"사업관리,연구 / 연구직,계약직",신입+경력,비정규직,서울,,2026-07-24,https://job.alio.go.kr/recruitview.do?idx=302593,,2026-09-07 17:19:57
잡알리오,한국문화관광연구원,한국문화관광연구원 위촉직원 채용 공고[2026-25],"연구 / 연구직,계약직",신입+경력,비정규직,서울,,2026-07-17,https://job.alio.go.kr/recruitview.do?idx=302595,,2026-09-07 17:19:58
잡알리오,한전KDN,한전KDN(주) 경남사업처 통신분야 비정규직 모집공고,"전기.전자,정보통신 / 기타(일용직)",신입+경력,비정규직,경남,,2026-07-25,https://job.alio.go.kr/recruitview.do?idx=302596,,2026-09-07 17:19:59
잡알리오,한국환경연구원,[한국환경연구원] 임시직(환경경제) 채용 공고(0710),연구 / 연구직,신입+경력,비정규직,세종,,2026-07-27,https://job.alio.go.kr/recruitview.do?idx=302597,,2026-09-07 17:20:00
잡알리오,한국문화관광연구원,한국문화관광연구원 위촉직원 채용 공고[2026-24],"연구 / 연구직,계약직",신입,비정규직,서울,,2026-07-24,https://job.alio.go.kr/recruitview.do?idx=302598,,2026-09-07 17:20:00
잡알리오,한국환경산업기술원,2026년도 제2차 한국환경산업기술원 신규직원 채용 공고,"사업관리,경영.회계.사무,보건.의료,사회복지.종교,운전.운송,화학,전기.전자,정보통신,환경.에너지.안전 / 일반직,행정직,사무직,기술직,시설직,보건직,전문직,운영직",신입,"무기계약직 
										외 1","서울 
										외 1",,2026-07-24,https://job.alio.go.kr/recruitview.do?idx=302600,,2026-09-07 17:20:01
잡알리오,학교법인한국폴리텍,한국폴리텍대학 구미캠퍼스 업무직(미화원) 채용 공고,경비.청소 / 시설직,신입+경력,무기계약직,경북,,2026-07-19,https://job.alio.go.kr/recruitview.do?idx=302601,,2026-09-07 17:20:02
잡알리오,학교법인한국폴리텍,2026년 한국폴리텍대학 영주캠퍼스 업무직(대학운영직 조리원) 채용 공고,음식서비스 / 운영직,신입+경력,무기계약직,경북,,2026-07-17,https://job.alio.go.kr/recruitview.do?idx=302602,,2026-09-07 17:20:02
잡알리오,한국산업안전보건공단,[안전보건공단 산업안전보건교육원] 업무직(시설관리원) 채용공고,전기.전자 / 시설직,신입,무기계약직,인천,,2026-07-20,https://job.alio.go.kr/recruitview.do?idx=302603,,2026-09-07 17:20:03
잡알리오,국립공원공단,[소백산] 2026년 소백산사무소 기간제(환경관리) 직원 채용,"경비.청소,이용.숙박.여행.오락.스포츠 / 계약직",신입+경력,비정규직,경북,,2026-07-24,https://job.alio.go.kr/recruitview.do?idx=302604,,2026-09-07 17:20:04
잡알리오,한국형사·법무정책연구원,한국형사·법무정책연구원 2026년도 제9차 채용공고[연구직],연구 / 연구직,신입+경력,정규직,서울,,2026-07-24,https://job.alio.go.kr/recruitview.do?idx=302605,,2026-09-07 17:20:04
잡알리오,한국환경연구원,[한국환경연구원] 임시직(데이터관리 및 정보서비스 운영) 채용 공고(0710),연구 / 연구직,신입+경력,비정규직,세종,,2026-07-27,https://job.alio.go.kr/recruitview.do?idx=302606,,2026-09-07 17:20:05
잡알리오,학교법인한국폴리텍,한국폴리텍대학 청주캠퍼스 대학운영직(조리원) 채용 공고,음식서비스 / 운영직,신입+경력,무기계약직,충북,,2026-07-20,https://job.alio.go.kr/recruitview.do?idx=302608,,2026-09-07 17:20:06
잡알리오,경북대학교병원,"2026년 7월 제1차 임시직원 모집 공고(가정간호사, 미화청소, 간호)","보건.의료 / 간호직,운영직",신입,비정규직,대구,,2026-07-15,https://job.alio.go.kr/recruitview.do?idx=302609,,2026-09-07 17:20:07
잡알리오,한국보훈복지의료공단,"[중앙보훈병원] 약무직(약사, 야간전담약사) 채용 공고",보건.의료 / 약무직,신입+경력,비정규직,서울,,2026-07-24,https://job.alio.go.kr/recruitview.do?idx=302610,,2026-09-07 17:20:08
잡알리오,한국보훈복지의료공단,[대전보훈병원] 2026년도 하반기 가정의학과 전공의(레지던트 상급년차) 모집 공고,보건.의료 / 의사직,신입+경력,비정규직,대전,,2026-07-27,https://job.alio.go.kr/recruitview.do?idx=302611,,2026-09-07 17:20:09
잡알리오,한국영유아보육·교육진흥원,[한국영유아보육·교육진흥원] 2026년 제2차 직원 채용 공고,"사업관리,경영.회계.사무,환경.에너지.안전 / 계약직",신입+경력,비정규직,서울,,2026-07-26,https://job.alio.go.kr/recruitview.do?idx=302612,,2026-09-07 17:20:09
잡알리오,대한적십자사,(거창적십자병원) 육아휴직 대체인력_보건직 방사선사 2차 채용,보건.의료 / 보건직,신입,비정규직,경남,,2026-07-26,https://job.alio.go.kr/recruitview.do?idx=302613,,2026-09-07 17:20:11
잡알리오,(재)우체국물류지원단,"우체국물류지원단 경인지사 안양,부평물류사업소 기간제(우편물구분) 채용 공고",운전.운송 / 기타(발착직),신입+경력,비정규직,경기,,2026-07-16,https://job.alio.go.kr/recruitview.do?idx=302614,,2026-09-07 17:20:11
잡알리오,국립중앙의료원,"의사직 전문의 채용 재공고(내분비대사내과, 중환자전담전문의)",보건.의료 / 의사직,신입+경력,정규직,서울,,2026-07-20,https://job.alio.go.kr/recruitview.do?idx=302615,,2026-09-07 17:20:12
잡알리오,(재)우체국물류지원단,"우체국물류지원단 경인지사 안양물류사업소 기간제(우편물구분, 휴직자 대체) 채용 공고",운전.운송 / 기타(발착직),신입+경력,비정규직,경기,,2026-07-16,https://job.alio.go.kr/recruitview.do?idx=302616,,2026-09-07 17:20:13
잡알리오,(재)우체국물류지원단,"우체국물류지원단 경인지사 안양물류사업소 기간제(우편물구분, 휴직자 대체) 채용 공고",운전.운송 / 기타(발착직),신입+경력,비정규직,경기,,2026-07-16,https://job.alio.go.kr/recruitview.do?idx=302617,,2026-09-07 17:20:13
잡알리오,국립공원공단,"[국립공원연구원] 국립공원연구원 기간제(한시인력, 연구복원) 직원 채용",환경.에너지.안전 / 계약직,신입,비정규직,강원,,2026-07-24,https://job.alio.go.kr/recruitview.do?idx=302618,,2026-09-07 17:20:15
잡알리오,학교법인한국폴리텍,한국폴리텍대학 인천캠퍼스 업무직(사감) 채용 공고,"경영.회계.사무,교육.자연.사회과학,경비.청소 / 운영직",신입+경력,무기계약직,인천,,2026-07-19,https://job.alio.go.kr/recruitview.do?idx=302620,,2026-09-07 17:20:15
잡알리오,재단법인 건설기술교육원,"2026년 3차 기간제(회계(육아휴직대체), 취사) 근로자 채용공고","경영.회계.사무,음식서비스 / 행정직,사무직,계약직,기타(취사)",신입,비정규직,인천,,2026-07-27,https://job.alio.go.kr/recruitview.do?idx=302621,,2026-09-07 17:20:16
잡알리오,국립중앙의료원,무기계약직 방사선사 또는 임상병리사(순환기내과) 재공고,보건.의료 / 보건직,신입+경력,무기계약직,서울,,2026-07-20,https://job.alio.go.kr/recruitview.do?idx=302622,,2026-09-07 17:20:17
잡알리오,국립중앙의료원,계약직 주말약사(약제부) 재공고,보건.의료 / 계약직,신입+경력,비정규직,서울,,2026-07-20,https://job.alio.go.kr/recruitview.do?idx=302623,,2026-09-07 17:20:18
잡알리오,국립중앙의료원,계약직 야간약사(약제부) 재공고,보건.의료 / 계약직,신입+경력,비정규직,서울,,2026-07-20,https://job.alio.go.kr/recruitview.do?idx=302624,,2026-09-07 17:20:18
잡알리오,학교법인한국폴리텍,한국폴리텍대학 인천캠퍼스 청년인턴(일반) 채용 공고,"경영.회계.사무,교육.자연.사회과학 / 계약직",신입+경력,청년인턴(체험형),인천,,2026-07-19,https://job.alio.go.kr/recruitview.do?idx=302626,,2026-09-07 17:20:20
잡알리오,학교법인한국폴리텍,한국폴리텍대학 인천캠퍼스 비정규직(조리보조원) 채용 공고,"음식서비스 / 계약직,운영직",신입+경력,비정규직,인천,,2026-07-19,https://job.alio.go.kr/recruitview.do?idx=302625,,2026-09-07 17:20:20
잡알리오,해양수산과학기술진흥원,2026년도 제2차 신규직원(기간제근로자 및 청년인턴) 채용 공고,"사업관리,경영.회계.사무 / 사무직",신입,"비정규직 
										외 1",서울,,2026-07-29,https://job.alio.go.kr/recruitview.do?idx=302627,,2026-09-07 17:20:21
잡알리오,한국원자력의학원,2026년도 하반기 레지던트 상급년차 모집 공고,보건.의료 / 의사직,신입+경력,정규직,서울,,2026-07-27,https://job.alio.go.kr/recruitview.do?idx=302628,,2026-09-07 17:20:22
잡알리오,(재)한국우편사업진흥원,(수정) 한국우편사업진흥원 2026년 디지털우편사업처장(경력 개방형 직위) 채용,"사업관리 / 관리직,기타(개방형 계약직)",경력,비정규직,서울,,2026-07-25,https://job.alio.go.kr/recruitview.do?idx=302629,,2026-09-07 17:20:22
잡알리오,학교법인한국폴리텍,2026년도하반기 한국폴리텍대학 창원캠퍼스 초빙교원 채용 공고,교육.자연.사회과학 / 교수직,신입+경력,비정규직,경남,,2026-07-20,https://job.alio.go.kr/recruitview.do?idx=302630,,2026-09-07 17:20:23
잡알리오,경상국립대학교병원,2026년도 하반기 전공의(레지던트 상급년차) 모집 공고,보건.의료 / 의사직,경력,정규직,경남,,2026-07-27,https://job.alio.go.kr/recruitview.do?idx=302632,,2026-09-07 17:20:25
잡알리오,근로복지공단,[동해병원] 의료직 4급(약사) 채용 공고,보건.의료 / 약무직,신입,정규직,강원,,2026-07-23,https://job.alio.go.kr/recruitview.do?idx=302633,,2026-09-07 17:20:25
잡알리오,국립공원공단,[지리산전남] 지리산국립공원전남사무소 기간제(환경관리) 직원 채용 공고,경비.청소 / 계약직,신입+경력,비정규직,전남,,2026-07-20,https://job.alio.go.kr/recruitview.do?idx=302634,,2026-09-07 17:20:26
잡알리오,국립울진해양과학관,국립울진해양과학관 2026년 제2차 직원 채용 공고,"경영.회계.사무,문화.예술.디자인.방송,건설,환경.에너지.안전 / 일반직,행정직,경영직,사무직,관리직,시설직,안전직,계약직",신입+경력,"비정규직 
										외 1",경북,,2026-07-27,https://job.alio.go.kr/recruitview.do?idx=302635,,2026-09-07 17:20:27
잡알리오,근로복지공단,[근로복지공단] 기술기능직(기술_기계) 채용 공고,"보건.의료,기계 / 기술직",신입+경력,정규직,대전,,2026-07-27,https://job.alio.go.kr/recruitview.do?idx=302636,,2026-09-07 17:20:27
잡알리오,국립중앙의료원,2026년 하반기 레지던트 상급년차 모집 공고,보건.의료 / 의사직,신입,정규직,서울,,2026-07-27,https://job.alio.go.kr/recruitview.do?idx=302637,,2026-09-07 17:20:28
잡알리오,국립공원공단,"[지리산전북] 지리산국립공원전북사무소 한시인력(수익시설, 환경관리) 채용","경비.청소,환경.에너지.안전 / 계약직",신입+경력,비정규직,전북,,2026-07-17,https://job.alio.go.kr/recruitview.do?idx=302638,,2026-09-07 17:20:29
잡알리오,한국기술교육대학교,(수정) 2026년 하반기 한국기술교육대학교 특임교수 채용 공고,"경영.회계.사무,교육.자연.사회과학 / 교원직,전문직",경력,비정규직,충남,,2026-07-24,https://job.alio.go.kr/recruitview.do?idx=302640,,2026-09-07 17:20:29
잡알리오,충북대학교병원,2026년도 충북대학교병원 하반기 전공의(레지던트) 상급년차 모집 공고,보건.의료 / 의사직,경력,정규직,충북,,2026-07-27,https://job.alio.go.kr/recruitview.do?idx=302641,,2026-09-07 17:20:30
잡알리오,한국농촌경제연구원,한국농촌경제연구원 보훈대상자(위촉연구조원) 제한경쟁 채용 공고,경영.회계.사무 / 계약직,신입+경력,비정규직,전남,,2026-07-27,https://job.alio.go.kr/recruitview.do?idx=302642,,2026-09-07 17:20:31
잡알리오,국립암센터,국립암센터 부속병원 당직전담의사 초빙공고,보건.의료 / 의사직,신입+경력,비정규직,경기,,2026-07-28,https://job.alio.go.kr/recruitview.do?idx=302643,,2026-09-07 17:20:32
잡알리오,국립암센터,국립암센터 부속병원 호흡기내과 임상스텝전문의 초빙공고,보건.의료 / 의사직,신입+경력,비정규직,경기,,2026-07-28,https://job.alio.go.kr/recruitview.do?idx=302644,,2026-09-07 17:20:32
잡알리오,한국보훈복지의료공단,"[중앙보훈병원] 2026년 하반기 체험형 청년인턴(장애예술인, 든든동행파트너) 채용 공고","경영.회계.사무,보건.의료,경비.청소 / 계약직",신입+경력,청년인턴(체험형),서울,,2026-07-23,https://job.alio.go.kr/recruitview.do?idx=302645,,2026-09-07 17:20:33
잡알리오,국립공원공단,[태안] 2026년 태안해안 한시인력[수상안전관리반(해변안전순찰요원)] 직원 채용(2차),환경.에너지.안전 / 계약직,신입+경력,비정규직,충남,,2026-07-20,https://job.alio.go.kr/recruitview.do?idx=302646,,2026-09-07 17:20:33
잡알리오,전북대학교병원,2026년도 하반기 의과전공의(레지던트 상급년차) 모집 공고,보건.의료 / 의사직,경력,정규직,전북,,2026-07-27,https://job.alio.go.kr/recruitview.do?idx=302647,,2026-09-07 17:20:34
잡알리오,주택관리공단(주),채용형 인턴 채용공고(주택관리공단 경기남부지사),"건설,기계,전기.전자,환경.에너지.안전 / 기술직",신입+경력,청년인턴(채용형),경기,,2026-07-20,https://job.alio.go.kr/recruitview.do?idx=302648,,2026-09-07 17:20:36
잡알리오,한국보훈복지의료공단,[보훈원] 비정규직(조리원) 직원 채용,사회복지.종교 / 기타(복지기능직(조리원)),신입+경력,비정규직,경기,,2026-07-23,https://job.alio.go.kr/recruitview.do?idx=302649,,2026-09-07 17:20:36
잡알리오,한국농업기술진흥원,2026년도 제1차 스마트농업전략팀 기간제 근로자(일반계약직) 채용 공고,사업관리 / 계약직,신입+경력,비정규직,전북,,2026-07-27,https://job.alio.go.kr/recruitview.do?idx=302650,,2026-09-07 17:20:37
잡알리오,한국보훈복지의료공단,[광주보훈병원] 2026년 하반기 레지던트 상급년차 모집 공고,보건.의료 / 의사직,신입+경력,정규직,광주,,2026-07-27,https://job.alio.go.kr/recruitview.do?idx=302652,,2026-09-07 17:20:38
잡알리오,한국장애인고용공단,[한국장애인고용공단 서울지역본부] 서울지역본부권(서울·강원) 기간제근로자(체험형 청년인턴) 통합채용 공고,"경영.회계.사무,교육.자연.사회과학,사회복지.종교 / 일반직,사무직,계약직,상담직,기타(교사직)",신입+경력,"비정규직 
										외 1","서울 
										외 1",,2026-07-26,https://job.alio.go.kr/recruitview.do?idx=302654,,2026-09-07 17:20:38
잡알리오,국립공원공단,[월출산] 월출산국립공원사무소 기간제(수익시설) 직원 채용 공고,"경비.청소,이용.숙박.여행.오락.스포츠,환경.에너지.안전 / 계약직",신입+경력,비정규직,전남,,2026-07-27,https://job.alio.go.kr/recruitview.do?idx=302656,,2026-09-07 17:20:39
잡알리오,한국보훈복지의료공단,[대전보훈병원] 계약직(청년인턴(장애인)) 채용 공고,보건.의료 / 기타(청년인턴),신입+경력,"비정규직 
										외 1",대전,,2026-07-28,https://job.alio.go.kr/recruitview.do?idx=302657,,2026-09-07 17:20:40
잡알리오,한국형사·법무정책연구원,한국형사·법무정책연구원 2026년도 제10차 채용공고[행정직(공무직)],경영.회계.사무 / 행정직,신입+경력,무기계약직,서울,,2026-07-27,https://job.alio.go.kr/recruitview.do?idx=302658,,2026-09-07 17:20:41
잡알리오,분당서울대학교병원,2026년도 하반기 레지던트 상급년차 모집 공고,보건.의료 / 의사직,신입+경력,정규직,경기,,2026-07-27,https://job.alio.go.kr/recruitview.do?idx=302659,,2026-09-07 17:20:42
잡알리오,국립공원공단,[한려동부] 2026년 한려해상국립공원동부사무소 한시인력(수상안전관리원) 직원 2차 채용,환경.에너지.안전 / 계약직,신입+경력,비정규직,경남,,2026-07-20,https://job.alio.go.kr/recruitview.do?idx=302660,,2026-09-07 17:20:43
잡알리오,부산대학교병원,2026년도 하반기 레지던트 상급년차 모집 공고(양산부산대학교병원),보건.의료 / 의사직,신입,정규직,경남,,2026-07-27,https://job.alio.go.kr/recruitview.do?idx=302662,,2026-09-07 17:20:43
잡알리오,한국형사·법무정책연구원,한국형사·법무정책연구원 2026년도 제11차 채용공고[위촉조사연구원(휴직대체)],연구 / 연구직,신입+경력,"무기계약직 
										외 1",서울,,2026-07-27,https://job.alio.go.kr/recruitview.do?idx=302663,,2026-09-07 17:20:44
잡알리오,한전MCS(주),한전MCS 2026년 하반기 시니어계약직 신규채용 공고,전기.전자 / 계약직,신입,비정규직,"서울 
										외 11",,2026-07-20,https://job.alio.go.kr/recruitview.do?idx=302664,,2026-09-07 17:20:44
잡알리오,한전MCS(주),한전MCS 2026년 하반기 장애인 체육선수 신규채용 공고,이용.숙박.여행.오락.스포츠 / 기타(체육선수),신입,청년인턴(체험형),전남,,2026-07-27,https://job.alio.go.kr/recruitview.do?idx=302665,,2026-09-07 17:20:46
잡알리오,부산대학교병원,2026년도 하반기 레지던트 상급년차 모집공고,보건.의료 / 의사직,신입,정규직,부산,,2026-07-27,https://job.alio.go.kr/recruitview.do?idx=302666,,2026-09-07 17:20:46
잡알리오,국립공원공단,[무등산동부] 2026년 무등산동부사무소 기간제(환경관리) 직원 채용,"경비.청소,이용.숙박.여행.오락.스포츠 / 계약직",신입+경력,비정규직,전남,,2026-07-27,https://job.alio.go.kr/recruitview.do?idx=302668,,2026-09-07 17:20:46
잡알리오,한국환경연구원,[한국환경연구원] 임시직(하수도 관리 정책) 채용 공고(0713),연구 / 연구직,신입+경력,비정규직,세종,,2026-07-28,https://job.alio.go.kr/recruitview.do?idx=302669,,2026-09-07 17:20:47
잡알리오,한국환경연구원,[한국환경연구원] 임시직(환경영향평가) 채용공고(환경평가본부 대체인력)(0713),연구 / 연구직,신입+경력,비정규직,세종,,2026-07-28,https://job.alio.go.kr/recruitview.do?idx=302670,,2026-09-07 17:20:49
잡알리오,한국보훈복지의료공단,[중앙보훈병원] 2026년도 하반기 레지던트 상급년차 모집 공고,보건.의료 / 의사직,경력,정규직,서울,,2026-07-27,https://job.alio.go.kr/recruitview.do?idx=302671,,2026-09-07 17:20:49
잡알리오,한국남동발전(주),2026년 한국남동발전(주) 체험형인턴 채용공고,"경영.회계.사무,건설,기계,화학,전기.전자,정보통신,환경.에너지.안전 / 사무직,기술직",신입,청년인턴(체험형),"인천 
										외 5",,2026-07-28,https://job.alio.go.kr/recruitview.do?idx=302672,,2026-09-07 17:20:50
잡알리오,한전KDN,한전KDN(주) 구미지사 AMI분야 일용근로자 모집공고,"전기.전자,정보통신 / 기타(일용직)",신입+경력,비정규직,경북,,2026-07-28,https://job.alio.go.kr/recruitview.do?idx=302674,,2026-09-07 17:20:50
잡알리오,한국보건사회연구원,한국보건사회연구원 계약직 채용 공고(7월 1주차_보건의료정책분야),"사업관리,연구 / 연구직",신입,비정규직,세종,,2026-07-28,https://job.alio.go.kr/recruitview.do?idx=302675,,2026-09-07 17:20:52
잡알리오,한국사회보장정보원,한국사회보장정보원 2026년도 제3차 직원 채용공고,"사업관리,경영.회계.사무,보건.의료,사회복지.종교,정보통신,연구 / 일반직,행정직,연구직,전산직,공무직,계약직,상담직",신입+경력,"무기계약직 
										외 3",서울,,2026-07-30,https://job.alio.go.kr/recruitview.do?idx=302676,,2026-09-07 17:20:53
잡알리오,(주)한국가스기술공사,제주LNG지사 기간제 계약직(육아휴직 대체인력) 채용 공고,"건설,전기.전자,환경.에너지.안전 / 기술직,계약직",신입,비정규직,제주,,2026-07-28,https://job.alio.go.kr/recruitview.do?idx=302677,,2026-09-07 17:20:54
잡알리오,한국한의학연구원,2026년 5차 육아휴직 대체인력(계약직) 공개채용 공고,"사업관리,경영.회계.사무 / 행정직,연구직",신입+경력,비정규직,대전,,2026-07-24,https://job.alio.go.kr/recruitview.do?idx=302678,,2026-09-07 17:20:55
잡알리오,충남대학교병원,[대전] 소아청소년과(소아응급전담전) 계약직 의사 공개채용 모집공고,보건.의료 / 의사직,신입+경력,비정규직,대전,,2026-07-28,https://job.alio.go.kr/recruitview.do?idx=302679,,2026-09-07 17:20:56
잡알리오,한전KDN,2026년도 한전KDN(주) 순천지사 AMI분야 비정규직 모집공고,정보통신 / 기타(일용직),신입+경력,비정규직,전남,,2026-07-30,https://job.alio.go.kr/recruitview.do?idx=302681,,2026-09-07 17:20:57
잡알리오,한국환경보전원,2026년 환경교육지원처 기간제(교육행정) 직원 채용 공고,"환경.에너지.안전 / 행정직,기타(교육행정)",신입+경력,비정규직,서울,,2026-07-20,https://job.alio.go.kr/recruitview.do?idx=302680,,2026-09-07 17:20:57
잡알리오,학교법인한국폴리텍,2026년 한국폴리텍대학 청주캠퍼스 초빙교원 채용 공고,교육.자연.사회과학 / 교수직,신입+경력,비정규직,충북,,2026-07-21,https://job.alio.go.kr/recruitview.do?idx=302682,,2026-09-07 17:20:58
잡알리오,KDI국제정책대학원,[KDI국제정책대학원] 2026년 제8차 위촉직 채용(교육행정/기계설비),"교육.자연.사회과학,기계 / 행정직,계약직",신입+경력,비정규직,세종,,2026-07-29,https://job.alio.go.kr/recruitview.do?idx=302684,,2026-09-07 17:20:59
잡알리오,국립공원공단,[보전원]국립공원야생생물보전원 기간제(한시인력_자원보전) 직원 채용 공고,환경.에너지.안전 / 계약직,신입+경력,비정규직,전북,,2026-07-20,https://job.alio.go.kr/recruitview.do?idx=302685,,2026-09-07 17:21:00
잡알리오,국립생태원,2026년 제4차 국립생태원 기간제근로자(수탁과제) 채용 2차 재공고,"환경.에너지.안전 / 행정직,전산직,계약직",신입+경력,비정규직,충남,,2026-07-27,https://job.alio.go.kr/recruitview.do?idx=302686,,2026-09-07 17:21:01
잡알리오,한국의료분쟁조정중재원,[공고] 한국의료분쟁조정중재원 상임감정위원(비전일) 공개 모집 공고,"법률.경찰.소방.교도.국방,보건.의료 / 일반직,의사직,보건직,전문직",경력,정규직,서울,,2026-08-04,https://job.alio.go.kr/recruitview.do?idx=302687,,2026-09-07 17:21:01
잡알리오,대한무역투자진흥공사,Invest KOREA 대표 채용 공고,"사업관리,경영.회계.사무 / 별정직,계약직",경력,무기계약직,서울,,2026-07-29,https://job.alio.go.kr/recruitview.do?idx=302688,,2026-09-07 17:21:03
잡알리오,대한적십자사,[경기혈액원] 비정규직(육아휴직 대체) 임상병리사 채용 공고,보건.의료 / 보건직,신입,비정규직,경기,,2026-07-31,https://job.alio.go.kr/recruitview.do?idx=302689,,2026-09-07 17:21:03
잡알리오,대한적십자사,[경기혈액원] 비정규직 초단시간 임상병리사 채용 공고,보건.의료 / 보건직,신입,비정규직,경기,,2026-07-31,https://job.alio.go.kr/recruitview.do?idx=302690,,2026-09-07 17:21:04
잡알리오,충남대학교병원,2026년도 하반기 레지던트 상급(2~4)년차 공개채용,보건.의료 / 의사직,경력,정규직,대전,,2026-07-27,https://job.alio.go.kr/recruitview.do?idx=302691,,2026-09-07 17:21:05
잡알리오,충남대학교병원,[세종] 2026년 하반기 레지던트 상급년차 모집공고,보건.의료 / 의사직,경력,정규직,세종,,2026-07-27,https://job.alio.go.kr/recruitview.do?idx=302693,,2026-09-07 17:21:05
잡알리오,서울올림픽기념국민체육진흥공단,2026년 서울올림픽기념국민체육진흥공단 채용형 청년인턴(7급 전환형) 채용공고,"사업관리,경영.회계.사무,건설,기계,전기.전자,정보통신 / 계약직",신입+경력,청년인턴(채용형),"서울 
										외 1",,2026-07-28,https://job.alio.go.kr/recruitview.do?idx=302694,,2026-09-07 17:21:06
잡알리오,한국수자원공사,[한국수자원공사] 2026년 사회형평적 인재(장애인) 단기계약근로자 채용 공고,"경영.회계.사무,경비.청소 / 계약직",신입+경력,비정규직,대전,,2026-07-28,https://job.alio.go.kr/recruitview.do?idx=302695,,2026-09-07 17:21:07
잡알리오,학교법인한국폴리텍,2026년 한국폴리텍대학 포항캠퍼스 산학협력중점교수 채용 공고,교육.자연.사회과학 / 기타(산학협력중점교수),경력,비정규직,경북,,2026-07-24,https://job.alio.go.kr/recruitview.do?idx=302696,,2026-09-07 17:21:08
잡알리오,학교법인한국폴리텍,2026년 한국폴리텍대학 동부산캠퍼스 초빙교원 채용 공고,교육.자연.사회과학 / 교원직,신입+경력,비정규직,부산,,2026-07-23,https://job.alio.go.kr/recruitview.do?idx=302697,,2026-09-07 17:21:08
잡알리오,서울올림픽기념국민체육진흥공단,2026년 서울올림픽기념국민체육진흥공단 채용형 청년인턴(8급 전환형) 채용공고,"사업관리,경영.회계.사무,음식서비스,정보통신 / 계약직",신입+경력,청년인턴(채용형),"서울 
										외 1",,2026-07-28,https://job.alio.go.kr/recruitview.do?idx=302698,,2026-09-07 17:21:09
잡알리오,한국기술교육대학교,한국기술교육대학교 Edutech센터 대우교수(연구중점) 채용 공고,교육.자연.사회과학 / 교수직,경력,비정규직,충남,,2026-07-29,https://job.alio.go.kr/recruitview.do?idx=302699,,2026-09-07 17:21:10
잡알리오,한국전력기술주식회사,2026년도 3분기 비정규직(결원보충 대체인력) 채용공고,"사업관리,경영.회계.사무,건설,기계,전기.전자,환경.에너지.안전 / 계약직",신입,비정규직,경북,,2026-07-29,https://job.alio.go.kr/recruitview.do?idx=302700,,2026-09-07 17:21:12
잡알리오,한국수력원자력(주),2026년도 엘다바건설소 기간제근로자(러시아어 통·번역사) 채용,경영.회계.사무 / 계약직,신입+경력,비정규직,해외,,2026-07-30,https://job.alio.go.kr/recruitview.do?idx=302701,,2026-09-07 17:21:12
잡알리오,한전KDN,한전KDN(주) 충북사업처 AMI분야 비정규직 모집공고,정보통신 / 기타(일용직),신입+경력,비정규직,충북,,2026-07-31,https://job.alio.go.kr/recruitview.do?idx=302702,,2026-09-07 17:21:13
잡알리오,주택관리공단(주),채용형 인턴 채용공고(주택관리공단 강원지사),"건설,기계,전기.전자,환경.에너지.안전 / 기술직",신입+경력,청년인턴(채용형),강원,,2026-07-21,https://job.alio.go.kr/recruitview.do?idx=302704,,2026-09-07 17:21:14
잡알리오,한국보훈복지의료공단,[전주보훈요양원] 2026년 제2차 요양보호직 채용 공고,사회복지.종교 / 기타(요양보호직),신입,정규직,전북,,2026-07-29,https://job.alio.go.kr/recruitview.do?idx=302705,,2026-09-07 17:21:14
잡알리오,근로복지공단,[태백병원] 의료직 4급(약사) 채용 공고,보건.의료 / 약무직,신입,정규직,강원,,2026-07-24,https://job.alio.go.kr/recruitview.do?idx=302706,,2026-09-07 17:21:17
잡알리오,한국원자력의학원,2026년도 전임의사 초빙 재공고(외과),보건.의료 / 별정직,신입+경력,비정규직,서울,,2026-07-29,https://job.alio.go.kr/recruitview.do?idx=302707,,2026-09-07 17:21:17
잡알리오,대한적십자사,[본사] 2026 대한적십자사 국제남북사업본부 비정규직(기간제) 채용공고,"사업관리,경영.회계.사무 / 계약직",신입,비정규직,서울,,2026-07-29,https://job.alio.go.kr/recruitview.do?idx=302708,,2026-09-07 17:21:19
잡알리오,학교법인한국폴리텍,한국폴리텍대학 남대구캠퍼스 업무직(대학운영직_조리원) 채용 공고,음식서비스 / 운영직,신입+경력,무기계약직,대구,,2026-07-24,https://job.alio.go.kr/recruitview.do?idx=302709,,2026-09-07 17:21:20
잡알리오,한국해양조사협회,한국해양조사협회 2026년 제3차 직원 공개 채용 공고(계약직),"경영.회계.사무,교육.자연.사회과학 / 일반직",신입+경력,비정규직,서울,,2026-07-29,https://job.alio.go.kr/recruitview.do?idx=302711,,2026-09-07 17:21:20
잡알리오,한국보건의료인국가시험원,2026년도 제3차 한국보건의료인국가시험원 신규직원 채용 공고,경영.회계.사무 / 일반직,신입,정규직,서울,,2026-07-30,https://job.alio.go.kr/recruitview.do?idx=302712,,2026-09-07 17:21:21
잡알리오,한국해양조사협회,한국해양조사협회 2026년 제3차 직원 공개 채용 공고(체험형 청년인턴),경영.회계.사무 / 일반직,신입,청년인턴(체험형),서울,,2026-07-29,https://job.alio.go.kr/recruitview.do?idx=302713,,2026-09-07 17:21:21
잡알리오,한국보훈복지의료공단,[광주보훈병원] 계약직 약무직(약사) - 휴직대체 직원 채용 공고,보건.의료 / 약무직,신입+경력,비정규직,광주,,2026-07-24,https://job.alio.go.kr/recruitview.do?idx=302714,,2026-09-07 17:21:22
잡알리오,국립공원공단,2026년 오대산사무소 기간제(한시인력) [환경관리] 직원 채용(2차),"경비.청소,환경.에너지.안전 / 계약직",신입+경력,비정규직,강원,,2026-07-27,https://job.alio.go.kr/recruitview.do?idx=302715,,2026-09-07 17:21:23
잡알리오,한국보훈복지의료공단,"[인천보훈병원] 2026년 제5차 의사직[일반내과, 내과(호흡기내과), 내과(순환기내과), 신경외과] 공개채용",보건.의료 / 의사직,신입+경력,비정규직,인천,,2026-07-28,https://job.alio.go.kr/recruitview.do?idx=302716,,2026-09-07 17:21:24
잡알리오,학교법인한국폴리텍,한국폴리텍대학 대구캠퍼스 하반기 단시간근로자(식당업무보조) 채용공고,"음식서비스 / 계약직,기타",신입+경력,비정규직,대구,,2026-07-27,https://job.alio.go.kr/recruitview.do?idx=302717,,2026-09-07 17:21:24
잡알리오,서울대학교병원,2026년도 서울대학교병원 약무직 블라인드 신규 직원 채용 공고 (장애인 특별우대),보건.의료 / 약무직,신입,정규직,서울,,2026-07-28,https://job.alio.go.kr/recruitview.do?idx=302718,,2026-09-07 17:21:25
잡알리오,국립공원공단,[소백산북부] 2026년 한시인력(환경관리) 채용 공고,경비.청소 / 계약직,신입+경력,비정규직,충북,,2026-07-20,https://job.alio.go.kr/recruitview.do?idx=302719,,2026-09-07 17:21:26
잡알리오,서울올림픽기념국민체육진흥공단,장애인 태권도 선수의 경기력 향상을 위한 종목 특이적 훈련프로그램 개발 및 효과 검증 초빙연구원(가급) 채용 공고,연구 / 계약직,신입+경력,비정규직,서울,,2026-08-07,https://job.alio.go.kr/recruitview.do?idx=302720,,2026-09-07 17:21:27
잡알리오,학교법인한국폴리텍,2026년도 하반기 한국폴리텍대학 영남융합기술캠퍼스 초빙교원 공개채용,"기계,전기.전자 / 교수직",경력,비정규직,대구,,2026-07-24,https://job.alio.go.kr/recruitview.do?idx=302721,,2026-09-07 17:21:28
잡알리오,한국수목원정원관리원,국립백두대간수목원 2026년 제5차 기간제근로자 채용 공고,농림어업 / 계약직,신입+경력,비정규직,경북,,2026-07-28,https://job.alio.go.kr/recruitview.do?idx=302722,,2026-09-07 17:21:29
잡알리오,한국보훈복지의료공단,(수정) [대전보훈요양원] 2026년 정규직 간호사(사회복지직) 채용 공고,"사회복지.종교 / 간호직,보건직",경력,정규직,대전,,2026-07-28,https://job.alio.go.kr/recruitview.do?idx=302723,,2026-09-07 17:21:30
잡알리오,한국수목원정원관리원,국립백두대간수목원 2026년 제6차 기간제근로자 채용(제한경쟁) 공고,교육.자연.사회과학 / 계약직,신입,비정규직,경북,,2026-07-28,https://job.alio.go.kr/recruitview.do?idx=302724,,2026-09-07 17:21:31
잡알리오,한국보훈복지의료공단,[대전보훈요양원] 정규직 요양보호사 채용 공고,사회복지.종교 / 기타(요양보호직),신입,정규직,대전,,2026-07-28,https://job.alio.go.kr/recruitview.do?idx=302725,,2026-09-07 17:21:31
잡알리오,학교법인한국폴리텍,한국폴리텍대학 대전캠퍼스 업무직(대학운영직_조리원) 채용 공고,음식서비스 / 운영직,신입+경력,무기계약직,대전,,2026-07-24,https://job.alio.go.kr/recruitview.do?idx=302726,,2026-09-07 17:21:32
잡알리오,학교법인한국폴리텍,한국폴리텍대학 대전캠퍼스 비정규직(업무지원직_식당업무보조) 채용 공고,음식서비스 / 기타(식당업무보조),신입+경력,비정규직,대전,,2026-07-24,https://job.alio.go.kr/recruitview.do?idx=302727,,2026-09-07 17:21:33
잡알리오,경북대학교병원,"칠곡경북대학교병원 2026년 7월 1차 임시직원 채용공고(간호사, 업무보조, 약사)",보건.의료 / 계약직,신입+경력,비정규직,대구,,2026-07-20,https://job.alio.go.kr/recruitview.do?idx=302728,,2026-09-07 17:21:33
잡알리오,경북대학교병원,"칠곡경북대학교병원 2026년 7월 2차 임시직원 채용공고(행정, 임상병리사, 간호사)",보건.의료 / 계약직,신입+경력,비정규직,대구,,2026-07-20,https://job.alio.go.kr/recruitview.do?idx=302729,,2026-09-07 17:21:34
잡알리오,학교법인한국폴리텍,"한국폴리텍대학 춘천캠퍼스 청년인턴(장애, 일반) 채용 공고",경영.회계.사무 / 계약직,신입+경력,청년인턴(체험형),강원,,2026-07-24,https://job.alio.go.kr/recruitview.do?idx=302730,,2026-09-07 17:21:35
잡알리오,한국수자원공사,[한국수자원공사] 거제권지사 단기계약근로자(수돗물 안심서비스 운영관리) 채용 공고(장애인제한채용),"경영.회계.사무,환경.에너지.안전 / 계약직",신입+경력,비정규직,경남,,2026-07-29,https://job.alio.go.kr/recruitview.do?idx=302731,,2026-09-07 17:21:35
잡알리오,국립농업박물관,국립농업박물관 2026년 제4차 직원 채용,"사업관리,문화.예술.디자인.방송,전기.전자 / 사무직,운영직,계약직",신입+경력,"무기계약직 
										외 1",경기,,2026-07-28,https://job.alio.go.kr/recruitview.do?idx=302732,,2026-09-07 17:21:37
잡알리오,국립농업박물관,국립농업박물관 2026년 하반기 청년인턴 채용,"경영.회계.사무,문화.예술.디자인.방송 / 행정직,사무직,계약직,기타(학예직)",신입,청년인턴(체험형),경기,,2026-07-28,https://job.alio.go.kr/recruitview.do?idx=302733,,2026-09-07 17:21:37
잡알리오,한국여성과학기술인육성재단,"2026년도 제4차 하반기 체험형 청년인턴(일반,보훈제한경쟁) 채용 공고","사업관리,경영.회계.사무 / 행정직",신입,청년인턴(체험형),서울,,2026-07-30,https://job.alio.go.kr/recruitview.do?idx=302734,,2026-09-07 17:21:38
잡알리오,한국문화예술교육진흥원,한국문화예술교육진흥원 직원 채용 공고(26-3차),"사업관리,경영.회계.사무,교육.자연.사회과학,문화.예술.디자인.방송 / 행정직,계약직",신입,"무기계약직 
										외 1",서울,,2026-07-29,https://job.alio.go.kr/recruitview.do?idx=302735,,2026-09-07 17:21:39
잡알리오,근로복지공단,[서울남부지사] 기간제(보험가입조사원-휴직대체) 채용공고,경영.회계.사무 / 사무직,신입,비정규직,서울,,2026-07-22,https://job.alio.go.kr/recruitview.do?idx=302736,,2026-09-07 17:21:40
잡알리오,경북대학교병원,칠곡경북대학교병원 2026년도 하반기 레지던트 상급년차 모집공고,보건.의료 / 의사직,신입,정규직,대구,,2026-07-27,https://job.alio.go.kr/recruitview.do?idx=302737,,2026-09-07 17:21:40
잡알리오,부산대학교치과병원,2026년도 후반기 치과의사 전공의(레지던트) 모집공고,보건.의료 / 의사직,신입,정규직,경남,,2026-07-29,https://job.alio.go.kr/recruitview.do?idx=302738,,2026-09-07 17:21:41
잡알리오,한국식품안전관리인증원,2026년 제10차 계약직직원 채용,경영.회계.사무 / 계약직,신입+경력,비정규직,충북,,2026-07-30,https://job.alio.go.kr/recruitview.do?idx=302739,,2026-09-07 17:21:42
잡알리오,학교법인한국폴리텍,2026년 학교법인 한국폴리텍 전문직 채용 공고,사업관리 / 전문직,경력,비정규직,인천,,2026-07-26,https://job.alio.go.kr/recruitview.do?idx=302740,,2026-09-07 17:21:42
잡알리오,한국도로공사,2026년 한국도로공사 실무직(도로관리원) 채용 공고 [일반전형],경비.청소 / 기타(도로관리원),신입,무기계약직,"경기 
										외 5",,2026-07-29,https://job.alio.go.kr/recruitview.do?idx=302741,,2026-09-07 17:21:44
잡알리오,한국도로공사,2026년 한국도로공사 실무직(상황관리원) 채용 공고 [일반전형],환경.에너지.안전 / 기타(상황관리원),신입,무기계약직,"경기 
										외 1",,2026-07-29,https://job.alio.go.kr/recruitview.do?idx=302742,,2026-09-07 17:21:44
잡알리오,한국도로공사,2026년 한국도로공사 순찰직(안전순찰원) 채용 공고 [취업지원대상자 보훈전형],운전.운송 / 기타(안전순찰원),신입,무기계약직,"인천 
										외 6",,2026-07-29,https://job.alio.go.kr/recruitview.do?idx=302743,,2026-09-07 17:21:45
잡알리오,한국항공우주연구원,한국항공우주연구원 2026년도 하반기 박사후연구원 채용공고,연구 / 연구직,신입+경력,비정규직,대전,,2026-07-29,https://job.alio.go.kr/recruitview.do?idx=302744,,2026-09-07 17:21:46
잡알리오,국립공원공단,[지리산생태탐방원] 2026년 지리산생태탐방원 국립공원지킴이 추가모집(4차) 공고,경비.청소 / 계약직,신입+경력,비정규직,전남,,2026-07-20,https://job.alio.go.kr/recruitview.do?idx=302745,,2026-09-07 17:21:47
잡알리오,기초과학연구원,2026-8회 생명과학 연구클러스터 연구직 채용 공고,연구 / 연구직,신입+경력,비정규직,대전,,2026-07-30,https://job.alio.go.kr/recruitview.do?idx=302746,,2026-09-07 17:21:47
잡알리오,한국항공우주연구원,(수정) 한국항공우주연구원 2026년도 청년인턴(보훈제한경쟁) 채용공고,경영.회계.사무 / 기타((인턴)),신입+경력,비정규직,대전,,2026-07-28,https://job.alio.go.kr/recruitview.do?idx=302748,,2026-09-07 17:21:48
잡알리오,학교법인한국폴리텍,한국폴리텍대학 광주캠퍼스 초빙교원 채용,교육.자연.사회과학 / 교수직,경력,비정규직,광주,,2026-07-23,https://job.alio.go.kr/recruitview.do?idx=302749,,2026-09-07 17:21:49
잡알리오,한국수자원공사,[한국수자원공사] 전남서남권지사 단기계약근로자(기술관리_설비운영(배출수처리시설)) 채용 공고,"기계,전기.전자,정보통신,환경.에너지.안전 / 계약직",신입+경력,비정규직,전남,,2026-07-29,https://job.alio.go.kr/recruitview.do?idx=302750,,2026-09-07 17:21:50
잡알리오,재단법인 장애인기업종합지원센터,2026년 제5차 장애인기업종합지원센터 직원채용 공고[정규직 인력 채용],경영.회계.사무 / 일반직,신입,정규직,서울,,2026-08-10,https://job.alio.go.kr/recruitview.do?idx=302751,,2026-09-07 17:21:50
잡알리오,한국도로공사,한국도로공사 광주지사 기간제근로자(도로관리원) 채용공고,경비.청소 / 기타(도로관리원),신입+경력,비정규직,광주,,2026-07-22,https://job.alio.go.kr/recruitview.do?idx=302752,,2026-09-07 17:21:51
잡알리오,한국도로공사,한국도로공사 합천창녕건설사업단 기간제근로자(사무원) 채용공고,경영.회계.사무 / 기타(사무원),신입+경력,비정규직,경남,,2026-07-22,https://job.alio.go.kr/recruitview.do?idx=302753,,2026-09-07 17:21:51
잡알리오,한국환경연구원,[한국환경연구원] 2026년 제10차 인턴직(장애인 제한경쟁) 채용공고,경영.회계.사무 / 행정직,신입+경력,청년인턴(체험형),세종,,2026-07-30,https://job.alio.go.kr/recruitview.do?idx=302754,,2026-09-07 17:21:52
잡알리오,한국도로공사,한국도로공사 창녕지사 기간제근로자(안전순찰원) 채용공고,운전.운송 / 기타(안전순찰원),신입+경력,비정규직,경남,,2026-07-22,https://job.alio.go.kr/recruitview.do?idx=302755,,2026-09-07 17:21:53
잡알리오,한국도로공사,한국도로공사 서울산지사 기간제근로자(안전순찰원) 채용공고,운전.운송 / 기타(안전순찰원),신입+경력,비정규직,울산,,2026-07-22,https://job.alio.go.kr/recruitview.do?idx=302756,,2026-09-07 17:21:54
잡알리오,한국지능정보사회진흥원,"2026년 한국지능정보사회진흥원 4차 계약직[무기계약직(상담직, 중계직), 휴직대체계약직(상담직)] 채용공고","보건.의료,사회복지.종교,정보통신 / 계약직,상담직",신입+경력,"무기계약직 
										외 1","대구 
										외 5",,2026-07-30,https://job.alio.go.kr/recruitview.do?idx=302757,,2026-09-07 17:21:55
잡알리오,한전KPS(주),한전KPS(주) 신보령사업소 '26년도 경상정비공사 계약보조 단기노무원 모집,"경영.회계.사무,건설 / 행정직",신입+경력,비정규직,충남,,2026-07-20,https://job.alio.go.kr/recruitview.do?idx=302761,,2026-09-07 17:21:56
잡알리오,한국도로공사,한국도로공사 밀양지사 기간제근로자(안전순찰원) 채용공고,운전.운송 / 기타(안전순찰원),신입+경력,비정규직,경남,,2026-07-22,https://job.alio.go.kr/recruitview.do?idx=302760,,2026-09-07 17:21:56
잡알리오,근로복지공단,[강원지역본부] 공무직(보험가입조사원) 및 [강릉지사] 공무직(사무원) 채용 공고,경영.회계.사무 / 사무직,신입,무기계약직,강원,,2026-07-22,https://job.alio.go.kr/recruitview.do?idx=302762,,2026-09-07 17:21:58
잡알리오,경상국립대학교병원,[창원경상국립대학교병원] 2026년도 하반기 전공의(레지던트 상급년차) 모집 공고,보건.의료 / 의사직,경력,정규직,경남,,2026-07-27,https://job.alio.go.kr/recruitview.do?idx=302763,,2026-09-07 17:21:58
잡알리오,한국기술교육대학교,한국기술교육대학교 HRD학과 겸임교수 채용 공고,교육.자연.사회과학 / 교수직,경력,비정규직,충남,,2026-07-29,https://job.alio.go.kr/recruitview.do?idx=302764,,2026-09-07 17:21:59
잡알리오,노사발전재단,[노사발전재단] 2026-04호 대체직원 (전직지원컨설팅) 채용공고,"사업관리,경영.회계.사무,사회복지.종교 / 일반직,행정직,사무직,상담직",신입+경력,비정규직,전북,,2026-07-29,https://job.alio.go.kr/recruitview.do?idx=302767,,2026-09-07 17:22:00
잡알리오,한국토지주택공사,한국토지주택공사 경남지역본부 기간제근로자(전세사기 피해자지원 업무보조 외) 채용공고(2026년3회차),"경영.회계.사무,사회복지.종교,영업판매,건설,전기.전자 / 계약직",신입+경력,비정규직,경남,,2026-07-30,https://job.alio.go.kr/recruitview.do?idx=302768,,2026-09-07 17:22:00
잡알리오,동남권원자력의학원,[직원채용] 별정직 일반업무직(안전관리팀(보안)/육아휴직대체) 공개 채용,보건.의료 / 기타(일반업무직),신입+경력,비정규직,부산,,2026-07-29,https://job.alio.go.kr/recruitview.do?idx=302769,,2026-09-07 17:22:01
잡알리오,경북대학교병원,2026년 의료요원(진료교수) 24차 초빙(긴급) 공고,보건.의료 / 의사직,신입,정규직,대구,,2026-07-22,https://job.alio.go.kr/recruitview.do?idx=302770,,2026-09-07 17:22:02
잡알리오,정보통신기획평가원,2026년 정보통신기획평가원 직원채용(전문직) 공고,"사업관리,전기.전자,정보통신 / 일반직",신입+경력,무기계약직,대전,,2026-08-07,https://job.alio.go.kr/recruitview.do?idx=302772,,2026-09-07 17:22:03
잡알리오,동남권원자력의학원,[직원채용] (신규) 무기계약직 일반업무직(병동·외래특수) 공개 채용,보건.의료 / 기타(일반업무직),신입+경력,무기계약직,부산,,2026-07-29,https://job.alio.go.kr/recruitview.do?idx=302771,,2026-09-07 17:22:03
잡알리오,한국보건사회연구원,한국보건사회연구원 계약직 채용 공고(사회서비스분야),"사업관리,연구 / 연구직",신입,비정규직,세종,,2026-07-30,https://job.alio.go.kr/recruitview.do?idx=302773,,2026-09-07 17:22:04
잡알리오,학교법인한국폴리텍,한국폴리텍대학 인천캠퍼스 초빙교원 채용 공고,교육.자연.사회과학 / 교원직,신입+경력,정규직,인천,,2026-07-21,https://job.alio.go.kr/recruitview.do?idx=302774,,2026-09-07 17:22:04
잡알리오,학교법인한국폴리텍,2026년도 하반기 한국폴리텍대학 영주캠퍼스 초빙교원 공개채용 공고,교육.자연.사회과학 / 교수직,신입+경력,비정규직,경북,,2026-07-24,https://job.alio.go.kr/recruitview.do?idx=302775,,2026-09-07 17:22:06
잡알리오,한국의약품안전관리원,"한국의약품안전관리원 2026년 2차 직원 채용 공고 (정규직, 전문계약직, 일반계약직, 일반계약직(육아휴직 대체), 청년인턴(장애인), 청년인턴(체험형) 채용)","사업관리,경영.회계.사무,교육.자연.사회과학,보건.의료,사회복지.종교,전기.전자,정보통신 / 일반직,행정직,경영직,사무직,관리직,전산직,의사직,간호직,약무직,보건직,계약직,전문직,상담직",신입+경력,"비정규직 
										외 2",경기,,2026-07-29,https://job.alio.go.kr/recruitview.do?idx=302778,,2026-09-07 17:22:07
잡알리오,학교법인한국폴리텍,2026년도 한국폴리텍대학 전력기술교육원 하반기 초빙교원 채용 공고,교육.자연.사회과학 / 교수직,경력,비정규직,전남,,2026-07-23,https://job.alio.go.kr/recruitview.do?idx=302779,,2026-09-07 17:22:07
잡알리오,한전KDN,한전KDN(주) 부산본부 AMI 단순정비 작업원 모집공고(7월),정보통신 / 기타(일용직),신입+경력,비정규직,부산,,2026-07-30,https://job.alio.go.kr/recruitview.do?idx=302780,,2026-09-07 17:22:08
잡알리오,학교법인한국폴리텍,한국폴리텍 다솜고등학교 업무직(대학운영직_조리원)채용 공고(5차),음식서비스 / 운영직,신입+경력,무기계약직,충북,,2026-07-26,https://job.alio.go.kr/recruitview.do?idx=302781,,2026-09-07 17:22:08
잡알리오,한전KPS(주),한전KPS(주) 영흥사업처 5호기 계획예방정비공사 단기노무원 모집(기계3팀),"건설,기계 / 계약직",신입+경력,비정규직,인천,,2026-07-21,https://job.alio.go.kr/recruitview.do?idx=302782,,2026-09-07 17:22:10
잡알리오,주택관리공단(주),채용형 인턴 채용공고(주택관리공단 경기북부지사)(보훈채용),"건설,기계,전기.전자,환경.에너지.안전 / 기술직",신입+경력,청년인턴(채용형),경기,,2026-07-30,https://job.alio.go.kr/recruitview.do?idx=302783,,2026-09-07 17:22:10
잡알리오,산업연구원,2026년 제11차 위촉직원 채용공고,"경영.회계.사무,연구 / 연구직,전문직",신입+경력,비정규직,세종,,2026-07-31,https://job.alio.go.kr/recruitview.do?idx=302784,,2026-09-07 17:22:11
잡알리오,한국청소년정책연구원,[채용공고 2026-10호] 수탁과제 계약직원 채용 공고,연구 / 연구직,신입,비정규직,세종,,2026-07-31,https://job.alio.go.kr/recruitview.do?idx=302786,,2026-09-07 17:22:12
잡알리오,한국환경보전원,한강수변생태관리단 기간제(매수토지 운영·관리 등) 직원 채용공고,"환경.에너지.안전 / 행정직,기타(매수토지 운영관리)",신입+경력,비정규직,경기,,2026-07-22,https://job.alio.go.kr/recruitview.do?idx=302785,,2026-09-07 17:22:12
잡알리오,충남대학교병원,2026년 하반기 신규의료진(임상교수요원) 공개채용 모집공고,보건.의료 / 의사직,신입+경력,정규직,"대전 
										외 1",,2026-07-30,https://job.alio.go.kr/recruitview.do?idx=302787,,2026-09-07 17:22:14
잡알리오,충남대학교병원,2026년 하반기 신규의료진(진료교수) 공개채용 모집공고,보건.의료 / 의사직,신입+경력,비정규직,대전,,2026-07-30,https://job.alio.go.kr/recruitview.do?idx=302788,,2026-09-07 17:22:15
잡알리오,강원대학교치과병원,정규직(임상병리사) 모집 공고,보건.의료 / 보건직,신입+경력,정규직,강원,,2026-07-27,https://job.alio.go.kr/recruitview.do?idx=302790,,2026-09-07 17:22:16
잡알리오,충남대학교병원,2026년 하반기 신규의료진(전임의사) 공개채용 모집공고,보건.의료 / 의사직,신입+경력,정규직,"대전 
										외 1",,2026-07-30,https://job.alio.go.kr/recruitview.do?idx=302789,,2026-09-07 17:22:16
잡알리오,학교법인한국폴리텍,한국폴리텍대학 서울정수캠퍼스 학사지원직(무기계약) 직원 채용 공고,경영.회계.사무 / 기타(학사지원직),신입+경력,무기계약직,서울,,2026-07-24,https://job.alio.go.kr/recruitview.do?idx=302791,,2026-09-07 17:22:17
잡알리오,한국콘텐츠진흥원,2026년 3분기 한국콘텐츠진흥원 공무직(보안) 채용 공고,경비.청소 / 공무직,신입,무기계약직,전남,,2026-07-30,https://job.alio.go.kr/recruitview.do?idx=302792,,2026-09-07 17:22:18
잡알리오,학교법인한국폴리텍,한국폴리텍대학 강릉캠퍼스 2026년도 하반기 2년제학위과정 시간강사 공개채용,"경영.회계.사무,교육.자연.사회과학 / 기타(시간강사)",신입+경력,비정규직,강원,,2026-07-22,https://job.alio.go.kr/recruitview.do?idx=302793,,2026-09-07 17:22:18
잡알리오,학교법인한국폴리텍,한국폴리텍대학 서울정수캠퍼스 체험형 청년인턴(일반) 채용 공고,경영.회계.사무 / 행정직,신입+경력,청년인턴(체험형),서울,,2026-07-24,https://job.alio.go.kr/recruitview.do?idx=302794,,2026-09-07 17:22:19
잡알리오,국립공원공단,[북한산생태탐방원] 2026년 북한산생태탐방원 기간제[한시인력_사무행정_제한경쟁(장애인)] 직원채용 재공고,경영.회계.사무 / 계약직,신입+경력,비정규직,서울,,2026-07-24,https://job.alio.go.kr/recruitview.do?idx=302795,,2026-09-07 17:22:20
잡알리오,한전KPS(주),한전KPS(주) 청주시운전부 정비보조 단기노무원 채용,"기계,전기.전자 / 계약직",신입+경력,비정규직,충북,,2026-07-21,https://job.alio.go.kr/recruitview.do?idx=302796,,2026-09-07 17:22:20
잡알리오,식품안전정보원,식품안전정보원 2026년 제2차 기간제 직원 채용,"사업관리,경영.회계.사무,정보통신,식품가공,연구 / 행정직,사무직,계약직,상담직",신입+경력,비정규직,서울,,2026-07-31,https://job.alio.go.kr/recruitview.do?idx=302797,,2026-09-07 17:22:21
잡알리오,건축공간연구원,건축공간연구원 위촉직 모집,연구 / 연구직,신입+경력,비정규직,세종,,2026-07-31,https://job.alio.go.kr/recruitview.do?idx=302812,,2026-09-07 17:22:22
잡알리오,제주대학교병원,"제주대학교병원 단기간 계약직(원무, 중앙물류이송) 모집공고",보건.의료 / 계약직,신입+경력,비정규직,제주,,2026-07-23,https://job.alio.go.kr/recruitview.do?idx=302815,,2026-09-07 17:22:22
잡알리오,학교법인한국폴리텍,한국폴리텍대학 반도체융합캠퍼스 업무직(대학운영직_조리원) 채용 공고,음식서비스 / 운영직,신입+경력,무기계약직,경기,,2026-07-26,https://job.alio.go.kr/recruitview.do?idx=302816,,2026-09-07 17:22:23
잡알리오,한전KPS(주),한전KPS(주) 부산사업소 '26년 3차 단기노무원 모집,"경영.회계.사무,기계,전기.전자,환경.에너지.안전 / 계약직",신입+경력,비정규직,부산,,2026-07-21,https://job.alio.go.kr/recruitview.do?idx=302817,,2026-09-07 17:22:24
잡알리오,학교법인한국폴리텍,한국폴리텍대학 반도체융합캠퍼스 업무직(대학운영직_전기원) 채용 공고(2차),전기.전자 / 운영직,경력,무기계약직,경기,,2026-07-26,https://job.alio.go.kr/recruitview.do?idx=302818,,2026-09-07 17:22:25
잡알리오,국립중앙의료원,2026년도 9월 전임의 모집 공고,보건.의료 / 의사직,신입,정규직,서울,,2026-07-30,https://job.alio.go.kr/recruitview.do?idx=302819,,2026-09-07 17:22:26
잡알리오,경북대학교병원,"2026년 7월 제2차 임시직원 모집 공고(간호, 원무지원, 임상병리사, 방사선사)","보건.의료 / 간호직,기타(원무지원, 의료기술)",신입,비정규직,대구,,2026-07-21,https://job.alio.go.kr/recruitview.do?idx=302820,,2026-09-07 17:22:26
잡알리오,한국장애인개발원,[제2026-81호] 2026년도 경영지원부 재무회계팀 사회형평적(청년인턴) 채용 공고,"경영.회계.사무 / 일반직,행정직",신입,청년인턴(체험형),서울,,2026-07-30,https://job.alio.go.kr/recruitview.do?idx=302822,,2026-09-07 17:22:28
잡알리오,국가수리과학연구소,"2026-06 국가수리과학연구소 박사후연구원, 체험형 청년인턴 공개채용","연구 / 행정직,연구직",신입+경력,"비정규직 
										외 1","대전 
										외 1",,2026-07-31,https://job.alio.go.kr/recruitview.do?idx=302824,,2026-09-07 17:22:28
잡알리오,한국수자원공사,[한국수자원공사] 인재경영실 특수직(트레이너) 채용 공고,이용.숙박.여행.오락.스포츠 / 계약직,신입+경력,비정규직,"대전 
										외 1",,2026-07-30,https://job.alio.go.kr/recruitview.do?idx=302825,,2026-09-07 17:22:30
잡알리오,에너지경제연구원,[에너지경제연구원] 위촉연구원 채용공고(원전정책연구실),연구 / 연구직,신입+경력,비정규직,울산,,2026-07-30,https://job.alio.go.kr/recruitview.do?idx=302826,,2026-09-07 17:22:31
잡알리오,한국의료분쟁조정중재원,한국의료분쟁조정중재원 2026년 제3차 직원채용 공고,"사업관리,경영.회계.사무,법률.경찰.소방.교도.국방,보건.의료 / 일반직,행정직,사무직,보건직,계약직,전문직,상담직",신입+경력,"무기계약직 
										외 2","서울 
										외 1",,2026-07-31,https://job.alio.go.kr/recruitview.do?idx=302827,,2026-09-07 17:22:31
잡알리오,에너지경제연구원,[에너지경제연구원] 위촉연구원 채용공고(원전정책연구실),연구 / 연구직,신입+경력,비정규직,울산,,2026-07-30,https://job.alio.go.kr/recruitview.do?idx=302828,,2026-09-07 17:22:32
잡알리오,에너지경제연구원,[에너지경제연구원] 객원연구위원 채용공고(원전정책연구실),연구 / 연구직,신입+경력,비정규직,울산,,2026-07-30,https://job.alio.go.kr/recruitview.do?idx=302829,,2026-09-07 17:22:33
잡알리오,(재)우체국시설관리단,(재)우체국시설관리단 (본사)안전관리자 채용 공고,환경.에너지.안전 / 관리직,신입,무기계약직,서울,,2026-07-31,https://job.alio.go.kr/recruitview.do?idx=302830,,2026-09-07 17:22:33
잡알리오,소상공인시장진흥공단,2026년 소상공인시장진흥공단 개방형직위(감사실장) 채용 공고,"사업관리,경영.회계.사무 / 사무직",경력,비정규직,대전,,2026-07-30,https://job.alio.go.kr/recruitview.do?idx=302831,,2026-09-07 17:22:34
잡알리오,한국환경보전원,한국환경보전원 영남지사 사업운영1팀  기간제(육아휴직 대체) 직원 채용 공고,환경.에너지.안전 / 행정직,신입+경력,비정규직,경남,,2026-07-22,https://job.alio.go.kr/recruitview.do?idx=302832,,2026-09-07 17:22:35
잡알리오,근로복지공단,[대전병원] 기간제(조리사) 채용 공고,보건.의료 / 계약직,신입,비정규직,대전,,2026-07-23,https://job.alio.go.kr/recruitview.do?idx=302833,,2026-09-07 17:22:35
잡알리오,근로복지공단,[대전병원] 별정직 의사(직업환경의학과) 채용 공고,보건.의료 / 별정직,신입,정규직,대전,,2026-07-27,https://job.alio.go.kr/recruitview.do?idx=302834,,2026-09-07 17:22:36
잡알리오,근로복지공단,[대전병원] 공무직(시설미화원) 채용 공고,"보건.의료,경비.청소 / 공무직",신입,무기계약직,대전,,2026-07-23,https://job.alio.go.kr/recruitview.do?idx=302835,,2026-09-07 17:22:37
잡알리오,근로복지공단,[태백병원] 별정직 의사(내과 또는 가정의학과) 채용 공고,보건.의료 / 별정직,신입,정규직,강원,,2026-07-27,https://job.alio.go.kr/recruitview.do?idx=302836,,2026-09-07 17:22:37
잡알리오,근로복지공단,[태백병원] 공무직(전기기계통신기사-기계분야) 채용 공고,"보건.의료,기계 / 공무직",신입,무기계약직,강원,,2026-07-23,https://job.alio.go.kr/recruitview.do?idx=302837,,2026-09-07 17:22:38
잡알리오,근로복지공단,[정선병원] 공무직(전기기계통신기사-기계분야) 채용 공고,"보건.의료,기계 / 공무직",신입,무기계약직,강원,,2026-07-23,https://job.alio.go.kr/recruitview.do?idx=302838,,2026-09-07 17:22:39
잡알리오,한국문화예술위원회,2026년 하반기 제1차 한국문화예술위원회 휴직대체인력(일반행정) 채용,"경영.회계.사무,문화.예술.디자인.방송 / 계약직",경력,비정규직,"서울 
										외 1",,2026-07-30,https://job.alio.go.kr/recruitview.do?idx=302840,,2026-09-07 17:22:40
잡알리오,경북대학교병원,"칠곡경북대학교병원 2026년 7월 3차 임시직원 채용공고(시설기술(전기), 간호사, 조경관리, 청소)",보건.의료 / 계약직,신입+경력,비정규직,대구,,2026-07-22,https://job.alio.go.kr/recruitview.do?idx=302839,,2026-09-07 17:22:40
잡알리오,한국문화관광연구원,한국문화관광연구원 위촉직원 채용 공고[2026-26],"정보통신,연구 / 행정직,연구직,전산직,계약직",신입+경력,비정규직,서울,,2026-07-23,https://job.alio.go.kr/recruitview.do?idx=302841,,2026-09-07 17:22:41
잡알리오,한국수목원정원관리원,2026년 제2차 기간제 근로자 채용 공고 (시드볼트센터),"문화.예술.디자인.방송 / 일반직,행정직,사무직,계약직",신입+경력,비정규직,경북,,2026-07-31,https://job.alio.go.kr/recruitview.do?idx=302842,,2026-09-07 17:22:43
잡알리오,한국연구재단,한국연구재단 2026년도 제5차 사업위촉직 채용 공고,"사업관리,경영.회계.사무 / 계약직",신입+경력,비정규직,"서울 
										외 1",,2026-07-31,https://job.alio.go.kr/recruitview.do?idx=302843,,2026-09-07 17:22:43
잡알리오,한국교육개발원,2026년도 제4차 위촉직 채용 공고,"사업관리,경영.회계.사무,교육.자연.사회과학,연구 / 기타(위촉직)",신입,비정규직,충북,,2026-07-31,https://job.alio.go.kr/recruitview.do?idx=302844,,2026-09-07 17:22:44
잡알리오,국립공원공단,[지리산경남] 지리산국립공원경남사무소 여름성수기 한시인력(수익시설) 채용 공고,환경.에너지.안전 / 계약직,신입+경력,비정규직,경남,,2026-07-23,https://job.alio.go.kr/recruitview.do?idx=302847,,2026-09-07 17:22:45
잡알리오,대한적십자사,[서울중앙혈액원] 정규직 시간선택제 간호사 모집공고(9.1),보건.의료 / 간호직,신입,정규직,서울,,2026-07-31,https://job.alio.go.kr/recruitview.do?idx=302848,,2026-09-07 17:22:45
잡알리오,대한적십자사,[서울중앙혈액원] 비정규직 초단시간 간호사 모집공고(9.1),보건.의료 / 간호직,신입,비정규직,서울,,2026-07-31,https://job.alio.go.kr/recruitview.do?idx=302849,,2026-09-07 17:22:46
잡알리오,대한적십자사,[서울중앙혈액원] 비정규직 육아휴직 대체인력 임상병리사 모집공고(9.1),보건.의료 / 보건직,신입,비정규직,서울,,2026-07-31,https://job.alio.go.kr/recruitview.do?idx=302850,,2026-09-07 17:22:47
잡알리오,국립공원공단,[지리산전남] 지리산국립공원전남사무소 기간제(탐방로 보수) 직원 채용 공고,이용.숙박.여행.오락.스포츠 / 계약직,신입+경력,비정규직,전남,,2026-07-24,https://job.alio.go.kr/recruitview.do?idx=302852,,2026-09-07 17:22:48
잡알리오,전남대학교병원,"2026년도 후반기 치의학계열 전공의(인턴, 레지던트) 모집 공고",보건.의료 / 의사직,신입,정규직,광주,,2026-07-29,https://job.alio.go.kr/recruitview.do?idx=302851,,2026-09-07 17:22:48
잡알리오,한국마사회,2026년 한국마사회 전임직(무기계약직) 보훈특별고용 공고(산업안전관리),환경.에너지.안전 / 기타(무기계약직),신입,무기계약직,경기,,2026-08-05,https://job.alio.go.kr/recruitview.do?idx=302853,,2026-09-07 17:22:49
잡알리오,한국마사회,"2026년 한국마사회 경마지원직 채용공고(발매직, 진행직(직무통합), 고객구호직)","문화.예술.디자인.방송,경비.청소,이용.숙박.여행.오락.스포츠 / 기타(경마지원직)",신입,무기계약직,"서울 
										외 5",,2026-08-05,https://job.alio.go.kr/recruitview.do?idx=302854,,2026-09-07 17:22:49
잡알리오,한국마사회,한국마사회 제주 경마지원직 채용 (진행직),"보건.의료,문화.예술.디자인.방송,영업판매,이용.숙박.여행.오락.스포츠,농림어업 / 기타(경마지원직)",신입,무기계약직,제주,,2026-08-07,https://job.alio.go.kr/recruitview.do?idx=302855,,2026-09-07 17:22:51
잡알리오,한국마사회,한국마사회 제주 경마지원직 채용 (고객구호),"보건.의료,문화.예술.디자인.방송,영업판매,이용.숙박.여행.오락.스포츠,농림어업 / 기타(경마지원직)",신입,무기계약직,제주,,2026-08-07,https://job.alio.go.kr/recruitview.do?idx=302856,,2026-09-07 17:22:51
잡알리오,한국마사회,한국마사회 제주 경마지원직 채용 (CS강사),"보건.의료,문화.예술.디자인.방송,영업판매,이용.숙박.여행.오락.스포츠,농림어업 / 기타(경마지원직)",신입,무기계약직,제주,,2026-08-07,https://job.alio.go.kr/recruitview.do?idx=302857,,2026-09-07 17:22:52
잡알리오,대한적십자사,대한적십자사 경기도지사 육아휴직 대체인력 (경기도 성남시) 채용공고,경영.회계.사무 / 사무직,신입,비정규직,경기,,2026-08-03,https://job.alio.go.kr/recruitview.do?idx=302858,,2026-09-07 17:22:53
잡알리오,한국장애인고용공단,[한국장애인고용공단 경기남부직업능력개발원] 기간제 근로자(전산관리원 대체인력) 공개경쟁채용,정보통신 / 운영직,신입+경력,"비정규직 
										외 1",경기,,2026-07-30,https://job.alio.go.kr/recruitview.do?idx=302859,,2026-09-07 17:22:54
잡알리오,경북대학교치과병원,2026년도 치과의사전공의(레지던트) 후반기 모집 공고,보건.의료 / 의사직,신입,정규직,대구,,2026-07-31,https://job.alio.go.kr/recruitview.do?idx=302860,,2026-09-07 17:22:54
잡알리오,학교법인한국폴리텍,한국폴리텍대학 서울정수캠퍼스 체험형 청년인턴(장애) 채용 공고,경영.회계.사무 / 행정직,신입+경력,청년인턴(체험형),서울,,2026-07-28,https://job.alio.go.kr/recruitview.do?idx=302861,,2026-09-07 17:22:55
잡알리오,국립공원공단,[변산반도]2026년 변산반도국립공원 기간제(수익시설_한시인력) 직원 채용공고,환경.에너지.안전 / 계약직,신입+경력,비정규직,전북,,2026-07-27,https://job.alio.go.kr/recruitview.do?idx=302862,,2026-09-07 17:22:57
잡알리오,국립암센터,국립암센터 부속병원 입원전담전문의(내과) 초빙 공고,보건.의료 / 의사직,신입+경력,비정규직,경기,,2026-08-05,https://job.alio.go.kr/recruitview.do?idx=302863,,2026-09-07 17:22:57
잡알리오,한전KPS(주),한전KPS(주)원자력정비기술센터 단기노무원(사무보조) 모집,경영.회계.사무 / 사무직,신입+경력,비정규직,"부산 
										외 1",,2026-07-24,https://job.alio.go.kr/recruitview.do?idx=302864,,2026-09-07 17:22:58
잡알리오,충북대학교병원,2026년 7월 2차 충북대학교병원 기간제근무자 모집 공고,보건.의료 / 계약직,신입+경력,비정규직,충북,,2026-08-03,https://job.alio.go.kr/recruitview.do?idx=302865,,2026-09-07 17:22:58
잡알리오,농림수산식품교육문화정보원,2026년 하반기 수시 채용(계약직) 공고,"사업관리,경영.회계.사무 / 계약직",경력,비정규직,세종,,2026-08-04,https://job.alio.go.kr/recruitview.do?idx=302866,,2026-09-07 17:23:00
잡알리오,동남권원자력의학원,[직원채용] 별정직 의사직(마취통증의학과) 공개 채용,보건.의료 / 의사직,신입+경력,비정규직,부산,,2026-08-03,https://job.alio.go.kr/recruitview.do?idx=302867,,2026-09-07 17:23:00
잡알리오,학교법인한국폴리텍,2026년도 한국폴리텍대학 춘천캠퍼스 산학협력중점교수 채용 공고,"교육.자연.사회과학 / 교수직,계약직",신입+경력,비정규직,강원,,2026-07-27,https://job.alio.go.kr/recruitview.do?idx=302868,,2026-09-07 17:23:01
잡알리오,한국기술교육대학교,한국기술교육대학교 대학원 경영학과 겸임교수 채용 공고문,"경영.회계.사무,교육.자연.사회과학 / 교수직",경력,비정규직,충남,,2026-08-03,https://job.alio.go.kr/recruitview.do?idx=302869,,2026-09-07 17:23:02
잡알리오,동남권원자력의학원,[직원채용] 별정직 보건직(재활의학과 물리치료사·작업치료사·언어치료사) 공개 채용,보건.의료 / 보건직,신입+경력,비정규직,부산,,2026-08-03,https://job.alio.go.kr/recruitview.do?idx=302870,,2026-09-07 17:23:03
잡알리오,부산대학교병원,2026년도 계약직의사 상시모집(6차) 공개채용 모집 공고,보건.의료 / 의사직,신입+경력,비정규직,경남,,2026-12-31,https://job.alio.go.kr/recruitview.do?idx=302871,,2026-09-07 17:23:03
잡알리오,국민연금공단,[국민연금공단 경인지역본부] 경인지역본부 공무직(시설직) 공개채용 공고,전기.전자 / 공무직,경력,무기계약직,경기,,2026-07-27,https://job.alio.go.kr/recruitview.do?idx=302873,,2026-09-07 17:23:04
잡알리오,한국장애인고용공단,[한국장애인고용공단 경기남부직업능력개발원] 특정업무직(운영지원직) 시설정비원(3조3교대) 채용,"기계,환경.에너지.안전 / 기타(특정업무직)",신입+경력,"무기계약직 
										외 1",경기,,2026-07-30,https://job.alio.go.kr/recruitview.do?idx=302872,,2026-09-07 17:23:04
잡알리오,태권도진흥재단,2026년 태권도진흥재단 2차 일반 및 제한경쟁 채용공고,"경영.회계.사무,문화.예술.디자인.방송,건설,정보통신,환경.에너지.안전 / 일반직,행정직,사무직,시설직,전산직,운영직,안전직,전문직,운영직",신입+경력,"무기계약직 
										외 2",전북,,2026-08-05,https://job.alio.go.kr/recruitview.do?idx=302874,,2026-09-07 17:23:06
잡알리오,한국보건의료인국가시험원,2026년도 제4차 한국보건의료인국가시험원 신규직원 채용 공고,경영.회계.사무 / 일반직,신입,무기계약직,전남광주,,2026-08-04,https://job.alio.go.kr/recruitview.do?idx=302875,,2026-09-07 17:23:07
잡알리오,국민건강보험공단 일산병원,2026년도 치과의사전공의 레지던트 1년차 모집 공고,보건.의료 / 의사직,신입+경력,비정규직,경기,,2026-07-29,https://job.alio.go.kr/recruitview.do?idx=302877,,2026-09-07 17:23:07
잡알리오,재단법인 한국장기조직기증원,(재)한국장기조직기증원 2026년 제3차 공개채용,"경영.회계.사무,보건.의료 / 행정직,사무직,의사직,보건직",신입+경력,"비정규직 
										외 1","서울 
										외 1",,2026-08-03,https://job.alio.go.kr/recruitview.do?idx=302878,,2026-09-07 17:23:09
잡알리오,한국수자원공사,[한국수자원공사] 보령권지사 장항물재생센터 특수직(수탁운영_하수도 시설운영) 채용 공고,"건설,기계,전기.전자,정보통신,환경.에너지.안전 / 계약직",신입+경력,비정규직,충남,,2026-08-03,https://job.alio.go.kr/recruitview.do?idx=302879,,2026-09-07 17:23:09
잡알리오,학교법인한국폴리텍,한국폴리텍대학 항공캠퍼스 대학운영직(조리원) 4차 공개채용 공고,음식서비스 / 공무직,신입+경력,무기계약직,경남,,2026-07-29,https://job.alio.go.kr/recruitview.do?idx=302880,,2026-09-07 17:23:10
잡알리오,한국장애인개발원,[제2026-82호] 2026년도 제5차 충청북도장애아동·발달장애인지원센터 기간제 계약직 채용 공고,"교육.자연.사회과학,사회복지.종교 / 일반직,행정직,사무직",경력,비정규직,충북,,2026-08-03,https://job.alio.go.kr/recruitview.do?idx=302881,,2026-09-07 17:23:11
잡알리오,경북대학교치과병원,2026년 제3차 기간제(치과보존과 치과위생사) 채용 공고,보건.의료 / 보건직,신입,비정규직,대구,,2026-08-03,https://job.alio.go.kr/recruitview.do?idx=302882,,2026-09-07 17:23:12
잡알리오,근로복지공단,[동해병원] 기간제 의사(재활의학과) 채용 공고,보건.의료 / 계약직,신입,비정규직,강원,,2026-07-27,https://job.alio.go.kr/recruitview.do?idx=302884,,2026-09-07 17:23:13
잡알리오,강원대학교치과병원,2026년 치과의사전공의(레지던트) 후반기모집 공고,보건.의료 / 의사직,신입,정규직,강원,,2026-07-29,https://job.alio.go.kr/recruitview.do?idx=302883,,2026-09-07 17:23:13
잡알리오,근로복지공단,[동해병원] 기간제 의사(진단검사의학과 또는 병리과) 채용 공고,보건.의료 / 계약직,신입,비정규직,강원,,2026-07-27,https://job.alio.go.kr/recruitview.do?idx=302885,,2026-09-07 17:23:15
잡알리오,국립공원공단,[한려해상]2026년 국립공원지킴이 한시인력 채용 공고,경비.청소 / 계약직,신입+경력,비정규직,경남,,2026-08-03,https://job.alio.go.kr/recruitview.do?idx=302886,,2026-09-07 17:23:16
잡알리오,근로복지공단,[동해병원] 기간제 의사(응급실전담의) 채용 공고,보건.의료 / 계약직,신입,비정규직,강원,,2026-07-27,https://job.alio.go.kr/recruitview.do?idx=302887,,2026-09-07 17:23:17
잡알리오,한국산업은행,한국산업은행 소송법무팀장(개방형 직위) 공개모집,"금융.보험,법률.경찰.소방.교도.국방 / 전문직",경력,비정규직,서울,,2026-08-04,https://job.alio.go.kr/recruitview.do?idx=302888,,2026-09-07 17:23:17
잡알리오,한국산업은행,한국산업은행 전문직원(법무실 변호사) 채용공고,"금융.보험,법률.경찰.소방.교도.국방 / 전문직",경력,비정규직,서울,,2026-08-04,https://job.alio.go.kr/recruitview.do?idx=302889,,2026-09-07 17:23:18
잡알리오,한국산업은행,한국산업은행 전문직원(구내 통신시설관리) 채용공고,정보통신 / 전문직,경력,무기계약직,서울,,2026-08-04,https://job.alio.go.kr/recruitview.do?idx=302890,,2026-09-07 17:23:19
잡알리오,국립공원공단,[한려해상]2026년 한려해상사무소 한시인력(해양환경) 채용 공고,경비.청소 / 계약직,신입+경력,비정규직,경남,,2026-08-03,https://job.alio.go.kr/recruitview.do?idx=302891,,2026-09-07 17:23:20
잡알리오,한국토지주택공사,한국토지주택공사 부산울산지역본부 기간제근로자(사업관리 외) 채용공고(2026-03),"경영.회계.사무,사회복지.종교,영업판매,환경.에너지.안전 / 계약직",신입+경력,비정규직,"부산 
										외 1",,2026-08-04,https://job.alio.go.kr/recruitview.do?idx=302892,,2026-09-07 17:23:21
잡알리오,한국보훈복지의료공단,[인천보훈병원] 2026-10차 직원[보건직(휴직대체 영양사)] 긴급공개채용,보건.의료 / 보건직,신입+경력,비정규직,인천,,2026-07-30,https://job.alio.go.kr/recruitview.do?idx=302893,,2026-09-07 17:23:22
잡알리오,한전KDN,한전KDN(주) 경기본부 미터링사업팀 일용근로자 모집공고,정보통신 / 기타(일용직),신입+경력,비정규직,경기,,2026-08-03,https://job.alio.go.kr/recruitview.do?idx=302894,,2026-09-07 17:23:23
잡알리오,한국보훈복지의료공단,[대구보훈요양원] 2026년 정규직 요양보호직(5차) 및 업무지원직(청소)(2차) 공개채용,사회복지.종교 / 일반직,신입+경력,"무기계약직 
										외 1",대구,,2026-07-30,https://job.alio.go.kr/recruitview.do?idx=302897,,2026-09-07 17:23:24
잡알리오,한국가스안전공사,2026년 하반기 한국가스안전공사 보훈특별고용,"사업관리,경영.회계.사무,경비.청소,기계,재료,화학,환경.에너지.안전 / 일반직,행정직,사무직,기술직,공무직",신입,정규직,"서울 
										외 15",,2026-08-04,https://job.alio.go.kr/recruitview.do?idx=302898,,2026-09-07 17:23:25
잡알리오,한국환경연구원,[한국환경연구원] 임시직(환경보건) 채용공고(0720),연구 / 연구직,신입+경력,비정규직,세종,,2026-08-04,https://job.alio.go.kr/recruitview.do?idx=302899,,2026-09-07 17:23:26
잡알리오,(재)우체국시설관리단,"(재)우체국시설관리단 현장직원 2026년도 9차 통합 채용 공고(기술, 경비, 미화, 기타)","사업관리,경비.청소 / 기술직,시설직",신입+경력,"무기계약직 
										외 1","서울 
										외 7",,2026-08-03,https://job.alio.go.kr/recruitview.do?idx=302900,,2026-09-07 17:23:27
잡알리오,무역안보관리원,2026년도 제2차 무역안보관리원 채험형 청년인턴 채용 공고,"사업관리,경영.회계.사무 / 사무직",신입,청년인턴(체험형),서울,,2026-08-04,https://job.alio.go.kr/recruitview.do?idx=302901,,2026-09-07 17:23:27
잡알리오,한국환경연구원,"[한국환경연구원] 임시직(순환경제 및 자원순환, 폐기물) 채용공고(0720)",연구 / 연구직,신입+경력,비정규직,세종,,2026-08-04,https://job.alio.go.kr/recruitview.do?idx=302902,,2026-09-07 17:23:27
잡알리오,한국가스안전공사,2026년 한국가스안전공사 제3차 체험형인턴(장애) 채용,"사업관리,경영.회계.사무,환경.에너지.안전 / 계약직",신입,"비정규직 
										외 1","서울 
										외 15",,2026-08-04,https://job.alio.go.kr/recruitview.do?idx=302903,,2026-09-07 17:23:29
잡알리오,한국보훈복지의료공단,[위탁병원관리단] 청년인턴 공개채용,경영.회계.사무 / 계약직,신입,청년인턴(체험형),강원,,2026-08-03,https://job.alio.go.kr/recruitview.do?idx=302904,,2026-09-07 17:23:29
잡알리오,대한석탄공사,2026년 한시적계약직 특별채용 공고(팀장급),"경영.회계.사무,건설,전기.전자 / 일반직,행정직,사무직,관리직",경력,비정규직,강원,,2026-08-03,https://job.alio.go.kr/recruitview.do?idx=302905,,2026-09-07 17:23:30
잡알리오,대한석탄공사,2026년 한시적계약직 특별채용 공고(사무직),"경영.회계.사무 / 일반직,행정직,사무직",신입+경력,비정규직,강원,,2026-08-03,https://job.alio.go.kr/recruitview.do?idx=302906,,2026-09-07 17:23:31
잡알리오,대한적십자사,2026년도 제3차 혈액관리본부 전문직 등 신규 직원 공개 모집,"보건.의료 / 간호직,보건직,기타(운수직)",신입,정규직,"서울 
										외 13",,2026-08-04,https://job.alio.go.kr/recruitview.do?idx=302908,,2026-09-07 17:23:32
잡알리오,대한석탄공사,2026년 한시적계약직 특별채용 공고(전산직),"정보통신 / 일반직,행정직,전산직",신입+경력,비정규직,강원,,2026-08-03,https://job.alio.go.kr/recruitview.do?idx=302907,,2026-09-07 17:23:32
잡알리오,학교법인한국폴리텍,한국폴리텍대학 전남캠퍼스 업무직(조리원) 공개 채용(3차) 공고,음식서비스 / 운영직,신입+경력,무기계약직,전남광주,,2026-07-26,https://job.alio.go.kr/recruitview.do?idx=302909,,2026-09-07 17:23:33
잡알리오,한국기술교육대학교,한국기술교육대학교 2026학년도 2학기 강사 공개채용,교육.자연.사회과학 / 교수직,경력,비정규직,충남,,2026-08-04,https://job.alio.go.kr/recruitview.do?idx=302910,,2026-09-07 17:23:34
잡알리오,국민연금공단,[국민연금공단 서울북부지역본부] 기간제근로자(근로능력평가직) 공개채용 공고,"경영.회계.사무,사회복지.종교 / 계약직",신입,비정규직,경기,,2026-07-29,https://job.alio.go.kr/recruitview.do?idx=302911,,2026-09-07 17:23:35
잡알리오,대한법률구조공단,대한법률구조공단 익산지소 청년인턴 공개경쟁 채용시험 공고,"경영.회계.사무,법률.경찰.소방.교도.국방 / 행정직,사무직",신입,청년인턴(체험형),전북,,2026-08-05,https://job.alio.go.kr/recruitview.do?idx=302912,,2026-09-07 17:23:36
잡알리오,축산물품질평가원,2026년 하반기 운영직(운전) 채용,"경영.회계.사무,운전.운송 / 일반직",신입+경력,무기계약직,세종,,2026-08-05,https://job.alio.go.kr/recruitview.do?idx=302913,,2026-09-07 17:23:36
잡알리오,한국농업기술진흥원,2026년 제1차 한국농업기술진흥원 스마트농업확산팀 일반계약직 채용 공고,농림어업 / 계약직,신입+경력,비정규직,전북,,2026-08-04,https://job.alio.go.kr/recruitview.do?idx=302914,,2026-09-07 17:23:37
잡알리오,대한적십자사,"상주적십자병원 직원(정규직 물리치료사, 정규직 기술원_전산) 모집","보건.의료,정보통신 / 기술직,보건직",신입,정규직,경북,,2026-08-06,https://job.alio.go.kr/recruitview.do?idx=302915,,2026-09-07 17:23:38
잡알리오,한국농촌경제연구원,(수정) 한국농촌경제연구원 2026-10차 계약직 채용 변경 공고,연구 / 계약직,신입+경력,비정규직,"충북 
										외 1",,2026-08-04,https://job.alio.go.kr/recruitview.do?idx=302916,,2026-09-07 17:23:39
잡알리오,한국농촌경제연구원,한국농촌경제연구원 2026년 제5차(재공모) 청년인턴(장애인 제한경쟁) 채용 공고,경영.회계.사무 / 계약직,신입,청년인턴(체험형),전남광주,,2026-07-31,https://job.alio.go.kr/recruitview.do?idx=302917,,2026-09-07 17:23:40
잡알리오,전남대학교병원,2026년 7월 전남대학교병원 직원(중증장애인 단시간근로자_무기계약직) 공개채용시험 공고,보건.의료 / 기타(원무직(업무보조)),신입,무기계약직,전남광주,,2026-07-29,https://job.alio.go.kr/recruitview.do?idx=302919,,2026-09-07 17:23:41
잡알리오,한국사학진흥재단,한국사학진흥재단 2026년 2차 직원 채용(기간계약직)(공개경쟁채용 및 제한경쟁채용),"사업관리,경영.회계.사무,정보통신 / 행정직,사무직,전산직",신입,비정규직,"대구 
										외 1",,2026-08-04,https://job.alio.go.kr/recruitview.do?idx=302918,,2026-09-07 17:23:41
잡알리오,전남대학교병원,2026년 7월 전남대학교병원 직원(약무직) 공개채용 공고,보건.의료 / 약무직,신입,정규직,전남광주,,2026-07-29,https://job.alio.go.kr/recruitview.do?idx=302920,,2026-09-07 17:23:42
잡알리오,한국벤처투자,2026년 2차 한국벤처투자 채용 공고(체험형 청년인턴(일반)),경영.회계.사무 / 사무직,신입,청년인턴(체험형),서울,,2026-08-12,https://job.alio.go.kr/recruitview.do?idx=302922,,2026-09-07 17:23:43
잡알리오,한전KPS(주),한전KPS(주) 대구사업소 단기노무원 채용 2차('26년도 대구 열병합발전시설 정기점검보수공사),환경.에너지.안전 / 계약직,신입+경력,비정규직,대구,,2026-07-23,https://job.alio.go.kr/recruitview.do?idx=302921,,2026-09-07 17:23:44
잡알리오,국립공원공단,[한려동부] 2026년 한려해상국립공원동부사무소 국립공원지킴이(녹색순찰대) 3차 채용 공고,경비.청소 / 계약직,신입+경력,비정규직,경남,,2026-08-04,https://job.alio.go.kr/recruitview.do?idx=302923,,2026-09-07 17:23:45
잡알리오,대구경북첨단의료산업진흥재단,대구경북첨단의료산업진흥재단 2026년 제2차 정원외 계약직원 채용 연장공고,"사업관리,경영.회계.사무,보건.의료 / 계약직",신입+경력,"비정규직 
										외 1",대구,,2026-08-02,https://job.alio.go.kr/recruitview.do?idx=302924,,2026-09-07 17:23:46
잡알리오,한국해양교통안전공단,2026년도 제3차 신규직원(정규직) 채용,"사업관리,경영.회계.사무,법률.경찰.소방.교도.국방,보건.의료,운전.운송,기계,정보통신,환경.에너지.안전,연구 / 행정직,연구직,기술직,전산직",신입,정규직,"서울 
										외 11",,2026-08-07,https://job.alio.go.kr/recruitview.do?idx=302926,,2026-09-07 17:23:47
잡알리오,한국벤처투자,"2026년 2차 한국벤처투자 채용 공고(공무직(미화, 시설))","경비.청소,전기.전자 / 공무직",신입+경력,무기계약직,서울,,2026-08-12,https://job.alio.go.kr/recruitview.do?idx=302925,,2026-09-07 17:23:47
잡알리오,(재)한국보건의료정보원,2026년 제4차 직원채용 공고,"사업관리,경영.회계.사무,보건.의료 / 일반직,행정직,사무직,전산직",신입+경력,정규직,서울,,2026-08-04,https://job.alio.go.kr/recruitview.do?idx=302927,,2026-09-07 17:23:49
잡알리오,한국청소년활동진흥원,2026년 제3차 국립중앙청소년수련원 직원(기간제) 채용 공고,"교육.자연.사회과학,사회복지.종교 / 계약직,운영직",신입,비정규직,충남,,2026-08-05,https://job.alio.go.kr/recruitview.do?idx=302929,,2026-09-07 17:23:50
잡알리오,주택관리공단(주),채용형 인턴 채용공고(주택관리공단 전북지사),"건설,기계,전기.전자,환경.에너지.안전 / 기술직",신입+경력,청년인턴(채용형),전북,,2026-07-28,https://job.alio.go.kr/recruitview.do?idx=302928,,2026-09-07 17:23:50
잡알리오,국립공원공단,[소백산북부] 2026년 소백산북부 한시인력(환경관리) 채용 추가접수 공고,경비.청소 / 계약직,신입+경력,비정규직,충북,,2026-07-27,https://job.alio.go.kr/recruitview.do?idx=302930,,2026-09-07 17:23:50
잡알리오,한국벤처투자,2026년 2차 한국벤처투자 채용 공고(임기제 전문계약직),"사업관리,경영.회계.사무,금융.보험,문화.예술.디자인.방송 / 계약직",신입+경력,비정규직,서울,,2026-08-12,https://job.alio.go.kr/recruitview.do?idx=302931,,2026-09-07 17:23:51
잡알리오,학교법인한국폴리텍,2026년 한국폴리텍대학 영주캠퍼스 업무직(대학운영직 조리원) 채용 공고,음식서비스 / 운영직,신입+경력,무기계약직,경북,,2026-07-28,https://job.alio.go.kr/recruitview.do?idx=302933,,2026-09-07 17:23:52
잡알리오,한국벤처투자,2026년 2차 한국벤처투자 채용 공고(일반 전문계약직),"사업관리,경영.회계.사무,금융.보험,연구 / 계약직",신입+경력,비정규직,"서울 
										외 2",,2026-08-12,https://job.alio.go.kr/recruitview.do?idx=302934,,2026-09-07 17:23:53
잡알리오,동남권원자력의학원,[직원채용] 별정직 보건직(진단검사의학과 임상병리사/노조전임대체) 공개 채용,보건.의료 / 보건직,신입+경력,비정규직,부산,,2026-07-28,https://job.alio.go.kr/recruitview.do?idx=302936,,2026-09-07 17:23:54
잡알리오,근로복지공단,[대전병원] 장애전형 청년(체험형)인턴 채용 공고,보건.의료 / 계약직,신입,청년인턴(체험형),대전,,2026-07-28,https://job.alio.go.kr/recruitview.do?idx=302937,,2026-09-07 17:23:55
잡알리오,국립공원공단,[태안] 2026년 태안해안 한시인력[수상안전관리반(해변안전순찰요원)] 직원 채용(3차),환경.에너지.안전 / 계약직,신입+경력,비정규직,충남,,2026-07-27,https://job.alio.go.kr/recruitview.do?idx=302938,,2026-09-07 17:23:56
잡알리오,근로복지공단,(수정) [정선병원] 기간제 의사(응급실) 채용 공고,보건.의료 / 계약직,신입,비정규직,강원,,2026-07-14,https://job.alio.go.kr/recruitview.do?idx=302940,,2026-09-07 17:23:57
잡알리오,근로복지공단,(수정) [정선병원] 기간제(약사) 채용 공고,보건.의료 / 약무직,신입,비정규직,강원,,2026-07-14,https://job.alio.go.kr/recruitview.do?idx=302941,,2026-09-07 17:23:58
잡알리오,근로복지공단,(수정) [동해병원] 기간제 의사(응급실전담의) 채용 공고,보건.의료 / 계약직,신입,비정규직,강원,,2026-07-16,https://job.alio.go.kr/recruitview.do?idx=302942,,2026-09-07 17:23:58
잡알리오,근로복지공단,(수정) [동해병원] 기간제 의사(진단검사의학과 또는 병리과) 채용 공고,보건.의료 / 계약직,신입,비정규직,강원,,2026-07-16,https://job.alio.go.kr/recruitview.do?idx=302943,,2026-09-07 17:23:59
잡알리오,한국보훈복지의료공단,[광주보훈병원] 계약직 업무지원직(고객지원_간병지원) - 휴직대체 직원 채용 공고,보건.의료 / 기타(업무지원직),신입+경력,비정규직,전남광주,,2026-07-31,https://job.alio.go.kr/recruitview.do?idx=302944,,2026-09-07 17:24:00
잡알리오,한국보훈복지의료공단,[광주보훈병원] 청년인턴(체험형) 채용 공고,보건.의료 / 기타(청년인턴(체험형)),신입+경력,청년인턴(체험형),전남광주,,2026-07-31,https://job.alio.go.kr/recruitview.do?idx=302945,,2026-09-07 17:24:00
잡알리오,한국보훈복지의료공단,[수원보훈요양원] 육아휴직 대체 간호사 채용 공고,보건.의료 / 기타(간호사),경력,비정규직,경기,,2026-07-31,https://job.alio.go.kr/recruitview.do?idx=302946,,2026-09-07 17:24:01
잡알리오,국립중앙의료원,계약직 전문의(서울인천광역응급의료상황팀) 채용 재공고,보건.의료 / 계약직,신입+경력,비정규직,서울,,2026-07-31,https://job.alio.go.kr/recruitview.do?idx=302947,,2026-09-07 17:24:02
잡알리오,국립중앙의료원,의사직(응급의료정책연구팀) 채용 재공고,보건.의료 / 의사직,신입+경력,정규직,서울,,2026-07-31,https://job.alio.go.kr/recruitview.do?idx=302948,,2026-09-07 17:24:03
잡알리오,국립중앙의료원,계약직 행정(대전응급의료지원센터) 채용 공고,보건.의료 / 계약직,신입+경력,비정규직,대전,,2026-08-05,https://job.alio.go.kr/recruitview.do?idx=302949,,2026-09-07 17:24:04
잡알리오,국립중앙의료원,계약직 행정(부산응급의료지원센터) 채용 공고,보건.의료 / 계약직,신입+경력,비정규직,부산,,2026-08-05,https://job.alio.go.kr/recruitview.do?idx=302950,,2026-09-07 17:24:05
잡알리오,국립중앙의료원,계약직 간호사 또는 응급구조사 또는 보건의료정보관리사(재난의료관리팀) 채용 공고,보건.의료 / 계약직,신입+경력,비정규직,서울,,2026-08-05,https://job.alio.go.kr/recruitview.do?idx=302951,,2026-09-07 17:24:06
잡알리오,국립중앙의료원,계약직(휴직대체) 간호사 또는 응급구조사(서울응급의료지원센터) 채용 공고,보건.의료 / 계약직,신입+경력,비정규직,서울,,2026-08-05,https://job.alio.go.kr/recruitview.do?idx=302952,,2026-09-07 17:24:06
잡알리오,국립중앙의료원,계약직 연구원(울산응급의료지원센터) 채용 공고,보건.의료 / 계약직,신입+경력,비정규직,울산,,2026-08-05,https://job.alio.go.kr/recruitview.do?idx=302953,,2026-09-07 17:24:08
잡알리오,국립중앙의료원,계약직 연구원(부산응급의료지원센터) 채용 공고,보건.의료 / 계약직,신입+경력,비정규직,부산,,2026-08-05,https://job.alio.go.kr/recruitview.do?idx=302954,,2026-09-07 17:24:08
잡알리오,국립중앙의료원,약무직 5급 약사(약제부) 채용 재공고,보건.의료 / 약무직,신입+경력,정규직,서울,,2026-07-31,https://job.alio.go.kr/recruitview.do?idx=302955,,2026-09-07 17:24:09
잡알리오,학교법인한국폴리텍,2026년 한국폴리텍대학 포항캠퍼스 업무직(조리원)채용 3차공고,음식서비스 / 운영직,신입+경력,무기계약직,경북,,2026-07-31,https://job.alio.go.kr/recruitview.do?idx=302956,,2026-09-07 17:24:10
잡알리오,기초과학연구원,2026-8회 의생명 및 화학 연구클러스터(분자활성 촉매반응 연구단) 연구직 채용 공고,연구 / 연구직,신입+경력,비정규직,대전,,2026-08-11,https://job.alio.go.kr/recruitview.do?idx=302957,,2026-09-07 17:24:11
잡알리오,국립생태원,2026년 제5차 국립생태원 기간제근로자(수탁과제) 채용 재공고,"환경.에너지.안전 / 행정직,연구직,계약직",신입+경력,비정규직,경북,,2026-08-05,https://job.alio.go.kr/recruitview.do?idx=302958,,2026-09-07 17:24:11
잡알리오,한국수자원공사,[한국수자원공사] 부산울산경남지역협력단 의령2·창녕2현대화사업팀 특수직(기술관리_건설사업) 채용 공고,"사업관리,건설,기계,전기.전자,정보통신,환경.에너지.안전 / 계약직",신입+경력,비정규직,경남,,2026-08-06,https://job.alio.go.kr/recruitview.do?idx=302959,,2026-09-07 17:24:13
잡알리오,동남권원자력의학원,[직원채용] 별정직 간호직(외과 전담 간호사) 공개 채용,보건.의료 / 간호직,신입+경력,비정규직,부산,,2026-08-05,https://job.alio.go.kr/recruitview.do?idx=302960,,2026-09-07 17:24:13
잡알리오,태권도진흥재단,2026년 국립태권도박물관 아카이브 자료 관리 보조인력 채용 재공고,문화.예술.디자인.방송 / 운영직,신입,비정규직,전북,,2026-08-02,https://job.alio.go.kr/recruitview.do?idx=302961,,2026-09-07 17:24:15
잡알리오,신용보증재단중앙회,(수정) 2026년 신용보증재단중앙회 신입직원(5급) 공개채용,"경영.회계.사무,금융.보험,정보통신 / 일반직",신입,정규직,세종,,2026-08-04,https://job.alio.go.kr/recruitview.do?idx=302962,,2026-09-07 17:24:16
잡알리오,한국농어촌공사,한국농어촌공사 전문계약직(변호사) 채용 공고,법률.경찰.소방.교도.국방 / 계약직,신입+경력,비정규직,전남광주,,2026-08-06,https://job.alio.go.kr/recruitview.do?idx=302963,,2026-09-07 17:24:17
잡알리오,분당서울대학교병원,분당서울대학교병원 신입(업무지원직 장애인) 직원 채용 공고,보건.의료 / 운영직,신입,정규직,경기,,2026-08-03,https://job.alio.go.kr/recruitview.do?idx=302964,,2026-09-07 17:24:18
잡알리오,학교법인한국폴리텍,한국폴리텍대학 부산캠퍼스 2026년 행정지원직(휴직 대체) 채용 공고,"경영.회계.사무 / 사무직,계약직",신입+경력,비정규직,부산,,2026-07-30,https://job.alio.go.kr/recruitview.do?idx=302965,,2026-09-07 17:24:19
잡알리오,학교법인한국폴리텍,한국폴리텍대학 부산캠퍼스 2026년 하반기 업무지원직(조리보조) 채용 공고,음식서비스 / 계약직,신입+경력,비정규직,부산,,2026-07-30,https://job.alio.go.kr/recruitview.do?idx=302966,,2026-09-07 17:24:20
잡알리오,학교법인한국폴리텍,한국폴리텍대학 부산캠퍼스 2026년 하반기 청년인턴 채용,"경영.회계.사무 / 사무직,계약직",신입+경력,청년인턴(체험형),부산,,2026-07-30,https://job.alio.go.kr/recruitview.do?idx=302967,,2026-09-07 17:24:20
잡알리오,한국수력원자력(주),2026년도 제3차 신입사원(대졸수준) 선발,"사업관리,경영.회계.사무,건설,기계,전기.전자,정보통신,환경.에너지.안전 / 사무직,기술직",신입,정규직,"부산 
										외 8",,2026-08-06,https://job.alio.go.kr/recruitview.do?idx=302968,,2026-09-07 17:24:21
잡알리오,한전KPS(주),한전KPS(주) 고리2사업처 4호기 제29차 OH 정비보조원 12차 채용 공고,환경.에너지.안전 / 계약직,신입+경력,비정규직,부산,,2026-07-27,https://job.alio.go.kr/recruitview.do?idx=302969,,2026-09-07 17:24:22
잡알리오,한국보훈복지의료공단,[본사] 계약직 기술직(전산) 채용 공고,정보통신 / 기술직,신입+경력,비정규직,강원,,2026-08-05,https://job.alio.go.kr/recruitview.do?idx=302970,,2026-09-07 17:24:23
잡알리오,근로복지공단,[태백병원] 장애전형 청년(체험형)인턴 채용 공고,보건.의료 / 계약직,신입,청년인턴(채용형),강원,,2026-07-29,https://job.alio.go.kr/recruitview.do?idx=302971,,2026-09-07 17:24:23
잡알리오,근로복지공단,[동해병원] 장애전형 청년(체험형)인턴 채용 공고,보건.의료 / 계약직,신입,청년인턴(채용형),강원,,2026-07-29,https://job.alio.go.kr/recruitview.do?idx=302972,,2026-09-07 17:24:24
잡알리오,근로복지공단,[태백요양병원] 장애전형 청년(체험형)인턴 채용 공고,보건.의료 / 계약직,신입,청년인턴(채용형),강원,,2026-07-29,https://job.alio.go.kr/recruitview.do?idx=302973,,2026-09-07 17:24:24
잡알리오,한국산업안전보건공단,[안전보건공단 서울광역본부] 강원동부지사 업무직 보훈제한경쟁(환경미화원) 채용공고,경비.청소 / 기타(환경미화원),신입,무기계약직,강원,,2026-08-03,https://job.alio.go.kr/recruitview.do?idx=302974,,2026-09-07 17:24:25
잡알리오,한국전력공사,기간제 근로자(대체인력) 채용공고[인재개발원],"보건.의료 / 간호직,보건직",신입,비정규직,서울,,2026-08-05,https://job.alio.go.kr/recruitview.do?idx=302975,,2026-09-07 17:24:26
잡알리오,국민연금공단,"[국민연금공단 서울남부지역본부] 공무직(시설직, 보안직) 및 기간제근로자(시설직) 공개채용 공고","경비.청소,기계 / 공무직,계약직",신입+경력,"무기계약직 
										외 1","서울 
										외 1",,2026-07-29,https://job.alio.go.kr/recruitview.do?idx=302976,,2026-09-07 17:24:26
잡알리오,한국수력원자력(주),2026년 제2차 체코원전사업처 기간제근로자(통·번역사) 채용,경영.회계.사무 / 계약직,신입+경력,비정규직,경북,,2026-08-07,https://job.alio.go.kr/recruitview.do?idx=302977,,2026-09-07 17:24:28
잡알리오,한국문화예술위원회,2026년 한국문화예술위원회 일반직Ⅱ(기록물관리전문요원) 채용,"경영.회계.사무,문화.예술.디자인.방송 / 일반직",신입+경력,무기계약직,전남광주,,2026-08-05,https://job.alio.go.kr/recruitview.do?idx=302979,,2026-09-07 17:24:28
잡알리오,한국수자원공사,"[한국수자원공사] 금강경영처 단기계약근로자(사무관리_서무보조, 비서 등) 채용 공고(육아휴직 대체인력, 장애인 제한채용)",경영.회계.사무 / 계약직,신입+경력,비정규직,전북,,2026-08-05,https://job.alio.go.kr/recruitview.do?idx=302980,,2026-09-07 17:24:29
잡알리오,한국보훈복지의료공단,"[전주보훈요양원] 간호사(육아휴직 대체 계약직), 체험형 청년인턴 채용 공고","사회복지.종교 / 기타(사회복지직(간호사), 청년인턴직)",신입+경력,"비정규직 
										외 1",전북,,2026-08-07,https://job.alio.go.kr/recruitview.do?idx=302981,,2026-09-07 17:24:30
잡알리오,한국장애인고용공단,[한국장애인고용공단 경기북부지사] 기간제 대체근로자 채용 공고,"교육.자연.사회과학 / 사무직,계약직,상담직,기타(교사직)",신입+경력,비정규직,경기,,2026-08-04,https://job.alio.go.kr/recruitview.do?idx=302982,,2026-09-07 17:24:30
잡알리오,국립공원공단,국립공원공단 공무직·기간제 직원 채용,"경영.회계.사무,경비.청소 / 공무직,계약직",신입+경력,"무기계약직 
										외 1",강원,,2026-08-05,https://job.alio.go.kr/recruitview.do?idx=302983,,2026-09-07 17:24:31
잡알리오,부산대학교병원,"계약직(보건직,간호조무직) 공개채용 모집 공고","보건.의료 / 보건직,기타(간호조무직)",신입,비정규직,부산,,2026-08-06,https://job.alio.go.kr/recruitview.do?idx=302984,,2026-09-07 17:24:32
잡알리오,한국석유관리원,2026년 한국석유관리원 채용형 인턴 채용공고,"경영.회계.사무,기계,화학,환경.에너지.안전,연구 / 사무직,연구직,기술직",신입,청년인턴(채용형),"부산 
										외 8",,2026-08-06,https://job.alio.go.kr/recruitview.do?idx=302985,,2026-09-07 17:24:33
잡알리오,한국연구재단,한국연구재단 PM(나노·소재단장) 초빙 공고,사업관리 / 계약직,신입+경력,비정규직,대전,,2026-08-11,https://job.alio.go.kr/recruitview.do?idx=302986,,2026-09-07 17:24:34
잡알리오,한국노동연구원,한국노동연구원 기간제 연구보조원(연구직) 채용 공고,연구 / 연구직,신입+경력,비정규직,세종,,2026-08-05,https://job.alio.go.kr/recruitview.do?idx=302987,,2026-09-07 17:24:34
잡알리오,한국교통연구원,2026년 직원 채용(3차) 공고,"경영.회계.사무 / 경영직,연구직",신입+경력,"무기계약직 
										외 2",세종,,2026-08-06,https://job.alio.go.kr/recruitview.do?idx=302988,,2026-09-07 17:24:35
잡알리오,국립공원공단,(수정) [내장산] 2026년 내장산국립공원사무소 기간제(수익시설) 직원 추가 채용 공고,"경비.청소,이용.숙박.여행.오락.스포츠 / 계약직",신입+경력,비정규직,전북,,2026-07-27,https://job.alio.go.kr/recruitview.do?idx=302989,,2026-09-07 17:24:37
잡알리오,한국환경연구원,[한국환경연구원] 임시직(국제 탄소감축 정책 연구) 채용공고(0722),연구 / 연구직,신입+경력,비정규직,세종,,2026-08-06,https://job.alio.go.kr/recruitview.do?idx=302990,,2026-09-07 17:24:37
잡알리오,공무원연금공단,자금운용 전문계약직(해외투자팀장) 채용 재공고,"금융.보험 / 사무직,전문직",경력,비정규직,서울,,2026-08-05,https://job.alio.go.kr/recruitview.do?idx=302992,,2026-09-07 17:24:37
잡알리오,한국수력원자력(주),2026년도 제4차 신입사원(고졸수준 일반전형) 선발,"기계,전기.전자 / 기술직",신입,정규직,"부산 
										외 8",,2026-08-07,https://job.alio.go.kr/recruitview.do?idx=302994,,2026-09-07 17:24:39
잡알리오,충남대학교병원,[세종] 2026년 7월 보조금계약직 직원 채용공고(2차),보건.의료 / 계약직,신입+경력,비정규직,세종,,2026-08-05,https://job.alio.go.kr/recruitview.do?idx=302995,,2026-09-07 17:24:39
잡알리오,경북대학교병원,"칠곡경북대학교병원 2026년 7월 4차 임시직원 채용공고(시설기술(건축, 설비), 업무보조, 간호조무)",보건.의료 / 계약직,신입+경력,비정규직,대구,,2026-07-28,https://job.alio.go.kr/recruitview.do?idx=302996,,2026-09-07 17:24:41
잡알리오,경북대학교병원,칠곡경북대학교병원 2026년 제2차 단기 결원 대체인력풀(특별청소 간호사 간호조무) 모집 공고,보건.의료 / 계약직,신입+경력,비정규직,대구,,2026-08-07,https://job.alio.go.kr/recruitview.do?idx=302997,,2026-09-07 17:24:41
잡알리오,의료기관평가인증원,의료기관평가인증원 2026년 제2회 직원채용 공고,"사업관리,보건.의료 / 연구직",신입+경력,정규직,서울,,2026-08-12,https://job.alio.go.kr/recruitview.do?idx=303000,,2026-09-07 17:24:43
잡알리오,한국수자원공사,[한국수자원공사] 안전본부 단기계약근로자(보건관리) 채용 공고(휴직 대체인력),보건.의료 / 계약직,신입+경력,비정규직,대전,,2026-08-06,https://job.alio.go.kr/recruitview.do?idx=303001,,2026-09-07 17:24:43
잡알리오,대한적십자사,[중부혈액검사센터] 비정규직 한시적 기간제(장애인) 채용 모집 공고,보건.의료 / 기타,신입,비정규직,대전,,2026-08-07,https://job.alio.go.kr/recruitview.do?idx=303002,,2026-09-07 17:24:44
잡알리오,대한적십자사,[중부혈액검사센터] 비정규직 임상병리사(육아휴직 대체근로자) 모집 공고(7개월),보건.의료 / 보건직,신입,비정규직,대전,,2026-08-07,https://job.alio.go.kr/recruitview.do?idx=303003,,2026-09-07 17:24:45
잡알리오,한전KPS(주),한전KPS(주) 영흥사업처 5호기 계획예방정비공사 단기노무원 모집(전기2팀),"건설,전기.전자 / 계약직",신입+경력,비정규직,인천,,2026-08-03,https://job.alio.go.kr/recruitview.do?idx=303004,,2026-09-07 17:24:47
잡알리오,한전KPS(주),한전KPS(주) 영흥사업처 5호기 계획예방정비공사 단기노무원 모집(기술부),"경영.회계.사무,건설,기계 / 계약직",신입+경력,비정규직,인천,,2026-07-31,https://job.alio.go.kr/recruitview.do?idx=303005,,2026-09-07 17:24:47
잡알리오,한전KPS(주),한전KPS(주) 영흥사업처 5호기 계획예방정비공사 단기노무원 모집(총무부),"경영.회계.사무,건설 / 계약직",신입+경력,비정규직,인천,,2026-07-29,https://job.alio.go.kr/recruitview.do?idx=303006,,2026-09-07 17:24:48
잡알리오,재단법인 장애인기업종합지원센터,"2026년 제5차 장애인기업종합지원센터 직원채용 공고[기간제_안동, 아산, 충남, 익산]","사업관리,경영.회계.사무 / 행정직",신입,비정규직,"충남 
										외 2",,2026-08-10,https://job.alio.go.kr/recruitview.do?idx=303007,,2026-09-07 17:24:49
잡알리오,국립공원공단,(수정) [내장산] 2026년 내장산국립공원사무소 기간제(환경관리) 직원 채용 공고,환경.에너지.안전 / 계약직,신입+경력,비정규직,전북,,2026-07-21,https://job.alio.go.kr/recruitview.do?idx=303008,,2026-09-07 17:24:50
잡알리오,서울올림픽기념국민체육진흥공단,'2026년 스포츠클럽디비전(승강제리그) 사업 평가 및 개선방안 ' 초빙연구원(가급) 채용 공고,연구 / 계약직,신입+경력,비정규직,서울,,2026-08-03,https://job.alio.go.kr/recruitview.do?idx=303009,,2026-09-07 17:24:51
잡알리오,한국수자원공사,[한국수자원공사] 보령권지사 장항물재생센터 단기계약근로자(하수도 시설운영 지원) 채용 공고(휴직 대체인력),"화학,환경.에너지.안전 / 계약직",신입+경력,비정규직,충남,,2026-08-03,https://job.alio.go.kr/recruitview.do?idx=303010,,2026-09-07 17:24:51
잡알리오,한국형사·법무정책연구원,한국형사·법무정책연구원 2026년도 제12차 채용공고[인턴연구원],연구 / 연구직,신입+경력,비정규직,서울,,2026-08-06,https://job.alio.go.kr/recruitview.do?idx=303011,,2026-09-07 17:24:52
잡알리오,국립공원공단,[계룡산] 2026년 계룡산국립공원사무소 기간제(한시인력-수익시설) 직원 채용 재공고,환경.에너지.안전 / 계약직,신입+경력,비정규직,충남,,2026-07-28,https://job.alio.go.kr/recruitview.do?idx=303012,,2026-09-07 17:24:53
잡알리오,근로복지공단,[안산병원] 장애전형 청년(체험형)인턴 채용 공고,보건.의료 / 계약직,신입,청년인턴(채용형),경기,,2026-07-30,https://job.alio.go.kr/recruitview.do?idx=303013,,2026-09-07 17:24:53
잡알리오,학교법인한국폴리텍,한국폴리텍대학 울산캠퍼스 2026년 하반기 업무지원직(식당파트타임) 채용 공고,음식서비스 / 기타(식당보조),신입+경력,비정규직,울산,,2026-07-31,https://job.alio.go.kr/recruitview.do?idx=303014,,2026-09-07 17:24:54
잡알리오,한국토지주택공사,한국토지주택공사 경기남부지역본부 기간제근로자 채용공고,"경영.회계.사무,사회복지.종교,건설,전기.전자,환경.에너지.안전 / 계약직",신입+경력,비정규직,경기,,2026-08-10,https://job.alio.go.kr/recruitview.do?idx=303015,,2026-09-07 17:24:55
잡알리오,KDI국제정책대학원,[KDI국제정책대학원] 2026년 제6차 직원 채용(공무직(미화)),경비.청소 / 공무직,신입+경력,무기계약직,세종,,2026-08-10,https://job.alio.go.kr/recruitview.do?idx=303016,,2026-09-07 17:24:56
잡알리오,한국석유관리원,업무지원직(미화) 채용 공고,경비.청소 / 공무직,신입,무기계약직,충북,,2026-08-07,https://job.alio.go.kr/recruitview.do?idx=303017,,2026-09-07 17:24:56
잡알리오,한국도로공사,한국도로공사 양양지사 기간제근로자(안전순찰원) 채용공고,운전.운송 / 기타(안전순찰원),신입+경력,비정규직,강원,,2026-07-30,https://job.alio.go.kr/recruitview.do?idx=303018,,2026-09-07 17:24:57
잡알리오,(재)우체국물류지원단,"우체국물류지원단 대전지사 천안사업소 기간제(운전직, 연차자대체) 채용 공고",운전.운송 / 기타(운전직),신입+경력,비정규직,충남,,2026-07-29,https://job.alio.go.kr/recruitview.do?idx=303019,,2026-09-07 17:24:58
잡알리오,한국전력공사,2026년 제2차 장애인 체험형 인턴 모집공고[경북본부],경영.회계.사무 / 사무직,신입,청년인턴(체험형),경북,,2026-08-06,https://job.alio.go.kr/recruitview.do?idx=303020,,2026-09-07 17:24:59
잡알리오,국립공원공단,국립공원공단 공무직(사무행정_비서) 직원 채용,경영.회계.사무 / 공무직,신입+경력,무기계약직,강원,,2026-08-06,https://job.alio.go.kr/recruitview.do?idx=303021,,2026-09-07 17:25:00
잡알리오,국민건강보험공단 일산병원,"2026년 7월 업무지원직 모집공고(간호직, 기능직)","법률.경찰.소방.교도.국방,보건.의료,경비.청소,기계,정보통신 / 간호직,기능직",신입+경력,무기계약직,경기,,2026-08-10,https://job.alio.go.kr/recruitview.do?idx=303022,,2026-09-07 17:25:01
잡알리오,재단법인 한국자활복지개발원,2026년 제3차 한국자활복지개발원 직원채용 공고,"사업관리,경영.회계.사무,교육.자연.사회과학,사회복지.종교,경비.청소,정보통신,연구 / 일반직,행정직,연구직,시설직,전산직",신입+경력,"무기계약직 
										외 2","서울 
										외 1",,2026-08-07,https://job.alio.go.kr/recruitview.do?idx=303024,,2026-09-07 17:25:01
잡알리오,한국전력공사,2026년도 NDIS데이터관리원 채용공고,전기.전자 / 기술직,신입,정규직,"강원 
										외 3",,2026-08-06,https://job.alio.go.kr/recruitview.do?idx=303025,,2026-09-07 17:25:02
잡알리오,(재)우체국물류지원단,우체국물류지원단 서울지사 동서울물류사업소 기간제(발착직) 채용 공고,운전.운송 / 기타(발착직),신입+경력,비정규직,서울,,2026-07-29,https://job.alio.go.kr/recruitview.do?idx=303026,,2026-09-07 17:25:03
잡알리오,한국가스안전공사,2026년 한국가스안전공사 하반기 공무직 및 청년인턴 채용공고,"경비.청소,기계,전기.전자,환경.에너지.안전 / 공무직,계약직",신입,"무기계약직 
										외 1","경기 
										외 4",,2026-08-07,https://job.alio.go.kr/recruitview.do?idx=303027,,2026-09-07 17:25:04
잡알리오,한국영유아보육·교육진흥원,[한국영유아보육·교육진흥원] 2026년 제3차 직원 채용 공고,"사업관리,경영.회계.사무,환경.에너지.안전 / 일반직,사무직,전산직,공무직",신입+경력,"무기계약직 
										외 3",서울,,2026-08-06,https://job.alio.go.kr/recruitview.do?idx=303028,,2026-09-07 17:25:05
잡알리오,경북대학교병원,"2026년 7월 제3차 임시직원 모집 공고(간호조무사, 미화청소, 임상병리사, 행정, 가정간호사)","보건.의료 / 행정직,간호직,기타(의료기술)",신입,비정규직,대구,,2026-07-28,https://job.alio.go.kr/recruitview.do?idx=303029,,2026-09-07 17:25:06
잡알리오,경북대학교병원,2026년 제4차 단기 결원 대체인력풀(POOL) 모집 공고,보건.의료 / 운영직,신입,비정규직,대구,,2026-08-07,https://job.alio.go.kr/recruitview.do?idx=303030,,2026-09-07 17:25:07
잡알리오,대한적십자사,인천적십자병원 정규직 간호사 채용공고,보건.의료 / 간호직,신입,정규직,인천,,2026-08-07,https://job.alio.go.kr/recruitview.do?idx=303033,,2026-09-07 17:25:08
잡알리오,한국문화관광연구원,한국문화관광연구원 위촉직원 채용 공고[2026-28],"연구 / 연구직,계약직",신입,비정규직,서울,,2026-07-30,https://job.alio.go.kr/recruitview.do?idx=303031,,2026-09-07 17:25:08
잡알리오,강원대학교병원,2026-35 연구직(연구교수) 채용 공고,"보건.의료,연구 / 연구직",신입,비정규직,강원,,2026-08-06,https://job.alio.go.kr/recruitview.do?idx=303035,,2026-09-07 17:25:09
잡알리오,대한적십자사,인천적십자병원 비정규직 사회복지사 채용공고,보건.의료 / 보건직,신입,비정규직,인천,,2026-08-07,https://job.alio.go.kr/recruitview.do?idx=303034,,2026-09-07 17:25:09
잡알리오,강원대학교병원,2026-36(의사직_강릉의료원 파견의_내과) 채용 공고,보건.의료 / 의사직,신입,비정규직,강원,,2026-08-06,https://job.alio.go.kr/recruitview.do?idx=303036,,2026-09-07 17:25:10
잡알리오,한국문화관광연구원,한국문화관광연구원 위촉직원 채용 공고 [2026-27],"연구 / 연구직,계약직",신입,비정규직,서울,,2026-07-30,https://job.alio.go.kr/recruitview.do?idx=303037,,2026-09-07 17:25:11
잡알리오,한국원자력의학원,별정직 직원모집 공고(영상의학과),보건.의료 / 별정직,신입+경력,비정규직,서울,,2026-08-07,https://job.alio.go.kr/recruitview.do?idx=303038,,2026-09-07 17:25:12
잡알리오,국민연금공단,국민연금연구원 연구직 채용 공고,연구 / 연구직,신입,정규직,전북,,2026-08-10,https://job.alio.go.kr/recruitview.do?idx=303040,,2026-09-07 17:25:13
잡알리오,근로복지공단,[대전지역본부] 공무직(보험가입조사원) 채용 공고,경영.회계.사무 / 공무직,신입,무기계약직,대전,,2026-07-31,https://job.alio.go.kr/recruitview.do?idx=303041,,2026-09-07 17:25:13
잡알리오,국민건강보험공단 일산병원,"2026년 7월 기간제근로자 모집공고(사무직, 전산직, 간호직, 기능직, 보건직)","경영.회계.사무,보건.의료,경비.청소,정보통신 / 사무직,전산직,간호직,약무직,보건직,기능직",신입+경력,비정규직,경기,,2026-08-10,https://job.alio.go.kr/recruitview.do?idx=303042,,2026-09-07 17:25:14
잡알리오,한국농어촌공사,한국농어촌공사 화성수원지사 및 파주지사 계약직(휴직 대체인력) 채용 공고,"사업관리,경영.회계.사무,농림어업 / 계약직",신입+경력,비정규직,경기,,2026-08-10,https://job.alio.go.kr/recruitview.do?idx=303043,,2026-09-07 17:25:14
잡알리오,국민건강보험공단 일산병원,2026년도 하반기 수련생(체험형 청년인턴) 모집공고,보건.의료 / 보건직,신입,청년인턴(체험형),경기,,2026-08-10,https://job.alio.go.kr/recruitview.do?idx=303044,,2026-09-07 17:25:15
잡알리오,전남대학교병원,2026년 하반기 전남대학교병원 직원(고용직) 공개채용 공고,보건.의료 / 기타(원무직),신입,무기계약직,전남광주,,2026-08-07,https://job.alio.go.kr/recruitview.do?idx=303045,,2026-09-07 17:25:16
잡알리오,전남대학교병원,2026년 하반기 전남대학교병원 직원(수습직) 공개채용 공고,"보건.의료 / 행정직,보건직",신입,정규직,전남광주,,2026-08-07,https://job.alio.go.kr/recruitview.do?idx=303046,,2026-09-07 17:25:17
잡알리오,전남대학교병원,2026년 전남대학교병원 직원(간호직) 공개채용 공고,보건.의료 / 간호직,신입,정규직,전남광주,,2026-08-07,https://job.alio.go.kr/recruitview.do?idx=303047,,2026-09-07 17:25:18
잡알리오,국민건강보험공단 일산병원,2026년도 하반기 일반직(간호직 6급) 채용 공고,보건.의료 / 간호직,신입+경력,정규직,경기,,2026-08-10,https://job.alio.go.kr/recruitview.do?idx=303048,,2026-09-07 17:25:19
잡알리오,대한적십자사,대한적십자사 서울특별시지사 초단시간 근로자(계약직) 채용공고,경영.회계.사무 / 계약직,신입,비정규직,서울,,2026-08-09,https://job.alio.go.kr/recruitview.do?idx=303049,,2026-09-07 17:25:19
잡알리오,한국산업안전보건공단,[안전보건공단] 2026년도 체험형 인턴 채용공고,"사업관리,경영.회계.사무,환경.에너지.안전 / 행정직,사무직",신입,청년인턴(체험형),"서울 
										외 14",,2026-08-04,https://job.alio.go.kr/recruitview.do?idx=303050,,2026-09-07 17:25:20
잡알리오,대한적십자사,대한적십자사 서울특별시지사 한시적근로자(사무보조) 모집공고,경영.회계.사무 / 계약직,신입,정규직,서울,,2026-08-09,https://job.alio.go.kr/recruitview.do?idx=303051,,2026-09-07 17:25:21
잡알리오,대한적십자사,대한적십자사 서울특별시지사 계약직 휴직대체인력 모집공고,경영.회계.사무 / 계약직,신입,비정규직,서울,,2026-08-09,https://job.alio.go.kr/recruitview.do?idx=303052,,2026-09-07 17:25:22
잡알리오,경상국립대학교병원,2026년 하반기 의사직 채용 공고,보건.의료 / 의사직,신입+경력,정규직,경남,,2026-07-30,https://job.alio.go.kr/recruitview.do?idx=303053,,2026-09-07 17:25:22
잡알리오,한국청소년활동진흥원,2026년 제1차 개방형 직위 채용 공고,"경영.회계.사무,사회복지.종교 / 경영직",경력,비정규직,"강원 
										외 1",,2026-08-10,https://job.alio.go.kr/recruitview.do?idx=303055,,2026-09-07 17:25:23
잡알리오,국립공원공단,"[덕유산] 덕유산국립공원 여름성수기 한시인력(수익시설, 환경관리) 직원 채용 공고",환경.에너지.안전 / 계약직,신입+경력,비정규직,전북,,2026-07-28,https://job.alio.go.kr/recruitview.do?idx=303057,,2026-09-07 17:25:24
잡알리오,경상국립대학교병원,[창원경상국립대학교병원] 전문직1등급(촉탁의) 채용공고,보건.의료 / 의사직,신입,비정규직,경남,,2026-12-31,https://job.alio.go.kr/recruitview.do?idx=303058,,2026-09-07 17:25:24
잡알리오,서울올림픽기념국민체육진흥공단,서울올림픽기념국민체육진흥공단 경정 조리원 채용 공고,음식서비스 / 위생직,신입+경력,무기계약직,경기,,2026-08-07,https://job.alio.go.kr/recruitview.do?idx=303059,,2026-09-07 17:25:26
잡알리오,서울올림픽기념국민체육진흥공단,서울올림픽기념국민체육진흥공단 경륜·경정 지원직 채용 공고,"영업판매,이용.숙박.여행.오락.스포츠,정보통신 / 운영직,상담직,기타",신입+경력,무기계약직,"서울 
										외 1",,2026-08-07,https://job.alio.go.kr/recruitview.do?idx=303060,,2026-09-07 17:25:26
잡알리오,서울올림픽기념국민체육진흥공단,서울올림픽기념국민체육진흥공단 경륜·경정 콘텐츠 디자인 채용 공고,문화.예술.디자인.방송 / 운영직,신입+경력,무기계약직,경기,,2026-08-07,https://job.alio.go.kr/recruitview.do?idx=303061,,2026-09-07 17:25:27
잡알리오,서울올림픽기념국민체육진흥공단,서울올림픽기념국민체육진흥공단 경륜·경정 파트너(발매) 채용 공고,"이용.숙박.여행.오락.스포츠 / 운영직,기타",신입+경력,무기계약직,"서울 
										외 2",,2026-08-07,https://job.alio.go.kr/recruitview.do?idx=303062,,2026-09-07 17:25:28
잡알리오,한국원자력안전기술원,한국원자력안전기술원 2026년 4차 청년인턴 공개채용 공고,"경영.회계.사무,환경.에너지.안전 / 계약직",신입,청년인턴(체험형),대전,,2026-08-06,https://job.alio.go.kr/recruitview.do?idx=303063,,2026-09-07 17:25:28
잡알리오,근로복지공단,"[울산병원] 의료직 2, 3급(약사) 채용 공고",보건.의료 / 약무직,경력,정규직,울산,,2026-08-03,https://job.alio.go.kr/recruitview.do?idx=303065,,2026-09-07 17:25:29
잡알리오,(재)우체국물류지원단,"우체국물류지원단 경인지사 안양,부평물류사업소 기간제(우편물구분) 채용 공고",운전.운송 / 기타(발착직),신입+경력,비정규직,경기,,2026-07-30,https://job.alio.go.kr/recruitview.do?idx=303066,,2026-09-07 17:25:30
잡알리오,한국보건사회연구원,한국보건사회연구원 계약직 채용 공고(인구정책연구실 및 재정통계연구실),"사업관리,연구 / 연구직",신입,비정규직,세종,,2026-08-10,https://job.alio.go.kr/recruitview.do?idx=303067,,2026-09-07 17:25:31
잡알리오,(재)우체국물류지원단,"우체국물류지원단 경인지사 안양,부평물류사업소 기간제(우편물구분) 채용 공고",운전.운송 / 기타(발착직),신입+경력,비정규직,경기,,2026-07-30,https://job.alio.go.kr/recruitview.do?idx=303069,,2026-09-07 17:25:31
잡알리오,(재)우체국물류지원단,우체국물류지원단 경인지사 안양물류사업소 기간제(우편물구분) 채용 공고,운전.운송 / 기타(발착직),신입+경력,비정규직,경기,,2026-07-30,https://job.alio.go.kr/recruitview.do?idx=303070,,2026-09-07 17:25:32
잡알리오,한국보훈복지의료공단,[원주보훈요양원] 2026년 제4차 요양보호직 공개채용,사회복지.종교 / 기타(요양보호직),신입+경력,정규직,강원,,2026-08-09,https://job.alio.go.kr/recruitview.do?idx=303071,,2026-09-07 17:25:32
잡알리오,충남대학교병원,"[대전] 2026년 7월 충남대학교병원 업무지원직(기계기사, 전기기사, 환경사) 공개채용","금융.보험 / 기술직,기능직",신입,정규직,대전,,2026-08-10,https://job.alio.go.kr/recruitview.do?idx=303072,,2026-09-07 17:25:33
잡알리오,(재)한국통계정보원,[제2026-08] 한국통계정보원 무기계약직(경력직) 제한경쟁 채용 공고,경영.회계.사무 / 행정직,경력,무기계약직,대전,,2026-08-07,https://job.alio.go.kr/recruitview.do?idx=303073,,2026-09-07 17:25:34
잡알리오,한국보훈복지의료공단,[대전보훈요양원] 체험형 청년인턴(장애인) 채용 공고,사회복지.종교 / 기타(청년인턴),신입,청년인턴(체험형),대전,,2026-08-03,https://job.alio.go.kr/recruitview.do?idx=303075,,2026-09-07 17:25:35
잡알리오,한국교육개발원,2026년도 제8차 직원 채용 공고,"사업관리,경영.회계.사무 / 행정직,운영직",신입,"무기계약직 
										외 1",충북,,2026-08-10,https://job.alio.go.kr/recruitview.do?idx=303076,,2026-09-07 17:25:36
잡알리오,대한적십자사,경인권역재활병원 비정규직(기간제) 보조원(장애인 제한경쟁) 채용 공고,보건.의료 / 기타(일반노무직),신입,비정규직,인천,,2026-08-10,https://job.alio.go.kr/recruitview.do?idx=303077,,2026-09-07 17:25:37
잡알리오,한국장애인개발원,[제2026-83호]2026년 제4차 울산광역시장애아·발달장애인지원센터(장애아동지원팀) 기간제 계약직 채용 공고,"사회복지.종교 / 일반직,사무직",신입+경력,비정규직,울산,,2026-08-10,https://job.alio.go.kr/recruitview.do?idx=303078,,2026-09-07 17:25:37
잡알리오,학교법인한국폴리텍,한국폴리텍대학 남인천캠퍼스 체험형 청년인턴(장애) 채용 공고,경영.회계.사무 / 행정직,신입+경력,청년인턴(체험형),인천,,2026-08-12,https://job.alio.go.kr/recruitview.do?idx=303080,,2026-09-07 17:25:38
잡알리오,한국환경보전원,한국환경보전원 중부지사 금강수변생태관리단 기간제 직원 채용공고,환경.에너지.안전 / 행정직,신입+경력,비정규직,대전,,2026-08-02,https://job.alio.go.kr/recruitview.do?idx=303081,,2026-09-07 17:25:39
잡알리오,부산대학교병원,"2026년 7월 계약직의사(중환자실 전담전문의, 영상의학과) 공개채용 모집 공고",보건.의료 / 의사직,신입+경력,비정규직,경남,,2026-08-11,https://job.alio.go.kr/recruitview.do?idx=303082,,2026-09-07 17:25:39
잡알리오,분당서울대학교병원,"분당서울대학교병원 직원(계약간호직, 계약보건직) 채용공고","보건.의료 / 간호직,보건직",신입+경력,비정규직,경기,,2026-08-04,https://job.alio.go.kr/recruitview.do?idx=303083,,2026-09-07 17:25:40
잡알리오,분당서울대학교병원,분당서울대학교병원 직원(계약전문연구요원) 채용공고,보건.의료 / 연구직,신입,비정규직,경기,,2026-08-04,https://job.alio.go.kr/recruitview.do?idx=303084,,2026-09-07 17:25:41
잡알리오,분당서울대학교병원,분당서울대학교병원 단시간일반직 채용공고,보건.의료 / 보건직,신입,비정규직,경기,,2026-08-04,https://job.alio.go.kr/recruitview.do?idx=303085,,2026-09-07 17:25:41
잡알리오,대한적십자사,(통영적십자병원) 계약직 약사 채용 공고,보건.의료 / 약무직,신입,비정규직,경남,,2026-08-04,https://job.alio.go.kr/recruitview.do?idx=303086,,2026-09-07 17:25:42
잡알리오,코레일테크(주),2026년 제2차 본사(지사) 기간제사원 채용 공고,"사업관리,경영.회계.사무,보건.의료,건설,환경.에너지.안전 / 사무직,보건직,안전직",신입+경력,"비정규직 
										외 1","서울 
										외 2",,2026-08-10,https://job.alio.go.kr/recruitview.do?idx=303087,,2026-09-07 17:25:43
잡알리오,한국보훈복지의료공단,"[부산보훈병원] 계약직(행정, 임상병리사-단시간, 사회복지사) 긴급채용공고",보건.의료 / 계약직,신입+경력,비정규직,부산,,2026-08-06,https://job.alio.go.kr/recruitview.do?idx=303088,,2026-09-07 17:25:44
잡알리오,충남대학교병원,[세종] 임상교수요원(류마티스내과) 공개채용 상시모집공고,보건.의료 / 의사직,신입+경력,정규직,세종,,2026-12-31,https://job.alio.go.kr/recruitview.do?idx=303089,,2026-09-07 17:25:44
잡알리오,충남대학교병원,[대전] 마취통증의학과 계약직 의사 공개채용 모집공고,보건.의료 / 의사직,신입+경력,비정규직,대전,,2026-08-10,https://job.alio.go.kr/recruitview.do?idx=303090,,2026-09-07 17:25:45
잡알리오,한국보훈복지의료공단,[부산보훈병원] 업무지원직(청소) 긴급채용공고,보건.의료 / 기타(업무지원직),신입+경력,무기계약직,부산,,2026-08-06,https://job.alio.go.kr/recruitview.do?idx=303091,,2026-09-07 17:25:46
잡알리오,분당서울대학교병원,분당서울대학교병원 단시간일반직(선임급연구원) 채용공고,보건.의료 / 연구직,신입,비정규직,경기,,2026-08-04,https://job.alio.go.kr/recruitview.do?idx=303092,,2026-09-07 17:25:47
잡알리오,한국농어촌공사,한국농어촌공사 서천지사 계약직(육아휴직 대체인력) 채용 공고,"사업관리,경영.회계.사무,농림어업 / 계약직",신입+경력,비정규직,충남,,2026-08-11,https://job.alio.go.kr/recruitview.do?idx=303093,,2026-09-07 17:25:47
잡알리오,분당서울대학교병원,분당서울대학교병원 단시간일반직(선임급연구원) 채용공고,보건.의료 / 연구직,신입,비정규직,경기,,2026-08-04,https://job.alio.go.kr/recruitview.do?idx=303094,,2026-09-07 17:25:48
잡알리오,한국보훈복지의료공단,"[부산보훈병원] 청년인턴(체험형-일반, 장애) 긴급채용공고",보건.의료 / 기타(청년인턴직(체험형)),신입+경력,청년인턴(체험형),부산,,2026-08-06,https://job.alio.go.kr/recruitview.do?idx=303095,,2026-09-07 17:25:49
잡알리오,한국보훈복지의료공단,[부산보훈병원] 외과 전문의 긴급채용공고,보건.의료 / 의사직,신입+경력,비정규직,부산,,2026-08-06,https://job.alio.go.kr/recruitview.do?idx=303096,,2026-09-07 17:25:49
잡알리오,한국예술인복지재단,한국예술인복지재단 2026년 제5차 직원 채용 공고(계약직),문화.예술.디자인.방송 / 일반직,신입,비정규직,서울,,2026-08-05,https://job.alio.go.kr/recruitview.do?idx=303097,,2026-09-07 17:25:50
잡알리오,한국행정연구원,2026년 제3차 청년인턴(장애인 제한경쟁) 채용 공고,경영.회계.사무 / 행정직,신입+경력,청년인턴(체험형),서울,,2026-08-10,https://job.alio.go.kr/recruitview.do?idx=303098,,2026-09-07 17:25:51
잡알리오,학교법인한국폴리텍,한국폴리텍대학 서울강서캠퍼스 2026년 청년인턴 제한경쟁(장애인) 채용 공고,경영.회계.사무 / 행정직,신입+경력,청년인턴(체험형),서울,,2026-08-04,https://job.alio.go.kr/recruitview.do?idx=303099,,2026-09-07 17:25:52
잡알리오,학교법인한국폴리텍,한국폴리텍대학 서울강서캠퍼스 2026년 청년인턴(일반) 채용 공고,"경영.회계.사무 / 행정직,사무직,계약직",신입+경력,청년인턴(체험형),서울,,2026-08-04,https://job.alio.go.kr/recruitview.do?idx=303100,,2026-09-07 17:25:53
잡알리오,한국도로공사,2026년 하반기 한국도로공사 체험형 청년인턴 채용 공고,"경영.회계.사무,건설 / 행정직,기술직",신입,청년인턴(체험형),"인천 
										외 11",,2026-08-10,https://job.alio.go.kr/recruitview.do?idx=303101,,2026-09-07 17:25:53
잡알리오,한국보훈복지의료공단,한국보훈복지의료공단 2026년 사무직 신입사원 채용공고,"경영.회계.사무,법률.경찰.소방.교도.국방,보건.의료,사회복지.종교,정보통신 / 사무직",신입,정규직,"서울 
										외 12",,2026-08-10,https://job.alio.go.kr/recruitview.do?idx=303102,,2026-09-07 17:25:55
잡알리오,한국전력국제원자력대학원대학교,[한국전력국제원자력대학원대학교] 기간제근로자(사무행정) 채용,"경영.회계.사무,교육.자연.사회과학 / 행정직,사무직,계약직",신입,비정규직,울산,,2026-08-17,https://job.alio.go.kr/recruitview.do?idx=303105,,2026-09-07 17:25:55
잡알리오,근로복지공단,[동해병원] 의료직 4급(약사) 채용 공고,보건.의료 / 약무직,신입,정규직,강원,,2026-08-06,https://job.alio.go.kr/recruitview.do?idx=303106,,2026-09-07 17:25:56
잡알리오,한국도로공사,한국도로공사 인천지사 기간제근로자(상황관리원) 채용공고,환경.에너지.안전 / 기타(상황관리원),신입+경력,비정규직,인천,,2026-08-03,https://job.alio.go.kr/recruitview.do?idx=303110,,2026-09-07 17:25:57
잡알리오,건강보험심사평가원,건강보험심사평가원 심사평가정책연구소장(개방형 직위) 채용 공고,"보건.의료,연구 / 연구직",경력,정규직,강원,,2026-08-11,https://job.alio.go.kr/recruitview.do?idx=303109,,2026-09-07 17:25:57
잡알리오,국방전직교육원,2026년 제2차 국방전직교육원 직원 채용 공고 - 정규직,"사업관리,경영.회계.사무,사회복지.종교 / 일반직",신입+경력,정규직,경기,,2026-08-11,https://job.alio.go.kr/recruitview.do?idx=303111,,2026-09-07 17:25:59
잡알리오,국립공원공단,[무등산] 2026년 무등산국립공원 한시인력(국립공원지킴이) 채용 공고,환경.에너지.안전 / 계약직,신입+경력,비정규직,전남광주,,2026-08-06,https://job.alio.go.kr/recruitview.do?idx=303112,,2026-09-07 17:25:59
잡알리오,국방전직교육원,2026년 제2차 국방전직교육원 직원 채용 공고 - 공무직,"사업관리,경영.회계.사무,사회복지.종교 / 일반직,행정직,상담직",신입+경력,무기계약직,경기,,2026-08-11,https://job.alio.go.kr/recruitview.do?idx=303113,,2026-09-07 17:26:00
잡알리오,국방전직교육원,2026년 제2차 국방전직교육원 직원 채용 공고 - 육아대체,"사업관리,경영.회계.사무,사회복지.종교 / 일반직,행정직,사무직",신입+경력,비정규직,경기,,2026-08-11,https://job.alio.go.kr/recruitview.do?idx=303114,,2026-09-07 17:26:00
잡알리오,한국토지주택공사,한국토지주택공사 토지주택연구원 기간제근로자 채용공고,"경영.회계.사무,연구 / 연구직,계약직",신입+경력,비정규직,"대전 
										외 1",,2026-08-11,https://job.alio.go.kr/recruitview.do?idx=303115,,2026-09-07 17:26:02
잡알리오,한국수자원공사,[한국수자원공사] 전남북부권지사 특수직(수탁운영_지방상수도 고객관리) 채용 공고,경영.회계.사무 / 계약직,신입+경력,비정규직,전남광주,,2026-08-10,https://job.alio.go.kr/recruitview.do?idx=303117,,2026-09-07 17:26:02
잡알리오,한국환경보전원,2026년 한국환경보전원 영산강수변생태관리단 매수토지관리팀 기간제(전담관리인) 직원 채용 공고,"환경.에너지.안전 / 행정직,기타(기타(전담관리인))",신입+경력,비정규직,전남광주,,2026-08-02,https://job.alio.go.kr/recruitview.do?idx=303118,,2026-09-07 17:26:03
잡알리오,서울올림픽기념국민체육진흥공단,(수정) 2026년 국가대표 현장밀착형 스포츠과학지원사업 3차 분석연구원 채용공고,연구 / 계약직,신입+경력,비정규직,충북,,2026-07-22,https://job.alio.go.kr/recruitview.do?idx=303120,,2026-09-07 17:26:04
잡알리오,국립암센터,국립암센터 소아청소년과 촉탁의(진료전담의) 초빙공고,보건.의료 / 의사직,신입+경력,비정규직,경기,,2026-08-12,https://job.alio.go.kr/recruitview.do?idx=303119,,2026-09-07 17:26:04
잡알리오,분당서울대학교병원,2026년도 분당서울대학교병원 임상강사(Fellow) 3차 추가초빙,보건.의료 / 의사직,신입+경력,정규직,경기,,2026-08-09,https://job.alio.go.kr/recruitview.do?idx=303121,,2026-09-07 17:26:05
잡알리오,국립공원공단,[덕유산] 덕유산국립공원사무소 2026년 국립공원지킴이 모집(2차) 공고,환경.에너지.안전 / 계약직,신입+경력,비정규직,전북,,2026-08-06,https://job.alio.go.kr/recruitview.do?idx=303122,,2026-09-07 17:26:06
잡알리오,한국보훈복지의료공단,"[광주보훈병원] 정규직-무기계약직 업무지원직(시설지원, 급식) 직원 채용 공고",보건.의료 / 기타(업무지원직),신입+경력,무기계약직,전남광주,,2026-08-06,https://job.alio.go.kr/recruitview.do?idx=303123,,2026-09-07 17:26:07
잡알리오,한국해양진흥공사,한국해양진흥공사 고령자 및 체험형 인턴(장애) 채용,"경영.회계.사무,금융.보험,운전.운송,음식서비스 / 일반직,행정직,경영직,사무직,기타(서비스직)",신입,"비정규직 
										외 1",부산,,2026-08-11,https://job.alio.go.kr/recruitview.do?idx=303124,,2026-09-07 17:26:09
잡알리오,한국공항공사,2026년 한국공항공사 체험형 인턴 공개 채용,"경영.회계.사무,경비.청소,건설,정보통신 / 계약직",신입,청년인턴(체험형),"서울 
										외 4",,2026-08-10,https://job.alio.go.kr/recruitview.do?idx=303125,,2026-09-07 17:26:09
잡알리오,학교법인한국폴리텍,한국폴리텍대학 대구캠퍼스 하반기 단시간근로자(식당업무보조) 2차 채용 공고,"음식서비스 / 계약직,기타",신입+경력,비정규직,대구,,2026-08-03,https://job.alio.go.kr/recruitview.do?idx=303126,,2026-09-07 17:26:11
잡알리오,한국환경연구원,[한국환경연구원] 임시직(환경보건정책) 채용공고(0727),연구 / 연구직,신입+경력,비정규직,세종,,2026-08-11,https://job.alio.go.kr/recruitview.do?idx=303127,,2026-09-07 17:26:11
잡알리오,한국공항공사,한국공항공사 하반기 경력직 등 공개 채용,"건설,정보통신,환경.에너지.안전 / 일반직,공무직",신입+경력,"무기계약직 
										외 1","서울 
										외 9",,2026-08-10,https://job.alio.go.kr/recruitview.do?idx=303130,,2026-09-07 17:26:12
잡알리오,한국수목원정원관리원,한국수목원정원관리원 2026년 제2차 신규직원 채용 공고,"보건.의료,이용.숙박.여행.오락.스포츠,농림어업 / 별정직",신입+경력,비정규직,경북,,2026-08-11,https://job.alio.go.kr/recruitview.do?idx=303131,,2026-09-07 17:26:13
잡알리오,과학기술사업화진흥원,[제2026-032호] 과학기술사업화진흥원 2026년 4차 신규직원(계약직_책임급) 채용 공고,"사업관리 / 일반직,행정직,사무직",경력,비정규직,서울,,2026-08-11,https://job.alio.go.kr/recruitview.do?idx=303133,,2026-09-07 17:26:14
잡알리오,한국수출입은행,"한국수출입은행 2026년 별정직원(임시직, 육아휴직 대체) 채용","경영.회계.사무,금융.보험 / 별정직",신입,비정규직,서울,,2026-08-11,https://job.alio.go.kr/recruitview.do?idx=303134,,2026-09-07 17:26:15
잡알리오,국립공원공단,"[북한산도봉] 2026년 북한산국립공원도봉사무소 기간제(수익시설, 3차) 직원 채용 추가접수 공고(제한경쟁)",이용.숙박.여행.오락.스포츠 / 계약직,신입+경력,비정규직,경기,,2026-07-31,https://job.alio.go.kr/recruitview.do?idx=303136,,2026-09-07 17:26:16
잡알리오,한국해외인프라도시개발지원공사,2026년 한국해외인프라도시개발지원공사(KIND) 직원(개방형직위) 채용 공고,"사업관리,경영.회계.사무,금융.보험 / 일반직,사무직",경력,비정규직,서울,,2026-08-10,https://job.alio.go.kr/recruitview.do?idx=303135,,2026-09-07 17:26:16
잡알리오,대한적십자사,(수정) (통영적십자병원) 정규직 기술원(시설) 채용 공고,보건.의료 / 기술직,신입,정규직,경남,,2026-08-13,https://job.alio.go.kr/recruitview.do?idx=303137,,2026-09-07 17:26:17
잡알리오,대한적십자사,(수정) (통영적십자병원) 정규직 취사원 채용 공고,보건.의료 / 기타(고용원),신입,정규직,경남,,2026-08-13,https://job.alio.go.kr/recruitview.do?idx=303138,,2026-09-07 17:26:18
잡알리오,한국부동산원,한국부동산원 신입 및 경력직원 채용 공고,"경영.회계.사무,영업판매,건설,정보통신,농림어업 / 사무직",신입+경력,"청년인턴(채용형) 
										외 1","서울 
										외 15",,2026-08-13,https://job.alio.go.kr/recruitview.do?idx=303139,,2026-09-07 17:26:19
잡알리오,한국수력원자력(주),"2026년도 제6차 경력사원(전문원, 경력직원) 선발","경영.회계.사무,보건.의료,건설,전기.전자,정보통신,환경.에너지.안전 / 사무직,기술직,전문직",신입+경력,정규직,"경기 
										외 3",,2026-08-12,https://job.alio.go.kr/recruitview.do?idx=303140,,2026-09-07 17:26:19
잡알리오,학교법인한국폴리텍,한국폴리텍대학 창원캠퍼스 2026년 하반기 업무지원직(식당 단시간 근로자) 채용 공고,"음식서비스 / 기능직,계약직",신입+경력,비정규직,경남,,2026-08-05,https://job.alio.go.kr/recruitview.do?idx=303142,,2026-09-07 17:26:21
잡알리오,한국환경공단,"한국환경공단 수도권서부환경본부 환경시설관리처 기간제근로자(촉탁직, 일용직) 채용 공고","사업관리,경영.회계.사무,건설,환경.에너지.안전 / 계약직",신입+경력,비정규직,경기,,2026-08-11,https://job.alio.go.kr/recruitview.do?idx=303143,,2026-09-07 17:26:21
잡알리오,한국수력원자력(주),2026년도 제7차 경력사원(전문계약직) 선발,"보건.의료 / 의사직,별정직",신입+경력,비정규직,전남광주,,2026-08-12,https://job.alio.go.kr/recruitview.do?idx=303141,,2026-09-07 17:26:21
잡알리오,국립암센터,업무직 채용공고[260728],보건.의료 / 공무직,신입+경력,무기계약직,경기,,2026-08-12,https://job.alio.go.kr/recruitview.do?idx=303144,,2026-09-07 17:26:22
잡알리오,한국부동산원,한국부동산원 전문계약직 채용 공고,경영.회계.사무 / 사무직,경력,비정규직,대구,,2026-08-13,https://job.alio.go.kr/recruitview.do?idx=303145,,2026-09-07 17:26:23
잡알리오,한국산업인력공단,한국산업인력공단 2026년 하반기 일반직 신규직원 채용공고,"경영.회계.사무,정보통신,환경.에너지.안전 / 일반직,전문직",신입+경력,정규직,"인천 
										외 14",,2026-08-13,https://job.alio.go.kr/recruitview.do?idx=303146,,2026-09-07 17:26:24
잡알리오,근로복지공단,[순천병원] 기간제 의사(응급의학과) 채용 공고,보건.의료 / 계약직,신입,비정규직,전남광주,,2026-08-07,https://job.alio.go.kr/recruitview.do?idx=303147,,2026-09-07 17:26:24
잡알리오,서울올림픽기념국민체육진흥공단,서울올림픽기념국민체육진흥공단 체육지도자 연수조교(단기지원직) 채용 재공고,사업관리 / 계약직,신입+경력,비정규직,서울,,2026-08-09,https://job.alio.go.kr/recruitview.do?idx=303148,,2026-09-07 17:26:25
잡알리오,기초과학연구원,제2026-3회 중이온가속기연구소 박사후연구원 채용 공고,연구 / 연구직,신입+경력,비정규직,대전,,2026-08-14,https://job.alio.go.kr/recruitview.do?idx=303149,,2026-09-07 17:26:26
잡알리오,한전KDN,한전KDN(주) 강원사업처 AMI분야 비정규직 모집공고,정보통신 / 계약직,신입+경력,비정규직,강원,,2026-08-13,https://job.alio.go.kr/recruitview.do?idx=303150,,2026-09-07 17:26:26
잡알리오,한국환경공단,한국환경공단 대기환경처 악취기술지원부 기간제 근로자 채용 공고,환경.에너지.안전 / 계약직,신입+경력,비정규직,인천,,2026-08-12,https://job.alio.go.kr/recruitview.do?idx=303151,,2026-09-07 17:26:27
잡알리오,대한법률구조공단,대한법률구조공단 일반직 7급(전산담당) 제한경쟁채용 시험 공고,정보통신 / 전산직,경력,정규직,경북,,2026-08-12,https://job.alio.go.kr/recruitview.do?idx=303152,,2026-09-07 17:26:28
잡알리오,국립공원공단,"[보전원] 국립공원야생생물보전원 기간제(연구복원, 환경관리) 직원 채용","경비.청소,환경.에너지.안전 / 계약직",신입+경력,비정규직,전남광주,,2026-08-11,https://job.alio.go.kr/recruitview.do?idx=303153,,2026-09-07 17:26:29
잡알리오,한국청소년활동진흥원,2026년 제2차 국립청소년우주센터 직원(기간제) 채용 공고,"경영.회계.사무,사회복지.종교 / 운영직,계약직",신입,비정규직,전남광주,,2026-08-12,https://job.alio.go.kr/recruitview.do?idx=303154,,2026-09-07 17:26:29
잡알리오,한국사회복지협의회,(수정) 한국사회복지협의회 2026년 제3차 직원 채용 공고,"사업관리,경영.회계.사무,교육.자연.사회과학,사회복지.종교,운전.운송 / 행정직,사무직,기능직,계약직",신입,"무기계약직 
										외 1","서울 
										외 1",,2026-08-10,https://job.alio.go.kr/recruitview.do?idx=303155,,2026-09-07 17:26:30
잡알리오,주택관리공단(주),육아휴직 대체직 채용공고(주택관리공단 제주지사),"건설,기계,전기.전자,환경.에너지.안전 / 기술직",신입+경력,비정규직,제주,,2026-08-04,https://job.alio.go.kr/recruitview.do?idx=303156,,2026-09-07 17:26:31
잡알리오,근로복지공단,[서울지역관내] 공무직 직원 채용 공고,경영.회계.사무 / 공무직,신입,무기계약직,서울,,2026-08-04,https://job.alio.go.kr/recruitview.do?idx=303157,,2026-09-07 17:26:32
잡알리오,근로복지공단,[인천병원] 장애전형 청년(체험형)인턴 채용 공고,보건.의료 / 계약직,신입,청년인턴(체험형),인천,,2026-08-04,https://job.alio.go.kr/recruitview.do?idx=303158,,2026-09-07 17:26:33
잡알리오,근로복지공단,[재활공학연구소] 장애전형 청년(체험형)인턴 채용 공고,경영.회계.사무 / 계약직,신입,청년인턴(체험형),인천,,2026-08-04,https://job.alio.go.kr/recruitview.do?idx=303159,,2026-09-07 17:26:33
잡알리오,학교법인한국폴리텍,(수정) 한국폴리텍대학 성남캠퍼스 2026년도 업무직(조리사) 채용 공고,음식서비스 / 운영직,신입+경력,무기계약직,경기,,2026-07-21,https://job.alio.go.kr/recruitview.do?idx=303160,,2026-09-07 17:26:34
잡알리오,근로복지공단,[태백병원] 의료직 4급(약사) 채용 공고,보건.의료 / 약무직,신입,정규직,강원,,2026-08-07,https://job.alio.go.kr/recruitview.do?idx=303161,,2026-09-07 17:26:35
잡알리오,근로복지공단,[동해병원] 기간제 의사(재활의학과) 채용 공고,보건.의료 / 계약직,신입,비정규직,강원,,2026-08-04,https://job.alio.go.kr/recruitview.do?idx=303162,,2026-09-07 17:26:35
잡알리오,기술보증기금,기술보증기금 사무지원인력 채용공고 (구미지점),"금융.보험 / 사무직,계약직",신입,비정규직,경북,,2026-08-12,https://job.alio.go.kr/recruitview.do?idx=303163,,2026-09-07 17:26:37
잡알리오,기술보증기금,기술보증기금 사무지원인력 채용공고 (대전지점),"금융.보험 / 사무직,계약직",신입,비정규직,대전,,2026-08-12,https://job.alio.go.kr/recruitview.do?idx=303164,,2026-09-07 17:26:38
잡알리오,근로복지공단,[동해병원] 기간제 의사(진단검사의학과 또는 병리과) 채용 공고,보건.의료 / 계약직,신입,비정규직,강원,,2026-08-04,https://job.alio.go.kr/recruitview.do?idx=303166,,2026-09-07 17:26:38
잡알리오,국립공원공단,[설악산] 설악산국립공원 기간제 직원[환경관리(한시인력)] 채용 공고,경비.청소 / 계약직,신입+경력,비정규직,강원,,2026-08-03,https://job.alio.go.kr/recruitview.do?idx=303167,,2026-09-07 17:26:39
잡알리오,전북대학교병원,2026년 3분기 전북대학교병원 직원 공개채용,"보건.의료 / 간호직,약무직",신입+경력,"무기계약직 
										외 1",전북,,2026-08-12,https://job.alio.go.kr/recruitview.do?idx=303168,,2026-09-07 17:26:40
잡알리오,국립암센터,임시직 채용공고[260728],보건.의료 / 계약직,신입+경력,비정규직,경기,,2026-08-12,https://job.alio.go.kr/recruitview.do?idx=303169,,2026-09-07 17:26:41
잡알리오,국립암센터,임시직(장애인) 채용공고[260728],보건.의료 / 계약직,신입+경력,비정규직,경기,,2026-08-12,https://job.alio.go.kr/recruitview.do?idx=303170,,2026-09-07 17:26:42
잡알리오,자동차손해배상진흥원,자동차손해배상진흥원 전문직(경력직) 제한경쟁 채용 공고,"사업관리,정보통신 / 전산직",경력,비정규직,서울,,2026-08-03,https://job.alio.go.kr/recruitview.do?idx=303171,,2026-09-07 17:26:42
잡알리오,정보통신산업진흥원,2026년 하반기 체험형 청년인턴 채용,"경영.회계.사무,정보통신 / 기타(임시직(인턴))",신입,청년인턴(체험형),충북,,2026-08-12,https://job.alio.go.kr/recruitview.do?idx=303172,,2026-09-07 17:26:43
잡알리오,대외경제정책연구원,대외경제정책연구원(KIEP) 임시직 행정원급(총무회계팀) 채용 공고,경영.회계.사무 / 행정직,신입+경력,비정규직,세종,,2026-08-11,https://job.alio.go.kr/recruitview.do?idx=303173,,2026-09-07 17:26:44
잡알리오,한전KPS(주),한전KPS(주) 한울3사업소 한울6호기 15차 계획예방정비공사 단기노무원 모집공고(1차),"경영.회계.사무,기계,전기.전자,환경.에너지.안전 / 계약직",신입+경력,비정규직,경북,,2026-08-06,https://job.alio.go.kr/recruitview.do?idx=303174,,2026-09-07 17:26:45
잡알리오,중소기업은행,2026년 하반기 1차 시간선택제 준정규직(장애·보훈) 채용공고,"금융.보험 / 사무직,상담직",신입,무기계약직,"서울 
										외 14",,2026-08-20,https://job.alio.go.kr/recruitview.do?idx=303175,,2026-09-07 17:26:46
잡알리오,한전원자력연료주식회사,"2026년도 3분기 한전원자력연료 기간제근로자 직원 채용 공고(장애인, 일반, 위촉연구원)","경영.회계.사무,정보통신,연구 / 계약직",신입+경력,비정규직,대전,,2026-08-12,https://job.alio.go.kr/recruitview.do?idx=303176,,2026-09-07 17:26:46
잡알리오,정보통신산업진흥원,정보통신산업진흥원 정규직(일반직 및 전문직) 채용 공고,"사업관리,경영.회계.사무,정보통신 / 일반직,행정직,사무직",신입+경력,"무기계약직 
										외 1",충북,,2026-08-12,https://job.alio.go.kr/recruitview.do?idx=303177,,2026-09-07 17:26:47
잡알리오,정보통신산업진흥원,정보통신산업진흥원 공무정규직(운영지원) 채용 공고,"건설,기계,전기.전자,환경.에너지.안전 / 시설직,기능직,공무직,안전직",신입+경력,무기계약직,충북,,2026-08-12,https://job.alio.go.kr/recruitview.do?idx=303178,,2026-09-07 17:26:47
잡알리오,한국등산·트레킹지원센터,(수정) 2026년도 한국등산·트레킹지원센터 청년인턴 채용,"경영.회계.사무,교육.자연.사회과학 / 일반직,행정직",신입,청년인턴(체험형),"대전 
										외 2",,2026-07-30,https://job.alio.go.kr/recruitview.do?idx=303179,,2026-09-07 17:26:48
잡알리오,한국직업능력연구원,[한국직업능력연구원] 2026년도 제3차 청년인턴(보훈) 채용 공고,"경영.회계.사무,연구 / 행정직,사무직",신입,청년인턴(체험형),세종,,2026-08-12,https://job.alio.go.kr/recruitview.do?idx=303181,,2026-09-07 17:26:49
잡알리오,한국지식재산보호원,[한국지식재산보호원] 2026년도 제7차 인력채용(해외 IP센터장),"사업관리,법률.경찰.소방.교도.국방 / 일반직,행정직,관리직,전문직",경력,비정규직,해외,,2026-08-12,https://job.alio.go.kr/recruitview.do?idx=303182,,2026-09-07 17:26:50
잡알리오,한국소비자원,2026년 제3차 기간제근로자 채용,경영.회계.사무 / 사무직,신입,비정규직,충북,,2026-08-12,https://job.alio.go.kr/recruitview.do?idx=303183,,2026-09-07 17:26:51
잡알리오,대한적십자사,2026년 대한적십자사 경상남도지사 비정규직 (대체인력) 채용 공고,경영.회계.사무 / 사무직,신입,비정규직,경남,,2026-08-12,https://job.alio.go.kr/recruitview.do?idx=303185,,2026-09-07 17:26:52
잡알리오,한국보훈복지의료공단,"[중앙보훈병원] 전문의 채용 공고(신경과, 마취통증의학과, 서울요양병원(주간), 영상의학과(복부))",보건.의료 / 의사직,신입+경력,비정규직,서울,,2026-08-11,https://job.alio.go.kr/recruitview.do?idx=303184,,2026-09-07 17:26:52
잡알리오,한국보훈복지의료공단,"[중앙보훈병원] 전문의 채용 공고(이비인후과, 내과(응급의료센터), 응급의학과)",보건.의료 / 의사직,신입+경력,비정규직,서울,,2026-08-11,https://job.alio.go.kr/recruitview.do?idx=303186,,2026-09-07 17:26:53
잡알리오,대한적십자사,2026년 대한적십자사 경상남도지사 비정규직 (장애인 기간제) 채용 공고,경영.회계.사무 / 기능직,신입,비정규직,경남,,2026-08-12,https://job.alio.go.kr/recruitview.do?idx=303187,,2026-09-07 17:26:53
잡알리오,국립중앙의료원,"의사직 전문의 채용 재공고(내분비대사내과, 중환자전담전문의)",보건.의료 / 의사직,신입+경력,정규직,서울,,2026-08-07,https://job.alio.go.kr/recruitview.do?idx=303189,,2026-09-07 17:26:55
잡알리오,국립중앙의료원,계약직 전문의 채용 재공고(소아청소년과),보건.의료 / 의사직,신입+경력,비정규직,서울,,2026-08-07,https://job.alio.go.kr/recruitview.do?idx=303190,,2026-09-07 17:26:55
잡알리오,한국동서발전(주),2026년도 하반기 한국동서발전(주) 체험형 인턴 선발,"경영.회계.사무,보건.의료,건설,기계,화학,전기.전자,정보통신,환경.에너지.안전 / 계약직",신입,청년인턴(체험형),"울산 
										외 2",,2026-08-12,https://job.alio.go.kr/recruitview.do?idx=303191,,2026-09-07 17:26:56
잡알리오,서울올림픽기념국민체육진흥공단,한국스포츠과학원 분석연구원(나급) 채용 공고(차세대국가대표스포츠과학지원),연구 / 계약직,신입+경력,비정규직,서울,,2026-08-14,https://job.alio.go.kr/recruitview.do?idx=303192,,2026-09-07 17:26:57
잡알리오,한국수자원공사,[한국수자원공사] 한강유역협력단 삼척시2현대화사업팀 특수직(기술관리_건설사업) 채용 공고,"사업관리,건설,기계,전기.전자,정보통신,환경.에너지.안전 / 계약직",신입+경력,비정규직,강원,,2026-08-12,https://job.alio.go.kr/recruitview.do?idx=303193,,2026-09-07 17:26:58
잡알리오,한국토지주택공사,한국토지주택공사 광주전남지역본부 기간제근로자(사업관리 외) 채용공고(2026.08),"경영.회계.사무,사회복지.종교 / 계약직",신입,비정규직,전남광주,,2026-08-17,https://job.alio.go.kr/recruitview.do?idx=303194,,2026-09-07 17:26:59
잡알리오,산업연구원,2026년 제12차 위촉직원 채용공고,"경영.회계.사무,연구 / 연구직,전문직",신입+경력,비정규직,세종,,2026-08-13,https://job.alio.go.kr/recruitview.do?idx=303195,,2026-09-07 17:26:59
잡알리오,국립공원공단,[북한산생태탐방원] 2026년 북한산생태탐방원 기간제[한시인력_사무행정_제한경쟁(장애인)] 직원채용 재공고(2차),경영.회계.사무 / 계약직,신입+경력,비정규직,서울,,2026-08-10,https://job.alio.go.kr/recruitview.do?idx=303196,,2026-09-07 17:27:01
잡알리오,에너지경제연구원,[에너지경제연구원] 위촉사무원 채용공고(성과평가단),경영.회계.사무 / 사무직,신입+경력,비정규직,울산,,2026-08-13,https://job.alio.go.kr/recruitview.do?idx=303197,,2026-09-07 17:27:02
잡알리오,동남권원자력의학원,[직원채용] 동남권원자력의학원 박사후 연수연구원(첨단방사선종양연구팀) 공개 채용,연구 / 연구직,신입+경력,비정규직,부산,,2026-08-12,https://job.alio.go.kr/recruitview.do?idx=303198,,2026-09-07 17:27:02
잡알리오,대한법률구조공단,대한법률구조공단 주택 및 상가건물임대차분쟁조정위원회 2026년 심사관 신규 채용,법률.경찰.소방.교도.국방 / 전문직,신입,비정규직,대구,,2026-08-14,https://job.alio.go.kr/recruitview.do?idx=303200,,2026-09-07 17:27:03
잡알리오,한전KDN,한전KDN(주)  용인지사 OA설비 유지보수 일용근로자 모집공고,정보통신 / 기타(일용직),경력,비정규직,경기,,2026-08-12,https://job.alio.go.kr/recruitview.do?idx=303201,,2026-09-07 17:27:03
잡알리오,대한법률구조공단,범죄피해자 국선전담 계약직 소속변호사 신규채용 공고,법률.경찰.소방.교도.국방 / 전문직,신입,비정규직,"서울 
										외 15",,2026-08-14,https://job.alio.go.kr/recruitview.do?idx=303202,,2026-09-07 17:27:04
잡알리오,한국보훈복지의료공단,[대전보훈병원] 정규직(업무지원직(완화의료)) 및 계약직(기술직(건축)) 채용,"보건.의료 / 기술직,기타(업무지원직)",신입+경력,"무기계약직 
										외 1",대전,,2026-08-12,https://job.alio.go.kr/recruitview.do?idx=303203,,2026-09-07 17:27:05
잡알리오,국립공원공단,[변산반도] 2026년 변산반도사무소 국립공원지킴이 3차 모집 공고,환경.에너지.안전 / 계약직,신입+경력,비정규직,전북,,2026-08-13,https://job.alio.go.kr/recruitview.do?idx=303204,,2026-09-07 17:27:06
잡알리오,한국청소년상담복지개발원,제2026-2호 국립대구청소년디딤센터 직원 모집,"경영.회계.사무,사회복지.종교,정보통신 / 일반직",신입+경력,무기계약직,대구,,2026-08-13,https://job.alio.go.kr/recruitview.do?idx=303205,,2026-09-07 17:27:07
잡알리오,한전KPS(주),한전KPS(주) 영흥사업처 5호기 계획예방정비공사 단기노무원 모집(안전팀),"건설,환경.에너지.안전 / 계약직",신입+경력,비정규직,인천,,2026-08-03,https://job.alio.go.kr/recruitview.do?idx=303206,,2026-09-07 17:27:07
잡알리오,한국환경연구원,[한국환경연구원] 임시직(물환경 정책) 채용 공고(0729),연구 / 연구직,신입+경력,비정규직,세종,,2026-08-13,https://job.alio.go.kr/recruitview.do?idx=303207,,2026-09-07 17:27:08
잡알리오,한전KDN,한전KDN(주) 제주사업처 배전자동화 단말장치 설치 및 연동시험 일용근로자 모집공고,"전기.전자,정보통신 / 기타(일용직)",신입+경력,비정규직,제주,,2026-08-17,https://job.alio.go.kr/recruitview.do?idx=303208,,2026-09-07 17:27:09
잡알리오,부산대학교병원,권역호흡기전문질환센터 계약직의(예방의학과 전문의) 상시 모집,보건.의료 / 의사직,신입+경력,비정규직,부산,,2026-12-31,https://job.alio.go.kr/recruitview.do?idx=303209,,2026-09-07 17:27:10
잡알리오,(주)한국가스기술공사,통영기지지사 3차 기간제 계약직(육아휴직 대체인력) 채용 공고,"기계,전기.전자,환경.에너지.안전 / 기술직",신입,비정규직,경남,,2026-08-12,https://job.alio.go.kr/recruitview.do?idx=303210,,2026-09-07 17:27:10
잡알리오,학교법인한국폴리텍,(수정) 2026년도 하반기 한국폴리텍대학 대전캠퍼스 초빙교원 채용,교육.자연.사회과학 / 교수직,신입+경력,비정규직,대전,,2026-07-22,https://job.alio.go.kr/recruitview.do?idx=303211,,2026-09-07 17:27:11
잡알리오,충남대학교병원,[대전] 충남대학교병원 2026년 8월 계약직 직원 채용공고【채용분야 : 공고참고】,보건.의료 / 계약직,신입,비정규직,대전,,2026-08-12,https://job.alio.go.kr/recruitview.do?idx=303213,,2026-09-07 17:27:12
잡알리오,한국보건의료연구원,한국보건의료연구원 2026년 제2차 직원채용 공고,"경영.회계.사무,정보통신,연구 / 행정직,연구직",신입+경력,"무기계약직 
										외 2",서울,,2026-08-12,https://job.alio.go.kr/recruitview.do?idx=303212,,2026-09-07 17:27:12
잡알리오,충남대학교병원,[대전] 충남대학교병원 2026년 8월 업무지원계약직 직원 채용공고【채용분야 : 공고참고】,보건.의료 / 계약직,신입,비정규직,대전,,2026-08-12,https://job.alio.go.kr/recruitview.do?idx=303214,,2026-09-07 17:27:13
잡알리오,한국수자원조사기술원,2026년 제3차 공개채용(계약직 및 체험형 청년인턴) 공고,"경영.회계.사무,건설,연구 / 행정직,연구직,기술직",신입+경력,"비정규직 
										외 1",경기,,2026-08-12,https://job.alio.go.kr/recruitview.do?idx=303215,,2026-09-07 17:27:14
잡알리오,충남대학교병원,[대전] 충남대학교병원 2026년 8월 보조금직원 채용공고【채용분야 : 공고참고】,보건.의료 / 계약직,신입+경력,비정규직,대전,,2026-08-12,https://job.alio.go.kr/recruitview.do?idx=303216,,2026-09-07 17:27:15
잡알리오,한국보훈복지의료공단,"[인천보훈병원] 2026년 제6차 의사직[일반내과, 내과(순환기내과), 신경외과, 치과보철과] 공개채용",보건.의료 / 의사직,신입+경력,비정규직,인천,,2026-08-12,https://job.alio.go.kr/recruitview.do?idx=303217,,2026-09-07 17:27:16
잡알리오,부산대학교병원,소아청소년과 계약직의사(신생아중환자실 전담) 모집,보건.의료 / 의사직,신입+경력,비정규직,부산,,2026-08-07,https://job.alio.go.kr/recruitview.do?idx=303218,,2026-09-07 17:27:16
잡알리오,한국물기술인증원,한국물기술인증원 2026년 제4차 기간제근로자 채용 공고,"경영.회계.사무,환경.에너지.안전 / 사무직",신입,비정규직,대구,,2026-08-05,https://job.alio.go.kr/recruitview.do?idx=303219,,2026-09-07 17:27:17
잡알리오,공무원연금공단,사내변호사 채용 공고,"법률.경찰.소방.교도.국방 / 사무직,전문직",경력,비정규직,서울,,2026-08-12,https://job.alio.go.kr/recruitview.do?idx=303220,,2026-09-07 17:27:18
잡알리오,한국산림복지진흥원,2026년도 제2회 한국산림복지진흥원 개방형 직위 모집공고,정보통신 / 별정직,경력,비정규직,대전,,2026-08-13,https://job.alio.go.kr/recruitview.do?idx=303221,,2026-09-07 17:27:19
잡알리오,대한적십자사,대한적십자사 서울남부혈액원 기간제(한시적) 운전원 채용 공고,운전.운송 / 기술직,신입,비정규직,서울,,2026-08-13,https://job.alio.go.kr/recruitview.do?idx=303223,,2026-09-07 17:27:20
잡알리오,한국특허기술진흥원,"한국특허기술진흥원 기간제계약직(수출지원기반사업지원, 비서, 장애인제한경쟁(청소원, 사무지원)) 채용 안내","경영.회계.사무,경비.청소 / 사무직,시설직,계약직",신입,비정규직,"서울 
										외 1",,2026-08-13,https://job.alio.go.kr/recruitview.do?idx=303224,,2026-09-07 17:27:21
잡알리오,학교법인한국폴리텍,2026년 한국폴리텍대학 영주캠퍼스 업무직(대학운영직 조리원) 채용 공고,음식서비스 / 운영직,신입+경력,무기계약직,경북,,2026-08-04,https://job.alio.go.kr/recruitview.do?idx=303225,,2026-09-07 17:27:22
잡알리오,대한적십자사,대한적십자사 서울남부혈액원 기간제(한시적) 사무보조원 채용 공고,경영.회계.사무 / 기타(사무보조원),신입,비정규직,서울,,2026-08-13,https://job.alio.go.kr/recruitview.do?idx=303226,,2026-09-07 17:27:22
잡알리오,국립중앙의료원,간호직 5급 간호사(간호부) 채용 공고,보건.의료 / 간호직,경력,정규직,서울,,2026-08-13,https://job.alio.go.kr/recruitview.do?idx=303229,,2026-09-07 17:27:23
잡알리오,국립중앙의료원,무기계약직 간호사(약물안전센터) 채용 공고,보건.의료 / 간호직,신입+경력,무기계약직,서울,,2026-08-13,https://job.alio.go.kr/recruitview.do?idx=303230,,2026-09-07 17:27:24
잡알리오,국립중앙의료원,무기계약직 연구원(모자의료지원팀) 채용 공고,보건.의료 / 연구직,신입+경력,무기계약직,서울,,2026-08-13,https://job.alio.go.kr/recruitview.do?idx=303231,,2026-09-07 17:27:24
잡알리오,국립암센터,국립암센터 정규직 기술직 채용공고,"건설,기계 / 기술직",신입+경력,정규직,경기,,2026-08-14,https://job.alio.go.kr/recruitview.do?idx=303232,,2026-09-07 17:27:25
잡알리오,강원대학교병원,(수정) 2026년도 하반기 레지던트 상급년차 모집 공고,보건.의료 / 의사직,신입+경력,정규직,강원,,2026-07-27,https://job.alio.go.kr/recruitview.do?idx=303234,,2026-09-07 17:27:25
잡알리오,근로복지공단,[인재개발원] 공무직(영선·조경기사) 채용 재공고,건설 / 공무직,신입+경력,무기계약직,충북,,2026-08-06,https://job.alio.go.kr/recruitview.do?idx=303235,,2026-09-07 17:27:26
잡알리오,국립암센터,"2026년도 전임의(Fellow), 대장내시경아카데미 초빙 공고",보건.의료 / 의사직,신입+경력,비정규직,경기,,2026-08-17,https://job.alio.go.kr/recruitview.do?idx=303238,,2026-09-07 17:27:28
잡알리오,한국수자원공사,[한국수자원공사] 양주수도지사 특수직(수탁운영_지방상수도 시설운영) 채용 공고,"건설,기계,전기.전자,정보통신,환경.에너지.안전 / 계약직",신입+경력,비정규직,경기,,2026-08-13,https://job.alio.go.kr/recruitview.do?idx=303239,,2026-09-07 17:27:29
잡알리오,국립공원공단,[팔공산동부] 2026년 팔공산국립공원동부사무소 기간제(국립공원지킴이) 모집 공고(2차),"경비.청소,건설 / 계약직",신입,비정규직,대구,,2026-08-10,https://job.alio.go.kr/recruitview.do?idx=303240,,2026-09-07 17:27:29
잡알리오,(재)우체국물류지원단,우체국물류지원단 서울지사 동서울물류사업소 초단기 기간제(일용직_우편물구분) 채용 공고,운전.운송 / 기타(일용직(우편물구분)),신입+경력,비정규직,서울,,2026-08-31,https://job.alio.go.kr/recruitview.do?idx=303241,,2026-09-07 17:27:30
잡알리오,국립공원공단,[북한산생태탐방원] 2026년 북한산생태탐방원 기간제[한시인력_사무행정_제한경쟁(취업지원대상자)] 직원 채용,경영.회계.사무 / 계약직,신입+경력,비정규직,서울,,2026-08-14,https://job.alio.go.kr/recruitview.do?idx=303242,,2026-09-07 17:27:31
잡알리오,대한법률구조공단,대한법률구조공단 천안출장소 청년인턴 공개경쟁 채용시험 공고,"경영.회계.사무,법률.경찰.소방.교도.국방 / 행정직,사무직",신입,청년인턴(체험형),충남,,2026-08-14,https://job.alio.go.kr/recruitview.do?idx=303244,,2026-09-07 17:27:31
잡알리오,한국장애인고용공단,[한국장애인고용공단 전남지사] 2026년 체험형 청년인턴(대체근로자) 채용,"경영.회계.사무,사회복지.종교 / 사무직,계약직,상담직,기타(장애인취업성공패키지 업무 전반, 직업체험관 운영 및 관리 등)",신입+경력,"비정규직 
										외 1",전남광주,,2026-08-06,https://job.alio.go.kr/recruitview.do?idx=303246,,2026-09-07 17:27:32
잡알리오,국립공원공단,[지리산생태탐방원] 2026년 지리산생태탐방원 기간제[한시인력(탐방운전)] 채용 공고,운전.운송 / 계약직,신입+경력,비정규직,전남광주,,2026-08-06,https://job.alio.go.kr/recruitview.do?idx=303247,,2026-09-07 17:27:33
잡알리오,한국원자력의학원,별정직 직원모집 공고(건강증진센터),보건.의료 / 별정직,신입+경력,비정규직,서울,,2026-08-14,https://job.alio.go.kr/recruitview.do?idx=303256,,2026-09-07 17:27:33
잡알리오,부산대학교병원,"계약직(행정직,간호조무직) 공개채용 모집 재공고","보건.의료 / 행정직,기타(간호조무직)",신입+경력,비정규직,부산,,2026-08-10,https://job.alio.go.kr/recruitview.do?idx=303264,,2026-09-07 17:27:34
잡알리오,한국관광공사,2026~2027 관광데이터서비스팀 기간제 근로자(전문계약직) 채용 공고,"정보통신 / 사무직,계약직",신입,비정규직,강원,,2026-08-14,https://job.alio.go.kr/recruitview.do?idx=303265,,2026-09-07 17:27:35
잡알리오,(재)우체국물류지원단,"우체국물류지원단 부산지사 진주사업소 기간제(운전직, 휴직자 대체) 채용 공고",운전.운송 / 기타(운전직),신입+경력,비정규직,경남,,2026-08-06,https://job.alio.go.kr/recruitview.do?idx=303266,,2026-09-07 17:27:36
잡알리오,한전KPS(주),한전KPS(주) 일산사업소 '26년도 3GT OH 단기노무원 채용,"경영.회계.사무,기계,전기.전자,환경.에너지.안전 / 계약직",신입+경력,비정규직,경기,,2026-08-04,https://job.alio.go.kr/recruitview.do?idx=303267,,2026-09-07 17:27:37
잡알리오,경북대학교병원,"2026년 7월 제4차 임시직원 모집 공고(원무(기계설비), 간호, 미화청소)","보건.의료 / 간호직,운영직,기타(원무)",신입,비정규직,대구,,2026-08-04,https://job.alio.go.kr/recruitview.do?idx=303268,,2026-09-07 17:27:37
잡알리오,한국고용노동교육원,2026년 제3차 정규직(교육직(일반)/채용형인턴) 채용 공고_한국고용노동교육원,"사업관리,경영.회계.사무,교육.자연.사회과학 / 일반직,행정직,경영직,사무직",신입,청년인턴(채용형),"대전 
										외 1",,2026-08-13,https://job.alio.go.kr/recruitview.do?idx=303269,,2026-09-07 17:27:38
잡알리오,동남권원자력의학원,[직원채용] 별정직 간호직(병동 전담 간호사) 공개 채용,보건.의료 / 간호직,신입+경력,비정규직,부산,,2026-08-13,https://job.alio.go.kr/recruitview.do?idx=303271,,2026-09-07 17:27:39
잡알리오,한전KPS(주),한전KPS(주)서인천사업처 2026년 신인천 4CC 계획예방정비공사 단기노무원 채용공고,전기.전자 / 계약직,신입+경력,비정규직,인천,,2026-08-05,https://job.alio.go.kr/recruitview.do?idx=303272,,2026-09-07 17:27:40
잡알리오,대한적십자사,경인권역재활병원 비정규직(기간제) 방사선사 채용 공고(2026.9.7.임용),보건.의료 / 보건직,신입,비정규직,인천,,2026-08-16,https://job.alio.go.kr/recruitview.do?idx=303273,,2026-09-07 17:27:40
잡알리오,재단법인 한국에너지재단,2026년 (재)한국에너지재단 정규직(공개경쟁) 채용 공고(채용 제2026-05호),"사업관리,경영.회계.사무 / 일반직,행정직,사무직",신입,정규직,서울,,2026-08-14,https://job.alio.go.kr/recruitview.do?idx=303274,,2026-09-07 17:27:41
잡알리오,한국수자원공사,[한국수자원공사] 거제권지사 단기계약근로자(수돗물 안심서비스 운영관리) 채용 공고,"경영.회계.사무,환경.에너지.안전 / 계약직",신입+경력,비정규직,경남,,2026-08-14,https://job.alio.go.kr/recruitview.do?idx=303275,,2026-09-07 17:27:42
잡알리오,학교법인한국폴리텍,2026년 한국폴리텍대학 울산캠퍼스 하반기 행정지원직(교학처 학과조교 휴직 대체) 채용 공고,"경영.회계.사무,환경.에너지.안전 / 기타(학과조교)",신입+경력,비정규직,울산,,2026-08-10,https://job.alio.go.kr/recruitview.do?idx=303276,,2026-09-07 17:27:43
잡알리오,전남대학교병원,2026년 7월 전남대학교병원 직원(지원직) 공개채용 공고,보건.의료 / 계약직,신입,비정규직,전남광주,,2026-08-13,https://job.alio.go.kr/recruitview.do?idx=303279,,2026-09-07 17:27:43
잡알리오,전남대학교병원,2026년 7월 전남대학교병원 청년인턴 공개채용 공고,보건.의료 / 계약직,신입,청년인턴(체험형),전남광주,,2026-08-13,https://job.alio.go.kr/recruitview.do?idx=303280,,2026-09-07 17:27:45
잡알리오,대한적십자사,"[영주적십자병원] 정규직 조리사, 정규직 취사원, 계약직 구내매점 직원(평일오후)공개채용 공고","보건.의료 / 기능직,기타(기능노무직(취사원,보조원))",신입,"비정규직 
										외 1",경북,,2026-08-15,https://job.alio.go.kr/recruitview.do?idx=303281,,2026-09-07 17:27:46
잡알리오,(재)우체국물류지원단,"우체국물류지원단 경인지사 안양, 부평물류사업소 기간제(일용직_우편물 구분) 채용 공고",운전.운송 / 기타(발착직),신입+경력,비정규직,경기,,2026-08-31,https://job.alio.go.kr/recruitview.do?idx=303282,,2026-09-07 17:27:46
잡알리오,정보통신기획평가원,(수정) 2026년 정보통신기획평가원 직원채용(휴직대체) 공고,"사업관리,경영.회계.사무,경비.청소,정보통신 / 계약직",신입+경력,비정규직,대전,,2026-08-06,https://job.alio.go.kr/recruitview.do?idx=303284,,2026-09-07 17:27:47
잡알리오,한국체육산업개발(주),한국체육산업개발(주) 전임직 채용공고,"이용.숙박.여행.오락.스포츠,기계 / 시설직,운영직",신입+경력,무기계약직,"서울 
										외 1",,2026-08-13,https://job.alio.go.kr/recruitview.do?idx=303285,,2026-09-07 17:27:48
잡알리오,한국체육산업개발(주),한국체육산업개발(주) 지원직 채용공고,"경비.청소,이용.숙박.여행.오락.스포츠 / 위생직,운영직",신입+경력,무기계약직,"서울 
										외 5",,2026-08-13,https://job.alio.go.kr/recruitview.do?idx=303286,,2026-09-07 17:27:49
잡알리오,경상국립대학교병원,2026년 하반기 의사직 추가 채용 공고,보건.의료 / 의사직,신입+경력,정규직,경남,,2026-08-06,https://job.alio.go.kr/recruitview.do?idx=303287,,2026-09-07 17:27:49
잡알리오,경상국립대학교병원,2026년 하반기 진료교수 채용 공고,보건.의료 / 의사직,신입+경력,비정규직,경남,,2026-08-06,https://job.alio.go.kr/recruitview.do?idx=303288,,2026-09-07 17:27:50
잡알리오,한전KPS(주),한전KPS(주)서인천사업처 신인천 4CC 계획예방정비공사 단기노무원 채용공고,기계 / 계약직,신입+경력,비정규직,인천,,2026-08-10,https://job.alio.go.kr/recruitview.do?idx=303290,,2026-09-07 17:27:51
잡알리오,한국전력공사,"기간제근로자(대체인력) 채용공고 [대구본부 동대구, 경주, 경산지사]",경영.회계.사무 / 사무직,신입,비정규직,"대구 
										외 1",,2026-08-14,https://job.alio.go.kr/recruitview.do?idx=303291,,2026-09-07 17:27:52
잡알리오,한국수자원공사,[한국수자원공사] 인재개발원 단기계약근로자(사무관리_서무보조) 채용 공고,경영.회계.사무 / 계약직,신입,비정규직,대전,,2026-08-14,https://job.alio.go.kr/recruitview.do?idx=303292,,2026-09-07 17:27:52
잡알리오,학교법인한국폴리텍,2026년 학교법인 한국폴리텍 청년인턴 채용 공고,"경영.회계.사무,교육.자연.사회과학 / 계약직",신입,청년인턴(체험형),인천,,2026-08-12,https://job.alio.go.kr/recruitview.do?idx=303293,,2026-09-07 17:27:54
잡알리오,극지연구소,기간제계약직(남극과학기지 하계 지원인력) 공개채용,"음식서비스,건설 / 기술직,계약직",경력,비정규직,해외,,2026-08-14,https://job.alio.go.kr/recruitview.do?idx=303294,,2026-09-07 17:27:54
잡알리오,부산대학교치과병원,부산대학교치과병원 계약직(간호직) 직원 모집 공고,보건.의료 / 간호직,신입+경력,비정규직,경남,,2026-08-14,https://job.alio.go.kr/recruitview.do?idx=303295,,2026-09-07 17:27:55
잡알리오,경상국립대학교병원,"행정직, 의료기술직, 전산직 채용공고","보건.의료 / 행정직,전산직,보건직",신입+경력,정규직,경남,,2026-08-06,https://job.alio.go.kr/recruitview.do?idx=303296,,2026-09-07 17:27:56
잡알리오,경상국립대학교병원,원무직 채용공고,보건.의료 / 일반직,신입+경력,정규직,경남,,2026-08-06,https://job.alio.go.kr/recruitview.do?idx=303298,,2026-09-07 17:27:57
잡알리오,대한적십자사,2026년도 혈장분획센터 비정규직(육아휴직대체 / 생산원) 채용 공고,보건.의료 / 기타(고용원),신입,비정규직,충북,,2026-08-20,https://job.alio.go.kr/recruitview.do?idx=303297,,2026-09-07 17:27:58
잡알리오,경상국립대학교병원,"원무직(사무보조, 보훈추천) 채용공고",보건.의료 / 일반직,신입+경력,정규직,경남,,2026-08-06,https://job.alio.go.kr/recruitview.do?idx=303299,,2026-09-07 17:27:59
잡알리오,경상국립대학교병원,약무직(면허소지자) 채용공고,보건.의료 / 약무직,신입+경력,정규직,경남,,2026-08-06,https://job.alio.go.kr/recruitview.do?idx=303300,,2026-09-07 17:28:00
잡알리오,한전KDN,한전KDN(주) 경북사업처 배전자동화 분야 일용근로자 모집공고,"전기.전자,정보통신 / 기타(일용직)",신입+경력,비정규직,경북,,2026-08-17,https://job.alio.go.kr/recruitview.do?idx=303301,,2026-09-07 17:28:01
잡알리오,극지연구소,2026년 대한민국 남극과학기지 월동연구대(우주과학 및 발전 분야) 추가 모집 공고,"전기.전자,연구 / 연구직,시설직,운영직,계약직",신입+경력,비정규직,해외,,2026-08-14,https://job.alio.go.kr/recruitview.do?idx=303302,,2026-09-07 17:28:01
잡알리오,경상국립대학교병원,업무지원직 채용공고,보건.의료 / 기타(업무지원직),신입+경력,정규직,경남,,2026-08-06,https://job.alio.go.kr/recruitview.do?idx=303303,,2026-09-07 17:28:02
잡알리오,한국환경보전원,대외환경협력처 환경보건팀 기간제 직원 채용공고,"환경.에너지.안전 / 행정직,기타(환경보건, 층간소음)",신입+경력,비정규직,서울,,2026-08-06,https://job.alio.go.kr/recruitview.do?idx=303304,,2026-09-07 17:28:03
잡알리오,학교법인한국폴리텍,한국폴리텍대학 바이오캠퍼스 업무직(대학운영직_조리원) 채용 공고,음식서비스 / 운영직,신입+경력,무기계약직,충남,,2026-08-07,https://job.alio.go.kr/recruitview.do?idx=303305,,2026-09-07 17:28:03
잡알리오,기초과학연구원,제2026-2회 기초과학연구원 행성대기 그룹  연구직 및 박사후연구원 채용 공고,연구 / 연구직,신입+경력,비정규직,대전,,2026-09-17,https://job.alio.go.kr/recruitview.do?idx=303306,,2026-09-07 17:28:04
잡알리오,학교법인한국폴리텍,한국폴리텍대학 아산캠퍼스 행정지원직[청년인턴(일반)] 채용 공고,경영.회계.사무 / 계약직,신입+경력,청년인턴(체험형),충남,,2026-08-09,https://job.alio.go.kr/recruitview.do?idx=303308,,2026-09-07 17:28:05
잡알리오,학교법인한국폴리텍,한국폴리텍대학 바이오캠퍼스 하반기 업무지원직(식당업무보조) 채용 공고,음식서비스 / 운영직,신입+경력,비정규직,충남,,2026-08-07,https://job.alio.go.kr/recruitview.do?idx=303307,,2026-09-07 17:28:05
잡알리오,한국조세재정연구원,"[한국조세재정연구원] 연구직(연구원,특수전문직) 신규인력채용","사업관리,연구 / 연구직",신입+경력,정규직,세종,,2026-08-14,https://job.alio.go.kr/recruitview.do?idx=303309,,2026-09-07 17:28:07
잡알리오,한국조세재정연구원,[한국조세재정연구원] 행정직(행정원) 신규인력채용,경영.회계.사무 / 행정직,신입+경력,무기계약직,세종,,2026-08-14,https://job.alio.go.kr/recruitview.do?idx=303310,,2026-09-07 17:28:07
잡알리오,경상국립대학교병원,계약직 채용공고,보건.의료 / 계약직,신입+경력,비정규직,경남,,2026-08-06,https://job.alio.go.kr/recruitview.do?idx=303311,,2026-09-07 17:28:08
잡알리오,경상국립대학교병원,계약직(학생정신건강거점센터 사업전담인력) 채용공고,보건.의료 / 계약직,신입+경력,비정규직,경남,,2026-08-06,https://job.alio.go.kr/recruitview.do?idx=303312,,2026-09-07 17:28:08
잡알리오,경상국립대학교병원,계약직(평일 시간제 약사) 채용공고,보건.의료 / 계약직,신입+경력,비정규직,경남,,2026-08-06,https://job.alio.go.kr/recruitview.do?idx=303313,,2026-09-07 17:28:10
잡알리오,국토연구원,국토연구원 2026년 제8차 위촉직(기간제) 공개채용,"연구 / 행정직,사무직,연구직,계약직",신입+경력,비정규직,세종,,2026-08-14,https://job.alio.go.kr/recruitview.do?idx=303314,,2026-09-07 17:28:11
잡알리오,경상국립대학교병원,단시간제(편의시설 점원) 채용공고,영업판매 / 계약직,신입+경력,비정규직,경남,,2026-08-06,https://job.alio.go.kr/recruitview.do?idx=303316,,2026-09-07 17:28:12
잡알리오,경상국립대학교병원,장애인근로자 채용공고,보건.의료 / 계약직,신입+경력,비정규직,경남,,2026-08-06,https://job.alio.go.kr/recruitview.do?idx=303315,,2026-09-07 17:28:12
잡알리오,(주)한국가스기술공사,대구경북지사 기간제 계약직(육아휴직 대체인력)채용 공고,"건설,기계,전기.전자,환경.에너지.안전 / 기술직,계약직",신입,비정규직,경북,,2026-08-14,https://job.alio.go.kr/recruitview.do?idx=303317,,2026-09-07 17:28:14
잡알리오,한국가스공사,2026년 하반기 고졸 채용형 인턴(7급) 채용공고,"건설,기계,화학,전기.전자,환경.에너지.안전 / 일반직,기술직",신입,청년인턴(채용형),"서울 
										외 14",,2026-08-14,https://job.alio.go.kr/recruitview.do?idx=303318,,2026-09-07 17:28:14
잡알리오,경상국립대학교병원,[창원경상국립대학교병원] 약무직 채용 공고,보건.의료 / 약무직,신입+경력,정규직,경남,,2026-12-31,https://job.alio.go.kr/recruitview.do?idx=303321,,2026-09-07 17:28:15
잡알리오,경상국립대학교병원,[창원경상국립대학교병원] 업무지원직 채용공고,보건.의료 / 기타(업무지원직),신입+경력,정규직,경남,,2026-08-06,https://job.alio.go.kr/recruitview.do?idx=303322,,2026-09-07 17:28:16
잡알리오,제주대학교병원,「2026년도 블라인드 채용」 제주대학교병원 임상(진료)교수 모집공고(치과),보건.의료 / 의사직,신입+경력,정규직,제주,,2026-12-31,https://job.alio.go.kr/recruitview.do?idx=303324,,2026-09-07 17:28:17
잡알리오,경상국립대학교병원,[창원경상국립대학교병원] 계약직 채용공고,보건.의료 / 계약직,신입+경력,비정규직,경남,,2026-08-06,https://job.alio.go.kr/recruitview.do?idx=303326,,2026-09-07 17:28:18
잡알리오,한국수자원공사,[한국수자원공사] 전남북부권지사 단기계약근로자(사무관리_건설사업)_장애인제한 채용 공고,경영.회계.사무 / 계약직,신입+경력,비정규직,전남광주,,2026-08-14,https://job.alio.go.kr/recruitview.do?idx=303325,,2026-09-07 17:28:18
잡알리오,한국장애인고용공단,[한국장애인고용공단 대전지역본부] 기간제 근로자(체험형 청년인턴) 채용 공고,"교육.자연.사회과학 / 계약직,기타(교사직)",신입+경력,"비정규직 
										외 1",대전,,2026-08-10,https://job.alio.go.kr/recruitview.do?idx=303327,,2026-09-07 17:28:19
잡알리오,경상국립대학교병원,[창원경상국립대학교병원] 계약직(학생정신건강거점센터 사업전담인력) 채용공고,보건.의료 / 계약직,신입+경력,비정규직,경남,,2026-08-06,https://job.alio.go.kr/recruitview.do?idx=303328,,2026-09-07 17:28:19
잡알리오,경상국립대학교병원,[창원경상국립대학교병원] 장애인근로자 채용공고,보건.의료 / 계약직,신입+경력,비정규직,경남,,2026-08-06,https://job.alio.go.kr/recruitview.do?idx=303329,,2026-09-07 17:28:21
잡알리오,한전KDN,한전KDN(주) 대구본부 AMI분야 작업원 모집공고,"전기.전자,정보통신 / 기타(일용직)",신입+경력,비정규직,"대구 
										외 1",,2026-08-17,https://job.alio.go.kr/recruitview.do?idx=303330,,2026-09-07 17:28:21
잡알리오,한국임업진흥원,2026년도 한국임업진흥원 제2차 인재채용(공무직) 공고,"사업관리,경영.회계.사무,농림어업 / 공무직",신입,무기계약직,대전,,2026-08-18,https://job.alio.go.kr/recruitview.do?idx=303331,,2026-09-07 17:28:22
잡알리오,경북대학교병원,"2026년 의료요원(임상교수, 임상강사, 진료교수, 진료의사) 25차 초빙 공고",보건.의료 / 의사직,신입,정규직,대구,,2026-08-14,https://job.alio.go.kr/recruitview.do?idx=303332,,2026-09-07 17:28:23
잡알리오,창업진흥원,2026년 창업진흥원 제4차 체험형 청년인턴(장애) 채용 공고,"사업관리,경영.회계.사무 / 일반직",신입,청년인턴(체험형),"서울 
										외 2",,2026-08-14,https://job.alio.go.kr/recruitview.do?idx=303333,,2026-09-07 17:28:24
잡알리오,한전KPS(주),한전KPS(주) 서울경기전력지사 양주지점 단기노무원(정비보조) 모집,전기.전자 / 기타(정비보조),신입+경력,비정규직,경기,,2026-08-04,https://job.alio.go.kr/recruitview.do?idx=303334,,2026-09-07 17:28:24
잡알리오,근로복지공단,[창원병원] 별정직 의사(정형외과) 채용 공고,보건.의료 / 별정직,신입,정규직,경남,,2026-08-20,https://job.alio.go.kr/recruitview.do?idx=303335,,2026-09-07 17:28:25
잡알리오,근로복지공단,[창원병원] 별정직 의사(직업환경의학과) 채용 공고,보건.의료 / 별정직,신입,정규직,경남,,2026-08-20,https://job.alio.go.kr/recruitview.do?idx=303336,,2026-09-07 17:28:26
잡알리오,근로복지공단,[창원병원] 기간제 의사(영상의학과) 채용 공고,보건.의료 / 계약직,신입,비정규직,경남,,2026-08-20,https://job.alio.go.kr/recruitview.do?idx=303337,,2026-09-07 17:28:27
잡알리오,근로복지공단,[창원병원] 기간제 의사(응급실전담의) 채용 공고,보건.의료 / 계약직,신입,비정규직,경남,,2026-08-20,https://job.alio.go.kr/recruitview.do?idx=303338,,2026-09-07 17:28:27
잡알리오,근로복지공단,[순천병원] 별정직 의사(재활의학과) 채용 공고,보건.의료 / 별정직,신입,정규직,전남광주,,2026-08-10,https://job.alio.go.kr/recruitview.do?idx=303339,,2026-09-07 17:28:28
잡알리오,근로복지공단,[순천병원] 별정직 의사(진단검사의학과) 채용 공고,보건.의료 / 별정직,신입,정규직,전남광주,,2026-08-10,https://job.alio.go.kr/recruitview.do?idx=303340,,2026-09-07 17:28:29
잡알리오,한국법무보호복지공단,2026년 한국법무보호복지공단 경남서부지소 심리상담직(육아휴직대체직) 경력경쟁채용시험 공고,"사회복지.종교 / 행정직,계약직,상담직",경력,비정규직,경남,,2026-08-18,https://job.alio.go.kr/recruitview.do?idx=303341,,2026-09-07 17:28:29
잡알리오,한국문화관광연구원,한국문화관광연구원 위촉직원 채용 공고 [2026-29],"연구 / 연구직,계약직",신입,비정규직,서울,,2026-08-07,https://job.alio.go.kr/recruitview.do?idx=303343,,2026-09-07 17:28:30
잡알리오,한국문화관광연구원,한국문화관광연구원 위촉직원 채용 공고 [2026-30],"연구 / 연구직,계약직",신입,비정규직,서울,,2026-08-14,https://job.alio.go.kr/recruitview.do?idx=303345,,2026-09-07 17:28:31
잡알리오,한국주택금융공사,2026년도 한국주택금융공사 직무능력 평가기반 신입직원 채용,"금융.보험,정보통신 / 일반직,행정직,사무직,전산직",신입,정규직,"서울 
										외 16",,2026-08-20,https://job.alio.go.kr/recruitview.do?idx=303344,,2026-09-07 17:28:31
잡알리오,학교법인한국폴리텍,한국폴리텍대학 남대구캠퍼스 업무직(대학운영직_조리원) 채용(2차) 공고,음식서비스 / 운영직,신입+경력,무기계약직,대구,,2026-08-10,https://job.alio.go.kr/recruitview.do?idx=303346,,2026-09-07 17:28:33
잡알리오,근로복지공단,[울산병원] 별정직 의사 채용 공고,보건.의료 / 별정직,신입,정규직,울산,,2026-08-13,https://job.alio.go.kr/recruitview.do?idx=303347,,2026-09-07 17:28:33
잡알리오,한전KPS(주),한전KPS(주) 서울경기전력지사 수원지점 단기노무원(상주감시) 모집,전기.전자 / 계약직,신입+경력,비정규직,경기,,2026-08-05,https://job.alio.go.kr/recruitview.do?idx=303348,,2026-09-07 17:28:34
잡알리오,한국등산·트레킹지원센터,2026년도 기간제근로자(보훈 제한경쟁) 채용,"경영.회계.사무 / 일반직,행정직,사무직",신입,비정규직,대전,,2026-08-14,https://job.alio.go.kr/recruitview.do?idx=303349,,2026-09-07 17:28:35
잡알리오,국립공원공단,2026년 오대산사무소 기간제(환경관리) 직원 채용(3차),"경비.청소,환경.에너지.안전 / 계약직",신입+경력,비정규직,강원,,2026-08-14,https://job.alio.go.kr/recruitview.do?idx=303351,,2026-09-07 17:28:36
잡알리오,동남권원자력의학원,[직원채용] 별정직 사무직(재정운영팀/휴직대체) 공개 채용,보건.의료 / 사무직,신입+경력,비정규직,부산,,2026-08-17,https://job.alio.go.kr/recruitview.do?idx=303350,,2026-09-07 17:28:36
잡알리오,학교법인한국폴리텍,한국폴리텍대학 남대구캠퍼스 체험형 청년인턴(장애) 채용 공고,경영.회계.사무 / 사무직,신입+경력,청년인턴(체험형),대구,,2026-08-10,https://job.alio.go.kr/recruitview.do?idx=303352,,2026-09-07 17:28:38
잡알리오,에너지경제연구원,[에너지경제연구원] 위촉연구원 채용공고(재생에너지정책연구실),연구 / 연구직,신입+경력,비정규직,울산,,2026-08-14,https://job.alio.go.kr/recruitview.do?idx=303353,,2026-09-07 17:28:39
잡알리오,에너지경제연구원,[에너지경제연구원] 위촉연구위원 채용공고(재생에너지정책연구실),연구 / 연구직,신입+경력,비정규직,울산,,2026-08-14,https://job.alio.go.kr/recruitview.do?idx=303354,,2026-09-07 17:28:40
잡알리오,한국교육과정평가원,2026년 9월 한국교육과정평가원 비정규직원 모집 공고,"경영.회계.사무,교육.자연.사회과학 / 행정직,연구직",신입,비정규직,충북,,2026-08-10,https://job.alio.go.kr/recruitview.do?idx=303355,,2026-09-07 17:28:41
잡알리오,한국보훈복지의료공단,[광주보훈병원] 전문의(안과) 직원 채용 공고,보건.의료 / 의사직,신입+경력,비정규직,전남광주,,2026-08-18,https://job.alio.go.kr/recruitview.do?idx=303356,,2026-09-07 17:28:42
잡알리오,학교법인한국폴리텍,한국폴리텍대학 전남캠퍼스 업무직(조리원) 공개 채용(4차) 공고,음식서비스 / 운영직,신입+경력,무기계약직,전남광주,,2026-08-09,https://job.alio.go.kr/recruitview.do?idx=303358,,2026-09-07 17:28:44
잡알리오,국립중앙의료원,계약직 간호사(모자의료전원전담팀) 채용 공고,보건.의료 / 계약직,신입+경력,비정규직,서울,,2026-08-10,https://job.alio.go.kr/recruitview.do?idx=303359,,2026-09-07 17:28:44
잡알리오,국립중앙의료원,계약직 병동지원-휴직대체(간호부-감염내과) 채용 공고,보건.의료 / 계약직,신입+경력,비정규직,서울,,2026-08-18,https://job.alio.go.kr/recruitview.do?idx=303360,,2026-09-07 17:28:45
잡알리오,국립중앙의료원,계약직 전산행정(정보운영팀) 채용 공고,보건.의료 / 계약직,경력,비정규직,서울,,2026-08-18,https://job.alio.go.kr/recruitview.do?idx=303362,,2026-09-07 17:28:46
잡알리오,국립중앙의료원,계약직 간호사-휴직대체(외상센터) 채용 공고,보건.의료 / 계약직,경력,비정규직,서울,,2026-08-18,https://job.alio.go.kr/recruitview.do?idx=303361,,2026-09-07 17:28:46
잡알리오,국립중앙의료원,계약직 연구원A-휴직대체(지역의료교육팀) 채용 공고,보건.의료 / 계약직,신입+경력,비정규직,서울,,2026-08-18,https://job.alio.go.kr/recruitview.do?idx=303363,,2026-09-07 17:28:48
잡알리오,국립중앙의료원,계약직 연구원(치매정책기획팀) 채용 공고,보건.의료 / 계약직,신입+경력,비정규직,서울,,2026-08-18,https://job.alio.go.kr/recruitview.do?idx=303364,,2026-09-07 17:28:48
잡알리오,국립중앙의료원,업무지원직 병동지원-보훈제한경쟁(간호부) 재공고,보건.의료 / 기타(병동지원),신입+경력,무기계약직,서울,,2026-08-10,https://job.alio.go.kr/recruitview.do?idx=303365,,2026-09-07 17:28:49
잡알리오,국립중앙의료원,계약직 간호사(간호부-소아청소년과) 재공고,보건.의료 / 계약직,신입+경력,비정규직,서울,,2026-08-10,https://job.alio.go.kr/recruitview.do?idx=303366,,2026-09-07 17:28:50
잡알리오,국립중앙의료원,계약직 간호사(간호부-소화기내과) 재공고,보건.의료 / 계약직,신입+경력,비정규직,서울,,2026-08-10,https://job.alio.go.kr/recruitview.do?idx=303368,,2026-09-07 17:28:51
잡알리오,국립중앙의료원,계약직 간호사(감염내과-상담실) 재공고,보건.의료 / 계약직,경력,비정규직,서울,,2026-08-10,https://job.alio.go.kr/recruitview.do?idx=303369,,2026-09-07 17:28:52
잡알리오,국립중앙의료원,계약직 단시간근로자-간호조무사(소화기내과 내시경실) 재공고,보건.의료 / 계약직,신입+경력,비정규직,서울,,2026-08-10,https://job.alio.go.kr/recruitview.do?idx=303370,,2026-09-07 17:28:53
잡알리오,국립중앙의료원,계약직 연구원B-휴직대체(지역의료교육팀) 재공고,보건.의료 / 계약직,신입+경력,비정규직,서울,,2026-08-10,https://job.alio.go.kr/recruitview.do?idx=303371,,2026-09-07 17:28:54
잡알리오,국립중앙의료원,계약직 약사(약제부) 재공고,보건.의료 / 계약직,신입+경력,비정규직,서울,,2026-08-10,https://job.alio.go.kr/recruitview.do?idx=303372,,2026-09-07 17:28:55
잡알리오,동남권원자력의학원,[직원채용] 2027년 신규 간호사 공개 채용,보건.의료 / 간호직,신입+경력,정규직,부산,,2026-08-31,https://job.alio.go.kr/recruitview.do?idx=303373,,2026-09-07 17:28:56
잡알리오,한국문화진흥주식회사,"한국문화진흥(주) 뉴서울컨트리클럽 정규직(경영관리, 레스토랑, 프런트) 및 체험형 청년인턴(경기진행, 코스관리) 채용공고","이용.숙박.여행.오락.스포츠 / 일반직,행정직,사무직,기술직",신입,"청년인턴(체험형) 
										외 1",경기,,2026-08-18,https://job.alio.go.kr/recruitview.do?idx=303374,,2026-09-07 17:28:57
잡알리오,전남대학교병원,2026년도 하반기 전공의(레지던트 1년차) 모집,보건.의료 / 의사직,신입+경력,정규직,전남광주,,2026-08-12,https://job.alio.go.kr/recruitview.do?idx=303375,,2026-09-07 17:28:57
잡알리오,전남대학교병원,2026년도 하반기 전공의(인턴) 모집,보건.의료 / 의사직,신입,정규직,전남광주,,2026-08-12,https://job.alio.go.kr/recruitview.do?idx=303376,,2026-09-07 17:28:59
잡알리오,대한적십자사,대한적십자사 인천사할린동포복지회관 직원(간호사) 채용 공고,사회복지.종교 / 간호직,신입+경력,무기계약직,인천,,2026-08-18,https://job.alio.go.kr/recruitview.do?idx=303377,,2026-09-07 17:28:59
잡알리오,한국농어촌공사,"한국농어촌공사 청주지사, 음성지사 계약직(육아휴직 대체인력) 채용 공고","사업관리,경영.회계.사무,농림어업 / 계약직",신입+경력,비정규직,충북,,2026-08-18,https://job.alio.go.kr/recruitview.do?idx=303378,,2026-09-07 17:29:00
잡알리오,학교법인한국폴리텍,한국폴리텍대학 동부산캠퍼스 체험형 청년인턴(장애) 채용 공고,경영.회계.사무 / 행정직,신입+경력,청년인턴(체험형),부산,,2026-08-12,https://job.alio.go.kr/recruitview.do?idx=303379,,2026-09-07 17:29:01
잡알리오,한전KPS(주),한전KPS(주) 서울경기전력지사 군포지점 단기노무원(상주감시원) 모집,전기.전자 / 계약직,신입+경력,비정규직,"서울 
										외 1",,2026-08-05,https://job.alio.go.kr/recruitview.do?idx=303381,,2026-09-07 17:29:02
잡알리오,한전KPS(주),"새울2시운전사업소 새울 3,4호기 시운전정비공사 단기노무원(정비보조) 채용공고","기계,전기.전자,환경.에너지.안전 / 계약직",신입+경력,비정규직,울산,,2026-08-14,https://job.alio.go.kr/recruitview.do?idx=303380,,2026-09-07 17:29:02
잡알리오,한전KDN,한전KDN(주) 부산본부 배전자동화 단가계약공사 일용근로자 모집공고,정보통신 / 기타(일용직),신입+경력,비정규직,부산,,2026-08-18,https://job.alio.go.kr/recruitview.do?idx=303384,,2026-09-07 17:29:03
잡알리오,주택관리공단(주),채용형 인턴 채용공고(주택관리공단 충북지사),"건설,기계,전기.전자,환경.에너지.안전 / 기술직",신입+경력,청년인턴(채용형),충북,,2026-08-10,https://job.alio.go.kr/recruitview.do?idx=303385,,2026-09-07 17:29:04
잡알리오,한국청소년상담복지개발원,제2026-2호 국립청소년인터넷드림마을 직원 모집,"사업관리,사회복지.종교,음식서비스 / 행정직,계약직,상담직",신입+경력,"무기계약직 
										외 1",전북,,2026-08-18,https://job.alio.go.kr/recruitview.do?idx=303386,,2026-09-07 17:29:05
잡알리오,건강보험심사평가원,건강보험심사평가원  진료심사평가위원장 채용 공고,보건.의료 / 전문직,경력,정규직,강원,,2026-08-18,https://job.alio.go.kr/recruitview.do?idx=303387,,2026-09-07 17:29:06
잡알리오,학교법인한국폴리텍,(수정) 한국폴리텍대학 성남캠퍼스 행정지원직(휴직 대체인력) 채용 공고,경영.회계.사무 / 행정직,신입+경력,비정규직,경기,,2026-07-31,https://job.alio.go.kr/recruitview.do?idx=303388,,2026-09-07 17:29:07
잡알리오,학교법인한국폴리텍,2026년 한국폴리텍대학 포항캠퍼스 업무직(조리원)채용 4차공고,음식서비스 / 운영직,신입+경력,무기계약직,경북,,2026-08-14,https://job.alio.go.kr/recruitview.do?idx=303391,,2026-09-07 17:29:08
잡알리오,분당서울대학교병원,"분당서울대학교병원 진료교수요원(신경외과,정형외과,마취통증,정보화실) 채용공고",보건.의료 / 교수직,신입+경력,비정규직,경기,,2026-08-14,https://job.alio.go.kr/recruitview.do?idx=303392,,2026-09-07 17:29:09
잡알리오,분당서울대학교병원,"분당서울대학교병원 진료전문의(내분비대사내과, 소아청소년과) 및 진료일반의(내과, 성형외과) 채용공고",보건.의료 / 의사직,신입+경력,비정규직,경기,,2026-08-14,https://job.alio.go.kr/recruitview.do?idx=303393,,2026-09-07 17:29:10
잡알리오,대한법률구조공단,대한법률구조공단 원주출장소 청년인턴 공개경쟁 채용시험 공고,"경영.회계.사무,법률.경찰.소방.교도.국방 / 행정직,사무직",신입,청년인턴(체험형),강원,,2026-08-19,https://job.alio.go.kr/recruitview.do?idx=303394,,2026-09-07 17:29:13
잡알리오,근로복지공단,[인천병원] 별정직 의사(재활의학과) 채용 공고,보건.의료 / 별정직,신입,정규직,인천,,2026-08-13,https://job.alio.go.kr/recruitview.do?idx=303395,,2026-09-07 17:29:14
잡알리오,시청자미디어재단,"시청자미디어재단 2026년 제4차 채용 공고(채용형인턴, 무기계약직, 기간제계약직)","사업관리,경영.회계.사무,교육.자연.사회과학,문화.예술.디자인.방송,운전.운송 / 일반직,행정직,사무직,기능직,계약직",신입,"무기계약직 
										외 3","서울 
										외 4",,2026-08-18,https://job.alio.go.kr/recruitview.do?idx=303396,,2026-09-07 17:29:15
잡알리오,근로복지공단,[울산병원] 장애전형 청년(체험형)인턴 채용 공고,보건.의료 / 계약직,신입,청년인턴(체험형),울산,,2026-08-14,https://job.alio.go.kr/recruitview.do?idx=303397,,2026-09-07 17:29:16
잡알리오,충남대학교병원,[대전] 소아청소년과(소아응급전담전) 계약직 의사 공개채용 모집공고(상시),보건.의료 / 의사직,신입+경력,비정규직,대전,,2027-06-30,https://job.alio.go.kr/recruitview.do?idx=303398,,2026-09-07 17:29:16
잡알리오,KDI국제정책대학원,[KDI국제정책대학원] 2026년 제7차 인턴직 채용 (경영기획),"경영.회계.사무 / 행정직,계약직",신입+경력,비정규직,세종,,2026-08-18,https://job.alio.go.kr/recruitview.do?idx=303399,,2026-09-07 17:29:18
잡알리오,한국보훈복지의료공단,[광주보훈병원] 계약직 업무지원직(고객지원_간병지원) - 휴직대체 직원 채용 공고,보건.의료 / 기타(업무지원직),신입+경력,비정규직,전남광주,,2026-08-13,https://job.alio.go.kr/recruitview.do?idx=303400,,2026-09-07 17:29:18
잡알리오,한전KPS(주),한전KPS(주)서인천사업처 2026년 신인천 4CC 계획예방정비공사 안전관리보조 단기노무원 채용공고,전기.전자 / 계약직,신입+경력,비정규직,인천,,2026-08-06,https://job.alio.go.kr/recruitview.do?idx=303401,,2026-09-07 17:29:19
잡알리오,경제인문사회연구회,2026년도 제8차 직원채용 공고(계약직 전문위원),"사업관리,경영.회계.사무,교육.자연.사회과학 / 행정직,연구직",신입+경력,비정규직,세종,,2026-08-17,https://job.alio.go.kr/recruitview.do?idx=303402,,2026-09-07 17:29:21
잡알리오,근로복지공단,"[근로복지공단] 공무직(사무원, 퇴직연금운영요원) 및 기간제(보육연구원) 채용 공고","경영.회계.사무 / 공무직,계약직",신입,"무기계약직 
										외 1","서울 
										외 1",,2026-08-10,https://job.alio.go.kr/recruitview.do?idx=303403,,2026-09-07 17:29:21
잡알리오,한국수자원공사,[한국수자원공사] 설계처 단기계약근로자(기술관리_전문기술) 채용 공고(육아휴직 대체인력),"건설,기계,전기.전자,정보통신 / 계약직",신입+경력,비정규직,대전,,2026-08-18,https://job.alio.go.kr/recruitview.do?idx=303405,,2026-09-07 17:29:23
잡알리오,근로복지공단,"[근로복지공단] 공무직(시설안내원, 전기·기계·통신기사) 채용 공고","경영.회계.사무,정보통신 / 공무직",신입+경력,무기계약직,울산,,2026-08-10,https://job.alio.go.kr/recruitview.do?idx=303404,,2026-09-07 17:29:23
잡알리오,한전KPS(주),한전KPS(주) 서울경기전력지사 인천지점 상주감시자 모집,전기.전자 / 계약직,신입+경력,비정규직,인천,,2026-08-07,https://job.alio.go.kr/recruitview.do?idx=303406,,2026-09-07 17:29:25
잡알리오,한국수자원공사,[한국수자원공사] 파주수도지사 특수직(사무관리_건설사업) 채용 공고,경영.회계.사무 / 계약직,신입+경력,비정규직,경기,,2026-08-18,https://job.alio.go.kr/recruitview.do?idx=303407,,2026-09-07 17:29:26
잡알리오,한국수자원공사,[한국수자원공사] 파주수도지사 특수직(수탁운영_지방상수도 고객관리) 채용 공고,경영.회계.사무 / 계약직,신입+경력,비정규직,경기,,2026-08-18,https://job.alio.go.kr/recruitview.do?idx=303408,,2026-09-07 17:29:26
잡알리오,학교법인한국폴리텍,한국폴리텍대학 성남캠퍼스 업무직(대학운영직_조리사 및 조리원) 채용 공고,음식서비스 / 운영직,신입+경력,무기계약직,경기,,2026-08-10,https://job.alio.go.kr/recruitview.do?idx=303409,,2026-09-07 17:29:27
잡알리오,학교법인한국폴리텍,한국폴리텍대학 반도체융합캠퍼스 업무직(대학운영직_조리원) 채용 2차 공고,음식서비스 / 운영직,신입+경력,무기계약직,경기,,2026-08-10,https://job.alio.go.kr/recruitview.do?idx=303410,,2026-09-07 17:29:28
잡알리오,학교법인한국폴리텍,한국폴리텍대학 반도체융합캠퍼스 업무직(대학운영직_전기원) 채용 공고,전기.전자 / 운영직,신입+경력,무기계약직,경기,,2026-08-10,https://job.alio.go.kr/recruitview.do?idx=303411,,2026-09-07 17:29:29
잡알리오,과학기술정책연구원,과학기술정책연구원 제2차 직원채용,연구 / 연구직,신입+경력,정규직,세종,,2026-08-18,https://job.alio.go.kr/recruitview.do?idx=303412,,2026-09-07 17:29:29
잡알리오,학교법인한국폴리텍,2026년 한국폴리텍대학 성남캠퍼스 체험형 청년인턴(장애) 채용 공고,경영.회계.사무 / 행정직,신입+경력,청년인턴(체험형),경기,,2026-08-10,https://job.alio.go.kr/recruitview.do?idx=303413,,2026-09-07 17:29:30
잡알리오,한국수출입은행,"한국수출입은행 2026년 업무직원(운전직) 및 별정직원(임시직, 운전직 육아휴직 대체) 채용","경영.회계.사무,운전.운송 / 별정직,기타(업무직원(운전직))",신입,"무기계약직 
										외 1","서울 
										외 1",,2026-08-18,https://job.alio.go.kr/recruitview.do?idx=303414,,2026-09-07 17:29:31
잡알리오,국립암센터,국립암센터 부속병원 당직전담의사 초빙공고,보건.의료 / 의사직,신입+경력,비정규직,경기,,2026-08-19,https://job.alio.go.kr/recruitview.do?idx=303415,,2026-09-07 17:29:32
잡알리오,국립암센터,국립암센터 부속병원 호흡기내과 임상스텝전문의 초빙공고,보건.의료 / 의사직,신입+경력,비정규직,경기,,2026-08-19,https://job.alio.go.kr/recruitview.do?idx=303416,,2026-09-07 17:29:32
잡알리오,국립암센터,국립암센터 중환자의학과(외과계) 전문계약직 의사 초빙공고,보건.의료 / 의사직,신입+경력,비정규직,경기,,2026-08-19,https://job.alio.go.kr/recruitview.do?idx=303417,,2026-09-07 17:29:33
잡알리오,주택관리공단(주),채용형 인턴 채용공고(주택관리공단 경기남지사),"건설,기계,전기.전자,환경.에너지.안전 / 기술직",신입+경력,청년인턴(채용형),경기,,2026-08-10,https://job.alio.go.kr/recruitview.do?idx=303418,,2026-09-07 17:29:34
잡알리오,강원대학교치과병원,(수정) 계약직(치과위생사) 모집 공고,보건.의료 / 보건직,신입+경력,비정규직,강원,,2026-07-16,https://job.alio.go.kr/recruitview.do?idx=303419,,2026-09-07 17:29:34
잡알리오,서울대학교치과병원,서울대학교치과병원 촉탁사무직 채용 공고,"경영.회계.사무,보건.의료 / 사무직",신입+경력,비정규직,서울,,2026-08-17,https://job.alio.go.kr/recruitview.do?idx=303420,,2026-09-07 17:29:35
잡알리오,서울요양원,국민건강보험공단 서울요양원 직원 채용공고,"보건.의료,사회복지.종교 / 보건직,기타(요양직)",신입+경력,"비정규직 
										외 1",서울,,2026-08-17,https://job.alio.go.kr/recruitview.do?idx=303421,,2026-09-07 17:29:36
잡알리오,서울대학교치과병원,서울대학교치과병원 단시간근무자(치과위생사) 채용 공고,보건.의료 / 보건직,신입+경력,비정규직,서울,,2026-08-17,https://job.alio.go.kr/recruitview.do?idx=303422,,2026-09-07 17:29:37
잡알리오,서울대학교치과병원,서울대학교치과병원 단시간근무자(원무직-수납) 채용 공고,보건.의료 / 기타(원무직),신입+경력,비정규직,서울,,2026-08-17,https://job.alio.go.kr/recruitview.do?idx=303423,,2026-09-07 17:29:38
잡알리오,한국도로교통공단,2026년도 체험형 청년인턴(장애인) 모집 공고,경영.회계.사무 / 행정직,신입,청년인턴(체험형),강원,,2026-08-19,https://job.alio.go.kr/recruitview.do?idx=303424,,2026-09-07 17:29:38
잡알리오,경북대학교병원,"(수정) 칠곡경북대학교병원 2026년 7월 5차 임시직원 채용공고(간호사, 행정, 업무보조)",보건.의료 / 계약직,신입+경력,비정규직,대구,,2026-08-06,https://job.alio.go.kr/recruitview.do?idx=303425,,2026-09-07 17:29:39
잡알리오,산업연구원,2026년 제6차 정규직 채용 공고,경영.회계.사무 / 전문직,신입+경력,정규직,세종,,2026-08-24,https://job.alio.go.kr/recruitview.do?idx=303426,,2026-09-07 17:29:40
잡알리오,한국남동발전(주),2026년 한국남동발전(주) 별정직(간호사) 채용공고,보건.의료 / 간호직,경력,정규직,강원,,2026-08-18,https://job.alio.go.kr/recruitview.do?idx=303427,,2026-09-07 17:29:41
잡알리오,한국보훈복지의료공단,[보훈교육연구원] 2026년 보훈교육연구원 일반기능직(행정기능) 채용공고,경영.회계.사무 / 기능직,신입+경력,정규직,경기,,2026-08-21,https://job.alio.go.kr/recruitview.do?idx=303428,,2026-09-07 17:29:42
잡알리오,한국남동발전(주),2026년 한국남동발전(주) 하반기 신입사원 채용공고,"기계,화학,전기.전자,환경.에너지.안전 / 기술직",신입,정규직,"인천 
										외 4",,2026-08-18,https://job.alio.go.kr/recruitview.do?idx=303429,,2026-09-07 17:29:42
잡알리오,한국해양교통안전공단,2026년 제2차 청년인턴(체험형) 채용,"사업관리,경영.회계.사무,문화.예술.디자인.방송,환경.에너지.안전 / 일반직,행정직,경영직,사무직,계약직,상담직",신입,청년인턴(체험형),"충남 
										외 5",,2026-08-18,https://job.alio.go.kr/recruitview.do?idx=303430,,2026-09-07 17:29:43
잡알리오,강원대학교병원,2026-37(업무협력직_장애_부서보조) 채용공고,보건.의료 / 기타(부서보조),신입,비정규직,강원,,2026-08-17,https://job.alio.go.kr/recruitview.do?idx=303431,,2026-09-07 17:29:44
잡알리오,한국기술교육대학교,"한국기술교육대학교 기간제 근로자(대체인력, 청년인턴) 채용 공고","경영.회계.사무,교육.자연.사회과학,사회복지.종교,정보통신 / 일반직,행정직,사무직,전산직,상담직",신입+경력,"비정규직 
										외 1",충남,,2026-08-18,https://job.alio.go.kr/recruitview.do?idx=303432,,2026-09-07 17:29:44
잡알리오,강원대학교병원,2026-38(업무협력직_장애인 체육선수) 채용공고,보건.의료 / 기타(장애인 체육선수),신입,비정규직,강원,,2026-08-17,https://job.alio.go.kr/recruitview.do?idx=303433,,2026-09-07 17:29:46
잡알리오,정보통신기획평가원,"2026년 정보통신기획평가원 직원채용(공무직(미화관리, 경비관리, 운전관리)) 공고","운전.운송,경비.청소 / 공무직",신입+경력,무기계약직,대전,,2026-08-19,https://job.alio.go.kr/recruitview.do?idx=303434,,2026-09-07 17:29:46
잡알리오,강원대학교병원,2026-39(중증 장애인 청년인턴) 채용공고,보건.의료 / 기타(장애인 청년인턴),신입,청년인턴(체험형),강원,,2026-08-17,https://job.alio.go.kr/recruitview.do?idx=303435,,2026-09-07 17:29:47
잡알리오,양육비이행관리원,"양육비이행관리원 2026년 제4차 직원 채용 공고(제한경쟁, 공개경쟁)","사업관리,경영.회계.사무,법률.경찰.소방.교도.국방 / 일반직,행정직,경영직,사무직,상담직",신입,"무기계약직 
										외 1",서울,,2026-08-20,https://job.alio.go.kr/recruitview.do?idx=303437,,2026-09-07 17:29:48
잡알리오,한국보훈복지의료공단,[대구보훈병원] 2026년도 하반기 전공의(레지던트 1년차) 채용 공고,보건.의료 / 의사직,신입+경력,정규직,대구,,2026-08-12,https://job.alio.go.kr/recruitview.do?idx=303439,,2026-09-07 17:29:48
잡알리오,한국중부발전(주),2026년도 6직급 및 기간제근로자 채용 공고,"경영.회계.사무,보건.의료,전기.전자,환경.에너지.안전 / 보건직,계약직,기타(특정직(보건관리자))",신입+경력,"비정규직 
										외 1","인천 
										외 2",,2026-08-21,https://job.alio.go.kr/recruitview.do?idx=303440,,2026-09-07 17:29:50
잡알리오,한국보훈복지의료공단,[부산보훈병원] 2026년 하반기 전공의 모집(레지던트 1년차),보건.의료 / 의사직,신입+경력,정규직,부산,,2026-08-12,https://job.alio.go.kr/recruitview.do?idx=303441,,2026-09-07 17:29:50
잡알리오,분당서울대학교병원,2026년도 하반기 레지던트 1년차 모집,보건.의료 / 의사직,신입+경력,정규직,경기,,2026-08-12,https://job.alio.go.kr/recruitview.do?idx=303442,,2026-09-07 17:29:52
잡알리오,한국보훈복지의료공단,[부산보훈병원] 2026년 하반기 전공의(인턴) 모집,보건.의료 / 의사직,신입+경력,정규직,부산,,2026-08-12,https://job.alio.go.kr/recruitview.do?idx=303443,,2026-09-07 17:29:52
잡알리오,한전KDN,한전KDN(주) 경기본부 미터링사업팀 AMI분야 일용근로자 모집공고,정보통신 / 기타(일용직),신입+경력,비정규직,경기,,2026-08-18,https://job.alio.go.kr/recruitview.do?idx=303444,,2026-09-07 17:29:53
잡알리오,한국기술교육대학교,한국기술교육대학교 대학혁신지원사업 연구원 채용,"사업관리,경영.회계.사무,연구 / 행정직,사무직,계약직",신입+경력,비정규직,충남,,2026-08-18,https://job.alio.go.kr/recruitview.do?idx=303445,,2026-09-07 17:29:54
잡알리오,한국산업안전보건공단,[안전보건공단] 본부(울산) 업무직 채용공고,"사업관리,경영.회계.사무,운전.운송 / 행정직,상담직,기타(운전원)",신입,무기계약직,울산,,2026-08-14,https://job.alio.go.kr/recruitview.do?idx=303446,,2026-09-07 17:29:55
잡알리오,한전KPS(주),한전KPS(주) 대구경북전력지사 단기노무원 채용(순시점검 정비보조),전기.전자 / 계약직,신입+경력,비정규직,"대구 
										외 1",,2026-08-06,https://job.alio.go.kr/recruitview.do?idx=303447,,2026-09-07 17:29:55
잡알리오,한국농촌경제연구원,한국농촌경제연구원 2026년도 하반기 부연구위원 공개모집 채용 공고,연구 / 연구직,신입+경력,정규직,전남광주,,2026-08-19,https://job.alio.go.kr/recruitview.do?idx=303448,,2026-09-07 17:29:56
잡알리오,한국보훈복지의료공단,[대전보훈병원] 2026년도 하반기 가정의학과 전공의(레지던트 1년차) 모집,보건.의료 / 의사직,신입+경력,정규직,대전,,2026-08-12,https://job.alio.go.kr/recruitview.do?idx=303449,,2026-09-07 17:29:57
잡알리오,한국장애인개발원,[제2026-85호] 2026년도 제4차 부산광역시장애아동·발달장애인지원센터(개인별지원팀) 기간제 계약직 채용 공고,사회복지.종교 / 일반직,신입+경력,비정규직,부산,,2026-08-18,https://job.alio.go.kr/recruitview.do?idx=303450,,2026-09-07 17:29:58
잡알리오,한국청소년상담복지개발원,제2026-3호 한국청소년상담복지개발원 청년인턴(체험형) 모집,"사업관리,경영.회계.사무 / 행정직",신입,청년인턴(체험형),부산,,2026-08-19,https://job.alio.go.kr/recruitview.do?idx=303451,,2026-09-07 17:29:58
잡알리오,국립중앙의료원,계약직 단시간근로자-장애인(공공사회사업팀)채용 재공고,보건.의료 / 계약직,신입+경력,비정규직,서울,,2026-08-14,https://job.alio.go.kr/recruitview.do?idx=303452,,2026-09-07 17:30:00
잡알리오,(주)한국가스기술공사,`26년도 제2차 대외정비사업처 기간제 계약직 채용 공고,"기계,화학,전기.전자,환경.에너지.안전 / 계약직",신입,비정규직,"울산 
										외 4",,2026-08-19,https://job.alio.go.kr/recruitview.do?idx=303453,,2026-09-07 17:30:00
잡알리오,전북대학교병원,2026년 하반기 의과전공의(인턴) 모집 공고,보건.의료 / 의사직,신입,정규직,전북,,2026-08-12,https://job.alio.go.kr/recruitview.do?idx=303454,,2026-09-07 17:30:01
잡알리오,충남대학교병원,2026년 하반기 레지던트 1년차 공개채용,보건.의료 / 의사직,신입,정규직,대전,,2026-08-12,https://job.alio.go.kr/recruitview.do?idx=303455,,2026-09-07 17:30:02
잡알리오,충남대학교병원,2026년 하반기 인턴 공개채용,보건.의료 / 의사직,신입,정규직,대전,,2026-08-12,https://job.alio.go.kr/recruitview.do?idx=303456,,2026-09-07 17:30:02
잡알리오,전북대학교병원,2026년 하반기 의과전공의(레지던트 1년차) 모집 공고,보건.의료 / 의사직,신입,정규직,전북,,2026-08-12,https://job.alio.go.kr/recruitview.do?idx=303457,,2026-09-07 17:30:04
잡알리오,서울대학교병원,2026년도 하반기 레지던트 1년차 모집 공고,보건.의료 / 의사직,신입+경력,정규직,"서울 
										외 4",,2026-08-12,https://job.alio.go.kr/recruitview.do?idx=303458,,2026-09-07 17:30:04
잡알리오,강원대학교치과병원,정규직(치과위생사) 모집 공고,보건.의료 / 보건직,신입+경력,정규직,강원,,2026-08-13,https://job.alio.go.kr/recruitview.do?idx=303459,,2026-09-07 17:30:06
잡알리오,강원대학교치과병원,계약직(치과위생사) 모집 공고,보건.의료 / 보건직,신입+경력,비정규직,강원,,2026-08-13,https://job.alio.go.kr/recruitview.do?idx=303460,,2026-09-07 17:30:06
잡알리오,한국보훈복지의료공단,"[대구보훈병원] 의사직(호흡기내과, 순환기내과, 응급의학과, 외과, 비뇨의학과, 입원전담의) 채용 공고",보건.의료 / 의사직,신입+경력,비정규직,대구,,2026-08-14,https://job.alio.go.kr/recruitview.do?idx=303463,,2026-09-07 17:30:07
잡알리오,한전KPS(주),한전KPS(주)한빛1사업처 한빛2호기 제28차 O/H공사 단기노무원 채용공고(1차),"건설,기계 / 계약직",신입+경력,비정규직,전남광주,,2026-08-19,https://job.alio.go.kr/recruitview.do?idx=303464,,2026-09-07 17:30:08
잡알리오,한국수자원공사,[한국수자원공사] (재공고) 한강경영처 사회형평적 인재 단기계약근로자(시설관리) 채용 공고(장애인 제한채용),경비.청소 / 계약직,신입+경력,비정규직,경기,,2026-08-18,https://job.alio.go.kr/recruitview.do?idx=303465,,2026-09-07 17:30:09
잡알리오,한국장애인고용공단,[한국장애인고용공단 광주지역본부] 2026년 기간제근로자(체험형 청년인턴) 채용,"경영.회계.사무,사회복지.종교 / 사무직,계약직,상담직,기타(장애인취업성공패키지 업무 전반)",신입+경력,"비정규직 
										외 1",전남광주,,2026-08-12,https://job.alio.go.kr/recruitview.do?idx=303466,,2026-09-07 17:30:09
잡알리오,한국원자력의학원,2026년도 하반기 전공의(레지던트 1년차) 모집 공고,보건.의료 / 의사직,신입+경력,정규직,서울,,2026-08-12,https://job.alio.go.kr/recruitview.do?idx=303467,,2026-09-07 17:30:10
잡알리오,한국원자력의학원,2026년도 하반기 전공의(인턴) 모집 공고,보건.의료 / 의사직,신입+경력,정규직,"서울 
										외 1",,2026-08-12,https://job.alio.go.kr/recruitview.do?idx=303468,,2026-09-07 17:30:11
잡알리오,한국보훈복지의료공단,[광주보훈병원] 2026년 하반기 전공의(인턴) 모집 공고,보건.의료 / 의사직,신입+경력,정규직,전남광주,,2026-08-12,https://job.alio.go.kr/recruitview.do?idx=303469,,2026-09-07 17:30:11
잡알리오,한국보훈복지의료공단,[광주보훈병원] 2026년 하반기 전공의(레지던트 1년차) 모집 공고,보건.의료 / 의사직,신입+경력,정규직,전남광주,,2026-08-12,https://job.alio.go.kr/recruitview.do?idx=303470,,2026-09-07 17:30:12
잡알리오,경상국립대학교병원,2026년도 하반기 인턴 모집 공고,보건.의료 / 의사직,신입,정규직,경남,,2026-08-12,https://job.alio.go.kr/recruitview.do?idx=303472,,2026-09-07 17:30:13
잡알리오,경상국립대학교병원,2026년도 하반기 레지던트 1년차 모집 공고,보건.의료 / 의사직,신입,정규직,경남,,2026-08-12,https://job.alio.go.kr/recruitview.do?idx=303474,,2026-09-07 17:30:14
잡알리오,학교법인한국폴리텍,한국폴리텍대학 대전캠퍼스 업무직(대학운영직_조리원) 채용 재공고,음식서비스 / 운영직,신입+경력,무기계약직,대전,,2026-08-11,https://job.alio.go.kr/recruitview.do?idx=303476,,2026-09-07 17:30:15
잡알리오,충남대학교병원,[세종] 2026년 하반기 레지던트 1년차 공개채용,보건.의료 / 보건직,신입,정규직,세종,,2026-08-12,https://job.alio.go.kr/recruitview.do?idx=303477,,2026-09-07 17:30:15
잡알리오,학교법인한국폴리텍,한국폴리텍대학 대전캠퍼스 청년인턴(일반) 채용 공고,"경영.회계.사무,교육.자연.사회과학 / 사무직,계약직",신입+경력,청년인턴(체험형),대전,,2026-08-11,https://job.alio.go.kr/recruitview.do?idx=303478,,2026-09-07 17:30:16
잡알리오,학교법인한국폴리텍,한국폴리텍대학 대전캠퍼스 청년인턴(장애) 채용 공고,"경영.회계.사무,교육.자연.사회과학 / 사무직,계약직",신입+경력,청년인턴(체험형),대전,,2026-08-11,https://job.alio.go.kr/recruitview.do?idx=303479,,2026-09-07 17:30:17
잡알리오,한국환경공단,"한국환경공단 충청권환경본부 환경시설관리처 기간제근로자(촉탁직, 일용직) 채용 재공고","경영.회계.사무,건설,환경.에너지.안전 / 계약직",신입+경력,비정규직,충남,,2026-08-13,https://job.alio.go.kr/recruitview.do?idx=303480,,2026-09-07 17:30:18
잡알리오,경북대학교치과병원,2026년도 제4차 신규직원(치과위생사) 채용 공고,보건.의료 / 보건직,신입,정규직,대구,,2026-08-18,https://job.alio.go.kr/recruitview.do?idx=303481,,2026-09-07 17:30:18
잡알리오,한국보훈복지의료공단,"[중앙보훈병원] 2026년도 하반기 전공의(인턴, 레지던트1년차) 채용 공고",보건.의료 / 의사직,신입+경력,정규직,서울,,2026-08-12,https://job.alio.go.kr/recruitview.do?idx=303482,,2026-09-07 17:30:20
잡알리오,한국보훈복지의료공단,[수원보훈요양원] 육아휴직 대체 간호사 채용 공고,보건.의료 / 기타(간호사),경력,비정규직,경기,,2026-08-14,https://job.alio.go.kr/recruitview.do?idx=303483,,2026-09-07 17:30:20
잡알리오,부산대학교병원,2026년도 하반기 인턴 모집 공고(양산부산대학교병원),보건.의료 / 의사직,신입,정규직,경남,,2026-08-12,https://job.alio.go.kr/recruitview.do?idx=303484,,2026-09-07 17:30:21
잡알리오,부산대학교병원,2026년도 하반기 레지던트 1년차 모집 공고(양산부산대학교병원),보건.의료 / 의사직,신입,정규직,경남,,2026-08-12,https://job.alio.go.kr/recruitview.do?idx=303485,,2026-09-07 17:30:21
잡알리오,부산대학교병원,2026년도 하반기 레지던트 1년차 모집공고,보건.의료 / 의사직,신입,정규직,부산,,2026-08-12,https://job.alio.go.kr/recruitview.do?idx=303486,,2026-09-07 17:30:22
잡알리오,한국환경공단,한국환경공단 대기환경사업단 사업장대기처 기간제근로자(촉탁라급) 채용 공고,"화학,환경.에너지.안전 / 계약직",신입+경력,비정규직,인천,,2026-08-19,https://job.alio.go.kr/recruitview.do?idx=303487,,2026-09-07 17:30:23
잡알리오,부산대학교병원,2026년도 하반기 인턴 모집공고,보건.의료 / 의사직,신입,정규직,부산,,2026-08-12,https://job.alio.go.kr/recruitview.do?idx=303488,,2026-09-07 17:30:24
잡알리오,한국산림복지진흥원,2026년 제1회 국립나주숲체원 기간제 계약직원(육아휴직 대체인력) 제한경쟁 채용공고,"교육.자연.사회과학 / 운영직,계약직",신입+경력,비정규직,전남광주,,2026-08-20,https://job.alio.go.kr/recruitview.do?idx=303491,,2026-09-07 17:30:25
잡알리오,학교법인한국폴리텍,2026년 한국폴리텍대학 포항캠퍼스 산학협력중점교수 채용 2차공고,교육.자연.사회과학 / 기타(산학협력중점교수),경력,비정규직,경북,,2026-08-14,https://job.alio.go.kr/recruitview.do?idx=303490,,2026-09-07 17:30:25
잡알리오,서울대학교병원,2026년도 임상강사(Fellow) 5차 선발 공고,보건.의료 / 의사직,신입,정규직,"서울 
										외 1",,2026-08-18,https://job.alio.go.kr/recruitview.do?idx=303492,,2026-09-07 17:30:26
잡알리오,한국보훈복지의료공단,[중앙보훈병원] 전문의(정신건강의학과) 채용 공고,보건.의료 / 의사직,신입+경력,비정규직,서울,,2026-08-18,https://job.alio.go.kr/recruitview.do?idx=303493,,2026-09-07 17:30:27
잡알리오,국방기술진흥연구소,국방기술진흥연구소 방산혁신클러스터사업부장 개방형직위 모집 공고,"사업관리,연구 / 연구직",경력,비정규직,경남,,2026-08-18,https://job.alio.go.kr/recruitview.do?idx=303494,,2026-09-07 17:30:27
잡알리오,국립공원공단,[팔공산서부] 2026년 팔공산국립공원서부사무소 한시인력(탐방운전) 직원 채용 공고,"운전.운송,이용.숙박.여행.오락.스포츠 / 계약직",신입+경력,비정규직,경북,,2026-08-18,https://job.alio.go.kr/recruitview.do?idx=303495,,2026-09-07 17:30:28
잡알리오,충북대학교병원,2026년도 충북대학교병원 하반기 전공의(인턴) 모집 공고,보건.의료 / 의사직,신입,정규직,충북,,2026-08-12,https://job.alio.go.kr/recruitview.do?idx=303496,,2026-09-07 17:30:29
잡알리오,충북대학교병원,2026년도 충북대학교병원 하반기 전공의(레지던트 1년차) 모집 공고,보건.의료 / 의사직,신입,정규직,충북,,2026-08-12,https://job.alio.go.kr/recruitview.do?idx=303497,,2026-09-07 17:30:29
잡알리오,한국보건복지인재원,(제2026-6호) 한국보건복지인재원 경영전략본부장 초빙 공고,경영.회계.사무 / 일반직,경력,정규직,충북,,2026-08-19,https://job.alio.go.kr/recruitview.do?idx=303499,,2026-09-07 17:30:30
잡알리오,중소벤처기업진흥공단,2026년 하반기 중소벤처기업진흥공단 체험형 청년인턴(장애인) 채용 공고,"경영.회계.사무,금융.보험 / 계약직",신입,청년인턴(체험형),"부산 
										외 5",,2026-08-24,https://job.alio.go.kr/recruitview.do?idx=303500,,2026-09-07 17:30:32
잡알리오,한국나노기술원,2026년 5차 직원(위촉연구원(과제 수행)) 채용 공고,"사업관리,전기.전자,연구 / 행정직,연구직",신입+경력,비정규직,경기,,2026-08-20,https://job.alio.go.kr/recruitview.do?idx=303501,,2026-09-07 17:30:32
잡알리오,한국보건사회연구원,한국보건사회연구원 계약직 채용 공고(건강보장분야 및 보건의료정책분야),"사업관리,연구 / 연구직",신입,비정규직,세종,,2026-08-20,https://job.alio.go.kr/recruitview.do?idx=303502,,2026-09-07 17:30:33
잡알리오,한전KPS(주),한전KPS(주)부산경남전력지사 통영지점 단기노무원(수목관리사(아보리스트)) 모집,전기.전자 / 계약직,신입+경력,비정규직,경남,,2026-08-07,https://job.alio.go.kr/recruitview.do?idx=303503,,2026-09-07 17:30:33
잡알리오,한국보훈복지의료공단,[인천보훈병원] 2026-11차 직원[업무지원직(급식)] 공개채용,보건.의료 / 기타(업무지원직),신입+경력,무기계약직,인천,,2026-08-19,https://job.alio.go.kr/recruitview.do?idx=303504,,2026-09-07 17:30:34
잡알리오,학교법인한국폴리텍,한국폴리텍대학 남인천캠퍼스 업무직(대학운영직-조리원) 채용 5차 공고,음식서비스 / 운영직,신입+경력,무기계약직,인천,,2026-08-23,https://job.alio.go.kr/recruitview.do?idx=303505,,2026-09-07 17:30:35
잡알리오,근로복지공단,[산재심사위원회] 공무직(사무원) 채용 공고,경영.회계.사무 / 공무직,신입,무기계약직,서울,,2026-08-12,https://job.alio.go.kr/recruitview.do?idx=303507,,2026-09-07 17:30:36
잡알리오,한국전력공사,기간제근로자(대체인력) 채용공고 [제주본부],"경영.회계.사무,전기.전자 / 사무직,기술직",신입,비정규직,제주,,2026-08-19,https://job.alio.go.kr/recruitview.do?idx=303506,,2026-09-07 17:30:36
잡알리오,한국국제협력단,2026년 4차 KOICA 기간제 근로자(사무직) 채용,"경영.회계.사무 / 사무직,계약직",신입+경력,비정규직,경기,,2026-08-24,https://job.alio.go.kr/recruitview.do?idx=303509,,2026-09-07 17:30:38
잡알리오,한전KDN,한전KDN(주) 울산지사 배전분야 일용원 모집공고,정보통신 / 기타(일용직),신입+경력,비정규직,울산,,2026-08-19,https://job.alio.go.kr/recruitview.do?idx=303511,,2026-09-07 17:30:38
잡알리오,한전KPS(주),한전KPS(주) 부산경남전력지사 진주지점 단기노무원(수목관리사) 모집,전기.전자 / 계약직,신입+경력,비정규직,경남,,2026-08-07,https://job.alio.go.kr/recruitview.do?idx=303513,,2026-09-07 17:30:39
잡알리오,태권도진흥재단,2026년 2차 기간제근로자(육아휴직 대체) 직원 채용공고,"이용.숙박.여행.오락.스포츠 / 행정직,운영직",신입,비정규직,전북,,2026-08-20,https://job.alio.go.kr/recruitview.do?idx=303514,,2026-09-07 17:30:40
잡알리오,주택관리공단(주),육아휴직 대체직 채용공고(주택관리공단 경기남부지사),경영.회계.사무 / 행정직,신입+경력,비정규직,경기,,2026-08-12,https://job.alio.go.kr/recruitview.do?idx=303515,,2026-09-07 17:30:41
잡알리오,한국국제협력단,2026년(32기) KOICA 해외사무소/재외공관 영프로페셔널 모집,"사업관리,경영.회계.사무 / 행정직",신입,청년인턴(체험형),해외,,2026-08-21,https://job.alio.go.kr/recruitview.do?idx=303516,,2026-09-07 17:30:42
잡알리오,제주대학교병원,"제주대학교병원 계약직(가정전문간호사, 가정형 호스피스 전담간호사) 모집공고",보건.의료 / 계약직,신입+경력,무기계약직,제주,,2026-08-12,https://job.alio.go.kr/recruitview.do?idx=303518,,2026-09-07 17:30:43
잡알리오,제주대학교병원,제주대학교병원 전일제 계약직 및 단시간 계약직(장애인_병원안내 등) 모집공고,보건.의료 / 계약직,신입+경력,비정규직,제주,,2026-08-12,https://job.alio.go.kr/recruitview.do?idx=303519,,2026-09-07 17:30:43
잡알리오,제주대학교병원,제주대학교병원 휴직대체 계약직(약사_야간전담) 모집공고,보건.의료 / 계약직,신입+경력,비정규직,제주,,2026-12-31,https://job.alio.go.kr/recruitview.do?idx=303520,,2026-09-07 17:30:44
잡알리오,제주대학교병원,"제주대학교병원 휴직대체 계약직(조리·배식원, 간호사) 모집공고",보건.의료 / 계약직,신입+경력,비정규직,제주,,2026-08-12,https://job.alio.go.kr/recruitview.do?idx=303522,,2026-09-07 17:30:45
잡알리오,제주대학교병원,"제주대학교병원 사업인력 계약직(권역정신응급의료센터_보안인력, 지역장애인보건의료센터_사회복지사) 모집공고",보건.의료 / 계약직,신입+경력,비정규직,제주,,2026-08-12,https://job.alio.go.kr/recruitview.do?idx=303521,,2026-09-07 17:30:45
잡알리오,학교법인한국폴리텍,한국폴리텍대학 부산캠퍼스 2026년 청년인턴(장애) 2차 채용,"경영.회계.사무 / 사무직,계약직",신입+경력,청년인턴(체험형),부산,,2026-08-18,https://job.alio.go.kr/recruitview.do?idx=303523,,2026-09-07 17:30:47
잡알리오,(재)우체국물류지원단,"우체국물류지원단 경인지사 안양, 부평물류사업소 기간제(발착직) 채용 공고",운전.운송 / 기타(발착직),신입+경력,비정규직,"인천 
										외 1",,2026-08-11,https://job.alio.go.kr/recruitview.do?idx=303524,,2026-09-07 17:30:47
잡알리오,근로복지공단,[태백요양병원] 장애전형 청년(체험형)인턴 채용 공고,보건.의료 / 계약직,신입,청년인턴(체험형),강원,,2026-08-12,https://job.alio.go.kr/recruitview.do?idx=303525,,2026-09-07 17:30:48
잡알리오,근로복지공단,[태백병원] 장애전형 청년(체험형)인턴 채용 공고,보건.의료 / 계약직,신입,청년인턴(체험형),강원,,2026-08-12,https://job.alio.go.kr/recruitview.do?idx=303526,,2026-09-07 17:30:49
잡알리오,근로복지공단,[태백병원] 공무직(전기기계통신기사-기계분야) 채용 공고,"보건.의료,기계 / 공무직",신입,무기계약직,강원,,2026-08-12,https://job.alio.go.kr/recruitview.do?idx=303527,,2026-09-07 17:30:50
잡알리오,근로복지공단,[안산병원] 기간제(임상심리사) 채용공고,보건.의료 / 계약직,신입,비정규직,경기,,2026-08-12,https://job.alio.go.kr/recruitview.do?idx=303528,,2026-09-07 17:30:51
잡알리오,근로복지공단,[안산병원] 기간제(사무원) 채용 공고,"경영.회계.사무,보건.의료 / 계약직",신입,비정규직,경기,,2026-08-12,https://job.alio.go.kr/recruitview.do?idx=303529,,2026-09-07 17:30:51
잡알리오,근로복지공단,[안산병원] 기간제(약사) 채용 공고,보건.의료 / 약무직,신입,비정규직,경기,,2026-08-12,https://job.alio.go.kr/recruitview.do?idx=303530,,2026-09-07 17:30:52
잡알리오,한전KPS(주),한전KPS(주) 삼천포사업처 고성 단기노무원(공기구관리보조) 채용(제42차),"경영.회계.사무,기계 / 계약직",신입+경력,비정규직,경남,,2026-08-07,https://job.alio.go.kr/recruitview.do?idx=303531,,2026-09-07 17:30:53
잡알리오,한전KPS(주),한전KPS(주) 서울경기전력지사 구리지점 단기노무원(정비보조) 모집,전기.전자 / 기타(정비보조),신입+경력,비정규직,경기,,2026-08-07,https://job.alio.go.kr/recruitview.do?idx=303532,,2026-09-07 17:30:54
잡알리오,한전KPS(주),한전KPS(주) 삼천포사업처 단기노무원(기계보조) 채용(제43차),기계 / 계약직,신입+경력,비정규직,경남,,2026-08-07,https://job.alio.go.kr/recruitview.do?idx=303533,,2026-09-07 17:30:55
잡알리오,한전KPS(주),한전KPS(주) 삼천포사업처 단기노무원(기계보조) 채용(제44차),기계 / 계약직,신입+경력,비정규직,경남,,2026-08-07,https://job.alio.go.kr/recruitview.do?idx=303534,,2026-09-07 17:30:55
잡알리오,한전KPS(주),한전KPS(주) 삼천포사업처 단기노무원(조명교체작업 단순보조) 채용(제45차),전기.전자 / 계약직,신입+경력,비정규직,경남,,2026-08-07,https://job.alio.go.kr/recruitview.do?idx=303535,,2026-09-07 17:30:56
잡알리오,한전KPS(주),"한전KPS(주)부산경남전력지사 창원지점 단기노무원(수목관리사, 벌목공) 모집",전기.전자 / 계약직,신입+경력,비정규직,경남,,2026-08-07,https://job.alio.go.kr/recruitview.do?idx=303536,,2026-09-07 17:30:58
잡알리오,한국수자원공사,[한국수자원공사] 기후협력개발처 특수직(기술관리_전문기술) 채용 공고,"전기.전자,정보통신 / 계약직",신입+경력,비정규직,대전,,2026-08-19,https://job.alio.go.kr/recruitview.do?idx=303537,,2026-09-07 17:30:58
잡알리오,국립공원공단,[계룡산] 2026년 계룡산국립공원사무소 국립공원지킴이(한시인력) 채용 공고,환경.에너지.안전 / 계약직,신입+경력,비정규직,"대전 
										외 1",,2026-08-18,https://job.alio.go.kr/recruitview.do?idx=303538,,2026-09-07 17:30:59
잡알리오,한전KPS(주),"한전KPS(주) 부산경남전력지사 기술팀 단기노무원(수목관리사, 상주감시) 모집",전기.전자 / 계약직,신입+경력,비정규직,부산,,2026-08-07,https://job.alio.go.kr/recruitview.do?idx=303539,,2026-09-07 17:31:00
잡알리오,전남대학교병원,2026년도 전남대학교병원 임상교수요원 추가 채용 공고,보건.의료 / 의사직,신입,정규직,전남광주,,2026-08-19,https://job.alio.go.kr/recruitview.do?idx=303540,,2026-09-07 17:31:01
잡알리오,한국항로표지기술원,한국항로표지기술원 연구직 7급 채용 공고,전기.전자 / 연구직,신입,정규직,전남광주,,2026-08-20,https://job.alio.go.kr/recruitview.do?idx=303541,,2026-09-07 17:31:02
잡알리오,한전KDN,한전KDN(주) 서울본부 강북지사 OA설비 유지보수 및 단순정비 일용근로자 모집,"전기.전자,정보통신 / 기타(일용근로자)",신입+경력,비정규직,서울,,2026-08-19,https://job.alio.go.kr/recruitview.do?idx=303542,,2026-09-07 17:31:02
잡알리오,한국항로표지기술원,한국항로표지기술원 기간제 계약직(연구원) 채용 공고,"사업관리,정보통신 / 계약직",신입,비정규직,세종,,2026-08-20,https://job.alio.go.kr/recruitview.do?idx=303543,,2026-09-07 17:31:03
잡알리오,산업연구원,2026년 제7차 정규직 채용 공고,연구 / 연구직,신입+경력,정규직,세종,,2026-08-20,https://job.alio.go.kr/recruitview.do?idx=303544,,2026-09-07 17:31:04
잡알리오,한국항로표지기술원,한국항로표지기술원 체험형 청년인턴(장애인 제한경쟁 포함) 채용 공고,"사업관리,경영.회계.사무 / 계약직",신입,청년인턴(체험형),세종,,2026-08-20,https://job.alio.go.kr/recruitview.do?idx=303545,,2026-09-07 17:31:05
잡알리오,대한체육회,[대한체육회] 2026년 정규직(일반직·전문기술직·공무직) 신입직원 공개채용,"사업관리,경영.회계.사무,보건.의료,경비.청소,이용.숙박.여행.오락.스포츠,음식서비스,건설,기계,정보통신,환경.에너지.안전 / 일반직,행정직,사무직,기술직,시설직,간호직,보건직,공무직",신입,"무기계약직 
										외 1","서울 
										외 3",,2026-08-19,https://job.alio.go.kr/recruitview.do?idx=303546,,2026-09-07 17:31:05
잡알리오,한국산림복지진흥원,한국산림복지진흥원 2026년 하반기 체험형 청년인턴 채용 공고,"사업관리,경영.회계.사무,교육.자연.사회과학,이용.숙박.여행.오락.스포츠 / 계약직",신입,청년인턴(체험형),"대전 
										외 3",,2026-08-20,https://job.alio.go.kr/recruitview.do?idx=303547,,2026-09-07 17:31:06
잡알리오,한국환경연구원,[한국환경연구원] 2026년 제3차 인력채용(부연구위원) 공고,"환경.에너지.안전,연구 / 연구직",신입,"비정규직 
										외 1",세종,,2026-08-20,https://job.alio.go.kr/recruitview.do?idx=303548,,2026-09-07 17:31:07
잡알리오,근로복지공단,[근로복지공단] '26년 2차 신규직원(행정직) 채용 공고,경영.회계.사무 / 행정직,신입,청년인턴(채용형),"서울 
										외 15",,2026-08-19,https://job.alio.go.kr/recruitview.do?idx=303549,,2026-09-07 17:31:07
잡알리오,한국도로공사,한국도로공사 원주지사 기간제근로자(운전원) 채용공고,운전.운송 / 기타(운전원),신입+경력,비정규직,강원,,2026-08-12,https://job.alio.go.kr/recruitview.do?idx=303550,,2026-09-07 17:31:08
잡알리오,국립암센터,국립암센터 부속병원 진단검사의학과 정규직 의사직 초빙공고,보건.의료 / 의사직,신입+경력,정규직,경기,,2026-08-21,https://job.alio.go.kr/recruitview.do?idx=303551,,2026-09-07 17:31:09
잡알리오,한국철도공사,한국철도공사 전남본부 2026년 기간제근로자(보건관리원) 채용공고,보건.의료 / 사무직,경력,비정규직,전남광주,,2026-08-20,https://job.alio.go.kr/recruitview.do?idx=303552,,2026-09-07 17:31:10
잡알리오,한전KPS(주),"(수정) 한전KPS(주) 서울경기전력지사 단기노무원(벌목공,수목관리사) 모집",전기.전자 / 계약직,신입+경력,비정규직,"서울 
										외 1",,2026-08-04,https://job.alio.go.kr/recruitview.do?idx=303553,,2026-09-07 17:31:11
잡알리오,전남대학교병원,2026년 7월 화순전남대학교병원 직원(대체근로자) 공개채용 공고,보건.의료 / 계약직,신입,비정규직,전남광주,,2026-08-12,https://job.alio.go.kr/recruitview.do?idx=303554,,2026-09-07 17:31:12
잡알리오,한국보훈복지의료공단,[중앙보훈병원] 기간제 직원 채용 공고(8월),"보건.의료,경비.청소,정보통신 / 공무직,계약직",신입+경력,비정규직,서울,,2026-08-19,https://job.alio.go.kr/recruitview.do?idx=303556,,2026-09-07 17:31:13
잡알리오,한국보훈복지의료공단,[인천보훈병원] 2026-12차 직원 채용(제한경쟁),보건.의료 / 기타(청년인턴(체험형)),신입+경력,청년인턴(체험형),인천,,2026-08-19,https://job.alio.go.kr/recruitview.do?idx=303555,,2026-09-07 17:31:13
잡알리오,한국보훈복지의료공단,[대전보훈요양원] 정규직 요양보호사 채용 공고,사회복지.종교 / 기타(요양보호직),신입,정규직,대전,,2026-08-18,https://job.alio.go.kr/recruitview.do?idx=303557,,2026-09-07 17:31:13
잡알리오,한국보훈복지의료공단,[중앙보훈병원] 업무지원직 직원 채용 공고(8월),"보건.의료,음식서비스 / 공무직",신입+경력,무기계약직,서울,,2026-08-19,https://job.alio.go.kr/recruitview.do?idx=303558,,2026-09-07 17:31:15
잡알리오,한국산업기술시험원,(수정) 2026년 한국산업기술시험원 2분기 2차수 위촉계약직(행정/연구직) 공개모집,"경영.회계.사무,기계,재료,화학,전기.전자,정보통신,환경.에너지.안전,연구 / 행정직,연구직",신입+경력,비정규직,"서울 
										외 7",,2026-07-22,https://job.alio.go.kr/recruitview.do?idx=303559,,2026-09-07 17:31:15
잡알리오,학교법인한국폴리텍,한국폴리텍대학 영남융합기술캠퍼스 업무직(학사지원직) 채용 공고,경영.회계.사무 / 기타(학사지원직),신입+경력,무기계약직,대구,,2026-08-13,https://job.alio.go.kr/recruitview.do?idx=303560,,2026-09-07 17:31:17
잡알리오,경북대학교치과병원,제7차 산업혁신기반구축사업 연구원(계약직) 채용,"사업관리,정보통신,연구 / 연구직,전산직",신입,비정규직,대구,,2026-08-18,https://job.alio.go.kr/recruitview.do?idx=303561,,2026-09-07 17:31:18
잡알리오,한국산업기술시험원,(수정) 2026년 한국산업기술시험원 2분기 2차수 위촉계약직(사무/기술/기능직) 공개모집,"경영.회계.사무,영업판매,경비.청소,재료 / 사무직,기술직,기능직",신입,비정규직,"서울 
										외 4",,2026-07-22,https://job.alio.go.kr/recruitview.do?idx=303562,,2026-09-07 17:31:18
잡알리오,서울올림픽기념국민체육진흥공단,(수정) 한국스포츠과학원 초빙연구원(나급) 채용 공고-국가대표데이터시스템 고도화: 장애인 국가대표 스포츠과학지원 기능 구축 및 통합운영 기반 마련,연구 / 계약직,신입+경력,비정규직,서울,,2026-08-18,https://job.alio.go.kr/recruitview.do?idx=303563,,2026-09-07 17:31:19
잡알리오,한국보훈복지의료공단,[중앙보훈병원] 약무직(약사) 채용 공고,보건.의료 / 약무직,신입+경력,비정규직,서울,,2026-08-19,https://job.alio.go.kr/recruitview.do?idx=303564,,2026-09-07 17:31:20
잡알리오,학교법인한국폴리텍,한국폴리텍대학 신기술교육원 2026년 청년인턴(장애) 채용 공고,"경영.회계.사무 / 사무직,계약직",신입,"비정규직 
										외 1",전북,,2026-08-13,https://job.alio.go.kr/recruitview.do?idx=303565,,2026-09-07 17:31:20
잡알리오,학교법인한국폴리텍,한국폴리텍대학 창원캠퍼스 행정지원직(사무직원 휴직 대체인력) 채용 공고,"경영.회계.사무 / 사무직,계약직",신입+경력,비정규직,경남,,2026-08-13,https://job.alio.go.kr/recruitview.do?idx=303566,,2026-09-07 17:31:21
잡알리오,학교법인한국폴리텍,한국폴리텍대학 신기술교육원 2026년 청년인턴(일반) 채용 공고,"경영.회계.사무 / 사무직,계약직",신입,"비정규직 
										외 1",전북,,2026-08-13,https://job.alio.go.kr/recruitview.do?idx=303567,,2026-09-07 17:31:22
잡알리오,학교법인한국폴리텍,한국폴리텍대학 창원캠퍼스 체험형 청년인턴(일반) 채용 공고,"경영.회계.사무 / 사무직,계약직",신입,청년인턴(체험형),경남,,2026-08-13,https://job.alio.go.kr/recruitview.do?idx=303568,,2026-09-07 17:31:23
잡알리오,경북대학교병원,"칠곡경북대학교병원 2026년 8월 1차 임시직원 채용공고(간호사, 주차, 조경관리)",보건.의료 / 계약직,신입+경력,비정규직,대구,,2026-08-11,https://job.alio.go.kr/recruitview.do?idx=303569,,2026-09-07 17:31:23
잡알리오,충북대학교병원,2026년 8월 충북대학교병원 기간제근무자 모집 공고,보건.의료 / 계약직,신입+경력,비정규직,충북,,2026-08-20,https://job.alio.go.kr/recruitview.do?idx=303570,,2026-09-07 17:31:25
잡알리오,(주)한국가스기술공사,인천기지지사 기간제 계약직(육아휴직 대체인력) 채용 공고,"기계 / 기술직,계약직",신입,비정규직,인천,,2026-08-21,https://job.alio.go.kr/recruitview.do?idx=303571,,2026-09-07 17:31:25
잡알리오,제주대학교병원,2026년 제주대학교병원 임상강사(Fellow) 초빙 공고,보건.의료 / 의사직,신입,정규직,제주,,2026-08-11,https://job.alio.go.kr/recruitview.do?idx=303572,,2026-09-07 17:31:26
잡알리오,한국환경공단,한국환경공단 대구경북환경본부 환경시설관리처 기간제근로자(촉탁직) 채용 공고,"건설,환경.에너지.안전 / 계약직",신입+경력,비정규직,경북,,2026-08-21,https://job.alio.go.kr/recruitview.do?idx=303573,,2026-09-07 17:31:27
잡알리오,과학기술정책연구원,과학기술정책연구원 3차 청년인턴 채용,경영.회계.사무 / 행정직,신입+경력,청년인턴(체험형),세종,,2026-08-21,https://job.alio.go.kr/recruitview.do?idx=303574,,2026-09-07 17:31:28
잡알리오,국립공원공단,[가야산] 2026년 가야산국립공원사무소 한시인력(환경관리) 채용,경비.청소 / 계약직,신입+경력,비정규직,경남,,2026-08-12,https://job.alio.go.kr/recruitview.do?idx=303575,,2026-09-07 17:31:28
잡알리오,제주대학교병원,(수정) 제주대학교병원 2026년도 하반기 레지던트 1년차 모집 공고,보건.의료 / 의사직,신입,정규직,제주,,2026-08-12,https://job.alio.go.kr/recruitview.do?idx=303576,,2026-09-07 17:31:29
잡알리오,한전KDN,한전KDN(주) 울산지사 AMI 유지보수 일용근로자 모집공고,정보통신 / 기타(일용직),신입+경력,비정규직,울산,,2026-08-20,https://job.alio.go.kr/recruitview.do?idx=303577,,2026-09-07 17:31:30
잡알리오,제주대학교병원,(수정) 제주대학교병원 2026년도 하반기 인턴 모집 공고,보건.의료 / 의사직,신입,정규직,제주,,2026-08-12,https://job.alio.go.kr/recruitview.do?idx=303578,,2026-09-07 17:31:30
잡알리오,국립공원공단,[가야산] 2026년 가야산국립공원사무소 하반기 한시인력(탐방로 보수) 채용,"이용.숙박.여행.오락.스포츠,건설 / 계약직",신입+경력,비정규직,경남,,2026-08-12,https://job.alio.go.kr/recruitview.do?idx=303579,,2026-09-07 17:31:31
잡알리오,한국산업안전보건공단,2026년도 하반기 신규직원(경력직 2급_산업보건(의학)) 채용공고,"사업관리,보건.의료,환경.에너지.안전 / 연구직",경력,정규직,울산,,2026-08-24,https://job.alio.go.kr/recruitview.do?idx=303580,,2026-09-07 17:31:32
잡알리오,한전KPS(주),한전KPS(주)서인천사업처 2026년 신인천 4CC 계획예방정비공사 단기노무원 2차 채용공고,전기.전자 / 계약직,신입+경력,비정규직,인천,,2026-08-10,https://job.alio.go.kr/recruitview.do?idx=303581,,2026-09-07 17:31:32
잡알리오,한국산업안전보건공단,2026년도 하반기 신규직원(신입직 5급) 채용공고,"사업관리,경영.회계.사무,환경.에너지.안전 / 일반직",신입,정규직,"서울 
										외 14",,2026-08-24,https://job.alio.go.kr/recruitview.do?idx=303582,,2026-09-07 17:31:33
잡알리오,한국산업안전보건공단,2026년도 하반기 신규직원(신입직 6급) 채용공고,"사업관리,경영.회계.사무,환경.에너지.안전 / 일반직",신입,정규직,"서울 
										외 14",,2026-08-24,https://job.alio.go.kr/recruitview.do?idx=303583,,2026-09-07 17:31:34
잡알리오,서울올림픽기념국민체육진흥공단,한국스포츠과학원 초빙연구원(나급) 채용 공고-국가대표데이터시스템 고도화: 장애인 국가대표 스포츠과학지원 기능 구축 및 통합운영 기반 마련,연구 / 계약직,신입+경력,비정규직,서울,,2026-08-20,https://job.alio.go.kr/recruitview.do?idx=303584,,2026-09-07 17:31:35
잡알리오,주택관리공단(주),채용형 인턴 채용공고(주택관리공단 경기북부지사),"건설,기계,전기.전자,환경.에너지.안전 / 기술직",신입+경력,청년인턴(채용형),경기,,2026-08-13,https://job.alio.go.kr/recruitview.do?idx=303585,,2026-09-07 17:31:36
잡알리오,주택관리공단(주),채용형 인턴 채용공고(주택관리공단 대전충남지사),"건설,기계,전기.전자,환경.에너지.안전 / 기술직",신입+경력,청년인턴(채용형),충남,,2026-08-13,https://job.alio.go.kr/recruitview.do?idx=303586,,2026-09-07 17:31:36
잡알리오,주택관리공단(주),채용형 인턴 채용공고(주택관리공단 대전충남지사),"건설,기계,전기.전자,환경.에너지.안전 / 기술직",신입+경력,청년인턴(채용형),부산,,2026-08-13,https://job.alio.go.kr/recruitview.do?idx=303587,,2026-09-07 17:31:38
잡알리오,주택관리공단(주),채용형 인턴 채용공고(주택관리공단 대구경북지사),"건설,기계,전기.전자,환경.에너지.안전 / 기술직",신입+경력,청년인턴(채용형),경북,,2026-08-13,https://job.alio.go.kr/recruitview.do?idx=303588,,2026-09-07 17:31:38
잡알리오,경상국립대학교병원,(수정) [창원경상국립대학교병원] 2026년도 하반기 전공의(인턴) 모집 공고,보건.의료 / 의사직,신입,정규직,경남,,2026-08-12,https://job.alio.go.kr/recruitview.do?idx=303591,,2026-09-07 17:31:35
잡알리오,경상국립대학교병원,(수정) [창원경상국립대학교병원] 2026년도 하반기 전공의(레지던트 1년차) 모집 공고,운전.운송 / 의사직,신입,정규직,경남,,2026-08-12,https://job.alio.go.kr/recruitview.do?idx=303592,,2026-09-07 17:31:36
잡알리오,근로복지공단,[동해병원] 기간제 의사(응급실전담의) 채용 공고,보건.의료 / 계약직,신입,비정규직,강원,,2026-08-13,https://job.alio.go.kr/recruitview.do?idx=303593,,2026-09-07 17:31:36
잡알리오,근로복지공단,[동해병원] 기간제 의사(진단검사의학과(병리과)) 채용 공고,보건.의료 / 계약직,신입,비정규직,강원,,2026-08-13,https://job.alio.go.kr/recruitview.do?idx=303594,,2026-09-07 17:31:37
잡알리오,근로복지공단,[동해병원] 기간제 의사(재활의학과 전문의) 채용 공고,보건.의료 / 계약직,신입,비정규직,강원,,2026-08-13,https://job.alio.go.kr/recruitview.do?idx=303595,,2026-09-07 17:31:38
잡알리오,한국보훈복지의료공단,"[대전보훈병원] 전문의(일반내과, 신장내과, 외과) 및 일반의(응급실 및 병동 당직의) 채용 공고",보건.의료 / 의사직,신입+경력,비정규직,대전,,2026-08-20,https://job.alio.go.kr/recruitview.do?idx=303596,,2026-09-07 17:31:39
잡알리오,국립공원공단,[팔공산서부]2026년 팔공산국립공원서부사무소 국립공원지킴이 채용(2차) 공고,경비.청소 / 계약직,신입+경력,비정규직,경북,,2026-08-18,https://job.alio.go.kr/recruitview.do?idx=303597,,2026-09-07 17:31:39
잡알리오,서울대학교병원,(수정) 서울대학교병원 블라인드 직원채용 (대체근로자) 공고 (장애인 특별우대),"보건.의료 / 사무직,기술직,간호직,약무직,보건직,운영직,기타(의공직, 환경유지지원직, 시설지원직)",신입,비정규직,서울,,2026-08-14,https://job.alio.go.kr/recruitview.do?idx=303598,,2026-09-07 17:31:40
잡알리오,한국환경연구원,[한국환경연구원] 임시직(산업폐수관리 정책) 채용 공고(0806),연구 / 연구직,신입+경력,비정규직,세종,,2026-08-21,https://job.alio.go.kr/recruitview.do?idx=303599,,2026-09-07 17:31:41
잡알리오,한국원자력환경공단,"한국원자력환경공단 2026년도 정기채용(공무직, 휴직대체근로자, 체험형 청년인턴(장애인))","경영.회계.사무,경비.청소 / 공무직,계약직",신입,"무기계약직 
										외 2",경북,,2026-08-25,https://job.alio.go.kr/recruitview.do?idx=303600,,2026-09-07 17:31:42
잡알리오,한국법무보호복지공단,2026년 한국법무보호복지공단 경기지부 보호직(육아휴직대체직) 공개경쟁채용시험 공고,"경영.회계.사무,사회복지.종교 / 행정직,사무직,계약직",신입,비정규직,경기,,2026-08-25,https://job.alio.go.kr/recruitview.do?idx=303602,,2026-09-07 17:31:42
잡알리오,한국원자력환경공단,"한국원자력환경공단 2026년도 정기채용(일반직 신입 5급(가), 연구직 신입 5급(가))","경영.회계.사무,전기.전자,환경.에너지.안전,연구 / 일반직,사무직,연구직,기술직",신입,정규직,"대전 
										외 1",,2026-08-25,https://job.alio.go.kr/recruitview.do?idx=303603,,2026-09-07 17:31:44
잡알리오,한국보훈복지의료공단,[대전보훈병원] 계약직(보건직(물리치료사)) 채용 공고,보건.의료 / 보건직,신입+경력,비정규직,대전,,2026-08-20,https://job.alio.go.kr/recruitview.do?idx=303604,,2026-09-07 17:31:45
잡알리오,한국수자원공사,[한국수자원공사] 예천수도지사 특수직(수탁운영_지방상수도 시설운영) 채용 공고(재공고),"건설,기계,전기.전자,정보통신,환경.에너지.안전 / 계약직",신입+경력,비정규직,경북,,2026-08-21,https://job.alio.go.kr/recruitview.do?idx=303605,,2026-09-07 17:31:45
잡알리오,국립공원공단,[북한산도봉] 2026년 기간제(녹색순찰대) 직원 채용(5차) 공고,"경비.청소,건설 / 계약직",신입+경력,비정규직,"서울 
										외 1",,2026-08-18,https://job.alio.go.kr/recruitview.do?idx=303607,,2026-09-07 17:31:47
잡알리오,한국산림복지진흥원,2026년 제2차 국립대전숲체원 육아휴직 대체인력 채용 공고,"교육.자연.사회과학 / 운영직,계약직",신입+경력,비정규직,대전,,2026-08-22,https://job.alio.go.kr/recruitview.do?idx=303606,,2026-09-07 17:31:47
잡알리오,대한적십자사,대구경북혈액원 비정규직(육아휴직 대체인력) 운전원 채용공고,보건.의료 / 기술직,신입,비정규직,대구,,2026-08-21,https://job.alio.go.kr/recruitview.do?idx=303608,,2026-09-07 17:31:48
잡알리오,(재)축산환경관리원,축산환경관리원 2026년 제4회 직원(기간제 근로자) 채용 공고,"경영.회계.사무,운전.운송,화학,농림어업 / 계약직",신입,비정규직,세종,,2026-08-21,https://job.alio.go.kr/recruitview.do?idx=303609,,2026-09-07 17:31:49
잡알리오,학교법인한국폴리텍,한국폴리텍대학 제주캠퍼스 업무직(대학운영직_사감) 채용 공고,"경영.회계.사무,교육.자연.사회과학 / 운영직",신입+경력,무기계약직,제주,,2026-08-13,https://job.alio.go.kr/recruitview.do?idx=303610,,2026-09-07 17:31:50
잡알리오,대한적십자사,대구경북혈액원 비정규직(육아기근로시간단축 대체인력1) 간호사 채용공고,보건.의료 / 간호직,신입,비정규직,대구,,2026-08-21,https://job.alio.go.kr/recruitview.do?idx=303611,,2026-09-07 17:31:51
잡알리오,대한적십자사,대구경북혈액원 비정규직(육아기근로시간단축 대체인력2) 간호사 채용공고,보건.의료 / 간호직,신입,비정규직,대구,,2026-08-21,https://job.alio.go.kr/recruitview.do?idx=303612,,2026-09-07 17:31:52
잡알리오,대한적십자사,대구경북혈액원 비정규직(초단시간/포항센터) 간호사 채용공고,보건.의료 / 간호직,신입,비정규직,경북,,2026-08-21,https://job.alio.go.kr/recruitview.do?idx=303613,,2026-09-07 17:31:52
잡알리오,대한적십자사,대구경북혈액원 비정규직(초단시간/안동센터) 간호사 채용공고,보건.의료 / 간호직,신입,비정규직,경북,,2026-08-21,https://job.alio.go.kr/recruitview.do?idx=303614,,2026-09-07 17:31:53
잡알리오,대한적십자사,대구경북혈액원 비정규직(초단시간/구미센터) 간호사 채용공고,보건.의료 / 간호직,신입,비정규직,경북,,2026-08-21,https://job.alio.go.kr/recruitview.do?idx=303615,,2026-09-07 17:31:54
잡알리오,국립공원공단,"[북한산도봉] 2026년 북한산국립공원도봉사무소 기간제(환경관리, 4차) 직원 제한경쟁 채용 공고",경비.청소 / 계약직,신입+경력,비정규직,"서울 
										외 1",,2026-08-20,https://job.alio.go.kr/recruitview.do?idx=303616,,2026-09-07 17:31:56
잡알리오,대한적십자사,대구경북혈액원 비정규직(한시적근로자) 임상병리사 채용공고,보건.의료 / 보건직,신입,비정규직,대구,,2026-08-21,https://job.alio.go.kr/recruitview.do?idx=303617,,2026-09-07 17:31:56
잡알리오,세계김치연구소,[세계김치연구소] 2026년 제7차 직원 채용 공고,"법률.경찰.소방.교도.국방,환경.에너지.안전,연구 / 연구직,시설직",신입+경력,"비정규직 
										외 1",전남광주,,2026-08-21,https://job.alio.go.kr/recruitview.do?idx=303618,,2026-09-07 17:31:57
잡알리오,국립공원공단,[속리산] 속리산국립공원사무소 기간제(탐방안내) 직원 채용,이용.숙박.여행.오락.스포츠 / 계약직,신입+경력,비정규직,"충북 
										외 1",,2026-08-20,https://job.alio.go.kr/recruitview.do?idx=303619,,2026-09-07 17:31:57
잡알리오,경북대학교병원,"칠곡경북대학교병원 2026년 8월 2차 임시직원 채용공고(약사, 간호사, 원무지원, 청소)",보건.의료 / 계약직,신입+경력,비정규직,대구,,2026-08-12,https://job.alio.go.kr/recruitview.do?idx=303620,,2026-09-07 17:31:58
잡알리오,한국언론진흥재단,한국언론진흥재단 2026년 3차 휴직자 대체 계약직 채용 공고,"사업관리,경영.회계.사무,교육.자연.사회과학,문화.예술.디자인.방송 / 계약직,기타",신입,비정규직,서울,,2026-07-23,https://job.alio.go.kr/recruitview.do?idx=303621,,2026-09-07 17:31:59
잡알리오,경북대학교병원,(수정) 2026년도 하반기 전공의(레지던트 1년차) 모집 공고,보건.의료 / 의사직,신입,정규직,대구,,2026-08-12,https://job.alio.go.kr/recruitview.do?idx=303622,,2026-09-07 17:32:00
잡알리오,경북대학교병원,(수정) 2026년도 하반기 전공의(인턴) 모집 공고,보건.의료 / 의사직,신입,정규직,대구,,2026-08-12,https://job.alio.go.kr/recruitview.do?idx=303623,,2026-09-07 17:32:00
잡알리오,한국전력공사,기간제 근로자(대체인력) 채용공고[전력기자재센터(옥천)],"화학,환경.에너지.안전 / 기능직",신입,비정규직,충북,,2026-08-21,https://job.alio.go.kr/recruitview.do?idx=303625,,2026-09-07 17:32:01
잡알리오,한전KPS(주),한전KPS(주)서인천사업처 신인천 4CC 계획예방정비공사 단기노무원 채용공고,경영.회계.사무 / 사무직,신입+경력,비정규직,인천,,2026-08-13,https://job.alio.go.kr/recruitview.do?idx=303626,,2026-09-07 17:32:02
잡알리오,한국발명진흥회,2026년 세종지식재산센터장 공개 모집 공고,"사업관리,경영.회계.사무 / 경영직,사무직",경력,비정규직,세종,,2026-08-21,https://job.alio.go.kr/recruitview.do?idx=303627,,2026-09-07 17:32:02
잡알리오,경북대학교병원,(수정) 칠곡경북대병원 2026년도 하반기 전공의(레지던트 1년차) 모집 공고,보건.의료 / 의사직,신입,정규직,대구,,2026-08-12,https://job.alio.go.kr/recruitview.do?idx=303628,,2026-09-07 17:32:03
잡알리오,한국보훈복지의료공단,[광주보훈병원] 계약직 보건직(작업치료사) - 휴직대체 직원 채용 공고,보건.의료 / 보건직,신입+경력,비정규직,전남광주,,2026-08-18,https://job.alio.go.kr/recruitview.do?idx=303630,,2026-09-07 17:32:04
잡알리오,국립공원공단,[변산반도] 2026년 변산반도국립공원 기간제(환경관리) 직원 채용,환경.에너지.안전 / 계약직,신입+경력,비정규직,전북,,2026-08-21,https://job.alio.go.kr/recruitview.do?idx=303631,,2026-09-07 17:32:05
잡알리오,국립공원공단,[다도해서부] 다도해해상국립공원서부사무소 기간제(한시인력_국립공원지킴이) 채용 공고,환경.에너지.안전 / 계약직,신입+경력,비정규직,전남광주,,2026-08-18,https://job.alio.go.kr/recruitview.do?idx=303632,,2026-09-07 17:32:05
잡알리오,한국보훈복지의료공단,[광주보훈병원] 계약직 보건직(방사선사) - 휴직대체 직원 채용 공고,보건.의료 / 보건직,신입+경력,비정규직,전남광주,,2026-08-18,https://job.alio.go.kr/recruitview.do?idx=303633,,2026-09-07 17:32:06
잡알리오,국립중앙의료원,(수정) 2026년도 하반기 국립중앙의료원 인턴 모집 공고,보건.의료 / 의사직,신입,정규직,서울,,2026-08-12,https://job.alio.go.kr/recruitview.do?idx=303634,,2026-09-07 17:32:07
잡알리오,국립중앙의료원,(수정) 2026년도 하반기 국립중앙의료원 레지던트 1년차 모집 공고,보건.의료 / 의사직,신입,정규직,서울,,2026-08-12,https://job.alio.go.kr/recruitview.do?idx=303635,,2026-09-07 17:32:07
잡알리오,한전KPS(주),한전KPS(주) 서울경기전력지사 양주지점 단기노무원(정비보조) 모집,전기.전자 / 기타(정비보조),신입+경력,비정규직,경기,,2026-08-18,https://job.alio.go.kr/recruitview.do?idx=303636,,2026-09-07 17:32:08
잡알리오,대한적십자사,서울적십자병원 정규직 간호사(내과전담) 신규채용 공고,보건.의료 / 간호직,신입+경력,정규직,서울,,2026-08-23,https://job.alio.go.kr/recruitview.do?idx=303637,,2026-09-07 17:32:09
잡알리오,대한적십자사,서울적십자병원 정규직 조리원 신규채용 공고,보건.의료 / 기술직,신입+경력,정규직,서울,,2026-08-23,https://job.alio.go.kr/recruitview.do?idx=303638,,2026-09-07 17:32:09
잡알리오,대한적십자사,서울적십자병원 계약직 기능직(장애인제한경쟁) 신규채용 공고,보건.의료 / 기능직,신입+경력,비정규직,서울,,2026-08-23,https://job.alio.go.kr/recruitview.do?idx=303639,,2026-09-07 17:32:10
잡알리오,근로복지공단,[창원병원] 2026년도 상반기 청년(체험형)인턴 장애전형 채용 공고,보건.의료 / 계약직,신입,청년인턴(체험형),경남,,2026-08-14,https://job.alio.go.kr/recruitview.do?idx=303640,,2026-09-07 17:32:11
잡알리오,한국철도공사,2026년 하반기 한국철도공사 신입사원 채용 공고,"경영.회계.사무,운전.운송,기계,전기.전자,정보통신 / 일반직,행정직,경영직,사무직,관리직,기술직,시설직",신입,"청년인턴(채용형) 
										외 1","서울 
										외 14",,2026-08-21,https://job.alio.go.kr/recruitview.do?idx=303642,,2026-09-07 17:32:12
잡알리오,전남대학교병원,2026년 8월 전남대학교병원 직원(대체근로자) 공개채용 공고,보건.의료 / 계약직,신입,비정규직,전남광주,,2026-08-14,https://job.alio.go.kr/recruitview.do?idx=303643,,2026-09-07 17:32:12
잡알리오,근로복지공단,[순천병원] 별정직 의사(재활의학과) 채용 공고,보건.의료 / 별정직,신입,정규직,전남광주,,2026-08-18,https://job.alio.go.kr/recruitview.do?idx=303645,,2026-09-07 17:32:13
잡알리오,서울대학교치과병원,"서울대학교치과병원 촉탁간호직(병동, 수술장) 채용 공고",보건.의료 / 간호직,신입+경력,비정규직,서울,,2026-08-17,https://job.alio.go.kr/recruitview.do?idx=303646,,2026-09-07 17:32:14
잡알리오,한국의료분쟁조정중재원,"[재공고] 한국의료분쟁조정중재원 제2차 상임감정위원(비전일,정형외과) 공개모집 재공고","법률.경찰.소방.교도.국방,보건.의료 / 일반직,의사직,보건직,전문직",경력,정규직,서울,,2026-08-19,https://job.alio.go.kr/recruitview.do?idx=303647,,2026-09-07 17:32:15
잡알리오,경북대학교병원,"2026년 8월 제1차 임시직원 모집 공고(원무(기계설비), 주차관리, 미화청소, 방사선사)","보건.의료 / 운영직,기타(원무, 의료기술)",신입,비정규직,대구,,2026-08-12,https://job.alio.go.kr/recruitview.do?idx=303648,,2026-09-07 17:32:16
잡알리오,서울대학교병원,2026년도 하반기 서울대학교병원 전공의(인턴) 모집 공고,보건.의료 / 의사직,신입,정규직,"서울 
										외 2",,2026-08-12,https://job.alio.go.kr/recruitview.do?idx=303649,,2026-09-07 17:32:16
잡알리오,한국기술교육대학교,한국기술교육대학교 고용직업능력개발센터 박사후연구원 채용 공고,교육.자연.사회과학 / 연구직,신입+경력,비정규직,충남,,2026-08-21,https://job.alio.go.kr/recruitview.do?idx=303650,,2026-09-07 17:32:17
잡알리오,한국보훈복지의료공단,[광주보훈병원] 계약직 보건직(임상병리사) - 휴직대체 직원 채용 공고,보건.의료 / 보건직,신입+경력,비정규직,전남광주,,2026-08-18,https://job.alio.go.kr/recruitview.do?idx=303651,,2026-09-07 17:32:18
잡알리오,한국보훈복지의료공단,[광주보훈병원] 전문의(정형외과) 직원 채용 공고,보건.의료 / 보건직,신입+경력,비정규직,전남광주,,2026-08-18,https://job.alio.go.kr/recruitview.do?idx=303652,,2026-09-07 17:32:18
잡알리오,한국광해광업공단,2026년도 한국광해광업공단 채용형·체험형 인턴 채용 공고,"경영.회계.사무,법률.경찰.소방.교도.국방,건설,화학,정보통신,환경.에너지.안전 / 일반직,행정직,사무직,기술직",신입,"청년인턴(체험형) 
										외 1","서울 
										외 5",,2026-08-24,https://job.alio.go.kr/recruitview.do?idx=303653,,2026-09-07 17:32:19
잡알리오,국립공원공단,[한려동부] 2026년 한려해상국립공원동부사무소 국립공원지킴이(녹색순찰대) 3차 채용 재공고,경비.청소 / 계약직,신입+경력,비정규직,경남,,2026-08-13,https://job.alio.go.kr/recruitview.do?idx=303654,,2026-09-07 17:32:19
잡알리오,산업연구원,2026년 제13차 위촉직원 채용공고(휴직대체),연구 / 연구직,신입+경력,비정규직,세종,,2026-08-25,https://job.alio.go.kr/recruitview.do?idx=303655,,2026-09-07 17:32:21
잡알리오,한국보훈복지의료공단,[본사] 한국보훈복지의료공단 보훈교육연구원장(별정직) 모집 공고,"경영.회계.사무,교육.자연.사회과학 / 별정직",경력,정규직,경기,,2026-08-24,https://job.alio.go.kr/recruitview.do?idx=303657,,2026-09-07 17:32:21
잡알리오,한국전력공사,기간제근로자(대체인력) 채용공고 [경기본부],"경영.회계.사무,전기.전자 / 사무직,기술직",신입,비정규직,경기,,2026-08-24,https://job.alio.go.kr/recruitview.do?idx=303658,,2026-09-07 17:32:22
잡알리오,한국농어촌공사,한국농어촌공사 순천광양여수지사 계약직(휴직 대체인력) 채용 공고,기계 / 계약직,신입+경력,비정규직,전남광주,,2026-08-25,https://job.alio.go.kr/recruitview.do?idx=303659,,2026-09-07 17:32:22
잡알리오,한국농어촌공사,한국농어촌공사 함평지사 계약직(휴직 대체인력) 채용 공고,농림어업 / 계약직,신입+경력,비정규직,전남광주,,2026-08-25,https://job.alio.go.kr/recruitview.do?idx=303660,,2026-09-07 17:32:25
잡알리오,국립공원공단,[계룡산] 2026년 계룡산국립공원사무소 기간제(한시인력-탐방로보수) 직원 채용 공고,환경.에너지.안전 / 계약직,신입+경력,비정규직,충남,,2026-08-18,https://job.alio.go.kr/recruitview.do?idx=303661,,2026-09-07 17:32:25
잡알리오,국립공원공단,[중부지역본부] 국립공원공단 중부권역 내 공무직 직원 채용 공고,"경비.청소,이용.숙박.여행.오락.스포츠,환경.에너지.안전 / 공무직",신입+경력,무기계약직,"충남 
										외 2",,2026-08-24,https://job.alio.go.kr/recruitview.do?idx=303662,,2026-09-07 17:32:26
잡알리오,한국장애인고용공단,[한국장애인고용공단 제주발달장애인훈련센터] 2026년 대체근로자 채용,"교육.자연.사회과학,사회복지.종교 / 사무직,계약직,기타(발달장애인 교육훈련 등 교사직 업무 전반)",신입+경력,비정규직,제주,,2026-08-19,https://job.alio.go.kr/recruitview.do?idx=303663,,2026-09-07 17:32:27
잡알리오,한국산업안전보건공단,[제조업] '26년도 안전한 일터 지킴이 채용공고,환경.에너지.안전 / 안전직,신입,비정규직,강원,,2026-08-20,https://job.alio.go.kr/recruitview.do?idx=303664,,2026-09-07 17:32:28
잡알리오,국립공원공단,[국립공원교육원] 국립공원교육원 공무직(탐방안전) 직원 채용 공고,환경.에너지.안전 / 공무직,신입+경력,무기계약직,서울,,2026-08-24,https://job.alio.go.kr/recruitview.do?idx=303665,,2026-09-07 17:32:28
잡알리오,국립공원공단,[소백산] 소백산사무소 기간제(한시인력 수익시설) 직원 채용,"경비.청소,이용.숙박.여행.오락.스포츠 / 계약직",신입+경력,비정규직,경북,,2026-08-18,https://job.alio.go.kr/recruitview.do?idx=303666,,2026-09-07 17:32:29
잡알리오,근로복지공단,[동해병원] 장애전형 청년(체험형)인턴 채용 공고,보건.의료 / 계약직,신입,청년인턴(체험형),강원,,2026-08-18,https://job.alio.go.kr/recruitview.do?idx=303669,,2026-09-07 17:32:30
잡알리오,국립공원공단,"[북부지역본부] 2026년 3분기 북부권역 공무직(환경관리, 탐방안전) 직원 채용",환경.에너지.안전 / 공무직,신입+경력,무기계약직,"서울 
										외 2",,2026-08-24,https://job.alio.go.kr/recruitview.do?idx=303668,,2026-09-07 17:32:30
잡알리오,근로복지공단,[인천병원] 장애전형 청년(체험형)인턴 채용 공고,보건.의료 / 계약직,신입,청년인턴(체험형),인천,,2026-08-17,https://job.alio.go.kr/recruitview.do?idx=303671,,2026-09-07 17:32:32
잡알리오,건축공간연구원,건축공간연구원 위촉직 모집,연구 / 연구직,신입+경력,비정규직,세종,,2026-08-25,https://job.alio.go.kr/recruitview.do?idx=303670,,2026-09-07 17:32:32
잡알리오,근로복지공단,[동해병원] 의료직 4급(약사) 채용 공고,보건.의료 / 약무직,신입,정규직,강원,,2026-08-20,https://job.alio.go.kr/recruitview.do?idx=303672,,2026-09-07 17:32:34
잡알리오,한국수산자원공단,한국수산자원공단 2026년 개방직위(어업혁신본부장) 공개 모집,"사업관리,경영.회계.사무,농림어업 / 관리직,기타(개방형 계약직)",경력,비정규직,부산,,2026-08-25,https://job.alio.go.kr/recruitview.do?idx=303673,,2026-09-07 17:32:34
잡알리오,국립공원공단,[보전원]국립공원공야생생물보전원 공무직(연구복원) 직원 채용,환경.에너지.안전 / 공무직,신입+경력,무기계약직,전남광주,,2026-08-24,https://job.alio.go.kr/recruitview.do?idx=303674,,2026-09-07 17:32:36
잡알리오,대한법률구조공단,대한법률구조공단 인천지부 청년인턴 공개경쟁 채용시험 공고,"경영.회계.사무,법률.경찰.소방.교도.국방 / 행정직,사무직",신입,청년인턴(체험형),인천,,2026-08-26,https://job.alio.go.kr/recruitview.do?idx=303675,,2026-09-07 17:32:37
잡알리오,한국수자원공사,[한국수자원공사] 합천댐지사 실무직(사무관리_고객관리) 채용 공고,경영.회계.사무 / 기타(실무직(무기계약직)),신입+경력,무기계약직,경남,,2026-08-25,https://job.alio.go.kr/recruitview.do?idx=303677,,2026-09-07 17:32:38
잡알리오,한국수자원공사,[한국수자원공사] 안동권지사 실무직(사무관리_고객관리) 채용 공고,경영.회계.사무 / 기타(실무직(무기계약직)),신입+경력,무기계약직,경북,,2026-08-25,https://job.alio.go.kr/recruitview.do?idx=303676,,2026-09-07 17:32:38
잡알리오,근로복지공단,[대구병원] 청년(체험형)인턴 일반전형 채용 공고,보건.의료 / 계약직,신입,청년인턴(체험형),대구,,2026-08-18,https://job.alio.go.kr/recruitview.do?idx=303679,,2026-09-07 17:32:39
잡알리오,한국산업기술진흥원,[한국산업기술진흥원] 2026년 한국산업기술진흥원 체험형 인턴(장애인) 공개채용 공고,경영.회계.사무 / 사무직,신입,비정규직,서울,,2026-08-28,https://job.alio.go.kr/recruitview.do?idx=303678,,2026-09-07 17:32:39
잡알리오,한국수자원공사,[한국수자원공사] 낙동강경영처 단기계약근로자(사택환경정비) 채용 공고(장애인제한채용),경비.청소 / 계약직,신입+경력,비정규직,대구,,2026-08-25,https://job.alio.go.kr/recruitview.do?idx=303680,,2026-09-07 17:32:40
잡알리오,한국연구재단,한국연구재단 PM(자연과학단장) 초빙 공고,사업관리 / 계약직,신입+경력,비정규직,대전,,2026-08-31,https://job.alio.go.kr/recruitview.do?idx=303681,,2026-09-07 17:32:41
잡알리오,국립공원공단,"[서부지역본부] 국립공원공단 서부권역 내 공무직(탐방해설, 환경관리, 탐방안전, 탐방시설, 사무행정, 자원보전) 직원 채용",환경.에너지.안전 / 공무직,신입+경력,무기계약직,"전북 
										외 1",,2026-08-24,https://job.alio.go.kr/recruitview.do?idx=303682,,2026-09-07 17:32:42
잡알리오,근로복지공단,[대구병원] 청년(체험형)인턴 장애전형 채용 공고,보건.의료 / 계약직,신입,청년인턴(체험형),대구,,2026-08-18,https://job.alio.go.kr/recruitview.do?idx=303683,,2026-09-07 17:32:42
잡알리오,한국장애인고용공단,[한국장애인고용공단 인천지사] 기간제 근로자(체험형 청년인턴) 채용 공고,"교육.자연.사회과학,사회복지.종교 / 사무직,계약직,상담직,기타(재직자훈련 및 양성훈련 운영)",신입+경력,"비정규직 
										외 1",인천,,2026-08-18,https://job.alio.go.kr/recruitview.do?idx=303685,,2026-09-07 17:32:43
잡알리오,근로복지공단,[서울서초지사] 기간제(사무원) 채용 공고,경영.회계.사무 / 계약직,신입,비정규직,서울,,2026-08-17,https://job.alio.go.kr/recruitview.do?idx=303684,,2026-09-07 17:32:43
잡알리오,한국장애인고용공단,[한국장애인고용공단 경기동부지사] 기간제 근로자(체험형 청년인턴) 채용 공고,"사회복지.종교 / 사무직,계약직,상담직,기타(취업지원상담사)",신입+경력,"비정규직 
										외 1",경기,,2026-08-18,https://job.alio.go.kr/recruitview.do?idx=303686,,2026-09-07 17:32:44
잡알리오,한전KPS(주),한전KPS(주)당진사업처 단기노무원 채용([계측제어1부] '26년 6호기 계측제어설비 계획예방정비공사 단기노무원 1차 채용),전기.전자 / 계약직,신입+경력,정규직,충남,,2026-08-13,https://job.alio.go.kr/recruitview.do?idx=303687,,2026-09-07 17:32:46
잡알리오,한국농촌경제연구원,한국농촌경제연구원 2026-12차 계약직 채용 공고,연구 / 계약직,신입+경력,비정규직,"충북 
										외 1",,2026-08-24,https://job.alio.go.kr/recruitview.do?idx=303688,,2026-09-07 17:32:46
잡알리오,한국장애인고용공단,[한국장애인고용공단 경기지역본부] 기간제 근로자 및 대체 근로자(체험형 청년인턴) 채용 공고,"경영.회계.사무,교육.자연.사회과학,사회복지.종교 / 사무직,계약직,상담직,기타(교사직, 직업훈련상담사, 취업지원상담사)",신입+경력,"비정규직 
										외 1",경기,,2026-08-18,https://job.alio.go.kr/recruitview.do?idx=303689,,2026-09-07 17:32:47
잡알리오,한전KPS(주),한전KPS(주)당진사업처 단기노무원 채용([계측제어1부] '26년 5~8호기 계측제어설비 경상정비공사 단기노무원 3차 채용),전기.전자 / 계약직,신입+경력,비정규직,충남,,2026-08-13,https://job.alio.go.kr/recruitview.do?idx=303690,,2026-09-07 17:32:47
잡알리오,국립공원공단,"[동부지역본부] 동부지역본부 권역 내 (지리산경남, 지리산전북, 경주, 주왕산) 공무직(탐방안전, 자원보전, 수익시설) 직원 채용",환경.에너지.안전 / 공무직,신입+경력,무기계약직,"경북 
										외 2",,2026-08-24,https://job.alio.go.kr/recruitview.do?idx=303691,,2026-09-07 17:32:48
잡알리오,서울대학교병원,공공임상교수요원 공개채용,보건.의료 / 교수직,신입+경력,정규직,"서울 
										외 1",,2026-08-18,https://job.alio.go.kr/recruitview.do?idx=303692,,2026-09-07 17:32:49
잡알리오,한국과학창의재단,2026년 한국과학창의재단 직원(체험형 청년인턴) 채용 공고,"사업관리,경영.회계.사무,교육.자연.사회과학 / 행정직,경영직,사무직",신입,청년인턴(체험형),서울,,2026-08-25,https://job.alio.go.kr/recruitview.do?idx=303693,,2026-09-07 17:32:50
잡알리오,한전KDN,한전KDN(주) 경남사업처 통신분야 비정규직 모집공고,"전기.전자,정보통신 / 기타(일용직)",경력,비정규직,경남,,2026-08-25,https://job.alio.go.kr/recruitview.do?idx=303694,,2026-09-07 17:32:50
잡알리오,한국전력기술주식회사,"2026년도 하반기 정규직(석·박사, 경력사원) 채용공고","경영.회계.사무,건설,기계,전기.전자,환경.에너지.안전,연구 / 사무직,연구직,기술직",신입+경력,정규직,경북,,2026-08-25,https://job.alio.go.kr/recruitview.do?idx=303695,,2026-09-07 17:32:52
잡알리오,(재)우체국물류지원단,우체국물류지원단 서울지사 하계휴가기간 소포우편물 기간제(파렛정리) 채용 공고,운전.운송 / 기타(파렛정리),신입+경력,비정규직,서울,,2026-08-12,https://job.alio.go.kr/recruitview.do?idx=303696,,2026-09-07 17:32:52
잡알리오,한국과학기술기획평가원,한국과학기술기획평가원(KISTEP) 글로벌기술전략본부 전략기술정책센터 육아휴직 대체인력 채용 공고,"사업관리,연구 / 계약직",신입,비정규직,충북,,2026-08-27,https://job.alio.go.kr/recruitview.do?idx=303697,,2026-09-07 17:32:53
잡알리오,대한장애인체육회,2026년 대한장애인체육회 제3차 채용,"사업관리,경영.회계.사무,보건.의료,운전.운송,경비.청소,기계,전기.전자 / 일반직,행정직,사무직,기술직,의사직,기능직,운영직,계약직",신입,"무기계약직 
										외 3","서울 
										외 1",,2026-08-25,https://job.alio.go.kr/recruitview.do?idx=303698,,2026-09-07 17:32:53
잡알리오,한국보훈복지의료공단,(수정) [대구보훈병원] 2026년도 하반기 레지던트(상급년차) 모집 공고,보건.의료 / 의사직,신입+경력,정규직,대구,,2026-07-27,https://job.alio.go.kr/recruitview.do?idx=303699,,2026-09-07 17:32:54
잡알리오,학교법인한국폴리텍,한국폴리텍대학 울산캠퍼스 2026년 하반기 업무지원직(식당파트타임) 2차 채용 공고,음식서비스 / 기타(식당보조),신입+경력,비정규직,울산,,2026-08-18,https://job.alio.go.kr/recruitview.do?idx=303700,,2026-09-07 17:32:55
잡알리오,한국전력기술주식회사,2026년도 개방형 직위 채용공고,"경영.회계.사무,건설 / 관리직",경력,비정규직,경북,,2026-08-25,https://job.alio.go.kr/recruitview.do?idx=303701,,2026-09-07 17:32:56
잡알리오,한국양성평등교육진흥원,2026년 제4회 신규직원 채용 공고,"사업관리,경영.회계.사무,교육.자연.사회과학 / 행정직,사무직",신입+경력,"비정규직 
										외 1","서울 
										외 1",,2026-08-25,https://job.alio.go.kr/recruitview.do?idx=303702,,2026-09-07 17:32:56
잡알리오,한국장애인고용공단,[경기남부직업능력개발원] 기간제근로자(전산관리원 대체인력) 공개경쟁 채용,정보통신 / 운영직,신입+경력,"비정규직 
										외 1",경기,,2026-08-20,https://job.alio.go.kr/recruitview.do?idx=303703,,2026-09-07 17:32:57
잡알리오,한국장애인고용공단,[경기남부직업능력개발원] 특정업무직(운영지원직) 시설정비원(주간) 채용,"기계,환경.에너지.안전 / 시설직,운영직",신입+경력,"무기계약직 
										외 1",경기,,2026-08-20,https://job.alio.go.kr/recruitview.do?idx=303704,,2026-09-07 17:32:58
잡알리오,한국장애인고용공단,한국장애인고용공단 휠체어 배드민턴 선수 채용공고,"이용.숙박.여행.오락.스포츠 / 계약직,기타(휠체어 배드민턴 선수)",신입+경력,비정규직,경기,,2026-08-21,https://job.alio.go.kr/recruitview.do?idx=303705,,2026-09-07 17:32:59
잡알리오,한국산업안전보건공단,[조선업] '26년도 안전한 일터 지킴이 채용공고,환경.에너지.안전 / 안전직,신입,비정규직,경남,,2026-08-20,https://job.alio.go.kr/recruitview.do?idx=303706,,2026-09-07 17:32:59
잡알리오,학교법인한국폴리텍,한국폴리텍대학 화성캠퍼스 업무직(대학운영직_영선원) 공개채용 공고,"기계 / 시설직,운영직",신입+경력,무기계약직,경기,,2026-08-19,https://job.alio.go.kr/recruitview.do?idx=303707,,2026-09-07 17:33:00
잡알리오,한국환경연구원,[한국환경연구원] 임시직(환경영향평가) 채용 공고(환경평가본부 대체인력)(0810),연구 / 연구직,신입+경력,비정규직,세종,,2026-08-25,https://job.alio.go.kr/recruitview.do?idx=303708,,2026-09-07 17:33:01
잡알리오,한국환경연구원,[한국환경연구원] 임시직(연안해양환경) 채용 공고(0810),연구 / 연구직,신입+경력,비정규직,세종,,2026-08-25,https://job.alio.go.kr/recruitview.do?idx=303709,,2026-09-07 17:33:02
잡알리오,학교법인한국폴리텍,"한국폴리텍대학 전남캠퍼스 청년인턴(일반, 장애) 공개 채용 공고",경영.회계.사무 / 사무직,신입+경력,청년인턴(체험형),전남광주,,2026-08-18,https://job.alio.go.kr/recruitview.do?idx=303710,,2026-09-07 17:33:02
잡알리오,한국직업능력연구원,(수정) [한국직업능력연구원] 2026년도 제5차 직원(보훈대상자) 및 기간제 계약직원(휴직자 대체) 채용공고,"사업관리,경영.회계.사무 / 사무직",신입,"비정규직 
										외 1",세종,,2026-08-18,https://job.alio.go.kr/recruitview.do?idx=303711,,2026-09-07 17:33:03
잡알리오,한국문화정보원,"한국문화정보원 2026년 하반기 제1차 직원채용(정규직(일반), 한시적비정규직, 체험형인턴(보훈특별고용)) 공고","사업관리,경영.회계.사무,법률.경찰.소방.교도.국방,정보통신,연구 / 일반직,행정직,경영직,사무직,전산직,계약직",신입+경력,"비정규직 
										외 2",서울,,2026-08-27,https://job.alio.go.kr/recruitview.do?idx=303713,,2026-09-07 17:33:03
잡알리오,학교법인한국폴리텍,한국폴리텍 다솜고등학교 업무직(대학운영직_조리원)채용 공고(6차),음식서비스 / 운영직,신입+경력,무기계약직,충북,,2026-08-20,https://job.alio.go.kr/recruitview.do?idx=303714,,2026-09-07 17:33:04
잡알리오,정보통신정책연구원,2026년 계약직연구원 공개채용 재공고(방송미디어 국제협력),사업관리 / 연구직,신입+경력,비정규직,충북,,2026-08-21,https://job.alio.go.kr/recruitview.do?idx=303716,,2026-09-07 17:33:05
잡알리오,국립공원공단,[내장산] 2026년 내장산국립공원 기간제(환경관리) 직원 채용,경비.청소 / 계약직,신입+경력,비정규직,전북,,2026-08-25,https://job.alio.go.kr/recruitview.do?idx=303717,,2026-09-07 17:33:06
잡알리오,국립공원공단,[다도해해상]2026년 다도해해상 한시인력(수익시설) 직원 채용(4차),환경.에너지.안전 / 계약직,신입+경력,비정규직,전남광주,,2026-08-18,https://job.alio.go.kr/recruitview.do?idx=303718,,2026-09-07 17:33:07
잡알리오,서울대학교병원,2026년도 하반기 임상약리학연수의사 모집 공고,보건.의료 / 의사직,신입,정규직,서울,,2026-08-21,https://job.alio.go.kr/recruitview.do?idx=303719,,2026-09-07 17:33:07
잡알리오,한국토지주택공사,한국토지주택공사 부산울산지역본부 주거복지 법률조직 변호사(기간제근로자) 채용공고,"경영.회계.사무,법률.경찰.소방.교도.국방 / 계약직,전문직",신입+경력,비정규직,부산,,2026-08-26,https://job.alio.go.kr/recruitview.do?idx=303720,,2026-09-07 17:33:08
잡알리오,(주)한국가스기술공사,엔지니어링사업처 2026년 제3차 기간제 계약직 채용 공고,"건설,정보통신,환경.에너지.안전 / 계약직",신입,비정규직,전남광주,,2026-08-25,https://job.alio.go.kr/recruitview.do?idx=303721,,2026-09-07 17:33:09
잡알리오,한국중소벤처기업유통원,"[한국중소벤처기업유통원] 2026년 하반기 채용 공고(IT전산, 사업관리(일반, 보훈), 정산서무(장애인), 직접생산확인지원, 보건관리자)","사업관리,경영.회계.사무,보건.의료,영업판매,정보통신 / 일반직,행정직,사무직,전산직,보건직",신입+경력,"무기계약직 
										외 2","서울 
										외 1",,2026-08-31,https://job.alio.go.kr/recruitview.do?idx=303722,,2026-09-07 17:33:10
잡알리오,서울대학교병원,(수정) 2026년도 하반기 레지던트 상급년차 모집 공고,보건.의료 / 의사직,신입+경력,정규직,"서울 
										외 4",,2026-07-27,https://job.alio.go.kr/recruitview.do?idx=303723,,2026-09-07 17:33:10
잡알리오,학교법인한국폴리텍,2026년도 하반기 2차 한국폴리텍대학 교수초빙 공고,교육.자연.사회과학 / 교수직,경력,정규직,"서울 
										외 14",,2026-08-27,https://job.alio.go.kr/recruitview.do?idx=303724,,2026-09-07 17:33:11
잡알리오,한국사회적기업진흥원,"2026년 하반기 한국사회적기업진흥원 일반직(사무행정) 및 기간제근로자(사업계약직, 육아휴직대체인력, 체험형 청년인턴) 채용공고","사업관리,경영.회계.사무 / 일반직,행정직,사무직",신입,"비정규직 
										외 2","경기 
										외 1",,2026-08-26,https://job.alio.go.kr/recruitview.do?idx=303725,,2026-09-07 17:33:11
잡알리오,근로복지공단,"[부산지역관내] 공무직(보험가입조사원, 근로자정보조사원) 채용 공고",경영.회계.사무 / 공무직,신입,무기계약직,부산,,2026-08-18,https://job.alio.go.kr/recruitview.do?idx=303726,,2026-09-07 17:33:12
잡알리오,학교법인한국폴리텍,"2026년 한국폴리텍대학 충주캠퍼스 청년인턴(일반, 장애) 채용 공고","경영.회계.사무 / 행정직,사무직",신입+경력,청년인턴(체험형),충북,,2026-08-18,https://job.alio.go.kr/recruitview.do?idx=303727,,2026-09-07 17:33:13
잡알리오,신용보증재단중앙회,2026년 무기계약직(안전관리) 및 청년인턴(체험형) 채용안내,"경영.회계.사무,금융.보험,법률.경찰.소방.교도.국방,환경.에너지.안전 / 시설직,안전직,기타(사무 및 업무보조 )",신입+경력,"무기계약직 
										외 1",세종,,2026-08-26,https://job.alio.go.kr/recruitview.do?idx=303728,,2026-09-07 17:33:14
잡알리오,근로복지공단,[순천병원] 의료직(산업위생사 4급) 채용 공고,보건.의료 / 기타(의료직),경력,정규직,전남광주,,2026-08-21,https://job.alio.go.kr/recruitview.do?idx=303729,,2026-09-07 17:33:15
잡알리오,한국토지주택공사,한국토지주택공사 인천지역본부 기간제근로자(전세사기 피해자 지원 업무보조 외) 채용공고,"경영.회계.사무,사회복지.종교,영업판매 / 계약직",신입+경력,비정규직,"인천 
										외 1",,2026-08-26,https://job.alio.go.kr/recruitview.do?idx=303731,,2026-09-07 17:33:16
잡알리오,근로복지공단,[순천병원] 기간제(임상병리사) 채용 공고,보건.의료 / 계약직,신입,비정규직,전남광주,,2026-08-18,https://job.alio.go.kr/recruitview.do?idx=303730,,2026-09-07 17:33:16
잡알리오,한전KPS(주),한전KPS(주) 삼천포사업처 고성 단기노무원(터빈설비 정비단순보조) 채용(제46차),기계 / 계약직,신입+경력,비정규직,경남,,2026-08-13,https://job.alio.go.kr/recruitview.do?idx=303732,,2026-09-07 17:33:18
잡알리오,한국토지주택공사,한국토지주택공사 광주전남지역본부 주거복지 법률조직 변호사(기간제근로자) 채용공고,"경영.회계.사무,법률.경찰.소방.교도.국방 / 계약직,전문직",신입+경력,비정규직,전남광주,,2026-08-26,https://job.alio.go.kr/recruitview.do?idx=303733,,2026-09-07 17:33:18
잡알리오,근로복지공단,[대전병원] 청년(체험형)인턴 장애전형 채용 공고,보건.의료 / 계약직,신입,청년인턴(체험형),대전,,2026-08-18,https://job.alio.go.kr/recruitview.do?idx=303734,,2026-09-07 17:33:19
잡알리오,근로복지공단,[대전병원] 기간제(조리사) 채용 공고,보건.의료 / 계약직,신입,비정규직,대전,,2026-08-18,https://job.alio.go.kr/recruitview.do?idx=303735,,2026-09-07 17:33:20
잡알리오,소상공인시장진흥공단,2026년 소상공인시장진흥공단 하반기 청년인턴 및 전문계약직(연구조사) 채용 공고,"사업관리,경영.회계.사무,연구 / 행정직,사무직,연구직,계약직",신입,"비정규직 
										외 1","대전 
										외 9",,2026-08-25,https://job.alio.go.kr/recruitview.do?idx=303737,,2026-09-07 17:33:21
잡알리오,한전KDN,한전KDN(주) 대구본부 AMI분야 작업원 모집공고,"전기.전자,정보통신 / 기타(일용직)",신입+경력,비정규직,"대구 
										외 1",,2026-08-26,https://job.alio.go.kr/recruitview.do?idx=303739,,2026-09-07 17:33:21
잡알리오,한국장애인고용공단,(수정) [한국장애인고용공단 부산지역본부] 기간제 근로자 채용 공고,"경영.회계.사무,교육.자연.사회과학,사회복지.종교 / 일반직,사무직,계약직,상담직,기타(교사직)",신입+경력,"비정규직 
										외 1",부산,,2026-08-06,https://job.alio.go.kr/recruitview.do?idx=303740,,2026-09-07 17:33:22
잡알리오,한국장애인개발원,[제2026-86호] 중앙장애인지역사회통합지원센터 2026년도 정신건강 주거지원 시범사업 중앙사업단 운영 기간제 계약직 채용공고,"사업관리,경영.회계.사무,사회복지.종교 / 일반직,행정직,사무직",신입+경력,비정규직,서울,,2026-08-26,https://job.alio.go.kr/recruitview.do?idx=303741,,2026-09-07 17:33:23
잡알리오,기초과학연구원,(수정) 2026-9회 생명과학 연구클러스터 별정직 채용 공고,"연구 / 연구직,별정직",신입,비정규직,대전,,2026-08-25,https://job.alio.go.kr/recruitview.do?idx=303742,,2026-09-07 17:33:24
잡알리오,한국농촌경제연구원,한국농촌경제연구원 2026년 제6차 청년인턴(장애인 제한경쟁) 채용 공고,경영.회계.사무 / 계약직,신입,청년인턴(체험형),전남광주,,2026-08-25,https://job.alio.go.kr/recruitview.do?idx=303743,,2026-09-07 17:33:24
잡알리오,한국농촌경제연구원,한국농촌경제연구원 2026-13차(보고서 발간(교정·교열)(재공모)) 계약직 채용 공고,경영.회계.사무 / 계약직,신입+경력,비정규직,전남광주,,2026-08-25,https://job.alio.go.kr/recruitview.do?idx=303744,,2026-09-07 17:33:25
잡알리오,한국전력공사,2026년도 제3차 전문직원 채용,"사업관리,경영.회계.사무,전기.전자 / 별정직",경력,정규직,"서울 
										외 1",,2026-08-25,https://job.alio.go.kr/recruitview.do?idx=303747,,2026-09-07 17:33:26
잡알리오,경북대학교병원,"칠곡경북대학교병원 2026년 8월 3차 임시직원 채용공고(행정, 간호조무)",보건.의료 / 계약직,신입+경력,비정규직,대구,,2026-08-18,https://job.alio.go.kr/recruitview.do?idx=303746,,2026-09-07 17:33:26
잡알리오,재단법인 장애인기업종합지원센터,"2026년 제5차 장애인기업종합지원센터 직원채용 연장공고[기간제_안동, 충남, 익산]","사업관리,경영.회계.사무 / 행정직",신입,비정규직,"충남 
										외 2",,2026-08-21,https://job.alio.go.kr/recruitview.do?idx=303748,,2026-09-07 17:33:28
잡알리오,한국도로공사,한국도로공사 수원지사 기간제근로자(안전순찰원) 채용공고,운전.운송 / 기타(안전순찰원),신입+경력,비정규직,경기,,2026-08-17,https://job.alio.go.kr/recruitview.do?idx=303749,,2026-09-07 17:33:28
잡알리오,충남대학교병원,"[대전,세종] 2027년도 충남대학교병원 간호사(면허취득예정자) 공개채용 모집공고",보건.의료 / 간호직,신입,정규직,"대전 
										외 1",,2026-08-25,https://job.alio.go.kr/recruitview.do?idx=303750,,2026-09-07 17:33:29
잡알리오,국방과학연구소,국방과학연구소 '26년 하반기 임용 수시 공개채용,"사업관리,경영.회계.사무,법률.경찰.소방.교도.국방,음식서비스,기계,재료,화학,전기.전자,정보통신,연구 / 일반직,행정직,사무직,관리직,연구직,기술직,시설직,전산직,기능직,계약직",신입+경력,"무기계약직 
										외 1","대전 
										외 1",,2026-08-26,https://job.alio.go.kr/recruitview.do?idx=303751,,2026-09-07 17:33:29
잡알리오,충남대학교병원,[대전] 2026년도 충남대학교병원 진료지원전담간호사 공개채용 모집공고,보건.의료 / 간호직,경력,정규직,대전,,2026-08-25,https://job.alio.go.kr/recruitview.do?idx=303752,,2026-09-07 17:33:30
잡알리오,한국개발연구원,2026년 3분기 2차 KDI 위촉직원(대체인력) 채용 공고(행정직),경영.회계.사무 / 행정직,신입,비정규직,세종,,2026-08-25,https://job.alio.go.kr/recruitview.do?idx=303753,,2026-09-07 17:33:31
잡알리오,한국개발연구원,2026년 3분기 2차 KDI 위촉직원(대체인력 등) 채용 공고(연구직),"사업관리,연구 / 연구직",신입,비정규직,세종,,2026-08-25,https://job.alio.go.kr/recruitview.do?idx=303754,,2026-09-07 17:33:32
잡알리오,한국환경연구원,[한국환경연구원] 임시직(환경복원) 채용 공고(0811),연구 / 연구직,신입+경력,비정규직,세종,,2026-08-26,https://job.alio.go.kr/recruitview.do?idx=303755,,2026-09-07 17:33:33
잡알리오,부산대학교치과병원,부산대학교치과병원 정규직(행정직) 직원 모집 공고,보건.의료 / 행정직,신입+경력,정규직,경남,,2026-08-26,https://job.alio.go.kr/recruitview.do?idx=303756,,2026-09-07 17:33:33
잡알리오,한국환경보전원,대외환경협력처 환경보건팀(층간소음 분야) 기간제 직원  채용 재공고,환경.에너지.안전 / 행정직,신입+경력,비정규직,서울,,2026-08-18,https://job.alio.go.kr/recruitview.do?idx=303758,,2026-09-07 17:33:34
잡알리오,한전KPS(주),한전KPS(주)광주전남전력지사 순천지점 단기노무원 채용,전기.전자 / 계약직,신입+경력,비정규직,전남광주,,2026-08-14,https://job.alio.go.kr/recruitview.do?idx=303759,,2026-09-07 17:33:36
잡알리오,한전KPS(주),한전KPS(주)광주전남전력지사 기술팀 단기노무원 채용,전기.전자 / 계약직,신입+경력,비정규직,전남광주,,2026-08-14,https://job.alio.go.kr/recruitview.do?idx=303760,,2026-09-07 17:33:36
잡알리오,분당서울대학교병원,분당서울대학교병원 신입(업무지원직 장애인) 직원 채용 공고,보건.의료 / 운영직,신입,정규직,경기,,2026-08-24,https://job.alio.go.kr/recruitview.do?idx=303761,,2026-09-07 17:33:37
잡알리오,한국가스안전공사,한국가스안전공사가스안전연구원 2026년 제2차 연구과제 수행 위촉연구원 채용 공고,연구 / 계약직,신입,비정규직,"강원 
										외 1",,2026-08-28,https://job.alio.go.kr/recruitview.do?idx=303762,,2026-09-07 17:33:37
잡알리오,분당서울대학교병원,분당서울대학교병원 신입(업무지원직_미화) 직원 채용 공고,보건.의료 / 운영직,신입,정규직,경기,,2026-08-24,https://job.alio.go.kr/recruitview.do?idx=303763,,2026-09-07 17:33:40
잡알리오,한전KPS(주),한전KPS(주)광주전남전력지사 강진지점 단기노무원(안전관리보조) 채용,전기.전자 / 계약직,신입+경력,비정규직,전남광주,,2026-08-14,https://job.alio.go.kr/recruitview.do?idx=303764,,2026-09-07 17:33:40
잡알리오,한국관세정보원,한국관세정보원 2026년도 제2차 직원(정규직 및 무기계약직) 채용공고,"경영.회계.사무,정보통신 / 일반직,행정직,사무직,전산직",신입+경력,"무기계약직 
										외 1","인천 
										외 2",,2026-08-26,https://job.alio.go.kr/recruitview.do?idx=303765,,2026-09-07 17:33:42
잡알리오,분당서울대학교병원,분당서울대학교병원 신입(업무지원직) 직원 채용 공고,보건.의료 / 운영직,신입,정규직,경기,,2026-08-24,https://job.alio.go.kr/recruitview.do?idx=303766,,2026-09-07 17:33:42
잡알리오,한국무역보험공사,한국무역보험공사 2026년 하반기 일반직 신입사원 채용공고,"금융.보험,영업판매 / 일반직",신입,정규직,"서울 
										외 13",,2026-08-28,https://job.alio.go.kr/recruitview.do?idx=303767,,2026-09-07 17:33:43
잡알리오,한국무역보험공사,한국무역보험공사 2026년 사무직(고졸) 신입사원 채용공고,"경영.회계.사무,금융.보험 / 사무직",신입,정규직,"서울 
										외 13",,2026-08-28,https://job.alio.go.kr/recruitview.do?idx=303768,,2026-09-07 17:33:44
잡알리오,국립공원공단,[새만금환경생태단지관리단] 2026년 3차 한시인력(환경관리) 직원 채용,경비.청소 / 계약직,신입+경력,비정규직,전북,,2026-08-18,https://job.alio.go.kr/recruitview.do?idx=303770,,2026-09-07 17:33:44
잡알리오,한국전력공사,2026년 4차 장애인 체험형인턴 채용공고 [대전세종충남본부],경영.회계.사무 / 사무직,신입,청년인턴(체험형),"대전 
										외 1",,2026-08-26,https://job.alio.go.kr/recruitview.do?idx=303771,,2026-09-07 17:33:45
잡알리오,국립공원공단,[주왕산] 2026년도 주왕산국립공원 한시인력(수익시설) 직원 채용,"경비.청소,이용.숙박.여행.오락.스포츠 / 계약직",신입+경력,비정규직,경북,,2026-08-19,https://job.alio.go.kr/recruitview.do?idx=303772,,2026-09-07 17:33:47
잡알리오,한전KPS(주),한전KPS(주)원자력정비기술센터 단기노무원 모집(장애인),경비.청소 / 기타(현장청소 ),신입+경력,비정규직,경북,,2026-08-27,https://job.alio.go.kr/recruitview.do?idx=303773,,2026-09-07 17:33:48
잡알리오,한국환경연구원,(수정) [한국환경연구원] 2026년 제11차 인턴직 채용공고,경영.회계.사무 / 행정직,신입+경력,청년인턴(체험형),세종,,2026-08-25,https://job.alio.go.kr/recruitview.do?idx=303774,,2026-09-07 17:33:49
잡알리오,한국환경연구원,[한국환경연구원] 2026년 제12차 인턴직 채용공고,경영.회계.사무 / 행정직,신입+경력,청년인턴(체험형),세종,,2026-08-27,https://job.alio.go.kr/recruitview.do?idx=303775,,2026-09-07 17:33:50
잡알리오,한전KDN,한전KDN(주) 구미지사 배전분야 일용근로자 모집공고,"전기.전자,정보통신 / 기타(일용직)",신입+경력,비정규직,경북,,2026-08-27,https://job.alio.go.kr/recruitview.do?idx=303776,,2026-09-07 17:33:50
잡알리오,학교법인한국폴리텍,한국폴리텍대학 남대구캠퍼스 업무직(대학운영직_조리원) 채용(3차) 공고,음식서비스 / 운영직,신입+경력,무기계약직,대구,,2026-08-20,https://job.alio.go.kr/recruitview.do?idx=303777,,2026-09-07 17:33:51
잡알리오,한국토지주택공사,한국토지주택공사 전북지역본부 기간제근로자 채용공고,"경영.회계.사무,사회복지.종교,건설 / 계약직",신입+경력,비정규직,전북,,2026-08-27,https://job.alio.go.kr/recruitview.do?idx=303778,,2026-09-07 17:33:51
잡알리오,한전KPS(주),(수정) 한전KPS(주) 서울경기전력지사 성남지점 상주감시자 모집,전기.전자 / 계약직,신입+경력,비정규직,경기,,2026-08-06,https://job.alio.go.kr/recruitview.do?idx=303779,,2026-09-07 17:33:53
잡알리오,한전KDN,한전KDN(주) 구미지사 AMI분야 일용근로자 모집공고,"전기.전자,정보통신 / 기타(일용직)",신입+경력,비정규직,경북,,2026-08-27,https://job.alio.go.kr/recruitview.do?idx=303780,,2026-09-07 17:33:54
잡알리오,한국전력공사,기간제근로자 (대체인력)채용공고[충북본부 진천지사],전기.전자 / 기술직,신입,비정규직,충북,,2026-08-27,https://job.alio.go.kr/recruitview.do?idx=303782,,2026-09-07 17:33:55
잡알리오,국립중앙의료원,계약직 단시간근로자-장애인(진단검사의학과)채용 재공고,보건.의료 / 계약직,신입+경력,비정규직,서울,,2026-08-24,https://job.alio.go.kr/recruitview.do?idx=303781,,2026-09-07 17:33:56
잡알리오,경북대학교치과병원,2026년 제4차 기간제(원무행정팀 행정) 채용 공고,보건.의료 / 행정직,신입,비정규직,대구,,2026-08-26,https://job.alio.go.kr/recruitview.do?idx=303783,,2026-09-07 17:33:57
잡알리오,대한적십자사,2026년도 제3차 혈액관리본부 소속기관 원장 신규채용 공고(중부혈액검사센터),보건.의료 / 의사직,신입+경력,비정규직,대전,,2026-08-27,https://job.alio.go.kr/recruitview.do?idx=303784,,2026-09-07 17:33:58
잡알리오,근로복지공단,[동해병원] 공무직(방사선사) 채용 공고,보건.의료 / 공무직,신입,무기계약직,강원,,2026-08-19,https://job.alio.go.kr/recruitview.do?idx=303786,,2026-09-07 17:33:59
잡알리오,주택관리공단(주),채용형 인턴 채용공고(주택관리공단 전북지사),"건설,기계,전기.전자,환경.에너지.안전 / 기술직",신입+경력,청년인턴(채용형),전북,,2026-08-20,https://job.alio.go.kr/recruitview.do?idx=303787,,2026-09-07 17:34:00
잡알리오,주택관리공단(주),채용형 인턴 채용공고(주택관리공단 전북지사),경영.회계.사무 / 행정직,신입+경력,청년인턴(채용형),전북,,2026-08-20,https://job.alio.go.kr/recruitview.do?idx=303788,,2026-09-07 17:34:00
잡알리오,근로복지공단,[태백병원] 의료직 4급(약사) 채용 공고,보건.의료 / 약무직,신입,정규직,강원,,2026-08-24,https://job.alio.go.kr/recruitview.do?idx=303789,,2026-09-07 17:34:01
잡알리오,근로복지공단,[태백병원] 별정직 의사(병동당직의) 채용 공고,보건.의료 / 별정직,신입,정규직,강원,,2026-08-24,https://job.alio.go.kr/recruitview.do?idx=303790,,2026-09-07 17:34:03
잡알리오,대한적십자사,2026년도 제7차 혈액관리본부 소속기관 의무직원 신규채용 공고(중앙혈액검사센터),보건.의료 / 의사직,신입,비정규직,서울,,2026-08-27,https://job.alio.go.kr/recruitview.do?idx=303791,,2026-09-07 17:34:03
잡알리오,근로복지공단,[창원병원] 공무직(시설미화원) 채용 공고,"보건.의료,경비.청소 / 공무직",신입,무기계약직,경남,,2026-08-19,https://job.alio.go.kr/recruitview.do?idx=303792,,2026-09-07 17:34:04
잡알리오,근로복지공단,[인천병원] 공무직(물리작업치료사) 채용 공고,보건.의료 / 공무직,신입,무기계약직,인천,,2026-08-19,https://job.alio.go.kr/recruitview.do?idx=303793,,2026-09-07 17:34:05
잡알리오,한전KPS(주),한전KPS(주)서인천사업처 2026년 신인천 4CC 계획예방정비공사 단기노무원 3차 채용공고,전기.전자 / 계약직,신입+경력,비정규직,인천,,2026-08-18,https://job.alio.go.kr/recruitview.do?idx=303794,,2026-09-07 17:34:06
잡알리오,한국식품안전관리인증원,2026년 제9차 체험형인턴 및 제11차 계약직직원 채용,"사업관리,경영.회계.사무,보건.의료,음식서비스 / 계약직",신입+경력,"비정규직 
										외 1","서울 
										외 1",,2026-08-20,https://job.alio.go.kr/recruitview.do?idx=303795,,2026-09-07 17:34:07
잡알리오,근로복지공단,[용인지사] 기간제(사무원) 채용 공고,경영.회계.사무 / 계약직,신입,비정규직,경기,,2026-08-19,https://job.alio.go.kr/recruitview.do?idx=303796,,2026-09-07 17:34:08
잡알리오,대한적십자사,2026년도 제1차 혈액관리본부 소속기관 특정직 신규채용 공고(혈액수혈연구원),"보건.의료 / 연구직,의사직",신입+경력,비정규직,강원,,2026-08-27,https://job.alio.go.kr/recruitview.do?idx=303797,,2026-09-07 17:34:09
잡알리오,한국도로교통공단,2026년도 3분기 실무직 및 기간제근로자 채용공고,"경영.회계.사무,경비.청소,전기.전자,정보통신,환경.에너지.안전,연구 / 시설직,계약직",신입+경력,"무기계약직 
										외 1","서울 
										외 7",,2026-08-28,https://job.alio.go.kr/recruitview.do?idx=303798,,2026-09-07 17:34:09
잡알리오,한전KPS(주),한전KPS(주) 청주시운전부 정비보조 단기노무원 2차 채용,전기.전자 / 계약직,신입+경력,비정규직,충북,,2026-08-18,https://job.alio.go.kr/recruitview.do?idx=303799,,2026-09-07 17:34:10
잡알리오,충남대학교병원,[세종] 2026년 8월 공무직 직원 채용공고,보건.의료 / 공무직,신입+경력,무기계약직,세종,,2026-08-26,https://job.alio.go.kr/recruitview.do?idx=303800,,2026-09-07 17:34:11
잡알리오,분당서울대학교병원,분당서울대학교병원 신입(보건직) 직원 채용공고,보건.의료 / 보건직,신입,정규직,경기,,2026-08-21,https://job.alio.go.kr/recruitview.do?idx=303801,,2026-09-07 17:34:11
잡알리오,국립공원공단,[주왕산] 2026년도 주왕산국립공원 한시인력(탐방해설) 직원 채용,"사회복지.종교,이용.숙박.여행.오락.스포츠 / 계약직",신입+경력,비정규직,경북,,2026-08-19,https://job.alio.go.kr/recruitview.do?idx=303802,,2026-09-07 17:34:13
잡알리오,한국고용정보원,2026년도 한국고용정보원 2차 공무직 채용 공고,"경영.회계.사무,경비.청소 / 시설직,기능직,공무직",신입,무기계약직,충북,,2026-08-28,https://job.alio.go.kr/recruitview.do?idx=303803,,2026-09-07 17:34:13
잡알리오,대한적십자사,2026년도 제8차 혈액관리본부 소속기관 의무직원 신규채용 공고(서울남부혈액원),보건.의료 / 의사직,신입,비정규직,서울,,2026-08-27,https://job.alio.go.kr/recruitview.do?idx=303804,,2026-09-07 17:34:14
잡알리오,충남대학교병원,[대전] 충남대학교병원 약사(시간제) 공개채용 공고(상시),보건.의료 / 계약직,신입,비정규직,대전,,2027-08-11,https://job.alio.go.kr/recruitview.do?idx=303805,,2026-09-07 17:34:14
잡알리오,한전KPS(주),한전KPS(주)강원충북전력지사 단기노무원 채용 공고(16차) (송전업무정비보조/사무보조/청소원),"경영.회계.사무,경비.청소,전기.전자,환경.에너지.안전 / 계약직",신입+경력,비정규직,"강원 
										외 1",,2026-08-14,https://job.alio.go.kr/recruitview.do?idx=303806,,2026-09-07 17:34:16
잡알리오,한전KPS(주),한전KPS(주) 서울경기전력지사 구리지점 단기노무원(벌목공) 모집,전기.전자 / 계약직,신입+경력,비정규직,경기,,2026-08-18,https://job.alio.go.kr/recruitview.do?idx=303807,,2026-09-07 17:34:16
잡알리오,한전KPS(주),한전KPS(주)강원충북전력지사 단기노무원(신청주지점 수목재적조사) 채용 공고(17차),"전기.전자,환경.에너지.안전 / 계약직",신입+경력,비정규직,충북,,2026-08-19,https://job.alio.go.kr/recruitview.do?idx=303810,,2026-09-07 17:34:17
잡알리오,국립공원공단,"[치악산] 2026년 치악산국립공원 기간제(환경관리, 수익시설) 직원 채용","경비.청소,이용.숙박.여행.오락.스포츠 / 계약직",신입+경력,비정규직,강원,,2026-08-26,https://job.alio.go.kr/recruitview.do?idx=303811,,2026-09-07 17:34:17
잡알리오,한국농업기술진흥원,2026년도 하반기 한국농업기술진흥원 정규직 공개경쟁채용 제한경쟁채용 및 사회형평채용 공고,"사업관리,경영.회계.사무,법률.경찰.소방.교도.국방,문화.예술.디자인.방송,경비.청소,농림어업 / 공무직,전문직",신입+경력,"무기계약직 
										외 1","경북 
										외 1",,2026-08-31,https://job.alio.go.kr/recruitview.do?idx=303812,,2026-09-07 17:34:19
잡알리오,국립공원공단,[북한산도봉] 2026년 북한산국립공원도봉사무소 한시인력(탐방로보수전담) 채용 공고,"이용.숙박.여행.오락.스포츠,건설 / 계약직",신입+경력,비정규직,"서울 
										외 1",,2026-08-26,https://job.alio.go.kr/recruitview.do?idx=303813,,2026-09-07 17:34:20
잡알리오,한국환경연구원,[한국환경연구원] 임시직(환경사회) 채용 공고(생활환경연구본부 대체인력)(0812),연구 / 연구직,신입+경력,비정규직,세종,,2026-08-27,https://job.alio.go.kr/recruitview.do?idx=303814,,2026-09-07 17:34:20
잡알리오,한국환경연구원,[한국환경연구원] 임시직(화학물질) 채용 공고(0812),연구 / 연구직,신입+경력,비정규직,세종,,2026-08-27,https://job.alio.go.kr/recruitview.do?idx=303815,,2026-09-07 17:34:21
잡알리오,국립중앙의료원,계약직 연구원(닥터헬기·현장이송팀) 채용 공고,보건.의료 / 계약직,신입+경력,비정규직,서울,,2026-08-27,https://job.alio.go.kr/recruitview.do?idx=303816,,2026-09-07 17:34:22
잡알리오,국립중앙의료원,계약직 연구원(울산응급의료지원센터) 채용 공고,보건.의료 / 계약직,신입+경력,비정규직,울산,,2026-08-27,https://job.alio.go.kr/recruitview.do?idx=303817,,2026-09-07 17:34:23
잡알리오,국립중앙의료원,계약직 연구원(전남응급의료지원센터) 채용 공고,보건.의료 / 계약직,신입+경력,비정규직,전남광주,,2026-08-27,https://job.alio.go.kr/recruitview.do?idx=303818,,2026-09-07 17:34:23
잡알리오,국립중앙의료원,계약직 간호사/응급구조사(서울인천광역응급의료상황팀) 채용 공고,보건.의료 / 계약직,신입+경력,비정규직,서울,,2026-08-27,https://job.alio.go.kr/recruitview.do?idx=303819,,2026-09-07 17:34:24
잡알리오,국립중앙의료원,계약직(휴직대체) 간호사/응급구조사(대구경북광역응급의료상황팀) 채용 공고,보건.의료 / 계약직,신입+경력,비정규직,대구,,2026-08-27,https://job.alio.go.kr/recruitview.do?idx=303820,,2026-09-07 17:34:25
잡알리오,국립중앙의료원,무기계약직 간호사/응급구조사(전북응급의료지원센터) 채용 공고,보건.의료 / 보건직,신입+경력,무기계약직,전북,,2026-08-27,https://job.alio.go.kr/recruitview.do?idx=303821,,2026-09-07 17:34:25
잡알리오,학교법인한국폴리텍,한국폴리텍대학 익산캠퍼스 2026 청년인턴(장애) 채용 공고,경영.회계.사무 / 행정직,신입+경력,청년인턴(체험형),전북,,2026-08-20,https://job.alio.go.kr/recruitview.do?idx=303822,,2026-09-07 17:34:26
잡알리오,국립중앙의료원,연구직 일반연구원(경북응급의료지원센터) 채용 공고,보건.의료 / 연구직,신입+경력,정규직,"서울 
										외 15",,2026-08-27,https://job.alio.go.kr/recruitview.do?idx=303823,,2026-09-07 17:34:27
잡알리오,국립중앙의료원,의사직(응급의료정책연구팀) 채용 재공고,보건.의료 / 의사직,경력,정규직,서울,,2026-08-24,https://job.alio.go.kr/recruitview.do?idx=303824,,2026-09-07 17:34:27
잡알리오,국립중앙의료원,계약직 전문의(서울인천광역응급의료상황팀) 채용 재공고,보건.의료 / 계약직,경력,비정규직,서울,,2026-08-24,https://job.alio.go.kr/recruitview.do?idx=303825,,2026-09-07 17:34:28
잡알리오,국립중앙의료원,계약직 연구원-휴직대체(충남응급의료지원센터) 채용 재공고,보건.의료 / 계약직,신입+경력,비정규직,충남,,2026-08-24,https://job.alio.go.kr/recruitview.do?idx=303826,,2026-09-07 17:34:29
잡알리오,경북대학교병원,"칠곡경북대학교병원 2026년 8월 4차 임시직원 채용공고(시설기술(건축, 설비))",보건.의료 / 계약직,신입+경력,비정규직,대구,,2026-08-18,https://job.alio.go.kr/recruitview.do?idx=303827,,2026-09-07 17:34:29
잡알리오,한전KPS(주),한전KPS(주) 삼천포사업처 단기노무원(기계 단순보조) 채용(제47차),기계 / 계약직,신입+경력,비정규직,경남,,2026-08-19,https://job.alio.go.kr/recruitview.do?idx=303828,,2026-09-07 17:34:30
잡알리오,한전KPS(주),한전KPS(주) 서울경기전력지사 양주지점 단기노무원(벌목공) 모집,전기.전자 / 기타(벌목공),신입+경력,비정규직,경기,,2026-08-18,https://job.alio.go.kr/recruitview.do?idx=303829,,2026-09-07 17:34:31
잡알리오,동남권원자력의학원,(수정) [직원채용] 정규직 약무직(방사성의약품연구팀) 공개 채용,보건.의료 / 약무직,신입+경력,정규직,부산,,2026-08-26,https://job.alio.go.kr/recruitview.do?idx=303840,,2026-09-07 17:34:31
잡알리오,국립공원공단,[태백산] 태백산국립공원사무소 수익시설 기간제(한시인력) 직원 채용(3차) 공고,이용.숙박.여행.오락.스포츠 / 계약직,신입+경력,비정규직,강원,,2026-08-20,https://job.alio.go.kr/recruitview.do?idx=303841,,2026-09-07 17:34:32
잡알리오,한국기술교육대학교,한국기술교육대학교 대학혁신지원사업 대우교수 채용 공고,교육.자연.사회과학 / 교수직,신입+경력,비정규직,충남,,2026-08-27,https://job.alio.go.kr/recruitview.do?idx=303843,,2026-09-07 17:34:33
잡알리오,기초과학연구원,제2026-5회 기초과학연구원 별정직 채용 공고,"사업관리,경영.회계.사무,환경.에너지.안전 / 행정직,사무직,기술직",신입,비정규직,대전,,2026-08-28,https://job.alio.go.kr/recruitview.do?idx=303842,,2026-09-07 17:34:34
잡알리오,한전KPS(주),한전KPS(주)부산경남전력지사 기장지점 단기노무원(상주감시) 모집,전기.전자 / 계약직,신입+경력,비정규직,부산,,2026-09-08,https://job.alio.go.kr/recruitview.do?idx=303844,,2026-09-07 17:34:35
잡알리오,KDI국제정책대학원,"[KDI국제정책대학원] 2026년 제8차 인턴직원 채용(교육행정, 경영기획)","경영.회계.사무,교육.자연.사회과학 / 일반직,행정직,사무직",신입+경력,비정규직,세종,,2026-08-30,https://job.alio.go.kr/recruitview.do?idx=303845,,2026-09-07 17:34:35
잡알리오,학교법인한국폴리텍,한국폴리텍대학 충주캠퍼스 업무직(대학운영직_조리원) 채용 공고,음식서비스 / 운영직,신입+경력,무기계약직,충북,,2026-08-20,https://job.alio.go.kr/recruitview.do?idx=303846,,2026-09-07 17:34:36
잡알리오,대한적십자사,부산혈액원 비정규직 초단시간 임상병리사 채용 공고(2차),보건.의료 / 보건직,신입,비정규직,부산,,2026-08-28,https://job.alio.go.kr/recruitview.do?idx=303847,,2026-09-07 17:34:37
잡알리오,대한적십자사,부산혈액원 헌혈의집 서면센터 비정규직 헌혈권장원(장애인 제한경쟁) 채용 공고,보건.의료 / 기타(헌혈권장원),신입,비정규직,부산,,2026-08-28,https://job.alio.go.kr/recruitview.do?idx=303849,,2026-09-07 17:34:38
잡알리오,서울올림픽기념국민체육진흥공단,(수정) 서울올림픽기념국민체육진흥공단 스포츠복지팀 단기지원직(온라인상담) 채용공고,사업관리 / 상담직,신입+경력,비정규직,서울,,2026-08-21,https://job.alio.go.kr/recruitview.do?idx=303850,,2026-09-07 17:34:38
잡알리오,서울올림픽기념국민체육진흥공단,서울올림픽기념국민체육진흥공단 경륜 조리원 채용 공고,음식서비스 / 위생직,신입+경력,무기계약직,"경기 
										외 1",,2026-08-27,https://job.alio.go.kr/recruitview.do?idx=303852,,2026-09-07 17:34:39
잡알리오,서울올림픽기념국민체육진흥공단,서울올림픽기념국민체육진흥공단 경륜공원운영센터 지원직 채용 공고,"전기.전자,환경.에너지.안전 / 기능직",신입+경력,무기계약직,경기,,2026-08-27,https://job.alio.go.kr/recruitview.do?idx=303853,,2026-09-07 17:34:40
잡알리오,육아정책연구소,"[제2026-13호] 육아정책연구소 위촉직 연구원, 체험형 청년인턴(연구인턴) 채용","사업관리,연구 / 연구직,계약직",신입+경력,"비정규직 
										외 1",서울,,2026-08-27,https://job.alio.go.kr/recruitview.do?idx=303855,,2026-09-07 17:34:41
잡알리오,서울올림픽기념국민체육진흥공단,서울올림픽기념국민체육진흥공단 경륜경정총괄본부 단기지원직(장애인) 채용 공고,"경영.회계.사무,문화.예술.디자인.방송,이용.숙박.여행.오락.스포츠 / 행정직,기타",신입+경력,비정규직,경기,,2026-08-27,https://job.alio.go.kr/recruitview.do?idx=303854,,2026-09-07 17:34:41
잡알리오,한전KPS(주),(공고취소)한전KPS(주)안양사업소 경상정비공사 단기노무원 모집(정비보조),기계 / 계약직,신입+경력,비정규직,경기,,2026-08-20,https://job.alio.go.kr/recruitview.do?idx=303856,,2026-09-07 17:34:42
잡알리오,국민연금공단,"[국민연금공단 대전세종지역본부] 공무직(시설직, 보안직) 및 기간제근로자(근로능력평가직) 공개채용 공고","경영.회계.사무,사회복지.종교,경비.청소,기계,전기.전자,환경.에너지.안전 / 공무직,계약직",신입+경력,"무기계약직 
										외 1","대전 
										외 3",,2026-08-20,https://job.alio.go.kr/recruitview.do?idx=303857,,2026-09-07 17:34:43
잡알리오,경북대학교병원,"2026년 8월 제2차 임시직원 모집 공고(장례물품판매, 보건의료정보관리사)","보건.의료 / 보건직,운영직",신입,비정규직,대구,,2026-08-18,https://job.alio.go.kr/recruitview.do?idx=303858,,2026-09-07 17:34:43
잡알리오,한국장애인개발원,[제2026-88호] 2026년도 제4차 경기도장애아동·발달장애인지원센터 기간제 계약직 채용 공고,"사회복지.종교 / 일반직,행정직,사무직",신입+경력,비정규직,경기,,2026-08-28,https://job.alio.go.kr/recruitview.do?idx=303859,,2026-09-07 17:34:44
잡알리오,학교법인한국폴리텍,2026년 한국폴리텍대학 울산캠퍼스 하반기 행정지원직(교학처 학과조교 휴직 대체) 2차 채용 공고,"경영.회계.사무,환경.에너지.안전 / 기타(학과조교)",신입+경력,비정규직,울산,,2026-08-21,https://job.alio.go.kr/recruitview.do?idx=303860,,2026-09-07 17:34:45
잡알리오,한국수자원공사,[한국수자원공사] (재공고) 2026년 진도수도지사 기간제근로자(수탁운영_지방상수도 고객관리) 채용 공고(육아휴직 대체인력),경영.회계.사무 / 계약직,신입+경력,비정규직,전남광주,,2026-08-27,https://job.alio.go.kr/recruitview.do?idx=303861,,2026-09-07 17:34:46
잡알리오,한국보훈복지의료공단,[중앙보훈병원] 전문의(치과병원 구강악안면외과) 채용 공고,보건.의료 / 의사직,신입+경력,비정규직,서울,,2026-08-24,https://job.alio.go.kr/recruitview.do?idx=303862,,2026-09-07 17:34:46
잡알리오,한국보훈복지의료공단,[중앙보훈병원] 전임의(소화기내과) 채용 공고,보건.의료 / 의사직,신입+경력,비정규직,서울,,2026-08-24,https://job.alio.go.kr/recruitview.do?idx=303863,,2026-09-07 17:34:47
잡알리오,국립공원공단,[가야산] 2026년 가야산국립공원 한시인력(국립공원지킴이) 채용 공고,환경.에너지.안전 / 계약직,신입+경력,비정규직,경남,,2026-08-24,https://job.alio.go.kr/recruitview.do?idx=303864,,2026-09-07 17:34:48
잡알리오,학교법인한국폴리텍,"한국폴리텍대학 전북캠퍼스 청년인턴(장애, 일반) 채용(3차) 공고",경영.회계.사무 / 계약직,신입+경력,청년인턴(체험형),전북,,2026-08-20,https://job.alio.go.kr/recruitview.do?idx=303865,,2026-09-07 17:34:49
잡알리오,국민건강보험공단,2026년도 제2차 국민건강보험공단 개방형직위 및 전문인력 채용 공고,"사업관리,경영.회계.사무,금융.보험,보건.의료,사회복지.종교 / 연구직,별정직",경력,정규직,강원,,2026-08-27,https://job.alio.go.kr/recruitview.do?idx=303866,,2026-09-07 17:34:49
잡알리오,근로복지공단,(수정) [근로복지공단 울산병원] 의료직 채용 공고,"보건.의료 / 간호직,기타(의료직)",신입,정규직,울산,,2026-07-20,https://job.alio.go.kr/recruitview.do?idx=303867,,2026-09-07 17:34:50
잡알리오,한전KPS(주),한전KPS(주) 부산사업소 '26년 4차 단기노무원 모집,"경영.회계.사무,건설,기계,전기.전자,환경.에너지.안전 / 계약직",신입+경력,비정규직,부산,,2026-08-18,https://job.alio.go.kr/recruitview.do?idx=303868,,2026-09-07 17:34:51
잡알리오,한전KPS(주),한전KPS(주)제주사업소 송전선로 예방순시 단기노무원 채용공고,전기.전자 / 계약직,신입+경력,비정규직,제주,,2026-08-18,https://job.alio.go.kr/recruitview.do?idx=303869,,2026-09-07 17:34:51
잡알리오,한국산업기술시험원,2026년 한국산업기술시험원 전문위원 공개모집,"경영.회계.사무,연구 / 별정직",경력,청년인턴(채용형),경남,,2026-08-28,https://job.alio.go.kr/recruitview.do?idx=303870,,2026-09-07 17:34:53
잡알리오,한국산업기술시험원,2026년 한국산업기술시험원 하반기 체험형 청년인턴 공개모집,"경영.회계.사무,연구 / 행정직,연구직",신입,청년인턴(체험형),"서울 
										외 3",,2026-08-28,https://job.alio.go.kr/recruitview.do?idx=303871,,2026-09-07 17:34:53
잡알리오,한국산업기술시험원,2026년 3분기 한국산업기술시험원 기간제 장애 문화·예술인 제한경쟁 채용 (K-하모니 오케스트라 단원),문화.예술.디자인.방송 / 기능직,신입,비정규직,경남,,2026-08-28,https://job.alio.go.kr/recruitview.do?idx=303872,,2026-09-07 17:34:55
잡알리오,한국산업기술시험원,2026년 3분기 한국산업기술시험원 위촉계약직(행정/연구직) 공개모집,"경영.회계.사무,운전.운송,재료,화학,전기.전자,정보통신,환경.에너지.안전,연구 / 행정직,연구직",신입+경력,비정규직,"서울 
										외 5",,2026-08-28,https://job.alio.go.kr/recruitview.do?idx=303873,,2026-09-07 17:34:55
잡알리오,한국산업기술시험원,2026년 3분기 한국산업기술시험원 위촉계약직(사무/기술/기능직) 공개모집,"경영.회계.사무,운전.운송 / 사무직,기술직,기능직",신입,비정규직,"서울 
										외 1",,2026-08-28,https://job.alio.go.kr/recruitview.do?idx=303874,,2026-09-07 17:34:56
잡알리오,한국장애인고용공단,[한국장애인고용공단 대전지역본부] 기간제 근로자(체험형 청년인턴) 채용 재공고,"교육.자연.사회과학 / 계약직,기타(교사직)",신입+경력,"비정규직 
										외 1",대전,,2026-08-26,https://job.alio.go.kr/recruitview.do?idx=303875,,2026-09-07 17:34:57
잡알리오,국립공원공단,"[설악산] 설악산국립공원 기간제 직원[환경관리(한시인력), 탐방로예약제(한시인력)] 채용 공고","경비.청소,이용.숙박.여행.오락.스포츠 / 계약직",신입+경력,비정규직,강원,,2026-08-18,https://job.alio.go.kr/recruitview.do?idx=303876,,2026-09-07 17:34:57
잡알리오,한국수자원조사기술원,2026년 제4차 공개채용(정규직 및 사업계약직) 공고,"건설,환경.에너지.안전,연구 / 연구직",신입+경력,"비정규직 
										외 1",경기,,2026-08-27,https://job.alio.go.kr/recruitview.do?idx=303877,,2026-09-07 17:34:59
잡알리오,한국문화관광연구원,한국문화관광연구원 위촉직원 채용 공고 [2026-31],"연구 / 연구직,계약직",신입,비정규직,서울,,2026-08-20,https://job.alio.go.kr/recruitview.do?idx=303878,,2026-09-07 17:34:59
잡알리오,학교법인한국폴리텍,한국폴리텍대학 전남캠퍼스 업무직(조리원) 채용(5차) 공고,음식서비스 / 운영직,신입+경력,무기계약직,전남광주,,2026-08-26,https://job.alio.go.kr/recruitview.do?idx=303879,,2026-09-07 17:35:00
잡알리오,한국전력거래소,2026년도 하반기 전력거래소 공개채용(일반직_신입직),"경영.회계.사무,교육.자연.사회과학,전기.전자,정보통신 / 일반직,사무직,기술직",신입,정규직,"경기 
										외 3",,2026-08-28,https://job.alio.go.kr/recruitview.do?idx=303880,,2026-09-07 17:35:00
잡알리오,한국전력거래소,2026년도 하반기 전력거래소 공개채용(일반직_전문경력직),"전기.전자,정보통신,환경.에너지.안전 / 일반직,기술직,전문직",신입+경력,정규직,"경기 
										외 3",,2026-08-28,https://job.alio.go.kr/recruitview.do?idx=303881,,2026-09-07 17:35:02
잡알리오,한국의약품안전관리원,한국의약품안전관리원 의약품안전정보본부장 채용 공고,"사업관리,보건.의료 / 약무직",경력,정규직,경기,,2026-09-03,https://job.alio.go.kr/recruitview.do?idx=303882,,2026-09-07 17:35:03
잡알리오,한전KDN,한전KDN(주) VPP 연구과제 프로젝트계약근로자 채용공고,정보통신 / 계약직,신입+경력,비정규직,전남광주,,2026-08-31,https://job.alio.go.kr/recruitview.do?idx=303883,,2026-09-07 17:35:03
잡알리오,에너지경제연구원,[에너지경제연구원] 공공기관 청년인턴 채용공고(운영지원팀),경영.회계.사무 / 사무직,신입+경력,청년인턴(체험형),울산,,2026-08-28,https://job.alio.go.kr/recruitview.do?idx=303884,,2026-09-07 17:35:04
잡알리오,한국연구재단,한국연구재단 2026년도 체험형 청년인턴(장애) 및 제6차 사업위촉직 채용 공고,"사업관리,경영.회계.사무 / 계약직",신입+경력,"비정규직 
										외 1",대전,,2026-08-28,https://job.alio.go.kr/recruitview.do?idx=303885,,2026-09-07 17:35:04
잡알리오,한국전력거래소,2026년도 하반기 전력거래소 공개채용(전문계약직),"정보통신 / 계약직,전문직",경력,비정규직,"경기 
										외 3",,2026-08-28,https://job.alio.go.kr/recruitview.do?idx=303886,,2026-09-07 17:35:05
잡알리오,한전KDN,한전KDN(주) 「AI기반 무정전활선작업 무인화 로봇플랫폼 개발 및 실증」연구과제 프로젝트계약근로자 채용공고,정보통신 / 계약직,신입+경력,비정규직,"대전 
										외 1",,2026-08-31,https://job.alio.go.kr/recruitview.do?idx=303887,,2026-09-07 17:35:07
잡알리오,(주)강원랜드,(주)강원랜드 2026년 추계 2차 기간제 근로자 모집 공고,"보건.의료,이용.숙박.여행.오락.스포츠,건설 / 계약직",신입,"비정규직 
										외 1",강원,,2026-08-20,https://job.alio.go.kr/recruitview.do?idx=303888,,2026-09-07 17:35:07
잡알리오,한국전력거래소,2026년도 하반기 전력거래소 공개채용(체험형 청년인턴),"경영.회계.사무,교육.자연.사회과학,전기.전자 / 계약직",신입,청년인턴(체험형),"경기 
										외 3",,2026-08-28,https://job.alio.go.kr/recruitview.do?idx=303889,,2026-09-07 17:35:07
잡알리오,한국석유공사,한국석유공사 2026년 하반기 직원(정규직) 채용 공고(6급 대졸수준),"사업관리,경영.회계.사무,법률.경찰.소방.교도.국방,기계,전기.전자,정보통신,환경.에너지.안전 / 사무직,기술직",신입,정규직,"울산 
										외 6",,2026-08-28,https://job.alio.go.kr/recruitview.do?idx=303890,,2026-09-07 17:35:09
잡알리오,한국석유공사,한국석유공사 2026년 하반기 직원(정규직) 채용 공고(7급 초대졸수준),보건.의료 / 간호직,신입,정규직,울산,,2026-08-28,https://job.alio.go.kr/recruitview.do?idx=303891,,2026-09-07 17:35:10
잡알리오,한국석유공사,한국석유공사 2026년 하반기 직원(정규직) 채용 공고(8급 고졸수준),"경영.회계.사무,기계,전기.전자 / 사무직,기술직",신입,정규직,"울산 
										외 6",,2026-08-28,https://job.alio.go.kr/recruitview.do?idx=303892,,2026-09-07 17:35:11
잡알리오,한전KPS(주),한전KPS(주)광주전남전력지사 광주지점 단기노무원 채용,전기.전자 / 계약직,신입+경력,비정규직,전남광주,,2026-08-18,https://job.alio.go.kr/recruitview.do?idx=303893,,2026-09-07 17:35:11
잡알리오,학교법인한국폴리텍,한국폴리텍대학 동부산캠퍼스 체험형 청년인턴(장애) 채용(2차) 공고,경영.회계.사무 / 행정직,신입+경력,청년인턴(체험형),부산,,2026-08-25,https://job.alio.go.kr/recruitview.do?idx=303894,,2026-09-07 17:35:13
잡알리오,한국환경공단,한국환경공단(본사) K-eco연구원 ESG기업지원부 기간제근로자(촉탁 라급) 채용공고,"화학,환경.에너지.안전 / 계약직",신입+경력,비정규직,인천,,2026-08-28,https://job.alio.go.kr/recruitview.do?idx=303895,,2026-09-07 17:35:13
잡알리오,한국전력공사,2026년 제3차 장애인 체험형인턴 채용 [경남본부],경영.회계.사무 / 사무직,신입,청년인턴(체험형),경남,,2026-08-28,https://job.alio.go.kr/recruitview.do?idx=303896,,2026-09-07 17:35:14
잡알리오,한국보훈복지의료공단,[중앙보훈병원] 체험형 청년인턴(든든동행파트너) 채용 공고,"경영.회계.사무,보건.의료,경비.청소 / 계약직",신입+경력,청년인턴(체험형),서울,,2026-08-25,https://job.alio.go.kr/recruitview.do?idx=303897,,2026-09-07 17:35:15
잡알리오,국민건강보험공단 일산병원,"2026년 8월 기간제근로자 모집공고(보건직, 기능직)","보건.의료 / 보건직,기능직",신입,비정규직,경기,,2026-09-02,https://job.alio.go.kr/recruitview.do?idx=303898,,2026-09-07 17:35:17
잡알리오,한국농촌경제연구원,(수정) 한국농촌경제연구원 2026-11차(재공모) 계약직 채용 공고,연구 / 계약직,신입+경력,비정규직,전남,,2026-07-30,https://job.alio.go.kr/recruitview.do?idx=303899,,2026-09-07 17:35:17
잡알리오,한전KPS(주),(수정) 한전KPS(주)광주전남전력지사 강진지점 단기노무원(벌목공) 채용,전기.전자 / 계약직,신입+경력,비정규직,전남광주,,2026-08-18,https://job.alio.go.kr/recruitview.do?idx=303900,,2026-09-07 17:35:19
잡알리오,서울올림픽기념국민체육진흥공단,서울올림픽기념국민체육진흥공단 지원직(스포츠단 숙소관리) 채용 공고(재공고),이용.숙박.여행.오락.스포츠 / 기타(지원직),신입+경력,무기계약직,경기,,2026-08-24,https://job.alio.go.kr/recruitview.do?idx=303901,,2026-09-07 17:35:19
잡알리오,국립공원공단,[월악산] 2026년 월악산국립공원사무소 한시인력(탐방예약제관리) 직원 채용,"경영.회계.사무,이용.숙박.여행.오락.스포츠 / 계약직",신입+경력,비정규직,충북,,2026-08-24,https://job.alio.go.kr/recruitview.do?idx=303902,,2026-09-07 17:35:21
잡알리오,한전KPS(주),한전KPS(주) 일산사업소 '26년도 3GT OH 2차 단기노무원 채용,기계 / 계약직,신입+경력,비정규직,경기,,2026-08-18,https://job.alio.go.kr/recruitview.do?idx=303903,,2026-09-07 17:35:21
잡알리오,한국장애인개발원,[제2026-89호] 한국장애인개발원 2026년도 경영지원부 사회형평적(고졸) 청년인턴 채용 공고,"사업관리,경영.회계.사무,사회복지.종교 / 일반직,행정직",신입,청년인턴(체험형),서울,,2026-08-28,https://job.alio.go.kr/recruitview.do?idx=303905,,2026-09-07 17:35:22
잡알리오,근로복지공단,[경인지역본부] 청년(체험형)인턴 채용 공고,경영.회계.사무 / 계약직,신입,청년인턴(체험형),인천,,2026-08-21,https://job.alio.go.kr/recruitview.do?idx=303906,,2026-09-07 17:35:23
잡알리오,근로복지공단,[경인지역관내] 공무직 직원 채용 공고,"경영.회계.사무,경비.청소 / 공무직",신입,무기계약직,"인천 
										외 1",,2026-08-21,https://job.alio.go.kr/recruitview.do?idx=303907,,2026-09-07 17:35:24
잡알리오,제주대학교병원,제주대학교병원 의료기술직(물리치료사) 모집공고,보건.의료 / 보건직,신입+경력,정규직,제주,,2026-08-25,https://job.alio.go.kr/recruitview.do?idx=303909,,2026-09-07 17:35:24
잡알리오,제주대학교병원,제주대학교병원 단시간 계약직(장애인_병원안내 등) 모집공고,보건.의료 / 계약직,신입+경력,비정규직,제주,,2026-08-21,https://job.alio.go.kr/recruitview.do?idx=303910,,2026-09-07 17:35:25
잡알리오,(재)우체국시설관리단,"(재)우체국시설관리단 현장직원 2026년도 10차 통합 채용 공고(기술, 경비, 미화)","사업관리,경비.청소 / 기술직,시설직",신입+경력,"무기계약직 
										외 1","서울 
										외 5",,2026-08-28,https://job.alio.go.kr/recruitview.do?idx=303912,,2026-09-07 17:35:26
잡알리오,국립공원공단,[치악산] 치악산국립공원사무소 기간제(한시인력-탐방로보수) 직원 채용,"이용.숙박.여행.오락.스포츠,건설 / 계약직",신입+경력,비정규직,강원,,2026-08-18,https://job.alio.go.kr/recruitview.do?idx=303913,,2026-09-07 17:35:27
잡알리오,근로복지공단,[동해병원] 기간제 의사(재활의학과 전문의) 채용 공고,보건.의료 / 계약직,신입,비정규직,강원,,2026-08-21,https://job.alio.go.kr/recruitview.do?idx=303914,,2026-09-07 17:35:27
잡알리오,근로복지공단,[동해병원] 기간제 의사(진단검사의학과 또는 병리과) 채용 공고,보건.의료 / 계약직,신입,비정규직,강원,,2026-08-21,https://job.alio.go.kr/recruitview.do?idx=303915,,2026-09-07 17:35:28
잡알리오,근로복지공단,[동해병원] 기간제 의사(응급실전담의) 채용 공고,보건.의료 / 계약직,신입,비정규직,강원,,2026-08-21,https://job.alio.go.kr/recruitview.do?idx=303916,,2026-09-07 17:35:29
잡알리오,학교법인한국폴리텍,한국폴리텍대학 창원캠퍼스 2026년 하반기 업무지원직(식당 단시간근로자) 2차 채용 공고,"음식서비스 / 기능직,계약직",신입+경력,비정규직,경남,,2026-08-23,https://job.alio.go.kr/recruitview.do?idx=303917,,2026-09-07 17:35:29
잡알리오,국민건강보험공단 일산병원,"2026년 8월 업무지원직 모집공고(보건직, 기능직)","보건.의료 / 보건직,기능직",신입,무기계약직,경기,,2026-09-02,https://job.alio.go.kr/recruitview.do?idx=303919,,2026-09-07 17:35:30
잡알리오,한전KPS(주),한전KPS(주)울산사업소 기계부 단기노무원 모집(1차),"경영.회계.사무,건설,기계 / 계약직",신입+경력,비정규직,울산,,2026-08-18,https://job.alio.go.kr/recruitview.do?idx=303921,,2026-09-07 17:35:31
잡알리오,한전KPS(주),한전KPS(주)강원충북전력지사 단기노무원 채용 공고(18차)(벌목부/아보리스트/송전업무정비보조),"전기.전자,환경.에너지.안전 / 계약직",신입+경력,비정규직,"강원 
										외 1",,2026-08-19,https://job.alio.go.kr/recruitview.do?idx=303922,,2026-09-07 17:35:32
잡알리오,한국보건사회연구원,한국보건사회연구원 계약직 채용 공고(사회서비스정책분야),"사업관리,연구 / 연구직",신입,비정규직,세종,,2026-08-31,https://job.alio.go.kr/recruitview.do?idx=303923,,2026-09-07 17:35:32
잡알리오,국민연금공단,2026년도 제2차 국민연금공단 기금운용본부 기금운용직 채용공고,금융.보험 / 사무직,경력,정규직,전북,,2026-08-28,https://job.alio.go.kr/recruitview.do?idx=303925,,2026-09-07 17:35:34
잡알리오,한국소비자원,"2026년 한국소비자원 제2차 청년인턴(장애인, 지역상생) 채용 공고","사업관리,경영.회계.사무 / 일반직",신입,청년인턴(체험형),충북,,2026-08-24,https://job.alio.go.kr/recruitview.do?idx=303926,,2026-09-07 17:35:34
잡알리오,한국문화관광연구원,한국문화관광연구원 위촉직원 채용 공고 [2026-32],"사업관리,정보통신,연구 / 행정직,연구직,계약직",신입,비정규직,서울,,2026-08-28,https://job.alio.go.kr/recruitview.do?idx=303927,,2026-09-07 17:35:36
잡알리오,한전KPS(주),한전KPS(주) 서울경기전력지사 고양지점 단기노무원(상주감시원) 모집,전기.전자 / 계약직,신입+경력,비정규직,경기,,2026-08-19,https://job.alio.go.kr/recruitview.do?idx=303928,,2026-09-07 17:35:36
잡알리오,한국보훈복지의료공단,[광주보훈병원] 계약직 보건직(임상심리사) - 휴직대체 직원 채용 공고,보건.의료 / 보건직,신입+경력,비정규직,전남광주,,2026-08-24,https://job.alio.go.kr/recruitview.do?idx=303929,,2026-09-07 17:35:37
잡알리오,한전KPS(주),한전KPS(주) 서울경기전력지사 수원지점 단기노무원(수목관리사) 모집,전기.전자 / 계약직,신입+경력,비정규직,경기,,2026-08-19,https://job.alio.go.kr/recruitview.do?idx=303930,,2026-09-07 17:35:37
잡알리오,국립암센터,국립암센터 마취통증의학과 촉탁의 초빙 공고,보건.의료 / 의사직,신입+경력,비정규직,경기,,2026-08-31,https://job.alio.go.kr/recruitview.do?idx=303931,,2026-09-07 17:35:38
잡알리오,한국환경보전원,한국환경보전원 자연복원기획처 자연복원사업팀 기간제 직원 채용 공고,환경.에너지.안전 / 행정직,신입+경력,비정규직,서울,,2026-08-24,https://job.alio.go.kr/recruitview.do?idx=303932,,2026-09-07 17:35:39
잡알리오,국립공원공단,2026년 오대산사무소 기간제(한시인력) [환경관리] 직원 채용(3차),"경비.청소,환경.에너지.안전 / 계약직",신입+경력,비정규직,강원,,2026-08-21,https://job.alio.go.kr/recruitview.do?idx=303933,,2026-09-07 17:35:40
잡알리오,한국에너지정보문화재단,2026년 한국에너지정보문화재단 제1차 채용,"사업관리,경영.회계.사무,환경.에너지.안전 / 일반직,계약직",신입+경력,"청년인턴(체험형) 
										외 1",서울,,2026-08-31,https://job.alio.go.kr/recruitview.do?idx=303934,,2026-09-07 17:35:41
잡알리오,국립광주과학관,국립광주과학관 2026년도 제5회 직원 공개경쟁 채용공고,"사업관리,경영.회계.사무,교육.자연.사회과학,경비.청소,이용.숙박.여행.오락.스포츠,연구 / 일반직,행정직,연구직,위생직,계약직,운영직",신입,"무기계약직 
										외 2",전남광주,,2026-08-30,https://job.alio.go.kr/recruitview.do?idx=303935,,2026-09-07 17:35:42
잡알리오,국립중앙의료원,계약직 연구원(데이터기반정책연구팀) 재공고,보건.의료 / 계약직,신입+경력,비정규직,서울,,2026-08-24,https://job.alio.go.kr/recruitview.do?idx=303936,,2026-09-07 17:35:43
잡알리오,국립중앙의료원,계약직 단시간근로자-간호조무사(소화기내과 내시경실) 재공고,보건.의료 / 계약직,신입+경력,비정규직,서울,,2026-08-24,https://job.alio.go.kr/recruitview.do?idx=303937,,2026-09-07 17:35:43
잡알리오,노사발전재단,[노사발전재단] 「2026년 대한민국 일·생활 균형 우수기업 선정」 사업 채용 공고,"사업관리,경영.회계.사무,교육.자연.사회과학 / 행정직,사무직,계약직",신입+경력,비정규직,서울,,2026-08-31,https://job.alio.go.kr/recruitview.do?idx=303938,,2026-09-07 17:35:44
잡알리오,국립중앙의료원,계약직 간호사(감염내과-상담실) 재공고,보건.의료 / 계약직,경력,비정규직,서울,,2026-08-24,https://job.alio.go.kr/recruitview.do?idx=303939,,2026-09-07 17:35:44
잡알리오,국립중앙의료원,계약직 주말약사(약제부) 재공고,보건.의료 / 계약직,신입+경력,비정규직,서울,,2026-08-24,https://job.alio.go.kr/recruitview.do?idx=303940,,2026-09-07 17:35:45
잡알리오,대한적십자사,[남부혈액검사센터] 2026년 비정규직 기간제(장애인) 채용 공고,보건.의료 / 기타,신입,비정규직,부산,,2026-08-31,https://job.alio.go.kr/recruitview.do?idx=303941,,2026-09-07 17:35:46
잡알리오,충남대학교병원,[세종] 2026년 8월 업무지원직 직원 채용공고,보건.의료 / 운영직,신입+경력,정규직,세종,,2026-08-28,https://job.alio.go.kr/recruitview.do?idx=303942,,2026-09-07 17:35:47
잡알리오,한국농수산식품유통공사,2026년 제4차 기간제 근로자(휴직대체인력) 채용(일반행정지원),"사업관리,경영.회계.사무 / 행정직,사무직",신입,비정규직,"대구 
										외 2",,2026-08-31,https://job.alio.go.kr/recruitview.do?idx=303943,,2026-09-07 17:35:48
잡알리오,국토안전관리원,2026년도 제2차 수시 채용 공고,"사업관리,경영.회계.사무,건설,환경.에너지.안전,연구 / 행정직,연구직,기술직,전산직,계약직,전문직",신입+경력,비정규직,"충북 
										외 2",,2026-08-31,https://job.alio.go.kr/recruitview.do?idx=303945,,2026-09-07 17:35:49
잡알리오,대한적십자사,[전북혈액원] 비정규직 육아휴직대체(간호사) 채용 공고,보건.의료 / 간호직,신입,비정규직,전북,,2026-08-30,https://job.alio.go.kr/recruitview.do?idx=303946,,2026-09-07 17:35:49
잡알리오,한국항공우주연구원,2026년도 3분기 KPS개발사업본부 특수사업직 채용공고,"사업관리,전기.전자,정보통신,연구 / 행정직,연구직,별정직,계약직",신입+경력,비정규직,대전,,2026-08-21,https://job.alio.go.kr/recruitview.do?idx=303947,,2026-09-07 17:35:50
잡알리오,제주대학교병원,제주대학교병원 사업인력 계약직(권역난임임산부심리상담센터_임상심리사 또는 사회복지사 또는 간호사) 모집공고,보건.의료 / 계약직,신입+경력,비정규직,제주,,2026-08-25,https://job.alio.go.kr/recruitview.do?idx=303949,,2026-09-07 17:35:50
잡알리오,한국항공우주연구원,(수정) 한국항공우주연구원 2026년도 3분기 별정직 채용공고,"사업관리,경영.회계.사무,전기.전자,정보통신,연구 / 행정직,연구직,기술직",신입+경력,비정규직,대전,,2026-08-21,https://job.alio.go.kr/recruitview.do?idx=303950,,2026-09-07 17:35:52
잡알리오,대한적십자사,대전세종충남혈액원 비정규직 육아휴직 대체 사무보조원 채용 공고,경영.회계.사무 / 기능직,신입,비정규직,대전,,2026-08-31,https://job.alio.go.kr/recruitview.do?idx=303951,,2026-09-07 17:35:52
잡알리오,대한적십자사,대전세종충남혈액원 비정규직 육아휴직 대체 임상병리사 채용 공고(약 1년 3개월),보건.의료 / 보건직,신입,비정규직,대전,,2026-08-31,https://job.alio.go.kr/recruitview.do?idx=303952,,2026-09-07 17:35:53
잡알리오,대한적십자사,대전세종충남혈액원 비정규직 육아휴직 대체 임상병리사 채용 공고(9개월),보건.의료 / 보건직,신입,비정규직,대전,,2026-08-31,https://job.alio.go.kr/recruitview.do?idx=303953,,2026-09-07 17:35:54
잡알리오,국민건강보험공단 일산병원,"2026년도 일반직 경력간호사(분만실, NICU) 모집공고",보건.의료 / 간호직,경력,정규직,경기,,2026-09-02,https://job.alio.go.kr/recruitview.do?idx=303954,,2026-09-07 17:35:55
잡알리오,경상국립대학교병원,(수정) 2026년 전문직1등급(촉탁의) 채용 공고,보건.의료 / 의사직,신입+경력,비정규직,경남,,2026-08-13,https://job.alio.go.kr/recruitview.do?idx=303955,,2026-09-07 17:35:55
잡알리오,정보통신정책연구원,2026년 계약직연구원 공개채용(인공지능 서비스 이용자보호 정책 연구),사업관리 / 연구직,신입+경력,비정규직,충북,,2026-09-02,https://job.alio.go.kr/recruitview.do?idx=303957,,2026-09-07 17:35:56
잡알리오,한국전력공사,기간제근로자(대체인력) 채용공고 [강원본부 강릉지사],전기.전자 / 기술직,신입,비정규직,강원,,2026-09-01,https://job.alio.go.kr/recruitview.do?idx=303959,,2026-09-07 17:35:57
잡알리오,서울대학교병원,(수정) 진료교수요원 및 진료의 공개채용,"보건.의료 / 교수직,의사직",신입+경력,비정규직,서울,,2026-08-13,https://job.alio.go.kr/recruitview.do?idx=303958,,2026-09-07 17:35:58
잡알리오,(재)우체국금융개발원,"우체국금융개발원 2026년 7차(장애인 제한경쟁(헬스키퍼, 청년인턴))공개채용 공고","경영.회계.사무,보건.의료 / 사무직,계약직,전문직",신입,"비정규직 
										외 1","서울 
										외 1",,2026-09-02,https://job.alio.go.kr/recruitview.do?idx=303960,,2026-09-07 17:35:59
잡알리오,건강보험심사평가원,2026년 하반기 건강보험심사평가원 정규직 채용 공고,"경영.회계.사무,보건.의료,정보통신,연구 / 행정직,연구직,전산직,기타(심사직)",신입+경력,정규직,강원,,2026-09-02,https://job.alio.go.kr/recruitview.do?idx=303961,,2026-09-07 17:35:59
잡알리오,국립해양박물관,2026년 제5차 국립해양박물관 직원(체험형인턴(학예)) 채용 공고,문화.예술.디자인.방송 / 계약직,신입,청년인턴(체험형),부산,,2026-09-01,https://job.alio.go.kr/recruitview.do?idx=303962,,2026-09-07 17:36:00
잡알리오,한전KDN,한전KDN(주) 인천사업처 배전자동화분야 작업원 모집공고,정보통신 / 기타(일용직),신입+경력,비정규직,"인천 
										외 1",,2026-09-02,https://job.alio.go.kr/recruitview.do?idx=303963,,2026-09-07 17:36:01
잡알리오,대한적십자사,(통영적십자병원) 정규직 간호사 채용 공고,보건.의료 / 간호직,신입,정규직,경남,,2026-09-03,https://job.alio.go.kr/recruitview.do?idx=303964,,2026-09-07 17:36:02
잡알리오,근로복지공단,[울산남부지사] 청년(체험형)인턴 채용 공고,경영.회계.사무 / 계약직,신입,청년인턴(체험형),울산,,2026-08-25,https://job.alio.go.kr/recruitview.do?idx=303965,,2026-09-07 17:36:03
잡알리오,국립공원공단,[태안] 2026년 태안해안 기간제[한시인력_환경관리(해양)] 직원 채용,환경.에너지.안전 / 계약직,신입+경력,비정규직,충남,,2026-08-24,https://job.alio.go.kr/recruitview.do?idx=303966,,2026-09-07 17:36:03
잡알리오,한국서부발전(주),2026년도 하반기 직무전문가(사내변호사) 모집공고,법률.경찰.소방.교도.국방 / 전문직,경력,비정규직,충남,,2026-09-01,https://job.alio.go.kr/recruitview.do?idx=303968,,2026-09-07 17:36:04
잡알리오,한국전력공사,2026년 제2차 장애인 체험형 인턴 채용공고 [인천본부],경영.회계.사무 / 사무직,신입,청년인턴(체험형),"인천 
										외 1",,2026-09-01,https://job.alio.go.kr/recruitview.do?idx=303969,,2026-09-07 17:36:05
잡알리오,한국장애인고용공단,"(수정) [한국장애인고용공단 대구지역본부, 경북지사] 기간제 대체근로자(체험형 청년인턴) 채용 공고","교육.자연.사회과학 / 사무직,기타(교사직)",신입+경력,"비정규직 
										외 1","대구 
										외 1",,2026-08-12,https://job.alio.go.kr/recruitview.do?idx=303970,,2026-09-07 17:36:06
잡알리오,학교법인한국폴리텍,한국폴리텍대학 바이오캠퍼스 업무직(대학운영직_조리원) 채용공고,음식서비스 / 운영직,신입+경력,무기계약직,충남,,2026-08-27,https://job.alio.go.kr/recruitview.do?idx=303971,,2026-09-07 17:36:07
잡알리오,한국토지주택공사,한국토지주택공사 세종특별본부 기간제근로자 채용공고 (2026-08),"경영.회계.사무,건설 / 계약직",신입+경력,비정규직,세종,,2026-09-03,https://job.alio.go.kr/recruitview.do?idx=303972,,2026-09-07 17:36:07
잡알리오,한전KPS(주),한전KPS(주)제주사업소 경상정비공사 단기노무원 채용공고,"경영.회계.사무,기계,전기.전자,환경.에너지.안전 / 계약직",신입+경력,비정규직,제주,,2026-08-21,https://job.alio.go.kr/recruitview.do?idx=303973,,2026-09-07 17:36:07
잡알리오,국립박물관문화재단,국립박물관문화재단 2026년 제3차 직원 채용 공고,"경영.회계.사무,문화.예술.디자인.방송,영업판매,음식서비스 / 일반직,행정직,계약직,전문직",신입,"무기계약직 
										외 2","서울 
										외 1",,2026-09-02,https://job.alio.go.kr/recruitview.do?idx=303974,,2026-09-07 17:36:09
잡알리오,(재)우체국물류지원단,"우체국물류지원단 경인지사 안양,부평물류사업소 기간제(우편물구분) 채용 재공고",운전.운송 / 기타(발착직),신입+경력,비정규직,"인천 
										외 1",,2026-08-24,https://job.alio.go.kr/recruitview.do?idx=303975,,2026-09-07 17:36:10
잡알리오,한국수출입은행,한국수출입은행 2026년 하반기 경력직원 채용,"금융.보험,법률.경찰.소방.교도.국방 / 별정직",신입+경력,비정규직,서울,,2026-09-02,https://job.alio.go.kr/recruitview.do?idx=303976,,2026-09-07 17:36:11
잡알리오,한국원자력의학원,제2026-4회 한국원자력의학원 정기직원채용,"보건.의료 / 일반직,사무직,연구직,보건직,기타(간호조무직)",신입+경력,"무기계약직 
										외 1",서울,,2026-09-02,https://job.alio.go.kr/recruitview.do?idx=303977,,2026-09-07 17:36:11
잡알리오,한국보훈복지의료공단,"[대전보훈병원] 정규직(기술직(건축), 보건직(방사선사, 임상병리사), 일반기능직(시설(영선), 시설(기계)) 채용 공고","보건.의료 / 기술직,보건직,기능직",신입+경력,정규직,대전,,2026-09-02,https://job.alio.go.kr/recruitview.do?idx=303978,,2026-09-07 17:36:12
잡알리오,한국도로교통공단,2026년도 교통직(무기계약직) 공개채용 공고,"경영.회계.사무,문화.예술.디자인.방송,운전.운송,정보통신,환경.에너지.안전,연구 / 행정직,연구직,기술직,시설직,안전직,상담직",신입,무기계약직,"서울 
										외 14",,2026-09-04,https://job.alio.go.kr/recruitview.do?idx=303979,,2026-09-07 17:36:13
잡알리오,근로복지공단,[강원지역본부] 기간제(사무원) 채용 공고,경영.회계.사무 / 계약직,신입,비정규직,강원,,2026-08-25,https://job.alio.go.kr/recruitview.do?idx=303980,,2026-09-07 17:36:13
잡알리오,한국여성정책연구원,한국여성정책연구원 2026년 제4차 직원 블라인드 채용 공고,"경영.회계.사무,연구 / 행정직,연구직",신입+경력,"무기계약직 
										외 3",서울,,2026-09-01,https://job.alio.go.kr/recruitview.do?idx=303981,,2026-09-07 17:36:14
잡알리오,한국산업안전보건공단,[안전보건공단 서울광역본부] 강원동부지사 업무직(환경미화원) 채용공고,경비.청소 / 기타(환경미화원),신입,무기계약직,강원,,2026-08-31,https://job.alio.go.kr/recruitview.do?idx=303982,,2026-09-07 17:36:16
잡알리오,충남대학교병원,"[대전] 의생명연구원 연구교수(B)_의학,약학,통계학 공개채용 모집공고",보건.의료 / 연구직,신입+경력,비정규직,대전,,2026-09-01,https://job.alio.go.kr/recruitview.do?idx=303983,,2026-09-07 17:36:16
잡알리오,국립공원공단,[소백산북부] 2026년 가을철 한시인력(탐방로 보수전담팀) 채용 공고,"경비.청소,이용.숙박.여행.오락.스포츠,건설 / 계약직",신입+경력,비정규직,충북,,2026-08-24,https://job.alio.go.kr/recruitview.do?idx=303984,,2026-09-07 17:36:17
잡알리오,학교법인한국폴리텍,한국폴리텍대학 부산캠퍼스 2026년 청년인턴(장애) 3차 채용,"경영.회계.사무 / 사무직,계약직",신입+경력,청년인턴(체험형),부산,,2026-08-26,https://job.alio.go.kr/recruitview.do?idx=303985,,2026-09-07 17:36:17
잡알리오,한국식품안전관리인증원,2026년 하반기 신규직원 채용 공고,"보건.의료,음식서비스,건설,식품가공 / 기술직,보건직,위생직",신입+경력,"청년인턴(채용형) 
										외 1","서울 
										외 8",,2026-09-02,https://job.alio.go.kr/recruitview.do?idx=303986,,2026-09-07 17:36:18
잡알리오,학교법인한국폴리텍,한국폴리텍대학 창원캠퍼스 2026년 하반기 업무지원직(식당 단시간근로자) 3차 채용 공고,"음식서비스 / 기능직,계약직",신입+경력,비정규직,경남,,2026-08-23,https://job.alio.go.kr/recruitview.do?idx=303988,,2026-09-07 17:36:19
잡알리오,건축공간연구원,건축공간연구원 정규직(부연구위원) 모집,연구 / 연구직,신입+경력,정규직,세종,,2026-09-09,https://job.alio.go.kr/recruitview.do?idx=303987,,2026-09-07 17:36:20
잡알리오,건축공간연구원,건축공간연구원 무기직(행정원) 모집,경영.회계.사무 / 행정직,신입+경력,무기계약직,세종,,2026-09-02,https://job.alio.go.kr/recruitview.do?idx=303989,,2026-09-07 17:36:20
잡알리오,한전KDN,한전KDN(주) 대구본부 배전자동화 공사 분야 작업원 모집공고,"전기.전자,정보통신 / 기타(일용직)",신입+경력,비정규직,"대구 
										외 1",,2026-09-02,https://job.alio.go.kr/recruitview.do?idx=303990,,2026-09-07 17:36:21
잡알리오,한국물기술인증원,한국물기술인증원 2026년 제5차 기간제근로자 채용 공고,경영.회계.사무 / 사무직,신입,"비정규직 
										외 1",대구,,2026-08-31,https://job.alio.go.kr/recruitview.do?idx=303991,,2026-09-07 17:36:22
잡알리오,학교법인한국폴리텍,한국폴리텍대학 광주캠퍼스 청년인턴(장애) 채용 공고,"경영.회계.사무 / 사무직,계약직",신입+경력,청년인턴(체험형),전남광주,,2026-08-26,https://job.alio.go.kr/recruitview.do?idx=303992,,2026-09-07 17:36:23
잡알리오,학교법인한국폴리텍,2026년 한국폴리텍대학 포항캠퍼스 업무직(조리원)채용 5차공고,음식서비스 / 운영직,신입+경력,무기계약직,경북,,2026-08-28,https://job.alio.go.kr/recruitview.do?idx=303993,,2026-09-07 17:36:23
잡알리오,한전KDN,한전KDN(주) 대전충남본부 배전자동화 공사분야 작업원 모집공고,"전기.전자,정보통신 / 기타(일용직)",신입+경력,비정규직,"대전 
										외 2",,2026-09-03,https://job.alio.go.kr/recruitview.do?idx=303994,,2026-09-07 17:36:24
잡알리오,한국보훈복지의료공단,[본사] 공단 장애인 체험형 청년인턴(재택 사무보조) 통합채용 공고,경영.회계.사무 / 계약직,신입,청년인턴(체험형),"서울 
										외 4",,2026-08-28,https://job.alio.go.kr/recruitview.do?idx=303995,,2026-09-07 17:36:25
잡알리오,한전KPS(주),한전KPS(주)광주전남전력지사 순천지점 단기노무원 채용,전기.전자 / 계약직,신입+경력,비정규직,전남광주,,2026-08-24,https://job.alio.go.kr/recruitview.do?idx=303997,,2026-09-07 17:36:26
잡알리오,한전KPS(주),한전KPS(주)당진사업처 단기노무원 채용([기술부] '26년 경상정비공사 1차 채용),전기.전자 / 계약직,신입+경력,비정규직,충남,,2026-08-21,https://job.alio.go.kr/recruitview.do?idx=303996,,2026-09-07 17:36:26
잡알리오,한전KPS(주),"(수정) 한전KPS(주)당진사업처 단기노무원 채용(9,10호기 계측제어설비 경상정비공사 1차 채용)",전기.전자 / 계약직,신입+경력,비정규직,충남,,2026-08-13,https://job.alio.go.kr/recruitview.do?idx=303998,,2026-09-07 17:36:27
잡알리오,(재)한국통계진흥원,2026년 제8차 한국통계진흥원 직원 채용 공고,"경영.회계.사무,연구 / 일반직,계약직",신입+경력,"비정규직 
										외 1","서울 
										외 1",,2026-09-03,https://job.alio.go.kr/recruitview.do?idx=303999,,2026-09-07 17:36:28
잡알리오,주택관리공단(주),채용형 인턴 채용공고(주택관리공단 부산울산지사),"건설,기계,전기.전자,환경.에너지.안전 / 기술직",신입+경력,청년인턴(채용형),"부산 
										외 1",,2026-08-26,https://job.alio.go.kr/recruitview.do?idx=304000,,2026-09-07 17:36:29
잡알리오,충북대학교병원,2026년 8월 충북대학교병원 기간제근무자(응급구조사) 모집 공고,보건.의료 / 계약직,신입+경력,비정규직,충북,,2026-09-02,https://job.alio.go.kr/recruitview.do?idx=304001,,2026-09-07 17:36:30
잡알리오,한국토지주택공사,한국토지주택공사 수도권정비사업특별본부 기간제근로자(물건조사) 채용공고,"경영.회계.사무 / 행정직,계약직",신입+경력,비정규직,경기,,2026-09-03,https://job.alio.go.kr/recruitview.do?idx=304003,,2026-09-07 17:36:31
잡알리오,한국서부발전(주),한국서부발전(주) 태안발전본부 기간제 대체인력(4직급) 모집공고,"화학,환경.에너지.안전 / 계약직",경력,비정규직,충남,,2026-09-03,https://job.alio.go.kr/recruitview.do?idx=304002,,2026-09-07 17:36:31
잡알리오,한전KPS(주),(수정) 한전KPS(주) 부산경남전력지사 함안지점 단기노무원(상주감시) 모집,전기.전자 / 계약직,신입+경력,비정규직,경남,,2026-08-12,https://job.alio.go.kr/recruitview.do?idx=304004,,2026-09-07 17:36:32
잡알리오,한국산림복지진흥원,(수정)  2026년 제1회 국립춘천숲체원 육아휴직 대체근로자 채용 공고,"교육.자연.사회과학 / 운영직,계약직",신입+경력,비정규직,경기,,2026-08-11,https://job.alio.go.kr/recruitview.do?idx=304005,,2026-09-07 17:36:33
잡알리오,한국농어촌공사,한국농어촌공사 강원지역본부 일반계약직(농촌공간광역지원기관 운영) 채용 공고,사업관리 / 계약직,신입+경력,비정규직,강원,,2026-08-27,https://job.alio.go.kr/recruitview.do?idx=304006,,2026-09-07 17:36:34
잡알리오,한전KPS(주),한전KPS(주)원자력정비기술센터 단기노무원 모집(원전해체사업팀),"경영.회계.사무,기계 / 사무직,기술직,기타(현장직 )",신입+경력,비정규직,경북,,2026-08-24,https://job.alio.go.kr/recruitview.do?idx=304007,,2026-09-07 17:36:35
잡알리오,한전KPS(주),한전KPS(주)원자력정비기술센터 단기노무원 모집(성능개선팀),경영.회계.사무 / 사무직,신입+경력,비정규직,부산,,2026-08-24,https://job.alio.go.kr/recruitview.do?idx=304008,,2026-09-07 17:36:36
잡알리오,한국수자원공사,[한국수자원공사] 양주수도지사 단기계약근로자(지방상수도 시설운영_교대근무) 채용 공고,"건설,기계,전기.전자,정보통신,환경.에너지.안전 / 계약직",신입+경력,비정규직,경기,,2026-09-02,https://job.alio.go.kr/recruitview.do?idx=304009,,2026-09-07 17:36:36
잡알리오,한국문화관광연구원,한국문화관광연구원 2026년 제2차 청년인턴(장애인제한경쟁) 채용(9.2. 접수마감),"경영.회계.사무 / 사무직,계약직",신입,청년인턴(체험형),서울,,2026-09-02,https://job.alio.go.kr/recruitview.do?idx=304010,,2026-09-07 17:36:37
잡알리오,한국문화관광연구원,한국문화관광연구원 지역관광개발관리센터 휴직대체인력 채용(9.2. 접수마감),"사업관리,연구 / 연구직,계약직",신입+경력,비정규직,서울,,2026-09-02,https://job.alio.go.kr/recruitview.do?idx=304011,,2026-09-07 17:36:38
잡알리오,근로복지공단,[태백병원] 공무직(전기기계통신기사-기계분야) 채용 공고,"보건.의료,기계 / 공무직",신입,무기계약직,강원,,2026-08-26,https://job.alio.go.kr/recruitview.do?idx=304013,,2026-09-07 17:36:39
잡알리오,제주국제자유도시개발센터,2026년 기간제근로자 및 체험형청년인턴 채용 공고,경영.회계.사무 / 계약직,신입,"비정규직 
										외 1",제주,,2026-09-03,https://job.alio.go.kr/recruitview.do?idx=304014,,2026-09-07 17:36:40
잡알리오,한전KPS(주),한전KPS(주) 한울1사업처 한울1호기 제27차 계획예방정비공사 단기노무원 채용 공고(1차),"건설,기계 / 계약직",신입+경력,비정규직,경북,,2026-09-01,https://job.alio.go.kr/recruitview.do?idx=304016,,2026-09-07 17:36:41
잡알리오,한국수력원자력(주),2026년 제3차 해외원전건설처 기간제근로자(통·번역사) 채용,경영.회계.사무 / 계약직,신입+경력,비정규직,경북,,2026-09-04,https://job.alio.go.kr/recruitview.do?idx=304015,,2026-09-07 17:36:41
잡알리오,국립공원공단,[덕유산] 덕유산국립공원 가을성수기 한시인력(환경관리) 직원 채용 공고,환경.에너지.안전 / 계약직,신입+경력,비정규직,전북,,2026-08-24,https://job.alio.go.kr/recruitview.do?idx=304018,,2026-09-07 17:36:43
잡알리오,한전KPS(주),"한전KPS(주)한빛1사업처 한빛1,2호기 OH공사 단기노무원 통합채용공고","건설,기계 / 계약직",신입+경력,비정규직,전남광주,,2026-08-24,https://job.alio.go.kr/recruitview.do?idx=304019,,2026-09-07 17:36:43
잡알리오,국립공원공단,[계룡산] 2026년 계룡산국립공원사무소 국립공원지킴이(한시인력) 채용 재공고,환경.에너지.안전 / 계약직,신입+경력,비정규직,"대전 
										외 1",,2026-08-24,https://job.alio.go.kr/recruitview.do?idx=304020,,2026-09-07 17:36:44
잡알리오,국립공원공단,[소백산생태탐방원] 2026년 소백산생태탐방원 기간제(한시인력_탐방운전) 직원 채용 공고,운전.운송 / 계약직,신입+경력,비정규직,경북,,2026-08-24,https://job.alio.go.kr/recruitview.do?idx=304021,,2026-09-07 17:36:45
잡알리오,부산대학교병원,"2026년도 8월 블라인드 공개채용 계약직(간호직, 보건직, 행정직, 간호조무직, 원무직, 업무(시설)지원직) 모집 공고","보건.의료 / 행정직,간호직,보건직,기타(원무직, 간호조무직, 시설지원직)",신입+경력,비정규직,경남,,2026-09-03,https://job.alio.go.kr/recruitview.do?idx=304022,,2026-09-07 17:36:45
잡알리오,부산대학교병원,"2026년도 블라인드 공개채용 청년인턴(방사선사, 일반행정, 임상병리사, 임상심리사) 모집 공고","보건.의료 / 행정직,보건직",신입,청년인턴(체험형),경남,,2026-09-03,https://job.alio.go.kr/recruitview.do?idx=304023,,2026-09-07 17:36:46
잡알리오,한국식품안전관리인증원,2026년 KOICA 글로벌연수(동남아시아 수출입 식품 안전관리 역량강화 사업) 일용직직원 채용,경영.회계.사무 / 계약직,신입+경력,비정규직,"경기 
										외 1",,2026-08-25,https://job.alio.go.kr/recruitview.do?idx=304024,,2026-09-07 17:36:47
잡알리오,한전KPS(주),한전KPS(주)강원충북전력지사 단기노무원(춘천지점 송전업무정비보조) 채용 공고(19차),"전기.전자,환경.에너지.안전 / 계약직",신입+경력,비정규직,"경기 
										외 1",,2026-08-24,https://job.alio.go.kr/recruitview.do?idx=304025,,2026-09-07 17:36:47
잡알리오,국립중앙의료원,"의사직 전문의 채용 재공고(내분비대사내과, 중환자전담전문의)",보건.의료 / 의사직,신입+경력,정규직,서울,,2026-08-31,https://job.alio.go.kr/recruitview.do?idx=304026,,2026-09-07 17:36:48
잡알리오,국립중앙의료원,계약직 전문의 채용 재공고(소아청소년과),보건.의료 / 의사직,신입+경력,비정규직,서울,,2026-08-31,https://job.alio.go.kr/recruitview.do?idx=304027,,2026-09-07 17:36:49
잡알리오,기초과학연구원,제2026-6회 기초과학연구원 반데르발스 양자 물질 연구단 연구직 채용 공고,연구 / 연구직,신입+경력,비정규직,경북,,2026-09-07,https://job.alio.go.kr/recruitview.do?idx=304028,,2026-09-07 17:36:50
잡알리오,한전KPS(주),(수정) 한전KPS(주)부산경남전력지사 통영지점 단기노무원(상주감시) 모집,전기.전자 / 계약직,신입+경력,비정규직,경남,,2026-08-19,https://job.alio.go.kr/recruitview.do?idx=304029,,2026-09-07 17:36:51
잡알리오,한국전력국제원자력대학원대학교,2026학년도 전임교원 초빙공고,연구 / 교수직,신입,정규직,울산,,2026-09-21,https://job.alio.go.kr/recruitview.do?idx=304031,,2026-09-07 17:36:51
잡알리오,한국장애인개발원,[제2026-91호] 2026년 제6차 경상북도장애아동·발달장애인지원센터 (장애아동지원팀) 기간제 계약직 채용 공고,"사업관리,경영.회계.사무,보건.의료,사회복지.종교 / 일반직,행정직,사무직,상담직",경력,비정규직,경북,,2026-09-04,https://job.alio.go.kr/recruitview.do?idx=304032,,2026-09-07 17:36:52
잡알리오,육아정책연구소,[제2026-14호] 육아정책연구소 정규직 부연구위원 채용,연구 / 연구직,신입+경력,정규직,서울,,2026-09-02,https://job.alio.go.kr/recruitview.do?idx=304033,,2026-09-07 17:36:53
잡알리오,한국철도공사,한국철도공사 부산경남본부 2026년 기간제근로자(운전담당원) 채용공고,운전.운송 / 기술직,경력,비정규직,울산,,2026-09-03,https://job.alio.go.kr/recruitview.do?idx=304034,,2026-09-07 17:36:53
잡알리오,서울대학교병원,2026년도 서울대학교병원 하반기 신규 직원 채용 공고 (장애인 특별우대),"보건.의료 / 사무직,기술직,보건직,운영직,기타(의공직, 환경유지지원직, 시설지원직))",신입,정규직,서울,,2026-09-02,https://job.alio.go.kr/recruitview.do?idx=304035,,2026-09-07 17:36:54
잡알리오,학교법인한국폴리텍,2026년 한국폴리텍대학 영주캠퍼스 업무직(대학운영직 조리원) 채용 공고,음식서비스 / 운영직,신입+경력,무기계약직,경북,,2026-08-25,https://job.alio.go.kr/recruitview.do?idx=304036,,2026-09-07 17:36:55
잡알리오,한국수자원공사,(수정) [한국수자원공사] 2026년 물환경관리처 제2차 위촉연구직 채용 공고,"연구 / 연구직,계약직",신입+경력,비정규직,"대전 
										외 1",,2026-07-27,https://job.alio.go.kr/recruitview.do?idx=304037,,2026-09-07 17:36:56
잡알리오,울산항만공사,2026년 하반기 무기계약직(경력/시설관리) 채용 공고,"경영.회계.사무 / 일반직,사무직",경력,무기계약직,울산,,2026-09-02,https://job.alio.go.kr/recruitview.do?idx=304038,,2026-09-07 17:36:57
잡알리오,울산항만공사,"2026년 하반기 기간제계약직(운전,비서) 채용 공고","경영.회계.사무,운전.운송 / 계약직",신입,비정규직,울산,,2026-09-02,https://job.alio.go.kr/recruitview.do?idx=304039,,2026-09-07 17:36:58
잡알리오,한국환경공단,2026년도 한국환경공단 체험형 인턴(장애부문) 추가채용 공고,경영.회계.사무 / 사무직,신입,청년인턴(체험형),"서울 
										외 4",,2026-08-25,https://job.alio.go.kr/recruitview.do?idx=304041,,2026-09-07 17:36:58
잡알리오,학교법인한국폴리텍,한국폴리텍대학 원주캠퍼스 업무직(대학운영직_미화원) 채용 공고,경비.청소 / 운영직,신입+경력,무기계약직,강원,,2026-08-27,https://job.alio.go.kr/recruitview.do?idx=304042,,2026-09-07 17:36:59
잡알리오,국립공원공단,[한려해상]2026년 기간제 직원(대체인력-탐방시설) 채용 공고,환경.에너지.안전 / 계약직,신입+경력,비정규직,경남,,2026-09-02,https://job.alio.go.kr/recruitview.do?idx=304043,,2026-09-07 17:36:59
잡알리오,한국산업단지공단,2026년 하반기 신입직원 및 경력직원 채용 공고,"사업관리,경영.회계.사무,법률.경찰.소방.교도.국방,이용.숙박.여행.오락.스포츠,전기.전자,정보통신,환경.에너지.안전 / 행정직",신입+경력,정규직,"서울 
										외 15",,2026-09-03,https://job.alio.go.kr/recruitview.do?idx=304044,,2026-09-07 17:37:00
잡알리오,대한적십자사,인천적십자병원 육아휴직 대체인력(비정규직 간호사) 채용공고,보건.의료 / 간호직,신입,비정규직,인천,,2026-09-04,https://job.alio.go.kr/recruitview.do?idx=304045,,2026-09-07 17:37:01
잡알리오,대한적십자사,인천적십자병원 비정규직 보건직(임상병리사) 채용공고,보건.의료 / 보건직,신입,비정규직,인천,,2026-09-04,https://job.alio.go.kr/recruitview.do?idx=304046,,2026-09-07 17:37:01
잡알리오,대한적십자사,인천적십자병원 비정규직 보건직(물리치료사) 채용공고,보건.의료 / 보건직,신입,비정규직,인천,,2026-09-04,https://job.alio.go.kr/recruitview.do?idx=304047,,2026-09-07 17:37:02
잡알리오,대한적십자사,인천적십자병원 비정규직 고용원(사무보조원)(장애인 제한경쟁) 채용 공,보건.의료 / 기타(고용원),신입,비정규직,인천,,2026-09-03,https://job.alio.go.kr/recruitview.do?idx=304048,,2026-09-07 17:37:03
잡알리오,한국건강가정진흥원,한국건강가정진흥원 2026년 제3차 직원 채용 공고(청년인턴 체험형),"사업관리,경영.회계.사무,사회복지.종교 / 행정직",신입,청년인턴(체험형),서울,,2026-09-03,https://job.alio.go.kr/recruitview.do?idx=304049,,2026-09-07 17:37:04
잡알리오,국립생태원,2026년 국립생태원 하반기 체험형 청년인턴 채용 공고,"경영.회계.사무,건설,정보통신,환경.에너지.안전,농림어업 / 행정직,사무직,연구직,기술직,전산직,계약직",신입+경력,청년인턴(체험형),"충남 
										외 2",,2026-09-04,https://job.alio.go.kr/recruitview.do?idx=304051,,2026-09-07 17:37:04
잡알리오,한국환경보전원,대외환경협력처 환경보건팀(환경보건 분야) 기간제 직원  채용 재공고,"환경.에너지.안전 / 행정직,기타(환경보건)",신입+경력,비정규직,서울,,2026-08-30,https://job.alio.go.kr/recruitview.do?idx=304052,,2026-09-07 17:37:05
잡알리오,통일연구원,[채용] 2026년 정규직 부연구위원 공개채용 공고(제2026-08호),"사업관리,연구 / 연구직",신입+경력,정규직,서울,,2026-09-04,https://job.alio.go.kr/recruitview.do?idx=304053,,2026-09-07 17:37:06
잡알리오,대한법률구조공단,(재공고)대한법률구조공단 주택 및 상가건물임대차분쟁조정위원회 2026년 심사관 신규 채용,법률.경찰.소방.교도.국방 / 전문직,신입,비정규직,대구,,2026-08-31,https://job.alio.go.kr/recruitview.do?idx=304054,,2026-09-07 17:37:07
잡알리오,한국중부발전(주),2026년도 3차 체험형 인턴 채용공고,"경영.회계.사무,건설,기계,화학,전기.전자,정보통신,환경.에너지.안전 / 사무직,기술직",신입,청년인턴(체험형),"서울 
										외 5",,2026-09-16,https://job.alio.go.kr/recruitview.do?idx=304055,,2026-09-07 17:37:07
잡알리오,학교법인한국폴리텍,한국폴리텍대학 남인천캠퍼스 체험형 청년인턴(장애) 채용 2차 공고,경영.회계.사무 / 행정직,신입+경력,청년인턴(체험형),인천,,2026-08-30,https://job.alio.go.kr/recruitview.do?idx=304056,,2026-09-07 17:37:08
잡알리오,한국서부발전(주),2026년도 한국서부발전(주) 2차 체험형 인턴 모집공고,"경영.회계.사무,건설,기계,화학,전기.전자,정보통신 / 사무직,기술직",신입,청년인턴(체험형),"충남 
										외 1",,2026-09-03,https://job.alio.go.kr/recruitview.do?idx=304057,,2026-09-07 17:37:09
잡알리오,한국토지주택공사,한국토지주택공사 대구경북지역본부 기간제근로자(전세사기 피해자 지원 업무보조 외) 채용공고(2026-06),"경영.회계.사무,사회복지.종교 / 계약직",신입+경력,비정규직,"대구 
										외 1",,2026-09-07,https://job.alio.go.kr/recruitview.do?idx=304058,,2026-09-07 17:37:09
잡알리오,국민연금공단,베테랑 시니어지원단(기간제근로자) 공개채용 공고,경영.회계.사무 / 계약직,경력,비정규직,"서울 
										외 10",,2026-08-27,https://job.alio.go.kr/recruitview.do?idx=304059,,2026-09-07 17:37:10
잡알리오,한국문화관광연구원,한국문화관광연구원 위촉직원 채용 공고 [2026-33],"연구 / 연구직,계약직",신입,비정규직,서울,,2026-08-27,https://job.alio.go.kr/recruitview.do?idx=304060,,2026-09-07 17:37:11
잡알리오,주택관리공단(주),채용형 인턴 채용공고(주택관리공단 대구경북지사),"건설,기계,전기.전자,환경.에너지.안전 / 기술직",신입+경력,청년인턴(채용형),"대구 
										외 1",,2026-08-27,https://job.alio.go.kr/recruitview.do?idx=304061,,2026-09-07 17:37:12
잡알리오,주택관리공단(주),육아휴직 대체직 채용공고(주택관리공단 대구경북지사),경영.회계.사무 / 행정직,신입+경력,비정규직,대구,,2026-08-27,https://job.alio.go.kr/recruitview.do?idx=304062,,2026-09-07 17:37:13
잡알리오,주택관리공단(주),육아휴직 대체직 채용공고(주택관리공단 대구경북지사),"건설,기계,전기.전자,환경.에너지.안전 / 기술직",신입+경력,비정규직,경북,,2026-08-27,https://job.alio.go.kr/recruitview.do?idx=304063,,2026-09-07 17:37:13
잡알리오,부산대학교병원,"계약직(보건직,행정직) 공개채용 모집 공고","보건.의료 / 행정직,보건직",신입+경력,비정규직,부산,,2026-09-04,https://job.alio.go.kr/recruitview.do?idx=304064,,2026-09-07 17:37:14
잡알리오,한국전력공사,기간제근로자(대체인력)채용공고 (인천본부),"경영.회계.사무,전기.전자 / 사무직,기술직",신입,비정규직,"인천 
										외 1",,2026-09-03,https://job.alio.go.kr/recruitview.do?idx=304065,,2026-09-07 17:37:15
잡알리오,국립공원공단,[소백산] 소백산사무소 기간제(한시인력 수익시설) 직원 2차 채용,"경비.청소,이용.숙박.여행.오락.스포츠 / 계약직",신입+경력,비정규직,경북,,2026-08-25,https://job.alio.go.kr/recruitview.do?idx=304066,,2026-09-07 17:37:16
잡알리오,근로복지공단,[태백병원] 의료직 3급(약사) 채용 공고,보건.의료 / 약무직,경력,정규직,강원,,2026-08-31,https://job.alio.go.kr/recruitview.do?idx=304067,,2026-09-07 17:37:16
잡알리오,근로복지공단,[동해병원] 기간제 의사(산부인과) 채용 공고,보건.의료 / 계약직,신입,비정규직,강원,,2026-08-27,https://job.alio.go.kr/recruitview.do?idx=304068,,2026-09-07 17:37:17
잡알리오,근로복지공단,[재활공학연구소] 기간제(위촉연구원) 채용 공고,연구 / 계약직,신입+경력,비정규직,인천,,2026-08-27,https://job.alio.go.kr/recruitview.do?idx=304069,,2026-09-07 17:37:18
잡알리오,국립공원공단,[지리산전북] 지리산국립공원전북사무소 한시인력(탐방로보수) 채용 공고,환경.에너지.안전 / 계약직,신입+경력,비정규직,전북,,2026-08-24,https://job.alio.go.kr/recruitview.do?idx=304070,,2026-09-07 17:37:19
잡알리오,주택관리공단(주),채용형 인턴 채용공고(주택관리공단 경기남부지사),경영.회계.사무 / 행정직,신입+경력,청년인턴(채용형),경기,,2026-08-27,https://job.alio.go.kr/recruitview.do?idx=304071,,2026-09-07 17:37:19
잡알리오,대한법률구조공단,"대한법률구조공단 주택 및 상가건물임대차분쟁조정위원회 사무국장(상임위원, 광주) 신규채용 공고","경영.회계.사무,법률.경찰.소방.교도.국방 / 관리직,전문직",경력,비정규직,전남광주,,2026-09-08,https://job.alio.go.kr/recruitview.do?idx=304072,,2026-09-07 17:37:20
잡알리오,한국원자력안전기술원,한국원자력안전기술원 2026년 5차 청년인턴 공개채용 공고,"경영.회계.사무,환경.에너지.안전 / 계약직",신입,청년인턴(체험형),대전,,2026-09-04,https://job.alio.go.kr/recruitview.do?idx=304073,,2026-09-07 17:37:21
잡알리오,한국원자력안전기술원,한국원자력안전기술원 2026년 5차 청년인턴(장애) 공개채용 공고,경영.회계.사무 / 계약직,신입,청년인턴(체험형),대전,,2026-09-04,https://job.alio.go.kr/recruitview.do?idx=304074,,2026-09-07 17:37:21
잡알리오,국립암센터,국립암센터 정규직 간호직(IRB지원팀 경력직) 채용공고,보건.의료 / 간호직,경력,정규직,경기,,2026-09-04,https://job.alio.go.kr/recruitview.do?idx=304075,,2026-09-07 17:37:22
잡알리오,한전KDN,한전KDN(주) 진주지사 AMI 분야 비정규직 모집공고,"전기.전자,정보통신 / 기타(일용직)",신입+경력,비정규직,경남,,2026-09-04,https://job.alio.go.kr/recruitview.do?idx=304076,,2026-09-07 17:37:23
잡알리오,국립암센터,국립암센터 정규직 간호직(경력직) 채용공고,보건.의료 / 간호직,경력,정규직,경기,,2026-09-04,https://job.alio.go.kr/recruitview.do?idx=304077,,2026-09-07 17:37:24
잡알리오,(주)강원랜드,(수정) (주)강원랜드 2026년 추계 기간제 근로자 모집 공고,"경영.회계.사무,보건.의료,경비.청소,이용.숙박.여행.오락.스포츠,음식서비스,건설 / 계약직",신입,"비정규직 
										외 1","대전 
										외 2",,2026-08-06,https://job.alio.go.kr/recruitview.do?idx=304078,,2026-09-07 17:37:25
잡알리오,대한적십자사,대한적십자사 서울남부혈액원 비정규직 대체인력 임상병리사 채용공고,보건.의료 / 보건직,신입,비정규직,서울,,2026-09-04,https://job.alio.go.kr/recruitview.do?idx=304079,,2026-09-07 17:37:25
잡알리오,한국해양과학기술원,(수정) [제26-03-05호]한국해양과학기술원 2026년 기간제계약직(전문계약직기술원) 공개채용,"기계,전기.전자,연구 / 기술직",경력,비정규직,부산,,2026-07-24,https://job.alio.go.kr/recruitview.do?idx=304080,,2026-09-07 17:37:26
잡알리오,한국도로공사,2026년 한국도로공사 전문연구원 채용 공고,연구 / 연구직,신입+경력,무기계약직,경기,,2026-09-03,https://job.alio.go.kr/recruitview.do?idx=304081,,2026-09-07 17:37:27
잡알리오,한국도로공사,2026년 한국도로공사 전문직(건설기계전문가) 채용 공고,건설 / 전문직,신입+경력,비정규직,경북,,2026-09-03,https://job.alio.go.kr/recruitview.do?idx=304083,,2026-09-07 17:37:28
잡알리오,한국도로공사,2026년 한국도로공사 전문직(안전관리전문가) 채용 공고,건설 / 전문직,신입+경력,비정규직,경북,,2026-09-03,https://job.alio.go.kr/recruitview.do?idx=304082,,2026-09-07 17:37:28
잡알리오,한국도로공사,2026년 한국도로공사 전문직(GPR조사분석전문가) 채용 공고,건설 / 전문직,신입+경력,비정규직,경기,,2026-09-03,https://job.alio.go.kr/recruitview.do?idx=304085,,2026-09-07 17:37:29
잡알리오,한국도로공사,2026년 한국도로공사 전문직(드론안전점검전문가) 채용 공고,건설 / 전문직,신입+경력,비정규직,경남,,2026-09-03,https://job.alio.go.kr/recruitview.do?idx=304084,,2026-09-07 17:37:30
잡알리오,한국도로공사,2026년 한국도로공사 전문직(도로주행시뮬레이터) 채용 공고,건설 / 전문직,신입+경력,비정규직,경기,,2026-09-03,https://job.alio.go.kr/recruitview.do?idx=304086,,2026-09-07 17:37:31
잡알리오,정보통신기획평가원,정보통신기획평가원 직원채용(청년인턴(장애)) 공고,사업관리 / 계약직,신입+경력,청년인턴(체험형),대전,,2026-09-04,https://job.alio.go.kr/recruitview.do?idx=304087,,2026-09-07 17:37:32
잡알리오,한국장애인개발원,[제2026-90호] 2026년도 제4차 정책연구부 위촉연구원 채용 공고,"사회복지.종교,연구 / 연구직",신입+경력,비정규직,서울,,2026-09-03,https://job.alio.go.kr/recruitview.do?idx=304088,,2026-09-07 17:37:33
잡알리오,한국도로공사,한국도로공사 충주지사 기간제근로자(상황관리원) 채용공고,환경.에너지.안전 / 기타(상황관리원),신입+경력,비정규직,충북,,2026-08-27,https://job.alio.go.kr/recruitview.do?idx=304089,,2026-09-07 17:37:34
잡알리오,제주대학교병원,제주대학교병원 휴직대체 계약직(임상병리사) 수정 모집공고,보건.의료 / 계약직,신입+경력,비정규직,제주,,2026-09-03,https://job.alio.go.kr/recruitview.do?idx=304090,,2026-09-07 17:37:34
잡알리오,에너지경제연구원,[에너지경제연구원] 위촉연구원 채용공고(에너지안보정책연구실),연구 / 연구직,신입+경력,비정규직,울산,,2026-09-04,https://job.alio.go.kr/recruitview.do?idx=304091,,2026-09-07 17:37:35
잡알리오,한국교통안전공단,2026년 한국교통안전공단 개방형직위(AI서비스개발) 공모,"정보통신 / 행정직,전산직,계약직",경력,비정규직,경북,,2026-09-04,https://job.alio.go.kr/recruitview.do?idx=304092,,2026-09-07 17:37:35
잡알리오,학교법인한국폴리텍,한국폴리텍 다솜고등학교 기간제교사(생활상담) 공개채용 공고,교육.자연.사회과학 / 교원직,신입+경력,비정규직,충북,,2026-08-30,https://job.alio.go.kr/recruitview.do?idx=304093,,2026-09-07 17:37:37
잡알리오,한국항로표지기술원,한국항로표지기술원 개방형 공모직위(전략사업2처장) 채용 공고,"교육.자연.사회과학,전기.전자,정보통신,연구 / 관리직",경력,비정규직,세종,,2026-09-07,https://job.alio.go.kr/recruitview.do?idx=304094,,2026-09-07 17:37:37
잡알리오,대한적십자사,[경기혈액원] 비정규직 초단시간 임상병리사 채용 공고,보건.의료 / 보건직,신입,비정규직,경기,,2026-09-07,https://job.alio.go.kr/recruitview.do?idx=304095,,2026-09-07 17:37:38
잡알리오,대한적십자사,[경기혈액원] 대체계약직 사무보조원 (휴직 대체) 채용 공고,"보건.의료 / 행정직,사무직",신입,비정규직,경기,,2026-09-07,https://job.alio.go.kr/recruitview.do?idx=304096,,2026-09-07 17:37:39
잡알리오,한국농어촌공사,한국농어촌공사 농지은행처 계약직근로자(농지은행 상담) 일반공개경쟁 채용 공고,"사업관리,농림어업 / 계약직",신입+경력,비정규직,전남광주,,2026-09-07,https://job.alio.go.kr/recruitview.do?idx=304097,,2026-09-07 17:37:40
잡알리오,한전KPS(주),한전KPS(주)울산사업소 전기부 단기노무원 모집(1차),"경영.회계.사무,건설,전기.전자 / 계약직",신입+경력,비정규직,울산,,2026-08-25,https://job.alio.go.kr/recruitview.do?idx=304098,,2026-09-07 17:37:40
잡알리오,오송첨단의료산업진흥재단,오송첨단의료산업진흥재단 2026년 제4차 위촉직 채용 공고,"사업관리,보건.의료,환경.에너지.안전,연구 / 일반직,연구직",신입,비정규직,충북,,2026-09-04,https://job.alio.go.kr/recruitview.do?idx=304099,,2026-09-07 17:37:42
잡알리오,한국예술인복지재단,한국예술인복지재단 2026년 제6차 직원 채용 공고(기획경영본부장 계약직),"사업관리,경영.회계.사무,문화.예술.디자인.방송 / 일반직,행정직,경영직,사무직,관리직",경력,비정규직,서울,,2026-09-07,https://job.alio.go.kr/recruitview.do?idx=304100,,2026-09-07 17:37:42
잡알리오,학교법인한국폴리텍,한국폴리텍대학 남대구캠퍼스 업무직(대학운영직_조리원) 채용(4차) 공고,음식서비스 / 운영직,신입+경력,무기계약직,대구,,2026-08-31,https://job.alio.go.kr/recruitview.do?idx=304101,,2026-09-07 17:37:43
잡알리오,근로복지공단,[순천병원] 별정직 의사(재활의학과) 채용 공고,보건.의료 / 별정직,신입,정규직,전남광주,,2026-08-31,https://job.alio.go.kr/recruitview.do?idx=304102,,2026-09-07 17:37:43
잡알리오,기초과학연구원,제2026-5회 기초과학연구원 지하실험연구단 연구위원 채용 공고,연구 / 연구직,신입+경력,비정규직,대전,,2026-09-30,https://job.alio.go.kr/recruitview.do?idx=304103,,2026-09-07 17:37:45
잡알리오,근로복지공단,[태백병원] 의료직(간호사) 6급 채용 공고,보건.의료 / 간호직,신입,정규직,강원,,2026-08-31,https://job.alio.go.kr/recruitview.do?idx=304104,,2026-09-07 17:37:45
잡알리오,근로복지공단,[동해병원] 의료직(간호사) 6급 채용 공고,보건.의료 / 간호직,신입,정규직,강원,,2026-08-31,https://job.alio.go.kr/recruitview.do?idx=304106,,2026-09-07 17:37:46
잡알리오,근로복지공단,[태백병원] 의료직 7급(간호조무사) 채용 공고,보건.의료 / 간호직,신입,정규직,강원,,2026-08-31,https://job.alio.go.kr/recruitview.do?idx=304105,,2026-09-07 17:37:46
잡알리오,한국농업기술진흥원,2026년 제1차 한국농업기술진흥원  경북 상주 스마트팜 실증단지 일반계약직 채용 공고,농림어업 / 계약직,신입+경력,비정규직,경북,,2026-09-03,https://job.alio.go.kr/recruitview.do?idx=304107,,2026-09-07 17:37:48
잡알리오,한국문화관광연구원,한국문화관광연구원 위촉직원 채용 공고[2026-34],"연구 / 연구직,계약직",신입,비정규직,서울,,2026-08-28,https://job.alio.go.kr/recruitview.do?idx=304108,,2026-09-07 17:37:48
잡알리오,국민건강보험공단 일산병원,(수정) 2026년도 하반기 의과 전공의 레지던트 1년차 모집공고,보건.의료 / 의사직,신입+경력,비정규직,경기,,2026-08-12,https://job.alio.go.kr/recruitview.do?idx=304109,,2026-09-07 17:37:49
잡알리오,한전KDN,한전KDN(주) 대구본부 포항지사 AMI분야 작업원 모집공고,"전기.전자,정보통신 / 기타(일용직)",신입+경력,비정규직,"대구 
										외 1",,2026-09-07,https://job.alio.go.kr/recruitview.do?idx=304111,,2026-09-07 17:37:50
잡알리오,국민건강보험공단 일산병원,(수정) 2026년도 하반기 의과 전공의 상급년차 모집 공고,보건.의료 / 의사직,신입+경력,비정규직,경기,,2026-07-27,https://job.alio.go.kr/recruitview.do?idx=304112,,2026-09-07 17:37:51
잡알리오,한전KDN,한전KDN(주) 목포지사 AMI분야 비정규직 모집공고,정보통신 / 기타(일용직),신입+경력,비정규직,전남광주,,2026-09-08,https://job.alio.go.kr/recruitview.do?idx=304113,,2026-09-07 17:37:51
잡알리오,한전KDN,한전KDN(주) 광주전남본부 AMI분야 비정규직 모집공고,정보통신 / 기타(일용직),신입+경력,비정규직,전남광주,,2026-09-07,https://job.alio.go.kr/recruitview.do?idx=304114,,2026-09-07 17:37:52
잡알리오,한전KDN,한전KDN(주) 광주전남본부 전력통신분야 비정규직 모집공고,정보통신 / 기타(일용직),신입+경력,비정규직,전남광주,,2026-09-07,https://job.alio.go.kr/recruitview.do?idx=304115,,2026-09-07 17:37:53
잡알리오,한국언론진흥재단,한국언론진흥재단 2026년 2차 체험형 청년인턴(대구지사) 채용 공고,"사업관리,경영.회계.사무,교육.자연.사회과학,문화.예술.디자인.방송 / 일반직,기타(체험형 청년인턴)",신입,청년인턴(체험형),대구,,2026-09-04,https://job.alio.go.kr/recruitview.do?idx=304116,,2026-09-07 17:37:53
잡알리오,한국장애인개발원,[제2026-92호]2026년도 제5차 제주특별자치도장애아동·발달장애인지원센터 (장애아동지원팀) 기간제 계약직 채용 공고,"사회복지.종교 / 일반직,행정직,사무직",신입+경력,비정규직,제주,,2026-09-07,https://job.alio.go.kr/recruitview.do?idx=304117,,2026-09-07 17:37:54
잡알리오,서울올림픽기념국민체육진흥공단,(수정) 한국스포츠과학원 연구조교(지원직) 채용 공고,연구 / 기타,신입+경력,무기계약직,서울,,2026-07-27,https://job.alio.go.kr/recruitview.do?idx=304118,,2026-09-07 17:37:55
잡알리오,충북대학교병원,2026년도 제5차 충북대학교병원 신규직원 블라인드 채용 공고,"보건.의료 / 보건직,운영직",신입,정규직,충북,,2026-09-04,https://job.alio.go.kr/recruitview.do?idx=304119,,2026-09-07 17:37:56
잡알리오,한국한의약진흥원,"한국한의약진흥원 제3차 채용(정규직, 계약직 및 청년인턴)공고","사업관리,교육.자연.사회과학,보건.의료,연구 / 연구직,보건직,계약직",신입+경력,"비정규직 
										외 2","서울 
										외 2",,2026-09-07,https://job.alio.go.kr/recruitview.do?idx=304120,,2026-09-07 17:37:56
잡알리오,한전KPS(주),한전KPS(주)남제주사업소 복합ST&HRSG 계획예방정비공사 단기노무원 채용 공고,"경영.회계.사무,경비.청소,기계,전기.전자,환경.에너지.안전 / 계약직",신입+경력,비정규직,제주,,2026-08-28,https://job.alio.go.kr/recruitview.do?idx=304121,,2026-09-07 17:37:57
잡알리오,학교법인한국폴리텍,한국폴리텍대학 충주캠퍼스 업무직(대학운영직_조리원) 채용 재공고,음식서비스 / 운영직,신입+경력,무기계약직,충북,,2026-08-30,https://job.alio.go.kr/recruitview.do?idx=304122,,2026-09-07 17:37:58
잡알리오,공간정보품질관리원,"공간정보품질관리원 2026년 제3차 채용(기간제,청년인턴,휴직대체) 공고","경영.회계.사무,교육.자연.사회과학,운전.운송,건설 / 일반직,행정직,사무직,기술직",신입+경력,"비정규직 
										외 1","서울 
										외 1",,2026-09-04,https://job.alio.go.kr/recruitview.do?idx=304123,,2026-09-07 17:37:59
잡알리오,국가유산진흥원,2026년 국가유산진흥원 하반기 직원 채용,"사업관리,경영.회계.사무,문화.예술.디자인.방송,영업판매,경비.청소,음식서비스,기계,식품가공,연구 / 일반직,행정직,사무직,관리직,연구직,기술직,시설직,위생직,운영직,공무직,계약직",신입,"무기계약직 
										외 3","서울 
										외 4",,2026-09-04,https://job.alio.go.kr/recruitview.do?idx=304124,,2026-09-07 17:38:00
잡알리오,한국수력원자력(주),2026년 준법경영실 기간제근로자(사내변호사) 채용,법률.경찰.소방.교도.국방 / 계약직,경력,비정규직,서울,,2026-09-08,https://job.alio.go.kr/recruitview.do?idx=304125,,2026-09-07 17:38:00
잡알리오,근로복지공단,[정선병원] 의료직(간호사) 6급 직원 채용 공고,보건.의료 / 간호직,신입,정규직,강원,,2026-08-31,https://job.alio.go.kr/recruitview.do?idx=304126,,2026-09-07 17:38:01
잡알리오,국립공원공단,국립공원공단 기간제(사무행정) 직원 채용,"경영.회계.사무,문화.예술.디자인.방송 / 계약직",신입+경력,비정규직,강원,,2026-09-04,https://job.alio.go.kr/recruitview.do?idx=304127,,2026-09-07 17:38:02
잡알리오,근로복지공단,[정선병원] 청년(체험형)인턴 일반전형 채용 공고,보건.의료 / 계약직,신입,청년인턴(체험형),강원,,2026-08-31,https://job.alio.go.kr/recruitview.do?idx=304128,,2026-09-07 17:38:03
잡알리오,(재)우체국물류지원단,"우체국물류지원단 경인지사 부천,안양사업소 기간제(운전직) 채용 공고",운전.운송 / 기타(운전직),신입+경력,비정규직,경기,,2026-08-27,https://job.alio.go.kr/recruitview.do?idx=304129,,2026-09-07 17:38:03
잡알리오,충남대학교병원,"[세종] 2026년 8월 비정규직(계약직, 업무지원계약직) 직원 채용공고",보건.의료 / 계약직,신입+경력,비정규직,세종,,2026-09-04,https://job.alio.go.kr/recruitview.do?idx=304130,,2026-09-07 17:38:04
잡알리오,한국환경연구원,[한국환경연구원] 임시직(환경경제) 채용공고(기후대기전략연구본부 대체인력)(0821),연구 / 연구직,신입+경력,비정규직,세종,,2026-09-07,https://job.alio.go.kr/recruitview.do?idx=304131,,2026-09-07 17:38:05
잡알리오,한국수자원공사,[한국수자원공사] 청주권지사 단기계약근로자(기술관리 설비운영_배출수 처리시설) 채용 공고(육아휴직 대체인력),"기계,전기.전자,정보통신,환경.에너지.안전 / 계약직",신입+경력,비정규직,충북,,2026-09-04,https://job.alio.go.kr/recruitview.do?idx=304132,,2026-09-07 17:38:06
잡알리오,경북대학교병원,"2026년 8월 제3차 임시직원 모집 공고(원무(기계설비), 별정(임상배아))","보건.의료 / 별정직,기타(기계설비)",신입,비정규직,대구,,2026-08-26,https://job.alio.go.kr/recruitview.do?idx=304134,,2026-09-07 17:38:07
잡알리오,한국수자원공사,[한국수자원공사] 청주권지사 단기계약근로자(사무관리_국유재산 관리) 채용 공고,경영.회계.사무 / 계약직,신입+경력,비정규직,충북,,2026-09-04,https://job.alio.go.kr/recruitview.do?idx=304133,,2026-09-07 17:38:07
잡알리오,한국보훈복지의료공단,[광주보훈병원] 계약직 업무지원직(고객지원_간병지원) - 휴직대체 직원 채용 공고,보건.의료 / 기타(업무지원직),신입+경력,비정규직,전남광주,,2026-08-31,https://job.alio.go.kr/recruitview.do?idx=304135,,2026-09-07 17:38:08
잡알리오,한국보훈복지의료공단,[광주보훈병원] 계약직 기능직(행정) - 휴직대체 직원 채용 공고,보건.의료 / 행정직,신입+경력,비정규직,전남광주,,2026-08-31,https://job.alio.go.kr/recruitview.do?idx=304136,,2026-09-07 17:38:09
잡알리오,대한체육회,"[대한체육회] 4차 계약직 직원 공개채용(사무행정, 조리사, 간호사)","경영.회계.사무,보건.의료,음식서비스 / 사무직,간호직,계약직,기타(조리직)",신입,비정규직,"서울 
										외 2",,2026-09-04,https://job.alio.go.kr/recruitview.do?idx=304137,,2026-09-07 17:38:10
잡알리오,한국원자력통제기술원,(수정) 2026년 제3차 한국원자력통제기술원 비정규직 채용,"경영.회계.사무,교육.자연.사회과학,환경.에너지.안전,연구 / 계약직",신입,"비정규직 
										외 1",대전,,2026-07-30,https://job.alio.go.kr/recruitview.do?idx=304138,,2026-09-07 17:38:10
잡알리오,대한적십자사,경인권역재활병원 정규직 간호사 채용 공고(2026.10.1.임용),보건.의료 / 간호직,신입,정규직,인천,,2026-09-06,https://job.alio.go.kr/recruitview.do?idx=304139,,2026-09-07 17:38:11
잡알리오,대한적십자사,경인권역재활병원 비정규직(기간제) 간호조무사 채용 공고(2026.10.1.임용),보건.의료 / 기능직,신입,비정규직,인천,,2026-09-06,https://job.alio.go.kr/recruitview.do?idx=304140,,2026-09-07 17:38:12
잡알리오,대한적십자사,경인권역재활병원 비정규직(기간제) 물리치료사 채용 공고(2026.10.1.임용),보건.의료 / 보건직,신입,비정규직,인천,,2026-09-06,https://job.alio.go.kr/recruitview.do?idx=304141,,2026-09-07 17:38:12
잡알리오,대한적십자사,경인권역재활병원 비정규직(대체인력) 작업치료사 채용 공고(2026.10.1.임용),보건.의료 / 보건직,신입,비정규직,인천,,2026-09-06,https://job.alio.go.kr/recruitview.do?idx=304142,,2026-09-07 17:38:13
잡알리오,세종학당재단,"2026년 세종학당재단 하반기 무기계약직, 일반계약직 채용 공고","사업관리,경영.회계.사무,교육.자연.사회과학 / 일반직,행정직,사무직",신입+경력,"무기계약직 
										외 1",서울,,2026-09-07,https://job.alio.go.kr/recruitview.do?idx=304143,,2026-09-07 17:38:14
잡알리오,(재)우체국물류지원단,2026년도 우체국물류지원단 4분기 정기채용(개방형직위_운송사업처장) 공고,"사업관리,경영.회계.사무 / 사무직,관리직,계약직",경력,정규직,서울,,2026-09-04,https://job.alio.go.kr/recruitview.do?idx=304144,,2026-09-07 17:38:15
잡알리오,(재)우체국물류지원단,2026년도 우체국물류지원단 4분기 정기채용(개방형직위_원주사업소장) 공고,"사업관리,경영.회계.사무,운전.운송 / 사무직,관리직,계약직",경력,정규직,강원,,2026-09-04,https://job.alio.go.kr/recruitview.do?idx=304145,,2026-09-07 17:38:16
잡알리오,(재)우체국물류지원단,"2026년도 우체국물류지원단 4분기 정기채용(사무직 행정, 5급) 공고","경영.회계.사무 / 행정직,사무직",경력,정규직,서울,,2026-09-04,https://job.alio.go.kr/recruitview.do?idx=304146,,2026-09-07 17:38:17
잡알리오,(재)우체국물류지원단,"2026년도 우체국물류지원단 4분기 정기채용(기술직 안전, 선임급) 공고","경영.회계.사무,환경.에너지.안전 / 행정직,기술직",경력,정규직,서울,,2026-09-04,https://job.alio.go.kr/recruitview.do?idx=304147,,2026-09-07 17:38:17
잡알리오,(재)우체국물류지원단,"2026년도 우체국물류지원단 4분기 정기채용(기술직 마케팅, 선임급) 공고","경영.회계.사무,영업판매 / 기술직,기타(마케팅)",경력,정규직,서울,,2026-09-04,https://job.alio.go.kr/recruitview.do?idx=304148,,2026-09-07 17:38:19
잡알리오,(재)우체국물류지원단,2026년도 우체국물류지원단 4분기 정기채용(공무직_소포) 공고,운전.운송 / 공무직,경력,무기계약직,서울,,2026-09-04,https://job.alio.go.kr/recruitview.do?idx=304149,,2026-09-07 17:38:19
잡알리오,한전KPS(주),한전KPS(주) 서울경기전력지사 양주지점 단기노무원(벌목공) 모집,전기.전자 / 기타(벌목공),신입+경력,비정규직,경기,,2026-08-26,https://job.alio.go.kr/recruitview.do?idx=304150,,2026-09-07 17:38:20
잡알리오,영화진흥위원회,2026년 공무직(부산촬영소 미화) 공개채용 공고,경비.청소 / 공무직,신입,무기계약직,부산,,2026-09-08,https://job.alio.go.kr/recruitview.do?idx=304151,,2026-09-07 17:38:21
잡알리오,국립암센터,국립암센터 부속병원 입원전담전문의(내과) 초빙 공고,보건.의료 / 의사직,신입+경력,비정규직,경기,,2026-09-08,https://job.alio.go.kr/recruitview.do?idx=304152,,2026-09-07 17:38:21
잡알리오,국립암센터,국립암센터 부속병원 당직전담의사 초빙공고,보건.의료 / 의사직,신입+경력,비정규직,경기,,2026-09-08,https://job.alio.go.kr/recruitview.do?idx=304153,,2026-09-07 17:38:22
잡알리오,국립암센터,국립암센터 부속병원 호흡기내과 임상스텝전문의 초빙공고,보건.의료 / 의사직,신입+경력,비정규직,경기,,2026-09-08,https://job.alio.go.kr/recruitview.do?idx=304154,,2026-09-07 17:38:23
잡알리오,영화진흥위원회,2026년 공무직(부산촬영소 경비) 공개채용 공고,경비.청소 / 공무직,신입,무기계약직,부산,,2026-09-08,https://job.alio.go.kr/recruitview.do?idx=304155,,2026-09-07 17:38:23
잡알리오,한국보훈복지의료공단,[광주보훈요양원] 2026년 제2차 정규직 사회복지직5급(간호사) 직원 채용 공고,"보건.의료,사회복지.종교 / 기타(사회복지직)",경력,정규직,전남광주,,2026-09-07,https://job.alio.go.kr/recruitview.do?idx=304156,,2026-09-07 17:38:25
잡알리오,한국환경공단,"한국환경공단 수도권동부환경본부 환경시설관리처 기간제 근로자(촉탁직, 일용직) 채용 공고","경영.회계.사무,건설,환경.에너지.안전 / 계약직",신입+경력,비정규직,"경기 
										외 1",,2026-09-07,https://job.alio.go.kr/recruitview.do?idx=304157,,2026-09-07 17:38:25
잡알리오,한전KDN,한전KDN(주) 부산본부 미터링사업팀 AMI 일괄위탁 작업원 모집공고(26-7차),정보통신 / 기타(일용직),신입+경력,비정규직,부산,,2026-09-07,https://job.alio.go.kr/recruitview.do?idx=304158,,2026-09-07 17:38:26
잡알리오,한전KPS(주),한전KPS(주)새울1사업처 경상 사무보조단기노무원 채용공고,경영.회계.사무 / 사무직,신입+경력,비정규직,울산,,2026-09-01,https://job.alio.go.kr/recruitview.do?idx=304159,,2026-09-07 17:38:26
잡알리오,한국국제보건의료재단,한국국제보건의료재단 [2026-3호] 직원채용,"사업관리,경영.회계.사무 / 일반직,행정직,사무직",신입+경력,"비정규직 
										외 2","서울 
										외 1",,2026-09-08,https://job.alio.go.kr/recruitview.do?idx=304160,,2026-09-07 17:38:27
잡알리오,한국청소년활동진흥원,2026년 제1차(재공고) 한국청소년활동진흥원 개방형 직위 채용 공고,"경영.회계.사무,사회복지.종교 / 경영직",경력,비정규직,전남광주,,2026-09-08,https://job.alio.go.kr/recruitview.do?idx=304161,,2026-09-07 17:38:28
잡알리오,충남대학교병원,[대전] 2026년 8월 충남대학교병원 원무직(취사) 공개채용 공고,보건.의료 / 위생직,신입,정규직,대전,,2026-09-07,https://job.alio.go.kr/recruitview.do?idx=304162,,2026-09-07 17:38:28
잡알리오,한국장애인고용공단,"[한국장애인고용공단 대구지역본부, 경북지사] 기간제 대체근로자(체험형 청년인턴) 채용 공고","교육.자연.사회과학 / 사무직,기타(교사직)",신입+경력,"비정규직 
										외 1","대구 
										외 1",,2026-09-02,https://job.alio.go.kr/recruitview.do?idx=304163,,2026-09-07 17:38:29
잡알리오,한국청소년활동진흥원,2026년 제2차 한국청소년활동진흥원 개방형 직위 채용 공고,"경영.회계.사무,사회복지.종교 / 경영직",경력,비정규직,"경북 
										외 1",,2026-09-08,https://job.alio.go.kr/recruitview.do?idx=304164,,2026-09-07 17:38:31
잡알리오,부산대학교병원,2026년도 계약직의사 상시모집(7차) 공개채용 모집 공고,보건.의료 / 의사직,신입+경력,비정규직,경남,,2026-12-31,https://job.alio.go.kr/recruitview.do?idx=304165,,2026-09-07 17:38:31
잡알리오,충남대학교병원,"[대전] 2026년 8월 계약직(장애인) 수납안내, 검진보조, 주차통제 채용공고",보건.의료 / 기능직,신입,비정규직,대전,,2026-09-07,https://job.alio.go.kr/recruitview.do?idx=304166,,2026-09-07 17:38:32
잡알리오,근로복지공단,[동해병원] 기간제 의사(진단검사의학과 또는 병리과) 채용 공고,보건.의료 / 계약직,신입,비정규직,강원,,2026-08-31,https://job.alio.go.kr/recruitview.do?idx=304168,,2026-09-07 17:38:32
잡알리오,근로복지공단,[동해병원] 기간제 의사(응급실전담의) 채용 공고,보건.의료 / 계약직,신입,비정규직,강원,,2026-08-31,https://job.alio.go.kr/recruitview.do?idx=304169,,2026-09-07 17:38:33
잡알리오,근로복지공단,(수정) [인천병원] 기간제(의공기사) 채용 공고,보건.의료 / 계약직,신입,비정규직,인천,,2026-08-06,https://job.alio.go.kr/recruitview.do?idx=304170,,2026-09-07 17:38:34
잡알리오,한전KPS(주),한전KPS(주)울산사업소 단기노무원 모집(1차),"경영.회계.사무,경비.청소,건설,기계 / 계약직",신입+경력,비정규직,울산,,2026-08-27,https://job.alio.go.kr/recruitview.do?idx=304171,,2026-09-07 17:38:35
잡알리오,독립기념관,2026년 독립기념관 개방형직위(사무처장) 채용공고,"사업관리,경영.회계.사무,문화.예술.디자인.방송 / 경영직,관리직",경력,정규직,충남,,2026-09-08,https://job.alio.go.kr/recruitview.do?idx=304172,,2026-09-07 17:38:36
잡알리오,한국도로공사,한국도로공사 원주지사 기간제근로자(운전원) 채용공고,운전.운송 / 기타(운전원),신입+경력,비정규직,강원,,2026-08-31,https://job.alio.go.kr/recruitview.do?idx=304173,,2026-09-07 17:38:37
잡알리오,한전KDN,한전KDN(주) 강원사업처 AMI분야 비정규직(장애인) 모집공고,정보통신 / 계약직(일용직 ),신입+경력,비정규직,강원,,2026-09-08,https://job.alio.go.kr/recruitview.do?idx=304174,,2026-09-07 17:38:37
잡알리오,한국원자력의학원,한국원자력의학원 정규직 직원 채용(이비인후과),보건.의료 / 보건직,신입,정규직,서울,,2026-09-08,https://job.alio.go.kr/recruitview.do?idx=304175,,2026-09-07 17:38:38
잡알리오,한국도로공사,한국도로공사 창녕지사 기간제근로자(안전순찰원) 채용공고,운전.운송 / 기타(안전순찰원),신입+경력,비정규직,경남,,2026-08-31,https://job.alio.go.kr/recruitview.do?idx=304176,,2026-09-07 17:38:39
잡알리오,한국도로공사,한국도로공사 진주지사 기간제근로자(안전순찰원) 채용공고,운전.운송 / 기타(안전순찰원),신입+경력,비정규직,경남,,2026-08-31,https://job.alio.go.kr/recruitview.do?idx=304177,,2026-09-07 17:38:40
잡알리오,한국보건산업진흥원,2026년 하반기 신규직원(채용형인턴) 채용 공고,"사업관리,경영.회계.사무 / 일반직,사무직,전문직",신입,청년인턴(채용형),충북,,2026-09-07,https://job.alio.go.kr/recruitview.do?idx=304178,,2026-09-07 17:38:41
잡알리오,한전KDN,한전KDN(주) 원전인프라부 프로젝트계약근로자 채용공고,정보통신 / 계약직,신입+경력,비정규직,"대전 
										외 1",,2026-09-07,https://job.alio.go.kr/recruitview.do?idx=304179,,2026-09-07 17:38:42
잡알리오,대한적십자사,2026년도 혈장분획센터 비정규직(육아휴직대체 / 연구원) 채용 공고,연구 / 연구직,신입,비정규직,충북,,2026-09-10,https://job.alio.go.kr/recruitview.do?idx=304180,,2026-09-07 17:38:42
잡알리오,한전KPS(주),한전KPS(주) 대구사업소 단기노무원 채용 3차('26년도 대구 열병합발전시설 정기점검보수공사),환경.에너지.안전 / 계약직,신입+경력,비정규직,대구,,2026-08-26,https://job.alio.go.kr/recruitview.do?idx=304181,,2026-09-07 17:38:43
잡알리오,학교법인한국폴리텍,한국폴리텍대학 성남캠퍼스 업무직(대학운영직_조리사 및 조리원) 채용 공고,음식서비스 / 운영직,신입+경력,무기계약직,경기,,2026-09-03,https://job.alio.go.kr/recruitview.do?idx=304182,,2026-09-07 17:38:43
잡알리오,한국에너지기술평가원,2026년도 제3차 신규직원 채용 공고,"사업관리,경영.회계.사무,법률.경찰.소방.교도.국방,환경.에너지.안전 / 일반직,행정직,경영직,사무직,계약직,전문직",신입+경력,"비정규직 
										외 1",서울,,2026-09-11,https://job.alio.go.kr/recruitview.do?idx=304183,,2026-09-07 17:38:44
잡알리오,학교법인한국폴리텍,[한국폴리텍대학 성남캠퍼스] 2026년도 체험형 청년인턴 제한경쟁[장애] 채용 공고,경영.회계.사무 / 행정직,신입+경력,청년인턴(체험형),경기,,2026-09-03,https://job.alio.go.kr/recruitview.do?idx=304185,,2026-09-07 17:38:45
잡알리오,한전KPS(주),[동탄26-3] 2026년도 동탄 정기점검보수공사 일용노무원 채용공고(동탄),"경영.회계.사무,경비.청소,기계,전기.전자 / 계약직",신입+경력,비정규직,경기,,2026-08-26,https://job.alio.go.kr/recruitview.do?idx=304184,,2026-09-07 17:38:45
잡알리오,한국과학기술기획평가원,한국과학기술기획평가원 제2026-4회 위촉연구직 공개채용,"사업관리,경영.회계.사무,교육.자연.사회과학,법률.경찰.소방.교도.국방,기계,재료,화학,섬유.의복,전기.전자,정보통신,환경.에너지.안전,연구 / 연구직,계약직",신입+경력,비정규직,충북,,2026-09-08,https://job.alio.go.kr/recruitview.do?idx=304186,,2026-09-07 17:38:47
잡알리오,한국보건산업진흥원,2026년 3분기 계약직원(휴직대체 등) 채용 공고,"사업관리,경영.회계.사무 / 사무직,계약직",신입,"비정규직 
										외 1",충북,,2026-09-07,https://job.alio.go.kr/recruitview.do?idx=304188,,2026-09-07 17:38:47
잡알리오,한국환경연구원,[한국환경연구원] 2026년 제13차 인턴직 채용공고,경영.회계.사무 / 행정직,신입+경력,청년인턴(체험형),세종,,2026-09-08,https://job.alio.go.kr/recruitview.do?idx=304189,,2026-09-07 17:38:48
잡알리오,한국보건산업진흥원,2026년 3분기 계약직원(용역사업) 채용 공고,"사업관리 / 사무직,계약직",신입,비정규직,서울,,2026-09-07,https://job.alio.go.kr/recruitview.do?idx=304190,,2026-09-07 17:38:49
잡알리오,(재)우체국물류지원단,"2026년 우체국물류지원단 제한경쟁채용(발착공무직, 취업지원대상자 보훈) 공고",운전.운송 / 공무직,신입+경력,무기계약직,"서울 
										외 2",,2026-09-07,https://job.alio.go.kr/recruitview.do?idx=304191,,2026-09-07 17:38:50
잡알리오,한국산업기술시험원,2026년 한국산업기술시험원 정규직 채용 공고,"경영.회계.사무,교육.자연.사회과학,건설,기계,재료,화학,전기.전자,정보통신,환경.에너지.안전 / 행정직,사무직,연구직,기술직",신입,"무기계약직 
										외 2","서울 
										외 6",,2026-09-08,https://job.alio.go.kr/recruitview.do?idx=304192,,2026-09-07 17:38:51
잡알리오,한국에너지기술평가원,2026년도 제2차 에너지기술 R&D PD(Program Director) 초빙 공고,사업관리 / 연구직,경력,비정규직,서울,,2026-09-10,https://job.alio.go.kr/recruitview.do?idx=304193,,2026-09-07 17:38:51
잡알리오,한국보건산업진흥원,2026년 3분기 계약직원(연구사업관리전문가(PD)) 채용 공고,"사업관리 / 사무직,계약직",신입,비정규직,충북,,2026-09-07,https://job.alio.go.kr/recruitview.do?idx=304194,,2026-09-07 17:38:52
잡알리오,(재)우체국물류지원단,"2026년 우체국물류지원단 제한경쟁채용(발착공무직, 북한이탈주민) 공고",운전.운송 / 공무직,신입+경력,무기계약직,"서울 
										외 2",,2026-09-07,https://job.alio.go.kr/recruitview.do?idx=304195,,2026-09-07 17:38:53
잡알리오,(재)우체국물류지원단,"2026년 우체국물류지원단 제한경쟁채용(체험형 인턴, 다문화가정) 공고","경영.회계.사무 / 행정직,사무직",신입+경력,비정규직,"서울 
										외 1",,2026-09-07,https://job.alio.go.kr/recruitview.do?idx=304196,,2026-09-07 17:38:53
잡알리오,분당서울대학교병원,"분당서울대학교병원 직원(계약사무직, 계약간호직, 계약보건직) 채용공고","보건.의료 / 사무직,간호직,보건직",신입+경력,비정규직,경기,,2026-09-02,https://job.alio.go.kr/recruitview.do?idx=304197,,2026-09-07 17:38:54
잡알리오,(재)우체국물류지원단,"2026년 우체국물류지원단 제한경쟁채용(체험형인턴, 자립준비청년) 공고","경영.회계.사무 / 행정직,사무직",신입+경력,비정규직,"서울 
										외 1",,2026-09-07,https://job.alio.go.kr/recruitview.do?idx=304198,,2026-09-07 17:38:55
잡알리오,분당서울대학교병원,분당서울대학교병원 직원(계약전문연구요원) 채용공고,보건.의료 / 연구직,신입,비정규직,경기,,2026-09-02,https://job.alio.go.kr/recruitview.do?idx=304199,,2026-09-07 17:38:56
잡알리오,분당서울대학교병원,분당서울대학교병원 단시간일반직 채용공고,보건.의료 / 보건직,신입,비정규직,경기,,2026-09-02,https://job.alio.go.kr/recruitview.do?idx=304200,,2026-09-07 17:38:56
잡알리오,분당서울대학교병원,분당서울대학교병원 단시간업무지원직 채용공고,보건.의료 / 보건직,신입,비정규직,경기,,2026-09-02,https://job.alio.go.kr/recruitview.do?idx=304201,,2026-09-07 17:38:57
잡알리오,분당서울대학교병원,분당서울대학교병원 단시간일반직(선임급연구원) 채용공고,보건.의료 / 연구직,신입,비정규직,경기,,2026-09-02,https://job.alio.go.kr/recruitview.do?idx=304202,,2026-09-07 17:38:58
잡알리오,한국보훈복지의료공단,"[부산보훈병원] 계약직(청능사, 행정, 약무보조) 긴급채용공고",보건.의료 / 계약직,신입+경력,비정규직,부산,,2026-09-04,https://job.alio.go.kr/recruitview.do?idx=304203,,2026-09-07 17:38:59
잡알리오,한국보훈복지의료공단,[부산보훈병원] 업무지원직(급식) 긴급채용공고,보건.의료 / 기타(업무지원직),신입+경력,무기계약직,부산,,2026-09-04,https://job.alio.go.kr/recruitview.do?idx=304204,,2026-09-07 17:38:59
잡알리오,한국보훈복지의료공단,[부산보훈병원] 청년인턴(체험형-일반) 긴급채용공고,보건.의료 / 기타(청년인턴(체험형)),신입+경력,청년인턴(체험형),부산,,2026-09-04,https://job.alio.go.kr/recruitview.do?idx=304205,,2026-09-07 17:39:00
잡알리오,한국보훈복지의료공단,"[부산보훈병원] 전문의(영상의학과, 치과) 긴급채용공고",보건.의료 / 의사직,신입+경력,비정규직,부산,,2026-09-04,https://job.alio.go.kr/recruitview.do?idx=304206,,2026-09-07 17:39:01
잡알리오,국립공원공단,[팔공산동부] 2026년 팔공산국립공원동부사무소 한시인력(환경관리) 직원 채용(2차),경비.청소 / 계약직,신입,비정규직,대구,,2026-09-07,https://job.alio.go.kr/recruitview.do?idx=304207,,2026-09-07 17:39:01
잡알리오,한국장애인개발원,[제2026-93호] 2026년도 제7차 강원특별자치도장애아동·발달장애인지원센터 기간제 계약직 채용 공고,"사회복지.종교 / 일반직,행정직,사무직",신입+경력,비정규직,강원,,2026-09-07,https://job.alio.go.kr/recruitview.do?idx=304208,,2026-09-07 17:39:02
잡알리오,서울올림픽기념국민체육진흥공단,한국스포츠과학원 초빙연구원(가급) 채용 공고-2026년 스포츠과학 코칭 아카데미 개설 및 운영,연구 / 계약직,신입+경력,비정규직,서울,,2026-09-08,https://job.alio.go.kr/recruitview.do?idx=304209,,2026-09-07 17:39:03
잡알리오,한국농업기술진흥원,2026년도 한국농업기술진흥원 종묘사업팀 제2차 기간제 근로자(일반계약직) 채용 공고,농림어업 / 계약직,신입+경력,비정규직,전북,,2026-09-08,https://job.alio.go.kr/recruitview.do?idx=304210,,2026-09-07 17:39:04
잡알리오,영화진흥위원회,2026년 건축직(일반계약직) 공개채용 재공고,"경영.회계.사무,문화.예술.디자인.방송,건설 / 기술직",경력,비정규직,부산,,2026-09-09,https://job.alio.go.kr/recruitview.do?idx=304211,,2026-09-07 17:39:04
잡알리오,학교법인한국폴리텍,한국폴리택대학 서울정수캠퍼스 하반기 업무지원직(식당보조원) 채용 공고,음식서비스 / 기타(단시간근로자),신입+경력,비정규직,서울,,2026-09-02,https://job.alio.go.kr/recruitview.do?idx=304212,,2026-09-07 17:39:05
잡알리오,한국언론진흥재단,한국언론진흥재단 2026년 4차 휴직자 대체 계약직 채용 공고,"사업관리,경영.회계.사무,교육.자연.사회과학,문화.예술.디자인.방송 / 계약직,기타",신입,비정규직,"서울 
										외 1",,2026-09-08,https://job.alio.go.kr/recruitview.do?idx=304213,,2026-09-07 17:39:05
잡알리오,학교법인한국폴리텍,한국폴리텍대학 서울정수캠퍼스 체험형 청년인턴(일반) 채용 공고,경영.회계.사무 / 행정직,신입+경력,청년인턴(체험형),서울,,2026-09-02,https://job.alio.go.kr/recruitview.do?idx=304214,,2026-09-07 17:39:06
잡알리오,영화진흥위원회,2026년 공무직(시설관리) 공개채용 공고,"경영.회계.사무,전기.전자,환경.에너지.안전 / 공무직",신입,무기계약직,부산,,2026-09-09,https://job.alio.go.kr/recruitview.do?idx=304215,,2026-09-07 17:39:07
잡알리오,근로복지공단,[순천병원] 별정직 의사(내과) 채용 공고,보건.의료 / 별정직,신입,정규직,전남광주,,2026-09-04,https://job.alio.go.kr/recruitview.do?idx=304216,,2026-09-07 17:39:08
잡알리오,근로복지공단,[순천병원] 기간제 의사(응급의학과) 채용 공고,보건.의료 / 계약직,신입,비정규직,전남광주,,2026-09-04,https://job.alio.go.kr/recruitview.do?idx=304217,,2026-09-07 17:39:09
잡알리오,한국장애인고용공단,[한국장애인고용공단 광주지역본부]2026년 체험형 청년인턴(대체근로자) 채용,"경영.회계.사무,사회복지.종교 / 사무직,계약직,상담직,기타(기업지원 사업 업무 전반)",신입+경력,"비정규직 
										외 1",전남광주,,2026-09-03,https://job.alio.go.kr/recruitview.do?idx=304218,,2026-09-07 17:39:09
잡알리오,국립생태원,2026년 제1차 국립생태원 기간제근로자(육아휴직 대체) 채용 공고,"경영.회계.사무,교육.자연.사회과학,운전.운송,정보통신,환경.에너지.안전 / 행정직,사무직,연구직,전산직,교원직,계약직,기타(운전직)",신입+경력,비정규직,"충남 
										외 3",,2026-09-11,https://job.alio.go.kr/recruitview.do?idx=304219,,2026-09-07 17:39:10
잡알리오,대한적십자사,[강원혈액원] 2026년 대체인력(사무보조) 채용 공고(1),"경영.회계.사무 / 일반직,행정직,사무직,기능직",신입,비정규직,강원,,2026-09-14,https://job.alio.go.kr/recruitview.do?idx=304220,,2026-09-07 17:39:11
잡알리오,한국환경공단,2026년도 한국환경공단 신입직원 채용 공고,"경영.회계.사무,법률.경찰.소방.교도.국방,건설,기계,전기.전자,환경.에너지.안전 / 사무직,기술직,공무직",신입,"무기계약직 
										외 1","서울 
										외 15",,2026-09-08,https://job.alio.go.kr/recruitview.do?idx=304222,,2026-09-07 17:39:12
잡알리오,대한적십자사,[강원혈액원] 2026년 대체인력(사무보조) 채용 공고(2),"경영.회계.사무 / 일반직,행정직,사무직,기능직",신입,비정규직,강원,,2026-09-14,https://job.alio.go.kr/recruitview.do?idx=304221,,2026-09-07 17:39:12
잡알리오,국립공원공단,[다도해해상]20206년 다도해해상 한시인력(환경관리(해양)) 직원 채용(3차),환경.에너지.안전 / 계약직,신입+경력,비정규직,전남광주,,2026-08-31,https://job.alio.go.kr/recruitview.do?idx=304223,,2026-09-07 17:39:14
잡알리오,한국전력공사,기간제 근로자(대체인력) 채용공고 [경기북부본부 남양주지사],"경영.회계.사무,전기.전자 / 사무직,기술직",신입,비정규직,경기,,2026-09-09,https://job.alio.go.kr/recruitview.do?idx=304224,,2026-09-07 17:39:15
잡알리오,한국전력공사,2026년 제3차 장애인 체험형 인턴 채용공고 [경기북부본부],경영.회계.사무 / 사무직,신입,청년인턴(체험형),경기,,2026-09-09,https://job.alio.go.kr/recruitview.do?idx=304225,,2026-09-07 17:39:15
잡알리오,국립생태원,(수정) 2026년 국립생태원 신규직원 채용 공고,"경영.회계.사무,교육.자연.사회과학,문화.예술.디자인.방송,운전.운송,경비.청소,이용.숙박.여행.오락.스포츠,음식서비스,건설,기계,정보통신,환경.에너지.안전,농림어업 / 일반직,행정직,관리직,연구직,기술직,시설직,전",신입+경력,"무기계약직 
										외 2","충남 
										외 2",,2026-09-09,https://job.alio.go.kr/recruitview.do?idx=304226,,2026-09-07 17:39:16
잡알리오,학교법인한국폴리텍,한국폴리텍대학 대전캠퍼스 청년인턴(장애) 채용 재공고,"경영.회계.사무,교육.자연.사회과학 / 사무직,계약직",신입+경력,청년인턴(체험형),대전,,2026-09-07,https://job.alio.go.kr/recruitview.do?idx=304227,,2026-09-07 17:39:17
잡알리오,학교법인한국폴리텍,한국폴리텍대학 대전캠퍼스 업무직(대학운영직_조리원) 채용 재공고(2차),음식서비스 / 운영직,신입+경력,무기계약직,대전,,2026-09-07,https://job.alio.go.kr/recruitview.do?idx=304228,,2026-09-07 17:39:17
잡알리오,한국법무보호복지공단,2026년 한국법무보호복지공단 경기남부지부 보호직(육아휴직대체직) 공개경쟁채용시험 공고,"경영.회계.사무,사회복지.종교 / 행정직,사무직,계약직",신입,비정규직,경기,,2026-09-11,https://job.alio.go.kr/recruitview.do?idx=304229,,2026-09-07 17:39:18
잡알리오,대한적십자사,2026년도 대한적십자사 충청북도지사 비정규직(육아휴직 대체인력) 사무보조원 채용공고,경영.회계.사무 / 기능직,신입,비정규직,충북,,2026-09-09,https://job.alio.go.kr/recruitview.do?idx=304231,,2026-09-07 17:39:19
잡알리오,중소벤처기업진흥공단,2026년 하반기 중소벤처기업진흥공단 일반직(신입·경력) 채용 공고,"사업관리,경영.회계.사무,금융.보험,법률.경찰.소방.교도.국방,문화.예술.디자인.방송,영업판매,기계,재료,화학,전기.전자,정보통신,환경.에너지.안전 / 일반직",신입+경력,정규직,"서울 
										외 16",,2026-09-10,https://job.alio.go.kr/recruitview.do?idx=304230,,2026-09-07 17:39:19
잡알리오,극지연구소,2026년 대한민국 남극과학기지 월동연구대 채용 재공고(기계설비 분야),"기계 / 시설직,운영직,계약직",경력,비정규직,해외,,2026-09-09,https://job.alio.go.kr/recruitview.do?idx=304233,,2026-09-07 17:39:20
잡알리오,(재)우체국물류지원단,"우체국물류지원단 부산지사 부산,울산사업소 기간제(운전직, 대체인력) 채용 공고",운전.운송 / 기타(운전직),신입+경력,비정규직,"부산 
										외 1",,2026-09-01,https://job.alio.go.kr/recruitview.do?idx=304232,,2026-09-07 17:39:21
잡알리오,국립암센터,청년인턴 채용공고[260825],보건.의료 / 계약직,신입+경력,청년인턴(체험형),경기,,2026-09-09,https://job.alio.go.kr/recruitview.do?idx=304234,,2026-09-07 17:39:22
잡알리오,한전KPS(주),한전KPS(주)강원충북전력지사 단기노무원(강릉지점 송전업무정비보조) 채용 공고 (21차),"전기.전자,환경.에너지.안전 / 계약직",신입+경력,비정규직,강원,,2026-08-28,https://job.alio.go.kr/recruitview.do?idx=304236,,2026-09-07 17:39:23
잡알리오,한전KPS(주),한전KPS(주)강원충북전력지사 단기노무원(동해지점 상주감시) 채용 공고 (20차),"건설,전기.전자 / 계약직",신입+경력,비정규직,강원,,2026-08-28,https://job.alio.go.kr/recruitview.do?idx=304235,,2026-09-07 17:39:23
잡알리오,국립암센터,국립암센터 정규직 사무직 채용공고,경영.회계.사무 / 사무직,신입,정규직,경기,,2026-09-11,https://job.alio.go.kr/recruitview.do?idx=304237,,2026-09-07 17:39:24
잡알리오,대구경북첨단의료산업진흥재단,2026 제2차 대구경북첨단의료산업진흥재단 직원 채용공고(연구직),"사업관리,경영.회계.사무,교육.자연.사회과학,보건.의료,기계,화학,전기.전자,연구 / 연구직",신입+경력,정규직,대구,,2026-09-09,https://job.alio.go.kr/recruitview.do?idx=304238,,2026-09-07 17:39:25
잡알리오,충남대학교병원,[세종] 2026년 8월 보조금계약직 직원 채용공고,보건.의료 / 계약직,신입+경력,비정규직,세종,,2026-09-08,https://job.alio.go.kr/recruitview.do?idx=304239,,2026-09-07 17:39:25
잡알리오,한국보훈복지의료공단,[광주보훈병원] 장애인 청년인턴(체험형) 채용 공고,보건.의료 / 기타(청년인턴직(체험형)),신입+경력,청년인턴(체험형),전남광주,,2026-09-04,https://job.alio.go.kr/recruitview.do?idx=304240,,2026-09-07 17:39:26
잡알리오,한국생명존중희망재단,"(수정) [제2026-3호] 한국생명존중희망재단 제3차 직원 채용 (공개, 제한경쟁) 공고","사업관리,경영.회계.사무,사회복지.종교 / 일반직,상담직",신입+경력,"무기계약직 
										외 3",서울,,2026-08-07,https://job.alio.go.kr/recruitview.do?idx=304241,,2026-09-07 17:39:27
잡알리오,부산대학교병원,2026년도 일반직(간호직) 신규직원 블라인드 공개채용 모집 공고,보건.의료 / 간호직,신입,정규직,부산,,2026-09-08,https://job.alio.go.kr/recruitview.do?idx=304243,,2026-09-07 17:39:27
잡알리오,한국보훈복지의료공단,(수정) [원주보훈요양원] 2026년 제5차 요양보호직 공개채용,사회복지.종교 / 기타(요양보호직),신입+경력,정규직,강원,,2026-09-03,https://job.alio.go.kr/recruitview.do?idx=304244,,2026-09-07 17:39:28
잡알리오,국립공원공단,[속리산] 속리산국립공원사무소 기간제(국립공원지킴이-가을철) 직원 선발 공고,이용.숙박.여행.오락.스포츠 / 계약직,신입+경력,비정규직,"충북 
										외 1",,2026-09-07,https://job.alio.go.kr/recruitview.do?idx=304245,,2026-09-07 17:39:29
잡알리오,부산대학교병원,"2026년도 일반직(행정, 보건, 간호조무, 원무직) 신규직원 블라인드 공개채용 모집 공고","보건.의료 / 행정직,보건직,기타",신입,정규직,부산,,2026-09-08,https://job.alio.go.kr/recruitview.do?idx=304246,,2026-09-07 17:39:29
잡알리오,부산대학교병원,2026년도 일반직(간호직) 신규직원 블라인드 공개채용 모집 공고(양산),보건.의료 / 간호직,신입,정규직,경남,,2026-09-08,https://job.alio.go.kr/recruitview.do?idx=304247,,2026-09-07 17:39:30
잡알리오,부산대학교병원,"2026년도 일반직(행정, 보건, 시설, 원무직) 신규직원 블라인드 공개채용 모집 공고(양산)","보건.의료 / 행정직,시설직,보건직,기타(원무직)",신입,정규직,경남,,2026-09-08,https://job.alio.go.kr/recruitview.do?idx=304248,,2026-09-07 17:39:31
잡알리오,경북대학교병원,칠곡경북대학교병원 2026년 8월 5차 임시직원 채용공고(시설기술(건축)),보건.의료 / 계약직,신입+경력,비정규직,대구,,2026-08-31,https://job.alio.go.kr/recruitview.do?idx=304249,,2026-09-07 17:39:33
잡알리오,학교법인한국폴리텍,한국폴리텍대학 서울강서캠퍼스 2026년 청년인턴 제한경쟁(장애인) 채용 재공고,경영.회계.사무 / 행정직,신입+경력,청년인턴(체험형),서울,,2026-09-08,https://job.alio.go.kr/recruitview.do?idx=304250,,2026-09-07 17:39:33
잡알리오,충남대학교병원,[세종] 2026년 약무직 직원 모집공고,보건.의료 / 약무직,신입+경력,정규직,세종,,2026-09-09,https://job.alio.go.kr/recruitview.do?idx=304251,,2026-09-07 17:39:35
잡알리오,한국토지주택공사,한국토지주택공사 사내변호사 채용 공고,"법률.경찰.소방.교도.국방 / 계약직,전문직",신입+경력,비정규직,"경기 
										외 1",,2026-09-11,https://job.alio.go.kr/recruitview.do?idx=304252,,2026-09-07 17:39:35
잡알리오,충북대학교병원,충북대학교병원 공공임상교수요원 채용 공고,보건.의료 / 의사직,신입+경력,정규직,충북,,2026-09-09,https://job.alio.go.kr/recruitview.do?idx=304253,,2026-09-07 17:39:36
잡알리오,한국해양수산개발원,2026년 한국해양수산개발원 제3차 정규직 연구직(박사) 채용 공고,연구 / 연구직,신입+경력,정규직,부산,,2026-09-15,https://job.alio.go.kr/recruitview.do?idx=304254,,2026-09-07 17:39:36
잡알리오,한국해양수산개발원,2026년 한국해양수산개발원 제3차 정규직 연구직(석사) 채용 공고,연구 / 연구직,신입+경력,정규직,부산,,2026-09-15,https://job.alio.go.kr/recruitview.do?idx=304255,,2026-09-07 17:39:37
잡알리오,충북대학교병원,충북대학교병원 계약직의사 채용 공고,보건.의료 / 의사직,신입+경력,비정규직,충북,,2026-09-09,https://job.alio.go.kr/recruitview.do?idx=304257,,2026-09-07 17:39:38
잡알리오,한국해양수산개발원,2026년 한국해양수산개발원 제1차 공무직(안전관리자) 채용,환경.에너지.안전 / 공무직,경력,무기계약직,부산,,2026-09-15,https://job.alio.go.kr/recruitview.do?idx=304256,,2026-09-07 17:39:38
잡알리오,(재)우체국물류지원단,"우체국물류지원단 광주지사 전주, 영암사업소 기간제(운전직, 연차자대체) 채용 공고",운전.운송 / 기타(운전직),신입+경력,비정규직,"전북 
										외 1",,2026-09-01,https://job.alio.go.kr/recruitview.do?idx=304258,,2026-09-07 17:39:40
잡알리오,국립공원공단,[북한산] 2026년 북한산국립공원사무소 국립공원지킴이 모집 공고(5차),환경.에너지.안전 / 계약직,신입+경력,비정규직,"서울 
										외 1",,2026-09-09,https://job.alio.go.kr/recruitview.do?idx=304261,,2026-09-07 17:39:40
잡알리오,한국수자원공사,"[한국수자원공사] 금강경영처 단기계약근로자(사무관리_서무보조, 비서 등) 채용 공고(육아휴직 대체인력)",경영.회계.사무 / 계약직,신입+경력,비정규직,전북,,2026-09-09,https://job.alio.go.kr/recruitview.do?idx=304259,,2026-09-07 17:39:41
잡알리오,국립공원공단,[다도해해상]2026년 다도해해상 국립공원지킴이(한시인력/녹색순찰대) 직원 채용(4차),환경.에너지.안전 / 계약직,신입+경력,비정규직,전남광주,,2026-09-07,https://job.alio.go.kr/recruitview.do?idx=304262,,2026-09-07 17:39:41
잡알리오,경북대학교병원,"2026년 8월 제4차 임시직원 모집 공고(의료기술(임상병리사), 운영지원(주차관리))","보건.의료 / 운영직,기타(의료기술)",신입,비정규직,대구,,2026-08-31,https://job.alio.go.kr/recruitview.do?idx=304263,,2026-09-07 17:39:42
잡알리오,주택관리공단(주),채용형 인턴 채용공고(주택관리공단 강원지사),"건설,기계,전기.전자,환경.에너지.안전 / 기술직",신입+경력,청년인턴(채용형),강원,,2026-09-02,https://job.alio.go.kr/recruitview.do?idx=304264,,2026-09-07 17:39:43
잡알리오,서울대학교병원,(수정) 연구교수 공개채용,보건.의료 / 교수직,신입+경력,비정규직,서울,,2026-08-11,https://job.alio.go.kr/recruitview.do?idx=304265,,2026-09-07 17:39:43
잡알리오,한국전력공사,"기간제근로자(대체인력) 채용공고 [대전세종충남본부, 서대전지사, 공주청양지사]","경영.회계.사무,건설,전기.전자 / 사무직,기술직",신입,비정규직,"대전 
										외 1",,2026-09-09,https://job.alio.go.kr/recruitview.do?idx=304266,,2026-09-07 17:39:44
잡알리오,한국동서발전(주),한국동서발전(주) 2026년 사회형평 신입직원(대졸수준(보훈/장애)) 선발,"경영.회계.사무,화학,정보통신 / 행정직,사무직,기술직,운영직",신입,정규직,"울산 
										외 6",,2026-09-09,https://job.alio.go.kr/recruitview.do?idx=304267,,2026-09-07 17:39:45
잡알리오,새만금개발공사,2026년 새만금개발공사 수시채용,"경영.회계.사무,건설,환경.에너지.안전 / 일반직",경력,정규직,전북,,2026-09-11,https://job.alio.go.kr/recruitview.do?idx=304268,,2026-09-07 17:39:46
잡알리오,근로복지공단,[안산병원] 기간제(사회복지사) 채용 공고,보건.의료 / 계약직,신입,비정규직,경기,,2026-09-02,https://job.alio.go.kr/recruitview.do?idx=304269,,2026-09-07 17:39:47
잡알리오,한국원자력의학원,별정직 직원모집 공고(입원의학과)_채용완료시 공고종료,보건.의료 / 별정직,신입+경력,비정규직,서울,,2026-12-31,https://job.alio.go.kr/recruitview.do?idx=304271,,2026-09-07 17:39:47
잡알리오,국립공원공단,[소백산] 소백산사무소 국립공원지킴이 모집 공고,"경비.청소,환경.에너지.안전 / 계약직",신입+경력,비정규직,경북,,2026-08-31,https://job.alio.go.kr/recruitview.do?idx=304270,,2026-09-07 17:39:48
잡알리오,한전KPS(주),한전KPS(주)서인천사업처 2026년 신인천 4CC 계획예방정비공사 안전관리보조 단기노무원 채용공고,전기.전자 / 계약직,신입+경력,비정규직,인천,,2026-08-28,https://job.alio.go.kr/recruitview.do?idx=304272,,2026-09-07 17:39:48
잡알리오,한국장애인개발원,[제2026-94호] 2026년도 경영지원부 사회형평적(장애인) 청년인턴 채용 공고,"경영.회계.사무 / 일반직,행정직",신입,청년인턴(체험형),서울,,2026-09-09,https://job.alio.go.kr/recruitview.do?idx=304273,,2026-09-07 17:39:49
잡알리오,(재)우체국물류지원단,"우체국물류지원단 서울지사 동서울, 의정부, 성남사업소 기간제(운전직, 연차자대체) 채용 공고",운전.운송 / 기타(운전직),신입+경력,비정규직,"서울 
										외 1",,2026-09-01,https://job.alio.go.kr/recruitview.do?idx=304274,,2026-09-07 17:39:50
잡알리오,한국보훈복지의료공단,[인천보훈병원] 2026-13차 직원 보훈특별고용 채용,보건.의료 / 기타(업무지원직(청소)),신입+경력,무기계약직,인천,,2026-09-09,https://job.alio.go.kr/recruitview.do?idx=304275,,2026-09-07 17:39:51
잡알리오,한국수자원공사,[한국수자원공사] 제주지역협력본부 한림·한경 및 대정·안덕 유수율 유지관리사업 특수직(기술관리_건설사업) 채용 공고,"사업관리,건설,기계,전기.전자,정보통신,환경.에너지.안전 / 계약직",신입+경력,비정규직,제주,,2026-09-09,https://job.alio.go.kr/recruitview.do?idx=304276,,2026-09-07 17:39:51
잡알리오,한국원산지정보원,2026년 제2차 한국원산지정보원 직원 채용 공고,"경영.회계.사무,교육.자연.사회과학 / 행정직",신입,정규직,"서울 
										외 2",,2026-09-10,https://job.alio.go.kr/recruitview.do?idx=304278,,2026-09-07 17:39:53
잡알리오,한전KPS(주),한전KPS(주)강원충북전력지사 단기노무원(신청주지점 상주감시) 채용 공고 (22차),"건설,전기.전자 / 계약직",신입+경력,비정규직,충북,,2026-08-31,https://job.alio.go.kr/recruitview.do?idx=304277,,2026-09-07 17:39:53
잡알리오,경북대학교치과병원,2026년 제14차 청년인턴(진료지원-치과위생사/구강악안면외과) 채용 공고,보건.의료 / 보건직,신입,청년인턴(체험형),대구,,2026-09-02,https://job.alio.go.kr/recruitview.do?idx=304280,,2026-09-07 17:39:54
잡알리오,한국방송통신전파진흥원,한국방송통신전파진흥원 경력·신입 직원 채용 공고,"경영.회계.사무 / 사무직,시설직",신입+경력,"무기계약직 
										외 1","대구 
										외 2",,2026-09-10,https://job.alio.go.kr/recruitview.do?idx=304279,,2026-09-07 17:39:54
잡알리오,한국방송통신전파진흥원,한국방송통신전파진흥원 휴직 대체인력(대체인력뱅크) 채용 공고,경영.회계.사무 / 사무직,신입,비정규직,전남광주,,2026-09-10,https://job.alio.go.kr/recruitview.do?idx=304281,,2026-09-07 17:39:55
잡알리오,한국방송통신전파진흥원,한국방송통신전파진흥원 체험형 청년인턴 채용 공고,경영.회계.사무 / 사무직,신입,청년인턴(체험형),전남광주,,2026-09-10,https://job.alio.go.kr/recruitview.do?idx=304282,,2026-09-07 17:39:56
잡알리오,한국철도공사,한국철도공사 2026년 기간제근로자(운전담당원) 채용공고,운전.운송 / 기술직,경력,비정규직,"서울 
										외 2",,2026-09-09,https://job.alio.go.kr/recruitview.do?idx=304283,,2026-09-07 17:39:57
잡알리오,한국노인인력개발원,2026년 한국노인인력개발원 3분기 기간제 근로자(전산) 채용 공고,"사업관리,경영.회계.사무 / 행정직,사무직,전산직",신입,비정규직,경기,,2026-09-09,https://job.alio.go.kr/recruitview.do?idx=304284,,2026-09-07 17:39:57
잡알리오,한국노인인력개발원,2026년 한국노인인력개발원 3분기 기간제 근로자(홍보) 채용 공고,"사업관리,경영.회계.사무,문화.예술.디자인.방송 / 행정직,사무직",신입,비정규직,경기,,2026-09-09,https://job.alio.go.kr/recruitview.do?idx=304285,,2026-09-07 17:39:58
잡알리오,한국보훈복지의료공단,[대구보훈요양원] 2026년 제6차 정규직 요양보호직 공개채용 공고,사회복지.종교 / 일반직,신입+경력,정규직,대구,,2026-09-09,https://job.alio.go.kr/recruitview.do?idx=304286,,2026-09-07 17:39:59
잡알리오,분당서울대학교병원,분당서울대학교병원 신입(사무직) 직원 채용공고,보건.의료 / 사무직,신입,정규직,경기,,2026-09-07,https://job.alio.go.kr/recruitview.do?idx=304287,,2026-09-07 17:40:00
잡알리오,한국보훈복지의료공단,[대구보훈요양원] 2026년 계약직 물리치료사(복지기능직) 공개채용 공고,사회복지.종교 / 보건직,신입+경력,비정규직,대구,,2026-09-09,https://job.alio.go.kr/recruitview.do?idx=304289,,2026-09-07 17:40:01
잡알리오,한국보훈복지의료공단,[대구보훈요양원] 2026년 제3차 업무지원직(청소) 공개채용 공고,사회복지.종교 / 일반직,신입+경력,무기계약직,대구,,2026-09-09,https://job.alio.go.kr/recruitview.do?idx=304288,,2026-09-07 17:40:01
잡알리오,경상국립대학교병원,계약직 채용공고,보건.의료 / 계약직,신입+경력,비정규직,경남,,2026-09-01,https://job.alio.go.kr/recruitview.do?idx=304290,,2026-09-07 17:40:02
잡알리오,경상국립대학교병원,장애인근로자 채용공고,보건.의료 / 계약직,신입+경력,비정규직,경남,,2026-09-01,https://job.alio.go.kr/recruitview.do?idx=304291,,2026-09-07 17:40:03
잡알리오,경상국립대학교병원,단시간제(편의시설 점원) 채용공고,영업판매 / 계약직,신입+경력,비정규직,경남,,2026-09-01,https://job.alio.go.kr/recruitview.do?idx=304292,,2026-09-07 17:40:04
잡알리오,충남대학교병원,[대전] 충남대학교병원 2026년 9월 공무직 직원 채용공고,보건.의료 / 공무직,신입,무기계약직,대전,,2026-09-09,https://job.alio.go.kr/recruitview.do?idx=304293,,2026-09-07 17:40:05
잡알리오,충남대학교병원,[대전] 충남대학교병원 2026년 9월 계약직 직원 채용공고,보건.의료 / 계약직,신입+경력,비정규직,대전,,2026-09-09,https://job.alio.go.kr/recruitview.do?idx=304294,,2026-09-07 17:40:05
잡알리오,충남대학교병원,[대전] 충남대학교병원 2026년 9월 업무지원계약직 직원 채용공고,보건.의료 / 계약직,신입,비정규직,대전,,2026-09-09,https://job.alio.go.kr/recruitview.do?idx=304295,,2026-09-07 17:40:06
잡알리오,한국항공우주연구원,(수정) 한국항공우주연구원 2026년도 하반기 정규직 채용공고,"사업관리,경영.회계.사무,기계,전기.전자,정보통신,연구 / 행정직,연구직,기능직",신입+경력,정규직,대전,,2026-09-10,https://job.alio.go.kr/recruitview.do?idx=304298,,2026-09-07 17:40:07
잡알리오,충남대학교병원,[대전] 충남대학교병원 2026년 9월 보조금직원 채용공고,보건.의료 / 계약직,신입+경력,비정규직,대전,,2026-09-09,https://job.alio.go.kr/recruitview.do?idx=304296,,2026-09-07 17:40:07
잡알리오,한국보훈복지의료공단,[본사] 한국보훈복지의료공단 대전보훈병원장(별정직) 공개모집 공고,"경영.회계.사무,보건.의료 / 별정직",경력,정규직,대전,,2026-09-10,https://job.alio.go.kr/recruitview.do?idx=304299,,2026-09-07 17:40:09
잡알리오,국립호남권생물자원관,국립호남권생물자원관 기간제근로자(육아휴직 대체) 채용공고,건설 / 시설직,신입+경력,비정규직,전남광주,,2026-09-11,https://job.alio.go.kr/recruitview.do?idx=304300,,2026-09-07 17:40:10
잡알리오,근로복지공단,[울산병원] 공무직(조리사) 채용 공고,보건.의료 / 공무직,신입,무기계약직,울산,,2026-09-03,https://job.alio.go.kr/recruitview.do?idx=304301,,2026-09-07 17:40:10
잡알리오,근로복지공단,[태백병원] 공무직(작업치료사) 채용 공고,보건.의료 / 공무직,신입,무기계약직,강원,,2026-09-03,https://job.alio.go.kr/recruitview.do?idx=304302,,2026-09-07 17:40:11
잡알리오,동남권원자력의학원,(수정) [직원채용] 동남권원자력의학원 박사후 연수연구원(첨단방사선AI융합연구팀) 공개 채용,연구 / 연구직,신입+경력,비정규직,부산,,2026-09-09,https://job.alio.go.kr/recruitview.do?idx=304303,,2026-09-07 17:40:13
잡알리오,한전KPS(주),한전KPS(주) 삼천포사업처 단기노무원(기계 단순보조) 채용(제48차),기계 / 계약직,신입+경력,비정규직,경남,,2026-09-01,https://job.alio.go.kr/recruitview.do?idx=304313,,2026-09-07 17:40:13
잡알리오,근로복지공단,[태백병원] 공무직(시설경비원) 채용 공고,"보건.의료,경비.청소 / 공무직",신입,무기계약직,강원,,2026-09-03,https://job.alio.go.kr/recruitview.do?idx=304314,,2026-09-07 17:40:14
잡알리오,근로복지공단,[경기요양병원] 의료직(간호사) 6급 채용 공고,보건.의료 / 간호직,신입,정규직,경기,,2026-09-07,https://job.alio.go.kr/recruitview.do?idx=304315,,2026-09-07 17:40:15
잡알리오,근로복지공단,(수정) [동해병원] 공무직(임상병리사) 채용 공고,보건.의료 / 공무직,신입,무기계약직,강원,,2026-08-19,https://job.alio.go.kr/recruitview.do?idx=304316,,2026-09-07 17:40:15
잡알리오,서울올림픽기념국민체육진흥공단,한국스포츠과학원 분석연구원(가·나급) 채용 공고-2026년 국가대표 현장밀착형 스포츠과학지원,연구 / 계약직,신입+경력,비정규직,충북,,2026-09-11,https://job.alio.go.kr/recruitview.do?idx=304317,,2026-09-07 17:40:17
잡알리오,한국조세재정연구원,[한국조세재정연구원] 2026년도 제5차 위촉직 직원모집,"사업관리,경영.회계.사무,연구 / 일반직,연구직,계약직",신입+경력,비정규직,"서울 
										외 1",,2026-09-10,https://job.alio.go.kr/recruitview.do?idx=304318,,2026-09-07 17:40:18
잡알리오,한국조세재정연구원,[한국조세재정연구원] 2026년도 제3차 체험형 청년인턴 신규채용,"사업관리,경영.회계.사무,연구 / 일반직,행정직",신입+경력,청년인턴(체험형),"서울 
										외 1",,2026-09-10,https://job.alio.go.kr/recruitview.do?idx=304319,,2026-09-07 17:40:19
잡알리오,주택관리공단(주),육아휴직 대체직 채용공고(주택관리공단 부산울산지사),"건설,기계,전기.전자,환경.에너지.안전 / 기술직",신입+경력,비정규직,부산,,2026-09-03,https://job.alio.go.kr/recruitview.do?idx=304320,,2026-09-07 17:40:19
잡알리오,한국장애인고용공단,[한국장애인고용공단 부산직업능력개발원] 일반직 대체근로자(체험형 청년인턴) 채용 공고,"경영.회계.사무,사회복지.종교 / 사무직,계약직",신입+경력,"비정규직 
										외 1",부산,,2026-09-03,https://job.alio.go.kr/recruitview.do?idx=304321,,2026-09-07 17:40:21
잡알리오,제주대학교병원,(수정) (종료)제주대학교병원 휴직대체 계약직(임상병리사) 모집공고,보건.의료 / 계약직,신입+경력,비정규직,제주,,2026-08-28,https://job.alio.go.kr/recruitview.do?idx=304322,,2026-09-07 17:40:21
잡알리오,한국장애인고용공단,[한국장애인고용공단 서울지역본부·강원지사] 기간제근로자 통합채용 공고,"경영.회계.사무,교육.자연.사회과학,사회복지.종교 / 일반직,사무직,계약직,상담직,기타(교사직)",신입+경력,"비정규직 
										외 1","서울 
										외 1",,2026-09-09,https://job.alio.go.kr/recruitview.do?idx=304323,,2026-09-07 17:40:22
잡알리오,한국환경공단,2026년도 한국환경공단 하반기 개방형 직위(정선수도사업소장) 공개모집 공고,환경.에너지.안전 / 기술직,경력,비정규직,강원,,2026-09-10,https://job.alio.go.kr/recruitview.do?idx=304324,,2026-09-07 17:40:23
잡알리오,한국장애인개발원,(수정) [제2026-84호] 한국장애인개발원 2026년도 제2차 정책지원부(국제협력팀) 육아휴직 대체인력 채용 공고,"경영.회계.사무 / 일반직,사무직",신입+경력,비정규직,서울,,2026-08-14,https://job.alio.go.kr/recruitview.do?idx=304325,,2026-09-07 17:40:23
잡알리오,한전KDN,한전KDN(주) 대전충남본부 천안지사 AMI분야 작업원 모집공고,"전기.전자,정보통신 / 기타(일용직)",신입+경력,비정규직,충남,,2026-09-14,https://job.alio.go.kr/recruitview.do?idx=304326,,2026-09-07 17:40:24
잡알리오,한국문화관광연구원,한국문화관광연구원 2026년 제3차 청년인턴(장애인제한경쟁) 채용(9.2. 접수마감),"경영.회계.사무 / 사무직,계약직",신입,청년인턴(체험형),서울,,2026-09-02,https://job.alio.go.kr/recruitview.do?idx=304327,,2026-09-07 17:40:26
잡알리오,경북대학교병원,"칠곡경북대학교병원 2026년 8월 6차 임시직원 채용공고(임상병리사, 물리치료사, 언어재활사, 업무보조)",보건.의료 / 계약직,신입+경력,비정규직,대구,,2026-09-02,https://job.alio.go.kr/recruitview.do?idx=304328,,2026-09-07 17:40:26
잡알리오,학교법인한국폴리텍,한국폴리텍대학 창원캠퍼스 2026년 하반기 업무지원직(식당 단시간근로자) 4차 채용 공고,"음식서비스 / 기능직,계약직",신입+경력,비정규직,경남,,2026-09-01,https://job.alio.go.kr/recruitview.do?idx=304329,,2026-09-07 17:40:28
잡알리오,한국여성인권진흥원,2026년 한국여성인권진흥원 제5차 채용 공고,"사업관리,경영.회계.사무,교육.자연.사회과학,사회복지.종교 / 일반직,행정직,상담직",신입+경력,"무기계약직 
										외 2",서울,,2026-09-10,https://job.alio.go.kr/recruitview.do?idx=304330,,2026-09-07 17:40:28
잡알리오,한국보훈복지의료공단,[광주보훈병원] 전문의(정형외과) 직원 채용 공고,보건.의료 / 의사직,신입+경력,비정규직,전남광주,,2026-09-06,https://job.alio.go.kr/recruitview.do?idx=304331,,2026-09-07 17:40:29
잡알리오,한국전력공사,2026년도 제1차 전문·사무직원 채용공고,"경영.회계.사무,보건.의료,음식서비스 / 기술직,간호직,보건직,기능직,기타(조리원)",신입+경력,정규직,"서울 
										외 5",,2026-09-10,https://job.alio.go.kr/recruitview.do?idx=304332,,2026-09-07 17:40:30
잡알리오,전북대학교병원,2026년 임상교수요원(임상교수) 채용 공고,보건.의료 / 의사직,신입+경력,정규직,전북,,2026-09-09,https://job.alio.go.kr/recruitview.do?idx=304333,,2026-09-07 17:40:31
잡알리오,기초과학연구원,제2026-3회 중이온가속기연구소 별정직 직원 채용 공고,"사업관리,연구 / 기술직",신입+경력,비정규직,대전,,2026-09-11,https://job.alio.go.kr/recruitview.do?idx=304334,,2026-09-07 17:40:31
잡알리오,한국투자공사,한국투자공사 2026년 신입직원 채용,경영.회계.사무 / 사무직,신입,정규직,서울,,2026-09-18,https://job.alio.go.kr/recruitview.do?idx=304335,,2026-09-07 17:40:32
잡알리오,(주)강원랜드,㈜강원랜드 2026년 1차 촉탁직(임원운전기사) 채용 공고,운전.운송 / 계약직,경력,비정규직,강원,,2026-09-14,https://job.alio.go.kr/recruitview.do?idx=304336,,2026-09-07 17:40:32
잡알리오,중소기업은행,2026년 하반기 IBK기업은행 신입행원 채용공고,"금융.보험 / 일반직,기술직",신입,정규직,"서울 
										외 16",,2026-09-14,https://job.alio.go.kr/recruitview.do?idx=304338,,2026-09-07 17:40:34
잡알리오,학교법인한국폴리텍,한국폴리텍대학 창원캠퍼스 무기계약직원(업무직 영선원) 보훈제한경쟁 채용 공고,건설 / 운영직,신입+경력,무기계약직,경남,,2026-09-09,https://job.alio.go.kr/recruitview.do?idx=304337,,2026-09-07 17:40:34
잡알리오,중소기업은행,IBK기업은행 일반계약직(스포츠센터 트레이너) 채용공고,"이용.숙박.여행.오락.스포츠 / 일반직,계약직",경력,비정규직,경기,,2026-09-21,https://job.alio.go.kr/recruitview.do?idx=304339,,2026-09-07 17:40:34
잡알리오,중소기업은행,IBK기업은행 일반계약직(나라사랑카드 영업지원) 채용공고,"금융.보험,영업판매 / 일반직,계약직",신입+경력,비정규직,"서울 
										외 1",,2026-09-21,https://job.alio.go.kr/recruitview.do?idx=304340,,2026-09-07 17:40:36
잡알리오,중소기업은행,IBK기업은행 전문계약직(컨설턴트(세무회계)) 채용공고,"경영.회계.사무,금융.보험 / 계약직,전문직",경력,비정규직,서울,,2026-09-21,https://job.alio.go.kr/recruitview.do?idx=304341,,2026-09-07 17:40:37
잡알리오,중소기업은행,IBK기업은행 전문계약직(군 전문위원) 채용공고,"금융.보험,법률.경찰.소방.교도.국방 / 계약직,전문직",경력,비정규직,서울,,2026-09-21,https://job.alio.go.kr/recruitview.do?idx=304342,,2026-09-07 17:40:37
잡알리오,중소기업은행,IBK기업은행 전문계약직(감정평가사) 채용공고,"금융.보험 / 계약직,전문직",경력,비정규직,서울,,2026-09-21,https://job.alio.go.kr/recruitview.do?idx=304343,,2026-09-07 17:40:38
잡알리오,한국보훈복지의료공단,"[대구보훈병원] (긴급) 정규직 기술직(전기), 업무지원직(급식,청소) 채용 공고","경비.청소,음식서비스,전기.전자 / 기술직,기타(업무지원직)",신입+경력,"무기계약직 
										외 1",대구,,2026-09-06,https://job.alio.go.kr/recruitview.do?idx=304344,,2026-09-07 17:40:39
잡알리오,중소기업은행,IBK기업은행 전문계약직(한국변호사) 채용공고,"금융.보험,법률.경찰.소방.교도.국방 / 계약직,전문직",신입+경력,비정규직,서울,,2026-09-21,https://job.alio.go.kr/recruitview.do?idx=304345,,2026-09-07 17:40:40
잡알리오,대한적십자사,(경남혈액원) 비정규직 기간제(한시적) 임상병리사 채용 공고,보건.의료 / 보건직,신입,비정규직,경남,,2026-09-10,https://job.alio.go.kr/recruitview.do?idx=304346,,2026-09-07 17:40:40
잡알리오,대한적십자사,(경남혈액원) 비정규직 초단시간 헌혈권장원 채용 공고,보건.의료 / 기타((고객안내)),신입,비정규직,경남,,2026-09-10,https://job.alio.go.kr/recruitview.do?idx=304347,,2026-09-07 17:40:41
잡알리오,학교법인한국폴리텍,2026년 한국폴리텍대학 동부산캠퍼스 체험형 청년인턴(장애) 채용(3차) 공고,경영.회계.사무 / 행정직,신입+경력,청년인턴(체험형),부산,,2026-09-04,https://job.alio.go.kr/recruitview.do?idx=304348,,2026-09-07 17:40:42
잡알리오,한국승강기안전공단,한국승강기안전공단 2026년 대체인력 채용 및 체험형인턴 재채용,"사업관리,경영.회계.사무 / 일반직,행정직,사무직",신입,"비정규직 
										외 1","서울 
										외 7",,2026-09-11,https://job.alio.go.kr/recruitview.do?idx=304349,,2026-09-07 17:40:42
잡알리오,국토연구원,2026년 제2차 시설직(미화원·기술원·방호원) 공개채용,"경비.청소,건설 / 시설직",신입+경력,무기계약직,세종,,2026-09-11,https://job.alio.go.kr/recruitview.do?idx=304350,,2026-09-07 17:40:43
잡알리오,국립공원공단,[덕유산] 덕유산국립공원사무소 국립공원지킴이(한시인력) 모집(3차) 공고,환경.에너지.안전 / 계약직,신입+경력,비정규직,전북,,2026-09-08,https://job.alio.go.kr/recruitview.do?idx=304351,,2026-09-07 17:40:44
잡알리오,근로복지공단,[순천병원] 청년(체험형)인턴 일반전형 채용 공고,보건.의료 / 계약직,신입,청년인턴(체험형),전남광주,,2026-09-04,https://job.alio.go.kr/recruitview.do?idx=304352,,2026-09-07 17:40:45
잡알리오,제주대학교병원,"제주대학교병원 계약직(마취전담간호사, 외과전담간호사, 전담간호사) 모집공고",보건.의료 / 계약직,신입+경력,무기계약직,제주,,2026-09-03,https://job.alio.go.kr/recruitview.do?idx=304353,,2026-09-07 17:40:45
잡알리오,중앙사회서비스원,"2026년 제4차 중앙사회서비스원 직원(개방형 직위, 기간제) 채용 공고","사업관리,경영.회계.사무,사회복지.종교 / 행정직,사무직,관리직,계약직",신입+경력,"비정규직 
										외 1",서울,,2026-09-14,https://job.alio.go.kr/recruitview.do?idx=304354,,2026-09-07 17:40:46
잡알리오,기초과학연구원,제2026-6회 기초과학연구원 원자제어 저차원 전자계 연구단 박사후연구원 채용 공고,연구 / 연구직,신입+경력,비정규직,경북,,2026-09-15,https://job.alio.go.kr/recruitview.do?idx=304355,,2026-09-07 17:40:47
잡알리오,기초과학연구원,2026-5회 광과학 연구클러스터 연구직 채용 공고,연구 / 연구직,신입+경력,비정규직,전남광주,,2026-09-15,https://job.alio.go.kr/recruitview.do?idx=304356,,2026-09-07 17:40:48
잡알리오,근로복지공단,[순천병원] 기간제(산업위생사) 채용 공고,보건.의료 / 계약직,신입,비정규직,전남광주,,2026-09-04,https://job.alio.go.kr/recruitview.do?idx=304357,,2026-09-07 17:40:48
잡알리오,한국수력원자력(주),2026년도 무주양수발전소 기간제근로자(영양사) 채용,음식서비스 / 계약직,신입+경력,비정규직,전북,,2026-09-16,https://job.alio.go.kr/recruitview.do?idx=304358,,2026-09-07 17:40:49
잡알리오,한전KPS(주),한전KPS(주) 대구사업소 단기노무원 채용 4차('26년도 대구 열병합발전시설 정기점검보수공사),환경.에너지.안전 / 계약직,신입+경력,비정규직,대구,,2026-08-31,https://job.alio.go.kr/recruitview.do?idx=304359,,2026-09-07 17:40:50
잡알리오,서울대학교치과병원,"서울대학교치과병원 촉탁간호직(병동, 수술장) 채용 공고",보건.의료 / 간호직,신입+경력,비정규직,서울,,2026-09-11,https://job.alio.go.kr/recruitview.do?idx=304360,,2026-09-07 17:40:51
잡알리오,한전KDN,한전KDN(주) 강원사업처 강릉지사 AMI분야 비정규직(장애인) 모집공고,정보통신 / 계약직,신입+경력,비정규직,강원,,2026-09-14,https://job.alio.go.kr/recruitview.do?idx=304361,,2026-09-07 17:40:52
잡알리오,중소기업은행,IBK기업은행 전문계약직(보이스피싱 모니터링) 채용공고,"금융.보험 / 계약직,전문직",경력,비정규직,서울,,2026-09-21,https://job.alio.go.kr/recruitview.do?idx=304362,,2026-09-07 17:40:52
잡알리오,중소기업은행,IBK기업은행 전문계약직(안전관리자) 채용공고,"환경.에너지.안전 / 계약직,전문직",경력,비정규직,서울,,2026-09-21,https://job.alio.go.kr/recruitview.do?idx=304363,,2026-09-07 17:40:53
잡알리오,한국장애인고용공단,[한국장애인고용공단 경기북부지사] 대체 근로자(체험형 청년인턴) 채용 공고,"경영.회계.사무,사회복지.종교 / 일반직,사무직,계약직,상담직",신입+경력,"비정규직 
										외 1",경기,,2026-09-04,https://job.alio.go.kr/recruitview.do?idx=304364,,2026-09-07 17:40:54
잡알리오,한국장애인고용공단,[한국장애인고용공단 경기지역본부] 대체 근로자(체험형 청년인턴) 채용 공고,"사회복지.종교 / 사무직,계약직,상담직,기타(취업지원상담사)",신입+경력,"비정규직 
										외 1",경기,,2026-09-04,https://job.alio.go.kr/recruitview.do?idx=304365,,2026-09-07 17:40:55
잡알리오,한국장애인고용공단,[한국장애인고용공단 인천지사] 기간제 근로자(체험형 청년인턴) 채용 공고,"교육.자연.사회과학,사회복지.종교 / 일반직,사무직,계약직,상담직,기타(취업지원상담사, 재직자 훈련 및 양성훈련 운영)",신입+경력,"비정규직 
										외 1",인천,,2026-09-04,https://job.alio.go.kr/recruitview.do?idx=304366,,2026-09-07 17:40:55
잡알리오,한국수자원공사,"[한국수자원공사] 2026년 전문직, 시설운영직(경력) 제한경쟁 채용공고","사업관리,기계,전기.전자,정보통신,환경.에너지.안전 / 운영직,전문직",경력,정규직,경기,,2026-09-11,https://job.alio.go.kr/recruitview.do?idx=304367,,2026-09-07 17:40:56
잡알리오,근로복지공단,[울산병원] 별정직 의사(병동당직의) 채용 공고,보건.의료 / 별정직,신입,정규직,울산,,2026-09-07,https://job.alio.go.kr/recruitview.do?idx=304368,,2026-09-07 17:40:57
잡알리오,한국산업은행,한국산업은행 장애인 전문직원(사무관리) 채용공고,경영.회계.사무 / 전문직,신입,무기계약직,"서울 
										외 15",,2026-09-14,https://job.alio.go.kr/recruitview.do?idx=304369,,2026-09-07 17:40:57
잡알리오,근로복지공단,[울산병원] 별정직 의사(진단검사의학과) 채용 공고,보건.의료 / 별정직,신입,정규직,울산,,2026-09-07,https://job.alio.go.kr/recruitview.do?idx=304370,,2026-09-07 17:40:59
잡알리오,근로복지공단,[울산병원] 별정직 의사(영상의학과) 채용 공고,보건.의료 / 별정직,신입,정규직,울산,,2026-09-07,https://job.alio.go.kr/recruitview.do?idx=304371,,2026-09-07 17:40:59
잡알리오,근로복지공단,[울산병원] 별정직 의사(응급실전담의) 채용 공고,보건.의료 / 별정직,신입,정규직,울산,,2026-09-07,https://job.alio.go.kr/recruitview.do?idx=304372,,2026-09-07 17:41:01
잡알리오,근로복지공단,[울산병원] 별정직 의사(응급의학과) 채용 공고,보건.의료 / 별정직,신입,정규직,울산,,2026-09-07,https://job.alio.go.kr/recruitview.do?idx=304373,,2026-09-07 17:41:01
잡알리오,근로복지공단,[울산병원] 별정직 의사(마취통증의학과) 채용 공고,보건.의료 / 별정직,신입,정규직,울산,,2026-09-07,https://job.alio.go.kr/recruitview.do?idx=304374,,2026-09-07 17:41:02
잡알리오,근로복지공단,[울산병원] 별정직 의사(산부인과) 채용 공고,보건.의료 / 별정직,신입,정규직,울산,,2026-09-07,https://job.alio.go.kr/recruitview.do?idx=304375,,2026-09-07 17:41:03
잡알리오,경상국립대학교병원,2026년 하반기 임상교수 채용 공고,보건.의료 / 의사직,신입+경력,정규직,경남,,2026-09-03,https://job.alio.go.kr/recruitview.do?idx=304376,,2026-09-07 17:41:04
잡알리오,근로복지공단,[울산병원] 별정직 의사(가정의학과) 채용 공고,보건.의료 / 별정직,신입,정규직,울산,,2026-09-07,https://job.alio.go.kr/recruitview.do?idx=304377,,2026-09-07 17:41:04
잡알리오,경상국립대학교병원,2026년 하반기 진료교수 채용 공고,보건.의료 / 의사직,신입+경력,비정규직,경남,,2026-09-03,https://job.alio.go.kr/recruitview.do?idx=304378,,2026-09-07 17:41:05
잡알리오,근로복지공단,[울산병원] 별정직 의사(이비인후과) 채용 공고,보건.의료 / 별정직,신입,정규직,울산,,2026-09-07,https://job.alio.go.kr/recruitview.do?idx=304379,,2026-09-07 17:41:06
잡알리오,근로복지공단,[울산병원] 별정직 의사(신경과) 채용 공고,보건.의료 / 별정직,신입,정규직,울산,,2026-09-07,https://job.alio.go.kr/recruitview.do?idx=304380,,2026-09-07 17:41:06
잡알리오,경상국립대학교병원,"2026년 전문직1등급(촉탁의, 영상의학과) 채용 공고",보건.의료 / 의사직,신입+경력,비정규직,경남,,2026-12-31,https://job.alio.go.kr/recruitview.do?idx=304381,,2026-09-07 17:41:08
잡알리오,대한적십자사,"[영주적십자병원] 정규직(보험심사, 조리사), 계약직(취사원(고령), 간호사(상근직), 간호조무사(상근직), 사무보조원(장애)), 육아휴직대체 사무보조원 공개채용 공고","보건.의료 / 간호직,기능직",신입,"비정규직 
										외 1",경북,,2026-09-13,https://job.alio.go.kr/recruitview.do?idx=304383,,2026-09-07 17:41:09
잡알리오,경상국립대학교병원,2026년 전문직1등급(촉탁의) 채용 공고,보건.의료 / 의사직,신입+경력,비정규직,경남,,2026-12-31,https://job.alio.go.kr/recruitview.do?idx=304382,,2026-09-07 17:41:09
잡알리오,한국토지주택공사,(수정) 한국토지주택공사 경기남부지역본부 기간제근로자 채용공고,"경영.회계.사무,법률.경찰.소방.교도.국방,사회복지.종교,건설,환경.에너지.안전 / 계약직",신입+경력,비정규직,경기,,2026-09-04,https://job.alio.go.kr/recruitview.do?idx=304384,,2026-09-07 17:41:10
잡알리오,분당서울대학교병원,2026년도 분당서울대학교병원 임상강사(Fellow) 4차 추가초빙,보건.의료 / 의사직,신입+경력,정규직,경기,,2026-09-10,https://job.alio.go.kr/recruitview.do?idx=304386,,2026-09-07 17:41:11
잡알리오,한국의료기기안전정보원,2026년 제3차 한국의료기기안전정보원 직원(기간제 근로자) 채용공고,"사업관리,경영.회계.사무,보건.의료,정보통신 / 일반직,행정직,경영직,사무직,전산직",신입+경력,비정규직,서울,,2026-09-16,https://job.alio.go.kr/recruitview.do?idx=304387,,2026-09-07 17:41:12
잡알리오,중소기업은행,IBK기업은행 전문계약직(보건관리자) 채용공고,"보건.의료 / 계약직,전문직",경력,비정규직,서울,,2026-09-21,https://job.alio.go.kr/recruitview.do?idx=304388,,2026-09-07 17:41:13
잡알리오,중소기업은행,IBK기업은행 전문계약직(소방안전관리자) 채용공고,"법률.경찰.소방.교도.국방 / 계약직,전문직",신입+경력,비정규직,서울,,2026-09-21,https://job.alio.go.kr/recruitview.do?idx=304389,,2026-09-07 17:41:13
잡알리오,(주)강원랜드,(주)강원랜드 2026년 특수직무 기간제 근로자 모집 공고,운전.운송 / 계약직,신입,비정규직,강원,,2026-09-03,https://job.alio.go.kr/recruitview.do?idx=304390,,2026-09-07 17:41:14
잡알리오,한국해양수산연수원,한국해양수산연수원 2026년도 개방형계약직(감사실장) 채용 공고,"사업관리,경영.회계.사무,법률.경찰.소방.교도.국방 / 행정직,경영직,관리직",경력,비정규직,부산,,2026-09-11,https://job.alio.go.kr/recruitview.do?idx=304391,,2026-09-07 17:41:15
잡알리오,중소기업은행,IBK기업은행 전문계약직(사격선수) 채용공고,"이용.숙박.여행.오락.스포츠 / 계약직,전문직",신입+경력,비정규직,"서울 
										외 16",,2026-09-21,https://job.alio.go.kr/recruitview.do?idx=304392,,2026-09-07 17:41:16
잡알리오,국립중앙의료원,계약직 전문의 채용 공고(외과),보건.의료 / 의사직,신입+경력,비정규직,서울,,2026-09-14,https://job.alio.go.kr/recruitview.do?idx=304393,,2026-09-07 17:41:17
잡알리오,중소기업은행,IBK기업은행 전문계약직(사격단 트레이너) 채용공고,"이용.숙박.여행.오락.스포츠 / 계약직,전문직",경력,비정규직,"서울 
										외 16",,2026-09-21,https://job.alio.go.kr/recruitview.do?idx=304394,,2026-09-07 17:41:18
잡알리오,한국장애인고용공단,[한국장애인고용공단 충남지사·충북지사] 대체근로자(체험형 청년인턴) 채용 공고,"경영.회계.사무,사회복지.종교 / 일반직,행정직,사무직,계약직,상담직",신입+경력,"비정규직 
										외 1","충남 
										외 1",,2026-09-07,https://job.alio.go.kr/recruitview.do?idx=304395,,2026-09-07 17:41:19
잡알리오,한국환경연구원,[한국환경연구원] 임시직(공공기관 적응대책) 채용공고(0828),연구 / 연구직,신입+경력,비정규직,세종,,2026-09-14,https://job.alio.go.kr/recruitview.do?idx=304396,,2026-09-07 17:41:20
잡알리오,한국환경연구원,[한국환경연구원] 임시직(기후위기 적응) 채용 공고(0828),연구 / 연구직,신입+경력,비정규직,세종,,2026-09-14,https://job.alio.go.kr/recruitview.do?idx=304397,,2026-09-07 17:41:20
잡알리오,한국산업은행,한국산업은행 2027년 5급 신입행원(일반) 채용공고,금융.보험 / 일반직,신입,정규직,"서울 
										외 15",,2026-09-14,https://job.alio.go.kr/recruitview.do?idx=304398,,2026-09-07 17:41:21
잡알리오,예금보험공사,2026년도 예금보험공사 신입직원 채용안내,"경영.회계.사무,금융.보험,영업판매,정보통신 / 일반직,사무직",신입,정규직,서울,,2026-09-11,https://job.alio.go.kr/recruitview.do?idx=304400,,2026-09-07 17:41:23
잡알리오,한국산업은행,한국산업은행 2027년 5급 신입행원(변호사) 채용공고,"금융.보험,법률.경찰.소방.교도.국방 / 일반직",신입,정규직,"서울 
										외 15",,2026-09-14,https://job.alio.go.kr/recruitview.do?idx=304399,,2026-09-07 17:41:23
잡알리오,학교법인한국폴리텍,한국폴리텍대학 영남융합기술캠퍼스 체험형 청년인턴(장애) 채용 공고,"경영.회계.사무 / 사무직,계약직",신입+경력,청년인턴(체험형),대구,,2026-09-06,https://job.alio.go.kr/recruitview.do?idx=304401,,2026-09-07 17:41:25
잡알리오,한국수산자원공단,한국수산자원공단 2026년 개방직위(어업혁신본부장) 공개 모집(재공고),"사업관리,경영.회계.사무,농림어업 / 관리직,기타(개방형 계약직)",경력,비정규직,부산,,2026-09-14,https://job.alio.go.kr/recruitview.do?idx=304402,,2026-09-07 17:41:26
잡알리오,한국마사회,"2026년 제2차 한국마사회 체험형 청년인턴 채용공고(장애인, 사회형평, 말산업 전문)","경영.회계.사무,문화.예술.디자인.방송,이용.숙박.여행.오락.스포츠,정보통신,농림어업 / 사무직,기술직",신입,청년인턴(체험형),"부산 
										외 2",,2026-09-16,https://job.alio.go.kr/recruitview.do?idx=304403,,2026-09-07 17:41:26
잡알리오,한국마사회,2026년도 한국마사회 위촉직(비서) 채용공고,경영.회계.사무 / 계약직,신입,비정규직,"부산 
										외 1",,2026-09-14,https://job.alio.go.kr/recruitview.do?idx=304404,,2026-09-07 17:41:27
잡알리오,한국지능정보사회진흥원,2026년 한국지능정보사회진흥원 하반기 정규직 및 무기계약직(일반직) 채용공고,"사업관리,경영.회계.사무,전기.전자,정보통신 / 일반직,행정직,경영직,사무직,관리직",신입+경력,"무기계약직 
										외 1","대구 
										외 1",,2026-09-14,https://job.alio.go.kr/recruitview.do?idx=304405,,2026-09-07 17:41:28
잡알리오,한국수자원공사,[한국수자원공사] (2차 재공고) 한강경영처 사회형평적 인재 단기계약근로자(시설관리) 채용 공고(장애인 제한채용),경비.청소 / 계약직,신입+경력,비정규직,경기,,2026-09-14,https://job.alio.go.kr/recruitview.do?idx=304406,,2026-09-07 17:41:28
잡알리오,대한적십자사,(수정) 대한적십자사 서울지사 고령직(서울적십자연수원 관리직원) 채용공고,경영.회계.사무 / 계약직,신입,비정규직,서울,,2026-09-05,https://job.alio.go.kr/recruitview.do?idx=304407,,2026-09-07 17:41:28
잡알리오,한국법무보호복지공단,2026년 한국법무보호복지공단 광주지부 육아휴직대체직(취업지원직) 경력경쟁채용 시험 공고,"사회복지.종교 / 행정직,사무직,계약직",경력,비정규직,전남광주,,2026-09-16,https://job.alio.go.kr/recruitview.do?idx=304408,,2026-09-07 17:41:30
잡알리오,한국법무보호복지공단,2026년 한국법무보호복지공단 울산지부 심리상담직(육아휴직대체직) 경력경쟁채용시험 공고,"사회복지.종교 / 행정직,계약직,상담직",경력,비정규직,울산,,2026-09-16,https://job.alio.go.kr/recruitview.do?idx=304409,,2026-09-07 17:41:31
잡알리오,서울대학교치과병원,서울대학교치과병원 단시간근무자(치과위생사) 채용 공고,보건.의료 / 보건직,신입+경력,비정규직,서울,,2026-09-14,https://job.alio.go.kr/recruitview.do?idx=304410,,2026-09-07 17:41:31
잡알리오,서울대학교치과병원,서울대학교치과병원 단시간근무자(간호조무사) 채용 공고,보건.의료 / 기타(간호원무직),신입+경력,비정규직,서울,,2026-09-14,https://job.alio.go.kr/recruitview.do?idx=304411,,2026-09-07 17:41:32
잡알리오,서울대학교치과병원,서울대학교치과병원 단시간근무자(장애인 제한경쟁) 채용 공고,보건.의료 / 기타(원무직),신입+경력,비정규직,서울,,2026-09-14,https://job.alio.go.kr/recruitview.do?idx=304412,,2026-09-07 17:41:33
잡알리오,국토연구원,"국토연구원 2026년 제3차 청년인턴 공개채용(장애인제한경쟁, 일반경쟁)",경영.회계.사무 / 행정직,신입,청년인턴(체험형),세종,,2026-09-14,https://job.alio.go.kr/recruitview.do?idx=304413,,2026-09-07 17:41:33
잡알리오,한전KDN,한전KDN(주) 광주전남본부 AMI분야 비정규직 모집공고,정보통신 / 기타(일용직),신입+경력,비정규직,전남광주,,2026-09-15,https://job.alio.go.kr/recruitview.do?idx=304414,,2026-09-07 17:41:34
잡알리오,한국한의학연구원,2026년 6차 육아휴직 대체인력(계약직) 공개채용 공고,경영.회계.사무 / 행정직,신입+경력,비정규직,대전,,2026-09-09,https://job.alio.go.kr/recruitview.do?idx=304415,,2026-09-07 17:41:35
잡알리오,한국전력기술주식회사,2026년도 장애인 별도직무(DDCC 문서관리) 기간제 근로자 채용공고,경영.회계.사무 / 기타,신입,비정규직,경북,,2026-09-15,https://job.alio.go.kr/recruitview.do?idx=304416,,2026-09-07 17:41:36
잡알리오,한국조세재정연구원,[한국조세재정연구원] 연구위원급(Research Fellow) 채용,연구 / 연구직,신입+경력,정규직,세종,,2026-09-16,https://job.alio.go.kr/recruitview.do?idx=304417,,2026-09-07 17:41:36
잡알리오,기초과학연구원,2026-3 Recruitment Announce for Senior Researcher and Postdoctoral Research Associate Positions  at the Center for Exotic Nuclear Studies,연구 / 연구직,신입+경력,비정규직,대전,,2026-09-16,https://job.alio.go.kr/recruitview.do?idx=304418,,2026-09-07 17:41:38
잡알리오,국립공원공단,[경주] 경주국립공원사무소 2026년 국립공원지킴이 3차(한시인력) 채용 공고,환경.에너지.안전 / 계약직,신입+경력,비정규직,경북,,2026-09-10,https://job.alio.go.kr/recruitview.do?idx=304419,,2026-09-07 17:41:39
잡알리오,국립공원공단,[북한산] 북한산국립공원사무소 기간제(환경관리) 직원 채용 공고,"경비.청소,환경.에너지.안전 / 계약직",신입+경력,비정규직,"서울 
										외 1",,2026-09-14,https://job.alio.go.kr/recruitview.do?idx=304421,,2026-09-07 17:41:41
잡알리오,한국지능정보사회진흥원,(수정) 2026년 한국지능정보사회진흥원 2차 전문계약직(책임형기술지원센터) 채용공고(제한경쟁),"사업관리,전기.전자,정보통신 / 일반직,행정직,사무직,계약직",경력,비정규직,대구,,2026-07-30,https://job.alio.go.kr/recruitview.do?idx=304420,,2026-09-07 17:41:41
잡알리오,경북대학교병원,2026년 제5차 단기 결원 대체인력풀(POOL) 모집 공고,"보건.의료 / 운영직,기타(의료기술, 간호조무)",신입,비정규직,대구,,2026-09-15,https://job.alio.go.kr/recruitview.do?idx=304422,,2026-09-07 17:41:42
잡알리오,한국해양과학기술원,[제26-03-06호]한국해양과학기술원 2026년 3차 직원(육아휴직 대체인력) 공개채용,"사업관리,경영.회계.사무,운전.운송 / 일반직,행정직,사무직,기술직,계약직,기타(기관사)",신입+경력,비정규직,"경남 
										외 1",,2026-09-15,https://job.alio.go.kr/recruitview.do?idx=304424,,2026-09-07 17:41:43
잡알리오,(재)우체국물류지원단,"우체국물류지원단 경인지사 부천,고양,안양,수원사업소 추석 특별소통 단기 기간제(운전직, 운송직) 채용 공고","운전.운송 / 기타(운전직,운송직)",신입+경력,비정규직,경기,,2026-09-10,https://job.alio.go.kr/recruitview.do?idx=304423,,2026-09-07 17:41:43
잡알리오,한전KDN,한전KDN(주) 보안관제 프로젝트 계약근로자 채용공고,정보통신 / 계약직,신입+경력,비정규직,충남,,2026-09-15,https://job.alio.go.kr/recruitview.do?idx=304425,,2026-09-07 17:41:45
잡알리오,한국체육산업개발(주),한국체육산업개발(주) 전임직 채용공고,이용.숙박.여행.오락.스포츠 / 운영직,신입+경력,무기계약직,"서울 
										외 1",,2026-09-14,https://job.alio.go.kr/recruitview.do?idx=304426,,2026-09-07 17:41:46
잡알리오,학교법인한국폴리텍,한국폴리텍대학 구미캠퍼스 비정규직 직원(휴직 대체인력) 공개 채용,경영.회계.사무 / 사무직,신입+경력,비정규직,경북,,2026-09-08,https://job.alio.go.kr/recruitview.do?idx=304427,,2026-09-07 17:41:47
잡알리오,한국체육산업개발(주),한국체육산업개발(주) 지원직 채용공고,"경비.청소,이용.숙박.여행.오락.스포츠 / 위생직,운영직",신입+경력,무기계약직,"서울 
										외 4",,2026-09-14,https://job.alio.go.kr/recruitview.do?idx=304428,,2026-09-07 17:41:48
잡알리오,한국전력공사,2026년도 1차 연구직 채용공고,"사업관리,건설,기계,화학,전기.전자,정보통신,환경.에너지.안전,연구 / 연구직",신입+경력,정규직,"대전 
										외 1",,2026-09-14,https://job.alio.go.kr/recruitview.do?idx=304429,,2026-09-07 17:41:48
잡알리오,근로복지공단,[태백병원] 의료직(약사) 4급 채용 공고,보건.의료 / 약무직,신입,정규직,강원,,2026-09-10,https://job.alio.go.kr/recruitview.do?idx=304430,,2026-09-07 17:41:49
잡알리오,근로복지공단,[태백병원] 기간제 의사(병동당직의) 채용 공고,보건.의료 / 계약직,신입,비정규직,강원,,2026-09-07,https://job.alio.go.kr/recruitview.do?idx=304431,,2026-09-07 17:41:50
잡알리오,신용보증기금,2026년도 하반기 신용보증기금 신입직원 채용,"경영.회계.사무,금융.보험,정보통신 / 일반직,사무직",신입,정규직,"서울 
										외 15",,2026-09-16,https://job.alio.go.kr/recruitview.do?idx=304432,,2026-09-07 17:41:50
잡알리오,한국소방산업기술원,2026년 제2차 한국소방산업기술원 체험형 청년인턴 채용,"경영.회계.사무,기계,화학,섬유.의복,전기.전자,환경.에너지.안전 / 계약직",신입,청년인턴(체험형),"경기 
										외 1",,2026-09-14,https://job.alio.go.kr/recruitview.do?idx=304433,,2026-09-07 17:41:51
잡알리오,한국교육과정평가원,2026년 10월 한국교육과정평가원 비정규직원 모집 공고,"경영.회계.사무,교육.자연.사회과학 / 행정직,연구직",신입,비정규직,충북,,2026-09-10,https://job.alio.go.kr/recruitview.do?idx=304434,,2026-09-07 17:41:51
잡알리오,동남권원자력의학원,2026년 제1차 동남권원자력의학원 직원채용 공고,"보건.의료 / 보건직,기타(일반업무직)",신입+경력,비정규직,부산,,2026-09-14,https://job.alio.go.kr/recruitview.do?idx=304435,,2026-09-07 17:41:53
잡알리오,국립중앙의료원,"의사직 및 계약직 전문의 채용 공고(응급의학과, 정신건강의학과)",보건.의료 / 의사직,신입+경력,"비정규직 
										외 1",서울,,2026-09-16,https://job.alio.go.kr/recruitview.do?idx=304436,,2026-09-07 17:41:53
잡알리오,한국스포츠레저(주),(수정) 2026년 한국스포츠레저(주) 전임·지원직 채용 공고,"경영.회계.사무,운전.운송 / 사무직,상담직,기타",신입+경력,"무기계약직 
										외 1",서울,,2026-08-14,https://job.alio.go.kr/recruitview.do?idx=304438,,2026-09-07 17:41:54
잡알리오,한국로봇산업진흥원,2026년 제2차 한국로봇산업진흥원 신규직원 채용,"사업관리,경영.회계.사무,경비.청소,건설,전기.전자,연구 / 일반직,행정직,사무직,기술직,공무직,계약직",신입,"무기계약직 
										외 3",대구,,2026-09-15,https://job.alio.go.kr/recruitview.do?idx=304439,,2026-09-07 17:41:55
잡알리오,(재)우체국물류지원단,"우체국물류지원단 대구지사 대구,안동,포항사업소 추석 특별소통 단기 기간제(운전직, 상하차) 채용 공고","운전.운송 / 기타(운전직, 상하차)",신입+경력,비정규직,"대구 
										외 1",,2026-09-06,https://job.alio.go.kr/recruitview.do?idx=304440,,2026-09-07 17:41:55
잡알리오,(재)우체국물류지원단,우체국물류지원단 부산지사 진주사업소 추석 특별소통 단기 기간제(운전직) 채용 공고,운전.운송 / 기타(운전직),신입+경력,비정규직,경남,,2026-09-07,https://job.alio.go.kr/recruitview.do?idx=304441,,2026-09-07 17:41:56
잡알리오,(재)우체국물류지원단,"우체국물류지원단 서울지사 동서울·의정부·성남·원주·강릉 사업소 추석 특별소통 단기 기간제(운전직, 운송직) 채용 공고","운전.운송 / 기타(운전직, 운송직)",신입+경력,비정규직,"서울 
										외 2",,2026-09-10,https://job.alio.go.kr/recruitview.do?idx=304442,,2026-09-07 17:41:57
잡알리오,학교법인한국폴리텍,한국폴리텍 다솜고등학교 업무직(대학운영직_조리원)채용 공고(7차),음식서비스 / 운영직,신입+경력,무기계약직,충북,,2026-09-10,https://job.alio.go.kr/recruitview.do?idx=304443,,2026-09-07 17:41:57
잡알리오,한국농어촌공사,한국농어촌공사 전문계약직(건축사) 채용 공고,건설 / 계약직,신입+경력,비정규직,전남광주,,2026-09-16,https://job.alio.go.kr/recruitview.do?idx=304444,,2026-09-07 17:41:58
잡알리오,충북대학교병원,2026년 9월 충북대학교병원 기간제근무자 모집 공고,보건.의료 / 계약직,신입+경력,비정규직,충북,,2026-09-15,https://job.alio.go.kr/recruitview.do?idx=304445,,2026-09-07 17:41:59
잡알리오,한국조폐공사,2026년도 제 2차 한국조폐공사 제지본부 기간제근로자 채용공고,"기계,화학,농림어업 / 계약직",신입,비정규직,충남,,2026-09-16,https://job.alio.go.kr/recruitview.do?idx=304446,,2026-09-07 17:42:00
잡알리오,학교법인한국폴리텍,한국폴리텍대학 강릉캠퍼스 지역대학장 공개초빙 공고,교육.자연.사회과학 / 경영직,경력,정규직,강원,,2026-09-08,https://job.alio.go.kr/recruitview.do?idx=304447,,2026-09-07 17:42:00
잡알리오,정보통신정책연구원,2026년 계약직연구원 공개채용(지능정보사회 정책연구),사업관리 / 연구직,신입+경력,비정규직,충북,,2026-09-16,https://job.alio.go.kr/recruitview.do?idx=304448,,2026-09-07 17:42:01
잡알리오,국가과학기술인력개발원,[국가과학기술인력개발원] 2026년 제4회 정규직 및 위촉직 채용,"사업관리,교육.자연.사회과학 / 연구직,계약직",신입+경력,"비정규직 
										외 1","대전 
										외 1",,2026-09-16,https://job.alio.go.kr/recruitview.do?idx=304449,,2026-09-07 17:42:02
잡알리오,한국해양진흥공사,한국해양진흥공사 하반기 정규직(신입사원) 채용,"사업관리,경영.회계.사무,금융.보험 / 일반직,경영직,사무직",신입,정규직,부산,,2026-09-15,https://job.alio.go.kr/recruitview.do?idx=304450,,2026-09-07 17:42:02
잡알리오,소프트웨어정책연구소,소프트웨어정책연구소 정규직(연구직) 및 무기계약직(연구직) 채용,연구 / 연구직,신입+경력,"무기계약직 
										외 1",경기,,2026-09-16,https://job.alio.go.kr/recruitview.do?idx=304451,,2026-09-07 17:42:03
잡알리오,한국환경보전원,대외환경협력처 기후변화대응팀 기간제(육아휴직 대체) 직원 채용공고,환경.에너지.안전 / 행정직,신입+경력,비정규직,서울,,2026-09-16,https://job.alio.go.kr/recruitview.do?idx=304452,,2026-09-07 17:42:04
잡알리오,한국원자력의학원,제2026-5기 한국원자력의학원 별정직 정기공개채용,"보건.의료,연구 / 별정직",신입+경력,비정규직,서울,,2026-09-16,https://job.alio.go.kr/recruitview.do?idx=304453,,2026-09-07 17:42:05
잡알리오,동남권원자력의학원,(수정) [직원채용] 동남권원자력의학원 박사후 연수연구원(첨단방사선종양연구팀) 공개 채용,연구 / 연구직,신입+경력,비정규직,부산,,2026-09-10,https://job.alio.go.kr/recruitview.do?idx=304454,,2026-09-07 17:42:05
잡알리오,한국원자력의학원,별정직 직원모집 공고(건강증진센터)_채용완료시 공고종료,보건.의료 / 별정직,신입+경력,비정규직,서울,,2026-12-31,https://job.alio.go.kr/recruitview.do?idx=304455,,2026-09-07 17:42:06
잡알리오,정보통신정책연구원,정보통신정책연구원 정규직 직원(연구책임자) 채용 재공고,연구 / 연구직,신입+경력,정규직,충북,,2026-09-16,https://job.alio.go.kr/recruitview.do?idx=304456,,2026-09-07 17:42:07
잡알리오,국립공원공단,[무등산] 2026년 무등산국립공원 한시인력(국립공원지킴이) 4차 채용공고,환경.에너지.안전 / 계약직,신입+경력,비정규직,전남광주,,2026-09-11,https://job.alio.go.kr/recruitview.do?idx=304457,,2026-09-07 17:42:07
잡알리오,(재)우체국물류지원단,"우체국물류지원단 대전지사 대전,청주,천안사업소 추석 특별소통 단기 기간제(운전직,상하차) 채용 공고","운전.운송 / 기타(운전직, 상하차)",신입+경력,비정규직,"대전 
										외 2",,2026-09-07,https://job.alio.go.kr/recruitview.do?idx=304458,,2026-09-07 17:42:09
잡알리오,대한적십자사,[대한적십자사 서울지사] 사무보조원(초단시간근로자-재난안전센터) 채용공고,경영.회계.사무 / 계약직,신입,비정규직,서울,,2026-09-08,https://job.alio.go.kr/recruitview.do?idx=304459,,2026-09-07 17:42:09
잡알리오,국립공원공단,[한려동부] 2026년 한려해상국립공원동부사무소 한시인력(수익시설) 직원 채용,이용.숙박.여행.오락.스포츠 / 계약직,신입+경력,비정규직,경남,,2026-09-15,https://job.alio.go.kr/recruitview.do?idx=304460,,2026-09-07 17:42:09
잡알리오,대한적십자사,[대한적십자사 서울지사] 사무보조원(초단시간근로자-북부봉사관) 채용공고,경영.회계.사무 / 계약직,신입,비정규직,서울,,2026-09-08,https://job.alio.go.kr/recruitview.do?idx=304461,,2026-09-07 17:42:11
잡알리오,근로복지공단,[대구병원] 공무직(전기기계통신기사_기계분야) 채용 공고,"보건.의료,기계 / 공무직",신입,무기계약직,대구,,2026-09-08,https://job.alio.go.kr/recruitview.do?idx=304462,,2026-09-07 17:42:11
잡알리오,소상공인시장진흥공단,2026년 소상공인시장진흥공단 하반기 청년인턴(2차) 채용 공고,"사업관리,경영.회계.사무 / 행정직,사무직",신입,청년인턴(체험형),대전,,2026-09-15,https://job.alio.go.kr/recruitview.do?idx=304464,,2026-09-07 17:42:13
잡알리오,한전KDN,한전KDN(주) 서울본부 강북지사 전력통신팀 OA설비 유지보수 및 단순정비 일용근로자 모집 공고,"전기.전자,정보통신 / 기타(일용직)",신입+경력,비정규직,서울,,2026-09-15,https://job.alio.go.kr/recruitview.do?idx=304463,,2026-09-07 17:42:13
잡알리오,한전KPS(주),한전KPS(주) 대구사업소 단기노무원 채용 5차('26년도 대구 열병합발전시설 정기점검보수공사),환경.에너지.안전 / 계약직,신입+경력,비정규직,대구,,2026-09-04,https://job.alio.go.kr/recruitview.do?idx=304465,,2026-09-07 17:42:14
잡알리오,근로복지공단,[대구병원] 기간제(사무원) 채용 공고,"경영.회계.사무,보건.의료 / 계약직",신입,비정규직,대구,,2026-09-08,https://job.alio.go.kr/recruitview.do?idx=304466,,2026-09-07 17:42:15
잡알리오,근로복지공단,[대구병원] 기간제(작업치료사) 채용 공고,보건.의료 / 계약직,신입,비정규직,대구,,2026-09-08,https://job.alio.go.kr/recruitview.do?idx=304467,,2026-09-07 17:42:15
잡알리오,국립중앙의료원,"계약직 간호사(간호부, 외상센터) 채용 공고",보건.의료 / 계약직,경력,비정규직,서울,,2026-09-16,https://job.alio.go.kr/recruitview.do?idx=304468,,2026-09-07 17:42:17
잡알리오,국립중앙의료원,계약직 간호사-휴직대체(진료행정팀) 채용 공고,보건.의료 / 계약직,신입+경력,비정규직,서울,,2026-09-16,https://job.alio.go.kr/recruitview.do?idx=304469,,2026-09-07 17:42:17
잡알리오,국립중앙의료원,계약직 전산행정-휴직대체(공공의료정보운영팀) 채용 공고,보건.의료 / 계약직,신입+경력,비정규직,서울,,2026-09-16,https://job.alio.go.kr/recruitview.do?idx=304470,,2026-09-07 17:42:19
잡알리오,국립중앙의료원,계약직 보건의료정보관리사-휴직대체(의무기록팀) 채용 공고,보건.의료 / 계약직,신입+경력,비정규직,서울,,2026-09-16,https://job.alio.go.kr/recruitview.do?idx=304471,,2026-09-07 17:42:19
잡알리오,국립공원공단,[월악산] 2026년 월악산국립공원사무소 한시인력(환경관리) 직원 채용,경비.청소 / 계약직,신입+경력,비정규직,충북,,2026-09-07,https://job.alio.go.kr/recruitview.do?idx=304472,,2026-09-07 17:42:20
잡알리오,국립중앙의료원,계약직 단시간근로자-임상병리사(진단검사의학과) 채용 공고,보건.의료 / 계약직,신입+경력,비정규직,서울,,2026-09-16,https://job.alio.go.kr/recruitview.do?idx=304473,,2026-09-07 17:42:21
잡알리오,국립중앙의료원,"계약직 연구원(감염병사업지원팀, 모자의료지원팀, 인력지원교육팀, 책임의료기관지원팀, 치매정책기획팀) 채용 공고",보건.의료 / 계약직,신입+경력,비정규직,서울,,2026-09-16,https://job.alio.go.kr/recruitview.do?idx=304474,,2026-09-07 17:42:22
잡알리오,(재)우체국물류지원단,우체국물류지원단 서울지사 동서울물류사업소 기간제(일용직_우편물구분) 채용 공고,운전.운송 / 기타(일용직(우편물구분)),신입+경력,비정규직,서울,,2026-09-30,https://job.alio.go.kr/recruitview.do?idx=304475,,2026-09-07 17:42:23
잡알리오,한국수자원공사,[한국수자원공사] (재공고) 거제권지사 단기계약근로자(수돗물 안심서비스 운영관리) 채용 공고,"경영.회계.사무,환경.에너지.안전 / 계약직",신입+경력,비정규직,경남,,2026-09-16,https://job.alio.go.kr/recruitview.do?idx=304476,,2026-09-07 17:42:23
잡알리오,한국문화관광연구원,한국문화관광연구원 위촉직원 채용 공고[2026-35],"연구 / 연구직,계약직",신입,비정규직,서울,,2026-09-08,https://job.alio.go.kr/recruitview.do?idx=304478,,2026-09-07 17:42:24
잡알리오,(재)우체국물류지원단,"우체국물류지원단 경인지사 안양,부평물류사업소 기간제(일용직_우편물구분) 채용 공고",운전.운송 / 기타(일용직(우편물구분)),신입+경력,비정규직,"인천 
										외 1",,2026-09-30,https://job.alio.go.kr/recruitview.do?idx=304477,,2026-09-07 17:42:25
잡알리오,국립중앙의료원,계약직 병동지원(간호부-순환기내과) 재공고,보건.의료 / 계약직,신입+경력,비정규직,서울,,2026-09-16,https://job.alio.go.kr/recruitview.do?idx=304479,,2026-09-07 17:42:26
잡알리오,국립중앙의료원,계약직 단시간근로자-간호조무사(소화기내과 내시경실) 재공고,보건.의료 / 계약직,신입+경력,비정규직,서울,,2026-09-16,https://job.alio.go.kr/recruitview.do?idx=304480,,2026-09-07 17:42:26
잡알리오,국립중앙의료원,계약직 주말약사(약제부) 재공고,보건.의료 / 계약직,신입+경력,비정규직,서울,,2026-09-16,https://job.alio.go.kr/recruitview.do?idx=304481,,2026-09-07 17:42:28
잡알리오,한국보훈복지의료공단,[중앙보훈병원] 기간제 직원 채용 공고(9월),"보건.의료,경비.청소 / 계약직",신입+경력,비정규직,서울,,2026-09-15,https://job.alio.go.kr/recruitview.do?idx=304482,,2026-09-07 17:42:28
잡알리오,한국보훈복지의료공단,[중앙보훈병원] 업무지원직 직원 채용 공고(9월),"보건.의료,경비.청소,음식서비스 / 공무직",신입+경력,무기계약직,서울,,2026-09-15,https://job.alio.go.kr/recruitview.do?idx=304483,,2026-09-07 17:42:29
잡알리오,한국보훈복지의료공단,[광주보훈병원] 계약직 보건직(임상심리사) - 휴직대체 직원 채용 공고,보건.의료 / 보건직,신입+경력,비정규직,전남광주,,2026-09-11,https://job.alio.go.kr/recruitview.do?idx=304484,,2026-09-07 17:42:30
잡알리오,한국등산·트레킹지원센터,2026년도 한국등산트레킹지원센터 기간제근로자(보훈 제한경쟁) 채용 공고,"경영.회계.사무 / 일반직,행정직,사무직",신입,비정규직,대전,,2026-09-15,https://job.alio.go.kr/recruitview.do?idx=304485,,2026-09-07 17:42:30
잡알리오,서울올림픽기념국민체육진흥공단,서울올림픽기념국민체육진흥공단 파크텔 지원직(호텔지원(식음서비스)) 채용 공고,음식서비스 / 기타,신입+경력,무기계약직,서울,,2026-09-16,https://job.alio.go.kr/recruitview.do?idx=304486,,2026-09-07 17:42:31
잡알리오,한국국제협력단,2026년 2차 KOICA 코디네이터 모집 선발 공고,사업관리 / 계약직,경력,비정규직,해외,,2026-09-16,https://job.alio.go.kr/recruitview.do?idx=304487,,2026-09-07 17:42:32
잡알리오,국립공원공단,국립공원공단 자원보전·AI 직무 체험형 청년인턴 채용,"경영.회계.사무,환경.에너지.안전 / 계약직",신입+경력,청년인턴(체험형),"대전 
										외 4",,2026-09-10,https://job.alio.go.kr/recruitview.do?idx=304488,,2026-09-07 17:42:32
잡알리오,한국가스공사,"2026년 하반기 일반직(신입, 경력), 연구직 및 별정직 채용공고","경영.회계.사무,법률.경찰.소방.교도.국방,보건.의료,건설,기계,화학,전기.전자,정보통신,환경.에너지.안전,연구 / 일반직,사무직,연구직,기술직,별정직",신입+경력,정규직,"서울 
										외 14",,2026-09-15,https://job.alio.go.kr/recruitview.do?idx=304489,,2026-09-07 17:42:33
잡알리오,한국장학재단,"한국장학재단 2026년 하반기 종합직 채용 공고(일반행정, IT 개발운영, 시설관리(경력))","사업관리,경영.회계.사무,금융.보험,건설,정보통신,환경.에너지.안전 / 일반직,사무직,기술직",신입+경력,정규직,대구,,2026-09-15,https://job.alio.go.kr/recruitview.do?idx=304490,,2026-09-07 17:42:34
잡알리오,건축공간연구원,건축공간연구원 위촉직 모집,연구 / 연구직,신입+경력,비정규직,세종,,2026-09-16,https://job.alio.go.kr/recruitview.do?idx=304491,,2026-09-07 17:42:35
잡알리오,한국직업능력연구원,[한국직업능력연구원] (재공고) 2026년도 제3차 청년인턴(보훈) 채용 공고,"경영.회계.사무,연구 / 행정직,사무직",신입,청년인턴(체험형),세종,,2026-09-16,https://job.alio.go.kr/recruitview.do?idx=304493,,2026-09-07 17:42:36
잡알리오,국립중앙의료원,무기계약직 간호조무사(간호부) 채용 공고,보건.의료 / 기타(간호조무사),신입+경력,무기계약직,서울,,2026-09-16,https://job.alio.go.kr/recruitview.do?idx=304494,,2026-09-07 17:42:37
잡알리오,인천국제공항공사,"2026년 신입직원(일반직, 안전보안직) 채용 공고","사업관리,경영.회계.사무,법률.경찰.소방.교도.국방,문화.예술.디자인.방송,건설,기계,전기.전자,정보통신,환경.에너지.안전 / 일반직,안전직",신입,정규직,인천,,2026-09-15,https://job.alio.go.kr/recruitview.do?idx=304492,,2026-09-07 17:42:37
잡알리오,국립중앙의료원,무기계약직 간호사(간호부) 채용 공고,보건.의료 / 간호직,경력,무기계약직,서울,,2026-09-16,https://job.alio.go.kr/recruitview.do?idx=304495,,2026-09-07 17:42:37
잡알리오,국립중앙의료원,업무지원직 콜센터 매니저(원무팀) 채용 공고,보건.의료 / 기타(콜센터),경력,무기계약직,서울,,2026-09-16,https://job.alio.go.kr/recruitview.do?idx=304496,,2026-09-07 17:42:38
잡알리오,국립중앙의료원,업무지원직 콜센터(원무팀) 채용 공고,보건.의료 / 기타(콜센터),신입+경력,무기계약직,서울,,2026-09-16,https://job.alio.go.kr/recruitview.do?idx=304497,,2026-09-07 17:42:39
잡알리오,국립중앙의료원,업무지원직 청소-보훈제한경쟁(시설팀) 채용 공고,"보건.의료,경비.청소 / 기타(청소)",신입+경력,무기계약직,서울,,2026-09-16,https://job.alio.go.kr/recruitview.do?idx=304498,,2026-09-07 17:42:40
잡알리오,전남대학교병원,(수정) 2026년 전남대학교병원 직원(방사선취급감독자) 상시 공개채용 공고,보건.의료 / 보건직,신입,정규직,전남광주,,2026-08-26,https://job.alio.go.kr/recruitview.do?idx=304499,,2026-09-07 17:42:41
잡알리오,한전KDN,한전KDN(주) 울산지사 AMI 유지보수 일용근로자 모집공고,정보통신 / 기타(일용직),신입+경력,비정규직,울산,,2026-09-16,https://job.alio.go.kr/recruitview.do?idx=304500,,2026-09-07 17:42:42
잡알리오,서울올림픽기념국민체육진흥공단,한국스포츠과학원 초빙연구원(나급) 채용 공고-스포츠반도핑 정보활동 및 조사체계 구축 연구,연구 / 계약직,신입+경력,비정규직,서울,,2026-09-17,https://job.alio.go.kr/recruitview.do?idx=304501,,2026-09-07 17:42:43
잡알리오,한국토지주택공사,한국토지주택공사 토지주택연구원 기간제근로자 채용공고,"연구 / 연구직,계약직",신입+경력,비정규직,대전,,2026-09-17,https://job.alio.go.kr/recruitview.do?idx=304502,,2026-09-07 17:42:43
잡알리오,서울올림픽기념국민체육진흥공단,(수정) 한국스포츠과학원 분석연구원(나급) 채용공고-2026년 장애인 선수 현장밀착형 스포츠과학지원,연구 / 계약직,신입+경력,비정규직,경기,,2026-08-24,https://job.alio.go.kr/recruitview.do?idx=304503,,2026-09-07 17:42:44
잡알리오,한국보건의료인국가시험원,2026년도 제5차 한국보건의료인국가시험원 대체인력(기간제직원) 채용 공고 (인재채움뱅크),경영.회계.사무 / 일반직,신입+경력,비정규직,서울,,2026-09-17,https://job.alio.go.kr/recruitview.do?idx=304504,,2026-09-07 17:42:45
잡알리오,한국장애인고용공단,[한국장애인고용공단 전남지사]2026년 체험형 청년인턴(대체근로자) 채용,"경영.회계.사무,사회복지.종교 / 사무직,계약직,상담직,기타(장애인취업성공패키지 업무 전반)",신입+경력,"비정규직 
										외 1",전남광주,,2026-09-10,https://job.alio.go.kr/recruitview.do?idx=304505,,2026-09-07 17:42:45
잡알리오,학교법인한국폴리텍,"(수정) 2026년 한국폴리텍대학 항공캠퍼스 청년인턴(장애, 일반) 채용 공고",경영.회계.사무 / 행정직,신입+경력,청년인턴(체험형),경남,,2026-08-20,https://job.alio.go.kr/recruitview.do?idx=304506,,2026-09-07 17:42:47
잡알리오,한국마사회,한국마사회 경마지원직 채용공고(영천경마공원),"법률.경찰.소방.교도.국방,이용.숙박.여행.오락.스포츠 / 기타",신입,무기계약직,경북,,2026-09-16,https://job.alio.go.kr/recruitview.do?idx=304507,,2026-09-07 17:42:48
잡알리오,국립공원공단,[보전원] 국립공원야생생물보전원 국립공원지킴이(한시인력) 채용,"경비.청소,건설 / 계약직",신입+경력,비정규직,"경북 
										외 1",,2026-09-08,https://job.alio.go.kr/recruitview.do?idx=304508,,2026-09-07 17:42:49
잡알리오,근로복지공단,[동해병원] 기간제 의사(응급실전담의) 채용 공고,보건.의료 / 계약직,신입,비정규직,강원,,2026-09-09,https://job.alio.go.kr/recruitview.do?idx=304509,,2026-09-07 17:42:49
잡알리오,영화진흥위원회,2026년 대체인력(일반사무)-1 공개채용 공고,"경영.회계.사무,문화.예술.디자인.방송 / 사무직",신입,비정규직,부산,,2026-09-17,https://job.alio.go.kr/recruitview.do?idx=304510,,2026-09-07 17:42:50
잡알리오,영화진흥위원회,2026년 대체인력(일반사무)-2 공개채용 공고,"경영.회계.사무,문화.예술.디자인.방송 / 사무직",신입,비정규직,부산,,2026-09-17,https://job.alio.go.kr/recruitview.do?idx=304511,,2026-09-07 17:42:51
잡알리오,국립공원공단,[지리산경남] 지리산국립공원경남사무소 2026년 하반기 국립공원지킴이 채용 공고,환경.에너지.안전 / 계약직,신입+경력,비정규직,경남,,2026-09-16,https://job.alio.go.kr/recruitview.do?idx=304512,,2026-09-07 17:42:51
잡알리오,한국학중앙연구원,행정직 채용 공고,"사업관리,경영.회계.사무 / 일반직,행정직,경영직,사무직",신입+경력,정규직,경기,,2026-09-17,https://job.alio.go.kr/recruitview.do?idx=304513,,2026-09-07 17:42:52
잡알리오,근로복지공단,[동해병원] 기간제 의사(산부인과) 채용 공고,보건.의료 / 계약직,신입,비정규직,강원,,2026-09-09,https://job.alio.go.kr/recruitview.do?idx=304514,,2026-09-07 17:42:54
잡알리오,한국수자원공사,[한국수자원공사] (재공고) 전남북부권지사 실무직(사무관리_고객관리) 채용 공고,경영.회계.사무 / 기타(실무직(무기계약직)),신입+경력,무기계약직,전남광주,,2026-09-16,https://job.alio.go.kr/recruitview.do?idx=304515,,2026-09-07 17:42:54
잡알리오,국립공원공단,[팔공산서부]2026년 팔공산국립공원서부사무소 국립공원지킴이 채용(3차) 공고,경비.청소 / 계약직,신입+경력,비정규직,경북,,2026-09-07,https://job.alio.go.kr/recruitview.do?idx=304516,,2026-09-07 17:42:55
잡알리오,한국학중앙연구원,전문직(상담) 채용 공고,"교육.자연.사회과학,사회복지.종교 / 전문직,상담직",신입+경력,정규직,경기,,2026-09-17,https://job.alio.go.kr/recruitview.do?idx=304517,,2026-09-07 17:42:56
잡알리오,한국수자원공사,[한국수자원공사] 영·섬유역협력단 남원현대화사업소 노후 상수관망 정비사업 특수직(기술관리_건설사업) 채용 공고,"사업관리,건설,기계,전기.전자,정보통신,환경.에너지.안전 / 계약직",신입+경력,비정규직,전북,,2026-09-16,https://job.alio.go.kr/recruitview.do?idx=304518,,2026-09-07 17:42:56
잡알리오,한국수자원공사,[한국수자원공사] 영·섬유역협력단 익산현대화사업소 '26년 노후 상수관망 정비사업 특수직(기술관리_건설사업) 채용 공고,"사업관리,건설,기계,전기.전자,정보통신,환경.에너지.안전 / 계약직",신입+경력,비정규직,전북,,2026-09-16,https://job.alio.go.kr/recruitview.do?idx=304519,,2026-09-07 17:42:58
잡알리오,한전KPS(주),한전KPS(주) 청주시운전부 정비보조 단기노무원 3차 채용,기계 / 계약직,신입+경력,비정규직,충북,,2026-09-07,https://job.alio.go.kr/recruitview.do?idx=304520,,2026-09-07 17:42:58
잡알리오,한국수자원공사,[한국수자원공사] 영·섬유역협력단 김제현대화사업소 '26년 노후 상수관망 정비사업 특수직(기술관리_건설사업) 채용 공고,"사업관리,건설,기계,전기.전자,정보통신,환경.에너지.안전 / 계약직",신입+경력,비정규직,전북,,2026-09-16,https://job.alio.go.kr/recruitview.do?idx=304521,,2026-09-07 17:43:00
잡알리오,한국수자원공사,[한국수자원공사] 영·섬유역협력단 진안현대화사업소 '26년 노후 상수관망 정비사업 특수직(기술관리_건설사업) 채용 공고,"사업관리,건설,기계,전기.전자,정보통신,환경.에너지.안전 / 계약직",신입+경력,비정규직,전북,,2026-09-16,https://job.alio.go.kr/recruitview.do?idx=304522,,2026-09-07 17:43:00
잡알리오,한전KPS(주),한전KPS(주) 서울경기전력지사 구리지점 단기노무원(부지정비공) 모집,전기.전자 / 기타(부지정비공),신입+경력,비정규직,경기,,2026-09-07,https://job.alio.go.kr/recruitview.do?idx=304523,,2026-09-07 17:43:01
잡알리오,(재)우체국물류지원단,우체국물류지원단 서울지사 동서울물류사업소 추석 특별소통 단기 기간제(일용직_우편물구분) 채용 공고,운전.운송 / 기타(일용직(우편물구분)),신입+경력,비정규직,서울,,2026-09-11,https://job.alio.go.kr/recruitview.do?idx=304524,,2026-09-07 17:43:02
잡알리오,국립공원공단,[한려동부] 2026년 한려해상국립공원동부사무소 한시인력(국립공원지킴이) 직원 채용,경비.청소 / 계약직,신입+경력,비정규직,경남,,2026-09-16,https://job.alio.go.kr/recruitview.do?idx=304525,,2026-09-07 17:43:02
잡알리오,한국학중앙연구원,사서직 채용 공고,"사업관리,교육.자연.사회과학 / 기타(사서직)",신입+경력,정규직,경기,,2026-09-17,https://job.alio.go.kr/recruitview.do?idx=304526,,2026-09-07 17:43:03
잡알리오,한국콘텐츠진흥원,2026년 4분기 한국콘텐츠진흥원 신입직원 채용 공고,"사업관리 / 일반직,행정직,사무직",신입,정규직,전남광주,,2026-09-28,https://job.alio.go.kr/recruitview.do?idx=304527,,2026-09-07 17:43:04
잡알리오,한국환경연구원,한국환경연구원 2026년 하반기 KOICA 영프로페셔널(YP인턴) 공개채용,"사업관리,환경.에너지.안전 / 행정직,연구직",신입+경력,청년인턴(체험형),세종,,2026-09-22,https://job.alio.go.kr/recruitview.do?idx=304528,,2026-09-07 17:43:05
잡알리오,한식진흥원,2026년 제4차 한식진흥원 공개채용 공고,"경영.회계.사무,문화.예술.디자인.방송 / 일반직,행정직,사무직",신입+경력,정규직,"서울 
										외 1",,2026-09-18,https://job.alio.go.kr/recruitview.do?idx=304529,,2026-09-07 17:43:06
잡알리오,한국콘텐츠진흥원,"206년 4분기 한국콘텐츠진흥원 공무직원(환경미화(보훈), 조리) 채용 공고","경비.청소,음식서비스 / 공무직",신입,무기계약직,"서울 
										외 1",,2026-09-16,https://job.alio.go.kr/recruitview.do?idx=304530,,2026-09-07 17:43:06
잡알리오,한국장애인고용공단,[경기남부직업능력개발원] 특정업무직(운영지원직) 시설정비원(주간) 채용,"기계,환경.에너지.안전 / 시설직,운영직",신입+경력,"무기계약직 
										외 1",경기,,2026-09-14,https://job.alio.go.kr/recruitview.do?idx=304531,,2026-09-07 17:43:07
잡알리오,대한적십자사,"상주적십자병원 직원(정규직 간호사, 정규직 간호조무사, 정규직 기술직_운전원, 비정규직 사무보조원, 비정규직 임상병리사) 모집 공고","보건.의료,사회복지.종교,운전.운송 / 기술직,간호직,보건직,기능직",신입,"비정규직 
										외 1",경북,,2026-09-18,https://job.alio.go.kr/recruitview.do?idx=304532,,2026-09-07 17:43:08
잡알리오,한국학중앙연구원,비정규직(휴직 대체인력) 채용 공고,"사업관리,경영.회계.사무,문화.예술.디자인.방송 / 기능직,계약직,전문직,기타(사서직)",신입+경력,비정규직,경기,,2026-09-17,https://job.alio.go.kr/recruitview.do?idx=304533,,2026-09-07 17:43:09
잡알리오,한국장애인고용공단,[경기남부직업능력개발원] 기간제근로자(전산관리원 대체인력) 공개경쟁 채용,정보통신 / 운영직,신입+경력,비정규직,경기,,2026-09-14,https://job.alio.go.kr/recruitview.do?idx=304534,,2026-09-07 17:43:11
잡알리오,한국콘텐츠진흥원,2026년 4분기 한국콘텐츠진흥원 경력직원 채용 공고,"사업관리,경영.회계.사무,연구 / 일반직,행정직,사무직,연구직",경력,무기계약직,전남광주,,2026-09-16,https://job.alio.go.kr/recruitview.do?idx=304535,,2026-09-07 17:43:11
잡알리오,대한적십자사,2026년도 제4차 혈액관리본부 소속기관 원장 신규채용 공고(중부혈액검사센터),보건.의료 / 의사직,신입+경력,비정규직,대전,,2026-09-17,https://job.alio.go.kr/recruitview.do?idx=304536,,2026-09-07 17:43:12
잡알리오,한전KDN,한전KDN(주) 대구본부 AMI분야 작업원 모집공고,"전기.전자,정보통신 / 기타(일용직)",신입+경력,비정규직,"대구 
										외 1",,2026-09-17,https://job.alio.go.kr/recruitview.do?idx=304537,,2026-09-07 17:43:13
잡알리오,한국콘텐츠진흥원,2026년 4분기 한국콘텐츠진흥원 기간제 계약직원 채용 공고,"사업관리,건설 / 일반직,행정직,사무직,관리직",경력,비정규직,서울,,2026-09-16,https://job.alio.go.kr/recruitview.do?idx=304538,,2026-09-07 17:43:14
잡알리오,대한적십자사,2026년도 제9차 혈액관리본부 소속기관 의무직 신규채용 공고(중앙혈액검사센터),보건.의료 / 의사직,신입,비정규직,서울,,2026-09-17,https://job.alio.go.kr/recruitview.do?idx=304539,,2026-09-07 17:43:14
잡알리오,한국학중앙연구원,교원 초빙 공고,교육.자연.사회과학 / 교수직,신입+경력,정규직,경기,,2026-09-17,https://job.alio.go.kr/recruitview.do?idx=304540,,2026-09-07 17:43:15
잡알리오,제주대학교병원,제주대학교병원 원무직(업무보조) 모집공고,보건.의료 / 기타(원무직),신입+경력,정규직,제주,,2026-09-09,https://job.alio.go.kr/recruitview.do?idx=304542,,2026-09-07 17:43:16
잡알리오,한국교통안전공단,한국교통안전공단 경영지원본부 운영지원처 2026-제4차 기간제근로자 채용(청년인턴 사무_자립준비),"경영.회계.사무 / 행정직,계약직",신입,청년인턴(체험형),경북,,2026-09-22,https://job.alio.go.kr/recruitview.do?idx=304541,,2026-09-07 17:43:16
잡알리오,제주대학교병원,"제주대학교병원 휴직대체 계약직(보건의료정보관리사, 업무지원_환경) 모집공고",보건.의료 / 계약직,신입+경력,비정규직,제주,,2026-09-09,https://job.alio.go.kr/recruitview.do?idx=304543,,2026-09-07 17:43:17
잡알리오,극지연구소,2026년 하반기 육아휴직대체인력(기간제계약직/극지 우주과학) 공개채용 공고,"연구 / 연구직,계약직",신입+경력,비정규직,인천,,2026-09-18,https://job.alio.go.kr/recruitview.do?idx=304544,,2026-09-07 17:43:18
잡알리오,한국학중앙연구원,기능직(통신) 채용 공고,정보통신 / 기능직,신입+경력,정규직,경기,,2026-09-17,https://job.alio.go.kr/recruitview.do?idx=304545,,2026-09-07 17:43:18
잡알리오,한국보훈복지의료공단,[원주보훈요양원] 2026년 제2차 체험형 청년인턴(장애인) 채용,사회복지.종교 / 기타(체험형 청년인턴(장애인)),신입,청년인턴(체험형),강원,,2026-09-17,https://job.alio.go.kr/recruitview.do?idx=304546,,2026-09-07 17:43:19
잡알리오,한국교통안전공단,2026년 제4차 한국교통안전공단 시흥드론교육센터 기간제근로자 채용공고,"경영.회계.사무,운전.운송,경비.청소 / 행정직,계약직,기타(환경직)",신입,"비정규직 
										외 1",경기,,2026-09-22,https://job.alio.go.kr/recruitview.do?idx=304547,,2026-09-07 17:43:20
잡알리오,경북대학교병원,2026년 제4차 정규직 공개채용 공고,"보건.의료 / 행정직,보건직,기타(별정직, 의료기술직, 시설기술직, 원무직, 간호조무직, 운영지원직)",신입+경력,정규직,대구,,2026-09-16,https://job.alio.go.kr/recruitview.do?idx=304548,,2026-09-07 17:43:21
잡알리오,한국보훈복지의료공단,[원주보훈요양원] 2026년 휴직대체 계약직(물리치료사) 공개채용 공고,보건.의료 / 기타((사회복지직)),경력,비정규직,강원,,2026-09-17,https://job.alio.go.kr/recruitview.do?idx=304549,,2026-09-07 17:43:22
잡알리오,한국교통안전공단,2026년 제4차 한국교통안전공단 대전세종충남본부 기간제근로자(청년인턴(사무_장애)) 채용공고,경영.회계.사무 / 계약직,신입,청년인턴(체험형),"대전 
										외 2",,2026-09-22,https://job.alio.go.kr/recruitview.do?idx=304550,,2026-09-07 17:43:23
잡알리오,한국전력공사,2026년도 하반기 4직급 대졸수준 신입사원 채용공고,"경영.회계.사무,건설,전기.전자,정보통신 / 사무직,기술직,전산직",신입,정규직,"서울 
										외 15",,2026-09-16,https://job.alio.go.kr/recruitview.do?idx=304551,,2026-09-07 17:43:24
잡알리오,전남대학교병원,2026년 9월 전남대학교병원 직원(대체근로자) 공개채용 공고,보건.의료 / 계약직,신입,비정규직,전남광주,,2026-09-09,https://job.alio.go.kr/recruitview.do?idx=304552,,2026-09-07 17:43:25
잡알리오,정보통신정책연구원,2026년도 계약직 행정원 채용공고(휴직대체),사업관리 / 행정직,신입+경력,비정규직,충북,,2026-09-17,https://job.alio.go.kr/recruitview.do?idx=304553,,2026-09-07 17:43:25
잡알리오,동남권원자력의학원,[직원채용] 별정직 의사직(마취통증의학과) 공개 채용,보건.의료 / 의사직,신입+경력,비정규직,부산,,2026-09-16,https://job.alio.go.kr/recruitview.do?idx=304554,,2026-09-07 17:43:27
잡알리오,부산항만공사,부산항만공사 정규직(신입) 채용 공고,"경영.회계.사무,건설 / 일반직,사무직,기술직",신입,정규직,부산,,2026-09-17,https://job.alio.go.kr/recruitview.do?idx=304555,,2026-09-07 17:43:27
잡알리오,한국교통안전공단,2026년 한국교통안전공단 서울본부 기간제근로자 채용(통합4차) 공고,"경영.회계.사무,기계 / 계약직",신입,"비정규직 
										외 1",서울,,2026-09-22,https://job.alio.go.kr/recruitview.do?idx=304556,,2026-09-07 17:43:28
잡알리오,중소기업은행,2026년 하반기 IBK기업은행 일반직원(정규직) 수시채용 공고,"금융.보험,정보통신 / 일반직,기술직",신입+경력,정규직,"서울 
										외 16",,2026-09-21,https://job.alio.go.kr/recruitview.do?idx=304557,,2026-09-07 17:43:29
잡알리오,학교법인한국폴리텍,2026년 한국폴리텍대학 영주캠퍼스 업무직(대학운영직 조리원) 채용 공고,음식서비스 / 운영직,신입+경력,무기계약직,경북,,2026-09-08,https://job.alio.go.kr/recruitview.do?idx=304558,,2026-09-07 17:43:30
잡알리오,한국교통안전공단,2026년 제4차 한국교통안전공단 제주본부 기간제근로자 채용공고,경영.회계.사무 / 계약직,신입,청년인턴(체험형),제주,,2026-09-22,https://job.alio.go.kr/recruitview.do?idx=304559,,2026-09-07 17:43:31
잡알리오,학교법인한국폴리텍,한국폴리텍대학 창원캠퍼스 2026년 하반기 업무지원직(식당 단시간근로자) 5차 채용 공고,"음식서비스 / 기능직,계약직",신입+경력,비정규직,경남,,2026-09-07,https://job.alio.go.kr/recruitview.do?idx=304560,,2026-09-07 17:43:31
잡알리오,한국수목원정원관리원,2026년 제3차 국립정원문화원 기간제 근로자 채용 공고,교육.자연.사회과학 / 계약직,신입+경력,비정규직,전남광주,,2026-09-16,https://job.alio.go.kr/recruitview.do?idx=304568,,2026-09-07 17:43:32
잡알리오,한국교통안전공단,2026년 제4차 한국교통안전공단 부산본부 기간제근로자 채용공고,"경영.회계.사무,기계 / 계약직",신입,청년인턴(체험형),부산,,2026-09-22,https://job.alio.go.kr/recruitview.do?idx=304569,,2026-09-07 17:43:33
잡알리오,한국장애인개발원,[제2026-95호]2026년도 직업재활부(사업평가팀) 사회형평적(장애인)  청년인턴 채용 공고,"사회복지.종교 / 일반직,행정직",신입,청년인턴(체험형),서울,,2026-09-17,https://job.alio.go.kr/recruitview.do?idx=304570,,2026-09-07 17:43:34
잡알리오,한국해양조사협회,(수정) 한국해양조사협회 2026년 제3차 직원 공개 채용 공고(일반직),"경영.회계.사무,교육.자연.사회과학,재료 / 일반직",신입+경력,정규직,서울,,2026-07-29,https://job.alio.go.kr/recruitview.do?idx=304571,,2026-09-07 17:43:35
잡알리오,한국교통안전공단,2026년 제4차 한국교통안전공단 대구경북본부 기간제근로자 채용공고,경영.회계.사무 / 계약직,신입,청년인턴(체험형),"대구 
										외 1",,2026-09-22,https://job.alio.go.kr/recruitview.do?idx=304572,,2026-09-07 17:43:35
잡알리오,한전KDN,한전KDN(주) 울산지사 배전분야 일용원 모집공고,정보통신 / 기타(일용직),신입+경력,비정규직,울산,,2026-09-17,https://job.alio.go.kr/recruitview.do?idx=304573,,2026-09-07 17:43:36
잡알리오,한전KPS(주),한전KPS(주) 서울경기전력지사 수원지점 단기노무원(부지정리) 모집,전기.전자 / 계약직,신입+경력,비정규직,경기,,2026-09-11,https://job.alio.go.kr/recruitview.do?idx=304574,,2026-09-07 17:43:37
잡알리오,국립공원공단,[지리산전남] 2026년 하반기(2차) 국립공원지킴이 채용 공고,환경.에너지.안전 / 계약직,신입+경력,비정규직,전남광주,,2026-09-17,https://job.alio.go.kr/recruitview.do?idx=304575,,2026-09-07 17:43:38
잡알리오,한전KPS(주),한전KPS(주) 영흥사업처 5호기 계획예방정비공사 단기노무원 모집(전기2팀),"건설,전기.전자 / 계약직",신입+경력,비정규직,인천,,2026-09-10,https://job.alio.go.kr/recruitview.do?idx=304576,,2026-09-07 17:43:38
잡알리오,한국교통안전공단,2026년 제4차 한국교통안전공단 모빌리티지원센터 정책지원처 기간제근로자 채용 공고,경영.회계.사무 / 계약직,신입,청년인턴(체험형),경북,,2026-09-22,https://job.alio.go.kr/recruitview.do?idx=304578,,2026-09-07 17:43:39
잡알리오,한전KPS(주),한전KPS(주)서인천사업처 신인천 4CC 계획예방정비공사 청소세탁 단기노무원 채용공고,경영.회계.사무 / 기능직,신입+경력,비정규직,인천,,2026-09-10,https://job.alio.go.kr/recruitview.do?idx=304579,,2026-09-07 17:43:40
잡알리오,한전KPS(주),한전KPS(주) 한울1사업처 한울1호기 제27차 계획예방정비공사 단기노무원 채용 공고(2차),"건설,기계 / 계약직",신입+경력,비정규직,경북,,2026-09-16,https://job.alio.go.kr/recruitview.do?idx=304580,,2026-09-07 17:43:40
잡알리오,국립공원공단,[지리산전남] 가을성수기 기간제(수익시설 2차) 직원 채용 공고,이용.숙박.여행.오락.스포츠 / 계약직,신입+경력,비정규직,전남광주,,2026-09-09,https://job.alio.go.kr/recruitview.do?idx=304581,,2026-09-07 17:43:41
잡알리오,한전KPS(주),한전KPS(주) 서울경기전력지사 군포지점 단기노무원(부지정리) 모집,전기.전자 / 계약직,신입+경력,비정규직,"서울 
										외 1",,2026-09-11,https://job.alio.go.kr/recruitview.do?idx=304582,,2026-09-07 17:43:42
잡알리오,한국교통안전공단,2026년 제4차 한국교통안전공단 결함정책처 기간제근로자 채용 공고,경영.회계.사무 / 계약직,신입,비정규직,경기,,2026-09-22,https://job.alio.go.kr/recruitview.do?idx=304583,,2026-09-07 17:43:43
잡알리오,한국교통안전공단,2026년 제4차 한국교통안전공단 인천본부 기간제근로자 채용 공고,경영.회계.사무 / 계약직,신입,청년인턴(체험형),"인천 
										외 1",,2026-09-22,https://job.alio.go.kr/recruitview.do?idx=304584,,2026-09-07 17:43:43
잡알리오,한국교통안전공단,2026년 제4차 한국교통안전공단 첨단연구개발처 기간제근로자 채용공고,기계 / 계약직,신입,비정규직,경북,,2026-09-22,https://job.alio.go.kr/recruitview.do?idx=304585,,2026-09-07 17:43:44
잡알리오,주택관리공단(주),육아휴직 대체직 채용공고(주택관리공단 전북지사),"건설,기계,전기.전자,환경.에너지.안전 / 기술직",신입+경력,비정규직,전북,,2026-09-10,https://job.alio.go.kr/recruitview.do?idx=304586,,2026-09-07 17:43:45
잡알리오,주택관리공단(주),채용형 인턴 채용공고(주택관리공단 대구경북지사),"건설,기계,전기.전자,환경.에너지.안전 / 기술직",신입+경력,청년인턴(채용형),대구,,2026-09-10,https://job.alio.go.kr/recruitview.do?idx=304587,,2026-09-07 17:43:46
잡알리오,주택관리공단(주),육아휴직 대체직 채용공고(주택관리공단 대구경북지사),"건설,기계,전기.전자,환경.에너지.안전 / 기술직",신입+경력,비정규직,경북,,2026-09-10,https://job.alio.go.kr/recruitview.do?idx=304588,,2026-09-07 17:43:47
잡알리오,국립공원공단,[금정산] 2026년 국립공원지킴이(녹색순찰대) 모집 공고(부산광역시),"경비.청소,건설 / 계약직",신입+경력,비정규직,부산,,2026-09-14,https://job.alio.go.kr/recruitview.do?idx=304589,,2026-09-07 17:43:48
잡알리오,국립공원공단,[금정산] 2026년 국립공원지킴이(녹색순찰대) 모집 공고(양산시),"경비.청소,건설 / 계약직",신입+경력,비정규직,경남,,2026-09-14,https://job.alio.go.kr/recruitview.do?idx=304590,,2026-09-07 17:43:48
잡알리오,한국수자원공사,[한국수자원공사] 장흥수도지사 특수직(지방상수도 시설운영) 채용 공고,"건설,기계,전기.전자,정보통신,환경.에너지.안전 / 계약직",신입+경력,비정규직,전남광주,,2026-09-17,https://job.alio.go.kr/recruitview.do?idx=304591,,2026-09-07 17:43:49
잡알리오,한국교통안전공단,2026년 제4차 한국교통안전공단 안전연구처 기간제근로자 채용 공고,경영.회계.사무 / 계약직,신입,비정규직,경기,,2026-09-22,https://job.alio.go.kr/recruitview.do?idx=304592,,2026-09-07 17:43:50
잡알리오,한국교통안전공단,2026년 제4차 한국교통안전공단 울산본부 기간제근로자 청년인턴(사무_장애) 채용공고,경영.회계.사무 / 계약직,신입,청년인턴(체험형),울산,,2026-09-22,https://job.alio.go.kr/recruitview.do?idx=304593,,2026-09-07 17:43:51
잡알리오,(재)우체국물류지원단,"우체국물류지원단 광주지사 광주, 순천, 영암, 전주사업소 추석 특별소통 단기 기간제(운전직, 상하차) 채용 공고","운전.운송 / 기타(운전직, 상하차)",신입+경력,비정규직,"전북 
										외 1",,2026-09-11,https://job.alio.go.kr/recruitview.do?idx=304594,,2026-09-07 17:43:51
잡알리오,한전KPS(주),(수정) 한전KPS(주)서인천사업처 2026년 신인천 4CC 계획예방정비공사 안전관리보조 단기노무원 채용공고,전기.전자 / 계약직,신입+경력,비정규직,인천,,2026-08-21,https://job.alio.go.kr/recruitview.do?idx=304595,,2026-09-07 17:43:53
잡알리오,한국교통안전공단,2026년 제4차 한국교통안전공단 철도기술처 기간제근로자 채용 공고,경영.회계.사무 / 계약직,신입,비정규직,경북,,2026-09-22,https://job.alio.go.kr/recruitview.do?idx=304596,,2026-09-07 17:43:53
잡알리오,한국교통안전공단,2026년 제4차 한국교통안전공단 경기북부본부 기간제근로자 채용 공고,경영.회계.사무 / 계약직,신입,청년인턴(체험형),경기,,2026-09-22,https://job.alio.go.kr/recruitview.do?idx=304597,,2026-09-07 17:43:54
잡알리오,국립공원공단,[주왕산] 2026년도 주왕산국립공원 한시인력(수익시설) 직원 추가 채용,"경비.청소,이용.숙박.여행.오락.스포츠 / 계약직",신입+경력,비정규직,경북,,2026-09-08,https://job.alio.go.kr/recruitview.do?idx=304598,,2026-09-07 17:43:55
잡알리오,한전KPS(주),한전KPS(주) 서울경기전력지사 인천지점 단기노무원(부지정리) 모집,전기.전자 / 계약직,신입+경력,비정규직,인천,,2026-09-11,https://job.alio.go.kr/recruitview.do?idx=304599,,2026-09-07 17:43:55
잡알리오,한국교통안전공단,2026년 제4차 한국교통안전공단 경남본부 기간제근로자 채용공고,"경영.회계.사무,기계 / 계약직",신입,청년인턴(체험형),경남,,2026-09-22,https://job.alio.go.kr/recruitview.do?idx=304600,,2026-09-07 17:43:57
잡알리오,한국교통안전공단,2026년 제4차 한국교통안전공단 경기남부본부 기간제근로자 채용공고,"경영.회계.사무,기계 / 계약직",신입,청년인턴(체험형),경기,,2026-09-22,https://job.alio.go.kr/recruitview.do?idx=304601,,2026-09-07 17:43:57
잡알리오,코레일유통(주),코레일유통(주) 노무고문 공개모집 공고,"경영.회계.사무,법률.경찰.소방.교도.국방 / 전문직",경력,비정규직,서울,,2026-09-17,https://job.alio.go.kr/recruitview.do?idx=304602,,2026-09-07 17:43:58
잡알리오,한국교통안전공단,2026년 제4차 한국교통안전공단 자동차안전하자심의위원회 사무국 기간제근로자 채용 공고,경영.회계.사무 / 계약직,신입,청년인턴(체험형),경기,,2026-09-22,https://job.alio.go.kr/recruitview.do?idx=304603,,2026-09-07 17:44:00
잡알리오,(재)우체국물류지원단,"우체국물류지원단 광주지사 기간제(사무직, 육아휴직대체) 채용 공고",경영.회계.사무 / 사무직,신입+경력,비정규직,전남광주,,2026-09-10,https://job.alio.go.kr/recruitview.do?idx=304604,,2026-09-07 17:44:00
잡알리오,한전KDN,한전KDN(주) 전북사업처 AMI분야 일용근로자 모집 공고,정보통신 / 기타(일용직),신입+경력,비정규직,전북,,2026-09-17,https://job.alio.go.kr/recruitview.do?idx=304605,,2026-09-07 17:44:01
잡알리오,한국교통안전공단,2026년 제4차 한국교통안전공단 철도안전처 기간제근로자 채용 공고,"운전.운송 / 연구직,계약직",신입+경력,비정규직,경북,,2026-09-22,https://job.alio.go.kr/recruitview.do?idx=304606,,2026-09-07 17:44:02
잡알리오,한국교통안전공단,2026년 제4차 한국교통안전공단 자율주행본부 기간제근로자 채용 공고,"경영.회계.사무,기계,정보통신 / 계약직",신입+경력,"비정규직 
										외 1",경기,,2026-09-22,https://job.alio.go.kr/recruitview.do?idx=304607,,2026-09-07 17:44:02
잡알리오,한전KDN,한전KDN(주) 경기북부사업처 저압AMI 통신망 보강공사 작업원 모집,정보통신 / 기타(일용직),신입+경력,비정규직,경기,,2026-09-21,https://job.alio.go.kr/recruitview.do?idx=304608,,2026-09-07 17:44:03
잡알리오,경북대학교병원,"2026년 9월 제1차 임시직원 모집 공고(간호조무사, 시설기술(건축), 원무(기계설비), 응급구조사, 의공직)","보건.의료 / 시설직,별정직,기타",신입,비정규직,대구,,2026-09-08,https://job.alio.go.kr/recruitview.do?idx=304610,,2026-09-07 17:44:05
잡알리오,KDI국제정책대학원,[KDI국제정책대학원]  2026년 제9차 인턴 직원 채용(하반기 KOICA YP),"사업관리,교육.자연.사회과학,연구 / 일반직,행정직",신입+경력,비정규직,세종,,2026-09-22,https://job.alio.go.kr/recruitview.do?idx=304611,,2026-09-07 17:44:05
잡알리오,한국산림복지진흥원,"2026년도 하반기 한국산림복지진흥원 정규직(5급, 6급) 채용 공고","사업관리,경영.회계.사무,보건.의료,이용.숙박.여행.오락.스포츠,전기.전자,환경.에너지.안전,농림어업 / 일반직",신입,정규직,"대전 
										외 10",,2026-09-21,https://job.alio.go.kr/recruitview.do?idx=304612,,2026-09-07 17:44:06
잡알리오,한국식품안전관리인증원,2026년 KOICA 글로벌연수(아시아 개도국 농축수산물 안전관리 역량강화 사업) 일용직직원 채용,경영.회계.사무 / 계약직,신입+경력,비정규직,"충북 
										외 1",,2026-09-08,https://job.alio.go.kr/recruitview.do?idx=304613,,2026-09-07 17:44:07
잡알리오,한국산림복지진흥원,2026년도 하반기 한국산림복지진흥원 공무직 채용 공고,"사업관리,경영.회계.사무,보건.의료,이용.숙박.여행.오락.스포츠,건설,기계,전기.전자,환경.에너지.안전,농림어업 / 일반직",신입,무기계약직,"대전 
										외 5",,2026-09-21,https://job.alio.go.kr/recruitview.do?idx=304615,,2026-09-07 17:44:07
잡알리오,국립공원공단,(수정) [설악산] 2026년 국립공원지킴이(녹색순찰대) 추가 모집 공고,"경비.청소,이용.숙박.여행.오락.스포츠,환경.에너지.안전 / 계약직",신입+경력,비정규직,강원,,2026-09-14,https://job.alio.go.kr/recruitview.do?idx=304616,,2026-09-07 17:44:08
잡알리오,한국보훈복지의료공단,[중앙보훈병원] 기간제 간호직 채용공고(9월),보건.의료 / 간호직,신입+경력,비정규직,서울,,2026-09-17,https://job.alio.go.kr/recruitview.do?idx=304617,,2026-09-07 17:44:09
잡알리오,경북대학교병원,2026년 계약형 지역필수의사 1차 초빙 공고,보건.의료 / 의사직,신입,정규직,대구,,2026-09-17,https://job.alio.go.kr/recruitview.do?idx=304618,,2026-09-07 17:44:09
잡알리오,(재)우체국물류지원단,"우체국물류지원단 경인지사 안양,부평물류사업소 추석 단기 기간제(일용직_우편물 구분) 채용 공고",운전.운송 / 기타(일용직(우편물 구분)),신입+경력,비정규직,"인천 
										외 1",,2026-09-15,https://job.alio.go.kr/recruitview.do?idx=304619,,2026-09-07 17:44:11
잡알리오,학교법인한국폴리텍,한국폴리텍대학 전남캠퍼스 업무직(조리원) 채용(6차) 공고,음식서비스 / 운영직,신입+경력,무기계약직,전남광주,,2026-09-13,https://job.alio.go.kr/recruitview.do?idx=304620,,2026-09-07 17:44:11
잡알리오,한국지식재산보호원,[한국지식재산보호원] 2026년도 제8차 인력채용,"경영.회계.사무,법률.경찰.소방.교도.국방 / 일반직,행정직,사무직,계약직",신입,"비정규직 
										외 1",서울,,2026-09-18,https://job.alio.go.kr/recruitview.do?idx=304621,,2026-09-07 17:44:11
잡알리오,한국지식재산보호원,[한국지식재산보호원] 2026년도 제9차 인력채용,"사업관리,경영.회계.사무,법률.경찰.소방.교도.국방 / 일반직,행정직,전문직",신입+경력,"비정규직 
										외 2",서울,,2026-09-18,https://job.alio.go.kr/recruitview.do?idx=304622,,2026-09-07 17:44:12
잡알리오,(재)우체국물류지원단,"우체국물류지원단 서울지사 동서울물류사업소, 구로우체국 추석 특별소통 기간제(파렛정리) 채용 공고",운전.운송 / 기타(파렛정리),신입+경력,비정규직,서울,,2026-09-10,https://job.alio.go.kr/recruitview.do?idx=304623,,2026-09-07 17:44:14
잡알리오,대한적십자사,대한적십자사 서울남부혈액원 비정규직 장애인 한시적 근로자 채용 공고,경영.회계.사무 / 기타(헌혈자 안내 및 업무보조 등),신입+경력,비정규직,서울,,2026-09-18,https://job.alio.go.kr/recruitview.do?idx=304624,,2026-09-07 17:44:14
잡알리오,한국교통안전공단,2026년 제4차 한국교통안전공단 첨단검사전략처 기간제근로자(청년인턴 사무_자립준비) 채용 공고,경영.회계.사무 / 계약직,신입,청년인턴(체험형),경북,,2026-09-22,https://job.alio.go.kr/recruitview.do?idx=304625,,2026-09-07 17:44:16
잡알리오,88관광개발(주),88관광개발(주) - 경리직 채용공고,"경영.회계.사무 / 일반직,행정직,사무직",신입+경력,정규직,경기,,2026-09-18,https://job.alio.go.kr/recruitview.do?idx=304626,,2026-09-07 17:44:16
잡알리오,국토연구원,국토연구원 2026년 제9차 위촉직(기간제) 공개채용,"연구 / 연구직,계약직",신입+경력,비정규직,세종,,2026-09-18,https://job.alio.go.kr/recruitview.do?idx=304627,,2026-09-07 17:44:17
잡알리오,한국교통안전공단,2026년 제4차 한국교통안전공단 항공안전실 기간제근로자 채용공고,운전.운송 / 계약직,신입,청년인턴(체험형),경북,,2026-09-22,https://job.alio.go.kr/recruitview.do?idx=304629,,2026-09-07 17:44:18
잡알리오,한국보훈복지의료공단,[광주보훈병원] 계약직 보건직(언어재활사) 직원 채용 공고,보건.의료 / 보건직,신입+경력,비정규직,전남광주,,2026-09-14,https://job.alio.go.kr/recruitview.do?idx=304630,,2026-09-07 17:44:18
잡알리오,한국교통안전공단,2026년 제4차 한국교통안전공단 김천드론자격센터 기간제근로자 채용 공고,"운전.운송 / 행정직,연구직,계약직",신입,비정규직,경북,,2026-09-22,https://job.alio.go.kr/recruitview.do?idx=304631,,2026-09-07 17:44:19
잡알리오,한국인터넷진흥원,2026년 한국인터넷진흥원 체험형 청년인턴 채용 공고,"사업관리,경영.회계.사무,정보통신 / 행정직,사무직,기술직,운영직",신입+경력,"비정규직 
										외 1","서울 
										외 1",,2026-09-21,https://job.alio.go.kr/recruitview.do?idx=304632,,2026-09-07 17:44:20
잡알리오,한국보훈복지의료공단,[전주보훈요양원] 장애인 청년인턴 채용 공고,사회복지.종교 / 기타(청년인턴직(체험형)),신입,청년인턴(체험형),전북,,2026-09-14,https://job.alio.go.kr/recruitview.do?idx=304633,,2026-09-07 17:44:21
잡알리오,한국교통안전공단,2026년 제4차 한국교통안전공단 기간제근로자(자동차정보처 사무보조_장애) 채용,경영.회계.사무 / 계약직,신입,청년인턴(체험형),경북,,2026-09-22,https://job.alio.go.kr/recruitview.do?idx=304634,,2026-09-07 17:44:21
잡알리오,한전KPS(주),한전KPS(주)울산사업소 전기부 단기노무원 모집(2차),"건설,전기.전자 / 계약직",신입+경력,비정규직,울산,,2026-09-08,https://job.alio.go.kr/recruitview.do?idx=304635,,2026-09-07 17:44:22
잡알리오,학교법인한국폴리텍,2026년 한국폴리텍대학 울산캠퍼스 하반기 행정지원직(교학처 학과조교 휴직 대체) 3차 채용 공고,"경영.회계.사무,환경.에너지.안전 / 기타(학과조교)",신입+경력,비정규직,울산,,2026-09-14,https://job.alio.go.kr/recruitview.do?idx=304636,,2026-09-07 17:44:22
잡알리오,대한적십자사,2026년도 하반기 대한적십자사 KOICA 영프로페셔널(YP) 청년인턴 공개모집,"사업관리,경영.회계.사무 / 계약직",신입,청년인턴(체험형),서울,,2026-09-28,https://job.alio.go.kr/recruitview.do?idx=304637,,2026-09-07 17:44:23
잡알리오,한국전력기술주식회사,(수정) 2026년도 비정규직(프로젝트) 채용공고,"사업관리,경영.회계.사무,건설,기계,전기.전자,정보통신,환경.에너지.안전,연구 / 계약직",신입+경력,비정규직,"대전 
										외 3",,2026-08-18,https://job.alio.go.kr/recruitview.do?idx=304639,,2026-09-07 17:44:24
잡알리오,한국보훈복지의료공단,"[인천보훈병원] 2026년 제7차 의사직 [일반내과, 내과(순환기내과), 신경외과, 정형외과, 치과보철과, 병동당직의] 공개채용",보건.의료 / 의사직,신입+경력,비정규직,인천,,2026-09-18,https://job.alio.go.kr/recruitview.do?idx=304640,,2026-09-07 17:44:25
잡알리오,한전KPS(주),한전KPS(주) 서울경기전력지사 고양지점 단기노무원(부지정리) 모집,전기.전자 / 계약직,신입+경력,비정규직,경기,,2026-09-14,https://job.alio.go.kr/recruitview.do?idx=304641,,2026-09-07 17:44:26
잡알리오,근로복지공단,[대전병원] 의료직(간호사) 6급 채용 공고,보건.의료 / 간호직,신입,정규직,대전,,2026-09-14,https://job.alio.go.kr/recruitview.do?idx=304642,,2026-09-07 17:44:27
잡알리오,근로복지공단,[안산병원] 의료직(간호사) 6급 채용 공고,보건.의료 / 간호직,신입,정규직,경기,,2026-09-14,https://job.alio.go.kr/recruitview.do?idx=304643,,2026-09-07 17:44:28
잡알리오,한전KPS(주),한전KPS(주) 서울경기전력지사 성남지점 부지정리원 모집,"전기.전자,농림어업 / 계약직",신입+경력,비정규직,경기,,2026-09-11,https://job.alio.go.kr/recruitview.do?idx=304644,,2026-09-07 17:44:29
잡알리오,근로복지공단,[인천병원] 별정직 의사(내과 또는 가정의학과) 채용 공고,보건.의료 / 별정직,신입,정규직,인천,,2026-09-14,https://job.alio.go.kr/recruitview.do?idx=304645,,2026-09-07 17:44:29
잡알리오,근로복지공단,[인천병원] 별정직 의사(재활의학과) 채용 공고,보건.의료 / 별정직,신입,정규직,인천,,2026-09-14,https://job.alio.go.kr/recruitview.do?idx=304646,,2026-09-07 17:44:30
잡알리오,서울대학교병원,진료교수요원 및 진료의 공개 채용,"보건.의료 / 교수직,의사직",신입+경력,비정규직,서울,,2026-09-14,https://job.alio.go.kr/recruitview.do?idx=304647,,2026-09-07 17:44:31
잡알리오,근로복지공단,[인천병원] 기간제(사무원) 채용 공고,보건.의료 / 계약직,신입,비정규직,인천,,2026-09-11,https://job.alio.go.kr/recruitview.do?idx=304648,,2026-09-07 17:44:32
잡알리오,대한석탄공사,2026년 한시적계약직 특별채용 공고(팀장급),"경영.회계.사무,환경.에너지.안전 / 일반직,행정직,사무직,관리직",경력,비정규직,강원,,2026-09-20,https://job.alio.go.kr/recruitview.do?idx=304649,,2026-09-07 17:44:32
잡알리오,동남권원자력의학원,[직원채용] 정규직 약무직(방사성의약품연구팀) 공개 채용(재공고),보건.의료 / 약무직,신입+경력,정규직,부산,,2026-09-21,https://job.alio.go.kr/recruitview.do?idx=304650,,2026-09-07 17:44:33
잡알리오,근로복지공단,"(수정) [울산병원] 기술기능직(기술_전기, 환경관리) 채용 공고","보건.의료,전기.전자,환경.에너지.안전 / 기술직",경력,정규직,울산,,2026-08-07,https://job.alio.go.kr/recruitview.do?idx=304651,,2026-09-07 17:44:33
잡알리오,한국고용정보원,2026년도 한국고용정보원 2차 직원 채용 공고,"사업관리,경영.회계.사무,정보통신,연구 / 일반직,행정직,사무직,연구직,전산직",신입,"무기계약직 
										외 1","인천 
										외 1",,2026-09-22,https://job.alio.go.kr/recruitview.do?idx=304653,,2026-09-07 17:44:35
잡알리오,근로복지공단,(수정) [순천병원] 별정직 의사(진단검사의학과) 채용 공고,보건.의료 / 별정직,신입,정규직,전남광주,,2026-08-24,https://job.alio.go.kr/recruitview.do?idx=304652,,2026-09-07 17:44:35
잡알리오,과학기술정책연구원,과학기술정책연구원 4차 연구직/전문연구직/행정직(계약직)(재공고) 채용,"경영.회계.사무,연구 / 행정직,연구직",신입+경력,비정규직,세종,,2026-09-21,https://job.alio.go.kr/recruitview.do?idx=304654,,2026-09-07 17:44:36
잡알리오,한국학중앙연구원,2026년도 한국학중앙연구원 문화콘텐츠편찬실 청년인턴 채용 공고,"사업관리,경영.회계.사무,연구 / 계약직",신입,청년인턴(체험형),경기,,2026-09-20,https://job.alio.go.kr/recruitview.do?idx=304655,,2026-09-07 17:44:37
잡알리오,국민연금공단,2026년도 하반기 일반직 신입직원 공개채용 공고,"경영.회계.사무,보건.의료,사회복지.종교,전기.전자 / 사무직,기술직,기타(심사직)",신입+경력,정규직,"서울 
										외 15",,2026-09-18,https://job.alio.go.kr/recruitview.do?idx=304656,,2026-09-07 17:44:37
잡알리오,국립공원공단,[내장산생태탐방원] 내장산생태탐방원 기간제[한시인력(수익시설)] 직원 채용,환경.에너지.안전 / 계약직,신입+경력,비정규직,전북,,2026-09-11,https://job.alio.go.kr/recruitview.do?idx=304657,,2026-09-07 17:44:39
잡알리오,에너지경제연구원,[에너지경제연구원] 공공기관 청년인턴(장애인제한경쟁) 채용 공고(운영지원팀),경영.회계.사무 / 사무직,신입+경력,청년인턴(체험형),울산,,2026-09-21,https://job.alio.go.kr/recruitview.do?idx=304658,,2026-09-07 17:44:40
잡알리오,한국문화관광연구원,한국문화관광연구원 위촉직원 채용 공고 [2026-36],연구 / 연구직,신입,비정규직,서울,,2026-09-11,https://job.alio.go.kr/recruitview.do?idx=304659,,2026-09-07 17:44:41
잡알리오,대한적십자사,(통영적십자병원) 정규직 간호사 채용 공고,보건.의료 / 간호직,신입,정규직,경남,,2026-09-20,https://job.alio.go.kr/recruitview.do?idx=304660,,2026-09-07 17:44:41
잡알리오,대한적십자사,(통영적십자병원) 정규직 기술원(시설) 채용 공고,보건.의료 / 시설직,신입,정규직,경남,,2026-09-20,https://job.alio.go.kr/recruitview.do?idx=304661,,2026-09-07 17:44:42
잡알리오,경북대학교병원,"칠곡경북대학교병원 2026년 9월 2차 임시직원 채용공고(행정, 사회복지사)",보건.의료 / 계약직,신입+경력,비정규직,대구,,2026-09-10,https://job.alio.go.kr/recruitview.do?idx=304662,,2026-09-07 17:44:43
잡알리오,한전KDN,한전KDN(주) 울산지사 26년 AMI 통신망 보강공사 일용근로자 모집공고,정보통신 / 기타(일용직),신입+경력,비정규직,울산,,2026-09-21,https://job.alio.go.kr/recruitview.do?idx=304663,,2026-09-07 17:44:43
잡알리오,정보통신정책연구원,2026년 계약직연구원 공개채용(국제개발협력),사업관리 / 연구직,신입+경력,비정규직,충북,,2026-09-22,https://job.alio.go.kr/recruitview.do?idx=304664,,2026-09-07 17:44:44
잡알리오,한전KDN,한전KDN(주) 부산본부 전력통신팀 정보통신설비 작업원(현장보조원) 모집공고,정보통신 / 기타(일용직),신입+경력,비정규직,부산,,2026-09-21,https://job.alio.go.kr/recruitview.do?idx=304666,,2026-09-07 17:44:45
잡알리오,한국여성과학기술인육성재단,2026년도 제5차 하반기 체험형 청년인턴 채용 공고,경영.회계.사무 / 행정직,신입,청년인턴(체험형),서울,,2026-09-22,https://job.alio.go.kr/recruitview.do?idx=304667,,2026-09-07 17:44:46
잡알리오,한국청소년상담복지개발원,"제2026-3호 국립중앙청소년디딤센터 직원(공무직, 기간제(휴직대체)) 모집","사회복지.종교,운전.운송,경비.청소 / 공무직,계약직",신입+경력,"무기계약직 
										외 1",경기,,2026-09-21,https://job.alio.go.kr/recruitview.do?idx=304669,,2026-09-07 17:44:47
잡알리오,한전KPS(주),한전KPS(주) 대외사업센터 단기노무원 채용 공고(당진 현대그린파워 #6),기계 / 계약직,신입+경력,비정규직,충남,,2026-09-09,https://job.alio.go.kr/recruitview.do?idx=304670,,2026-09-07 17:44:47
잡알리오,한전KPS(주),한전KPS(주) 대외사업센터 단기노무원 채용 공고(당진 GS EPS),전기.전자 / 계약직,신입+경력,비정규직,충남,,2026-09-09,https://job.alio.go.kr/recruitview.do?idx=304671,,2026-09-07 17:44:48
잡알리오,(재)한국통계정보원,[제2026-09] 한국통계정보원 기간제 근로자 채용 공고,"경영.회계.사무,정보통신 / 사무직,계약직",신입+경력,비정규직,대전,,2026-09-16,https://job.alio.go.kr/recruitview.do?idx=304672,,2026-09-07 17:44:49
잡알리오,제주대학교병원,"제주대학교병원 사업인력 계약직(권역난임·임산부심리상담센터_임상심리사 또는 사회복지사 또는 간호사, 권역정신응급의료센터_보안인력, 지역장애인보건의료센터_사회복지사) 모집공고",보건.의료 / 계약직,신입+경력,비정규직,제주,,2026-09-10,https://job.alio.go.kr/recruitview.do?idx=304673,,2026-09-07 17:44:50
잡알리오,근로복지공단,[근로복지공단] 기술기능직(기술) 5급 채용 공고,"건설,기계 / 기술직",경력,정규직,울산,,2026-09-21,https://job.alio.go.kr/recruitview.do?idx=304674,,2026-09-07 17:44:51
잡알리오,근로복지공단,[태백병원] 기간제 의사(응급실전담의) 채용 공고,보건.의료 / 계약직,신입+경력,비정규직,강원,,2026-09-14,https://job.alio.go.kr/recruitview.do?idx=304675,,2026-09-07 17:44:51
잡알리오,근로복지공단,[태백병원] 공무직(전기기계통신기사-기계분야) 채용 공고,"보건.의료,기계 / 공무직",신입,무기계약직,강원,,2026-09-14,https://job.alio.go.kr/recruitview.do?idx=304676,,2026-09-07 17:44:53
잡알리오,국립공원공단,[새만금환경생태단지관리단] 2026년 새만금환경생태단지관리단 기간제 직원 채용,환경.에너지.안전 / 계약직,신입+경력,비정규직,전북,,2026-09-21,https://job.alio.go.kr/recruitview.do?idx=304677,,2026-09-07 17:44:53
잡알리오,한국수력원자력(주),2026년도 제8차 경력사원(5(을)직급·공무직근로자) 선발,"문화.예술.디자인.방송,음식서비스,전기.전자 / 기능직,공무직",경력,"무기계약직 
										외 1","부산 
										외 5",,2026-09-22,https://job.alio.go.kr/recruitview.do?idx=304678,,2026-09-07 17:44:54
잡알리오,국립공원공단,[치악산] 2026 치악산사무소 기간제(국립공원지킴이) 모집 공고,경비.청소 / 계약직,신입+경력,비정규직,강원,,2026-09-17,https://job.alio.go.kr/recruitview.do?idx=304679,,2026-09-07 17:44:55
잡알리오,국립대구과학관,(수정) 2026년 제3차 국립대구과학관 직원 채용 공고,"교육.자연.사회과학,문화.예술.디자인.방송,경비.청소,이용.숙박.여행.오락.스포츠,기계 / 운영직,계약직",신입,"무기계약직 
										외 1",대구,,2026-08-14,https://job.alio.go.kr/recruitview.do?idx=304681,,2026-09-07 17:44:55
잡알리오,경제인문사회연구회,2026년도 제9차 직원채용 공고(정규직 부전문위원),"경영.회계.사무 / 일반직,행정직",신입+경력,정규직,세종,,2026-09-21,https://job.alio.go.kr/recruitview.do?idx=304682,,2026-09-07 17:44:56
잡알리오,한전KPS(주),(수정) 한전KPS(주)신서천사업소 26년 6차 경상정비공사 단기노무원 채용,"기계,전기.전자 / 계약직",신입+경력,비정규직,충남,,2026-08-24,https://job.alio.go.kr/recruitview.do?idx=304683,,2026-09-07 17:44:57
잡알리오,강원대학교치과병원,계약직(치과위생사)직원 모집 공고,보건.의료 / 보건직,신입+경력,비정규직,강원,,2026-09-16,https://job.alio.go.kr/recruitview.do?idx=304684,,2026-09-07 17:44:58
잡알리오,한전KPS(주),한전KPS(주)신서천사업소 26년 7차 경상정비공사 단기노무원 채용,전기.전자 / 계약직,신입+경력,비정규직,충남,,2026-09-09,https://job.alio.go.kr/recruitview.do?idx=304685,,2026-09-07 17:44:58
잡알리오,코레일유통(주),코레일유통(주) 2026년 일반직(IT개발) 경력사원 채용공고,정보통신 / 일반직,경력,정규직,서울,,2026-09-21,https://job.alio.go.kr/recruitview.do?idx=304686,,2026-09-07 17:44:59
잡알리오,한국개발연구원,KDI 초빙연구위원 채용 공고,연구 / 연구직,경력,비정규직,세종,,2026-09-21,https://job.alio.go.kr/recruitview.do?idx=304687,,2026-09-07 17:44:59
잡알리오,한전KPS(주),한전KPS(주) 한울3사업소 한울6호기 15차 계획예방정비공사 단기노무원 모집공고(2차),"경영.회계.사무,기계,전기.전자,환경.에너지.안전 / 계약직",신입+경력,비정규직,경북,,2026-09-11,https://job.alio.go.kr/recruitview.do?idx=304688,,2026-09-07 17:45:01
잡알리오,한국도로공사,한국도로공사 강릉지사 기간제근로자(상황관리원) 채용공고,환경.에너지.안전 / 기타(상황관리원),신입+경력,비정규직,강원,,2026-09-14,https://job.alio.go.kr/recruitview.do?idx=304689,,2026-09-07 17:45:01
잡알리오,한국도로공사,한국도로공사 양양지사 기간제근로자(안전순찰원) 채용공고,운전.운송 / 기타(안전순찰원),신입+경력,비정규직,강원,,2026-09-14,https://job.alio.go.kr/recruitview.do?idx=304690,,2026-09-07 17:45:03
잡알리오,강원대학교병원,(수정) 2026년도 하반기 전공의(인턴 및 레지던트 1년차) 모집 공고,보건.의료 / 의사직,신입+경력,정규직,강원,,2026-08-12,https://job.alio.go.kr/recruitview.do?idx=304691,,2026-09-07 17:45:03
잡알리오,자동차손해배상진흥원,자동차손해배상진흥원 정규직(경력직) 직원 채용 공고,"사업관리,금융.보험,법률.경찰.소방.교도.국방,보건.의료 / 일반직",경력,정규직,서울,,2026-09-21,https://job.alio.go.kr/recruitview.do?idx=304693,,2026-09-07 17:45:04
잡알리오,자동차손해배상진흥원,자동차손해배상진흥원 전문직(경력직) 직원 제한경쟁 채용 공고,"사업관리,경영.회계.사무 / 일반직,행정직,전산직,계약직,상담직",경력,비정규직,서울,,2026-09-21,https://job.alio.go.kr/recruitview.do?idx=304695,,2026-09-07 17:45:05
잡알리오,한전KPS(주),(수정) [동탄26-2] 2026년도 판교 정기점검보수공사 일용노무원 채용공고(판교지점),"경영.회계.사무,경비.청소,기계,전기.전자 / 계약직",신입+경력,비정규직,경기,,2026-08-13,https://job.alio.go.kr/recruitview.do?idx=304694,,2026-09-07 17:45:05
잡알리오,자동차손해배상진흥원,자동차손해배상진흥원 청년인턴(체험형) 채용공고,사업관리 / 기타(인턴),신입,청년인턴(체험형),부산,,2026-09-21,https://job.alio.go.kr/recruitview.do?idx=304696,,2026-09-07 17:45:06
잡알리오,(재)한국보건의료정보원,2026년 제5차 직원채용 공고,"사업관리,경영.회계.사무,보건.의료,연구 / 행정직,연구직,전산직,계약직,전문직",신입+경력,비정규직,"서울 
										외 1",,2026-09-21,https://job.alio.go.kr/recruitview.do?idx=304697,,2026-09-07 17:45:08
