사이트,회사명,공고제목,직무,경력,고용형태,지역,기술스택,마감일,공고URL,외부원본ID,수집시각
캐치,제논,Physical AI Engineer,"네트워크/서버/보안, 빅데이터/AI, DBA/데이터베이스, ERP/시스템개발/설계",경력 1~10년,정규직,서울,,2026-12-31,https://www.catch.co.kr/Comp/CompDetail/IW8661/Recruit/570168,,2026-09-07 17:57:03
캐치,제논,AI Engineer(생성형 AI Agent개발),"네트워크/서버/보안, 빅데이터/AI, 응용프로그램개발, DBA/데이터베이스",경력 3~20년,정규직,서울,,2026-12-31,https://www.catch.co.kr/Comp/CompDetail/IW8661/Recruit/570167,,2026-09-07 17:57:03
캐치,제논,[인공지능솔루션] Product Owner,"네트워크/서버/보안, 빅데이터/AI, DBA/데이터베이스, ERP/시스템개발/설계",경력 1~10년,정규직,서울,,2026-12-31,https://www.catch.co.kr/Comp/CompDetail/IW8661/Recruit/570166,,2026-09-07 17:57:03
캐치,대우건설,원자력 설계 경력직 채용,"기계설계/CAD/CAM, 자동차/조선/기계, 전기/소방/통신/안전, 화학/에너지/환경",경력 5년↑,정규직,서울,,2026-09-30,https://www.catch.co.kr/Comp/CompDetail/158130/Recruit/570165,,2026-09-07 17:57:03
캐치,하나손해보험,경력직(사업단장) 채용,"기획/전략/경영, 영업관리/지원/영업기획",경력,정규직,서울,,2026-09-13,https://www.catch.co.kr/Comp/CompDetail/227289/Recruit/570164,,2026-09-07 17:57:03
캐치,하나손해보험,전문직(CS센터 기획 및 상담지원 시스템 운영· 관리) 채용,"고객관리/인바운드, 채권/보험/보상/심사",경력,계약직,서울,,2026-09-13,https://www.catch.co.kr/Comp/CompDetail/227289/Recruit/570163,,2026-09-07 17:57:03
캐치,다올투자증권,MTS 개발 및 운영 경력사원 채용,"웹기획/PM/웹마케팅, 응용프로그램개발",경력 3년↑,계약직,서울,,2026-09-20,https://www.catch.co.kr/Comp/CompDetail/C47004/Recruit/570162,,2026-09-07 17:57:03
캐치,인코스파트너스,[양재/사당]호반리조트 전화 예약 및 상담 직원 모집(중식제공),고객관리/인바운드,경력무관,계약직,서울,,2026-09-09,https://www.catch.co.kr/Comp/CompDetail/G18964/Recruit/570161,,2026-09-07 17:57:03
캐치,레브잇,[쇼포트] AI Engineer (Vision) 채용,"빅데이터/AI, ERP/시스템개발/설계",경력 1년↑,정규직,서울,,2026-11-06,https://www.catch.co.kr/Comp/CompDetail/B0496/Recruit/570160,,2026-09-07 17:57:03
캐치,다올투자증권,고객만족센터 신입/경력사원 채용,"고객관리/인바운드, 고객관리/인바운드/아웃바운드",경력,계약직,서울,,2026-09-13,https://www.catch.co.kr/Comp/CompDetail/C47004/Recruit/570159,,2026-09-07 17:57:03
캐치,레브잇,[쇼포트] AI Engineer Internship (Vision) 채용,"빅데이터/AI, ERP/시스템개발/설계",신입,인턴,서울,,2026-11-06,https://www.catch.co.kr/Comp/CompDetail/B0496/Recruit/570158,,2026-09-07 17:57:03
캐치,유엔난민기구,External Relations Intern 채용,"마케팅/PR/분석, 사무보조/문서작성, 설문/통계/리서치, 외국어/번역/통역, 전시/컨벤션",신입,인턴,서울,,2026-09-21,https://www.catch.co.kr/Comp/CompDetail/A1877/Recruit/570157,,2026-09-07 17:57:03
캐치,유엔난민기구,Protection Intern 채용,"교육기획/교재, 법률/특허/상표, 사무/총무/법무, 사무보조/문서작성, 설문/통계/리서치, 외국어/번역/통역, 전시/컨벤션",신입,인턴,서울,,2026-09-21,https://www.catch.co.kr/Comp/CompDetail/A1877/Recruit/570156,,2026-09-07 17:57:03
캐치,데이원컴퍼니,[패스트캠퍼스][전환형 인턴] 콘텐츠 상품 기획자(대규모 채용),"기획/전략/경영, 마케팅/PR/분석",경력무관,인턴,서울,,2026-09-20,https://www.catch.co.kr/Comp/CompDetail/IP5001/Recruit/570155,,2026-09-07 17:57:03
캐치,무림피앤피,"2026년 9월 제지생산(가공,완정) 기능직 채용(신입)","기계설계/CAD/CAM, 생산/제조/설비/조립, 생산관리/공정관리/품질관리, 자동차/조선/기계",신입,기타,울산,,2026-09-13,https://www.catch.co.kr/Comp/CompDetail/340936/Recruit/570154,,2026-09-07 17:57:03
캐치,에스에프에이반도체,[공채] [신입/경력] 제조본부 제조기술 Maintenance 채용,"반도체/디스플레이, 생산관리/공정관리/품질관리, 전기/전자/제어",경력,정규직,충남,,2026-09-10,https://www.catch.co.kr/Comp/CompDetail/112497/Recruit/570153,,2026-09-07 17:57:03
캐치,에스에프에이반도체,[공채] [신입/경력] 제조본부 제조 Operator 채용,"생산/제조/설비/조립, 생산관리/공정관리/품질관리",경력,정규직,충남,,2026-09-10,https://www.catch.co.kr/Comp/CompDetail/112497/Recruit/570152,,2026-09-07 17:57:03
캐치,엘티정밀,LT정밀 연구소 및 공장지원팀 경력사원 모집 ,생산/제조/설비/조립,경력,정규직,경남,,2026-09-09,https://www.catch.co.kr/Comp/CompDetail/985643/Recruit/570151,,2026-09-07 17:57:03
캐치,SIMPAC,[SIMPAC 아뜰리에] SCM Manager,"고객관리/인바운드, 구매/자재/재고, 무역사무/수출입",신입,인턴,서울,,2026-09-20,https://www.catch.co.kr/Comp/CompDetail/381497/Recruit/570150,,2026-09-07 17:57:03
캐치,에스에프에이반도체,[공채] [신입/경력] 품질팀 _ 품질검사원 채용,"생산/제조/설비/조립, 생산관리/공정관리/품질관리, 전기/전자/제어",경력,정규직,충남,,2026-09-10,https://www.catch.co.kr/Comp/CompDetail/112497/Recruit/570149,,2026-09-07 17:57:03
캐치,에코프로,정보보안부문(사이버 보안/관리 보안) 경력 채용,"네트워크/서버/보안, 사무/총무/법무, 시설/보안/경비/안전",경력 4년↑,기타,충북,,2026-09-15,https://www.catch.co.kr/Comp/CompDetail/112466/Recruit/570148,,2026-09-07 17:57:03
캐치,에코프로비엠,[에코프로BM] 통상지원팀 경력 채용,"구매/자재/재고, 무역사무/수출입",경력 1년↑,기타,충북,,2026-09-13,https://www.catch.co.kr/Comp/CompDetail/HP9153/Recruit/570147,,2026-09-07 17:57:03
캐치,한솔섬유,[본사] 국내원단생산팀 신입(인턴) 또는 경력 채용,"생산/제조/설비/조립, 생산관리/공정관리/품질관리, 섬유/의류/패션",경력 3년↓,기타,서울,,2026-11-03,https://www.catch.co.kr/Comp/CompDetail/125210/Recruit/570146,,2026-09-07 17:57:03
캐치,에코프로이노베이션,[에코프로Innovation] 전략사업 부문(영업 관리) 경력 채용,"고객관리/인바운드, 영업관리/지원/영업기획, 일반영업",경력 5년↑,기타,경북/서울,,2026-09-16,https://www.catch.co.kr/Comp/CompDetail/387445/Recruit/570145,,2026-09-07 17:57:03
캐치,더파운더즈,[ANUA] 북미 인플루언서 마케팅 매니저 (US),마케팅/PR/분석,경력 2년↑,정규직,서울,,2026-11-06,https://www.catch.co.kr/Comp/CompDetail/AFC74/Recruit/570144,,2026-09-07 17:57:03
캐치,더파운더즈,[ANUA] 북미 인플루언서 마케팅 전환형 인턴,마케팅/PR/분석,신입,인턴,서울,,2026-11-06,https://www.catch.co.kr/Comp/CompDetail/AFC74/Recruit/570143,,2026-09-07 17:57:03
캐치,한국바이오켐제약,영업부 신입/경력사원 채용,"일반영업, B2B영업/기술영업",경력,기타,서울/세종,,2026-09-20,https://www.catch.co.kr/Comp/CompDetail/F33052/Recruit/570142,,2026-09-07 17:57:03
캐치,현대코퍼레이션,신사업개발 · 투자검토 경력사원 수시채용,기획/전략/경영,경력 5년↑,기타,서울,,2026-09-15,https://www.catch.co.kr/Comp/CompDetail/610330/Recruit/570141,,2026-09-07 17:57:03
캐치,한국바이오켐제약,원료생산팀 경력사원 채용,"바이오/제약/식품, 생산/제조/설비/조립",경력 3년↑,기타,세종,,2026-09-20,https://www.catch.co.kr/Comp/CompDetail/F33052/Recruit/570140,,2026-09-07 17:57:03
캐치,한국유나이티드제약,개량신약영업팀(MR) 채용,B2B영업/기술영업,경력,기타,서울/경기/강원/충남/충북/전북/전남광주/대구/경북/부산/경남,,2026-09-20,https://www.catch.co.kr/Comp/CompDetail/155985/Recruit/570139,,2026-09-07 17:57:03
캐치,신한투자증권,리서치본부 경력직 채용,"마케팅/PR/분석, 증권/투자/펀드/외환",경력 3년↑,계약직,서울,,2026-09-20,https://www.catch.co.kr/Comp/CompDetail/860280/Recruit/570138,,2026-09-07 17:57:04
캐치,한국유나이티드제약,해외영업팀 신입/경력사원 채용,무역영업/해외영업,경력,기타,서울,,2026-09-20,https://www.catch.co.kr/Comp/CompDetail/155985/Recruit/570137,,2026-09-07 17:57:04
캐치,한국유나이티드제약,해외마케팅팀 신입사원 채용,"마케팅/PR/분석, 영업관리/지원/영업기획",신입,기타,서울,,2026-09-20,https://www.catch.co.kr/Comp/CompDetail/155985/Recruit/570136,,2026-09-07 17:57:04
캐치,법무법인 세종,신입 비서직 채용,사무/총무/법무,신입,정규직,서울,,2026-09-16,https://www.catch.co.kr/Comp/CompDetail/900436/Recruit/570135,,2026-09-07 17:57:04
캐치,한국유나이티드제약,개발팀 신입/경력사원 채용,"바이오/제약/식품, 약사/한약사/약무보조",경력 2~5년,기타,서울,,2026-09-20,https://www.catch.co.kr/Comp/CompDetail/155985/Recruit/570134,,2026-09-07 17:57:04
캐치,신한투자증권,연금사업부 경력직 채용,"기획/전략/경영, 사무/총무/법무",경력 3년↑,계약직,서울,,2026-09-16,https://www.catch.co.kr/Comp/CompDetail/860280/Recruit/570133,,2026-09-07 17:57:04
캐치,다음,Daum 금융 서비스 운영·기획 어시스턴트 채용,"기획/전략/경영, 설문/통계/리서치, 증권/투자/펀드/외환",신입,인턴,경기,,2026-09-13,https://www.catch.co.kr/Comp/CompDetail/RT3540/Recruit/570132,,2026-09-07 17:57:04
캐치,인코스파트너스,[CJ ENM/상암] 엠넷플러스 콘텐츠 디자인 채용,콘텐츠/사이트운영,경력무관,계약직,서울,,2026-09-09,https://www.catch.co.kr/Comp/CompDetail/G18964/Recruit/570131,,2026-09-07 17:57:04
캐치,한국아즈빌,빌딩자동제어 사업기획 신입/경력 채용,"기획/전략/경영, 마케팅/PR/분석, 사무보조/문서작성, 재무/세무/IR",경력 3년↓,정규직/인턴,서울,,2026-09-20,https://www.catch.co.kr/Comp/CompDetail/131797/Recruit/570130,,2026-09-07 17:57:04
캐치,버킷플레이스,Junior Business Partnership Manager (전환형),"고객관리/인바운드, 고객관리/인바운드/아웃바운드, 마케팅/PR/분석, 영업관리/지원/영업기획, 일반영업, B2B영업/기술영업",경력무관,계약직,서울,,2026-09-23,https://www.catch.co.kr/Comp/CompDetail/A0418/Recruit/570129,,2026-09-07 17:57:04
캐치,새마을금고중앙회,"금융연구원, 변호사, 손해공제 언더라이터 경력직 채용","법률/특허/상표, 설문/통계/리서치, 채권/보험/보상/심사",경력 3년↑,계약직,서울,,2026-09-16,https://www.catch.co.kr/Comp/CompDetail/042963/Recruit/570128,,2026-09-07 17:57:04
캐치,더파운더즈,[ANUA] 프로덕트팀 상품기획 단기인턴,상품기획/MD,경력무관,인턴,서울,,2026-11-06,https://www.catch.co.kr/Comp/CompDetail/AFC74/Recruit/570127,,2026-09-07 17:57:04
캐치,세아특수강,2026년 포항 설비팀 기계정비(정규직/경력) 채용 [기능직],"생산관리/공정관리/품질관리, AS/서비스/수리",경력 5년↑,정규직,경북,,2026-11-03,https://www.catch.co.kr/Comp/CompDetail/371904/Recruit/570126,,2026-09-07 17:57:04
캐치,현대종합금속,기계사업본부 영업부 신입/경력사원 채용,"마케팅/PR/분석, 무역영업/해외영업, 영업관리/지원/영업기획, B2B영업/기술영업",경력 2년↑,정규직,울산,,2026-09-13,https://www.catch.co.kr/Comp/CompDetail/350419/Recruit/570125,,2026-09-07 17:57:04
캐치,나이스디앤비,[NICE디앤비] 통합지원센터 접수 부문 인재 영입 (2개월),"고객관리/인바운드, 사무/총무/법무, 사무보조/문서작성, 영업관리/지원/영업기획",경력무관,계약직,서울,,2026-09-13,https://www.catch.co.kr/Comp/CompDetail/232765/Recruit/570124,,2026-09-07 17:57:04
캐치,삼천리이에스,2026년 부문별 경력 (공조영업/사업개발) 수시채용,"기획/전략/경영, 영업관리/지원/영업기획, B2B영업/기술영업",경력,정규직,서울,,2026-09-20,https://www.catch.co.kr/Comp/CompDetail/189291/Recruit/570123,,2026-09-07 17:57:04
캐치,OCI홀딩스,2026 하반기 해외 변호사 부문 경력직 채용,"법률/특허/상표, 사무/총무/법무",경력 2년↑,정규직,서울,,2026-09-10,https://www.catch.co.kr/Comp/CompDetail/350184/Recruit/570122,,2026-09-07 17:57:04
캐치,SGC에너지,[군산사업부문] 수시채용 (구매팀 / 계약직),"구매/자재/재고, 배송/택배/운전",경력무관,계약직,전북,,2026-09-09,https://www.catch.co.kr/Comp/CompDetail/360066/Recruit/570121,,2026-09-07 17:57:04
캐치,동화기업,[경력/정규직] 그룹경영관리 담당 채용 (7년~13년),"경리/회계/결산, 기획/전략/경영, 재무/세무/IR",경력 7~13년,정규직,서울,,2026-09-18,https://www.catch.co.kr/Comp/CompDetail/610941/Recruit/570120,,2026-09-07 17:57:04
캐치,자동차손해배상진흥원,청년인턴(체험형) 채용,사무보조/문서작성,신입,인턴,부산,,2026-09-21,https://www.catch.co.kr/Comp/CompDetail/JF3449/Recruit/570119,,2026-09-07 17:57:04
캐치,한국통계정보원,[제2026-09] 기간제 근로자 채용,"사무/총무/법무, 설문/통계/리서치, 외국어/번역/통역",경력,계약직,대전,,2026-09-16,https://www.catch.co.kr/Comp/CompDetail/H49441/Recruit/570118,,2026-09-07 17:57:04
캐치,자동차손해배상진흥원,정규직(경력) 직원 채용,채권/보험/보상/심사,경력 2년↑,정규직,서울,,2026-09-21,https://www.catch.co.kr/Comp/CompDetail/JF3449/Recruit/570117,,2026-09-07 17:57:04
캐치,PTKOREA,[인턴] 글로벌 브랜드 소셜 채널 운영 지원 및 검수 지원 업무 채용,"기획/전략/경영, 웹기획/PM/웹마케팅, 콘텐츠/사이트운영",신입,인턴,서울,,2026-10-08,https://www.catch.co.kr/Comp/CompDetail/M01057/Recruit/570116,,2026-09-07 17:57:04
캐치,자동차손해배상진흥원,전문직(경력직) 직원 제한경쟁 채용,"고객관리/인바운드, 네트워크/서버/보안, 사무/총무/법무, 웹개발, 채권/보험/보상/심사, DBA/데이터베이스, ERP/시스템개발/설계",경력,계약직,서울,,2026-09-21,https://www.catch.co.kr/Comp/CompDetail/JF3449/Recruit/570115,,2026-09-07 17:57:04
캐치,동화기업,[경력/정규직] 아산공장 전기설비 운영 및 관리 담당 채용,"전기/소방/통신/안전, 전기/전자/제어",경력 2년↑,정규직,충남,,2026-09-18,https://www.catch.co.kr/Comp/CompDetail/610941/Recruit/570114,,2026-09-07 17:57:04
캐치,이지스자산운용,리얼에셋부문 스페셜시츄에이션그룹1파트 매니저 채용,"기획/전략/경영, 증권/투자/펀드/외환",경력,정규직,서울,,2026-09-18,https://www.catch.co.kr/Comp/CompDetail/F24237/Recruit/570113,,2026-09-07 17:57:04
캐치,SGC에너지,내부회계관리팀 경력직 채용,재무/세무/IR,경력 3~6년,정규직,서울,,2026-09-16,https://www.catch.co.kr/Comp/CompDetail/360066/Recruit/570112,,2026-09-07 17:57:04
캐치,GS리테일,AX본부 검색추천파트 데이터사이언티스트 경력사원 채용,"빅데이터/AI, DBA/데이터베이스",경력 3년↑,정규직,서울,,2026-09-13,https://www.catch.co.kr/Comp/CompDetail/810045/Recruit/570111,,2026-09-07 17:57:04
캐치,이지스자산운용,경영지원부문 성장지원 데이터플랫폼 담당 매니저 채용,"네트워크/서버/보안, 빅데이터/AI, DBA/데이터베이스, ERP/시스템개발/설계",경력 2~5년,정규직,서울,,2026-09-30,https://www.catch.co.kr/Comp/CompDetail/F24237/Recruit/570110,,2026-09-07 17:57:04
캐치,LS일렉트릭,2026년 9월 건설안전팀 안전관리자 촉탁직 수시채용,"시설/보안/경비/안전, 전기/소방/통신/안전",경력,계약직,전남광주,,2026-09-14,https://www.catch.co.kr/Comp/CompDetail/388696/Recruit/570109,,2026-09-07 17:57:04
캐치,삼정회계법인,[삼정KPMG] [Audit] IM4본부 사업비 정산 보조 인턴 채용,"경리/회계/결산, 사무/총무/법무",신입,인턴,서울,,2026-09-10,https://www.catch.co.kr/Comp/CompDetail/156416/Recruit/570108,,2026-09-07 17:57:05
캐치,삼우종합건축사사무소,[정규직] 2026년 경력사원 채용(산업시설-구조설계),"건축/설계/인테리어, 환경/플랜트",경력 5년↑,정규직,서울,,2026-09-20,https://www.catch.co.kr/Comp/CompDetail/M09094/Recruit/570107,,2026-09-07 17:57:05
캐치,오리온,신사업 경력직 채용,기획/전략/경영,경력,정규직,서울,,2026-09-13,https://www.catch.co.kr/Comp/CompDetail/IQ7228/Recruit/570106,,2026-09-07 17:57:05
캐치,광주글로벌모터스,'26년 2차 상생인재(일반직 신입사원) 채용,"간호사, 전기/소방/통신/안전",신입,인턴,전남광주,,2026-09-21,https://www.catch.co.kr/Comp/CompDetail/JT7564/Recruit/570105,,2026-09-07 17:57:05
캐치,세정,[OVLR] 올리비아로렌 우븐디자이너 경력직 채용,의류/패션/잡화디자인,경력 6~15년,정규직,서울,,2026-09-20,https://www.catch.co.kr/Comp/CompDetail/987263/Recruit/570104,,2026-09-07 17:57:05
캐치,광주글로벌모터스,'26년 2차 상생인재(기술직 신입사원) 채용,"구매/자재/재고, 배송/택배/운전, 생산/제조/설비/조립, 생산관리/공정관리/품질관리, 자동차/조선/기계, 전기/소방/통신/안전",신입,인턴,전남광주,,2026-09-21,https://www.catch.co.kr/Comp/CompDetail/JT7564/Recruit/570103,,2026-09-07 17:57:05
캐치,메리츠캐피탈,(인바운드 상담원) 고객관리팀 직원 채용,고객관리/인바운드,신입,기타,서울,,2026-09-12,https://www.catch.co.kr/Comp/CompDetail/H96371/Recruit/570102,,2026-09-07 17:57:05
캐치,경제인문사회연구회,2026년도 제9차 직원채용 (정규직 부전문위원),"경리/회계/결산, 기획/전략/경영, 사무/총무/법무, 재무/세무/IR",경력,정규직,세종,,2026-09-21,https://www.catch.co.kr/Comp/CompDetail/C49237/Recruit/570101,,2026-09-07 17:57:05
캐치,광주글로벌모터스,계약직(생산관리) 채용,생산관리/공정관리/품질관리,신입,계약직,전남광주,,2026-10-31,https://www.catch.co.kr/Comp/CompDetail/JT7564/Recruit/570100,,2026-09-07 17:57:05
캐치,스템코,"9월 시설지원 부문 신입/경력 채용 (기계/유틸리티, 초대졸)","생산관리/공정관리/품질관리, 자동차/조선/기계, 전기/소방/통신/안전",경력 3년↑,정규직/인턴,충북,,2026-09-13,https://www.catch.co.kr/Comp/CompDetail/042831/Recruit/570099,,2026-09-07 17:57:05
캐치,엘앤에프,HR부문 인사운영팀 기간제 근로자 채용,"경리/회계/결산, 인사/노무/교육",경력무관,계약직,대구,,2026-09-13,https://www.catch.co.kr/Comp/CompDetail/165030/Recruit/570098,,2026-09-07 17:57:05
캐치,KT알파,[kt alpha] kt알파 쇼핑  Data Analyst(DA) / Data Engineer(DE) 채용,"빅데이터/AI, DBA/데이터베이스, QA/테스트/검증",경력 3년↑,정규직,서울,,2026-10-05,https://www.catch.co.kr/Comp/CompDetail/983365/Recruit/570097,,2026-09-07 17:57:05
캐치,LG유플러스,[Enterprise부문] AI 사업 이행 PM 계약직 채용,"기획/전략/경영, 네트워크/서버/보안, 웹기획/PM/웹마케팅",경력 5년↑,계약직,서울,,2026-09-13,https://www.catch.co.kr/Comp/CompDetail/064847/Recruit/570096,,2026-09-07 17:57:05
캐치,LG유플러스,[Enterprise부문] 안전관리자 계약직 채용,전기/소방/통신/안전,경력 3년↑,계약직,서울/경기,,2026-09-13,https://www.catch.co.kr/Comp/CompDetail/064847/Recruit/570095,,2026-09-07 17:57:05
캐치,롯데웰푸드,2026년도 09월 S&OP 경력채용,"네트워크/서버/보안, 빅데이터/AI, ERP/시스템개발/설계",경력,정규직,서울,,2026-09-20,https://www.catch.co.kr/Comp/CompDetail/IV0057/Recruit/570094,,2026-09-07 17:57:05
캐치,롯데웰푸드,2026년 09월 글로벌물류 경력채용,"구매/자재/재고, 무역사무/수출입, 배송/택배/운전",경력 4~13년,정규직,서울,,2026-09-20,https://www.catch.co.kr/Comp/CompDetail/IV0057/Recruit/570093,,2026-09-07 17:57:05
캐치,롯데웰푸드,2026년도 09월 온실가스관리자 계약직 경력채용,"생산관리/공정관리/품질관리, 화학/에너지/환경",경력 1~3년,계약직,서울,,2026-09-20,https://www.catch.co.kr/Comp/CompDetail/IV0057/Recruit/570092,,2026-09-07 17:57:05
캐치,LG마그나이파워트레인,LG마그나 구동모터 설계 엔지니어 신입/경력 (해외/베트남) 수시채용 ,"기계설계/CAD/CAM, 자동차/조선/기계, 전기/전자/제어",경력,기타,베트남,,2026-09-20,https://www.catch.co.kr/Comp/CompDetail/OM6370/Recruit/570091,,2026-09-07 17:57:05
캐치,서비스에이스,SK텔레콤 수도권무선2고객센터 정규직 사원 채용,"고객관리/인바운드, 웹기획/PM/웹마케팅",경력,정규직,서울,,2026-09-20,https://www.catch.co.kr/Comp/CompDetail/F22362/Recruit/570090,,2026-09-07 17:57:05
캐치,현대이지웰,개발직 채용,"네트워크/서버/보안, 웹개발",경력무관,기타,서울,,2026-09-15,https://www.catch.co.kr/Comp/CompDetail/244213/Recruit/570089,,2026-09-07 17:57:05
캐치,서비스에이스,SK텔레콤 수도권 무선3고객센터 정규직 사원 채용,"고객관리/인바운드, 웹기획/PM/웹마케팅",경력,정규직,서울,,2026-09-20,https://www.catch.co.kr/Comp/CompDetail/F22362/Recruit/570088,,2026-09-07 17:57:05
캐치,LX글라스,연구소 제품솔루션개발팀 계약직 채용,"생산/제조/설비/조립, 생산관리/공정관리/품질관리, 화학/에너지/환경",신입,계약직,전북,,2026-09-20,https://www.catch.co.kr/Comp/CompDetail/JX1163/Recruit/570087,,2026-09-07 17:57:05
캐치,현대리바트,2026년 B2B 인테리어 설계 계약직 채용,"건축/설계/인테리어, 마케팅/PR/분석, 전시/공간디자인",경력 8년↑,계약직,서울,,2026-09-09,https://www.catch.co.kr/Comp/CompDetail/115873/Recruit/570086,,2026-09-07 17:57:05
캐치,SK머티리얼즈제이엔씨,생산 Operator 경력직 채용,"생산/제조/설비/조립, 생산관리/공정관리/품질관리",경력,정규직,경기,,2026-09-16,https://www.catch.co.kr/Comp/CompDetail/MB1089/Recruit/570085,,2026-09-07 17:57:05
캐치,현대자동차,[계약직] 울산공장 영상 크리에이터 채용,"감독/연출/PD, 동영상제작/편집, 영상/사진/촬영",경력,계약직,울산,,2026-09-13,https://www.catch.co.kr/Comp/CompDetail/380954/Recruit/570084,,2026-09-07 17:57:05
캐치,알파사이츠,2027년 주요 고객사 프로젝트 담당자 신입 및 주니어경력 채용 (1월/ 4월),"고객관리/인바운드, 기획/전략/경영, B2B영업/기술영업",경력 3년↓,정규직,서울,,2026-11-06,https://www.catch.co.kr/Comp/CompDetail/A1E8E/Recruit/570083,,2026-09-07 17:57:05
캐치,연세대학교 연세유업,[연세유업 아산공장] 상온제품생산부문 신입직원(8급) 채용,"생산/제조/설비/조립, 생산관리/공정관리/품질관리",신입,정규직,충남,,2026-09-21,https://www.catch.co.kr/Comp/CompDetail/AE562/Recruit/570082,,2026-09-07 17:57:05
캐치,롯데칠성음료,2026년 9월 PCPPI 통번역 계약직 채용,외국어/번역/통역,경력,계약직,필리핀,,2026-09-14,https://www.catch.co.kr/Comp/CompDetail/310476/Recruit/570081,,2026-09-07 17:57:05
캐치,과학기술정책연구원,(재공고) 4차 연구직/전문연구직/행정직(계약직) 채용,"기획/전략/경영, 네트워크/서버/보안, 빅데이터/AI, 사무/총무/법무, 설문/통계/리서치",경력,계약직/기타,세종,,2026-09-21,https://www.catch.co.kr/Comp/CompDetail/378665/Recruit/570080,,2026-09-07 17:57:05
캐치,오알켐,전사기획팀 구매파트 주니어 채용,"구매/자재/재고, 무역사무/수출입, 배송/택배/운전",경력 3~5년,정규직,경기,,2026-10-07,https://www.catch.co.kr/Comp/CompDetail/C71942/Recruit/570079,,2026-09-07 17:57:05
캐치,이랜드이츠,광주 축산CK 생산관리자 경력 채용,"구매/자재/재고, 생산관리/공정관리/품질관리",경력 2~3년,계약직,경기,,2026-09-27,https://www.catch.co.kr/Comp/CompDetail/JQ7455/Recruit/570078,,2026-09-07 17:57:06
캐치,세스코,글로벌마케팅 채용,마케팅/PR/분석,경력 7년↑,정규직,서울,,2026-09-21,https://www.catch.co.kr/Comp/CompDetail/024171/Recruit/570077,,2026-09-07 17:57:06
캐치,브이엔티지,[2026 채용 연계형 인턴] 컨설팅 · 개발 · 기획 채용 #공채,"기획/전략/경영, 네트워크/서버/보안, 설문/통계/리서치, 웹기획/PM/웹마케팅, ERP/시스템개발/설계",신입,인턴,서울,,2026-10-31,https://www.catch.co.kr/Comp/CompDetail/LH3214/Recruit/570076,,2026-09-07 17:57:06
캐치,세스코,사내 커뮤니케이션 채용,"기획/전략/경영, 콘텐츠/사이트운영",경력 5~10년,정규직,서울,,2026-09-18,https://www.catch.co.kr/Comp/CompDetail/024171/Recruit/570075,,2026-09-07 17:57:06
캐치,세스코,케미컬 품질관리 채용,"생산/제조/설비/조립, 생산관리/공정관리/품질관리",경력무관,정규직,충북,,2026-09-18,https://www.catch.co.kr/Comp/CompDetail/024171/Recruit/570074,,2026-09-07 17:57:06
캐치,CJ올리브네트웍스,[신입] AI Content Creator 채용,"빅데이터/AI, 웹기획/PM/웹마케팅, 콘텐츠/사이트운영",신입,정규직,서울/경기,,2026-09-21,https://www.catch.co.kr/Comp/CompDetail/046305/Recruit/570073,,2026-09-07 17:57:06
캐치,한화투자증권,해외주식팀 Desk(Night포함) 경력 채용,"기획/전략/경영, 설문/통계/리서치, 증권/투자/펀드/외환",경력,계약직,서울,,2026-09-17,https://www.catch.co.kr/Comp/CompDetail/860026/Recruit/570072,,2026-09-07 17:57:06
캐치,동아제약,당진공장 품질보증(QA) 신입/경력 채용,"바이오/제약/식품, 생산관리/공정관리/품질관리",경력 7년↑,정규직,충남,,2026-09-13,https://www.catch.co.kr/Comp/CompDetail/J01069/Recruit/570071,,2026-09-07 17:57:06
캐치,CJ올리브네트웍스,[경력] 개인정보보호 담당자 채용,"기획/전략/경영, 네트워크/서버/보안",경력 10년↑,기타,서울,,2026-09-28,https://www.catch.co.kr/Comp/CompDetail/046305/Recruit/570070,,2026-09-07 17:57:06
캐치,한화생명보험,투자AI팀 'AI 모델링 엔지니어' 전문인력 채용(대리급),"빅데이터/AI, QA/테스트/검증",경력 5년↑,정규직,서울,,2026-09-17,https://www.catch.co.kr/Comp/CompDetail/870013/Recruit/570069,,2026-09-07 17:57:06
캐치,GS ITM,재무팀 경력직 채용,"경리/회계/결산, 재무/세무/IR",경력 7년↑,정규직,서울,,2026-09-18,https://www.catch.co.kr/Comp/CompDetail/385861/Recruit/570068,,2026-09-07 17:57:06
캐치,인스파이어인티그레이티드리조트,[IT] BOH System Specialist(3년 이상) 채용,"네트워크/서버/보안, 빅데이터/AI",경력 3년↑,정규직,인천,,2026-11-06,https://www.catch.co.kr/Comp/CompDetail/HF3448/Recruit/570067,,2026-09-07 17:57:06
캐치,수산업협동조합중앙회,26년도 하반기 전국 수협 일괄공개채용 #공채,"기획/전략/경영, 무역영업/해외영업, 사무/총무/법무, 영업관리/지원/영업기획, 자동차/조선/기계, 채권/보험/보상/심사, 판매/캐셔/매장관리",경력,정규직,서울/부산/경기/인천/강원/충남/전북/전남광주/경북/경남/제주/전국,,2026-09-21,https://www.catch.co.kr/Comp/CompDetail/466656/Recruit/570066,,2026-09-07 17:57:06
캐치,한화모멘텀,해외영업(중국) 경력사원 채용,"고객관리/인바운드, 기획/전략/경영, 마케팅/PR/분석, 무역사무/수출입, 무역영업/해외영업",경력 3년↑,정규직,경기,,2026-09-22,https://www.catch.co.kr/Comp/CompDetail/RC6463/Recruit/570065,,2026-09-07 17:57:06
캐치,윗유,[크리에이티브] 글로벌 크리에이터 콘텐츠 PD,"감독/연출/PD, 광고제작/카피/CF, 동영상제작/편집",경력 1~5년,정규직,서울,,2026-10-04,https://www.catch.co.kr/Comp/CompDetail/JS9585/Recruit/570064,,2026-09-07 17:57:06
캐치,한화,[글로벌부문] 반도체소재 영업 경력사원 채용,"고객관리/인바운드, 기획/전략/경영, 반도체/디스플레이, 영업관리/지원/영업기획, 일반영업",경력 5년↑,정규직,서울,,2026-09-27,https://www.catch.co.kr/Comp/CompDetail/350893/Recruit/570063,,2026-09-07 17:57:06
캐치,수행기사,수행기사 채용 [송파구 문정동] 회장 개인고용,배송/택배/운전,경력 5년↑,정규직,서울,,2026-10-04,https://www.catch.co.kr/Comp/CompDetail/A39BC/Recruit/570062,,2026-09-07 17:57:06
캐치,애경산업,[정규직/경력] 홍보팀 PR담당자 채용,마케팅/PR/분석,경력 6~10년,정규직,서울,,2026-11-06,https://www.catch.co.kr/Comp/CompDetail/353574/Recruit/570061,,2026-09-07 17:57:06
캐치,수행기사, [송파/헤드헌팅] 중견기업 그룹사 CISCO기술영업 대리/과장 경력직 채용,"기획/전략/경영, 영업관리/지원/영업기획, B2B영업/기술영업",경력무관,계약직,서울,,2026-09-18,https://www.catch.co.kr/Comp/CompDetail/A39BC/Recruit/570060,,2026-09-07 17:57:06
캐치,케이투코리아,케이투코리아그룹 9월 각 부문 신입/경력사원 채용,"고객관리/인바운드, 구매/자재/재고, 기획/전략/경영, 네트워크/서버/보안, 사무/총무/법무, 상품기획/MD, 웹개발, 의류/패션/잡화디자인, 판매/캐셔/매장관리",경력,정규직/계약직,서울/경기,,2026-09-25,https://www.catch.co.kr/Comp/CompDetail/178309/Recruit/570059,,2026-09-07 17:57:06
캐치,현대글로비스,인천 스마트물류센터 운영 담당 계약직 채용 (인천 서구),"구매/자재/재고, 배송/택배/운전",경력 2년↑,계약직,인천,,2026-09-13,https://www.catch.co.kr/Comp/CompDetail/163890/Recruit/570058,,2026-09-07 17:57:06
캐치,현대글로비스,공항물류센터 해외특송(CBE) CS 업무지원 계약직 채용 (인천 영종구),배송/택배/운전,신입,계약직,인천,,2026-09-13,https://www.catch.co.kr/Comp/CompDetail/163890/Recruit/570057,,2026-09-07 17:57:06
캐치,코오롱스페이스웍스 서울지점,코오롱스페이스웍스 서울지점 관리직 채용(회계/세무),"경리/회계/결산, 세무/회계/CPA, 재무/세무/IR",경력 5년↑,정규직,서울,,2026-09-22,https://www.catch.co.kr/Comp/CompDetail/AE87F/Recruit/570056,,2026-09-07 17:57:06
캐치,수행기사,[용산/아이파크몰] 해리포터 마호도코로 팝업스토어 단기 스탭 모집(주5일),판매/캐셔/매장관리,경력무관,계약직/기타,서울,,2026-11-06,https://www.catch.co.kr/Comp/CompDetail/A39BC/Recruit/570054,,2026-09-07 17:57:06
캐치,셀트리온,건설프로젝트 분야 신입/경력 수시채용,"건축/설계/인테리어, 기계설계/CAD/CAM, 생산관리/공정관리/품질관리, 자동차/조선/기계, 전기/전자/제어, 환경/플랜트",경력,기타,인천,,2026-09-20,https://www.catch.co.kr/Comp/CompDetail/251763/Recruit/570053,,2026-09-07 17:57:06
캐치,다이닝브랜즈그룹,해외운영 담당 (과장급) 채용,"기획/전략/경영, 무역영업/해외영업",경력 6년↑,정규직,서울,,2026-11-06,https://www.catch.co.kr/Comp/CompDetail/C13240/Recruit/570052,,2026-09-07 17:57:06
캐치,셀트리온,품질관리 분야 체험형 인턴 채용,"바이오/제약/식품, 사무/총무/법무, 사무보조/문서작성, 생산관리/공정관리/품질관리",신입,인턴,인천,,2026-09-20,https://www.catch.co.kr/Comp/CompDetail/251763/Recruit/570051,,2026-09-07 17:57:06
캐치,다이닝브랜즈그룹,재무관리 담당 (대리급) 채용,"경리/회계/결산, 재무/세무/IR",경력 5년↑,정규직,서울,,2026-11-06,https://www.catch.co.kr/Comp/CompDetail/C13240/Recruit/570050,,2026-09-07 17:57:06
캐치,다이닝브랜즈그룹,해외사업 전략기획 담당 (대리급) 채용,"기획/전략/경영, 재무/세무/IR",경력 5년↑,정규직,서울,,2026-11-06,https://www.catch.co.kr/Comp/CompDetail/C13240/Recruit/570049,,2026-09-07 17:57:06
캐치,셀트리온,품질관리/DS/제조관리약사 신입/경력 수시채용,"바이오/제약/식품, 생산관리/공정관리/품질관리, 약사/한약사/약무보조",경력,기타,인천,,2026-09-20,https://www.catch.co.kr/Comp/CompDetail/251763/Recruit/570048,,2026-09-07 17:57:06
캐치,SK ON,SK온 New Application소재개발팀 기술감독직 채용,"구매/자재/재고, 생산/제조/설비/조립, 화학/에너지/환경",경력무관,계약직,대전,,2026-09-20,https://www.catch.co.kr/Comp/CompDetail/OQ9548/Recruit/570047,,2026-09-07 17:57:07
캐치,다이닝브랜즈그룹,정보보호 담당 (대리~과장급) 채용,네트워크/서버/보안,경력 5년↑,정규직,서울,,2026-11-06,https://www.catch.co.kr/Comp/CompDetail/C13240/Recruit/570046,,2026-09-07 17:57:07
캐치,SK실트론,Generative AI Engineer 경력직 채용,"빅데이터/AI, 응용프로그램개발, DBA/데이터베이스",경력,정규직,서울,,2026-09-16,https://www.catch.co.kr/Comp/CompDetail/360651/Recruit/570045,,2026-09-07 17:57:07
캐치,SK케미칼,청주공장 회계 계약직 (신입/경력) 채용,"경리/회계/결산, 재무/세무/IR",경력무관,계약직,충북,,2026-09-13,https://www.catch.co.kr/Comp/CompDetail/IW7328/Recruit/570044,,2026-09-07 17:57:07
캐치,FRL코리아,2026년 유니클로 신입사원(UMC)채용 #공채,판매/캐셔/매장관리,신입,정규직,서울/전국,,2026-09-28,https://www.catch.co.kr/Comp/CompDetail/382306/Recruit/570043,,2026-09-07 17:57:07
캐치,엔솔브,ESS EPC 프로젝트 담당 경력 구성원 (경력) 채용,"건축/설계/인테리어, 기계설계/CAD/CAM, 생산관리/공정관리/품질관리, 자동차/조선/기계, 전기/전자/제어",경력 5년↑,정규직,부산,,2026-09-13,https://www.catch.co.kr/Comp/CompDetail/376147/Recruit/570042,,2026-09-07 17:57:07
캐치,다이닝브랜즈그룹,공간기획/설계 담당 (사원~주임급) 채용,"건축/설계/인테리어, 전시/공간디자인",경력,정규직,서울,,2026-11-06,https://www.catch.co.kr/Comp/CompDetail/C13240/Recruit/570041,,2026-09-07 17:57:07
캐치,HS애드,[HSAD] 2026년 하반기 신입사원 채용 #공채,"광고제작/카피/CF, 기획/전략/경영, 마케팅/PR/분석",신입,정규직,서울,,2026-09-21,https://www.catch.co.kr/Comp/CompDetail/820393/Recruit/570040,,2026-09-07 17:57:07
캐치,네이버클라우드,[NAVER Cloud] 대외정책대응 및 분석개발 담당자 (경력) 채용,"사무보조/문서작성, 설문/통계/리서치",경력 5년↑,정규직,경기,,2026-09-23,https://www.catch.co.kr/Comp/CompDetail/C83675/Recruit/570039,,2026-09-07 17:57:07
캐치,CJ프레시웨이,[CJ프레시웨이] 농산 영업(서울/수도권) 경력사원 모집,일반영업,경력 5년↑,정규직,서울,,2026-09-21,https://www.catch.co.kr/Comp/CompDetail/157210/Recruit/570038,,2026-09-07 17:57:07
캐치,CJ프레시웨이,[CJ프레시웨이] 자금 출납 담당 경력사원 모집,재무/세무/IR,경력 2년↑,정규직,서울,,2026-09-21,https://www.catch.co.kr/Comp/CompDetail/157210/Recruit/570037,,2026-09-07 17:57:07
캐치,셀트리온,신약연구 분야 경력 수시채용,바이오/제약/식품,경력,기타,인천,,2026-09-20,https://www.catch.co.kr/Comp/CompDetail/251763/Recruit/570036,,2026-09-07 17:57:07
캐치,셀트리온,법무/지식재산/IT 분야 경력 수시채용,"네트워크/서버/보안, 법률/특허/상표, 사무/총무/법무",경력,기타,인천,,2026-09-20,https://www.catch.co.kr/Comp/CompDetail/251763/Recruit/570035,,2026-09-07 17:57:07
캐치,셀트리온,Brand Design 분야 경력 수시채용,"광고/시각디자인, 전시/공간디자인, 제품/산업디자인",경력,기타,인천,,2026-09-20,https://www.catch.co.kr/Comp/CompDetail/251763/Recruit/570034,,2026-09-07 17:57:07
캐치,위메이드,인사 담당자(체험형 인턴),인사/노무/교육,신입,인턴,경기,,2026-10-06,https://www.catch.co.kr/Comp/CompDetail/164426/Recruit/570033,,2026-09-07 17:57:07
캐치,한화솔루션,[큐셀] AI 플랫폼 엔지니어 채용,"빅데이터/AI, 응용프로그램개발, DBA/데이터베이스, ERP/시스템개발/설계",경력,정규직,서울,,2026-09-28,https://www.catch.co.kr/Comp/CompDetail/350257/Recruit/570032,,2026-09-07 17:57:07
캐치,한화솔루션,[큐셀] 데이터 엔지니어 채용,"빅데이터/AI, DBA/데이터베이스",경력,정규직,서울,,2026-09-28,https://www.catch.co.kr/Comp/CompDetail/350257/Recruit/570031,,2026-09-07 17:57:07
캐치,한화솔루션,[큐셀] 생성형 AI 애플리케이션 엔지니어 채용,"빅데이터/AI, 응용프로그램개발, DBA/데이터베이스, ERP/시스템개발/설계",경력,정규직,서울,,2026-09-28,https://www.catch.co.kr/Comp/CompDetail/350257/Recruit/570030,,2026-09-07 17:57:07
캐치,한화비전,[테크부문] 2026년도 신입사원 채용 #공채,"네트워크/서버/보안, 응용프로그램개발, 전기/전자/제어, ERP/시스템개발/설계, QA/테스트/검증",신입,인턴,경기,,2026-10-11,https://www.catch.co.kr/Comp/CompDetail/RF7649/Recruit/570029,,2026-09-07 17:57:07
캐치,유라코퍼레이션,모로코법인 한국인 관리자 채용,"구매/자재/재고, 무역사무/수출입, 생산관리/공정관리/품질관리, 외국어/번역/통역",경력무관,정규직,모로코,,2026-09-19,https://www.catch.co.kr/Comp/CompDetail/038365/Recruit/570028,,2026-09-07 17:57:07
캐치,유라,고속 통신 커넥터 설계 담당자 (신입/경력) 채용,"기계설계/CAD/CAM, 자동차/조선/기계, 전기/소방/통신/안전, 통신기술/네트워크구축",경력,정규직/인턴,경기,,2026-09-13,https://www.catch.co.kr/Comp/CompDetail/J07895/Recruit/570027,,2026-09-07 17:57:07
캐치,메가스터디교육,부문별 신입/경력 정규직 채용,"교육기획/교재, 기획/전략/경영, 마케팅/PR/분석, 사무/총무/법무, 재무/세무/IR",경력,정규직,서울,,2026-09-13,https://www.catch.co.kr/Comp/CompDetail/FU0237/Recruit/570026,,2026-09-07 17:57:07
캐치,다이닝브랜즈그룹,개인정보보호 담당자 (과~차장급) 채용,"기획/전략/경영, 네트워크/서버/보안, 사무/총무/법무",경력 5년↑,정규직,서울,,2026-11-06,https://www.catch.co.kr/Comp/CompDetail/C13240/Recruit/570025,,2026-09-07 17:57:07
캐치,다이닝브랜즈그룹,인테리어팀 PM 담당 (과~차장급) 채용,"건축/설계/인테리어, 시공/현장/감리/공무",경력 13년↑,정규직,서울,,2026-11-06,https://www.catch.co.kr/Comp/CompDetail/C13240/Recruit/570024,,2026-09-07 17:57:07
캐치,한화파워,가스터빈 경력사원(GT 부품개발) 채용,"기계설계/CAD/CAM, 자동차/조선/기계",경력 2년↑,정규직,경남,,2026-09-27,https://www.catch.co.kr/Comp/CompDetail/IR7354/Recruit/570023,,2026-09-07 17:57:07
캐치,서영엔지니어링,인사부 신입사원 모집(총무),사무/총무/법무,신입,정규직,경기,,2026-09-11,https://www.catch.co.kr/Comp/CompDetail/046636/Recruit/570022,,2026-09-07 17:57:07
캐치,한화파워,경력사원(기계 시운전) 채용,"기계설계/CAD/CAM, 자동차/조선/기계, 전기/전자/제어",경력 5년↑,정규직,경남,,2026-09-27,https://www.catch.co.kr/Comp/CompDetail/IR7354/Recruit/570021,,2026-09-07 17:57:07
캐치,락앤락,정보보안 담당자 경력직 채용,네트워크/서버/보안,경력 7년↑,정규직,서울/경기,,2026-11-06,https://www.catch.co.kr/Comp/CompDetail/381863/Recruit/570020,,2026-09-07 17:57:07
캐치,한화파워,경력사원(설계 및 공사관리) 채용,"건축/설계/인테리어, 기계설계/CAD/CAM, 생산관리/공정관리/품질관리, 자동차/조선/기계, 전기/전자/제어",경력 5년↑,정규직,경남,,2026-09-27,https://www.catch.co.kr/Comp/CompDetail/IR7354/Recruit/570019,,2026-09-07 17:57:07
캐치,락앤락,IT 인프라 관리 담당자 경력직 채용,네트워크/서버/보안,경력 7년↑,정규직,서울/경기,,2026-11-06,https://www.catch.co.kr/Comp/CompDetail/381863/Recruit/570018,,2026-09-07 17:57:07
캐치,바이오노트,[정규직/신입-8년차] 9월_영업기획팀 매니저 인재채용,영업관리/지원/영업기획,경력 8년↓,정규직,경기,,2026-09-20,https://www.catch.co.kr/Comp/CompDetail/383136/Recruit/570017,,2026-09-07 17:57:08
캐치,매일유업,본사 FS Category PM (대리급) 채용,"기획/전략/경영, 마케팅/PR/분석",경력,정규직,서울,,2026-10-03,https://www.catch.co.kr/Comp/CompDetail/IP7458/Recruit/570016,,2026-09-07 17:57:08
캐치,어센트에이아이,마케팅 전략 컨설턴트_신입,마케팅/PR/분석,경력 5년↓,정규직,서울,,2026-11-06,https://www.catch.co.kr/Comp/CompDetail/L25425/Recruit/570015,,2026-09-07 17:57:08
캐치,매일유업,수입상품 TM/SCM (과/차장급) 채용,"경리/회계/결산, 구매/자재/재고",경력 8년↑,정규직,서울,,2026-10-03,https://www.catch.co.kr/Comp/CompDetail/IP7458/Recruit/570014,,2026-09-07 17:57:08
캐치,이스트소프트,[ESTsoft] 총무 담당자 (계약직) 채용,사무/총무/법무,경력무관,계약직,서울,,2026-11-06,https://www.catch.co.kr/Comp/CompDetail/020069/Recruit/570013,,2026-09-07 17:57:08
캐치,경기도의료원,[수원병원][2026-34호] 간호사(정규직) 신규채용,간호사,경력,정규직,경기,,2026-09-14,https://www.catch.co.kr/Comp/CompDetail/044721/Recruit/570012,,2026-09-07 17:57:08
캐치,무인양품,[MUJI] 무인양품 식품팀 MD 경력 채용,"고객관리/인바운드, 구매/자재/재고, 기획/전략/경영, 상품기획/MD",경력 1~2년,정규직,서울,,2026-09-13,https://www.catch.co.kr/Comp/CompDetail/369169/Recruit/570011,,2026-09-07 17:57:08
캐치,한화오션,[경영지원] 총무구매지원(계약직) 채용,"경리/회계/결산, 구매/자재/재고, 사무/총무/법무, 사무보조/문서작성",경력 3년↑,계약직,경남,,2026-12-31,https://www.catch.co.kr/Comp/CompDetail/152019/Recruit/570010,,2026-09-07 17:57:08
캐치,동국제강,[포항공장] 생산직(전기직무) 신입사원 채용,"전기/소방/통신/안전, 전기/전자/제어",신입,계약직,경북,,2026-09-08,https://www.catch.co.kr/Comp/CompDetail/QE5517/Recruit/570009,,2026-09-07 17:57:08
캐치,콜마비앤에이치,음성공장 건강기능식품 생산직 신입/경력 채용 (채용시 마감),"생산/제조/설비/조립, 생산관리/공정관리/품질관리",경력무관,기타,충북,,2026-12-31,https://www.catch.co.kr/Comp/CompDetail/L73318/Recruit/570008,,2026-09-07 17:57:08
캐치,악사손해보험,보안&위기대응팀 정보보안 거버넌스 및 보안성 검토 담당자 채용,"네트워크/서버/보안, QA/테스트/검증",경력 2년↑,정규직,서울,,2026-09-20,https://www.catch.co.kr/Comp/CompDetail/158989/Recruit/570007,,2026-09-07 17:57:08
캐치,HL디앤아이한라,회계팀 계약직 채용,"사무/총무/법무, 재무/세무/IR",경력,계약직,서울,,2026-09-11,https://www.catch.co.kr/Comp/CompDetail/501719/Recruit/570006,,2026-09-07 17:57:08
캐치,대한제분,생산팀 품질관리/식품안전(계약직) 채용,"바이오/제약/식품, 생산관리/공정관리/품질관리",경력무관,계약직,부산,,2026-09-23,https://www.catch.co.kr/Comp/CompDetail/310590/Recruit/570005,,2026-09-07 17:57:08
캐치,한화오션,[경영지원] 외국인 근로자 정착 지원(계약직) 채용,인사/노무/교육,경력 2년↑,계약직,경남,,2026-12-31,https://www.catch.co.kr/Comp/CompDetail/152019/Recruit/570004,,2026-09-07 17:57:08
캐치,신한은행,(26-09) 영업점 창구업무 업무지원계약인력 채용,"고객관리/인바운드, 사무/총무/법무, 영업관리/지원/영업기획, 일반영업",경력 1년↑,계약직,서울/경기/충북,,2026-09-14,https://www.catch.co.kr/Comp/CompDetail/840130/Recruit/570003,,2026-09-07 17:57:08
캐치,안랩,[인턴] 채용(다이렉트 소싱) 채용,"인사/노무/교육, 콘텐츠/사이트운영, 헤드헌팅/노무/직업상담",신입,인턴,경기,,2026-09-13,https://www.catch.co.kr/Comp/CompDetail/052194/Recruit/570002,,2026-09-07 17:57:08
캐치,한화비전,Site Reliability Engineer 채용,"네트워크/서버/보안, 빅데이터/AI, DBA/데이터베이스, ERP/시스템개발/설계",경력 8~15년,정규직,경기,,2026-11-06,https://www.catch.co.kr/Comp/CompDetail/RF7649/Recruit/570001,,2026-09-07 17:57:08
캐치,에프앤에프,MLB 용품디자인팀 모자 디자이너 경력직 채용,의류/패션/잡화디자인,경력 3~13년,정규직,서울,,2026-09-20,https://www.catch.co.kr/Comp/CompDetail/NZ2988/Recruit/570000,,2026-09-07 17:57:08
캐치,한화오션,[제조총괄] 안전팀 경력사원(계약직) 채용,"시설/보안/경비/안전, 전기/소방/통신/안전",경력 3년↑,계약직,경남,,2026-12-31,https://www.catch.co.kr/Comp/CompDetail/152019/Recruit/569999,,2026-09-07 17:57:08
캐치,한화오션,[경영지원] 노사관리/운영 경력사원 채용,"인사/노무/교육, 헤드헌팅/노무/직업상담",경력 5년↑,정규직,경남,,2026-12-31,https://www.catch.co.kr/Comp/CompDetail/152019/Recruit/569998,,2026-09-07 17:57:08
캐치,카카오뱅크,신사업(서베이) 운영 및 기획 어시스턴트 (체험형 인턴) 채용,"마케팅/PR/분석, 설문/통계/리서치",신입,인턴,경기,,2026-09-14,https://www.catch.co.kr/Comp/CompDetail/HM8410/Recruit/569997,,2026-09-07 17:57:08
캐치,은평구청,서울특별시 은평구 시간선택제임기제공무원(교통전문) 채용 계획 공고,토목/조경/도시/측량,경력 1년↑,계약직,서울,,2026-09-23,https://www.catch.co.kr/Comp/CompDetail/368126/Recruit/569996,,2026-09-07 17:57:08
캐치,한화오션,[경영지원] 국내법무팀장 채용,"기획/전략/경영, 법률/특허/상표, 사무/총무/법무",경력 10년↑,정규직,서울,,2026-12-31,https://www.catch.co.kr/Comp/CompDetail/152019/Recruit/569995,,2026-09-07 17:57:08
캐치,한화오션,[제품전략기술원] 플랜트설계(공정개발) 경력사원 채용,"화학/에너지/환경, 환경/플랜트",경력 5년↑,정규직,서울,,2026-12-31,https://www.catch.co.kr/Comp/CompDetail/152019/Recruit/569994,,2026-09-07 17:57:08
캐치,비락,진천공장 생산팀 신입사원 채용,생산/제조/설비/조립,경력무관,정규직,충북,,2026-09-17,https://www.catch.co.kr/Comp/CompDetail/310042/Recruit/569993,,2026-09-07 17:57:08
캐치,에이치케이금융파트너스,[HK금융파트너스] GA 영상 제작 및 교육지원(경력직) 채용,"교육기획/교재, 기획/전략/경영",경력 2년↑,계약직,서울,,2026-09-13,https://www.catch.co.kr/Comp/CompDetail/QF1354/Recruit/569992,,2026-09-07 17:57:08
캐치,한화오션,[경영지원] 법무 경력사원(국제 변호사) 채용,"법률/특허/상표, 사무/총무/법무",경력무관,정규직,서울,,2026-12-31,https://www.catch.co.kr/Comp/CompDetail/152019/Recruit/569991,,2026-09-07 17:57:08
캐치,비락,대구공장 생산팀 신입사원(5급) 채용,생산/제조/설비/조립,신입,정규직,대구,,2026-09-18,https://www.catch.co.kr/Comp/CompDetail/310042/Recruit/569990,,2026-09-07 17:57:08
캐치,GS리테일,'26년 하반기 홈쇼핑BU 신입사원 채용 #공채,"감독/연출/PD, 기획/전략/경영, 마케팅/PR/분석, 빅데이터/AI, 상품기획/MD",신입,기타,서울,,2026-09-21,https://www.catch.co.kr/Comp/CompDetail/810045/Recruit/569989,,2026-09-07 17:57:08
캐치,CJ프레시웨이,[CJ프레시웨이] 영업지원(계약직) 신입/경력사원 모집,"고객관리/인바운드, 고객관리/인바운드/아웃바운드, 사무보조/문서작성, 영업관리/지원/영업기획",경력,계약직,서울,,2026-09-14,https://www.catch.co.kr/Comp/CompDetail/157210/Recruit/569988,,2026-09-07 17:57:08
캐치,컴투스플랫폼,글로벌 게임 플랫폼 Hive B2B 세일즈 담당자 (5년 이상) 채용,"영업관리/지원/영업기획, 전시/컨벤션, B2B영업/기술영업",경력 5년↑,정규직,서울,,2026-11-02,https://www.catch.co.kr/Comp/CompDetail/HT9435/Recruit/569987,,2026-09-07 17:57:09
캐치,GS리테일,'26년 하반기 수퍼BU 채용연계형 인턴 모집 #공채,"고객관리/인바운드, 구매/자재/재고, 영업관리/지원/영업기획, 판매/캐셔/매장관리",신입,인턴,서울/경기/인천/경남,,2026-09-21,https://www.catch.co.kr/Comp/CompDetail/810045/Recruit/569986,,2026-09-07 17:57:09
캐치,바바리안모터스,"BPS 인증중고차 영업 직원, 인증팀 채용","고객관리/인바운드, 영업관리/지원/영업기획",경력,정규직/계약직,인천/경기,,2026-11-06,https://www.catch.co.kr/Comp/CompDetail/213770/Recruit/569985,,2026-09-07 17:57:09
캐치,바바리안모터스,BMW 영업 및 교육담당자 채용,"고객관리/인바운드, 영업관리/지원/영업기획",경력,정규직/계약직,인천/서울/경기,,2026-11-06,https://www.catch.co.kr/Comp/CompDetail/213770/Recruit/569984,,2026-09-07 17:57:09
캐치,GS리테일,'26년 하반기 편의점BU 채용연계형 인턴 모집 #공채,"경영분석/컨설턴트, 기획/전략/경영, 재무/세무/IR",신입,인턴,서울/경기/인천/강원/충남/충북/전북/경북,,2026-09-21,https://www.catch.co.kr/Comp/CompDetail/810045/Recruit/569983,,2026-09-07 17:57:09
캐치,사조푸디스트,[사조푸디스트/서울역] 외식식재영업 경력사원 모집,"일반영업, B2B영업/기술영업",경력,정규직,서울,,2026-09-13,https://www.catch.co.kr/Comp/CompDetail/JZ9295/Recruit/569982,,2026-09-07 17:57:09
캐치,유한양행,2026년 계약직 사원 채용(교육팀),"교육기획/교재, 인사/노무/교육",신입,계약직,서울,,2026-09-21,https://www.catch.co.kr/Comp/CompDetail/350664/Recruit/569981,,2026-09-07 17:57:09
캐치,오알켐,기술혁신팀 신입/경력 대규모 채용,화학/에너지/환경,경력 1년↑,정규직,경기,,2026-09-16,https://www.catch.co.kr/Comp/CompDetail/C71942/Recruit/569980,,2026-09-07 17:57:09
캐치,바바리안모터스,BMW 바바리안모터스 본사 AS운영팀 채용,"영업관리/지원/영업기획, AS/서비스/수리",경력무관,정규직,인천,,2026-11-02,https://www.catch.co.kr/Comp/CompDetail/213770/Recruit/569979,,2026-09-07 17:57:09
캐치,LIG D&A,2026년 하반기 경력 공개채용 #공채,"구매/자재/재고, 기계설계/CAD/CAM, 기획/전략/경영, 웹개발, 응용프로그램개발, 인사/노무/교육, 자동차/조선/기계, 재무/세무/IR, 전기/소방/통신/안전, 전기/전자/제어, 화학/에너지/환경, ERP/시스템개발/설계",경력 1년↑,정규직/기타,경기/경북/서울,,2026-09-27,https://www.catch.co.kr/Comp/CompDetail/240137/Recruit/569978,,2026-09-07 17:57:09
캐치,바바리안모터스,BMW 바바리안모터스 본사 고객지원팀 채용,"고객관리/인바운드, 영업관리/지원/영업기획",경력무관,정규직,인천,,2026-11-02,https://www.catch.co.kr/Comp/CompDetail/213770/Recruit/569977,,2026-09-07 17:57:09
캐치,데상트코리아,각 부문별 신입/경력 채용,"그래픽디자인/CG, 기계설계/CAD/CAM, 네트워크/서버/보안, 웹개발, 응용프로그램개발, 의류/패션/잡화디자인, ERP/시스템개발/설계",경력,정규직/계약직,서울,,2026-10-04,https://www.catch.co.kr/Comp/CompDetail/092449/Recruit/569976,,2026-09-07 17:57:09
캐치,바바리안모터스,BMW 바바리안모터스 본사 마케팅팀 채용,마케팅/PR/분석,경력무관,정규직,인천,,2026-11-02,https://www.catch.co.kr/Comp/CompDetail/213770/Recruit/569975,,2026-09-07 17:57:09
캐치,NHN,[NHN Dooray] ERP 기획 및 운영,웹기획/PM/웹마케팅,경력 3년↑,정규직,경기,,2026-11-06,https://www.catch.co.kr/Comp/CompDetail/J84229/Recruit/569974,,2026-09-07 17:57:09
캐치,바바리안모터스,BMW 바바리안모터스 본사 인사팀 채용,인사/노무/교육,신입,정규직,인천,,2026-11-02,https://www.catch.co.kr/Comp/CompDetail/213770/Recruit/569973,,2026-09-07 17:57:09
캐치,한국백신,"한국백신판매(주) 영업사원, 마케팅 대규모 채용(수도권)","바이오/제약/식품, 영업관리/지원/영업기획, 일반영업, B2B영업/기술영업","경력 1~10년,1~10년",정규직,서울/경기/인천,,2026-09-28,https://www.catch.co.kr/Comp/CompDetail/607827/Recruit/569972,,2026-09-07 17:57:09
캐치,바바리안모터스,BMW 바바리안모터스 본사 총무팀 채용,"건축/설계/인테리어, 사무/총무/법무",경력무관,정규직,인천,,2026-11-02,https://www.catch.co.kr/Comp/CompDetail/213770/Recruit/569971,,2026-09-07 17:57:09
캐치,바텍이우홀딩스,인사(HRM) 채용,"영업관리/지원/영업기획, 인사/노무/교육",경력 3년↑,정규직,경기,,2026-11-06,https://www.catch.co.kr/Comp/CompDetail/500180/Recruit/569970,,2026-09-07 17:57:09
캐치,바텍이우홀딩스,총무 채용,"사무/총무/법무, 영업관리/지원/영업기획",경력 7년↑,정규직,경기,,2026-11-06,https://www.catch.co.kr/Comp/CompDetail/500180/Recruit/569969,,2026-09-07 17:57:09
캐치,바바리안모터스,BMW 바바리안모터스 본사 IT 채용,"네트워크/서버/보안, 사무/총무/법무, QA/테스트/검증",경력 5년↓,정규직,인천,,2026-11-03,https://www.catch.co.kr/Comp/CompDetail/213770/Recruit/569968,,2026-09-07 17:57:09
캐치,아워홈,[물류본부] 용인2물류센터 운송관리(배차) 신입 채용,"배송/택배/운전, 사무/총무/법무, 생산관리/공정관리/품질관리, 재무/세무/IR",신입,정규직,경기,,2026-09-27,https://www.catch.co.kr/Comp/CompDetail/128372/Recruit/569967,,2026-09-07 17:57:09
캐치,아워홈,[안전환경실] 품질정책팀 (해외 법규/표시) 담당자 채용,"기획/전략/경영, 사무/총무/법무, 생산/제조/설비/조립, 생산관리/공정관리/품질관리",경력 3~8년,정규직,서울,,2026-09-13,https://www.catch.co.kr/Comp/CompDetail/128372/Recruit/569966,,2026-09-07 17:57:09
캐치,KT SAT,2026년 하반기 경력직 공개채용 #공채,"기획/전략/경영, 네트워크/서버/보안, 영업관리/지원/영업기획, 웹개발, 웹기획/PM/웹마케팅, 일반영업, 통신기술/네트워크구축, ERP/시스템개발/설계",경력 3년↑,정규직,서울/부산,,2026-09-14,https://www.catch.co.kr/Comp/CompDetail/I72792/Recruit/569965,,2026-09-07 17:57:09
캐치,BNK자산운용,퀀트운용팀 경력직 채용,"기획/전략/경영, 설문/통계/리서치, 증권/투자/펀드/외환",경력,기타,서울,,2026-09-14,https://www.catch.co.kr/Comp/CompDetail/C38957/Recruit/569964,,2026-09-07 17:57:09
캐치,한국여성과학기술인육성재단,2026년도 제5차 하반기 체험형 청년인턴 채용,"사무/총무/법무, 사무보조/문서작성, 인사/노무/교육",신입,인턴,서울,,2026-09-22,https://www.catch.co.kr/Comp/CompDetail/I83349/Recruit/569963,,2026-09-07 17:57:09
캐치,KT,2026년 경력채용 (어플리케이션 아키텍트_AA),"웹개발, 응용프로그램개발, ERP/시스템개발/설계",경력 5년↑,정규직,서울,,2026-09-20,https://www.catch.co.kr/Comp/CompDetail/810193/Recruit/569962,,2026-09-07 17:57:09
캐치,한국고용정보원,2026년도 2차 직원 채용,"경영분석/컨설턴트, 기획/전략/경영, 네트워크/서버/보안, 마케팅/PR/분석, 빅데이터/AI, 사무/총무/법무, 설문/통계/리서치, 웹기획/PM/웹마케팅, 응용프로그램개발, 인사/노무/교육, 재무/세무/IR, ERP/시스템개발/설계",신입,정규직/계약직,충북/인천,,2026-09-22,https://www.catch.co.kr/Comp/CompDetail/488389/Recruit/569961,,2026-09-07 17:57:09
캐치,KT,2026년 경력채용 (보안 아키텍트_SA),네트워크/서버/보안,경력 5년↑,정규직,서울,,2026-09-20,https://www.catch.co.kr/Comp/CompDetail/810193/Recruit/569960,,2026-09-07 17:57:09
캐치,KT,2026년 경력채용 (AX/IT 컨설팅 PM/PL),"경영분석/컨설턴트, 기획/전략/경영, 네트워크/서버/보안, 웹기획/PM/웹마케팅",경력 3년↑,정규직/계약직,서울,,2026-09-20,https://www.catch.co.kr/Comp/CompDetail/810193/Recruit/569959,,2026-09-07 17:57:09
캐치,딜로이트컨설팅,경영자문부문 Monitor Deloitte M&A Professional 채용,"기획/전략/경영, 증권/투자/펀드/외환",경력 3~15년,정규직,서울,,2026-09-10,https://www.catch.co.kr/Comp/CompDetail/168665/Recruit/569958,,2026-09-07 17:57:09
캐치,디아이동일,"[신입,경력] HR 담당자 채용",인사/노무/교육,경력 4년↑,기타,서울,,2026-09-13,https://www.catch.co.kr/Comp/CompDetail/320692/Recruit/569957,,2026-09-07 17:57:11
캐치,KB데이타시스템,IT분야 경력직원 채용,"네트워크/서버/보안, DBA/데이터베이스, ERP/시스템개발/설계",경력,계약직,서울,,2026-09-16,https://www.catch.co.kr/Comp/CompDetail/291757/Recruit/569956,,2026-09-07 17:57:11
캐치,한국인터넷진흥원,2026년 체험형 청년인턴 채용,"기획/전략/경영, 네트워크/서버/보안, 마케팅/PR/분석, 사무/총무/법무, 사무보조/문서작성, QA/테스트/검증",신입,인턴,전남광주/서울,,2026-09-21,https://www.catch.co.kr/Comp/CompDetail/C89943/Recruit/569955,,2026-09-07 17:57:11
캐치,대한적십자사,(2026-8차(2회)) 통영적십자병원 정규직 기술원(시설) 채용,전기/소방/통신/안전,신입,정규직,경남,,2026-09-20,https://www.catch.co.kr/Comp/CompDetail/424838/Recruit/569954,,2026-09-07 17:57:11
캐치,네이버랩스,Robot System Software Engineer 채용,"기계설계/CAD/CAM, 응용프로그램개발, ERP/시스템개발/설계",경력 2년↑,정규직,경기,,2026-09-15,https://www.catch.co.kr/Comp/CompDetail/IM3435/Recruit/569953,,2026-09-07 17:57:11
캐치,대한적십자사,(2026-8차(1회)) 통영적십자병원 정규직 간호사 채용,간호사,신입,정규직,경남,,2026-09-20,https://www.catch.co.kr/Comp/CompDetail/424838/Recruit/569952,,2026-09-07 17:57:11
캐치,LG전자,2026 K-뉴딜 아카데미 Let's Grow with LG전자 2기,"마케팅/PR/분석, 빅데이터/AI, 생산관리/공정관리/품질관리",경력무관,교육생,대구/대전/부산,,2026-09-30,https://www.catch.co.kr/Comp/CompDetail/196275/Recruit/569951,,2026-09-07 17:57:11
캐치,케이피한석유화,[KP그룹] KP한석유화 화성공장 생산팀 (신입 및 경력) 수시채용,"생산관리/공정관리/품질관리, 전기/전자/제어",경력,기타,경기,,2026-09-30,https://www.catch.co.kr/Comp/CompDetail/084871/Recruit/569950,,2026-09-07 17:57:11
캐치,종근당,수시채용(~9/21),"광고/시각디자인, 마케팅/PR/분석, 바이오/제약/식품, 사무/총무/법무, 사무보조/문서작성, 설문/통계/리서치, 일반영업, 재무/세무/IR, 제품/산업디자인",경력,정규직/계약직,서울,,2026-09-21,https://www.catch.co.kr/Comp/CompDetail/L07656/Recruit/569949,,2026-09-07 17:57:11
캐치,태양연마,2026년 신입/경력사원 수시 채용,"네트워크/서버/보안, 무역영업/해외영업, 영업관리/지원/영업기획, 재무/세무/IR, 전기/소방/통신/안전, 전기/전자/제어, 화학/에너지/환경, ERP/시스템개발/설계",경력,정규직,경기,,2026-09-20,https://www.catch.co.kr/Comp/CompDetail/390941/Recruit/569948,,2026-09-07 17:57:11
캐치,크림,[KREAM] 영상 마케팅 체험형 인턴 모집,"동영상제작/편집, 웹기획/PM/웹마케팅, 콘텐츠/사이트운영",신입,인턴,경기,,2026-09-13,https://www.catch.co.kr/Comp/CompDetail/MB5402/Recruit/569947,,2026-09-07 17:57:11
캐치,코스콤, 2026년 하반기 「기술직원」 채용,"네트워크/서버/보안, 웹기획/PM/웹마케팅, 전기/소방/통신/안전, 전기/전자/제어, ERP/시스템개발/설계",경력 3년↑,정규직,서울/경기,,2026-09-21,https://www.catch.co.kr/Comp/CompDetail/820377/Recruit/569946,,2026-09-07 17:57:11
캐치,크림,[KREAM] 콘텐츠 마케팅 체험형 인턴 모집,"기획/전략/경영, 마케팅/PR/분석, 웹기획/PM/웹마케팅, 콘텐츠/사이트운영",신입,인턴,경기,,2026-09-13,https://www.catch.co.kr/Comp/CompDetail/MB5402/Recruit/569945,,2026-09-07 17:57:11
캐치,크림,[KREAM] 영업 기획 체험형 인턴 모집,"마케팅/PR/분석, 영업관리/지원/영업기획",신입,인턴,경기,,2026-09-10,https://www.catch.co.kr/Comp/CompDetail/MB5402/Recruit/569944,,2026-09-07 17:57:11
캐치,멀티캠퍼스,삼성전자 상품 교육/CS 강사 채용 (계약직),전문직업/자격증/IT강사,경력무관,계약직,서울/부산,,2026-09-13,https://www.catch.co.kr/Comp/CompDetail/145888/Recruit/569943,,2026-09-07 17:57:11
캐치,코스콤, 2026년 하반기 「경력직원」 채용,"기획/전략/경영, 네트워크/서버/보안, 부동산/중개/분양/경매, 웹기획/PM/웹마케팅, 응용프로그램개발, 전기/소방/통신/안전, 증권/투자/펀드/외환, 콘텐츠/사이트운영, B2B영업/기술영업, DBA/데이터베이스",경력 5년↑,정규직,서울,,2026-09-21,https://www.catch.co.kr/Comp/CompDetail/820377/Recruit/569942,,2026-09-07 17:57:11
캐치,크림,[KREAM] 디지털 마케팅 제작 체험형 인턴 모집,"기획/전략/경영, 마케팅/PR/분석, 웹기획/PM/웹마케팅, 콘텐츠/사이트운영",신입,인턴,경기,,2026-09-10,https://www.catch.co.kr/Comp/CompDetail/MB5402/Recruit/569941,,2026-09-07 17:57:11
캐치,네이버,[NAVER] N배송 WMS(Warehouse Management System) 기획 (경력) 채용,"네트워크/서버/보안, 웹기획/PM/웹마케팅, ERP/시스템개발/설계",경력,정규직,경기,,2026-09-16,https://www.catch.co.kr/Comp/CompDetail/112745/Recruit/569940,,2026-09-07 17:57:11
캐치,코스콤, 2026년 하반기 「신입직원」 채용,"기획/전략/경영, 네트워크/서버/보안, 마케팅/PR/분석, 사무/총무/법무, 응용프로그램개발, 일반영업, ERP/시스템개발/설계",신입,정규직,서울,,2026-09-21,https://www.catch.co.kr/Comp/CompDetail/820377/Recruit/569939,,2026-09-07 17:57:11
캐치,유화증권,정보시스템팀 경력직원 채용,"네트워크/서버/보안, 응용프로그램개발, ERP/시스템개발/설계",경력,계약직,서울,,2026-09-13,https://www.catch.co.kr/Comp/CompDetail/860131/Recruit/569938,,2026-09-07 17:57:11
캐치,네이버,[NAVER] 산업보건 담당 (경력) 채용,전기/소방/통신/안전,경력 3년↑,정규직,경기,,2026-09-15,https://www.catch.co.kr/Comp/CompDetail/112745/Recruit/569937,,2026-09-07 17:57:11
캐치,모락스,2026년 하반기 업무부 경력 / 신입 채용,무역사무/수출입,경력,정규직,서울,,2026-09-23,https://www.catch.co.kr/Comp/CompDetail/054278/Recruit/569936,,2026-09-07 17:57:11
캐치,유화증권,업무개발팀 경력직원 채용,"네트워크/서버/보안, ERP/시스템개발/설계",경력 2년↑,계약직,서울,,2026-09-20,https://www.catch.co.kr/Comp/CompDetail/860131/Recruit/569935,,2026-09-07 17:57:11
캐치,램리서치코리아,전문학사 신입 Field Service Technician 채용 (정규직),"반도체/디스플레이, 생산관리/공정관리/품질관리, 자동차/조선/기계",신입,정규직/계약직,경기/충북,,2026-09-16,https://www.catch.co.kr/Comp/CompDetail/695297/Recruit/569934,,2026-09-07 17:57:11
캐치,네이버웹툰,US GAAP Consolidation (경력) 채용,"경리/회계/결산, 재무/세무/IR",경력 1~3년,정규직,경기,,2026-09-20,https://www.catch.co.kr/Comp/CompDetail/LG8788/Recruit/569933,,2026-09-07 17:57:11
캐치,네이버웹툰,KR Creative 영상 제작 지원 (체험형 인턴) 채용,"동영상제작/편집, 웹기획/PM/웹마케팅, 콘텐츠/사이트운영",신입,인턴,경기,,2026-09-20,https://www.catch.co.kr/Comp/CompDetail/LG8788/Recruit/569932,,2026-09-07 17:57:11
캐치,KT M&S,[특별채용] kt m&s 사내 노무사 채용,"인사/노무/교육, 헤드헌팅/노무/직업상담",경력 3년↑,정규직,경기,,채용시 마감,https://www.catch.co.kr/Comp/CompDetail/482354/Recruit/569931,,2026-09-07 17:57:11
캐치,TKG태광,[신입/경력] 2026 부문별 채용 #공채,"기계설계/CAD/CAM, 바이오/제약/식품, 배송/택배/운전, 부동산/중개/분양/경매, 빅데이터/AI, 생산관리/공정관리/품질관리, 웹기획/PM/웹마케팅, 자동차/조선/기계, 재무/세무/IR, 전기/전자/제어, 화학/에너지/환경",경력 5년↑,정규직,경남/베트남,,2026-09-20,https://www.catch.co.kr/Comp/CompDetail/324035/Recruit/569930,,2026-09-07 17:57:11
캐치,네이버웹툰,KR Webtoon 콘텐츠 마케터 (체험형 인턴) 채용,"기획/전략/경영, 마케팅/PR/분석, 웹기획/PM/웹마케팅, 콘텐츠/사이트운영",신입,인턴,경기,,2026-09-13,https://www.catch.co.kr/Comp/CompDetail/LG8788/Recruit/569929,,2026-09-07 17:57:11
캐치,다이닝브랜즈그룹,경영진단 팀원 (주임~대리급) 채용,사무/총무/법무,경력 3년↑,정규직,서울,,2026-11-06,https://www.catch.co.kr/Comp/CompDetail/C13240/Recruit/569928,,2026-09-07 17:57:11
캐치,네이버웹툰,HR Operations Assistant (체험형 인턴) 채용,"사무/총무/법무, 사무보조/문서작성",신입,인턴,경기,,2026-09-13,https://www.catch.co.kr/Comp/CompDetail/LG8788/Recruit/569927,,2026-09-07 17:57:12
캐치,다이닝브랜즈그룹,구매팀 팀장 (차~부장급) 채용,"구매/자재/재고, 기획/전략/경영, 생산관리/공정관리/품질관리",경력 15년↑,정규직,서울,,2026-11-06,https://www.catch.co.kr/Comp/CompDetail/C13240/Recruit/569926,,2026-09-07 17:57:12
캐치,서영엔지니어링,항만부 사무보조 행정 및 그래픽 편집자 모집,사무보조/문서작성,경력무관,계약직,경기,,2026-09-11,https://www.catch.co.kr/Comp/CompDetail/046636/Recruit/569925,,2026-09-07 17:57:12
캐치,서영엔지니어링,감리단 사무실 현장 사무보조 계약직 채용(서울특별시 금천구),사무보조/문서작성,경력무관,계약직,서울,,2026-09-11,https://www.catch.co.kr/Comp/CompDetail/046636/Recruit/569924,,2026-09-07 17:57:12
캐치,네이버웹툰,Brand Media 콘텐츠 마케터 (체험형 인턴) 채용,"기획/전략/경영, 마케팅/PR/분석, 웹기획/PM/웹마케팅, 콘텐츠/사이트운영",신입,인턴,경기,,2026-09-14,https://www.catch.co.kr/Comp/CompDetail/LG8788/Recruit/569923,,2026-09-07 17:57:12
캐치,서영엔지니어링,감리단 사무실 현장 사무보조 계약직 채용( 인천광역시 검단구),사무보조/문서작성,경력무관,계약직,인천,,2026-09-11,https://www.catch.co.kr/Comp/CompDetail/046636/Recruit/569922,,2026-09-07 17:57:12
캐치,다이닝브랜즈그룹,bhc 해외메뉴개발 담당 (대리급) 채용,"구매/자재/재고, 바이오/제약/식품, 상품기획/MD",경력 5년↑,정규직,서울,,2026-11-06,https://www.catch.co.kr/Comp/CompDetail/C13240/Recruit/569921,,2026-09-07 17:57:12
캐치,한국학중앙연구원,2026년도 문화콘텐츠편찬실 청년인턴 채용,"기획/전략/경영, 사무보조/문서작성, 콘텐츠/사이트운영",신입,인턴,경기,,2026-09-20,https://www.catch.co.kr/Comp/CompDetail/198363/Recruit/569920,,2026-09-07 17:57:12
캐치,컴파트너스,[부평] 네이버 쇼핑 판매자 CS 채용,"고객관리/인바운드, 콘텐츠/사이트운영",신입,정규직,인천,,2026-09-27,https://www.catch.co.kr/Comp/CompDetail/H50753/Recruit/569919,,2026-09-07 17:57:12
캐치,중소기업은행,2026년 하반기 IBK기업은행 일반직원(정규직) 수시채용,"기획/전략/경영, 네트워크/서버/보안, 사무/총무/법무, 설문/통계/리서치, 세무/회계/CPA, 웹기획/PM/웹마케팅, 응용프로그램개발, 재무/세무/IR, 증권/투자/펀드/외환, 채권/보험/보상/심사, ERP/시스템개발/설계",경력,정규직,서울,,2026-09-21,https://www.catch.co.kr/Comp/CompDetail/822167/Recruit/569918,,2026-09-07 17:57:12
캐치,한샘,[리하우스 파트너사] 리하우스디자이너 채용 (72기),"고객관리/인바운드, 구매/자재/재고, 전시/공간디자인, B2B영업/기술영업",경력무관,정규직,서울/전국,,2026-10-05,https://www.catch.co.kr/Comp/CompDetail/380121/Recruit/569917,,2026-09-07 17:57:12
캐치,코스테크,KOSTECH-G 공개채용,"화학/에너지/환경, AS/서비스/수리, B2B영업/기술영업",경력무관,정규직,경기,,2026-09-13,https://www.catch.co.kr/Comp/CompDetail/133041/Recruit/569916,,2026-09-07 17:57:12
캐치,쎄트렉아이,SMT 오퍼레이터,"생산/제조/설비/조립, 생산관리/공정관리/품질관리",경력,정규직,대전,,2026-09-20,https://www.catch.co.kr/Comp/CompDetail/136231/Recruit/569915,,2026-09-07 17:57:12
캐치,쎄트렉아이,SMT 생산기술 엔지니어,생산관리/공정관리/품질관리,경력,정규직,대전,,2026-09-20,https://www.catch.co.kr/Comp/CompDetail/136231/Recruit/569914,,2026-09-07 17:57:12
캐치,인사이드아웃,[미래내일일경험] 콘텐츠디자인 인턴형 프로그램 6기 참여자 모집(대전 포디믹스),광고/시각디자인,경력무관,인턴,대전,,2026-09-09,https://www.catch.co.kr/Comp/CompDetail/PN8643/Recruit/569913,,2026-09-07 17:57:12
캐치,인사이드아웃,[미래내일일경험] 콘텐츠디자인 인턴형 프로그램 6기 참여자 모집(부산 엠브이픽),광고/시각디자인,경력무관,인턴,부산,,2026-09-09,https://www.catch.co.kr/Comp/CompDetail/PN8643/Recruit/569912,,2026-09-07 17:57:12
캐치,윗유,[경영전략] 재무/회계 매니저(경력),재무/세무/IR,경력 3~7년,정규직,서울,,2026-10-04,https://www.catch.co.kr/Comp/CompDetail/JS9585/Recruit/569911,,2026-09-07 17:57:12
캐치,윗유,[크리에이터] 프로젝트 매니저(PM),"마케팅/PR/분석, 웨딩/행사/이벤트",경력 1~7년,정규직,서울,,2026-10-04,https://www.catch.co.kr/Comp/CompDetail/JS9585/Recruit/569910,,2026-09-07 17:57:12
캐치,윗유,[크리에이터] 파트너십 매니저,마케팅/PR/분석,경력무관,정규직,서울,,2026-10-04,https://www.catch.co.kr/Comp/CompDetail/JS9585/Recruit/569909,,2026-09-07 17:57:12
캐치,윗유,[크리에이터] 숏폼 광고기획자(AE),"광고제작/카피/CF, 마케팅/PR/분석",경력무관,정규직,서울,,2026-10-04,https://www.catch.co.kr/Comp/CompDetail/JS9585/Recruit/569908,,2026-09-07 17:57:12
캐치,엠지데이터시스템,[MG새마을금고]MG데이터시스템 계약직 채용,"네트워크/서버/보안, 웹개발, 웹기획/PM/웹마케팅, DBA/데이터베이스, QA/테스트/검증",경력 2년↑,계약직,서울,,2026-10-01,https://www.catch.co.kr/Comp/CompDetail/LW4635/Recruit/569907,,2026-09-07 17:57:12
캐치,엠지데이터시스템,[MG새마을금고]MG데이터시스템 일반직(정규직) 채용,"네트워크/서버/보안, 웹개발, 웹기획/PM/웹마케팅, DBA/데이터베이스, QA/테스트/검증",경력 2년↑,정규직,서울,,2026-10-01,https://www.catch.co.kr/Comp/CompDetail/LW4635/Recruit/569906,,2026-09-07 17:57:12
캐치,윗유,[집중채용/글로벌] 틱톡샵 어필리에이트 매니저,마케팅/PR/분석,경력무관,정규직,서울,,2026-10-04,https://www.catch.co.kr/Comp/CompDetail/JS9585/Recruit/569905,,2026-09-07 17:57:12
캐치,한국카본,[경력] 사업기획 및 관리 (소재) 채용,"기획/전략/경영, 마케팅/PR/분석",경력 3년↑,정규직,경남/서울,,2026-09-21,https://www.catch.co.kr/Comp/CompDetail/355755/Recruit/569904,,2026-09-07 17:57:12
캐치,한국카본,[경력] 노무관리 (ER) 채용,"인사/노무/교육, 헤드헌팅/노무/직업상담",경력 3년↑,정규직,경남,,2026-09-21,https://www.catch.co.kr/Comp/CompDetail/355755/Recruit/569903,,2026-09-07 17:57:12
캐치,근로복지공단,[대전병원] 의료직(간호사) 6급 채용,간호사,신입,정규직,대전,,2026-09-14,https://www.catch.co.kr/Comp/CompDetail/042223/Recruit/569902,,2026-09-07 17:57:12
캐치,대한적십자사,2026년도 하반기 <KOICA 영프로페셔널(YP)> 청년인턴 공개채용,"사무/총무/법무, 사무보조/문서작성, 설문/통계/리서치",신입,인턴,서울,,2026-09-28,https://www.catch.co.kr/Comp/CompDetail/424838/Recruit/569901,,2026-09-07 17:57:12
캐치,윗유,[전환형 인턴십] 틱톡샵(JP&SEA) 어필리에이트 마케터 (수료 축하금 지급),마케팅/PR/분석,신입,인턴,서울,,2026-10-04,https://www.catch.co.kr/Comp/CompDetail/JS9585/Recruit/569900,,2026-09-07 17:57:12
캐치,윗유,[전환형 인턴십] 크리에이터 마케터 (수료 축하금 지급),마케팅/PR/분석,경력무관,인턴,서울,,2026-10-04,https://www.catch.co.kr/Comp/CompDetail/JS9585/Recruit/569899,,2026-09-07 17:57:12
캐치,윗유,[전환형 인턴십] 글로벌 마케터 (수료 축하금 지급),마케팅/PR/분석,경력무관,인턴,서울,,2026-10-04,https://www.catch.co.kr/Comp/CompDetail/JS9585/Recruit/569898,,2026-09-07 17:57:12
캐치,윗유,[전환형 인턴십] 경영지원 파트(법무/총무) (수료 축하금 지급),"사무/총무/법무, 인사/노무/교육",경력무관,인턴,서울,,2026-10-04,https://www.catch.co.kr/Comp/CompDetail/JS9585/Recruit/569897,,2026-09-07 17:57:13
캐치,루멘스,"Micro LED 개발 신입사원, BLU Module 개발 경력사원 채용","반도체/디스플레이, 생산관리/공정관리/품질관리",경력 3년↑,기타,경기,,2026-09-11,https://www.catch.co.kr/Comp/CompDetail/556394/Recruit/569896,,2026-09-07 17:57:13
캐치,에이피알,[R&D] AI 모델 엔지니어 경력사원 모집,빅데이터/AI,경력 2~4년,정규직,서울,,2026-11-03,https://www.catch.co.kr/Comp/CompDetail/M23872/Recruit/569895,,2026-09-07 17:57:13
캐치,에이피알,[R&D] AI SW 엔지니어 경력사원 모집,"빅데이터/AI, ERP/시스템개발/설계",경력 2~4년,정규직,서울,,2026-11-03,https://www.catch.co.kr/Comp/CompDetail/M23872/Recruit/569894,,2026-09-07 17:57:13
캐치,두핸즈,경기 남부권 물류센터 운영관리자,"구매/자재/재고, 배송/택배/운전",경력 3년↓,정규직,경기/충북,,2026-10-04,https://www.catch.co.kr/Comp/CompDetail/I88165/Recruit/569893,,2026-09-07 17:57:13
캐치,한온시스템,ALM 관리 채용,"네트워크/서버/보안, 생산관리/공정관리/품질관리",경력 5년↑,정규직,대전,,2026-09-15,https://www.catch.co.kr/Comp/CompDetail/386961/Recruit/569892,,2026-09-07 17:57:13
캐치,에어퍼스트,특수가스사업부 영업 및 Admin 업무 담당자,B2B영업/기술영업,신입,정규직,서울,,2026-11-03,https://www.catch.co.kr/Comp/CompDetail/400238/Recruit/569891,,2026-09-07 17:57:13
캐치,샌드박스네트워크,[샌드박스 스토리] 출판 영업 마케터(경력),"마케팅/PR/분석, 인쇄/출판/편집, 일반영업",경력 3~5년,정규직,서울,,2026-10-04,https://www.catch.co.kr/Comp/CompDetail/M23097/Recruit/569890,,2026-09-07 17:57:13
캐치,한온시스템,Core SW Component 채용,"응용프로그램개발, 전기/전자/제어, ERP/시스템개발/설계",경력 2년↑,정규직,경기,,2026-09-15,https://www.catch.co.kr/Comp/CompDetail/386961/Recruit/569889,,2026-09-07 17:57:13
캐치,앱솔브랩,글로벌 리테일 마케팅 인턴 채용,"기획/전략/경영, 마케팅/PR/분석, 빅데이터/AI",경력무관,인턴,서울,,2026-11-03,https://www.catch.co.kr/Comp/CompDetail/HS2065/Recruit/569888,,2026-09-07 17:57:13
캐치,앱솔브랩,BM(상품기획) 인턴 채용,"마케팅/PR/분석, 상품기획/MD",경력무관,인턴,서울,,2026-11-03,https://www.catch.co.kr/Comp/CompDetail/HS2065/Recruit/569887,,2026-09-07 17:57:13
캐치,앱솔브랩,미국 마케팅 인턴 채용,"기획/전략/경영, 마케팅/PR/분석",경력무관,인턴,서울,,2026-11-03,https://www.catch.co.kr/Comp/CompDetail/HS2065/Recruit/569886,,2026-09-07 17:57:13
캐치,농협은행,전산점검역 채용,사무/총무/법무,경력 10년↑,계약직,서울/경기/강원/충북/충남/전북/전남광주/경북/경남/제주/부산/대구/인천/대전/울산,,2026-09-08,https://www.catch.co.kr/Comp/CompDetail/H80827/Recruit/569885,,2026-09-07 17:57:13
캐치,하나카드,2026년 하나카드 하나머니 고객센터 운영 계약직 수시채용,고객관리/인바운드,신입,계약직,서울/인천,,2026-09-13,https://www.catch.co.kr/Comp/CompDetail/M14755/Recruit/569884,,2026-09-07 17:57:13
캐치,경보제약,신입/경력 수시 채용,"기획/전략/경영, 빅데이터/AI, 사무/총무/법무, 생산/제조/설비/조립, 생산관리/공정관리/품질관리, 설문/통계/리서치, 영업관리/지원/영업기획, 전기/소방/통신/안전, 화학/에너지/환경",경력,정규직/계약직,충남/경북/경남/전북/전남광주/서울/경기/인천/충북/대구/부산,,2026-09-16,https://www.catch.co.kr/Comp/CompDetail/356816/Recruit/569883,,2026-09-07 17:57:13
캐치,에어퍼스트,품질관리부 QA specialist,생산관리/공정관리/품질관리,경력 1~3년,정규직,경기,,2026-11-03,https://www.catch.co.kr/Comp/CompDetail/400238/Recruit/569882,,2026-09-07 17:57:13
캐치,신세계푸드,베이커리 생산 연봉직 채용(신입/경력),"생산관리/공정관리/품질관리, 요리/영양/제과제빵/바리스타",경력,기타,서울/전국,,2026-09-20,https://www.catch.co.kr/Comp/CompDetail/040807/Recruit/569881,,2026-09-07 17:57:13
캐치,농협은행,'26년 5급 신규직원 채용 (전문) #공채,"기획/전략/경영, 네트워크/서버/보안, 빅데이터/AI, 설문/통계/리서치, 세무/회계/CPA, 웹개발, 웹기획/PM/웹마케팅, 응용프로그램개발, 재무/세무/IR, DBA/데이터베이스, QA/테스트/검증",신입,정규직,서울/경기,,2026-09-17,https://www.catch.co.kr/Comp/CompDetail/H80827/Recruit/569880,,2026-09-07 17:57:13
캐치,농협은행,'26년 5급 신규직원 채용 (금융) #공채,"경영분석/컨설턴트, 고객관리/인바운드, 사무/총무/법무",신입,정규직,서울/전국,,2026-09-17,https://www.catch.co.kr/Comp/CompDetail/H80827/Recruit/569879,,2026-09-07 17:57:13
캐치,제이앤피메디,[JNPMEDI] AI Driven Product Engineer,"빅데이터/AI, 웹개발",경력 2년↑,정규직,인천,,2026-11-03,https://www.catch.co.kr/Comp/CompDetail/A5F9E/Recruit/569878,,2026-09-07 17:57:13
캐치,제이앤피메디,[JNPMEDI] Back-end Software Engineer,웹개발,경력 4년↑,정규직,인천,,2026-11-03,https://www.catch.co.kr/Comp/CompDetail/A5F9E/Recruit/569877,,2026-09-07 17:57:13
캐치,제이앤피메디,[JNPMEDI] Front-end Software Engineer,웹개발,경력 4년↑,정규직,인천,,2026-11-03,https://www.catch.co.kr/Comp/CompDetail/A5F9E/Recruit/569876,,2026-09-07 17:57:13
캐치,제이앤피메디,[JNPMEDI] Fullstack Software Engineer,"웹개발, 응용프로그램개발",경력 4년↑,정규직,인천,,2026-11-03,https://www.catch.co.kr/Comp/CompDetail/A5F9E/Recruit/569875,,2026-09-07 17:57:13
캐치,제이앤피메디,[JNPMEDI] Product Manager,웹기획/PM/웹마케팅,경력 1년↑,정규직,인천,,2026-11-03,https://www.catch.co.kr/Comp/CompDetail/A5F9E/Recruit/569874,,2026-09-07 17:57:13
캐치,제이앤피메디,[JNPMEDI] Business Operations Manager,기획/전략/경영,경력 2년↑,정규직,인천/서울,,2026-11-03,https://www.catch.co.kr/Comp/CompDetail/A5F9E/Recruit/569873,,2026-09-07 17:57:13
캐치,이이더불유코리아,재경부 경력직원 채용,재무/세무/IR,경력 5년↑,정규직,경남,,2026-09-11,https://www.catch.co.kr/Comp/CompDetail/191381/Recruit/569872,,2026-09-07 17:57:13
캐치,제이앤피메디,[JNPMEDI] CSV Specialist,바이오/제약/식품,경력 3년↑,정규직,인천,,2026-11-03,https://www.catch.co.kr/Comp/CompDetail/A5F9E/Recruit/569871,,2026-09-07 17:57:13
캐치,제이앤피메디,[JNPMEDI] Digital Transformation Manager,기획/전략/경영,경력 3년↑,정규직,인천,,2026-11-03,https://www.catch.co.kr/Comp/CompDetail/A5F9E/Recruit/569870,,2026-09-07 17:57:13
캐치,제이앤피메디,[JNPMEDI] HR Busniess Partner (1년 계약직 / 육아휴직 대체),인사/노무/교육,경력 5년↑,계약직,인천,,2026-11-03,https://www.catch.co.kr/Comp/CompDetail/A5F9E/Recruit/569869,,2026-09-07 17:57:13
캐치,제이앤피메디,[JNPMEDI] Talent Acquisition Partner (1년 계약직 / 육아휴직 대체),인사/노무/교육,경력 3년↑,계약직,인천,,2026-11-03,https://www.catch.co.kr/Comp/CompDetail/A5F9E/Recruit/569868,,2026-09-07 17:57:13
캐치,와이즈넛,[와이즈넛] 기술영업직 신입사원 채용,"일반영업, B2B영업/기술영업",신입,정규직,경기,,2026-11-03,https://www.catch.co.kr/Comp/CompDetail/170094/Recruit/569867,,2026-09-07 17:57:14
캐치,하나카드,2026년 신입직원 채용 #공채,"기획/전략/경영, 네트워크/서버/보안, 마케팅/PR/분석, 사무/총무/법무, 웹기획/PM/웹마케팅, 인사/노무/교육, 일반영업, 재무/세무/IR, 증권/투자/펀드/외환",신입,정규직,인천,,2026-09-18,https://www.catch.co.kr/Comp/CompDetail/M14755/Recruit/569866,,2026-09-07 17:57:14
캐치,현대종합금속,본사 내수영업-플랜트영업부 신입사원 채용,"마케팅/PR/분석, 영업관리/지원/영업기획, B2B영업/기술영업",신입,정규직,서울,,2026-09-20,https://www.catch.co.kr/Comp/CompDetail/350419/Recruit/569865,,2026-09-07 17:57:14
캐치,한국맥도날드,Learning & Development Consultant 채용,"경영분석/컨설턴트, 교육기획/교재, 인사/노무/교육",경력 5년↑,기타,서울,,2026-09-17,https://www.catch.co.kr/Comp/CompDetail/310441/Recruit/569864,,2026-09-07 17:57:14
캐치,인터엑스,[정규직 전환형] AX PM 인턴,"기계설계/CAD/CAM, 반도체/디스플레이, 자동차/조선/기계, 전기/전자/제어",신입,인턴,서울/울산/대구/경남,,2026-11-03,https://www.catch.co.kr/Comp/CompDetail/LI9345/Recruit/569863,,2026-09-07 17:57:14
캐치,국민연금공단,2026년도 하반기 일반직 신입직원 공개채용 #공채,"간호사, 경리/회계/결산, 기획/전략/경영, 사무/총무/법무, 의료기사, 인사/노무/교육, 재무/세무/IR, 전기/소방/통신/안전, 전기/전자/제어",경력 1년↑,정규직,전북/전국,,2026-09-18,https://www.catch.co.kr/Comp/CompDetail/072623/Recruit/569862,,2026-09-07 17:57:14
캐치,케이피에프,구매자재팀(신입) 채용,"구매/자재/재고, 기획/전략/경영",신입,정규직,충북,,2026-09-18,https://www.catch.co.kr/Comp/CompDetail/383937/Recruit/569861,,2026-09-07 17:57:14
캐치,에쓰오일토탈에너지스윤활유,생산기획 경력직 채용,생산관리/공정관리/품질관리,경력 10년↑,정규직,울산,,2026-09-16,https://www.catch.co.kr/Comp/CompDetail/245049/Recruit/569860,,2026-09-07 17:57:14
캐치,원익큐엔씨,신입/경력사원 채용 (26/09/04~26/09/13),"기계설계/CAD/CAM, 반도체/디스플레이, 배송/택배/운전, 생산/제조/설비/조립, 생산관리/공정관리/품질관리, 영업관리/지원/영업기획, 일반영업, 전기/소방/통신/안전, 전기/전자/제어, 화학/에너지/환경",경력,정규직/계약직,경북/경기,,2026-09-13,https://www.catch.co.kr/Comp/CompDetail/225043/Recruit/569859,,2026-09-07 17:57:14
캐치,LG전자,북미 R&D 해외유학생 채용 (석/박사),"기계설계/CAD/CAM, 반도체/디스플레이, 응용프로그램개발, 자동차/조선/기계, ERP/시스템개발/설계",신입,기타,서울/경남/경기,,2026-09-30,https://www.catch.co.kr/Comp/CompDetail/196275/Recruit/569857,,2026-09-07 17:57:14
캐치,한영회계법인,컨설팅부문 고객 분석 및 추천모델 개발 인턴 채용,"빅데이터/AI, DBA/데이터베이스",신입,인턴,서울,,2026-09-12,https://www.catch.co.kr/Comp/CompDetail/223085/Recruit/569856,,2026-09-07 17:57:14
캐치,섹타나인,[Secta9ine] 플랫폼·VAN 정산 운영 및 정산 기획 담당 신입 채용,"경리/회계/결산, 재무/세무/IR",신입,정규직,서울,,2026-09-17,https://www.catch.co.kr/Comp/CompDetail/681007/Recruit/569855,,2026-09-07 17:57:14
캐치,한영회계법인,컨설팅부문 수요예측 모델 고도화 인턴 채용,"빅데이터/AI, DBA/데이터베이스",신입,인턴,서울,,2026-09-12,https://www.catch.co.kr/Comp/CompDetail/223085/Recruit/569854,,2026-09-07 17:57:14
캐치,섹타나인,[Secta9ine] 정보보안 운영 담당 채용,네트워크/서버/보안,경력 5년↓,정규직,서울,,2026-09-13,https://www.catch.co.kr/Comp/CompDetail/681007/Recruit/569853,,2026-09-07 17:57:14
캐치,한영회계법인,컨설팅부문 Digital 컨설팅(AX) 인턴 채용,"빅데이터/AI, 영업관리/지원/영업기획, 웹기획/PM/웹마케팅, 콘텐츠/사이트운영",신입,인턴,서울,,2026-09-10,https://www.catch.co.kr/Comp/CompDetail/223085/Recruit/569852,,2026-09-07 17:57:14
캐치,인사이드아웃,[미래내일일경험] 콘텐츠디자인 인턴형 프로그램 6기 참여자 모집,광고/시각디자인,경력무관,인턴,서울/인천/부산/경기/대전,,2026-09-09,https://www.catch.co.kr/Comp/CompDetail/PN8643/Recruit/569851,,2026-09-07 17:57:14
캐치,비알코리아,사내변호사 담당 채용,"법률/특허/상표, 사무/총무/법무",경력 2~6년,정규직,서울,,2026-09-07,https://www.catch.co.kr/Comp/CompDetail/195081/Recruit/569850,,2026-09-07 17:57:14
캐치,한영회계법인,감사부문 PPT 디자이너 (신입/경력) 채용,"광고/시각디자인, 그래픽디자인/CG, 출판/편집디자인",경력,정규직,서울,,2026-09-13,https://www.catch.co.kr/Comp/CompDetail/223085/Recruit/569849,,2026-09-07 17:57:14
캐치,에스디바이오센서,각 부문별 채용,"구매/자재/재고, 기계설계/CAD/CAM, 기획/전략/경영, 네트워크/서버/보안, 마케팅/PR/분석, 무역영업/해외영업, 바이오/제약/식품, 사무/총무/법무, 상품기획/MD, 생산/제조/설비/조립, 재무/세무/IR, ERP/시스템개발/설계",경력,정규직/계약직,경기/충북/인도,,2026-09-20,https://www.catch.co.kr/Comp/CompDetail/G44589/Recruit/569848,,2026-09-07 17:57:14
캐치,LG전자,[CTO부문] 양자컴퓨팅 SW엔지니어 채용,"네트워크/서버/보안, 응용프로그램개발, 전기/전자/제어, DBA/데이터베이스",경력 1년↑,기타,서울,,2026-09-20,https://www.catch.co.kr/Comp/CompDetail/196275/Recruit/569847,,2026-09-07 17:57:14
캐치,한화시스템,[ICT] 제조 IT/OT 진단/컨설팅 경력사원 채용,"경영분석/컨설턴트, 웹기획/PM/웹마케팅",경력 4년↑,정규직,서울,,2026-09-20,https://www.catch.co.kr/Comp/CompDetail/128888/Recruit/569845,,2026-09-07 17:57:14
캐치,티씨케이,계약직 채용 : Product Marketing그룹,"경리/회계/결산, 영업관리/지원/영업기획",경력 4년↓,계약직,경기,,2026-09-11,https://www.catch.co.kr/Comp/CompDetail/083203/Recruit/569844,,2026-09-07 17:57:14
캐치,한화시스템,[방산] 보안업무(CMMC/수출보안) 담당 경력사원 채용,"네트워크/서버/보안, 무역사무/수출입, 사무/총무/법무",경력 5년↑,정규직,서울/경기,,2026-09-20,https://www.catch.co.kr/Comp/CompDetail/128888/Recruit/569843,,2026-09-07 17:57:14
캐치,티씨케이,계약직 채용 : 품질그룹,"생산/제조/설비/조립, 생산관리/공정관리/품질관리",신입,계약직,경기,,2026-09-11,https://www.catch.co.kr/Comp/CompDetail/083203/Recruit/569842,,2026-09-07 17:57:14
캐치,네패스,12인치 장비기술직(계약)_신입 채용,"반도체/디스플레이, 전기/전자/제어",신입,계약직,충북,,2026-11-03,https://www.catch.co.kr/Comp/CompDetail/731960/Recruit/569841,,2026-09-07 17:57:14
캐치,네패스,AI정보화파트 신입 채용,"웹개발, ERP/시스템개발/설계",신입,정규직,충북,,2026-11-03,https://www.catch.co.kr/Comp/CompDetail/731960/Recruit/569840,,2026-09-07 17:57:14
캐치,네패스,AI장비파트 신입 채용,"빅데이터/AI, 응용프로그램개발",신입,정규직,충북,,2026-11-03,https://www.catch.co.kr/Comp/CompDetail/731960/Recruit/569839,,2026-09-07 17:57:14
캐치,네패스,2.5D/PLP 요소 기술 및 제품 개발 경력직 인원 채용,"반도체/디스플레이, 전기/전자/제어",경력 3년↑,정규직,충북,,2026-11-03,https://www.catch.co.kr/Comp/CompDetail/731960/Recruit/569838,,2026-09-07 17:57:14
캐치,D&O,[레저] '26년 LG생활연수원 프론트 채용연계형 인턴 모집,"사무/총무/법무, 시설/보안/경비/안전, 여행/항공/숙박/레저",경력무관,인턴,경북,,2026-09-20,https://www.catch.co.kr/Comp/CompDetail/189859/Recruit/569837,,2026-09-07 17:57:14
캐치,네패스,2.5D/PLP 요소 기술 및 제품 개발 담당자 채용,"반도체/디스플레이, 전기/전자/제어",신입,정규직,충북,,2026-11-03,https://www.catch.co.kr/Comp/CompDetail/731960/Recruit/569836,,2026-09-07 17:57:14
캐치,네패스,AI/SW교육 기획 및 콘텐츠 개발자 경력직 채용,"교육기획/교재, 전문직업/자격증/IT강사",경력 4~8년,계약직,서울,,2026-11-03,https://www.catch.co.kr/Comp/CompDetail/731960/Recruit/569835,,2026-09-07 17:57:15
캐치,LG생활건강,Beauty. 마케팅(경력) 채용,"기획/전략/경영, 마케팅/PR/분석, 상품기획/MD, 콘텐츠/사이트운영",경력 2~12년,기타,서울,,2026-09-14,https://www.catch.co.kr/Comp/CompDetail/162210/Recruit/569834,,2026-09-07 17:57:15
캐치,네패스,8인치 Bump 공정엔지니어 경력 채용,"반도체/디스플레이, 전기/전자/제어",경력 5년↑,정규직,충북,,2026-11-03,https://www.catch.co.kr/Comp/CompDetail/731960/Recruit/569833,,2026-09-07 17:57:15
캐치,한화손보,계약직 - GA지점 총무 채용(서울),"사무/총무/법무, 영업관리/지원/영업기획",경력,계약직,서울,,2026-09-21,https://www.catch.co.kr/Comp/CompDetail/870137/Recruit/569832,,2026-09-07 17:57:15
캐치,한화손보,"계약직 - GA지점 총무 채용(대구, 구미)","사무/총무/법무, 영업관리/지원/영업기획",경력,계약직,대구/경북,,2026-09-21,https://www.catch.co.kr/Comp/CompDetail/870137/Recruit/569831,,2026-09-07 17:57:15
캐치,한화손보,계약직 - GA지점 총무 채용(영주),"사무/총무/법무, 영업관리/지원/영업기획",경력,계약직,경북,,2026-09-21,https://www.catch.co.kr/Comp/CompDetail/870137/Recruit/569830,,2026-09-07 17:57:15
캐치,한화손보,계약직 - GA지점 총무 채용(울산),"사무/총무/법무, 영업관리/지원/영업기획",경력,계약직,울산,,2026-09-21,https://www.catch.co.kr/Comp/CompDetail/870137/Recruit/569829,,2026-09-07 17:57:15
캐치,네패스,AI 장비파트 경력 채용,"반도체/디스플레이, 빅데이터/AI, 웹개발, 응용프로그램개발, DBA/데이터베이스",경력 3~8년,정규직,충북,,2026-11-03,https://www.catch.co.kr/Comp/CompDetail/731960/Recruit/569828,,2026-09-07 17:57:15
캐치,한화손보,계약직 - GA지점 총무 채용(양산),"사무/총무/법무, 영업관리/지원/영업기획",경력,계약직,경남,,2026-09-21,https://www.catch.co.kr/Comp/CompDetail/870137/Recruit/569827,,2026-09-07 17:57:15
캐치,CJ올리브네트웍스,[경력] 클라우드 보안 엔지니어 채용,"네트워크/서버/보안, 빅데이터/AI",경력,기타,서울,,2026-09-21,https://www.catch.co.kr/Comp/CompDetail/046305/Recruit/569825,,2026-09-07 17:57:15
캐치,광동제약,총무팀 보건관리자 신입 및 경력직원 (계약직) 채용,전기/소방/통신/안전,경력,계약직,경기,,2026-09-09,https://www.catch.co.kr/Comp/CompDetail/350524/Recruit/569824,,2026-09-07 17:57:15
캐치,씨텍,신입사원 채용 (LG화학/롯데케미칼 계열사),"무역사무/수출입, 전기/소방/통신/안전",신입,계약직,충남,,2026-09-13,https://www.catch.co.kr/Comp/CompDetail/351288/Recruit/569823,,2026-09-07 17:57:15
캐치,경남은행,계약직(사무행원) 신규 채용,"고객관리/인바운드, 사무/총무/법무",경력무관,계약직,경남/부산,,2026-09-13,https://www.catch.co.kr/Comp/CompDetail/L76496/Recruit/569822,,2026-09-07 17:57:15
캐치,CJ올리브네트웍스,[경력] 차세대 AI-SOC 운영 및 위협 헌팅 전문가 채용,네트워크/서버/보안,경력 7년↑,기타,서울,,2026-09-21,https://www.catch.co.kr/Comp/CompDetail/046305/Recruit/569821,,2026-09-07 17:57:15
캐치,CJ ENM,IP상품개발/유통_경력채용,"경리/회계/결산, 사무/총무/법무, 상품기획/MD, 생산관리/공정관리/품질관리, 재무/세무/IR",경력 5년↑,정규직,서울,,2026-11-04,https://www.catch.co.kr/Comp/CompDetail/039944/Recruit/569820,,2026-09-07 17:57:15
캐치,로보스타,대리점 영업 경력사원 채용,"영업관리/지원/영업기획, 일반영업",경력,기타,경기,,2026-09-16,https://www.catch.co.kr/Comp/CompDetail/186153/Recruit/569819,,2026-09-07 17:57:15
캐치,제이더블유케미타운,[JW케미타운] 생산원 계약직 채용,"생산/제조/설비/조립, 생산관리/공정관리/품질관리",신입,계약직,경기,,2026-09-14,https://www.catch.co.kr/Comp/CompDetail/143250/Recruit/569818,,2026-09-07 17:57:15
캐치,CJ ENM,아티스트 전략_경력채용,기획/전략/경영,경력,정규직,서울,,2026-10-09,https://www.catch.co.kr/Comp/CompDetail/039944/Recruit/569817,,2026-09-07 17:57:15
캐치,한화자산운용,경력직 채용_HR팀 (총무담당 시니어),"구매/자재/재고, 사무/총무/법무",경력 10년↑,계약직,서울,,2026-09-18,https://www.catch.co.kr/Comp/CompDetail/812757/Recruit/569816,,2026-09-07 17:57:15
캐치,토리든,[토리든] 국내 스킨케어 IMC 마케팅 파트장,마케팅/PR/분석,경력 5년↑,정규직,서울,,2026-11-03,https://www.catch.co.kr/Comp/CompDetail/HK2545/Recruit/569815,,2026-09-07 17:57:15
캐치,한화문화재단,"퐁피두센터 한화, 마케팅 인력 채용 ","교육기획/교재, 기획/전략/경영, 마케팅/PR/분석, 웹기획/PM/웹마케팅, 콘텐츠/사이트운영",경력 3년↑,계약직,서울,,2026-09-16,https://www.catch.co.kr/Comp/CompDetail/A1829/Recruit/569814,,2026-09-07 17:57:15
캐치,CJ ENM,커머스부문 [글로벌 자사몰/틱톡 AMD(계약직)] 신입수시 채용,"구매/자재/재고, 무역사무/수출입, 콘텐츠/사이트운영",경력,계약직,서울,,2026-09-13,https://www.catch.co.kr/Comp/CompDetail/039944/Recruit/569813,,2026-09-07 17:57:15
캐치,신세계,갤러리팀 큐레이터 계약직 채용,"마케팅/PR/분석, 설문/통계/리서치, 전시/컨벤션",경력 5~10년,계약직,서울,,2026-09-13,https://www.catch.co.kr/Comp/CompDetail/620084/Recruit/569812,,2026-09-07 17:57:15
캐치,LG유플러스,[Consumer부문] 수원소매영업팀 회계/정산 계약직 채용,"경리/회계/결산, 사무보조/문서작성, 재무/세무/IR",경력,계약직,경기,,2026-09-28,https://www.catch.co.kr/Comp/CompDetail/064847/Recruit/569811,,2026-09-07 17:57:15
캐치,LG유플러스,[CTO] AI Scientist_음성인식/합성 경력채용,"빅데이터/AI, DBA/데이터베이스",경력 2년↑,기타,서울,,2026-09-13,https://www.catch.co.kr/Comp/CompDetail/064847/Recruit/569810,,2026-09-07 17:57:15
캐치,한섬,O` 2nd 상품기획실 MD 경력 채용 (2~3년),"구매/자재/재고, 마케팅/PR/분석, 배송/택배/운전, 상품기획/MD",경력 2~3년,정규직,서울,,2026-09-30,https://www.catch.co.kr/Comp/CompDetail/088102/Recruit/569809,,2026-09-07 17:57:15
캐치,코오롱생명과학, Chemical 연구원 채용,"바이오/제약/식품, 생산관리/공정관리/품질관리",경력 3~6년,정규직,서울,,2026-09-14,https://www.catch.co.kr/Comp/CompDetail/146681/Recruit/569807,,2026-09-07 17:57:15
캐치,하이엠솔루텍,[정규직] HVAC 현장 서비스엔지니어 (청주) 채용,"전기/소방/통신/안전, AS/서비스/수리, QA/테스트/검증",경력,정규직,충북,,2026-09-13,https://www.catch.co.kr/Comp/CompDetail/B98015/Recruit/569806,,2026-09-07 17:57:15
캐치,코오롱생명과학,Chemical 분석평가 팀장 채용,"바이오/제약/식품, 화학/에너지/환경",경력 10년↑,정규직,서울,,2026-09-13,https://www.catch.co.kr/Comp/CompDetail/146681/Recruit/569805,,2026-09-07 17:57:15
캐치,현대리바트엠앤에스,"2026년 현대리바트M&S 영업직 신입/경력채용(용산,용인,대전) (채용시까지)","고객관리/인바운드, 일반영업, 판매/캐셔/매장관리",경력,정규직,서울/경기/대전,,2026-12-27,https://www.catch.co.kr/Comp/CompDetail/385399/Recruit/569804,,2026-09-07 17:57:15
캐치,하이엠솔루텍,[정규직] HVAC 현장 PM 담당자 (대전) 채용,"건축/설계/인테리어, 시공/현장/감리/공무",경력,정규직,대전,,2026-09-13,https://www.catch.co.kr/Comp/CompDetail/B98015/Recruit/569803,,2026-09-07 17:57:16
캐치,CJ ENM,Mnet Plus Product Manager_경력채용,"기획/전략/경영, 웹기획/PM/웹마케팅",경력 6년↑,정규직,서울,,2026-11-02,https://www.catch.co.kr/Comp/CompDetail/039944/Recruit/569802,,2026-09-07 17:57:16
캐치,CJ CGV,씨네드쉐프 용산 조리 포지션 채용,"생산관리/공정관리/품질관리, 요리/영양/제과제빵/바리스타",경력 1년↑,정규직,서울,,2026-09-13,https://www.catch.co.kr/Comp/CompDetail/102535/Recruit/569801,,2026-09-07 17:57:16
캐치,캐논코리아,2026년 9월 신입사원(계약직) 채용,"생산관리/공정관리/품질관리, 전기/전자/제어, QA/테스트/검증",신입,계약직,서울,,2026-09-16,https://www.catch.co.kr/Comp/CompDetail/384291/Recruit/569800,,2026-09-07 17:57:16
캐치,에이피알,[영업] 일본 오프라인(B2B) 영업 담당 경력사원 모집,"일반영업, B2B영업/기술영업",경력 2~4년,정규직,서울,,2026-11-03,https://www.catch.co.kr/Comp/CompDetail/M23872/Recruit/569799,,2026-09-07 17:57:16
캐치,에이피알,[영업] 일본 오프라인(B2B) 영업 담당 경력사원 모집,"일반영업, B2B영업/기술영업",경력 2~4년,정규직,서울,,2026-11-03,https://www.catch.co.kr/Comp/CompDetail/M23872/Recruit/569798,,2026-09-07 17:57:16
캐치,CJ ENM,커머스부문 [모바일라이브 방송전문직(기술지원)] 신입수시 채용 ,"감독/연출/PD, 영상/사진/촬영",신입,정규직,서울,,2026-09-13,https://www.catch.co.kr/Comp/CompDetail/039944/Recruit/569797,,2026-09-07 17:57:16
캐치,CJ ENM,Mnet Plus 콘텐츠 운영_경력채용 ,"기획/전략/경영, 콘텐츠/사이트운영",경력 3년↑,정규직,서울,,2026-11-02,https://www.catch.co.kr/Comp/CompDetail/039944/Recruit/569795,,2026-09-07 17:57:16
캐치,세스코,인프라지원 팀장 채용,"사무/총무/법무, 사무보조/문서작성",경력 15년↑,정규직,서울,,2026-11-03,https://www.catch.co.kr/Comp/CompDetail/024171/Recruit/569794,,2026-09-07 17:57:16
캐치,세스코,SCM 물류관리 채용,배송/택배/운전,경력 3년↑,정규직,서울,,2026-11-03,https://www.catch.co.kr/Comp/CompDetail/024171/Recruit/569792,,2026-09-07 17:57:16
캐치,큐알티,26년 3분기 직무별 신입 채용,"반도체/디스플레이, 설문/통계/리서치, 응용프로그램개발, 화학/에너지/환경, DBA/데이터베이스, QA/테스트/검증",신입,정규직,경기,,2026-09-27,https://www.catch.co.kr/Comp/CompDetail/L70031/Recruit/569791,,2026-09-07 17:57:16
캐치,세스코,SCM 생산계획·생산관리 채용,"구매/자재/재고, 배송/택배/운전, 생산관리/공정관리/품질관리",경력 8년↑,정규직,서울,,2026-11-03,https://www.catch.co.kr/Comp/CompDetail/024171/Recruit/569790,,2026-09-07 17:57:16
캐치,SK텔레콤,보안침해위협 분석/대응 및 AI 기반 탐지 고도화 전문가 채용,네트워크/서버/보안,경력 5년↑,정규직,서울,,2026-10-01,https://www.catch.co.kr/Comp/CompDetail/810185/Recruit/569789,,2026-09-07 17:57:16
캐치,세스코,그래픽디자인 채용,"광고/시각디자인, 그래픽디자인/CG, 제품/산업디자인, 출판/편집디자인",경력 6년↑,정규직,서울,,2026-09-18,https://www.catch.co.kr/Comp/CompDetail/024171/Recruit/569788,,2026-09-07 17:57:16
캐치,SK오션플랜트,기술영업/견적/설계분야 구성원 채용 (경력),"영업관리/지원/영업기획, 환경/플랜트, B2B영업/기술영업",경력 5년↑,정규직,경남,,2026-09-13,https://www.catch.co.kr/Comp/CompDetail/940755/Recruit/569787,,2026-09-07 17:57:16
캐치,SK트리켐,[계약직] 제품 용기(Canister) 포장 및 창고 업무 Operator 채용,"구매/자재/재고, 생산관리/공정관리/품질관리, 화물/중장비",신입,계약직,세종,,2026-09-13,https://www.catch.co.kr/Comp/CompDetail/HS5424/Recruit/569786,,2026-09-07 17:57:16
캐치,에스케이시그넷,충방전기 기술영업 및 사업개발 (경력) 채용,"기획/전략/경영, 전기/전자/제어, B2B영업/기술영업",경력 5년↑,정규직,경기,,2026-11-03,https://www.catch.co.kr/Comp/CompDetail/IL7179/Recruit/569785,,2026-09-07 17:57:16
캐치,이랜드이츠,[특별전형] 2026년 하반기 매장 관리자 전역 간부 특별 채용_ST 2기,"구매/자재/재고, 외식/식음료, 인사/노무/교육, 판매/캐셔/매장관리",경력무관,정규직,서울/경기/제주/전남광주/부산,,2026-10-04,https://www.catch.co.kr/Comp/CompDetail/JQ7455/Recruit/569784,,2026-09-07 17:57:16
캐치,이스트소프트,[ESTsoft] 기술임원 직속 전략 스태프 - Strategy & AX Integration 채용,"빅데이터/AI, 콘텐츠/사이트운영",신입,인턴,서울,,2026-11-03,https://www.catch.co.kr/Comp/CompDetail/020069/Recruit/569782,,2026-09-07 17:57:16
캐치,애경산업,[정규직/경력] 경영기획 담당자 채용,"기획/전략/경영, 마케팅/PR/분석, 재무/세무/IR",경력 6~8년,정규직,서울,,2026-11-03,https://www.catch.co.kr/Comp/CompDetail/353574/Recruit/569781,,2026-09-07 17:57:16
캐치,메리츠증권,인사팀 채용공고(경력),인사/노무/교육,경력,계약직,서울,,2026-09-18,https://www.catch.co.kr/Comp/CompDetail/860204/Recruit/569780,,2026-09-07 17:57:16
캐치,CJ푸드빌,[CJ푸드빌] 사내 해외변호사 경력채용 (해외 법무 3년 이상 ~ ),"법률/특허/상표, 사무/총무/법무",경력 3년↑,정규직,서울,,2026-09-13,https://www.catch.co.kr/Comp/CompDetail/145104/Recruit/569779,,2026-09-07 17:57:16
캐치,카펙발레오,T/C 보전팀 사무직(정규직) 신입 채용,"사무/총무/법무, 사무보조/문서작성, 생산관리/공정관리/품질관리, 설문/통계/리서치, 전기/소방/통신/안전",신입,정규직,경북,,2026-09-16,https://www.catch.co.kr/Comp/CompDetail/039120/Recruit/569778,,2026-09-07 17:57:16
캐치,애경산업,[계약직] 청양공장 품질관리 담당자 채용 ,"생산/제조/설비/조립, 생산관리/공정관리/품질관리",경력무관,계약직,충남,,2026-09-13,https://www.catch.co.kr/Comp/CompDetail/353574/Recruit/569777,,2026-09-07 17:57:16
캐치,서북,[포토이즘] 컬처 & 오피스 매니저 채용,"빅데이터/AI, 사무/총무/법무, 영업관리/지원/영업기획",경력 3년↑,기타,충남/서울,,2026-11-03,https://www.catch.co.kr/Comp/CompDetail/LC8770/Recruit/569776,,2026-09-07 17:57:16
캐치,인터엑스,[서울/울산/대구] B2G 정부과제 및 자율제조 Pre-Sales 인턴,기획/전략/경영,신입,인턴,울산/서울/대구,,2026-11-03,https://www.catch.co.kr/Comp/CompDetail/LI9345/Recruit/569775,,2026-09-07 17:57:16
캐치,스와치그룹코리아,[론진 Longines] Sales Associate 채용 (신입/경력),"고객관리/인바운드, 구매/자재/재고, 판매/캐셔/매장관리",경력 1년↑,정규직/계약직,서울/전국,,2026-11-03,https://www.catch.co.kr/Comp/CompDetail/028881/Recruit/569774,,2026-09-07 17:57:16
캐치,조광페인트,[부산] 관리회계·공시 직무 경력직 채용,재무/세무/IR,경력 3~10년,정규직,부산,,2026-09-13,https://www.catch.co.kr/Comp/CompDetail/350508/Recruit/569773,,2026-09-07 17:57:16
캐치,인터엑스,[서울/울산/대구] B2G 정부과제 및 자율제조 Pre-Sales,기획/전략/경영,경력 3~15년,정규직,울산/서울/대구,,2026-11-03,https://www.catch.co.kr/Comp/CompDetail/LI9345/Recruit/569772,,2026-09-07 17:57:16
캐치,에코라이프밸런스,우아한정리 콘텐츠 SEO 마케터 신입 및 경력 채용,마케팅/PR/분석,경력,정규직/계약직,서울,,2026-10-27,https://www.catch.co.kr/Comp/CompDetail/NN5373/Recruit/569771,,2026-09-07 17:57:16
캐치,에코라이프밸런스,[월 450 이상] 대신환경 암롤 기사 경력 채용,화물/중장비,경력 1년↑,정규직/계약직,경기,,2026-10-11,https://www.catch.co.kr/Comp/CompDetail/NN5373/Recruit/569770,,2026-09-07 17:57:17
캐치,에코라이프밸런스,[월 450 이상] 대신환경 5톤 집게차기사 경력 채용,화물/중장비,경력 1년↑,정규직/계약직,경기,,2026-10-11,https://www.catch.co.kr/Comp/CompDetail/NN5373/Recruit/569769,,2026-09-07 17:57:17
캐치,에코라이프밸런스,[월 300 이상] 우아한정리 폐기물 수거 기사 채용,"배송/택배/운전, 화물/중장비, AS/서비스/수리",경력무관,계약직,경기,,2026-10-25,https://www.catch.co.kr/Comp/CompDetail/NN5373/Recruit/569768,,2026-09-07 17:57:17
캐치,한국무역정보통신,2026년 채용연계형 인턴 모집(재무회계 및 세무),재무/세무/IR,신입,인턴,경기,,2026-09-15,https://www.catch.co.kr/Comp/CompDetail/767620/Recruit/569767,,2026-09-07 17:57:17
캐치,SM엔터테인먼트,정산 담당자 (경력) 채용,"경리/회계/결산, 사무보조/문서작성, 재무/세무/IR",경력 1년↑,정규직,서울,,2026-09-20,https://www.catch.co.kr/Comp/CompDetail/050606/Recruit/569766,,2026-09-07 17:57:17
캐치,피에이치에이,생산기술팀 신입/경력 수시채용,"기계설계/CAD/CAM, 생산관리/공정관리/품질관리, 전기/전자/제어",경력 4년↑,정규직/인턴,대구,,2026-09-20,https://www.catch.co.kr/Comp/CompDetail/387428/Recruit/569765,,2026-09-07 17:57:17
캐치,SM엔터테인먼트,공연기획 담당자 (신입/경력) 채용,"공연/엔터테인먼트, 재무/세무/IR",경력,정규직,서울,,2026-09-15,https://www.catch.co.kr/Comp/CompDetail/050606/Recruit/569764,,2026-09-07 17:57:17
캐치,LG전자,2026년 하반기 R&D 석/박사 산학장학생 채용 (LGE Members),"기계설계/CAD/CAM, 네트워크/서버/보안, 응용프로그램개발, 자동차/조선/기계, 전기/전자/제어, ERP/시스템개발/설계",신입,기타,서울/경기/경남,,2026-09-20,https://www.catch.co.kr/Comp/CompDetail/196275/Recruit/569763,,2026-09-07 17:57:17
캐치,에스피삼화,[신입/경력] 국내영업-전주 채용,"영업관리/지원/영업기획, 일반영업",경력 4년↓,정규직,전북,,2026-09-16,https://www.catch.co.kr/Comp/CompDetail/351334/Recruit/569762,,2026-09-07 17:57:17
캐치,미래엔,디지털 학습 플랫폼 백엔드 개발팀장 채용,"네트워크/서버/보안, 웹개발, 응용프로그램개발",경력 15~25년,정규직,서울,,2026-09-16,https://www.catch.co.kr/Comp/CompDetail/340170/Recruit/569761,,2026-09-07 17:57:17
캐치,동성화인텍,정보기술팀 시스템개발 및 운영관리자 채용,"네트워크/서버/보안, 빅데이터/AI, 웹개발, DBA/데이터베이스, ERP/시스템개발/설계",경력 5년↑,정규직,경기,,2026-09-17,https://www.catch.co.kr/Comp/CompDetail/044008/Recruit/569760,,2026-09-07 17:57:17
캐치,삼표산업,[성수프로젝트총괄] 분양기획 채용,"마케팅/PR/분석, 부동산/중개/분양/경매",경력 20년↑,정규직,서울,,2026-09-21,https://www.catch.co.kr/Comp/CompDetail/J98654/Recruit/569759,,2026-09-07 17:57:17
캐치,동성화인텍,MSI소재연구팀 정규직 신입 채용,화학/에너지/환경,신입,정규직,경기,,2026-09-16,https://www.catch.co.kr/Comp/CompDetail/044008/Recruit/569758,,2026-09-07 17:57:17
캐치,삼표산업,[성수프로젝트총괄] 스마트빌딩 채용,"네트워크/서버/보안, 웹기획/PM/웹마케팅, ERP/시스템개발/설계",경력 7~10년,정규직,서울,,2026-09-21,https://www.catch.co.kr/Comp/CompDetail/J98654/Recruit/569757,,2026-09-07 17:57:17
캐치,동성케미컬,신사업개발본부 반도체 후공정 소재 및 전기전자 분야 접착제 신사업 개발 채용,"기획/전략/경영, 마케팅/PR/분석, B2B영업/기술영업",경력 8~15년,정규직,서울,,2026-09-17,https://www.catch.co.kr/Comp/CompDetail/C13561/Recruit/569756,,2026-09-07 17:57:17
캐치,삼화콘덴서공업,제조 오퍼레이터 채용,"생산/제조/설비/조립, 생산관리/공정관리/품질관리",신입,기타,경기,,2026-09-30,https://www.catch.co.kr/Comp/CompDetail/380474/Recruit/569755,,2026-09-07 17:57:17
캐치,SM엔터테인먼트,Merch 디자이너 (경력) 채용,"광고/시각디자인, 그래픽디자인/CG, 제품/산업디자인, HTML/퍼블리싱/UI개발",경력 3년↑,정규직,서울,,2026-09-22,https://www.catch.co.kr/Comp/CompDetail/050606/Recruit/569754,,2026-09-07 17:57:17
캐치,동성케미컬,VIXUM 사업부 B2B 영업 채용,"고객관리/인바운드, 기획/전략/경영, 마케팅/PR/분석, B2B영업/기술영업",경력 2~5년,정규직,서울,,2026-09-17,https://www.catch.co.kr/Comp/CompDetail/C13561/Recruit/569753,,2026-09-07 17:57:17
캐치,삼화콘덴서공업,기획팀 외 5개 부문 신입/경력사원 채용,"구매/자재/재고, 무역영업/해외영업, 사무/총무/법무, 생산관리/공정관리/품질관리, 자동차/조선/기계, 전기/소방/통신/안전, 전기/전자/제어, 화학/에너지/환경, AS/서비스/수리, B2B영업/기술영업",경력,정규직,경기,,2026-09-30,https://www.catch.co.kr/Comp/CompDetail/380474/Recruit/569752,,2026-09-07 17:57:17
캐치,푸본현대생명보험,대구지점 총무 인재 채용,"사무/총무/법무, 영업관리/지원/영업기획",경력,계약직,대구,,2026-09-17,https://www.catch.co.kr/Comp/CompDetail/211937/Recruit/569751,,2026-09-07 17:57:17
캐치,종근당바이오,QA팀 RA파트 경력직 사원 채용,"바이오/제약/식품, 사무/총무/법무",경력 3년↑,정규직,경기,,2026-09-14,https://www.catch.co.kr/Comp/CompDetail/183904/Recruit/569750,,2026-09-07 17:57:17
캐치,한화파워,AMB(Active Magnetic Bearing) 담당자 채용,"기계설계/CAD/CAM, 자동차/조선/기계, 전기/전자/제어",경력무관,정규직,경기,,2026-09-27,https://www.catch.co.kr/Comp/CompDetail/IR7354/Recruit/569749,,2026-09-07 17:57:17
캐치,스피드랙,2026 신입/경력 (물류팀/고객상담(CS)) 채용,"고객관리/인바운드, 배송/택배/운전, 생산/제조/설비/조립, 콘텐츠/사이트운영, 포장/가공",경력,정규직,경기,,2026-09-07,https://www.catch.co.kr/Comp/CompDetail/I17004/Recruit/569747,,2026-09-07 17:57:17
캐치,레진엔터테인먼트,시니어 브랜드 마케터 (6년 이상) 채용,"기획/전략/경영, 마케팅/PR/분석, 설문/통계/리서치, 재무/세무/IR",경력 6년↑,정규직,서울,,2026-11-03,https://www.catch.co.kr/Comp/CompDetail/I03955/Recruit/569746,,2026-09-07 17:57:17
캐치,연세대학교,2026학년도 하반기 산학협력단 신규 정규직원(행정) 채용,대학교수/행정직,신입,계약직,서울,,2026-09-18,https://www.catch.co.kr/Comp/CompDetail/894899/Recruit/569745,,2026-09-07 17:57:17
캐치,나이스디앤알,[NICE디앤알] 웹 서비스 영업/마케팅(신입) 채용,"고객관리/인바운드, 기획/전략/경영, 마케팅/PR/분석, 웹기획/PM/웹마케팅, B2B영업/기술영업",신입,정규직,서울,,2026-09-23,https://www.catch.co.kr/Comp/CompDetail/C68653/Recruit/569744,,2026-09-07 17:57:17
캐치,SM엔터테인먼트,안전경영 담당자 (경력) 채용,"사무/총무/법무, 전기/소방/통신/안전",경력 10년↑,정규직,서울,,2026-09-14,https://www.catch.co.kr/Comp/CompDetail/050606/Recruit/569743,,2026-09-07 17:57:17
캐치,파라다이스,[파라다이스 제주카지노지점] 2026년 하반기 직무별 담당 채용 [신입/경력],"경리/회계/결산, 시설/보안/경비/안전, 영업관리/지원/영업기획, 일반영업, 재무/세무/IR, 전기/소방/통신/안전, 판매/캐셔/매장관리, AS/서비스/수리",경력,계약직,제주,,2026-09-30,https://www.catch.co.kr/Comp/CompDetail/901342/Recruit/569742,,2026-09-07 17:57:17
캐치,한국단자공업,프레스금형 경력직 채용,"기계설계/CAD/CAM, 생산/제조/설비/조립, 자동차/조선/기계, 전기/전자/제어",경력 2년↑,기타,인천,,2026-11-03,https://www.catch.co.kr/Comp/CompDetail/385972/Recruit/569741,,2026-09-07 17:57:17
캐치,SM엔터테인먼트,BX Merch 디자인 인턴십 모집,"그래픽디자인/CG, 제품/산업디자인, 콘텐츠/사이트운영",신입,인턴,서울,,2026-09-30,https://www.catch.co.kr/Comp/CompDetail/050606/Recruit/569740,,2026-09-07 17:57:17
캐치,수행기사,수행기사 채용 [수원 광교] 대표이사,배송/택배/운전,경력 5년↑,계약직/기타,서울/경기,,2026-10-03,https://www.catch.co.kr/Comp/CompDetail/A39BC/Recruit/569739,,2026-09-07 17:57:18
캐치,SM엔터테인먼트,FC 매니지먼트 담당자 (신입/경력) 채용 ,"기획/전략/경영, 콘텐츠/사이트운영",경력,정규직,서울,,2026-09-14,https://www.catch.co.kr/Comp/CompDetail/050606/Recruit/569738,,2026-09-07 17:57:18
캐치,두산로보틱스,개발연구 부문 정부과제 관리 담당자 채용,"기획/전략/경영, 사무/총무/법무, 재무/세무/IR",경력,기타,경기,,2026-12-31,https://www.catch.co.kr/Comp/CompDetail/HH7744/Recruit/569737,,2026-09-07 17:57:18
캐치,NS쇼핑,[NS홈쇼핑/가족친화우수기업] 무대디자이너 경력사원 모집,"광고/시각디자인, 그래픽디자인/CG, 디자인기타, 전시/공간디자인",경력 1년↑,정규직,경기,,2026-09-13,https://www.catch.co.kr/Comp/CompDetail/174048/Recruit/569736,,2026-09-07 17:57:18
캐치,SM엔터테인먼트,IR 담당자 (경력) 채용,"재무/세무/IR, 전시/컨벤션",경력 5년↑,정규직,서울,,2026-09-13,https://www.catch.co.kr/Comp/CompDetail/050606/Recruit/569735,,2026-09-07 17:57:18
캐치,두산로보틱스,Enterprise Sales 담당자 채용,"고객관리/인바운드, 영업관리/지원/영업기획, 일반영업, B2B영업/기술영업",경력 10년↑,기타,경기,,2026-09-27,https://www.catch.co.kr/Comp/CompDetail/HH7744/Recruit/569734,,2026-09-07 17:57:18
캐치,동아제약,파티온(FATION)사업부 미주B2B 영업 담당 경력 채용,"구매/자재/재고, 기획/전략/경영, 마케팅/PR/분석, 무역영업/해외영업, 영업관리/지원/영업기획, B2B영업/기술영업",경력 4~10년,정규직,서울,,2026-10-31,https://www.catch.co.kr/Comp/CompDetail/J01069/Recruit/569733,,2026-09-07 17:57:18
캐치,에스엠컬처앤콘텐츠,호텔 예약대행 및 영업기획 신입/경력직 채용,영업관리/지원/영업기획,경력 2년↓,정규직,서울,,2026-09-20,https://www.catch.co.kr/Comp/CompDetail/071498/Recruit/569732,,2026-09-07 17:57:18
캐치,스태츠칩팩코리아,[2026] 재무회계팀 Costing 담당자(신입) 채용,"경리/회계/결산, 빅데이터/AI, 재무/세무/IR",신입,정규직,인천,,2026-09-13,https://www.catch.co.kr/Comp/CompDetail/273740/Recruit/569731,,2026-09-07 17:57:18
캐치,KCC건설,안전 경력사원 상시 채용,"건축/설계/인테리어, 시공/현장/감리/공무, 전기/소방/통신/안전",경력 5년↑,계약직,서울/전국,,2026-09-30,https://www.catch.co.kr/Comp/CompDetail/513644/Recruit/569730,,2026-09-07 17:57:18
캐치,스태츠칩팩코리아,[2026] 통합구매팀 구매 담당자(신입) 채용,"구매/자재/재고, 생산관리/공정관리/품질관리",신입,정규직,인천,,2026-09-13,https://www.catch.co.kr/Comp/CompDetail/273740/Recruit/569729,,2026-09-07 17:57:18
캐치,하이케어솔루션,개인정보보호 담당자 경력 채용,"네트워크/서버/보안, 사무/총무/법무",경력 3년↑,기타,서울,,2026-09-09,https://www.catch.co.kr/Comp/CompDetail/MB7516/Recruit/569728,,2026-09-07 17:57:18
캐치,소노인터내셔널,"[본사] 안전관리(중대재해 전담), MICE 심사분석 경력직 채용 ","경리/회계/결산, 기획/전략/경영, 마케팅/PR/분석, 설문/통계/리서치, 시설/보안/경비/안전, 재무/세무/IR, 전기/소방/통신/안전",경력,정규직,서울,,2026-09-08,https://www.catch.co.kr/Comp/CompDetail/382359/Recruit/569727,,2026-09-07 17:57:18
캐치,디에이아이,[동아쏘시오그룹/DAI] AI직군 경력 수시채용,"기획/전략/경영, 네트워크/서버/보안, 마케팅/PR/분석, 바이오/제약/식품, 빅데이터/AI, 사무/총무/법무, 웹기획/PM/웹마케팅, DBA/데이터베이스",경력,정규직,서울,,2026-10-31,https://www.catch.co.kr/Comp/CompDetail/469574/Recruit/569726,,2026-09-07 17:57:18
캐치,카카오페이손해보험,시스템 개발·운영 엔지니어 채용,"네트워크/서버/보안, 웹개발, ERP/시스템개발/설계",경력 2~5년,정규직,경기,,2026-09-13,https://www.catch.co.kr/Comp/CompDetail/OQ9089/Recruit/569725,,2026-09-07 17:57:18
캐치,케이씨텍,[경력] 반도체 CMP 장비 정밀설계 담당자 모집(동탄),자동차/조선/기계,경력 4년↑,정규직,경기,,2026-09-13,https://www.catch.co.kr/Comp/CompDetail/IV5953/Recruit/569724,,2026-09-07 17:57:18
캐치,시스멕스코리아,Field Service 신입사원 채용,"기계설계/CAD/CAM, 자동차/조선/기계, 전기/소방/통신/안전, AS/서비스/수리",신입,정규직,서울/전남광주,,2026-09-17,https://www.catch.co.kr/Comp/CompDetail/052917/Recruit/569723,,2026-09-07 17:57:18
캐치,카카오VX,회계팀 회계팀장 채용,"경리/회계/결산, 재무/세무/IR",경력 10년↑,정규직,경기,,2026-09-13,https://www.catch.co.kr/Comp/CompDetail/J35473/Recruit/569722,,2026-09-07 17:57:18
캐치,대중소기업농어업협력재단,2026년도 직원(일반사무직·전문사무직) 채용,"기획/전략/경영, 네트워크/서버/보안, 법률/특허/상표, 사무/총무/법무, ERP/시스템개발/설계",경력,계약직,서울,,2026-09-18,https://www.catch.co.kr/Comp/CompDetail/E39361/Recruit/569721,,2026-09-07 17:57:18
캐치,에이피시스템,26년 AP시스템 수시채용,"그래픽디자인/CG, 기계설계/CAD/CAM, 반도체/디스플레이, 영업관리/지원/영업기획, 자동차/조선/기계, 전기/전자/제어, 캐릭터/만화/애니",경력,기타,경기,,2026-09-20,https://www.catch.co.kr/Comp/CompDetail/IO2474/Recruit/569720,,2026-09-07 17:57:18
캐치,매일유업,광주공장 생산팀 기능직 (계약직) 채용 _2차채용,"생산/제조/설비/조립, 생산관리/공정관리/품질관리",경력무관,계약직,전남광주,,2026-09-09,https://www.catch.co.kr/Comp/CompDetail/IP7458/Recruit/569719,,2026-09-07 17:57:18
캐치,GS엔텍,법무담당 정규직(경력) 채용,사무/총무/법무,경력,정규직,울산,,2026-09-07,https://www.catch.co.kr/Comp/CompDetail/751260/Recruit/569718,,2026-09-07 17:57:18
캐치,GS엔텍,법무담당 정규직(신입) 채용,사무/총무/법무,신입,정규직,울산,,2026-09-07,https://www.catch.co.kr/Comp/CompDetail/751260/Recruit/569717,,2026-09-07 17:57:18
캐치,현대위아,[계약직] 협업플랫폼 운영 및 IT 자산관리 채용,"네트워크/서버/보안, 영업관리/지원/영업기획, QA/테스트/검증",경력,계약직,경남,,2026-09-16,https://www.catch.co.kr/Comp/CompDetail/380962/Recruit/569716,,2026-09-07 17:57:18
캐치,두산에너빌리티,기술직 신입사원 채용 #공채,"생산/제조/설비/조립, 생산관리/공정관리/품질관리, 전기/소방/통신/안전, 전기/전자/제어, 화물/중장비, AS/서비스/수리",신입,계약직,경남/경기,,2026-09-18,https://www.catch.co.kr/Comp/CompDetail/382647/Recruit/569715,,2026-09-07 17:57:18
캐치,파이널나인,(주) 파이널나인 정규직 매니저님 모집합니다.,외식/식음료,경력무관,정규직,대구,,2026-09-19,https://www.catch.co.kr/Comp/CompDetail/JC6907/Recruit/569714,,2026-09-07 17:57:18
캐치,경신전선,26년도 하반기 기능직(설비오퍼레이터) 채용,"생산/제조/설비/조립, 생산관리/공정관리/품질관리, 화물/중장비",경력무관,정규직,충남,,2026-09-08,https://www.catch.co.kr/Comp/CompDetail/HM1205/Recruit/569713,,2026-09-07 17:57:18
캐치,경신전선,26년도 하반기 부문별 신입/경력 채용 #공채,"경리/회계/결산, 기계설계/CAD/CAM, 인사/노무/교육, 자동차/조선/기계, 재무/세무/IR, 전기/전자/제어",경력 3년↑,정규직,인천,,2026-09-13,https://www.catch.co.kr/Comp/CompDetail/HM1205/Recruit/569712,,2026-09-07 17:57:18
캐치,신한은행,브랜드전략실 디자이너 채용,"광고/시각디자인, 캐릭터/만화/애니",경력 8년↑,계약직,서울,,2026-09-13,https://www.catch.co.kr/Comp/CompDetail/840130/Recruit/569711,,2026-09-07 17:57:18
캐치,두산밥캣,[HQ] Tax 경력 채용,"경리/회계/결산, 재무/세무/IR",경력,기타,경기,,2026-09-13,https://www.catch.co.kr/Comp/CompDetail/L74201/Recruit/569710,,2026-09-07 17:57:18
캐치,일진글로벌홀딩스,[일진글로벌] 신입사원 수시채용(물류관리),"구매/자재/재고, 배송/택배/운전, 생산관리/공정관리/품질관리",신입,정규직,경북,,2026-09-13,https://www.catch.co.kr/Comp/CompDetail/613460/Recruit/569709,,2026-09-07 17:57:20
캐치,수협은행,전문직 [자산관리(PB)] 채용,"고객관리/인바운드, 마케팅/PR/분석, 증권/투자/펀드/외환",경력 5년↑,계약직,서울,,2026-09-17,https://www.catch.co.kr/Comp/CompDetail/HW4999/Recruit/569708,,2026-09-07 17:57:20
캐치,수협은행,전문직 [정보보호(보안운영)] 채용,네트워크/서버/보안,경력 7년↑,계약직,서울,,2026-09-15,https://www.catch.co.kr/Comp/CompDetail/HW4999/Recruit/569707,,2026-09-07 17:57:20
캐치,LS증권,경력직 수시채용 (해외선물/주식(야간근무자) 부문),"고객관리/인바운드, 사무/총무/법무, 증권/투자/펀드/외환",경력,계약직,서울,,2026-09-17,https://www.catch.co.kr/Comp/CompDetail/127283/Recruit/569706,,2026-09-07 17:57:20
캐치,사회복지법인월드비전,제주나눔센터 (후원개발 담당/법인계약직/신입/1명) 채용,"사무/총무/법무, 사무보조/문서작성, 사회복지/요양보호/자원봉사",신입,계약직,제주,,2026-09-14,https://www.catch.co.kr/Comp/CompDetail/A13423/Recruit/569705,,2026-09-07 17:57:20
캐치,LX글라스,군산공장 군산코팅생산라인 직원 채용,"구매/자재/재고, 생산관리/공정관리/품질관리",신입,정규직,전북,,2026-09-16,https://www.catch.co.kr/Comp/CompDetail/JX1163/Recruit/569704,,2026-09-07 17:57:20
캐치,88관광개발,코스관리 채용,"전기/소방/통신/안전, 토목/조경/도시/측량",경력,정규직,경기,,2026-09-16,https://www.catch.co.kr/Comp/CompDetail/267201/Recruit/569703,,2026-09-07 17:57:20
캐치,LX글라스,군산공장 원판유리생산팀 신입사원 채용,생산관리/공정관리/품질관리,신입,정규직,전북,,2026-09-16,https://www.catch.co.kr/Comp/CompDetail/JX1163/Recruit/569702,,2026-09-07 17:57:20
캐치,88관광개발,조리사 채용,요리/영양/제과제빵/바리스타,경력,정규직,경기,,2026-09-16,https://www.catch.co.kr/Comp/CompDetail/267201/Recruit/569701,,2026-09-07 17:57:20
캐치,한국원자력의학원,2026년도 일반전문계약직 공개채용,"설문/통계/리서치, 화학/에너지/환경",경력,계약직,대전/부산,,2026-09-14,https://www.catch.co.kr/Comp/CompDetail/492838/Recruit/569700,,2026-09-07 17:57:20
캐치,한국수자원공사,[영섬/장흥] 장흥수도지사 특수직(지방상수도 시설운영) 채용,"전기/소방/통신/안전, 환경/플랜트",경력,계약직,전남광주,,2026-09-17,https://www.catch.co.kr/Comp/CompDetail/001640/Recruit/569699,,2026-09-07 17:57:20
캐치,신한은행,애플리케이션 아키텍트(AA) 경력직 채용,"네트워크/서버/보안, 응용프로그램개발, ERP/시스템개발/설계",경력 8년↑,정규직/계약직,서울,,2026-09-15,https://www.catch.co.kr/Comp/CompDetail/840130/Recruit/569698,,2026-09-07 17:57:20
캐치,한국투자증권,FY2026 홍보실 업무보조 전문직급 공개채용,"마케팅/PR/분석, 빅데이터/AI, 사무/총무/법무, 사무보조/문서작성, 설문/통계/리서치",경력,계약직,서울,,2026-09-14,https://www.catch.co.kr/Comp/CompDetail/091255/Recruit/569697,,2026-09-07 17:57:20
캐치,신한은행,Super SOL 서비스 PO(Product Owner) 경력직 채용,웹기획/PM/웹마케팅,경력 4년↑,정규직/계약직,서울,,2026-09-15,https://www.catch.co.kr/Comp/CompDetail/840130/Recruit/569696,,2026-09-07 17:57:20
캐치,서울의과학연구소,[SCL] 유전체분석 연구원 채용,"바이오/제약/식품, 설문/통계/리서치",경력,계약직,경기,,2026-09-20,https://www.catch.co.kr/Comp/CompDetail/098704/Recruit/569695,,2026-09-07 17:57:20
캐치,한국교육방송공사,2026년 9월 계약직원 공개채용 ,"감독/연출/PD, 경리/회계/결산, 교육기획/교재, 기자, 기획/전략/경영, 재무/세무/IR",경력,계약직,경기,,2026-09-11,https://www.catch.co.kr/Comp/CompDetail/126841/Recruit/569694,,2026-09-07 17:57:20
캐치,88관광개발,홀서빙 채용,"경리/회계/결산, 외식/식음료, 판매/캐셔/매장관리",경력,정규직,경기,,2026-09-16,https://www.catch.co.kr/Comp/CompDetail/267201/Recruit/569693,,2026-09-07 17:57:20
캐치,아이패밀리에스씨,[(주)아이패밀리SC] 아이웨딩 웨딩플래너(고객서비스팀) 계약직 채용(경력) [보훈우대],웨딩/행사/이벤트,경력,계약직,서울,,2026-11-03,https://www.catch.co.kr/Comp/CompDetail/132220/Recruit/569692,,2026-09-07 17:57:20
캐치,아이패밀리에스씨,[(주)아이패밀리SC] 경영기획본부 재무회계팀 계약직 채용 (보훈대상자 우대),"경리/회계/결산, 재무/세무/IR",경력,계약직,서울,,2026-11-03,https://www.catch.co.kr/Comp/CompDetail/132220/Recruit/569691,,2026-09-07 17:57:20
캐치,현대제철,2026년 인천공장 기술직(계약) 채용,"생산관리/공정관리/품질관리, 자동차/조선/기계, 전기/소방/통신/안전",신입,계약직,인천,,2026-09-13,https://www.catch.co.kr/Comp/CompDetail/370142/Recruit/569690,,2026-09-07 17:57:20
캐치,케이피에프,부품영업팀(신입 또는 경력) 채용,"고객관리/인바운드, 구매/자재/재고, 마케팅/PR/분석, 영업관리/지원/영업기획",경력,정규직,경기,,2026-09-18,https://www.catch.co.kr/Comp/CompDetail/383937/Recruit/569689,,2026-09-07 17:57:20
캐치,한화오션,2026년 하반기 생산직 신입사원 채용 #공채,"기계설계/CAD/CAM, 생산/제조/설비/조립, 시설/보안/경비/안전, 자동차/조선/기계, 전기/소방/통신/안전, 전기/전자/제어, 화물/중장비, AS/서비스/수리",신입,정규직,경남,,2026-09-15,https://www.catch.co.kr/Comp/CompDetail/152019/Recruit/569688,,2026-09-07 17:57:20
캐치,안랩,2026년 9월 신입/경력 채용,"네트워크/서버/보안, 무역영업/해외영업, 빅데이터/AI, 영업관리/지원/영업기획, 웹개발, 웹기획/PM/웹마케팅, ERP/시스템개발/설계, QA/테스트/검증",경력,정규직,경기,,2026-09-13,https://www.catch.co.kr/Comp/CompDetail/052194/Recruit/569687,,2026-09-07 17:57:20
캐치,두림야스카와,2026 채용형 인턴 채용 #공채,"기획/전략/경영, 생산관리/공정관리/품질관리, 영업관리/지원/영업기획, 자동차/조선/기계, 전기/전자/제어",신입,인턴,경기,,2026-09-27,https://www.catch.co.kr/Comp/CompDetail/121165/Recruit/569686,,2026-09-07 17:57:20
캐치,순수본,"온라인 영업 (본죽 HMR, 베이비본죽 상품) 경력직 채용","마케팅/PR/분석, 영업관리/지원/영업기획, 일반영업",경력 5~10년,기타,서울,,2026-09-20,https://www.catch.co.kr/Comp/CompDetail/CB7173/Recruit/569685,,2026-09-07 17:57:20
캐치,하나머티리얼즈,[신입/경력] 해외 영업 담당자 채용,"무역영업/해외영업, 영업관리/지원/영업기획",경력무관,정규직,경기,,2026-09-20,https://www.catch.co.kr/Comp/CompDetail/482785/Recruit/569684,,2026-09-07 17:57:20
캐치,하나머티리얼즈,[신입] 세라믹/금속 분말 소재 operator(계약직) 채용,"구매/자재/재고, 생산/제조/설비/조립, 포장/가공",경력무관,계약직,충남,,2026-11-03,https://www.catch.co.kr/Comp/CompDetail/482785/Recruit/569683,,2026-09-07 17:57:20
캐치,순수본,제품개발 경력직(R&D/OEM제조) 채용,"마케팅/PR/분석, 바이오/제약/식품, 상품기획/MD, 생산관리/공정관리/품질관리",경력 4~10년,기타,서울/전북,,2026-09-20,https://www.catch.co.kr/Comp/CompDetail/CB7173/Recruit/569682,,2026-09-07 17:57:20
캐치,한화모멘텀,HR Business Partner 경력 채용,인사/노무/교육,경력 3년↑,정규직,경남,,2026-09-13,https://www.catch.co.kr/Comp/CompDetail/RC6463/Recruit/569681,,2026-09-07 17:57:20
캐치,샘표식품,2026 신입/경력 수시채용 #공채,"마케팅/PR/분석, 무역영업/해외영업, 바이오/제약/식품, 배송/택배/운전, 사무/총무/법무, 생산/제조/설비/조립, 생산관리/공정관리/품질관리, 영업관리/지원/영업기획, 응용프로그램개발, 전기/소방/통신/안전, B2B영업/기술영업, ERP/시스템개발/설계",경력,정규직/계약직,서울/경기/충북/전국,,2026-09-13,https://www.catch.co.kr/Comp/CompDetail/HR7687/Recruit/569680,,2026-09-07 17:57:20
캐치,하나머티리얼즈,[신입_계약직] 제조/소재/품질 생산직(교대) 사원,생산/제조/설비/조립,신입,계약직,충남,,2026-11-03,https://www.catch.co.kr/Comp/CompDetail/482785/Recruit/569679,,2026-09-07 17:57:21
캐치,투썸플레이스,안전경영팀(정읍) 산업안전 포지션 경력채용,전기/소방/통신/안전,경력 1~7년,기타,전북,,2026-09-16,https://www.catch.co.kr/Comp/CompDetail/IZ0286/Recruit/569678,,2026-09-07 17:57:21
캐치,애경케미칼,신입 및 경력 채용,"경리/회계/결산, 구매/자재/재고, 배송/택배/운전, 사무/총무/법무, 생산/제조/설비/조립, 생산관리/공정관리/품질관리, 재무/세무/IR, 화학/에너지/환경",경력,정규직,울산/충남,,2026-09-13,https://www.catch.co.kr/Comp/CompDetail/I66906/Recruit/569677,,2026-09-07 17:57:21
캐치,동아에스티,동아ST 2026년 하반기 정기채용 #공채,"기획/전략/경영, 무역영업/해외영업, 바이오/제약/식품, 사무/총무/법무, 생산/제조/설비/조립, 생산관리/공정관리/품질관리, 약사/한약사/약무보조, 영업관리/지원/영업기획, 인사/노무/교육, 전기/소방/통신/안전, 화학/에너지/환경",경력,정규직,서울/대구/충남/인천/경기/전국,,2026-09-13,https://www.catch.co.kr/Comp/CompDetail/J01068/Recruit/569676,,2026-09-07 17:57:21
캐치,NH투자증권,[경력직] 부동산인프라사업부 프로젝트금융본부 부동산PE부 채용,증권/투자/펀드/외환,경력 3년↑,계약직,서울,,2026-09-10,https://www.catch.co.kr/Comp/CompDetail/860301/Recruit/569675,,2026-09-07 17:57:21
캐치,파라다이스세가사미,Paradise City_2026 4분기 수시채용(카지노/리조트),"게임, 사무/총무/법무, 여행/항공/숙박/레저, 요리/영양/제과제빵/바리스타, 재무/세무/IR",경력,정규직/계약직,인천,,2026-09-13,https://www.catch.co.kr/Comp/CompDetail/E82226/Recruit/569674,,2026-09-07 17:57:21
캐치,경북대학교병원,"2026년 9월 제1차 임시직원 채용 (간호조무사, 시설기술(건축), 원무(기계설비), 응급구조사, 의공직)","간호조무사, 건축/설계/인테리어, 의료기사, 의료직기타, 전기/소방/통신/안전",경력,계약직,대구,,2026-09-08,https://www.catch.co.kr/Comp/CompDetail/044837/Recruit/569673,,2026-09-07 17:57:21
캐치,88관광개발, 경리 채용,"경리/회계/결산, 재무/세무/IR",경력,정규직,경기,,2026-09-18,https://www.catch.co.kr/Comp/CompDetail/267201/Recruit/569672,,2026-09-07 17:57:21
캐치,한국능률협회컨설팅,HR컨설팅 프로젝트 운영지원 채용,"빅데이터/AI, 사무/총무/법무, 사무보조/문서작성",신입,계약직,서울,,2026-09-10,https://www.catch.co.kr/Comp/CompDetail/654370/Recruit/569671,,2026-09-07 17:57:21
캐치,아이엠증권,"iM증권 각 부문별(해외주식, 채권영업) 경력직 채용","고객관리/인바운드, 고객관리/인바운드/아웃바운드, 일반영업, 증권/투자/펀드/외환",경력,계약직,서울,,2026-09-13,https://www.catch.co.kr/Comp/CompDetail/126106/Recruit/569670,,2026-09-07 17:57:21
캐치,한국능률협회컨설팅,공공부문 (데이터 품질관리) 프로젝트 운영지원 채용,"사무/총무/법무, 사무보조/문서작성",신입,계약직,서울,,2026-09-11,https://www.catch.co.kr/Comp/CompDetail/654370/Recruit/569669,,2026-09-07 17:57:21
캐치,이랜드리테일,[이랜드리테일] 2026 이랜드리테일 신입사원 채용,영업관리/지원/영업기획,신입,정규직,서울,,2026-09-20,https://www.catch.co.kr/Comp/CompDetail/620106/Recruit/569668,,2026-09-07 17:57:21
캐치,KT 엔지니어링,미디어플랫폼 엔지니어 경력직 채용,"네트워크/서버/보안, 전기/소방/통신/안전, QA/테스트/검증",경력 1년↑,계약직,서울/경기,,2026-11-03,https://www.catch.co.kr/Comp/CompDetail/812153/Recruit/569667,,2026-09-07 17:57:21
캐치,컴투스,[야구 프로젝트] 애니메이터 (신입/5년 이상),"그래픽디자인/CG, 캐릭터/만화/애니",경력 5년↑,정규직,서울,,2026-11-02,https://www.catch.co.kr/Comp/CompDetail/126321/Recruit/569666,,2026-09-07 17:57:21
캐치,SM벡셀,[배터리사업부문] 기술연구소 개발2팀 신입사원 채용,"생산관리/공정관리/품질관리, 전기/전자/제어, ERP/시스템개발/설계",경력,기타,경북,,2026-09-13,https://www.catch.co.kr/Comp/CompDetail/385263/Recruit/569665,,2026-09-07 17:57:21
캐치,컴투스,[야구 프로젝트] UI디자이너 (3년 이상) 채용,"게임, HTML/퍼블리싱/UI개발",경력 3년↑,정규직,서울,,2026-11-02,https://www.catch.co.kr/Comp/CompDetail/126321/Recruit/569664,,2026-09-07 17:57:21
캐치,한국지식재산보호원,"2026년도 제9차 인력채용 (정규직, 전문계약직)","고객관리/인바운드, 기획/전략/경영, 사무/총무/법무, 사무보조/문서작성, 생산관리/공정관리/품질관리",경력,인턴/계약직,서울,,2026-09-18,https://www.catch.co.kr/Comp/CompDetail/HL3149/Recruit/569663,,2026-09-07 17:57:21
캐치,참빛속초도시가스,"신입사원채용(요금,경리)","경리/회계/결산, 사무/총무/법무, 재무/세무/IR",신입,정규직,강원,,2026-10-15,https://www.catch.co.kr/Comp/CompDetail/073398/Recruit/569662,,2026-09-07 17:57:21
캐치,HL로보틱스,'자율주행로봇 측위 S/W 개발' 경력직 채용,"기계설계/CAD/CAM, 응용프로그램개발",경력 2년↑,정규직,경기,,2026-09-20,https://www.catch.co.kr/Comp/CompDetail/A2146/Recruit/569661,,2026-09-07 17:57:21
캐치,한국지식재산보호원,"2026년도 제8차 인력채용 (기간제계약직, 체험형 청년인턴)","사무/총무/법무, 사무보조/문서작성, 재무/세무/IR",신입,인턴/계약직,서울,,2026-09-18,https://www.catch.co.kr/Comp/CompDetail/HL3149/Recruit/569660,,2026-09-07 17:57:21
캐치,KT클라우드,[kt cloud] 사무지원 계약직 (보훈) 채용,"경리/회계/결산, 사무/총무/법무, 사무보조/문서작성, 영업관리/지원/영업기획",경력,계약직,서울,,2026-09-20,https://www.catch.co.kr/Comp/CompDetail/OZ6344/Recruit/569659,,2026-09-07 17:57:21
캐치,한국산림복지진흥원,"2026년도 하반기 정규직(5급, 6급) 채용 #공채","교육기획/교재, 구매/자재/재고, 기획/전략/경영, 사무/총무/법무, 사무보조/문서작성, 인사/노무/교육, 재무/세무/IR, 전기/소방/통신/안전, 전기/전자/제어",신입,정규직,대전/부산/경기/강원/충남/충북/경북/경남/전북/전남광주,,2026-09-21,https://www.catch.co.kr/Comp/CompDetail/HP3659/Recruit/569658,,2026-09-07 17:57:21
캐치,동진쎄미켐,[9월 정기] 각 부문 인재 채용,"반도체/디스플레이, 법률/특허/상표, 생산관리/공정관리/품질관리, 시공/현장/감리/공무, 재무/세무/IR, 전기/소방/통신/안전, B2B영업/기술영업, ERP/시스템개발/설계",경력무관,정규직,경기/서울,,2026-09-10,https://www.catch.co.kr/Comp/CompDetail/355950/Recruit/569657,,2026-09-07 17:57:21
캐치,남양유업,[본사] CM팀(마케팅/상품기획) 경력사원 채용,"기획/전략/경영, 마케팅/PR/분석, 상품기획/MD",경력 5년↑,기타,서울,,2026-09-09,https://www.catch.co.kr/Comp/CompDetail/310018/Recruit/569655,,2026-09-07 17:57:21
캐치,한국원자력연구원,[2026년 9월 과학기술분야 정출연 공동채용] 한국원자력연구원 하반기 정규직 직원채용 #공채,"기계설계/CAD/CAM, 기획/전략/경영, 빅데이터/AI, 사무/총무/법무, 생산관리/공정관리/품질관리, 시설/보안/경비/안전, 응용프로그램개발, 전기/전자/제어, 화학/에너지/환경",경력,정규직,대전/경북/전북/부산,,2026-09-17,https://www.catch.co.kr/Comp/CompDetail/061331/Recruit/569653,,2026-09-07 17:57:21
캐치,세스코,시험분석 영업팀(팀장) 채용,"마케팅/PR/분석, 영업관리/지원/영업기획, 일반영업",경력 15년↑,정규직,서울,,2026-09-14,https://www.catch.co.kr/Comp/CompDetail/024171/Recruit/569651,,2026-09-07 17:57:21
캐치,세스코,위생인증 시험분석 채용,"바이오/제약/식품, 화학/에너지/환경",경력 2년↑,정규직,서울,,2026-09-10,https://www.catch.co.kr/Comp/CompDetail/024171/Recruit/569650,,2026-09-07 17:57:21
캐치,세스코,IoT 플랫폼 개발 리딩(백엔드/프론트엔드) 채용,"네트워크/서버/보안, 웹개발, 응용프로그램개발",경력 10년↑,정규직,서울,,2026-09-07,https://www.catch.co.kr/Comp/CompDetail/024171/Recruit/569649,,2026-09-07 17:57:21
캐치,세스코,IoT 통신/네트워크 검증 채용,"네트워크/서버/보안, 웹기획/PM/웹마케팅, QA/테스트/검증",경력 2년↑,정규직,서울,,2026-09-07,https://www.catch.co.kr/Comp/CompDetail/024171/Recruit/569648,,2026-09-07 17:57:21
캐치,유진테크,해외영업 경력 채용,"무역영업/해외영업, 영업관리/지원/영업기획, B2B영업/기술영업",경력 4~10년,기타,경기,,2026-09-30,https://www.catch.co.kr/Comp/CompDetail/177054/Recruit/569647,,2026-09-07 17:57:21
캐치,락앤락,[이천] 물류 관리 담당자 채용,"구매/자재/재고, 배송/택배/운전",경력무관,정규직,경기,,2026-11-02,https://www.catch.co.kr/Comp/CompDetail/381863/Recruit/569646,,2026-09-07 17:57:22
캐치,안다르,andar 컨텐츠 마케팅 담당자 신입-3년 채용,"기획/전략/경영, 마케팅/PR/분석, 재무/세무/IR, 콘텐츠/사이트운영",경력 3년↓,정규직,서울,,2026-09-13,https://www.catch.co.kr/Comp/CompDetail/HT2759/Recruit/569645,,2026-09-07 17:57:22
캐치,수행기사, [서면/삼정타워] 애니메이트 카페 주3-4일 스탭 (공고내용필독!),"요리/영양/제과제빵/바리스타, 판매/캐셔/매장관리",경력무관,계약직/기타,서울/부산,,2026-11-02,https://www.catch.co.kr/Comp/CompDetail/A39BC/Recruit/569644,,2026-09-07 17:57:22
캐치,태웅로직스,IT지원팀 경력직 채용,"네트워크/서버/보안, ERP/시스템개발/설계",경력 1~4년,정규직,서울,,2026-09-27,https://www.catch.co.kr/Comp/CompDetail/858897/Recruit/569643,,2026-09-07 17:57:22
캐치,수행기사, [약수역/ASAP] 대표이사 비서 경력직 채용 -자체계약직,사무/총무/법무,경력무관,계약직,서울,,2026-09-18,https://www.catch.co.kr/Comp/CompDetail/A39BC/Recruit/569642,,2026-09-07 17:57:22
캐치,태웅로직스,SCM영업팀 경력직 채용,"무역사무/수출입, 무역영업/해외영업, 배송/택배/운전",경력 3년↑,정규직,서울,,2026-09-27,https://www.catch.co.kr/Comp/CompDetail/858897/Recruit/569641,,2026-09-07 17:57:22
캐치,GS ITM,대외 SI/SM 사업 프로젝트 관리자(PM) / 개발자 채용,"기획/전략/경영, 네트워크/서버/보안, 웹개발, 웹기획/PM/웹마케팅, 응용프로그램개발",경력,정규직,서울/전국,,2026-09-18,https://www.catch.co.kr/Comp/CompDetail/385861/Recruit/569640,,2026-09-07 17:57:22
캐치,토니모리,화장품 BM(상품기획) 실장 채용,"기획/전략/경영, 마케팅/PR/분석, 상품기획/MD",경력 15년↑,정규직,서울,,2026-09-30,https://www.catch.co.kr/Comp/CompDetail/F03502/Recruit/569638,,2026-09-07 17:57:22
캐치,토니모리,퍼포먼스 마케팅 담당자 채용,마케팅/PR/분석,경력 2년↑,정규직,서울,,2026-09-30,https://www.catch.co.kr/Comp/CompDetail/F03502/Recruit/569637,,2026-09-07 17:57:22
캐치,한국전자통신연구원, [2026년 9월 과학기술분야 정출연 공동채용] 한국전자통신연구원 2027년 1차 정규직 및 실무직 공개채용 #공채,"기계설계/CAD/CAM, 기획/전략/경영, 네트워크/서버/보안, 반도체/디스플레이, 빅데이터/AI, 사무/총무/법무, 생산관리/공정관리/품질관리, 응용프로그램개발, 인사/노무/교육, 전기/소방/통신/안전, 전기/전자/제어, 통신기술/네트워크구축, ERP/시스템개발/설계",경력무관,정규직/계약직,대전/대구/전남광주/경기,,2026-09-17,https://www.catch.co.kr/Comp/CompDetail/053237/Recruit/569636,,2026-09-07 17:57:22
캐치,제우스,국내 장비 영업 담당자 채용,"영업관리/지원/영업기획, 일반영업, B2B영업/기술영업",경력 1~10년,정규직,경기,,2026-09-11,https://www.catch.co.kr/Comp/CompDetail/698792/Recruit/569635,,2026-09-07 17:57:22
캐치,수행기사,수행기사 채용 [분당구 이매동] 회장,배송/택배/운전,경력 5년↑,계약직/기타,서울/경기,,2026-10-03,https://www.catch.co.kr/Comp/CompDetail/A39BC/Recruit/569634,,2026-09-07 17:57:22
캐치,멀티캠퍼스,SSAFY직업상담사&운영자 채용 (계약직),헤드헌팅/노무/직업상담,경력 7년↓,계약직,서울/대전/광주/경북,,2026-09-09,https://www.catch.co.kr/Comp/CompDetail/145888/Recruit/569633,,2026-09-07 17:57:22
캐치,엔카닷컴,경영기획실 재무그룹장 (리더급) 채용,"경리/회계/결산, 기획/전략/경영, 재무/세무/IR",경력 7년↑,정규직,서울,,2026-09-14,https://www.catch.co.kr/Comp/CompDetail/L68231/Recruit/569632,,2026-09-07 17:57:22
캐치,환인제약,채용연계형 인턴(총무 부문) 채용,"사무/총무/법무, 사무보조/문서작성",신입,인턴,서울,,2026-09-13,https://www.catch.co.kr/Comp/CompDetail/355232/Recruit/569630,,2026-09-07 17:57:22
캐치,사조푸디스트,급식식재영업(세종) 신입/경력사원 모집,"일반영업, B2B영업/기술영업",경력,정규직,세종,,2026-09-09,https://www.catch.co.kr/Comp/CompDetail/JZ9295/Recruit/569629,,2026-09-07 17:57:22
캐치,한국알프스,2026년 [공인회계사(CPA)] 경력직/신입직 채용,"경리/회계/결산, 세무/회계/CPA, 재무/세무/IR",경력,기타,전남광주,,2026-09-13,https://www.catch.co.kr/Comp/CompDetail/387037/Recruit/569628,,2026-09-07 17:57:22
캐치,브레이브모바일,[숨고] IT Manager (계약직),네트워크/서버/보안,경력무관,계약직,서울,,2026-09-17,https://www.catch.co.kr/Comp/CompDetail/M40414/Recruit/569627,,2026-09-07 17:57:22
캐치,GC녹십자웰빙,안전관리(경력) 채용,"전기/소방/통신/안전, 화학/에너지/환경",경력 5년↑,정규직,충북,,2026-09-13,https://www.catch.co.kr/Comp/CompDetail/C27075/Recruit/569626,,2026-09-07 17:57:22
캐치,GC녹십자웰빙,병의원영업(MR)_충청(신입) 채용,"고객관리/인바운드, 영업관리/지원/영업기획, B2B영업/기술영업",신입,정규직,충남/충북/대전,,2026-09-13,https://www.catch.co.kr/Comp/CompDetail/C27075/Recruit/569625,,2026-09-07 17:57:22
캐치,안국약품,9월 신입 및 경력직 채용,"기획/전략/경영, 마케팅/PR/분석, 바이오/제약/식품, 배송/택배/운전, 빅데이터/AI, 사무/총무/법무, 생산/제조/설비/조립, 생산관리/공정관리/품질관리, 영업관리/지원/영업기획, 인사/노무/교육, 일반영업, B2B영업/기술영업",경력,정규직,경기/서울/인천/대전/전북/대구/경북,,2026-09-20,https://www.catch.co.kr/Comp/CompDetail/350630/Recruit/569624,,2026-09-07 17:57:22
캐치,GC녹십자웰빙,세미(종병)병원 영업_신입/경력 채용,"일반영업, B2B영업/기술영업",경력,정규직,경기/서울/인천,,2026-09-13,https://www.catch.co.kr/Comp/CompDetail/C27075/Recruit/569623,,2026-09-07 17:57:22
캐치,GC녹십자웰빙,"BD 사업개발(해외,국내)(경력) 채용","마케팅/PR/분석, 바이오/제약/식품, 사무/총무/법무",경력 2년↑,정규직,서울,,2026-09-13,https://www.catch.co.kr/Comp/CompDetail/C27075/Recruit/569621,,2026-09-07 17:57:22
캐치,한국알프스,2026년 [회계 직무] 경력직/신입직 채용,재무/세무/IR,경력,기타,전남광주,,2026-09-13,https://www.catch.co.kr/Comp/CompDetail/387037/Recruit/569620,,2026-09-07 17:57:22
캐치,트리플래닛,[트리플래닛] 2026년 하반기 교육경험파트 채용,"교육기획/교재, 마케팅/PR/분석",경력,정규직,서울,,2026-09-18,https://www.catch.co.kr/Comp/CompDetail/AC914/Recruit/569618,,2026-09-07 17:57:22
캐치,현대해상화재보험,2026년 하반기 경력직 채용 #공채,"기획/전략/경영, 네트워크/서버/보안, 법률/특허/상표, 사무/총무/법무, 설문/통계/리서치, 영업관리/지원/영업기획, 인사/노무/교육, 재무/세무/IR, 증권/투자/펀드/외환, 채권/보험/보상/심사",경력 2년↑,정규직/계약직,서울/인천/경기/충북/충남/강원/부산/대구/울산/경북/경남/전남광주/전북/전국,,2026-09-14,https://www.catch.co.kr/Comp/CompDetail/870102/Recruit/569616,,2026-09-07 17:57:22
캐치,제이에이에스,인천공항/김포공항 지상조업 안전순찰담당자 채용 (경력),시설/보안/경비/안전,경력 7년↑,정규직/계약직,인천/서울,,2026-09-20,https://www.catch.co.kr/Comp/CompDetail/167389/Recruit/569615,,2026-09-07 17:57:22
캐치,사조푸디스트,[사조푸디스트(주)/합정] 안전관리자 경력사원 모집,전기/소방/통신/안전,경력,정규직,서울,,2026-09-09,https://www.catch.co.kr/Comp/CompDetail/JZ9295/Recruit/569614,,2026-09-07 17:57:22
캐치,악사손해보험,CoE TF팀 고객 타겟팅 담당자 채용,"기획/전략/경영, 빅데이터/AI, 영업관리/지원/영업기획",경력 8년↑,정규직,서울,,2026-09-13,https://www.catch.co.kr/Comp/CompDetail/158989/Recruit/569613,,2026-09-07 17:57:22
캐치,제이에이에스,김해공항 지상조업 신입/경력 채용,"여행/항공/숙박/레저, 전기/소방/통신/안전",경력,정규직/계약직,부산,,2026-09-20,https://www.catch.co.kr/Comp/CompDetail/167389/Recruit/569612,,2026-09-07 17:57:22
캐치,트리플래닛,[트리플래닛] 2026년 하반기 사업개발파트 채용,기획/전략/경영,경력,정규직,서울,,2026-09-18,https://www.catch.co.kr/Comp/CompDetail/AC914/Recruit/569611,,2026-09-07 17:57:23
캐치,케이에스에스해운,(주)KSS해운 회계부문 채용,"경리/회계/결산, 재무/세무/IR",경력,정규직,서울,,2026-09-14,https://www.catch.co.kr/Comp/CompDetail/720410/Recruit/569610,,2026-09-07 17:57:23
캐치,히타치하이테크코리아,2026년 11월 수시채용 (신입/경력),"경리/회계/결산, 반도체/디스플레이, 사무/총무/법무, 생산관리/공정관리/품질관리, 영업관리/지원/영업기획, 재무/세무/IR, 전기/전자/제어, B2B영업/기술영업",경력 4년↑,정규직,경기,,2026-09-15,https://www.catch.co.kr/Comp/CompDetail/380165/Recruit/569609,,2026-09-07 17:57:23
캐치,제일패션리테일,전국 에잇세컨즈 신입 FA 채용,"고객관리/인바운드, 판매/캐셔/매장관리",신입,계약직,서울/인천/경기/부산/울산/경남/전남광주/충북/제주,,2026-09-09,https://www.catch.co.kr/Comp/CompDetail/H79395/Recruit/569608,,2026-09-07 17:57:23
캐치,현대위아,[계약직] 물리보안 운영 담당자 채용,"네트워크/서버/보안, 시설/보안/경비/안전",경력,계약직,경남,,2026-09-16,https://www.catch.co.kr/Comp/CompDetail/380962/Recruit/569607,,2026-09-07 17:57:23
캐치,NHN클라우드,[NHN Cloud] 인프라 데브옵스 엔지니어,ERP/시스템개발/설계,경력 5년↑,정규직,경기,,2026-11-02,https://www.catch.co.kr/Comp/CompDetail/OZ4529/Recruit/569606,,2026-09-07 17:57:23
캐치,오토닉스,[영업] 해외영업 담당자(스페인어·포르투갈어 우대) 채용 - 신입/경력 무관,무역영업/해외영업,경력무관,정규직,서울,,2026-11-02,https://www.catch.co.kr/Comp/CompDetail/451312/Recruit/569605,,2026-09-07 17:57:23
캐치,코스맥스,생산기술팀(기계) 신입 및 경력사원 채용,전기/소방/통신/안전,경력,정규직,경기,,2026-09-30,https://www.catch.co.kr/Comp/CompDetail/L58815/Recruit/569604,,2026-09-07 17:57:23
캐치,코스맥스,생산팀(충진보조) 계약직 채용,생산/제조/설비/조립,신입,계약직,경기,,2026-10-29,https://www.catch.co.kr/Comp/CompDetail/L58815/Recruit/569603,,2026-09-07 17:57:23
캐치,케이뱅크,취약점 관리 체계 운영 담당자 채용,네트워크/서버/보안,경력 3년↑,정규직,서울,,2026-09-13,https://www.catch.co.kr/Comp/CompDetail/HM3351/Recruit/569602,,2026-09-07 17:57:23
캐치,HJ중공업,"[건설부문] 계약직 채용 (토목, 안전분야)","생산관리/공정관리/품질관리, 시공/현장/감리/공무, 시설/보안/경비/안전, 전기/소방/통신/안전, 토목/조경/도시/측량",경력,계약직,부산/전국,,2026-09-14,https://www.catch.co.kr/Comp/CompDetail/492466/Recruit/569601,,2026-09-07 17:57:23
캐치,케이뱅크,기업 여신 정책/심사 기획 및 운영 담당자 채용,증권/투자/펀드/외환,경력 2년↑,정규직,서울,,2026-09-13,https://www.catch.co.kr/Comp/CompDetail/HM3351/Recruit/569600,,2026-09-07 17:57:23
캐치,김앤장법률사무소,지식재산권 부문 수시 채용,"사무/총무/법무, 사무보조/문서작성",신입,기타,서울,,2026-09-20,https://www.catch.co.kr/Comp/CompDetail/A0060/Recruit/569599,,2026-09-07 17:57:23
캐치,에프앤에프,마케팅본부 MLBKIDS 마케팅팀 콘텐츠 마케팅 경력직 채용,"광고제작/카피/CF, 기획/전략/경영, 마케팅/PR/분석",경력 4~8년,정규직,서울,,2026-09-20,https://www.catch.co.kr/Comp/CompDetail/NZ2988/Recruit/569598,,2026-09-07 17:57:23
캐치,대원제약,2026 DNA채용 (수시채용),"광고/시각디자인, 그래픽디자인/CG, 네트워크/서버/보안, 마케팅/PR/분석, 무역영업/해외영업, 바이오/제약/식품, 배송/택배/운전, 생산관리/공정관리/품질관리, 약사/한약사/약무보조, 영업관리/지원/영업기획, 전기/소방/통신/안전, 화학/에너지/환경",경력,정규직/계약직,서울/경기/충북,,2026-09-16,https://www.catch.co.kr/Comp/CompDetail/351610/Recruit/569597,,2026-09-07 17:57:23
캐치,원익머트리얼즈,각 부문 신입/경력 채용 (~9/16),"기계설계/CAD/CAM, 사무/총무/법무, 생산/제조/설비/조립, 생산관리/공정관리/품질관리, 자동차/조선/기계, 전기/전자/제어",경력,정규직,충북/세종,,2026-09-16,https://www.catch.co.kr/Comp/CompDetail/479762/Recruit/569596,,2026-09-07 17:57:23
캐치,세아제강,2026년 본사 사무행정직(계약) 채용,무역사무/수출입,신입,계약직,서울,,2026-09-09,https://www.catch.co.kr/Comp/CompDetail/JG4190/Recruit/569595,,2026-09-07 17:57:23
캐치,범한메카텍,발전 기자재 제작/사업관리 경력사원 채용,"사무/총무/법무, 생산관리/공정관리/품질관리, 재무/세무/IR",경력 3년↑,기타,경남,,2026-09-16,https://www.catch.co.kr/Comp/CompDetail/HQ7187/Recruit/569593,,2026-09-07 17:57:23
캐치,BGF리테일,점포개발(SP) 경력사원 공개채용,"영업관리/지원/영업기획, 판매/캐셔/매장관리",경력 2년↑,정규직,서울/전국,,2026-09-30,https://www.catch.co.kr/Comp/CompDetail/IV6821/Recruit/569592,,2026-09-07 17:57:23
캐치,바이오노트,[정규직/3-6년차] 9월_재무팀 자금관리 담당자 인재채용,"사무/총무/법무, 재무/세무/IR",경력 3~6년,정규직,경기,,2026-09-13,https://www.catch.co.kr/Comp/CompDetail/383136/Recruit/569591,,2026-09-07 17:57:23
캐치,볼보그룹코리아,기계조립 신입사원 채용,"기계설계/CAD/CAM, 생산/제조/설비/조립, 자동차/조선/기계, AS/서비스/수리",신입,정규직,경남,,2026-09-18,https://www.catch.co.kr/Comp/CompDetail/922641/Recruit/569590,,2026-09-07 17:57:23
캐치,NHN클라우드,[NHN Cloud] 클라우드 인프라 엔지니어(컴퓨팅),ERP/시스템개발/설계,경력 3~10년,정규직,경기,,2026-11-02,https://www.catch.co.kr/Comp/CompDetail/OZ4529/Recruit/569589,,2026-09-07 17:57:23
캐치,바이오노트,[기술직 계약직/경력무관] 9월_물류 자재팀 인재채용,"구매/자재/재고, 배송/택배/운전",경력무관,계약직,경기,,2026-09-09,https://www.catch.co.kr/Comp/CompDetail/383136/Recruit/569588,,2026-09-07 17:57:23
캐치,마이크로웍스,"2026년 EM(기계, 건축), HR 경력 구성원 채용","건축/설계/인테리어, 기계설계/CAD/CAM, 인사/노무/교육, 자동차/조선/기계, 전기/소방/통신/안전",경력,정규직/계약직,충북/경북,,2026-09-13,https://www.catch.co.kr/Comp/CompDetail/RH1006/Recruit/569587,,2026-09-07 17:57:23
캐치,광동제약,"커뮤니케이션팀(언론, 홍보) 신입 및 경력직원 (계약직) 채용",마케팅/PR/분석,경력,계약직,경기,,2026-09-13,https://www.catch.co.kr/Comp/CompDetail/350524/Recruit/569586,,2026-09-07 17:57:23
캐치,111퍼센트,[스팀(Steam)] 2D 그래픽 디자이너 채용,"게임, 그래픽디자인/CG",경력 3년↑,정규직,제주/서울,,2026-11-02,https://www.catch.co.kr/Comp/CompDetail/HJ7103/Recruit/569585,,2026-09-07 17:57:23
캐치,경신,2026년 부품금형개발팀 계약직 채용,"생산/제조/설비/조립, 생산관리/공정관리/품질관리",경력무관,계약직,인천,,2026-09-13,https://www.catch.co.kr/Comp/CompDetail/385379/Recruit/569583,,2026-09-07 17:57:23
캐치,111퍼센트,[스팀(Steam)] UI/UX 디자이너 채용,"게임, HTML/퍼블리싱/UI개발",경력 3년↑,정규직,제주/서울,,2026-11-02,https://www.catch.co.kr/Comp/CompDetail/HJ7103/Recruit/569582,,2026-09-07 17:57:23
캐치,제이에스알마이크로코리아,EHS팀(안전환경 담당) 경력사원 모집,전기/소방/통신/안전,경력 3년↑,정규직,충북,,2026-09-20,https://www.catch.co.kr/Comp/CompDetail/217556/Recruit/569581,,2026-09-07 17:57:23
캐치,HD현대사이트솔루션,해외선적업무 기간제 채용 (분당/GRC),"무역사무/수출입, 무역영업/해외영업, 배송/택배/운전",경력,계약직,경기,,2026-09-13,https://www.catch.co.kr/Comp/CompDetail/MC7192/Recruit/569580,,2026-09-07 17:57:23
캐치,111퍼센트,[스팀(Steam)] 이펙터 채용,"게임, 그래픽디자인/CG",경력 3년↑,정규직,제주/서울,,2026-11-02,https://www.catch.co.kr/Comp/CompDetail/HJ7103/Recruit/569579,,2026-09-07 17:57:24
캐치,대웅,IP팀 경력직 채용 (~09/16),"바이오/제약/식품, 사무/총무/법무",경력 5년↑,정규직,서울,,2026-09-16,https://www.catch.co.kr/Comp/CompDetail/350567/Recruit/569578,,2026-09-07 17:57:24
캐치,111퍼센트,[스팀(Steam)] 2D/3D 애니메이터 채용,"그래픽디자인/CG, 캐릭터/만화/애니",경력 3년↑,정규직,제주/서울,,2026-11-02,https://www.catch.co.kr/Comp/CompDetail/HJ7103/Recruit/569577,,2026-09-07 17:57:24
캐치,111퍼센트,밸런싱 기획자 채용,게임,경력 3년↑,정규직,서울,,2026-11-02,https://www.catch.co.kr/Comp/CompDetail/HJ7103/Recruit/569576,,2026-09-07 17:57:24
캐치,메리츠화재해상보험,2026년 메리츠화재 IT 팀 경력직 채용,"네트워크/서버/보안, 빅데이터/AI, 웹개발, DBA/데이터베이스, ERP/시스템개발/설계",경력,정규직,서울,,2026-09-08,https://www.catch.co.kr/Comp/CompDetail/870129/Recruit/569575,,2026-09-07 17:57:24
캐치,111퍼센트,2D 게임 그래픽 디자이너 채용,"게임, 그래픽디자인/CG",경력 1년↑,정규직,서울,,2026-11-02,https://www.catch.co.kr/Comp/CompDetail/HJ7103/Recruit/569574,,2026-09-07 17:57:24
캐치,111퍼센트,UA 크리에이티브 채용,"게임, 콘텐츠/사이트운영",경력 3년↑,정규직,서울,,2026-11-02,https://www.catch.co.kr/Comp/CompDetail/HJ7103/Recruit/569573,,2026-09-07 17:57:24
캐치,대웅,GHR 운영 채용 (~9/16) ,인사/노무/교육,경력 5년↑,정규직,서울,,2026-09-16,https://www.catch.co.kr/Comp/CompDetail/350567/Recruit/569572,,2026-09-07 17:57:24
캐치,대웅,[대웅/제약] 인사 팀장 (그룹 관계사·계열사 담당) 채용 (~9/13),인사/노무/교육,경력 8년↑,정규직,서울,,2026-09-13,https://www.catch.co.kr/Comp/CompDetail/350567/Recruit/569571,,2026-09-07 17:57:24
캐치,제이에스알마이크로코리아,전자재료본부 각 부문 신입·경력사원 채용 모집,"생산/제조/설비/조립, 생산관리/공정관리/품질관리",경력무관,정규직,충북,,2026-09-20,https://www.catch.co.kr/Comp/CompDetail/217556/Recruit/569570,,2026-09-07 17:57:24
캐치,코오롱인더스트리,2026년 여수공장 생산교대원 신입 사원 채용,"생산/제조/설비/조립, 생산관리/공정관리/품질관리",신입,인턴,전남,,2026-09-17,https://www.catch.co.kr/Comp/CompDetail/F03302/Recruit/569569,,2026-09-07 17:57:24
캐치,GC녹십자,2026년 3Q 경력직/계약직 채용,"기획/전략/경영, 네트워크/서버/보안, 바이오/제약/식품, 빅데이터/AI, 사무/총무/법무, 생산관리/공정관리/품질관리, 약사/한약사/약무보조, 인사/노무/교육, 재무/세무/IR, 전기/소방/통신/안전, 전기/전자/제어",경력,정규직/계약직,경기/충북,,2026-09-13,https://www.catch.co.kr/Comp/CompDetail/355399/Recruit/569568,,2026-09-07 17:57:24
캐치,나이스디앤비,[NICE디앤비] ESG 안전 컨설팅 (경력 3년 이상),"경영분석/컨설턴트, 교육기획/교재, 기획/전략/경영, 마케팅/PR/분석, 전기/소방/통신/안전",경력 3년↑,정규직,서울,,2026-09-16,https://www.catch.co.kr/Comp/CompDetail/232765/Recruit/569567,,2026-09-07 17:57:24
캐치,대웅,재무팀 경력직 채용 (~9/15),재무/세무/IR,경력 3~4년,정규직,서울,,2026-09-15,https://www.catch.co.kr/Comp/CompDetail/350567/Recruit/569566,,2026-09-07 17:57:24
캐치,대웅,건기식 상품개발 담당 경력직 채용 (~9/15),"마케팅/PR/분석, 상품기획/MD",경력 5년↑,정규직,서울,,2026-09-15,https://www.catch.co.kr/Comp/CompDetail/350567/Recruit/569565,,2026-09-07 17:57:24
캐치,주택관리공단,[긴급] 대구경북지사 채용형인턴(대구권_기술직) 채용,"사무/총무/법무, 전기/소방/통신/안전",신입,인턴,대구,,2026-09-10,https://www.catch.co.kr/Comp/CompDetail/133705/Recruit/569564,,2026-09-07 17:57:24
캐치,동원시스템즈,이천사업장 알루미늄 캔/엔드 품질관리 경력 채용,"생산관리/공정관리/품질관리, 전기/전자/제어",경력 2년↑,정규직,경기,,2026-09-20,https://www.catch.co.kr/Comp/CompDetail/388742/Recruit/569563,,2026-09-07 17:57:24
캐치,한화에어로스페이스,항공사업부 SW 품질보증(SQA) 경력사원 수시채용 ,QA/테스트/검증,경력 6년↑,정규직,경남,,2026-09-13,https://www.catch.co.kr/Comp/CompDetail/380784/Recruit/569562,,2026-09-07 17:57:24
캐치,동원시스템즈,2차전지 양극박/코팅박 품질관리 경력 채용,"생산관리/공정관리/품질관리, 전기/전자/제어",경력 4년↑,정규직,충남,,2026-09-20,https://www.catch.co.kr/Comp/CompDetail/388742/Recruit/569561,,2026-09-07 17:57:24
캐치,동원산업,센터운영파트 시화물류센터 전기안전관리자 채용,"전기/소방/통신/안전, 전기/전자/제어",경력 1년↑,계약직,경기,,2026-11-02,https://www.catch.co.kr/Comp/CompDetail/100030/Recruit/569560,,2026-09-07 17:57:24
캐치,동원산업,가공유통사업부 대리점 경로 영업 채용,"영업관리/지원/영업기획, 일반영업",경력 2년↑,계약직,서울,,2026-11-02,https://www.catch.co.kr/Comp/CompDetail/100030/Recruit/569558,,2026-09-07 17:57:24
캐치,한국산업기술시험원, 2026년 제약/시험인증/의료기기/반도체/산업안전보건 분야 교육생 모집,"바이오/제약/식품, 약사/한약사/약무보조, 전기/소방/통신/안전",경력무관,교육생,서울,,2026-09-13,https://www.catch.co.kr/Comp/CompDetail/481812/Recruit/569557,,2026-09-07 17:57:24
캐치,대웅제약,[대웅] IP팀 팀원 채용 (~9/16),"바이오/제약/식품, 사무/총무/법무",경력 3년↑,정규직,서울,,2026-09-16,https://www.catch.co.kr/Comp/CompDetail/208595/Recruit/569556,,2026-09-07 17:57:24
캐치,대웅,임상개발담당 경력직 채용(~09/13),바이오/제약/식품,경력 3년↑,정규직,서울,,2026-09-13,https://www.catch.co.kr/Comp/CompDetail/350567/Recruit/569555,,2026-09-07 17:57:24
캐치,동원산업,가공유통사업부 마케터 (PM) 채용,마케팅/PR/분석,경력 2년↑,기타,서울,,2026-11-02,https://www.catch.co.kr/Comp/CompDetail/100030/Recruit/569554,,2026-09-07 17:57:24
캐치,대웅,인사쉐어드2팀 보상담당자 채용 (~9/16),인사/노무/교육,경력 5년↑,정규직,서울,,2026-09-16,https://www.catch.co.kr/Comp/CompDetail/350567/Recruit/569552,,2026-09-07 17:57:24
캐치,대웅,Market access팀 팀원 채용 (9/17),"구매/자재/재고, 기획/전략/경영",경력 3년↑,정규직,서울,,2026-09-17,https://www.catch.co.kr/Comp/CompDetail/350567/Recruit/569551,,2026-09-07 17:57:24
캐치,DB하이텍,법무 담당자 경력(계약직) 채용,사무/총무/법무,경력,계약직,경기,,2026-09-10,https://www.catch.co.kr/Comp/CompDetail/350354/Recruit/569550,,2026-09-07 17:57:24
캐치,대웅,준법경영본부 정보보호팀장 채용 (~9/30),네트워크/서버/보안,경력 10년↑,정규직,서울,,2026-09-30,https://www.catch.co.kr/Comp/CompDetail/350567/Recruit/569549,,2026-09-07 17:57:24
캐치,두산모빌리티이노베이션,생산기술 경력직 채용,"생산/제조/설비/조립, 생산관리/공정관리/품질관리, 자동차/조선/기계, 전기/소방/통신/안전",경력 2~4년,정규직,경기,,2026-09-20,https://www.catch.co.kr/Comp/CompDetail/IG0390/Recruit/569548,,2026-09-07 17:57:24
캐치,이마트,이마트에브리데이 변호사 경력사원 채용,"법률/특허/상표, 사무/총무/법무",경력,기타,서울,,2026-09-14,https://www.catch.co.kr/Comp/CompDetail/H32072/Recruit/569547,,2026-09-07 17:57:25
캐치,아진산업,2026년 하반기 신입(채용연계형인턴)/경력 공개채용 #공채,"경리/회계/결산, 구매/자재/재고, 기계설계/CAD/CAM, 기획/전략/경영, 생산관리/공정관리/품질관리, 영업관리/지원/영업기획, 자동차/조선/기계, 재무/세무/IR, 전기/소방/통신/안전, 전기/전자/제어",경력,정규직/인턴,경북,,2026-09-14,https://www.catch.co.kr/Comp/CompDetail/382280/Recruit/569546,,2026-09-07 17:57:25
캐치,조선호텔앤리조트,RM 경력 채용,"기획/전략/경영, 마케팅/PR/분석, 빅데이터/AI",경력 1년↑,정규직,서울,,2026-09-22,https://www.catch.co.kr/Comp/CompDetail/630306/Recruit/569545,,2026-09-07 17:57:25
캐치,한국생명공학연구원,[2026년 9월 과학기술분야 정출연 공동채용] 한국생명공학연구원 3차 정규직 공동채용,"기획/전략/경영, 마케팅/PR/분석, 바이오/제약/식품, 빅데이터/AI, 사무/총무/법무, 인사/노무/교육, 재무/세무/IR, 전기/소방/통신/안전, 전기/전자/제어",경력,정규직/계약직,대전/충북/전북,,2026-09-17,https://www.catch.co.kr/Comp/CompDetail/061345/Recruit/569544,,2026-09-07 17:57:25
캐치,포스코플로우,"2026년 하반기 경력사원 채용 (정보보안, ESG, CSU하역운전) #공채","네트워크/서버/보안, 생산관리/공정관리/품질관리, 화물/중장비, 화학/에너지/환경",경력 3년↑,정규직/계약직,전남광주/서울,,2026-09-16,https://www.catch.co.kr/Comp/CompDetail/099832/Recruit/569543,,2026-09-07 17:57:25
캐치,케이씨이노베이션,[신입/경력] CS 담당(고덕) 채용,"자동차/조선/기계, 전기/전자/제어, AS/서비스/수리",경력,정규직,경기,,2026-11-02,https://www.catch.co.kr/Comp/CompDetail/037266/Recruit/569542,,2026-09-07 17:57:25
캐치,포스코플로우,"2026년 하반기 신입사원 채용 (물류운영/설비관리, CSU하역운전) #공채","배송/택배/운전, 생산관리/공정관리/품질관리, 전기/소방/통신/안전",신입,정규직,전남광주,,2026-09-16,https://www.catch.co.kr/Comp/CompDetail/099832/Recruit/569540,,2026-09-07 17:57:25
캐치,삼아알미늄,생산직 신입사원 (정규직) 채용,"생산/제조/설비/조립, 생산관리/공정관리/품질관리",신입,정규직,경기,,2026-09-30,https://www.catch.co.kr/Comp/CompDetail/370355/Recruit/569539,,2026-09-07 17:57:25
캐치,신세계,내부회계관리 계약직 채용,재무/세무/IR,경력 2년↑,계약직,서울,,2026-09-10,https://www.catch.co.kr/Comp/CompDetail/620084/Recruit/569538,,2026-09-07 17:57:25
캐치,모나용평,2026년 신입/경력사원 채용,"기획/전략/경영, 여행/항공/숙박/레저, 영업관리/지원/영업기획, 요리/영양/제과제빵/바리스타, 전기/소방/통신/안전",경력,정규직,강원/충남/서울,,2026-09-15,https://www.catch.co.kr/Comp/CompDetail/134401/Recruit/569537,,2026-09-07 17:57:25
캐치,세람저축은행,2026년도 소비자금융직 채용,"고객관리/인바운드, 사무/총무/법무, 채권/보험/보상/심사",신입,계약직,경기,,2026-09-13,https://www.catch.co.kr/Comp/CompDetail/881635/Recruit/569536,,2026-09-07 17:57:25
캐치,KCC,도료 기술지원 담당 촉탁 채용,생산관리/공정관리/품질관리,신입,계약직,울산,,2026-10-31,https://www.catch.co.kr/Comp/CompDetail/500062/Recruit/569535,,2026-09-07 17:57:25
캐치,KCC,울산공장 도료 색상운영 담당 촉탁 채용,"생산/제조/설비/조립, 영업관리/지원/영업기획, 화학/에너지/환경",신입,계약직,울산,,2026-10-31,https://www.catch.co.kr/Comp/CompDetail/500062/Recruit/569534,,2026-09-07 17:57:25
캐치,교보악사자산운용,채권운용본부 신입사원 채용,"기획/전략/경영, 마케팅/PR/분석, 설문/통계/리서치",신입,기타,서울,,2026-09-13,https://www.catch.co.kr/Comp/CompDetail/812960/Recruit/569533,,2026-09-07 17:57:25
캐치,현대엘리베이터,엘리베이터 전장개발 경력 채용,"네트워크/서버/보안, 응용프로그램개발, 전기/전자/제어, ERP/시스템개발/설계",경력,정규직,서울,,2026-10-05,https://www.catch.co.kr/Comp/CompDetail/380229/Recruit/569532,,2026-09-07 17:57:25
캐치,CJ푸드빌,[CJ푸드빌] 베이커리 점포운영 점장,외식/식음료,경력 3년↑,정규직,서울,,2026-09-16,https://www.catch.co.kr/Comp/CompDetail/145104/Recruit/569531,,2026-09-07 17:57:25
캐치,비상교육,[디자인] UX 리서처 채용,"설문/통계/리서치, 웹기획/PM/웹마케팅, QA/테스트/검증",경력 2년↑,정규직,경기,,2026-11-02,https://www.catch.co.kr/Comp/CompDetail/277709/Recruit/569530,,2026-09-07 17:57:25
캐치,현대성우캐스팅,중앙연구소(분당) 부품설계/개발 경력 채용,"기계설계/CAD/CAM, 응용프로그램개발, 자동차/조선/기계, 전기/전자/제어",경력,기타,경기,,2026-09-16,https://www.catch.co.kr/Comp/CompDetail/HC9512/Recruit/569529,,2026-09-07 17:57:25
캐치,SK가스,2026년 하반기 울산기지 신입 운영원 채용,"구매/자재/재고, 전기/소방/통신/안전",신입,정규직,울산,,2026-09-14,https://www.catch.co.kr/Comp/CompDetail/400122/Recruit/569528,,2026-09-07 17:57:25
캐치,현대성우캐스팅,포항공장 환경안전팀 신입/경력 채용,전기/소방/통신/안전,경력 10년↓,기타,경북,,2026-09-13,https://www.catch.co.kr/Comp/CompDetail/HC9512/Recruit/569527,,2026-09-07 17:57:25
캐치,SK텔레콤,GEO & 브랜드 검색광고 담당자 채용,"콘텐츠/사이트운영, HTML/퍼블리싱/UI개발",신입,계약직,서울,,2026-09-08,https://www.catch.co.kr/Comp/CompDetail/810185/Recruit/569526,,2026-09-07 17:57:25
캐치,SK플라즈마,전략기획팀장 채용,기획/전략/경영,경력 10년↑,정규직,경기,,2026-09-15,https://www.catch.co.kr/Comp/CompDetail/CR4695/Recruit/569525,,2026-09-07 17:57:25
캐치,SK플라즈마,임상개발 경력 구성원 채용,"바이오/제약/식품, 사무/총무/법무",경력 3년↑,정규직,경기,,2026-09-13,https://www.catch.co.kr/Comp/CompDetail/CR4695/Recruit/569524,,2026-09-07 17:57:25
캐치,모두의연구소,[모두의연구소] 기업이 원하는 ‘AI 활용 경험’ 만드는 법! 아이펠 AI 에이전트 트랙 3기!,"마케팅/PR/분석, 인사/노무/교육, 일반영업",경력무관,교육생,서울,,2026-10-16,https://www.catch.co.kr/Comp/CompDetail/HL2817/Recruit/569523,,2026-09-07 17:57:25
캐치,SK플라즈마,개발전략 경력 구성원 채용,"기획/전략/경영, 바이오/제약/식품",경력 9년↑,정규직,경기,,2026-09-13,https://www.catch.co.kr/Comp/CompDetail/CR4695/Recruit/569522,,2026-09-07 17:57:25
캐치,SK케미칼,[GC] 울산공장 전기/계장 담당 경력 구성원 채용,"전기/소방/통신/안전, 전기/전자/제어",경력 4년↑,정규직,울산,,2026-09-16,https://www.catch.co.kr/Comp/CompDetail/IW7328/Recruit/569521,,2026-09-07 17:57:25
캐치,SK케미칼,청주공장 의약품 포장공정 계약직 채용 (신입/경력),"생산/제조/설비/조립, 생산관리/공정관리/품질관리, 포장/가공",경력,계약직,충북,,2026-09-13,https://www.catch.co.kr/Comp/CompDetail/IW7328/Recruit/569520,,2026-09-07 17:57:25
캐치,린데코리아,제조운영부문 Project Engineering Team Instrument Engineer 정규직 채용,"전기/전자/제어, 환경/플랜트",경력 3~9년,정규직,경기,,2026-09-16,https://www.catch.co.kr/Comp/CompDetail/353060/Recruit/569519,,2026-09-07 17:57:25
캐치,현대자동차,[계약직] CS강사 채용,교육기획/교재,경력 1년↑,계약직,서울,,2026-09-15,https://www.catch.co.kr/Comp/CompDetail/380954/Recruit/569518,,2026-09-07 17:57:25
캐치,현대자동차,[계약직] 행정지원(장애인 제한경쟁) 채용,"경리/회계/결산, 사무/총무/법무, 사무보조/문서작성",경력,계약직,경기,,2026-09-14,https://www.catch.co.kr/Comp/CompDetail/380954/Recruit/569517,,2026-09-07 17:57:25
캐치,현대자동차,[계약직] 시험정비(경쟁차 운영) 채용,AS/서비스/수리,경력,계약직,경기,,2026-09-21,https://www.catch.co.kr/Comp/CompDetail/380954/Recruit/569516,,2026-09-07 17:57:26
캐치,현대자동차,[계약직] 수소충전소 안전관리 채용,전기/소방/통신/안전,경력,계약직,경기,,2026-09-21,https://www.catch.co.kr/Comp/CompDetail/380954/Recruit/569515,,2026-09-07 17:57:26
캐치,현대자동차,[계약직] 파이롯트센터 행정지원 (장애인 제한경쟁) 채용,"경리/회계/결산, 사무/총무/법무, 사무보조/문서작성, 인사/노무/교육, 재무/세무/IR",경력,계약직,경기,,2026-09-16,https://www.catch.co.kr/Comp/CompDetail/380954/Recruit/569514,,2026-09-07 17:57:26
캐치,SK에코플랜트,'26년 9월 건축사업 공사(건축) 경력직(촉탁직) 채용,"건축/설계/인테리어, 시공/현장/감리/공무",경력 5년↑,계약직,서울/전국,,2026-09-27,https://www.catch.co.kr/Comp/CompDetail/500283/Recruit/569513,,2026-09-07 17:57:26
캐치,교보악사자산운용,채권운용본부 대리-차장급 채용 (기간연장),"마케팅/PR/분석, 설문/통계/리서치, 증권/투자/펀드/외환",경력,기타,서울,,2026-09-13,https://www.catch.co.kr/Comp/CompDetail/812960/Recruit/569512,,2026-09-07 17:57:26
캐치,아이지이,SHE 경력 구성원 채용,전기/소방/통신/안전,경력 4~9년,정규직,인천,,2026-09-13,https://www.catch.co.kr/Comp/CompDetail/NQ6621/Recruit/569511,,2026-09-07 17:57:26
캐치,위아마그나파워트레인,'26년 재무 부문 채용,재무/세무/IR,신입,정규직,충남,,2026-12-30,https://www.catch.co.kr/Comp/CompDetail/C83529/Recruit/569510,,2026-09-07 17:57:26
캐치,신영증권,리스크심사팀 경력직원 채용,"경영분석/컨설턴트, 재무/세무/IR, 증권/투자/펀드/외환",경력 4년↑,정규직,서울,,2026-09-27,https://www.catch.co.kr/Comp/CompDetail/860336/Recruit/569509,,2026-09-07 17:57:26
캐치,신영자산운용,2026년 경력 직원 채용(채권운용본부 / ~9.13),증권/투자/펀드/외환,경력,정규직,서울,,2026-09-13,https://www.catch.co.kr/Comp/CompDetail/832588/Recruit/569508,,2026-09-07 17:57:26
캐치,미리디,[미리디] AX 엔지니어 - Infra (AX Engineer - Infra),"웹개발, 응용프로그램개발, DBA/데이터베이스",경력무관,계약직,서울,,2026-11-03,https://www.catch.co.kr/Comp/CompDetail/C73017/Recruit/569507,,2026-09-07 17:57:26
캐치,SIMPAC,[SIMPAC 아뜰리에] 퍼퓨머에이치(Perfumer H) 향수 큐레이터(Scent Curator) 채용,"고객관리/인바운드, 구매/자재/재고, 마케팅/PR/분석, 판매/캐셔/매장관리, 화학/에너지/환경",경력무관,계약직,서울,,2026-10-02,https://www.catch.co.kr/Comp/CompDetail/381497/Recruit/569506,,2026-09-07 17:57:26
캐치,카카오헬스케어,[경력] Performance Marketer 채용,마케팅/PR/분석,경력 5년↑,정규직,경기,,2026-11-02,https://www.catch.co.kr/Comp/CompDetail/OY6276/Recruit/569505,,2026-09-07 17:57:26
캐치,슈프리마,각 부문별 채용,"구매/자재/재고, 기획/전략/경영, 네트워크/서버/보안, 무역영업/해외영업, 빅데이터/AI, 웹기획/PM/웹마케팅, B2B영업/기술영업, ERP/시스템개발/설계, QA/테스트/검증",경력,정규직/계약직,경기,,2026-11-02,https://www.catch.co.kr/Comp/CompDetail/HM1202/Recruit/569504,,2026-09-07 17:57:26
캐치,한강식품,2026년 9월 수시채용,"생산관리/공정관리/품질관리, 전기/소방/통신/안전",경력,정규직,경기,,2026-09-27,https://www.catch.co.kr/Comp/CompDetail/171847/Recruit/569503,,2026-09-07 17:57:26
캐치,NHN클라우드,[NHN Cloud] 데이터센터 및 AI컴퓨팅 네트워크 구축,네트워크/서버/보안,경력 5년↑,정규직,경기,,2026-11-02,https://www.catch.co.kr/Comp/CompDetail/OZ4529/Recruit/569502,,2026-09-07 17:57:26
캐치,NHN클라우드,[NHN Cloud] 클라우드 인프라 엔지니어(네트워크),네트워크/서버/보안,경력 2~5년,정규직,경기,,2026-11-02,https://www.catch.co.kr/Comp/CompDetail/OZ4529/Recruit/569501,,2026-09-07 17:57:26
캐치,타임교육,우수 강사 선발 The Next T vol.2 공개 채용 #공채,입시/보습/속셈학원,경력무관,기타,서울/경기,,2026-09-30,https://www.catch.co.kr/Comp/CompDetail/I16148/Recruit/569500,,2026-09-07 17:57:26
캐치,한화호텔앤드리조트,[대천] 대천파로스 영업팀 프런트 직원 채용,"사무/총무/법무, 여행/항공/숙박/레저",경력,계약직,충남,,2026-09-18,https://www.catch.co.kr/Comp/CompDetail/910147/Recruit/569499,,2026-09-07 17:57:26
캐치,경남은행,금융소비자보호부 계약직원 채용,사무/총무/법무,경력,계약직,경남,,2026-09-13,https://www.catch.co.kr/Comp/CompDetail/L76496/Recruit/569498,,2026-09-07 17:57:26
캐치,삼성서울병원,진료운영실 Data Scientist 경력직 채용,"빅데이터/AI, DBA/데이터베이스",경력 2년↑,정규직,서울,,2026-09-11,https://www.catch.co.kr/Comp/CompDetail/A0960/Recruit/569497,,2026-09-07 17:57:26
캐치,리엔젠,(주)리엔젠 해외영업 경력 채용,B2B영업/기술영업,경력 2~15년,정규직,경기,,2026-10-03,https://www.catch.co.kr/Comp/CompDetail/HL5407/Recruit/569496,,2026-09-07 17:57:26
캐치,토비스,해외영업 경력자 채용,"고객관리/인바운드, 무역영업/해외영업, 영업관리/지원/영업기획",경력 7년↑,정규직,인천,,2026-09-13,https://www.catch.co.kr/Comp/CompDetail/162859/Recruit/569495,,2026-09-07 17:57:26
캐치,라이나손해보험(에이스아메리칸화재해상보험),계약관리 및 프로세스 혁신 담당자 / POS Specialist (과장) 채용,"기획/전략/경영, 빅데이터/AI, 웹기획/PM/웹마케팅",경력 5년↑,정규직,서울,,2026-11-02,https://www.catch.co.kr/Comp/CompDetail/625230/Recruit/569494,,2026-09-07 17:57:26
캐치,이랜드이츠,2026 리미니 전국 매장관리자 신입·경력 채용,"외식/식음료, 판매/캐셔/매장관리",경력 1년↑,정규직/계약직,인천/전국,,2026-09-27,https://www.catch.co.kr/Comp/CompDetail/JQ7455/Recruit/569493,,2026-09-07 17:57:26
캐치,솔루스첨단소재,[Volta Energy Solutions Hungary] 품질보증팀 대리급 팀원 채용,"고객관리/인바운드, 사무/총무/법무, 생산관리/공정관리/품질관리",경력 5~8년,정규직,헝가리,,2026-11-02,https://www.catch.co.kr/Comp/CompDetail/JU2570/Recruit/569492,,2026-09-07 17:57:26
캐치,GS ITM,유통 SI 프로젝트 PM / PL / 개발자 / DBA 대규모 채용,"네트워크/서버/보안, 빅데이터/AI, 웹개발, 웹기획/PM/웹마케팅, 응용프로그램개발, DBA/데이터베이스, ERP/시스템개발/설계",경력,정규직,서울,,2026-09-30,https://www.catch.co.kr/Comp/CompDetail/385861/Recruit/569491,,2026-09-07 17:57:26
캐치,세스코,디지털 퍼포먼스/데이터 마케팅 채용,"기획/전략/경영, 마케팅/PR/분석, 빅데이터/AI",경력 8년↑,정규직,서울,,2026-09-16,https://www.catch.co.kr/Comp/CompDetail/024171/Recruit/569490,,2026-09-07 17:57:26
캐치,타라티피에스,경영기획 채용,기획/전략/경영,경력 2~5년,정규직,서울,,2026-11-02,https://www.catch.co.kr/Comp/CompDetail/039407/Recruit/569489,,2026-09-07 17:57:26
캐치,한국국제협력단,2026년 2차 KOICA 코디네이터 채용,"기획/전략/경영, 마케팅/PR/분석",경력 1년↑,기타,르완다/탄자니아/모로코/코트디부아르/케냐/이집트/튀니지/모잠비크/도미니카공화국/과테말라/몽골/요르단,,2026-09-16,https://www.catch.co.kr/Comp/CompDetail/185458/Recruit/569488,,2026-09-07 17:57:26
캐치,KT CS,[kt cs 계약직] 토스쇼핑 고객센터 상담사 대규모 모집,"고객관리/인바운드, 고객관리/인바운드/아웃바운드",경력무관,계약직,서울,,2026-11-03,https://www.catch.co.kr/Comp/CompDetail/183634/Recruit/569487,,2026-09-07 17:57:26
캐치,SK쉴더스,Cloud 보안 PM 경력직 채용,"네트워크/서버/보안, 웹기획/PM/웹마케팅, QA/테스트/검증",경력 8년↑,정규직,경기,,2026-09-13,https://www.catch.co.kr/Comp/CompDetail/146718/Recruit/569485,,2026-09-07 17:57:27
캐치,오스템임플란트,(생산총괄본부/부산) CNC가공 제조직 채용,생산/제조/설비/조립,경력무관,계약직,부산,,2026-09-13,https://www.catch.co.kr/Comp/CompDetail/780928/Recruit/569484,,2026-09-07 17:57:27
캐치,SK쉴더스,Cloud 보안운영 경력직 채용,네트워크/서버/보안,경력 3년↑,정규직,경기,,2026-09-13,https://www.catch.co.kr/Comp/CompDetail/146718/Recruit/569483,,2026-09-07 17:57:27
캐치,한화손보,2026 하반기 한화손보 신입사원 모집 #공채,"기획/전략/경영, 마케팅/PR/분석, 사무/총무/법무, 영업관리/지원/영업기획",신입,정규직,서울/전국,,2026-09-28,https://www.catch.co.kr/Comp/CompDetail/870137/Recruit/569482,,2026-09-07 17:57:27
캐치,오스템임플란트,국내 치과 영업 채용,"고객관리/인바운드, 영업관리/지원/영업기획, 일반영업, B2B영업/기술영업",경력 3년↓,기타,서울/전국,,2026-09-30,https://www.catch.co.kr/Comp/CompDetail/780928/Recruit/569481,,2026-09-07 17:57:27
캐치,SK쉴더스,사내 보안관제 운영/침해대응 경력직 채용 (본사 정보보호그룹 근무),네트워크/서버/보안,경력 5년↑,정규직,경기,,2026-09-13,https://www.catch.co.kr/Comp/CompDetail/146718/Recruit/569480,,2026-09-07 17:57:27
캐치,오스템임플란트,인사 및 노무 담당자 채용,인사/노무/교육,경력 3~10년,정규직,부산,,2026-09-07,https://www.catch.co.kr/Comp/CompDetail/780928/Recruit/569479,,2026-09-07 17:57:27
캐치,슈나이더일렉트릭코리아,AI 데이터센터 BMS/EPMS Engineer 대규모 채용,"네트워크/서버/보안, 웹기획/PM/웹마케팅, 응용프로그램개발, ERP/시스템개발/설계",경력 3년↑,정규직,서울,,2026-09-23,https://www.catch.co.kr/Comp/CompDetail/212082/Recruit/569478,,2026-09-07 17:57:27
캐치,현대차증권,DMA 주문시스템 개발 및 운영 담당(경력) 채용,"네트워크/서버/보안, ERP/시스템개발/설계",경력 3년↑,정규직,서울,,2026-09-15,https://www.catch.co.kr/Comp/CompDetail/860140/Recruit/569477,,2026-09-07 17:57:27
캐치,현대차증권,사내변호사 (경력) 채용,법률/특허/상표,경력,계약직,서울,,2026-09-15,https://www.catch.co.kr/Comp/CompDetail/860140/Recruit/569476,,2026-09-07 17:57:27
캐치,부국증권,[중동지점] 지점 영업 경력직 채용,"경영분석/컨설턴트, 영업관리/지원/영업기획, 일반영업, 증권/투자/펀드/외환",경력 3년↑,계약직,경기,,2026-09-30,https://www.catch.co.kr/Comp/CompDetail/860069/Recruit/569474,,2026-09-07 17:57:27
캐치,금강주택,경력사원 채용,"건축/설계/인테리어, 기계설계/CAD/CAM, 시설/보안/경비/안전, 자동차/조선/기계, 전기/소방/통신/안전, 증권/투자/펀드/외환, 토목/조경/도시/측량, AS/서비스/수리",경력,정규직/계약직,서울/경기/인천/부산,,2026-09-09,https://www.catch.co.kr/Comp/CompDetail/515175/Recruit/569473,,2026-09-07 17:57:27
캐치,부국증권,[영업부] 지점 영업 경력직 채용,"경영분석/컨설턴트, 영업관리/지원/영업기획, 일반영업, 증권/투자/펀드/외환",경력 3년↑,계약직,서울,,2026-09-30,https://www.catch.co.kr/Comp/CompDetail/860069/Recruit/569472,,2026-09-07 17:57:27
캐치,모두의연구소,[아기유니콘] AI 교육 퍼실리테이터 (학습코치),교육기획/교재,경력 2년↑,계약직,서울,,2026-10-03,https://www.catch.co.kr/Comp/CompDetail/HL2817/Recruit/569471,,2026-09-07 17:57:27
캐치,모두의연구소,[모두의연구소] AI 교육 퍼실리테이터,교육기획/교재,경력 2년↑,계약직,서울,,2026-10-03,https://www.catch.co.kr/Comp/CompDetail/HL2817/Recruit/569470,,2026-09-07 17:57:27
캐치,한국의학연구소,재단본부 CRM팀 간호사 계약직 채용,간호사,경력무관,계약직,서울,,2026-09-18,https://www.catch.co.kr/Comp/CompDetail/061482/Recruit/569469,,2026-09-07 17:57:27
캐치,아인의료재단,건강검진팀 행정직 채용,"사무/원무/코디, 사무/총무/법무",경력 1년↑,계약직,인천,,2026-10-10,https://www.catch.co.kr/Comp/CompDetail/E81738/Recruit/569467,,2026-09-07 17:57:27
캐치,아인의료재단,보험본부 원무팀 행정직 채용,사무/원무/코디,경력,계약직,인천,,2026-10-13,https://www.catch.co.kr/Comp/CompDetail/E81738/Recruit/569466,,2026-09-07 17:57:27
캐치,대한상공회의소,기업지원실 교육 운영 담당자 채용,"경리/회계/결산, 교육기획/교재, 사무/총무/법무, 재무/세무/IR",경력무관,계약직,서울,,2026-09-11,https://www.catch.co.kr/Comp/CompDetail/066108/Recruit/569464,,2026-09-07 17:57:27
캐치,케이디비생명보험,[KDB생명] 2026년 3분기 경력직 채용 (일반지급),"경리/회계/결산, 채권/보험/보상/심사",경력 2년↑,기타,서울,,2026-09-17,https://www.catch.co.kr/Comp/CompDetail/821250/Recruit/569463,,2026-09-07 17:57:27
캐치,아인의료재단,약제팀 약제보조 채용,"사무보조/문서작성, 약사/한약사/약무보조",경력,계약직,인천,,2026-10-30,https://www.catch.co.kr/Comp/CompDetail/E81738/Recruit/569462,,2026-09-07 17:57:27
캐치,대방건설,2026년 9월 경력직 수시채용,"건축/설계/인테리어, 부동산/중개/분양/경매, 시공/현장/감리/공무, 일반영업, 재무/세무/IR, 토목/조경/도시/측량",경력,기타,경기,,2026-09-13,https://www.catch.co.kr/Comp/CompDetail/158856/Recruit/569461,,2026-09-07 17:57:27
캐치,GS건설,[건축·주택] PJT전문직 경력사원(건축/설비/전기/조경) 채용,"건축/설계/인테리어, 시공/현장/감리/공무, 전기/전자/제어, 토목/조경/도시/측량",경력 5년↑,계약직,서울,,2026-09-15,https://www.catch.co.kr/Comp/CompDetail/500143/Recruit/569459,,2026-09-07 17:57:27
캐치,한국전자통신연구원,2027년 1차 실무직 장애인 제한경쟁 공개채용 #공채,"구매/자재/재고, 사무/총무/법무, 재무/세무/IR",경력,계약직,대전,,2026-09-17,https://www.catch.co.kr/Comp/CompDetail/053237/Recruit/569458,,2026-09-07 17:57:27
캐치,사세,경력직 채용 [투자관리],"기획/전략/경영, 설문/통계/리서치, 증권/투자/펀드/외환",경력 4~8년,정규직,경기,,2026-11-02,https://www.catch.co.kr/Comp/CompDetail/455822/Recruit/569457,,2026-09-07 17:57:27
캐치,사세,경력직 채용 [상품기획PM],"기획/전략/경영, 마케팅/PR/분석, 상품기획/MD",경력 7~10년,정규직,경기,,2026-11-02,https://www.catch.co.kr/Comp/CompDetail/455822/Recruit/569456,,2026-09-07 17:57:27
캐치,한국수자원공사,(재공고) [영·섬/장성] 전남북부권지사 실무직(사무관리_고객관리) 채용,"고객관리/인바운드, 사무/총무/법무, 사무보조/문서작성",경력,계약직,전남광주,,2026-09-16,https://www.catch.co.kr/Comp/CompDetail/001640/Recruit/569455,,2026-09-07 17:57:27
캐치,사세,경력직 채용 [리테일영업],"영업관리/지원/영업기획, 일반영업",경력 5~7년,정규직,경기,,2026-11-02,https://www.catch.co.kr/Comp/CompDetail/455822/Recruit/569454,,2026-09-07 17:57:27
캐치,한국전자통신연구원,2027년 1차 정규직 및 실무직 공개채용 #공채,"기계설계/CAD/CAM, 기획/전략/경영, 네트워크/서버/보안, 반도체/디스플레이, 빅데이터/AI, 사무/총무/법무, 응용프로그램개발, 인사/노무/교육, 전기/전자/제어, 통신기술/네트워크구축, 화학/에너지/환경",경력,정규직/계약직/기타,대전/경기/대구/전남광주,,2026-09-17,https://www.catch.co.kr/Comp/CompDetail/053237/Recruit/569453,,2026-09-07 17:57:27
캐치,사세,경력직 채용 [법무팀],사무/총무/법무,경력 3년↑,정규직,경기,,2026-11-02,https://www.catch.co.kr/Comp/CompDetail/455822/Recruit/569452,,2026-09-07 17:57:27
캐치,한국수자원공사,[영섬/진안] 영·섬유역협력단 진안현대화사업소 '26년 노후 상수관망 정비사업 특수직(기술관리_건설사업) 채용,"건축/설계/인테리어, 시공/현장/감리/공무, 토목/조경/도시/측량",경력,계약직,전북,,2026-09-16,https://www.catch.co.kr/Comp/CompDetail/001640/Recruit/569451,,2026-09-07 17:57:28
캐치,한국전력공사,2026년도 하반기 4직급 대졸수준 신입사원 채용 #공채,"네트워크/서버/보안, 사무/총무/법무, 생산관리/공정관리/품질관리, 인사/노무/교육, 재무/세무/IR, 전기/소방/통신/안전, 전기/전자/제어, 토목/조경/도시/측량, ERP/시스템개발/설계",신입,정규직,전남광주/전국/강원/충북/대전/세종/충남/전북/경북/경남/제주,,2026-09-16,https://www.catch.co.kr/Comp/CompDetail/400211/Recruit/569450,,2026-09-07 17:57:28
캐치,사세,경력직 채용 [베트남소싱],"구매/자재/재고, 상품기획/MD",경력 5년↑,정규직,경기,,2026-11-02,https://www.catch.co.kr/Comp/CompDetail/455822/Recruit/569449,,2026-09-07 17:57:28
캐치,사세,경력직 채용 [해외영업],"마케팅/PR/분석, 무역사무/수출입, 무역영업/해외영업, 상품기획/MD",경력 5년↑,정규직,경기,,2026-11-02,https://www.catch.co.kr/Comp/CompDetail/455822/Recruit/569448,,2026-09-07 17:57:28
캐치,한국수자원공사,[영섬/남원] 영·섬유역협력단 남원현대화사업소 노후 상수관망 정비사업 특수직(기술관리_건설사업) 채용,"건축/설계/인테리어, 시공/현장/감리/공무, 토목/조경/도시/측량",경력,계약직,전북,,2026-09-16,https://www.catch.co.kr/Comp/CompDetail/001640/Recruit/569447,,2026-09-07 17:57:28
캐치,한국수자원공사,[영섬/김제] 영·섬유역협력단 김제현대화사업소 '26년 노후 상수관망 정비사업 특수직(기술관리_건설사업) 채용,"건축/설계/인테리어, 시공/현장/감리/공무, 토목/조경/도시/측량",경력,계약직,전북,,2026-09-16,https://www.catch.co.kr/Comp/CompDetail/001640/Recruit/569446,,2026-09-07 17:57:28
캐치,서영엔지니어링,임원 비서직 모집,사무/총무/법무,경력 1년↑,계약직,경기,,2026-09-30,https://www.catch.co.kr/Comp/CompDetail/046636/Recruit/569445,,2026-09-07 17:57:28
캐치,멀티캠퍼스,"외국어 합숙교육 운영자 채용 (산청,계약직)",교육기획/교재,경력 3~5년,계약직,경남,,2026-09-09,https://www.catch.co.kr/Comp/CompDetail/145888/Recruit/569444,,2026-09-07 17:57:28
캐치,한국환경연구원,2026년 하반기 KOICA 영프로페셔널(YP인턴) 공개채용,"기획/전략/경영, 사무/총무/법무, 사무보조/문서작성, 영업관리/지원/영업기획",신입,인턴,세종,,2026-09-22,https://www.catch.co.kr/Comp/CompDetail/538925/Recruit/569443,,2026-09-07 17:57:28
캐치,한국학중앙연구원,기능직(통신) 채용,"사무/총무/법무, 전기/소방/통신/안전, 통신기술/네트워크구축",경력,정규직,경기,,2026-09-17,https://www.catch.co.kr/Comp/CompDetail/198363/Recruit/569442,,2026-09-07 17:57:28
캐치,제주대학교병원,원무직(업무보조) 채용,"사무/원무/코디, 사무보조/문서작성",경력,계약직,제주,,2026-09-09,https://www.catch.co.kr/Comp/CompDetail/511220/Recruit/569441,,2026-09-07 17:57:28
캐치,코스맥스,생산팀(제조보조) 계약직 채용,"생산/제조/설비/조립, 화물/중장비",신입,계약직,경기,,2026-10-30,https://www.catch.co.kr/Comp/CompDetail/L58815/Recruit/569440,,2026-09-07 17:57:28
캐치,고등과학원,행정직원(정규직) 채용,"기획/전략/경영, 인사/노무/교육, 재무/세무/IR",경력,정규직,서울,,2026-09-16,https://www.catch.co.kr/Comp/CompDetail/C49271/Recruit/569439,,2026-09-07 17:57:28
캐치,케이피에프,부품품질경영팀(신입 또는 경력) 채용,"고객관리/인바운드, 생산관리/공정관리/품질관리, 설문/통계/리서치, 전기/전자/제어",경력,정규직,충북,,2026-09-18,https://www.catch.co.kr/Comp/CompDetail/383937/Recruit/569438,,2026-09-07 17:57:28
캐치,대한적십자사,상주적십자병원 정규직 간호사 채용,간호사,신입,정규직,경북,,2026-09-18,https://www.catch.co.kr/Comp/CompDetail/424838/Recruit/569437,,2026-09-07 17:57:28
캐치,현대프라퍼티,[종로본사/현대프라퍼티] FM 운영관리 담당자 채용,"고객관리/인바운드, 시설/보안/경비/안전, 영업관리/지원/영업기획, 인사/노무/교육",경력무관,정규직/계약직,서울,,2026-09-27,https://www.catch.co.kr/Comp/CompDetail/HJ6054/Recruit/569436,,2026-09-07 17:57:28
캐치,넥센타이어,사내 변호사 수시 채용,"법률/특허/상표, 사무/총무/법무",경력 2~10년,계약직,경기/강원/충남,,2026-11-01,https://www.catch.co.kr/Comp/CompDetail/351253/Recruit/569435,,2026-09-07 17:57:28
캐치,해태제과식품,채용연계형 인턴 채용 #공채,"네트워크/서버/보안, 무역사무/수출입, 바이오/제약/식품, 사무/총무/법무, 생산관리/공정관리/품질관리, 인사/노무/교육, 자동차/조선/기계, 재무/세무/IR, 전기/전자/제어",신입,인턴,충남/서울/경기,,2026-09-14,https://www.catch.co.kr/Comp/CompDetail/173964/Recruit/569434,,2026-09-07 17:57:28
캐치,대한항공씨앤디서비스,산업용 냉동냉장설비관리자 채용전환형 인턴 수시채용,전기/소방/통신/안전,신입,인턴,경기,,2026-09-15,https://www.catch.co.kr/Comp/CompDetail/LT8920/Recruit/569433,,2026-09-07 17:57:28
캐치,KT CS,[kt cs 정규직] 토스쇼핑 고객센터 상담사 대규모 모집,"고객관리/인바운드, 고객관리/인바운드/아웃바운드",경력무관,정규직,서울,,2026-11-02,https://www.catch.co.kr/Comp/CompDetail/183634/Recruit/569432,,2026-09-07 17:57:28
캐치,HD한국조선해양,안전보건관리자 기간제 채용 (강릉 근무),전기/소방/통신/안전,신입,계약직,강원,,2026-09-17,https://www.catch.co.kr/Comp/CompDetail/382892/Recruit/569430,,2026-09-07 17:57:28
캐치,하이랜드푸드,세무회계 담당자 채용,"경리/회계/결산, 재무/세무/IR",경력 8~12년,정규직,서울,,2026-11-03,https://www.catch.co.kr/Comp/CompDetail/099984/Recruit/569429,,2026-09-07 17:57:28
캐치,티씨케이,정규직 채용 : Product Marketing그룹,"기획/전략/경영, 마케팅/PR/분석, 영업관리/지원/영업기획",경력 8년↓,정규직,경기,,2026-09-09,https://www.catch.co.kr/Comp/CompDetail/083203/Recruit/569428,,2026-09-07 17:57:28
캐치,CJ대한통운,2026년 하반기 건설부문 신입사원 채용설명회,"건축/설계/인테리어, 시공/현장/감리/공무, 자동차/조선/기계, 재무/세무/IR, 전기/소방/통신/안전, 토목/조경/도시/측량",신입,기타,서울,,2026-09-15,https://www.catch.co.kr/Comp/CompDetail/710083/Recruit/569427,,2026-09-07 17:57:28
캐치,하이랜드푸드,재무회계 담당 채용 (~채용시 마감),"경리/회계/결산, 재무/세무/IR",경력 1~3년,정규직,서울,,2026-11-03,https://www.catch.co.kr/Comp/CompDetail/099984/Recruit/569426,,2026-09-07 17:57:28
캐치,멀티캠퍼스,취업 컨설턴트 경력 채용 (계약직),헤드헌팅/노무/직업상담,경력 1년↑,계약직,서울,,2026-09-09,https://www.catch.co.kr/Comp/CompDetail/145888/Recruit/569425,,2026-09-07 17:57:28
캐치,대웅제약,의약품 생산담당 신입 채용 (~9/30),"기획/전략/경영, 사무보조/문서작성, 생산/제조/설비/조립, 생산관리/공정관리/품질관리",신입,인턴,충북,,2026-09-30,https://www.catch.co.kr/Comp/CompDetail/208595/Recruit/569424,,2026-09-07 17:57:28
캐치,고등기술연구원연구조합,연구직 인력 채용,"기계설계/CAD/CAM, 바이오/제약/식품, 빅데이터/AI, 생산관리/공정관리/품질관리, 자동차/조선/기계, 전기/전자/제어, 화학/에너지/환경, DBA/데이터베이스",경력,정규직/계약직/기타,경기,,2026-09-14,https://www.catch.co.kr/Comp/CompDetail/073378/Recruit/569423,,2026-09-07 17:57:28
캐치,GS네트웍스,물류센타 현장 냉동 피킹담당 신입 채용,"구매/자재/재고, 배송/택배/운전",신입,기타,인천,,2026-09-07,https://www.catch.co.kr/Comp/CompDetail/IX8268/Recruit/569421,,2026-09-07 17:57:28
캐치,GS네트웍스,'26년 물류센타 현장 피킹 인턴 채용,"구매/자재/재고, 배송/택배/운전",신입,인턴,경기/강원,,2026-09-07,https://www.catch.co.kr/Comp/CompDetail/IX8268/Recruit/569420,,2026-09-07 17:57:28
캐치,카카오뱅크,여신 운영 업무 지원 담당자 (계약직) 채용,"기획/전략/경영, 사무/총무/법무",경력 1년↑,계약직,경기,,2026-09-28,https://www.catch.co.kr/Comp/CompDetail/HM8410/Recruit/569419,,2026-09-07 17:57:30
캐치,대구텍,수시채용,"네트워크/서버/보안, 무역영업/해외영업, 영업관리/지원/영업기획, 웹개발, 응용프로그램개발, 일반영업, 자동차/조선/기계, B2B영업/기술영업, ERP/시스템개발/설계, QA/테스트/검증",경력,정규직,대구/경기,,2026-09-17,https://www.catch.co.kr/Comp/CompDetail/A1005/Recruit/569418,,2026-09-07 17:57:30
캐치,코스메카코리아,회계 담당자 채용(주니어),"경리/회계/결산, 재무/세무/IR",경력 5~7년,정규직,경기,,2026-09-13,https://www.catch.co.kr/Comp/CompDetail/200754/Recruit/569417,,2026-09-07 17:57:30
캐치,한국기계전기전자시험연구원,2026 하반기 신입 및 경력 직원 채용공고,화학/에너지/환경,경력,정규직/계약직,경기,,2026-09-14,https://www.catch.co.kr/Comp/CompDetail/HG8987/Recruit/569416,,2026-09-07 17:57:30
캐치,PTKOREA,English Copywriter / 영문 카피 채용,광고제작/카피/CF,경력,정규직,서울,,2026-09-30,https://www.catch.co.kr/Comp/CompDetail/M01057/Recruit/569415,,2026-09-07 17:57:30
캐치,PTKOREA,글로벌 이커머스 플랫폼 데이터 분석 채용 ,빅데이터/AI,경력 4~11년,정규직,서울,,2026-09-30,https://www.catch.co.kr/Comp/CompDetail/M01057/Recruit/569414,,2026-09-07 17:57:30
캐치,경북대학교병원,"[칠곡] 2026년 9월 1차 임시직원(약사, 조경관리, 원무지원) 채용","사무/원무/코디, 사무/총무/법무, 사무보조/문서작성, 약사/한약사/약무보조, 토목/조경/도시/측량",경력,계약직,대구,,2026-09-08,https://www.catch.co.kr/Comp/CompDetail/044837/Recruit/569413,,2026-09-07 17:57:30
캐치,PTKOREA,글로벌 홈페이지 운영 PM 채용,"기획/전략/경영, 웹기획/PM/웹마케팅, 콘텐츠/사이트운영",경력 7~15년,정규직,서울,,2026-09-30,https://www.catch.co.kr/Comp/CompDetail/M01057/Recruit/569412,,2026-09-07 17:57:30
캐치,부산항만공사,정규직(신입) 채용 #공채,"건축/설계/인테리어, 기획/전략/경영, 배송/택배/운전, 시공/현장/감리/공무, 인사/노무/교육, 재무/세무/IR, 토목/조경/도시/측량",신입,정규직,부산/기타해외,,2026-09-17,https://www.catch.co.kr/Comp/CompDetail/229170/Recruit/569411,,2026-09-07 17:57:30
캐치,PTKOREA,글로벌 콘텐츠 기획 및 온라인 커뮤니티 운영 채용,"기획/전략/경영, 마케팅/PR/분석, 웹기획/PM/웹마케팅, 콘텐츠/사이트운영",경력 2~3년,정규직,서울,,2026-09-30,https://www.catch.co.kr/Comp/CompDetail/M01057/Recruit/569410,,2026-09-07 17:57:30
캐치,경북대학교병원,2026년 제4차 정규직 공개채용 #공채,"간호조무사, 바이오/제약/식품, 법률/특허/상표, 사무/총무/법무, 사무보조/문서작성, 시설/보안/경비/안전, 요리/영양/제과제빵/바리스타, 의료기사, 전기/전자/제어, 주차/세차/주유, 청소/가사/육아, 판매/캐셔/매장관리",경력,정규직,대구,,2026-09-16,https://www.catch.co.kr/Comp/CompDetail/044837/Recruit/569409,,2026-09-07 17:57:30
캐치,PTKOREA,채용 운영 담당자 (계약직) 채용,인사/노무/교육,경력,계약직,서울,,2026-09-23,https://www.catch.co.kr/Comp/CompDetail/M01057/Recruit/569408,,2026-09-07 17:57:30
캐치,다날,해외 결제 서비스 제휴/영업 채용,"기획/전략/경영, 영업관리/지원/영업기획, B2B영업/기술영업",경력 3~5년,정규직,경기,,2026-09-27,https://www.catch.co.kr/Comp/CompDetail/124801/Recruit/569407,,2026-09-07 17:57:30
캐치,희망조약돌,[평균급여 390만] [NGO] 수원 희망조약돌 홍보 STAFF 모집,"고객관리/인바운드, 고객관리/인바운드/아웃바운드, 사회복지/요양보호/자원봉사, 영업관리/지원/영업기획, 일반영업",경력무관,교육생,경기,,2026-11-02,https://www.catch.co.kr/Comp/CompDetail/AEA91/Recruit/569406,,2026-09-07 17:57:30
캐치,샌드박스네트워크,[파삭] CS·물류 운영 담당자 (계약),"고객관리/인바운드/아웃바운드, 구매/자재/재고",경력 1년↑,계약직,서울,,2026-09-19,https://www.catch.co.kr/Comp/CompDetail/M23097/Recruit/569405,,2026-09-07 17:57:30
캐치,희망조약돌,[평균급여 390만] [NGO] 인천 희망조약돌 홍보 STAFF 모집,"고객관리/인바운드, 고객관리/인바운드/아웃바운드, 영업관리/지원/영업기획, 일반영업",경력무관,교육생,인천/서울,,2026-11-02,https://www.catch.co.kr/Comp/CompDetail/AEA91/Recruit/569404,,2026-09-07 17:57:30
캐치,희망조약돌,[희망조약돌] NGO 채용 담당자(recruiter)신입 모집(인센티브有),"고객관리/인바운드, 고객관리/인바운드/아웃바운드, 사무/총무/법무, 사무보조/문서작성, 인사/노무/교육, 일반영업",경력,계약직,경기/서울,,2026-11-02,https://www.catch.co.kr/Comp/CompDetail/AEA91/Recruit/569403,,2026-09-07 17:57:30
캐치,희망조약돌,[희망조약돌][안양본사]NGO 퍼포먼스 마케팅 마케터(인센티브有),"광고제작/카피/CF, 마케팅/PR/분석, 콘텐츠/사이트운영",경력,계약직,경기,,2026-11-02,https://www.catch.co.kr/Comp/CompDetail/AEA91/Recruit/569402,,2026-09-07 17:57:30
캐치,윈스테크넷,(신입) 2026년 9월 월간채용,"네트워크/서버/보안, 마케팅/PR/분석, 영업관리/지원/영업기획, 웹기획/PM/웹마케팅, 응용프로그램개발, B2B영업/기술영업, ERP/시스템개발/설계",신입,정규직,경기/서울/인천,,2026-09-13,https://www.catch.co.kr/Comp/CompDetail/H15462/Recruit/569401,,2026-09-07 17:57:30
캐치,희망조약돌,[희망조약돌][안양본사]NGO 온라인 마케팅 마케터(인센티브有),"광고제작/카피/CF, 마케팅/PR/분석, 콘텐츠/사이트운영",경력,계약직,경기/서울,,2026-11-02,https://www.catch.co.kr/Comp/CompDetail/AEA91/Recruit/569400,,2026-09-07 17:57:30
캐치,HD현대삼호,중장비정비원(일반계약직) 채용,"화물/중장비, AS/서비스/수리",신입,계약직,전남광주,,2026-09-17,https://www.catch.co.kr/Comp/CompDetail/124521/Recruit/569399,,2026-09-07 17:57:30
캐치,샌드박스네트워크,세일즈 인사이트·콘텐츠 매니저 (경력),마케팅/PR/분석,경력 5년↑,정규직,서울,,2026-09-20,https://www.catch.co.kr/Comp/CompDetail/M23097/Recruit/569398,,2026-09-07 17:57:30
캐치,다날,스테이블 페이먼트 사업 담당 채용,기획/전략/경영,경력 5~10년,정규직,경기,,2026-09-27,https://www.catch.co.kr/Comp/CompDetail/124801/Recruit/569397,,2026-09-07 17:57:30
캐치,미미박스,[미미박스] 글로벌 HR팀 리더 (경력),인사/노무/교육,경력 9년↑,정규직,서울,,2026-11-02,https://www.catch.co.kr/Comp/CompDetail/H13569/Recruit/569396,,2026-09-07 17:57:30
캐치,HD현대중공업,함정·중형선사업부 인사·총무 사무보조 기간제 채용,"경리/회계/결산, 사무/총무/법무, 사무보조/문서작성, 인사/노무/교육",경력무관,계약직,울산,,2026-09-07,https://www.catch.co.kr/Comp/CompDetail/JP5755/Recruit/569395,,2026-09-07 17:57:30
캐치,윈스테크넷,(경력) 2026년 9월 월간채용,"네트워크/서버/보안, 사무/총무/법무, 응용프로그램개발, 인사/노무/교육, B2B영업/기술영업, ERP/시스템개발/설계",경력,정규직/계약직,경기/서울/충남/대전/부산/전국,,2026-09-13,https://www.catch.co.kr/Comp/CompDetail/H15462/Recruit/569394,,2026-09-07 17:57:30
캐치,한식진흥원,2026년 제4차 직원 공개채용 #공채,"경리/회계/결산, 기획/전략/경영, 재무/세무/IR, 전시/컨벤션",경력,정규직,서울/전남광주,,2026-09-18,https://www.catch.co.kr/Comp/CompDetail/G66131/Recruit/569393,,2026-09-07 17:57:30
캐치,에이션패션,"알래스카 마케팅 기획, 폴햄키즈 디자인팀 경력 채용","마케팅/PR/분석, 의류/패션/잡화디자인",경력,정규직,서울,,2026-09-13,https://www.catch.co.kr/Comp/CompDetail/324809/Recruit/569392,,2026-09-07 17:57:30
캐치,한국콘텐츠진흥원,2026년 4분기 신입직원 채용,"사무/총무/법무, 설문/통계/리서치, 재무/세무/IR",신입,정규직,전남광주,,2026-09-28,https://www.catch.co.kr/Comp/CompDetail/C83984/Recruit/569391,,2026-09-07 17:57:30
캐치,서영엔지니어링,철도(감리) 기술자 모집(전라남도 나주시 근무),토목/조경/도시/측량,경력 5년↑,정규직,경기/전남광주,,2026-09-11,https://www.catch.co.kr/Comp/CompDetail/046636/Recruit/569389,,2026-09-07 17:57:30
캐치,경농,[경농] 각 부문별 경력 채용,"생산관리/공정관리/품질관리, 일반영업, 화학/에너지/환경, B2B영업/기술영업","경력 3년↑,3년↑,3~10년,1~5년",정규직,강원/전남광주/대구/경기,,2026-09-20,https://www.catch.co.kr/Comp/CompDetail/350281/Recruit/569388,,2026-09-07 17:57:31
캐치,삼일회계법인,"[삼일PwC A/C]삼일회계법인 자회사 BPO 서비스 (회계, 자금, 인사) 정규직 채용 (경력 5년 내외) (확장채용)",재무/세무/IR,경력 5년↑,정규직,서울,,2027-01-01,https://www.catch.co.kr/Comp/CompDetail/206652/Recruit/569387,,2026-09-07 17:57:31
캐치,패스트파이브,전화예약 및 미팅예약 아르바이트,"고객관리/인바운드, 영업관리/지원/영업기획",경력무관,계약직,서울,,2026-11-01,https://www.catch.co.kr/Comp/CompDetail/CD6655/Recruit/569386,,2026-09-07 17:57:31
캐치,현대캐터링시스템,[경력] 단체급식 경력조리사 채용 (평택 / 아산),요리/영양/제과제빵/바리스타,경력 2년↑,기타,경기/충남,,2026-09-13,https://www.catch.co.kr/Comp/CompDetail/I67181/Recruit/569385,,2026-09-07 17:57:31
캐치,대방산업개발,2026년 9월 경력직 채용,"건축/설계/인테리어, 생산관리/공정관리/품질관리, 시공/현장/감리/공무, 전기/소방/통신/안전, 토목/조경/도시/측량",경력,정규직,서울/부산/전국,,2026-09-07,https://www.catch.co.kr/Comp/CompDetail/479507/Recruit/569384,,2026-09-07 17:57:31
캐치,마카롱팩토리,차량 관리 앱 1위 '마이클' 사업개발 매니저 (파트너쉽),기획/전략/경영,경력 3년↑,정규직,경기,,2026-11-01,https://www.catch.co.kr/Comp/CompDetail/HD7144/Recruit/569383,,2026-09-07 17:57:31
캐치,사조대림,인턴/계약직 사원 채용,"무역영업/해외영업, 사무/총무/법무, 사무보조/문서작성, 영업관리/지원/영업기획",경력,인턴/계약직,서울,,2026-09-10,https://www.catch.co.kr/Comp/CompDetail/100013/Recruit/569380,,2026-09-07 17:57:31
캐치,SFA,[공채] 2026년 4차 수시채용_PC제어(개발) 부문 (9월20일 마감),"기계설계/CAD/CAM, 자동차/조선/기계, 전기/전자/제어",경력,정규직,충남,,2026-09-20,https://www.catch.co.kr/Comp/CompDetail/135738/Recruit/569378,,2026-09-07 17:57:31
캐치,싸토리우스코리아바이오텍,2026년 신입/경력직 채용 (2026.08 Updated),"경영분석/컨설턴트, 기획/전략/경영, 마케팅/PR/분석, 바이오/제약/식품, 사무/총무/법무, 생산관리/공정관리/품질관리, 영업관리/지원/영업기획, 전기/전자/제어, B2B영업/기술영업",경력,정규직,경기,,2026-11-02,https://www.catch.co.kr/Comp/CompDetail/480403/Recruit/569377,,2026-09-07 17:57:31
캐치,FRL코리아,무역 담당자 [무역팀] 채용,"무역사무/수출입, 배송/택배/운전, 사무/총무/법무, 재무/세무/IR",경력 5년↑,정규직,서울,,2026-09-14,https://www.catch.co.kr/Comp/CompDetail/382306/Recruit/569376,,2026-09-07 17:57:31
캐치,하나은행,투자금융부 [IB Middle 업무] 채용,"빅데이터/AI, 사무/총무/법무, 설문/통계/리서치, 증권/투자/펀드/외환",경력 3년↑,계약직,서울,,2026-09-14,https://www.catch.co.kr/Comp/CompDetail/821365/Recruit/569375,,2026-09-07 17:57:31
캐치,화천기계,공작기계 기술영업(대구) 채용,"영업관리/지원/영업기획, 일반영업, B2B영업/기술영업",신입,인턴,대구,,2026-09-10,https://www.catch.co.kr/Comp/CompDetail/382850/Recruit/569374,,2026-09-07 17:57:31
캐치,지마켓,B2B Key Account Manager (상품·셀러 영업) 채용,"빅데이터/AI, 영업관리/지원/영업기획, B2B영업/기술영업",경력 5~8년,정규직,서울,,2026-09-14,https://www.catch.co.kr/Comp/CompDetail/149053/Recruit/569373,,2026-09-07 17:57:31
캐치,롯데글로벌로지스,TLS본부 정규직 채용 (~9/9),"고객관리/인바운드, 배송/택배/운전",신입,정규직,경기,,2026-09-09,https://www.catch.co.kr/Comp/CompDetail/078921/Recruit/569372,,2026-09-07 17:57:31
캐치,지마켓,뷰티 Key Account Manager 채용,"기획/전략/경영, 마케팅/PR/분석",경력 2~7년,정규직,서울,,2026-09-13,https://www.catch.co.kr/Comp/CompDetail/149053/Recruit/569371,,2026-09-07 17:57:31
캐치,지마켓,Business Analyst 채용,"기획/전략/경영, 빅데이터/AI",경력 5~9년,정규직,서울,,2026-09-13,https://www.catch.co.kr/Comp/CompDetail/149053/Recruit/569370,,2026-09-07 17:57:31
캐치,한국학중앙연구원,사서직 채용,"네트워크/서버/보안, 도서관사서, 콘텐츠/사이트운영",경력,정규직,경기,,2026-09-17,https://www.catch.co.kr/Comp/CompDetail/198363/Recruit/569369,,2026-09-07 17:57:31
캐치,한국학중앙연구원,전문직(상담) 채용,"교육기획/교재, 사무/총무/법무, 사회복지/요양보호/자원봉사, 설문/통계/리서치",경력,정규직,경기,,2026-09-17,https://www.catch.co.kr/Comp/CompDetail/198363/Recruit/569368,,2026-09-07 17:57:31
캐치,한국학중앙연구원,행정직 채용,"기획/전략/경영, 사무/총무/법무, 사무보조/문서작성, 인사/노무/교육, 재무/세무/IR",경력,정규직,경기,,2026-09-17,https://www.catch.co.kr/Comp/CompDetail/198363/Recruit/569367,,2026-09-07 17:57:31
캐치,평화발레오,구매 신입/경력 채용,구매/자재/재고,경력,정규직,대구,,2026-09-09,https://www.catch.co.kr/Comp/CompDetail/450421/Recruit/569366,,2026-09-07 17:57:31
캐치,엘티정밀,LT정밀 연구소 및 공장지원팀 경력사원 채용,"기계설계/CAD/CAM, 영업관리/지원/영업기획, 자동차/조선/기계, 재무/세무/IR, 전기/전자/제어",경력,정규직,경남,,2026-09-09,https://www.catch.co.kr/Comp/CompDetail/985643/Recruit/569365,,2026-09-07 17:57:31
캐치,하나은행,퇴직연금관리부 [연금 더드림 라운지 플래너] 채용 (대구/부산/광주/대전),"고객관리/인바운드, 사무/총무/법무, 영업관리/지원/영업기획, 증권/투자/펀드/외환",경력,계약직,대구/부산/전남광주/대전,,2026-09-14,https://www.catch.co.kr/Comp/CompDetail/821365/Recruit/569364,,2026-09-07 17:57:31
캐치,LG마그나이파워트레인,Global Marketing & Communication 전문가 수시채용,"기획/전략/경영, 마케팅/PR/분석, 전시/컨벤션, 콘텐츠/사이트운영",경력 5년↑,기타,인천,,2026-09-13,https://www.catch.co.kr/Comp/CompDetail/OM6370/Recruit/569363,,2026-09-07 17:57:31
캐치,KCC글라스,[여주공장] 가공 공정 엔지니어 신입 채용,생산관리/공정관리/품질관리,신입,정규직,경기,,2026-11-01,https://www.catch.co.kr/Comp/CompDetail/JX9294/Recruit/569361,,2026-09-07 17:57:31
캐치,하나은행,퇴직연금관리부 [연금 더드림 라운지 플래너] 채용 (서울/인천/경기),"고객관리/인바운드, 사무/총무/법무, 영업관리/지원/영업기획, 증권/투자/펀드/외환",경력,계약직,서울/경기,,2026-09-14,https://www.catch.co.kr/Comp/CompDetail/821365/Recruit/569360,,2026-09-07 17:57:31
캐치,DN오토모티브,[경력] IT-보안관리자 경력사원 채용,네트워크/서버/보안,경력 7년↑,정규직,경남,,2026-09-13,https://www.catch.co.kr/Comp/CompDetail/352349/Recruit/569359,,2026-09-07 17:57:31
캐치,웹젠,[웹젠] 로컬라이제이션 전 부문 (신입/경력),외국어/번역/통역,경력,계약직,경기,,2026-12-31,https://www.catch.co.kr/Comp/CompDetail/153857/Recruit/569358,,2026-09-07 17:57:31
캐치,미래에셋자산운용,해외부동산부문 신입(정규직 전환형 인턴사원) 채용,"설문/통계/리서치, 증권/투자/펀드/외환",신입,인턴,서울,,2026-09-15,https://www.catch.co.kr/Comp/CompDetail/490050/Recruit/569357,,2026-09-07 17:57:31
캐치,카펙발레오,T/C생산관리팀 사무직(정규직) 채용,"구매/자재/재고, 배송/택배/운전",신입,정규직,경북,,2026-09-13,https://www.catch.co.kr/Comp/CompDetail/039120/Recruit/569356,,2026-09-07 17:57:31
캐치,카카오페이,[어시스턴트] 오프라인 롱테일 결제환경 개선 프로젝트 현장 운영 담당 채용,"생산관리/공정관리/품질관리, 설문/통계/리서치, 판매/캐셔/매장관리",신입,인턴,경기/서울/인천,,2026-11-01,https://www.catch.co.kr/Comp/CompDetail/IP1707/Recruit/569355,,2026-09-07 17:57:31
캐치,웹젠,[웹젠] 인사(인사제도/인사관리 운영 담당)(경력),인사/노무/교육,경력 5년↑,정규직,경기,,2026-12-31,https://www.catch.co.kr/Comp/CompDetail/153857/Recruit/569354,,2026-09-07 17:57:32
캐치,웹젠,[웹젠] 자금(경력),재무/세무/IR,경력 3년↓,정규직,경기,,2026-12-31,https://www.catch.co.kr/Comp/CompDetail/153857/Recruit/569353,,2026-09-07 17:57:32
캐치,국가과학기술연구회,[2026년 9월 과학기술분야 정출연 공동채용] 국가과학기술연구회(NST) 제4차 정규직(행정일반) 채용 #공채,"경리/회계/결산, 기획/전략/경영, 사무/총무/법무, 사무보조/문서작성, 재무/세무/IR",경력,정규직,세종,,2026-09-17,https://www.catch.co.kr/Comp/CompDetail/L92325/Recruit/569352,,2026-09-07 17:57:32
캐치,국가녹색기술연구소,[2026년 9월 과학기술분야 정출연 공동채용] 국가녹색기술연구소(NIGT) 제3차 직원 채용 #공채,"구매/자재/재고, 기획/전략/경영, 사무/총무/법무, 인사/노무/교육, 재무/세무/IR",경력,정규직,서울,,2026-09-17,https://www.catch.co.kr/Comp/CompDetail/HC9812/Recruit/569351,,2026-09-07 17:57:32
캐치,한국삼공,순천지역 신입/경력 영업직 채용,"기획/전략/경영, 영업관리/지원/영업기획, 판매/캐셔/매장관리",경력,정규직,전남광주,,2026-09-18,https://www.catch.co.kr/Comp/CompDetail/350346/Recruit/569350,,2026-09-07 17:57:32
캐치,한국생산기술연구원,[2026년 9월 과학기술분야 정출연 공동채용] 한국생산기술연구원(KITECH) 2026년 제3차 정규직 공개채용 #공채,"기획/전략/경영, 빅데이터/AI, 사무/총무/법무, 자동차/조선/기계, 전기/전자/제어, 화학/에너지/환경, ERP/시스템개발/설계",신입,정규직,충남/인천/경기/서울/전남광주/울산/전북/전국,,2026-09-17,https://www.catch.co.kr/Comp/CompDetail/136000/Recruit/569349,,2026-09-07 17:57:32
캐치,국가보안기술연구소,[2026년 9월 과학기술분야 정출연 공동채용] 국가보안기술연구소 3차 정규직 공개채용 #공채,"기획/전략/경영, 네트워크/서버/보안, 빅데이터/AI, 응용프로그램개발, DBA/데이터베이스, ERP/시스템개발/설계",경력,정규직,대전,,2026-09-17,https://www.catch.co.kr/Comp/CompDetail/A2185/Recruit/569348,,2026-09-07 17:57:32
캐치,아침편지문화재단,서초구 아버지센터 회계 및 경영지원 직원 공개 채용 공고,"경리/회계/결산, 사무/총무/법무",경력 2년↑,정규직,서울,,2026-09-21,https://www.catch.co.kr/Comp/CompDetail/ACA2B/Recruit/569347,,2026-09-07 17:57:32
캐치,한국마사회,2026년도 제2차 체험형 청년인턴 채용,"기획/전략/경영, 마케팅/PR/분석, 빅데이터/AI, 사무/총무/법무, 사무보조/문서작성",신입,인턴,경기/서울/인천/부산/경남/경북,,2026-09-16,https://www.catch.co.kr/Comp/CompDetail/072677/Recruit/569345,,2026-09-07 17:57:32
캐치,지마켓,주문결제 서비스 기획자 채용,"기획/전략/경영, 웹기획/PM/웹마케팅",경력 3~7년,정규직,서울,,2026-09-13,https://www.catch.co.kr/Comp/CompDetail/149053/Recruit/569344,,2026-09-07 17:57:32
캐치,현대해상화재보험,2026 대졸 신입사원 채용,"네트워크/서버/보안, 빅데이터/AI, 설문/통계/리서치, 영업관리/지원/영업기획, 웹기획/PM/웹마케팅, 증권/투자/펀드/외환, 채권/보험/보상/심사, B2B영업/기술영업, DBA/데이터베이스",신입,정규직,서울/전국,,2026-09-21,https://www.catch.co.kr/Comp/CompDetail/870102/Recruit/569343,,2026-09-07 17:57:32
캐치,지마켓,퍼포먼스 마케팅 매니저 채용,마케팅/PR/분석,경력 5~9년,정규직,서울,,2026-09-13,https://www.catch.co.kr/Comp/CompDetail/149053/Recruit/569342,,2026-09-07 17:57:32
캐치,국립공원공단,자원보전·AI 직무 체험형 청년인턴 채용,"기획/전략/경영, 빅데이터/AI, 사무/총무/법무, 사무보조/문서작성, 화학/에너지/환경",신입,인턴,강원/경남/충남/전남광주/대전,,2026-09-10,https://www.catch.co.kr/Comp/CompDetail/072622/Recruit/569341,,2026-09-07 17:57:32
캐치,이마트24,품질관리 경력사원 채용,"바이오/제약/식품, 생산관리/공정관리/품질관리, 전기/소방/통신/안전",경력 3년↑,기타,서울,,2026-09-09,https://www.catch.co.kr/Comp/CompDetail/F53525/Recruit/569340,,2026-09-07 17:57:32
캐치,현대트랜시스,26년 하반기 기술 정규직 신입 채용 #공채,"생산/제조/설비/조립, 생산관리/공정관리/품질관리, 자동차/조선/기계, 전기/소방/통신/안전, 전기/전자/제어, 화학/에너지/환경",신입,정규직,충남,,2026-09-13,https://www.catch.co.kr/Comp/CompDetail/128373/Recruit/569339,,2026-09-07 17:57:32
캐치,이마트24,매체/광고기획 경력사원 채용,"기획/전략/경영, 마케팅/PR/분석, 영업관리/지원/영업기획, 일반영업",경력 5년↑,기타,서울,,2026-09-08,https://www.catch.co.kr/Comp/CompDetail/F53525/Recruit/569338,,2026-09-07 17:57:32
캐치,한영회계법인,세무부문 Fullstack개발자 (경력) 채용,"네트워크/서버/보안, 빅데이터/AI, 웹개발, 응용프로그램개발, ERP/시스템개발/설계",경력 3년↑,정규직,서울,,2026-09-13,https://www.catch.co.kr/Comp/CompDetail/223085/Recruit/569337,,2026-09-07 17:57:32
캐치,일진전기,전선QA팀 담당자 채용,"생산/제조/설비/조립, 생산관리/공정관리/품질관리",경력,기타,서울,,2026-10-28,https://www.catch.co.kr/Comp/CompDetail/C17778/Recruit/569336,,2026-09-07 17:57:32
캐치,휴온스메디텍,2026년 9월 각 부문 신입 및 경력직 채용,"기계설계/CAD/CAM, 바이오/제약/식품, 사무/총무/법무, 생산관리/공정관리/품질관리, 영업관리/지원/영업기획, 일반영업, ERP/시스템개발/설계",경력,기타,경기,,2026-09-30,https://www.catch.co.kr/Comp/CompDetail/175270/Recruit/569335,,2026-09-07 17:57:32
캐치,한진정보통신,[IT보안] 정보보호/보안운영 총괄 업무 담당자 채용 (팀장급),네트워크/서버/보안,경력 10년↑,계약직,서울,,2026-09-27,https://www.catch.co.kr/Comp/CompDetail/813877/Recruit/569334,,2026-09-07 17:57:32
캐치,PTKOREA,[인턴] 글로벌 소셜 미디어 운영 및 디지털 캠페인 기획 보조 채용,"기획/전략/경영, 사무보조/문서작성, 설문/통계/리서치, 콘텐츠/사이트운영",신입,인턴,서울,,2026-09-29,https://www.catch.co.kr/Comp/CompDetail/M01057/Recruit/569333,,2026-09-07 17:57:32
캐치,PTKOREA,[인턴] HR 채용 코디네이터 채용,인사/노무/교육,신입,인턴,서울,,2026-09-29,https://www.catch.co.kr/Comp/CompDetail/M01057/Recruit/569332,,2026-09-07 17:57:32
캐치,코스트코코리아,[청라점] 신입사원 채용,판매/캐셔/매장관리,신입,기타,인천,,2026-09-10,https://www.catch.co.kr/Comp/CompDetail/924016/Recruit/569331,,2026-09-07 17:57:32
캐치,코웨이,CAD/PLM 시스템 구축 PMO 담당 경력직 채용,"기계설계/CAD/CAM, 네트워크/서버/보안, 웹기획/PM/웹마케팅, ERP/시스템개발/설계",경력,정규직,충남,,2026-09-16,https://www.catch.co.kr/Comp/CompDetail/613827/Recruit/569330,,2026-09-07 17:57:32
캐치,코웨이,대형가전 상품기획 경력직 채용,"마케팅/PR/분석, 상품기획/MD, 웹기획/PM/웹마케팅",경력 5년↑,정규직,충남,,2026-09-16,https://www.catch.co.kr/Comp/CompDetail/613827/Recruit/569329,,2026-09-07 17:57:32
캐치,어댑트,[푸드올로지/오브제/풀리][전환형인턴] CEO STAFF,기획/전략/경영,경력무관,인턴,서울,,2026-10-24,https://www.catch.co.kr/Comp/CompDetail/IP0955/Recruit/569328,,2026-09-07 17:57:32
캐치,카카오뱅크,AI 서비스 기획 어시스턴트 (체험형 인턴) 채용,"기획/전략/경영, 빅데이터/AI, 웹기획/PM/웹마케팅, QA/테스트/검증",신입,인턴,경기,,2026-09-10,https://www.catch.co.kr/Comp/CompDetail/HM8410/Recruit/569327,,2026-09-07 17:57:32
캐치,셀트리온,샘플링/이물검사 신입 수시채용 (계약직),"바이오/제약/식품, 생산/제조/설비/조립, 생산관리/공정관리/품질관리",신입,계약직,인천,,2026-09-13,https://www.catch.co.kr/Comp/CompDetail/251763/Recruit/569326,,2026-09-07 17:57:32
캐치,이지스자산운용,인프라부문 기업&인프라파트 매니저 채용,"설문/통계/리서치, 증권/투자/펀드/외환",경력 1~10년,정규직/계약직,서울,,2026-09-30,https://www.catch.co.kr/Comp/CompDetail/F24237/Recruit/569325,,2026-09-07 17:57:32
캐치,엘앤에프,제조기술직 연구보조부문(Pilot실) 계약직 채용,"기계설계/CAD/CAM, 자동차/조선/기계, 전기/소방/통신/안전, 전기/전자/제어, 화학/에너지/환경",신입,계약직,대구,,2026-09-15,https://www.catch.co.kr/Comp/CompDetail/165030/Recruit/569324,,2026-09-07 17:57:32
캐치,HL만도,기계보전 현장직 채용,"생산관리/공정관리/품질관리, 자동차/조선/기계, 전기/전자/제어",경력 3년↑,정규직,조지아주,,2026-09-20,https://www.catch.co.kr/Comp/CompDetail/M14025/Recruit/569323,,2026-09-07 17:57:33
캐치,엘앤에프,제조기술직 자재관리부문 계약직 채용,"구매/자재/재고, 배송/택배/운전, 사무/총무/법무, 생산/제조/설비/조립, 생산관리/공정관리/품질관리, 화물/중장비",신입,계약직,대구,,2026-09-15,https://www.catch.co.kr/Comp/CompDetail/165030/Recruit/569321,,2026-09-07 17:57:33
캐치,LG에너지솔루션,[CTO] 황화물전고체전지 시험원 계약직 채용,생산관리/공정관리/품질관리,신입,계약직,서울,,2026-09-08,https://www.catch.co.kr/Comp/CompDetail/LZ0049/Recruit/569320,,2026-09-07 17:57:33
캐치,엘앤에프,제조기술직 제조부문 계약직 채용,"생산/제조/설비/조립, 생산관리/공정관리/품질관리, 전기/소방/통신/안전",신입,계약직,대구,,2026-09-15,https://www.catch.co.kr/Comp/CompDetail/165030/Recruit/569319,,2026-09-07 17:57:33
캐치,KT,2026년 경력채용 (Cloud/IT 기반 SI사업 제안/이행 PM/PL),"기획/전략/경영, 웹기획/PM/웹마케팅",경력 7년↑,정규직,서울,,2026-09-16,https://www.catch.co.kr/Comp/CompDetail/810193/Recruit/569318,,2026-09-07 17:57:33
캐치,KT,2026년 경력채용 (AI 프로젝트 제안/이행 PM/PL),"네트워크/서버/보안, 빅데이터/AI, 웹기획/PM/웹마케팅, ERP/시스템개발/설계",경력 7년↑,정규직,서울,,2026-09-16,https://www.catch.co.kr/Comp/CompDetail/810193/Recruit/569317,,2026-09-07 17:57:33
캐치,소상공인시장진흥공단,2026년 하반기 청년인턴 [2차] 채용,"기획/전략/경영, 사무/총무/법무, 사무보조/문서작성, 재무/세무/IR",신입,인턴,대전,,2026-09-15,https://www.catch.co.kr/Comp/CompDetail/L42347/Recruit/569316,,2026-09-07 17:57:33
캐치,하이엠솔루텍,시스템에어컨 제품 기술상담사 채용,"고객관리/인바운드, 고객관리/인바운드/아웃바운드",경력무관,기타,경남,,2026-09-13,https://www.catch.co.kr/Comp/CompDetail/B98015/Recruit/569315,,2026-09-07 17:57:33
캐치,LG경영개발원,[LG경영연구원] 노동정책 · 노사관계 연구 및 인사관리 컨설팅 채용,"경영분석/컨설턴트, 인사/노무/교육",경력 10년↑,기타,서울,,2026-09-14,https://www.catch.co.kr/Comp/CompDetail/812650/Recruit/569314,,2026-09-07 17:57:33
캐치,소프트웨어정책연구소,2026년 정규직(연구직) 및 무기계약직(연구직) 채용,"기획/전략/경영, 사무/총무/법무, 설문/통계/리서치, 응용프로그램개발",경력,정규직/계약직,경기,,2026-09-16,https://www.catch.co.kr/Comp/CompDetail/HC9818/Recruit/569313,,2026-09-07 17:57:33
캐치,LG전자,[한국영업본부] D2C플랫폼 엔지니어 채용,"응용프로그램개발, ERP/시스템개발/설계",경력,기타,서울,,2026-09-13,https://www.catch.co.kr/Comp/CompDetail/196275/Recruit/569312,,2026-09-07 17:57:33
캐치,롯데GRS,2026 9월 신입사원 채용 (채용연계형 인턴십) #공채,"구매/자재/재고, 기획/전략/경영, 마케팅/PR/분석, 배송/택배/운전, 상품기획/MD, 영업관리/지원/영업기획, 전기/소방/통신/안전",신입,인턴,서울,,2026-09-16,https://www.catch.co.kr/Comp/CompDetail/620475/Recruit/569311,,2026-09-07 17:57:33
캐치,LG전자,[한국영업본부] D2C플랫폼 SW/Application 아키텍트 채용,"네트워크/서버/보안, 응용프로그램개발, ERP/시스템개발/설계",경력,기타,서울,,2026-09-13,https://www.catch.co.kr/Comp/CompDetail/196275/Recruit/569310,,2026-09-07 17:57:33
캐치,한국중부발전,2026년도 3차 체험형 인턴 채용,"네트워크/서버/보안, 사무/총무/법무, 생산관리/공정관리/품질관리, 인사/노무/교육, 자동차/조선/기계, 재무/세무/IR, 전기/소방/통신/안전, 전기/전자/제어, 화학/에너지/환경, 환경/플랜트",신입,인턴,충남/인천/서울/세종/제주/경남,,2026-09-16,https://www.catch.co.kr/Comp/CompDetail/163468/Recruit/569309,,2026-09-07 17:57:33
캐치,LG전자,[한국영업본부] D2C플랫폼 PMO 채용,"기획/전략/경영, 웹기획/PM/웹마케팅, 재무/세무/IR",경력,기타,서울,,2026-09-13,https://www.catch.co.kr/Comp/CompDetail/196275/Recruit/569308,,2026-09-07 17:57:33
캐치,일진전기,전선시공팀 담당자 채용,"건축/설계/인테리어, 생산관리/공정관리/품질관리, 시공/현장/감리/공무, 전기/소방/통신/안전, 전기/전자/제어",경력,기타,서울/전국/기타해외,,2026-10-28,https://www.catch.co.kr/Comp/CompDetail/C17778/Recruit/569306,,2026-09-07 17:57:33
캐치,LG전자,[한국영업본부] D2C플랫폼 서비스 기획자 채용,"기획/전략/경영, 웹기획/PM/웹마케팅",경력 7년↑,기타,서울,,2026-09-13,https://www.catch.co.kr/Comp/CompDetail/196275/Recruit/569305,,2026-09-07 17:57:33
캐치,일진전기,"전선해외영업 (중동,아시아) 담당자 채용","마케팅/PR/분석, 무역영업/해외영업, 설문/통계/리서치, 영업관리/지원/영업기획, B2B영업/기술영업",경력 3년↑,기타,서울,,2026-10-27,https://www.catch.co.kr/Comp/CompDetail/C17778/Recruit/569304,,2026-09-07 17:57:33
캐치,롯데웰푸드,2026년 09월 신입채용 인턴전형 #공채,"구매/자재/재고, 기획/전략/경영, 마케팅/PR/분석, 무역영업/해외영업, 생산관리/공정관리/품질관리, 영업관리/지원/영업기획, 인사/노무/교육, 재무/세무/IR, 전기/전자/제어",신입,인턴,서울/전국,,2026-09-14,https://www.catch.co.kr/Comp/CompDetail/IV0057/Recruit/569303,,2026-09-07 17:57:33
캐치,현대그린푸드,교육팀 CS강사 경력 채용,교육기획/교재,경력,기타,경기,,2026-09-13,https://www.catch.co.kr/Comp/CompDetail/PU1004/Recruit/569302,,2026-09-07 17:57:33
캐치,금호타이어,'26년 하반기 별정직 채용(신입/경력),"생산관리/공정관리/품질관리, 자동차/조선/기계",경력,계약직,전남광주/경기/전국,,2026-09-10,https://www.catch.co.kr/Comp/CompDetail/213790/Recruit/569301,,2026-09-07 17:57:33
캐치,한섬,SMART HUB e-BIZ 경력채용(3년 이상),"경리/회계/결산, 고객관리/인바운드, 구매/자재/재고, 배송/택배/운전",경력 3~10년,정규직,경기,,2026-09-30,https://www.catch.co.kr/Comp/CompDetail/088102/Recruit/569300,,2026-09-07 17:57:33
캐치,현대그린푸드,AI 데이터 엔지니어(AX 과제 기획 및 MLOps) 채용,"빅데이터/AI, DBA/데이터베이스",경력 5~7년,기타,경기,,2026-09-13,https://www.catch.co.kr/Comp/CompDetail/PU1004/Recruit/569299,,2026-09-07 17:57:33
캐치,금호타이어,'26년 하반기 채용(신입/경력),"기획/전략/경영, 마케팅/PR/분석, 무역영업/해외영업, 사무/총무/법무, 생산관리/공정관리/품질관리, 영업관리/지원/영업기획, 인사/노무/교육, 자동차/조선/기계, 재무/세무/IR, ERP/시스템개발/설계",경력,정규직,전남광주/서울/경기/강원/부산/울산/경북/경남/대구,,2026-09-10,https://www.catch.co.kr/Comp/CompDetail/213790/Recruit/569298,,2026-09-07 17:57:33
캐치,한화투자증권,"업무혁신팀 장내매매(국내/해외주식, 파생) 업무개발 경력 직원 채용","네트워크/서버/보안, 웹기획/PM/웹마케팅, 증권/투자/펀드/외환",경력 3년↑,계약직,서울,,2026-09-14,https://www.catch.co.kr/Comp/CompDetail/860026/Recruit/569297,,2026-09-07 17:57:33
캐치,한화시스템,[방산] 브랜딩 및 SNS 채널 운영 담당 경력사원 채용,"기획/전략/경영, 마케팅/PR/분석, 콘텐츠/사이트운영",경력 8년↓,정규직,서울,,2026-09-20,https://www.catch.co.kr/Comp/CompDetail/128888/Recruit/569295,,2026-09-07 17:57:33
캐치,한화라이프랩,마케팅추진팀 담당자 채용,"마케팅/PR/분석, 영업관리/지원/영업기획",경력 3년↑,정규직,서울,,2026-09-13,https://www.catch.co.kr/Comp/CompDetail/388750/Recruit/569293,,2026-09-07 17:57:33
캐치,CJ포디플렉스,[CJ 4DPLEX] Contents Business PM 모집,"네트워크/서버/보안, 빅데이터/AI, 웹기획/PM/웹마케팅",경력 9년↑,계약직,서울,,2026-09-13,https://www.catch.co.kr/Comp/CompDetail/F39230/Recruit/569292,,2026-09-07 17:57:33
캐치,일진다이아몬드,연구기획팀 채용,기획/전략/경영,경력 5년↑,기타,충북,,2026-10-26,https://www.catch.co.kr/Comp/CompDetail/364788/Recruit/569291,,2026-09-07 17:57:33
캐치,일진다이아몬드,개발팀 신입사원 채용_PCBN,"설문/통계/리서치, 화학/에너지/환경",신입,기타,충북,,2026-10-26,https://www.catch.co.kr/Comp/CompDetail/364788/Recruit/569290,,2026-09-07 17:57:33
캐치,CJ웰케어,사업관리 경력채용,"기획/전략/경영, 재무/세무/IR",경력 5년↑,정규직,서울,,2026-09-12,https://www.catch.co.kr/Comp/CompDetail/OU9774/Recruit/569289,,2026-09-07 17:57:34
캐치,한화,"[글로벌부문] 온산공장 공정 유지보수 경력사원 채용 (기계,장치/배관,계전)","구매/자재/재고, 자동차/조선/기계, 전기/소방/통신/안전, 전기/전자/제어, 화학/에너지/환경",경력,정규직,울산,,2026-09-09,https://www.catch.co.kr/Comp/CompDetail/350893/Recruit/569288,,2026-09-07 17:57:34
캐치,일진다이아몬드,개발팀 신입사원 채용_MP,"생산/제조/설비/조립, 화학/에너지/환경",신입,기타,충북,,2026-10-26,https://www.catch.co.kr/Comp/CompDetail/364788/Recruit/569287,,2026-09-07 17:57:34
캐치,CJ올리브네트웍스,[경력] 데이터 분석 플랫폼 개발 및 운영(Data Engineer),"빅데이터/AI, DBA/데이터베이스, ERP/시스템개발/설계",경력,정규직,서울,,2026-09-30,https://www.catch.co.kr/Comp/CompDetail/046305/Recruit/569286,,2026-09-07 17:57:34
캐치,CJ대한통운,그래픽 디자이너 경력직 채용 ,"광고/시각디자인, 그래픽디자인/CG",경력 2~5년,정규직,서울,,2026-10-30,https://www.catch.co.kr/Comp/CompDetail/710083/Recruit/569285,,2026-09-07 17:57:34
캐치,CJ대한통운,IR팀장 경력직 채용,"기획/전략/경영, 재무/세무/IR",경력 8년↑,정규직,서울,,2026-10-31,https://www.catch.co.kr/Comp/CompDetail/710083/Recruit/569284,,2026-09-07 17:57:34
캐치,세스코,해충방제 솔루션 상품관리 채용,"기획/전략/경영, 네트워크/서버/보안, 빅데이터/AI, 웹기획/PM/웹마케팅, ERP/시스템개발/설계",경력 5년↑,정규직,서울,,2026-09-14,https://www.catch.co.kr/Comp/CompDetail/024171/Recruit/569282,,2026-09-07 17:57:34
캐치,세스코,스마트 해충방제 솔루션 상품기획(PM) 채용,"기획/전략/경영, 마케팅/PR/분석, 상품기획/MD",경력 3년↑,정규직,서울,,2026-09-14,https://www.catch.co.kr/Comp/CompDetail/024171/Recruit/569281,,2026-09-07 17:57:34
캐치,세스코,시험분석 영업(대구사업부) 채용,"마케팅/PR/분석, 영업관리/지원/영업기획, 일반영업",경력 3년↑,정규직,대구,,2026-09-14,https://www.catch.co.kr/Comp/CompDetail/024171/Recruit/569280,,2026-09-07 17:57:34
캐치,CJ푸드빌,음성공장 인사운영 경력사원 채용,"경리/회계/결산, 사무/총무/법무, 인사/노무/교육",경력 1~3년,기타,충북,,2026-09-12,https://www.catch.co.kr/Comp/CompDetail/145104/Recruit/569279,,2026-09-07 17:57:34
캐치,인텔렉추얼데이터,eDiscovery Account Management,기획/전략/경영,경력 3~6년,정규직,서울,,2026-09-30,https://www.catch.co.kr/Comp/CompDetail/JP4540/Recruit/569278,,2026-09-07 17:57:34
캐치,세스코,온라인 렌탈총판 영업 및 기획 채용,"고객관리/인바운드, 마케팅/PR/분석, 영업관리/지원/영업기획, B2B영업/기술영업",경력 7년↑,정규직,서울,,2026-09-13,https://www.catch.co.kr/Comp/CompDetail/024171/Recruit/569277,,2026-09-07 17:57:34
캐치,다인정공,[신입/경력] 연구소부문 제품개발 담당자 채용,"기계설계/CAD/CAM, 사무/총무/법무, 자동차/조선/기계, 전기/전자/제어",경력 5년↓,정규직,경기,,2026-12-31,https://www.catch.co.kr/Comp/CompDetail/008226/Recruit/569276,,2026-09-07 17:57:34
캐치,에스피삼화,재무 신입 채용,재무/세무/IR,신입,정규직,서울,,2026-09-16,https://www.catch.co.kr/Comp/CompDetail/351334/Recruit/569275,,2026-09-07 17:57:34
캐치,안동문화방송,2026년 안동MBC 신입 및 경력사원 채용 #공채,"감독/연출/PD, 기자, 영상/사진/촬영, 진행/아나운서/성우/기자",경력,정규직/계약직,경북,,2026-09-13,https://www.catch.co.kr/Comp/CompDetail/920169/Recruit/569274,,2026-09-07 17:57:34
캐치,뷰티셀렉션,[Biodance] CX Manager (1년 계약직),고객관리/인바운드,경력 1년↑,계약직,서울,,2026-11-01,https://www.catch.co.kr/Comp/CompDetail/JZ2711/Recruit/569273,,2026-09-07 17:57:34
캐치,수산인더스트리,"[발전소 경상정비] 기계, 전기 신입/경력 직원 채용","생산관리/공정관리/품질관리, 자동차/조선/기계, 전기/전자/제어",경력 3년↑,정규직,충남,,2026-09-13,https://www.catch.co.kr/Comp/CompDetail/142115/Recruit/569272,,2026-09-07 17:57:34
캐치,지식재산처,2026년 제3차 청년인턴 채용,"사무/총무/법무, 사무보조/문서작성, 영업관리/지원/영업기획",신입,인턴,대구/대전,,2026-09-09,https://www.catch.co.kr/Comp/CompDetail/F13904/Recruit/569271,,2026-09-07 17:57:34
캐치,수행기사," [잠실/롯데월드몰]위드뮤 매장 굿즈 판매 신규 스탭(월,수,목,토,일)",판매/캐셔/매장관리,경력무관,계약직/기타,서울,,2026-11-01,https://www.catch.co.kr/Comp/CompDetail/A39BC/Recruit/569270,,2026-09-07 17:57:34
캐치,NHN클라우드,[NHN Cloud] 데이터센터 구축 (기계/자동제어 설비),환경/플랜트,경력 10년↑,정규직,경기,,2026-11-01,https://www.catch.co.kr/Comp/CompDetail/OZ4529/Recruit/569269,,2026-09-07 17:57:34
캐치,에이피알,[PR] 글로벌 PR 담당 경력사원 모집,마케팅/PR/분석,경력 6~10년,정규직,서울,,2026-11-01,https://www.catch.co.kr/Comp/CompDetail/M23872/Recruit/569267,,2026-09-07 17:57:34
캐치,브레이브모바일,[숨고] Recruiting Assistant (계약직),"사무보조/문서작성, 인사/노무/교육",경력무관,계약직,서울,,2026-09-17,https://www.catch.co.kr/Comp/CompDetail/M40414/Recruit/569266,,2026-09-07 17:57:34
캐치,LG경영개발원,[LG AI연구원] 개인정보보호 담당자 채용,"교육기획/교재, 네트워크/서버/보안",경력,기타,서울,,2026-11-01,https://www.catch.co.kr/Comp/CompDetail/812650/Recruit/569265,,2026-09-07 17:57:34
캐치,한국스탠다드차타드은행,"[정규직] SC제일은행 자산부채관리부_Analyst, Treasury Liquidity(대리~과장) 채용","사무/총무/법무, 재무/세무/IR",경력,정규직,서울,,2026-09-10,https://www.catch.co.kr/Comp/CompDetail/840122/Recruit/569264,,2026-09-07 17:57:34
캐치,코오롱글로텍,2026년 9월 (기능직) 수시채용,"생산/제조/설비/조립, 포장/가공",신입,정규직,경북,,2026-09-10,https://www.catch.co.kr/Comp/CompDetail/325732/Recruit/569263,,2026-09-07 17:57:34
캐치,코오롱제약,2026년 9월 (마케팅) 수시채용,마케팅/PR/분석,경력 10년↑,정규직,서울,,2026-09-08,https://www.catch.co.kr/Comp/CompDetail/351776/Recruit/569262,,2026-09-07 17:57:34
캐치,코오롱제약,2026년 9월 (영업) 수시채용,"영업관리/지원/영업기획, 일반영업, B2B영업/기술영업",경력 3~10년,정규직,경기,,2026-09-08,https://www.catch.co.kr/Comp/CompDetail/351776/Recruit/569261,,2026-09-07 17:57:34
캐치,한국스탠다드차타드은행,[정규직] SC제일은행 글로벌기업금융부문 ARM 직원 채용,"사무/총무/법무, 영업관리/지원/영업기획, B2B영업/기술영업",경력 5년↑,정규직,서울,,2026-09-13,https://www.catch.co.kr/Comp/CompDetail/840122/Recruit/569260,,2026-09-07 17:57:34
캐치,LG CNS,클라우드 인프라 아키텍트 (경력) 채용,"네트워크/서버/보안, 웹기획/PM/웹마케팅, DBA/데이터베이스, ERP/시스템개발/설계",경력,기타,서울/전국,,2026-09-30,https://www.catch.co.kr/Comp/CompDetail/812536/Recruit/569259,,2026-09-07 17:57:34
캐치,한국소방산업기술원,2026년 제2차 체험형 청년인턴 채용,"기획/전략/경영, 사무/총무/법무, 인사/노무/교육, 재무/세무/IR, 전기/소방/통신/안전, 화학/에너지/환경",신입,인턴,경기/충북,,2026-09-14,https://www.catch.co.kr/Comp/CompDetail/074036/Recruit/569258,,2026-09-07 17:57:34
캐치,LG CNS,금융(은행/카드) 글로벌/코어영역 전문가 (경력) 채용,"기획/전략/경영, 웹기획/PM/웹마케팅, 응용프로그램개발, ERP/시스템개발/설계",경력 3년↑,기타,서울/전국,,2026-09-30,https://www.catch.co.kr/Comp/CompDetail/812536/Recruit/569257,,2026-09-07 17:57:35
캐치,한국해양진흥공사,2026년 하반기 정규직(신입사원) 채용 #공채,"기획/전략/경영, 네트워크/서버/보안, 사무/총무/법무, 응용프로그램개발, 인사/노무/교육, 재무/세무/IR, ERP/시스템개발/설계",신입,정규직,부산,,2026-09-15,https://www.catch.co.kr/Comp/CompDetail/JE3141/Recruit/569256,,2026-09-07 17:57:35
캐치,LG CNS,클라우드 인프라 사업 개발 분야 (경력) 채용,"기획/전략/경영, 웹기획/PM/웹마케팅",경력 3년↑,기타,서울,,2026-09-30,https://www.catch.co.kr/Comp/CompDetail/812536/Recruit/569255,,2026-09-07 17:57:35
캐치,한국전력공사,2026년도 연구직 채용,"기획/전략/경영, 마케팅/PR/분석, 빅데이터/AI, 설문/통계/리서치, 시설/보안/경비/안전, 전기/소방/통신/안전, 전기/전자/제어, 화학/에너지/환경, DBA/데이터베이스, ERP/시스템개발/설계",경력,정규직,전남광주/대전,,2026-09-14,https://www.catch.co.kr/Comp/CompDetail/400211/Recruit/569254,,2026-09-07 17:57:35
캐치,하이엠솔루텍,[정규직] 해외 칠러서비스 기술지원 담당자 채용,"교육기획/교재, QA/테스트/검증",경력 3년↑,정규직,서울/기타해외,,2026-09-13,https://www.catch.co.kr/Comp/CompDetail/B98015/Recruit/569253,,2026-09-07 17:57:35
캐치,신용보증기금,2026년도 하반기 신입직원 채용 #공채,"기획/전략/경영, 네트워크/서버/보안, 빅데이터/AI, 사무/총무/법무, 응용프로그램개발, 재무/세무/IR, 증권/투자/펀드/외환",신입,정규직,대구/전국,,2026-09-16,https://www.catch.co.kr/Comp/CompDetail/988201/Recruit/569252,,2026-09-07 17:57:35
캐치,진학사,[진학사] AX팀 AI엔지니어 인재 채용(신입),"빅데이터/AI, DBA/데이터베이스",신입,정규직,서울,,2026-09-13,https://www.catch.co.kr/Comp/CompDetail/090096/Recruit/569251,,2026-09-07 17:57:35
캐치,HS애드,[HSAD] 인사기획 채용담당자 경력사원 채용,인사/노무/교육,경력 4~6년,기타,서울,,2026-09-21,https://www.catch.co.kr/Comp/CompDetail/820393/Recruit/569250,,2026-09-07 17:57:35
캐치,비즈테크아이,네트워크 운영 담당자 (경력) 채용,네트워크/서버/보안,경력,기타,서울/충북,,2026-10-31,https://www.catch.co.kr/Comp/CompDetail/222130/Recruit/569249,,2026-09-07 17:57:35
캐치,이화다이아몬드공업,2026년 신입 및 경력 수시 채용,"고객관리/인바운드, 네트워크/서버/보안, 마케팅/PR/분석, 무역영업/해외영업, 반도체/디스플레이, 생산관리/공정관리/품질관리, 자동차/조선/기계, 화학/에너지/환경, B2B영업/기술영업, ERP/시스템개발/설계",경력,정규직,경기/기타해외,,2026-09-10,https://www.catch.co.kr/Comp/CompDetail/380288/Recruit/569248,,2026-09-07 17:57:35
캐치,로보스타,로봇 SW 개발 경력사원 채용,"기계설계/CAD/CAM, 응용프로그램개발, ERP/시스템개발/설계",경력 5년↑,기타,경기,,2026-09-22,https://www.catch.co.kr/Comp/CompDetail/186153/Recruit/569247,,2026-09-07 17:57:35
캐치,로보스타,회로/FW 설계 경력사원 채용,"기계설계/CAD/CAM, 전기/전자/제어",경력 5년↑,기타,경기,,2026-09-22,https://www.catch.co.kr/Comp/CompDetail/186153/Recruit/569246,,2026-09-07 17:57:35
캐치,악사손해보험,부산자동차 TM부 Trainer 채용,"교육기획/교재, 기획/전략/경영, 사무/총무/법무, 사무보조/문서작성, 설문/통계/리서치, 영업관리/지원/영업기획",경력 1년↑,계약직,부산,,2026-09-13,https://www.catch.co.kr/Comp/CompDetail/158989/Recruit/569245,,2026-09-07 17:57:35
캐치,데이원컴퍼니,[패스트캠퍼스 B2G][전환형 인턴] 교육 운영/관리 매니저 (Learning Experience Manager),학원관리/운영/상담,경력무관,인턴,서울,,2026-09-17,https://www.catch.co.kr/Comp/CompDetail/IP5001/Recruit/569244,,2026-09-07 17:57:35
캐치,악사손해보험,소비자보호팀 전담직 사원 채용,"고객관리/인바운드, 사무/총무/법무, 설문/통계/리서치, 채권/보험/보상/심사",경력무관,계약직,서울,,2026-09-09,https://www.catch.co.kr/Comp/CompDetail/158989/Recruit/569243,,2026-09-07 17:57:35
캐치,로보스타,구매 담당자 경력사원 채용,구매/자재/재고,경력 3~7년,기타,경기,,2026-09-22,https://www.catch.co.kr/Comp/CompDetail/186153/Recruit/569242,,2026-09-07 17:57:35
캐치,비전바이오켐,[식품·바이오 소재] 2026년 하반기 기술영업 신입사원 채용,"고객관리/인바운드, 마케팅/PR/분석, 무역영업/해외영업, 바이오/제약/식품, B2B영업/기술영업",신입,기타,서울,,2026-09-08,https://www.catch.co.kr/Comp/CompDetail/455261/Recruit/569241,,2026-09-07 17:57:35
캐치,로보스타,로봇/물류 자동화 장비 기구설계 경력사원 채용,"기계설계/CAD/CAM, 자동차/조선/기계",경력,기타,경기,,2026-09-22,https://www.catch.co.kr/Comp/CompDetail/186153/Recruit/569240,,2026-09-07 17:57:35
캐치,로보스타,반도체 장비 조립/제작 경력사원 채용,"반도체/디스플레이, 생산/제조/설비/조립, 자동차/조선/기계, 전기/전자/제어",경력,기타,경기,,2026-09-22,https://www.catch.co.kr/Comp/CompDetail/186153/Recruit/569239,,2026-09-07 17:57:35
캐치,김앤장법률사무소,송무 스탭(신입) 수시 채용,"고객관리/인바운드, 법률/특허/상표, 사무/총무/법무, 사무보조/문서작성, 설문/통계/리서치",신입,기타,서울,,2026-09-13,https://www.catch.co.kr/Comp/CompDetail/A0060/Recruit/569238,,2026-09-07 17:57:35
캐치,LS일렉트릭,2026년 9월 부산사업장 제조(생산) 촉탁직 수시 채용,"생산/제조/설비/조립, 생산관리/공정관리/품질관리",경력,계약직,부산,,2026-09-13,https://www.catch.co.kr/Comp/CompDetail/388696/Recruit/569237,,2026-09-07 17:57:35
캐치,한국직업능력연구원,(재공고) 2026년도 제3차 청년인턴(보훈) 채용,"사무/총무/법무, 사무보조/문서작성",신입,인턴,세종,,2026-09-16,https://www.catch.co.kr/Comp/CompDetail/382501/Recruit/569236,,2026-09-07 17:57:35
캐치,GS건설,2026년 하반기 신입사원 채용 #공채,"건축/설계/인테리어, 기획/전략/경영, 마케팅/PR/분석, 부동산/중개/분양/경매, 사무/총무/법무, 생산관리/공정관리/품질관리, 시공/현장/감리/공무, 시설/보안/경비/안전, 재무/세무/IR, 전기/소방/통신/안전, 토목/조경/도시/측량, 환경/플랜트",신입,정규직,서울,,2026-09-20,https://www.catch.co.kr/Comp/CompDetail/500143/Recruit/569235,,2026-09-07 17:57:35
캐치,나노종합기술원,2026년도 제7차 위촉직 채용,"바이오/제약/식품, 반도체/디스플레이, 생산관리/공정관리/품질관리, 전기/전자/제어, 화학/에너지/환경",경력,계약직/기타,대전,,2026-09-15,https://www.catch.co.kr/Comp/CompDetail/HC9811/Recruit/569234,,2026-09-07 17:57:35
캐치,한국지방재정공제회,2026년도 하반기 연구직 직원 채용,"기획/전략/경영, 설문/통계/리서치",경력,정규직,서울,,2026-09-16,https://www.catch.co.kr/Comp/CompDetail/074094/Recruit/569233,,2026-09-07 17:57:35
캐치,안진회계법인,[딜로이트 안진회계법인] 회계감사부문 보험 IFRS17·K-ICS·계리/재무통합 컨설팅 인력 채용,"경영분석/컨설턴트, 재무/세무/IR",경력 6년↑,정규직,서울,,2026-09-23,https://www.catch.co.kr/Comp/CompDetail/066262/Recruit/569232,,2026-09-07 17:57:35
캐치,한국지방재정공제회,2026년도 하반기 일반직 직원 채용 #공채,"네트워크/서버/보안, 사무/총무/법무, 응용프로그램개발, 재무/세무/IR, ERP/시스템개발/설계",신입,정규직,서울/전국/전북,,2026-09-16,https://www.catch.co.kr/Comp/CompDetail/074094/Recruit/569231,,2026-09-07 17:57:35
캐치,국립중앙의료원,"계약직 연구원(감염병사업지원팀, 모자의료지원팀, 인력지원교육팀, 책임의료기관지원팀, 치매정책기획팀) 채용","기획/전략/경영, 사무/총무/법무, 설문/통계/리서치, 영업관리/지원/영업기획, 재무/세무/IR",경력,계약직,서울,,2026-09-16,https://www.catch.co.kr/Comp/CompDetail/F13982/Recruit/569230,,2026-09-07 17:57:35
캐치,머크,Advanced Packaging Principle Integration Technologist 채용,"기계설계/CAD/CAM, 반도체/디스플레이",경력 10년↑,기타,서울,,2026-11-01,https://www.catch.co.kr/Comp/CompDetail/162540/Recruit/569229,,2026-09-07 17:57:35
캐치,머크,"Equipment Engineer (유관 경력 최소 5년 이상, 영어 가능자, 안산 근무) 채용","기계설계/CAD/CAM, 반도체/디스플레이",경력 5년↑,기타,경기,,2026-11-01,https://www.catch.co.kr/Comp/CompDetail/162540/Recruit/569228,,2026-09-07 17:57:35
캐치,국립중앙의료원,업무지원직 콜센터 매니저(원무팀) 채용,고객관리/인바운드,경력 3년↑,기타,서울,,2026-09-16,https://www.catch.co.kr/Comp/CompDetail/F13982/Recruit/569227,,2026-09-07 17:57:36
캐치,국립중앙의료원,업무지원직 콜센터(원무팀) 채용,고객관리/인바운드,경력,기타,서울,,2026-09-16,https://www.catch.co.kr/Comp/CompDetail/F13982/Recruit/569225,,2026-09-07 17:57:36
캐치,머크,"QC Specialist (5년 이상,Microbial testing) 채용",바이오/제약/식품,경력 5년↑,기타,대전,,2026-11-01,https://www.catch.co.kr/Comp/CompDetail/162540/Recruit/569224,,2026-09-07 17:57:36
캐치,티머니모빌리티,자율주행 관제시스템 기획/설계 직무 경력직 채용,"웹기획/PM/웹마케팅, ERP/시스템개발/설계",경력 7년↑,기타,서울,,2026-09-09,https://www.catch.co.kr/Comp/CompDetail/RP4895/Recruit/569223,,2026-09-07 17:57:36
캐치,국립중앙의료원,무기계약직 간호사(간호부) 채용,간호사,경력 3년↑,계약직,서울,,2026-09-16,https://www.catch.co.kr/Comp/CompDetail/F13982/Recruit/569222,,2026-09-07 17:57:36
캐치,한솔섬유,[베트남법인] 사업부(해외영업) 경력 채용,"무역영업/해외영업, 생산관리/공정관리/품질관리",경력 3~9년,기타,베트남,,2026-11-11,https://www.catch.co.kr/Comp/CompDetail/125210/Recruit/569221,,2026-09-07 17:57:36
캐치,한솔섬유,[본사] CSR&Sustainability부(글로벌 컴플라이언스/ESG 공급망 관리) 경력 채용,"구매/자재/재고, 기획/전략/경영, 사무/총무/법무",경력 3년↑,정규직,서울,,2026-10-31,https://www.catch.co.kr/Comp/CompDetail/125210/Recruit/569219,,2026-09-07 17:57:36
캐치,한국네트웍스,[미주법인_주재원] 물류자동화 설비 유지보수 채용,"건축/설계/인테리어, 시공/현장/감리/공무",경력 3년↑,계약직,테네시주,,2026-09-30,https://www.catch.co.kr/Comp/CompDetail/153529/Recruit/569218,,2026-09-07 17:57:36
캐치,파이널나인,(주) 파이널나인 정규직 매니저님 모집합니다.,외식/식음료,경력무관,정규직,대구,,2026-11-01,https://www.catch.co.kr/Comp/CompDetail/JC6907/Recruit/569217,,2026-09-07 17:57:36
캐치,GS칼텍스,2026년 하반기 신입/경력사원 채용 #공채,"구매/자재/재고, 기획/전략/경영, 마케팅/PR/분석, 무역사무/수출입, 생산관리/공정관리/품질관리, 영업관리/지원/영업기획, 일반영업, 재무/세무/IR, 전기/소방/통신/안전, 전기/전자/제어, 화학/에너지/환경",경력,정규직,서울/전남/전국/대전,,2026-09-15,https://www.catch.co.kr/Comp/CompDetail/352705/Recruit/569216,,2026-09-07 17:57:36
캐치,NHN KCP,[개발3팀] 백엔드(API) 개발 담당 채용,"네트워크/서버/보안, 웹개발",경력 5~8년,정규직,서울,,2026-11-01,https://www.catch.co.kr/Comp/CompDetail/053138/Recruit/569215,,2026-09-07 17:57:36
캐치,NHN KCP,[Web3팀] 블록체인 플랫폼 개발 담당(3년 이상) 채용,ERP/시스템개발/설계,경력 3년↑,정규직,서울,,2026-11-01,https://www.catch.co.kr/Comp/CompDetail/053138/Recruit/569214,,2026-09-07 17:57:36
캐치,LX인터내셔널,인도네시아 법인 현장 총무 채용,사무/총무/법무,경력 3년↑,기타,인도네시아,,2026-09-26,https://www.catch.co.kr/Comp/CompDetail/610224/Recruit/569213,,2026-09-07 17:57:36
캐치,NHN KCP,[Web3팀] 디지털 월렛 모바일 앱 개발 담당(2년 이상) 채용,"웹개발, 응용프로그램개발",경력 2~8년,정규직,서울,,2026-11-01,https://www.catch.co.kr/Comp/CompDetail/053138/Recruit/569212,,2026-09-07 17:57:36
캐치,경기평택항만공사,청년 체험형 인턴 채용,"고객관리/인바운드, 사무/총무/법무, 사무보조/문서작성",신입,인턴,경기,,2026-09-11,https://www.catch.co.kr/Comp/CompDetail/543801/Recruit/569211,,2026-09-07 17:57:36
캐치,린나이코리아,시설/설비관리 생산직 기간제사원 채용,"자동차/조선/기계, 전기/소방/통신/안전, 전기/전자/제어",신입,계약직,인천,,2026-10-31,https://www.catch.co.kr/Comp/CompDetail/383570/Recruit/569210,,2026-09-07 17:57:36
캐치,NHN KCP,[RM팀] 리스크 관리 및 가맹점 응대 담당(팀장급) 채용,"경영분석/컨설턴트, 사무/총무/법무, 증권/투자/펀드/외환",경력 5년↑,정규직,서울,,2026-11-01,https://www.catch.co.kr/Comp/CompDetail/053138/Recruit/569209,,2026-09-07 17:57:36
캐치,에이비비코리아,㈜ABB코리아 각 부문 채용,"고객관리/인바운드, 기계설계/CAD/CAM, 네트워크/서버/보안, 영업관리/지원/영업기획, 웹기획/PM/웹마케팅, 자동차/조선/기계, 재무/세무/IR, 전기/전자/제어, B2B영업/기술영업",경력,정규직,서울/충남,,2026-09-30,https://www.catch.co.kr/Comp/CompDetail/036315/Recruit/569208,,2026-09-07 17:57:36
캐치,NHN KCP,[AML팀] 자금세탁방지(AML) 담당 (6~10년) 채용,사무/총무/법무,경력 6~10년,정규직,서울,,2026-11-01,https://www.catch.co.kr/Comp/CompDetail/053138/Recruit/569207,,2026-09-07 17:57:36
캐치,성신양회,2026년 9월 신입사원(기능직) 인재 채용,"기계설계/CAD/CAM, 생산/제조/설비/조립, 생산관리/공정관리/품질관리, 자동차/조선/기계",신입,인턴,충북,,2026-09-07,https://www.catch.co.kr/Comp/CompDetail/360244/Recruit/569206,,2026-09-07 17:57:36
캐치,NHN KCP,[AI데이터플랫폼팀] 데이터 엔지니어(4년 이상) 채용,"빅데이터/AI, DBA/데이터베이스",경력 4~8년,정규직,서울,,2026-11-01,https://www.catch.co.kr/Comp/CompDetail/053138/Recruit/569205,,2026-09-07 17:57:36
캐치,미라콤아이앤씨,[삼성 SDS 자회사] '26년 경력사원 채용,"기획/전략/경영, 생산관리/공정관리/품질관리, 웹기획/PM/웹마케팅",경력 10년↑,기타,서울,,2026-09-13,https://www.catch.co.kr/Comp/CompDetail/173255/Recruit/569204,,2026-09-07 17:57:36
캐치,피알앤디컴퍼니,[헤이딜러] 대규모 채용,"고객관리/인바운드, 법률/특허/상표, 사무/총무/법무, 생산관리/공정관리/품질관리, 웹기획/PM/웹마케팅, 자동차/조선/기계, AS/서비스/수리, HTML/퍼블리싱/UI개발",경력,정규직/계약직,서울/인천,,2026-09-30,https://www.catch.co.kr/Comp/CompDetail/A0603/Recruit/569202,,2026-09-07 17:57:36
캐치,매일유업,아산공장 생산팀 정규직 채용,"생산/제조/설비/조립, 생산관리/공정관리/품질관리",신입,정규직,충남,,2026-10-31,https://www.catch.co.kr/Comp/CompDetail/IP7458/Recruit/569201,,2026-09-07 17:57:36
캐치,매일유업,영동공장 공무환경팀 전기담당 정규직 채용,"전기/소방/통신/안전, 전기/전자/제어",경력 2년↑,정규직,충북,,2026-09-08,https://www.catch.co.kr/Comp/CompDetail/IP7458/Recruit/569200,,2026-09-07 17:57:36
캐치,셀트리온제약,생산 분야 수시채용 (신입/경력),"기획/전략/경영, 바이오/제약/식품, 사무/총무/법무, 사무보조/문서작성, 생산/제조/설비/조립, 생산관리/공정관리/품질관리",경력,정규직,충북,,2026-09-13,https://www.catch.co.kr/Comp/CompDetail/164557/Recruit/569199,,2026-09-07 17:57:36
캐치,영원무역,9월 경력/신입 상시채용,"경리/회계/결산, 무역사무/수출입, 무역영업/해외영업, 법률/특허/상표, 사무/총무/법무, 생산관리/공정관리/품질관리, 섬유/의류/패션, 영업관리/지원/영업기획, 재무/세무/IR",경력,기타,서울,,2026-09-30,https://www.catch.co.kr/Comp/CompDetail/C89248/Recruit/569198,,2026-09-07 17:57:36
캐치,소노인터내셔널,[소노캄 경주] 부문 별 신입/경력 인재 채용,"요리/영양/제과제빵/바리스타, 일반영업, 전기/소방/통신/안전, 전기/전자/제어",경력 2년↑,정규직,경북,,2026-09-13,https://www.catch.co.kr/Comp/CompDetail/382359/Recruit/569197,,2026-09-07 17:57:36
캐치,이노션,공간 디자인 채용,"기획/전략/경영, 마케팅/PR/분석, 전시/공간디자인",경력 8년↑,정규직,서울,,2026-09-14,https://www.catch.co.kr/Comp/CompDetail/381929/Recruit/569196,,2026-09-07 17:57:36
캐치,현대약품,각 부문 채용,"고객관리/인바운드, 구매/자재/재고, 마케팅/PR/분석, 무역영업/해외영업, 바이오/제약/식품, 생산/제조/설비/조립, 생산관리/공정관리/품질관리, 약사/한약사/약무보조, 영업관리/지원/영업기획, 콘텐츠/사이트운영, B2B영업/기술영업",경력,정규직/계약직,충남/대전/충북/서울/경기/인천,,2026-09-27,https://www.catch.co.kr/Comp/CompDetail/351237/Recruit/569195,,2026-09-07 17:57:36
캐치,이노션,CX 기획 업무 보조 (체험형 인턴) 채용,"마케팅/PR/분석, 사무/총무/법무, 사무보조/문서작성",경력무관,인턴,서울,,2026-09-13,https://www.catch.co.kr/Comp/CompDetail/381929/Recruit/569194,,2026-09-07 17:57:37
캐치,LX판토스,말레이시아 CL PI 직무 채용(현지채용),"배송/택배/운전, 빅데이터/AI, 전기/소방/통신/안전",경력 5년↑,기타,말레이시아,,2026-10-01,https://www.catch.co.kr/Comp/CompDetail/027952/Recruit/569193,,2026-09-07 17:57:37
캐치,국도화학,SCM기획관리 담당 경력 채용,"구매/자재/재고, 배송/택배/운전, 생산관리/공정관리/품질관리",경력 8년↑,기타,서울,,2026-09-14,https://www.catch.co.kr/Comp/CompDetail/350036/Recruit/569192,,2026-09-07 17:57:37
캐치,파인디지털,[분당 상장사] 파인뷰 온라인 영업 부문 경력 채용 (사원~대리),"경리/회계/결산, 사무/총무/법무, 사무보조/문서작성, 상품기획/MD, 영업관리/지원/영업기획, 일반영업, B2B영업/기술영업",경력 2~8년,정규직/계약직,경기,,2026-09-09,https://www.catch.co.kr/Comp/CompDetail/217484/Recruit/569191,,2026-09-07 17:57:37
캐치,DN솔루션즈,[신입] 운영지원 업무 신입사원 채용 (서울),"사무/총무/법무, 사무보조/문서작성",신입,계약직,서울,,2026-09-13,https://www.catch.co.kr/Comp/CompDetail/HO2341/Recruit/569190,,2026-09-07 17:57:37
캐치,파인디지털,[분당 상장사] 파인뷰 블랙박스 해외영업 부문 경력 채용(대리급),"무역사무/수출입, 무역영업/해외영업, 영업관리/지원/영업기획, 외국어/번역/통역, 일반영업, B2B영업/기술영업",경력 3~5년,정규직,경기,,2026-09-09,https://www.catch.co.kr/Comp/CompDetail/217484/Recruit/569189,,2026-09-07 17:57:37
캐치,카르노플릿,2026년 (주)카르노플릿 냉동 사이클 개발자 경력 채용 (정규직),기계설계/CAD/CAM,경력 8년↑,정규직,서울,,2026-09-16,https://www.catch.co.kr/Comp/CompDetail/AEFA2/Recruit/569188,,2026-09-07 17:57:37
캐치,포스코퓨처엠,2026년 신입/경력사원 채용 #공채,"구매/자재/재고, 기계설계/CAD/CAM, 네트워크/서버/보안, 생산관리/공정관리/품질관리, 인사/노무/교육, 자동차/조선/기계, 재무/세무/IR, 전기/소방/통신/안전, 전기/전자/제어, 화학/에너지/환경",경력,정규직,경북/전남광주/세종/서울,,2026-09-14,https://www.catch.co.kr/Comp/CompDetail/520233/Recruit/569187,,2026-09-07 17:57:37
캐치,HD현대마린솔루션,[HD현대] 26년 하반기 신입사원 채용 #공채,"고객관리/인바운드, 네트워크/서버/보안, 마케팅/PR/분석, 응용프로그램개발, 재무/세무/IR, AS/서비스/수리, B2B영업/기술영업, ERP/시스템개발/설계",신입,정규직,경기/울산,,2026-09-27,https://www.catch.co.kr/Comp/CompDetail/HW1265/Recruit/569186,,2026-09-07 17:57:37
캐치,PTKOREA,[인턴] 대기업 플랫폼 운영 및 소셜 캠페인 운영 보조 채용,"사무보조/문서작성, 콘텐츠/사이트운영",신입,인턴,서울,,2026-09-29,https://www.catch.co.kr/Comp/CompDetail/M01057/Recruit/569185,,2026-09-07 17:57:37
캐치,HDC랩스,[본사] 건설기획UNIT 노무 부문 계약직 경력 채용,"경리/회계/결산, 인사/노무/교육",경력 2년↑,계약직,서울,,2026-09-14,https://www.catch.co.kr/Comp/CompDetail/119266/Recruit/569184,,2026-09-07 17:57:37
캐치,LX세미콘,2026년 9월 경력사원 채용 (대구/부산),"기계설계/CAD/CAM, 네트워크/서버/보안, 반도체/디스플레이, 응용프로그램개발, 자동차/조선/기계, 전기/전자/제어, ERP/시스템개발/설계",경력,기타,대구/부산,,2026-09-14,https://www.catch.co.kr/Comp/CompDetail/187803/Recruit/569182,,2026-09-07 17:57:37
캐치,HD한국조선해양,[HD현대] 26년 하반기 신입사원 채용 #공채,"구매/자재/재고, 기계설계/CAD/CAM, 기획/전략/경영, 배송/택배/운전, 빅데이터/AI, 생산관리/공정관리/품질관리, 영업관리/지원/영업기획, 자동차/조선/기계, B2B영업/기술영업, DBA/데이터베이스, ERP/시스템개발/설계",신입,정규직,경기,,2026-09-27,https://www.catch.co.kr/Comp/CompDetail/382892/Recruit/569181,,2026-09-07 17:57:37
캐치,파인디지털,[분당 상장사] 파인뷰 온라인 영업 부문 경력 채용 (사원~대리),"경리/회계/결산, 사무/총무/법무, 사무보조/문서작성, 상품기획/MD, 영업관리/지원/영업기획, 일반영업, B2B영업/기술영업",경력 2~8년,정규직/계약직,경기,,2026-09-09,https://www.catch.co.kr/Comp/CompDetail/217484/Recruit/569180,,2026-09-07 17:57:37
캐치,서영엔지니어링,"설계(민자,단지,교통) 및 시공(건축) 직원 채용","건축/설계/인테리어, 시공/현장/감리/공무, 토목/조경/도시/측량",경력 3년↑,정규직,경기,,2026-09-11,https://www.catch.co.kr/Comp/CompDetail/046636/Recruit/569179,,2026-09-07 17:57:37
캐치,HD현대일렉트릭,[HD현대] 26년 하반기 신입사원 채용 #공채,"기계설계/CAD/CAM, 기획/전략/경영, 사무/총무/법무, 생산관리/공정관리/품질관리, 인사/노무/교육, 전기/전자/제어, B2B영업/기술영업, ERP/시스템개발/설계",신입,정규직,경기/울산,,2026-09-27,https://www.catch.co.kr/Comp/CompDetail/IP0497/Recruit/569178,,2026-09-07 17:57:37
캐치,HD현대삼호,사내부속의원 간호사(일반계약직) 채용,간호사,경력,계약직,전남,,2026-09-10,https://www.catch.co.kr/Comp/CompDetail/124521/Recruit/569177,,2026-09-07 17:57:37
캐치,LX세미콘,2026년 9월 경력사원 채용 (서울),"기계설계/CAD/CAM, 네트워크/서버/보안, 반도체/디스플레이, 응용프로그램개발, 자동차/조선/기계, 전기/전자/제어, ERP/시스템개발/설계, QA/테스트/검증",경력,기타,서울,,2026-09-14,https://www.catch.co.kr/Comp/CompDetail/187803/Recruit/569175,,2026-09-07 17:57:37
캐치,HD건설기계,[HD현대] 26년 하반기 신입사원 채용 #공채,"구매/자재/재고, 기계설계/CAD/CAM, 기획/전략/경영, 무역영업/해외영업, 생산/제조/설비/조립, 생산관리/공정관리/품질관리, 자동차/조선/기계, 전기/전자/제어, QA/테스트/검증",신입,정규직,경기/인천/울산/전북,,2026-09-27,https://www.catch.co.kr/Comp/CompDetail/IP0484/Recruit/569174,,2026-09-07 17:57:37
캐치,에이앤유디자인그룹건축사사무소,2027년 ANU 대졸 신입사원 공개채용 #공채,"건축/설계/인테리어, 시공/현장/감리/공무, 토목/조경/도시/측량",신입,정규직,서울,,2026-09-20,https://www.catch.co.kr/Comp/CompDetail/498128/Recruit/569173,,2026-09-07 17:57:37
캐치,파인디지털,[분당 상장사] 파인뷰 온라인 영업지원 부문 신입/경력 채용 (사원급),"경리/회계/결산, 사무/총무/법무, 사무보조/문서작성, 상품기획/MD, 영업관리/지원/영업기획",경력 1~3년,계약직,경기,,2026-09-09,https://www.catch.co.kr/Comp/CompDetail/217484/Recruit/569172,,2026-09-07 17:57:37
캐치,HD현대사이트솔루션,[HD현대] 26년 하반기 신입사원 채용 #공채,"기계설계/CAD/CAM, 빅데이터/AI, 응용프로그램개발, 자동차/조선/기계, 전기/전자/제어, ERP/시스템개발/설계",신입,정규직,경기,,2026-09-27,https://www.catch.co.kr/Comp/CompDetail/MC7192/Recruit/569171,,2026-09-07 17:57:37
캐치,HD현대삼호,[HD현대] 26년 하반기 신입사원 채용 #공채,"경영분석/컨설턴트, 기계설계/CAD/CAM, 기획/전략/경영, 빅데이터/AI, 생산관리/공정관리/품질관리, 인사/노무/교육, 자동차/조선/기계, 전기/소방/통신/안전, 화학/에너지/환경, ERP/시스템개발/설계",신입,정규직,전남광주,,2026-09-27,https://www.catch.co.kr/Comp/CompDetail/124521/Recruit/569170,,2026-09-07 17:57:37
캐치,테슬라코리아,[Tesla Korea] 대규모 채용 #공채,"고객관리/인바운드, 구매/자재/재고, 기계설계/CAD/CAM, 마케팅/PR/분석, 반도체/디스플레이, 영업관리/지원/영업기획, 응용프로그램개발, 인사/노무/교육, 일반영업, 전기/전자/제어, 증권/투자/펀드/외환, ERP/시스템개발/설계, QA/테스트/검증",경력 1년↑,정규직,서울/제주/경남/경기/부산/전남광주/대구/대전/인천/전북/전국,,2026-09-15,https://www.catch.co.kr/Comp/CompDetail/HK6557/Recruit/569169,,2026-09-07 17:57:37
캐치,팀스파르타,AI 교육 콘텐츠 기획자 (Curriculum Producer) 채용연계형 인턴,인사/노무/교육,신입,인턴,서울,,2026-11-02,https://www.catch.co.kr/Comp/CompDetail/LD8514/Recruit/569168,,2026-09-07 17:57:37
캐치,에이치케이금융파트너스,[HK금융파트너스] GA 설계사 인사 및 이행보증 경력 채용,"사무/총무/법무, 사무보조/문서작성, 인사/노무/교육",경력 1년↑,계약직,서울,,2026-09-20,https://www.catch.co.kr/Comp/CompDetail/QF1354/Recruit/569167,,2026-09-07 17:57:37
캐치,HD현대중공업,[HD현대] 26년 하반기 신입사원 채용 #공채,"기계설계/CAD/CAM, 기획/전략/경영, 사무/총무/법무, 생산관리/공정관리/품질관리, 인사/노무/교육, 자동차/조선/기계, 재무/세무/IR, 전기/소방/통신/안전, B2B영업/기술영업, ERP/시스템개발/설계",신입,정규직,울산,,2026-09-27,https://www.catch.co.kr/Comp/CompDetail/JP5755/Recruit/569166,,2026-09-07 17:57:37
캐치,한국원자력의학원,제2026-5기 별정직 정기공개채용,"간호사, 간호조무사, 사무/원무/코디, 사무/총무/법무, 사무보조/문서작성, 사회복지/요양보호/자원봉사, 의료기사",경력,계약직,서울,,2026-09-16,https://www.catch.co.kr/Comp/CompDetail/492838/Recruit/569164,,2026-09-07 17:57:37
캐치,포스코A&C,[경남 창원] 소방 분야(특급) 건설사업관리기술인(계약직) 채용,"건축/설계/인테리어, 환경/플랜트",경력,계약직,경남,,2026-10-30,https://www.catch.co.kr/Comp/CompDetail/039012/Recruit/569163,,2026-09-07 17:57:37
캐치,데이원컴퍼니,[패스트캠퍼스 B2G][전환형 인턴]온라인 국비지원 교육 기획자,"교육기획/교재, 기획/전략/경영",신입,인턴,서울,,2026-09-17,https://www.catch.co.kr/Comp/CompDetail/IP5001/Recruit/569162,,2026-09-07 17:57:37
캐치,후니드,"26년도 하반기 공채 인턴영양사, 조리사 채용 #공채",요리/영양/제과제빵/바리스타,신입,인턴,서울/전국,,2026-09-20,https://www.catch.co.kr/Comp/CompDetail/498103/Recruit/569161,,2026-09-07 17:57:39
캐치,후니드,본사 기획팀 경력사원 모집,"기획/전략/경영, 재무/세무/IR",경력 5년↑,정규직,서울,,2026-09-18,https://www.catch.co.kr/Comp/CompDetail/498103/Recruit/569160,,2026-09-07 17:57:39
캐치,HD현대오일뱅크,2026년 하반기 신입사원 채용 #공채,"경리/회계/결산, 네트워크/서버/보안, 무역영업/해외영업, 생산관리/공정관리/품질관리, 인사/노무/교육, 일반영업, 재무/세무/IR, 화학/에너지/환경",신입,정규직,충남/경기,,2026-09-27,https://www.catch.co.kr/Comp/CompDetail/350915/Recruit/569159,,2026-09-07 17:57:39
캐치,서울특별시서울의료원,2026년 제29회 정규직 조리원 직원 채용,요리/영양/제과제빵/바리스타,신입,정규직,서울,,2026-09-11,https://www.catch.co.kr/Comp/CompDetail/043108/Recruit/569158,,2026-09-07 17:57:39
캐치,서울특별시서울의료원,2026년 제28회 정규직 사무관리사(보험심사팀) 직원 채용,"간호사, 채권/보험/보상/심사",신입,정규직,서울,,2026-09-11,https://www.catch.co.kr/Comp/CompDetail/043108/Recruit/569157,,2026-09-07 17:57:39
캐치,서울특별시서울의료원,2026년 제27회 정규직 간호사(권역응급의료센터 응급의료정보관리자) 직원 채용,간호사,신입,정규직,서울,,2026-09-11,https://www.catch.co.kr/Comp/CompDetail/043108/Recruit/569156,,2026-09-07 17:57:39
캐치,한국조세재정연구원,연구위원급(Research Fellow) 채용,"사무/총무/법무, 설문/통계/리서치, 재무/세무/IR",경력,정규직,세종,,2026-09-16,https://www.catch.co.kr/Comp/CompDetail/048803/Recruit/569155,,2026-09-07 17:57:39
캐치,서울특별시서울의료원,2026년 제26회 정규직 간호사(진료협력센터) 직원 채용,간호사,신입,정규직,서울,,2026-09-11,https://www.catch.co.kr/Comp/CompDetail/043108/Recruit/569154,,2026-09-07 17:57:39
캐치,케이웨이프라퍼티,"[한진그룹/케이웨이프라퍼티] FM사업 전기/기계 담당자 채용(인천 영종구, 서울 강서구)",전기/소방/통신/안전,경력 2년↑,계약직,서울/인천,,2026-09-11,https://www.catch.co.kr/Comp/CompDetail/AB003/Recruit/569153,,2026-09-07 17:57:39
캐치,데이원컴퍼니,[DAY1 AI Deployment Company] 대규모 채용 진행,"기획/전략/경영, 빅데이터/AI",경력,정규직,서울,,2026-10-31,https://www.catch.co.kr/Comp/CompDetail/IP5001/Recruit/569152,,2026-09-07 17:57:39
캐치,해송물류,물류 사무직,"경리/회계/결산, 사무보조/문서작성",경력무관,정규직/계약직,경북,,2026-10-01,https://www.catch.co.kr/Comp/CompDetail/AE1BD/Recruit/569151,,2026-09-07 17:57:39
캐치,비바리퍼블리카,[토스증권] Design System Migration Assistant,HTML/퍼블리싱/UI개발,경력무관,계약직,서울,,2026-10-31,https://www.catch.co.kr/Comp/CompDetail/J13695/Recruit/569149,,2026-09-07 17:57:39
캐치,한국가스공사,2026년 하반기 별정직 채용 #공채,"생산관리/공정관리/품질관리, 시설/보안/경비/안전, 전기/소방/통신/안전",경력 1년↑,정규직,전북/전국,,2026-09-15,https://www.catch.co.kr/Comp/CompDetail/001402/Recruit/569147,,2026-09-07 17:57:39
캐치,한국가스공사,2026년 하반기 연구직 채용 #공채,"전기/전자/제어, 화학/에너지/환경",경력,정규직,경기,,2026-09-15,https://www.catch.co.kr/Comp/CompDetail/001402/Recruit/569146,,2026-09-07 17:57:39
캐치,애경케미칼,[경력] 울산공장 '환경관리' 담당 채용,"생산관리/공정관리/품질관리, 화학/에너지/환경",경력 5~12년,기타,울산,,2026-09-13,https://www.catch.co.kr/Comp/CompDetail/I66906/Recruit/569145,,2026-09-07 17:57:39
캐치,애경케미칼,[경력] 청양공장 '재무/회계' 담당 채용,재무/세무/IR,경력 3~5년,기타,충남,,2026-09-13,https://www.catch.co.kr/Comp/CompDetail/I66906/Recruit/569144,,2026-09-07 17:57:39
캐치,한국가스공사,2026년 하반기 일반직 경력 채용 #공채,"무역사무/수출입, 법률/특허/상표, 사무/총무/법무, 인사/노무/교육, 재무/세무/IR, 헤드헌팅/노무/직업상담",경력,정규직,대구,,2026-09-15,https://www.catch.co.kr/Comp/CompDetail/001402/Recruit/569143,,2026-09-07 17:57:39
캐치,한국가스공사,2026년 하반기 일반직 신입 채용 #공채,"기계설계/CAD/CAM, 기획/전략/경영, 네트워크/서버/보안, 무역영업/해외영업, 빅데이터/AI, 생산관리/공정관리/품질관리, 인사/노무/교육, 일반영업, 전기/소방/통신/안전, 화학/에너지/환경, 환경/플랜트",신입,정규직,대구/전국,,2026-09-15,https://www.catch.co.kr/Comp/CompDetail/001402/Recruit/569142,,2026-09-07 17:57:39
캐치,현대로템,수시채용_해외법무,"법률/특허/상표, 사무/총무/법무",경력,정규직,경기,,2026-09-10,https://www.catch.co.kr/Comp/CompDetail/119613/Recruit/569141,,2026-09-07 17:57:39
캐치,티에이치엔,R&D부문( PRA설계 / 전장설계) - 경력 채용,"자동차/조선/기계, 전기/전자/제어",경력 2년↑,기타,경기,,2026-09-14,https://www.catch.co.kr/Comp/CompDetail/386278/Recruit/569140,,2026-09-07 17:57:39
캐치,더존비즈온,[정보보안/정보보호] 더존비즈온 정보보안 기획 및 리스크 관리 인력 채용(경력 n년 이상),네트워크/서버/보안,경력 1~8년,정규직,강원,,2026-09-16,https://www.catch.co.kr/Comp/CompDetail/355291/Recruit/569139,,2026-09-07 17:57:39
캐치,대동로보틱스,26년 3분기 로봇 매니퓰레이터 기구 설계/개발 경력 엔지니어 채용,"기계설계/CAD/CAM, 전기/전자/제어, ERP/시스템개발/설계",경력 10년↑,정규직,서울,,2026-09-13,https://www.catch.co.kr/Comp/CompDetail/A2097/Recruit/569137,,2026-09-07 17:57:39
캐치,바이오노트,[정규직/~5년차] 재조합항체개발 1팀 연구원 인재채용_9월,"바이오/제약/식품, 생산관리/공정관리/품질관리",경력 5년↓,정규직,경기,,2026-09-13,https://www.catch.co.kr/Comp/CompDetail/383136/Recruit/569136,,2026-09-07 17:57:39
캐치,대동로보틱스,26년 3분기 모바일 매니퓰레이터 상위제어 SW 시니어 개발자 채용,"기계설계/CAD/CAM, 응용프로그램개발, ERP/시스템개발/설계, QA/테스트/검증",경력 10년↑,정규직,서울,,2026-09-13,https://www.catch.co.kr/Comp/CompDetail/A2097/Recruit/569135,,2026-09-07 17:57:39
캐치,대동로보틱스,26년 3분기 로봇 기반 스마트팜 SI사업 PM 경력사원 채용,"기계설계/CAD/CAM, 웹기획/PM/웹마케팅",경력 15년↑,정규직,서울,,2026-09-13,https://www.catch.co.kr/Comp/CompDetail/A2097/Recruit/569134,,2026-09-07 17:57:39
캐치,대동로보틱스,26년 3분기 자율주행 로봇 기획 및 과제 PM 경력사원 채용,"기계설계/CAD/CAM, 웹기획/PM/웹마케팅, 전기/전자/제어",경력 10년↑,정규직,서울,,2026-09-13,https://www.catch.co.kr/Comp/CompDetail/A2097/Recruit/569131,,2026-09-07 17:57:39
캐치,국토연구원,"2026년 제3차 청년인턴 공개채용 (장애인제한경쟁, 일반경쟁)","사무/총무/법무, 사무보조/문서작성",신입,인턴,세종,,2026-09-14,https://www.catch.co.kr/Comp/CompDetail/061355/Recruit/569129,,2026-09-07 17:57:39
캐치,현대코퍼레이션,승용차 투자법인관리/사업개발 경력사원 수시 채용,"기획/전략/경영, 증권/투자/펀드/외환",경력 5년↑,정규직,서울,,2026-09-13,https://www.catch.co.kr/Comp/CompDetail/610330/Recruit/569128,,2026-09-07 17:57:39
캐치,한독,[신입/경력] 플라스타팀 팀원 채용,생산/제조/설비/조립,경력,기타,충북,,2026-09-08,https://www.catch.co.kr/Comp/CompDetail/350745/Recruit/569127,,2026-09-07 17:57:39
캐치,파르나스호텔,[제주] 객실 / Housekeeping Manager 채용,"구매/자재/재고, 사무/총무/법무, 생산관리/공정관리/품질관리, 여행/항공/숙박/레저",경력 1년↑,정규직,제주,,2026-09-30,https://www.catch.co.kr/Comp/CompDetail/900818/Recruit/569126,,2026-09-07 17:57:39
캐치,한독,[경력] 제품개발연구실 플라스타 제제연구원 채용,"바이오/제약/식품, 화학/에너지/환경",경력 5년↑,기타,서울,,2026-09-13,https://www.catch.co.kr/Comp/CompDetail/350745/Recruit/569125,,2026-09-07 17:57:40
캐치,나이스신용정보,[NICE신용정보] 네트워크 / 보안 담당자 경력직 채용,"네트워크/서버/보안, 통신기술/네트워크구축",경력 2년↑,계약직,서울,,2026-09-13,https://www.catch.co.kr/Comp/CompDetail/F08274/Recruit/569124,,2026-09-07 17:57:40
캐치,한국장학재단,"2026년 하반기 종합직 채용 (일반행정, IT 개발운영, 시설관리(경력))","기획/전략/경영, 네트워크/서버/보안, 사무/총무/법무, 웹개발, 응용프로그램개발, 전기/소방/통신/안전, ERP/시스템개발/설계",경력 3년↑,정규직,대구/서울,,2026-09-15,https://www.catch.co.kr/Comp/CompDetail/C87416/Recruit/569123,,2026-09-07 17:57:40
캐치,한국신용데이터,[사업운영팀] Business Operations Manager (정규 전환형 계약직),"경리/회계/결산, 사무보조/문서작성, 재무/세무/IR",경력무관,계약직,서울,,2026-10-31,https://www.catch.co.kr/Comp/CompDetail/HP7217/Recruit/569122,,2026-09-07 17:57:40
캐치,한독,[경력] 제품개발연구실 제제연구원 채용,"바이오/제약/식품, 화학/에너지/환경",경력 10년↑,기타,서울,,2026-09-13,https://www.catch.co.kr/Comp/CompDetail/350745/Recruit/569121,,2026-09-07 17:57:40
캐치,한독,[신입/경력] 진단기기사업실(IVD) 영업 (수도권/호남권) 채용,"마케팅/PR/분석, 영업관리/지원/영업기획, B2B영업/기술영업",경력 2년↑,기타,서울/경기/인천/전북/전남광주,,2026-09-27,https://www.catch.co.kr/Comp/CompDetail/350745/Recruit/569119,,2026-09-07 17:57:40
캐치,하나머티리얼즈,[경력] Utility 공무&설비 담당(교대직) 업무 채용,"사무/총무/법무, 전기/소방/통신/안전, 전기/전자/제어",경력,정규직,충남,,2026-09-20,https://www.catch.co.kr/Comp/CompDetail/482785/Recruit/569118,,2026-09-07 17:57:40
캐치,스카우트,"[한국장학재단] 2026년 하반기 종합직 채용(일반행정, IT 개발운영, 시설관리(경력)) (~9/15)","네트워크/서버/보안, 사무/총무/법무, 전기/소방/통신/안전",경력무관/경력 3년↑,정규직,대구,,2026-09-15,https://www.catch.co.kr/Comp/CompDetail/229074/Recruit/569117,,2026-09-07 17:57:40
캐치,제뉴파마,"의약품 생산(과립/칭량, 타정) 직무 신입사원 채용","바이오/제약/식품, 생산/제조/설비/조립, 생산관리/공정관리/품질관리",신입,정규직,충북,,2026-09-14,https://www.catch.co.kr/Comp/CompDetail/OO7546/Recruit/569114,,2026-09-07 17:57:40
캐치,한국승강기안전공단,2026년 대체인력 채용 및 체험형인턴 재채용,"교육기획/교재, 사무/총무/법무, 사무보조/문서작성, 재무/세무/IR, 청소/가사/육아",경력,인턴/계약직,서울/인천/경기/충남/충북/대전/전북/제주,,2026-09-11,https://www.catch.co.kr/Comp/CompDetail/HR6221/Recruit/569113,,2026-09-07 17:57:40
캐치,비바리퍼블리카,2026 토스커뮤니티 Frontend 하반기 대규모 채용 #공채,"네트워크/서버/보안, 웹개발, 응용프로그램개발",경력,정규직/기타,서울,,2026-09-14,https://www.catch.co.kr/Comp/CompDetail/J13695/Recruit/569112,,2026-09-07 17:57:40
캐치,한영회계법인,컨설팅부문 데이터 분석 인턴 채용,"빅데이터/AI, 설문/통계/리서치",신입,인턴,서울/경기,,2026-09-08,https://www.catch.co.kr/Comp/CompDetail/223085/Recruit/569111,,2026-09-07 17:57:40
캐치,나이스디앤비,[NICE디앤비] 수출지원사업 운영 지원 (단기 3개월),"무역사무/수출입, 무역영업/해외영업, 사무/총무/법무, 사무보조/문서작성",경력 3년↑,계약직,서울,,2026-09-10,https://www.catch.co.kr/Comp/CompDetail/232765/Recruit/569110,,2026-09-07 17:57:40
캐치,펜타시큐리티,[Penta Security] 기획실 Product Manager 인재 채용 (신입/경력),"기획/전략/경영, 마케팅/PR/분석, 상품기획/MD",경력,정규직,서울,,2026-09-24,https://www.catch.co.kr/Comp/CompDetail/622982/Recruit/569109,,2026-09-07 17:57:40
캐치,펜타시큐리티,[Penta Security] 세무 / 회계 팀장 채용,"경리/회계/결산, 재무/세무/IR",경력 10년↑,정규직,서울,,2026-09-30,https://www.catch.co.kr/Comp/CompDetail/622982/Recruit/569107,,2026-09-07 17:57:40
캐치,비케이알,26년 6차 BKR 팀홀튼 운영관리(부점장) 신입/경력사원 채용,"생산관리/공정관리/품질관리, 시설/보안/경비/안전, 외식/식음료, 인사/노무/교육, 판매/캐셔/매장관리",경력,정규직,서울/경기/인천,,2026-09-16,https://www.catch.co.kr/Comp/CompDetail/I69606/Recruit/569105,,2026-09-07 17:57:40
캐치,부산은행,수도권 수신RM 채용,"고객관리/인바운드, 마케팅/PR/분석, 일반영업",경력,계약직,서울/경기/인천,,2026-09-09,https://www.catch.co.kr/Comp/CompDetail/840041/Recruit/569104,,2026-09-07 17:57:40
캐치,제이브이엠,[한미약품 관계사] 수시채용(기술직군),"구매/자재/재고, 생산/제조/설비/조립, 생산관리/공정관리/품질관리",경력,계약직,대구,,2026-09-13,https://www.catch.co.kr/Comp/CompDetail/002448/Recruit/569103,,2026-09-07 17:57:40
캐치,HD현대마린솔루션,2026년 경력사원 채용,"기획/전략/경영, 사무/총무/법무, 영업관리/지원/영업기획, 응용프로그램개발, 일반영업, 자동차/조선/기계, 전기/전자/제어, B2B영업/기술영업",경력,기타,경기/울산,,2026-09-14,https://www.catch.co.kr/Comp/CompDetail/HW1265/Recruit/569102,,2026-09-07 17:57:40
캐치,제이브이엠,[한미약품 관계사] 수시채용(연구직군),"기계설계/CAD/CAM, 응용프로그램개발, 자동차/조선/기계, 전기/전자/제어, ERP/시스템개발/설계",경력,기타,대구,,2026-09-13,https://www.catch.co.kr/Comp/CompDetail/002448/Recruit/569101,,2026-09-07 17:57:40
캐치,세아특수강,2026 설비팀(포항) 신입/경력 채용,"전기/소방/통신/안전, 전기/전자/제어",경력 8년↓,정규직,경북,,2026-09-07,https://www.catch.co.kr/Comp/CompDetail/371904/Recruit/569100,,2026-09-07 17:57:40
캐치,펜타시큐리티,[Penta Security] 웹보안 솔루션 영업 담당자 채용,"고객관리/인바운드, 영업관리/지원/영업기획, B2B영업/기술영업",경력,기타,서울,,2026-09-29,https://www.catch.co.kr/Comp/CompDetail/622982/Recruit/569099,,2026-09-07 17:57:40
캐치,펜타시큐리티,[Penta Security] 보안기술 엔지니어 담당자 채용,네트워크/서버/보안,경력 2년↑,기타,서울,,2026-09-29,https://www.catch.co.kr/Comp/CompDetail/622982/Recruit/569098,,2026-09-07 17:57:40
캐치,코리아세븐,2026년 9월 신입사원 채용(채용전제형 인턴) #공채,"영업관리/지원/영업기획, 인사/노무/교육",신입,인턴,경기/강원/충북/충남/전북,,2026-09-15,https://www.catch.co.kr/Comp/CompDetail/106111/Recruit/569096,,2026-09-07 17:57:40
캐치,펜타시큐리티,[Penta Security] 데이터 암호화 엔지니어 채용,"네트워크/서버/보안, 웹개발, DBA/데이터베이스",경력 2년↑,기타,서울,,2026-09-30,https://www.catch.co.kr/Comp/CompDetail/622982/Recruit/569095,,2026-09-07 17:57:40
캐치,펜타시큐리티,[Penta Security] 보안 네트워크 개발자 채용,"네트워크/서버/보안, 통신기술/네트워크구축",경력,기타,서울,,2026-09-29,https://www.catch.co.kr/Comp/CompDetail/622982/Recruit/569093,,2026-09-07 17:57:40
캐치,토스페이먼츠,데이터 엔지니어 공개채용 (7년 이하) (~9/10),"네트워크/서버/보안, 응용프로그램개발, DBA/데이터베이스",경력 1~7년,정규직,서울,,2026-09-10,https://www.catch.co.kr/Comp/CompDetail/LN4941/Recruit/569092,,2026-09-07 17:57:40
캐치,코스메카코리아,EK 해외영업 담당자 채용,"무역영업/해외영업, 영업관리/지원/영업기획, B2B영업/기술영업",경력 5~8년,정규직,경기,,2026-09-13,https://www.catch.co.kr/Comp/CompDetail/200754/Recruit/569091,,2026-09-07 17:57:40
캐치,한국앤컴퍼니,2026 한국앤컴퍼니 하반기 채용설명회,"기획/전략/경영, 생산/제조/설비/조립, 생산관리/공정관리/품질관리",신입,기타,경기/전북/대전,,2026-09-17,https://www.catch.co.kr/Comp/CompDetail/351067/Recruit/569090,,2026-09-07 17:57:40
캐치,에이블리코퍼레이션,풀필먼트운영실 운영 리더,배송/택배/운전,경력 7년↑,정규직,서울,,2026-10-30,https://www.catch.co.kr/Comp/CompDetail/HH8556/Recruit/569089,,2026-09-07 17:57:40
캐치,에이비인터내셔날,[글로벌나이프] 온라인 MD 대리급 채용,상품기획/MD,경력 5~7년,정규직,서울,,2026-09-30,https://www.catch.co.kr/Comp/CompDetail/AFF6A/Recruit/569088,,2026-09-07 17:57:41
캐치,알이비파트너스,'26년도 제5차 기간제 근로자(휴직대체 및 일반) 채용,"사무/총무/법무, 사무보조/문서작성, 전기/소방/통신/안전",경력,계약직,대구/전남광주,,2026-09-07,https://www.catch.co.kr/Comp/CompDetail/JI3227/Recruit/569087,,2026-09-07 17:57:41
캐치,정보통신정책연구원,[재공고] 2026년 정규직 직원(연구책임자) 공개 채용 #공채,"네트워크/서버/보안, 빅데이터/AI, DBA/데이터베이스",경력,정규직,충북,,2026-09-16,https://www.catch.co.kr/Comp/CompDetail/061446/Recruit/569086,,2026-09-07 17:57:41
캐치,HL로보틱스,[자율주행로봇 SW/HW 개발] 2026년 하반기 HL그룹 신입사원 채용 #공채,"기계설계/CAD/CAM, 응용프로그램개발, ERP/시스템개발/설계",신입,정규직,경기,,2026-09-27,https://www.catch.co.kr/Comp/CompDetail/A2146/Recruit/569085,,2026-09-07 17:57:41
캐치,HD현대사이트솔루션,[HD현대] 26년 하반기 연구직 채용 #공채,"빅데이터/AI, 자동차/조선/기계, 전기/전자/제어",신입,정규직,경기,,2026-09-27,https://www.catch.co.kr/Comp/CompDetail/MC7192/Recruit/569084,,2026-09-07 17:57:41
캐치,두산로보틱스,"로봇연구소 EHS(안전, 보건) 담당자 채용","시설/보안/경비/안전, 전기/소방/통신/안전",경력 3년↑,기타,경기,,2026-09-30,https://www.catch.co.kr/Comp/CompDetail/HH7744/Recruit/569083,,2026-09-07 17:57:41
캐치,HD현대일렉트릭,[HD현대] 26년 하반기 연구직 채용 #공채,"기계설계/CAD/CAM, 네트워크/서버/보안, 빅데이터/AI, 웹개발, 응용프로그램개발, 자동차/조선/기계, 전기/전자/제어, ERP/시스템개발/설계",경력,정규직,경기,,2026-09-27,https://www.catch.co.kr/Comp/CompDetail/IP0497/Recruit/569082,,2026-09-07 17:57:41
캐치,HD현대중공업,[HD현대] 26년 하반기 연구직 채용 #공채,"빅데이터/AI, 응용프로그램개발, 자동차/조선/기계, 전기/전자/제어, 화학/에너지/환경, DBA/데이터베이스, QA/테스트/검증",경력,정규직,울산/경기,,2026-09-27,https://www.catch.co.kr/Comp/CompDetail/JP5755/Recruit/569080,,2026-09-07 17:57:41
캐치,레고랜드코리아,2026 가을 시즌 모델시티즌 대규모 채용 ,"고객관리/인바운드, 사무/총무/법무, 시설/보안/경비/안전, 여행/항공/숙박/레저, 요리/영양/제과제빵/바리스타, 판매/캐셔/매장관리, AS/서비스/수리",경력,계약직,강원,,2026-09-30,https://www.catch.co.kr/Comp/CompDetail/I15539/Recruit/569079,,2026-09-07 17:57:41
캐치,티유브이라인란드코리아,Field Sales Executive (Mobility Sales) 신입/경력직 모집,B2B영업/기술영업,경력무관,정규직,서울,,2026-09-14,https://www.catch.co.kr/Comp/CompDetail/157517/Recruit/569078,,2026-09-07 17:57:41
캐치,한국방송공사,2026년 KBS 신입 및 경력직원 2차 공개채용 #공채,"감독/연출/PD, 광고/시각디자인, 빅데이터/AI, 웹기획/PM/웹마케팅, 콘텐츠/사이트운영, 헤드헌팅/노무/직업상담",경력 2년↑,정규직,서울/전국,,2026-09-14,https://www.catch.co.kr/Comp/CompDetail/797782/Recruit/569077,,2026-09-07 17:57:41
캐치,HD현대마린솔루션,[HD현대] 26년 하반기 연구직 채용 #공채,"네트워크/서버/보안, 응용프로그램개발, ERP/시스템개발/설계",신입,정규직,경기,,2026-09-27,https://www.catch.co.kr/Comp/CompDetail/HW1265/Recruit/569076,,2026-09-07 17:57:41
캐치,HD한국조선해양,[HD현대] 26년 하반기 연구직 채용 #공채,"기계설계/CAD/CAM, 빅데이터/AI, 응용프로그램개발, 자동차/조선/기계, 전기/전자/제어, 화학/에너지/환경, DBA/데이터베이스, ERP/시스템개발/설계, QA/테스트/검증",경력,정규직,경기/울산/전남광주,,2026-09-27,https://www.catch.co.kr/Comp/CompDetail/382892/Recruit/569075,,2026-09-07 17:57:41
캐치,신성통상,ANDZ 영업MD 경력 채용,"마케팅/PR/분석, 상품기획/MD, 영업관리/지원/영업기획",경력 5년↑,정규직,서울,,2026-09-13,https://www.catch.co.kr/Comp/CompDetail/610275/Recruit/569074,,2026-09-07 17:57:41
캐치,DN솔루션즈,[경력] 각 분야별 수요산업 전문가 경력사원 채용,기획/전략/경영,경력 8년↑,기타,서울,,2026-09-13,https://www.catch.co.kr/Comp/CompDetail/HO2341/Recruit/569073,,2026-09-07 17:57:41
캐치,한화오션,[NES사업부] 구매·기획·영업·설계·품질 경력사원 채용,"구매/자재/재고, 기계설계/CAD/CAM, 기획/전략/경영, 무역사무/수출입, 무역영업/해외영업, 배송/택배/운전, 상품기획/MD, 생산관리/공정관리/품질관리, 영업관리/지원/영업기획, 자동차/조선/기계, 전기/전자/제어, AS/서비스/수리, B2B영업/기술영업",경력 5년↑,정규직,경남/서울/부산,,2026-09-28,https://www.catch.co.kr/Comp/CompDetail/152019/Recruit/569072,,2026-09-07 17:57:41
캐치,DN솔루션즈,[경력] 품질 - 가공검증 담당자 경력사원 채용,"생산관리/공정관리/품질관리, 전기/전자/제어",경력 5년↑,기타,경남/경기,,2026-09-13,https://www.catch.co.kr/Comp/CompDetail/HO2341/Recruit/569071,,2026-09-07 17:57:41
캐치,DN솔루션즈,[경력] IT - 설비운영 경력사원 채용,"네트워크/서버/보안, 웹개발, ERP/시스템개발/설계",경력 3년↑,기타,경남,,2026-09-13,https://www.catch.co.kr/Comp/CompDetail/HO2341/Recruit/569070,,2026-09-07 17:57:41
캐치,한화시스템,[방산] 2026년 하반기 방산부문 학/석사 신입사원 채용 #공채,"구매/자재/재고, 기계설계/CAD/CAM, 기획/전략/경영, 무역영업/해외영업, 생산관리/공정관리/품질관리, 응용프로그램개발, 자동차/조선/기계, 재무/세무/IR, 전기/전자/제어, 통신기술/네트워크구축, 화학/에너지/환경, ERP/시스템개발/설계",신입,정규직,경북/경기/서울/제주,,2026-09-21,https://www.catch.co.kr/Comp/CompDetail/128888/Recruit/569069,,2026-09-07 17:57:41
캐치,에코마케팅,재무팀 자금지원 계약직 채용,재무/세무/IR,경력무관,계약직,서울,,2026-09-13,https://www.catch.co.kr/Comp/CompDetail/364737/Recruit/569068,,2026-09-07 17:57:41
캐치,매드업,글로벌 마케팅 직군 경력/인턴 집중 채용,마케팅/PR/분석,경력 1년↑,정규직/인턴,서울,,2026-09-13,https://www.catch.co.kr/Comp/CompDetail/CD0273/Recruit/569066,,2026-09-07 17:57:41
캐치,SK레조낙,기능직 (분석 Operator) 사원 채용,"반도체/디스플레이, 생산관리/공정관리/품질관리, 전기/전자/제어",경력무관,정규직,경북,,2026-09-08,https://www.catch.co.kr/Comp/CompDetail/IQ8099/Recruit/569065,,2026-09-07 17:57:41
캐치,한국로봇산업진흥원,2026년 제2차 신규직원 채용,"기계설계/CAD/CAM, 기획/전략/경영, 네트워크/서버/보안, 사무/총무/법무, 시공/현장/감리/공무, 시설/보안/경비/안전, 전기/소방/통신/안전, 전기/전자/제어, QA/테스트/검증",경력,정규직/인턴/계약직,대구,,2026-09-15,https://www.catch.co.kr/Comp/CompDetail/G68847/Recruit/569064,,2026-09-07 17:57:41
캐치,아모레퍼시픽,[경력] '26년 AMOREPACIFIC 경력_노무관리 담당 채용,인사/노무/교육,경력 7~11년,정규직,서울,,2026-09-15,https://www.catch.co.kr/Comp/CompDetail/387586/Recruit/569063,,2026-09-07 17:57:41
캐치,한화엔진,2026 하반기 학/석사 신입사원 채용 #공채,"기계설계/CAD/CAM, 생산관리/공정관리/품질관리, 자동차/조선/기계, 전기/전자/제어, 화학/에너지/환경",신입,정규직,경남/경기,,2026-09-21,https://www.catch.co.kr/Comp/CompDetail/135447/Recruit/569062,,2026-09-07 17:57:41
캐치,동원건설산업,건축(기계) 경력직 채용,"건축/설계/인테리어, 시공/현장/감리/공무, 자동차/조선/기계",경력,정규직/계약직,경기/전국,,2026-10-31,https://www.catch.co.kr/Comp/CompDetail/I83063/Recruit/569060,,2026-09-07 17:57:41
캐치,포스코,2026년 하반기 기술연구원 채용 #공채,"반도체/디스플레이, 자동차/조선/기계, 전기/전자/제어, 화학/에너지/환경",경력,정규직,경북,,2026-09-16,https://www.catch.co.kr/Comp/CompDetail/OX9158/Recruit/569059,,2026-09-07 17:57:41
캐치,두산테스나,HR 경력 채용 ,인사/노무/교육,경력 5년↑,기타,경기,,채용시 마감,https://www.catch.co.kr/Comp/CompDetail/208502/Recruit/569058,,2026-09-07 17:57:41
캐치,포스코홀딩스,2026년 하반기 미래기술연구원 연구원 채용 #공채,"기계설계/CAD/CAM, 생산관리/공정관리/품질관리, 자동차/조선/기계, 전기/전자/제어, 화학/에너지/환경",경력,정규직,경북/서울,,2026-09-16,https://www.catch.co.kr/Comp/CompDetail/370673/Recruit/569057,,2026-09-07 17:57:41
캐치,샘표식품,[R&D] 기술연구소 연구원 상시 채용,"기획/전략/경영, 바이오/제약/식품, 생산관리/공정관리/품질관리, 설문/통계/리서치, 화학/에너지/환경",경력,정규직,서울/충북,,2026-09-13,https://www.catch.co.kr/Comp/CompDetail/HR7687/Recruit/569056,,2026-09-07 17:57:41
캐치,SK플라즈마,품질관리(QC) 신입(전환형 인턴) 채용,"바이오/제약/식품, 생산관리/공정관리/품질관리",신입,인턴,경북,,2026-09-13,https://www.catch.co.kr/Comp/CompDetail/CR4695/Recruit/569055,,2026-09-07 17:57:42
캐치,에이에스이천안,Power Module Technical Marketing Manager,마케팅/PR/분석,경력 7~15년,정규직,충남,,2026-10-31,https://www.catch.co.kr/Comp/CompDetail/F03710/Recruit/569054,,2026-09-07 17:57:42
캐치,미미박스,[미미박스] Global Brand Team (Nooni) - BM 팀원 (경력),마케팅/PR/분석,경력 3~5년,정규직,서울,,2026-10-31,https://www.catch.co.kr/Comp/CompDetail/H13569/Recruit/569053,,2026-09-07 17:57:42
캐치,매일유업,본사 해외 이커머스 (사원/대리급) 채용,"마케팅/PR/분석, 무역사무/수출입, 배송/택배/운전, 콘텐츠/사이트운영",경력 2년↑,정규직,서울,,2026-09-20,https://www.catch.co.kr/Comp/CompDetail/IP7458/Recruit/569052,,2026-09-07 17:57:42
캐치,코스맥스비티아이,HG그룹 A직군 신입사원 채용,"구매/자재/재고, 사무/총무/법무, 생산관리/공정관리/품질관리, 영업관리/지원/영업기획",신입,정규직,경기,,2026-09-30,https://www.catch.co.kr/Comp/CompDetail/004372/Recruit/569051,,2026-09-07 17:57:42
캐치,SK에코엔지니어링,품질관리자 경력 채용(촉탁직),"생산관리/공정관리/품질관리, 전기/전자/제어",경력 5년↑,계약직,울산,,2026-09-13,https://www.catch.co.kr/Comp/CompDetail/OR5665/Recruit/569050,,2026-09-07 17:57:42
캐치,롯데지주,롯데 청년 직무 아카데미 교육생 모집,"고객관리/인바운드, 마케팅/PR/분석, 상품기획/MD, 여행/항공/숙박/레저, 외식/식음료, 요리/영양/제과제빵/바리스타, 판매/캐셔/매장관리",신입,교육생,부산,,2026-09-27,https://www.catch.co.kr/Comp/CompDetail/310204/Recruit/569049,,2026-09-07 17:57:42
캐치,포항산업과학연구원,2026년 하반기 RIST 위촉직 수시 채용,"자동차/조선/기계, 전기/전자/제어, 화학/에너지/환경",경력,기타,경북/전남광주,,2026-09-14,https://www.catch.co.kr/Comp/CompDetail/061517/Recruit/569048,,2026-09-07 17:57:42
캐치,SK인텔릭스,H/W개발 (회로 및 전장 설계) 경력 인재 채용,"기계설계/CAD/CAM, 자동차/조선/기계, 전기/전자/제어",경력 3년↑,정규직,경기,,2026-09-20,https://www.catch.co.kr/Comp/CompDetail/J14603/Recruit/569047,,2026-09-07 17:57:42
캐치,포항산업과학연구원,2026년 하반기 RIST 연구직 채용 #공채,"기계설계/CAD/CAM, 빅데이터/AI, 자동차/조선/기계, 전기/전자/제어, 화학/에너지/환경, 환경/플랜트, ERP/시스템개발/설계",신입,정규직,경북/전남광주,,2026-09-16,https://www.catch.co.kr/Comp/CompDetail/061517/Recruit/569046,,2026-09-07 17:57:42
캐치,SK인텔릭스,Data Scientist(데이터 분석/AI 모델링) 경력 인재 채용,"빅데이터/AI, DBA/데이터베이스",경력 5년↑,정규직,서울,,2026-09-13,https://www.catch.co.kr/Comp/CompDetail/J14603/Recruit/569045,,2026-09-07 17:57:42
캐치,KT나스미디어,2026년 9월 kt nasmedia 채용 (채용 시 마감),"기획/전략/경영, 마케팅/PR/분석, 재무/세무/IR",경력,기타,서울,,2026-09-30,https://www.catch.co.kr/Comp/CompDetail/168642/Recruit/569044,,2026-09-07 17:57:42
캐치,하나증권,AI전략실 경력직 채용,"빅데이터/AI, ERP/시스템개발/설계",경력 5년↑,계약직,서울,,2026-09-08,https://www.catch.co.kr/Comp/CompDetail/147568/Recruit/569043,,2026-09-07 17:57:42
캐치,제뉴원사이언스,품질관리약사 (경력무관) 채용,약사/한약사/약무보조,경력무관,정규직,세종,,2026-09-14,https://www.catch.co.kr/Comp/CompDetail/LY5132/Recruit/569042,,2026-09-07 17:57:42
캐치,인천국제공항공사,2026년 신입직원 채용 #공채,"건축/설계/인테리어, 네트워크/서버/보안, 사무/총무/법무, 시공/현장/감리/공무, 시설/보안/경비/안전, 전기/전자/제어, 토목/조경/도시/측량, 통신기술/네트워크구축",신입,정규직,인천,,2026-09-15,https://www.catch.co.kr/Comp/CompDetail/026595/Recruit/569041,,2026-09-07 17:57:42
캐치,대웅제약,부문별 신입/경력 채용,"구매/자재/재고, 마케팅/PR/분석, 무역사무/수출입, 바이오/제약/식품, 배송/택배/운전, 사무/총무/법무, 생산관리/공정관리/품질관리, 재무/세무/IR, B2B영업/기술영업",경력,정규직/계약직,경기/충북/경남/전남광주/인천,,2026-09-18,https://www.catch.co.kr/Comp/CompDetail/208595/Recruit/569040,,2026-09-07 17:57:42
캐치,SK ON,SK온 원소재구매 경력사원 채용 ,"구매/자재/재고, 기획/전략/경영, 마케팅/PR/분석",경력 3년↑,정규직,서울,,2026-09-13,https://www.catch.co.kr/Comp/CompDetail/OQ9548/Recruit/569039,,2026-09-07 17:57:42
캐치,충북대학교병원,2026년 9월 기간제근무자 채용,"사무/원무/코디, 의료기사, 전기/소방/통신/안전, 청소/가사/육아",경력,계약직,충북,,2026-09-15,https://www.catch.co.kr/Comp/CompDetail/044715/Recruit/569038,,2026-09-07 17:57:42
캐치,SK바이오팜,Commercial Mgmt 인턴 구성원 영입,"마케팅/PR/분석, 빅데이터/AI, 영업관리/지원/영업기획",신입,인턴,경기,,2026-09-14,https://www.catch.co.kr/Comp/CompDetail/H32455/Recruit/569037,,2026-09-07 17:57:42
캐치,SK에코플랜트,AI/DC사업 공사(전기/설비) 경력직 채용,"건축/설계/인테리어, 시공/현장/감리/공무, 자동차/조선/기계, 전기/전자/제어",경력 3년↑,정규직,서울/전국,,2026-09-15,https://www.catch.co.kr/Comp/CompDetail/500283/Recruit/569035,,2026-09-07 17:57:42
캐치,SK에코플랜트,전사 물리보안 경력직 채용,"사무/총무/법무, 시설/보안/경비/안전",경력 4년↑,정규직,서울,,2026-09-13,https://www.catch.co.kr/Comp/CompDetail/500283/Recruit/569034,,2026-09-07 17:57:42
캐치,CJ푸드빌,[CJ푸드빌] 더플레이스&더스테이크하우스 홀/주방 인턴매니저_정규직채용,외식/식음료,경력무관,정규직,서울,,2026-09-13,https://www.catch.co.kr/Comp/CompDetail/145104/Recruit/569033,,2026-09-07 17:57:42
캐치,신한투자증권,AX본부 경력직 채용,기획/전략/경영,경력 3년↑,계약직,서울,,2026-09-20,https://www.catch.co.kr/Comp/CompDetail/860280/Recruit/569031,,2026-09-07 17:57:42
캐치,케이피에프,화스너생산팀(경력) 채용,"생산/제조/설비/조립, 생산관리/공정관리/품질관리",경력 4년↑,정규직,충북,,2026-09-18,https://www.catch.co.kr/Comp/CompDetail/383937/Recruit/569030,,2026-09-07 17:57:42
캐치,신한투자증권,AI솔루션부 경력직 채용,"네트워크/서버/보안, 빅데이터/AI, 웹기획/PM/웹마케팅, ERP/시스템개발/설계",경력 3년↑,정규직/계약직,서울,,2026-09-15,https://www.catch.co.kr/Comp/CompDetail/860280/Recruit/569029,,2026-09-07 17:57:42
캐치,케이피에프,화스너생산팀(신입) 채용,"구매/자재/재고, 생산/제조/설비/조립, 생산관리/공정관리/품질관리",신입,정규직,충북,,2026-09-18,https://www.catch.co.kr/Comp/CompDetail/383937/Recruit/569028,,2026-09-07 17:57:42
캐치,현대건설,2026 하반기 외국인 유학생 채용,"건축/설계/인테리어, 구매/자재/재고, 기획/전략/경영, 마케팅/PR/분석, 무역영업/해외영업, 시공/현장/감리/공무, 인사/노무/교육, 자동차/조선/기계, 재무/세무/IR, 전기/소방/통신/안전, 전기/전자/제어, 토목/조경/도시/측량, 화학/에너지/환경",신입,계약직,서울,,2026-09-29,https://www.catch.co.kr/Comp/CompDetail/500577/Recruit/569027,,2026-09-07 17:57:42
캐치,신한투자증권,리서치본부 RA 공개채용,"사무/총무/법무, 설문/통계/리서치, 증권/투자/펀드/외환",신입,기타,서울,,2026-09-20,https://www.catch.co.kr/Comp/CompDetail/860280/Recruit/569026,,2026-09-07 17:57:42
캐치,현대건설,2026 하반기 신입사원 채용 #공채,"건축/설계/인테리어, 기획/전략/경영, 시공/현장/감리/공무, 재무/세무/IR, 전기/소방/통신/안전, 전기/전자/제어, 토목/조경/도시/측량",신입,정규직,서울/경기/강원/충북/충남/경북/경남/전북/전남광주/제주/아시아·중동/유럽/미국/아프리카,,2026-09-29,https://www.catch.co.kr/Comp/CompDetail/500577/Recruit/569025,,2026-09-07 17:57:42
캐치,아모레퍼시픽,[경력] '26년 AMOREPACIFIC 경력_글로벌 영업전략 담당 채용,"마케팅/PR/분석, 무역영업/해외영업, 상품기획/MD, 영업관리/지원/영업기획",경력 3년↑,정규직,서울,,2026-09-10,https://www.catch.co.kr/Comp/CompDetail/387586/Recruit/569023,,2026-09-07 17:57:42
캐치,아모레퍼시픽,[경력] '26년 AMOREPACIFIC 경력_글로벌 마케팅 커뮤니케이션 담당 채용,"기획/전략/경영, 마케팅/PR/분석",경력 3년↑,정규직,서울,,2026-09-10,https://www.catch.co.kr/Comp/CompDetail/387586/Recruit/569022,,2026-09-07 17:57:43
캐치,HD건설기계,[HD현대 건설기계부문] 2026년 하반기 건설기계부문 경력사원 채용 #공채,"기계설계/CAD/CAM, 네트워크/서버/보안, 빅데이터/AI, 생산관리/공정관리/품질관리, 설문/통계/리서치, 자동차/조선/기계, 전기/소방/통신/안전, 화학/에너지/환경",경력 3년↑,정규직,경기/인천,,2026-09-14,https://www.catch.co.kr/Comp/CompDetail/IP0484/Recruit/569021,,2026-09-07 17:57:43
캐치,아모레퍼시픽,[경력] '26년 AMOREPACIFIC 경력_메이크업 상품 개발 담당 채용,"마케팅/PR/분석, 상품기획/MD",경력 3년↑,정규직,서울,,2026-09-10,https://www.catch.co.kr/Comp/CompDetail/387586/Recruit/569020,,2026-09-07 17:57:43
캐치,포항산업과학연구원,2026년 하반기 RIST 행정원 채용 #공채 ,"경리/회계/결산, 기계설계/CAD/CAM, 기획/전략/경영, 생산관리/공정관리/품질관리, 자동차/조선/기계, 재무/세무/IR, 전기/소방/통신/안전",신입,정규직,경북,,2026-09-16,https://www.catch.co.kr/Comp/CompDetail/061517/Recruit/569019,,2026-09-07 17:57:43
캐치,HD현대사이트솔루션,2026년 9월 전문직 경력 사원 채용,"구매/자재/재고, 생산/제조/설비/조립, 생산관리/공정관리/품질관리, 전기/전자/제어",경력 2년↑,계약직,울산,,2026-09-14,https://www.catch.co.kr/Comp/CompDetail/MC7192/Recruit/569018,,2026-09-07 17:57:43
캐치,송원식품,식품 유통영업부 채용 모집,B2B영업/기술영업,경력 3년↑,정규직,경기,,2026-09-07,https://www.catch.co.kr/Comp/CompDetail/JE9577/Recruit/569016,,2026-09-07 17:57:43
캐치,더스크랙,[dusk그룹] 인플루언서 마케팅 인턴(정규직 전환형),"광고제작/카피/CF, 마케팅/PR/분석",경력무관,인턴,서울,,2026-09-30,https://www.catch.co.kr/Comp/CompDetail/AFCAE/Recruit/569015,,2026-09-07 17:57:43
캐치,포항산업과학연구원,2026년 하반기 RIST 기술원 채용 #공채,"기계설계/CAD/CAM, 반도체/디스플레이, 전기/소방/통신/안전, 화학/에너지/환경, 환경/플랜트",신입,정규직,경북/전남광주,,2026-09-16,https://www.catch.co.kr/Comp/CompDetail/061517/Recruit/569014,,2026-09-07 17:57:43
캐치,포스코이앤씨,2026년 하반기 대졸 신입사원 채용 #공채,"건축/설계/인테리어, 구매/자재/재고, 시공/현장/감리/공무, 인사/노무/교육, 자동차/조선/기계, 재무/세무/IR, 전기/소방/통신/안전, 전기/전자/제어, 환경/플랜트",신입,정규직,인천/전국,,2026-09-16,https://www.catch.co.kr/Comp/CompDetail/502146/Recruit/569013,,2026-09-07 17:57:43
캐치,HD현대사이트솔루션,[HD현대 건설기계부문] 2026년 하반기 건설기계부문 경력사원 채용 #공채,"기계설계/CAD/CAM, 생산관리/공정관리/품질관리, 자동차/조선/기계",경력 5년↑,정규직,울산,,2026-09-14,https://www.catch.co.kr/Comp/CompDetail/MC7192/Recruit/569012,,2026-09-07 17:57:43
캐치,포스코인터내셔널,2026년 하반기 대졸 신입사원 채용 #공채,"구매/자재/재고, 무역영업/해외영업, 생산관리/공정관리/품질관리, 인사/노무/교육, 자동차/조선/기계, 재무/세무/IR, 전기/전자/제어, 화학/에너지/환경, B2B영업/기술영업",신입,정규직,서울/인천,,2026-09-16,https://www.catch.co.kr/Comp/CompDetail/158358/Recruit/569011,,2026-09-07 17:57:43
캐치,포스코DX,2026년 하반기 신입사원 채용 #공채,"기획/전략/경영, 빅데이터/AI, 응용프로그램개발, 전기/소방/통신/안전, 전기/전자/제어, 통신기술/네트워크구축, ERP/시스템개발/설계",신입,정규직,경북/전남/경기,,2026-09-16,https://www.catch.co.kr/Comp/CompDetail/813605/Recruit/569010,,2026-09-07 17:57:43
캐치,현대해상화재보험,2026 대졸 신입사원 채용설명회,"네트워크/서버/보안, 빅데이터/AI, 영업관리/지원/영업기획, 웹개발, 응용프로그램개발, 증권/투자/펀드/외환, 채권/보험/보상/심사, ERP/시스템개발/설계",신입,정규직,서울,,2026-09-17,https://www.catch.co.kr/Comp/CompDetail/870102/Recruit/569009,,2026-09-07 17:57:43
캐치,한진정보통신,"[공항] 인천국제공항 항행안전시설 구축, 운영 지원 요원 (영어 능통자, 유경험자 우대) 채용","건축/설계/인테리어, 외국어/번역/통역, 전기/소방/통신/안전",경력 2년↑,계약직,서울,,2026-09-20,https://www.catch.co.kr/Comp/CompDetail/813877/Recruit/569008,,2026-09-07 17:57:43
캐치,한국항공우주산업,"2026 하반기 KAI 신입사원 채용 - 사업, 경영 #공채","네트워크/서버/보안, 무역사무/수출입, 무역영업/해외영업, 사무보조/문서작성, 영업관리/지원/영업기획, 웹개발, 응용프로그램개발, 일반영업, 재무/세무/IR, ERP/시스템개발/설계",신입,정규직,경남,,2026-09-21,https://www.catch.co.kr/Comp/CompDetail/125856/Recruit/569007,,2026-09-07 17:57:43
캐치,이노션,글로벌 마케팅 성과관리 채용,마케팅/PR/분석,경력 7~15년,정규직,서울,,2026-09-13,https://www.catch.co.kr/Comp/CompDetail/381929/Recruit/569006,,2026-09-07 17:57:43
캐치,한국항공우주산업,2026 하반기 KAI 신입사원 채용 - 운영 #공채,"경리/회계/결산, 고객관리/인바운드, 구매/자재/재고, 기계설계/CAD/CAM, 무역사무/수출입, 빅데이터/AI, 생산/제조/설비/조립, 생산관리/공정관리/품질관리, 전기/소방/통신/안전, QA/테스트/검증",신입,정규직,경남,,2026-09-21,https://www.catch.co.kr/Comp/CompDetail/125856/Recruit/569005,,2026-09-07 17:57:43
캐치,포스코,2026년 하반기 대졸 신입사원 채용 #공채,"구매/자재/재고, 기계설계/CAD/CAM, 마케팅/PR/분석, 빅데이터/AI, 사무/총무/법무, 생산관리/공정관리/품질관리, 인사/노무/교육, 재무/세무/IR, 전기/소방/통신/안전, 전기/전자/제어, 화학/에너지/환경",신입,정규직,경북/전남/서울,,2026-09-16,https://www.catch.co.kr/Comp/CompDetail/OX9158/Recruit/569004,,2026-09-07 17:57:43
캐치,한국항공우주산업,2026 하반기 KAI 신입사원 채용 - 연구개발 #공채,"기계설계/CAD/CAM, 기획/전략/경영, 네트워크/서버/보안, 빅데이터/AI, 응용프로그램개발, 자동차/조선/기계, 전기/전자/제어, 화학/에너지/환경, DBA/데이터베이스, ERP/시스템개발/설계",신입,정규직,경남/대전/서울,,2026-09-21,https://www.catch.co.kr/Comp/CompDetail/125856/Recruit/569003,,2026-09-07 17:57:43
캐치,한국콜마,"26년 9월 경력사원 (색채연구, 구매, 품질관리) 수시채용","구매/자재/재고, 생산관리/공정관리/품질관리, 화학/에너지/환경",경력 1년↑,정규직,서울/세종,,2026-09-13,https://www.catch.co.kr/Comp/CompDetail/I67381/Recruit/569002,,2026-09-07 17:57:43
캐치,CJ푸드빌,[CJ푸드빌] VIPS 홀/주방 매니저 정규직채용,외식/식음료,경력 2년↑,정규직,전국,,2026-09-13,https://www.catch.co.kr/Comp/CompDetail/145104/Recruit/569001,,2026-09-07 17:57:43
캐치,일양약품,3분기 각 부문별 채용,"마케팅/PR/분석, 바이오/제약/식품, 사무/총무/법무, 생산관리/공정관리/품질관리, 약사/한약사/약무보조, 재무/세무/IR, 화학/에너지/환경",경력무관,계약직,경기/서울/중국,,2026-09-13,https://www.catch.co.kr/Comp/CompDetail/351083/Recruit/569000,,2026-09-07 17:57:43
캐치,SM엔터테인먼트,글로벌 전략 마케팅 인턴십 모집,"마케팅/PR/분석, 설문/통계/리서치",신입,인턴,서울,,2026-09-13,https://www.catch.co.kr/Comp/CompDetail/050606/Recruit/568999,,2026-09-07 17:57:43
캐치,국도화학,서부사업소 설비(전기/계장) 및 환경담당 채용,"생산관리/공정관리/품질관리, 전기/소방/통신/안전, 전기/전자/제어, 화학/에너지/환경, 환경/플랜트",경력 3~10년,기타,전북,,2026-09-14,https://www.catch.co.kr/Comp/CompDetail/350036/Recruit/568998,,2026-09-07 17:57:43
캐치,국도화학,EHS(환경) 및 교육담당 경력 채용,"생산관리/공정관리/품질관리, 인사/노무/교육, 화학/에너지/환경, 환경/플랜트",경력,기타,서울/전북,,2026-09-14,https://www.catch.co.kr/Comp/CompDetail/350036/Recruit/568997,,2026-09-07 17:57:43
캐치,한국로봇융합연구원,2026년 4차 정기채용 #공채,"기계설계/CAD/CAM, 기획/전략/경영, 빅데이터/AI, 사무/총무/법무, 응용프로그램개발, 인사/노무/교육, 자동차/조선/기계, DBA/데이터베이스, ERP/시스템개발/설계",경력,정규직/계약직,경북/대전/부산,,2026-09-14,https://www.catch.co.kr/Comp/CompDetail/I01906/Recruit/568996,,2026-09-07 17:57:43
캐치,더파운더즈,[ANUA] 화장품 구매 매니저,구매/자재/재고,경력 1년↑,정규직,서울,,2026-10-31,https://www.catch.co.kr/Comp/CompDetail/AFC74/Recruit/568995,,2026-09-07 17:57:43
캐치,CJ푸드빌,[CJ푸드빌] 올리페페&더플레이스 홀/주방 매니저 정규직채용,외식/식음료,경력 2년↑,정규직,전국,,2026-09-13,https://www.catch.co.kr/Comp/CompDetail/145104/Recruit/568994,,2026-09-07 17:57:43
캐치,PTKOREA,[인턴] 대기업 글로벌 확산 프로젝트 웹페이지 제작 및 QA 업무 지원 채용,QA/테스트/검증,신입,인턴,서울,,2026-09-29,https://www.catch.co.kr/Comp/CompDetail/M01057/Recruit/568993,,2026-09-07 17:57:43
캐치,케이씨텍,[신입] 반도체 장비부문 출고담당자 계약직 모집(안성),구매/자재/재고,신입,계약직,경기,,2026-09-13,https://www.catch.co.kr/Comp/CompDetail/IV5953/Recruit/568992,,2026-09-07 17:57:43
캐치,대한제분,부산공장 생산팀(설비보전_전기) 경력직 채용,"전기/소방/통신/안전, 전기/전자/제어",경력 4년↑,정규직,부산,,2026-09-23,https://www.catch.co.kr/Comp/CompDetail/310590/Recruit/568991,,2026-09-07 17:57:44
캐치,연합인포맥스,영업 부문 신입사원 채용,"고객관리/인바운드, 기획/전략/경영, B2B영업/기술영업",신입,정규직,서울,,2026-09-09,https://www.catch.co.kr/Comp/CompDetail/213393/Recruit/568990,,2026-09-07 17:57:44
캐치,이엔에프테크놀로지,[ENF] 박사 장학생 채용 - 기흥본사,"반도체/디스플레이, 설문/통계/리서치, 화학/에너지/환경",신입,정규직,경기,,2026-09-14,https://www.catch.co.kr/Comp/CompDetail/215316/Recruit/568989,,2026-09-07 17:57:44
캐치,HDC랩스,[본사] 사업개발팀 AI 홈·빌딩 상품 서비스 기획 부문 경력직 채용,"기획/전략/경영, 웹기획/PM/웹마케팅",경력 5년↑,기타,서울,,2026-09-11,https://www.catch.co.kr/Comp/CompDetail/119266/Recruit/568988,,2026-09-07 17:57:44
캐치,뉴발란스코리아,Retail & VM Marketing Executive (DTC) 채용,"마케팅/PR/분석, 상품기획/MD, 의류/패션/잡화디자인",경력 3~5년,기타,서울,,2026-10-27,https://www.catch.co.kr/Comp/CompDetail/QT2477/Recruit/568987,,2026-09-07 17:57:44
캐치,퓨릿,[한국알콜그룹] 2026년 9월 채용 #공채,"기획/전략/경영, 무역사무/수출입, 배송/택배/운전, 영업관리/지원/영업기획, 판매/캐셔/매장관리, B2B영업/기술영업",경력 5년↓,정규직,경기,,2026-09-14,https://www.catch.co.kr/Comp/CompDetail/G25326/Recruit/568986,,2026-09-07 17:57:44
캐치,케이씨엔에이,[한국알콜그룹] 2026년 9월 채용 #공채,"경리/회계/결산, 기획/전략/경영, 무역사무/수출입, 설문/통계/리서치, 영업관리/지원/영업기획, 재무/세무/IR",경력,정규직,경기,,2026-09-14,https://www.catch.co.kr/Comp/CompDetail/655082/Recruit/568985,,2026-09-07 17:57:44
캐치,한국알콜산업,[한국알콜그룹] 2026년 9월 채용 #공채,"기계설계/CAD/CAM, 기획/전략/경영, 사무/총무/법무, 화학/에너지/환경",경력 2~5년,정규직,울산,,2026-09-14,https://www.catch.co.kr/Comp/CompDetail/901482/Recruit/568983,,2026-09-07 17:57:44
캐치,대웅제약,오송물류팀(자재소분) 경력/신입 (~9/8) 채용,"구매/자재/재고, 생산관리/공정관리/품질관리",경력 2년↑,기타,충북,,2026-09-08,https://www.catch.co.kr/Comp/CompDetail/208595/Recruit/568981,,2026-09-07 17:57:44
캐치,이엔에프테크놀로지,[한국알콜그룹] 2026년 9월 채용 #공채,"구매/자재/재고, 기계설계/CAD/CAM, 반도체/디스플레이, 배송/택배/운전, 생산/제조/설비/조립, 생산관리/공정관리/품질관리, 시설/보안/경비/안전, 전기/소방/통신/안전, 전기/전자/제어, 화학/에너지/환경",경력,정규직/계약직,경기/충남/울산,,2026-09-14,https://www.catch.co.kr/Comp/CompDetail/215316/Recruit/568979,,2026-09-07 17:57:44
캐치,GS리테일,홈쇼핑BU 브랜드마케팅팀 SNS/인플루언서 마케터 경력사원 채용,"기획/전략/경영, 마케팅/PR/분석",경력 3~5년,정규직,서울,,2026-09-11,https://www.catch.co.kr/Comp/CompDetail/810045/Recruit/568978,,2026-09-07 17:57:44
캐치,케이씨텍,[경력] 반도체 CLN 설비 공정 담당자 모집(안성),"반도체/디스플레이, 생산관리/공정관리/품질관리",경력 2년↑,정규직,경기,,2026-09-13,https://www.catch.co.kr/Comp/CompDetail/IV5953/Recruit/568977,,2026-09-07 17:57:44
캐치,카카오뱅크,블록체인 서비스 백엔드 개발자 채용,"네트워크/서버/보안, ERP/시스템개발/설계",경력 3년↑,정규직,경기,,2026-09-21,https://www.catch.co.kr/Comp/CompDetail/HM8410/Recruit/568976,,2026-09-07 17:57:44
캐치,대웅제약,오송 물류팀(입고검수/자동화창고 운영) 경력/신입 (~9/8) 채용,"구매/자재/재고, 배송/택배/운전, 생산관리/공정관리/품질관리",경력 2년↑,기타,충북,,2026-09-08,https://www.catch.co.kr/Comp/CompDetail/208595/Recruit/568975,,2026-09-07 17:57:44
캐치,일성아이에스,2026년 하반기 품질관리팀 수시채용,"바이오/제약/식품, 생산관리/공정관리/품질관리, 화학/에너지/환경",경력,계약직,경기,,2026-09-10,https://www.catch.co.kr/Comp/CompDetail/350680/Recruit/568974,,2026-09-07 17:57:44
캐치,호텔롯데,"리조트부문 L-CREW(체험형인턴) 채용 (서울, 부여, 속초)","건축/설계/인테리어, 고객관리/인바운드, 사무/총무/법무, 여행/항공/숙박/레저, 전기/소방/통신/안전",신입,인턴,서울/충남/강원,,2026-09-17,https://www.catch.co.kr/Comp/CompDetail/630020/Recruit/568973,,2026-09-07 17:57:44
캐치,카카오뱅크,DevOps 엔지니어 채용,"네트워크/서버/보안, ERP/시스템개발/설계",경력 5년↑,정규직,경기,,2026-09-21,https://www.catch.co.kr/Comp/CompDetail/HM8410/Recruit/568972,,2026-09-07 17:57:44
캐치,엑시스아이티,[고려아연계열/엑시스아이티] IT 네트워크 담당자 경력 채용,네트워크/서버/보안,경력 3년↑,정규직,서울,,2026-10-13,https://www.catch.co.kr/Comp/CompDetail/051536/Recruit/568971,,2026-09-07 17:57:44
캐치,GC녹십자웰빙,자금 (신입/경력) 채용,"구매/자재/재고, 재무/세무/IR",경력,정규직,서울,,2026-09-09,https://www.catch.co.kr/Comp/CompDetail/C27075/Recruit/568969,,2026-09-07 17:57:44
캐치,엑시스아이티,[고려아연계열/엑시스아이티] M365 및 AD 계정 담당자 경력 채용,네트워크/서버/보안,경력 3년↑,정규직,서울,,2026-10-13,https://www.catch.co.kr/Comp/CompDetail/051536/Recruit/568968,,2026-09-07 17:57:44
캐치,넥센타이어,2026년 하반기 일경험 인턴 채용,"광고/시각디자인, 기획/전략/경영, 마케팅/PR/분석, 빅데이터/AI, 사무/총무/법무, 사무보조/문서작성, 설문/통계/리서치, 인사/노무/교육, 재무/세무/IR",신입,인턴,서울,,2026-09-08,https://www.catch.co.kr/Comp/CompDetail/351253/Recruit/568967,,2026-09-07 17:57:44
캐치,에이치케이금융파트너스,[HK금융파트너스] 영업추진팀(영업기획·영업관리) 리더급 채용,"마케팅/PR/분석, 영업관리/지원/영업기획",경력 10년↑,정규직/계약직,서울,,2026-09-13,https://www.catch.co.kr/Comp/CompDetail/QF1354/Recruit/568966,,2026-09-07 17:57:44
캐치,한국석유공업,[KP그룹]한국석유공업 건자재팀 영업직 채용(신입 및 경력),"영업관리/지원/영업기획, 일반영업, B2B영업/기술영업",경력 3년↓,정규직,서울,,2026-09-10,https://www.catch.co.kr/Comp/CompDetail/351270/Recruit/568965,,2026-09-07 17:57:44
캐치,대웅제약,CH약국 MR 경력직(인천) (~9/15) 채용,"영업관리/지원/영업기획, 일반영업",경력 3년↑,기타,인천,,2026-09-15,https://www.catch.co.kr/Comp/CompDetail/208595/Recruit/568964,,2026-09-07 17:57:44
캐치,컴투스,정보보호 담당자 (4년 이상) 채용,"네트워크/서버/보안, 사무/총무/법무",경력 4년↑,정규직,서울,,2026-10-30,https://www.catch.co.kr/Comp/CompDetail/126321/Recruit/568963,,2026-09-07 17:57:44
캐치,동진쎄미켐,[9월 정기] 각 부문 인재 채용,"기획/전략/경영, 무역영업/해외영업, 반도체/디스플레이, 사무/총무/법무, 생산관리/공정관리/품질관리, 재무/세무/IR, 전기/소방/통신/안전, 전기/전자/제어, 화학/에너지/환경, ERP/시스템개발/설계",경력,정규직,경기/서울,,2026-09-10,https://www.catch.co.kr/Comp/CompDetail/355950/Recruit/568962,,2026-09-07 17:57:44
캐치,컴투스,테크니컬 아티스트 (신입/경력) 채용,게임,경력,정규직,서울,,2026-10-30,https://www.catch.co.kr/Comp/CompDetail/126321/Recruit/568961,,2026-09-07 17:57:44
캐치,대웅제약,횡성(건강기능식품)공장 QA팀 경력직 채용 (~9/11),"바이오/제약/식품, 생산관리/공정관리/품질관리",경력 10년↑,기타,강원,,2026-09-11,https://www.catch.co.kr/Comp/CompDetail/208595/Recruit/568960,,2026-09-07 17:57:44
캐치,HL디앤아이한라,"[건축, 토목, 설비, 전기, 안전, 개발, 경영지원] 2026 하반기 HL그룹 신입사원 채용 #공채","건축/설계/인테리어, 경리/회계/결산, 기계설계/CAD/CAM, 기획/전략/경영, 부동산/중개/분양/경매, 시공/현장/감리/공무, 재무/세무/IR, 전기/소방/통신/안전, 전기/전자/제어, 토목/조경/도시/측량",신입,정규직,서울,,2026-09-27,https://www.catch.co.kr/Comp/CompDetail/501719/Recruit/568959,,2026-09-07 17:57:44
캐치,두산건설,현장AS기능직(입주하자관리) 채용,"건축/설계/인테리어, 시공/현장/감리/공무",경력 3년↑,계약직,서울/경기/인천/부산,,2026-09-30,https://www.catch.co.kr/Comp/CompDetail/360171/Recruit/568958,,2026-09-07 17:57:44
캐치,만도브로제,"[R&D, 생산, 품질, Sales] 2026년 하반기 HL그룹 신입사원 채용 #공채","고객관리/인바운드, 기계설계/CAD/CAM, 생산/제조/설비/조립, 생산관리/공정관리/품질관리, 영업관리/지원/영업기획, 일반영업, 자동차/조선/기계, 전기/전자/제어",신입,정규직,인천,,2026-09-27,https://www.catch.co.kr/Comp/CompDetail/H34896/Recruit/568957,,2026-09-07 17:57:45
캐치,국가과학기술인력개발원,2026년 제4회 정규직 및 위촉직 블라인드 채용,"교육기획/교재, 기획/전략/경영",경력,정규직/기타,충북/대전,,2026-09-16,https://www.catch.co.kr/Comp/CompDetail/HC9442/Recruit/568956,,2026-09-07 17:57:45
캐치,SK티엔에스,[SK TNS] 공무 경력직 채용,"건축/설계/인테리어, 시공/현장/감리/공무, 재무/세무/IR",경력 5년↑,정규직,서울/전국,,2026-09-30,https://www.catch.co.kr/Comp/CompDetail/HI9093/Recruit/568955,,2026-09-07 17:57:45
캐치,대웅제약,횡성(건강기능식품)공장 내용고형제 신입/경력 채용 (~9/11),생산/제조/설비/조립,경력 2년↑,정규직/인턴,강원,,2026-09-11,https://www.catch.co.kr/Comp/CompDetail/208595/Recruit/568954,,2026-09-07 17:57:45
캐치,SK티엔에스,[SK TNS] 전기 엔지니어 경력직 채용,"건축/설계/인테리어, 사무/총무/법무, 시공/현장/감리/공무, 전기/전자/제어",경력 5년↑,정규직,서울/전국,,2026-09-30,https://www.catch.co.kr/Comp/CompDetail/HI9093/Recruit/568953,,2026-09-07 17:57:45
캐치,SK티엔에스,[SK TNS] 기계 엔지니어 경력직 채용,"건축/설계/인테리어, 사무/총무/법무, 시공/현장/감리/공무, 자동차/조선/기계",경력 5년↑,정규직,서울/전국,,2026-09-30,https://www.catch.co.kr/Comp/CompDetail/HI9093/Recruit/568952,,2026-09-07 17:57:45
캐치,반도건설,"경력사원 채용 (건축, 안전, 보건, 설비, 품질)","건축/설계/인테리어, 생산관리/공정관리/품질관리, 시공/현장/감리/공무, 시설/보안/경비/안전, 전기/소방/통신/안전",경력 4년↑,기타,서울/전국,,2026-09-14,https://www.catch.co.kr/Comp/CompDetail/C15101/Recruit/568951,,2026-09-07 17:57:45
캐치,대웅제약,QC1팀 용수채취자 채용 (신입) (~9/11),바이오/제약/식품,신입,인턴,경기,,2026-09-11,https://www.catch.co.kr/Comp/CompDetail/208595/Recruit/568950,,2026-09-07 17:57:45
캐치,한화솔루션,[전략/운영부문] 26년 하반기 재무 신입사원 채용 #공채,"재무/세무/IR, 증권/투자/펀드/외환",신입,정규직,서울,,2026-09-27,https://www.catch.co.kr/Comp/CompDetail/350257/Recruit/568949,,2026-09-07 17:57:45
캐치,현대글로비스,2026년 하반기 신입채용 #공채,"경리/회계/결산, 구매/자재/재고, 기획/전략/경영, 무역사무/수출입, 무역영업/해외영업, 배송/택배/운전, 빅데이터/AI, 생산관리/공정관리/품질관리, 시설/보안/경비/안전, 자동차/조선/기계, ERP/시스템개발/설계",신입,정규직,서울/울산/부산/전남광주/충남,,2026-09-13,https://www.catch.co.kr/Comp/CompDetail/163890/Recruit/568948,,2026-09-07 17:57:45
캐치,두산건설,9월 경력직 채용 (상품마케팅/영업),"건축/설계/인테리어, 기획/전략/경영, 마케팅/PR/분석, 상품기획/MD, 설문/통계/리서치, 토목/조경/도시/측량",경력 5년↑,정규직/계약직,서울,,2026-09-30,https://www.catch.co.kr/Comp/CompDetail/360171/Recruit/568947,,2026-09-07 17:57:45
캐치,HL만도,2026년 하반기 HL그룹 신입사원 채용 #공채,"기계설계/CAD/CAM, 마케팅/PR/분석, 생산관리/공정관리/품질관리, 일반영업, 자동차/조선/기계, 전기/전자/제어, B2B영업/기술영업",신입,정규직,경기/강원/전북,,2026-09-27,https://www.catch.co.kr/Comp/CompDetail/M14025/Recruit/568945,,2026-09-07 17:57:45
캐치,한국표준협회,2027년 정규직원 공개채용 #공채,"기획/전략/경영, 마케팅/PR/분석, 일반영업",신입,정규직,서울,,2026-09-22,https://www.catch.co.kr/Comp/CompDetail/047566/Recruit/568944,,2026-09-07 17:57:45
캐치,HL만도,2026년 하반기 HL그룹 전문연구요원/산학장학생 채용 #공채,"기계설계/CAD/CAM, 빅데이터/AI, 응용프로그램개발, 자동차/조선/기계, 전기/전자/제어, 화학/에너지/환경, ERP/시스템개발/설계",신입,기타,경기,,2026-09-27,https://www.catch.co.kr/Comp/CompDetail/M14025/Recruit/568943,,2026-09-07 17:57:45
캐치,HL만도,2026년 하반기 HL그룹 채용연계형 인턴 채용 #공채,"기계설계/CAD/CAM, 자동차/조선/기계, 전기/전자/제어",신입,인턴,경기,,2026-09-13,https://www.catch.co.kr/Comp/CompDetail/M14025/Recruit/568942,,2026-09-07 17:57:45
캐치,HL홀딩스,"[물류, 해외영업] 2026년 하반기 HL그룹 신입사원 채용 #공채","기획/전략/경영, 마케팅/PR/분석, 무역영업/해외영업, 배송/택배/운전",신입,정규직,서울/경기/강원/전북/전국,,2026-09-27,https://www.catch.co.kr/Comp/CompDetail/135082/Recruit/568941,,2026-09-07 17:57:45
캐치,아이에스동서,하반기 부문별 경력사원 채용,"건축/설계/인테리어, 기계설계/CAD/CAM, 생산/제조/설비/조립, 생산관리/공정관리/품질관리, 시공/현장/감리/공무, 전기/소방/통신/안전, 토목/조경/도시/측량",경력,정규직/계약직,울산/경남/경기/경북,,2026-09-14,https://www.catch.co.kr/Comp/CompDetail/360201/Recruit/568940,,2026-09-07 17:57:45
캐치,SK핀크스,2026년 9월 신입/경력 채용,"기획/전략/경영, 외식/식음료, 전시/컨벤션, 판매/캐셔/매장관리",경력,정규직,제주,,2026-09-10,https://www.catch.co.kr/Comp/CompDetail/084869/Recruit/568939,,2026-09-07 17:57:45
캐치,HL클레무브,"[HL Klemove] [R&D, 영업, 구매, 생산기술] 2026 하반기 HL그룹 신입사원 채용 #공채","구매/자재/재고, 기계설계/CAD/CAM, 네트워크/서버/보안, 생산관리/공정관리/품질관리, 영업관리/지원/영업기획, 웹기획/PM/웹마케팅, 응용프로그램개발, 자동차/조선/기계, 전기/전자/제어, DBA/데이터베이스, ERP/시스템개발/설계",신입,정규직,인천/경기,,2026-09-27,https://www.catch.co.kr/Comp/CompDetail/C68696/Recruit/568938,,2026-09-07 17:57:45
캐치,SK핀크스,2026년 9월 인사(HR) 채용,"경리/회계/결산, 인사/노무/교육",경력 3년↑,정규직,제주,,2026-09-07,https://www.catch.co.kr/Comp/CompDetail/084869/Recruit/568937,,2026-09-07 17:57:45
캐치,한미사이언스,[한미그룹] 2026년 9월 계약직 수시채용 [각 부문별],"마케팅/PR/분석, 사무/총무/법무, 인사/노무/교육, 자동차/조선/기계, 전기/소방/통신/안전, 전기/전자/제어",경력,계약직,서울,,2026-09-09,https://www.catch.co.kr/Comp/CompDetail/350753/Recruit/568936,,2026-09-07 17:57:45
캐치,유한화학,(2026년 9월) 생산기사 채용전환형 인턴 사원 모집 #공채,"생산/제조/설비/조립, 생산관리/공정관리/품질관리",신입,인턴,경기,,2026-09-07,https://www.catch.co.kr/Comp/CompDetail/353450/Recruit/568935,,2026-09-07 17:57:45
캐치,유한화학,(2026년 9월) 생산팀 채용전환형 인턴 사원 모집 #공채,"생산/제조/설비/조립, 생산관리/공정관리/품질관리",신입,인턴,경기,,2026-09-07,https://www.catch.co.kr/Comp/CompDetail/353450/Recruit/568933,,2026-09-07 17:57:45
캐치,한미약품,[한미그룹] 2026년 9월 계약직 수시채용 [각 부문별],"생산/제조/설비/조립, 생산관리/공정관리/품질관리, 영업관리/지원/영업기획, 일반영업, 포장/가공",경력,계약직,경기/서울,,2026-09-09,https://www.catch.co.kr/Comp/CompDetail/F21818/Recruit/568932,,2026-09-07 17:57:45
캐치,DB캐피탈,2026년 하반기 신입사원 채용 #공채,"사무/총무/법무, 증권/투자/펀드/외환, 채권/보험/보상/심사",신입,정규직,서울,,2026-10-02,https://www.catch.co.kr/Comp/CompDetail/056018/Recruit/568931,,2026-09-07 17:57:45
캐치,현대엘리베이터,2026 하반기 현대그룹 신입 매니저 채용 #공채,"건축/설계/인테리어, 구매/자재/재고, 기계설계/CAD/CAM, 기획/전략/경영, 마케팅/PR/분석, 무역영업/해외영업, 사무/총무/법무, 웹기획/PM/웹마케팅, 응용프로그램개발, 인사/노무/교육, 재무/세무/IR, 전기/소방/통신/안전, ERP/시스템개발/설계",신입,정규직,충북/서울,,2026-09-22,https://www.catch.co.kr/Comp/CompDetail/380229/Recruit/568930,,2026-09-07 17:57:45
캐치,DB자산운용,2026년 하반기 신입사원 채용 #공채,"사무보조/문서작성, 설문/통계/리서치, 증권/투자/펀드/외환",신입,정규직,서울,,2026-10-02,https://www.catch.co.kr/Comp/CompDetail/607142/Recruit/568929,,2026-09-07 17:57:45
캐치,현대무벡스,2026 하반기 현대그룹 신입 매니저 채용 #공채,"경리/회계/결산, 고객관리/인바운드, 빅데이터/AI, 영업관리/지원/영업기획, 일반영업, 자동차/조선/기계, 재무/세무/IR, 전기/전자/제어, B2B영업/기술영업, ERP/시스템개발/설계",신입,정규직,인천/서울/전국,,2026-09-22,https://www.catch.co.kr/Comp/CompDetail/JL9064/Recruit/568928,,2026-09-07 17:57:45
캐치,에이비엘생명보험,[ABL생명] 상품본부 경력직 채용,"기획/전략/경영, 마케팅/PR/분석, 상품기획/MD",경력 3년↑,정규직,서울,,2026-09-28,https://www.catch.co.kr/Comp/CompDetail/870161/Recruit/568927,,2026-09-07 17:57:45
캐치,국민은행,2026년 하반기 신입행원(L0) 「특성화고」 특별채용 #공채,"고객관리/인바운드, 사무/총무/법무",신입,정규직,서울/전국,,2026-09-09,https://www.catch.co.kr/Comp/CompDetail/182744/Recruit/568925,,2026-09-07 17:57:45
캐치,DB증권,2026년 하반기 신입사원 채용 #공채,"마케팅/PR/분석, 사무/총무/법무, 설문/통계/리서치, 영업관리/지원/영업기획, 재무/세무/IR, B2B영업/기술영업",신입,정규직,서울,,2026-10-02,https://www.catch.co.kr/Comp/CompDetail/821640/Recruit/568924,,2026-09-07 17:57:46
캐치,DB하이텍,2026년 하반기 신입사원 채용 #공채,"반도체/디스플레이, 빅데이터/AI, 생산관리/공정관리/품질관리, 인사/노무/교육, 전기/전자/제어",신입,정규직,경기/충북,,2026-10-02,https://www.catch.co.kr/Comp/CompDetail/350354/Recruit/568923,,2026-09-07 17:57:46
캐치,국민은행,2026년 하반기 신입행원(L0) 「ESG동반성장」 특별채용 #공채,"고객관리/인바운드, 사무/총무/법무",신입,정규직,서울/전국,,2026-09-09,https://www.catch.co.kr/Comp/CompDetail/182744/Recruit/568922,,2026-09-07 17:57:46
캐치,효성,2026년 하반기 효성그룹 신입·경력사원 채용 #설명회 #공채,"기계설계/CAD/CAM, 기획/전략/경영, 네트워크/서버/보안, 마케팅/PR/분석, 생산관리/공정관리/품질관리, 설문/통계/리서치, 응용프로그램개발, 일반영업, 재무/세무/IR, 전기/소방/통신/안전, 전기/전자/제어, 통신기술/네트워크구축, B2B영업/기술영업, ERP/시스템개발/설계",경력 4년↑,정규직,서울,,2026-09-20,https://www.catch.co.kr/Comp/CompDetail/320218/Recruit/568921,,2026-09-07 17:57:46
캐치,DB생명보험,2026년 하반기 신입사원 채용 #공채,"경리/회계/결산, 마케팅/PR/분석, 사무/총무/법무, 영업관리/지원/영업기획, 증권/투자/펀드/외환, 채권/보험/보상/심사",신입,정규직,서울/전북/대구/부산,,2026-10-02,https://www.catch.co.kr/Comp/CompDetail/821420/Recruit/568920,,2026-09-07 17:57:46
캐치,DB Inc.,2026년 하반기 신입사원 채용 #공채,"네트워크/서버/보안, 빅데이터/AI, 웹개발, 응용프로그램개발, 인사/노무/교육, ERP/시스템개발/설계",신입,정규직,서울/경기,,2026-10-02,https://www.catch.co.kr/Comp/CompDetail/352098/Recruit/568919,,2026-09-07 17:57:46
캐치,국민은행,2026년 하반기 신입행원(L1) 「AI·플랫폼개발」부문 채용 #공채,"네트워크/서버/보안, 빅데이터/AI, 웹개발, 응용프로그램개발, ERP/시스템개발/설계",신입,정규직,서울/경기/인천,,2026-09-09,https://www.catch.co.kr/Comp/CompDetail/182744/Recruit/568918,,2026-09-07 17:57:46
캐치,신풍제약,[신풍제약] 해외사업본부 해외영업팀 경력 채용,무역영업/해외영업,경력 3년↑,정규직,서울,,2026-09-13,https://www.catch.co.kr/Comp/CompDetail/354830/Recruit/568917,,2026-09-07 17:57:46
캐치,국민은행,2026년 하반기 신입행원(L1) 「IT」부문 채용 #공채,"네트워크/서버/보안, 응용프로그램개발, ERP/시스템개발/설계",신입,정규직,서울/경기/인천,,2026-09-09,https://www.catch.co.kr/Comp/CompDetail/182744/Recruit/568916,,2026-09-07 17:57:46
캐치,DB저축은행,2026년 하반기 신입사원 채용 #공채,"경영분석/컨설턴트, 사무/총무/법무, 영업관리/지원/영업기획",신입,정규직,서울,,2026-10-02,https://www.catch.co.kr/Comp/CompDetail/881562/Recruit/568915,,2026-09-07 17:57:46
캐치,국민은행,2026년 하반기 신입행원(L1) 「전문자격(공인회계사)」부문 특별채용 #공채,세무/회계/CPA,경력 3년↑,정규직,서울/경기/인천,,2026-09-09,https://www.catch.co.kr/Comp/CompDetail/182744/Recruit/568914,,2026-09-07 17:57:46
캐치,국민은행,2026년 하반기 신입행원(L1) 「전역장교」부문 채용 #공채,"고객관리/인바운드, 사무/총무/법무, 증권/투자/펀드/외환",신입,정규직,서울/경기/인천,,2026-09-09,https://www.catch.co.kr/Comp/CompDetail/182744/Recruit/568913,,2026-09-07 17:57:46
캐치,국민은행,2026년 하반기 신입행원(L1) 「UB」부문 채용 #공채,"고객관리/인바운드, 사무/총무/법무, 증권/투자/펀드/외환",신입,정규직,서울/경기/인천/부산/울산/경남/대구/경북/대전/세종/충북/충남/전남광주/강원/전국,,2026-09-09,https://www.catch.co.kr/Comp/CompDetail/182744/Recruit/568912,,2026-09-07 17:57:46
캐치,SM그룹,그룹 건설부문 상품구매팀장 채용,건축/설계/인테리어,경력 12년↑,기타,서울,,2026-09-19,https://www.catch.co.kr/Comp/CompDetail/192/Recruit/568911,,2026-09-07 17:57:46
캐치,한화에너지,2026년 하반기 신입사원 공개채용 #공채,"기계설계/CAD/CAM, 설문/통계/리서치, 자동차/조선/기계, 재무/세무/IR, 전기/전자/제어, 화학/에너지/환경",신입,정규직,세종/전남광주/전북,,2026-09-21,https://www.catch.co.kr/Comp/CompDetail/673142/Recruit/568910,,2026-09-07 17:57:46
캐치,롯데캐피탈,2026년 9월 신입사원 채용 일반전형 #공채,"경영분석/컨설턴트, 네트워크/서버/보안, 빅데이터/AI, 사무/총무/법무, 설문/통계/리서치, 일반영업, 증권/투자/펀드/외환, ERP/시스템개발/설계",신입,정규직,서울,,2026-09-21,https://www.catch.co.kr/Comp/CompDetail/041277/Recruit/568909,,2026-09-07 17:57:46
캐치,두산그룹,2026 신입사원 채용 #공채,"구매/자재/재고, 기계설계/CAD/CAM, 마케팅/PR/분석, 빅데이터/AI, 생산관리/공정관리/품질관리, 웹기획/PM/웹마케팅, 응용프로그램개발, 자동차/조선/기계, 재무/세무/IR, 전기/전자/제어, 화학/에너지/환경, ERP/시스템개발/설계",신입,정규직,충북/경북/전북/경기/서울/경남/전국/기타해외,,2026-09-21,https://www.catch.co.kr/Comp/CompDetail/391/Recruit/568908,,2026-09-07 17:57:46
캐치,한국후지필름,2026년 9월 신입사원 채용 I'M전형 #공채,"기획/전략/경영, 마케팅/PR/분석, 설문/통계/리서치",신입,인턴,서울,,2026-09-10,https://www.catch.co.kr/Comp/CompDetail/JB2986/Recruit/568907,,2026-09-07 17:57:46
캐치,롯데GS화학,2026년 9월 신입사원 채용 일반전형 #공채,"생산/제조/설비/조립, 생산관리/공정관리/품질관리",신입,정규직,전남광주,,2026-09-14,https://www.catch.co.kr/Comp/CompDetail/LA1514/Recruit/568906,,2026-09-07 17:57:46
캐치,HL만도,다이나모 시험평가 계약직 채용,"생산관리/공정관리/품질관리, 전기/전자/제어",경력무관,계약직,경기,,2026-09-08,https://www.catch.co.kr/Comp/CompDetail/M14025/Recruit/568905,,2026-09-07 17:57:46
캐치,롯데홈쇼핑,2026년 9월 주니어 경력사원 채용(Skilled New Starter전형),"마케팅/PR/분석, 상품기획/MD, 영업관리/지원/영업기획, 일반영업",경력 2~4년,정규직,서울,,2026-09-18,https://www.catch.co.kr/Comp/CompDetail/174042/Recruit/568904,,2026-09-07 17:57:46
캐치,롯데건설,2026년 9월 신입사원 채용 I'M전형 #공채,"생산관리/공정관리/품질관리, 시공/현장/감리/공무, 토목/조경/도시/측량",신입,기타,서울/전국,,2026-09-14,https://www.catch.co.kr/Comp/CompDetail/500160/Recruit/568903,,2026-09-07 17:57:46
캐치,롯데이노베이트,2026년 9월 신입사원 채용 일반전형 #공채,"경영분석/컨설턴트, 네트워크/서버/보안, 빅데이터/AI, 영업관리/지원/영업기획, 웹기획/PM/웹마케팅, 응용프로그램개발, 일반영업, B2B영업/기술영업, QA/테스트/검증",신입,정규직,서울,,2026-09-16,https://www.catch.co.kr/Comp/CompDetail/IV7260/Recruit/568902,,2026-09-07 17:57:46
캐치,롯데건설,2026년 9월 신입사원 채용 보훈전형 #공채,"생산관리/공정관리/품질관리, 시공/현장/감리/공무",신입,정규직,서울/전국,,2026-09-14,https://www.catch.co.kr/Comp/CompDetail/500160/Recruit/568901,,2026-09-07 17:57:46
캐치,롯데칠성음료,2026 외국인 유학생 채용연계형 인턴십 모집 #공채,"기획/전략/경영, 마케팅/PR/분석, 무역영업/해외영업",신입,인턴,서울,,2026-09-15,https://www.catch.co.kr/Comp/CompDetail/310476/Recruit/568900,,2026-09-07 17:57:46
캐치,현대자동차,9월 신입 채용 #공채,"구매/자재/재고, 기계설계/CAD/CAM, 기획/전략/경영, 반도체/디스플레이, 상품기획/MD, 생산관리/공정관리/품질관리, 응용프로그램개발, 인사/노무/교육, 자동차/조선/기계, 재무/세무/IR, 제품/산업디자인, 화학/에너지/환경",신입,정규직,서울/경기/전북/울산/충남/전국,,2026-09-14,https://www.catch.co.kr/Comp/CompDetail/380954/Recruit/568899,,2026-09-07 17:57:46
캐치,롯데건설,2026년 9월 신입사원 채용 일반전형 #공채,"건축/설계/인테리어, 구매/자재/재고, 기계설계/CAD/CAM, 기획/전략/경영, 법률/특허/상표, 부동산/중개/분양/경매, 빅데이터/AI, 사무/총무/법무, 시공/현장/감리/공무, 인사/노무/교육, 재무/세무/IR, 전기/전자/제어",신입,정규직,서울/부산,,2026-09-14,https://www.catch.co.kr/Comp/CompDetail/500160/Recruit/568898,,2026-09-07 17:57:46
캐치,롯데칠성음료,2026년 9월 신입사원 채용 일반전형 #공채,"구매/자재/재고, 기획/전략/경영, 마케팅/PR/분석, 무역영업/해외영업, 생산관리/공정관리/품질관리, 일반영업",신입,정규직,서울/경기/경남,,2026-09-15,https://www.catch.co.kr/Comp/CompDetail/310476/Recruit/568897,,2026-09-07 17:57:46
캐치,호텔롯데 롯데월드,2026년 9월 신입사원 채용 일반전형 #공채,"빅데이터/AI, 인사/노무/교육, 헤드헌팅/노무/직업상담",신입,정규직,서울,,2026-09-14,https://www.catch.co.kr/Comp/CompDetail/AC4DE/Recruit/568896,,2026-09-07 17:57:46
캐치,호텔롯데,2026년 9월 신입사원 채용 일반전형 #공채,"경리/회계/결산, 마케팅/PR/분석, 영업관리/지원/영업기획, 재무/세무/IR",신입,정규직,서울,,2026-09-14,https://www.catch.co.kr/Comp/CompDetail/630020/Recruit/568895,,2026-09-07 17:57:46
캐치,롯데에너지머티리얼즈,2026년 9월 신입사원 채용 일반전형 #공채,"기계설계/CAD/CAM, 생산/제조/설비/조립, 생산관리/공정관리/품질관리, 화학/에너지/환경",신입,정규직,전북,,2026-09-21,https://www.catch.co.kr/Comp/CompDetail/372021/Recruit/568894,,2026-09-07 17:57:48
캐치,인터엑스,[서울/대구/울산] 풀스택 개발자 인턴,"웹개발, DBA/데이터베이스",경력무관,인턴,울산/서울/대구,,2026-10-31,https://www.catch.co.kr/Comp/CompDetail/LI9345/Recruit/568893,,2026-09-07 17:57:48
캐치,코스알엑스,[26년 8월] (경력) 상품기획 채용,"마케팅/PR/분석, 상품기획/MD, 화학/에너지/환경",경력 4년↑,정규직,서울,,2026-09-08,https://www.catch.co.kr/Comp/CompDetail/L28888/Recruit/568892,,2026-09-07 17:57:48
캐치,미리디,[미리디] IT Office Manager (IT Operations),네트워크/서버/보안,경력 1~5년,계약직,서울,,2026-10-27,https://www.catch.co.kr/Comp/CompDetail/C73017/Recruit/568891,,2026-09-07 17:57:48
캐치,에이피알,2026 하반기 신입 대규모 채용,"고객관리/인바운드, 구매/자재/재고, 마케팅/PR/분석, 사무/총무/법무, 상품기획/MD, 생산/제조/설비/조립, 생산관리/공정관리/품질관리, 응용프로그램개발, 화학/에너지/환경, B2B영업/기술영업",신입,인턴,서울/경기,,2026-09-20,https://www.catch.co.kr/Comp/CompDetail/M23872/Recruit/568890,,2026-09-07 17:57:48
캐치,미소,[O2O 홈서비스 플랫폼 Miso] 파트너 영업 인턴,"고객관리/인바운드, 기획/전략/경영, 사무보조/문서작성, 영업관리/지원/영업기획, 일반영업, B2B영업/기술영업",경력,인턴,서울,,2026-10-30,https://www.catch.co.kr/Comp/CompDetail/HL2299/Recruit/568889,,2026-09-07 17:57:48
캐치,연세대학교 신촌캠퍼스,연세대학교 국제캠퍼스 K-NIBRT사업단 실습실 공무 업무 담당 채용,"교육기획/교재, 대학교수/행정직, 전기/소방/통신/안전",경력무관,계약직,인천,,2026-09-17,https://www.catch.co.kr/Comp/CompDetail/AF963/Recruit/568888,,2026-09-07 17:57:48
캐치,SIMPAC,SIMPAC그룹 신입/경력 공개 채용,"구매/자재/재고, 기계설계/CAD/CAM, 무역사무/수출입, 빅데이터/AI, 생산/제조/설비/조립, 생산관리/공정관리/품질관리, 일반영업, 전기/전자/제어, AS/서비스/수리, DBA/데이터베이스",경력무관,정규직,인천/경남/서울,,2026-09-13,https://www.catch.co.kr/Comp/CompDetail/381497/Recruit/568887,,2026-09-07 17:57:48
캐치,더퓨어랩,[더퓨어랩] 닥터엘시아/디어에이 CIS 인플루언서 마케팅 인턴(전환형)/경력,마케팅/PR/분석,경력,정규직/인턴,서울,,2026-10-10,https://www.catch.co.kr/Comp/CompDetail/RL2487/Recruit/568886,,2026-09-07 17:57:48
캐치,네이버클라우드,[NAVER Cloud] Foundation Model Pre-training 연구·개발 (체험형 인턴) 채용,"빅데이터/AI, DBA/데이터베이스",신입,인턴,경기,,2026-09-09,https://www.catch.co.kr/Comp/CompDetail/C83675/Recruit/568883,,2026-09-07 17:57:48
캐치,CJ프레시웨이,[CJ프레시웨이] 구매 사무지원(계약직) 경력사원 모집,"사무/총무/법무, 사무보조/문서작성",경력 1년↑,계약직,서울,,2026-09-14,https://www.catch.co.kr/Comp/CompDetail/157210/Recruit/568882,,2026-09-07 17:57:48
캐치,네이버클라우드,[NAVER Cloud] HyperCLOVA X 활용 AI 경험 리서치 및 기획 (체험형 인턴) 채용,"기획/전략/경영, 빅데이터/AI, 설문/통계/리서치, QA/테스트/검증",신입,인턴,경기,,2026-09-09,https://www.catch.co.kr/Comp/CompDetail/C83675/Recruit/568881,,2026-09-07 17:57:48
캐치,네이버클라우드,[NAVER Cloud] LLMOps 프로덕트 매니지먼트 (체험형 인턴) 채용,"빅데이터/AI, 설문/통계/리서치, QA/테스트/검증",신입,인턴,경기,,2026-09-09,https://www.catch.co.kr/Comp/CompDetail/C83675/Recruit/568880,,2026-09-07 17:57:48
캐치,포스코,2026년 하반기 생산기술직 인턴모집 #공채,"기계설계/CAD/CAM, 네트워크/서버/보안, 배송/택배/운전, 빅데이터/AI, 자동차/조선/기계, 전기/소방/통신/안전, 화물/중장비, 화학/에너지/환경, 환경/플랜트, ERP/시스템개발/설계",신입,인턴,경북/전남광주,,2026-09-09,https://www.catch.co.kr/Comp/CompDetail/OX9158/Recruit/568876,,2026-09-07 17:57:48
캐치,케이뱅크,체크카드 상품 담당자 채용,"기획/전략/경영, 상품기획/MD",경력 2년↑,정규직,서울,,2026-09-13,https://www.catch.co.kr/Comp/CompDetail/HM3351/Recruit/568874,,2026-09-07 17:57:48
캐치,케이뱅크,서비스·마케팅 기획자 채용,"기획/전략/경영, 마케팅/PR/분석, 웹기획/PM/웹마케팅",경력 3년↑,정규직,서울,,2026-09-13,https://www.catch.co.kr/Comp/CompDetail/HM3351/Recruit/568873,,2026-09-07 17:57:48
캐치,케이뱅크,사업·마케팅 운영 담당자 채용,"기획/전략/경영, 마케팅/PR/분석",경력,계약직,서울,,2026-09-13,https://www.catch.co.kr/Comp/CompDetail/HM3351/Recruit/568872,,2026-09-07 17:57:48
캐치,유한양행,2026년 신입(인턴)/경력 사원채용,"네트워크/서버/보안, 마케팅/PR/분석, 바이오/제약/식품, 빅데이터/AI, 생산/제조/설비/조립, 생산관리/공정관리/품질관리, 약사/한약사/약무보조, 웹개발, 일반영업, 화학/에너지/환경, B2B영업/기술영업",경력,정규직/인턴,서울/충북/경기/전국,,2026-09-13,https://www.catch.co.kr/Comp/CompDetail/350664/Recruit/568871,,2026-09-07 17:57:48
캐치,케이뱅크,BaaS 플랫폼/계정계 수신 개발 및 운영 담당자 채용,"네트워크/서버/보안, 웹개발, 응용프로그램개발",경력 7년↑,정규직,서울,,2026-09-13,https://www.catch.co.kr/Comp/CompDetail/HM3351/Recruit/568870,,2026-09-07 17:57:48
캐치,케이뱅크,엔드포인트 보안 운영 담당자 채용,"네트워크/서버/보안, 사무/총무/법무, 웹기획/PM/웹마케팅",경력 3년↑,정규직,서울,,2026-09-13,https://www.catch.co.kr/Comp/CompDetail/HM3351/Recruit/568869,,2026-09-07 17:57:48
캐치,엑시스아이티,[고려아연계열/엑시스아이티] IT 서버 담당자 경력 채용,네트워크/서버/보안,경력 5년↑,정규직,서울,,2026-10-13,https://www.catch.co.kr/Comp/CompDetail/051536/Recruit/568868,,2026-09-07 17:57:48
캐치,티빙,[티빙] Agency Partner Team Lead 경력채용,마케팅/PR/분석,경력 13년↑,정규직,서울,,2026-09-20,https://www.catch.co.kr/Comp/CompDetail/LW1453/Recruit/568867,,2026-09-07 17:57:48
캐치,케이뱅크,SRE 엔지니어 채용,"네트워크/서버/보안, 응용프로그램개발, ERP/시스템개발/설계",경력 3년↑,정규직,서울,,2026-09-13,https://www.catch.co.kr/Comp/CompDetail/HM3351/Recruit/568866,,2026-09-07 17:57:48
캐치,현대종합금속,기계사업본부 경력사원 채용,"기계설계/CAD/CAM, 전기/전자/제어",경력 3년↑,정규직,울산,,2026-09-27,https://www.catch.co.kr/Comp/CompDetail/350419/Recruit/568865,,2026-09-07 17:57:48
캐치,엑시스아이티,[고려아연계열/엑시스아이티] IT 보안 담당자 경력 채용,네트워크/서버/보안,경력 3년↑,정규직,서울,,2026-10-13,https://www.catch.co.kr/Comp/CompDetail/051536/Recruit/568864,,2026-09-07 17:57:48
캐치,케이뱅크,IT기획 담당자 채용,"기획/전략/경영, 웹기획/PM/웹마케팅, 재무/세무/IR",경력 2년↑,정규직,서울,,2026-09-13,https://www.catch.co.kr/Comp/CompDetail/HM3351/Recruit/568863,,2026-09-07 17:57:48
캐치,CJ프레시웨이,[CJ프레시웨이] 고객상담(CS) 신입/경력사원 모집,고객관리/인바운드,경력,정규직,서울,,2026-09-14,https://www.catch.co.kr/Comp/CompDetail/157210/Recruit/568862,,2026-09-07 17:57:48
캐치,케이뱅크,고객센터 운영 담당자 채용,"고객관리/인바운드, 영업관리/지원/영업기획",경력,정규직,서울,,2026-09-13,https://www.catch.co.kr/Comp/CompDetail/HM3351/Recruit/568861,,2026-09-07 17:57:48
캐치,엑시스아이티,[고려아연계열/엑시스아이티] 영업 담당자 경력 채용,"무역사무/수출입, 무역영업/해외영업, 영업관리/지원/영업기획, 웹기획/PM/웹마케팅, 일반영업, B2B영업/기술영업",경력 5년↑,정규직,서울,,2026-10-11,https://www.catch.co.kr/Comp/CompDetail/051536/Recruit/568860,,2026-09-07 17:57:48
캐치,현대종합금속,"최고기술경영실 A/S,B/S 신입사원 채용","생산관리/공정관리/품질관리, AS/서비스/수리",신입,정규직,서울,,2026-09-13,https://www.catch.co.kr/Comp/CompDetail/350419/Recruit/568859,,2026-09-07 17:57:48
캐치,현대종합금속,성남연구소 용접봉평가팀 신입/경력사원 채용,"생산관리/공정관리/품질관리, 영업관리/지원/영업기획, 전기/전자/제어",경력 3년↑,정규직,경기,,2026-09-13,https://www.catch.co.kr/Comp/CompDetail/350419/Recruit/568858,,2026-09-07 17:57:49
캐치,엑시스아이티,[고려아연계열/엑시스아이티] 소프트웨어 개발 인턴 채용,"웹개발, 응용프로그램개발, ERP/시스템개발/설계",신입,인턴,서울,,2026-10-02,https://www.catch.co.kr/Comp/CompDetail/051536/Recruit/568857,,2026-09-07 17:57:49
캐치,케이뱅크,전세 대출 심사 담당자 채용,채권/보험/보상/심사,경력 1년↑,계약직,서울,,2026-09-13,https://www.catch.co.kr/Comp/CompDetail/HM3351/Recruit/568856,,2026-09-07 17:57:49
캐치,케이뱅크,채권매각 운영지원 담당자 채용,"사무/총무/법무, 채권/보험/보상/심사",경력,계약직,서울,,2026-09-13,https://www.catch.co.kr/Comp/CompDetail/HM3351/Recruit/568854,,2026-09-07 17:57:49
캐치,한화솔루션,[판교R&D센터] Perovskite 태양전지 개발 및 신뢰성 평가 연구원 채용,"전기/전자/제어, 화학/에너지/환경",경력,기타,경기/충북,,2026-09-16,https://www.catch.co.kr/Comp/CompDetail/350257/Recruit/568853,,2026-09-07 17:57:49
캐치,네이버클라우드,[NAVER Cloud] 임직원 성장 경험 및 온보딩 프로그램 기획·운영 (체험형 인턴) 채용,"교육기획/교재, 사무보조/문서작성, 인사/노무/교육",신입,인턴,경기,,2026-09-09,https://www.catch.co.kr/Comp/CompDetail/C83675/Recruit/568852,,2026-09-07 17:57:49
캐치,네이버클라우드,[NAVER Cloud] 클라우드 MLOps 플랫폼 서비스 기획 (체험형 인턴) 채용,"마케팅/PR/분석, 웹기획/PM/웹마케팅",신입,인턴,경기,,2026-09-09,https://www.catch.co.kr/Comp/CompDetail/C83675/Recruit/568850,,2026-09-07 17:57:49
캐치,에이치케이금융파트너스,"[HK금융파트너스] GA 영업지원 (서울, 인천, 일산) 채용","사무/총무/법무, 영업관리/지원/영업기획",경력 1년↑,계약직,서울/인천/경기,,2026-09-20,https://www.catch.co.kr/Comp/CompDetail/QF1354/Recruit/568848,,2026-09-07 17:57:49
캐치,일지테크,9월 사무직 수시채용(원자재관리팀),"구매/자재/재고, 생산관리/공정관리/품질관리",경력 1년↑,기타,경북,,2026-09-13,https://www.catch.co.kr/Comp/CompDetail/386561/Recruit/568847,,2026-09-07 17:57:49
캐치,카카오뱅크,광고사업 지원 어시스턴트 (체험형 인턴) 채용,"고객관리/인바운드, 마케팅/PR/분석",신입,인턴,경기,,2026-09-09,https://www.catch.co.kr/Comp/CompDetail/HM8410/Recruit/568846,,2026-09-07 17:57:49
캐치,대동도어,대동도어(주) 미국법인 현지 경력직 채용,"구매/자재/재고, 무역사무/수출입, 재무/세무/IR",경력 1년↑,정규직,인천,,2026-10-30,https://www.catch.co.kr/Comp/CompDetail/187611/Recruit/568845,,2026-09-07 17:57:49
캐치,카카오페이,프로젝트 매니저 - 프로젝트 관리 채용,"기획/전략/경영, 웹기획/PM/웹마케팅",경력 7년↑,정규직,경기,,2026-10-30,https://www.catch.co.kr/Comp/CompDetail/IP1707/Recruit/568844,,2026-09-07 17:57:49
캐치,HDC랩스,[본사] 안전경영팀 안전기획·관리 부문 경력직 채용,전기/소방/통신/안전,경력 5년↑,기타,서울,,2026-09-14,https://www.catch.co.kr/Comp/CompDetail/119266/Recruit/568843,,2026-09-07 17:57:49
캐치,카카오페이,[어시스턴트] 개인(신용)정보 보호 업무 지원 채용,"네트워크/서버/보안, 사무보조/문서작성",신입,인턴,경기,,2026-10-30,https://www.catch.co.kr/Comp/CompDetail/IP1707/Recruit/568842,,2026-09-07 17:57:49
캐치,아이엠에스,의료기기영업직원 채용,일반영업,경력무관,정규직,부산,,2026-10-30,https://www.catch.co.kr/Comp/CompDetail/G86250/Recruit/568840,,2026-09-07 17:57:49
캐치,신세계프라퍼티,시스템기획 경력 채용,"기획/전략/경영, 빅데이터/AI, 웹기획/PM/웹마케팅",경력 3년↑,기타,서울,,2026-09-18,https://www.catch.co.kr/Comp/CompDetail/L27429/Recruit/568839,,2026-09-07 17:57:49
캐치,카카오페이,[어시스턴트] 그로스 마케팅 업무 운영 지원 채용,"기획/전략/경영, 마케팅/PR/분석",신입,인턴,경기,,2026-10-30,https://www.catch.co.kr/Comp/CompDetail/IP1707/Recruit/568838,,2026-09-07 17:57:49
캐치,카펙발레오,BSA 보전팀 사무직(정규직) 경력 채용,"구매/자재/재고, 전기/소방/통신/안전",경력 3~6년,정규직,경북,,2026-09-13,https://www.catch.co.kr/Comp/CompDetail/039120/Recruit/568837,,2026-09-07 17:57:49
캐치,카카오페이,[어시스턴트] 오프라인 가맹점 심사 업무 지원 채용,"기획/전략/경영, 영업관리/지원/영업기획",신입,인턴,경기,,2026-10-30,https://www.catch.co.kr/Comp/CompDetail/IP1707/Recruit/568836,,2026-09-07 17:57:49
캐치,카카오페이,[어시스턴트] 오프라인 결제 운영 지원 채용,"고객관리/인바운드, 재무/세무/IR",신입,인턴,경기,,2026-10-30,https://www.catch.co.kr/Comp/CompDetail/IP1707/Recruit/568834,,2026-09-07 17:57:49
캐치,올리브인터내셔널,북미/유럽 주요 직군 2주 집중채용,"마케팅/PR/분석, 무역영업/해외영업, 상품기획/MD, B2B영업/기술영업",경력,정규직/인턴,서울,,2026-09-13,https://www.catch.co.kr/Comp/CompDetail/JI6311/Recruit/568833,,2026-09-07 17:57:49
캐치,엘앤에프,제조기술직 연구보조부문(김천분원) 계약직 채용,"구매/자재/재고, 생산/제조/설비/조립, 생산관리/공정관리/품질관리",경력,계약직,경북,,2026-09-13,https://www.catch.co.kr/Comp/CompDetail/165030/Recruit/568832,,2026-09-07 17:57:49
캐치,엘앤에프,제조기술직 생산기술부문(유틸리티) 계약직 채용,"건축/설계/인테리어, 전기/소방/통신/안전",신입,계약직,대구,,2026-09-13,https://www.catch.co.kr/Comp/CompDetail/165030/Recruit/568831,,2026-09-07 17:57:49
캐치,GS ITM,SAP ABAP 개발 및 운영 담당자 채용,"네트워크/서버/보안, ERP/시스템개발/설계",경력 1년↑,정규직,서울,,2026-09-27,https://www.catch.co.kr/Comp/CompDetail/385861/Recruit/568830,,2026-09-07 17:57:49
캐치,에스엠컬처앤콘텐츠,광고기획(AE) 담당 경력직 채용,"기획/전략/경영, 마케팅/PR/분석",경력 8~12년,정규직,서울,,2026-09-08,https://www.catch.co.kr/Comp/CompDetail/071498/Recruit/568829,,2026-09-07 17:57:49
캐치,버킷플레이스,Systems Manager (IT Operations) (계약직),네트워크/서버/보안,경력 1년↑,계약직,서울,,2026-10-30,https://www.catch.co.kr/Comp/CompDetail/A0418/Recruit/568827,,2026-09-07 17:57:49
캐치,LS증권,2026년 하반기 신입사원(채용전제형 인턴) 공개 채용 (대졸) #공채,"고객관리/인바운드, 기획/전략/경영, 사무/총무/법무, 설문/통계/리서치, 영업관리/지원/영업기획, 일반영업, 증권/투자/펀드/외환",신입,인턴,서울,,2026-09-13,https://www.catch.co.kr/Comp/CompDetail/127283/Recruit/568825,,2026-09-07 17:57:49
캐치,신풍제약,[신풍제약] 베트남 법인 MD(공무) Manager 채용,"시공/현장/감리/공무, 인사/노무/교육",경력 5년↑,정규직,서울,,2026-09-13,https://www.catch.co.kr/Comp/CompDetail/354830/Recruit/568824,,2026-09-07 17:57:49
캐치,서안개발,[서안개발] AI 부동산 서비스 REXA 퍼포먼스 마케터 채용,"마케팅/PR/분석, 웹기획/PM/웹마케팅",경력무관,계약직,서울,,2026-09-30,https://www.catch.co.kr/Comp/CompDetail/007078/Recruit/568821,,2026-09-07 17:57:49
캐치,두산전자,전자BG 하반기 경력사원 공개채용 #공채,"구매/자재/재고, 기계설계/CAD/CAM, 생산관리/공정관리/품질관리, 설문/통계/리서치, 영업관리/지원/영업기획, 자동차/조선/기계, 전기/전자/제어, 통신기술/네트워크구축, 화학/에너지/환경, B2B영업/기술영업",경력,기타,경기/충북/경북/전북,,2026-09-18,https://www.catch.co.kr/Comp/CompDetail/A2217/Recruit/568820,,2026-09-07 17:57:49
캐치,인터지스,8월 수시채용 (현장부문/당진운영팀),화물/중장비,신입,정규직,충남,,2026-09-09,https://www.catch.co.kr/Comp/CompDetail/720275/Recruit/568819,,2026-09-07 17:57:50
캐치,하이엠솔루텍,[정규_전담직] 원주지역 자재 & 행정업무 담당자 채용,"경리/회계/결산, 구매/자재/재고, 사무/총무/법무, 재무/세무/IR",경력,정규직,강원,,2026-09-13,https://www.catch.co.kr/Comp/CompDetail/B98015/Recruit/568817,,2026-09-07 17:57:50
캐치,KT CS,KT 대구고객센터 무선일반 신입사원 채용_09.09 면접,고객관리/인바운드,신입,정규직,대구,,2026-09-07,https://www.catch.co.kr/Comp/CompDetail/183634/Recruit/568815,,2026-09-07 17:57:50
캐치,하이엠솔루텍,[정규직] 소방설비 현장PM 담당자(경력) 채용,"건축/설계/인테리어, 시공/현장/감리/공무, 전기/소방/통신/안전",경력 5년↑,정규직,서울,,2026-09-13,https://www.catch.co.kr/Comp/CompDetail/B98015/Recruit/568814,,2026-09-07 17:57:50
캐치,KT,2026년 경력채용 (국방 SI사업 이행 PM),"경영분석/컨설턴트, 기획/전략/경영, 네트워크/서버/보안, 웹기획/PM/웹마케팅, 통신기술/네트워크구축",경력 10년↑,정규직,서울,,2026-09-14,https://www.catch.co.kr/Comp/CompDetail/810193/Recruit/568813,,2026-09-07 17:57:50
캐치,KT,2026년 경력채용 (국방 SI사업 이행 PL),기획/전략/경영,경력 6년↑,정규직,서울,,2026-09-14,https://www.catch.co.kr/Comp/CompDetail/810193/Recruit/568811,,2026-09-07 17:57:50
캐치,하나손해보험,경력직[BM(Branch Manager)] 채용,"영업관리/지원/영업기획, 일반영업",경력,계약직,서울,,2026-09-10,https://www.catch.co.kr/Comp/CompDetail/227289/Recruit/568808,,2026-09-07 17:57:50
캐치,하나손해보험, 경력직(법인영업) 채용,"영업관리/지원/영업기획, 일반영업",경력 5년↑,정규직,서울,,2026-09-10,https://www.catch.co.kr/Comp/CompDetail/227289/Recruit/568807,,2026-09-07 17:57:50
캐치,파두,FADU CEO Office 채용,"경영분석/컨설턴트, 기획/전략/경영, 마케팅/PR/분석",경력 1년↑,정규직,서울,,2026-10-30,https://www.catch.co.kr/Comp/CompDetail/HG7496/Recruit/568806,,2026-09-07 17:57:50
캐치,삼일회계법인,㈜피더블유씨비즈니스서비스 IR·PR 컨설턴트 인턴 채용,재무/세무/IR,경력무관,인턴,서울,,2027-01-01,https://www.catch.co.kr/Comp/CompDetail/206652/Recruit/568805,,2026-09-07 17:57:50
캐치,파두,System Integration Engineer 채용,"웹기획/PM/웹마케팅, 전기/전자/제어, ERP/시스템개발/설계, QA/테스트/검증",경력 2년↑,정규직,서울,,2026-10-30,https://www.catch.co.kr/Comp/CompDetail/HG7496/Recruit/568803,,2026-09-07 17:57:50
캐치,파두,SSD Project Qual Manager 채용,"웹기획/PM/웹마케팅, ERP/시스템개발/설계, QA/테스트/검증",경력 3~10년,정규직,서울,,2026-10-30,https://www.catch.co.kr/Comp/CompDetail/HG7496/Recruit/568800,,2026-09-07 17:57:50
캐치,미래에셋자산운용,ETF운용부문 ETF전략본부 경력 채용,"사무/총무/법무, 증권/투자/펀드/외환",경력 3년↑,계약직,서울,,2026-09-09,https://www.catch.co.kr/Comp/CompDetail/490050/Recruit/568799,,2026-09-07 17:57:50
캐치,파두,PCIe Protocol Validation Engineer 채용,"반도체/디스플레이, 응용프로그램개발, 전기/전자/제어, DBA/데이터베이스, ERP/시스템개발/설계, QA/테스트/검증",경력,정규직,서울,,2026-10-30,https://www.catch.co.kr/Comp/CompDetail/HG7496/Recruit/568798,,2026-09-07 17:57:50
캐치,ASML코리아,2026년 하반기 ASML Korea 신입사원 채용 #공채,"반도체/디스플레이, 생산관리/공정관리/품질관리, 자동차/조선/기계, 전기/전자/제어, 화학/에너지/환경",신입,정규직,경기/충북,,2026-09-08,https://www.catch.co.kr/Comp/CompDetail/570320/Recruit/568797,,2026-09-07 17:57:50
캐치,미래에셋증권,증권운영팀 글로벌데스크 채용,"고객관리/인바운드, 사무/총무/법무, 증권/투자/펀드/외환",경력,계약직,서울,,2026-09-13,https://www.catch.co.kr/Comp/CompDetail/860085/Recruit/568795,,2026-09-07 17:57:50
캐치,한국건설생활환경시험연구원,(2026-4차) 전문지원직(경력) 채용,"기계설계/CAD/CAM, 사무/총무/법무, 자동차/조선/기계, 전기/소방/통신/안전, 전기/전자/제어",경력 2년↑,계약직,강원,,2026-09-14,https://www.catch.co.kr/Comp/CompDetail/G69391/Recruit/568794,,2026-09-07 17:57:50
캐치,라피치,PoC Engineer,"네트워크/서버/보안, 빅데이터/AI, 웹기획/PM/웹마케팅, 통신기술/네트워크구축, DBA/데이터베이스, ERP/시스템개발/설계",경력 4년↑,정규직,서울,,2026-10-30,https://www.catch.co.kr/Comp/CompDetail/C04056/Recruit/568793,,2026-09-07 17:57:50
캐치,한국건설생활환경시험연구원,(2026-4차) 일반직(마이스터고) 채용 #공채,"바이오/제약/식품, 반도체/디스플레이, 생산/제조/설비/조립, 자동차/조선/기계, 전기/전자/제어, 화학/에너지/환경",신입,인턴,서울/충북,,2026-09-14,https://www.catch.co.kr/Comp/CompDetail/G69391/Recruit/568792,,2026-09-07 17:57:50
캐치,현대그린푸드,광명 제과·제빵사 채용,요리/영양/제과제빵/바리스타,경력,기타,경기,,2026-09-13,https://www.catch.co.kr/Comp/CompDetail/PU1004/Recruit/568791,,2026-09-07 17:57:50
캐치,한국건설생활환경시험연구원,(2026-4차) 일반직(신입) 채용 #공채,"경영분석/컨설턴트, 네트워크/서버/보안, 빅데이터/AI, 응용프로그램개발, 자동차/조선/기계, 전기/전자/제어, 화학/에너지/환경, QA/테스트/검증",신입,인턴,인천/경기/서울,,2026-09-14,https://www.catch.co.kr/Comp/CompDetail/G69391/Recruit/568790,,2026-09-07 17:57:50
캐치,대산문화재단,경영지원팀 계약직원 채용,"경리/회계/결산, 재무/세무/IR",경력,계약직,서울,,2026-09-23,https://www.catch.co.kr/Comp/CompDetail/695135/Recruit/568789,,2026-09-07 17:57:50
캐치,한국건설생활환경시험연구원,(2026-4차) 일반직(경력) 채용 #공채,"경영분석/컨설턴트, 기획/전략/경영, 자동차/조선/기계, 전기/전자/제어, 화학/에너지/환경",경력 3년↑,계약직,경기/인천,,2026-09-14,https://www.catch.co.kr/Comp/CompDetail/G69391/Recruit/568788,,2026-09-07 17:57:50
캐치,한화솔루션,[큐셀/판교R&D센터] 우주환경 태양전지 및 모듈 신뢰성 평가 직무 채용,"빅데이터/AI, 전기/전자/제어, 화학/에너지/환경",경력,정규직,경기,,2026-09-16,https://www.catch.co.kr/Comp/CompDetail/350257/Recruit/568787,,2026-09-07 17:57:50
캐치,소노인터내셔널,[본사] 인사관리 경력직 채용,인사/노무/교육,경력 3년↑,정규직,서울,,2026-09-13,https://www.catch.co.kr/Comp/CompDetail/382359/Recruit/568786,,2026-09-07 17:57:50
캐치,현대엘리베이터,2026년 하반기 연구장학생 모집,"빅데이터/AI, 자동차/조선/기계, 전기/전자/제어, 통신기술/네트워크구축",신입,정규직,충북/서울,,2026-09-30,https://www.catch.co.kr/Comp/CompDetail/380229/Recruit/568783,,2026-09-07 17:57:50
캐치,LG디스플레이,2026년 LGenius Master 모집 (석사 진학 조건부 산학장학생),"기계설계/CAD/CAM, 반도체/디스플레이, 응용프로그램개발, 전기/전자/제어, DBA/데이터베이스, ERP/시스템개발/설계",신입,기타,경기/서울,,2026-09-16,https://www.catch.co.kr/Comp/CompDetail/384267/Recruit/568782,,2026-09-07 17:57:50
캐치,파두,[Mixed Signal IC] PMIC Application Engineer 채용,"반도체/디스플레이, 전기/전자/제어, ERP/시스템개발/설계, QA/테스트/검증",경력 5년↑,정규직,서울,,2026-10-30,https://www.catch.co.kr/Comp/CompDetail/HG7496/Recruit/568781,,2026-09-07 17:57:50
캐치,한화생명보험,재무계리·리스크관리 전문인력 (차장~부장급) 채용,"경리/회계/결산, 재무/세무/IR, 채권/보험/보상/심사",경력 12년↑,정규직/계약직,서울,,2026-09-11,https://www.catch.co.kr/Comp/CompDetail/870013/Recruit/568780,,2026-09-07 17:57:50
캐치,CJ제일제당,Consumer Insights 경력 채용,설문/통계/리서치,경력 5년↑,정규직,서울,,2026-09-13,https://www.catch.co.kr/Comp/CompDetail/494292/Recruit/568779,,2026-09-07 17:57:50
캐치,토리든,[토리든] VMD 디자이너,전시/공간디자인,경력 2~3년,정규직,서울,,2026-10-30,https://www.catch.co.kr/Comp/CompDetail/HK2545/Recruit/568778,,2026-09-07 17:57:51
캐치,인터지스,[동국제강그룹-인터지스] 8월 경력직 수시채용(관리/정기선2팀),무역영업/해외영업,경력 4년↑,정규직,서울,,2026-09-08,https://www.catch.co.kr/Comp/CompDetail/720275/Recruit/568777,,2026-09-07 17:57:51
캐치,LG이노텍,2026년 하반기 신입사원 채용 #공채,"기계설계/CAD/CAM, 반도체/디스플레이, 빅데이터/AI, 응용프로그램개발, 자동차/조선/기계, 전기/전자/제어, 화학/에너지/환경, ERP/시스템개발/설계",신입,정규직,서울/경기/경북,,2026-09-11,https://www.catch.co.kr/Comp/CompDetail/380687/Recruit/568776,,2026-09-07 17:57:51
캐치,CJ대한통운,[TES물류기술연구소] 'IT서비스 기획' 경력사원 채용,"기획/전략/경영, 웹기획/PM/웹마케팅",경력 7년↑,정규직,서울,,2026-10-30,https://www.catch.co.kr/Comp/CompDetail/710083/Recruit/568775,,2026-09-07 17:57:51
캐치,세아상역,해외영업 경력사원 채용,"구매/자재/재고, 무역영업/해외영업, 생산관리/공정관리/품질관리, 영업관리/지원/영업기획",경력 2년↑,정규직,서울,,2026-09-13,https://www.catch.co.kr/Comp/CompDetail/HK2488/Recruit/568774,,2026-09-07 17:57:51
캐치,KDI국제정책대학원,2026년 제9차 인턴(하반기 KOICA YP) 채용,"기획/전략/경영, 사무보조/문서작성, 전시/컨벤션",경력,인턴,세종,,2026-09-22,https://www.catch.co.kr/Comp/CompDetail/HC9826/Recruit/568773,,2026-09-07 17:57:51
캐치,CJ대한통운,'물류IT 컨설팅' 경력사원 채용,"네트워크/서버/보안, 웹기획/PM/웹마케팅, ERP/시스템개발/설계",경력 3년↑,정규직,서울,,2026-10-30,https://www.catch.co.kr/Comp/CompDetail/710083/Recruit/568772,,2026-09-07 17:57:51
캐치,CJ대한통운,[TES물류기술연구소] 'Data Scientist' 경력사원 채용,"빅데이터/AI, DBA/데이터베이스",경력 5년↑,정규직,서울,,2026-10-30,https://www.catch.co.kr/Comp/CompDetail/710083/Recruit/568771,,2026-09-07 17:57:51
캐치,CJ대한통운,더운반 '백엔드 개발' 경력사원 채용,"네트워크/서버/보안, 웹개발, ERP/시스템개발/설계",경력 3년↑,정규직,서울,,2026-10-30,https://www.catch.co.kr/Comp/CompDetail/710083/Recruit/568770,,2026-09-07 17:57:51
캐치,CJ대한통운,[TES물류기술연구소] 최적화 솔루션 엔지니어 경력사원 채용,빅데이터/AI,경력 3년↑,정규직,서울,,2026-10-30,https://www.catch.co.kr/Comp/CompDetail/710083/Recruit/568769,,2026-09-07 17:57:51
캐치,연세대학교 신촌캠퍼스,연세대학교 국제캠퍼스 K-NIBRT사업단 위탁교육 개발 담당 채용,"교육기획/교재, 대학교수/행정직",경력무관,계약직,인천,,2026-09-17,https://www.catch.co.kr/Comp/CompDetail/AF963/Recruit/568768,,2026-09-07 17:57:51
캐치,CJ대한통운,WCS 운영/고도화 'Backend Engineer' 경력사원 채용,"네트워크/서버/보안, 웹개발, ERP/시스템개발/설계",경력 5년↑,정규직,서울,,2026-10-30,https://www.catch.co.kr/Comp/CompDetail/710083/Recruit/568767,,2026-09-07 17:57:51
캐치,제일약품,[제일약품 그룹] 9월 부문별 인재채용,"기획/전략/경영, 마케팅/PR/분석, 바이오/제약/식품, 배송/택배/운전, 사무/총무/법무, 생산/제조/설비/조립, 생산관리/공정관리/품질관리, 약사/한약사/약무보조, 화학/에너지/환경",경력,기타,서울/경기,,2026-09-13,https://www.catch.co.kr/Comp/CompDetail/IQ8219/Recruit/568766,,2026-09-07 17:57:51
캐치,CJ포디플렉스,[CJ 4DPLEX] 통합배포 인재 채용,"웹기획/PM/웹마케팅, 콘텐츠/사이트운영",신입,계약직,서울,,2026-09-13,https://www.catch.co.kr/Comp/CompDetail/F39230/Recruit/568765,,2026-09-07 17:57:51
캐치,CJ대한통운,'운송솔루션 Engineer' 경력사원 채용,"네트워크/서버/보안, 배송/택배/운전, ERP/시스템개발/설계, QA/테스트/검증",경력 2년↑,정규직,서울,,2026-10-30,https://www.catch.co.kr/Comp/CompDetail/710083/Recruit/568764,,2026-09-07 17:57:51
캐치,CJ포디플렉스,[CJ 4DPLEX] Technical AI PM 채용,"빅데이터/AI, 웹기획/PM/웹마케팅, 콘텐츠/사이트운영, ERP/시스템개발/설계",경력 10년↑,정규직,서울,,2026-09-13,https://www.catch.co.kr/Comp/CompDetail/F39230/Recruit/568763,,2026-09-07 17:57:51
캐치,엑시스아이티,[고려아연계열/엑시스아이티]  SAP Admin 및 Operation 담당 채용,"웹개발, 응용프로그램개발, ERP/시스템개발/설계",경력 5년↑,정규직,서울,,2026-10-12,https://www.catch.co.kr/Comp/CompDetail/051536/Recruit/568762,,2026-09-07 17:57:51
캐치,CJ올리브네트웍스,[경력] SAP 모듈 컨설턴트 채용,"경영분석/컨설턴트, 웹기획/PM/웹마케팅",경력 5년↑,정규직,서울,,2026-09-30,https://www.catch.co.kr/Comp/CompDetail/046305/Recruit/568760,,2026-09-07 17:57:51
캐치,CJ올리브네트웍스,[경력] 고객성공매니저(CSM) 채용,"네트워크/서버/보안, 마케팅/PR/분석, DBA/데이터베이스, ERP/시스템개발/설계",경력,정규직,서울,,2026-09-30,https://www.catch.co.kr/Comp/CompDetail/046305/Recruit/568759,,2026-09-07 17:57:51
캐치,라인문화재단,홍보기획 경력직 채용,"기획/전략/경영, 마케팅/PR/분석, 웹기획/PM/웹마케팅, 콘텐츠/사이트운영",경력 3년↑,기타,전남광주,,2026-09-13,https://www.catch.co.kr/Comp/CompDetail/A1713/Recruit/568758,,2026-09-07 17:57:51
캐치,페이히어,[신입] 솔루션 영업 (Account Executive),"고객관리/인바운드, 영업관리/지원/영업기획, 일반영업, B2B영업/기술영업",신입,계약직,서울,,2026-10-30,https://www.catch.co.kr/Comp/CompDetail/A003Y/Recruit/568757,,2026-09-07 17:57:51
캐치,CJ올리브네트웍스,[경력] 대내외 고객사 SAP FI 운영/개발 채용,"경리/회계/결산, 네트워크/서버/보안, ERP/시스템개발/설계",경력 6년↑,정규직,서울,,2026-09-30,https://www.catch.co.kr/Comp/CompDetail/046305/Recruit/568755,,2026-09-07 17:57:51
캐치,광동생활건강,마케팅부문 BM팀 건강기능식품 담당 BM 경력직원 채용,마케팅/PR/분석,경력 5년↑,기타,서울,,2026-09-07,https://www.catch.co.kr/Comp/CompDetail/105457/Recruit/568754,,2026-09-07 17:57:51
캐치,CJ올리브네트웍스,[경력] 물류 설비 엔지니어 채용,"배송/택배/운전, 전기/소방/통신/안전, 전기/전자/제어",경력,정규직,서울,,2026-09-30,https://www.catch.co.kr/Comp/CompDetail/046305/Recruit/568753,,2026-09-07 17:57:51
캐치,CJ올리브네트웍스,[경력] SAP PP 운영/개발 채용,"네트워크/서버/보안, ERP/시스템개발/설계",경력 7년↑,정규직,서울,,2026-09-30,https://www.catch.co.kr/Comp/CompDetail/046305/Recruit/568752,,2026-09-07 17:57:51
캐치,CJ올리브네트웍스,[경력] 대내외 SI 구축 프로젝트 수행 PL(분석/설계) 채용,웹기획/PM/웹마케팅,경력,정규직,서울/전국,,2026-09-30,https://www.catch.co.kr/Comp/CompDetail/046305/Recruit/568751,,2026-09-07 17:57:51
캐치,CJ올리브네트웍스,[신입] 콘텐츠 유통 서비스 운영 채용,"기획/전략/경영, 웹기획/PM/웹마케팅, 콘텐츠/사이트운영",신입,정규직,경기,,2026-09-14,https://www.catch.co.kr/Comp/CompDetail/046305/Recruit/568750,,2026-09-07 17:57:51
캐치,CJ올리브네트웍스,[경력] 물류 자동화 설비 사업 기획 채용,"기획/전략/경영, 사무보조/문서작성",경력 5년↑,정규직,서울,,2026-09-30,https://www.catch.co.kr/Comp/CompDetail/046305/Recruit/568749,,2026-09-07 17:57:51
캐치,파두,[Mixed Signal IC] High-Speed Interface RTL Design Engineer 채용,"반도체/디스플레이, 전기/전자/제어, ERP/시스템개발/설계, QA/테스트/검증",경력 5년↑,정규직,서울,,2026-10-30,https://www.catch.co.kr/Comp/CompDetail/HG7496/Recruit/568748,,2026-09-07 17:57:51
캐치,하나생명보험,[하나생명] 지점 총무 경력사원 채용,영업관리/지원/영업기획,경력,계약직,서울,,2026-09-13,https://www.catch.co.kr/Comp/CompDetail/986020/Recruit/568746,,2026-09-07 17:57:51
캐치,SK오션플랜트,경영기획 구성원 채용,기획/전략/경영,경력 2년↑,정규직,경남,,2026-09-13,https://www.catch.co.kr/Comp/CompDetail/940755/Recruit/568745,,2026-09-07 17:57:52
캐치,파두,SI Simulation Engineer 채용,"반도체/디스플레이, 전기/전자/제어, ERP/시스템개발/설계",경력 5년↑,정규직,서울,,2026-10-30,https://www.catch.co.kr/Comp/CompDetail/HG7496/Recruit/568744,,2026-09-07 17:57:52
캐치,나이스평가정보,[NICE평가정보] 2026년 하반기 신입/경력 직원 수시채용 #공채,"경영분석/컨설턴트, 기획/전략/경영, 네트워크/서버/보안, 마케팅/PR/분석, 설문/통계/리서치, 웹개발, 재무/세무/IR, 전시/컨벤션, 증권/투자/펀드/외환, ERP/시스템개발/설계",경력,정규직,서울/경기/인천/전국,,2026-09-21,https://www.catch.co.kr/Comp/CompDetail/820610/Recruit/568742,,2026-09-07 17:57:52
캐치,삼정회계법인,[삼정KPMG] Deal Adv 5본부 valuation팀 경력직 채용,"기획/전략/경영, 세무/회계/CPA, 재무/세무/IR",경력 1~3년,정규직,서울,,2026-09-13,https://www.catch.co.kr/Comp/CompDetail/156416/Recruit/568741,,2026-09-07 17:57:52
캐치,사조푸디스트,[사조푸디스트(주)/서울역] 컨세션 수주영업 경력사원 모집,"영업관리/지원/영업기획, 일반영업, B2B영업/기술영업",경력,정규직,서울,,2026-09-13,https://www.catch.co.kr/Comp/CompDetail/JZ9295/Recruit/568740,,2026-09-07 17:57:52
캐치,하나생명보험,[하나생명] 하이브리드사업부 지점장 경력사원 채용,영업관리/지원/영업기획,경력,정규직,서울,,2026-09-13,https://www.catch.co.kr/Comp/CompDetail/986020/Recruit/568738,,2026-09-07 17:57:52
캐치,다인정공,[경력] 경영지원부문 총무 담당자 채용,"경리/회계/결산, 기획/전략/경영, 사무/총무/법무, 재무/세무/IR",경력,정규직,경기,,2026-12-31,https://www.catch.co.kr/Comp/CompDetail/008226/Recruit/568737,,2026-09-07 17:57:52
캐치,에스아이아이씨,[SIIC 부산센터] 운영지원팀 팀장 채용,"경리/회계/결산, 사무/총무/법무, 세무/회계/CPA, 인사/노무/교육, 재무/세무/IR",경력 5년↑,정규직/계약직,부산,,2026-09-30,https://www.catch.co.kr/Comp/CompDetail/A7864/Recruit/568736,,2026-09-07 17:57:52
캐치,다인정공,[신입/경력] 영업부문 아시아영업 담당자 채용 (광명오피스),"무역영업/해외영업, 영업관리/지원/영업기획, B2B영업/기술영업",경력 2년↓,정규직,경기,,2026-12-31,https://www.catch.co.kr/Comp/CompDetail/008226/Recruit/568735,,2026-09-07 17:57:52
캐치,에스아이아이씨,[카페24 자회사] 마케팅팀 관리자(팀장) 채용,마케팅/PR/분석,경력 3년↑,정규직/계약직,부산,,2026-09-30,https://www.catch.co.kr/Comp/CompDetail/A7864/Recruit/568734,,2026-09-07 17:57:52
캐치,쿠팡,"Junior Business Analyst (신입, Catalog Quality Insights) 채용","빅데이터/AI, DBA/데이터베이스",신입,정규직,서울,,2026-10-27,https://www.catch.co.kr/Comp/CompDetail/I95823/Recruit/568733,,2026-09-07 17:57:52
캐치,LS전선,('26년 8월) 경영진단(본사) 경력 채용,사무/총무/법무,경력 1년↑,정규직,경기,,2026-09-20,https://www.catch.co.kr/Comp/CompDetail/C17566/Recruit/568732,,2026-09-07 17:57:52
캐치,현대HDS,솔루션 운영 경력직원 채용,"네트워크/서버/보안, 웹개발, ERP/시스템개발/설계",경력 4년↓,정규직,인천,,2026-09-13,https://www.catch.co.kr/Comp/CompDetail/032899/Recruit/568731,,2026-09-07 17:57:52
캐치,나이스디앤비,[NICE디앤비] 기술가치평가 연구원 (변리사),"바이오/제약/식품, 사무보조/문서작성, 설문/통계/리서치, 자동차/조선/기계, 전기/전자/제어, 증권/투자/펀드/외환, 화학/에너지/환경",경력무관,계약직,서울,,2026-09-09,https://www.catch.co.kr/Comp/CompDetail/232765/Recruit/568730,,2026-09-07 17:57:52
캐치,CJ프레시웨이,[CJ프레시웨이] 연구지원(계약직) 경력사원 모집,"사무보조/문서작성, 생산관리/공정관리/품질관리",경력 2년↑,계약직,서울,,2026-09-14,https://www.catch.co.kr/Comp/CompDetail/157210/Recruit/568729,,2026-09-07 17:57:52
캐치,인터지스,[인터지스] 8월 경력직 수시채용(관리직/기획팀),기획/전략/경영,경력 5년↑,정규직,서울,,2026-09-13,https://www.catch.co.kr/Comp/CompDetail/720275/Recruit/568727,,2026-09-07 17:57:52
캐치,솔루스첨단소재,FA파트 과장급 팀원 채용,"경리/회계/결산, 기획/전략/경영, 재무/세무/IR",경력 8년↑,정규직,경기,,2026-10-30,https://www.catch.co.kr/Comp/CompDetail/JU2570/Recruit/568726,,2026-09-07 17:57:52
캐치,솔루스첨단소재,한국영업파트 사원~대리급 팀원 채용,"영업관리/지원/영업기획, 일반영업, B2B영업/기술영업",경력 2년↑,정규직,경기,,2026-10-30,https://www.catch.co.kr/Comp/CompDetail/JU2570/Recruit/568725,,2026-09-07 17:57:52
캐치,서울의과학연구소,[SCL] 수원북부 내근 사무직원 채용,"고객관리/인바운드, 사무/총무/법무, 사무보조/문서작성",경력무관,계약직,경기,,2026-09-20,https://www.catch.co.kr/Comp/CompDetail/098704/Recruit/568724,,2026-09-07 17:57:52
캐치,서울의과학연구소,[SCL] 부천 거래처(병의원) 관리직원 채용,"고객관리/인바운드, 영업관리/지원/영업기획",경력무관,계약직,경기,,2026-09-20,https://www.catch.co.kr/Comp/CompDetail/098704/Recruit/568723,,2026-09-07 17:57:52
캐치,에코프로,글로벌자원 경력 채용,기획/전략/경영,경력 3년↑,기타,서울,,2026-09-13,https://www.catch.co.kr/Comp/CompDetail/112466/Recruit/568722,,2026-09-07 17:57:52
캐치,코웨이,인하우스 콘텐츠 디자이너 계약직 채용,"광고/시각디자인, 그래픽디자인/CG, HTML/퍼블리싱/UI개발",경력 2년↑,계약직,충남,,2026-09-11,https://www.catch.co.kr/Comp/CompDetail/613827/Recruit/568721,,2026-09-07 17:57:52
캐치,솔루스첨단소재,회계/세무파트 대리~과장급 팀원 채용,"경리/회계/결산, 재무/세무/IR",경력 7년↑,정규직,경기,,2026-10-30,https://www.catch.co.kr/Comp/CompDetail/JU2570/Recruit/568720,,2026-09-07 17:57:52
캐치,에코프로비엠,[에코프로BM] R&D부문 미래전략팀 경력 채용,"기획/전략/경영, 화학/에너지/환경, QA/테스트/검증",경력 5년↑,기타,충북,,2026-09-13,https://www.catch.co.kr/Comp/CompDetail/HP9153/Recruit/568719,,2026-09-07 17:57:52
캐치,안다르,andar 비주얼아셋파트 리터쳐 3-5년 채용,"광고/시각디자인, 인쇄/출판/편집, 출판/편집디자인",경력 3년↑,정규직,서울,,2026-09-13,https://www.catch.co.kr/Comp/CompDetail/HT2759/Recruit/568718,,2026-09-07 17:57:52
캐치,안다르,andar 리테일팀 영업관리 5년이상 채용,"마케팅/PR/분석, 영업관리/지원/영업기획, 판매/캐셔/매장관리",경력 5년↑,정규직,서울,,2026-09-13,https://www.catch.co.kr/Comp/CompDetail/HT2759/Recruit/568717,,2026-09-07 17:57:52
캐치,안다르,andar 개발팀 샘플 봉제사 5년 이상 채용,섬유/의류/패션,경력 5년↑,정규직,서울,,2026-09-13,https://www.catch.co.kr/Comp/CompDetail/HT2759/Recruit/568716,,2026-09-07 17:57:52
캐치,안다르,andar 의류 상품기획MD 4-6년 채용,상품기획/MD,경력 4~6년,정규직,서울,,2026-09-13,https://www.catch.co.kr/Comp/CompDetail/HT2759/Recruit/568715,,2026-09-07 17:57:52
캐치,에스비테크,2026년 하반기 신입/경력 공개채용 #공채,"건축/설계/인테리어, 구매/자재/재고, 기획/전략/경영, 생산/제조/설비/조립, 생산관리/공정관리/품질관리, 시공/현장/감리/공무, 전기/소방/통신/안전",경력,정규직,충북/서울/충남/경기,,2026-09-07,https://www.catch.co.kr/Comp/CompDetail/305049/Recruit/568713,,2026-09-07 17:57:52
캐치,LX세미콘,2026년 9월 박사 신입사원 채용 (대구/부산),"기계설계/CAD/CAM, 응용프로그램개발, 자동차/조선/기계, 전기/전자/제어, ERP/시스템개발/설계",신입,기타,대구/부산,,2026-09-14,https://www.catch.co.kr/Comp/CompDetail/187803/Recruit/568712,,2026-09-07 17:57:52
캐치,세보엠이씨,2026년 하반기 신입/경력 공개채용 #공채,"건축/설계/인테리어, 구매/자재/재고, 기획/전략/경영, 생산/제조/설비/조립, 생산관리/공정관리/품질관리, 시공/현장/감리/공무, 전기/소방/통신/안전",경력,기타,서울/경기/충북/충남,,2026-09-07,https://www.catch.co.kr/Comp/CompDetail/389285/Recruit/568711,,2026-09-07 17:57:53
캐치,LX세미콘,2026년 9월 석사 채용연계형 인턴 채용 (대구/부산) #공채,"기계설계/CAD/CAM, 응용프로그램개발, 자동차/조선/기계, 전기/전자/제어, ERP/시스템개발/설계",신입,인턴,대구/부산,,2026-09-14,https://www.catch.co.kr/Comp/CompDetail/187803/Recruit/568710,,2026-09-07 17:57:53
캐치,현대로템,8월 수시채용_계약직,"기계설계/CAD/CAM, 기획/전략/경영, 생산/제조/설비/조립, 생산관리/공정관리/품질관리, 영업관리/지원/영업기획, 외국어/번역/통역, 웹기획/PM/웹마케팅, 일반영업",경력,계약직,경기/경남,,2026-09-13,https://www.catch.co.kr/Comp/CompDetail/119613/Recruit/568709,,2026-09-07 17:57:53
캐치,서울외국환중개,2026년 신입사원 채용 #공채,"사무/총무/법무, 재무/세무/IR, B2B영업/기술영업",신입,계약직,서울,,2026-09-14,https://www.catch.co.kr/Comp/CompDetail/F13463/Recruit/568708,,2026-09-07 17:57:53
캐치,현대로템,8월 수시채용_신입,"구매/자재/재고, 기계설계/CAD/CAM, 무역사무/수출입, 사무/총무/법무, 생산/제조/설비/조립, 생산관리/공정관리/품질관리, 응용프로그램개발, 전기/전자/제어, ERP/시스템개발/설계",신입,정규직,경기/경남,,2026-09-13,https://www.catch.co.kr/Comp/CompDetail/119613/Recruit/568706,,2026-09-07 17:57:53
캐치,인제학원,[일산백병원] 간호국(중환자실) 정규직 간호사(경력) 채용,간호사,경력,정규직,경기,,2026-09-09,https://www.catch.co.kr/Comp/CompDetail/040946/Recruit/568705,,2026-09-07 17:57:53
캐치,현대로템,8월 수시채용_경력,"기계설계/CAD/CAM, 기획/전략/경영, 무역영업/해외영업, 사무/총무/법무, 응용프로그램개발, 자동차/조선/기계, 재무/세무/IR, 전기/전자/제어, B2B영업/기술영업, DBA/데이터베이스, ERP/시스템개발/설계",경력,정규직,경기,,2026-09-13,https://www.catch.co.kr/Comp/CompDetail/119613/Recruit/568704,,2026-09-07 17:57:53
캐치,CJ프레시웨이,[CJ프레시웨이] CK R&D(육가공 카테고리) 경력사원 모집,바이오/제약/식품,경력 10년↑,정규직,서울,,2026-09-14,https://www.catch.co.kr/Comp/CompDetail/157210/Recruit/568703,,2026-09-07 17:57:53
캐치,BGF에코머티리얼즈,2026년 하반기 신입사원 공개채용 #공채,"경리/회계/결산, 기획/전략/경영, 빅데이터/AI, 사무/총무/법무, 설문/통계/리서치, 인사/노무/교육, 화학/에너지/환경",신입,정규직,경기/서울,,2026-09-13,https://www.catch.co.kr/Comp/CompDetail/716138/Recruit/568701,,2026-09-07 17:57:53
캐치,티에스전자(주),기술연구실 전담연구원 공개 채용,"기계설계/CAD/CAM, 반도체/디스플레이, 빅데이터/AI, 웹개발, 응용프로그램개발, 자동차/조선/기계, 전기/전자/제어, 통신기술/네트워크구축",경력무관,정규직,서울,,2026-09-10,https://www.catch.co.kr/Comp/CompDetail/A8095/Recruit/568700,,2026-09-07 17:57:53
캐치,서울교통공사,9호선운영부문 공개채용 (신규직) #공채,"배송/택배/운전, 시설/보안/경비/안전, 전기/소방/통신/안전, 전기/전자/제어",신입,정규직,서울,,2026-09-18,https://www.catch.co.kr/Comp/CompDetail/IQ6902/Recruit/568698,,2026-09-07 17:57:53
캐치,나이스디앤비,[NICE디앤비] 기술평가 연구원 채용,"바이오/제약/식품, 사무보조/문서작성, 설문/통계/리서치, 자동차/조선/기계, 전기/전자/제어, 증권/투자/펀드/외환, 화학/에너지/환경",경력무관,계약직,서울,,2026-09-09,https://www.catch.co.kr/Comp/CompDetail/232765/Recruit/568696,,2026-09-07 17:57:53
캐치,LIG D&A,2026년 하반기 채용연계형 인턴 공개채용 #공채,"고객관리/인바운드, 구매/자재/재고, 기획/전략/경영, 무역사무/수출입, 배송/택배/운전, 사무/총무/법무, 생산관리/공정관리/품질관리, 설문/통계/리서치, 전기/소방/통신/안전, 증권/투자/펀드/외환",신입,인턴,서울/경기/경북,,2026-09-13,https://www.catch.co.kr/Comp/CompDetail/240137/Recruit/568694,,2026-09-07 17:57:53
캐치,파이널나인,(주) 파이널나인 정규직 매니저님 모집합니다.,외식/식음료,경력무관,정규직,대구,,2026-10-30,https://www.catch.co.kr/Comp/CompDetail/JC6907/Recruit/568691,,2026-09-07 17:57:53
캐치,HD한국조선해양,외국인 인턴 모집,"사무/총무/법무, 사무보조/문서작성, 영업관리/지원/영업기획, 외국어/번역/통역",신입,인턴,울산,,2026-09-13,https://www.catch.co.kr/Comp/CompDetail/382892/Recruit/568690,,2026-09-07 17:57:53
캐치,유영제약,2026년 상반기 부문별 채용,"마케팅/PR/분석, 바이오/제약/식품, 약사/한약사/약무보조, 영업관리/지원/영업기획, 일반영업, 재무/세무/IR, 전기/소방/통신/안전, B2B영업/기술영업",경력,정규직,서울/강원/부산/대전/경기/전북,,2026-09-27,https://www.catch.co.kr/Comp/CompDetail/008010/Recruit/568689,,2026-09-07 17:57:53
캐치,케이씨파츠텍,2026 부문별 신입/경력 채용,"기계설계/CAD/CAM, 기획/전략/경영, 네트워크/서버/보안, 무역영업/해외영업, 바이오/제약/식품, 반도체/디스플레이, 생산/제조/설비/조립, 생산관리/공정관리/품질관리, 인사/노무/교육, 전기/소방/통신/안전, 화학/에너지/환경, B2B영업/기술영업, ERP/시스템개발/설계",경력,정규직,충남/경기,,2026-09-30,https://www.catch.co.kr/Comp/CompDetail/IU2893/Recruit/568688,,2026-09-07 17:57:53
캐치,LIG D&A,2026년 하반기 신입/전문연구요원 공개채용 #공채,"기계설계/CAD/CAM, 네트워크/서버/보안, 빅데이터/AI, 생산관리/공정관리/품질관리, 응용프로그램개발, 자동차/조선/기계, 전기/전자/제어, ERP/시스템개발/설계",신입,정규직/기타,경기/대전/경북,,2026-09-13,https://www.catch.co.kr/Comp/CompDetail/240137/Recruit/568687,,2026-09-07 17:57:53
캐치,LS엠트론,"신입, 경력, 계약직 사원 수시 채용","기계설계/CAD/CAM, 기획/전략/경영, 무역영업/해외영업, 빅데이터/AI, 생산관리/공정관리/품질관리, 응용프로그램개발, 인사/노무/교육, 일반영업, 자동차/조선/기계, 재무/세무/IR, 전기/전자/제어, DBA/데이터베이스",경력,정규직/인턴/계약직,경기/전북/경북/경남/전남광주/충남,,2026-09-13,https://www.catch.co.kr/Comp/CompDetail/C17572/Recruit/568686,,2026-09-07 17:57:53
캐치,고위드,[핀테크][전환형] 사업개발 (Business Development/Research),"기획/전략/경영, B2B영업/기술영업",경력무관,인턴,서울,,2026-09-13,https://www.catch.co.kr/Comp/CompDetail/CD4276/Recruit/568685,,2026-09-07 17:57:53
캐치,수행기사, [신세계/센텀시티] 부산 이치방쿠지 매장 스탭 (주4-5일/주말포함),판매/캐셔/매장관리,경력무관,계약직/기타,서울/부산,,2026-10-30,https://www.catch.co.kr/Comp/CompDetail/A39BC/Recruit/568684,,2026-09-07 17:57:53
캐치,KB손해사정,자동차보험「 외제차 현장지원 」직무 계약직 채용,"영업관리/지원/영업기획, 채권/보험/보상/심사",경력,계약직,서울/인천/충북/충남/대구/부산,,2026-09-12,https://www.catch.co.kr/Comp/CompDetail/695407/Recruit/568683,,2026-09-07 17:57:53
캐치,멀티캠퍼스,드림클래스 프로그램 기획/운영 채용 (계약직),교육기획/교재,경력 1~5년,계약직,서울,,2026-09-13,https://www.catch.co.kr/Comp/CompDetail/145888/Recruit/568682,,2026-09-07 17:57:53
캐치,CJ프레시웨이,[CJ프레시웨이] 소스 R&D 경력사원 모집,"영업관리/지원/영업기획, 일반영업, B2B영업/기술영업",경력 5년↑,정규직,서울,,2026-09-14,https://www.catch.co.kr/Comp/CompDetail/157210/Recruit/568680,,2026-09-07 17:57:53
캐치,에프앤에프,F&F 법무팀 IP/상표 관리 및 법무 지원 담당 계약직 채용,사무/총무/법무,경력 4~10년,계약직,서울,,2026-09-13,https://www.catch.co.kr/Comp/CompDetail/NZ2988/Recruit/568679,,2026-09-07 17:57:53
캐치,카카오뱅크,담보여신 운영 담당자 채용,"사무/총무/법무, 채권/보험/보상/심사",경력 2년↑,정규직,경기,,2026-09-30,https://www.catch.co.kr/Comp/CompDetail/HM8410/Recruit/568677,,2026-09-07 17:57:53
캐치,로지스올엔지니어링,2026년 08월 경력사원 수시채용,"생산관리/공정관리/품질관리, 웹기획/PM/웹마케팅, 재무/세무/IR, 전기/소방/통신/안전",경력 5년↑,정규직,경기,,2026-09-13,https://www.catch.co.kr/Comp/CompDetail/163640/Recruit/568676,,2026-09-07 17:57:53
캐치,LS전선,'26년 R&D 석/박사 산학장학생 모집 (기계분야),"기계설계/CAD/CAM, 자동차/조선/기계, 통신기술/네트워크구축, 화학/에너지/환경",신입,기타,경기/경북/강원,,2026-09-13,https://www.catch.co.kr/Comp/CompDetail/C17566/Recruit/568675,,2026-09-07 17:57:53
캐치,LS전선,'26년 R&D 석/박사 산학장학생 모집 (금속/복합재료분야),화학/에너지/환경,신입,기타,경기/경북/강원,,2026-09-13,https://www.catch.co.kr/Comp/CompDetail/C17566/Recruit/568674,,2026-09-07 17:57:53
캐치,LS전선,'26년 R&D 석/박사 산학장학생 모집 (전기/전자분야),"빅데이터/AI, 전기/전자/제어",신입,기타,경기/경북/강원,,2026-09-13,https://www.catch.co.kr/Comp/CompDetail/C17566/Recruit/568673,,2026-09-07 17:57:53
캐치,흥국생명보험,방카매니저 경력직 채용,"고객관리/인바운드, 사무/총무/법무",경력 5년↑,정규직/계약직,서울/경기/인천/전국,,2026-10-26,https://www.catch.co.kr/Comp/CompDetail/870153/Recruit/568672,,2026-09-07 17:57:54
캐치,LS전선,'26년 R&D 석/박사 산학장학생 모집 (절연재료/신뢰성분야),화학/에너지/환경,신입,기타,경기/경북/강원,,2026-09-13,https://www.catch.co.kr/Comp/CompDetail/C17566/Recruit/568671,,2026-09-07 17:57:54
캐치,엘에이치주거복지정보,LH주거복지정보(주) 2026년 3분기 3차 제한경쟁 채용,"네트워크/서버/보안, 사무/총무/법무, 전기/소방/통신/안전",경력,정규직,경기,,2026-09-07,https://www.catch.co.kr/Comp/CompDetail/JH8618/Recruit/568670,,2026-09-07 17:57:54
캐치,에이블리코퍼레이션,풀필먼트 운영 담당자,구매/자재/재고,경력무관,정규직,서울,,2026-10-30,https://www.catch.co.kr/Comp/CompDetail/HH8556/Recruit/568669,,2026-09-07 17:57:54
캐치,제뉴원사이언스,해외RA 직무 신입/경력사원 채용,"바이오/제약/식품, 사무/총무/법무",경력 3년↑,정규직,서울,,2026-09-14,https://www.catch.co.kr/Comp/CompDetail/LY5132/Recruit/568668,,2026-09-07 17:57:54
캐치,BGF푸드,자재관리 현장직 채용,"구매/자재/재고, 배송/택배/운전, 화물/중장비",경력무관,정규직,충북,,2026-10-30,https://www.catch.co.kr/Comp/CompDetail/C10806/Recruit/568666,,2026-09-07 17:57:54
캐치,빙그레,"광주공장(경기) 기술인턴 채용 - 공무(냉동,보일러)","기계설계/CAD/CAM, 자동차/조선/기계, 화학/에너지/환경",경력무관,인턴,경기,,2026-09-10,https://www.catch.co.kr/Comp/CompDetail/310050/Recruit/568665,,2026-09-07 17:57:54
캐치,아성테크노,2026년 아성그룹 하반기 신입/경력 사원 모집,"동영상제작/편집, 배송/택배/운전, 사무보조/문서작성, 영업관리/지원/영업기획",경력무관,정규직/계약직,서울/경기,,2026-09-07,https://www.catch.co.kr/Comp/CompDetail/134761/Recruit/568664,,2026-09-07 17:57:54
캐치,BGF휴먼넷,재고조사파트 조사원 채용,구매/자재/재고,경력,정규직,인천/경기/서울,,2026-10-30,https://www.catch.co.kr/Comp/CompDetail/F20946/Recruit/568663,,2026-09-07 17:57:54
캐치,LG디스플레이,2026년 하반기 신입사원 채용 #공채,"경리/회계/결산, 기계설계/CAD/CAM, 반도체/디스플레이, 빅데이터/AI, 영업관리/지원/영업기획, 응용프로그램개발, 인사/노무/교육, 재무/세무/IR, 전기/전자/제어, B2B영업/기술영업, DBA/데이터베이스",신입,정규직,서울/경기,,2026-09-16,https://www.catch.co.kr/Comp/CompDetail/384267/Recruit/568662,,2026-09-07 17:57:54
캐치,금호석유화학,금호석유화학그룹 - 2026년 하반기 대졸 신입사원 채용 #공채,"경리/회계/결산, 무역영업/해외영업, 사무/총무/법무, 생산관리/공정관리/품질관리, 영업관리/지원/영업기획, 인사/노무/교육, 일반영업, 재무/세무/IR, 화학/에너지/환경",신입,정규직,서울/울산/전남광주/대전/경기,,2026-09-11,https://www.catch.co.kr/Comp/CompDetail/351350/Recruit/568661,,2026-09-07 17:57:54
캐치,BGF휴먼넷,치악(부산)휴게소 영양사 채용,요리/영양/제과제빵/바리스타,경력,기타,강원,,2026-10-30,https://www.catch.co.kr/Comp/CompDetail/F20946/Recruit/568660,,2026-09-07 17:57:54
캐치,BGF휴먼넷,치악(부산)휴게소 위생사 채용,전기/소방/통신/안전,신입,기타,강원,,2026-10-30,https://www.catch.co.kr/Comp/CompDetail/F20946/Recruit/568659,,2026-09-07 17:57:54
캐치,BGF리테일,2026년 하반기 신입사원 공개채용 [캠퍼스리크루팅 전형] #공채,영업관리/지원/영업기획,신입,정규직,경기/대전/충북/충남,,2026-09-14,https://www.catch.co.kr/Comp/CompDetail/IV6821/Recruit/568658,,2026-09-07 17:57:54
캐치,빙그레,경산공장 정규직 전환형 기술직(생산설비) 인턴채용,"기계설계/CAD/CAM, 생산관리/공정관리/품질관리, 자동차/조선/기계",경력무관,인턴,경북,,2026-09-20,https://www.catch.co.kr/Comp/CompDetail/310050/Recruit/568657,,2026-09-07 17:57:54
캐치,BGF리테일,2026년 하반기 신입사원 공개채용 #공채,영업관리/지원/영업기획,신입,정규직,서울/인천/경기/강원/대전/충북/충남/부산/대구/울산/경북/경남/전남광주/전북/제주,,2026-09-14,https://www.catch.co.kr/Comp/CompDetail/IV6821/Recruit/568656,,2026-09-07 17:57:54
캐치,LG생활건강,2026년 하반기 신입사원 채용 #공채,"경리/회계/결산, 구매/자재/재고, 마케팅/PR/분석, 무역영업/해외영업, 배송/택배/운전, 생산관리/공정관리/품질관리, 영업관리/지원/영업기획, 일반영업, 재무/세무/IR",신입,인턴,서울/충북,,2026-09-13,https://www.catch.co.kr/Comp/CompDetail/162210/Recruit/568654,,2026-09-07 17:57:54
캐치,LG CNS,2026년 하반기 신입사원 채용 #공채,"경영분석/컨설턴트, 기계설계/CAD/CAM, 네트워크/서버/보안, 빅데이터/AI, 웹개발, 응용프로그램개발, 전기/전자/제어, DBA/데이터베이스, ERP/시스템개발/설계",신입,정규직,서울/경기/세종/대전/충북/부산/경남/경북,,2026-09-14,https://www.catch.co.kr/Comp/CompDetail/812536/Recruit/568653,,2026-09-07 17:57:54
캐치,BGF리테일,경력사원 상시채용,"네트워크/서버/보안, 마케팅/PR/분석, 배송/택배/운전, 빅데이터/AI, 상품기획/MD, 웹개발, 재무/세무/IR, 전시/공간디자인, 콘텐츠/사이트운영, HTML/퍼블리싱/UI개발",경력 2년↑,정규직,서울/전국,,2026-12-30,https://www.catch.co.kr/Comp/CompDetail/IV6821/Recruit/568650,,2026-09-07 17:57:54
캐치,파라타항공,2026년 경영지원 분야 경력직 수시 채용,"경리/회계/결산, 구매/자재/재고, 재무/세무/IR",경력 1년↑,기타,서울,,2026-09-09,https://www.catch.co.kr/Comp/CompDetail/HP2254/Recruit/568649,,2026-09-07 17:57:54
캐치,파라타항공,2026년 영업 분야 경력직 수시 채용,"기획/전략/경영, 네트워크/서버/보안, 마케팅/PR/분석, 무역영업/해외영업, 상품기획/MD, 영업관리/지원/영업기획",경력 2년↑,기타,서울,,2026-09-09,https://www.catch.co.kr/Comp/CompDetail/HP2254/Recruit/568648,,2026-09-07 17:57:54
캐치,휴온스바이오파마,국내인허가팀 채용,사무/총무/법무,경력 7년↑,기타,경기,,2026-09-28,https://www.catch.co.kr/Comp/CompDetail/MP2426/Recruit/568647,,2026-09-07 17:57:54
캐치,안진회계법인,[딜로이트 안진회계법인] 세무자문부문 Global Employer Services 인턴,사무/총무/법무,경력 1년↓,인턴,서울,,2026-09-23,https://www.catch.co.kr/Comp/CompDetail/066262/Recruit/568646,,2026-09-07 17:57:54
캐치,멀티캠퍼스,교육과정 운영자 채용 (부산/계약직),전문직업/자격증/IT강사,경력,계약직,부산,,2026-09-13,https://www.catch.co.kr/Comp/CompDetail/145888/Recruit/568645,,2026-09-07 17:57:54
캐치,현대커머셜,[현대카드/커머셜] 2026 신입 인재채용 #공채,"기획/전략/경영, 마케팅/PR/분석, 상품기획/MD, 영업관리/지원/영업기획, 인사/노무/교육, 일반영업, 재무/세무/IR, 증권/투자/펀드/외환",신입,정규직,서울,,2026-09-14,https://www.catch.co.kr/Comp/CompDetail/485172/Recruit/568643,,2026-09-07 17:57:54
캐치,파라타항공,2026년 정비 분야 경력직 수시 채용,"여행/항공/숙박/레저, AS/서비스/수리",경력 3년↑,기타,서울,,2026-09-09,https://www.catch.co.kr/Comp/CompDetail/HP2254/Recruit/568642,,2026-09-07 17:57:54
캐치,안다르,andar 브랜드팀 온오프라인 컨텐츠 기획 마케터 5년이상 채용,"기획/전략/경영, 마케팅/PR/분석, 재무/세무/IR, 콘텐츠/사이트운영",경력 5년↑,정규직,서울,,2026-09-13,https://www.catch.co.kr/Comp/CompDetail/HT2759/Recruit/568641,,2026-09-07 17:57:54
캐치,안다르,andar 브랜드팀 브랜드 마케터 7년이상 채용,"기획/전략/경영, 마케팅/PR/분석, 재무/세무/IR",경력 7년↑,정규직,서울,,2026-09-13,https://www.catch.co.kr/Comp/CompDetail/HT2759/Recruit/568638,,2026-09-07 17:57:54
캐치,법무법인화우,Law Firm 비서 채용,사무/총무/법무,경력 1~2년,계약직,서울,,2026-09-13,https://www.catch.co.kr/Comp/CompDetail/480234/Recruit/568637,,2026-09-07 17:57:54
캐치,현대카드,[현대카드/커머셜] 2026 신입 인재채용 #공채,"기획/전략/경영, 마케팅/PR/분석, 상품기획/MD, 영업관리/지원/영업기획, 인사/노무/교육, 일반영업, 재무/세무/IR, 증권/투자/펀드/외환",신입,정규직,서울,,2026-09-14,https://www.catch.co.kr/Comp/CompDetail/044292/Recruit/568636,,2026-09-07 17:57:54
캐치,로지스올,2026년 08월 경력사원 수시채용,"법률/특허/상표, 사무/총무/법무",경력,정규직,서울,,2026-09-13,https://www.catch.co.kr/Comp/CompDetail/983586/Recruit/568635,,2026-09-07 17:57:56
캐치,LS MnM,"신입/경력사원 수시채용 [설비엔지니어(토건), 총무, 구매, 사업전략, 인사]","건축/설계/인테리어, 구매/자재/재고, 기획/전략/경영, 마케팅/PR/분석, 사무/총무/법무, 인사/노무/교육, 토목/조경/도시/측량",경력,기타,울산/서울,,2026-09-13,https://www.catch.co.kr/Comp/CompDetail/109492/Recruit/568634,,2026-09-07 17:57:56
캐치,GC녹십자엠에스,[GC녹십자MS] 국내영업(경력) 채용 (채용 시 마감) ,"영업관리/지원/영업기획, 일반영업",경력 7년↑,계약직,경기,,2026-12-31,https://www.catch.co.kr/Comp/CompDetail/370884/Recruit/568633,,2026-09-07 17:57:56
캐치,한국지능정보사회진흥원,2026년 하반기 정규직 및 무기계약직(일반직) 채용,"경리/회계/결산, 기획/전략/경영, 네트워크/서버/보안, 빅데이터/AI, 사무/총무/법무, 웹기획/PM/웹마케팅, 재무/세무/IR",경력,정규직/계약직,대구/제주,,2026-09-14,https://www.catch.co.kr/Comp/CompDetail/073909/Recruit/568632,,2026-09-07 17:57:56
캐치,GC녹십자엠에스,[GC녹십자MS] 이커머스MD(신입/경력) 채용 (채용 시 마감),"상품기획/MD, 콘텐츠/사이트운영",경력,계약직,경기,,채용시 마감,https://www.catch.co.kr/Comp/CompDetail/370884/Recruit/568631,,2026-09-07 17:57:56
캐치,한국산업은행,2027년 5급 신입행원(변호사) 채용,"법률/특허/상표, 사무/총무/법무",신입,정규직,서울,,2026-09-14,https://www.catch.co.kr/Comp/CompDetail/821934/Recruit/568628,,2026-09-07 17:57:56
캐치,한국산업은행,2027년 5급 신입행원(일반) 채용 #공채,"경영분석/컨설턴트, 고객관리/인바운드, 기계설계/CAD/CAM, 기획/전략/경영, 네트워크/서버/보안, 빅데이터/AI, 사무/총무/법무, 증권/투자/펀드/외환, 채권/보험/보상/심사",신입,정규직,서울,,2026-09-14,https://www.catch.co.kr/Comp/CompDetail/821934/Recruit/568627,,2026-09-07 17:57:56
캐치,예금보험공사,2026년도 신입직원 채용 #공채,"기획/전략/경영, 네트워크/서버/보안, 사무/총무/법무, 사무보조/문서작성, 응용프로그램개발, 재무/세무/IR, 증권/투자/펀드/외환, 채권/보험/보상/심사, ERP/시스템개발/설계",신입,정규직,서울,,2026-09-11,https://www.catch.co.kr/Comp/CompDetail/964271/Recruit/568626,,2026-09-07 17:57:56
캐치,풀무원식품,반려동물사업부 반려동물영업팀 온라인 영업 담당 채용,"마케팅/PR/분석, 영업관리/지원/영업기획, 일반영업, 콘텐츠/사이트운영",경력 2년↑,정규직,서울,,2026-09-08,https://www.catch.co.kr/Comp/CompDetail/C17556/Recruit/568625,,2026-09-07 17:57:56
캐치,SK플라즈마,KOICA IBS 사업 담당자 채용,"경리/회계/결산, 기획/전략/경영, 재무/세무/IR",경력 3년↑,계약직,경기,,2026-09-09,https://www.catch.co.kr/Comp/CompDetail/CR4695/Recruit/568624,,2026-09-07 17:57:56
캐치,대한적십자사,영주적십자병원 직원 공개채용,"간호사, 간호조무사, 사무/원무/코디, 사무보조/문서작성, 요리/영양/제과제빵/바리스타, 채권/보험/보상/심사",신입,정규직/계약직,경북,,2026-09-13,https://www.catch.co.kr/Comp/CompDetail/424838/Recruit/568623,,2026-09-07 17:57:56
캐치,SK플라즈마,안동공장 혈액제제 충전 및 공정관리 신입(전환형 인턴) 채용,생산관리/공정관리/품질관리,신입,인턴,경북,,2026-09-08,https://www.catch.co.kr/Comp/CompDetail/CR4695/Recruit/568622,,2026-09-07 17:57:56
캐치,SK플라즈마,공정개선 및 연구 MSAT 경력 구성원 (주니어) 채용,생산관리/공정관리/품질관리,경력 3년↑,정규직,경기,,2026-09-09,https://www.catch.co.kr/Comp/CompDetail/CR4695/Recruit/568621,,2026-09-07 17:57:56
캐치,SK플라즈마,공정개선 및 연구 MSAT 경력 구성원 (시니어) 채용,생산관리/공정관리/품질관리,경력 8년↑,정규직,경기,,2026-09-09,https://www.catch.co.kr/Comp/CompDetail/CR4695/Recruit/568620,,2026-09-07 17:57:56
캐치,SK플라즈마,안동공장 인사(HR) 담당 경력사원 채용,인사/노무/교육,경력 3년↑,정규직,경북,,2026-09-13,https://www.catch.co.kr/Comp/CompDetail/CR4695/Recruit/568619,,2026-09-07 17:57:56
캐치,SK플라즈마,안동공장 인사(HR) 담당자 신입(전환형 인턴) 채용,인사/노무/교육,신입,인턴,경북,,2026-09-13,https://www.catch.co.kr/Comp/CompDetail/CR4695/Recruit/568618,,2026-09-07 17:57:56
캐치,한국수자원공사,"2026년 전문직, 시설운영직(경력) 제한경쟁 채용","기계설계/CAD/CAM, 생산관리/공정관리/품질관리, 전기/소방/통신/안전, 전기/전자/제어, 환경/플랜트",경력,정규직,경기,,2026-09-11,https://www.catch.co.kr/Comp/CompDetail/001640/Recruit/568617,,2026-09-07 17:57:56
캐치,한국방문의해위원회,경영지원팀 대리급 채용,"경리/회계/결산, 기획/전략/경영, 사무/총무/법무, 사무보조/문서작성, 재무/세무/IR",경력무관,계약직,서울,,2026-10-27,https://www.catch.co.kr/Comp/CompDetail/A2A14/Recruit/568613,,2026-09-07 17:57:56
캐치,패스트파이브,아웃바운드 콜엽업 담당자,"고객관리/인바운드, 고객관리/인바운드/아웃바운드, 영업관리/지원/영업기획, 일반영업, B2B영업/기술영업",경력무관,계약직,서울,,2026-10-25,https://www.catch.co.kr/Comp/CompDetail/CD6655/Recruit/568607,,2026-09-07 17:57:56
캐치,패스트파이브,오피스 세일즈 담당자 (채용연계형 인턴),"고객관리/인바운드, 영업관리/지원/영업기획, 일반영업, B2B영업/기술영업",경력무관,계약직,서울,,2026-09-13,https://www.catch.co.kr/Comp/CompDetail/CD6655/Recruit/568604,,2026-09-07 17:57:56
캐치,중소기업은행,2026년 하반기 IBK기업은행 신입행원 채용 #공채,"고객관리/인바운드, 기획/전략/경영, 네트워크/서버/보안, 빅데이터/AI, 사무/총무/법무, 응용프로그램개발, 일반영업, 증권/투자/펀드/외환, DBA/데이터베이스, HTML/퍼블리싱/UI개발",신입,정규직,서울/전국/부산/울산/경남/대구/경북/대전/세종/충남/충북/강원/전남광주/전북/제주,,2026-09-14,https://www.catch.co.kr/Comp/CompDetail/822167/Recruit/568603,,2026-09-07 17:57:56
캐치,피제이전자,(주)피제이전자 인사총무 담당자 모집 (과장~차장급),"구매/자재/재고, 사무/총무/법무, 인사/노무/교육",경력 8년↑,정규직,경기,,2026-10-27,https://www.catch.co.kr/Comp/CompDetail/323152/Recruit/568602,,2026-09-07 17:57:56
캐치,미소,[O2O 홈서비스 플랫폼 Miso] Product Operations Intern,"고객관리/인바운드, 기획/전략/경영, 마케팅/PR/분석, 사무보조/문서작성, 영업관리/지원/영업기획, 일반영업",경력,인턴,서울,,2026-10-27,https://www.catch.co.kr/Comp/CompDetail/HL2299/Recruit/568599,,2026-09-07 17:57:56
캐치,LS메카피온,자동화 관련 기술영업 경력직 사원 채용 (모집기간 연장),"마케팅/PR/분석, B2B영업/기술영업",경력 5년↑,기타,대구,,2026-09-26,https://www.catch.co.kr/Comp/CompDetail/023872/Recruit/568598,,2026-09-07 17:57:56
캐치,미소,[O2O 홈서비스 플랫폼 Miso] 콘텐츠 마케터 인턴,마케팅/PR/분석,신입,인턴,서울,,2026-10-27,https://www.catch.co.kr/Comp/CompDetail/HL2299/Recruit/568597,,2026-09-07 17:57:56
캐치,메리츠증권,소비자보호총괄팀 채용(경력),증권/투자/펀드/외환,경력,계약직,서울,,2026-09-13,https://www.catch.co.kr/Comp/CompDetail/860204/Recruit/568593,,2026-09-07 17:57:56
캐치,현대모비스,[서비스부품BU] 26년 8월 관리직 경력채용,"광고/시각디자인, 기획/전략/경영, 인사/노무/교육, 제품/산업디자인",경력 4년↑,기타,서울/울산,,2026-09-08,https://www.catch.co.kr/Comp/CompDetail/380130/Recruit/568589,,2026-09-07 17:57:56
캐치,한국타이어앤테크놀로지,2026 신입사원 채용설명회,"구매/자재/재고, 기획/전략/경영, 마케팅/PR/분석, 무역영업/해외영업, 배송/택배/운전, 빅데이터/AI, 생산/제조/설비/조립, 생산관리/공정관리/품질관리, 영업관리/지원/영업기획, 인사/노무/교육, 화학/에너지/환경, B2B영업/기술영업",신입,기타,경기,,2026-09-18,https://www.catch.co.kr/Comp/CompDetail/I66472/Recruit/568588,,2026-09-07 17:57:56
캐치,바텍이우홀딩스,사규관리 (채용 전환형 인턴),"사무/총무/법무, 영업관리/지원/영업기획",신입,인턴,경기,,2026-10-27,https://www.catch.co.kr/Comp/CompDetail/500180/Recruit/568586,,2026-09-07 17:57:56
캐치,한국네트웍스,[판교_본사] 그룹사 그룹웨어 시스템 운영/개발 채용,"네트워크/서버/보안, 웹개발, 응용프로그램개발",경력 3~7년,정규직,경기,,2026-09-29,https://www.catch.co.kr/Comp/CompDetail/153529/Recruit/568585,,2026-09-07 17:57:56
캐치,GC,[GC] 데이터 엔지니어 인턴(채용연계형),DBA/데이터베이스,신입,인턴,경기,,2026-09-13,https://www.catch.co.kr/Comp/CompDetail/350559/Recruit/568583,,2026-09-07 17:57:57
캐치,한국네트웍스,[판교_본사] ITO 서비스 전략 수립/기획 및 품질 관리 채용,"기획/전략/경영, 웹기획/PM/웹마케팅, ERP/시스템개발/설계",경력 7~12년,정규직,경기,,2026-09-30,https://www.catch.co.kr/Comp/CompDetail/153529/Recruit/568582,,2026-09-07 17:57:57
캐치,페이히어,[Inside Sales] 인사이드 세일즈 (강남),"고객관리/인바운드, 고객관리/인바운드/아웃바운드, 일반영업, B2B영업/기술영업",경력 1년↑,정규직,서울,,2026-10-27,https://www.catch.co.kr/Comp/CompDetail/A003Y/Recruit/568581,,2026-09-07 17:57:57
캐치,페이히어,[Inside Sales] 인사이드 세일즈 (구로),"고객관리/인바운드, 고객관리/인바운드/아웃바운드, 일반영업, B2B영업/기술영업",경력 1년↑,정규직,서울,,2026-10-27,https://www.catch.co.kr/Comp/CompDetail/A003Y/Recruit/568578,,2026-09-07 17:57:57
캐치,현대인베스트먼트자산운용,인프라에너지팀 사원-과장급 채용 (~9/13),"마케팅/PR/분석, 증권/투자/펀드/외환",경력,기타,서울,,2026-09-13,https://www.catch.co.kr/Comp/CompDetail/389898/Recruit/568577,,2026-09-07 17:57:57
캐치,화승알앤에이,26년 화승R&A 안전관리자 수시 채용,"시설/보안/경비/안전, 전기/소방/통신/안전",경력 3년↓,기타,경남,,2026-09-13,https://www.catch.co.kr/Comp/CompDetail/ME9211/Recruit/568575,,2026-09-07 17:57:57
캐치,현대모비스,2026년 하반기 신입 채용 #공채,"구매/자재/재고, 기계설계/CAD/CAM, 기획/전략/경영, 마케팅/PR/분석, 반도체/디스플레이, 빅데이터/AI, 응용프로그램개발, 일반영업, 자동차/조선/기계, 전기/전자/제어, ERP/시스템개발/설계",신입,정규직/계약직,서울/경기/울산/충북/경남,,2026-09-10,https://www.catch.co.kr/Comp/CompDetail/380130/Recruit/568574,,2026-09-07 17:57:57
캐치,삼보모터스,연구개발본부 채용,"기계설계/CAD/CAM, 반도체/디스플레이, 자동차/조선/기계, 전기/전자/제어",경력,기타,서울,,2026-09-13,https://www.catch.co.kr/Comp/CompDetail/292257/Recruit/568572,,2026-09-07 17:57:57
캐치,씨티알에코포징,CTR EcoForging 생산기술팀 전기설비보전 (밀양) 경력직 채용,"생산관리/공정관리/품질관리, 전기/소방/통신/안전, 전기/전자/제어",경력 3~5년,정규직,경남,,2026-09-30,https://www.catch.co.kr/Comp/CompDetail/OU9060/Recruit/568571,,2026-09-07 17:57:57
캐치,대우조선해양건설,2026년 경력직[토목현장/안전] 채용,"건축/설계/인테리어, 시공/현장/감리/공무, 시설/보안/경비/안전, 전기/소방/통신/안전, 토목/조경/도시/측량",경력 3년↑,정규직/계약직,경기,,2026-10-28,https://www.catch.co.kr/Comp/CompDetail/171934/Recruit/568570,,2026-09-07 17:57:57
캐치,CJ프레시웨이,[CJ프레시웨이] 식품 제조 PM 경력사원 모집,생산관리/공정관리/품질관리,경력 3년↑,정규직,서울,,2026-09-11,https://www.catch.co.kr/Comp/CompDetail/157210/Recruit/568569,,2026-09-07 17:57:57
캐치,강해상사,[강해상사 주식회사] 신사업기획 포지션 채용,"기획/전략/경영, 무역영업/해외영업, 영업관리/지원/영업기획",경력무관,정규직,서울,,2026-09-27,https://www.catch.co.kr/Comp/CompDetail/AEB5C/Recruit/568567,,2026-09-07 17:57:57
캐치,BGF휴먼넷,ST(영업 지원) 신입사원 추가 채용,"영업관리/지원/영업기획, 인사/노무/교육, 판매/캐셔/매장관리",신입,정규직,서울/경기/인천,,2026-09-10,https://www.catch.co.kr/Comp/CompDetail/F20946/Recruit/568565,,2026-09-07 17:57:57
캐치,메디톡스,신약연구 Project Leader 경력사원 채용,바이오/제약/식품,경력 10년↑,정규직,경기,,2026-09-20,https://www.catch.co.kr/Comp/CompDetail/173286/Recruit/568563,,2026-09-07 17:57:57
캐치,남양넥스모,2026년 하반기 일반직 (UAV 하이브리드 엔진 설계) 수시 채용,"기계설계/CAD/CAM, 자동차/조선/기계, 전기/전자/제어",경력,기타,경기,,2026-09-10,https://www.catch.co.kr/Comp/CompDetail/385166/Recruit/568562,,2026-09-07 17:57:57
캐치,LG에너지솔루션,2027년 전기 연세대 이차전지융합공학과 신입생 모집,"빅데이터/AI, 자동차/조선/기계, 전기/전자/제어, 화학/에너지/환경",신입,기타,대전/서울/전국/경기/충북,,2026-09-09,https://www.catch.co.kr/Comp/CompDetail/LZ0049/Recruit/568559,,2026-09-07 17:57:57
캐치,LG에너지솔루션,2027년 전기 고려대 배터리 스마트팩토리학과 신입생 모집,"빅데이터/AI, 자동차/조선/기계, 전기/전자/제어, 화학/에너지/환경",신입,기타,대전/서울/전국/경기/충북,,2026-09-09,https://www.catch.co.kr/Comp/CompDetail/LZ0049/Recruit/568557,,2026-09-07 17:57:57
캐치,신세계I&C,[신세계아이앤씨] 정보보안 분야 인재채용(채용 시 마감),"네트워크/서버/보안, 웹기획/PM/웹마케팅, ERP/시스템개발/설계",경력 3년↑,정규직,서울/경기,,2026-12-31,https://www.catch.co.kr/Comp/CompDetail/538787/Recruit/568556,,2026-09-07 17:57:57
캐치,KT텔레캅,[kt telecop] 2026년 SI영업 분야 채용,"일반영업, B2B영업/기술영업",경력 5년↑,계약직,서울,,2026-09-13,https://www.catch.co.kr/Comp/CompDetail/480449/Recruit/568555,,2026-09-07 17:57:57
캐치,KT텔레캅,[kt telecop] 2026년 솔루션영업 분야 채용,"기획/전략/경영, 네트워크/서버/보안, 영업관리/지원/영업기획, B2B영업/기술영업",경력 2년↑,계약직,서울,,2026-09-13,https://www.catch.co.kr/Comp/CompDetail/480449/Recruit/568554,,2026-09-07 17:57:57
캐치,신세계I&C,[신세계아이앤씨] SAP 분야 인재채용(채용 시 마감),"네트워크/서버/보안, ERP/시스템개발/설계",경력,정규직,서울,,2026-12-30,https://www.catch.co.kr/Comp/CompDetail/538787/Recruit/568553,,2026-09-07 17:57:57
캐치,DB손해보험,2026년 하반기 신입사원 공개채용 #설명회,"마케팅/PR/분석, 빅데이터/AI, 상품기획/MD, 영업관리/지원/영업기획, 재무/세무/IR, 증권/투자/펀드/외환, 채권/보험/보상/심사, B2B영업/기술영업",신입,정규직,서울/전국,,2026-10-02,https://www.catch.co.kr/Comp/CompDetail/870099/Recruit/568549,,2026-09-07 17:57:57
캐치,현대캐터링시스템,[경력] 단체급식 경력조리사 채용 (충주),요리/영양/제과제빵/바리스타,경력 2년↑,기타,충북,,2026-09-13,https://www.catch.co.kr/Comp/CompDetail/I67181/Recruit/568548,,2026-09-07 17:57:57
캐치,한화투자증권,시너지투자팀 전략적 투자 경력직 채용,"기획/전략/경영, 증권/투자/펀드/외환",경력,계약직,서울,,2026-09-07,https://www.catch.co.kr/Comp/CompDetail/860026/Recruit/568546,,2026-09-07 17:57:57
캐치,서일대학교,청년도약 인재양성 부트캠프,"광고/시각디자인, 그래픽디자인/CG, 의류/패션/잡화디자인, 재무/세무/IR, 전시/공간디자인, 캐릭터/만화/애니",경력무관,교육생,서울,,2026-09-28,https://www.catch.co.kr/Comp/CompDetail/A4695/Recruit/568542,,2026-09-07 17:57:57
캐치,한화시스템,[방산] 통역장교 신입채용,"고객관리/인바운드, 기획/전략/경영, 마케팅/PR/분석, 무역영업/해외영업, 사무보조/문서작성, 영업관리/지원/영업기획, 외국어/번역/통역",신입,정규직,서울,,2026-09-13,https://www.catch.co.kr/Comp/CompDetail/128888/Recruit/568541,,2026-09-07 17:57:57
캐치,현대디에프,2026년 현대면세점 육아휴직 대체 계약직 채용 (UX기획) ,"기획/전략/경영, 웹기획/PM/웹마케팅",경력 5년↑,계약직,서울,,2026-09-10,https://www.catch.co.kr/Comp/CompDetail/HT6164/Recruit/568539,,2026-09-07 17:57:57
캐치,한국후지필름,2026년 8월 VMD 경력사원 채용,"의류/패션/잡화디자인, 전시/공간디자인, 출판/편집디자인",경력 4~7년,계약직,서울,,2026-09-07,https://www.catch.co.kr/Comp/CompDetail/JB2986/Recruit/568538,,2026-09-07 17:57:57
캐치,삼립,"환경(팀장/담당), 안전(경력/신입) 채용","전기/소방/통신/안전, 화학/에너지/환경, 환경/플랜트",경력 3년↑,기타,서울/충남,,2026-09-16,https://www.catch.co.kr/Comp/CompDetail/310131/Recruit/568537,,2026-09-07 17:57:57
캐치,한화생명금융서비스,DB영업 기획/교육 채용,"고객관리/인바운드/아웃바운드, 기획/전략/경영, 영업관리/지원/영업기획",경력,계약직,서울,,2026-09-10,https://www.catch.co.kr/Comp/CompDetail/MM3159/Recruit/568535,,2026-09-07 17:57:57
캐치,한화생명보험,IT개발팀 'Backend Developer' 경력채용(사원~대리),"네트워크/서버/보안, 웹개발, 응용프로그램개발",경력 3년↑,계약직,서울,,2026-09-10,https://www.catch.co.kr/Comp/CompDetail/870013/Recruit/568534,,2026-09-07 17:57:58
캐치,한화생명보험,PLUS미디어팀 'PLUS 미디어 콘텐츠 마케터' 경력채용,"기획/전략/경영, 마케팅/PR/분석, 전시/컨벤션",경력 4년↑,정규직,서울,,2026-09-10,https://www.catch.co.kr/Comp/CompDetail/870013/Recruit/568532,,2026-09-07 17:57:58
캐치,한화모멘텀,시설관리(공무) 계약직 신입/경력 채용,전기/소방/통신/안전,경력 7년↓,계약직,경남,,2026-09-09,https://www.catch.co.kr/Comp/CompDetail/RC6463/Recruit/568531,,2026-09-07 17:57:58
캐치,현대엔지니어링,2026년 신입사원 공개채용 #공채,"건축/설계/인테리어, 기획/전략/경영, 무역영업/해외영업, 생산관리/공정관리/품질관리, 인사/노무/교육, 일반영업, 자동차/조선/기계, 재무/세무/IR, 전기/소방/통신/안전, 전기/전자/제어, 토목/조경/도시/측량, 화학/에너지/환경",신입,정규직,서울,,2026-09-09,https://www.catch.co.kr/Comp/CompDetail/160216/Recruit/568529,,2026-09-07 17:57:58
캐치,CJ제일제당,전략기획 포지션 경력 채용,기획/전략/경영,경력 6년↑,정규직,서울,,2026-09-09,https://www.catch.co.kr/Comp/CompDetail/494292/Recruit/568528,,2026-09-07 17:57:58
캐치,한화,"[글로벌부문] 가성소다 E&C 엔지니어 경력사원 채용(기계/장치, 전기/계기)","기계설계/CAD/CAM, 생산관리/공정관리/품질관리, 자동차/조선/기계, 전기/전자/제어, 환경/플랜트",경력 10년↑,정규직,서울/전남광주,,2026-09-13,https://www.catch.co.kr/Comp/CompDetail/350893/Recruit/568527,,2026-09-07 17:57:58
캐치,SK트리켐,[경력] 구매 담당자 채용,"구매/자재/재고, 무역사무/수출입",경력 5년↓,정규직,세종,,2026-09-08,https://www.catch.co.kr/Comp/CompDetail/HS5424/Recruit/568525,,2026-09-07 17:57:58
캐치,CJ포디플렉스,[CJ 4DPLEX] 국내 변호사 채용,"법률/특허/상표, 사무/총무/법무",경력 5~7년,정규직,서울,,2026-09-13,https://www.catch.co.kr/Comp/CompDetail/F39230/Recruit/568524,,2026-09-07 17:57:58
캐치,CJ올리브네트웍스,[경력] 비지니스 컨설턴트 채용,"기획/전략/경영, 웹기획/PM/웹마케팅",경력 7년↑,기타,서울,,2026-09-28,https://www.catch.co.kr/Comp/CompDetail/046305/Recruit/568522,,2026-09-07 17:57:58
캐치,CJ올리브네트웍스,[경력] 프로젝트 Application Architect 채용,"웹개발, ERP/시스템개발/설계",경력 7년↑,기타,서울,,2026-09-21,https://www.catch.co.kr/Comp/CompDetail/046305/Recruit/568521,,2026-09-07 17:57:58
캐치,CJ푸드빌,음성공장 베이커리 생산직 경력사원 채용,"생산/제조/설비/조립, 생산관리/공정관리/품질관리, 요리/영양/제과제빵/바리스타",경력,기타,충북,,2026-09-09,https://www.catch.co.kr/Comp/CompDetail/145104/Recruit/568520,,2026-09-07 17:57:58
캐치,CJ올리브네트웍스,[경력] AX Tech Master 채용,"마케팅/PR/분석, 빅데이터/AI, ERP/시스템개발/설계",경력 7년↑,기타,서울,,2026-09-28,https://www.catch.co.kr/Comp/CompDetail/046305/Recruit/568519,,2026-09-07 17:57:58
캐치,이랜드이츠,2026 주안CK 소스 생산관리자 경력 채용,"구매/자재/재고, 생산관리/공정관리/품질관리",경력 1~5년,계약직,인천,,2026-09-09,https://www.catch.co.kr/Comp/CompDetail/JQ7455/Recruit/568518,,2026-09-07 17:57:58
캐치,CJ올리브네트웍스,[경력] 네트워크/OT 보안 엔지니어 채용,네트워크/서버/보안,경력 5년↑,기타,서울,,2026-09-21,https://www.catch.co.kr/Comp/CompDetail/046305/Recruit/568516,,2026-09-07 17:57:58
캐치,이랜드이츠,2026 상품기획 경력 채용,"마케팅/PR/분석, 상품기획/MD",경력,계약직,서울,,2026-09-09,https://www.catch.co.kr/Comp/CompDetail/JQ7455/Recruit/568515,,2026-09-07 17:57:58
캐치,와디즈,광고 운영 담당자 (인턴) 채용,"마케팅/PR/분석, 빅데이터/AI, 사무보조/문서작성, 설문/통계/리서치, 콘텐츠/사이트운영",경력무관,인턴,경기,,2026-09-13,https://www.catch.co.kr/Comp/CompDetail/JO4192/Recruit/568512,,2026-09-07 17:57:58
캐치,와디즈,펀딩 프로모션 마케팅 운영 담당자 (인턴) 채용,"기획/전략/경영, 마케팅/PR/분석",신입,인턴,경기,,2026-09-20,https://www.catch.co.kr/Comp/CompDetail/JO4192/Recruit/568511,,2026-09-07 17:57:58
캐치,한국방위산업진흥회,"2026년 수시채용 (정책연구,방산원가,전시기획)","설문/통계/리서치, 재무/세무/IR, 전시/컨벤션",경력,정규직,서울,,2026-09-13,https://www.catch.co.kr/Comp/CompDetail/072682/Recruit/568509,,2026-09-07 17:57:58
캐치,한국카본,[신입/경력] 품질검사 (방위 산업 제품) 채용,"생산/제조/설비/조립, 생산관리/공정관리/품질관리",경력,정규직,경남,,2026-09-14,https://www.catch.co.kr/Comp/CompDetail/355755/Recruit/568506,,2026-09-07 17:57:58
캐치,라인게임즈,보안 전략 담당자 채용,"네트워크/서버/보안, 사무/총무/법무",경력 3년↑,정규직,경기,,2026-09-11,https://www.catch.co.kr/Comp/CompDetail/J38088/Recruit/568504,,2026-09-07 17:57:58
캐치,네이버,[NAVER] 사내 변호사 (경력) 채용,"법률/특허/상표, 사무/총무/법무",경력,정규직,경기,,2026-09-08,https://www.catch.co.kr/Comp/CompDetail/112745/Recruit/568500,,2026-09-07 17:57:58
캐치,법무법인화우,Bookkeeper 경력 직원 채용,경리/회계/결산,경력 5년↑,계약직,서울,,2026-09-28,https://www.catch.co.kr/Comp/CompDetail/480234/Recruit/568499,,2026-09-07 17:57:58
캐치,네이버웹툰,변호사 (경력) 채용,"법률/특허/상표, 사무/총무/법무",경력 3~5년,정규직,경기,,2026-09-13,https://www.catch.co.kr/Comp/CompDetail/LG8788/Recruit/568497,,2026-09-07 17:57:58
캐치,아이티센글로벌,경력 채용 (구매),구매/자재/재고,경력 5년↑,정규직,경기,,2026-09-30,https://www.catch.co.kr/Comp/CompDetail/381253/Recruit/568496,,2026-09-07 17:57:58
캐치,네이버웹툰,Brand Marketing 영상 디자이너 (경력) 채용,"그래픽디자인/CG, 동영상제작/편집, 캐릭터/만화/애니",경력,정규직,경기,,2026-09-13,https://www.catch.co.kr/Comp/CompDetail/LG8788/Recruit/568494,,2026-09-07 17:57:58
캐치,네이버웹툰,FR Platform Growth Manager (경력) 채용,"기획/전략/경영, 웹기획/PM/웹마케팅",경력 5년↑,정규직,경기,,2026-09-13,https://www.catch.co.kr/Comp/CompDetail/LG8788/Recruit/568493,,2026-09-07 17:57:58
캐치,에쓰오일토탈에너지스윤활유,윤활유 국내 영업 경력직 채용,"마케팅/PR/분석, 영업관리/지원/영업기획, 일반영업",경력 4~10년,정규직,서울,,2026-09-17,https://www.catch.co.kr/Comp/CompDetail/245049/Recruit/568490,,2026-09-07 17:57:58
캐치,한화생명보험,Special Situation팀 '글로벌전략투자 및 파트너십 전문가' 경력채용(대리~차장),"기획/전략/경영, 마케팅/PR/분석",경력 5년↑,정규직/계약직,서울,,2026-09-09,https://www.catch.co.kr/Comp/CompDetail/870013/Recruit/568489,,2026-09-07 17:57:58
캐치,SK ON,SK온 System평가팀 기술감독직 채용,전기/전자/제어,경력무관,계약직,대전,,2026-09-07,https://www.catch.co.kr/Comp/CompDetail/OQ9548/Recruit/568488,,2026-09-07 17:57:58
캐치,한화생명보험,법무팀 '미국변호사' 경력 채용(대리~부장급),"기획/전략/경영, 법률/특허/상표, 사무/총무/법무",경력 5년↑,계약직,서울,,2026-09-08,https://www.catch.co.kr/Comp/CompDetail/870013/Recruit/568486,,2026-09-07 17:57:58
캐치,SK가스,2026년 HR 평가/제도 운영 경력직 채용,인사/노무/교육,경력 3년↑,정규직,경기,,2026-09-13,https://www.catch.co.kr/Comp/CompDetail/400122/Recruit/568485,,2026-09-07 17:57:59
캐치,인컴즈,[춘천] 2026년 하반기 신입(3교대 근무) 채용,고객관리/인바운드,신입,정규직,강원,,2026-09-13,https://www.catch.co.kr/Comp/CompDetail/F21963/Recruit/568484,,2026-09-07 17:57:59
캐치,SK바이오사이언스,Facility Engineering 경력사원 채용,"전기/소방/통신/안전, 전기/전자/제어",경력 3년↑,정규직,인천,,2026-09-10,https://www.catch.co.kr/Comp/CompDetail/JE3749/Recruit/568483,,2026-09-07 17:57:59
캐치,인컴즈,[춘천] 2026년 하반기 신입 채용,고객관리/인바운드,신입,정규직,강원,,2026-09-13,https://www.catch.co.kr/Comp/CompDetail/F21963/Recruit/568482,,2026-09-07 17:57:59
캐치,한샘,[경력] 홈퍼니싱 상품 마케팅 채용,마케팅/PR/분석,경력 7~10년,정규직,서울,,2026-10-27,https://www.catch.co.kr/Comp/CompDetail/380121/Recruit/568481,,2026-09-07 17:57:59
캐치,가온그룹,해외영업 정규직 채용,"고객관리/인바운드, 무역영업/해외영업, 영업관리/지원/영업기획",경력 3년↑,정규직,경기,,2026-10-26,https://www.catch.co.kr/Comp/CompDetail/176022/Recruit/568480,,2026-09-07 17:57:59
캐치,더퓨어랩,[더퓨어랩] 닥터엘시아/디어에이 자금 인턴(전환형),"경리/회계/결산, 재무/세무/IR",신입,인턴,서울,,2026-10-27,https://www.catch.co.kr/Comp/CompDetail/RL2487/Recruit/568479,,2026-09-07 17:57:59
캐치,한국인공지능소프트웨어산업협회,Gen AI 기반 BackEnd 개발자 양성과정,"네트워크/서버/보안, 빅데이터/AI, 웹개발",경력무관,교육생,서울,,2026-09-18,https://www.catch.co.kr/Comp/CompDetail/049653/Recruit/568478,,2026-09-07 17:57:59
캐치,흥국자산운용,연금/WM마케팅본부 채용,"고객관리/인바운드, 마케팅/PR/분석, 사무/총무/법무, 증권/투자/펀드/외환",경력,기타,서울,,2026-09-09,https://www.catch.co.kr/Comp/CompDetail/115973/Recruit/568475,,2026-09-07 17:57:59
캐치,풀무원,[중국법인] 중국 공장 엔지니어링 책임자 채용,생산관리/공정관리/품질관리,경력,정규직,북경,,2026-10-31,https://www.catch.co.kr/Comp/CompDetail/312320/Recruit/568471,,2026-09-07 17:57:59
캐치,KT 엔지니어링,전송/교환/인프라 유지보수 및 관제 업무 계약직 채용,"전기/소방/통신/안전, 통신기술/네트워크구축",경력,계약직,대구/경북/부산/경남/서울/경기/충남,,2026-10-24,https://www.catch.co.kr/Comp/CompDetail/812153/Recruit/568469,,2026-09-07 17:57:59
캐치,한화솔루션,[인사이트] 2026 사업지원실 구매&DT팀 경력직 채용,"네트워크/서버/보안, 응용프로그램개발, 전기/소방/통신/안전, ERP/시스템개발/설계",경력 8년↑,정규직,서울,,2026-09-11,https://www.catch.co.kr/Comp/CompDetail/350257/Recruit/568465,,2026-09-07 17:57:59
캐치,에스피삼화,디지털마케팅 경력 채용,"기획/전략/경영, 마케팅/PR/분석",경력 6~10년,정규직,서울,,2026-09-10,https://www.catch.co.kr/Comp/CompDetail/351334/Recruit/568463,,2026-09-07 17:57:59
캐치,KB증권,금융공학부 경력직(연봉계약직) 채용,"네트워크/서버/보안, 응용프로그램개발, DBA/데이터베이스, ERP/시스템개발/설계",경력 3년↑,계약직,서울,,2026-09-08,https://www.catch.co.kr/Comp/CompDetail/860263/Recruit/568462,,2026-09-07 17:57:59
캐치,SM엔터테인먼트,중국 마케팅 PM 담당자 채용 (경력),마케팅/PR/분석,경력 3년↑,정규직,서울,,2026-09-07,https://www.catch.co.kr/Comp/CompDetail/050606/Recruit/568461,,2026-09-07 17:57:59
캐치,SM엔터테인먼트,중화권 아티스트 전담 영상 콘텐츠 제작 인턴십 모집,"동영상제작/편집, 콘텐츠/사이트운영",신입,인턴,서울/상해,,2026-09-07,https://www.catch.co.kr/Comp/CompDetail/050606/Recruit/568458,,2026-09-07 17:57:59
캐치,세스코,Global사업부 해외사업기획 및 상품기획 채용,"기획/전략/경영, 마케팅/PR/분석",경력 8년↑,정규직,서울,,2026-09-07,https://www.catch.co.kr/Comp/CompDetail/024171/Recruit/568453,,2026-09-07 17:57:59
캐치,세스코,제품디자인 채용,"그래픽디자인/CG, 제품/산업디자인",경력 5년↑,정규직,서울,,2026-09-10,https://www.catch.co.kr/Comp/CompDetail/024171/Recruit/568452,,2026-09-07 17:57:59
캐치,세스코,Global사업부 전략기획 채용,"기획/전략/경영, 마케팅/PR/분석",경력 8년↑,정규직,서울,,2026-09-08,https://www.catch.co.kr/Comp/CompDetail/024171/Recruit/568451,,2026-09-07 17:57:59
캐치,SM엔터테인먼트,매니지먼트 담당자 (신입/경력) 채용,공연/엔터테인먼트,경력 1년↑,정규직,서울,,2026-09-09,https://www.catch.co.kr/Comp/CompDetail/050606/Recruit/568449,,2026-09-07 17:57:59
캐치,세스코,외식유통 식품위생안전 담당 채용,"고객관리/인바운드, 바이오/제약/식품, 시설/보안/경비/안전",경력 4년↓,정규직,서울,,2026-09-07,https://www.catch.co.kr/Comp/CompDetail/024171/Recruit/568447,,2026-09-07 17:57:59
캐치,세스코,IoT 플랫폼 백엔드 개발 채용,"네트워크/서버/보안, DBA/데이터베이스, ERP/시스템개발/설계",경력 5년↑,정규직,서울,,2026-09-07,https://www.catch.co.kr/Comp/CompDetail/024171/Recruit/568444,,2026-09-07 17:57:59
캐치,세스코,마케팅커뮤니케이션 전략 수립 및 실행 채용,"기획/전략/경영, 마케팅/PR/분석",경력 7~12년,정규직,서울,,2026-09-07,https://www.catch.co.kr/Comp/CompDetail/024171/Recruit/568441,,2026-09-07 17:57:59
캐치,수행기사, [라신반/서울본점] 서브컬쳐 굿즈 매장 스탭 모집(주말포함/주5일),판매/캐셔/매장관리,경력무관,계약직/기타,서울,,2026-10-27,https://www.catch.co.kr/Comp/CompDetail/A39BC/Recruit/568440,,2026-09-07 17:57:59
캐치,세스코,케미컬 개발구매 채용,"구매/자재/재고, 생산관리/공정관리/품질관리, 화학/에너지/환경",경력 5년↑,정규직,서울,,2026-09-09,https://www.catch.co.kr/Comp/CompDetail/024171/Recruit/568439,,2026-09-07 17:57:59
캐치,오리온,본사 소방안전관리자 채용,전기/소방/통신/안전,경력 6년↓,정규직,서울,,2026-09-07,https://www.catch.co.kr/Comp/CompDetail/IQ7228/Recruit/568436,,2026-09-07 17:57:59
캐치,세스코,시스템 개발/운영 채용,"네트워크/서버/보안, 웹개발, QA/테스트/검증",경력 8년↑,정규직,서울,,2026-09-11,https://www.catch.co.kr/Comp/CompDetail/024171/Recruit/568435,,2026-09-07 17:57:59
캐치,스타픽시스튜디오,[메이플스타/MSW] 게임기획자,게임,경력 2년↑,정규직,경기,,2026-10-27,https://www.catch.co.kr/Comp/CompDetail/AF5F2/Recruit/568434,,2026-09-07 17:57:59
캐치,한국야금,(추가모집) 2026년 대졸사원 (해외사업본부) 수시채용,"무역영업/해외영업, 영업관리/지원/영업기획, B2B영업/기술영업",경력,기타,서울/충북/기타해외,,2026-09-27,https://www.catch.co.kr/Comp/CompDetail/383864/Recruit/568433,,2026-09-07 17:57:59
캐치,스타픽시스튜디오,[메이플스타/MSW] 게임 서비스 운영(중국어 번체),게임,경력 1년↑,정규직,경기,,2026-10-27,https://www.catch.co.kr/Comp/CompDetail/AF5F2/Recruit/568432,,2026-09-07 17:57:59
캐치,한성자동차,[본사] 인사부 노무 경력직 채용,"인사/노무/교육, 헤드헌팅/노무/직업상담",경력,정규직,서울,,2026-10-27,https://www.catch.co.kr/Comp/CompDetail/B97715/Recruit/568431,,2026-09-07 17:58:00
캐치,스타픽시스튜디오,[메이플스타/MSW] 게임 사업PM,"게임, 기획/전략/경영, 마케팅/PR/분석",경력 2년↑,정규직,경기,,2026-10-27,https://www.catch.co.kr/Comp/CompDetail/AF5F2/Recruit/568428,,2026-09-07 17:58:00
캐치,한성자동차,[본사] Finance - FP&A Specialist (대리-과장 급) 채용,재무/세무/IR,경력 4~12년,정규직,서울,,2026-10-27,https://www.catch.co.kr/Comp/CompDetail/B97715/Recruit/568427,,2026-09-07 17:58:00
캐치,이스트소프트,[ESTsoft] 정부지원 교육 사업 기획/운영 PM 채용 (전남광주),"교육기획/교재, 기획/전략/경영, 웹기획/PM/웹마케팅",경력 5년↑,정규직,전남광주,,2026-10-27,https://www.catch.co.kr/Comp/CompDetail/020069/Recruit/568426,,2026-09-07 17:58:00
캐치,카카오엔터테인먼트,IT 통제 모니터링 담당자 채용,"네트워크/서버/보안, 사무/총무/법무",경력 4년↑,정규직,경기,,2026-09-08,https://www.catch.co.kr/Comp/CompDetail/G69732/Recruit/568425,,2026-09-07 17:58:00
캐치,스타픽시스튜디오,[메이플스타/MSW] 게임 아티스트,"게임, 캐릭터/만화/애니",경력 2년↑,정규직,경기,,2026-10-27,https://www.catch.co.kr/Comp/CompDetail/AF5F2/Recruit/568424,,2026-09-07 17:58:00
캐치,카카오엔터테인먼트,IT 내부 감사 담당자 채용,"네트워크/서버/보안, 사무/총무/법무",경력 7년↑,정규직,경기,,2026-09-08,https://www.catch.co.kr/Comp/CompDetail/G69732/Recruit/568422,,2026-09-07 17:58:00
캐치,카카오게임즈,게임 기술PM 채용 (TechPM/DevOps/SRE Engineer),"게임, 네트워크/서버/보안, 웹기획/PM/웹마케팅, ERP/시스템개발/설계",경력 2~10년,정규직,경기,,2026-09-13,https://www.catch.co.kr/Comp/CompDetail/J88973/Recruit/568419,,2026-09-07 17:58:00
캐치,스타픽시스튜디오,[메이플스타/MSW] 커뮤니티 매니저(콘텐츠·영상),"게임, 기획/전략/경영, 동영상제작/편집, 마케팅/PR/분석, 콘텐츠/사이트운영",경력 2년↑,정규직,경기,,2026-10-27,https://www.catch.co.kr/Comp/CompDetail/AF5F2/Recruit/568418,,2026-09-07 17:58:00
캐치,동양건설산업,"[라인그룹] 앱 개발자, 토목 경력직 채용","건축/설계/인테리어, 시공/현장/감리/공무, 응용프로그램개발, 토목/조경/도시/측량",경력 3년↑,기타,서울/전국,,2026-09-13,https://www.catch.co.kr/Comp/CompDetail/710121/Recruit/568417,,2026-09-07 17:58:00
캐치,아이지에이웍스,ML / Foundation Model Engineer 채용,"빅데이터/AI, ERP/시스템개발/설계",경력 5년↑,정규직,서울,,2026-10-27,https://www.catch.co.kr/Comp/CompDetail/C44893/Recruit/568416,,2026-09-07 17:58:00
캐치,아이지에이웍스,[애드팝콘] 리워드플랫폼 광고 운영 및 제휴 담당자[신입-2년차] 채용,"기획/전략/경영, 마케팅/PR/분석",경력 2년↓,정규직,서울,,2026-10-27,https://www.catch.co.kr/Comp/CompDetail/C44893/Recruit/568415,,2026-09-07 17:58:00
캐치,스타픽시스튜디오,[메이플스타/MSW] 게임 서비스 운영,게임,경력 1년↑,정규직,경기,,2026-10-27,https://www.catch.co.kr/Comp/CompDetail/AF5F2/Recruit/568414,,2026-09-07 17:58:00
캐치,LS증권,경력직 수시채용 (자산관리(IB사후관리) 부문),"사무/총무/법무, 증권/투자/펀드/외환",경력 7년↑,계약직,서울,,2026-09-10,https://www.catch.co.kr/Comp/CompDetail/127283/Recruit/568413,,2026-09-07 17:58:00
캐치,스타픽시스튜디오,[메이플스타/MSW] 게임기획 Lead,게임,경력 5년↑,정규직,경기,,2026-10-27,https://www.catch.co.kr/Comp/CompDetail/AF5F2/Recruit/568412,,2026-09-07 17:58:00
캐치,코람코자산운용,[경력사원] 자산운용본부 채용,"부동산/중개/분양/경매, 증권/투자/펀드/외환",경력 5년↑,기타,서울,,2026-09-11,https://www.catch.co.kr/Comp/CompDetail/G61416/Recruit/568410,,2026-09-07 17:58:00
캐치,스타픽시스튜디오,[메이플스타/MSW] UI 컨텐츠 프로그래머,"게임, HTML/퍼블리싱/UI개발",경력 1년↑,정규직,경기,,2026-10-27,https://www.catch.co.kr/Comp/CompDetail/AF5F2/Recruit/568409,,2026-09-07 17:58:00
캐치,코람코자산운용,[경력사원] 기업금융/인프라본부 기업금융/인프라팀 채용,증권/투자/펀드/외환,경력,기타,서울,,2026-09-11,https://www.catch.co.kr/Comp/CompDetail/G61416/Recruit/568408,,2026-09-07 17:58:00
캐치,스타픽시스튜디오,[메이플스타/MSW] Full-stack 엔지니어,"웹개발, ERP/시스템개발/설계",경력 2년↑,정규직,경기,,2026-10-27,https://www.catch.co.kr/Comp/CompDetail/AF5F2/Recruit/568407,,2026-09-07 17:58:00
캐치,네이버클라우드,[NAVER Cloud] 정보보호 정책 담당자 (경력) 채용,"네트워크/서버/보안, 사무/총무/법무",경력 3년↑,정규직,경기,,2026-09-09,https://www.catch.co.kr/Comp/CompDetail/C83675/Recruit/568405,,2026-09-07 17:58:00
캐치,토스씨엑스,[토스씨엑스] Recruiting Assistant 채용 중,인사/노무/교육,경력무관,계약직,서울,,2026-09-27,https://www.catch.co.kr/Comp/CompDetail/PO0313/Recruit/568404,,2026-09-07 17:58:00
캐치,네이버클라우드,[NAVER Cloud] 침해사고 대응 담당자 (Junior Talent) 채용,"네트워크/서버/보안, 웹기획/PM/웹마케팅, 응용프로그램개발, DBA/데이터베이스",경력 1~4년,정규직,경기,,2026-09-09,https://www.catch.co.kr/Comp/CompDetail/C83675/Recruit/568402,,2026-09-07 17:58:00
캐치,네이버클라우드,[NAVER Cloud] 클라우드 인프라 보안 아키텍트 (경력) 채용,"네트워크/서버/보안, ERP/시스템개발/설계",경력 4년↑,정규직,경기,,2026-09-09,https://www.catch.co.kr/Comp/CompDetail/C83675/Recruit/568401,,2026-09-07 17:58:00
캐치,네이버클라우드,[NAVER Cloud] Root CA 기획/운영 및 감사 대응 (경력) 채용,"기획/전략/경영, 네트워크/서버/보안, 사무/총무/법무",경력 5년↑,정규직,경기,,2026-09-09,https://www.catch.co.kr/Comp/CompDetail/C83675/Recruit/568399,,2026-09-07 17:58:00
캐치,스타픽시스튜디오,[메이플스타/MSW] 게임 플레이 프로그래머,게임,경력 1년↑,정규직,경기,,2026-10-27,https://www.catch.co.kr/Comp/CompDetail/AF5F2/Recruit/568398,,2026-09-07 17:58:00
캐치,기초과학연구원,제2026-3회 중이온가속기연구소 별정직 직원 채용,"기획/전략/경영, 설문/통계/리서치, 전기/전자/제어, 화학/에너지/환경",경력,기타,대전,,2026-09-11,https://www.catch.co.kr/Comp/CompDetail/J30261/Recruit/568396,,2026-09-07 17:58:00
캐치,LX인터내셔널,2026년 하반기 신입사원 채용 (채용연계형 인턴십) #공채,"기획/전략/경영, 무역사무/수출입, 무역영업/해외영업, 인사/노무/교육, 재무/세무/IR, 화학/에너지/환경, QA/테스트/검증",신입,인턴,서울,,2026-09-20,https://www.catch.co.kr/Comp/CompDetail/610224/Recruit/568394,,2026-09-07 17:58:00
캐치,다우기술,경력·신입 대규모 인재채용 #공채,"기획/전략/경영, 네트워크/서버/보안, 마케팅/PR/분석, 빅데이터/AI, 사무/총무/법무, 생산관리/공정관리/품질관리, 웹개발, 웹기획/PM/웹마케팅, 일반영업, 전기/소방/통신/안전, B2B영업/기술영업, DBA/데이터베이스",경력,정규직,경기/서울,,2026-09-10,https://www.catch.co.kr/Comp/CompDetail/980650/Recruit/568393,,2026-09-07 17:58:00
캐치,삼보모터스,영업부문 채용,"마케팅/PR/분석, 무역영업/해외영업, 영업관리/지원/영업기획, 일반영업, B2B영업/기술영업",경력 2년↑,기타,대구,,2026-09-13,https://www.catch.co.kr/Comp/CompDetail/292257/Recruit/568392,,2026-09-07 17:58:00
캐치,마녀공장,[인사팀] HR 담당자 채용,"경리/회계/결산, 사무/총무/법무, 사무보조/문서작성, 인사/노무/교육",경력 3~7년,정규직,서울,,2026-10-27,https://www.catch.co.kr/Comp/CompDetail/H92585/Recruit/568389,,2026-09-07 17:58:00
캐치,한화솔루션,[큐셀/제조본부 한국공장] 스마트팩토리팀 IT 인프라 경력사원 채용,"네트워크/서버/보안, ERP/시스템개발/설계",경력 3년↑,정규직,충북,,2026-09-13,https://www.catch.co.kr/Comp/CompDetail/350257/Recruit/568388,,2026-09-07 17:58:01
캐치,티에스전자(주),기술연구실 전담연구원 공개채용,"빅데이터/AI, 웹개발, 응용프로그램개발",경력무관,정규직,서울,,2026-09-10,https://www.catch.co.kr/Comp/CompDetail/A8095/Recruit/568387,,2026-09-07 17:58:01
캐치,파이널나인,(주) 파이널나인 정규직 매니저님 모집합니다.,외식/식음료,경력무관,정규직,대구,,2026-10-27,https://www.catch.co.kr/Comp/CompDetail/JC6907/Recruit/568384,,2026-09-07 17:58:01
캐치,한국컨테이너풀,2026년 08월 경력사원 수시채용,"일반영업, B2B영업/기술영업",경력,정규직,서울,,2026-09-13,https://www.catch.co.kr/Comp/CompDetail/100764/Recruit/568383,,2026-09-07 17:58:01
캐치,콜마비앤에이치,제천 스마트팜 천연물 재배관리 계약직 채용 (채용시 마감),"생산관리/공정관리/품질관리, 전기/소방/통신/안전",경력무관,계약직,충북,,2026-12-31,https://www.catch.co.kr/Comp/CompDetail/L73318/Recruit/568382,,2026-09-07 17:58:01
캐치,콜마홀딩스,제약/바이오부문 인하우스 변리사 경력 채용,사무/총무/법무,경력 5년↑,정규직,경기,,2026-09-10,https://www.catch.co.kr/Comp/CompDetail/732630/Recruit/568380,,2026-09-07 17:58:01
캐치,안랩,[경력] QA 채용,"응용프로그램개발, QA/테스트/검증",경력 3년↓,기타,경기,,2026-11-01,https://www.catch.co.kr/Comp/CompDetail/052194/Recruit/568378,,2026-09-07 17:58:01
캐치,중앙대학교,다빈치캠퍼스 행정인턴 채용,"대학교수/행정직, 사무/총무/법무, 사무보조/문서작성",경력무관,인턴,경기,,2026-10-04,https://www.catch.co.kr/Comp/CompDetail/042311/Recruit/568377,,2026-09-07 17:58:01
캐치,세방리튬배터리,2026년 품질보증 상시채용,"반도체/디스플레이, 생산/제조/설비/조립, 설문/통계/리서치, 화학/에너지/환경, QA/테스트/검증",경력 5년↑,정규직,경기/전남광주,,2026-12-31,https://www.catch.co.kr/Comp/CompDetail/HJ3273/Recruit/568376,,2026-09-07 17:58:01
캐치,안랩,[경력] 소프트웨어 Server 개발 채용,"네트워크/서버/보안, 웹개발, 응용프로그램개발",경력 3년↑,기타,경기,,2026-11-01,https://www.catch.co.kr/Comp/CompDetail/052194/Recruit/568375,,2026-09-07 17:58:01
캐치,한국특강,설비(기계) 신입사원 채용 (사상공장),"기계설계/CAD/CAM, 자동차/조선/기계",신입,정규직,부산,,2026-10-13,https://www.catch.co.kr/Comp/CompDetail/370843/Recruit/568374,,2026-09-07 17:58:01
캐치,에프앤에프,MLB VMD팀 국내 VMD 경력직 채용,"의류/패션/잡화디자인, 전시/공간디자인",경력 9~15년,정규직,서울,,2026-09-13,https://www.catch.co.kr/Comp/CompDetail/NZ2988/Recruit/568373,,2026-09-07 17:58:01
캐치,카카오뱅크,Developer Relations 어시스턴트 (체험형 인턴) 채용,"광고/시각디자인, 동영상제작/편집, 웹기획/PM/웹마케팅, 콘텐츠/사이트운영",신입,인턴,경기,,2026-09-09,https://www.catch.co.kr/Comp/CompDetail/HM8410/Recruit/568371,,2026-09-07 17:58:01
캐치,카카오뱅크,대출비교서비스 운영 담당자 (계약직) 채용,"경리/회계/결산, 기획/전략/경영, QA/테스트/검증",경력 2년↑,계약직,경기,,2026-09-15,https://www.catch.co.kr/Comp/CompDetail/HM8410/Recruit/568368,,2026-09-07 17:58:01
캐치,GS ITM,SAP ERP SCM모듈 운영/개발 담당자 채용,"네트워크/서버/보안, ERP/시스템개발/설계",경력 3년↑,정규직,서울,,2026-09-27,https://www.catch.co.kr/Comp/CompDetail/385861/Recruit/568367,,2026-09-07 17:58:01
캐치,카카오뱅크,SM 사업 관리 및 유지보수 담당자 (계약직) 채용,"네트워크/서버/보안, 웹기획/PM/웹마케팅, ERP/시스템개발/설계",경력 3년↑,계약직,경기,,2026-09-17,https://www.catch.co.kr/Comp/CompDetail/HM8410/Recruit/568366,,2026-09-07 17:58:01
캐치,휴온스바이오파마,공장 각 부문 신입 및 경력직 채용,"바이오/제약/식품, 빅데이터/AI, 사무/총무/법무, 사무보조/문서작성, 생산/제조/설비/조립, 생산관리/공정관리/품질관리, 설문/통계/리서치, 전기/소방/통신/안전, 전기/전자/제어",경력,기타,충북,,2026-09-28,https://www.catch.co.kr/Comp/CompDetail/MP2426/Recruit/568365,,2026-09-07 17:58:01
캐치,GS ITM,SAP Cloud ERP 영업 담당자 채용,"고객관리/인바운드, 기획/전략/경영, 영업관리/지원/영업기획, B2B영업/기술영업",경력 3년↑,정규직,서울,,2026-09-20,https://www.catch.co.kr/Comp/CompDetail/385861/Recruit/568364,,2026-09-07 17:58:01
캐치,멀티캠퍼스,중증 장애인 특별채용 (계약직) : 단시간 재택,콘텐츠/사이트운영,경력무관,계약직,서울,,2026-09-16,https://www.catch.co.kr/Comp/CompDetail/145888/Recruit/568362,,2026-09-07 17:58:01
캐치,허드슨첨단소재코리아,허드슨첨단소재코리아 제조직 채용 (품질),생산관리/공정관리/품질관리,경력무관,계약직,충북,,2026-10-27,https://www.catch.co.kr/Comp/CompDetail/A4598/Recruit/568361,,2026-09-07 17:58:01
캐치,컴투스,UI/UX 디자이너 (3년 이상) 채용,"게임, HTML/퍼블리싱/UI개발",경력 3년↑,정규직,서울,,2026-10-26,https://www.catch.co.kr/Comp/CompDetail/126321/Recruit/568359,,2026-09-07 17:58:01
캐치,한국전력공사,"2026년도 제1차 전문사무직원(조리원, 간호사, 차량정비사, 일반기능원) 채용","간호사, 사무/총무/법무, 요리/영양/제과제빵/바리스타, 전기/전자/제어, AS/서비스/수리, QA/테스트/검증",경력,정규직,전남광주/강원/충북/경북/서울/대전,,2026-09-10,https://www.catch.co.kr/Comp/CompDetail/400211/Recruit/568358,,2026-09-07 17:58:01
캐치,KT텔레캅,[kt telecop] 2026년 9차 KT텔레캅 SG사원 상시채용,"고객관리/인바운드, 네트워크/서버/보안, 시설/보안/경비/안전",신입,계약직,서울/경기/인천/강원/부산/경남/전남광주/전북/충남/충북/대구/경북,,2026-09-13,https://www.catch.co.kr/Comp/CompDetail/480449/Recruit/568354,,2026-09-07 17:58:01
캐치,한국여성인권진흥원,"2026년 제5차 (일반직2급(개방형), 일반직5급, 공무직, 기간제(휴직대체, 위탁사업 포함)) 채용","고객관리/인바운드, 기획/전략/경영, 네트워크/서버/보안, 마케팅/PR/분석, 사무/총무/법무, 인사/노무/교육",경력,정규직/계약직,서울,,2026-09-10,https://www.catch.co.kr/Comp/CompDetail/G27472/Recruit/568353,,2026-09-07 17:58:01
캐치,KT,2026년 경력채용 (보안심의),네트워크/서버/보안,경력 5년↑,정규직,경기,,2026-09-13,https://www.catch.co.kr/Comp/CompDetail/810193/Recruit/568349,,2026-09-07 17:58:01
캐치,포스코A&C,[전북 군산시] 기계/전기 분야(특급) 건설사업관리기술인(계약직) 채용,"건축/설계/인테리어, 자동차/조선/기계, 전기/전자/제어",경력,계약직,전북,,2026-09-30,https://www.catch.co.kr/Comp/CompDetail/039012/Recruit/568348,,2026-09-07 17:58:01
캐치,한국조세재정연구원,2026년도 제3차 체험형 청년인턴 신규채용,"사무/총무/법무, 사무보조/문서작성",신입,인턴,세종,,2026-09-10,https://www.catch.co.kr/Comp/CompDetail/048803/Recruit/568347,,2026-09-07 17:58:01
캐치,피제이전자,(주)피제이전자 SMT 공정운영 관리자 모집,생산/제조/설비/조립,경력 5년↑,정규직,인천,,2026-10-26,https://www.catch.co.kr/Comp/CompDetail/323152/Recruit/568344,,2026-09-07 17:58:01
캐치,피제이전자,(주)피제이전자 솔더링 공정운영 관리자 모집,생산/제조/설비/조립,경력 5년↑,정규직,인천,,2026-10-26,https://www.catch.co.kr/Comp/CompDetail/323152/Recruit/568343,,2026-09-07 17:58:01
캐치,에이피알,[영업] 해외 메디컬 영업 경력사원 모집,"무역영업/해외영업, 영업관리/지원/영업기획",경력 3년↑,정규직,서울,,2026-10-26,https://www.catch.co.kr/Comp/CompDetail/M23872/Recruit/568342,,2026-09-07 17:58:01
캐치,에이피알,[영업] 해외 메디컬 영업지원 경력사원 모집,"무역영업/해외영업, 영업관리/지원/영업기획",경력 5년↑,정규직,서울,,2026-10-26,https://www.catch.co.kr/Comp/CompDetail/M23872/Recruit/568341,,2026-09-07 17:58:02
캐치,롯데쇼핑,2026년 하반기 롯데백화점 신입사원 채용 #설명회,"마케팅/PR/분석, 상품기획/MD, 영업관리/지원/영업기획",신입,정규직,전국,,2026-09-10,https://www.catch.co.kr/Comp/CompDetail/620068/Recruit/568338,,2026-09-07 17:58:02
캐치,LF,[경영지원] 영업기획 채용,"기획/전략/경영, 영업관리/지원/영업기획",경력 7년↑,정규직,서울,,2026-10-26,https://www.catch.co.kr/Comp/CompDetail/479416/Recruit/568337,,2026-09-07 17:58:02
캐치,셀라니즈머티리얼즈코리아,"Senior Engineer, Application Development 채용","네트워크/서버/보안, 응용프로그램개발, ERP/시스템개발/설계",경력 5년↑,기타,서울,,2026-10-26,https://www.catch.co.kr/Comp/CompDetail/356271/Recruit/568336,,2026-09-07 17:58:02
캐치,스와로브스키코리아,CRM & Promotion Manager (정규직) 채용,"마케팅/PR/분석, 빅데이터/AI, 웨딩/행사/이벤트, 재무/세무/IR",경력 10년↑,정규직,서울,,2026-10-24,https://www.catch.co.kr/Comp/CompDetail/213812/Recruit/568335,,2026-09-07 17:58:02
캐치,LF,[패션] 수입브랜드 유통바이어 (이자벨마랑) 채용,"구매/자재/재고, 기획/전략/경영, 상품기획/MD",경력 5~9년,정규직,서울,,2026-10-26,https://www.catch.co.kr/Comp/CompDetail/479416/Recruit/568334,,2026-09-07 17:58:02
캐치,연합뉴스,2026년 그래픽뉴스기자 채용,"광고/시각디자인, 그래픽디자인/CG, 기자",경력,정규직,서울,,2026-09-11,https://www.catch.co.kr/Comp/CompDetail/341169/Recruit/568333,,2026-09-07 17:58:02
캐치,인동에프엔,신입/경력 수시 채용 [온라인MD(자사몰)],"구매/자재/재고, 기획/전략/경영, 마케팅/PR/분석, 상품기획/MD, 판매/캐셔/매장관리",경력 4~8년,정규직,서울,,2026-10-26,https://www.catch.co.kr/Comp/CompDetail/925306/Recruit/568332,,2026-09-07 17:58:02
캐치,악사손해보험,장기일반상품팀 상품 개발 및 위험률 관리 담당자 채용,"사무보조/문서작성, 상품기획/MD, 설문/통계/리서치, 채권/보험/보상/심사",경력 4년↑,정규직,서울,,2026-09-13,https://www.catch.co.kr/Comp/CompDetail/158989/Recruit/568329,,2026-09-07 17:58:02
캐치,인스파이어인티그레이티드리조트,[Arena Operations] House Operations Coordinator 채용,"공연/엔터테인먼트, 시설/보안/경비/안전, 웨딩/행사/이벤트",신입,정규직,인천,,2026-10-26,https://www.catch.co.kr/Comp/CompDetail/HF3448/Recruit/568324,,2026-09-07 17:58:02
캐치,인스파이어인티그레이티드리조트,[Arena Operations] Ticket Operations Senior Coordinator 채용 (4년 이상),"공연/엔터테인먼트, 웨딩/행사/이벤트",경력 4년↑,정규직,인천,,2026-10-26,https://www.catch.co.kr/Comp/CompDetail/HF3448/Recruit/568323,,2026-09-07 17:58:02
캐치,고위드,Finance Manager (관계사 재무·경영관리),"경리/회계/결산, 재무/세무/IR",경력 3~7년,정규직,서울,,2026-09-25,https://www.catch.co.kr/Comp/CompDetail/CD4276/Recruit/568322,,2026-09-07 17:58:02
캐치,서북,[포토이즘] 법무 및 컴플라이언스 총괄 담당자 채용,"법률/특허/상표, 사무/총무/법무",경력 7년↑,기타,서울,,2026-10-26,https://www.catch.co.kr/Comp/CompDetail/LC8770/Recruit/568321,,2026-09-07 17:58:02
캐치,인스파이어인티그레이티드리조트,"[IT] Systems Engineer (네트워크, 2년 이상) 채용","네트워크/서버/보안, ERP/시스템개발/설계, QA/테스트/검증",경력 2년↑,정규직,인천,,2026-10-26,https://www.catch.co.kr/Comp/CompDetail/HF3448/Recruit/568320,,2026-09-07 17:58:02
캐치,당근서비스,"CX Specialist, 대외민원운영팀 채용","고객관리/인바운드, 사무보조/문서작성, 영업관리/지원/영업기획",경력무관,계약직,서울,,2026-10-26,https://www.catch.co.kr/Comp/CompDetail/A6F91/Recruit/568319,,2026-09-07 17:58:02
캐치,데카트론코리아,[데카트론] 스포츠리더 채용,판매/캐셔/매장관리,경력무관,계약직,서울,,2026-09-11,https://www.catch.co.kr/Comp/CompDetail/121061/Recruit/568318,,2026-09-07 17:58:02
캐치,데카트론코리아,[데카트론코리아] 스포츠리더 - 월계점 매장 운영/관리 채용,판매/캐셔/매장관리,경력무관,계약직,서울,,2026-09-28,https://www.catch.co.kr/Comp/CompDetail/121061/Recruit/568317,,2026-09-07 17:58:02
캐치,폴라리스오피스,임원비서 (신입) 채용,사무/총무/법무,신입,정규직,서울,,2026-10-26,https://www.catch.co.kr/Comp/CompDetail/556556/Recruit/568315,,2026-09-07 17:58:02
캐치,한국투자공사,2026년 신입직원 채용 #공채,"기획/전략/경영, 네트워크/서버/보안, 마케팅/PR/분석, 사무/총무/법무, 설문/통계/리서치, 응용프로그램개발, 인사/노무/교육, 재무/세무/IR, 증권/투자/펀드/외환, ERP/시스템개발/설계",신입,정규직,서울,,2026-09-18,https://www.catch.co.kr/Comp/CompDetail/382465/Recruit/568314,,2026-09-07 17:58:02
캐치,엠즈씨드,[폴 바셋] 강남지역 바리스타 채용,요리/영양/제과제빵/바리스타,경력 1년↑,정규직,서울,,2026-10-26,https://www.catch.co.kr/Comp/CompDetail/J23379/Recruit/568313,,2026-09-07 17:58:02
캐치,하나증권,구로금융영업소 경력직 채용,"고객관리/인바운드, 사무/총무/법무, 영업관리/지원/영업기획",경력 2년↑,계약직,서울,,2026-09-09,https://www.catch.co.kr/Comp/CompDetail/147568/Recruit/568308,,2026-09-07 17:58:02
캐치,하나증권,연금전략실 경력직 채용,"경영분석/컨설턴트, 마케팅/PR/분석, 영업관리/지원/영업기획, 일반영업",경력 3년↑,계약직,서울,,2026-09-09,https://www.catch.co.kr/Comp/CompDetail/147568/Recruit/568306,,2026-09-07 17:58:02
캐치,인동에프엔,신입/경력 수시 채용 [CS],"고객관리/인바운드, 사무보조/문서작성, 콘텐츠/사이트운영",경력 4년↓,정규직/인턴,서울,,2026-10-26,https://www.catch.co.kr/Comp/CompDetail/925306/Recruit/568305,,2026-09-07 17:58:02
캐치,더프리마,[프론트](주)더프리마 호텔 종로 채용공고(신입/경력),여행/항공/숙박/레저,경력,계약직,서울,,2026-09-13,https://www.catch.co.kr/Comp/CompDetail/790508/Recruit/568303,,2026-09-07 17:58:02
캐치,동성케미컬,연구소 연구6그룹 연구원 채용,"바이오/제약/식품, 화학/에너지/환경",경력 3~6년,정규직,경기,,2026-10-26,https://www.catch.co.kr/Comp/CompDetail/C13561/Recruit/568300,,2026-09-07 17:58:02
캐치,이상네트웍스,[코스닥상장] 재무/회계 분야 10년 이상 경력직 채용,"경리/회계/결산, 재무/세무/IR",경력 10년↑,정규직,서울,,2026-09-10,https://www.catch.co.kr/Comp/CompDetail/165944/Recruit/568296,,2026-09-07 17:58:02
캐치,솔루스첨단소재,OLED 구매팀 대리~과장급 팀원 채용,구매/자재/재고,경력 4년↑,정규직,경기,,2026-10-26,https://www.catch.co.kr/Comp/CompDetail/JU2570/Recruit/568295,,2026-09-07 17:58:02
캐치,씨엠에스랩,[셀퓨전씨] 온라인 커머스 MD (버티컬 플랫폼) 채용,"구매/자재/재고, 상품기획/MD, 콘텐츠/사이트운영",경력 3년↑,정규직,서울,,2026-10-26,https://www.catch.co.kr/Comp/CompDetail/F37176/Recruit/568294,,2026-09-07 17:58:02
캐치,씨엠에스랩,[셀퓨전씨] 면세 채널 영업 담당자 채용,"영업관리/지원/영업기획, 일반영업",경력 7년↑,정규직,서울,,2026-10-26,https://www.catch.co.kr/Comp/CompDetail/F37176/Recruit/568293,,2026-09-07 17:58:02
캐치,솔루스첨단소재,OLED 연구소 유기개발 3팀 사원급 팀원 채용,"설문/통계/리서치, 화학/에너지/환경",경력 2년↓,정규직,경기,,2026-10-26,https://www.catch.co.kr/Comp/CompDetail/JU2570/Recruit/568291,,2026-09-07 17:58:02
캐치,씨엠에스랩,[셀퓨전씨] 글로벌 인플루언서 마케터 (북미) 채용,"기획/전략/경영, 마케팅/PR/분석",경력 3년↑,정규직,서울,,2026-10-26,https://www.catch.co.kr/Comp/CompDetail/F37176/Recruit/568290,,2026-09-07 17:58:03
캐치,솔루스첨단소재,PR파트 대리~차장급 팀원 채용,"기획/전략/경영, 마케팅/PR/분석",경력 7년↑,정규직,경기,,2026-10-26,https://www.catch.co.kr/Comp/CompDetail/JU2570/Recruit/568289,,2026-09-07 17:58:03
캐치,씨엠에스랩,[셀퓨전씨] 글로벌 B2B 영업 담당자 채용,"무역영업/해외영업, B2B영업/기술영업",경력 5년↑,정규직,서울,,2026-10-26,https://www.catch.co.kr/Comp/CompDetail/F37176/Recruit/568288,,2026-09-07 17:58:03
캐치,솔루스첨단소재,경영지원팀 과장~차장급 팀원 채용,"기획/전략/경영, 인사/노무/교육",경력 10년↑,정규직,경기,,2026-10-26,https://www.catch.co.kr/Comp/CompDetail/JU2570/Recruit/568287,,2026-09-07 17:58:03
캐치,버킷플레이스,PB 브랜드 커머스 콘텐츠 PM (계약직),마케팅/PR/분석,경력무관,계약직,서울,,2026-10-26,https://www.catch.co.kr/Comp/CompDetail/A0418/Recruit/568285,,2026-09-07 17:58:03
캐치,솔루스첨단소재,[Volta Energy Solutions Hungary] 공정기술파트 과장급 파트리더 팀원 채용,"생산관리/공정관리/품질관리, 전기/전자/제어",경력 7년↑,정규직,헝가리,,2026-10-26,https://www.catch.co.kr/Comp/CompDetail/JU2570/Recruit/568284,,2026-09-07 17:58:03
캐치,발렉스서비스,[이천-HR지원팀]이천 SK하이닉스 내  단지  교통 신호수 정규직 채용,시설/보안/경비/안전,경력무관,정규직,경기,,2026-10-26,https://www.catch.co.kr/Comp/CompDetail/F28138/Recruit/568282,,2026-09-07 17:58:03
캐치,콜마비앤에이치,세종3공장 패키징 외주관리 경력 채용 (채용시 마감),"기획/전략/경영, 생산/제조/설비/조립, 생산관리/공정관리/품질관리",경력 3~5년,기타,세종,,2026-12-31,https://www.catch.co.kr/Comp/CompDetail/L73318/Recruit/568280,,2026-09-07 17:58:03
캐치,콜마비앤에이치,음성공장 환경안전관리 신입/경력 채용 (채용시 마감),"전기/소방/통신/안전, 화학/에너지/환경, 환경/플랜트",경력 5년↓,기타,충북,,2026-12-31,https://www.catch.co.kr/Comp/CompDetail/L73318/Recruit/568279,,2026-09-07 17:58:03
캐치,KCC글라스,부문별 신입/경력사원 수시채용,"구매/자재/재고, 기계설계/CAD/CAM, 배송/택배/운전, 생산/제조/설비/조립, 생산관리/공정관리/품질관리, 시설/보안/경비/안전, 응용프로그램개발, 재무/세무/IR, 전기/전자/제어, ERP/시스템개발/설계",경력,정규직/계약직,서울/경기/세종/전국,,2026-10-26,https://www.catch.co.kr/Comp/CompDetail/JX9294/Recruit/568277,,2026-09-07 17:58:03
캐치,제이비,"(화물차기사모집)직장스트레스NO, 안정된 수입과 고정노선, 5톤 윙바디","배송/택배/운전, 화물/중장비",경력무관,계약직,경기,,2026-09-11,https://www.catch.co.kr/Comp/CompDetail/I35120/Recruit/568276,,2026-09-07 17:58:03
캐치,씨티알,CTR 전장사업부문 전장영업팀 자동차 전장부품 영업 (안양) 경력직 채용,"기획/전략/경영, 자동차/조선/기계, B2B영업/기술영업",경력 5년↑,정규직,경기,,2026-09-30,https://www.catch.co.kr/Comp/CompDetail/385360/Recruit/568274,,2026-09-07 17:58:03
캐치,씨티알,CTR 전장사업부문 구매팀 구매개발(천안) 경력직 채용,"구매/자재/재고, 기계설계/CAD/CAM, 자동차/조선/기계",경력 5년↑,정규직,충남,,2026-09-30,https://www.catch.co.kr/Comp/CompDetail/385360/Recruit/568273,,2026-09-07 17:58:03
캐치,세정,[OVLR] 여주물류센터 물류현장직 정규직 채용,배송/택배/운전,경력,정규직,경기,,2026-09-09,https://www.catch.co.kr/Comp/CompDetail/987263/Recruit/568272,,2026-09-07 17:58:03
캐치,경남은행,기술신용평가 전문인력 채용,"사무/총무/법무, 증권/투자/펀드/외환",경력,계약직,경남,,2026-09-09,https://www.catch.co.kr/Comp/CompDetail/L76496/Recruit/568271,,2026-09-07 17:58:03
캐치,LG에너지솔루션,2026년 하반기(9월) 신입사원 수시채용 #공채,"마케팅/PR/분석, 빅데이터/AI, 생산관리/공정관리/품질관리, 응용프로그램개발, 자동차/조선/기계, 전기/전자/제어, 화학/에너지/환경, B2B영업/기술영업, ERP/시스템개발/설계",신입,정규직,대전/서울/충북/경기,,2026-09-10,https://www.catch.co.kr/Comp/CompDetail/LZ0049/Recruit/568269,,2026-09-07 17:58:03
캐치,샘표식품,대리점 영업 및 관리(광주·전남) (정규직) 채용,"마케팅/PR/분석, 영업관리/지원/영업기획, 일반영업",경력 2~10년,정규직,전남광주,,2026-09-13,https://www.catch.co.kr/Comp/CompDetail/HR7687/Recruit/568268,,2026-09-07 17:58:03
캐치,디와이덕양,2026 08 - 수시 - 인턴 - 선행품질 채용,"기계설계/CAD/CAM, 생산관리/공정관리/품질관리, 자동차/조선/기계, 전기/전자/제어",신입,인턴,울산,,2026-09-09,https://www.catch.co.kr/Comp/CompDetail/385190/Recruit/568267,,2026-09-07 17:58:03
캐치,안국약품,전문의약품 마케팅 PM (호흡기) 수시채용,"기획/전략/경영, 마케팅/PR/분석, 바이오/제약/식품",경력 3~7년,정규직,경기,,2026-09-24,https://www.catch.co.kr/Comp/CompDetail/350630/Recruit/568264,,2026-09-07 17:58:03
캐치,넥스트증권,부문별 채용,"네트워크/서버/보안, 빅데이터/AI, 웹기획/PM/웹마케팅, 응용프로그램개발, 재무/세무/IR, 증권/투자/펀드/외환, DBA/데이터베이스, ERP/시스템개발/설계, HTML/퍼블리싱/UI개발",경력,정규직/계약직,서울,,2026-10-26,https://www.catch.co.kr/Comp/CompDetail/PV4051/Recruit/568263,,2026-09-07 17:58:03
캐치,동원에프앤비,급여 담당자 채용 (서울 양재),"경리/회계/결산, 사무/총무/법무",경력 3년↑,계약직,서울,,2026-10-26,https://www.catch.co.kr/Comp/CompDetail/152859/Recruit/568262,,2026-09-07 17:58:03
캐치,동원에프앤비,원천세 담당자 채용 (서울 양재),재무/세무/IR,경력 1년↑,정규직/계약직,서울,,2026-10-26,https://www.catch.co.kr/Comp/CompDetail/152859/Recruit/568261,,2026-09-07 17:58:03
캐치,카카오페이,[어시스턴트] 카카오페이 광고 운영 지원 채용,"마케팅/PR/분석, 사무보조/문서작성",신입,인턴,경기,,2026-10-26,https://www.catch.co.kr/Comp/CompDetail/IP1707/Recruit/568257,,2026-09-07 17:58:03
캐치,우리은행,2026년 하반기 신입행원 채용 (보훈) #공채,"사무/총무/법무, 사무보조/문서작성, 영업관리/지원/영업기획",신입,기타,서울,,2026-09-08,https://www.catch.co.kr/Comp/CompDetail/840149/Recruit/568256,,2026-09-07 17:58:03
캐치,카카오페이,[어시스턴트] 일반 총무 업무 지원 채용,"구매/자재/재고, 사무/총무/법무",신입,인턴,경기,,2026-10-26,https://www.catch.co.kr/Comp/CompDetail/IP1707/Recruit/568255,,2026-09-07 17:58:03
캐치,우리은행,2026년 하반기 신입행원 채용 (글로벌 부문) #공채,"경영분석/컨설턴트, 기획/전략/경영, 무역영업/해외영업, 영업관리/지원/영업기획",신입,기타,서울/전국,,2026-09-08,https://www.catch.co.kr/Comp/CompDetail/840149/Recruit/568254,,2026-09-07 17:58:03
캐치,카카오페이,[어시스턴트] 대출 마케팅 업무 운영 지원 채용,마케팅/PR/분석,신입,인턴,경기,,2026-10-26,https://www.catch.co.kr/Comp/CompDetail/IP1707/Recruit/568253,,2026-09-07 17:58:03
캐치,우리은행,2026년 하반기 신입행원 채용 (전문 부문 특별 채용) #공채,"경리/회계/결산, 법률/특허/상표, 사무/총무/법무, 세무/회계/CPA, 외국어/번역/통역, 재무/세무/IR",신입,기타,서울/전국,,2026-09-08,https://www.catch.co.kr/Comp/CompDetail/840149/Recruit/568252,,2026-09-07 17:58:03
캐치,카카오페이,데이터 엔지니어 - 데이터 플랫폼 채용,"빅데이터/AI, DBA/데이터베이스",신입,정규직,경기,,2026-10-26,https://www.catch.co.kr/Comp/CompDetail/IP1707/Recruit/568251,,2026-09-07 17:58:03
캐치,펄어비스,[인턴십] QA Beginner 인턴십 모집,게임,신입,인턴,경기,,2026-09-18,https://www.catch.co.kr/Comp/CompDetail/G71255/Recruit/568250,,2026-09-07 17:58:03
캐치,우리은행,2026년 하반기 신입행원 채용(TECH 부문) #공채,"네트워크/서버/보안, 웹개발, 응용프로그램개발, ERP/시스템개발/설계",신입,기타,서울/전국,,2026-09-08,https://www.catch.co.kr/Comp/CompDetail/840149/Recruit/568249,,2026-09-07 17:58:04
캐치,파수에이아이,[파수AI] OT/ICS 보안 데이터 분석 및 플랫폼 개발 채용,"네트워크/서버/보안, 빅데이터/AI, 웹개발, DBA/데이터베이스, ERP/시스템개발/설계",경력 5년↑,기타,서울,,2026-10-19,https://www.catch.co.kr/Comp/CompDetail/161923/Recruit/568248,,2026-09-07 17:58:04
캐치,쿠쿠홀딩스,2026년 3분기 경력사원 수시 채용,"고객관리/인바운드, 기획/전략/경영, 사무/총무/법무, 영업관리/지원/영업기획, 재무/세무/IR",경력,기타,서울,,2026-09-09,https://www.catch.co.kr/Comp/CompDetail/387193/Recruit/568247,,2026-09-07 17:58:04
캐치,콘텐츠퍼스트,[Intern] Brand Growth Assistant,마케팅/PR/분석,경력무관,인턴,서울,,2026-10-26,https://www.catch.co.kr/Comp/CompDetail/I76960/Recruit/568246,,2026-09-07 17:58:04
캐치,한국생산기술연구원,2026년 제28차 직원(박사후연구원) 공개채용,"기계설계/CAD/CAM, 바이오/제약/식품, 반도체/디스플레이, 빅데이터/AI, 응용프로그램개발, 자동차/조선/기계, 전기/전자/제어, 화학/에너지/환경",신입,계약직,인천/경기/충남/전남광주/강원/울산/제주,,2026-09-08,https://www.catch.co.kr/Comp/CompDetail/136000/Recruit/568245,,2026-09-07 17:58:04
캐치,사조푸디스트,[사조푸디스트(주)/합정] 유통영업관리 경력사원 모집,"일반영업, B2B영업/기술영업",경력,정규직,서울,,2026-09-09,https://www.catch.co.kr/Comp/CompDetail/JZ9295/Recruit/568244,,2026-09-07 17:58:04
캐치,한국생산기술연구원,2026년 제28차 직원(체험형인턴) 공개채용,"기계설계/CAD/CAM, 바이오/제약/식품, 반도체/디스플레이, 빅데이터/AI, 사무/총무/법무, 응용프로그램개발, 자동차/조선/기계, 전기/전자/제어, 화학/에너지/환경, ERP/시스템개발/설계, QA/테스트/검증",신입,인턴,인천/경기/서울/충남/전남광주/대구/경북/강원/울산/전국,,2026-09-08,https://www.catch.co.kr/Comp/CompDetail/136000/Recruit/568243,,2026-09-07 17:58:04
캐치,두산퓨얼셀,연료전지 원격 운전/모니터링 인턴 채용,"고객관리/인바운드, 전기/소방/통신/안전, 전기/전자/제어, AS/서비스/수리",신입,인턴,서울,,2026-09-13,https://www.catch.co.kr/Comp/CompDetail/JU0606/Recruit/568240,,2026-09-07 17:58:04
캐치,에어퍼스트,IT Manager 채용,"네트워크/서버/보안, 사무/총무/법무, 웹기획/PM/웹마케팅, ERP/시스템개발/설계",경력 10년↑,정규직,서울,,2026-10-26,https://www.catch.co.kr/Comp/CompDetail/400238/Recruit/568237,,2026-09-07 17:58:04
캐치,동원시스템즈,첨단필름사업부문 생산관리 수시 채용,"구매/자재/재고, 생산관리/공정관리/품질관리",경력 3년↑,계약직,충남,,2026-10-26,https://www.catch.co.kr/Comp/CompDetail/388742/Recruit/568231,,2026-09-07 17:58:04
캐치,두산로보틱스, Fullstack Developer 채용,"네트워크/서버/보안, 웹개발, 응용프로그램개발",경력 5년↑,기타,경기,,2026-09-30,https://www.catch.co.kr/Comp/CompDetail/HH7744/Recruit/568230,,2026-09-07 17:58:04
캐치,현대자동차,[AVP] 모빌리티 서비스 Frontend Engineer 채용,웹개발,경력 8년↑,기타,서울,,2026-10-26,https://www.catch.co.kr/Comp/CompDetail/380954/Recruit/568223,,2026-09-07 17:58:04
캐치,우리은행,2026년 하반기 신입행원 채용(우리투게더 부문) #공채,"경영분석/컨설턴트, 일반영업, 증권/투자/펀드/외환, 판매/캐셔/매장관리",신입,기타,서울/경기/인천,,2026-09-08,https://www.catch.co.kr/Comp/CompDetail/840149/Recruit/568222,,2026-09-07 17:58:04
캐치,현대자동차,[AVP] 모빌리티 플랫폼 UX 기획 채용,"기획/전략/경영, 네트워크/서버/보안, 웹기획/PM/웹마케팅, ERP/시스템개발/설계",경력 5년↑,기타,서울,,2026-10-26,https://www.catch.co.kr/Comp/CompDetail/380954/Recruit/568220,,2026-09-07 17:58:04
캐치,현대자동차,[로보틱스랩] 학습 기반 Bi-Manipulator 제어 채용,"기계설계/CAD/CAM, 빅데이터/AI, 응용프로그램개발, ERP/시스템개발/설계",경력 5년↑,기타,경기,,2026-10-26,https://www.catch.co.kr/Comp/CompDetail/380954/Recruit/568219,,2026-09-07 17:58:04
캐치,우리은행,2026년 하반기 신입행원 채용 (기업금융/개인금융 부문) #공채,"경영분석/컨설턴트, 증권/투자/펀드/외환, 판매/캐셔/매장관리",신입,기타,서울/경기/인천,,2026-09-08,https://www.catch.co.kr/Comp/CompDetail/840149/Recruit/568218,,2026-09-07 17:58:04
캐치,현대자동차,NPU 딥러닝 컴파일러 개발 채용,"기계설계/CAD/CAM, 빅데이터/AI, 응용프로그램개발, ERP/시스템개발/설계",경력 2년↑,기타,경기,,2026-10-26,https://www.catch.co.kr/Comp/CompDetail/380954/Recruit/568217,,2026-09-07 17:58:04
캐치,현대자동차,[통합보안] 보안점검(분석) 채용,네트워크/서버/보안,경력 1년↑,기타,서울,,2026-10-26,https://www.catch.co.kr/Comp/CompDetail/380954/Recruit/568216,,2026-09-07 17:58:04
캐치,현대자동차,NPU 아키텍처 설계 채용,"기계설계/CAD/CAM, 빅데이터/AI, 응용프로그램개발, ERP/시스템개발/설계",경력 2년↑,기타,경기,,2026-10-26,https://www.catch.co.kr/Comp/CompDetail/380954/Recruit/568215,,2026-09-07 17:58:04
캐치,현대자동차,기아 외장 디자이너 채용,"자동차/조선/기계, 제품/산업디자인",경력 3년↑,기타,경기,,2026-10-26,https://www.catch.co.kr/Comp/CompDetail/380954/Recruit/568214,,2026-09-07 17:58:04
캐치,현대자동차,배터리 품질기술 개발 (셀) 채용,"네트워크/서버/보안, 빅데이터/AI, 생산관리/공정관리/품질관리",경력 3년↑,기타,경기,,2026-10-27,https://www.catch.co.kr/Comp/CompDetail/380954/Recruit/568213,,2026-09-07 17:58:04
캐치,현대자동차,신사업 기회 발굴 및 전략 리서치 채용,"기획/전략/경영, 설문/통계/리서치",경력 10년↑,기타,서울,,2026-10-26,https://www.catch.co.kr/Comp/CompDetail/380954/Recruit/568212,,2026-09-07 17:58:04
캐치,어플라이드머티어리얼즈코리아,[신입] Metrology Algorithm Developer (석/박사) 채용,"빅데이터/AI, 응용프로그램개발, DBA/데이터베이스, ERP/시스템개발/설계",신입,기타,경기,,2026-09-09,https://www.catch.co.kr/Comp/CompDetail/017598/Recruit/568211,,2026-09-07 17:58:04
캐치,현대자동차,배터리 제조운영 (전극) 채용,"생산/제조/설비/조립, 생산관리/공정관리/품질관리, 전기/소방/통신/안전",경력 3년↑,기타,경기,,2026-10-27,https://www.catch.co.kr/Comp/CompDetail/380954/Recruit/568210,,2026-09-07 17:58:04
캐치,현대자동차,[AVP] 모빌리티 서비스 Data Engineer 채용,"웹개발, DBA/데이터베이스",경력 3년↑,기타,서울,,2026-10-27,https://www.catch.co.kr/Comp/CompDetail/380954/Recruit/568209,,2026-09-07 17:58:04
캐치,현대자동차,[계약직] 현대/제네시스 인증 중고차 컨택센터 고객상담 채용,고객관리/인바운드,경력,계약직,서울,,2026-10-26,https://www.catch.co.kr/Comp/CompDetail/380954/Recruit/568208,,2026-09-07 17:58:04
캐치,어플라이드머티어리얼즈코리아,[신입] MesoVision Algorithm Developer (석/박사) 채용,"빅데이터/AI, 응용프로그램개발, DBA/데이터베이스, ERP/시스템개발/설계",신입,기타,경기,,2026-09-09,https://www.catch.co.kr/Comp/CompDetail/017598/Recruit/568207,,2026-09-07 17:58:04
캐치,현대자동차,[AVP] 모빌리티 플랫폼 Infra Engineer 채용,"네트워크/서버/보안, ERP/시스템개발/설계",경력 3년↑,기타,서울,,2026-10-27,https://www.catch.co.kr/Comp/CompDetail/380954/Recruit/568206,,2026-09-07 17:58:04
캐치,현대자동차,[AVP] 모빌리티 서비스 UI 디자이너 채용,HTML/퍼블리싱/UI개발,경력 5년↑,기타,서울,,2026-10-27,https://www.catch.co.kr/Comp/CompDetail/380954/Recruit/568205,,2026-09-07 17:58:04
캐치,어플라이드머티어리얼즈코리아,[신입] AGS Account Sales - Semiconductor Service Business 채용,"고객관리/인바운드, 영업관리/지원/영업기획, 일반영업",신입,기타,경기,,2026-09-09,https://www.catch.co.kr/Comp/CompDetail/017598/Recruit/568204,,2026-09-07 17:58:04
캐치,어플라이드머티어리얼즈코리아,[신입] Non-Technical Project/Program Management 채용,"사무/총무/법무, 사무보조/문서작성, 영업관리/지원/영업기획",신입,기타,경기,,2026-09-09,https://www.catch.co.kr/Comp/CompDetail/017598/Recruit/568203,,2026-09-07 17:58:06
캐치,어플라이드머티어리얼즈코리아,[신입] Application Engineer (ETCH/DDP) 채용,"반도체/디스플레이, 빅데이터/AI, 전기/전자/제어, QA/테스트/검증",신입,기타,경기,,2026-09-09,https://www.catch.co.kr/Comp/CompDetail/017598/Recruit/568202,,2026-09-07 17:58:06
캐치,SK케미칼,의약품 생산·포장 공정관리 담당자 경력 채용,"생산/제조/설비/조립, 생산관리/공정관리/품질관리",경력 3년↑,계약직,충북,,2026-09-12,https://www.catch.co.kr/Comp/CompDetail/IW7328/Recruit/568201,,2026-09-07 17:58:06
캐치,아주산업,2026년 부동산 개발사업 채용,"부동산/중개/분양/경매, 사무/총무/법무",경력,기타,서울,,2026-09-13,https://www.catch.co.kr/Comp/CompDetail/PR3122/Recruit/568199,,2026-09-07 17:58:06
캐치,에스케이시그넷,[천안/호남·제주] 전기공사 현장대리인 채용,"건축/설계/인테리어, 생산관리/공정관리/품질관리, 전기/소방/통신/안전, 전기/전자/제어",경력,계약직,전남광주/충남/제주,,2026-10-26,https://www.catch.co.kr/Comp/CompDetail/IL7179/Recruit/568198,,2026-09-07 17:58:06
캐치,과천도시공사,"2026년 하반기 직원(일반직_기간제, 업무직, 청년인턴) 채용","건축/설계/인테리어, 교육기획/교재, 배송/택배/운전, 사무/총무/법무, 전문직업/자격증/IT강사, 주차/세차/주유, 청소/가사/육아",경력,정규직/인턴/계약직,경기,,2026-09-07,https://www.catch.co.kr/Comp/CompDetail/296981/Recruit/568197,,2026-09-07 17:58:06
캐치,강해상사,[강해상사 주식회사] 해외영업 포지션 채용,무역영업/해외영업,경력무관,정규직,서울,,2026-09-26,https://www.catch.co.kr/Comp/CompDetail/AEB5C/Recruit/568195,,2026-09-07 17:58:06
캐치,데상트코리아,[경력] 전산 시스템 개발 및 유지보수 담당 경력사원 채용,"네트워크/서버/보안, 웹개발, 응용프로그램개발, ERP/시스템개발/설계",경력 1~5년,정규직,서울,,2026-09-30,https://www.catch.co.kr/Comp/CompDetail/092449/Recruit/568191,,2026-09-07 17:58:06
캐치,데상트코리아,[경력] 엄브로 신발디자인 경력사원 채용,의류/패션/잡화디자인,경력 3~10년,정규직,서울,,2026-09-30,https://www.catch.co.kr/Comp/CompDetail/092449/Recruit/568188,,2026-09-07 17:58:06
캐치,컬리,온라인 마케팅/프로모션 디자이너,콘텐츠/사이트운영,경력 5년↑,정규직,서울,,2026-10-26,https://www.catch.co.kr/Comp/CompDetail/CC1408/Recruit/568186,,2026-09-07 17:58:06
캐치,크레비스파트너스,[디지털 인텔리전스] inspire/d 디자인 인턴,"그래픽디자인/CG, 디자인기타",신입,인턴,서울,,2026-09-09,https://www.catch.co.kr/Comp/CompDetail/238896/Recruit/568185,,2026-09-07 17:58:06
캐치,데상트코리아,[경력] 골프사업부 그래픽 디자인 경력사원 채용,그래픽디자인/CG,경력 5~15년,정규직,서울,,2026-09-30,https://www.catch.co.kr/Comp/CompDetail/092449/Recruit/568184,,2026-09-07 17:58:06
캐치,에이프로젠,바이오사업부 총무팀 계약직 채용,"경리/회계/결산, 사무/총무/법무, 사무보조/문서작성",경력,계약직,경기,,2026-09-07,https://www.catch.co.kr/Comp/CompDetail/512281/Recruit/568183,,2026-09-07 17:58:06
캐치,캐럿글로벌,[캐럿솔루션즈] 브랜드 인하우스 콘텐츠 마케터,"기획/전략/경영, 마케팅/PR/분석, 영상/사진/촬영, 웹기획/PM/웹마케팅, 콘텐츠/사이트운영",경력 3년↑,정규직,서울,,2026-10-26,https://www.catch.co.kr/Comp/CompDetail/H29111/Recruit/568180,,2026-09-07 17:58:06
캐치,티맵모빌리티,Automotive Test Manager 채용,QA/테스트/검증,경력 3년↑,정규직,서울,,2026-12-31,https://www.catch.co.kr/Comp/CompDetail/MB8295/Recruit/568178,,2026-09-07 17:58:06
캐치,SK키파운드리,정보보안 경력 채용,네트워크/서버/보안,경력 4년↑,정규직,충북,,2026-09-13,https://www.catch.co.kr/Comp/CompDetail/LE2261/Recruit/568177,,2026-09-07 17:58:06
캐치,윕스,(주)윕스 전산/네트워크/시설관리 담당자 모집 (계약직),사무/총무/법무,경력무관,계약직,대전,,2026-09-08,https://www.catch.co.kr/Comp/CompDetail/124859/Recruit/568173,,2026-09-07 17:58:06
캐치,동성케미컬,기획조정실 전략투자분석 경력사원 채용,기획/전략/경영,경력 6년↑,정규직,서울,,2026-09-09,https://www.catch.co.kr/Comp/CompDetail/C13561/Recruit/568168,,2026-09-07 17:58:06
캐치,LS증권,경력직 수시채용 (리스크관리 부문),"사무/총무/법무, 증권/투자/펀드/외환",경력 7년↑,계약직,서울,,2026-09-09,https://www.catch.co.kr/Comp/CompDetail/127283/Recruit/568167,,2026-09-07 17:58:06
캐치,동성케미컬,지속가능경영실 홍보팀 Media Relations Lead 채용,"마케팅/PR/분석, 웹기획/PM/웹마케팅",경력 8년↑,정규직,서울,,2026-09-08,https://www.catch.co.kr/Comp/CompDetail/C13561/Recruit/568166,,2026-09-07 17:58:06
캐치,모두의연구소,[모두의연구소] 기업 채용 우대조건을 내 스펙으로! 아이펠 AI 리서처 트랙 20기,"빅데이터/AI, DBA/데이터베이스",경력무관,교육생,서울,,2026-10-16,https://www.catch.co.kr/Comp/CompDetail/HL2817/Recruit/568165,,2026-09-07 17:58:06
캐치,LS증권,경력직 수시채용 (고객만족센터(인바운드)),고객관리/인바운드,경력 1년↑,계약직,서울,,2026-09-09,https://www.catch.co.kr/Comp/CompDetail/127283/Recruit/568164,,2026-09-07 17:58:06
캐치,동성케미컬,재무실 자금세무팀 (G.Tax/국제조세) 경력사원 채용,"사무/총무/법무, 재무/세무/IR",경력 6~10년,정규직,부산,,2026-09-08,https://www.catch.co.kr/Comp/CompDetail/C13561/Recruit/568163,,2026-09-07 17:58:06
캐치,모두의연구소,[정규직] K-하이테크 플랫폼 사업 총괄 (정부지원사업·HRD-Net 경험자),교육기획/교재,경력 5년↑,정규직,서울,,2026-09-26,https://www.catch.co.kr/Comp/CompDetail/HL2817/Recruit/568162,,2026-09-07 17:58:06
캐치,한국해양수산개발원,2026년 제1차 공무직(안전관리자) 채용,"시설/보안/경비/안전, 전기/소방/통신/안전",경력 5년↑,계약직,부산,,2026-09-15,https://www.catch.co.kr/Comp/CompDetail/182465/Recruit/568161,,2026-09-07 17:58:06
캐치,모두의연구소,[정규직] 테크 커뮤니티 매니저 (커뮤니티 기획·운영),"고객관리/인바운드, 기획/전략/경영",경력 3년↓,정규직,서울,,2026-09-26,https://www.catch.co.kr/Comp/CompDetail/HL2817/Recruit/568157,,2026-09-07 17:58:06
캐치,케이피에프,화스너품질경영팀(신입 또는 경력) 채용,"사무/총무/법무, 생산관리/공정관리/품질관리",경력,정규직,충북,,2026-09-11,https://www.catch.co.kr/Comp/CompDetail/383937/Recruit/568153,,2026-09-07 17:58:06
캐치,디와이덕양,2026 08 - 수시 - 경력 - 내외장개발 채용,"기계설계/CAD/CAM, 자동차/조선/기계, 전기/전자/제어",경력 3년↑,계약직,울산,,2026-09-09,https://www.catch.co.kr/Comp/CompDetail/385190/Recruit/568152,,2026-09-07 17:58:06
캐치,와이지플러스,[YG PLUS] 오프라인 리테일팀 : MD 리테일사업,상품기획/MD,경력 5~10년,정규직,서울,,2026-10-31,https://www.catch.co.kr/Comp/CompDetail/079201/Recruit/568151,,2026-09-07 17:58:06
캐치,미래엔,HR 기획/데이터분석 담당 경력직 채용 (5~10년),"기획/전략/경영, 빅데이터/AI, 인사/노무/교육",경력 5~10년,정규직,서울,,2026-09-14,https://www.catch.co.kr/Comp/CompDetail/340170/Recruit/568150,,2026-09-07 17:58:06
캐치,덕산하이메탈,각 부문별 연구직 채용,"기획/전략/경영, 설문/통계/리서치, 화학/에너지/환경",경력무관,정규직,울산,,2026-09-10,https://www.catch.co.kr/Comp/CompDetail/157149/Recruit/568148,,2026-09-07 17:58:07
캐치,정상제이엘에스,"정상수학학원 초/중선생님 채용 (대치,분당,목동,수서,동탄,광진,강동)",초중고/특수학교,경력,계약직,서울/경기,,2026-09-11,https://www.catch.co.kr/Comp/CompDetail/065915/Recruit/568146,,2026-09-07 17:58:07
캐치,덕산하이메탈,각 부문별 사무직 채용,"구매/자재/재고, 생산관리/공정관리/품질관리, 인사/노무/교육, 전기/전자/제어, ERP/시스템개발/설계",경력,정규직,울산,,2026-09-10,https://www.catch.co.kr/Comp/CompDetail/157149/Recruit/568145,,2026-09-07 17:58:07
캐치,CJ프레시웨이,[CJ프레시웨이] 상품 사무지원(계약직) 경력사원 모집,"사무/총무/법무, 사무보조/문서작성",경력 1년↑,계약직,서울,,2026-09-10,https://www.catch.co.kr/Comp/CompDetail/157210/Recruit/568143,,2026-09-07 17:58:07
캐치,DN솔루션즈,[경력] 품질 - 글로벌 제품인증 경력사원 채용,"사무/총무/법무, 사무보조/문서작성, 생산관리/공정관리/품질관리",경력 5년↑,기타,경남,,2026-09-09,https://www.catch.co.kr/Comp/CompDetail/HO2341/Recruit/568142,,2026-09-07 17:58:07
캐치,카카오페이손해보험,PR·콘텐츠 어시스턴트 채용,"기획/전략/경영, 마케팅/PR/분석, 콘텐츠/사이트운영",신입,계약직,경기,,2026-09-08,https://www.catch.co.kr/Comp/CompDetail/OQ9089/Recruit/568140,,2026-09-07 17:58:07
캐치,대한제분,영업지점(대전) 경력직 채용,"마케팅/PR/분석, 영업관리/지원/영업기획",경력 1~2년,정규직,대전,,2026-09-16,https://www.catch.co.kr/Comp/CompDetail/310590/Recruit/568139,,2026-09-07 17:58:07
캐치,모두의연구소,[모두의연구소] AI 교육 퍼실리테이터 (학습코치),교육기획/교재,경력 2년↑,계약직,서울,,2026-09-26,https://www.catch.co.kr/Comp/CompDetail/HL2817/Recruit/568138,,2026-09-07 17:58:07
캐치,카카오페이손해보험,CS 담당자 채용,"고객관리/인바운드, 사무/총무/법무, 사무보조/문서작성",경력 3년↑,정규직,서울,,2026-09-10,https://www.catch.co.kr/Comp/CompDetail/OQ9089/Recruit/568137,,2026-09-07 17:58:07
캐치,인바디,2026 하반기 GBD 신입 채용,"기계설계/CAD/CAM, 마케팅/PR/분석, 무역영업/해외영업, 바이오/제약/식품, 빅데이터/AI, 영업관리/지원/영업기획, 일반영업",신입,인턴,서울,,2026-09-14,https://www.catch.co.kr/Comp/CompDetail/609382/Recruit/568136,,2026-09-07 17:58:07
캐치,하나머티리얼즈,[신입] 생산관리 담당자 채용,생산관리/공정관리/품질관리,신입,인턴,충남,,2026-09-13,https://www.catch.co.kr/Comp/CompDetail/482785/Recruit/568135,,2026-09-07 17:58:07
캐치,퍼스트키퍼스,2026년 5차 채용 (수시),"경리/회계/결산, 기획/전략/경영, 사무/총무/법무, 인사/노무/교육, 재무/세무/IR",경력,정규직,경북,,2026-09-08,https://www.catch.co.kr/Comp/CompDetail/JQ3534/Recruit/568134,,2026-09-07 17:58:07
캐치,투썸플레이스,연구개발팀 케이크/디저트 개발 포지션 경력채용,바이오/제약/식품,경력 2년↑,기타,서울,,2026-09-08,https://www.catch.co.kr/Comp/CompDetail/IZ0286/Recruit/568132,,2026-09-07 17:58:07
캐치,분당서울대학교병원,26년 9월 신입(사무직) 직원 채용,"사무/총무/법무, 사무보조/문서작성",신입,인턴,경기,,2026-09-07,https://www.catch.co.kr/Comp/CompDetail/HC9814/Recruit/568131,,2026-09-07 17:58:07
캐치,한솔케미칼,2026년 하반기 경력사원 채용,"고객관리/인바운드, 기획/전략/경영, 반도체/디스플레이, 설문/통계/리서치, 화학/에너지/환경",경력 10년↑,정규직,서울,,2026-09-08,https://www.catch.co.kr/Comp/CompDetail/351113/Recruit/568130,,2026-09-07 17:58:07
캐치,라피치,재무/회계,재무/세무/IR,신입,인턴,서울,,2026-10-26,https://www.catch.co.kr/Comp/CompDetail/C04056/Recruit/568129,,2026-09-07 17:58:07
캐치,파이브스페이스,(아더에러) 신입/경력 부문별 채용,"마케팅/PR/분석, 무역영업/해외영업, 배송/택배/운전, 사무/총무/법무, 상품기획/MD, 생산관리/공정관리/품질관리, 웹개발, 인사/노무/교육, 재무/세무/IR, 전시/공간디자인",경력,정규직/인턴/기타,서울,,2026-09-30,https://www.catch.co.kr/Comp/CompDetail/A1972/Recruit/568128,,2026-09-07 17:58:07
캐치,NH투자증권,[경력직] 경영전략본부 전략기획실(RWA 산출/관리) 채용,"기획/전략/경영, 사무/총무/법무, 증권/투자/펀드/외환",경력 3년↑,계약직,서울,,2026-09-13,https://www.catch.co.kr/Comp/CompDetail/860301/Recruit/568126,,2026-09-07 17:58:07
캐치,세방리튬배터리,2026년 음성공장 상시채용,"생산/제조/설비/조립, 생산관리/공정관리/품질관리",경력,정규직,충북,,2026-12-31,https://www.catch.co.kr/Comp/CompDetail/HJ3273/Recruit/568121,,2026-09-07 17:58:07
캐치,카카오뱅크,정산 업무 담당자 (계약직) 채용,"경리/회계/결산, 고객관리/인바운드",경력,계약직,경기,,2026-09-18,https://www.catch.co.kr/Comp/CompDetail/HM8410/Recruit/568120,,2026-09-07 17:58:07
캐치,카카오뱅크,수신 상품/서비스 운영 담당자 (계약직) 채용,"기획/전략/경영, 마케팅/PR/분석, 사무/총무/법무",경력 1년↑,계약직,경기,,2026-09-21,https://www.catch.co.kr/Comp/CompDetail/HM8410/Recruit/568118,,2026-09-07 17:58:07
캐치,프라다코리아,프라다/미우미우 신입/경력 채용,"구매/자재/재고, 기획/전략/경영, 마케팅/PR/분석, 설문/통계/리서치, 판매/캐셔/매장관리",경력,정규직/인턴,서울/경기/부산/전국,,2026-10-19,https://www.catch.co.kr/Comp/CompDetail/558885/Recruit/568117,,2026-09-07 17:58:07
캐치,카카오뱅크,광고제휴솔루션 어시스턴트(체험형 인턴) 채용,"경리/회계/결산, 마케팅/PR/분석, 영업관리/지원/영업기획",신입,인턴,경기,,2026-09-08,https://www.catch.co.kr/Comp/CompDetail/HM8410/Recruit/568115,,2026-09-07 17:58:07
캐치,케이지트레이딩,황산영업 경력직 채용,"무역영업/해외영업, B2B영업/기술영업",경력 3년↑,정규직,서울,,2026-09-13,https://www.catch.co.kr/Comp/CompDetail/371530/Recruit/568113,,2026-09-07 17:58:07
캐치,카카오뱅크,Vision AI 엔지니어 채용,"빅데이터/AI, DBA/데이터베이스",경력 3년↑,정규직,경기,,2026-09-16,https://www.catch.co.kr/Comp/CompDetail/HM8410/Recruit/568112,,2026-09-07 17:58:07
캐치,ASML코리아,[Cymer Korea] Customs Analyst (Pyeongtaek Factory) 채용,"구매/자재/재고, 무역사무/수출입",경력,기타,경기,,2026-10-26,https://www.catch.co.kr/Comp/CompDetail/570320/Recruit/568110,,2026-09-07 17:58:07
캐치,ASML코리아,Logistics Supplier Manager 채용,"구매/자재/재고, 기획/전략/경영",경력,기타,경기,,2026-10-26,https://www.catch.co.kr/Comp/CompDetail/570320/Recruit/568108,,2026-09-07 17:58:07
캐치,아이비케이연금보험,주요직무 경력직 공개채용 (접수기간 : 8.27~9.10),"경영분석/컨설턴트, 설문/통계/리서치, 세무/회계/CPA, 일반영업, 증권/투자/펀드/외환, 채권/보험/보상/심사, B2B영업/기술영업",경력,정규직,서울,,2026-09-10,https://www.catch.co.kr/Comp/CompDetail/F24108/Recruit/568106,,2026-09-07 17:58:07
캐치,팀스파르타,Sales Operation Manager 인턴,"고객관리/인바운드, 영업관리/지원/영업기획",신입,인턴,서울,,2026-10-26,https://www.catch.co.kr/Comp/CompDetail/LD8514/Recruit/568105,,2026-09-07 17:58:07
캐치,ASML코리아,Asia Intercompany Settlement Team Manager 채용,"사무/총무/법무, 재무/세무/IR",경력,기타,경기,,2026-10-26,https://www.catch.co.kr/Comp/CompDetail/570320/Recruit/568104,,2026-09-07 17:58:07
캐치,두산건설,사무지원(계약직) 채용 (부산),"경리/회계/결산, 사무보조/문서작성, 영업관리/지원/영업기획, 재무/세무/IR",신입,계약직,부산,,2026-09-12,https://www.catch.co.kr/Comp/CompDetail/360171/Recruit/568103,,2026-09-07 17:58:08
캐치,아이비케이연금보험,장애인근로자 공개채용 (접수기간 : 8.27~9.10),"경리/회계/결산, 재무/세무/IR, 증권/투자/펀드/외환",경력무관,정규직,서울,,2026-09-10,https://www.catch.co.kr/Comp/CompDetail/F24108/Recruit/568102,,2026-09-07 17:58:08
캐치,충남대학교병원,[대전] 2026년 9월 업무지원계약직 직원 채용,"고객관리/인바운드, 사무/총무/법무",경력무관,계약직,대전/세종,,2026-09-09,https://www.catch.co.kr/Comp/CompDetail/042270/Recruit/568101,,2026-09-07 17:58:08
캐치,미리디,[미리캔버스] QA 엔지니어,QA/테스트/검증,경력 1~3년,계약직,서울,,2026-10-27,https://www.catch.co.kr/Comp/CompDetail/C73017/Recruit/568100,,2026-09-07 17:58:08
캐치,ASML코리아,Production Engineer (DUV Laser system) 채용,"생산/제조/설비/조립, 생산관리/공정관리/품질관리, 전기/전자/제어",경력,기타,경기,,2026-10-26,https://www.catch.co.kr/Comp/CompDetail/570320/Recruit/568099,,2026-09-07 17:58:08
캐치,서영엔지니어링,전기 발송배전기술사 모집,전기/전자/제어,경력,정규직,경기,,2026-10-26,https://www.catch.co.kr/Comp/CompDetail/046636/Recruit/568098,,2026-09-07 17:58:08
캐치,충남대학교병원,[대전] 2026년 9월 보조금직원 채용,"간호사, 사회복지/요양보호/자원봉사",경력,계약직,대전/세종,,2026-09-09,https://www.catch.co.kr/Comp/CompDetail/042270/Recruit/568097,,2026-09-07 17:58:08
캐치,삼일회계법인,[삼일세무법인] Part2 인턴 채용,재무/세무/IR,경력무관,인턴,서울,,2027-01-01,https://www.catch.co.kr/Comp/CompDetail/206652/Recruit/568096,,2026-09-07 17:58:08
캐치,충남대학교병원,[대전] 2026년 9월 계약직 직원 채용,"간호조무사, 광고/시각디자인, 사무보조/문서작성, 약사/한약사/약무보조, 의료기사, 의료직기타",경력,계약직,대전/세종,,2026-09-09,https://www.catch.co.kr/Comp/CompDetail/042270/Recruit/568095,,2026-09-07 17:58:08
캐치,ASML코리아,Cymer Field Service Engineer (Icheon) 채용,"AS/서비스/수리, QA/테스트/검증",경력,기타,경기,,2026-10-26,https://www.catch.co.kr/Comp/CompDetail/570320/Recruit/568094,,2026-09-07 17:58:08
캐치,충남대학교병원,[대전] 2026년 9월 공무직 직원 채용,"요리/영양/제과제빵/바리스타, 판매/캐셔/매장관리",신입,계약직,대전/세종,,2026-09-09,https://www.catch.co.kr/Comp/CompDetail/042270/Recruit/568093,,2026-09-07 17:58:08
캐치,ASML코리아,Senior Quality Supplier Specialist 채용,"생산관리/공정관리/품질관리, 전기/전자/제어",경력,기타,경기,,2026-10-26,https://www.catch.co.kr/Comp/CompDetail/570320/Recruit/568092,,2026-09-07 17:58:08
캐치,ASML코리아,[Cymer Korea] Manufacturing Engineer 채용,"생산관리/공정관리/품질관리, 전기/전자/제어",경력,기타,경기,,2026-10-26,https://www.catch.co.kr/Comp/CompDetail/570320/Recruit/568091,,2026-09-07 17:58:08
캐치,샌드박스네트워크,[AD] 광고 사업 기획/운영 매니저(경력),마케팅/PR/분석,경력 2년↑,정규직,서울,,2026-09-25,https://www.catch.co.kr/Comp/CompDetail/M23097/Recruit/568089,,2026-09-07 17:58:08
캐치,한국방송통신전파진흥원,2026년도 제5차(체험형 청년인턴) 채용,"사무/총무/법무, 사무보조/문서작성, 재무/세무/IR",신입,인턴,전남광주,,2026-09-10,https://www.catch.co.kr/Comp/CompDetail/497910/Recruit/568088,,2026-09-07 17:58:08
캐치,경북문화재단,제2026-199호) 2026년 (2차) 기간제 근로자 채용 재공고,"사무/총무/법무, 설문/통계/리서치",경력,계약직,경북,,2026-09-08,https://www.catch.co.kr/Comp/CompDetail/I42979/Recruit/568085,,2026-09-07 17:58:08
캐치,새만금개발공사,2026년도 수시채용,"건축/설계/인테리어, 전기/소방/통신/안전, 토목/조경/도시/측량",경력 2년↑,정규직,전북,,2026-09-11,https://www.catch.co.kr/Comp/CompDetail/JH0655/Recruit/568083,,2026-09-07 17:58:08
캐치,에니아이,Robot Learning Engineer - Physical AI,빅데이터/AI,경력 3~10년,정규직,서울,,2026-10-26,https://www.catch.co.kr/Comp/CompDetail/ADEF6/Recruit/568081,,2026-09-07 17:58:08
캐치,한국항공우주연구원,2026년도 하반기 정규직 채용 #공채,"기계설계/CAD/CAM, 기획/전략/경영, 빅데이터/AI, 사무/총무/법무, 응용프로그램개발, 인사/노무/교육, 자동차/조선/기계, 재무/세무/IR, 전기/전자/제어, 통신기술/네트워크구축, ERP/시스템개발/설계",경력,정규직,대전,,2026-09-10,https://www.catch.co.kr/Comp/CompDetail/123208/Recruit/568080,,2026-09-07 17:58:08
캐치,신용협동조합중앙회,2026년 하반기 신용협동조합 신입직원 공동채용 #공채,"고객관리/인바운드, 사무/총무/법무",신입,기타,서울/대전/전남광주/전북/강원/제주/충북,,2026-09-14,https://www.catch.co.kr/Comp/CompDetail/042965/Recruit/568079,,2026-09-07 17:58:08
캐치,에이피알,[경영지원] 아마존/틱톡샵 IP 침해 및 가품 대응 담당 경력사원 모집,사무/총무/법무,경력 1~3년,정규직,서울,,2026-10-26,https://www.catch.co.kr/Comp/CompDetail/M23872/Recruit/568078,,2026-09-07 17:58:08
캐치,에니아이,Procurement Manager,구매/자재/재고,경력 5년↑,정규직,서울,,2026-10-26,https://www.catch.co.kr/Comp/CompDetail/ADEF6/Recruit/568077,,2026-09-07 17:58:08
캐치,한국보훈복지의료공단,[대구보훈요양원] 2026년 제6차 정규직 요양보호직 공개채용,사회복지/요양보호/자원봉사,경력,정규직,대구,,2026-09-09,https://www.catch.co.kr/Comp/CompDetail/001505/Recruit/568076,,2026-09-07 17:58:08
캐치,한국원산지정보원,2026년 제2차 직원 채용,"경리/회계/결산, 사무/총무/법무, 재무/세무/IR",경력,정규직,경기/서울/인천,,2026-09-10,https://www.catch.co.kr/Comp/CompDetail/QG5488/Recruit/568075,,2026-09-07 17:58:08
캐치,에니아이,Mechanical Engineer,기계설계/CAD/CAM,경력무관,정규직,서울,,2026-10-26,https://www.catch.co.kr/Comp/CompDetail/ADEF6/Recruit/568074,,2026-09-07 17:58:08
캐치,현대엘리베이터,현장안전관리자 계약직 채용,"건축/설계/인테리어, 시설/보안/경비/안전, 전기/소방/통신/안전",경력무관,계약직,경기,,2026-09-13,https://www.catch.co.kr/Comp/CompDetail/380229/Recruit/568069,,2026-09-07 17:58:08
캐치,한국동서발전,2026년 사회형평 신입직원(대졸수준[보훈/장애]) 채용,"구매/자재/재고, 기획/전략/경영, 네트워크/서버/보안, 사무/총무/법무, 생산관리/공정관리/품질관리, 인사/노무/교육, 재무/세무/IR, 화학/에너지/환경, QA/테스트/검증",신입,정규직,울산/충남/강원/경기/충북/전남광주/제주/전국,,2026-09-09,https://www.catch.co.kr/Comp/CompDetail/163442/Recruit/568067,,2026-09-07 17:58:08
캐치,현대경제연구원,2026년 하반기 ODA 영프로페셔널(YP) 채용,"기획/전략/경영, 마케팅/PR/분석, 사무/총무/법무, 재무/세무/IR",경력무관,인턴,서울,,2026-09-20,https://www.catch.co.kr/Comp/CompDetail/820741/Recruit/568066,,2026-09-07 17:58:08
캐치,현대성우홀딩스,IT운영팀 신입/경력직원 채용,"네트워크/서버/보안, ERP/시스템개발/설계",경력 1~5년,기타,서울,,2026-09-13,https://www.catch.co.kr/Comp/CompDetail/389242/Recruit/568065,,2026-09-07 17:58:08
캐치,당근서비스,Product Engineer(ERP) 채용,"네트워크/서버/보안, 웹개발, 응용프로그램개발, ERP/시스템개발/설계",경력 3년↑,정규직,서울,,2026-10-26,https://www.catch.co.kr/Comp/CompDetail/A6F91/Recruit/568064,,2026-09-07 17:58:08
캐치,당근서비스,"CX Professional, 로컬비즈니스팀 채용","고객관리/인바운드, 사무보조/문서작성",경력 2~7년,정규직,서울,,2026-10-26,https://www.catch.co.kr/Comp/CompDetail/A6F91/Recruit/568063,,2026-09-07 17:58:09
캐치,한국해양수산개발원,2026년 제3차 정규직 연구직(석사) 채용,"기획/전략/경영, 설문/통계/리서치",경력,정규직,부산,,2026-09-15,https://www.catch.co.kr/Comp/CompDetail/182465/Recruit/568060,,2026-09-07 17:58:09
캐치,당근서비스,"CX Quality Manager, 성장문화팀 채용","교육기획/교재, 기획/전략/경영",경력 3년↑,정규직,서울,,2026-10-26,https://www.catch.co.kr/Comp/CompDetail/A6F91/Recruit/568059,,2026-09-07 17:58:09
캐치,한국해양수산개발원,2026년 제3차 정규직 연구직(박사) 채용,"빅데이터/AI, 자동차/조선/기계",경력,정규직,부산,,2026-09-15,https://www.catch.co.kr/Comp/CompDetail/182465/Recruit/568058,,2026-09-07 17:58:09
캐치,카카오헬스케어,[경력] 헬스케어 데이터플랫폼 서비스 기획(PO) 채용,"기획/전략/경영, 웹기획/PM/웹마케팅",경력 3년↑,정규직,경기,,2026-10-26,https://www.catch.co.kr/Comp/CompDetail/OY6276/Recruit/568057,,2026-09-07 17:58:09
캐치,카카오헬스케어,[경력] 카카오헬스케어 케어챗 B/E 개발자 (5~10년) 채용,"네트워크/서버/보안, 웹개발, ERP/시스템개발/설계",경력 5~10년,정규직,경기,,2026-10-26,https://www.catch.co.kr/Comp/CompDetail/OY6276/Recruit/568056,,2026-09-07 17:58:09
캐치,카카오헬스케어,[경력] AI Agent Engineer 채용,"빅데이터/AI, 응용프로그램개발, DBA/데이터베이스",경력 5년↑,정규직,경기,,2026-10-26,https://www.catch.co.kr/Comp/CompDetail/OY6276/Recruit/568055,,2026-09-07 17:58:09
캐치,에이블리코퍼레이션,HR 운영 매니저 (계약직),인사/노무/교육,경력 2~10년,계약직,서울,,2026-10-25,https://www.catch.co.kr/Comp/CompDetail/HH8556/Recruit/568054,,2026-09-07 17:58:09
캐치,토리든,[토리든] 일본 이커머스 담당자,상품기획/MD,경력 3년↑,정규직,서울,,2026-10-25,https://www.catch.co.kr/Comp/CompDetail/HK2545/Recruit/568050,,2026-09-07 17:58:09
캐치,플레이디,[신입] 2026년 하반기 퍼포먼스마케팅AE(인센티브제) 채용,"마케팅/PR/분석, 영업관리/지원/영업기획",신입,인턴,경기,,2026-09-09,https://www.catch.co.kr/Comp/CompDetail/F12112/Recruit/568048,,2026-09-07 17:58:09
캐치,더핑크퐁컴퍼니,[더핑크퐁컴퍼니] 제품 운영 PM (육아휴직 대체 채용),"구매/자재/재고, 무역사무/수출입",경력 3~15년,계약직,서울,,2026-09-16,https://www.catch.co.kr/Comp/CompDetail/H13445/Recruit/568046,,2026-09-07 17:58:09
캐치,비나우,[체험형 인턴]  글로벌  인허가  담당자(RA)(6개월~),생산관리/공정관리/품질관리,신입,인턴,서울,,2026-10-02,https://www.catch.co.kr/Comp/CompDetail/JG2310/Recruit/568042,,2026-09-07 17:58:09
캐치,범한메카텍,EPC 플랜트 시공견적(토목/건축) 경력사원 채용,"건축/설계/인테리어, 시공/현장/감리/공무, 토목/조경/도시/측량, 환경/플랜트",경력 5년↑,기타,서울,,2026-09-07,https://www.catch.co.kr/Comp/CompDetail/HQ7187/Recruit/568037,,2026-09-07 17:58:09
캐치,HDC랩스,[본사] FM2팀 FM운영 부문 경력직 채용,"기획/전략/경영, 생산관리/공정관리/품질관리, 인사/노무/교육",경력 5년↑,기타,서울,,2026-09-08,https://www.catch.co.kr/Comp/CompDetail/119266/Recruit/568036,,2026-09-07 17:58:09
캐치,KT서비스남부,[kt service남부] '26년 9월 신입/경력사원 채용 장애인/보훈 전형,"전기/소방/통신/안전, AS/서비스/수리",경력,계약직,전남광주,,2026-09-13,https://www.catch.co.kr/Comp/CompDetail/F09190/Recruit/568033,,2026-09-07 17:58:09
캐치,KT서비스남부,[kt service남부] '26년 9월 신입/경력사원 채용,"전기/소방/통신/안전, AS/서비스/수리",경력,계약직,전남광주,,2026-09-13,https://www.catch.co.kr/Comp/CompDetail/F09190/Recruit/568031,,2026-09-07 17:58:09
캐치,파마리서치,2026년 신입/경력 수시채용,"기획/전략/경영, 마케팅/PR/분석, 무역영업/해외영업, 바이오/제약/식품, 사무/총무/법무, 영업관리/지원/영업기획, 인사/노무/교육, 전시/컨벤션",경력,정규직/계약직,경기/강원/전남광주/대전/부산/대구/서울,,2026-10-25,https://www.catch.co.kr/Comp/CompDetail/020213/Recruit/568029,,2026-09-07 17:58:09
캐치,케이씨이노베이션,[경력] 설비개발1팀 - Gas Scrubber 촉매개발 채용,화학/에너지/환경,경력 10년↑,정규직,경기,,2026-10-25,https://www.catch.co.kr/Comp/CompDetail/037266/Recruit/568028,,2026-09-07 17:58:09
캐치,바이엘코리아,"Product Manager (EN/CV, 서울 정규직) 채용",마케팅/PR/분석,경력,정규직,서울,,2026-09-08,https://www.catch.co.kr/Comp/CompDetail/693511/Recruit/568027,,2026-09-07 17:58:09
캐치,GS리테일,AX본부 편의점AX팀 시스템 개발 담당 경력사원 채용,"네트워크/서버/보안, 빅데이터/AI, 웹개발, 응용프로그램개발, ERP/시스템개발/설계",경력 5년↑,정규직,서울,,2026-09-08,https://www.catch.co.kr/Comp/CompDetail/810045/Recruit/568025,,2026-09-07 17:58:09
캐치,GS리테일,정보보안부문 개인정보보호팀 개인정보보호 담당 경력사원 채용,네트워크/서버/보안,경력 7년↑,정규직,서울,,2026-09-08,https://www.catch.co.kr/Comp/CompDetail/810045/Recruit/568024,,2026-09-07 17:58:09
캐치,유라,제조 관련 웹 시스템 개발자(신입/경력) 채용,"네트워크/서버/보안, 웹개발, 응용프로그램개발",경력,기타,경기,,2026-09-08,https://www.catch.co.kr/Comp/CompDetail/J07895/Recruit/568021,,2026-09-07 17:58:09
캐치,매일유업,서울지점 영업 (사원급) 채용,"영업관리/지원/영업기획, 일반영업, B2B영업/기술영업",경력 2~4년,정규직,서울,,2026-09-25,https://www.catch.co.kr/Comp/CompDetail/IP7458/Recruit/568019,,2026-09-07 17:58:09
캐치,매일유업,뉴트리션 제품 연구원 (사원/대리급) 채용,바이오/제약/식품,경력 2년↑,정규직,경기,,2026-09-25,https://www.catch.co.kr/Comp/CompDetail/IP7458/Recruit/568018,,2026-09-07 17:58:09
캐치,매일유업,뉴트리션 마케팅 BM (대리급) 채용,"기획/전략/경영, 마케팅/PR/분석, 상품기획/MD",경력 3년↑,정규직,서울,,2026-09-25,https://www.catch.co.kr/Comp/CompDetail/IP7458/Recruit/568016,,2026-09-07 17:58:09
캐치,여기어때컴퍼니,UX Designer [Core UX] 채용,"웹기획/PM/웹마케팅, HTML/퍼블리싱/UI개발",경력 5년↑,정규직,서울,,2026-10-25,https://www.catch.co.kr/Comp/CompDetail/HJ3385/Recruit/568009,,2026-09-07 17:58:09
캐치,한화시스템,[방산] 소방안전관리자 경력사원 채용,전기/소방/통신/안전,경력 5년↑,정규직,경기,,2026-09-13,https://www.catch.co.kr/Comp/CompDetail/128888/Recruit/568008,,2026-09-07 17:58:09
캐치,한화시스템,[방산] MRO사업부 IPS Engineer / Data Analyst 경력사원 채용,"네트워크/서버/보안, 빅데이터/AI, DBA/데이터베이스",경력 5년↑,정규직,서울,,2026-09-13,https://www.catch.co.kr/Comp/CompDetail/128888/Recruit/568006,,2026-09-07 17:58:09
캐치,나이스정보통신,[NICE정보통신] 백엔드 서버 개발자 (경력) 채용,"네트워크/서버/보안, 웹개발, ERP/시스템개발/설계",경력 1~3년,정규직,서울,,2026-10-25,https://www.catch.co.kr/Comp/CompDetail/713244/Recruit/568005,,2026-09-07 17:58:09
캐치,부광약품,2026 의원영업 신입 (전라) 채용,"영업관리/지원/영업기획, 일반영업",신입,정규직,전북/전남광주,,2026-10-25,https://www.catch.co.kr/Comp/CompDetail/350621/Recruit/568004,,2026-09-07 17:58:09
캐치,한화시스템,[방산] 화약류 안전관리자 경력사원 채용,"전기/소방/통신/안전, 화학/에너지/환경",경력 5년↑,정규직,경북/경기,,2026-09-13,https://www.catch.co.kr/Comp/CompDetail/128888/Recruit/568003,,2026-09-07 17:58:10
캐치,한섬,정보보호담당 경력채용(5~8년),"네트워크/서버/보안, 사무/총무/법무, 설문/통계/리서치",경력 5~8년,정규직,서울,,2026-09-20,https://www.catch.co.kr/Comp/CompDetail/088102/Recruit/568002,,2026-09-07 17:58:10
캐치,에니아이,Sales Manager,"영업관리/지원/영업기획, B2B영업/기술영업",경력 3~8년,정규직,서울,,2026-10-25,https://www.catch.co.kr/Comp/CompDetail/ADEF6/Recruit/567997,,2026-09-07 17:58:10
캐치,상명대학교,무역입문과정,"무역사무/수출입, 무역영업/해외영업",경력무관,기타,서울,,2026-09-09,https://www.catch.co.kr/Comp/CompDetail/A4693/Recruit/567996,,2026-09-07 17:58:10
캐치,SK쉴더스,Cloud 보안 컨설팅 경력직 채용,네트워크/서버/보안,경력 3년↑,정규직,경기/서울/인천/전국,,2026-09-13,https://www.catch.co.kr/Comp/CompDetail/146718/Recruit/567995,,2026-09-07 17:58:10
캐치,현대백화점,더현대서울 퍼스널쇼퍼 부실장 채용,"고객관리/인바운드, 기획/전략/경영, 판매/캐셔/매장관리",경력 3년↑,정규직,서울,,2026-09-10,https://www.catch.co.kr/Comp/CompDetail/086512/Recruit/567994,,2026-09-07 17:58:10
캐치,SK쉴더스,OT보안 엔지니어 경력직 채용,"네트워크/서버/보안, QA/테스트/검증",경력 5년↑,정규직,경기,,2026-09-13,https://www.catch.co.kr/Comp/CompDetail/146718/Recruit/567992,,2026-09-07 17:58:10
캐치,에니아이,Senior Robotics Software Engineer,빅데이터/AI,경력 5~15년,정규직,서울,,2026-10-25,https://www.catch.co.kr/Comp/CompDetail/ADEF6/Recruit/567991,,2026-09-07 17:58:10
캐치,토비스,품질 CS 경력자 (프로급) 채용,"고객관리/인바운드, 생산관리/공정관리/품질관리",경력 7년↑,정규직,인천,,2026-09-13,https://www.catch.co.kr/Comp/CompDetail/162859/Recruit/567989,,2026-09-07 17:58:10
캐치,한패스,[ 한패스 ] 외환 거래(FX) 및 관련 업무 담당 신입 채용,"사무/총무/법무, 사무보조/문서작성",경력무관,정규직,서울,,2026-10-25,https://www.catch.co.kr/Comp/CompDetail/IN2240/Recruit/567985,,2026-09-07 17:58:10
캐치,기아,[계약직] 교육운영 및 관리 채용,"교육기획/교재, 사무보조/문서작성",경력무관,계약직,서울/경기,,2026-09-08,https://www.catch.co.kr/Comp/CompDetail/380911/Recruit/567984,,2026-09-07 17:58:10
캐치,롯데GRS,"2026년 8월 경력사원 채용 (스페이스디자인,식품안전)","건축/설계/인테리어, 바이오/제약/식품, 생산관리/공정관리/품질관리, 전시/공간디자인",경력 3년↑,정규직,서울,,2026-09-07,https://www.catch.co.kr/Comp/CompDetail/620475/Recruit/567981,,2026-09-07 17:58:10
캐치,기아,[계약직] AutoLand화성 차량 관리 및 행사 지원 업무 채용,"사무/총무/법무, 영업관리/지원/영업기획, AS/서비스/수리",경력무관,계약직,경기,,2026-09-08,https://www.catch.co.kr/Comp/CompDetail/380911/Recruit/567979,,2026-09-07 17:58:10
캐치,콘텐츠웨이브,[product] 광고 PM(Product Manager) 채용,"마케팅/PR/분석, 웹기획/PM/웹마케팅",경력,정규직,서울,,2026-10-25,https://www.catch.co.kr/Comp/CompDetail/I09023/Recruit/567977,,2026-09-07 17:58:10
캐치,기아,[계약직] 서비스센터 고객안내요원 (청주) 채용,"고객관리/인바운드, 사무/총무/법무, AS/서비스/수리",경력무관,계약직,충북,,2026-09-07,https://www.catch.co.kr/Comp/CompDetail/380911/Recruit/567976,,2026-09-07 17:58:10
캐치,뷰웍스,2027 대졸 신입사원 공개채용 #공채,"구매/자재/재고, 마케팅/PR/분석, 사무/총무/법무, 생산관리/공정관리/품질관리, 응용프로그램개발, 전기/전자/제어, B2B영업/기술영업, ERP/시스템개발/설계, QA/테스트/검증",신입,정규직,경기,,2026-09-21,https://www.catch.co.kr/Comp/CompDetail/160382/Recruit/567975,,2026-09-07 17:58:10
캐치,한국삼공,마케팅 CRM팀 제주지점 신입/경력 수시 채용,"고객관리/인바운드, 마케팅/PR/분석, 전시/컨벤션",경력 2년↑,정규직,제주,,2026-09-18,https://www.catch.co.kr/Comp/CompDetail/350346/Recruit/567973,,2026-09-07 17:58:10
캐치,FRL코리아,Network Operation 채용,"네트워크/서버/보안, ERP/시스템개발/설계",경력 4년↑,정규직,서울,,2026-09-07,https://www.catch.co.kr/Comp/CompDetail/382306/Recruit/567972,,2026-09-07 17:58:10
캐치,FRL코리아,Senior WMS System 담당자 [디지털업무혁신서비스팀] 채용,"배송/택배/운전, ERP/시스템개발/설계",경력 8년↑,정규직,경기,,2026-09-07,https://www.catch.co.kr/Comp/CompDetail/382306/Recruit/567969,,2026-09-07 17:58:10
캐치,토스씨엑스,[토스씨엑스] General Affairs Specialist 적극 채용,사무/총무/법무,경력 3년↓,계약직,서울,,2026-09-18,https://www.catch.co.kr/Comp/CompDetail/PO0313/Recruit/567967,,2026-09-07 17:58:10
캐치,한국보건산업진흥원,2026년 3분기 계약직원(휴직대체 등) 채용,"기획/전략/경영, 마케팅/PR/분석, 사무/총무/법무, 사무보조/문서작성",경력,인턴/계약직/기타,충북,,2026-09-07,https://www.catch.co.kr/Comp/CompDetail/053900/Recruit/567963,,2026-09-07 17:58:10
캐치,한국보건산업진흥원,2026년 3분기 계약직원(용역사업) 채용,"기획/전략/경영, 마케팅/PR/분석, 빅데이터/AI, 설문/통계/리서치, 웹기획/PM/웹마케팅, 재무/세무/IR",경력,계약직,서울,,2026-09-07,https://www.catch.co.kr/Comp/CompDetail/053900/Recruit/567962,,2026-09-07 17:58:10
캐치,CJ ENM,Mnet Plus Data Engineer 채용,"빅데이터/AI, 웹개발, DBA/데이터베이스",경력 3년↑,정규직,서울,,2026-11-04,https://www.catch.co.kr/Comp/CompDetail/039944/Recruit/567961,,2026-09-07 17:58:10
캐치,한국보건산업진흥원,2026년 3분기 계약직원(연구사업관리전문가(PD)) 채용,"기획/전략/경영, 설문/통계/리서치",경력,계약직/기타,충북,,2026-09-07,https://www.catch.co.kr/Comp/CompDetail/053900/Recruit/567958,,2026-09-07 17:58:10
캐치,CJ ENM,Mnet Plus CRM마케팅_경력채용 ,마케팅/PR/분석,경력 3년↑,정규직,서울,,2026-10-25,https://www.catch.co.kr/Comp/CompDetail/039944/Recruit/567957,,2026-09-07 17:58:10
캐치,CJ ENM,Mnet Plus 수익화/IP 마케팅_경력채용 ,"기획/전략/경영, 마케팅/PR/분석",경력 3년↑,정규직,서울,,2026-10-25,https://www.catch.co.kr/Comp/CompDetail/039944/Recruit/567955,,2026-09-07 17:58:10
캐치,CJ ENM,Mnet Plus 일본 Account Manager_경력채용 ,기획/전략/경영,경력 3년↑,정규직,서울/일본,,2026-10-25,https://www.catch.co.kr/Comp/CompDetail/039944/Recruit/567953,,2026-09-07 17:58:10
캐치,롯데상사,2026년 8월 경력사원(곡물트레이딩) 채용,"마케팅/PR/분석, 무역영업/해외영업, 설문/통계/리서치, 일반영업, B2B영업/기술영업",경력 5년↑,정규직,서울,,2026-09-09,https://www.catch.co.kr/Comp/CompDetail/381802/Recruit/567951,,2026-09-07 17:58:10
캐치,유안타증권,IT전략팀 경력직원 채용,"기획/전략/경영, 웹기획/PM/웹마케팅",경력,계약직,서울,,2026-09-10,https://www.catch.co.kr/Comp/CompDetail/860255/Recruit/567949,,2026-09-07 17:58:10
캐치,CJ올리브네트웍스,[경력] 클라우드 영업 채용,"기획/전략/경영, 영업관리/지원/영업기획, B2B영업/기술영업",경력 5년↑,기타,서울,,2026-09-30,https://www.catch.co.kr/Comp/CompDetail/046305/Recruit/567942,,2026-09-07 17:58:10
캐치,패스트파이브,아웃바운드 세일즈 매니저,"고객관리/인바운드, 고객관리/인바운드/아웃바운드, 영업관리/지원/영업기획, 일반영업, B2B영업/기술영업",경력무관,계약직,서울,,2026-10-25,https://www.catch.co.kr/Comp/CompDetail/CD6655/Recruit/567936,,2026-09-07 17:58:11
캐치,롯데웰푸드,2026년도 08월 HMR마케팅 경력채용,"마케팅/PR/분석, 상품기획/MD",경력 4~13년,정규직,서울,,2026-09-08,https://www.catch.co.kr/Comp/CompDetail/IV0057/Recruit/567935,,2026-09-07 17:58:11
캐치,CJ제일제당,투자 심사역 경력 채용,"기획/전략/경영, 증권/투자/펀드/외환",경력 8년↑,정규직,서울,,2026-09-08,https://www.catch.co.kr/Comp/CompDetail/494292/Recruit/567934,,2026-09-07 17:58:11
캐치,일성건설,경력직 [기계설비] 채용,"자동차/조선/기계, 전기/소방/통신/안전",경력 3년↑,정규직/계약직,경기/전국,,2026-09-09,https://www.catch.co.kr/Comp/CompDetail/501557/Recruit/567933,,2026-09-07 17:58:11
캐치,롯데웰푸드,2026년도 08월 디지털마케팅 경력채용,"마케팅/PR/분석, 빅데이터/AI",경력 4~13년,정규직,서울,,2026-09-08,https://www.catch.co.kr/Comp/CompDetail/IV0057/Recruit/567932,,2026-09-07 17:58:11
캐치,CJ대한통운,[TES물류기술연구소] '포워딩 IT 전문가' 경력사원 채용,"네트워크/서버/보안, 웹기획/PM/웹마케팅",경력 2년↑,정규직,서울,,2026-10-25,https://www.catch.co.kr/Comp/CompDetail/710083/Recruit/567931,,2026-09-07 17:58:11
캐치,더프리마,[인사/총무](주)더프리마 채용공고(경력),"네트워크/서버/보안, 사무/총무/법무, 사무보조/문서작성, 콘텐츠/사이트운영",경력 7년↑,계약직,서울,,2026-09-09,https://www.catch.co.kr/Comp/CompDetail/790508/Recruit/567929,,2026-09-07 17:58:11
캐치,스와치그룹코리아,CS Receptionist 정규직 채용,"고객관리/인바운드, 사무/총무/법무, AS/서비스/수리",경력,정규직,서울,,2026-10-31,https://www.catch.co.kr/Comp/CompDetail/028881/Recruit/567928,,2026-09-07 17:58:11
캐치,극지연구소,(재공고) [시설관리직] 2026년 남극과학기지 월동연구대 채용 (기계설비 분야),"자동차/조선/기계, 전기/소방/통신/안전",경력 5년↑,계약직,인천/남극대륙,,2026-09-09,https://www.catch.co.kr/Comp/CompDetail/492722/Recruit/567924,,2026-09-07 17:58:11
캐치,쎄트렉아이,"2026년 하반기 신입 채용, SI Future-Ship 모집","전기/전자/제어, ERP/시스템개발/설계",신입,정규직,대전,,2026-09-15,https://www.catch.co.kr/Comp/CompDetail/136231/Recruit/567921,,2026-09-07 17:58:11
캐치,신신제약,ETC 영업 신입·경력 채용 공고,"바이오/제약/식품, 일반영업",경력 10년↓,정규직,서울,,2026-10-25,https://www.catch.co.kr/Comp/CompDetail/353485/Recruit/567920,,2026-09-07 17:58:11
캐치,린데코리아,제조운영부문 화성공무팀 Electrical Field Technician 계약직 채용,전기/소방/통신/안전,경력 2~4년,계약직,경기,,2026-10-25,https://www.catch.co.kr/Comp/CompDetail/353060/Recruit/567919,,2026-09-07 17:58:11
캐치,아주호텔서교,[Marriott·라이즈(RYSE)호텔] Banquet(연회장) 주임 Supervisor 모집,"여행/항공/숙박/레저, 외식/식음료",경력 4년↑,정규직,서울,,2026-10-25,https://www.catch.co.kr/Comp/CompDetail/J04351/Recruit/567918,,2026-09-07 17:58:11
캐치,아주호텔서교,[Marriott·라이즈(RYSE)호텔] Banquet(연회장) 신입 Server 모집,"여행/항공/숙박/레저, 외식/식음료",경력 1년↑,정규직,서울,,2026-10-25,https://www.catch.co.kr/Comp/CompDetail/J04351/Recruit/567917,,2026-09-07 17:58:11
캐치,아주호텔서교,[Marriott·라이즈(RYSE)호텔] Restaurant(CHARR) 신입 Server 모집,"여행/항공/숙박/레저, 외식/식음료",경력 1년↑,정규직,서울,,2026-10-25,https://www.catch.co.kr/Comp/CompDetail/J04351/Recruit/567916,,2026-09-07 17:58:11
캐치,아주호텔서교,"[Marriott·라이즈(RYSE)호텔] Commis Chef 조리사 채용 (사원급, 신입 가능)",요리/영양/제과제빵/바리스타,경력 1년↑,정규직,서울,,2026-10-25,https://www.catch.co.kr/Comp/CompDetail/J04351/Recruit/567915,,2026-09-07 17:58:11
캐치,STX엔진,2026 신입/경력 수시채용 #공채,"기계설계/CAD/CAM, 기획/전략/경영, 네트워크/서버/보안, 생산관리/공정관리/품질관리, 인사/노무/교육, 전기/전자/제어, B2B영업/기술영업, ERP/시스템개발/설계",경력,정규직,경남/경기,,2026-09-08,https://www.catch.co.kr/Comp/CompDetail/233682/Recruit/567914,,2026-09-07 17:58:11
캐치,국도화인켐,영업부문 사원 채용 (계열사 채용),"무역사무/수출입, 무역영업/해외영업, 영업관리/지원/영업기획, 일반영업",경력 2년↑,기타,서울,,2026-09-13,https://www.catch.co.kr/Comp/CompDetail/235683/Recruit/567908,,2026-09-07 17:58:11
캐치,에코마케팅,[에코마케팅] 글로벌(일본)콘텐츠 마케터 인턴/신입 채용(일본인 우대),마케팅/PR/분석,경력 3년↑,정규직,서울,,2026-09-13,https://www.catch.co.kr/Comp/CompDetail/364737/Recruit/567907,,2026-09-07 17:58:11
캐치,유아이엘,유아이엘(주) 베트남법인 CNC엔지니어 신입/경력직 채용,"생산/제조/설비/조립, 생산관리/공정관리/품질관리",경력 3년↑,정규직,경기/베트남,,2026-09-25,https://www.catch.co.kr/Comp/CompDetail/019038/Recruit/567903,,2026-09-07 17:58:11
캐치,데이원컴퍼니,[Day1 AI Deployment Company] Forward Deployed Engineer (FDE),빅데이터/AI,경력무관,정규직,서울,,2026-10-25,https://www.catch.co.kr/Comp/CompDetail/IP5001/Recruit/567901,,2026-09-07 17:58:11
캐치,케이피에프,영업기획팀(신입) 채용,영업관리/지원/영업기획,신입,정규직,경기,,2026-09-11,https://www.catch.co.kr/Comp/CompDetail/383937/Recruit/567896,,2026-09-07 17:58:11
캐치,컬리,뷰티 MD 운영지원 담당자 (계약직),상품기획/MD,경력 2년↑,계약직,서울,,2026-10-25,https://www.catch.co.kr/Comp/CompDetail/CC1408/Recruit/567894,,2026-09-07 17:58:11
캐치,에이온코리아보험중개,"[Aon Korea] (부장·이사급) Associate Director, Reinsurance Solutions",채권/보험/보상/심사,경력 10년↑,정규직,서울,,2026-10-25,https://www.catch.co.kr/Comp/CompDetail/133203/Recruit/567887,,2026-09-07 17:58:11
캐치,넥센타이어,2026년 하반기 영업사원 채용,"영업관리/지원/영업기획, 일반영업",신입,정규직,경기/강원/충남,,2026-09-07,https://www.catch.co.kr/Comp/CompDetail/351253/Recruit/567885,,2026-09-07 17:58:11
캐치,한진정보통신,[SW개발] KBS 멀티플랫폼 통합주조 시스템 구축 사업 S/W PL 채용,"응용프로그램개발, ERP/시스템개발/설계",경력,계약직,서울,,2026-09-20,https://www.catch.co.kr/Comp/CompDetail/813877/Recruit/567882,,2026-09-07 17:58:11
캐치,힐티코리아,"각 부문 경력 채용 (채권관리,PM,영업,엔지니어 외) ","건축/설계/인테리어, 기획/전략/경영, 반도체/디스플레이, 시공/현장/감리/공무, 웹기획/PM/웹마케팅, 응용프로그램개발, 일반영업, 채권/보험/보상/심사, B2B영업/기술영업, ERP/시스템개발/설계",경력,정규직,서울/경북/부산/경기/인천/대전/세종/충남/전남광주,,2026-09-07,https://www.catch.co.kr/Comp/CompDetail/389471/Recruit/567881,,2026-09-07 17:58:11
캐치,네이버웹툰,(글로벌&국내) Marketing Creative Design (체험형 인턴) 채용,"광고/시각디자인, 마케팅/PR/분석",신입,인턴,경기,,2026-09-08,https://www.catch.co.kr/Comp/CompDetail/LG8788/Recruit/567879,,2026-09-07 17:58:11
캐치,네이버웹툰,(SERIES) Marketing Creative Design (체험형 인턴) 채용,"디자인기타, 상품기획/MD",신입,인턴,경기,,2026-09-08,https://www.catch.co.kr/Comp/CompDetail/LG8788/Recruit/567877,,2026-09-07 17:58:11
캐치,네이버웹툰,IP Branding & Marketing Design (체험형 인턴) 채용,"광고/시각디자인, 그래픽디자인/CG",신입,인턴,경기,,2026-09-08,https://www.catch.co.kr/Comp/CompDetail/LG8788/Recruit/567874,,2026-09-07 17:58:12
캐치,울산과학기술원,2026년 제3차 직원 채용,"교육기획/교재, 대학교수/행정직",경력 4년↑,정규직,울산,,2026-09-09,https://www.catch.co.kr/Comp/CompDetail/T32254/Recruit/567873,,2026-09-07 17:58:12
캐치,카카오스타일,[인턴] 사업 전략 기획 매니저 채용,"기획/전략/경영, 마케팅/PR/분석",신입,인턴,경기,,2026-10-25,https://www.catch.co.kr/Comp/CompDetail/E91129/Recruit/567870,,2026-09-07 17:58:12
캐치,네이버웹툰,네이버 시리즈 콘텐츠 마케터 (체험형 인턴) 채용,"기획/전략/경영, 마케팅/PR/분석",신입,인턴,경기,,2026-09-09,https://www.catch.co.kr/Comp/CompDetail/LG8788/Recruit/567868,,2026-09-07 17:58:12
캐치,컬리,컨텐츠 디자이너 (계약직),콘텐츠/사이트운영,경력무관,계약직,서울,,2026-10-25,https://www.catch.co.kr/Comp/CompDetail/CC1408/Recruit/567866,,2026-09-07 17:58:12
캐치,포항공과대학교,「지역 이공계 대학생 기초역량 강화 지원사업」 사업운영 및 연구행정 전담인력 채용,"기획/전략/경영, 대학교수/행정직, 사무/총무/법무, 재무/세무/IR",경력,계약직,경북,,2026-10-23,https://www.catch.co.kr/Comp/CompDetail/IR7191/Recruit/567865,,2026-09-07 17:58:12
캐치,GS리테일,('26년 9월) 편의점BU 신선강화지원팀 검품담당 계약직 채용,"생산/제조/설비/조립, 생산관리/공정관리/품질관리",경력,계약직,경기,,2026-09-10,https://www.catch.co.kr/Comp/CompDetail/810045/Recruit/567864,,2026-09-07 17:58:12
캐치,포항공과대학교,「지역 이공계 대학생 기초역량 강화 지원사업」 XR 교육콘텐츠 기획·개발 전담인력 채용,"기획/전략/경영, 웹기획/PM/웹마케팅, 콘텐츠/사이트운영",경력,계약직,경북,,2026-10-23,https://www.catch.co.kr/Comp/CompDetail/IR7191/Recruit/567863,,2026-09-07 17:58:12
캐치,브이엔티지,[인턴] 제조 AX 컨설팅 채용연계형 인턴 채용,"마케팅/PR/분석, 사무보조/문서작성, 설문/통계/리서치, 웹기획/PM/웹마케팅",신입,인턴,서울,,2026-09-30,https://www.catch.co.kr/Comp/CompDetail/LH3214/Recruit/567862,,2026-09-07 17:58:12
캐치,충남대학교병원,[세종] 2026년 8월 보조금계약직 직원 채용,간호사,경력,계약직,세종/대전,,2026-09-08,https://www.catch.co.kr/Comp/CompDetail/042270/Recruit/567856,,2026-09-07 17:58:12
캐치,대구경북첨단의료산업진흥재단,2026년 제2차 직원 채용,"경영분석/컨설턴트, 기획/전략/경영, 마케팅/PR/분석, 바이오/제약/식품, 빅데이터/AI, 생산/제조/설비/조립, 약사/한약사/약무보조, 자동차/조선/기계, 재무/세무/IR, 전기/소방/통신/안전, 전기/전자/제어, 화학/에너지/환경",경력,정규직,대구,,2026-09-09,https://www.catch.co.kr/Comp/CompDetail/G04195/Recruit/567855,,2026-09-07 17:58:12
캐치,다쏘시스템코리아,TP - Sales Operations 채용,"기획/전략/경영, 영업관리/지원/영업기획",경력 5~7년,정규직,서울,,2026-09-19,https://www.catch.co.kr/Comp/CompDetail/413617/Recruit/567854,,2026-09-07 17:58:12
캐치,KT텔레캅,[kt telecop] 2026년 IT분야(IT인프라 운영/관리) 채용,"네트워크/서버/보안, ERP/시스템개발/설계",경력 10년↑,계약직,서울,,2026-09-07,https://www.catch.co.kr/Comp/CompDetail/480449/Recruit/567853,,2026-09-07 17:58:12
캐치,한국맥도날드,CSI (Cybersecurity & Infrastructure) Consultant 채용,"네트워크/서버/보안, 웹기획/PM/웹마케팅",경력 8년↑,기타,서울,,2026-10-30,https://www.catch.co.kr/Comp/CompDetail/310441/Recruit/567852,,2026-09-07 17:58:12
캐치,한국맥도날드,Accountant 채용,"경리/회계/결산, 재무/세무/IR",경력 3년↑,기타,서울,,2026-10-10,https://www.catch.co.kr/Comp/CompDetail/310441/Recruit/567851,,2026-09-07 17:58:12
캐치,다쏘시스템코리아,Korea HR Leader 채용,인사/노무/교육,경력 10~15년,정규직,서울,,2026-09-26,https://www.catch.co.kr/Comp/CompDetail/413617/Recruit/567850,,2026-09-07 17:58:12
캐치,파이널나인,(주) 파이널나인 정규직 매니저님 모집합니다.,외식/식음료,경력무관,정규직,대구,,2026-10-25,https://www.catch.co.kr/Comp/CompDetail/JC6907/Recruit/567845,,2026-09-07 17:58:12
캐치,중소벤처기업진흥공단,[일반직] 2026년 하반기 채용 #공채,"기획/전략/경영, 네트워크/서버/보안, 법률/특허/상표, 빅데이터/AI, 설문/통계/리서치, 세무/회계/CPA, 재무/세무/IR, 증권/투자/펀드/외환, 채권/보험/보상/심사",경력 2년↑,정규직,경남/전국,,2026-09-10,https://www.catch.co.kr/Comp/CompDetail/RA5938/Recruit/567844,,2026-09-07 17:58:12
캐치,다쏘시스템코리아,KOREA Facilities Specialist Intern 채용,사무/총무/법무,신입,인턴,서울/부산,,2026-09-28,https://www.catch.co.kr/Comp/CompDetail/413617/Recruit/567843,,2026-09-07 17:58:12
캐치,다쏘시스템코리아,PLM Service Engineer 채용,"웹기획/PM/웹마케팅, QA/테스트/검증",경력 5~7년,정규직,서울,,2026-10-02,https://www.catch.co.kr/Comp/CompDetail/413617/Recruit/567838,,2026-09-07 17:58:12
캐치,한국에너지기술평가원,2026년도 제3차 신규직원 채용,"법률/특허/상표, 사무/총무/법무, 화학/에너지/환경",경력,정규직/계약직,서울,,2026-09-11,https://www.catch.co.kr/Comp/CompDetail/C97545/Recruit/567837,,2026-09-07 17:58:12
캐치,다쏘시스템코리아,PLM Project Manager 채용,웹기획/PM/웹마케팅,경력 8~10년,정규직,서울,,2026-10-02,https://www.catch.co.kr/Comp/CompDetail/413617/Recruit/567835,,2026-09-07 17:58:12
캐치,다쏘시스템코리아,Senior Sales Manager (B2G & Public sector) 채용,"기획/전략/경영, 사무/총무/법무, B2B영업/기술영업",경력 8~10년,정규직,경남,,2026-10-16,https://www.catch.co.kr/Comp/CompDetail/413617/Recruit/567834,,2026-09-07 17:58:12
캐치,부산대학교병원,"[양산] 2026년도 일반직(행정, 보건, 시설, 원무직) 신규직원 블라인드 공개채용 #공채","사무/총무/법무, 사무보조/문서작성, 의료기사, 자동차/조선/기계, 전기/소방/통신/안전, 전기/전자/제어",신입,정규직,경남,,2026-09-08,https://www.catch.co.kr/Comp/CompDetail/369498/Recruit/567833,,2026-09-07 17:58:12
캐치,부산대학교병원,[양산] 2026년도 일반직(간호직) 신규직원 블라인드 공개채용,간호사,신입,정규직,경남,,2026-09-08,https://www.catch.co.kr/Comp/CompDetail/369498/Recruit/567826,,2026-09-07 17:58:12
캐치,부산대학교병원,"2026년도 일반직(행정, 보건, 간호조무, 원무직) 신규직원 블라인드 공개채용 #공채","간호조무사, 사무/총무/법무, 사무보조/문서작성, 의료기사",신입,정규직,부산/경남,,2026-09-08,https://www.catch.co.kr/Comp/CompDetail/369498/Recruit/567823,,2026-09-07 17:58:12
캐치,국립암센터,정규직 사무직 채용,"사무/총무/법무, 사무보조/문서작성, 설문/통계/리서치",신입,정규직,경기,,2026-09-11,https://www.catch.co.kr/Comp/CompDetail/216370/Recruit/567818,,2026-09-07 17:58:12
캐치,LG경영개발원,[LG AI연구원] Software Engineer - Backend 채용,"네트워크/서버/보안, 응용프로그램개발, DBA/데이터베이스, ERP/시스템개발/설계",경력 3~5년,기타,서울,,2026-10-25,https://www.catch.co.kr/Comp/CompDetail/812650/Recruit/567817,,2026-09-07 17:58:12
캐치,국립암센터,[260825] 청년인턴 채용,"사무/원무/코디, 사무/총무/법무, 사무보조/문서작성",신입,인턴,경기,,2026-09-09,https://www.catch.co.kr/Comp/CompDetail/216370/Recruit/567816,,2026-09-07 17:58:12
캐치,무하유,무하유 고객센터(CS/CX) 상담원 채용 (계약직),고객관리/인바운드,경력무관,계약직,서울,,2026-09-25,https://www.catch.co.kr/Comp/CompDetail/AE025/Recruit/567813,,2026-09-07 17:58:12
캐치,크레이버코퍼레이션,[SKIN1004] 국내 마케팅 체험형 인턴(광고 소재 기획),마케팅/PR/분석,경력무관,인턴,서울,,2026-10-24,https://www.catch.co.kr/Comp/CompDetail/L90377/Recruit/567812,,2026-09-07 17:58:13
캐치,미래엔,데이터 사이언티스트 채용,빅데이터/AI,경력 8년↑,정규직,서울,,2026-10-24,https://www.catch.co.kr/Comp/CompDetail/340170/Recruit/567809,,2026-09-07 17:58:13
캐치,다인정공,[신입/경력] 마케팅부문 영업관리 담당자 채용,"구매/자재/재고, 기획/전략/경영, 배송/택배/운전, 영업관리/지원/영업기획",경력 5~7년,정규직,경기,,2026-12-31,https://www.catch.co.kr/Comp/CompDetail/008226/Recruit/567805,,2026-09-07 17:58:13
캐치,뷰티셀렉션,[바이오던스] CFO Office FP&A 인턴,재무/세무/IR,신입,인턴,서울,,2026-10-24,https://www.catch.co.kr/Comp/CompDetail/JZ2711/Recruit/567803,,2026-09-07 17:58:13
캐치,신한투자증권,결제업무1부 경력직 채용,"사무/총무/법무, 증권/투자/펀드/외환",경력 3년↑,계약직,서울,,2026-09-13,https://www.catch.co.kr/Comp/CompDetail/860280/Recruit/567799,,2026-09-07 17:58:13
캐치,신한투자증권,데이터마케팅부 경력직 채용,"기획/전략/경영, 마케팅/PR/분석, 빅데이터/AI, 웹기획/PM/웹마케팅, 콘텐츠/사이트운영",경력 3년↑,계약직,서울,,2026-09-13,https://www.catch.co.kr/Comp/CompDetail/860280/Recruit/567798,,2026-09-07 17:58:13
캐치,한국아즈빌,각 사업부 채용형 인턴 및 경력직 채용,"고객관리/인바운드, 영업관리/지원/영업기획, 일반영업, B2B영업/기술영업",경력,정규직/인턴,서울/전남/광주,,2026-09-13,https://www.catch.co.kr/Comp/CompDetail/131797/Recruit/567794,,2026-09-07 17:58:13
캐치,젠스타메이트,[경력] 상업용 부동산 매입매각(Capital Markets) 채용,"경영분석/컨설턴트, 마케팅/PR/분석, 설문/통계/리서치, 증권/투자/펀드/외환",경력 8년↑,계약직,서울,,2026-10-24,https://www.catch.co.kr/Comp/CompDetail/I78585/Recruit/567793,,2026-09-07 17:58:13
캐치,현진스포텍,베트남법인 생산관리(의류) 신입 및 경력직 채용,"생산/제조/설비/조립, 생산관리/공정관리/품질관리",경력 12년↓,정규직,베트남,,2026-10-24,https://www.catch.co.kr/Comp/CompDetail/005470/Recruit/567792,,2026-09-07 17:58:13
캐치,한화에어로스페이스,2026년 하반기 대규모 신입사원 채용 #설명회,"구매/자재/재고, 기계설계/CAD/CAM, 기획/전략/경영, 생산/제조/설비/조립, 생산관리/공정관리/품질관리, 인사/노무/교육, 자동차/조선/기계, 재무/세무/IR, 전기/전자/제어",신입,정규직/인턴,경남/경기/대전/서울/충남/충북/전남광주,,2026-09-20,https://www.catch.co.kr/Comp/CompDetail/380784/Recruit/567791,,2026-09-07 17:58:13
캐치,젠스타메이트,[경력] 상업용 부동산 리서치 리드급 채용,"경영분석/컨설턴트, 마케팅/PR/분석, 설문/통계/리서치",경력 8년↑,계약직,서울,,2026-10-24,https://www.catch.co.kr/Comp/CompDetail/I78585/Recruit/567790,,2026-09-07 17:58:13
캐치,현진스포텍,베트남법인 법인관리 경력직(킴리엔법인) 채용,"사무/총무/법무, 재무/세무/IR",경력 4~12년,정규직,베트남,,2026-10-24,https://www.catch.co.kr/Comp/CompDetail/005470/Recruit/567789,,2026-09-07 17:58:13
캐치,젠스타메이트,[경력] PM 채용,"건축/설계/인테리어, 부동산/중개/분양/경매, 재무/세무/IR, 전기/소방/통신/안전",경력 5년↑,계약직,서울,,2026-10-24,https://www.catch.co.kr/Comp/CompDetail/I78585/Recruit/567788,,2026-09-07 17:58:13
캐치,젠스타메이트,[경력] Value Add 채용,"건축/설계/인테리어, 경영분석/컨설턴트, 시공/현장/감리/공무",경력 5년↑,계약직,서울,,2026-10-24,https://www.catch.co.kr/Comp/CompDetail/I78585/Recruit/567786,,2026-09-07 17:58:13
캐치,컬리,[컬리] 안산물류센터 현장 운영 담당자,배송/택배/운전,경력 1~5년,정규직,경기,,2026-10-24,https://www.catch.co.kr/Comp/CompDetail/CC1408/Recruit/567785,,2026-09-07 17:58:13
캐치,메트라이프생명보험,Underwriting Product Owner 채용,"사무/총무/법무, 설문/통계/리서치, 채권/보험/보상/심사",경력 5년↑,정규직,서울,,2026-10-19,https://www.catch.co.kr/Comp/CompDetail/821489/Recruit/567784,,2026-09-07 17:58:13
캐치,메트라이프생명보험,Product Designer 채용,"설문/통계/리서치, 채권/보험/보상/심사",경력 3~8년,정규직,서울,,2026-10-24,https://www.catch.co.kr/Comp/CompDetail/821489/Recruit/567783,,2026-09-07 17:58:13
캐치,비아이매트릭스,2026년 하반기 신입 채용 #공채,"네트워크/서버/보안, 빅데이터/AI, 웹개발, 응용프로그램개발",신입,정규직,서울,,2026-09-24,https://www.catch.co.kr/Comp/CompDetail/C05422/Recruit/567781,,2026-09-07 17:58:13
캐치,후니드,서울 워커힐 호텔 직원식당 영양사 채용,요리/영양/제과제빵/바리스타,경력 3년↑,기타,서울,,2026-09-11,https://www.catch.co.kr/Comp/CompDetail/498103/Recruit/567779,,2026-09-07 17:58:13
캐치,메트라이프생명보험,Investment Accounting Professional 채용,"사무/총무/법무, 재무/세무/IR",경력 2~10년,정규직,서울,,2026-10-24,https://www.catch.co.kr/Comp/CompDetail/821489/Recruit/567778,,2026-09-07 17:58:13
캐치,NHN KCP,[UI팀] UI/UX 디자이너 (5~7년) 채용,HTML/퍼블리싱/UI개발,경력 5~7년,정규직,서울,,2026-09-30,https://www.catch.co.kr/Comp/CompDetail/053138/Recruit/567777,,2026-09-07 17:58:13
캐치,후니드,경기 이천SK하이닉스 조리사 (신입/경력) 채용,요리/영양/제과제빵/바리스타,경력,정규직,경기,,2026-09-11,https://www.catch.co.kr/Comp/CompDetail/498103/Recruit/567776,,2026-09-07 17:58:13
캐치,NHN KCP,[이커머스영업팀] PG 가맹점 영업 및 제휴 담당 채용,"기획/전략/경영, 영업관리/지원/영업기획, B2B영업/기술영업",경력,정규직,서울,,2026-10-24,https://www.catch.co.kr/Comp/CompDetail/053138/Recruit/567774,,2026-09-07 17:58:13
캐치,롯데쇼핑,2026년 8월 롯데마트·롯데슈퍼 e광고/CRM 경력사원 채용,"기획/전략/경영, 마케팅/PR/분석",경력 3년↑,정규직,서울,,2026-09-08,https://www.catch.co.kr/Comp/CompDetail/620068/Recruit/567773,,2026-09-07 17:58:13
캐치,부산정보산업진흥원,"2026년 4차 계약직(일반(4급,5급, 육휴대체)) 채용","게임, 기획/전략/경영, 네트워크/서버/보안, 빅데이터/AI, 사무/총무/법무",경력,계약직,부산,,2026-09-14,https://www.catch.co.kr/Comp/CompDetail/227266/Recruit/567772,,2026-09-07 17:58:13
캐치,롯데쇼핑,2026년 8월 롯데마트·롯데슈퍼 VMD 경력사원 채용,"그래픽디자인/CG, 의류/패션/잡화디자인, 전시/공간디자인",경력 2년↑,정규직,서울,,2026-09-08,https://www.catch.co.kr/Comp/CompDetail/620068/Recruit/567771,,2026-09-07 17:58:13
캐치,한국네트웍스,[판교_본사] 이커머스 운영/개발 채용,"네트워크/서버/보안, 웹개발, 응용프로그램개발",경력 7년↑,정규직,경기,,2026-10-31,https://www.catch.co.kr/Comp/CompDetail/153529/Recruit/567766,,2026-09-07 17:58:13
캐치,하나금융티아이,[하나금융융합기술원] 전략기획 담당 경력사원 채용,"기획/전략/경영, 설문/통계/리서치",경력 2년↑,정규직,서울/인천,,2026-09-07,https://www.catch.co.kr/Comp/CompDetail/291250/Recruit/567765,,2026-09-07 17:58:13
캐치,젠스타메이트,[신입/경력] 기업 부동산 자산 관리(부산) 채용,"부동산/중개/분양/경매, 사무/총무/법무",경력,계약직,부산,,2026-10-24,https://www.catch.co.kr/Comp/CompDetail/I78585/Recruit/567764,,2026-09-07 17:58:13
캐치,하나금융티아이,[하나금융융합기술원] AI Quant Researcher 채용,빅데이터/AI,경력,정규직,서울,,2026-09-07,https://www.catch.co.kr/Comp/CompDetail/291250/Recruit/567763,,2026-09-07 17:58:13
캐치,젠스타메이트,[경력] 기업 부동산 자산 관리(수원) 채용,"부동산/중개/분양/경매, 사무/총무/법무",경력,계약직,경기,,2026-10-24,https://www.catch.co.kr/Comp/CompDetail/I78585/Recruit/567762,,2026-09-07 17:58:15
캐치,예가람저축은행,2026년 하반기 각 부문별 [신입/경력] 직원 공개 채용 #공채,"고객관리/인바운드, 고객관리/인바운드/아웃바운드, 사무/총무/법무, 채권/보험/보상/심사",경력 2년↑,계약직,서울,,2026-09-13,https://www.catch.co.kr/Comp/CompDetail/377714/Recruit/567761,,2026-09-07 17:58:15
캐치,한국환경공단,2026년도 신입직원 채용 #공채,"건축/설계/인테리어, 경리/회계/결산, 기획/전략/경영, 사무/총무/법무, 인사/노무/교육, 자동차/조선/기계, 재무/세무/IR, 전기/전자/제어, 토목/조경/도시/측량, 화학/에너지/환경, 환경/플랜트",신입,정규직/계약직,인천/전국,,2026-09-08,https://www.catch.co.kr/Comp/CompDetail/F04183/Recruit/567760,,2026-09-07 17:58:15
캐치,하나금융티아이,[하나금융융합기술원] Data Science 연구 경력사원 채용,빅데이터/AI,경력 3년↑,정규직,서울,,2026-09-07,https://www.catch.co.kr/Comp/CompDetail/291250/Recruit/567759,,2026-09-07 17:58:15
캐치,젠스타메이트,[경력] 상업용 부동산 컨설팅(과/차장급) 채용,"경영분석/컨설턴트, 부동산/중개/분양/경매",경력 5년↑,계약직,서울,,2026-10-24,https://www.catch.co.kr/Comp/CompDetail/I78585/Recruit/567758,,2026-09-07 17:58:15
캐치,에이치케이금융파트너스,[HK금융파트너스] 회계(결산) 경력 채용,"경리/회계/결산, 재무/세무/IR",경력 5년↑,정규직/계약직,서울,,2026-09-13,https://www.catch.co.kr/Comp/CompDetail/QF1354/Recruit/567757,,2026-09-07 17:58:15
캐치,JYP엔터테인먼트,전략 투자 (경력) 채용,"기획/전략/경영, 사무/총무/법무, 재무/세무/IR",경력 3년↑,정규직,서울,,2026-10-24,https://www.catch.co.kr/Comp/CompDetail/609790/Recruit/567756,,2026-09-07 17:58:15
캐치,JYP엔터테인먼트,사무 (경력) 채용,"경리/회계/결산, 사무/총무/법무, 재무/세무/IR",경력 3~7년,정규직,서울,,2026-10-24,https://www.catch.co.kr/Comp/CompDetail/609790/Recruit/567755,,2026-09-07 17:58:15
캐치,JYP엔터테인먼트,마케팅 (경력) 채용,"기획/전략/경영, 마케팅/PR/분석",경력,정규직,서울,,2026-10-24,https://www.catch.co.kr/Comp/CompDetail/609790/Recruit/567754,,2026-09-07 17:58:15
캐치,영화진흥위원회,2026년 공무직(시설관리_유지/안전관리) 공개채용,전기/소방/통신/안전,신입,계약직,부산,,2026-09-09,https://www.catch.co.kr/Comp/CompDetail/073979/Recruit/567752,,2026-09-07 17:58:15
캐치,JYP엔터테인먼트,사무 (신입/경력) 채용 *보훈 제한 경쟁* ,"사무/총무/법무, 사무보조/문서작성, 재무/세무/IR",경력 3년↓,정규직,서울,,2026-10-24,https://www.catch.co.kr/Comp/CompDetail/609790/Recruit/567751,,2026-09-07 17:58:15
캐치,KG이니시스,정산팀 정규직 채용(신입 및 경력),"경리/회계/결산, 재무/세무/IR",경력 3년↓,정규직,서울,,2026-09-20,https://www.catch.co.kr/Comp/CompDetail/818038/Recruit/567748,,2026-09-07 17:58:15
캐치,에이프로젠,바이오사업부 총무팀 신입/경력 채용,"사무/총무/법무, 재무/세무/IR",경력,정규직,경기,,2026-09-07,https://www.catch.co.kr/Comp/CompDetail/512281/Recruit/567747,,2026-09-07 17:58:15
캐치,KG이니시스,플랫폼제휴영업팀 정규직 채용(신입 및 경력),"기획/전략/경영, 영업관리/지원/영업기획, B2B영업/기술영업",경력무관,정규직,서울,,2026-09-10,https://www.catch.co.kr/Comp/CompDetail/818038/Recruit/567746,,2026-09-07 17:58:15
캐치,제뉴원사이언스,설비관리 직무 경력사원 채용,"기계설계/CAD/CAM, 사무/총무/법무, 전기/소방/통신/안전, 전기/전자/제어",경력 3년↑,정규직,세종,,2026-09-08,https://www.catch.co.kr/Comp/CompDetail/LY5132/Recruit/567745,,2026-09-07 17:58:15
캐치,볼보그룹코리아,Safety Engineer 경력사원 채용,"시설/보안/경비/안전, 전기/소방/통신/안전",경력 15년↑,정규직,서울,,2026-09-08,https://www.catch.co.kr/Comp/CompDetail/922641/Recruit/567744,,2026-09-07 17:58:15
캐치,YG엔터테인먼트,[8월 수시채용] 콘텐츠 검수 담당자 (리더) 채용,"기획/전략/경영, 생산/제조/설비/조립, 콘텐츠/사이트운영",경력 10년↑,정규직,서울,,2026-09-07,https://www.catch.co.kr/Comp/CompDetail/139632/Recruit/567743,,2026-09-07 17:58:15
캐치,세종대학교,2026 일본취업설명회,"웹개발, 응용프로그램개발, 자동차/조선/기계, 전기/전자/제어",경력무관,기타,서울/일본,,2026-09-10,https://www.catch.co.kr/Comp/CompDetail/042267/Recruit/567741,,2026-09-07 17:58:15
캐치,본푸드서비스,2026년 08월 인턴영양사(천안) 수시채용,요리/영양/제과제빵/바리스타,경력무관,인턴,충남,,2026-09-30,https://www.catch.co.kr/Comp/CompDetail/292745/Recruit/567740,,2026-09-07 17:58:15
캐치,대동로보틱스,26년3분기) 제품기획 경력사원 채용,"기획/전략/경영, 상품기획/MD, 설문/통계/리서치",경력,정규직,서울,,2026-09-27,https://www.catch.co.kr/Comp/CompDetail/A2097/Recruit/567734,,2026-09-07 17:58:15
캐치,에프에스티,[부설연구소] 광학 엔지니어 채용,"빅데이터/AI, 생산관리/공정관리/품질관리, 화학/에너지/환경",경력 8년↑,정규직,경기,,2026-10-24,https://www.catch.co.kr/Comp/CompDetail/093009/Recruit/567728,,2026-09-07 17:58:15
캐치,에프에스티,[TCU사업부 영업팀] 국내영업 채용,"마케팅/PR/분석, 영업관리/지원/영업기획, B2B영업/기술영업",경력,정규직,경기,,2026-10-24,https://www.catch.co.kr/Comp/CompDetail/093009/Recruit/567725,,2026-09-07 17:58:15
캐치,코스메카코리아,마케팅전략 및 상품기획 담당자 채용,"마케팅/PR/분석, 상품기획/MD",경력 2~5년,정규직,경기,,2026-09-07,https://www.catch.co.kr/Comp/CompDetail/200754/Recruit/567723,,2026-09-07 17:58:15
캐치,에이피알,[R&D] 의료기기(스킨부스터/필러) 연구개발 경력사원 모집,바이오/제약/식품,경력 7~15년,정규직,서울,,2026-10-24,https://www.catch.co.kr/Comp/CompDetail/M23872/Recruit/567722,,2026-09-07 17:58:15
캐치,에프에스티,[APS사업부 Biz팀] 장비 영업 채용,"기획/전략/경영, 반도체/디스플레이, 일반영업",경력 6~10년,정규직,경기,,2026-10-24,https://www.catch.co.kr/Comp/CompDetail/093009/Recruit/567721,,2026-09-07 17:58:15
캐치,애경산업,[정규직/초대졸전형] 화장품 브랜드 디지털 영업지원 담당 채용,"경리/회계/결산, 구매/자재/재고, 영업관리/지원/영업기획",경력무관,정규직,서울,,2026-09-07,https://www.catch.co.kr/Comp/CompDetail/353574/Recruit/567720,,2026-09-07 17:58:15
캐치,LS머트리얼즈,[LS머트리얼즈] 연구개발 경력직(석/박사) 채용,전기/전자/제어,경력 3~10년,정규직,경기,,2026-09-27,https://www.catch.co.kr/Comp/CompDetail/MB6175/Recruit/567717,,2026-09-07 17:58:15
캐치,비즈테크아이,어플리케이션 아키텍트(클라우드·컨테이너) 채용 (경력),"응용프로그램개발, ERP/시스템개발/설계",경력 3년↑,정규직/계약직,서울,,2026-10-31,https://www.catch.co.kr/Comp/CompDetail/222130/Recruit/567714,,2026-09-07 17:58:15
캐치,CJ포디플렉스,[CJ 4DPLEX] Business Transformation PO 채용,"기획/전략/경영, 네트워크/서버/보안, 빅데이터/AI, 웹기획/PM/웹마케팅",경력 12년↑,계약직,서울,,2026-09-13,https://www.catch.co.kr/Comp/CompDetail/F39230/Recruit/567709,,2026-09-07 17:58:15
캐치,한솔로지스유,[한솔로지스유] 금산 물류운영 신입 채용 ,구매/자재/재고,신입,정규직,충남,,2026-09-13,https://www.catch.co.kr/Comp/CompDetail/OX0734/Recruit/567694,,2026-09-07 17:58:15
캐치,동원에프앤비,해외영업 외국인 경력직 채용 (서울 양재),"기획/전략/경영, 무역영업/해외영업",경력 2년↑,정규직,서울,,2026-10-24,https://www.catch.co.kr/Comp/CompDetail/152859/Recruit/567691,,2026-09-07 17:58:16
캐치,동원에프앤비, 식품 표시사항 경력직 채용 (서울 양재),"마케팅/PR/분석, 바이오/제약/식품, 생산/제조/설비/조립, 생산관리/공정관리/품질관리",경력 2년↑,정규직,서울,,2026-10-24,https://www.catch.co.kr/Comp/CompDetail/152859/Recruit/567689,,2026-09-07 17:58:16
캐치,한솔로지스유,[한솔로지스유] 부천 물류운영 신입 채용 ,구매/자재/재고,신입,정규직,경기,,2026-09-13,https://www.catch.co.kr/Comp/CompDetail/OX0734/Recruit/567688,,2026-09-07 17:58:16
캐치,동원에프앤비,펫사업 영업 경력직 채용 (서울 양재),"기획/전략/경영, 영업관리/지원/영업기획, 일반영업, 판매/캐셔/매장관리, B2B영업/기술영업",경력 2년↑,정규직,서울,,2026-10-24,https://www.catch.co.kr/Comp/CompDetail/152859/Recruit/567687,,2026-09-07 17:58:16
캐치,동원시스템즈,2차전지사업부문 품질관리 수시 채용,"생산/제조/설비/조립, 생산관리/공정관리/품질관리",경력 2년↑,정규직,충남,,2026-10-24,https://www.catch.co.kr/Comp/CompDetail/388742/Recruit/567686,,2026-09-07 17:58:16
캐치,동원에프앤비,공장 안전/환경담당 경력직 채용 (경기 수원),"건축/설계/인테리어, 생산관리/공정관리/품질관리, 시설/보안/경비/안전, 전기/소방/통신/안전, 화학/에너지/환경",경력 3년↑,계약직,경기,,2026-10-24,https://www.catch.co.kr/Comp/CompDetail/152859/Recruit/567684,,2026-09-07 17:58:16
캐치,동원에프앤비,해외영업(일본) 경력직 채용 (서울 양재),"고객관리/인바운드, 기획/전략/경영, 마케팅/PR/분석, 무역영업/해외영업, 설문/통계/리서치, 영업관리/지원/영업기획",경력 5년↑,정규직,서울,,2026-10-24,https://www.catch.co.kr/Comp/CompDetail/152859/Recruit/567682,,2026-09-07 17:58:16
캐치,대우조선해양건설,2026년 경력직[건축현장/공사] 채용,"건축/설계/인테리어, 시공/현장/감리/공무",경력 8년↑,정규직,경기,,2026-10-20,https://www.catch.co.kr/Comp/CompDetail/171934/Recruit/567680,,2026-09-07 17:58:16
캐치,한독헬스케어,건강식품/건강기능식품 리테일 영업 채용,"구매/자재/재고, 기획/전략/경영, 마케팅/PR/분석, 영업관리/지원/영업기획, 일반영업, B2B영업/기술영업",경력 5~8년,기타,서울,,2026-09-30,https://www.catch.co.kr/Comp/CompDetail/RX0765/Recruit/567677,,2026-09-07 17:58:16
캐치,포스코피알테크,2026년 하반기 포스코PR테크 신입사원 채용(기계·전기정비),"자동차/조선/기계, 전기/소방/통신/안전, 전기/전자/제어",신입,계약직,경북,,2026-09-10,https://www.catch.co.kr/Comp/CompDetail/PW3580/Recruit/567675,,2026-09-07 17:58:16
캐치,두산로보틱스,Talent Acquisition Team Leader(팀장) 채용,"인사/노무/교육, 헤드헌팅/노무/직업상담",경력,정규직,경기,,2026-10-24,https://www.catch.co.kr/Comp/CompDetail/HH7744/Recruit/567662,,2026-09-07 17:58:16
캐치,두산로보틱스,Talent Acquisition Manager 채용,인사/노무/교육,경력 4~10년,정규직,경기,,2026-10-24,https://www.catch.co.kr/Comp/CompDetail/HH7744/Recruit/567661,,2026-09-07 17:58:16
캐치,두산로보틱스,글로벌 서비스 엔지니어 채용,"AS/서비스/수리, QA/테스트/검증",경력 3년↑,정규직,경기,,2026-10-24,https://www.catch.co.kr/Comp/CompDetail/HH7744/Recruit/567659,,2026-09-07 17:58:16
캐치,하나은행,퇴직연금관리부 [퇴직연금 DC/IRP 컨설턴트(서울)] 채용,"경영분석/컨설턴트, 사무/총무/법무, 설문/통계/리서치, 증권/투자/펀드/외환",경력 1년↑,계약직,서울,,2026-09-07,https://www.catch.co.kr/Comp/CompDetail/821365/Recruit/567658,,2026-09-07 17:58:16
캐치,하나은행,퇴직연금관리부 [퇴직연금 DC/IRP 컨설턴트 (광주)] 채용,"경영분석/컨설턴트, 사무/총무/법무, 설문/통계/리서치, 증권/투자/펀드/외환",경력 1년↑,계약직,전남광주,,2026-09-07,https://www.catch.co.kr/Comp/CompDetail/821365/Recruit/567656,,2026-09-07 17:58:16
캐치,테크로스,해외영업 부문 경력사원 채용,"무역영업/해외영업, 영업관리/지원/영업기획",경력 2~12년,정규직,부산,,2026-09-08,https://www.catch.co.kr/Comp/CompDetail/OM6654/Recruit/567655,,2026-09-07 17:58:16
캐치,하나은행,퇴직연금관리부 [퇴직연금 DC/IRP 컨설턴트 (부산)] 채용,"경영분석/컨설턴트, 사무/총무/법무, 설문/통계/리서치, 증권/투자/펀드/외환",경력 1년↑,계약직,부산,,2026-09-07,https://www.catch.co.kr/Comp/CompDetail/821365/Recruit/567654,,2026-09-07 17:58:16
캐치,씨티알모빌리티,CTR Mobility 생산기술팀 가공 및 생산기술 (서산) 경력직 채용,생산관리/공정관리/품질관리,경력 3년↑,정규직,충남,,2026-09-30,https://www.catch.co.kr/Comp/CompDetail/061309/Recruit/567653,,2026-09-07 17:58:16
캐치,씨티알모빌리티,CTR Mobility 설비개선팀 설비개선 및 유지보수 (서산) 경력직 채용,"생산관리/공정관리/품질관리, 자동차/조선/기계",경력 5~15년,정규직,충남,,2026-09-30,https://www.catch.co.kr/Comp/CompDetail/061309/Recruit/567652,,2026-09-07 17:58:16
캐치,하나은행,프로젝트금융부 [국내 인프라금융] 채용,"경영분석/컨설턴트, 사무/총무/법무, 증권/투자/펀드/외환",경력 2년↑,계약직,서울,,2026-09-14,https://www.catch.co.kr/Comp/CompDetail/821365/Recruit/567651,,2026-09-07 17:58:16
캐치,딜라이트룸,[알라미] Product Operation Intern,고객관리/인바운드,경력무관,인턴,서울,,2026-09-13,https://www.catch.co.kr/Comp/CompDetail/J20838/Recruit/567646,,2026-09-07 17:58:16
캐치,일진전기,전선구매팀 담당자 채용,"구매/자재/재고, 배송/택배/운전",경력 7년↑,기타,경기,,2026-10-20,https://www.catch.co.kr/Comp/CompDetail/C17778/Recruit/567644,,2026-09-07 17:58:16
캐치,일진전기,리스크관리(계약검토) 채용,사무/총무/법무,경력 3년↑,기타,서울,,2026-10-14,https://www.catch.co.kr/Comp/CompDetail/C17778/Recruit/567643,,2026-09-07 17:58:16
캐치,삼성전자,삼성 청년희망배움터 수강생 모집,"마케팅/PR/분석, 생산/제조/설비/조립, 요리/영양/제과제빵/바리스타, 자동차/조선/기계, 전기/전자/제어, 화물/중장비",경력무관,교육생,대전/전남광주/대구/경북/부산/경남,,2026-09-27,https://www.catch.co.kr/Comp/CompDetail/380725/Recruit/567642,,2026-09-07 17:58:16
캐치,일진전기,재료생산관리 담당자 채용,"생산관리/공정관리/품질관리, 전기/소방/통신/안전",경력,기타,경기,,2026-10-13,https://www.catch.co.kr/Comp/CompDetail/C17778/Recruit/567641,,2026-09-07 17:58:16
캐치,레진엔터테인먼트,레진코믹스 굿즈 IP글로벌 파트너십 담당 (5년 이상) 채용,"기획/전략/경영, 영업관리/지원/영업기획, B2B영업/기술영업",경력 5년↑,정규직,서울,,2026-10-24,https://www.catch.co.kr/Comp/CompDetail/I03955/Recruit/567640,,2026-09-07 17:58:16
캐치,레진엔터테인먼트,레진코믹스/봄툰 웹툰 PD (경력 무관) 채용,"기획/전략/경영, 웹기획/PM/웹마케팅, 콘텐츠/사이트운영",경력무관,정규직/계약직,서울,,2026-10-24,https://www.catch.co.kr/Comp/CompDetail/I03955/Recruit/567639,,2026-09-07 17:58:16
캐치,아워홈,Ourhome Global Chef Recruitment (Contract Position) 채용,"요리/영양/제과제빵/바리스타, 판매/캐셔/매장관리",경력 2년↑,계약직,서울,,2026-09-13,https://www.catch.co.kr/Comp/CompDetail/128372/Recruit/567638,,2026-09-07 17:58:16
캐치,레진엔터테인먼트,일본 마케팅 콘텐츠 마케터 (1년 이상) 채용,"기획/전략/경영, 마케팅/PR/분석",경력 1년↑,정규직,서울,,2026-10-24,https://www.catch.co.kr/Comp/CompDetail/I03955/Recruit/567635,,2026-09-07 17:58:16
캐치,더파운더즈,[재무] 해외 송금 프로세스 운영 및 결산 담당 전환형 인턴,"경리/회계/결산, 재무/세무/IR",경력무관,인턴,서울,,2026-10-24,https://www.catch.co.kr/Comp/CompDetail/AFC74/Recruit/567631,,2026-09-07 17:58:16
캐치,레진엔터테인먼트,레진스낵 플랫폼 일본어 운영 담당 (2년 이상) 채용,"기획/전략/경영, 웨딩/행사/이벤트, 콘텐츠/사이트운영",경력 2~4년,정규직,서울,,2026-10-24,https://www.catch.co.kr/Comp/CompDetail/I03955/Recruit/567630,,2026-09-07 17:58:17
캐치,버킷플레이스,물류센터 총무 담당자 (계약직),사무/총무/법무,경력무관,계약직,서울,,2026-10-24,https://www.catch.co.kr/Comp/CompDetail/A0418/Recruit/567629,,2026-09-07 17:58:17
캐치,비에이티,[인턴] 뷰티 영상 PD (정규직 전환형),마케팅/PR/분석,경력무관,인턴,서울,,2026-10-13,https://www.catch.co.kr/Comp/CompDetail/HT7966/Recruit/567625,,2026-09-07 17:58:17
캐치,하나증권,Private Equity실 경력직 채용,증권/투자/펀드/외환,경력 7년↑,계약직,서울,,2026-09-13,https://www.catch.co.kr/Comp/CompDetail/147568/Recruit/567623,,2026-09-07 17:58:17
캐치,범한메카텍,자금팀 경력사원 채용,"사무/총무/법무, 재무/세무/IR",경력 3년↑,기타,경남,,2026-09-07,https://www.catch.co.kr/Comp/CompDetail/HQ7187/Recruit/567621,,2026-09-07 17:58:17
캐치,레진엔터테인먼트,레진스낵 플랫폼 중국어(번체) 운영 담당 (2년 이상) 채용,기획/전략/경영,경력 2~4년,정규직,서울,,2026-10-24,https://www.catch.co.kr/Comp/CompDetail/I03955/Recruit/567620,,2026-09-07 17:58:17
캐치,LX판토스,중국 법무 분야 채용(현지채용),"법률/특허/상표, 사무/총무/법무",경력,기타,상해,,2026-09-19,https://www.catch.co.kr/Comp/CompDetail/027952/Recruit/567619,,2026-09-07 17:58:17
캐치,LX판토스,중국 상하이 철도영업 채용(현지채용),"영업관리/지원/영업기획, B2B영업/기술영업",경력 5년↑,기타,상해,,2026-09-19,https://www.catch.co.kr/Comp/CompDetail/027952/Recruit/567617,,2026-09-07 17:58:17
캐치,씨티알,전장사업부문 전장통합팀 시험(아산) 경력직 채용,"생산관리/공정관리/품질관리, 자동차/조선/기계, 전기/전자/제어",경력 2~4년,정규직,충남,,2026-09-30,https://www.catch.co.kr/Comp/CompDetail/385360/Recruit/567616,,2026-09-07 17:58:17
캐치,앱솔브랩,유럽 마케팅 인턴 채용,"기획/전략/경영, 마케팅/PR/분석, 설문/통계/리서치",경력무관,인턴,서울,,2026-10-24,https://www.catch.co.kr/Comp/CompDetail/HS2065/Recruit/567615,,2026-09-07 17:58:17
캐치,이노션,데이터 분석 및 컨설팅 (체험형 인턴) 채용,"빅데이터/AI, 사무보조/문서작성, 설문/통계/리서치",신입,인턴,서울,,2026-09-13,https://www.catch.co.kr/Comp/CompDetail/381929/Recruit/567612,,2026-09-07 17:58:17
캐치,아이쓰리시스템,시스템 HW 설계 부문 연구원 채용,"응용프로그램개발, ERP/시스템개발/설계",신입,정규직,대전,,2026-09-13,https://www.catch.co.kr/Comp/CompDetail/167405/Recruit/567611,,2026-09-07 17:58:17
캐치,유안타증권,지점 신입/경력 업무직원 채용(~9/9),고객관리/인바운드,경력,계약직,서울/경기/인천,,2026-09-09,https://www.catch.co.kr/Comp/CompDetail/860255/Recruit/567610,,2026-09-07 17:58:17
캐치,아이쓰리시스템,SW 개발자 채용,"웹개발, 응용프로그램개발, ERP/시스템개발/설계",경력 3~8년,정규직,대전,,2026-09-13,https://www.catch.co.kr/Comp/CompDetail/167405/Recruit/567608,,2026-09-07 17:58:17
캐치,한국국제보건의료재단,[2026-3호] 직원 채용,"기획/전략/경영, 사무/총무/법무, 사무보조/문서작성, 인사/노무/교육, 재무/세무/IR",경력,정규직/인턴/계약직,서울/캄보디아,,2026-09-08,https://www.catch.co.kr/Comp/CompDetail/F06013/Recruit/567607,,2026-09-07 17:58:17
캐치,레진엔터테인먼트,레진 콘텐츠 디자이너 (3년 이상) 채용,"기획/전략/경영, HTML/퍼블리싱/UI개발",경력 3~7년,정규직,서울,,2026-10-24,https://www.catch.co.kr/Comp/CompDetail/I03955/Recruit/567605,,2026-09-07 17:58:17
캐치,레진엔터테인먼트,숏드라마 플랫폼 레진스낵 글로벌 마케팅 담당 (3년 이상) 채용,마케팅/PR/분석,경력 3년↑,정규직,서울,,2026-10-24,https://www.catch.co.kr/Comp/CompDetail/I03955/Recruit/567604,,2026-09-07 17:58:17
캐치,레진엔터테인먼트,레진코믹스 글로벌 퍼포먼스 마케팅 (3년 이상) 채용,마케팅/PR/분석,경력 3년↑,정규직,서울,,2026-10-24,https://www.catch.co.kr/Comp/CompDetail/I03955/Recruit/567603,,2026-09-07 17:58:17
캐치,샘표식품,"사일로 운영(이천, 계약직) 채용","구매/자재/재고, 생산관리/공정관리/품질관리",경력,계약직,경기,,2026-09-13,https://www.catch.co.kr/Comp/CompDetail/HR7687/Recruit/567602,,2026-09-07 17:58:17
캐치,샘표식품,"미생물 발효 및 효소생산 연구 (오송, 계약직) 채용","바이오/제약/식품, 생산관리/공정관리/품질관리, 화학/에너지/환경",경력,계약직,충북,,2026-09-13,https://www.catch.co.kr/Comp/CompDetail/HR7687/Recruit/567600,,2026-09-07 17:58:17
캐치,샘표식품,"유해화학물질 및 안전관리 (이천, 정규직) 채용","전기/소방/통신/안전, 화학/에너지/환경",경력 3년↑,정규직,경기,,2026-09-13,https://www.catch.co.kr/Comp/CompDetail/HR7687/Recruit/567599,,2026-09-07 17:58:17
캐치,레진엔터테인먼트,숏드라마 플랫폼 레진스낵 서비스 기획 (3년 이상) 채용,"기획/전략/경영, 마케팅/PR/분석, 빅데이터/AI",경력 3~8년,정규직,서울,,2026-10-24,https://www.catch.co.kr/Comp/CompDetail/I03955/Recruit/567598,,2026-09-07 17:58:17
캐치,레진엔터테인먼트,리더급 브랜드 마케터 (8년 이상) 채용,마케팅/PR/분석,경력 8년↑,정규직,서울,,2026-10-24,https://www.catch.co.kr/Comp/CompDetail/I03955/Recruit/567597,,2026-09-07 17:58:17
캐치,레진엔터테인먼트,숏드라마 플랫폼 레진스낵  UI/UX 디자이너 (8년 이하) 채용,HTML/퍼블리싱/UI개발,경력 5~8년,정규직,서울,,2026-10-24,https://www.catch.co.kr/Comp/CompDetail/I03955/Recruit/567595,,2026-09-07 17:58:17
캐치,레진엔터테인먼트,콜라보 카페(레봄) 사업 디자이너 (6년 이상) 채용,"건축/설계/인테리어, 마케팅/PR/분석",경력 6년↑,정규직,서울,,2026-10-24,https://www.catch.co.kr/Comp/CompDetail/I03955/Recruit/567592,,2026-09-07 17:58:17
캐치,세메스,설비·부품영업 경력 상시채용,"고객관리/인바운드, 기획/전략/경영, 마케팅/PR/분석, 무역영업/해외영업, B2B영업/기술영업",경력 4년↑,기타,충남/경기,,2026-12-30,https://www.catch.co.kr/Comp/CompDetail/314528/Recruit/567591,,2026-09-07 17:58:17
캐치,세메스,기업홍보·대외협력 경력 상시채용,"마케팅/PR/분석, 전시/컨벤션",경력 6~10년,기타,충남/경기,,2026-12-30,https://www.catch.co.kr/Comp/CompDetail/314528/Recruit/567587,,2026-09-07 17:58:17
캐치,누리미디어,[영업기획] AI 솔루션 B2B 해외 영업 담당 (경력),"영업관리/지원/영업기획, 일반영업, B2B영업/기술영업",경력 1~3년,정규직,서울,,2026-10-24,https://www.catch.co.kr/Comp/CompDetail/IQ7492/Recruit/567586,,2026-09-07 17:58:17
캐치,와이즈플래닛컴퍼니,[뷰티 브랜드 아이레놀] 화장품/뷰티 BM (상품기획 및 개발),"기획/전략/경영, 마케팅/PR/분석, 상품기획/MD, 웹기획/PM/웹마케팅, 화학/에너지/환경",경력무관,정규직,서울,,2026-09-24,https://www.catch.co.kr/Comp/CompDetail/J12612/Recruit/567585,,2026-09-07 17:58:17
캐치,대웅제약,항암제 PM 경력직 (~9/18) 채용,"마케팅/PR/분석, B2B영업/기술영업",경력 3~10년,기타,서울,,2026-09-18,https://www.catch.co.kr/Comp/CompDetail/208595/Recruit/567583,,2026-09-07 17:58:17
캐치,브이엔티지,제조 AX/DX 사업개발 담당자 채용,"네트워크/서버/보안, 영업관리/지원/영업기획, B2B영업/기술영업",경력 8년↑,정규직,서울,,2026-09-30,https://www.catch.co.kr/Comp/CompDetail/LH3214/Recruit/567580,,2026-09-07 17:58:18
캐치,에뛰드,[경력] '26년 ETUDE 경력_e커머스 영업담당 채용,"구매/자재/재고, 기획/전략/경영, 배송/택배/운전, 콘텐츠/사이트운영, B2B영업/기술영업",경력 3년↑,정규직,서울,,2026-09-08,https://www.catch.co.kr/Comp/CompDetail/007960/Recruit/567577,,2026-09-07 17:58:18
캐치,와드(캐치테이블),"Management Trainee (영업/운영, 정규직 전환기회) 채용","고객관리/인바운드, 고객관리/인바운드/아웃바운드, 기획/전략/경영, 마케팅/PR/분석, 일반영업, 판매/캐셔/매장관리, B2B영업/기술영업",경력무관,인턴,경기,,2026-09-13,https://www.catch.co.kr/Comp/CompDetail/HV9227/Recruit/567576,,2026-09-07 17:58:18
캐치,카카오뱅크,AI 엔지니어 채용,"빅데이터/AI, DBA/데이터베이스, ERP/시스템개발/설계",경력 3년↑,정규직,경기,,2026-09-14,https://www.catch.co.kr/Comp/CompDetail/HM8410/Recruit/567574,,2026-09-07 17:58:18
캐치,한국환경연구원,2026년 제13차 인턴직 채용,"사무/총무/법무, 사무보조/문서작성",신입,인턴,세종,,2026-09-08,https://www.catch.co.kr/Comp/CompDetail/538925/Recruit/567573,,2026-09-07 17:58:18
캐치,카카오뱅크,사업 전략 및 제휴 담당자 - 투자 채용,기획/전략/경영,경력 8년↑,정규직,경기,,2026-09-14,https://www.catch.co.kr/Comp/CompDetail/HM8410/Recruit/567571,,2026-09-07 17:58:18
캐치,국립생태원,2026년 신규직원 채용,"교육기획/교재, 배송/택배/운전, 사무/총무/법무, 사무보조/문서작성, 수의사/수의간호, 시설/보안/경비/안전, 요리/영양/제과제빵/바리스타, 의료직기타, 자동차/조선/기계, 전기/소방/통신/안전, 전시/컨벤션, 청소/가사/육아, 통신기술/네트워크구축, 화학/에너지/환경",경력,정규직/인턴/계약직,충남/경남/경북,,2026-09-09,https://www.catch.co.kr/Comp/CompDetail/L04483/Recruit/567569,,2026-09-07 17:58:18
캐치,현대엔지니어링,자산관리사업본부 순회사무소 경력직(계약직) 인재 채용,"건축/설계/인테리어, 시설/보안/경비/안전, 자동차/조선/기계, 재무/세무/IR, 전기/소방/통신/안전, 전기/전자/제어",경력,계약직,서울/경기/대구/전북/인천/경북/경남/부산/울산/충북/충남/대전/강원/전국,,2026-09-14,https://www.catch.co.kr/Comp/CompDetail/160216/Recruit/567568,,2026-09-07 17:58:18
캐치,키다리스튜디오,정보보안 담당자 (5년 이상) 채용,네트워크/서버/보안,경력 5년↑,정규직,서울,,2026-10-24,https://www.catch.co.kr/Comp/CompDetail/612839/Recruit/567566,,2026-09-07 17:58:18
캐치,키다리스튜디오,회계 및 세무 담당 (3년 이상) 채용,"경리/회계/결산, 재무/세무/IR",경력 3~5년,정규직,서울,,2026-10-24,https://www.catch.co.kr/Comp/CompDetail/612839/Recruit/567565,,2026-09-07 17:58:18
캐치,키다리스튜디오,IP 비즈니스 파트 (3년 이상) 채용,"기획/전략/경영, 사무/총무/법무",경력 3년↑,정규직,서울,,2026-10-24,https://www.catch.co.kr/Comp/CompDetail/612839/Recruit/567563,,2026-09-07 17:58:18
캐치,키다리스튜디오,경영관리/손익분석 담당 (3년 이상) 채용,"경리/회계/결산, 재무/세무/IR",경력 3~7년,정규직,서울,,2026-10-24,https://www.catch.co.kr/Comp/CompDetail/612839/Recruit/567560,,2026-09-07 17:58:18
캐치,키다리스튜디오,IP 영상화 기획 제작 담당 (5년 이상) 채용,"기획/전략/경영, 동영상제작/편집",경력 5년↑,정규직,서울,,2026-10-24,https://www.catch.co.kr/Comp/CompDetail/612839/Recruit/567559,,2026-09-07 17:58:18
캐치,키다리스튜디오,봄툰 대만 플랫폼 사업 운영 (3년 이상) 채용,"기획/전략/경영, 마케팅/PR/분석, 설문/통계/리서치",경력 3년↑,정규직,서울,,2026-10-24,https://www.catch.co.kr/Comp/CompDetail/612839/Recruit/567555,,2026-09-07 17:58:18
캐치,키다리스튜디오,전략기획 담당 (5년 이상) 채용,"기획/전략/경영, 마케팅/PR/분석, 설문/통계/리서치",경력 5~10년,정규직,서울,,2026-10-24,https://www.catch.co.kr/Comp/CompDetail/612839/Recruit/567553,,2026-09-07 17:58:18
캐치,포스코A&C,[BIM] 하이테크CM 반도체/플랜트 시설 BIM 분야 PJT전문직 수시채용,"반도체/디스플레이, 환경/플랜트",경력 3년↑,기타,경기,,2026-09-08,https://www.catch.co.kr/Comp/CompDetail/039012/Recruit/567552,,2026-09-07 17:58:18
캐치,세정,[캔버스랩] 브랜드 PM 담당자 경력직 채용,"마케팅/PR/분석, 상품기획/MD, 웹기획/PM/웹마케팅, 화학/에너지/환경",경력 5년↑,정규직,서울,,2026-09-07,https://www.catch.co.kr/Comp/CompDetail/987263/Recruit/567550,,2026-09-07 17:58:18
캐치,한국자동차연구원,2026년 하반기 정규직 채용 #공채,"기계설계/CAD/CAM, 네트워크/서버/보안, 반도체/디스플레이, 응용프로그램개발, 전기/전자/제어, 화학/에너지/환경, DBA/데이터베이스",경력,정규직,충남/경기/인천/대구/전남광주,,2026-09-09,https://www.catch.co.kr/Comp/CompDetail/218257/Recruit/567535,,2026-09-07 17:58:18
캐치,더씨에스알,지속가능경영본부 ESG 전략/공시 컨설턴트 PM 채용,"경영분석/컨설턴트, 기획/전략/경영",경력 5~15년,정규직,서울,,2026-10-24,https://www.catch.co.kr/Comp/CompDetail/M34762/Recruit/567534,,2026-09-07 17:58:18
캐치,더씨에스알,지속가능경영본부 ESG 기후·환경 컨설팅 PM 채용,"경영분석/컨설턴트, 기획/전략/경영",경력 5~15년,정규직,서울,,2026-10-24,https://www.catch.co.kr/Comp/CompDetail/M34762/Recruit/567532,,2026-09-07 17:58:18
캐치,한국산업기술시험원,2026년 정규직 채용,"기계설계/CAD/CAM, 기획/전략/경영, 네트워크/서버/보안, 빅데이터/AI, 사무/총무/법무, 재무/세무/IR, 전기/소방/통신/안전, 전기/전자/제어, 화학/에너지/환경, ERP/시스템개발/설계",신입,인턴,서울/경기/경남/충남/대구/경북/강원,,2026-09-08,https://www.catch.co.kr/Comp/CompDetail/481812/Recruit/567531,,2026-09-07 17:58:18
캐치,GC녹십자엠에스,[GC녹십자MS] QA(경력) 채용 (채용 시 마감),바이오/제약/식품,경력 5년↑,계약직,충북,,채용시 마감,https://www.catch.co.kr/Comp/CompDetail/370884/Recruit/567530,,2026-09-07 17:58:18
캐치,GC녹십자이엠,[GC녹십자EM] 26-23차 회계팀(주니어급) 채용,"경리/회계/결산, 재무/세무/IR",경력 4년↓,정규직,경기,,2026-09-20,https://www.catch.co.kr/Comp/CompDetail/189885/Recruit/567527,,2026-09-07 17:58:18
캐치,에이피알,[CS] 글로벌 CX 운영/기획 경력사원 모집,고객관리/인바운드,경력 2~5년,정규직/인턴,서울,,2026-10-23,https://www.catch.co.kr/Comp/CompDetail/M23872/Recruit/567523,,2026-09-07 17:58:18
캐치,한국보건산업진흥원,2026년 하반기 신규직원(채용형인턴) 채용 #공채,"기획/전략/경영, 바이오/제약/식품, 빅데이터/AI, 사무/총무/법무, 설문/통계/리서치, 인사/노무/교육, 화학/에너지/환경",신입,인턴,충북,,2026-09-07,https://www.catch.co.kr/Comp/CompDetail/053900/Recruit/567515,,2026-09-07 17:58:18
캐치,LS머트리얼즈,[LS머트리얼즈] 2026 신입/경력사원 상시채용,"기획/전략/경영, 마케팅/PR/분석, 사무/총무/법무, 생산/제조/설비/조립, 생산관리/공정관리/품질관리, 영업관리/지원/영업기획, 인사/노무/교육, 전기/전자/제어, 화학/에너지/환경",경력무관,정규직,경기,,2026-10-23,https://www.catch.co.kr/Comp/CompDetail/MB6175/Recruit/567513,,2026-09-07 17:58:18
캐치,무주덕유산리조트,직원 (리프트 정비) 채용,"시설/보안/경비/안전, 전기/소방/통신/안전",경력,기타,전북,,2026-10-23,https://www.catch.co.kr/Comp/CompDetail/036862/Recruit/567510,,2026-09-07 17:58:18
캐치,KT CS,[정규직] 전주센터총괄 AS상담 인바운드 채용 (~09.09),고객관리/인바운드,경력무관,정규직,전북,,2026-09-09,https://www.catch.co.kr/Comp/CompDetail/183634/Recruit/567507,,2026-09-07 17:58:18
캐치,삼정회계법인,[삼정KPMG] Deal Adv 1본부 재무실사 경력직 채용,"기획/전략/경영, 세무/회계/CPA, 재무/세무/IR",경력 2~6년,정규직,서울,,2026-09-13,https://www.catch.co.kr/Comp/CompDetail/156416/Recruit/567495,,2026-09-07 17:58:18
캐치,삼정회계법인,[삼정KPMG] [ITS] 프론트엔드 개발자 채용,웹개발,경력 6년↑,정규직,서울,,2026-09-13,https://www.catch.co.kr/Comp/CompDetail/156416/Recruit/567492,,2026-09-07 17:58:18
캐치,에고이즘,[에고이즘] AX Engineer (채용연계형 인턴),"네트워크/서버/보안, 빅데이터/AI, 응용프로그램개발, DBA/데이터베이스, ERP/시스템개발/설계",경력무관,인턴,서울,,2026-09-23,https://www.catch.co.kr/Comp/CompDetail/QO4566/Recruit/567488,,2026-09-07 17:58:19
캐치,삼정회계법인,[삼정KPMG] BD and Markets 본부 Salesforce Sales Cloud 담당자 채용,"네트워크/서버/보안, ERP/시스템개발/설계",경력 3년↑,계약직,서울,,2026-09-20,https://www.catch.co.kr/Comp/CompDetail/156416/Recruit/567487,,2026-09-07 17:58:19
캐치,트래블월렛,공인 회계사 - 7년 이상,재무/세무/IR,경력 7년↑,정규직,서울,,2026-10-23,https://www.catch.co.kr/Comp/CompDetail/IV1150/Recruit/567483,,2026-09-07 17:58:19
캐치,이노션,[플랫폼] 커머스 플랫폼 기획 채용,"기획/전략/경영, 웹기획/PM/웹마케팅",경력,정규직,서울,,2026-09-13,https://www.catch.co.kr/Comp/CompDetail/381929/Recruit/567476,,2026-09-07 17:58:19
캐치,쁘띠엘린,"[엘리시아] 법인 총괄 재무팀 경력 채용(정규직, 2~6년)","경리/회계/결산, 재무/세무/IR",경력 2~6년,정규직,서울,,2026-10-23,https://www.catch.co.kr/Comp/CompDetail/G25697/Recruit/567472,,2026-09-07 17:58:19
캐치,여기어때컴퍼니,Enterprise Sales Manager 채용,"경영분석/컨설턴트, 영업관리/지원/영업기획, 일반영업, B2B영업/기술영업",경력 3년↑,정규직,서울,,2026-10-23,https://www.catch.co.kr/Comp/CompDetail/HJ3385/Recruit/567471,,2026-09-07 17:58:19
캐치,여기어때컴퍼니,AD Sales Manager [제주지역] 채용,"고객관리/인바운드, 영업관리/지원/영업기획, 일반영업, B2B영업/기술영업",신입,정규직,부산/제주,,2026-10-23,https://www.catch.co.kr/Comp/CompDetail/HJ3385/Recruit/567469,,2026-09-07 17:58:19
캐치,쁘띠엘린,"[엘리시아] 법인 총괄 재무팀 경력 채용(정규직, 6~10년)","경리/회계/결산, 재무/세무/IR",경력 6~10년,정규직,서울,,2026-10-23,https://www.catch.co.kr/Comp/CompDetail/G25697/Recruit/567467,,2026-09-07 17:58:19
캐치,여기어때컴퍼니,AD Sales Manager [강원지역] 채용,"고객관리/인바운드, 영업관리/지원/영업기획, 일반영업, B2B영업/기술영업",신입,정규직,서울/강원,,2026-10-23,https://www.catch.co.kr/Comp/CompDetail/HJ3385/Recruit/567466,,2026-09-07 17:58:19
캐치,핀다,Business Development Intern (채용연계형 인턴),기획/전략/경영,신입,인턴,서울,,2026-10-24,https://www.catch.co.kr/Comp/CompDetail/HJ4334/Recruit/567464,,2026-09-07 17:58:19
캐치,여기어때컴퍼니,AD Sales Manager [경북지역] 채용,"고객관리/인바운드, 영업관리/지원/영업기획, 일반영업, B2B영업/기술영업",신입,정규직,대구,,2026-10-23,https://www.catch.co.kr/Comp/CompDetail/HJ3385/Recruit/567463,,2026-09-07 17:58:19
캐치,여기어때컴퍼니,AD Sales Manager [서울·인천·경기지역] 채용,"고객관리/인바운드, 영업관리/지원/영업기획, 일반영업, B2B영업/기술영업",신입,정규직,서울/경기/인천,,2026-10-23,https://www.catch.co.kr/Comp/CompDetail/HJ3385/Recruit/567461,,2026-09-07 17:58:19
캐치,쁘띠엘린,"[모윰] 디자인팀 경력 채용(정규직, 4년 이상)","광고/시각디자인, 그래픽디자인/CG, 의류/패션/잡화디자인, 제품/산업디자인, 캐릭터/만화/애니",경력 4년↑,정규직,서울,,2026-10-23,https://www.catch.co.kr/Comp/CompDetail/G25697/Recruit/567460,,2026-09-07 17:58:19
캐치,비케이알,26년 외부 9차 버거킹 운영관리직 채용_신입사원전용 채용,"생산관리/공정관리/품질관리, 외식/식음료, 요리/영양/제과제빵/바리스타, 판매/캐셔/매장관리",신입,정규직,서울/전국,,2026-09-09,https://www.catch.co.kr/Comp/CompDetail/I69606/Recruit/567457,,2026-09-07 17:58:19
캐치,에이피알,[디자인] 제품 뷰티 패키지 디자인 보조 계약직 사원 모집,제품/산업디자인,경력무관,계약직,서울,,2026-10-23,https://www.catch.co.kr/Comp/CompDetail/M23872/Recruit/567455,,2026-09-07 17:58:19
캐치,서울의과학연구소,[SCL헬스케어] 센트렐랩 프로젝트 매니저(PM) 채용,"바이오/제약/식품, 생산관리/공정관리/품질관리, 의료기사",경력무관,계약직,경기,,2026-09-30,https://www.catch.co.kr/Comp/CompDetail/098704/Recruit/567454,,2026-09-07 17:58:19
캐치,이랜드월드,[패션] 2026년 미쏘 점장후보 경력채용,"구매/자재/재고, 의류/패션/잡화디자인, 인사/노무/교육, 판매/캐셔/매장관리",경력,기타,서울/전국,,채용시 마감,https://www.catch.co.kr/Comp/CompDetail/637190/Recruit/567447,,2026-09-07 17:58:19
캐치,이랜드월드,"이랜드뮤지엄 신입 및 경력채용 (전시기획 디자이너, 컨서베이터)","기획/전략/경영, 웹기획/PM/웹마케팅, 전시/공간디자인, 전시/컨벤션",경력 6년↓,기타,서울,,2026-09-22,https://www.catch.co.kr/Comp/CompDetail/637190/Recruit/567446,,2026-09-07 17:58:19
캐치,쁘띠엘린,"[모윰] 영업팀 경력 채용(정규직, 2년 이상)",영업관리/지원/영업기획,경력 2년↑,정규직,서울,,2026-10-23,https://www.catch.co.kr/Comp/CompDetail/G25697/Recruit/567445,,2026-09-07 17:58:19
캐치,엘에스에스씨,[LSSC] 바이럴 콘텐츠 PD,"감독/연출/PD, 광고제작/카피/CF, 마케팅/PR/분석",경력무관,정규직,서울,,2026-09-27,https://www.catch.co.kr/Comp/CompDetail/QX2121/Recruit/567440,,2026-09-07 17:58:19
캐치,영풍전자,관리직 채용,"경리/회계/결산, 고객관리/인바운드, 기계설계/CAD/CAM, 생산관리/공정관리/품질관리, 재무/세무/IR, 전기/전자/제어",경력 1년↑,기타,경기,,2026-12-31,https://www.catch.co.kr/Comp/CompDetail/451754/Recruit/567439,,2026-09-07 17:58:19
캐치,에이피알,[경영지원] 아마존/틱톡샵 운영팀 채널 운영 경력사원 모집,"기획/전략/경영, 사무/총무/법무, 사무보조/문서작성",경력 2~5년,정규직,서울,,2026-10-23,https://www.catch.co.kr/Comp/CompDetail/M23872/Recruit/567437,,2026-09-07 17:58:19
캐치,HD현대일렉트릭,(기간연장) 설치·시운전 일반계약직 채용,"전기/소방/통신/안전, AS/서비스/수리",경력,계약직,경기/충북,,2026-09-07,https://www.catch.co.kr/Comp/CompDetail/IP0497/Recruit/567436,,2026-09-07 17:58:19
캐치,엘에스에스씨,[LSSC] 온라인 AMD,"구매/자재/재고, 마케팅/PR/분석, 상품기획/MD",경력무관,정규직,서울,,2026-09-27,https://www.catch.co.kr/Comp/CompDetail/QX2121/Recruit/567435,,2026-09-07 17:58:19
캐치,쁘띠엘린,"[모윰] BM팀 경력 채용(정규직, 1~6년)","구매/자재/재고, 마케팅/PR/분석, 상품기획/MD",경력 1~6년,정규직,서울,,2026-10-23,https://www.catch.co.kr/Comp/CompDetail/G25697/Recruit/567432,,2026-09-07 17:58:19
캐치,한국교직원공제회,2026년 하반기 신입사원 채용,"경리/회계/결산, 기획/전략/경영, 네트워크/서버/보안, 마케팅/PR/분석, 사무/총무/법무, 응용프로그램개발, 인사/노무/교육, 재무/세무/IR, ERP/시스템개발/설계, HTML/퍼블리싱/UI개발",신입,정규직,전국/전남광주/전북/제주/대구/경북/부산/울산/경남,,2026-09-11,https://www.catch.co.kr/Comp/CompDetail/061619/Recruit/567428,,2026-09-07 17:58:19
캐치,LG전자,2026년 하반기 신입사원 채용 #공채,"경리/회계/결산, 구매/자재/재고, 기계설계/CAD/CAM, 마케팅/PR/분석, 배송/택배/운전, 인사/노무/교육, 자동차/조선/기계, 재무/세무/IR, 전기/전자/제어",신입,정규직,경남/경기/서울/인천/전국,,2026-09-13,https://www.catch.co.kr/Comp/CompDetail/196275/Recruit/567424,,2026-09-07 17:58:19
캐치,하나손해보험,법인실 전문영업직원 수시 채용(2026),"고객관리/인바운드, B2B영업/기술영업",경력,기타,서울,,2026-12-31,https://www.catch.co.kr/Comp/CompDetail/227289/Recruit/567423,,2026-09-07 17:58:19
캐치,현대엘앤씨,현대L&C 26년 3분기 사무계약직 (영업지원) 상시채용,"사무보조/문서작성, 영업관리/지원/영업기획",신입,계약직,서울,,2026-10-23,https://www.catch.co.kr/Comp/CompDetail/L91537/Recruit/567411,,2026-09-07 17:58:19
캐치,경기주택도시공사,체험형 인턴사원 모집,"기획/전략/경영, 부동산/중개/분양/경매, 사무/총무/법무, 사무보조/문서작성, 재무/세무/IR",신입,인턴,경기,,2026-09-10,https://www.catch.co.kr/Comp/CompDetail/912344/Recruit/567409,,2026-09-07 17:58:19
캐치,바이오노트,[정규직/신입경력] 미주영업 중남미 영업담당자 인재채용,"마케팅/PR/분석, 무역영업/해외영업, 영업관리/지원/영업기획",경력 8년↓,정규직,경기,,2026-09-13,https://www.catch.co.kr/Comp/CompDetail/383136/Recruit/567408,,2026-09-07 17:58:20
캐치,한화시스템,[방산] 우주사업부 대규모 경력 채용,"네트워크/서버/보안, 반도체/디스플레이, 빅데이터/AI, 응용프로그램개발, 전기/전자/제어, 통신기술/네트워크구축, DBA/데이터베이스, ERP/시스템개발/설계, QA/테스트/검증",경력,정규직,경북/제주,,2026-09-20,https://www.catch.co.kr/Comp/CompDetail/128888/Recruit/567405,,2026-09-07 17:58:20
캐치,코스메카코리아,화장품 패키지 디자인 담당자 채용,제품/산업디자인,경력 3~8년,정규직,경기,,2026-09-20,https://www.catch.co.kr/Comp/CompDetail/200754/Recruit/567397,,2026-09-07 17:58:20
캐치,CJ제일제당,전략디자인센터 Brand & Package Designer 경력 채용,"그래픽디자인/CG, 전시/공간디자인, 제품/산업디자인",경력 3년↑,정규직,서울,,2026-10-23,https://www.catch.co.kr/Comp/CompDetail/494292/Recruit/567396,,2026-09-07 17:58:20
캐치,코스메카코리아,화장품 패키지 개발 담당자 채용,제품/산업디자인,경력 8년↑,정규직,경기,,2026-09-20,https://www.catch.co.kr/Comp/CompDetail/200754/Recruit/567395,,2026-09-07 17:58:20
캐치,CJ제일제당,Global Brand Manager 경력 채용,"기획/전략/경영, 마케팅/PR/분석",경력 7년↑,정규직,서울,,2026-10-23,https://www.catch.co.kr/Comp/CompDetail/494292/Recruit/567394,,2026-09-07 17:58:20
캐치,현대로템,항공우주 분야 신입 채용,"기계설계/CAD/CAM, 기획/전략/경영, 자동차/조선/기계, 전기/소방/통신/안전, 전기/전자/제어",신입,정규직,경기/충남/전남광주,,2026-09-20,https://www.catch.co.kr/Comp/CompDetail/119613/Recruit/567392,,2026-09-07 17:58:20
캐치,CJ제일제당,한국R&D센터 면소스 개발 연구원 경력채용,"바이오/제약/식품, 생산관리/공정관리/품질관리",경력,정규직,경기,,2026-10-23,https://www.catch.co.kr/Comp/CompDetail/494292/Recruit/567391,,2026-09-07 17:58:20
캐치,현대로템,항공우주 분야 경력 채용,"기계설계/CAD/CAM, 기획/전략/경영, 응용프로그램개발, 자동차/조선/기계, 전기/소방/통신/안전, 전기/전자/제어, DBA/데이터베이스",경력,정규직,경기/충남,,2026-09-20,https://www.catch.co.kr/Comp/CompDetail/119613/Recruit/567389,,2026-09-07 17:58:20
캐치,CJ푸드빌,음성공장 경리파트 (재무 담당자) 계약직 채용,"경리/회계/결산, 재무/세무/IR",경력,계약직,충북,,2026-09-07,https://www.catch.co.kr/Comp/CompDetail/145104/Recruit/567387,,2026-09-07 17:58:20
캐치,SK임업,토목현장 안전관리자 채용,"시공/현장/감리/공무, 전기/소방/통신/안전, 토목/조경/도시/측량",경력,계약직,경기,,2026-09-11,https://www.catch.co.kr/Comp/CompDetail/C85548/Recruit/567376,,2026-09-07 17:58:20
캐치,SK임업,2026년 토목현장 품질관리 채용,"생산관리/공정관리/품질관리, 토목/조경/도시/측량, 환경/플랜트",경력,계약직,경기,,2026-09-11,https://www.catch.co.kr/Comp/CompDetail/C85548/Recruit/567375,,2026-09-07 17:58:20
캐치,SK(주) AX,제조 AI · Data 분야 (생성형 AI & Data Lake DevOps) 전문가 (계약직) 채용,"빅데이터/AI, DBA/데이터베이스, ERP/시스템개발/설계",경력 5년↑,계약직,경기/인천,,2026-10-11,https://www.catch.co.kr/Comp/CompDetail/A90BF/Recruit/567367,,2026-09-07 17:58:20
캐치,미래첨단소재,2026 미래첨단소재 채용 (총무),사무/총무/법무,경력 3~7년,정규직,대구,,2026-10-23,https://www.catch.co.kr/Comp/CompDetail/IX7320/Recruit/567361,,2026-09-07 17:58:20
캐치,에고이즘,[에고이즘] 브랜드 MD (채용연계형 인턴),"마케팅/PR/분석, 상품기획/MD, 콘텐츠/사이트운영",경력무관,인턴,서울,,2026-09-23,https://www.catch.co.kr/Comp/CompDetail/QO4566/Recruit/567360,,2026-09-07 17:58:20
캐치,스타디엠코퍼레이션,[아웃바운드 TM] 티맵 골프존 / 기본급270+식대10 /,고객관리/인바운드/아웃바운드,경력,정규직,경기,,2026-09-23,https://www.catch.co.kr/Comp/CompDetail/QX6448/Recruit/567359,,2026-09-07 17:58:20
캐치,엘에스에스씨,[LSSC] UGC 콘텐츠 마케터,마케팅/PR/분석,경력무관,정규직,서울,,2026-09-27,https://www.catch.co.kr/Comp/CompDetail/QX2121/Recruit/567358,,2026-09-07 17:58:20
캐치,하나증권,영업추진실 경력직 채용,"마케팅/PR/분석, HTML/퍼블리싱/UI개발",경력 3년↑,계약직,서울,,2026-09-10,https://www.catch.co.kr/Comp/CompDetail/147568/Recruit/567355,,2026-09-07 17:58:20
캐치,경창산업,중앙연구소 메커니즘설계팀 신입 · 경력 연구원 채용,"기계설계/CAD/CAM, 자동차/조선/기계",경력 5년↑,정규직/인턴,대구,,2026-10-23,https://www.catch.co.kr/Comp/CompDetail/900982/Recruit/567349,,2026-09-07 17:58:20
캐치,경창산업,구매관리팀 신입 · 경력 채용,"구매/자재/재고, 생산관리/공정관리/품질관리, 자동차/조선/기계",경력 2~3년,정규직/인턴,대구,,2026-10-23,https://www.catch.co.kr/Comp/CompDetail/900982/Recruit/567347,,2026-09-07 17:58:20
캐치,경창산업,생산기술팀(생기파트) 경력사원 채용,"기계설계/CAD/CAM, 생산관리/공정관리/품질관리",경력 3~5년,정규직,대구,,2026-10-23,https://www.catch.co.kr/Comp/CompDetail/900982/Recruit/567345,,2026-09-07 17:58:20
캐치,경창산업,전자제어설계팀 (신입/경력) 채용,"응용프로그램개발, 자동차/조선/기계, 전기/전자/제어, ERP/시스템개발/설계",경력 3년↑,정규직/인턴,대구,,2026-10-23,https://www.catch.co.kr/Comp/CompDetail/900982/Recruit/567344,,2026-09-07 17:58:20
캐치,피에스케이홀딩스,경력채용(ITS),"네트워크/서버/보안, ERP/시스템개발/설계, QA/테스트/검증",경력 5년↓,기타,경기,,2026-12-30,https://www.catch.co.kr/Comp/CompDetail/661538/Recruit/567341,,2026-09-07 17:58:20
캐치,피에스케이,경력채용(ITS),"네트워크/서버/보안, ERP/시스템개발/설계, QA/테스트/검증",경력 5년↓,기타,경기,,2026-12-30,https://www.catch.co.kr/Comp/CompDetail/JN5372/Recruit/567339,,2026-09-07 17:58:20
캐치,엘에스에스씨,[LSSC] 콘텐츠 마케터,마케팅/PR/분석,경력무관,정규직,서울,,2026-09-27,https://www.catch.co.kr/Comp/CompDetail/QX2121/Recruit/567337,,2026-09-07 17:58:20
캐치,매일유업,본사 이커머스영업 (대리/과장급) 채용,"마케팅/PR/분석, 일반영업, 콘텐츠/사이트운영",경력 4년↑,정규직,서울,,2026-09-20,https://www.catch.co.kr/Comp/CompDetail/IP7458/Recruit/567330,,2026-09-07 17:58:20
캐치,매일유업,본사 해외영업 직구 (사원/대리급) 채용,"마케팅/PR/분석, 무역사무/수출입, 무역영업/해외영업, 배송/택배/운전, 영업관리/지원/영업기획",경력 2년↑,정규직,서울,,2026-09-20,https://www.catch.co.kr/Comp/CompDetail/IP7458/Recruit/567329,,2026-09-07 17:58:20
캐치,세아제강,2026년 창원공장 기간제 사무행정직 채용,"사무/총무/법무, 사무보조/문서작성, 재무/세무/IR",신입,계약직,경남,,2026-09-07,https://www.catch.co.kr/Comp/CompDetail/JG4190/Recruit/567325,,2026-09-07 17:58:20
캐치,남선알미늄,영업 신입/경력사원 채용,"마케팅/PR/분석, 영업관리/지원/영업기획, 일반영업",경력,기타,대구,,2026-09-20,https://www.catch.co.kr/Comp/CompDetail/380040/Recruit/567323,,2026-09-07 17:58:20
캐치,파이널나인,(주) 파이널나인 정규직 매니저님 모집합니다.,외식/식음료,경력무관,정규직,대구,,2026-10-23,https://www.catch.co.kr/Comp/CompDetail/JC6907/Recruit/567320,,2026-09-07 17:58:20
캐치,콜마비앤에이치,사업관리 신입/경력 채용 (채용시 마감),"경리/회계/결산, 사무보조/문서작성, 재무/세무/IR",경력 3년↓,기타,서울,,2026-12-30,https://www.catch.co.kr/Comp/CompDetail/L73318/Recruit/567318,,2026-09-07 17:58:21
캐치,콜마비앤에이치,세종3공장/음성공장 건강기능식품 품질보증(QA) 경력 채용 (채용시 마감),"바이오/제약/식품, 생산관리/공정관리/품질관리",경력 3~7년,기타,세종/충북,,2026-12-31,https://www.catch.co.kr/Comp/CompDetail/L73318/Recruit/567317,,2026-09-07 17:58:21
캐치,샘표식품,배차/출하관리(B2C) (정규직) 채용,"구매/자재/재고, 배송/택배/운전",경력무관,정규직,경기,,2026-09-13,https://www.catch.co.kr/Comp/CompDetail/HR7687/Recruit/567314,,2026-09-07 17:58:21
캐치,KB손해사정,『 재물(1종) 손해사정사 』 신입/경력사원 수시채용,채권/보험/보상/심사,경력,계약직,서울/대전/광주/대구/부산,,2026-12-31,https://www.catch.co.kr/Comp/CompDetail/695407/Recruit/567302,,2026-09-07 17:58:21
캐치,인천테크노파크,"2026년도 제2차 계약직 채용(공개, 경력경쟁)","기획/전략/경영, 사무/총무/법무",경력,계약직,인천,,2026-09-07,https://www.catch.co.kr/Comp/CompDetail/A00057/Recruit/567301,,2026-09-07 17:58:21
캐치,구미도시공사,2026년 청년 체험형 인턴 공개경쟁채용 #공채,"기획/전략/경영, 사무/총무/법무, 전기/소방/통신/안전",신입,인턴,경북,,2026-09-09,https://www.catch.co.kr/Comp/CompDetail/I42964/Recruit/567298,,2026-09-07 17:58:21
캐치,카카오뱅크,금융기술연구소 콘텐츠 담당자 (계약직) 채용,"기획/전략/경영, 사무보조/문서작성, 웹기획/PM/웹마케팅, 콘텐츠/사이트운영",경력,계약직,경기,,2026-09-11,https://www.catch.co.kr/Comp/CompDetail/HM8410/Recruit/567296,,2026-09-07 17:58:21
캐치,유화증권,결제업무팀 경력직원 채용,"사무/총무/법무, 증권/투자/펀드/외환",경력 1년↑,계약직,서울,,2026-10-23,https://www.catch.co.kr/Comp/CompDetail/860131/Recruit/567295,,2026-09-07 17:58:21
캐치,충남테크노파크,2026년 충남TP 제3차 직원(계약직) 채용,"기획/전략/경영, 네트워크/서버/보안, 바이오/제약/식품, 사무/총무/법무, 재무/세무/IR, 전기/소방/통신/안전, 통신기술/네트워크구축",경력,계약직,충남,,2026-09-10,https://www.catch.co.kr/Comp/CompDetail/385772/Recruit/567294,,2026-09-07 17:58:21
캐치,카카오뱅크,기술연구 사무 어시스턴트 (체험형 인턴) 채용,"사무/총무/법무, 사무보조/문서작성",신입,인턴,경기,,2026-09-11,https://www.catch.co.kr/Comp/CompDetail/HM8410/Recruit/567293,,2026-09-07 17:58:21
캐치,비바리퍼블리카,[토스] Recruiting Assistant,인사/노무/교육,신입,계약직,서울,,2026-10-23,https://www.catch.co.kr/Comp/CompDetail/J13695/Recruit/567270,,2026-09-07 17:58:21
캐치,비나우,[전환형 인턴/경력]  fwee  글로벌  콘텐츠 디자이너_전임직,광고/시각디자인,경력 3년↓,정규직,서울,,2026-10-02,https://www.catch.co.kr/Comp/CompDetail/JG2310/Recruit/567267,,2026-09-07 17:58:21
캐치,GS ITM,SAP ERP ABAP 개발 및 운영 담당자 채용,"경리/회계/결산, 네트워크/서버/보안, 응용프로그램개발, ERP/시스템개발/설계, QA/테스트/검증",경력 1년↑,정규직,서울,,2026-09-20,https://www.catch.co.kr/Comp/CompDetail/385861/Recruit/567264,,2026-09-07 17:58:21
캐치,밀버스,Salesforce Core Developer(경력) 모집,"웹개발, DBA/데이터베이스",경력 5~15년,정규직/계약직,서울,,2026-09-20,https://www.catch.co.kr/Comp/CompDetail/AEEF7/Recruit/567263,,2026-09-07 17:58:21
캐치,GS ITM,SAP ERP 컨설턴트 채용,"경리/회계/결산, 경영분석/컨설턴트, QA/테스트/검증",경력 3년↑,정규직,서울,,2026-09-20,https://www.catch.co.kr/Comp/CompDetail/385861/Recruit/567262,,2026-09-07 17:58:21
캐치,엔카닷컴,Data Analyst (3년 이상) 채용,"빅데이터/AI, DBA/데이터베이스",경력 3~10년,정규직,서울,,2026-10-20,https://www.catch.co.kr/Comp/CompDetail/L68231/Recruit/567261,,2026-09-07 17:58:21
캐치,아주홀딩스,CP(컴플라이언스)담당 신입 및 경력사원 채용,사무/총무/법무,경력 3~5년,정규직,서울,,2026-09-11,https://www.catch.co.kr/Comp/CompDetail/351881/Recruit/567260,,2026-09-07 17:58:21
캐치,NHN클라우드,[NHN Cloud] Database Administrator (DBA),네트워크/서버/보안,경력 3년↑,정규직,경기,,2026-10-20,https://www.catch.co.kr/Comp/CompDetail/OZ4529/Recruit/567259,,2026-09-07 17:58:21
캐치,밀버스,Salesforce Marketing Cloud 컨설턴트(경력) 모집,"웹개발, HTML/퍼블리싱/UI개발",경력 3~8년,정규직/계약직,서울,,2026-09-20,https://www.catch.co.kr/Comp/CompDetail/AEEF7/Recruit/567258,,2026-09-07 17:58:21
캐치,금융보안원,2027년도 신입직원 채용설명회,"기획/전략/경영, 네트워크/서버/보안, 빅데이터/AI",신입,기타,경기,,2026-09-11,https://www.catch.co.kr/Comp/CompDetail/GF5122/Recruit/567256,,2026-09-07 17:58:21
캐치,미소,[O2O 홈서비스 플랫폼 Miso] Content Marketer Intern,마케팅/PR/분석,신입,인턴,서울,,2026-10-20,https://www.catch.co.kr/Comp/CompDetail/HL2299/Recruit/567255,,2026-09-07 17:58:21
캐치,인동에프엔,경력 수시 채용 [E-BIZ],"기획/전략/경영, 마케팅/PR/분석, 콘텐츠/사이트운영",경력 16년↑,정규직,서울,,2026-10-20,https://www.catch.co.kr/Comp/CompDetail/925306/Recruit/567254,,2026-09-07 17:58:21
캐치,비바리퍼블리카,[토스증권] Marketing Creative Assistant,HTML/퍼블리싱/UI개발,경력무관,계약직,서울,,2026-10-20,https://www.catch.co.kr/Comp/CompDetail/J13695/Recruit/567253,,2026-09-07 17:58:21
캐치,대동도어,대동도어(주) 사출사업부 오퍼레이터 경력직 채용,"생산/제조/설비/조립, 생산관리/공정관리/품질관리, 자동차/조선/기계, 포장/가공",경력 3~30년,정규직,인천,,2026-09-30,https://www.catch.co.kr/Comp/CompDetail/187611/Recruit/567250,,2026-09-07 17:58:21
캐치,코텍,해외영업(신입) 담당자 채용,"무역영업/해외영업, 영업관리/지원/영업기획, B2B영업/기술영업",신입,기타,인천,,2026-10-20,https://www.catch.co.kr/Comp/CompDetail/029238/Recruit/567245,,2026-09-07 17:58:21
캐치,코텍,재경팀 원가회계 보조 담당자 채용,재무/세무/IR,경력,기타,인천,,2026-09-30,https://www.catch.co.kr/Comp/CompDetail/029238/Recruit/567244,,2026-09-07 17:58:21
캐치,코텍,FW개발(신입) 담당자 채용,"응용프로그램개발, ERP/시스템개발/설계, QA/테스트/검증",신입,기타,인천,,2026-12-31,https://www.catch.co.kr/Comp/CompDetail/029238/Recruit/567243,,2026-09-07 17:58:21
캐치,케이뱅크,전기통신 금융사기 운영 및 모니터링 업무 담당자 채용,"고객관리/인바운드, 사무/총무/법무",경력,계약직,서울,,2026-12-31,https://www.catch.co.kr/Comp/CompDetail/HM3351/Recruit/567242,,2026-09-07 17:58:21
캐치,케이뱅크,금융 후선업무 담당자 채용,"경영분석/컨설턴트, 고객관리/인바운드, 사무/총무/법무",경력,계약직,서울,,2026-12-31,https://www.catch.co.kr/Comp/CompDetail/HM3351/Recruit/567239,,2026-09-07 17:58:21
캐치,건일제약,생산본부 생산3팀 신입사원 채용,"생산/제조/설비/조립, 생산관리/공정관리/품질관리, 포장/가공",신입,정규직,충남,,2026-10-20,https://www.catch.co.kr/Comp/CompDetail/354244/Recruit/567238,,2026-09-07 17:58:21
캐치,크라운제과,진천공장 관리팀(자재) 사원채용,"구매/자재/재고, 생산관리/공정관리/품질관리, 화물/중장비",경력,계약직,충북,,2026-10-31,https://www.catch.co.kr/Comp/CompDetail/IO0090/Recruit/567237,,2026-09-07 17:58:23
캐치,한화생명보험,2026 한화금융 신입 공개채용 #공채,"기획/전략/경영, 네트워크/서버/보안, 마케팅/PR/분석, 빅데이터/AI, 응용프로그램개발, 증권/투자/펀드/외환, DBA/데이터베이스, ERP/시스템개발/설계",신입,정규직,서울,,2026-09-18,https://www.catch.co.kr/Comp/CompDetail/870013/Recruit/567230,,2026-09-07 17:58:23
캐치,비에이티,Talent Acquisition & HRBP(1~3년차),인사/노무/교육,경력 1~3년,정규직,서울,,2026-09-18,https://www.catch.co.kr/Comp/CompDetail/HT7966/Recruit/567225,,2026-09-07 17:58:23
캐치,스튜디오에스,2026년 스튜디오S 프로듀서 채용,"감독/연출/PD, 재무/세무/IR",경력 5년↓,정규직,서울/경기,,2026-09-14,https://www.catch.co.kr/Comp/CompDetail/116059/Recruit/567223,,2026-09-07 17:58:23
캐치,씨티알,CTR ESG팀 (창원) 경력직 채용,기획/전략/경영,경력 3~8년,정규직,경남,,2026-09-30,https://www.catch.co.kr/Comp/CompDetail/385360/Recruit/567222,,2026-09-07 17:58:23
캐치,건일제약,R&D본부 분석팀 연구원 채용 (신입),바이오/제약/식품,신입,정규직,서울,,2026-10-20,https://www.catch.co.kr/Comp/CompDetail/354244/Recruit/567217,,2026-09-07 17:58:23
캐치,SFA,[공채] 2026년 4차 수시채용_11개 부문 (9월 20일 마감) #공채,"기계설계/CAD/CAM, 네트워크/서버/보안, 무역영업/해외영업, 사무/총무/법무, 웹개발, 응용프로그램개발, 자동차/조선/기계, 전기/소방/통신/안전, 전기/전자/제어, 통신기술/네트워크구축, ERP/시스템개발/설계",경력,정규직,경기/충남,,2026-09-20,https://www.catch.co.kr/Comp/CompDetail/135738/Recruit/567214,,2026-09-07 17:58:23
캐치,삼립,사내 변호사 채용,"법률/특허/상표, 사무/총무/법무",경력 1~3년,정규직,서울,,2026-09-13,https://www.catch.co.kr/Comp/CompDetail/310131/Recruit/567210,,2026-09-07 17:58:23
캐치,미미박스,[미미박스] 재무회계 담당자 (경력),경리/회계/결산,경력 3~5년,정규직,서울,,2026-09-19,https://www.catch.co.kr/Comp/CompDetail/H13569/Recruit/567204,,2026-09-07 17:58:23
캐치,LG전자,[생산기술원] 반도체 패키징 공정 전문가 채용,"기계설계/CAD/CAM, 반도체/디스플레이, 생산관리/공정관리/품질관리",경력,기타,경기,,2026-09-10,https://www.catch.co.kr/Comp/CompDetail/196275/Recruit/567193,,2026-09-07 17:58:23
캐치,LG전자,[생산기술원] 로봇 / AMR HW Platform 개발 채용,기계설계/CAD/CAM,경력 5년↑,기타,경기,,2026-09-10,https://www.catch.co.kr/Comp/CompDetail/196275/Recruit/567192,,2026-09-07 17:58:23
캐치,코오롱생명과학,원료의약품(API) 공정기술 경력사원 상시채용,"바이오/제약/식품, 생산관리/공정관리/품질관리",경력 5년↑,정규직,충북,,2026-12-31,https://www.catch.co.kr/Comp/CompDetail/146681/Recruit/567191,,2026-09-07 17:58:23
캐치,코오롱생명과학,충주공장 API 라인 증설 채용 (채용 완료시 마감),"생산/제조/설비/조립, 생산관리/공정관리/품질관리",신입,정규직/인턴,충북,,2026-09-30,https://www.catch.co.kr/Comp/CompDetail/146681/Recruit/567188,,2026-09-07 17:58:23
캐치,씨티알,CTR 샤시부문 품질관리팀 품질관리/보증 (대합) 경력직 채용,"생산관리/공정관리/품질관리, 자동차/조선/기계, 전기/전자/제어",경력 3~10년,정규직,경남,,2026-09-30,https://www.catch.co.kr/Comp/CompDetail/385360/Recruit/567187,,2026-09-07 17:58:23
캐치,CJ ENM,플랫폼 사업전략_경력채용,"기획/전략/경영, 마케팅/PR/분석",경력 4년↑,정규직,서울,,2026-10-18,https://www.catch.co.kr/Comp/CompDetail/039944/Recruit/567172,,2026-09-07 17:58:23
캐치,비상교육,[IT] Data Engineer 채용,"빅데이터/AI, 웹개발, DBA/데이터베이스",경력 3년↓,정규직,경기,,2026-10-20,https://www.catch.co.kr/Comp/CompDetail/277709/Recruit/567166,,2026-09-07 17:58:23
캐치,비상교육,[IT] GPU 최적화 엔지니어 (DevOps) 채용,ERP/시스템개발/설계,경력 10년↑,정규직,경기,,2026-10-20,https://www.catch.co.kr/Comp/CompDetail/277709/Recruit/567165,,2026-09-07 17:58:23
캐치,SK에어플러스,배관 설계 엔지니어 채용,"기계설계/CAD/CAM, 시공/현장/감리/공무, 환경/플랜트",경력 5년↑,정규직,경기,,2026-09-13,https://www.catch.co.kr/Comp/CompDetail/492783/Recruit/567164,,2026-09-07 17:58:23
캐치,비상교육,[IT] Lead DevOps/AI Platform Engineer 채용,"네트워크/서버/보안, 빅데이터/AI, 응용프로그램개발, ERP/시스템개발/설계",경력 10년↑,정규직,경기,,2026-10-20,https://www.catch.co.kr/Comp/CompDetail/277709/Recruit/567163,,2026-09-07 17:58:23
캐치,CJ올리브네트웍스,[경력] 정보보호 컨설턴트 채용,"네트워크/서버/보안, 웹기획/PM/웹마케팅",경력 5년↑,정규직,서울,,2026-09-14,https://www.catch.co.kr/Comp/CompDetail/046305/Recruit/567161,,2026-09-07 17:58:23
캐치,SK에어플러스,전기/계장 설계 엔지니어 채용,"전기/전자/제어, 환경/플랜트",경력 7년↑,정규직,경기,,2026-09-13,https://www.catch.co.kr/Comp/CompDetail/492783/Recruit/567160,,2026-09-07 17:58:23
캐치,CJ올리브네트웍스,[경력] 금융 IT 사업 팀장 채용,"기획/전략/경영, 웹기획/PM/웹마케팅",경력 10년↑,정규직,서울,,2026-09-28,https://www.catch.co.kr/Comp/CompDetail/046305/Recruit/567158,,2026-09-07 17:58:23
캐치,비상교육,[IT] 개발보안/DevSecOps 리드 채용,"네트워크/서버/보안, 웹개발, 응용프로그램개발, ERP/시스템개발/설계",경력 10년↑,정규직,경기,,2026-10-20,https://www.catch.co.kr/Comp/CompDetail/277709/Recruit/567157,,2026-09-07 17:58:23
캐치,티맵모빌리티,AUTO QE (리더) 채용,"네트워크/서버/보안, 생산관리/공정관리/품질관리, 전기/전자/제어, QA/테스트/검증",경력,정규직,서울,,2026-12-31,https://www.catch.co.kr/Comp/CompDetail/MB8295/Recruit/567156,,2026-09-07 17:58:23
캐치,비상교육,[경영/지원] 총무 담당 채용,"사무/총무/법무, 재무/세무/IR, 전시/컨벤션",경력 5년↑,정규직,경기,,2026-10-20,https://www.catch.co.kr/Comp/CompDetail/277709/Recruit/567154,,2026-09-07 17:58:23
캐치,비상교육,[교육기획] 초등 수학 프랜차이즈 교육기획 및 운영 채용,"교육기획/교재, 기획/전략/경영",경력 3년↑,정규직,경기,,2026-10-20,https://www.catch.co.kr/Comp/CompDetail/277709/Recruit/567151,,2026-09-07 17:58:23
캐치,대신자산운용,리스크관리본부 위험관리팀 경력직 채용,증권/투자/펀드/외환,경력,계약직,서울,,2026-10-10,https://www.catch.co.kr/Comp/CompDetail/812870/Recruit/567150,,2026-09-07 17:58:23
캐치,대신자산운용,마케팅본부 홀세일마케팅 경력직원 채용,"고객관리/인바운드, 영업관리/지원/영업기획, 증권/투자/펀드/외환, B2B영업/기술영업",경력 3년↑,계약직,서울,,2026-10-13,https://www.catch.co.kr/Comp/CompDetail/812870/Recruit/567148,,2026-09-07 17:58:23
캐치,뉴발란스코리아,Merchandising Planner 채용,"구매/자재/재고, 기획/전략/경영, 상품기획/MD, 재무/세무/IR",경력 8년↑,기타,서울,,2026-10-19,https://www.catch.co.kr/Comp/CompDetail/QT2477/Recruit/567147,,2026-09-07 17:58:23
캐치,케이씨이노베이션,[신입] 설비개발1팀 - Gas Scrubber 촉매개발 채용,화학/에너지/환경,신입,정규직,경기,,2026-10-20,https://www.catch.co.kr/Comp/CompDetail/037266/Recruit/567146,,2026-09-07 17:58:23
캐치,뉴발란스코리아,Footwear Merchandiser (Performance) 채용,"기획/전략/경영, 마케팅/PR/분석, 상품기획/MD",경력 4~6년,기타,서울,,2026-10-19,https://www.catch.co.kr/Comp/CompDetail/QT2477/Recruit/567144,,2026-09-07 17:58:24
캐치,뉴발란스코리아,Business Planner 채용,"기획/전략/경영, 마케팅/PR/분석, 재무/세무/IR",경력 5~7년,기타,서울,,2026-10-20,https://www.catch.co.kr/Comp/CompDetail/QT2477/Recruit/567143,,2026-09-07 17:58:24
캐치,포스코A&C,"[긴급] 건축법 소방분야 감리원(초급, 계약직) 채용(충북 보은군)","시공/현장/감리/공무, 전기/소방/통신/안전",경력,계약직,충북,,2026-09-20,https://www.catch.co.kr/Comp/CompDetail/039012/Recruit/567142,,2026-09-07 17:58:24
캐치,GS리테일,정보보안부문 보안기술팀 클라우드 보안 담당 경력사원 채용,네트워크/서버/보안,경력 8년↑,정규직,서울,,2026-09-08,https://www.catch.co.kr/Comp/CompDetail/810045/Recruit/567139,,2026-09-07 17:58:24
캐치,멀티캠퍼스,Job Posting for Teaching Professionals/Curriculum Developer,"외국어/번역/통역, 외국어/어학원",경력무관,계약직,경기,,2026-09-09,https://www.catch.co.kr/Comp/CompDetail/145888/Recruit/567125,,2026-09-07 17:58:24
캐치,에이치케이금융파트너스,[HK금융파트너스] 채권관리 및 리스크 담당자 채용,사무/총무/법무,경력 3년↑,계약직,서울,,2026-09-13,https://www.catch.co.kr/Comp/CompDetail/QF1354/Recruit/567124,,2026-09-07 17:58:24
캐치,에이치케이금융파트너스,[HK금융파트너스] 수수료 관리 담당자 (과장이하) 채용,"경리/회계/결산, 재무/세무/IR",경력 1년↑,정규직/계약직,서울,,2026-09-13,https://www.catch.co.kr/Comp/CompDetail/QF1354/Recruit/567123,,2026-09-07 17:58:24
캐치,하이비젼시스템,Application SW 엔지니어 경력직 채용,응용프로그램개발,경력 8~12년,정규직,경기,,2026-09-19,https://www.catch.co.kr/Comp/CompDetail/H90294/Recruit/567118,,2026-09-07 17:58:24
캐치,하이비젼시스템,설비기술팀 설비검수 경력직 채용[품질기술그룹],"기계설계/CAD/CAM, 생산/제조/설비/조립, 전기/전자/제어",경력 1~4년,정규직,경기,,2026-09-20,https://www.catch.co.kr/Comp/CompDetail/H90294/Recruit/567116,,2026-09-07 17:58:24
캐치,하이비젼시스템,SW 개발자 경력직 채용(C++/MFC 기반),응용프로그램개발,경력 1~7년,정규직,경기,,2026-09-20,https://www.catch.co.kr/Comp/CompDetail/H90294/Recruit/567115,,2026-09-07 17:58:24
캐치,하이비젼시스템,글로벌 고객사 대응 내부/해외 지사 Overall management 대응 총괄 PM(차~부장급) 채용,"고객관리/인바운드, 웹기획/PM/웹마케팅",경력 13년↑,정규직,경기,,2026-09-20,https://www.catch.co.kr/Comp/CompDetail/H90294/Recruit/567114,,2026-09-07 17:58:24
캐치,하이비젼시스템,해외 고객사 Commercial 업무 대응 PM 채용(과~차장급),"고객관리/인바운드, 영업관리/지원/영업기획",경력 8~17년,정규직,경기,,2026-09-20,https://www.catch.co.kr/Comp/CompDetail/H90294/Recruit/567113,,2026-09-07 17:58:24
캐치,하이비젼시스템,프로젝트매니저 및 기술영업 경력직 채용(LM팀),"고객관리/인바운드, 기획/전략/경영, 웹기획/PM/웹마케팅, B2B영업/기술영업",경력 4~12년,정규직,경기,,2026-09-20,https://www.catch.co.kr/Comp/CompDetail/H90294/Recruit/567112,,2026-09-07 17:58:24
캐치,하이비젼시스템,2차전지 영업 경력직 채용,"재무/세무/IR, B2B영업/기술영업",경력 3~15년,정규직,경기,,2026-09-20,https://www.catch.co.kr/Comp/CompDetail/H90294/Recruit/567111,,2026-09-07 17:58:24
캐치,제논,[인공지능솔루션] QA Engineer,"빅데이터/AI, QA/테스트/검증",경력 3~5년,정규직,서울,,2026-12-31,https://www.catch.co.kr/Comp/CompDetail/IW8661/Recruit/567109,,2026-09-07 17:58:24
캐치,하이비젼시스템,기술영업 경력자 채용(CM2팀),"무역사무/수출입, 영업관리/지원/영업기획, B2B영업/기술영업",경력 4~13년,정규직,경기,,2026-09-20,https://www.catch.co.kr/Comp/CompDetail/H90294/Recruit/567108,,2026-09-07 17:58:24
캐치,제논,[전환형인턴] GenOS AI Engineer,"네트워크/서버/보안, 빅데이터/AI, 응용프로그램개발, DBA/데이터베이스",경력무관,인턴,서울,,2026-12-31,https://www.catch.co.kr/Comp/CompDetail/IW8661/Recruit/567105,,2026-09-07 17:58:24
캐치,하이비젼시스템,2차전지실 전장/제어부 PM 채용,"기계설계/CAD/CAM, 전기/전자/제어",경력 8~17년,정규직,경기,,2026-09-20,https://www.catch.co.kr/Comp/CompDetail/H90294/Recruit/567104,,2026-09-07 17:58:24
캐치,하이비젼시스템,Field Engineer 경력직(경력 1년~12년) 채용,"고객관리/인바운드, AS/서비스/수리, QA/테스트/검증",경력 1~12년,정규직,경기,,2026-09-20,https://www.catch.co.kr/Comp/CompDetail/H90294/Recruit/567102,,2026-09-07 17:58:24
캐치,하이비젼시스템,2차 전지 극판 비젼 검사기 현장 대응 Field Engineer 경력직 채용,"기계설계/CAD/CAM, 자동차/조선/기계, 전기/소방/통신/안전, 전기/전자/제어",경력 1~7년,정규직,경북,,2026-09-20,https://www.catch.co.kr/Comp/CompDetail/H90294/Recruit/567101,,2026-09-07 17:58:24
캐치,하이비젼시스템,"설비 프로젝트매니저(PM) 경력직 - 해외 고객 대응 (차, 부장급 경력 대상) 채용","고객관리/인바운드, 웹기획/PM/웹마케팅",경력 22년↓,정규직,경기,,2026-09-20,https://www.catch.co.kr/Comp/CompDetail/H90294/Recruit/567099,,2026-09-07 17:58:24
캐치,하이비젼시스템,자동화 설비 셋팅 Field Engineer 경력직 채용(구미 근무),"기계설계/CAD/CAM, 반도체/디스플레이, 전기/소방/통신/안전, 전기/전자/제어, AS/서비스/수리",경력 1~7년,정규직,경북/경기/기타해외,,2026-09-20,https://www.catch.co.kr/Comp/CompDetail/H90294/Recruit/567096,,2026-09-07 17:58:24
캐치,하이비젼시스템,PC 기반 제어 엔지니어 경력직 채용,"응용프로그램개발, ERP/시스템개발/설계",경력 3년↑,정규직,경기,,2026-09-20,https://www.catch.co.kr/Comp/CompDetail/H90294/Recruit/567095,,2026-09-07 17:58:24
캐치,하이비젼시스템,구매팀 경력직 채용,"경리/회계/결산, 구매/자재/재고, 기획/전략/경영",경력 3~6년,정규직,경기,,2026-09-20,https://www.catch.co.kr/Comp/CompDetail/H90294/Recruit/567093,,2026-09-07 17:58:24
캐치,하이비젼시스템,비젼 알고리즘/SW 개발 엔지니어 경력직 채용,"응용프로그램개발, ERP/시스템개발/설계",경력 1~12년,정규직,경기,,2026-09-20,https://www.catch.co.kr/Comp/CompDetail/H90294/Recruit/567089,,2026-09-07 17:58:24
캐치,하이비젼시스템,해외(인도) 파견 및 주재원 재무회계 경력직 채용,"경리/회계/결산, 재무/세무/IR",경력 4~12년,정규직,경기/인도,,2026-09-20,https://www.catch.co.kr/Comp/CompDetail/H90294/Recruit/567088,,2026-09-07 17:58:24
캐치,하이비젼시스템,설비 프로젝트매니저(PM) 경력직 - 테크니컬 성향 채용,"반도체/디스플레이, 웹기획/PM/웹마케팅, 자동차/조선/기계, 전기/전자/제어",경력 4~12년,정규직,경기,,2026-09-20,https://www.catch.co.kr/Comp/CompDetail/H90294/Recruit/567087,,2026-09-07 17:58:24
캐치,하이비젼시스템,C# Low coding Plattform 개발 경력직 채용,"응용프로그램개발, ERP/시스템개발/설계",경력 8~17년,정규직,경기,,2026-09-20,https://www.catch.co.kr/Comp/CompDetail/H90294/Recruit/567086,,2026-09-07 17:58:24
캐치,하이비젼시스템,설비 프로젝트매니저(PM) 경력직 - 영업 성향/글로벌 고객 대응 중심 채용,"반도체/디스플레이, 웹기획/PM/웹마케팅",경력 4년↑,정규직,경기,,2026-09-20,https://www.catch.co.kr/Comp/CompDetail/H90294/Recruit/567084,,2026-09-07 17:58:24
캐치,하이비젼시스템,자동화 설비/기구설계 경력 채용,"기계설계/CAD/CAM, 반도체/디스플레이, 자동차/조선/기계",경력 5년↑,정규직,경기,,2026-09-20,https://www.catch.co.kr/Comp/CompDetail/H90294/Recruit/567083,,2026-09-07 17:58:24
캐치,코스맥스에이비,신입/경력 채용,"바이오/제약/식품, 생산관리/공정관리/품질관리",경력 2~8년,정규직,서울/경기,,2026-09-10,https://www.catch.co.kr/Comp/CompDetail/A2081/Recruit/567082,,2026-09-07 17:58:25
캐치,팀스파르타,Project Manager (AI 기업교육) 채용연계형 인턴,기획/전략/경영,신입,인턴,서울,,2026-10-20,https://www.catch.co.kr/Comp/CompDetail/LD8514/Recruit/567081,,2026-09-07 17:58:25
캐치,하이비젼시스템,2차 전지 기구설계 경력직 채용,"기계설계/CAD/CAM, 자동차/조선/기계",경력 8~13년,정규직,경기,,2026-09-20,https://www.catch.co.kr/Comp/CompDetail/H90294/Recruit/567079,,2026-09-07 17:58:25
캐치,파이널나인,(주) 파이널나인 정규직 매니저님 모집합니다.,외식/식음료,경력무관,정규직,대구,,2026-10-20,https://www.catch.co.kr/Comp/CompDetail/JC6907/Recruit/567078,,2026-09-07 17:58:25
캐치,하이비젼시스템,전장 회로설계 경력직 채용,"기계설계/CAD/CAM, 반도체/디스플레이, 전기/전자/제어",경력 1~12년,정규직,경기,,2026-09-20,https://www.catch.co.kr/Comp/CompDetail/H90294/Recruit/567077,,2026-09-07 17:58:25
캐치,핏펫,[핏펫] 핏펫몰 MD,상품기획/MD,경력 3~7년,정규직,서울,,2026-09-25,https://www.catch.co.kr/Comp/CompDetail/IQ7477/Recruit/567075,,2026-09-07 17:58:25
캐치,하이비젼시스템,2차전지 Pack 조립 Line 설비 Set Up 및 현장 유지 보수 경력직 채용,"고객관리/인바운드, 사무보조/문서작성, 전기/소방/통신/안전, 전기/전자/제어",경력 1~12년,정규직,경기/경북,,2026-09-20,https://www.catch.co.kr/Comp/CompDetail/H90294/Recruit/567073,,2026-09-07 17:58:25
캐치,스파크플러스,[스파크플러스] 사업매니저(지점) 정규직 전환형 인턴,여행/항공/숙박/레저,신입,인턴,서울,,2026-10-20,https://www.catch.co.kr/Comp/CompDetail/HS0557/Recruit/567064,,2026-09-07 17:58:25
캐치,스파크플러스,[스파크플러스] 사업매니저(지점) 서울(경력),여행/항공/숙박/레저,경력 1~10년,정규직,서울,,2026-10-20,https://www.catch.co.kr/Comp/CompDetail/HS0557/Recruit/567063,,2026-09-07 17:58:25
캐치,미소,[O2O 홈서비스 플랫폼 Miso] 사업 운영 인턴,"고객관리/인바운드, 기획/전략/경영, 마케팅/PR/분석, 사무보조/문서작성, 영업관리/지원/영업기획, 일반영업",경력,인턴,서울,,2026-10-19,https://www.catch.co.kr/Comp/CompDetail/HL2299/Recruit/567062,,2026-09-07 17:58:25
캐치,바이엘코리아,"Customer Squad Lead Korea 2 (부산, 정규직, 공고 연장) 채용","고객관리/인바운드, 기획/전략/경영, 사무/총무/법무",경력 8년↑,정규직,부산,,2026-09-07,https://www.catch.co.kr/Comp/CompDetail/693511/Recruit/567054,,2026-09-07 17:58:25
캐치,한화비전,Global Account Manager 채용,"기획/전략/경영, 마케팅/PR/분석, 영업관리/지원/영업기획, B2B영업/기술영업",경력무관,정규직,싱가포르/인도/일본/호주/대만/중국,,2026-10-19,https://www.catch.co.kr/Comp/CompDetail/RF7649/Recruit/567049,,2026-09-07 17:58:25
캐치,한화생명보험,PLUS WM전략팀 '클라우드·DevOps 엔지니어' 경력채용,"네트워크/서버/보안, ERP/시스템개발/설계",경력 7년↑,정규직/계약직,서울,,2026-09-09,https://www.catch.co.kr/Comp/CompDetail/870013/Recruit/567047,,2026-09-07 17:58:25
캐치,한화생명보험,PLUS WM전략팀 '백엔드 개발' 경력채용(주니어),"네트워크/서버/보안, 웹개발, 웹기획/PM/웹마케팅",경력 5년↑,정규직/계약직,서울,,2026-09-09,https://www.catch.co.kr/Comp/CompDetail/870013/Recruit/567045,,2026-09-07 17:58:25
캐치,한화생명보험,PLUS WM전략팀 'UX·UI 디자이너' 경력채용,"광고/시각디자인, HTML/퍼블리싱/UI개발",경력 5년↑,정규직/계약직,서울,,2026-09-09,https://www.catch.co.kr/Comp/CompDetail/870013/Recruit/567043,,2026-09-07 17:58:25
캐치,이스트소프트,[ESTsoft] HRM 담당자 (경력) 채용,"인사/노무/교육, 헤드헌팅/노무/직업상담",경력 4년↑,정규직,서울,,2026-10-19,https://www.catch.co.kr/Comp/CompDetail/020069/Recruit/567042,,2026-09-07 17:58:25
캐치,이스트소프트,[ESTsoft] AI 사업개발 매니저 (경력) 채용,"기획/전략/경영, 빅데이터/AI, 웹기획/PM/웹마케팅",경력 5년↑,정규직,서울,,2026-10-19,https://www.catch.co.kr/Comp/CompDetail/020069/Recruit/567041,,2026-09-07 17:58:25
캐치,마카롱팩토리,차량 관리 앱 1위 '마이클' SCM·물류 운영 매니저,"구매/자재/재고, 무역사무/수출입, 무역영업/해외영업, 영업관리/지원/영업기획",경력 1년↑,정규직,경기,,2026-10-19,https://www.catch.co.kr/Comp/CompDetail/HD7144/Recruit/567040,,2026-09-07 17:58:25
캐치,이스트소프트,[ESTsoft] 일본 사업개발 및 Product PM 채용,"고객관리/인바운드, 고객관리/인바운드/아웃바운드, 기획/전략/경영, 웹기획/PM/웹마케팅, 일반영업",경력 2년↑,정규직,서울,,2026-10-19,https://www.catch.co.kr/Comp/CompDetail/020069/Recruit/567039,,2026-09-07 17:58:25
캐치,한화생명보험,PLUS WM전략팀 '모바일 앱 프론트 개발' 경력채용(시니어),"웹개발, 응용프로그램개발",경력 8년↑,정규직/계약직,서울,,2026-09-09,https://www.catch.co.kr/Comp/CompDetail/870013/Recruit/567038,,2026-09-07 17:58:25
캐치,이스트소프트,[ESTsoft] AX 사업 기획 및 행정운영 담당 채용,"기획/전략/경영, 빅데이터/AI, 웹기획/PM/웹마케팅, 재무/세무/IR",경력 5년↑,정규직,서울,,2026-10-19,https://www.catch.co.kr/Comp/CompDetail/020069/Recruit/567037,,2026-09-07 17:58:25
캐치,이스트소프트,[ESTsoft] AI B2B Product Sales & GTM Lead (팀장급) 채용,"고객관리/인바운드, 기획/전략/경영, B2B영업/기술영업",경력 5년↑,정규직,서울,,2026-10-19,https://www.catch.co.kr/Comp/CompDetail/020069/Recruit/567036,,2026-09-07 17:58:25
캐치,이스트소프트,[ESTsoft] AX 프로젝트 매니저 (Project Manager) 채용,"빅데이터/AI, 생산관리/공정관리/품질관리, 웹기획/PM/웹마케팅",경력 5년↑,정규직,서울,,2026-10-19,https://www.catch.co.kr/Comp/CompDetail/020069/Recruit/567035,,2026-09-07 17:58:25
캐치,이스트소프트,[ESTsoft] Perso Interactive 서비스 기획리드 채용,"기획/전략/경영, 웹기획/PM/웹마케팅",경력 3~10년,정규직,서울,,2026-10-19,https://www.catch.co.kr/Comp/CompDetail/020069/Recruit/567034,,2026-09-07 17:58:25
캐치,한화생명보험,PLUS WM전략팀 '플랫폼 백엔드 개발' 경력채용,"웹개발, 웹기획/PM/웹마케팅",경력 8년↑,정규직/계약직,서울,,2026-09-09,https://www.catch.co.kr/Comp/CompDetail/870013/Recruit/567033,,2026-09-07 17:58:25
캐치,아이지에이웍스,[디파이너리] 영업 지원 및 운영 담당자 채용,"고객관리/인바운드, 설문/통계/리서치, 영업관리/지원/영업기획, B2B영업/기술영업",경력 1년↑,정규직,서울,,2026-10-19,https://www.catch.co.kr/Comp/CompDetail/C44893/Recruit/567031,,2026-09-07 17:58:25
캐치,오스템임플란트,(생산총괄본부/송도) 영상장비 제조직 채용,생산/제조/설비/조립,경력무관,정규직,인천,,2026-10-19,https://www.catch.co.kr/Comp/CompDetail/780928/Recruit/567023,,2026-09-07 17:58:25
캐치,오스템임플란트,(생산총괄본부/송도) 의료장비 제조직 채용,"생산/제조/설비/조립, 생산관리/공정관리/품질관리",경력무관,정규직,인천,,2026-10-19,https://www.catch.co.kr/Comp/CompDetail/780928/Recruit/567021,,2026-09-07 17:58:25
캐치,오비맥주,Accounting Manager 채용,"경리/회계/결산, 재무/세무/IR",경력 5~7년,정규직,서울,,2026-10-19,https://www.catch.co.kr/Comp/CompDetail/842702/Recruit/567015,,2026-09-07 17:58:25
캐치,테크로스,엔지니어 채용,"자동차/조선/기계, AS/서비스/수리, QA/테스트/검증",경력무관,정규직,부산,,2026-09-30,https://www.catch.co.kr/Comp/CompDetail/OM6654/Recruit/567013,,2026-09-07 17:58:25
캐치,다인정공,[무관] 생산부문 CBN 정밀가공 담당자(생산직) 채용,"생산/제조/설비/조립, 생산관리/공정관리/품질관리",경력무관,정규직,경기,,2026-12-31,https://www.catch.co.kr/Comp/CompDetail/008226/Recruit/567010,,2026-09-07 17:58:26
캐치,동원건설산업,건축기술(BIM)직무 경력직 채용,"건축/설계/인테리어, 시공/현장/감리/공무",경력 10년↑,정규직,서울,,2026-10-19,https://www.catch.co.kr/Comp/CompDetail/I83063/Recruit/567008,,2026-09-07 17:58:26
캐치,다인정공,[무관] 생산부문 CBN 코팅브레이징 담당자(생산직) 채용,"생산/제조/설비/조립, 생산관리/공정관리/품질관리",경력무관,정규직,경기,,2026-12-31,https://www.catch.co.kr/Comp/CompDetail/008226/Recruit/567007,,2026-09-07 17:58:26
캐치,두산,사업부문 EHS기획 경력 채용,전기/소방/통신/안전,경력 4년↑,기타,서울,,2026-09-30,https://www.catch.co.kr/Comp/CompDetail/310425/Recruit/567004,,2026-09-07 17:58:26
캐치,다인정공,[신입] 기획부문 홍보/디자인 담당자 채용,"광고/시각디자인, 그래픽디자인/CG, 마케팅/PR/분석, 전시/컨벤션, 출판/편집디자인, 콘텐츠/사이트운영",신입,정규직,경기,,2026-12-31,https://www.catch.co.kr/Comp/CompDetail/008226/Recruit/566987,,2026-09-07 17:58:26
캐치,이브자리,[이브자리 그룹사] 이커머스팀 운영 MD(CS/물류관리) 수시 채용 (신입),"고객관리/인바운드, 구매/자재/재고, 배송/택배/운전",신입,기타,서울,,2026-10-18,https://www.catch.co.kr/Comp/CompDetail/636924/Recruit/566981,,2026-09-07 17:58:26
캐치,에이피알,[디자인] 뷰티 VMD 디자이너 경력사원 모집,"디자인기타, 의류/패션/잡화디자인, 제품/산업디자인, 출판/편집디자인",경력 3년↑,정규직,서울,,2026-10-19,https://www.catch.co.kr/Comp/CompDetail/M23872/Recruit/566979,,2026-09-07 17:58:26
캐치,동원산업,가공유통사업부 국내사업팀 리테일 경로 영업담당 채용,"마케팅/PR/분석, 영업관리/지원/영업기획, 일반영업",경력 4년↑,정규직,서울,,2026-10-19,https://www.catch.co.kr/Comp/CompDetail/100030/Recruit/566978,,2026-09-07 17:58:26
캐치,신풍제약,[신풍제약] 생산본부 공무팀 경력 채용(오송),"시공/현장/감리/공무, 전기/소방/통신/안전",경력 3년↑,정규직,충북,,2026-12-31,https://www.catch.co.kr/Comp/CompDetail/354830/Recruit/566975,,2026-09-07 17:58:26
캐치,현대자동차,[AVP] 모빌리티 서비스 Software Engineer for Map 채용,"네트워크/서버/보안, 응용프로그램개발",경력 3년↑,기타,서울,,2026-10-20,https://www.catch.co.kr/Comp/CompDetail/380954/Recruit/566971,,2026-09-07 17:58:26
캐치,현대자동차,차량 사이버보안 기술 채용,"네트워크/서버/보안, 응용프로그램개발",경력 3년↑,기타,경기,,2026-10-20,https://www.catch.co.kr/Comp/CompDetail/380954/Recruit/566969,,2026-09-07 17:58:26
캐치,현대자동차,달 탐사 (우주) 모빌리티 소프트웨어 개발 채용,"응용프로그램개발, DBA/데이터베이스",경력 5년↑,기타,경기,,2026-10-20,https://www.catch.co.kr/Comp/CompDetail/380954/Recruit/566966,,2026-09-07 17:58:26
캐치,현대자동차,달 탐사 (우주) 모빌리티 전력 시스템 개발 채용,"기계설계/CAD/CAM, 자동차/조선/기계, 전기/전자/제어",경력 5년↑,기타,경기,,2026-10-20,https://www.catch.co.kr/Comp/CompDetail/380954/Recruit/566962,,2026-09-07 17:58:26
캐치,LF,[경영지원] 경영진단 담당자 채용,"기획/전략/경영, 재무/세무/IR",경력 6~10년,기타,서울,,2026-10-19,https://www.catch.co.kr/Comp/CompDetail/479416/Recruit/566959,,2026-09-07 17:58:26
캐치,LF,[IT] IT기획 및 사내시스템 운영 채용,"네트워크/서버/보안, 빅데이터/AI, 사무/총무/법무, 재무/세무/IR",경력 5~10년,정규직,서울,,2026-10-19,https://www.catch.co.kr/Comp/CompDetail/479416/Recruit/566957,,2026-09-07 17:58:26
캐치,휴비스,[R&D센터] 연구/실험보조 계약직 채용,화학/에너지/환경,경력무관,계약직,대전,,2026-09-10,https://www.catch.co.kr/Comp/CompDetail/152500/Recruit/566955,,2026-09-07 17:58:26
캐치,LF,[IT] AI Data Scientist 채용,빅데이터/AI,경력 5~10년,정규직,서울,,2026-10-19,https://www.catch.co.kr/Comp/CompDetail/479416/Recruit/566954,,2026-09-07 17:58:26
캐치,LF,[아떼뷰티] 온라인MD 채용,"상품기획/MD, 영업관리/지원/영업기획",경력 7~10년,정규직,서울,,2026-10-19,https://www.catch.co.kr/Comp/CompDetail/479416/Recruit/566951,,2026-09-07 17:58:26
캐치,LF,[경영지원] 홍보팀장 채용,마케팅/PR/분석,경력 15년↑,정규직,서울,,2026-10-19,https://www.catch.co.kr/Comp/CompDetail/479416/Recruit/566948,,2026-09-07 17:58:26
캐치,SK리비오,HR 경력사원 채용 (육아휴직 대체),인사/노무/교육,경력 5~8년,계약직,경기/인천,,2026-09-17,https://www.catch.co.kr/Comp/CompDetail/GR12F/Recruit/566941,,2026-09-07 17:58:26
캐치,SK에어플러스,용인 Gas Plant 배관 시공 현장감독(계약직) 채용,"건축/설계/인테리어, 시공/현장/감리/공무, 환경/플랜트",경력 5년↑,계약직,경기,,2026-09-13,https://www.catch.co.kr/Comp/CompDetail/492783/Recruit/566937,,2026-09-07 17:58:26
캐치,SK에어플러스,프로젝트 자재관리 담당(계약직) 채용,"구매/자재/재고, 생산관리/공정관리/품질관리",경력 5년↑,계약직,경기,,2026-09-13,https://www.catch.co.kr/Comp/CompDetail/492783/Recruit/566935,,2026-09-07 17:58:26
캐치,SK에어플러스,전기/계장 엔지니어(Junior) 채용,"기계설계/CAD/CAM, 사무/총무/법무, 자동차/조선/기계, 전기/전자/제어",경력 5년↑,정규직,경기,,2026-09-13,https://www.catch.co.kr/Comp/CompDetail/492783/Recruit/566933,,2026-09-07 17:58:26
캐치,SK에어플러스,기계설계 엔지니어 채용,"기계설계/CAD/CAM, 사무/총무/법무, 자동차/조선/기계, 환경/플랜트",경력 5년↑,정규직,경기,,2026-09-13,https://www.catch.co.kr/Comp/CompDetail/492783/Recruit/566932,,2026-09-07 17:58:26
캐치,신일전자,[중견/코스피] 신일전자(주) 회로(전장)설계 담당자 채용(경력 5년 이상),전기/전자/제어,경력 5년↑,계약직,서울,,2026-09-30,https://www.catch.co.kr/Comp/CompDetail/381179/Recruit/566924,,2026-09-07 17:58:26
캐치,더파운더즈,[ANUA] 대만 퍼포먼스 마케팅 매니저,마케팅/PR/분석,경력 2년↑,정규직,서울,,2026-10-19,https://www.catch.co.kr/Comp/CompDetail/AFC74/Recruit/566907,,2026-09-07 17:58:26
캐치,카카오VX,골프플랫폼비즈오퍼팀 팀원 채용,"경리/회계/결산, 기획/전략/경영, 영업관리/지원/영업기획",경력 3년↑,정규직,경기,,2026-09-10,https://www.catch.co.kr/Comp/CompDetail/J35473/Recruit/566906,,2026-09-07 17:58:26
캐치,SM엔터테인먼트,퍼포먼스 마케팅 담당자 (경력) 채용,마케팅/PR/분석,경력 10년↑,정규직,서울,,2026-09-08,https://www.catch.co.kr/Comp/CompDetail/050606/Recruit/566902,,2026-09-07 17:58:26
캐치,씨티알,CTR 샤시부문 제품설계팀 제품설계 (창원) 신입/경력직 채용,"기계설계/CAD/CAM, 자동차/조선/기계",경력,정규직/인턴,경남,,2026-09-30,https://www.catch.co.kr/Comp/CompDetail/385360/Recruit/566892,,2026-09-07 17:58:26
캐치,에코프로에이치엔,[에코프로HN] 생산팀 & 품질관리팀 계약직 채용,"생산/제조/설비/조립, 생산관리/공정관리/품질관리",경력,계약직,충북,,2026-09-30,https://www.catch.co.kr/Comp/CompDetail/NT8534/Recruit/566861,,2026-09-07 17:58:26
캐치,효성TNC,[효성티앤씨㈜] 화장품 사업 경력사원 채용,"기획/전략/경영, 마케팅/PR/분석, 상품기획/MD, 콘텐츠/사이트운영, B2B영업/기술영업",경력 3년↑,기타,서울,,2026-09-25,https://www.catch.co.kr/Comp/CompDetail/JD2232/Recruit/566848,,2026-09-07 17:58:27
캐치,인스파이어인티그레이티드리조트,[인스파이어리조트]AML (Jr) Analyst(1~3년 이상*),사무/총무/법무,경력 3~5년,정규직,인천,,2026-10-19,https://www.catch.co.kr/Comp/CompDetail/HF3448/Recruit/566833,,2026-09-07 17:58:27
캐치,컴투스,(플랫폼) 개인정보보호 담당자 (3~10년) 채용,"네트워크/서버/보안, 사무/총무/법무",경력 3~10년,정규직,서울,,2026-10-19,https://www.catch.co.kr/Comp/CompDetail/126321/Recruit/566821,,2026-09-07 17:58:27
캐치,씨티알에코포징,CTR EcoForging 생산기술팀 설비보전 (밀양) 경력직 채용,"생산관리/공정관리/품질관리, 전기/소방/통신/안전, 전기/전자/제어",경력 3~5년,정규직,경남,,2026-09-30,https://www.catch.co.kr/Comp/CompDetail/OU9060/Recruit/566816,,2026-09-07 17:58:27
캐치,한성자동차,[본사] Marketing 포지션 채용 (대리/과장급),"기획/전략/경영, 마케팅/PR/분석",경력 6년↑,정규직,서울,,2026-10-19,https://www.catch.co.kr/Comp/CompDetail/B97715/Recruit/566814,,2026-09-07 17:58:27
캐치,KT알파,[kt alpha] 전략투자 및 경영전략 경력 채용,기획/전략/경영,경력 5년↑,정규직,서울,,2026-09-13,https://www.catch.co.kr/Comp/CompDetail/983365/Recruit/566811,,2026-09-07 17:58:27
캐치,한성자동차,Compliance & Internal Audit Manager (대리~차장급) 채용,사무/총무/법무,경력 5~13년,정규직,서울,,2026-10-19,https://www.catch.co.kr/Comp/CompDetail/B97715/Recruit/566809,,2026-09-07 17:58:27
캐치,뷰티셀렉션,[바이오던스] 국내 콘텐츠·퍼포먼스 마케팅 인턴,마케팅/PR/분석,경력무관,인턴,서울,,2026-09-18,https://www.catch.co.kr/Comp/CompDetail/JZ2711/Recruit/566805,,2026-09-07 17:58:27
캐치,브이엔티지,네트워크 및 인프라(서버/기타 전산시스템) 담당자 채용,"네트워크/서버/보안, ERP/시스템개발/설계",경력,정규직,경남,,2026-10-31,https://www.catch.co.kr/Comp/CompDetail/LH3214/Recruit/566803,,2026-09-07 17:58:27
캐치,에이비엘생명보험,[ABL생명] 계리분석팀 경력직 채용,"기획/전략/경영, 설문/통계/리서치",경력 5년↑,정규직,서울,,2026-09-08,https://www.catch.co.kr/Comp/CompDetail/870161/Recruit/566787,,2026-09-07 17:58:27
캐치,안산문화재단,2026년 기간제 및 단시간근로자 채용,"감독/연출/PD, 경리/회계/결산, 고객관리/인바운드, 마케팅/PR/분석, 사무/총무/법무, 재무/세무/IR",경력,계약직,경기,,2026-09-07,https://www.catch.co.kr/Comp/CompDetail/D37393/Recruit/566782,,2026-09-07 17:58:27
캐치,폴라리스오피스,공시 담당자 (주니어급) 채용,"사무/총무/법무, 재무/세무/IR",경력 1~3년,정규직,서울,,2026-10-18,https://www.catch.co.kr/Comp/CompDetail/556556/Recruit/566781,,2026-09-07 17:58:27
캐치,마크애니,B2B 국내 영업 담당자 채용,B2B영업/기술영업,경력 2년↓,정규직,서울,,2026-09-18,https://www.catch.co.kr/Comp/CompDetail/128092/Recruit/566777,,2026-09-07 17:58:27
캐치,폴라리스오피스,IR/공시 (시니어급) 채용,"기획/전략/경영, 마케팅/PR/분석, 재무/세무/IR",경력 5년↑,정규직,서울,,2026-10-18,https://www.catch.co.kr/Comp/CompDetail/556556/Recruit/566775,,2026-09-07 17:58:27
캐치,LS엘앤에프배터리솔루션,영업담당자 채용,"마케팅/PR/분석, 무역영업/해외영업, 영업관리/지원/영업기획, 일반영업",경력,기타,전북,,2026-09-30,https://www.catch.co.kr/Comp/CompDetail/A1945/Recruit/566771,,2026-09-07 17:58:27
캐치,폴라리스오피스,채용 담당자 채용,"사무/총무/법무, 인사/노무/교육",경력 2~6년,정규직,서울,,2026-10-18,https://www.catch.co.kr/Comp/CompDetail/556556/Recruit/566769,,2026-09-07 17:58:27
캐치,신한디에스,클라우드 보안운영 경력직 수시채용 (~채용 시 마감),네트워크/서버/보안,경력 2년↑,정규직,서울,,2026-09-30,https://www.catch.co.kr/Comp/CompDetail/034586/Recruit/566768,,2026-09-07 17:58:27
캐치,디에이그룹엔지니어링종합건축사사무소,디에이건축 미래전략실 브랜드 콘텐츠 디자이너 채용,"동영상제작/편집, 웹기획/PM/웹마케팅, 콘텐츠/사이트운영",경력 3년↑,정규직,서울,,2026-09-20,https://www.catch.co.kr/Comp/CompDetail/172439/Recruit/566767,,2026-09-07 17:58:27
캐치,신한디에스,정보보호 서비스 경력직 수시채용 (~채용 시 마감),"네트워크/서버/보안, 사무/총무/법무",경력,정규직,서울,,2026-09-30,https://www.catch.co.kr/Comp/CompDetail/034586/Recruit/566766,,2026-09-07 17:58:27
캐치,신한디에스,보안전담 서비스 경력직 수시채용 (~채용 시 마감),네트워크/서버/보안,경력 3년↑,정규직,서울,,2026-09-30,https://www.catch.co.kr/Comp/CompDetail/034586/Recruit/566763,,2026-09-07 17:58:27
캐치,LG에너지솔루션,[CTO] 미래기술 생산운영 현장계약직 채용,"구매/자재/재고, 생산/제조/설비/조립, 생산관리/공정관리/품질관리, 화물/중장비",신입,계약직,충북,,2026-09-13,https://www.catch.co.kr/Comp/CompDetail/LZ0049/Recruit/566759,,2026-09-07 17:58:27
캐치,비즈테크아이,금융 분석·설계·개발자 PM/PL (경력) 채용,"네트워크/서버/보안, 웹기획/PM/웹마케팅, ERP/시스템개발/설계",경력 7년↑,기타,서울,,2026-10-31,https://www.catch.co.kr/Comp/CompDetail/222130/Recruit/566754,,2026-09-07 17:58:27
캐치,삼성생명금융서비스,삼성생명금융서비스(주) 금융영업전문가 모집!!,"경영분석/컨설턴트, 고객관리/인바운드, 고객관리/인바운드/아웃바운드, 일반영업, 증권/투자/펀드/외환, 채권/보험/보상/심사, 판매/캐셔/매장관리",신입,인턴/계약직/교육생,서울,,2026-12-31,https://www.catch.co.kr/Comp/CompDetail/HD0212/Recruit/566752,,2026-09-07 17:58:27
캐치,티빙,[티빙] 자금담당자 경력채용,재무/세무/IR,경력 4년↑,정규직,서울,,2026-09-13,https://www.catch.co.kr/Comp/CompDetail/LW1453/Recruit/566751,,2026-09-07 17:58:27
캐치,비즈테크아이,공정물류 전장/제어 엔지니어 (경력) 채용,"생산관리/공정관리/품질관리, 전기/전자/제어",경력 5년↑,기타,충북/미국,,2026-10-31,https://www.catch.co.kr/Comp/CompDetail/222130/Recruit/566750,,2026-09-07 17:58:27
캐치,CJ올리브네트웍스,[경력] 금융 SI 영업 채용,"경영분석/컨설턴트, 영업관리/지원/영업기획, 일반영업",경력 5년↑,기타,서울,,2026-09-28,https://www.catch.co.kr/Comp/CompDetail/046305/Recruit/566735,,2026-09-07 17:58:27
캐치,단암시스템즈,단암시스템즈 연구개발직 하드웨어 및 소프트웨어 모집,"응용프로그램개발, ERP/시스템개발/설계",경력 2년↑,정규직,경기,,2026-09-18,https://www.catch.co.kr/Comp/CompDetail/188943/Recruit/566702,,2026-09-07 17:58:27
캐치,단암시스템즈,RF모듈 및 통신장비 연구개발직 모집,ERP/시스템개발/설계,경력 8년↑,정규직,경기,,2026-09-18,https://www.catch.co.kr/Comp/CompDetail/188943/Recruit/566699,,2026-09-07 17:58:27
캐치,삼지전자,[삼지전자] 부문별 채용 (생산기술 / 제조 / 시스템개발),"생산/제조/설비/조립, 전기/전자/제어","경력무관/경력 1년↑,5년↑,2년↑",정규직,경기,,2026-10-18,https://www.catch.co.kr/Comp/CompDetail/006556/Recruit/566677,,2026-09-07 17:58:27
캐치,디와이덕양,2026 08 - 수시 - 경력 - IR & PR 채용,"기획/전략/경영, 마케팅/PR/분석, 재무/세무/IR",경력 5년↑,계약직,울산,,2026-10-17,https://www.catch.co.kr/Comp/CompDetail/385190/Recruit/566673,,2026-09-07 17:58:27
캐치,KCC,본사 IT 생산/품질 담당 경력 인재 채용,"네트워크/서버/보안, 웹개발, 응용프로그램개발, DBA/데이터베이스, ERP/시스템개발/설계",경력 3년↑,정규직,서울,,2026-10-18,https://www.catch.co.kr/Comp/CompDetail/500062/Recruit/566671,,2026-09-07 17:58:28
캐치,린데코리아,제조운영부문 Project Construction Team Construction Quality Manager 계약직 채용,생산관리/공정관리/품질관리,경력 5~15년,계약직,경기,,2026-10-18,https://www.catch.co.kr/Comp/CompDetail/353060/Recruit/566669,,2026-09-07 17:58:28
캐치,서북,[포토이즘] 브랜드 마케터 채용,마케팅/PR/분석,경력 7년↑,정규직,서울,,2026-10-18,https://www.catch.co.kr/Comp/CompDetail/LC8770/Recruit/566667,,2026-09-07 17:58:28
캐치,토니모리,해외영업(글로벌B2B팀) 팀장 채용,"마케팅/PR/분석, 무역사무/수출입, 무역영업/해외영업, 영업관리/지원/영업기획, B2B영업/기술영업",경력 8~15년,정규직,서울,,2026-10-18,https://www.catch.co.kr/Comp/CompDetail/F03502/Recruit/566660,,2026-09-07 17:58:28
캐치,토니모리,해외영업(글로벌B2B팀) 경력직 팀원 채용,"마케팅/PR/분석, 무역사무/수출입, 무역영업/해외영업, 영업관리/지원/영업기획, B2B영업/기술영업",경력 2~5년,정규직,서울,,2026-10-09,https://www.catch.co.kr/Comp/CompDetail/F03502/Recruit/566659,,2026-09-07 17:58:28
캐치,토니모리,패키지디자인팀(국내/글로벌) 경력직 채용,"그래픽디자인/CG, 제품/산업디자인, 콘텐츠/사이트운영",경력 5년↑,정규직,서울,,2026-10-09,https://www.catch.co.kr/Comp/CompDetail/F03502/Recruit/566656,,2026-09-07 17:58:28
캐치,토니모리,VMD파트 경력직 채용,"건축/설계/인테리어, 의류/패션/잡화디자인, 재무/세무/IR, 전시/공간디자인, 전시/컨벤션",경력 5년↑,정규직,서울,,2026-10-09,https://www.catch.co.kr/Comp/CompDetail/F03502/Recruit/566655,,2026-09-07 17:58:28
캐치,서북,[포토이즘] 회계 담당자 (신입) 채용,"경리/회계/결산, 재무/세무/IR",신입,기타,서울,,2026-10-18,https://www.catch.co.kr/Comp/CompDetail/LC8770/Recruit/566654,,2026-09-07 17:58:28
캐치,토니모리,유통/다이소팀 인턴 채용,"구매/자재/재고, 마케팅/PR/분석, 영업관리/지원/영업기획",신입,인턴,서울,,2026-09-18,https://www.catch.co.kr/Comp/CompDetail/F03502/Recruit/566650,,2026-09-07 17:58:28
캐치,중앙대학교병원,중앙대학교의료원(광명병원) 간호본부 혈액종양내과 전담간호사 (정규직) 채용 (수시채용),간호사,신입,정규직,경기,,2026-09-30,https://www.catch.co.kr/Comp/CompDetail/043093/Recruit/566649,,2026-09-07 17:58:28
캐치,범한메카텍,노무 및 ESG 담당 경력사원 채용,"기획/전략/경영, 인사/노무/교육",경력 3년↑,기타,경남,,2026-09-08,https://www.catch.co.kr/Comp/CompDetail/HQ7187/Recruit/566641,,2026-09-07 17:58:28
캐치,피에스케이홀딩스,경력채용(법무),사무/총무/법무,경력 5년↑,정규직,경기,,2026-09-30,https://www.catch.co.kr/Comp/CompDetail/661538/Recruit/566639,,2026-09-07 17:58:28
캐치,피에스케이,경력채용(법무),사무/총무/법무,경력 5년↑,기타,경기,,2026-09-30,https://www.catch.co.kr/Comp/CompDetail/JN5372/Recruit/566637,,2026-09-07 17:58:28
캐치,대한해운,2026년 안전관리 직무 경력 직원 채용,"시설/보안/경비/안전, 전기/소방/통신/안전",경력 9~11년,기타,서울,,2026-10-18,https://www.catch.co.kr/Comp/CompDetail/720186/Recruit/566632,,2026-09-07 17:58:28
캐치,씨티알모빌리티,CTR Mobility 원가회계팀 사후원가 파트 (울산) 경력직 채용,"세무/회계/CPA, 재무/세무/IR",경력 5~7년,정규직,울산,,2026-09-30,https://www.catch.co.kr/Comp/CompDetail/061309/Recruit/566623,,2026-09-07 17:58:28
캐치,샘표식품,"환경 에너지시설 운영 (이천, 계약직) 채용","생산관리/공정관리/품질관리, 전기/소방/통신/안전",경력,계약직,경기,,2026-09-13,https://www.catch.co.kr/Comp/CompDetail/HR7687/Recruit/566622,,2026-09-07 17:58:28
캐치,건축공간연구원,정규직(부연구위원) 채용,"건축/설계/인테리어, 토목/조경/도시/측량",경력,정규직,세종,,2026-09-09,https://www.catch.co.kr/Comp/CompDetail/LY5416/Recruit/566621,,2026-09-07 17:58:28
캐치,샘표식품,"폐수처리 운영 및 유지관리 (이천, 계약직) 채용","전기/소방/통신/안전, 환경/플랜트",경력,계약직,경기,,2026-09-13,https://www.catch.co.kr/Comp/CompDetail/HR7687/Recruit/566619,,2026-09-07 17:58:28
캐치,샘표식품,"전기설비 유지보수 (이천, 계약직) 채용","전기/소방/통신/안전, 전기/전자/제어",경력,계약직,경기,,2026-09-13,https://www.catch.co.kr/Comp/CompDetail/HR7687/Recruit/566618,,2026-09-07 17:58:28
캐치,샘표식품,"기계설비 유지보수 (이천, 계약직) 채용","생산관리/공정관리/품질관리, 자동차/조선/기계, 전기/소방/통신/안전",경력,계약직,경기,,2026-09-13,https://www.catch.co.kr/Comp/CompDetail/HR7687/Recruit/566616,,2026-09-07 17:58:28
캐치,동희오토,안전협력실 노무관리담당 공인노무사 채용,"인사/노무/교육, 헤드헌팅/노무/직업상담",경력,정규직,충남,,2026-09-15,https://www.catch.co.kr/Comp/CompDetail/194017/Recruit/566614,,2026-09-07 17:58:28
캐치,카카오뱅크,여신관리 기획 담당자 채용,"기획/전략/경영, 사무/총무/법무, 재무/세무/IR",경력 5년↑,정규직,경기,,2026-09-09,https://www.catch.co.kr/Comp/CompDetail/HM8410/Recruit/566609,,2026-09-07 17:58:28
캐치,카카오뱅크,사업 기획 및 제휴 담당자 - B2B 뱅킹솔루션 채용,"기획/전략/경영, 영업관리/지원/영업기획",경력 3년↑,정규직,경기,,2026-09-08,https://www.catch.co.kr/Comp/CompDetail/HM8410/Recruit/566606,,2026-09-07 17:58:28
캐치,카카오뱅크,퇴직연금 도메인 개발자 채용,"네트워크/서버/보안, 웹개발, ERP/시스템개발/설계",경력 5년↑,정규직,경기,,2026-09-08,https://www.catch.co.kr/Comp/CompDetail/HM8410/Recruit/566601,,2026-09-07 17:58:28
캐치,한화첨단소재,[현지채용] 유럽법인(체코) 자동차 영업 경력사원 채용,"무역사무/수출입, 무역영업/해외영업",경력 3~14년,정규직,체코,,2026-09-20,https://www.catch.co.kr/Comp/CompDetail/PQ4205/Recruit/566598,,2026-09-07 17:58:28
캐치,파이널나인,(주) 파이널나인 정규직 매니저님 모집합니다.,외식/식음료,경력무관,정규직,대구,,2026-10-18,https://www.catch.co.kr/Comp/CompDetail/JC6907/Recruit/566596,,2026-09-07 17:58:28
캐치,PTKOREA,[인턴] 2026 대기업 Mobile E-commerce App 운영 보조 채용,"콘텐츠/사이트운영, QA/테스트/검증",신입,인턴,서울,,2026-09-29,https://www.catch.co.kr/Comp/CompDetail/M01057/Recruit/566595,,2026-09-07 17:58:28
캐치,NHN링크,[NHN Link] 피플팀 인사 담당 채용,"마케팅/PR/분석, 인사/노무/교육",경력 3~8년,정규직,서울,,2026-10-18,https://www.catch.co.kr/Comp/CompDetail/L71108/Recruit/566592,,2026-09-07 17:58:28
캐치,HL디앤아이한라,삼성전자 개보수공사 담당 경력직 채용 (상시),"건축/설계/인테리어, 시공/현장/감리/공무, 시설/보안/경비/안전, 전기/소방/통신/안전",경력 8년↑,계약직,경기/충남,,2026-12-31,https://www.catch.co.kr/Comp/CompDetail/501719/Recruit/566591,,2026-09-07 17:58:28
캐치,네오플,[전략분석실] 데이터분석가 채용 (근무지: 제주본사),"빅데이터/AI, DBA/데이터베이스",경력무관,정규직,제주,,2026-10-18,https://www.catch.co.kr/Comp/CompDetail/198274/Recruit/566586,,2026-09-07 17:58:28
캐치,NHN링크,[NHN Link] IP사업관리팀 투자관리 담당 채용,"기획/전략/경영, 설문/통계/리서치",경력 5년↑,정규직,서울,,2026-10-18,https://www.catch.co.kr/Comp/CompDetail/L71108/Recruit/566583,,2026-09-07 17:58:29
캐치,NHN링크,[NHN Link] 기획팀 서비스기획 담당 채용,"기획/전략/경영, DBA/데이터베이스",경력 3~8년,정규직,서울,,2026-10-18,https://www.catch.co.kr/Comp/CompDetail/L71108/Recruit/566579,,2026-09-07 17:58:29
캐치,삼일회계법인,[㈜피더블유씨비즈니스서비스] IR·PR 컨설턴트 채용,경영분석/컨설턴트,경력 1년↑,정규직,서울,,2027-01-01,https://www.catch.co.kr/Comp/CompDetail/206652/Recruit/566578,,2026-09-07 17:58:29
캐치,하나머티리얼즈,[경력] 인사(ER+HRM) 담당자 채용,인사/노무/교육,경력 4~10년,정규직,충남,,2026-10-18,https://www.catch.co.kr/Comp/CompDetail/482785/Recruit/566572,,2026-09-07 17:58:29
캐치,상진상사,"원료 의약품 인허가 경력직 채용 (RA, QC/QA)",사무/총무/법무,경력 5년↑,정규직,서울,,2026-09-18,https://www.catch.co.kr/Comp/CompDetail/AC9B7/Recruit/566570,,2026-09-07 17:58:29
캐치,키움증권,2026년 하반기 대졸 신입사원 공개채용,"기획/전략/경영, 네트워크/서버/보안, 마케팅/PR/분석, 사무/총무/법무, 설문/통계/리서치, 영업관리/지원/영업기획, 재무/세무/IR, 증권/투자/펀드/외환, B2B영업/기술영업",신입,정규직,서울,,2026-09-13,https://www.catch.co.kr/Comp/CompDetail/128814/Recruit/566566,,2026-09-07 17:58:29
캐치,NHN페이코,[NHN PAYCO] Java 서버 개발 채용,웹개발,경력 3년↑,정규직,서울,,2026-10-18,https://www.catch.co.kr/Comp/CompDetail/IP1630/Recruit/566565,,2026-09-07 17:58:29
캐치,경창산업,모터선행연구팀 연구원 경력 채용,"기계설계/CAD/CAM, 자동차/조선/기계",경력 3년↑,정규직,서울,,2026-10-18,https://www.catch.co.kr/Comp/CompDetail/900982/Recruit/566562,,2026-09-07 17:58:29
캐치,현대자동차,(연장) 8월 월간 경력 채용 (직무별 마감일 상이),"기계설계/CAD/CAM, 기획/전략/경영, 네트워크/서버/보안, 사무/총무/법무, 응용프로그램개발, 인사/노무/교육, 재무/세무/IR, 전기/전자/제어, DBA/데이터베이스, ERP/시스템개발/설계",경력,정규직,서울/경기/울산,,2026-09-13,https://www.catch.co.kr/Comp/CompDetail/380954/Recruit/566561,,2026-09-07 17:58:29
캐치,상진상사,원료의약품 영업 부문 신입·경력 채용,일반영업,경력무관,정규직,서울,,2026-09-18,https://www.catch.co.kr/Comp/CompDetail/AC9B7/Recruit/566560,,2026-09-07 17:58:29
캐치,경창산업,생산기술팀(보전파트) 경력사원 채용,"생산관리/공정관리/품질관리, 전기/소방/통신/안전, 전기/전자/제어",경력 3~5년,정규직,대구,,2026-10-18,https://www.catch.co.kr/Comp/CompDetail/900982/Recruit/566558,,2026-09-07 17:58:29
캐치,경창산업,현풍공장 생산관리팀 경력 (동종업계 5년 이상) 채용,"생산/제조/설비/조립, 생산관리/공정관리/품질관리",경력 5년↑,정규직,대구,,2026-10-18,https://www.catch.co.kr/Comp/CompDetail/900982/Recruit/566557,,2026-09-07 17:58:29
캐치,NHN페이코,[NHN PAYCO] 법무 채용,"법률/특허/상표, 사무/총무/법무",경력 3년↑,정규직,서울,,2026-10-18,https://www.catch.co.kr/Comp/CompDetail/IP1630/Recruit/566556,,2026-09-07 17:58:29
캐치,경창산업,전동화 품질보증팀 경력사원 채용,생산관리/공정관리/품질관리,경력 3년↑,정규직,대구,,2026-10-18,https://www.catch.co.kr/Comp/CompDetail/900982/Recruit/566555,,2026-09-07 17:58:29
캐치,NHN페이코,[NHN PAYCO] 데이터 엔지니어 채용,"빅데이터/AI, DBA/데이터베이스",경력 3~5년,정규직,서울,,2026-10-18,https://www.catch.co.kr/Comp/CompDetail/IP1630/Recruit/566553,,2026-09-07 17:58:29
캐치,NHN페이코,[NHN PAYCO] 오프라인 가맹점 영업 및 관리 채용,"기획/전략/경영, 마케팅/PR/분석, 영업관리/지원/영업기획, 일반영업",경력무관,정규직,서울,,2026-10-18,https://www.catch.co.kr/Comp/CompDetail/IP1630/Recruit/566552,,2026-09-07 17:58:29
캐치,경창산업,재무팀 관리회계파트 경력사원 채용,재무/세무/IR,경력 3년↑,정규직,대구,,2026-10-18,https://www.catch.co.kr/Comp/CompDetail/900982/Recruit/566550,,2026-09-07 17:58:29
캐치,현대건설,[H서비스센터] 전문계약직 수시 채용,"건축/설계/인테리어, 고객관리/인바운드, 재무/세무/IR, 전기/전자/제어, AS/서비스/수리",경력,계약직,서울/전국,,2026-12-31,https://www.catch.co.kr/Comp/CompDetail/500577/Recruit/566549,,2026-09-07 17:58:29
캐치,NHN페이코,[NHN PAYCO] 온라인 가맹점 영업 채용,"기획/전략/경영, 영업관리/지원/영업기획",경력무관,정규직,서울,,2026-10-18,https://www.catch.co.kr/Comp/CompDetail/IP1630/Recruit/566548,,2026-09-07 17:58:29
캐치,경창산업,로보틱스사업팀 팀장 채용,"기계설계/CAD/CAM, 기획/전략/경영, 응용프로그램개발, 자동차/조선/기계, 전기/전자/제어",경력 10년↑,정규직,대구,,2026-10-18,https://www.catch.co.kr/Comp/CompDetail/900982/Recruit/566547,,2026-09-07 17:58:29
캐치,경창산업,성서공장 생산관리팀 경력 채용(해당 직무 3년 이상),"경리/회계/결산, 생산관리/공정관리/품질관리",경력 3년↑,정규직,대구,,2026-10-18,https://www.catch.co.kr/Comp/CompDetail/900982/Recruit/566546,,2026-09-07 17:58:29
캐치,NHN페이코,[NHN PAYCO]멤버십/오더 서비스 사업 PM 채용,"기획/전략/경영, 설문/통계/리서치, 웹기획/PM/웹마케팅",경력 3~5년,정규직,서울,,2026-10-18,https://www.catch.co.kr/Comp/CompDetail/IP1630/Recruit/566545,,2026-09-07 17:58:29
캐치,두루두루아티스트컴퍼니,[아티스트 매니지먼트 팀] 매니저,공연/엔터테인먼트,경력무관,정규직,서울,,2026-09-08,https://www.catch.co.kr/Comp/CompDetail/H99874/Recruit/566542,,2026-09-07 17:58:29
캐치,제주신화월드,제주신화월드 2026년도 하반기 F&B팀 대규모 채용,"여행/항공/숙박/레저, 외식/식음료, 요리/영양/제과제빵/바리스타",경력무관,정규직/계약직,제주,,2026-10-17,https://www.catch.co.kr/Comp/CompDetail/J96807/Recruit/566541,,2026-09-07 17:58:29
캐치,더퓨어랩,[더퓨어랩] 닥터엘시아/디어에이 인사팀 인턴(전환형),인사/노무/교육,신입,인턴,서울,,2026-10-17,https://www.catch.co.kr/Comp/CompDetail/RL2487/Recruit/566536,,2026-09-07 17:58:29
캐치,동성케미컬,연구소 연구3그룹 친환경 소재 채용,화학/에너지/환경,경력 3년↓,정규직,부산,,2026-10-17,https://www.catch.co.kr/Comp/CompDetail/C13561/Recruit/566532,,2026-09-07 17:58:29
캐치,동성케미컬,신사업개발본부 반도체 소재 신사업 개발 채용,기획/전략/경영,경력 6년↑,정규직,서울,,2026-09-17,https://www.catch.co.kr/Comp/CompDetail/C13561/Recruit/566530,,2026-09-07 17:58:29
캐치,홍천엠앤티,[재우INT] 중화권 해외영업 담당자 채용,"무역사무/수출입, 무역영업/해외영업",경력 4~7년,정규직,서울,,2026-10-17,https://www.catch.co.kr/Comp/CompDetail/G90036/Recruit/566528,,2026-09-07 17:58:29
캐치,동성케미컬,DX실 FCM운영 및 개선 경력사원 채용,"네트워크/서버/보안, DBA/데이터베이스, ERP/시스템개발/설계",경력 3~7년,정규직,서울,,2026-10-17,https://www.catch.co.kr/Comp/CompDetail/C13561/Recruit/566527,,2026-09-07 17:58:29
캐치,현대오토에버,부문별 경력 채용,"기계설계/CAD/CAM, 기획/전략/경영, 네트워크/서버/보안, 법률/특허/상표, 빅데이터/AI, 웹개발, 웹기획/PM/웹마케팅, 응용프로그램개발, DBA/데이터베이스, QA/테스트/검증",경력,정규직/계약직,서울/경기/부산/경남/경북/울산/대구/전국,,2026-09-28,https://www.catch.co.kr/Comp/CompDetail/159613/Recruit/566522,,2026-09-07 17:58:29
캐치,올리브인터내셔널,[일본사업본부] 일본 인플루언서 마케터,마케팅/PR/분석,경력 2~5년,정규직,서울,,2026-10-17,https://www.catch.co.kr/Comp/CompDetail/JI6311/Recruit/566521,,2026-09-07 17:58:30
캐치,올리브인터내셔널,[영업본부] 홈쇼핑 영업 MD,상품기획/MD,경력 2~7년,정규직,서울,,2026-10-17,https://www.catch.co.kr/Comp/CompDetail/JI6311/Recruit/566520,,2026-09-07 17:58:30
캐치,위메이드,퍼블리싱 매출 정산 담당자(육아휴직 대체/계약직),경리/회계/결산,경력 1~5년,계약직,경기,,2026-09-11,https://www.catch.co.kr/Comp/CompDetail/164426/Recruit/566519,,2026-09-07 17:58:30
캐치,홍천엠앤티,무역사무 주니어 담당자 채용,"무역사무/수출입, 무역영업/해외영업",경력 1~3년,정규직,서울,,2026-10-17,https://www.catch.co.kr/Comp/CompDetail/G90036/Recruit/566516,,2026-09-07 17:58:30
캐치,올리브인터내셔널,[북미/유럽본부] 독일 인플루언서 마케터,마케팅/PR/분석,경력 1~5년,정규직,서울,,2026-10-17,https://www.catch.co.kr/Comp/CompDetail/JI6311/Recruit/566513,,2026-09-07 17:58:30
캐치,올리브인터내셔널,[북미/유럽본부] 미국 틱톡샵(TikTok Shop) 운영 MD,상품기획/MD,경력 1년↑,정규직,서울,,2026-10-17,https://www.catch.co.kr/Comp/CompDetail/JI6311/Recruit/566492,,2026-09-07 17:58:30
캐치,올리브인터내셔널,[북미/유럽본부] 해외 B2B 영업 담당자,B2B영업/기술영업,경력 3~8년,정규직,서울,,2026-10-19,https://www.catch.co.kr/Comp/CompDetail/JI6311/Recruit/566478,,2026-09-07 17:58:30
캐치,올리브인터내셔널,[북미/유럽본부] 틱톡샵(TikTok Shop) 콘텐츠 마케터,마케팅/PR/분석,경력 1년↑,정규직,서울,,2026-09-22,https://www.catch.co.kr/Comp/CompDetail/JI6311/Recruit/566474,,2026-09-07 17:58:30
캐치,모두의연구소,[모두의연구소] 기업이 뽑는 데이터 인재의 새로운 기준! 아이펠 AI 인텔리전스 트랙 2기,"빅데이터/AI, DBA/데이터베이스",경력무관,교육생,서울,,2026-10-02,https://www.catch.co.kr/Comp/CompDetail/HL2817/Recruit/566468,,2026-09-07 17:58:30
캐치,마카롱팩토리,차량 관리 앱 1위 '마이클' CS 매니저 (채용전환형 인턴),"고객관리/인바운드, 고객관리/인바운드/아웃바운드",신입,인턴,경기,,2026-10-17,https://www.catch.co.kr/Comp/CompDetail/HD7144/Recruit/566465,,2026-09-07 17:58:30
캐치,두산퓨얼셀,설비기술팀 기술직 경력 채용 ,"자동차/조선/기계, 전기/소방/통신/안전, 전기/전자/제어",경력 5년↑,기타,전북,,2026-09-14,https://www.catch.co.kr/Comp/CompDetail/JU0606/Recruit/566462,,2026-09-07 17:58:30
캐치,티맵모빌리티,AI Agent TPM (Technical Project Manager) 채용,"빅데이터/AI, 웹기획/PM/웹마케팅, 응용프로그램개발, 자동차/조선/기계",경력,정규직,서울,,2026-12-31,https://www.catch.co.kr/Comp/CompDetail/MB8295/Recruit/566458,,2026-09-07 17:58:30
캐치,신한라이프생명보험,디지털보안 담당자(경력) 채용 (~9/10까지 연장),네트워크/서버/보안,경력 7~10년,정규직,서울,,2026-09-10,https://www.catch.co.kr/Comp/CompDetail/821446/Recruit/566447,,2026-09-07 17:58:30
캐치,미미박스,[미미박스] 글로벌 이커머스 플랫폼 (아마존) 운영 인턴,"마케팅/PR/분석, 무역영업/해외영업",신입,인턴,서울,,2026-10-17,https://www.catch.co.kr/Comp/CompDetail/H13569/Recruit/566429,,2026-09-07 17:58:30
캐치,NHN KCP,[해외사업팀] 글로벌 결제사업 영업 및 운영(신입 가능) 채용,"기획/전략/경영, 설문/통계/리서치, 영업관리/지원/영업기획",경력무관,정규직,서울,,2026-10-17,https://www.catch.co.kr/Comp/CompDetail/053138/Recruit/566428,,2026-09-07 17:58:30
캐치,파이널나인,(주) 파이널나인 정규직 매니저님 모집합니다.,외식/식음료,경력무관,정규직,대구,,2026-10-17,https://www.catch.co.kr/Comp/CompDetail/JC6907/Recruit/566413,,2026-09-07 17:58:30
캐치,파이널나인,(주) 파이널나인 정규직 매니저님 모집합니다.,외식/식음료,경력무관,정규직,대구,,2026-10-05,https://www.catch.co.kr/Comp/CompDetail/JC6907/Recruit/566412,,2026-09-07 17:58:30
캐치,백패커,"[텀블벅/tumblbug] 크라우드 펀딩 MD 인턴 (체험형, 6개월)","상품기획/MD, 영업관리/지원/영업기획, 일반영업",경력무관,인턴,서울,,2026-09-30,https://www.catch.co.kr/Comp/CompDetail/I69194/Recruit/566404,,2026-09-07 17:58:30
캐치,동성케미컬,PU본부 중국 폴리우레탄 기술/영업 팀장 채용 (주재원),"마케팅/PR/분석, 생산관리/공정관리/품질관리, 영업관리/지원/영업기획, B2B영업/기술영업",경력 6년↑,정규직,광동성,,2026-10-17,https://www.catch.co.kr/Comp/CompDetail/C13561/Recruit/566400,,2026-09-07 17:58:30
캐치,동성케미컬,PU본부 인도네시아 폴리우레탄 기술개발자 채용 (주재원),"마케팅/PR/분석, 생산관리/공정관리/품질관리, 화학/에너지/환경",경력 3년↑,정규직,인도네시아,,2026-10-17,https://www.catch.co.kr/Comp/CompDetail/C13561/Recruit/566398,,2026-09-07 17:58:30
캐치,다룸솔루션,[10:00~17:30 기본급200만+인센]온라인 마케팅 영업부 채용,"고객관리/인바운드, 고객관리/인바운드/아웃바운드, 마케팅/PR/분석, 영업관리/지원/영업기획, B2B영업/기술영업",경력무관,정규직,서울,,2026-10-17,https://www.catch.co.kr/Comp/CompDetail/ADACB/Recruit/566375,,2026-09-07 17:58:30
캐치,토리든,[토리든] 글로벌(미주/유럽) 인플루언서 마케터,마케팅/PR/분석,경력 5년↑,정규직,서울,,2026-10-17,https://www.catch.co.kr/Comp/CompDetail/HK2545/Recruit/566371,,2026-09-07 17:58:30
캐치,버킷플레이스,Japan Site Merchandising Manager (계약직),마케팅/PR/분석,경력무관,계약직,서울,,2026-10-17,https://www.catch.co.kr/Comp/CompDetail/A0418/Recruit/566369,,2026-09-07 17:58:30
캐치,iM뱅크,AI DevOps 채용,"네트워크/서버/보안, ERP/시스템개발/설계",경력 3년↑,계약직,서울,,2026-12-31,https://www.catch.co.kr/Comp/CompDetail/840050/Recruit/566367,,2026-09-07 17:58:30
캐치,iM뱅크,감정평가사 채용,"사무/총무/법무, 증권/투자/펀드/외환",경력 2년↑,계약직,서울,,2026-12-31,https://www.catch.co.kr/Comp/CompDetail/840050/Recruit/566366,,2026-09-07 17:58:30
캐치,iM뱅크,보험계리사 채용,"경영분석/컨설턴트, 채권/보험/보상/심사",경력 1년↑,계약직,대구,,2026-12-31,https://www.catch.co.kr/Comp/CompDetail/840050/Recruit/566365,,2026-09-07 17:58:30
캐치,iM뱅크,안드로이드 개발자 채용,응용프로그램개발,경력 5년↑,계약직,서울,,2026-12-31,https://www.catch.co.kr/Comp/CompDetail/840050/Recruit/566364,,2026-09-07 17:58:30
캐치,iM뱅크,뱅킹 개발자 채용,"네트워크/서버/보안, 웹개발, ERP/시스템개발/설계",경력 5년↑,계약직,서울,,2026-12-31,https://www.catch.co.kr/Comp/CompDetail/840050/Recruit/566363,,2026-09-07 17:58:30
캐치,iM뱅크,여신심사 전문인력 채용,증권/투자/펀드/외환,경력 5년↑,계약직,서울,,2026-12-31,https://www.catch.co.kr/Comp/CompDetail/840050/Recruit/566362,,2026-09-07 17:58:30
캐치,카카오뱅크,FDS 전기통신금융사기 모니터링 담당자 - 주간 (계약직) 채용,"고객관리/인바운드, 고객관리/인바운드/아웃바운드, 사무/총무/법무",경력 1년↑,계약직,경기,,2026-09-14,https://www.catch.co.kr/Comp/CompDetail/HM8410/Recruit/566357,,2026-09-07 17:58:30
캐치,PTKOREA,대기업 소셜채널 및 디지털 캠페인 Creative Designer 채용,"기획/전략/경영, 마케팅/PR/분석, 웹기획/PM/웹마케팅, 캐릭터/만화/애니, 콘텐츠/사이트운영",경력 3~12년,정규직,서울,,2026-09-23,https://www.catch.co.kr/Comp/CompDetail/M01057/Recruit/566356,,2026-09-07 17:58:32
캐치,PTKOREA,미디어 플래너 채용,"기획/전략/경영, 마케팅/PR/분석",경력 3~11년,정규직,서울,,2026-09-23,https://www.catch.co.kr/Comp/CompDetail/M01057/Recruit/566354,,2026-09-07 17:58:32
캐치,PTKOREA,대기업 디지털 마케팅 기획 및 SNS 운영 AE 채용,"기획/전략/경영, 마케팅/PR/분석, 웹기획/PM/웹마케팅, 콘텐츠/사이트운영",경력 2~7년,정규직,서울,,2026-09-23,https://www.catch.co.kr/Comp/CompDetail/M01057/Recruit/566352,,2026-09-07 17:58:32
캐치,PTKOREA,이커머스 운영 및 기획 / AE 채용,"콘텐츠/사이트운영, HTML/퍼블리싱/UI개발, QA/테스트/검증",경력 2~7년,정규직,서울,,2026-09-23,https://www.catch.co.kr/Comp/CompDetail/M01057/Recruit/566350,,2026-09-07 17:58:32
캐치,마상소프트,[부산] 게임 디자이너(기획) 채용,게임,경력,계약직,부산,,2026-10-17,https://www.catch.co.kr/Comp/CompDetail/367115/Recruit/566345,,2026-09-07 17:58:32
캐치,마상소프트,[부산] 웹 디자이너 채용,HTML/퍼블리싱/UI개발,경력,계약직,부산,,2026-10-17,https://www.catch.co.kr/Comp/CompDetail/367115/Recruit/566344,,2026-09-07 17:58:32
캐치,마상소프트,[부산] 애니메이션 아티스트 채용,"게임, 캐릭터/만화/애니",경력,계약직,부산,,2026-10-17,https://www.catch.co.kr/Comp/CompDetail/367115/Recruit/566342,,2026-09-07 17:58:32
캐치,마상소프트, [부산] 게임 3D배경 아티스트,"게임, 그래픽디자인/CG",경력,계약직,부산,,2026-10-17,https://www.catch.co.kr/Comp/CompDetail/367115/Recruit/566341,,2026-09-07 17:58:32
캐치,마상소프트,[부산] 캐릭터 컨셉 아티스트 채용,"출판/편집디자인, 캐릭터/만화/애니",경력,계약직,부산,,2026-10-17,https://www.catch.co.kr/Comp/CompDetail/367115/Recruit/566340,,2026-09-07 17:58:32
캐치,마상소프트,[부산] 이펙트 아티스트 채용,게임,경력,계약직,부산,,2026-10-17,https://www.catch.co.kr/Comp/CompDetail/367115/Recruit/566338,,2026-09-07 17:58:32
캐치,동남권원자력의학원,[직원채용] 박사후 연수연구원(첨단방사선종양연구팀) 공개 채용,"바이오/제약/식품, 설문/통계/리서치",경력,계약직,부산,,2026-09-10,https://www.catch.co.kr/Comp/CompDetail/HC9813/Recruit/566337,,2026-09-07 17:58:32
캐치,마상소프트,[부산] 배경 컨셉 아티스트 채용,"게임, 캐릭터/만화/애니",경력,계약직,부산,,2026-10-17,https://www.catch.co.kr/Comp/CompDetail/367115/Recruit/566336,,2026-09-07 17:58:32
캐치,마상소프트,[부산] 게임 UI/UX 아티스트,"웹기획/PM/웹마케팅, HTML/퍼블리싱/UI개발",경력,계약직,부산,,2026-10-17,https://www.catch.co.kr/Comp/CompDetail/367115/Recruit/566335,,2026-09-07 17:58:32
캐치,앱솔브랩,글로벌 인플루언서 마케팅 인턴 채용,"기획/전략/경영, 마케팅/PR/분석, 설문/통계/리서치",경력무관,인턴,서울,,2026-10-17,https://www.catch.co.kr/Comp/CompDetail/HS2065/Recruit/566334,,2026-09-07 17:58:32
캐치,마상소프트,"[부산] 인프라 엔지니어 (System, Network, Cloud) 채용","네트워크/서버/보안, 통신기술/네트워크구축",경력,계약직,부산,,2026-10-17,https://www.catch.co.kr/Comp/CompDetail/367115/Recruit/566333,,2026-09-07 17:58:32
캐치,마상소프트,[부산] 웹 기획자 채용,웹기획/PM/웹마케팅,경력,계약직,부산,,2026-10-17,https://www.catch.co.kr/Comp/CompDetail/367115/Recruit/566332,,2026-09-07 17:58:32
캐치,토비스,해외영업 신입(매니저급) 채용,"고객관리/인바운드, 무역영업/해외영업, 영업관리/지원/영업기획",신입,정규직,인천,,2026-09-13,https://www.catch.co.kr/Comp/CompDetail/162859/Recruit/566323,,2026-09-07 17:58:32
캐치,백패커,"[아이디어스] 디자인 인턴 (체험형, 6개월)","광고/시각디자인, 디자인기타, 콘텐츠/사이트운영",신입,인턴,서울,,2026-09-30,https://www.catch.co.kr/Comp/CompDetail/I69194/Recruit/566300,,2026-09-07 17:58:32
캐치,타라티피에스,"인쇄파트 생산직(신입,경력무관) 채용",인쇄/출판/편집,경력무관,정규직,서울,,2026-10-13,https://www.catch.co.kr/Comp/CompDetail/039407/Recruit/566293,,2026-09-07 17:58:32
캐치,아이디스,"2026년 경영지원-인사(급여, 경력) 인재 수시 채용","경리/회계/결산, 인사/노무/교육",경력 2~5년,정규직,대전,,2026-10-13,https://www.catch.co.kr/Comp/CompDetail/H35494/Recruit/566288,,2026-09-07 17:58:32
캐치,월덱스,(주)월덱스 생산 정규직 채용 (2교대),"생산/제조/설비/조립, 포장/가공",경력무관,정규직,경북,,2026-09-13,https://www.catch.co.kr/Comp/CompDetail/136364/Recruit/566286,,2026-09-07 17:58:32
캐치,아이디스,[대전] 2026년 생산직(정규직) 채용,생산/제조/설비/조립,신입,정규직,대전,,2026-12-31,https://www.catch.co.kr/Comp/CompDetail/H35494/Recruit/566285,,2026-09-07 17:58:32
캐치,GS ITM,SAP 사업 개발 및 관리 담당자 채용,"고객관리/인바운드/아웃바운드, 기획/전략/경영, 마케팅/PR/분석, 사무보조/문서작성",경력 1~6년,정규직,서울,,2026-09-13,https://www.catch.co.kr/Comp/CompDetail/385861/Recruit/566281,,2026-09-07 17:58:32
캐치,휴온스바이오파마,QMS팀 채용,"바이오/제약/식품, 사무/총무/법무",경력 5년↑,기타,경기,,2026-09-07,https://www.catch.co.kr/Comp/CompDetail/MP2426/Recruit/566268,,2026-09-07 17:58:32
캐치,휴온스바이오파마,완제팀 채용,"바이오/제약/식품, 사무보조/문서작성, 생산관리/공정관리/품질관리",경력 5년↓,기타,경기,,2026-09-07,https://www.catch.co.kr/Comp/CompDetail/MP2426/Recruit/566266,,2026-09-07 17:58:32
캐치,PTKOREA,글로벌 대기업 브랜드 캠페인 및 소셜 운영 AE 채용,"광고제작/카피/CF, 기획/전략/경영, 웹기획/PM/웹마케팅, 콘텐츠/사이트운영",경력 3~11년,정규직,서울,,2026-09-30,https://www.catch.co.kr/Comp/CompDetail/M01057/Recruit/566262,,2026-09-07 17:58:32
캐치,아이에스동서,안전관리자 신입/경력사원 채용,"건축/설계/인테리어, 시공/현장/감리/공무, 전기/소방/통신/안전",경력,정규직/계약직,경북/울산,,2026-11-30,https://www.catch.co.kr/Comp/CompDetail/360201/Recruit/566261,,2026-09-07 17:58:32
캐치,에듀윌,재무팀 회계결산(원가) 팀원급 경력직 채용,"경리/회계/결산, 재무/세무/IR",경력 5년↑,정규직,서울,,2026-10-13,https://www.catch.co.kr/Comp/CompDetail/234998/Recruit/566255,,2026-09-07 17:58:32
캐치,에듀윌,결산·회계·세무 총괄 재무팀 팀장급 (경력직) 채용,"경리/회계/결산, 재무/세무/IR",경력 15년↑,정규직,서울,,2026-10-13,https://www.catch.co.kr/Comp/CompDetail/234998/Recruit/566253,,2026-09-07 17:58:32
캐치,한컴,[26년 3분기] 글로벌 B2C 서비스 기획 및 운영 담당 (경력) 채용,"게임, 기획/전략/경영, 웹기획/PM/웹마케팅",경력,정규직,경기,,2026-10-13,https://www.catch.co.kr/Comp/CompDetail/119628/Recruit/566250,,2026-09-07 17:58:32
캐치,린데코리아,제조운영부문 Project Management Team Project Administration Officer 계약직 채용,사무/총무/법무,경력,계약직,경기,,2026-10-09,https://www.catch.co.kr/Comp/CompDetail/353060/Recruit/566226,,2026-09-07 17:58:33
캐치,시그널파이낸셜랩,"[대구지역 집중채용] 신입 채팅상담 전문가(재택근무, 정규직)","고객관리/인바운드, 고객관리/인바운드/아웃바운드",신입,정규직,대구,,2026-10-13,https://www.catch.co.kr/Comp/CompDetail/LF0645/Recruit/566215,,2026-09-07 17:58:33
캐치,인동에프엔,신입/경력 수시 채용 [웹디자인],HTML/퍼블리싱/UI개발,경력 8년↓,정규직/인턴,서울,,2026-10-13,https://www.catch.co.kr/Comp/CompDetail/925306/Recruit/566214,,2026-09-07 17:58:33
캐치,인동에프엔,신입/경력 수시 채용 [TD],"기계설계/CAD/CAM, 섬유/의류/패션",경력 5년↑,정규직,서울,,2026-10-13,https://www.catch.co.kr/Comp/CompDetail/925306/Recruit/566213,,2026-09-07 17:58:33
캐치,시그널파이낸셜랩,"[대전지역 집중채용] 신입 채팅상담 전문가(재택근무, 정규직)","고객관리/인바운드, 고객관리/인바운드/아웃바운드",신입,정규직,대전,,2026-10-13,https://www.catch.co.kr/Comp/CompDetail/LF0645/Recruit/566212,,2026-09-07 17:58:33
캐치,서브원,리테일사업 영업,"영업관리/지원/영업기획, 일반영업, B2B영업/기술영업",경력 4~8년,정규직,서울,,2026-09-30,https://www.catch.co.kr/Comp/CompDetail/JJ3631/Recruit/566209,,2026-09-07 17:58:33
캐치,미미박스,[미미박스] B2B 해외영업 인턴 (채용연계형),"영업관리/지원/영업기획, B2B영업/기술영업",신입,인턴,서울,,2026-10-13,https://www.catch.co.kr/Comp/CompDetail/H13569/Recruit/566207,,2026-09-07 17:58:33
캐치,NIT서비스,[네이버 계열사][NIT Service] 네이버웍스 고객상담/기술지원,"고객관리/인바운드, ERP/시스템개발/설계, QA/테스트/검증",신입,정규직,경기,,2026-10-13,https://www.catch.co.kr/Comp/CompDetail/M14288/Recruit/566184,,2026-09-07 17:58:33
캐치,비에이티,뷰티 브랜드 콘텐츠 매니저 (1-3년차),마케팅/PR/분석,경력무관,정규직,서울,,2026-10-13,https://www.catch.co.kr/Comp/CompDetail/HT7966/Recruit/566175,,2026-09-07 17:58:33
캐치,현대트랜시스,산업간호사(계약직) 채용,"간호사, 전기/소방/통신/안전",신입,계약직,충남,,2026-09-11,https://www.catch.co.kr/Comp/CompDetail/128373/Recruit/566174,,2026-09-07 17:58:33
캐치,싸토리우스코리아바이오텍,사내변호사 채용,사무/총무/법무,경력,정규직,경기,,2026-10-13,https://www.catch.co.kr/Comp/CompDetail/480403/Recruit/566171,,2026-09-07 17:58:33
캐치,티캐스트,공시·내부회계·주총/이사회 담당 채용 (팀원급),"사무/총무/법무, 재무/세무/IR",경력 3년↑,정규직,서울,,2026-09-30,https://www.catch.co.kr/Comp/CompDetail/C77567/Recruit/566154,,2026-09-07 17:58:33
캐치,컴투스,[스포츠게임] 애니메이터 (3년 이상) 채용,"그래픽디자인/CG, 캐릭터/만화/애니",경력 3년↑,정규직,서울,,2026-10-12,https://www.catch.co.kr/Comp/CompDetail/126321/Recruit/566151,,2026-09-07 17:58:33
캐치,넥스트그라운드,광고 영상 제작 콘텐츠 마케터 (전환형 인턴) 채용,마케팅/PR/분석,신입,인턴,서울,,2026-10-13,https://www.catch.co.kr/Comp/CompDetail/A2022/Recruit/566150,,2026-09-07 17:58:33
캐치,넥스트그라운드,퍼포먼스 마케터 (전환형 인턴) 채용,마케팅/PR/분석,신입,인턴,서울,,2026-10-13,https://www.catch.co.kr/Comp/CompDetail/A2022/Recruit/566147,,2026-09-07 17:58:33
캐치,넥스트그라운드,백엔드 개발자 (전환형 인턴) 채용,웹개발,신입,인턴,서울,,2026-10-13,https://www.catch.co.kr/Comp/CompDetail/A2022/Recruit/566144,,2026-09-07 17:58:33
캐치,PTKOREA,디지털 마케팅 기획 및 운영 (리더급) 채용,마케팅/PR/분석,경력 14~20년,정규직,서울,,2026-09-23,https://www.catch.co.kr/Comp/CompDetail/M01057/Recruit/566140,,2026-09-07 17:58:33
캐치,PTKOREA,브랜디드 커머스 플랫폼(웹/앱) 마케팅 기획자 (리더급) 채용,"기획/전략/경영, 마케팅/PR/분석, 웹기획/PM/웹마케팅",경력 14~20년,정규직,서울,,2026-09-23,https://www.catch.co.kr/Comp/CompDetail/M01057/Recruit/566138,,2026-09-07 17:58:33
캐치,넥스트그라운드,앱/웹 서비스 기획 (PM) (4년차 이하) 채용,"기획/전략/경영, 웹기획/PM/웹마케팅",경력 2~4년,정규직,서울,,2026-10-13,https://www.catch.co.kr/Comp/CompDetail/A2022/Recruit/566136,,2026-09-07 17:58:33
캐치,NHN애드,[NHN AD] 퍼포먼스마케팅AE (경력) 채용,마케팅/PR/분석,경력 1년↑,정규직,경기,,2026-10-13,https://www.catch.co.kr/Comp/CompDetail/L93193/Recruit/566133,,2026-09-07 17:58:33
캐치,NHN애드,[NHN AD] 퍼포먼스마케팅AE (신입) 채용,마케팅/PR/분석,신입,정규직,경기,,2026-10-13,https://www.catch.co.kr/Comp/CompDetail/L93193/Recruit/566131,,2026-09-07 17:58:33
캐치,데카트론코리아,[데카트론코리아] 디파트먼트 매니저 (수원점) 채용,판매/캐셔/매장관리,경력무관,정규직,경기,,2026-10-06,https://www.catch.co.kr/Comp/CompDetail/121061/Recruit/566094,,2026-09-07 17:58:33
캐치,데카트론코리아,[데카트론코리아] 디파트먼트 매니저 (인천연수점) 채용,판매/캐셔/매장관리,경력무관,정규직,인천,,2026-10-06,https://www.catch.co.kr/Comp/CompDetail/121061/Recruit/566093,,2026-09-07 17:58:33
캐치,오토닉스,[상품전략] 특허 담당자 채용 - 경력 3년 이상,사무/총무/법무,경력 3년↑,정규직,서울,,2026-10-12,https://www.catch.co.kr/Comp/CompDetail/451312/Recruit/566086,,2026-09-07 17:58:33
캐치,티비더블유에이코리아,소셜 기획 (Social AE) 채용,마케팅/PR/분석,경력 5~9년,기타,서울,,2026-10-12,https://www.catch.co.kr/Comp/CompDetail/102314/Recruit/566059,,2026-09-07 17:58:33
캐치,오로라월드,로스터리 젠 푸드리드 채용,"바이오/제약/식품, 생산관리/공정관리/품질관리, 요리/영양/제과제빵/바리스타",경력 7년↑,정규직,서울,,2026-10-30,https://www.catch.co.kr/Comp/CompDetail/453838/Recruit/566058,,2026-09-07 17:58:33
캐치,CJ올리브네트웍스,[경력] 송출 채널 영업 채용,"기획/전략/경영, 영상/사진/촬영, 영업관리/지원/영업기획, 일반영업",경력 2년↑,정규직,경기,,2026-09-14,https://www.catch.co.kr/Comp/CompDetail/046305/Recruit/566025,,2026-09-07 17:58:33
캐치,CJ대한통운,'신LMD 운영' 경력사원 채용,"고객관리/인바운드, 기획/전략/경영, 배송/택배/운전",경력,정규직,경기,,2026-10-12,https://www.catch.co.kr/Comp/CompDetail/710083/Recruit/566023,,2026-09-07 17:58:33
캐치,데카트론코리아,[데카트론코리아] HR Intern 채용,"사무/총무/법무, 인사/노무/교육",경력 1년↑,인턴,서울,,2026-10-12,https://www.catch.co.kr/Comp/CompDetail/121061/Recruit/566021,,2026-09-07 17:58:33
캐치,CJ대한통운,[TES물류기술연구소] 로봇 S/W Engineer (Physical AI 개발) 경력사원 채용,"기계설계/CAD/CAM, 빅데이터/AI, 응용프로그램개발, DBA/데이터베이스",경력 2년↑,정규직,서울,,2026-10-12,https://www.catch.co.kr/Comp/CompDetail/710083/Recruit/566019,,2026-09-07 17:58:33
캐치,두산,[디지털이노베이션BU] 정보보안(보안관제) 경력사원 채용 ,네트워크/서버/보안,경력 10년↑,기타,서울,,2026-12-31,https://www.catch.co.kr/Comp/CompDetail/310425/Recruit/566017,,2026-09-07 17:58:34
캐치,두산퓨얼셀,협력사 상주 검사원(창녕) 계약직 채용,"생산/제조/설비/조립, 생산관리/공정관리/품질관리",경력 10년↑,계약직,경남,,2026-09-30,https://www.catch.co.kr/Comp/CompDetail/JU0606/Recruit/566015,,2026-09-07 17:58:34
캐치,두산퓨얼셀,협력사 상주 검사원(나주) 계약직 채용 ,"생산/제조/설비/조립, 생산관리/공정관리/품질관리",경력 10년↑,계약직,전남광주,,2026-09-30,https://www.catch.co.kr/Comp/CompDetail/JU0606/Recruit/566013,,2026-09-07 17:58:34
캐치,하이퍼트라이앵글,급구]AI 아티스트(AI Image Video Specialist)프리랜서모집,광고/시각디자인,경력 3년↑,계약직,서울,,2026-09-12,https://www.catch.co.kr/Comp/CompDetail/A9046/Recruit/566012,,2026-09-07 17:58:34
캐치,신세계I&C,[신세계아이앤씨] 경영기획 직무 인재채용 (채용 시 마감),"기획/전략/경영, 설문/통계/리서치",경력 5년↑,정규직,서울,,2026-12-31,https://www.catch.co.kr/Comp/CompDetail/538787/Recruit/566011,,2026-09-07 17:58:34
캐치,이마트,AI컨텍센터 고객상담 스태프 사원 채용,고객관리/인바운드,경력,계약직,서울,,2027-02-28,https://www.catch.co.kr/Comp/CompDetail/H32072/Recruit/566006,,2026-09-07 17:58:34
캐치,이마트,스태프(주 5일 근무) 사원 채용,"고객관리/인바운드, 판매/캐셔/매장관리",경력,계약직,서울/전국,,2027-02-28,https://www.catch.co.kr/Comp/CompDetail/H32072/Recruit/566002,,2026-09-07 17:58:34
캐치,이마트,No-Brand 스태프 채용,"고객관리/인바운드, 판매/캐셔/매장관리",경력,계약직,서울/전국,,2027-02-28,https://www.catch.co.kr/Comp/CompDetail/H32072/Recruit/566001,,2026-09-07 17:58:34
캐치,이마트,랜더스굿즈샵 랜더스필드점 스태프 채용,"고객관리/인바운드, 판매/캐셔/매장관리",경력,계약직,인천,,2027-02-28,https://www.catch.co.kr/Comp/CompDetail/H32072/Recruit/566000,,2026-09-07 17:58:34
캐치,이마트,스타필드(시티) 스태프 사원 채용,"고객관리/인바운드, 판매/캐셔/매장관리",경력,계약직,경기,,2027-02-28,https://www.catch.co.kr/Comp/CompDetail/H32072/Recruit/565998,,2026-09-07 17:58:34
캐치,SSG닷컴,[SSG.COM] 주5일 피킹패킹 스태프(장애인) 채용,"배송/택배/운전, 생산/제조/설비/조립, 포장/가공",경력무관,계약직,서울/전국,,2026-12-30,https://www.catch.co.kr/Comp/CompDetail/JK1331/Recruit/565996,,2026-09-07 17:58:34
캐치,SSG닷컴,[SSG.COM] 피킹패킹 오후 스태프 채용,"배송/택배/운전, 생산/제조/설비/조립, 포장/가공",경력,계약직,서울/전국,,2026-12-31,https://www.catch.co.kr/Comp/CompDetail/JK1331/Recruit/565994,,2026-09-07 17:58:34
캐치,SSG닷컴,[SSG.COM] 피킹패킹 스태프 채용 (주5일 근무),"배송/택배/운전, 생산/제조/설비/조립, 포장/가공",경력,계약직,서울/전국,,2026-12-31,https://www.catch.co.kr/Comp/CompDetail/JK1331/Recruit/565992,,2026-09-07 17:58:34
캐치,비상교육,[웹/서비스기획] 에듀테크 서비스 기획 및 운영 채용,"기획/전략/경영, 빅데이터/AI, 웹기획/PM/웹마케팅",경력 3년↑,정규직,경기,,2026-10-12,https://www.catch.co.kr/Comp/CompDetail/277709/Recruit/565987,,2026-09-07 17:58:34
캐치,메쎄이상,[상장사] 재무/회계 경력직 채용,"경리/회계/결산, 재무/세무/IR",경력 2년↑,정규직,서울,,2026-09-12,https://www.catch.co.kr/Comp/CompDetail/OS0458/Recruit/565984,,2026-09-07 17:58:34
캐치,비상교육,[경영/지원] 구매 제작 관리 채용,"교육기획/교재, 구매/자재/재고, 생산관리/공정관리/품질관리",경력 1~5년,정규직,경기,,2026-10-12,https://www.catch.co.kr/Comp/CompDetail/277709/Recruit/565983,,2026-09-07 17:58:34
캐치,SK(주) AX,반도체 R&D 시스템 어플리케이션 설계 및 리딩 전문가 채용,"네트워크/서버/보안, 웹개발, 응용프로그램개발, ERP/시스템개발/설계",경력 5년↑,정규직,경기,,2026-09-14,https://www.catch.co.kr/Comp/CompDetail/A90BF/Recruit/565973,,2026-09-07 17:58:34
캐치,서브원,전자사업 영업(평택),"영업관리/지원/영업기획, 일반영업, B2B영업/기술영업",경력 5~10년,정규직,경기,,2026-09-30,https://www.catch.co.kr/Comp/CompDetail/JJ3631/Recruit/565932,,2026-09-07 17:58:34
캐치,서브원,자동차사업 영업,"고객관리/인바운드, 기획/전략/경영, 영업관리/지원/영업기획, 일반영업, B2B영업/기술영업",경력 4~8년,정규직,경북,,2026-09-30,https://www.catch.co.kr/Comp/CompDetail/JJ3631/Recruit/565930,,2026-09-07 17:58:34
캐치,플레이디,[경력] 디지털 광고 디자이너 채용 (경력 1~2년),마케팅/PR/분석,경력 1~2년,정규직,경기,,2026-10-12,https://www.catch.co.kr/Comp/CompDetail/F12112/Recruit/565927,,2026-09-07 17:58:34
캐치,플레이디,[경력] 디지털 광고 디자이너 채용 (경력 2~5년),"마케팅/PR/분석, HTML/퍼블리싱/UI개발",경력 2~5년,정규직,경기,,2026-10-12,https://www.catch.co.kr/Comp/CompDetail/F12112/Recruit/565925,,2026-09-07 17:58:34
캐치,센트비,Product Manager (송금 도메인),웹기획/PM/웹마케팅,경력 5~8년,정규직,서울,,2026-09-11,https://www.catch.co.kr/Comp/CompDetail/HJ2692/Recruit/565924,,2026-09-07 17:58:34
캐치,플레이디,[경력] 신사업/사업개발 담당자 채용,"기획/전략/경영, 마케팅/PR/분석, 설문/통계/리서치",경력 1~4년,정규직,경기,,2026-10-12,https://www.catch.co.kr/Comp/CompDetail/F12112/Recruit/565920,,2026-09-07 17:58:34
캐치,플레이디,[경력] 재무회계 담당자 채용,재무/세무/IR,경력 3~5년,정규직,경기,,2026-10-12,https://www.catch.co.kr/Comp/CompDetail/F12112/Recruit/565918,,2026-09-07 17:58:34
캐치,플레이디,[경력] 퍼포먼스마케팅AE 채용,"광고제작/카피/CF, 마케팅/PR/분석",경력 1~8년,정규직,경기,,2026-10-12,https://www.catch.co.kr/Comp/CompDetail/F12112/Recruit/565916,,2026-09-07 17:58:34
캐치,하이브,[HYBE] 위버스매거진에디터 채용,"기획/전략/경영, 웹기획/PM/웹마케팅, 콘텐츠/사이트운영",경력,정규직,서울,,2026-10-12,https://www.catch.co.kr/Comp/CompDetail/386503/Recruit/565913,,2026-09-07 17:58:34
캐치,콘텐츠웨이브,[product] UX/UI 디자이너 채용,HTML/퍼블리싱/UI개발,경력 10년↑,정규직,서울,,2026-10-12,https://www.catch.co.kr/Comp/CompDetail/I09023/Recruit/565911,,2026-09-07 17:58:34
캐치,엔씨,2026년 8월 전 부문 수시채용,게임,경력,기타,서울,,2026-09-09,https://www.catch.co.kr/Comp/CompDetail/622850/Recruit/565893,,2026-09-07 17:58:34
캐치,버킷플레이스,Marketing Designer (계약직),"광고/시각디자인, 제품/산업디자인",경력무관,계약직,서울,,2026-09-29,https://www.catch.co.kr/Comp/CompDetail/A0418/Recruit/565874,,2026-09-07 17:58:34
캐치,한화오션,[제품전략기술원] 공정개발(설계) 경력사원 채용,"자동차/조선/기계, 전기/소방/통신/안전, 환경/플랜트",경력 5년↑,정규직,서울,,2026-12-31,https://www.catch.co.kr/Comp/CompDetail/152019/Recruit/565832,,2026-09-07 17:58:34
캐치,케이제이인더스트리,지게차 운전 사원 채용,화물/중장비,경력,정규직,인천,,2026-10-11,https://www.catch.co.kr/Comp/CompDetail/503543/Recruit/565828,,2026-09-07 17:58:35
캐치,쿠팡,[신입] Back-end Engineer (Eats Ads Engineering) 채용,"네트워크/서버/보안, 웹개발, 응용프로그램개발, ERP/시스템개발/설계",신입,정규직,서울,,2026-10-11,https://www.catch.co.kr/Comp/CompDetail/I95823/Recruit/565817,,2026-09-07 17:58:35
캐치,케이제이인더스트리,생산직 상시 채용,생산/제조/설비/조립,경력,정규직,인천,,2026-10-11,https://www.catch.co.kr/Comp/CompDetail/503543/Recruit/565810,,2026-09-07 17:58:35
캐치,CJ ENM,아티스트 마케팅 채용,"기획/전략/경영, 마케팅/PR/분석",경력 4년↑,정규직,서울,,2026-10-10,https://www.catch.co.kr/Comp/CompDetail/039944/Recruit/565798,,2026-09-07 17:58:35
캐치,에스케이시그넷,유지보수 Part (경력) 채용,"생산관리/공정관리/품질관리, 전기/전자/제어, AS/서비스/수리, QA/테스트/검증",경력 1년↑,정규직,전남광주,,2026-10-11,https://www.catch.co.kr/Comp/CompDetail/IL7179/Recruit/565786,,2026-09-07 17:58:35
캐치,티빙,[티빙] Ad Tech Backend Engineer 경력채용,"마케팅/PR/분석, DBA/데이터베이스",경력 5년↑,정규직,서울,,2026-09-20,https://www.catch.co.kr/Comp/CompDetail/LW1453/Recruit/565782,,2026-09-07 17:58:35
캐치,어플라이드머티어리얼즈코리아,DDP/Epitaxy Module Process Engineer 채용,"반도체/디스플레이, 빅데이터/AI, 전기/전자/제어, AS/서비스/수리, B2B영업/기술영업",경력,정규직,경기,,2026-10-06,https://www.catch.co.kr/Comp/CompDetail/017598/Recruit/565777,,2026-09-07 17:58:35
캐치,어플라이드머티어리얼즈코리아,"Director, Module Process Engineer (ETCH/Thin Flim) 채용","반도체/디스플레이, 빅데이터/AI, 전기/전자/제어, AS/서비스/수리",경력,정규직,경기,,2026-09-21,https://www.catch.co.kr/Comp/CompDetail/017598/Recruit/565775,,2026-09-07 17:58:35
캐치,SK오앤에스,2026 Access 현장운용지원 구성원 채용,"배송/택배/운전, 생산관리/공정관리/품질관리, 시설/보안/경비/안전, 전기/전자/제어, 토목/조경/도시/측량",신입,계약직,경기/인천/전남광주/강원/부산,,2026-09-30,https://www.catch.co.kr/Comp/CompDetail/F22361/Recruit/565771,,2026-09-07 17:58:35
캐치,린데코리아,제조운영부문 Project Construction Team 계약직 채용,"생산관리/공정관리/품질관리, 시공/현장/감리/공무, 시설/보안/경비/안전, 전기/소방/통신/안전, 전기/전자/제어, 토목/조경/도시/측량, 환경/플랜트",경력,계약직,경기,,2026-09-18,https://www.catch.co.kr/Comp/CompDetail/353060/Recruit/565748,,2026-09-07 17:58:35
캐치,이스타항공,도쿄지점 일본 마케팅 및 영업 지원 담당자 상시채용,"기획/전략/경영, 마케팅/PR/분석, 웹기획/PM/웹마케팅, 콘텐츠/사이트운영, B2B영업/기술영업",경력 2~5년,기타,도쿄,,2026-10-06,https://www.catch.co.kr/Comp/CompDetail/C86007/Recruit/565742,,2026-09-07 17:58:35
캐치,에코지엔엠,2차전지기업 (주)에코지엔엠 연구개발직,화학/에너지/환경,경력무관,정규직,대전,,2026-09-30,https://www.catch.co.kr/Comp/CompDetail/A724E/Recruit/565739,,2026-09-07 17:58:35
캐치,이스타항공,2026년 정비본부 주재정비사 상시채용,"기계설계/CAD/CAM, 여행/항공/숙박/레저, 자동차/조선/기계",경력 3년↑,기타,아시아·중동/중국,,2026-12-31,https://www.catch.co.kr/Comp/CompDetail/C86007/Recruit/565738,,2026-09-07 17:58:35
캐치,이스타항공,2026년 정비본부 정비품질팀장 상시채용,"생산관리/공정관리/품질관리, 자동차/조선/기계",경력 10년↑,기타,전북,,2026-12-31,https://www.catch.co.kr/Comp/CompDetail/C86007/Recruit/565736,,2026-09-07 17:58:35
캐치,비바리퍼블리카,[토스플레이스] Call Sales Assistant,"영업관리/지원/영업기획, 일반영업, B2B영업/기술영업",경력무관,계약직,서울,,2026-10-11,https://www.catch.co.kr/Comp/CompDetail/J13695/Recruit/565735,,2026-09-07 17:58:35
캐치,컬리,물류센터 현장사원 대규모 채용,"구매/자재/재고, 배송/택배/운전, 포장/가공",경력무관,계약직,경기/경남,,2026-09-11,https://www.catch.co.kr/Comp/CompDetail/CC1408/Recruit/565727,,2026-09-07 17:58:35
캐치,뉴발란스코리아,Footwear Merchandiser (Lifestyle) 채용,"기획/전략/경영, 마케팅/PR/분석, 상품기획/MD",경력 4~6년,기타,서울,,2026-10-10,https://www.catch.co.kr/Comp/CompDetail/QT2477/Recruit/565720,,2026-09-07 17:58:35
캐치,안랩,[신입/경력] SW개발(Mac OS) 채용,"응용프로그램개발, ERP/시스템개발/설계",경력,기타,경기,,2026-12-31,https://www.catch.co.kr/Comp/CompDetail/052194/Recruit/565713,,2026-09-07 17:58:35
캐치,안랩,[신입/경력] SW개발(Windows) 채용,"응용프로그램개발, ERP/시스템개발/설계",경력,기타,경기,,2026-12-31,https://www.catch.co.kr/Comp/CompDetail/052194/Recruit/565711,,2026-09-07 17:58:35
캐치,KB데이타시스템,정보보호컨설팅 (기술 진단) 채용,네트워크/서버/보안,경력 3~7년,계약직,서울,,2026-10-11,https://www.catch.co.kr/Comp/CompDetail/291757/Recruit/565709,,2026-09-07 17:58:35
캐치,KB데이타시스템,"Private 클라우드 운영 및 관리 (Infra운영, k8s 등) 채용","네트워크/서버/보안, 응용프로그램개발",경력 5년↑,계약직,서울,,2026-10-11,https://www.catch.co.kr/Comp/CompDetail/291757/Recruit/565705,,2026-09-07 17:58:35
캐치,KB데이타시스템,클라우드 정보보안 채용,네트워크/서버/보안,경력 15년↑,계약직,서울,,2026-10-11,https://www.catch.co.kr/Comp/CompDetail/291757/Recruit/565693,,2026-09-07 17:58:35
캐치,삼성웰스토리,2026년 하반기 삼성웰스토리 직무상담회,"기획/전략/경영, 일반영업, 전기/소방/통신/안전, B2B영업/기술영업",경력무관,기타,경기,,2026-09-08,https://www.catch.co.kr/Comp/CompDetail/L24796/Recruit/565689,,2026-09-07 17:58:35
캐치,서브원,[계약직] 품질 관리 (1Y),생산관리/공정관리/품질관리,경력 3년↑,계약직,경기,,2026-09-30,https://www.catch.co.kr/Comp/CompDetail/JJ3631/Recruit/565684,,2026-09-07 17:58:35
캐치,KB데이타시스템,정보보안 운영 채용,네트워크/서버/보안,경력 2~8년,계약직,서울,,2026-10-11,https://www.catch.co.kr/Comp/CompDetail/291757/Recruit/565674,,2026-09-07 17:58:35
캐치,엔씨,"[Project JSY] 레벨, 콘텐츠 기획자 채용","게임, 기획/전략/경영",경력 3~10년,기타,서울,,2026-09-22,https://www.catch.co.kr/Comp/CompDetail/622850/Recruit/565646,,2026-09-07 17:58:35
캐치,엔씨,[리니지W] 밸런스 디자이너 채용,"게임, 빅데이터/AI",경력 2~15년,기타,서울,,2026-09-30,https://www.catch.co.kr/Comp/CompDetail/622850/Recruit/565643,,2026-09-07 17:58:35
캐치,엔씨,[Project JSY] AAA콘솔 액션RPG 프로젝트 배경 에셋 모델러 채용,"게임, 그래픽디자인/CG",경력 5~15년,기타,서울,,2026-10-03,https://www.catch.co.kr/Comp/CompDetail/622850/Recruit/565640,,2026-09-07 17:58:35
캐치,메리츠증권,IT부문 - 주식매매원장개발,응용프로그램개발,경력,계약직,서울,,2026-09-11,https://www.catch.co.kr/Comp/CompDetail/860204/Recruit/565635,,2026-09-07 17:58:35
캐치,보령,[보령 CHQ] Business Planning Team Manager (경영관리팀) 채용,"기획/전략/경영, 사무/총무/법무, 재무/세무/IR",경력 5~8년,정규직,서울,,2026-10-10,https://www.catch.co.kr/Comp/CompDetail/350613/Recruit/565631,,2026-09-07 17:58:35
캐치,텍사스인스트루먼트코리아,[신입] Field Applications Program 채용,"전기/전자/제어, ERP/시스템개발/설계, QA/테스트/검증",신입,기타,서울,,2026-10-09,https://www.catch.co.kr/Comp/CompDetail/450588/Recruit/565629,,2026-09-07 17:58:36
캐치,텍사스인스트루먼트코리아,[신입] Technical Sales Program 채용,"영업관리/지원/영업기획, B2B영업/기술영업",신입,기타,서울,,2026-10-09,https://www.catch.co.kr/Comp/CompDetail/450588/Recruit/565628,,2026-09-07 17:58:36
캐치,보령,[보령 CHQ] Business Planning Team Leader (경영관리팀) 채용,"기획/전략/경영, 사무/총무/법무, 재무/세무/IR",경력 10~15년,정규직,서울,,2026-09-20,https://www.catch.co.kr/Comp/CompDetail/350613/Recruit/565624,,2026-09-07 17:58:36
캐치,111퍼센트,게임 이펙트 디자이너 채용,"게임, 그래픽디자인/CG",경력 3년↑,정규직,서울,,2026-10-10,https://www.catch.co.kr/Comp/CompDetail/HJ7103/Recruit/565620,,2026-09-07 17:58:36
캐치,111퍼센트,게임 UI/UX 디자이너 채용,"게임, HTML/퍼블리싱/UI개발",경력 3년↑,정규직,서울,,2026-10-10,https://www.catch.co.kr/Comp/CompDetail/HJ7103/Recruit/565618,,2026-09-07 17:58:36
캐치,더퓨어랩,[더퓨어랩] 닥터엘시아/디어에이 스페인어권 인플루언서 마케팅 인턴(전환형)/경력,마케팅/PR/분석,경력 1~4년,정규직/인턴,서울,,2026-10-10,https://www.catch.co.kr/Comp/CompDetail/RL2487/Recruit/565617,,2026-09-07 17:58:36
캐치,111퍼센트,[스팀(Steam)] 커뮤니티 매니저 (중국어) 채용,"기획/전략/경영, 마케팅/PR/분석, 외국어/번역/통역",경력 3년↑,정규직,서울,,2026-10-10,https://www.catch.co.kr/Comp/CompDetail/HJ7103/Recruit/565614,,2026-09-07 17:58:36
캐치,씨티알모빌리티,CTR Mobility 재경팀 내부회계 및 손익 (울산) 경력직 채용,"경리/회계/결산, 재무/세무/IR",경력 5~7년,정규직,울산,,2026-09-30,https://www.catch.co.kr/Comp/CompDetail/061309/Recruit/565612,,2026-09-07 17:58:36
캐치,씨티알모빌리티,CTR Mobility 재경팀 일반회계 (울산) 신입 채용,"경리/회계/결산, 재무/세무/IR",신입,인턴,울산,,2026-09-30,https://www.catch.co.kr/Comp/CompDetail/061309/Recruit/565611,,2026-09-07 17:58:36
캐치,서울의과학연구소,[SCL] 순천 거래처(병의원) 관리직원 채용,"고객관리/인바운드, 영업관리/지원/영업기획",경력무관,계약직,전남광주,,2026-09-20,https://www.catch.co.kr/Comp/CompDetail/098704/Recruit/565605,,2026-09-07 17:58:36
캐치,LG CNS,제조AX사업 사업개발영역(경력) 채용,"기획/전략/경영, 마케팅/PR/분석",경력,기타,경기,,2026-09-30,https://www.catch.co.kr/Comp/CompDetail/812536/Recruit/565599,,2026-09-07 17:58:36
캐치,동원건설산업,토목(품질) 경력직 채용,"생산관리/공정관리/품질관리, 토목/조경/도시/측량",경력,계약직,경기/전국,,2026-10-11,https://www.catch.co.kr/Comp/CompDetail/I83063/Recruit/565589,,2026-09-07 17:58:36
캐치,동원건설산업,기획관리 담당자 채용,기획/전략/경영,경력 1~8년,계약직,서울/전국,,2026-10-11,https://www.catch.co.kr/Comp/CompDetail/I83063/Recruit/565588,,2026-09-07 17:58:36
캐치,동원홈푸드,브랜드전략실 비비드키친 수출 영업 채용,"무역사무/수출입, 영업관리/지원/영업기획, 일반영업",경력 5년↑,정규직,서울,,2026-10-10,https://www.catch.co.kr/Comp/CompDetail/801984/Recruit/565585,,2026-09-07 17:58:36
캐치,신세계I&C,"[신세계아이앤씨] 정보통신구축 직무 인재채용(계약직, 채용 시 마감)","전기/소방/통신/안전, 통신기술/네트워크구축",경력 3년↑,계약직,인천/전국,,2026-12-31,https://www.catch.co.kr/Comp/CompDetail/538787/Recruit/565584,,2026-09-07 17:58:36
캐치,신세계I&C,"[신세계아이앤씨] 정산지원 직무 인재채용(계약직, 장애/보훈 전형, 채용 시 마감)","경리/회계/결산, 사무/총무/법무, 사무보조/문서작성, 재무/세무/IR",경력,계약직,서울,,2026-12-31,https://www.catch.co.kr/Comp/CompDetail/538787/Recruit/565582,,2026-09-07 17:58:36
캐치,NHN클라우드,[NHN Cloud] 데이터센터 구축(전기),전기/전자/제어,경력 5년↑,정규직,경기,,2026-10-10,https://www.catch.co.kr/Comp/CompDetail/OZ4529/Recruit/565581,,2026-09-07 17:58:36
캐치,신세계I&C,"[신세계아이앤씨] 보안관제 직무 인재채용(계약직, 장애/보훈 전형, 채용 시 마감)",네트워크/서버/보안,경력,계약직,경기/인천,,2026-12-31,https://www.catch.co.kr/Comp/CompDetail/538787/Recruit/565580,,2026-09-07 17:58:36
캐치,신세계I&C,[신세계아이앤씨] 퍼블릭클라우드 솔루션아키텍처(SA) 직무 인재채용(채용 시 마감),"네트워크/서버/보안, ERP/시스템개발/설계",경력 5년↑,정규직,서울,,2026-12-31,https://www.catch.co.kr/Comp/CompDetail/538787/Recruit/565578,,2026-09-07 17:58:36
캐치,신세계I&C,[신세계아이앤씨] 프라이빗클라우드 시스템엔지니어링(SE) 직무 인재채용(채용 시 마감),"네트워크/서버/보안, ERP/시스템개발/설계, QA/테스트/검증",경력 5년↑,정규직,서울,,2026-12-31,https://www.catch.co.kr/Comp/CompDetail/538787/Recruit/565575,,2026-09-07 17:58:36
캐치,신세계I&C,[신세계아이앤씨] 애플리케이션 아키텍처(AA) 직무 인재 채용 (채용 시 마감),"네트워크/서버/보안, 웹기획/PM/웹마케팅, ERP/시스템개발/설계",경력 5년↑,정규직,서울,,2026-12-31,https://www.catch.co.kr/Comp/CompDetail/538787/Recruit/565572,,2026-09-07 17:58:36
캐치,신세계I&C,[신세계아이앤씨] AI서비스개발 직무 인재 채용 (채용 시 마감),"네트워크/서버/보안, 빅데이터/AI, DBA/데이터베이스, ERP/시스템개발/설계",경력 3년↑,정규직,서울,,2026-12-31,https://www.catch.co.kr/Comp/CompDetail/538787/Recruit/565571,,2026-09-07 17:58:36
캐치,신세계I&C,"[신세계아이앤씨] SW엔지니어링(JAVA 개발/운영, WEBㆍAPP 개발/운영) 직무 인재 채용 (채용 시 마감)","네트워크/서버/보안, 웹개발, 응용프로그램개발, ERP/시스템개발/설계",경력 3~8년,정규직,서울,,2026-12-31,https://www.catch.co.kr/Comp/CompDetail/538787/Recruit/565568,,2026-09-07 17:58:36
캐치,삼일회계법인,[삼일세무법인] Part 1 인턴 채용,재무/세무/IR,경력무관,인턴,서울,,2026-09-30,https://www.catch.co.kr/Comp/CompDetail/206652/Recruit/565566,,2026-09-07 17:58:36
캐치,신세계I&C,[신세계아이앤씨] 임베디드엔지니어링 직무 인재 채용 (채용 시 마감),"네트워크/서버/보안, 응용프로그램개발, ERP/시스템개발/설계",경력 3~8년,정규직,서울,,2026-12-31,https://www.catch.co.kr/Comp/CompDetail/538787/Recruit/565564,,2026-09-07 17:58:36
캐치,삼보모터스,멕시코법인 IT담당자 채용,네트워크/서버/보안,경력 3년↑,기타,멕시코,,2026-09-30,https://www.catch.co.kr/Comp/CompDetail/292257/Recruit/565561,,2026-09-07 17:58:36
캐치,텐씨엘,[텐씨엘] 2026년 기업부설연구소 전자장비 유지보수 및 설치 엔지니어 채용,전기/전자/제어,경력 2년↑,정규직,서울,,2026-10-10,https://www.catch.co.kr/Comp/CompDetail/JW6043/Recruit/565528,,2026-09-07 17:58:36
캐치,앳홈,백엔드 엔지니어 (인프라/보안) 채용,"네트워크/서버/보안, 빅데이터/AI, ERP/시스템개발/설계",경력 5~7년,정규직,서울,,2026-10-09,https://www.catch.co.kr/Comp/CompDetail/A2421/Recruit/565522,,2026-09-07 17:58:36
캐치,한국컨테이너풀,물류기기 관리 담당 계약직 채용,"고객관리/인바운드, 구매/자재/재고, 영업관리/지원/영업기획",경력,계약직,경남,,2026-09-11,https://www.catch.co.kr/Comp/CompDetail/100764/Recruit/565508,,2026-09-07 17:58:36
캐치,컴투스,신규 모바일 플랫폼 웹기획자 (3년 이상) 채용,웹기획/PM/웹마케팅,경력 3년↑,정규직,서울,,2026-10-09,https://www.catch.co.kr/Comp/CompDetail/126321/Recruit/565490,,2026-09-07 17:58:36
캐치,더핑크퐁컴퍼니,[더핑크퐁컴퍼니] 베베핀 3D 콘텐츠 기획자,"감독/연출/PD, 그래픽디자인/CG, 영화/배급, 음악/음향, 작가/시나리오, 캐릭터/만화/애니",경력 3년↓,계약직,서울,,2026-09-11,https://www.catch.co.kr/Comp/CompDetail/H13445/Recruit/565488,,2026-09-07 17:58:37
캐치,NHN클라우드,[NHN Cloud] 실시간 보안관제 (교대근무),네트워크/서버/보안,경력무관,정규직,경남,,2026-10-10,https://www.catch.co.kr/Comp/CompDetail/OZ4529/Recruit/565479,,2026-09-07 17:58:37
캐치,NHN클라우드,[NHN Cloud] 경영관리,"경리/회계/결산, 재무/세무/IR",경력 3년↑,정규직,경기,,2026-10-10,https://www.catch.co.kr/Comp/CompDetail/OZ4529/Recruit/565472,,2026-09-07 17:58:37
캐치,오알켐,MTV제조팀 현장 직원 (신입) 채용 ,"생산/제조/설비/조립, 화물/중장비",신입,정규직,경북,,2026-10-10,https://www.catch.co.kr/Comp/CompDetail/C71942/Recruit/565471,,2026-09-07 17:58:37
캐치,NHN클라우드,[NHN Cloud] 애플리케이션 보안 진단,네트워크/서버/보안,경력 3년↑,정규직,경기,,2026-10-10,https://www.catch.co.kr/Comp/CompDetail/OZ4529/Recruit/565470,,2026-09-07 17:58:37
캐치,KCC,본사 영업 데이터 자동화 개발 경력 인재 채용,"네트워크/서버/보안, 응용프로그램개발, DBA/데이터베이스, ERP/시스템개발/설계",경력 3~7년,정규직,서울,,2026-10-11,https://www.catch.co.kr/Comp/CompDetail/500062/Recruit/565467,,2026-09-07 17:58:37
캐치,새빛회계법인,[포비스 마자르 새빛회계법인] 경영지원팀 Finance Intern 모집 (장애인제한경쟁),"경리/회계/결산, 사무/총무/법무, 재무/세무/IR",신입,인턴,서울,,2026-09-07,https://www.catch.co.kr/Comp/CompDetail/296326/Recruit/565463,,2026-09-07 17:58:37
캐치,파수에이아이,[파수AI] IR 담당자 채용,"설문/통계/리서치, 재무/세무/IR",경력,정규직,서울,,2026-10-04,https://www.catch.co.kr/Comp/CompDetail/161923/Recruit/565442,,2026-09-07 17:58:37
캐치,당근서비스,"CX Specialist, 중고거래팀 채용","고객관리/인바운드, 사무보조/문서작성, 콘텐츠/사이트운영",경력 1년↑,계약직,서울,,2026-10-10,https://www.catch.co.kr/Comp/CompDetail/A6F91/Recruit/565438,,2026-09-07 17:58:37
캐치,당근서비스,"CX Specialist, 바로구매 TF 채용","고객관리/인바운드, 사무보조/문서작성, 콘텐츠/사이트운영",경력무관,계약직,서울,,2026-10-10,https://www.catch.co.kr/Comp/CompDetail/A6F91/Recruit/565436,,2026-09-07 17:58:37
캐치,당근서비스,"CX Specialist, 버티컬팀(중고차/부동산) 채용","고객관리/인바운드, 사무보조/문서작성, 콘텐츠/사이트운영",경력무관,계약직,서울,,2026-10-10,https://www.catch.co.kr/Comp/CompDetail/A6F91/Recruit/565434,,2026-09-07 17:58:37
캐치,카카오헬스케어,[계약] DBA (Database Administrator) 채용,"빅데이터/AI, DBA/데이터베이스, ERP/시스템개발/설계",경력 7년↑,계약직,경기,,2026-10-10,https://www.catch.co.kr/Comp/CompDetail/OY6276/Recruit/565431,,2026-09-07 17:58:37
캐치,카카오헬스케어,[경력] AI/ML Engineer 채용,"빅데이터/AI, DBA/데이터베이스",경력 5년↑,정규직,경기,,2026-10-10,https://www.catch.co.kr/Comp/CompDetail/OY6276/Recruit/565429,,2026-09-07 17:58:37
캐치,비에이티,[인턴] RA (Research Assistant),마케팅/PR/분석,경력무관,인턴,서울,,2026-10-09,https://www.catch.co.kr/Comp/CompDetail/HT7966/Recruit/565418,,2026-09-07 17:58:37
캐치,세정,사내카페 OR OFF 베이커 채용,"구매/자재/재고, 요리/영양/제과제빵/바리스타, 판매/캐셔/매장관리",경력 1년↑,정규직,서울,,2026-09-08,https://www.catch.co.kr/Comp/CompDetail/987263/Recruit/565412,,2026-09-07 17:58:37
캐치,LG CNS,전지 AX추진단 전 영역 전문가 채용 (경력),"빅데이터/AI, 응용프로그램개발, DBA/데이터베이스, ERP/시스템개발/설계",경력,기타,서울/대전,,2026-09-30,https://www.catch.co.kr/Comp/CompDetail/812536/Recruit/565404,,2026-09-07 17:58:37
캐치,코오롱인더스트리 FnC부문,경력사원 상시채용,"빅데이터/AI, 응용프로그램개발, DBA/데이터베이스",경력 3년↑,정규직,서울,,2026-09-30,https://www.catch.co.kr/Comp/CompDetail/A1013/Recruit/565395,,2026-09-07 17:58:37
캐치,이스트게임즈,MMORPG 콘텐츠 및 시스템 기획자,게임,경력무관,정규직,서울,,2026-09-30,https://www.catch.co.kr/Comp/CompDetail/H66413/Recruit/565387,,2026-09-07 17:58:37
캐치,SK(주) AX,보안 아키텍트 채용,네트워크/서버/보안,경력 5년↑,정규직,경기,,2026-09-13,https://www.catch.co.kr/Comp/CompDetail/A90BF/Recruit/565357,,2026-09-07 17:58:37
캐치,피에프씨테크놀로지스,여신상품운영 인턴(체험형 3개월),영업관리/지원/영업기획,경력무관,인턴,서울,,2026-10-09,https://www.catch.co.kr/Comp/CompDetail/CR1183/Recruit/565341,,2026-09-07 17:58:37
캐치,한화비전,글로벌 영업지원 담당자 채용,"무역영업/해외영업, 영업관리/지원/영업기획",경력 3~7년,계약직,경기,,2026-10-09,https://www.catch.co.kr/Comp/CompDetail/RF7649/Recruit/565331,,2026-09-07 17:58:37
캐치,메리츠증권,IT부문 - AI Engineer,"빅데이터/AI, DBA/데이터베이스",경력,계약직,서울,,2026-09-11,https://www.catch.co.kr/Comp/CompDetail/860204/Recruit/565330,,2026-09-07 17:58:37
캐치,한화비전,SW QA 채용,QA/테스트/검증,경력 2년↑,계약직,경기,,2026-10-09,https://www.catch.co.kr/Comp/CompDetail/RF7649/Recruit/565329,,2026-09-07 17:58:37
캐치,한화비전,자재 포장 입/출고 및 재고 관리 채용,"경리/회계/결산, 구매/자재/재고, 배송/택배/운전, 사무/총무/법무, 시설/보안/경비/안전",경력 1년↑,계약직,경기,,2026-10-09,https://www.catch.co.kr/Comp/CompDetail/RF7649/Recruit/565328,,2026-09-07 17:58:37
캐치,한화비전,DevOps Engineer 채용,"네트워크/서버/보안, ERP/시스템개발/설계",경력,정규직,경기,,2026-10-09,https://www.catch.co.kr/Comp/CompDetail/RF7649/Recruit/565327,,2026-09-07 17:58:37
캐치,포스코A&C,"[송도] 토목 기술지원(특급) 건설사업관리기술인(계약직, 경력) 채용",토목/조경/도시/측량,경력 15년↑,계약직,인천,,2026-10-31,https://www.catch.co.kr/Comp/CompDetail/039012/Recruit/565326,,2026-09-07 17:58:37
캐치,한화비전,데이터 Annotator 관리자 채용,"빅데이터/AI, 인사/노무/교육, DBA/데이터베이스",경력 1~5년,계약직,경기,,2026-10-09,https://www.catch.co.kr/Comp/CompDetail/RF7649/Recruit/565325,,2026-09-07 17:58:37
캐치,포스코A&C,[평택/온양 - 소방CM] 하이테크CM 반도체/플랜트 소방분야 PJT전문직 수시채용,전기/소방/통신/안전,경력,계약직,경기/충남,,2026-09-29,https://www.catch.co.kr/Comp/CompDetail/039012/Recruit/565324,,2026-09-07 17:58:37
캐치,메리츠증권,IT부문 - Data Scientist,DBA/데이터베이스,경력,계약직,서울,,2026-09-11,https://www.catch.co.kr/Comp/CompDetail/860204/Recruit/565318,,2026-09-07 17:58:37
캐치,포스코A&C,[전남 광주] 하이테크CM 반도체/플랜트 분야 PJT전문직 수시채용,"건축/설계/인테리어, 반도체/디스플레이, 생산관리/공정관리/품질관리, 시설/보안/경비/안전, 자동차/조선/기계, 전기/소방/통신/안전, 전기/전자/제어, 토목/조경/도시/측량, 통신기술/네트워크구축, 환경/플랜트",경력,계약직,전남광주,,2026-09-29,https://www.catch.co.kr/Comp/CompDetail/039012/Recruit/565316,,2026-09-07 17:58:37
캐치,레브잇,[쇼포트] Product Engineer (AI & Data) 채용,"빅데이터/AI, ERP/시스템개발/설계",경력 1년↑,정규직,서울,,2026-10-09,https://www.catch.co.kr/Comp/CompDetail/B0496/Recruit/565315,,2026-09-07 17:58:38
캐치,레브잇,"[쇼포트/입사축하금 2,000만 원] Problem Solver (AI Agent) 채용","빅데이터/AI, 설문/통계/리서치, 웹개발, 응용프로그램개발",경력 1년↑,정규직,서울,,2026-10-09,https://www.catch.co.kr/Comp/CompDetail/B0496/Recruit/565314,,2026-09-07 17:58:38
캐치,레브잇,[쇼포트] Product Engineer (Web Scraping) 채용,"빅데이터/AI, 응용프로그램개발, DBA/데이터베이스, ERP/시스템개발/설계",경력 2년↑,정규직,서울,,2026-10-09,https://www.catch.co.kr/Comp/CompDetail/B0496/Recruit/565312,,2026-09-07 17:58:38
캐치,메리츠증권,IT부문 - 정보보호,네트워크/서버/보안,경력,계약직,서울,,2026-09-11,https://www.catch.co.kr/Comp/CompDetail/860204/Recruit/565309,,2026-09-07 17:58:38
캐치,이룸플레이스,프리미엄 골프전문여행사 이룸투어 하반기 채용,"광고/시각디자인, 마케팅/PR/분석, 사무/총무/법무, 사무보조/문서작성, 영업관리/지원/영업기획, 콘텐츠/사이트운영, HTML/퍼블리싱/UI개발",경력무관,정규직,서울,,2026-10-09,https://www.catch.co.kr/Comp/CompDetail/A779F/Recruit/565289,,2026-09-07 17:58:38
캐치,에프앤가이드,[사업개발팀] 신입/경력 채용 ,"고객관리/인바운드, 사무/총무/법무, 재무/세무/IR, 증권/투자/펀드/외환",경력 3년↓,정규직,서울,,2026-10-09,https://www.catch.co.kr/Comp/CompDetail/150072/Recruit/565277,,2026-09-07 17:58:38
캐치,에프앤가이드,[웹&모바일팀] 경력 채용 ,"네트워크/서버/보안, 웹개발, ERP/시스템개발/설계, HTML/퍼블리싱/UI개발",경력 3~5년,정규직,서울,,2026-10-09,https://www.catch.co.kr/Comp/CompDetail/150072/Recruit/565275,,2026-09-07 17:58:38
캐치,에프앤가이드,[펀드평가실] 신입/경력 채용,"네트워크/서버/보안, 사무/총무/법무, 사무보조/문서작성, 증권/투자/펀드/외환",경력,정규직,서울,,2026-10-09,https://www.catch.co.kr/Comp/CompDetail/150072/Recruit/565273,,2026-09-07 17:58:38
캐치,램리서치코리아,신입/경력 Configuration Engineer 채용,"구매/자재/재고, 생산관리/공정관리/품질관리",경력,기타,경기,,2026-10-03,https://www.catch.co.kr/Comp/CompDetail/695297/Recruit/565272,,2026-09-07 17:58:38
캐치,하이비젼시스템,펌웨어 개발자 경력직(경력 3년 이상 15년 이하) 채용,"응용프로그램개발, 전기/전자/제어, ERP/시스템개발/설계",경력 3~15년,정규직,경기,,2026-09-29,https://www.catch.co.kr/Comp/CompDetail/H90294/Recruit/565262,,2026-09-07 17:58:38
캐치,카카오스타일,[인턴] 풀필먼트 운영 지원 매니저 채용,"구매/자재/재고, 배송/택배/운전",신입,인턴,경기,,2026-10-09,https://www.catch.co.kr/Comp/CompDetail/E91129/Recruit/565259,,2026-09-07 17:58:38
캐치,카카오스타일,[인턴] 온사이트 마케터 채용,마케팅/PR/분석,신입,인턴,경기,,2026-10-09,https://www.catch.co.kr/Comp/CompDetail/E91129/Recruit/565258,,2026-09-07 17:58:38
캐치,카카오스타일,[인턴] 트렌드&유저 전략 리서처 채용,마케팅/PR/분석,신입,인턴,경기,,2026-10-09,https://www.catch.co.kr/Comp/CompDetail/E91129/Recruit/565255,,2026-09-07 17:58:38
캐치,KT&G,2026년 하반기 신입사원 채용 #공채,"구매/자재/재고, 기획/전략/경영, 마케팅/PR/분석, 무역사무/수출입, 배송/택배/운전, 생산/제조/설비/조립, 생산관리/공정관리/품질관리, 인사/노무/교육, 일반영업, 자동차/조선/기계, 재무/세무/IR, 전기/전자/제어, 화학/에너지/환경, B2B영업/기술영업",신입,인턴,서울/대전/전남광주/세종/부산,,2026-09-10,https://www.catch.co.kr/Comp/CompDetail/001471/Recruit/565235,,2026-09-07 17:58:38
캐치,이그니스,[이그니스] 글로벌 B2B 영업,B2B영업/기술영업,경력 3년↑,정규직,서울,,2026-10-06,https://www.catch.co.kr/Comp/CompDetail/M21313/Recruit/565196,,2026-09-07 17:58:38
캐치,앱솔브랩,BX 제품/패키지 디자이너 경력 채용,제품/산업디자인,경력 5~9년,정규직,서울,,2026-10-06,https://www.catch.co.kr/Comp/CompDetail/HS2065/Recruit/565185,,2026-09-07 17:58:38
캐치,쿠팡,CXDX Junior PM (데이터 분석 PM) 채용,"빅데이터/AI, 웹기획/PM/웹마케팅, DBA/데이터베이스",경력 2년↓,정규직,서울,,2026-10-05,https://www.catch.co.kr/Comp/CompDetail/I95823/Recruit/565161,,2026-09-07 17:58:38
캐치,한국맥도날드,Purchasing Consultant / Specialist 채용,"구매/자재/재고, 마케팅/PR/분석, 배송/택배/운전",경력 5년↑,기타,서울,,2026-10-30,https://www.catch.co.kr/Comp/CompDetail/310441/Recruit/565158,,2026-09-07 17:58:38
캐치,비나우,[체험형 인턴]  컨시어지·총무  운영  보조 (3개월~),사무/총무/법무,신입,인턴,서울,,2026-10-02,https://www.catch.co.kr/Comp/CompDetail/JG2310/Recruit/565149,,2026-09-07 17:58:38
캐치,쿠팡,Performance Management (성과관리/인사기획) 채용,인사/노무/교육,경력 8년↑,정규직,서울,,2026-10-03,https://www.catch.co.kr/Comp/CompDetail/I95823/Recruit/565142,,2026-09-07 17:58:38
캐치,쿠팡,CS Specialist (데이터 분석 & AI) 채용,빅데이터/AI,경력 2년↑,정규직,서울,,2026-10-04,https://www.catch.co.kr/Comp/CompDetail/I95823/Recruit/565141,,2026-09-07 17:58:38
캐치,CJ ENM,Mnet Plus 앱 개발(React Native)_경력채용 ,응용프로그램개발,경력 5년↑,정규직,서울,,2026-10-05,https://www.catch.co.kr/Comp/CompDetail/039944/Recruit/565140,,2026-09-07 17:58:38
캐치,CJ대한통운,'관세사(인천)' 경력 사원 채용,"무역사무/수출입, 사무/총무/법무",경력 3년↑,정규직,인천,,2026-10-06,https://www.catch.co.kr/Comp/CompDetail/710083/Recruit/565131,,2026-09-07 17:58:38
캐치,티케이엘리베이터코리아,[본사] 노사협력팀(노무) 신입 (계약직) 채용,"사무/총무/법무, 인사/노무/교육",신입,계약직,서울,,2026-09-23,https://www.catch.co.kr/Comp/CompDetail/151505/Recruit/565113,,2026-09-07 17:58:38
캐치,티맵모빌리티,Client Engineer (Android) 채용,응용프로그램개발,경력 5년↑,정규직,서울,,2026-12-31,https://www.catch.co.kr/Comp/CompDetail/MB8295/Recruit/565109,,2026-09-07 17:58:38
캐치,PTKOREA,[인턴] 국내 대기업 온라인 패션몰 운영 업무 보조 채용,콘텐츠/사이트운영,신입,인턴,서울,,2026-09-29,https://www.catch.co.kr/Comp/CompDetail/M01057/Recruit/565105,,2026-09-07 17:58:38
캐치,머크,"Data Scientist (유관 경력 2년 이상, 영어 가능자, Python, 서울) 채용","빅데이터/AI, DBA/데이터베이스",경력 2년↑,기타,서울,,2026-10-06,https://www.catch.co.kr/Comp/CompDetail/162540/Recruit/565087,,2026-09-07 17:58:38
캐치,테크로스워터앤에너지,현장 경력사원 채용,"건축/설계/인테리어, 기계설계/CAD/CAM, 시공/현장/감리/공무, 자동차/조선/기계, 전기/전자/제어, 환경/플랜트",경력 4년↑,정규직/계약직,경기/전국/기타해외,,2026-09-07,https://www.catch.co.kr/Comp/CompDetail/H80067/Recruit/565084,,2026-09-07 17:58:38
캐치,앱솔브랩,북미 마케팅 경력 채용,"기획/전략/경영, 마케팅/PR/분석",경력 2년↑,정규직,서울,,2026-10-06,https://www.catch.co.kr/Comp/CompDetail/HS2065/Recruit/565073,,2026-09-07 17:58:38
캐치,앱솔브랩,BM(상품기획) 경력 채용,"마케팅/PR/분석, 상품기획/MD",경력 4년↑,정규직,서울,,2026-10-06,https://www.catch.co.kr/Comp/CompDetail/HS2065/Recruit/565072,,2026-09-07 17:58:38
캐치,앱솔브랩,국내 영업 MD 경력 채용,"마케팅/PR/분석, 상품기획/MD",경력 3년↑,정규직,서울,,2026-10-06,https://www.catch.co.kr/Comp/CompDetail/HS2065/Recruit/565071,,2026-09-07 17:58:39
캐치,LF,티톤브로스(Teton Bros) 기획바이어(MD) 채용,상품기획/MD,경력 6~10년,정규직,서울,,2026-10-06,https://www.catch.co.kr/Comp/CompDetail/479416/Recruit/565070,,2026-09-07 17:58:39
캐치,앱솔브랩,QA / QC 계약직 채용,"구매/자재/재고, 바이오/제약/식품, 생산/제조/설비/조립, 생산관리/공정관리/품질관리",경력무관,계약직,서울,,2026-10-06,https://www.catch.co.kr/Comp/CompDetail/HS2065/Recruit/565069,,2026-09-07 17:58:39
캐치,LF,여성컨템/수입마케팅팀 팀장 채용,마케팅/PR/분석,경력 12년↑,정규직,서울,,2026-10-06,https://www.catch.co.kr/Comp/CompDetail/479416/Recruit/565068,,2026-09-07 17:58:39
캐치,흥국자산운용,LDI대체투자본부 채용,"설문/통계/리서치, 증권/투자/펀드/외환",경력,기타,서울,,2026-09-27,https://www.catch.co.kr/Comp/CompDetail/115973/Recruit/565039,,2026-09-07 17:58:39
캐치,서브원,Backend Server Developer 채용,"웹개발, 응용프로그램개발",경력 7~12년,정규직,서울,,2026-09-30,https://www.catch.co.kr/Comp/CompDetail/JJ3631/Recruit/565025,,2026-09-07 17:58:39
캐치,서브원,Product Manager_서비스기획 채용,웹기획/PM/웹마케팅,경력 7~10년,정규직,서울,,2026-09-30,https://www.catch.co.kr/Comp/CompDetail/JJ3631/Recruit/565023,,2026-09-07 17:58:39
캐치,서브원,QA Engineer 채용,"게임, QA/테스트/검증",경력 10년↑,정규직,서울,,2026-09-30,https://www.catch.co.kr/Comp/CompDetail/JJ3631/Recruit/565019,,2026-09-07 17:58:39
캐치,서브원,UI/UX Designer 채용,HTML/퍼블리싱/UI개발,경력 7년↑,정규직,서울,,2026-09-30,https://www.catch.co.kr/Comp/CompDetail/JJ3631/Recruit/565017,,2026-09-07 17:58:39
캐치,펠로플라이,(주)펠로플라이 인테리어 시공팀 채용,"건축/설계/인테리어, 시공/현장/감리/공무",경력무관,정규직,서울,,2026-10-06,https://www.catch.co.kr/Comp/CompDetail/HH3104/Recruit/565011,,2026-09-07 17:58:39
캐치,기초과학연구원,제2026-2회 행성대기 그룹 연구직 및 박사후연구원 채용,"화학/에너지/환경, 환경/플랜트",경력,계약직,대전,,2026-09-17,https://www.catch.co.kr/Comp/CompDetail/J30261/Recruit/565007,,2026-09-07 17:58:39
캐치,한독,[경력] 제품개발연구실 제제연구원 채용,"바이오/제약/식품, 법률/특허/상표, 약사/한약사/약무보조",경력 7년↑,기타,서울,,2026-10-05,https://www.catch.co.kr/Comp/CompDetail/350745/Recruit/564995,,2026-09-07 17:58:39
캐치,에이케이아이에스,[애경그룹] AK아이에스 클라우드 및 서버 운영 경력 채용,"네트워크/서버/보안, ERP/시스템개발/설계",경력 6년↑,정규직,서울,,2026-10-05,https://www.catch.co.kr/Comp/CompDetail/OS0756/Recruit/564991,,2026-09-07 17:58:39
캐치,에이케이아이에스,[애경그룹] AK아이에스 보안 운영 경력 채용,"네트워크/서버/보안, 웹기획/PM/웹마케팅, 응용프로그램개발, ERP/시스템개발/설계",경력 6년↑,정규직,서울,,2026-10-05,https://www.catch.co.kr/Comp/CompDetail/OS0756/Recruit/564989,,2026-09-07 17:58:39
캐치,에이케이아이에스,[애경그룹] AK아이에스 전략기획 경력 채용,기획/전략/경영,경력 8년↑,정규직,서울,,2026-10-05,https://www.catch.co.kr/Comp/CompDetail/OS0756/Recruit/564987,,2026-09-07 17:58:39
캐치,브이엔티지,SAP FI 운영 및 개발자 채용,"네트워크/서버/보안, ERP/시스템개발/설계, QA/테스트/검증",경력 5년↑,정규직,서울,,2026-09-30,https://www.catch.co.kr/Comp/CompDetail/LH3214/Recruit/564940,,2026-09-07 17:58:39
캐치,한섬,EQL팀 MD파트 (라이프) 채용,상품기획/MD,경력 3년↑,정규직,서울,,2026-09-30,https://www.catch.co.kr/Comp/CompDetail/088102/Recruit/564939,,2026-09-07 17:58:39
캐치,골든웨일즈,"[신입/전환형인턴] 스킨케어 브랜드 ""디피노르"" 콘텐츠 마케터",마케팅/PR/분석,신입,정규직,서울,,2026-09-08,https://www.catch.co.kr/Comp/CompDetail/OV6270/Recruit/564936,,2026-09-07 17:58:39
캐치,CJ ENM,Mnet Plus 사업개발(Business Development) _경력채용,"기획/전략/경영, 상품기획/MD",경력 5년↑,정규직,서울,,2026-10-05,https://www.catch.co.kr/Comp/CompDetail/039944/Recruit/564928,,2026-09-07 17:58:39
캐치,신세계I&C,[신세계아이앤씨] IT기술영업(SI영업) 직무 인재(채용 시 마감) 채용,B2B영업/기술영업,경력 5년↑,정규직,서울/전국,,2026-12-31,https://www.catch.co.kr/Comp/CompDetail/538787/Recruit/564923,,2026-09-07 17:58:39
캐치,신세계I&C,[신세계아이앤씨] 데이터센터설비관리 직무 인재(채용 시 마감) 채용,"생산관리/공정관리/품질관리, 전기/소방/통신/안전, 전기/전자/제어",경력 5년↑,정규직,경기,,2026-12-31,https://www.catch.co.kr/Comp/CompDetail/538787/Recruit/564921,,2026-09-07 17:58:39
캐치,더에스엠씨,[The SMC] AE 신입/경력 채용,"광고제작/카피/CF, 기획/전략/경영, 마케팅/PR/분석, 외국어/번역/통역",경력 1년↑,정규직,서울,,2026-10-05,https://www.catch.co.kr/Comp/CompDetail/HO5909/Recruit/564895,,2026-09-07 17:58:39
캐치,삼양케이씨아이,MPC TFT 체험형 인턴(3개월) 채용,화학/에너지/환경,신입,인턴,서울,,2026-10-04,https://www.catch.co.kr/Comp/CompDetail/672017/Recruit/564892,,2026-09-07 17:58:39
캐치,앳홈,[톰/글로벌] 뷰티 B2B 세일즈 매니저 채용,"기획/전략/경영, 무역영업/해외영업, B2B영업/기술영업",경력 3년↑,정규직,서울,,2026-09-14,https://www.catch.co.kr/Comp/CompDetail/A2421/Recruit/564886,,2026-09-07 17:58:39
캐치,뉴발란스코리아,Asia Design Studio (ADS) Marketing Specialist 채용,"마케팅/PR/분석, 재무/세무/IR",경력 6~8년,기타,서울,,2026-10-04,https://www.catch.co.kr/Comp/CompDetail/QT2477/Recruit/564872,,2026-09-07 17:58:39
캐치,안랩,[신입/경력] AI 서비스/플랫폼 엔지니어 채용,"네트워크/서버/보안, 웹개발, DBA/데이터베이스, ERP/시스템개발/설계",경력 3년↑,기타,경기,,2026-12-31,https://www.catch.co.kr/Comp/CompDetail/052194/Recruit/564869,,2026-09-07 17:58:39
캐치,컴투스,[컴투스프로야구V26] 사업PM (1~5년) 채용,"게임, 기획/전략/경영, 웹기획/PM/웹마케팅",경력 1~5년,정규직,서울,,2026-10-03,https://www.catch.co.kr/Comp/CompDetail/126321/Recruit/564868,,2026-09-07 17:58:39
캐치,더파운더즈,[ANUA] 러시아/CIS 인플루언서 마케팅 단기 인턴,마케팅/PR/분석,신입,정규직/인턴,서울,,2026-10-05,https://www.catch.co.kr/Comp/CompDetail/AFC74/Recruit/564832,,2026-09-07 17:58:39
캐치,에스코어,Elastic Stack 기반 구축 전문가 채용,"네트워크/서버/보안, 빅데이터/AI, 웹개발, 응용프로그램개발",경력 3~10년,기타,서울,,2026-09-29,https://www.catch.co.kr/Comp/CompDetail/C39492/Recruit/564813,,2026-09-07 17:58:39
캐치,화승,[광고·마케팅 / 경력채용] 지역기반 통신견적비교 플랫폼,"마케팅/PR/분석, 웹기획/PM/웹마케팅",경력,정규직,전북,,2026-10-05,https://www.catch.co.kr/Comp/CompDetail/H32205/Recruit/564808,,2026-09-07 17:58:39
캐치,주식회사 서관면옥다이닝,2026 F&B 매장 관리자 / 슈퍼바이저,외식/식음료,경력 3년↑,계약직,서울,,2026-10-06,https://www.catch.co.kr/Comp/CompDetail/A38B7/Recruit/564799,,2026-09-07 17:58:41
캐치,넷마블,게임 보안 분석가 채용,"게임, 네트워크/서버/보안, ERP/시스템개발/설계",경력 3년↑,정규직,서울,,2026-10-04,https://www.catch.co.kr/Comp/CompDetail/H79411/Recruit/564776,,2026-09-07 17:58:41
캐치,알리코제약,[알리코제약] 인사팀 경력직 채용,인사/노무/교육,경력 2~5년,정규직,서울,,2026-10-04,https://www.catch.co.kr/Comp/CompDetail/252034/Recruit/564762,,2026-09-07 17:58:41
캐치,넷마블, AI 엔지니어(VLM /음성 에이전트) 채용,빅데이터/AI,경력 2년↑,정규직,서울,,채용시 마감,https://www.catch.co.kr/Comp/CompDetail/H79411/Recruit/564759,,2026-09-07 17:58:41
캐치,시큐아이,[삼성SDS 자회사] 경력사원_관계사영업 채용,"고객관리/인바운드, 영업관리/지원/영업기획, 일반영업, B2B영업/기술영업",경력 3년↑,정규직,서울,,2026-09-30,https://www.catch.co.kr/Comp/CompDetail/131940/Recruit/564758,,2026-09-07 17:58:41
캐치,테스,R/F 회로 설계 경력사원 채용,"반도체/디스플레이, 전기/전자/제어",경력 8년↑,정규직,경기,,2026-12-31,https://www.catch.co.kr/Comp/CompDetail/213409/Recruit/564746,,2026-09-07 17:58:41
캐치,에이블리코퍼레이션,회계 지원 담당자 (계약직),재무/세무/IR,경력 3~7년,계약직,서울,,2026-10-04,https://www.catch.co.kr/Comp/CompDetail/HH8556/Recruit/564745,,2026-09-07 17:58:41
캐치,컬리,[컬리] 단기 인력 채용 및 계획 수립/운영 담당자 (Recruiter),"기획/전략/경영, 인사/노무/교육",경력 1~3년,정규직/계약직,경기,,2026-10-04,https://www.catch.co.kr/Comp/CompDetail/CC1408/Recruit/564743,,2026-09-07 17:58:41
캐치,비즈테크아이,SAP HANA DB 운영 엔지니어 (경력) 채용,"네트워크/서버/보안, DBA/데이터베이스, ERP/시스템개발/설계",경력 3년↑,기타,서울,,2026-10-31,https://www.catch.co.kr/Comp/CompDetail/222130/Recruit/564734,,2026-09-07 17:58:41
캐치,패스트파이브,인바운드 상담원 (6개월 아르바이트),"고객관리/인바운드, 영업관리/지원/영업기획, 일반영업, B2B영업/기술영업",경력무관,계약직,서울,,2026-09-19,https://www.catch.co.kr/Comp/CompDetail/CD6655/Recruit/564732,,2026-09-07 17:58:41
캐치,패스트파이브,인바운드 영업 담당자,"고객관리/인바운드, 영업관리/지원/영업기획, 일반영업, B2B영업/기술영업",경력무관,계약직,서울,,2026-09-19,https://www.catch.co.kr/Comp/CompDetail/CD6655/Recruit/564729,,2026-09-07 17:58:41
캐치,라포랩스,잡화 MD,상품기획/MD,경력 4년↑,정규직,서울,,2026-10-04,https://www.catch.co.kr/Comp/CompDetail/LG2449/Recruit/564717,,2026-09-07 17:58:41
캐치,라포랩스,골프 MD,상품기획/MD,경력 4년↑,정규직,서울,,2026-10-04,https://www.catch.co.kr/Comp/CompDetail/LG2449/Recruit/564715,,2026-09-07 17:58:41
캐치,카카오뱅크,수신제도(정책) 담당자 채용,"기획/전략/경영, 사무/총무/법무",경력 2년↑,정규직,경기,,2026-09-30,https://www.catch.co.kr/Comp/CompDetail/HM8410/Recruit/564710,,2026-09-07 17:58:41
캐치,앱솔브랩,RA 경력 채용,사무/총무/법무,경력 3년↑,정규직,서울,,2026-10-04,https://www.catch.co.kr/Comp/CompDetail/HS2065/Recruit/564674,,2026-09-07 17:58:41
캐치,에스케이시그넷,통합 구매 담당 (8~13년차) 채용,"경리/회계/결산, 구매/자재/재고",경력 7년↑,정규직,경기,,2026-10-04,https://www.catch.co.kr/Comp/CompDetail/IL7179/Recruit/564670,,2026-09-07 17:58:41
캐치,앱솔브랩,러시아/CIS 인플루언서 마케팅 인턴 채용,마케팅/PR/분석,경력무관,인턴,서울,,2026-10-04,https://www.catch.co.kr/Comp/CompDetail/HS2065/Recruit/564669,,2026-09-07 17:58:41
캐치,에이피알,[경영지원] 정보보호 최고책임자(CISO) 모집,네트워크/서버/보안,경력 10년↑,계약직,서울,,2026-10-04,https://www.catch.co.kr/Comp/CompDetail/M23872/Recruit/564666,,2026-09-07 17:58:41
캐치,핏펫,[핏펫] 광고 및 숏폼 콘텐츠 PD,마케팅/PR/분석,경력 2~9년,정규직,서울,,2026-09-25,https://www.catch.co.kr/Comp/CompDetail/IQ7477/Recruit/564665,,2026-09-07 17:58:41
캐치,KCC,본사 영업지원 담당 촉탁 인재 채용,"구매/자재/재고, 영업관리/지원/영업기획",신입,계약직,서울,,2026-10-02,https://www.catch.co.kr/Comp/CompDetail/500062/Recruit/564662,,2026-09-07 17:58:41
캐치,에이피알,[디자인] 해외 수출 패키지 디자인 채용연계형 인턴사원 모집,"제품/산업디자인, 출판/편집디자인",신입,인턴,서울,,2026-10-04,https://www.catch.co.kr/Comp/CompDetail/M23872/Recruit/564660,,2026-09-07 17:58:41
캐치,플레이태그,Sales Manager (신입/경력무관),일반영업,경력무관,정규직,서울,,2026-10-04,https://www.catch.co.kr/Comp/CompDetail/A2426/Recruit/564649,,2026-09-07 17:58:41
캐치,일진전기,자금 담당자 채용,재무/세무/IR,경력 5년↑,기타,서울,,2026-10-04,https://www.catch.co.kr/Comp/CompDetail/C17778/Recruit/564644,,2026-09-07 17:58:41
캐치,일진전기,미주 물류 담당자 채용,"무역사무/수출입, 무역영업/해외영업, 배송/택배/운전",경력 10년↑,기타,서울,,2026-10-03,https://www.catch.co.kr/Comp/CompDetail/C17778/Recruit/564642,,2026-09-07 17:58:41
캐치,일진전기,전선 총무팀 채용,"생산관리/공정관리/품질관리, 인사/노무/교육",경력 5년↑,기타,경기,,2026-10-02,https://www.catch.co.kr/Comp/CompDetail/C17778/Recruit/564639,,2026-09-07 17:58:41
캐치,풍산,2026년 하반기 드론 R&D 경력직 채용,"기계설계/CAD/CAM, 응용프로그램개발, 자동차/조선/기계, DBA/데이터베이스, ERP/시스템개발/설계, QA/테스트/검증",경력,기타,대전,,2026-12-30,https://www.catch.co.kr/Comp/CompDetail/C17576/Recruit/564614,,2026-09-07 17:58:41
캐치,컴투스,투자전략 담당자 (8~12년) 채용,기획/전략/경영,경력 8~12년,정규직,서울,,2026-10-03,https://www.catch.co.kr/Comp/CompDetail/126321/Recruit/564598,,2026-09-07 17:58:41
캐치,힐티코리아,Account Manager 채용,"고객관리/인바운드, 영업관리/지원/영업기획, B2B영업/기술영업",경력,기타,서울,,2026-10-04,https://www.catch.co.kr/Comp/CompDetail/389471/Recruit/564591,,2026-09-07 17:58:41
캐치,아마존웹서비시즈코리아,2026 신입/경력 채용,"구매/자재/재고, 네트워크/서버/보안, 배송/택배/운전, 빅데이터/AI, 사무/총무/법무, 사무보조/문서작성, 응용프로그램개발, 전기/소방/통신/안전, AS/서비스/수리, DBA/데이터베이스, ERP/시스템개발/설계",경력,정규직,서울/울산,,2026-09-30,https://www.catch.co.kr/Comp/CompDetail/A0159/Recruit/564564,,2026-09-07 17:58:41
캐치,카카오뱅크,인증 라이선스/플랫폼 기획 담당자 채용,"기획/전략/경영, 웹기획/PM/웹마케팅",경력 5년↑,정규직,경기,,2026-09-21,https://www.catch.co.kr/Comp/CompDetail/HM8410/Recruit/564551,,2026-09-07 17:58:41
캐치,브이엔티지,플랫폼 엔지니어 채용,"응용프로그램개발, ERP/시스템개발/설계",경력 3년↑,정규직,서울,,2026-09-30,https://www.catch.co.kr/Comp/CompDetail/LH3214/Recruit/564524,,2026-09-07 17:58:42
캐치,동원건설산업,건축(공사) 경력직 채용,"건축/설계/인테리어, 시공/현장/감리/공무",경력,정규직/계약직,서울/전국,,2026-10-03,https://www.catch.co.kr/Comp/CompDetail/I83063/Recruit/564516,,2026-09-07 17:58:42
캐치,동원건설산업,토목(공사) 경력직 채용,"시공/현장/감리/공무, 토목/조경/도시/측량",경력,정규직/계약직,경기/전국,,2026-10-03,https://www.catch.co.kr/Comp/CompDetail/I83063/Recruit/564514,,2026-09-07 17:58:42
캐치,대신자산운용,대안투자부문 대안투자1본부 경력직 채용,"부동산/중개/분양/경매, 증권/투자/펀드/외환",경력,계약직,서울,,2026-09-27,https://www.catch.co.kr/Comp/CompDetail/812870/Recruit/564509,,2026-09-07 17:58:42
캐치,삼일회계법인,[삼일회계법인] 글로벌본부 Cross-Border IPO 및 컨설팅 경력직 채용,경영분석/컨설턴트,경력,정규직,서울,,2027-01-01,https://www.catch.co.kr/Comp/CompDetail/206652/Recruit/564507,,2026-09-07 17:58:42
캐치,대신자산운용,대안투자3본부(기업금융) 경력직 채용,"증권/투자/펀드/외환, B2B영업/기술영업",경력,계약직,서울,,2026-10-03,https://www.catch.co.kr/Comp/CompDetail/812870/Recruit/564503,,2026-09-07 17:58:42
캐치,동원건설산업,건축(공무) 경력직 채용,"건축/설계/인테리어, 시공/현장/감리/공무",경력,정규직/계약직,서울/전국,,2026-10-04,https://www.catch.co.kr/Comp/CompDetail/I83063/Recruit/564502,,2026-09-07 17:58:42
캐치,동원건설산업,건축(부대토목) 경력직 채용,"건축/설계/인테리어, 시공/현장/감리/공무, 토목/조경/도시/측량",경력,정규직/계약직,경기/전국,,2026-10-04,https://www.catch.co.kr/Comp/CompDetail/I83063/Recruit/564501,,2026-09-07 17:58:42
캐치,동원건설산업,토목(공무) 경력직 채용,토목/조경/도시/측량,경력,정규직,경기/전국,,2026-10-04,https://www.catch.co.kr/Comp/CompDetail/I83063/Recruit/564500,,2026-09-07 17:58:42
캐치,동원건설산업,건축(품질) 경력직 채용,"건축/설계/인테리어, 생산관리/공정관리/품질관리, 시공/현장/감리/공무",경력 4년↑,계약직,서울/전국,,2026-10-04,https://www.catch.co.kr/Comp/CompDetail/I83063/Recruit/564499,,2026-09-07 17:58:42
캐치,오비맥주,Direct team Sr. Manager 채용,"구매/자재/재고, 기획/전략/경영, 빅데이터/AI, 설문/통계/리서치, 재무/세무/IR",경력 5년↑,정규직,서울,,2026-10-03,https://www.catch.co.kr/Comp/CompDetail/842702/Recruit/564495,,2026-09-07 17:58:42
캐치,오비맥주,제주소주 계약직 채용,"구매/자재/재고, 기계설계/CAD/CAM, 생산/제조/설비/조립, 생산관리/공정관리/품질관리, 자동차/조선/기계, 화물/중장비, 환경/플랜트",경력무관,계약직,제주,,2026-10-03,https://www.catch.co.kr/Comp/CompDetail/842702/Recruit/564492,,2026-09-07 17:58:42
캐치,오비맥주,Control Tower Manager 채용,"기획/전략/경영, 상품기획/MD, 설문/통계/리서치, 재무/세무/IR",경력 5년↑,정규직,서울,,2026-10-03,https://www.catch.co.kr/Comp/CompDetail/842702/Recruit/564491,,2026-09-07 17:58:42
캐치,오비맥주,Social Marketing Manager 채용,마케팅/PR/분석,경력 6년↑,정규직,서울,,2026-10-03,https://www.catch.co.kr/Comp/CompDetail/842702/Recruit/564489,,2026-09-07 17:58:42
캐치,희림종합건축사사무소,2026년 CM부문 경력사원 채용,"건축/설계/인테리어, 디자인기타, 시공/현장/감리/공무, 전기/소방/통신/안전",경력,기타,서울/전국,,2026-12-31,https://www.catch.co.kr/Comp/CompDetail/283649/Recruit/564488,,2026-09-07 17:58:42
캐치,동원홈푸드,축육/축산 식자재 영업 경력직 [경기 광주] 채용,"상품기획/MD, 영업관리/지원/영업기획",경력 4년↑,정규직,경기,,채용시 마감,https://www.catch.co.kr/Comp/CompDetail/801984/Recruit/564485,,2026-09-07 17:58:42
캐치,오비맥주,Strategy Manager 채용,"기획/전략/경영, 마케팅/PR/분석",경력 5~8년,정규직,서울,,2026-10-03,https://www.catch.co.kr/Comp/CompDetail/842702/Recruit/564484,,2026-09-07 17:58:42
캐치,오비맥주,국내 맥주 브랜드 담당 마케팅 매니저 채용,"기획/전략/경영, 마케팅/PR/분석",경력 10~18년,정규직,서울,,2026-10-03,https://www.catch.co.kr/Comp/CompDetail/842702/Recruit/564483,,2026-09-07 17:58:42
캐치,케이씨이노베이션,[신입] PURI설계팀 - 촉매개발 엔지니어 채용,화학/에너지/환경,신입,정규직,경기,,2026-10-03,https://www.catch.co.kr/Comp/CompDetail/037266/Recruit/564481,,2026-09-07 17:58:42
캐치,오비맥주,Asso. Stella Artois Director 채용,"기획/전략/경영, 마케팅/PR/분석, 재무/세무/IR",경력 12년↑,정규직,서울,,2026-10-03,https://www.catch.co.kr/Comp/CompDetail/842702/Recruit/564479,,2026-09-07 17:58:42
캐치,두산,경력사원 수시채용 (창원),"네트워크/서버/보안, 웹개발, ERP/시스템개발/설계",경력 3년↑,기타,경남,,2026-12-31,https://www.catch.co.kr/Comp/CompDetail/310425/Recruit/564474,,2026-09-07 17:58:42
캐치,이마트,이마트에브리데이 2026 [ 전문직 사원 ] 채용,판매/캐셔/매장관리,신입,정규직,서울/전국,,2026-12-30,https://www.catch.co.kr/Comp/CompDetail/H32072/Recruit/564465,,2026-09-07 17:58:42
캐치,에스씨케이컴퍼니,스타벅스 바리스타 채용,"외식/식음료, 요리/영양/제과제빵/바리스타, 판매/캐셔/매장관리",신입,기타,서울/전국,,2026-12-30,https://www.catch.co.kr/Comp/CompDetail/827461/Recruit/564460,,2026-09-07 17:58:42
캐치,뉴발란스코리아,Store Design & Construction Specialist 채용,"시공/현장/감리/공무, 전시/공간디자인",경력 4~9년,기타,서울,,2026-10-02,https://www.catch.co.kr/Comp/CompDetail/QT2477/Recruit/564457,,2026-09-07 17:58:42
캐치,뉴발란스코리아,Assortment Planner (Multi Wholesale) 채용,"마케팅/PR/분석, 상품기획/MD, 콘텐츠/사이트운영",경력 4~6년,기타,서울,,2026-10-02,https://www.catch.co.kr/Comp/CompDetail/QT2477/Recruit/564455,,2026-09-07 17:58:42
캐치,뉴발란스코리아,Assortment Planner (Mono Outlet) 채용,"구매/자재/재고, 상품기획/MD",경력 4~6년,기타,서울,,2026-10-02,https://www.catch.co.kr/Comp/CompDetail/QT2477/Recruit/564454,,2026-09-07 17:58:42
캐치,컬리,커머스 주니어 프론트엔드 개발자,웹개발,경력 4년↑,정규직,서울,,2026-10-03,https://www.catch.co.kr/Comp/CompDetail/CC1408/Recruit/564453,,2026-09-07 17:58:42
캐치,SK(주) AX,AI 애플리케이션/엔터프라이즈 아키텍트 분야 전문가 채용,"네트워크/서버/보안, 빅데이터/AI, 웹개발, 웹기획/PM/웹마케팅, ERP/시스템개발/설계",경력 3년↑,정규직,서울/경기,,2026-09-14,https://www.catch.co.kr/Comp/CompDetail/A90BF/Recruit/564445,,2026-09-07 17:58:42
캐치,SK(주) AX,AI 기반 제조 에너지 최적화 솔루션 PM/PL 채용,"빅데이터/AI, 웹기획/PM/웹마케팅, 화학/에너지/환경, DBA/데이터베이스",경력 5년↑,정규직,경기,,2026-09-14,https://www.catch.co.kr/Comp/CompDetail/A90BF/Recruit/564443,,2026-09-07 17:58:42
캐치,자이엘리베이터,부문별 신입/경력사원 채용,"경리/회계/결산, 영업관리/지원/영업기획, 일반영업, 재무/세무/IR, AS/서비스/수리, B2B영업/기술영업",경력,정규직/계약직,서울/경기/대전/부산,,2026-09-30,https://www.catch.co.kr/Comp/CompDetail/LJ7658/Recruit/564438,,2026-09-07 17:58:42
캐치,삼성물산 건설부문,'26년 계약직(전문직/일반직) 상시 채용,"경리/회계/결산, 구매/자재/재고, 기계설계/CAD/CAM, 사무/총무/법무, 생산관리/공정관리/품질관리, 시공/현장/감리/공무, 인사/노무/교육, 자동차/조선/기계, 전기/소방/통신/안전, 전기/전자/제어, 토목/조경/도시/측량",경력,계약직,서울,,채용시 마감,https://www.catch.co.kr/Comp/CompDetail/AE297/Recruit/564435,,2026-09-07 17:58:43
캐치,매일유업,아산공장 생산팀 계약직 채용,"생산/제조/설비/조립, 생산관리/공정관리/품질관리",신입,계약직,충남,,2026-09-29,https://www.catch.co.kr/Comp/CompDetail/IP7458/Recruit/564434,,2026-09-07 17:58:43
캐치,컴투스,프라임 오피스 개발 사업 총괄 PM (10~18년) 채용,"경영분석/컨설턴트, 기획/전략/경영, 부동산/중개/분양/경매, 시공/현장/감리/공무, 재무/세무/IR",경력 10년↑,정규직,서울,,2026-09-26,https://www.catch.co.kr/Comp/CompDetail/126321/Recruit/564410,,2026-09-07 17:58:43
캐치,컴투스,게임 Sound Effect 제작자 (2년 이상) 채용,게임,경력 2년↑,정규직,서울,,2026-09-26,https://www.catch.co.kr/Comp/CompDetail/126321/Recruit/564408,,2026-09-07 17:58:43
캐치,컴투스,[서머너즈워] 컨텐츠 기획자 (1년 이상) 채용,"게임, 웹기획/PM/웹마케팅",경력 1년↑,정규직,서울,,2026-09-26,https://www.catch.co.kr/Comp/CompDetail/126321/Recruit/564407,,2026-09-07 17:58:43
캐치,서울의과학연구소,[SCL] 수원북부 거래처(병의원) 관리직원 채용,"고객관리/인바운드, 영업관리/지원/영업기획",경력,계약직,경기,,2026-09-13,https://www.catch.co.kr/Comp/CompDetail/098704/Recruit/564391,,2026-09-07 17:58:43
캐치,컴투스홀딩스,(홀딩스)[스타세일러] 사업PM (8년 이상) 채용,"게임, 기획/전략/경영",경력 8년↑,정규직,서울,,2026-09-22,https://www.catch.co.kr/Comp/CompDetail/146796/Recruit/564388,,2026-09-07 17:58:43
캐치,알보젠코리아,Sales Force Effectiveness Specialist (계약직) 채용,"고객관리/인바운드, 네트워크/서버/보안, 빅데이터/AI, 사무/총무/법무, 영업관리/지원/영업기획, DBA/데이터베이스",경력 1년↑,계약직,서울,,2026-10-03,https://www.catch.co.kr/Comp/CompDetail/350540/Recruit/564363,,2026-09-07 17:58:43
캐치,브이엔티지,전략사업개발 본부장 채용,기획/전략/경영,경력,정규직,서울,,2026-09-30,https://www.catch.co.kr/Comp/CompDetail/LH3214/Recruit/564304,,2026-09-07 17:58:43
캐치,브이엔티지,AI 네이티브 풀스택 엔지니어 채용,"네트워크/서버/보안, 웹개발, 응용프로그램개발",경력 3년↑,정규직,서울,,2026-09-30,https://www.catch.co.kr/Comp/CompDetail/LH3214/Recruit/564303,,2026-09-07 17:58:43
캐치,브이엔티지,[Mid] IT 영업기획 담당자 (영업지원) 채용,"영업관리/지원/영업기획, 웹기획/PM/웹마케팅, B2B영업/기술영업",경력 2년↑,정규직,서울,,2026-09-30,https://www.catch.co.kr/Comp/CompDetail/LH3214/Recruit/564302,,2026-09-07 17:58:43
캐치,브이엔티지,SAP MM 운영 및 개발자 채용,"네트워크/서버/보안, ERP/시스템개발/설계",경력 5년↑,정규직,서울,,2026-09-30,https://www.catch.co.kr/Comp/CompDetail/LH3214/Recruit/564300,,2026-09-07 17:58:43
캐치,LG CNS,Salesforce 솔루션 분야(경력) 채용,"경영분석/컨설턴트, 기획/전략/경영, 마케팅/PR/분석, 웹기획/PM/웹마케팅, 일반영업",경력 4년↑,기타,서울,,2026-09-30,https://www.catch.co.kr/Comp/CompDetail/812536/Recruit/564291,,2026-09-07 17:58:43
캐치,티맵모빌리티,Android SDK Engineer 채용,"게임, 웹개발, 응용프로그램개발",경력 5년↑,정규직,서울,,2026-12-31,https://www.catch.co.kr/Comp/CompDetail/MB8295/Recruit/564247,,2026-09-07 17:58:43
캐치,인동에프엔,신입/경력 수시 채용 [자금],재무/세무/IR,경력 2~4년,정규직,서울,,2026-10-02,https://www.catch.co.kr/Comp/CompDetail/925306/Recruit/564245,,2026-09-07 17:58:43
캐치,인동에프엔,신입/경력 수시 채용 [전산],"웹개발, DBA/데이터베이스, ERP/시스템개발/설계",경력 4~6년,정규직,서울,,2026-10-02,https://www.catch.co.kr/Comp/CompDetail/925306/Recruit/564244,,2026-09-07 17:58:43
캐치,인동에프엔,신입/경력 수시 채용 [회계],"경리/회계/결산, 재무/세무/IR",경력 4~12년,정규직,서울,,2026-10-02,https://www.catch.co.kr/Comp/CompDetail/925306/Recruit/564243,,2026-09-07 17:58:43
캐치,인동에프엔,신입/경력 수시 채용 [기획MD],상품기획/MD,경력 4~12년,정규직,서울,,2026-10-02,https://www.catch.co.kr/Comp/CompDetail/925306/Recruit/564241,,2026-09-07 17:58:43
캐치,SK(주) AX,제조 에너지/화학 계열 AI/DT 및 시스템 담당자 채용 (울산 근무),"기획/전략/경영, 네트워크/서버/보안, 빅데이터/AI, 웹기획/PM/웹마케팅",경력 3년↑,정규직,울산,,2026-09-14,https://www.catch.co.kr/Comp/CompDetail/A90BF/Recruit/564237,,2026-09-07 17:58:43
캐치,에이피알,[SCM] 국내물류 기획 담당 경력사원 모집,무역사무/수출입,경력 4~6년,정규직,서울,,2026-10-02,https://www.catch.co.kr/Comp/CompDetail/M23872/Recruit/564209,,2026-09-07 17:58:43
캐치,인동에프엔,신입/경력 수시 채용 [소재 디자인],"섬유/의류/패션, 의류/패션/잡화디자인, 제품/산업디자인",경력 2~8년,정규직,서울,,2026-10-02,https://www.catch.co.kr/Comp/CompDetail/925306/Recruit/564161,,2026-09-07 17:58:43
캐치,인동에프엔,신입/경력 수시 채용 [스타일 디자인],"의류/패션/잡화디자인, 제품/산업디자인",경력무관,정규직/인턴,서울,,2026-10-02,https://www.catch.co.kr/Comp/CompDetail/925306/Recruit/564160,,2026-09-07 17:58:43
캐치,인동에프엔,신입/경력 수시 채용 [컬러 디자인],의류/패션/잡화디자인,경력 2~8년,정규직,서울,,2026-10-02,https://www.catch.co.kr/Comp/CompDetail/925306/Recruit/564157,,2026-09-07 17:58:43
캐치,인동에프엔,신입/경력 수시 채용 [홍보],"마케팅/PR/분석, 콘텐츠/사이트운영",경력 12년↑,정규직,서울,,2026-10-02,https://www.catch.co.kr/Comp/CompDetail/925306/Recruit/564155,,2026-09-07 17:58:43
캐치,인동에프엔,신입/경력 수시 채용 [영업],"고객관리/인바운드, 영업관리/지원/영업기획, 판매/캐셔/매장관리",경력 8년↓,정규직/인턴,서울,,2026-10-02,https://www.catch.co.kr/Comp/CompDetail/925306/Recruit/564151,,2026-09-07 17:58:43
캐치,인동에프엔,신입/경력 수시 채용 [영업MD],"생산관리/공정관리/품질관리, 영업관리/지원/영업기획, 판매/캐셔/매장관리",경력 2~8년,정규직,서울,,2026-10-02,https://www.catch.co.kr/Comp/CompDetail/925306/Recruit/564150,,2026-09-07 17:58:43
캐치,엠베스트,[삼성전자 1차 협력사] 환경안전팀 안전관리 경력 정규직 채용,전기/소방/통신/안전,경력 5년↑,정규직,경기,,2026-10-02,https://www.catch.co.kr/Comp/CompDetail/A98F1/Recruit/564147,,2026-09-07 17:58:43
캐치,카카오헬스케어,[경력] FHIR/의료데이터 플랫폼 개발자 채용,"웹개발, 응용프로그램개발, DBA/데이터베이스, ERP/시스템개발/설계",경력 3년↑,정규직,경기,,2026-10-02,https://www.catch.co.kr/Comp/CompDetail/OY6276/Recruit/564146,,2026-09-07 17:58:43
캐치,카카오헬스케어,[계약] 헬스케어 RWE Data Manager 채용,"빅데이터/AI, DBA/데이터베이스",경력무관,계약직,경기,,2026-10-02,https://www.catch.co.kr/Comp/CompDetail/OY6276/Recruit/564145,,2026-09-07 17:58:43
캐치,인스파이어인티그레이티드리조트,"[인스파이어리조트]Guest Service Agent_Door(도어 업무, 신입가능, 1년 계약직)",여행/항공/숙박/레저,경력,계약직,인천,,2026-11-28,https://www.catch.co.kr/Comp/CompDetail/HF3448/Recruit/564092,,2026-09-07 17:58:43
캐치,KT스튜디오지니,[kt STUDIO GENIE] 드라마 콘텐츠 마케팅 담당자 채용,"기획/전략/경영, 마케팅/PR/분석",경력 5~10년,정규직,서울,,2026-09-30,https://www.catch.co.kr/Comp/CompDetail/MD2120/Recruit/564081,,2026-09-07 17:58:44
캐치,KT스튜디오지니,[kt STUDIO GENIE] 디지털 예능 PD 채용,"감독/연출/PD, 웹기획/PM/웹마케팅, 콘텐츠/사이트운영",경력,정규직,서울,,2026-09-30,https://www.catch.co.kr/Comp/CompDetail/MD2120/Recruit/564078,,2026-09-07 17:58:44
캐치,KT스튜디오지니,[kt STUDIO GENIE] 디지털 영상편집 담당 채용 (계약직) 채용,"동영상제작/편집, 콘텐츠/사이트운영",경력,계약직,서울,,2026-09-30,https://www.catch.co.kr/Comp/CompDetail/MD2120/Recruit/564076,,2026-09-07 17:58:44
캐치,인비트로스,인비트로스 연구소 면역연구팀 연구원 채용,바이오/제약/식품,경력 3년↑,정규직,서울,,2026-09-29,https://www.catch.co.kr/Comp/CompDetail/QF8510/Recruit/564074,,2026-09-07 17:58:44
캐치,드림어스컴퍼니,음원 계약·라이선스 담당자,기획/전략/경영,경력무관,정규직,서울,,2026-10-02,https://www.catch.co.kr/Comp/CompDetail/141084/Recruit/564048,,2026-09-07 17:58:44
캐치,인스파이어인티그레이티드리조트,"[인스파이어리조트] [IT] Service Desk Analyst (1년 이상, 신입가능)",네트워크/서버/보안,경력,정규직,인천,,2026-09-29,https://www.catch.co.kr/Comp/CompDetail/HF3448/Recruit/564035,,2026-09-07 17:58:44
캐치,비상교육,[IT] DevOps 엔지니어 채용,"네트워크/서버/보안, 웹개발, 응용프로그램개발, DBA/데이터베이스, ERP/시스템개발/설계",경력 8년↑,정규직,경기,,2026-09-29,https://www.catch.co.kr/Comp/CompDetail/277709/Recruit/564029,,2026-09-07 17:58:44
캐치,비상교육,[IT] IDC 시스템엔지니어 채용,"네트워크/서버/보안, ERP/시스템개발/설계",경력 5년↑,정규직,경기,,2026-09-29,https://www.catch.co.kr/Comp/CompDetail/277709/Recruit/564027,,2026-09-07 17:58:44
캐치,토비스,해외 CS 대응 업무 매니저급 채용,"고객관리/인바운드, 사무보조/문서작성",경력,정규직,인천,,2026-09-13,https://www.catch.co.kr/Comp/CompDetail/162859/Recruit/564012,,2026-09-07 17:58:44
캐치,토비스,공정품질 경력자 채용,"생산관리/공정관리/품질관리, 전기/전자/제어",경력 7~10년,정규직,인천,,2026-09-13,https://www.catch.co.kr/Comp/CompDetail/162859/Recruit/564010,,2026-09-07 17:58:44
캐치,KT 엔지니어링,건축/인테리어 수주/영업 담당자 채용,"건축/설계/인테리어, 기획/전략/경영, 전기/소방/통신/안전, B2B영업/기술영업",경력 5년↑,계약직,서울,,2026-09-26,https://www.catch.co.kr/Comp/CompDetail/812153/Recruit/564002,,2026-09-07 17:58:44
캐치,오비맥주,광주공장 제품팀 계약직 수시채용,"생산/제조/설비/조립, 생산관리/공정관리/품질관리",경력무관,계약직,전남광주,,2026-09-30,https://www.catch.co.kr/Comp/CompDetail/842702/Recruit/564000,,2026-09-07 17:58:44
캐치,커넥트웨이브,채용 코디네이터 (인턴),"사무/총무/법무, 인사/노무/교육, 콘텐츠/사이트운영",신입,인턴/계약직,서울,,2026-09-29,https://www.catch.co.kr/Comp/CompDetail/090267/Recruit/563984,,2026-09-07 17:58:44
캐치,SK(주) AX,SAP 관련 Portal 시스템 구축 리딩 및 개발 전문가 채용,"네트워크/서버/보안, 웹기획/PM/웹마케팅, 응용프로그램개발, ERP/시스템개발/설계",경력 3년↑,정규직,경기,,2026-09-14,https://www.catch.co.kr/Comp/CompDetail/A90BF/Recruit/563977,,2026-09-07 17:58:44
캐치,SK(주) AX,SAP 모듈 전문가 채용,"네트워크/서버/보안, 웹기획/PM/웹마케팅, ERP/시스템개발/설계",경력 3년↑,정규직,경기,,2026-09-14,https://www.catch.co.kr/Comp/CompDetail/A90BF/Recruit/563976,,2026-09-07 17:58:44
캐치,SK(주) AX,HRIS 구축 PM/PL 채용,"기획/전략/경영, 네트워크/서버/보안, 웹기획/PM/웹마케팅, ERP/시스템개발/설계",경력 3년↑,정규직,서울/경기,,2026-09-14,https://www.catch.co.kr/Comp/CompDetail/A90BF/Recruit/563975,,2026-09-07 17:58:44
캐치,SK(주) AX,설비(Utility) 분야 전문가 채용,"네트워크/서버/보안, 웹기획/PM/웹마케팅, ERP/시스템개발/설계",경력 3년↑,정규직,경기/충북,,2026-09-14,https://www.catch.co.kr/Comp/CompDetail/A90BF/Recruit/563974,,2026-09-07 17:58:44
캐치,SK(주) AX,AI 기반 MES 자동화·고도화 분야 전문가 채용,"네트워크/서버/보안, 빅데이터/AI, 웹개발, DBA/데이터베이스, ERP/시스템개발/설계",경력 3년↑,정규직,경기,,2026-09-14,https://www.catch.co.kr/Comp/CompDetail/A90BF/Recruit/563973,,2026-09-07 17:58:44
캐치,SK(주) AX,반도체 Cloud/AI Platform 개발/운영 전문가 채용,"네트워크/서버/보안, ERP/시스템개발/설계",경력 4년↑,정규직,경기,,2026-09-13,https://www.catch.co.kr/Comp/CompDetail/A90BF/Recruit/563972,,2026-09-07 17:58:44
캐치,마녀공장,[디자인] 웹 디자이너 채용,"광고/시각디자인, 그래픽디자인/CG, 콘텐츠/사이트운영, HTML/퍼블리싱/UI개발",경력 2년↑,정규직,서울,,2026-09-29,https://www.catch.co.kr/Comp/CompDetail/H92585/Recruit/563947,,2026-09-07 17:58:44
캐치,LG경영개발원,[LG AI연구원] Research Scientist/Engineer - Agent Memory 채용,빅데이터/AI,경력,기타,서울,,2026-09-29,https://www.catch.co.kr/Comp/CompDetail/812650/Recruit/563946,,2026-09-07 17:58:44
캐치,버킷플레이스,글로벌 매입 AMD (계약직),"마케팅/PR/분석, 상품기획/MD",경력무관,계약직,서울,,2026-10-31,https://www.catch.co.kr/Comp/CompDetail/A0418/Recruit/563939,,2026-09-07 17:58:44
캐치,피제이전자,(주)피제이전자 구매 담당자 모집,구매/자재/재고,경력 4년↑,정규직,경기,,2026-09-29,https://www.catch.co.kr/Comp/CompDetail/323152/Recruit/563892,,2026-09-07 17:58:44
캐치,브이엔티지,[서울 근무] MES 시스템 운영자 채용,"네트워크/서버/보안, 웹개발, ERP/시스템개발/설계",경력 3년↑,정규직,서울,,2026-09-30,https://www.catch.co.kr/Comp/CompDetail/LH3214/Recruit/563877,,2026-09-07 17:58:44
캐치,CJ대한통운,[TES물류기술연구소] Cloud Engineer 경력사원 채용,"네트워크/서버/보안, DBA/데이터베이스, ERP/시스템개발/설계",경력 5년↑,정규직,서울,,2026-09-28,https://www.catch.co.kr/Comp/CompDetail/710083/Recruit/563876,,2026-09-07 17:58:44
캐치,티앤엘,(안성) 경영본부_자재관리 채용,"구매/자재/재고, 생산관리/공정관리/품질관리",경력무관,정규직,경기,,2026-09-28,https://www.catch.co.kr/Comp/CompDetail/175559/Recruit/563845,,2026-09-07 17:58:44
캐치,하이비젼시스템,금속프린터 제품 개발 하드웨어/ 기구설계 경력직 채용,"기계설계/CAD/CAM, 생산/제조/설비/조립, 응용프로그램개발, 자동차/조선/기계, ERP/시스템개발/설계",경력 8~12년,정규직,경기,,2026-09-20,https://www.catch.co.kr/Comp/CompDetail/H90294/Recruit/563834,,2026-09-07 17:58:44
캐치,홀리데이로보틱스,[홀리데이로보틱스]  로봇 조립 오퍼레이터,생산/제조/설비/조립,경력 1~10년,정규직,서울,,2026-09-28,https://www.catch.co.kr/Comp/CompDetail/A962D/Recruit/563825,,2026-09-07 17:58:44
캐치,한화비전,홍보담당자 채용,마케팅/PR/분석,경력 7년↑,정규직,경기,,2026-09-28,https://www.catch.co.kr/Comp/CompDetail/RF7649/Recruit/563820,,2026-09-07 17:58:44
캐치,동원홈푸드,[서울 서초] 급식식재 키즈파트 VOC 담당자 채용,"고객관리/인바운드, 영업관리/지원/영업기획",경력 1년↑,계약직,서울,,2026-09-28,https://www.catch.co.kr/Comp/CompDetail/801984/Recruit/563786,,2026-09-07 17:58:44
캐치,이노션,데이터 엔지니어 (Customer Data Platform) 채용,"빅데이터/AI, DBA/데이터베이스",경력 1년↑,계약직,서울,,2026-09-13,https://www.catch.co.kr/Comp/CompDetail/381929/Recruit/563781,,2026-09-07 17:58:45
캐치,에이피알,[IT] 백엔드 개발자 경력사원 모집,"웹개발, 응용프로그램개발",경력 2년↑,정규직,서울,,2026-09-28,https://www.catch.co.kr/Comp/CompDetail/M23872/Recruit/563777,,2026-09-07 17:58:45
캐치,현대렌탈케어,현대렌탈케어 온라인영업 경력사원 채용,상품기획/MD,경력 2년↑,정규직,서울,,2026-09-28,https://www.catch.co.kr/Comp/CompDetail/HC4945/Recruit/563775,,2026-09-07 17:58:45
캐치,현대자동차,[AVP] 모빌리티 서비스 UX 기획 채용,"웹기획/PM/웹마케팅, HTML/퍼블리싱/UI개발",경력 5년↑,기타,서울,,2026-09-28,https://www.catch.co.kr/Comp/CompDetail/380954/Recruit/563759,,2026-09-07 17:58:45
캐치,아이티앤코,[아이티웨딩] 웨딩플래너 채용 공고 안내,웨딩/행사/이벤트,경력무관,인턴,서울,,2026-10-31,https://www.catch.co.kr/Comp/CompDetail/E95493/Recruit/563751,,2026-09-07 17:58:45
캐치,한솔섬유,[본사] Fabric R&D(통합원단부) 경력 채용,섬유/의류/패션,경력 2~6년,기타,서울,,2026-09-25,https://www.catch.co.kr/Comp/CompDetail/125210/Recruit/563734,,2026-09-07 17:58:45
캐치,에이피알,[마케팅] 메디큐브 올리브영 온라인 마케팅 경력사원 모집,마케팅/PR/분석,경력 2년↑,정규직,서울,,2026-09-28,https://www.catch.co.kr/Comp/CompDetail/M23872/Recruit/563731,,2026-09-07 17:58:45
캐치,안진회계법인,[딜로이트 안진회계법인] T&T부문 정보보안 컨설팅 인턴,네트워크/서버/보안,경력무관,인턴,서울,,2026-12-17,https://www.catch.co.kr/Comp/CompDetail/066262/Recruit/563712,,2026-09-07 17:58:45
캐치,NIT서비스,[네이버계열사][NIT Service] NAVER 사내보안시스템 운영,네트워크/서버/보안,경력무관,정규직,경기,,2026-09-28,https://www.catch.co.kr/Comp/CompDetail/M14288/Recruit/563697,,2026-09-07 17:58:45
캐치,동남권원자력의학원,[직원채용] 박사후 연수연구원(첨단방사선AI융합연구팀) 공개 채용,"바이오/제약/식품, 빅데이터/AI, 화학/에너지/환경",경력,계약직,부산,,2026-09-09,https://www.catch.co.kr/Comp/CompDetail/HC9813/Recruit/563692,,2026-09-07 17:58:45
캐치,더퓨어랩,[더퓨어랩] 닥터엘시아/디어에이 동남아 인플루언서 마케팅 인턴(전환형)/경력,마케팅/PR/분석,경력 1~4년,정규직/인턴,서울,,2026-09-27,https://www.catch.co.kr/Comp/CompDetail/RL2487/Recruit/563643,,2026-09-07 17:58:45
캐치,지멘스,[Smart infrastructure] Electrical Products sales support intern 채용,"무역사무/수출입, 영업관리/지원/영업기획",신입,인턴,서울,,2026-09-19,https://www.catch.co.kr/Comp/CompDetail/022497/Recruit/563631,,2026-09-07 17:58:45
캐치,메트라이프생명보험,CS Pro_수원근무 계약직 채용,"고객관리/인바운드, 사무/총무/법무, 인사/노무/교육",경력,계약직,경기,,2026-09-26,https://www.catch.co.kr/Comp/CompDetail/821489/Recruit/563575,,2026-09-07 17:58:45
캐치,메트라이프생명보험,Valuation Actuary(1-Year Contract) 채용,"경리/회계/결산, 재무/세무/IR",경력,계약직,서울,,2026-09-21,https://www.catch.co.kr/Comp/CompDetail/821489/Recruit/563572,,2026-09-07 17:58:45
캐치,한섬,MUE팀 바잉MD 경력(3년 이상) 채용,"구매/자재/재고, 상품기획/MD",경력 3년↑,정규직,서울,,2026-09-30,https://www.catch.co.kr/Comp/CompDetail/088102/Recruit/563570,,2026-09-07 17:58:45
캐치,메트라이프생명보험,Valuation Actuary 채용,"경리/회계/결산, 재무/세무/IR",경력 3년↑,정규직,서울,,2026-09-29,https://www.catch.co.kr/Comp/CompDetail/821489/Recruit/563568,,2026-09-07 17:58:45
캐치,메트라이프생명보험,PAS Professional 채용,"고객관리/인바운드, 채권/보험/보상/심사",경력 3년↑,정규직,서울,,2026-09-29,https://www.catch.co.kr/Comp/CompDetail/821489/Recruit/563564,,2026-09-07 17:58:45
캐치,브이엔티지,[군산 근무] MES 시스템 운영자 (채용연계형 인턴),"네트워크/서버/보안, ERP/시스템개발/설계, QA/테스트/검증",신입,인턴,전북,,2026-09-30,https://www.catch.co.kr/Comp/CompDetail/LH3214/Recruit/563527,,2026-09-07 17:58:45
캐치,디에이치엘코리아,"Supervisor, Transport (검단, 배송 관리, 신입가능)","고객관리/인바운드, 배송/택배/운전",경력,기타,인천,,2026-09-10,https://www.catch.co.kr/Comp/CompDetail/160035/Recruit/563521,,2026-09-07 17:58:45
캐치,디에이치엘코리아,"Manager, Account Management (의료기기, 제약) 채용","기획/전략/경영, 바이오/제약/식품, 배송/택배/운전, 영업관리/지원/영업기획, B2B영업/기술영업",경력 5년↑,기타,서울,,2026-09-25,https://www.catch.co.kr/Comp/CompDetail/160035/Recruit/563512,,2026-09-07 17:58:45
캐치,디에이치엘코리아,"Sr. Specialist, Controlling 채용",재무/세무/IR,경력 4~7년,정규직,서울,,2026-09-29,https://www.catch.co.kr/Comp/CompDetail/160035/Recruit/563500,,2026-09-07 17:58:45
캐치,동성케미컬,PU본부 폴리우레탄 신발 영업 담당자 채용,"마케팅/PR/분석, 영업관리/지원/영업기획, 일반영업",경력 6년↑,정규직,부산,,2026-09-27,https://www.catch.co.kr/Comp/CompDetail/C13561/Recruit/563492,,2026-09-07 17:58:45
캐치,동성케미컬,PU본부 폴리우레탄 기술개발자 채용,"마케팅/PR/분석, 생산관리/공정관리/품질관리, 화학/에너지/환경",경력 1년↑,정규직,부산,,2026-09-27,https://www.catch.co.kr/Comp/CompDetail/C13561/Recruit/563490,,2026-09-07 17:58:45
캐치,동성케미컬,PU본부 베트남 Compound 생산팀장 (LKS) 채용,"생산관리/공정관리/품질관리, 재무/세무/IR",경력 8년↑,계약직,베트남,,2026-09-27,https://www.catch.co.kr/Comp/CompDetail/C13561/Recruit/563485,,2026-09-07 17:58:45
캐치,동성케미컬,PFC S&M본부 국내영업 경력사원 채용,"마케팅/PR/분석, 영업관리/지원/영업기획, 일반영업",경력 6~12년,정규직,서울,,2026-09-27,https://www.catch.co.kr/Comp/CompDetail/C13561/Recruit/563480,,2026-09-07 17:58:45
캐치,휴먼컨설팅그룹,HCG 휴먼컨설팅그룹 2026년 하반기 경력 공채,"웹개발, 웹기획/PM/웹마케팅, ERP/시스템개발/설계",경력 3년↑,정규직,서울,,2026-09-26,https://www.catch.co.kr/Comp/CompDetail/370122/Recruit/563413,,2026-09-07 17:58:45
캐치,LS이모빌리티솔루션,수주영업 경력직 채용,"고객관리/인바운드, 영업관리/지원/영업기획, B2B영업/기술영업",경력 3년↑,정규직,경기,,2026-09-25,https://www.catch.co.kr/Comp/CompDetail/OZ3825/Recruit/563406,,2026-09-07 17:58:45
캐치,CJ제일제당,Legal Counsel(Global Legal) 경력 채용,"기획/전략/경영, 법률/특허/상표, 사무/총무/법무",경력 3~6년,정규직,서울,,2026-09-28,https://www.catch.co.kr/Comp/CompDetail/494292/Recruit/563357,,2026-09-07 17:58:45
캐치,토리든,[토리든] 글로벌 퍼포먼스 마케팅 담당자,마케팅/PR/분석,경력 1년↑,정규직,서울,,2026-09-28,https://www.catch.co.kr/Comp/CompDetail/HK2545/Recruit/563352,,2026-09-07 17:58:45
캐치,CJ대한통운,"검수직 (인천, 계약직) 채용","구매/자재/재고, 전기/소방/통신/안전",경력,계약직,인천,,2026-09-26,https://www.catch.co.kr/Comp/CompDetail/710083/Recruit/563335,,2026-09-07 17:58:45
캐치,CJ대한통운,"굴삭기운전원 채용 (인천, 계약직)","배송/택배/운전, 화물/중장비",경력,계약직,인천,,2026-09-26,https://www.catch.co.kr/Comp/CompDetail/710083/Recruit/563330,,2026-09-07 17:58:46
캐치,CJ대한통운,"CSU운전원 채용 (인천, 계약직)","배송/택배/운전, 화물/중장비",경력,계약직,인천,,2026-09-26,https://www.catch.co.kr/Comp/CompDetail/710083/Recruit/563329,,2026-09-07 17:58:46
캐치,토리든,[토리든] 해외영업 (유럽·유라시아) 담당자,"무역영업/해외영업, B2B영업/기술영업",경력 2~5년,정규직,서울,,2026-09-26,https://www.catch.co.kr/Comp/CompDetail/HK2545/Recruit/563319,,2026-09-07 17:58:46
캐치,에스케이시그넷,IT 인프라 운영 (5~10년차) 채용,"경리/회계/결산, 구매/자재/재고, 네트워크/서버/보안, 사무/총무/법무, 사무보조/문서작성, 재무/세무/IR",경력 5~10년,정규직,경기/인천,,2026-09-26,https://www.catch.co.kr/Comp/CompDetail/IL7179/Recruit/563316,,2026-09-07 17:58:46
캐치,두산테스나,생산기획 경력 채용,"기획/전략/경영, 사무보조/문서작성, 생산관리/공정관리/품질관리, 설문/통계/리서치",경력 10년↑,기타,경기,,채용시 마감,https://www.catch.co.kr/Comp/CompDetail/208502/Recruit/563311,,2026-09-07 17:58:46
캐치,티아이아이코리아,[MURUGAPPA]자동차 글로벌 Business Development Manager,"기획/전략/경영, 자동차/조선/기계",경력 5년↑,정규직,서울,,2026-09-22,https://www.catch.co.kr/Comp/CompDetail/A830F/Recruit/563264,,2026-09-07 17:58:46
캐치,에이피알,[영업] 메디큐브 올리브영 채널 영업 MD 경력사원 모집,상품기획/MD,경력 2~5년,정규직,서울,,2026-09-26,https://www.catch.co.kr/Comp/CompDetail/M23872/Recruit/563207,,2026-09-07 17:58:46
캐치,브이엔티지,AX 컨설턴트 채용,"경영분석/컨설턴트, 기획/전략/경영, 웹기획/PM/웹마케팅",경력 3년↑,정규직,서울,,2026-09-30,https://www.catch.co.kr/Comp/CompDetail/LH3214/Recruit/563194,,2026-09-07 17:58:46
캐치,발렉스서비스,[이천-IPK팀] 이천 SK하이닉스 생산라인 내 완제품 비주얼검사 및 포장/완제품 이동 및 부자재 관리원 채용,"구매/자재/재고, 배송/택배/운전, 생산/제조/설비/조립, 생산관리/공정관리/품질관리, 포장/가공",경력무관,정규직,경기,,2026-09-26,https://www.catch.co.kr/Comp/CompDetail/F28138/Recruit/563175,,2026-09-07 17:58:46
캐치,발렉스서비스,[이천/분당/청주 IT Infra팀] 직무별(NW유지보수/OA유지보수/ EP센터) 채용,"네트워크/서버/보안, ERP/시스템개발/설계, QA/테스트/검증",경력무관,정규직,경기/충북,,2026-09-26,https://www.catch.co.kr/Comp/CompDetail/F28138/Recruit/563173,,2026-09-07 17:58:46
캐치,펜믹스,"관리본부 관리팀(내부감사, 법무업무) 채용","기획/전략/경영, 사무/총무/법무",경력 3~10년,정규직/계약직,서울,,2026-09-25,https://www.catch.co.kr/Comp/CompDetail/210764/Recruit/563162,,2026-09-07 17:58:46
캐치,펜믹스,생산2본부 QA팀 밸리데이션 파트 정규직 채용,"생산관리/공정관리/품질관리, 전기/전자/제어",경력 1~4년,정규직,충남,,2026-09-25,https://www.catch.co.kr/Comp/CompDetail/210764/Recruit/563161,,2026-09-07 17:58:46
캐치,타라티피에스,법인 영업 채용(시청파트),"고객관리/인바운드, 일반영업, B2B영업/기술영업",경력 2~5년,정규직,서울,,2026-09-25,https://www.catch.co.kr/Comp/CompDetail/039407/Recruit/563150,,2026-09-07 17:58:46
캐치,타라티피에스,파주공장 시설관리 채용,"사무/총무/법무, 전기/소방/통신/안전",경력 3년↑,정규직,경기,,2026-09-25,https://www.catch.co.kr/Comp/CompDetail/039407/Recruit/563149,,2026-09-07 17:58:46
캐치,이그니스,[이그니스] BRAYE 퍼포먼스마케터,마케팅/PR/분석,경력 3년↑,정규직,서울,,2026-10-04,https://www.catch.co.kr/Comp/CompDetail/M21313/Recruit/563135,,2026-09-07 17:58:46
캐치,콜마비앤에이치,음성공장 시설관리(공무) 신입/경력 채용 (채용시 마감),"사무/총무/법무, 생산관리/공정관리/품질관리, 전기/소방/통신/안전",경력 5년↓,기타,충북,,2026-12-31,https://www.catch.co.kr/Comp/CompDetail/L73318/Recruit/563125,,2026-09-07 17:58:46
캐치,카카오뱅크,서비스 기획자 - 대화형 AI 서비스 채용,"기획/전략/경영, 웹기획/PM/웹마케팅",경력 5년↑,정규직,경기,,2026-09-15,https://www.catch.co.kr/Comp/CompDetail/HM8410/Recruit/562992,,2026-09-07 17:58:46
캐치,서희건설,광양사업소 소수리직 신입 및 경력 채용 (~채용 시 마감),"건축/설계/인테리어, 자동차/조선/기계",경력,기타,전남광주,,2026-09-22,https://www.catch.co.kr/Comp/CompDetail/283223/Recruit/562978,,2026-09-07 17:58:46
캐치,유니투스,[천안공장] 천안지원팀 - 시설(총무) 담당자(계약직) 채용,사무/총무/법무,경력무관,계약직,충남,,2026-09-09,https://www.catch.co.kr/Comp/CompDetail/PO3828/Recruit/562973,,2026-09-07 17:58:46
캐치,코텍,해외영업(경력) 담당자 채용,"무역영업/해외영업, 영업관리/지원/영업기획, B2B영업/기술영업",경력 3~10년,기타,인천,,2026-09-25,https://www.catch.co.kr/Comp/CompDetail/029238/Recruit/562955,,2026-09-07 17:58:46
캐치,컬리,서버 엔지니어,네트워크/서버/보안,경력 5년↑,정규직,서울,,2026-09-25,https://www.catch.co.kr/Comp/CompDetail/CC1408/Recruit/562947,,2026-09-07 17:58:46
캐치,한독모터스,BMW 한독모터스 기획조정실 마케팅/고객관리 기획 담당자 경력 채용,마케팅/PR/분석,경력 10년↑,정규직,서울,,2026-09-30,https://www.catch.co.kr/Comp/CompDetail/245702/Recruit/562912,,2026-09-07 17:58:46
캐치,NH농협캐피탈,신용분석부(정규직) 신용평가모형 개발 담당자 채용 [근무지 : 서울(본사)] ,빅데이터/AI,경력,정규직,서울,,2026-09-20,https://www.catch.co.kr/Comp/CompDetail/495653/Recruit/562888,,2026-09-07 17:58:46
캐치,NH농협캐피탈,리테일심사부(정규직) 오토금융 심사 담당자 채용[근무지 : 서울(본사)] ,"설문/통계/리서치, 증권/투자/펀드/외환, 채권/보험/보상/심사",경력 3년↑,정규직,서울,,2026-09-20,https://www.catch.co.kr/Comp/CompDetail/495653/Recruit/562887,,2026-09-07 17:58:46
캐치,NH농협캐피탈,부동산금융부(정규직) 채용[근무지 : 서울(본사)] ,"영업관리/지원/영업기획, 일반영업, 증권/투자/펀드/외환, 채권/보험/보상/심사",경력,정규직,서울,,2026-09-20,https://www.catch.co.kr/Comp/CompDetail/495653/Recruit/562886,,2026-09-07 17:58:46
캐치,NH농협캐피탈,인천커머셜영업센터(정규직) 산업재금융 담당자 채용[근무지 : 인천(영업센터)],"영업관리/지원/영업기획, B2B영업/기술영업",경력,정규직,인천,,2026-09-20,https://www.catch.co.kr/Comp/CompDetail/495653/Recruit/562885,,2026-09-07 17:58:46
캐치,미소,[O2O 홈서비스 플랫폼 Miso] 사업 운영 인턴,"고객관리/인바운드, 기획/전략/경영, 마케팅/PR/분석, 사무보조/문서작성, 영업관리/지원/영업기획, 일반영업",경력,인턴,서울,,2026-10-12,https://www.catch.co.kr/Comp/CompDetail/HL2299/Recruit/562883,,2026-09-07 17:58:46
캐치,NH농협캐피탈,리테일금융부(정규직) 주택금융 담당자 채용[근무지 : 서울(본사)] ,"기획/전략/경영, 사무/총무/법무, 상품기획/MD, 증권/투자/펀드/외환",경력,정규직,서울,,2026-09-20,https://www.catch.co.kr/Comp/CompDetail/495653/Recruit/562881,,2026-09-07 17:58:46
캐치,커넥트웨이브,[신사업] 서비스/UX 기획자 - 커머스/금융 고객여정 설계 채용,"기획/전략/경영, 빅데이터/AI, 웹기획/PM/웹마케팅",경력 5~10년,정규직,서울,,2026-09-22,https://www.catch.co.kr/Comp/CompDetail/090267/Recruit/562875,,2026-09-07 17:58:46
캐치,모두닥,[체험형/월350만원] 모두닥 인플루언서 마케팅 인턴,마케팅/PR/분석,신입,인턴,서울,,2026-09-13,https://www.catch.co.kr/Comp/CompDetail/A8073/Recruit/562856,,2026-09-07 17:58:46
캐치,LG CNS,마케팅 분야 Staff 채용 (경력),"기획/전략/경영, 마케팅/PR/분석",경력,기타,서울,,2026-09-30,https://www.catch.co.kr/Comp/CompDetail/812536/Recruit/562848,,2026-09-07 17:58:47
캐치,더파운더즈,[더파운더즈] IT Operations 매니저,네트워크/서버/보안,경력 3년↑,정규직,서울,,2026-09-22,https://www.catch.co.kr/Comp/CompDetail/AFC74/Recruit/562825,,2026-09-07 17:58:47
캐치,토비스,기구설계(산업용 모니터) 부문 경력자 채용,"기계설계/CAD/CAM, 자동차/조선/기계",경력 16년↓,정규직,인천,,2026-09-22,https://www.catch.co.kr/Comp/CompDetail/162859/Recruit/562804,,2026-09-07 17:58:47
캐치,올리브인터내셔널,[북미/유럽본부] 틱톡샵(TikTok Shop) 어필리에이트 마케터,마케팅/PR/분석,경력 1년↑,정규직,서울,,2026-09-22,https://www.catch.co.kr/Comp/CompDetail/JI6311/Recruit/562799,,2026-09-07 17:58:47
캐치,NHN,[NHN] 와플랫 국가과제 운영/정산(계약직),기획/전략/경영,경력 3년↑,계약직,경기,,2026-09-22,https://www.catch.co.kr/Comp/CompDetail/J84229/Recruit/562798,,2026-09-07 17:58:47
캐치,GC셀,[녹십자 그룹] 검체 관리 서비스 매니저 채용 (평택),"구매/자재/재고, 바이오/제약/식품, 배송/택배/운전",신입,계약직,경기,,2026-09-20,https://www.catch.co.kr/Comp/CompDetail/H65643/Recruit/562789,,2026-09-07 17:58:47
캐치,GC셀,[녹십자 그룹] 검체 관리 서비스 매니저 채용 (강남),"구매/자재/재고, 바이오/제약/식품, 배송/택배/운전",신입,계약직,서울,,2026-09-20,https://www.catch.co.kr/Comp/CompDetail/H65643/Recruit/562788,,2026-09-07 17:58:47
캐치,GC셀,[녹십자 그룹] 검체 관리 서비스 매니저 채용 (인천),"구매/자재/재고, 바이오/제약/식품, 배송/택배/운전",신입,계약직,인천,,2026-09-20,https://www.catch.co.kr/Comp/CompDetail/H65643/Recruit/562787,,2026-09-07 17:58:47
캐치,에이피알,[마케팅] 메디큐브 미국 인플루언서 마케팅(PR) 경력사원 모집,마케팅/PR/분석,경력 2~4년,정규직,서울,,2026-10-27,https://www.catch.co.kr/Comp/CompDetail/M23872/Recruit/562775,,2026-09-07 17:58:47
캐치,한컴,"[26년 3분기] 공공시장 영업 (전환형 인턴, 경력) 채용","고객관리/인바운드, 영업관리/지원/영업기획, B2B영업/기술영업",경력 2~7년,정규직/인턴,경기,,2026-09-22,https://www.catch.co.kr/Comp/CompDetail/119628/Recruit/562770,,2026-09-07 17:58:47
캐치,설로인,상품기획/운영 담당자,바이오/제약/식품,경력 2~5년,정규직,경기,,2026-09-30,https://www.catch.co.kr/Comp/CompDetail/IT8339/Recruit/562703,,2026-09-07 17:58:47
캐치,111퍼센트,정보보안 담당자 채용,네트워크/서버/보안,경력 3년↑,정규직,서울,,2026-09-21,https://www.catch.co.kr/Comp/CompDetail/HJ7103/Recruit/562695,,2026-09-07 17:58:47
캐치,111퍼센트,[스팀(Steam)] 콘텐츠 마케터 채용,"마케팅/PR/분석, 상품기획/MD",경력 3년↑,정규직,서울,,2026-09-21,https://www.catch.co.kr/Comp/CompDetail/HJ7103/Recruit/562693,,2026-09-07 17:58:47
캐치,다인정공,[경력] 연구소부문 선행기술 담당자 채용,"기계설계/CAD/CAM, 빅데이터/AI, 전기/전자/제어, ERP/시스템개발/설계, QA/테스트/검증",경력 5년↑,정규직,경기,,2026-12-31,https://www.catch.co.kr/Comp/CompDetail/008226/Recruit/562687,,2026-09-07 17:58:47
캐치,안진회계법인,[딜로이트 안진회계법인] 경영자문부문 I&G 그룹 인프라팀 정규직(Consultant),세무/회계/CPA,신입,정규직,서울,,2026-09-10,https://www.catch.co.kr/Comp/CompDetail/066262/Recruit/562681,,2026-09-07 17:58:47
캐치,슈피겐코리아,[계약] 안전관리 채용,전기/소방/통신/안전,경력무관,계약직,서울,,2026-09-21,https://www.catch.co.kr/Comp/CompDetail/G09595/Recruit/562673,,2026-09-07 17:58:47
캐치,한국네트웍스,[판교_본사] AI Agent Engineer 채용,"네트워크/서버/보안, 빅데이터/AI, DBA/데이터베이스, ERP/시스템개발/설계",경력 5년↑,정규직,경기,,2026-09-30,https://www.catch.co.kr/Comp/CompDetail/153529/Recruit/562664,,2026-09-07 17:58:47
캐치,KG모빌리티,[KGM] 상품전략 담당 신입/경력직 채용,"기획/전략/경영, 마케팅/PR/분석, 상품기획/MD",경력,정규직,경기/서울,,2026-09-21,https://www.catch.co.kr/Comp/CompDetail/380938/Recruit/562662,,2026-09-07 17:58:47
캐치,LS이모빌리티솔루션,생산관리 경력직 채용,"구매/자재/재고, 배송/택배/운전, 생산관리/공정관리/품질관리",경력,정규직,충북,,2026-09-20,https://www.catch.co.kr/Comp/CompDetail/OZ3825/Recruit/562641,,2026-09-07 17:58:47
캐치,필립스코리아,"Remote Service Engineer, Patient Monitoring","의료기사, AS/서비스/수리",경력 1~3년,정규직,서울,,2026-09-21,https://www.catch.co.kr/Comp/CompDetail/038407/Recruit/562624,,2026-09-07 17:58:47
캐치,대신자산운용,경영기획본부 펀드회계팀 채용(신입~사원급),"사무/총무/법무, 증권/투자/펀드/외환",경력,계약직,서울,,2026-09-19,https://www.catch.co.kr/Comp/CompDetail/812870/Recruit/562614,,2026-09-07 17:58:47
캐치,대신자산운용,대안투자3본부 PDF 운용역 채용,"일반영업, 증권/투자/펀드/외환",경력,계약직,서울,,2026-09-11,https://www.catch.co.kr/Comp/CompDetail/812870/Recruit/562605,,2026-09-07 17:58:47
캐치,HS효성더클래스,[벤츠 공식딜러] 천안서비스센터 신입/경력사원 (일반정비) 채용,AS/서비스/수리,경력,정규직,충남,,2026-09-21,https://www.catch.co.kr/Comp/CompDetail/224250/Recruit/562600,,2026-09-07 17:58:47
캐치,포스코지와이에스테크,2026년 포스코GYS테크 경력사원 채용(시공),"건축/설계/인테리어, 시공/현장/감리/공무, 시설/보안/경비/안전, 전기/소방/통신/안전",경력 3년↑,정규직/계약직,전남광주,,2026-09-30,https://www.catch.co.kr/Comp/CompDetail/PW4479/Recruit/562599,,2026-09-07 17:58:47
캐치,KT 엔지니어링,데이터센터 신축 전기공사 담당 계약직 채용,"전기/소방/통신/안전, 전기/전자/제어",경력 5년↑,계약직,경기,,2026-09-21,https://www.catch.co.kr/Comp/CompDetail/812153/Recruit/562586,,2026-09-07 17:58:47
캐치,흥국자산운용,대체투자본부 글로벌대체투자팀 경력직 채용,증권/투자/펀드/외환,경력,기타,서울,,2026-09-13,https://www.catch.co.kr/Comp/CompDetail/115973/Recruit/562579,,2026-09-07 17:58:47
캐치,라포랩스,Research Assistant,"기획/전략/경영, 설문/통계/리서치",경력무관,인턴/계약직,서울,,2026-09-21,https://www.catch.co.kr/Comp/CompDetail/LG2449/Recruit/562575,,2026-09-07 17:58:47
캐치,케이씨이노베이션,[신입/경력] CS 담당(이천) 채용,"자동차/조선/기계, 전기/전자/제어, AS/서비스/수리",경력,정규직,경기,,2026-09-21,https://www.catch.co.kr/Comp/CompDetail/037266/Recruit/562565,,2026-09-07 17:58:47
캐치,케이씨이노베이션,[신입/경력] CS 담당(청주) 채용,"자동차/조선/기계, 전기/전자/제어, AS/서비스/수리",경력,정규직,충북,,2026-09-21,https://www.catch.co.kr/Comp/CompDetail/037266/Recruit/562564,,2026-09-07 17:58:47
캐치,현대자동차,글로벌 채용전환형 인턴십 (제조솔루션),"기획/전략/경영, 생산/제조/설비/조립, 설문/통계/리서치, QA/테스트/검증",신입,인턴,서울,,2026-09-18,https://www.catch.co.kr/Comp/CompDetail/380954/Recruit/562563,,2026-09-07 17:58:47
캐치,케이씨이노베이션,[신입/경력] PURIFIER 제조/시운전/SET-UP 담당자 채용,생산관리/공정관리/품질관리,경력,정규직,경기,,2026-09-21,https://www.catch.co.kr/Comp/CompDetail/037266/Recruit/562562,,2026-09-07 17:58:48
캐치,현대자동차,글로벌 채용전환형 인턴십 (로보틱스랩),"기계설계/CAD/CAM, 응용프로그램개발, 자동차/조선/기계, 전기/전자/제어, 통신기술/네트워크구축, DBA/데이터베이스, ERP/시스템개발/설계",신입,인턴,경기,,2026-09-18,https://www.catch.co.kr/Comp/CompDetail/380954/Recruit/562561,,2026-09-07 17:58:48
캐치,케이씨이노베이션,[경력] 설비개발2팀 - Scrubber 기구설계 채용,"기계설계/CAD/CAM, 자동차/조선/기계",경력 10년↑,정규직,경기,,2026-09-21,https://www.catch.co.kr/Comp/CompDetail/037266/Recruit/562559,,2026-09-07 17:58:48
캐치,케이씨이노베이션,[경력] 설비개발3팀 - Scrubber 기구설계 채용,"기계설계/CAD/CAM, 자동차/조선/기계",경력 7년↑,정규직,경기,,2026-09-21,https://www.catch.co.kr/Comp/CompDetail/037266/Recruit/562557,,2026-09-07 17:58:48
캐치,비에이티,[인턴] 퍼포먼스 마케터 AE (정규직전환형),마케팅/PR/분석,신입,인턴,서울,,2026-10-27,https://www.catch.co.kr/Comp/CompDetail/HT7966/Recruit/562527,,2026-09-07 17:58:48
캐치,엔미디어플랫폼,[UX실] 서비스/플랫폼 기획자 채용,"기획/전략/경영, 웹기획/PM/웹마케팅",경력 5년↑,기타,서울,,2026-09-21,https://www.catch.co.kr/Comp/CompDetail/H81972/Recruit/562460,,2026-09-07 17:58:48
캐치,미미박스,글로벌 SCM 팀 리더 (경력),구매/자재/재고,경력 6년↑,정규직,서울,,2026-09-21,https://www.catch.co.kr/Comp/CompDetail/H13569/Recruit/562458,,2026-09-07 17:58:48
캐치,인터오리진아이엔씨,재무회계/인사/비서/총무/운전,"사무/총무/법무, 인사/노무/교육, 재무/세무/IR",경력무관,정규직,서울,,2026-09-21,https://www.catch.co.kr/Comp/CompDetail/HP6510/Recruit/562437,,2026-09-07 17:58:48
캐치,인터오리진아이엔씨,CS/CX/고객응대 담당 채용ㅣ뷰티마케터·MD·해외사업 동시 모집,"고객관리/인바운드, 마케팅/PR/분석",경력무관,정규직,서울,,2026-09-21,https://www.catch.co.kr/Comp/CompDetail/HP6510/Recruit/562436,,2026-09-07 17:58:48
캐치,인터오리진아이엔씨,광고홍보/PPL/Ai영상 기획/퍼포먼스마케터,마케팅/PR/분석,경력무관,정규직,서울,,2026-09-21,https://www.catch.co.kr/Comp/CompDetail/HP6510/Recruit/562435,,2026-09-07 17:58:48
캐치,인터오리진아이엔씨,뷰티 BM 및 디자이너,"광고/시각디자인, 마케팅/PR/분석, 제품/산업디자인",경력무관,정규직,서울,,2026-09-21,https://www.catch.co.kr/Comp/CompDetail/HP6510/Recruit/562434,,2026-09-07 17:58:48
캐치,모트라스,[현대자동차그룹] 울산2공장 현장 계약직 상시 채용,"생산/제조/설비/조립, 생산관리/공정관리/품질관리",신입,계약직,울산,,2026-09-29,https://www.catch.co.kr/Comp/CompDetail/PO2813/Recruit/562426,,2026-09-07 17:58:48
캐치,타라티피에스,"무선 공정 생산직(신입, 경력무관) 채용","생산/제조/설비/조립, 생산관리/공정관리/품질관리",경력무관,정규직,경기,,2026-09-20,https://www.catch.co.kr/Comp/CompDetail/039407/Recruit/562412,,2026-09-07 17:58:48
캐치,타라티피에스,법인 영업 채용 (강남파트),"고객관리/인바운드, 일반영업, B2B영업/기술영업",경력 1~3년,정규직,서울,,2026-09-20,https://www.catch.co.kr/Comp/CompDetail/039407/Recruit/562409,,2026-09-07 17:58:48
캐치,팀스파르타,[내일배움캠프] 제조업 품질 관리 부트캠프,"생산관리/공정관리/품질관리, 전기/전자/제어",경력무관,교육생,서울,,2026-09-13,https://www.catch.co.kr/Comp/CompDetail/LD8514/Recruit/562402,,2026-09-07 17:58:48
캐치,링크프라이스,[링크프라이스] 온라인 검색광고 마케터 채용,마케팅/PR/분석,경력무관,정규직,서울,,2026-09-20,https://www.catch.co.kr/Comp/CompDetail/698173/Recruit/562390,,2026-09-07 17:58:48
캐치,HDC랩스,[본사] 사업개발팀 오피스 PM 및 복합자산 PJM 부문 경력직 채용,"기획/전략/경영, 웹기획/PM/웹마케팅, 증권/투자/펀드/외환",경력 5년↑,기타,서울/전국,,2026-09-11,https://www.catch.co.kr/Comp/CompDetail/119266/Recruit/562379,,2026-09-07 17:58:48
캐치,CJ제일제당,Tech Solution Researcher(압출/코팅) 경력 채용,"법률/특허/상표, 사무/총무/법무, 생산관리/공정관리/품질관리",경력 4년↑,정규직,경기,,2026-09-14,https://www.catch.co.kr/Comp/CompDetail/494292/Recruit/562361,,2026-09-07 17:58:48
캐치,CJ대한통운,"정비사 채용 (당진, 계약직)","자동차/조선/기계, 전기/소방/통신/안전, 화물/중장비",경력,계약직,충남,,2026-09-19,https://www.catch.co.kr/Comp/CompDetail/710083/Recruit/562357,,2026-09-07 17:58:48
캐치,CJ제일제당,UI/UX 디자인 전문가 채용,HTML/퍼블리싱/UI개발,경력 8~15년,정규직,서울,,2026-09-20,https://www.catch.co.kr/Comp/CompDetail/494292/Recruit/562354,,2026-09-07 17:58:48
캐치,에스케이시그넷,전기차 충전기 회로 설계 담당 (5~10년차) 채용,전기/전자/제어,경력 5~10년,정규직,경기,,2026-09-21,https://www.catch.co.kr/Comp/CompDetail/IL7179/Recruit/562321,,2026-09-07 17:58:48
캐치,서브원,배송 정산 CS지원 (1Y),기획/전략/경영,경력무관,계약직,경기,,2026-09-30,https://www.catch.co.kr/Comp/CompDetail/JJ3631/Recruit/562318,,2026-09-07 17:58:48
캐치,보령,[보령 CHQ] Accounting & Tax Team Leader 채용,"경리/회계/결산, 재무/세무/IR",경력 8~15년,정규직,서울,,2026-09-20,https://www.catch.co.kr/Comp/CompDetail/350613/Recruit/562306,,2026-09-07 17:58:48
캐치,보령,[2026년 경력채용] 글로벌 RA 채용,"사무/총무/법무, 설문/통계/리서치",경력 5~10년,정규직,서울,,2026-09-20,https://www.catch.co.kr/Comp/CompDetail/350613/Recruit/562301,,2026-09-07 17:58:48
캐치,보령,[2026년 경력채용] PV (Pharmacovigilance) / 약물감시 채용,"바이오/제약/식품, 약사/한약사/약무보조",경력 2~4년,정규직,서울,,2026-09-20,https://www.catch.co.kr/Comp/CompDetail/350613/Recruit/562297,,2026-09-07 17:58:48
캐치,이트너스,개인정보보호 관리자 채용 (경력 5년이상),네트워크/서버/보안,경력 5년↑,기타,경기,,2026-09-20,https://www.catch.co.kr/Comp/CompDetail/368958/Recruit/562279,,2026-09-07 17:58:48
캐치,신보,[인재풀] 전기공사 PM,"시공/현장/감리/공무, 전기/소방/통신/안전",경력,정규직,서울,,2027-07-22,https://www.catch.co.kr/Comp/CompDetail/224735/Recruit/562271,,2026-09-07 17:58:48
캐치,신보,[인재풀] 전기공사 현장소장,"시공/현장/감리/공무, 전기/소방/통신/안전",경력,정규직,서울,,2027-07-22,https://www.catch.co.kr/Comp/CompDetail/224735/Recruit/562270,,2026-09-07 17:58:48
캐치,신보,[인재풀] 전기공사 공무,"시공/현장/감리/공무, 전기/소방/통신/안전",경력,정규직,서울,,2027-07-22,https://www.catch.co.kr/Comp/CompDetail/224735/Recruit/562269,,2026-09-07 17:58:48
캐치,신보,"[인재풀] 토목(지중송배전, 전력구) 현장소장",토목/조경/도시/측량,경력,정규직,서울,,2027-07-22,https://www.catch.co.kr/Comp/CompDetail/224735/Recruit/562268,,2026-09-07 17:58:48
캐치,신보,"[인재풀] 토목(지중송배전, 전력구) PM",토목/조경/도시/측량,경력,정규직,서울,,2027-07-22,https://www.catch.co.kr/Comp/CompDetail/224735/Recruit/562267,,2026-09-07 17:58:50
캐치,신보,"[인재풀] 토목(지중송배전, 전력구) 공무",토목/조경/도시/측량,경력,정규직,서울,,2027-07-22,https://www.catch.co.kr/Comp/CompDetail/224735/Recruit/562266,,2026-09-07 17:58:50
캐치,토스씨엑스,[토스씨엑스] Operations Supporter (광고 검수) ASAP 채용,마케팅/PR/분석,경력무관,계약직,서울,,2026-09-29,https://www.catch.co.kr/Comp/CompDetail/PO0313/Recruit/562241,,2026-09-07 17:58:50
캐치,인텍,[공군사관학교] 생도식당 정규 조리원 급구,요리/영양/제과제빵/바리스타,경력무관,기타,충북,,2026-09-25,https://www.catch.co.kr/Comp/CompDetail/F05571/Recruit/562233,,2026-09-07 17:58:50
캐치,골프존,가맹점 관리 담당 채용 (광주/전남),"마케팅/PR/분석, 일반영업, 판매/캐셔/매장관리",경력 3년↑,정규직,전남광주,,2026-09-29,https://www.catch.co.kr/Comp/CompDetail/CR5134/Recruit/562228,,2026-09-07 17:58:50
캐치,리엔젠,(주)리엔젠 국내영업 신입/경력 채용,B2B영업/기술영업,경력 2~15년,정규직,경기,,2026-09-20,https://www.catch.co.kr/Comp/CompDetail/HL5407/Recruit/562202,,2026-09-07 17:58:50
캐치,티맥스소프트,IT 기술컨설팅 및 프리세일즈 아키텍트 채용,"기획/전략/경영, 웹기획/PM/웹마케팅, ERP/시스템개발/설계",경력 10년↑,정규직,경기,,2026-09-20,https://www.catch.co.kr/Comp/CompDetail/126628/Recruit/562198,,2026-09-07 17:58:50
캐치,티맥스소프트,경영전략본부 재경팀 재무파트 경력직 채용,"경리/회계/결산, 사무/총무/법무, 재무/세무/IR",경력 2~5년,정규직,경기,,2026-09-20,https://www.catch.co.kr/Comp/CompDetail/126628/Recruit/562197,,2026-09-07 17:58:50
캐치,설로인,재무·자금 담당자 ,재무/세무/IR,경력 3~7년,정규직,경기,,2026-09-30,https://www.catch.co.kr/Comp/CompDetail/IT8339/Recruit/562196,,2026-09-07 17:58:50
캐치,티맥스소프트,메인프레임 현대화 글로벌 기술지원 인재 채용 (일본어 또는 영어 가능자),"응용프로그램개발, ERP/시스템개발/설계, QA/테스트/검증",경력무관,정규직,경기,,2026-09-20,https://www.catch.co.kr/Comp/CompDetail/126628/Recruit/562195,,2026-09-07 17:58:50
캐치,로보스타,"[로보스타] AGV/AMR, 2차전지 장비 Setup 계약직 상시 채용","생산/제조/설비/조립, AS/서비스/수리",경력무관,계약직,경기,,2026-09-19,https://www.catch.co.kr/Comp/CompDetail/186153/Recruit/562189,,2026-09-07 17:58:50
캐치,넥센타이어,"경력(유틸리티 설비관리, 생산설비 관리, 물류자동화 설비보전) 수시채용","기계설계/CAD/CAM, 네트워크/서버/보안, 생산관리/공정관리/품질관리, 전기/소방/통신/안전, 전기/전자/제어",경력 4년↑,정규직,경남,,2026-09-08,https://www.catch.co.kr/Comp/CompDetail/351253/Recruit/562182,,2026-09-07 17:58:50
캐치,모두닥,[채용전환형/월 500만원] 모두닥 Problem Solver (Marketing Focused) 인턴,마케팅/PR/분석,신입,인턴,서울,,2026-09-13,https://www.catch.co.kr/Comp/CompDetail/A8073/Recruit/562181,,2026-09-07 17:58:50
캐치,모두닥,[채용전환형/월500만원] 모두닥 Problem Solver (Sales Focused) 인턴,"기획/전략/경영, 영업관리/지원/영업기획",신입,인턴,서울,,2026-09-13,https://www.catch.co.kr/Comp/CompDetail/A8073/Recruit/562180,,2026-09-07 17:58:50
캐치,모두닥,[채용전환형/월 500만원] 모두닥 Problem Solver (Engineering Focused) 인턴,"웹개발, 응용프로그램개발",신입,인턴,서울,,2026-09-13,https://www.catch.co.kr/Comp/CompDetail/A8073/Recruit/562179,,2026-09-07 17:58:50
캐치,모두닥,[채용전환형/월 500만원] Problem Solver (Recruiting Focused) 인턴,인사/노무/교육,신입,인턴,서울,,2026-09-13,https://www.catch.co.kr/Comp/CompDetail/A8073/Recruit/562177,,2026-09-07 17:58:50
캐치,에듀윌,AI사업팀 팀원급 경력직 채용,"교육기획/교재, 기획/전략/경영, 마케팅/PR/분석, 설문/통계/리서치, 웹기획/PM/웹마케팅, 콘텐츠/사이트운영",경력,정규직,서울,,2026-09-19,https://www.catch.co.kr/Comp/CompDetail/234998/Recruit/562164,,2026-09-07 17:58:50
캐치,에듀윌,UX기획팀 서비스 기획자 팀원급 (경력직) 채용,"기획/전략/경영, 웹기획/PM/웹마케팅",경력 5년↑,정규직,서울,,2026-09-19,https://www.catch.co.kr/Comp/CompDetail/234998/Recruit/562163,,2026-09-07 17:58:50
캐치,아주홀딩스,장비구매담당 경력사원 채용,"구매/자재/재고, 기획/전략/경영, 재무/세무/IR",경력 5~15년,정규직,서울,,2026-09-19,https://www.catch.co.kr/Comp/CompDetail/351881/Recruit/562162,,2026-09-07 17:58:50
캐치,아주홀딩스,원료구매담당 경력사원 채용,"구매/자재/재고, 설문/통계/리서치",경력 7~15년,정규직,서울,,2026-09-19,https://www.catch.co.kr/Comp/CompDetail/351881/Recruit/562161,,2026-09-07 17:58:50
캐치,아주홀딩스,기획조정실무담당 경력사원 채용,"기획/전략/경영, 설문/통계/리서치",경력 5년↑,정규직,서울,,2026-09-19,https://www.catch.co.kr/Comp/CompDetail/351881/Recruit/562159,,2026-09-07 17:58:50
캐치,오토리브,Global Solution Lead OneStream - Forecasting and xP&A 채용,"기획/전략/경영, 재무/세무/IR",경력,기타,경기/전국,,2026-09-19,https://www.catch.co.kr/Comp/CompDetail/161628/Recruit/562152,,2026-09-07 17:58:50
캐치,모두싸인,[모두싸인/전환형 인턴] CX Manager,"고객관리/인바운드, 영업관리/지원/영업기획, B2B영업/기술영업",경력무관,인턴,서울,,2026-09-19,https://www.catch.co.kr/Comp/CompDetail/A0496/Recruit/562134,,2026-09-07 17:58:50
캐치,모두싸인,[모두싸인/전환형 인턴] B2B 영업 담당자 (아웃바운드 영업),"고객관리/인바운드/아웃바운드, B2B영업/기술영업",경력무관,인턴,서울,,2026-09-19,https://www.catch.co.kr/Comp/CompDetail/A0496/Recruit/562132,,2026-09-07 17:58:50
캐치,토리든,[토리든] 올리브영MD & 플래그십 스토어 관리자,"상품기획/MD, 판매/캐셔/매장관리",경력 3년↑,정규직,서울,,2026-09-12,https://www.catch.co.kr/Comp/CompDetail/HK2545/Recruit/562125,,2026-09-07 17:58:50
캐치,코텍,FW개발(경력) 담당자 채용,"응용프로그램개발, ERP/시스템개발/설계, QA/테스트/검증",경력 5년↑,기타,인천,,2026-12-31,https://www.catch.co.kr/Comp/CompDetail/029238/Recruit/562108,,2026-09-07 17:58:50
캐치,비바리퍼블리카,General Affairs Specialist,사무/총무/법무,경력 3년↓,계약직,서울,,2026-09-19,https://www.catch.co.kr/Comp/CompDetail/J13695/Recruit/562107,,2026-09-07 17:58:50
캐치,아이지에이웍스,[전사마케팅팀] B2B 마케터 채용,"기획/전략/경영, 마케팅/PR/분석, 웹기획/PM/웹마케팅, 전시/컨벤션, 콘텐츠/사이트운영, B2B영업/기술영업",경력 2년↑,정규직,서울,,2026-09-19,https://www.catch.co.kr/Comp/CompDetail/C44893/Recruit/562089,,2026-09-07 17:58:50
캐치,동원홈푸드,급식 식자재(실버파트) 영업 담당자 채용,"고객관리/인바운드, 요리/영양/제과제빵/바리스타, 일반영업",경력 5년↑,정규직,서울,,2026-09-19,https://www.catch.co.kr/Comp/CompDetail/801984/Recruit/562084,,2026-09-07 17:58:50
캐치,에이에스엠케이,"Engineering Technician II, Field Service 채용","반도체/디스플레이, 자동차/조선/기계, 전기/전자/제어, AS/서비스/수리, QA/테스트/검증",경력 2년↑,기타,경기,,2026-09-19,https://www.catch.co.kr/Comp/CompDetail/066072/Recruit/562071,,2026-09-07 17:58:50
캐치,데이원컴퍼니,[데이원컴퍼니][전환형 인턴] HR 담당자,인사/노무/교육,경력무관,인턴,서울,,2026-09-20,https://www.catch.co.kr/Comp/CompDetail/IP5001/Recruit/562066,,2026-09-07 17:58:51
캐치,동원건설산업,안전관리자 경력직 채용,전기/소방/통신/안전,경력,계약직,경기/전국,,2026-09-18,https://www.catch.co.kr/Comp/CompDetail/I83063/Recruit/562050,,2026-09-07 17:58:51
캐치,패스트파이브,Business Development Representative,"고객관리/인바운드, 영업관리/지원/영업기획, 일반영업, B2B영업/기술영업",경력무관,계약직,서울,,2026-09-19,https://www.catch.co.kr/Comp/CompDetail/CD6655/Recruit/562041,,2026-09-07 17:58:51
캐치,오로라월드,3D 기술팀 3D 기술팀장 채용,"그래픽디자인/CG, 캐릭터/만화/애니",경력 8년↑,정규직,서울,,2026-09-29,https://www.catch.co.kr/Comp/CompDetail/453838/Recruit/562006,,2026-09-07 17:58:51
캐치,포스코A&C,'26년 하반기 하이테크CM 품질검사원(Inspector) 경력사원(계약직) 채용,"바이오/제약/식품, 반도체/디스플레이, 생산/제조/설비/조립, 생산관리/공정관리/품질관리, 전기/전자/제어",경력 1년↑,계약직,경기/충남/충북/경남,,2026-12-31,https://www.catch.co.kr/Comp/CompDetail/039012/Recruit/561999,,2026-09-07 17:58:51
캐치,미미박스,글로벌 B2B 해외영업 매니저 (경력),"영업관리/지원/영업기획, B2B영업/기술영업",경력 3년↑,정규직,서울,,2026-09-19,https://www.catch.co.kr/Comp/CompDetail/H13569/Recruit/561994,,2026-09-07 17:58:51
캐치,일진전기,전선 시공 담당자 채용,"시공/현장/감리/공무, 전기/소방/통신/안전, 전기/전자/제어",경력,기타,경기,,2026-09-18,https://www.catch.co.kr/Comp/CompDetail/C17778/Recruit/561953,,2026-09-07 17:58:51
캐치,일진전기,전선 해외영업(유럽) 채용,"무역영업/해외영업, 영업관리/지원/영업기획, B2B영업/기술영업",경력 4년↑,기타,서울,,2026-09-18,https://www.catch.co.kr/Comp/CompDetail/C17778/Recruit/561950,,2026-09-07 17:58:51
캐치,파라다이스,[㈜파라다이스 제주카지노지점]2026년 하반기 인사 담당 채용[경력],인사/노무/교육,경력 10년↑,계약직,제주,,2026-12-31,https://www.catch.co.kr/Comp/CompDetail/901342/Recruit/561940,,2026-09-07 17:58:51
캐치,HS효성인포메이션시스템,IT인프라/솔루션 엔지니어 경력 채용,"네트워크/서버/보안, ERP/시스템개발/설계",경력 5년↑,기타,서울,,2026-12-31,https://www.catch.co.kr/Comp/CompDetail/384240/Recruit/561931,,2026-09-07 17:58:51
캐치,파라다이스,[㈜파라다이스부산카지노지점][인사·일본세일즈] 2026년 하반기 신입사원 공개채용 #공채,"고객관리/인바운드, 인사/노무/교육, 일반영업",신입,계약직,부산,,2026-12-31,https://www.catch.co.kr/Comp/CompDetail/901342/Recruit/561911,,2026-09-07 17:58:51
캐치,한섬,해외패션VMD팀 경력채용 (3~6년) ,의류/패션/잡화디자인,경력 3~6년,정규직,서울,,2026-09-30,https://www.catch.co.kr/Comp/CompDetail/088102/Recruit/561899,,2026-09-07 17:58:51
캐치,버킷플레이스,광고 운영 담당자 (계약직),마케팅/PR/분석,경력무관,계약직,서울,,2026-10-31,https://www.catch.co.kr/Comp/CompDetail/A0418/Recruit/561898,,2026-09-07 17:58:51
캐치,코오롱글로벌, 2026년 레저사업부문 마케팅팀장 채용 (상시채용),"마케팅/PR/분석, 상품기획/MD",경력,기타,경기,,채용시 마감,https://www.catch.co.kr/Comp/CompDetail/500461/Recruit/561883,,2026-09-07 17:58:51
캐치,현대엘앤씨,현대L&C 26년 상반기 사무계약직 (경영지원) 상시채용 ,"경리/회계/결산, 사무/총무/법무, 사무보조/문서작성, 재무/세무/IR",신입,계약직,서울,,2026-09-13,https://www.catch.co.kr/Comp/CompDetail/L91537/Recruit/561870,,2026-09-07 17:58:51
캐치,KCC,본사 회계 담당 경력 인재 채용,"경리/회계/결산, 재무/세무/IR",경력 3년↑,정규직,서울,,2026-09-12,https://www.catch.co.kr/Comp/CompDetail/500062/Recruit/561865,,2026-09-07 17:58:51
캐치,CJ대한통운,"천장크레인 운전원 채용 (나주, 계약직)","배송/택배/운전, 시설/보안/경비/안전, 화물/중장비",신입,계약직,전남,,2026-09-18,https://www.catch.co.kr/Comp/CompDetail/710083/Recruit/561847,,2026-09-07 17:58:51
캐치,시큐아이,경력사원 채용_경영지원,"경리/회계/결산, 재무/세무/IR",경력 2년↑,정규직,서울,,2026-09-30,https://www.catch.co.kr/Comp/CompDetail/131940/Recruit/561842,,2026-09-07 17:58:51
캐치,순수본,영업(B2B영업) 경력직 채용,"기획/전략/경영, 마케팅/PR/분석, 콘텐츠/사이트운영, B2B영업/기술영업",경력 3년↑,기타,서울,,2026-09-29,https://www.catch.co.kr/Comp/CompDetail/CB7173/Recruit/561750,,2026-09-07 17:58:51
캐치,순수본,영업(온라인 영업) 경력직 채용,"기획/전략/경영, 마케팅/PR/분석, 일반영업, 콘텐츠/사이트운영",경력 5년↑,기타,서울,,2026-09-29,https://www.catch.co.kr/Comp/CompDetail/CB7173/Recruit/561749,,2026-09-07 17:58:51
캐치,NIT서비스,[네이버계열사][NIT Service] NAVER/CLOUD 보안관제,네트워크/서버/보안,경력무관,정규직,경기,,2026-09-18,https://www.catch.co.kr/Comp/CompDetail/M14288/Recruit/561737,,2026-09-07 17:58:51
캐치,에이피알,[영업] 중국 B2B 영업지원 경력사원 모집,영업관리/지원/영업기획,경력 2~5년,정규직,서울,,2026-09-18,https://www.catch.co.kr/Comp/CompDetail/M23872/Recruit/561732,,2026-09-07 17:58:51
캐치,드림어스컴퍼니,법무 담당자,사무/총무/법무,경력 3년↑,정규직,서울,,2026-09-14,https://www.catch.co.kr/Comp/CompDetail/141084/Recruit/561694,,2026-09-07 17:58:51
캐치,더파운더즈,[ANUA] 중동/아랍 글로벌 인플루언서 마케팅 매니저,마케팅/PR/분석,경력 1~10년,정규직,서울,,2026-09-14,https://www.catch.co.kr/Comp/CompDetail/AFC74/Recruit/561692,,2026-09-07 17:58:51
캐치,교보라이프플래닛생명보험,[Data Analytics팀] 데이터 애널리스트 (시니어) 채용 (채용 시 마감),"마케팅/PR/분석, 빅데이터/AI, DBA/데이터베이스",경력 7년↑,기타,서울,,채용시 마감,https://www.catch.co.kr/Comp/CompDetail/J97175/Recruit/561683,,2026-09-07 17:58:51
캐치,한컴,[26년 3분기] 사업지원 (전환형 인턴) 채용,"빅데이터/AI, 사무보조/문서작성, 설문/통계/리서치, 영업관리/지원/영업기획",신입,인턴,경기,,2026-09-14,https://www.catch.co.kr/Comp/CompDetail/119628/Recruit/561671,,2026-09-07 17:58:51
캐치,한컴,[26년 3분기] 사업지원 (경력) 채용,"기획/전략/경영, 사무보조/문서작성, 설문/통계/리서치, 영업관리/지원/영업기획, 콘텐츠/사이트운영",경력 5년↑,정규직,경기,,2026-09-14,https://www.catch.co.kr/Comp/CompDetail/119628/Recruit/561670,,2026-09-07 17:58:51
캐치,뷰티셀렉션,[바이오던스] 일본 이커머스 인턴,상품기획/MD,경력무관,인턴,서울,,2026-09-14,https://www.catch.co.kr/Comp/CompDetail/JZ2711/Recruit/561650,,2026-09-07 17:58:51
캐치,두산,ERP Architect 경력사원 채용,"경리/회계/결산, 웹기획/PM/웹마케팅, 응용프로그램개발, ERP/시스템개발/설계",경력 10년↑,기타,서울,,2026-12-31,https://www.catch.co.kr/Comp/CompDetail/310425/Recruit/561630,,2026-09-07 17:58:51
캐치,두산,Smart Factory 경력사원 채용,"경리/회계/결산, 기획/전략/경영, 배송/택배/운전, 생산관리/공정관리/품질관리",경력 10년↑,기타,서울,,2026-12-31,https://www.catch.co.kr/Comp/CompDetail/310425/Recruit/561628,,2026-09-07 17:58:51
캐치,동원홈푸드,브랜드전략실 비비드키친 마케팅 커뮤니케이션 담당 채용,"마케팅/PR/분석, 웹기획/PM/웹마케팅, 콘텐츠/사이트운영",경력 5년↑,정규직,서울,,2026-09-14,https://www.catch.co.kr/Comp/CompDetail/801984/Recruit/561626,,2026-09-07 17:58:52
캐치,페이머스스튜디오,[입사축하금 지급] KREAM 검수센터 입고 검수 크루 채용,"배송/택배/운전, 생산/제조/설비/조립, 생산관리/공정관리/품질관리, 섬유/의류/패션",경력무관,계약직,서울,,2026-09-14,https://www.catch.co.kr/Comp/CompDetail/JW8110/Recruit/561543,,2026-09-07 17:58:52
캐치,페이머스스튜디오,[입사축하금 지급] KREAM 검수센터 상품 검수 크루 채용,"배송/택배/운전, 생산/제조/설비/조립, 생산관리/공정관리/품질관리, 섬유/의류/패션",경력무관,계약직,서울,,2026-09-14,https://www.catch.co.kr/Comp/CompDetail/JW8110/Recruit/561540,,2026-09-07 17:58:52
캐치,페이머스스튜디오,[입사축하금 지급] KREAM 검수센터 출고 검수 크루 채용,"배송/택배/운전, 생산/제조/설비/조립, 생산관리/공정관리/품질관리, 포장/가공",경력무관,계약직,서울,,2026-09-14,https://www.catch.co.kr/Comp/CompDetail/JW8110/Recruit/561538,,2026-09-07 17:58:52
캐치,페이머스스튜디오,KREAM 검수센터 사내변호사,법률/특허/상표,경력 2년↑,정규직,서울,,2026-09-14,https://www.catch.co.kr/Comp/CompDetail/JW8110/Recruit/561537,,2026-09-07 17:58:52
캐치,한화비전,특허 담당자 채용,"사무/총무/법무, 사무보조/문서작성",경력 2~7년,계약직,경기,,2026-09-14,https://www.catch.co.kr/Comp/CompDetail/RF7649/Recruit/561528,,2026-09-07 17:58:52
캐치,한화비전,AI Tech Lead 채용,빅데이터/AI,경력 10년↑,정규직,경기,,2026-09-14,https://www.catch.co.kr/Comp/CompDetail/RF7649/Recruit/561496,,2026-09-07 17:58:52
캐치,한화비전,AI Agent Architecture Lead 채용,"빅데이터/AI, 응용프로그램개발, ERP/시스템개발/설계",경력 10년↑,정규직,경기,,2026-09-14,https://www.catch.co.kr/Comp/CompDetail/RF7649/Recruit/561495,,2026-09-07 17:58:52
캐치,사과꽃발도르프학교,대안학교 1학년 담임선생님을 모십니다.,초중고/특수학교,경력무관,정규직,충남,,2026-09-14,https://www.catch.co.kr/Comp/CompDetail/ACE9D/Recruit/561494,,2026-09-07 17:58:52
캐치,한화비전,제조혁신 SW개발자 채용,"웹개발, 응용프로그램개발, ERP/시스템개발/설계",경력 4~7년,정규직,경기,,2026-09-14,https://www.catch.co.kr/Comp/CompDetail/RF7649/Recruit/561489,,2026-09-07 17:58:52
캐치,한화비전,Senior Data Pipeline and DB Engineer 채용,"네트워크/서버/보안, 빅데이터/AI, DBA/데이터베이스, ERP/시스템개발/설계",경력 5년↑,정규직,경기,,2026-09-14,https://www.catch.co.kr/Comp/CompDetail/RF7649/Recruit/561484,,2026-09-07 17:58:52
캐치,한화비전,Senior Backend Engineer 채용,"네트워크/서버/보안, 웹개발, ERP/시스템개발/설계",경력 6년↑,정규직,경기,,2026-09-14,https://www.catch.co.kr/Comp/CompDetail/RF7649/Recruit/561483,,2026-09-07 17:58:52
캐치,신세계I&C,테크니컬아키텍쳐(TA) 인재채용(채용 시 마감),"네트워크/서버/보안, ERP/시스템개발/설계, QA/테스트/검증",경력 5년↑,정규직,서울,,2026-09-15,https://www.catch.co.kr/Comp/CompDetail/538787/Recruit/561452,,2026-09-07 17:58:52
캐치,신세계I&C,시스템인프라 분야 인재채용 (채용 시 마감),"네트워크/서버/보안, 통신기술/네트워크구축, ERP/시스템개발/설계",경력 3년↑,정규직,경기,,2026-09-15,https://www.catch.co.kr/Comp/CompDetail/538787/Recruit/561449,,2026-09-07 17:58:52
캐치,신세계I&C,DBA 인재채용 (채용 시 마감),"빅데이터/AI, DBA/데이터베이스",경력 5년↑,정규직,서울,,2026-09-15,https://www.catch.co.kr/Comp/CompDetail/538787/Recruit/561446,,2026-09-07 17:58:52
캐치,신세계I&C,데이터분석(데이터사이언스) 인재채용 (채용 시 마감),"빅데이터/AI, DBA/데이터베이스",경력 3년↑,정규직,서울,,2026-09-15,https://www.catch.co.kr/Comp/CompDetail/538787/Recruit/561441,,2026-09-07 17:58:52
캐치,지엠테스트,반도체 테스트 생산팀 Operator,"생산/제조/설비/조립, 생산관리/공정관리/품질관리",경력무관,계약직,충남,,2026-09-13,https://www.catch.co.kr/Comp/CompDetail/536662/Recruit/561418,,2026-09-07 17:58:52
캐치,미소,"[6개월, 정규직 전환형] 사업 운영 인턴","고객관리/인바운드, 기획/전략/경영, 마케팅/PR/분석, 사무보조/문서작성, 영업관리/지원/영업기획, 일반영업",경력,인턴,서울,,2026-10-12,https://www.catch.co.kr/Comp/CompDetail/HL2299/Recruit/561412,,2026-09-07 17:58:52
캐치,지엠테스트,반도체 테스트 품질 신입/경력 모집,생산관리/공정관리/품질관리,경력무관,계약직,충남,,2026-09-13,https://www.catch.co.kr/Comp/CompDetail/536662/Recruit/561411,,2026-09-07 17:58:52
캐치,한화에어로스페이스,HR실 채용 (Global HR / 글로벌 채용 담당자),"인사/노무/교육, 헤드헌팅/노무/직업상담",경력,정규직,서울,,2026-12-31,https://www.catch.co.kr/Comp/CompDetail/380784/Recruit/561408,,2026-09-07 17:58:52
캐치,비바리퍼블리카,[토스인슈어런스] General Affairs Specialist,사무/총무/법무,경력무관,계약직,서울,,2026-09-13,https://www.catch.co.kr/Comp/CompDetail/J13695/Recruit/561404,,2026-09-07 17:58:52
캐치,패스트파이브,오피스 세일즈 담당자,"고객관리/인바운드, 영업관리/지원/영업기획, 일반영업, B2B영업/기술영업",경력 3년↑,정규직,서울,,2026-09-13,https://www.catch.co.kr/Comp/CompDetail/CD6655/Recruit/561403,,2026-09-07 17:58:52
캐치,지엠테스트,반도체 테스트 장비 유지보수 Maintenance 채용,"반도체/디스플레이, 자동차/조선/기계",경력무관,계약직,충남,,2026-09-13,https://www.catch.co.kr/Comp/CompDetail/536662/Recruit/561402,,2026-09-07 17:58:52
캐치,CJ올리브네트웍스,[경력] PG 서비스기획 채용,기획/전략/경영,경력,정규직,서울,,2026-09-30,https://www.catch.co.kr/Comp/CompDetail/046305/Recruit/561400,,2026-09-07 17:58:52
캐치,에이아이에이생명보험,Local Financial Reporting Professional 채용,"경리/회계/결산, 사무보조/문서작성, 재무/세무/IR",경력 2년↑,정규직,서울,,2026-09-13,https://www.catch.co.kr/Comp/CompDetail/IR1107/Recruit/561396,,2026-09-07 17:58:52
캐치,CJ올리브네트웍스,[경력] CJ 유통 계열사 글로벌 SAP FI 운영/개발 채용,ERP/시스템개발/설계,경력 8년↑,정규직,서울,,2026-09-30,https://www.catch.co.kr/Comp/CompDetail/046305/Recruit/561390,,2026-09-07 17:58:52
캐치,티맵모빌리티,Automotive Cybersecurity Manager 채용,네트워크/서버/보안,경력 3년↑,정규직,서울,,2026-12-31,https://www.catch.co.kr/Comp/CompDetail/MB8295/Recruit/561348,,2026-09-07 17:58:52
캐치,드림어스컴퍼니,콘텐츠 플랫폼 백엔드 개발(인턴),"네트워크/서버/보안, ERP/시스템개발/설계",경력무관,인턴,서울,,2026-09-12,https://www.catch.co.kr/Comp/CompDetail/141084/Recruit/561328,,2026-09-07 17:58:52
캐치,삼정회계법인,[삼정KPMG] [컨설팅] Lighthouse Center - DevOps Engineer 경력직 채용,"네트워크/서버/보안, ERP/시스템개발/설계",경력 3년↑,정규직,서울,,2026-09-30,https://www.catch.co.kr/Comp/CompDetail/156416/Recruit/561305,,2026-09-07 17:58:52
캐치,삼정회계법인,[삼정KPMG] [컨설팅] Lighthouse Center - AI 서비스 개발자 경력직 채용,"빅데이터/AI, 응용프로그램개발, DBA/데이터베이스",경력 4년↑,정규직,서울,,2026-09-30,https://www.catch.co.kr/Comp/CompDetail/156416/Recruit/561304,,2026-09-07 17:58:52
캐치,삼정회계법인,[삼정KPMG] [컨설팅] TC본부 물류프로세스·시스템 컨설팅 경력직 채용,"네트워크/서버/보안, 배송/택배/운전, 웹기획/PM/웹마케팅, ERP/시스템개발/설계",경력 3년↑,정규직,서울,,2026-09-30,https://www.catch.co.kr/Comp/CompDetail/156416/Recruit/561302,,2026-09-07 17:58:53
캐치,삼정회계법인,[삼정KPMG] [컨설팅] TC본부 PI·ERP 컨설팅 경력직 채용,"경리/회계/결산, 경영분석/컨설턴트, 기획/전략/경영",경력 5년↑,정규직,서울,,2026-09-30,https://www.catch.co.kr/Comp/CompDetail/156416/Recruit/561299,,2026-09-07 17:58:53
캐치,컬리,포장기획 담당자 (송파),포장/가공,경력 3년↑,정규직,서울,,2026-09-13,https://www.catch.co.kr/Comp/CompDetail/CC1408/Recruit/561277,,2026-09-07 17:58:53
캐치,삼정회계법인,[삼정KPMG] [컨설팅] Digital본부 사이버 보안 경력직 컨설턴트 채용,네트워크/서버/보안,경력 2년↑,정규직,서울,,2026-09-30,https://www.catch.co.kr/Comp/CompDetail/156416/Recruit/561268,,2026-09-07 17:58:53
캐치,콜마비앤에이치,세종3공장 건강기능식품 생산직 신입/경력 채용 (채용시 마감),"생산/제조/설비/조립, 생산관리/공정관리/품질관리",경력무관,기타,세종,,2026-12-31,https://www.catch.co.kr/Comp/CompDetail/L73318/Recruit/561258,,2026-09-07 17:58:53
캐치,콜마비앤에이치,세종3공장 건강기능식품·화장품 해외영업 경력 채용 (채용시 마감),"고객관리/인바운드, 무역사무/수출입, 무역영업/해외영업, 사무/총무/법무",경력 1~6년,기타,세종,,2026-12-31,https://www.catch.co.kr/Comp/CompDetail/L73318/Recruit/561256,,2026-09-07 17:58:53
캐치,더케이제주호텔,2026년 쉐라톤 제주 호텔 예약실 채용(경력),기획/전략/경영,경력,계약직,제주,,2026-09-13,https://www.catch.co.kr/Comp/CompDetail/213842/Recruit/561249,,2026-09-07 17:58:53
캐치,마카롱팩토리,차량 관리 앱 1위 '마이클' 파트너 영업지원 (채용전환형 인턴),"고객관리/인바운드, 고객관리/인바운드/아웃바운드, 영업관리/지원/영업기획",신입,인턴,경기,,2026-09-12,https://www.catch.co.kr/Comp/CompDetail/HD7144/Recruit/561213,,2026-09-07 17:58:53
캐치,에이케이아이에스,[애경그룹] AK아이에스 SAP SD 모듈 운영 경력 채용,"네트워크/서버/보안, ERP/시스템개발/설계",경력 8년↑,정규직,서울,,2026-09-12,https://www.catch.co.kr/Comp/CompDetail/OS0756/Recruit/561154,,2026-09-07 17:58:53
캐치,에이케이아이에스,[애경그룹] AK아이에스 정보보안 운영 경력 채용,네트워크/서버/보안,경력 6년↑,정규직,서울,,2026-09-12,https://www.catch.co.kr/Comp/CompDetail/OS0756/Recruit/561152,,2026-09-07 17:58:53
캐치,에이케이아이에스,[애경그룹] AK아이에스 서버 운영 경력 채용,"네트워크/서버/보안, ERP/시스템개발/설계",경력 6년↑,정규직,서울,,2026-09-12,https://www.catch.co.kr/Comp/CompDetail/OS0756/Recruit/561151,,2026-09-07 17:58:53
캐치,에이케이아이에스,[애경그룹] AK아이에스 항공시스템 경력 채용,"네트워크/서버/보안, 웹개발, ERP/시스템개발/설계",경력 6~12년,정규직,서울,,2026-09-12,https://www.catch.co.kr/Comp/CompDetail/OS0756/Recruit/561144,,2026-09-07 17:58:53
캐치,에이피알,[경영지원] 개인정보보호 담당 경력사원 모집,네트워크/서버/보안,경력 3~7년,정규직,서울,,2026-09-12,https://www.catch.co.kr/Comp/CompDetail/M23872/Recruit/561143,,2026-09-07 17:58:53
캐치,에이케이아이에스,[애경그룹] AK아이에스 SAP ERP 모듈(항공ㆍ제조) 경력 채용,"네트워크/서버/보안, ERP/시스템개발/설계",경력 6년↑,정규직,서울/경기,,2026-09-12,https://www.catch.co.kr/Comp/CompDetail/OS0756/Recruit/561141,,2026-09-07 17:58:53
캐치,에이케이아이에스,[애경그룹] AK아이에스 제조ㆍ유통ㆍ물류 PM/PL 경력 채용,"기획/전략/경영, 사무보조/문서작성, 설문/통계/리서치, 웹개발, 웹기획/PM/웹마케팅, 응용프로그램개발, ERP/시스템개발/설계",경력 5년↑,정규직,서울,,2026-09-12,https://www.catch.co.kr/Comp/CompDetail/OS0756/Recruit/561132,,2026-09-07 17:58:53
캐치,에이케이아이에스,[애경그룹] AK아이에스 IT영업 경력 채용,"기획/전략/경영, 영업관리/지원/영업기획, B2B영업/기술영업",경력 8년↑,정규직/계약직,서울,,2026-09-12,https://www.catch.co.kr/Comp/CompDetail/OS0756/Recruit/561128,,2026-09-07 17:58:53
캐치,피알앤디컴퍼니,zero 보상 검토 매니저 채용,"기획/전략/경영, 설문/통계/리서치",경력 1년↑,정규직,서울,,2026-09-12,https://www.catch.co.kr/Comp/CompDetail/A0603/Recruit/561115,,2026-09-07 17:58:53
캐치,피알앤디컴퍼니,zero 평가사 운영 매니저 채용,"빅데이터/AI, 설문/통계/리서치, 인사/노무/교육",경력 1년↑,정규직,서울/경기/강원,,2026-09-12,https://www.catch.co.kr/Comp/CompDetail/A0603/Recruit/561111,,2026-09-07 17:58:53
캐치,피알앤디컴퍼니,CX 채팅상담 매니저 (내차팔기) 채용,"고객관리/인바운드, 사무보조/문서작성, 콘텐츠/사이트운영",경력 1년↑,정규직,서울,,2026-09-12,https://www.catch.co.kr/Comp/CompDetail/A0603/Recruit/561107,,2026-09-07 17:58:53
캐치,피알앤디컴퍼니,CX Operator 채용,고객관리/인바운드,경력 1년↑,정규직,서울,,2026-09-12,https://www.catch.co.kr/Comp/CompDetail/A0603/Recruit/561105,,2026-09-07 17:58:53
캐치,두산에너빌리티,R&D 경력직 채용,"기계설계/CAD/CAM, 자동차/조선/기계, 전기/전자/제어, 화학/에너지/환경",경력 5~15년,기타,경남/경기,,채용시 마감,https://www.catch.co.kr/Comp/CompDetail/382647/Recruit/561093,,2026-09-07 17:58:53
캐치,두산에너빌리티,생산기술 및 관리 직무 경력직 채용 ,"기계설계/CAD/CAM, 생산관리/공정관리/품질관리, 자동차/조선/기계",경력 5~15년,기타,경남,,채용시 마감,https://www.catch.co.kr/Comp/CompDetail/382647/Recruit/561091,,2026-09-07 17:58:53
캐치,두산에너빌리티,설계 직무 경력직 채용,"기계설계/CAD/CAM, 네트워크/서버/보안, 사무/총무/법무, 자동차/조선/기계, 전기/전자/제어, 환경/플랜트, ERP/시스템개발/설계",경력,기타,경남/경기,,채용시 마감,https://www.catch.co.kr/Comp/CompDetail/382647/Recruit/561087,,2026-09-07 17:58:53
캐치,두산에너빌리티,시공 직무 경력직 채용 ,"화학/에너지/환경, 환경/플랜트",경력 5년↑,기타,경남,,채용시 마감,https://www.catch.co.kr/Comp/CompDetail/382647/Recruit/561084,,2026-09-07 17:58:53
캐치,두산에너빌리티,품질관리 직무 경력직 채용,"건축/설계/인테리어, 생산관리/공정관리/품질관리, 시공/현장/감리/공무, 자동차/조선/기계, 전기/전자/제어, 토목/조경/도시/측량, 환경/플랜트",경력,기타,경남/경기,,채용시 마감,https://www.catch.co.kr/Comp/CompDetail/382647/Recruit/561080,,2026-09-07 17:58:53
캐치,두산에너빌리티,사업관리 직무 경력직 채용,"경리/회계/결산, 기획/전략/경영, 자동차/조선/기계, 재무/세무/IR, 화학/에너지/환경",경력 5~20년,기타,경남,,채용시 마감,https://www.catch.co.kr/Comp/CompDetail/382647/Recruit/561077,,2026-09-07 17:58:53
캐치,카카오,Interaction Designer (경력) 채용,HTML/퍼블리싱/UI개발,경력 3년↑,정규직,경기,,2026-09-12,https://www.catch.co.kr/Comp/CompDetail/041800/Recruit/561071,,2026-09-07 17:58:53
캐치,카카오,노사 전략 및 기획 담당자 (경력) 채용,"인사/노무/교육, 헤드헌팅/노무/직업상담",경력 7년↑,정규직,경기,,2026-09-12,https://www.catch.co.kr/Comp/CompDetail/041800/Recruit/561069,,2026-09-07 17:58:53
캐치,카카오뱅크,STR 모니터링 담당자 (계약직) 채용,사무/총무/법무,경력 1년↑,계약직,경기,,2026-09-30,https://www.catch.co.kr/Comp/CompDetail/HM8410/Recruit/561049,,2026-09-07 17:58:53
캐치,토스씨엑스,"[토스씨엑스] POS 결제 단말기, 온라인 결제 PG 상담 정규직 채용",고객관리/인바운드,경력무관,정규직,서울,,2026-09-12,https://www.catch.co.kr/Comp/CompDetail/PO0313/Recruit/561035,,2026-09-07 17:58:53
캐치,문피아,웹툰 PD 채용,"인쇄/출판/편집, 콘텐츠/사이트운영",경력,정규직,서울,,2026-09-13,https://www.catch.co.kr/Comp/CompDetail/I81416/Recruit/561028,,2026-09-07 17:58:55
캐치,아이샵케어,[People팀] HRBP 채용,인사/노무/교육,경력 2년↑,계약직,서울,,2026-09-12,https://www.catch.co.kr/Comp/CompDetail/C76119/Recruit/560994,,2026-09-07 17:58:55
캐치,비바리퍼블리카,[토스플레이스] Brand Marketing Partner,마케팅/PR/분석,신입,계약직,서울,,2026-09-11,https://www.catch.co.kr/Comp/CompDetail/J13695/Recruit/560978,,2026-09-07 17:58:55
캐치,메타코미디,크리에이티브 인턴 (채용 연계형),"마케팅/PR/분석, 작가/시나리오",신입,인턴,서울,,2026-09-11,https://www.catch.co.kr/Comp/CompDetail/OM6298/Recruit/560977,,2026-09-07 17:58:55
캐치,메타코미디,비즈니스 인턴 (채용 연계형),"광고제작/카피/CF, 마케팅/PR/분석",신입,인턴,서울,,2026-09-11,https://www.catch.co.kr/Comp/CompDetail/OM6298/Recruit/560976,,2026-09-07 17:58:55
캐치,솔루스첨단소재,[Volta Energy Solutions Canada] 품질보증팀 대리~과장급 팀원 채용,"고객관리/인바운드, 사무/총무/법무, 생산/제조/설비/조립, 생산관리/공정관리/품질관리",경력 5년↑,정규직,캐나다,,2026-09-11,https://www.catch.co.kr/Comp/CompDetail/JU2570/Recruit/560956,,2026-09-07 17:58:55
캐치,솔루스첨단소재,OLED 경영관리 총괄 부장급 채용,"기획/전략/경영, 사무/총무/법무, 사무보조/문서작성, 재무/세무/IR",경력 18년↑,정규직,경기,,2026-09-11,https://www.catch.co.kr/Comp/CompDetail/JU2570/Recruit/560955,,2026-09-07 17:58:55
캐치,솔루스첨단소재,[Volta Energy Solutions Hungary] 생산기획파트 사원~대리급 팀원 채용,생산관리/공정관리/품질관리,경력 1~15년,정규직,헝가리,,2026-09-11,https://www.catch.co.kr/Comp/CompDetail/JU2570/Recruit/560953,,2026-09-07 17:58:55
캐치,비즈테크아이,SAP SM 모듈 운영 담당자(경력) 채용,"네트워크/서버/보안, 웹기획/PM/웹마케팅, ERP/시스템개발/설계",경력 3년↑,기타,서울,,2026-10-31,https://www.catch.co.kr/Comp/CompDetail/222130/Recruit/560920,,2026-09-07 17:58:55
캐치,LG CNS,MS Active Directory 아키텍트 (경력) 채용,"네트워크/서버/보안, ERP/시스템개발/설계",경력 3년↑,기타,서울,,2026-09-30,https://www.catch.co.kr/Comp/CompDetail/812536/Recruit/560919,,2026-09-07 17:58:55
캐치,미소,"[6개월, 정규직 전환형] 사업 운영 인턴","고객관리/인바운드, 기획/전략/경영, 마케팅/PR/분석, 사무보조/문서작성, 영업관리/지원/영업기획, 일반영업",경력,인턴,서울,,2026-10-12,https://www.catch.co.kr/Comp/CompDetail/HL2299/Recruit/560896,,2026-09-07 17:58:55
캐치,현대자동차,[계약직] 글로벌 임원 비서 채용,"사무/총무/법무, 재무/세무/IR",경력,계약직,서울,,2026-09-07,https://www.catch.co.kr/Comp/CompDetail/380954/Recruit/560893,,2026-09-07 17:58:55
캐치,에스케이시그넷,윤리경영 담당(경력) 채용,사무/총무/법무,경력 3년↑,정규직,경기,,2026-09-09,https://www.catch.co.kr/Comp/CompDetail/IL7179/Recruit/560880,,2026-09-07 17:58:55
캐치,에스케이시그넷,해외법무 담당(경력) 채용,사무/총무/법무,경력 3년↑,정규직,경기,,2026-09-09,https://www.catch.co.kr/Comp/CompDetail/IL7179/Recruit/560878,,2026-09-07 17:58:55
캐치,골든웨일즈,그래픽 디자이너,"그래픽디자인/CG, 제품/산업디자인",경력 2~10년,정규직,서울,,2026-09-08,https://www.catch.co.kr/Comp/CompDetail/OV6270/Recruit/560858,,2026-09-07 17:58:55
캐치,골든웨일즈,Biz Ops Manager,기획/전략/경영,경력 2~10년,정규직,서울,,2026-09-08,https://www.catch.co.kr/Comp/CompDetail/OV6270/Recruit/560857,,2026-09-07 17:58:55
캐치,골든웨일즈,콘텐츠 AI 프로듀서,동영상제작/편집,경력 2~10년,정규직,서울,,2026-09-08,https://www.catch.co.kr/Comp/CompDetail/OV6270/Recruit/560856,,2026-09-07 17:58:55
캐치,골든웨일즈,크리에이터 비즈니스 매니저(AM),"광고제작/카피/CF, 영업관리/지원/영업기획, 일반영업",경력 1~10년,정규직,서울,,2026-09-08,https://www.catch.co.kr/Comp/CompDetail/OV6270/Recruit/560855,,2026-09-07 17:58:55
캐치,골든웨일즈,크리에이터 콘텐츠 편집자,동영상제작/편집,경력 2~10년,정규직,서울,,2026-09-08,https://www.catch.co.kr/Comp/CompDetail/OV6270/Recruit/560852,,2026-09-07 17:58:55
캐치,골든웨일즈,[디피노르] 콘텐츠 마케터,마케팅/PR/분석,경력 2~10년,정규직,서울,,2026-09-08,https://www.catch.co.kr/Comp/CompDetail/OV6270/Recruit/560850,,2026-09-07 17:58:55
캐치,골든웨일즈,[디피노르] 스킨케어 브랜드 MD,상품기획/MD,경력 2~10년,정규직,서울,,2026-09-08,https://www.catch.co.kr/Comp/CompDetail/OV6270/Recruit/560849,,2026-09-07 17:58:55
캐치,지이헬스케어코리아,Commercial Controller 채용,재무/세무/IR,경력 7~10년,기타,서울,,2026-09-11,https://www.catch.co.kr/Comp/CompDetail/385468/Recruit/560837,,2026-09-07 17:58:55
캐치,지이헬스케어코리아,Senior Data Engineer 채용,"빅데이터/AI, DBA/데이터베이스",경력 5년↑,기타,경기,,2026-09-11,https://www.catch.co.kr/Comp/CompDetail/385468/Recruit/560836,,2026-09-07 17:58:55
캐치,지이헬스케어코리아,Software Architect 채용,"응용프로그램개발, ERP/시스템개발/설계",경력 15~20년,기타,경기,,2026-09-11,https://www.catch.co.kr/Comp/CompDetail/385468/Recruit/560833,,2026-09-07 17:58:55
캐치,지이헬스케어코리아,Staff Software Engineer 채용,"응용프로그램개발, ERP/시스템개발/설계",경력 12~15년,기타,경기,,2026-09-11,https://www.catch.co.kr/Comp/CompDetail/385468/Recruit/560831,,2026-09-07 17:58:55
캐치,지이헬스케어코리아,Staff AI/ML Engineer 채용,빅데이터/AI,경력 12~15년,기타,경기,,2026-09-11,https://www.catch.co.kr/Comp/CompDetail/385468/Recruit/560829,,2026-09-07 17:58:55
캐치,지이헬스케어코리아,Software Engineer 채용,"응용프로그램개발, QA/테스트/검증",경력 7년↓,기타,경기,,2026-09-11,https://www.catch.co.kr/Comp/CompDetail/385468/Recruit/560827,,2026-09-07 17:58:55
캐치,지이헬스케어코리아,AI / ML Architect 채용,"빅데이터/AI, DBA/데이터베이스",경력 15~20년,기타,경기,,2026-09-11,https://www.catch.co.kr/Comp/CompDetail/385468/Recruit/560826,,2026-09-07 17:58:55
캐치,LIG D&A,SW(AI/사이버보안) 상시채용,"기계설계/CAD/CAM, 네트워크/서버/보안, 빅데이터/AI, 응용프로그램개발, 전기/전자/제어, DBA/데이터베이스",경력 3년↑,기타,경기,,2026-11-29,https://www.catch.co.kr/Comp/CompDetail/240137/Recruit/560794,,2026-09-07 17:58:55
캐치,인스파이어인티그레이티드리조트,[인스파이어] 신입/경력사원 채용 (F&B / Gaming),"고객관리/인바운드, 구매/자재/재고, 네트워크/서버/보안, 사무/총무/법무, 요리/영양/제과제빵/바리스타, AS/서비스/수리",경력,정규직,인천,,2026-09-08,https://www.catch.co.kr/Comp/CompDetail/HF3448/Recruit/560769,,2026-09-07 17:58:55
캐치,골든웨일즈,[디피노르] 스킨케어 브랜드 BM,마케팅/PR/분석,경력무관,정규직,서울,,2026-09-08,https://www.catch.co.kr/Comp/CompDetail/OV6270/Recruit/560713,,2026-09-07 17:58:56
캐치,골든웨일즈,크리에이터 사업부 백오피스 지원 단기계약직,사무/총무/법무,경력무관,계약직,서울,,2026-09-08,https://www.catch.co.kr/Comp/CompDetail/OV6270/Recruit/560699,,2026-09-07 17:58:56
캐치,토리든,[토리든] 상품기획 담당자,상품기획/MD,경력 5~7년,정규직,서울,,2026-09-08,https://www.catch.co.kr/Comp/CompDetail/HK2545/Recruit/560696,,2026-09-07 17:58:56
캐치,서희건설,QC팀 현장관리(A/S) 경력,건축/설계/인테리어,경력 8년↑,기타,서울,,2026-09-09,https://www.catch.co.kr/Comp/CompDetail/283223/Recruit/560682,,2026-09-07 17:58:56
캐치,패스트파이브,사업 운영 인턴(크레딧 · B2B 플랫폼),"기획/전략/경영, 사무/총무/법무, 사무보조/문서작성",경력무관,계약직,서울,,2026-09-08,https://www.catch.co.kr/Comp/CompDetail/CD6655/Recruit/560649,,2026-09-07 17:58:56
캐치,골프존,B2B 서비스 기획 담당자 채용,"기획/전략/경영, 웹기획/PM/웹마케팅",경력 5년↑,정규직,서울,,2026-09-29,https://www.catch.co.kr/Comp/CompDetail/CR5134/Recruit/560637,,2026-09-07 17:58:56
캐치,골프존,B2C 서비스 기획 담당자 채용,"기획/전략/경영, 웹기획/PM/웹마케팅",경력 5년↑,정규직,서울,,2026-09-29,https://www.catch.co.kr/Comp/CompDetail/CR5134/Recruit/560636,,2026-09-07 17:58:56
캐치,골프존,UX/UI 디자이너 채용,HTML/퍼블리싱/UI개발,경력 3년↑,계약직,서울,,2026-09-29,https://www.catch.co.kr/Comp/CompDetail/CR5134/Recruit/560633,,2026-09-07 17:58:56
캐치,골프존,가맹 인프라 서비스 기획 운영 담당자 채용,"기획/전략/경영, 웹기획/PM/웹마케팅",경력 3년↑,정규직,서울,,2026-09-29,https://www.catch.co.kr/Comp/CompDetail/CR5134/Recruit/560632,,2026-09-07 17:58:56
캐치,골프존,데이터 사이언티스트 채용,"빅데이터/AI, DBA/데이터베이스",경력 2년↑,정규직,서울,,2026-09-29,https://www.catch.co.kr/Comp/CompDetail/CR5134/Recruit/560629,,2026-09-07 17:58:56
캐치,크레이버코퍼레이션,[SKIN1004] 아마존 AMD 인턴,상품기획/MD,경력무관,인턴,서울,,2026-09-08,https://www.catch.co.kr/Comp/CompDetail/L90377/Recruit/560617,,2026-09-07 17:58:56
캐치,크레이버코퍼레이션,[SKIN1004] 스페인어권 인플루언서 마케팅 인턴,마케팅/PR/분석,경력무관,인턴,서울,,2026-09-08,https://www.catch.co.kr/Comp/CompDetail/L90377/Recruit/560609,,2026-09-07 17:58:56
캐치,OCI정보통신,데이터 사이언티스트 채용,"빅데이터/AI, DBA/데이터베이스",경력 7~15년,정규직,서울,,2026-09-08,https://www.catch.co.kr/Comp/CompDetail/720992/Recruit/560579,,2026-09-07 17:58:56
캐치,OCI정보통신,IT센터 운영 및 클라우드 담당자 채용,"네트워크/서버/보안, ERP/시스템개발/설계",경력 7년↑,정규직,서울,,2026-09-08,https://www.catch.co.kr/Comp/CompDetail/720992/Recruit/560574,,2026-09-07 17:58:56
캐치,미림씨스콘,(주)미림씨스콘 2025년 신입 및 경력채용,"무역사무/수출입, B2B영업/기술영업",경력,정규직,경기,,2026-09-08,https://www.catch.co.kr/Comp/CompDetail/024857/Recruit/560573,,2026-09-07 17:58:56
캐치,티맵모빌리티,API/SDK 상품운영 및 기술지원 담당자 채용,"기획/전략/경영, ERP/시스템개발/설계, QA/테스트/검증",경력 7년↑,정규직,서울,,2026-12-31,https://www.catch.co.kr/Comp/CompDetail/MB8295/Recruit/560572,,2026-09-07 17:58:56
캐치,OCI정보통신,"OnMES 솔루션 기획 및 총괄(PM), 사업화 추진 담당자 채용","웹기획/PM/웹마케팅, 전기/전자/제어",경력 7~15년,정규직,서울,,2026-09-08,https://www.catch.co.kr/Comp/CompDetail/720992/Recruit/560567,,2026-09-07 17:58:56
캐치,버킷플레이스,통번역가 (일본어) (계약직),외국어/번역/통역,경력 1년↑,계약직,서울,,2026-10-31,https://www.catch.co.kr/Comp/CompDetail/A0418/Recruit/560564,,2026-09-07 17:58:56
캐치,카카오,서비스/플랫폼 QA 담당자 (경력) 채용,QA/테스트/검증,경력 2~10년,정규직,경기,,2026-09-08,https://www.catch.co.kr/Comp/CompDetail/041800/Recruit/560546,,2026-09-07 17:58:56
캐치,카카오,Data Scientist (경력) 채용,"빅데이터/AI, DBA/데이터베이스",경력 3년↑,정규직,경기,,2026-09-08,https://www.catch.co.kr/Comp/CompDetail/041800/Recruit/560545,,2026-09-07 17:58:56
캐치,카카오,AI 추론/학습 효율화 엔지니어 (경력) 채용,"빅데이터/AI, DBA/데이터베이스",경력 2년↑,정규직,경기,,2026-09-08,https://www.catch.co.kr/Comp/CompDetail/041800/Recruit/560544,,2026-09-07 17:58:56
캐치,카카오,Data Analytics Engineer (경력) 채용,"빅데이터/AI, DBA/데이터베이스",경력 3년↑,정규직,경기,,2026-09-08,https://www.catch.co.kr/Comp/CompDetail/041800/Recruit/560543,,2026-09-07 17:58:56
캐치,CJ올리브네트웍스,[경력] 팩토리사업 영업대표 채용,"기획/전략/경영, 생산관리/공정관리/품질관리, 영업관리/지원/영업기획, B2B영업/기술영업",경력,정규직,서울,,2026-09-30,https://www.catch.co.kr/Comp/CompDetail/046305/Recruit/560473,,2026-09-07 17:58:56
캐치,에스코어,"PI, IT, DT 컨설턴트 채용","경영분석/컨설턴트, 네트워크/서버/보안, 웹기획/PM/웹마케팅",경력,기타,서울/경기,,2026-09-29,https://www.catch.co.kr/Comp/CompDetail/C39492/Recruit/560456,,2026-09-07 17:58:56
캐치,에스코어,PI 컨설턴트 채용,"경영분석/컨설턴트, 재무/세무/IR",경력 5년↑,기타,경기/서울,,2026-09-29,https://www.catch.co.kr/Comp/CompDetail/C39492/Recruit/560454,,2026-09-07 17:58:56
캐치,에스코어,AX 컨설턴트 채용,"경영분석/컨설턴트, 빅데이터/AI, 재무/세무/IR",경력,기타,서울,,2026-09-29,https://www.catch.co.kr/Comp/CompDetail/C39492/Recruit/560452,,2026-09-07 17:58:56
캐치,에스코어,오픈소스 벤더 영업 담당자 채용,"고객관리/인바운드, 영업관리/지원/영업기획, 일반영업, B2B영업/기술영업",경력 10~15년,기타,서울,,2026-09-29,https://www.catch.co.kr/Comp/CompDetail/C39492/Recruit/560451,,2026-09-07 17:58:56
캐치,에스코어,기준정보 컨설턴트 채용,"경영분석/컨설턴트, 네트워크/서버/보안, 웹기획/PM/웹마케팅",경력 5~10년,기타,서울,,2026-09-30,https://www.catch.co.kr/Comp/CompDetail/C39492/Recruit/560450,,2026-09-07 17:58:56
캐치,에이온코리아보험중개,"[Aon Korea] (신입·주니어경력) Account Manager, Health Solutions","인사/노무/교육, 채권/보험/보상/심사",경력 2년↓,정규직,서울,,2026-09-07,https://www.catch.co.kr/Comp/CompDetail/133203/Recruit/560449,,2026-09-07 17:58:56
캐치,시큐아이,경력사원 채용_영업,"고객관리/인바운드, 기획/전략/경영, 마케팅/PR/분석, 무역영업/해외영업, 영업관리/지원/영업기획, 전시/컨벤션, B2B영업/기술영업",경력 4년↑,정규직,서울,,2026-09-30,https://www.catch.co.kr/Comp/CompDetail/131940/Recruit/560443,,2026-09-07 17:58:56
캐치,시큐아이,경력사원 채용_보안컨설팅,"네트워크/서버/보안, ERP/시스템개발/설계",경력 4년↑,정규직,서울,,2026-09-30,https://www.catch.co.kr/Comp/CompDetail/131940/Recruit/560441,,2026-09-07 17:58:57
캐치,시큐아이,경력사원 채용_보안운영,"네트워크/서버/보안, ERP/시스템개발/설계",경력 8년↓,계약직,경기/충남,,2026-09-30,https://www.catch.co.kr/Comp/CompDetail/131940/Recruit/560440,,2026-09-07 17:58:57
캐치,커넥트웨이브,[메이크샵] Account Management 팀장 채용,"고객관리/인바운드, 기획/전략/경영, 설문/통계/리서치",경력 7년↑,정규직,서울,,2026-09-07,https://www.catch.co.kr/Comp/CompDetail/090267/Recruit/560435,,2026-09-07 17:58:57
캐치,한국능률협회컨설팅,공공부문 리서치·데이터분석 PA 채용,경영분석/컨설턴트,신입,인턴/계약직,서울,,2026-09-07,https://www.catch.co.kr/Comp/CompDetail/654370/Recruit/560416,,2026-09-07 17:58:57
캐치,한국능률협회컨설팅,HR 컨설팅 프로젝트(민간기업) 수행 지원 채용,경영분석/컨설턴트,신입,인턴/계약직,서울,,2026-09-07,https://www.catch.co.kr/Comp/CompDetail/654370/Recruit/560405,,2026-09-07 17:58:57
캐치,두산에너빌리티,전략기획 경력직 채용,"기획/전략/경영, 설문/통계/리서치",경력 3년↑,기타,경기,,채용시 마감,https://www.catch.co.kr/Comp/CompDetail/382647/Recruit/560392,,2026-09-07 17:58:57
캐치,CJ대한통운,"검수직 (광양, 계약직) 채용","구매/자재/재고, 전기/소방/통신/안전",신입,계약직,전남광주,,2026-09-07,https://www.catch.co.kr/Comp/CompDetail/710083/Recruit/560388,,2026-09-07 17:58:57
캐치,두산에너빌리티,정보보안 경력직 채용,네트워크/서버/보안,경력 4~10년,기타,경기,,채용시 마감,https://www.catch.co.kr/Comp/CompDetail/382647/Recruit/560387,,2026-09-07 17:58:57
캐치,현대자동차,[SDF] 제조 DX 솔루션/시스템 아키텍트 채용,"네트워크/서버/보안, ERP/시스템개발/설계",경력 5년↑,기타,서울,,2026-09-07,https://www.catch.co.kr/Comp/CompDetail/380954/Recruit/560369,,2026-09-07 17:58:57
캐치,현대자동차,[SDF] 데이터 아키텍트 채용,"빅데이터/AI, DBA/데이터베이스",경력 5년↑,기타,서울,,2026-09-07,https://www.catch.co.kr/Comp/CompDetail/380954/Recruit/560368,,2026-09-07 17:58:57
캐치,에프앤에프,MLB 의류소싱팀 물류입고제품 랜덤검사 담당 계약직 상시채용,"배송/택배/운전, 사무보조/문서작성, 생산/제조/설비/조립",신입,계약직,경기,,2026-09-07,https://www.catch.co.kr/Comp/CompDetail/NZ2988/Recruit/560361,,2026-09-07 17:58:57
캐치,JYP엔터테인먼트,응원봉 연출 오퍼레이터 (경력) 채용,"공연/엔터테인먼트, 기획/전략/경영",경력 3~7년,정규직,서울,,2026-09-07,https://www.catch.co.kr/Comp/CompDetail/609790/Recruit/560349,,2026-09-07 17:58:57
캐치,JYP엔터테인먼트,응원봉 연출 운영 PM (경력) 채용,"공연/엔터테인먼트, 기획/전략/경영, 사무/총무/법무",경력 3~7년,정규직,서울,,2026-09-07,https://www.catch.co.kr/Comp/CompDetail/609790/Recruit/560345,,2026-09-07 17:58:57
캐치,JYP엔터테인먼트,Software Engineer / DevOps & Infra (경력) 채용,"네트워크/서버/보안, 응용프로그램개발, ERP/시스템개발/설계",경력 5년↑,정규직,서울,,2026-09-07,https://www.catch.co.kr/Comp/CompDetail/609790/Recruit/560343,,2026-09-07 17:58:57
캐치,아그루코리아인더스트리,반도체용 플라스틱 배관재 기술영업 신입 및 사원급 경력 채용(서울 강남),"무역영업/해외영업, 영업관리/지원/영업기획, 일반영업, B2B영업/기술영업",경력 1~4년,정규직/계약직,서울,,2026-09-07,https://www.catch.co.kr/Comp/CompDetail/IW2090/Recruit/560326,,2026-09-07 17:58:57
캐치,마티니 아이오,(주)마티니 아이오 SDR (Sales Development Representative),"일반영업, B2B영업/기술영업",경력무관,정규직,서울,,2026-09-07,https://www.catch.co.kr/Comp/CompDetail/PO7408/Recruit/560316,,2026-09-07 17:58:57
캐치,더존비즈온,[상시 채용 - 2026년]더존ICT그룹 ERP컨설턴트 정규직 전환형 인턴 채용,"경리/회계/결산, 경영분석/컨설턴트, 생산/제조/설비/조립, 인사/노무/교육, 재무/세무/IR",신입,인턴,서울,,2026-09-07,https://www.catch.co.kr/Comp/CompDetail/355291/Recruit/560309,,2026-09-07 17:58:57
캐치,하이퍼플로우,[건강식품/화장품] 제품운영 PM / SCM 담당자 채용,"구매/자재/재고, 상품기획/MD, 영업관리/지원/영업기획",경력 2~8년,정규직,경기,,2026-09-07,https://www.catch.co.kr/Comp/CompDetail/PI8025/Recruit/560296,,2026-09-07 17:58:57
캐치,부광약품,2026 의원영업팀장 (충청) 채용 ,"마케팅/PR/분석, 영업관리/지원/영업기획",경력 13년↑,정규직,충북/충남,,2026-09-13,https://www.catch.co.kr/Comp/CompDetail/350621/Recruit/560281,,2026-09-07 17:58:57
캐치,이랜드월드,[패션] 미쏘 광고 디자이너 경력채용,"광고/시각디자인, 기획/전략/경영, 마케팅/PR/분석",경력 3년↑,정규직,서울,,2026-09-07,https://www.catch.co.kr/Comp/CompDetail/637190/Recruit/560276,,2026-09-07 17:58:57
캐치,뤼튼테크놀로지스,[크랙] Growth Marketer 인턴,마케팅/PR/분석,신입,인턴,서울,,2026-09-07,https://www.catch.co.kr/Comp/CompDetail/NE3068/Recruit/560242,,2026-09-07 17:58:57
캐치,현대엠시트,'26년 울산공장 생산계약직 상시채용 2차(~12/31),생산/제조/설비/조립,경력,계약직,경북,,2026-12-31,https://www.catch.co.kr/Comp/CompDetail/189293/Recruit/560203,,2026-09-07 17:58:57
캐치,CJ ENM,Mnet Plus DevOps Engineer_경력채용 ,ERP/시스템개발/설계,경력,정규직,서울,,2026-11-04,https://www.catch.co.kr/Comp/CompDetail/039944/Recruit/560145,,2026-09-07 17:58:57
캐치,CJ ENM,Mnet Plus Content PM_경력채용 ,"기획/전략/경영, 콘텐츠/사이트운영",경력 3년↑,정규직,서울,,2026-11-04,https://www.catch.co.kr/Comp/CompDetail/039944/Recruit/560139,,2026-09-07 17:58:57
캐치,CJ대한통운,[TES물류기술연구소] '센터설계 검토 및 구축' 경력사원 채용,"기계설계/CAD/CAM, 네트워크/서버/보안, 배송/택배/운전, ERP/시스템개발/설계",경력 4년↑,정규직,서울,,2026-10-31,https://www.catch.co.kr/Comp/CompDetail/710083/Recruit/560136,,2026-09-07 17:58:57
캐치,일진전기,전선 엔지니어링 경력 채용,"시공/현장/감리/공무, 전기/전자/제어, 화학/에너지/환경",경력 5년↑,기타,서울,,2026-11-01,https://www.catch.co.kr/Comp/CompDetail/C17778/Recruit/560085,,2026-09-07 17:58:57
캐치,와이즈플래닛컴퍼니,[뷰티 브랜드 아이레놀] 일본 이커머스 MD 채용 (경력 무관),"마케팅/PR/분석, 상품기획/MD",경력무관,정규직,서울,,2026-09-30,https://www.catch.co.kr/Comp/CompDetail/J12612/Recruit/560034,,2026-09-07 17:58:57
캐치,브이엔티지,SAP SD 운영 및 개발자 채용,"네트워크/서버/보안, ERP/시스템개발/설계",경력 5년↑,정규직,서울,,2026-09-30,https://www.catch.co.kr/Comp/CompDetail/LH3214/Recruit/560033,,2026-09-07 17:58:57
캐치,한국네트웍스,[판교_본사] SAP 시스템 운영(HR 모듈) 채용,"네트워크/서버/보안, ERP/시스템개발/설계",경력 5년↑,정규직,경기,,2026-09-30,https://www.catch.co.kr/Comp/CompDetail/153529/Recruit/560011,,2026-09-07 17:58:57
캐치,CJ ENM,Mnet Plus_Frontend Engineer_경력채용 ,"웹개발, 응용프로그램개발, ERP/시스템개발/설계",경력 5년↑,정규직,서울,,2026-10-05,https://www.catch.co.kr/Comp/CompDetail/039944/Recruit/559925,,2026-09-07 17:58:57
캐치,삼정회계법인,[삼정KPMG] [컨설팅] 전략그룹 People＆Change (인사조직) 컨설팅부문 경력직 채용,"경영분석/컨설턴트, 인사/노무/교육",경력 3년↑,정규직,서울,,2026-09-30,https://www.catch.co.kr/Comp/CompDetail/156416/Recruit/559884,,2026-09-07 17:58:58
캐치,한화에어로스페이스,AI 인력 상시 경력 채용,"기획/전략/경영, 빅데이터/AI, 웹기획/PM/웹마케팅, 응용프로그램개발, 전기/전자/제어, DBA/데이터베이스, ERP/시스템개발/설계",경력 5년↑,정규직,서울/경기,,2026-12-31,https://www.catch.co.kr/Comp/CompDetail/380784/Recruit/559670,,2026-09-07 17:58:58
캐치,티시스아이티,2026년 (주)티시스아이티 AI서비스기획 경력사원 모집(~9/30),빅데이터/AI,경력 12년↑,정규직,서울,,2026-09-30,https://www.catch.co.kr/Comp/CompDetail/A99AB/Recruit/559669,,2026-09-07 17:58:58
캐치,티시스아이티,2026년 (주)티시스아이티 인프라부문 경력사원 모집(~9/30),네트워크/서버/보안,경력 4년↑,정규직,서울,,2026-09-30,https://www.catch.co.kr/Comp/CompDetail/A99AB/Recruit/559664,,2026-09-07 17:58:58
캐치,티시스아이티,2026년 (주)티시스아이티 SI 부문 경력사원 모집(9/30),웹기획/PM/웹마케팅,경력 5년↑,정규직,서울시,,2026-09-30,https://www.catch.co.kr/Comp/CompDetail/A99AB/Recruit/559663,,2026-09-07 17:58:58
캐치,티시스아이티,2026년 (주)티시스아이티 정보보호부문 경력사원 모집(~9/30),네트워크/서버/보안,경력 4년↑,정규직,서울,,2026-09-30,https://www.catch.co.kr/Comp/CompDetail/A99AB/Recruit/559661,,2026-09-07 17:58:58
캐치,한화오션엔지니어링,2026년 하반기 경력사원 공개채용 #공채,"고객관리/인바운드, 기계설계/CAD/CAM, 기획/전략/경영, 생산/제조/설비/조립, 생산관리/공정관리/품질관리, 인사/노무/교육, 자동차/조선/기계",경력 3년↑,정규직/계약직,경남,,2026-12-31,https://www.catch.co.kr/Comp/CompDetail/OU9891/Recruit/559640,,2026-09-07 17:58:58
캐치,티시스아이티,2026년 (주)티시스아이티 부문별 경력사원 채용(~9/30),"네트워크/서버/보안, 빅데이터/AI, 웹개발, 웹기획/PM/웹마케팅",경력 4년↑,정규직,서울,,2026-09-30,https://www.catch.co.kr/Comp/CompDetail/A99AB/Recruit/559603,,2026-09-07 17:58:58
캐치,브릴스,[BRILS] 2026년 하반기 인사/총무 경력직 수시채용,"사무/총무/법무, 인사/노무/교육",경력 3년↑,정규직/계약직,인천,,2026-10-02,https://www.catch.co.kr/Comp/CompDetail/CD3841/Recruit/559540,,2026-09-07 17:58:58
캐치,웹젠,[웹젠레드스타] 2026년 수시채용,"게임, 네트워크/서버/보안, 캐릭터/만화/애니, HTML/퍼블리싱/UI개발","경력 3년↑,2년↑",정규직,경기,,2026-12-31,https://www.catch.co.kr/Comp/CompDetail/153857/Recruit/559539,,2026-09-07 17:58:58
캐치,웹젠,[웹젠크레빅스] 2026년 수시채용,"게임, 네트워크/서버/보안",경력 3년↑,정규직/인턴,경기,,2026-12-31,https://www.catch.co.kr/Comp/CompDetail/153857/Recruit/559538,,2026-09-07 17:58:58
캐치,웹젠,[웹젠케이]  2026년 수시채용,"게임, 그래픽디자인/CG, 디자인기타, 마케팅/PR/분석, 캐릭터/만화/애니","경력 3년↑,3년↑",정규직,경기,,2026-12-31,https://www.catch.co.kr/Comp/CompDetail/153857/Recruit/559537,,2026-09-07 17:58:58
캐치,웹젠,[웹젠] 총무(신입/경력),사무/총무/법무,경력,정규직/인턴,경기,,2026-12-31,https://www.catch.co.kr/Comp/CompDetail/153857/Recruit/559501,,2026-09-07 17:58:58
캐치,웹젠,[웹젠] 전략기획(중화권)(신입/경력),기획/전략/경영,경력 5년↑,정규직/인턴,경기,,2026-12-31,https://www.catch.co.kr/Comp/CompDetail/153857/Recruit/559499,,2026-09-07 17:58:58
캐치,웹젠,[웹젠/Metin1] 게임기획(신입/경력),게임,경력 6년↓,정규직/인턴,경기,,2026-12-31,https://www.catch.co.kr/Comp/CompDetail/153857/Recruit/559496,,2026-09-07 17:58:58
캐치,웹젠,[웹젠] AI 마케팅 디자이너(신입/경력),"게임, 광고/시각디자인",경력,정규직/인턴,경기,,2026-12-31,https://www.catch.co.kr/Comp/CompDetail/153857/Recruit/559495,,2026-09-07 17:58:58
캐치,에이피알,[제조] 의료기기 제조운영 경력사원 모집,"생산/제조/설비/조립, 생산관리/공정관리/품질관리",경력 2~5년,정규직,서울,,2026-09-28,https://www.catch.co.kr/Comp/CompDetail/M23872/Recruit/559405,,2026-09-07 17:58:58
캐치,GS네트웍스,'26년 물류센타 현장 피킹담당 수시채용,"구매/자재/재고, 배송/택배/운전",경력,기타,경기/전국,,2026-12-31,https://www.catch.co.kr/Comp/CompDetail/IX8268/Recruit/559351,,2026-09-07 17:58:58
캐치,오스템임플란트,26년도 산학장학생 채용 (AI개발),"빅데이터/AI, 응용프로그램개발",신입,정규직,서울,,2026-12-31,https://www.catch.co.kr/Comp/CompDetail/780928/Recruit/559337,,2026-09-07 17:58:58
캐치,유성티엔에스,광양지점 배차관리 신입 및 경력 채용(~채용 시 마감),"경리/회계/결산, 배송/택배/운전, 재무/세무/IR, 주차/세차/주유",경력,기타,전남,,2026-09-30,https://www.catch.co.kr/Comp/CompDetail/710970/Recruit/559336,,2026-09-07 17:58:58
캐치,버킷플레이스,Treasury Manager (계약직),재무/세무/IR,경력 1년↑,계약직,서울,,2026-10-31,https://www.catch.co.kr/Comp/CompDetail/A0418/Recruit/559315,,2026-09-07 17:58:58
캐치,미소,"[6개월, 정규직 전환형] 사업 운영 인턴","고객관리/인바운드, 기획/전략/경영, 마케팅/PR/분석, 사무보조/문서작성, 영업관리/지원/영업기획, 일반영업",경력,인턴,서울,,2026-10-12,https://www.catch.co.kr/Comp/CompDetail/HL2299/Recruit/559255,,2026-09-07 17:58:58
캐치,브이엔티지,구매 담당자 채용,"경리/회계/결산, 구매/자재/재고",경력 7년↑,정규직,서울,,2026-09-30,https://www.catch.co.kr/Comp/CompDetail/LH3214/Recruit/559250,,2026-09-07 17:58:58
캐치,비즈테크아이,데이터베이스 담당자 (경력) 채용,DBA/데이터베이스,경력 3년↑,기타,서울,,2026-10-31,https://www.catch.co.kr/Comp/CompDetail/222130/Recruit/559232,,2026-09-07 17:58:58
캐치,코리아크레딧뷰로,2026년 경력사원 (계약 및 시설관리) 채용,사무/총무/법무,경력 3년↑,정규직,서울,,2026-12-31,https://www.catch.co.kr/Comp/CompDetail/370516/Recruit/559106,,2026-09-07 17:58:58
캐치,포스코A&C,'26년 3분기 [주택법] 건설사업관리 총괄/분야별 기술자(계약직) 경력직 채용,"건축/설계/인테리어, 전기/소방/통신/안전, 토목/조경/도시/측량",경력,계약직,인천/전국,,2026-09-30,https://www.catch.co.kr/Comp/CompDetail/039012/Recruit/559087,,2026-09-07 17:58:58
캐치,포스코A&C,'26년 3분기 [건진법] 건설사업관리 단장/분야별 기술자(계약직) 경력직 채용,"건축/설계/인테리어, 전기/소방/통신/안전, 토목/조경/도시/측량",경력,계약직,인천/전국,,2026-09-30,https://www.catch.co.kr/Comp/CompDetail/039012/Recruit/559085,,2026-09-07 17:58:58
캐치,NIT서비스,[네이버 계열사][NIT Service] NAVER IDC 서버 운영/관리,네트워크/서버/보안,경력 2년↓,정규직,경기/서울,,2026-09-19,https://www.catch.co.kr/Comp/CompDetail/M14288/Recruit/559041,,2026-09-07 17:58:58
캐치,브릴스,[BRILS] 2026년 하반기 생산/운영 경력직 수시채용,"생산/제조/설비/조립, 전기/전자/제어",경력 3년↑,정규직/계약직,인천,,2026-10-02,https://www.catch.co.kr/Comp/CompDetail/CD3841/Recruit/558989,,2026-09-07 17:58:58
캐치,브릴스,[BRILS] 2026년 하반기 로봇 및 자동화 분야별 엔지니어 수시채용,"기계설계/CAD/CAM, 생산관리/공정관리/품질관리, 전기/전자/제어, 포장/가공",경력 3년↑,정규직/계약직,인천,,2026-10-02,https://www.catch.co.kr/Comp/CompDetail/CD3841/Recruit/558985,,2026-09-07 17:58:58
캐치,LG이노텍,"[패키지솔루션] 반도체기판 생산기술, 제품개발 경력사원 상시 채용","반도체/디스플레이, 자동차/조선/기계, 전기/전자/제어",경력 4년↑,기타,경북,,2026-09-30,https://www.catch.co.kr/Comp/CompDetail/380687/Recruit/558979,,2026-09-07 17:58:59
캐치,브릴스,[BRILS] 2026년 하반기 지능형 물류 자동화(AGV/AMR) 분야별 엔지니어 수시채용,"기계설계/CAD/CAM, 응용프로그램개발, 자동차/조선/기계, 전기/전자/제어, ERP/시스템개발/설계",경력 3년↑,정규직/계약직,인천,,2026-10-02,https://www.catch.co.kr/Comp/CompDetail/CD3841/Recruit/558978,,2026-09-07 17:58:59
캐치,브릴스,[BRILS] 2026년 하반기 영업 및 PM 분야 경력직 수시채용,"고객관리/인바운드, 무역영업/해외영업, 영업관리/지원/영업기획, 웹기획/PM/웹마케팅, 일반영업, B2B영업/기술영업",경력 3년↑,정규직/계약직,인천,,2026-10-02,https://www.catch.co.kr/Comp/CompDetail/CD3841/Recruit/558953,,2026-09-07 17:58:59
캐치,에스케이시그넷,전기차 충전기 소프트웨어(SW) 개발 및 보안 담당 채용,"네트워크/서버/보안, 응용프로그램개발",경력 5년↑,정규직,경기,,2026-09-30,https://www.catch.co.kr/Comp/CompDetail/IL7179/Recruit/558944,,2026-09-07 17:58:59
캐치,일진다이아몬드,기획팀 경력사원 채용,기획/전략/경영,경력 9~13년,정규직,서울,,2026-10-01,https://www.catch.co.kr/Comp/CompDetail/364788/Recruit/558942,,2026-09-07 17:58:59
캐치,일진다이아몬드,인사팀 채용,인사/노무/교육,경력 6년↑,정규직,서울,,2026-10-01,https://www.catch.co.kr/Comp/CompDetail/364788/Recruit/558938,,2026-09-07 17:58:59
캐치,일진다이아몬드,영업팀 경력사원 채용,"마케팅/PR/분석, 설문/통계/리서치, 영업관리/지원/영업기획, 일반영업, B2B영업/기술영업",경력 5년↑,정규직,서울,,2026-10-01,https://www.catch.co.kr/Comp/CompDetail/364788/Recruit/558934,,2026-09-07 17:58:59
캐치,브릴스,[BRILS] 2026년 하반기 S/W 개발 및 R&D 분야 경력직 수시채용,"응용프로그램개발, 전기/전자/제어",경력 3년↑,정규직/계약직,인천,,2026-10-02,https://www.catch.co.kr/Comp/CompDetail/CD3841/Recruit/558931,,2026-09-07 17:58:59
캐치,원익큐엔씨,제조직 보충역 채용,"생산/제조/설비/조립, 생산관리/공정관리/품질관리, 전기/소방/통신/안전",경력,기타,경북,,2026-09-30,https://www.catch.co.kr/Comp/CompDetail/225043/Recruit/558898,,2026-09-07 17:58:59
캐치,포스코A&C,[포항] '26년 3분기 플랜트 건설사업관리 분야별 기술자(계약직) 경력직 채용,"건축/설계/인테리어, 시설/보안/경비/안전, 자동차/조선/기계, 전기/전자/제어, 토목/조경/도시/측량, 환경/플랜트",경력,계약직,경북,,2026-09-30,https://www.catch.co.kr/Comp/CompDetail/039012/Recruit/558885,,2026-09-07 17:58:59
캐치,대한항공,신입 조종사(민경력) 채용,여행/항공/숙박/레저,신입,계약직,서울,,2027-06-29,https://www.catch.co.kr/Comp/CompDetail/990027/Recruit/558884,,2026-09-07 17:58:59
캐치,포스코A&C,"[포항] '26년 3분기 소방 감리원(계약직, 경력) 기술자 경력직 채용","전기/소방/통신/안전, 환경/플랜트",경력,계약직,경북,,2026-09-30,https://www.catch.co.kr/Comp/CompDetail/039012/Recruit/558882,,2026-09-07 17:58:59
캐치,포스코A&C,[광양] '26년 3분기 플랜트 건설사업관리 분야별 기술자(계약직) 경력직 채용,"건축/설계/인테리어, 시설/보안/경비/안전, 자동차/조선/기계, 전기/전자/제어, 토목/조경/도시/측량, 환경/플랜트",경력,계약직,전남,,2026-09-30,https://www.catch.co.kr/Comp/CompDetail/039012/Recruit/558880,,2026-09-07 17:58:59
캐치,포스코A&C,"[광양] '26년 3분기 소방 감리원(계약직, 경력) 기술자 경력직 채용","전기/소방/통신/안전, 환경/플랜트",경력,계약직,전남,,2026-09-30,https://www.catch.co.kr/Comp/CompDetail/039012/Recruit/558878,,2026-09-07 17:58:59
캐치,일진전기,미주 해외영업 담당자 채용,"무역영업/해외영업, 영업관리/지원/영업기획, B2B영업/기술영업",경력 10년↑,정규직,서울,,2026-11-01,https://www.catch.co.kr/Comp/CompDetail/C17778/Recruit/558799,,2026-09-07 17:58:59
캐치,세스코,2026년 하반기 전문영업직 신입 대규모 채용(전국),"고객관리/인바운드, 고객관리/인바운드/아웃바운드, 영업관리/지원/영업기획, 일반영업, AS/서비스/수리, B2B영업/기술영업",신입,정규직,전국,,2026-09-07,https://www.catch.co.kr/Comp/CompDetail/024171/Recruit/558729,,2026-09-07 17:58:59
캐치,토스씨엑스,[토스씨엑스] CX Planning Manager 채용,"고객관리/인바운드, 기획/전략/경영, 영업관리/지원/영업기획",경력 7년↑,정규직,서울,,2026-09-30,https://www.catch.co.kr/Comp/CompDetail/PO0313/Recruit/558648,,2026-09-07 17:58:59
캐치,안진회계법인,[딜로이트 안진회계법인] 회계감사부문 보험사 프로젝트 PMO 업무 지원 계약직 채용,사무보조/문서작성,경력무관,계약직,서울,,2026-09-25,https://www.catch.co.kr/Comp/CompDetail/066262/Recruit/558563,,2026-09-07 17:58:59
캐치,브이엔티지,사업기획 담당자 채용,"경영분석/컨설턴트, 기획/전략/경영, 웹기획/PM/웹마케팅",경력 10년↑,정규직,서울,,2026-09-30,https://www.catch.co.kr/Comp/CompDetail/LH3214/Recruit/558519,,2026-09-07 17:58:59
캐치,CJ대한통운,[TES물류기술연구소] '데이터 엔지니어' 경력사원 채용,"네트워크/서버/보안, DBA/데이터베이스",경력 5년↑,정규직,서울,,2026-10-31,https://www.catch.co.kr/Comp/CompDetail/710083/Recruit/558468,,2026-09-07 17:58:59
캐치,키다리스튜디오,플랫폼 서비스 기획 담당 (5년 이상) 채용,"기획/전략/경영, 웹기획/PM/웹마케팅",경력 5년↑,정규직,서울,,2026-10-24,https://www.catch.co.kr/Comp/CompDetail/612839/Recruit/558463,,2026-09-07 17:58:59
캐치,한화엔진,[한화엔진] AM사업 물류/운송관리 계약직 채용,"무역사무/수출입, 무역영업/해외영업, 배송/택배/운전",경력 2~5년,계약직,경남/부산,,2026-10-31,https://www.catch.co.kr/Comp/CompDetail/135447/Recruit/558201,,2026-09-07 17:58:59
캐치,카카오헬스케어,[경력] VC사업팀 사업개발(BD) 담당자 채용,"기획/전략/경영, 영업관리/지원/영업기획",경력 5년↑,정규직,경기,,2026-11-02,https://www.catch.co.kr/Comp/CompDetail/OY6276/Recruit/558071,,2026-09-07 17:58:59
캐치,CJ올리브네트웍스,[경력] CJ 식품 계열사 SAP CO 운영/개발 채용,"네트워크/서버/보안, 응용프로그램개발, ERP/시스템개발/설계",경력 4년↑,정규직,서울,,2026-09-30,https://www.catch.co.kr/Comp/CompDetail/046305/Recruit/558016,,2026-09-07 17:58:59
캐치,딜로이트컨설팅,Operation DT/Operation 전략 컨설턴트 경력직 채용,"경영분석/컨설턴트, 기획/전략/경영",경력,정규직,서울,,2026-09-15,https://www.catch.co.kr/Comp/CompDetail/168665/Recruit/557839,,2026-09-07 17:58:59
캐치,시큐아이,경력사원_마케팅 채용,"기획/전략/경영, 마케팅/PR/분석, 콘텐츠/사이트운영",경력 1년↑,정규직,서울,,2026-09-30,https://www.catch.co.kr/Comp/CompDetail/131940/Recruit/557797,,2026-09-07 17:58:59
캐치,설로인,테크팀 프론트엔드 개발자,"웹개발, 웹기획/PM/웹마케팅",경력 3~4년,정규직,경기,,2026-09-30,https://www.catch.co.kr/Comp/CompDetail/IT8339/Recruit/557765,,2026-09-07 17:58:59
캐치,두산테스나,마케팅 경력사원 채용 ,"기획/전략/경영, 마케팅/PR/분석",경력 5년↑,기타,경기,,채용시 마감,https://www.catch.co.kr/Comp/CompDetail/208502/Recruit/557551,,2026-09-07 17:58:59
캐치,두산테스나,기술직 (품질검사원) 수시채용 ,"생산/제조/설비/조립, 생산관리/공정관리/품질관리",경력,계약직,경기,,채용시 마감,https://www.catch.co.kr/Comp/CompDetail/208502/Recruit/557546,,2026-09-07 17:58:59
캐치,CJ대한통운,"CSU운전원 채용 (당진, 계약직)","배송/택배/운전, 화물/중장비",경력,계약직,충남,,2026-09-21,https://www.catch.co.kr/Comp/CompDetail/710083/Recruit/557539,,2026-09-07 17:58:59
캐치,비즈테크아이,구매 시스템 운영 및 온보딩 담당자(SAP BTP / Fiori) (경력) 채용,"네트워크/서버/보안, 웹개발, 응용프로그램개발, ERP/시스템개발/설계",경력 8년↑,기타,서울,,2026-10-31,https://www.catch.co.kr/Comp/CompDetail/222130/Recruit/557503,,2026-09-07 17:59:00
캐치,토스씨엑스,[토스씨엑스] 토스앱 3개월 상담직 (초보가능·정규직 전환 검토),"고객관리/인바운드, 고객관리/인바운드/아웃바운드",경력무관,계약직,서울,,2026-10-06,https://www.catch.co.kr/Comp/CompDetail/PO0313/Recruit/557393,,2026-09-07 17:59:00
캐치,피제이전자,(주)피제이전자 영업 담당자 모집,"무역영업/해외영업, 영업관리/지원/영업기획, 일반영업, B2B영업/기술영업",경력무관,정규직,경기,,2026-09-30,https://www.catch.co.kr/Comp/CompDetail/323152/Recruit/557303,,2026-09-07 17:59:00
캐치,한화이센셜,Wet 공정 경력사원 채용,"생산관리/공정관리/품질관리, 화학/에너지/환경",경력 10년↑,정규직,충남,,2026-12-30,https://www.catch.co.kr/Comp/CompDetail/NW8438/Recruit/557281,,2026-09-07 17:59:00
캐치,브이엔티지,LEVEL-2 시스템 개발자 (창원/포항/군산) 채용,"응용프로그램개발, DBA/데이터베이스, ERP/시스템개발/설계",경력,정규직,경남/경북/전북,,2026-09-30,https://www.catch.co.kr/Comp/CompDetail/LH3214/Recruit/557209,,2026-09-07 17:59:00
캐치,브이엔티지,LEVEL-2 시스템 개발 팀장 채용,"웹기획/PM/웹마케팅, 응용프로그램개발, DBA/데이터베이스, ERP/시스템개발/설계",경력 10년↑,정규직,서울,,2026-09-30,https://www.catch.co.kr/Comp/CompDetail/LH3214/Recruit/557207,,2026-09-07 17:59:00
캐치,브이엔티지,전략기획 담당자 채용,기획/전략/경영,경력 5년↑,정규직,서울,,2026-09-30,https://www.catch.co.kr/Comp/CompDetail/LH3214/Recruit/556934,,2026-09-07 17:59:00
캐치,에이피알,[마케팅] 유럽 아마존 MD 경력사원 모집,마케팅/PR/분석,경력 2~4년,정규직,서울,,2026-09-28,https://www.catch.co.kr/Comp/CompDetail/M23872/Recruit/556902,,2026-09-07 17:59:00
캐치,대학내일,"[더포지티브] AE, CW_경력(정규직)",광고제작/카피/CF,경력,정규직,서울,,2027-06-18,https://www.catch.co.kr/Comp/CompDetail/F61674/Recruit/556765,,2026-09-07 17:59:00
캐치,동원에프앤비,진천2공장 품질관리 경력직 채용 (충북 진천),"바이오/제약/식품, 생산관리/공정관리/품질관리",경력 5년↑,정규직,충북,,2026-10-17,https://www.catch.co.kr/Comp/CompDetail/152859/Recruit/556668,,2026-09-07 17:59:00
캐치,시큐아이,경력사원_개발 채용,"네트워크/서버/보안, 응용프로그램개발, DBA/데이터베이스, ERP/시스템개발/설계",경력 4년↑,정규직,서울,,2026-12-31,https://www.catch.co.kr/Comp/CompDetail/131940/Recruit/556644,,2026-09-07 17:59:00
캐치,골프존,사내 변호사 채용,"법률/특허/상표, 사무/총무/법무",경력 2~5년,정규직,서울,,2026-09-29,https://www.catch.co.kr/Comp/CompDetail/CR5134/Recruit/556428,,2026-09-07 17:59:00
캐치,에어퍼스트,각 부문별 엔지니어 신입 채용,"기계설계/CAD/CAM, 생산관리/공정관리/품질관리, 자동차/조선/기계, 전기/전자/제어",신입,정규직,경북/경기/충남,,2026-10-20,https://www.catch.co.kr/Comp/CompDetail/400238/Recruit/556260,,2026-09-07 17:59:00
캐치,이그니스,[이그니스] 랩노쉬(LABNOSH) 콘텐츠 마케터,바이오/제약/식품,경력 2년↑,정규직,서울,,2026-10-06,https://www.catch.co.kr/Comp/CompDetail/M21313/Recruit/556219,,2026-09-07 17:59:00
캐치,KT스튜디오지니,[kt STUDIO GENIE] 경영기획팀 채용,기획/전략/경영,경력 5년↑,정규직,서울,,2026-09-30,https://www.catch.co.kr/Comp/CompDetail/MD2120/Recruit/555960,,2026-09-07 17:59:00
캐치,한섬,E-기획팀 서비스기획파트 경력채용 (8~12년) ,"웹기획/PM/웹마케팅, 콘텐츠/사이트운영",경력 8~12년,정규직,서울,,2026-09-30,https://www.catch.co.kr/Comp/CompDetail/088102/Recruit/555928,,2026-09-07 17:59:00
캐치,서부티엔디,[서울드래곤시티] 호텔 F&B Service 채용,"외식/식음료, 요리/영양/제과제빵/바리스타, 판매/캐셔/매장관리",경력,계약직,서울,,2026-09-30,https://www.catch.co.kr/Comp/CompDetail/A328D/Recruit/555808,,2026-09-07 17:59:00
캐치,두산테스나,기술직 채용 (Probe Card 유지보수),사무/총무/법무,경력,계약직,경기,,채용시 마감,https://www.catch.co.kr/Comp/CompDetail/208502/Recruit/555730,,2026-09-07 17:59:00
캐치,현대퓨처넷,2026년 정보보안 경력사원 상시채용,네트워크/서버/보안,경력 3년↑,정규직,서울,,2026-10-04,https://www.catch.co.kr/Comp/CompDetail/191600/Recruit/555636,,2026-09-07 17:59:00
캐치,두산테스나,"Test기술(EDS, F/T) 경력사원 채용 ","반도체/디스플레이, 생산관리/공정관리/품질관리, 전기/전자/제어",경력 4~10년,기타,경기,,채용시 마감,https://www.catch.co.kr/Comp/CompDetail/208502/Recruit/555590,,2026-09-07 17:59:00
캐치,설로인,"본대로 CX, 영업지원 계약직","고객관리/인바운드, 영업관리/지원/영업기획",경력,정규직,경기,,2026-09-29,https://www.catch.co.kr/Comp/CompDetail/IT8339/Recruit/555504,,2026-09-07 17:59:00
캐치,비즈테크아이,SCP In-house 프로젝트 개발 PM/PL (경력) 채용,웹기획/PM/웹마케팅,경력 10년↑,기타,서울,,2026-10-31,https://www.catch.co.kr/Comp/CompDetail/222130/Recruit/555495,,2026-09-07 17:59:00
캐치,한섬,신규브랜드 바잉MD 경력채용 (3년~4년),"마케팅/PR/분석, 상품기획/MD",경력 3년↑,정규직,서울,,2026-09-30,https://www.catch.co.kr/Comp/CompDetail/088102/Recruit/555482,,2026-09-07 17:59:00
캐치,두산테스나,Test장비기술 (PKG) 경력사원 채용,"기계설계/CAD/CAM, 반도체/디스플레이, 생산관리/공정관리/품질관리, 전기/전자/제어",경력,기타,경기,,2026-12-31,https://www.catch.co.kr/Comp/CompDetail/208502/Recruit/555264,,2026-09-07 17:59:00
캐치,현대퓨처넷,2026년 정보보안 신입사원 상시채용,네트워크/서버/보안,신입,정규직,서울,,2026-10-04,https://www.catch.co.kr/Comp/CompDetail/191600/Recruit/555065,,2026-09-07 17:59:00
캐치,비즈테크아이,Web 기반 솔루션 개발 및 운영 담당자 (경력) 채용,"네트워크/서버/보안, 웹개발, ERP/시스템개발/설계",경력 5년↑,기타,서울,,2026-10-31,https://www.catch.co.kr/Comp/CompDetail/222130/Recruit/555002,,2026-09-07 17:59:00
캐치,비즈테크아이,Web 기반 솔루션 운영 및 PM/PL (경력) 채용,"네트워크/서버/보안, 웹기획/PM/웹마케팅, ERP/시스템개발/설계",경력 10년↑,기타,서울,,2026-10-31,https://www.catch.co.kr/Comp/CompDetail/222130/Recruit/555001,,2026-09-07 17:59:00
캐치,미래에셋증권,정보보호 경력 Specialist 채용,"네트워크/서버/보안, 웹개발, 응용프로그램개발, DBA/데이터베이스, ERP/시스템개발/설계",경력 2년↑,기타,서울,,채용시 마감,https://www.catch.co.kr/Comp/CompDetail/860085/Recruit/554986,,2026-09-07 17:59:00
캐치,넷마블,AI 연구 및 서비스 개발(AI에이전트/HCI) 채용,빅데이터/AI,경력 2년↑,정규직,서울,,2026-10-04,https://www.catch.co.kr/Comp/CompDetail/H79411/Recruit/554767,,2026-09-07 17:59:00
캐치,넷마블,게임 보안 개발자 채용,"게임, 네트워크/서버/보안, 응용프로그램개발",경력,정규직,서울,,2026-10-04,https://www.catch.co.kr/Comp/CompDetail/H79411/Recruit/554764,,2026-09-07 17:59:00
캐치,넷마블,개인정보 관리체계 /보안 정책 담당자 채용,네트워크/서버/보안,경력 4년↑,정규직,서울,,2026-10-04,https://www.catch.co.kr/Comp/CompDetail/H79411/Recruit/554759,,2026-09-07 17:59:01
캐치,넷마블,취약점 진단 및 모의해킹 담당자 채용,"네트워크/서버/보안, 웹개발, DBA/데이터베이스, ERP/시스템개발/설계",경력 5년↑,정규직,서울,,2026-10-04,https://www.catch.co.kr/Comp/CompDetail/H79411/Recruit/554755,,2026-09-07 17:59:01
캐치,일진다이아몬드,마케팅팀 채용,"기획/전략/경영, 마케팅/PR/분석",경력 5년↑,정규직,서울,,2026-10-04,https://www.catch.co.kr/Comp/CompDetail/364788/Recruit/554615,,2026-09-07 17:59:01
캐치,티맵모빌리티,Site Reliability Engineer (SRE) 채용,"네트워크/서버/보안, ERP/시스템개발/설계",경력 5년↑,정규직,서울,,2026-12-31,https://www.catch.co.kr/Comp/CompDetail/MB8295/Recruit/554587,,2026-09-07 17:59:01
캐치,시큐아이,경력사원 채용_SE,"네트워크/서버/보안, ERP/시스템개발/설계",경력 1년↑,정규직,서울,,2026-09-30,https://www.catch.co.kr/Comp/CompDetail/131940/Recruit/554577,,2026-09-07 17:59:01
캐치,시큐아이,경력사원 채용_사업지원,"고객관리/인바운드, 네트워크/서버/보안, 영업관리/지원/영업기획, 웹기획/PM/웹마케팅, QA/테스트/검증",경력,정규직,서울,,2026-09-30,https://www.catch.co.kr/Comp/CompDetail/131940/Recruit/554576,,2026-09-07 17:59:01
캐치,딜로이트컨설팅,26년 하반기 Cloud 보안 서비스 경력직 채용,"경영분석/컨설턴트, 네트워크/서버/보안, ERP/시스템개발/설계",경력 10년↑,정규직,서울,,2026-09-30,https://www.catch.co.kr/Comp/CompDetail/168665/Recruit/554572,,2026-09-07 17:59:01
캐치,딜로이트컨설팅,26년 하반기 AI 전략/거버넌스 경력직 채용,"경영분석/컨설턴트, 기획/전략/경영, 빅데이터/AI",경력,정규직,서울,,2026-09-30,https://www.catch.co.kr/Comp/CompDetail/168665/Recruit/554571,,2026-09-07 17:59:01
캐치,딜로이트컨설팅,26년 하반기 AI 전문 컨설턴트 경력직 채용,"경영분석/컨설턴트, 기획/전략/경영, 빅데이터/AI",경력 3년↑,정규직,서울,,2026-09-30,https://www.catch.co.kr/Comp/CompDetail/168665/Recruit/554570,,2026-09-07 17:59:01
캐치,딜로이트컨설팅,26년 하반기 Finance Transformation 전문 컨설턴트 경력직 채용,"경영분석/컨설턴트, 재무/세무/IR",경력 3년↑,정규직,서울,,2026-09-30,https://www.catch.co.kr/Comp/CompDetail/168665/Recruit/554569,,2026-09-07 17:59:01
캐치,딜로이트컨설팅,26년 하반기 SAP 구축 전문 컨설턴트 경력직 채용,"경리/회계/결산, ERP/시스템개발/설계",경력 3년↑,정규직,서울,,2026-09-30,https://www.catch.co.kr/Comp/CompDetail/168665/Recruit/554567,,2026-09-07 17:59:01
캐치,일진다이아몬드,재경팀장 채용,재무/세무/IR,경력,정규직,서울,,2026-10-04,https://www.catch.co.kr/Comp/CompDetail/364788/Recruit/554538,,2026-09-07 17:59:01
캐치,우아한형제들,각 부문별 신입/경력 인재 채용,"경영분석/컨설턴트, 고객관리/인바운드, 고객관리/인바운드/아웃바운드, 영업관리/지원/영업기획, 일반영업",경력,계약직,경기/경남/경북/대구/대전/부산/서울/인천/충남/충북/전국,,2026-09-25,https://www.catch.co.kr/Comp/CompDetail/H46722/Recruit/554351,,2026-09-07 17:59:01
캐치,GS네트웍스,'26년 경력사원 수시 채용,"기획/전략/경영, 네트워크/서버/보안, 마케팅/PR/분석, 배송/택배/운전, 사무/총무/법무, 인사/노무/교육, 재무/세무/IR",경력 2년↑,기타,서울/전국,,2026-12-31,https://www.catch.co.kr/Comp/CompDetail/IX8268/Recruit/554293,,2026-09-07 17:59:01
캐치,대한제분,베이커리TS팀 경력직 채용,"응용프로그램개발, 전시/컨벤션, QA/테스트/검증",경력,정규직,서울,,2026-09-16,https://www.catch.co.kr/Comp/CompDetail/310590/Recruit/553387,,2026-09-07 17:59:01
캐치,엘티메탈,[LT메탈] 제조직 상시 채용 (인재 Pool) 등록,생산/제조/설비/조립,경력,계약직,인천/서울,,2026-10-18,https://www.catch.co.kr/Comp/CompDetail/370339/Recruit/553340,,2026-09-07 17:59:01
캐치,엘티메탈,[LT메탈] 사무직 상시 채용 (인재 Pool) 등록,"구매/자재/재고, 반도체/디스플레이, 생산관리/공정관리/품질관리, B2B영업/기술영업, ERP/시스템개발/설계",경력,정규직,인천/서울,,2026-10-18,https://www.catch.co.kr/Comp/CompDetail/370339/Recruit/553339,,2026-09-07 17:59:01
캐치,에이피알,[R&D] RF Generator 설계 엔지니어 경력사원 모집,"기계설계/CAD/CAM, 전기/전자/제어",경력 4년↑,정규직,서울,,2026-10-27,https://www.catch.co.kr/Comp/CompDetail/M23872/Recruit/553263,,2026-09-07 17:59:01
캐치,에이피알,[R&D] 뷰티 디바이스/의료기기 HW 설계 엔지니어 경력사원 모집,"기계설계/CAD/CAM, 전기/전자/제어",경력 5년↑,정규직,서울,,2026-09-28,https://www.catch.co.kr/Comp/CompDetail/M23872/Recruit/553259,,2026-09-07 17:59:01
캐치,유비벨록스,개발자 채용,"네트워크/서버/보안, 웹개발, 응용프로그램개발",경력무관,정규직,서울,,2026-09-28,https://www.catch.co.kr/Comp/CompDetail/171278/Recruit/553238,,2026-09-07 17:59:01
캐치,유비벨록스,일반직군 채용,영업관리/지원/영업기획,경력무관,정규직,서울,,2026-09-28,https://www.catch.co.kr/Comp/CompDetail/171278/Recruit/553232,,2026-09-07 17:59:01
캐치,유비벨록스,진천사업장 생산 및 관리직군 채용,"생산/제조/설비/조립, 생산관리/공정관리/품질관리",경력,정규직,충북,,2026-09-28,https://www.catch.co.kr/Comp/CompDetail/171278/Recruit/553217,,2026-09-07 17:59:01
캐치,사회적협동조합스윗,사회적협동조합 스윗(공익법인)  사무국 회계·총무 담당자(1명) 채용,"경리/회계/결산, 사무/총무/법무, 재무/세무/IR",경력 2~10년,계약직,서울,,2026-12-31,https://www.catch.co.kr/Comp/CompDetail/LY7890/Recruit/553169,,2026-09-07 17:59:01
캐치,안랩,2026 AhnLab 연구소 집중 채용,"네트워크/서버/보안, 빅데이터/AI, 웹개발, 응용프로그램개발, DBA/데이터베이스, ERP/시스템개발/설계, QA/테스트/검증",경력,정규직,경기,,2026-12-31,https://www.catch.co.kr/Comp/CompDetail/052194/Recruit/553161,,2026-09-07 17:59:01
캐치,토스씨엑스,"[토스씨엑스] 토스증권, 토스앱 인바운드 상담원 채용 (정착지원금 지급)",고객관리/인바운드,경력무관,정규직,서울,,2026-09-30,https://www.catch.co.kr/Comp/CompDetail/PO0313/Recruit/553096,,2026-09-07 17:59:01
캐치,시큐아이,경력사원 채용_기획,"기획/전략/경영, 네트워크/서버/보안, 마케팅/PR/분석, 웹기획/PM/웹마케팅, DBA/데이터베이스",경력 2년↑,정규직,서울,,2026-09-30,https://www.catch.co.kr/Comp/CompDetail/131940/Recruit/552893,,2026-09-07 17:59:01
캐치,한화엔진,26년 경력사원 상시 채용,"기계설계/CAD/CAM, 생산/제조/설비/조립, 생산관리/공정관리/품질관리, 영업관리/지원/영업기획, 자동차/조선/기계, 전기/전자/제어, B2B영업/기술영업",경력 5년↑,정규직,경남/부산/경기,,2026-12-31,https://www.catch.co.kr/Comp/CompDetail/135447/Recruit/552546,,2026-09-07 17:59:01
캐치,SK에코플랜트,2026년 보건관리자(계약직) 경력직 채용,간호사,경력 2년↑,계약직,서울/전국,,2026-09-30,https://www.catch.co.kr/Comp/CompDetail/500283/Recruit/552531,,2026-09-07 17:59:01
캐치,SK에코플랜트,2026년 안전관리자(계약직) 채용,"건축/설계/인테리어, 전기/소방/통신/안전",경력 2년↑,계약직,서울/전국,,2026-09-30,https://www.catch.co.kr/Comp/CompDetail/500283/Recruit/552529,,2026-09-07 17:59:01
캐치,카카오뱅크,금융업무 지원 담당자 채용 (계약직),"고객관리/인바운드, 고객관리/인바운드/아웃바운드, 영업관리/지원/영업기획",경력,계약직,경기,,2026-09-30,https://www.catch.co.kr/Comp/CompDetail/HM8410/Recruit/552439,,2026-09-07 17:59:01
캐치,삼일회계법인,[삼일회계법인] System Engineer 채용,ERP/시스템개발/설계,경력 3년↑,정규직,서울,,2027-02-28,https://www.catch.co.kr/Comp/CompDetail/206652/Recruit/552405,,2026-09-07 17:59:02
캐치,삼일회계법인,[삼일회계법인] LLMOps Engineer 채용,ERP/시스템개발/설계,경력 3년↑,정규직,서울,,2027-02-28,https://www.catch.co.kr/Comp/CompDetail/206652/Recruit/552404,,2026-09-07 17:59:02
캐치,HDC랩스,[본사] FM수주영업팀 FM수주영업 부문 경력직 채용,"영업관리/지원/영업기획, 일반영업",경력 7년↑,기타,서울,,2026-09-11,https://www.catch.co.kr/Comp/CompDetail/119266/Recruit/552357,,2026-09-07 17:59:02
캐치,마티니 아이오,(주)마티니 아이오 Business Analyst (BA) - 5년 이상 ,마케팅/PR/분석,경력 5년↑,정규직,서울,,2026-09-30,https://www.catch.co.kr/Comp/CompDetail/PO7408/Recruit/552175,,2026-09-07 17:59:02
캐치,코리아크레딧뷰로,2026년 경력사원 (네트워크 보안) 채용,네트워크/서버/보안,경력 3년↑,정규직,서울,,2026-12-31,https://www.catch.co.kr/Comp/CompDetail/370516/Recruit/552106,,2026-09-07 17:59:02
캐치,SK에코플랜트,2026년 보건관리자(촉탁직) 경력직 채용,"간호사, 전기/소방/통신/안전",경력 4년↑,계약직,서울/전국,,2026-09-30,https://www.catch.co.kr/Comp/CompDetail/500283/Recruit/552056,,2026-09-07 17:59:02
캐치,SK에코플랜트,2026년 안전관리자(촉탁직) 경력직 채용,"건축/설계/인테리어, 전기/소방/통신/안전",경력 4년↑,계약직,서울/전국,,2026-09-30,https://www.catch.co.kr/Comp/CompDetail/500283/Recruit/552055,,2026-09-07 17:59:02
캐치,HDC랩스,[본사] FM사업본부 FM기술 제안 영업 부문 경력직 채용,"영업관리/지원/영업기획, 일반영업",경력 8년↑,기타,서울,,2026-09-11,https://www.catch.co.kr/Comp/CompDetail/119266/Recruit/551991,,2026-09-07 17:59:02
캐치,티맵모빌리티,개발 Project Manager - TMAP AUTO 개발 프로젝트 리딩 채용,"기획/전략/경영, 웹기획/PM/웹마케팅, ERP/시스템개발/설계",경력 5년↑,정규직,서울,,2026-12-31,https://www.catch.co.kr/Comp/CompDetail/MB8295/Recruit/551818,,2026-09-07 17:59:02
캐치,하나손해보험,"GA채널 사업단장, 지점장, 부지점장 채용","영업관리/지원/영업기획, 채권/보험/보상/심사",경력,기타,서울/전국,,2026-12-31,https://www.catch.co.kr/Comp/CompDetail/227289/Recruit/551648,,2026-09-07 17:59:02
캐치,반도건설,사내변호사 채용,"법률/특허/상표, 사무/총무/법무",경력 5년↓,기타,서울,,2026-09-13,https://www.catch.co.kr/Comp/CompDetail/C15101/Recruit/551552,,2026-09-07 17:59:02
캐치,한섬,TIME 니트 디자이너 경력(10~15년) 채용,"마케팅/PR/분석, 섬유/의류/패션, 의류/패션/잡화디자인",경력 10~15년,정규직,서울,,2026-09-30,https://www.catch.co.kr/Comp/CompDetail/088102/Recruit/551380,,2026-09-07 17:59:02
캐치,한섬,LATT 아트기획팀 계약직 경력(1년 이상) 채용,"그래픽디자인/CG, 의류/패션/잡화디자인, 출판/편집디자인",경력 1년↑,계약직,서울,,2026-09-30,https://www.catch.co.kr/Comp/CompDetail/088102/Recruit/551293,,2026-09-07 17:59:02
캐치,에이온코리아보험중개,[Aon Korea] (차·부장급) 발전·인프라영업팀 Account Manager,"기계설계/CAD/CAM, 자동차/조선/기계, 채권/보험/보상/심사, 토목/조경/도시/측량, 화학/에너지/환경, 환경/플랜트",경력 15년↓,정규직,서울,,2026-10-06,https://www.catch.co.kr/Comp/CompDetail/133203/Recruit/551245,,2026-09-07 17:59:02
캐치,메리츠증권,PIB PB 채용 공고 (경력),증권/투자/펀드/외환,경력,계약직,서울,,2026-12-31,https://www.catch.co.kr/Comp/CompDetail/860204/Recruit/551152,,2026-09-07 17:59:02
캐치,데이원컴퍼니,[제로베이스][정규직/계약직] 커리어 상담 매니저 채용,"고객관리/인바운드, 헤드헌팅/노무/직업상담",경력무관,정규직/계약직,서울,,2026-10-01,https://www.catch.co.kr/Comp/CompDetail/IP5001/Recruit/551146,,2026-09-07 17:59:02
캐치,삼정회계법인,[컨설팅] 전략 컨설팅 경력직 - SG본부 E＆S 전략 부문 채용,"기획/전략/경영, 마케팅/PR/분석",경력 3~15년,정규직,서울,,2026-10-08,https://www.catch.co.kr/Comp/CompDetail/156416/Recruit/550954,,2026-09-07 17:59:02
캐치,비트망고,[비트망고] 게임 광고 영상 디자이너,"광고/시각디자인, 동영상제작/편집, 마케팅/PR/분석",경력무관,계약직,경기,,2026-09-11,https://www.catch.co.kr/Comp/CompDetail/127285/Recruit/550845,,2026-09-07 17:59:02
캐치,데이원컴퍼니,[데이원컴퍼니][경력]Strategic Talent Acquisition Partner,인사/노무/교육,경력 3년↑,정규직,서울,,2026-09-29,https://www.catch.co.kr/Comp/CompDetail/IP5001/Recruit/550706,,2026-09-07 17:59:02
캐치,비즈테크아이,SAP 모듈(CO·FI·SD) 컨설턴트 (경력) 채용,"네트워크/서버/보안, 웹기획/PM/웹마케팅, ERP/시스템개발/설계",경력 5년↑,기타,서울,,2026-10-31,https://www.catch.co.kr/Comp/CompDetail/222130/Recruit/550050,,2026-09-07 17:59:02
캐치,비즈테크아이,공정물류 기구설계 엔지니어 채용,"기계설계/CAD/CAM, 자동차/조선/기계",경력 5년↑,기타,충북,,2026-10-31,https://www.catch.co.kr/Comp/CompDetail/222130/Recruit/550043,,2026-09-07 17:59:02
캐치,비즈테크아이,"SAP 물류 모듈(eWM, TM) 컨설턴트 (경력) 채용","경영분석/컨설턴트, 웹기획/PM/웹마케팅",경력 5년↑,기타,서울,,2026-10-31,https://www.catch.co.kr/Comp/CompDetail/222130/Recruit/550042,,2026-09-07 17:59:02
캐치,비즈테크아이,AI 엔지니어(PM/PL) (경력) 채용,"웹개발, 웹기획/PM/웹마케팅, DBA/데이터베이스",경력 3년↑,기타,서울,,2026-10-31,https://www.catch.co.kr/Comp/CompDetail/222130/Recruit/550040,,2026-09-07 17:59:02
캐치,비즈테크아이,SAP ABAP 개발 리더급 (경력) 채용,"네트워크/서버/보안, 웹기획/PM/웹마케팅, ERP/시스템개발/설계",경력 10년↑,기타,서울,,2026-10-31,https://www.catch.co.kr/Comp/CompDetail/222130/Recruit/550038,,2026-09-07 17:59:02
캐치,비즈테크아이,M365 구축·운영(SI·SM) (경력) 채용,ERP/시스템개발/설계,경력 7년↑,기타,서울,,2026-10-31,https://www.catch.co.kr/Comp/CompDetail/222130/Recruit/550034,,2026-09-07 17:59:02
캐치,CJ ENM,Data Scientist(데이터인텔리전스팀)_경력채용 ,"빅데이터/AI, DBA/데이터베이스",경력 3년↑,정규직,서울,,2026-09-07,https://www.catch.co.kr/Comp/CompDetail/039944/Recruit/549990,,2026-09-07 17:59:02
캐치,두산에너빌리티,[계약직] 해외변호사 채용,법률/특허/상표,경력 5년↑,계약직,경기,,2026-12-31,https://www.catch.co.kr/Comp/CompDetail/382647/Recruit/549776,,2026-09-07 17:59:02
캐치,LS ITC,2026 경력직 수시채용,"고객관리/인바운드, 네트워크/서버/보안, 영업관리/지원/영업기획, 웹개발, 웹기획/PM/웹마케팅, 응용프로그램개발, DBA/데이터베이스, ERP/시스템개발/설계",경력,정규직,서울/충북,,2026-12-31,https://www.catch.co.kr/Comp/CompDetail/MB6692/Recruit/549760,,2026-09-07 17:59:02
캐치,마티니 아이오,(주)마티니 아이오 CRM 마케터 (채용 전환형 인턴) ,마케팅/PR/분석,경력무관,인턴,서울,,2026-09-07,https://www.catch.co.kr/Comp/CompDetail/PO7408/Recruit/549474,,2026-09-07 17:59:02
캐치,LG CNS,생명보험/손해보험/증권부문 (경력) 채용,"경영분석/컨설턴트, 기획/전략/경영, 웹개발, 웹기획/PM/웹마케팅, 응용프로그램개발, 증권/투자/펀드/외환, 채권/보험/보상/심사, DBA/데이터베이스, ERP/시스템개발/설계",경력,기타,서울/전국,,2026-09-30,https://www.catch.co.kr/Comp/CompDetail/812536/Recruit/549345,,2026-09-07 17:59:02
캐치,비즈테크아이,서버 인프라 엔지니어(TA/SM) (경력) 채용,"네트워크/서버/보안, ERP/시스템개발/설계",경력 3년↑,기타,경북,,2026-10-31,https://www.catch.co.kr/Comp/CompDetail/222130/Recruit/549343,,2026-09-07 17:59:04
캐치,LG CNS,SAP ERP 분야 (경력) 채용,"경영분석/컨설턴트, 네트워크/서버/보안, 웹기획/PM/웹마케팅, ERP/시스템개발/설계",경력 5년↑,기타,서울,,2026-09-30,https://www.catch.co.kr/Comp/CompDetail/812536/Recruit/549340,,2026-09-07 17:59:04
캐치,대학내일,[대학내일] STAFF(HRM)_인사팀_경력(정규직),인사/노무/교육,경력,정규직,서울,,2027-04-27,https://www.catch.co.kr/Comp/CompDetail/F61674/Recruit/549076,,2026-09-07 17:59:04
캐치,은행권청년창업재단,[은행권청년창업재단] 2026년 디캠프 일본/미국 사업 PM 수시채용,기획/전략/경영,"경력 3년↑,8년↑",정규직/계약직,서울,,2026-12-31,https://www.catch.co.kr/Comp/CompDetail/A1910/Recruit/548649,,2026-09-07 17:59:04
캐치,한섬,LATT VMD 경력 (4~12년) 채용,"섬유/의류/패션, 영업관리/지원/영업기획, 의류/패션/잡화디자인, 판매/캐셔/매장관리",경력 4~12년,정규직,서울,,2026-09-30,https://www.catch.co.kr/Comp/CompDetail/088102/Recruit/548550,,2026-09-07 17:59:04
캐치,두산에너빌리티,가공기술 경력직 채용,"기계설계/CAD/CAM, 네트워크/서버/보안, 자동차/조선/기계, 전기/소방/통신/안전",경력 5년↑,기타,경남,,2026-12-31,https://www.catch.co.kr/Comp/CompDetail/382647/Recruit/548253,,2026-09-07 17:59:04
캐치,안랩,[신입/경력] 보안분석 채용,네트워크/서버/보안,경력,기타,경기,,2026-12-31,https://www.catch.co.kr/Comp/CompDetail/052194/Recruit/548155,,2026-09-07 17:59:04
캐치,은행권청년창업재단,[은행권청년창업재단] 2026년 디캠프 투자팀 정규직 수시채용,증권/투자/펀드/외환,경력 6년↑,정규직,서울,,2026-12-31,https://www.catch.co.kr/Comp/CompDetail/A1910/Recruit/548085,,2026-09-07 17:59:04
캐치,에이피알,[제조] 의료기기 제조기술 경력사원 모집,"생산/제조/설비/조립, 생산관리/공정관리/품질관리",경력 7년↑,정규직,서울,,2026-09-28,https://www.catch.co.kr/Comp/CompDetail/M23872/Recruit/546357,,2026-09-07 17:59:04
캐치,LG CNS,메신저 서비스 기획/개발/운영 담당자 (경력) 채용,"기획/전략/경영, 네트워크/서버/보안, 웹개발, 웹기획/PM/웹마케팅, 응용프로그램개발",경력 5년↑,기타,서울,,2026-09-30,https://www.catch.co.kr/Comp/CompDetail/812536/Recruit/546177,,2026-09-07 17:59:04
캐치,토스씨엑스,보험총무(토스인슈어런스 직영) - 전주/부산/인천/신도림/일산,사무/총무/법무,경력 1년↑,계약직,경기/부산/인천,,2026-09-29,https://www.catch.co.kr/Comp/CompDetail/PO0313/Recruit/545984,,2026-09-07 17:59:04
캐치,알리바바닷컴코리아이커머스,AliExpress-Legal Counsel 사내 변호사-Seoul,법률/특허/상표,경력 3년↑,정규직,서울,,2026-10-30,https://www.catch.co.kr/Comp/CompDetail/A5492/Recruit/545778,,2026-09-07 17:59:04
캐치,알리바바닷컴코리아이커머스,AliExpress-Channel MD Specialist-Seoul채용,"디자인기타, 마케팅/PR/분석",경력 5년↑,정규직,서울,,2026-10-30,https://www.catch.co.kr/Comp/CompDetail/A5492/Recruit/545777,,2026-09-07 17:59:04
캐치,더씨에스알,지속가능경영본부 ESG 기후·환경 컨설팅 PM 채용,"경영분석/컨설턴트, 기획/전략/경영",경력 5~15년,정규직,서울,,2026-10-24,https://www.catch.co.kr/Comp/CompDetail/M34762/Recruit/545736,,2026-09-07 17:59:04
캐치,두산건설,경력직(토목 기술사) 채용,"시공/현장/감리/공무, 토목/조경/도시/측량",신입,기타,경기/부산/경남/경북/인천/충남/대구/충북/전남/전북/대전/광주/울산/강원/전국,,2026-12-30,https://www.catch.co.kr/Comp/CompDetail/360171/Recruit/545329,,2026-09-07 17:59:04
캐치,두산테스나,기술직 (Operator) 채용,"반도체/디스플레이, 생산관리/공정관리/품질관리, 전기/소방/통신/안전",경력,계약직,경기,,2026-12-31,https://www.catch.co.kr/Comp/CompDetail/208502/Recruit/545327,,2026-09-07 17:59:04
캐치,이스트게임즈,모바일 RTS 서버 프로그래머,"네트워크/서버/보안, 응용프로그램개발",경력,정규직,서울,,2026-09-30,https://www.catch.co.kr/Comp/CompDetail/H66413/Recruit/544932,,2026-09-07 17:59:04
캐치,지씨에스,[강촌/제주] 2026년 엘리시안 리조트부분 상반기 신입/경력사원 수시 채용,"구매/자재/재고, 네트워크/서버/보안, 외식/식음료, 요리/영양/제과제빵/바리스타, 응용프로그램개발, ERP/시스템개발/설계",경력,정규직/계약직,강원/제주,,2026-12-31,https://www.catch.co.kr/Comp/CompDetail/486764/Recruit/544854,,2026-09-07 17:59:04
캐치,기업금융인사이트,"기업대출 상담사 모집 (여의도 본사 근무 *광주광역시, 경기 광명시 한해 근무지 조정 가능)","고객관리/인바운드, 영업관리/지원/영업기획, B2B영업/기술영업",경력무관,계약직,서울/광주/경기,,2026-12-31,https://www.catch.co.kr/Comp/CompDetail/A2495/Recruit/544672,,2026-09-07 17:59:04
캐치,기업금융인사이트,"영업을 해본 분이라면, 다음 단계는 ‘컨설턴트’입니다","고객관리/인바운드, 영업관리/지원/영업기획, B2B영업/기술영업",경력무관,계약직,서울/광주/경기,,2026-12-31,https://www.catch.co.kr/Comp/CompDetail/A2495/Recruit/544671,,2026-09-07 17:59:04
캐치,기업금융인사이트,"영업을 해본 분이라면, 다음 단계는 ‘컨설턴트’입니다","고객관리/인바운드, 영업관리/지원/영업기획, B2B영업/기술영업",경력무관,계약직,서울/광주/경기,,2026-12-31,https://www.catch.co.kr/Comp/CompDetail/A2495/Recruit/544670,,2026-09-07 17:59:04
캐치,기업금융인사이트,"영업을 해본 분이라면, 다음 단계는 ‘컨설턴트’입니다","고객관리/인바운드, 영업관리/지원/영업기획, B2B영업/기술영업",경력무관,계약직,서울/광주/경기,,2026-12-31,https://www.catch.co.kr/Comp/CompDetail/A2495/Recruit/544669,,2026-09-07 17:59:04
캐치,기업금융인사이트,"영업을 해본 분이라면, 다음 단계는 ‘컨설턴트’입니다","고객관리/인바운드, 영업관리/지원/영업기획, B2B영업/기술영업",경력무관,계약직,서울/광주/경기,,2026-12-31,https://www.catch.co.kr/Comp/CompDetail/A2495/Recruit/544668,,2026-09-07 17:59:04
캐치,이수그룹,2026년 상반기 이수그룹 경력사원 공개채용,"경리/회계/결산, 구매/자재/재고, 기획/전략/경영, 네트워크/서버/보안, 생산관리/공정관리/품질관리, 재무/세무/IR, 전기/전자/제어, 화학/에너지/환경, 환경/플랜트",경력,정규직,서울/대구,,2026-12-31,https://www.catch.co.kr/Comp/CompDetail/660/Recruit/544551,,2026-09-07 17:59:04
캐치,이수페타시스,2026년 상반기 이수그룹 경력사원 공개채용,"구매/자재/재고, 네트워크/서버/보안, 사무/총무/법무, 생산관리/공정관리/품질관리, 자동차/조선/기계, 전기/전자/제어, 화학/에너지/환경, 환경/플랜트",경력,정규직,대구,,2026-12-31,https://www.catch.co.kr/Comp/CompDetail/790010/Recruit/544543,,2026-09-07 17:59:04
캐치,이수화학,2026년 상반기 이수그룹 경력사원 공개채용,"경리/회계/결산, 기획/전략/경영, 재무/세무/IR",경력,정규직,서울,,2026-12-31,https://www.catch.co.kr/Comp/CompDetail/350990/Recruit/544540,,2026-09-07 17:59:04
캐치,대학내일,"[더포지티브] AE, CW_경력(정규직)","광고제작/카피/CF, 마케팅/PR/분석",경력,정규직,서울,,2027-03-24,https://www.catch.co.kr/Comp/CompDetail/F61674/Recruit/544437,,2026-09-07 17:59:04
캐치,마티니 아이오,(주)마티니 아이오 솔루션 컨설턴트 (Solution Consultant) ,"일반영업, B2B영업/기술영업",경력 2년↑,정규직,서울,,2026-09-07,https://www.catch.co.kr/Comp/CompDetail/PO7408/Recruit/544276,,2026-09-07 17:59:04
캐치,마티니 아이오,(주)마티니 아이오 고객성공매니저 (Customer Success Manager),"고객관리/인바운드, 영업관리/지원/영업기획, 일반영업, B2B영업/기술영업",경력무관,정규직,서울,,2026-09-07,https://www.catch.co.kr/Comp/CompDetail/PO7408/Recruit/544275,,2026-09-07 17:59:04
캐치,은행권청년창업재단,[은행권청년창업재단] 2026년 디캠프 투자전략팀 정규직(팀장급) 수시채용,증권/투자/펀드/외환,경력 7년↑,정규직,서울,,2026-12-31,https://www.catch.co.kr/Comp/CompDetail/A1910/Recruit/543941,,2026-09-07 17:59:04
캐치,희림종합건축사사무소,2026년 설계부문 경력사원 채용,"건축/설계/인테리어, 디자인기타",경력 3년↑,기타,서울,,2026-12-31,https://www.catch.co.kr/Comp/CompDetail/283649/Recruit/543618,,2026-09-07 17:59:05
캐치,HS효성인포메이션시스템,보안솔루션 부문별 경력사원 채용,"네트워크/서버/보안, 영업관리/지원/영업기획, 웹기획/PM/웹마케팅, B2B영업/기술영업, QA/테스트/검증",경력 5년↑,기타,서울,,2026-12-31,https://www.catch.co.kr/Comp/CompDetail/384240/Recruit/542938,,2026-09-07 17:59:05
캐치,대한조선,2026년 경력사원 상시 채용,"기획/전략/경영, 사무/총무/법무, 생산관리/공정관리/품질관리, 시설/보안/경비/안전, 자동차/조선/기계, 재무/세무/IR, B2B영업/기술영업",경력 1년↑,정규직/계약직,전남,,2026-12-31,https://www.catch.co.kr/Comp/CompDetail/262595/Recruit/542919,,2026-09-07 17:59:05
캐치,두산,경력사원 수시채용,"네트워크/서버/보안, 빅데이터/AI, 웹기획/PM/웹마케팅, DBA/데이터베이스",경력 3년↑,기타,서울,,채용시 마감,https://www.catch.co.kr/Comp/CompDetail/310425/Recruit/542688,,2026-09-07 17:59:05
캐치,LG CNS,어플리케이션 아키텍트/AI 아키텍트(경력) 채용,"통신기술/네트워크구축, ERP/시스템개발/설계",경력,기타,서울,,2026-09-30,https://www.catch.co.kr/Comp/CompDetail/812536/Recruit/542650,,2026-09-07 17:59:05
캐치,한국정보보호산업협회,[KISIA] 2026 ICT융합산업보안 인력양성 교육생 모집,네트워크/서버/보안,경력무관,교육생,서울,,2026-10-28,https://www.catch.co.kr/Comp/CompDetail/ABCD2/Recruit/542540,,2026-09-07 17:59:05
캐치,바바리안모터스,MINI Sales Consultant (영업 직원) 채용,"영업관리/지원/영업기획, 일반영업",경력무관,정규직/계약직,인천/서울/경기,,2026-11-06,https://www.catch.co.kr/Comp/CompDetail/213770/Recruit/542291,,2026-09-07 17:59:05
캐치,바바리안모터스,서비스사업본부 직무별 채용,"고객관리/인바운드, 구매/자재/재고, 기획/전략/경영, 사무/총무/법무, 일반영업, AS/서비스/수리",경력,정규직,인천/경기/서울,,2026-11-06,https://www.catch.co.kr/Comp/CompDetail/213770/Recruit/542249,,2026-09-07 17:59:05
캐치,두산테스나,기술직 (Maint.) 채용 ,"반도체/디스플레이, 생산관리/공정관리/품질관리",경력,계약직,경기,,2026-12-31,https://www.catch.co.kr/Comp/CompDetail/208502/Recruit/542141,,2026-09-07 17:59:05
캐치,HS효성인포메이션시스템,IT인프라/솔루션 부문별 영업대표 채용,"영업관리/지원/영업기획, 일반영업, B2B영업/기술영업",경력,기타,서울,,2026-12-31,https://www.catch.co.kr/Comp/CompDetail/384240/Recruit/541666,,2026-09-07 17:59:05
캐치,비에이티,[전환형 인턴] 마케팅 AE 채용,"기획/전략/경영, 마케팅/PR/분석, 콘텐츠/사이트운영",신입,인턴,서울,,2026-10-20,https://www.catch.co.kr/Comp/CompDetail/HT7966/Recruit/541590,,2026-09-07 17:59:05
캐치,대학내일,"[더포지티브] CD, AE, CW_경력(정규직)","광고제작/카피/CF, 마케팅/PR/분석",경력,정규직,서울,,2027-02-11,https://www.catch.co.kr/Comp/CompDetail/F61674/Recruit/539456,,2026-09-07 17:59:05
캐치,티맵모빌리티,QA Automation Engineer 채용,QA/테스트/검증,경력 5년↑,정규직,서울,,2026-12-31,https://www.catch.co.kr/Comp/CompDetail/MB8295/Recruit/539441,,2026-09-07 17:59:05
캐치,알리바바닷컴코리아이커머스,AliExpress 알리익스프레스-식품 카테고리매니저 채용,"상품기획/MD, 콘텐츠/사이트운영",경력 3년↑,정규직,서울,,2026-10-30,https://www.catch.co.kr/Comp/CompDetail/A5492/Recruit/537743,,2026-09-07 17:59:05
캐치,알리바바닷컴코리아이커머스,AliExpress-PR Manager-Korea 채용,기자,경력 5년↑,정규직,서울,,2026-10-30,https://www.catch.co.kr/Comp/CompDetail/A5492/Recruit/537738,,2026-09-07 17:59:05
캐치,SM그룹,해운계열사 선박 입거수리 담당자 채용,"시공/현장/감리/공무, 자동차/조선/기계",경력 5년↑,기타,서울,,2026-12-30,https://www.catch.co.kr/Comp/CompDetail/192/Recruit/537699,,2026-09-07 17:59:05
캐치,한화이센셜,검사 경력사원 채용,"반도체/디스플레이, 생산관리/공정관리/품질관리, 전기/전자/제어, 화학/에너지/환경",경력 5년↑,정규직,충남,,2026-12-30,https://www.catch.co.kr/Comp/CompDetail/NW8438/Recruit/537399,,2026-09-07 17:59:05
캐치,한화이센셜,후공정(Laser) 경력사원 채용,"반도체/디스플레이, 전기/전자/제어, 화학/에너지/환경",경력 7년↑,정규직,충남,,2026-12-30,https://www.catch.co.kr/Comp/CompDetail/NW8438/Recruit/537398,,2026-09-07 17:59:05
캐치,미래에셋증권,AI/Tech Specialist 채용,"네트워크/서버/보안, 빅데이터/AI, 응용프로그램개발, DBA/데이터베이스, ERP/시스템개발/설계",경력 3년↑,기타,서울,,2026-12-31,https://www.catch.co.kr/Comp/CompDetail/860085/Recruit/537131,,2026-09-07 17:59:05
캐치,LS일렉트릭,2026년 상반기 R&D 상시채용,"기계설계/CAD/CAM, 사무/총무/법무, 설문/통계/리서치, 응용프로그램개발, 자동차/조선/기계, 전기/전자/제어, DBA/데이터베이스, ERP/시스템개발/설계",경력,정규직,경기/충북,,2026-12-31,https://www.catch.co.kr/Comp/CompDetail/388696/Recruit/537085,,2026-09-07 17:59:05
캐치,이디야,2026 이디야커피랩 바리스타 채용,요리/영양/제과제빵/바리스타,경력,정규직,서울,,2026-12-31,https://www.catch.co.kr/Comp/CompDetail/431239/Recruit/537027,,2026-09-07 17:59:05
캐치,이디야,이디야커피 2026 직영점 바리스타 채용,요리/영양/제과제빵/바리스타,경력,정규직,전국/서울/경북/전북,,2026-12-31,https://www.catch.co.kr/Comp/CompDetail/431239/Recruit/537025,,2026-09-07 17:59:05
캐치,DL케미칼,데이터 분석가(Data Analyst) 담당,DBA/데이터베이스,경력 4~10년,정규직,서울,,2027-01-19,https://www.catch.co.kr/Comp/CompDetail/MB6588/Recruit/536255,,2026-09-07 17:59:05
캐치,와이지플러스,[YG PLUS] 디자인스튜디오 : 상품디자이너(경력),제품/산업디자인,경력 8~10년,정규직,서울,,2026-09-26,https://www.catch.co.kr/Comp/CompDetail/079201/Recruit/535899,,2026-09-07 17:59:05
캐치,알리바바닷컴코리아이커머스,AliExpress 알리익스프레스-Compliance Officer 채용,사무/총무/법무,경력무관,정규직,서울,,2026-10-30,https://www.catch.co.kr/Comp/CompDetail/A5492/Recruit/534651,,2026-09-07 17:59:05
캐치,알리바바닷컴코리아이커머스,AliExpress 알리익스프레스-Incubation Manager 채용,"영업관리/지원/영업기획, 판매/캐셔/매장관리, B2B영업/기술영업",경력 5년↑,정규직,서울,,2026-10-30,https://www.catch.co.kr/Comp/CompDetail/A5492/Recruit/534649,,2026-09-07 17:59:05
캐치,서영엔지니어링,건설사업관리(감리)&시공 기술자 채용,"시공/현장/감리/공무, 시설/보안/경비/안전, 전기/소방/통신/안전",경력 3년↑,정규직/계약직,경기,,2026-12-31,https://www.catch.co.kr/Comp/CompDetail/046636/Recruit/534277,,2026-09-07 17:59:05
캐치,서영엔지니어링,항만(건설사업관리기술인) 경력직 모집,토목/조경/도시/측량,경력 5년↑,정규직,경기,,2026-12-31,https://www.catch.co.kr/Comp/CompDetail/046636/Recruit/534276,,2026-09-07 17:59:05
캐치,헤리티지자산운용,2026년 경력사원 상시채용,"경영분석/컨설턴트, 부동산/중개/분양/경매, 재무/세무/IR, 증권/투자/펀드/외환",경력 5년↑,정규직,서울,,2026-12-31,https://www.catch.co.kr/Comp/CompDetail/JH0673/Recruit/534000,,2026-09-07 17:59:05
캐치,쿠팡로지스틱스서비스,[전국/ 경력무관]쿠팡CLS 지게차(입출고 오퍼레이터)전국 채용 (지게차/사무/기타제반),화물/중장비,경력무관,계약직,경기/전국/서울/인천,,2026-12-31,https://www.catch.co.kr/Comp/CompDetail/JC8624/Recruit/533611,,2026-09-07 17:59:05
캐치,이스트게임즈,해외서비스 PM (영어/중국어),웹기획/PM/웹마케팅,경력무관,정규직,서울,,2026-09-30,https://www.catch.co.kr/Comp/CompDetail/H66413/Recruit/532333,,2026-09-07 17:59:06
캐치,삼일회계법인,[삼일회계법인] AWM PEF Tax Service팀 채용 (경력직),재무/세무/IR,경력 4~99년,정규직,서울,,2027-12-02,https://www.catch.co.kr/Comp/CompDetail/206652/Recruit/531234,,2026-09-07 17:59:06
캐치,이스트게임즈,웹 개발자 (프론트엔드/백엔드),"웹개발, 웹기획/PM/웹마케팅",경력 3년↑,정규직,서울,,2026-09-30,https://www.catch.co.kr/Comp/CompDetail/H66413/Recruit/525564,,2026-09-07 17:59:06
캐치,이스트게임즈,MMORPG 온라인/모바일 게임 클라이언트 프로그래머,게임,경력,정규직,서울,,2026-09-30,https://www.catch.co.kr/Comp/CompDetail/H66413/Recruit/525562,,2026-09-07 17:59:06
캐치,이스트게임즈,DevOps 엔지니어,게임,경력,정규직,서울,,2026-09-30,https://www.catch.co.kr/Comp/CompDetail/H66413/Recruit/525560,,2026-09-07 17:59:06
캐치,이스트게임즈,정보 보안 운영 관리 엔지니어 채용,네트워크/서버/보안,경력,정규직,서울,,2026-09-30,https://www.catch.co.kr/Comp/CompDetail/H66413/Recruit/525558,,2026-09-07 17:59:06
캐치,이스트게임즈,산업기능요원 보충역/전직자 채용,"게임, 웹개발",경력,정규직,서울,,2026-09-30,https://www.catch.co.kr/Comp/CompDetail/H66413/Recruit/525557,,2026-09-07 17:59:06
캐치,마티니 아이오,[(주)마티니 아이오] CRM 마케터,마케팅/PR/분석,경력 2년↑,정규직,서울,,2026-09-07,https://www.catch.co.kr/Comp/CompDetail/PO7408/Recruit/519574,,2026-09-07 17:59:06
캐치,마티니 아이오,(주)마티니 아이오 세일즈 매니저 Sales Manager (Account Executive) ,"일반영업, B2B영업/기술영업",경력 2년↑,정규직,서울,,2026-09-07,https://www.catch.co.kr/Comp/CompDetail/PO7408/Recruit/519567,,2026-09-07 17:59:06
캐치,씨이케이,주식회사 CEK 화성사업장 기술생산직 정규직 모집,생산/제조/설비/조립,경력무관,정규직,경기,,2026-12-31,https://www.catch.co.kr/Comp/CompDetail/F23637/Recruit/519173,,2026-09-07 17:59:06
캐치,씨이케이,(신입) 2025 씨이케이 영업 부서 채용 공고,"고객관리/인바운드, 배송/택배/운전, 영업관리/지원/영업기획, 일반영업",신입,정규직,경기,,2026-12-31,https://www.catch.co.kr/Comp/CompDetail/F23637/Recruit/519169,,2026-09-07 17:59:06
캐치,쿠팡로지스틱스서비스,[연최대3500만/현장사무보조]쿠팡CLS필드어드민채용(경력무관/초보가능),"배송/택배/운전, 사무보조/문서작성, 인사/노무/교육",경력무관,계약직,서울/전국/충북/전남/경기,,2027-12-31,https://www.catch.co.kr/Comp/CompDetail/JC8624/Recruit/478950,,2026-09-07 17:59:06
캐치,쿠팡로지스틱스서비스,[월최대 450 가능] 쿠팡CLS 현장관리 및 사무 행정(경력무관) 채용,배송/택배/운전,경력무관,계약직,서울/전국/충북/전남/경기,,2027-12-31,https://www.catch.co.kr/Comp/CompDetail/JC8624/Recruit/478380,,2026-09-07 17:59:06
캐치,쿠팡로지스틱스서비스,[월최대 504만원] 쿠팡배송기사님 전국 채용 (CLS/택배/초보가능),배송/택배/운전,경력무관,계약직,서울/경기/전국,,2027-12-31,https://www.catch.co.kr/Comp/CompDetail/JC8624/Recruit/472661,,2026-09-07 17:59:06
캐치,쿠팡로지스틱스서비스,[기본급최대406만] 물류 알바관리자 채용(쿠팡CLS/헬퍼리더),배송/택배/운전,경력무관,계약직,충북/서울/경기/제주/인천/광주/전국,,2027-12-31,https://www.catch.co.kr/Comp/CompDetail/JC8624/Recruit/413809,,2026-09-07 17:59:06
캐치,쿠팡로지스틱스서비스,[4시간30분 근무] 쿠팡CLS 지게차 채용 (지게차/사무/기타제반),화물/중장비,경력무관,계약직,경기/전국/서울/인천,,2026-12-31,https://www.catch.co.kr/Comp/CompDetail/JC8624/Recruit/411047,,2026-09-07 17:59:06
캐치,쿠팡로지스틱스서비스,[쿠팡CLS] 물류운영지원&사무(현장운영/관리/초보주부환영),배송/택배/운전,경력무관,계약직,서울,,2027-12-31,https://www.catch.co.kr/Comp/CompDetail/JC8624/Recruit/370386,,2026-09-07 17:59:06
