공고URL,모집분야,직무키워드,담당업무,자격요건,우대사항,직급직책,근무형태,근무시간,급여,업종,직종,상세주소,모집인원,학력,수집시각
https://job.career.co.kr/recruit/view/21975838,"대기업골프장 호텔 외식사업부(정규직) 모집 안녕하세요. KHA한국호텔리어협회입니다. 경기, 충청, 경상, 호남, 강원권 골프장 호텔 에서 근무할 외식사업부 정규직원 을 모집하고 있습니다. 모집부문 모집부문 담당업무 지원조건 및 우대사항 프런트 - 골프장 프런트데스크 업무 - VIP회원제 운영/호텔 프런트 업무 동일 - 예약확인 : VIP고객 예약확인 - 고","골프캐디, 웨이터, 웨이트리스, 조리사, 홀써빙",,,"프런트 - 골프장 프런트데스크 업무 - VIP회원제 운영/호텔 프런트 업무 동일 - 예약확인 : VIP고객 예약확인 - 고객안내 : 전화, 라운딩 시간 등 안내 - 고객라운딩 후 정산 업무 - 골프용품 판매 - 회원관리 및 예약, 비서업무 - 성별 : 성별무관 - 학력 : 학력무관 - 경력 : 신입ㆍ경력 - 관광과호텔경영학과, 외식산업학과 - 졸업 및 예정자 가능 - 전공 상관없음 - 동일분야 경력자 우대 회원관리 예약실 골프샵 비서실 식음료 (F&B) - 클럽하우스 레스토랑 / VIP룸 / 그늘집 - (회원제 운영 / 호텔 식음료 업무 동일) - Greeting : VIP 고객의 영접 및 서빙 - Table Setting, 연회 세팅 및 행사 준비 - 식음료주문 및 서비스 - 캐셔 업무 - 한ㆍ일ㆍ양ㆍ중식(조리) - 리셉션 - 성별 : 남 / 녀 - 학력 : 학력무관 - 경력 : 신입ㆍ경력 - 관광과, 호텔경영, 외식산업 및 - 관련학과 전공자 우대 - 졸업 예정자 가능 - 전공상관없음 - 신입 정규직 지원가 웨이트레스 웨이터 컨시어시 케셔 연회부 리셉션 조리부 응시자격 남, 여 나이무관 초보가능 (관광호텔경력자 및 외식사업관련 경력자 우대) 남자의경우 군필자 우선채용 졸업예정자 및 휴학생 가능 급여조건 연봉 : (초봉) 연 3,300~3,700만원 [퇴직금 별도지급(급여 연차적인상) 각종수당및 매년 성과금 지급]",,정규직,"주5일근무, 9:00 ~ 18:00","연봉 3,400~3,600",골프캐디양성및권리보호 골프장호텔 무료취업추천,,경기 전지역,0명,학력무관,2026-09-08 14:25:43
https://job.career.co.kr/recruit/view/22117569,인카금융서비스(주) 금융조직을 이끌 차세대 리더를 모집합니다. 모집부문 및 자격요건 모집분야 담당업무 모집인원 지원자격 차세대 금융 리더 모집(보험) 금융전문가 양성 교육 이수/조직관리 및 리더십 역량 개발/팀 운영 및 인재 육성/고객 컨설팅 및 금융서비스 지원/성과관리 및 조직 성장 업무 00명 학력 : 학력무관 성별 : 성별무관 나이 : 연령무관 차세대,"금융영업, 보험설계, 보험영업",금융전문가 양성 교육 이수/조직관리 및 리더십 역량 개발/팀 운영 및 인재 육성/고객 컨설팅 및 금융서비스 지원/성과관리 및 조직 성장 업무,차세대 금융 리더 모집(보험) 금융전문가 양성 교육 이수/조직관리 및 리더십 역량 개발/팀 운영 및 인재 육성/고객 컨설팅 및 금융서비스 지원/성과관리 및 조직 성장 업무 00명 학력 : 학력무관 성별 : 성별무관 나이 : 연령무관 차세대 금융 리더 모집(보험) (00),,,프리랜서,"주5일근무, 9:00 ~ 18:00",회사내규에 따름 면접 후 결정,보험 판매,,서울 전지역,,학력무관,2026-09-08 14:25:43
https://job.career.co.kr/recruit/view/22111783,,"기타운송, 납품, 물류, 물류관리, 물류센터, 배송, 배차, 상품입출고, 운반.하역, 운송, 운전기사, 육로운송, 이삿짐센터, 중장비운전, 퀵서비스, 택배기사, 화물차운전",,,,,"정규직, 계약직, 프리랜서","주6일근무, 8:00 ~ 18:00",월급 500만원,"화물운송,광고대행",,대전 전지역,00명,학력무관,2026-09-08 14:25:44
https://job.career.co.kr/recruit/view/22103185,,"마케팅, 마케팅기획, 마케팅전략, 온라인마케팅, 키워드광고",,,,,정규직,"주5일근무, 9:30 ~ 19:00","연봉 3,000~3,200","온라인정보 제공,소프트웨어개발/사업경영,관리자문/광고대행",,부산 동구,0명,"대학(2,3년) 졸업 이상",2026-09-08 14:25:45
https://job.career.co.kr/recruit/view/22039271,"[현대그린푸드] 외식부문 홀서비스·판매 등 상시채용 현대그룹와 함께할 유능한 인재를 모집하오니 많은 관심과 지원 바랍니다. ""건강한 자연과 우리의 정직한 마음이 맛있는 삶을 만들어 갑니다."" 현대그린푸드는 종합식품기업으로 단체급식, 식자재 유통, 외식, 건강식 등 식품과 관련된 다양한 사업을 운영하고 있습니다. 건강하고 지속 가능한 식품과 음식을 제공하여 ","매니져, 매장관리, 소믈리에, 홀써빙",,"직무 세부세항 근무지 외식 서비스직 ( 0 명 ) [업무] 외식부분 홀 서비스: 홀서빙, 소믈리에, 그로서리 판매, 매니저 [","] 관련 전공(관광경영학, 호텔경영학 등) 졸업 우대 관련 경력(외식 홀 서비스, 소믈리에, 그로서리 판매 등) 보유 우대 관련 자격(CS Leaders, 국제 바리스타 등) 보유 우대 전국 (현대백화점 內 외식 사업장 등) ※ 대표 브랜드: h'Kichen(푸드코트), 본가스시(일식), 텍사스로드하우스(스테이크), EATALY(이탈리안 레스토랑), h'Dining(양식 레스토랑), 구찌오스테리아(파인다이닝), 현대블룸비스타(호텔케이터링) 등 ◆",,정규직,"주5일근무, 8:30 ~ 17:30",회사내규에 따름 면접 후 결정,"푸드서비스(단체급식),식자재,공산품,생식품 유통서비스",,서울 전지역,0명,학력무관,2026-09-08 14:25:45
https://job.career.co.kr/recruit/view/22103184,,"마케팅, 마케팅기획, 마케팅전략, 온라인마케팅, 키워드광고",,,,,정규직,"주5일근무, 9:30 ~ 19:00","연봉 3,000~3,200","온라인정보 제공,소프트웨어개발/사업경영,관리자문/광고대행",,부산 동구,0명,"대학(2,3년) 졸업 이상",2026-09-08 14:25:45
https://job.career.co.kr/recruit/view/22097198,"500 여 명 기사들의 지속적인 선택! 담당업무 ㆍ의정부 지역 센터 > 대전 중앙 물류 센터 (1회 순환 운행) ㆍ5톤 윙바디 화물차 운전 ㆍ수작업 없음(상하차시 휴식 대기) 급여조건 ㆍ고정급 완제 800만: 정부고시기준분류-기본운송료 700만원+추가배송수당100만원 ㆍ유류비, 통행비 별도 100% 지급, 식대지원은 없음 자격요건 ㆍ학력, 경력 : 무관 ㆍ",화물차운전,"ㆍ의정부 지역 센터 > 대전 중앙 물류 센터 (1회 순환 운행) ㆍ5톤 윙바디 화물차 운전 ㆍ수작업 없음(상하차시 휴식 대기) 급여조건 ㆍ고정급 완제 800만: 정부고시기준분류-기본운송료 700만원+추가배송수당100만원 ㆍ유류비, 통행비 별도 100% 지급, 식대지원은 없음","ㆍ학력, 경력 : 무관 ㆍ1종 보통 운전면허, 1종 대형면허 ㆍ화물운송자격증(추후 득해도 무방) 기본사항 ㆍ성실과 근면성으로 운전 업무에 임하셔야 함 상류층은 못 되어도 중산층으로 지속적인 여유를 만들어 갈 수 있습니다.",,,"정규직, 계약직","주6일근무, 20:00 ~ 10:00","월급 8,000,000만원","일반화물,화물자동차매매 알선 및 주선,자동차 매매업,화물자동차 출고 대행 서비스",,서울 전지역,2명,학력무관,2026-09-08 14:25:45
https://job.career.co.kr/recruit/view/22007553,"[글로벌 자동차 부품사] CATIA 설계 엔지니어 경력 (부산) 엘앤피자동차코리아(주)는 Leggett&Platt 의 자동차 그룹 한국지사로, 자동차 그룹 본사는 캐나다에 있으며, 자동차 시트내 요추받침대, 마사지 등을 제조하여 국내 자동차 업체에 납품하고 있습니다. Leggett & Platt, Incorporated 통합 본부 Carthage, Miss","기구설계, 자동차부품개발, CATIA",? CATIA를 활용한 자동차 부품 설계 ? 프로젝트 개발 지원 및 일정 관리 ? 기술 문서 작성 및 PLM 시스템 유지 관리 ? BOM 작성 / PLM 프로세스 및 도면 관리 / ISO 관련 문서 전반 관리 ? 제품 및 개발 관련 고객 상담 ? 고객과의 커뮤니케이션 및 국내외 출장 참여 등,CATIA 설계 엔지니어 ? CATIA를 활용한 자동차 부품 설계 ? 프로젝트 개발 지원 및 일정 관리 ? 기술 문서 작성 및 PLM 시스템 유지 관리 ? BOM 작성 / PLM 프로세스 및 도면 관리 / ISO 관련 문서 전반 관리 ? 제품 및 개발 관련 고객 상담 ? 고객과의 커뮤니케이션 및 국내외 출장 참여 등 1명 학력 : 대학교(4년) 졸업 이상 CATIA 설계 툴 사용 능력 필수 PLM 시스템 사용 경험 *,현대기아차 (HKMC) 프로젝트 유경험자 영어 커뮤니케이션 가능자 (예: OPIC IM2 이상 또는 TOEIC 600점이상) * 기타 3년 이상 경력자 (대리~차장급) 글로벌 환경에서 다양한 프로젝트에 참여할 수 있는 기회 제공 적극적이고 유연한 커뮤니케이션 역량을 갖춘 인재를 환영합니다. 고객 및 동료와의 소통에서 긍정적이고 능동적인 마인드를 지닌 분을 선호합니다. CATIA 설계 엔지니어 (1),,정규직,"주5일근무, 9:00 ~ 18:00",연봉 면접 후 결정,"자동차부품 제조,도매",,부산 사상구,,대학교(4년) 졸업 이상,2026-09-08 14:25:46
https://job.career.co.kr/recruit/view/22070497,"500 여 명 기사님들이 신뢰하는 기업! 포지션 및 자격요건 포지션 ( 3명 ) 담당업무 ㆍ 남양주 지역 센터 > 대전 중앙 물류 센터 ㆍ5톤 윙바디 화물차 운전 ㆍ수작업 없음(상하차시 휴식 대기) 급여조건 ㆍ고정급 완제 800만: 정부고시기준분류-기본운송료 700만원+추가배송수당 100만원 (매출제 변경 가능) ㆍ 유류비, 통행비 별도 100% 지급, 식",화물차운전,"ㆍ 남양주 지역 센터 > 대전 중앙 물류 센터 ㆍ5톤 윙바디 화물차 운전 ㆍ수작업 없음(상하차시 휴식 대기) 급여조건 ㆍ고정급 완제 800만: 정부고시기준분류-기본운송료 700만원+추가배송수당 100만원 (매출제 변경 가능) ㆍ 유류비, 통행비 별도 100% 지급, 식대지원은 없음","ㆍ학력, 경력 : 무관 ㆍ1종 보통 운전면허, 1종 대형면허 ㆍ화물운송자격증(추후 득해도 무방) 기본사항 ㆍ성실과 근면성으로 운전 업무에 임하셔야 함 저희와 함께 5톤 윙바디 화물차 운전으로 중산층 영유 가능합니다",,,"정규직, 계약직","주6일근무, 20:00 ~ 10:00","월급 8,000,000만원","일반화물,화물자동차매매 알선 및 주선,자동차 매매업,화물자동차 출고 대행 서비스",,서울 전지역,2명,학력무관,2026-09-08 14:25:46
https://job.career.co.kr/recruit/view/22193473,,,,,,,계약직,주6일근무,시급,,,부산 중구,,학력무관,2026-09-08 14:25:46
https://job.career.co.kr/recruit/view/22193472,,,,,,,계약직,주4일근무,월급,,,부산 영도구,,고등학교 졸업 이상,2026-09-08 14:25:46
https://job.career.co.kr/recruit/view/22193471,,,,,,,정규직,주5일근무,시급,,,부산 수영구,,학력무관,2026-09-08 14:25:47
https://job.career.co.kr/recruit/view/22193470,,,,,,,정규직,주5일근무,시급,,,부산 수영구,,학력무관,2026-09-08 14:25:47
https://job.career.co.kr/recruit/view/22193469,,,,,,,정규직,주3일근무,시급,,,부산 영도구,,학력무관,2026-09-08 14:25:47
https://job.career.co.kr/recruit/view/22193468,,,,,,,정규직,주5일근무,연봉,,,부산 사상구,,학력무관,2026-09-08 14:25:48
https://job.career.co.kr/recruit/view/22193467,,,,,,,계약직,주6일근무,시급,,,부산 서구,,학력무관,2026-09-08 14:25:48
https://job.career.co.kr/recruit/view/22193466,,,,,,,정규직,주5일근무,시급,,,부산 부산진구,,학력무관,2026-09-08 14:25:48
https://job.career.co.kr/recruit/view/22193465,,,,,,,정규직,주3일근무,시급,,,부산 금정구,,학력무관,2026-09-08 14:25:49
https://job.career.co.kr/recruit/view/22193464,,,,,,,정규직,주5일근무,월급,,,부산 동래구,,학력무관,2026-09-08 14:25:49
https://job.career.co.kr/recruit/view/22193463,,,,,,,계약직,주5일근무,월급,,,부산 기장군,,학력무관,2026-09-08 14:25:49
https://job.career.co.kr/recruit/view/22193462,,,,,,,정규직,주5일근무,시급,,,부산 강서구,,학력무관,2026-09-08 14:25:50
https://job.career.co.kr/recruit/view/22193118,,,,,,,정규직,주5일근무,월급,,,부산 해운대구,,학력무관,2026-09-08 14:25:50
https://job.career.co.kr/recruit/view/22193117,,,,,,,계약직,주6일근무,시급,,,부산 연제구,,학력무관,2026-09-08 14:25:50
https://job.career.co.kr/recruit/view/22193116,,,,,,,정규직,주5일근무,연봉,,,부산 사상구,,학력무관,2026-09-08 14:25:51
https://job.career.co.kr/recruit/view/22193031,,,,,,,계약직,주5일근무,연봉,,,부산 중구,,학력무관,2026-09-08 14:25:51
https://job.career.co.kr/recruit/view/22193030,,,,,,,계약직,주6일근무,월급,,,부산 기장군,,학력무관,2026-09-08 14:25:51
https://job.career.co.kr/recruit/view/22193029,,,,,,,계약직,주5일근무,월급,,,부산 기장군,,학력무관,2026-09-08 14:25:52
https://job.career.co.kr/recruit/view/22193028,,,,,,,계약직,주6일근무,월급,,,부산 동래구,,학력무관,2026-09-08 14:25:52
https://job.career.co.kr/recruit/view/22193027,,,,,,,계약직,주6일근무,월급,,,부산 연제구,,학력무관,2026-09-08 14:25:52
https://job.career.co.kr/recruit/view/22193026,,,,,,,계약직,주6일근무,월급,,,부산 동래구,,학력무관,2026-09-08 14:25:53
https://job.career.co.kr/recruit/view/22193025,,,,,,,정규직,주5일근무,연봉,,,부산 해운대구,,대학교(4년) 졸업 이상,2026-09-08 14:25:53
https://job.career.co.kr/recruit/view/22193024,,,,,,,정규직,주5일근무,시급,,,부산 서구,,학력무관,2026-09-08 14:25:53
https://job.career.co.kr/recruit/view/22193023,,,,,,,정규직,주5일근무,시급,,,부산 기장군,,학력무관,2026-09-08 14:25:54
https://job.career.co.kr/recruit/view/22193022,,,,,,,정규직,주6일근무,월급,,,부산 동래구,,학력무관,2026-09-08 14:25:54
https://job.career.co.kr/recruit/view/22193021,,,,,,,정규직,주5일근무,시급,,,부산 기장군,,학력무관,2026-09-08 14:25:54
https://job.career.co.kr/recruit/view/22193020,,,,,,,정규직,주3일근무,시급,,,부산 연제구,,학력무관,2026-09-08 14:25:55
https://job.career.co.kr/recruit/view/22193019,,,,,,,정규직,주6일근무,시급,,,부산 부산진구,,학력무관,2026-09-08 14:25:55
https://job.career.co.kr/recruit/view/22193018,,,,,,,계약직,주5일근무,월급,,,부산 북구,,학력무관,2026-09-08 14:25:55
https://job.career.co.kr/recruit/view/22193017,,,,,,,정규직,주3일근무,시급,,,부산 부산진구,,학력무관,2026-09-08 14:25:56
https://job.career.co.kr/recruit/view/22193016,,,,,,,정규직,주5일근무,시급,,,부산 금정구,,학력무관,2026-09-08 14:25:56
https://job.career.co.kr/recruit/view/22193014,,,,,,,정규직,주5일근무,시급,,,부산 동래구,,학력무관,2026-09-08 14:25:56
https://job.career.co.kr/recruit/view/22193013,,,,,,,정규직,주5일근무,시급,,,부산 남구,,학력무관,2026-09-08 14:25:57
https://job.career.co.kr/recruit/view/22193012,,,,,,,정규직,주5일근무,시급,,,부산 사상구,,학력무관,2026-09-08 14:25:57
https://job.career.co.kr/recruit/view/22193011,,,,,,,정규직,주6일근무,시급,,,부산 수영구,,학력무관,2026-09-08 14:25:57
https://job.career.co.kr/recruit/view/22193010,,,,,,,정규직,주4일근무,시급,,,부산 수영구,,학력무관,2026-09-08 14:25:58
https://job.career.co.kr/recruit/view/22193009,,,,,,,정규직,주5일근무,시급,,,부산 부산진구,,학력무관,2026-09-08 14:25:58
https://job.career.co.kr/recruit/view/22193008,,,,,,,정규직,주5일근무,시급,,,부산 영도구,,학력무관,2026-09-08 14:25:58
https://job.career.co.kr/recruit/view/22193007,,,,,,,정규직,주3일근무,시급,,,부산 해운대구,,학력무관,2026-09-08 14:25:59
https://job.career.co.kr/recruit/view/22193006,,,,,,,정규직,주5일근무,시급,,,부산 부산진구,,학력무관,2026-09-08 14:25:59
https://job.career.co.kr/recruit/view/22193005,,,,,,,정규직,주5일근무,시급,,,부산 연제구,,학력무관,2026-09-08 14:25:59
https://job.career.co.kr/recruit/view/22193004,,,,,,,정규직,주5일근무,월급,,,부산 사하구,,학력무관,2026-09-08 14:26:00
https://job.career.co.kr/recruit/view/22193003,,,,,,,정규직,주5일근무,월급,,,부산 사하구,,학력무관,2026-09-08 14:26:00
https://job.career.co.kr/recruit/view/22193002,,,,,,,정규직,주6일근무,시급,,,부산 사하구,,학력무관,2026-09-08 14:26:00
https://job.career.co.kr/recruit/view/22193001,,,,,,,정규직,주5일근무,시급,,,부산 남구,,학력무관,2026-09-08 14:26:01
https://job.career.co.kr/recruit/view/22193000,,,,,,,정규직,주5일근무,시급,,,부산 영도구,,학력무관,2026-09-08 14:26:01
https://job.career.co.kr/recruit/view/22192999,,,,,,,정규직,주5일근무,시급,,,부산 동래구,,학력무관,2026-09-08 14:26:01
https://job.career.co.kr/recruit/view/22192926,,,,,,,계약직,주5일근무,시급,,,부산 사상구,,학력무관,2026-09-08 14:26:02
https://job.career.co.kr/recruit/view/22192925,,,,,,,계약직,주5일근무,시급,,,부산 사상구,,학력무관,2026-09-08 14:26:02
https://job.career.co.kr/recruit/view/22192861,,,,,,,정규직,주6일근무,시급,,,부산 수영구,,학력무관,2026-09-08 14:26:02
https://job.career.co.kr/recruit/view/22192689,,,,,,,계약직,주6일근무,시급,,,부산 부산진구,,학력무관,2026-09-08 14:26:03
https://job.career.co.kr/recruit/view/22192686,,,,,,,계약직,주5일근무,시급,,,부산 강서구,,학력무관,2026-09-08 14:26:03
https://job.career.co.kr/recruit/view/22192685,,,,,,,계약직,주3일근무,시급,,,부산 금정구,,학력무관,2026-09-08 14:26:03
https://job.career.co.kr/recruit/view/22192670,,,,,,,정규직,주4일근무,시급,,,부산 서구,,고등학교 졸업 이상,2026-09-08 14:26:04
https://job.career.co.kr/recruit/view/22192669,,,,,,,정규직,주3일근무,시급,,,부산 영도구,,학력무관,2026-09-08 14:26:04
https://job.career.co.kr/recruit/view/22192668,,,,,,,정규직,주6일근무,시급,,,부산 부산진구,,학력무관,2026-09-08 14:26:04
https://job.career.co.kr/recruit/view/22192667,,,,,,,계약직,주5일근무,시급,,,부산 남구,,학력무관,2026-09-08 14:26:05
https://job.career.co.kr/recruit/view/22192666,,,,,,,계약직,주4일근무,시급,,,부산 동구,,학력무관,2026-09-08 14:26:05
https://job.career.co.kr/recruit/view/22192665,,,,,,,계약직,주5일근무,시급,,,부산 강서구,,학력무관,2026-09-08 14:26:05
https://job.career.co.kr/recruit/view/22192664,,,,,,,계약직,주5일근무,시급,,,부산 강서구,,학력무관,2026-09-08 14:26:06
https://job.career.co.kr/recruit/view/22192663,,,,,,,정규직,주4일근무,시급,,,부산 수영구,,학력무관,2026-09-08 14:26:06
https://job.career.co.kr/recruit/view/22192662,,,,,,,정규직,주6일근무,시급,,,부산 영도구,,학력무관,2026-09-08 14:26:06
https://job.career.co.kr/recruit/view/22192661,,,,,,,정규직,주6일근무,월급,,,부산 강서구,,학력무관,2026-09-08 14:26:07
https://job.career.co.kr/recruit/view/22192660,,,,,,,정규직,주5일근무,시급,,,부산 사하구,,학력무관,2026-09-08 14:26:07
https://job.career.co.kr/recruit/view/22192659,,,,,,,계약직,주6일근무,시급,,,부산 동래구,,학력무관,2026-09-08 14:26:07
https://job.career.co.kr/recruit/view/22192658,,,,,,,계약직,주6일근무,월급,,,부산 사하구,,학력무관,2026-09-08 14:26:08
https://job.career.co.kr/recruit/view/22192657,,,,,,,정규직,주5일근무,시급,,,부산 남구,,학력무관,2026-09-08 14:26:08
https://job.career.co.kr/recruit/view/22192175,,,,,,,계약직,주6일근무,월급,,,부산 해운대구,,학력무관,2026-09-08 14:26:08
https://job.career.co.kr/recruit/view/22191984,,,,,,,정규직,주5일근무,연봉,,,부산 사상구,,"대학(2,3년) 졸업 이상",2026-09-08 14:26:09
https://job.career.co.kr/recruit/view/22190652,,,,,,,계약직,주5일근무,월급,,,부산 강서구,,학력무관,2026-09-08 14:26:09
https://job.career.co.kr/recruit/view/22190407,,,,,,,계약직,주5일근무,시급,,,부산 중구,,학력무관,2026-09-08 14:26:09
https://job.career.co.kr/recruit/view/22190258,,,,,,,정규직,주5일근무,월급,,,부산 해운대구,,학력무관,2026-09-08 14:26:10
https://job.career.co.kr/recruit/view/22189802,,,,,,,정규직,주5일근무,시급,,,부산 기장군,,학력무관,2026-09-08 14:26:10
https://job.career.co.kr/recruit/view/22189787,,,,,,,계약직,주5일근무,일급,,,부산 남구,,학력무관,2026-09-08 14:26:10
https://job.career.co.kr/recruit/view/22189687,,,,,,,정규직,주6일근무,월급,,,부산 강서구,,학력무관,2026-09-08 14:26:11
https://job.career.co.kr/recruit/view/22189686,,,,,,,정규직,주5일근무,시급,,,부산 강서구,,학력무관,2026-09-08 14:26:11
https://job.career.co.kr/recruit/view/22189685,,,,,,,정규직,주6일근무,월급,,,부산 강서구,,학력무관,2026-09-08 14:26:11
https://job.career.co.kr/recruit/view/22189684,,,,,,,정규직,주5일근무,월급,,,부산 강서구,,학력무관,2026-09-08 14:26:12
https://job.career.co.kr/recruit/view/22189683,,,,,,,정규직,주5일근무,시급,,,부산 사상구,,학력무관,2026-09-08 14:26:12
https://job.career.co.kr/recruit/view/22189682,,,,,,,계약직,주5일근무,월급,,,부산 사상구,,고등학교 졸업 이상,2026-09-08 14:26:12
https://job.career.co.kr/recruit/view/22189681,,,,,,,정규직,주5일근무,시급,,,부산 사상구,,학력무관,2026-09-08 14:26:13
https://job.career.co.kr/recruit/view/22189680,,,,,,,정규직,주5일근무,시급,,,부산 사상구,,학력무관,2026-09-08 14:26:13
https://job.career.co.kr/recruit/view/22189679,,,,,,,정규직,주6일근무,월급,,,부산 강서구,,학력무관,2026-09-08 14:26:13
https://job.career.co.kr/recruit/view/22189678,,,,,,,정규직,주5일근무,연봉,,,부산 강서구,,학력무관,2026-09-08 14:26:14
https://job.career.co.kr/recruit/view/22189677,,,,,,,정규직,주5일근무,월급,,,부산 강서구,,학력무관,2026-09-08 14:26:14
https://job.career.co.kr/recruit/view/22189676,,,,,,,정규직,주5일근무,연봉,,,부산 강서구,,학력무관,2026-09-08 14:26:14
https://job.career.co.kr/recruit/view/22189675,,,,,,,계약직,주3일근무,월급,,,부산 수영구,,학력무관,2026-09-08 14:26:15
https://job.career.co.kr/recruit/view/22189674,,,,,,,정규직,주5일근무,시급,,,부산 사상구,,학력무관,2026-09-08 14:26:15
https://job.career.co.kr/recruit/view/22189673,,,,,,,정규직,주5일근무,시급,,,부산 강서구,,학력무관,2026-09-08 14:26:15
https://job.career.co.kr/recruit/view/22189672,,,,,,,정규직,주5일근무,연봉,,,부산 강서구,,학력무관,2026-09-08 14:26:16
https://job.career.co.kr/recruit/view/22189671,,,,,,,정규직,주5일근무,시급,,,부산 강서구,,학력무관,2026-09-08 14:26:16
https://job.career.co.kr/recruit/view/22189670,,,,,,,정규직,주5일근무,연봉,,,부산 강서구,,학력무관,2026-09-08 14:26:16
https://job.career.co.kr/recruit/view/22189669,,,,,,,정규직,주5일근무,시급,,,부산 강서구,,학력무관,2026-09-08 14:26:17
https://job.career.co.kr/recruit/view/22189668,,,,,,,정규직,주5일근무,연봉,,,부산 강서구,,학력무관,2026-09-08 14:26:17
https://job.career.co.kr/recruit/view/22189667,,,,,,,정규직,주4일근무,월급,,,부산 사상구,,학력무관,2026-09-08 14:26:17
https://job.career.co.kr/recruit/view/22189666,,,,,,,계약직,주4일근무,월급,,,부산 북구,,학력무관,2026-09-08 14:26:18
https://job.career.co.kr/recruit/view/22189665,,,,,,,정규직,주5일근무,연봉,,,부산 강서구,,"대학(2,3년) 졸업 이상",2026-09-08 14:26:18
https://job.career.co.kr/recruit/view/22189663,,,,,,,정규직,주5일근무,연봉,,,부산 강서구,,학력무관,2026-09-08 14:26:18
https://job.career.co.kr/recruit/view/22189662,,,,,,,정규직,주5일근무,연봉,,,부산 강서구,,학력무관,2026-09-08 14:26:19
https://job.career.co.kr/recruit/view/22189661,,,,,,,계약직,주5일근무,연봉,,,부산 강서구,,학력무관,2026-09-08 14:26:19
https://job.career.co.kr/recruit/view/22189660,,,,,,,정규직,주5일근무,연봉,,,부산 강서구,,학력무관,2026-09-08 14:26:19
https://job.career.co.kr/recruit/view/22189659,,,,,,,정규직,주6일근무,월급,,,부산 강서구,,학력무관,2026-09-08 14:26:20
https://job.career.co.kr/recruit/view/22189657,,,,,,,정규직,주5일근무,월급,,,부산 강서구,,학력무관,2026-09-08 14:26:20
https://job.career.co.kr/recruit/view/22189656,,,,,,,정규직,주6일근무,월급,,,부산 강서구,,학력무관,2026-09-08 14:26:20
https://job.career.co.kr/recruit/view/22189655,,,,,,,정규직,주5일근무,월급,,,부산 강서구,,대학교(4년) 졸업 이상,2026-09-08 14:26:21
https://job.career.co.kr/recruit/view/22189654,,,,,,,정규직,주5일근무,월급,,,부산 강서구,,학력무관,2026-09-08 14:26:21
https://job.career.co.kr/recruit/view/22189653,,,,,,,정규직,주5일근무,시급,,,부산 강서구,,학력무관,2026-09-08 14:26:21
https://job.career.co.kr/recruit/view/22189652,,,,,,,정규직,주5일근무,월급,,,부산 강서구,,학력무관,2026-09-08 14:26:22
https://job.career.co.kr/recruit/view/22189651,,,,,,,정규직,주5일근무,시급,,,부산 강서구,,학력무관,2026-09-08 14:26:22
https://job.career.co.kr/recruit/view/22189650,,,,,,,정규직,주5일근무,연봉,,,부산 강서구,,학력무관,2026-09-08 14:26:22
https://job.career.co.kr/recruit/view/22189649,,,,,,,정규직,주5일근무,월급,,,부산 강서구,,학력무관,2026-09-08 14:26:23
https://job.career.co.kr/recruit/view/22189648,,,,,,,정규직,주5일근무,시급,,,부산 강서구,,학력무관,2026-09-08 14:26:23
https://job.career.co.kr/recruit/view/22189647,,,,,,,정규직,주5일근무,월급,,,부산 강서구,,학력무관,2026-09-08 14:26:23
https://job.career.co.kr/recruit/view/22189646,,,,,,,계약직,주5일근무,연봉,,,부산 사상구,,학력무관,2026-09-08 14:26:24
https://job.career.co.kr/recruit/view/22189645,,,,,,,정규직,주5일근무,월급,,,부산 사상구,,학력무관,2026-09-08 14:26:24
https://job.career.co.kr/recruit/view/22189644,,,,,,,정규직,주6일근무,시급,,,부산 강서구,,학력무관,2026-09-08 14:26:24
https://job.career.co.kr/recruit/view/22189643,,,,,,,계약직,주5일근무,월급,,,부산 동래구,,학력무관,2026-09-08 14:26:25
https://job.career.co.kr/recruit/view/22189642,,,,,,,정규직,주5일근무,월급,,,부산 강서구,,학력무관,2026-09-08 14:26:25
https://job.career.co.kr/recruit/view/22189641,,,,,,,정규직,주5일근무,월급,,,부산 강서구,,학력무관,2026-09-08 14:26:25
https://job.career.co.kr/recruit/view/22189640,,,,,,,정규직,주6일근무,월급,,,부산 강서구,,학력무관,2026-09-08 14:26:26
https://job.career.co.kr/recruit/view/22189639,,,,,,,계약직,주5일근무,시급,,,부산 강서구,,학력무관,2026-09-08 14:26:26
https://job.career.co.kr/recruit/view/22189638,,,,,,,정규직,주5일근무,시급,,,부산 기장군,,학력무관,2026-09-08 14:26:26
https://job.career.co.kr/recruit/view/22189637,,,,,,,정규직,주5일근무,월급,,,부산 강서구,,학력무관,2026-09-08 14:26:27
https://job.career.co.kr/recruit/view/22189636,,,,,,,계약직,주5일근무,월급,,,부산 강서구,,학력무관,2026-09-08 14:26:27
https://job.career.co.kr/recruit/view/22189635,,,,,,,정규직,주5일근무,연봉,,,부산 강서구,,학력무관,2026-09-08 14:26:27
https://job.career.co.kr/recruit/view/22189634,,,,,,,정규직,주5일근무,월급,,,부산 강서구,,학력무관,2026-09-08 14:26:28
https://job.career.co.kr/recruit/view/22189633,,,,,,,정규직,주5일근무,시급,,,부산 강서구,,학력무관,2026-09-08 14:26:28
https://job.career.co.kr/recruit/view/22189632,,,,,,,정규직,주5일근무,월급,,,부산 사상구,,학력무관,2026-09-08 14:26:28
https://job.career.co.kr/recruit/view/22189631,,,,,,,정규직,주5일근무,월급,,,부산 사상구,,학력무관,2026-09-08 14:26:29
https://job.career.co.kr/recruit/view/22189630,,,,,,,계약직,주5일근무,시급,,,부산 강서구,,학력무관,2026-09-08 14:26:29
https://job.career.co.kr/recruit/view/22189629,,,,,,,정규직,주5일근무,시급,,,부산 강서구,,학력무관,2026-09-08 14:26:29
https://job.career.co.kr/recruit/view/22189628,,,,,,,정규직,주5일근무,연봉,,,부산 강서구,,학력무관,2026-09-08 14:26:30
https://job.career.co.kr/recruit/view/22189627,,,,,,,정규직,주5일근무,연봉,,,부산 강서구,,학력무관,2026-09-08 14:26:30
https://job.career.co.kr/recruit/view/22189626,,,,,,,정규직,주6일근무,연봉,,,부산 강서구,,고등학교 졸업 이상,2026-09-08 14:26:30
https://job.career.co.kr/recruit/view/22189625,,,,,,,계약직,주5일근무,월급,,,부산 강서구,,학력무관,2026-09-08 14:26:31
https://job.career.co.kr/recruit/view/22189624,,,,,,,정규직,주5일근무,월급,,,부산 사상구,,학력무관,2026-09-08 14:26:31
https://job.career.co.kr/recruit/view/22189623,,,,,,,정규직,주5일근무,시급,,,부산 강서구,,학력무관,2026-09-08 14:26:31
https://job.career.co.kr/recruit/view/22189622,,,,,,,정규직,주5일근무,월급,,,부산 강서구,,학력무관,2026-09-08 14:26:32
https://job.career.co.kr/recruit/view/22189621,,,,,,,정규직,주6일근무,시급,,,부산 사상구,,학력무관,2026-09-08 14:26:32
https://job.career.co.kr/recruit/view/22189620,,,,,,,정규직,주6일근무,연봉,,,부산 강서구,,학력무관,2026-09-08 14:26:32
https://job.career.co.kr/recruit/view/22189619,,,,,,,계약직,주5일근무,월급,,,부산 동래구,,학력무관,2026-09-08 14:26:33
https://job.career.co.kr/recruit/view/22189618,,,,,,,정규직,주5일근무,월급,,,부산 해운대구,,학력무관,2026-09-08 14:26:33
https://job.career.co.kr/recruit/view/22189616,,,,,,,정규직,주6일근무,시급,,,부산 수영구,,학력무관,2026-09-08 14:26:33
https://job.career.co.kr/recruit/view/22189615,,,,,,,정규직,주5일근무,월급,,,부산 수영구,,학력무관,2026-09-08 14:26:34
https://job.career.co.kr/recruit/view/22189614,,,,,,,계약직,주5일근무,시급,,,부산 기장군,,학력무관,2026-09-08 14:26:34
https://job.career.co.kr/recruit/view/22189613,,,,,,,정규직,주6일근무,시급,,,부산 해운대구,,학력무관,2026-09-08 14:26:34
https://job.career.co.kr/recruit/view/22189612,,,,,,,계약직,주6일근무,시급,,,부산 수영구,,학력무관,2026-09-08 14:26:35
https://job.career.co.kr/recruit/view/22189611,,,,,,,정규직,주5일근무,연봉,,,부산 금정구,,고등학교 졸업 이상,2026-09-08 14:26:35
https://job.career.co.kr/recruit/view/22189610,,,,,,,계약직,주6일근무,월급,,,부산 동래구,,학력무관,2026-09-08 14:26:35
https://job.career.co.kr/recruit/view/22189609,,,,,,,정규직,주5일근무,월급,,,부산 금정구,,"대학(2,3년) 졸업 이상",2026-09-08 14:26:36
https://job.career.co.kr/recruit/view/22189608,,,,,,,정규직,주5일근무,시급,,,부산 기장군,,학력무관,2026-09-08 14:26:36
https://job.career.co.kr/recruit/view/22189607,,,,,,,정규직,주3일근무,시급,,,부산 수영구,,학력무관,2026-09-08 14:26:36
https://job.career.co.kr/recruit/view/22189605,,,,,,,정규직,주6일근무,월급,,,부산 기장군,,학력무관,2026-09-08 14:26:37
https://job.career.co.kr/recruit/view/22189604,,,,,,,정규직,주5일근무,시급,,,부산 해운대구,,학력무관,2026-09-08 14:26:37
https://job.career.co.kr/recruit/view/22189603,,,,,,,정규직,주5일근무,연봉,,,부산 기장군,,학력무관,2026-09-08 14:26:37
https://job.career.co.kr/recruit/view/22189602,,,,,,,계약직,주6일근무,월급,,,부산 수영구,,학력무관,2026-09-08 14:26:38
https://job.career.co.kr/recruit/view/22189601,,,,,,,정규직,주5일근무,월급,,,부산 금정구,,학력무관,2026-09-08 14:26:38
https://job.career.co.kr/recruit/view/22189600,,,,,,,계약직,주4일근무,일급,,,부산 기장군,,학력무관,2026-09-08 14:26:38
https://job.career.co.kr/recruit/view/22189599,,,,,,,계약직,주5일근무,연봉,,,부산 동래구,,대학교(4년) 졸업 이상,2026-09-08 14:26:39
https://job.career.co.kr/recruit/view/22189598,,,,,,,정규직,주5일근무,월급,,,부산 해운대구,,학력무관,2026-09-08 14:26:39
https://job.career.co.kr/recruit/view/22189597,,,,,,,정규직,주5일근무,연봉,,,부산 금정구,,학력무관,2026-09-08 14:26:39
https://job.career.co.kr/recruit/view/22189596,,,,,,,정규직,주5일근무,연봉,,,부산 동래구,,학력무관,2026-09-08 14:26:40
https://job.career.co.kr/recruit/view/22189595,,,,,,,정규직,주5일근무,연봉,,,부산 해운대구,,학력무관,2026-09-08 14:26:40
https://job.career.co.kr/recruit/view/22189594,,,,,,,계약직,주5일근무,월급,,,부산 해운대구,,학력무관,2026-09-08 14:26:40
https://job.career.co.kr/recruit/view/22189593,,,,,,,계약직,주5일근무,월급,,,부산 금정구,,고등학교 졸업 이상,2026-09-08 14:26:41
https://job.career.co.kr/recruit/view/22189592,,,,,,,정규직,주5일근무,월급,,,부산 기장군,,학력무관,2026-09-08 14:26:41
https://job.career.co.kr/recruit/view/22189591,,,,,,,정규직,주5일근무,연봉,,,부산 금정구,,학력무관,2026-09-08 14:26:41
https://job.career.co.kr/recruit/view/22189590,,,,,,,정규직,주3일근무,시급,,,부산 해운대구,,학력무관,2026-09-08 14:26:42
https://job.career.co.kr/recruit/view/22189589,,,,,,,정규직,주5일근무,연봉,,,부산 기장군,,학력무관,2026-09-08 14:26:42
https://job.career.co.kr/recruit/view/22189588,,,,,,,계약직,주6일근무,시급,,,부산 해운대구,,학력무관,2026-09-08 14:26:42
https://job.career.co.kr/recruit/view/22189587,,,,,,,정규직,주5일근무,시급,,,부산 기장군,,학력무관,2026-09-08 14:26:43
https://job.career.co.kr/recruit/view/22189586,,,,,,,정규직,주5일근무,월급,,,부산 기장군,,학력무관,2026-09-08 14:26:43
https://job.career.co.kr/recruit/view/22189585,,,,,,,정규직,주5일근무,연봉,,,부산 기장군,,학력무관,2026-09-08 14:26:43
https://job.career.co.kr/recruit/view/22189584,,,,,,,정규직,주3일근무,시급,,,부산 수영구,,학력무관,2026-09-08 14:26:44
https://job.career.co.kr/recruit/view/22189583,,,,,,,정규직,주6일근무,시급,,,부산 수영구,,학력무관,2026-09-08 14:26:44
https://job.career.co.kr/recruit/view/22189582,,,,,,,정규직,주5일근무,월급,,,부산 해운대구,,"대학(2,3년) 졸업 이상",2026-09-08 14:26:44
https://job.career.co.kr/recruit/view/22189581,,,,,,,정규직,주5일근무,시급,,,부산 해운대구,,학력무관,2026-09-08 14:26:45
https://job.career.co.kr/recruit/view/22189580,,,,,,,정규직,주5일근무,연봉,,,부산 동래구,,"대학(2,3년) 졸업 이상",2026-09-08 14:26:45
https://job.career.co.kr/recruit/view/22189579,,,,,,,계약직,주5일근무,월급,,,부산 동래구,,"대학(2,3년) 졸업 이상",2026-09-08 14:26:45
https://job.career.co.kr/recruit/view/22189578,,,,,,,정규직,주3일근무,시급,,,부산 수영구,,학력무관,2026-09-08 14:26:46
https://job.career.co.kr/recruit/view/22189577,,,,,,,정규직,주5일근무,월급,,,부산 금정구,,학력무관,2026-09-08 14:26:46
https://job.career.co.kr/recruit/view/22189576,,,,,,,계약직,주6일근무,시급,,,부산 동래구,,학력무관,2026-09-08 14:26:46
https://job.career.co.kr/recruit/view/22189575,,,,,,,정규직,주5일근무,월급,,,부산 기장군,,학력무관,2026-09-08 14:26:47
https://job.career.co.kr/recruit/view/22189574,,,,,,,계약직,주5일근무,시급,,,부산 해운대구,,학력무관,2026-09-08 14:26:47
https://job.career.co.kr/recruit/view/22189573,,,,,,,정규직,주6일근무,시급,,,부산 중구,,학력무관,2026-09-08 14:26:47
https://job.career.co.kr/recruit/view/22189572,,,,,,,정규직,주5일근무,연봉,,,부산 금정구,,학력무관,2026-09-08 14:26:48
https://job.career.co.kr/recruit/view/22189571,,,,,,,정규직,주6일근무,월급,,,부산 금정구,,학력무관,2026-09-08 14:26:48
https://job.career.co.kr/recruit/view/22189570,,,,,,,정규직,주5일근무,월급,,,부산 금정구,,학력무관,2026-09-08 14:26:48
https://job.career.co.kr/recruit/view/22189569,,,,,,,정규직,주3일근무,시급,,,부산 수영구,,학력무관,2026-09-08 14:26:49
https://job.career.co.kr/recruit/view/22189568,,,,,,,정규직,주5일근무,시급,,,부산 북구,,학력무관,2026-09-08 14:26:49
https://job.career.co.kr/recruit/view/22189567,,,,,,,정규직,주4일근무,월급,,,부산 금정구,,학력무관,2026-09-08 14:26:49
https://job.career.co.kr/recruit/view/22189566,,,,,,,정규직,주6일근무,시급,,,부산 해운대구,,학력무관,2026-09-08 14:26:50
https://job.career.co.kr/recruit/view/22189565,,,,,,,계약직,주5일근무,월급,,,부산 해운대구,,학력무관,2026-09-08 14:26:50
https://job.career.co.kr/recruit/view/22189564,,,,,,,계약직,주5일근무,월급,,,부산 기장군,,학력무관,2026-09-08 14:26:50
https://job.career.co.kr/recruit/view/22189563,,,,,,,정규직,주5일근무,시급,,,부산 기장군,,학력무관,2026-09-08 14:26:51
https://job.career.co.kr/recruit/view/22189562,,,,,,,정규직,주5일근무,연봉,,,부산 동래구,,학력무관,2026-09-08 14:26:51
https://job.career.co.kr/recruit/view/22189561,,,,,,,정규직,주5일근무,월급,,,부산 기장군,,학력무관,2026-09-08 14:26:51
https://job.career.co.kr/recruit/view/22189560,,,,,,,정규직,주5일근무,월급,,,부산 동래구,,학력무관,2026-09-08 14:26:52
https://job.career.co.kr/recruit/view/22189559,,,,,,,정규직,주5일근무,시급,,,부산 동래구,,학력무관,2026-09-08 14:26:52
https://job.career.co.kr/recruit/view/22189558,,,,,,,정규직,주5일근무,연봉,,,부산 해운대구,,학력무관,2026-09-08 14:26:52
https://job.career.co.kr/recruit/view/22189557,,,,,,,정규직,주5일근무,월급,,,부산 기장군,,학력무관,2026-09-08 14:26:53
https://job.career.co.kr/recruit/view/22189556,,,,,,,정규직,주5일근무,월급,,,부산 기장군,,학력무관,2026-09-08 14:26:53
https://job.career.co.kr/recruit/view/22189555,,,,,,,정규직,주5일근무,연봉,,,부산 기장군,,학력무관,2026-09-08 14:26:53
https://job.career.co.kr/recruit/view/22189554,,,,,,,정규직,주5일근무,시급,,,부산 기장군,,학력무관,2026-09-08 14:26:54
https://job.career.co.kr/recruit/view/22189553,,,,,,,계약직,주5일근무,월급,,,부산 부산진구,,학력무관,2026-09-08 14:26:54
https://job.career.co.kr/recruit/view/22189552,,,,,,,정규직,주5일근무,월급,,,부산 동래구,,학력무관,2026-09-08 14:26:54
https://job.career.co.kr/recruit/view/22189551,,,,,,,계약직,주5일근무,연봉,,,부산 기장군,,학력무관,2026-09-08 14:26:55
https://job.career.co.kr/recruit/view/22189550,,,,,,,정규직,주5일근무,시급,,,부산 기장군,,학력무관,2026-09-08 14:26:55
https://job.career.co.kr/recruit/view/22189549,,,,,,,정규직,주3일근무,시급,,,부산 금정구,,학력무관,2026-09-08 14:26:55
https://job.career.co.kr/recruit/view/22189548,,,,,,,정규직,주5일근무,월급,,,부산 동래구,,학력무관,2026-09-08 14:26:56
https://job.career.co.kr/recruit/view/22189547,,,,,,,정규직,주5일근무,시급,,,부산 사하구,,학력무관,2026-09-08 14:26:56
https://job.career.co.kr/recruit/view/22189546,,,,,,,계약직,주5일근무,월급,,,부산 사하구,,학력무관,2026-09-08 14:26:56
https://job.career.co.kr/recruit/view/22189545,,,,,,,계약직,주5일근무,시급,,,부산 사하구,,학력무관,2026-09-08 14:26:57
https://job.career.co.kr/recruit/view/22189544,,,,,,,정규직,주3일근무,시급,,,부산 해운대구,,학력무관,2026-09-08 14:26:57
https://job.career.co.kr/recruit/view/22189543,,,,,,,정규직,주5일근무,월급,,,부산 사하구,,학력무관,2026-09-08 14:26:57
https://job.career.co.kr/recruit/view/22189542,,,,,,,정규직,주5일근무,시급,,,부산 사하구,,학력무관,2026-09-08 14:26:58
https://job.career.co.kr/recruit/view/22189541,,,,,,,정규직,주5일근무,월급,,,부산 사하구,,학력무관,2026-09-08 14:26:58
https://job.career.co.kr/recruit/view/22189540,,,,,,,계약직,주5일근무,월급,,,부산 사하구,,학력무관,2026-09-08 14:26:58
https://job.career.co.kr/recruit/view/22189539,,,,,,,정규직,주6일근무,월급,,,부산 사하구,,학력무관,2026-09-08 14:26:59
https://job.career.co.kr/recruit/view/22189538,,,,,,,정규직,주5일근무,시급,,,부산 사하구,,학력무관,2026-09-08 14:26:59
https://job.career.co.kr/recruit/view/22189537,,,,,,,정규직,주5일근무,연봉,,,부산 사하구,,학력무관,2026-09-08 14:26:59
https://job.career.co.kr/recruit/view/22189536,,,,,,,정규직,주5일근무,시급,,,부산 사하구,,학력무관,2026-09-08 14:27:00
https://job.career.co.kr/recruit/view/22189535,,,,,,,정규직,주6일근무,연봉,,,부산 사하구,,학력무관,2026-09-08 14:27:00
https://job.career.co.kr/recruit/view/22189534,,,,,,,정규직,주5일근무,월급,,,부산 금정구,,학력무관,2026-09-08 14:27:00
https://job.career.co.kr/recruit/view/22189533,,,,,,,계약직,주5일근무,월급,,,부산 사하구,,학력무관,2026-09-08 14:27:01
https://job.career.co.kr/recruit/view/22189532,,,,,,,정규직,주5일근무,연봉,,,부산 강서구,,학력무관,2026-09-08 14:27:01
https://job.career.co.kr/recruit/view/22189531,,,,,,,정규직,주5일근무,월급,,,부산 사하구,,학력무관,2026-09-08 14:27:01
https://job.career.co.kr/recruit/view/22189530,,,,,,,정규직,주5일근무,월급,,,부산 사하구,,학력무관,2026-09-08 14:27:02
https://job.career.co.kr/recruit/view/22189529,,,,,,,정규직,주5일근무,월급,,,부산 사하구,,학력무관,2026-09-08 14:27:02
https://job.career.co.kr/recruit/view/22189528,,,,,,,정규직,주5일근무,월급,,,부산 사하구,,학력무관,2026-09-08 14:27:02
https://job.career.co.kr/recruit/view/22189527,,,,,,,정규직,주5일근무,월급,,,부산 사하구,,학력무관,2026-09-08 14:27:03
https://job.career.co.kr/recruit/view/22189526,,,,,,,정규직,주5일근무,월급,,,부산 부산진구,,학력무관,2026-09-08 14:27:03
https://job.career.co.kr/recruit/view/22189525,,,,,,,정규직,주5일근무,연봉,,,부산 부산진구,,학력무관,2026-09-08 14:27:03
https://job.career.co.kr/recruit/view/22189524,,,,,,,정규직,주6일근무,시급,,,부산 영도구,,학력무관,2026-09-08 14:27:04
https://job.career.co.kr/recruit/view/22189523,,,,,,,정규직,주5일근무,시급,,,부산 영도구,,학력무관,2026-09-08 14:27:04
https://job.career.co.kr/recruit/view/22189522,,,,,,,정규직,주5일근무,월급,,,부산 남구,,학력무관,2026-09-08 14:27:04
https://job.career.co.kr/recruit/view/22189521,,,,,,,계약직,주5일근무,월급,,,부산 서구,,학력무관,2026-09-08 14:27:05
https://job.career.co.kr/recruit/view/22189520,,,,,,,정규직,주5일근무,연봉,,,부산 중구,,학력무관,2026-09-08 14:27:05
https://job.career.co.kr/recruit/view/22189519,,,,,,,정규직,주5일근무,월급,,,부산 남구,,학력무관,2026-09-08 14:27:05
https://job.career.co.kr/recruit/view/22189518,,,,,,,정규직,주5일근무,월급,,,부산 동구,,학력무관,2026-09-08 14:27:06
https://job.career.co.kr/recruit/view/22189517,,,,,,,정규직,주5일근무,연봉,,,부산 서구,,학력무관,2026-09-08 14:27:06
https://job.career.co.kr/recruit/view/22189515,,,,,,,정규직,주3일근무,시급,,,부산 사하구,,학력무관,2026-09-08 14:27:06
https://job.career.co.kr/recruit/view/22189514,,,,,,,정규직,주5일근무,연봉,,,부산 서구,,학력무관,2026-09-08 14:27:07
https://job.career.co.kr/recruit/view/22189513,,,,,,,정규직,주5일근무,연봉,,,부산 연제구,,고등학교 졸업 이상,2026-09-08 14:27:07
https://job.career.co.kr/recruit/view/22189512,,,,,,,정규직,주6일근무,시급,,,부산 동구,,학력무관,2026-09-08 14:27:07
https://job.career.co.kr/recruit/view/22189511,,,,,,,계약직,주5일근무,월급,,,부산 남구,,학력무관,2026-09-08 14:27:08
https://job.career.co.kr/recruit/view/22189510,,,,,,,계약직,주5일근무,월급,,,부산 부산진구,,학력무관,2026-09-08 14:27:08
https://job.career.co.kr/recruit/view/22189509,,,,,,,계약직,주5일근무,일급,,,부산 동구,,학력무관,2026-09-08 14:27:08
https://job.career.co.kr/recruit/view/22189508,,,,,,,정규직,주5일근무,월급,,,부산 동구,,학력무관,2026-09-08 14:27:09
https://job.career.co.kr/recruit/view/22189507,,,,,,,계약직,주5일근무,시급,,,부산 동구,,학력무관,2026-09-08 14:27:09
https://job.career.co.kr/recruit/view/22189506,,,,,,,정규직,주5일근무,시급,,,부산 연제구,,학력무관,2026-09-08 14:27:09
https://job.career.co.kr/recruit/view/22189504,,,,,,,정규직,주3일근무,시급,,,부산 부산진구,,학력무관,2026-09-08 14:27:10
https://job.career.co.kr/recruit/view/22189503,,,,,,,계약직,주5일근무,시급,,,부산 부산진구,,학력무관,2026-09-08 14:27:10
https://job.career.co.kr/recruit/view/22189502,,,,,,,계약직,주3일근무,시급,,,부산 부산진구,,학력무관,2026-09-08 14:27:10
https://job.career.co.kr/recruit/view/22189501,,,,,,,정규직,주5일근무,시급,,,부산 부산진구,,학력무관,2026-09-08 14:27:11
https://job.career.co.kr/recruit/view/22189500,,,,,,,정규직,주5일근무,연봉,,,부산 동구,,학력무관,2026-09-08 14:27:11
https://job.career.co.kr/recruit/view/22189499,,,,,,,정규직,주5일근무,월급,,,부산 서구,,학력무관,2026-09-08 14:27:11
https://job.career.co.kr/recruit/view/22189498,,,,,,,정규직,주6일근무,시급,,,부산 부산진구,,학력무관,2026-09-08 14:27:12
https://job.career.co.kr/recruit/view/22189497,,,,,,,계약직,주5일근무,월급,,,부산 부산진구,,학력무관,2026-09-08 14:27:12
https://job.career.co.kr/recruit/view/22189496,,,,,,,계약직,주5일근무,연봉,,,부산 영도구,,학력무관,2026-09-08 14:27:12
https://job.career.co.kr/recruit/view/22189495,,,,,,,정규직,주6일근무,시급,,,부산 금정구,,학력무관,2026-09-08 14:27:13
https://job.career.co.kr/recruit/view/22189494,,,,,,,정규직,주4일근무,연봉,,,부산 부산진구,,학력무관,2026-09-08 14:27:13
https://job.career.co.kr/recruit/view/22189493,,,,,,,정규직,주5일근무,시급,,,부산 서구,,학력무관,2026-09-08 14:27:13
https://job.career.co.kr/recruit/view/22189492,,,,,,,정규직,주5일근무,연봉,,,부산 부산진구,,학력무관,2026-09-08 14:27:14
https://job.career.co.kr/recruit/view/22189491,,,,,,,정규직,주5일근무,월급,,,부산 서구,,학력무관,2026-09-08 14:27:14
https://job.career.co.kr/recruit/view/22189490,,,,,,,정규직,주5일근무,월급,,,부산 영도구,,학력무관,2026-09-08 14:27:14
https://job.career.co.kr/recruit/view/22189489,,,,,,,정규직,주5일근무,월급,,,부산 부산진구,,학력무관,2026-09-08 14:27:15
https://job.career.co.kr/recruit/view/22189488,,,,,,,정규직,주5일근무,월급,,,부산 연제구,,학력무관,2026-09-08 14:27:15
https://job.career.co.kr/recruit/view/22189487,,,,,,,정규직,주5일근무,시급,,,부산 금정구,,학력무관,2026-09-08 14:27:15
https://job.career.co.kr/recruit/view/22189486,,,,,,,정규직,주5일근무,연봉,,,부산 부산진구,,학력무관,2026-09-08 14:27:16
https://job.career.co.kr/recruit/view/22189485,,,,,,,계약직,주5일근무,시급,,,부산 연제구,,학력무관,2026-09-08 14:27:16
https://job.career.co.kr/recruit/view/22189484,,,,,,,정규직,주5일근무,월급,,,부산 남구,,"대학(2,3년) 졸업 이상",2026-09-08 14:27:16
https://job.career.co.kr/recruit/view/22189483,,,,,,,정규직,주5일근무,월급,,,부산 연제구,,학력무관,2026-09-08 14:27:17
https://job.career.co.kr/recruit/view/22189482,,,,,,,계약직,주5일근무,월급,,,부산 연제구,,학력무관,2026-09-08 14:27:17
https://job.career.co.kr/recruit/view/22189481,,,,,,,정규직,주5일근무,월급,,,부산 연제구,,학력무관,2026-09-08 14:27:17
https://job.career.co.kr/recruit/view/22189480,,,,,,,계약직,주5일근무,월급,,,부산 남구,,학력무관,2026-09-08 14:27:18
https://job.career.co.kr/recruit/view/22189479,,,,,,,계약직,주6일근무,월급,,,부산 해운대구,,학력무관,2026-09-08 14:27:18
https://job.career.co.kr/recruit/view/22189478,,,,,,,계약직,주5일근무,월급,,,부산 남구,,학력무관,2026-09-08 14:27:18
https://job.career.co.kr/recruit/view/22189469,,,,,,,계약직,주5일근무,월급,,,부산 남구,,학력무관,2026-09-08 14:27:19
https://job.career.co.kr/recruit/view/22189464,,,,,,,정규직,주5일근무,월급,,,부산 부산진구,,학력무관,2026-09-08 14:27:19
https://job.career.co.kr/recruit/view/22189273,,,,,,,정규직,주5일근무,월급,,,부산 해운대구,,학력무관,2026-09-08 14:27:19
https://job.career.co.kr/recruit/view/22189236,,,,,,,정규직,주5일근무,월급,,,부산 부산진구,,고등학교 졸업 이상,2026-09-08 14:27:20
https://job.career.co.kr/recruit/view/22189227,,,,,,,정규직,주5일근무,연봉,,,부산 해운대구,,학력무관,2026-09-08 14:27:20
https://job.career.co.kr/recruit/view/22189207,,,,,,,정규직,주5일근무,월급,,,부산 사하구,,학력무관,2026-09-08 14:27:20
https://job.career.co.kr/recruit/view/22189202,,,,,,,정규직,주5일근무,연봉,,,부산 강서구,,학력무관,2026-09-08 14:27:21
https://job.career.co.kr/recruit/view/22189201,,,,,,,정규직,주5일근무,시급,,,부산 강서구,,학력무관,2026-09-08 14:27:21
https://job.career.co.kr/recruit/view/22189200,,,,,,,정규직,주6일근무,연봉,,,부산 강서구,,학력무관,2026-09-08 14:27:21
https://job.career.co.kr/recruit/view/22189199,,,,,,,정규직,주6일근무,시급,,,부산 강서구,,학력무관,2026-09-08 14:27:22
https://job.career.co.kr/recruit/view/22189198,,,,,,,계약직,주5일근무,월급,,,부산 동구,,학력무관,2026-09-08 14:27:22
https://job.career.co.kr/recruit/view/22189194,,,,,,,정규직,주6일근무,연봉,,,부산 수영구,,학력무관,2026-09-08 14:27:22
https://job.career.co.kr/recruit/view/22189193,,,,,,,정규직,주6일근무,연봉,,,부산 수영구,,학력무관,2026-09-08 14:27:23
https://job.career.co.kr/recruit/view/22188986,,,,,,,정규직,주5일근무,시급,,,부산 해운대구,,학력무관,2026-09-08 14:27:23
https://job.career.co.kr/recruit/view/22188985,,,,,,,정규직,주5일근무,월급,,,부산 동래구,,학력무관,2026-09-08 14:27:23
https://job.career.co.kr/recruit/view/22188984,,,,,,,정규직,주5일근무,시급,,,부산 수영구,,학력무관,2026-09-08 14:27:24
https://job.career.co.kr/recruit/view/22188983,,,,,,,정규직,주6일근무,월급,,,부산 수영구,,학력무관,2026-09-08 14:27:24
https://job.career.co.kr/recruit/view/22188981,,,,,,,정규직,주6일근무,시급,,,부산 수영구,,학력무관,2026-09-08 14:27:24
https://job.career.co.kr/recruit/view/22188980,,,,,,,계약직,주6일근무,일급,,,부산 남구,,학력무관,2026-09-08 14:27:25
https://job.career.co.kr/recruit/view/22188979,,,,,,,계약직,주6일근무,월급,,,부산 사상구,,학력무관,2026-09-08 14:27:25
https://job.career.co.kr/recruit/view/22188978,,,,,,,정규직,주5일근무,월급,,,부산 사하구,,학력무관,2026-09-08 14:27:25
https://job.career.co.kr/recruit/view/22188977,,,,,,,계약직,주6일근무,월급,,,부산 연제구,,학력무관,2026-09-08 14:27:26
https://job.career.co.kr/recruit/view/22188976,,,,,,,정규직,주5일근무,시급,,,부산 동구,,학력무관,2026-09-08 14:27:26
https://job.career.co.kr/recruit/view/22188975,,,,,,,정규직,주5일근무,시급,,,부산 북구,,학력무관,2026-09-08 14:27:26
https://job.career.co.kr/recruit/view/22188974,,,,,,,정규직,주5일근무,시급,,,부산 북구,,학력무관,2026-09-08 14:27:27
https://job.career.co.kr/recruit/view/22188973,,,,,,,계약직,주5일근무,월급,,,부산 부산진구,,학력무관,2026-09-08 14:27:27
https://job.career.co.kr/recruit/view/22188972,,,,,,,계약직,주5일근무,시급,,,부산 부산진구,,학력무관,2026-09-08 14:27:27
https://job.career.co.kr/recruit/view/22188971,,,,,,,계약직,주5일근무,월급,,,부산 부산진구,,학력무관,2026-09-08 14:27:28
https://job.career.co.kr/recruit/view/22188970,,,,,,,정규직,주5일근무,시급,,,부산 부산진구,,학력무관,2026-09-08 14:27:28
https://job.career.co.kr/recruit/view/22188969,,,,,,,정규직,주6일근무,시급,,,부산 사상구,,학력무관,2026-09-08 14:27:28
https://job.career.co.kr/recruit/view/22188968,,,,,,,계약직,주5일근무,연봉,,,부산 동래구,,학력무관,2026-09-08 14:27:29
https://job.career.co.kr/recruit/view/22188967,,,,,,,정규직,주5일근무,시급,,,부산 동구,,학력무관,2026-09-08 14:27:29
https://job.career.co.kr/recruit/view/22188966,,,,,,,정규직,주5일근무,월급,,,부산 남구,,학력무관,2026-09-08 14:27:29
https://job.career.co.kr/recruit/view/22188965,,,,,,,정규직,주5일근무,연봉,,,부산 강서구,,고등학교 졸업 이상,2026-09-08 14:27:30
https://job.career.co.kr/recruit/view/22188964,,,,,,,계약직,주6일근무,월급,,,부산 강서구,,고등학교 졸업 이상,2026-09-08 14:27:30
https://job.career.co.kr/recruit/view/22188734,,,,,,,계약직,주5일근무,시급,,,부산 강서구,,학력무관,2026-09-08 14:27:30
https://job.career.co.kr/recruit/view/22188733,,,,,,,정규직,주5일근무,시급,,,부산 동래구,,학력무관,2026-09-08 14:27:31
https://job.career.co.kr/recruit/view/22188732,,,,,,,정규직,주5일근무,연봉,,,부산 기장군,,"대학(2,3년) 졸업 이상",2026-09-08 14:27:31
https://job.career.co.kr/recruit/view/22188731,,,,,,,정규직,주5일근무,연봉,,,부산 기장군,,"대학(2,3년) 졸업 이상",2026-09-08 14:27:31
https://job.career.co.kr/recruit/view/22188730,,,,,,,정규직,주5일근무,연봉,,,부산 강서구,,학력무관,2026-09-08 14:27:32
https://job.career.co.kr/recruit/view/22188729,,,,,,,정규직,주5일근무,시급,,,부산 해운대구,,학력무관,2026-09-08 14:27:32
https://job.career.co.kr/recruit/view/22188728,,,,,,,정규직,주5일근무,월급,,,부산 기장군,,학력무관,2026-09-08 14:27:32
https://job.career.co.kr/recruit/view/22188727,,,,,,,정규직,주5일근무,시급,,,부산 기장군,,학력무관,2026-09-08 14:27:33
https://job.career.co.kr/recruit/view/22188726,,,,,,,정규직,주5일근무,시급,,,부산 기장군,,학력무관,2026-09-08 14:27:33
https://job.career.co.kr/recruit/view/22188712,,,,,,,정규직,주5일근무,연봉,,,부산 사하구,,학력무관,2026-09-08 14:27:33
https://job.career.co.kr/recruit/view/22188702,,,,,,,정규직,주5일근무,월급,,,부산 수영구,,학력무관,2026-09-08 14:27:34
https://job.career.co.kr/recruit/view/22188671,,,,,,,계약직,주6일근무,월급,,,부산 부산진구,,학력무관,2026-09-08 14:27:34
https://job.career.co.kr/recruit/view/22188670,,,,,,,정규직,주5일근무,월급,,,부산 금정구,,대학교(4년) 졸업 이상,2026-09-08 14:27:34
https://job.career.co.kr/recruit/view/22188669,,,,,,,정규직,주5일근무,시급,,,부산 사하구,,학력무관,2026-09-08 14:27:35
https://job.career.co.kr/recruit/view/22188668,,,,,,,정규직,주5일근무,시급,,,부산 부산진구,,학력무관,2026-09-08 14:27:35
https://job.career.co.kr/recruit/view/22188667,,,,,,,정규직,주3일근무,시급,,,부산 금정구,,학력무관,2026-09-08 14:27:35
https://job.career.co.kr/recruit/view/22188666,,,,,,,정규직,주3일근무,시급,,,부산 해운대구,,학력무관,2026-09-08 14:27:36
https://job.career.co.kr/recruit/view/22188665,,,,,,,정규직,주3일근무,시급,,,부산 연제구,,학력무관,2026-09-08 14:27:36
https://job.career.co.kr/recruit/view/22188664,,,,,,,정규직,주3일근무,시급,,,부산 부산진구,,학력무관,2026-09-08 14:27:36
https://job.career.co.kr/recruit/view/22188591,,,,,,,정규직,주6일근무,시급,,,부산 서구,,학력무관,2026-09-08 14:27:37
https://job.career.co.kr/recruit/view/22188590,,,,,,,정규직,주6일근무,시급,,,부산 영도구,,학력무관,2026-09-08 14:27:37
https://job.career.co.kr/recruit/view/22188534,,,,,,,계약직,주5일근무,월급,,,부산 기장군,,학력무관,2026-09-08 14:27:37
https://job.career.co.kr/recruit/view/22188533,,,,,,,계약직,주5일근무,시급,,,부산 동래구,,학력무관,2026-09-08 14:27:38
https://job.career.co.kr/recruit/view/22188532,,,,,,,계약직,주6일근무,시급,,,부산 동래구,,학력무관,2026-09-08 14:27:38
https://job.career.co.kr/recruit/view/22188531,,,,,,,계약직,주5일근무,월급,,,부산 수영구,,학력무관,2026-09-08 14:27:38
https://job.career.co.kr/recruit/view/22188479,,,,,,,정규직,주5일근무,시급,,,부산 동래구,,학력무관,2026-09-08 14:27:39
https://job.career.co.kr/recruit/view/22188478,,,,,,,정규직,주5일근무,시급,,,부산 해운대구,,학력무관,2026-09-08 14:27:39
https://job.career.co.kr/recruit/view/22188476,,,,,,,계약직,주5일근무,월급,,,부산 부산진구,,학력무관,2026-09-08 14:27:39
https://job.career.co.kr/recruit/view/22188475,,,,,,,계약직,주5일근무,월급,,,부산 동래구,,학력무관,2026-09-08 14:27:40
https://job.career.co.kr/recruit/view/22188474,,,,,,,계약직,주5일근무,월급,,,부산 동래구,,학력무관,2026-09-08 14:27:40
https://job.career.co.kr/recruit/view/22188473,,,,,,,정규직,주5일근무,시급,,,부산 남구,,학력무관,2026-09-08 14:27:40
https://job.career.co.kr/recruit/view/22188472,,,,,,,정규직,주5일근무,시급,,,부산 해운대구,,학력무관,2026-09-08 14:27:41
https://job.career.co.kr/recruit/view/22188470,,,,,,,계약직,주6일근무,월급,,,부산 해운대구,,학력무관,2026-09-08 14:27:41
https://job.career.co.kr/recruit/view/22188469,,,,,,,정규직,학력,시급,,,부산 동래구,,학력무관,2026-09-08 14:27:41
https://job.career.co.kr/recruit/view/22188468,,,,,,,계약직,주5일근무,월급,,,부산 부산진구,,학력무관,2026-09-08 14:27:42
https://job.career.co.kr/recruit/view/22188467,,,,,,,계약직,주5일근무,월급,,,부산 서구,,학력무관,2026-09-08 14:27:42
https://job.career.co.kr/recruit/view/22188466,,,,,,,계약직,주6일근무,시급,,,부산 부산진구,,학력무관,2026-09-08 14:27:42
https://job.career.co.kr/recruit/view/22188463,,,,,,,계약직,주5일근무,시급,,,부산 사하구,,학력무관,2026-09-08 14:27:43
https://job.career.co.kr/recruit/view/22188462,,,,,,,계약직,주4일근무,월급,,,부산 남구,,학력무관,2026-09-08 14:27:43
https://job.career.co.kr/recruit/view/22188461,,,,,,,정규직,주6일근무,시급,,,부산 해운대구,,학력무관,2026-09-08 14:27:43
https://job.career.co.kr/recruit/view/22188460,,,,,,,정규직,주3일근무,시급,,,부산 사하구,,학력무관,2026-09-08 14:27:44
https://job.career.co.kr/recruit/view/22188459,,,,,,,정규직,주6일근무,시급,,,부산 해운대구,,학력무관,2026-09-08 14:27:44
https://job.career.co.kr/recruit/view/22188458,,,,,,,정규직,주5일근무,시급,,,부산 중구,,학력무관,2026-09-08 14:27:44
https://job.career.co.kr/recruit/view/22188457,,,,,,,정규직,주5일근무,시급,,,부산 남구,,학력무관,2026-09-08 14:27:45
https://job.career.co.kr/recruit/view/22188454,,,,,,,계약직,주5일근무,시급,,,부산 서구,,학력무관,2026-09-08 14:27:45
https://job.career.co.kr/recruit/view/22188185,,,,,,,계약직,주5일근무,월급,,,부산 동래구,,학력무관,2026-09-08 14:27:45
https://job.career.co.kr/recruit/view/22188047,,,,,,,정규직,주5일근무,연봉,,,부산 사상구,,학력무관,2026-09-08 14:27:46
https://job.career.co.kr/recruit/view/22186793,,,,,,,정규직,주6일근무,시급,,,부산 북구,,학력무관,2026-09-08 14:27:46
https://job.career.co.kr/recruit/view/22186644,,,,,,,정규직,주5일근무,시급,,,부산 북구,,학력무관,2026-09-08 14:27:46
https://job.career.co.kr/recruit/view/22186643,,,,,,,정규직,주5일근무,월급,,,부산 강서구,,학력무관,2026-09-08 14:27:47
https://job.career.co.kr/recruit/view/22186642,,,,,,,정규직,주5일근무,월급,,,부산 사상구,,학력무관,2026-09-08 14:27:47
https://job.career.co.kr/recruit/view/22186641,,,,,,,정규직,주5일근무,월급,,,부산 강서구,,학력무관,2026-09-08 14:27:47
https://job.career.co.kr/recruit/view/22186640,,,,,,,정규직,주5일근무,월급,,,부산 사상구,,학력무관,2026-09-08 14:27:48
https://job.career.co.kr/recruit/view/22186639,,,,,,,정규직,주5일근무,월급,,,부산 사상구,,학력무관,2026-09-08 14:27:48
https://job.career.co.kr/recruit/view/22186638,,,,,,,정규직,주5일근무,월급,,,부산 사상구,,학력무관,2026-09-08 14:27:48
https://job.career.co.kr/recruit/view/22186637,,,,,,,정규직,주5일근무,월급,,,부산 사상구,,학력무관,2026-09-08 14:27:49
https://job.career.co.kr/recruit/view/22186636,,,,,,,정규직,주5일근무,월급,,,부산 강서구,,학력무관,2026-09-08 14:27:49
https://job.career.co.kr/recruit/view/22186635,,,,,,,정규직,주5일근무,월급,,,부산 강서구,,학력무관,2026-09-08 14:27:49
https://job.career.co.kr/recruit/view/22186634,,,,,,,정규직,주5일근무,월급,,,부산 강서구,,학력무관,2026-09-08 14:27:50
https://job.career.co.kr/recruit/view/22186633,,,,,,,정규직,주5일근무,시급,,,부산 강서구,,학력무관,2026-09-08 14:27:50
https://job.career.co.kr/recruit/view/22186632,,,,,,,정규직,주5일근무,연봉,,,부산 강서구,,고등학교 졸업 이상,2026-09-08 14:27:50
https://job.career.co.kr/recruit/view/22186631,,,,,,,정규직,주5일근무,연봉,,,부산 강서구,,학력무관,2026-09-08 14:27:51
https://job.career.co.kr/recruit/view/22186630,,,,,,,정규직,주5일근무,시급,,,부산 사상구,,학력무관,2026-09-08 14:27:51
https://job.career.co.kr/recruit/view/22186629,,,,,,,정규직,주5일근무,연봉,,,부산 사상구,,고등학교 졸업 이상,2026-09-08 14:27:51
https://job.career.co.kr/recruit/view/22186628,,,,,,,정규직,주5일근무,시급,,,부산 사상구,,학력무관,2026-09-08 14:27:52
https://job.career.co.kr/recruit/view/22186627,,,,,,,정규직,주5일근무,시급,,,부산 강서구,,학력무관,2026-09-08 14:27:52
https://job.career.co.kr/recruit/view/22186626,,,,,,,정규직,주5일근무,월급,,,부산 강서구,,학력무관,2026-09-08 14:27:52
https://job.career.co.kr/recruit/view/22186625,,,,,,,정규직,주5일근무,시급,,,부산 강서구,,학력무관,2026-09-08 14:27:53
https://job.career.co.kr/recruit/view/22186624,,,,,,,정규직,주5일근무,시급,,,부산 사상구,,학력무관,2026-09-08 14:27:53
https://job.career.co.kr/recruit/view/22186623,,,,,,,정규직,주5일근무,시급,,,부산 강서구,,학력무관,2026-09-08 14:27:53
https://job.career.co.kr/recruit/view/22186622,,,,,,,정규직,주5일근무,시급,,,부산 강서구,,학력무관,2026-09-08 14:27:54
https://job.career.co.kr/recruit/view/22186621,,,,,,,정규직,주5일근무,연봉,,,부산 강서구,,학력무관,2026-09-08 14:27:54
https://job.career.co.kr/recruit/view/22186620,,,,,,,정규직,주5일근무,시급,,,부산 강서구,,학력무관,2026-09-08 14:27:54
https://job.career.co.kr/recruit/view/22186619,,,,,,,정규직,주5일근무,연봉,,,부산 강서구,,학력무관,2026-09-08 14:27:55
https://job.career.co.kr/recruit/view/22186618,,,,,,,정규직,주5일근무,시급,,,부산 강서구,,학력무관,2026-09-08 14:27:55
https://job.career.co.kr/recruit/view/22186617,,,,,,,정규직,주5일근무,월급,,,부산 강서구,,학력무관,2026-09-08 14:27:55
https://job.career.co.kr/recruit/view/22186616,,,,,,,정규직,주5일근무,월급,,,부산 강서구,,학력무관,2026-09-08 14:27:56
https://job.career.co.kr/recruit/view/22186615,,,,,,,정규직,주6일근무,월급,,,부산 사상구,,학력무관,2026-09-08 14:27:56
https://job.career.co.kr/recruit/view/22186614,,,,,,,정규직,주6일근무,월급,,,부산 사상구,,학력무관,2026-09-08 14:27:56
https://job.career.co.kr/recruit/view/22186613,,,,,,,정규직,주5일근무,월급,,,부산 사상구,,학력무관,2026-09-08 14:27:57
https://job.career.co.kr/recruit/view/22186612,,,,,,,계약직,주5일근무,월급,,,부산 강서구,,학력무관,2026-09-08 14:27:57
https://job.career.co.kr/recruit/view/22186611,,,,,,,정규직,주5일근무,시급,,,부산 강서구,,학력무관,2026-09-08 14:27:57
https://job.career.co.kr/recruit/view/22186610,,,,,,,계약직,주5일근무,시급,,,부산 사상구,,고등학교 졸업 이상,2026-09-08 14:27:58
https://job.career.co.kr/recruit/view/22186609,,,,,,,계약직,주5일근무,시급,,,부산 사상구,,학력무관,2026-09-08 14:27:58
https://job.career.co.kr/recruit/view/22186608,,,,,,,정규직,주5일근무,연봉,,,부산 사상구,,"대학(2,3년) 졸업 이상",2026-09-08 14:27:58
https://job.career.co.kr/recruit/view/22186607,,,,,,,정규직,주5일근무,시급,,,부산 강서구,,학력무관,2026-09-08 14:27:59
https://job.career.co.kr/recruit/view/22186606,,,,,,,정규직,주5일근무,연봉,,,부산 사상구,,학력무관,2026-09-08 14:27:59
https://job.career.co.kr/recruit/view/22186605,,,,,,,정규직,주5일근무,연봉,,,부산 사상구,,학력무관,2026-09-08 14:27:59
https://job.career.co.kr/recruit/view/22186604,,,,,,,정규직,주5일근무,연봉,,,부산 사상구,,학력무관,2026-09-08 14:28:00
https://job.career.co.kr/recruit/view/22186603,,,,,,,정규직,주5일근무,연봉,,,부산 사상구,,학력무관,2026-09-08 14:28:00
https://job.career.co.kr/recruit/view/22186602,,,,,,,정규직,주5일근무,연봉,,,부산 사상구,,학력무관,2026-09-08 14:28:00
https://job.career.co.kr/recruit/view/22186601,,,,,,,계약직,주5일근무,월급,,,부산 사상구,,학력무관,2026-09-08 14:28:01
https://job.career.co.kr/recruit/view/22186600,,,,,,,계약직,주6일근무,연봉,,,부산 북구,,학력무관,2026-09-08 14:28:01
https://job.career.co.kr/recruit/view/22186599,,,,,,,정규직,주6일근무,연봉,,,부산 사상구,,학력무관,2026-09-08 14:28:01
https://job.career.co.kr/recruit/view/22186598,,,,,,,정규직,주5일근무,시급,,,부산 강서구,,학력무관,2026-09-08 14:28:02
https://job.career.co.kr/recruit/view/22186597,,,,,,,정규직,주6일근무,월급,,,부산 사상구,,학력무관,2026-09-08 14:28:02
https://job.career.co.kr/recruit/view/22186596,,,,,,,정규직,주5일근무,연봉,,,부산 강서구,,"대학(2,3년) 졸업 이상",2026-09-08 14:28:02
https://job.career.co.kr/recruit/view/22186595,,,,,,,정규직,주5일근무,연봉,,,부산 강서구,,학력무관,2026-09-08 14:28:03
https://job.career.co.kr/recruit/view/22186592,,,,,,,정규직,주5일근무,월급,,,부산 강서구,,고등학교 졸업 이상,2026-09-08 14:28:03
https://job.career.co.kr/recruit/view/22186591,,,,,,,정규직,주6일근무,연봉,,,부산 강서구,,학력무관,2026-09-08 14:28:03
https://job.career.co.kr/recruit/view/22186590,,,,,,,정규직,주5일근무,연봉,,,부산 사상구,,학력무관,2026-09-08 14:28:04
https://job.career.co.kr/recruit/view/22186589,,,,,,,계약직,주6일근무,월급,,,부산 강서구,,학력무관,2026-09-08 14:28:04
https://job.career.co.kr/recruit/view/22186588,,,,,,,정규직,주6일근무,월급,,,부산 사상구,,학력무관,2026-09-08 14:28:04
https://job.career.co.kr/recruit/view/22186587,,,,,,,정규직,주5일근무,시급,,,부산 강서구,,학력무관,2026-09-08 14:28:05
https://job.career.co.kr/recruit/view/22186586,,,,,,,정규직,주5일근무,월급,,,부산 강서구,,학력무관,2026-09-08 14:28:05
https://job.career.co.kr/recruit/view/22186585,,,,,,,정규직,주5일근무,연봉,,,부산 사상구,,학력무관,2026-09-08 14:28:05
https://job.career.co.kr/recruit/view/22186584,,,,,,,계약직,주5일근무,월급,,,부산 북구,,학력무관,2026-09-08 14:28:06
https://job.career.co.kr/recruit/view/22186583,,,,,,,계약직,주5일근무,월급,,,부산 사상구,,고등학교 졸업 이상,2026-09-08 14:28:06
https://job.career.co.kr/recruit/view/22186582,,,,,,,정규직,주5일근무,월급,,,부산 강서구,,학력무관,2026-09-08 14:28:06
https://job.career.co.kr/recruit/view/22186581,,,,,,,정규직,주5일근무,월급,,,부산 사상구,,학력무관,2026-09-08 14:28:07
https://job.career.co.kr/recruit/view/22186580,,,,,,,정규직,주5일근무,월급,,,부산 사상구,,학력무관,2026-09-08 14:28:07
https://job.career.co.kr/recruit/view/22186579,,,,,,,정규직,주5일근무,연봉,,,부산 사상구,,학력무관,2026-09-08 14:28:07
https://job.career.co.kr/recruit/view/22186578,,,,,,,정규직,주5일근무,시급,,,부산 강서구,,학력무관,2026-09-08 14:28:08
https://job.career.co.kr/recruit/view/22186577,,,,,,,정규직,주6일근무,월급,,,부산 해운대구,,학력무관,2026-09-08 14:28:08
https://job.career.co.kr/recruit/view/22186576,,,,,,,정규직,주3일근무,시급,,,부산 금정구,,학력무관,2026-09-08 14:28:08
https://job.career.co.kr/recruit/view/22186575,,,,,,,정규직,주5일근무,연봉,,,부산 기장군,,학력무관,2026-09-08 14:28:09
https://job.career.co.kr/recruit/view/22186574,,,,,,,정규직,주5일근무,월급,,,부산 기장군,,학력무관,2026-09-08 14:28:09
https://job.career.co.kr/recruit/view/22186573,,,,,,,계약직,주6일근무,시급,,,부산 영도구,,학력무관,2026-09-08 14:28:09
https://job.career.co.kr/recruit/view/22186572,,,,,,,정규직,주5일근무,월급,,,부산 수영구,,학력무관,2026-09-08 14:28:10
https://job.career.co.kr/recruit/view/22186571,,,,,,,정규직,주5일근무,시급,,,부산 서구,,학력무관,2026-09-08 14:28:10
https://job.career.co.kr/recruit/view/22186570,,,,,,,계약직,주5일근무,월급,,,부산 해운대구,,"대학(2,3년) 졸업 이상",2026-09-08 14:28:10
https://job.career.co.kr/recruit/view/22186569,,,,,,,정규직,주6일근무,월급,,,부산 동래구,,학력무관,2026-09-08 14:28:11
https://job.career.co.kr/recruit/view/22186568,,,,,,,정규직,주6일근무,월급,,,부산 동래구,,학력무관,2026-09-08 14:28:11
https://job.career.co.kr/recruit/view/22186566,,,,,,,정규직,주4일근무,월급,,,부산 동래구,,학력무관,2026-09-08 14:28:11
https://job.career.co.kr/recruit/view/22186565,,,,,,,계약직,주5일근무,월급,,,부산 금정구,,학력무관,2026-09-08 14:28:12
https://job.career.co.kr/recruit/view/22186564,,,,,,,정규직,주5일근무,월급,,,부산 동래구,,고등학교 졸업 이상,2026-09-08 14:28:12
https://job.career.co.kr/recruit/view/22186563,,,,,,,정규직,주6일근무,연봉,,,부산 사하구,,학력무관,2026-09-08 14:28:12
https://job.career.co.kr/recruit/view/22186561,,,,,,,정규직,주4일근무,월급,,,부산 동래구,,학력무관,2026-09-08 14:28:13
https://job.career.co.kr/recruit/view/22186560,,,,,,,계약직,주5일근무,월급,,,부산 금정구,,학력무관,2026-09-08 14:28:13
https://job.career.co.kr/recruit/view/22186559,,,,,,,계약직,주5일근무,월급,,,부산 금정구,,고등학교 졸업 이상,2026-09-08 14:28:13
https://job.career.co.kr/recruit/view/22186556,,,,,,,정규직,주5일근무,월급,,,부산 기장군,,학력무관,2026-09-08 14:28:14
https://job.career.co.kr/recruit/view/22186555,,,,,,,정규직,주5일근무,월급,,,부산 동래구,,학력무관,2026-09-08 14:28:14
https://job.career.co.kr/recruit/view/22186554,,,,,,,정규직,주6일근무,시급,,,부산 금정구,,학력무관,2026-09-08 14:28:14
https://job.career.co.kr/recruit/view/22186553,,,,,,,정규직,주5일근무,시급,,,부산 금정구,,학력무관,2026-09-08 14:28:15
https://job.career.co.kr/recruit/view/22186552,,,,,,,정규직,주5일근무,연봉,,,부산 강서구,,학력무관,2026-09-08 14:28:15
https://job.career.co.kr/recruit/view/22186551,,,,,,,정규직,주5일근무,월급,,,부산 기장군,,학력무관,2026-09-08 14:28:15
https://job.career.co.kr/recruit/view/22186550,,,,,,,정규직,주5일근무,월급,,,부산 기장군,,학력무관,2026-09-08 14:28:16
https://job.career.co.kr/recruit/view/22186549,,,,,,,정규직,주5일근무,월급,,,부산 수영구,,학력무관,2026-09-08 14:28:16
https://job.career.co.kr/recruit/view/22186548,,,,,,,계약직,주5일근무,시급,,,부산 금정구,,학력무관,2026-09-08 14:28:16
https://job.career.co.kr/recruit/view/22186547,,,,,,,정규직,주5일근무,시급,,,부산 기장군,,학력무관,2026-09-08 14:28:17
https://job.career.co.kr/recruit/view/22186546,,,,,,,정규직,주5일근무,시급,,,부산 부산진구,,학력무관,2026-09-08 14:28:17
https://job.career.co.kr/recruit/view/22186545,,,,,,,계약직,주5일근무,월급,,,부산 금정구,,학력무관,2026-09-08 14:28:17
https://job.career.co.kr/recruit/view/22186544,,,,,,,계약직,주6일근무,월급,,,부산 해운대구,,학력무관,2026-09-08 14:28:18
https://job.career.co.kr/recruit/view/22186543,,,,,,,정규직,주5일근무,월급,,,부산 해운대구,,학력무관,2026-09-08 14:28:18
https://job.career.co.kr/recruit/view/22186542,,,,,,,정규직,주5일근무,월급,,,부산 수영구,,학력무관,2026-09-08 14:28:18
https://job.career.co.kr/recruit/view/22186541,,,,,,,정규직,주5일근무,월급,,,부산 수영구,,학력무관,2026-09-08 14:28:19
https://job.career.co.kr/recruit/view/22186540,,,,,,,정규직,주6일근무,시급,,,부산 해운대구,,학력무관,2026-09-08 14:28:19
https://job.career.co.kr/recruit/view/22186539,,,,,,,정규직,주4일근무,시급,,,부산 영도구,,학력무관,2026-09-08 14:28:19
https://job.career.co.kr/recruit/view/22186538,,,,,,,계약직,주5일근무,월급,,,부산 금정구,,학력무관,2026-09-08 14:28:20
https://job.career.co.kr/recruit/view/22186537,,,,,,,계약직,주5일근무,월급,,,부산 금정구,,학력무관,2026-09-08 14:28:20
https://job.career.co.kr/recruit/view/22186536,,,,,,,정규직,주6일근무,시급,,,부산 해운대구,,학력무관,2026-09-08 14:28:20
https://job.career.co.kr/recruit/view/22186535,,,,,,,계약직,주5일근무,월급,,,부산 기장군,,학력무관,2026-09-08 14:28:21
https://job.career.co.kr/recruit/view/22186534,,,,,,,정규직,주5일근무,월급,,,부산 금정구,,고등학교 졸업 이상,2026-09-08 14:28:21
https://job.career.co.kr/recruit/view/22186533,,,,,,,정규직,주6일근무,시급,,,부산 동래구,,학력무관,2026-09-08 14:28:21
https://job.career.co.kr/recruit/view/22186532,,,,,,,정규직,주3일근무,시급,,,부산 사하구,,학력무관,2026-09-08 14:28:22
https://job.career.co.kr/recruit/view/22186531,,,,,,,계약직,주5일근무,시급,,,부산 사하구,,학력무관,2026-09-08 14:28:22
https://job.career.co.kr/recruit/view/22186530,,,,,,,정규직,주6일근무,시급,,,부산 강서구,,학력무관,2026-09-08 14:28:22
https://job.career.co.kr/recruit/view/22186529,,,,,,,계약직,주5일근무,시급,,,부산 사하구,,학력무관,2026-09-08 14:28:23
https://job.career.co.kr/recruit/view/22186528,,,,,,,정규직,주5일근무,월급,,,부산 사하구,,학력무관,2026-09-08 14:28:23
https://job.career.co.kr/recruit/view/22186527,,,,,,,정규직,주5일근무,시급,,,부산 사하구,,학력무관,2026-09-08 14:28:23
https://job.career.co.kr/recruit/view/22186526,,,,,,,정규직,주5일근무,연봉,,,부산 사하구,,학력무관,2026-09-08 14:28:24
https://job.career.co.kr/recruit/view/22186525,,,,,,,정규직,주5일근무,연봉,,,부산 사하구,,학력무관,2026-09-08 14:28:24
https://job.career.co.kr/recruit/view/22186524,,,,,,,정규직,주5일근무,월급,,,부산 사하구,,학력무관,2026-09-08 14:28:24
https://job.career.co.kr/recruit/view/22186523,,,,,,,정규직,주6일근무,연봉,,,부산 사하구,,학력무관,2026-09-08 14:28:25
https://job.career.co.kr/recruit/view/22186522,,,,,,,정규직,주5일근무,시급,,,부산 사하구,,학력무관,2026-09-08 14:28:25
https://job.career.co.kr/recruit/view/22186521,,,,,,,정규직,주5일근무,연봉,,,부산 사하구,,학력무관,2026-09-08 14:28:25
https://job.career.co.kr/recruit/view/22186520,,,,,,,정규직,주5일근무,연봉,,,부산 사하구,,학력무관,2026-09-08 14:28:26
https://job.career.co.kr/recruit/view/22186518,,,,,,,정규직,주5일근무,시급,,,부산 서구,,학력무관,2026-09-08 14:28:26
https://job.career.co.kr/recruit/view/22186516,,,,,,,계약직,주6일근무,시급,,,부산 남구,,학력무관,2026-09-08 14:28:26
https://job.career.co.kr/recruit/view/22186515,,,,,,,계약직,주5일근무,월급,,,부산 동구,,학력무관,2026-09-08 14:28:27
https://job.career.co.kr/recruit/view/22186514,,,,,,,정규직,주5일근무,월급,,,부산 중구,,학력무관,2026-09-08 14:28:27
https://job.career.co.kr/recruit/view/22186513,,,,,,,계약직,주5일근무,월급,,,부산 부산진구,,학력무관,2026-09-08 14:28:27
https://job.career.co.kr/recruit/view/22186512,,,,,,,계약직,주5일근무,연봉,,,부산 남구,,고등학교 졸업 이상,2026-09-08 14:28:28
https://job.career.co.kr/recruit/view/22186511,,,,,,,정규직,주5일근무,월급,,,부산 부산진구,,학력무관,2026-09-08 14:28:28
https://job.career.co.kr/recruit/view/22186510,,,,,,,계약직,주5일근무,월급,,,부산 서구,,학력무관,2026-09-08 14:28:28
https://job.career.co.kr/recruit/view/22186509,,,,,,,정규직,주5일근무,월급,,,부산 영도구,,학력무관,2026-09-08 14:28:29
https://job.career.co.kr/recruit/view/22186508,,,,,,,계약직,주5일근무,월급,,,부산 동구,,학력무관,2026-09-08 14:28:29
https://job.career.co.kr/recruit/view/22186505,,,,,,,정규직,주6일근무,시급,,,부산 부산진구,,학력무관,2026-09-08 14:28:29
https://job.career.co.kr/recruit/view/22186504,,,,,,,정규직,주5일근무,시급,,,부산 동구,,학력무관,2026-09-08 14:28:30
https://job.career.co.kr/recruit/view/22186503,,,,,,,정규직,주3일근무,시급,,,부산 동구,,학력무관,2026-09-08 14:28:30
https://job.career.co.kr/recruit/view/22186502,,,,,,,정규직,학력,시급,,,부산 남구,,학력무관,2026-09-08 14:28:30
https://job.career.co.kr/recruit/view/22186501,,,,,,,정규직,주5일근무,시급,,,부산 부산진구,,학력무관,2026-09-08 14:28:31
https://job.career.co.kr/recruit/view/22186500,,,,,,,정규직,주5일근무,월급,,,부산 부산진구,,학력무관,2026-09-08 14:28:31
https://job.career.co.kr/recruit/view/22186499,,,,,,,정규직,주5일근무,월급,,,부산 연제구,,학력무관,2026-09-08 14:28:31
https://job.career.co.kr/recruit/view/22186498,,,,,,,정규직,주5일근무,연봉,,,부산 부산진구,,대학원(박사) 졸업,2026-09-08 14:28:32
https://job.career.co.kr/recruit/view/22186497,,,,,,,정규직,주5일근무,연봉,,,부산 부산진구,,대학원(박사) 졸업,2026-09-08 14:28:32
https://job.career.co.kr/recruit/view/22186496,,,,,,,정규직,주5일근무,연봉,,,부산 부산진구,,대학원(박사) 졸업,2026-09-08 14:28:32
https://job.career.co.kr/recruit/view/22186495,,,,,,,정규직,주5일근무,연봉,,,부산 부산진구,,대학원(박사) 졸업,2026-09-08 14:28:33
https://job.career.co.kr/recruit/view/22186494,,,,,,,정규직,주5일근무,연봉,,,부산 부산진구,,대학원(박사) 졸업,2026-09-08 14:28:33
https://job.career.co.kr/recruit/view/22186493,,,,,,,정규직,주6일근무,월급,,,부산 부산진구,,학력무관,2026-09-08 14:28:33
https://job.career.co.kr/recruit/view/22186492,,,,,,,정규직,주5일근무,월급,,,부산 서구,,학력무관,2026-09-08 14:28:34
https://job.career.co.kr/recruit/view/22186491,,,,,,,계약직,주5일근무,월급,,,부산 동구,,학력무관,2026-09-08 14:28:34
https://job.career.co.kr/recruit/view/22186490,,,,,,,계약직,주5일근무,연봉,,,부산 동구,,학력무관,2026-09-08 14:28:34
https://job.career.co.kr/recruit/view/22186489,,,,,,,계약직,주5일근무,연봉,,,부산 부산진구,,학력무관,2026-09-08 14:28:35
https://job.career.co.kr/recruit/view/22186488,,,,,,,정규직,주5일근무,연봉,,,부산 동구,,학력무관,2026-09-08 14:28:35
https://job.career.co.kr/recruit/view/22186487,,,,,,,정규직,주5일근무,연봉,,,부산 영도구,,학력무관,2026-09-08 14:28:35
https://job.career.co.kr/recruit/view/22186485,,,,,,,계약직,주6일근무,월급,,,부산 서구,,학력무관,2026-09-08 14:28:36
https://job.career.co.kr/recruit/view/22186484,,,,,,,정규직,주6일근무,시급,,,부산 금정구,,학력무관,2026-09-08 14:28:36
https://job.career.co.kr/recruit/view/22186483,,,,,,,계약직,주4일근무,시급,,,부산 남구,,학력무관,2026-09-08 14:28:37
https://job.career.co.kr/recruit/view/22186486,,,,,,,정규직,주5일근무,시급,,,부산 사상구,,학력무관,2026-09-08 14:28:37
https://job.career.co.kr/recruit/view/22186480,,,,,,,계약직,주5일근무,시급,,,부산 남구,,학력무관,2026-09-08 14:28:37
https://job.career.co.kr/recruit/view/22186478,,,,,,,정규직,주5일근무,연봉,,,부산 남구,,학력무관,2026-09-08 14:28:37
https://job.career.co.kr/recruit/view/22186477,,,,,,,정규직,주6일근무,시급,,,부산 연제구,,학력무관,2026-09-08 14:28:38
https://job.career.co.kr/recruit/view/22186476,,,,,,,정규직,주5일근무,시급,,,부산 연제구,,학력무관,2026-09-08 14:28:38
https://job.career.co.kr/recruit/view/22186475,,,,,,,계약직,주5일근무,월급,,,부산 금정구,,학력무관,2026-09-08 14:28:38
https://job.career.co.kr/recruit/view/22186473,,,,,,,계약직,주5일근무,월급,,,부산 동래구,,학력무관,2026-09-08 14:28:39
https://job.career.co.kr/recruit/view/22186471,,,,,,,계약직,주6일근무,월급,,,부산 수영구,,학력무관,2026-09-08 14:28:39
https://job.career.co.kr/recruit/view/22186269,,,,,,,계약직,주5일근무,월급,,,부산 기장군,,학력무관,2026-09-08 14:28:39
https://job.career.co.kr/recruit/view/22186032,,,,,,,계약직,주6일근무,시급,,,부산 남구,,학력무관,2026-09-08 14:28:40
https://job.career.co.kr/recruit/view/22186031,,,,,,,계약직,주5일근무,월급,,,부산 금정구,,학력무관,2026-09-08 14:28:40
https://job.career.co.kr/recruit/view/22186030,,,,,,,계약직,주6일근무,월급,,,부산 연제구,,학력무관,2026-09-08 14:28:40
https://job.career.co.kr/recruit/view/22186028,,,,,,,정규직,주5일근무,시급,,,부산 부산진구,,학력무관,2026-09-08 14:28:41
https://job.career.co.kr/recruit/view/22186027,,,,,,,정규직,주6일근무,시급,,,부산 부산진구,,학력무관,2026-09-08 14:28:41
https://job.career.co.kr/recruit/view/22186026,,,,,,,정규직,주5일근무,시급,,,부산 부산진구,,학력무관,2026-09-08 14:28:41
https://job.career.co.kr/recruit/view/22186025,,,,,,,정규직,주3일근무,시급,,,부산 부산진구,,학력무관,2026-09-08 14:28:42
https://job.career.co.kr/recruit/view/22186024,,,,,,,정규직,주5일근무,시급,,,부산 부산진구,,학력무관,2026-09-08 14:28:42
https://job.career.co.kr/recruit/view/22186023,,,,,,,정규직,주6일근무,시급,,,부산 부산진구,,학력무관,2026-09-08 14:28:42
https://job.career.co.kr/recruit/view/22186022,,,,,,,정규직,주6일근무,시급,,,부산 동래구,,학력무관,2026-09-08 14:28:43
https://job.career.co.kr/recruit/view/22186021,,,,,,,정규직,주5일근무,시급,,,부산 동래구,,학력무관,2026-09-08 14:28:43
https://job.career.co.kr/recruit/view/22186020,,,,,,,정규직,주5일근무,시급,,,부산 동구,,학력무관,2026-09-08 14:28:43
https://job.career.co.kr/recruit/view/22186019,,,,,,,정규직,주3일근무,시급,,,부산 기장군,,고등학교 졸업 이상,2026-09-08 14:28:44
https://job.career.co.kr/recruit/view/22186018,,,,,,,정규직,주5일근무,월급,,,부산 기장군,,학력무관,2026-09-08 14:28:44
https://job.career.co.kr/recruit/view/22186017,,,,,,,정규직,주5일근무,시급,,,부산 기장군,,학력무관,2026-09-08 14:28:44
https://job.career.co.kr/recruit/view/22185808,,,,,,,정규직,주5일근무,월급,,,부산 사하구,,학력무관,2026-09-08 14:28:45
https://job.career.co.kr/recruit/view/22185807,,,,,,,정규직,주5일근무,시급,,,부산 부산진구,,학력무관,2026-09-08 14:28:45
https://job.career.co.kr/recruit/view/22185806,,,,,,,계약직,주3일근무,시급,,,부산 해운대구,,학력무관,2026-09-08 14:28:45
https://job.career.co.kr/recruit/view/22185805,,,,,,,계약직,주3일근무,시급,,,부산 수영구,,학력무관,2026-09-08 14:28:46
https://job.career.co.kr/recruit/view/22185804,,,,,,,정규직,주5일근무,연봉,,,부산 동구,,학력무관,2026-09-08 14:28:46
https://job.career.co.kr/recruit/view/22185803,,,,,,,정규직,주3일근무,시급,,,부산 해운대구,,학력무관,2026-09-08 14:28:46
https://job.career.co.kr/recruit/view/22185802,,,,,,,정규직,주3일근무,시급,,,부산 수영구,,학력무관,2026-09-08 14:28:47
https://job.career.co.kr/recruit/view/22185785,,,,,,,계약직,주6일근무,시급,,,부산 기장군,,학력무관,2026-09-08 14:28:47
https://job.career.co.kr/recruit/view/22185784,,,,,,,계약직,주5일근무,월급,,,부산 기장군,,학력무관,2026-09-08 14:28:47
https://job.career.co.kr/recruit/view/22185725,,,,,,,정규직,주3일근무,시급,,,부산 금정구,,학력무관,2026-09-08 14:28:48
https://job.career.co.kr/recruit/view/22185724,,,,,,,정규직,주3일근무,시급,,,부산 해운대구,,학력무관,2026-09-08 14:28:48
https://job.career.co.kr/recruit/view/22185723,,,,,,,정규직,주5일근무,월급,,,부산 연제구,,학력무관,2026-09-08 14:28:48
https://job.career.co.kr/recruit/view/22185721,,,,,,,정규직,주5일근무,시급,,,부산 사하구,,학력무관,2026-09-08 14:28:49
https://job.career.co.kr/recruit/view/22185720,,,,,,,정규직,주5일근무,시급,,,부산 사하구,,학력무관,2026-09-08 14:28:49
https://job.career.co.kr/recruit/view/22185719,,,,,,,정규직,주5일근무,시급,,,부산 동래구,,학력무관,2026-09-08 14:28:49
https://job.career.co.kr/recruit/view/22185718,,,,,,,정규직,주5일근무,시급,,,부산 동래구,,학력무관,2026-09-08 14:28:50
https://job.career.co.kr/recruit/view/22185717,,,,,,,정규직,주5일근무,시급,,,부산 부산진구,,학력무관,2026-09-08 14:28:50
https://job.career.co.kr/recruit/view/22185649,,,,,,,정규직,주5일근무,월급,,,부산 사상구,,고등학교 미만 졸업,2026-09-08 14:28:50
https://job.career.co.kr/recruit/view/22185579,,,,,,,정규직,주6일근무,시급,,,부산 남구,,학력무관,2026-09-08 14:28:51
https://job.career.co.kr/recruit/view/22185531,,,,,,,계약직,주6일근무,시급,,,부산 연제구,,학력무관,2026-09-08 14:28:51
https://job.career.co.kr/recruit/view/22185530,,,,,,,계약직,주5일근무,시급,,,부산 부산진구,,학력무관,2026-09-08 14:28:51
https://job.career.co.kr/recruit/view/22185529,,,,,,,계약직,주6일근무,시급,,,부산 부산진구,,학력무관,2026-09-08 14:28:52
https://job.career.co.kr/recruit/view/22185515,,,,,,,정규직,주6일근무,시급,,,부산 연제구,,학력무관,2026-09-08 14:28:52
https://job.career.co.kr/recruit/view/22185514,,,,,,,정규직,학력,시급,,,부산 서구,,학력무관,2026-09-08 14:28:52
https://job.career.co.kr/recruit/view/22185510,,,,,,,정규직,주5일근무,월급,,,부산 남구,,학력무관,2026-09-08 14:28:53
https://job.career.co.kr/recruit/view/22183927,,,,,,,계약직,주6일근무,월급,,,부산 수영구,,학력무관,2026-09-08 14:28:53
https://job.career.co.kr/recruit/view/22183455,,,,,,,정규직,주5일근무,월급,,,부산 강서구,,학력무관,2026-09-08 14:28:53
https://job.career.co.kr/recruit/view/22183406,,,,,,,정규직,주5일근무,월급,,,부산 사상구,,학력무관,2026-09-08 14:28:54
https://job.career.co.kr/recruit/view/22183405,,,,,,,정규직,학력,시급,,,부산 북구,,학력무관,2026-09-08 14:28:54
https://job.career.co.kr/recruit/view/22183404,,,,,,,정규직,주5일근무,연봉,,,부산 사상구,,학력무관,2026-09-08 14:28:54
https://job.career.co.kr/recruit/view/22183403,,,,,,,정규직,주5일근무,연봉,,,부산 사상구,,학력무관,2026-09-08 14:28:55
https://job.career.co.kr/recruit/view/22183402,,,,,,,계약직,주5일근무,월급,,,부산 강서구,,학력무관,2026-09-08 14:28:55
https://job.career.co.kr/recruit/view/22183401,,,,,,,정규직,주5일근무,시급,,,부산 강서구,,학력무관,2026-09-08 14:28:55
https://job.career.co.kr/recruit/view/22183400,,,,,,,정규직,주5일근무,시급,,,부산 강서구,,학력무관,2026-09-08 14:28:56
https://job.career.co.kr/recruit/view/22183399,,,,,,,정규직,주5일근무,시급,,,부산 사상구,,학력무관,2026-09-08 14:28:56
https://job.career.co.kr/recruit/view/22183398,,,,,,,정규직,주5일근무,시급,,,부산 북구,,학력무관,2026-09-08 14:28:56
https://job.career.co.kr/recruit/view/22183397,,,,,,,정규직,주5일근무,연봉,,,부산 강서구,,학력무관,2026-09-08 14:28:57
https://job.career.co.kr/recruit/view/22183396,,,,,,,정규직,주5일근무,월급,,,부산 강서구,,학력무관,2026-09-08 14:28:57
https://job.career.co.kr/recruit/view/22183395,,,,,,,정규직,주5일근무,월급,,,부산 강서구,,학력무관,2026-09-08 14:28:57
https://job.career.co.kr/recruit/view/22183394,,,,,,,정규직,주5일근무,연봉,,,부산 강서구,,"대학(2,3년) 졸업 이상",2026-09-08 14:28:58
https://job.career.co.kr/recruit/view/22183392,,,,,,,정규직,주5일근무,연봉,,,부산 강서구,,학력무관,2026-09-08 14:28:58
https://job.career.co.kr/recruit/view/22183391,,,,,,,정규직,주5일근무,시급,,,부산 강서구,,학력무관,2026-09-08 14:28:58
https://job.career.co.kr/recruit/view/22183390,,,,,,,정규직,주5일근무,연봉,,,부산 강서구,,학력무관,2026-09-08 14:28:59
https://job.career.co.kr/recruit/view/22183389,,,,,,,정규직,주5일근무,시급,,,부산 강서구,,학력무관,2026-09-08 14:28:59
https://job.career.co.kr/recruit/view/22183388,,,,,,,정규직,주6일근무,월급,,,부산 강서구,,학력무관,2026-09-08 14:28:59
https://job.career.co.kr/recruit/view/22183387,,,,,,,정규직,주5일근무,연봉,,,부산 강서구,,학력무관,2026-09-08 14:29:00
https://job.career.co.kr/recruit/view/22183386,,,,,,,정규직,주5일근무,월급,,,부산 강서구,,학력무관,2026-09-08 14:29:00
https://job.career.co.kr/recruit/view/22183385,,,,,,,계약직,주5일근무,시급,,,부산 북구,,학력무관,2026-09-08 14:29:00
https://job.career.co.kr/recruit/view/22183382,,,,,,,정규직,주5일근무,시급,,,부산 강서구,,학력무관,2026-09-08 14:29:01
https://job.career.co.kr/recruit/view/22183381,,,,,,,정규직,주5일근무,시급,,,부산 강서구,,학력무관,2026-09-08 14:29:01
https://job.career.co.kr/recruit/view/22183379,,,,,,,정규직,주6일근무,시급,,,부산 사상구,,학력무관,2026-09-08 14:29:01
https://job.career.co.kr/recruit/view/22183378,,,,,,,정규직,주5일근무,월급,,,부산 강서구,,학력무관,2026-09-08 14:29:02
https://job.career.co.kr/recruit/view/22183377,,,,,,,정규직,주5일근무,월급,,,부산 강서구,,학력무관,2026-09-08 14:29:02
https://job.career.co.kr/recruit/view/22183376,,,,,,,정규직,주5일근무,월급,,,부산 사상구,,학력무관,2026-09-08 14:29:02
https://job.career.co.kr/recruit/view/22183375,,,,,,,정규직,주5일근무,시급,,,부산 사상구,,학력무관,2026-09-08 14:29:03
https://job.career.co.kr/recruit/view/22183374,,,,,,,정규직,주5일근무,연봉,,,부산 강서구,,대학교(4년) 졸업 이상,2026-09-08 14:29:03
https://job.career.co.kr/recruit/view/22183373,,,,,,,정규직,주5일근무,시급,,,부산 사상구,,학력무관,2026-09-08 14:29:03
https://job.career.co.kr/recruit/view/22183372,,,,,,,정규직,주5일근무,월급,,,부산 강서구,,고등학교 졸업 이상,2026-09-08 14:29:04
https://job.career.co.kr/recruit/view/22183371,,,,,,,계약직,주5일근무,시급,,,부산 사상구,,학력무관,2026-09-08 14:29:04
https://job.career.co.kr/recruit/view/22183370,,,,,,,정규직,주5일근무,시급,,,부산 사상구,,학력무관,2026-09-08 14:29:04
https://job.career.co.kr/recruit/view/22183369,,,,,,,계약직,주5일근무,연봉,,,부산 강서구,,학력무관,2026-09-08 14:29:05
https://job.career.co.kr/recruit/view/22183368,,,,,,,정규직,주5일근무,연봉,,,부산 사상구,,고등학교 졸업 이상,2026-09-08 14:29:05
https://job.career.co.kr/recruit/view/22183365,,,,,,,정규직,주5일근무,연봉,,,부산 강서구,,학력무관,2026-09-08 14:29:05
https://job.career.co.kr/recruit/view/22183364,,,,,,,정규직,주5일근무,시급,,,부산 기장군,,학력무관,2026-09-08 14:29:06
https://job.career.co.kr/recruit/view/22183363,,,,,,,정규직,주5일근무,시급,,,부산 강서구,,학력무관,2026-09-08 14:29:06
https://job.career.co.kr/recruit/view/22183361,,,,,,,정규직,주5일근무,연봉,,,부산 강서구,,학력무관,2026-09-08 14:29:06
https://job.career.co.kr/recruit/view/22183360,,,,,,,정규직,주5일근무,시급,,,부산 강서구,,학력무관,2026-09-08 14:29:07
https://job.career.co.kr/recruit/view/22183359,,,,,,,정규직,주5일근무,시급,,,부산 강서구,,학력무관,2026-09-08 14:29:07
https://job.career.co.kr/recruit/view/22183358,,,,,,,계약직,주5일근무,시급,,,부산 중구,,학력무관,2026-09-08 14:29:07
https://job.career.co.kr/recruit/view/22183357,,,,,,,정규직,주5일근무,연봉,,,부산 강서구,,학력무관,2026-09-08 14:29:08
https://job.career.co.kr/recruit/view/22183356,,,,,,,정규직,주5일근무,연봉,,,부산 강서구,,학력무관,2026-09-08 14:29:08
https://job.career.co.kr/recruit/view/22183355,,,,,,,계약직,주5일근무,연봉,,,부산 강서구,,학력무관,2026-09-08 14:29:08
https://job.career.co.kr/recruit/view/22183354,,,,,,,정규직,주5일근무,시급,,,부산 강서구,,학력무관,2026-09-08 14:29:09
https://job.career.co.kr/recruit/view/22183352,,,,,,,정규직,주5일근무,월급,,,부산 강서구,,학력무관,2026-09-08 14:29:09
https://job.career.co.kr/recruit/view/22183351,,,,,,,계약직,주5일근무,월급,,,부산 강서구,,학력무관,2026-09-08 14:29:09
https://job.career.co.kr/recruit/view/22183350,,,,,,,계약직,주5일근무,월급,,,부산 강서구,,학력무관,2026-09-08 14:29:10
https://job.career.co.kr/recruit/view/22183349,,,,,,,정규직,주5일근무,월급,,,부산 강서구,,학력무관,2026-09-08 14:29:10
https://job.career.co.kr/recruit/view/22183348,,,,,,,정규직,주6일근무,시급,,,부산 사하구,,학력무관,2026-09-08 14:29:10
https://job.career.co.kr/recruit/view/22183347,,,,,,,계약직,주4일근무,월급,,,부산 남구,,학력무관,2026-09-08 14:29:11
https://job.career.co.kr/recruit/view/22183346,,,,,,,계약직,주5일근무,월급,,,부산 북구,,학력무관,2026-09-08 14:29:11
https://job.career.co.kr/recruit/view/22183345,,,,,,,계약직,주5일근무,월급,,,부산 해운대구,,학력무관,2026-09-08 14:29:11
https://job.career.co.kr/recruit/view/22183344,,,,,,,정규직,주5일근무,월급,,,부산 금정구,,학력무관,2026-09-08 14:29:12
https://job.career.co.kr/recruit/view/22183343,,,,,,,정규직,주6일근무,월급,,,부산 기장군,,학력무관,2026-09-08 14:29:12
https://job.career.co.kr/recruit/view/22183342,,,,,,,정규직,주5일근무,시급,,,부산 기장군,,학력무관,2026-09-08 14:29:12
https://job.career.co.kr/recruit/view/22183341,,,,,,,정규직,주5일근무,연봉,,,부산 기장군,,학력무관,2026-09-08 14:29:13
https://job.career.co.kr/recruit/view/22183340,,,,,,,정규직,주5일근무,연봉,,,부산 수영구,,학력무관,2026-09-08 14:29:13
https://job.career.co.kr/recruit/view/22183337,,,,,,,계약직,주6일근무,월급,,,부산 해운대구,,학력무관,2026-09-08 14:29:13
https://job.career.co.kr/recruit/view/22183335,,,,,,,정규직,주5일근무,시급,,,부산 금정구,,학력무관,2026-09-08 14:29:14
https://job.career.co.kr/recruit/view/22183334,,,,,,,정규직,주5일근무,시급,,,부산 해운대구,,학력무관,2026-09-08 14:29:14
https://job.career.co.kr/recruit/view/22183333,,,,,,,정규직,주5일근무,월급,,,부산 기장군,,학력무관,2026-09-08 14:29:14
https://job.career.co.kr/recruit/view/22183332,,,,,,,정규직,주6일근무,시급,,,부산 사상구,,학력무관,2026-09-08 14:29:15
https://job.career.co.kr/recruit/view/22183331,,,,,,,정규직,주5일근무,월급,,,부산 기장군,,학력무관,2026-09-08 14:29:15
https://job.career.co.kr/recruit/view/22183330,,,,,,,계약직,주5일근무,월급,,,부산 기장군,,학력무관,2026-09-08 14:29:15
https://job.career.co.kr/recruit/view/22183329,,,,,,,정규직,주5일근무,연봉,,,부산 해운대구,,학력무관,2026-09-08 14:29:16
https://job.career.co.kr/recruit/view/22183328,,,,,,,정규직,주5일근무,연봉,,,부산 해운대구,,학력무관,2026-09-08 14:29:16
https://job.career.co.kr/recruit/view/22183327,,,,,,,정규직,주5일근무,연봉,,,부산 해운대구,,학력무관,2026-09-08 14:29:16
https://job.career.co.kr/recruit/view/22183326,,,,,,,정규직,주5일근무,연봉,,,부산 해운대구,,학력무관,2026-09-08 14:29:17
https://job.career.co.kr/recruit/view/22183325,,,,,,,정규직,주5일근무,연봉,,,부산 해운대구,,학력무관,2026-09-08 14:29:17
https://job.career.co.kr/recruit/view/22183324,,,,,,,정규직,주5일근무,월급,,,부산 금정구,,학력무관,2026-09-08 14:29:17
https://job.career.co.kr/recruit/view/22183323,,,,,,,정규직,주6일근무,월급,,,부산 수영구,,학력무관,2026-09-08 14:29:18
https://job.career.co.kr/recruit/view/22183322,,,,,,,계약직,주5일근무,시급,,,부산 동래구,,학력무관,2026-09-08 14:29:18
https://job.career.co.kr/recruit/view/22183321,,,,,,,정규직,주5일근무,월급,,,부산 기장군,,학력무관,2026-09-08 14:29:18
https://job.career.co.kr/recruit/view/22183319,,,,,,,계약직,주4일근무,월급,,,부산 해운대구,,학력무관,2026-09-08 14:29:19
https://job.career.co.kr/recruit/view/22183318,,,,,,,정규직,주3일근무,월급,,,부산 금정구,,학력무관,2026-09-08 14:29:19
https://job.career.co.kr/recruit/view/22183317,,,,,,,정규직,주3일근무,시급,,,부산 금정구,,학력무관,2026-09-08 14:29:19
https://job.career.co.kr/recruit/view/22183316,,,,,,,정규직,주5일근무,시급,,,부산 금정구,,학력무관,2026-09-08 14:29:20
https://job.career.co.kr/recruit/view/22183315,,,,,,,계약직,주5일근무,시급,,,부산 동구,,학력무관,2026-09-08 14:29:20
https://job.career.co.kr/recruit/view/22183314,,,,,,,정규직,주5일근무,월급,,,부산 금정구,,학력무관,2026-09-08 14:29:20
https://job.career.co.kr/recruit/view/22183313,,,,,,,정규직,주5일근무,월급,,,부산 수영구,,학력무관,2026-09-08 14:29:21
https://job.career.co.kr/recruit/view/22183312,,,,,,,계약직,주5일근무,시급,,,부산 기장군,,학력무관,2026-09-08 14:29:21
https://job.career.co.kr/recruit/view/22183311,,,,,,,정규직,주5일근무,시급,,,부산 기장군,,학력무관,2026-09-08 14:29:21
https://job.career.co.kr/recruit/view/22183310,,,,,,,정규직,주5일근무,시급,,,부산 남구,,학력무관,2026-09-08 14:29:22
https://job.career.co.kr/recruit/view/22183309,,,,,,,계약직,주5일근무,시급,,,부산 기장군,,학력무관,2026-09-08 14:29:22
https://job.career.co.kr/recruit/view/22183308,,,,,,,정규직,주3일근무,시급,,,부산 수영구,,학력무관,2026-09-08 14:29:22
https://job.career.co.kr/recruit/view/22183307,,,,,,,정규직,주5일근무,월급,,,부산 금정구,,학력무관,2026-09-08 14:29:23
https://job.career.co.kr/recruit/view/22183306,,,,,,,계약직,주5일근무,연봉,,,부산 금정구,,학력무관,2026-09-08 14:29:23
https://job.career.co.kr/recruit/view/22183305,,,,,,,정규직,주5일근무,시급,,,부산 금정구,,학력무관,2026-09-08 14:29:23
https://job.career.co.kr/recruit/view/22183304,,,,,,,정규직,주5일근무,월급,,,부산 기장군,,학력무관,2026-09-08 14:29:24
https://job.career.co.kr/recruit/view/22183303,,,,,,,정규직,주5일근무,월급,,,부산 기장군,,학력무관,2026-09-08 14:29:24
https://job.career.co.kr/recruit/view/22183302,,,,,,,정규직,주5일근무,월급,,,부산 수영구,,학력무관,2026-09-08 14:29:24
https://job.career.co.kr/recruit/view/22183301,,,,,,,정규직,주5일근무,연봉,,,부산 해운대구,,학력무관,2026-09-08 14:29:25
https://job.career.co.kr/recruit/view/22183300,,,,,,,정규직,주5일근무,시급,,,부산 해운대구,,학력무관,2026-09-08 14:29:25
https://job.career.co.kr/recruit/view/22183299,,,,,,,정규직,주6일근무,시급,,,부산 동래구,,학력무관,2026-09-08 14:29:25
https://job.career.co.kr/recruit/view/22183298,,,,,,,정규직,주6일근무,연봉,,,부산 강서구,,학력무관,2026-09-08 14:29:26
https://job.career.co.kr/recruit/view/22183296,,,,,,,정규직,주5일근무,시급,,,부산 남구,,학력무관,2026-09-08 14:29:26
https://job.career.co.kr/recruit/view/22183295,,,,,,,정규직,주5일근무,시급,,,부산 기장군,,학력무관,2026-09-08 14:29:26
https://job.career.co.kr/recruit/view/22183294,,,,,,,계약직,주5일근무,시급,,,부산 금정구,,학력무관,2026-09-08 14:29:27
https://job.career.co.kr/recruit/view/22183293,,,,,,,정규직,주6일근무,월급,,,부산 기장군,,학력무관,2026-09-08 14:29:27
https://job.career.co.kr/recruit/view/22183292,,,,,,,정규직,주6일근무,월급,,,부산 기장군,,학력무관,2026-09-08 14:29:27
https://job.career.co.kr/recruit/view/22183291,,,,,,,정규직,주6일근무,월급,,,부산 기장군,,학력무관,2026-09-08 14:29:28
https://job.career.co.kr/recruit/view/22183290,,,,,,,계약직,주6일근무,월급,,,부산 금정구,,학력무관,2026-09-08 14:29:28
https://job.career.co.kr/recruit/view/22183289,,,,,,,계약직,주5일근무,월급,,,부산 동래구,,대학교(4년) 졸업 이상,2026-09-08 14:29:28
https://job.career.co.kr/recruit/view/22183288,,,,,,,계약직,주5일근무,월급,,,부산 동래구,,학력무관,2026-09-08 14:29:29
https://job.career.co.kr/recruit/view/22183287,,,,,,,정규직,주6일근무,시급,,,부산 사하구,,학력무관,2026-09-08 14:29:29
https://job.career.co.kr/recruit/view/22183286,,,,,,,정규직,주5일근무,연봉,,,부산 사하구,,학력무관,2026-09-08 14:29:29
https://job.career.co.kr/recruit/view/22183285,,,,,,,정규직,주5일근무,연봉,,,부산 사하구,,학력무관,2026-09-08 14:29:30
https://job.career.co.kr/recruit/view/22183284,,,,,,,정규직,주5일근무,월급,,,부산 사하구,,학력무관,2026-09-08 14:29:30
https://job.career.co.kr/recruit/view/22183283,,,,,,,정규직,주5일근무,월급,,,부산 사하구,,학력무관,2026-09-08 14:29:30
https://job.career.co.kr/recruit/view/22183282,,,,,,,정규직,주5일근무,연봉,,,부산 사하구,,학력무관,2026-09-08 14:29:31
https://job.career.co.kr/recruit/view/22183281,,,,,,,정규직,주5일근무,연봉,,,부산 사하구,,학력무관,2026-09-08 14:29:31
https://job.career.co.kr/recruit/view/22183280,,,,,,,계약직,주5일근무,월급,,,부산 사하구,,학력무관,2026-09-08 14:29:31
https://job.career.co.kr/recruit/view/22183279,,,,,,,정규직,주5일근무,연봉,,,부산 사하구,,학력무관,2026-09-08 14:29:32
https://job.career.co.kr/recruit/view/22183278,,,,,,,정규직,주5일근무,연봉,,,부산 사하구,,학력무관,2026-09-08 14:29:32
https://job.career.co.kr/recruit/view/22183277,,,,,,,정규직,주5일근무,시급,,,부산 사하구,,학력무관,2026-09-08 14:29:32
https://job.career.co.kr/recruit/view/22183276,,,,,,,정규직,주5일근무,연봉,,,부산 사하구,,학력무관,2026-09-08 14:29:33
https://job.career.co.kr/recruit/view/22183275,,,,,,,계약직,주5일근무,연봉,,,부산 사하구,,학력무관,2026-09-08 14:29:33
https://job.career.co.kr/recruit/view/22183274,,,,,,,계약직,주5일근무,월급,,,부산 사하구,,학력무관,2026-09-08 14:29:33
https://job.career.co.kr/recruit/view/22183273,,,,,,,정규직,주5일근무,월급,,,부산 사하구,,학력무관,2026-09-08 14:29:34
https://job.career.co.kr/recruit/view/22183272,,,,,,,정규직,주5일근무,월급,,,부산 사하구,,학력무관,2026-09-08 14:29:34
https://job.career.co.kr/recruit/view/22183271,,,,,,,정규직,주5일근무,시급,,,부산 사하구,,학력무관,2026-09-08 14:29:34
https://job.career.co.kr/recruit/view/22183270,,,,,,,정규직,주5일근무,연봉,,,부산 사하구,,학력무관,2026-09-08 14:29:35
https://job.career.co.kr/recruit/view/22183269,,,,,,,정규직,주5일근무,연봉,,,부산 사하구,,학력무관,2026-09-08 14:29:35
https://job.career.co.kr/recruit/view/22183268,,,,,,,계약직,주6일근무,시급,,,부산 사하구,,학력무관,2026-09-08 14:29:35
https://job.career.co.kr/recruit/view/22183267,,,,,,,정규직,주5일근무,연봉,,,부산 사하구,,학력무관,2026-09-08 14:29:36
https://job.career.co.kr/recruit/view/22183266,,,,,,,계약직,주5일근무,월급,,,부산 사하구,,학력무관,2026-09-08 14:29:36
https://job.career.co.kr/recruit/view/22183265,,,,,,,계약직,주5일근무,시급,,,부산 해운대구,,학력무관,2026-09-08 14:29:36
https://job.career.co.kr/recruit/view/22183264,,,,,,,계약직,주5일근무,월급,,,부산 서구,,학력무관,2026-09-08 14:29:37
https://job.career.co.kr/recruit/view/22183263,,,,,,,정규직,주5일근무,시급,,,부산 연제구,,학력무관,2026-09-08 14:29:37
https://job.career.co.kr/recruit/view/22183262,,,,,,,계약직,주6일근무,월급,,,부산 서구,,학력무관,2026-09-08 14:29:37
https://job.career.co.kr/recruit/view/22183261,,,,,,,계약직,주6일근무,월급,,,부산 서구,,학력무관,2026-09-08 14:29:38
https://job.career.co.kr/recruit/view/22183260,,,,,,,정규직,주5일근무,시급,,,부산 부산진구,,학력무관,2026-09-08 14:29:38
https://job.career.co.kr/recruit/view/22183259,,,,,,,계약직,주5일근무,월급,,,부산 기장군,,학력무관,2026-09-08 14:29:38
https://job.career.co.kr/recruit/view/22183258,,,,,,,정규직,주5일근무,시급,,,부산 수영구,,학력무관,2026-09-08 14:29:39
https://job.career.co.kr/recruit/view/22183257,,,,,,,정규직,주5일근무,시급,,,부산 서구,,학력무관,2026-09-08 14:29:39
https://job.career.co.kr/recruit/view/22183256,,,,,,,정규직,주5일근무,시급,,,부산 사상구,,학력무관,2026-09-08 14:29:39
https://job.career.co.kr/recruit/view/22183255,,,,,,,정규직,주5일근무,월급,,,부산 부산진구,,고등학교 졸업 이상,2026-09-08 14:29:40
https://job.career.co.kr/recruit/view/22183254,,,,,,,정규직,주5일근무,시급,,,부산 해운대구,,학력무관,2026-09-08 14:29:40
https://job.career.co.kr/recruit/view/22183253,,,,,,,계약직,주5일근무,월급,,,부산 중구,,학력무관,2026-09-08 14:29:40
https://job.career.co.kr/recruit/view/22183252,,,,,,,정규직,주6일근무,시급,,,부산 해운대구,,학력무관,2026-09-08 14:29:41
https://job.career.co.kr/recruit/view/22183251,,,,,,,계약직,학력,월급,,,부산 연제구,,학력무관,2026-09-08 14:29:41
https://job.career.co.kr/recruit/view/22183248,,,,,,,정규직,주5일근무,월급,,,부산 남구,,학력무관,2026-09-08 14:29:41
https://job.career.co.kr/recruit/view/22183247,,,,,,,계약직,주5일근무,월급,,,부산 연제구,,"대학(2,3년) 졸업 이상",2026-09-08 14:29:42
https://job.career.co.kr/recruit/view/22183246,,,,,,,정규직,주5일근무,월급,,,부산 부산진구,,학력무관,2026-09-08 14:29:42
https://job.career.co.kr/recruit/view/22183245,,,,,,,정규직,주5일근무,월급,,,부산 부산진구,,학력무관,2026-09-08 14:29:42
https://job.career.co.kr/recruit/view/22183244,,,,,,,정규직,주5일근무,월급,,,부산 부산진구,,학력무관,2026-09-08 14:29:43
https://job.career.co.kr/recruit/view/22183243,,,,,,,정규직,주5일근무,월급,,,부산 연제구,,학력무관,2026-09-08 14:29:43
https://job.career.co.kr/recruit/view/22183242,,,,,,,계약직,주5일근무,월급,,,부산 부산진구,,학력무관,2026-09-08 14:29:43
https://job.career.co.kr/recruit/view/22183241,,,,,,,정규직,주5일근무,월급,,,부산 연제구,,학력무관,2026-09-08 14:29:44
https://job.career.co.kr/recruit/view/22183240,,,,,,,정규직,주5일근무,시급,,,부산 영도구,,학력무관,2026-09-08 14:29:44
https://job.career.co.kr/recruit/view/22183239,,,,,,,정규직,주5일근무,월급,,,부산 서구,,학력무관,2026-09-08 14:29:44
https://job.career.co.kr/recruit/view/22183238,,,,,,,정규직,주5일근무,월급,,,부산 부산진구,,학력무관,2026-09-08 14:29:45
https://job.career.co.kr/recruit/view/22183236,,,,,,,정규직,주6일근무,연봉,,,부산 영도구,,학력무관,2026-09-08 14:29:45
https://job.career.co.kr/recruit/view/22183235,,,,,,,정규직,학력,시급,,,부산 해운대구,,학력무관,2026-09-08 14:29:45
https://job.career.co.kr/recruit/view/22183234,,,,,,,정규직,주3일근무,시급,,,부산 해운대구,,학력무관,2026-09-08 14:29:46
https://job.career.co.kr/recruit/view/22183233,,,,,,,정규직,학력,시급,,,부산 연제구,,학력무관,2026-09-08 14:29:46
https://job.career.co.kr/recruit/view/22183232,,,,,,,정규직,주5일근무,연봉,,,부산 서구,,학력무관,2026-09-08 14:29:46
https://job.career.co.kr/recruit/view/22183231,,,,,,,계약직,주4일근무,월급,,,부산 중구,,고등학교 졸업 이상,2026-09-08 14:29:47
https://job.career.co.kr/recruit/view/22183230,,,,,,,정규직,주5일근무,시급,,,부산 금정구,,학력무관,2026-09-08 14:29:47
https://job.career.co.kr/recruit/view/22183229,,,,,,,계약직,주5일근무,월급,,,부산 남구,,학력무관,2026-09-08 14:29:47
https://job.career.co.kr/recruit/view/22183228,,,,,,,정규직,주5일근무,시급,,,부산 남구,,학력무관,2026-09-08 14:29:48
https://job.career.co.kr/recruit/view/22183227,,,,,,,계약직,주5일근무,월급,,,부산 남구,,학력무관,2026-09-08 14:29:48
https://job.career.co.kr/recruit/view/22183226,,,,,,,정규직,주5일근무,연봉,,,부산 남구,,학력무관,2026-09-08 14:29:48
https://job.career.co.kr/recruit/view/22183225,,,,,,,정규직,주5일근무,월급,,,부산 부산진구,,학력무관,2026-09-08 14:29:49
https://job.career.co.kr/recruit/view/22183224,,,,,,,정규직,주5일근무,시급,,,부산 서구,,학력무관,2026-09-08 14:29:49
https://job.career.co.kr/recruit/view/22183223,,,,,,,정규직,주5일근무,연봉,,,부산 연제구,,학력무관,2026-09-08 14:29:49
https://job.career.co.kr/recruit/view/22183222,,,,,,,계약직,주6일근무,월급,,,부산 중구,,학력무관,2026-09-08 14:29:50
https://job.career.co.kr/recruit/view/22183197,,,,,,,정규직,주5일근무,연봉,,,부산 영도구,,학력무관,2026-09-08 14:29:50
https://job.career.co.kr/recruit/view/22183196,,,,,,,계약직,주6일근무,월급,,,부산 동구,,학력무관,2026-09-08 14:29:50
https://job.career.co.kr/recruit/view/22183159,,,,,,,정규직,주5일근무,시급,,,부산 해운대구,,학력무관,2026-09-08 14:29:51
https://job.career.co.kr/recruit/view/22183156,,,,,,,정규직,주6일근무,시급,,,부산 기장군,,학력무관,2026-09-08 14:29:51
https://job.career.co.kr/recruit/view/22183147,,,,,,,정규직,주5일근무,월급,,,부산 기장군,,학력무관,2026-09-08 14:29:51
https://job.career.co.kr/recruit/view/22183112,,,,,,,정규직,주6일근무,연봉,,,부산 강서구,,학력무관,2026-09-08 14:29:52
https://job.career.co.kr/recruit/view/22183074,,,,,,,계약직,주6일근무,일급,,,부산 강서구,,학력무관,2026-09-08 14:29:52
https://job.career.co.kr/recruit/view/22182714,,,,,,,정규직,주5일근무,시급,,,부산 수영구,,학력무관,2026-09-08 14:29:52
https://job.career.co.kr/recruit/view/22182712,,,,,,,정규직,주6일근무,시급,,,부산 수영구,,학력무관,2026-09-08 14:29:53
https://job.career.co.kr/recruit/view/22182711,,,,,,,계약직,주5일근무,월급,,,부산 사하구,,학력무관,2026-09-08 14:29:53
https://job.career.co.kr/recruit/view/22182710,,,,,,,계약직,주5일근무,시급,,,부산 북구,,학력무관,2026-09-08 14:29:53
https://job.career.co.kr/recruit/view/22182709,,,,,,,계약직,주5일근무,시급,,,부산 사상구,,학력무관,2026-09-08 14:29:54
https://job.career.co.kr/recruit/view/22182708,,,,,,,계약직,주5일근무,월급,,,부산 사상구,,학력무관,2026-09-08 14:29:54
https://job.career.co.kr/recruit/view/22182707,,,,,,,계약직,주6일근무,월급,,,부산 부산진구,,학력무관,2026-09-08 14:29:54
https://job.career.co.kr/recruit/view/22182706,,,,,,,정규직,주3일근무,시급,,,부산 사하구,,학력무관,2026-09-08 14:29:55
https://job.career.co.kr/recruit/view/22182705,,,,,,,정규직,학력,시급,,,부산 사상구,,학력무관,2026-09-08 14:29:55
https://job.career.co.kr/recruit/view/22182704,,,,,,,정규직,주3일근무,시급,,,부산 중구,,학력무관,2026-09-08 14:29:55
https://job.career.co.kr/recruit/view/22182703,,,,,,,정규직,주5일근무,월급,,,부산 기장군,,학력무관,2026-09-08 14:29:56
https://job.career.co.kr/recruit/view/22182702,,,,,,,정규직,주5일근무,시급,,,부산 기장군,,학력무관,2026-09-08 14:29:56
https://job.career.co.kr/recruit/view/22182701,,,,,,,정규직,주5일근무,시급,,,부산 기장군,,학력무관,2026-09-08 14:29:56
https://job.career.co.kr/recruit/view/22182699,,,,,,,정규직,주6일근무,연봉,,,부산 강서구,,"대학(2,3년) 졸업 이상",2026-09-08 14:29:57
https://job.career.co.kr/recruit/view/22182464,,,,,,,정규직,주5일근무,월급,,,부산 해운대구,,학력무관,2026-09-08 14:29:57
https://job.career.co.kr/recruit/view/22182463,,,,,,,정규직,주5일근무,월급,,,부산 해운대구,,학력무관,2026-09-08 14:29:57
https://job.career.co.kr/recruit/view/22182462,,,,,,,정규직,주5일근무,월급,,,부산 해운대구,,학력무관,2026-09-08 14:29:58
https://job.career.co.kr/recruit/view/22182461,,,,,,,정규직,주5일근무,월급,,,부산 해운대구,,학력무관,2026-09-08 14:29:58
https://job.career.co.kr/recruit/view/22182460,,,,,,,정규직,주5일근무,월급,,,부산 해운대구,,학력무관,2026-09-08 14:29:58
https://job.career.co.kr/recruit/view/22182459,,,,,,,정규직,주5일근무,월급,,,부산 해운대구,,학력무관,2026-09-08 14:29:59
https://job.career.co.kr/recruit/view/22182458,,,,,,,정규직,주5일근무,시급,,,부산 금정구,,학력무관,2026-09-08 14:29:59
https://job.career.co.kr/recruit/view/22182457,,,,,,,정규직,주5일근무,월급,,,부산 동구,,학력무관,2026-09-08 14:29:59
https://job.career.co.kr/recruit/view/22182443,,,,,,,정규직,주5일근무,시급,,,부산 동래구,,학력무관,2026-09-08 14:30:00
https://job.career.co.kr/recruit/view/22182433,,,,,,,정규직,주5일근무,월급,,,부산 기장군,,학력무관,2026-09-08 14:30:00
https://job.career.co.kr/recruit/view/22182432,,,,,,,정규직,주5일근무,시급,,,부산 기장군,,학력무관,2026-09-08 14:30:00
https://job.career.co.kr/recruit/view/22182398,,,,,,,정규직,학력,시급,,,부산 금정구,,학력무관,2026-09-08 14:30:01
https://job.career.co.kr/recruit/view/22182396,,,,,,,정규직,주5일근무,시급,,,부산 남구,,학력무관,2026-09-08 14:30:01
https://job.career.co.kr/recruit/view/22182395,,,,,,,정규직,주5일근무,시급,,,부산 남구,,학력무관,2026-09-08 14:30:01
https://job.career.co.kr/recruit/view/22182394,,,,,,,정규직,주6일근무,시급,,,부산 금정구,,학력무관,2026-09-08 14:30:02
https://job.career.co.kr/recruit/view/22182393,,,,,,,정규직,주5일근무,시급,,,부산 부산진구,,학력무관,2026-09-08 14:30:02
https://job.career.co.kr/recruit/view/22182392,,,,,,,정규직,주3일근무,시급,,,부산 부산진구,,학력무관,2026-09-08 14:30:02
https://job.career.co.kr/recruit/view/22182391,,,,,,,정규직,주3일근무,시급,,,부산 연제구,,학력무관,2026-09-08 14:30:03
https://job.career.co.kr/recruit/view/22182390,,,,,,,정규직,주5일근무,시급,,,부산 북구,,학력무관,2026-09-08 14:30:03
https://job.career.co.kr/recruit/view/22182389,,,,,,,정규직,주5일근무,시급,,,부산 부산진구,,학력무관,2026-09-08 14:30:03
https://job.career.co.kr/recruit/view/22182295,,,,,,,정규직,주5일근무,월급,,,부산 동구,,학력무관,2026-09-08 14:30:04
https://job.career.co.kr/recruit/view/22182294,,,,,,,정규직,학력,시급,,,부산 동구,,학력무관,2026-09-08 14:30:04
https://job.career.co.kr/recruit/view/22182293,,,,,,,정규직,주4일근무,시급,,,부산 동구,,학력무관,2026-09-08 14:30:04
https://job.career.co.kr/recruit/view/22182292,,,,,,,정규직,주5일근무,월급,,,부산 사상구,,학력무관,2026-09-08 14:30:05
https://job.career.co.kr/recruit/view/22182209,,,,,,,정규직,주6일근무,월급,,,부산 사하구,,학력무관,2026-09-08 14:30:05
https://job.career.co.kr/recruit/view/22182144,,,,,,,정규직,주5일근무,시급,,,부산 사하구,,학력무관,2026-09-08 14:30:05
https://job.career.co.kr/recruit/view/22182143,,,,,,,계약직,주5일근무,월급,,,부산 부산진구,,학력무관,2026-09-08 14:30:06
https://job.career.co.kr/recruit/view/22182142,,,,,,,정규직,주5일근무,월급,,,부산 중구,,학력무관,2026-09-08 14:30:06
https://job.career.co.kr/recruit/view/22182141,,,,,,,정규직,주3일근무,시급,,,부산 연제구,,학력무관,2026-09-08 14:30:06
https://job.career.co.kr/recruit/view/22182140,,,,,,,계약직,주3일근무,시급,,,부산 남구,,학력무관,2026-09-08 14:30:07
https://job.career.co.kr/recruit/view/22182139,,,,,,,정규직,주3일근무,시급,,,부산 수영구,,학력무관,2026-09-08 14:30:07
https://job.career.co.kr/recruit/view/22182138,,,,,,,정규직,주6일근무,시급,,,부산 해운대구,,학력무관,2026-09-08 14:30:07
https://job.career.co.kr/recruit/view/22182137,,,,,,,정규직,학력,시급,,,부산 수영구,,학력무관,2026-09-08 14:30:08
https://job.career.co.kr/recruit/view/22182136,,,,,,,정규직,주5일근무,월급,,,부산 동래구,,학력무관,2026-09-08 14:30:08
https://job.career.co.kr/recruit/view/22182135,,,,,,,계약직,학력,시급,,,부산 부산진구,,학력무관,2026-09-08 14:30:08
https://job.career.co.kr/recruit/view/22182134,,,,,,,계약직,주4일근무,월급,,,부산 해운대구,,학력무관,2026-09-08 14:30:09
https://job.career.co.kr/recruit/view/22182133,,,,,,,정규직,주5일근무,연봉,,,부산 강서구,,학력무관,2026-09-08 14:30:09
https://job.career.co.kr/recruit/view/22181992,,,,,,,정규직,주6일근무,연봉,,,부산 연제구,,학력무관,2026-09-08 14:30:09
https://job.career.co.kr/recruit/view/22181968,,,,,,,정규직,주6일근무,연봉,,,부산 북구,,학력무관,2026-09-08 14:30:10
https://job.career.co.kr/recruit/view/22181965,,,,,,,정규직,주6일근무,연봉,,,부산 해운대구,,학력무관,2026-09-08 14:30:10
https://job.career.co.kr/recruit/view/22180444,,,,,,,정규직,주5일근무,일급,,,부산 부산진구,,학력무관,2026-09-08 14:30:10
https://job.career.co.kr/recruit/view/22180114,,,,,,,정규직,주6일근무,시급,,,부산 기장군,,학력무관,2026-09-08 14:30:11
https://job.career.co.kr/recruit/view/22180097,,,,,,,정규직,주5일근무,시급,,,부산 강서구,,학력무관,2026-09-08 14:30:11
https://job.career.co.kr/recruit/view/22180096,,,,,,,정규직,주5일근무,시급,,,부산 강서구,,학력무관,2026-09-08 14:30:11
https://job.career.co.kr/recruit/view/22180046,,,,,,,정규직,주5일근무,시급,,,부산 기장군,,학력무관,2026-09-08 14:30:12
https://job.career.co.kr/recruit/view/22179968,,,,,,,계약직,주5일근무,월급,,,부산 사하구,,학력무관,2026-09-08 14:30:12
https://job.career.co.kr/recruit/view/22179941,,,,,,,정규직,주5일근무,연봉,,,부산 강서구,,학력무관,2026-09-08 14:30:12
https://job.career.co.kr/recruit/view/22179922,,,,,,,정규직,주6일근무,연봉,,,부산 북구,,학력무관,2026-09-08 14:30:13
https://job.career.co.kr/recruit/view/22179921,,,,,,,정규직,주5일근무,연봉,,,부산 강서구,,학력무관,2026-09-08 14:30:13
https://job.career.co.kr/recruit/view/22179920,,,,,,,정규직,주5일근무,시급,,,부산 강서구,,학력무관,2026-09-08 14:30:13
https://job.career.co.kr/recruit/view/22179919,,,,,,,계약직,주5일근무,시급,,,부산 강서구,,학력무관,2026-09-08 14:30:14
https://job.career.co.kr/recruit/view/22179918,,,,,,,정규직,주5일근무,연봉,,,부산 강서구,,학력무관,2026-09-08 14:30:14
https://job.career.co.kr/recruit/view/22179917,,,,,,,정규직,주5일근무,월급,,,부산 강서구,,학력무관,2026-09-08 14:30:14
https://job.career.co.kr/recruit/view/22179916,,,,,,,정규직,주5일근무,시급,,,부산 강서구,,학력무관,2026-09-08 14:30:15
https://job.career.co.kr/recruit/view/22179915,,,,,,,정규직,주5일근무,연봉,,,부산 강서구,,학력무관,2026-09-08 14:30:15
https://job.career.co.kr/recruit/view/22179914,,,,,,,정규직,주5일근무,월급,,,부산 강서구,,학력무관,2026-09-08 14:30:15
https://job.career.co.kr/recruit/view/22179913,,,,,,,정규직,주5일근무,월급,,,부산 강서구,,학력무관,2026-09-08 14:30:16
https://job.career.co.kr/recruit/view/22179912,,,,,,,정규직,주5일근무,연봉,,,부산 강서구,,학력무관,2026-09-08 14:30:16
https://job.career.co.kr/recruit/view/22179911,,,,,,,정규직,주5일근무,월급,,,부산 강서구,,고등학교 졸업 이상,2026-09-08 14:30:16
https://job.career.co.kr/recruit/view/22179910,,,,,,,정규직,주5일근무,월급,,,부산 사상구,,학력무관,2026-09-08 14:30:17
https://job.career.co.kr/recruit/view/22179909,,,,,,,정규직,주6일근무,월급,,,부산 강서구,,학력무관,2026-09-08 14:30:17
https://job.career.co.kr/recruit/view/22179908,,,,,,,계약직,주5일근무,월급,,,부산 북구,,학력무관,2026-09-08 14:30:17
https://job.career.co.kr/recruit/view/22179907,,,,,,,정규직,주5일근무,시급,,,부산 강서구,,학력무관,2026-09-08 14:30:18
https://job.career.co.kr/recruit/view/22179906,,,,,,,정규직,주5일근무,시급,,,부산 강서구,,학력무관,2026-09-08 14:30:18
https://job.career.co.kr/recruit/view/22179905,,,,,,,정규직,주5일근무,시급,,,부산 북구,,학력무관,2026-09-08 14:30:18
https://job.career.co.kr/recruit/view/22179904,,,,,,,정규직,주5일근무,월급,,,부산 강서구,,학력무관,2026-09-08 14:30:19
https://job.career.co.kr/recruit/view/22179903,,,,,,,정규직,주5일근무,월급,,,부산 강서구,,학력무관,2026-09-08 14:30:19
https://job.career.co.kr/recruit/view/22179902,,,,,,,정규직,주5일근무,월급,,,부산 강서구,,학력무관,2026-09-08 14:30:19
https://job.career.co.kr/recruit/view/22179901,,,,,,,정규직,주6일근무,월급,,,부산 사상구,,학력무관,2026-09-08 14:30:20
https://job.career.co.kr/recruit/view/22179900,,,,,,,계약직,주5일근무,연봉,,,부산 강서구,,학력무관,2026-09-08 14:30:20
https://job.career.co.kr/recruit/view/22179899,,,,,,,정규직,주5일근무,월급,,,부산 강서구,,고등학교 졸업 이상,2026-09-08 14:30:20
https://job.career.co.kr/recruit/view/22179898,,,,,,,정규직,주4일근무,월급,,,부산 강서구,,고등학교 졸업 이상,2026-09-08 14:30:21
https://job.career.co.kr/recruit/view/22179897,,,,,,,정규직,주5일근무,월급,,,부산 사상구,,학력무관,2026-09-08 14:30:21
https://job.career.co.kr/recruit/view/22179896,,,,,,,정규직,주5일근무,연봉,,,부산 강서구,,학력무관,2026-09-08 14:30:21
https://job.career.co.kr/recruit/view/22179895,,,,,,,계약직,주5일근무,연봉,,,부산 사상구,,학력무관,2026-09-08 14:30:22
https://job.career.co.kr/recruit/view/22179894,,,,,,,정규직,주5일근무,시급,,,부산 사상구,,학력무관,2026-09-08 14:30:22
https://job.career.co.kr/recruit/view/22179893,,,,,,,정규직,주5일근무,월급,,,부산 사상구,,학력무관,2026-09-08 14:30:22
https://job.career.co.kr/recruit/view/22179892,,,,,,,계약직,주5일근무,월급,,,부산 강서구,,학력무관,2026-09-08 14:30:23
https://job.career.co.kr/recruit/view/22179891,,,,,,,정규직,주5일근무,일급,,,부산 사상구,,학력무관,2026-09-08 14:30:23
https://job.career.co.kr/recruit/view/22179890,,,,,,,정규직,주5일근무,월급,,,부산 사상구,,학력무관,2026-09-08 14:30:23
https://job.career.co.kr/recruit/view/22179889,,,,,,,정규직,주5일근무,시급,,,부산 사상구,,학력무관,2026-09-08 14:30:24
https://job.career.co.kr/recruit/view/22179888,,,,,,,정규직,주5일근무,연봉,,,부산 강서구,,학력무관,2026-09-08 14:30:24
https://job.career.co.kr/recruit/view/22179887,,,,,,,정규직,주5일근무,연봉,,,부산 강서구,,"대학(2,3년) 졸업 이상",2026-09-08 14:30:24
https://job.career.co.kr/recruit/view/22179885,,,,,,,정규직,주5일근무,월급,,,부산 사상구,,학력무관,2026-09-08 14:30:25
https://job.career.co.kr/recruit/view/22179883,,,,,,,계약직,주5일근무,연봉,,,부산 강서구,,"대학(2,3년) 졸업 이상",2026-09-08 14:30:25
https://job.career.co.kr/recruit/view/22179882,,,,,,,정규직,주5일근무,연봉,,,부산 강서구,,"대학(2,3년) 졸업 이상",2026-09-08 14:30:25
https://job.career.co.kr/recruit/view/22179881,,,,,,,계약직,주6일근무,시급,,,부산 금정구,,학력무관,2026-09-08 14:30:26
https://job.career.co.kr/recruit/view/22179880,,,,,,,정규직,주6일근무,월급,,,부산 강서구,,학력무관,2026-09-08 14:30:26
https://job.career.co.kr/recruit/view/22179879,,,,,,,정규직,주6일근무,연봉,,,부산 강서구,,학력무관,2026-09-08 14:30:26
https://job.career.co.kr/recruit/view/22179878,,,,,,,정규직,주6일근무,연봉,,,부산 강서구,,학력무관,2026-09-08 14:30:27
https://job.career.co.kr/recruit/view/22179877,,,,,,,정규직,주5일근무,월급,,,부산 강서구,,"대학(2,3년) 졸업 이상",2026-09-08 14:30:27
https://job.career.co.kr/recruit/view/22179876,,,,,,,정규직,주5일근무,연봉,,,부산 강서구,,학력무관,2026-09-08 14:30:27
https://job.career.co.kr/recruit/view/22179875,,,,,,,정규직,주5일근무,연봉,,,부산 강서구,,학력무관,2026-09-08 14:30:28
https://job.career.co.kr/recruit/view/22179874,,,,,,,정규직,주6일근무,시급,,,부산 사상구,,학력무관,2026-09-08 14:30:28
https://job.career.co.kr/recruit/view/22179873,,,,,,,정규직,주5일근무,연봉,,,부산 강서구,,학력무관,2026-09-08 14:30:28
https://job.career.co.kr/recruit/view/22179872,,,,,,,정규직,주5일근무,연봉,,,부산 강서구,,학력무관,2026-09-08 14:30:29
https://job.career.co.kr/recruit/view/22179871,,,,,,,정규직,주5일근무,시급,,,부산 강서구,,학력무관,2026-09-08 14:30:29
https://job.career.co.kr/recruit/view/22179870,,,,,,,정규직,주5일근무,연봉,,,부산 강서구,,학력무관,2026-09-08 14:30:29
https://job.career.co.kr/recruit/view/22179869,,,,,,,정규직,주5일근무,월급,,,부산 강서구,,학력무관,2026-09-08 14:30:30
https://job.career.co.kr/recruit/view/22179868,,,,,,,정규직,주5일근무,시급,,,부산 사상구,,학력무관,2026-09-08 14:30:30
https://job.career.co.kr/recruit/view/22179867,,,,,,,정규직,주5일근무,월급,,,부산 강서구,,학력무관,2026-09-08 14:30:30
https://job.career.co.kr/recruit/view/22179866,,,,,,,정규직,주5일근무,월급,,,부산 강서구,,학력무관,2026-09-08 14:30:31
https://job.career.co.kr/recruit/view/22179865,,,,,,,계약직,주5일근무,월급,,,부산 북구,,"대학(2,3년) 졸업 이상",2026-09-08 14:30:31
https://job.career.co.kr/recruit/view/22179864,,,,,,,정규직,주5일근무,시급,,,부산 강서구,,학력무관,2026-09-08 14:30:31
https://job.career.co.kr/recruit/view/22179863,,,,,,,정규직,주5일근무,연봉,,,부산 북구,,고등학교 졸업 이상,2026-09-08 14:30:32
https://job.career.co.kr/recruit/view/22179862,,,,,,,정규직,주5일근무,월급,,,부산 사상구,,학력무관,2026-09-08 14:30:32
https://job.career.co.kr/recruit/view/22179861,,,,,,,정규직,주6일근무,연봉,,,부산 사상구,,학력무관,2026-09-08 14:30:32
https://job.career.co.kr/recruit/view/22179860,,,,,,,정규직,주5일근무,월급,,,부산 사상구,,학력무관,2026-09-08 14:30:33
https://job.career.co.kr/recruit/view/22179859,,,,,,,정규직,주5일근무,월급,,,부산 사상구,,학력무관,2026-09-08 14:30:33
https://job.career.co.kr/recruit/view/22179858,,,,,,,정규직,주5일근무,연봉,,,부산 사상구,,학력무관,2026-09-08 14:30:33
https://job.career.co.kr/recruit/view/22179857,,,,,,,정규직,주5일근무,월급,,,부산 사상구,,학력무관,2026-09-08 14:30:34
https://job.career.co.kr/recruit/view/22179855,,,,,,,계약직,주5일근무,시급,,,부산 기장군,,학력무관,2026-09-08 14:30:34
https://job.career.co.kr/recruit/view/22179854,,,,,,,정규직,주6일근무,시급,,,부산 사상구,,학력무관,2026-09-08 14:30:34
https://job.career.co.kr/recruit/view/22179853,,,,,,,정규직,주5일근무,연봉,,,부산 금정구,,학력무관,2026-09-08 14:30:35
https://job.career.co.kr/recruit/view/22179852,,,,,,,정규직,주6일근무,월급,,,부산 기장군,,학력무관,2026-09-08 14:30:35
https://job.career.co.kr/recruit/view/22179851,,,,,,,계약직,주5일근무,월급,,,부산 기장군,,학력무관,2026-09-08 14:30:35
https://job.career.co.kr/recruit/view/22179850,,,,,,,정규직,주5일근무,시급,,,부산 동래구,,학력무관,2026-09-08 14:30:36
https://job.career.co.kr/recruit/view/22179849,,,,,,,정규직,주5일근무,연봉,,,부산 기장군,,학력무관,2026-09-08 14:30:36
https://job.career.co.kr/recruit/view/22179848,,,,,,,정규직,주5일근무,월급,,,부산 수영구,,학력무관,2026-09-08 14:30:36
https://job.career.co.kr/recruit/view/22179847,,,,,,,정규직,주5일근무,시급,,,부산 기장군,,학력무관,2026-09-08 14:30:37
https://job.career.co.kr/recruit/view/22179846,,,,,,,계약직,주6일근무,월급,,,부산 해운대구,,학력무관,2026-09-08 14:30:37
https://job.career.co.kr/recruit/view/22179845,,,,,,,정규직,주5일근무,월급,,,부산 동래구,,학력무관,2026-09-08 14:30:37
https://job.career.co.kr/recruit/view/22179844,,,,,,,정규직,주6일근무,연봉,,,부산 기장군,,학력무관,2026-09-08 14:30:38
https://job.career.co.kr/recruit/view/22179843,,,,,,,정규직,주6일근무,시급,,,부산 영도구,,학력무관,2026-09-08 14:30:38
https://job.career.co.kr/recruit/view/22179842,,,,,,,계약직,주5일근무,시급,,,부산 해운대구,,학력무관,2026-09-08 14:30:38
https://job.career.co.kr/recruit/view/22179840,,,,,,,계약직,주5일근무,월급,,,부산 기장군,,학력무관,2026-09-08 14:30:39
https://job.career.co.kr/recruit/view/22179839,,,,,,,정규직,주5일근무,월급,,,부산 기장군,,학력무관,2026-09-08 14:30:39
https://job.career.co.kr/recruit/view/22179838,,,,,,,정규직,주5일근무,시급,,,부산 연제구,,학력무관,2026-09-08 14:30:39
https://job.career.co.kr/recruit/view/22179837,,,,,,,계약직,주5일근무,시급,,,부산 동래구,,학력무관,2026-09-08 14:30:40
https://job.career.co.kr/recruit/view/22179836,,,,,,,정규직,주4일근무,시급,,,부산 동래구,,학력무관,2026-09-08 14:30:40
https://job.career.co.kr/recruit/view/22179835,,,,,,,정규직,주3일근무,시급,,,부산 해운대구,,학력무관,2026-09-08 14:30:40
https://job.career.co.kr/recruit/view/22179834,,,,,,,정규직,주5일근무,시급,,,부산 기장군,,학력무관,2026-09-08 14:30:41
https://job.career.co.kr/recruit/view/22179833,,,,,,,계약직,주5일근무,월급,,,부산 금정구,,"대학(2,3년) 졸업 이상",2026-09-08 14:30:41
https://job.career.co.kr/recruit/view/22179832,,,,,,,정규직,주6일근무,시급,,,부산 기장군,,학력무관,2026-09-08 14:30:41
https://job.career.co.kr/recruit/view/22179831,,,,,,,정규직,주5일근무,시급,,,부산 부산진구,,학력무관,2026-09-08 14:30:42
https://job.career.co.kr/recruit/view/22179830,,,,,,,정규직,주5일근무,시급,,,부산 해운대구,,학력무관,2026-09-08 14:30:42
https://job.career.co.kr/recruit/view/22179829,,,,,,,정규직,주5일근무,시급,,,부산 기장군,,학력무관,2026-09-08 14:30:42
https://job.career.co.kr/recruit/view/22179828,,,,,,,정규직,주6일근무,시급,,,부산 수영구,,학력무관,2026-09-08 14:30:43
https://job.career.co.kr/recruit/view/22179827,,,,,,,계약직,학력,시급,,,부산 북구,,학력무관,2026-09-08 14:30:43
https://job.career.co.kr/recruit/view/22179826,,,,,,,계약직,주5일근무,시급,,,부산 북구,,학력무관,2026-09-08 14:30:43
https://job.career.co.kr/recruit/view/22179825,,,,,,,계약직,주5일근무,시급,,,부산 동래구,,학력무관,2026-09-08 14:30:44
https://job.career.co.kr/recruit/view/22179824,,,,,,,정규직,주5일근무,시급,,,부산 해운대구,,학력무관,2026-09-08 14:30:44
https://job.career.co.kr/recruit/view/22179823,,,,,,,정규직,주6일근무,시급,,,부산 해운대구,,학력무관,2026-09-08 14:30:44
https://job.career.co.kr/recruit/view/22179822,,,,,,,계약직,주5일근무,월급,,,부산 금정구,,학력무관,2026-09-08 14:30:45
https://job.career.co.kr/recruit/view/22179821,,,,,,,정규직,주6일근무,시급,,,부산 수영구,,학력무관,2026-09-08 14:30:45
https://job.career.co.kr/recruit/view/22179820,,,,,,,정규직,주5일근무,월급,,,부산 동래구,,학력무관,2026-09-08 14:30:45
https://job.career.co.kr/recruit/view/22179819,,,,,,,정규직,주5일근무,월급,,,부산 기장군,,학력무관,2026-09-08 14:30:46
https://job.career.co.kr/recruit/view/22179818,,,,,,,정규직,주5일근무,월급,,,부산 수영구,,학력무관,2026-09-08 14:30:46
https://job.career.co.kr/recruit/view/22179817,,,,,,,정규직,주5일근무,연봉,,,부산 동래구,,대학교(4년) 졸업 이상,2026-09-08 14:30:46
https://job.career.co.kr/recruit/view/22179814,,,,,,,계약직,주6일근무,월급,,,부산 영도구,,학력무관,2026-09-08 14:30:47
https://job.career.co.kr/recruit/view/22179813,,,,,,,계약직,주6일근무,월급,,,부산 영도구,,학력무관,2026-09-08 14:30:47
https://job.career.co.kr/recruit/view/22179811,,,,,,,계약직,주3일근무,시급,,,부산 해운대구,,학력무관,2026-09-08 14:30:47
https://job.career.co.kr/recruit/view/22179810,,,,,,,정규직,주5일근무,시급,,,부산 연제구,,학력무관,2026-09-08 14:30:48
https://job.career.co.kr/recruit/view/22179809,,,,,,,정규직,주3일근무,시급,,,부산 해운대구,,학력무관,2026-09-08 14:30:48
https://job.career.co.kr/recruit/view/22179808,,,,,,,정규직,주5일근무,시급,,,부산 사하구,,학력무관,2026-09-08 14:30:48
https://job.career.co.kr/recruit/view/22179807,,,,,,,정규직,주5일근무,월급,,,부산 사하구,,학력무관,2026-09-08 14:30:49
https://job.career.co.kr/recruit/view/22179806,,,,,,,정규직,주5일근무,연봉,,,부산 사하구,,학력무관,2026-09-08 14:30:49
https://job.career.co.kr/recruit/view/22179805,,,,,,,계약직,주5일근무,월급,,,부산 사하구,,학력무관,2026-09-08 14:30:49
https://job.career.co.kr/recruit/view/22179804,,,,,,,정규직,주5일근무,월급,,,부산 사하구,,학력무관,2026-09-08 14:30:50
https://job.career.co.kr/recruit/view/22179803,,,,,,,정규직,주5일근무,월급,,,부산 강서구,,학력무관,2026-09-08 14:30:50
https://job.career.co.kr/recruit/view/22179802,,,,,,,정규직,주5일근무,시급,,,부산 사하구,,학력무관,2026-09-08 14:30:50
https://job.career.co.kr/recruit/view/22179801,,,,,,,계약직,주5일근무,월급,,,부산 사하구,,학력무관,2026-09-08 14:30:51
https://job.career.co.kr/recruit/view/22179800,,,,,,,정규직,주5일근무,시급,,,부산 사하구,,학력무관,2026-09-08 14:30:51
https://job.career.co.kr/recruit/view/22179799,,,,,,,정규직,주5일근무,시급,,,부산 사하구,,학력무관,2026-09-08 14:30:51
https://job.career.co.kr/recruit/view/22179798,,,,,,,정규직,주5일근무,월급,,,부산 사하구,,"대학(2,3년) 졸업 이상",2026-09-08 14:30:52
https://job.career.co.kr/recruit/view/22179797,,,,,,,계약직,주5일근무,월급,,,부산 사하구,,학력무관,2026-09-08 14:30:52
https://job.career.co.kr/recruit/view/22179796,,,,,,,정규직,주5일근무,연봉,,,부산 사하구,,학력무관,2026-09-08 14:30:52
https://job.career.co.kr/recruit/view/22179795,,,,,,,정규직,주5일근무,월급,,,부산 사하구,,학력무관,2026-09-08 14:30:53
https://job.career.co.kr/recruit/view/22179794,,,,,,,정규직,주5일근무,시급,,,부산 기장군,,학력무관,2026-09-08 14:30:53
https://job.career.co.kr/recruit/view/22179793,,,,,,,정규직,주5일근무,월급,,,부산 부산진구,,학력무관,2026-09-08 14:30:53
https://job.career.co.kr/recruit/view/22179792,,,,,,,정규직,주5일근무,월급,,,부산 사하구,,학력무관,2026-09-08 14:30:54
https://job.career.co.kr/recruit/view/22179791,,,,,,,정규직,주5일근무,시급,,,부산 서구,,학력무관,2026-09-08 14:30:54
https://job.career.co.kr/recruit/view/22179790,,,,,,,정규직,학력,시급,,,부산 기장군,,학력무관,2026-09-08 14:30:54
https://job.career.co.kr/recruit/view/22179789,,,,,,,정규직,주5일근무,시급,,,부산 부산진구,,학력무관,2026-09-08 14:30:55
https://job.career.co.kr/recruit/view/22179788,,,,,,,정규직,주5일근무,월급,,,부산 영도구,,학력무관,2026-09-08 14:30:55
https://job.career.co.kr/recruit/view/22179787,,,,,,,정규직,주5일근무,월급,,,부산 연제구,,학력무관,2026-09-08 14:30:55
https://job.career.co.kr/recruit/view/22179786,,,,,,,정규직,주5일근무,월급,,,부산 중구,,학력무관,2026-09-08 14:30:56
https://job.career.co.kr/recruit/view/22179785,,,,,,,정규직,주5일근무,월급,,,부산 영도구,,고등학교 졸업 이상,2026-09-08 14:30:56
https://job.career.co.kr/recruit/view/22179784,,,,,,,정규직,주5일근무,시급,,,부산 부산진구,,학력무관,2026-09-08 14:30:56
https://job.career.co.kr/recruit/view/22179783,,,,,,,계약직,주5일근무,월급,,,부산 부산진구,,학력무관,2026-09-08 14:30:57
https://job.career.co.kr/recruit/view/22179782,,,,,,,정규직,주5일근무,월급,,,부산 기장군,,학력무관,2026-09-08 14:30:57
https://job.career.co.kr/recruit/view/22179781,,,,,,,정규직,주5일근무,월급,,,부산 남구,,학력무관,2026-09-08 14:30:57
https://job.career.co.kr/recruit/view/22179780,,,,,,,정규직,주5일근무,시급,,,부산 부산진구,,학력무관,2026-09-08 14:30:58
https://job.career.co.kr/recruit/view/22179779,,,,,,,정규직,주4일근무,시급,,,부산 부산진구,,학력무관,2026-09-08 14:30:58
https://job.career.co.kr/recruit/view/22179778,,,,,,,정규직,주5일근무,월급,,,부산 서구,,학력무관,2026-09-08 14:30:58
https://job.career.co.kr/recruit/view/22179777,,,,,,,정규직,주5일근무,연봉,,,부산 서구,,학력무관,2026-09-08 14:30:59
https://job.career.co.kr/recruit/view/22179776,,,,,,,계약직,주5일근무,월급,,,부산 동구,,학력무관,2026-09-08 14:30:59
https://job.career.co.kr/recruit/view/22179775,,,,,,,정규직,주6일근무,월급,,,부산 연제구,,학력무관,2026-09-08 14:30:59
https://job.career.co.kr/recruit/view/22179774,,,,,,,계약직,주5일근무,월급,,,부산 연제구,,학력무관,2026-09-08 14:31:00
https://job.career.co.kr/recruit/view/22179773,,,,,,,정규직,주5일근무,연봉,,,부산 부산진구,,학력무관,2026-09-08 14:31:00
https://job.career.co.kr/recruit/view/22179772,,,,,,,정규직,주5일근무,월급,,,부산 연제구,,학력무관,2026-09-08 14:31:00
https://job.career.co.kr/recruit/view/22179771,,,,,,,정규직,주5일근무,시급,,,부산 부산진구,,학력무관,2026-09-08 14:31:01
https://job.career.co.kr/recruit/view/22179770,,,,,,,정규직,주5일근무,월급,,,부산 연제구,,학력무관,2026-09-08 14:31:01
https://job.career.co.kr/recruit/view/22179769,,,,,,,정규직,주5일근무,월급,,,부산 중구,,학력무관,2026-09-08 14:31:01
https://job.career.co.kr/recruit/view/22179768,,,,,,,정규직,주5일근무,시급,,,부산 영도구,,학력무관,2026-09-08 14:31:02
https://job.career.co.kr/recruit/view/22179764,,,,,,,정규직,주5일근무,시급,,,부산 연제구,,학력무관,2026-09-08 14:31:02
https://job.career.co.kr/recruit/view/22179763,,,,,,,정규직,주6일근무,시급,,,부산 동구,,학력무관,2026-09-08 14:31:02
https://job.career.co.kr/recruit/view/22179762,,,,,,,정규직,주5일근무,시급,,,부산 동구,,학력무관,2026-09-08 14:31:03
https://job.career.co.kr/recruit/view/22179761,,,,,,,계약직,주5일근무,월급,,,부산 연제구,,학력무관,2026-09-08 14:31:03
https://job.career.co.kr/recruit/view/22179760,,,,,,,정규직,주5일근무,연봉,,,부산 부산진구,,학력무관,2026-09-08 14:31:03
https://job.career.co.kr/recruit/view/22179759,,,,,,,정규직,주3일근무,시급,,,부산 연제구,,학력무관,2026-09-08 14:31:04
https://job.career.co.kr/recruit/view/22179758,,,,,,,정규직,주5일근무,시급,,,부산 부산진구,,학력무관,2026-09-08 14:31:04
https://job.career.co.kr/recruit/view/22179756,,,,,,,정규직,주5일근무,시급,,,부산 부산진구,,학력무관,2026-09-08 14:31:04
https://job.career.co.kr/recruit/view/22179755,,,,,,,정규직,주6일근무,월급,,,부산 부산진구,,학력무관,2026-09-08 14:31:05
https://job.career.co.kr/recruit/view/22179754,,,,,,,정규직,주5일근무,연봉,,,부산 부산진구,,학력무관,2026-09-08 14:31:05
https://job.career.co.kr/recruit/view/22179752,,,,,,,정규직,주5일근무,월급,,,부산 남구,,학력무관,2026-09-08 14:31:06
https://job.career.co.kr/recruit/view/22179751,,,,,,,계약직,주5일근무,시급,,,부산 영도구,,학력무관,2026-09-08 14:31:06
https://job.career.co.kr/recruit/view/22179753,,,,,,,정규직,주3일근무,시급,,,부산 연제구,,학력무관,2026-09-08 14:31:06
https://job.career.co.kr/recruit/view/22179750,,,,,,,정규직,주5일근무,월급,,,부산 동구,,학력무관,2026-09-08 14:31:06
https://job.career.co.kr/recruit/view/22179738,,,,,,,정규직,주6일근무,시급,,,부산 북구,,학력무관,2026-09-08 14:31:07
https://job.career.co.kr/recruit/view/22179737,,,,,,,정규직,주6일근무,시급,,,부산 남구,,학력무관,2026-09-08 14:31:07
https://job.career.co.kr/recruit/view/22179736,,,,,,,계약직,주5일근무,월급,,,부산 부산진구,,대학교(4년) 졸업 이상,2026-09-08 14:31:07
https://job.career.co.kr/recruit/view/22179735,,,,,,,정규직,주5일근무,시급,,,부산 기장군,,학력무관,2026-09-08 14:31:08
https://job.career.co.kr/recruit/view/22179734,,,,,,,계약직,주6일근무,월급,,,부산 연제구,,학력무관,2026-09-08 14:31:08
https://job.career.co.kr/recruit/view/22179546,,,,,,,계약직,주5일근무,연봉,,,부산 강서구,,학력무관,2026-09-08 14:31:08
https://job.career.co.kr/recruit/view/22179222,,,,,,,정규직,주5일근무,월급,,,부산 해운대구,,학력무관,2026-09-08 14:31:09
https://job.career.co.kr/recruit/view/22179221,,,,,,,정규직,주3일근무,시급,,,부산 수영구,,학력무관,2026-09-08 14:31:09
https://job.career.co.kr/recruit/view/22179220,,,,,,,정규직,학력,시급,,,부산 남구,,학력무관,2026-09-08 14:31:09
https://job.career.co.kr/recruit/view/22179219,,,,,,,계약직,주4일근무,월급,,,부산 수영구,,학력무관,2026-09-08 14:31:10
https://job.career.co.kr/recruit/view/22179218,,,,,,,정규직,주6일근무,시급,,,부산 사하구,,학력무관,2026-09-08 14:31:10
https://job.career.co.kr/recruit/view/22179217,,,,,,,계약직,주4일근무,월급,,,부산 부산진구,,학력무관,2026-09-08 14:31:10
https://job.career.co.kr/recruit/view/22179216,,,,,,,정규직,주5일근무,시급,,,부산 부산진구,,학력무관,2026-09-08 14:31:11
https://job.career.co.kr/recruit/view/22179215,,,,,,,정규직,주5일근무,시급,,,부산 북구,,학력무관,2026-09-08 14:31:11
https://job.career.co.kr/recruit/view/22179214,,,,,,,계약직,주5일근무,월급,,,부산 북구,,학력무관,2026-09-08 14:31:11
https://job.career.co.kr/recruit/view/22179213,,,,,,,계약직,주6일근무,월급,,,부산 북구,,학력무관,2026-09-08 14:31:12
https://job.career.co.kr/recruit/view/22179212,,,,,,,정규직,주6일근무,시급,,,부산 부산진구,,학력무관,2026-09-08 14:31:12
https://job.career.co.kr/recruit/view/22179211,,,,,,,정규직,주5일근무,시급,,,부산 부산진구,,학력무관,2026-09-08 14:31:12
https://job.career.co.kr/recruit/view/22179210,,,,,,,정규직,주6일근무,시급,,,부산 사상구,,학력무관,2026-09-08 14:31:13
https://job.career.co.kr/recruit/view/22179209,,,,,,,정규직,주5일근무,월급,,,부산 남구,,학력무관,2026-09-08 14:31:13
https://job.career.co.kr/recruit/view/22179208,,,,,,,정규직,주6일근무,시급,,,부산 남구,,학력무관,2026-09-08 14:31:13
https://job.career.co.kr/recruit/view/22179207,,,,,,,계약직,주5일근무,월급,,,부산 기장군,,고등학교 졸업 이상,2026-09-08 14:31:14
https://job.career.co.kr/recruit/view/22178938,,,,,,,정규직,주5일근무,월급,,,부산 해운대구,,학력무관,2026-09-08 14:31:14
https://job.career.co.kr/recruit/view/22178937,,,,,,,계약직,주6일근무,시급,,,부산 북구,,학력무관,2026-09-08 14:31:14
https://job.career.co.kr/recruit/view/22178924,,,,,,,정규직,주5일근무,연봉,,,부산 사상구,,학력무관,2026-09-08 14:31:15
https://job.career.co.kr/recruit/view/22178832,,,,,,,정규직,주3일근무,시급,,,부산 해운대구,,학력무관,2026-09-08 14:31:15
https://job.career.co.kr/recruit/view/22178831,,,,,,,계약직,주5일근무,월급,,,부산 부산진구,,학력무관,2026-09-08 14:31:15
https://job.career.co.kr/recruit/view/22178830,,,,,,,정규직,주5일근무,월급,,,부산 금정구,,대학교(4년) 졸업 이상,2026-09-08 14:31:16
https://job.career.co.kr/recruit/view/22178829,,,,,,,정규직,주5일근무,월급,,,부산 금정구,,대학교(4년) 졸업 이상,2026-09-08 14:31:16
https://job.career.co.kr/recruit/view/22178827,,,,,,,정규직,주6일근무,시급,,,부산 연제구,,학력무관,2026-09-08 14:31:16
https://job.career.co.kr/recruit/view/22178826,,,,,,,정규직,주5일근무,시급,,,부산 남구,,학력무관,2026-09-08 14:31:17
https://job.career.co.kr/recruit/view/22178825,,,,,,,정규직,주5일근무,시급,,,부산 중구,,학력무관,2026-09-08 14:31:17
https://job.career.co.kr/recruit/view/22178824,,,,,,,정규직,학력,시급,,,부산 연제구,,학력무관,2026-09-08 14:31:17
https://job.career.co.kr/recruit/view/22178823,,,,,,,정규직,주3일근무,시급,,,부산 부산진구,,학력무관,2026-09-08 14:31:18
https://job.career.co.kr/recruit/view/22178822,,,,,,,계약직,주5일근무,월급,,,부산 동래구,,학력무관,2026-09-08 14:31:18
https://job.career.co.kr/recruit/view/22178821,,,,,,,정규직,주3일근무,시급,,,부산 동래구,,학력무관,2026-09-08 14:31:18
https://job.career.co.kr/recruit/view/22178798,,,,,,,정규직,주6일근무,시급,,,부산 북구,,학력무관,2026-09-08 14:31:19
https://job.career.co.kr/recruit/view/22178750,,,,,,,정규직,주6일근무,시급,,,부산 남구,,학력무관,2026-09-08 14:31:19
https://job.career.co.kr/recruit/view/22178691,,,,,,,정규직,주5일근무,연봉,,,부산 동래구,,학력무관,2026-09-08 14:31:19
https://job.career.co.kr/recruit/view/22178690,,,,,,,정규직,주5일근무,월급,,,부산 연제구,,학력무관,2026-09-08 14:31:20
https://job.career.co.kr/recruit/view/22178679,,,,,,,계약직,주5일근무,시급,,,부산 기장군,,학력무관,2026-09-08 14:31:20
https://job.career.co.kr/recruit/view/22178622,,,,,,,계약직,주6일근무,시급,,,부산 금정구,,학력무관,2026-09-08 14:31:20
https://job.career.co.kr/recruit/view/22178621,,,,,,,정규직,주5일근무,시급,,,부산 동래구,,학력무관,2026-09-08 14:31:21
https://job.career.co.kr/recruit/view/22178620,,,,,,,정규직,주5일근무,시급,,,부산 동래구,,학력무관,2026-09-08 14:31:21
https://job.career.co.kr/recruit/view/22178618,,,,,,,계약직,주5일근무,월급,,,부산 강서구,,학력무관,2026-09-08 14:31:21
https://job.career.co.kr/recruit/view/22178617,,,,,,,정규직,주4일근무,시급,,,부산 수영구,,학력무관,2026-09-08 14:31:22
https://job.career.co.kr/recruit/view/22178616,,,,,,,정규직,주3일근무,시급,,,부산 남구,,학력무관,2026-09-08 14:31:22
https://job.career.co.kr/recruit/view/22178615,,,,,,,정규직,주3일근무,시급,,,부산 남구,,학력무관,2026-09-08 14:31:22
https://job.career.co.kr/recruit/view/22178614,,,,,,,정규직,주5일근무,시급,,,부산 영도구,,학력무관,2026-09-08 14:31:23
https://job.career.co.kr/recruit/view/22178613,,,,,,,정규직,주6일근무,시급,,,부산 수영구,,학력무관,2026-09-08 14:31:23
https://job.career.co.kr/recruit/view/22178612,,,,,,,정규직,주6일근무,월급,,,부산 강서구,,학력무관,2026-09-08 14:31:23
https://job.career.co.kr/recruit/view/22178611,,,,,,,정규직,주5일근무,월급,,,부산 금정구,,학력무관,2026-09-08 14:31:24
https://job.career.co.kr/recruit/view/22178610,,,,,,,계약직,주5일근무,월급,,,부산 동구,,학력무관,2026-09-08 14:31:24
https://job.career.co.kr/recruit/view/22178609,,,,,,,계약직,주5일근무,월급,,,부산 동구,,학력무관,2026-09-08 14:31:24
https://job.career.co.kr/recruit/view/22178608,,,,,,,계약직,주5일근무,시급,,,부산 기장군,,학력무관,2026-09-08 14:31:25
https://job.career.co.kr/recruit/view/22178607,,,,,,,계약직,주5일근무,시급,,,부산 기장군,,학력무관,2026-09-08 14:31:25
https://job.career.co.kr/recruit/view/22178606,,,,,,,정규직,주6일근무,시급,,,부산 기장군,,학력무관,2026-09-08 14:31:25
https://job.career.co.kr/recruit/view/22178605,,,,,,,정규직,주6일근무,시급,,,부산 기장군,,학력무관,2026-09-08 14:31:26
https://job.career.co.kr/recruit/view/22176461,,,,,,,정규직,주5일근무,시급,,,부산 사상구,,학력무관,2026-09-08 14:31:26
https://job.career.co.kr/recruit/view/22176452,,,,,,,계약직,주5일근무,월급,,,부산 사하구,,학력무관,2026-09-08 14:31:26
https://job.career.co.kr/recruit/view/22176382,,,,,,,계약직,주5일근무,시급,,,부산 기장군,,학력무관,2026-09-08 14:31:27
https://job.career.co.kr/recruit/view/22176266,,,,,,,정규직,주5일근무,월급,,,부산 북구,,학력무관,2026-09-08 14:31:27
https://job.career.co.kr/recruit/view/22176265,,,,,,,계약직,주5일근무,시급,,,부산 강서구,,학력무관,2026-09-08 14:31:27
https://job.career.co.kr/recruit/view/22176264,,,,,,,정규직,주5일근무,연봉,,,부산 강서구,,학력무관,2026-09-08 14:31:28
https://job.career.co.kr/recruit/view/22176263,,,,,,,정규직,주5일근무,연봉,,,부산 강서구,,학력무관,2026-09-08 14:31:28
https://job.career.co.kr/recruit/view/22176262,,,,,,,계약직,주5일근무,연봉,,,부산 강서구,,학력무관,2026-09-08 14:31:28
https://job.career.co.kr/recruit/view/22176261,,,,,,,정규직,주5일근무,연봉,,,부산 사상구,,학력무관,2026-09-08 14:31:29
https://job.career.co.kr/recruit/view/22176260,,,,,,,정규직,주6일근무,시급,,,부산 사상구,,학력무관,2026-09-08 14:31:29
https://job.career.co.kr/recruit/view/22176259,,,,,,,정규직,주5일근무,월급,,,부산 사상구,,학력무관,2026-09-08 14:31:29
https://job.career.co.kr/recruit/view/22176258,,,,,,,정규직,주5일근무,연봉,,,부산 강서구,,학력무관,2026-09-08 14:31:30
https://job.career.co.kr/recruit/view/22176257,,,,,,,정규직,주5일근무,시급,,,부산 사상구,,학력무관,2026-09-08 14:31:30
https://job.career.co.kr/recruit/view/22176256,,,,,,,계약직,주5일근무,월급,,,부산 사상구,,학력무관,2026-09-08 14:31:30
https://job.career.co.kr/recruit/view/22176255,,,,,,,정규직,주5일근무,월급,,,부산 북구,,학력무관,2026-09-08 14:31:31
https://job.career.co.kr/recruit/view/22176254,,,,,,,계약직,주5일근무,월급,,,부산 북구,,학력무관,2026-09-08 14:31:31
https://job.career.co.kr/recruit/view/22176253,,,,,,,정규직,주6일근무,월급,,,부산 강서구,,학력무관,2026-09-08 14:31:31
https://job.career.co.kr/recruit/view/22176252,,,,,,,계약직,주5일근무,시급,,,부산 강서구,,고등학교 졸업 이상,2026-09-08 14:31:32
https://job.career.co.kr/recruit/view/22176251,,,,,,,정규직,주5일근무,월급,,,부산 강서구,,학력무관,2026-09-08 14:31:32
https://job.career.co.kr/recruit/view/22176250,,,,,,,정규직,주6일근무,월급,,,부산 강서구,,학력무관,2026-09-08 14:31:32
https://job.career.co.kr/recruit/view/22176249,,,,,,,정규직,주5일근무,시급,,,부산 연제구,,학력무관,2026-09-08 14:31:33
https://job.career.co.kr/recruit/view/22176248,,,,,,,정규직,주5일근무,시급,,,부산 강서구,,학력무관,2026-09-08 14:31:33
https://job.career.co.kr/recruit/view/22176247,,,,,,,정규직,주5일근무,연봉,,,부산 강서구,,학력무관,2026-09-08 14:31:33
https://job.career.co.kr/recruit/view/22176246,,,,,,,정규직,주5일근무,연봉,,,부산 강서구,,학력무관,2026-09-08 14:31:34
https://job.career.co.kr/recruit/view/22176245,,,,,,,정규직,주5일근무,시급,,,부산 강서구,,학력무관,2026-09-08 14:31:34
https://job.career.co.kr/recruit/view/22176244,,,,,,,계약직,주6일근무,월급,,,부산 북구,,학력무관,2026-09-08 14:31:34
https://job.career.co.kr/recruit/view/22176243,,,,,,,정규직,주5일근무,연봉,,,부산 강서구,,학력무관,2026-09-08 14:31:35
https://job.career.co.kr/recruit/view/22176242,,,,,,,정규직,주5일근무,시급,,,부산 강서구,,학력무관,2026-09-08 14:31:35
https://job.career.co.kr/recruit/view/22176241,,,,,,,계약직,주5일근무,월급,,,부산 사상구,,학력무관,2026-09-08 14:31:35
https://job.career.co.kr/recruit/view/22176240,,,,,,,정규직,주5일근무,월급,,,부산 사상구,,학력무관,2026-09-08 14:31:36
https://job.career.co.kr/recruit/view/22176239,,,,,,,정규직,주5일근무,시급,,,부산 사상구,,학력무관,2026-09-08 14:31:36
https://job.career.co.kr/recruit/view/22176238,,,,,,,정규직,주5일근무,연봉,,,부산 사상구,,학력무관,2026-09-08 14:31:36
https://job.career.co.kr/recruit/view/22176237,,,,,,,계약직,주5일근무,월급,,,부산 사상구,,학력무관,2026-09-08 14:31:37
https://job.career.co.kr/recruit/view/22176236,,,,,,,정규직,주5일근무,월급,,,부산 사상구,,학력무관,2026-09-08 14:31:37
https://job.career.co.kr/recruit/view/22176235,,,,,,,정규직,주6일근무,월급,,,부산 사상구,,학력무관,2026-09-08 14:31:37
https://job.career.co.kr/recruit/view/22176234,,,,,,,정규직,주6일근무,월급,,,부산 사상구,,학력무관,2026-09-08 14:31:38
https://job.career.co.kr/recruit/view/22176233,,,,,,,계약직,주5일근무,월급,,,부산 북구,,학력무관,2026-09-08 14:31:38
https://job.career.co.kr/recruit/view/22176232,,,,,,,정규직,주6일근무,시급,,,부산 북구,,학력무관,2026-09-08 14:31:38
https://job.career.co.kr/recruit/view/22176231,,,,,,,정규직,주5일근무,월급,,,부산 강서구,,고등학교 졸업 이상,2026-09-08 14:31:39
https://job.career.co.kr/recruit/view/22176230,,,,,,,정규직,학력,시급,,,부산 강서구,,학력무관,2026-09-08 14:31:39
https://job.career.co.kr/recruit/view/22176229,,,,,,,정규직,주5일근무,연봉,,,부산 강서구,,대학교(4년) 졸업 이상,2026-09-08 14:31:39
https://job.career.co.kr/recruit/view/22176228,,,,,,,정규직,주5일근무,월급,,,부산 강서구,,학력무관,2026-09-08 14:31:40
https://job.career.co.kr/recruit/view/22176227,,,,,,,정규직,주5일근무,연봉,,,부산 사상구,,학력무관,2026-09-08 14:31:40
https://job.career.co.kr/recruit/view/22176226,,,,,,,정규직,주5일근무,연봉,,,부산 강서구,,학력무관,2026-09-08 14:31:40
https://job.career.co.kr/recruit/view/22176225,,,,,,,정규직,주5일근무,월급,,,부산 사상구,,학력무관,2026-09-08 14:31:41
https://job.career.co.kr/recruit/view/22176223,,,,,,,계약직,주6일근무,월급,,,부산 강서구,,학력무관,2026-09-08 14:31:41
https://job.career.co.kr/recruit/view/22176222,,,,,,,정규직,주5일근무,연봉,,,부산 강서구,,학력무관,2026-09-08 14:31:41
https://job.career.co.kr/recruit/view/22176221,,,,,,,정규직,주6일근무,월급,,,부산 부산진구,,학력무관,2026-09-08 14:31:42
https://job.career.co.kr/recruit/view/22176220,,,,,,,계약직,주3일근무,시급,,,부산 북구,,학력무관,2026-09-08 14:31:42
https://job.career.co.kr/recruit/view/22176219,,,,,,,정규직,주5일근무,월급,,,부산 강서구,,학력무관,2026-09-08 14:31:42
https://job.career.co.kr/recruit/view/22176218,,,,,,,정규직,주5일근무,시급,,,부산 강서구,,학력무관,2026-09-08 14:31:43
https://job.career.co.kr/recruit/view/22176217,,,,,,,계약직,주5일근무,시급,,,부산 북구,,학력무관,2026-09-08 14:31:43
https://job.career.co.kr/recruit/view/22176216,,,,,,,정규직,주5일근무,연봉,,,부산 강서구,,학력무관,2026-09-08 14:31:43
https://job.career.co.kr/recruit/view/22176215,,,,,,,정규직,주5일근무,시급,,,부산 강서구,,학력무관,2026-09-08 14:31:44
https://job.career.co.kr/recruit/view/22176214,,,,,,,정규직,주5일근무,연봉,,,부산 강서구,,학력무관,2026-09-08 14:31:44
https://job.career.co.kr/recruit/view/22176212,,,,,,,정규직,주5일근무,시급,,,부산 북구,,학력무관,2026-09-08 14:31:44
https://job.career.co.kr/recruit/view/22176211,,,,,,,정규직,주5일근무,시급,,,부산 북구,,학력무관,2026-09-08 14:31:45
https://job.career.co.kr/recruit/view/22176208,,,,,,,정규직,주5일근무,연봉,,,부산 강서구,,학력무관,2026-09-08 14:31:45
https://job.career.co.kr/recruit/view/22176207,,,,,,,계약직,주5일근무,월급,,,부산 금정구,,학력무관,2026-09-08 14:31:45
https://job.career.co.kr/recruit/view/22176206,,,,,,,계약직,주3일근무,시급,,,부산 동래구,,학력무관,2026-09-08 14:31:46
https://job.career.co.kr/recruit/view/22176205,,,,,,,정규직,주5일근무,월급,,,부산 기장군,,학력무관,2026-09-08 14:31:46
https://job.career.co.kr/recruit/view/22176204,,,,,,,정규직,주5일근무,월급,,,부산 부산진구,,"대학(2,3년) 졸업 이상",2026-09-08 14:31:46
https://job.career.co.kr/recruit/view/22176203,,,,,,,계약직,주5일근무,시급,,,부산 금정구,,학력무관,2026-09-08 14:31:47
https://job.career.co.kr/recruit/view/22176202,,,,,,,정규직,주5일근무,연봉,,,부산 해운대구,,학력무관,2026-09-08 14:31:47
https://job.career.co.kr/recruit/view/22176201,,,,,,,정규직,주5일근무,월급,,,부산 금정구,,학력무관,2026-09-08 14:31:47
https://job.career.co.kr/recruit/view/22176200,,,,,,,정규직,주5일근무,시급,,,부산 해운대구,,학력무관,2026-09-08 14:31:48
https://job.career.co.kr/recruit/view/22176199,,,,,,,정규직,주5일근무,시급,,,부산 해운대구,,학력무관,2026-09-08 14:31:48
https://job.career.co.kr/recruit/view/22176198,,,,,,,계약직,주4일근무,월급,,,부산 부산진구,,학력무관,2026-09-08 14:31:48
https://job.career.co.kr/recruit/view/22176197,,,,,,,계약직,주5일근무,월급,,,부산 동래구,,학력무관,2026-09-08 14:31:49
https://job.career.co.kr/recruit/view/22176195,,,,,,,정규직,주5일근무,월급,,,부산 수영구,,학력무관,2026-09-08 14:31:49
https://job.career.co.kr/recruit/view/22176194,,,,,,,정규직,주5일근무,월급,,,부산 동래구,,학력무관,2026-09-08 14:31:49
https://job.career.co.kr/recruit/view/22176193,,,,,,,정규직,주5일근무,월급,,,부산 금정구,,학력무관,2026-09-08 14:31:50
https://job.career.co.kr/recruit/view/22176192,,,,,,,정규직,주5일근무,월급,,,부산 금정구,,학력무관,2026-09-08 14:31:50
https://job.career.co.kr/recruit/view/22176191,,,,,,,정규직,주5일근무,시급,,,부산 수영구,,학력무관,2026-09-08 14:31:50
https://job.career.co.kr/recruit/view/22176189,,,,,,,정규직,주5일근무,월급,,,부산 강서구,,학력무관,2026-09-08 14:31:51
https://job.career.co.kr/recruit/view/22176188,,,,,,,계약직,주5일근무,연봉,,,부산 기장군,,학력무관,2026-09-08 14:31:51
https://job.career.co.kr/recruit/view/22176187,,,,,,,계약직,주5일근무,시급,,,부산 기장군,,학력무관,2026-09-08 14:31:51
https://job.career.co.kr/recruit/view/22176186,,,,,,,정규직,주6일근무,월급,,,부산 사하구,,학력무관,2026-09-08 14:31:52
https://job.career.co.kr/recruit/view/22176185,,,,,,,정규직,주6일근무,월급,,,부산 사하구,,학력무관,2026-09-08 14:31:52
https://job.career.co.kr/recruit/view/22176183,,,,,,,정규직,주5일근무,시급,,,부산 북구,,학력무관,2026-09-08 14:31:52
https://job.career.co.kr/recruit/view/22176182,,,,,,,정규직,주5일근무,시급,,,부산 금정구,,학력무관,2026-09-08 14:31:53
https://job.career.co.kr/recruit/view/22176181,,,,,,,정규직,주5일근무,연봉,,,부산 해운대구,,학력무관,2026-09-08 14:31:53
https://job.career.co.kr/recruit/view/22176180,,,,,,,정규직,주6일근무,월급,,,부산 해운대구,,학력무관,2026-09-08 14:31:53
https://job.career.co.kr/recruit/view/22176179,,,,,,,정규직,주5일근무,연봉,,,부산 동래구,,학력무관,2026-09-08 14:31:54
https://job.career.co.kr/recruit/view/22176178,,,,,,,계약직,주5일근무,월급,,,부산 수영구,,학력무관,2026-09-08 14:31:54
https://job.career.co.kr/recruit/view/22176177,,,,,,,정규직,주5일근무,연봉,,,부산 기장군,,대학교(4년) 졸업 이상,2026-09-08 14:31:54
https://job.career.co.kr/recruit/view/22176176,,,,,,,정규직,주5일근무,연봉,,,부산 기장군,,대학교(4년) 졸업 이상,2026-09-08 14:31:55
https://job.career.co.kr/recruit/view/22176175,,,,,,,정규직,주5일근무,연봉,,,부산 기장군,,학력무관,2026-09-08 14:31:55
https://job.career.co.kr/recruit/view/22176174,,,,,,,정규직,주5일근무,연봉,,,부산 기장군,,학력무관,2026-09-08 14:31:55
https://job.career.co.kr/recruit/view/22176173,,,,,,,정규직,주6일근무,시급,,,부산 기장군,,학력무관,2026-09-08 14:31:56
https://job.career.co.kr/recruit/view/22176172,,,,,,,정규직,주5일근무,연봉,,,부산 해운대구,,"대학(2,3년) 졸업 이상",2026-09-08 14:31:56
https://job.career.co.kr/recruit/view/22176171,,,,,,,계약직,주5일근무,월급,,,부산 수영구,,학력무관,2026-09-08 14:31:56
https://job.career.co.kr/recruit/view/22176170,,,,,,,계약직,주5일근무,시급,,,부산 금정구,,학력무관,2026-09-08 14:31:57
https://job.career.co.kr/recruit/view/22176169,,,,,,,정규직,주5일근무,월급,,,부산 금정구,,학력무관,2026-09-08 14:31:57
https://job.career.co.kr/recruit/view/22176168,,,,,,,정규직,주5일근무,시급,,,부산 영도구,,학력무관,2026-09-08 14:31:57
https://job.career.co.kr/recruit/view/22176167,,,,,,,정규직,주4일근무,월급,,,부산 동래구,,학력무관,2026-09-08 14:31:58
https://job.career.co.kr/recruit/view/22176166,,,,,,,정규직,주6일근무,시급,,,부산 서구,,학력무관,2026-09-08 14:31:58
https://job.career.co.kr/recruit/view/22176165,,,,,,,정규직,주5일근무,시급,,,부산 남구,,학력무관,2026-09-08 14:31:58
https://job.career.co.kr/recruit/view/22176164,,,,,,,정규직,주3일근무,시급,,,부산 수영구,,학력무관,2026-09-08 14:31:59
https://job.career.co.kr/recruit/view/22176163,,,,,,,계약직,주6일근무,시급,,,부산 사하구,,학력무관,2026-09-08 14:31:59
https://job.career.co.kr/recruit/view/22176162,,,,,,,정규직,주5일근무,월급,,,부산 사하구,,학력무관,2026-09-08 14:31:59
https://job.career.co.kr/recruit/view/22176161,,,,,,,정규직,주5일근무,월급,,,부산 사하구,,학력무관,2026-09-08 14:32:00
https://job.career.co.kr/recruit/view/22176160,,,,,,,계약직,주5일근무,시급,,,부산 사하구,,학력무관,2026-09-08 14:32:00
https://job.career.co.kr/recruit/view/22176159,,,,,,,계약직,주5일근무,월급,,,부산 사하구,,학력무관,2026-09-08 14:32:00
https://job.career.co.kr/recruit/view/22176158,,,,,,,계약직,주5일근무,월급,,,부산 사하구,,학력무관,2026-09-08 14:32:01
https://job.career.co.kr/recruit/view/22176157,,,,,,,정규직,주5일근무,시급,,,부산 사하구,,학력무관,2026-09-08 14:32:01
https://job.career.co.kr/recruit/view/22176155,,,,,,,정규직,주5일근무,연봉,,,부산 사하구,,고등학교 졸업 이상,2026-09-08 14:32:01
https://job.career.co.kr/recruit/view/22176154,,,,,,,정규직,주5일근무,연봉,,,부산 사하구,,고등학교 졸업 이상,2026-09-08 14:32:02
https://job.career.co.kr/recruit/view/22176153,,,,,,,정규직,주5일근무,시급,,,부산 사하구,,학력무관,2026-09-08 14:32:02
https://job.career.co.kr/recruit/view/22176152,,,,,,,정규직,주5일근무,연봉,,,부산 사하구,,학력무관,2026-09-08 14:32:02
https://job.career.co.kr/recruit/view/22176151,,,,,,,계약직,주5일근무,월급,,,부산 부산진구,,학력무관,2026-09-08 14:32:03
https://job.career.co.kr/recruit/view/22176150,,,,,,,정규직,주5일근무,시급,,,부산 서구,,학력무관,2026-09-08 14:32:03
https://job.career.co.kr/recruit/view/22176149,,,,,,,계약직,주6일근무,시급,,,부산 중구,,학력무관,2026-09-08 14:32:03
https://job.career.co.kr/recruit/view/22176148,,,,,,,계약직,주5일근무,월급,,,부산 남구,,학력무관,2026-09-08 14:32:04
https://job.career.co.kr/recruit/view/22176147,,,,,,,정규직,주5일근무,시급,,,부산 부산진구,,학력무관,2026-09-08 14:32:04
https://job.career.co.kr/recruit/view/22176146,,,,,,,계약직,주5일근무,월급,,,부산 남구,,학력무관,2026-09-08 14:32:04
https://job.career.co.kr/recruit/view/22176145,,,,,,,정규직,주5일근무,월급,,,부산 사하구,,학력무관,2026-09-08 14:32:05
https://job.career.co.kr/recruit/view/22176144,,,,,,,정규직,주5일근무,월급,,,부산 부산진구,,학력무관,2026-09-08 14:32:05
https://job.career.co.kr/recruit/view/22176143,,,,,,,계약직,주5일근무,월급,,,부산 서구,,학력무관,2026-09-08 14:32:05
https://job.career.co.kr/recruit/view/22176141,,,,,,,정규직,주5일근무,연봉,,,부산 서구,,학력무관,2026-09-08 14:32:06
https://job.career.co.kr/recruit/view/22176140,,,,,,,정규직,주5일근무,월급,,,부산 부산진구,,학력무관,2026-09-08 14:32:06
https://job.career.co.kr/recruit/view/22176138,,,,,,,정규직,주5일근무,시급,,,부산 부산진구,,학력무관,2026-09-08 14:32:06
https://job.career.co.kr/recruit/view/22176137,,,,,,,정규직,주5일근무,연봉,,,부산 남구,,대학교(4년) 졸업 이상,2026-09-08 14:32:07
https://job.career.co.kr/recruit/view/22176136,,,,,,,정규직,주5일근무,연봉,,,부산 남구,,대학교(4년) 졸업 이상,2026-09-08 14:32:07
https://job.career.co.kr/recruit/view/22176135,,,,,,,정규직,주5일근무,연봉,,,부산 남구,,대학교(4년) 졸업 이상,2026-09-08 14:32:07
https://job.career.co.kr/recruit/view/22176134,,,,,,,정규직,주6일근무,시급,,,부산 동구,,학력무관,2026-09-08 14:32:08
https://job.career.co.kr/recruit/view/22176133,,,,,,,정규직,주5일근무,월급,,,부산 영도구,,학력무관,2026-09-08 14:32:08
https://job.career.co.kr/recruit/view/22176132,,,,,,,계약직,주3일근무,연봉,,,부산 동구,,학력무관,2026-09-08 14:32:08
https://job.career.co.kr/recruit/view/22176131,,,,,,,정규직,주5일근무,연봉,,,부산 영도구,,학력무관,2026-09-08 14:32:09
https://job.career.co.kr/recruit/view/22176130,,,,,,,정규직,주5일근무,연봉,,,부산 영도구,,학력무관,2026-09-08 14:32:09
https://job.career.co.kr/recruit/view/22176128,,,,,,,계약직,주5일근무,월급,,,부산 남구,,학력무관,2026-09-08 14:32:09
https://job.career.co.kr/recruit/view/22176127,,,,,,,정규직,주5일근무,시급,,,부산 남구,,학력무관,2026-09-08 14:32:10
https://job.career.co.kr/recruit/view/22176126,,,,,,,정규직,주5일근무,월급,,,부산 연제구,,학력무관,2026-09-08 14:32:10
https://job.career.co.kr/recruit/view/22176125,,,,,,,계약직,주5일근무,월급,,,부산 남구,,학력무관,2026-09-08 14:32:10
https://job.career.co.kr/recruit/view/22176124,,,,,,,정규직,주5일근무,시급,,,부산 중구,,학력무관,2026-09-08 14:32:11
https://job.career.co.kr/recruit/view/22176123,,,,,,,정규직,주5일근무,시급,,,부산 영도구,,학력무관,2026-09-08 14:32:11
https://job.career.co.kr/recruit/view/22176122,,,,,,,계약직,주5일근무,월급,,,부산 북구,,학력무관,2026-09-08 14:32:11
https://job.career.co.kr/recruit/view/22176121,,,,,,,정규직,주5일근무,시급,,,부산 서구,,학력무관,2026-09-08 14:32:12
https://job.career.co.kr/recruit/view/22176120,,,,,,,계약직,주5일근무,월급,,,부산 영도구,,"대학(2,3년) 졸업 이상",2026-09-08 14:32:12
https://job.career.co.kr/recruit/view/22176119,,,,,,,계약직,주5일근무,월급,,,부산 서구,,학력무관,2026-09-08 14:32:12
https://job.career.co.kr/recruit/view/22176118,,,,,,,정규직,주5일근무,연봉,,,부산 부산진구,,학력무관,2026-09-08 14:32:13
https://job.career.co.kr/recruit/view/22176117,,,,,,,정규직,주5일근무,시급,,,부산 금정구,,학력무관,2026-09-08 14:32:13
https://job.career.co.kr/recruit/view/22176116,,,,,,,정규직,주5일근무,월급,,,부산 부산진구,,학력무관,2026-09-08 14:32:13
https://job.career.co.kr/recruit/view/22176115,,,,,,,정규직,주5일근무,월급,,,부산 부산진구,,학력무관,2026-09-08 14:32:14
https://job.career.co.kr/recruit/view/22176114,,,,,,,정규직,주5일근무,시급,,,부산 남구,,학력무관,2026-09-08 14:32:14
https://job.career.co.kr/recruit/view/22176113,,,,,,,정규직,주6일근무,월급,,,부산 연제구,,학력무관,2026-09-08 14:32:14
https://job.career.co.kr/recruit/view/22176112,,,,,,,계약직,주5일근무,월급,,,부산 영도구,,학력무관,2026-09-08 14:32:15
https://job.career.co.kr/recruit/view/22176110,,,,,,,계약직,주5일근무,월급,,,부산 영도구,,학력무관,2026-09-08 14:32:15
https://job.career.co.kr/recruit/view/22176109,,,,,,,계약직,주4일근무,시급,,,부산 사상구,,학력무관,2026-09-08 14:32:15
https://job.career.co.kr/recruit/view/22176101,,,,,,,정규직,주6일근무,시급,,,부산 부산진구,,학력무관,2026-09-08 14:32:16
https://job.career.co.kr/recruit/view/22175948,,,,,,,정규직,주5일근무,월급,,,부산 북구,,학력무관,2026-09-08 14:32:16
https://job.career.co.kr/recruit/view/22175930,,,,,,,계약직,주5일근무,월급,,,부산 사상구,,학력무관,2026-09-08 14:32:16
https://job.career.co.kr/recruit/view/22175847,,,,,,,계약직,주4일근무,월급,,,부산 기장군,,학력무관,2026-09-08 14:32:17
https://job.career.co.kr/recruit/view/22175835,,,,,,,정규직,주5일근무,월급,,,부산 기장군,,학력무관,2026-09-08 14:32:17
https://job.career.co.kr/recruit/view/22175811,,,,,,,정규직,주5일근무,연봉,,,부산 강서구,,학력무관,2026-09-08 14:32:17
https://job.career.co.kr/recruit/view/22175578,,,,,,,정규직,주5일근무,월급,,,부산 해운대구,,학력무관,2026-09-08 14:32:18
https://job.career.co.kr/recruit/view/22175576,,,,,,,계약직,주5일근무,월급,,,부산 강서구,,학력무관,2026-09-08 14:32:18
https://job.career.co.kr/recruit/view/22175575,,,,,,,정규직,주6일근무,시급,,,부산 수영구,,학력무관,2026-09-08 14:32:18
https://job.career.co.kr/recruit/view/22175574,,,,,,,정규직,주6일근무,시급,,,부산 수영구,,학력무관,2026-09-08 14:32:19
https://job.career.co.kr/recruit/view/22175573,,,,,,,계약직,주6일근무,월급,,,부산 북구,,학력무관,2026-09-08 14:32:19
https://job.career.co.kr/recruit/view/22175572,,,,,,,정규직,학력,시급,,,부산 북구,,학력무관,2026-09-08 14:32:19
https://job.career.co.kr/recruit/view/22175571,,,,,,,정규직,주5일근무,월급,,,부산 북구,,학력무관,2026-09-08 14:32:20
https://job.career.co.kr/recruit/view/22175570,,,,,,,정규직,주5일근무,시급,,,부산 북구,,학력무관,2026-09-08 14:32:20
https://job.career.co.kr/recruit/view/22175569,,,,,,,정규직,주5일근무,시급,,,부산 북구,,학력무관,2026-09-08 14:32:20
https://job.career.co.kr/recruit/view/22175568,,,,,,,정규직,주5일근무,시급,,,부산 부산진구,,학력무관,2026-09-08 14:32:21
https://job.career.co.kr/recruit/view/22175567,,,,,,,계약직,주5일근무,시급,,,부산 부산진구,,학력무관,2026-09-08 14:32:21
https://job.career.co.kr/recruit/view/22175566,,,,,,,정규직,주5일근무,시급,,,부산 북구,,학력무관,2026-09-08 14:32:21
https://job.career.co.kr/recruit/view/22175565,,,,,,,정규직,주3일근무,월급,,,부산 부산진구,,학력무관,2026-09-08 14:32:22
https://job.career.co.kr/recruit/view/22175564,,,,,,,정규직,주5일근무,시급,,,부산 동래구,,학력무관,2026-09-08 14:32:22
https://job.career.co.kr/recruit/view/22175563,,,,,,,계약직,주5일근무,월급,,,부산 남구,,"대학(2,3년) 졸업 이상",2026-09-08 14:32:22
https://job.career.co.kr/recruit/view/22175562,,,,,,,정규직,주5일근무,연봉,,,부산 금정구,,학력무관,2026-09-08 14:32:23
https://job.career.co.kr/recruit/view/22175561,,,,,,,정규직,주5일근무,시급,,,부산 강서구,,학력무관,2026-09-08 14:32:23
https://job.career.co.kr/recruit/view/22175560,,,,,,,정규직,주5일근무,시급,,,부산 강서구,,학력무관,2026-09-08 14:32:23
https://job.career.co.kr/recruit/view/22175559,,,,,,,정규직,주5일근무,시급,,,부산 강서구,,학력무관,2026-09-08 14:32:24
https://job.career.co.kr/recruit/view/22175558,,,,,,,정규직,주5일근무,시급,,,부산 강서구,,학력무관,2026-09-08 14:32:24
https://job.career.co.kr/recruit/view/22175557,,,,,,,계약직,주5일근무,시급,,,부산 해운대구,,학력무관,2026-09-08 14:32:24
https://job.career.co.kr/recruit/view/22175255,,,,,,,계약직,주5일근무,시급,,,부산 해운대구,,학력무관,2026-09-08 14:32:25
https://job.career.co.kr/recruit/view/22175254,,,,,,,정규직,주3일근무,시급,,,부산 동래구,,학력무관,2026-09-08 14:32:25
https://job.career.co.kr/recruit/view/22175253,,,,,,,정규직,주3일근무,시급,,,부산 강서구,,학력무관,2026-09-08 14:32:25
https://job.career.co.kr/recruit/view/22175237,,,,,,,정규직,주5일근무,연봉,,,부산 강서구,,고등학교 졸업 이상,2026-09-08 14:32:26
https://job.career.co.kr/recruit/view/22175236,,,,,,,정규직,주5일근무,시급,,,부산 강서구,,학력무관,2026-09-08 14:32:26
https://job.career.co.kr/recruit/view/22175184,,,,,,,계약직,주5일근무,시급,,,부산 해운대구,,학력무관,2026-09-08 14:32:26
https://job.career.co.kr/recruit/view/22175182,,,,,,,정규직,주6일근무,시급,,,부산 해운대구,,학력무관,2026-09-08 14:32:27
https://job.career.co.kr/recruit/view/22175181,,,,,,,계약직,주5일근무,월급,,,부산 북구,,학력무관,2026-09-08 14:32:27
https://job.career.co.kr/recruit/view/22175180,,,,,,,정규직,주5일근무,시급,,,부산 금정구,,학력무관,2026-09-08 14:32:27
https://job.career.co.kr/recruit/view/22175179,,,,,,,정규직,주5일근무,시급,,,부산 부산진구,,학력무관,2026-09-08 14:32:28
https://job.career.co.kr/recruit/view/22175178,,,,,,,정규직,주5일근무,시급,,,부산 사하구,,학력무관,2026-09-08 14:32:28
https://job.career.co.kr/recruit/view/22175176,,,,,,,정규직,주6일근무,시급,,,부산 해운대구,,학력무관,2026-09-08 14:32:28
https://job.career.co.kr/recruit/view/22175175,,,,,,,정규직,주6일근무,시급,,,부산 수영구,,학력무관,2026-09-08 14:32:29
https://job.career.co.kr/recruit/view/22175174,,,,,,,정규직,주6일근무,시급,,,부산 사상구,,학력무관,2026-09-08 14:32:29
https://job.career.co.kr/recruit/view/22175173,,,,,,,정규직,주5일근무,시급,,,부산 부산진구,,학력무관,2026-09-08 14:32:29
https://job.career.co.kr/recruit/view/22175172,,,,,,,정규직,주6일근무,시급,,,부산 북구,,학력무관,2026-09-08 14:32:30
https://job.career.co.kr/recruit/view/22175171,,,,,,,정규직,주5일근무,시급,,,부산 동구,,학력무관,2026-09-08 14:32:30
https://job.career.co.kr/recruit/view/22175170,,,,,,,정규직,주3일근무,시급,,,부산 사상구,,학력무관,2026-09-08 14:32:30
https://job.career.co.kr/recruit/view/22175169,,,,,,,정규직,주6일근무,시급,,,부산 부산진구,,학력무관,2026-09-08 14:32:31
https://job.career.co.kr/recruit/view/22175168,,,,,,,정규직,주6일근무,시급,,,부산 남구,,학력무관,2026-09-08 14:32:31
https://job.career.co.kr/recruit/view/22175167,,,,,,,정규직,주6일근무,시급,,,부산 부산진구,,학력무관,2026-09-08 14:32:31
https://job.career.co.kr/recruit/view/22175166,,,,,,,정규직,주3일근무,시급,,,부산 부산진구,,학력무관,2026-09-08 14:32:32
https://job.career.co.kr/recruit/view/22175165,,,,,,,정규직,주5일근무,시급,,,부산 영도구,,학력무관,2026-09-08 14:32:32
https://job.career.co.kr/recruit/view/22175091,,,,,,,정규직,주5일근무,시급,,,부산 서구,,학력무관,2026-09-08 14:32:32
https://job.career.co.kr/recruit/view/22175090,,,,,,,정규직,주6일근무,시급,,,부산 해운대구,,학력무관,2026-09-08 14:32:33
https://job.career.co.kr/recruit/view/22175089,,,,,,,정규직,주5일근무,시급,,,부산 서구,,학력무관,2026-09-08 14:32:33
https://job.career.co.kr/recruit/view/22175088,,,,,,,정규직,주6일근무,월급,,,부산 사하구,,학력무관,2026-09-08 14:32:33
https://job.career.co.kr/recruit/view/22175087,,,,,,,정규직,주5일근무,시급,,,부산 사상구,,학력무관,2026-09-08 14:32:34
https://job.career.co.kr/recruit/view/22174991,,,,,,,정규직,주3일근무,시급,,,부산 해운대구,,학력무관,2026-09-08 14:32:34
https://job.career.co.kr/recruit/view/22174990,,,,,,,계약직,주5일근무,시급,,,부산 강서구,,학력무관,2026-09-08 14:32:34
https://job.career.co.kr/recruit/view/22174989,,,,,,,정규직,주4일근무,시급,,,부산 북구,,학력무관,2026-09-08 14:32:35
https://job.career.co.kr/recruit/view/22174908,,,,,,,정규직,주6일근무,시급,,,부산 사하구,,학력무관,2026-09-08 14:32:35
https://job.career.co.kr/recruit/view/22174907,,,,,,,정규직,주5일근무,시급,,,부산 수영구,,학력무관,2026-09-08 14:32:35
https://job.career.co.kr/recruit/view/22174906,,,,,,,정규직,주6일근무,시급,,,부산 수영구,,학력무관,2026-09-08 14:32:36
https://job.career.co.kr/recruit/view/22174905,,,,,,,정규직,주6일근무,시급,,,부산 해운대구,,학력무관,2026-09-08 14:32:36
https://job.career.co.kr/recruit/view/22174904,,,,,,,계약직,주6일근무,월급,,,부산 남구,,학력무관,2026-09-08 14:32:36
https://job.career.co.kr/recruit/view/22174903,,,,,,,정규직,주5일근무,시급,,,부산 동구,,학력무관,2026-09-08 14:32:37
https://job.career.co.kr/recruit/view/22174902,,,,,,,정규직,주3일근무,시급,,,부산 해운대구,,학력무관,2026-09-08 14:32:37
https://job.career.co.kr/recruit/view/22174901,,,,,,,계약직,주5일근무,월급,,,부산 동구,,학력무관,2026-09-08 14:32:37
https://job.career.co.kr/recruit/view/22174900,,,,,,,정규직,주6일근무,시급,,,부산 사하구,,학력무관,2026-09-08 14:32:38
https://job.career.co.kr/recruit/view/22174899,,,,,,,정규직,주5일근무,시급,,,부산 중구,,학력무관,2026-09-08 14:32:38
https://job.career.co.kr/recruit/view/22174898,,,,,,,정규직,주5일근무,시급,,,부산 사하구,,학력무관,2026-09-08 14:32:38
https://job.career.co.kr/recruit/view/22174897,,,,,,,정규직,주5일근무,월급,,,부산 동래구,,학력무관,2026-09-08 14:32:39
https://job.career.co.kr/recruit/view/22174895,,,,,,,정규직,주5일근무,시급,,,부산 해운대구,,학력무관,2026-09-08 14:32:39
https://job.career.co.kr/recruit/view/22174890,,,,,,,정규직,주5일근무,시급,,,부산 해운대구,,학력무관,2026-09-08 14:32:39
https://job.career.co.kr/recruit/view/22174889,,,,,,,정규직,주5일근무,시급,,,부산 해운대구,,학력무관,2026-09-08 14:32:40
https://job.career.co.kr/recruit/view/22172862,,,,,,,정규직,주6일근무,시급,,,부산 해운대구,,학력무관,2026-09-08 14:32:40
https://job.career.co.kr/recruit/view/22172822,,,,,,,정규직,주5일근무,시급,,,부산 수영구,,학력무관,2026-09-08 14:32:40
https://job.career.co.kr/recruit/view/22172807,,,,,,,정규직,주5일근무,월급,,,부산 남구,,학력무관,2026-09-08 14:32:41
https://job.career.co.kr/recruit/view/22172796,,,,,,,정규직,주6일근무,시급,,,부산 북구,,학력무관,2026-09-08 14:32:41
https://job.career.co.kr/recruit/view/22172752,,,,,,,계약직,주5일근무,시급,,,부산 강서구,,학력무관,2026-09-08 14:32:41
https://job.career.co.kr/recruit/view/22172726,,,,,,,정규직,주5일근무,시급,,,부산 동래구,,학력무관,2026-09-08 14:32:42
https://job.career.co.kr/recruit/view/22172618,,,,,,,정규직,주5일근무,월급,,,부산 강서구,,학력무관,2026-09-08 14:32:42
https://job.career.co.kr/recruit/view/22172617,,,,,,,정규직,주5일근무,월급,,,부산 강서구,,학력무관,2026-09-08 14:32:42
https://job.career.co.kr/recruit/view/22172616,,,,,,,정규직,주5일근무,월급,,,부산 강서구,,학력무관,2026-09-08 14:32:43
https://job.career.co.kr/recruit/view/22172605,,,,,,,정규직,주5일근무,월급,,,부산 강서구,,학력무관,2026-09-08 14:32:43
https://job.career.co.kr/recruit/view/22172549,,,,,,,정규직,주5일근무,연봉,,,부산 강서구,,학력무관,2026-09-08 14:32:43
https://job.career.co.kr/recruit/view/22172548,,,,,,,정규직,주6일근무,월급,,,부산 강서구,,학력무관,2026-09-08 14:32:44
https://job.career.co.kr/recruit/view/22172547,,,,,,,정규직,주5일근무,연봉,,,부산 강서구,,학력무관,2026-09-08 14:32:44
https://job.career.co.kr/recruit/view/22172546,,,,,,,정규직,주5일근무,월급,,,부산 강서구,,학력무관,2026-09-08 14:32:44
https://job.career.co.kr/recruit/view/22172545,,,,,,,정규직,주5일근무,시급,,,부산 북구,,학력무관,2026-09-08 14:32:45
https://job.career.co.kr/recruit/view/22172544,,,,,,,계약직,주5일근무,월급,,,부산 북구,,학력무관,2026-09-08 14:32:45
https://job.career.co.kr/recruit/view/22172543,,,,,,,정규직,주5일근무,시급,,,부산 강서구,,학력무관,2026-09-08 14:32:45
https://job.career.co.kr/recruit/view/22172542,,,,,,,정규직,주5일근무,월급,,,부산 사상구,,학력무관,2026-09-08 14:32:46
https://job.career.co.kr/recruit/view/22172541,,,,,,,정규직,주5일근무,월급,,,부산 강서구,,학력무관,2026-09-08 14:32:46
https://job.career.co.kr/recruit/view/22172540,,,,,,,정규직,주6일근무,시급,,,부산 부산진구,,학력무관,2026-09-08 14:32:46
https://job.career.co.kr/recruit/view/22172539,,,,,,,정규직,주5일근무,연봉,,,부산 강서구,,학력무관,2026-09-08 14:32:47
https://job.career.co.kr/recruit/view/22172538,,,,,,,정규직,주5일근무,연봉,,,부산 사상구,,학력무관,2026-09-08 14:32:47
https://job.career.co.kr/recruit/view/22172537,,,,,,,정규직,주5일근무,시급,,,부산 강서구,,학력무관,2026-09-08 14:32:47
https://job.career.co.kr/recruit/view/22172536,,,,,,,정규직,주5일근무,시급,,,부산 강서구,,학력무관,2026-09-08 14:32:48
https://job.career.co.kr/recruit/view/22172535,,,,,,,정규직,주5일근무,연봉,,,부산 사상구,,학력무관,2026-09-08 14:32:48
https://job.career.co.kr/recruit/view/22172534,,,,,,,계약직,주5일근무,시급,,,부산 강서구,,학력무관,2026-09-08 14:32:48
https://job.career.co.kr/recruit/view/22172533,,,,,,,계약직,주5일근무,월급,,,부산 사상구,,학력무관,2026-09-08 14:32:49
https://job.career.co.kr/recruit/view/22172532,,,,,,,계약직,주5일근무,월급,,,부산 사상구,,학력무관,2026-09-08 14:32:49
https://job.career.co.kr/recruit/view/22172530,,,,,,,정규직,주5일근무,연봉,,,부산 사상구,,학력무관,2026-09-08 14:32:49
https://job.career.co.kr/recruit/view/22172529,,,,,,,정규직,주5일근무,시급,,,부산 사상구,,학력무관,2026-09-08 14:32:50
https://job.career.co.kr/recruit/view/22172528,,,,,,,정규직,주5일근무,시급,,,부산 사상구,,학력무관,2026-09-08 14:32:50
https://job.career.co.kr/recruit/view/22172527,,,,,,,정규직,주4일근무,월급,,,부산 남구,,학력무관,2026-09-08 14:32:50
https://job.career.co.kr/recruit/view/22172526,,,,,,,계약직,주5일근무,월급,,,부산 강서구,,학력무관,2026-09-08 14:32:51
https://job.career.co.kr/recruit/view/22172525,,,,,,,정규직,주5일근무,월급,,,부산 강서구,,학력무관,2026-09-08 14:32:51
https://job.career.co.kr/recruit/view/22172524,,,,,,,정규직,주5일근무,월급,,,부산 강서구,,학력무관,2026-09-08 14:32:51
https://job.career.co.kr/recruit/view/22172523,,,,,,,정규직,주5일근무,시급,,,부산 사상구,,학력무관,2026-09-08 14:32:52
https://job.career.co.kr/recruit/view/22172522,,,,,,,정규직,주5일근무,연봉,,,부산 사상구,,학력무관,2026-09-08 14:32:52
https://job.career.co.kr/recruit/view/22172521,,,,,,,정규직,주5일근무,시급,,,부산 사상구,,학력무관,2026-09-08 14:32:52
https://job.career.co.kr/recruit/view/22172520,,,,,,,계약직,주5일근무,시급,,,부산 강서구,,학력무관,2026-09-08 14:32:53
https://job.career.co.kr/recruit/view/22172519,,,,,,,정규직,주5일근무,시급,,,부산 강서구,,학력무관,2026-09-08 14:32:53
https://job.career.co.kr/recruit/view/22172518,,,,,,,정규직,주6일근무,연봉,,,부산 사하구,,학력무관,2026-09-08 14:32:53
https://job.career.co.kr/recruit/view/22172517,,,,,,,정규직,주5일근무,월급,,,부산 강서구,,학력무관,2026-09-08 14:32:54
https://job.career.co.kr/recruit/view/22172516,,,,,,,정규직,주5일근무,월급,,,부산 기장군,,학력무관,2026-09-08 14:32:54
https://job.career.co.kr/recruit/view/22172515,,,,,,,정규직,주5일근무,연봉,,,부산 강서구,,학력무관,2026-09-08 14:32:54
https://job.career.co.kr/recruit/view/22172514,,,,,,,정규직,주5일근무,월급,,,부산 북구,,학력무관,2026-09-08 14:32:55
https://job.career.co.kr/recruit/view/22172513,,,,,,,정규직,주6일근무,월급,,,부산 사상구,,학력무관,2026-09-08 14:32:55
https://job.career.co.kr/recruit/view/22172512,,,,,,,정규직,주5일근무,월급,,,부산 사상구,,학력무관,2026-09-08 14:32:55
https://job.career.co.kr/recruit/view/22172511,,,,,,,정규직,주5일근무,월급,,,부산 강서구,,"대학(2,3년) 졸업 이상",2026-09-08 14:32:56
https://job.career.co.kr/recruit/view/22172510,,,,,,,정규직,주5일근무,시급,,,부산 강서구,,학력무관,2026-09-08 14:32:56
https://job.career.co.kr/recruit/view/22172509,,,,,,,정규직,주5일근무,시급,,,부산 강서구,,학력무관,2026-09-08 14:32:56
https://job.career.co.kr/recruit/view/22172508,,,,,,,정규직,주5일근무,연봉,,,부산 기장군,,학력무관,2026-09-08 14:32:57
https://job.career.co.kr/recruit/view/22172507,,,,,,,정규직,주5일근무,연봉,,,부산 강서구,,학력무관,2026-09-08 14:32:57
https://job.career.co.kr/recruit/view/22172506,,,,,,,계약직,주5일근무,월급,,,부산 강서구,,학력무관,2026-09-08 14:32:57
https://job.career.co.kr/recruit/view/22172504,,,,,,,계약직,주5일근무,월급,,,부산 강서구,,학력무관,2026-09-08 14:32:58
https://job.career.co.kr/recruit/view/22172503,,,,,,,정규직,주3일근무,시급,,,부산 강서구,,학력무관,2026-09-08 14:32:58
https://job.career.co.kr/recruit/view/22172502,,,,,,,정규직,주5일근무,월급,,,부산 강서구,,학력무관,2026-09-08 14:32:58
https://job.career.co.kr/recruit/view/22172501,,,,,,,정규직,주5일근무,시급,,,부산 강서구,,학력무관,2026-09-08 14:32:59
https://job.career.co.kr/recruit/view/22172500,,,,,,,정규직,주5일근무,월급,,,부산 사상구,,학력무관,2026-09-08 14:32:59
https://job.career.co.kr/recruit/view/22172499,,,,,,,정규직,주5일근무,연봉,,,부산 강서구,,학력무관,2026-09-08 14:32:59
https://job.career.co.kr/recruit/view/22172498,,,,,,,정규직,주5일근무,월급,,,부산 사상구,,학력무관,2026-09-08 14:33:00
https://job.career.co.kr/recruit/view/22172497,,,,,,,정규직,주5일근무,시급,,,부산 강서구,,학력무관,2026-09-08 14:33:00
https://job.career.co.kr/recruit/view/22172496,,,,,,,정규직,주5일근무,연봉,,,부산 사상구,,학력무관,2026-09-08 14:33:00
https://job.career.co.kr/recruit/view/22172495,,,,,,,정규직,주5일근무,월급,,,부산 강서구,,고등학교 졸업 이상,2026-09-08 14:33:01
https://job.career.co.kr/recruit/view/22172494,,,,,,,정규직,주6일근무,월급,,,부산 수영구,,학력무관,2026-09-08 14:33:01
https://job.career.co.kr/recruit/view/22172493,,,,,,,계약직,주5일근무,연봉,,,부산 기장군,,학력무관,2026-09-08 14:33:01
https://job.career.co.kr/recruit/view/22172492,,,,,,,정규직,주5일근무,시급,,,부산 사하구,,학력무관,2026-09-08 14:33:02
https://job.career.co.kr/recruit/view/22172491,,,,,,,정규직,주5일근무,월급,,,부산 해운대구,,학력무관,2026-09-08 14:33:02
https://job.career.co.kr/recruit/view/22172490,,,,,,,정규직,주3일근무,시급,,,부산 해운대구,,학력무관,2026-09-08 14:33:02
https://job.career.co.kr/recruit/view/22172489,,,,,,,정규직,주5일근무,월급,,,부산 기장군,,학력무관,2026-09-08 14:33:03
https://job.career.co.kr/recruit/view/22172488,,,,,,,정규직,주3일근무,월급,,,부산 북구,,학력무관,2026-09-08 14:33:03
https://job.career.co.kr/recruit/view/22172487,,,,,,,정규직,주5일근무,시급,,,부산 동구,,학력무관,2026-09-08 14:33:03
https://job.career.co.kr/recruit/view/22172486,,,,,,,계약직,주5일근무,월급,,,부산 수영구,,학력무관,2026-09-08 14:33:04
https://job.career.co.kr/recruit/view/22172485,,,,,,,정규직,주3일근무,시급,,,부산 수영구,,학력무관,2026-09-08 14:33:04
https://job.career.co.kr/recruit/view/22172484,,,,,,,정규직,주5일근무,시급,,,부산 해운대구,,학력무관,2026-09-08 14:33:04
https://job.career.co.kr/recruit/view/22172483,,,,,,,정규직,주4일근무,시급,,,부산 수영구,,학력무관,2026-09-08 14:33:05
https://job.career.co.kr/recruit/view/22172482,,,,,,,정규직,주5일근무,시급,,,부산 서구,,학력무관,2026-09-08 14:33:05
https://job.career.co.kr/recruit/view/22172480,,,,,,,정규직,주5일근무,월급,,,부산 동래구,,학력무관,2026-09-08 14:33:05
https://job.career.co.kr/recruit/view/22172479,,,,,,,정규직,주5일근무,월급,,,부산 동래구,,학력무관,2026-09-08 14:33:06
https://job.career.co.kr/recruit/view/22172478,,,,,,,계약직,주5일근무,연봉,,,부산 남구,,"대학(2,3년) 졸업 이상",2026-09-08 14:33:06
https://job.career.co.kr/recruit/view/22172476,,,,,,,계약직,주3일근무,월급,,,부산 동래구,,학력무관,2026-09-08 14:33:06
https://job.career.co.kr/recruit/view/22172475,,,,,,,정규직,주6일근무,시급,,,부산 사상구,,학력무관,2026-09-08 14:33:07
https://job.career.co.kr/recruit/view/22172474,,,,,,,계약직,주6일근무,월급,,,부산 수영구,,학력무관,2026-09-08 14:33:07
https://job.career.co.kr/recruit/view/22172473,,,,,,,정규직,주5일근무,시급,,,부산 수영구,,학력무관,2026-09-08 14:33:07
https://job.career.co.kr/recruit/view/22172472,,,,,,,정규직,주5일근무,월급,,,부산 동래구,,학력무관,2026-09-08 14:33:08
https://job.career.co.kr/recruit/view/22172470,,,,,,,정규직,주5일근무,시급,,,부산 해운대구,,학력무관,2026-09-08 14:33:08
https://job.career.co.kr/recruit/view/22172469,,,,,,,계약직,주5일근무,월급,,,부산 수영구,,학력무관,2026-09-08 14:33:08
https://job.career.co.kr/recruit/view/22172468,,,,,,,계약직,주5일근무,시급,,,부산 동래구,,학력무관,2026-09-08 14:33:09
https://job.career.co.kr/recruit/view/22172467,,,,,,,계약직,주5일근무,월급,,,부산 금정구,,학력무관,2026-09-08 14:33:09
https://job.career.co.kr/recruit/view/22172466,,,,,,,계약직,주5일근무,월급,,,부산 해운대구,,학력무관,2026-09-08 14:33:09
https://job.career.co.kr/recruit/view/22172465,,,,,,,정규직,주5일근무,월급,,,부산 금정구,,학력무관,2026-09-08 14:33:10
https://job.career.co.kr/recruit/view/22172464,,,,,,,계약직,주5일근무,월급,,,부산 수영구,,학력무관,2026-09-08 14:33:10
https://job.career.co.kr/recruit/view/22172462,,,,,,,정규직,주6일근무,연봉,,,부산 강서구,,학력무관,2026-09-08 14:33:10
https://job.career.co.kr/recruit/view/22172461,,,,,,,정규직,주5일근무,월급,,,부산 기장군,,학력무관,2026-09-08 14:33:11
https://job.career.co.kr/recruit/view/22172460,,,,,,,정규직,주5일근무,연봉,,,부산 기장군,,학력무관,2026-09-08 14:33:11
https://job.career.co.kr/recruit/view/22172458,,,,,,,계약직,학력,시급,,,부산 동래구,,학력무관,2026-09-08 14:33:11
https://job.career.co.kr/recruit/view/22172457,,,,,,,계약직,주5일근무,월급,,,부산 금정구,,학력무관,2026-09-08 14:33:12
https://job.career.co.kr/recruit/view/22172456,,,,,,,계약직,주5일근무,시급,,,부산 수영구,,학력무관,2026-09-08 14:33:12
https://job.career.co.kr/recruit/view/22172455,,,,,,,정규직,주5일근무,연봉,,,부산 해운대구,,학력무관,2026-09-08 14:33:12
https://job.career.co.kr/recruit/view/22172448,,,,,,,정규직,주3일근무,시급,,,부산 수영구,,학력무관,2026-09-08 14:33:13
https://job.career.co.kr/recruit/view/22172446,,,,,,,정규직,주6일근무,시급,,,부산 금정구,,학력무관,2026-09-08 14:33:13
https://job.career.co.kr/recruit/view/22172445,,,,,,,정규직,주5일근무,연봉,,,부산 해운대구,,학력무관,2026-09-08 14:33:13
https://job.career.co.kr/recruit/view/22172444,,,,,,,정규직,주5일근무,시급,,,부산 남구,,학력무관,2026-09-08 14:33:14
https://job.career.co.kr/recruit/view/22172443,,,,,,,정규직,주5일근무,월급,,,부산 수영구,,학력무관,2026-09-08 14:33:14
https://job.career.co.kr/recruit/view/22172442,,,,,,,정규직,주5일근무,시급,,,부산 금정구,,학력무관,2026-09-08 14:33:14
https://job.career.co.kr/recruit/view/22172441,,,,,,,정규직,주5일근무,월급,,,부산 기장군,,학력무관,2026-09-08 14:33:15
https://job.career.co.kr/recruit/view/22172440,,,,,,,정규직,주6일근무,시급,,,부산 서구,,학력무관,2026-09-08 14:33:15
https://job.career.co.kr/recruit/view/22172439,,,,,,,계약직,주5일근무,월급,,,부산 해운대구,,학력무관,2026-09-08 14:33:15
https://job.career.co.kr/recruit/view/22172438,,,,,,,정규직,주5일근무,연봉,,,부산 해운대구,,"대학(2,3년) 졸업 이상",2026-09-08 14:33:16
https://job.career.co.kr/recruit/view/22172437,,,,,,,정규직,주5일근무,연봉,,,부산 사상구,,학력무관,2026-09-08 14:33:16
https://job.career.co.kr/recruit/view/22172435,,,,,,,정규직,학력,시급,,,부산 해운대구,,학력무관,2026-09-08 14:33:16
https://job.career.co.kr/recruit/view/22172433,,,,,,,계약직,주5일근무,월급,,,부산 기장군,,학력무관,2026-09-08 14:33:17
https://job.career.co.kr/recruit/view/22172431,,,,,,,정규직,주5일근무,시급,,,부산 기장군,,학력무관,2026-09-08 14:33:17
https://job.career.co.kr/recruit/view/22172430,,,,,,,정규직,주6일근무,시급,,,부산 북구,,학력무관,2026-09-08 14:33:17
https://job.career.co.kr/recruit/view/22172429,,,,,,,정규직,주5일근무,연봉,,,부산 동래구,,학력무관,2026-09-08 14:33:18
https://job.career.co.kr/recruit/view/22172428,,,,,,,정규직,주5일근무,시급,,,부산 사하구,,학력무관,2026-09-08 14:33:18
https://job.career.co.kr/recruit/view/22172427,,,,,,,정규직,주5일근무,시급,,,부산 사하구,,학력무관,2026-09-08 14:33:18
https://job.career.co.kr/recruit/view/22172426,,,,,,,계약직,학력,시급,,,부산 사하구,,학력무관,2026-09-08 14:33:19
https://job.career.co.kr/recruit/view/22172425,,,,,,,정규직,주5일근무,연봉,,,부산 사하구,,학력무관,2026-09-08 14:33:19
https://job.career.co.kr/recruit/view/22172424,,,,,,,정규직,주5일근무,월급,,,부산 사하구,,학력무관,2026-09-08 14:33:19
https://job.career.co.kr/recruit/view/22172423,,,,,,,계약직,주5일근무,연봉,,,부산 사하구,,학력무관,2026-09-08 14:33:20
https://job.career.co.kr/recruit/view/22172421,,,,,,,계약직,주5일근무,월급,,,부산 사하구,,학력무관,2026-09-08 14:33:20
https://job.career.co.kr/recruit/view/22172420,,,,,,,정규직,주5일근무,연봉,,,부산 사하구,,학력무관,2026-09-08 14:33:20
https://job.career.co.kr/recruit/view/22172419,,,,,,,정규직,주5일근무,연봉,,,부산 사하구,,학력무관,2026-09-08 14:33:21
https://job.career.co.kr/recruit/view/22172418,,,,,,,정규직,주5일근무,시급,,,부산 사하구,,학력무관,2026-09-08 14:33:21
https://job.career.co.kr/recruit/view/22172417,,,,,,,정규직,주5일근무,월급,,,부산 사하구,,학력무관,2026-09-08 14:33:21
https://job.career.co.kr/recruit/view/22172416,,,,,,,정규직,주5일근무,월급,,,부산 사하구,,학력무관,2026-09-08 14:33:22
https://job.career.co.kr/recruit/view/22172414,,,,,,,정규직,주5일근무,월급,,,부산 부산진구,,학력무관,2026-09-08 14:33:22
https://job.career.co.kr/recruit/view/22172413,,,,,,,정규직,주5일근무,월급,,,부산 중구,,학력무관,2026-09-08 14:33:22
https://job.career.co.kr/recruit/view/22172412,,,,,,,계약직,주5일근무,연봉,,,부산 동구,,학력무관,2026-09-08 14:33:23
https://job.career.co.kr/recruit/view/22172410,,,,,,,정규직,주5일근무,월급,,,부산 남구,,학력무관,2026-09-08 14:33:23
https://job.career.co.kr/recruit/view/22172409,,,,,,,정규직,주5일근무,월급,,,부산 부산진구,,학력무관,2026-09-08 14:33:23
https://job.career.co.kr/recruit/view/22172408,,,,,,,정규직,주5일근무,월급,,,부산 연제구,,학력무관,2026-09-08 14:33:24
https://job.career.co.kr/recruit/view/22172407,,,,,,,정규직,주5일근무,시급,,,부산 서구,,학력무관,2026-09-08 14:33:24
https://job.career.co.kr/recruit/view/22172406,,,,,,,정규직,주5일근무,시급,,,부산 동구,,학력무관,2026-09-08 14:33:24
https://job.career.co.kr/recruit/view/22172405,,,,,,,정규직,주5일근무,시급,,,부산 북구,,학력무관,2026-09-08 14:33:25
https://job.career.co.kr/recruit/view/22172404,,,,,,,계약직,주5일근무,연봉,,,부산 연제구,,학력무관,2026-09-08 14:33:25
https://job.career.co.kr/recruit/view/22172402,,,,,,,정규직,주5일근무,월급,,,부산 부산진구,,학력무관,2026-09-08 14:33:25
https://job.career.co.kr/recruit/view/22172401,,,,,,,정규직,주5일근무,시급,,,부산 금정구,,학력무관,2026-09-08 14:33:26
https://job.career.co.kr/recruit/view/22172400,,,,,,,정규직,주5일근무,연봉,,,부산 동구,,학력무관,2026-09-08 14:33:26
https://job.career.co.kr/recruit/view/22172399,,,,,,,정규직,주5일근무,연봉,,,부산 사하구,,학력무관,2026-09-08 14:33:26
https://job.career.co.kr/recruit/view/22172398,,,,,,,정규직,주5일근무,월급,,,부산 연제구,,고등학교 졸업 이상,2026-09-08 14:33:27
https://job.career.co.kr/recruit/view/22172397,,,,,,,정규직,주5일근무,월급,,,부산 남구,,학력무관,2026-09-08 14:33:27
https://job.career.co.kr/recruit/view/22172396,,,,,,,정규직,주5일근무,연봉,,,부산 사하구,,학력무관,2026-09-08 14:33:27
https://job.career.co.kr/recruit/view/22172395,,,,,,,정규직,주5일근무,연봉,,,부산 동구,,학력무관,2026-09-08 14:33:28
https://job.career.co.kr/recruit/view/22172394,,,,,,,정규직,주6일근무,시급,,,부산 남구,,학력무관,2026-09-08 14:33:28
https://job.career.co.kr/recruit/view/22172393,,,,,,,정규직,주5일근무,연봉,,,부산 연제구,,학력무관,2026-09-08 14:33:28
https://job.career.co.kr/recruit/view/22172392,,,,,,,정규직,주5일근무,연봉,,,부산 연제구,,학력무관,2026-09-08 14:33:29
https://job.career.co.kr/recruit/view/22172391,,,,,,,계약직,주5일근무,월급,,,부산 사하구,,학력무관,2026-09-08 14:33:29
https://job.career.co.kr/recruit/view/22172390,,,,,,,정규직,주5일근무,연봉,,,부산 부산진구,,고등학교 졸업 이상,2026-09-08 14:33:29
https://job.career.co.kr/recruit/view/22172389,,,,,,,계약직,주5일근무,시급,,,부산 남구,,학력무관,2026-09-08 14:33:30
https://job.career.co.kr/recruit/view/22172388,,,,,,,계약직,주5일근무,연봉,,,부산 사하구,,학력무관,2026-09-08 14:33:30
https://job.career.co.kr/recruit/view/22172386,,,,,,,계약직,주5일근무,시급,,,부산 영도구,,학력무관,2026-09-08 14:33:30
https://job.career.co.kr/recruit/view/22172385,,,,,,,계약직,주5일근무,월급,,,부산 동래구,,학력무관,2026-09-08 14:33:31
https://job.career.co.kr/recruit/view/22172384,,,,,,,정규직,주5일근무,월급,,,부산 남구,,학력무관,2026-09-08 14:33:31
https://job.career.co.kr/recruit/view/22172383,,,,,,,계약직,주6일근무,월급,,,부산 동구,,학력무관,2026-09-08 14:33:31
https://job.career.co.kr/recruit/view/22172382,,,,,,,정규직,주5일근무,월급,,,부산 연제구,,학력무관,2026-09-08 14:33:32
https://job.career.co.kr/recruit/view/22172381,,,,,,,정규직,주6일근무,시급,,,부산 남구,,학력무관,2026-09-08 14:33:32
https://job.career.co.kr/recruit/view/22172380,,,,,,,정규직,주5일근무,월급,,,부산 부산진구,,학력무관,2026-09-08 14:33:32
https://job.career.co.kr/recruit/view/22172379,,,,,,,정규직,주5일근무,월급,,,부산 남구,,"대학(2,3년) 졸업 이상",2026-09-08 14:33:33
https://job.career.co.kr/recruit/view/22172378,,,,,,,정규직,주6일근무,시급,,,부산 남구,,학력무관,2026-09-08 14:33:33
https://job.career.co.kr/recruit/view/22172376,,,,,,,정규직,주5일근무,연봉,,,부산 강서구,,학력무관,2026-09-08 14:33:33
https://job.career.co.kr/recruit/view/22172375,,,,,,,정규직,주5일근무,시급,,,부산 영도구,,학력무관,2026-09-08 14:33:34
https://job.career.co.kr/recruit/view/22172374,,,,,,,정규직,주5일근무,연봉,,,부산 동구,,학력무관,2026-09-08 14:33:34
https://job.career.co.kr/recruit/view/22172372,,,,,,,계약직,주5일근무,월급,,,부산 서구,,학력무관,2026-09-08 14:33:34
https://job.career.co.kr/recruit/view/22172371,,,,,,,정규직,주6일근무,시급,,,부산 부산진구,,학력무관,2026-09-08 14:33:35
https://job.career.co.kr/recruit/view/22172364,,,,,,,정규직,주5일근무,시급,,,부산 동구,,학력무관,2026-09-08 14:33:35
https://job.career.co.kr/recruit/view/22172244,,,,,,,계약직,주5일근무,월급,,,부산 부산진구,,학력무관,2026-09-08 14:33:35
https://job.career.co.kr/recruit/view/22172233,,,,,,,계약직,주5일근무,월급,,,부산 부산진구,,학력무관,2026-09-08 14:33:36
https://job.career.co.kr/recruit/view/22172212,,,,,,,정규직,주5일근무,월급,,,부산 부산진구,,학력무관,2026-09-08 14:33:36
https://job.career.co.kr/recruit/view/22172174,,,,,,,계약직,주5일근무,연봉,,,부산 중구,,학력무관,2026-09-08 14:33:36
https://job.career.co.kr/recruit/view/22172149,,,,,,,계약직,주6일근무,월급,,,부산 사하구,,학력무관,2026-09-08 14:33:37
https://job.career.co.kr/recruit/view/22172102,,,,,,,계약직,주5일근무,월급,,,부산 부산진구,,학력무관,2026-09-08 14:33:37
https://job.career.co.kr/recruit/view/22171850,,,,,,,정규직,주5일근무,연봉,,,부산 해운대구,,학력무관,2026-09-08 14:33:37
https://job.career.co.kr/recruit/view/22171849,,,,,,,정규직,주6일근무,시급,,,부산 부산진구,,학력무관,2026-09-08 14:33:38
https://job.career.co.kr/recruit/view/22171848,,,,,,,정규직,주5일근무,시급,,,부산 기장군,,학력무관,2026-09-08 14:33:38
https://job.career.co.kr/recruit/view/22171847,,,,,,,정규직,주5일근무,연봉,,,부산 사하구,,학력무관,2026-09-08 14:33:38
https://job.career.co.kr/recruit/view/22171846,,,,,,,계약직,주3일근무,시급,,,부산 서구,,학력무관,2026-09-08 14:33:39
https://job.career.co.kr/recruit/view/22171845,,,,,,,계약직,주6일근무,시급,,,부산 사상구,,학력무관,2026-09-08 14:33:39
https://job.career.co.kr/recruit/view/22171844,,,,,,,계약직,주4일근무,시급,,,부산 북구,,학력무관,2026-09-08 14:33:39
https://job.career.co.kr/recruit/view/22171843,,,,,,,정규직,주5일근무,시급,,,부산 북구,,학력무관,2026-09-08 14:33:40
https://job.career.co.kr/recruit/view/22171842,,,,,,,정규직,주5일근무,시급,,,부산 북구,,학력무관,2026-09-08 14:33:40
https://job.career.co.kr/recruit/view/22171840,,,,,,,정규직,주5일근무,시급,,,부산 수영구,,학력무관,2026-09-08 14:33:40
https://job.career.co.kr/recruit/view/22171839,,,,,,,정규직,주3일근무,시급,,,부산 남구,,학력무관,2026-09-08 14:33:41
https://job.career.co.kr/recruit/view/22171585,,,,,,,정규직,주3일근무,시급,,,부산 해운대구,,학력무관,2026-09-08 14:33:41
https://job.career.co.kr/recruit/view/22171584,,,,,,,정규직,주6일근무,시급,,,부산 중구,,학력무관,2026-09-08 14:33:41
https://job.career.co.kr/recruit/view/22171515,,,,,,,정규직,주5일근무,시급,,,부산 남구,,학력무관,2026-09-08 14:33:42
https://job.career.co.kr/recruit/view/22171514,,,,,,,정규직,주5일근무,시급,,,부산 금정구,,학력무관,2026-09-08 14:33:42
https://job.career.co.kr/recruit/view/22171513,,,,,,,정규직,주6일근무,월급,,,부산 사하구,,학력무관,2026-09-08 14:33:42
https://job.career.co.kr/recruit/view/22171511,,,,,,,정규직,주5일근무,시급,,,부산 해운대구,,학력무관,2026-09-08 14:33:43
https://job.career.co.kr/recruit/view/22171510,,,,,,,정규직,주6일근무,시급,,,부산 북구,,학력무관,2026-09-08 14:33:43
https://job.career.co.kr/recruit/view/22171509,,,,,,,정규직,주5일근무,시급,,,부산 북구,,학력무관,2026-09-08 14:33:43
https://job.career.co.kr/recruit/view/22171508,,,,,,,정규직,주5일근무,시급,,,부산 부산진구,,학력무관,2026-09-08 14:33:44
https://job.career.co.kr/recruit/view/22171507,,,,,,,정규직,주5일근무,시급,,,부산 동래구,,학력무관,2026-09-08 14:33:44
https://job.career.co.kr/recruit/view/22171506,,,,,,,정규직,주5일근무,시급,,,부산 동구,,학력무관,2026-09-08 14:33:44
https://job.career.co.kr/recruit/view/22171505,,,,,,,정규직,주5일근무,시급,,,부산 연제구,,학력무관,2026-09-08 14:33:45
https://job.career.co.kr/recruit/view/22171378,,,,,,,정규직,주5일근무,시급,,,부산 수영구,,학력무관,2026-09-08 14:33:45
https://job.career.co.kr/recruit/view/22171310,,,,,,,계약직,주6일근무,월급,,,부산 북구,,학력무관,2026-09-08 14:33:45
https://job.career.co.kr/recruit/view/22171309,,,,,,,계약직,주6일근무,월급,,,부산 해운대구,,학력무관,2026-09-08 14:33:46
https://job.career.co.kr/recruit/view/22171308,,,,,,,계약직,주4일근무,월급,,,부산 해운대구,,학력무관,2026-09-08 14:33:46
https://job.career.co.kr/recruit/view/22171307,,,,,,,정규직,주5일근무,시급,,,부산 동래구,,학력무관,2026-09-08 14:33:46
https://job.career.co.kr/recruit/view/22171306,,,,,,,계약직,주6일근무,시급,,,부산 서구,,학력무관,2026-09-08 14:33:47
https://job.career.co.kr/recruit/view/22171305,,,,,,,정규직,주6일근무,시급,,,부산 해운대구,,학력무관,2026-09-08 14:33:47
https://job.career.co.kr/recruit/view/22171304,,,,,,,정규직,주5일근무,시급,,,부산 남구,,학력무관,2026-09-08 14:33:48
https://job.career.co.kr/recruit/view/22171303,,,,,,,정규직,주5일근무,시급,,,부산 수영구,,학력무관,2026-09-08 14:33:48
https://job.career.co.kr/recruit/view/22171302,,,,,,,정규직,주5일근무,시급,,,부산 수영구,,학력무관,2026-09-08 14:33:48
https://job.career.co.kr/recruit/view/22171301,,,,,,,정규직,주6일근무,시급,,,부산 사상구,,학력무관,2026-09-08 14:33:48
https://job.career.co.kr/recruit/view/22171299,,,,,,,계약직,주5일근무,월급,,,부산 연제구,,학력무관,2026-09-08 14:33:49
https://job.career.co.kr/recruit/view/22171298,,,,,,,정규직,주5일근무,시급,,,부산 강서구,,학력무관,2026-09-08 14:33:49
https://job.career.co.kr/recruit/view/22171296,,,,,,,계약직,주5일근무,시급,,,부산 동래구,,학력무관,2026-09-08 14:33:49
https://job.career.co.kr/recruit/view/22171295,,,,,,,계약직,주6일근무,월급,,,부산 사하구,,학력무관,2026-09-08 14:33:50
https://job.career.co.kr/recruit/view/22171290,,,,,,,정규직,주5일근무,연봉,,,부산 수영구,,"대학(2,3년) 졸업 이상",2026-09-08 14:33:50
https://job.career.co.kr/recruit/view/22171125,,,,,,,계약직,주5일근무,일급,,,부산 강서구,,학력무관,2026-09-08 14:33:50
https://job.career.co.kr/recruit/view/22169549,,,,,,,정규직,주5일근무,월급,,,부산 북구,,학력무관,2026-09-08 14:33:51
https://job.career.co.kr/recruit/view/22169548,,,,,,,계약직,주5일근무,연봉,,,부산 북구,,학력무관,2026-09-08 14:33:51
https://job.career.co.kr/recruit/view/22169547,,,,,,,정규직,주5일근무,월급,,,부산 강서구,,학력무관,2026-09-08 14:33:51
https://job.career.co.kr/recruit/view/22169546,,,,,,,계약직,주5일근무,월급,,,부산 강서구,,학력무관,2026-09-08 14:33:52
https://job.career.co.kr/recruit/view/22169545,,,,,,,정규직,주5일근무,월급,,,부산 사상구,,학력무관,2026-09-08 14:33:52
https://job.career.co.kr/recruit/view/22169544,,,,,,,정규직,주5일근무,월급,,,부산 강서구,,학력무관,2026-09-08 14:33:52
https://job.career.co.kr/recruit/view/22169543,,,,,,,정규직,주5일근무,시급,,,부산 강서구,,학력무관,2026-09-08 14:33:53
https://job.career.co.kr/recruit/view/22169542,,,,,,,정규직,주5일근무,시급,,,부산 강서구,,학력무관,2026-09-08 14:33:53
https://job.career.co.kr/recruit/view/22169541,,,,,,,정규직,주6일근무,시급,,,부산 강서구,,학력무관,2026-09-08 14:33:53
https://job.career.co.kr/recruit/view/22169540,,,,,,,계약직,주5일근무,월급,,,부산 강서구,,학력무관,2026-09-08 14:33:54
https://job.career.co.kr/recruit/view/22169539,,,,,,,정규직,주5일근무,연봉,,,부산 강서구,,학력무관,2026-09-08 14:33:54
https://job.career.co.kr/recruit/view/22169538,,,,,,,계약직,주5일근무,월급,,,부산 강서구,,고등학교 졸업 이상,2026-09-08 14:33:54
https://job.career.co.kr/recruit/view/22169537,,,,,,,정규직,주5일근무,연봉,,,부산 사상구,,학력무관,2026-09-08 14:33:55
https://job.career.co.kr/recruit/view/22169536,,,,,,,정규직,주5일근무,시급,,,부산 강서구,,학력무관,2026-09-08 14:33:55
https://job.career.co.kr/recruit/view/22169535,,,,,,,정규직,주5일근무,월급,,,부산 강서구,,학력무관,2026-09-08 14:33:55
https://job.career.co.kr/recruit/view/22169534,,,,,,,정규직,주5일근무,연봉,,,부산 사상구,,학력무관,2026-09-08 14:33:56
https://job.career.co.kr/recruit/view/22169533,,,,,,,정규직,주5일근무,월급,,,부산 강서구,,학력무관,2026-09-08 14:33:56
https://job.career.co.kr/recruit/view/22169532,,,,,,,정규직,주5일근무,연봉,,,부산 강서구,,고등학교 졸업 이상,2026-09-08 14:33:56
https://job.career.co.kr/recruit/view/22169529,,,,,,,정규직,주5일근무,월급,,,부산 강서구,,학력무관,2026-09-08 14:33:57
https://job.career.co.kr/recruit/view/22169528,,,,,,,정규직,주5일근무,월급,,,부산 강서구,,학력무관,2026-09-08 14:33:57
https://job.career.co.kr/recruit/view/22169527,,,,,,,정규직,주5일근무,연봉,,,부산 강서구,,"대학(2,3년) 졸업 이상",2026-09-08 14:33:57
https://job.career.co.kr/recruit/view/22169526,,,,,,,정규직,주5일근무,월급,,,부산 사상구,,학력무관,2026-09-08 14:33:58
https://job.career.co.kr/recruit/view/22169525,,,,,,,정규직,주5일근무,월급,,,부산 강서구,,학력무관,2026-09-08 14:33:58
https://job.career.co.kr/recruit/view/22169524,,,,,,,정규직,주5일근무,월급,,,부산 북구,,학력무관,2026-09-08 14:33:58
https://job.career.co.kr/recruit/view/22169521,,,,,,,정규직,주5일근무,연봉,,,부산 사상구,,학력무관,2026-09-08 14:33:59
https://job.career.co.kr/recruit/view/22169520,,,,,,,계약직,주5일근무,월급,,,부산 사상구,,학력무관,2026-09-08 14:33:59
https://job.career.co.kr/recruit/view/22169518,,,,,,,계약직,주5일근무,월급,,,부산 강서구,,학력무관,2026-09-08 14:33:59
https://job.career.co.kr/recruit/view/22169517,,,,,,,정규직,주6일근무,연봉,,,부산 사상구,,학력무관,2026-09-08 14:34:00
https://job.career.co.kr/recruit/view/22169516,,,,,,,정규직,주6일근무,연봉,,,부산 강서구,,학력무관,2026-09-08 14:34:00
https://job.career.co.kr/recruit/view/22169515,,,,,,,정규직,주5일근무,연봉,,,부산 사상구,,학력무관,2026-09-08 14:34:00
https://job.career.co.kr/recruit/view/22169514,,,,,,,정규직,주5일근무,연봉,,,부산 사상구,,학력무관,2026-09-08 14:34:01
https://job.career.co.kr/recruit/view/22169513,,,,,,,계약직,주6일근무,월급,,,부산 강서구,,학력무관,2026-09-08 14:34:01
https://job.career.co.kr/recruit/view/22169512,,,,,,,정규직,주5일근무,시급,,,부산 강서구,,학력무관,2026-09-08 14:34:01
https://job.career.co.kr/recruit/view/22169511,,,,,,,정규직,주5일근무,월급,,,부산 강서구,,학력무관,2026-09-08 14:34:02
https://job.career.co.kr/recruit/view/22169510,,,,,,,정규직,주5일근무,연봉,,,부산 기장군,,학력무관,2026-09-08 14:34:02
https://job.career.co.kr/recruit/view/22169509,,,,,,,계약직,주3일근무,시급,,,부산 북구,,학력무관,2026-09-08 14:34:02
https://job.career.co.kr/recruit/view/22169508,,,,,,,정규직,주5일근무,시급,,,부산 북구,,학력무관,2026-09-08 14:34:03
https://job.career.co.kr/recruit/view/22169507,,,,,,,정규직,주5일근무,월급,,,부산 강서구,,학력무관,2026-09-08 14:34:03
https://job.career.co.kr/recruit/view/22169506,,,,,,,계약직,주5일근무,월급,,,부산 강서구,,학력무관,2026-09-08 14:34:03
https://job.career.co.kr/recruit/view/22169504,,,,,,,정규직,주6일근무,월급,,,부산 강서구,,학력무관,2026-09-08 14:34:04
https://job.career.co.kr/recruit/view/22169503,,,,,,,정규직,주5일근무,월급,,,부산 강서구,,학력무관,2026-09-08 14:34:04
https://job.career.co.kr/recruit/view/22169502,,,,,,,정규직,주5일근무,월급,,,부산 강서구,,학력무관,2026-09-08 14:34:04
https://job.career.co.kr/recruit/view/22169501,,,,,,,정규직,주6일근무,연봉,,,부산 강서구,,학력무관,2026-09-08 14:34:05
https://job.career.co.kr/recruit/view/22169500,,,,,,,정규직,주5일근무,월급,,,부산 강서구,,학력무관,2026-09-08 14:34:05
https://job.career.co.kr/recruit/view/22169499,,,,,,,계약직,주5일근무,월급,,,부산 강서구,,학력무관,2026-09-08 14:34:05
https://job.career.co.kr/recruit/view/22169498,,,,,,,정규직,주6일근무,시급,,,부산 강서구,,학력무관,2026-09-08 14:34:06
https://job.career.co.kr/recruit/view/22169497,,,,,,,정규직,주5일근무,연봉,,,부산 강서구,,학력무관,2026-09-08 14:34:06
https://job.career.co.kr/recruit/view/22169496,,,,,,,정규직,주5일근무,연봉,,,부산 강서구,,학력무관,2026-09-08 14:34:06
https://job.career.co.kr/recruit/view/22169495,,,,,,,정규직,주6일근무,시급,,,부산 북구,,학력무관,2026-09-08 14:34:07
https://job.career.co.kr/recruit/view/22169494,,,,,,,정규직,주5일근무,월급,,,부산 강서구,,학력무관,2026-09-08 14:34:07
https://job.career.co.kr/recruit/view/22169493,,,,,,,정규직,주5일근무,연봉,,,부산 강서구,,학력무관,2026-09-08 14:34:07
https://job.career.co.kr/recruit/view/22169491,,,,,,,정규직,주5일근무,월급,,,부산 사상구,,학력무관,2026-09-08 14:34:08
https://job.career.co.kr/recruit/view/22169490,,,,,,,정규직,주3일근무,시급,,,부산 동래구,,고등학교 미만 졸업,2026-09-08 14:34:08
https://job.career.co.kr/recruit/view/22169489,,,,,,,계약직,주5일근무,월급,,,부산 동래구,,학력무관,2026-09-08 14:34:08
https://job.career.co.kr/recruit/view/22169488,,,,,,,계약직,주6일근무,연봉,,,부산 해운대구,,학력무관,2026-09-08 14:34:09
https://job.career.co.kr/recruit/view/22169487,,,,,,,정규직,주5일근무,연봉,,,부산 기장군,,학력무관,2026-09-08 14:34:09
https://job.career.co.kr/recruit/view/22169486,,,,,,,계약직,주5일근무,시급,,,부산 기장군,,학력무관,2026-09-08 14:34:09
https://job.career.co.kr/recruit/view/22169485,,,,,,,정규직,주5일근무,시급,,,부산 수영구,,학력무관,2026-09-08 14:34:10
https://job.career.co.kr/recruit/view/22169484,,,,,,,정규직,주5일근무,연봉,,,부산 기장군,,학력무관,2026-09-08 14:34:10
https://job.career.co.kr/recruit/view/22169483,,,,,,,정규직,주5일근무,시급,,,부산 기장군,,학력무관,2026-09-08 14:34:10
https://job.career.co.kr/recruit/view/22169482,,,,,,,정규직,학력,시급,,,부산 금정구,,학력무관,2026-09-08 14:34:11
https://job.career.co.kr/recruit/view/22169481,,,,,,,정규직,주5일근무,시급,,,부산 남구,,학력무관,2026-09-08 14:34:11
https://job.career.co.kr/recruit/view/22169480,,,,,,,정규직,학력,시급,,,부산 수영구,,학력무관,2026-09-08 14:34:11
https://job.career.co.kr/recruit/view/22169479,,,,,,,정규직,주5일근무,월급,,,부산 동래구,,학력무관,2026-09-08 14:34:12
https://job.career.co.kr/recruit/view/22169478,,,,,,,정규직,주5일근무,시급,,,부산 기장군,,학력무관,2026-09-08 14:34:12
https://job.career.co.kr/recruit/view/22169477,,,,,,,정규직,주5일근무,월급,,,부산 동래구,,학력무관,2026-09-08 14:34:12
https://job.career.co.kr/recruit/view/22169476,,,,,,,정규직,주5일근무,월급,,,부산 해운대구,,학력무관,2026-09-08 14:34:13
https://job.career.co.kr/recruit/view/22169475,,,,,,,계약직,주5일근무,월급,,,부산 동래구,,학력무관,2026-09-08 14:34:13
https://job.career.co.kr/recruit/view/22169474,,,,,,,계약직,주5일근무,월급,,,부산 기장군,,학력무관,2026-09-08 14:34:13
https://job.career.co.kr/recruit/view/22169472,,,,,,,계약직,주4일근무,월급,,,부산 금정구,,학력무관,2026-09-08 14:34:14
https://job.career.co.kr/recruit/view/22169471,,,,,,,정규직,주5일근무,월급,,,부산 해운대구,,학력무관,2026-09-08 14:34:14
https://job.career.co.kr/recruit/view/22169470,,,,,,,정규직,주5일근무,월급,,,부산 금정구,,학력무관,2026-09-08 14:34:14
https://job.career.co.kr/recruit/view/22169469,,,,,,,정규직,주5일근무,시급,,,부산 기장군,,학력무관,2026-09-08 14:34:15
https://job.career.co.kr/recruit/view/22169468,,,,,,,정규직,주5일근무,월급,,,부산 기장군,,학력무관,2026-09-08 14:34:15
https://job.career.co.kr/recruit/view/22169467,,,,,,,계약직,주5일근무,월급,,,부산 기장군,,학력무관,2026-09-08 14:34:15
https://job.career.co.kr/recruit/view/22169466,,,,,,,정규직,주3일근무,시급,,,부산 동래구,,학력무관,2026-09-08 14:34:16
https://job.career.co.kr/recruit/view/22169465,,,,,,,정규직,주5일근무,연봉,,,부산 금정구,,학력무관,2026-09-08 14:34:16
https://job.career.co.kr/recruit/view/22169464,,,,,,,계약직,학력,월급,,,부산 사상구,,학력무관,2026-09-08 14:34:16
https://job.career.co.kr/recruit/view/22169463,,,,,,,정규직,주4일근무,시급,,,부산 해운대구,,학력무관,2026-09-08 14:34:17
https://job.career.co.kr/recruit/view/22169462,,,,,,,계약직,주6일근무,월급,,,부산 해운대구,,학력무관,2026-09-08 14:34:17
https://job.career.co.kr/recruit/view/22169461,,,,,,,정규직,주6일근무,월급,,,부산 수영구,,학력무관,2026-09-08 14:34:17
https://job.career.co.kr/recruit/view/22169460,,,,,,,정규직,주5일근무,월급,,,부산 해운대구,,학력무관,2026-09-08 14:34:18
https://job.career.co.kr/recruit/view/22169459,,,,,,,정규직,주5일근무,시급,,,부산 해운대구,,학력무관,2026-09-08 14:34:18
https://job.career.co.kr/recruit/view/22169458,,,,,,,정규직,주5일근무,월급,,,부산 해운대구,,학력무관,2026-09-08 14:34:18
https://job.career.co.kr/recruit/view/22169457,,,,,,,계약직,주5일근무,월급,,,부산 동래구,,학력무관,2026-09-08 14:34:19
https://job.career.co.kr/recruit/view/22169456,,,,,,,정규직,주5일근무,월급,,,부산 동래구,,학력무관,2026-09-08 14:34:19
https://job.career.co.kr/recruit/view/22169455,,,,,,,정규직,주5일근무,월급,,,부산 해운대구,,학력무관,2026-09-08 14:34:19
https://job.career.co.kr/recruit/view/22169454,,,,,,,계약직,주6일근무,연봉,,,부산 수영구,,학력무관,2026-09-08 14:34:20
https://job.career.co.kr/recruit/view/22169453,,,,,,,정규직,주5일근무,시급,,,부산 사하구,,학력무관,2026-09-08 14:34:20
https://job.career.co.kr/recruit/view/22169452,,,,,,,계약직,주5일근무,월급,,,부산 사하구,,학력무관,2026-09-08 14:34:20
https://job.career.co.kr/recruit/view/22169451,,,,,,,정규직,주5일근무,시급,,,부산 사하구,,학력무관,2026-09-08 14:34:21
https://job.career.co.kr/recruit/view/22169450,,,,,,,정규직,주5일근무,월급,,,부산 사하구,,학력무관,2026-09-08 14:34:21
https://job.career.co.kr/recruit/view/22169449,,,,,,,계약직,주5일근무,월급,,,부산 사하구,,학력무관,2026-09-08 14:34:21
https://job.career.co.kr/recruit/view/22169448,,,,,,,정규직,주6일근무,월급,,,부산 사하구,,학력무관,2026-09-08 14:34:22
https://job.career.co.kr/recruit/view/22169447,,,,,,,정규직,주5일근무,월급,,,부산 사하구,,학력무관,2026-09-08 14:34:22
https://job.career.co.kr/recruit/view/22169446,,,,,,,정규직,주5일근무,월급,,,부산 사하구,,학력무관,2026-09-08 14:34:22
https://job.career.co.kr/recruit/view/22169445,,,,,,,계약직,주5일근무,시급,,,부산 동래구,,학력무관,2026-09-08 14:34:23
https://job.career.co.kr/recruit/view/22169444,,,,,,,계약직,주5일근무,시급,,,부산 사하구,,학력무관,2026-09-08 14:34:23
https://job.career.co.kr/recruit/view/22169443,,,,,,,정규직,주6일근무,월급,,,부산 사하구,,학력무관,2026-09-08 14:34:23
https://job.career.co.kr/recruit/view/22169442,,,,,,,정규직,주6일근무,월급,,,부산 사하구,,학력무관,2026-09-08 14:34:24
https://job.career.co.kr/recruit/view/22169441,,,,,,,정규직,주5일근무,월급,,,부산 사하구,,학력무관,2026-09-08 14:34:24
https://job.career.co.kr/recruit/view/22169440,,,,,,,정규직,주5일근무,연봉,,,부산 사하구,,학력무관,2026-09-08 14:34:24
https://job.career.co.kr/recruit/view/22169439,,,,,,,정규직,주5일근무,월급,,,부산 사하구,,학력무관,2026-09-08 14:34:25
https://job.career.co.kr/recruit/view/22169438,,,,,,,계약직,주5일근무,월급,,,부산 사하구,,학력무관,2026-09-08 14:34:25
https://job.career.co.kr/recruit/view/22169437,,,,,,,계약직,주5일근무,연봉,,,부산 영도구,,학력무관,2026-09-08 14:34:25
https://job.career.co.kr/recruit/view/22169436,,,,,,,계약직,주5일근무,연봉,,,부산 영도구,,학력무관,2026-09-08 14:34:26
https://job.career.co.kr/recruit/view/22169435,,,,,,,정규직,주5일근무,시급,,,부산 부산진구,,학력무관,2026-09-08 14:34:26
https://job.career.co.kr/recruit/view/22169434,,,,,,,정규직,주6일근무,연봉,,,부산 해운대구,,학력무관,2026-09-08 14:34:26
https://job.career.co.kr/recruit/view/22169433,,,,,,,정규직,주5일근무,월급,,,부산 서구,,학력무관,2026-09-08 14:34:27
https://job.career.co.kr/recruit/view/22169431,,,,,,,정규직,주5일근무,월급,,,부산 사하구,,학력무관,2026-09-08 14:34:27
https://job.career.co.kr/recruit/view/22169430,,,,,,,계약직,주5일근무,시급,,,부산 남구,,학력무관,2026-09-08 14:34:27
https://job.career.co.kr/recruit/view/22169429,,,,,,,계약직,주3일근무,시급,,,부산 영도구,,학력무관,2026-09-08 14:34:28
https://job.career.co.kr/recruit/view/22169428,,,,,,,계약직,주4일근무,시급,,,부산 영도구,,학력무관,2026-09-08 14:34:28
https://job.career.co.kr/recruit/view/22169427,,,,,,,정규직,주3일근무,시급,,,부산 부산진구,,학력무관,2026-09-08 14:34:28
https://job.career.co.kr/recruit/view/22169426,,,,,,,정규직,주5일근무,월급,,,부산 부산진구,,고등학교 졸업 이상,2026-09-08 14:34:29
https://job.career.co.kr/recruit/view/22169425,,,,,,,정규직,주3일근무,시급,,,부산 동래구,,학력무관,2026-09-08 14:34:29
https://job.career.co.kr/recruit/view/22169424,,,,,,,정규직,주5일근무,월급,,,부산 연제구,,학력무관,2026-09-08 14:34:29
https://job.career.co.kr/recruit/view/22169423,,,,,,,정규직,주5일근무,시급,,,부산 수영구,,학력무관,2026-09-08 14:34:30
https://job.career.co.kr/recruit/view/22169422,,,,,,,정규직,주5일근무,시급,,,부산 수영구,,학력무관,2026-09-08 14:34:30
https://job.career.co.kr/recruit/view/22169421,,,,,,,정규직,주5일근무,시급,,,부산 부산진구,,학력무관,2026-09-08 14:34:30
https://job.career.co.kr/recruit/view/22169420,,,,,,,계약직,주5일근무,월급,,,부산 영도구,,학력무관,2026-09-08 14:34:31
https://job.career.co.kr/recruit/view/22169419,,,,,,,정규직,주4일근무,시급,,,부산 연제구,,학력무관,2026-09-08 14:34:31
https://job.career.co.kr/recruit/view/22169418,,,,,,,정규직,주3일근무,시급,,,부산 부산진구,,학력무관,2026-09-08 14:34:31
https://job.career.co.kr/recruit/view/22169416,,,,,,,계약직,주5일근무,월급,,,부산 연제구,,"대학(2,3년) 졸업 이상",2026-09-08 14:34:32
https://job.career.co.kr/recruit/view/22169415,,,,,,,정규직,주6일근무,시급,,,부산 남구,,학력무관,2026-09-08 14:34:32
https://job.career.co.kr/recruit/view/22169414,,,,,,,계약직,주5일근무,월급,,,부산 서구,,학력무관,2026-09-08 14:34:32
https://job.career.co.kr/recruit/view/22169413,,,,,,,계약직,주5일근무,월급,,,부산 동구,,학력무관,2026-09-08 14:34:33
https://job.career.co.kr/recruit/view/22169412,,,,,,,정규직,주5일근무,시급,,,부산 부산진구,,학력무관,2026-09-08 14:34:33
https://job.career.co.kr/recruit/view/22169411,,,,,,,정규직,주5일근무,시급,,,부산 중구,,학력무관,2026-09-08 14:34:33
https://job.career.co.kr/recruit/view/22169410,,,,,,,정규직,주5일근무,월급,,,부산 영도구,,학력무관,2026-09-08 14:34:34
https://job.career.co.kr/recruit/view/22169409,,,,,,,정규직,주6일근무,연봉,,,부산 서구,,학력무관,2026-09-08 14:34:34
https://job.career.co.kr/recruit/view/22169408,,,,,,,정규직,주5일근무,시급,,,부산 중구,,학력무관,2026-09-08 14:34:34
https://job.career.co.kr/recruit/view/22169406,,,,,,,정규직,주5일근무,월급,,,부산 연제구,,"대학(2,3년) 졸업 이상",2026-09-08 14:34:35
https://job.career.co.kr/recruit/view/22169405,,,,,,,정규직,주5일근무,월급,,,부산 남구,,고등학교 졸업 이상,2026-09-08 14:34:35
https://job.career.co.kr/recruit/view/22169404,,,,,,,정규직,주5일근무,월급,,,부산 남구,,고등학교 졸업 이상,2026-09-08 14:34:35
https://job.career.co.kr/recruit/view/22169403,,,,,,,정규직,주5일근무,월급,,,부산 남구,,고등학교 졸업 이상,2026-09-08 14:34:36
https://job.career.co.kr/recruit/view/22169301,,,,,,,계약직,주5일근무,월급,,,부산 부산진구,,학력무관,2026-09-08 14:34:36
https://job.career.co.kr/recruit/view/22169298,,,,,,,정규직,주5일근무,월급,,,부산 부산진구,,학력무관,2026-09-08 14:34:36
https://job.career.co.kr/recruit/view/22169296,,,,,,,계약직,주5일근무,월급,,,부산 부산진구,,학력무관,2026-09-08 14:34:37
https://job.career.co.kr/recruit/view/22169295,,,,,,,계약직,주5일근무,월급,,,부산 부산진구,,학력무관,2026-09-08 14:34:37
https://job.career.co.kr/recruit/view/22169215,,,,,,,계약직,학력,월급,,,부산 중구,,학력무관,2026-09-08 14:34:37
https://job.career.co.kr/recruit/view/22168943,,,,,,,정규직,주4일근무,시급,,,부산 해운대구,,학력무관,2026-09-08 14:34:38
https://job.career.co.kr/recruit/view/22168942,,,,,,,계약직,주5일근무,월급,,,부산 수영구,,학력무관,2026-09-08 14:34:38
https://job.career.co.kr/recruit/view/22168941,,,,,,,계약직,주3일근무,월급,,,부산 해운대구,,학력무관,2026-09-08 14:34:38
https://job.career.co.kr/recruit/view/22168940,,,,,,,정규직,주5일근무,시급,,,부산 중구,,학력무관,2026-09-08 14:34:39
https://job.career.co.kr/recruit/view/22168939,,,,,,,계약직,주4일근무,월급,,,부산 남구,,학력무관,2026-09-08 14:34:39
https://job.career.co.kr/recruit/view/22168938,,,,,,,정규직,주5일근무,월급,,,부산 사상구,,고등학교 졸업 이상,2026-09-08 14:34:39
https://job.career.co.kr/recruit/view/22168937,,,,,,,계약직,주6일근무,월급,,,부산 수영구,,학력무관,2026-09-08 14:34:40
https://job.career.co.kr/recruit/view/22168936,,,,,,,계약직,주5일근무,월급,,,부산 영도구,,학력무관,2026-09-08 14:34:40
https://job.career.co.kr/recruit/view/22168934,,,,,,,정규직,주4일근무,시급,,,부산 부산진구,,학력무관,2026-09-08 14:34:40
https://job.career.co.kr/recruit/view/22168933,,,,,,,정규직,주6일근무,시급,,,부산 부산진구,,학력무관,2026-09-08 14:34:41
https://job.career.co.kr/recruit/view/22168932,,,,,,,정규직,주3일근무,시급,,,부산 부산진구,,학력무관,2026-09-08 14:34:41
https://job.career.co.kr/recruit/view/22168931,,,,,,,정규직,주5일근무,시급,,,부산 수영구,,학력무관,2026-09-08 14:34:41
https://job.career.co.kr/recruit/view/22168929,,,,,,,계약직,주5일근무,월급,,,부산 부산진구,,학력무관,2026-09-08 14:34:42
https://job.career.co.kr/recruit/view/22168928,,,,,,,정규직,주6일근무,시급,,,부산 동구,,학력무관,2026-09-08 14:34:42
https://job.career.co.kr/recruit/view/22168926,,,,,,,정규직,주5일근무,연봉,,,부산 기장군,,학력무관,2026-09-08 14:34:42
https://job.career.co.kr/recruit/view/22168925,,,,,,,정규직,주5일근무,월급,,,부산 기장군,,학력무관,2026-09-08 14:34:43
https://job.career.co.kr/recruit/view/22168924,,,,,,,정규직,주5일근무,시급,,,부산 기장군,,학력무관,2026-09-08 14:34:43
https://job.career.co.kr/recruit/view/22168869,,,,,,,계약직,주5일근무,월급,,,부산 사상구,,학력무관,2026-09-08 14:34:43
https://job.career.co.kr/recruit/view/22168665,,,,,,,정규직,주3일근무,시급,,,부산 금정구,,학력무관,2026-09-08 14:34:44
https://job.career.co.kr/recruit/view/22168610,,,,,,,정규직,주6일근무,시급,,,부산 강서구,,학력무관,2026-09-08 14:34:44
https://job.career.co.kr/recruit/view/22168609,,,,,,,정규직,주6일근무,시급,,,부산 해운대구,,학력무관,2026-09-08 14:34:44
https://job.career.co.kr/recruit/view/22168608,,,,,,,정규직,주5일근무,시급,,,부산 금정구,,학력무관,2026-09-08 14:34:45
https://job.career.co.kr/recruit/view/22168607,,,,,,,정규직,주6일근무,시급,,,부산 동래구,,학력무관,2026-09-08 14:34:45
https://job.career.co.kr/recruit/view/22168606,,,,,,,계약직,주5일근무,시급,,,부산 금정구,,학력무관,2026-09-08 14:34:45
https://job.career.co.kr/recruit/view/22168605,,,,,,,정규직,주5일근무,시급,,,부산 수영구,,학력무관,2026-09-08 14:34:46
https://job.career.co.kr/recruit/view/22168604,,,,,,,정규직,주5일근무,시급,,,부산 기장군,,학력무관,2026-09-08 14:34:46
https://job.career.co.kr/recruit/view/22168603,,,,,,,정규직,주5일근무,시급,,,부산 연제구,,학력무관,2026-09-08 14:34:46
https://job.career.co.kr/recruit/view/22168601,,,,,,,정규직,주5일근무,시급,,,부산 남구,,학력무관,2026-09-08 14:34:47
https://job.career.co.kr/recruit/view/22168597,,,,,,,정규직,주6일근무,시급,,,부산 사상구,,학력무관,2026-09-08 14:34:47
https://job.career.co.kr/recruit/view/22168585,,,,,,,계약직,주5일근무,시급,,,부산 강서구,,학력무관,2026-09-08 14:34:47
https://job.career.co.kr/recruit/view/22168542,,,,,,,정규직,주3일근무,시급,,,부산 서구,,학력무관,2026-09-08 14:34:48
https://job.career.co.kr/recruit/view/22168541,,,,,,,계약직,주5일근무,월급,,,부산 북구,,학력무관,2026-09-08 14:34:48
https://job.career.co.kr/recruit/view/22168461,,,,,,,계약직,주5일근무,월급,,,부산 동래구,,"대학(2,3년) 졸업 이상",2026-09-08 14:34:48
https://job.career.co.kr/recruit/view/22168459,,,,,,,계약직,주5일근무,시급,,,부산 금정구,,학력무관,2026-09-08 14:34:49
https://job.career.co.kr/recruit/view/22168429,,,,,,,정규직,주5일근무,월급,,,부산 남구,,학력무관,2026-09-08 14:34:49
https://job.career.co.kr/recruit/view/22168400,,,,,,,정규직,주5일근무,시급,,,부산 북구,,학력무관,2026-09-08 14:34:49
https://job.career.co.kr/recruit/view/22168399,,,,,,,정규직,주5일근무,시급,,,부산 연제구,,학력무관,2026-09-08 14:34:50
https://job.career.co.kr/recruit/view/22168398,,,,,,,계약직,주5일근무,월급,,,부산 남구,,학력무관,2026-09-08 14:34:50
https://job.career.co.kr/recruit/view/22168397,,,,,,,정규직,주5일근무,시급,,,부산 영도구,,학력무관,2026-09-08 14:34:50
https://job.career.co.kr/recruit/view/22168393,,,,,,,계약직,주5일근무,월급,,,부산 부산진구,,학력무관,2026-09-08 14:34:51
https://job.career.co.kr/recruit/view/22168392,,,,,,,정규직,주5일근무,월급,,,부산 부산진구,,학력무관,2026-09-08 14:34:51
https://job.career.co.kr/recruit/view/22166704,,,,,,,정규직,주6일근무,시급,,,부산 해운대구,,학력무관,2026-09-08 14:34:51
https://job.career.co.kr/recruit/view/22166543,,,,,,,정규직,주5일근무,시급,,,부산 영도구,,학력무관,2026-09-08 14:34:52
https://job.career.co.kr/recruit/view/22166531,,,,,,,정규직,주6일근무,월급,,,부산 사상구,,학력무관,2026-09-08 14:34:52
https://job.career.co.kr/recruit/view/22166530,,,,,,,정규직,주6일근무,월급,,,부산 사상구,,학력무관,2026-09-08 14:34:52
https://job.career.co.kr/recruit/view/22166529,,,,,,,정규직,주5일근무,연봉,,,부산 강서구,,학력무관,2026-09-08 14:34:53
https://job.career.co.kr/recruit/view/22166528,,,,,,,계약직,주5일근무,시급,,,부산 강서구,,학력무관,2026-09-08 14:34:53
https://job.career.co.kr/recruit/view/22166527,,,,,,,계약직,주5일근무,월급,,,부산 강서구,,학력무관,2026-09-08 14:34:53
https://job.career.co.kr/recruit/view/22166526,,,,,,,정규직,주5일근무,월급,,,부산 강서구,,학력무관,2026-09-08 14:34:54
https://job.career.co.kr/recruit/view/22166525,,,,,,,정규직,주5일근무,연봉,,,부산 강서구,,학력무관,2026-09-08 14:34:54
https://job.career.co.kr/recruit/view/22166524,,,,,,,정규직,주5일근무,연봉,,,부산 강서구,,학력무관,2026-09-08 14:34:54
https://job.career.co.kr/recruit/view/22166523,,,,,,,정규직,주5일근무,월급,,,부산 강서구,,학력무관,2026-09-08 14:34:55
https://job.career.co.kr/recruit/view/22166522,,,,,,,정규직,주5일근무,월급,,,부산 사상구,,학력무관,2026-09-08 14:34:55
https://job.career.co.kr/recruit/view/22166521,,,,,,,정규직,주5일근무,연봉,,,부산 강서구,,학력무관,2026-09-08 14:34:55
https://job.career.co.kr/recruit/view/22166520,,,,,,,정규직,주5일근무,연봉,,,부산 강서구,,"대학(2,3년) 졸업 이상",2026-09-08 14:34:56
https://job.career.co.kr/recruit/view/22166519,,,,,,,정규직,주5일근무,시급,,,부산 사상구,,학력무관,2026-09-08 14:34:56
https://job.career.co.kr/recruit/view/22166518,,,,,,,정규직,주5일근무,월급,,,부산 북구,,학력무관,2026-09-08 14:34:56
https://job.career.co.kr/recruit/view/22166517,,,,,,,정규직,주5일근무,시급,,,부산 사상구,,학력무관,2026-09-08 14:34:57
https://job.career.co.kr/recruit/view/22166516,,,,,,,정규직,주5일근무,시급,,,부산 사상구,,학력무관,2026-09-08 14:34:57
https://job.career.co.kr/recruit/view/22166515,,,,,,,정규직,주5일근무,월급,,,부산 사상구,,학력무관,2026-09-08 14:34:57
https://job.career.co.kr/recruit/view/22166514,,,,,,,정규직,주5일근무,연봉,,,부산 강서구,,학력무관,2026-09-08 14:34:58
https://job.career.co.kr/recruit/view/22166513,,,,,,,정규직,주6일근무,연봉,,,부산 사상구,,학력무관,2026-09-08 14:34:58
https://job.career.co.kr/recruit/view/22166512,,,,,,,정규직,주5일근무,연봉,,,부산 강서구,,대학교(4년) 졸업 이상,2026-09-08 14:34:58
https://job.career.co.kr/recruit/view/22166511,,,,,,,정규직,주5일근무,연봉,,,부산 강서구,,학력무관,2026-09-08 14:34:59
https://job.career.co.kr/recruit/view/22166510,,,,,,,정규직,주5일근무,연봉,,,부산 강서구,,학력무관,2026-09-08 14:34:59
https://job.career.co.kr/recruit/view/22166509,,,,,,,정규직,주5일근무,연봉,,,부산 강서구,,대학교(4년) 졸업 이상,2026-09-08 14:34:59
https://job.career.co.kr/recruit/view/22166508,,,,,,,정규직,주5일근무,연봉,,,부산 강서구,,학력무관,2026-09-08 14:35:00
https://job.career.co.kr/recruit/view/22166507,,,,,,,정규직,주5일근무,연봉,,,부산 강서구,,학력무관,2026-09-08 14:35:00
https://job.career.co.kr/recruit/view/22166505,,,,,,,정규직,주5일근무,시급,,,부산 강서구,,학력무관,2026-09-08 14:35:01
https://job.career.co.kr/recruit/view/22166504,,,,,,,계약직,주5일근무,월급,,,부산 강서구,,학력무관,2026-09-08 14:35:01
https://job.career.co.kr/recruit/view/22166503,,,,,,,정규직,주6일근무,월급,,,부산 강서구,,학력무관,2026-09-08 14:35:01
https://job.career.co.kr/recruit/view/22166506,,,,,,,정규직,주5일근무,시급,,,부산 사상구,,학력무관,2026-09-08 14:35:01
https://job.career.co.kr/recruit/view/22166501,,,,,,,정규직,주5일근무,연봉,,,부산 강서구,,학력무관,2026-09-08 14:35:02
https://job.career.co.kr/recruit/view/22166500,,,,,,,계약직,주5일근무,월급,,,부산 강서구,,학력무관,2026-09-08 14:35:02
https://job.career.co.kr/recruit/view/22166499,,,,,,,정규직,주5일근무,연봉,,,부산 강서구,,학력무관,2026-09-08 14:35:02
https://job.career.co.kr/recruit/view/22166498,,,,,,,정규직,주5일근무,월급,,,부산 강서구,,학력무관,2026-09-08 14:35:03
https://job.career.co.kr/recruit/view/22166497,,,,,,,계약직,주5일근무,월급,,,부산 강서구,,학력무관,2026-09-08 14:35:03
https://job.career.co.kr/recruit/view/22166496,,,,,,,계약직,주5일근무,월급,,,부산 강서구,,학력무관,2026-09-08 14:35:03
https://job.career.co.kr/recruit/view/22166495,,,,,,,계약직,주5일근무,월급,,,부산 강서구,,학력무관,2026-09-08 14:35:04
https://job.career.co.kr/recruit/view/22166494,,,,,,,정규직,주5일근무,연봉,,,부산 사상구,,고등학교 졸업 이상,2026-09-08 14:35:04
https://job.career.co.kr/recruit/view/22166493,,,,,,,정규직,주6일근무,월급,,,부산 사상구,,학력무관,2026-09-08 14:35:04
https://job.career.co.kr/recruit/view/22166492,,,,,,,정규직,주5일근무,연봉,,,부산 강서구,,학력무관,2026-09-08 14:35:05
https://job.career.co.kr/recruit/view/22166491,,,,,,,정규직,주5일근무,연봉,,,부산 강서구,,학력무관,2026-09-08 14:35:05
https://job.career.co.kr/recruit/view/22166490,,,,,,,정규직,주5일근무,연봉,,,부산 강서구,,학력무관,2026-09-08 14:35:05
https://job.career.co.kr/recruit/view/22166489,,,,,,,정규직,주5일근무,시급,,,부산 강서구,,학력무관,2026-09-08 14:35:06
https://job.career.co.kr/recruit/view/22166488,,,,,,,정규직,주5일근무,연봉,,,부산 강서구,,학력무관,2026-09-08 14:35:06
https://job.career.co.kr/recruit/view/22166487,,,,,,,정규직,주5일근무,월급,,,부산 강서구,,학력무관,2026-09-08 14:35:06
https://job.career.co.kr/recruit/view/22166486,,,,,,,정규직,주5일근무,월급,,,부산 사상구,,학력무관,2026-09-08 14:35:07
https://job.career.co.kr/recruit/view/22166485,,,,,,,계약직,주5일근무,연봉,,,부산 사상구,,학력무관,2026-09-08 14:35:07
https://job.career.co.kr/recruit/view/22166484,,,,,,,계약직,주5일근무,월급,,,부산 북구,,학력무관,2026-09-08 14:35:07
https://job.career.co.kr/recruit/view/22166481,,,,,,,정규직,주5일근무,시급,,,부산 사하구,,학력무관,2026-09-08 14:35:08
https://job.career.co.kr/recruit/view/22166477,,,,,,,정규직,주5일근무,월급,,,부산 강서구,,학력무관,2026-09-08 14:35:08
https://job.career.co.kr/recruit/view/22166476,,,,,,,정규직,주5일근무,연봉,,,부산 강서구,,학력무관,2026-09-08 14:35:08
https://job.career.co.kr/recruit/view/22166475,,,,,,,정규직,주5일근무,연봉,,,부산 강서구,,학력무관,2026-09-08 14:35:09
https://job.career.co.kr/recruit/view/22166474,,,,,,,정규직,주5일근무,연봉,,,부산 강서구,,학력무관,2026-09-08 14:35:09
https://job.career.co.kr/recruit/view/22166473,,,,,,,정규직,주5일근무,연봉,,,부산 강서구,,학력무관,2026-09-08 14:35:09
https://job.career.co.kr/recruit/view/22166472,,,,,,,정규직,주5일근무,연봉,,,부산 강서구,,학력무관,2026-09-08 14:35:10
https://job.career.co.kr/recruit/view/22166471,,,,,,,정규직,주5일근무,연봉,,,부산 강서구,,학력무관,2026-09-08 14:35:10
https://job.career.co.kr/recruit/view/22166470,,,,,,,정규직,주5일근무,시급,,,부산 강서구,,학력무관,2026-09-08 14:35:10
https://job.career.co.kr/recruit/view/22166469,,,,,,,정규직,주5일근무,시급,,,부산 강서구,,학력무관,2026-09-08 14:35:11
https://job.career.co.kr/recruit/view/22166468,,,,,,,정규직,주5일근무,연봉,,,부산 강서구,,학력무관,2026-09-08 14:35:11
https://job.career.co.kr/recruit/view/22166467,,,,,,,정규직,주5일근무,월급,,,부산 강서구,,학력무관,2026-09-08 14:35:11
https://job.career.co.kr/recruit/view/22166466,,,,,,,정규직,주5일근무,연봉,,,부산 사상구,,학력무관,2026-09-08 14:35:12
https://job.career.co.kr/recruit/view/22166464,,,,,,,정규직,주5일근무,월급,,,부산 금정구,,"대학(2,3년) 졸업 이상",2026-09-08 14:35:12
https://job.career.co.kr/recruit/view/22166463,,,,,,,계약직,주5일근무,월급,,,부산 금정구,,"대학(2,3년) 졸업 이상",2026-09-08 14:35:12
https://job.career.co.kr/recruit/view/22166462,,,,,,,정규직,주5일근무,월급,,,부산 기장군,,학력무관,2026-09-08 14:35:13
https://job.career.co.kr/recruit/view/22166461,,,,,,,계약직,주5일근무,월급,,,부산 금정구,,"대학(2,3년) 졸업 이상",2026-09-08 14:35:13
https://job.career.co.kr/recruit/view/22166460,,,,,,,정규직,주5일근무,월급,,,부산 해운대구,,학력무관,2026-09-08 14:35:13
https://job.career.co.kr/recruit/view/22166459,,,,,,,정규직,주5일근무,월급,,,부산 해운대구,,학력무관,2026-09-08 14:35:14
https://job.career.co.kr/recruit/view/22166458,,,,,,,정규직,주5일근무,월급,,,부산 해운대구,,학력무관,2026-09-08 14:35:14
https://job.career.co.kr/recruit/view/22166457,,,,,,,계약직,주6일근무,월급,,,부산 금정구,,학력무관,2026-09-08 14:35:14
https://job.career.co.kr/recruit/view/22166456,,,,,,,정규직,주5일근무,시급,,,부산 기장군,,학력무관,2026-09-08 14:35:15
https://job.career.co.kr/recruit/view/22166455,,,,,,,정규직,주6일근무,월급,,,부산 해운대구,,학력무관,2026-09-08 14:35:15
https://job.career.co.kr/recruit/view/22166454,,,,,,,계약직,주5일근무,일급,,,부산 사하구,,학력무관,2026-09-08 14:35:15
https://job.career.co.kr/recruit/view/22166452,,,,,,,정규직,주6일근무,시급,,,부산 금정구,,학력무관,2026-09-08 14:35:16
https://job.career.co.kr/recruit/view/22166451,,,,,,,정규직,주6일근무,시급,,,부산 금정구,,학력무관,2026-09-08 14:35:16
https://job.career.co.kr/recruit/view/22166450,,,,,,,정규직,주5일근무,시급,,,부산 기장군,,학력무관,2026-09-08 14:35:16
https://job.career.co.kr/recruit/view/22166449,,,,,,,정규직,주5일근무,시급,,,부산 기장군,,학력무관,2026-09-08 14:35:17
https://job.career.co.kr/recruit/view/22166448,,,,,,,정규직,주5일근무,시급,,,부산 기장군,,학력무관,2026-09-08 14:35:17
https://job.career.co.kr/recruit/view/22166446,,,,,,,정규직,주6일근무,월급,,,부산 금정구,,학력무관,2026-09-08 14:35:17
https://job.career.co.kr/recruit/view/22166441,,,,,,,정규직,주5일근무,월급,,,부산 수영구,,학력무관,2026-09-08 14:35:18
https://job.career.co.kr/recruit/view/22166440,,,,,,,계약직,주5일근무,월급,,,부산 수영구,,학력무관,2026-09-08 14:35:18
https://job.career.co.kr/recruit/view/22166439,,,,,,,계약직,주5일근무,시급,,,부산 금정구,,학력무관,2026-09-08 14:35:18
https://job.career.co.kr/recruit/view/22166438,,,,,,,정규직,주5일근무,월급,,,부산 기장군,,학력무관,2026-09-08 14:35:19
https://job.career.co.kr/recruit/view/22166437,,,,,,,계약직,주6일근무,월급,,,부산 기장군,,학력무관,2026-09-08 14:35:19
https://job.career.co.kr/recruit/view/22166436,,,,,,,정규직,주5일근무,월급,,,부산 기장군,,학력무관,2026-09-08 14:35:19
https://job.career.co.kr/recruit/view/22166435,,,,,,,정규직,주5일근무,월급,,,부산 기장군,,학력무관,2026-09-08 14:35:20
https://job.career.co.kr/recruit/view/22166434,,,,,,,정규직,주5일근무,연봉,,,부산 기장군,,고등학교 졸업 이상,2026-09-08 14:35:20
https://job.career.co.kr/recruit/view/22166433,,,,,,,정규직,주5일근무,월급,,,부산 금정구,,학력무관,2026-09-08 14:35:20
https://job.career.co.kr/recruit/view/22166432,,,,,,,정규직,주5일근무,연봉,,,부산 해운대구,,학력무관,2026-09-08 14:35:21
https://job.career.co.kr/recruit/view/22166431,,,,,,,정규직,주5일근무,연봉,,,부산 금정구,,학력무관,2026-09-08 14:35:21
https://job.career.co.kr/recruit/view/22166430,,,,,,,정규직,학력,시급,,,부산 동래구,,학력무관,2026-09-08 14:35:21
https://job.career.co.kr/recruit/view/22166429,,,,,,,정규직,주5일근무,월급,,,부산 동래구,,학력무관,2026-09-08 14:35:22
https://job.career.co.kr/recruit/view/22166428,,,,,,,계약직,주5일근무,월급,,,부산 해운대구,,학력무관,2026-09-08 14:35:22
https://job.career.co.kr/recruit/view/22166426,,,,,,,정규직,주6일근무,시급,,,부산 기장군,,학력무관,2026-09-08 14:35:22
https://job.career.co.kr/recruit/view/22166425,,,,,,,정규직,주4일근무,시급,,,부산 수영구,,학력무관,2026-09-08 14:35:23
https://job.career.co.kr/recruit/view/22166423,,,,,,,정규직,주5일근무,시급,,,부산 수영구,,학력무관,2026-09-08 14:35:23
https://job.career.co.kr/recruit/view/22166422,,,,,,,정규직,주5일근무,시급,,,부산 기장군,,학력무관,2026-09-08 14:35:23
https://job.career.co.kr/recruit/view/22166421,,,,,,,계약직,주5일근무,시급,,,부산 금정구,,학력무관,2026-09-08 14:35:24
https://job.career.co.kr/recruit/view/22166417,,,,,,,계약직,주5일근무,월급,,,부산 기장군,,학력무관,2026-09-08 14:35:24
https://job.career.co.kr/recruit/view/22166416,,,,,,,정규직,주6일근무,시급,,,부산 서구,,학력무관,2026-09-08 14:35:24
https://job.career.co.kr/recruit/view/22166415,,,,,,,정규직,주3일근무,시급,,,부산 연제구,,학력무관,2026-09-08 14:35:25
https://job.career.co.kr/recruit/view/22166414,,,,,,,정규직,주3일근무,시급,,,부산 해운대구,,학력무관,2026-09-08 14:35:25
https://job.career.co.kr/recruit/view/22166413,,,,,,,정규직,주3일근무,시급,,,부산 부산진구,,학력무관,2026-09-08 14:35:25
https://job.career.co.kr/recruit/view/22166412,,,,,,,정규직,주5일근무,월급,,,부산 금정구,,학력무관,2026-09-08 14:35:26
https://job.career.co.kr/recruit/view/22166411,,,,,,,정규직,주5일근무,시급,,,부산 사하구,,학력무관,2026-09-08 14:35:26
https://job.career.co.kr/recruit/view/22166410,,,,,,,정규직,주5일근무,시급,,,부산 사하구,,학력무관,2026-09-08 14:35:26
https://job.career.co.kr/recruit/view/22166409,,,,,,,정규직,주5일근무,시급,,,부산 사하구,,학력무관,2026-09-08 14:35:27
https://job.career.co.kr/recruit/view/22166408,,,,,,,정규직,주5일근무,월급,,,부산 사하구,,학력무관,2026-09-08 14:35:27
https://job.career.co.kr/recruit/view/22166407,,,,,,,정규직,주5일근무,월급,,,부산 사하구,,학력무관,2026-09-08 14:35:27
https://job.career.co.kr/recruit/view/22166406,,,,,,,정규직,주5일근무,시급,,,부산 사하구,,학력무관,2026-09-08 14:35:28
https://job.career.co.kr/recruit/view/22166405,,,,,,,정규직,주5일근무,시급,,,부산 사하구,,학력무관,2026-09-08 14:35:28
https://job.career.co.kr/recruit/view/22166404,,,,,,,정규직,주5일근무,월급,,,부산 사하구,,학력무관,2026-09-08 14:35:28
https://job.career.co.kr/recruit/view/22166403,,,,,,,정규직,주5일근무,연봉,,,부산 사하구,,학력무관,2026-09-08 14:35:29
https://job.career.co.kr/recruit/view/22166402,,,,,,,정규직,주5일근무,시급,,,부산 사하구,,학력무관,2026-09-08 14:35:29
https://job.career.co.kr/recruit/view/22166401,,,,,,,정규직,주5일근무,월급,,,부산 사하구,,학력무관,2026-09-08 14:35:29
https://job.career.co.kr/recruit/view/22166400,,,,,,,정규직,주5일근무,연봉,,,부산 강서구,,학력무관,2026-09-08 14:35:30
https://job.career.co.kr/recruit/view/22166399,,,,,,,정규직,주5일근무,연봉,,,부산 부산진구,,학력무관,2026-09-08 14:35:30
https://job.career.co.kr/recruit/view/22166398,,,,,,,정규직,주5일근무,연봉,,,부산 동구,,학력무관,2026-09-08 14:35:30
https://job.career.co.kr/recruit/view/22166397,,,,,,,정규직,주5일근무,연봉,,,부산 동구,,학력무관,2026-09-08 14:35:31
https://job.career.co.kr/recruit/view/22166396,,,,,,,정규직,주5일근무,월급,,,부산 남구,,학력무관,2026-09-08 14:35:31
https://job.career.co.kr/recruit/view/22166395,,,,,,,계약직,주5일근무,월급,,,부산 서구,,학력무관,2026-09-08 14:35:31
https://job.career.co.kr/recruit/view/22166394,,,,,,,정규직,주5일근무,시급,,,부산 남구,,학력무관,2026-09-08 14:35:32
https://job.career.co.kr/recruit/view/22166393,,,,,,,정규직,주5일근무,시급,,,부산 해운대구,,학력무관,2026-09-08 14:35:32
https://job.career.co.kr/recruit/view/22166392,,,,,,,계약직,주5일근무,연봉,,,부산 서구,,학력무관,2026-09-08 14:35:32
https://job.career.co.kr/recruit/view/22166391,,,,,,,계약직,주5일근무,시급,,,부산 남구,,학력무관,2026-09-08 14:35:33
https://job.career.co.kr/recruit/view/22166390,,,,,,,정규직,주4일근무,시급,,,부산 부산진구,,학력무관,2026-09-08 14:35:33
https://job.career.co.kr/recruit/view/22166389,,,,,,,정규직,주5일근무,연봉,,,부산 영도구,,학력무관,2026-09-08 14:35:33
https://job.career.co.kr/recruit/view/22166388,,,,,,,정규직,주5일근무,시급,,,부산 연제구,,학력무관,2026-09-08 14:35:34
https://job.career.co.kr/recruit/view/22166387,,,,,,,계약직,주5일근무,월급,,,부산 남구,,학력무관,2026-09-08 14:35:34
https://job.career.co.kr/recruit/view/22166386,,,,,,,정규직,주5일근무,시급,,,부산 동래구,,학력무관,2026-09-08 14:35:34
https://job.career.co.kr/recruit/view/22166385,,,,,,,정규직,주6일근무,시급,,,부산 해운대구,,학력무관,2026-09-08 14:35:35
https://job.career.co.kr/recruit/view/22166384,,,,,,,정규직,주5일근무,월급,,,부산 동구,,학력무관,2026-09-08 14:35:35
https://job.career.co.kr/recruit/view/22166383,,,,,,,정규직,주5일근무,시급,,,부산 부산진구,,학력무관,2026-09-08 14:35:35
https://job.career.co.kr/recruit/view/22166382,,,,,,,계약직,주3일근무,월급,,,부산 동구,,학력무관,2026-09-08 14:35:36
https://job.career.co.kr/recruit/view/22166381,,,,,,,정규직,주5일근무,월급,,,부산 영도구,,학력무관,2026-09-08 14:35:36
https://job.career.co.kr/recruit/view/22166380,,,,,,,정규직,주5일근무,시급,,,부산 서구,,학력무관,2026-09-08 14:35:36
https://job.career.co.kr/recruit/view/22166379,,,,,,,정규직,주4일근무,연봉,,,부산 연제구,,학력무관,2026-09-08 14:35:37
https://job.career.co.kr/recruit/view/22166378,,,,,,,계약직,주5일근무,월급,,,부산 부산진구,,학력무관,2026-09-08 14:35:37
https://job.career.co.kr/recruit/view/22166377,,,,,,,정규직,주5일근무,월급,,,부산 남구,,학력무관,2026-09-08 14:35:37
https://job.career.co.kr/recruit/view/22166376,,,,,,,계약직,주4일근무,월급,,,부산 사하구,,학력무관,2026-09-08 14:35:38
https://job.career.co.kr/recruit/view/22166374,,,,,,,정규직,주6일근무,월급,,,부산 중구,,학력무관,2026-09-08 14:35:38
https://job.career.co.kr/recruit/view/22166373,,,,,,,정규직,주6일근무,월급,,,부산 남구,,학력무관,2026-09-08 14:35:38
https://job.career.co.kr/recruit/view/22166372,,,,,,,정규직,주3일근무,시급,,,부산 영도구,,학력무관,2026-09-08 14:35:39
https://job.career.co.kr/recruit/view/22166371,,,,,,,정규직,주6일근무,연봉,,,부산 서구,,학력무관,2026-09-08 14:35:39
https://job.career.co.kr/recruit/view/22166370,,,,,,,계약직,주5일근무,월급,,,부산 서구,,학력무관,2026-09-08 14:35:39
https://job.career.co.kr/recruit/view/22166369,,,,,,,계약직,주5일근무,월급,,,부산 서구,,학력무관,2026-09-08 14:35:40
https://job.career.co.kr/recruit/view/22166368,,,,,,,계약직,주3일근무,월급,,,부산 부산진구,,학력무관,2026-09-08 14:35:40
https://job.career.co.kr/recruit/view/22166367,,,,,,,정규직,주6일근무,시급,,,부산 남구,,학력무관,2026-09-08 14:35:40
https://job.career.co.kr/recruit/view/22166366,,,,,,,정규직,주5일근무,월급,,,부산 남구,,학력무관,2026-09-08 14:35:41
https://job.career.co.kr/recruit/view/22166365,,,,,,,정규직,주5일근무,월급,,,부산 남구,,학력무관,2026-09-08 14:35:41
https://job.career.co.kr/recruit/view/22166364,,,,,,,정규직,주5일근무,월급,,,부산 동구,,대학교(4년) 졸업 이상,2026-09-08 14:35:41
https://job.career.co.kr/recruit/view/22166363,,,,,,,계약직,주5일근무,시급,,,부산 남구,,학력무관,2026-09-08 14:35:42
https://job.career.co.kr/recruit/view/22166362,,,,,,,계약직,주5일근무,월급,,,부산 부산진구,,학력무관,2026-09-08 14:35:42
https://job.career.co.kr/recruit/view/22166359,,,,,,,정규직,주4일근무,시급,,,부산 영도구,,학력무관,2026-09-08 14:35:42
https://job.career.co.kr/recruit/view/22166358,,,,,,,정규직,주5일근무,연봉,,,부산 연제구,,"대학(2,3년) 졸업 이상",2026-09-08 14:35:43
https://job.career.co.kr/recruit/view/22166356,,,,,,,계약직,주5일근무,시급,,,부산 서구,,학력무관,2026-09-08 14:35:43
https://job.career.co.kr/recruit/view/22166281,,,,,,,계약직,주5일근무,월급,,,부산 동래구,,학력무관,2026-09-08 14:35:43
https://job.career.co.kr/recruit/view/22166156,,,,,,,계약직,주5일근무,월급,,,부산 기장군,,학력무관,2026-09-08 14:35:44
https://job.career.co.kr/recruit/view/22165900,,,,,,,계약직,주5일근무,일급,,,부산 남구,,학력무관,2026-09-08 14:35:44
https://job.career.co.kr/recruit/view/22165898,,,,,,,정규직,주5일근무,시급,,,부산 북구,,학력무관,2026-09-08 14:35:44
https://job.career.co.kr/recruit/view/22165897,,,,,,,정규직,주5일근무,연봉,,,부산 사하구,,"대학(2,3년) 졸업 이상",2026-09-08 14:35:45
https://job.career.co.kr/recruit/view/22165895,,,,,,,계약직,주5일근무,시급,,,부산 사상구,,학력무관,2026-09-08 14:35:45
https://job.career.co.kr/recruit/view/22165894,,,,,,,계약직,주6일근무,월급,,,부산 사상구,,학력무관,2026-09-08 14:35:45
https://job.career.co.kr/recruit/view/22165893,,,,,,,정규직,주5일근무,연봉,,,부산 사상구,,"대학(2,3년) 졸업 이상",2026-09-08 14:35:46
https://job.career.co.kr/recruit/view/22165892,,,,,,,정규직,주5일근무,월급,,,부산 북구,,학력무관,2026-09-08 14:35:46
https://job.career.co.kr/recruit/view/22165891,,,,,,,계약직,주4일근무,월급,,,부산 북구,,학력무관,2026-09-08 14:35:46
https://job.career.co.kr/recruit/view/22165890,,,,,,,계약직,주5일근무,시급,,,부산 부산진구,,학력무관,2026-09-08 14:35:47
https://job.career.co.kr/recruit/view/22165889,,,,,,,정규직,주3일근무,시급,,,부산 부산진구,,학력무관,2026-09-08 14:35:47
https://job.career.co.kr/recruit/view/22165888,,,,,,,정규직,주6일근무,시급,,,부산 부산진구,,학력무관,2026-09-08 14:35:47
https://job.career.co.kr/recruit/view/22165887,,,,,,,정규직,주3일근무,시급,,,부산 부산진구,,학력무관,2026-09-08 14:35:48
https://job.career.co.kr/recruit/view/22165886,,,,,,,정규직,주3일근무,시급,,,부산 남구,,학력무관,2026-09-08 14:35:48
https://job.career.co.kr/recruit/view/22165885,,,,,,,계약직,주5일근무,연봉,,,부산 부산진구,,학력무관,2026-09-08 14:35:48
https://job.career.co.kr/recruit/view/22165884,,,,,,,정규직,주6일근무,시급,,,부산 부산진구,,학력무관,2026-09-08 14:35:49
https://job.career.co.kr/recruit/view/22165883,,,,,,,정규직,주5일근무,시급,,,부산 부산진구,,학력무관,2026-09-08 14:35:49
https://job.career.co.kr/recruit/view/22165882,,,,,,,정규직,주4일근무,시급,,,부산 남구,,학력무관,2026-09-08 14:35:49
https://job.career.co.kr/recruit/view/22165881,,,,,,,정규직,주6일근무,월급,,,부산 기장군,,학력무관,2026-09-08 14:35:50
https://job.career.co.kr/recruit/view/22165880,,,,,,,계약직,주5일근무,시급,,,부산 강서구,,학력무관,2026-09-08 14:35:50
https://job.career.co.kr/recruit/view/22165602,,,,,,,정규직,주3일근무,시급,,,부산 부산진구,,학력무관,2026-09-08 14:35:50
https://job.career.co.kr/recruit/view/22165601,,,,,,,계약직,주4일근무,월급,,,부산 남구,,학력무관,2026-09-08 14:35:51
https://job.career.co.kr/recruit/view/22165600,,,,,,,정규직,주5일근무,월급,,,부산 해운대구,,학력무관,2026-09-08 14:35:51
https://job.career.co.kr/recruit/view/22165599,,,,,,,정규직,주5일근무,시급,,,부산 강서구,,학력무관,2026-09-08 14:35:51
https://job.career.co.kr/recruit/view/22165598,,,,,,,정규직,주5일근무,시급,,,부산 강서구,,학력무관,2026-09-08 14:35:52
https://job.career.co.kr/recruit/view/22165597,,,,,,,정규직,주5일근무,연봉,,,부산 강서구,,학력무관,2026-09-08 14:35:52
https://job.career.co.kr/recruit/view/22165595,,,,,,,계약직,주5일근무,시급,,,부산 부산진구,,학력무관,2026-09-08 14:35:52
https://job.career.co.kr/recruit/view/22165594,,,,,,,계약직,주5일근무,일급,,,부산 남구,,학력무관,2026-09-08 14:35:53
https://job.career.co.kr/recruit/view/22165592,,,,,,,정규직,주5일근무,시급,,,부산 사하구,,학력무관,2026-09-08 14:35:53
https://job.career.co.kr/recruit/view/22165591,,,,,,,계약직,주6일근무,시급,,,부산 연제구,,학력무관,2026-09-08 14:35:53
https://job.career.co.kr/recruit/view/22165590,,,,,,,정규직,주5일근무,시급,,,부산 수영구,,학력무관,2026-09-08 14:35:54
https://job.career.co.kr/recruit/view/22165511,,,,,,,계약직,주6일근무,월급,,,부산 동래구,,학력무관,2026-09-08 14:35:54
https://job.career.co.kr/recruit/view/22165510,,,,,,,계약직,주4일근무,시급,,,부산 북구,,학력무관,2026-09-08 14:35:54
https://job.career.co.kr/recruit/view/22165509,,,,,,,정규직,주5일근무,시급,,,부산 영도구,,학력무관,2026-09-08 14:35:55
https://job.career.co.kr/recruit/view/22165508,,,,,,,정규직,주6일근무,시급,,,부산 남구,,학력무관,2026-09-08 14:35:55
https://job.career.co.kr/recruit/view/22165507,,,,,,,정규직,주5일근무,시급,,,부산 부산진구,,학력무관,2026-09-08 14:35:55
https://job.career.co.kr/recruit/view/22165506,,,,,,,정규직,주5일근무,시급,,,부산 부산진구,,학력무관,2026-09-08 14:35:56
https://job.career.co.kr/recruit/view/22165505,,,,,,,정규직,주5일근무,시급,,,부산 부산진구,,학력무관,2026-09-08 14:35:56
https://job.career.co.kr/recruit/view/22165437,,,,,,,정규직,학력,시급,,,부산 중구,,"대학(2,3년) 졸업 이상",2026-09-08 14:35:56
https://job.career.co.kr/recruit/view/22165423,,,,,,,정규직,주5일근무,시급,,,부산 사하구,,학력무관,2026-09-08 14:35:57
https://job.career.co.kr/recruit/view/22165356,,,,,,,정규직,주5일근무,시급,,,부산 금정구,,학력무관,2026-09-08 14:35:57
https://job.career.co.kr/recruit/view/22165355,,,,,,,계약직,주5일근무,시급,,,부산 동래구,,학력무관,2026-09-08 14:35:57
https://job.career.co.kr/recruit/view/22165354,,,,,,,계약직,주5일근무,월급,,,부산 기장군,,학력무관,2026-09-08 14:35:58
https://job.career.co.kr/recruit/view/22165353,,,,,,,정규직,주5일근무,시급,,,부산 강서구,,학력무관,2026-09-08 14:35:58
https://job.career.co.kr/recruit/view/22165352,,,,,,,정규직,주5일근무,월급,,,부산 동래구,,학력무관,2026-09-08 14:35:58
https://job.career.co.kr/recruit/view/22165351,,,,,,,정규직,주5일근무,연봉,,,부산 사상구,,학력무관,2026-09-08 14:35:59
https://job.career.co.kr/recruit/view/22165350,,,,,,,정규직,주5일근무,월급,,,부산 강서구,,학력무관,2026-09-08 14:35:59
https://job.career.co.kr/recruit/view/22165349,,,,,,,정규직,주5일근무,시급,,,부산 남구,,학력무관,2026-09-08 14:35:59
https://job.career.co.kr/recruit/view/22165348,,,,,,,계약직,주5일근무,월급,,,부산 강서구,,고등학교 졸업 이상,2026-09-08 14:36:00
https://job.career.co.kr/recruit/view/22165346,,,,,,,정규직,주3일근무,시급,,,부산 금정구,,학력무관,2026-09-08 14:36:00
https://job.career.co.kr/recruit/view/22165345,,,,,,,정규직,주3일근무,시급,,,부산 금정구,,학력무관,2026-09-08 14:36:00
https://job.career.co.kr/recruit/view/22165344,,,,,,,정규직,주6일근무,시급,,,부산 금정구,,학력무관,2026-09-08 14:36:01
https://job.career.co.kr/recruit/view/22165279,,,,,,,계약직,주5일근무,시급,,,부산 남구,,학력무관,2026-09-08 14:36:01
https://job.career.co.kr/recruit/view/22165278,,,,,,,정규직,주3일근무,시급,,,부산 동구,,학력무관,2026-09-08 14:36:01
https://job.career.co.kr/recruit/view/22165277,,,,,,,정규직,주5일근무,시급,,,부산 동구,,학력무관,2026-09-08 14:36:02
https://job.career.co.kr/recruit/view/22165276,,,,,,,정규직,주5일근무,월급,,,부산 강서구,,학력무관,2026-09-08 14:36:02
https://job.career.co.kr/recruit/view/22165275,,,,,,,정규직,주5일근무,월급,,,부산 사하구,,"대학(2,3년) 졸업 이상",2026-09-08 14:36:02
https://job.career.co.kr/recruit/view/22165274,,,,,,,정규직,주3일근무,시급,,,부산 해운대구,,학력무관,2026-09-08 14:36:03
https://job.career.co.kr/recruit/view/22165273,,,,,,,계약직,주3일근무,시급,,,부산 사상구,,학력무관,2026-09-08 14:36:03
https://job.career.co.kr/recruit/view/22165093,,,,,,,계약직,주4일근무,월급,,,부산 해운대구,,학력무관,2026-09-08 14:36:03
https://job.career.co.kr/recruit/view/22164877,,,,,,,계약직,주6일근무,월급,,,부산 해운대구,,학력무관,2026-09-08 14:36:04
https://job.career.co.kr/recruit/view/22163641,,,,,,,계약직,주6일근무,월급,,,부산 동래구,,학력무관,2026-09-08 14:36:04
https://job.career.co.kr/recruit/view/22163215,,,,,,,정규직,주5일근무,월급,,,부산 사하구,,학력무관,2026-09-08 14:36:05
https://job.career.co.kr/recruit/view/22163287,,,,,,,계약직,주5일근무,시급,,,부산 기장군,,학력무관,2026-09-08 14:36:05
https://job.career.co.kr/recruit/view/22163213,,,,,,,정규직,주6일근무,월급,,,부산 강서구,,학력무관,2026-09-08 14:36:05
https://job.career.co.kr/recruit/view/22163167,,,,,,,정규직,주5일근무,시급,,,부산 강서구,,학력무관,2026-09-08 14:36:05
https://job.career.co.kr/recruit/view/22163166,,,,,,,정규직,주5일근무,시급,,,부산 강서구,,학력무관,2026-09-08 14:36:06
https://job.career.co.kr/recruit/view/22163165,,,,,,,정규직,주5일근무,월급,,,부산 강서구,,학력무관,2026-09-08 14:36:06
https://job.career.co.kr/recruit/view/22163162,,,,,,,정규직,주5일근무,시급,,,부산 강서구,,학력무관,2026-09-08 14:36:06
https://job.career.co.kr/recruit/view/22163161,,,,,,,정규직,주5일근무,월급,,,부산 사상구,,학력무관,2026-09-08 14:36:07
https://job.career.co.kr/recruit/view/22163160,,,,,,,정규직,학력,시급,,,부산 사상구,,학력무관,2026-09-08 14:36:07
https://job.career.co.kr/recruit/view/22163159,,,,,,,정규직,주5일근무,월급,,,부산 강서구,,학력무관,2026-09-08 14:36:07
https://job.career.co.kr/recruit/view/22163158,,,,,,,정규직,주5일근무,연봉,,,부산 강서구,,학력무관,2026-09-08 14:36:08
https://job.career.co.kr/recruit/view/22163157,,,,,,,정규직,주5일근무,월급,,,부산 사상구,,학력무관,2026-09-08 14:36:08
https://job.career.co.kr/recruit/view/22163156,,,,,,,계약직,주5일근무,시급,,,부산 강서구,,학력무관,2026-09-08 14:36:08
https://job.career.co.kr/recruit/view/22163155,,,,,,,정규직,주5일근무,시급,,,부산 강서구,,학력무관,2026-09-08 14:36:09
https://job.career.co.kr/recruit/view/22163154,,,,,,,정규직,주5일근무,월급,,,부산 강서구,,학력무관,2026-09-08 14:36:09
https://job.career.co.kr/recruit/view/22163153,,,,,,,정규직,주5일근무,시급,,,부산 북구,,학력무관,2026-09-08 14:36:09
https://job.career.co.kr/recruit/view/22163152,,,,,,,정규직,주5일근무,월급,,,부산 사상구,,학력무관,2026-09-08 14:36:10
https://job.career.co.kr/recruit/view/22163151,,,,,,,정규직,주5일근무,연봉,,,부산 강서구,,학력무관,2026-09-08 14:36:10
https://job.career.co.kr/recruit/view/22163150,,,,,,,정규직,주5일근무,일급,,,부산 강서구,,학력무관,2026-09-08 14:36:10
https://job.career.co.kr/recruit/view/22163149,,,,,,,정규직,주5일근무,연봉,,,부산 강서구,,학력무관,2026-09-08 14:36:11
https://job.career.co.kr/recruit/view/22163148,,,,,,,계약직,주5일근무,월급,,,부산 강서구,,학력무관,2026-09-08 14:36:11
https://job.career.co.kr/recruit/view/22163147,,,,,,,정규직,주3일근무,시급,,,부산 북구,,학력무관,2026-09-08 14:36:11
https://job.career.co.kr/recruit/view/22163146,,,,,,,계약직,학력,일급,,,부산 강서구,,학력무관,2026-09-08 14:36:12
https://job.career.co.kr/recruit/view/22163142,,,,,,,정규직,주6일근무,월급,,,부산 사상구,,학력무관,2026-09-08 14:36:12
https://job.career.co.kr/recruit/view/22163141,,,,,,,계약직,주5일근무,월급,,,부산 강서구,,학력무관,2026-09-08 14:36:12
https://job.career.co.kr/recruit/view/22163140,,,,,,,정규직,주6일근무,월급,,,부산 사상구,,학력무관,2026-09-08 14:36:13
https://job.career.co.kr/recruit/view/22163139,,,,,,,정규직,주5일근무,시급,,,부산 강서구,,학력무관,2026-09-08 14:36:13
https://job.career.co.kr/recruit/view/22163138,,,,,,,정규직,주6일근무,월급,,,부산 사상구,,학력무관,2026-09-08 14:36:13
https://job.career.co.kr/recruit/view/22163136,,,,,,,계약직,주6일근무,시급,,,부산 동래구,,학력무관,2026-09-08 14:36:14
https://job.career.co.kr/recruit/view/22163134,,,,,,,정규직,주5일근무,월급,,,부산 강서구,,학력무관,2026-09-08 14:36:14
https://job.career.co.kr/recruit/view/22163133,,,,,,,정규직,주5일근무,월급,,,부산 북구,,학력무관,2026-09-08 14:36:14
https://job.career.co.kr/recruit/view/22163132,,,,,,,계약직,주5일근무,월급,,,부산 북구,,학력무관,2026-09-08 14:36:15
https://job.career.co.kr/recruit/view/22163131,,,,,,,계약직,주5일근무,월급,,,부산 북구,,학력무관,2026-09-08 14:36:15
https://job.career.co.kr/recruit/view/22163130,,,,,,,정규직,주6일근무,월급,,,부산 영도구,,학력무관,2026-09-08 14:36:15
https://job.career.co.kr/recruit/view/22163129,,,,,,,정규직,주5일근무,월급,,,부산 강서구,,고등학교 졸업 이상,2026-09-08 14:36:16
https://job.career.co.kr/recruit/view/22163128,,,,,,,정규직,주5일근무,월급,,,부산 강서구,,고등학교 졸업 이상,2026-09-08 14:36:16
https://job.career.co.kr/recruit/view/22163127,,,,,,,정규직,주5일근무,월급,,,부산 강서구,,학력무관,2026-09-08 14:36:16
https://job.career.co.kr/recruit/view/22163125,,,,,,,정규직,주5일근무,연봉,,,부산 사상구,,학력무관,2026-09-08 14:36:17
https://job.career.co.kr/recruit/view/22163124,,,,,,,정규직,주5일근무,월급,,,부산 강서구,,학력무관,2026-09-08 14:36:17
https://job.career.co.kr/recruit/view/22163123,,,,,,,정규직,주5일근무,월급,,,부산 강서구,,학력무관,2026-09-08 14:36:17
https://job.career.co.kr/recruit/view/22163121,,,,,,,계약직,주6일근무,월급,,,부산 강서구,,"대학(2,3년) 졸업 이상",2026-09-08 14:36:18
https://job.career.co.kr/recruit/view/22163120,,,,,,,계약직,주5일근무,월급,,,부산 강서구,,학력무관,2026-09-08 14:36:18
https://job.career.co.kr/recruit/view/22163119,,,,,,,정규직,주5일근무,연봉,,,부산 강서구,,학력무관,2026-09-08 14:36:18
https://job.career.co.kr/recruit/view/22163118,,,,,,,계약직,주5일근무,월급,,,부산 강서구,,학력무관,2026-09-08 14:36:19
https://job.career.co.kr/recruit/view/22163117,,,,,,,계약직,주5일근무,월급,,,부산 강서구,,학력무관,2026-09-08 14:36:19
https://job.career.co.kr/recruit/view/22163115,,,,,,,정규직,주5일근무,월급,,,부산 강서구,,학력무관,2026-09-08 14:36:19
https://job.career.co.kr/recruit/view/22163114,,,,,,,정규직,주5일근무,시급,,,부산 북구,,학력무관,2026-09-08 14:36:20
https://job.career.co.kr/recruit/view/22163113,,,,,,,정규직,주5일근무,연봉,,,부산 사상구,,고등학교 졸업 이상,2026-09-08 14:36:20
https://job.career.co.kr/recruit/view/22163112,,,,,,,정규직,주5일근무,월급,,,부산 강서구,,학력무관,2026-09-08 14:36:20
https://job.career.co.kr/recruit/view/22163111,,,,,,,정규직,주5일근무,월급,,,부산 강서구,,학력무관,2026-09-08 14:36:21
https://job.career.co.kr/recruit/view/22163109,,,,,,,정규직,주5일근무,월급,,,부산 강서구,,학력무관,2026-09-08 14:36:21
https://job.career.co.kr/recruit/view/22163108,,,,,,,정규직,주5일근무,월급,,,부산 사상구,,대학교(4년) 졸업 이상,2026-09-08 14:36:21
https://job.career.co.kr/recruit/view/22163107,,,,,,,정규직,주5일근무,일급,,,부산 강서구,,학력무관,2026-09-08 14:36:22
https://job.career.co.kr/recruit/view/22163106,,,,,,,정규직,주5일근무,월급,,,부산 강서구,,학력무관,2026-09-08 14:36:22
https://job.career.co.kr/recruit/view/22163105,,,,,,,정규직,주5일근무,월급,,,부산 강서구,,학력무관,2026-09-08 14:36:22
https://job.career.co.kr/recruit/view/22163104,,,,,,,정규직,주5일근무,월급,,,부산 기장군,,학력무관,2026-09-08 14:36:23
https://job.career.co.kr/recruit/view/22163103,,,,,,,정규직,주5일근무,시급,,,부산 기장군,,학력무관,2026-09-08 14:36:23
https://job.career.co.kr/recruit/view/22163102,,,,,,,정규직,주5일근무,월급,,,부산 기장군,,학력무관,2026-09-08 14:36:23
https://job.career.co.kr/recruit/view/22163100,,,,,,,정규직,주5일근무,시급,,,부산 수영구,,학력무관,2026-09-08 14:36:24
https://job.career.co.kr/recruit/view/22163099,,,,,,,계약직,학력,시급,,,부산 금정구,,학력무관,2026-09-08 14:36:24
https://job.career.co.kr/recruit/view/22163098,,,,,,,정규직,주3일근무,시급,,,부산 부산진구,,학력무관,2026-09-08 14:36:24
https://job.career.co.kr/recruit/view/22163096,,,,,,,계약직,주5일근무,월급,,,부산 강서구,,학력무관,2026-09-08 14:36:25
https://job.career.co.kr/recruit/view/22163095,,,,,,,정규직,학력,시급,,,부산 금정구,,학력무관,2026-09-08 14:36:25
https://job.career.co.kr/recruit/view/22163092,,,,,,,정규직,주5일근무,시급,,,부산 기장군,,학력무관,2026-09-08 14:36:25
https://job.career.co.kr/recruit/view/22163091,,,,,,,정규직,주3일근무,시급,,,부산 부산진구,,학력무관,2026-09-08 14:36:26
https://job.career.co.kr/recruit/view/22163090,,,,,,,정규직,주5일근무,연봉,,,부산 기장군,,학력무관,2026-09-08 14:36:26
https://job.career.co.kr/recruit/view/22163089,,,,,,,정규직,주5일근무,시급,,,부산 동래구,,학력무관,2026-09-08 14:36:26
https://job.career.co.kr/recruit/view/22163088,,,,,,,정규직,주5일근무,월급,,,부산 해운대구,,학력무관,2026-09-08 14:36:27
https://job.career.co.kr/recruit/view/22163087,,,,,,,정규직,주5일근무,월급,,,부산 금정구,,학력무관,2026-09-08 14:36:27
https://job.career.co.kr/recruit/view/22163086,,,,,,,계약직,주5일근무,연봉,,,부산 기장군,,학력무관,2026-09-08 14:36:27
https://job.career.co.kr/recruit/view/22163083,,,,,,,정규직,주5일근무,월급,,,부산 금정구,,학력무관,2026-09-08 14:36:28
https://job.career.co.kr/recruit/view/22163082,,,,,,,계약직,주5일근무,월급,,,부산 수영구,,학력무관,2026-09-08 14:36:28
https://job.career.co.kr/recruit/view/22163081,,,,,,,계약직,주5일근무,월급,,,부산 부산진구,,학력무관,2026-09-08 14:36:28
https://job.career.co.kr/recruit/view/22163079,,,,,,,정규직,주5일근무,월급,,,부산 기장군,,학력무관,2026-09-08 14:36:29
https://job.career.co.kr/recruit/view/22163078,,,,,,,정규직,주4일근무,월급,,,부산 수영구,,학력무관,2026-09-08 14:36:29
https://job.career.co.kr/recruit/view/22163077,,,,,,,정규직,주5일근무,월급,,,부산 기장군,,학력무관,2026-09-08 14:36:29
https://job.career.co.kr/recruit/view/22163076,,,,,,,정규직,주6일근무,연봉,,,부산 금정구,,학력무관,2026-09-08 14:36:30
https://job.career.co.kr/recruit/view/22163075,,,,,,,정규직,주5일근무,시급,,,부산 수영구,,학력무관,2026-09-08 14:36:30
https://job.career.co.kr/recruit/view/22163074,,,,,,,정규직,주5일근무,월급,,,부산 동래구,,학력무관,2026-09-08 14:36:30
https://job.career.co.kr/recruit/view/22163072,,,,,,,계약직,주5일근무,월급,,,부산 동래구,,"대학(2,3년) 졸업 이상",2026-09-08 14:36:31
https://job.career.co.kr/recruit/view/22163071,,,,,,,정규직,주6일근무,시급,,,부산 동래구,,학력무관,2026-09-08 14:36:31
https://job.career.co.kr/recruit/view/22163070,,,,,,,정규직,주5일근무,월급,,,부산 기장군,,학력무관,2026-09-08 14:36:31
https://job.career.co.kr/recruit/view/22163069,,,,,,,정규직,주5일근무,월급,,,부산 기장군,,학력무관,2026-09-08 14:36:32
https://job.career.co.kr/recruit/view/22163068,,,,,,,정규직,주5일근무,시급,,,부산 금정구,,학력무관,2026-09-08 14:36:32
https://job.career.co.kr/recruit/view/22163067,,,,,,,정규직,주5일근무,월급,,,부산 기장군,,학력무관,2026-09-08 14:36:32
https://job.career.co.kr/recruit/view/22163066,,,,,,,정규직,주3일근무,시급,,,부산 수영구,,학력무관,2026-09-08 14:36:33
https://job.career.co.kr/recruit/view/22163065,,,,,,,정규직,주5일근무,시급,,,부산 동구,,학력무관,2026-09-08 14:36:33
https://job.career.co.kr/recruit/view/22163064,,,,,,,계약직,주5일근무,월급,,,부산 강서구,,학력무관,2026-09-08 14:36:33
https://job.career.co.kr/recruit/view/22163063,,,,,,,정규직,주6일근무,월급,,,부산 해운대구,,학력무관,2026-09-08 14:36:34
https://job.career.co.kr/recruit/view/22163061,,,,,,,정규직,주5일근무,월급,,,부산 동래구,,학력무관,2026-09-08 14:36:34
https://job.career.co.kr/recruit/view/22163059,,,,,,,정규직,주6일근무,월급,,,부산 수영구,,학력무관,2026-09-08 14:36:34
https://job.career.co.kr/recruit/view/22163057,,,,,,,계약직,주5일근무,시급,,,부산 기장군,,학력무관,2026-09-08 14:36:35
https://job.career.co.kr/recruit/view/22163056,,,,,,,정규직,주5일근무,시급,,,부산 기장군,,학력무관,2026-09-08 14:36:35
https://job.career.co.kr/recruit/view/22163055,,,,,,,정규직,주6일근무,월급,,,부산 기장군,,학력무관,2026-09-08 14:36:35
https://job.career.co.kr/recruit/view/22163054,,,,,,,정규직,학력,시급,,,부산 동래구,,학력무관,2026-09-08 14:36:36
https://job.career.co.kr/recruit/view/22163053,,,,,,,정규직,주5일근무,월급,,,부산 기장군,,학력무관,2026-09-08 14:36:36
https://job.career.co.kr/recruit/view/22163052,,,,,,,정규직,주5일근무,월급,,,부산 기장군,,학력무관,2026-09-08 14:36:36
https://job.career.co.kr/recruit/view/22163051,,,,,,,계약직,주5일근무,월급,,,부산 해운대구,,학력무관,2026-09-08 14:36:37
https://job.career.co.kr/recruit/view/22163050,,,,,,,정규직,주5일근무,월급,,,부산 기장군,,학력무관,2026-09-08 14:36:37
https://job.career.co.kr/recruit/view/22163048,,,,,,,계약직,주5일근무,월급,,,부산 사하구,,학력무관,2026-09-08 14:36:37
https://job.career.co.kr/recruit/view/22163047,,,,,,,정규직,주5일근무,연봉,,,부산 사하구,,학력무관,2026-09-08 14:36:38
https://job.career.co.kr/recruit/view/22163046,,,,,,,정규직,주5일근무,월급,,,부산 사하구,,학력무관,2026-09-08 14:36:38
https://job.career.co.kr/recruit/view/22163045,,,,,,,정규직,주5일근무,시급,,,부산 사하구,,학력무관,2026-09-08 14:36:38
https://job.career.co.kr/recruit/view/22163044,,,,,,,정규직,주6일근무,월급,,,부산 사하구,,학력무관,2026-09-08 14:36:39
https://job.career.co.kr/recruit/view/22163043,,,,,,,정규직,주5일근무,월급,,,부산 사하구,,학력무관,2026-09-08 14:36:39
https://job.career.co.kr/recruit/view/22163042,,,,,,,계약직,주5일근무,월급,,,부산 사하구,,학력무관,2026-09-08 14:36:39
https://job.career.co.kr/recruit/view/22163041,,,,,,,계약직,주5일근무,월급,,,부산 사하구,,학력무관,2026-09-08 14:36:40
https://job.career.co.kr/recruit/view/22163040,,,,,,,계약직,주5일근무,연봉,,,부산 사하구,,학력무관,2026-09-08 14:36:40
https://job.career.co.kr/recruit/view/22163039,,,,,,,계약직,주6일근무,월급,,,부산 사하구,,학력무관,2026-09-08 14:36:40
https://job.career.co.kr/recruit/view/22163037,,,,,,,정규직,주5일근무,시급,,,부산 사하구,,학력무관,2026-09-08 14:36:41
https://job.career.co.kr/recruit/view/22163036,,,,,,,정규직,주5일근무,연봉,,,부산 사하구,,학력무관,2026-09-08 14:36:41
https://job.career.co.kr/recruit/view/22163035,,,,,,,정규직,주5일근무,월급,,,부산 사하구,,학력무관,2026-09-08 14:36:41
https://job.career.co.kr/recruit/view/22163033,,,,,,,정규직,주5일근무,월급,,,부산 사하구,,학력무관,2026-09-08 14:36:42
https://job.career.co.kr/recruit/view/22163032,,,,,,,정규직,주5일근무,월급,,,부산 사하구,,학력무관,2026-09-08 14:36:42
https://job.career.co.kr/recruit/view/22163031,,,,,,,정규직,주6일근무,월급,,,부산 부산진구,,고등학교 졸업 이상,2026-09-08 14:36:42
https://job.career.co.kr/recruit/view/22163030,,,,,,,계약직,주5일근무,월급,,,부산 동구,,학력무관,2026-09-08 14:36:43
https://job.career.co.kr/recruit/view/22163029,,,,,,,정규직,주3일근무,시급,,,부산 동래구,,학력무관,2026-09-08 14:36:43
https://job.career.co.kr/recruit/view/22163028,,,,,,,정규직,주5일근무,시급,,,부산 남구,,학력무관,2026-09-08 14:36:43
https://job.career.co.kr/recruit/view/22163027,,,,,,,정규직,주5일근무,월급,,,부산 남구,,학력무관,2026-09-08 14:36:44
https://job.career.co.kr/recruit/view/22163026,,,,,,,정규직,주3일근무,시급,,,부산 사하구,,학력무관,2026-09-08 14:36:44
https://job.career.co.kr/recruit/view/22163025,,,,,,,정규직,주5일근무,시급,,,부산 사하구,,학력무관,2026-09-08 14:36:44
https://job.career.co.kr/recruit/view/22163024,,,,,,,정규직,주5일근무,월급,,,부산 동구,,학력무관,2026-09-08 14:36:45
https://job.career.co.kr/recruit/view/22163023,,,,,,,정규직,주5일근무,월급,,,부산 동구,,학력무관,2026-09-08 14:36:45
https://job.career.co.kr/recruit/view/22163022,,,,,,,정규직,주5일근무,시급,,,부산 부산진구,,학력무관,2026-09-08 14:36:45
https://job.career.co.kr/recruit/view/22163020,,,,,,,계약직,주5일근무,월급,,,부산 남구,,학력무관,2026-09-08 14:36:46
https://job.career.co.kr/recruit/view/22163019,,,,,,,정규직,주5일근무,시급,,,부산 동구,,학력무관,2026-09-08 14:36:46
https://job.career.co.kr/recruit/view/22163018,,,,,,,계약직,주5일근무,월급,,,부산 서구,,학력무관,2026-09-08 14:36:46
https://job.career.co.kr/recruit/view/22163017,,,,,,,계약직,주5일근무,월급,,,부산 부산진구,,학력무관,2026-09-08 14:36:47
https://job.career.co.kr/recruit/view/22163016,,,,,,,정규직,주4일근무,시급,,,부산 중구,,학력무관,2026-09-08 14:36:47
https://job.career.co.kr/recruit/view/22163015,,,,,,,정규직,주5일근무,시급,,,부산 남구,,학력무관,2026-09-08 14:36:47
https://job.career.co.kr/recruit/view/22163014,,,,,,,정규직,주3일근무,일급,,,부산 부산진구,,학력무관,2026-09-08 14:36:48
https://job.career.co.kr/recruit/view/22163013,,,,,,,계약직,주5일근무,연봉,,,부산 동구,,학력무관,2026-09-08 14:36:48
https://job.career.co.kr/recruit/view/22163012,,,,,,,정규직,주5일근무,시급,,,부산 금정구,,학력무관,2026-09-08 14:36:48
https://job.career.co.kr/recruit/view/22163011,,,,,,,정규직,주5일근무,월급,,,부산 부산진구,,학력무관,2026-09-08 14:36:49
https://job.career.co.kr/recruit/view/22163010,,,,,,,정규직,주5일근무,시급,,,부산 부산진구,,학력무관,2026-09-08 14:36:49
https://job.career.co.kr/recruit/view/22163009,,,,,,,정규직,주5일근무,월급,,,부산 중구,,학력무관,2026-09-08 14:36:49
https://job.career.co.kr/recruit/view/22163008,,,,,,,정규직,주5일근무,월급,,,부산 강서구,,학력무관,2026-09-08 14:36:50
https://job.career.co.kr/recruit/view/22163007,,,,,,,정규직,주5일근무,월급,,,부산 강서구,,학력무관,2026-09-08 14:36:50
https://job.career.co.kr/recruit/view/22163006,,,,,,,정규직,주5일근무,월급,,,부산 부산진구,,학력무관,2026-09-08 14:36:50
https://job.career.co.kr/recruit/view/22163005,,,,,,,정규직,주6일근무,시급,,,부산 부산진구,,학력무관,2026-09-08 14:36:51
https://job.career.co.kr/recruit/view/22163004,,,,,,,계약직,주6일근무,월급,,,부산 남구,,학력무관,2026-09-08 14:36:51
https://job.career.co.kr/recruit/view/22163003,,,,,,,정규직,주5일근무,시급,,,부산 중구,,학력무관,2026-09-08 14:36:51
https://job.career.co.kr/recruit/view/22163002,,,,,,,계약직,주4일근무,월급,,,부산 동구,,학력무관,2026-09-08 14:36:52
https://job.career.co.kr/recruit/view/22163001,,,,,,,계약직,주5일근무,월급,,,부산 남구,,학력무관,2026-09-08 14:36:52
https://job.career.co.kr/recruit/view/22163000,,,,,,,정규직,주5일근무,월급,,,부산 중구,,고등학교 졸업 이상,2026-09-08 14:36:52
https://job.career.co.kr/recruit/view/22162999,,,,,,,계약직,주5일근무,월급,,,부산 남구,,학력무관,2026-09-08 14:36:53
https://job.career.co.kr/recruit/view/22162998,,,,,,,정규직,주5일근무,연봉,,,부산 서구,,학력무관,2026-09-08 14:36:53
https://job.career.co.kr/recruit/view/22162997,,,,,,,정규직,주6일근무,시급,,,부산 동구,,학력무관,2026-09-08 14:36:53
https://job.career.co.kr/recruit/view/22162996,,,,,,,계약직,주6일근무,연봉,,,부산 북구,,학력무관,2026-09-08 14:36:54
https://job.career.co.kr/recruit/view/22162995,,,,,,,계약직,주5일근무,월급,,,부산 동구,,학력무관,2026-09-08 14:36:54
https://job.career.co.kr/recruit/view/22162989,,,,,,,정규직,주6일근무,시급,,,부산 연제구,,학력무관,2026-09-08 14:36:54
https://job.career.co.kr/recruit/view/22162851,,,,,,,정규직,주5일근무,월급,,,부산 부산진구,,학력무관,2026-09-08 14:36:55
https://job.career.co.kr/recruit/view/22162850,,,,,,,계약직,주5일근무,월급,,,부산 부산진구,,학력무관,2026-09-08 14:36:55
https://job.career.co.kr/recruit/view/22162780,,,,,,,계약직,주5일근무,시급,,,부산 부산진구,,학력무관,2026-09-08 14:36:55
https://job.career.co.kr/recruit/view/22162749,,,,,,,계약직,주6일근무,월급,,,부산 동래구,,학력무관,2026-09-08 14:36:56
https://job.career.co.kr/recruit/view/22162694,,,,,,,계약직,주5일근무,월급,,,부산 영도구,,학력무관,2026-09-08 14:36:56
https://job.career.co.kr/recruit/view/22162693,,,,,,,정규직,주5일근무,월급,,,부산 연제구,,학력무관,2026-09-08 14:36:56
https://job.career.co.kr/recruit/view/22162472,,,,,,,정규직,주6일근무,시급,,,부산 영도구,,학력무관,2026-09-08 14:36:57
https://job.career.co.kr/recruit/view/22162398,,,,,,,계약직,주5일근무,월급,,,부산 해운대구,,학력무관,2026-09-08 14:36:57
https://job.career.co.kr/recruit/view/22162396,,,,,,,정규직,주6일근무,시급,,,부산 동구,,학력무관,2026-09-08 14:36:57
https://job.career.co.kr/recruit/view/22162395,,,,,,,정규직,주6일근무,시급,,,부산 남구,,학력무관,2026-09-08 14:36:58
https://job.career.co.kr/recruit/view/22162394,,,,,,,정규직,주6일근무,시급,,,부산 부산진구,,학력무관,2026-09-08 14:36:58
https://job.career.co.kr/recruit/view/22162393,,,,,,,정규직,주5일근무,시급,,,부산 사하구,,학력무관,2026-09-08 14:36:58
https://job.career.co.kr/recruit/view/22162391,,,,,,,계약직,주5일근무,시급,,,부산 사상구,,학력무관,2026-09-08 14:36:59
https://job.career.co.kr/recruit/view/22162390,,,,,,,계약직,주4일근무,월급,,,부산 사상구,,학력무관,2026-09-08 14:36:59
https://job.career.co.kr/recruit/view/22162389,,,,,,,계약직,주6일근무,월급,,,부산 해운대구,,학력무관,2026-09-08 14:36:59
https://job.career.co.kr/recruit/view/22162388,,,,,,,계약직,주6일근무,월급,,,부산 해운대구,,학력무관,2026-09-08 14:37:00
https://job.career.co.kr/recruit/view/22162387,,,,,,,정규직,주6일근무,시급,,,부산 사상구,,학력무관,2026-09-08 14:37:00
https://job.career.co.kr/recruit/view/22162386,,,,,,,정규직,주3일근무,시급,,,부산 사상구,,학력무관,2026-09-08 14:37:00
https://job.career.co.kr/recruit/view/22162385,,,,,,,정규직,주5일근무,시급,,,부산 사상구,,학력무관,2026-09-08 14:37:01
https://job.career.co.kr/recruit/view/22162383,,,,,,,정규직,학력,시급,,,부산 북구,,학력무관,2026-09-08 14:37:01
https://job.career.co.kr/recruit/view/22162382,,,,,,,정규직,학력,시급,,,부산 북구,,학력무관,2026-09-08 14:37:01
https://job.career.co.kr/recruit/view/22162381,,,,,,,정규직,주5일근무,시급,,,부산 북구,,학력무관,2026-09-08 14:37:02
https://job.career.co.kr/recruit/view/22162380,,,,,,,정규직,주5일근무,시급,,,부산 북구,,학력무관,2026-09-08 14:37:02
https://job.career.co.kr/recruit/view/22162379,,,,,,,정규직,주6일근무,시급,,,부산 사하구,,학력무관,2026-09-08 14:37:02
https://job.career.co.kr/recruit/view/22162378,,,,,,,정규직,주5일근무,시급,,,부산 사상구,,학력무관,2026-09-08 14:37:03
https://job.career.co.kr/recruit/view/22162377,,,,,,,계약직,주6일근무,월급,,,부산 부산진구,,학력무관,2026-09-08 14:37:03
https://job.career.co.kr/recruit/view/22162376,,,,,,,정규직,주5일근무,시급,,,부산 부산진구,,학력무관,2026-09-08 14:37:03
https://job.career.co.kr/recruit/view/22162375,,,,,,,정규직,주5일근무,시급,,,부산 사상구,,학력무관,2026-09-08 14:37:04
https://job.career.co.kr/recruit/view/22162374,,,,,,,정규직,주5일근무,시급,,,부산 연제구,,학력무관,2026-09-08 14:37:04
https://job.career.co.kr/recruit/view/22162372,,,,,,,정규직,주3일근무,시급,,,부산 부산진구,,학력무관,2026-09-08 14:37:04
https://job.career.co.kr/recruit/view/22162371,,,,,,,정규직,주3일근무,시급,,,부산 부산진구,,학력무관,2026-09-08 14:37:05
https://job.career.co.kr/recruit/view/22162370,,,,,,,정규직,주6일근무,시급,,,부산 동래구,,학력무관,2026-09-08 14:37:05
https://job.career.co.kr/recruit/view/22162369,,,,,,,계약직,주5일근무,월급,,,부산 동래구,,학력무관,2026-09-08 14:37:05
https://job.career.co.kr/recruit/view/22162368,,,,,,,계약직,주6일근무,월급,,,부산 남구,,학력무관,2026-09-08 14:37:06
https://job.career.co.kr/recruit/view/22162367,,,,,,,정규직,주5일근무,연봉,,,부산 기장군,,학력무관,2026-09-08 14:37:06
https://job.career.co.kr/recruit/view/22162366,,,,,,,계약직,주5일근무,월급,,,부산 기장군,,학력무관,2026-09-08 14:37:06
https://job.career.co.kr/recruit/view/22162365,,,,,,,정규직,주5일근무,월급,,,부산 기장군,,학력무관,2026-09-08 14:37:07
https://job.career.co.kr/recruit/view/22162364,,,,,,,계약직,주5일근무,월급,,,부산 강서구,,학력무관,2026-09-08 14:37:07
https://job.career.co.kr/recruit/view/22162061,,,,,,,정규직,학력,시급,,,부산 사하구,,학력무관,2026-09-08 14:37:07
https://job.career.co.kr/recruit/view/22162060,,,,,,,계약직,주5일근무,연봉,,,부산 사상구,,고등학교 미만 졸업,2026-09-08 14:37:08
https://job.career.co.kr/recruit/view/22162048,,,,,,,정규직,주5일근무,연봉,,,부산 사상구,,학력무관,2026-09-08 14:37:08
https://job.career.co.kr/recruit/view/22162047,,,,,,,정규직,주5일근무,시급,,,부산 사상구,,학력무관,2026-09-08 14:37:08
https://job.career.co.kr/recruit/view/22162024,,,,,,,정규직,주5일근무,월급,,,부산 동구,,고등학교 미만 졸업,2026-09-08 14:37:09
https://job.career.co.kr/recruit/view/22161971,,,,,,,계약직,주5일근무,월급,,,부산 부산진구,,학력무관,2026-09-08 14:37:09
https://job.career.co.kr/recruit/view/22161970,,,,,,,정규직,주5일근무,시급,,,부산 동래구,,학력무관,2026-09-08 14:37:09
https://job.career.co.kr/recruit/view/22161969,,,,,,,정규직,주5일근무,시급,,,부산 사하구,,학력무관,2026-09-08 14:37:10
https://job.career.co.kr/recruit/view/22161968,,,,,,,정규직,주3일근무,시급,,,부산 수영구,,학력무관,2026-09-08 14:37:10
https://job.career.co.kr/recruit/view/22161967,,,,,,,정규직,학력,시급,,,부산 연제구,,학력무관,2026-09-08 14:37:10
https://job.career.co.kr/recruit/view/22161966,,,,,,,정규직,학력,시급,,,부산 남구,,학력무관,2026-09-08 14:37:11
https://job.career.co.kr/recruit/view/22161965,,,,,,,정규직,주5일근무,시급,,,부산 동래구,,학력무관,2026-09-08 14:37:11
https://job.career.co.kr/recruit/view/22161963,,,,,,,정규직,주5일근무,시급,,,부산 해운대구,,학력무관,2026-09-08 14:37:11
https://job.career.co.kr/recruit/view/22161892,,,,,,,정규직,주5일근무,시급,,,부산 서구,,학력무관,2026-09-08 14:37:12
https://job.career.co.kr/recruit/view/22161891,,,,,,,정규직,주6일근무,시급,,,부산 서구,,학력무관,2026-09-08 14:37:12
https://job.career.co.kr/recruit/view/22161890,,,,,,,정규직,주5일근무,시급,,,부산 연제구,,학력무관,2026-09-08 14:37:12
https://job.career.co.kr/recruit/view/22161889,,,,,,,정규직,주5일근무,시급,,,부산 동래구,,학력무관,2026-09-08 14:37:13
https://job.career.co.kr/recruit/view/22161888,,,,,,,정규직,주3일근무,시급,,,부산 사상구,,학력무관,2026-09-08 14:37:13
https://job.career.co.kr/recruit/view/22161887,,,,,,,정규직,주5일근무,시급,,,부산 금정구,,학력무관,2026-09-08 14:37:13
https://job.career.co.kr/recruit/view/22161808,,,,,,,정규직,주5일근무,월급,,,부산 기장군,,학력무관,2026-09-08 14:37:14
https://job.career.co.kr/recruit/view/22161757,,,,,,,정규직,주5일근무,시급,,,부산 수영구,,학력무관,2026-09-08 14:37:14
https://job.career.co.kr/recruit/view/22161756,,,,,,,정규직,주6일근무,시급,,,부산 수영구,,학력무관,2026-09-08 14:37:14
https://job.career.co.kr/recruit/view/22161755,,,,,,,정규직,주5일근무,시급,,,부산 금정구,,학력무관,2026-09-08 14:37:15
https://job.career.co.kr/recruit/view/22161754,,,,,,,정규직,주5일근무,시급,,,부산 연제구,,학력무관,2026-09-08 14:37:15
https://job.career.co.kr/recruit/view/22161753,,,,,,,정규직,주5일근무,시급,,,부산 북구,,학력무관,2026-09-08 14:37:15
https://job.career.co.kr/recruit/view/22161752,,,,,,,계약직,주5일근무,시급,,,부산 동래구,,학력무관,2026-09-08 14:37:16
https://job.career.co.kr/recruit/view/22161751,,,,,,,정규직,주5일근무,시급,,,부산 동래구,,학력무관,2026-09-08 14:37:16
https://job.career.co.kr/recruit/view/22161750,,,,,,,정규직,주5일근무,시급,,,부산 사하구,,학력무관,2026-09-08 14:37:16
https://job.career.co.kr/recruit/view/22161749,,,,,,,정규직,주5일근무,시급,,,부산 해운대구,,학력무관,2026-09-08 14:37:17
https://job.career.co.kr/recruit/view/22161748,,,,,,,정규직,주6일근무,시급,,,부산 사상구,,학력무관,2026-09-08 14:37:17
https://job.career.co.kr/recruit/view/22161747,,,,,,,정규직,주5일근무,시급,,,부산 서구,,학력무관,2026-09-08 14:37:17
https://job.career.co.kr/recruit/view/22161746,,,,,,,정규직,주5일근무,연봉,,,부산 해운대구,,학력무관,2026-09-08 14:37:18
https://job.career.co.kr/recruit/view/22161745,,,,,,,정규직,주5일근무,연봉,,,부산 해운대구,,학력무관,2026-09-08 14:37:18
https://job.career.co.kr/recruit/view/22161744,,,,,,,계약직,주3일근무,시급,,,부산 부산진구,,학력무관,2026-09-08 14:37:18
https://job.career.co.kr/recruit/view/22161743,,,,,,,정규직,주5일근무,시급,,,부산 사하구,,학력무관,2026-09-08 14:37:19
https://job.career.co.kr/recruit/view/22161742,,,,,,,정규직,주5일근무,시급,,,부산 연제구,,학력무관,2026-09-08 14:37:19
https://job.career.co.kr/recruit/view/22161741,,,,,,,정규직,주4일근무,시급,,,부산 해운대구,,학력무관,2026-09-08 14:37:19
https://job.career.co.kr/recruit/view/22161740,,,,,,,정규직,주6일근무,시급,,,부산 동래구,,학력무관,2026-09-08 14:37:20
https://job.career.co.kr/recruit/view/22161739,,,,,,,계약직,주5일근무,시급,,,부산 남구,,학력무관,2026-09-08 14:37:20
https://job.career.co.kr/recruit/view/22161738,,,,,,,정규직,주6일근무,시급,,,부산 금정구,,학력무관,2026-09-08 14:37:20
https://job.career.co.kr/recruit/view/22161737,,,,,,,정규직,주5일근무,시급,,,부산 영도구,,학력무관,2026-09-08 14:37:21
https://job.career.co.kr/recruit/view/22161734,,,,,,,정규직,주5일근무,시급,,,부산 수영구,,학력무관,2026-09-08 14:37:21
https://job.career.co.kr/recruit/view/22161585,,,,,,,계약직,주4일근무,월급,,,부산 해운대구,,학력무관,2026-09-08 14:37:21
https://job.career.co.kr/recruit/view/22159789,,,,,,,정규직,주3일근무,시급,,,부산 금정구,,학력무관,2026-09-08 14:37:22
https://job.career.co.kr/recruit/view/22159781,,,,,,,정규직,주5일근무,시급,,,부산 부산진구,,학력무관,2026-09-08 14:37:22
https://job.career.co.kr/recruit/view/22159755,,,,,,,정규직,주5일근무,시급,,,부산 해운대구,,학력무관,2026-09-08 14:37:22
https://job.career.co.kr/recruit/view/22159605,,,,,,,계약직,주5일근무,월급,,,부산 사상구,,학력무관,2026-09-08 14:37:23
https://job.career.co.kr/recruit/view/22159604,,,,,,,정규직,주5일근무,시급,,,부산 사상구,,학력무관,2026-09-08 14:37:23
https://job.career.co.kr/recruit/view/22159603,,,,,,,정규직,주5일근무,시급,,,부산 북구,,학력무관,2026-09-08 14:37:23
https://job.career.co.kr/recruit/view/22159600,,,,,,,계약직,주5일근무,월급,,,부산 사상구,,"대학(2,3년) 졸업 이상",2026-09-08 14:37:24
https://job.career.co.kr/recruit/view/22159599,,,,,,,정규직,주5일근무,연봉,,,부산 강서구,,학력무관,2026-09-08 14:37:24
https://job.career.co.kr/recruit/view/22159598,,,,,,,정규직,주5일근무,연봉,,,부산 강서구,,학력무관,2026-09-08 14:37:24
https://job.career.co.kr/recruit/view/22159597,,,,,,,정규직,주5일근무,시급,,,부산 강서구,,학력무관,2026-09-08 14:37:25
https://job.career.co.kr/recruit/view/22159596,,,,,,,정규직,주5일근무,월급,,,부산 강서구,,고등학교 졸업 이상,2026-09-08 14:37:25
https://job.career.co.kr/recruit/view/22159595,,,,,,,정규직,주6일근무,시급,,,부산 강서구,,학력무관,2026-09-08 14:37:25
https://job.career.co.kr/recruit/view/22159594,,,,,,,정규직,주5일근무,연봉,,,부산 강서구,,학력무관,2026-09-08 14:37:26
https://job.career.co.kr/recruit/view/22159593,,,,,,,정규직,주5일근무,연봉,,,부산 사상구,,학력무관,2026-09-08 14:37:26
https://job.career.co.kr/recruit/view/22159592,,,,,,,정규직,주5일근무,연봉,,,부산 강서구,,대학교(4년) 졸업 이상,2026-09-08 14:37:26
https://job.career.co.kr/recruit/view/22159591,,,,,,,정규직,주5일근무,월급,,,부산 강서구,,학력무관,2026-09-08 14:37:27
https://job.career.co.kr/recruit/view/22159590,,,,,,,정규직,주5일근무,월급,,,부산 북구,,학력무관,2026-09-08 14:37:27
https://job.career.co.kr/recruit/view/22159589,,,,,,,정규직,주5일근무,연봉,,,부산 사상구,,학력무관,2026-09-08 14:37:27
https://job.career.co.kr/recruit/view/22159588,,,,,,,정규직,주5일근무,연봉,,,부산 강서구,,"대학(2,3년) 졸업 이상",2026-09-08 14:37:28
https://job.career.co.kr/recruit/view/22159587,,,,,,,정규직,주5일근무,월급,,,부산 강서구,,학력무관,2026-09-08 14:37:28
https://job.career.co.kr/recruit/view/22159586,,,,,,,정규직,주5일근무,시급,,,부산 강서구,,학력무관,2026-09-08 14:37:28
https://job.career.co.kr/recruit/view/22159585,,,,,,,정규직,주5일근무,시급,,,부산 강서구,,학력무관,2026-09-08 14:37:29
https://job.career.co.kr/recruit/view/22159583,,,,,,,정규직,주5일근무,연봉,,,부산 사상구,,학력무관,2026-09-08 14:37:29
https://job.career.co.kr/recruit/view/22159582,,,,,,,정규직,주5일근무,연봉,,,부산 강서구,,학력무관,2026-09-08 14:37:29
https://job.career.co.kr/recruit/view/22159580,,,,,,,정규직,주5일근무,연봉,,,부산 강서구,,학력무관,2026-09-08 14:37:30
https://job.career.co.kr/recruit/view/22159579,,,,,,,정규직,주5일근무,연봉,,,부산 강서구,,"대학(2,3년) 졸업 이상",2026-09-08 14:37:30
https://job.career.co.kr/recruit/view/22159578,,,,,,,정규직,주5일근무,연봉,,,부산 강서구,,학력무관,2026-09-08 14:37:30
https://job.career.co.kr/recruit/view/22159577,,,,,,,정규직,주5일근무,시급,,,부산 사상구,,학력무관,2026-09-08 14:37:31
https://job.career.co.kr/recruit/view/22159575,,,,,,,정규직,주6일근무,연봉,,,부산 사상구,,학력무관,2026-09-08 14:37:31
https://job.career.co.kr/recruit/view/22159574,,,,,,,계약직,주5일근무,시급,,,부산 사상구,,학력무관,2026-09-08 14:37:31
https://job.career.co.kr/recruit/view/22159573,,,,,,,정규직,주5일근무,시급,,,부산 강서구,,학력무관,2026-09-08 14:37:32
https://job.career.co.kr/recruit/view/22159572,,,,,,,정규직,주5일근무,연봉,,,부산 사상구,,학력무관,2026-09-08 14:37:32
https://job.career.co.kr/recruit/view/22159568,,,,,,,정규직,주5일근무,시급,,,부산 사상구,,학력무관,2026-09-08 14:37:32
https://job.career.co.kr/recruit/view/22159566,,,,,,,정규직,주5일근무,월급,,,부산 강서구,,학력무관,2026-09-08 14:37:33
https://job.career.co.kr/recruit/view/22159565,,,,,,,정규직,주5일근무,연봉,,,부산 북구,,학력무관,2026-09-08 14:37:33
https://job.career.co.kr/recruit/view/22159564,,,,,,,정규직,주5일근무,시급,,,부산 사상구,,학력무관,2026-09-08 14:37:33
https://job.career.co.kr/recruit/view/22159563,,,,,,,계약직,주5일근무,연봉,,,부산 강서구,,학력무관,2026-09-08 14:37:34
https://job.career.co.kr/recruit/view/22159560,,,,,,,정규직,주5일근무,월급,,,부산 강서구,,학력무관,2026-09-08 14:37:34
https://job.career.co.kr/recruit/view/22159559,,,,,,,정규직,주5일근무,시급,,,부산 강서구,,학력무관,2026-09-08 14:37:34
https://job.career.co.kr/recruit/view/22159558,,,,,,,정규직,주5일근무,시급,,,부산 강서구,,학력무관,2026-09-08 14:37:35
https://job.career.co.kr/recruit/view/22159556,,,,,,,정규직,주5일근무,연봉,,,부산 강서구,,학력무관,2026-09-08 14:37:35
https://job.career.co.kr/recruit/view/22159555,,,,,,,정규직,주5일근무,시급,,,부산 북구,,학력무관,2026-09-08 14:37:35
https://job.career.co.kr/recruit/view/22159554,,,,,,,정규직,주6일근무,월급,,,부산 강서구,,학력무관,2026-09-08 14:37:36
https://job.career.co.kr/recruit/view/22159553,,,,,,,정규직,주6일근무,월급,,,부산 강서구,,학력무관,2026-09-08 14:37:36
https://job.career.co.kr/recruit/view/22159552,,,,,,,정규직,주5일근무,연봉,,,부산 강서구,,학력무관,2026-09-08 14:37:36
https://job.career.co.kr/recruit/view/22159551,,,,,,,정규직,주5일근무,월급,,,부산 북구,,학력무관,2026-09-08 14:37:37
https://job.career.co.kr/recruit/view/22159550,,,,,,,정규직,주5일근무,시급,,,부산 강서구,,학력무관,2026-09-08 14:37:37
https://job.career.co.kr/recruit/view/22159549,,,,,,,정규직,주5일근무,연봉,,,부산 강서구,,학력무관,2026-09-08 14:37:37
https://job.career.co.kr/recruit/view/22159548,,,,,,,정규직,주5일근무,연봉,,,부산 강서구,,학력무관,2026-09-08 14:37:38
https://job.career.co.kr/recruit/view/22159546,,,,,,,정규직,주5일근무,연봉,,,부산 강서구,,학력무관,2026-09-08 14:37:38
https://job.career.co.kr/recruit/view/22159545,,,,,,,정규직,주5일근무,연봉,,,부산 강서구,,학력무관,2026-09-08 14:37:38
https://job.career.co.kr/recruit/view/22159543,,,,,,,정규직,학력,시급,,,부산 북구,,학력무관,2026-09-08 14:37:39
https://job.career.co.kr/recruit/view/22159541,,,,,,,정규직,주5일근무,시급,,,부산 북구,,학력무관,2026-09-08 14:37:39
https://job.career.co.kr/recruit/view/22159540,,,,,,,정규직,주5일근무,연봉,,,부산 사상구,,학력무관,2026-09-08 14:37:39
https://job.career.co.kr/recruit/view/22159537,,,,,,,정규직,주5일근무,연봉,,,부산 사상구,,학력무관,2026-09-08 14:37:40
https://job.career.co.kr/recruit/view/22159536,,,,,,,정규직,주5일근무,월급,,,부산 사상구,,고등학교 졸업 이상,2026-09-08 14:37:40
https://job.career.co.kr/recruit/view/22159532,,,,,,,정규직,주5일근무,시급,,,부산 북구,,학력무관,2026-09-08 14:37:41
https://job.career.co.kr/recruit/view/22159533,,,,,,,정규직,주5일근무,시급,,,부산 북구,,학력무관,2026-09-08 14:37:41
https://job.career.co.kr/recruit/view/22159531,,,,,,,정규직,주6일근무,월급,,,부산 사상구,,학력무관,2026-09-08 14:37:41
https://job.career.co.kr/recruit/view/22159529,,,,,,,정규직,주5일근무,시급,,,부산 사하구,,학력무관,2026-09-08 14:37:41
https://job.career.co.kr/recruit/view/22159528,,,,,,,정규직,주3일근무,시급,,,부산 남구,,학력무관,2026-09-08 14:37:42
https://job.career.co.kr/recruit/view/22159527,,,,,,,정규직,주5일근무,시급,,,부산 수영구,,학력무관,2026-09-08 14:37:42
https://job.career.co.kr/recruit/view/22159525,,,,,,,계약직,주6일근무,월급,,,부산 기장군,,학력무관,2026-09-08 14:37:42
https://job.career.co.kr/recruit/view/22159524,,,,,,,계약직,주5일근무,시급,,,부산 금정구,,학력무관,2026-09-08 14:37:43
https://job.career.co.kr/recruit/view/22159523,,,,,,,정규직,주5일근무,월급,,,부산 해운대구,,학력무관,2026-09-08 14:37:43
https://job.career.co.kr/recruit/view/22159521,,,,,,,정규직,주5일근무,시급,,,부산 부산진구,,학력무관,2026-09-08 14:37:43
https://job.career.co.kr/recruit/view/22159519,,,,,,,정규직,주5일근무,연봉,,,부산 기장군,,학력무관,2026-09-08 14:37:44
https://job.career.co.kr/recruit/view/22159518,,,,,,,정규직,주5일근무,월급,,,부산 동래구,,학력무관,2026-09-08 14:37:44
https://job.career.co.kr/recruit/view/22159517,,,,,,,정규직,주5일근무,시급,,,부산 해운대구,,학력무관,2026-09-08 14:37:44
https://job.career.co.kr/recruit/view/22159516,,,,,,,정규직,주5일근무,월급,,,부산 수영구,,"대학(2,3년) 졸업 이상",2026-09-08 14:37:45
https://job.career.co.kr/recruit/view/22159515,,,,,,,정규직,주6일근무,시급,,,부산 북구,,학력무관,2026-09-08 14:37:45
https://job.career.co.kr/recruit/view/22159514,,,,,,,정규직,주5일근무,시급,,,부산 기장군,,학력무관,2026-09-08 14:37:45
https://job.career.co.kr/recruit/view/22159513,,,,,,,정규직,주5일근무,월급,,,부산 기장군,,학력무관,2026-09-08 14:37:46
https://job.career.co.kr/recruit/view/22159512,,,,,,,정규직,주6일근무,월급,,,부산 기장군,,학력무관,2026-09-08 14:37:46
https://job.career.co.kr/recruit/view/22159511,,,,,,,정규직,주5일근무,월급,,,부산 강서구,,학력무관,2026-09-08 14:37:46
https://job.career.co.kr/recruit/view/22159510,,,,,,,정규직,주6일근무,시급,,,부산 해운대구,,학력무관,2026-09-08 14:37:47
https://job.career.co.kr/recruit/view/22159509,,,,,,,정규직,주5일근무,월급,,,부산 금정구,,학력무관,2026-09-08 14:37:47
https://job.career.co.kr/recruit/view/22159508,,,,,,,정규직,학력,일급,,,부산 해운대구,,학력무관,2026-09-08 14:37:47
https://job.career.co.kr/recruit/view/22159506,,,,,,,정규직,주6일근무,시급,,,부산 동래구,,학력무관,2026-09-08 14:37:48
https://job.career.co.kr/recruit/view/22159504,,,,,,,정규직,주5일근무,시급,,,부산 금정구,,학력무관,2026-09-08 14:37:48
https://job.career.co.kr/recruit/view/22159503,,,,,,,정규직,주6일근무,시급,,,부산 해운대구,,학력무관,2026-09-08 14:37:48
https://job.career.co.kr/recruit/view/22159502,,,,,,,정규직,주5일근무,시급,,,부산 기장군,,학력무관,2026-09-08 14:37:49
https://job.career.co.kr/recruit/view/22159501,,,,,,,정규직,주5일근무,연봉,,,부산 기장군,,"대학(2,3년) 졸업 이상",2026-09-08 14:37:49
https://job.career.co.kr/recruit/view/22159500,,,,,,,정규직,주5일근무,시급,,,부산 남구,,학력무관,2026-09-08 14:37:49
https://job.career.co.kr/recruit/view/22159498,,,,,,,정규직,주5일근무,연봉,,,부산 기장군,,학력무관,2026-09-08 14:37:50
https://job.career.co.kr/recruit/view/22159497,,,,,,,정규직,주5일근무,시급,,,부산 해운대구,,고등학교 졸업 이상,2026-09-08 14:37:50
https://job.career.co.kr/recruit/view/22159496,,,,,,,계약직,주6일근무,월급,,,부산 동래구,,학력무관,2026-09-08 14:37:50
https://job.career.co.kr/recruit/view/22159495,,,,,,,정규직,주5일근무,시급,,,부산 해운대구,,학력무관,2026-09-08 14:37:51
https://job.career.co.kr/recruit/view/22159494,,,,,,,정규직,주6일근무,시급,,,부산 해운대구,,학력무관,2026-09-08 14:37:51
https://job.career.co.kr/recruit/view/22159493,,,,,,,정규직,주6일근무,시급,,,부산 동래구,,학력무관,2026-09-08 14:37:51
https://job.career.co.kr/recruit/view/22159492,,,,,,,정규직,주5일근무,연봉,,,부산 해운대구,,학력무관,2026-09-08 14:37:52
https://job.career.co.kr/recruit/view/22159491,,,,,,,정규직,주6일근무,시급,,,부산 동래구,,학력무관,2026-09-08 14:37:52
https://job.career.co.kr/recruit/view/22159489,,,,,,,정규직,주5일근무,시급,,,부산 해운대구,,학력무관,2026-09-08 14:37:52
https://job.career.co.kr/recruit/view/22159488,,,,,,,정규직,주5일근무,연봉,,,부산 기장군,,학력무관,2026-09-08 14:37:53
https://job.career.co.kr/recruit/view/22159487,,,,,,,정규직,주5일근무,연봉,,,부산 기장군,,학력무관,2026-09-08 14:37:53
https://job.career.co.kr/recruit/view/22159486,,,,,,,정규직,주5일근무,연봉,,,부산 기장군,,학력무관,2026-09-08 14:37:53
https://job.career.co.kr/recruit/view/22159485,,,,,,,정규직,주5일근무,시급,,,부산 기장군,,학력무관,2026-09-08 14:37:54
https://job.career.co.kr/recruit/view/22159483,,,,,,,정규직,주5일근무,연봉,,,부산 영도구,,학력무관,2026-09-08 14:37:54
https://job.career.co.kr/recruit/view/22159482,,,,,,,정규직,주5일근무,시급,,,부산 동래구,,학력무관,2026-09-08 14:37:54
https://job.career.co.kr/recruit/view/22159479,,,,,,,계약직,주5일근무,월급,,,부산 금정구,,대학교(4년) 졸업 이상,2026-09-08 14:37:55
https://job.career.co.kr/recruit/view/22159478,,,,,,,계약직,주5일근무,월급,,,부산 해운대구,,학력무관,2026-09-08 14:37:55
https://job.career.co.kr/recruit/view/22159477,,,,,,,정규직,주5일근무,연봉,,,부산 기장군,,학력무관,2026-09-08 14:37:55
https://job.career.co.kr/recruit/view/22159476,,,,,,,정규직,주5일근무,연봉,,,부산 기장군,,학력무관,2026-09-08 14:37:56
https://job.career.co.kr/recruit/view/22159475,,,,,,,정규직,주5일근무,연봉,,,부산 기장군,,학력무관,2026-09-08 14:37:56
https://job.career.co.kr/recruit/view/22159474,,,,,,,계약직,주5일근무,월급,,,부산 동래구,,학력무관,2026-09-08 14:37:56
https://job.career.co.kr/recruit/view/22159473,,,,,,,계약직,주5일근무,연봉,,,부산 사하구,,학력무관,2026-09-08 14:37:57
https://job.career.co.kr/recruit/view/22159472,,,,,,,정규직,주5일근무,시급,,,부산 사하구,,학력무관,2026-09-08 14:37:57
https://job.career.co.kr/recruit/view/22159471,,,,,,,정규직,주5일근무,연봉,,,부산 사하구,,학력무관,2026-09-08 14:37:57
https://job.career.co.kr/recruit/view/22159470,,,,,,,정규직,주5일근무,시급,,,부산 사하구,,학력무관,2026-09-08 14:37:58
https://job.career.co.kr/recruit/view/22159469,,,,,,,계약직,주5일근무,월급,,,부산 사하구,,학력무관,2026-09-08 14:37:58
https://job.career.co.kr/recruit/view/22159468,,,,,,,정규직,주5일근무,월급,,,부산 사하구,,학력무관,2026-09-08 14:37:58
https://job.career.co.kr/recruit/view/22159467,,,,,,,정규직,주5일근무,연봉,,,부산 사하구,,학력무관,2026-09-08 14:37:59
https://job.career.co.kr/recruit/view/22159466,,,,,,,정규직,주5일근무,월급,,,부산 사하구,,학력무관,2026-09-08 14:37:59
https://job.career.co.kr/recruit/view/22159465,,,,,,,정규직,주5일근무,시급,,,부산 사하구,,학력무관,2026-09-08 14:37:59
https://job.career.co.kr/recruit/view/22159464,,,,,,,계약직,주5일근무,월급,,,부산 사하구,,학력무관,2026-09-08 14:38:00
https://job.career.co.kr/recruit/view/22159463,,,,,,,계약직,주5일근무,월급,,,부산 서구,,학력무관,2026-09-08 14:38:00
https://job.career.co.kr/recruit/view/22159462,,,,,,,정규직,주5일근무,월급,,,부산 서구,,학력무관,2026-09-08 14:38:00
https://job.career.co.kr/recruit/view/22159461,,,,,,,정규직,주5일근무,시급,,,부산 해운대구,,학력무관,2026-09-08 14:38:01
https://job.career.co.kr/recruit/view/22159460,,,,,,,계약직,주5일근무,월급,,,부산 서구,,학력무관,2026-09-08 14:38:01
https://job.career.co.kr/recruit/view/22159459,,,,,,,정규직,주5일근무,연봉,,,부산 부산진구,,학력무관,2026-09-08 14:38:01
https://job.career.co.kr/recruit/view/22159458,,,,,,,계약직,주6일근무,월급,,,부산 부산진구,,학력무관,2026-09-08 14:38:02
https://job.career.co.kr/recruit/view/22159457,,,,,,,계약직,주6일근무,월급,,,부산 중구,,학력무관,2026-09-08 14:38:02
https://job.career.co.kr/recruit/view/22159456,,,,,,,계약직,주5일근무,월급,,,부산 동구,,학력무관,2026-09-08 14:38:02
https://job.career.co.kr/recruit/view/22159455,,,,,,,정규직,주5일근무,월급,,,부산 부산진구,,학력무관,2026-09-08 14:38:03
https://job.career.co.kr/recruit/view/22159454,,,,,,,계약직,주5일근무,월급,,,부산 영도구,,학력무관,2026-09-08 14:38:03
https://job.career.co.kr/recruit/view/22159452,,,,,,,계약직,주5일근무,월급,,,부산 중구,,학력무관,2026-09-08 14:38:03
https://job.career.co.kr/recruit/view/22159451,,,,,,,계약직,주5일근무,월급,,,부산 중구,,학력무관,2026-09-08 14:38:04
https://job.career.co.kr/recruit/view/22159450,,,,,,,정규직,주5일근무,월급,,,부산 연제구,,"대학(2,3년) 졸업 이상",2026-09-08 14:38:04
https://job.career.co.kr/recruit/view/22159449,,,,,,,정규직,주6일근무,연봉,,,부산 연제구,,학력무관,2026-09-08 14:38:04
https://job.career.co.kr/recruit/view/22159448,,,,,,,계약직,주5일근무,연봉,,,부산 부산진구,,학력무관,2026-09-08 14:38:05
https://job.career.co.kr/recruit/view/22159447,,,,,,,정규직,주6일근무,시급,,,부산 동구,,학력무관,2026-09-08 14:38:05
https://job.career.co.kr/recruit/view/22159446,,,,,,,정규직,주5일근무,월급,,,부산 부산진구,,학력무관,2026-09-08 14:38:05
https://job.career.co.kr/recruit/view/22159445,,,,,,,정규직,주3일근무,시급,,,부산 남구,,학력무관,2026-09-08 14:38:06
https://job.career.co.kr/recruit/view/22159444,,,,,,,정규직,주5일근무,연봉,,,부산 남구,,학력무관,2026-09-08 14:38:06
https://job.career.co.kr/recruit/view/22159443,,,,,,,정규직,주5일근무,월급,,,부산 중구,,학력무관,2026-09-08 14:38:06
https://job.career.co.kr/recruit/view/22159441,,,,,,,정규직,주3일근무,시급,,,부산 부산진구,,학력무관,2026-09-08 14:38:07
https://job.career.co.kr/recruit/view/22159439,,,,,,,정규직,주5일근무,시급,,,부산 영도구,,학력무관,2026-09-08 14:38:07
https://job.career.co.kr/recruit/view/22159438,,,,,,,정규직,주5일근무,연봉,,,부산 서구,,학력무관,2026-09-08 14:38:07
https://job.career.co.kr/recruit/view/22159436,,,,,,,정규직,주4일근무,시급,,,부산 사상구,,학력무관,2026-09-08 14:38:08
https://job.career.co.kr/recruit/view/22159433,,,,,,,정규직,주5일근무,월급,,,부산 연제구,,학력무관,2026-09-08 14:38:08
https://job.career.co.kr/recruit/view/22159432,,,,,,,정규직,주5일근무,시급,,,부산 영도구,,학력무관,2026-09-08 14:38:08
https://job.career.co.kr/recruit/view/22159431,,,,,,,계약직,주5일근무,월급,,,부산 남구,,대학교(4년) 졸업 이상,2026-09-08 14:38:09
https://job.career.co.kr/recruit/view/22159430,,,,,,,계약직,주4일근무,시급,,,부산 연제구,,학력무관,2026-09-08 14:38:09
https://job.career.co.kr/recruit/view/22159429,,,,,,,정규직,주5일근무,월급,,,부산 서구,,학력무관,2026-09-08 14:38:09
https://job.career.co.kr/recruit/view/22159428,,,,,,,계약직,주5일근무,월급,,,부산 영도구,,학력무관,2026-09-08 14:38:10
https://job.career.co.kr/recruit/view/22159427,,,,,,,계약직,주5일근무,월급,,,부산 영도구,,학력무관,2026-09-08 14:38:10
https://job.career.co.kr/recruit/view/22159426,,,,,,,계약직,주6일근무,월급,,,부산 중구,,학력무관,2026-09-08 14:38:10
https://job.career.co.kr/recruit/view/22159425,,,,,,,계약직,주5일근무,연봉,,,부산 남구,,대학교(4년) 졸업 이상,2026-09-08 14:38:11
https://job.career.co.kr/recruit/view/22159424,,,,,,,계약직,주5일근무,월급,,,부산 사하구,,학력무관,2026-09-08 14:38:11
https://job.career.co.kr/recruit/view/22159423,,,,,,,정규직,주5일근무,시급,,,부산 사상구,,학력무관,2026-09-08 14:38:11
https://job.career.co.kr/recruit/view/22159422,,,,,,,정규직,주5일근무,시급,,,부산 남구,,학력무관,2026-09-08 14:38:12
https://job.career.co.kr/recruit/view/22159421,,,,,,,정규직,주5일근무,연봉,,,부산 남구,,"대학(2,3년) 졸업 이상",2026-09-08 14:38:12
https://job.career.co.kr/recruit/view/22159420,,,,,,,정규직,주6일근무,시급,,,부산 부산진구,,학력무관,2026-09-08 14:38:12
https://job.career.co.kr/recruit/view/22159418,,,,,,,계약직,주3일근무,시급,,,부산 동구,,학력무관,2026-09-08 14:38:13
https://job.career.co.kr/recruit/view/22159417,,,,,,,정규직,주5일근무,연봉,,,부산 연제구,,대학교(4년) 졸업 이상,2026-09-08 14:38:13
https://job.career.co.kr/recruit/view/22159389,,,,,,,계약직,주5일근무,월급,,,부산 강서구,,학력무관,2026-09-08 14:38:13
https://job.career.co.kr/recruit/view/22154663,,,,,,,정규직,주5일근무,연봉,,,부산 강서구,,고등학교 졸업 이상,2026-09-08 14:38:14
https://job.career.co.kr/recruit/view/22154662,,,,,,,정규직,주5일근무,연봉,,,부산 강서구,,고등학교 졸업 이상,2026-09-08 14:38:14
https://job.career.co.kr/recruit/view/22154661,,,,,,,정규직,주5일근무,연봉,,,부산 강서구,,"대학(2,3년) 졸업 이상",2026-09-08 14:38:14
https://job.career.co.kr/recruit/view/22158816,,,,,,,계약직,주5일근무,월급,,,부산 해운대구,,학력무관,2026-09-08 14:38:15
https://job.career.co.kr/recruit/view/22158814,,,,,,,정규직,주5일근무,월급,,,부산 사상구,,"대학(2,3년) 졸업 이상",2026-09-08 14:38:15
https://job.career.co.kr/recruit/view/22158813,,,,,,,정규직,주6일근무,시급,,,부산 사상구,,학력무관,2026-09-08 14:38:15
https://job.career.co.kr/recruit/view/22158812,,,,,,,정규직,주5일근무,시급,,,부산 사상구,,학력무관,2026-09-08 14:38:16
https://job.career.co.kr/recruit/view/22158811,,,,,,,계약직,주6일근무,월급,,,부산 동구,,학력무관,2026-09-08 14:38:16
https://job.career.co.kr/recruit/view/22158810,,,,,,,정규직,주6일근무,시급,,,부산 사상구,,학력무관,2026-09-08 14:38:16
https://job.career.co.kr/recruit/view/22158809,,,,,,,정규직,학력,시급,,,부산 동래구,,학력무관,2026-09-08 14:38:17
https://job.career.co.kr/recruit/view/22158808,,,,,,,계약직,주6일근무,월급,,,부산 남구,,학력무관,2026-09-08 14:38:17
https://job.career.co.kr/recruit/view/22158801,,,,,,,계약직,주6일근무,월급,,,부산 부산진구,,학력무관,2026-09-08 14:38:17
https://job.career.co.kr/recruit/view/22158800,,,,,,,정규직,주3일근무,시급,,,부산 금정구,,학력무관,2026-09-08 14:38:18
https://job.career.co.kr/recruit/view/22158798,,,,,,,계약직,주5일근무,일급,,,부산 기장군,,학력무관,2026-09-08 14:38:18
https://job.career.co.kr/recruit/view/22158797,,,,,,,계약직,주4일근무,월급,,,부산 기장군,,학력무관,2026-09-08 14:38:18
https://job.career.co.kr/recruit/view/22158795,,,,,,,정규직,주5일근무,월급,,,부산 강서구,,학력무관,2026-09-08 14:38:19
https://job.career.co.kr/recruit/view/22158407,,,,,,,정규직,주5일근무,연봉,,,부산 강서구,,대학교(4년) 졸업 이상,2026-09-08 14:38:19
https://job.career.co.kr/recruit/view/22158405,,,,,,,계약직,주5일근무,월급,,,부산 연제구,,학력무관,2026-09-08 14:38:19
https://job.career.co.kr/recruit/view/22158403,,,,,,,계약직,주5일근무,월급,,,부산 해운대구,,학력무관,2026-09-08 14:38:20
https://job.career.co.kr/recruit/view/22158367,,,,,,,정규직,주5일근무,시급,,,부산 북구,,학력무관,2026-09-08 14:38:20
https://job.career.co.kr/recruit/view/22158364,,,,,,,계약직,주5일근무,시급,,,부산 강서구,,학력무관,2026-09-08 14:38:20
https://job.career.co.kr/recruit/view/22158310,,,,,,,계약직,주5일근무,월급,,,부산 해운대구,,학력무관,2026-09-08 14:38:21
https://job.career.co.kr/recruit/view/22158307,,,,,,,정규직,주5일근무,월급,,,부산 북구,,학력무관,2026-09-08 14:38:21
https://job.career.co.kr/recruit/view/22158306,,,,,,,정규직,주3일근무,시급,,,부산 중구,,학력무관,2026-09-08 14:38:21
https://job.career.co.kr/recruit/view/22158305,,,,,,,정규직,주3일근무,시급,,,부산 부산진구,,학력무관,2026-09-08 14:38:22
https://job.career.co.kr/recruit/view/22158304,,,,,,,정규직,주6일근무,시급,,,부산 북구,,학력무관,2026-09-08 14:38:22
https://job.career.co.kr/recruit/view/22158303,,,,,,,정규직,주3일근무,시급,,,부산 해운대구,,학력무관,2026-09-08 14:38:22
https://job.career.co.kr/recruit/view/22158196,,,,,,,정규직,주6일근무,시급,,,부산 금정구,,학력무관,2026-09-08 14:38:23
https://job.career.co.kr/recruit/view/22158195,,,,,,,정규직,주6일근무,시급,,,부산 서구,,학력무관,2026-09-08 14:38:23
https://job.career.co.kr/recruit/view/22158109,,,,,,,정규직,주5일근무,시급,,,부산 북구,,학력무관,2026-09-08 14:38:23
https://job.career.co.kr/recruit/view/22158108,,,,,,,정규직,주5일근무,시급,,,부산 북구,,학력무관,2026-09-08 14:38:24
https://job.career.co.kr/recruit/view/22158084,,,,,,,정규직,주5일근무,시급,,,부산 남구,,학력무관,2026-09-08 14:38:24
https://job.career.co.kr/recruit/view/22158040,,,,,,,정규직,주5일근무,시급,,,부산 남구,,학력무관,2026-09-08 14:38:24
https://job.career.co.kr/recruit/view/22158039,,,,,,,정규직,주4일근무,시급,,,부산 사하구,,학력무관,2026-09-08 14:38:25
https://job.career.co.kr/recruit/view/22158038,,,,,,,정규직,주6일근무,시급,,,부산 수영구,,학력무관,2026-09-08 14:38:25
https://job.career.co.kr/recruit/view/22158037,,,,,,,정규직,주5일근무,시급,,,부산 기장군,,학력무관,2026-09-08 14:38:25
https://job.career.co.kr/recruit/view/22158035,,,,,,,계약직,주5일근무,시급,,,부산 사하구,,학력무관,2026-09-08 14:38:26
https://job.career.co.kr/recruit/view/22158030,,,,,,,정규직,주5일근무,월급,,,부산 강서구,,학력무관,2026-09-08 14:38:26
https://job.career.co.kr/recruit/view/22158029,,,,,,,정규직,주3일근무,시급,,,부산 동래구,,학력무관,2026-09-08 14:38:27
https://job.career.co.kr/recruit/view/22155554,,,,,,,정규직,주5일근무,시급,,,부산 사상구,,학력무관,2026-09-08 14:38:27
https://job.career.co.kr/recruit/view/22155253,,,,,,,정규직,주5일근무,월급,,,부산 수영구,,학력무관,2026-09-08 14:38:27
https://job.career.co.kr/recruit/view/22155219,,,,,,,정규직,주5일근무,연봉,,,부산 강서구,,학력무관,2026-09-08 14:38:27
https://job.career.co.kr/recruit/view/22155218,,,,,,,정규직,주5일근무,연봉,,,부산 강서구,,학력무관,2026-09-08 14:38:28
https://job.career.co.kr/recruit/view/22155216,,,,,,,정규직,주5일근무,연봉,,,부산 강서구,,학력무관,2026-09-08 14:38:28
https://job.career.co.kr/recruit/view/22155215,,,,,,,정규직,주5일근무,연봉,,,부산 강서구,,학력무관,2026-09-08 14:38:28
https://job.career.co.kr/recruit/view/22155209,,,,,,,정규직,주5일근무,월급,,,부산 강서구,,학력무관,2026-09-08 14:38:29
https://job.career.co.kr/recruit/view/22155208,,,,,,,정규직,주5일근무,월급,,,부산 강서구,,학력무관,2026-09-08 14:38:29
https://job.career.co.kr/recruit/view/22155207,,,,,,,정규직,주5일근무,연봉,,,부산 사상구,,학력무관,2026-09-08 14:38:29
https://job.career.co.kr/recruit/view/22155206,,,,,,,정규직,주5일근무,시급,,,부산 연제구,,학력무관,2026-09-08 14:38:30
https://job.career.co.kr/recruit/view/22155204,,,,,,,계약직,주5일근무,월급,,,부산 사상구,,학력무관,2026-09-08 14:38:30
https://job.career.co.kr/recruit/view/22155203,,,,,,,정규직,주5일근무,월급,,,부산 사상구,,학력무관,2026-09-08 14:38:30
https://job.career.co.kr/recruit/view/22155202,,,,,,,정규직,주5일근무,월급,,,부산 사상구,,학력무관,2026-09-08 14:38:31
https://job.career.co.kr/recruit/view/22155200,,,,,,,계약직,주5일근무,시급,,,부산 사상구,,학력무관,2026-09-08 14:38:31
https://job.career.co.kr/recruit/view/22155199,,,,,,,정규직,주5일근무,연봉,,,부산 강서구,,학력무관,2026-09-08 14:38:31
https://job.career.co.kr/recruit/view/22155198,,,,,,,정규직,주5일근무,연봉,,,부산 강서구,,학력무관,2026-09-08 14:38:32
https://job.career.co.kr/recruit/view/22155197,,,,,,,정규직,주5일근무,시급,,,부산 강서구,,학력무관,2026-09-08 14:38:32
https://job.career.co.kr/recruit/view/22155194,,,,,,,정규직,주5일근무,월급,,,부산 강서구,,학력무관,2026-09-08 14:38:32
https://job.career.co.kr/recruit/view/22155193,,,,,,,정규직,주6일근무,월급,,,부산 사상구,,학력무관,2026-09-08 14:38:33
https://job.career.co.kr/recruit/view/22155192,,,,,,,정규직,주5일근무,연봉,,,부산 강서구,,학력무관,2026-09-08 14:38:33
https://job.career.co.kr/recruit/view/22155190,,,,,,,계약직,주5일근무,월급,,,부산 강서구,,학력무관,2026-09-08 14:38:33
https://job.career.co.kr/recruit/view/22155189,,,,,,,계약직,주5일근무,월급,,,부산 강서구,,학력무관,2026-09-08 14:38:34
https://job.career.co.kr/recruit/view/22155186,,,,,,,정규직,주5일근무,월급,,,부산 강서구,,학력무관,2026-09-08 14:38:34
https://job.career.co.kr/recruit/view/22155185,,,,,,,정규직,주5일근무,시급,,,부산 강서구,,학력무관,2026-09-08 14:38:34
https://job.career.co.kr/recruit/view/22155180,,,,,,,정규직,주5일근무,월급,,,부산 사상구,,학력무관,2026-09-08 14:38:35
https://job.career.co.kr/recruit/view/22155179,,,,,,,정규직,주5일근무,연봉,,,부산 사상구,,학력무관,2026-09-08 14:38:35
https://job.career.co.kr/recruit/view/22155177,,,,,,,정규직,주5일근무,연봉,,,부산 사상구,,학력무관,2026-09-08 14:38:35
https://job.career.co.kr/recruit/view/22155176,,,,,,,정규직,주5일근무,시급,,,부산 강서구,,학력무관,2026-09-08 14:38:36
https://job.career.co.kr/recruit/view/22155174,,,,,,,계약직,주6일근무,시급,,,부산 연제구,,학력무관,2026-09-08 14:38:36
https://job.career.co.kr/recruit/view/22155172,,,,,,,정규직,주5일근무,연봉,,,부산 강서구,,학력무관,2026-09-08 14:38:36
https://job.career.co.kr/recruit/view/22155171,,,,,,,계약직,주6일근무,시급,,,부산 사상구,,학력무관,2026-09-08 14:38:37
https://job.career.co.kr/recruit/view/22155170,,,,,,,계약직,주5일근무,시급,,,부산 강서구,,학력무관,2026-09-08 14:38:37
https://job.career.co.kr/recruit/view/22155169,,,,,,,정규직,주5일근무,월급,,,부산 강서구,,학력무관,2026-09-08 14:38:37
https://job.career.co.kr/recruit/view/22155168,,,,,,,계약직,주5일근무,월급,,,부산 강서구,,"대학(2,3년) 졸업 이상",2026-09-08 14:38:38
https://job.career.co.kr/recruit/view/22155167,,,,,,,정규직,주5일근무,월급,,,부산 사하구,,학력무관,2026-09-08 14:38:38
https://job.career.co.kr/recruit/view/22155166,,,,,,,정규직,주5일근무,시급,,,부산 부산진구,,학력무관,2026-09-08 14:38:38
https://job.career.co.kr/recruit/view/22155165,,,,,,,정규직,주5일근무,연봉,,,부산 강서구,,학력무관,2026-09-08 14:38:39
https://job.career.co.kr/recruit/view/22155164,,,,,,,계약직,주5일근무,시급,,,부산 북구,,학력무관,2026-09-08 14:38:39
https://job.career.co.kr/recruit/view/22155163,,,,,,,정규직,주6일근무,월급,,,부산 강서구,,학력무관,2026-09-08 14:38:39
https://job.career.co.kr/recruit/view/22155161,,,,,,,정규직,주6일근무,일급,,,부산 강서구,,학력무관,2026-09-08 14:38:40
https://job.career.co.kr/recruit/view/22155155,,,,,,,정규직,주5일근무,연봉,,,부산 강서구,,학력무관,2026-09-08 14:38:40
https://job.career.co.kr/recruit/view/22155154,,,,,,,정규직,주5일근무,월급,,,부산 강서구,,학력무관,2026-09-08 14:38:40
https://job.career.co.kr/recruit/view/22155153,,,,,,,정규직,주5일근무,월급,,,부산 강서구,,학력무관,2026-09-08 14:38:41
https://job.career.co.kr/recruit/view/22155152,,,,,,,정규직,주5일근무,월급,,,부산 사상구,,학력무관,2026-09-08 14:38:41
https://job.career.co.kr/recruit/view/22155151,,,,,,,정규직,주5일근무,월급,,,부산 강서구,,학력무관,2026-09-08 14:38:41
https://job.career.co.kr/recruit/view/22155150,,,,,,,정규직,주5일근무,시급,,,부산 강서구,,학력무관,2026-09-08 14:38:42
https://job.career.co.kr/recruit/view/22155149,,,,,,,정규직,주5일근무,시급,,,부산 강서구,,학력무관,2026-09-08 14:38:42
https://job.career.co.kr/recruit/view/22155146,,,,,,,정규직,주5일근무,월급,,,부산 사상구,,학력무관,2026-09-08 14:38:42
https://job.career.co.kr/recruit/view/22155144,,,,,,,정규직,주5일근무,월급,,,부산 사상구,,학력무관,2026-09-08 14:38:43
https://job.career.co.kr/recruit/view/22155143,,,,,,,계약직,주5일근무,월급,,,부산 강서구,,학력무관,2026-09-08 14:38:43
https://job.career.co.kr/recruit/view/22155142,,,,,,,정규직,주6일근무,연봉,,,부산 강서구,,학력무관,2026-09-08 14:38:43
https://job.career.co.kr/recruit/view/22155141,,,,,,,정규직,주6일근무,연봉,,,부산 강서구,,학력무관,2026-09-08 14:38:44
https://job.career.co.kr/recruit/view/22155140,,,,,,,정규직,주6일근무,연봉,,,부산 강서구,,학력무관,2026-09-08 14:38:44
https://job.career.co.kr/recruit/view/22155139,,,,,,,계약직,주5일근무,시급,,,부산 사하구,,학력무관,2026-09-08 14:38:44
https://job.career.co.kr/recruit/view/22155138,,,,,,,정규직,주5일근무,연봉,,,부산 강서구,,학력무관,2026-09-08 14:38:45
https://job.career.co.kr/recruit/view/22155134,,,,,,,정규직,주5일근무,연봉,,,부산 강서구,,학력무관,2026-09-08 14:38:45
https://job.career.co.kr/recruit/view/22155132,,,,,,,계약직,주5일근무,시급,,,부산 영도구,,학력무관,2026-09-08 14:38:45
https://job.career.co.kr/recruit/view/22155131,,,,,,,정규직,주5일근무,월급,,,부산 북구,,학력무관,2026-09-08 14:38:46
https://job.career.co.kr/recruit/view/22155128,,,,,,,정규직,주5일근무,연봉,,,부산 강서구,,학력무관,2026-09-08 14:38:46
https://job.career.co.kr/recruit/view/22155125,,,,,,,계약직,주5일근무,월급,,,부산 해운대구,,학력무관,2026-09-08 14:38:46
https://job.career.co.kr/recruit/view/22155124,,,,,,,정규직,주6일근무,시급,,,부산 수영구,,학력무관,2026-09-08 14:38:47
https://job.career.co.kr/recruit/view/22155123,,,,,,,정규직,주3일근무,시급,,,부산 금정구,,학력무관,2026-09-08 14:38:47
https://job.career.co.kr/recruit/view/22155122,,,,,,,정규직,주5일근무,월급,,,부산 해운대구,,학력무관,2026-09-08 14:38:47
https://job.career.co.kr/recruit/view/22155121,,,,,,,정규직,주5일근무,월급,,,부산 기장군,,학력무관,2026-09-08 14:38:48
https://job.career.co.kr/recruit/view/22155120,,,,,,,계약직,주5일근무,월급,,,부산 사상구,,학력무관,2026-09-08 14:38:48
https://job.career.co.kr/recruit/view/22155119,,,,,,,정규직,주6일근무,시급,,,부산 기장군,,학력무관,2026-09-08 14:38:48
https://job.career.co.kr/recruit/view/22155118,,,,,,,정규직,주5일근무,시급,,,부산 수영구,,학력무관,2026-09-08 14:38:49
https://job.career.co.kr/recruit/view/22155117,,,,,,,계약직,주5일근무,월급,,,부산 사상구,,학력무관,2026-09-08 14:38:49
https://job.career.co.kr/recruit/view/22155115,,,,,,,정규직,주6일근무,월급,,,부산 기장군,,학력무관,2026-09-08 14:38:49
https://job.career.co.kr/recruit/view/22155114,,,,,,,정규직,주4일근무,시급,,,부산 해운대구,,학력무관,2026-09-08 14:38:50
https://job.career.co.kr/recruit/view/22155113,,,,,,,정규직,주5일근무,시급,,,부산 동구,,학력무관,2026-09-08 14:38:50
https://job.career.co.kr/recruit/view/22155110,,,,,,,계약직,주5일근무,월급,,,부산 동래구,,학력무관,2026-09-08 14:38:50
https://job.career.co.kr/recruit/view/22155109,,,,,,,정규직,주6일근무,시급,,,부산 동래구,,학력무관,2026-09-08 14:38:51
https://job.career.co.kr/recruit/view/22155108,,,,,,,계약직,주6일근무,시급,,,부산 금정구,,학력무관,2026-09-08 14:38:51
https://job.career.co.kr/recruit/view/22155106,,,,,,,정규직,주6일근무,월급,,,부산 해운대구,,학력무관,2026-09-08 14:38:51
https://job.career.co.kr/recruit/view/22155105,,,,,,,계약직,주4일근무,월급,,,부산 남구,,학력무관,2026-09-08 14:38:52
https://job.career.co.kr/recruit/view/22155102,,,,,,,계약직,주6일근무,월급,,,부산 사하구,,학력무관,2026-09-08 14:38:52
https://job.career.co.kr/recruit/view/22155101,,,,,,,계약직,주5일근무,월급,,,부산 수영구,,학력무관,2026-09-08 14:38:52
https://job.career.co.kr/recruit/view/22155099,,,,,,,정규직,주5일근무,월급,,,부산 수영구,,학력무관,2026-09-08 14:38:53
https://job.career.co.kr/recruit/view/22155097,,,,,,,계약직,주6일근무,월급,,,부산 사상구,,학력무관,2026-09-08 14:38:53
https://job.career.co.kr/recruit/view/22155091,,,,,,,정규직,주5일근무,월급,,,부산 동래구,,학력무관,2026-09-08 14:38:53
https://job.career.co.kr/recruit/view/22155090,,,,,,,계약직,주6일근무,월급,,,부산 동구,,학력무관,2026-09-08 14:38:54
https://job.career.co.kr/recruit/view/22155086,,,,,,,계약직,주5일근무,시급,,,부산 기장군,,학력무관,2026-09-08 14:38:54
https://job.career.co.kr/recruit/view/22155084,,,,,,,정규직,주6일근무,시급,,,부산 수영구,,학력무관,2026-09-08 14:38:54
https://job.career.co.kr/recruit/view/22155083,,,,,,,정규직,주5일근무,월급,,,부산 금정구,,학력무관,2026-09-08 14:38:55
https://job.career.co.kr/recruit/view/22155078,,,,,,,계약직,주5일근무,월급,,,부산 수영구,,학력무관,2026-09-08 14:38:55
https://job.career.co.kr/recruit/view/22155075,,,,,,,정규직,주5일근무,월급,,,부산 동래구,,학력무관,2026-09-08 14:38:55
https://job.career.co.kr/recruit/view/22155070,,,,,,,정규직,주5일근무,연봉,,,부산 수영구,,학력무관,2026-09-08 14:38:56
https://job.career.co.kr/recruit/view/22155067,,,,,,,정규직,주5일근무,시급,,,부산 해운대구,,학력무관,2026-09-08 14:38:56
https://job.career.co.kr/recruit/view/22155066,,,,,,,계약직,주5일근무,월급,,,부산 기장군,,학력무관,2026-09-08 14:38:56
https://job.career.co.kr/recruit/view/22155065,,,,,,,계약직,주5일근무,월급,,,부산 기장군,,학력무관,2026-09-08 14:38:57
https://job.career.co.kr/recruit/view/22155064,,,,,,,정규직,주5일근무,월급,,,부산 기장군,,학력무관,2026-09-08 14:38:57
https://job.career.co.kr/recruit/view/22155062,,,,,,,정규직,주5일근무,시급,,,부산 수영구,,학력무관,2026-09-08 14:38:57
https://job.career.co.kr/recruit/view/22155059,,,,,,,정규직,주5일근무,월급,,,부산 해운대구,,학력무관,2026-09-08 14:38:58
https://job.career.co.kr/recruit/view/22155058,,,,,,,정규직,주5일근무,월급,,,부산 기장군,,학력무관,2026-09-08 14:38:58
https://job.career.co.kr/recruit/view/22155057,,,,,,,계약직,주5일근무,월급,,,부산 사하구,,학력무관,2026-09-08 14:38:58
https://job.career.co.kr/recruit/view/22155056,,,,,,,계약직,주5일근무,연봉,,,부산 사하구,,학력무관,2026-09-08 14:38:59
https://job.career.co.kr/recruit/view/22155055,,,,,,,계약직,주5일근무,시급,,,부산 사하구,,학력무관,2026-09-08 14:38:59
https://job.career.co.kr/recruit/view/22155054,,,,,,,정규직,주5일근무,시급,,,부산 사하구,,학력무관,2026-09-08 14:38:59
https://job.career.co.kr/recruit/view/22155053,,,,,,,정규직,주5일근무,시급,,,부산 사하구,,학력무관,2026-09-08 14:39:00
https://job.career.co.kr/recruit/view/22155052,,,,,,,정규직,주5일근무,월급,,,부산 사하구,,학력무관,2026-09-08 14:39:00
https://job.career.co.kr/recruit/view/22155051,,,,,,,정규직,주5일근무,연봉,,,부산 사하구,,학력무관,2026-09-08 14:39:00
https://job.career.co.kr/recruit/view/22155049,,,,,,,계약직,주5일근무,월급,,,부산 사하구,,학력무관,2026-09-08 14:39:01
https://job.career.co.kr/recruit/view/22155048,,,,,,,정규직,주6일근무,연봉,,,부산 사하구,,학력무관,2026-09-08 14:39:01
https://job.career.co.kr/recruit/view/22155047,,,,,,,정규직,주5일근무,월급,,,부산 사하구,,학력무관,2026-09-08 14:39:01
https://job.career.co.kr/recruit/view/22155046,,,,,,,정규직,주5일근무,월급,,,부산 사하구,,고등학교 졸업 이상,2026-09-08 14:39:02
https://job.career.co.kr/recruit/view/22155045,,,,,,,정규직,주6일근무,월급,,,부산 사하구,,학력무관,2026-09-08 14:39:02
https://job.career.co.kr/recruit/view/22155044,,,,,,,정규직,주5일근무,월급,,,부산 사하구,,학력무관,2026-09-08 14:39:02
https://job.career.co.kr/recruit/view/22155043,,,,,,,정규직,주5일근무,시급,,,부산 사하구,,학력무관,2026-09-08 14:39:03
https://job.career.co.kr/recruit/view/22155042,,,,,,,정규직,주5일근무,연봉,,,부산 사하구,,학력무관,2026-09-08 14:39:03
https://job.career.co.kr/recruit/view/22155041,,,,,,,정규직,주5일근무,연봉,,,부산 사하구,,학력무관,2026-09-08 14:39:03
https://job.career.co.kr/recruit/view/22155040,,,,,,,정규직,주5일근무,월급,,,부산 사하구,,학력무관,2026-09-08 14:39:04
https://job.career.co.kr/recruit/view/22155036,,,,,,,정규직,주5일근무,시급,,,부산 부산진구,,학력무관,2026-09-08 14:39:04
https://job.career.co.kr/recruit/view/22155034,,,,,,,정규직,주4일근무,시급,,,부산 남구,,학력무관,2026-09-08 14:39:04
https://job.career.co.kr/recruit/view/22155033,,,,,,,정규직,주5일근무,시급,,,부산 남구,,학력무관,2026-09-08 14:39:05
https://job.career.co.kr/recruit/view/22155032,,,,,,,정규직,주5일근무,연봉,,,부산 부산진구,,학력무관,2026-09-08 14:39:05
https://job.career.co.kr/recruit/view/22155031,,,,,,,정규직,주6일근무,시급,,,부산 수영구,,학력무관,2026-09-08 14:39:05
https://job.career.co.kr/recruit/view/22155028,,,,,,,정규직,주6일근무,월급,,,부산 연제구,,학력무관,2026-09-08 14:39:06
https://job.career.co.kr/recruit/view/22155027,,,,,,,정규직,주5일근무,연봉,,,부산 연제구,,학력무관,2026-09-08 14:39:06
https://job.career.co.kr/recruit/view/22155026,,,,,,,정규직,주4일근무,시급,,,부산 부산진구,,학력무관,2026-09-08 14:39:06
https://job.career.co.kr/recruit/view/22155025,,,,,,,정규직,주5일근무,시급,,,부산 서구,,학력무관,2026-09-08 14:39:07
https://job.career.co.kr/recruit/view/22155024,,,,,,,정규직,주5일근무,연봉,,,부산 서구,,학력무관,2026-09-08 14:39:07
https://job.career.co.kr/recruit/view/22155023,,,,,,,정규직,주5일근무,월급,,,부산 서구,,학력무관,2026-09-08 14:39:07
https://job.career.co.kr/recruit/view/22155022,,,,,,,정규직,주5일근무,월급,,,부산 연제구,,학력무관,2026-09-08 14:39:08
https://job.career.co.kr/recruit/view/22155021,,,,,,,정규직,주6일근무,월급,,,부산 남구,,학력무관,2026-09-08 14:39:08
https://job.career.co.kr/recruit/view/22155020,,,,,,,정규직,주5일근무,월급,,,부산 부산진구,,학력무관,2026-09-08 14:39:08
https://job.career.co.kr/recruit/view/22155019,,,,,,,정규직,주5일근무,시급,,,부산 영도구,,학력무관,2026-09-08 14:39:09
https://job.career.co.kr/recruit/view/22155017,,,,,,,정규직,주5일근무,월급,,,부산 남구,,학력무관,2026-09-08 14:39:09
https://job.career.co.kr/recruit/view/22155016,,,,,,,정규직,주5일근무,연봉,,,부산 남구,,학력무관,2026-09-08 14:39:09
https://job.career.co.kr/recruit/view/22155015,,,,,,,정규직,주5일근무,연봉,,,부산 동구,,학력무관,2026-09-08 14:39:10
https://job.career.co.kr/recruit/view/22155014,,,,,,,정규직,주6일근무,월급,,,부산 영도구,,학력무관,2026-09-08 14:39:10
https://job.career.co.kr/recruit/view/22155011,,,,,,,정규직,주5일근무,시급,,,부산 서구,,학력무관,2026-09-08 14:39:10
https://job.career.co.kr/recruit/view/22155010,,,,,,,정규직,주5일근무,연봉,,,부산 남구,,고등학교 졸업 이상,2026-09-08 14:39:11
https://job.career.co.kr/recruit/view/22155007,,,,,,,정규직,주5일근무,시급,,,부산 남구,,학력무관,2026-09-08 14:39:11
https://job.career.co.kr/recruit/view/22155006,,,,,,,정규직,주5일근무,시급,,,부산 수영구,,학력무관,2026-09-08 14:39:11
https://job.career.co.kr/recruit/view/22155003,,,,,,,정규직,주6일근무,월급,,,부산 연제구,,학력무관,2026-09-08 14:39:12
https://job.career.co.kr/recruit/view/22154999,,,,,,,계약직,주3일근무,월급,,,부산 서구,,학력무관,2026-09-08 14:39:12
https://job.career.co.kr/recruit/view/22154997,,,,,,,정규직,주6일근무,시급,,,부산 해운대구,,학력무관,2026-09-08 14:39:12
https://job.career.co.kr/recruit/view/22154992,,,,,,,정규직,주5일근무,연봉,,,부산 부산진구,,학력무관,2026-09-08 14:39:13
https://job.career.co.kr/recruit/view/22154991,,,,,,,정규직,주5일근무,연봉,,,부산 연제구,,학력무관,2026-09-08 14:39:13
https://job.career.co.kr/recruit/view/22154990,,,,,,,정규직,주5일근무,시급,,,부산 서구,,학력무관,2026-09-08 14:39:13
https://job.career.co.kr/recruit/view/22154989,,,,,,,정규직,주5일근무,연봉,,,부산 남구,,대학교(4년) 졸업 이상,2026-09-08 14:39:14
https://job.career.co.kr/recruit/view/22154987,,,,,,,정규직,주5일근무,월급,,,부산 영도구,,학력무관,2026-09-08 14:39:14
https://job.career.co.kr/recruit/view/22154986,,,,,,,계약직,주5일근무,시급,,,부산 영도구,,학력무관,2026-09-08 14:39:14
https://job.career.co.kr/recruit/view/22154984,,,,,,,계약직,주5일근무,월급,,,부산 부산진구,,학력무관,2026-09-08 14:39:15
https://job.career.co.kr/recruit/view/22154983,,,,,,,정규직,주5일근무,시급,,,부산 동구,,학력무관,2026-09-08 14:39:15
https://job.career.co.kr/recruit/view/22154981,,,,,,,정규직,주5일근무,시급,,,부산 북구,,학력무관,2026-09-08 14:39:15
https://job.career.co.kr/recruit/view/22154980,,,,,,,정규직,주5일근무,연봉,,,부산 강서구,,학력무관,2026-09-08 14:39:16
https://job.career.co.kr/recruit/view/22154979,,,,,,,정규직,주5일근무,시급,,,부산 사하구,,학력무관,2026-09-08 14:39:16
https://job.career.co.kr/recruit/view/22154666,,,,,,,정규직,주5일근무,연봉,,,부산 연제구,,학력무관,2026-09-08 14:39:16
https://job.career.co.kr/recruit/view/22154665,,,,,,,계약직,주5일근무,연봉,,,부산 사하구,,"대학(2,3년) 졸업 이상",2026-09-08 14:39:17
https://job.career.co.kr/recruit/view/22154664,,,,,,,계약직,주5일근무,연봉,,,부산 사하구,,"대학(2,3년) 졸업 이상",2026-09-08 14:39:17
https://job.career.co.kr/recruit/view/22154657,,,,,,,정규직,주5일근무,시급,,,부산 강서구,,학력무관,2026-09-08 14:39:17
https://job.career.co.kr/recruit/view/22154656,,,,,,,정규직,주5일근무,시급,,,부산 강서구,,학력무관,2026-09-08 14:39:18
https://job.career.co.kr/recruit/view/22154655,,,,,,,정규직,주5일근무,시급,,,부산 강서구,,고등학교 졸업 이상,2026-09-08 14:39:18
https://job.career.co.kr/recruit/view/22154653,,,,,,,계약직,주5일근무,일급,,,부산 해운대구,,학력무관,2026-09-08 14:39:18
https://job.career.co.kr/recruit/view/22154652,,,,,,,정규직,주5일근무,연봉,,,부산 사상구,,학력무관,2026-09-08 14:39:19
https://job.career.co.kr/recruit/view/22154403,,,,,,,정규직,주6일근무,월급,,,부산 수영구,,학력무관,2026-09-08 14:39:19
https://job.career.co.kr/recruit/view/22154402,,,,,,,계약직,주4일근무,월급,,,부산 서구,,학력무관,2026-09-08 14:39:19
https://job.career.co.kr/recruit/view/22154401,,,,,,,계약직,주4일근무,월급,,,부산 영도구,,학력무관,2026-09-08 14:39:20
https://job.career.co.kr/recruit/view/22154400,,,,,,,계약직,주5일근무,월급,,,부산 영도구,,학력무관,2026-09-08 14:39:20
https://job.career.co.kr/recruit/view/22154399,,,,,,,계약직,주6일근무,월급,,,부산 기장군,,학력무관,2026-09-08 14:39:20
https://job.career.co.kr/recruit/view/22154398,,,,,,,계약직,주6일근무,월급,,,부산 서구,,학력무관,2026-09-08 14:39:21
https://job.career.co.kr/recruit/view/22154397,,,,,,,계약직,주6일근무,시급,,,부산 사상구,,학력무관,2026-09-08 14:39:21
https://job.career.co.kr/recruit/view/22154396,,,,,,,정규직,학력,시급,,,부산 사상구,,학력무관,2026-09-08 14:39:21
https://job.career.co.kr/recruit/view/22154395,,,,,,,계약직,주4일근무,월급,,,부산 기장군,,학력무관,2026-09-08 14:39:22
https://job.career.co.kr/recruit/view/22154394,,,,,,,계약직,주5일근무,월급,,,부산 동래구,,학력무관,2026-09-08 14:39:22
https://job.career.co.kr/recruit/view/22154393,,,,,,,계약직,주6일근무,월급,,,부산 북구,,학력무관,2026-09-08 14:39:22
https://job.career.co.kr/recruit/view/22154392,,,,,,,계약직,주4일근무,월급,,,부산 부산진구,,학력무관,2026-09-08 14:39:23
https://job.career.co.kr/recruit/view/22154390,,,,,,,정규직,주5일근무,월급,,,부산 동래구,,학력무관,2026-09-08 14:39:23
https://job.career.co.kr/recruit/view/22154389,,,,,,,계약직,주5일근무,연봉,,,부산 기장군,,학력무관,2026-09-08 14:39:23
https://job.career.co.kr/recruit/view/22154388,,,,,,,정규직,주5일근무,시급,,,부산 부산진구,,학력무관,2026-09-08 14:39:24
https://job.career.co.kr/recruit/view/22154385,,,,,,,계약직,주4일근무,시급,,,부산 기장군,,학력무관,2026-09-08 14:39:24
https://job.career.co.kr/recruit/view/22154141,,,,,,,정규직,주5일근무,연봉,,,부산 사하구,,학력무관,2026-09-08 14:39:24
https://job.career.co.kr/recruit/view/22154117,,,,,,,계약직,주5일근무,시급,,,부산 기장군,,학력무관,2026-09-08 14:39:25
https://job.career.co.kr/recruit/view/22154058,,,,,,,계약직,주5일근무,월급,,,부산 부산진구,,학력무관,2026-09-08 14:39:25
https://job.career.co.kr/recruit/view/22154057,,,,,,,정규직,주5일근무,시급,,,부산 서구,,학력무관,2026-09-08 14:39:25
https://job.career.co.kr/recruit/view/22154056,,,,,,,정규직,주5일근무,시급,,,부산 남구,,학력무관,2026-09-08 14:39:26
https://job.career.co.kr/recruit/view/22154052,,,,,,,정규직,주5일근무,시급,,,부산 동구,,학력무관,2026-09-08 14:39:26
https://job.career.co.kr/recruit/view/22154051,,,,,,,정규직,주6일근무,시급,,,부산 서구,,학력무관,2026-09-08 14:39:26
https://job.career.co.kr/recruit/view/22154050,,,,,,,정규직,주6일근무,월급,,,부산 영도구,,학력무관,2026-09-08 14:39:27
https://job.career.co.kr/recruit/view/22154047,,,,,,,정규직,주6일근무,시급,,,부산 부산진구,,학력무관,2026-09-08 14:39:27
https://job.career.co.kr/recruit/view/22154046,,,,,,,정규직,주5일근무,시급,,,부산 영도구,,학력무관,2026-09-08 14:39:27
https://job.career.co.kr/recruit/view/22153996,,,,,,,정규직,주5일근무,시급,,,부산 서구,,학력무관,2026-09-08 14:39:28
https://job.career.co.kr/recruit/view/22153995,,,,,,,정규직,주5일근무,시급,,,부산 서구,,학력무관,2026-09-08 14:39:28
https://job.career.co.kr/recruit/view/22153993,,,,,,,계약직,주5일근무,월급,,,부산 사상구,,학력무관,2026-09-08 14:39:28
https://job.career.co.kr/recruit/view/22153708,,,,,,,계약직,주5일근무,월급,,,부산 기장군,,학력무관,2026-09-08 14:39:29
https://job.career.co.kr/recruit/view/22152073,,,,,,,정규직,주3일근무,월급,,,부산 강서구,,학력무관,2026-09-08 14:39:29
https://job.career.co.kr/recruit/view/22151928,,,,,,,정규직,주5일근무,월급,,,부산 강서구,,학력무관,2026-09-08 14:39:29
https://job.career.co.kr/recruit/view/22151925,,,,,,,정규직,주5일근무,월급,,,부산 강서구,,학력무관,2026-09-08 14:39:30
https://job.career.co.kr/recruit/view/22151922,,,,,,,정규직,주6일근무,시급,,,부산 북구,,학력무관,2026-09-08 14:39:30
https://job.career.co.kr/recruit/view/22151921,,,,,,,정규직,주5일근무,월급,,,부산 강서구,,학력무관,2026-09-08 14:39:30
https://job.career.co.kr/recruit/view/22151920,,,,,,,계약직,주5일근무,월급,,,부산 북구,,학력무관,2026-09-08 14:39:31
https://job.career.co.kr/recruit/view/22151919,,,,,,,정규직,주5일근무,월급,,,부산 강서구,,학력무관,2026-09-08 14:39:31
https://job.career.co.kr/recruit/view/22151917,,,,,,,정규직,주5일근무,연봉,,,부산 북구,,학력무관,2026-09-08 14:39:31
https://job.career.co.kr/recruit/view/22151916,,,,,,,정규직,주5일근무,연봉,,,부산 사상구,,학력무관,2026-09-08 14:39:32
https://job.career.co.kr/recruit/view/22151913,,,,,,,정규직,주5일근무,월급,,,부산 강서구,,학력무관,2026-09-08 14:39:32
https://job.career.co.kr/recruit/view/22151911,,,,,,,정규직,주5일근무,연봉,,,부산 강서구,,학력무관,2026-09-08 14:39:32
https://job.career.co.kr/recruit/view/22151910,,,,,,,정규직,주5일근무,연봉,,,부산 강서구,,학력무관,2026-09-08 14:39:33
https://job.career.co.kr/recruit/view/22151909,,,,,,,계약직,주5일근무,연봉,,,부산 사상구,,학력무관,2026-09-08 14:39:33
https://job.career.co.kr/recruit/view/22151908,,,,,,,정규직,주5일근무,시급,,,부산 사상구,,학력무관,2026-09-08 14:39:33
https://job.career.co.kr/recruit/view/22151907,,,,,,,정규직,주5일근무,월급,,,부산 강서구,,학력무관,2026-09-08 14:39:34
https://job.career.co.kr/recruit/view/22151906,,,,,,,정규직,주5일근무,연봉,,,부산 북구,,학력무관,2026-09-08 14:39:34
https://job.career.co.kr/recruit/view/22151905,,,,,,,정규직,주5일근무,시급,,,부산 강서구,,학력무관,2026-09-08 14:39:34
https://job.career.co.kr/recruit/view/22151904,,,,,,,정규직,주5일근무,월급,,,부산 강서구,,학력무관,2026-09-08 14:39:35
https://job.career.co.kr/recruit/view/22151902,,,,,,,정규직,주5일근무,월급,,,부산 북구,,학력무관,2026-09-08 14:39:35
https://job.career.co.kr/recruit/view/22151901,,,,,,,정규직,주5일근무,월급,,,부산 강서구,,학력무관,2026-09-08 14:39:35
https://job.career.co.kr/recruit/view/22151899,,,,,,,정규직,주5일근무,연봉,,,부산 사상구,,학력무관,2026-09-08 14:39:36
https://job.career.co.kr/recruit/view/22151897,,,,,,,정규직,주5일근무,월급,,,부산 사상구,,학력무관,2026-09-08 14:39:36
https://job.career.co.kr/recruit/view/22151896,,,,,,,정규직,주5일근무,시급,,,부산 강서구,,학력무관,2026-09-08 14:39:36
https://job.career.co.kr/recruit/view/22151895,,,,,,,정규직,주5일근무,연봉,,,부산 사상구,,학력무관,2026-09-08 14:39:37
https://job.career.co.kr/recruit/view/22151894,,,,,,,정규직,주5일근무,연봉,,,부산 사상구,,학력무관,2026-09-08 14:39:37
https://job.career.co.kr/recruit/view/22151893,,,,,,,정규직,주5일근무,월급,,,부산 사상구,,학력무관,2026-09-08 14:39:37
https://job.career.co.kr/recruit/view/22151890,,,,,,,정규직,주6일근무,연봉,,,부산 사상구,,학력무관,2026-09-08 14:39:38
https://job.career.co.kr/recruit/view/22151889,,,,,,,정규직,주5일근무,연봉,,,부산 사상구,,학력무관,2026-09-08 14:39:38
https://job.career.co.kr/recruit/view/22151888,,,,,,,정규직,주5일근무,월급,,,부산 사상구,,학력무관,2026-09-08 14:39:38
https://job.career.co.kr/recruit/view/22151885,,,,,,,정규직,주5일근무,월급,,,부산 강서구,,학력무관,2026-09-08 14:39:39
https://job.career.co.kr/recruit/view/22151883,,,,,,,정규직,주4일근무,월급,,,부산 동래구,,학력무관,2026-09-08 14:39:39
https://job.career.co.kr/recruit/view/22151882,,,,,,,계약직,주5일근무,월급,,,부산 사상구,,학력무관,2026-09-08 14:39:39
https://job.career.co.kr/recruit/view/22151879,,,,,,,정규직,주5일근무,연봉,,,부산 강서구,,학력무관,2026-09-08 14:39:40
https://job.career.co.kr/recruit/view/22151878,,,,,,,정규직,주5일근무,연봉,,,부산 강서구,,학력무관,2026-09-08 14:39:40
https://job.career.co.kr/recruit/view/22151877,,,,,,,정규직,주5일근무,연봉,,,부산 강서구,,학력무관,2026-09-08 14:39:40
https://job.career.co.kr/recruit/view/22151876,,,,,,,정규직,주5일근무,월급,,,부산 강서구,,학력무관,2026-09-08 14:39:41
https://job.career.co.kr/recruit/view/22151871,,,,,,,정규직,주5일근무,시급,,,부산 강서구,,학력무관,2026-09-08 14:39:41
https://job.career.co.kr/recruit/view/22151868,,,,,,,정규직,주6일근무,연봉,,,부산 강서구,,학력무관,2026-09-08 14:39:41
https://job.career.co.kr/recruit/view/22151867,,,,,,,정규직,주5일근무,연봉,,,부산 강서구,,학력무관,2026-09-08 14:39:42
https://job.career.co.kr/recruit/view/22151866,,,,,,,정규직,주5일근무,연봉,,,부산 강서구,,학력무관,2026-09-08 14:39:42
https://job.career.co.kr/recruit/view/22151865,,,,,,,정규직,주6일근무,월급,,,부산 북구,,학력무관,2026-09-08 14:39:42
https://job.career.co.kr/recruit/view/22151862,,,,,,,계약직,주5일근무,시급,,,부산 강서구,,학력무관,2026-09-08 14:39:43
https://job.career.co.kr/recruit/view/22151861,,,,,,,정규직,주5일근무,시급,,,부산 강서구,,학력무관,2026-09-08 14:39:43
https://job.career.co.kr/recruit/view/22151860,,,,,,,정규직,주5일근무,시급,,,부산 사상구,,학력무관,2026-09-08 14:39:43
https://job.career.co.kr/recruit/view/22151859,,,,,,,정규직,주5일근무,월급,,,부산 북구,,학력무관,2026-09-08 14:39:44
https://job.career.co.kr/recruit/view/22151855,,,,,,,계약직,주5일근무,월급,,,부산 수영구,,학력무관,2026-09-08 14:39:44
https://job.career.co.kr/recruit/view/22151851,,,,,,,정규직,주6일근무,연봉,,,부산 해운대구,,학력무관,2026-09-08 14:39:44
https://job.career.co.kr/recruit/view/22151846,,,,,,,정규직,주4일근무,시급,,,부산 수영구,,학력무관,2026-09-08 14:39:45
https://job.career.co.kr/recruit/view/22151841,,,,,,,정규직,주5일근무,월급,,,부산 해운대구,,학력무관,2026-09-08 14:39:45
https://job.career.co.kr/recruit/view/22151845,,,,,,,계약직,주5일근무,연봉,,,부산 금정구,,학력무관,2026-09-08 14:39:45
https://job.career.co.kr/recruit/view/22151838,,,,,,,정규직,주5일근무,월급,,,부산 해운대구,,학력무관,2026-09-08 14:39:46
https://job.career.co.kr/recruit/view/22151837,,,,,,,정규직,주5일근무,월급,,,부산 수영구,,학력무관,2026-09-08 14:39:46
https://job.career.co.kr/recruit/view/22151834,,,,,,,정규직,주3일근무,시급,,,부산 해운대구,,학력무관,2026-09-08 14:39:46
https://job.career.co.kr/recruit/view/22151831,,,,,,,정규직,주5일근무,월급,,,부산 해운대구,,학력무관,2026-09-08 14:39:47
https://job.career.co.kr/recruit/view/22151827,,,,,,,정규직,주5일근무,연봉,,,부산 동래구,,학력무관,2026-09-08 14:39:47
https://job.career.co.kr/recruit/view/22151825,,,,,,,정규직,주5일근무,연봉,,,부산 기장군,,학력무관,2026-09-08 14:39:47
https://job.career.co.kr/recruit/view/22151820,,,,,,,계약직,주6일근무,월급,,,부산 금정구,,학력무관,2026-09-08 14:39:48
https://job.career.co.kr/recruit/view/22151819,,,,,,,정규직,주5일근무,연봉,,,부산 기장군,,학력무관,2026-09-08 14:39:48
https://job.career.co.kr/recruit/view/22151816,,,,,,,정규직,주5일근무,월급,,,부산 동래구,,학력무관,2026-09-08 14:39:48
https://job.career.co.kr/recruit/view/22151813,,,,,,,정규직,주5일근무,월급,,,부산 동래구,,학력무관,2026-09-08 14:39:49
https://job.career.co.kr/recruit/view/22151810,,,,,,,계약직,주5일근무,월급,,,부산 해운대구,,학력무관,2026-09-08 14:39:49
https://job.career.co.kr/recruit/view/22151805,,,,,,,정규직,주5일근무,월급,,,부산 기장군,,학력무관,2026-09-08 14:39:49
https://job.career.co.kr/recruit/view/22151804,,,,,,,정규직,주5일근무,월급,,,부산 사하구,,학력무관,2026-09-08 14:39:50
https://job.career.co.kr/recruit/view/22151803,,,,,,,정규직,주5일근무,월급,,,부산 사하구,,학력무관,2026-09-08 14:39:50
https://job.career.co.kr/recruit/view/22151802,,,,,,,정규직,주5일근무,연봉,,,부산 사하구,,학력무관,2026-09-08 14:39:50
https://job.career.co.kr/recruit/view/22151801,,,,,,,정규직,주5일근무,연봉,,,부산 사하구,,학력무관,2026-09-08 14:39:51
https://job.career.co.kr/recruit/view/22151800,,,,,,,계약직,주5일근무,연봉,,,부산 사하구,,학력무관,2026-09-08 14:39:51
https://job.career.co.kr/recruit/view/22151799,,,,,,,정규직,주6일근무,일급,,,부산 사하구,,학력무관,2026-09-08 14:39:51
https://job.career.co.kr/recruit/view/22151798,,,,,,,정규직,주5일근무,월급,,,부산 사하구,,학력무관,2026-09-08 14:39:52
https://job.career.co.kr/recruit/view/22151796,,,,,,,정규직,주5일근무,월급,,,부산 사하구,,학력무관,2026-09-08 14:39:52
https://job.career.co.kr/recruit/view/22151795,,,,,,,정규직,주5일근무,월급,,,부산 사하구,,학력무관,2026-09-08 14:39:52
https://job.career.co.kr/recruit/view/22151794,,,,,,,정규직,주5일근무,월급,,,부산 사하구,,"대학(2,3년) 졸업 이상",2026-09-08 14:39:53
https://job.career.co.kr/recruit/view/22151793,,,,,,,정규직,주5일근무,연봉,,,부산 사하구,,학력무관,2026-09-08 14:39:53
https://job.career.co.kr/recruit/view/22151790,,,,,,,계약직,주5일근무,시급,,,부산 사하구,,학력무관,2026-09-08 14:39:53
https://job.career.co.kr/recruit/view/22151789,,,,,,,정규직,주5일근무,시급,,,부산 사하구,,학력무관,2026-09-08 14:39:54
https://job.career.co.kr/recruit/view/22151788,,,,,,,정규직,주5일근무,월급,,,부산 사하구,,학력무관,2026-09-08 14:39:54
https://job.career.co.kr/recruit/view/22151787,,,,,,,계약직,주5일근무,월급,,,부산 사하구,,학력무관,2026-09-08 14:39:54
https://job.career.co.kr/recruit/view/22151786,,,,,,,계약직,주5일근무,월급,,,부산 영도구,,학력무관,2026-09-08 14:39:55
https://job.career.co.kr/recruit/view/22151782,,,,,,,계약직,주5일근무,연봉,,,부산 남구,,학력무관,2026-09-08 14:39:55
https://job.career.co.kr/recruit/view/22151781,,,,,,,계약직,주5일근무,시급,,,부산 영도구,,학력무관,2026-09-08 14:39:55
https://job.career.co.kr/recruit/view/22151780,,,,,,,정규직,주6일근무,일급,,,부산 영도구,,학력무관,2026-09-08 14:39:56
https://job.career.co.kr/recruit/view/22151779,,,,,,,계약직,주5일근무,월급,,,부산 남구,,고등학교 졸업 이상,2026-09-08 14:39:56
https://job.career.co.kr/recruit/view/22151778,,,,,,,정규직,주5일근무,연봉,,,부산 남구,,학력무관,2026-09-08 14:39:56
https://job.career.co.kr/recruit/view/22151775,,,,,,,계약직,주5일근무,연봉,,,부산 중구,,"대학(2,3년) 졸업 이상",2026-09-08 14:39:57
https://job.career.co.kr/recruit/view/22151773,,,,,,,계약직,주5일근무,월급,,,부산 부산진구,,학력무관,2026-09-08 14:39:57
https://job.career.co.kr/recruit/view/22151767,,,,,,,계약직,주5일근무,월급,,,부산 강서구,,학력무관,2026-09-08 14:39:57
https://job.career.co.kr/recruit/view/22151764,,,,,,,정규직,주5일근무,월급,,,부산 사하구,,학력무관,2026-09-08 14:39:58
https://job.career.co.kr/recruit/view/22151762,,,,,,,계약직,주5일근무,월급,,,부산 영도구,,학력무관,2026-09-08 14:39:58
https://job.career.co.kr/recruit/view/22151758,,,,,,,계약직,주5일근무,연봉,,,부산 서구,,학력무관,2026-09-08 14:39:58
https://job.career.co.kr/recruit/view/22151754,,,,,,,정규직,주5일근무,시급,,,부산 북구,,학력무관,2026-09-08 14:39:59
https://job.career.co.kr/recruit/view/22151753,,,,,,,정규직,주5일근무,시급,,,부산 강서구,,학력무관,2026-09-08 14:39:59
https://job.career.co.kr/recruit/view/22151752,,,,,,,정규직,주5일근무,월급,,,부산 사하구,,학력무관,2026-09-08 14:39:59
https://job.career.co.kr/recruit/view/22151740,,,,,,,정규직,주5일근무,시급,,,부산 수영구,,학력무관,2026-09-08 14:40:00
https://job.career.co.kr/recruit/view/22151739,,,,,,,계약직,주5일근무,월급,,,부산 서구,,학력무관,2026-09-08 14:40:00
https://job.career.co.kr/recruit/view/22151738,,,,,,,정규직,주5일근무,월급,,,부산 영도구,,학력무관,2026-09-08 14:40:00
https://job.career.co.kr/recruit/view/22151737,,,,,,,정규직,주5일근무,연봉,,,부산 부산진구,,학력무관,2026-09-08 14:40:01
https://job.career.co.kr/recruit/view/22151569,,,,,,,정규직,주5일근무,월급,,,부산 중구,,학력무관,2026-09-08 14:40:01
https://job.career.co.kr/recruit/view/22151541,,,,,,,정규직,주5일근무,월급,,,부산 해운대구,,학력무관,2026-09-08 14:40:01
https://job.career.co.kr/recruit/view/22151284,,,,,,,정규직,주5일근무,시급,,,부산 남구,,학력무관,2026-09-08 14:40:02
https://job.career.co.kr/recruit/view/22151282,,,,,,,정규직,주5일근무,시급,,,부산 사하구,,학력무관,2026-09-08 14:40:02
https://job.career.co.kr/recruit/view/22151280,,,,,,,계약직,주6일근무,월급,,,부산 연제구,,학력무관,2026-09-08 14:40:02
https://job.career.co.kr/recruit/view/22151279,,,,,,,계약직,주4일근무,월급,,,부산 사하구,,학력무관,2026-09-08 14:40:03
https://job.career.co.kr/recruit/view/22151274,,,,,,,정규직,주6일근무,월급,,,부산 기장군,,고등학교 미만 졸업,2026-09-08 14:40:03
https://job.career.co.kr/recruit/view/22151273,,,,,,,정규직,주6일근무,월급,,,부산 금정구,,학력무관,2026-09-08 14:40:03
https://job.career.co.kr/recruit/view/22151272,,,,,,,계약직,주5일근무,월급,,,부산 사하구,,학력무관,2026-09-08 14:40:04
https://job.career.co.kr/recruit/view/22151271,,,,,,,계약직,주4일근무,월급,,,부산 사하구,,학력무관,2026-09-08 14:40:04
https://job.career.co.kr/recruit/view/22151270,,,,,,,계약직,주5일근무,월급,,,부산 강서구,,학력무관,2026-09-08 14:40:04
https://job.career.co.kr/recruit/view/22151025,,,,,,,정규직,주5일근무,연봉,,,부산 강서구,,"대학(2,3년) 졸업 이상",2026-09-08 14:40:05
https://job.career.co.kr/recruit/view/22151019,,,,,,,정규직,주5일근무,연봉,,,부산 강서구,,고등학교 졸업 이상,2026-09-08 14:40:05
https://job.career.co.kr/recruit/view/22151018,,,,,,,정규직,주5일근무,연봉,,,부산 강서구,,고등학교 졸업 이상,2026-09-08 14:40:05
https://job.career.co.kr/recruit/view/22151014,,,,,,,계약직,주5일근무,시급,,,부산 기장군,,고등학교 미만 졸업,2026-09-08 14:40:06
https://job.career.co.kr/recruit/view/22150975,,,,,,,계약직,주5일근무,일급,,,부산 기장군,,학력무관,2026-09-08 14:40:06
https://job.career.co.kr/recruit/view/22150932,,,,,,,정규직,주5일근무,시급,,,부산 해운대구,,학력무관,2026-09-08 14:40:06
https://job.career.co.kr/recruit/view/22150928,,,,,,,정규직,주5일근무,시급,,,부산 강서구,,학력무관,2026-09-08 14:40:07
https://job.career.co.kr/recruit/view/22150927,,,,,,,정규직,주6일근무,시급,,,부산 기장군,,학력무관,2026-09-08 14:40:07
https://job.career.co.kr/recruit/view/22150931,,,,,,,정규직,주5일근무,시급,,,부산 북구,,학력무관,2026-09-08 14:40:08
https://job.career.co.kr/recruit/view/22150925,,,,,,,정규직,주5일근무,시급,,,부산 사상구,,학력무관,2026-09-08 14:40:08
https://job.career.co.kr/recruit/view/22150848,,,,,,,정규직,주5일근무,시급,,,부산 남구,,학력무관,2026-09-08 14:40:08
https://job.career.co.kr/recruit/view/22150844,,,,,,,계약직,주5일근무,시급,,,부산 사상구,,학력무관,2026-09-08 14:40:08
https://job.career.co.kr/recruit/view/22150734,,,,,,,정규직,주5일근무,연봉,,,부산 연제구,,고등학교 졸업 이상,2026-09-08 14:40:09
https://job.career.co.kr/recruit/view/22150092,,,,,,,계약직,주4일근무,월급,,,부산 남구,,학력무관,2026-09-08 14:40:09
https://job.career.co.kr/recruit/view/22148873,,,,,,,정규직,주5일근무,월급,,,부산 강서구,,학력무관,2026-09-08 14:40:09
https://job.career.co.kr/recruit/view/22148843,,,,,,,계약직,주5일근무,월급,,,부산 사하구,,학력무관,2026-09-08 14:40:10
https://job.career.co.kr/recruit/view/22148681,,,,,,,계약직,주5일근무,시급,,,부산 강서구,,학력무관,2026-09-08 14:40:10
https://job.career.co.kr/recruit/view/22148680,,,,,,,계약직,주5일근무,월급,,,부산 강서구,,학력무관,2026-09-08 14:40:10
https://job.career.co.kr/recruit/view/22148679,,,,,,,정규직,주5일근무,월급,,,부산 강서구,,고등학교 졸업 이상,2026-09-08 14:40:11
https://job.career.co.kr/recruit/view/22148678,,,,,,,정규직,주5일근무,월급,,,부산 강서구,,학력무관,2026-09-08 14:40:11
https://job.career.co.kr/recruit/view/22148677,,,,,,,정규직,주5일근무,월급,,,부산 강서구,,학력무관,2026-09-08 14:40:11
https://job.career.co.kr/recruit/view/22148676,,,,,,,정규직,주5일근무,월급,,,부산 강서구,,학력무관,2026-09-08 14:40:12
https://job.career.co.kr/recruit/view/22148675,,,,,,,정규직,주5일근무,월급,,,부산 강서구,,학력무관,2026-09-08 14:40:12
https://job.career.co.kr/recruit/view/22148674,,,,,,,정규직,주5일근무,연봉,,,부산 강서구,,학력무관,2026-09-08 14:40:12
https://job.career.co.kr/recruit/view/22148665,,,,,,,계약직,주5일근무,시급,,,부산 사상구,,학력무관,2026-09-08 14:40:13
https://job.career.co.kr/recruit/view/22148664,,,,,,,계약직,주4일근무,월급,,,부산 사상구,,학력무관,2026-09-08 14:40:13
https://job.career.co.kr/recruit/view/22148663,,,,,,,정규직,주5일근무,연봉,,,부산 강서구,,학력무관,2026-09-08 14:40:13
https://job.career.co.kr/recruit/view/22148662,,,,,,,정규직,주5일근무,연봉,,,부산 강서구,,학력무관,2026-09-08 14:40:14
https://job.career.co.kr/recruit/view/22148661,,,,,,,정규직,주5일근무,월급,,,부산 강서구,,학력무관,2026-09-08 14:40:14
https://job.career.co.kr/recruit/view/22148660,,,,,,,정규직,주5일근무,시급,,,부산 사상구,,학력무관,2026-09-08 14:40:14
https://job.career.co.kr/recruit/view/22148658,,,,,,,정규직,주5일근무,연봉,,,부산 북구,,학력무관,2026-09-08 14:40:15
https://job.career.co.kr/recruit/view/22148656,,,,,,,정규직,주5일근무,연봉,,,부산 사상구,,학력무관,2026-09-08 14:40:15
https://job.career.co.kr/recruit/view/22148655,,,,,,,정규직,주5일근무,연봉,,,부산 강서구,,학력무관,2026-09-08 14:40:15
https://job.career.co.kr/recruit/view/22148652,,,,,,,정규직,주5일근무,연봉,,,부산 사상구,,학력무관,2026-09-08 14:40:16
https://job.career.co.kr/recruit/view/22148651,,,,,,,정규직,주5일근무,월급,,,부산 사상구,,학력무관,2026-09-08 14:40:16
https://job.career.co.kr/recruit/view/22148648,,,,,,,정규직,주5일근무,월급,,,부산 사상구,,학력무관,2026-09-08 14:40:16
https://job.career.co.kr/recruit/view/22148647,,,,,,,정규직,주5일근무,월급,,,부산 사상구,,"대학(2,3년) 졸업 이상",2026-09-08 14:40:17
https://job.career.co.kr/recruit/view/22148645,,,,,,,정규직,주5일근무,연봉,,,부산 사상구,,학력무관,2026-09-08 14:40:17
https://job.career.co.kr/recruit/view/22148635,,,,,,,정규직,주5일근무,월급,,,부산 사상구,,학력무관,2026-09-08 14:40:17
https://job.career.co.kr/recruit/view/22148634,,,,,,,계약직,주5일근무,시급,,,부산 사상구,,학력무관,2026-09-08 14:40:18
https://job.career.co.kr/recruit/view/22148632,,,,,,,정규직,주6일근무,시급,,,부산 남구,,학력무관,2026-09-08 14:40:18
https://job.career.co.kr/recruit/view/22148630,,,,,,,정규직,주5일근무,월급,,,부산 강서구,,고등학교 졸업 이상,2026-09-08 14:40:18
https://job.career.co.kr/recruit/view/22148627,,,,,,,정규직,주5일근무,연봉,,,부산 사상구,,학력무관,2026-09-08 14:40:19
https://job.career.co.kr/recruit/view/22148626,,,,,,,정규직,주5일근무,월급,,,부산 강서구,,학력무관,2026-09-08 14:40:19
https://job.career.co.kr/recruit/view/22148623,,,,,,,정규직,주5일근무,월급,,,부산 강서구,,학력무관,2026-09-08 14:40:19
https://job.career.co.kr/recruit/view/22148618,,,,,,,계약직,주5일근무,시급,,,부산 북구,,학력무관,2026-09-08 14:40:20
https://job.career.co.kr/recruit/view/22148617,,,,,,,정규직,주5일근무,시급,,,부산 강서구,,학력무관,2026-09-08 14:40:20
https://job.career.co.kr/recruit/view/22148616,,,,,,,정규직,주6일근무,시급,,,부산 강서구,,학력무관,2026-09-08 14:40:20
https://job.career.co.kr/recruit/view/22148615,,,,,,,정규직,주5일근무,월급,,,부산 수영구,,학력무관,2026-09-08 14:40:21
https://job.career.co.kr/recruit/view/22148612,,,,,,,정규직,주5일근무,월급,,,부산 기장군,,학력무관,2026-09-08 14:40:21
https://job.career.co.kr/recruit/view/22148610,,,,,,,계약직,주5일근무,월급,,,부산 기장군,,학력무관,2026-09-08 14:40:21
https://job.career.co.kr/recruit/view/22148609,,,,,,,정규직,주5일근무,시급,,,부산 부산진구,,학력무관,2026-09-08 14:40:22
https://job.career.co.kr/recruit/view/22148608,,,,,,,정규직,주5일근무,시급,,,부산 부산진구,,학력무관,2026-09-08 14:40:22
https://job.career.co.kr/recruit/view/22148607,,,,,,,정규직,주5일근무,시급,,,부산 해운대구,,학력무관,2026-09-08 14:40:22
https://job.career.co.kr/recruit/view/22148605,,,,,,,정규직,주5일근무,시급,,,부산 해운대구,,학력무관,2026-09-08 14:40:23
https://job.career.co.kr/recruit/view/22148603,,,,,,,정규직,주6일근무,시급,,,부산 해운대구,,학력무관,2026-09-08 14:40:23
https://job.career.co.kr/recruit/view/22148602,,,,,,,정규직,주5일근무,시급,,,부산 해운대구,,학력무관,2026-09-08 14:40:23
https://job.career.co.kr/recruit/view/22148597,,,,,,,정규직,주5일근무,시급,,,부산 기장군,,학력무관,2026-09-08 14:40:24
https://job.career.co.kr/recruit/view/22148594,,,,,,,정규직,주5일근무,월급,,,부산 금정구,,학력무관,2026-09-08 14:40:24
https://job.career.co.kr/recruit/view/22148593,,,,,,,정규직,주5일근무,시급,,,부산 해운대구,,학력무관,2026-09-08 14:40:24
https://job.career.co.kr/recruit/view/22148589,,,,,,,정규직,주5일근무,월급,,,부산 금정구,,학력무관,2026-09-08 14:40:25
https://job.career.co.kr/recruit/view/22148586,,,,,,,정규직,주5일근무,시급,,,부산 기장군,,학력무관,2026-09-08 14:40:25
https://job.career.co.kr/recruit/view/22148581,,,,,,,정규직,주5일근무,시급,,,부산 해운대구,,학력무관,2026-09-08 14:40:25
https://job.career.co.kr/recruit/view/22148578,,,,,,,정규직,주5일근무,월급,,,부산 금정구,,학력무관,2026-09-08 14:40:26
https://job.career.co.kr/recruit/view/22148575,,,,,,,정규직,주5일근무,연봉,,,부산 해운대구,,학력무관,2026-09-08 14:40:26
https://job.career.co.kr/recruit/view/22148574,,,,,,,정규직,주5일근무,월급,,,부산 수영구,,학력무관,2026-09-08 14:40:26
https://job.career.co.kr/recruit/view/22148571,,,,,,,정규직,주5일근무,월급,,,부산 해운대구,,학력무관,2026-09-08 14:40:27
https://job.career.co.kr/recruit/view/22148569,,,,,,,정규직,주5일근무,월급,,,부산 금정구,,학력무관,2026-09-08 14:40:27
https://job.career.co.kr/recruit/view/22148568,,,,,,,정규직,주5일근무,연봉,,,부산 기장군,,학력무관,2026-09-08 14:40:27
https://job.career.co.kr/recruit/view/22148567,,,,,,,정규직,주5일근무,연봉,,,부산 기장군,,학력무관,2026-09-08 14:40:28
https://job.career.co.kr/recruit/view/22148564,,,,,,,정규직,주5일근무,시급,,,부산 해운대구,,학력무관,2026-09-08 14:40:28
https://job.career.co.kr/recruit/view/22148559,,,,,,,정규직,주5일근무,월급,,,부산 해운대구,,학력무관,2026-09-08 14:40:28
https://job.career.co.kr/recruit/view/22148558,,,,,,,정규직,주5일근무,시급,,,부산 사하구,,학력무관,2026-09-08 14:40:29
https://job.career.co.kr/recruit/view/22148556,,,,,,,계약직,주5일근무,월급,,,부산 사하구,,학력무관,2026-09-08 14:40:29
https://job.career.co.kr/recruit/view/22148554,,,,,,,정규직,주5일근무,시급,,,부산 사하구,,학력무관,2026-09-08 14:40:29
https://job.career.co.kr/recruit/view/22148551,,,,,,,계약직,주6일근무,월급,,,부산 사하구,,학력무관,2026-09-08 14:40:30
https://job.career.co.kr/recruit/view/22148553,,,,,,,계약직,주5일근무,월급,,,부산 사하구,,학력무관,2026-09-08 14:40:30
https://job.career.co.kr/recruit/view/22148544,,,,,,,정규직,주5일근무,시급,,,부산 연제구,,학력무관,2026-09-08 14:40:30
https://job.career.co.kr/recruit/view/22148540,,,,,,,정규직,주6일근무,시급,,,부산 부산진구,,학력무관,2026-09-08 14:40:31
https://job.career.co.kr/recruit/view/22148539,,,,,,,정규직,주5일근무,월급,,,부산 중구,,고등학교 졸업 이상,2026-09-08 14:40:31
https://job.career.co.kr/recruit/view/22148537,,,,,,,계약직,주6일근무,시급,,,부산 영도구,,학력무관,2026-09-08 14:40:31
https://job.career.co.kr/recruit/view/22148535,,,,,,,정규직,주5일근무,연봉,,,부산 연제구,,학력무관,2026-09-08 14:40:32
https://job.career.co.kr/recruit/view/22148534,,,,,,,정규직,주5일근무,시급,,,부산 수영구,,학력무관,2026-09-08 14:40:32
https://job.career.co.kr/recruit/view/22148533,,,,,,,정규직,주5일근무,시급,,,부산 남구,,학력무관,2026-09-08 14:40:32
https://job.career.co.kr/recruit/view/22148530,,,,,,,정규직,주5일근무,월급,,,부산 영도구,,고등학교 미만 졸업,2026-09-08 14:40:33
https://job.career.co.kr/recruit/view/22148529,,,,,,,계약직,주5일근무,시급,,,부산 남구,,학력무관,2026-09-08 14:40:33
https://job.career.co.kr/recruit/view/22148526,,,,,,,정규직,주3일근무,시급,,,부산 동구,,학력무관,2026-09-08 14:40:33
https://job.career.co.kr/recruit/view/22148524,,,,,,,정규직,주6일근무,월급,,,부산 연제구,,학력무관,2026-09-08 14:40:34
https://job.career.co.kr/recruit/view/22148520,,,,,,,계약직,주5일근무,월급,,,부산 서구,,학력무관,2026-09-08 14:40:34
https://job.career.co.kr/recruit/view/22148519,,,,,,,정규직,주5일근무,시급,,,부산 영도구,,학력무관,2026-09-08 14:40:34
https://job.career.co.kr/recruit/view/22148517,,,,,,,정규직,주3일근무,시급,,,부산 동래구,,학력무관,2026-09-08 14:40:35
https://job.career.co.kr/recruit/view/22148440,,,,,,,계약직,주3일근무,월급,,,부산 금정구,,학력무관,2026-09-08 14:40:35
https://job.career.co.kr/recruit/view/22148439,,,,,,,계약직,주3일근무,월급,,,부산 금정구,,학력무관,2026-09-08 14:40:35
https://job.career.co.kr/recruit/view/22147972,,,,,,,정규직,주5일근무,시급,,,부산 해운대구,,학력무관,2026-09-08 14:40:36
https://job.career.co.kr/recruit/view/22147971,,,,,,,정규직,주5일근무,월급,,,부산 기장군,,학력무관,2026-09-08 14:40:36
https://job.career.co.kr/recruit/view/22147969,,,,,,,정규직,주5일근무,연봉,,,부산 북구,,학력무관,2026-09-08 14:40:37
https://job.career.co.kr/recruit/view/22147965,,,,,,,정규직,주5일근무,시급,,,부산 수영구,,학력무관,2026-09-08 14:40:37
https://job.career.co.kr/recruit/view/22147964,,,,,,,계약직,주4일근무,월급,,,부산 수영구,,학력무관,2026-09-08 14:40:37
https://job.career.co.kr/recruit/view/22147970,,,,,,,계약직,주5일근무,월급,,,부산 해운대구,,학력무관,2026-09-08 14:40:37
https://job.career.co.kr/recruit/view/22147962,,,,,,,계약직,주5일근무,월급,,,부산 수영구,,학력무관,2026-09-08 14:40:38
https://job.career.co.kr/recruit/view/22147961,,,,,,,계약직,주5일근무,시급,,,부산 수영구,,학력무관,2026-09-08 14:40:38
https://job.career.co.kr/recruit/view/22147959,,,,,,,정규직,주5일근무,월급,,,부산 해운대구,,학력무관,2026-09-08 14:40:38
https://job.career.co.kr/recruit/view/22147958,,,,,,,정규직,주6일근무,월급,,,부산 수영구,,학력무관,2026-09-08 14:40:39
https://job.career.co.kr/recruit/view/22147957,,,,,,,정규직,주5일근무,시급,,,부산 연제구,,학력무관,2026-09-08 14:40:39
https://job.career.co.kr/recruit/view/22147956,,,,,,,계약직,주5일근무,월급,,,부산 해운대구,,학력무관,2026-09-08 14:40:39
https://job.career.co.kr/recruit/view/22147954,,,,,,,계약직,주5일근무,시급,,,부산 사상구,,학력무관,2026-09-08 14:40:40
https://job.career.co.kr/recruit/view/22147953,,,,,,,계약직,주4일근무,시급,,,부산 사상구,,학력무관,2026-09-08 14:40:40
https://job.career.co.kr/recruit/view/22147952,,,,,,,정규직,주5일근무,월급,,,부산 사상구,,"대학(2,3년) 졸업 이상",2026-09-08 14:40:40
https://job.career.co.kr/recruit/view/22147951,,,,,,,정규직,주5일근무,시급,,,부산 사상구,,학력무관,2026-09-08 14:40:41
https://job.career.co.kr/recruit/view/22147950,,,,,,,계약직,주6일근무,월급,,,부산 영도구,,학력무관,2026-09-08 14:40:41
https://job.career.co.kr/recruit/view/22147948,,,,,,,정규직,주6일근무,월급,,,부산 사상구,,학력무관,2026-09-08 14:40:41
https://job.career.co.kr/recruit/view/22147947,,,,,,,계약직,주6일근무,월급,,,부산 중구,,학력무관,2026-09-08 14:40:42
https://job.career.co.kr/recruit/view/22147944,,,,,,,계약직,주6일근무,월급,,,부산 부산진구,,학력무관,2026-09-08 14:40:42
https://job.career.co.kr/recruit/view/22147942,,,,,,,계약직,주6일근무,월급,,,부산 부산진구,,학력무관,2026-09-08 14:40:42
https://job.career.co.kr/recruit/view/22147940,,,,,,,정규직,주6일근무,시급,,,부산 남구,,학력무관,2026-09-08 14:40:43
https://job.career.co.kr/recruit/view/22147938,,,,,,,정규직,주5일근무,시급,,,부산 기장군,,학력무관,2026-09-08 14:40:43
https://job.career.co.kr/recruit/view/22147937,,,,,,,계약직,주5일근무,월급,,,부산 서구,,고등학교 졸업 이상,2026-09-08 14:40:43
https://job.career.co.kr/recruit/view/22147922,,,,,,,정규직,주3일근무,시급,,,부산 기장군,,학력무관,2026-09-08 14:40:44
https://job.career.co.kr/recruit/view/22147667,,,,,,,정규직,주5일근무,연봉,,,부산 강서구,,학력무관,2026-09-08 14:40:44
https://job.career.co.kr/recruit/view/22147666,,,,,,,정규직,주5일근무,시급,,,부산 강서구,,학력무관,2026-09-08 14:40:44
https://job.career.co.kr/recruit/view/22147663,,,,,,,정규직,주5일근무,연봉,,,부산 강서구,,대학교(4년) 졸업 이상,2026-09-08 14:40:45
https://job.career.co.kr/recruit/view/22147655,,,,,,,정규직,주5일근무,연봉,,,부산 강서구,,대학교(4년) 졸업 이상,2026-09-08 14:40:45
https://job.career.co.kr/recruit/view/22147654,,,,,,,정규직,주5일근무,시급,,,부산 강서구,,"대학(2,3년) 졸업 이상",2026-09-08 14:40:45
https://job.career.co.kr/recruit/view/22147652,,,,,,,정규직,주5일근무,시급,,,부산 강서구,,"대학(2,3년) 졸업 이상",2026-09-08 14:40:46
https://job.career.co.kr/recruit/view/22147649,,,,,,,정규직,주5일근무,시급,,,부산 강서구,,"대학(2,3년) 졸업 이상",2026-09-08 14:40:46
https://job.career.co.kr/recruit/view/22147646,,,,,,,정규직,주5일근무,연봉,,,부산 영도구,,대학교(4년) 졸업 이상,2026-09-08 14:40:46
https://job.career.co.kr/recruit/view/22147645,,,,,,,정규직,주5일근무,연봉,,,부산 영도구,,대학교(4년) 졸업 이상,2026-09-08 14:40:47
https://job.career.co.kr/recruit/view/22147644,,,,,,,정규직,주5일근무,연봉,,,부산 영도구,,"대학(2,3년) 졸업 이상",2026-09-08 14:40:47
https://job.career.co.kr/recruit/view/22147559,,,,,,,정규직,주6일근무,월급,,,부산 동래구,,학력무관,2026-09-08 14:40:47
https://job.career.co.kr/recruit/view/22147555,,,,,,,정규직,주6일근무,시급,,,부산 사하구,,학력무관,2026-09-08 14:40:48
https://job.career.co.kr/recruit/view/22147552,,,,,,,정규직,주5일근무,시급,,,부산 남구,,학력무관,2026-09-08 14:40:48
https://job.career.co.kr/recruit/view/22147551,,,,,,,정규직,주5일근무,시급,,,부산 금정구,,학력무관,2026-09-08 14:40:48
https://job.career.co.kr/recruit/view/22147464,,,,,,,정규직,주5일근무,시급,,,부산 사하구,,학력무관,2026-09-08 14:40:49
https://job.career.co.kr/recruit/view/22147367,,,,,,,정규직,주3일근무,시급,,,부산 부산진구,,학력무관,2026-09-08 14:40:49
https://job.career.co.kr/recruit/view/22147313,,,,,,,정규직,주5일근무,시급,,,부산 기장군,,학력무관,2026-09-08 14:40:49
https://job.career.co.kr/recruit/view/22147297,,,,,,,정규직,주5일근무,시급,,,부산 기장군,,학력무관,2026-09-08 14:40:50
https://job.career.co.kr/recruit/view/22145140,,,,,,,정규직,주5일근무,연봉,,,부산 남구,,학력무관,2026-09-08 14:40:50
https://job.career.co.kr/recruit/view/22145131,,,,,,,정규직,주5일근무,시급,,,부산 기장군,,학력무관,2026-09-08 14:40:50
https://job.career.co.kr/recruit/view/22145090,,,,,,,정규직,주5일근무,연봉,,,부산 강서구,,학력무관,2026-09-08 14:40:51
https://job.career.co.kr/recruit/view/22145025,,,,,,,정규직,주5일근무,연봉,,,부산 사상구,,학력무관,2026-09-08 14:40:51
https://job.career.co.kr/recruit/view/22145023,,,,,,,정규직,주5일근무,시급,,,부산 강서구,,학력무관,2026-09-08 14:40:51
https://job.career.co.kr/recruit/view/22145022,,,,,,,정규직,주5일근무,월급,,,부산 강서구,,학력무관,2026-09-08 14:40:52
https://job.career.co.kr/recruit/view/22145021,,,,,,,정규직,학력,시급,,,부산 동래구,,학력무관,2026-09-08 14:40:52
https://job.career.co.kr/recruit/view/22145019,,,,,,,정규직,주5일근무,연봉,,,부산 강서구,,학력무관,2026-09-08 14:40:52
https://job.career.co.kr/recruit/view/22145017,,,,,,,계약직,주3일근무,월급,,,부산 북구,,학력무관,2026-09-08 14:40:53
https://job.career.co.kr/recruit/view/22145015,,,,,,,계약직,주5일근무,월급,,,부산 강서구,,학력무관,2026-09-08 14:40:53
https://job.career.co.kr/recruit/view/22145013,,,,,,,정규직,주5일근무,연봉,,,부산 강서구,,"대학(2,3년) 졸업 이상",2026-09-08 14:40:53
https://job.career.co.kr/recruit/view/22145012,,,,,,,정규직,주5일근무,시급,,,부산 강서구,,학력무관,2026-09-08 14:40:54
https://job.career.co.kr/recruit/view/22145011,,,,,,,계약직,주5일근무,월급,,,부산 사상구,,고등학교 졸업 이상,2026-09-08 14:40:54
https://job.career.co.kr/recruit/view/22145010,,,,,,,정규직,주5일근무,시급,,,부산 강서구,,학력무관,2026-09-08 14:40:54
https://job.career.co.kr/recruit/view/22145009,,,,,,,정규직,주5일근무,연봉,,,부산 강서구,,학력무관,2026-09-08 14:40:55
https://job.career.co.kr/recruit/view/22145004,,,,,,,정규직,주5일근무,월급,,,부산 사상구,,학력무관,2026-09-08 14:40:55
https://job.career.co.kr/recruit/view/22145003,,,,,,,계약직,주5일근무,연봉,,,부산 사상구,,학력무관,2026-09-08 14:40:55
https://job.career.co.kr/recruit/view/22145001,,,,,,,정규직,주5일근무,시급,,,부산 강서구,,학력무관,2026-09-08 14:40:56
https://job.career.co.kr/recruit/view/22145000,,,,,,,정규직,주5일근무,시급,,,부산 강서구,,학력무관,2026-09-08 14:40:56
https://job.career.co.kr/recruit/view/22144997,,,,,,,정규직,주5일근무,시급,,,부산 강서구,,학력무관,2026-09-08 14:40:56
https://job.career.co.kr/recruit/view/22144996,,,,,,,계약직,주6일근무,시급,,,부산 강서구,,학력무관,2026-09-08 14:40:57
https://job.career.co.kr/recruit/view/22144995,,,,,,,정규직,주5일근무,월급,,,부산 강서구,,학력무관,2026-09-08 14:40:57
https://job.career.co.kr/recruit/view/22144994,,,,,,,정규직,주5일근무,월급,,,부산 강서구,,"대학(2,3년) 졸업 이상",2026-09-08 14:40:57
https://job.career.co.kr/recruit/view/22144990,,,,,,,정규직,주5일근무,연봉,,,부산 강서구,,학력무관,2026-09-08 14:40:58
https://job.career.co.kr/recruit/view/22144989,,,,,,,정규직,주5일근무,연봉,,,부산 강서구,,학력무관,2026-09-08 14:40:58
https://job.career.co.kr/recruit/view/22144988,,,,,,,정규직,주5일근무,연봉,,,부산 강서구,,학력무관,2026-09-08 14:40:58
https://job.career.co.kr/recruit/view/22144987,,,,,,,정규직,주5일근무,연봉,,,부산 강서구,,학력무관,2026-09-08 14:40:59
https://job.career.co.kr/recruit/view/22144986,,,,,,,정규직,주5일근무,시급,,,부산 강서구,,학력무관,2026-09-08 14:40:59
https://job.career.co.kr/recruit/view/22144985,,,,,,,정규직,주5일근무,연봉,,,부산 강서구,,학력무관,2026-09-08 14:40:59
https://job.career.co.kr/recruit/view/22144984,,,,,,,정규직,주5일근무,시급,,,부산 북구,,학력무관,2026-09-08 14:41:00
https://job.career.co.kr/recruit/view/22144983,,,,,,,계약직,주5일근무,월급,,,부산 북구,,대학교(4년) 졸업 이상,2026-09-08 14:41:00
https://job.career.co.kr/recruit/view/22144981,,,,,,,정규직,주6일근무,월급,,,부산 강서구,,학력무관,2026-09-08 14:41:00
https://job.career.co.kr/recruit/view/22144980,,,,,,,정규직,주6일근무,월급,,,부산 강서구,,학력무관,2026-09-08 14:41:01
https://job.career.co.kr/recruit/view/22144979,,,,,,,정규직,주5일근무,월급,,,부산 강서구,,학력무관,2026-09-08 14:41:01
https://job.career.co.kr/recruit/view/22144978,,,,,,,정규직,주5일근무,월급,,,부산 강서구,,학력무관,2026-09-08 14:41:01
https://job.career.co.kr/recruit/view/22144977,,,,,,,계약직,주5일근무,월급,,,부산 금정구,,학력무관,2026-09-08 14:41:02
https://job.career.co.kr/recruit/view/22144973,,,,,,,정규직,주5일근무,연봉,,,부산 기장군,,학력무관,2026-09-08 14:41:02
https://job.career.co.kr/recruit/view/22144971,,,,,,,정규직,주5일근무,시급,,,부산 해운대구,,학력무관,2026-09-08 14:41:02
https://job.career.co.kr/recruit/view/22144968,,,,,,,정규직,주5일근무,월급,,,부산 해운대구,,"대학(2,3년) 졸업 이상",2026-09-08 14:41:03
https://job.career.co.kr/recruit/view/22144966,,,,,,,정규직,주5일근무,월급,,,부산 금정구,,학력무관,2026-09-08 14:41:03
https://job.career.co.kr/recruit/view/22144961,,,,,,,정규직,주4일근무,시급,,,부산 동래구,,학력무관,2026-09-08 14:41:03
https://job.career.co.kr/recruit/view/22144958,,,,,,,정규직,주5일근무,월급,,,부산 동래구,,학력무관,2026-09-08 14:41:04
https://job.career.co.kr/recruit/view/22144955,,,,,,,계약직,주6일근무,시급,,,부산 해운대구,,학력무관,2026-09-08 14:41:04
https://job.career.co.kr/recruit/view/22144953,,,,,,,정규직,주5일근무,연봉,,,부산 해운대구,,대학교(4년) 졸업 이상,2026-09-08 14:41:04
https://job.career.co.kr/recruit/view/22144950,,,,,,,정규직,주5일근무,시급,,,부산 해운대구,,학력무관,2026-09-08 14:41:05
https://job.career.co.kr/recruit/view/22144949,,,,,,,계약직,주5일근무,월급,,,부산 금정구,,학력무관,2026-09-08 14:41:05
https://job.career.co.kr/recruit/view/22144944,,,,,,,정규직,주3일근무,시급,,,부산 기장군,,학력무관,2026-09-08 14:41:05
https://job.career.co.kr/recruit/view/22144940,,,,,,,정규직,주5일근무,월급,,,부산 기장군,,학력무관,2026-09-08 14:41:06
https://job.career.co.kr/recruit/view/22144938,,,,,,,정규직,주5일근무,연봉,,,부산 해운대구,,학력무관,2026-09-08 14:41:06
https://job.career.co.kr/recruit/view/22144933,,,,,,,계약직,주5일근무,월급,,,부산 금정구,,학력무관,2026-09-08 14:41:07
https://job.career.co.kr/recruit/view/22144934,,,,,,,정규직,주5일근무,월급,,,부산 금정구,,학력무관,2026-09-08 14:41:07
https://job.career.co.kr/recruit/view/22144932,,,,,,,계약직,주5일근무,월급,,,부산 기장군,,학력무관,2026-09-08 14:41:07
https://job.career.co.kr/recruit/view/22144931,,,,,,,정규직,주5일근무,연봉,,,부산 해운대구,,학력무관,2026-09-08 14:41:07
https://job.career.co.kr/recruit/view/22144928,,,,,,,정규직,주5일근무,시급,,,부산 연제구,,학력무관,2026-09-08 14:41:08
https://job.career.co.kr/recruit/view/22144926,,,,,,,정규직,주5일근무,월급,,,부산 동래구,,학력무관,2026-09-08 14:41:08
https://job.career.co.kr/recruit/view/22144922,,,,,,,정규직,주5일근무,시급,,,부산 영도구,,학력무관,2026-09-08 14:41:08
https://job.career.co.kr/recruit/view/22144919,,,,,,,정규직,주6일근무,시급,,,부산 강서구,,학력무관,2026-09-08 14:41:09
https://job.career.co.kr/recruit/view/22144917,,,,,,,정규직,주5일근무,연봉,,,부산 사하구,,학력무관,2026-09-08 14:41:09
https://job.career.co.kr/recruit/view/22144915,,,,,,,계약직,주5일근무,연봉,,,부산 사하구,,학력무관,2026-09-08 14:41:09
https://job.career.co.kr/recruit/view/22144913,,,,,,,계약직,주5일근무,월급,,,부산 사하구,,학력무관,2026-09-08 14:41:10
https://job.career.co.kr/recruit/view/22144912,,,,,,,정규직,주5일근무,월급,,,부산 사하구,,학력무관,2026-09-08 14:41:10
https://job.career.co.kr/recruit/view/22144909,,,,,,,정규직,주5일근무,연봉,,,부산 부산진구,,학력무관,2026-09-08 14:41:10
https://job.career.co.kr/recruit/view/22144908,,,,,,,정규직,주5일근무,월급,,,부산 영도구,,학력무관,2026-09-08 14:41:11
https://job.career.co.kr/recruit/view/22144907,,,,,,,정규직,주5일근무,시급,,,부산 동래구,,학력무관,2026-09-08 14:41:11
https://job.career.co.kr/recruit/view/22144906,,,,,,,정규직,주5일근무,연봉,,,부산 부산진구,,학력무관,2026-09-08 14:41:11
https://job.career.co.kr/recruit/view/22144905,,,,,,,정규직,주5일근무,연봉,,,부산 사상구,,학력무관,2026-09-08 14:41:12
https://job.career.co.kr/recruit/view/22144904,,,,,,,계약직,주5일근무,시급,,,부산 동구,,학력무관,2026-09-08 14:41:12
https://job.career.co.kr/recruit/view/22144903,,,,,,,정규직,주5일근무,연봉,,,부산 동구,,학력무관,2026-09-08 14:41:12
https://job.career.co.kr/recruit/view/22144899,,,,,,,정규직,주3일근무,시급,,,부산 동구,,학력무관,2026-09-08 14:41:13
https://job.career.co.kr/recruit/view/22144897,,,,,,,정규직,주5일근무,시급,,,부산 해운대구,,학력무관,2026-09-08 14:41:13
https://job.career.co.kr/recruit/view/22144896,,,,,,,정규직,주5일근무,연봉,,,부산 부산진구,,학력무관,2026-09-08 14:41:13
https://job.career.co.kr/recruit/view/22144895,,,,,,,계약직,주5일근무,시급,,,부산 사하구,,학력무관,2026-09-08 14:41:14
https://job.career.co.kr/recruit/view/22144894,,,,,,,정규직,주5일근무,시급,,,부산 연제구,,학력무관,2026-09-08 14:41:14
https://job.career.co.kr/recruit/view/22144893,,,,,,,정규직,주5일근무,연봉,,,부산 영도구,,학력무관,2026-09-08 14:41:14
https://job.career.co.kr/recruit/view/22144892,,,,,,,정규직,학력,시급,,,부산 연제구,,학력무관,2026-09-08 14:41:15
https://job.career.co.kr/recruit/view/22144891,,,,,,,정규직,주5일근무,월급,,,부산 동구,,학력무관,2026-09-08 14:41:15
https://job.career.co.kr/recruit/view/22144889,,,,,,,정규직,주5일근무,시급,,,부산 부산진구,,학력무관,2026-09-08 14:41:15
https://job.career.co.kr/recruit/view/22144886,,,,,,,정규직,주5일근무,월급,,,부산 연제구,,학력무관,2026-09-08 14:41:16
https://job.career.co.kr/recruit/view/22144885,,,,,,,정규직,주5일근무,월급,,,부산 부산진구,,학력무관,2026-09-08 14:41:16
https://job.career.co.kr/recruit/view/22144883,,,,,,,계약직,주5일근무,월급,,,부산 부산진구,,"대학(2,3년) 졸업 이상",2026-09-08 14:41:16
https://job.career.co.kr/recruit/view/22144881,,,,,,,정규직,주5일근무,연봉,,,부산 연제구,,학력무관,2026-09-08 14:41:17
https://job.career.co.kr/recruit/view/22144875,,,,,,,정규직,주5일근무,연봉,,,부산 서구,,학력무관,2026-09-08 14:41:17
https://job.career.co.kr/recruit/view/22144873,,,,,,,정규직,주5일근무,시급,,,부산 부산진구,,학력무관,2026-09-08 14:41:17
https://job.career.co.kr/recruit/view/22144872,,,,,,,계약직,주5일근무,연봉,,,부산 동구,,학력무관,2026-09-08 14:41:18
https://job.career.co.kr/recruit/view/22144871,,,,,,,계약직,주5일근무,월급,,,부산 동구,,학력무관,2026-09-08 14:41:18
https://job.career.co.kr/recruit/view/22144870,,,,,,,계약직,주5일근무,월급,,,부산 동구,,학력무관,2026-09-08 14:41:18
https://job.career.co.kr/recruit/view/22144868,,,,,,,정규직,주5일근무,연봉,,,부산 연제구,,학력무관,2026-09-08 14:41:19
https://job.career.co.kr/recruit/view/22144867,,,,,,,정규직,주6일근무,연봉,,,부산 연제구,,학력무관,2026-09-08 14:41:19
https://job.career.co.kr/recruit/view/22144723,,,,,,,계약직,주5일근무,월급,,,부산 동래구,,학력무관,2026-09-08 14:41:19
https://job.career.co.kr/recruit/view/22144646,,,,,,,정규직,주5일근무,월급,,,부산 해운대구,,학력무관,2026-09-08 14:41:20
https://job.career.co.kr/recruit/view/22144615,,,,,,,계약직,주5일근무,연봉,,,부산 해운대구,,학력무관,2026-09-08 14:41:20
https://job.career.co.kr/recruit/view/22144291,,,,,,,정규직,주6일근무,시급,,,부산 수영구,,학력무관,2026-09-08 14:41:20
https://job.career.co.kr/recruit/view/22144290,,,,,,,정규직,주3일근무,시급,,,부산 수영구,,학력무관,2026-09-08 14:41:21
https://job.career.co.kr/recruit/view/22144289,,,,,,,정규직,주5일근무,시급,,,부산 수영구,,학력무관,2026-09-08 14:41:21
https://job.career.co.kr/recruit/view/22144287,,,,,,,정규직,주6일근무,시급,,,부산 수영구,,학력무관,2026-09-08 14:41:21
https://job.career.co.kr/recruit/view/22144286,,,,,,,계약직,주6일근무,월급,,,부산 사하구,,학력무관,2026-09-08 14:41:22
https://job.career.co.kr/recruit/view/22144285,,,,,,,계약직,주4일근무,월급,,,부산 사상구,,학력무관,2026-09-08 14:41:22
https://job.career.co.kr/recruit/view/22144284,,,,,,,정규직,주5일근무,시급,,,부산 해운대구,,학력무관,2026-09-08 14:41:22
https://job.career.co.kr/recruit/view/22144280,,,,,,,계약직,주5일근무,시급,,,부산 부산진구,,학력무관,2026-09-08 14:41:23
https://job.career.co.kr/recruit/view/22144278,,,,,,,정규직,주5일근무,월급,,,부산 금정구,,학력무관,2026-09-08 14:41:23
https://job.career.co.kr/recruit/view/22143897,,,,,,,정규직,주5일근무,시급,,,부산 강서구,,학력무관,2026-09-08 14:41:23
https://job.career.co.kr/recruit/view/22143797,,,,,,,정규직,주5일근무,월급,,,부산 해운대구,,학력무관,2026-09-08 14:41:24
https://job.career.co.kr/recruit/view/22143787,,,,,,,정규직,주5일근무,시급,,,부산 동구,,학력무관,2026-09-08 14:41:24
https://job.career.co.kr/recruit/view/22143678,,,,,,,정규직,주5일근무,시급,,,부산 부산진구,,학력무관,2026-09-08 14:41:24
https://job.career.co.kr/recruit/view/22143599,,,,,,,정규직,주6일근무,시급,,,부산 수영구,,학력무관,2026-09-08 14:41:25
https://job.career.co.kr/recruit/view/22143512,,,,,,,정규직,주5일근무,월급,,,부산 중구,,학력무관,2026-09-08 14:41:25
https://job.career.co.kr/recruit/view/22143114,,,,,,,정규직,주5일근무,월급,,,부산 강서구,,학력무관,2026-09-08 14:41:25
https://job.career.co.kr/recruit/view/22141268,,,,,,,계약직,주5일근무,월급,,,부산 해운대구,,학력무관,2026-09-08 14:41:26
https://job.career.co.kr/recruit/view/22140670,,,,,,,정규직,주5일근무,시급,,,부산 사하구,,학력무관,2026-09-08 14:41:26
https://job.career.co.kr/recruit/view/22140662,,,,,,,계약직,주5일근무,시급,,,부산 강서구,,학력무관,2026-09-08 14:41:26
https://job.career.co.kr/recruit/view/22140528,,,,,,,정규직,주5일근무,월급,,,부산 강서구,,학력무관,2026-09-08 14:41:27
https://job.career.co.kr/recruit/view/22140526,,,,,,,정규직,주6일근무,시급,,,부산 강서구,,학력무관,2026-09-08 14:41:27
https://job.career.co.kr/recruit/view/22140525,,,,,,,정규직,주6일근무,월급,,,부산 강서구,,학력무관,2026-09-08 14:41:27
https://job.career.co.kr/recruit/view/22140523,,,,,,,정규직,주5일근무,월급,,,부산 강서구,,학력무관,2026-09-08 14:41:28
https://job.career.co.kr/recruit/view/22140522,,,,,,,정규직,주6일근무,시급,,,부산 강서구,,학력무관,2026-09-08 14:41:28
https://job.career.co.kr/recruit/view/22140520,,,,,,,정규직,주5일근무,시급,,,부산 강서구,,학력무관,2026-09-08 14:41:28
https://job.career.co.kr/recruit/view/22140518,,,,,,,정규직,주5일근무,월급,,,부산 강서구,,학력무관,2026-09-08 14:41:29
https://job.career.co.kr/recruit/view/22140517,,,,,,,정규직,주5일근무,월급,,,부산 강서구,,학력무관,2026-09-08 14:41:29
https://job.career.co.kr/recruit/view/22140516,,,,,,,정규직,주5일근무,연봉,,,부산 강서구,,학력무관,2026-09-08 14:41:29
https://job.career.co.kr/recruit/view/22140515,,,,,,,정규직,주5일근무,연봉,,,부산 강서구,,학력무관,2026-09-08 14:41:30
https://job.career.co.kr/recruit/view/22140514,,,,,,,계약직,주5일근무,월급,,,부산 강서구,,학력무관,2026-09-08 14:41:30
https://job.career.co.kr/recruit/view/22140509,,,,,,,정규직,주6일근무,시급,,,부산 사상구,,학력무관,2026-09-08 14:41:30
https://job.career.co.kr/recruit/view/22140504,,,,,,,정규직,주5일근무,연봉,,,부산 강서구,,학력무관,2026-09-08 14:41:31
https://job.career.co.kr/recruit/view/22140503,,,,,,,정규직,주5일근무,시급,,,부산 강서구,,학력무관,2026-09-08 14:41:31
https://job.career.co.kr/recruit/view/22140500,,,,,,,정규직,주5일근무,연봉,,,부산 강서구,,학력무관,2026-09-08 14:41:31
https://job.career.co.kr/recruit/view/22140499,,,,,,,정규직,주5일근무,연봉,,,부산 강서구,,학력무관,2026-09-08 14:41:32
https://job.career.co.kr/recruit/view/22140495,,,,,,,정규직,주5일근무,시급,,,부산 강서구,,학력무관,2026-09-08 14:41:32
https://job.career.co.kr/recruit/view/22140494,,,,,,,정규직,주5일근무,시급,,,부산 강서구,,학력무관,2026-09-08 14:41:32
https://job.career.co.kr/recruit/view/22140493,,,,,,,정규직,주5일근무,시급,,,부산 강서구,,학력무관,2026-09-08 14:41:33
https://job.career.co.kr/recruit/view/22140491,,,,,,,정규직,주6일근무,연봉,,,부산 북구,,학력무관,2026-09-08 14:41:33
https://job.career.co.kr/recruit/view/22140488,,,,,,,정규직,주5일근무,연봉,,,부산 강서구,,학력무관,2026-09-08 14:41:33
https://job.career.co.kr/recruit/view/22140487,,,,,,,정규직,주5일근무,월급,,,부산 강서구,,학력무관,2026-09-08 14:41:34
https://job.career.co.kr/recruit/view/22140482,,,,,,,정규직,주5일근무,시급,,,부산 사상구,,학력무관,2026-09-08 14:41:34
https://job.career.co.kr/recruit/view/22140481,,,,,,,정규직,주5일근무,시급,,,부산 북구,,학력무관,2026-09-08 14:41:34
https://job.career.co.kr/recruit/view/22140480,,,,,,,정규직,주6일근무,월급,,,부산 사상구,,학력무관,2026-09-08 14:41:35
https://job.career.co.kr/recruit/view/22140479,,,,,,,정규직,주5일근무,시급,,,부산 사상구,,학력무관,2026-09-08 14:41:35
https://job.career.co.kr/recruit/view/22140478,,,,,,,정규직,주5일근무,연봉,,,부산 사상구,,학력무관,2026-09-08 14:41:35
https://job.career.co.kr/recruit/view/22140473,,,,,,,정규직,주5일근무,월급,,,부산 사상구,,학력무관,2026-09-08 14:41:36
https://job.career.co.kr/recruit/view/22140472,,,,,,,정규직,주5일근무,월급,,,부산 사상구,,학력무관,2026-09-08 14:41:36
https://job.career.co.kr/recruit/view/22140469,,,,,,,정규직,주5일근무,월급,,,부산 사상구,,학력무관,2026-09-08 14:41:36
https://job.career.co.kr/recruit/view/22140467,,,,,,,정규직,주5일근무,연봉,,,부산 강서구,,대학교(4년) 졸업 이상,2026-09-08 14:41:37
https://job.career.co.kr/recruit/view/22140466,,,,,,,정규직,주5일근무,월급,,,부산 사상구,,학력무관,2026-09-08 14:41:37
https://job.career.co.kr/recruit/view/22140465,,,,,,,정규직,주5일근무,연봉,,,부산 사상구,,학력무관,2026-09-08 14:41:37
https://job.career.co.kr/recruit/view/22140463,,,,,,,정규직,주5일근무,월급,,,부산 강서구,,학력무관,2026-09-08 14:41:38
https://job.career.co.kr/recruit/view/22140462,,,,,,,계약직,주5일근무,연봉,,,부산 강서구,,학력무관,2026-09-08 14:41:38
https://job.career.co.kr/recruit/view/22140460,,,,,,,정규직,주5일근무,월급,,,부산 강서구,,학력무관,2026-09-08 14:41:38
https://job.career.co.kr/recruit/view/22140459,,,,,,,정규직,주5일근무,월급,,,부산 사상구,,학력무관,2026-09-08 14:41:39
https://job.career.co.kr/recruit/view/22140458,,,,,,,정규직,주6일근무,월급,,,부산 사상구,,학력무관,2026-09-08 14:41:39
https://job.career.co.kr/recruit/view/22140452,,,,,,,계약직,주5일근무,월급,,,부산 강서구,,학력무관,2026-09-08 14:41:39
https://job.career.co.kr/recruit/view/22140450,,,,,,,정규직,주5일근무,연봉,,,부산 사상구,,학력무관,2026-09-08 14:41:40
https://job.career.co.kr/recruit/view/22140449,,,,,,,정규직,주5일근무,연봉,,,부산 강서구,,학력무관,2026-09-08 14:41:40
https://job.career.co.kr/recruit/view/22140448,,,,,,,정규직,주5일근무,시급,,,부산 북구,,학력무관,2026-09-08 14:41:40
https://job.career.co.kr/recruit/view/22140446,,,,,,,정규직,주6일근무,시급,,,부산 사상구,,학력무관,2026-09-08 14:41:41
https://job.career.co.kr/recruit/view/22140437,,,,,,,정규직,주5일근무,연봉,,,부산 강서구,,학력무관,2026-09-08 14:41:41
https://job.career.co.kr/recruit/view/22140436,,,,,,,정규직,주6일근무,월급,,,부산 강서구,,학력무관,2026-09-08 14:41:41
https://job.career.co.kr/recruit/view/22140435,,,,,,,계약직,주5일근무,연봉,,,부산 강서구,,학력무관,2026-09-08 14:41:42
https://job.career.co.kr/recruit/view/22140434,,,,,,,정규직,주5일근무,월급,,,부산 사상구,,학력무관,2026-09-08 14:41:42
https://job.career.co.kr/recruit/view/22140430,,,,,,,계약직,주6일근무,월급,,,부산 금정구,,학력무관,2026-09-08 14:41:42
https://job.career.co.kr/recruit/view/22140424,,,,,,,계약직,주5일근무,월급,,,부산 해운대구,,학력무관,2026-09-08 14:41:43
https://job.career.co.kr/recruit/view/22140418,,,,,,,정규직,주5일근무,월급,,,부산 기장군,,학력무관,2026-09-08 14:41:43
https://job.career.co.kr/recruit/view/22140417,,,,,,,정규직,주6일근무,연봉,,,부산 기장군,,학력무관,2026-09-08 14:41:43
https://job.career.co.kr/recruit/view/22140416,,,,,,,정규직,주6일근무,연봉,,,부산 강서구,,학력무관,2026-09-08 14:41:44
https://job.career.co.kr/recruit/view/22140415,,,,,,,정규직,주5일근무,시급,,,부산 기장군,,학력무관,2026-09-08 14:41:44
https://job.career.co.kr/recruit/view/22140405,,,,,,,정규직,주3일근무,월급,,,부산 동래구,,학력무관,2026-09-08 14:41:44
https://job.career.co.kr/recruit/view/22140403,,,,,,,정규직,주5일근무,시급,,,부산 동래구,,학력무관,2026-09-08 14:41:45
https://job.career.co.kr/recruit/view/22140401,,,,,,,계약직,주5일근무,월급,,,부산 동래구,,학력무관,2026-09-08 14:41:45
https://job.career.co.kr/recruit/view/22140394,,,,,,,정규직,주6일근무,시급,,,부산 해운대구,,학력무관,2026-09-08 14:41:45
https://job.career.co.kr/recruit/view/22140389,,,,,,,정규직,주5일근무,시급,,,부산 금정구,,학력무관,2026-09-08 14:41:46
https://job.career.co.kr/recruit/view/22140388,,,,,,,정규직,주5일근무,월급,,,부산 금정구,,학력무관,2026-09-08 14:41:46
https://job.career.co.kr/recruit/view/22140387,,,,,,,정규직,주5일근무,월급,,,부산 수영구,,고등학교 졸업 이상,2026-09-08 14:41:46
https://job.career.co.kr/recruit/view/22140386,,,,,,,정규직,주5일근무,시급,,,부산 부산진구,,학력무관,2026-09-08 14:41:47
https://job.career.co.kr/recruit/view/22140373,,,,,,,정규직,주4일근무,월급,,,부산 동래구,,학력무관,2026-09-08 14:41:47
https://job.career.co.kr/recruit/view/22140372,,,,,,,정규직,주6일근무,시급,,,부산 서구,,학력무관,2026-09-08 14:41:47
https://job.career.co.kr/recruit/view/22140368,,,,,,,계약직,주5일근무,월급,,,부산 사상구,,학력무관,2026-09-08 14:41:48
https://job.career.co.kr/recruit/view/22140366,,,,,,,정규직,주5일근무,시급,,,부산 기장군,,학력무관,2026-09-08 14:41:48
https://job.career.co.kr/recruit/view/22140365,,,,,,,정규직,주5일근무,월급,,,부산 기장군,,학력무관,2026-09-08 14:41:48
https://job.career.co.kr/recruit/view/22140364,,,,,,,정규직,주5일근무,월급,,,부산 해운대구,,학력무관,2026-09-08 14:41:49
https://job.career.co.kr/recruit/view/22140361,,,,,,,계약직,주5일근무,월급,,,부산 해운대구,,학력무관,2026-09-08 14:41:49
https://job.career.co.kr/recruit/view/22140357,,,,,,,정규직,주6일근무,시급,,,부산 연제구,,학력무관,2026-09-08 14:41:49
https://job.career.co.kr/recruit/view/22140356,,,,,,,정규직,주5일근무,월급,,,부산 기장군,,학력무관,2026-09-08 14:41:50
https://job.career.co.kr/recruit/view/22140353,,,,,,,정규직,주6일근무,시급,,,부산 북구,,학력무관,2026-09-08 14:41:50
https://job.career.co.kr/recruit/view/22140351,,,,,,,계약직,주5일근무,시급,,,부산 기장군,,학력무관,2026-09-08 14:41:50
https://job.career.co.kr/recruit/view/22140349,,,,,,,정규직,주5일근무,연봉,,,부산 동래구,,"대학(2,3년) 졸업 이상",2026-09-08 14:41:51
https://job.career.co.kr/recruit/view/22140344,,,,,,,정규직,주5일근무,연봉,,,부산 사하구,,학력무관,2026-09-08 14:41:51
https://job.career.co.kr/recruit/view/22140341,,,,,,,정규직,주5일근무,시급,,,부산 연제구,,학력무관,2026-09-08 14:41:51
https://job.career.co.kr/recruit/view/22140340,,,,,,,정규직,주6일근무,시급,,,부산 사하구,,학력무관,2026-09-08 14:41:52
https://job.career.co.kr/recruit/view/22140339,,,,,,,계약직,주6일근무,월급,,,부산 해운대구,,학력무관,2026-09-08 14:41:52
https://job.career.co.kr/recruit/view/22140338,,,,,,,정규직,주5일근무,연봉,,,부산 사하구,,학력무관,2026-09-08 14:41:52
https://job.career.co.kr/recruit/view/22140336,,,,,,,계약직,주5일근무,연봉,,,부산 사하구,,학력무관,2026-09-08 14:41:53
https://job.career.co.kr/recruit/view/22140331,,,,,,,정규직,주6일근무,월급,,,부산 영도구,,학력무관,2026-09-08 14:41:53
https://job.career.co.kr/recruit/view/22140330,,,,,,,정규직,주5일근무,연봉,,,부산 동구,,학력무관,2026-09-08 14:41:53
https://job.career.co.kr/recruit/view/22140325,,,,,,,정규직,주5일근무,월급,,,부산 영도구,,학력무관,2026-09-08 14:41:54
https://job.career.co.kr/recruit/view/22140324,,,,,,,계약직,주5일근무,월급,,,부산 부산진구,,학력무관,2026-09-08 14:41:54
https://job.career.co.kr/recruit/view/22140323,,,,,,,정규직,주5일근무,연봉,,,부산 서구,,고등학교 졸업 이상,2026-09-08 14:41:54
https://job.career.co.kr/recruit/view/22140321,,,,,,,계약직,주3일근무,시급,,,부산 사상구,,학력무관,2026-09-08 14:41:55
https://job.career.co.kr/recruit/view/22140319,,,,,,,계약직,주5일근무,연봉,,,부산 부산진구,,고등학교 졸업 이상,2026-09-08 14:41:55
https://job.career.co.kr/recruit/view/22140318,,,,,,,정규직,주3일근무,시급,,,부산 사상구,,학력무관,2026-09-08 14:41:55
https://job.career.co.kr/recruit/view/22140313,,,,,,,정규직,주5일근무,시급,,,부산 강서구,,학력무관,2026-09-08 14:41:56
https://job.career.co.kr/recruit/view/22140312,,,,,,,정규직,주5일근무,시급,,,부산 부산진구,,학력무관,2026-09-08 14:41:56
https://job.career.co.kr/recruit/view/22140311,,,,,,,계약직,주5일근무,연봉,,,부산 동구,,"대학(2,3년) 졸업 이상",2026-09-08 14:41:56
https://job.career.co.kr/recruit/view/22140309,,,,,,,정규직,주5일근무,연봉,,,부산 부산진구,,학력무관,2026-09-08 14:41:57
https://job.career.co.kr/recruit/view/22140304,,,,,,,계약직,주5일근무,월급,,,부산 부산진구,,학력무관,2026-09-08 14:41:57
https://job.career.co.kr/recruit/view/22140302,,,,,,,계약직,주5일근무,월급,,,부산 부산진구,,학력무관,2026-09-08 14:41:57
https://job.career.co.kr/recruit/view/22140299,,,,,,,정규직,주5일근무,시급,,,부산 연제구,,학력무관,2026-09-08 14:41:58
https://job.career.co.kr/recruit/view/22140298,,,,,,,정규직,주5일근무,연봉,,,부산 연제구,,학력무관,2026-09-08 14:41:58
https://job.career.co.kr/recruit/view/22140289,,,,,,,계약직,주5일근무,월급,,,부산 동구,,학력무관,2026-09-08 14:41:58
https://job.career.co.kr/recruit/view/22140288,,,,,,,정규직,주5일근무,월급,,,부산 남구,,학력무관,2026-09-08 14:41:59
https://job.career.co.kr/recruit/view/22140285,,,,,,,정규직,주5일근무,연봉,,,부산 사하구,,학력무관,2026-09-08 14:41:59
https://job.career.co.kr/recruit/view/22140283,,,,,,,정규직,주5일근무,월급,,,부산 동구,,학력무관,2026-09-08 14:41:59
https://job.career.co.kr/recruit/view/22140273,,,,,,,정규직,주3일근무,시급,,,부산 해운대구,,학력무관,2026-09-08 14:42:00
https://job.career.co.kr/recruit/view/22140249,,,,,,,계약직,주4일근무,월급,,,부산 부산진구,,학력무관,2026-09-08 14:42:00
https://job.career.co.kr/recruit/view/22139793,,,,,,,정규직,주5일근무,연봉,,,부산 연제구,,학력무관,2026-09-08 14:42:00
https://job.career.co.kr/recruit/view/22139792,,,,,,,정규직,주6일근무,월급,,,부산 사하구,,학력무관,2026-09-08 14:42:01
https://job.career.co.kr/recruit/view/22139791,,,,,,,계약직,주5일근무,시급,,,부산 사상구,,학력무관,2026-09-08 14:42:01
https://job.career.co.kr/recruit/view/22139790,,,,,,,계약직,주6일근무,월급,,,부산 기장군,,학력무관,2026-09-08 14:42:01
https://job.career.co.kr/recruit/view/22139789,,,,,,,계약직,주4일근무,월급,,,부산 부산진구,,학력무관,2026-09-08 14:42:02
https://job.career.co.kr/recruit/view/22139788,,,,,,,계약직,주5일근무,월급,,,부산 동래구,,학력무관,2026-09-08 14:42:02
https://job.career.co.kr/recruit/view/22139787,,,,,,,정규직,주5일근무,월급,,,부산 사상구,,"대학(2,3년) 졸업 이상",2026-09-08 14:42:02
https://job.career.co.kr/recruit/view/22139786,,,,,,,정규직,주5일근무,월급,,,부산 사상구,,"대학(2,3년) 졸업 이상",2026-09-08 14:42:03
https://job.career.co.kr/recruit/view/22139785,,,,,,,계약직,주6일근무,월급,,,부산 해운대구,,학력무관,2026-09-08 14:42:03
https://job.career.co.kr/recruit/view/22139784,,,,,,,계약직,주4일근무,시급,,,부산 부산진구,,학력무관,2026-09-08 14:42:03
https://job.career.co.kr/recruit/view/22139783,,,,,,,계약직,주6일근무,월급,,,부산 부산진구,,학력무관,2026-09-08 14:42:04
https://job.career.co.kr/recruit/view/22139781,,,,,,,정규직,주6일근무,시급,,,부산 동래구,,학력무관,2026-09-08 14:42:04
https://job.career.co.kr/recruit/view/22139780,,,,,,,정규직,주3일근무,시급,,,부산 부산진구,,학력무관,2026-09-08 14:42:04
https://job.career.co.kr/recruit/view/22139778,,,,,,,정규직,주5일근무,시급,,,부산 해운대구,,학력무관,2026-09-08 14:42:05
https://job.career.co.kr/recruit/view/22139777,,,,,,,정규직,주6일근무,시급,,,부산 동구,,학력무관,2026-09-08 14:42:05
https://job.career.co.kr/recruit/view/22139776,,,,,,,정규직,주5일근무,시급,,,부산 기장군,,학력무관,2026-09-08 14:42:05
https://job.career.co.kr/recruit/view/22139775,,,,,,,정규직,주5일근무,시급,,,부산 기장군,,학력무관,2026-09-08 14:42:06
https://job.career.co.kr/recruit/view/22139774,,,,,,,정규직,주5일근무,연봉,,,부산 금정구,,학력무관,2026-09-08 14:42:06
https://job.career.co.kr/recruit/view/22139768,,,,,,,정규직,주5일근무,월급,,,부산 강서구,,학력무관,2026-09-08 14:42:06
https://job.career.co.kr/recruit/view/22139718,,,,,,,계약직,주5일근무,월급,,,부산 사하구,,학력무관,2026-09-08 14:42:07
https://job.career.co.kr/recruit/view/22139562,,,,,,,정규직,주5일근무,연봉,,,부산 강서구,,"대학(2,3년) 졸업 이상",2026-09-08 14:42:07
https://job.career.co.kr/recruit/view/22139501,,,,,,,정규직,주5일근무,시급,,,부산 해운대구,,학력무관,2026-09-08 14:42:07
https://job.career.co.kr/recruit/view/22139497,,,,,,,정규직,주5일근무,시급,,,부산 해운대구,,학력무관,2026-09-08 14:42:08
https://job.career.co.kr/recruit/view/22139438,,,,,,,정규직,주6일근무,시급,,,부산 사상구,,학력무관,2026-09-08 14:42:08
https://job.career.co.kr/recruit/view/22139437,,,,,,,정규직,주5일근무,시급,,,부산 사하구,,학력무관,2026-09-08 14:42:08
https://job.career.co.kr/recruit/view/22139436,,,,,,,정규직,주6일근무,시급,,,부산 남구,,학력무관,2026-09-08 14:42:09
https://job.career.co.kr/recruit/view/22139401,,,,,,,정규직,주5일근무,월급,,,부산 부산진구,,학력무관,2026-09-08 14:42:09
https://job.career.co.kr/recruit/view/22137585,,,,,,,정규직,주6일근무,월급,,,부산 강서구,,학력무관,2026-09-08 14:42:09
https://job.career.co.kr/recruit/view/22137584,,,,,,,정규직,주5일근무,월급,,,부산 사상구,,학력무관,2026-09-08 14:42:10
https://job.career.co.kr/recruit/view/22137582,,,,,,,정규직,주5일근무,월급,,,부산 강서구,,학력무관,2026-09-08 14:42:10
https://job.career.co.kr/recruit/view/22137581,,,,,,,정규직,주5일근무,월급,,,부산 강서구,,학력무관,2026-09-08 14:42:10
https://job.career.co.kr/recruit/view/22137579,,,,,,,정규직,주5일근무,연봉,,,부산 사상구,,학력무관,2026-09-08 14:42:11
https://job.career.co.kr/recruit/view/22137578,,,,,,,정규직,주5일근무,월급,,,부산 강서구,,학력무관,2026-09-08 14:42:11
https://job.career.co.kr/recruit/view/22137577,,,,,,,정규직,주5일근무,월급,,,부산 강서구,,학력무관,2026-09-08 14:42:11
https://job.career.co.kr/recruit/view/22137576,,,,,,,정규직,주5일근무,월급,,,부산 강서구,,학력무관,2026-09-08 14:42:12
https://job.career.co.kr/recruit/view/22137570,,,,,,,정규직,주5일근무,월급,,,부산 강서구,,학력무관,2026-09-08 14:42:12
https://job.career.co.kr/recruit/view/22137569,,,,,,,정규직,주5일근무,월급,,,부산 북구,,학력무관,2026-09-08 14:42:12
https://job.career.co.kr/recruit/view/22137566,,,,,,,정규직,주5일근무,연봉,,,부산 사상구,,학력무관,2026-09-08 14:42:13
https://job.career.co.kr/recruit/view/22137565,,,,,,,정규직,주5일근무,연봉,,,부산 강서구,,고등학교 졸업 이상,2026-09-08 14:42:13
https://job.career.co.kr/recruit/view/22137564,,,,,,,정규직,주5일근무,연봉,,,부산 강서구,,학력무관,2026-09-08 14:42:13
https://job.career.co.kr/recruit/view/22137563,,,,,,,정규직,주5일근무,시급,,,부산 강서구,,학력무관,2026-09-08 14:42:14
https://job.career.co.kr/recruit/view/22137562,,,,,,,정규직,주5일근무,월급,,,부산 사상구,,학력무관,2026-09-08 14:42:14
https://job.career.co.kr/recruit/view/22137560,,,,,,,정규직,주5일근무,월급,,,부산 강서구,,학력무관,2026-09-08 14:42:14
https://job.career.co.kr/recruit/view/22137559,,,,,,,정규직,주5일근무,시급,,,부산 사상구,,학력무관,2026-09-08 14:42:15
https://job.career.co.kr/recruit/view/22137558,,,,,,,정규직,주5일근무,시급,,,부산 사상구,,학력무관,2026-09-08 14:42:15
https://job.career.co.kr/recruit/view/22137557,,,,,,,정규직,주5일근무,연봉,,,부산 강서구,,학력무관,2026-09-08 14:42:15
https://job.career.co.kr/recruit/view/22137545,,,,,,,정규직,주5일근무,연봉,,,부산 사상구,,학력무관,2026-09-08 14:42:16
https://job.career.co.kr/recruit/view/22137540,,,,,,,정규직,주5일근무,시급,,,부산 동래구,,학력무관,2026-09-08 14:42:16
https://job.career.co.kr/recruit/view/22137538,,,,,,,정규직,주5일근무,일급,,,부산 사상구,,학력무관,2026-09-08 14:42:16
https://job.career.co.kr/recruit/view/22137532,,,,,,,정규직,주6일근무,월급,,,부산 영도구,,학력무관,2026-09-08 14:42:17
https://job.career.co.kr/recruit/view/22137531,,,,,,,정규직,주5일근무,월급,,,부산 해운대구,,학력무관,2026-09-08 14:42:17
https://job.career.co.kr/recruit/view/22137529,,,,,,,정규직,주5일근무,시급,,,부산 해운대구,,학력무관,2026-09-08 14:42:17
https://job.career.co.kr/recruit/view/22137527,,,,,,,정규직,주5일근무,월급,,,부산 기장군,,학력무관,2026-09-08 14:42:18
https://job.career.co.kr/recruit/view/22137526,,,,,,,정규직,주3일근무,시급,,,부산 수영구,,학력무관,2026-09-08 14:42:18
https://job.career.co.kr/recruit/view/22137525,,,,,,,정규직,주5일근무,시급,,,부산 금정구,,학력무관,2026-09-08 14:42:18
https://job.career.co.kr/recruit/view/22137523,,,,,,,계약직,주5일근무,시급,,,부산 해운대구,,학력무관,2026-09-08 14:42:19
https://job.career.co.kr/recruit/view/22137519,,,,,,,계약직,주5일근무,시급,,,부산 수영구,,학력무관,2026-09-08 14:42:19
https://job.career.co.kr/recruit/view/22137518,,,,,,,계약직,주5일근무,시급,,,부산 수영구,,학력무관,2026-09-08 14:42:19
https://job.career.co.kr/recruit/view/22137517,,,,,,,계약직,주5일근무,연봉,,,부산 기장군,,학력무관,2026-09-08 14:42:20
https://job.career.co.kr/recruit/view/22137515,,,,,,,계약직,주5일근무,시급,,,부산 금정구,,학력무관,2026-09-08 14:42:20
https://job.career.co.kr/recruit/view/22137511,,,,,,,계약직,주5일근무,월급,,,부산 기장군,,학력무관,2026-09-08 14:42:20
https://job.career.co.kr/recruit/view/22137510,,,,,,,정규직,주5일근무,시급,,,부산 해운대구,,학력무관,2026-09-08 14:42:21
https://job.career.co.kr/recruit/view/22137507,,,,,,,정규직,주5일근무,연봉,,,부산 사하구,,학력무관,2026-09-08 14:42:21
https://job.career.co.kr/recruit/view/22137506,,,,,,,정규직,주5일근무,시급,,,부산 사하구,,학력무관,2026-09-08 14:42:21
https://job.career.co.kr/recruit/view/22137504,,,,,,,정규직,주5일근무,연봉,,,부산 사하구,,학력무관,2026-09-08 14:42:22
https://job.career.co.kr/recruit/view/22137503,,,,,,,계약직,주5일근무,시급,,,부산 사하구,,학력무관,2026-09-08 14:42:22
https://job.career.co.kr/recruit/view/22137500,,,,,,,정규직,주5일근무,월급,,,부산 사하구,,학력무관,2026-09-08 14:42:22
https://job.career.co.kr/recruit/view/22137498,,,,,,,정규직,주5일근무,연봉,,,부산 부산진구,,학력무관,2026-09-08 14:42:23
https://job.career.co.kr/recruit/view/22137496,,,,,,,정규직,주5일근무,월급,,,부산 동구,,학력무관,2026-09-08 14:42:23
https://job.career.co.kr/recruit/view/22137495,,,,,,,계약직,주5일근무,연봉,,,부산 서구,,"대학(2,3년) 졸업 이상",2026-09-08 14:42:23
https://job.career.co.kr/recruit/view/22137494,,,,,,,정규직,주5일근무,시급,,,부산 남구,,학력무관,2026-09-08 14:42:24
https://job.career.co.kr/recruit/view/22137493,,,,,,,정규직,주5일근무,시급,,,부산 동래구,,학력무관,2026-09-08 14:42:24
https://job.career.co.kr/recruit/view/22137492,,,,,,,계약직,주5일근무,월급,,,부산 동구,,학력무관,2026-09-08 14:42:24
https://job.career.co.kr/recruit/view/22137491,,,,,,,계약직,주5일근무,시급,,,부산 영도구,,학력무관,2026-09-08 14:42:25
https://job.career.co.kr/recruit/view/22137489,,,,,,,정규직,주5일근무,연봉,,,부산 영도구,,학력무관,2026-09-08 14:42:25
https://job.career.co.kr/recruit/view/22137487,,,,,,,계약직,주5일근무,시급,,,부산 서구,,학력무관,2026-09-08 14:42:25
https://job.career.co.kr/recruit/view/22137486,,,,,,,계약직,주3일근무,시급,,,부산 서구,,학력무관,2026-09-08 14:42:26
https://job.career.co.kr/recruit/view/22137485,,,,,,,계약직,주5일근무,월급,,,부산 부산진구,,학력무관,2026-09-08 14:42:26
https://job.career.co.kr/recruit/view/22137484,,,,,,,정규직,주5일근무,시급,,,부산 서구,,학력무관,2026-09-08 14:42:26
https://job.career.co.kr/recruit/view/22137482,,,,,,,정규직,주5일근무,월급,,,부산 부산진구,,학력무관,2026-09-08 14:42:27
https://job.career.co.kr/recruit/view/22137481,,,,,,,정규직,주5일근무,월급,,,부산 중구,,학력무관,2026-09-08 14:42:27
https://job.career.co.kr/recruit/view/22137477,,,,,,,정규직,주5일근무,시급,,,부산 부산진구,,학력무관,2026-09-08 14:42:27
https://job.career.co.kr/recruit/view/22137472,,,,,,,계약직,주6일근무,시급,,,부산 부산진구,,학력무관,2026-09-08 14:42:28
https://job.career.co.kr/recruit/view/22137471,,,,,,,정규직,주5일근무,연봉,,,부산 연제구,,학력무관,2026-09-08 14:42:28
https://job.career.co.kr/recruit/view/22137470,,,,,,,계약직,주5일근무,시급,,,부산 영도구,,학력무관,2026-09-08 14:42:28
https://job.career.co.kr/recruit/view/22137466,,,,,,,정규직,주4일근무,시급,,,부산 부산진구,,학력무관,2026-09-08 14:42:29
https://job.career.co.kr/recruit/view/22137327,,,,,,,계약직,주6일근무,월급,,,부산 동래구,,학력무관,2026-09-08 14:42:29
https://job.career.co.kr/recruit/view/22137029,,,,,,,정규직,주5일근무,시급,,,부산 해운대구,,학력무관,2026-09-08 14:42:29
https://job.career.co.kr/recruit/view/22137027,,,,,,,정규직,주5일근무,월급,,,부산 사상구,,학력무관,2026-09-08 14:42:30
https://job.career.co.kr/recruit/view/22137026,,,,,,,정규직,주5일근무,연봉,,,부산 사상구,,"대학(2,3년) 졸업 이상",2026-09-08 14:42:30
https://job.career.co.kr/recruit/view/22137025,,,,,,,계약직,주6일근무,월급,,,부산 사상구,,학력무관,2026-09-08 14:42:30
https://job.career.co.kr/recruit/view/22137024,,,,,,,계약직,주5일근무,월급,,,부산 강서구,,학력무관,2026-09-08 14:42:31
https://job.career.co.kr/recruit/view/22137021,,,,,,,정규직,주5일근무,시급,,,부산 연제구,,학력무관,2026-09-08 14:42:31
https://job.career.co.kr/recruit/view/22137020,,,,,,,계약직,주5일근무,월급,,,부산 기장군,,고등학교 졸업 이상,2026-09-08 14:42:31
https://job.career.co.kr/recruit/view/22137019,,,,,,,정규직,주5일근무,월급,,,부산 기장군,,학력무관,2026-09-08 14:42:32
https://job.career.co.kr/recruit/view/22137018,,,,,,,정규직,주5일근무,시급,,,부산 기장군,,학력무관,2026-09-08 14:42:32
https://job.career.co.kr/recruit/view/22137017,,,,,,,정규직,주5일근무,시급,,,부산 기장군,,학력무관,2026-09-08 14:42:32
https://job.career.co.kr/recruit/view/22137016,,,,,,,계약직,주5일근무,시급,,,부산 금정구,,학력무관,2026-09-08 14:42:33
https://job.career.co.kr/recruit/view/22136772,,,,,,,계약직,주5일근무,시급,,,부산 사상구,,학력무관,2026-09-08 14:42:33
https://job.career.co.kr/recruit/view/22136770,,,,,,,계약직,주6일근무,월급,,,부산 해운대구,,학력무관,2026-09-08 14:42:33
https://job.career.co.kr/recruit/view/22136748,,,,,,,정규직,주5일근무,시급,,,부산 서구,,학력무관,2026-09-08 14:42:34
https://job.career.co.kr/recruit/view/22136705,,,,,,,계약직,주5일근무,월급,,,부산 해운대구,,학력무관,2026-09-08 14:42:34
https://job.career.co.kr/recruit/view/22136704,,,,,,,계약직,주5일근무,월급,,,부산 해운대구,,학력무관,2026-09-08 14:42:34
https://job.career.co.kr/recruit/view/22136641,,,,,,,정규직,주3일근무,시급,,,부산 동구,,학력무관,2026-09-08 14:42:35
https://job.career.co.kr/recruit/view/22134677,,,,,,,정규직,주3일근무,시급,,,부산 북구,,학력무관,2026-09-08 14:42:35
https://job.career.co.kr/recruit/view/22134676,,,,,,,정규직,주5일근무,월급,,,부산 강서구,,학력무관,2026-09-08 14:42:35
https://job.career.co.kr/recruit/view/22134675,,,,,,,계약직,주5일근무,월급,,,부산 강서구,,학력무관,2026-09-08 14:42:36
https://job.career.co.kr/recruit/view/22134673,,,,,,,정규직,주5일근무,연봉,,,부산 강서구,,학력무관,2026-09-08 14:42:36
https://job.career.co.kr/recruit/view/22134672,,,,,,,정규직,주5일근무,월급,,,부산 강서구,,학력무관,2026-09-08 14:42:36
https://job.career.co.kr/recruit/view/22134665,,,,,,,정규직,주5일근무,시급,,,부산 사상구,,학력무관,2026-09-08 14:42:37
https://job.career.co.kr/recruit/view/22134664,,,,,,,정규직,주5일근무,연봉,,,부산 사상구,,학력무관,2026-09-08 14:42:37
https://job.career.co.kr/recruit/view/22134663,,,,,,,정규직,주5일근무,시급,,,부산 사상구,,학력무관,2026-09-08 14:42:37
https://job.career.co.kr/recruit/view/22134661,,,,,,,정규직,주5일근무,시급,,,부산 강서구,,학력무관,2026-09-08 14:42:38
https://job.career.co.kr/recruit/view/22134660,,,,,,,정규직,주5일근무,연봉,,,부산 사상구,,학력무관,2026-09-08 14:42:38
https://job.career.co.kr/recruit/view/22134659,,,,,,,정규직,주5일근무,시급,,,부산 북구,,학력무관,2026-09-08 14:42:38
https://job.career.co.kr/recruit/view/22134655,,,,,,,계약직,주5일근무,월급,,,부산 강서구,,학력무관,2026-09-08 14:42:39
https://job.career.co.kr/recruit/view/22134654,,,,,,,정규직,주5일근무,시급,,,부산 강서구,,학력무관,2026-09-08 14:42:39
https://job.career.co.kr/recruit/view/22134651,,,,,,,정규직,주5일근무,연봉,,,부산 사상구,,학력무관,2026-09-08 14:42:39
https://job.career.co.kr/recruit/view/22134648,,,,,,,계약직,주5일근무,연봉,,,부산 사상구,,학력무관,2026-09-08 14:42:40
https://job.career.co.kr/recruit/view/22134646,,,,,,,계약직,주6일근무,월급,,,부산 강서구,,학력무관,2026-09-08 14:42:40
https://job.career.co.kr/recruit/view/22134644,,,,,,,정규직,주5일근무,시급,,,부산 부산진구,,학력무관,2026-09-08 14:42:40
https://job.career.co.kr/recruit/view/22134641,,,,,,,정규직,주5일근무,연봉,,,부산 강서구,,학력무관,2026-09-08 14:42:41
https://job.career.co.kr/recruit/view/22134638,,,,,,,정규직,주5일근무,월급,,,부산 강서구,,학력무관,2026-09-08 14:42:41
https://job.career.co.kr/recruit/view/22134637,,,,,,,정규직,주5일근무,월급,,,부산 강서구,,학력무관,2026-09-08 14:42:41
https://job.career.co.kr/recruit/view/22134636,,,,,,,정규직,주5일근무,월급,,,부산 사상구,,학력무관,2026-09-08 14:42:42
https://job.career.co.kr/recruit/view/22134635,,,,,,,계약직,주6일근무,월급,,,부산 강서구,,학력무관,2026-09-08 14:42:42
https://job.career.co.kr/recruit/view/22134633,,,,,,,정규직,주6일근무,월급,,,부산 강서구,,고등학교 졸업 이상,2026-09-08 14:42:42
https://job.career.co.kr/recruit/view/22134632,,,,,,,정규직,주6일근무,월급,,,부산 강서구,,학력무관,2026-09-08 14:42:43
https://job.career.co.kr/recruit/view/22134631,,,,,,,정규직,주5일근무,월급,,,부산 남구,,학력무관,2026-09-08 14:42:43
https://job.career.co.kr/recruit/view/22134629,,,,,,,정규직,주5일근무,월급,,,부산 북구,,학력무관,2026-09-08 14:42:43
https://job.career.co.kr/recruit/view/22134628,,,,,,,정규직,주5일근무,월급,,,부산 강서구,,학력무관,2026-09-08 14:42:44
https://job.career.co.kr/recruit/view/22134626,,,,,,,정규직,주5일근무,시급,,,부산 사상구,,학력무관,2026-09-08 14:42:44
https://job.career.co.kr/recruit/view/22134625,,,,,,,정규직,주5일근무,연봉,,,부산 강서구,,학력무관,2026-09-08 14:42:44
https://job.career.co.kr/recruit/view/22134624,,,,,,,계약직,주5일근무,연봉,,,부산 강서구,,학력무관,2026-09-08 14:42:45
https://job.career.co.kr/recruit/view/22134623,,,,,,,계약직,주6일근무,일급,,,부산 강서구,,학력무관,2026-09-08 14:42:45
https://job.career.co.kr/recruit/view/22134622,,,,,,,정규직,주5일근무,월급,,,부산 사상구,,학력무관,2026-09-08 14:42:45
https://job.career.co.kr/recruit/view/22134620,,,,,,,정규직,주5일근무,월급,,,부산 사상구,,학력무관,2026-09-08 14:42:46
https://job.career.co.kr/recruit/view/22134618,,,,,,,정규직,주5일근무,시급,,,부산 강서구,,학력무관,2026-09-08 14:42:46
https://job.career.co.kr/recruit/view/22134617,,,,,,,정규직,주5일근무,연봉,,,부산 강서구,,학력무관,2026-09-08 14:42:46
https://job.career.co.kr/recruit/view/22134615,,,,,,,정규직,주5일근무,월급,,,부산 사상구,,학력무관,2026-09-08 14:42:47
https://job.career.co.kr/recruit/view/22134608,,,,,,,정규직,주5일근무,연봉,,,부산 강서구,,학력무관,2026-09-08 14:42:47
https://job.career.co.kr/recruit/view/22134605,,,,,,,정규직,주3일근무,시급,,,부산 북구,,학력무관,2026-09-08 14:42:47
https://job.career.co.kr/recruit/view/22134601,,,,,,,계약직,주5일근무,연봉,,,부산 금정구,,고등학교 졸업 이상,2026-09-08 14:42:48
https://job.career.co.kr/recruit/view/22134599,,,,,,,정규직,주6일근무,시급,,,부산 해운대구,,학력무관,2026-09-08 14:42:48
https://job.career.co.kr/recruit/view/22134598,,,,,,,정규직,주6일근무,시급,,,부산 수영구,,학력무관,2026-09-08 14:42:48
https://job.career.co.kr/recruit/view/22134592,,,,,,,정규직,주5일근무,월급,,,부산 동래구,,"대학(2,3년) 졸업 이상",2026-09-08 14:42:49
https://job.career.co.kr/recruit/view/22134589,,,,,,,계약직,주5일근무,월급,,,부산 금정구,,학력무관,2026-09-08 14:42:49
https://job.career.co.kr/recruit/view/22134588,,,,,,,정규직,주5일근무,시급,,,부산 해운대구,,학력무관,2026-09-08 14:42:49
https://job.career.co.kr/recruit/view/22134586,,,,,,,정규직,주5일근무,월급,,,부산 금정구,,고등학교 졸업 이상,2026-09-08 14:42:50
https://job.career.co.kr/recruit/view/22134585,,,,,,,정규직,주6일근무,시급,,,부산 해운대구,,학력무관,2026-09-08 14:42:50
https://job.career.co.kr/recruit/view/22134582,,,,,,,정규직,주5일근무,시급,,,부산 기장군,,학력무관,2026-09-08 14:42:50
https://job.career.co.kr/recruit/view/22134575,,,,,,,계약직,주6일근무,월급,,,부산 해운대구,,학력무관,2026-09-08 14:42:51
https://job.career.co.kr/recruit/view/22134572,,,,,,,정규직,주5일근무,월급,,,부산 수영구,,학력무관,2026-09-08 14:42:51
https://job.career.co.kr/recruit/view/22134568,,,,,,,계약직,주5일근무,월급,,,부산 해운대구,,학력무관,2026-09-08 14:42:51
https://job.career.co.kr/recruit/view/22134562,,,,,,,정규직,주5일근무,연봉,,,부산 해운대구,,학력무관,2026-09-08 14:42:52
https://job.career.co.kr/recruit/view/22134561,,,,,,,정규직,주5일근무,시급,,,부산 사하구,,학력무관,2026-09-08 14:42:52
https://job.career.co.kr/recruit/view/22134560,,,,,,,정규직,주5일근무,월급,,,부산 사하구,,학력무관,2026-09-08 14:42:52
https://job.career.co.kr/recruit/view/22134558,,,,,,,정규직,주5일근무,월급,,,부산 사하구,,학력무관,2026-09-08 14:42:53
https://job.career.co.kr/recruit/view/22134555,,,,,,,계약직,주5일근무,시급,,,부산 사하구,,학력무관,2026-09-08 14:42:53
https://job.career.co.kr/recruit/view/22134550,,,,,,,정규직,주5일근무,연봉,,,부산 부산진구,,학력무관,2026-09-08 14:42:53
https://job.career.co.kr/recruit/view/22134548,,,,,,,계약직,주5일근무,월급,,,부산 남구,,학력무관,2026-09-08 14:42:54
https://job.career.co.kr/recruit/view/22134547,,,,,,,계약직,주5일근무,일급,,,부산 사상구,,학력무관,2026-09-08 14:42:54
https://job.career.co.kr/recruit/view/22134546,,,,,,,정규직,주5일근무,월급,,,부산 남구,,"대학(2,3년) 졸업 이상",2026-09-08 14:42:54
https://job.career.co.kr/recruit/view/22134542,,,,,,,정규직,주6일근무,시급,,,부산 남구,,학력무관,2026-09-08 14:42:55
https://job.career.co.kr/recruit/view/22134541,,,,,,,정규직,주6일근무,연봉,,,부산 서구,,학력무관,2026-09-08 14:42:55
https://job.career.co.kr/recruit/view/22134539,,,,,,,정규직,주5일근무,연봉,,,부산 동구,,학력무관,2026-09-08 14:42:55
https://job.career.co.kr/recruit/view/22134538,,,,,,,정규직,주5일근무,연봉,,,부산 서구,,학력무관,2026-09-08 14:42:56
https://job.career.co.kr/recruit/view/22134532,,,,,,,정규직,주5일근무,월급,,,부산 연제구,,학력무관,2026-09-08 14:42:56
https://job.career.co.kr/recruit/view/22134531,,,,,,,정규직,주5일근무,월급,,,부산 연제구,,학력무관,2026-09-08 14:42:56
https://job.career.co.kr/recruit/view/22134529,,,,,,,정규직,주5일근무,시급,,,부산 동래구,,학력무관,2026-09-08 14:42:57
https://job.career.co.kr/recruit/view/22134528,,,,,,,정규직,주5일근무,시급,,,부산 남구,,학력무관,2026-09-08 14:42:57
https://job.career.co.kr/recruit/view/22134526,,,,,,,계약직,주5일근무,연봉,,,부산 중구,,학력무관,2026-09-08 14:42:57
https://job.career.co.kr/recruit/view/22134525,,,,,,,정규직,주5일근무,월급,,,부산 동구,,학력무관,2026-09-08 14:42:58
https://job.career.co.kr/recruit/view/22134524,,,,,,,정규직,주5일근무,시급,,,부산 남구,,학력무관,2026-09-08 14:42:58
https://job.career.co.kr/recruit/view/22134523,,,,,,,정규직,주3일근무,시급,,,부산 남구,,학력무관,2026-09-08 14:42:58
https://job.career.co.kr/recruit/view/22134521,,,,,,,정규직,주5일근무,월급,,,부산 동구,,학력무관,2026-09-08 14:42:59
https://job.career.co.kr/recruit/view/22134518,,,,,,,정규직,주4일근무,월급,,,부산 연제구,,학력무관,2026-09-08 14:42:59
https://job.career.co.kr/recruit/view/22134517,,,,,,,정규직,주6일근무,월급,,,부산 연제구,,학력무관,2026-09-08 14:42:59
https://job.career.co.kr/recruit/view/22134515,,,,,,,정규직,주5일근무,시급,,,부산 영도구,,학력무관,2026-09-08 14:43:00
https://job.career.co.kr/recruit/view/22134068,,,,,,,계약직,주5일근무,월급,,,부산 수영구,,학력무관,2026-09-08 14:43:00
https://job.career.co.kr/recruit/view/22134065,,,,,,,계약직,주5일근무,월급,,,부산 서구,,학력무관,2026-09-08 14:43:00
https://job.career.co.kr/recruit/view/22134063,,,,,,,정규직,주5일근무,월급,,,부산 서구,,학력무관,2026-09-08 14:43:01
https://job.career.co.kr/recruit/view/22134064,,,,,,,정규직,주5일근무,월급,,,부산 서구,,학력무관,2026-09-08 14:43:01
https://job.career.co.kr/recruit/view/22134062,,,,,,,계약직,주6일근무,월급,,,부산 해운대구,,학력무관,2026-09-08 14:43:01
https://job.career.co.kr/recruit/view/22134059,,,,,,,계약직,주6일근무,시급,,,부산 북구,,학력무관,2026-09-08 14:43:02
https://job.career.co.kr/recruit/view/22134057,,,,,,,계약직,주5일근무,월급,,,부산 부산진구,,학력무관,2026-09-08 14:43:02
https://job.career.co.kr/recruit/view/22134056,,,,,,,정규직,주6일근무,시급,,,부산 부산진구,,학력무관,2026-09-08 14:43:02
https://job.career.co.kr/recruit/view/22134054,,,,,,,계약직,주4일근무,월급,,,부산 부산진구,,학력무관,2026-09-08 14:43:03
https://job.career.co.kr/recruit/view/22134053,,,,,,,정규직,주3일근무,시급,,,부산 북구,,학력무관,2026-09-08 14:43:03
https://job.career.co.kr/recruit/view/22134052,,,,,,,정규직,주3일근무,시급,,,부산 금정구,,학력무관,2026-09-08 14:43:03
https://job.career.co.kr/recruit/view/22134051,,,,,,,계약직,주5일근무,월급,,,부산 동구,,학력무관,2026-09-08 14:43:04
https://job.career.co.kr/recruit/view/22134050,,,,,,,계약직,주5일근무,월급,,,부산 기장군,,학력무관,2026-09-08 14:43:04
https://job.career.co.kr/recruit/view/22134049,,,,,,,계약직,주5일근무,월급,,,부산 기장군,,고등학교 졸업 이상,2026-09-08 14:43:04
https://job.career.co.kr/recruit/view/22133931,,,,,,,정규직,주6일근무,시급,,,부산 수영구,,학력무관,2026-09-08 14:43:05
https://job.career.co.kr/recruit/view/22133820,,,,,,,계약직,주5일근무,시급,,,부산 기장군,,학력무관,2026-09-08 14:43:05
https://job.career.co.kr/recruit/view/22133790,,,,,,,정규직,주5일근무,연봉,,,부산 남구,,학력무관,2026-09-08 14:43:05
https://job.career.co.kr/recruit/view/22133735,,,,,,,정규직,주5일근무,월급,,,부산 금정구,,"대학(2,3년) 졸업 이상",2026-09-08 14:43:06
https://job.career.co.kr/recruit/view/22133734,,,,,,,계약직,주6일근무,시급,,,부산 해운대구,,학력무관,2026-09-08 14:43:06
https://job.career.co.kr/recruit/view/22133733,,,,,,,정규직,주5일근무,월급,,,부산 금정구,,대학교(4년) 졸업 이상,2026-09-08 14:43:06
https://job.career.co.kr/recruit/view/22133730,,,,,,,정규직,주5일근무,시급,,,부산 영도구,,학력무관,2026-09-08 14:43:07
https://job.career.co.kr/recruit/view/22133728,,,,,,,정규직,주3일근무,시급,,,부산 북구,,학력무관,2026-09-08 14:43:07
https://job.career.co.kr/recruit/view/22133727,,,,,,,정규직,학력,시급,,,부산 수영구,,학력무관,2026-09-08 14:43:07
https://job.career.co.kr/recruit/view/22133724,,,,,,,정규직,주5일근무,시급,,,부산 영도구,,학력무관,2026-09-08 14:43:08
https://job.career.co.kr/recruit/view/22133723,,,,,,,정규직,주6일근무,시급,,,부산 금정구,,학력무관,2026-09-08 14:43:08
https://job.career.co.kr/recruit/view/22133722,,,,,,,정규직,주5일근무,시급,,,부산 동래구,,학력무관,2026-09-08 14:43:08
https://job.career.co.kr/recruit/view/22133720,,,,,,,정규직,주6일근무,시급,,,부산 금정구,,학력무관,2026-09-08 14:43:09
https://job.career.co.kr/recruit/view/22133642,,,,,,,정규직,주5일근무,시급,,,부산 서구,,학력무관,2026-09-08 14:43:09
https://job.career.co.kr/recruit/view/22133641,,,,,,,계약직,주5일근무,일급,,,부산 서구,,학력무관,2026-09-08 14:43:09
https://job.career.co.kr/recruit/view/22133515,,,,,,,정규직,주5일근무,연봉,,,부산 남구,,학력무관,2026-09-08 14:43:10
https://job.career.co.kr/recruit/view/22133514,,,,,,,정규직,주5일근무,월급,,,부산 남구,,학력무관,2026-09-08 14:43:10
https://job.career.co.kr/recruit/view/22131538,,,,,,,정규직,주5일근무,연봉,,,부산 강서구,,학력무관,2026-09-08 14:43:10
https://job.career.co.kr/recruit/view/22131536,,,,,,,정규직,주5일근무,시급,,,부산 사상구,,학력무관,2026-09-08 14:43:11
https://job.career.co.kr/recruit/view/22131535,,,,,,,계약직,주5일근무,연봉,,,부산 사상구,,학력무관,2026-09-08 14:43:11
https://job.career.co.kr/recruit/view/22131534,,,,,,,정규직,주5일근무,시급,,,부산 강서구,,학력무관,2026-09-08 14:43:11
https://job.career.co.kr/recruit/view/22131526,,,,,,,계약직,주5일근무,월급,,,부산 강서구,,"대학(2,3년) 졸업 이상",2026-09-08 14:43:12
https://job.career.co.kr/recruit/view/22131522,,,,,,,정규직,주5일근무,연봉,,,부산 강서구,,학력무관,2026-09-08 14:43:12
https://job.career.co.kr/recruit/view/22131519,,,,,,,정규직,주5일근무,월급,,,부산 사상구,,학력무관,2026-09-08 14:43:12
https://job.career.co.kr/recruit/view/22131518,,,,,,,정규직,주4일근무,월급,,,부산 강서구,,학력무관,2026-09-08 14:43:13
https://job.career.co.kr/recruit/view/22131517,,,,,,,계약직,주5일근무,시급,,,부산 북구,,고등학교 졸업 이상,2026-09-08 14:43:13
https://job.career.co.kr/recruit/view/22131516,,,,,,,정규직,주5일근무,월급,,,부산 강서구,,학력무관,2026-09-08 14:43:13
https://job.career.co.kr/recruit/view/22131514,,,,,,,정규직,주5일근무,연봉,,,부산 강서구,,학력무관,2026-09-08 14:43:14
https://job.career.co.kr/recruit/view/22131513,,,,,,,정규직,주5일근무,연봉,,,부산 강서구,,학력무관,2026-09-08 14:43:14
https://job.career.co.kr/recruit/view/22131512,,,,,,,정규직,주5일근무,시급,,,부산 강서구,,학력무관,2026-09-08 14:43:14
https://job.career.co.kr/recruit/view/22131503,,,,,,,정규직,주5일근무,월급,,,부산 강서구,,학력무관,2026-09-08 14:43:15
https://job.career.co.kr/recruit/view/22131499,,,,,,,정규직,주6일근무,월급,,,부산 연제구,,학력무관,2026-09-08 14:43:15
https://job.career.co.kr/recruit/view/22131498,,,,,,,계약직,주5일근무,월급,,,부산 북구,,학력무관,2026-09-08 14:43:15
https://job.career.co.kr/recruit/view/22131497,,,,,,,정규직,주6일근무,시급,,,부산 북구,,학력무관,2026-09-08 14:43:16
https://job.career.co.kr/recruit/view/22131496,,,,,,,정규직,주5일근무,시급,,,부산 강서구,,학력무관,2026-09-08 14:43:16
https://job.career.co.kr/recruit/view/22131494,,,,,,,정규직,주5일근무,월급,,,부산 강서구,,"대학(2,3년) 졸업 이상",2026-09-08 14:43:16
https://job.career.co.kr/recruit/view/22131492,,,,,,,정규직,주6일근무,시급,,,부산 강서구,,학력무관,2026-09-08 14:43:17
https://job.career.co.kr/recruit/view/22131480,,,,,,,정규직,주5일근무,연봉,,,부산 강서구,,학력무관,2026-09-08 14:43:17
https://job.career.co.kr/recruit/view/22131479,,,,,,,정규직,주5일근무,연봉,,,부산 강서구,,학력무관,2026-09-08 14:43:17
https://job.career.co.kr/recruit/view/22131478,,,,,,,정규직,주5일근무,연봉,,,부산 강서구,,학력무관,2026-09-08 14:43:18
https://job.career.co.kr/recruit/view/22131475,,,,,,,정규직,주5일근무,시급,,,부산 강서구,,학력무관,2026-09-08 14:43:18
https://job.career.co.kr/recruit/view/22131474,,,,,,,정규직,주6일근무,월급,,,부산 사상구,,고등학교 졸업 이상,2026-09-08 14:43:18
https://job.career.co.kr/recruit/view/22131473,,,,,,,정규직,주5일근무,시급,,,부산 강서구,,학력무관,2026-09-08 14:43:19
https://job.career.co.kr/recruit/view/22131472,,,,,,,정규직,주5일근무,월급,,,부산 사상구,,"대학(2,3년) 졸업 이상",2026-09-08 14:43:19
https://job.career.co.kr/recruit/view/22131471,,,,,,,계약직,주5일근무,월급,,,부산 해운대구,,학력무관,2026-09-08 14:43:19
https://job.career.co.kr/recruit/view/22131468,,,,,,,계약직,주4일근무,월급,,,부산 해운대구,,학력무관,2026-09-08 14:43:20
https://job.career.co.kr/recruit/view/22131466,,,,,,,계약직,주6일근무,시급,,,부산 기장군,,학력무관,2026-09-08 14:43:20
https://job.career.co.kr/recruit/view/22131464,,,,,,,정규직,주5일근무,연봉,,,부산 해운대구,,"대학(2,3년) 졸업 이상",2026-09-08 14:43:20
https://job.career.co.kr/recruit/view/22131462,,,,,,,정규직,주5일근무,시급,,,부산 기장군,,학력무관,2026-09-08 14:43:21
https://job.career.co.kr/recruit/view/22131461,,,,,,,계약직,주6일근무,연봉,,,부산 기장군,,학력무관,2026-09-08 14:43:21
https://job.career.co.kr/recruit/view/22131460,,,,,,,정규직,주5일근무,월급,,,부산 동구,,학력무관,2026-09-08 14:43:21
https://job.career.co.kr/recruit/view/22131459,,,,,,,계약직,주5일근무,월급,,,부산 기장군,,학력무관,2026-09-08 14:43:22
https://job.career.co.kr/recruit/view/22131456,,,,,,,정규직,주6일근무,시급,,,부산 부산진구,,학력무관,2026-09-08 14:43:22
https://job.career.co.kr/recruit/view/22131449,,,,,,,정규직,주5일근무,연봉,,,부산 해운대구,,학력무관,2026-09-08 14:43:22
https://job.career.co.kr/recruit/view/22131445,,,,,,,정규직,주5일근무,월급,,,부산 기장군,,학력무관,2026-09-08 14:43:23
https://job.career.co.kr/recruit/view/22131444,,,,,,,정규직,주5일근무,연봉,,,부산 해운대구,,학력무관,2026-09-08 14:43:23
https://job.career.co.kr/recruit/view/22131443,,,,,,,정규직,주5일근무,시급,,,부산 기장군,,학력무관,2026-09-08 14:43:23
https://job.career.co.kr/recruit/view/22131433,,,,,,,정규직,주5일근무,월급,,,부산 해운대구,,학력무관,2026-09-08 14:43:24
https://job.career.co.kr/recruit/view/22131432,,,,,,,정규직,주5일근무,월급,,,부산 기장군,,학력무관,2026-09-08 14:43:24
https://job.career.co.kr/recruit/view/22131430,,,,,,,계약직,주3일근무,월급,,,부산 해운대구,,학력무관,2026-09-08 14:43:24
https://job.career.co.kr/recruit/view/22131427,,,,,,,계약직,주5일근무,시급,,,부산 사하구,,학력무관,2026-09-08 14:43:25
https://job.career.co.kr/recruit/view/22131424,,,,,,,정규직,주5일근무,월급,,,부산 사하구,,학력무관,2026-09-08 14:43:25
https://job.career.co.kr/recruit/view/22131423,,,,,,,정규직,주6일근무,월급,,,부산 사하구,,학력무관,2026-09-08 14:43:25
https://job.career.co.kr/recruit/view/22131422,,,,,,,정규직,주5일근무,월급,,,부산 사하구,,학력무관,2026-09-08 14:43:26
https://job.career.co.kr/recruit/view/22131421,,,,,,,정규직,주5일근무,월급,,,부산 사하구,,학력무관,2026-09-08 14:43:26
https://job.career.co.kr/recruit/view/22131419,,,,,,,정규직,주5일근무,연봉,,,부산 사하구,,학력무관,2026-09-08 14:43:26
https://job.career.co.kr/recruit/view/22131418,,,,,,,정규직,주6일근무,월급,,,부산 사하구,,학력무관,2026-09-08 14:43:27
https://job.career.co.kr/recruit/view/22131417,,,,,,,정규직,주5일근무,시급,,,부산 사하구,,고등학교 졸업 이상,2026-09-08 14:43:27
https://job.career.co.kr/recruit/view/22131415,,,,,,,정규직,주5일근무,월급,,,부산 사하구,,학력무관,2026-09-08 14:43:27
https://job.career.co.kr/recruit/view/22131414,,,,,,,정규직,주5일근무,월급,,,부산 사하구,,학력무관,2026-09-08 14:43:28
https://job.career.co.kr/recruit/view/22131413,,,,,,,정규직,학력,시급,,,부산 사하구,,학력무관,2026-09-08 14:43:28
https://job.career.co.kr/recruit/view/22131412,,,,,,,정규직,학력,시급,,,부산 사하구,,학력무관,2026-09-08 14:43:28
https://job.career.co.kr/recruit/view/22131411,,,,,,,정규직,학력,시급,,,부산 사하구,,학력무관,2026-09-08 14:43:29
https://job.career.co.kr/recruit/view/22131410,,,,,,,정규직,주6일근무,시급,,,부산 강서구,,학력무관,2026-09-08 14:43:29
https://job.career.co.kr/recruit/view/22131409,,,,,,,정규직,주5일근무,시급,,,부산 사하구,,학력무관,2026-09-08 14:43:29
https://job.career.co.kr/recruit/view/22131408,,,,,,,정규직,주5일근무,연봉,,,부산 동구,,학력무관,2026-09-08 14:43:30
https://job.career.co.kr/recruit/view/22131403,,,,,,,계약직,주5일근무,월급,,,부산 부산진구,,고등학교 졸업 이상,2026-09-08 14:43:30
https://job.career.co.kr/recruit/view/22131398,,,,,,,정규직,주5일근무,연봉,,,부산 영도구,,학력무관,2026-09-08 14:43:30
https://job.career.co.kr/recruit/view/22131397,,,,,,,정규직,주5일근무,연봉,,,부산 영도구,,학력무관,2026-09-08 14:43:31
https://job.career.co.kr/recruit/view/22131396,,,,,,,정규직,주5일근무,시급,,,부산 부산진구,,학력무관,2026-09-08 14:43:31
https://job.career.co.kr/recruit/view/22131395,,,,,,,정규직,주5일근무,월급,,,부산 남구,,학력무관,2026-09-08 14:43:31
https://job.career.co.kr/recruit/view/22131393,,,,,,,정규직,주5일근무,월급,,,부산 영도구,,학력무관,2026-09-08 14:43:32
https://job.career.co.kr/recruit/view/22131392,,,,,,,계약직,주4일근무,월급,,,부산 강서구,,학력무관,2026-09-08 14:43:32
https://job.career.co.kr/recruit/view/22131390,,,,,,,계약직,주5일근무,월급,,,부산 남구,,학력무관,2026-09-08 14:43:32
https://job.career.co.kr/recruit/view/22131389,,,,,,,정규직,주5일근무,월급,,,부산 연제구,,학력무관,2026-09-08 14:43:33
https://job.career.co.kr/recruit/view/22131387,,,,,,,계약직,주5일근무,월급,,,부산 부산진구,,학력무관,2026-09-08 14:43:33
https://job.career.co.kr/recruit/view/22131386,,,,,,,정규직,주5일근무,월급,,,부산 남구,,학력무관,2026-09-08 14:43:33
https://job.career.co.kr/recruit/view/22131384,,,,,,,정규직,주5일근무,연봉,,,부산 동구,,학력무관,2026-09-08 14:43:34
https://job.career.co.kr/recruit/view/22131382,,,,,,,계약직,주5일근무,월급,,,부산 동구,,학력무관,2026-09-08 14:43:34
https://job.career.co.kr/recruit/view/22131381,,,,,,,계약직,주5일근무,월급,,,부산 서구,,학력무관,2026-09-08 14:43:34
https://job.career.co.kr/recruit/view/22131378,,,,,,,정규직,주4일근무,시급,,,부산 중구,,학력무관,2026-09-08 14:43:35
https://job.career.co.kr/recruit/view/22131377,,,,,,,계약직,주5일근무,연봉,,,부산 부산진구,,대학교(4년) 졸업 이상,2026-09-08 14:43:35
https://job.career.co.kr/recruit/view/22131376,,,,,,,정규직,주5일근무,월급,,,부산 연제구,,학력무관,2026-09-08 14:43:35
https://job.career.co.kr/recruit/view/22131375,,,,,,,정규직,주5일근무,월급,,,부산 연제구,,학력무관,2026-09-08 14:43:36
https://job.career.co.kr/recruit/view/22131374,,,,,,,정규직,주5일근무,월급,,,부산 연제구,,학력무관,2026-09-08 14:43:36
https://job.career.co.kr/recruit/view/22131373,,,,,,,계약직,주5일근무,월급,,,부산 연제구,,학력무관,2026-09-08 14:43:36
https://job.career.co.kr/recruit/view/22131371,,,,,,,정규직,주6일근무,시급,,,부산 남구,,학력무관,2026-09-08 14:43:37
https://job.career.co.kr/recruit/view/22131369,,,,,,,정규직,주5일근무,연봉,,,부산 연제구,,학력무관,2026-09-08 14:43:37
https://job.career.co.kr/recruit/view/22131330,,,,,,,계약직,주5일근무,월급,,,부산 연제구,,학력무관,2026-09-08 14:43:37
https://job.career.co.kr/recruit/view/22130897,,,,,,,정규직,주5일근무,시급,,,부산 수영구,,학력무관,2026-09-08 14:43:38
https://job.career.co.kr/recruit/view/22130896,,,,,,,정규직,주5일근무,시급,,,부산 수영구,,학력무관,2026-09-08 14:43:38
https://job.career.co.kr/recruit/view/22130895,,,,,,,정규직,주5일근무,시급,,,부산 연제구,,학력무관,2026-09-08 14:43:38
https://job.career.co.kr/recruit/view/22130894,,,,,,,정규직,주5일근무,시급,,,부산 수영구,,학력무관,2026-09-08 14:43:39
https://job.career.co.kr/recruit/view/22130893,,,,,,,정규직,주5일근무,시급,,,부산 수영구,,학력무관,2026-09-08 14:43:39
https://job.career.co.kr/recruit/view/22130891,,,,,,,정규직,주5일근무,월급,,,부산 사상구,,학력무관,2026-09-08 14:43:39
https://job.career.co.kr/recruit/view/22130887,,,,,,,정규직,주6일근무,시급,,,부산 금정구,,학력무관,2026-09-08 14:43:40
https://job.career.co.kr/recruit/view/22130886,,,,,,,정규직,주5일근무,시급,,,부산 사상구,,학력무관,2026-09-08 14:43:40
https://job.career.co.kr/recruit/view/22130634,,,,,,,정규직,주6일근무,시급,,,부산 남구,,학력무관,2026-09-08 14:43:40
https://job.career.co.kr/recruit/view/22130546,,,,,,,계약직,주5일근무,시급,,,부산 해운대구,,학력무관,2026-09-08 14:43:41
https://job.career.co.kr/recruit/view/22130545,,,,,,,계약직,주5일근무,월급,,,부산 금정구,,학력무관,2026-09-08 14:43:41
https://job.career.co.kr/recruit/view/22130543,,,,,,,계약직,주5일근무,시급,,,부산 금정구,,학력무관,2026-09-08 14:43:41
https://job.career.co.kr/recruit/view/22130451,,,,,,,계약직,주6일근무,월급,,,부산 사하구,,학력무관,2026-09-08 14:43:42
https://job.career.co.kr/recruit/view/22130450,,,,,,,정규직,주5일근무,시급,,,부산 부산진구,,학력무관,2026-09-08 14:43:42
https://job.career.co.kr/recruit/view/22130449,,,,,,,계약직,주5일근무,시급,,,부산 금정구,,학력무관,2026-09-08 14:43:42
https://job.career.co.kr/recruit/view/22130448,,,,,,,정규직,주5일근무,월급,,,부산 강서구,,학력무관,2026-09-08 14:43:43
https://job.career.co.kr/recruit/view/22130419,,,,,,,정규직,주5일근무,시급,,,부산 서구,,학력무관,2026-09-08 14:43:43
https://job.career.co.kr/recruit/view/22130360,,,,,,,정규직,주6일근무,시급,,,부산 사하구,,학력무관,2026-09-08 14:43:43
https://job.career.co.kr/recruit/view/22128227,,,,,,,정규직,주5일근무,월급,,,부산 기장군,,학력무관,2026-09-08 14:43:44
https://job.career.co.kr/recruit/view/22128049,,,,,,,정규직,주6일근무,월급,,,부산 동구,,학력무관,2026-09-08 14:43:44
https://job.career.co.kr/recruit/view/22127991,,,,,,,정규직,주5일근무,연봉,,,부산 사상구,,대학교(4년) 졸업 이상,2026-09-08 14:43:44
https://job.career.co.kr/recruit/view/22127989,,,,,,,정규직,주5일근무,연봉,,,부산 사상구,,"대학(2,3년) 졸업 이상",2026-09-08 14:43:45
https://job.career.co.kr/recruit/view/22127988,,,,,,,정규직,주5일근무,월급,,,부산 강서구,,학력무관,2026-09-08 14:43:45
https://job.career.co.kr/recruit/view/22127982,,,,,,,정규직,주5일근무,연봉,,,부산 사상구,,고등학교 졸업 이상,2026-09-08 14:43:45
https://job.career.co.kr/recruit/view/22127980,,,,,,,정규직,주5일근무,월급,,,부산 사상구,,학력무관,2026-09-08 14:43:46
https://job.career.co.kr/recruit/view/22127979,,,,,,,정규직,주6일근무,연봉,,,부산 강서구,,학력무관,2026-09-08 14:43:46
https://job.career.co.kr/recruit/view/22127977,,,,,,,정규직,주6일근무,연봉,,,부산 강서구,,학력무관,2026-09-08 14:43:46
https://job.career.co.kr/recruit/view/22127975,,,,,,,정규직,주5일근무,연봉,,,부산 강서구,,학력무관,2026-09-08 14:43:47
https://job.career.co.kr/recruit/view/22127971,,,,,,,정규직,주5일근무,월급,,,부산 강서구,,학력무관,2026-09-08 14:43:47
https://job.career.co.kr/recruit/view/22127969,,,,,,,계약직,주5일근무,연봉,,,부산 강서구,,학력무관,2026-09-08 14:43:47
https://job.career.co.kr/recruit/view/22127968,,,,,,,정규직,주5일근무,월급,,,부산 강서구,,학력무관,2026-09-08 14:43:48
https://job.career.co.kr/recruit/view/22127967,,,,,,,정규직,주5일근무,월급,,,부산 강서구,,학력무관,2026-09-08 14:43:48
https://job.career.co.kr/recruit/view/22127966,,,,,,,계약직,주5일근무,시급,,,부산 강서구,,학력무관,2026-09-08 14:43:48
https://job.career.co.kr/recruit/view/22127959,,,,,,,정규직,주5일근무,월급,,,부산 강서구,,학력무관,2026-09-08 14:43:49
https://job.career.co.kr/recruit/view/22127956,,,,,,,정규직,주5일근무,시급,,,부산 강서구,,학력무관,2026-09-08 14:43:49
https://job.career.co.kr/recruit/view/22127955,,,,,,,정규직,주5일근무,월급,,,부산 강서구,,학력무관,2026-09-08 14:43:49
https://job.career.co.kr/recruit/view/22127946,,,,,,,정규직,주5일근무,연봉,,,부산 사상구,,학력무관,2026-09-08 14:43:50
https://job.career.co.kr/recruit/view/22127945,,,,,,,계약직,주5일근무,시급,,,부산 북구,,학력무관,2026-09-08 14:43:50
https://job.career.co.kr/recruit/view/22127944,,,,,,,정규직,주5일근무,월급,,,부산 강서구,,학력무관,2026-09-08 14:43:50
https://job.career.co.kr/recruit/view/22127942,,,,,,,정규직,주5일근무,월급,,,부산 강서구,,학력무관,2026-09-08 14:43:51
https://job.career.co.kr/recruit/view/22127935,,,,,,,정규직,주5일근무,월급,,,부산 강서구,,학력무관,2026-09-08 14:43:51
https://job.career.co.kr/recruit/view/22127943,,,,,,,정규직,주5일근무,월급,,,부산 강서구,,학력무관,2026-09-08 14:43:52
https://job.career.co.kr/recruit/view/22127934,,,,,,,정규직,주5일근무,시급,,,부산 강서구,,학력무관,2026-09-08 14:43:52
https://job.career.co.kr/recruit/view/22127933,,,,,,,정규직,주5일근무,연봉,,,부산 강서구,,학력무관,2026-09-08 14:43:52
https://job.career.co.kr/recruit/view/22127932,,,,,,,정규직,주5일근무,시급,,,부산 사상구,,학력무관,2026-09-08 14:43:52
https://job.career.co.kr/recruit/view/22127930,,,,,,,정규직,주5일근무,시급,,,부산 북구,,학력무관,2026-09-08 14:43:53
https://job.career.co.kr/recruit/view/22127929,,,,,,,정규직,주5일근무,시급,,,부산 북구,,학력무관,2026-09-08 14:43:53
https://job.career.co.kr/recruit/view/22127924,,,,,,,계약직,주3일근무,월급,,,부산 강서구,,학력무관,2026-09-08 14:43:53
https://job.career.co.kr/recruit/view/22127920,,,,,,,정규직,주5일근무,시급,,,부산 강서구,,학력무관,2026-09-08 14:43:54
https://job.career.co.kr/recruit/view/22127913,,,,,,,정규직,주5일근무,시급,,,부산 강서구,,고등학교 졸업 이상,2026-09-08 14:43:54
https://job.career.co.kr/recruit/view/22127909,,,,,,,정규직,주5일근무,시급,,,부산 강서구,,학력무관,2026-09-08 14:43:54
https://job.career.co.kr/recruit/view/22127908,,,,,,,정규직,주6일근무,연봉,,,부산 강서구,,학력무관,2026-09-08 14:43:55
https://job.career.co.kr/recruit/view/22127906,,,,,,,정규직,주5일근무,연봉,,,부산 북구,,학력무관,2026-09-08 14:43:55
https://job.career.co.kr/recruit/view/22127904,,,,,,,정규직,주5일근무,연봉,,,부산 강서구,,고등학교 졸업 이상,2026-09-08 14:43:55
https://job.career.co.kr/recruit/view/22127899,,,,,,,정규직,주5일근무,월급,,,부산 동래구,,학력무관,2026-09-08 14:43:56
https://job.career.co.kr/recruit/view/22127890,,,,,,,정규직,주6일근무,월급,,,부산 기장군,,학력무관,2026-09-08 14:43:56
https://job.career.co.kr/recruit/view/22127888,,,,,,,정규직,주5일근무,연봉,,,부산 동래구,,"대학(2,3년) 졸업 이상",2026-09-08 14:43:56
https://job.career.co.kr/recruit/view/22127885,,,,,,,정규직,주5일근무,월급,,,부산 금정구,,고등학교 졸업 이상,2026-09-08 14:43:57
https://job.career.co.kr/recruit/view/22127884,,,,,,,정규직,주5일근무,월급,,,부산 해운대구,,학력무관,2026-09-08 14:43:57
https://job.career.co.kr/recruit/view/22127883,,,,,,,정규직,주5일근무,월급,,,부산 해운대구,,학력무관,2026-09-08 14:43:57
https://job.career.co.kr/recruit/view/22127879,,,,,,,정규직,주5일근무,연봉,,,부산 기장군,,학력무관,2026-09-08 14:43:58
https://job.career.co.kr/recruit/view/22127878,,,,,,,계약직,주5일근무,월급,,,부산 연제구,,학력무관,2026-09-08 14:43:58
https://job.career.co.kr/recruit/view/22127877,,,,,,,계약직,주5일근무,월급,,,부산 동래구,,학력무관,2026-09-08 14:43:58
https://job.career.co.kr/recruit/view/22127875,,,,,,,계약직,주5일근무,시급,,,부산 북구,,학력무관,2026-09-08 14:43:59
https://job.career.co.kr/recruit/view/22127873,,,,,,,정규직,주6일근무,월급,,,부산 기장군,,학력무관,2026-09-08 14:43:59
https://job.career.co.kr/recruit/view/22127872,,,,,,,정규직,주5일근무,월급,,,부산 기장군,,학력무관,2026-09-08 14:43:59
https://job.career.co.kr/recruit/view/22127868,,,,,,,정규직,주5일근무,월급,,,부산 금정구,,고등학교 졸업 이상,2026-09-08 14:44:00
https://job.career.co.kr/recruit/view/22127867,,,,,,,계약직,주5일근무,월급,,,부산 수영구,,학력무관,2026-09-08 14:44:00
https://job.career.co.kr/recruit/view/22127864,,,,,,,정규직,주5일근무,연봉,,,부산 기장군,,학력무관,2026-09-08 14:44:00
https://job.career.co.kr/recruit/view/22127857,,,,,,,계약직,주5일근무,월급,,,부산 동래구,,학력무관,2026-09-08 14:44:01
https://job.career.co.kr/recruit/view/22127853,,,,,,,정규직,학력,시급,,,부산 사하구,,학력무관,2026-09-08 14:44:01
https://job.career.co.kr/recruit/view/22127852,,,,,,,정규직,주5일근무,시급,,,부산 사상구,,학력무관,2026-09-08 14:44:01
https://job.career.co.kr/recruit/view/22127851,,,,,,,계약직,주6일근무,월급,,,부산 중구,,학력무관,2026-09-08 14:44:02
https://job.career.co.kr/recruit/view/22127850,,,,,,,계약직,주5일근무,시급,,,부산 사하구,,학력무관,2026-09-08 14:44:02
https://job.career.co.kr/recruit/view/22127849,,,,,,,정규직,주5일근무,연봉,,,부산 사하구,,학력무관,2026-09-08 14:44:02
https://job.career.co.kr/recruit/view/22127848,,,,,,,정규직,주5일근무,월급,,,부산 해운대구,,학력무관,2026-09-08 14:44:03
https://job.career.co.kr/recruit/view/22127845,,,,,,,계약직,주5일근무,월급,,,부산 사하구,,학력무관,2026-09-08 14:44:03
https://job.career.co.kr/recruit/view/22127844,,,,,,,계약직,주5일근무,시급,,,부산 사하구,,학력무관,2026-09-08 14:44:03
https://job.career.co.kr/recruit/view/22127843,,,,,,,정규직,주5일근무,월급,,,부산 사하구,,학력무관,2026-09-08 14:44:04
https://job.career.co.kr/recruit/view/22127840,,,,,,,정규직,주6일근무,연봉,,,부산 사하구,,학력무관,2026-09-08 14:44:04
https://job.career.co.kr/recruit/view/22127839,,,,,,,정규직,주5일근무,연봉,,,부산 사하구,,학력무관,2026-09-08 14:44:04
https://job.career.co.kr/recruit/view/22127837,,,,,,,정규직,주5일근무,월급,,,부산 사하구,,학력무관,2026-09-08 14:44:05
https://job.career.co.kr/recruit/view/22127830,,,,,,,계약직,주5일근무,시급,,,부산 영도구,,학력무관,2026-09-08 14:44:05
https://job.career.co.kr/recruit/view/22127829,,,,,,,계약직,주5일근무,시급,,,부산 영도구,,학력무관,2026-09-08 14:44:05
https://job.career.co.kr/recruit/view/22127827,,,,,,,정규직,주5일근무,월급,,,부산 연제구,,대학교(4년) 졸업 이상,2026-09-08 14:44:06
https://job.career.co.kr/recruit/view/22127826,,,,,,,정규직,주5일근무,연봉,,,부산 영도구,,학력무관,2026-09-08 14:44:06
https://job.career.co.kr/recruit/view/22127824,,,,,,,계약직,주5일근무,월급,,,부산 남구,,학력무관,2026-09-08 14:44:06
https://job.career.co.kr/recruit/view/22127823,,,,,,,정규직,주5일근무,연봉,,,부산 부산진구,,학력무관,2026-09-08 14:44:07
https://job.career.co.kr/recruit/view/22127814,,,,,,,계약직,주5일근무,월급,,,부산 영도구,,학력무관,2026-09-08 14:44:07
https://job.career.co.kr/recruit/view/22127811,,,,,,,정규직,주5일근무,시급,,,부산 남구,,학력무관,2026-09-08 14:44:07
https://job.career.co.kr/recruit/view/22127810,,,,,,,계약직,주3일근무,월급,,,부산 연제구,,학력무관,2026-09-08 14:44:08
https://job.career.co.kr/recruit/view/22127809,,,,,,,계약직,주6일근무,시급,,,부산 부산진구,,학력무관,2026-09-08 14:44:08
https://job.career.co.kr/recruit/view/22127808,,,,,,,정규직,주5일근무,연봉,,,부산 동구,,학력무관,2026-09-08 14:44:08
https://job.career.co.kr/recruit/view/22127804,,,,,,,정규직,주5일근무,월급,,,부산 부산진구,,학력무관,2026-09-08 14:44:09
https://job.career.co.kr/recruit/view/22127803,,,,,,,정규직,주6일근무,시급,,,부산 서구,,학력무관,2026-09-08 14:44:09
https://job.career.co.kr/recruit/view/22127802,,,,,,,계약직,주3일근무,월급,,,부산 해운대구,,학력무관,2026-09-08 14:44:09
https://job.career.co.kr/recruit/view/22127794,,,,,,,정규직,주5일근무,연봉,,,부산 부산진구,,학력무관,2026-09-08 14:44:10
https://job.career.co.kr/recruit/view/22127792,,,,,,,정규직,주5일근무,월급,,,부산 동구,,학력무관,2026-09-08 14:44:10
https://job.career.co.kr/recruit/view/22127788,,,,,,,계약직,주5일근무,월급,,,부산 남구,,학력무관,2026-09-08 14:44:10
https://job.career.co.kr/recruit/view/22127599,,,,,,,계약직,주5일근무,월급,,,부산 북구,,학력무관,2026-09-08 14:44:11
https://job.career.co.kr/recruit/view/22127564,,,,,,,정규직,주5일근무,월급,,,부산 해운대구,,학력무관,2026-09-08 14:44:11
https://job.career.co.kr/recruit/view/22127172,,,,,,,계약직,주5일근무,월급,,,부산 해운대구,,학력무관,2026-09-08 14:44:12
https://job.career.co.kr/recruit/view/22127171,,,,,,,정규직,주6일근무,시급,,,부산 수영구,,학력무관,2026-09-08 14:44:12
https://job.career.co.kr/recruit/view/22127170,,,,,,,계약직,주5일근무,월급,,,부산 남구,,학력무관,2026-09-08 14:44:12
https://job.career.co.kr/recruit/view/22127169,,,,,,,정규직,주6일근무,시급,,,부산 사하구,,학력무관,2026-09-08 14:44:12
https://job.career.co.kr/recruit/view/22127167,,,,,,,계약직,주5일근무,월급,,,부산 사상구,,고등학교 졸업 이상,2026-09-08 14:44:13
https://job.career.co.kr/recruit/view/22127166,,,,,,,계약직,주6일근무,시급,,,부산 사상구,,학력무관,2026-09-08 14:44:13
https://job.career.co.kr/recruit/view/22127165,,,,,,,계약직,주6일근무,월급,,,부산 남구,,학력무관,2026-09-08 14:44:13
https://job.career.co.kr/recruit/view/22127164,,,,,,,정규직,주5일근무,시급,,,부산 사상구,,학력무관,2026-09-08 14:44:14
https://job.career.co.kr/recruit/view/22127163,,,,,,,계약직,주6일근무,월급,,,부산 서구,,학력무관,2026-09-08 14:44:14
https://job.career.co.kr/recruit/view/22127162,,,,,,,정규직,주5일근무,시급,,,부산 사상구,,학력무관,2026-09-08 14:44:14
https://job.career.co.kr/recruit/view/22127161,,,,,,,계약직,주4일근무,월급,,,부산 북구,,학력무관,2026-09-08 14:44:15
https://job.career.co.kr/recruit/view/22127159,,,,,,,계약직,주4일근무,시급,,,부산 서구,,학력무관,2026-09-08 14:44:15
https://job.career.co.kr/recruit/view/22127158,,,,,,,정규직,주6일근무,월급,,,부산 부산진구,,학력무관,2026-09-08 14:44:15
https://job.career.co.kr/recruit/view/22127157,,,,,,,계약직,주6일근무,월급,,,부산 부산진구,,학력무관,2026-09-08 14:44:16
https://job.career.co.kr/recruit/view/22127156,,,,,,,정규직,주5일근무,연봉,,,부산 사상구,,고등학교 졸업 이상,2026-09-08 14:44:16
https://job.career.co.kr/recruit/view/22127155,,,,,,,정규직,주5일근무,시급,,,부산 금정구,,학력무관,2026-09-08 14:44:16
https://job.career.co.kr/recruit/view/22127154,,,,,,,정규직,주5일근무,시급,,,부산 연제구,,학력무관,2026-09-08 14:44:17
https://job.career.co.kr/recruit/view/22126847,,,,,,,정규직,주5일근무,시급,,,부산 강서구,,학력무관,2026-09-08 14:44:17
https://job.career.co.kr/recruit/view/22126845,,,,,,,계약직,주5일근무,연봉,,,부산 해운대구,,학력무관,2026-09-08 14:44:17
https://job.career.co.kr/recruit/view/22126768,,,,,,,계약직,주6일근무,월급,,,부산 서구,,학력무관,2026-09-08 14:44:18
https://job.career.co.kr/recruit/view/22126765,,,,,,,정규직,주3일근무,시급,,,부산 수영구,,학력무관,2026-09-08 14:44:18
https://job.career.co.kr/recruit/view/22126759,,,,,,,계약직,주5일근무,월급,,,부산 동래구,,"대학(2,3년) 졸업 이상",2026-09-08 14:44:18
https://job.career.co.kr/recruit/view/22126670,,,,,,,계약직,주5일근무,월급,,,부산 서구,,학력무관,2026-09-08 14:44:19
https://job.career.co.kr/recruit/view/22126669,,,,,,,정규직,주5일근무,시급,,,부산 서구,,학력무관,2026-09-08 14:44:19
https://job.career.co.kr/recruit/view/22126668,,,,,,,정규직,주3일근무,시급,,,부산 사하구,,학력무관,2026-09-08 14:44:19
https://job.career.co.kr/recruit/view/22126667,,,,,,,정규직,주5일근무,시급,,,부산 동래구,,학력무관,2026-09-08 14:44:20
https://job.career.co.kr/recruit/view/22126666,,,,,,,계약직,주5일근무,시급,,,부산 북구,,학력무관,2026-09-08 14:44:20
https://job.career.co.kr/recruit/view/22126665,,,,,,,정규직,주5일근무,시급,,,부산 부산진구,,학력무관,2026-09-08 14:44:20
https://job.career.co.kr/recruit/view/22126664,,,,,,,정규직,주3일근무,시급,,,부산 동래구,,학력무관,2026-09-08 14:44:21
https://job.career.co.kr/recruit/view/22124054,,,,,,,정규직,주6일근무,시급,,,부산 강서구,,학력무관,2026-09-08 14:44:21
https://job.career.co.kr/recruit/view/22123903,,,,,,,정규직,주5일근무,월급,,,부산 사상구,,학력무관,2026-09-08 14:44:21
https://job.career.co.kr/recruit/view/22123902,,,,,,,정규직,주5일근무,연봉,,,부산 강서구,,학력무관,2026-09-08 14:44:22
https://job.career.co.kr/recruit/view/22123901,,,,,,,정규직,주5일근무,월급,,,부산 북구,,학력무관,2026-09-08 14:44:22
https://job.career.co.kr/recruit/view/22123898,,,,,,,정규직,주6일근무,월급,,,부산 사상구,,학력무관,2026-09-08 14:44:22
https://job.career.co.kr/recruit/view/22123897,,,,,,,정규직,주5일근무,월급,,,부산 사상구,,학력무관,2026-09-08 14:44:23
https://job.career.co.kr/recruit/view/22123893,,,,,,,정규직,주5일근무,월급,,,부산 사상구,,학력무관,2026-09-08 14:44:23
https://job.career.co.kr/recruit/view/22123892,,,,,,,정규직,주5일근무,연봉,,,부산 강서구,,학력무관,2026-09-08 14:44:23
https://job.career.co.kr/recruit/view/22123891,,,,,,,정규직,주6일근무,시급,,,부산 북구,,학력무관,2026-09-08 14:44:24
https://job.career.co.kr/recruit/view/22123889,,,,,,,정규직,주5일근무,월급,,,부산 사상구,,학력무관,2026-09-08 14:44:24
https://job.career.co.kr/recruit/view/22123888,,,,,,,정규직,주5일근무,연봉,,,부산 강서구,,학력무관,2026-09-08 14:44:24
https://job.career.co.kr/recruit/view/22123887,,,,,,,정규직,주5일근무,시급,,,부산 사상구,,학력무관,2026-09-08 14:44:25
https://job.career.co.kr/recruit/view/22123885,,,,,,,계약직,주5일근무,시급,,,부산 북구,,학력무관,2026-09-08 14:44:25
https://job.career.co.kr/recruit/view/22123882,,,,,,,정규직,주5일근무,연봉,,,부산 사상구,,학력무관,2026-09-08 14:44:25
https://job.career.co.kr/recruit/view/22123881,,,,,,,정규직,주5일근무,월급,,,부산 사상구,,학력무관,2026-09-08 14:44:26
https://job.career.co.kr/recruit/view/22123878,,,,,,,정규직,주5일근무,연봉,,,부산 강서구,,학력무관,2026-09-08 14:44:26
https://job.career.co.kr/recruit/view/22123877,,,,,,,정규직,주5일근무,시급,,,부산 북구,,학력무관,2026-09-08 14:44:26
https://job.career.co.kr/recruit/view/22123871,,,,,,,계약직,주5일근무,시급,,,부산 강서구,,학력무관,2026-09-08 14:44:27
https://job.career.co.kr/recruit/view/22123868,,,,,,,정규직,주5일근무,연봉,,,부산 강서구,,학력무관,2026-09-08 14:44:27
https://job.career.co.kr/recruit/view/22123867,,,,,,,정규직,주5일근무,월급,,,부산 강서구,,학력무관,2026-09-08 14:44:27
https://job.career.co.kr/recruit/view/22123864,,,,,,,계약직,주5일근무,연봉,,,부산 사상구,,학력무관,2026-09-08 14:44:28
https://job.career.co.kr/recruit/view/22123860,,,,,,,정규직,주5일근무,연봉,,,부산 강서구,,학력무관,2026-09-08 14:44:28
https://job.career.co.kr/recruit/view/22123856,,,,,,,계약직,주5일근무,월급,,,부산 강서구,,고등학교 졸업 이상,2026-09-08 14:44:28
https://job.career.co.kr/recruit/view/22123855,,,,,,,정규직,주5일근무,시급,,,부산 사상구,,학력무관,2026-09-08 14:44:29
https://job.career.co.kr/recruit/view/22123854,,,,,,,계약직,주5일근무,월급,,,부산 북구,,학력무관,2026-09-08 14:44:29
https://job.career.co.kr/recruit/view/22123852,,,,,,,정규직,주5일근무,월급,,,부산 강서구,,학력무관,2026-09-08 14:44:29
https://job.career.co.kr/recruit/view/22123843,,,,,,,정규직,주5일근무,연봉,,,부산 사상구,,학력무관,2026-09-08 14:44:30
https://job.career.co.kr/recruit/view/22123842,,,,,,,정규직,주5일근무,연봉,,,부산 사상구,,학력무관,2026-09-08 14:44:30
https://job.career.co.kr/recruit/view/22123841,,,,,,,정규직,주5일근무,월급,,,부산 강서구,,학력무관,2026-09-08 14:44:30
https://job.career.co.kr/recruit/view/22123839,,,,,,,정규직,주5일근무,월급,,,부산 강서구,,학력무관,2026-09-08 14:44:31
https://job.career.co.kr/recruit/view/22123834,,,,,,,정규직,주5일근무,시급,,,부산 사상구,,학력무관,2026-09-08 14:44:31
https://job.career.co.kr/recruit/view/22123828,,,,,,,정규직,주5일근무,월급,,,부산 북구,,학력무관,2026-09-08 14:44:31
https://job.career.co.kr/recruit/view/22123826,,,,,,,계약직,주5일근무,월급,,,부산 동래구,,학력무관,2026-09-08 14:44:32
https://job.career.co.kr/recruit/view/22123823,,,,,,,정규직,주5일근무,월급,,,부산 북구,,학력무관,2026-09-08 14:44:32
https://job.career.co.kr/recruit/view/22123822,,,,,,,계약직,주5일근무,월급,,,부산 중구,,학력무관,2026-09-08 14:44:32
https://job.career.co.kr/recruit/view/22123819,,,,,,,정규직,주5일근무,연봉,,,부산 기장군,,학력무관,2026-09-08 14:44:33
https://job.career.co.kr/recruit/view/22123818,,,,,,,정규직,주5일근무,월급,,,부산 기장군,,학력무관,2026-09-08 14:44:33
https://job.career.co.kr/recruit/view/22123816,,,,,,,정규직,주5일근무,월급,,,부산 해운대구,,학력무관,2026-09-08 14:44:33
https://job.career.co.kr/recruit/view/22123815,,,,,,,계약직,주5일근무,월급,,,부산 해운대구,,학력무관,2026-09-08 14:44:34
https://job.career.co.kr/recruit/view/22123814,,,,,,,정규직,주5일근무,월급,,,부산 금정구,,학력무관,2026-09-08 14:44:34
https://job.career.co.kr/recruit/view/22123813,,,,,,,정규직,주5일근무,월급,,,부산 기장군,,학력무관,2026-09-08 14:44:34
https://job.career.co.kr/recruit/view/22123811,,,,,,,계약직,주5일근무,월급,,,부산 기장군,,학력무관,2026-09-08 14:44:35
https://job.career.co.kr/recruit/view/22123810,,,,,,,계약직,주5일근무,월급,,,부산 기장군,,학력무관,2026-09-08 14:44:35
https://job.career.co.kr/recruit/view/22123808,,,,,,,정규직,주3일근무,시급,,,부산 수영구,,학력무관,2026-09-08 14:44:35
https://job.career.co.kr/recruit/view/22123807,,,,,,,정규직,주5일근무,연봉,,,부산 해운대구,,학력무관,2026-09-08 14:44:36
https://job.career.co.kr/recruit/view/22123802,,,,,,,정규직,주5일근무,시급,,,부산 해운대구,,학력무관,2026-09-08 14:44:36
https://job.career.co.kr/recruit/view/22123801,,,,,,,계약직,주5일근무,연봉,,,부산 해운대구,,"대학(2,3년) 졸업 이상",2026-09-08 14:44:36
https://job.career.co.kr/recruit/view/22123799,,,,,,,정규직,주5일근무,연봉,,,부산 금정구,,학력무관,2026-09-08 14:44:37
https://job.career.co.kr/recruit/view/22123796,,,,,,,정규직,주5일근무,연봉,,,부산 금정구,,"대학(2,3년) 졸업 이상",2026-09-08 14:44:37
https://job.career.co.kr/recruit/view/22123794,,,,,,,정규직,주5일근무,연봉,,,부산 금정구,,학력무관,2026-09-08 14:44:37
https://job.career.co.kr/recruit/view/22123792,,,,,,,계약직,주5일근무,연봉,,,부산 수영구,,"대학(2,3년) 졸업 이상",2026-09-08 14:44:38
https://job.career.co.kr/recruit/view/22123786,,,,,,,계약직,주5일근무,월급,,,부산 사하구,,학력무관,2026-09-08 14:44:38
https://job.career.co.kr/recruit/view/22123785,,,,,,,계약직,학력,일급,,,부산 수영구,,학력무관,2026-09-08 14:44:38
https://job.career.co.kr/recruit/view/22123779,,,,,,,정규직,주5일근무,월급,,,부산 해운대구,,학력무관,2026-09-08 14:44:39
https://job.career.co.kr/recruit/view/22123776,,,,,,,계약직,주5일근무,월급,,,부산 해운대구,,학력무관,2026-09-08 14:44:39
https://job.career.co.kr/recruit/view/22123774,,,,,,,정규직,주5일근무,연봉,,,부산 금정구,,학력무관,2026-09-08 14:44:39
https://job.career.co.kr/recruit/view/22123772,,,,,,,계약직,주6일근무,시급,,,부산 해운대구,,학력무관,2026-09-08 14:44:40
https://job.career.co.kr/recruit/view/22123765,,,,,,,정규직,주5일근무,월급,,,부산 기장군,,학력무관,2026-09-08 14:44:40
https://job.career.co.kr/recruit/view/22123764,,,,,,,정규직,주5일근무,월급,,,부산 해운대구,,학력무관,2026-09-08 14:44:40
https://job.career.co.kr/recruit/view/22123761,,,,,,,정규직,주5일근무,연봉,,,부산 기장군,,학력무관,2026-09-08 14:44:41
https://job.career.co.kr/recruit/view/22123758,,,,,,,계약직,주5일근무,월급,,,부산 부산진구,,학력무관,2026-09-08 14:44:41
https://job.career.co.kr/recruit/view/22123757,,,,,,,계약직,주5일근무,시급,,,부산 사하구,,학력무관,2026-09-08 14:44:41
https://job.career.co.kr/recruit/view/22123750,,,,,,,정규직,주5일근무,연봉,,,부산 사하구,,학력무관,2026-09-08 14:44:42
https://job.career.co.kr/recruit/view/22123746,,,,,,,정규직,주5일근무,월급,,,부산 사하구,,학력무관,2026-09-08 14:44:42
https://job.career.co.kr/recruit/view/22123745,,,,,,,정규직,주5일근무,월급,,,부산 사하구,,학력무관,2026-09-08 14:44:43
https://job.career.co.kr/recruit/view/22123755,,,,,,,정규직,주6일근무,월급,,,부산 사하구,,학력무관,2026-09-08 14:44:43
https://job.career.co.kr/recruit/view/22123744,,,,,,,계약직,주5일근무,월급,,,부산 사하구,,학력무관,2026-09-08 14:44:43
https://job.career.co.kr/recruit/view/22123742,,,,,,,정규직,주5일근무,월급,,,부산 사하구,,학력무관,2026-09-08 14:44:43
https://job.career.co.kr/recruit/view/22123741,,,,,,,정규직,주5일근무,월급,,,부산 영도구,,학력무관,2026-09-08 14:44:44
https://job.career.co.kr/recruit/view/22123740,,,,,,,계약직,주5일근무,시급,,,부산 영도구,,학력무관,2026-09-08 14:44:44
https://job.career.co.kr/recruit/view/22123734,,,,,,,정규직,주3일근무,시급,,,부산 해운대구,,학력무관,2026-09-08 14:44:44
https://job.career.co.kr/recruit/view/22123733,,,,,,,정규직,주5일근무,시급,,,부산 해운대구,,학력무관,2026-09-08 14:44:45
https://job.career.co.kr/recruit/view/22123732,,,,,,,정규직,주5일근무,연봉,,,부산 부산진구,,학력무관,2026-09-08 14:44:45
https://job.career.co.kr/recruit/view/22123731,,,,,,,정규직,주5일근무,월급,,,부산 동구,,학력무관,2026-09-08 14:44:45
https://job.career.co.kr/recruit/view/22123730,,,,,,,정규직,주5일근무,연봉,,,부산 동구,,학력무관,2026-09-08 14:44:46
https://job.career.co.kr/recruit/view/22123728,,,,,,,정규직,주5일근무,연봉,,,부산 서구,,학력무관,2026-09-08 14:44:46
https://job.career.co.kr/recruit/view/22123725,,,,,,,정규직,주5일근무,시급,,,부산 동래구,,학력무관,2026-09-08 14:44:46
https://job.career.co.kr/recruit/view/22123720,,,,,,,정규직,주5일근무,월급,,,부산 연제구,,"대학(2,3년) 졸업 이상",2026-09-08 14:44:47
https://job.career.co.kr/recruit/view/22123717,,,,,,,정규직,주4일근무,시급,,,부산 부산진구,,학력무관,2026-09-08 14:44:47
https://job.career.co.kr/recruit/view/22123713,,,,,,,계약직,주5일근무,월급,,,부산 연제구,,"대학(2,3년) 졸업 이상",2026-09-08 14:44:47
https://job.career.co.kr/recruit/view/22123710,,,,,,,정규직,주5일근무,시급,,,부산 동래구,,학력무관,2026-09-08 14:44:48
https://job.career.co.kr/recruit/view/22123709,,,,,,,정규직,주5일근무,연봉,,,부산 영도구,,학력무관,2026-09-08 14:44:48
https://job.career.co.kr/recruit/view/22123708,,,,,,,계약직,주6일근무,월급,,,부산 남구,,학력무관,2026-09-08 14:44:48
https://job.career.co.kr/recruit/view/22123705,,,,,,,정규직,주5일근무,연봉,,,부산 서구,,학력무관,2026-09-08 14:44:49
https://job.career.co.kr/recruit/view/22123699,,,,,,,계약직,주5일근무,월급,,,부산 남구,,고등학교 졸업 이상,2026-09-08 14:44:49
https://job.career.co.kr/recruit/view/22123697,,,,,,,정규직,주5일근무,시급,,,부산 연제구,,학력무관,2026-09-08 14:44:49
https://job.career.co.kr/recruit/view/22123696,,,,,,,정규직,주5일근무,시급,,,부산 남구,,학력무관,2026-09-08 14:44:50
https://job.career.co.kr/recruit/view/22123511,,,,,,,계약직,주6일근무,월급,,,부산 남구,,학력무관,2026-09-08 14:44:50
https://job.career.co.kr/recruit/view/22123212,,,,,,,정규직,주6일근무,시급,,,부산 연제구,,학력무관,2026-09-08 14:44:50
https://job.career.co.kr/recruit/view/22123211,,,,,,,계약직,주5일근무,월급,,,부산 서구,,학력무관,2026-09-08 14:44:51
https://job.career.co.kr/recruit/view/22123209,,,,,,,계약직,주6일근무,월급,,,부산 해운대구,,학력무관,2026-09-08 14:44:51
https://job.career.co.kr/recruit/view/22123208,,,,,,,계약직,주6일근무,월급,,,부산 해운대구,,학력무관,2026-09-08 14:44:51
https://job.career.co.kr/recruit/view/22123202,,,,,,,계약직,주5일근무,월급,,,부산 동래구,,고등학교 졸업 이상,2026-09-08 14:44:52
https://job.career.co.kr/recruit/view/22122972,,,,,,,계약직,주5일근무,월급,,,부산 서구,,대학교(4년) 졸업 이상,2026-09-08 14:44:52
https://job.career.co.kr/recruit/view/22122957,,,,,,,정규직,주5일근무,시급,,,부산 수영구,,학력무관,2026-09-08 14:44:52
https://job.career.co.kr/recruit/view/22122918,,,,,,,정규직,주5일근무,월급,,,부산 해운대구,,학력무관,2026-09-08 14:44:53
https://job.career.co.kr/recruit/view/22122917,,,,,,,정규직,주5일근무,시급,,,부산 해운대구,,학력무관,2026-09-08 14:44:53
https://job.career.co.kr/recruit/view/22122916,,,,,,,정규직,주5일근무,연봉,,,부산 해운대구,,대학교(4년) 졸업 이상,2026-09-08 14:44:53
https://job.career.co.kr/recruit/view/22122601,,,,,,,정규직,주6일근무,연봉,,,부산 사상구,,학력무관,2026-09-08 14:44:54
https://job.career.co.kr/recruit/view/22120941,,,,,,,정규직,주5일근무,연봉,,,부산 강서구,,"대학(2,3년) 졸업 이상",2026-09-08 14:44:54
https://job.career.co.kr/recruit/view/22120936,,,,,,,정규직,주5일근무,월급,,,부산 북구,,학력무관,2026-09-08 14:44:54
https://job.career.co.kr/recruit/view/22120934,,,,,,,정규직,주5일근무,연봉,,,부산 강서구,,학력무관,2026-09-08 14:44:55
https://job.career.co.kr/recruit/view/22120933,,,,,,,정규직,주5일근무,월급,,,부산 강서구,,학력무관,2026-09-08 14:44:55
https://job.career.co.kr/recruit/view/22120932,,,,,,,정규직,주5일근무,시급,,,부산 강서구,,학력무관,2026-09-08 14:44:55
https://job.career.co.kr/recruit/view/22120930,,,,,,,정규직,주5일근무,연봉,,,부산 강서구,,대학교(4년) 졸업 이상,2026-09-08 14:44:56
https://job.career.co.kr/recruit/view/22120927,,,,,,,정규직,주6일근무,시급,,,부산 사상구,,학력무관,2026-09-08 14:44:56
https://job.career.co.kr/recruit/view/22120925,,,,,,,정규직,주5일근무,월급,,,부산 사상구,,학력무관,2026-09-08 14:44:56
https://job.career.co.kr/recruit/view/22120923,,,,,,,정규직,주5일근무,연봉,,,부산 강서구,,학력무관,2026-09-08 14:44:57
https://job.career.co.kr/recruit/view/22120912,,,,,,,정규직,주6일근무,월급,,,부산 강서구,,학력무관,2026-09-08 14:44:57
https://job.career.co.kr/recruit/view/22120911,,,,,,,정규직,주5일근무,월급,,,부산 강서구,,학력무관,2026-09-08 14:44:57
https://job.career.co.kr/recruit/view/22120910,,,,,,,정규직,주5일근무,월급,,,부산 강서구,,"대학(2,3년) 졸업 이상",2026-09-08 14:44:58
https://job.career.co.kr/recruit/view/22120907,,,,,,,계약직,주5일근무,월급,,,부산 사상구,,학력무관,2026-09-08 14:44:58
https://job.career.co.kr/recruit/view/22120903,,,,,,,계약직,주6일근무,시급,,,부산 사하구,,학력무관,2026-09-08 14:44:58
https://job.career.co.kr/recruit/view/22120902,,,,,,,정규직,주5일근무,시급,,,부산 사상구,,학력무관,2026-09-08 14:44:59
https://job.career.co.kr/recruit/view/22120901,,,,,,,정규직,주5일근무,시급,,,부산 사상구,,학력무관,2026-09-08 14:44:59
https://job.career.co.kr/recruit/view/22120900,,,,,,,정규직,주5일근무,시급,,,부산 사상구,,학력무관,2026-09-08 14:44:59
https://job.career.co.kr/recruit/view/22120890,,,,,,,계약직,주5일근무,월급,,,부산 사상구,,학력무관,2026-09-08 14:45:00
https://job.career.co.kr/recruit/view/22120889,,,,,,,정규직,주5일근무,시급,,,부산 강서구,,학력무관,2026-09-08 14:45:00
https://job.career.co.kr/recruit/view/22120887,,,,,,,정규직,주5일근무,일급,,,부산 강서구,,학력무관,2026-09-08 14:45:00
https://job.career.co.kr/recruit/view/22120883,,,,,,,계약직,주5일근무,월급,,,부산 강서구,,"대학(2,3년) 졸업 이상",2026-09-08 14:45:01
https://job.career.co.kr/recruit/view/22120882,,,,,,,정규직,주5일근무,월급,,,부산 사상구,,학력무관,2026-09-08 14:45:01
https://job.career.co.kr/recruit/view/22120881,,,,,,,정규직,주5일근무,연봉,,,부산 수영구,,학력무관,2026-09-08 14:45:01
https://job.career.co.kr/recruit/view/22120876,,,,,,,계약직,주5일근무,연봉,,,부산 해운대구,,학력무관,2026-09-08 14:45:02
https://job.career.co.kr/recruit/view/22120874,,,,,,,정규직,주5일근무,연봉,,,부산 동래구,,학력무관,2026-09-08 14:45:02
https://job.career.co.kr/recruit/view/22120873,,,,,,,정규직,주4일근무,시급,,,부산 해운대구,,학력무관,2026-09-08 14:45:02
https://job.career.co.kr/recruit/view/22120868,,,,,,,정규직,주5일근무,시급,,,부산 기장군,,학력무관,2026-09-08 14:45:03
https://job.career.co.kr/recruit/view/22120863,,,,,,,정규직,주5일근무,월급,,,부산 해운대구,,학력무관,2026-09-08 14:45:03
https://job.career.co.kr/recruit/view/22120869,,,,,,,정규직,주5일근무,연봉,,,부산 기장군,,학력무관,2026-09-08 14:45:04
https://job.career.co.kr/recruit/view/22120860,,,,,,,정규직,주5일근무,월급,,,부산 해운대구,,학력무관,2026-09-08 14:45:04
https://job.career.co.kr/recruit/view/22120858,,,,,,,계약직,주5일근무,월급,,,부산 수영구,,학력무관,2026-09-08 14:45:04
https://job.career.co.kr/recruit/view/22120857,,,,,,,정규직,주5일근무,시급,,,부산 기장군,,학력무관,2026-09-08 14:45:04
https://job.career.co.kr/recruit/view/22120856,,,,,,,정규직,주5일근무,월급,,,부산 수영구,,학력무관,2026-09-08 14:45:05
https://job.career.co.kr/recruit/view/22120853,,,,,,,정규직,주5일근무,시급,,,부산 해운대구,,학력무관,2026-09-08 14:45:05
https://job.career.co.kr/recruit/view/22120841,,,,,,,정규직,주5일근무,월급,,,부산 금정구,,학력무관,2026-09-08 14:45:05
https://job.career.co.kr/recruit/view/22120839,,,,,,,정규직,주5일근무,시급,,,부산 동래구,,학력무관,2026-09-08 14:45:06
https://job.career.co.kr/recruit/view/22120838,,,,,,,정규직,주6일근무,월급,,,부산 수영구,,학력무관,2026-09-08 14:45:06
https://job.career.co.kr/recruit/view/22120836,,,,,,,정규직,주3일근무,시급,,,부산 해운대구,,학력무관,2026-09-08 14:45:06
https://job.career.co.kr/recruit/view/22120835,,,,,,,정규직,주3일근무,시급,,,부산 해운대구,,학력무관,2026-09-08 14:45:07
https://job.career.co.kr/recruit/view/22120834,,,,,,,정규직,주5일근무,시급,,,부산 해운대구,,학력무관,2026-09-08 14:45:07
https://job.career.co.kr/recruit/view/22120831,,,,,,,정규직,주5일근무,월급,,,부산 기장군,,학력무관,2026-09-08 14:45:07
https://job.career.co.kr/recruit/view/22120829,,,,,,,정규직,학력,시급,,,부산 해운대구,,고등학교 졸업 이상,2026-09-08 14:45:08
https://job.career.co.kr/recruit/view/22120828,,,,,,,계약직,주5일근무,월급,,,부산 동래구,,학력무관,2026-09-08 14:45:08
https://job.career.co.kr/recruit/view/22120827,,,,,,,정규직,주6일근무,월급,,,부산 사상구,,학력무관,2026-09-08 14:45:08
https://job.career.co.kr/recruit/view/22120822,,,,,,,계약직,주5일근무,연봉,,,부산 사하구,,학력무관,2026-09-08 14:45:09
https://job.career.co.kr/recruit/view/22120821,,,,,,,계약직,주5일근무,시급,,,부산 사하구,,학력무관,2026-09-08 14:45:09
https://job.career.co.kr/recruit/view/22120820,,,,,,,정규직,주5일근무,연봉,,,부산 사하구,,학력무관,2026-09-08 14:45:11
https://job.career.co.kr/recruit/view/22120819,,,,,,,정규직,주5일근무,월급,,,부산 사하구,,학력무관,2026-09-08 14:45:11
https://job.career.co.kr/recruit/view/22120806,,,,,,,정규직,주5일근무,연봉,,,부산 영도구,,학력무관,2026-09-08 14:45:11
https://job.career.co.kr/recruit/view/22120805,,,,,,,정규직,주5일근무,연봉,,,부산 동구,,학력무관,2026-09-08 14:45:12
https://job.career.co.kr/recruit/view/22120813,,,,,,,계약직,주5일근무,시급,,,부산 서구,,학력무관,2026-09-08 14:45:12
https://job.career.co.kr/recruit/view/22120808,,,,,,,정규직,주6일근무,시급,,,부산 사하구,,학력무관,2026-09-08 14:45:12
https://job.career.co.kr/recruit/view/22120804,,,,,,,계약직,주5일근무,월급,,,부산 남구,,학력무관,2026-09-08 14:45:12
https://job.career.co.kr/recruit/view/22120799,,,,,,,정규직,주5일근무,월급,,,부산 부산진구,,학력무관,2026-09-08 14:45:12
https://job.career.co.kr/recruit/view/22120798,,,,,,,정규직,주5일근무,연봉,,,부산 부산진구,,학력무관,2026-09-08 14:45:12
https://job.career.co.kr/recruit/view/22120797,,,,,,,정규직,주6일근무,시급,,,부산 사상구,,학력무관,2026-09-08 14:45:13
https://job.career.co.kr/recruit/view/22120796,,,,,,,계약직,주5일근무,월급,,,부산 남구,,학력무관,2026-09-08 14:45:13
https://job.career.co.kr/recruit/view/22120795,,,,,,,계약직,주5일근무,월급,,,부산 사상구,,학력무관,2026-09-08 14:45:13
https://job.career.co.kr/recruit/view/22120794,,,,,,,정규직,주5일근무,연봉,,,부산 연제구,,학력무관,2026-09-08 14:45:14
https://job.career.co.kr/recruit/view/22120793,,,,,,,정규직,주5일근무,월급,,,부산 영도구,,학력무관,2026-09-08 14:45:14
https://job.career.co.kr/recruit/view/22120792,,,,,,,정규직,주5일근무,월급,,,부산 영도구,,학력무관,2026-09-08 14:45:14
https://job.career.co.kr/recruit/view/22120791,,,,,,,정규직,주5일근무,시급,,,부산 금정구,,학력무관,2026-09-08 14:45:15
https://job.career.co.kr/recruit/view/22120790,,,,,,,계약직,주5일근무,월급,,,부산 서구,,학력무관,2026-09-08 14:45:15
https://job.career.co.kr/recruit/view/22120786,,,,,,,계약직,주6일근무,월급,,,부산 영도구,,학력무관,2026-09-08 14:45:15
https://job.career.co.kr/recruit/view/22120582,,,,,,,계약직,주6일근무,월급,,,부산 사하구,,학력무관,2026-09-08 14:45:16
https://job.career.co.kr/recruit/view/22120580,,,,,,,계약직,주5일근무,월급,,,부산 해운대구,,학력무관,2026-09-08 14:45:16
https://job.career.co.kr/recruit/view/22120389,,,,,,,정규직,주3일근무,시급,,,부산 수영구,,학력무관,2026-09-08 14:45:16
https://job.career.co.kr/recruit/view/22120388,,,,,,,정규직,주5일근무,월급,,,부산 사하구,,학력무관,2026-09-08 14:45:17
https://job.career.co.kr/recruit/view/22120387,,,,,,,정규직,주5일근무,월급,,,부산 사상구,,학력무관,2026-09-08 14:45:17
https://job.career.co.kr/recruit/view/22120386,,,,,,,계약직,주6일근무,월급,,,부산 남구,,학력무관,2026-09-08 14:45:17
https://job.career.co.kr/recruit/view/22120385,,,,,,,정규직,주5일근무,월급,,,부산 사상구,,학력무관,2026-09-08 14:45:18
https://job.career.co.kr/recruit/view/22120381,,,,,,,정규직,주6일근무,시급,,,부산 동래구,,학력무관,2026-09-08 14:45:18
https://job.career.co.kr/recruit/view/22120380,,,,,,,정규직,주5일근무,시급,,,부산 금정구,,학력무관,2026-09-08 14:45:18
https://job.career.co.kr/recruit/view/22120160,,,,,,,계약직,주5일근무,시급,,,부산 사하구,,학력무관,2026-09-08 14:45:19
https://job.career.co.kr/recruit/view/22120086,,,,,,,정규직,주5일근무,시급,,,부산 남구,,학력무관,2026-09-08 14:45:19
https://job.career.co.kr/recruit/view/22120085,,,,,,,정규직,주5일근무,시급,,,부산 중구,,학력무관,2026-09-08 14:45:19
https://job.career.co.kr/recruit/view/22120081,,,,,,,정규직,주5일근무,시급,,,부산 영도구,,학력무관,2026-09-08 14:45:20
https://job.career.co.kr/recruit/view/22120021,,,,,,,정규직,주5일근무,시급,,,부산 사하구,,학력무관,2026-09-08 14:45:20
https://job.career.co.kr/recruit/view/22120019,,,,,,,정규직,주5일근무,시급,,,부산 사하구,,학력무관,2026-09-08 14:45:21
https://job.career.co.kr/recruit/view/22120018,,,,,,,정규직,주3일근무,시급,,,부산 금정구,,학력무관,2026-09-08 14:45:21
https://job.career.co.kr/recruit/view/22120020,,,,,,,정규직,주5일근무,시급,,,부산 서구,,학력무관,2026-09-08 14:45:22
https://job.career.co.kr/recruit/view/22119936,,,,,,,정규직,주6일근무,시급,,,부산 사하구,,학력무관,2026-09-08 14:45:22
https://job.career.co.kr/recruit/view/22119874,,,,,,,계약직,주5일근무,월급,,,부산 동구,,학력무관,2026-09-08 14:45:22
https://job.career.co.kr/recruit/view/22118552,,,,,,,계약직,주4일근무,시급,,,부산 남구,,학력무관,2026-09-08 14:45:22
https://job.career.co.kr/recruit/view/22119867,,,,,,,정규직,주5일근무,시급,,,부산 부산진구,,학력무관,2026-09-08 14:45:22
https://job.career.co.kr/recruit/view/22118551,,,,,,,계약직,주5일근무,시급,,,부산 해운대구,,학력무관,2026-09-08 14:45:23
https://job.career.co.kr/recruit/view/22118517,,,,,,,계약직,주5일근무,시급,,,부산 기장군,,학력무관,2026-09-08 14:45:23
https://job.career.co.kr/recruit/view/22118496,,,,,,,계약직,주5일근무,시급,,,부산 기장군,,학력무관,2026-09-08 14:45:23
https://job.career.co.kr/recruit/view/22118109,,,,,,,정규직,주5일근무,월급,,,부산 동구,,학력무관,2026-09-08 14:45:24
https://job.career.co.kr/recruit/view/22117954,,,,,,,정규직,주5일근무,월급,,,부산 사상구,,학력무관,2026-09-08 14:45:24
https://job.career.co.kr/recruit/view/22117953,,,,,,,정규직,주5일근무,월급,,,부산 사상구,,고등학교 졸업 이상,2026-09-08 14:45:24
https://job.career.co.kr/recruit/view/22117952,,,,,,,정규직,주5일근무,시급,,,부산 북구,,학력무관,2026-09-08 14:45:25
https://job.career.co.kr/recruit/view/22117951,,,,,,,정규직,주6일근무,월급,,,부산 강서구,,학력무관,2026-09-08 14:45:25
https://job.career.co.kr/recruit/view/22117950,,,,,,,계약직,주6일근무,월급,,,부산 남구,,학력무관,2026-09-08 14:45:25
https://job.career.co.kr/recruit/view/22117949,,,,,,,계약직,주5일근무,월급,,,부산 북구,,학력무관,2026-09-08 14:45:26
https://job.career.co.kr/recruit/view/22117945,,,,,,,정규직,주5일근무,시급,,,부산 북구,,학력무관,2026-09-08 14:45:26
https://job.career.co.kr/recruit/view/22117943,,,,,,,정규직,주5일근무,월급,,,부산 사상구,,학력무관,2026-09-08 14:45:26
https://job.career.co.kr/recruit/view/22117940,,,,,,,정규직,주5일근무,시급,,,부산 사상구,,학력무관,2026-09-08 14:45:27
https://job.career.co.kr/recruit/view/22117938,,,,,,,정규직,주6일근무,월급,,,부산 강서구,,학력무관,2026-09-08 14:45:27
https://job.career.co.kr/recruit/view/22117935,,,,,,,정규직,주5일근무,월급,,,부산 강서구,,학력무관,2026-09-08 14:45:27
https://job.career.co.kr/recruit/view/22117934,,,,,,,정규직,주5일근무,시급,,,부산 동래구,,학력무관,2026-09-08 14:45:28
https://job.career.co.kr/recruit/view/22117929,,,,,,,정규직,주5일근무,시급,,,부산 강서구,,학력무관,2026-09-08 14:45:28
https://job.career.co.kr/recruit/view/22117928,,,,,,,정규직,주5일근무,시급,,,부산 북구,,학력무관,2026-09-08 14:45:28
https://job.career.co.kr/recruit/view/22117926,,,,,,,정규직,주5일근무,월급,,,부산 강서구,,학력무관,2026-09-08 14:45:29
https://job.career.co.kr/recruit/view/22117925,,,,,,,정규직,주5일근무,연봉,,,부산 강서구,,학력무관,2026-09-08 14:45:29
https://job.career.co.kr/recruit/view/22117923,,,,,,,정규직,주5일근무,시급,,,부산 사상구,,학력무관,2026-09-08 14:45:29
https://job.career.co.kr/recruit/view/22117922,,,,,,,정규직,주5일근무,시급,,,부산 강서구,,학력무관,2026-09-08 14:45:30
https://job.career.co.kr/recruit/view/22117919,,,,,,,정규직,주5일근무,연봉,,,부산 강서구,,학력무관,2026-09-08 14:45:30
https://job.career.co.kr/recruit/view/22117916,,,,,,,정규직,주5일근무,연봉,,,부산 강서구,,학력무관,2026-09-08 14:45:30
https://job.career.co.kr/recruit/view/22117913,,,,,,,정규직,주5일근무,연봉,,,부산 강서구,,학력무관,2026-09-08 14:45:31
https://job.career.co.kr/recruit/view/22117911,,,,,,,정규직,주5일근무,연봉,,,부산 강서구,,학력무관,2026-09-08 14:45:31
https://job.career.co.kr/recruit/view/22117904,,,,,,,정규직,주6일근무,시급,,,부산 강서구,,학력무관,2026-09-08 14:45:31
https://job.career.co.kr/recruit/view/22117901,,,,,,,정규직,주6일근무,월급,,,부산 강서구,,학력무관,2026-09-08 14:45:32
https://job.career.co.kr/recruit/view/22117897,,,,,,,정규직,주5일근무,월급,,,부산 강서구,,학력무관,2026-09-08 14:45:32
https://job.career.co.kr/recruit/view/22117896,,,,,,,정규직,주5일근무,연봉,,,부산 강서구,,"대학(2,3년) 졸업 이상",2026-09-08 14:45:32
https://job.career.co.kr/recruit/view/22117893,,,,,,,정규직,주5일근무,연봉,,,부산 강서구,,고등학교 졸업 이상,2026-09-08 14:45:33
https://job.career.co.kr/recruit/view/22117886,,,,,,,정규직,주5일근무,월급,,,부산 사상구,,고등학교 졸업 이상,2026-09-08 14:45:33
https://job.career.co.kr/recruit/view/22117883,,,,,,,계약직,주5일근무,월급,,,부산 중구,,학력무관,2026-09-08 14:45:33
https://job.career.co.kr/recruit/view/22117882,,,,,,,정규직,주5일근무,연봉,,,부산 사상구,,학력무관,2026-09-08 14:45:34
https://job.career.co.kr/recruit/view/22117879,,,,,,,정규직,주6일근무,연봉,,,부산 강서구,,학력무관,2026-09-08 14:45:34
https://job.career.co.kr/recruit/view/22117876,,,,,,,정규직,주5일근무,시급,,,부산 동래구,,학력무관,2026-09-08 14:45:34
https://job.career.co.kr/recruit/view/22117873,,,,,,,정규직,주6일근무,월급,,,부산 수영구,,학력무관,2026-09-08 14:45:35
https://job.career.co.kr/recruit/view/22117871,,,,,,,정규직,주5일근무,월급,,,부산 수영구,,학력무관,2026-09-08 14:45:35
https://job.career.co.kr/recruit/view/22117875,,,,,,,정규직,주5일근무,연봉,,,부산 기장군,,학력무관,2026-09-08 14:45:36
https://job.career.co.kr/recruit/view/22117869,,,,,,,정규직,주5일근무,시급,,,부산 북구,,학력무관,2026-09-08 14:45:36
https://job.career.co.kr/recruit/view/22117864,,,,,,,정규직,주5일근무,월급,,,부산 금정구,,"대학(2,3년) 졸업 이상",2026-09-08 14:45:36
https://job.career.co.kr/recruit/view/22117863,,,,,,,계약직,주5일근무,연봉,,,부산 기장군,,고등학교 졸업 이상,2026-09-08 14:45:36
https://job.career.co.kr/recruit/view/22117862,,,,,,,정규직,주6일근무,연봉,,,부산 해운대구,,학력무관,2026-09-08 14:45:37
https://job.career.co.kr/recruit/view/22117861,,,,,,,계약직,주5일근무,월급,,,부산 기장군,,학력무관,2026-09-08 14:45:37
https://job.career.co.kr/recruit/view/22117857,,,,,,,정규직,주5일근무,시급,,,부산 동래구,,학력무관,2026-09-08 14:45:37
https://job.career.co.kr/recruit/view/22117856,,,,,,,정규직,주5일근무,월급,,,부산 해운대구,,학력무관,2026-09-08 14:45:38
https://job.career.co.kr/recruit/view/22117848,,,,,,,계약직,주5일근무,월급,,,부산 금정구,,학력무관,2026-09-08 14:45:38
https://job.career.co.kr/recruit/view/22117846,,,,,,,정규직,주6일근무,월급,,,부산 기장군,,학력무관,2026-09-08 14:45:38
https://job.career.co.kr/recruit/view/22117842,,,,,,,정규직,주5일근무,시급,,,부산 수영구,,학력무관,2026-09-08 14:45:39
https://job.career.co.kr/recruit/view/22117839,,,,,,,정규직,주5일근무,시급,,,부산 기장군,,학력무관,2026-09-08 14:45:39
https://job.career.co.kr/recruit/view/22117837,,,,,,,계약직,주5일근무,연봉,,,부산 해운대구,,학력무관,2026-09-08 14:45:39
https://job.career.co.kr/recruit/view/22117836,,,,,,,정규직,학력,시급,,,부산 금정구,,학력무관,2026-09-08 14:45:40
https://job.career.co.kr/recruit/view/22117833,,,,,,,계약직,주5일근무,연봉,,,부산 해운대구,,학력무관,2026-09-08 14:45:40
https://job.career.co.kr/recruit/view/22117831,,,,,,,계약직,주5일근무,연봉,,,부산 해운대구,,학력무관,2026-09-08 14:45:40
https://job.career.co.kr/recruit/view/22117830,,,,,,,정규직,주5일근무,월급,,,부산 기장군,,학력무관,2026-09-08 14:45:41
https://job.career.co.kr/recruit/view/22117826,,,,,,,정규직,주5일근무,월급,,,부산 금정구,,학력무관,2026-09-08 14:45:41
https://job.career.co.kr/recruit/view/22117824,,,,,,,정규직,주5일근무,월급,,,부산 동래구,,학력무관,2026-09-08 14:45:41
https://job.career.co.kr/recruit/view/22117823,,,,,,,계약직,주6일근무,월급,,,부산 수영구,,고등학교 졸업 이상,2026-09-08 14:45:42
https://job.career.co.kr/recruit/view/22117822,,,,,,,정규직,주5일근무,연봉,,,부산 사하구,,학력무관,2026-09-08 14:45:42
https://job.career.co.kr/recruit/view/22117821,,,,,,,정규직,주5일근무,연봉,,,부산 사하구,,학력무관,2026-09-08 14:45:42
https://job.career.co.kr/recruit/view/22117819,,,,,,,정규직,주5일근무,월급,,,부산 사하구,,학력무관,2026-09-08 14:45:43
https://job.career.co.kr/recruit/view/22117818,,,,,,,정규직,주5일근무,월급,,,부산 사하구,,학력무관,2026-09-08 14:45:43
https://job.career.co.kr/recruit/view/22117817,,,,,,,정규직,주5일근무,시급,,,부산 수영구,,학력무관,2026-09-08 14:45:43
https://job.career.co.kr/recruit/view/22117816,,,,,,,정규직,주5일근무,시급,,,부산 사하구,,학력무관,2026-09-08 14:45:44
https://job.career.co.kr/recruit/view/22117814,,,,,,,정규직,주5일근무,월급,,,부산 사하구,,학력무관,2026-09-08 14:45:44
https://job.career.co.kr/recruit/view/22117813,,,,,,,정규직,주5일근무,월급,,,부산 사하구,,학력무관,2026-09-08 14:45:44
https://job.career.co.kr/recruit/view/22117812,,,,,,,정규직,주5일근무,월급,,,부산 사하구,,학력무관,2026-09-08 14:45:45
https://job.career.co.kr/recruit/view/22117811,,,,,,,정규직,주5일근무,시급,,,부산 사하구,,학력무관,2026-09-08 14:45:45
https://job.career.co.kr/recruit/view/22117810,,,,,,,정규직,주5일근무,월급,,,부산 사하구,,학력무관,2026-09-08 14:45:45
https://job.career.co.kr/recruit/view/22117809,,,,,,,정규직,주5일근무,월급,,,부산 사하구,,학력무관,2026-09-08 14:45:46
https://job.career.co.kr/recruit/view/22117794,,,,,,,정규직,주5일근무,월급,,,부산 부산진구,,학력무관,2026-09-08 14:45:46
https://job.career.co.kr/recruit/view/22117780,,,,,,,정규직,주5일근무,월급,,,부산 기장군,,학력무관,2026-09-08 14:45:47
https://job.career.co.kr/recruit/view/22117777,,,,,,,정규직,주4일근무,시급,,,부산 중구,,학력무관,2026-09-08 14:45:47
https://job.career.co.kr/recruit/view/22117791,,,,,,,정규직,주5일근무,연봉,,,부산 부산진구,,"대학(2,3년) 졸업 이상",2026-09-08 14:45:47
https://job.career.co.kr/recruit/view/22117776,,,,,,,계약직,주5일근무,월급,,,부산 부산진구,,학력무관,2026-09-08 14:45:47
https://job.career.co.kr/recruit/view/22117774,,,,,,,정규직,주3일근무,연봉,,,부산 남구,,학력무관,2026-09-08 14:45:48
https://job.career.co.kr/recruit/view/22117772,,,,,,,정규직,주5일근무,시급,,,부산 부산진구,,학력무관,2026-09-08 14:45:48
https://job.career.co.kr/recruit/view/22117770,,,,,,,계약직,주6일근무,월급,,,부산 수영구,,학력무관,2026-09-08 14:45:48
https://job.career.co.kr/recruit/view/22117355,,,,,,,정규직,주6일근무,시급,,,부산 수영구,,학력무관,2026-09-08 14:45:49
https://job.career.co.kr/recruit/view/22117353,,,,,,,계약직,주5일근무,시급,,,부산 수영구,,학력무관,2026-09-08 14:45:49
https://job.career.co.kr/recruit/view/22117350,,,,,,,계약직,주5일근무,월급,,,부산 기장군,,학력무관,2026-09-08 14:45:49
https://job.career.co.kr/recruit/view/22117349,,,,,,,정규직,주3일근무,시급,,,부산 사상구,,학력무관,2026-09-08 14:45:50
https://job.career.co.kr/recruit/view/22117348,,,,,,,계약직,주6일근무,시급,,,부산 사하구,,학력무관,2026-09-08 14:45:50
https://job.career.co.kr/recruit/view/22117347,,,,,,,정규직,주5일근무,시급,,,부산 영도구,,학력무관,2026-09-08 14:45:50
https://job.career.co.kr/recruit/view/22117339,,,,,,,정규직,주5일근무,연봉,,,부산 금정구,,학력무관,2026-09-08 14:45:51
https://job.career.co.kr/recruit/view/22117338,,,,,,,정규직,주3일근무,연봉,,,부산 금정구,,학력무관,2026-09-08 14:45:51
https://job.career.co.kr/recruit/view/22117123,,,,,,,정규직,주5일근무,연봉,,,부산 강서구,,학력무관,2026-09-08 14:45:51
https://job.career.co.kr/recruit/view/22117122,,,,,,,정규직,주5일근무,연봉,,,부산 강서구,,학력무관,2026-09-08 14:45:52
https://job.career.co.kr/recruit/view/22117121,,,,,,,정규직,주5일근무,시급,,,부산 동래구,,학력무관,2026-09-08 14:45:52
https://job.career.co.kr/recruit/view/22117064,,,,,,,정규직,주6일근무,시급,,,부산 해운대구,,학력무관,2026-09-08 14:45:52
https://job.career.co.kr/recruit/view/22117061,,,,,,,정규직,주5일근무,시급,,,부산 남구,,학력무관,2026-09-08 14:45:53
https://job.career.co.kr/recruit/view/22116940,,,,,,,정규직,주6일근무,시급,,,부산 기장군,,학력무관,2026-09-08 14:45:53
https://job.career.co.kr/recruit/view/22116892,,,,,,,정규직,주5일근무,월급,,,부산 기장군,,학력무관,2026-09-08 14:45:53
https://job.career.co.kr/recruit/view/22116891,,,,,,,계약직,주5일근무,월급,,,부산 기장군,,학력무관,2026-09-08 14:45:54
https://job.career.co.kr/recruit/view/22116890,,,,,,,정규직,주5일근무,월급,,,부산 기장군,,학력무관,2026-09-08 14:45:54
https://job.career.co.kr/recruit/view/22115931,,,,,,,정규직,주5일근무,월급,,,부산 기장군,,학력무관,2026-09-08 14:45:54
https://job.career.co.kr/recruit/view/22115249,,,,,,,정규직,주5일근무,월급,,,부산 동구,,학력무관,2026-09-08 14:45:55
https://job.career.co.kr/recruit/view/22115133,,,,,,,정규직,주6일근무,월급,,,부산 사상구,,학력무관,2026-09-08 14:45:55
https://job.career.co.kr/recruit/view/22115131,,,,,,,정규직,주5일근무,시급,,,부산 북구,,학력무관,2026-09-08 14:45:55
https://job.career.co.kr/recruit/view/22115124,,,,,,,정규직,주6일근무,월급,,,부산 강서구,,학력무관,2026-09-08 14:45:56
https://job.career.co.kr/recruit/view/22115121,,,,,,,정규직,주6일근무,월급,,,부산 사상구,,학력무관,2026-09-08 14:45:56
https://job.career.co.kr/recruit/view/22115118,,,,,,,계약직,주5일근무,월급,,,부산 강서구,,학력무관,2026-09-08 14:45:56
https://job.career.co.kr/recruit/view/22115117,,,,,,,정규직,주5일근무,연봉,,,부산 강서구,,학력무관,2026-09-08 14:45:57
https://job.career.co.kr/recruit/view/22115116,,,,,,,정규직,주5일근무,시급,,,부산 강서구,,학력무관,2026-09-08 14:45:57
https://job.career.co.kr/recruit/view/22115114,,,,,,,정규직,주5일근무,월급,,,부산 강서구,,학력무관,2026-09-08 14:45:57
https://job.career.co.kr/recruit/view/22115107,,,,,,,정규직,주5일근무,월급,,,부산 강서구,,학력무관,2026-09-08 14:45:58
https://job.career.co.kr/recruit/view/22115106,,,,,,,정규직,주5일근무,연봉,,,부산 동구,,학력무관,2026-09-08 14:45:58
https://job.career.co.kr/recruit/view/22115102,,,,,,,정규직,주5일근무,연봉,,,부산 강서구,,학력무관,2026-09-08 14:45:58
https://job.career.co.kr/recruit/view/22115098,,,,,,,정규직,주5일근무,월급,,,부산 사상구,,학력무관,2026-09-08 14:45:59
https://job.career.co.kr/recruit/view/22115093,,,,,,,정규직,주5일근무,시급,,,부산 사상구,,학력무관,2026-09-08 14:45:59
https://job.career.co.kr/recruit/view/22115087,,,,,,,정규직,주3일근무,시급,,,부산 강서구,,학력무관,2026-09-08 14:45:59
https://job.career.co.kr/recruit/view/22115085,,,,,,,정규직,주3일근무,시급,,,부산 금정구,,학력무관,2026-09-08 14:46:00
https://job.career.co.kr/recruit/view/22115084,,,,,,,정규직,주6일근무,시급,,,부산 북구,,학력무관,2026-09-08 14:46:00
https://job.career.co.kr/recruit/view/22115083,,,,,,,계약직,주5일근무,시급,,,부산 강서구,,학력무관,2026-09-08 14:46:00
https://job.career.co.kr/recruit/view/22115082,,,,,,,정규직,주5일근무,시급,,,부산 북구,,학력무관,2026-09-08 14:46:01
https://job.career.co.kr/recruit/view/22115081,,,,,,,계약직,주4일근무,월급,,,부산 수영구,,학력무관,2026-09-08 14:46:01
https://job.career.co.kr/recruit/view/22115080,,,,,,,정규직,주5일근무,월급,,,부산 동래구,,학력무관,2026-09-08 14:46:01
https://job.career.co.kr/recruit/view/22115079,,,,,,,정규직,주5일근무,월급,,,부산 동래구,,학력무관,2026-09-08 14:46:02
https://job.career.co.kr/recruit/view/22115077,,,,,,,계약직,주5일근무,연봉,,,부산 금정구,,고등학교 졸업 이상,2026-09-08 14:46:02
https://job.career.co.kr/recruit/view/22115076,,,,,,,계약직,주5일근무,연봉,,,부산 금정구,,고등학교 졸업 이상,2026-09-08 14:46:02
https://job.career.co.kr/recruit/view/22115069,,,,,,,정규직,학력,시급,,,부산 기장군,,학력무관,2026-09-08 14:46:03
https://job.career.co.kr/recruit/view/22115064,,,,,,,정규직,주5일근무,연봉,,,부산 동래구,,학력무관,2026-09-08 14:46:03
https://job.career.co.kr/recruit/view/22115060,,,,,,,정규직,주6일근무,월급,,,부산 기장군,,학력무관,2026-09-08 14:46:03
https://job.career.co.kr/recruit/view/22115057,,,,,,,정규직,주6일근무,월급,,,부산 금정구,,학력무관,2026-09-08 14:46:04
https://job.career.co.kr/recruit/view/22115056,,,,,,,정규직,주5일근무,시급,,,부산 기장군,,학력무관,2026-09-08 14:46:04
https://job.career.co.kr/recruit/view/22115055,,,,,,,계약직,주5일근무,시급,,,부산 기장군,,학력무관,2026-09-08 14:46:04
https://job.career.co.kr/recruit/view/22115054,,,,,,,정규직,주5일근무,시급,,,부산 기장군,,학력무관,2026-09-08 14:46:05
https://job.career.co.kr/recruit/view/22115051,,,,,,,정규직,주5일근무,시급,,,부산 해운대구,,학력무관,2026-09-08 14:46:05
https://job.career.co.kr/recruit/view/22115050,,,,,,,정규직,주5일근무,연봉,,,부산 동래구,,학력무관,2026-09-08 14:46:05
https://job.career.co.kr/recruit/view/22115045,,,,,,,정규직,주6일근무,월급,,,부산 해운대구,,학력무관,2026-09-08 14:46:06
https://job.career.co.kr/recruit/view/22115042,,,,,,,정규직,주6일근무,월급,,,부산 서구,,학력무관,2026-09-08 14:46:06
https://job.career.co.kr/recruit/view/22115041,,,,,,,정규직,주5일근무,시급,,,부산 사하구,,학력무관,2026-09-08 14:46:06
https://job.career.co.kr/recruit/view/22115039,,,,,,,정규직,주5일근무,월급,,,부산 사하구,,학력무관,2026-09-08 14:46:07
https://job.career.co.kr/recruit/view/22115037,,,,,,,정규직,주5일근무,시급,,,부산 사하구,,학력무관,2026-09-08 14:46:07
https://job.career.co.kr/recruit/view/22115036,,,,,,,정규직,주3일근무,시급,,,부산 남구,,학력무관,2026-09-08 14:46:07
https://job.career.co.kr/recruit/view/22115034,,,,,,,정규직,주5일근무,월급,,,부산 사상구,,학력무관,2026-09-08 14:46:08
https://job.career.co.kr/recruit/view/22115031,,,,,,,정규직,주5일근무,월급,,,부산 사하구,,학력무관,2026-09-08 14:46:08
https://job.career.co.kr/recruit/view/22115030,,,,,,,정규직,주5일근무,월급,,,부산 사하구,,학력무관,2026-09-08 14:46:08
https://job.career.co.kr/recruit/view/22115028,,,,,,,정규직,주5일근무,시급,,,부산 영도구,,학력무관,2026-09-08 14:46:09
https://job.career.co.kr/recruit/view/22115026,,,,,,,정규직,주5일근무,월급,,,부산 서구,,대학교(4년) 졸업 이상,2026-09-08 14:46:09
https://job.career.co.kr/recruit/view/22115019,,,,,,,계약직,주5일근무,연봉,,,부산 영도구,,학력무관,2026-09-08 14:46:09
https://job.career.co.kr/recruit/view/22115018,,,,,,,계약직,주5일근무,월급,,,부산 서구,,학력무관,2026-09-08 14:46:10
https://job.career.co.kr/recruit/view/22115014,,,,,,,정규직,주5일근무,연봉,,,부산 연제구,,학력무관,2026-09-08 14:46:10
https://job.career.co.kr/recruit/view/22115013,,,,,,,정규직,주5일근무,시급,,,부산 남구,,학력무관,2026-09-08 14:46:10
https://job.career.co.kr/recruit/view/22115007,,,,,,,정규직,주5일근무,연봉,,,부산 서구,,학력무관,2026-09-08 14:46:11
https://job.career.co.kr/recruit/view/22115004,,,,,,,계약직,주5일근무,월급,,,부산 남구,,"대학(2,3년) 졸업 이상",2026-09-08 14:46:11
https://job.career.co.kr/recruit/view/22115001,,,,,,,정규직,주5일근무,시급,,,부산 부산진구,,학력무관,2026-09-08 14:46:11
https://job.career.co.kr/recruit/view/22114996,,,,,,,계약직,주5일근무,월급,,,부산 사상구,,학력무관,2026-09-08 14:46:12
https://job.career.co.kr/recruit/view/22114995,,,,,,,계약직,주5일근무,월급,,,부산 금정구,,고등학교 졸업 이상,2026-09-08 14:46:12
https://job.career.co.kr/recruit/view/22114994,,,,,,,정규직,학력,시급,,,부산 부산진구,,학력무관,2026-09-08 14:46:12
https://job.career.co.kr/recruit/view/22114778,,,,,,,계약직,주4일근무,월급,,,부산 동구,,학력무관,2026-09-08 14:46:13
https://job.career.co.kr/recruit/view/22114758,,,,,,,계약직,주6일근무,연봉,,,부산 해운대구,,학력무관,2026-09-08 14:46:13
https://job.career.co.kr/recruit/view/22114513,,,,,,,계약직,주3일근무,시급,,,부산 수영구,,학력무관,2026-09-08 14:46:13
https://job.career.co.kr/recruit/view/22114512,,,,,,,계약직,주6일근무,시급,,,부산 수영구,,학력무관,2026-09-08 14:46:14
https://job.career.co.kr/recruit/view/22114511,,,,,,,정규직,주5일근무,시급,,,부산 부산진구,,학력무관,2026-09-08 14:46:14
https://job.career.co.kr/recruit/view/22114508,,,,,,,정규직,주5일근무,시급,,,부산 강서구,,학력무관,2026-09-08 14:46:14
https://job.career.co.kr/recruit/view/22114507,,,,,,,정규직,주3일근무,시급,,,부산 남구,,학력무관,2026-09-08 14:46:15
https://job.career.co.kr/recruit/view/22114506,,,,,,,정규직,주5일근무,시급,,,부산 영도구,,학력무관,2026-09-08 14:46:15
https://job.career.co.kr/recruit/view/22114504,,,,,,,계약직,주6일근무,시급,,,부산 부산진구,,학력무관,2026-09-08 14:46:15
https://job.career.co.kr/recruit/view/22114503,,,,,,,정규직,주5일근무,시급,,,부산 동래구,,학력무관,2026-09-08 14:46:16
https://job.career.co.kr/recruit/view/22114432,,,,,,,계약직,주5일근무,월급,,,부산 사상구,,학력무관,2026-09-08 14:46:16
https://job.career.co.kr/recruit/view/22114242,,,,,,,계약직,주5일근무,월급,,,부산 해운대구,,학력무관,2026-09-08 14:46:16
https://job.career.co.kr/recruit/view/22114163,,,,,,,계약직,주6일근무,연봉,,,부산 해운대구,,학력무관,2026-09-08 14:46:17
https://job.career.co.kr/recruit/view/22114161,,,,,,,정규직,주5일근무,시급,,,부산 기장군,,학력무관,2026-09-08 14:46:17
https://job.career.co.kr/recruit/view/22114156,,,,,,,정규직,주6일근무,시급,,,부산 금정구,,학력무관,2026-09-08 14:46:17
https://job.career.co.kr/recruit/view/22114155,,,,,,,정규직,주5일근무,시급,,,부산 연제구,,학력무관,2026-09-08 14:46:18
https://job.career.co.kr/recruit/view/22114115,,,,,,,정규직,주5일근무,시급,,,부산 해운대구,,학력무관,2026-09-08 14:46:18
https://job.career.co.kr/recruit/view/22114081,,,,,,,정규직,주5일근무,시급,,,부산 사상구,,학력무관,2026-09-08 14:46:18
https://job.career.co.kr/recruit/view/22114080,,,,,,,정규직,주5일근무,시급,,,부산 부산진구,,학력무관,2026-09-08 14:46:19
https://job.career.co.kr/recruit/view/22113995,,,,,,,정규직,주5일근무,시급,,,부산 금정구,,학력무관,2026-09-08 14:46:19
https://job.career.co.kr/recruit/view/22113770,,,,,,,계약직,주5일근무,월급,,,부산 기장군,,학력무관,2026-09-08 14:46:19
https://job.career.co.kr/recruit/view/22113755,,,,,,,정규직,주5일근무,월급,,,부산 북구,,학력무관,2026-09-08 14:46:20
https://job.career.co.kr/recruit/view/22113370,,,,,,,정규직,주5일근무,연봉,,,부산 사상구,,"대학(2,3년) 졸업 이상",2026-09-08 14:46:20
https://job.career.co.kr/recruit/view/22112135,,,,,,,정규직,주6일근무,연봉,,,부산 사상구,,학력무관,2026-09-08 14:46:20
https://job.career.co.kr/recruit/view/22112132,,,,,,,정규직,주5일근무,월급,,,부산 강서구,,"대학(2,3년) 졸업 이상",2026-09-08 14:46:21
https://job.career.co.kr/recruit/view/22112131,,,,,,,정규직,주5일근무,시급,,,부산 강서구,,학력무관,2026-09-08 14:46:21
https://job.career.co.kr/recruit/view/22112130,,,,,,,정규직,주5일근무,월급,,,부산 강서구,,학력무관,2026-09-08 14:46:21
https://job.career.co.kr/recruit/view/22112128,,,,,,,정규직,주5일근무,연봉,,,부산 강서구,,학력무관,2026-09-08 14:46:22
https://job.career.co.kr/recruit/view/22112127,,,,,,,정규직,주5일근무,연봉,,,부산 강서구,,학력무관,2026-09-08 14:46:22
https://job.career.co.kr/recruit/view/22112126,,,,,,,정규직,주5일근무,월급,,,부산 사상구,,학력무관,2026-09-08 14:46:22
https://job.career.co.kr/recruit/view/22112121,,,,,,,계약직,주5일근무,월급,,,부산 강서구,,학력무관,2026-09-08 14:46:23
https://job.career.co.kr/recruit/view/22112115,,,,,,,정규직,주5일근무,연봉,,,부산 강서구,,학력무관,2026-09-08 14:46:23
https://job.career.co.kr/recruit/view/22112113,,,,,,,정규직,주5일근무,연봉,,,부산 사상구,,학력무관,2026-09-08 14:46:23
https://job.career.co.kr/recruit/view/22112111,,,,,,,정규직,주5일근무,월급,,,부산 해운대구,,학력무관,2026-09-08 14:46:24
https://job.career.co.kr/recruit/view/22112110,,,,,,,정규직,주5일근무,월급,,,부산 강서구,,학력무관,2026-09-08 14:46:24
https://job.career.co.kr/recruit/view/22112106,,,,,,,정규직,주5일근무,연봉,,,부산 사상구,,학력무관,2026-09-08 14:46:24
https://job.career.co.kr/recruit/view/22112105,,,,,,,정규직,주5일근무,월급,,,부산 강서구,,학력무관,2026-09-08 14:46:25
https://job.career.co.kr/recruit/view/22112104,,,,,,,정규직,주5일근무,연봉,,,부산 사상구,,학력무관,2026-09-08 14:46:25
https://job.career.co.kr/recruit/view/22112103,,,,,,,정규직,주5일근무,연봉,,,부산 사상구,,학력무관,2026-09-08 14:46:25
https://job.career.co.kr/recruit/view/22112101,,,,,,,정규직,주5일근무,연봉,,,부산 사상구,,학력무관,2026-09-08 14:46:26
https://job.career.co.kr/recruit/view/22112097,,,,,,,정규직,주5일근무,월급,,,부산 강서구,,학력무관,2026-09-08 14:46:26
https://job.career.co.kr/recruit/view/22112096,,,,,,,정규직,주5일근무,시급,,,부산 사상구,,학력무관,2026-09-08 14:46:26
https://job.career.co.kr/recruit/view/22112093,,,,,,,정규직,주5일근무,월급,,,부산 사상구,,학력무관,2026-09-08 14:46:27
https://job.career.co.kr/recruit/view/22112091,,,,,,,정규직,주6일근무,월급,,,부산 사상구,,학력무관,2026-09-08 14:46:27
https://job.career.co.kr/recruit/view/22112089,,,,,,,정규직,주5일근무,시급,,,부산 기장군,,학력무관,2026-09-08 14:46:27
https://job.career.co.kr/recruit/view/22112082,,,,,,,정규직,주5일근무,월급,,,부산 금정구,,학력무관,2026-09-08 14:46:28
https://job.career.co.kr/recruit/view/22112078,,,,,,,계약직,주5일근무,월급,,,부산 금정구,,학력무관,2026-09-08 14:46:28
https://job.career.co.kr/recruit/view/22112076,,,,,,,정규직,주5일근무,월급,,,부산 금정구,,고등학교 졸업 이상,2026-09-08 14:46:28
https://job.career.co.kr/recruit/view/22112073,,,,,,,정규직,주5일근무,시급,,,부산 동래구,,학력무관,2026-09-08 14:46:29
https://job.career.co.kr/recruit/view/22112071,,,,,,,정규직,주5일근무,시급,,,부산 해운대구,,학력무관,2026-09-08 14:46:29
https://job.career.co.kr/recruit/view/22112064,,,,,,,정규직,주3일근무,시급,,,부산 수영구,,학력무관,2026-09-08 14:46:29
https://job.career.co.kr/recruit/view/22112062,,,,,,,정규직,주6일근무,월급,,,부산 수영구,,학력무관,2026-09-08 14:46:30
https://job.career.co.kr/recruit/view/22112059,,,,,,,계약직,주5일근무,시급,,,부산 해운대구,,학력무관,2026-09-08 14:46:30
https://job.career.co.kr/recruit/view/22112056,,,,,,,정규직,주5일근무,시급,,,부산 해운대구,,학력무관,2026-09-08 14:46:30
https://job.career.co.kr/recruit/view/22112055,,,,,,,정규직,주3일근무,시급,,,부산 수영구,,학력무관,2026-09-08 14:46:31
https://job.career.co.kr/recruit/view/22112054,,,,,,,정규직,주3일근무,시급,,,부산 해운대구,,학력무관,2026-09-08 14:46:31
https://job.career.co.kr/recruit/view/22112053,,,,,,,정규직,주6일근무,시급,,,부산 수영구,,학력무관,2026-09-08 14:46:31
https://job.career.co.kr/recruit/view/22112050,,,,,,,정규직,주5일근무,시급,,,부산 남구,,학력무관,2026-09-08 14:46:32
https://job.career.co.kr/recruit/view/22112048,,,,,,,정규직,주5일근무,연봉,,,부산 사하구,,학력무관,2026-09-08 14:46:32
https://job.career.co.kr/recruit/view/22112047,,,,,,,정규직,주5일근무,연봉,,,부산 사하구,,학력무관,2026-09-08 14:46:32
https://job.career.co.kr/recruit/view/22112038,,,,,,,정규직,주5일근무,연봉,,,부산 사하구,,학력무관,2026-09-08 14:46:33
https://job.career.co.kr/recruit/view/22112036,,,,,,,정규직,주6일근무,월급,,,부산 부산진구,,고등학교 졸업 이상,2026-09-08 14:46:33
https://job.career.co.kr/recruit/view/22112035,,,,,,,정규직,주5일근무,연봉,,,부산 남구,,"대학(2,3년) 졸업 이상",2026-09-08 14:46:33
https://job.career.co.kr/recruit/view/22112032,,,,,,,계약직,주5일근무,월급,,,부산 부산진구,,학력무관,2026-09-08 14:46:34
https://job.career.co.kr/recruit/view/22112025,,,,,,,계약직,주3일근무,시급,,,부산 부산진구,,학력무관,2026-09-08 14:46:34
https://job.career.co.kr/recruit/view/22112023,,,,,,,정규직,주5일근무,시급,,,부산 사하구,,학력무관,2026-09-08 14:46:34
https://job.career.co.kr/recruit/view/22112022,,,,,,,정규직,주5일근무,연봉,,,부산 서구,,학력무관,2026-09-08 14:46:35
https://job.career.co.kr/recruit/view/22112019,,,,,,,계약직,주5일근무,월급,,,부산 영도구,,학력무관,2026-09-08 14:46:35
https://job.career.co.kr/recruit/view/22112017,,,,,,,계약직,주5일근무,연봉,,,부산 부산진구,,학력무관,2026-09-08 14:46:35
https://job.career.co.kr/recruit/view/22112012,,,,,,,계약직,주5일근무,월급,,,부산 서구,,학력무관,2026-09-08 14:46:36
https://job.career.co.kr/recruit/view/22112011,,,,,,,계약직,주5일근무,연봉,,,부산 서구,,학력무관,2026-09-08 14:46:36
https://job.career.co.kr/recruit/view/22112008,,,,,,,계약직,주5일근무,월급,,,부산 서구,,학력무관,2026-09-08 14:46:36
https://job.career.co.kr/recruit/view/22112007,,,,,,,계약직,주5일근무,월급,,,부산 동구,,고등학교 졸업 이상,2026-09-08 14:46:37
https://job.career.co.kr/recruit/view/22112006,,,,,,,계약직,주5일근무,연봉,,,부산 동구,,학력무관,2026-09-08 14:46:37
https://job.career.co.kr/recruit/view/22111999,,,,,,,계약직,주3일근무,시급,,,부산 북구,,학력무관,2026-09-08 14:46:37
https://job.career.co.kr/recruit/view/22111500,,,,,,,정규직,주5일근무,월급,,,부산 영도구,,학력무관,2026-09-08 14:46:38
https://job.career.co.kr/recruit/view/22111499,,,,,,,정규직,주5일근무,월급,,,부산 수영구,,학력무관,2026-09-08 14:46:38
https://job.career.co.kr/recruit/view/22111497,,,,,,,정규직,주5일근무,월급,,,부산 수영구,,학력무관,2026-09-08 14:46:38
https://job.career.co.kr/recruit/view/22111496,,,,,,,계약직,주3일근무,시급,,,부산 수영구,,학력무관,2026-09-08 14:46:39
https://job.career.co.kr/recruit/view/22111495,,,,,,,정규직,주6일근무,시급,,,부산 수영구,,학력무관,2026-09-08 14:46:39
https://job.career.co.kr/recruit/view/22111494,,,,,,,정규직,주5일근무,월급,,,부산 사상구,,"대학(2,3년) 졸업 이상",2026-09-08 14:46:39
https://job.career.co.kr/recruit/view/22111493,,,,,,,정규직,주3일근무,시급,,,부산 사상구,,학력무관,2026-09-08 14:46:40
https://job.career.co.kr/recruit/view/22111492,,,,,,,계약직,주6일근무,월급,,,부산 남구,,학력무관,2026-09-08 14:46:40
https://job.career.co.kr/recruit/view/22111490,,,,,,,정규직,주5일근무,시급,,,부산 사상구,,학력무관,2026-09-08 14:46:40
https://job.career.co.kr/recruit/view/22111488,,,,,,,계약직,주6일근무,월급,,,부산 동래구,,학력무관,2026-09-08 14:46:41
https://job.career.co.kr/recruit/view/22111486,,,,,,,계약직,주5일근무,시급,,,부산 금정구,,학력무관,2026-09-08 14:46:41
https://job.career.co.kr/recruit/view/22111485,,,,,,,정규직,주5일근무,월급,,,부산 동구,,학력무관,2026-09-08 14:46:41
https://job.career.co.kr/recruit/view/22111484,,,,,,,계약직,주5일근무,월급,,,부산 금정구,,학력무관,2026-09-08 14:46:42
https://job.career.co.kr/recruit/view/22111117,,,,,,,계약직,주5일근무,월급,,,부산 부산진구,,학력무관,2026-09-08 14:46:42
https://job.career.co.kr/recruit/view/22111115,,,,,,,정규직,주6일근무,시급,,,부산 남구,,학력무관,2026-09-08 14:46:42
https://job.career.co.kr/recruit/view/22111107,,,,,,,정규직,주5일근무,월급,,,부산 서구,,고등학교 졸업 이상,2026-09-08 14:46:43
https://job.career.co.kr/recruit/view/22109123,,,,,,,계약직,주5일근무,연봉,,,부산 사하구,,학력무관,2026-09-08 14:46:43
https://job.career.co.kr/recruit/view/22108711,,,,,,,정규직,주5일근무,시급,,,부산 연제구,,학력무관,2026-09-08 14:46:43
https://job.career.co.kr/recruit/view/22108666,,,,,,,정규직,주5일근무,시급,,,부산 북구,,학력무관,2026-09-08 14:46:44
https://job.career.co.kr/recruit/view/22108649,,,,,,,정규직,주5일근무,시급,,,부산 북구,,학력무관,2026-09-08 14:46:44
https://job.career.co.kr/recruit/view/22108535,,,,,,,정규직,주5일근무,월급,,,부산 강서구,,학력무관,2026-09-08 14:46:44
https://job.career.co.kr/recruit/view/22108532,,,,,,,정규직,주5일근무,연봉,,,부산 사상구,,학력무관,2026-09-08 14:46:45
https://job.career.co.kr/recruit/view/22108531,,,,,,,계약직,주5일근무,연봉,,,부산 사상구,,학력무관,2026-09-08 14:46:45
https://job.career.co.kr/recruit/view/22108530,,,,,,,정규직,주5일근무,월급,,,부산 강서구,,학력무관,2026-09-08 14:46:45
https://job.career.co.kr/recruit/view/22108527,,,,,,,정규직,주5일근무,월급,,,부산 사상구,,학력무관,2026-09-08 14:46:46
https://job.career.co.kr/recruit/view/22108524,,,,,,,정규직,주6일근무,시급,,,부산 남구,,학력무관,2026-09-08 14:46:46
https://job.career.co.kr/recruit/view/22108523,,,,,,,정규직,주5일근무,시급,,,부산 강서구,,"대학(2,3년) 졸업 이상",2026-09-08 14:46:46
https://job.career.co.kr/recruit/view/22108522,,,,,,,계약직,주5일근무,시급,,,부산 강서구,,학력무관,2026-09-08 14:46:47
https://job.career.co.kr/recruit/view/22108519,,,,,,,정규직,주5일근무,연봉,,,부산 강서구,,학력무관,2026-09-08 14:46:47
https://job.career.co.kr/recruit/view/22108517,,,,,,,정규직,주5일근무,연봉,,,부산 강서구,,학력무관,2026-09-08 14:46:47
https://job.career.co.kr/recruit/view/22108516,,,,,,,정규직,주5일근무,월급,,,부산 강서구,,학력무관,2026-09-08 14:46:48
https://job.career.co.kr/recruit/view/22108512,,,,,,,정규직,주5일근무,시급,,,부산 사상구,,학력무관,2026-09-08 14:46:48
https://job.career.co.kr/recruit/view/22108511,,,,,,,정규직,주5일근무,월급,,,부산 사상구,,학력무관,2026-09-08 14:46:48
https://job.career.co.kr/recruit/view/22108508,,,,,,,정규직,주5일근무,월급,,,부산 사상구,,학력무관,2026-09-08 14:46:49
https://job.career.co.kr/recruit/view/22108506,,,,,,,정규직,주5일근무,월급,,,부산 사상구,,학력무관,2026-09-08 14:46:49
https://job.career.co.kr/recruit/view/22108499,,,,,,,정규직,주5일근무,연봉,,,부산 강서구,,"대학(2,3년) 졸업 이상",2026-09-08 14:46:49
https://job.career.co.kr/recruit/view/22108495,,,,,,,정규직,주5일근무,월급,,,부산 강서구,,학력무관,2026-09-08 14:46:50
https://job.career.co.kr/recruit/view/22108494,,,,,,,정규직,주5일근무,월급,,,부산 강서구,,학력무관,2026-09-08 14:46:50
https://job.career.co.kr/recruit/view/22108493,,,,,,,정규직,주3일근무,시급,,,부산 강서구,,학력무관,2026-09-08 14:46:50
https://job.career.co.kr/recruit/view/22108488,,,,,,,정규직,주5일근무,시급,,,부산 기장군,,학력무관,2026-09-08 14:46:51
https://job.career.co.kr/recruit/view/22108485,,,,,,,정규직,주5일근무,월급,,,부산 수영구,,학력무관,2026-09-08 14:46:51
https://job.career.co.kr/recruit/view/22108484,,,,,,,정규직,주5일근무,월급,,,부산 동래구,,학력무관,2026-09-08 14:46:51
https://job.career.co.kr/recruit/view/22108482,,,,,,,계약직,주6일근무,시급,,,부산 동래구,,학력무관,2026-09-08 14:46:52
https://job.career.co.kr/recruit/view/22108479,,,,,,,계약직,주5일근무,연봉,,,부산 해운대구,,학력무관,2026-09-08 14:46:52
https://job.career.co.kr/recruit/view/22108478,,,,,,,정규직,주5일근무,시급,,,부산 수영구,,학력무관,2026-09-08 14:46:52
https://job.career.co.kr/recruit/view/22108473,,,,,,,계약직,주5일근무,시급,,,부산 해운대구,,학력무관,2026-09-08 14:46:53
https://job.career.co.kr/recruit/view/22108472,,,,,,,정규직,주5일근무,월급,,,부산 수영구,,학력무관,2026-09-08 14:46:53
https://job.career.co.kr/recruit/view/22108471,,,,,,,정규직,주5일근무,월급,,,부산 수영구,,학력무관,2026-09-08 14:46:53
https://job.career.co.kr/recruit/view/22108469,,,,,,,정규직,주5일근무,월급,,,부산 해운대구,,고등학교 졸업 이상,2026-09-08 14:46:54
https://job.career.co.kr/recruit/view/22108468,,,,,,,정규직,주5일근무,연봉,,,부산 동래구,,"대학(2,3년) 졸업 이상",2026-09-08 14:46:54
https://job.career.co.kr/recruit/view/22108466,,,,,,,정규직,주5일근무,연봉,,,부산 해운대구,,고등학교 졸업 이상,2026-09-08 14:46:54
https://job.career.co.kr/recruit/view/22108463,,,,,,,계약직,주5일근무,월급,,,부산 기장군,,학력무관,2026-09-08 14:46:55
https://job.career.co.kr/recruit/view/22108461,,,,,,,정규직,주5일근무,시급,,,부산 동래구,,학력무관,2026-09-08 14:46:55
https://job.career.co.kr/recruit/view/22108460,,,,,,,계약직,주5일근무,월급,,,부산 금정구,,학력무관,2026-09-08 14:46:55
https://job.career.co.kr/recruit/view/22108459,,,,,,,정규직,주5일근무,월급,,,부산 금정구,,학력무관,2026-09-08 14:46:56
https://job.career.co.kr/recruit/view/22108454,,,,,,,정규직,주5일근무,시급,,,부산 해운대구,,학력무관,2026-09-08 14:46:56
https://job.career.co.kr/recruit/view/22108453,,,,,,,정규직,주5일근무,시급,,,부산 해운대구,,학력무관,2026-09-08 14:46:56
https://job.career.co.kr/recruit/view/22108450,,,,,,,정규직,주5일근무,시급,,,부산 금정구,,학력무관,2026-09-08 14:46:57
https://job.career.co.kr/recruit/view/22108448,,,,,,,정규직,주5일근무,월급,,,부산 금정구,,학력무관,2026-09-08 14:46:57
https://job.career.co.kr/recruit/view/22108447,,,,,,,정규직,주5일근무,월급,,,부산 수영구,,학력무관,2026-09-08 14:46:57
https://job.career.co.kr/recruit/view/22108446,,,,,,,계약직,주6일근무,월급,,,부산 해운대구,,학력무관,2026-09-08 14:46:58
https://job.career.co.kr/recruit/view/22108444,,,,,,,정규직,주5일근무,월급,,,부산 동래구,,학력무관,2026-09-08 14:46:58
https://job.career.co.kr/recruit/view/22108440,,,,,,,정규직,주5일근무,연봉,,,부산 기장군,,학력무관,2026-09-08 14:46:58
https://job.career.co.kr/recruit/view/22108439,,,,,,,계약직,주5일근무,월급,,,부산 기장군,,학력무관,2026-09-08 14:46:59
https://job.career.co.kr/recruit/view/22108438,,,,,,,정규직,주5일근무,월급,,,부산 금정구,,학력무관,2026-09-08 14:46:59
https://job.career.co.kr/recruit/view/22108436,,,,,,,정규직,주5일근무,시급,,,부산 북구,,학력무관,2026-09-08 14:46:59
https://job.career.co.kr/recruit/view/22108435,,,,,,,정규직,주3일근무,월급,,,부산 수영구,,학력무관,2026-09-08 14:47:00
https://job.career.co.kr/recruit/view/22108434,,,,,,,계약직,주5일근무,시급,,,부산 사하구,,학력무관,2026-09-08 14:47:00
https://job.career.co.kr/recruit/view/22108432,,,,,,,계약직,주5일근무,시급,,,부산 사하구,,학력무관,2026-09-08 14:47:00
https://job.career.co.kr/recruit/view/22108429,,,,,,,정규직,주5일근무,연봉,,,부산 사하구,,학력무관,2026-09-08 14:47:01
https://job.career.co.kr/recruit/view/22108418,,,,,,,정규직,주5일근무,월급,,,부산 동구,,학력무관,2026-09-08 14:47:01
https://job.career.co.kr/recruit/view/22108417,,,,,,,정규직,주5일근무,시급,,,부산 부산진구,,학력무관,2026-09-08 14:47:01
https://job.career.co.kr/recruit/view/22108413,,,,,,,정규직,주5일근무,시급,,,부산 영도구,,학력무관,2026-09-08 14:47:02
https://job.career.co.kr/recruit/view/22108403,,,,,,,정규직,주5일근무,연봉,,,부산 중구,,학력무관,2026-09-08 14:47:02
https://job.career.co.kr/recruit/view/22108401,,,,,,,정규직,주5일근무,월급,,,부산 부산진구,,학력무관,2026-09-08 14:47:02
https://job.career.co.kr/recruit/view/22108400,,,,,,,정규직,주5일근무,월급,,,부산 부산진구,,학력무관,2026-09-08 14:47:03
https://job.career.co.kr/recruit/view/22108397,,,,,,,정규직,주3일근무,시급,,,부산 동래구,,학력무관,2026-09-08 14:47:03
https://job.career.co.kr/recruit/view/22108396,,,,,,,정규직,주5일근무,월급,,,부산 남구,,학력무관,2026-09-08 14:47:03
https://job.career.co.kr/recruit/view/22108394,,,,,,,정규직,주5일근무,연봉,,,부산 연제구,,학력무관,2026-09-08 14:47:04
https://job.career.co.kr/recruit/view/22108391,,,,,,,정규직,주5일근무,시급,,,부산 부산진구,,학력무관,2026-09-08 14:47:04
https://job.career.co.kr/recruit/view/22108381,,,,,,,정규직,주6일근무,시급,,,부산 해운대구,,학력무관,2026-09-08 14:47:04
https://job.career.co.kr/recruit/view/22108377,,,,,,,계약직,주4일근무,월급,,,부산 동구,,학력무관,2026-09-08 14:47:05
https://job.career.co.kr/recruit/view/22108375,,,,,,,계약직,주5일근무,월급,,,부산 연제구,,학력무관,2026-09-08 14:47:05
https://job.career.co.kr/recruit/view/22108373,,,,,,,정규직,주5일근무,연봉,,,부산 부산진구,,고등학교 졸업 이상,2026-09-08 14:47:05
https://job.career.co.kr/recruit/view/22108367,,,,,,,정규직,주5일근무,월급,,,부산 연제구,,학력무관,2026-09-08 14:47:06
https://job.career.co.kr/recruit/view/22108362,,,,,,,정규직,주3일근무,시급,,,부산 동래구,,학력무관,2026-09-08 14:47:06
https://job.career.co.kr/recruit/view/22108357,,,,,,,정규직,주5일근무,월급,,,부산 부산진구,,학력무관,2026-09-08 14:47:06
https://job.career.co.kr/recruit/view/22108162,,,,,,,정규직,주5일근무,월급,,,부산 해운대구,,대학교(4년) 졸업 이상,2026-09-08 14:47:07
https://job.career.co.kr/recruit/view/22108157,,,,,,,계약직,주5일근무,월급,,,부산 해운대구,,학력무관,2026-09-08 14:47:07
https://job.career.co.kr/recruit/view/22108081,,,,,,,정규직,주5일근무,월급,,,부산 강서구,,학력무관,2026-09-08 14:47:07
https://job.career.co.kr/recruit/view/22108080,,,,,,,정규직,주6일근무,연봉,,,부산 강서구,,학력무관,2026-09-08 14:47:08
https://job.career.co.kr/recruit/view/22108079,,,,,,,정규직,주3일근무,시급,,,부산 사상구,,학력무관,2026-09-08 14:47:08
https://job.career.co.kr/recruit/view/22108077,,,,,,,정규직,주5일근무,연봉,,,부산 강서구,,학력무관,2026-09-08 14:47:08
https://job.career.co.kr/recruit/view/22108074,,,,,,,정규직,주5일근무,월급,,,부산 사상구,,학력무관,2026-09-08 14:47:09
https://job.career.co.kr/recruit/view/22107895,,,,,,,계약직,주5일근무,월급,,,부산 해운대구,,학력무관,2026-09-08 14:47:09
https://job.career.co.kr/recruit/view/22107891,,,,,,,계약직,주6일근무,월급,,,부산 영도구,,학력무관,2026-09-08 14:47:09
https://job.career.co.kr/recruit/view/22107888,,,,,,,정규직,주5일근무,시급,,,부산 동래구,,학력무관,2026-09-08 14:47:10
https://job.career.co.kr/recruit/view/22107886,,,,,,,계약직,주5일근무,월급,,,부산 해운대구,,학력무관,2026-09-08 14:47:10
https://job.career.co.kr/recruit/view/22107885,,,,,,,정규직,주3일근무,시급,,,부산 동래구,,학력무관,2026-09-08 14:47:10
https://job.career.co.kr/recruit/view/22107634,,,,,,,계약직,주5일근무,월급,,,부산 금정구,,학력무관,2026-09-08 14:47:11
https://job.career.co.kr/recruit/view/22107633,,,,,,,정규직,주6일근무,시급,,,부산 해운대구,,학력무관,2026-09-08 14:47:11
https://job.career.co.kr/recruit/view/22107632,,,,,,,정규직,주5일근무,시급,,,부산 남구,,학력무관,2026-09-08 14:47:11
https://job.career.co.kr/recruit/view/22107571,,,,,,,정규직,학력,시급,,,부산 서구,,학력무관,2026-09-08 14:47:12
https://job.career.co.kr/recruit/view/22107570,,,,,,,정규직,주3일근무,시급,,,부산 서구,,학력무관,2026-09-08 14:47:12
https://job.career.co.kr/recruit/view/22107568,,,,,,,정규직,주4일근무,시급,,,부산 기장군,,학력무관,2026-09-08 14:47:12
https://job.career.co.kr/recruit/view/22107472,,,,,,,정규직,주5일근무,시급,,,부산 남구,,학력무관,2026-09-08 14:47:13
https://job.career.co.kr/recruit/view/22107466,,,,,,,정규직,주5일근무,시급,,,부산 해운대구,,학력무관,2026-09-08 14:47:13
https://job.career.co.kr/recruit/view/22107465,,,,,,,정규직,주5일근무,시급,,,부산 사상구,,학력무관,2026-09-08 14:47:13
https://job.career.co.kr/recruit/view/22107463,,,,,,,정규직,주5일근무,시급,,,부산 강서구,,학력무관,2026-09-08 14:47:14
https://job.career.co.kr/recruit/view/22107057,,,,,,,계약직,주5일근무,월급,,,부산 기장군,,학력무관,2026-09-08 14:47:14
https://job.career.co.kr/recruit/view/22106433,,,,,,,계약직,주5일근무,월급,,,부산 해운대구,,학력무관,2026-09-08 14:47:14
https://job.career.co.kr/recruit/view/22106164,,,,,,,정규직,주4일근무,월급,,,부산 해운대구,,학력무관,2026-09-08 14:47:15
https://job.career.co.kr/recruit/view/22106123,,,,,,,정규직,주5일근무,시급,,,부산 사상구,,학력무관,2026-09-08 14:47:15
https://job.career.co.kr/recruit/view/22106116,,,,,,,정규직,주5일근무,연봉,,,부산 사상구,,학력무관,2026-09-08 14:47:15
https://job.career.co.kr/recruit/view/22106110,,,,,,,정규직,주5일근무,연봉,,,부산 사상구,,학력무관,2026-09-08 14:47:16
https://job.career.co.kr/recruit/view/22106109,,,,,,,정규직,주5일근무,월급,,,부산 강서구,,학력무관,2026-09-08 14:47:16
https://job.career.co.kr/recruit/view/22106107,,,,,,,정규직,주6일근무,월급,,,부산 강서구,,학력무관,2026-09-08 14:47:16
https://job.career.co.kr/recruit/view/22106105,,,,,,,정규직,주6일근무,월급,,,부산 강서구,,학력무관,2026-09-08 14:47:17
https://job.career.co.kr/recruit/view/22106104,,,,,,,정규직,주5일근무,시급,,,부산 강서구,,학력무관,2026-09-08 14:47:17
https://job.career.co.kr/recruit/view/22106101,,,,,,,계약직,주5일근무,월급,,,부산 해운대구,,학력무관,2026-09-08 14:47:17
https://job.career.co.kr/recruit/view/22106092,,,,,,,정규직,주6일근무,월급,,,부산 기장군,,학력무관,2026-09-08 14:47:18
https://job.career.co.kr/recruit/view/22106089,,,,,,,계약직,주5일근무,월급,,,부산 금정구,,학력무관,2026-09-08 14:47:18
https://job.career.co.kr/recruit/view/22106083,,,,,,,계약직,주5일근무,월급,,,부산 해운대구,,학력무관,2026-09-08 14:47:18
https://job.career.co.kr/recruit/view/22106081,,,,,,,정규직,주5일근무,연봉,,,부산 기장군,,학력무관,2026-09-08 14:47:19
https://job.career.co.kr/recruit/view/22106079,,,,,,,정규직,학력,시급,,,부산 금정구,,학력무관,2026-09-08 14:47:19
https://job.career.co.kr/recruit/view/22106078,,,,,,,정규직,주5일근무,시급,,,부산 해운대구,,학력무관,2026-09-08 14:47:19
https://job.career.co.kr/recruit/view/22106077,,,,,,,계약직,주5일근무,연봉,,,부산 금정구,,학력무관,2026-09-08 14:47:20
https://job.career.co.kr/recruit/view/22106075,,,,,,,정규직,주6일근무,시급,,,부산 사상구,,학력무관,2026-09-08 14:47:20
https://job.career.co.kr/recruit/view/22106063,,,,,,,정규직,주5일근무,시급,,,부산 기장군,,학력무관,2026-09-08 14:47:20
https://job.career.co.kr/recruit/view/22106062,,,,,,,정규직,주6일근무,월급,,,부산 해운대구,,학력무관,2026-09-08 14:47:21
https://job.career.co.kr/recruit/view/22106058,,,,,,,정규직,주5일근무,시급,,,부산 사하구,,학력무관,2026-09-08 14:47:21
https://job.career.co.kr/recruit/view/22106052,,,,,,,정규직,주5일근무,시급,,,부산 사하구,,학력무관,2026-09-08 14:47:21
https://job.career.co.kr/recruit/view/22106051,,,,,,,정규직,주5일근무,월급,,,부산 사하구,,학력무관,2026-09-08 14:47:22
https://job.career.co.kr/recruit/view/22106050,,,,,,,정규직,주5일근무,시급,,,부산 남구,,학력무관,2026-09-08 14:47:22
https://job.career.co.kr/recruit/view/22106049,,,,,,,정규직,주5일근무,시급,,,부산 사하구,,학력무관,2026-09-08 14:47:22
https://job.career.co.kr/recruit/view/22106048,,,,,,,계약직,주5일근무,시급,,,부산 사하구,,학력무관,2026-09-08 14:47:23
https://job.career.co.kr/recruit/view/22106046,,,,,,,계약직,주5일근무,월급,,,부산 사하구,,학력무관,2026-09-08 14:47:23
https://job.career.co.kr/recruit/view/22106043,,,,,,,정규직,주6일근무,연봉,,,부산 서구,,학력무관,2026-09-08 14:47:23
https://job.career.co.kr/recruit/view/22106042,,,,,,,정규직,주6일근무,연봉,,,부산 서구,,"대학(2,3년) 졸업 이상",2026-09-08 14:47:24
https://job.career.co.kr/recruit/view/22106041,,,,,,,정규직,주5일근무,연봉,,,부산 부산진구,,대학교(4년) 졸업 이상,2026-09-08 14:47:24
https://job.career.co.kr/recruit/view/22106039,,,,,,,계약직,주5일근무,월급,,,부산 사하구,,학력무관,2026-09-08 14:47:24
https://job.career.co.kr/recruit/view/22106037,,,,,,,정규직,주5일근무,연봉,,,부산 연제구,,학력무관,2026-09-08 14:47:25
https://job.career.co.kr/recruit/view/22106018,,,,,,,정규직,주5일근무,시급,,,부산 연제구,,학력무관,2026-09-08 14:47:25
https://job.career.co.kr/recruit/view/22106016,,,,,,,계약직,주6일근무,월급,,,부산 금정구,,학력무관,2026-09-08 14:47:25
https://job.career.co.kr/recruit/view/22106015,,,,,,,정규직,주6일근무,연봉,,,부산 연제구,,학력무관,2026-09-08 14:47:26
https://job.career.co.kr/recruit/view/22105584,,,,,,,정규직,주5일근무,시급,,,부산 수영구,,학력무관,2026-09-08 14:47:26
https://job.career.co.kr/recruit/view/22105583,,,,,,,정규직,주3일근무,시급,,,부산 해운대구,,학력무관,2026-09-08 14:47:26
https://job.career.co.kr/recruit/view/22105581,,,,,,,정규직,주6일근무,시급,,,부산 수영구,,학력무관,2026-09-08 14:47:27
https://job.career.co.kr/recruit/view/22105579,,,,,,,계약직,주6일근무,월급,,,부산 부산진구,,학력무관,2026-09-08 14:47:27
https://job.career.co.kr/recruit/view/22105578,,,,,,,계약직,주5일근무,월급,,,부산 부산진구,,학력무관,2026-09-08 14:47:27
https://job.career.co.kr/recruit/view/22105219,,,,,,,정규직,주5일근무,시급,,,부산 연제구,,학력무관,2026-09-08 14:47:28
https://job.career.co.kr/recruit/view/22105005,,,,,,,계약직,주5일근무,시급,,,부산 남구,,학력무관,2026-09-08 14:47:28
https://job.career.co.kr/recruit/view/22103546,,,,,,,정규직,주6일근무,월급,,,부산 강서구,,학력무관,2026-09-08 14:47:28
https://job.career.co.kr/recruit/view/22103545,,,,,,,정규직,주5일근무,월급,,,부산 강서구,,학력무관,2026-09-08 14:47:29
https://job.career.co.kr/recruit/view/22103542,,,,,,,정규직,주6일근무,월급,,,부산 강서구,,학력무관,2026-09-08 14:47:29
https://job.career.co.kr/recruit/view/22103541,,,,,,,정규직,주6일근무,월급,,,부산 사상구,,학력무관,2026-09-08 14:47:29
https://job.career.co.kr/recruit/view/22103531,,,,,,,계약직,주6일근무,시급,,,부산 사상구,,학력무관,2026-09-08 14:47:30
https://job.career.co.kr/recruit/view/22103527,,,,,,,정규직,주5일근무,시급,,,부산 사상구,,학력무관,2026-09-08 14:47:30
https://job.career.co.kr/recruit/view/22103523,,,,,,,정규직,주5일근무,월급,,,부산 강서구,,학력무관,2026-09-08 14:47:30
https://job.career.co.kr/recruit/view/22103521,,,,,,,정규직,주5일근무,시급,,,부산 사상구,,학력무관,2026-09-08 14:47:31
https://job.career.co.kr/recruit/view/22103520,,,,,,,정규직,주5일근무,시급,,,부산 사상구,,학력무관,2026-09-08 14:47:31
https://job.career.co.kr/recruit/view/22103516,,,,,,,정규직,주5일근무,연봉,,,부산 강서구,,학력무관,2026-09-08 14:47:31
https://job.career.co.kr/recruit/view/22103509,,,,,,,정규직,주6일근무,시급,,,부산 해운대구,,학력무관,2026-09-08 14:47:32
https://job.career.co.kr/recruit/view/22103490,,,,,,,정규직,주5일근무,시급,,,부산 기장군,,학력무관,2026-09-08 14:47:32
https://job.career.co.kr/recruit/view/22103489,,,,,,,정규직,주5일근무,시급,,,부산 기장군,,학력무관,2026-09-08 14:47:32
https://job.career.co.kr/recruit/view/22103488,,,,,,,정규직,주5일근무,연봉,,,부산 동래구,,학력무관,2026-09-08 14:47:33
https://job.career.co.kr/recruit/view/22103487,,,,,,,정규직,주5일근무,연봉,,,부산 해운대구,,학력무관,2026-09-08 14:47:33
https://job.career.co.kr/recruit/view/22103486,,,,,,,정규직,주5일근무,연봉,,,부산 기장군,,학력무관,2026-09-08 14:47:33
https://job.career.co.kr/recruit/view/22103484,,,,,,,정규직,주6일근무,월급,,,부산 금정구,,학력무관,2026-09-08 14:47:34
https://job.career.co.kr/recruit/view/22103483,,,,,,,계약직,학력,월급,,,부산 금정구,,학력무관,2026-09-08 14:47:34
https://job.career.co.kr/recruit/view/22103480,,,,,,,정규직,주5일근무,월급,,,부산 금정구,,학력무관,2026-09-08 14:47:34
https://job.career.co.kr/recruit/view/22103479,,,,,,,정규직,주5일근무,월급,,,부산 해운대구,,학력무관,2026-09-08 14:47:35
https://job.career.co.kr/recruit/view/22103476,,,,,,,정규직,주5일근무,연봉,,,부산 기장군,,학력무관,2026-09-08 14:47:35
https://job.career.co.kr/recruit/view/22103473,,,,,,,정규직,주5일근무,시급,,,부산 기장군,,학력무관,2026-09-08 14:47:35
https://job.career.co.kr/recruit/view/22103465,,,,,,,정규직,주6일근무,시급,,,부산 기장군,,학력무관,2026-09-08 14:47:36
https://job.career.co.kr/recruit/view/22103462,,,,,,,정규직,주3일근무,시급,,,부산 해운대구,,학력무관,2026-09-08 14:47:36
https://job.career.co.kr/recruit/view/22103457,,,,,,,정규직,주5일근무,월급,,,부산 사하구,,학력무관,2026-09-08 14:47:36
https://job.career.co.kr/recruit/view/22103455,,,,,,,계약직,주5일근무,월급,,,부산 사하구,,학력무관,2026-09-08 14:47:37
https://job.career.co.kr/recruit/view/22103452,,,,,,,계약직,주5일근무,월급,,,부산 금정구,,학력무관,2026-09-08 14:47:37
https://job.career.co.kr/recruit/view/22103451,,,,,,,정규직,주5일근무,월급,,,부산 부산진구,,고등학교 졸업 이상,2026-09-08 14:47:37
https://job.career.co.kr/recruit/view/22103448,,,,,,,정규직,주6일근무,시급,,,부산 부산진구,,학력무관,2026-09-08 14:47:38
https://job.career.co.kr/recruit/view/22103447,,,,,,,계약직,주5일근무,월급,,,부산 서구,,학력무관,2026-09-08 14:47:38
https://job.career.co.kr/recruit/view/22103446,,,,,,,정규직,주5일근무,월급,,,부산 남구,,학력무관,2026-09-08 14:47:38
https://job.career.co.kr/recruit/view/22103445,,,,,,,정규직,주5일근무,시급,,,부산 동구,,학력무관,2026-09-08 14:47:39
https://job.career.co.kr/recruit/view/22103441,,,,,,,계약직,주3일근무,시급,,,부산 영도구,,학력무관,2026-09-08 14:47:39
https://job.career.co.kr/recruit/view/22103440,,,,,,,계약직,주3일근무,시급,,,부산 영도구,,학력무관,2026-09-08 14:47:39
https://job.career.co.kr/recruit/view/22103438,,,,,,,정규직,주6일근무,시급,,,부산 부산진구,,학력무관,2026-09-08 14:47:40
https://job.career.co.kr/recruit/view/22103437,,,,,,,정규직,주5일근무,연봉,,,부산 연제구,,학력무관,2026-09-08 14:47:40
https://job.career.co.kr/recruit/view/22103435,,,,,,,정규직,주5일근무,연봉,,,부산 연제구,,학력무관,2026-09-08 14:47:40
https://job.career.co.kr/recruit/view/22103432,,,,,,,정규직,주6일근무,일급,,,부산 영도구,,학력무관,2026-09-08 14:47:41
https://job.career.co.kr/recruit/view/22103430,,,,,,,정규직,주5일근무,시급,,,부산 부산진구,,학력무관,2026-09-08 14:47:41
https://job.career.co.kr/recruit/view/22103203,,,,,,,계약직,주3일근무,월급,,,부산 서구,,학력무관,2026-09-08 14:47:41
https://job.career.co.kr/recruit/view/22103198,,,,,,,정규직,주5일근무,월급,,,부산 해운대구,,학력무관,2026-09-08 14:47:42
https://job.career.co.kr/recruit/view/22102972,,,,,,,계약직,주5일근무,월급,,,부산 해운대구,,학력무관,2026-09-08 14:47:42
https://job.career.co.kr/recruit/view/22102970,,,,,,,정규직,주3일근무,시급,,,부산 수영구,,학력무관,2026-09-08 14:47:42
https://job.career.co.kr/recruit/view/22102969,,,,,,,계약직,주6일근무,월급,,,부산 수영구,,학력무관,2026-09-08 14:47:43
https://job.career.co.kr/recruit/view/22102967,,,,,,,정규직,주5일근무,시급,,,부산 사하구,,학력무관,2026-09-08 14:47:43
https://job.career.co.kr/recruit/view/22102966,,,,,,,정규직,주5일근무,시급,,,부산 사상구,,학력무관,2026-09-08 14:47:43
https://job.career.co.kr/recruit/view/22102965,,,,,,,정규직,주6일근무,시급,,,부산 남구,,학력무관,2026-09-08 14:47:44
https://job.career.co.kr/recruit/view/22102964,,,,,,,계약직,주4일근무,월급,,,부산 해운대구,,학력무관,2026-09-08 14:47:44
https://job.career.co.kr/recruit/view/22102961,,,,,,,계약직,주4일근무,월급,,,부산 부산진구,,학력무관,2026-09-08 14:47:44
https://job.career.co.kr/recruit/view/22102960,,,,,,,정규직,주3일근무,시급,,,부산 부산진구,,학력무관,2026-09-08 14:47:45
https://job.career.co.kr/recruit/view/22102959,,,,,,,정규직,주6일근무,시급,,,부산 연제구,,학력무관,2026-09-08 14:47:45
https://job.career.co.kr/recruit/view/22102685,,,,,,,정규직,주5일근무,연봉,,,부산 중구,,"대학(2,3년) 졸업 이상",2026-09-08 14:47:45
https://job.career.co.kr/recruit/view/22102642,,,,,,,정규직,주5일근무,시급,,,부산 사상구,,학력무관,2026-09-08 14:47:46
https://job.career.co.kr/recruit/view/22102641,,,,,,,정규직,주5일근무,시급,,,부산 부산진구,,학력무관,2026-09-08 14:47:46
https://job.career.co.kr/recruit/view/22102640,,,,,,,정규직,주5일근무,시급,,,부산 영도구,,학력무관,2026-09-08 14:47:46
https://job.career.co.kr/recruit/view/22102577,,,,,,,정규직,주3일근무,시급,,,부산 영도구,,학력무관,2026-09-08 14:47:47
https://job.career.co.kr/recruit/view/22102576,,,,,,,정규직,학력,시급,,,부산 서구,,학력무관,2026-09-08 14:47:47
https://job.career.co.kr/recruit/view/22102575,,,,,,,정규직,주3일근무,시급,,,부산 영도구,,학력무관,2026-09-08 14:47:47
https://job.career.co.kr/recruit/view/22102574,,,,,,,정규직,주6일근무,시급,,,부산 영도구,,학력무관,2026-09-08 14:47:48
https://job.career.co.kr/recruit/view/22101709,,,,,,,정규직,주6일근무,연봉,,,부산 사상구,,학력무관,2026-09-08 14:47:48
https://job.career.co.kr/recruit/view/22100783,,,,,,,정규직,주5일근무,월급,,,부산 강서구,,학력무관,2026-09-08 14:47:48
https://job.career.co.kr/recruit/view/22100780,,,,,,,정규직,주5일근무,연봉,,,부산 강서구,,학력무관,2026-09-08 14:47:49
https://job.career.co.kr/recruit/view/22100779,,,,,,,계약직,주5일근무,시급,,,부산 강서구,,학력무관,2026-09-08 14:47:49
https://job.career.co.kr/recruit/view/22100772,,,,,,,정규직,주5일근무,월급,,,부산 사상구,,학력무관,2026-09-08 14:47:49
https://job.career.co.kr/recruit/view/22100770,,,,,,,정규직,주5일근무,월급,,,부산 사상구,,학력무관,2026-09-08 14:47:50
https://job.career.co.kr/recruit/view/22100769,,,,,,,정규직,주5일근무,월급,,,부산 사상구,,학력무관,2026-09-08 14:47:50
https://job.career.co.kr/recruit/view/22100767,,,,,,,정규직,주5일근무,월급,,,부산 강서구,,학력무관,2026-09-08 14:47:50
https://job.career.co.kr/recruit/view/22100766,,,,,,,정규직,주5일근무,연봉,,,부산 강서구,,학력무관,2026-09-08 14:47:51
https://job.career.co.kr/recruit/view/22100764,,,,,,,정규직,주6일근무,월급,,,부산 북구,,학력무관,2026-09-08 14:47:51
https://job.career.co.kr/recruit/view/22100763,,,,,,,정규직,주5일근무,일급,,,부산 강서구,,학력무관,2026-09-08 14:47:51
https://job.career.co.kr/recruit/view/22100757,,,,,,,정규직,주5일근무,연봉,,,부산 강서구,,고등학교 졸업 이상,2026-09-08 14:47:52
https://job.career.co.kr/recruit/view/22100755,,,,,,,정규직,주5일근무,연봉,,,부산 강서구,,고등학교 졸업 이상,2026-09-08 14:47:52
https://job.career.co.kr/recruit/view/22100754,,,,,,,정규직,주5일근무,시급,,,부산 강서구,,학력무관,2026-09-08 14:47:52
https://job.career.co.kr/recruit/view/22100753,,,,,,,정규직,주5일근무,시급,,,부산 사하구,,학력무관,2026-09-08 14:47:53
https://job.career.co.kr/recruit/view/22100752,,,,,,,정규직,주5일근무,월급,,,부산 북구,,학력무관,2026-09-08 14:47:53
https://job.career.co.kr/recruit/view/22100751,,,,,,,정규직,주6일근무,월급,,,부산 사상구,,학력무관,2026-09-08 14:47:53
https://job.career.co.kr/recruit/view/22100750,,,,,,,정규직,주5일근무,연봉,,,부산 사상구,,고등학교 졸업 이상,2026-09-08 14:47:54
https://job.career.co.kr/recruit/view/22100749,,,,,,,계약직,주5일근무,월급,,,부산 강서구,,학력무관,2026-09-08 14:47:54
https://job.career.co.kr/recruit/view/22100746,,,,,,,정규직,주5일근무,월급,,,부산 사상구,,학력무관,2026-09-08 14:47:54
https://job.career.co.kr/recruit/view/22100744,,,,,,,정규직,주5일근무,월급,,,부산 강서구,,학력무관,2026-09-08 14:47:55
https://job.career.co.kr/recruit/view/22100742,,,,,,,정규직,주5일근무,연봉,,,부산 사상구,,학력무관,2026-09-08 14:47:55
https://job.career.co.kr/recruit/view/22100741,,,,,,,정규직,주6일근무,월급,,,부산 강서구,,학력무관,2026-09-08 14:47:55
https://job.career.co.kr/recruit/view/22100734,,,,,,,정규직,주6일근무,시급,,,부산 북구,,학력무관,2026-09-08 14:47:56
https://job.career.co.kr/recruit/view/22100733,,,,,,,정규직,주6일근무,시급,,,부산 북구,,학력무관,2026-09-08 14:47:56
https://job.career.co.kr/recruit/view/22100732,,,,,,,정규직,주5일근무,시급,,,부산 강서구,,학력무관,2026-09-08 14:47:56
https://job.career.co.kr/recruit/view/22100730,,,,,,,정규직,주5일근무,연봉,,,부산 금정구,,학력무관,2026-09-08 14:47:57
https://job.career.co.kr/recruit/view/22100724,,,,,,,정규직,주6일근무,시급,,,부산 동래구,,학력무관,2026-09-08 14:47:57
https://job.career.co.kr/recruit/view/22100723,,,,,,,정규직,주5일근무,시급,,,부산 기장군,,학력무관,2026-09-08 14:47:57
https://job.career.co.kr/recruit/view/22100720,,,,,,,정규직,주4일근무,월급,,,부산 동래구,,학력무관,2026-09-08 14:47:58
https://job.career.co.kr/recruit/view/22100718,,,,,,,정규직,주6일근무,시급,,,부산 해운대구,,학력무관,2026-09-08 14:47:58
https://job.career.co.kr/recruit/view/22100713,,,,,,,정규직,주5일근무,월급,,,부산 해운대구,,"대학(2,3년) 졸업 이상",2026-09-08 14:47:58
https://job.career.co.kr/recruit/view/22100712,,,,,,,정규직,주5일근무,연봉,,,부산 강서구,,"대학(2,3년) 졸업 이상",2026-09-08 14:47:59
https://job.career.co.kr/recruit/view/22100710,,,,,,,정규직,주3일근무,시급,,,부산 남구,,학력무관,2026-09-08 14:47:59
https://job.career.co.kr/recruit/view/22100708,,,,,,,정규직,주5일근무,시급,,,부산 기장군,,학력무관,2026-09-08 14:47:59
https://job.career.co.kr/recruit/view/22100703,,,,,,,정규직,주6일근무,연봉,,,부산 동래구,,학력무관,2026-09-08 14:48:00
https://job.career.co.kr/recruit/view/22100699,,,,,,,정규직,주6일근무,시급,,,부산 서구,,학력무관,2026-09-08 14:48:00
https://job.career.co.kr/recruit/view/22100698,,,,,,,계약직,주5일근무,월급,,,부산 기장군,,학력무관,2026-09-08 14:48:00
https://job.career.co.kr/recruit/view/22100695,,,,,,,정규직,주5일근무,월급,,,부산 기장군,,학력무관,2026-09-08 14:48:01
https://job.career.co.kr/recruit/view/22100691,,,,,,,계약직,주5일근무,시급,,,부산 사하구,,학력무관,2026-09-08 14:48:01
https://job.career.co.kr/recruit/view/22100689,,,,,,,정규직,주6일근무,시급,,,부산 사하구,,학력무관,2026-09-08 14:48:01
https://job.career.co.kr/recruit/view/22100688,,,,,,,정규직,주5일근무,연봉,,,부산 사하구,,고등학교 졸업 이상,2026-09-08 14:48:02
https://job.career.co.kr/recruit/view/22100686,,,,,,,정규직,주5일근무,시급,,,부산 사하구,,학력무관,2026-09-08 14:48:02
https://job.career.co.kr/recruit/view/22100682,,,,,,,계약직,주5일근무,월급,,,부산 사하구,,학력무관,2026-09-08 14:48:02
https://job.career.co.kr/recruit/view/22100681,,,,,,,계약직,주5일근무,월급,,,부산 동구,,학력무관,2026-09-08 14:48:03
https://job.career.co.kr/recruit/view/22100680,,,,,,,계약직,주5일근무,시급,,,부산 동구,,학력무관,2026-09-08 14:48:03
https://job.career.co.kr/recruit/view/22100679,,,,,,,계약직,주5일근무,시급,,,부산 동구,,학력무관,2026-09-08 14:48:03
https://job.career.co.kr/recruit/view/22100677,,,,,,,정규직,주5일근무,월급,,,부산 동구,,"대학(2,3년) 졸업 이상",2026-09-08 14:48:04
https://job.career.co.kr/recruit/view/22100676,,,,,,,정규직,주5일근무,월급,,,부산 동구,,학력무관,2026-09-08 14:48:04
https://job.career.co.kr/recruit/view/22100675,,,,,,,계약직,주5일근무,월급,,,부산 해운대구,,학력무관,2026-09-08 14:48:05
https://job.career.co.kr/recruit/view/22100673,,,,,,,정규직,주6일근무,시급,,,부산 부산진구,,학력무관,2026-09-08 14:48:05
https://job.career.co.kr/recruit/view/22100669,,,,,,,정규직,주6일근무,월급,,,부산 중구,,학력무관,2026-09-08 14:48:05
https://job.career.co.kr/recruit/view/22100668,,,,,,,정규직,주6일근무,월급,,,부산 남구,,학력무관,2026-09-08 14:48:05
https://job.career.co.kr/recruit/view/22100665,,,,,,,정규직,주6일근무,시급,,,부산 남구,,학력무관,2026-09-08 14:48:06
https://job.career.co.kr/recruit/view/22100663,,,,,,,정규직,주5일근무,시급,,,부산 연제구,,학력무관,2026-09-08 14:48:06
https://job.career.co.kr/recruit/view/22100661,,,,,,,계약직,주5일근무,연봉,,,부산 서구,,학력무관,2026-09-08 14:48:06
https://job.career.co.kr/recruit/view/22100660,,,,,,,계약직,주5일근무,월급,,,부산 부산진구,,학력무관,2026-09-08 14:48:07
https://job.career.co.kr/recruit/view/22100659,,,,,,,정규직,주5일근무,월급,,,부산 부산진구,,학력무관,2026-09-08 14:48:07
https://job.career.co.kr/recruit/view/22100652,,,,,,,정규직,주5일근무,시급,,,부산 사하구,,학력무관,2026-09-08 14:48:07
https://job.career.co.kr/recruit/view/22100109,,,,,,,계약직,주5일근무,월급,,,부산 기장군,,학력무관,2026-09-08 14:48:08
https://job.career.co.kr/recruit/view/22100107,,,,,,,계약직,주6일근무,월급,,,부산 영도구,,학력무관,2026-09-08 14:48:08
https://job.career.co.kr/recruit/view/22100106,,,,,,,계약직,주5일근무,월급,,,부산 해운대구,,학력무관,2026-09-08 14:48:08
https://job.career.co.kr/recruit/view/22100099,,,,,,,정규직,주6일근무,시급,,,부산 동구,,학력무관,2026-09-08 14:48:09
https://job.career.co.kr/recruit/view/22100095,,,,,,,정규직,주5일근무,월급,,,부산 사하구,,학력무관,2026-09-08 14:48:09
https://job.career.co.kr/recruit/view/22099788,,,,,,,정규직,주5일근무,시급,,,부산 사하구,,학력무관,2026-09-08 14:48:09
https://job.career.co.kr/recruit/view/22099772,,,,,,,계약직,주5일근무,시급,,,부산 강서구,,학력무관,2026-09-08 14:48:10
https://job.career.co.kr/recruit/view/22099725,,,,,,,계약직,주6일근무,월급,,,부산 동래구,,학력무관,2026-09-08 14:48:10
https://job.career.co.kr/recruit/view/22099723,,,,,,,정규직,주5일근무,월급,,,부산 금정구,,대학교(4년) 졸업 이상,2026-09-08 14:48:10
https://job.career.co.kr/recruit/view/22099720,,,,,,,정규직,주5일근무,시급,,,부산 기장군,,학력무관,2026-09-08 14:48:11
https://job.career.co.kr/recruit/view/22099713,,,,,,,정규직,주5일근무,시급,,,부산 남구,,학력무관,2026-09-08 14:48:11
https://job.career.co.kr/recruit/view/22099655,,,,,,,정규직,주5일근무,시급,,,부산 사하구,,학력무관,2026-09-08 14:48:11
https://job.career.co.kr/recruit/view/22099654,,,,,,,정규직,주5일근무,시급,,,부산 사하구,,학력무관,2026-09-08 14:48:12
https://job.career.co.kr/recruit/view/22099653,,,,,,,정규직,주5일근무,시급,,,부산 사상구,,학력무관,2026-09-08 14:48:12
https://job.career.co.kr/recruit/view/22099652,,,,,,,정규직,주6일근무,시급,,,부산 중구,,학력무관,2026-09-08 14:48:12
https://job.career.co.kr/recruit/view/22099651,,,,,,,정규직,주5일근무,시급,,,부산 서구,,학력무관,2026-09-08 14:48:13
https://job.career.co.kr/recruit/view/22098661,,,,,,,정규직,주6일근무,연봉,,,부산 사상구,,학력무관,2026-09-08 14:48:13
https://job.career.co.kr/recruit/view/22097664,,,,,,,정규직,주5일근무,연봉,,,부산 북구,,학력무관,2026-09-08 14:48:13
https://job.career.co.kr/recruit/view/22097663,,,,,,,정규직,주5일근무,연봉,,,부산 강서구,,학력무관,2026-09-08 14:48:14
https://job.career.co.kr/recruit/view/22097657,,,,,,,정규직,주5일근무,연봉,,,부산 강서구,,학력무관,2026-09-08 14:48:14
https://job.career.co.kr/recruit/view/22097656,,,,,,,정규직,주5일근무,월급,,,부산 강서구,,"대학(2,3년) 졸업 이상",2026-09-08 14:48:14
https://job.career.co.kr/recruit/view/22097654,,,,,,,정규직,주6일근무,시급,,,부산 강서구,,학력무관,2026-09-08 14:48:15
https://job.career.co.kr/recruit/view/22097653,,,,,,,정규직,주6일근무,연봉,,,부산 강서구,,학력무관,2026-09-08 14:48:15
https://job.career.co.kr/recruit/view/22097652,,,,,,,정규직,주5일근무,연봉,,,부산 강서구,,학력무관,2026-09-08 14:48:15
https://job.career.co.kr/recruit/view/22097651,,,,,,,정규직,주6일근무,월급,,,부산 강서구,,학력무관,2026-09-08 14:48:16
https://job.career.co.kr/recruit/view/22097648,,,,,,,정규직,주6일근무,시급,,,부산 강서구,,학력무관,2026-09-08 14:48:16
https://job.career.co.kr/recruit/view/22097647,,,,,,,계약직,주5일근무,월급,,,부산 강서구,,학력무관,2026-09-08 14:48:16
https://job.career.co.kr/recruit/view/22097646,,,,,,,정규직,주5일근무,연봉,,,부산 강서구,,학력무관,2026-09-08 14:48:17
https://job.career.co.kr/recruit/view/22097645,,,,,,,정규직,주5일근무,시급,,,부산 동래구,,학력무관,2026-09-08 14:48:17
https://job.career.co.kr/recruit/view/22097641,,,,,,,계약직,주5일근무,월급,,,부산 강서구,,학력무관,2026-09-08 14:48:17
https://job.career.co.kr/recruit/view/22097639,,,,,,,정규직,주5일근무,연봉,,,부산 강서구,,학력무관,2026-09-08 14:48:18
https://job.career.co.kr/recruit/view/22097637,,,,,,,정규직,주5일근무,월급,,,부산 강서구,,학력무관,2026-09-08 14:48:18
https://job.career.co.kr/recruit/view/22097636,,,,,,,정규직,주5일근무,연봉,,,부산 강서구,,학력무관,2026-09-08 14:48:18
https://job.career.co.kr/recruit/view/22097634,,,,,,,정규직,주5일근무,시급,,,부산 사상구,,학력무관,2026-09-08 14:48:19
https://job.career.co.kr/recruit/view/22097632,,,,,,,정규직,주5일근무,월급,,,부산 사상구,,학력무관,2026-09-08 14:48:19
https://job.career.co.kr/recruit/view/22097631,,,,,,,정규직,주5일근무,월급,,,부산 사상구,,학력무관,2026-09-08 14:48:19
https://job.career.co.kr/recruit/view/22097623,,,,,,,정규직,주5일근무,연봉,,,부산 강서구,,학력무관,2026-09-08 14:48:20
https://job.career.co.kr/recruit/view/22097616,,,,,,,계약직,주5일근무,시급,,,부산 북구,,학력무관,2026-09-08 14:48:20
https://job.career.co.kr/recruit/view/22097603,,,,,,,정규직,주6일근무,시급,,,부산 강서구,,학력무관,2026-09-08 14:48:21
https://job.career.co.kr/recruit/view/22097600,,,,,,,계약직,주5일근무,월급,,,부산 사상구,,학력무관,2026-09-08 14:48:21
https://job.career.co.kr/recruit/view/22097617,,,,,,,정규직,주6일근무,시급,,,부산 북구,,학력무관,2026-09-08 14:48:21
https://job.career.co.kr/recruit/view/22097599,,,,,,,계약직,주5일근무,월급,,,부산 사상구,,학력무관,2026-09-08 14:48:21
https://job.career.co.kr/recruit/view/22097593,,,,,,,정규직,주5일근무,시급,,,부산 북구,,학력무관,2026-09-08 14:48:22
https://job.career.co.kr/recruit/view/22097590,,,,,,,정규직,주6일근무,월급,,,부산 금정구,,학력무관,2026-09-08 14:48:22
https://job.career.co.kr/recruit/view/22097586,,,,,,,정규직,주6일근무,월급,,,부산 해운대구,,학력무관,2026-09-08 14:48:22
https://job.career.co.kr/recruit/view/22097585,,,,,,,정규직,주5일근무,연봉,,,부산 수영구,,학력무관,2026-09-08 14:48:23
https://job.career.co.kr/recruit/view/22097577,,,,,,,계약직,주5일근무,월급,,,부산 기장군,,학력무관,2026-09-08 14:48:23
https://job.career.co.kr/recruit/view/22097576,,,,,,,정규직,주5일근무,연봉,,,부산 기장군,,학력무관,2026-09-08 14:48:23
https://job.career.co.kr/recruit/view/22097575,,,,,,,정규직,주6일근무,월급,,,부산 해운대구,,학력무관,2026-09-08 14:48:24
https://job.career.co.kr/recruit/view/22097573,,,,,,,정규직,주4일근무,시급,,,부산 해운대구,,학력무관,2026-09-08 14:48:24
https://job.career.co.kr/recruit/view/22097572,,,,,,,정규직,주3일근무,시급,,,부산 해운대구,,학력무관,2026-09-08 14:48:24
https://job.career.co.kr/recruit/view/22097571,,,,,,,정규직,주3일근무,시급,,,부산 해운대구,,학력무관,2026-09-08 14:48:25
https://job.career.co.kr/recruit/view/22097566,,,,,,,정규직,주5일근무,연봉,,,부산 동래구,,학력무관,2026-09-08 14:48:25
https://job.career.co.kr/recruit/view/22097562,,,,,,,정규직,주5일근무,연봉,,,부산 수영구,,학력무관,2026-09-08 14:48:25
https://job.career.co.kr/recruit/view/22097560,,,,,,,정규직,주6일근무,시급,,,부산 해운대구,,학력무관,2026-09-08 14:48:26
https://job.career.co.kr/recruit/view/22097559,,,,,,,정규직,주5일근무,시급,,,부산 해운대구,,학력무관,2026-09-08 14:48:26
https://job.career.co.kr/recruit/view/22097556,,,,,,,정규직,주6일근무,시급,,,부산 부산진구,,학력무관,2026-09-08 14:48:26
https://job.career.co.kr/recruit/view/22097555,,,,,,,정규직,주5일근무,시급,,,부산 기장군,,학력무관,2026-09-08 14:48:27
https://job.career.co.kr/recruit/view/22097549,,,,,,,정규직,주6일근무,시급,,,부산 해운대구,,학력무관,2026-09-08 14:48:27
https://job.career.co.kr/recruit/view/22097548,,,,,,,정규직,주5일근무,월급,,,부산 동래구,,학력무관,2026-09-08 14:48:27
https://job.career.co.kr/recruit/view/22097545,,,,,,,정규직,주5일근무,시급,,,부산 해운대구,,학력무관,2026-09-08 14:48:28
https://job.career.co.kr/recruit/view/22097544,,,,,,,정규직,주5일근무,월급,,,부산 수영구,,학력무관,2026-09-08 14:48:28
https://job.career.co.kr/recruit/view/22097541,,,,,,,정규직,주5일근무,월급,,,부산 해운대구,,학력무관,2026-09-08 14:48:28
https://job.career.co.kr/recruit/view/22097540,,,,,,,정규직,주5일근무,월급,,,부산 기장군,,학력무관,2026-09-08 14:48:29
https://job.career.co.kr/recruit/view/22097539,,,,,,,정규직,주6일근무,시급,,,부산 동래구,,학력무관,2026-09-08 14:48:29
https://job.career.co.kr/recruit/view/22097533,,,,,,,정규직,주5일근무,시급,,,부산 사하구,,학력무관,2026-09-08 14:48:29
https://job.career.co.kr/recruit/view/22097531,,,,,,,정규직,주5일근무,월급,,,부산 사하구,,학력무관,2026-09-08 14:48:30
https://job.career.co.kr/recruit/view/22097530,,,,,,,정규직,주5일근무,월급,,,부산 사하구,,학력무관,2026-09-08 14:48:30
https://job.career.co.kr/recruit/view/22097528,,,,,,,계약직,주5일근무,월급,,,부산 사하구,,학력무관,2026-09-08 14:48:30
https://job.career.co.kr/recruit/view/22097527,,,,,,,정규직,주5일근무,월급,,,부산 사하구,,학력무관,2026-09-08 14:48:31
https://job.career.co.kr/recruit/view/22097526,,,,,,,정규직,주5일근무,연봉,,,부산 사하구,,고등학교 졸업 이상,2026-09-08 14:48:31
https://job.career.co.kr/recruit/view/22097524,,,,,,,정규직,주5일근무,시급,,,부산 남구,,학력무관,2026-09-08 14:48:31
https://job.career.co.kr/recruit/view/22097521,,,,,,,계약직,주5일근무,시급,,,부산 남구,,학력무관,2026-09-08 14:48:32
https://job.career.co.kr/recruit/view/22097518,,,,,,,정규직,주5일근무,시급,,,부산 금정구,,학력무관,2026-09-08 14:48:32
https://job.career.co.kr/recruit/view/22097517,,,,,,,정규직,주5일근무,연봉,,,부산 서구,,학력무관,2026-09-08 14:48:32
https://job.career.co.kr/recruit/view/22097514,,,,,,,계약직,주5일근무,월급,,,부산 영도구,,학력무관,2026-09-08 14:48:33
https://job.career.co.kr/recruit/view/22097513,,,,,,,정규직,주5일근무,시급,,,부산 북구,,학력무관,2026-09-08 14:48:33
https://job.career.co.kr/recruit/view/22097506,,,,,,,정규직,주5일근무,연봉,,,부산 동구,,학력무관,2026-09-08 14:48:33
https://job.career.co.kr/recruit/view/22097500,,,,,,,정규직,주5일근무,연봉,,,부산 부산진구,,학력무관,2026-09-08 14:48:34
https://job.career.co.kr/recruit/view/22097497,,,,,,,정규직,주5일근무,연봉,,,부산 동구,,학력무관,2026-09-08 14:48:34
https://job.career.co.kr/recruit/view/22097492,,,,,,,정규직,주5일근무,월급,,,부산 연제구,,학력무관,2026-09-08 14:48:34
https://job.career.co.kr/recruit/view/22097489,,,,,,,정규직,주5일근무,월급,,,부산 부산진구,,학력무관,2026-09-08 14:48:35
https://job.career.co.kr/recruit/view/22097482,,,,,,,정규직,주3일근무,시급,,,부산 동구,,학력무관,2026-09-08 14:48:35
https://job.career.co.kr/recruit/view/22097257,,,,,,,정규직,주5일근무,월급,,,부산 해운대구,,학력무관,2026-09-08 14:48:35
https://job.career.co.kr/recruit/view/22097191,,,,,,,계약직,주5일근무,월급,,,부산 동구,,학력무관,2026-09-08 14:48:36
https://job.career.co.kr/recruit/view/22096866,,,,,,,계약직,주5일근무,일급,,,부산 해운대구,,학력무관,2026-09-08 14:48:36
https://job.career.co.kr/recruit/view/22096865,,,,,,,계약직,주5일근무,시급,,,부산 수영구,,학력무관,2026-09-08 14:48:36
https://job.career.co.kr/recruit/view/22096862,,,,,,,정규직,주3일근무,시급,,,부산 수영구,,학력무관,2026-09-08 14:48:37
https://job.career.co.kr/recruit/view/22096861,,,,,,,정규직,주5일근무,시급,,,부산 서구,,학력무관,2026-09-08 14:48:37
https://job.career.co.kr/recruit/view/22096860,,,,,,,정규직,주6일근무,시급,,,부산 수영구,,학력무관,2026-09-08 14:48:37
https://job.career.co.kr/recruit/view/22096858,,,,,,,정규직,주3일근무,시급,,,부산 수영구,,학력무관,2026-09-08 14:48:38
https://job.career.co.kr/recruit/view/22096857,,,,,,,계약직,주6일근무,월급,,,부산 해운대구,,학력무관,2026-09-08 14:48:38
https://job.career.co.kr/recruit/view/22096855,,,,,,,계약직,주4일근무,월급,,,부산 사상구,,학력무관,2026-09-08 14:48:38
https://job.career.co.kr/recruit/view/22096854,,,,,,,계약직,주6일근무,월급,,,부산 연제구,,학력무관,2026-09-08 14:48:39
https://job.career.co.kr/recruit/view/22096848,,,,,,,계약직,주6일근무,월급,,,부산 금정구,,학력무관,2026-09-08 14:48:39
https://job.career.co.kr/recruit/view/22096847,,,,,,,정규직,주5일근무,월급,,,부산 사상구,,학력무관,2026-09-08 14:48:39
https://job.career.co.kr/recruit/view/22096438,,,,,,,정규직,주5일근무,월급,,,부산 부산진구,,학력무관,2026-09-08 14:48:40
https://job.career.co.kr/recruit/view/22096437,,,,,,,정규직,주5일근무,월급,,,부산 동구,,고등학교 미만 졸업,2026-09-08 14:48:40
https://job.career.co.kr/recruit/view/22096372,,,,,,,계약직,주5일근무,월급,,,부산 중구,,학력무관,2026-09-08 14:48:40
https://job.career.co.kr/recruit/view/22096371,,,,,,,계약직,주6일근무,월급,,,부산 연제구,,학력무관,2026-09-08 14:48:41
https://job.career.co.kr/recruit/view/22096370,,,,,,,계약직,주4일근무,시급,,,부산 북구,,학력무관,2026-09-08 14:48:41
https://job.career.co.kr/recruit/view/22096368,,,,,,,정규직,주6일근무,시급,,,부산 해운대구,,학력무관,2026-09-08 14:48:42
https://job.career.co.kr/recruit/view/22096367,,,,,,,정규직,주5일근무,시급,,,부산 남구,,학력무관,2026-09-08 14:48:42
https://job.career.co.kr/recruit/view/22096360,,,,,,,정규직,주6일근무,시급,,,부산 연제구,,학력무관,2026-09-08 14:48:42
https://job.career.co.kr/recruit/view/22096359,,,,,,,정규직,주4일근무,시급,,,부산 연제구,,학력무관,2026-09-08 14:48:42
https://job.career.co.kr/recruit/view/22096358,,,,,,,정규직,주5일근무,시급,,,부산 부산진구,,학력무관,2026-09-08 14:48:43
https://job.career.co.kr/recruit/view/22096357,,,,,,,정규직,주5일근무,시급,,,부산 연제구,,학력무관,2026-09-08 14:48:43
https://job.career.co.kr/recruit/view/22096312,,,,,,,정규직,주5일근무,시급,,,부산 사하구,,학력무관,2026-09-08 14:48:43
https://job.career.co.kr/recruit/view/22096293,,,,,,,정규직,주6일근무,시급,,,부산 해운대구,,학력무관,2026-09-08 14:48:44
https://job.career.co.kr/recruit/view/22096274,,,,,,,정규직,주6일근무,시급,,,부산 사하구,,학력무관,2026-09-08 14:48:44
https://job.career.co.kr/recruit/view/22096273,,,,,,,정규직,주5일근무,시급,,,부산 서구,,학력무관,2026-09-08 14:48:44
https://job.career.co.kr/recruit/view/22096271,,,,,,,정규직,주5일근무,시급,,,부산 사하구,,학력무관,2026-09-08 14:48:45
https://job.career.co.kr/recruit/view/22096270,,,,,,,정규직,주5일근무,시급,,,부산 부산진구,,학력무관,2026-09-08 14:48:45
https://job.career.co.kr/recruit/view/22093888,,,,,,,정규직,주6일근무,시급,,,부산 북구,,학력무관,2026-09-08 14:48:45
https://job.career.co.kr/recruit/view/22093880,,,,,,,정규직,주6일근무,시급,,,부산 북구,,학력무관,2026-09-08 14:48:46
https://job.career.co.kr/recruit/view/22093685,,,,,,,정규직,주5일근무,일급,,,부산 강서구,,학력무관,2026-09-08 14:48:46
https://job.career.co.kr/recruit/view/22093682,,,,,,,정규직,주5일근무,월급,,,부산 강서구,,학력무관,2026-09-08 14:48:46
https://job.career.co.kr/recruit/view/22093678,,,,,,,정규직,주5일근무,월급,,,부산 강서구,,학력무관,2026-09-08 14:48:47
https://job.career.co.kr/recruit/view/22093674,,,,,,,정규직,주5일근무,월급,,,부산 사상구,,학력무관,2026-09-08 14:48:47
https://job.career.co.kr/recruit/view/22093673,,,,,,,정규직,주5일근무,월급,,,부산 강서구,,학력무관,2026-09-08 14:48:47
https://job.career.co.kr/recruit/view/22093671,,,,,,,정규직,주5일근무,월급,,,부산 강서구,,고등학교 졸업 이상,2026-09-08 14:48:48
https://job.career.co.kr/recruit/view/22093670,,,,,,,정규직,주5일근무,월급,,,부산 강서구,,학력무관,2026-09-08 14:48:48
https://job.career.co.kr/recruit/view/22093669,,,,,,,정규직,주5일근무,시급,,,부산 강서구,,학력무관,2026-09-08 14:48:48
https://job.career.co.kr/recruit/view/22093667,,,,,,,정규직,주5일근무,시급,,,부산 강서구,,학력무관,2026-09-08 14:48:49
https://job.career.co.kr/recruit/view/22093666,,,,,,,정규직,주5일근무,일급,,,부산 강서구,,학력무관,2026-09-08 14:48:49
https://job.career.co.kr/recruit/view/22093661,,,,,,,정규직,주5일근무,시급,,,부산 강서구,,학력무관,2026-09-08 14:48:49
https://job.career.co.kr/recruit/view/22093657,,,,,,,계약직,주5일근무,월급,,,부산 강서구,,학력무관,2026-09-08 14:48:50
https://job.career.co.kr/recruit/view/22093651,,,,,,,정규직,주5일근무,연봉,,,부산 강서구,,학력무관,2026-09-08 14:48:50
https://job.career.co.kr/recruit/view/22093649,,,,,,,정규직,주4일근무,월급,,,부산 강서구,,학력무관,2026-09-08 14:48:50
https://job.career.co.kr/recruit/view/22093648,,,,,,,정규직,주5일근무,월급,,,부산 북구,,학력무관,2026-09-08 14:48:51
https://job.career.co.kr/recruit/view/22093644,,,,,,,정규직,주6일근무,시급,,,부산 북구,,학력무관,2026-09-08 14:48:51
https://job.career.co.kr/recruit/view/22093641,,,,,,,정규직,주6일근무,연봉,,,부산 강서구,,학력무관,2026-09-08 14:48:51
https://job.career.co.kr/recruit/view/22093639,,,,,,,정규직,주5일근무,월급,,,부산 강서구,,학력무관,2026-09-08 14:48:52
https://job.career.co.kr/recruit/view/22093637,,,,,,,정규직,주5일근무,월급,,,부산 사상구,,학력무관,2026-09-08 14:48:52
https://job.career.co.kr/recruit/view/22093636,,,,,,,계약직,주5일근무,월급,,,부산 북구,,학력무관,2026-09-08 14:48:52
https://job.career.co.kr/recruit/view/22093627,,,,,,,정규직,주5일근무,월급,,,부산 사상구,,학력무관,2026-09-08 14:48:53
https://job.career.co.kr/recruit/view/22093625,,,,,,,정규직,주5일근무,연봉,,,부산 동래구,,학력무관,2026-09-08 14:48:53
https://job.career.co.kr/recruit/view/22093624,,,,,,,정규직,주6일근무,시급,,,부산 동래구,,학력무관,2026-09-08 14:48:53
https://job.career.co.kr/recruit/view/22093621,,,,,,,계약직,주5일근무,시급,,,부산 강서구,,학력무관,2026-09-08 14:48:54
https://job.career.co.kr/recruit/view/22093605,,,,,,,정규직,주5일근무,월급,,,부산 금정구,,학력무관,2026-09-08 14:48:54
https://job.career.co.kr/recruit/view/22093604,,,,,,,정규직,주5일근무,시급,,,부산 동래구,,학력무관,2026-09-08 14:48:54
https://job.career.co.kr/recruit/view/22093603,,,,,,,정규직,주5일근무,시급,,,부산 해운대구,,학력무관,2026-09-08 14:48:55
https://job.career.co.kr/recruit/view/22093590,,,,,,,정규직,주3일근무,시급,,,부산 해운대구,,학력무관,2026-09-08 14:48:55
https://job.career.co.kr/recruit/view/22093587,,,,,,,정규직,주6일근무,시급,,,부산 서구,,학력무관,2026-09-08 14:48:55
https://job.career.co.kr/recruit/view/22093583,,,,,,,정규직,주5일근무,월급,,,부산 기장군,,학력무관,2026-09-08 14:48:56
https://job.career.co.kr/recruit/view/22093576,,,,,,,정규직,주6일근무,월급,,,부산 금정구,,학력무관,2026-09-08 14:48:56
https://job.career.co.kr/recruit/view/22093575,,,,,,,정규직,주5일근무,시급,,,부산 해운대구,,학력무관,2026-09-08 14:48:56
https://job.career.co.kr/recruit/view/22093574,,,,,,,정규직,주5일근무,시급,,,부산 해운대구,,학력무관,2026-09-08 14:48:57
https://job.career.co.kr/recruit/view/22093573,,,,,,,정규직,주5일근무,연봉,,,부산 금정구,,"대학(2,3년) 졸업 이상",2026-09-08 14:48:57
https://job.career.co.kr/recruit/view/22093569,,,,,,,정규직,주5일근무,월급,,,부산 해운대구,,학력무관,2026-09-08 14:48:57
https://job.career.co.kr/recruit/view/22093567,,,,,,,정규직,주5일근무,연봉,,,부산 수영구,,학력무관,2026-09-08 14:48:58
https://job.career.co.kr/recruit/view/22093565,,,,,,,계약직,주5일근무,월급,,,부산 기장군,,학력무관,2026-09-08 14:48:58
https://job.career.co.kr/recruit/view/22093559,,,,,,,계약직,주5일근무,시급,,,부산 사하구,,학력무관,2026-09-08 14:48:58
https://job.career.co.kr/recruit/view/22093558,,,,,,,정규직,주5일근무,연봉,,,부산 사하구,,고등학교 졸업 이상,2026-09-08 14:48:59
https://job.career.co.kr/recruit/view/22093557,,,,,,,정규직,주5일근무,시급,,,부산 서구,,학력무관,2026-09-08 14:48:59
https://job.career.co.kr/recruit/view/22093556,,,,,,,정규직,주5일근무,월급,,,부산 사하구,,학력무관,2026-09-08 14:48:59
https://job.career.co.kr/recruit/view/22093554,,,,,,,정규직,주5일근무,연봉,,,부산 서구,,학력무관,2026-09-08 14:49:00
https://job.career.co.kr/recruit/view/22093552,,,,,,,계약직,주6일근무,월급,,,부산 남구,,학력무관,2026-09-08 14:49:00
https://job.career.co.kr/recruit/view/22093549,,,,,,,정규직,주3일근무,시급,,,부산 사하구,,학력무관,2026-09-08 14:49:00
https://job.career.co.kr/recruit/view/22093542,,,,,,,계약직,주5일근무,월급,,,부산 부산진구,,학력무관,2026-09-08 14:49:01
https://job.career.co.kr/recruit/view/22093539,,,,,,,정규직,주5일근무,연봉,,,부산 서구,,학력무관,2026-09-08 14:49:01
https://job.career.co.kr/recruit/view/22093535,,,,,,,계약직,주3일근무,시급,,,부산 서구,,학력무관,2026-09-08 14:49:01
https://job.career.co.kr/recruit/view/22093531,,,,,,,정규직,주5일근무,월급,,,부산 부산진구,,학력무관,2026-09-08 14:49:02
https://job.career.co.kr/recruit/view/22093530,,,,,,,정규직,주5일근무,시급,,,부산 서구,,학력무관,2026-09-08 14:49:02
https://job.career.co.kr/recruit/view/22093529,,,,,,,정규직,주5일근무,시급,,,부산 중구,,학력무관,2026-09-08 14:49:02
https://job.career.co.kr/recruit/view/22093528,,,,,,,정규직,주5일근무,월급,,,부산 남구,,학력무관,2026-09-08 14:49:03
https://job.career.co.kr/recruit/view/22093527,,,,,,,정규직,주6일근무,시급,,,부산 연제구,,학력무관,2026-09-08 14:49:03
https://job.career.co.kr/recruit/view/22093525,,,,,,,정규직,주5일근무,월급,,,부산 동구,,학력무관,2026-09-08 14:49:03
https://job.career.co.kr/recruit/view/22093523,,,,,,,계약직,주5일근무,연봉,,,부산 부산진구,,학력무관,2026-09-08 14:49:04
https://job.career.co.kr/recruit/view/22093522,,,,,,,정규직,주5일근무,연봉,,,부산 연제구,,학력무관,2026-09-08 14:49:04
https://job.career.co.kr/recruit/view/22093521,,,,,,,정규직,주6일근무,시급,,,부산 부산진구,,학력무관,2026-09-08 14:49:04
https://job.career.co.kr/recruit/view/22093520,,,,,,,정규직,주5일근무,시급,,,부산 남구,,학력무관,2026-09-08 14:49:05
https://job.career.co.kr/recruit/view/22093214,,,,,,,계약직,주5일근무,시급,,,부산 강서구,,학력무관,2026-09-08 14:49:05
https://job.career.co.kr/recruit/view/22093020,,,,,,,정규직,주5일근무,시급,,,부산 수영구,,학력무관,2026-09-08 14:49:05
https://job.career.co.kr/recruit/view/22093019,,,,,,,계약직,주6일근무,월급,,,부산 서구,,학력무관,2026-09-08 14:49:06
https://job.career.co.kr/recruit/view/22093018,,,,,,,계약직,주5일근무,시급,,,부산 북구,,학력무관,2026-09-08 14:49:06
https://job.career.co.kr/recruit/view/22093017,,,,,,,계약직,주6일근무,월급,,,부산 동래구,,학력무관,2026-09-08 14:49:06
https://job.career.co.kr/recruit/view/22093016,,,,,,,정규직,주6일근무,시급,,,부산 동구,,학력무관,2026-09-08 14:49:07
https://job.career.co.kr/recruit/view/22092968,,,,,,,계약직,주4일근무,월급,,,부산 강서구,,학력무관,2026-09-08 14:49:07
https://job.career.co.kr/recruit/view/22092732,,,,,,,계약직,주6일근무,월급,,,부산 동구,,학력무관,2026-09-08 14:49:07
https://job.career.co.kr/recruit/view/22092726,,,,,,,정규직,주5일근무,시급,,,부산 부산진구,,학력무관,2026-09-08 14:49:08
https://job.career.co.kr/recruit/view/22092725,,,,,,,정규직,주5일근무,시급,,,부산 부산진구,,학력무관,2026-09-08 14:49:08
https://job.career.co.kr/recruit/view/22092665,,,,,,,정규직,주5일근무,월급,,,부산 사하구,,학력무관,2026-09-08 14:49:08
https://job.career.co.kr/recruit/view/22092664,,,,,,,정규직,주5일근무,시급,,,부산 서구,,학력무관,2026-09-08 14:49:09
https://job.career.co.kr/recruit/view/22092552,,,,,,,정규직,주5일근무,시급,,,부산 동래구,,학력무관,2026-09-08 14:49:09
https://job.career.co.kr/recruit/view/22091796,,,,,,,정규직,주5일근무,연봉,,,부산 강서구,,학력무관,2026-09-08 14:49:09
https://job.career.co.kr/recruit/view/22091108,,,,,,,계약직,주5일근무,월급,,,부산 부산진구,,학력무관,2026-09-08 14:49:10
https://job.career.co.kr/recruit/view/22091049,,,,,,,정규직,주5일근무,시급,,,부산 강서구,,학력무관,2026-09-08 14:49:10
https://job.career.co.kr/recruit/view/22091048,,,,,,,정규직,주5일근무,시급,,,부산 강서구,,학력무관,2026-09-08 14:49:10
https://job.career.co.kr/recruit/view/22091047,,,,,,,정규직,주5일근무,시급,,,부산 북구,,학력무관,2026-09-08 14:49:11
https://job.career.co.kr/recruit/view/22091045,,,,,,,정규직,주5일근무,연봉,,,부산 강서구,,학력무관,2026-09-08 14:49:11
https://job.career.co.kr/recruit/view/22091036,,,,,,,정규직,주5일근무,연봉,,,부산 강서구,,고등학교 졸업 이상,2026-09-08 14:49:11
https://job.career.co.kr/recruit/view/22091029,,,,,,,정규직,주5일근무,월급,,,부산 강서구,,학력무관,2026-09-08 14:49:12
https://job.career.co.kr/recruit/view/22091026,,,,,,,정규직,주6일근무,월급,,,부산 북구,,학력무관,2026-09-08 14:49:12
https://job.career.co.kr/recruit/view/22091025,,,,,,,계약직,주5일근무,연봉,,,부산 강서구,,학력무관,2026-09-08 14:49:12
https://job.career.co.kr/recruit/view/22091024,,,,,,,정규직,주5일근무,월급,,,부산 강서구,,학력무관,2026-09-08 14:49:13
https://job.career.co.kr/recruit/view/22091023,,,,,,,정규직,주5일근무,월급,,,부산 강서구,,학력무관,2026-09-08 14:49:13
https://job.career.co.kr/recruit/view/22091022,,,,,,,정규직,주5일근무,월급,,,부산 강서구,,학력무관,2026-09-08 14:49:13
https://job.career.co.kr/recruit/view/22091014,,,,,,,정규직,주5일근무,월급,,,부산 강서구,,학력무관,2026-09-08 14:49:14
https://job.career.co.kr/recruit/view/22091010,,,,,,,정규직,주6일근무,월급,,,부산 사상구,,학력무관,2026-09-08 14:49:14
https://job.career.co.kr/recruit/view/22091009,,,,,,,정규직,주5일근무,연봉,,,부산 사상구,,학력무관,2026-09-08 14:49:14
https://job.career.co.kr/recruit/view/22091007,,,,,,,계약직,주5일근무,월급,,,부산 북구,,학력무관,2026-09-08 14:49:15
https://job.career.co.kr/recruit/view/22091006,,,,,,,정규직,주5일근무,시급,,,부산 강서구,,학력무관,2026-09-08 14:49:15
https://job.career.co.kr/recruit/view/22091004,,,,,,,계약직,주3일근무,월급,,,부산 북구,,학력무관,2026-09-08 14:49:15
https://job.career.co.kr/recruit/view/22091002,,,,,,,정규직,주5일근무,월급,,,부산 강서구,,학력무관,2026-09-08 14:49:16
https://job.career.co.kr/recruit/view/22090997,,,,,,,정규직,주5일근무,월급,,,부산 기장군,,학력무관,2026-09-08 14:49:16
https://job.career.co.kr/recruit/view/22090995,,,,,,,정규직,주5일근무,시급,,,부산 동구,,학력무관,2026-09-08 14:49:16
https://job.career.co.kr/recruit/view/22090993,,,,,,,정규직,주6일근무,월급,,,부산 해운대구,,학력무관,2026-09-08 14:49:17
https://job.career.co.kr/recruit/view/22090989,,,,,,,정규직,주6일근무,시급,,,부산 기장군,,학력무관,2026-09-08 14:49:17
https://job.career.co.kr/recruit/view/22090987,,,,,,,정규직,주6일근무,시급,,,부산 해운대구,,학력무관,2026-09-08 14:49:17
https://job.career.co.kr/recruit/view/22090982,,,,,,,정규직,주6일근무,시급,,,부산 동래구,,학력무관,2026-09-08 14:49:18
https://job.career.co.kr/recruit/view/22090978,,,,,,,정규직,주5일근무,월급,,,부산 해운대구,,학력무관,2026-09-08 14:49:18
https://job.career.co.kr/recruit/view/22090973,,,,,,,계약직,주6일근무,월급,,,부산 금정구,,학력무관,2026-09-08 14:49:18
https://job.career.co.kr/recruit/view/22090972,,,,,,,계약직,주5일근무,월급,,,부산 동래구,,학력무관,2026-09-08 14:49:19
https://job.career.co.kr/recruit/view/22090970,,,,,,,계약직,주6일근무,월급,,,부산 동래구,,학력무관,2026-09-08 14:49:19
https://job.career.co.kr/recruit/view/22090969,,,,,,,계약직,주5일근무,월급,,,부산 해운대구,,"대학(2,3년) 졸업 이상",2026-09-08 14:49:19
https://job.career.co.kr/recruit/view/22090967,,,,,,,계약직,주5일근무,월급,,,부산 수영구,,학력무관,2026-09-08 14:49:20
https://job.career.co.kr/recruit/view/22090964,,,,,,,정규직,주6일근무,시급,,,부산 금정구,,학력무관,2026-09-08 14:49:20
https://job.career.co.kr/recruit/view/22090956,,,,,,,계약직,주5일근무,시급,,,부산 수영구,,학력무관,2026-09-08 14:49:20
https://job.career.co.kr/recruit/view/22090955,,,,,,,정규직,주5일근무,시급,,,부산 사하구,,학력무관,2026-09-08 14:49:21
https://job.career.co.kr/recruit/view/22090954,,,,,,,정규직,주6일근무,연봉,,,부산 사하구,,학력무관,2026-09-08 14:49:21
https://job.career.co.kr/recruit/view/22090953,,,,,,,정규직,주5일근무,시급,,,부산 사하구,,학력무관,2026-09-08 14:49:21
https://job.career.co.kr/recruit/view/22090950,,,,,,,계약직,주5일근무,시급,,,부산 강서구,,학력무관,2026-09-08 14:49:22
https://job.career.co.kr/recruit/view/22090949,,,,,,,정규직,주5일근무,시급,,,부산 사하구,,학력무관,2026-09-08 14:49:22
https://job.career.co.kr/recruit/view/22090948,,,,,,,계약직,주5일근무,월급,,,부산 사하구,,학력무관,2026-09-08 14:49:22
https://job.career.co.kr/recruit/view/22090944,,,,,,,정규직,주5일근무,월급,,,부산 영도구,,학력무관,2026-09-08 14:49:23
https://job.career.co.kr/recruit/view/22090943,,,,,,,정규직,주6일근무,시급,,,부산 남구,,학력무관,2026-09-08 14:49:23
https://job.career.co.kr/recruit/view/22090934,,,,,,,정규직,주5일근무,월급,,,부산 서구,,학력무관,2026-09-08 14:49:23
https://job.career.co.kr/recruit/view/22090931,,,,,,,계약직,주3일근무,시급,,,부산 부산진구,,학력무관,2026-09-08 14:49:24
https://job.career.co.kr/recruit/view/22090927,,,,,,,정규직,주5일근무,월급,,,부산 남구,,학력무관,2026-09-08 14:49:24
https://job.career.co.kr/recruit/view/22090926,,,,,,,계약직,주5일근무,월급,,,부산 서구,,학력무관,2026-09-08 14:49:24
https://job.career.co.kr/recruit/view/22090922,,,,,,,정규직,주5일근무,시급,,,부산 영도구,,학력무관,2026-09-08 14:49:25
https://job.career.co.kr/recruit/view/22090919,,,,,,,계약직,주5일근무,월급,,,부산 연제구,,학력무관,2026-09-08 14:49:25
https://job.career.co.kr/recruit/view/22090918,,,,,,,계약직,주5일근무,월급,,,부산 동구,,고등학교 졸업 이상,2026-09-08 14:49:25
https://job.career.co.kr/recruit/view/22090917,,,,,,,정규직,주5일근무,월급,,,부산 서구,,학력무관,2026-09-08 14:49:26
https://job.career.co.kr/recruit/view/22090916,,,,,,,정규직,주6일근무,월급,,,부산 연제구,,학력무관,2026-09-08 14:49:26
https://job.career.co.kr/recruit/view/22090912,,,,,,,정규직,주5일근무,시급,,,부산 영도구,,학력무관,2026-09-08 14:49:26
https://job.career.co.kr/recruit/view/22090451,,,,,,,정규직,주6일근무,시급,,,부산 연제구,,학력무관,2026-09-08 14:49:27
https://job.career.co.kr/recruit/view/22090449,,,,,,,계약직,주5일근무,월급,,,부산 사하구,,학력무관,2026-09-08 14:49:27
https://job.career.co.kr/recruit/view/22090448,,,,,,,계약직,주6일근무,시급,,,부산 사하구,,학력무관,2026-09-08 14:49:27
https://job.career.co.kr/recruit/view/22090446,,,,,,,계약직,주5일근무,시급,,,부산 사상구,,학력무관,2026-09-08 14:49:28
https://job.career.co.kr/recruit/view/22090445,,,,,,,계약직,주6일근무,시급,,,부산 사상구,,학력무관,2026-09-08 14:49:28
https://job.career.co.kr/recruit/view/22090443,,,,,,,정규직,주6일근무,시급,,,부산 부산진구,,학력무관,2026-09-08 14:49:28
https://job.career.co.kr/recruit/view/22090441,,,,,,,계약직,주6일근무,시급,,,부산 사하구,,학력무관,2026-09-08 14:49:29
https://job.career.co.kr/recruit/view/22090377,,,,,,,계약직,주5일근무,월급,,,부산 해운대구,,학력무관,2026-09-08 14:49:29
https://job.career.co.kr/recruit/view/22090155,,,,,,,정규직,주5일근무,시급,,,부산 사하구,,학력무관,2026-09-08 14:49:29
https://job.career.co.kr/recruit/view/22090154,,,,,,,정규직,주5일근무,시급,,,부산 사하구,,학력무관,2026-09-08 14:49:30
https://job.career.co.kr/recruit/view/22090056,,,,,,,정규직,주5일근무,시급,,,부산 북구,,학력무관,2026-09-08 14:49:30
https://job.career.co.kr/recruit/view/22090000,,,,,,,정규직,주5일근무,시급,,,부산 부산진구,,학력무관,2026-09-08 14:49:30
https://job.career.co.kr/recruit/view/22089751,,,,,,,정규직,주4일근무,월급,,,부산 남구,,학력무관,2026-09-08 14:49:31
https://job.career.co.kr/recruit/view/22088368,,,,,,,계약직,주5일근무,월급,,,부산 수영구,,학력무관,2026-09-08 14:49:31
https://job.career.co.kr/recruit/view/22088203,,,,,,,정규직,주6일근무,시급,,,부산 북구,,학력무관,2026-09-08 14:49:31
https://job.career.co.kr/recruit/view/22088051,,,,,,,정규직,주5일근무,월급,,,부산 강서구,,학력무관,2026-09-08 14:49:32
https://job.career.co.kr/recruit/view/22088049,,,,,,,정규직,주5일근무,연봉,,,부산 강서구,,고등학교 졸업 이상,2026-09-08 14:49:32
https://job.career.co.kr/recruit/view/22088046,,,,,,,정규직,주5일근무,시급,,,부산 사상구,,학력무관,2026-09-08 14:49:32
https://job.career.co.kr/recruit/view/22088044,,,,,,,정규직,주5일근무,월급,,,부산 강서구,,학력무관,2026-09-08 14:49:33
https://job.career.co.kr/recruit/view/22088042,,,,,,,계약직,주5일근무,연봉,,,부산 강서구,,학력무관,2026-09-08 14:49:33
https://job.career.co.kr/recruit/view/22088041,,,,,,,정규직,주5일근무,시급,,,부산 사상구,,학력무관,2026-09-08 14:49:33
https://job.career.co.kr/recruit/view/22088036,,,,,,,정규직,주5일근무,연봉,,,부산 강서구,,고등학교 졸업 이상,2026-09-08 14:49:34
https://job.career.co.kr/recruit/view/22088035,,,,,,,계약직,주5일근무,월급,,,부산 강서구,,학력무관,2026-09-08 14:49:34
https://job.career.co.kr/recruit/view/22088034,,,,,,,정규직,주5일근무,시급,,,부산 강서구,,학력무관,2026-09-08 14:49:34
https://job.career.co.kr/recruit/view/22088031,,,,,,,정규직,주5일근무,월급,,,부산 강서구,,학력무관,2026-09-08 14:49:35
https://job.career.co.kr/recruit/view/22088030,,,,,,,정규직,주5일근무,월급,,,부산 강서구,,학력무관,2026-09-08 14:49:35
https://job.career.co.kr/recruit/view/22088029,,,,,,,정규직,주5일근무,연봉,,,부산 강서구,,대학교(4년) 졸업 이상,2026-09-08 14:49:35
https://job.career.co.kr/recruit/view/22088027,,,,,,,정규직,주5일근무,연봉,,,부산 강서구,,학력무관,2026-09-08 14:49:36
https://job.career.co.kr/recruit/view/22088026,,,,,,,정규직,주5일근무,시급,,,부산 사상구,,학력무관,2026-09-08 14:49:36
https://job.career.co.kr/recruit/view/22088024,,,,,,,정규직,주5일근무,시급,,,부산 사상구,,학력무관,2026-09-08 14:49:36
https://job.career.co.kr/recruit/view/22088023,,,,,,,정규직,주5일근무,시급,,,부산 사하구,,학력무관,2026-09-08 14:49:37
https://job.career.co.kr/recruit/view/22088014,,,,,,,계약직,주5일근무,월급,,,부산 북구,,대학교(4년) 졸업 이상,2026-09-08 14:49:37
https://job.career.co.kr/recruit/view/22088012,,,,,,,계약직,주6일근무,월급,,,부산 사상구,,고등학교 졸업 이상,2026-09-08 14:49:37
https://job.career.co.kr/recruit/view/22088011,,,,,,,정규직,주5일근무,월급,,,부산 강서구,,학력무관,2026-09-08 14:49:38
https://job.career.co.kr/recruit/view/22088009,,,,,,,정규직,주5일근무,시급,,,부산 강서구,,학력무관,2026-09-08 14:49:38
https://job.career.co.kr/recruit/view/22088008,,,,,,,정규직,주5일근무,월급,,,부산 사상구,,학력무관,2026-09-08 14:49:38
https://job.career.co.kr/recruit/view/22088004,,,,,,,정규직,주5일근무,시급,,,부산 사상구,,학력무관,2026-09-08 14:49:39
https://job.career.co.kr/recruit/view/22088003,,,,,,,정규직,주5일근무,시급,,,부산 강서구,,고등학교 졸업 이상,2026-09-08 14:49:39
https://job.career.co.kr/recruit/view/22088002,,,,,,,정규직,주5일근무,시급,,,부산 강서구,,고등학교 졸업 이상,2026-09-08 14:49:39
https://job.career.co.kr/recruit/view/22088001,,,,,,,정규직,주5일근무,연봉,,,부산 강서구,,대학교(4년) 졸업 이상,2026-09-08 14:49:40
https://job.career.co.kr/recruit/view/22087998,,,,,,,계약직,주5일근무,월급,,,부산 사상구,,학력무관,2026-09-08 14:49:40
https://job.career.co.kr/recruit/view/22087996,,,,,,,정규직,주5일근무,연봉,,,부산 강서구,,학력무관,2026-09-08 14:49:40
https://job.career.co.kr/recruit/view/22087993,,,,,,,정규직,주5일근무,연봉,,,부산 사상구,,고등학교 졸업 이상,2026-09-08 14:49:41
https://job.career.co.kr/recruit/view/22087990,,,,,,,계약직,주5일근무,월급,,,부산 기장군,,학력무관,2026-09-08 14:49:41
https://job.career.co.kr/recruit/view/22087989,,,,,,,계약직,주5일근무,월급,,,부산 수영구,,학력무관,2026-09-08 14:49:42
https://job.career.co.kr/recruit/view/22087988,,,,,,,정규직,주5일근무,월급,,,부산 동래구,,학력무관,2026-09-08 14:49:42
https://job.career.co.kr/recruit/view/22087984,,,,,,,정규직,주5일근무,시급,,,부산 수영구,,학력무관,2026-09-08 14:49:42
https://job.career.co.kr/recruit/view/22087981,,,,,,,계약직,주5일근무,월급,,,부산 동래구,,학력무관,2026-09-08 14:49:42
https://job.career.co.kr/recruit/view/22087980,,,,,,,정규직,주5일근무,월급,,,부산 기장군,,학력무관,2026-09-08 14:49:43
https://job.career.co.kr/recruit/view/22087977,,,,,,,정규직,주5일근무,월급,,,부산 기장군,,학력무관,2026-09-08 14:49:43
https://job.career.co.kr/recruit/view/22087975,,,,,,,정규직,주5일근무,월급,,,부산 금정구,,학력무관,2026-09-08 14:49:43
https://job.career.co.kr/recruit/view/22087974,,,,,,,정규직,주5일근무,시급,,,부산 해운대구,,학력무관,2026-09-08 14:49:44
https://job.career.co.kr/recruit/view/22087973,,,,,,,정규직,주5일근무,시급,,,부산 해운대구,,학력무관,2026-09-08 14:49:44
https://job.career.co.kr/recruit/view/22087972,,,,,,,정규직,주5일근무,월급,,,부산 금정구,,학력무관,2026-09-08 14:49:44
https://job.career.co.kr/recruit/view/22087970,,,,,,,정규직,학력,시급,,,부산 기장군,,학력무관,2026-09-08 14:49:45
https://job.career.co.kr/recruit/view/22087967,,,,,,,정규직,주5일근무,시급,,,부산 해운대구,,학력무관,2026-09-08 14:49:45
https://job.career.co.kr/recruit/view/22087959,,,,,,,계약직,주5일근무,월급,,,부산 기장군,,학력무관,2026-09-08 14:49:45
https://job.career.co.kr/recruit/view/22087958,,,,,,,정규직,주5일근무,시급,,,부산 기장군,,학력무관,2026-09-08 14:49:46
https://job.career.co.kr/recruit/view/22087957,,,,,,,정규직,주5일근무,월급,,,부산 금정구,,학력무관,2026-09-08 14:49:46
https://job.career.co.kr/recruit/view/22087953,,,,,,,정규직,주5일근무,월급,,,부산 사하구,,학력무관,2026-09-08 14:49:46
https://job.career.co.kr/recruit/view/22087952,,,,,,,정규직,주5일근무,월급,,,부산 사하구,,학력무관,2026-09-08 14:49:47
https://job.career.co.kr/recruit/view/22087951,,,,,,,정규직,주5일근무,월급,,,부산 사하구,,학력무관,2026-09-08 14:49:47
https://job.career.co.kr/recruit/view/22087950,,,,,,,계약직,주5일근무,월급,,,부산 사하구,,학력무관,2026-09-08 14:49:47
https://job.career.co.kr/recruit/view/22087948,,,,,,,계약직,주4일근무,월급,,,부산 사하구,,학력무관,2026-09-08 14:49:48
https://job.career.co.kr/recruit/view/22087947,,,,,,,정규직,주6일근무,월급,,,부산 사하구,,학력무관,2026-09-08 14:49:48
https://job.career.co.kr/recruit/view/22087946,,,,,,,계약직,주5일근무,시급,,,부산 사하구,,학력무관,2026-09-08 14:49:48
https://job.career.co.kr/recruit/view/22087942,,,,,,,정규직,주5일근무,월급,,,부산 사하구,,학력무관,2026-09-08 14:49:49
https://job.career.co.kr/recruit/view/22087941,,,,,,,계약직,주3일근무,월급,,,부산 사하구,,학력무관,2026-09-08 14:49:49
https://job.career.co.kr/recruit/view/22087940,,,,,,,정규직,주6일근무,시급,,,부산 사하구,,학력무관,2026-09-08 14:49:49
https://job.career.co.kr/recruit/view/22087936,,,,,,,정규직,주5일근무,월급,,,부산 사하구,,학력무관,2026-09-08 14:49:50
https://job.career.co.kr/recruit/view/22087931,,,,,,,계약직,주5일근무,연봉,,,부산 동구,,학력무관,2026-09-08 14:49:50
https://job.career.co.kr/recruit/view/22087928,,,,,,,정규직,주5일근무,연봉,,,부산 영도구,,학력무관,2026-09-08 14:49:50
https://job.career.co.kr/recruit/view/22087927,,,,,,,정규직,주5일근무,시급,,,부산 영도구,,학력무관,2026-09-08 14:49:51
https://job.career.co.kr/recruit/view/22087926,,,,,,,정규직,주5일근무,월급,,,부산 부산진구,,"대학(2,3년) 졸업 이상",2026-09-08 14:49:51
https://job.career.co.kr/recruit/view/22087924,,,,,,,정규직,주5일근무,연봉,,,부산 서구,,학력무관,2026-09-08 14:49:51
https://job.career.co.kr/recruit/view/22087923,,,,,,,정규직,주5일근무,월급,,,부산 남구,,고등학교 졸업 이상,2026-09-08 14:49:52
https://job.career.co.kr/recruit/view/22087922,,,,,,,정규직,주5일근무,연봉,,,부산 서구,,학력무관,2026-09-08 14:49:52
https://job.career.co.kr/recruit/view/22087911,,,,,,,정규직,주6일근무,월급,,,부산 남구,,학력무관,2026-09-08 14:49:52
https://job.career.co.kr/recruit/view/22087910,,,,,,,정규직,주5일근무,연봉,,,부산 영도구,,학력무관,2026-09-08 14:49:53
https://job.career.co.kr/recruit/view/22087909,,,,,,,정규직,주5일근무,시급,,,부산 영도구,,학력무관,2026-09-08 14:49:53
https://job.career.co.kr/recruit/view/22087901,,,,,,,정규직,주5일근무,시급,,,부산 남구,,학력무관,2026-09-08 14:49:53
https://job.career.co.kr/recruit/view/22087899,,,,,,,정규직,주5일근무,시급,,,부산 영도구,,학력무관,2026-09-08 14:49:54
https://job.career.co.kr/recruit/view/22087719,,,,,,,계약직,주5일근무,월급,,,부산 남구,,학력무관,2026-09-08 14:49:54
https://job.career.co.kr/recruit/view/22087715,,,,,,,계약직,주5일근무,월급,,,부산 연제구,,학력무관,2026-09-08 14:49:54
https://job.career.co.kr/recruit/view/22087423,,,,,,,계약직,주5일근무,시급,,,부산 해운대구,,학력무관,2026-09-08 14:49:55
https://job.career.co.kr/recruit/view/22087420,,,,,,,정규직,주5일근무,시급,,,부산 동래구,,학력무관,2026-09-08 14:49:55
https://job.career.co.kr/recruit/view/22087416,,,,,,,정규직,주5일근무,월급,,,부산 해운대구,,학력무관,2026-09-08 14:49:55
https://job.career.co.kr/recruit/view/22087412,,,,,,,계약직,주6일근무,월급,,,부산 해운대구,,학력무관,2026-09-08 14:49:56
https://job.career.co.kr/recruit/view/22087411,,,,,,,정규직,주5일근무,월급,,,부산 사상구,,학력무관,2026-09-08 14:49:56
https://job.career.co.kr/recruit/view/22087410,,,,,,,정규직,학력,시급,,,부산 사상구,,학력무관,2026-09-08 14:49:56
https://job.career.co.kr/recruit/view/22087402,,,,,,,계약직,주4일근무,월급,,,부산 부산진구,,학력무관,2026-09-08 14:49:57
https://job.career.co.kr/recruit/view/22087400,,,,,,,정규직,주5일근무,시급,,,부산 연제구,,학력무관,2026-09-08 14:49:57
https://job.career.co.kr/recruit/view/22087399,,,,,,,정규직,주5일근무,연봉,,,부산 남구,,학력무관,2026-09-08 14:49:57
https://job.career.co.kr/recruit/view/22087398,,,,,,,정규직,주5일근무,시급,,,부산 사상구,,학력무관,2026-09-08 14:49:58
https://job.career.co.kr/recruit/view/22087094,,,,,,,정규직,주5일근무,월급,,,부산 해운대구,,학력무관,2026-09-08 14:49:58
https://job.career.co.kr/recruit/view/22087090,,,,,,,정규직,주6일근무,시급,,,부산 해운대구,,학력무관,2026-09-08 14:49:58
https://job.career.co.kr/recruit/view/22087087,,,,,,,정규직,주5일근무,시급,,,부산 해운대구,,학력무관,2026-09-08 14:49:59
https://job.career.co.kr/recruit/view/22087086,,,,,,,정규직,주5일근무,시급,,,부산 남구,,학력무관,2026-09-08 14:49:59
https://job.career.co.kr/recruit/view/22087083,,,,,,,정규직,주5일근무,시급,,,부산 사하구,,학력무관,2026-09-08 14:49:59
https://job.career.co.kr/recruit/view/22087015,,,,,,,정규직,주5일근무,시급,,,부산 영도구,,학력무관,2026-09-08 14:50:00
https://job.career.co.kr/recruit/view/22087014,,,,,,,정규직,주4일근무,시급,,,부산 기장군,,학력무관,2026-09-08 14:50:00
https://job.career.co.kr/recruit/view/22086885,,,,,,,정규직,주6일근무,시급,,,부산 남구,,학력무관,2026-09-08 14:50:00
https://job.career.co.kr/recruit/view/22085151,,,,,,,정규직,주5일근무,시급,,,부산 사하구,,학력무관,2026-09-08 14:50:01
https://job.career.co.kr/recruit/view/22084999,,,,,,,정규직,주5일근무,월급,,,부산 사상구,,학력무관,2026-09-08 14:50:01
https://job.career.co.kr/recruit/view/22084998,,,,,,,정규직,주5일근무,연봉,,,부산 강서구,,학력무관,2026-09-08 14:50:01
https://job.career.co.kr/recruit/view/22084996,,,,,,,정규직,주5일근무,월급,,,부산 강서구,,학력무관,2026-09-08 14:50:02
https://job.career.co.kr/recruit/view/22084993,,,,,,,정규직,주5일근무,연봉,,,부산 강서구,,학력무관,2026-09-08 14:50:02
https://job.career.co.kr/recruit/view/22084990,,,,,,,정규직,주6일근무,월급,,,부산 사상구,,학력무관,2026-09-08 14:50:02
https://job.career.co.kr/recruit/view/22084989,,,,,,,정규직,주5일근무,시급,,,부산 사상구,,학력무관,2026-09-08 14:50:03
https://job.career.co.kr/recruit/view/22084988,,,,,,,정규직,주6일근무,시급,,,부산 사상구,,학력무관,2026-09-08 14:50:03
https://job.career.co.kr/recruit/view/22084987,,,,,,,정규직,주5일근무,연봉,,,부산 사상구,,학력무관,2026-09-08 14:50:03
https://job.career.co.kr/recruit/view/22084985,,,,,,,정규직,주5일근무,월급,,,부산 강서구,,학력무관,2026-09-08 14:50:04
https://job.career.co.kr/recruit/view/22084983,,,,,,,정규직,주5일근무,월급,,,부산 북구,,학력무관,2026-09-08 14:50:04
https://job.career.co.kr/recruit/view/22084979,,,,,,,정규직,주5일근무,월급,,,부산 사상구,,학력무관,2026-09-08 14:50:04
https://job.career.co.kr/recruit/view/22084978,,,,,,,정규직,주5일근무,연봉,,,부산 사상구,,학력무관,2026-09-08 14:50:05
https://job.career.co.kr/recruit/view/22084977,,,,,,,계약직,주5일근무,월급,,,부산 강서구,,학력무관,2026-09-08 14:50:05
https://job.career.co.kr/recruit/view/22084975,,,,,,,정규직,주5일근무,시급,,,부산 강서구,,학력무관,2026-09-08 14:50:05
https://job.career.co.kr/recruit/view/22084970,,,,,,,정규직,주5일근무,월급,,,부산 강서구,,학력무관,2026-09-08 14:50:06
https://job.career.co.kr/recruit/view/22084966,,,,,,,정규직,주5일근무,월급,,,부산 강서구,,학력무관,2026-09-08 14:50:06
https://job.career.co.kr/recruit/view/22084962,,,,,,,정규직,주5일근무,연봉,,,부산 강서구,,학력무관,2026-09-08 14:50:06
https://job.career.co.kr/recruit/view/22084961,,,,,,,정규직,주5일근무,연봉,,,부산 강서구,,학력무관,2026-09-08 14:50:07
https://job.career.co.kr/recruit/view/22084960,,,,,,,정규직,주6일근무,연봉,,,부산 강서구,,학력무관,2026-09-08 14:50:07
https://job.career.co.kr/recruit/view/22084959,,,,,,,정규직,주6일근무,연봉,,,부산 강서구,,학력무관,2026-09-08 14:50:07
https://job.career.co.kr/recruit/view/22084956,,,,,,,계약직,주6일근무,시급,,,부산 사상구,,학력무관,2026-09-08 14:50:08
https://job.career.co.kr/recruit/view/22084955,,,,,,,정규직,주5일근무,연봉,,,부산 북구,,학력무관,2026-09-08 14:50:08
https://job.career.co.kr/recruit/view/22084954,,,,,,,정규직,주5일근무,시급,,,부산 강서구,,학력무관,2026-09-08 14:50:08
https://job.career.co.kr/recruit/view/22084944,,,,,,,정규직,주5일근무,월급,,,부산 해운대구,,"대학(2,3년) 졸업 이상",2026-09-08 14:50:09
https://job.career.co.kr/recruit/view/22084942,,,,,,,계약직,주5일근무,연봉,,,부산 기장군,,학력무관,2026-09-08 14:50:09
https://job.career.co.kr/recruit/view/22084941,,,,,,,정규직,주5일근무,연봉,,,부산 금정구,,학력무관,2026-09-08 14:50:09
https://job.career.co.kr/recruit/view/22084940,,,,,,,정규직,주5일근무,월급,,,부산 수영구,,학력무관,2026-09-08 14:50:10
https://job.career.co.kr/recruit/view/22084939,,,,,,,정규직,주5일근무,월급,,,부산 기장군,,학력무관,2026-09-08 14:50:10
https://job.career.co.kr/recruit/view/22084937,,,,,,,정규직,주5일근무,월급,,,부산 수영구,,학력무관,2026-09-08 14:50:10
https://job.career.co.kr/recruit/view/22084932,,,,,,,정규직,주5일근무,월급,,,부산 금정구,,학력무관,2026-09-08 14:50:11
https://job.career.co.kr/recruit/view/22084931,,,,,,,정규직,주5일근무,월급,,,부산 수영구,,학력무관,2026-09-08 14:50:11
https://job.career.co.kr/recruit/view/22084929,,,,,,,정규직,주5일근무,시급,,,부산 기장군,,학력무관,2026-09-08 14:50:11
https://job.career.co.kr/recruit/view/22084927,,,,,,,계약직,주4일근무,월급,,,부산 동래구,,학력무관,2026-09-08 14:50:12
https://job.career.co.kr/recruit/view/22084922,,,,,,,정규직,주3일근무,시급,,,부산 동래구,,학력무관,2026-09-08 14:50:12
https://job.career.co.kr/recruit/view/22084920,,,,,,,정규직,주5일근무,월급,,,부산 기장군,,학력무관,2026-09-08 14:50:12
https://job.career.co.kr/recruit/view/22084919,,,,,,,정규직,주6일근무,월급,,,부산 동구,,학력무관,2026-09-08 14:50:13
https://job.career.co.kr/recruit/view/22084910,,,,,,,정규직,주5일근무,연봉,,,부산 기장군,,학력무관,2026-09-08 14:50:13
https://job.career.co.kr/recruit/view/22084908,,,,,,,정규직,주6일근무,시급,,,부산 기장군,,학력무관,2026-09-08 14:50:13
https://job.career.co.kr/recruit/view/22084906,,,,,,,정규직,주5일근무,월급,,,부산 사하구,,학력무관,2026-09-08 14:50:14
https://job.career.co.kr/recruit/view/22084905,,,,,,,정규직,주5일근무,월급,,,부산 사하구,,학력무관,2026-09-08 14:50:14
https://job.career.co.kr/recruit/view/22084904,,,,,,,정규직,주5일근무,연봉,,,부산 사하구,,학력무관,2026-09-08 14:50:14
https://job.career.co.kr/recruit/view/22084902,,,,,,,정규직,주5일근무,시급,,,부산 사하구,,학력무관,2026-09-08 14:50:15
https://job.career.co.kr/recruit/view/22084901,,,,,,,계약직,주5일근무,연봉,,,부산 사하구,,학력무관,2026-09-08 14:50:15
https://job.career.co.kr/recruit/view/22084900,,,,,,,정규직,주5일근무,월급,,,부산 사하구,,학력무관,2026-09-08 14:50:15
https://job.career.co.kr/recruit/view/22084899,,,,,,,정규직,주5일근무,월급,,,부산 사하구,,학력무관,2026-09-08 14:50:16
https://job.career.co.kr/recruit/view/22084898,,,,,,,정규직,주5일근무,월급,,,부산 사하구,,학력무관,2026-09-08 14:50:16
https://job.career.co.kr/recruit/view/22084896,,,,,,,정규직,주5일근무,월급,,,부산 사하구,,학력무관,2026-09-08 14:50:16
https://job.career.co.kr/recruit/view/22084894,,,,,,,계약직,주5일근무,시급,,,부산 서구,,학력무관,2026-09-08 14:50:17
https://job.career.co.kr/recruit/view/22084891,,,,,,,정규직,주5일근무,시급,,,부산 사하구,,학력무관,2026-09-08 14:50:17
https://job.career.co.kr/recruit/view/22084890,,,,,,,정규직,주5일근무,연봉,,,부산 중구,,학력무관,2026-09-08 14:50:17
https://job.career.co.kr/recruit/view/22084885,,,,,,,정규직,주5일근무,시급,,,부산 서구,,학력무관,2026-09-08 14:50:18
https://job.career.co.kr/recruit/view/22084884,,,,,,,정규직,주5일근무,시급,,,부산 영도구,,학력무관,2026-09-08 14:50:18
https://job.career.co.kr/recruit/view/22084879,,,,,,,계약직,주5일근무,월급,,,부산 남구,,학력무관,2026-09-08 14:50:18
https://job.career.co.kr/recruit/view/22084878,,,,,,,정규직,주5일근무,시급,,,부산 부산진구,,학력무관,2026-09-08 14:50:19
https://job.career.co.kr/recruit/view/22084877,,,,,,,정규직,주5일근무,시급,,,부산 연제구,,학력무관,2026-09-08 14:50:19
https://job.career.co.kr/recruit/view/22084874,,,,,,,정규직,주4일근무,시급,,,부산 연제구,,학력무관,2026-09-08 14:50:19
https://job.career.co.kr/recruit/view/22084873,,,,,,,계약직,주5일근무,월급,,,부산 부산진구,,학력무관,2026-09-08 14:50:20
https://job.career.co.kr/recruit/view/22084870,,,,,,,계약직,주5일근무,월급,,,부산 영도구,,"대학(2,3년) 졸업 이상",2026-09-08 14:50:20
https://job.career.co.kr/recruit/view/22084869,,,,,,,정규직,주5일근무,월급,,,부산 영도구,,학력무관,2026-09-08 14:50:20
https://job.career.co.kr/recruit/view/22084864,,,,,,,계약직,주6일근무,월급,,,부산 수영구,,학력무관,2026-09-08 14:50:21
https://job.career.co.kr/recruit/view/22084860,,,,,,,계약직,주5일근무,시급,,,부산 서구,,학력무관,2026-09-08 14:50:21
https://job.career.co.kr/recruit/view/22084857,,,,,,,계약직,주5일근무,일급,,,부산 해운대구,,학력무관,2026-09-08 14:50:21
https://job.career.co.kr/recruit/view/22084853,,,,,,,계약직,주4일근무,월급,,,부산 해운대구,,학력무관,2026-09-08 14:50:22
https://job.career.co.kr/recruit/view/22084629,,,,,,,계약직,주5일근무,월급,,,부산 강서구,,학력무관,2026-09-08 14:50:22
https://job.career.co.kr/recruit/view/22084347,,,,,,,계약직,주5일근무,월급,,,부산 사상구,,학력무관,2026-09-08 14:50:22
https://job.career.co.kr/recruit/view/22084346,,,,,,,계약직,주6일근무,월급,,,부산 동구,,학력무관,2026-09-08 14:50:23
https://job.career.co.kr/recruit/view/22084345,,,,,,,정규직,주6일근무,시급,,,부산 사상구,,학력무관,2026-09-08 14:50:23
https://job.career.co.kr/recruit/view/22084341,,,,,,,정규직,주6일근무,시급,,,부산 동래구,,학력무관,2026-09-08 14:50:23
https://job.career.co.kr/recruit/view/22084339,,,,,,,정규직,주5일근무,시급,,,부산 동구,,학력무관,2026-09-08 14:50:24
https://job.career.co.kr/recruit/view/22084037,,,,,,,정규직,주5일근무,시급,,,부산 강서구,,학력무관,2026-09-08 14:50:24
https://job.career.co.kr/recruit/view/22083961,,,,,,,정규직,주5일근무,시급,,,부산 영도구,,학력무관,2026-09-08 14:50:24
https://job.career.co.kr/recruit/view/22083959,,,,,,,정규직,주5일근무,시급,,,부산 사하구,,학력무관,2026-09-08 14:50:25
https://job.career.co.kr/recruit/view/22083880,,,,,,,정규직,주5일근무,시급,,,부산 사하구,,학력무관,2026-09-08 14:50:25
https://job.career.co.kr/recruit/view/22083879,,,,,,,정규직,주5일근무,시급,,,부산 서구,,학력무관,2026-09-08 14:50:25
https://job.career.co.kr/recruit/view/22083878,,,,,,,정규직,주5일근무,시급,,,부산 서구,,학력무관,2026-09-08 14:50:26
https://job.career.co.kr/recruit/view/22083803,,,,,,,정규직,주5일근무,연봉,,,부산 사상구,,학력무관,2026-09-08 14:50:26
https://job.career.co.kr/recruit/view/22081497,,,,,,,계약직,주6일근무,시급,,,부산 강서구,,학력무관,2026-09-08 14:50:26
https://job.career.co.kr/recruit/view/22081496,,,,,,,정규직,주5일근무,월급,,,부산 강서구,,학력무관,2026-09-08 14:50:27
https://job.career.co.kr/recruit/view/22081479,,,,,,,정규직,주5일근무,연봉,,,부산 강서구,,학력무관,2026-09-08 14:50:27
https://job.career.co.kr/recruit/view/22081425,,,,,,,계약직,주5일근무,월급,,,부산 사상구,,학력무관,2026-09-08 14:50:27
https://job.career.co.kr/recruit/view/22081424,,,,,,,정규직,주5일근무,월급,,,부산 사상구,,학력무관,2026-09-08 14:50:28
https://job.career.co.kr/recruit/view/22081423,,,,,,,계약직,주5일근무,연봉,,,부산 강서구,,학력무관,2026-09-08 14:50:28
https://job.career.co.kr/recruit/view/22081419,,,,,,,정규직,주5일근무,연봉,,,부산 기장군,,학력무관,2026-09-08 14:50:28
https://job.career.co.kr/recruit/view/22081412,,,,,,,정규직,주6일근무,연봉,,,부산 강서구,,학력무관,2026-09-08 14:50:29
https://job.career.co.kr/recruit/view/22081411,,,,,,,정규직,주5일근무,시급,,,부산 사상구,,학력무관,2026-09-08 14:50:29
https://job.career.co.kr/recruit/view/22081410,,,,,,,정규직,주5일근무,시급,,,부산 사상구,,학력무관,2026-09-08 14:50:29
https://job.career.co.kr/recruit/view/22081407,,,,,,,정규직,주5일근무,월급,,,부산 강서구,,학력무관,2026-09-08 14:50:30
https://job.career.co.kr/recruit/view/22081404,,,,,,,정규직,주5일근무,월급,,,부산 강서구,,학력무관,2026-09-08 14:50:30
https://job.career.co.kr/recruit/view/22081403,,,,,,,계약직,주5일근무,연봉,,,부산 강서구,,학력무관,2026-09-08 14:50:30
https://job.career.co.kr/recruit/view/22081401,,,,,,,계약직,주5일근무,시급,,,부산 강서구,,학력무관,2026-09-08 14:50:31
https://job.career.co.kr/recruit/view/22081400,,,,,,,정규직,주5일근무,월급,,,부산 강서구,,학력무관,2026-09-08 14:50:31
https://job.career.co.kr/recruit/view/22081398,,,,,,,정규직,주5일근무,월급,,,부산 사상구,,학력무관,2026-09-08 14:50:31
https://job.career.co.kr/recruit/view/22081396,,,,,,,정규직,주6일근무,월급,,,부산 사상구,,학력무관,2026-09-08 14:50:32
https://job.career.co.kr/recruit/view/22081390,,,,,,,계약직,주5일근무,시급,,,부산 강서구,,학력무관,2026-09-08 14:50:32
https://job.career.co.kr/recruit/view/22081389,,,,,,,정규직,주5일근무,월급,,,부산 강서구,,학력무관,2026-09-08 14:50:32
https://job.career.co.kr/recruit/view/22081386,,,,,,,정규직,주5일근무,시급,,,부산 동래구,,학력무관,2026-09-08 14:50:33
https://job.career.co.kr/recruit/view/22081384,,,,,,,정규직,주6일근무,월급,,,부산 사상구,,학력무관,2026-09-08 14:50:33
https://job.career.co.kr/recruit/view/22081383,,,,,,,정규직,주5일근무,연봉,,,부산 강서구,,학력무관,2026-09-08 14:50:33
https://job.career.co.kr/recruit/view/22081381,,,,,,,정규직,주5일근무,시급,,,부산 강서구,,학력무관,2026-09-08 14:50:34
https://job.career.co.kr/recruit/view/22081380,,,,,,,정규직,주5일근무,월급,,,부산 사상구,,학력무관,2026-09-08 14:50:34
https://job.career.co.kr/recruit/view/22081378,,,,,,,정규직,주5일근무,연봉,,,부산 강서구,,"대학(2,3년) 졸업 이상",2026-09-08 14:50:34
https://job.career.co.kr/recruit/view/22081374,,,,,,,계약직,주5일근무,월급,,,부산 강서구,,학력무관,2026-09-08 14:50:35
https://job.career.co.kr/recruit/view/22081373,,,,,,,계약직,주5일근무,월급,,,부산 북구,,학력무관,2026-09-08 14:50:35
https://job.career.co.kr/recruit/view/22081370,,,,,,,정규직,주5일근무,시급,,,부산 사상구,,학력무관,2026-09-08 14:50:35
https://job.career.co.kr/recruit/view/22081369,,,,,,,정규직,주5일근무,시급,,,부산 강서구,,학력무관,2026-09-08 14:50:36
https://job.career.co.kr/recruit/view/22081364,,,,,,,계약직,주5일근무,연봉,,,부산 기장군,,학력무관,2026-09-08 14:50:36
https://job.career.co.kr/recruit/view/22081361,,,,,,,정규직,주5일근무,시급,,,부산 부산진구,,학력무관,2026-09-08 14:50:36
https://job.career.co.kr/recruit/view/22081360,,,,,,,계약직,주6일근무,월급,,,부산 수영구,,학력무관,2026-09-08 14:50:37
https://job.career.co.kr/recruit/view/22081359,,,,,,,정규직,주3일근무,시급,,,부산 해운대구,,학력무관,2026-09-08 14:50:37
https://job.career.co.kr/recruit/view/22081357,,,,,,,정규직,주5일근무,연봉,,,부산 동래구,,학력무관,2026-09-08 14:50:37
https://job.career.co.kr/recruit/view/22081353,,,,,,,계약직,주5일근무,시급,,,부산 금정구,,학력무관,2026-09-08 14:50:38
https://job.career.co.kr/recruit/view/22081351,,,,,,,정규직,주5일근무,월급,,,부산 해운대구,,학력무관,2026-09-08 14:50:38
https://job.career.co.kr/recruit/view/22081336,,,,,,,정규직,주6일근무,월급,,,부산 해운대구,,학력무관,2026-09-08 14:50:38
https://job.career.co.kr/recruit/view/22081329,,,,,,,정규직,주5일근무,월급,,,부산 기장군,,학력무관,2026-09-08 14:50:39
https://job.career.co.kr/recruit/view/22081324,,,,,,,정규직,주5일근무,시급,,,부산 기장군,,학력무관,2026-09-08 14:50:39
https://job.career.co.kr/recruit/view/22081323,,,,,,,계약직,주5일근무,시급,,,부산 해운대구,,학력무관,2026-09-08 14:50:39
https://job.career.co.kr/recruit/view/22081321,,,,,,,정규직,주3일근무,시급,,,부산 해운대구,,학력무관,2026-09-08 14:50:40
https://job.career.co.kr/recruit/view/22081315,,,,,,,정규직,주3일근무,시급,,,부산 수영구,,학력무관,2026-09-08 14:50:40
https://job.career.co.kr/recruit/view/22081310,,,,,,,정규직,주3일근무,시급,,,부산 해운대구,,학력무관,2026-09-08 14:50:40
https://job.career.co.kr/recruit/view/22081309,,,,,,,정규직,주4일근무,월급,,,부산 해운대구,,학력무관,2026-09-08 14:50:41
https://job.career.co.kr/recruit/view/22081307,,,,,,,정규직,주6일근무,월급,,,부산 해운대구,,학력무관,2026-09-08 14:50:41
https://job.career.co.kr/recruit/view/22081305,,,,,,,계약직,주5일근무,시급,,,부산 사하구,,학력무관,2026-09-08 14:50:41
https://job.career.co.kr/recruit/view/22081303,,,,,,,정규직,주5일근무,시급,,,부산 사하구,,학력무관,2026-09-08 14:50:42
https://job.career.co.kr/recruit/view/22081301,,,,,,,계약직,주5일근무,시급,,,부산 사하구,,학력무관,2026-09-08 14:50:42
https://job.career.co.kr/recruit/view/22081299,,,,,,,정규직,주5일근무,시급,,,부산 사하구,,고등학교 미만 졸업,2026-09-08 14:50:42
https://job.career.co.kr/recruit/view/22081298,,,,,,,정규직,주5일근무,연봉,,,부산 사하구,,고등학교 졸업 이상,2026-09-08 14:50:43
https://job.career.co.kr/recruit/view/22081297,,,,,,,계약직,주5일근무,월급,,,부산 사하구,,학력무관,2026-09-08 14:50:43
https://job.career.co.kr/recruit/view/22081293,,,,,,,정규직,주6일근무,월급,,,부산 사하구,,학력무관,2026-09-08 14:50:43
https://job.career.co.kr/recruit/view/22081292,,,,,,,계약직,주5일근무,월급,,,부산 사하구,,학력무관,2026-09-08 14:50:44
https://job.career.co.kr/recruit/view/22081287,,,,,,,계약직,주5일근무,월급,,,부산 서구,,학력무관,2026-09-08 14:50:44
https://job.career.co.kr/recruit/view/22081286,,,,,,,정규직,주5일근무,월급,,,부산 동구,,"대학(2,3년) 졸업 이상",2026-09-08 14:50:44
https://job.career.co.kr/recruit/view/22081283,,,,,,,정규직,주6일근무,시급,,,부산 동구,,학력무관,2026-09-08 14:50:45
https://job.career.co.kr/recruit/view/22081281,,,,,,,정규직,주6일근무,시급,,,부산 남구,,학력무관,2026-09-08 14:50:45
https://job.career.co.kr/recruit/view/22081280,,,,,,,정규직,주5일근무,연봉,,,부산 남구,,학력무관,2026-09-08 14:50:45
https://job.career.co.kr/recruit/view/22081279,,,,,,,정규직,주5일근무,연봉,,,부산 중구,,학력무관,2026-09-08 14:50:46
https://job.career.co.kr/recruit/view/22081277,,,,,,,정규직,주6일근무,연봉,,,부산 영도구,,학력무관,2026-09-08 14:50:46
https://job.career.co.kr/recruit/view/22081274,,,,,,,계약직,주5일근무,월급,,,부산 영도구,,학력무관,2026-09-08 14:50:46
https://job.career.co.kr/recruit/view/22081273,,,,,,,정규직,주5일근무,연봉,,,부산 연제구,,대학교(4년) 졸업 이상,2026-09-08 14:50:47
https://job.career.co.kr/recruit/view/22081271,,,,,,,정규직,주3일근무,시급,,,부산 사하구,,학력무관,2026-09-08 14:50:47
https://job.career.co.kr/recruit/view/22081270,,,,,,,정규직,주5일근무,시급,,,부산 금정구,,학력무관,2026-09-08 14:50:47
https://job.career.co.kr/recruit/view/22081269,,,,,,,정규직,주5일근무,시급,,,부산 영도구,,학력무관,2026-09-08 14:50:48
https://job.career.co.kr/recruit/view/22081260,,,,,,,정규직,주5일근무,월급,,,부산 연제구,,학력무관,2026-09-08 14:50:48
https://job.career.co.kr/recruit/view/22081257,,,,,,,정규직,주5일근무,시급,,,부산 동래구,,학력무관,2026-09-08 14:50:48
https://job.career.co.kr/recruit/view/22081254,,,,,,,정규직,주5일근무,연봉,,,부산 연제구,,학력무관,2026-09-08 14:50:49
https://job.career.co.kr/recruit/view/22081222,,,,,,,정규직,주6일근무,연봉,,,부산 남구,,"대학(2,3년) 졸업 이상",2026-09-08 14:50:49
https://job.career.co.kr/recruit/view/22081126,,,,,,,계약직,주5일근무,월급,,,부산 부산진구,,학력무관,2026-09-08 14:50:49
https://job.career.co.kr/recruit/view/22081018,,,,,,,계약직,주6일근무,연봉,,,부산 해운대구,,학력무관,2026-09-08 14:50:50
https://job.career.co.kr/recruit/view/22080637,,,,,,,정규직,주5일근무,시급,,,부산 수영구,,학력무관,2026-09-08 14:50:50
https://job.career.co.kr/recruit/view/22080636,,,,,,,정규직,주5일근무,시급,,,부산 서구,,학력무관,2026-09-08 14:50:50
https://job.career.co.kr/recruit/view/22080635,,,,,,,정규직,주5일근무,시급,,,부산 사상구,,학력무관,2026-09-08 14:50:51
https://job.career.co.kr/recruit/view/22080633,,,,,,,계약직,주6일근무,월급,,,부산 남구,,학력무관,2026-09-08 14:50:51
https://job.career.co.kr/recruit/view/22080628,,,,,,,정규직,주3일근무,시급,,,부산 부산진구,,학력무관,2026-09-08 14:50:51
https://job.career.co.kr/recruit/view/22080626,,,,,,,정규직,주5일근무,시급,,,부산 사상구,,학력무관,2026-09-08 14:50:52
https://job.career.co.kr/recruit/view/22080623,,,,,,,계약직,주6일근무,월급,,,부산 부산진구,,학력무관,2026-09-08 14:50:52
https://job.career.co.kr/recruit/view/22080622,,,,,,,정규직,주5일근무,시급,,,부산 동래구,,학력무관,2026-09-08 14:50:52
https://job.career.co.kr/recruit/view/22080621,,,,,,,정규직,주5일근무,시급,,,부산 연제구,,학력무관,2026-09-08 14:50:53
https://job.career.co.kr/recruit/view/22080084,,,,,,,계약직,주5일근무,월급,,,부산 해운대구,,학력무관,2026-09-08 14:50:53
https://job.career.co.kr/recruit/view/22080083,,,,,,,정규직,주5일근무,시급,,,부산 해운대구,,학력무관,2026-09-08 14:50:53
https://job.career.co.kr/recruit/view/22080082,,,,,,,정규직,주6일근무,월급,,,부산 해운대구,,학력무관,2026-09-08 14:50:54
https://job.career.co.kr/recruit/view/22080081,,,,,,,정규직,주5일근무,시급,,,부산 해운대구,,학력무관,2026-09-08 14:50:54
https://job.career.co.kr/recruit/view/22080080,,,,,,,계약직,주5일근무,월급,,,부산 동래구,,학력무관,2026-09-08 14:50:54
https://job.career.co.kr/recruit/view/22080078,,,,,,,정규직,주6일근무,시급,,,부산 부산진구,,학력무관,2026-09-08 14:50:55
https://job.career.co.kr/recruit/view/22080077,,,,,,,정규직,주5일근무,시급,,,부산 남구,,학력무관,2026-09-08 14:50:55
https://job.career.co.kr/recruit/view/22080079,,,,,,,정규직,주5일근무,시급,,,부산 북구,,학력무관,2026-09-08 14:50:56
https://job.career.co.kr/recruit/view/22080076,,,,,,,정규직,주5일근무,시급,,,부산 남구,,학력무관,2026-09-08 14:50:56
https://job.career.co.kr/recruit/view/22080075,,,,,,,정규직,주5일근무,시급,,,부산 부산진구,,학력무관,2026-09-08 14:50:56
https://job.career.co.kr/recruit/view/22080074,,,,,,,정규직,주5일근무,시급,,,부산 영도구,,학력무관,2026-09-08 14:50:56
https://job.career.co.kr/recruit/view/22080072,,,,,,,정규직,주5일근무,시급,,,부산 연제구,,학력무관,2026-09-08 14:50:57
https://job.career.co.kr/recruit/view/22080069,,,,,,,정규직,주5일근무,시급,,,부산 북구,,학력무관,2026-09-08 14:50:57
https://job.career.co.kr/recruit/view/22079973,,,,,,,정규직,주6일근무,시급,,,부산 서구,,학력무관,2026-09-08 14:50:57
https://job.career.co.kr/recruit/view/22079971,,,,,,,정규직,주5일근무,시급,,,부산 사하구,,학력무관,2026-09-08 14:50:58
https://job.career.co.kr/recruit/view/22079895,,,,,,,계약직,주5일근무,월급,,,부산 기장군,,학력무관,2026-09-08 14:50:58
https://job.career.co.kr/recruit/view/22079882,,,,,,,정규직,주5일근무,시급,,,부산 수영구,,학력무관,2026-09-08 14:50:58
https://job.career.co.kr/recruit/view/22079819,,,,,,,정규직,주3일근무,시급,,,부산 금정구,,학력무관,2026-09-08 14:50:59
https://job.career.co.kr/recruit/view/22079809,,,,,,,계약직,주5일근무,시급,,,부산 부산진구,,학력무관,2026-09-08 14:50:59
https://job.career.co.kr/recruit/view/22078859,,,,,,,정규직,주5일근무,연봉,,,부산 동구,,학력무관,2026-09-08 14:50:59
https://job.career.co.kr/recruit/view/22077693,,,,,,,정규직,주5일근무,연봉,,,부산 남구,,고등학교 졸업 이상,2026-09-08 14:51:00
https://job.career.co.kr/recruit/view/22077176,,,,,,,정규직,주6일근무,시급,,,부산 부산진구,,학력무관,2026-09-08 14:51:00
https://job.career.co.kr/recruit/view/22076892,,,,,,,정규직,주5일근무,시급,,,부산 강서구,,학력무관,2026-09-08 14:51:01
https://job.career.co.kr/recruit/view/22076878,,,,,,,정규직,주5일근무,월급,,,부산 강서구,,고등학교 졸업 이상,2026-09-08 14:51:01
https://job.career.co.kr/recruit/view/22076877,,,,,,,정규직,주5일근무,월급,,,부산 강서구,,고등학교 졸업 이상,2026-09-08 14:51:01
https://job.career.co.kr/recruit/view/22076876,,,,,,,정규직,주6일근무,월급,,,부산 강서구,,학력무관,2026-09-08 14:51:02
https://job.career.co.kr/recruit/view/22076875,,,,,,,정규직,주5일근무,월급,,,부산 강서구,,학력무관,2026-09-08 14:51:02
https://job.career.co.kr/recruit/view/22076874,,,,,,,정규직,주5일근무,연봉,,,부산 강서구,,"대학(2,3년) 졸업 이상",2026-09-08 14:51:02
https://job.career.co.kr/recruit/view/22076872,,,,,,,계약직,주5일근무,월급,,,부산 사상구,,학력무관,2026-09-08 14:51:02
https://job.career.co.kr/recruit/view/22076871,,,,,,,정규직,주5일근무,시급,,,부산 북구,,학력무관,2026-09-08 14:51:03
https://job.career.co.kr/recruit/view/22076870,,,,,,,정규직,주5일근무,연봉,,,부산 강서구,,"대학(2,3년) 졸업 이상",2026-09-08 14:51:03
https://job.career.co.kr/recruit/view/22076868,,,,,,,정규직,주5일근무,시급,,,부산 강서구,,학력무관,2026-09-08 14:51:03
https://job.career.co.kr/recruit/view/22076867,,,,,,,정규직,주5일근무,연봉,,,부산 강서구,,학력무관,2026-09-08 14:51:04
https://job.career.co.kr/recruit/view/22076863,,,,,,,정규직,주5일근무,월급,,,부산 사상구,,학력무관,2026-09-08 14:51:04
https://job.career.co.kr/recruit/view/22076853,,,,,,,정규직,주5일근무,월급,,,부산 강서구,,고등학교 졸업 이상,2026-09-08 14:51:04
https://job.career.co.kr/recruit/view/22076846,,,,,,,정규직,주5일근무,월급,,,부산 사상구,,학력무관,2026-09-08 14:51:05
https://job.career.co.kr/recruit/view/22076843,,,,,,,정규직,주5일근무,연봉,,,부산 강서구,,학력무관,2026-09-08 14:51:05
https://job.career.co.kr/recruit/view/22076838,,,,,,,정규직,주5일근무,연봉,,,부산 강서구,,학력무관,2026-09-08 14:51:05
https://job.career.co.kr/recruit/view/22076837,,,,,,,정규직,주6일근무,시급,,,부산 강서구,,학력무관,2026-09-08 14:51:06
https://job.career.co.kr/recruit/view/22076836,,,,,,,정규직,주5일근무,시급,,,부산 강서구,,학력무관,2026-09-08 14:51:06
https://job.career.co.kr/recruit/view/22076834,,,,,,,정규직,주5일근무,월급,,,부산 사상구,,학력무관,2026-09-08 14:51:06
https://job.career.co.kr/recruit/view/22076832,,,,,,,정규직,주5일근무,월급,,,부산 사상구,,학력무관,2026-09-08 14:51:07
https://job.career.co.kr/recruit/view/22076827,,,,,,,계약직,주5일근무,시급,,,부산 강서구,,학력무관,2026-09-08 14:51:07
https://job.career.co.kr/recruit/view/22076826,,,,,,,정규직,주5일근무,연봉,,,부산 강서구,,학력무관,2026-09-08 14:51:07
https://job.career.co.kr/recruit/view/22076825,,,,,,,정규직,주5일근무,연봉,,,부산 강서구,,학력무관,2026-09-08 14:51:08
https://job.career.co.kr/recruit/view/22076824,,,,,,,계약직,주5일근무,시급,,,부산 강서구,,학력무관,2026-09-08 14:51:08
https://job.career.co.kr/recruit/view/22076809,,,,,,,정규직,주5일근무,월급,,,부산 강서구,,학력무관,2026-09-08 14:51:08
https://job.career.co.kr/recruit/view/22076805,,,,,,,정규직,주5일근무,연봉,,,부산 강서구,,학력무관,2026-09-08 14:51:09
https://job.career.co.kr/recruit/view/22076802,,,,,,,정규직,주5일근무,연봉,,,부산 강서구,,학력무관,2026-09-08 14:51:09
https://job.career.co.kr/recruit/view/22076801,,,,,,,정규직,주5일근무,시급,,,부산 사하구,,학력무관,2026-09-08 14:51:09
https://job.career.co.kr/recruit/view/22076798,,,,,,,정규직,주5일근무,시급,,,부산 강서구,,학력무관,2026-09-08 14:51:10
https://job.career.co.kr/recruit/view/22076797,,,,,,,정규직,주3일근무,시급,,,부산 사상구,,학력무관,2026-09-08 14:51:10
https://job.career.co.kr/recruit/view/22076794,,,,,,,정규직,주5일근무,시급,,,부산 강서구,,학력무관,2026-09-08 14:51:10
https://job.career.co.kr/recruit/view/22076791,,,,,,,정규직,주5일근무,월급,,,부산 강서구,,학력무관,2026-09-08 14:51:11
https://job.career.co.kr/recruit/view/22076781,,,,,,,정규직,주5일근무,연봉,,,부산 해운대구,,"대학(2,3년) 졸업 이상",2026-09-08 14:51:11
https://job.career.co.kr/recruit/view/22076777,,,,,,,정규직,주6일근무,월급,,,부산 해운대구,,학력무관,2026-09-08 14:51:11
https://job.career.co.kr/recruit/view/22076775,,,,,,,정규직,주5일근무,월급,,,부산 해운대구,,"대학(2,3년) 졸업 이상",2026-09-08 14:51:12
https://job.career.co.kr/recruit/view/22076763,,,,,,,정규직,주6일근무,시급,,,부산 사상구,,학력무관,2026-09-08 14:51:12
https://job.career.co.kr/recruit/view/22076754,,,,,,,정규직,주6일근무,연봉,,,부산 기장군,,학력무관,2026-09-08 14:51:12
https://job.career.co.kr/recruit/view/22076752,,,,,,,정규직,주5일근무,월급,,,부산 해운대구,,학력무관,2026-09-08 14:51:13
https://job.career.co.kr/recruit/view/22076750,,,,,,,정규직,주5일근무,월급,,,부산 기장군,,학력무관,2026-09-08 14:51:13
https://job.career.co.kr/recruit/view/22076745,,,,,,,정규직,주5일근무,월급,,,부산 해운대구,,학력무관,2026-09-08 14:51:13
https://job.career.co.kr/recruit/view/22076741,,,,,,,정규직,주5일근무,시급,,,부산 수영구,,학력무관,2026-09-08 14:51:14
https://job.career.co.kr/recruit/view/22076732,,,,,,,정규직,주5일근무,월급,,,부산 해운대구,,학력무관,2026-09-08 14:51:14
https://job.career.co.kr/recruit/view/22076725,,,,,,,정규직,주5일근무,월급,,,부산 기장군,,고등학교 졸업 이상,2026-09-08 14:51:14
https://job.career.co.kr/recruit/view/22076723,,,,,,,정규직,주6일근무,연봉,,,부산 해운대구,,학력무관,2026-09-08 14:51:15
https://job.career.co.kr/recruit/view/22076721,,,,,,,정규직,주5일근무,월급,,,부산 금정구,,학력무관,2026-09-08 14:51:15
https://job.career.co.kr/recruit/view/22076719,,,,,,,정규직,주5일근무,월급,,,부산 동래구,,학력무관,2026-09-08 14:51:15
https://job.career.co.kr/recruit/view/22076715,,,,,,,계약직,주6일근무,시급,,,부산 사하구,,학력무관,2026-09-08 14:51:16
https://job.career.co.kr/recruit/view/22076714,,,,,,,계약직,주5일근무,월급,,,부산 사하구,,학력무관,2026-09-08 14:51:16
https://job.career.co.kr/recruit/view/22076713,,,,,,,정규직,주5일근무,시급,,,부산 사하구,,학력무관,2026-09-08 14:51:16
https://job.career.co.kr/recruit/view/22076712,,,,,,,정규직,주5일근무,월급,,,부산 사하구,,학력무관,2026-09-08 14:51:17
https://job.career.co.kr/recruit/view/22076711,,,,,,,정규직,주5일근무,월급,,,부산 사하구,,학력무관,2026-09-08 14:51:17
https://job.career.co.kr/recruit/view/22076710,,,,,,,정규직,주5일근무,월급,,,부산 사하구,,고등학교 졸업 이상,2026-09-08 14:51:17
https://job.career.co.kr/recruit/view/22076709,,,,,,,정규직,주6일근무,월급,,,부산 사하구,,학력무관,2026-09-08 14:51:18
https://job.career.co.kr/recruit/view/22076707,,,,,,,계약직,주5일근무,월급,,,부산 사하구,,학력무관,2026-09-08 14:51:18
https://job.career.co.kr/recruit/view/22076704,,,,,,,계약직,주5일근무,시급,,,부산 사하구,,학력무관,2026-09-08 14:51:18
https://job.career.co.kr/recruit/view/22076703,,,,,,,정규직,주5일근무,시급,,,부산 사하구,,학력무관,2026-09-08 14:51:19
https://job.career.co.kr/recruit/view/22076701,,,,,,,정규직,주3일근무,시급,,,부산 사하구,,학력무관,2026-09-08 14:51:19
https://job.career.co.kr/recruit/view/22076700,,,,,,,정규직,주3일근무,시급,,,부산 사하구,,학력무관,2026-09-08 14:51:19
https://job.career.co.kr/recruit/view/22076695,,,,,,,계약직,주5일근무,연봉,,,부산 중구,,학력무관,2026-09-08 14:51:20
https://job.career.co.kr/recruit/view/22076694,,,,,,,정규직,주5일근무,시급,,,부산 영도구,,학력무관,2026-09-08 14:51:20
https://job.career.co.kr/recruit/view/22076693,,,,,,,정규직,주5일근무,시급,,,부산 동구,,학력무관,2026-09-08 14:51:20
https://job.career.co.kr/recruit/view/22076692,,,,,,,정규직,주5일근무,시급,,,부산 영도구,,학력무관,2026-09-08 14:51:21
https://job.career.co.kr/recruit/view/22076691,,,,,,,계약직,주5일근무,월급,,,부산 부산진구,,학력무관,2026-09-08 14:51:21
https://job.career.co.kr/recruit/view/22076684,,,,,,,정규직,주5일근무,연봉,,,부산 영도구,,학력무관,2026-09-08 14:51:21
https://job.career.co.kr/recruit/view/22076677,,,,,,,계약직,주5일근무,시급,,,부산 동구,,학력무관,2026-09-08 14:51:22
https://job.career.co.kr/recruit/view/22076676,,,,,,,정규직,주5일근무,월급,,,부산 남구,,학력무관,2026-09-08 14:51:22
https://job.career.co.kr/recruit/view/22076675,,,,,,,정규직,주5일근무,연봉,,,부산 영도구,,학력무관,2026-09-08 14:51:22
https://job.career.co.kr/recruit/view/22076673,,,,,,,정규직,주5일근무,시급,,,부산 서구,,학력무관,2026-09-08 14:51:23
https://job.career.co.kr/recruit/view/22076667,,,,,,,정규직,주5일근무,월급,,,부산 남구,,학력무관,2026-09-08 14:51:23
https://job.career.co.kr/recruit/view/22076664,,,,,,,정규직,주5일근무,연봉,,,부산 서구,,학력무관,2026-09-08 14:51:23
https://job.career.co.kr/recruit/view/22076659,,,,,,,계약직,주5일근무,월급,,,부산 동래구,,학력무관,2026-09-08 14:51:24
https://job.career.co.kr/recruit/view/22076655,,,,,,,계약직,주5일근무,월급,,,부산 연제구,,학력무관,2026-09-08 14:51:24
https://job.career.co.kr/recruit/view/22076654,,,,,,,계약직,주5일근무,연봉,,,부산 동구,,학력무관,2026-09-08 14:51:24
https://job.career.co.kr/recruit/view/22076653,,,,,,,정규직,주5일근무,월급,,,부산 부산진구,,학력무관,2026-09-08 14:51:25
https://job.career.co.kr/recruit/view/22076652,,,,,,,정규직,주5일근무,연봉,,,부산 연제구,,학력무관,2026-09-08 14:51:25
https://job.career.co.kr/recruit/view/22076651,,,,,,,정규직,주5일근무,월급,,,부산 동구,,학력무관,2026-09-08 14:51:25
https://job.career.co.kr/recruit/view/22076648,,,,,,,정규직,학력,일급,,,부산 기장군,,학력무관,2026-09-08 14:51:26
https://job.career.co.kr/recruit/view/22076647,,,,,,,계약직,주5일근무,월급,,,부산 연제구,,"대학(2,3년) 졸업 이상",2026-09-08 14:51:26
https://job.career.co.kr/recruit/view/22076646,,,,,,,정규직,학력,일급,,,부산 기장군,,학력무관,2026-09-08 14:51:26
https://job.career.co.kr/recruit/view/22076645,,,,,,,정규직,주5일근무,월급,,,부산 기장군,,학력무관,2026-09-08 14:51:27
https://job.career.co.kr/recruit/view/22076644,,,,,,,정규직,주6일근무,시급,,,부산 사상구,,학력무관,2026-09-08 14:51:27
https://job.career.co.kr/recruit/view/22076503,,,,,,,계약직,주5일근무,월급,,,부산 해운대구,,학력무관,2026-09-08 14:51:27
https://job.career.co.kr/recruit/view/22076493,,,,,,,계약직,주5일근무,시급,,,부산 해운대구,,학력무관,2026-09-08 14:51:28
https://job.career.co.kr/recruit/view/22076330,,,,,,,계약직,주4일근무,월급,,,부산 강서구,,학력무관,2026-09-08 14:51:28
https://job.career.co.kr/recruit/view/22076040,,,,,,,정규직,주5일근무,월급,,,부산 수영구,,학력무관,2026-09-08 14:51:28
https://job.career.co.kr/recruit/view/22076038,,,,,,,정규직,주5일근무,일급,,,부산 강서구,,학력무관,2026-09-08 14:51:29
https://job.career.co.kr/recruit/view/22076037,,,,,,,정규직,주5일근무,일급,,,부산 강서구,,학력무관,2026-09-08 14:51:29
https://job.career.co.kr/recruit/view/22076036,,,,,,,계약직,주6일근무,월급,,,부산 부산진구,,학력무관,2026-09-08 14:51:29
https://job.career.co.kr/recruit/view/22076034,,,,,,,계약직,주6일근무,월급,,,부산 부산진구,,학력무관,2026-09-08 14:51:30
https://job.career.co.kr/recruit/view/22076029,,,,,,,정규직,주3일근무,시급,,,부산 부산진구,,학력무관,2026-09-08 14:51:30
https://job.career.co.kr/recruit/view/22076026,,,,,,,계약직,주6일근무,월급,,,부산 동래구,,학력무관,2026-09-08 14:51:30
https://job.career.co.kr/recruit/view/22076025,,,,,,,정규직,주5일근무,월급,,,부산 사상구,,학력무관,2026-09-08 14:51:31
https://job.career.co.kr/recruit/view/22075654,,,,,,,정규직,주5일근무,시급,,,부산 사하구,,학력무관,2026-09-08 14:51:31
https://job.career.co.kr/recruit/view/22075651,,,,,,,계약직,주5일근무,월급,,,부산 사상구,,"대학(2,3년) 졸업 이상",2026-09-08 14:51:31
https://job.career.co.kr/recruit/view/22075603,,,,,,,계약직,주5일근무,시급,,,부산 사상구,,고등학교 졸업 이상,2026-09-08 14:51:32
https://job.career.co.kr/recruit/view/22075599,,,,,,,정규직,주5일근무,시급,,,부산 사상구,,"대학(2,3년) 졸업 이상",2026-09-08 14:51:32
https://job.career.co.kr/recruit/view/22075593,,,,,,,계약직,주5일근무,시급,,,부산 사하구,,학력무관,2026-09-08 14:51:32
https://job.career.co.kr/recruit/view/22073816,,,,,,,정규직,주5일근무,시급,,,부산 강서구,,학력무관,2026-09-08 14:51:33
https://job.career.co.kr/recruit/view/22073719,,,,,,,계약직,주5일근무,월급,,,부산 사상구,,학력무관,2026-09-08 14:51:33
https://job.career.co.kr/recruit/view/22073717,,,,,,,정규직,주6일근무,시급,,,부산 동구,,학력무관,2026-09-08 14:51:33
https://job.career.co.kr/recruit/view/22073716,,,,,,,정규직,주5일근무,월급,,,부산 사상구,,학력무관,2026-09-08 14:51:34
https://job.career.co.kr/recruit/view/22073714,,,,,,,정규직,주5일근무,연봉,,,부산 강서구,,학력무관,2026-09-08 14:51:34
https://job.career.co.kr/recruit/view/22073711,,,,,,,정규직,주5일근무,월급,,,부산 사상구,,학력무관,2026-09-08 14:51:34
https://job.career.co.kr/recruit/view/22073705,,,,,,,정규직,주5일근무,연봉,,,부산 강서구,,"대학(2,3년) 졸업 이상",2026-09-08 14:51:35
https://job.career.co.kr/recruit/view/22073703,,,,,,,정규직,주5일근무,시급,,,부산 사상구,,학력무관,2026-09-08 14:51:35
https://job.career.co.kr/recruit/view/22073700,,,,,,,정규직,주5일근무,시급,,,부산 사상구,,학력무관,2026-09-08 14:51:35
https://job.career.co.kr/recruit/view/22073699,,,,,,,정규직,주5일근무,월급,,,부산 중구,,학력무관,2026-09-08 14:51:36
https://job.career.co.kr/recruit/view/22073695,,,,,,,정규직,주3일근무,시급,,,부산 북구,,학력무관,2026-09-08 14:51:36
https://job.career.co.kr/recruit/view/22073691,,,,,,,정규직,주5일근무,연봉,,,부산 강서구,,"대학(2,3년) 졸업 이상",2026-09-08 14:51:36
https://job.career.co.kr/recruit/view/22073690,,,,,,,정규직,주5일근무,연봉,,,부산 사상구,,학력무관,2026-09-08 14:51:37
https://job.career.co.kr/recruit/view/22073682,,,,,,,정규직,주5일근무,월급,,,부산 강서구,,학력무관,2026-09-08 14:51:37
https://job.career.co.kr/recruit/view/22073681,,,,,,,계약직,주5일근무,월급,,,부산 남구,,학력무관,2026-09-08 14:51:37
https://job.career.co.kr/recruit/view/22073680,,,,,,,정규직,주5일근무,월급,,,부산 사상구,,학력무관,2026-09-08 14:51:38
https://job.career.co.kr/recruit/view/22073677,,,,,,,정규직,주5일근무,월급,,,부산 강서구,,학력무관,2026-09-08 14:51:38
https://job.career.co.kr/recruit/view/22073673,,,,,,,정규직,주6일근무,연봉,,,부산 사상구,,학력무관,2026-09-08 14:51:38
https://job.career.co.kr/recruit/view/22073667,,,,,,,정규직,주5일근무,시급,,,부산 금정구,,학력무관,2026-09-08 14:51:39
https://job.career.co.kr/recruit/view/22073662,,,,,,,정규직,주5일근무,연봉,,,부산 기장군,,학력무관,2026-09-08 14:51:39
https://job.career.co.kr/recruit/view/22073661,,,,,,,정규직,주5일근무,시급,,,부산 수영구,,학력무관,2026-09-08 14:51:39
https://job.career.co.kr/recruit/view/22073653,,,,,,,계약직,주5일근무,월급,,,부산 수영구,,학력무관,2026-09-08 14:51:40
https://job.career.co.kr/recruit/view/22073652,,,,,,,계약직,주6일근무,월급,,,부산 수영구,,학력무관,2026-09-08 14:51:40
https://job.career.co.kr/recruit/view/22073650,,,,,,,정규직,주5일근무,월급,,,부산 동래구,,학력무관,2026-09-08 14:51:40
https://job.career.co.kr/recruit/view/22073647,,,,,,,계약직,주6일근무,월급,,,부산 해운대구,,학력무관,2026-09-08 14:51:41
https://job.career.co.kr/recruit/view/22073645,,,,,,,정규직,주6일근무,시급,,,부산 해운대구,,학력무관,2026-09-08 14:51:41
https://job.career.co.kr/recruit/view/22073636,,,,,,,정규직,주5일근무,월급,,,부산 기장군,,학력무관,2026-09-08 14:51:41
https://job.career.co.kr/recruit/view/22073634,,,,,,,정규직,주5일근무,시급,,,부산 수영구,,학력무관,2026-09-08 14:51:42
https://job.career.co.kr/recruit/view/22073632,,,,,,,정규직,주6일근무,시급,,,부산 해운대구,,학력무관,2026-09-08 14:51:42
https://job.career.co.kr/recruit/view/22073629,,,,,,,계약직,주5일근무,연봉,,,부산 사하구,,고등학교 졸업 이상,2026-09-08 14:51:42
https://job.career.co.kr/recruit/view/22073628,,,,,,,정규직,주5일근무,월급,,,부산 사하구,,학력무관,2026-09-08 14:51:43
https://job.career.co.kr/recruit/view/22073627,,,,,,,정규직,주5일근무,월급,,,부산 사하구,,학력무관,2026-09-08 14:51:43
https://job.career.co.kr/recruit/view/22073626,,,,,,,정규직,주5일근무,연봉,,,부산 사하구,,학력무관,2026-09-08 14:51:43
https://job.career.co.kr/recruit/view/22073623,,,,,,,계약직,주5일근무,시급,,,부산 사하구,,학력무관,2026-09-08 14:51:44
https://job.career.co.kr/recruit/view/22073622,,,,,,,정규직,주5일근무,시급,,,부산 사하구,,학력무관,2026-09-08 14:51:44
https://job.career.co.kr/recruit/view/22073618,,,,,,,정규직,주5일근무,시급,,,부산 연제구,,학력무관,2026-09-08 14:51:44
https://job.career.co.kr/recruit/view/22073617,,,,,,,정규직,주5일근무,월급,,,부산 사하구,,학력무관,2026-09-08 14:51:45
https://job.career.co.kr/recruit/view/22073615,,,,,,,정규직,주6일근무,시급,,,부산 남구,,학력무관,2026-09-08 14:51:45
https://job.career.co.kr/recruit/view/22073614,,,,,,,정규직,주5일근무,시급,,,부산 남구,,학력무관,2026-09-08 14:51:45
https://job.career.co.kr/recruit/view/22073611,,,,,,,계약직,주5일근무,시급,,,부산 영도구,,학력무관,2026-09-08 14:51:46
https://job.career.co.kr/recruit/view/22073610,,,,,,,계약직,주5일근무,월급,,,부산 사하구,,학력무관,2026-09-08 14:51:46
https://job.career.co.kr/recruit/view/22073609,,,,,,,정규직,주5일근무,월급,,,부산 부산진구,,고등학교 졸업 이상,2026-09-08 14:51:46
https://job.career.co.kr/recruit/view/22073608,,,,,,,정규직,주5일근무,월급,,,부산 부산진구,,학력무관,2026-09-08 14:51:47
https://job.career.co.kr/recruit/view/22073604,,,,,,,정규직,주5일근무,월급,,,부산 강서구,,학력무관,2026-09-08 14:51:47
https://job.career.co.kr/recruit/view/22073603,,,,,,,계약직,주4일근무,월급,,,부산 동구,,학력무관,2026-09-08 14:51:47
https://job.career.co.kr/recruit/view/22073602,,,,,,,정규직,주6일근무,연봉,,,부산 영도구,,학력무관,2026-09-08 14:51:48
https://job.career.co.kr/recruit/view/22073599,,,,,,,정규직,주5일근무,연봉,,,부산 부산진구,,"대학(2,3년) 졸업 이상",2026-09-08 14:51:48
https://job.career.co.kr/recruit/view/22073595,,,,,,,정규직,주5일근무,시급,,,부산 서구,,학력무관,2026-09-08 14:51:48
https://job.career.co.kr/recruit/view/22073594,,,,,,,정규직,주3일근무,시급,,,부산 동구,,학력무관,2026-09-08 14:51:49
https://job.career.co.kr/recruit/view/22073140,,,,,,,정규직,주3일근무,시급,,,부산 수영구,,학력무관,2026-09-08 14:51:49
https://job.career.co.kr/recruit/view/22073139,,,,,,,정규직,주5일근무,시급,,,부산 수영구,,학력무관,2026-09-08 14:51:49
https://job.career.co.kr/recruit/view/22073138,,,,,,,정규직,주6일근무,시급,,,부산 연제구,,학력무관,2026-09-08 14:51:50
https://job.career.co.kr/recruit/view/22073137,,,,,,,계약직,주6일근무,시급,,,부산 수영구,,학력무관,2026-09-08 14:51:50
https://job.career.co.kr/recruit/view/22073135,,,,,,,계약직,주6일근무,시급,,,부산 사상구,,학력무관,2026-09-08 14:51:50
https://job.career.co.kr/recruit/view/22073134,,,,,,,계약직,주6일근무,월급,,,부산 기장군,,학력무관,2026-09-08 14:51:51
https://job.career.co.kr/recruit/view/22073124,,,,,,,정규직,주3일근무,시급,,,부산 수영구,,학력무관,2026-09-08 14:51:51
https://job.career.co.kr/recruit/view/22073123,,,,,,,정규직,주3일근무,시급,,,부산 금정구,,학력무관,2026-09-08 14:51:51
https://job.career.co.kr/recruit/view/22072851,,,,,,,계약직,주6일근무,시급,,,부산 부산진구,,학력무관,2026-09-08 14:51:52
https://job.career.co.kr/recruit/view/22072846,,,,,,,정규직,주6일근무,시급,,,부산 해운대구,,학력무관,2026-09-08 14:51:52
https://job.career.co.kr/recruit/view/22072845,,,,,,,정규직,주3일근무,시급,,,부산 중구,,학력무관,2026-09-08 14:51:52
https://job.career.co.kr/recruit/view/22072843,,,,,,,정규직,주3일근무,시급,,,부산 금정구,,학력무관,2026-09-08 14:51:53
https://job.career.co.kr/recruit/view/22072841,,,,,,,정규직,주5일근무,시급,,,부산 중구,,학력무관,2026-09-08 14:51:53
https://job.career.co.kr/recruit/view/22072777,,,,,,,정규직,주4일근무,시급,,,부산 기장군,,학력무관,2026-09-08 14:51:53
https://job.career.co.kr/recruit/view/22070973,,,,,,,정규직,주6일근무,시급,,,부산 기장군,,학력무관,2026-09-08 14:51:54
https://job.career.co.kr/recruit/view/22070864,,,,,,,정규직,주5일근무,월급,,,부산 강서구,,학력무관,2026-09-08 14:51:54
https://job.career.co.kr/recruit/view/22070863,,,,,,,정규직,주5일근무,월급,,,부산 강서구,,학력무관,2026-09-08 14:51:54
https://job.career.co.kr/recruit/view/22070862,,,,,,,정규직,주5일근무,연봉,,,부산 강서구,,학력무관,2026-09-08 14:51:55
https://job.career.co.kr/recruit/view/22070861,,,,,,,정규직,주6일근무,월급,,,부산 북구,,학력무관,2026-09-08 14:51:55
https://job.career.co.kr/recruit/view/22070856,,,,,,,정규직,주6일근무,연봉,,,부산 강서구,,학력무관,2026-09-08 14:51:55
https://job.career.co.kr/recruit/view/22070855,,,,,,,정규직,주5일근무,시급,,,부산 강서구,,학력무관,2026-09-08 14:51:56
https://job.career.co.kr/recruit/view/22070854,,,,,,,정규직,주5일근무,월급,,,부산 강서구,,학력무관,2026-09-08 14:51:56
https://job.career.co.kr/recruit/view/22070853,,,,,,,정규직,주5일근무,연봉,,,부산 강서구,,학력무관,2026-09-08 14:51:56
https://job.career.co.kr/recruit/view/22070852,,,,,,,정규직,주5일근무,월급,,,부산 강서구,,고등학교 졸업 이상,2026-09-08 14:51:57
https://job.career.co.kr/recruit/view/22070848,,,,,,,정규직,주5일근무,연봉,,,부산 사상구,,학력무관,2026-09-08 14:51:57
https://job.career.co.kr/recruit/view/22070846,,,,,,,정규직,주5일근무,연봉,,,부산 강서구,,학력무관,2026-09-08 14:51:57
https://job.career.co.kr/recruit/view/22070840,,,,,,,정규직,주5일근무,월급,,,부산 사상구,,학력무관,2026-09-08 14:51:58
https://job.career.co.kr/recruit/view/22070835,,,,,,,정규직,주5일근무,시급,,,부산 강서구,,학력무관,2026-09-08 14:51:58
https://job.career.co.kr/recruit/view/22070834,,,,,,,정규직,주6일근무,월급,,,부산 강서구,,학력무관,2026-09-08 14:51:58
https://job.career.co.kr/recruit/view/22070832,,,,,,,정규직,주5일근무,연봉,,,부산 해운대구,,학력무관,2026-09-08 14:51:59
https://job.career.co.kr/recruit/view/22070827,,,,,,,정규직,주5일근무,연봉,,,부산 동래구,,학력무관,2026-09-08 14:51:59
https://job.career.co.kr/recruit/view/22070823,,,,,,,정규직,주5일근무,시급,,,부산 해운대구,,학력무관,2026-09-08 14:51:59
https://job.career.co.kr/recruit/view/22070822,,,,,,,정규직,주5일근무,월급,,,부산 기장군,,학력무관,2026-09-08 14:52:00
https://job.career.co.kr/recruit/view/22070820,,,,,,,계약직,주5일근무,연봉,,,부산 해운대구,,학력무관,2026-09-08 14:52:00
https://job.career.co.kr/recruit/view/22070819,,,,,,,정규직,주5일근무,시급,,,부산 부산진구,,학력무관,2026-09-08 14:52:00
https://job.career.co.kr/recruit/view/22070818,,,,,,,정규직,주5일근무,월급,,,부산 금정구,,학력무관,2026-09-08 14:52:01
https://job.career.co.kr/recruit/view/22070810,,,,,,,정규직,주5일근무,시급,,,부산 기장군,,학력무관,2026-09-08 14:52:01
https://job.career.co.kr/recruit/view/22070804,,,,,,,정규직,주5일근무,시급,,,부산 금정구,,학력무관,2026-09-08 14:52:01
https://job.career.co.kr/recruit/view/22070803,,,,,,,정규직,주5일근무,월급,,,부산 동래구,,학력무관,2026-09-08 14:52:02
https://job.career.co.kr/recruit/view/22070801,,,,,,,정규직,주5일근무,시급,,,부산 해운대구,,학력무관,2026-09-08 14:52:02
https://job.career.co.kr/recruit/view/22070799,,,,,,,정규직,주5일근무,월급,,,부산 기장군,,학력무관,2026-09-08 14:52:02
https://job.career.co.kr/recruit/view/22070797,,,,,,,정규직,주5일근무,시급,,,부산 금정구,,학력무관,2026-09-08 14:52:03
https://job.career.co.kr/recruit/view/22070796,,,,,,,정규직,주3일근무,시급,,,부산 해운대구,,학력무관,2026-09-08 14:52:03
https://job.career.co.kr/recruit/view/22070794,,,,,,,계약직,주5일근무,월급,,,부산 사하구,,학력무관,2026-09-08 14:52:03
https://job.career.co.kr/recruit/view/22070785,,,,,,,정규직,주5일근무,월급,,,부산 사하구,,학력무관,2026-09-08 14:52:04
https://job.career.co.kr/recruit/view/22070784,,,,,,,정규직,주6일근무,월급,,,부산 사하구,,학력무관,2026-09-08 14:52:04
https://job.career.co.kr/recruit/view/22070779,,,,,,,정규직,주5일근무,시급,,,부산 수영구,,학력무관,2026-09-08 14:52:05
https://job.career.co.kr/recruit/view/22070776,,,,,,,정규직,주5일근무,시급,,,부산 영도구,,학력무관,2026-09-08 14:52:05
https://job.career.co.kr/recruit/view/22070775,,,,,,,정규직,주4일근무,시급,,,부산 동구,,학력무관,2026-09-08 14:52:05
https://job.career.co.kr/recruit/view/22070768,,,,,,,계약직,주5일근무,연봉,,,부산 중구,,학력무관,2026-09-08 14:52:05
https://job.career.co.kr/recruit/view/22070767,,,,,,,정규직,주6일근무,연봉,,,부산 동구,,학력무관,2026-09-08 14:52:06
https://job.career.co.kr/recruit/view/22070765,,,,,,,정규직,주5일근무,월급,,,부산 남구,,대학교(4년) 졸업 이상,2026-09-08 14:52:06
https://job.career.co.kr/recruit/view/22070764,,,,,,,정규직,주6일근무,월급,,,부산 부산진구,,학력무관,2026-09-08 14:52:06
https://job.career.co.kr/recruit/view/22070763,,,,,,,정규직,주6일근무,연봉,,,부산 연제구,,학력무관,2026-09-08 14:52:07
https://job.career.co.kr/recruit/view/22070757,,,,,,,정규직,주5일근무,연봉,,,부산 부산진구,,학력무관,2026-09-08 14:52:07
https://job.career.co.kr/recruit/view/22070756,,,,,,,정규직,주5일근무,연봉,,,부산 남구,,학력무관,2026-09-08 14:52:07
https://job.career.co.kr/recruit/view/22070753,,,,,,,정규직,주5일근무,시급,,,부산 동래구,,학력무관,2026-09-08 14:52:08
https://job.career.co.kr/recruit/view/22070752,,,,,,,정규직,주6일근무,월급,,,부산 영도구,,학력무관,2026-09-08 14:52:08
https://job.career.co.kr/recruit/view/22070749,,,,,,,계약직,주5일근무,시급,,,부산 남구,,학력무관,2026-09-08 14:52:08
https://job.career.co.kr/recruit/view/22070745,,,,,,,계약직,주5일근무,월급,,,부산 연제구,,학력무관,2026-09-08 14:52:09
https://job.career.co.kr/recruit/view/22070662,,,,,,,계약직,주5일근무,월급,,,부산 부산진구,,학력무관,2026-09-08 14:52:09
https://job.career.co.kr/recruit/view/22070520,,,,,,,계약직,주5일근무,월급,,,부산 부산진구,,학력무관,2026-09-08 14:52:09
https://job.career.co.kr/recruit/view/22070482,,,,,,,계약직,주4일근무,월급,,,부산 강서구,,고등학교 졸업 이상,2026-09-08 14:52:10
https://job.career.co.kr/recruit/view/22070251,,,,,,,정규직,주5일근무,시급,,,부산 수영구,,학력무관,2026-09-08 14:52:10
https://job.career.co.kr/recruit/view/22070248,,,,,,,계약직,주6일근무,시급,,,부산 해운대구,,학력무관,2026-09-08 14:52:10
https://job.career.co.kr/recruit/view/22070246,,,,,,,정규직,주5일근무,연봉,,,부산 사상구,,학력무관,2026-09-08 14:52:11
https://job.career.co.kr/recruit/view/22070245,,,,,,,계약직,주5일근무,시급,,,부산 사상구,,학력무관,2026-09-08 14:52:11
https://job.career.co.kr/recruit/view/22070244,,,,,,,정규직,주6일근무,시급,,,부산 부산진구,,학력무관,2026-09-08 14:52:11
https://job.career.co.kr/recruit/view/22070243,,,,,,,정규직,주5일근무,시급,,,부산 중구,,학력무관,2026-09-08 14:52:12
https://job.career.co.kr/recruit/view/22070240,,,,,,,계약직,주5일근무,월급,,,부산 부산진구,,학력무관,2026-09-08 14:52:12
https://job.career.co.kr/recruit/view/22070239,,,,,,,정규직,주6일근무,시급,,,부산 금정구,,학력무관,2026-09-08 14:52:12
https://job.career.co.kr/recruit/view/22070237,,,,,,,정규직,학력,시급,,,부산 해운대구,,학력무관,2026-09-08 14:52:13
https://job.career.co.kr/recruit/view/22070236,,,,,,,계약직,주5일근무,일급,,,부산 동구,,학력무관,2026-09-08 14:52:13
https://job.career.co.kr/recruit/view/22070233,,,,,,,계약직,주5일근무,월급,,,부산 강서구,,학력무관,2026-09-08 14:52:13
https://job.career.co.kr/recruit/view/22070228,,,,,,,계약직,주4일근무,시급,,,부산 기장군,,학력무관,2026-09-08 14:52:14
https://job.career.co.kr/recruit/view/22069961,,,,,,,정규직,주5일근무,월급,,,부산 동구,,학력무관,2026-09-08 14:52:14
https://job.career.co.kr/recruit/view/22069909,,,,,,,정규직,주5일근무,시급,,,부산 부산진구,,학력무관,2026-09-08 14:52:14
https://job.career.co.kr/recruit/view/22069908,,,,,,,정규직,주5일근무,시급,,,부산 강서구,,학력무관,2026-09-08 14:52:15
https://job.career.co.kr/recruit/view/22069907,,,,,,,정규직,주5일근무,시급,,,부산 영도구,,학력무관,2026-09-08 14:52:15
https://job.career.co.kr/recruit/view/22069831,,,,,,,정규직,주5일근무,시급,,,부산 서구,,학력무관,2026-09-08 14:52:15
https://job.career.co.kr/recruit/view/22069829,,,,,,,정규직,주5일근무,시급,,,부산 사하구,,학력무관,2026-09-08 14:52:16
https://job.career.co.kr/recruit/view/22068680,,,,,,,계약직,주5일근무,월급,,,부산 동구,,학력무관,2026-09-08 14:52:16
https://job.career.co.kr/recruit/view/22067778,,,,,,,정규직,주5일근무,시급,,,부산 북구,,학력무관,2026-09-08 14:52:16
https://job.career.co.kr/recruit/view/22067709,,,,,,,정규직,주5일근무,연봉,,,부산 남구,,학력무관,2026-09-08 14:52:17
https://job.career.co.kr/recruit/view/22067608,,,,,,,정규직,주6일근무,시급,,,부산 남구,,학력무관,2026-09-08 14:52:17
https://job.career.co.kr/recruit/view/22067606,,,,,,,정규직,주6일근무,월급,,,부산 강서구,,학력무관,2026-09-08 14:52:17
https://job.career.co.kr/recruit/view/22067605,,,,,,,계약직,주5일근무,시급,,,부산 강서구,,학력무관,2026-09-08 14:52:18
https://job.career.co.kr/recruit/view/22067604,,,,,,,계약직,주5일근무,연봉,,,부산 강서구,,학력무관,2026-09-08 14:52:18
https://job.career.co.kr/recruit/view/22067603,,,,,,,정규직,주5일근무,월급,,,부산 강서구,,학력무관,2026-09-08 14:52:18
https://job.career.co.kr/recruit/view/22067601,,,,,,,정규직,주5일근무,시급,,,부산 사상구,,고등학교 졸업 이상,2026-09-08 14:52:19
https://job.career.co.kr/recruit/view/22067599,,,,,,,정규직,주5일근무,연봉,,,부산 강서구,,고등학교 졸업 이상,2026-09-08 14:52:19
https://job.career.co.kr/recruit/view/22067598,,,,,,,정규직,주5일근무,시급,,,부산 강서구,,고등학교 졸업 이상,2026-09-08 14:52:19
https://job.career.co.kr/recruit/view/22067596,,,,,,,정규직,주5일근무,연봉,,,부산 강서구,,학력무관,2026-09-08 14:52:20
https://job.career.co.kr/recruit/view/22067595,,,,,,,계약직,주5일근무,연봉,,,부산 기장군,,학력무관,2026-09-08 14:52:20
https://job.career.co.kr/recruit/view/22067594,,,,,,,계약직,주6일근무,월급,,,부산 해운대구,,학력무관,2026-09-08 14:52:20
https://job.career.co.kr/recruit/view/22067591,,,,,,,계약직,주5일근무,연봉,,,부산 사상구,,학력무관,2026-09-08 14:52:21
https://job.career.co.kr/recruit/view/22067588,,,,,,,계약직,주5일근무,월급,,,부산 사상구,,학력무관,2026-09-08 14:52:21
https://job.career.co.kr/recruit/view/22067587,,,,,,,정규직,주6일근무,월급,,,부산 북구,,학력무관,2026-09-08 14:52:21
https://job.career.co.kr/recruit/view/22067585,,,,,,,정규직,주5일근무,월급,,,부산 강서구,,학력무관,2026-09-08 14:52:22
https://job.career.co.kr/recruit/view/22067580,,,,,,,정규직,주5일근무,월급,,,부산 사상구,,학력무관,2026-09-08 14:52:22
https://job.career.co.kr/recruit/view/22067577,,,,,,,정규직,주5일근무,월급,,,부산 강서구,,학력무관,2026-09-08 14:52:22
https://job.career.co.kr/recruit/view/22067576,,,,,,,정규직,주6일근무,시급,,,부산 사상구,,학력무관,2026-09-08 14:52:23
https://job.career.co.kr/recruit/view/22067575,,,,,,,정규직,주6일근무,연봉,,,부산 사상구,,학력무관,2026-09-08 14:52:23
https://job.career.co.kr/recruit/view/22067573,,,,,,,계약직,주6일근무,월급,,,부산 강서구,,학력무관,2026-09-08 14:52:23
https://job.career.co.kr/recruit/view/22067570,,,,,,,계약직,주6일근무,월급,,,부산 강서구,,학력무관,2026-09-08 14:52:24
https://job.career.co.kr/recruit/view/22067567,,,,,,,정규직,주5일근무,월급,,,부산 강서구,,학력무관,2026-09-08 14:52:24
https://job.career.co.kr/recruit/view/22067559,,,,,,,정규직,주5일근무,연봉,,,부산 강서구,,학력무관,2026-09-08 14:52:24
https://job.career.co.kr/recruit/view/22067557,,,,,,,정규직,주6일근무,시급,,,부산 강서구,,학력무관,2026-09-08 14:52:25
https://job.career.co.kr/recruit/view/22067547,,,,,,,정규직,주6일근무,시급,,,부산 북구,,학력무관,2026-09-08 14:52:25
https://job.career.co.kr/recruit/view/22067544,,,,,,,정규직,주5일근무,시급,,,부산 부산진구,,학력무관,2026-09-08 14:52:25
https://job.career.co.kr/recruit/view/22067540,,,,,,,정규직,주5일근무,시급,,,부산 해운대구,,학력무관,2026-09-08 14:52:26
https://job.career.co.kr/recruit/view/22067539,,,,,,,정규직,주5일근무,시급,,,부산 기장군,,학력무관,2026-09-08 14:52:26
https://job.career.co.kr/recruit/view/22067532,,,,,,,정규직,주5일근무,시급,,,부산 기장군,,학력무관,2026-09-08 14:52:26
https://job.career.co.kr/recruit/view/22067529,,,,,,,정규직,주5일근무,연봉,,,부산 수영구,,학력무관,2026-09-08 14:52:27
https://job.career.co.kr/recruit/view/22067525,,,,,,,정규직,주5일근무,월급,,,부산 금정구,,학력무관,2026-09-08 14:52:27
https://job.career.co.kr/recruit/view/22067524,,,,,,,정규직,주3일근무,월급,,,부산 동래구,,학력무관,2026-09-08 14:52:27
https://job.career.co.kr/recruit/view/22067522,,,,,,,정규직,주5일근무,연봉,,,부산 해운대구,,학력무관,2026-09-08 14:52:28
https://job.career.co.kr/recruit/view/22067520,,,,,,,정규직,주6일근무,월급,,,부산 기장군,,학력무관,2026-09-08 14:52:28
https://job.career.co.kr/recruit/view/22067516,,,,,,,정규직,주5일근무,시급,,,부산 해운대구,,학력무관,2026-09-08 14:52:28
https://job.career.co.kr/recruit/view/22067509,,,,,,,계약직,주4일근무,월급,,,부산 해운대구,,학력무관,2026-09-08 14:52:29
https://job.career.co.kr/recruit/view/22067508,,,,,,,정규직,주3일근무,시급,,,부산 부산진구,,학력무관,2026-09-08 14:52:29
https://job.career.co.kr/recruit/view/22067507,,,,,,,정규직,주6일근무,월급,,,부산 해운대구,,학력무관,2026-09-08 14:52:29
https://job.career.co.kr/recruit/view/22067506,,,,,,,정규직,주5일근무,시급,,,부산 해운대구,,학력무관,2026-09-08 14:52:30
https://job.career.co.kr/recruit/view/22067505,,,,,,,정규직,주5일근무,시급,,,부산 해운대구,,대학교(4년) 졸업 이상,2026-09-08 14:52:30
https://job.career.co.kr/recruit/view/22067499,,,,,,,정규직,주5일근무,연봉,,,부산 동래구,,대학교(4년) 졸업 이상,2026-09-08 14:52:31
https://job.career.co.kr/recruit/view/22067498,,,,,,,정규직,주5일근무,월급,,,부산 동래구,,대학교(4년) 졸업 이상,2026-09-08 14:52:31
https://job.career.co.kr/recruit/view/22067491,,,,,,,정규직,주5일근무,시급,,,부산 남구,,학력무관,2026-09-08 14:52:31
https://job.career.co.kr/recruit/view/22067500,,,,,,,정규직,주4일근무,월급,,,부산 수영구,,학력무관,2026-09-08 14:52:31
https://job.career.co.kr/recruit/view/22067484,,,,,,,정규직,주5일근무,시급,,,부산 사하구,,학력무관,2026-09-08 14:52:32
https://job.career.co.kr/recruit/view/22067482,,,,,,,계약직,주5일근무,월급,,,부산 사하구,,학력무관,2026-09-08 14:52:32
https://job.career.co.kr/recruit/view/22067481,,,,,,,정규직,주5일근무,월급,,,부산 사하구,,학력무관,2026-09-08 14:52:32
https://job.career.co.kr/recruit/view/22067476,,,,,,,정규직,주5일근무,연봉,,,부산 사하구,,학력무관,2026-09-08 14:52:33
https://job.career.co.kr/recruit/view/22067475,,,,,,,정규직,주5일근무,연봉,,,부산 사하구,,학력무관,2026-09-08 14:52:33
https://job.career.co.kr/recruit/view/22067474,,,,,,,정규직,주5일근무,월급,,,부산 사하구,,학력무관,2026-09-08 14:52:33
https://job.career.co.kr/recruit/view/22067473,,,,,,,계약직,주5일근무,월급,,,부산 부산진구,,학력무관,2026-09-08 14:52:34
https://job.career.co.kr/recruit/view/22067472,,,,,,,계약직,주5일근무,월급,,,부산 서구,,학력무관,2026-09-08 14:52:34
https://job.career.co.kr/recruit/view/22067469,,,,,,,정규직,주5일근무,월급,,,부산 남구,,학력무관,2026-09-08 14:52:34
https://job.career.co.kr/recruit/view/22067467,,,,,,,정규직,주5일근무,연봉,,,부산 서구,,학력무관,2026-09-08 14:52:35
https://job.career.co.kr/recruit/view/22067466,,,,,,,정규직,주5일근무,월급,,,부산 동구,,대학교(4년) 졸업 이상,2026-09-08 14:52:35
https://job.career.co.kr/recruit/view/22067464,,,,,,,정규직,주3일근무,시급,,,부산 연제구,,학력무관,2026-09-08 14:52:35
https://job.career.co.kr/recruit/view/22067458,,,,,,,정규직,주5일근무,월급,,,부산 남구,,고등학교 졸업 이상,2026-09-08 14:52:36
https://job.career.co.kr/recruit/view/22067457,,,,,,,정규직,주5일근무,월급,,,부산 동구,,학력무관,2026-09-08 14:52:36
https://job.career.co.kr/recruit/view/22067456,,,,,,,정규직,주5일근무,시급,,,부산 서구,,학력무관,2026-09-08 14:52:36
https://job.career.co.kr/recruit/view/22067455,,,,,,,정규직,주5일근무,월급,,,부산 서구,,학력무관,2026-09-08 14:52:37
https://job.career.co.kr/recruit/view/22067454,,,,,,,정규직,주6일근무,월급,,,부산 서구,,학력무관,2026-09-08 14:52:37
https://job.career.co.kr/recruit/view/22067453,,,,,,,정규직,주5일근무,연봉,,,부산 동구,,학력무관,2026-09-08 14:52:37
https://job.career.co.kr/recruit/view/22067451,,,,,,,정규직,주6일근무,시급,,,부산 부산진구,,학력무관,2026-09-08 14:52:38
https://job.career.co.kr/recruit/view/22067449,,,,,,,정규직,주5일근무,시급,,,부산 남구,,학력무관,2026-09-08 14:52:38
https://job.career.co.kr/recruit/view/22067448,,,,,,,정규직,주5일근무,연봉,,,부산 동구,,학력무관,2026-09-08 14:52:38
https://job.career.co.kr/recruit/view/22067445,,,,,,,정규직,주5일근무,시급,,,부산 서구,,학력무관,2026-09-08 14:52:39
https://job.career.co.kr/recruit/view/22067444,,,,,,,정규직,주6일근무,시급,,,부산 남구,,학력무관,2026-09-08 14:52:39
https://job.career.co.kr/recruit/view/22067442,,,,,,,정규직,주5일근무,월급,,,부산 부산진구,,학력무관,2026-09-08 14:52:39
https://job.career.co.kr/recruit/view/22067439,,,,,,,정규직,주5일근무,월급,,,부산 영도구,,학력무관,2026-09-08 14:52:40
https://job.career.co.kr/recruit/view/22067438,,,,,,,정규직,주5일근무,월급,,,부산 영도구,,학력무관,2026-09-08 14:52:40
https://job.career.co.kr/recruit/view/22067437,,,,,,,정규직,주5일근무,월급,,,부산 남구,,학력무관,2026-09-08 14:52:40
https://job.career.co.kr/recruit/view/22067435,,,,,,,정규직,주5일근무,연봉,,,부산 영도구,,학력무관,2026-09-08 14:52:41
https://job.career.co.kr/recruit/view/22067433,,,,,,,정규직,주5일근무,연봉,,,부산 영도구,,학력무관,2026-09-08 14:52:41
https://job.career.co.kr/recruit/view/22067430,,,,,,,계약직,주6일근무,월급,,,부산 동구,,고등학교 졸업 이상,2026-09-08 14:52:41
https://job.career.co.kr/recruit/view/22067429,,,,,,,정규직,주5일근무,시급,,,부산 서구,,학력무관,2026-09-08 14:52:42
https://job.career.co.kr/recruit/view/22067427,,,,,,,계약직,주5일근무,월급,,,부산 연제구,,학력무관,2026-09-08 14:52:42
https://job.career.co.kr/recruit/view/22067421,,,,,,,정규직,주6일근무,시급,,,부산 영도구,,학력무관,2026-09-08 14:52:42
https://job.career.co.kr/recruit/view/22067418,,,,,,,정규직,주5일근무,월급,,,부산 영도구,,고등학교 졸업 이상,2026-09-08 14:52:43
https://job.career.co.kr/recruit/view/22067415,,,,,,,계약직,주6일근무,월급,,,부산 해운대구,,학력무관,2026-09-08 14:52:43
https://job.career.co.kr/recruit/view/22067220,,,,,,,계약직,주5일근무,월급,,,부산 강서구,,학력무관,2026-09-08 14:52:43
https://job.career.co.kr/recruit/view/22066848,,,,,,,계약직,주5일근무,시급,,,부산 연제구,,학력무관,2026-09-08 14:52:44
https://job.career.co.kr/recruit/view/22066846,,,,,,,계약직,주6일근무,월급,,,부산 수영구,,학력무관,2026-09-08 14:52:44
https://job.career.co.kr/recruit/view/22066843,,,,,,,계약직,주5일근무,월급,,,부산 사하구,,학력무관,2026-09-08 14:52:44
https://job.career.co.kr/recruit/view/22066842,,,,,,,정규직,주5일근무,연봉,,,부산 사하구,,학력무관,2026-09-08 14:52:45
https://job.career.co.kr/recruit/view/22066840,,,,,,,계약직,주5일근무,월급,,,부산 금정구,,학력무관,2026-09-08 14:52:45
https://job.career.co.kr/recruit/view/22066839,,,,,,,계약직,주5일근무,월급,,,부산 해운대구,,학력무관,2026-09-08 14:52:45
https://job.career.co.kr/recruit/view/22066838,,,,,,,계약직,주5일근무,시급,,,부산 사상구,,학력무관,2026-09-08 14:52:46
https://job.career.co.kr/recruit/view/22066837,,,,,,,정규직,주3일근무,시급,,,부산 북구,,학력무관,2026-09-08 14:52:46
https://job.career.co.kr/recruit/view/22066836,,,,,,,정규직,주5일근무,연봉,,,부산 사상구,,고등학교 졸업 이상,2026-09-08 14:52:46
https://job.career.co.kr/recruit/view/22066832,,,,,,,계약직,주4일근무,시급,,,부산 강서구,,학력무관,2026-09-08 14:52:47
https://job.career.co.kr/recruit/view/22066831,,,,,,,계약직,주6일근무,월급,,,부산 부산진구,,학력무관,2026-09-08 14:52:47
https://job.career.co.kr/recruit/view/22066830,,,,,,,계약직,주5일근무,월급,,,부산 부산진구,,학력무관,2026-09-08 14:52:47
https://job.career.co.kr/recruit/view/22066824,,,,,,,정규직,주6일근무,시급,,,부산 기장군,,학력무관,2026-09-08 14:52:48
https://job.career.co.kr/recruit/view/22066823,,,,,,,정규직,주5일근무,시급,,,부산 기장군,,학력무관,2026-09-08 14:52:48
https://job.career.co.kr/recruit/view/22066828,,,,,,,정규직,주3일근무,시급,,,부산 부산진구,,학력무관,2026-09-08 14:52:49
https://job.career.co.kr/recruit/view/22066821,,,,,,,계약직,주4일근무,월급,,,부산 북구,,학력무관,2026-09-08 14:52:49
https://job.career.co.kr/recruit/view/22066479,,,,,,,계약직,주5일근무,월급,,,부산 중구,,학력무관,2026-09-08 14:52:49
https://job.career.co.kr/recruit/view/22066394,,,,,,,계약직,주5일근무,월급,,,부산 부산진구,,학력무관,2026-09-08 14:52:49
https://job.career.co.kr/recruit/view/22066393,,,,,,,정규직,주5일근무,시급,,,부산 동구,,학력무관,2026-09-08 14:52:50
https://job.career.co.kr/recruit/view/22066391,,,,,,,계약직,주6일근무,월급,,,부산 연제구,,학력무관,2026-09-08 14:52:50
https://job.career.co.kr/recruit/view/22064856,,,,,,,계약직,주5일근무,월급,,,부산 동구,,학력무관,2026-09-08 14:52:50
https://job.career.co.kr/recruit/view/22063525,,,,,,,정규직,주5일근무,연봉,,,부산 사상구,,학력무관,2026-09-08 14:52:51
https://job.career.co.kr/recruit/view/22063521,,,,,,,정규직,주5일근무,연봉,,,부산 사상구,,고등학교 졸업 이상,2026-09-08 14:52:51
https://job.career.co.kr/recruit/view/22063520,,,,,,,정규직,주5일근무,시급,,,부산 강서구,,학력무관,2026-09-08 14:52:51
https://job.career.co.kr/recruit/view/22063518,,,,,,,정규직,주6일근무,월급,,,부산 강서구,,학력무관,2026-09-08 14:52:52
https://job.career.co.kr/recruit/view/22063517,,,,,,,정규직,주6일근무,연봉,,,부산 사상구,,대학교(4년) 졸업 이상,2026-09-08 14:52:52
https://job.career.co.kr/recruit/view/22063515,,,,,,,정규직,주6일근무,연봉,,,부산 사상구,,학력무관,2026-09-08 14:52:52
https://job.career.co.kr/recruit/view/22063514,,,,,,,정규직,주5일근무,시급,,,부산 사상구,,학력무관,2026-09-08 14:52:53
https://job.career.co.kr/recruit/view/22063513,,,,,,,정규직,주5일근무,시급,,,부산 강서구,,학력무관,2026-09-08 14:52:53
https://job.career.co.kr/recruit/view/22063511,,,,,,,정규직,주5일근무,시급,,,부산 강서구,,학력무관,2026-09-08 14:52:53
https://job.career.co.kr/recruit/view/22063508,,,,,,,정규직,주5일근무,시급,,,부산 북구,,학력무관,2026-09-08 14:52:54
https://job.career.co.kr/recruit/view/22063504,,,,,,,정규직,주5일근무,연봉,,,부산 강서구,,학력무관,2026-09-08 14:52:54
https://job.career.co.kr/recruit/view/22063502,,,,,,,정규직,주5일근무,월급,,,부산 강서구,,학력무관,2026-09-08 14:52:54
https://job.career.co.kr/recruit/view/22063499,,,,,,,정규직,주5일근무,시급,,,부산 강서구,,학력무관,2026-09-08 14:52:55
https://job.career.co.kr/recruit/view/22063497,,,,,,,정규직,주6일근무,월급,,,부산 사상구,,학력무관,2026-09-08 14:52:55
https://job.career.co.kr/recruit/view/22063492,,,,,,,정규직,학력,시급,,,부산 금정구,,학력무관,2026-09-08 14:52:55
https://job.career.co.kr/recruit/view/22063491,,,,,,,계약직,주5일근무,연봉,,,부산 강서구,,학력무관,2026-09-08 14:52:56
https://job.career.co.kr/recruit/view/22063490,,,,,,,정규직,주5일근무,월급,,,부산 강서구,,고등학교 졸업 이상,2026-09-08 14:52:56
https://job.career.co.kr/recruit/view/22063489,,,,,,,정규직,주5일근무,시급,,,부산 사상구,,학력무관,2026-09-08 14:52:56
https://job.career.co.kr/recruit/view/22063488,,,,,,,정규직,주5일근무,월급,,,부산 강서구,,학력무관,2026-09-08 14:52:57
https://job.career.co.kr/recruit/view/22063476,,,,,,,계약직,주5일근무,시급,,,부산 강서구,,학력무관,2026-09-08 14:52:57
https://job.career.co.kr/recruit/view/22063473,,,,,,,정규직,주5일근무,월급,,,부산 북구,,학력무관,2026-09-08 14:52:57
https://job.career.co.kr/recruit/view/22063466,,,,,,,정규직,주5일근무,연봉,,,부산 강서구,,학력무관,2026-09-08 14:52:58
https://job.career.co.kr/recruit/view/22063465,,,,,,,정규직,주5일근무,월급,,,부산 강서구,,학력무관,2026-09-08 14:52:58
https://job.career.co.kr/recruit/view/22063463,,,,,,,정규직,주5일근무,연봉,,,부산 강서구,,학력무관,2026-09-08 14:52:58
https://job.career.co.kr/recruit/view/22063462,,,,,,,정규직,주5일근무,월급,,,부산 사상구,,학력무관,2026-09-08 14:52:59
https://job.career.co.kr/recruit/view/22063461,,,,,,,정규직,주5일근무,월급,,,부산 강서구,,학력무관,2026-09-08 14:52:59
https://job.career.co.kr/recruit/view/22063455,,,,,,,정규직,주5일근무,월급,,,부산 사상구,,학력무관,2026-09-08 14:52:59
https://job.career.co.kr/recruit/view/22063449,,,,,,,정규직,주5일근무,월급,,,부산 강서구,,학력무관,2026-09-08 14:53:00
https://job.career.co.kr/recruit/view/22063448,,,,,,,정규직,주5일근무,월급,,,부산 강서구,,학력무관,2026-09-08 14:53:00
https://job.career.co.kr/recruit/view/22063446,,,,,,,정규직,주5일근무,월급,,,부산 강서구,,학력무관,2026-09-08 14:53:00
https://job.career.co.kr/recruit/view/22063445,,,,,,,정규직,주5일근무,월급,,,부산 강서구,,학력무관,2026-09-08 14:53:01
https://job.career.co.kr/recruit/view/22063435,,,,,,,정규직,주3일근무,시급,,,부산 해운대구,,학력무관,2026-09-08 14:53:01
https://job.career.co.kr/recruit/view/22063434,,,,,,,정규직,학력,시급,,,부산 북구,,학력무관,2026-09-08 14:53:01
https://job.career.co.kr/recruit/view/22063427,,,,,,,정규직,주5일근무,연봉,,,부산 금정구,,학력무관,2026-09-08 14:53:02
https://job.career.co.kr/recruit/view/22063424,,,,,,,정규직,주6일근무,시급,,,부산 해운대구,,학력무관,2026-09-08 14:53:02
https://job.career.co.kr/recruit/view/22063423,,,,,,,계약직,주5일근무,연봉,,,부산 수영구,,"대학(2,3년) 졸업 이상",2026-09-08 14:53:02
https://job.career.co.kr/recruit/view/22063403,,,,,,,정규직,주5일근무,시급,,,부산 해운대구,,학력무관,2026-09-08 14:53:03
https://job.career.co.kr/recruit/view/22063402,,,,,,,정규직,주6일근무,시급,,,부산 북구,,학력무관,2026-09-08 14:53:03
https://job.career.co.kr/recruit/view/22063401,,,,,,,정규직,주5일근무,시급,,,부산 기장군,,학력무관,2026-09-08 14:53:03
https://job.career.co.kr/recruit/view/22063400,,,,,,,정규직,주5일근무,월급,,,부산 기장군,,학력무관,2026-09-08 14:53:04
https://job.career.co.kr/recruit/view/22063395,,,,,,,정규직,주6일근무,시급,,,부산 해운대구,,학력무관,2026-09-08 14:53:04
https://job.career.co.kr/recruit/view/22063393,,,,,,,계약직,주5일근무,일급,,,부산 강서구,,학력무관,2026-09-08 14:53:04
https://job.career.co.kr/recruit/view/22063392,,,,,,,정규직,주5일근무,월급,,,부산 수영구,,학력무관,2026-09-08 14:53:05
https://job.career.co.kr/recruit/view/22063391,,,,,,,정규직,주5일근무,연봉,,,부산 기장군,,학력무관,2026-09-08 14:53:05
https://job.career.co.kr/recruit/view/22063383,,,,,,,정규직,주5일근무,시급,,,부산 해운대구,,학력무관,2026-09-08 14:53:05
https://job.career.co.kr/recruit/view/22063377,,,,,,,정규직,주5일근무,월급,,,부산 강서구,,학력무관,2026-09-08 14:53:06
https://job.career.co.kr/recruit/view/22063370,,,,,,,정규직,학력,시급,,,부산 동래구,,학력무관,2026-09-08 14:53:06
https://job.career.co.kr/recruit/view/22063368,,,,,,,정규직,주5일근무,시급,,,부산 남구,,학력무관,2026-09-08 14:53:06
https://job.career.co.kr/recruit/view/22063367,,,,,,,정규직,주5일근무,연봉,,,부산 금정구,,학력무관,2026-09-08 14:53:07
https://job.career.co.kr/recruit/view/22063363,,,,,,,정규직,주5일근무,월급,,,부산 수영구,,학력무관,2026-09-08 14:53:07
https://job.career.co.kr/recruit/view/22063362,,,,,,,정규직,주5일근무,월급,,,부산 수영구,,학력무관,2026-09-08 14:53:07
https://job.career.co.kr/recruit/view/22063360,,,,,,,계약직,주5일근무,월급,,,부산 사하구,,학력무관,2026-09-08 14:53:08
https://job.career.co.kr/recruit/view/22063354,,,,,,,정규직,주6일근무,월급,,,부산 사하구,,학력무관,2026-09-08 14:53:08
https://job.career.co.kr/recruit/view/22063353,,,,,,,정규직,주5일근무,시급,,,부산 서구,,학력무관,2026-09-08 14:53:08
https://job.career.co.kr/recruit/view/22063352,,,,,,,계약직,주5일근무,연봉,,,부산 사하구,,학력무관,2026-09-08 14:53:09
https://job.career.co.kr/recruit/view/22063351,,,,,,,정규직,주5일근무,연봉,,,부산 사하구,,학력무관,2026-09-08 14:53:09
https://job.career.co.kr/recruit/view/22063347,,,,,,,계약직,주5일근무,시급,,,부산 사하구,,학력무관,2026-09-08 14:53:09
https://job.career.co.kr/recruit/view/22063340,,,,,,,정규직,주5일근무,연봉,,,부산 중구,,학력무관,2026-09-08 14:53:10
https://job.career.co.kr/recruit/view/22063338,,,,,,,정규직,주5일근무,월급,,,부산 중구,,학력무관,2026-09-08 14:53:10
https://job.career.co.kr/recruit/view/22063330,,,,,,,정규직,주6일근무,월급,,,부산 남구,,학력무관,2026-09-08 14:53:10
https://job.career.co.kr/recruit/view/22063329,,,,,,,정규직,주4일근무,연봉,,,부산 남구,,대학교(4년) 졸업 이상,2026-09-08 14:53:11
https://job.career.co.kr/recruit/view/22063328,,,,,,,정규직,주4일근무,시급,,,부산 부산진구,,학력무관,2026-09-08 14:53:11
https://job.career.co.kr/recruit/view/22063327,,,,,,,정규직,주5일근무,월급,,,부산 영도구,,학력무관,2026-09-08 14:53:11
https://job.career.co.kr/recruit/view/22063319,,,,,,,정규직,주5일근무,시급,,,부산 영도구,,학력무관,2026-09-08 14:53:12
https://job.career.co.kr/recruit/view/22063318,,,,,,,계약직,주6일근무,월급,,,부산 영도구,,학력무관,2026-09-08 14:53:12
https://job.career.co.kr/recruit/view/22063317,,,,,,,정규직,주6일근무,시급,,,부산 남구,,학력무관,2026-09-08 14:53:12
https://job.career.co.kr/recruit/view/22063316,,,,,,,정규직,주5일근무,월급,,,부산 남구,,학력무관,2026-09-08 14:53:13
https://job.career.co.kr/recruit/view/22063315,,,,,,,정규직,주5일근무,시급,,,부산 연제구,,학력무관,2026-09-08 14:53:13
https://job.career.co.kr/recruit/view/22063308,,,,,,,정규직,주5일근무,시급,,,부산 중구,,학력무관,2026-09-08 14:53:13
https://job.career.co.kr/recruit/view/22063305,,,,,,,정규직,주5일근무,시급,,,부산 사상구,,학력무관,2026-09-08 14:53:14
https://job.career.co.kr/recruit/view/22063304,,,,,,,정규직,주6일근무,시급,,,부산 부산진구,,학력무관,2026-09-08 14:53:14
https://job.career.co.kr/recruit/view/22063302,,,,,,,정규직,주5일근무,월급,,,부산 동구,,학력무관,2026-09-08 14:53:14
https://job.career.co.kr/recruit/view/22063227,,,,,,,계약직,주6일근무,시급,,,부산 남구,,학력무관,2026-09-08 14:53:15
https://job.career.co.kr/recruit/view/22063211,,,,,,,계약직,주6일근무,월급,,,부산 사하구,,학력무관,2026-09-08 14:53:15
https://job.career.co.kr/recruit/view/22062787,,,,,,,정규직,주5일근무,시급,,,부산 부산진구,,학력무관,2026-09-08 14:53:15
https://job.career.co.kr/recruit/view/22062786,,,,,,,정규직,주6일근무,시급,,,부산 북구,,학력무관,2026-09-08 14:53:16
https://job.career.co.kr/recruit/view/22062785,,,,,,,정규직,주5일근무,시급,,,부산 수영구,,학력무관,2026-09-08 14:53:16
https://job.career.co.kr/recruit/view/22062784,,,,,,,정규직,주5일근무,월급,,,부산 사상구,,학력무관,2026-09-08 14:53:16
https://job.career.co.kr/recruit/view/22062782,,,,,,,계약직,주6일근무,시급,,,부산 서구,,학력무관,2026-09-08 14:53:17
https://job.career.co.kr/recruit/view/22062778,,,,,,,계약직,주6일근무,월급,,,부산 부산진구,,학력무관,2026-09-08 14:53:17
https://job.career.co.kr/recruit/view/22062777,,,,,,,정규직,주5일근무,시급,,,부산 동래구,,학력무관,2026-09-08 14:53:17
https://job.career.co.kr/recruit/view/22062494,,,,,,,계약직,주6일근무,월급,,,부산 동구,,학력무관,2026-09-08 14:53:18
https://job.career.co.kr/recruit/view/22062493,,,,,,,정규직,주3일근무,시급,,,부산 해운대구,,학력무관,2026-09-08 14:53:18
https://job.career.co.kr/recruit/view/22062492,,,,,,,정규직,주5일근무,시급,,,부산 해운대구,,학력무관,2026-09-08 14:53:18
https://job.career.co.kr/recruit/view/22062491,,,,,,,정규직,주5일근무,월급,,,부산 연제구,,학력무관,2026-09-08 14:53:19
https://job.career.co.kr/recruit/view/22062487,,,,,,,정규직,주6일근무,시급,,,부산 해운대구,,학력무관,2026-09-08 14:53:19
https://job.career.co.kr/recruit/view/22062486,,,,,,,정규직,주3일근무,시급,,,부산 연제구,,학력무관,2026-09-08 14:53:19
https://job.career.co.kr/recruit/view/22062411,,,,,,,정규직,주5일근무,시급,,,부산 서구,,학력무관,2026-09-08 14:53:20
https://job.career.co.kr/recruit/view/22062410,,,,,,,정규직,주5일근무,시급,,,부산 사하구,,학력무관,2026-09-08 14:53:20
https://job.career.co.kr/recruit/view/22060677,,,,,,,정규직,주5일근무,연봉,,,부산 강서구,,학력무관,2026-09-08 14:53:20
https://job.career.co.kr/recruit/view/22060675,,,,,,,계약직,주5일근무,월급,,,부산 사상구,,대학교(4년) 졸업 이상,2026-09-08 14:53:21
https://job.career.co.kr/recruit/view/22060672,,,,,,,정규직,주5일근무,월급,,,부산 강서구,,학력무관,2026-09-08 14:53:21
https://job.career.co.kr/recruit/view/22060666,,,,,,,정규직,주5일근무,연봉,,,부산 사상구,,학력무관,2026-09-08 14:53:21
https://job.career.co.kr/recruit/view/22060649,,,,,,,정규직,주5일근무,월급,,,부산 사상구,,학력무관,2026-09-08 14:53:22
https://job.career.co.kr/recruit/view/22060648,,,,,,,정규직,주5일근무,월급,,,부산 사상구,,학력무관,2026-09-08 14:53:22
https://job.career.co.kr/recruit/view/22060646,,,,,,,정규직,주5일근무,시급,,,부산 북구,,학력무관,2026-09-08 14:53:22
https://job.career.co.kr/recruit/view/22060642,,,,,,,정규직,주6일근무,시급,,,부산 강서구,,학력무관,2026-09-08 14:53:23
https://job.career.co.kr/recruit/view/22060641,,,,,,,정규직,주5일근무,시급,,,부산 강서구,,학력무관,2026-09-08 14:53:23
https://job.career.co.kr/recruit/view/22060640,,,,,,,정규직,주5일근무,연봉,,,부산 강서구,,학력무관,2026-09-08 14:53:23
https://job.career.co.kr/recruit/view/22060639,,,,,,,정규직,주6일근무,연봉,,,부산 강서구,,학력무관,2026-09-08 14:53:24
https://job.career.co.kr/recruit/view/22060637,,,,,,,정규직,주5일근무,연봉,,,부산 사상구,,학력무관,2026-09-08 14:53:24
https://job.career.co.kr/recruit/view/22060634,,,,,,,정규직,주5일근무,연봉,,,부산 강서구,,학력무관,2026-09-08 14:53:24
https://job.career.co.kr/recruit/view/22060633,,,,,,,정규직,주4일근무,월급,,,부산 사상구,,학력무관,2026-09-08 14:53:25
https://job.career.co.kr/recruit/view/22060629,,,,,,,정규직,주5일근무,시급,,,부산 기장군,,학력무관,2026-09-08 14:53:25
https://job.career.co.kr/recruit/view/22060628,,,,,,,계약직,주5일근무,월급,,,부산 수영구,,"대학(2,3년) 졸업 이상",2026-09-08 14:53:25
https://job.career.co.kr/recruit/view/22060626,,,,,,,정규직,주5일근무,월급,,,부산 해운대구,,학력무관,2026-09-08 14:53:26
https://job.career.co.kr/recruit/view/22060622,,,,,,,정규직,주5일근무,월급,,,부산 해운대구,,학력무관,2026-09-08 14:53:26
https://job.career.co.kr/recruit/view/22060621,,,,,,,정규직,주5일근무,연봉,,,부산 기장군,,"대학(2,3년) 졸업 이상",2026-09-08 14:53:26
https://job.career.co.kr/recruit/view/22060619,,,,,,,정규직,주5일근무,시급,,,부산 기장군,,학력무관,2026-09-08 14:53:27
https://job.career.co.kr/recruit/view/22060609,,,,,,,정규직,주5일근무,월급,,,부산 동래구,,학력무관,2026-09-08 14:53:27
https://job.career.co.kr/recruit/view/22060606,,,,,,,계약직,주5일근무,시급,,,부산 사하구,,학력무관,2026-09-08 14:53:27
https://job.career.co.kr/recruit/view/22060602,,,,,,,계약직,주5일근무,월급,,,부산 동래구,,학력무관,2026-09-08 14:53:28
https://job.career.co.kr/recruit/view/22060601,,,,,,,정규직,주5일근무,시급,,,부산 해운대구,,학력무관,2026-09-08 14:53:28
https://job.career.co.kr/recruit/view/22060600,,,,,,,정규직,주5일근무,시급,,,부산 수영구,,학력무관,2026-09-08 14:53:28
https://job.career.co.kr/recruit/view/22060598,,,,,,,정규직,주5일근무,시급,,,부산 금정구,,학력무관,2026-09-08 14:53:29
https://job.career.co.kr/recruit/view/22060593,,,,,,,정규직,주5일근무,연봉,,,부산 수영구,,"대학(2,3년) 졸업 이상",2026-09-08 14:53:29
https://job.career.co.kr/recruit/view/22060591,,,,,,,계약직,주6일근무,일급,,,부산 기장군,,고등학교 졸업 이상,2026-09-08 14:53:29
https://job.career.co.kr/recruit/view/22060590,,,,,,,정규직,주5일근무,시급,,,부산 금정구,,학력무관,2026-09-08 14:53:30
https://job.career.co.kr/recruit/view/22060584,,,,,,,계약직,주5일근무,월급,,,부산 사하구,,학력무관,2026-09-08 14:53:30
https://job.career.co.kr/recruit/view/22060576,,,,,,,정규직,주3일근무,연봉,,,부산 남구,,학력무관,2026-09-08 14:53:30
https://job.career.co.kr/recruit/view/22060571,,,,,,,정규직,주5일근무,월급,,,부산 서구,,학력무관,2026-09-08 14:53:31
https://job.career.co.kr/recruit/view/22060566,,,,,,,계약직,주5일근무,월급,,,부산 남구,,고등학교 졸업 이상,2026-09-08 14:53:31
https://job.career.co.kr/recruit/view/22060565,,,,,,,정규직,주5일근무,월급,,,부산 연제구,,"대학(2,3년) 졸업 이상",2026-09-08 14:53:31
https://job.career.co.kr/recruit/view/22060564,,,,,,,정규직,주5일근무,월급,,,부산 남구,,학력무관,2026-09-08 14:53:32
https://job.career.co.kr/recruit/view/22060560,,,,,,,계약직,주5일근무,월급,,,부산 부산진구,,대학교(4년) 졸업 이상,2026-09-08 14:53:32
https://job.career.co.kr/recruit/view/22060557,,,,,,,정규직,주6일근무,연봉,,,부산 남구,,"대학(2,3년) 졸업 이상",2026-09-08 14:53:32
https://job.career.co.kr/recruit/view/22060456,,,,,,,계약직,주5일근무,연봉,,,부산 금정구,,고등학교 졸업 이상,2026-09-08 14:53:33
https://job.career.co.kr/recruit/view/22060160,,,,,,,정규직,주5일근무,시급,,,부산 수영구,,학력무관,2026-09-08 14:53:33
https://job.career.co.kr/recruit/view/22060159,,,,,,,정규직,주5일근무,월급,,,부산 서구,,학력무관,2026-09-08 14:53:33
https://job.career.co.kr/recruit/view/22060158,,,,,,,계약직,주6일근무,월급,,,부산 해운대구,,학력무관,2026-09-08 14:53:34
https://job.career.co.kr/recruit/view/22060156,,,,,,,정규직,주6일근무,시급,,,부산 부산진구,,학력무관,2026-09-08 14:53:34
https://job.career.co.kr/recruit/view/22060153,,,,,,,정규직,주5일근무,시급,,,부산 부산진구,,학력무관,2026-09-08 14:53:34
https://job.career.co.kr/recruit/view/22060151,,,,,,,정규직,주5일근무,시급,,,부산 부산진구,,학력무관,2026-09-08 14:53:35
https://job.career.co.kr/recruit/view/22060148,,,,,,,정규직,주3일근무,시급,,,부산 북구,,학력무관,2026-09-08 14:53:35
https://job.career.co.kr/recruit/view/22060147,,,,,,,정규직,주5일근무,시급,,,부산 금정구,,학력무관,2026-09-08 14:53:35
https://job.career.co.kr/recruit/view/22059903,,,,,,,계약직,주5일근무,시급,,,부산 강서구,,학력무관,2026-09-08 14:53:36
https://job.career.co.kr/recruit/view/22059895,,,,,,,정규직,주5일근무,월급,,,부산 동구,,학력무관,2026-09-08 14:53:36
https://job.career.co.kr/recruit/view/22059894,,,,,,,정규직,주5일근무,월급,,,부산 동구,,학력무관,2026-09-08 14:53:36
https://job.career.co.kr/recruit/view/22059852,,,,,,,정규직,주5일근무,월급,,,부산 수영구,,학력무관,2026-09-08 14:53:37
https://job.career.co.kr/recruit/view/22059851,,,,,,,계약직,주5일근무,월급,,,부산 해운대구,,학력무관,2026-09-08 14:53:37
https://job.career.co.kr/recruit/view/22059783,,,,,,,정규직,주6일근무,시급,,,부산 북구,,학력무관,2026-09-08 14:53:37
https://job.career.co.kr/recruit/view/22059782,,,,,,,정규직,주3일근무,시급,,,부산 동구,,학력무관,2026-09-08 14:53:38
https://job.career.co.kr/recruit/view/22059781,,,,,,,정규직,주4일근무,시급,,,부산 동구,,학력무관,2026-09-08 14:53:38
https://job.career.co.kr/recruit/view/22059780,,,,,,,정규직,주5일근무,시급,,,부산 사하구,,학력무관,2026-09-08 14:53:38
https://job.career.co.kr/recruit/view/22057837,,,,,,,정규직,주6일근무,월급,,,부산 강서구,,학력무관,2026-09-08 14:53:39
https://job.career.co.kr/recruit/view/22057836,,,,,,,정규직,주5일근무,월급,,,부산 강서구,,학력무관,2026-09-08 14:53:39
https://job.career.co.kr/recruit/view/22057832,,,,,,,정규직,주5일근무,월급,,,부산 강서구,,학력무관,2026-09-08 14:53:39
https://job.career.co.kr/recruit/view/22057829,,,,,,,정규직,주6일근무,월급,,,부산 강서구,,학력무관,2026-09-08 14:53:40
https://job.career.co.kr/recruit/view/22057827,,,,,,,계약직,주5일근무,연봉,,,부산 강서구,,학력무관,2026-09-08 14:53:40
https://job.career.co.kr/recruit/view/22057822,,,,,,,계약직,주5일근무,시급,,,부산 강서구,,학력무관,2026-09-08 14:53:40
https://job.career.co.kr/recruit/view/22057819,,,,,,,정규직,주5일근무,시급,,,부산 강서구,,고등학교 졸업 이상,2026-09-08 14:53:41
https://job.career.co.kr/recruit/view/22057818,,,,,,,정규직,주5일근무,월급,,,부산 강서구,,학력무관,2026-09-08 14:53:41
https://job.career.co.kr/recruit/view/22057815,,,,,,,정규직,주6일근무,월급,,,부산 사상구,,학력무관,2026-09-08 14:53:41
https://job.career.co.kr/recruit/view/22057813,,,,,,,정규직,주5일근무,연봉,,,부산 사상구,,학력무관,2026-09-08 14:53:42
https://job.career.co.kr/recruit/view/22057810,,,,,,,정규직,주5일근무,연봉,,,부산 강서구,,대학교(4년) 졸업 이상,2026-09-08 14:53:42
https://job.career.co.kr/recruit/view/22057807,,,,,,,정규직,주5일근무,월급,,,부산 강서구,,학력무관,2026-09-08 14:53:42
https://job.career.co.kr/recruit/view/22057806,,,,,,,정규직,주5일근무,연봉,,,부산 강서구,,학력무관,2026-09-08 14:53:43
https://job.career.co.kr/recruit/view/22057805,,,,,,,정규직,주5일근무,연봉,,,부산 강서구,,대학교(4년) 졸업 이상,2026-09-08 14:53:43
https://job.career.co.kr/recruit/view/22057796,,,,,,,정규직,주5일근무,시급,,,부산 강서구,,학력무관,2026-09-08 14:53:43
https://job.career.co.kr/recruit/view/22057794,,,,,,,정규직,주5일근무,연봉,,,부산 강서구,,대학교(4년) 졸업 이상,2026-09-08 14:53:44
https://job.career.co.kr/recruit/view/22057779,,,,,,,정규직,주5일근무,연봉,,,부산 해운대구,,학력무관,2026-09-08 14:53:44
https://job.career.co.kr/recruit/view/22057774,,,,,,,정규직,주5일근무,시급,,,부산 기장군,,학력무관,2026-09-08 14:53:45
https://job.career.co.kr/recruit/view/22057773,,,,,,,정규직,주5일근무,연봉,,,부산 수영구,,"대학(2,3년) 졸업 이상",2026-09-08 14:53:45
https://job.career.co.kr/recruit/view/22057770,,,,,,,정규직,주5일근무,월급,,,부산 해운대구,,학력무관,2026-09-08 14:53:45
https://job.career.co.kr/recruit/view/22057764,,,,,,,정규직,주5일근무,시급,,,부산 동래구,,학력무관,2026-09-08 14:53:46
https://job.career.co.kr/recruit/view/22057762,,,,,,,정규직,주5일근무,시급,,,부산 기장군,,학력무관,2026-09-08 14:53:46
https://job.career.co.kr/recruit/view/22057761,,,,,,,정규직,주6일근무,월급,,,부산 해운대구,,학력무관,2026-09-08 14:53:46
https://job.career.co.kr/recruit/view/22057760,,,,,,,정규직,주5일근무,시급,,,부산 해운대구,,학력무관,2026-09-08 14:53:47
https://job.career.co.kr/recruit/view/22057759,,,,,,,정규직,학력,시급,,,부산 동래구,,학력무관,2026-09-08 14:53:47
https://job.career.co.kr/recruit/view/22057748,,,,,,,정규직,주5일근무,연봉,,,부산 기장군,,학력무관,2026-09-08 14:53:47
https://job.career.co.kr/recruit/view/22057745,,,,,,,정규직,주5일근무,월급,,,부산 해운대구,,학력무관,2026-09-08 14:53:48
https://job.career.co.kr/recruit/view/22057787,,,,,,,정규직,주5일근무,시급,,,부산 해운대구,,학력무관,2026-09-08 14:53:48
https://job.career.co.kr/recruit/view/22057739,,,,,,,정규직,주5일근무,시급,,,부산 사하구,,학력무관,2026-09-08 14:53:48
https://job.career.co.kr/recruit/view/22057738,,,,,,,정규직,주5일근무,시급,,,부산 사하구,,고등학교 졸업 이상,2026-09-08 14:53:48
https://job.career.co.kr/recruit/view/22057737,,,,,,,정규직,주5일근무,월급,,,부산 사하구,,학력무관,2026-09-08 14:53:49
https://job.career.co.kr/recruit/view/22057734,,,,,,,정규직,주5일근무,시급,,,부산 강서구,,학력무관,2026-09-08 14:53:49
https://job.career.co.kr/recruit/view/22057731,,,,,,,계약직,주5일근무,월급,,,부산 강서구,,학력무관,2026-09-08 14:53:49
https://job.career.co.kr/recruit/view/22057730,,,,,,,정규직,주5일근무,연봉,,,부산 서구,,학력무관,2026-09-08 14:53:50
https://job.career.co.kr/recruit/view/22057725,,,,,,,정규직,주6일근무,시급,,,부산 동래구,,학력무관,2026-09-08 14:53:50
https://job.career.co.kr/recruit/view/22057722,,,,,,,정규직,주5일근무,연봉,,,부산 동구,,고등학교 졸업 이상,2026-09-08 14:53:50
https://job.career.co.kr/recruit/view/22057721,,,,,,,정규직,주5일근무,연봉,,,부산 동구,,고등학교 졸업 이상,2026-09-08 14:53:51
https://job.career.co.kr/recruit/view/22057716,,,,,,,정규직,주5일근무,월급,,,부산 부산진구,,"대학(2,3년) 졸업 이상",2026-09-08 14:53:51
https://job.career.co.kr/recruit/view/22057712,,,,,,,정규직,주5일근무,월급,,,부산 부산진구,,고등학교 졸업 이상,2026-09-08 14:53:51
https://job.career.co.kr/recruit/view/22057710,,,,,,,정규직,주5일근무,월급,,,부산 부산진구,,학력무관,2026-09-08 14:53:52
https://job.career.co.kr/recruit/view/22057709,,,,,,,계약직,주5일근무,연봉,,,부산 연제구,,학력무관,2026-09-08 14:53:52
https://job.career.co.kr/recruit/view/22057705,,,,,,,정규직,주5일근무,시급,,,부산 강서구,,학력무관,2026-09-08 14:53:52
https://job.career.co.kr/recruit/view/22057413,,,,,,,계약직,주5일근무,시급,,,부산 기장군,,학력무관,2026-09-08 14:53:53
https://job.career.co.kr/recruit/view/21342148,,,,,,,정규직,주5일근무,시급,,,부산 강서구,,학력무관,2026-09-08 14:53:53
