시도,산업,규모,사업체수,종사자수
전국,전체산업,계,6363262,25641480.0
전국,전체산업,1-4명,5544378,7755895.0
전국,전체산업,5-9명,454441,2884345.0
전국,전체산업,10-19명,197943,2610191.0
전국,전체산업,20-49명,110202,3292764.0
전국,전체산업,50-99명,35034,2401643.0
전국,전체산업,100-299명,16404,2602781.0
전국,전체산업,300-499명,2414,914462.0
전국,전체산업,500-999명,1491,1032109.0
전국,전체산업,1000명이상,955,2147290.0
전국,"농업,임업및어업(01~03)",계,11967,62963.0
전국,"농업,임업및어업(01~03)",1-4명,8548,14587.0
전국,"농업,임업및어업(01~03)",5-9명,2032,13206.0
전국,"농업,임업및어업(01~03)",10-19명,838,11100.0
전국,"농업,임업및어업(01~03)",20-49명,453,13722.0
전국,"농업,임업및어업(01~03)",50-99명,71,4854.0
전국,"농업,임업및어업(01~03)",100-299명,20,2975.0
전국,"농업,임업및어업(01~03)",300-499명,3,1123.0
전국,"농업,임업및어업(01~03)",500-999명,2,
전국,광업(05~08),계,1913,13098.0
전국,광업(05~08),1-4명,1407,2678.0
전국,광업(05~08),5-9명,176,1142.0
전국,광업(05~08),10-19명,163,2238.0
전국,광업(05~08),20-49명,145,4236.0
전국,광업(05~08),50-99명,17,1139.0
전국,광업(05~08),100-299명,3,652.0
전국,광업(05~08),300-499명,1,
전국,광업(05~08),500-999명,1,
전국,제조업(10~34),계,509467,4159656.0
전국,제조업(10~34),1-4명,366097,653257.0
전국,제조업(10~34),5-9명,66447,420231.0
전국,제조업(10~34),10-19명,41436,546197.0
전국,제조업(10~34),20-49명,24775,740954.0
전국,제조업(10~34),50-99명,6467,446010.0
전국,제조업(10~34),100-299명,3452,548740.0
전국,제조업(10~34),300-499명,436,163878.0
전국,제조업(10~34),500-999명,224,149659.0
전국,제조업(10~34),1000명이상,133,490730.0
전국,"전기,가스,증기및공기조절공급업(35)",계,145874,212795.0
전국,"전기,가스,증기및공기조절공급업(35)",1-4명,144820,147260.0
전국,"전기,가스,증기및공기조절공급업(35)",5-9명,356,2253.0
전국,"전기,가스,증기및공기조절공급업(35)",10-19명,144,1981.0
전국,"전기,가스,증기및공기조절공급업(35)",20-49명,227,7705.0
전국,"전기,가스,증기및공기조절공급업(35)",50-99명,198,13762.0
전국,"전기,가스,증기및공기조절공급업(35)",100-299명,95,15952.0
전국,"전기,가스,증기및공기조절공급업(35)",300-499명,20,7577.0
전국,"전기,가스,증기및공기조절공급업(35)",500-999명,7,5100.0
전국,"전기,가스,증기및공기조절공급업(35)",1000명이상,7,11205.0
전국,"수도,하수및폐기물처리,원료재생업(36~39)",계,13733,132892.0
전국,"수도,하수및폐기물처리,원료재생업(36~39)",1-4명,8301,15222.0
전국,"수도,하수및폐기물처리,원료재생업(36~39)",5-9명,2137,13997.0
전국,"수도,하수및폐기물처리,원료재생업(36~39)",10-19명,1499,20562.0
전국,"수도,하수및폐기물처리,원료재생업(36~39)",20-49명,1328,41448.0
전국,"수도,하수및폐기물처리,원료재생업(36~39)",50-99명,361,24201.0
전국,"수도,하수및폐기물처리,원료재생업(36~39)",100-299명,104,15103.0
전국,"수도,하수및폐기물처리,원료재생업(36~39)",300-499명,2,
전국,"수도,하수및폐기물처리,원료재생업(36~39)",1000명이상,1,
전국,건설업(41~42),계,504267,1861094.0
전국,건설업(41~42),1-4명,436637,583740.0
전국,건설업(41~42),5-9명,38956,248689.0
전국,건설업(41~42),10-19명,17091,224644.0
전국,건설업(41~42),20-49명,8161,238667.0
전국,건설업(41~42),50-99명,1886,126911.0
전국,건설업(41~42),100-299명,1154,184887.0
전국,건설업(41~42),300-499명,217,81093.0
전국,건설업(41~42),500-999명,112,78028.0
전국,건설업(41~42),1000명이상,53,94435.0
전국,도매및소매업(45~47),계,1612664,3551791.0
전국,도매및소매업(45~47),1-4명,1489625,2021979.0
전국,도매및소매업(45~47),5-9명,84548,529909.0
전국,도매및소매업(45~47),10-19명,25635,332762.0
전국,도매및소매업(45~47),20-49명,9693,277000.0
전국,도매및소매업(45~47),50-99명,1984,133778.0
전국,도매및소매업(45~47),100-299명,1002,152190.0
전국,도매및소매업(45~47),300-499명,120,45439.0
전국,도매및소매업(45~47),500-999명,43,29899.0
전국,도매및소매업(45~47),1000명이상,14,28835.0
전국,운수및창고업(49~52),계,673767,1464734.0
전국,운수및창고업(49~52),1-4명,649858,693898.0
전국,운수및창고업(49~52),5-9명,9380,60832.0
전국,운수및창고업(49~52),10-19명,6136,82435.0
전국,운수및창고업(49~52),20-49명,5132,155417.0
전국,운수및창고업(49~52),50-99명,1889,129088.0
전국,운수및창고업(49~52),100-299명,1157,183020.0
전국,운수및창고업(49~52),300-499명,120,44578.0
전국,운수및창고업(49~52),500-999명,55,37258.0
전국,운수및창고업(49~52),1000명이상,40,78208.0
전국,숙박및음식점업(55~56),계,858195,2234009.0
전국,숙박및음식점업(55~56),1-4명,751787,1310234.0
전국,숙박및음식점업(55~56),5-9명,84566,522488.0
전국,숙박및음식점업(55~56),10-19명,17694,222173.0
전국,숙박및음식점업(55~56),20-49명,3361,95369.0
전국,숙박및음식점업(55~56),50-99명,596,38056.0
전국,숙박및음식점업(55~56),100-299명,157,25062.0
전국,숙박및음식점업(55~56),300-499명,16,6399.0
전국,숙박및음식점업(55~56),500-999명,14,9424.0
전국,숙박및음식점업(55~56),1000명이상,4,4804.0
전국,정보통신업(58~63),계,137647,858952.0
전국,정보통신업(58~63),1-4명,116042,147096.0
전국,정보통신업(58~63),5-9명,9167,59318.0
전국,정보통신업(58~63),10-19명,5741,76761.0
전국,정보통신업(58~63),20-49명,4107,124294.0
전국,정보통신업(58~63),50-99명,1372,94308.0
전국,정보통신업(58~63),100-299명,945,153991.0
전국,정보통신업(58~63),300-499명,157,59904.0
전국,정보통신업(58~63),500-999명,80,54401.0
전국,정보통신업(58~63),1000명이상,36,88879.0
전국,금융및보험업(64~66),계,69017,735916.0
전국,금융및보험업(64~66),1-4명,41149,60160.0
전국,금융및보험업(64~66),5-9명,10960,74309.0
전국,금융및보험업(64~66),10-19명,9061,120097.0
전국,금융및보험업(64~66),20-49명,5607,170814.0
전국,금융및보험업(64~66),50-99명,1674,108867.0
전국,금융및보험업(64~66),100-299명,404,63672.0
전국,금융및보험업(64~66),300-499명,77,29802.0
전국,금융및보험업(64~66),500-999명,49,34295.0
전국,금융및보험업(64~66),1000명이상,36,73900.0
전국,부동산업(68),계,277096,655270.0
전국,부동산업(68),1-4명,249928,325664.0
전국,부동산업(68),5-9명,18453,118558.0
전국,부동산업(68),10-19명,6485,83430.0
전국,부동산업(68),20-49명,1783,49350.0
전국,부동산업(68),50-99명,234,15803.0
전국,부동산업(68),100-299명,159,26784.0
전국,부동산업(68),300-499명,28,10550.0
전국,부동산업(68),500-999명,19,12928.0
전국,부동산업(68),1000명이상,7,12203.0
전국,"전문,과학및기술서비스업(70~73)",계,244426,1513309.0
전국,"전문,과학및기술서비스업(70~73)",1-4명,199548,288707.0
전국,"전문,과학및기술서비스업(70~73)",5-9명,24188,154563.0
전국,"전문,과학및기술서비스업(70~73)",10-19명,11041,146183.0
전국,"전문,과학및기술서비스업(70~73)",20-49명,6169,181217.0
전국,"전문,과학및기술서비스업(70~73)",50-99명,1892,130409.0
전국,"전문,과학및기술서비스업(70~73)",100-299명,1098,181445.0
전국,"전문,과학및기술서비스업(70~73)",300-499명,234,88768.0
전국,"전문,과학및기술서비스업(70~73)",500-999명,172,117952.0
전국,"전문,과학및기술서비스업(70~73)",1000명이상,84,224065.0
전국,"사업시설관리,사업지원및임대서비스업(74~76)",계,136241,1341037.0
전국,"사업시설관리,사업지원및임대서비스업(74~76)",1-4명,113601,156134.0
전국,"사업시설관리,사업지원및임대서비스업(74~76)",5-9명,8862,57236.0
전국,"사업시설관리,사업지원및임대서비스업(74~76)",10-19명,5261,70951.0
전국,"사업시설관리,사업지원및임대서비스업(74~76)",20-49명,4753,144442.0
전국,"사업시설관리,사업지원및임대서비스업(74~76)",50-99명,1709,117994.0
전국,"사업시설관리,사업지원및임대서비스업(74~76)",100-299명,1360,229937.0
전국,"사업시설관리,사업지원및임대서비스업(74~76)",300-499명,311,117986.0
전국,"사업시설관리,사업지원및임대서비스업(74~76)",500-999명,240,167647.0
전국,"사업시설관리,사업지원및임대서비스업(74~76)",1000명이상,144,278710.0
전국,"공공행정,국방및사회보장행정(84)",계,13114,944330.0
전국,"공공행정,국방및사회보장행정(84)",1-4명,1677,3358.0
전국,"공공행정,국방및사회보장행정(84)",5-9명,1210,8749.0
전국,"공공행정,국방및사회보장행정(84)",10-19명,2651,39344.0
전국,"공공행정,국방및사회보장행정(84)",20-49명,4631,138340.0
전국,"공공행정,국방및사회보장행정(84)",50-99명,1361,94274.0
전국,"공공행정,국방및사회보장행정(84)",100-299명,1012,167775.0
전국,"공공행정,국방및사회보장행정(84)",300-499명,213,82372.0
전국,"공공행정,국방및사회보장행정(84)",500-999명,202,142732.0
전국,"공공행정,국방및사회보장행정(84)",1000명이상,157,267386.0
전국,교육서비스업(85),계,280982,1739023.0
전국,교육서비스업(85),1-4명,233534,328956.0
전국,교육서비스업(85),5-9명,21341,135252.0
전국,교육서비스업(85),10-19명,9278,124211.0
전국,교육서비스업(85),20-49명,8781,273931.0
전국,교육서비스업(85),50-99명,6500,457911.0
전국,교육서비스업(85),100-299명,1278,167725.0
전국,교육서비스업(85),300-499명,107,41652.0
전국,교육서비스업(85),500-999명,92,66215.0
전국,교육서비스업(85),1000명이상,71,143170.0
전국,보건업및사회복지서비스업(86~87),계,170120,2726259.0
전국,보건업및사회복지서비스업(86~87),1-4명,70348,176504.0
전국,보건업및사회복지서비스업(86~87),5-9명,45903,299554.0
전국,보건업및사회복지서비스업(86~87),10-19명,28150,379469.0
전국,보건업및사회복지서비스업(86~87),20-49명,16786,511016.0
전국,보건업및사회복지서비스업(86~87),50-99명,5914,401683.0
전국,보건업및사회복지서비스업(86~87),100-299명,2384,389473.0
전국,보건업및사회복지서비스업(86~87),300-499명,307,115168.0
전국,보건업및사회복지서비스업(86~87),500-999명,167,116825.0
전국,보건업및사회복지서비스업(86~87),1000명이상,161,336567.0
전국,"예술,스포츠및여가관련서비스업(90~91)",계,153429,467950.0
전국,"예술,스포츠및여가관련서비스업(90~91)",1-4명,137786,188166.0
전국,"예술,스포츠및여가관련서비스업(90~91)",5-9명,9606,61385.0
전국,"예술,스포츠및여가관련서비스업(90~91)",10-19명,3539,45942.0
전국,"예술,스포츠및여가관련서비스업(90~91)",20-49명,1563,46914.0
전국,"예술,스포츠및여가관련서비스업(90~91)",50-99명,457,31788.0
전국,"예술,스포츠및여가관련서비스업(90~91)",100-299명,433,66040.0
전국,"예술,스포츠및여가관련서비스업(90~91)",300-499명,31,11631.0
전국,"예술,스포츠및여가관련서비스업(90~91)",500-999명,8,5000.0
전국,"예술,스포츠및여가관련서비스업(90~91)",1000명이상,6,11084.0
전국,"협회및단체,수리및기타개인서비스업(94~96)",계,549343,966402.0
전국,"협회및단체,수리및기타개인서비스업(94~96)",1-4명,523685,638295.0
전국,"협회및단체,수리및기타개인서비스업(94~96)",5-9명,16153,102674.0
전국,"협회및단체,수리및기타개인서비스업(94~96)",10-19명,6100,79711.0
전국,"협회및단체,수리및기타개인서비스업(94~96)",20-49명,2747,77928.0
전국,"협회및단체,수리및기타개인서비스업(94~96)",50-99명,452,30807.0
전국,"협회및단체,수리및기타개인서비스업(94~96)",100-299명,187,27358.0
전국,"협회및단체,수리및기타개인서비스업(94~96)",300-499명,14,5264.0
전국,"협회및단체,수리및기타개인서비스업(94~96)",500-999명,4,2778.0
전국,"협회및단체,수리및기타개인서비스업(94~96)",1000명이상,1,
서울,전체산업,계,1176066,5772456.0
서울,전체산업,1-4명,1007762,1409505.0
서울,전체산업,5-9명,93321,594177.0
서울,전체산업,10-19명,40887,535364.0
서울,전체산업,20-49명,20884,620699.0
서울,전체산업,50-99명,7277,504155.0
서울,전체산업,100-299명,4291,696300.0
서울,전체산업,300-499명,783,295465.0
서울,전체산업,500-999명,498,343542.0
서울,전체산업,1000명이상,363,773249.0
서울,"농업,임업및어업(01~03)",계,93,409.0
서울,"농업,임업및어업(01~03)",1-4명,74,114.0
서울,"농업,임업및어업(01~03)",5-9명,12,71.0
서울,"농업,임업및어업(01~03)",10-19명,4,48.0
서울,"농업,임업및어업(01~03)",20-49명,1,
서울,"농업,임업및어업(01~03)",50-99명,2,
서울,광업(05~08),계,16,190.0
서울,광업(05~08),1-4명,10,23.0
서울,광업(05~08),5-9명,2,
서울,광업(05~08),10-19명,1,
서울,광업(05~08),20-49명,2,
서울,광업(05~08),50-99명,1,
서울,제조업(10~34),계,62032,237097.0
서울,제조업(10~34),1-4명,51531,88369.0
서울,제조업(10~34),5-9명,6216,38085.0
서울,제조업(10~34),10-19명,2797,35359.0
서울,제조업(10~34),20-49명,1108,32339.0
서울,제조업(10~34),50-99명,257,17791.0
서울,제조업(10~34),100-299명,107,16060.0
서울,제조업(10~34),300-499명,10,3413.0
서울,제조업(10~34),500-999명,3,1697.0
서울,제조업(10~34),1000명이상,3,3984.0
서울,"전기,가스,증기및공기조절공급업(35)",계,867,6637.0
서울,"전기,가스,증기및공기조절공급업(35)",1-4명,773,900.0
서울,"전기,가스,증기및공기조절공급업(35)",5-9명,29,186.0
서울,"전기,가스,증기및공기조절공급업(35)",10-19명,10,123.0
서울,"전기,가스,증기및공기조절공급업(35)",20-49명,13,384.0
서울,"전기,가스,증기및공기조절공급업(35)",50-99명,27,1967.0
서울,"전기,가스,증기및공기조절공급업(35)",100-299명,13,2257.0
서울,"전기,가스,증기및공기조절공급업(35)",300-499명,1,
서울,"전기,가스,증기및공기조절공급업(35)",500-999명,1,
서울,"수도,하수및폐기물처리,원료재생업(36~39)",계,757,10638.0
서울,"수도,하수및폐기물처리,원료재생업(36~39)",1-4명,463,750.0
서울,"수도,하수및폐기물처리,원료재생업(36~39)",5-9명,58,378.0
서울,"수도,하수및폐기물처리,원료재생업(36~39)",10-19명,82,1197.0
서울,"수도,하수및폐기물처리,원료재생업(36~39)",20-49명,109,3690.0
서울,"수도,하수및폐기물처리,원료재생업(36~39)",50-99명,28,1913.0
서울,"수도,하수및폐기물처리,원료재생업(36~39)",100-299명,17,2710.0
서울,건설업(41~42),계,65232,388553.0
서울,건설업(41~42),1-4명,56252,74247.0
서울,건설업(41~42),5-9명,4596,29381.0
서울,건설업(41~42),10-19명,2228,29557.0
서울,건설업(41~42),20-49명,1278,37771.0
서울,건설업(41~42),50-99명,385,26462.0
서울,건설업(41~42),100-299명,316,52307.0
서울,건설업(41~42),300-499명,83,30873.0
서울,건설업(41~42),500-999명,60,42186.0
서울,건설업(41~42),1000명이상,34,65769.0
서울,도매및소매업(45~47),계,331830,936536.0
서울,도매및소매업(45~47),1-4명,300859,404261.0
서울,도매및소매업(45~47),5-9명,19579,123266.0
서울,도매및소매업(45~47),10-19명,6746,88316.0
서울,도매및소매업(45~47),20-49명,3096,90746.0
서울,도매및소매업(45~47),50-99명,850,58563.0
서울,도매및소매업(45~47),100-299명,569,88790.0
서울,도매및소매업(45~47),300-499명,83,31087.0
서울,도매및소매업(45~47),500-999명,35,23683.0
서울,도매및소매업(45~47),1000명이상,13,27824.0
서울,운수및창고업(49~52),계,120234,289414.0
서울,운수및창고업(49~52),1-4명,116336,122467.0
서울,운수및창고업(49~52),5-9명,1561,10096.0
서울,운수및창고업(49~52),10-19명,1032,13734.0
서울,운수및창고업(49~52),20-49명,660,19566.0
서울,운수및창고업(49~52),50-99명,311,22313.0
서울,운수및창고업(49~52),100-299명,267,41918.0
서울,운수및창고업(49~52),300-499명,36,13081.0
서울,운수및창고업(49~52),500-999명,18,11971.0
서울,운수및창고업(49~52),1000명이상,13,34268.0
서울,숙박및음식점업(55~56),계,138531,450505.0
서울,숙박및음식점업(55~56),1-4명,111713,201673.0
서울,숙박및음식점업(55~56),5-9명,20189,126562.0
서울,숙박및음식점업(55~56),10-19명,5409,67863.0
서울,숙박및음식점업(55~56),20-49명,997,27860.0
서울,숙박및음식점업(55~56),50-99명,166,10658.0
서울,숙박및음식점업(55~56),100-299명,43,6593.0
서울,숙박및음식점업(55~56),300-499명,6,2428.0
서울,숙박및음식점업(55~56),500-999명,5,3163.0
서울,숙박및음식점업(55~56),1000명이상,3,3705.0
서울,정보통신업(58~63),계,54557,490271.0
서울,정보통신업(58~63),1-4명,42636,55383.0
서울,정보통신업(58~63),5-9명,4548,29711.0
서울,정보통신업(58~63),10-19명,3286,43861.0
서울,정보통신업(58~63),20-49명,2467,75101.0
서울,정보통신업(58~63),50-99명,844,58225.0
서울,정보통신업(58~63),100-299명,594,98265.0
서울,정보통신업(58~63),300-499명,111,41979.0
서울,정보통신업(58~63),500-999명,47,30585.0
서울,정보통신업(58~63),1000명이상,24,57161.0
서울,금융및보험업(64~66),계,26746,299964.0
서울,금융및보험업(64~66),1-4명,20106,25302.0
서울,금융및보험업(64~66),5-9명,2155,14986.0
서울,금융및보험업(64~66),10-19명,2375,31591.0
서울,금융및보험업(64~66),20-49명,1288,38642.0
서울,금융및보험업(64~66),50-99명,450,30166.0
서울,금융및보험업(64~66),100-299명,234,38988.0
서울,금융및보험업(64~66),300-499명,66,25508.0
서울,금융및보험업(64~66),500-999명,40,28039.0
서울,금융및보험업(64~66),1000명이상,32,66742.0
서울,부동산업(68),계,68325,188936.0
서울,부동산업(68),1-4명,61159,84082.0
서울,부동산업(68),5-9명,4774,30162.0
서울,부동산업(68),10-19명,1593,20611.0
서울,부동산업(68),20-49명,584,17096.0
서울,부동산업(68),50-99명,113,7648.0
서울,부동산업(68),100-299명,78,12976.0
서울,부동산업(68),300-499명,14,5049.0
서울,부동산업(68),500-999명,6,4108.0
서울,부동산업(68),1000명이상,4,7204.0
서울,"전문,과학및기술서비스업(70~73)",계,81006,630526.0
서울,"전문,과학및기술서비스업(70~73)",1-4명,64232,93577.0
서울,"전문,과학및기술서비스업(70~73)",5-9명,8507,54357.0
서울,"전문,과학및기술서비스업(70~73)",10-19명,4199,55403.0
서울,"전문,과학및기술서비스업(70~73)",20-49명,2416,71037.0
서울,"전문,과학및기술서비스업(70~73)",50-99명,876,60971.0
서울,"전문,과학및기술서비스업(70~73)",100-299명,535,90205.0
서울,"전문,과학및기술서비스업(70~73)",300-499명,112,42178.0
서울,"전문,과학및기술서비스업(70~73)",500-999명,77,52948.0
서울,"전문,과학및기술서비스업(70~73)",1000명이상,52,109850.0
서울,"사업시설관리,사업지원및임대서비스업(74~76)",계,27912,520190.0
서울,"사업시설관리,사업지원및임대서비스업(74~76)",1-4명,22237,30461.0
서울,"사업시설관리,사업지원및임대서비스업(74~76)",5-9명,2053,13389.0
서울,"사업시설관리,사업지원및임대서비스업(74~76)",10-19명,1188,15971.0
서울,"사업시설관리,사업지원및임대서비스업(74~76)",20-49명,1124,34458.0
서울,"사업시설관리,사업지원및임대서비스업(74~76)",50-99명,477,33511.0
서울,"사업시설관리,사업지원및임대서비스업(74~76)",100-299명,503,86782.0
서울,"사업시설관리,사업지원및임대서비스업(74~76)",300-499명,120,45463.0
서울,"사업시설관리,사업지원및임대서비스업(74~76)",500-999명,125,91049.0
서울,"사업시설관리,사업지원및임대서비스업(74~76)",1000명이상,85,169106.0
서울,"공공행정,국방및사회보장행정(84)",계,1316,163874.0
서울,"공공행정,국방및사회보장행정(84)",1-4명,92,191.0
서울,"공공행정,국방및사회보장행정(84)",5-9명,40,294.0
서울,"공공행정,국방및사회보장행정(84)",10-19명,105,1641.0
서울,"공공행정,국방및사회보장행정(84)",20-49명,681,20548.0
서울,"공공행정,국방및사회보장행정(84)",50-99명,169,11358.0
서울,"공공행정,국방및사회보장행정(84)",100-299명,124,22415.0
서울,"공공행정,국방및사회보장행정(84)",300-499명,42,16272.0
서울,"공공행정,국방및사회보장행정(84)",500-999명,29,19049.0
서울,"공공행정,국방및사회보장행정(84)",1000명이상,34,72106.0
서울,교육서비스업(85),계,50822,366094.0
서울,교육서비스업(85),1-4명,41241,56915.0
서울,교육서비스업(85),5-9명,4454,28714.0
서울,교육서비스업(85),10-19명,2158,28402.0
서울,교육서비스업(85),20-49명,1365,41567.0
서울,교육서비스업(85),50-99명,1225,86807.0
서울,교육서비스업(85),100-299명,305,39104.0
서울,교육서비스업(85),300-499명,26,9947.0
서울,교육서비스업(85),500-999명,23,15893.0
서울,교육서비스업(85),1000명이상,25,58745.0
서울,보건업및사회복지서비스업(86~87),계,32815,508898.0
서울,보건업및사회복지서비스업(86~87),1-4명,14846,38543.0
서울,보건업및사회복지서비스업(86~87),5-9명,8657,56594.0
서울,보건업및사회복지서비스업(86~87),10-19명,5254,70298.0
서울,보건업및사회복지서비스업(86~87),20-49명,2643,79339.0
서울,보건업및사회복지서비스업(86~87),50-99명,850,58441.0
서울,보건업및사회복지서비스업(86~87),100-299명,449,76776.0
서울,보건업및사회복지서비스업(86~87),300-499명,56,21395.0
서울,보건업및사회복지서비스업(86~87),500-999명,21,13529.0
서울,보건업및사회복지서비스업(86~87),1000명이상,39,93983.0
서울,"예술,스포츠및여가관련서비스업(90~91)",계,30188,93249.0
서울,"예술,스포츠및여가관련서비스업(90~91)",1-4명,26496,34962.0
서울,"예술,스포츠및여가관련서비스업(90~91)",5-9명,2273,14781.0
서울,"예술,스포츠및여가관련서비스업(90~91)",10-19명,949,12117.0
서울,"예술,스포츠및여가관련서비스업(90~91)",20-49명,313,9105.0
서울,"예술,스포츠및여가관련서비스업(90~91)",50-99명,89,6336.0
서울,"예술,스포츠및여가관련서비스업(90~91)",100-299명,52,7834.0
서울,"예술,스포츠및여가관련서비스업(90~91)",300-499명,10,3768.0
서울,"예술,스포츠및여가관련서비스업(90~91)",500-999명,5,3131.0
서울,"예술,스포츠및여가관련서비스업(90~91)",1000명이상,1,
서울,"협회및단체,수리및기타개인서비스업(94~96)",계,82787,190475.0
서울,"협회및단체,수리및기타개인서비스업(94~96)",1-4명,76706,97285.0
서울,"협회및단체,수리및기타개인서비스업(94~96)",5-9명,3618,23150.0
서울,"협회및단체,수리및기타개인서비스업(94~96)",10-19명,1471,19262.0
서울,"협회및단체,수리및기타개인서비스업(94~96)",20-49명,739,21352.0
서울,"협회및단체,수리및기타개인서비스업(94~96)",50-99명,157,10804.0
서울,"협회및단체,수리및기타개인서비스업(94~96)",100-299명,85,12320.0
서울,"협회및단체,수리및기타개인서비스업(94~96)",300-499명,7,2707.0
서울,"협회및단체,수리및기타개인서비스업(94~96)",500-999명,3,2008.0
서울,"협회및단체,수리및기타개인서비스업(94~96)",1000명이상,1,
부산,전체산업,계,402419,1563954.0
부산,전체산업,1-4명,350375,507958.0
부산,전체산업,5-9명,29484,186051.0
부산,전체산업,10-19명,12334,161989.0
부산,전체산업,20-49명,6572,198199.0
부산,전체산업,50-99명,2385,162401.0
부산,전체산업,100-299명,998,156776.0
부산,전체산업,300-499명,141,54061.0
부산,전체산업,500-999명,91,65689.0
부산,전체산업,1000명이상,39,70830.0
부산,"농업,임업및어업(01~03)",계,135,3333.0
부산,"농업,임업및어업(01~03)",1-4명,78,123.0
부산,"농업,임업및어업(01~03)",5-9명,16,118.0
부산,"농업,임업및어업(01~03)",10-19명,12,161.0
부산,"농업,임업및어업(01~03)",20-49명,8,290.0
부산,"농업,임업및어업(01~03)",50-99명,14,1092.0
부산,"농업,임업및어업(01~03)",100-299명,5,793.0
부산,"농업,임업및어업(01~03)",300-499명,2,
부산,광업(05~08),계,13,33.0
부산,광업(05~08),1-4명,12,22.0
부산,광업(05~08),10-19명,1,
부산,제조업(10~34),계,33609,210397.0
부산,제조업(10~34),1-4명,25398,45927.0
부산,제조업(10~34),5-9명,3942,24362.0
부산,제조업(10~34),10-19명,2456,32092.0
부산,제조업(10~34),20-49명,1318,39873.0
부산,제조업(10~34),50-99명,330,22640.0
부산,제조업(10~34),100-299명,140,21647.0
부산,제조업(10~34),300-499명,11,4139.0
부산,제조업(10~34),500-999명,8,4848.0
부산,제조업(10~34),1000명이상,6,14869.0
부산,"전기,가스,증기및공기조절공급업(35)",계,504,4714.0
부산,"전기,가스,증기및공기조절공급업(35)",1-4명,461,509.0
부산,"전기,가스,증기및공기조절공급업(35)",5-9명,12,79.0
부산,"전기,가스,증기및공기조절공급업(35)",10-19명,8,108.0
부산,"전기,가스,증기및공기조절공급업(35)",20-49명,7,200.0
부산,"전기,가스,증기및공기조절공급업(35)",50-99명,11,739.0
부산,"전기,가스,증기및공기조절공급업(35)",100-299명,1,
부산,"전기,가스,증기및공기조절공급업(35)",300-499명,3,1267.0
부산,"전기,가스,증기및공기조절공급업(35)",1000명이상,1,
부산,"수도,하수및폐기물처리,원료재생업(36~39)",계,675,7591.0
부산,"수도,하수및폐기물처리,원료재생업(36~39)",1-4명,358,690.0
부산,"수도,하수및폐기물처리,원료재생업(36~39)",5-9명,131,856.0
부산,"수도,하수및폐기물처리,원료재생업(36~39)",10-19명,74,998.0
부산,"수도,하수및폐기물처리,원료재생업(36~39)",20-49명,72,2285.0
부산,"수도,하수및폐기물처리,원료재생업(36~39)",50-99명,37,2256.0
부산,"수도,하수및폐기물처리,원료재생업(36~39)",100-299명,3,506.0
부산,건설업(41~42),계,26395,110035.0
부산,건설업(41~42),1-4명,22723,32572.0
부산,건설업(41~42),5-9명,2023,12824.0
부산,건설업(41~42),10-19명,918,12062.0
부산,건설업(41~42),20-49명,494,15050.0
부산,건설업(41~42),50-99명,126,8741.0
부산,건설업(41~42),100-299명,86,14109.0
부산,건설업(41~42),300-499명,15,5725.0
부산,건설업(41~42),500-999명,8,5730.0
부산,건설업(41~42),1000명이상,2,
부산,도매및소매업(45~47),계,110241,235313.0
부산,도매및소매업(45~47),1-4명,101562,142573.0
부산,도매및소매업(45~47),5-9명,6177,38721.0
부산,도매및소매업(45~47),10-19명,1723,22331.0
부산,도매및소매업(45~47),20-49명,646,18538.0
부산,도매및소매업(45~47),50-99명,86,5673.0
부산,도매및소매업(45~47),100-299명,45,6670.0
부산,도매및소매업(45~47),300-499명,2,
부산,운수및창고업(49~52),계,52816,136371.0
부산,운수및창고업(49~52),1-4명,50158,55182.0
부산,운수및창고업(49~52),5-9명,1065,6936.0
부산,운수및창고업(49~52),10-19명,704,9464.0
부산,운수및창고업(49~52),20-49명,512,14969.0
부산,운수및창고업(49~52),50-99명,207,13875.0
부산,운수및창고업(49~52),100-299명,142,22636.0
부산,운수및창고업(49~52),300-499명,23,8820.0
부산,운수및창고업(49~52),500-999명,4,3309.0
부산,운수및창고업(49~52),1000명이상,1,
부산,숙박및음식점업(55~56),계,55106,153036.0
부산,숙박및음식점업(55~56),1-4명,47619,85446.0
부산,숙박및음식점업(55~56),5-9명,5876,36355.0
부산,숙박및음식점업(55~56),10-19명,1275,15989.0
부산,숙박및음식점업(55~56),20-49명,267,7849.0
부산,숙박및음식점업(55~56),50-99명,51,3222.0
부산,숙박및음식점업(55~56),100-299명,14,2335.0
부산,숙박및음식점업(55~56),300-499명,3,1325.0
부산,숙박및음식점업(55~56),500-999명,1,
부산,정보통신업(58~63),계,4655,21228.0
부산,정보통신업(58~63),1-4명,3805,5194.0
부산,정보통신업(58~63),5-9명,439,2838.0
부산,정보통신업(58~63),10-19명,232,3098.0
부산,정보통신업(58~63),20-49명,116,3320.0
부산,정보통신업(58~63),50-99명,36,2501.0
부산,정보통신업(58~63),100-299명,25,3579.0
부산,정보통신업(58~63),300-499명,2,
부산,금융및보험업(64~66),계,3894,50537.0
부산,금융및보험업(64~66),1-4명,1850,3040.0
부산,금융및보험업(64~66),5-9명,705,4825.0
부산,금융및보험업(64~66),10-19명,687,8967.0
부산,금융및보험업(64~66),20-49명,473,14775.0
부산,금융및보험업(64~66),50-99명,143,9427.0
부산,금융및보험업(64~66),100-299명,28,4075.0
부산,금융및보험업(64~66),300-499명,3,1222.0
부산,금융및보험업(64~66),500-999명,4,2913.0
부산,금융및보험업(64~66),1000명이상,1,
부산,부동산업(68),계,20479,44615.0
부산,부동산업(68),1-4명,18614,24889.0
부산,부동산업(68),5-9명,1355,8673.0
부산,부동산업(68),10-19명,383,4912.0
부산,부동산업(68),20-49명,108,3136.0
부산,부동산업(68),50-99명,10,676.0
부산,부동산업(68),100-299명,5,729.0
부산,부동산업(68),300-499명,4,1600.0
부산,"전문,과학및기술서비스업(70~73)",계,13410,60567.0
부산,"전문,과학및기술서비스업(70~73)",1-4명,10730,16318.0
부산,"전문,과학및기술서비스업(70~73)",5-9명,1574,9944.0
부산,"전문,과학및기술서비스업(70~73)",10-19명,633,8493.0
부산,"전문,과학및기술서비스업(70~73)",20-49명,316,9136.0
부산,"전문,과학및기술서비스업(70~73)",50-99명,110,7487.0
부산,"전문,과학및기술서비스업(70~73)",100-299명,40,5825.0
부산,"전문,과학및기술서비스업(70~73)",300-499명,5,1858.0
부산,"전문,과학및기술서비스업(70~73)",500-999명,2,
부산,"사업시설관리,사업지원및임대서비스업(74~76)",계,8394,75767.0
부산,"사업시설관리,사업지원및임대서비스업(74~76)",1-4명,7021,10477.0
부산,"사업시설관리,사업지원및임대서비스업(74~76)",5-9명,507,3276.0
부산,"사업시설관리,사업지원및임대서비스업(74~76)",10-19명,317,4349.0
부산,"사업시설관리,사업지원및임대서비스업(74~76)",20-49명,281,8610.0
부산,"사업시설관리,사업지원및임대서비스업(74~76)",50-99명,117,7967.0
부산,"사업시설관리,사업지원및임대서비스업(74~76)",100-299명,109,17667.0
부산,"사업시설관리,사업지원및임대서비스업(74~76)",300-499명,22,8309.0
부산,"사업시설관리,사업지원및임대서비스업(74~76)",500-999명,18,12188.0
부산,"사업시설관리,사업지원및임대서비스업(74~76)",1000명이상,2,
부산,"공공행정,국방및사회보장행정(84)",계,697,54720.0
부산,"공공행정,국방및사회보장행정(84)",1-4명,60,122.0
부산,"공공행정,국방및사회보장행정(84)",5-9명,36,253.0
부산,"공공행정,국방및사회보장행정(84)",10-19명,184,2721.0
부산,"공공행정,국방및사회보장행정(84)",20-49명,232,7178.0
부산,"공공행정,국방및사회보장행정(84)",50-99명,95,6256.0
부산,"공공행정,국방및사회보장행정(84)",100-299명,56,9822.0
부산,"공공행정,국방및사회보장행정(84)",300-499명,13,5173.0
부산,"공공행정,국방및사회보장행정(84)",500-999명,12,9479.0
부산,"공공행정,국방및사회보장행정(84)",1000명이상,9,13716.0
부산,교육서비스업(85),계,17703,106156.0
부산,교육서비스업(85),1-4명,14862,20790.0
부산,교육서비스업(85),5-9명,1317,8320.0
부산,교육서비스업(85),10-19명,550,7224.0
부산,교육서비스업(85),20-49명,467,14958.0
부산,교육서비스업(85),50-99명,434,30021.0
부산,교육서비스업(85),100-299명,53,7144.0
부산,교육서비스업(85),300-499명,8,3021.0
부산,교육서비스업(85),500-999명,6,4693.0
부산,교육서비스업(85),1000명이상,6,9985.0
부산,보건업및사회복지서비스업(86~87),계,10884,203967.0
부산,보건업및사회복지서비스업(86~87),1-4명,4795,12209.0
부산,보건업및사회복지서비스업(86~87),5-9명,2646,17067.0
부산,보건업및사회복지서비스업(86~87),10-19명,1624,21794.0
부산,보건업및사회복지서비스업(86~87),20-49명,1012,30991.0
부산,보건업및사회복지서비스업(86~87),50-99명,529,36467.0
부산,보건업및사회복지서비스업(86~87),100-299명,216,34377.0
부산,보건업및사회복지서비스업(86~87),300-499명,24,9001.0
부산,보건업및사회복지서비스업(86~87),500-999명,27,19992.0
부산,보건업및사회복지서비스업(86~87),1000명이상,11,22069.0
부산,"예술,스포츠및여가관련서비스업(90~91)",계,8394,25292.0
부산,"예술,스포츠및여가관련서비스업(90~91)",1-4명,7499,10732.0
부산,"예술,스포츠및여가관련서비스업(90~91)",5-9명,570,3655.0
부산,"예술,스포츠및여가관련서비스업(90~91)",10-19명,186,2428.0
부산,"예술,스포츠및여가관련서비스업(90~91)",20-49명,90,2807.0
부산,"예술,스포츠및여가관련서비스업(90~91)",50-99명,28,1847.0
부산,"예술,스포츠및여가관련서비스업(90~91)",100-299명,19,2967.0
부산,"예술,스포츠및여가관련서비스업(90~91)",300-499명,1,
부산,"예술,스포츠및여가관련서비스업(90~91)",500-999명,1,
부산,"협회및단체,수리및기타개인서비스업(94~96)",계,34415,60282.0
부산,"협회및단체,수리및기타개인서비스업(94~96)",1-4명,32770,41143.0
부산,"협회및단체,수리및기타개인서비스업(94~96)",5-9명,1093,6949.0
부산,"협회및단체,수리및기타개인서비스업(94~96)",10-19명,367,4787.0
부산,"협회및단체,수리및기타개인서비스업(94~96)",20-49명,153,4234.0
부산,"협회및단체,수리및기타개인서비스업(94~96)",50-99명,21,1514.0
부산,"협회및단체,수리및기타개인서비스업(94~96)",100-299명,11,1655.0
대구,전체산업,계,286841,1021246.0
대구,전체산업,1-4명,252622,356980.0
대구,전체산업,5-9명,19130,120403.0
대구,전체산업,10-19명,8396,110943.0
대구,전체산업,20-49명,4456,133545.0
대구,전체산업,50-99명,1464,100571.0
대구,전체산업,100-299명,632,98406.0
대구,전체산업,300-499명,79,30196.0
대구,전체산업,500-999명,39,25809.0
대구,전체산업,1000명이상,23,44393.0
대구,"농업,임업및어업(01~03)",계,83,563.0
대구,"농업,임업및어업(01~03)",1-4명,65,109.0
대구,"농업,임업및어업(01~03)",5-9명,9,56.0
대구,"농업,임업및어업(01~03)",10-19명,4,52.0
대구,"농업,임업및어업(01~03)",20-49명,3,78.0
대구,"농업,임업및어업(01~03)",100-299명,2,
대구,광업(05~08),계,8,73.0
대구,광업(05~08),1-4명,7,14.0
대구,광업(05~08),50-99명,1,
대구,제조업(10~34),계,28408,159551.0
대구,제조업(10~34),1-4명,22134,38528.0
대구,제조업(10~34),5-9명,3006,18546.0
대구,제조업(10~34),10-19명,1868,24352.0
대구,제조업(10~34),20-49명,1007,30326.0
대구,제조업(10~34),50-99명,261,18155.0
대구,제조업(10~34),100-299명,109,17286.0
대구,제조업(10~34),300-499명,13,4912.0
대구,제조업(10~34),500-999명,8,4950.0
대구,제조업(10~34),1000명이상,2,
대구,"전기,가스,증기및공기조절공급업(35)",계,1965,4561.0
대구,"전기,가스,증기및공기조절공급업(35)",1-4명,1937,2033.0
대구,"전기,가스,증기및공기조절공급업(35)",5-9명,8,52.0
대구,"전기,가스,증기및공기조절공급업(35)",10-19명,3,43.0
대구,"전기,가스,증기및공기조절공급업(35)",20-49명,4,104.0
대구,"전기,가스,증기및공기조절공급업(35)",50-99명,6,400.0
대구,"전기,가스,증기및공기조절공급업(35)",100-299명,6,923.0
대구,"전기,가스,증기및공기조절공급업(35)",1000명이상,1,
대구,"수도,하수및폐기물처리,원료재생업(36~39)",계,496,4663.0
대구,"수도,하수및폐기물처리,원료재생업(36~39)",1-4명,333,626.0
대구,"수도,하수및폐기물처리,원료재생업(36~39)",5-9명,48,319.0
대구,"수도,하수및폐기물처리,원료재생업(36~39)",10-19명,55,736.0
대구,"수도,하수및폐기물처리,원료재생업(36~39)",20-49명,43,1438.0
대구,"수도,하수및폐기물처리,원료재생업(36~39)",50-99명,13,926.0
대구,"수도,하수및폐기물처리,원료재생업(36~39)",100-299명,4,618.0
대구,건설업(41~42),계,20418,70905.0
대구,건설업(41~42),1-4명,17776,24442.0
대구,건설업(41~42),5-9명,1526,9766.0
대구,건설업(41~42),10-19명,662,8768.0
대구,건설업(41~42),20-49명,332,9805.0
대구,건설업(41~42),50-99명,73,5013.0
대구,건설업(41~42),100-299명,35,6146.0
대구,건설업(41~42),300-499명,9,3319.0
대구,건설업(41~42),500-999명,5,3646.0
대구,도매및소매업(45~47),계,76045,152493.0
대구,도매및소매업(45~47),1-4명,70806,97148.0
대구,도매및소매업(45~47),5-9명,3733,23137.0
대구,도매및소매업(45~47),10-19명,1062,13890.0
대구,도매및소매업(45~47),20-49명,359,9849.0
대구,도매및소매업(45~47),50-99명,57,3717.0
대구,도매및소매업(45~47),100-299명,25,3767.0
대구,도매및소매업(45~47),300-499명,3,985.0
대구,운수및창고업(49~52),계,33457,59297.0
대구,운수및창고업(49~52),1-4명,32678,34293.0
대구,운수및창고업(49~52),5-9명,260,1693.0
대구,운수및창고업(49~52),10-19명,192,2555.0
대구,운수및창고업(49~52),20-49명,197,5968.0
대구,운수및창고업(49~52),50-99명,76,5325.0
대구,운수및창고업(49~52),100-299명,50,7864.0
대구,운수및창고업(49~52),300-499명,3,1073.0
대구,운수및창고업(49~52),500-999명,1,
대구,숙박및음식점업(55~56),계,37729,94265.0
대구,숙박및음식점업(55~56),1-4명,33305,58153.0
대구,숙박및음식점업(55~56),5-9명,3580,22076.0
대구,숙박및음식점업(55~56),10-19명,710,8805.0
대구,숙박및음식점업(55~56),20-49명,107,2953.0
대구,숙박및음식점업(55~56),50-99명,21,1275.0
대구,숙박및음식점업(55~56),100-299명,5,687.0
대구,숙박및음식점업(55~56),300-499명,1,
대구,정보통신업(58~63),계,3141,15968.0
대구,정보통신업(58~63),1-4명,2579,3524.0
대구,정보통신업(58~63),5-9명,260,1664.0
대구,정보통신업(58~63),10-19명,175,2327.0
대구,정보통신업(58~63),20-49명,77,2218.0
대구,정보통신업(58~63),50-99명,25,1773.0
대구,정보통신업(58~63),100-299명,23,3352.0
대구,정보통신업(58~63),300-499명,1,
대구,정보통신업(58~63),500-999명,1,
대구,금융및보험업(64~66),계,2895,32499.0
대구,금융및보험업(64~66),1-4명,1433,2279.0
대구,금융및보험업(64~66),5-9명,543,3689.0
대구,금융및보험업(64~66),10-19명,486,6552.0
대구,금융및보험업(64~66),20-49명,316,9845.0
대구,금융및보험업(64~66),50-99명,93,6074.0
대구,금융및보험업(64~66),100-299명,22,2892.0
대구,금융및보험업(64~66),300-499명,1,
대구,금융및보험업(64~66),500-999명,1,
대구,부동산업(68),계,12214,29114.0
대구,부동산업(68),1-4명,11034,14006.0
대구,부동산업(68),5-9명,658,4288.0
대구,부동산업(68),10-19명,366,5027.0
대구,부동산업(68),20-49명,145,3858.0
대구,부동산업(68),50-99명,5,288.0
대구,부동산업(68),100-299명,5,1009.0
대구,부동산업(68),500-999명,1,
대구,"전문,과학및기술서비스업(70~73)",계,8883,35746.0
대구,"전문,과학및기술서비스업(70~73)",1-4명,7211,10813.0
대구,"전문,과학및기술서비스업(70~73)",5-9명,995,6353.0
대구,"전문,과학및기술서비스업(70~73)",10-19명,420,5494.0
대구,"전문,과학및기술서비스업(70~73)",20-49명,188,5629.0
대구,"전문,과학및기술서비스업(70~73)",50-99명,49,3352.0
대구,"전문,과학및기술서비스업(70~73)",100-299명,15,2296.0
대구,"전문,과학및기술서비스업(70~73)",300-499명,5,1809.0
대구,"사업시설관리,사업지원및임대서비스업(74~76)",계,5339,46699.0
대구,"사업시설관리,사업지원및임대서비스업(74~76)",1-4명,4386,6118.0
대구,"사업시설관리,사업지원및임대서비스업(74~76)",5-9명,377,2449.0
대구,"사업시설관리,사업지원및임대서비스업(74~76)",10-19명,240,3185.0
대구,"사업시설관리,사업지원및임대서비스업(74~76)",20-49명,195,5878.0
대구,"사업시설관리,사업지원및임대서비스업(74~76)",50-99명,67,4532.0
대구,"사업시설관리,사업지원및임대서비스업(74~76)",100-299명,49,8349.0
대구,"사업시설관리,사업지원및임대서비스업(74~76)",300-499명,13,5136.0
대구,"사업시설관리,사업지원및임대서비스업(74~76)",500-999명,9,6004.0
대구,"사업시설관리,사업지원및임대서비스업(74~76)",1000명이상,3,5048.0
대구,"공공행정,국방및사회보장행정(84)",계,495,37580.0
대구,"공공행정,국방및사회보장행정(84)",1-4명,40,66.0
대구,"공공행정,국방및사회보장행정(84)",5-9명,26,194.0
대구,"공공행정,국방및사회보장행정(84)",10-19명,129,1937.0
대구,"공공행정,국방및사회보장행정(84)",20-49명,159,4974.0
대구,"공공행정,국방및사회보장행정(84)",50-99명,73,4736.0
대구,"공공행정,국방및사회보장행정(84)",100-299명,48,7956.0
대구,"공공행정,국방및사회보장행정(84)",300-499명,6,2408.0
대구,"공공행정,국방및사회보장행정(84)",500-999명,7,4532.0
대구,"공공행정,국방및사회보장행정(84)",1000명이상,7,10777.0
대구,교육서비스업(85),계,14319,82871.0
대구,교육서비스업(85),1-4명,12171,16577.0
대구,교육서비스업(85),5-9명,1013,6313.0
대구,교육서비스업(85),10-19명,383,5136.0
대구,교육서비스업(85),20-49명,330,10745.0
대구,교육서비스업(85),50-99명,328,23252.0
대구,교육서비스업(85),100-299명,84,10342.0
대구,교육서비스업(85),300-499명,4,1769.0
대구,교육서비스업(85),500-999명,4,2741.0
대구,교육서비스업(85),1000명이상,2,
대구,보건업및사회복지서비스업(86~87),계,8326,135545.0
대구,보건업및사회복지서비스업(86~87),1-4명,3689,9706.0
대구,보건업및사회복지서비스업(86~87),5-9명,2071,13363.0
대구,보건업및사회복지서비스업(86~87),10-19명,1298,17597.0
대구,보건업및사회복지서비스업(86~87),20-49명,813,24607.0
대구,보건업및사회복지서비스업(86~87),50-99명,290,19954.0
대구,보건업및사회복지서비스업(86~87),100-299명,136,22639.0
대구,보건업및사회복지서비스업(86~87),300-499명,19,7250.0
대구,보건업및사회복지서비스업(86~87),500-999명,2,
대구,보건업및사회복지서비스업(86~87),1000명이상,8,19070.0
대구,"예술,스포츠및여가관련서비스업(90~91)",계,6548,16377.0
대구,"예술,스포츠및여가관련서비스업(90~91)",1-4명,5989,8235.0
대구,"예술,스포츠및여가관련서비스업(90~91)",5-9명,370,2322.0
대구,"예술,스포츠및여가관련서비스업(90~91)",10-19명,95,1222.0
대구,"예술,스포츠및여가관련서비스업(90~91)",20-49명,73,2368.0
대구,"예술,스포츠및여가관련서비스업(90~91)",50-99명,11,706.0
대구,"예술,스포츠및여가관련서비스업(90~91)",100-299명,10,1524.0
대구,"협회및단체,수리및기타개인서비스업(94~96)",계,26072,42476.0
대구,"협회및단체,수리및기타개인서비스업(94~96)",1-4명,25049,30310.0
대구,"협회및단체,수리및기타개인서비스업(94~96)",5-9명,647,4123.0
대구,"협회및단체,수리및기타개인서비스업(94~96)",10-19명,248,3265.0
대구,"협회및단체,수리및기타개인서비스업(94~96)",20-49명,108,2902.0
대구,"협회및단체,수리및기타개인서비스업(94~96)",50-99명,15,1034.0
대구,"협회및단체,수리및기타개인서비스업(94~96)",100-299명,4,488.0
대구,"협회및단체,수리및기타개인서비스업(94~96)",300-499명,1,
인천,전체산업,계,328929,1271660.0
인천,전체산업,1-4명,286887,395915.0
인천,전체산업,5-9명,23479,149355.0
인천,전체산업,10-19명,10262,134715.0
인천,전체산업,20-49명,5577,166739.0
인천,전체산업,50-99명,1741,118482.0
인천,전체산업,100-299명,781,123486.0
인천,전체산업,300-499명,94,35720.0
인천,전체산업,500-999명,53,37120.0
인천,전체산업,1000명이상,55,110128.0
인천,"농업,임업및어업(01~03)",계,123,442.0
인천,"농업,임업및어업(01~03)",1-4명,100,184.0
인천,"농업,임업및어업(01~03)",5-9명,19,113.0
인천,"농업,임업및어업(01~03)",10-19명,2,
인천,"농업,임업및어업(01~03)",20-49명,1,
인천,"농업,임업및어업(01~03)",50-99명,1,
인천,광업(05~08),계,33,397.0
인천,광업(05~08),1-4명,15,30.0
인천,광업(05~08),5-9명,6,37.0
인천,광업(05~08),10-19명,3,42.0
인천,광업(05~08),20-49명,8,236.0
인천,광업(05~08),50-99명,1,
인천,제조업(10~34),계,29156,242091.0
인천,제조업(10~34),1-4명,20112,37245.0
인천,제조업(10~34),5-9명,4183,26491.0
인천,제조업(10~34),10-19명,2695,35559.0
인천,제조업(10~34),20-49명,1576,46812.0
인천,제조업(10~34),50-99명,349,24200.0
인천,제조업(10~34),100-299명,206,32347.0
인천,제조업(10~34),300-499명,18,7136.0
인천,제조업(10~34),500-999명,7,4729.0
인천,제조업(10~34),1000명이상,10,27572.0
인천,"전기,가스,증기및공기조절공급업(35)",계,681,4544.0
인천,"전기,가스,증기및공기조절공급업(35)",1-4명,633,671.0
인천,"전기,가스,증기및공기조절공급업(35)",5-9명,14,87.0
인천,"전기,가스,증기및공기조절공급업(35)",10-19명,8,110.0
인천,"전기,가스,증기및공기조절공급업(35)",20-49명,8,345.0
인천,"전기,가스,증기및공기조절공급업(35)",50-99명,8,633.0
인천,"전기,가스,증기및공기조절공급업(35)",100-299명,8,1720.0
인천,"전기,가스,증기및공기조절공급업(35)",300-499명,1,
인천,"전기,가스,증기및공기조절공급업(35)",500-999명,1,
인천,"수도,하수및폐기물처리,원료재생업(36~39)",계,767,7951.0
인천,"수도,하수및폐기물처리,원료재생업(36~39)",1-4명,462,841.0
인천,"수도,하수및폐기물처리,원료재생업(36~39)",5-9명,110,728.0
인천,"수도,하수및폐기물처리,원료재생업(36~39)",10-19명,90,1224.0
인천,"수도,하수및폐기물처리,원료재생업(36~39)",20-49명,73,2152.0
인천,"수도,하수및폐기물처리,원료재생업(36~39)",50-99명,22,1529.0
인천,"수도,하수및폐기물처리,원료재생업(36~39)",100-299명,9,1126.0
인천,"수도,하수및폐기물처리,원료재생업(36~39)",300-499명,1,
인천,건설업(41~42),계,26536,81837.0
인천,건설업(41~42),1-4명,23848,30800.0
인천,건설업(41~42),5-9명,1522,9703.0
인천,건설업(41~42),10-19명,653,8417.0
인천,건설업(41~42),20-49명,353,10071.0
인천,건설업(41~42),50-99명,97,6226.0
인천,건설업(41~42),100-299명,51,7759.0
인천,건설업(41~42),300-499명,8,2945.0
인천,건설업(41~42),1000명이상,4,5916.0
인천,도매및소매업(45~47),계,89140,176309.0
인천,도매및소매업(45~47),1-4명,82957,107339.0
인천,도매및소매업(45~47),5-9명,4275,27116.0
인천,도매및소매업(45~47),10-19명,1335,17194.0
인천,도매및소매업(45~47),20-49명,464,12829.0
인천,도매및소매업(45~47),50-99명,76,5081.0
인천,도매및소매업(45~47),100-299명,29,4016.0
인천,도매및소매업(45~47),300-499명,1,
인천,도매및소매업(45~47),500-999명,2,
인천,도매및소매업(45~47),1000명이상,1,
인천,운수및창고업(49~52),계,41572,100309.0
인천,운수및창고업(49~52),1-4명,39870,43016.0
인천,운수및창고업(49~52),5-9명,767,4943.0
인천,운수및창고업(49~52),10-19명,413,5404.0
인천,운수및창고업(49~52),20-49명,281,8475.0
인천,운수및창고업(49~52),50-99명,126,8545.0
인천,운수및창고업(49~52),100-299명,93,14215.0
인천,운수및창고업(49~52),300-499명,12,4380.0
인천,운수및창고업(49~52),500-999명,3,1973.0
인천,운수및창고업(49~52),1000명이상,7,9358.0
인천,숙박및음식점업(55~56),계,41849,112402.0
인천,숙박및음식점업(55~56),1-4명,36207,63662.0
인천,숙박및음식점업(55~56),5-9명,4480,27645.0
인천,숙박및음식점업(55~56),10-19명,952,11874.0
인천,숙박및음식점업(55~56),20-49명,171,4944.0
인천,숙박및음식점업(55~56),50-99명,30,1839.0
인천,숙박및음식점업(55~56),100-299명,6,718.0
인천,숙박및음식점업(55~56),300-499명,1,
인천,숙박및음식점업(55~56),500-999명,2,
인천,정보통신업(58~63),계,5689,16133.0
인천,정보통신업(58~63),1-4명,5239,6192.0
인천,정보통신업(58~63),5-9명,229,1470.0
인천,정보통신업(58~63),10-19명,118,1578.0
인천,정보통신업(58~63),20-49명,75,2217.0
인천,정보통신업(58~63),50-99명,14,924.0
인천,정보통신업(58~63),100-299명,12,2137.0
인천,정보통신업(58~63),300-499명,1,
인천,정보통신업(58~63),1000명이상,1,
인천,금융및보험업(64~66),계,2459,24128.0
인천,금융및보험업(64~66),1-4명,1314,1983.0
인천,금융및보험업(64~66),5-9명,417,2836.0
인천,금융및보험업(64~66),10-19명,401,5221.0
인천,금융및보험업(64~66),20-49명,230,6985.0
인천,금융및보험업(64~66),50-99명,87,5466.0
인천,금융및보험업(64~66),100-299명,10,1637.0
인천,부동산업(68),계,14172,32578.0
인천,부동산업(68),1-4명,12883,16795.0
인천,부동산업(68),5-9명,931,5973.0
인천,부동산업(68),10-19명,267,3407.0
인천,부동산업(68),20-49명,71,2100.0
인천,부동산업(68),50-99명,10,711.0
인천,부동산업(68),100-299명,7,963.0
인천,부동산업(68),300-499명,2,
인천,부동산업(68),1000명이상,1,
인천,"전문,과학및기술서비스업(70~73)",계,10177,45432.0
인천,"전문,과학및기술서비스업(70~73)",1-4명,8616,11902.0
인천,"전문,과학및기술서비스업(70~73)",5-9명,919,5834.0
인천,"전문,과학및기술서비스업(70~73)",10-19명,389,5189.0
인천,"전문,과학및기술서비스업(70~73)",20-49명,168,5036.0
인천,"전문,과학및기술서비스업(70~73)",50-99명,47,3083.0
인천,"전문,과학및기술서비스업(70~73)",100-299명,27,4599.0
인천,"전문,과학및기술서비스업(70~73)",300-499명,4,1576.0
인천,"전문,과학및기술서비스업(70~73)",500-999명,4,3004.0
인천,"전문,과학및기술서비스업(70~73)",1000명이상,3,5209.0
인천,"사업시설관리,사업지원및임대서비스업(74~76)",계,7650,70006.0
인천,"사업시설관리,사업지원및임대서비스업(74~76)",1-4명,6515,8606.0
인천,"사업시설관리,사업지원및임대서비스업(74~76)",5-9명,448,2915.0
인천,"사업시설관리,사업지원및임대서비스업(74~76)",10-19명,239,3158.0
인천,"사업시설관리,사업지원및임대서비스업(74~76)",20-49명,267,8035.0
인천,"사업시설관리,사업지원및임대서비스업(74~76)",50-99명,80,5644.0
인천,"사업시설관리,사업지원및임대서비스업(74~76)",100-299명,67,11618.0
인천,"사업시설관리,사업지원및임대서비스업(74~76)",300-499명,16,6051.0
인천,"사업시설관리,사업지원및임대서비스업(74~76)",500-999명,9,5833.0
인천,"사업시설관리,사업지원및임대서비스업(74~76)",1000명이상,9,18146.0
인천,"공공행정,국방및사회보장행정(84)",계,526,44448.0
인천,"공공행정,국방및사회보장행정(84)",1-4명,44,85.0
인천,"공공행정,국방및사회보장행정(84)",5-9명,38,254.0
인천,"공공행정,국방및사회보장행정(84)",10-19명,112,1715.0
인천,"공공행정,국방및사회보장행정(84)",20-49명,200,5847.0
인천,"공공행정,국방및사회보장행정(84)",50-99명,53,3653.0
인천,"공공행정,국방및사회보장행정(84)",100-299명,52,8678.0
인천,"공공행정,국방및사회보장행정(84)",300-499명,8,3430.0
인천,"공공행정,국방및사회보장행정(84)",500-999명,12,8616.0
인천,"공공행정,국방및사회보장행정(84)",1000명이상,7,12170.0
인천,교육서비스업(85),계,14196,82713.0
인천,교육서비스업(85),1-4명,11703,16807.0
인천,교육서비스업(85),5-9명,1237,7876.0
인천,교육서비스업(85),10-19명,458,6021.0
인천,교육서비스업(85),20-49명,349,11833.0
인천,교육서비스업(85),50-99명,377,26449.0
인천,교육서비스업(85),100-299명,66,8937.0
인천,교육서비스업(85),300-499명,4,1522.0
인천,교육서비스업(85),1000명이상,2,
인천,보건업및사회복지서비스업(86~87),계,8825,158215.0
인천,보건업및사회복지서비스업(86~87),1-4명,3098,7992.0
인천,보건업및사회복지서비스업(86~87),5-9명,2532,16636.0
인천,보건업및사회복지서비스업(86~87),10-19명,1628,22220.0
인천,보건업및사회복지서비스업(86~87),20-49명,1092,33171.0
인천,보건업및사회복지서비스업(86~87),50-99명,320,21647.0
인천,보건업및사회복지서비스업(86~87),100-299명,121,20403.0
인천,보건업및사회복지서비스업(86~87),300-499명,14,5020.0
인천,보건업및사회복지서비스업(86~87),500-999명,12,8807.0
인천,보건업및사회복지서비스업(86~87),1000명이상,8,22319.0
인천,"예술,스포츠및여가관련서비스업(90~91)",계,8375,23490.0
인천,"예술,스포츠및여가관련서비스업(90~91)",1-4명,7616,10247.0
인천,"예술,스포츠및여가관련서비스업(90~91)",5-9명,501,3185.0
인천,"예술,스포츠및여가관련서비스업(90~91)",10-19명,163,2045.0
인천,"예술,스포츠및여가관련서비스업(90~91)",20-49명,55,1759.0
인천,"예술,스포츠및여가관련서비스업(90~91)",50-99명,24,1500.0
인천,"예술,스포츠및여가관련서비스업(90~91)",100-299명,12,1874.0
인천,"예술,스포츠및여가관련서비스업(90~91)",300-499명,2,
인천,"예술,스포츠및여가관련서비스업(90~91)",1000명이상,2,
인천,"협회및단체,수리및기타개인서비스업(94~96)",계,27003,48235.0
인천,"협회및단체,수리및기타개인서비스업(94~96)",1-4명,25655,31518.0
인천,"협회및단체,수리및기타개인서비스업(94~96)",5-9명,851,5513.0
인천,"협회및단체,수리및기타개인서비스업(94~96)",10-19명,336,4306.0
인천,"협회및단체,수리및기타개인서비스업(94~96)",20-49명,135,3847.0
인천,"협회및단체,수리및기타개인서비스업(94~96)",50-99명,19,1231.0
인천,"협회및단체,수리및기타개인서비스업(94~96)",100-299명,5,739.0
인천,"협회및단체,수리및기타개인서비스업(94~96)",300-499명,1,
인천,"협회및단체,수리및기타개인서비스업(94~96)",500-999명,1,
광주,전체산업,계,175238,673601.0
광주,전체산업,1-4명,153815,214907.0
광주,전체산업,5-9명,12110,77016.0
광주,전체산업,10-19명,5004,65730.0
광주,전체산업,20-49명,2793,84184.0
광주,전체산업,50-99명,943,64278.0
광주,전체산업,100-299명,452,73985.0
광주,전체산업,300-499명,68,25344.0
광주,전체산업,500-999명,31,20319.0
광주,전체산업,1000명이상,22,47838.0
광주,"농업,임업및어업(01~03)",계,93,448.0
광주,"농업,임업및어업(01~03)",1-4명,81,111.0
광주,"농업,임업및어업(01~03)",5-9명,6,37.0
광주,"농업,임업및어업(01~03)",10-19명,2,
광주,"농업,임업및어업(01~03)",20-49명,3,99.0
광주,"농업,임업및어업(01~03)",100-299명,1,
광주,광업(05~08),계,9,25.0
광주,광업(05~08),1-4명,7,14.0
광주,광업(05~08),5-9명,2,
광주,제조업(10~34),계,10166,80250.0
광주,제조업(10~34),1-4명,7637,13017.0
광주,제조업(10~34),5-9명,1175,7394.0
광주,제조업(10~34),10-19명,728,9392.0
광주,제조업(10~34),20-49명,439,13176.0
광주,제조업(10~34),50-99명,110,7554.0
광주,제조업(10~34),100-299명,60,9618.0
광주,제조업(10~34),300-499명,8,2875.0
광주,제조업(10~34),500-999명,5,3360.0
광주,제조업(10~34),1000명이상,4,13864.0
광주,"전기,가스,증기및공기조절공급업(35)",계,2470,3982.0
광주,"전기,가스,증기및공기조절공급업(35)",1-4명,2439,2555.0
광주,"전기,가스,증기및공기조절공급업(35)",5-9명,17,99.0
광주,"전기,가스,증기및공기조절공급업(35)",10-19명,4,54.0
광주,"전기,가스,증기및공기조절공급업(35)",20-49명,2,
광주,"전기,가스,증기및공기조절공급업(35)",50-99명,5,331.0
광주,"전기,가스,증기및공기조절공급업(35)",100-299명,1,
광주,"전기,가스,증기및공기조절공급업(35)",300-499명,2,
광주,"수도,하수및폐기물처리,원료재생업(36~39)",계,260,2673.0
광주,"수도,하수및폐기물처리,원료재생업(36~39)",1-4명,156,300.0
광주,"수도,하수및폐기물처리,원료재생업(36~39)",5-9명,52,349.0
광주,"수도,하수및폐기물처리,원료재생업(36~39)",10-19명,20,255.0
광주,"수도,하수및폐기물처리,원료재생업(36~39)",20-49명,21,674.0
광주,"수도,하수및폐기물처리,원료재생업(36~39)",50-99명,5,338.0
광주,"수도,하수및폐기물처리,원료재생업(36~39)",100-299명,6,757.0
광주,건설업(41~42),계,15986,68055.0
광주,건설업(41~42),1-4명,13658,18392.0
광주,건설업(41~42),5-9명,1307,8319.0
광주,건설업(41~42),10-19명,547,7308.0
광주,건설업(41~42),20-49명,309,9127.0
광주,건설업(41~42),50-99명,81,5357.0
광주,건설업(41~42),100-299명,66,10909.0
광주,건설업(41~42),300-499명,10,3771.0
광주,건설업(41~42),500-999명,7,3850.0
광주,건설업(41~42),1000명이상,1,
광주,도매및소매업(45~47),계,43410,90215.0
광주,도매및소매업(45~47),1-4명,40130,56022.0
광주,도매및소매업(45~47),5-9명,2290,14498.0
광주,도매및소매업(45~47),10-19명,741,9505.0
광주,도매및소매업(45~47),20-49명,209,5812.0
광주,도매및소매업(45~47),50-99명,21,1364.0
광주,도매및소매업(45~47),100-299명,18,2673.0
광주,도매및소매업(45~47),300-499명,1,
광주,운수및창고업(49~52),계,20508,39134.0
광주,운수및창고업(49~52),1-4명,19945,21022.0
광주,운수및창고업(49~52),5-9명,164,1060.0
광주,운수및창고업(49~52),10-19명,151,2084.0
광주,운수및창고업(49~52),20-49명,173,5226.0
광주,운수및창고업(49~52),50-99명,47,3115.0
광주,운수및창고업(49~52),100-299명,24,4257.0
광주,운수및창고업(49~52),300-499명,2,
광주,운수및창고업(49~52),500-999명,2,
광주,숙박및음식점업(55~56),계,21603,56342.0
광주,숙박및음식점업(55~56),1-4명,18687,33475.0
광주,숙박및음식점업(55~56),5-9명,2456,15212.0
광주,숙박및음식점업(55~56),10-19명,387,4825.0
광주,숙박및음식점업(55~56),20-49명,58,1754.0
광주,숙박및음식점업(55~56),50-99명,13,750.0
광주,숙박및음식점업(55~56),100-299명,2,
광주,정보통신업(58~63),계,2089,10267.0
광주,정보통신업(58~63),1-4명,1708,2305.0
광주,정보통신업(58~63),5-9명,196,1244.0
광주,정보통신업(58~63),10-19명,94,1292.0
광주,정보통신업(58~63),20-49명,55,1637.0
광주,정보통신업(58~63),50-99명,20,1268.0
광주,정보통신업(58~63),100-299명,16,2521.0
광주,금융및보험업(64~66),계,2105,21487.0
광주,금융및보험업(64~66),1-4명,1087,1737.0
광주,금융및보험업(64~66),5-9명,424,2908.0
광주,금융및보험업(64~66),10-19명,303,3941.0
광주,금융및보험업(64~66),20-49명,213,6597.0
광주,금융및보험업(64~66),50-99명,67,4305.0
광주,금융및보험업(64~66),100-299명,10,1384.0
광주,금융및보험업(64~66),500-999명,1,
광주,부동산업(68),계,8867,19074.0
광주,부동산업(68),1-4명,8077,10013.0
광주,부동산업(68),5-9명,462,3050.0
광주,부동산업(68),10-19명,252,3307.0
광주,부동산업(68),20-49명,68,1654.0
광주,부동산업(68),50-99명,3,195.0
광주,부동산업(68),100-299명,5,855.0
광주,"전문,과학및기술서비스업(70~73)",계,6544,29207.0
광주,"전문,과학및기술서비스업(70~73)",1-4명,5434,7990.0
광주,"전문,과학및기술서비스업(70~73)",5-9명,633,4057.0
광주,"전문,과학및기술서비스업(70~73)",10-19명,288,3847.0
광주,"전문,과학및기술서비스업(70~73)",20-49명,132,3935.0
광주,"전문,과학및기술서비스업(70~73)",50-99명,35,2450.0
광주,"전문,과학및기술서비스업(70~73)",100-299명,18,2550.0
광주,"전문,과학및기술서비스업(70~73)",300-499명,2,
광주,"전문,과학및기술서비스업(70~73)",1000명이상,2,
광주,"사업시설관리,사업지원및임대서비스업(74~76)",계,3768,32227.0
광주,"사업시설관리,사업지원및임대서비스업(74~76)",1-4명,3162,4366.0
광주,"사업시설관리,사업지원및임대서비스업(74~76)",5-9명,236,1559.0
광주,"사업시설관리,사업지원및임대서비스업(74~76)",10-19명,125,1690.0
광주,"사업시설관리,사업지원및임대서비스업(74~76)",20-49명,137,4090.0
광주,"사업시설관리,사업지원및임대서비스업(74~76)",50-99명,63,4337.0
광주,"사업시설관리,사업지원및임대서비스업(74~76)",100-299명,27,4618.0
광주,"사업시설관리,사업지원및임대서비스업(74~76)",300-499명,11,3802.0
광주,"사업시설관리,사업지원및임대서비스업(74~76)",500-999명,5,3335.0
광주,"사업시설관리,사업지원및임대서비스업(74~76)",1000명이상,2,
광주,"공공행정,국방및사회보장행정(84)",계,283,22853.0
광주,"공공행정,국방및사회보장행정(84)",1-4명,21,41.0
광주,"공공행정,국방및사회보장행정(84)",5-9명,11,76.0
광주,"공공행정,국방및사회보장행정(84)",10-19명,96,1413.0
광주,"공공행정,국방및사회보장행정(84)",20-49명,75,2327.0
광주,"공공행정,국방및사회보장행정(84)",50-99명,39,2770.0
광주,"공공행정,국방및사회보장행정(84)",100-299명,27,4204.0
광주,"공공행정,국방및사회보장행정(84)",300-499명,5,1820.0
광주,"공공행정,국방및사회보장행정(84)",500-999명,4,2614.0
광주,"공공행정,국방및사회보장행정(84)",1000명이상,5,7588.0
광주,교육서비스업(85),계,8569,52184.0
광주,교육서비스업(85),1-4명,7268,10325.0
광주,교육서비스업(85),5-9명,604,3854.0
광주,교육서비스업(85),10-19명,227,2937.0
광주,교육서비스업(85),20-49명,194,6349.0
광주,교육서비스업(85),50-99명,239,16622.0
광주,교육서비스업(85),100-299명,29,4189.0
광주,교육서비스업(85),300-499명,5,1867.0
광주,교육서비스업(85),500-999명,1,
광주,교육서비스업(85),1000명이상,2,
광주,보건업및사회복지서비스업(86~87),계,5584,102915.0
광주,보건업및사회복지서비스업(86~87),1-4명,2549,6369.0
광주,보건업및사회복지서비스업(86~87),5-9명,1300,8339.0
광주,보건업및사회복지서비스업(86~87),10-19명,794,10677.0
광주,보건업및사회복지서비스업(86~87),20-49명,599,18526.0
광주,보건업및사회복지서비스업(86~87),50-99명,180,12541.0
광주,보건업및사회복지서비스업(86~87),100-299명,132,23241.0
광주,보건업및사회복지서비스업(86~87),300-499명,18,7056.0
광주,보건업및사회복지서비스업(86~87),500-999명,6,4079.0
광주,보건업및사회복지서비스업(86~87),1000명이상,6,12087.0
광주,"예술,스포츠및여가관련서비스업(90~91)",계,4517,11806.0
광주,"예술,스포츠및여가관련서비스업(90~91)",1-4명,4109,5618.0
광주,"예술,스포츠및여가관련서비스업(90~91)",5-9명,287,1859.0
광주,"예술,스포츠및여가관련서비스업(90~91)",10-19명,74,996.0
광주,"예술,스포츠및여가관련서비스업(90~91)",20-49명,31,969.0
광주,"예술,스포츠및여가관련서비스업(90~91)",50-99명,8,532.0
광주,"예술,스포츠및여가관련서비스업(90~91)",100-299명,6,956.0
광주,"예술,스포츠및여가관련서비스업(90~91)",300-499명,2,
광주,"협회및단체,수리및기타개인서비스업(94~96)",계,18407,30457.0
광주,"협회및단체,수리및기타개인서비스업(94~96)",1-4명,17660,21235.0
광주,"협회및단체,수리및기타개인서비스업(94~96)",5-9명,488,3091.0
광주,"협회및단체,수리및기타개인서비스업(94~96)",10-19명,171,2180.0
광주,"협회및단체,수리및기타개인서비스업(94~96)",20-49명,75,2159.0
광주,"협회및단체,수리및기타개인서비스업(94~96)",50-99명,7,449.0
광주,"협회및단체,수리및기타개인서비스업(94~96)",100-299명,4,560.0
광주,"협회및단체,수리및기타개인서비스업(94~96)",300-499명,2,
대전,전체산업,계,172209,706075.0
대전,전체산업,1-4명,150390,212761.0
대전,전체산업,5-9명,12479,79558.0
대전,전체산업,10-19명,4957,65144.0
대전,전체산업,20-49명,2786,83827.0
대전,전체산업,50-99명,952,65334.0
대전,전체산업,100-299명,478,75262.0
대전,전체산업,300-499명,85,32167.0
대전,전체산업,500-999명,50,36976.0
대전,전체산업,1000명이상,32,55046.0
대전,"농업,임업및어업(01~03)",계,74,171.0
대전,"농업,임업및어업(01~03)",1-4명,68,108.0
대전,"농업,임업및어업(01~03)",5-9명,4,23.0
대전,"농업,임업및어업(01~03)",10-19명,1,
대전,"농업,임업및어업(01~03)",20-49명,1,
대전,광업(05~08),계,6,21.0
대전,광업(05~08),1-4명,4,10.0
대전,광업(05~08),5-9명,2,
대전,제조업(10~34),계,9939,66618.0
대전,제조업(10~34),1-4명,7878,13532.0
대전,제조업(10~34),5-9명,1011,6397.0
대전,제조업(10~34),10-19명,530,6991.0
대전,제조업(10~34),20-49명,330,9905.0
대전,제조업(10~34),50-99명,102,7241.0
대전,제조업(10~34),100-299명,69,10876.0
대전,제조업(10~34),300-499명,12,4420.0
대전,제조업(10~34),500-999명,4,2966.0
대전,제조업(10~34),1000명이상,3,4290.0
대전,"전기,가스,증기및공기조절공급업(35)",계,622,2109.0
대전,"전기,가스,증기및공기조절공급업(35)",1-4명,601,646.0
대전,"전기,가스,증기및공기조절공급업(35)",5-9명,5,28.0
대전,"전기,가스,증기및공기조절공급업(35)",10-19명,2,
대전,"전기,가스,증기및공기조절공급업(35)",20-49명,4,126.0
대전,"전기,가스,증기및공기조절공급업(35)",50-99명,7,437.0
대전,"전기,가스,증기및공기조절공급업(35)",100-299명,2,
대전,"전기,가스,증기및공기조절공급업(35)",300-499명,1,
대전,"수도,하수및폐기물처리,원료재생업(36~39)",계,236,4207.0
대전,"수도,하수및폐기물처리,원료재생업(36~39)",1-4명,154,314.0
대전,"수도,하수및폐기물처리,원료재생업(36~39)",5-9명,36,232.0
대전,"수도,하수및폐기물처리,원료재생업(36~39)",10-19명,14,173.0
대전,"수도,하수및폐기물처리,원료재생업(36~39)",20-49명,19,591.0
대전,"수도,하수및폐기물처리,원료재생업(36~39)",50-99명,9,622.0
대전,"수도,하수및폐기물처리,원료재생업(36~39)",100-299명,2,
대전,"수도,하수및폐기물처리,원료재생업(36~39)",300-499명,1,
대전,"수도,하수및폐기물처리,원료재생업(36~39)",1000명이상,1,
대전,건설업(41~42),계,14140,58437.0
대전,건설업(41~42),1-4명,12217,16532.0
대전,건설업(41~42),5-9명,1067,6803.0
대전,건설업(41~42),10-19명,475,6267.0
대전,건설업(41~42),20-49명,262,7841.0
대전,건설업(41~42),50-99명,62,4236.0
대전,건설업(41~42),100-299명,42,6853.0
대전,건설업(41~42),300-499명,10,3573.0
대전,건설업(41~42),500-999명,1,
대전,건설업(41~42),1000명이상,4,5683.0
대전,도매및소매업(45~47),계,46931,97979.0
대전,도매및소매업(45~47),1-4명,43321,60092.0
대전,도매및소매업(45~47),5-9명,2585,16317.0
대전,도매및소매업(45~47),10-19명,726,9340.0
대전,도매및소매업(45~47),20-49명,237,6668.0
대전,도매및소매업(45~47),50-99명,43,2731.0
대전,도매및소매업(45~47),100-299명,18,2498.0
대전,도매및소매업(45~47),300-499명,1,
대전,운수및창고업(49~52),계,19111,36024.0
대전,운수및창고업(49~52),1-4명,18619,19440.0
대전,운수및창고업(49~52),5-9명,146,939.0
대전,운수및창고업(49~52),10-19명,140,1835.0
대전,운수및창고업(49~52),20-49명,146,4362.0
대전,운수및창고업(49~52),50-99명,28,1816.0
대전,운수및창고업(49~52),100-299명,28,4886.0
대전,운수및창고업(49~52),300-499명,2,
대전,운수및창고업(49~52),500-999명,1,
대전,운수및창고업(49~52),1000명이상,1,
대전,숙박및음식점업(55~56),계,22930,62460.0
대전,숙박및음식점업(55~56),1-4명,19771,35443.0
대전,숙박및음식점업(55~56),5-9명,2534,15894.0
대전,숙박및음식점업(55~56),10-19명,519,6483.0
대전,숙박및음식점업(55~56),20-49명,85,2427.0
대전,숙박및음식점업(55~56),50-99명,12,725.0
대전,숙박및음식점업(55~56),100-299명,9,1488.0
대전,정보통신업(58~63),계,3486,21027.0
대전,정보통신업(58~63),1-4명,2768,3782.0
대전,정보통신업(58~63),5-9명,280,1833.0
대전,정보통신업(58~63),10-19명,199,2688.0
대전,정보통신업(58~63),20-49명,163,4876.0
대전,정보통신업(58~63),50-99명,51,3490.0
대전,정보통신업(58~63),100-299명,22,3268.0
대전,정보통신업(58~63),300-499명,3,1090.0
대전,금융및보험업(64~66),계,1815,20107.0
대전,금융및보험업(64~66),1-4명,876,1490.0
대전,금융및보험업(64~66),5-9명,377,2511.0
대전,금융및보험업(64~66),10-19명,264,3382.0
대전,금융및보험업(64~66),20-49명,223,6789.0
대전,금융및보험업(64~66),50-99명,64,4172.0
대전,금융및보험업(64~66),100-299명,10,1428.0
대전,금융및보험업(64~66),300-499명,1,
대전,부동산업(68),계,7171,16846.0
대전,부동산업(68),1-4명,6421,8357.0
대전,부동산업(68),5-9명,531,3494.0
대전,부동산업(68),10-19명,164,2086.0
대전,부동산업(68),20-49명,38,1066.0
대전,부동산업(68),50-99명,11,741.0
대전,부동산업(68),100-299명,5,794.0
대전,부동산업(68),300-499명,1,
대전,"전문,과학및기술서비스업(70~73)",계,6385,61616.0
대전,"전문,과학및기술서비스업(70~73)",1-4명,4969,7450.0
대전,"전문,과학및기술서비스업(70~73)",5-9명,724,4672.0
대전,"전문,과학및기술서비스업(70~73)",10-19명,360,4797.0
대전,"전문,과학및기술서비스업(70~73)",20-49명,193,5561.0
대전,"전문,과학및기술서비스업(70~73)",50-99명,59,4139.0
대전,"전문,과학및기술서비스업(70~73)",100-299명,45,7271.0
대전,"전문,과학및기술서비스업(70~73)",300-499명,9,3318.0
대전,"전문,과학및기술서비스업(70~73)",500-999명,20,13635.0
대전,"전문,과학및기술서비스업(70~73)",1000명이상,6,10773.0
대전,"사업시설관리,사업지원및임대서비스업(74~76)",계,4008,43969.0
대전,"사업시설관리,사업지원및임대서비스업(74~76)",1-4명,3306,4611.0
대전,"사업시설관리,사업지원및임대서비스업(74~76)",5-9명,224,1429.0
대전,"사업시설관리,사업지원및임대서비스업(74~76)",10-19명,157,2167.0
대전,"사업시설관리,사업지원및임대서비스업(74~76)",20-49명,168,5118.0
대전,"사업시설관리,사업지원및임대서비스업(74~76)",50-99명,64,4471.0
대전,"사업시설관리,사업지원및임대서비스업(74~76)",100-299명,59,9340.0
대전,"사업시설관리,사업지원및임대서비스업(74~76)",300-499명,17,6674.0
대전,"사업시설관리,사업지원및임대서비스업(74~76)",500-999명,11,7857.0
대전,"사업시설관리,사업지원및임대서비스업(74~76)",1000명이상,2,
대전,"공공행정,국방및사회보장행정(84)",계,284,30219.0
대전,"공공행정,국방및사회보장행정(84)",1-4명,16,34.0
대전,"공공행정,국방및사회보장행정(84)",5-9명,11,79.0
대전,"공공행정,국방및사회보장행정(84)",10-19명,64,1003.0
대전,"공공행정,국방및사회보장행정(84)",20-49명,102,3209.0
대전,"공공행정,국방및사회보장행정(84)",50-99명,30,2054.0
대전,"공공행정,국방및사회보장행정(84)",100-299명,36,5873.0
대전,"공공행정,국방및사회보장행정(84)",300-499명,14,5498.0
대전,"공공행정,국방및사회보장행정(84)",500-999명,6,5325.0
대전,"공공행정,국방및사회보장행정(84)",1000명이상,5,7144.0
대전,교육서비스업(85),계,8329,60708.0
대전,교육서비스업(85),1-4명,6847,9450.0
대전,교육서비스업(85),5-9명,737,4687.0
대전,교육서비스업(85),10-19명,277,3642.0
대전,교육서비스업(85),20-49명,223,7283.0
대전,교육서비스업(85),50-99명,199,14346.0
대전,교육서비스업(85),100-299명,34,4712.0
대전,교육서비스업(85),300-499명,4,1581.0
대전,교육서비스업(85),500-999명,4,3524.0
대전,교육서비스업(85),1000명이상,4,11483.0
대전,보건업및사회복지서비스업(86~87),계,5239,82808.0
대전,보건업및사회복지서비스업(86~87),1-4명,2182,5749.0
대전,보건업및사회복지서비스업(86~87),5-9명,1481,9645.0
대전,보건업및사회복지서비스업(86~87),10-19명,797,10852.0
대전,보건업및사회복지서비스업(86~87),20-49명,491,14930.0
대전,보건업및사회복지서비스업(86~87),50-99명,186,12344.0
대전,보건업및사회복지서비스업(86~87),100-299명,85,13407.0
대전,보건업및사회복지서비스업(86~87),300-499명,8,2964.0
대전,보건업및사회복지서비스업(86~87),500-999명,3,2295.0
대전,보건업및사회복지서비스업(86~87),1000명이상,6,10622.0
대전,"예술,스포츠및여가관련서비스업(90~91)",계,4606,11803.0
대전,"예술,스포츠및여가관련서비스업(90~91)",1-4명,4210,5715.0
대전,"예술,스포츠및여가관련서비스업(90~91)",5-9명,254,1627.0
대전,"예술,스포츠및여가관련서비스업(90~91)",10-19명,91,1144.0
대전,"예술,스포츠및여가관련서비스업(90~91)",20-49명,32,1056.0
대전,"예술,스포츠및여가관련서비스업(90~91)",50-99명,12,880.0
대전,"예술,스포츠및여가관련서비스업(90~91)",100-299명,6,1073.0
대전,"예술,스포츠및여가관련서비스업(90~91)",300-499명,1,
대전,"협회및단체,수리및기타개인서비스업(94~96)",계,16897,28946.0
대전,"협회및단체,수리및기타개인서비스업(94~96)",1-4명,16162,20006.0
대전,"협회및단체,수리및기타개인서비스업(94~96)",5-9명,470,2937.0
대전,"협회및단체,수리및기타개인서비스업(94~96)",10-19명,177,2255.0
대전,"협회및단체,수리및기타개인서비스업(94~96)",20-49명,69,1989.0
대전,"협회및단체,수리및기타개인서비스업(94~96)",50-99명,13,889.0
대전,"협회및단체,수리및기타개인서비스업(94~96)",100-299명,6,870.0
울산,전체산업,계,116775,568107.0
울산,전체산업,1-4명,101496,142005.0
울산,전체산업,5-9명,8091,51458.0
울산,전체산업,10-19명,3416,45519.0
울산,전체산업,20-49명,2319,71049.0
울산,전체산업,50-99명,945,65001.0
울산,전체산업,100-299명,394,61656.0
울산,전체산업,300-499명,48,17267.0
울산,전체산업,500-999명,41,27821.0
울산,전체산업,1000명이상,25,86331.0
울산,"농업,임업및어업(01~03)",계,114,455.0
울산,"농업,임업및어업(01~03)",1-4명,88,147.0
울산,"농업,임업및어업(01~03)",5-9명,15,103.0
울산,"농업,임업및어업(01~03)",10-19명,8,103.0
울산,"농업,임업및어업(01~03)",20-49명,3,102.0
울산,광업(05~08),계,12,134.0
울산,광업(05~08),1-4명,3,5.0
울산,광업(05~08),5-9명,3,19.0
울산,광업(05~08),10-19명,3,41.0
울산,광업(05~08),20-49명,3,69.0
울산,제조업(10~34),계,8836,180998.0
울산,제조업(10~34),1-4명,5860,9548.0
울산,제조업(10~34),5-9명,1078,7035.0
울산,제조업(10~34),10-19명,668,9014.0
울산,제조업(10~34),20-49명,669,20949.0
울산,제조업(10~34),50-99명,329,23502.0
울산,제조업(10~34),100-299명,191,29157.0
울산,제조업(10~34),300-499명,13,4713.0
울산,제조업(10~34),500-999명,15,10249.0
울산,제조업(10~34),1000명이상,13,66831.0
울산,"전기,가스,증기및공기조절공급업(35)",계,422,3288.0
울산,"전기,가스,증기및공기조절공급업(35)",1-4명,395,421.0
울산,"전기,가스,증기및공기조절공급업(35)",5-9명,6,42.0
울산,"전기,가스,증기및공기조절공급업(35)",10-19명,4,58.0
울산,"전기,가스,증기및공기조절공급업(35)",20-49명,7,228.0
울산,"전기,가스,증기및공기조절공급업(35)",50-99명,5,323.0
울산,"전기,가스,증기및공기조절공급업(35)",100-299명,3,504.0
울산,"전기,가스,증기및공기조절공급업(35)",300-499명,1,
울산,"전기,가스,증기및공기조절공급업(35)",1000명이상,1,
울산,"수도,하수및폐기물처리,원료재생업(36~39)",계,314,2828.0
울산,"수도,하수및폐기물처리,원료재생업(36~39)",1-4명,186,316.0
울산,"수도,하수및폐기물처리,원료재생업(36~39)",5-9명,46,299.0
울산,"수도,하수및폐기물처리,원료재생업(36~39)",10-19명,39,549.0
울산,"수도,하수및폐기물처리,원료재생업(36~39)",20-49명,36,1124.0
울산,"수도,하수및폐기물처리,원료재생업(36~39)",50-99명,7,540.0
울산,건설업(41~42),계,10309,43170.0
울산,건설업(41~42),1-4명,8851,11560.0
울산,건설업(41~42),5-9명,760,4863.0
울산,건설업(41~42),10-19명,395,5212.0
울산,건설업(41~42),20-49명,216,6286.0
울산,건설업(41~42),50-99명,45,2990.0
울산,건설업(41~42),100-299명,29,4732.0
울산,건설업(41~42),300-499명,8,3014.0
울산,건설업(41~42),500-999명,4,2616.0
울산,건설업(41~42),1000명이상,1,
울산,도매및소매업(45~47),계,26241,53377.0
울산,도매및소매업(45~47),1-4명,24377,34336.0
울산,도매및소매업(45~47),5-9명,1358,8477.0
울산,도매및소매업(45~47),10-19명,362,4715.0
울산,도매및소매업(45~47),20-49명,118,3278.0
울산,도매및소매업(45~47),50-99명,17,1109.0
울산,도매및소매업(45~47),100-299명,8,1114.0
울산,도매및소매업(45~47),300-499명,1,
울산,운수및창고업(49~52),계,13117,31777.0
울산,운수및창고업(49~52),1-4명,12451,13524.0
울산,운수및창고업(49~52),5-9명,248,1599.0
울산,운수및창고업(49~52),10-19명,135,1817.0
울산,운수및창고업(49~52),20-49명,196,6237.0
울산,운수및창고업(49~52),50-99명,64,4098.0
울산,운수및창고업(49~52),100-299명,18,2765.0
울산,운수및창고업(49~52),300-499명,5,1737.0
울산,숙박및음식점업(55~56),계,19754,47957.0
울산,숙박및음식점업(55~56),1-4명,17817,29126.0
울산,숙박및음식점업(55~56),5-9명,1600,9883.0
울산,숙박및음식점업(55~56),10-19명,262,3341.0
울산,숙박및음식점업(55~56),20-49명,54,1604.0
울산,숙박및음식점업(55~56),50-99명,14,918.0
울산,숙박및음식점업(55~56),100-299명,4,601.0
울산,숙박및음식점업(55~56),500-999명,2,
울산,숙박및음식점업(55~56),1000명이상,1,
울산,정보통신업(58~63),계,953,4716.0
울산,정보통신업(58~63),1-4명,779,1072.0
울산,정보통신업(58~63),5-9명,81,506.0
울산,정보통신업(58~63),10-19명,43,561.0
울산,정보통신업(58~63),20-49명,33,981.0
울산,정보통신업(58~63),50-99명,11,722.0
울산,정보통신업(58~63),100-299명,6,874.0
울산,금융및보험업(64~66),계,1102,11573.0
울산,금융및보험업(64~66),1-4명,501,808.0
울산,금융및보험업(64~66),5-9명,262,1779.0
울산,금융및보험업(64~66),10-19명,172,2243.0
울산,금융및보험업(64~66),20-49명,121,3721.0
울산,금융및보험업(64~66),50-99명,44,2730.0
울산,금융및보험업(64~66),100-299명,2,
울산,부동산업(68),계,4626,9721.0
울산,부동산업(68),1-4명,4251,5515.0
울산,부동산업(68),5-9명,279,1758.0
울산,부동산업(68),10-19명,73,963.0
울산,부동산업(68),20-49명,18,482.0
울산,부동산업(68),50-99명,3,197.0
울산,부동산업(68),100-299명,1,
울산,부동산업(68),500-999명,1,
울산,"전문,과학및기술서비스업(70~73)",계,3432,21271.0
울산,"전문,과학및기술서비스업(70~73)",1-4명,2732,4099.0
울산,"전문,과학및기술서비스업(70~73)",5-9명,369,2382.0
울산,"전문,과학및기술서비스업(70~73)",10-19명,167,2217.0
울산,"전문,과학및기술서비스업(70~73)",20-49명,112,3413.0
울산,"전문,과학및기술서비스업(70~73)",50-99명,30,1916.0
울산,"전문,과학및기술서비스업(70~73)",100-299명,14,2186.0
울산,"전문,과학및기술서비스업(70~73)",300-499명,4,1630.0
울산,"전문,과학및기술서비스업(70~73)",500-999명,3,1989.0
울산,"전문,과학및기술서비스업(70~73)",1000명이상,1,
울산,"사업시설관리,사업지원및임대서비스업(74~76)",계,2463,24842.0
울산,"사업시설관리,사업지원및임대서비스업(74~76)",1-4명,1961,2765.0
울산,"사업시설관리,사업지원및임대서비스업(74~76)",5-9명,155,995.0
울산,"사업시설관리,사업지원및임대서비스업(74~76)",10-19명,121,1689.0
울산,"사업시설관리,사업지원및임대서비스업(74~76)",20-49명,132,4089.0
울산,"사업시설관리,사업지원및임대서비스업(74~76)",50-99명,45,3054.0
울산,"사업시설관리,사업지원및임대서비스업(74~76)",100-299명,39,6307.0
울산,"사업시설관리,사업지원및임대서비스업(74~76)",300-499명,6,2114.0
울산,"사업시설관리,사업지원및임대서비스업(74~76)",500-999명,3,1990.0
울산,"사업시설관리,사업지원및임대서비스업(74~76)",1000명이상,1,
울산,"공공행정,국방및사회보장행정(84)",계,222,18307.0
울산,"공공행정,국방및사회보장행정(84)",1-4명,10,25.0
울산,"공공행정,국방및사회보장행정(84)",5-9명,11,77.0
울산,"공공행정,국방및사회보장행정(84)",10-19명,54,799.0
울산,"공공행정,국방및사회보장행정(84)",20-49명,93,2822.0
울산,"공공행정,국방및사회보장행정(84)",50-99명,29,2002.0
울산,"공공행정,국방및사회보장행정(84)",100-299명,14,2529.0
울산,"공공행정,국방및사회보장행정(84)",300-499명,2,
울산,"공공행정,국방및사회보장행정(84)",500-999명,5,3571.0
울산,"공공행정,국방및사회보장행정(84)",1000명이상,4,5770.0
울산,교육서비스업(85),계,6400,36325.0
울산,교육서비스업(85),1-4명,5408,7522.0
울산,교육서비스업(85),5-9명,486,3074.0
울산,교육서비스업(85),10-19명,167,2179.0
울산,교육서비스업(85),20-49명,139,4448.0
울산,교육서비스업(85),50-99명,178,12391.0
울산,교육서비스업(85),100-299명,17,2301.0
울산,교육서비스업(85),300-499명,2,
울산,교육서비스업(85),500-999명,1,
울산,교육서비스업(85),1000명이상,2,
울산,보건업및사회복지서비스업(86~87),계,3164,49748.0
울산,보건업및사회복지서비스업(86~87),1-4명,1272,3352.0
울산,보건업및사회복지서비스업(86~87),5-9명,865,5586.0
울산,보건업및사회복지서비스업(86~87),10-19명,580,7868.0
울산,보건업및사회복지서비스업(86~87),20-49명,284,8745.0
울산,보건업및사회복지서비스업(86~87),50-99명,107,7390.0
울산,보건업및사회복지서비스업(86~87),100-299명,42,7153.0
울산,보건업및사회복지서비스업(86~87),300-499명,6,1939.0
울산,보건업및사회복지서비스업(86~87),500-999명,7,4631.0
울산,보건업및사회복지서비스업(86~87),1000명이상,1,
울산,"예술,스포츠및여가관련서비스업(90~91)",계,3326,7809.0
울산,"예술,스포츠및여가관련서비스업(90~91)",1-4명,3077,4098.0
울산,"예술,스포츠및여가관련서비스업(90~91)",5-9명,157,993.0
울산,"예술,스포츠및여가관련서비스업(90~91)",10-19명,50,656.0
울산,"예술,스포츠및여가관련서비스업(90~91)",20-49명,31,921.0
울산,"예술,스포츠및여가관련서비스업(90~91)",50-99명,7,453.0
울산,"예술,스포츠및여가관련서비스업(90~91)",100-299명,4,688.0
울산,"협회및단체,수리및기타개인서비스업(94~96)",계,11968,19811.0
울산,"협회및단체,수리및기타개인서비스업(94~96)",1-4명,11477,13766.0
울산,"협회및단체,수리및기타개인서비스업(94~96)",5-9명,312,1988.0
울산,"협회및단체,수리및기타개인서비스업(94~96)",10-19명,113,1494.0
울산,"협회및단체,수리및기타개인서비스업(94~96)",20-49명,54,1550.0
울산,"협회및단체,수리및기타개인서비스업(94~96)",50-99명,10,666.0
울산,"협회및단체,수리및기타개인서비스업(94~96)",100-299명,2,
세종,전체산업,계,36117,172001.0
세종,전체산업,1-4명,31093,44405.0
세종,전체산업,5-9명,2813,17892.0
세종,전체산업,10-19명,1154,15265.0
세종,전체산업,20-49명,637,19389.0
세종,전체산업,50-99명,227,15600.0
세종,전체산업,100-299명,133,20674.0
세종,전체산업,300-499명,30,11397.0
세종,전체산업,500-999명,21,14532.0
세종,전체산업,1000명이상,9,12847.0
세종,"농업,임업및어업(01~03)",계,85,287.0
세종,"농업,임업및어업(01~03)",1-4명,72,115.0
세종,"농업,임업및어업(01~03)",5-9명,6,33.0
세종,"농업,임업및어업(01~03)",10-19명,3,39.0
세종,"농업,임업및어업(01~03)",20-49명,4,100.0
세종,광업(05~08),계,9,109.0
세종,광업(05~08),1-4명,2,
세종,광업(05~08),5-9명,2,
세종,광업(05~08),10-19명,3,44.0
세종,광업(05~08),20-49명,2,
세종,제조업(10~34),계,1830,24037.0
세종,제조업(10~34),1-4명,1300,2252.0
세종,제조업(10~34),5-9명,177,1122.0
세종,제조업(10~34),10-19명,156,2075.0
세종,제조업(10~34),20-49명,107,3483.0
세종,제조업(10~34),50-99명,46,3111.0
세종,제조업(10~34),100-299명,33,5930.0
세종,제조업(10~34),300-499명,8,3157.0
세종,제조업(10~34),500-999명,2,
세종,제조업(10~34),1000명이상,1,
세종,"전기,가스,증기및공기조절공급업(35)",계,536,1854.0
세종,"전기,가스,증기및공기조절공급업(35)",1-4명,523,532.0
세종,"전기,가스,증기및공기조절공급업(35)",5-9명,4,24.0
세종,"전기,가스,증기및공기조절공급업(35)",10-19명,1,
세종,"전기,가스,증기및공기조절공급업(35)",20-49명,1,
세종,"전기,가스,증기및공기조절공급업(35)",50-99명,3,201.0
세종,"전기,가스,증기및공기조절공급업(35)",100-299명,2,
세종,"전기,가스,증기및공기조절공급업(35)",300-499명,2,
세종,"수도,하수및폐기물처리,원료재생업(36~39)",계,105,851.0
세종,"수도,하수및폐기물처리,원료재생업(36~39)",1-4명,59,95.0
세종,"수도,하수및폐기물처리,원료재생업(36~39)",5-9명,21,123.0
세종,"수도,하수및폐기물처리,원료재생업(36~39)",10-19명,14,181.0
세종,"수도,하수및폐기물처리,원료재생업(36~39)",20-49명,8,239.0
세종,"수도,하수및폐기물처리,원료재생업(36~39)",50-99명,3,213.0
세종,건설업(41~42),계,2320,8395.0
세종,건설업(41~42),1-4명,1910,2663.0
세종,건설업(41~42),5-9명,259,1651.0
세종,건설업(41~42),10-19명,97,1259.0
세종,건설업(41~42),20-49명,33,924.0
세종,건설업(41~42),50-99명,15,1017.0
세종,건설업(41~42),100-299명,6,881.0
세종,도매및소매업(45~47),계,8105,15490.0
세종,도매및소매업(45~47),1-4명,7583,9898.0
세종,도매및소매업(45~47),5-9명,394,2445.0
세종,도매및소매업(45~47),10-19명,90,1123.0
세종,도매및소매업(45~47),20-49명,31,838.0
세종,도매및소매업(45~47),50-99명,3,184.0
세종,도매및소매업(45~47),100-299명,2,
세종,도매및소매업(45~47),300-499명,2,
세종,운수및창고업(49~52),계,2682,6479.0
세종,운수및창고업(49~52),1-4명,2584,2854.0
세종,운수및창고업(49~52),5-9명,24,147.0
세종,운수및창고업(49~52),10-19명,29,397.0
세종,운수및창고업(49~52),20-49명,27,927.0
세종,운수및창고업(49~52),50-99명,13,825.0
세종,운수및창고업(49~52),100-299명,3,378.0
세종,운수및창고업(49~52),300-499명,1,
세종,운수및창고업(49~52),500-999명,1,
세종,숙박및음식점업(55~56),계,4801,13657.0
세종,숙박및음식점업(55~56),1-4명,4025,7784.0
세종,숙박및음식점업(55~56),5-9명,654,4058.0
세종,숙박및음식점업(55~56),10-19명,106,1299.0
세종,숙박및음식점업(55~56),20-49명,15,391.0
세종,숙박및음식점업(55~56),100-299명,1,
세종,정보통신업(58~63),계,1093,3975.0
세종,정보통신업(58~63),1-4명,948,1289.0
세종,정보통신업(58~63),5-9명,66,428.0
세종,정보통신업(58~63),10-19명,40,545.0
세종,정보통신업(58~63),20-49명,29,904.0
세종,정보통신업(58~63),50-99명,7,391.0
세종,정보통신업(58~63),100-299명,3,418.0
세종,금융및보험업(64~66),계,301,2526.0
세종,금융및보험업(64~66),1-4명,163,321.0
세종,금융및보험업(64~66),5-9명,69,448.0
세종,금융및보험업(64~66),10-19명,41,548.0
세종,금융및보험업(64~66),20-49명,19,521.0
세종,금융및보험업(64~66),50-99명,7,453.0
세종,금융및보험업(64~66),100-299명,2,
세종,부동산업(68),계,2584,5674.0
세종,부동산업(68),1-4명,2309,2958.0
세종,부동산업(68),5-9명,206,1366.0
세종,부동산업(68),10-19명,58,723.0
세종,부동산업(68),20-49명,9,231.0
세종,부동산업(68),100-299명,2,
세종,"전문,과학및기술서비스업(70~73)",계,1592,11527.0
세종,"전문,과학및기술서비스업(70~73)",1-4명,1318,1919.0
세종,"전문,과학및기술서비스업(70~73)",5-9명,145,915.0
세종,"전문,과학및기술서비스업(70~73)",10-19명,57,772.0
세종,"전문,과학및기술서비스업(70~73)",20-49명,38,1106.0
세종,"전문,과학및기술서비스업(70~73)",50-99명,10,631.0
세종,"전문,과학및기술서비스업(70~73)",100-299명,16,2813.0
세종,"전문,과학및기술서비스업(70~73)",300-499명,6,2210.0
세종,"전문,과학및기술서비스업(70~73)",500-999명,2,
세종,"사업시설관리,사업지원및임대서비스업(74~76)",계,898,6409.0
세종,"사업시설관리,사업지원및임대서비스업(74~76)",1-4명,756,1096.0
세종,"사업시설관리,사업지원및임대서비스업(74~76)",5-9명,50,328.0
세종,"사업시설관리,사업지원및임대서비스업(74~76)",10-19명,37,493.0
세종,"사업시설관리,사업지원및임대서비스업(74~76)",20-49명,32,996.0
세종,"사업시설관리,사업지원및임대서비스업(74~76)",50-99명,13,815.0
세종,"사업시설관리,사업지원및임대서비스업(74~76)",100-299명,6,884.0
세종,"사업시설관리,사업지원및임대서비스업(74~76)",300-499명,2,
세종,"사업시설관리,사업지원및임대서비스업(74~76)",500-999명,2,
세종,"공공행정,국방및사회보장행정(84)",계,183,26094.0
세종,"공공행정,국방및사회보장행정(84)",1-4명,36,86.0
세종,"공공행정,국방및사회보장행정(84)",5-9명,9,64.0
세종,"공공행정,국방및사회보장행정(84)",10-19명,30,448.0
세종,"공공행정,국방및사회보장행정(84)",20-49명,54,1555.0
세종,"공공행정,국방및사회보장행정(84)",50-99명,16,1217.0
세종,"공공행정,국방및사회보장행정(84)",100-299명,13,2202.0
세종,"공공행정,국방및사회보장행정(84)",300-499명,6,2322.0
세종,"공공행정,국방및사회보장행정(84)",500-999명,13,9559.0
세종,"공공행정,국방및사회보장행정(84)",1000명이상,6,8641.0
세종,교육서비스업(85),계,3528,19977.0
세종,교육서비스업(85),1-4명,3021,4346.0
세종,교육서비스업(85),5-9명,245,1524.0
세종,교육서비스업(85),10-19명,76,996.0
세종,교육서비스업(85),20-49명,90,2877.0
세종,교육서비스업(85),50-99명,62,4583.0
세종,교육서비스업(85),100-299명,31,3879.0
세종,교육서비스업(85),300-499명,2,
세종,교육서비스업(85),500-999명,1,
세종,보건업및사회복지서비스업(86~87),계,1160,15433.0
세종,보건업및사회복지서비스업(86~87),1-4명,425,949.0
세종,보건업및사회복지서비스업(86~87),5-9명,345,2305.0
세종,보건업및사회복지서비스업(86~87),10-19명,250,3431.0
세종,보건업및사회복지서비스업(86~87),20-49명,107,3302.0
세종,보건업및사회복지서비스업(86~87),50-99명,23,1528.0
세종,보건업및사회복지서비스업(86~87),100-299명,7,1086.0
세종,보건업및사회복지서비스업(86~87),300-499명,1,
세종,보건업및사회복지서비스업(86~87),1000명이상,2,
세종,"예술,스포츠및여가관련서비스업(90~91)",계,1024,3459.0
세종,"예술,스포츠및여가관련서비스업(90~91)",1-4명,909,1324.0
세종,"예술,스포츠및여가관련서비스업(90~91)",5-9명,70,465.0
세종,"예술,스포츠및여가관련서비스업(90~91)",10-19명,24,311.0
세종,"예술,스포츠및여가관련서비스업(90~91)",20-49명,13,419.0
세종,"예술,스포츠및여가관련서비스업(90~91)",50-99명,3,246.0
세종,"예술,스포츠및여가관련서비스업(90~91)",100-299명,5,694.0
세종,"협회및단체,수리및기타개인서비스업(94~96)",계,3281,5768.0
세종,"협회및단체,수리및기타개인서비스업(94~96)",1-4명,3150,3920.0
세종,"협회및단체,수리및기타개인서비스업(94~96)",5-9명,67,430.0
세종,"협회및단체,수리및기타개인서비스업(94~96)",10-19명,42,567.0
세종,"협회및단체,수리및기타개인서비스업(94~96)",20-49명,18,498.0
세종,"협회및단체,수리및기타개인서비스업(94~96)",50-99명,3,185.0
세종,"협회및단체,수리및기타개인서비스업(94~96)",100-299명,1,
경기,전체산업,계,1604724,6269495.0
경기,전체산업,1-4명,1384895,1936586.0
경기,전체산업,5-9명,125236,794060.0
경기,전체산업,10-19명,53449,701296.0
경기,전체산업,20-49명,28175,837959.0
경기,전체산업,50-99명,8409,575422.0
경기,전체산업,100-299명,3617,570683.0
경기,전체산업,300-499명,502,191903.0
경기,전체산업,500-999명,282,194397.0
경기,전체산업,1000명이상,159,467189.0
경기,"농업,임업및어업(01~03)",계,1524,7819.0
경기,"농업,임업및어업(01~03)",1-4명,1117,1903.0
경기,"농업,임업및어업(01~03)",5-9명,215,1416.0
경기,"농업,임업및어업(01~03)",10-19명,112,1503.0
경기,"농업,임업및어업(01~03)",20-49명,69,2077.0
경기,"농업,임업및어업(01~03)",50-99명,9,587.0
경기,"농업,임업및어업(01~03)",100-299명,2,
경기,광업(05~08),계,100,1340.0
경기,광업(05~08),1-4명,40,71.0
경기,광업(05~08),5-9명,16,107.0
경기,광업(05~08),10-19명,21,313.0
경기,광업(05~08),20-49명,20,615.0
경기,광업(05~08),50-99명,3,234.0
경기,제조업(10~34),계,162358,1360933.0
경기,제조업(10~34),1-4명,109463,207558.0
경기,제조업(10~34),5-9명,25350,160661.0
경기,제조업(10~34),10-19명,15647,206222.0
경기,제조업(10~34),20-49명,8711,257288.0
경기,제조업(10~34),50-99명,2025,138745.0
경기,제조업(10~34),100-299명,966,154263.0
경기,제조업(10~34),300-499명,123,46424.0
경기,제조업(10~34),500-999명,51,34501.0
경기,제조업(10~34),1000명이상,22,155271.0
경기,"전기,가스,증기및공기조절공급업(35)",계,10613,19634.0
경기,"전기,가스,증기및공기조절공급업(35)",1-4명,10418,10736.0
경기,"전기,가스,증기및공기조절공급업(35)",5-9명,61,398.0
경기,"전기,가스,증기및공기조절공급업(35)",10-19명,28,399.0
경기,"전기,가스,증기및공기조절공급업(35)",20-49명,32,1096.0
경기,"전기,가스,증기및공기조절공급업(35)",50-99명,55,3765.0
경기,"전기,가스,증기및공기조절공급업(35)",100-299명,18,2819.0
경기,"전기,가스,증기및공기조절공급업(35)",300-499명,1,
경기,"수도,하수및폐기물처리,원료재생업(36~39)",계,3712,34754.0
경기,"수도,하수및폐기물처리,원료재생업(36~39)",1-4명,2337,3987.0
경기,"수도,하수및폐기물처리,원료재생업(36~39)",5-9명,540,3551.0
경기,"수도,하수및폐기물처리,원료재생업(36~39)",10-19명,335,4512.0
경기,"수도,하수및폐기물처리,원료재생업(36~39)",20-49명,368,11947.0
경기,"수도,하수및폐기물처리,원료재생업(36~39)",50-99명,102,6663.0
경기,"수도,하수및폐기물처리,원료재생업(36~39)",100-299명,30,4094.0
경기,건설업(41~42),계,119667,396817.0
경기,건설업(41~42),1-4명,104957,140975.0
경기,건설업(41~42),5-9명,8554,54632.0
경기,건설업(41~42),10-19명,3611,47317.0
경기,건설업(41~42),20-49명,1794,52870.0
경기,건설업(41~42),50-99명,437,28860.0
경기,건설업(41~42),100-299명,253,39578.0
경기,건설업(41~42),300-499명,40,15014.0
경기,건설업(41~42),500-999명,17,11993.0
경기,건설업(41~42),1000명이상,4,5578.0
경기,도매및소매업(45~47),계,432142,926720.0
경기,도매및소매업(45~47),1-4명,397062,526498.0
경기,도매및소매업(45~47),5-9명,24294,152523.0
경기,도매및소매업(45~47),10-19명,7446,96167.0
경기,도매및소매업(45~47),20-49명,2596,73881.0
경기,도매및소매업(45~47),50-99명,522,34556.0
경기,도매및소매업(45~47),100-299명,194,29783.0
경기,도매및소매업(45~47),300-499명,23,9433.0
경기,도매및소매업(45~47),500-999명,5,3879.0
경기,운수및창고업(49~52),계,176300,371549.0
경기,운수및창고업(49~52),1-4명,170515,181524.0
경기,운수및창고업(49~52),5-9명,2390,15383.0
경기,운수및창고업(49~52),10-19명,1345,18295.0
경기,운수및창고업(49~52),20-49명,1255,38564.0
경기,운수및창고업(49~52),50-99명,481,32448.0
경기,운수및창고업(49~52),100-299명,261,41797.0
경기,운수및창고업(49~52),300-499명,23,8658.0
경기,운수및창고업(49~52),500-999명,18,11894.0
경기,운수및창고업(49~52),1000명이상,12,22986.0
경기,숙박및음식점업(55~56),계,183032,504719.0
경기,숙박및음식점업(55~56),1-4명,156242,282224.0
경기,숙박및음식점업(55~56),5-9명,21298,131611.0
경기,숙박및음식점업(55~56),10-19명,4551,56897.0
경기,숙박및음식점업(55~56),20-49명,789,21840.0
경기,숙박및음식점업(55~56),50-99명,128,8138.0
경기,숙박및음식점업(55~56),100-299명,23,3665.0
경기,숙박및음식점업(55~56),300-499명,1,
경기,정보통신업(58~63),계,44056,205061.0
경기,정보통신업(58~63),1-4명,40071,47022.0
경기,정보통신업(58~63),5-9명,1851,11832.0
경기,정보통신업(58~63),10-19명,952,12697.0
경기,정보통신업(58~63),20-49명,684,20694.0
경기,정보통신업(58~63),50-99명,238,16778.0
경기,정보통신업(58~63),100-299명,187,31627.0
경기,정보통신업(58~63),300-499명,34,13474.0
경기,정보통신업(58~63),500-999명,28,20417.0
경기,정보통신업(58~63),1000명이상,11,30520.0
경기,금융및보험업(64~66),계,10970,108325.0
경기,금융및보험업(64~66),1-4명,6008,9060.0
경기,금융및보험업(64~66),5-9명,1888,12927.0
경기,금융및보험업(64~66),10-19명,1684,22529.0
경기,금융및보험업(64~66),20-49명,1019,31439.0
경기,금융및보험업(64~66),50-99명,324,20938.0
경기,금융및보험업(64~66),100-299명,38,5759.0
경기,금융및보험업(64~66),300-499명,6,2255.0
경기,금융및보험업(64~66),500-999명,1,
경기,금융및보험업(64~66),1000명이상,2,
경기,부동산업(68),계,78464,171433.0
경기,부동산업(68),1-4명,70984,90318.0
경기,부동산업(68),5-9명,5439,34790.0
경기,부동산업(68),10-19명,1543,19317.0
경기,부동산업(68),20-49명,399,10988.0
경기,부동산업(68),50-99명,61,4146.0
경기,부동산업(68),100-299명,27,4752.0
경기,부동산업(68),300-499명,2,
경기,부동산업(68),500-999명,8,5121.0
경기,부동산업(68),1000명이상,1,
경기,"전문,과학및기술서비스업(70~73)",계,65586,386145.0
경기,"전문,과학및기술서비스업(70~73)",1-4명,55832,76050.0
경기,"전문,과학및기술서비스업(70~73)",5-9명,5511,35044.0
경기,"전문,과학및기술서비스업(70~73)",10-19명,2175,28561.0
경기,"전문,과학및기술서비스업(70~73)",20-49명,1329,39411.0
경기,"전문,과학및기술서비스업(70~73)",50-99명,379,26129.0
경기,"전문,과학및기술서비스업(70~73)",100-299명,246,40864.0
경기,"전문,과학및기술서비스업(70~73)",300-499명,52,20038.0
경기,"전문,과학및기술서비스업(70~73)",500-999명,44,31315.0
경기,"전문,과학및기술서비스업(70~73)",1000명이상,18,88733.0
경기,"사업시설관리,사업지원및임대서비스업(74~76)",계,35554,275936.0
경기,"사업시설관리,사업지원및임대서비스업(74~76)",1-4명,30151,40012.0
경기,"사업시설관리,사업지원및임대서비스업(74~76)",5-9명,2279,14579.0
경기,"사업시설관리,사업지원및임대서비스업(74~76)",10-19명,1296,17328.0
경기,"사업시설관리,사업지원및임대서비스업(74~76)",20-49명,1111,33932.0
경기,"사업시설관리,사업지원및임대서비스업(74~76)",50-99명,348,23528.0
경기,"사업시설관리,사업지원및임대서비스업(74~76)",100-299명,247,41937.0
경기,"사업시설관리,사업지원및임대서비스업(74~76)",300-499명,57,22159.0
경기,"사업시설관리,사업지원및임대서비스업(74~76)",500-999명,37,24918.0
경기,"사업시설관리,사업지원및임대서비스업(74~76)",1000명이상,28,57543.0
경기,"공공행정,국방및사회보장행정(84)",계,2058,149974.0
경기,"공공행정,국방및사회보장행정(84)",1-4명,146,283.0
경기,"공공행정,국방및사회보장행정(84)",5-9명,147,1042.0
경기,"공공행정,국방및사회보장행정(84)",10-19명,443,6665.0
경기,"공공행정,국방및사회보장행정(84)",20-49명,824,24515.0
경기,"공공행정,국방및사회보장행정(84)",50-99명,217,15112.0
경기,"공공행정,국방및사회보장행정(84)",100-299명,185,31063.0
경기,"공공행정,국방및사회보장행정(84)",300-499명,47,17801.0
경기,"공공행정,국방및사회보장행정(84)",500-999명,23,16203.0
경기,"공공행정,국방및사회보장행정(84)",1000명이상,26,37290.0
경기,교육서비스업(85),계,76624,416109.0
경기,교육서비스업(85),1-4명,63870,91721.0
경기,교육서비스업(85),5-9명,6364,40031.0
경기,교육서비스업(85),10-19명,2357,30964.0
경기,교육서비스업(85),20-49명,2076,65076.0
경기,교육서비스업(85),50-99명,1591,114666.0
경기,교육서비스업(85),100-299명,315,38458.0
경기,교육서비스업(85),300-499명,23,9435.0
경기,교육서비스업(85),500-999명,21,14296.0
경기,교육서비스업(85),1000명이상,7,11462.0
경기,보건업및사회복지서비스업(86~87),계,40215,589446.0
경기,보건업및사회복지서비스업(86~87),1-4명,14417,36640.0
경기,보건업및사회복지서비스업(86~87),5-9명,12452,81895.0
경기,보건업및사회복지서비스업(86~87),10-19명,7467,99960.0
경기,보건업및사회복지서비스업(86~87),20-49명,4004,120508.0
경기,보건업및사회복지서비스업(86~87),50-99명,1306,87453.0
경기,보건업및사회복지서비스업(86~87),100-299명,457,73793.0
경기,보건업및사회복지서비스업(86~87),300-499명,57,20718.0
경기,보건업및사회복지서비스업(86~87),500-999명,29,19250.0
경기,보건업및사회복지서비스업(86~87),1000명이상,26,49229.0
경기,"예술,스포츠및여가관련서비스업(90~91)",계,39702,124105.0
경기,"예술,스포츠및여가관련서비스업(90~91)",1-4명,35545,48563.0
경기,"예술,스포츠및여가관련서비스업(90~91)",5-9명,2578,16303.0
경기,"예술,스포츠및여가관련서비스업(90~91)",10-19명,963,12378.0
경기,"예술,스포츠및여가관련서비스업(90~91)",20-49명,381,11198.0
경기,"예술,스포츠및여가관련서비스업(90~91)",50-99명,95,6651.0
경기,"예술,스포츠및여가관련서비스업(90~91)",100-299명,126,19891.0
경기,"예술,스포츠및여가관련서비스업(90~91)",300-499명,12,4552.0
경기,"예술,스포츠및여가관련서비스업(90~91)",1000명이상,2,
경기,"협회및단체,수리및기타개인서비스업(94~96)",계,122047,218676.0
경기,"협회및단체,수리및기타개인서비스업(94~96)",1-4명,115720,141441.0
경기,"협회및단체,수리및기타개인서비스업(94~96)",5-9명,4009,25335.0
경기,"협회및단체,수리및기타개인서비스업(94~96)",10-19명,1473,19272.0
경기,"협회및단체,수리및기타개인서비스업(94~96)",20-49명,714,20020.0
경기,"협회및단체,수리및기타개인서비스업(94~96)",50-99명,88,6025.0
경기,"협회및단체,수리및기타개인서비스업(94~96)",100-299명,42,6207.0
경기,"협회및단체,수리및기타개인서비스업(94~96)",300-499명,1,
강원,전체산업,계,214203,751263.0
강원,전체산업,1-4명,189573,266361.0
강원,전체산업,5-9명,13851,88171.0
강원,전체산업,10-19명,5895,78886.0
강원,전체산업,20-49명,3400,102762.0
강원,전체산업,50-99명,997,68806.0
강원,전체산업,100-299명,384,59770.0
강원,전체산업,300-499명,44,17465.0
강원,전체산업,500-999명,40,28744.0
강원,전체산업,1000명이상,19,40298.0
강원,"농업,임업및어업(01~03)",계,855,4710.0
강원,"농업,임업및어업(01~03)",1-4명,565,951.0
강원,"농업,임업및어업(01~03)",5-9명,176,1183.0
강원,"농업,임업및어업(01~03)",10-19명,75,1001.0
강원,"농업,임업및어업(01~03)",20-49명,30,937.0
강원,"농업,임업및어업(01~03)",50-99명,9,638.0
강원,광업(05~08),계,192,3833.0
강원,광업(05~08),1-4명,90,167.0
강원,광업(05~08),5-9명,33,223.0
강원,광업(05~08),10-19명,26,365.0
강원,광업(05~08),20-49명,31,933.0
강원,광업(05~08),50-99명,7,480.0
강원,광업(05~08),100-299명,3,652.0
강원,광업(05~08),300-499명,1,
강원,광업(05~08),500-999명,1,
강원,제조업(10~34),계,10161,62173.0
강원,제조업(10~34),1-4명,7829,12891.0
강원,제조업(10~34),5-9명,1140,7247.0
강원,제조업(10~34),10-19명,637,8522.0
강원,제조업(10~34),20-49명,385,11610.0
강원,제조업(10~34),50-99명,102,7010.0
강원,제조업(10~34),100-299명,58,9649.0
강원,제조업(10~34),300-499명,7,2857.0
강원,제조업(10~34),500-999명,2,
강원,제조업(10~34),1000명이상,1,
강원,"전기,가스,증기및공기조절공급업(35)",계,8331,11996.0
강원,"전기,가스,증기및공기조절공급업(35)",1-4명,8265,8403.0
강원,"전기,가스,증기및공기조절공급업(35)",5-9명,16,103.0
강원,"전기,가스,증기및공기조절공급업(35)",10-19명,7,92.0
강원,"전기,가스,증기및공기조절공급업(35)",20-49명,25,809.0
강원,"전기,가스,증기및공기조절공급업(35)",50-99명,7,518.0
강원,"전기,가스,증기및공기조절공급업(35)",100-299명,9,1425.0
강원,"전기,가스,증기및공기조절공급업(35)",300-499명,2,
강원,"수도,하수및폐기물처리,원료재생업(36~39)",계,673,5798.0
강원,"수도,하수및폐기물처리,원료재생업(36~39)",1-4명,366,740.0
강원,"수도,하수및폐기물처리,원료재생업(36~39)",5-9명,119,800.0
강원,"수도,하수및폐기물처리,원료재생업(36~39)",10-19명,119,1678.0
강원,"수도,하수및폐기물처리,원료재생업(36~39)",20-49명,58,1747.0
강원,"수도,하수및폐기물처리,원료재생업(36~39)",50-99명,10,703.0
강원,"수도,하수및폐기물처리,원료재생업(36~39)",100-299명,1,
강원,건설업(41~42),계,25436,78280.0
강원,건설업(41~42),1-4명,21618,28229.0
강원,건설업(41~42),5-9명,2205,14254.0
강원,건설업(41~42),10-19명,1078,14184.0
강원,건설업(41~42),20-49명,440,13065.0
강원,건설업(41~42),50-99명,78,5176.0
강원,건설업(41~42),100-299명,15,2264.0
강원,건설업(41~42),300-499명,1,
강원,건설업(41~42),500-999명,1,
강원,도매및소매업(45~47),계,46217,90784.0
강원,도매및소매업(45~47),1-4명,43255,60377.0
강원,도매및소매업(45~47),5-9명,2139,13343.0
강원,도매및소매업(45~47),10-19명,585,7667.0
강원,도매및소매업(45~47),20-49명,189,5436.0
강원,도매및소매업(45~47),50-99명,35,2222.0
강원,도매및소매업(45~47),100-299명,14,1739.0
강원,운수및창고업(49~52),계,15565,32290.0
강원,운수및창고업(49~52),1-4명,14897,15986.0
강원,운수및창고업(49~52),5-9명,229,1495.0
강원,운수및창고업(49~52),10-19명,190,2607.0
강원,운수및창고업(49~52),20-49명,182,5613.0
강원,운수및창고업(49~52),50-99명,46,3218.0
강원,운수및창고업(49~52),100-299명,20,2887.0
강원,운수및창고업(49~52),300-499명,1,
강원,숙박및음식점업(55~56),계,44281,100603.0
강원,숙박및음식점업(55~56),1-4명,40859,67256.0
강원,숙박및음식점업(55~56),5-9명,2756,16838.0
강원,숙박및음식점업(55~56),10-19명,493,6375.0
강원,숙박및음식점업(55~56),20-49명,134,4060.0
강원,숙박및음식점업(55~56),50-99명,23,1533.0
강원,숙박및음식점업(55~56),100-299명,12,2199.0
강원,숙박및음식점업(55~56),300-499명,2,
강원,숙박및음식점업(55~56),500-999명,2,
강원,정보통신업(58~63),계,2037,9276.0
강원,정보통신업(58~63),1-4명,1727,2378.0
강원,정보통신업(58~63),5-9명,163,1065.0
강원,정보통신업(58~63),10-19명,80,1103.0
강원,정보통신업(58~63),20-49명,41,1218.0
강원,정보통신업(58~63),50-99명,18,1208.0
강원,정보통신업(58~63),100-299명,6,1055.0
강원,정보통신업(58~63),500-999명,2,
강원,금융및보험업(64~66),계,1879,20054.0
강원,금융및보험업(64~66),1-4명,908,1670.0
강원,금융및보험업(64~66),5-9명,467,3091.0
강원,금융및보험업(64~66),10-19명,280,3727.0
강원,금융및보험업(64~66),20-49명,175,5255.0
강원,금융및보험업(64~66),50-99명,45,2860.0
강원,금융및보험업(64~66),100-299명,3,394.0
강원,금융및보험업(64~66),1000명이상,1,
강원,부동산업(68),계,6188,14179.0
강원,부동산업(68),1-4명,5422,7219.0
강원,부동산업(68),5-9명,549,3519.0
강원,부동산업(68),10-19명,189,2300.0
강원,부동산업(68),20-49명,21,502.0
강원,부동산업(68),50-99명,6,414.0
강원,부동산업(68),100-299명,1,
강원,"전문,과학및기술서비스업(70~73)",계,5157,23473.0
강원,"전문,과학및기술서비스업(70~73)",1-4명,4124,6617.0
강원,"전문,과학및기술서비스업(70~73)",5-9명,563,3599.0
강원,"전문,과학및기술서비스업(70~73)",10-19명,263,3477.0
강원,"전문,과학및기술서비스업(70~73)",20-49명,167,4910.0
강원,"전문,과학및기술서비스업(70~73)",50-99명,27,1844.0
강원,"전문,과학및기술서비스업(70~73)",100-299명,10,1429.0
강원,"전문,과학및기술서비스업(70~73)",300-499명,1,
강원,"전문,과학및기술서비스업(70~73)",500-999명,2,
강원,"사업시설관리,사업지원및임대서비스업(74~76)",계,4534,28857.0
강원,"사업시설관리,사업지원및임대서비스업(74~76)",1-4명,3799,5483.0
강원,"사업시설관리,사업지원및임대서비스업(74~76)",5-9명,314,2010.0
강원,"사업시설관리,사업지원및임대서비스업(74~76)",10-19명,191,2604.0
강원,"사업시설관리,사업지원및임대서비스업(74~76)",20-49명,137,4156.0
강원,"사업시설관리,사업지원및임대서비스업(74~76)",50-99명,53,3864.0
강원,"사업시설관리,사업지원및임대서비스업(74~76)",100-299명,29,4493.0
강원,"사업시설관리,사업지원및임대서비스업(74~76)",300-499명,7,2802.0
강원,"사업시설관리,사업지원및임대서비스업(74~76)",500-999명,3,2163.0
강원,"사업시설관리,사업지원및임대서비스업(74~76)",1000명이상,1,
강원,"공공행정,국방및사회보장행정(84)",계,831,49038.0
강원,"공공행정,국방및사회보장행정(84)",1-4명,115,271.0
강원,"공공행정,국방및사회보장행정(84)",5-9명,105,837.0
강원,"공공행정,국방및사회보장행정(84)",10-19명,156,2259.0
강원,"공공행정,국방및사회보장행정(84)",20-49명,282,8553.0
강원,"공공행정,국방및사회보장행정(84)",50-99명,87,6338.0
강원,"공공행정,국방및사회보장행정(84)",100-299명,61,9773.0
강원,"공공행정,국방및사회보장행정(84)",300-499명,6,2512.0
강원,"공공행정,국방및사회보장행정(84)",500-999명,14,10385.0
강원,"공공행정,국방및사회보장행정(84)",1000명이상,5,8110.0
강원,교육서비스업(85),계,8396,58146.0
강원,교육서비스업(85),1-4명,6863,9435.0
강원,교육서비스업(85),5-9명,563,3577.0
강원,교육서비스업(85),10-19명,321,4528.0
강원,교육서비스업(85),20-49명,400,12296.0
강원,교육서비스업(85),50-99명,196,13846.0
강원,교육서비스업(85),100-299명,43,5766.0
강원,교육서비스업(85),300-499명,3,1059.0
강원,교육서비스업(85),500-999명,6,4629.0
강원,교육서비스업(85),1000명이상,1,
강원,보건업및사회복지서비스업(86~87),계,5760,98613.0
강원,보건업및사회복지서비스업(86~87),1-4명,2588,5617.0
강원,보건업및사회복지서비스업(86~87),5-9명,1453,9543.0
강원,보건업및사회복지서비스업(86~87),10-19명,879,12000.0
강원,보건업및사회복지서비스업(86~87),20-49명,545,17097.0
강원,보건업및사회복지서비스업(86~87),50-99명,205,13896.0
강원,보건업및사회복지서비스업(86~87),100-299명,62,10125.0
강원,보건업및사회복지서비스업(86~87),300-499명,12,4486.0
강원,보건업및사회복지서비스업(86~87),500-999명,7,5245.0
강원,보건업및사회복지서비스업(86~87),1000명이상,9,20604.0
강원,"예술,스포츠및여가관련서비스업(90~91)",계,5892,24038.0
강원,"예술,스포츠및여가관련서비스업(90~91)",1-4명,5295,7404.0
강원,"예술,스포츠및여가관련서비스업(90~91)",5-9명,329,2111.0
강원,"예술,스포츠및여가관련서비스업(90~91)",10-19명,139,1911.0
강원,"예술,스포츠및여가관련서비스업(90~91)",20-49명,66,1974.0
강원,"예술,스포츠및여가관련서비스업(90~91)",50-99명,26,1872.0
강원,"예술,스포츠및여가관련서비스업(90~91)",100-299명,35,5286.0
강원,"예술,스포츠및여가관련서비스업(90~91)",300-499명,1,
강원,"예술,스포츠및여가관련서비스업(90~91)",1000명이상,1,
강원,"협회및단체,수리및기타개인서비스업(94~96)",계,21818,35122.0
강원,"협회및단체,수리및기타개인서비스업(94~96)",1-4명,20988,25267.0
강원,"협회및단체,수리및기타개인서비스업(94~96)",5-9명,532,3333.0
강원,"협회및단체,수리및기타개인서비스업(94~96)",10-19명,187,2486.0
강원,"협회및단체,수리및기타개인서비스업(94~96)",20-49명,92,2591.0
강원,"협회및단체,수리및기타개인서비스업(94~96)",50-99명,17,1166.0
강원,"협회및단체,수리및기타개인서비스업(94~96)",100-299명,2,
충북,전체산업,계,208190,861910.0
충북,전체산업,1-4명,181914,254647.0
충북,전체산업,5-9명,13406,85137.0
충북,전체산업,10-19명,6673,89589.0
충북,전체산업,20-49명,4127,123743.0
충북,전체산업,50-99명,1310,89430.0
충북,전체산업,100-299명,590,93521.0
충북,전체산업,300-499명,95,35827.0
충북,전체산업,500-999명,47,33902.0
충북,전체산업,1000명이상,28,56114.0
충북,"농업,임업및어업(01~03)",계,824,4472.0
충북,"농업,임업및어업(01~03)",1-4명,568,997.0
충북,"농업,임업및어업(01~03)",5-9명,144,971.0
충북,"농업,임업및어업(01~03)",10-19명,65,887.0
충북,"농업,임업및어업(01~03)",20-49명,42,1227.0
충북,"농업,임업및어업(01~03)",50-99명,4,273.0
충북,"농업,임업및어업(01~03)",100-299명,1,
충북,광업(05~08),계,110,1105.0
충북,광업(05~08),1-4명,52,112.0
충북,광업(05~08),5-9명,18,113.0
충북,광업(05~08),10-19명,18,230.0
충북,광업(05~08),20-49명,20,533.0
충북,광업(05~08),50-99명,2,
충북,제조업(10~34),계,17375,228821.0
충북,제조업(10~34),1-4명,11150,19818.0
충북,제조업(10~34),5-9명,2317,14988.0
충북,제조업(10~34),10-19명,1774,23865.0
충북,제조업(10~34),20-49명,1366,41517.0
충북,제조업(10~34),50-99명,418,28822.0
충북,제조업(10~34),100-299명,277,44749.0
충북,제조업(10~34),300-499명,46,17040.0
충북,제조업(10~34),500-999명,16,11410.0
충북,제조업(10~34),1000명이상,11,26612.0
충북,"전기,가스,증기및공기조절공급업(35)",계,10529,12185.0
충북,"전기,가스,증기및공기조절공급업(35)",1-4명,10490,10587.0
충북,"전기,가스,증기및공기조절공급업(35)",5-9명,14,85.0
충북,"전기,가스,증기및공기조절공급업(35)",10-19명,4,61.0
충북,"전기,가스,증기및공기조절공급업(35)",20-49명,11,342.0
충북,"전기,가스,증기및공기조절공급업(35)",50-99명,7,454.0
충북,"전기,가스,증기및공기조절공급업(35)",100-299명,2,
충북,"전기,가스,증기및공기조절공급업(35)",300-499명,1,
충북,"수도,하수및폐기물처리,원료재생업(36~39)",계,697,6162.0
충북,"수도,하수및폐기물처리,원료재생업(36~39)",1-4명,406,754.0
충북,"수도,하수및폐기물처리,원료재생업(36~39)",5-9명,114,733.0
충북,"수도,하수및폐기물처리,원료재생업(36~39)",10-19명,83,1198.0
충북,"수도,하수및폐기물처리,원료재생업(36~39)",20-49명,77,2194.0
충북,"수도,하수및폐기물처리,원료재생업(36~39)",50-99명,14,895.0
충북,"수도,하수및폐기물처리,원료재생업(36~39)",100-299명,3,388.0
충북,건설업(41~42),계,22133,70576.0
충북,건설업(41~42),1-4명,19034,25190.0
충북,건설업(41~42),5-9명,1740,11147.0
충북,건설업(41~42),10-19명,877,11651.0
충북,건설업(41~42),20-49명,387,11142.0
충북,건설업(41~42),50-99명,65,4377.0
충북,건설업(41~42),100-299명,22,3592.0
충북,건설업(41~42),300-499명,7,2536.0
충북,건설업(41~42),500-999명,1,
충북,도매및소매업(45~47),계,44438,88054.0
충북,도매및소매업(45~47),1-4명,41522,58581.0
충북,도매및소매업(45~47),5-9명,2098,13034.0
충북,도매및소매업(45~47),10-19명,570,7489.0
충북,도매및소매업(45~47),20-49명,217,6091.0
충북,도매및소매업(45~47),50-99명,23,1602.0
충북,도매및소매업(45~47),100-299명,7,957.0
충북,도매및소매업(45~47),300-499명,1,
충북,운수및창고업(49~52),계,21665,45792.0
충북,운수및창고업(49~52),1-4명,20883,22380.0
충북,운수및창고업(49~52),5-9명,271,1738.0
충북,운수및창고업(49~52),10-19명,226,3060.0
충북,운수및창고업(49~52),20-49명,190,5726.0
충북,운수및창고업(49~52),50-99명,61,4110.0
충북,운수및창고업(49~52),100-299명,29,4424.0
충북,운수및창고업(49~52),300-499명,2,
충북,운수및창고업(49~52),500-999명,2,
충북,운수및창고업(49~52),1000명이상,1,
충북,숙박및음식점업(55~56),계,31465,72168.0
충북,숙박및음식점업(55~56),1-4명,28634,48809.0
충북,숙박및음식점업(55~56),5-9명,2326,14172.0
충북,숙박및음식점업(55~56),10-19명,404,5193.0
충북,숙박및음식점업(55~56),20-49명,82,2350.0
충북,숙박및음식점업(55~56),50-99명,15,938.0
충북,숙박및음식점업(55~56),100-299명,4,706.0
충북,정보통신업(58~63),계,2145,7833.0
충북,정보통신업(58~63),1-4명,1914,2436.0
충북,정보통신업(58~63),5-9명,109,687.0
충북,정보통신업(58~63),10-19명,60,778.0
충북,정보통신업(58~63),20-49명,37,1284.0
충북,정보통신업(58~63),50-99명,15,1036.0
충북,정보통신업(58~63),100-299명,9,1151.0
충북,정보통신업(58~63),300-499명,1,
충북,금융및보험업(64~66),계,1608,15688.0
충북,금융및보험업(64~66),1-4명,798,1501.0
충북,금융및보험업(64~66),5-9명,348,2292.0
충북,금융및보험업(64~66),10-19명,270,3608.0
충북,금융및보험업(64~66),20-49명,137,4081.0
충북,금융및보험업(64~66),50-99명,47,2997.0
충북,금융및보험업(64~66),100-299명,8,1209.0
충북,부동산업(68),계,6580,15043.0
충북,부동산업(68),1-4명,5843,7347.0
충북,부동산업(68),5-9명,426,2781.0
충북,부동산업(68),10-19명,268,3499.0
충북,부동산업(68),20-49명,40,937.0
충북,부동산업(68),100-299명,3,479.0
충북,"전문,과학및기술서비스업(70~73)",계,5091,29003.0
충북,"전문,과학및기술서비스업(70~73)",1-4명,4095,6232.0
충북,"전문,과학및기술서비스업(70~73)",5-9명,495,3221.0
충북,"전문,과학및기술서비스업(70~73)",10-19명,256,3410.0
충북,"전문,과학및기술서비스업(70~73)",20-49명,170,4899.0
충북,"전문,과학및기술서비스업(70~73)",50-99명,43,2946.0
충북,"전문,과학및기술서비스업(70~73)",100-299명,24,4014.0
충북,"전문,과학및기술서비스업(70~73)",300-499명,4,1684.0
충북,"전문,과학및기술서비스업(70~73)",500-999명,4,2597.0
충북,"사업시설관리,사업지원및임대서비스업(74~76)",계,4625,34112.0
충북,"사업시설관리,사업지원및임대서비스업(74~76)",1-4명,3834,5367.0
충북,"사업시설관리,사업지원및임대서비스업(74~76)",5-9명,279,1779.0
충북,"사업시설관리,사업지원및임대서비스업(74~76)",10-19명,202,2853.0
충북,"사업시설관리,사업지원및임대서비스업(74~76)",20-49명,185,5716.0
충북,"사업시설관리,사업지원및임대서비스업(74~76)",50-99명,78,5495.0
충북,"사업시설관리,사업지원및임대서비스업(74~76)",100-299명,39,6627.0
충북,"사업시설관리,사업지원및임대서비스업(74~76)",300-499명,4,1458.0
충북,"사업시설관리,사업지원및임대서비스업(74~76)",500-999명,2,
충북,"사업시설관리,사업지원및임대서비스업(74~76)",1000명이상,2,
충북,"공공행정,국방및사회보장행정(84)",계,570,36614.0
충북,"공공행정,국방및사회보장행정(84)",1-4명,68,150.0
충북,"공공행정,국방및사회보장행정(84)",5-9명,60,466.0
충북,"공공행정,국방및사회보장행정(84)",10-19명,122,1803.0
충북,"공공행정,국방및사회보장행정(84)",20-49명,198,5893.0
충북,"공공행정,국방및사회보장행정(84)",50-99명,63,4185.0
충북,"공공행정,국방및사회보장행정(84)",100-299명,33,5327.0
충북,"공공행정,국방및사회보장행정(84)",300-499명,9,3599.0
충북,"공공행정,국방및사회보장행정(84)",500-999명,11,7664.0
충북,"공공행정,국방및사회보장행정(84)",1000명이상,6,7527.0
충북,교육서비스업(85),계,7799,56688.0
충북,교육서비스업(85),1-4명,6473,9218.0
충북,교육서비스업(85),5-9명,502,3149.0
충북,교육서비스업(85),10-19명,259,3554.0
충북,교육서비스업(85),20-49명,295,9452.0
충북,교육서비스업(85),50-99명,219,15364.0
충북,교육서비스업(85),100-299명,37,5323.0
충북,교육서비스업(85),300-499명,7,2562.0
충북,교육서비스업(85),500-999명,4,2709.0
충북,교육서비스업(85),1000명이상,3,5357.0
충북,보건업및사회복지서비스업(86~87),계,5471,89074.0
충북,보건업및사회복지서비스업(86~87),1-4명,2214,5419.0
충북,보건업및사회복지서비스업(86~87),5-9명,1426,9242.0
충북,보건업및사회복지서비스업(86~87),10-19명,987,13432.0
충북,보건업및사회복지서비스업(86~87),20-49명,556,16914.0
충북,보건업및사회복지서비스업(86~87),50-99명,208,13802.0
충북,보건업및사회복지서비스업(86~87),100-299명,57,9182.0
충북,보건업및사회복지서비스업(86~87),300-499명,11,4262.0
충북,보건업및사회복지서비스업(86~87),500-999명,7,5385.0
충북,보건업및사회복지서비스업(86~87),1000명이상,5,11436.0
충북,"예술,스포츠및여가관련서비스업(90~91)",계,5126,16131.0
충북,"예술,스포츠및여가관련서비스업(90~91)",1-4명,4695,6503.0
충북,"예술,스포츠및여가관련서비스업(90~91)",5-9명,261,1653.0
충북,"예술,스포츠및여가관련서비스업(90~91)",10-19명,79,1054.0
충북,"예술,스포츠및여가관련서비스업(90~91)",20-49명,44,1354.0
충북,"예술,스포츠및여가관련서비스업(90~91)",50-99명,16,1175.0
충북,"예술,스포츠및여가관련서비스업(90~91)",100-299명,31,4392.0
충북,"협회및단체,수리및기타개인서비스업(94~96)",계,19939,32389.0
충북,"협회및단체,수리및기타개인서비스업(94~96)",1-4명,19241,23246.0
충북,"협회및단체,수리및기타개인서비스업(94~96)",5-9명,458,2886.0
충북,"협회및단체,수리및기타개인서비스업(94~96)",10-19명,149,1964.0
충북,"협회및단체,수리및기타개인서비스업(94~96)",20-49명,73,2091.0
충북,"협회및단체,수리및기타개인서비스업(94~96)",50-99명,12,842.0
충북,"협회및단체,수리및기타개인서비스업(94~96)",100-299명,4,627.0
충북,"협회및단체,수리및기타개인서비스업(94~96)",300-499명,2,
충남,전체산업,계,287424,1121335.0
충남,전체산업,1-4명,253635,352077.0
충남,전체산업,5-9명,17941,113877.0
충남,전체산업,10-19명,8061,107673.0
충남,전체산업,20-49명,5269,156741.0
충남,전체산업,50-99명,1527,104385.0
충남,전체산업,100-299명,803,126630.0
충남,전체산업,300-499명,94,35777.0
충남,전체산업,500-999명,59,40712.0
충남,전체산업,1000명이상,35,83463.0
충남,"농업,임업및어업(01~03)",계,1626,8081.0
충남,"농업,임업및어업(01~03)",1-4명,1190,1972.0
충남,"농업,임업및어업(01~03)",5-9명,245,1602.0
충남,"농업,임업및어업(01~03)",10-19명,109,1488.0
충남,"농업,임업및어업(01~03)",20-49명,72,2143.0
충남,"농업,임업및어업(01~03)",50-99명,7,458.0
충남,"농업,임업및어업(01~03)",100-299명,3,418.0
충남,광업(05~08),계,112,886.0
충남,광업(05~08),1-4명,69,118.0
충남,광업(05~08),5-9명,15,99.0
충남,광업(05~08),10-19명,13,167.0
충남,광업(05~08),20-49명,14,442.0
충남,광업(05~08),50-99명,1,
충남,제조업(10~34),계,22992,314597.0
충남,제조업(10~34),1-4명,15266,26580.0
충남,제조업(10~34),5-9명,2715,17486.0
충남,제조업(10~34),10-19명,2238,30117.0
충남,제조업(10~34),20-49명,1775,53814.0
충남,제조업(10~34),50-99명,512,35742.0
충남,제조업(10~34),100-299명,396,65068.0
충남,제조업(10~34),300-499명,51,18742.0
충남,제조업(10~34),500-999명,25,16552.0
충남,제조업(10~34),1000명이상,14,50496.0
충남,"전기,가스,증기및공기조절공급업(35)",계,19636,25824.0
충남,"전기,가스,증기및공기조절공급업(35)",1-4명,19550,19736.0
충남,"전기,가스,증기및공기조절공급업(35)",5-9명,30,189.0
충남,"전기,가스,증기및공기조절공급업(35)",10-19명,17,230.0
충남,"전기,가스,증기및공기조절공급업(35)",20-49명,21,783.0
충남,"전기,가스,증기및공기조절공급업(35)",50-99명,5,347.0
충남,"전기,가스,증기및공기조절공급업(35)",100-299명,9,1529.0
충남,"전기,가스,증기및공기조절공급업(35)",300-499명,1,
충남,"전기,가스,증기및공기조절공급업(35)",500-999명,3,2710.0
충남,"수도,하수및폐기물처리,원료재생업(36~39)",계,876,8082.0
충남,"수도,하수및폐기물처리,원료재생업(36~39)",1-4명,527,1006.0
충남,"수도,하수및폐기물처리,원료재생업(36~39)",5-9명,149,965.0
충남,"수도,하수및폐기물처리,원료재생업(36~39)",10-19명,82,1090.0
충남,"수도,하수및폐기물처리,원료재생업(36~39)",20-49명,86,2640.0
충남,"수도,하수및폐기물처리,원료재생업(36~39)",50-99명,28,1935.0
충남,"수도,하수및폐기물처리,원료재생업(36~39)",100-299명,4,446.0
충남,건설업(41~42),계,28272,82339.0
충남,건설업(41~42),1-4명,24641,32569.0
충남,건설업(41~42),5-9명,2187,13974.0
충남,건설업(41~42),10-19명,932,12036.0
충남,건설업(41~42),20-49명,412,11727.0
충남,건설업(41~42),50-99명,54,3541.0
충남,건설업(41~42),100-299명,41,6582.0
충남,건설업(41~42),300-499명,5,1910.0
충남,도매및소매업(45~47),계,63715,121966.0
충남,도매및소매업(45~47),1-4명,59780,82582.0
충남,도매및소매업(45~47),5-9명,2874,17838.0
충남,도매및소매업(45~47),10-19명,763,9796.0
충남,도매및소매업(45~47),20-49명,235,6638.0
충남,도매및소매업(45~47),50-99명,53,3545.0
충남,도매및소매업(45~47),100-299명,10,1567.0
충남,운수및창고업(49~52),계,26613,51501.0
충남,운수및창고업(49~52),1-4명,25629,27576.0
충남,운수및창고업(49~52),5-9명,402,2619.0
충남,운수및창고업(49~52),10-19명,278,3798.0
충남,운수및창고업(49~52),20-49명,204,5984.0
충남,운수및창고업(49~52),50-99명,54,3625.0
충남,운수및창고업(49~52),100-299명,42,6175.0
충남,운수및창고업(49~52),300-499명,3,1040.0
충남,운수및창고업(49~52),500-999명,1,
충남,숙박및음식점업(55~56),계,42099,96835.0
충남,숙박및음식점업(55~56),1-4명,38439,66743.0
충남,숙박및음식점업(55~56),5-9명,3082,18746.0
충남,숙박및음식점업(55~56),10-19명,457,5805.0
충남,숙박및음식점업(55~56),20-49명,93,2680.0
충남,숙박및음식점업(55~56),50-99명,18,1168.0
충남,숙박및음식점업(55~56),100-299명,10,1693.0
충남,정보통신업(58~63),계,3526,8883.0
충남,정보통신업(58~63),1-4명,3257,4086.0
충남,정보통신업(58~63),5-9명,137,897.0
충남,정보통신업(58~63),10-19명,72,964.0
충남,정보통신업(58~63),20-49명,41,1233.0
충남,정보통신업(58~63),50-99명,13,783.0
충남,정보통신업(58~63),100-299명,5,545.0
충남,정보통신업(58~63),300-499명,1,
충남,금융및보험업(64~66),계,2103,19246.0
충남,금융및보험업(64~66),1-4명,984,1814.0
충남,금융및보험업(64~66),5-9명,544,3568.0
충남,금융및보험업(64~66),10-19명,311,4175.0
충남,금융및보험업(64~66),20-49명,214,6388.0
충남,금융및보험업(64~66),50-99명,49,3199.0
충남,금융및보험업(64~66),100-299명,1,
충남,부동산업(68),계,9534,20047.0
충남,부동산업(68),1-4명,8672,10973.0
충남,부동산업(68),5-9명,668,4249.0
충남,부동산업(68),10-19명,146,1934.0
충남,부동산업(68),20-49명,39,1031.0
충남,부동산업(68),50-99명,1,
충남,부동산업(68),100-299명,6,883.0
충남,부동산업(68),300-499명,2,
충남,"전문,과학및기술서비스업(70~73)",계,7059,31940.0
충남,"전문,과학및기술서비스업(70~73)",1-4명,5846,8758.0
충남,"전문,과학및기술서비스업(70~73)",5-9명,676,4323.0
충남,"전문,과학및기술서비스업(70~73)",10-19명,308,4045.0
충남,"전문,과학및기술서비스업(70~73)",20-49명,159,4551.0
충남,"전문,과학및기술서비스업(70~73)",50-99명,39,2687.0
충남,"전문,과학및기술서비스업(70~73)",100-299명,22,3722.0
충남,"전문,과학및기술서비스업(70~73)",300-499명,7,2789.0
충남,"전문,과학및기술서비스업(70~73)",500-999명,2,
충남,"사업시설관리,사업지원및임대서비스업(74~76)",계,6312,37364.0
충남,"사업시설관리,사업지원및임대서비스업(74~76)",1-4명,5335,7279.0
충남,"사업시설관리,사업지원및임대서비스업(74~76)",5-9명,392,2575.0
충남,"사업시설관리,사업지원및임대서비스업(74~76)",10-19명,246,3306.0
충남,"사업시설관리,사업지원및임대서비스업(74~76)",20-49명,214,6406.0
충남,"사업시설관리,사업지원및임대서비스업(74~76)",50-99명,71,4770.0
충남,"사업시설관리,사업지원및임대서비스업(74~76)",100-299명,45,6924.0
충남,"사업시설관리,사업지원및임대서비스업(74~76)",300-499명,4,1659.0
충남,"사업시설관리,사업지원및임대서비스업(74~76)",500-999명,3,1827.0
충남,"사업시설관리,사업지원및임대서비스업(74~76)",1000명이상,2,
충남,"공공행정,국방및사회보장행정(84)",계,789,43272.0
충남,"공공행정,국방및사회보장행정(84)",1-4명,116,207.0
충남,"공공행정,국방및사회보장행정(84)",5-9명,78,554.0
충남,"공공행정,국방및사회보장행정(84)",10-19명,164,2476.0
충남,"공공행정,국방및사회보장행정(84)",20-49명,297,8391.0
충남,"공공행정,국방및사회보장행정(84)",50-99명,63,4536.0
충남,"공공행정,국방및사회보장행정(84)",100-299명,52,8097.0
충남,"공공행정,국방및사회보장행정(84)",300-499명,4,1637.0
충남,"공공행정,국방및사회보장행정(84)",500-999명,7,4477.0
충남,"공공행정,국방및사회보장행정(84)",1000명이상,8,12897.0
충남,교육서비스업(85),계,10567,74604.0
충남,교육서비스업(85),1-4명,8665,12562.0
충남,교육서비스업(85),5-9명,707,4489.0
충남,교육서비스업(85),10-19명,396,5658.0
충남,교육서비스업(85),20-49명,483,14176.0
충남,교육서비스업(85),50-99명,245,16708.0
충남,교육서비스업(85),100-299명,53,7566.0
충남,교육서비스업(85),300-499명,7,2786.0
충남,교육서비스업(85),500-999명,7,5246.0
충남,교육서비스업(85),1000명이상,4,5413.0
충남,보건업및사회복지서비스업(86~87),계,7351,115839.0
충남,보건업및사회복지서비스업(86~87),1-4명,2963,7104.0
충남,보건업및사회복지서비스업(86~87),5-9명,2061,13473.0
충남,보건업및사회복지서비스업(86~87),10-19명,1180,15994.0
충남,보건업및사회복지서비스업(86~87),20-49명,754,23167.0
충남,보건업및사회복지서비스업(86~87),50-99명,274,18584.0
충남,보건업및사회복지서비스업(86~87),100-299명,92,13711.0
충남,보건업및사회복지서비스업(86~87),300-499명,9,3616.0
충남,보건업및사회복지서비스업(86~87),500-999명,11,8151.0
충남,보건업및사회복지서비스업(86~87),1000명이상,7,12039.0
충남,"예술,스포츠및여가관련서비스업(90~91)",계,6474,16336.0
충남,"예술,스포츠및여가관련서비스업(90~91)",1-4명,5938,8262.0
충남,"예술,스포츠및여가관련서비스업(90~91)",5-9명,344,2181.0
충남,"예술,스포츠및여가관련서비스업(90~91)",10-19명,100,1365.0
충남,"예술,스포츠및여가관련서비스업(90~91)",20-49명,62,1811.0
충남,"예술,스포츠및여가관련서비스업(90~91)",50-99명,20,1379.0
충남,"예술,스포츠및여가관련서비스업(90~91)",100-299명,10,1338.0
충남,"협회및단체,수리및기타개인서비스업(94~96)",계,27768,43693.0
충남,"협회및단체,수리및기타개인서비스업(94~96)",1-4명,26768,32150.0
충남,"협회및단체,수리및기타개인서비스업(94~96)",5-9명,635,4050.0
충남,"협회및단체,수리및기타개인서비스업(94~96)",10-19명,249,3229.0
충남,"협회및단체,수리및기타개인서비스업(94~96)",20-49명,94,2736.0
충남,"협회및단체,수리및기타개인서비스업(94~96)",50-99명,20,1264.0
충남,"협회및단체,수리및기타개인서비스업(94~96)",100-299명,2,
전북,전체산업,계,252411,817157.0
전북,전체산업,1-4명,226583,303426.0
전북,전체산업,5-9명,14203,90060.0
전북,전체산업,10-19명,6244,83309.0
전북,전체산업,20-49명,3686,109771.0
전북,전체산업,50-99명,1118,75345.0
전북,전체산업,100-299명,463,71340.0
전북,전체산업,300-499명,53,19988.0
전북,전체산업,500-999명,38,24809.0
전북,전체산업,1000명이상,23,39109.0
전북,"농업,임업및어업(01~03)",계,1363,5729.0
전북,"농업,임업및어업(01~03)",1-4명,1014,1654.0
전북,"농업,임업및어업(01~03)",5-9명,221,1345.0
전북,"농업,임업및어업(01~03)",10-19명,87,1139.0
전북,"농업,임업및어업(01~03)",20-49명,33,963.0
전북,"농업,임업및어업(01~03)",50-99명,6,379.0
전북,"농업,임업및어업(01~03)",100-299명,2,
전북,광업(05~08),계,88,613.0
전북,광업(05~08),1-4명,53,102.0
전북,광업(05~08),5-9명,12,83.0
전북,광업(05~08),10-19명,14,177.0
전북,광업(05~08),20-49명,9,251.0
전북,제조업(10~34),계,15002,119854.0
전북,제조업(10~34),1-4명,11253,18686.0
전북,제조업(10~34),5-9명,1727,11023.0
전북,제조업(10~34),10-19명,964,12876.0
전북,제조업(10~34),20-49명,674,20446.0
전북,제조업(10~34),50-99명,227,15108.0
전북,제조업(10~34),100-299명,126,19969.0
전북,제조업(10~34),300-499명,20,7973.0
전북,제조업(10~34),500-999명,7,4207.0
전북,제조업(10~34),1000명이상,4,9566.0
전북,"전기,가스,증기및공기조절공급업(35)",계,33073,35803.0
전북,"전기,가스,증기및공기조절공급업(35)",1-4명,33001,33275.0
전북,"전기,가스,증기및공기조절공급업(35)",5-9명,33,211.0
전북,"전기,가스,증기및공기조절공급업(35)",10-19명,7,95.0
전북,"전기,가스,증기및공기조절공급업(35)",20-49명,17,566.0
전북,"전기,가스,증기및공기조절공급업(35)",50-99명,10,735.0
전북,"전기,가스,증기및공기조절공급업(35)",100-299명,4,612.0
전북,"전기,가스,증기및공기조절공급업(35)",300-499명,1,
전북,"수도,하수및폐기물처리,원료재생업(36~39)",계,636,6044.0
전북,"수도,하수및폐기물처리,원료재생업(36~39)",1-4명,382,753.0
전북,"수도,하수및폐기물처리,원료재생업(36~39)",5-9명,96,616.0
전북,"수도,하수및폐기물처리,원료재생업(36~39)",10-19명,79,1075.0
전북,"수도,하수및폐기물처리,원료재생업(36~39)",20-49명,56,1626.0
전북,"수도,하수및폐기물처리,원료재생업(36~39)",50-99명,17,1057.0
전북,"수도,하수및폐기물처리,원료재생업(36~39)",100-299명,6,917.0
전북,건설업(41~42),계,23297,66989.0
전북,건설업(41~42),1-4명,20003,26777.0
전북,건설업(41~42),5-9명,2082,13081.0
전북,건설업(41~42),10-19명,819,10735.0
전북,건설업(41~42),20-49명,314,8935.0
전북,건설업(41~42),50-99명,56,3810.0
전북,건설업(41~42),100-299명,21,2735.0
전북,건설업(41~42),300-499명,1,
전북,건설업(41~42),500-999명,1,
전북,도매및소매업(45~47),계,52638,98230.0
전북,도매및소매업(45~47),1-4명,49731,67795.0
전북,도매및소매업(45~47),5-9명,2083,13009.0
전북,도매및소매업(45~47),10-19명,575,7439.0
전북,도매및소매업(45~47),20-49명,193,5346.0
전북,도매및소매업(45~47),50-99명,43,2887.0
전북,도매및소매업(45~47),100-299명,13,1754.0
전북,운수및창고업(49~52),계,23070,42478.0
전북,운수및창고업(49~52),1-4명,22362,23722.0
전북,운수및창고업(49~52),5-9명,258,1670.0
전북,운수및창고업(49~52),10-19명,198,2590.0
전북,운수및창고업(49~52),20-49명,166,4912.0
전북,운수및창고업(49~52),50-99명,56,3889.0
전북,운수및창고업(49~52),100-299명,28,4713.0
전북,운수및창고업(49~52),300-499명,1,
전북,운수및창고업(49~52),500-999명,1,
전북,숙박및음식점업(55~56),계,31394,72740.0
전북,숙박및음식점업(55~56),1-4명,28515,49310.0
전북,숙박및음식점업(55~56),5-9명,2415,14852.0
전북,숙박및음식점업(55~56),10-19명,372,4702.0
전북,숙박및음식점업(55~56),20-49명,77,2177.0
전북,숙박및음식점업(55~56),50-99명,13,789.0
전북,숙박및음식점업(55~56),100-299명,1,
전북,숙박및음식점업(55~56),500-999명,1,
전북,정보통신업(58~63),계,1853,8008.0
전북,정보통신업(58~63),1-4명,1558,2269.0
전북,정보통신업(58~63),5-9명,152,971.0
전북,정보통신업(58~63),10-19명,73,981.0
전북,정보통신업(58~63),20-49명,44,1289.0
전북,정보통신업(58~63),50-99명,17,1117.0
전북,정보통신업(58~63),100-299명,9,1381.0
전북,금융및보험업(64~66),계,2227,23426.0
전북,금융및보험업(64~66),1-4명,1046,1771.0
전북,금융및보험업(64~66),5-9명,520,3464.0
전북,금융및보험업(64~66),10-19명,359,4832.0
전북,금융및보험업(64~66),20-49명,231,6890.0
전북,금융및보험업(64~66),50-99명,57,3715.0
전북,금융및보험업(64~66),100-299명,13,2185.0
전북,금융및보험업(64~66),500-999명,1,
전북,부동산업(68),계,6879,16232.0
전북,부동산업(68),1-4명,6116,7628.0
전북,부동산업(68),5-9명,448,3090.0
전북,부동산업(68),10-19명,278,3486.0
전북,부동산업(68),20-49명,32,758.0
전북,부동산업(68),50-99명,1,
전북,부동산업(68),100-299명,3,563.0
전북,부동산업(68),500-999명,1,
전북,"전문,과학및기술서비스업(70~73)",계,5530,27750.0
전북,"전문,과학및기술서비스업(70~73)",1-4명,4465,6970.0
전북,"전문,과학및기술서비스업(70~73)",5-9명,594,3854.0
전북,"전문,과학및기술서비스업(70~73)",10-19명,280,3771.0
전북,"전문,과학및기술서비스업(70~73)",20-49명,135,3780.0
전북,"전문,과학및기술서비스업(70~73)",50-99명,29,2000.0
전북,"전문,과학및기술서비스업(70~73)",100-299명,17,2643.0
전북,"전문,과학및기술서비스업(70~73)",300-499명,6,2511.0
전북,"전문,과학및기술서비스업(70~73)",500-999명,4,2221.0
전북,"사업시설관리,사업지원및임대서비스업(74~76)",계,4233,22808.0
전북,"사업시설관리,사업지원및임대서비스업(74~76)",1-4명,3570,4963.0
전북,"사업시설관리,사업지원및임대서비스업(74~76)",5-9명,287,1804.0
전북,"사업시설관리,사업지원및임대서비스업(74~76)",10-19명,159,2088.0
전북,"사업시설관리,사업지원및임대서비스업(74~76)",20-49명,151,4557.0
전북,"사업시설관리,사업지원및임대서비스업(74~76)",50-99명,33,2277.0
전북,"사업시설관리,사업지원및임대서비스업(74~76)",100-299명,25,4284.0
전북,"사업시설관리,사업지원및임대서비스업(74~76)",300-499명,7,2219.0
전북,"사업시설관리,사업지원및임대서비스업(74~76)",500-999명,1,
전북,"공공행정,국방및사회보장행정(84)",계,932,44307.0
전북,"공공행정,국방및사회보장행정(84)",1-4명,188,347.0
전북,"공공행정,국방및사회보장행정(84)",5-9명,150,1092.0
전북,"공공행정,국방및사회보장행정(84)",10-19명,254,3665.0
전북,"공공행정,국방및사회보장행정(84)",20-49명,186,5640.0
전북,"공공행정,국방및사회보장행정(84)",50-99명,82,5771.0
전북,"공공행정,국방및사회보장행정(84)",100-299명,48,7246.0
전북,"공공행정,국방및사회보장행정(84)",300-499명,6,2297.0
전북,"공공행정,국방및사회보장행정(84)",500-999명,10,6681.0
전북,"공공행정,국방및사회보장행정(84)",1000명이상,8,11568.0
전북,교육서비스업(85),계,9562,60085.0
전북,교육서비스업(85),1-4명,7993,11194.0
전북,교육서비스업(85),5-9명,499,3163.0
전북,교육서비스업(85),10-19명,369,5143.0
전북,교육서비스업(85),20-49명,462,14146.0
전북,교육서비스업(85),50-99명,203,13665.0
전북,교육서비스업(85),100-299명,28,3998.0
전북,교육서비스업(85),300-499명,2,
전북,교육서비스업(85),500-999명,3,2531.0
전북,교육서비스업(85),1000명이상,3,5434.0
전북,보건업및사회복지서비스업(86~87),계,7227,109268.0
전북,보건업및사회복지서비스업(86~87),1-4명,3316,7901.0
전북,보건업및사회복지서비스업(86~87),5-9명,1746,11190.0
전북,보건업및사회복지서비스업(86~87),10-19명,1033,14239.0
전북,보건업및사회복지서비스업(86~87),20-49명,771,23489.0
전북,보건업및사회복지서비스업(86~87),50-99명,234,15764.0
전북,보건업및사회복지서비스업(86~87),100-299명,102,15548.0
전북,보건업및사회복지서비스업(86~87),300-499명,9,3069.0
전북,보건업및사회복지서비스업(86~87),500-999명,8,5527.0
전북,보건업및사회복지서비스업(86~87),1000명이상,8,12541.0
전북,"예술,스포츠및여가관련서비스업(90~91)",계,5190,14676.0
전북,"예술,스포츠및여가관련서비스업(90~91)",1-4명,4696,6600.0
전북,"예술,스포츠및여가관련서비스업(90~91)",5-9명,308,1922.0
전북,"예술,스포츠및여가관련서비스업(90~91)",10-19명,92,1206.0
전북,"예술,스포츠및여가관련서비스업(90~91)",20-49명,61,1922.0
전북,"예술,스포츠및여가관련서비스업(90~91)",50-99명,22,1519.0
전북,"예술,스포츠및여가관련서비스업(90~91)",100-299명,11,1507.0
전북,"협회및단체,수리및기타개인서비스업(94~96)",계,28217,42117.0
전북,"협회및단체,수리및기타개인서비스업(94~96)",1-4명,27321,31709.0
전북,"협회및단체,수리및기타개인서비스업(94~96)",5-9명,572,3620.0
전북,"협회및단체,수리및기타개인서비스업(94~96)",10-19명,232,3070.0
전북,"협회및단체,수리및기타개인서비스업(94~96)",20-49명,74,2078.0
전북,"협회및단체,수리및기타개인서비스업(94~96)",50-99명,12,802.0
전북,"협회및단체,수리및기타개인서비스업(94~96)",100-299명,6,838.0
전남,전체산업,계,253206,899604.0
전남,전체산업,1-4명,224916,307413.0
전남,전체산업,5-9명,15184,96885.0
전남,전체산업,10-19명,6854,91644.0
전남,전체산업,20-49명,4309,128261.0
전남,전체산업,50-99명,1233,84367.0
전남,전체산업,100-299명,565,90016.0
전남,전체산업,300-499명,71,26636.0
전남,전체산업,500-999명,52,35333.0
전남,전체산업,1000명이상,22,39049.0
전남,"농업,임업및어업(01~03)",계,1967,10112.0
전남,"농업,임업및어업(01~03)",1-4명,1428,2449.0
전남,"농업,임업및어업(01~03)",5-9명,363,2301.0
전남,"농업,임업및어업(01~03)",10-19명,109,1435.0
전남,"농업,임업및어업(01~03)",20-49명,55,1605.0
전남,"농업,임업및어업(01~03)",50-99명,9,559.0
전남,"농업,임업및어업(01~03)",300-499명,1,
전남,"농업,임업및어업(01~03)",500-999명,2,
전남,광업(05~08),계,961,2487.0
전남,광업(05~08),1-4명,905,1733.0
전남,광업(05~08),5-9명,27,174.0
전남,광업(05~08),10-19명,16,224.0
전남,광업(05~08),20-49명,13,356.0
전남,제조업(10~34),계,16143,128939.0
전남,제조업(10~34),1-4명,11997,19787.0
전남,제조업(10~34),5-9명,1925,12516.0
전남,제조업(10~34),10-19명,1190,15905.0
전남,제조업(10~34),20-49명,707,20985.0
전남,제조업(10~34),50-99명,204,14182.0
전남,제조업(10~34),100-299명,86,13702.0
전남,제조업(10~34),300-499명,14,5204.0
전남,제조업(10~34),500-999명,13,8860.0
전남,제조업(10~34),1000명이상,7,17798.0
전남,"전기,가스,증기및공기조절공급업(35)",계,22255,29204.0
전남,"전기,가스,증기및공기조절공급업(35)",1-4명,22140,22483.0
전남,"전기,가스,증기및공기조절공급업(35)",5-9명,49,299.0
전남,"전기,가스,증기및공기조절공급업(35)",10-19명,23,309.0
전남,"전기,가스,증기및공기조절공급업(35)",20-49명,22,772.0
전남,"전기,가스,증기및공기조절공급업(35)",50-99명,14,1006.0
전남,"전기,가스,증기및공기조절공급업(35)",100-299명,4,560.0
전남,"전기,가스,증기및공기조절공급업(35)",300-499명,1,
전남,"전기,가스,증기및공기조절공급업(35)",1000명이상,2,
전남,"수도,하수및폐기물처리,원료재생업(36~39)",계,823,7542.0
전남,"수도,하수및폐기물처리,원료재생업(36~39)",1-4명,525,985.0
전남,"수도,하수및폐기물처리,원료재생업(36~39)",5-9명,114,754.0
전남,"수도,하수및폐기물처리,원료재생업(36~39)",10-19명,82,1115.0
전남,"수도,하수및폐기물처리,원료재생업(36~39)",20-49명,80,2460.0
전남,"수도,하수및폐기물처리,원료재생업(36~39)",50-99명,18,1236.0
전남,"수도,하수및폐기물처리,원료재생업(36~39)",100-299명,4,992.0
전남,건설업(41~42),계,26554,104319.0
전남,건설업(41~42),1-4명,22219,29324.0
전남,건설업(41~42),5-9명,2432,15664.0
전남,건설업(41~42),10-19명,1181,15553.0
전남,건설업(41~42),20-49명,525,15073.0
전남,건설업(41~42),50-99명,105,7055.0
전남,건설업(41~42),100-299명,75,11711.0
전남,건설업(41~42),300-499명,11,4481.0
전남,건설업(41~42),500-999명,4,2606.0
전남,건설업(41~42),1000명이상,2,
전남,도매및소매업(45~47),계,54664,103477.0
전남,도매및소매업(45~47),1-4명,51456,71605.0
전남,도매및소매업(45~47),5-9명,2382,14815.0
전남,도매및소매업(45~47),10-19명,580,7489.0
전남,도매및소매업(45~47),20-49명,204,5707.0
전남,도매및소매업(45~47),50-99명,31,2103.0
전남,도매및소매업(45~47),100-299명,10,1311.0
전남,도매및소매업(45~47),300-499명,1,
전남,운수및창고업(49~52),계,25782,55134.0
전남,운수및창고업(49~52),1-4명,24557,26596.0
전남,운수및창고업(49~52),5-9명,483,3205.0
전남,운수및창고업(49~52),10-19명,341,4577.0
전남,운수및창고업(49~52),20-49명,284,8371.0
전남,운수및창고업(49~52),50-99명,78,5210.0
전남,운수및창고업(49~52),100-299명,38,5754.0
전남,운수및창고업(49~52),1000명이상,1,
전남,숙박및음식점업(55~56),계,37394,80333.0
전남,숙박및음식점업(55~56),1-4명,34580,57912.0
전남,숙박및음식점업(55~56),5-9명,2370,14322.0
전남,숙박및음식점업(55~56),10-19명,346,4346.0
전남,숙박및음식점업(55~56),20-49명,82,2435.0
전남,숙박및음식점업(55~56),50-99명,13,881.0
전남,숙박및음식점업(55~56),100-299명,3,437.0
전남,정보통신업(58~63),계,1762,8684.0
전남,정보통신업(58~63),1-4명,1445,2178.0
전남,정보통신업(58~63),5-9명,163,1031.0
전남,정보통신업(58~63),10-19명,70,936.0
전남,정보통신업(58~63),20-49명,62,1916.0
전남,정보통신업(58~63),50-99명,15,942.0
전남,정보통신업(58~63),100-299명,5,757.0
전남,정보통신업(58~63),300-499명,1,
전남,정보통신업(58~63),500-999명,1,
전남,금융및보험업(64~66),계,1957,19185.0
전남,금융및보험업(64~66),1-4명,817,1552.0
전남,금융및보험업(64~66),5-9명,544,3644.0
전남,금융및보험업(64~66),10-19명,350,4624.0
전남,금융및보험업(64~66),20-49명,202,6213.0
전남,금융및보험업(64~66),50-99명,38,2296.0
전남,금융및보험업(64~66),100-299명,6,856.0
전남,부동산업(68),계,5236,13233.0
전남,부동산업(68),1-4명,4603,5823.0
전남,부동산업(68),5-9명,318,2157.0
전남,부동산업(68),10-19명,258,3397.0
전남,부동산업(68),20-49명,55,1458.0
전남,부동산업(68),100-299명,2,
전남,"전문,과학및기술서비스업(70~73)",계,4805,23655.0
전남,"전문,과학및기술서비스업(70~73)",1-4명,3821,5827.0
전남,"전문,과학및기술서비스업(70~73)",5-9명,505,3298.0
전남,"전문,과학및기술서비스업(70~73)",10-19명,276,3641.0
전남,"전문,과학및기술서비스업(70~73)",20-49명,151,4351.0
전남,"전문,과학및기술서비스업(70~73)",50-99명,33,2230.0
전남,"전문,과학및기술서비스업(70~73)",100-299명,13,2078.0
전남,"전문,과학및기술서비스업(70~73)",300-499명,5,1701.0
전남,"전문,과학및기술서비스업(70~73)",500-999명,1,
전남,"사업시설관리,사업지원및임대서비스업(74~76)",계,4373,27102.0
전남,"사업시설관리,사업지원및임대서비스업(74~76)",1-4명,3704,5240.0
전남,"사업시설관리,사업지원및임대서비스업(74~76)",5-9명,285,1875.0
전남,"사업시설관리,사업지원및임대서비스업(74~76)",10-19명,166,2239.0
전남,"사업시설관리,사업지원및임대서비스업(74~76)",20-49명,127,3735.0
전남,"사업시설관리,사업지원및임대서비스업(74~76)",50-99명,47,3197.0
전남,"사업시설관리,사업지원및임대서비스업(74~76)",100-299명,37,6213.0
전남,"사업시설관리,사업지원및임대서비스업(74~76)",300-499명,2,
전남,"사업시설관리,사업지원및임대서비스업(74~76)",500-999명,4,2592.0
전남,"사업시설관리,사업지원및임대서비스업(74~76)",1000명이상,1,
전남,"공공행정,국방및사회보장행정(84)",계,1292,62608.0
전남,"공공행정,국방및사회보장행정(84)",1-4명,294,593.0
전남,"공공행정,국방및사회보장행정(84)",5-9명,244,1674.0
전남,"공공행정,국방및사회보장행정(84)",10-19명,217,3287.0
전남,"공공행정,국방및사회보장행정(84)",20-49명,304,8910.0
전남,"공공행정,국방및사회보장행정(84)",50-99명,99,6955.0
전남,"공공행정,국방및사회보장행정(84)",100-299명,97,15698.0
전남,"공공행정,국방및사회보장행정(84)",300-499명,15,5690.0
전남,"공공행정,국방및사회보장행정(84)",500-999명,17,12170.0
전남,"공공행정,국방및사회보장행정(84)",1000명이상,5,7631.0
전남,교육서비스업(85),계,8374,57509.0
전남,교육서비스업(85),1-4명,6769,9631.0
전남,교육서비스업(85),5-9명,514,3299.0
전남,교육서비스업(85),10-19명,303,4352.0
전남,교육서비스업(85),20-49명,518,15670.0
전남,교육서비스업(85),50-99명,227,15387.0
전남,교육서비스업(85),100-299명,36,5201.0
전남,교육서비스업(85),300-499명,3,1115.0
전남,교육서비스업(85),500-999명,3,1804.0
전남,교육서비스업(85),1000명이상,1,
전남,보건업및사회복지서비스업(86~87),계,6735,108728.0
전남,보건업및사회복지서비스업(86~87),1-4명,2891,6752.0
전남,보건업및사회복지서비스업(86~87),5-9명,1605,10392.0
전남,보건업및사회복지서비스업(86~87),10-19명,1049,14284.0
전남,보건업및사회복지서비스업(86~87),20-49명,773,24007.0
전남,보건업및사회복지서비스업(86~87),50-99명,272,18981.0
전남,보건업및사회복지서비스업(86~87),100-299명,118,19718.0
전남,보건업및사회복지서비스업(86~87),300-499명,17,6071.0
전남,보건업및사회복지서비스업(86~87),500-999명,7,4782.0
전남,보건업및사회복지서비스업(86~87),1000명이상,3,3741.0
전남,"예술,스포츠및여가관련서비스업(90~91)",계,5364,17816.0
전남,"예술,스포츠및여가관련서비스업(90~91)",1-4명,4853,6661.0
전남,"예술,스포츠및여가관련서비스업(90~91)",5-9명,277,1751.0
전남,"예술,스포츠및여가관련서비스업(90~91)",10-19명,113,1529.0
전남,"예술,스포츠및여가관련서비스업(90~91)",20-49명,72,2183.0
전남,"예술,스포츠및여가관련서비스업(90~91)",50-99명,21,1517.0
전남,"예술,스포츠및여가관련서비스업(90~91)",100-299명,28,4175.0
전남,"협회및단체,수리및기타개인서비스업(94~96)",계,26765,39537.0
전남,"협회및단체,수리및기타개인서비스업(94~96)",1-4명,25912,30282.0
전남,"협회및단체,수리및기타개인서비스업(94~96)",5-9명,584,3714.0
전남,"협회및단체,수리및기타개인서비스업(94~96)",10-19명,184,2402.0
전남,"협회및단체,수리및기타개인서비스업(94~96)",20-49명,73,2054.0
전남,"협회및단체,수리및기타개인서비스업(94~96)",50-99명,9,630.0
전남,"협회및단체,수리및기타개인서비스업(94~96)",100-299명,3,455.0
경북,전체산업,계,344568,1283224.0
경북,전체산업,1-4명,304992,423986.0
경북,전체산업,5-9명,20880,132505.0
경북,전체산업,10-19명,9847,131212.0
경북,전체산업,20-49명,6135,183049.0
경북,전체산업,50-99명,1762,119506.0
경북,전체산업,100-299명,745,115426.0
경북,전체산업,300-499명,85,32053.0
경북,전체산업,500-999명,77,52865.0
경북,전체산업,1000명이상,45,92622.0
경북,"농업,임업및어업(01~03)",계,1235,6923.0
경북,"농업,임업및어업(01~03)",1-4명,828,1436.0
경북,"농업,임업및어업(01~03)",5-9명,228,1568.0
경북,"농업,임업및어업(01~03)",10-19명,110,1414.0
경북,"농업,임업및어업(01~03)",20-49명,65,1975.0
경북,"농업,임업및어업(01~03)",50-99명,2,
경북,"농업,임업및어업(01~03)",100-299명,2,
경북,광업(05~08),계,156,1061.0
경북,광업(05~08),1-4명,93,175.0
경북,광업(05~08),5-9명,25,158.0
경북,광업(05~08),10-19명,25,339.0
경북,광업(05~08),20-49명,12,323.0
경북,광업(05~08),50-99명,1,
경북,제조업(10~34),계,33867,317918.0
경북,제조업(10~34),1-4명,23799,41313.0
경북,제조업(10~34),5-9명,4368,27883.0
경북,제조업(10~34),10-19명,2960,39532.0
경북,제조업(10~34),20-49명,1906,57543.0
경북,제조업(10~34),50-99명,480,32477.0
경북,제조업(10~34),100-299명,271,42946.0
경북,제조업(10~34),300-499명,31,11485.0
경북,제조업(10~34),500-999명,38,25195.0
경북,제조업(10~34),1000명이상,14,39544.0
경북,"전기,가스,증기및공기조절공급업(35)",계,21474,28613.0
경북,"전기,가스,증기및공기조절공급업(35)",1-4명,21389,21717.0
경북,"전기,가스,증기및공기조절공급업(35)",5-9명,32,200.0
경북,"전기,가스,증기및공기조절공급업(35)",10-19명,9,127.0
경북,"전기,가스,증기및공기조절공급업(35)",20-49명,22,750.0
경북,"전기,가스,증기및공기조절공급업(35)",50-99명,14,960.0
경북,"전기,가스,증기및공기조절공급업(35)",100-299명,6,837.0
경북,"전기,가스,증기및공기조절공급업(35)",1000명이상,2,
경북,"수도,하수및폐기물처리,원료재생업(36~39)",계,1252,10688.0
경북,"수도,하수및폐기물처리,원료재생업(36~39)",1-4명,723,1384.0
경북,"수도,하수및폐기물처리,원료재생업(36~39)",5-9명,247,1609.0
경북,"수도,하수및폐기물처리,원료재생업(36~39)",10-19명,158,2169.0
경북,"수도,하수및폐기물처리,원료재생업(36~39)",20-49명,95,2797.0
경북,"수도,하수및폐기물처리,원료재생업(36~39)",50-99명,20,1376.0
경북,"수도,하수및폐기물처리,원료재생업(36~39)",100-299명,9,1353.0
경북,건설업(41~42),계,34158,102598.0
경북,건설업(41~42),1-4명,29462,39172.0
경북,건설업(41~42),5-9명,2983,18995.0
경북,건설업(41~42),10-19명,1148,15025.0
경북,건설업(41~42),20-49명,425,12268.0
경북,건설업(41~42),50-99명,93,6249.0
경북,건설업(41~42),100-299명,41,6147.0
경북,건설업(41~42),300-499명,4,1421.0
경북,건설업(41~42),500-999명,1,
경북,건설업(41~42),1000명이상,1,
경북,도매및소매업(45~47),계,74143,140526.0
경북,도매및소매업(45~47),1-4명,69850,97070.0
경북,도매및소매업(45~47),5-9명,3044,18832.0
경북,도매및소매업(45~47),10-19명,884,11411.0
경북,도매및소매업(45~47),20-49명,307,8695.0
경북,도매및소매업(45~47),50-99명,47,3137.0
경북,도매및소매업(45~47),100-299명,11,1381.0
경북,운수및창고업(49~52),계,33267,62534.0
경북,운수및창고업(49~52),1-4명,32192,34765.0
경북,운수및창고업(49~52),5-9명,429,2802.0
경북,운수및창고업(49~52),10-19명,305,4062.0
경북,운수및창고업(49~52),20-49명,219,6634.0
경북,운수및창고업(49~52),50-99명,81,5762.0
경북,운수및창고업(49~52),100-299명,39,6202.0
경북,운수및창고업(49~52),1000명이상,2,
경북,숙박및음식점업(55~56),계,55153,114727.0
경북,숙박및음식점업(55~56),1-4명,51367,84231.0
경북,숙박및음식점업(55~56),5-9명,3164,19138.0
경북,숙박및음식점업(55~56),10-19명,492,6241.0
경북,숙박및음식점업(55~56),20-49명,106,2957.0
경북,숙박및음식점업(55~56),50-99명,17,1126.0
경북,숙박및음식점업(55~56),100-299명,7,1034.0
경북,정보통신업(58~63),계,2482,9898.0
경북,정보통신업(58~63),1-4명,2112,3071.0
경북,정보통신업(58~63),5-9명,176,1148.0
경북,정보통신업(58~63),10-19명,92,1239.0
경북,정보통신업(58~63),20-49명,76,2170.0
경북,정보통신업(58~63),50-99명,17,1066.0
경북,정보통신업(58~63),100-299명,9,1204.0
경북,금융및보험업(64~66),계,2688,23772.0
경북,금융및보험업(64~66),1-4명,1342,2453.0
경북,금융및보험업(64~66),5-9명,637,4318.0
경북,금융및보험업(64~66),10-19명,401,5342.0
경북,금융및보험업(64~66),20-49명,246,7411.0
경북,금융및보험업(64~66),50-99명,57,3605.0
경북,금융및보험업(64~66),100-299명,5,643.0
경북,부동산업(68),계,8501,19187.0
경북,부동산업(68),1-4명,7675,9662.0
경북,부동산업(68),5-9명,482,3158.0
경북,부동산업(68),10-19명,273,3617.0
경북,부동산업(68),20-49명,65,1729.0
경북,부동산업(68),50-99명,2,
경북,부동산업(68),100-299명,4,891.0
경북,"전문,과학및기술서비스업(70~73)",계,6631,38948.0
경북,"전문,과학및기술서비스업(70~73)",1-4명,5257,8178.0
경북,"전문,과학및기술서비스업(70~73)",5-9명,739,4754.0
경북,"전문,과학및기술서비스업(70~73)",10-19명,362,4888.0
경북,"전문,과학및기술서비스업(70~73)",20-49명,188,5392.0
경북,"전문,과학및기술서비스업(70~73)",50-99명,49,3380.0
경북,"전문,과학및기술서비스업(70~73)",100-299명,27,4329.0
경북,"전문,과학및기술서비스업(70~73)",300-499명,4,1595.0
경북,"전문,과학및기술서비스업(70~73)",500-999명,3,2130.0
경북,"전문,과학및기술서비스업(70~73)",1000명이상,2,
경북,"사업시설관리,사업지원및임대서비스업(74~76)",계,5742,32978.0
경북,"사업시설관리,사업지원및임대서비스업(74~76)",1-4명,4819,6851.0
경북,"사업시설관리,사업지원및임대서비스업(74~76)",5-9명,378,2448.0
경북,"사업시설관리,사업지원및임대서비스업(74~76)",10-19명,235,3165.0
경북,"사업시설관리,사업지원및임대서비스업(74~76)",20-49명,205,6162.0
경북,"사업시설관리,사업지원및임대서비스업(74~76)",50-99명,69,4647.0
경북,"사업시설관리,사업지원및임대서비스업(74~76)",100-299명,26,4614.0
경북,"사업시설관리,사업지원및임대서비스업(74~76)",300-499명,8,3072.0
경북,"사업시설관리,사업지원및임대서비스업(74~76)",1000명이상,2,
경북,"공공행정,국방및사회보장행정(84)",계,1286,69071.0
경북,"공공행정,국방및사회보장행정(84)",1-4명,260,488.0
경북,"공공행정,국방및사회보장행정(84)",5-9명,131,958.0
경북,"공공행정,국방및사회보장행정(84)",10-19명,238,3487.0
경북,"공공행정,국방및사회보장행정(84)",20-49명,443,12921.0
경북,"공공행정,국방및사회보장행정(84)",50-99명,105,7325.0
경북,"공공행정,국방및사회보장행정(84)",100-299명,70,11439.0
경북,"공공행정,국방및사회보장행정(84)",300-499명,13,4564.0
경북,"공공행정,국방및사회보장행정(84)",500-999명,16,11341.0
경북,"공공행정,국방및사회보장행정(84)",1000명이상,10,16548.0
경북,교육서비스업(85),계,12914,83138.0
경북,교육서비스업(85),1-4명,10873,15061.0
경북,교육서비스업(85),5-9명,674,4266.0
경북,교육서비스업(85),10-19명,424,5835.0
경북,교육서비스업(85),20-49명,577,17567.0
경북,교육서비스업(85),50-99명,299,20632.0
경북,교육서비스업(85),100-299명,53,7487.0
경북,교육서비스업(85),300-499명,3,1270.0
경북,교육서비스업(85),500-999명,7,4755.0
경북,교육서비스업(85),1000명이상,4,6265.0
경북,보건업및사회복지서비스업(86~87),계,8625,147257.0
경북,보건업및사회복지서비스업(86~87),1-4명,3683,8860.0
경북,보건업및사회복지서비스업(86~87),5-9명,2098,13544.0
경북,보건업및사회복지서비스업(86~87),10-19명,1308,17792.0
경북,보건업및사회복지서비스업(86~87),20-49명,988,30316.0
경북,보건업및사회복지서비스업(86~87),50-99명,374,24978.0
경북,보건업및사회복지서비스업(86~87),100-299명,132,19383.0
경북,보건업및사회복지서비스업(86~87),300-499명,22,8646.0
경북,보건업및사회복지서비스업(86~87),500-999명,12,8619.0
경북,보건업및사회복지서비스업(86~87),1000명이상,8,15119.0
경북,"예술,스포츠및여가관련서비스업(90~91)",계,7210,21777.0
경북,"예술,스포츠및여가관련서비스업(90~91)",1-4명,6570,9040.0
경북,"예술,스포츠및여가관련서비스업(90~91)",5-9명,354,2262.0
경북,"예술,스포츠및여가관련서비스업(90~91)",10-19명,151,1978.0
경북,"예술,스포츠및여가관련서비스업(90~91)",20-49명,84,2404.0
경북,"예술,스포츠및여가관련서비스업(90~91)",50-99명,21,1454.0
경북,"예술,스포츠및여가관련서비스업(90~91)",100-299명,30,4639.0
경북,"협회및단체,수리및기타개인서비스업(94~96)",계,33784,51610.0
경북,"협회및단체,수리및기타개인서비스업(94~96)",1-4명,32698,39059.0
경북,"협회및단체,수리및기타개인서비스업(94~96)",5-9명,691,4464.0
경북,"협회및단체,수리및기타개인서비스업(94~96)",10-19명,272,3549.0
경북,"협회및단체,수리및기타개인서비스업(94~96)",20-49명,106,3035.0
경북,"협회및단체,수리및기타개인서비스업(94~96)",50-99명,14,971.0
경북,"협회및단체,수리및기타개인서비스업(94~96)",100-299명,3,532.0
경남,전체산업,계,403774,1557690.0
경남,전체산업,1-4명,354317,500592.0
경남,전체산업,5-9명,26123,165376.0
경남,전체산업,10-19명,12030,159229.0
경남,전체산업,20-49명,7795,234726.0
경남,전체산업,50-99명,2373,163361.0
경남,전체산업,100-299명,912,142566.0
경남,전체산업,300-499명,118,44562.0
경남,전체산업,500-999명,59,40505.0
경남,전체산업,1000명이상,47,106773.0
경남,"농업,임업및어업(01~03)",계,1087,5734.0
경남,"농업,임업및어업(01~03)",1-4명,755,1295.0
경남,"농업,임업및어업(01~03)",5-9명,193,1258.0
경남,"농업,임업및어업(01~03)",10-19명,84,1108.0
경남,"농업,임업및어업(01~03)",20-49명,48,1585.0
경남,"농업,임업및어업(01~03)",50-99명,6,337.0
경남,"농업,임업및어업(01~03)",100-299명,1,
경남,광업(05~08),계,79,639.0
경남,광업(05~08),1-4명,43,74.0
경남,광업(05~08),5-9명,12,72.0
경남,광업(05~08),10-19명,16,230.0
경남,광업(05~08),20-49명,8,263.0
경남,제조업(10~34),계,44369,412477.0
경남,제조업(10~34),1-4명,30797,53848.0
경남,제조업(10~34),5-9명,5832,37220.0
경남,제조업(10~34),10-19명,3982,52356.0
경남,제조업(10~34),20-49명,2615,78569.0
경남,제조업(10~34),50-99명,702,48805.0
경남,제조업(10~34),100-299명,354,55121.0
경남,제조업(10~34),300-499명,50,19023.0
경남,제조업(10~34),500-999명,19,12761.0
경남,제조업(10~34),1000명이상,18,54774.0
경남,"전기,가스,증기및공기조절공급업(35)",계,10605,15105.0
경남,"전기,가스,증기및공기조절공급업(35)",1-4명,10536,10717.0
경남,"전기,가스,증기및공기조절공급업(35)",5-9명,19,124.0
경남,"전기,가스,증기및공기조절공급업(35)",10-19명,4,61.0
경남,"전기,가스,증기및공기조절공급업(35)",20-49명,30,1060.0
경남,"전기,가스,증기및공기조절공급업(35)",50-99명,10,714.0
경남,"전기,가스,증기및공기조절공급업(35)",100-299명,3,746.0
경남,"전기,가스,증기및공기조절공급업(35)",300-499명,1,
경남,"전기,가스,증기및공기조절공급업(35)",500-999명,2,
경남,"수도,하수및폐기물처리,원료재생업(36~39)",계,1258,11157.0
경남,"수도,하수및폐기물처리,원료재생업(36~39)",1-4명,742,1446.0
경남,"수도,하수및폐기물처리,원료재생업(36~39)",5-9명,221,1452.0
경남,"수도,하수및폐기물처리,원료재생업(36~39)",10-19명,145,2041.0
경남,"수도,하수및폐기물처리,원료재생업(36~39)",20-49명,119,3625.0
경남,"수도,하수및폐기물처리,원료재생업(36~39)",50-99명,25,1794.0
경남,"수도,하수및폐기물처리,원료재생업(36~39)",100-299명,6,799.0
경남,건설업(41~42),계,33922,102350.0
경남,건설업(41~42),1-4명,29341,39387.0
경남,건설업(41~42),5-9명,2815,17963.0
경남,건설업(41~42),10-19명,1127,14825.0
경남,건설업(41~42),20-49명,492,14028.0
경남,건설업(41~42),50-99명,93,6427.0
경남,건설업(41~42),100-299명,50,7760.0
경남,건설업(41~42),300-499명,3,991.0
경남,건설업(41~42),500-999명,1,
경남,도매및소매업(45~47),계,90490,175723.0
경남,도매및소매업(45~47),1-4명,84866,116415.0
경남,도매및소매업(45~47),5-9명,4032,24949.0
경남,도매및소매업(45~47),10-19명,1066,13888.0
경남,도매및소매업(45~47),20-49명,444,12492.0
경남,도매및소매업(45~47),50-99명,60,4096.0
경남,도매및소매업(45~47),100-299명,20,2587.0
경남,도매및소매업(45~47),300-499명,1,
경남,도매및소매업(45~47),500-999명,1,
경남,운수및창고업(49~52),계,39823,85292.0
경남,운수및창고업(49~52),1-4명,38317,41167.0
경남,운수및창고업(49~52),5-9명,547,3632.0
경남,운수및창고업(49~52),10-19명,390,5256.0
경남,운수및창고업(49~52),20-49명,357,11247.0
경남,운수및창고업(49~52),50-99명,145,9981.0
경남,운수및창고업(49~52),100-299명,59,9219.0
경남,운수및창고업(49~52),300-499명,4,1432.0
경남,운수및창고업(49~52),500-999명,3,1913.0
경남,운수및창고업(49~52),1000명이상,1,
경남,숙박및음식점업(55~56),계,66831,143292.0
경남,숙박및음식점업(55~56),1-4명,61952,103477.0
경남,숙박및음식점업(55~56),5-9명,4032,24371.0
경남,숙박및음식점업(55~56),10-19명,664,8327.0
경남,숙박및음식점업(55~56),20-49명,149,4343.0
경남,숙박및음식점업(55~56),50-99명,29,1865.0
경남,숙박및음식점업(55~56),100-299명,5,909.0
경남,정보통신업(58~63),계,3047,12407.0
경남,정보통신업(58~63),1-4명,2569,3656.0
경남,정보통신업(58~63),5-9명,249,1576.0
경남,정보통신업(58~63),10-19명,116,1546.0
경남,정보통신업(58~63),20-49명,79,2390.0
경남,정보통신업(58~63),50-99명,23,1554.0
경남,정보통신업(58~63),100-299명,10,1307.0
경남,정보통신업(58~63),300-499명,1,
경남,금융및보험업(64~66),계,3367,35137.0
경남,금융및보험업(64~66),1-4명,1476,2608.0
경남,금융및보험업(64~66),5-9명,838,5538.0
경남,금융및보험업(64~66),10-19명,546,7177.0
경남,금융및보험업(64~66),20-49명,414,12674.0
경남,금융및보험업(64~66),50-99명,85,5374.0
경남,금융및보험업(64~66),100-299명,7,903.0
경남,금융및보험업(64~66),500-999명,1,
경남,부동산업(68),계,13365,32915.0
경남,부동산업(68),1-4명,12134,15575.0
경남,부동산업(68),5-9명,806,5259.0
경남,부동산업(68),10-19명,327,4271.0
경남,부동산업(68),20-49명,82,2089.0
경남,부동산업(68),50-99명,6,406.0
경남,부동산업(68),100-299명,4,561.0
경남,부동산업(68),300-499명,3,1055.0
경남,부동산업(68),500-999명,2,
경남,부동산업(68),1000명이상,1,
경남,"전문,과학및기술서비스업(70~73)",계,10028,45770.0
경남,"전문,과학및기술서비스업(70~73)",1-4명,8223,12267.0
경남,"전문,과학및기술서비스업(70~73)",5-9명,963,6198.0
경남,"전문,과학및기술서비스업(70~73)",10-19명,493,6683.0
경남,"전문,과학및기술서비스업(70~73)",20-49명,248,7282.0
경남,"전문,과학및기술서비스업(70~73)",50-99명,64,4387.0
경남,"전문,과학및기술서비스업(70~73)",100-299명,27,4307.0
경남,"전문,과학및기술서비스업(70~73)",300-499명,7,2437.0
경남,"전문,과학및기술서비스업(70~73)",500-999명,3,2209.0
경남,"사업시설관리,사업지원및임대서비스업(74~76)",계,7532,46610.0
경남,"사업시설관리,사업지원및임대서비스업(74~76)",1-4명,6482,8822.0
경남,"사업시설관리,사업지원및임대서비스업(74~76)",5-9명,435,2788.0
경남,"사업시설관리,사업지원및임대서비스업(74~76)",10-19명,257,3514.0
경남,"사업시설관리,사업지원및임대서비스업(74~76)",20-49명,231,6862.0
경남,"사업시설관리,사업지원및임대서비스업(74~76)",50-99명,65,4516.0
경남,"사업시설관리,사업지원및임대서비스업(74~76)",100-299명,43,7595.0
경남,"사업시설관리,사업지원및임대서비스업(74~76)",300-499명,11,4120.0
경남,"사업시설관리,사업지원및임대서비스업(74~76)",500-999명,5,2965.0
경남,"사업시설관리,사업지원및임대서비스업(74~76)",1000명이상,3,5428.0
경남,"공공행정,국방및사회보장행정(84)",계,1112,68027.0
경남,"공공행정,국방및사회보장행정(84)",1-4명,147,311.0
경남,"공공행정,국방및사회보장행정(84)",5-9명,93,697.0
경남,"공공행정,국방및사회보장행정(84)",10-19명,252,3600.0
경남,"공공행정,국방및사회보장행정(84)",20-49명,408,12096.0
경남,"공공행정,국방및사회보장행정(84)",50-99명,105,7550.0
경남,"공공행정,국방및사회보장행정(84)",100-299명,69,10804.0
경남,"공공행정,국방및사회보장행정(84)",300-499명,15,5914.0
경남,"공공행정,국방및사회보장행정(84)",500-999명,14,9973.0
경남,"공공행정,국방및사회보장행정(84)",1000명이상,9,17082.0
경남,교육서비스업(85),계,18396,102370.0
경남,교육서비스업(85),1-4명,15650,22022.0
경남,교육서비스업(85),5-9명,1131,7098.0
경남,교육서비스업(85),10-19명,455,6337.0
경남,교육서비스업(85),20-49명,679,21349.0
경남,교육서비스업(85),50-99명,407,28212.0
경남,교육서비스업(85),100-299명,66,9320.0
경남,교육서비스업(85),300-499명,3,1049.0
경남,교육서비스업(85),500-999명,1,
경남,교육서비스업(85),1000명이상,4,6181.0
경남,보건업및사회복지서비스업(86~87),계,10415,175146.0
경남,보건업및사회복지서비스업(86~87),1-4명,4434,10933.0
경남,보건업및사회복지서비스업(86~87),5-9명,2533,16573.0
경남,보건업및사회복지서비스업(86~87),10-19명,1615,21559.0
경남,보건업및사회복지서비스업(86~87),20-49명,1146,35655.0
경남,보건업및사회복지서비스업(86~87),50-99명,492,33571.0
경남,보건업및사회복지서비스업(86~87),100-299명,159,25997.0
경남,보건업및사회복지서비스업(86~87),300-499명,19,7374.0
경남,보건업및사회복지서비스업(86~87),500-999명,6,3605.0
경남,보건업및사회복지서비스업(86~87),1000명이상,11,19879.0
경남,"예술,스포츠및여가관련서비스업(90~91)",계,8586,25837.0
경남,"예술,스포츠및여가관련서비스업(90~91)",1-4명,7779,10724.0
경남,"예술,스포츠및여가관련서비스업(90~91)",5-9명,463,2906.0
경남,"예술,스포츠및여가관련서비스업(90~91)",10-19명,176,2360.0
경남,"예술,스포츠및여가관련서비스업(90~91)",20-49명,113,3436.0
경남,"예술,스포츠및여가관련서비스업(90~91)",50-99명,30,2045.0
경남,"예술,스포츠및여가관련서비스업(90~91)",100-299명,24,3826.0
경남,"예술,스포츠및여가관련서비스업(90~91)",500-999명,1,
경남,"협회및단체,수리및기타개인서비스업(94~96)",계,39462,61702.0
경남,"협회및단체,수리및기타개인서비스업(94~96)",1-4명,38074,45848.0
경남,"협회및단체,수리및기타개인서비스업(94~96)",5-9명,909,5702.0
경남,"협회및단체,수리및기타개인서비스업(94~96)",10-19명,315,4090.0
경남,"협회및단체,수리및기타개인서비스업(94~96)",20-49명,133,3681.0
경남,"협회및단체,수리및기타개인서비스업(94~96)",50-99명,26,1727.0
경남,"협회및단체,수리및기타개인서비스업(94~96)",100-299명,5,654.0
제주,전체산업,계,100168,330702.0
제주,전체산업,1-4명,89113,126371.0
제주,전체산업,5-9명,6710,42364.0
제주,전체산업,10-19명,2480,32684.0
제주,전체산업,20-49명,1282,38121.0
제주,전체산업,50-99명,371,25199.0
제주,전체산업,100-299명,166,26284.0
제주,전체산업,300-499명,24,8634.0
제주,전체산업,500-999명,13,9034.0
제주,전체산업,1000명이상,9,22011.0
제주,"농업,임업및어업(01~03)",계,686,3275.0
제주,"농업,임업및어업(01~03)",1-4명,457,919.0
제주,"농업,임업및어업(01~03)",5-9명,160,1008.0
제주,"농업,임업및어업(01~03)",10-19명,51,654.0
제주,"농업,임업및어업(01~03)",20-49명,15,440.0
제주,"농업,임업및어업(01~03)",50-99명,2,
제주,"농업,임업및어업(01~03)",100-299명,1,
제주,광업(05~08),계,9,152.0
제주,광업(05~08),1-4명,2,
제주,광업(05~08),5-9명,1,
제주,광업(05~08),10-19명,3,45.0
제주,광업(05~08),20-49명,3,98.0
제주,제조업(10~34),계,3224,12905.0
제주,제조업(10~34),1-4명,2693,4358.0
제주,제조업(10~34),5-9명,285,1775.0
제주,제조업(10~34),10-19명,146,1968.0
제주,제조업(10~34),20-49명,82,2319.0
제주,제조업(10~34),50-99명,13,925.0
제주,제조업(10~34),100-299명,3,352.0
제주,제조업(10~34),300-499명,1,
제주,제조업(10~34),500-999명,1,
제주,"전기,가스,증기및공기조절공급업(35)",계,1291,2742.0
제주,"전기,가스,증기및공기조절공급업(35)",1-4명,1269,1339.0
제주,"전기,가스,증기및공기조절공급업(35)",5-9명,7,47.0
제주,"전기,가스,증기및공기조절공급업(35)",10-19명,5,68.0
제주,"전기,가스,증기및공기조절공급업(35)",20-49명,1,
제주,"전기,가스,증기및공기조절공급업(35)",50-99명,4,232.0
제주,"전기,가스,증기및공기조절공급업(35)",100-299명,4,713.0
제주,"전기,가스,증기및공기조절공급업(35)",300-499명,1,
제주,"수도,하수및폐기물처리,원료재생업(36~39)",계,196,1263.0
제주,"수도,하수및폐기물처리,원료재생업(36~39)",1-4명,122,235.0
제주,"수도,하수및폐기물처리,원료재생업(36~39)",5-9명,35,233.0
제주,"수도,하수및폐기물처리,원료재생업(36~39)",10-19명,28,371.0
제주,"수도,하수및폐기물처리,원료재생업(36~39)",20-49명,8,219.0
제주,"수도,하수및폐기물처리,원료재생업(36~39)",50-99명,3,205.0
제주,건설업(41~42),계,9492,27439.0
제주,건설업(41~42),1-4명,8127,10909.0
제주,건설업(41~42),5-9명,898,5669.0
제주,건설업(41~42),10-19명,343,4468.0
제주,건설업(41~42),20-49명,95,2684.0
제주,건설업(41~42),50-99명,21,1374.0
제주,건설업(41~42),100-299명,5,822.0
제주,건설업(41~42),300-499명,2,
제주,건설업(41~42),500-999명,1,
제주,도매및소매업(45~47),계,22274,48599.0
제주,도매및소매업(45~47),1-4명,20508,29387.0
제주,도매및소매업(45~47),5-9명,1211,7589.0
제주,도매및소매업(45~47),10-19명,381,5002.0
제주,도매및소매업(45~47),20-49명,148,4156.0
제주,도매및소매업(45~47),50-99명,17,1208.0
제주,도매및소매업(45~47),100-299명,9,1257.0
제주,운수및창고업(49~52),계,8185,19359.0
제주,운수및창고업(49~52),1-4명,7865,8384.0
제주,운수및창고업(49~52),5-9명,136,875.0
제주,운수및창고업(49~52),10-19명,67,900.0
제주,운수및창고업(49~52),20-49명,83,2636.0
제주,운수및창고업(49~52),50-99명,15,933.0
제주,운수및창고업(49~52),100-299명,16,2930.0
제주,운수및창고업(49~52),300-499명,2,
제주,운수및창고업(49~52),1000명이상,1,
제주,숙박및음식점업(55~56),계,24243,57968.0
제주,숙박및음식점업(55~56),1-4명,22055,35510.0
제주,숙박및음식점업(55~56),5-9명,1754,10753.0
제주,숙박및음식점업(55~56),10-19명,295,3808.0
제주,숙박및음식점업(55~56),20-49명,95,2745.0
제주,숙박및음식점업(55~56),50-99명,33,2231.0
제주,숙박및음식점업(55~56),100-299명,8,1348.0
제주,숙박및음식점업(55~56),300-499명,2,
제주,숙박및음식점업(55~56),500-999명,1,
제주,정보통신업(58~63),계,1076,5317.0
제주,정보통신업(58~63),1-4명,927,1259.0
제주,정보통신업(58~63),5-9명,68,417.0
제주,정보통신업(58~63),10-19명,39,567.0
제주,정보통신업(58~63),20-49명,28,846.0
제주,정보통신업(58~63),50-99명,8,530.0
제주,정보통신업(58~63),100-299명,4,550.0
제주,정보통신업(58~63),300-499명,1,
제주,정보통신업(58~63),500-999명,1,
제주,금융및보험업(64~66),계,901,8262.0
제주,금융및보험업(64~66),1-4명,440,771.0
제주,금융및보험업(64~66),5-9명,222,1485.0
제주,금융및보험업(64~66),10-19명,131,1638.0
제주,금융및보험업(64~66),20-49명,86,2588.0
제주,금융및보험업(64~66),50-99명,17,1090.0
제주,금융및보험업(64~66),100-299명,5,690.0
제주,부동산업(68),계,3911,6443.0
제주,부동산업(68),1-4명,3731,4504.0
제주,부동산업(68),5-9명,121,791.0
제주,부동산업(68),10-19명,47,573.0
제주,부동산업(68),20-49명,9,235.0
제주,부동산업(68),50-99명,2,
제주,부동산업(68),100-299명,1,
제주,"전문,과학및기술서비스업(70~73)",계,3110,10733.0
제주,"전문,과학및기술서비스업(70~73)",1-4명,2643,3740.0
제주,"전문,과학및기술서비스업(70~73)",5-9명,276,1758.0
제주,"전문,과학및기술서비스업(70~73)",10-19명,115,1495.0
제주,"전문,과학및기술서비스업(70~73)",20-49명,59,1788.0
제주,"전문,과학및기술서비스업(70~73)",50-99명,13,777.0
제주,"전문,과학및기술서비스업(70~73)",100-299명,2,
제주,"전문,과학및기술서비스업(70~73)",300-499명,1,
제주,"전문,과학및기술서비스업(70~73)",500-999명,1,
제주,"사업시설관리,사업지원및임대서비스업(74~76)",계,2904,15161.0
제주,"사업시설관리,사업지원및임대서비스업(74~76)",1-4명,2563,3617.0
제주,"사업시설관리,사업지원및임대서비스업(74~76)",5-9명,163,1038.0
제주,"사업시설관리,사업지원및임대서비스업(74~76)",10-19명,85,1152.0
제주,"사업시설관리,사업지원및임대서비스업(74~76)",20-49명,56,1642.0
제주,"사업시설관리,사업지원및임대서비스업(74~76)",50-99명,19,1369.0
제주,"사업시설관리,사업지원및임대서비스업(74~76)",100-299명,10,1685.0
제주,"사업시설관리,사업지원및임대서비스업(74~76)",300-499명,4,1436.0
제주,"사업시설관리,사업지원및임대서비스업(74~76)",500-999명,3,1640.0
제주,"사업시설관리,사업지원및임대서비스업(74~76)",1000명이상,1,
제주,"공공행정,국방및사회보장행정(84)",계,238,23324.0
제주,"공공행정,국방및사회보장행정(84)",1-4명,24,58.0
제주,"공공행정,국방및사회보장행정(84)",5-9명,20,138.0
제주,"공공행정,국방및사회보장행정(84)",10-19명,31,425.0
제주,"공공행정,국방및사회보장행정(84)",20-49명,93,2961.0
제주,"공공행정,국방및사회보장행정(84)",50-99명,36,2456.0
제주,"공공행정,국방및사회보장행정(84)",100-299명,27,4649.0
제주,"공공행정,국방및사회보장행정(84)",300-499명,2,
제주,"공공행정,국방및사회보장행정(84)",500-999명,2,
제주,"공공행정,국방및사회보장행정(84)",1000명이상,3,10821.0
제주,교육서비스업(85),계,4484,23346.0
제주,교육서비스업(85),1-4명,3857,5380.0
제주,교육서비스업(85),5-9명,294,1818.0
제주,교육서비스업(85),10-19명,98,1303.0
제주,교육서비스업(85),20-49명,134,4139.0
제주,교육서비스업(85),50-99명,71,4960.0
제주,교육서비스업(85),100-299명,28,3998.0
제주,교육서비스업(85),300-499명,1,
제주,교육서비스업(85),1000명이상,1,
제주,보건업및사회복지서비스업(86~87),계,2324,35359.0
제주,보건업및사회복지서비스업(86~87),1-4명,986,2409.0
제주,보건업및사회복지서비스업(86~87),5-9명,632,4167.0
제주,보건업및사회복지서비스업(86~87),10-19명,407,5472.0
제주,보건업및사회복지서비스업(86~87),20-49명,208,6252.0
제주,보건업및사회복지서비스업(86~87),50-99명,64,4342.0
제주,보건업및사회복지서비스업(86~87),100-299명,17,2934.0
제주,보건업및사회복지서비스업(86~87),300-499명,5,1993.0
제주,보건업및사회복지서비스업(86~87),500-999명,2,
제주,보건업및사회복지서비스업(86~87),1000명이상,3,6221.0
제주,"예술,스포츠및여가관련서비스업(90~91)",계,2907,13949.0
제주,"예술,스포츠및여가관련서비스업(90~91)",1-4명,2510,3478.0
제주,"예술,스포츠및여가관련서비스업(90~91)",5-9명,210,1409.0
제주,"예술,스포츠및여가관련서비스업(90~91)",10-19명,94,1242.0
제주,"예술,스포츠및여가관련서비스업(90~91)",20-49명,42,1228.0
제주,"예술,스포츠및여가관련서비스업(90~91)",50-99명,24,1676.0
제주,"예술,스포츠및여가관련서비스업(90~91)",100-299명,24,3376.0
제주,"예술,스포츠및여가관련서비스업(90~91)",300-499명,2,
제주,"예술,스포츠및여가관련서비스업(90~91)",500-999명,1,
제주,"협회및단체,수리및기타개인서비스업(94~96)",계,8713,15106.0
제주,"협회및단체,수리및기타개인서비스업(94~96)",1-4명,8334,10110.0
제주,"협회및단체,수리및기타개인서비스업(94~96)",5-9명,217,1389.0
제주,"협회및단체,수리및기타개인서비스업(94~96)",10-19명,114,1533.0
제주,"협회및단체,수리및기타개인서비스업(94~96)",20-49명,37,1111.0
제주,"협회및단체,수리및기타개인서비스업(94~96)",50-99명,9,608.0
제주,"협회및단체,수리및기타개인서비스업(94~96)",100-299명,2,
