연월,축,항목,시도,값
2025-08,형태,기간의 정함이 없는 근로계약(시간제),전 체,20260
2025-08,형태,기간의 정함이 없는 근로계약(시간제),서울,3709
2025-08,형태,기간의 정함이 없는 근로계약(시간제),부산,2613
2025-08,형태,기간의 정함이 없는 근로계약(시간제),대구,1624
2025-08,형태,기간의 정함이 없는 근로계약(시간제),인천,2036
2025-08,형태,기간의 정함이 없는 근로계약(시간제),광주,123
2025-08,형태,기간의 정함이 없는 근로계약(시간제),대전,93
2025-08,형태,기간의 정함이 없는 근로계약(시간제),울산,411
2025-08,형태,기간의 정함이 없는 근로계약(시간제),세종시,31
2025-08,형태,기간의 정함이 없는 근로계약(시간제),경기도,6102
2025-08,형태,기간의 정함이 없는 근로계약(시간제),강원도,247
2025-08,형태,기간의 정함이 없는 근로계약(시간제),충청북도,147
2025-08,형태,기간의 정함이 없는 근로계약(시간제),충청남도,233
2025-08,형태,기간의 정함이 없는 근로계약(시간제),전라북도,718
2025-08,형태,기간의 정함이 없는 근로계약(시간제),전라남도,289
2025-08,형태,기간의 정함이 없는 근로계약(시간제),경상북도,666
2025-08,형태,기간의 정함이 없는 근로계약(시간제),경상남도,1193
2025-08,형태,기간의 정함이 없는 근로계약(시간제),제주도,25
2025-08,형태,기간의 정함이 있는 근로계약,전 체,42578
2025-08,형태,기간의 정함이 있는 근로계약,서울,14307
2025-08,형태,기간의 정함이 있는 근로계약,부산,2850
2025-08,형태,기간의 정함이 있는 근로계약,대구,1780
2025-08,형태,기간의 정함이 있는 근로계약,인천,1496
2025-08,형태,기간의 정함이 있는 근로계약,광주,510
2025-08,형태,기간의 정함이 있는 근로계약,대전,924
2025-08,형태,기간의 정함이 있는 근로계약,울산,674
2025-08,형태,기간의 정함이 있는 근로계약,세종시,146
2025-08,형태,기간의 정함이 있는 근로계약,경기도,8527
2025-08,형태,기간의 정함이 있는 근로계약,강원도,1164
2025-08,형태,기간의 정함이 있는 근로계약,충청북도,1773
2025-08,형태,기간의 정함이 있는 근로계약,충청남도,1765
2025-08,형태,기간의 정함이 있는 근로계약,전라북도,1461
2025-08,형태,기간의 정함이 있는 근로계약,전라남도,1065
2025-08,형태,기간의 정함이 있는 근로계약,경상북도,1900
2025-08,형태,기간의 정함이 있는 근로계약,경상남도,1972
2025-08,형태,기간의 정함이 있는 근로계약,제주도,264
2025-08,형태,기간의 정함이 있는 근로계약(시간제),전 체,4092
2025-08,형태,기간의 정함이 있는 근로계약(시간제),서울,1291
2025-08,형태,기간의 정함이 있는 근로계약(시간제),부산,318
2025-08,형태,기간의 정함이 있는 근로계약(시간제),대구,194
2025-08,형태,기간의 정함이 있는 근로계약(시간제),인천,296
2025-08,형태,기간의 정함이 있는 근로계약(시간제),광주,37
2025-08,형태,기간의 정함이 있는 근로계약(시간제),대전,100
2025-08,형태,기간의 정함이 있는 근로계약(시간제),울산,72
2025-08,형태,기간의 정함이 있는 근로계약(시간제),세종시,14
2025-08,형태,기간의 정함이 있는 근로계약(시간제),경기도,939
2025-08,형태,기간의 정함이 있는 근로계약(시간제),강원도,120
2025-08,형태,기간의 정함이 있는 근로계약(시간제),충청북도,55
2025-08,형태,기간의 정함이 있는 근로계약(시간제),충청남도,66
2025-08,형태,기간의 정함이 있는 근로계약(시간제),전라북도,227
2025-08,형태,기간의 정함이 있는 근로계약(시간제),전라남도,66
2025-08,형태,기간의 정함이 있는 근로계약(시간제),경상북도,115
2025-08,형태,기간의 정함이 있는 근로계약(시간제),경상남도,168
2025-08,형태,기간의 정함이 있는 근로계약(시간제),제주도,14
2025-08,형태,일용직,전 체,1541
2025-08,형태,일용직,서울,257
2025-08,형태,일용직,부산,10
2025-08,형태,일용직,대구,181
2025-08,형태,일용직,인천,5
2025-08,형태,일용직,광주,7
2025-08,형태,일용직,대전,7
2025-08,형태,일용직,울산,1
2025-08,형태,일용직,세종시,0
2025-08,형태,일용직,경기도,118
2025-08,형태,일용직,강원도,1
2025-08,형태,일용직,충청북도,30
2025-08,형태,일용직,충청남도,2
2025-08,형태,일용직,전라북도,511
2025-08,형태,일용직,전라남도,410
2025-08,형태,일용직,경상북도,0
2025-08,형태,일용직,경상남도,1
2025-08,형태,일용직,제주도,0
2025-08,학력,초졸 이하,전 체,78
2025-08,학력,초졸 이하,서울,0
2025-08,학력,초졸 이하,부산,4
2025-08,학력,초졸 이하,대구,5
2025-08,학력,초졸 이하,인천,23
2025-08,학력,초졸 이하,광주,0
2025-08,학력,초졸 이하,대전,5
2025-08,학력,초졸 이하,울산,3
2025-08,학력,초졸 이하,세종시,0
2025-08,학력,초졸 이하,경기도,23
2025-08,학력,초졸 이하,강원도,0
2025-08,학력,초졸 이하,충청북도,1
2025-08,학력,초졸 이하,충청남도,4
2025-08,학력,초졸 이하,전라북도,2
2025-08,학력,초졸 이하,전라남도,1
2025-08,학력,초졸 이하,경상북도,2
2025-08,학력,초졸 이하,경상남도,5
2025-08,학력,초졸 이하,제주도,0
2025-08,학력,중졸,전 체,385
2025-08,학력,중졸,서울,79
2025-08,학력,중졸,부산,30
2025-08,학력,중졸,대구,42
2025-08,학력,중졸,인천,27
2025-08,학력,중졸,광주,2
2025-08,학력,중졸,대전,5
2025-08,학력,중졸,울산,4
2025-08,학력,중졸,세종시,5
2025-08,학력,중졸,경기도,87
2025-08,학력,중졸,강원도,0
2025-08,학력,중졸,충청북도,22
2025-08,학력,중졸,충청남도,24
2025-08,학력,중졸,전라북도,4
2025-08,학력,중졸,전라남도,7
2025-08,학력,중졸,경상북도,18
2025-08,학력,중졸,경상남도,29
2025-08,학력,중졸,제주도,0
2025-08,학력,고졸,전 체,7012
2025-08,학력,고졸,서울,1121
2025-08,학력,고졸,부산,248
2025-08,학력,고졸,대구,124
2025-08,학력,고졸,인천,288
2025-08,학력,고졸,광주,122
2025-08,학력,고졸,대전,130
2025-08,학력,고졸,울산,68
2025-08,학력,고졸,세종시,22
2025-08,학력,고졸,경기도,1560
2025-08,학력,고졸,강원도,140
2025-08,학력,고졸,충청북도,1135
2025-08,학력,고졸,충청남도,579
2025-08,학력,고졸,전라북도,331
2025-08,학력,고졸,전라남도,256
2025-08,학력,고졸,경상북도,375
2025-08,학력,고졸,경상남도,494
2025-08,학력,고졸,제주도,19
2025-08,학력,전문대졸,전 체,3489
2025-08,학력,전문대졸,서울,477
2025-08,학력,전문대졸,부산,186
2025-08,학력,전문대졸,대구,184
2025-08,학력,전문대졸,인천,123
2025-08,학력,전문대졸,광주,93
2025-08,학력,전문대졸,대전,86
2025-08,학력,전문대졸,울산,87
2025-08,학력,전문대졸,세종시,9
2025-08,학력,전문대졸,경기도,636
2025-08,학력,전문대졸,강원도,92
2025-08,학력,전문대졸,충청북도,158
2025-08,학력,전문대졸,충청남도,217
2025-08,학력,전문대졸,전라북도,208
2025-08,학력,전문대졸,전라남도,216
2025-08,학력,전문대졸,경상북도,363
2025-08,학력,전문대졸,경상남도,327
2025-08,학력,전문대졸,제주도,27
2025-08,학력,대졸,전 체,994
2025-08,학력,대졸,서울,159
2025-08,학력,대졸,부산,84
2025-08,학력,대졸,대구,43
2025-08,학력,대졸,인천,22
2025-08,학력,대졸,광주,51
2025-08,학력,대졸,대전,59
2025-08,학력,대졸,울산,17
2025-08,학력,대졸,세종시,9
2025-08,학력,대졸,경기도,118
2025-08,학력,대졸,강원도,81
2025-08,학력,대졸,충청북도,31
2025-08,학력,대졸,충청남도,65
2025-08,학력,대졸,전라북도,62
2025-08,학력,대졸,전라남도,59
2025-08,학력,대졸,경상북도,63
2025-08,학력,대졸,경상남도,65
2025-08,학력,대졸,제주도,6
2025-08,학력,대학원졸 이상,전 체,74
2025-08,학력,대학원졸 이상,서울,39
2025-08,학력,대학원졸 이상,부산,4
2025-08,학력,대학원졸 이상,대구,0
2025-08,학력,대학원졸 이상,인천,2
2025-08,학력,대학원졸 이상,광주,2
2025-08,학력,대학원졸 이상,대전,3
2025-08,학력,대학원졸 이상,울산,3
2025-08,학력,대학원졸 이상,세종시,1
2025-08,학력,대학원졸 이상,경기도,2
2025-08,학력,대학원졸 이상,강원도,2
2025-08,학력,대학원졸 이상,충청북도,2
2025-08,학력,대학원졸 이상,충청남도,1
2025-08,학력,대학원졸 이상,전라북도,2
2025-08,학력,대학원졸 이상,전라남도,2
2025-08,학력,대학원졸 이상,경상북도,4
2025-08,학력,대학원졸 이상,경상남도,3
2025-08,학력,대학원졸 이상,제주도,2
2025-08,학력,무관,전 체,142437
2025-08,학력,무관,서울,25584
2025-08,학력,무관,부산,10040
2025-08,학력,무관,대구,6252
2025-08,학력,무관,인천,8043
2025-08,학력,무관,광주,2380
2025-08,학력,무관,대전,1866
2025-08,학력,무관,울산,3502
2025-08,학력,무관,세종시,542
2025-08,학력,무관,경기도,37542
2025-08,학력,무관,강원도,3296
2025-08,학력,무관,충청북도,4747
2025-08,학력,무관,충청남도,6523
2025-08,학력,무관,전라북도,6573
2025-08,학력,무관,전라남도,5563
2025-08,학력,무관,경상북도,7802
2025-08,학력,무관,경상남도,11301
2025-08,학력,무관,제주도,881
2025-08,임금대,50만원 미만,전 체,2453
2025-08,임금대,50만원 미만,서울,280
2025-08,임금대,50만원 미만,부산,423
2025-08,임금대,50만원 미만,대구,268
2025-08,임금대,50만원 미만,인천,269
2025-08,임금대,50만원 미만,광주,7
2025-08,임금대,50만원 미만,대전,8
2025-08,임금대,50만원 미만,울산,79
2025-08,임금대,50만원 미만,세종시,3
2025-08,임금대,50만원 미만,경기도,758
2025-08,임금대,50만원 미만,강원도,30
2025-08,임금대,50만원 미만,충청북도,1
2025-08,임금대,50만원 미만,충청남도,20
2025-08,임금대,50만원 미만,전라북도,62
2025-08,임금대,50만원 미만,전라남도,22
2025-08,임금대,50만원 미만,경상북도,82
2025-08,임금대,50만원 미만,경상남도,134
2025-08,임금대,50만원 미만,제주도,7
2025-08,임금대,50~100만원 미만,전 체,14733
2025-08,임금대,50~100만원 미만,서울,3136
2025-08,임금대,50~100만원 미만,부산,1864
2025-08,임금대,50~100만원 미만,대구,1241
2025-08,임금대,50~100만원 미만,인천,1513
2025-08,임금대,50~100만원 미만,광주,51
2025-08,임금대,50~100만원 미만,대전,67
2025-08,임금대,50~100만원 미만,울산,274
2025-08,임금대,50~100만원 미만,세종시,18
2025-08,임금대,50~100만원 미만,경기도,4407
2025-08,임금대,50~100만원 미만,강원도,163
2025-08,임금대,50~100만원 미만,충청북도,75
2025-08,임금대,50~100만원 미만,충청남도,140
2025-08,임금대,50~100만원 미만,전라북도,395
2025-08,임금대,50~100만원 미만,전라남도,140
2025-08,임금대,50~100만원 미만,경상북도,430
2025-08,임금대,50~100만원 미만,경상남도,808
2025-08,임금대,50~100만원 미만,제주도,11
2025-08,임금대,100~150만원 미만,전 체,5003
2025-08,임금대,100~150만원 미만,서울,1221
2025-08,임금대,100~150만원 미만,부산,436
2025-08,임금대,100~150만원 미만,대구,201
2025-08,임금대,100~150만원 미만,인천,327
2025-08,임금대,100~150만원 미만,광주,67
2025-08,임금대,100~150만원 미만,대전,118
2025-08,임금대,100~150만원 미만,울산,97
2025-08,임금대,100~150만원 미만,세종시,14
2025-08,임금대,100~150만원 미만,경기도,1273
2025-08,임금대,100~150만원 미만,강원도,122
2025-08,임금대,100~150만원 미만,충청북도,94
2025-08,임금대,100~150만원 미만,충청남도,96
2025-08,임금대,100~150만원 미만,전라북도,314
2025-08,임금대,100~150만원 미만,전라남도,129
2025-08,임금대,100~150만원 미만,경상북도,211
2025-08,임금대,100~150만원 미만,경상남도,248
2025-08,임금대,100~150만원 미만,제주도,35
2025-08,임금대,150~200만원 미만,전 체,5447
2025-08,임금대,150~200만원 미만,서울,1646
2025-08,임금대,150~200만원 미만,부산,533
2025-08,임금대,150~200만원 미만,대구,266
2025-08,임금대,150~200만원 미만,인천,356
2025-08,임금대,150~200만원 미만,광주,84
2025-08,임금대,150~200만원 미만,대전,63
2025-08,임금대,150~200만원 미만,울산,70
2025-08,임금대,150~200만원 미만,세종시,22
2025-08,임금대,150~200만원 미만,경기도,1479
2025-08,임금대,150~200만원 미만,강원도,81
2025-08,임금대,150~200만원 미만,충청북도,83
2025-08,임금대,150~200만원 미만,충청남도,152
2025-08,임금대,150~200만원 미만,전라북도,209
2025-08,임금대,150~200만원 미만,전라남도,67
2025-08,임금대,150~200만원 미만,경상북도,112
2025-08,임금대,150~200만원 미만,경상남도,199
2025-08,임금대,150~200만원 미만,제주도,25
2025-08,임금대,200~250만원 미만,전 체,75993
2025-08,임금대,200~250만원 미만,서울,13179
2025-08,임금대,200~250만원 미만,부산,4457
2025-08,임금대,200~250만원 미만,대구,3290
2025-08,임금대,200~250만원 미만,인천,3586
2025-08,임금대,200~250만원 미만,광주,1430
2025-08,임금대,200~250만원 미만,대전,1282
2025-08,임금대,200~250만원 미만,울산,1966
2025-08,임금대,200~250만원 미만,세종시,267
2025-08,임금대,200~250만원 미만,경기도,17846
2025-08,임금대,200~250만원 미만,강원도,2083
2025-08,임금대,200~250만원 미만,충청북도,3146
2025-08,임금대,200~250만원 미만,충청남도,4393
2025-08,임금대,200~250만원 미만,전라북도,3958
2025-08,임금대,200~250만원 미만,전라남도,3618
2025-08,임금대,200~250만원 미만,경상북도,4789
2025-08,임금대,200~250만원 미만,경상남도,6189
2025-08,임금대,200~250만원 미만,제주도,514
2025-08,임금대,250만원 이상,전 체,50840
2025-08,임금대,250만원 이상,서울,7997
2025-08,임금대,250만원 이상,부산,2883
2025-08,임금대,250만원 이상,대구,1384
2025-08,임금대,250만원 이상,인천,2477
2025-08,임금대,250만원 이상,광주,1011
2025-08,임금대,250만원 이상,대전,616
2025-08,임금대,250만원 이상,울산,1198
2025-08,임금대,250만원 이상,세종시,264
2025-08,임금대,250만원 이상,경기도,14205
2025-08,임금대,250만원 이상,강원도,1132
2025-08,임금대,250만원 이상,충청북도,2697
2025-08,임금대,250만원 이상,충청남도,2612
2025-08,임금대,250만원 이상,전라북도,2244
2025-08,임금대,250만원 이상,전라남도,2128
2025-08,임금대,250만원 이상,경상북도,3003
2025-08,임금대,250만원 이상,경상남도,4646
2025-08,임금대,250만원 이상,제주도,343
2025-09,형태,기간의 정함이 없는 근로계약(시간제),전 체,20327
2025-09,형태,기간의 정함이 없는 근로계약(시간제),서울,3898
2025-09,형태,기간의 정함이 없는 근로계약(시간제),부산,2746
2025-09,형태,기간의 정함이 없는 근로계약(시간제),대구,1537
2025-09,형태,기간의 정함이 없는 근로계약(시간제),인천,2060
2025-09,형태,기간의 정함이 없는 근로계약(시간제),광주,129
2025-09,형태,기간의 정함이 없는 근로계약(시간제),대전,94
2025-09,형태,기간의 정함이 없는 근로계약(시간제),울산,409
2025-09,형태,기간의 정함이 없는 근로계약(시간제),세종시,30
2025-09,형태,기간의 정함이 없는 근로계약(시간제),경기도,5928
2025-09,형태,기간의 정함이 없는 근로계약(시간제),강원도,271
2025-09,형태,기간의 정함이 없는 근로계약(시간제),충청북도,123
2025-09,형태,기간의 정함이 없는 근로계약(시간제),충청남도,215
2025-09,형태,기간의 정함이 없는 근로계약(시간제),전라북도,704
2025-09,형태,기간의 정함이 없는 근로계약(시간제),전라남도,293
2025-09,형태,기간의 정함이 없는 근로계약(시간제),경상북도,628
2025-09,형태,기간의 정함이 없는 근로계약(시간제),경상남도,1240
2025-09,형태,기간의 정함이 없는 근로계약(시간제),제주도,22
2025-09,형태,기간의 정함이 있는 근로계약,전 체,43503
2025-09,형태,기간의 정함이 있는 근로계약,서울,12837
2025-09,형태,기간의 정함이 있는 근로계약,부산,3045
2025-09,형태,기간의 정함이 있는 근로계약,대구,1381
2025-09,형태,기간의 정함이 있는 근로계약,인천,1910
2025-09,형태,기간의 정함이 있는 근로계약,광주,565
2025-09,형태,기간의 정함이 있는 근로계약,대전,1111
2025-09,형태,기간의 정함이 있는 근로계약,울산,678
2025-09,형태,기간의 정함이 있는 근로계약,세종시,160
2025-09,형태,기간의 정함이 있는 근로계약,경기도,9261
2025-09,형태,기간의 정함이 있는 근로계약,강원도,1268
2025-09,형태,기간의 정함이 있는 근로계약,충청북도,2149
2025-09,형태,기간의 정함이 있는 근로계약,충청남도,1415
2025-09,형태,기간의 정함이 있는 근로계약,전라북도,1939
2025-09,형태,기간의 정함이 있는 근로계약,전라남도,1145
2025-09,형태,기간의 정함이 있는 근로계약,경상북도,2070
2025-09,형태,기간의 정함이 있는 근로계약,경상남도,2160
2025-09,형태,기간의 정함이 있는 근로계약,제주도,409
2025-09,형태,기간의 정함이 있는 근로계약(시간제),전 체,3771
2025-09,형태,기간의 정함이 있는 근로계약(시간제),서울,1177
2025-09,형태,기간의 정함이 있는 근로계약(시간제),부산,313
2025-09,형태,기간의 정함이 있는 근로계약(시간제),대구,207
2025-09,형태,기간의 정함이 있는 근로계약(시간제),인천,286
2025-09,형태,기간의 정함이 있는 근로계약(시간제),광주,42
2025-09,형태,기간의 정함이 있는 근로계약(시간제),대전,59
2025-09,형태,기간의 정함이 있는 근로계약(시간제),울산,65
2025-09,형태,기간의 정함이 있는 근로계약(시간제),세종시,14
2025-09,형태,기간의 정함이 있는 근로계약(시간제),경기도,877
2025-09,형태,기간의 정함이 있는 근로계약(시간제),강원도,71
2025-09,형태,기간의 정함이 있는 근로계약(시간제),충청북도,52
2025-09,형태,기간의 정함이 있는 근로계약(시간제),충청남도,57
2025-09,형태,기간의 정함이 있는 근로계약(시간제),전라북도,160
2025-09,형태,기간의 정함이 있는 근로계약(시간제),전라남도,72
2025-09,형태,기간의 정함이 있는 근로계약(시간제),경상북도,156
2025-09,형태,기간의 정함이 있는 근로계약(시간제),경상남도,153
2025-09,형태,기간의 정함이 있는 근로계약(시간제),제주도,10
2025-09,형태,일용직,전 체,1036
2025-09,형태,일용직,서울,262
2025-09,형태,일용직,부산,17
2025-09,형태,일용직,대구,10
2025-09,형태,일용직,인천,43
2025-09,형태,일용직,광주,42
2025-09,형태,일용직,대전,7
2025-09,형태,일용직,울산,13
2025-09,형태,일용직,세종시,0
2025-09,형태,일용직,경기도,224
2025-09,형태,일용직,강원도,9
2025-09,형태,일용직,충청북도,8
2025-09,형태,일용직,충청남도,7
2025-09,형태,일용직,전라북도,301
2025-09,형태,일용직,전라남도,51
2025-09,형태,일용직,경상북도,22
2025-09,형태,일용직,경상남도,20
2025-09,형태,일용직,제주도,0
2025-09,학력,초졸 이하,전 체,69
2025-09,학력,초졸 이하,서울,2
2025-09,학력,초졸 이하,부산,12
2025-09,학력,초졸 이하,대구,2
2025-09,학력,초졸 이하,인천,17
2025-09,학력,초졸 이하,광주,0
2025-09,학력,초졸 이하,대전,0
2025-09,학력,초졸 이하,울산,0
2025-09,학력,초졸 이하,세종시,0
2025-09,학력,초졸 이하,경기도,15
2025-09,학력,초졸 이하,강원도,2
2025-09,학력,초졸 이하,충청북도,0
2025-09,학력,초졸 이하,충청남도,1
2025-09,학력,초졸 이하,전라북도,2
2025-09,학력,초졸 이하,전라남도,3
2025-09,학력,초졸 이하,경상북도,3
2025-09,학력,초졸 이하,경상남도,9
2025-09,학력,초졸 이하,제주도,1
2025-09,학력,중졸,전 체,478
2025-09,학력,중졸,서울,64
2025-09,학력,중졸,부산,13
2025-09,학력,중졸,대구,24
2025-09,학력,중졸,인천,126
2025-09,학력,중졸,광주,3
2025-09,학력,중졸,대전,1
2025-09,학력,중졸,울산,7
2025-09,학력,중졸,세종시,0
2025-09,학력,중졸,경기도,116
2025-09,학력,중졸,강원도,0
2025-09,학력,중졸,충청북도,37
2025-09,학력,중졸,충청남도,20
2025-09,학력,중졸,전라북도,3
2025-09,학력,중졸,전라남도,20
2025-09,학력,중졸,경상북도,12
2025-09,학력,중졸,경상남도,32
2025-09,학력,중졸,제주도,0
2025-09,학력,고졸,전 체,7958
2025-09,학력,고졸,서울,1077
2025-09,학력,고졸,부산,278
2025-09,학력,고졸,대구,169
2025-09,학력,고졸,인천,303
2025-09,학력,고졸,광주,133
2025-09,학력,고졸,대전,114
2025-09,학력,고졸,울산,86
2025-09,학력,고졸,세종시,18
2025-09,학력,고졸,경기도,1950
2025-09,학력,고졸,강원도,286
2025-09,학력,고졸,충청북도,1406
2025-09,학력,고졸,충청남도,650
2025-09,학력,고졸,전라북도,203
2025-09,학력,고졸,전라남도,230
2025-09,학력,고졸,경상북도,521
2025-09,학력,고졸,경상남도,476
2025-09,학력,고졸,제주도,58
2025-09,학력,전문대졸,전 체,3952
2025-09,학력,전문대졸,서울,494
2025-09,학력,전문대졸,부산,209
2025-09,학력,전문대졸,대구,271
2025-09,학력,전문대졸,인천,160
2025-09,학력,전문대졸,광주,172
2025-09,학력,전문대졸,대전,87
2025-09,학력,전문대졸,울산,66
2025-09,학력,전문대졸,세종시,17
2025-09,학력,전문대졸,경기도,760
2025-09,학력,전문대졸,강원도,158
2025-09,학력,전문대졸,충청북도,261
2025-09,학력,전문대졸,충청남도,161
2025-09,학력,전문대졸,전라북도,206
2025-09,학력,전문대졸,전라남도,207
2025-09,학력,전문대졸,경상북도,354
2025-09,학력,전문대졸,경상남도,333
2025-09,학력,전문대졸,제주도,36
2025-09,학력,대졸,전 체,1357
2025-09,학력,대졸,서울,238
2025-09,학력,대졸,부산,99
2025-09,학력,대졸,대구,40
2025-09,학력,대졸,인천,23
2025-09,학력,대졸,광주,78
2025-09,학력,대졸,대전,58
2025-09,학력,대졸,울산,9
2025-09,학력,대졸,세종시,12
2025-09,학력,대졸,경기도,216
2025-09,학력,대졸,강원도,89
2025-09,학력,대졸,충청북도,89
2025-09,학력,대졸,충청남도,59
2025-09,학력,대졸,전라북도,53
2025-09,학력,대졸,전라남도,73
2025-09,학력,대졸,경상북도,94
2025-09,학력,대졸,경상남도,115
2025-09,학력,대졸,제주도,12
2025-09,학력,대학원졸 이상,전 체,92
2025-09,학력,대학원졸 이상,서울,39
2025-09,학력,대학원졸 이상,부산,4
2025-09,학력,대학원졸 이상,대구,0
2025-09,학력,대학원졸 이상,인천,1
2025-09,학력,대학원졸 이상,광주,6
2025-09,학력,대학원졸 이상,대전,14
2025-09,학력,대학원졸 이상,울산,0
2025-09,학력,대학원졸 이상,세종시,0
2025-09,학력,대학원졸 이상,경기도,7
2025-09,학력,대학원졸 이상,강원도,5
2025-09,학력,대학원졸 이상,충청북도,4
2025-09,학력,대학원졸 이상,충청남도,2
2025-09,학력,대학원졸 이상,전라북도,3
2025-09,학력,대학원졸 이상,전라남도,0
2025-09,학력,대학원졸 이상,경상북도,5
2025-09,학력,대학원졸 이상,경상남도,2
2025-09,학력,대학원졸 이상,제주도,0
2025-09,학력,무관,전 체,151427
2025-09,학력,무관,서울,24335
2025-09,학력,무관,부산,10730
2025-09,학력,무관,대구,5962
2025-09,학력,무관,인천,8760
2025-09,학력,무관,광주,2330
2025-09,학력,무관,대전,2022
2025-09,학력,무관,울산,3464
2025-09,학력,무관,세종시,655
2025-09,학력,무관,경기도,41051
2025-09,학력,무관,강원도,3454
2025-09,학력,무관,충청북도,5327
2025-09,학력,무관,충청남도,7346
2025-09,학력,무관,전라북도,7219
2025-09,학력,무관,전라남도,6392
2025-09,학력,무관,경상북도,8352
2025-09,학력,무관,경상남도,12575
2025-09,학력,무관,제주도,1453
2025-09,임금대,50만원 미만,전 체,2505
2025-09,임금대,50만원 미만,서울,338
2025-09,임금대,50만원 미만,부산,422
2025-09,임금대,50만원 미만,대구,254
2025-09,임금대,50만원 미만,인천,295
2025-09,임금대,50만원 미만,광주,8
2025-09,임금대,50만원 미만,대전,7
2025-09,임금대,50만원 미만,울산,104
2025-09,임금대,50만원 미만,세종시,3
2025-09,임금대,50만원 미만,경기도,730
2025-09,임금대,50만원 미만,강원도,10
2025-09,임금대,50만원 미만,충청북도,9
2025-09,임금대,50만원 미만,충청남도,12
2025-09,임금대,50만원 미만,전라북도,89
2025-09,임금대,50만원 미만,전라남도,22
2025-09,임금대,50만원 미만,경상북도,70
2025-09,임금대,50만원 미만,경상남도,129
2025-09,임금대,50만원 미만,제주도,3
2025-09,임금대,50~100만원 미만,전 체,14356
2025-09,임금대,50~100만원 미만,서울,2909
2025-09,임금대,50~100만원 미만,부산,1959
2025-09,임금대,50~100만원 미만,대구,1158
2025-09,임금대,50~100만원 미만,인천,1496
2025-09,임금대,50~100만원 미만,광주,63
2025-09,임금대,50~100만원 미만,대전,46
2025-09,임금대,50~100만원 미만,울산,256
2025-09,임금대,50~100만원 미만,세종시,27
2025-09,임금대,50~100만원 미만,경기도,4304
2025-09,임금대,50~100만원 미만,강원도,151
2025-09,임금대,50~100만원 미만,충청북도,70
2025-09,임금대,50~100만원 미만,충청남도,125
2025-09,임금대,50~100만원 미만,전라북도,370
2025-09,임금대,50~100만원 미만,전라남도,160
2025-09,임금대,50~100만원 미만,경상북도,402
2025-09,임금대,50~100만원 미만,경상남도,853
2025-09,임금대,50~100만원 미만,제주도,7
2025-09,임금대,100~150만원 미만,전 체,5164
2025-09,임금대,100~150만원 미만,서울,1365
2025-09,임금대,100~150만원 미만,부산,468
2025-09,임금대,100~150만원 미만,대구,233
2025-09,임금대,100~150만원 미만,인천,338
2025-09,임금대,100~150만원 미만,광주,85
2025-09,임금대,100~150만원 미만,대전,87
2025-09,임금대,100~150만원 미만,울산,95
2025-09,임금대,100~150만원 미만,세종시,21
2025-09,임금대,100~150만원 미만,경기도,1247
2025-09,임금대,100~150만원 미만,강원도,107
2025-09,임금대,100~150만원 미만,충청북도,104
2025-09,임금대,100~150만원 미만,충청남도,101
2025-09,임금대,100~150만원 미만,전라북도,237
2025-09,임금대,100~150만원 미만,전라남도,104
2025-09,임금대,100~150만원 미만,경상북도,307
2025-09,임금대,100~150만원 미만,경상남도,240
2025-09,임금대,100~150만원 미만,제주도,25
2025-09,임금대,150~200만원 미만,전 체,4671
2025-09,임금대,150~200만원 미만,서울,1320
2025-09,임금대,150~200만원 미만,부산,419
2025-09,임금대,150~200만원 미만,대구,200
2025-09,임금대,150~200만원 미만,인천,310
2025-09,임금대,150~200만원 미만,광주,54
2025-09,임금대,150~200만원 미만,대전,56
2025-09,임금대,150~200만원 미만,울산,58
2025-09,임금대,150~200만원 미만,세종시,11
2025-09,임금대,150~200만원 미만,경기도,1195
2025-09,임금대,150~200만원 미만,강원도,47
2025-09,임금대,150~200만원 미만,충청북도,99
2025-09,임금대,150~200만원 미만,충청남도,240
2025-09,임금대,150~200만원 미만,전라북도,145
2025-09,임금대,150~200만원 미만,전라남도,69
2025-09,임금대,150~200만원 미만,경상북도,96
2025-09,임금대,150~200만원 미만,경상남도,262
2025-09,임금대,150~200만원 미만,제주도,90
2025-09,임금대,200~250만원 미만,전 체,85448
2025-09,임금대,200~250만원 미만,서울,12217
2025-09,임금대,200~250만원 미만,부산,4953
2025-09,임금대,200~250만원 미만,대구,2997
2025-09,임금대,200~250만원 미만,인천,4467
2025-09,임금대,200~250만원 미만,광주,1483
2025-09,임금대,200~250만원 미만,대전,1433
2025-09,임금대,200~250만원 미만,울산,1937
2025-09,임금대,200~250만원 미만,세종시,358
2025-09,임금대,200~250만원 미만,경기도,22028
2025-09,임금대,200~250만원 미만,강원도,2324
2025-09,임금대,200~250만원 미만,충청북도,3449
2025-09,임금대,200~250만원 미만,충청남도,5077
2025-09,임금대,200~250만원 미만,전라북도,4784
2025-09,임금대,200~250만원 미만,전라남도,4275
2025-09,임금대,200~250만원 미만,경상북도,5361
2025-09,임금대,200~250만원 미만,경상남도,7373
2025-09,임금대,200~250만원 미만,제주도,932
2025-09,임금대,250만원 이상,전 체,53189
2025-09,임금대,250만원 이상,서울,8100
2025-09,임금대,250만원 이상,부산,3124
2025-09,임금대,250만원 이상,대구,1626
2025-09,임금대,250만원 이상,인천,2484
2025-09,임금대,250만원 이상,광주,1029
2025-09,임금대,250만원 이상,대전,667
2025-09,임금대,250만원 이상,울산,1182
2025-09,임금대,250만원 이상,세종시,282
2025-09,임금대,250만원 이상,경기도,14611
2025-09,임금대,250만원 이상,강원도,1355
2025-09,임금대,250만원 이상,충청북도,3393
2025-09,임금대,250만원 이상,충청남도,2684
2025-09,임금대,250만원 이상,전라북도,2064
2025-09,임금대,250만원 이상,전라남도,2295
2025-09,임금대,250만원 이상,경상북도,3105
2025-09,임금대,250만원 이상,경상남도,4685
2025-09,임금대,250만원 이상,제주도,503
2025-10,형태,기간의 정함이 없는 근로계약(시간제),전 체,19214
2025-10,형태,기간의 정함이 없는 근로계약(시간제),서울,3410
2025-10,형태,기간의 정함이 없는 근로계약(시간제),부산,2740
2025-10,형태,기간의 정함이 없는 근로계약(시간제),대구,1522
2025-10,형태,기간의 정함이 없는 근로계약(시간제),인천,1958
2025-10,형태,기간의 정함이 없는 근로계약(시간제),광주,122
2025-10,형태,기간의 정함이 없는 근로계약(시간제),대전,81
2025-10,형태,기간의 정함이 없는 근로계약(시간제),울산,391
2025-10,형태,기간의 정함이 없는 근로계약(시간제),세종시,24
2025-10,형태,기간의 정함이 없는 근로계약(시간제),경기도,5716
2025-10,형태,기간의 정함이 없는 근로계약(시간제),강원도,192
2025-10,형태,기간의 정함이 없는 근로계약(시간제),충청북도,134
2025-10,형태,기간의 정함이 없는 근로계약(시간제),충청남도,258
2025-10,형태,기간의 정함이 없는 근로계약(시간제),전라북도,652
2025-10,형태,기간의 정함이 없는 근로계약(시간제),전라남도,286
2025-10,형태,기간의 정함이 없는 근로계약(시간제),경상북도,600
2025-10,형태,기간의 정함이 없는 근로계약(시간제),경상남도,1106
2025-10,형태,기간의 정함이 없는 근로계약(시간제),제주도,22
2025-10,형태,기간의 정함이 있는 근로계약,전 체,39448
2025-10,형태,기간의 정함이 있는 근로계약,서울,11582
2025-10,형태,기간의 정함이 있는 근로계약,부산,2500
2025-10,형태,기간의 정함이 있는 근로계약,대구,1510
2025-10,형태,기간의 정함이 있는 근로계약,인천,1669
2025-10,형태,기간의 정함이 있는 근로계약,광주,560
2025-10,형태,기간의 정함이 있는 근로계약,대전,1217
2025-10,형태,기간의 정함이 있는 근로계약,울산,629
2025-10,형태,기간의 정함이 있는 근로계약,세종시,121
2025-10,형태,기간의 정함이 있는 근로계약,경기도,8091
2025-10,형태,기간의 정함이 있는 근로계약,강원도,1816
2025-10,형태,기간의 정함이 있는 근로계약,충청북도,1467
2025-10,형태,기간의 정함이 있는 근로계약,충청남도,1438
2025-10,형태,기간의 정함이 있는 근로계약,전라북도,1422
2025-10,형태,기간의 정함이 있는 근로계약,전라남도,1170
2025-10,형태,기간의 정함이 있는 근로계약,경상북도,2088
2025-10,형태,기간의 정함이 있는 근로계약,경상남도,1926
2025-10,형태,기간의 정함이 있는 근로계약,제주도,242
2025-10,형태,기간의 정함이 있는 근로계약(시간제),전 체,3518
2025-10,형태,기간의 정함이 있는 근로계약(시간제),서울,1072
2025-10,형태,기간의 정함이 있는 근로계약(시간제),부산,292
2025-10,형태,기간의 정함이 있는 근로계약(시간제),대구,167
2025-10,형태,기간의 정함이 있는 근로계약(시간제),인천,259
2025-10,형태,기간의 정함이 있는 근로계약(시간제),광주,39
2025-10,형태,기간의 정함이 있는 근로계약(시간제),대전,49
2025-10,형태,기간의 정함이 있는 근로계약(시간제),울산,43
2025-10,형태,기간의 정함이 있는 근로계약(시간제),세종시,20
2025-10,형태,기간의 정함이 있는 근로계약(시간제),경기도,967
2025-10,형태,기간의 정함이 있는 근로계약(시간제),강원도,62
2025-10,형태,기간의 정함이 있는 근로계약(시간제),충청북도,58
2025-10,형태,기간의 정함이 있는 근로계약(시간제),충청남도,46
2025-10,형태,기간의 정함이 있는 근로계약(시간제),전라북도,89
2025-10,형태,기간의 정함이 있는 근로계약(시간제),전라남도,64
2025-10,형태,기간의 정함이 있는 근로계약(시간제),경상북도,135
2025-10,형태,기간의 정함이 있는 근로계약(시간제),경상남도,153
2025-10,형태,기간의 정함이 있는 근로계약(시간제),제주도,3
2025-10,형태,일용직,전 체,507
2025-10,형태,일용직,서울,151
2025-10,형태,일용직,부산,1
2025-10,형태,일용직,대구,1
2025-10,형태,일용직,인천,0
2025-10,형태,일용직,광주,0
2025-10,형태,일용직,대전,27
2025-10,형태,일용직,울산,0
2025-10,형태,일용직,세종시,0
2025-10,형태,일용직,경기도,150
2025-10,형태,일용직,강원도,6
2025-10,형태,일용직,충청북도,0
2025-10,형태,일용직,충청남도,21
2025-10,형태,일용직,전라북도,111
2025-10,형태,일용직,전라남도,10
2025-10,형태,일용직,경상북도,29
2025-10,형태,일용직,경상남도,0
2025-10,형태,일용직,제주도,0
2025-10,학력,초졸 이하,전 체,105
2025-10,학력,초졸 이하,서울,6
2025-10,학력,초졸 이하,부산,17
2025-10,학력,초졸 이하,대구,7
2025-10,학력,초졸 이하,인천,28
2025-10,학력,초졸 이하,광주,0
2025-10,학력,초졸 이하,대전,4
2025-10,학력,초졸 이하,울산,0
2025-10,학력,초졸 이하,세종시,0
2025-10,학력,초졸 이하,경기도,26
2025-10,학력,초졸 이하,강원도,0
2025-10,학력,초졸 이하,충청북도,1
2025-10,학력,초졸 이하,충청남도,3
2025-10,학력,초졸 이하,전라북도,2
2025-10,학력,초졸 이하,전라남도,5
2025-10,학력,초졸 이하,경상북도,1
2025-10,학력,초졸 이하,경상남도,5
2025-10,학력,초졸 이하,제주도,0
2025-10,학력,중졸,전 체,324
2025-10,학력,중졸,서울,55
2025-10,학력,중졸,부산,13
2025-10,학력,중졸,대구,40
2025-10,학력,중졸,인천,15
2025-10,학력,중졸,광주,6
2025-10,학력,중졸,대전,1
2025-10,학력,중졸,울산,4
2025-10,학력,중졸,세종시,5
2025-10,학력,중졸,경기도,95
2025-10,학력,중졸,강원도,4
2025-10,학력,중졸,충청북도,11
2025-10,학력,중졸,충청남도,16
2025-10,학력,중졸,전라북도,3
2025-10,학력,중졸,전라남도,11
2025-10,학력,중졸,경상북도,18
2025-10,학력,중졸,경상남도,27
2025-10,학력,중졸,제주도,0
2025-10,학력,고졸,전 체,6062
2025-10,학력,고졸,서울,930
2025-10,학력,고졸,부산,307
2025-10,학력,고졸,대구,204
2025-10,학력,고졸,인천,250
2025-10,학력,고졸,광주,90
2025-10,학력,고졸,대전,214
2025-10,학력,고졸,울산,75
2025-10,학력,고졸,세종시,27
2025-10,학력,고졸,경기도,1573
2025-10,학력,고졸,강원도,86
2025-10,학력,고졸,충청북도,574
2025-10,학력,고졸,충청남도,527
2025-10,학력,고졸,전라북도,231
2025-10,학력,고졸,전라남도,161
2025-10,학력,고졸,경상북도,393
2025-10,학력,고졸,경상남도,392
2025-10,학력,고졸,제주도,28
2025-10,학력,전문대졸,전 체,3435
2025-10,학력,전문대졸,서울,407
2025-10,학력,전문대졸,부산,256
2025-10,학력,전문대졸,대구,185
2025-10,학력,전문대졸,인천,89
2025-10,학력,전문대졸,광주,83
2025-10,학력,전문대졸,대전,50
2025-10,학력,전문대졸,울산,76
2025-10,학력,전문대졸,세종시,9
2025-10,학력,전문대졸,경기도,652
2025-10,학력,전문대졸,강원도,87
2025-10,학력,전문대졸,충청북도,250
2025-10,학력,전문대졸,충청남도,205
2025-10,학력,전문대졸,전라북도,191
2025-10,학력,전문대졸,전라남도,199
2025-10,학력,전문대졸,경상북도,322
2025-10,학력,전문대졸,경상남도,343
2025-10,학력,전문대졸,제주도,31
2025-10,학력,대졸,전 체,1180
2025-10,학력,대졸,서울,202
2025-10,학력,대졸,부산,113
2025-10,학력,대졸,대구,67
2025-10,학력,대졸,인천,16
2025-10,학력,대졸,광주,48
2025-10,학력,대졸,대전,39
2025-10,학력,대졸,울산,6
2025-10,학력,대졸,세종시,3
2025-10,학력,대졸,경기도,176
2025-10,학력,대졸,강원도,57
2025-10,학력,대졸,충청북도,57
2025-10,학력,대졸,충청남도,105
2025-10,학력,대졸,전라북도,37
2025-10,학력,대졸,전라남도,30
2025-10,학력,대졸,경상북도,150
2025-10,학력,대졸,경상남도,70
2025-10,학력,대졸,제주도,4
2025-10,학력,대학원졸 이상,전 체,63
2025-10,학력,대학원졸 이상,서울,18
2025-10,학력,대학원졸 이상,부산,6
2025-10,학력,대학원졸 이상,대구,0
2025-10,학력,대학원졸 이상,인천,1
2025-10,학력,대학원졸 이상,광주,0
2025-10,학력,대학원졸 이상,대전,6
2025-10,학력,대학원졸 이상,울산,1
2025-10,학력,대학원졸 이상,세종시,1
2025-10,학력,대학원졸 이상,경기도,5
2025-10,학력,대학원졸 이상,강원도,4
2025-10,학력,대학원졸 이상,충청북도,1
2025-10,학력,대학원졸 이상,충청남도,2
2025-10,학력,대학원졸 이상,전라북도,5
2025-10,학력,대학원졸 이상,전라남도,4
2025-10,학력,대학원졸 이상,경상북도,7
2025-10,학력,대학원졸 이상,경상남도,2
2025-10,학력,대학원졸 이상,제주도,0
2025-10,학력,무관,전 체,130879
2025-10,학력,무관,서울,22156
2025-10,학력,무관,부산,9660
2025-10,학력,무관,대구,5484
2025-10,학력,무관,인천,8499
2025-10,학력,무관,광주,2143
2025-10,학력,무관,대전,1981
2025-10,학력,무관,울산,3097
2025-10,학력,무관,세종시,644
2025-10,학력,무관,경기도,34545
2025-10,학력,무관,강원도,3626
2025-10,학력,무관,충청북도,4520
2025-10,학력,무관,충청남도,5768
2025-10,학력,무관,전라북도,5467
2025-10,학력,무관,전라남도,4734
2025-10,학력,무관,경상북도,7367
2025-10,학력,무관,경상남도,10351
2025-10,학력,무관,제주도,837
2025-10,임금대,50만원 미만,전 체,2402
2025-10,임금대,50만원 미만,서울,296
2025-10,임금대,50만원 미만,부산,413
2025-10,임금대,50만원 미만,대구,257
2025-10,임금대,50만원 미만,인천,299
2025-10,임금대,50만원 미만,광주,17
2025-10,임금대,50만원 미만,대전,9
2025-10,임금대,50만원 미만,울산,64
2025-10,임금대,50만원 미만,세종시,1
2025-10,임금대,50만원 미만,경기도,719
2025-10,임금대,50만원 미만,강원도,13
2025-10,임금대,50만원 미만,충청북도,5
2025-10,임금대,50만원 미만,충청남도,12
2025-10,임금대,50만원 미만,전라북도,71
2025-10,임금대,50만원 미만,전라남도,37
2025-10,임금대,50만원 미만,경상북도,60
2025-10,임금대,50만원 미만,경상남도,129
2025-10,임금대,50만원 미만,제주도,0
2025-10,임금대,50~100만원 미만,전 체,13829
2025-10,임금대,50~100만원 미만,서울,2964
2025-10,임금대,50~100만원 미만,부산,1935
2025-10,임금대,50~100만원 미만,대구,1099
2025-10,임금대,50~100만원 미만,인천,1400
2025-10,임금대,50~100만원 미만,광주,47
2025-10,임금대,50~100만원 미만,대전,36
2025-10,임금대,50~100만원 미만,울산,261
2025-10,임금대,50~100만원 미만,세종시,20
2025-10,임금대,50~100만원 미만,경기도,4089
2025-10,임금대,50~100만원 미만,강원도,111
2025-10,임금대,50~100만원 미만,충청북도,66
2025-10,임금대,50~100만원 미만,충청남도,138
2025-10,임금대,50~100만원 미만,전라북도,358
2025-10,임금대,50~100만원 미만,전라남도,167
2025-10,임금대,50~100만원 미만,경상북도,403
2025-10,임금대,50~100만원 미만,경상남도,731
2025-10,임금대,50~100만원 미만,제주도,4
2025-10,임금대,100~150만원 미만,전 체,5008
2025-10,임금대,100~150만원 미만,서울,1224
2025-10,임금대,100~150만원 미만,부산,501
2025-10,임금대,100~150만원 미만,대구,231
2025-10,임금대,100~150만원 미만,인천,318
2025-10,임금대,100~150만원 미만,광주,66
2025-10,임금대,100~150만원 미만,대전,296
2025-10,임금대,100~150만원 미만,울산,78
2025-10,임금대,100~150만원 미만,세종시,27
2025-10,임금대,100~150만원 미만,경기도,1247
2025-10,임금대,100~150만원 미만,강원도,90
2025-10,임금대,100~150만원 미만,충청북도,73
2025-10,임금대,100~150만원 미만,충청남도,88
2025-10,임금대,100~150만원 미만,전라북도,212
2025-10,임금대,100~150만원 미만,전라남도,90
2025-10,임금대,100~150만원 미만,경상북도,215
2025-10,임금대,100~150만원 미만,경상남도,234
2025-10,임금대,100~150만원 미만,제주도,18
2025-10,임금대,150~200만원 미만,전 체,4500
2025-10,임금대,150~200만원 미만,서울,1392
2025-10,임금대,150~200만원 미만,부산,425
2025-10,임금대,150~200만원 미만,대구,185
2025-10,임금대,150~200만원 미만,인천,374
2025-10,임금대,150~200만원 미만,광주,58
2025-10,임금대,150~200만원 미만,대전,64
2025-10,임금대,150~200만원 미만,울산,63
2025-10,임금대,150~200만원 미만,세종시,9
2025-10,임금대,150~200만원 미만,경기도,1185
2025-10,임금대,150~200만원 미만,강원도,61
2025-10,임금대,150~200만원 미만,충청북도,71
2025-10,임금대,150~200만원 미만,충청남도,113
2025-10,임금대,150~200만원 미만,전라북도,104
2025-10,임금대,150~200만원 미만,전라남도,72
2025-10,임금대,150~200만원 미만,경상북도,98
2025-10,임금대,150~200만원 미만,경상남도,181
2025-10,임금대,150~200만원 미만,제주도,45
2025-10,임금대,200~250만원 미만,전 체,70025
2025-10,임금대,200~250만원 미만,서울,10631
2025-10,임금대,200~250만원 미만,부산,4287
2025-10,임금대,200~250만원 미만,대구,2689
2025-10,임금대,200~250만원 미만,인천,4077
2025-10,임금대,200~250만원 미만,광주,1286
2025-10,임금대,200~250만원 미만,대전,1295
2025-10,임금대,200~250만원 미만,울산,1757
2025-10,임금대,200~250만원 미만,세종시,387
2025-10,임금대,200~250만원 미만,경기도,17096
2025-10,임금대,200~250만원 미만,강원도,2511
2025-10,임금대,200~250만원 미만,충청북도,3108
2025-10,임금대,200~250만원 미만,충청남도,3857
2025-10,임금대,200~250만원 미만,전라북도,3617
2025-10,임금대,200~250만원 미만,전라남도,2828
2025-10,임금대,200~250만원 미만,경상북도,4450
2025-10,임금대,200~250만원 미만,경상남도,5671
2025-10,임금대,200~250만원 미만,제주도,478
2025-10,임금대,250만원 이상,전 체,46284
2025-10,임금대,250만원 이상,서울,7267
2025-10,임금대,250만원 이상,부산,2811
2025-10,임금대,250만원 이상,대구,1526
2025-10,임금대,250만원 이상,인천,2430
2025-10,임금대,250만원 이상,광주,896
2025-10,임금대,250만원 이상,대전,595
2025-10,임금대,250만원 이상,울산,1036
2025-10,임금대,250만원 이상,세종시,245
2025-10,임금대,250만원 이상,경기도,12736
2025-10,임금대,250만원 이상,강원도,1078
2025-10,임금대,250만원 이상,충청북도,2091
2025-10,임금대,250만원 이상,충청남도,2418
2025-10,임금대,250만원 이상,전라북도,1574
2025-10,임금대,250만원 이상,전라남도,1950
2025-10,임금대,250만원 이상,경상북도,3032
2025-10,임금대,250만원 이상,경상남도,4244
2025-10,임금대,250만원 이상,제주도,355
2025-11,형태,기간의 정함이 없는 근로계약(시간제),전 체,18766
2025-11,형태,기간의 정함이 없는 근로계약(시간제),서울,3301
2025-11,형태,기간의 정함이 없는 근로계약(시간제),부산,2462
2025-11,형태,기간의 정함이 없는 근로계약(시간제),대구,1437
2025-11,형태,기간의 정함이 없는 근로계약(시간제),인천,1847
2025-11,형태,기간의 정함이 없는 근로계약(시간제),광주,121
2025-11,형태,기간의 정함이 없는 근로계약(시간제),대전,130
2025-11,형태,기간의 정함이 없는 근로계약(시간제),울산,351
2025-11,형태,기간의 정함이 없는 근로계약(시간제),세종시,75
2025-11,형태,기간의 정함이 없는 근로계약(시간제),경기도,5632
2025-11,형태,기간의 정함이 없는 근로계약(시간제),강원도,245
2025-11,형태,기간의 정함이 없는 근로계약(시간제),충청북도,111
2025-11,형태,기간의 정함이 없는 근로계약(시간제),충청남도,230
2025-11,형태,기간의 정함이 없는 근로계약(시간제),전라북도,820
2025-11,형태,기간의 정함이 없는 근로계약(시간제),전라남도,283
2025-11,형태,기간의 정함이 없는 근로계약(시간제),경상북도,631
2025-11,형태,기간의 정함이 없는 근로계약(시간제),경상남도,1072
2025-11,형태,기간의 정함이 없는 근로계약(시간제),제주도,18
2025-11,형태,기간의 정함이 있는 근로계약,전 체,48016
2025-11,형태,기간의 정함이 있는 근로계약,서울,12274
2025-11,형태,기간의 정함이 있는 근로계약,부산,2832
2025-11,형태,기간의 정함이 있는 근로계약,대구,1911
2025-11,형태,기간의 정함이 있는 근로계약,인천,2822
2025-11,형태,기간의 정함이 있는 근로계약,광주,560
2025-11,형태,기간의 정함이 있는 근로계약,대전,757
2025-11,형태,기간의 정함이 있는 근로계약,울산,677
2025-11,형태,기간의 정함이 있는 근로계약,세종시,185
2025-11,형태,기간의 정함이 있는 근로계약,경기도,10751
2025-11,형태,기간의 정함이 있는 근로계약,강원도,2469
2025-11,형태,기간의 정함이 있는 근로계약,충청북도,1887
2025-11,형태,기간의 정함이 있는 근로계약,충청남도,1624
2025-11,형태,기간의 정함이 있는 근로계약,전라북도,2394
2025-11,형태,기간의 정함이 있는 근로계약,전라남도,1260
2025-11,형태,기간의 정함이 있는 근로계약,경상북도,2396
2025-11,형태,기간의 정함이 있는 근로계약,경상남도,2977
2025-11,형태,기간의 정함이 있는 근로계약,제주도,240
2025-11,형태,기간의 정함이 있는 근로계약(시간제),전 체,6953
2025-11,형태,기간의 정함이 있는 근로계약(시간제),서울,1423
2025-11,형태,기간의 정함이 있는 근로계약(시간제),부산,354
2025-11,형태,기간의 정함이 있는 근로계약(시간제),대구,442
2025-11,형태,기간의 정함이 있는 근로계약(시간제),인천,313
2025-11,형태,기간의 정함이 있는 근로계약(시간제),광주,29
2025-11,형태,기간의 정함이 있는 근로계약(시간제),대전,162
2025-11,형태,기간의 정함이 있는 근로계약(시간제),울산,40
2025-11,형태,기간의 정함이 있는 근로계약(시간제),세종시,19
2025-11,형태,기간의 정함이 있는 근로계약(시간제),경기도,1404
2025-11,형태,기간의 정함이 있는 근로계약(시간제),강원도,178
2025-11,형태,기간의 정함이 있는 근로계약(시간제),충청북도,166
2025-11,형태,기간의 정함이 있는 근로계약(시간제),충청남도,370
2025-11,형태,기간의 정함이 있는 근로계약(시간제),전라북도,318
2025-11,형태,기간의 정함이 있는 근로계약(시간제),전라남도,611
2025-11,형태,기간의 정함이 있는 근로계약(시간제),경상북도,616
2025-11,형태,기간의 정함이 있는 근로계약(시간제),경상남도,496
2025-11,형태,기간의 정함이 있는 근로계약(시간제),제주도,12
2025-11,형태,일용직,전 체,730
2025-11,형태,일용직,서울,223
2025-11,형태,일용직,부산,2
2025-11,형태,일용직,대구,0
2025-11,형태,일용직,인천,15
2025-11,형태,일용직,광주,6
2025-11,형태,일용직,대전,10
2025-11,형태,일용직,울산,0
2025-11,형태,일용직,세종시,156
2025-11,형태,일용직,경기도,65
2025-11,형태,일용직,강원도,9
2025-11,형태,일용직,충청북도,1
2025-11,형태,일용직,충청남도,30
2025-11,형태,일용직,전라북도,157
2025-11,형태,일용직,전라남도,3
2025-11,형태,일용직,경상북도,52
2025-11,형태,일용직,경상남도,1
2025-11,형태,일용직,제주도,0
2025-11,학력,초졸 이하,전 체,82
2025-11,학력,초졸 이하,서울,8
2025-11,학력,초졸 이하,부산,6
2025-11,학력,초졸 이하,대구,6
2025-11,학력,초졸 이하,인천,9
2025-11,학력,초졸 이하,광주,0
2025-11,학력,초졸 이하,대전,0
2025-11,학력,초졸 이하,울산,0
2025-11,학력,초졸 이하,세종시,0
2025-11,학력,초졸 이하,경기도,11
2025-11,학력,초졸 이하,강원도,0
2025-11,학력,초졸 이하,충청북도,1
2025-11,학력,초졸 이하,충청남도,2
2025-11,학력,초졸 이하,전라북도,7
2025-11,학력,초졸 이하,전라남도,11
2025-11,학력,초졸 이하,경상북도,21
2025-11,학력,초졸 이하,경상남도,0
2025-11,학력,초졸 이하,제주도,0
2025-11,학력,중졸,전 체,365
2025-11,학력,중졸,서울,64
2025-11,학력,중졸,부산,23
2025-11,학력,중졸,대구,33
2025-11,학력,중졸,인천,17
2025-11,학력,중졸,광주,5
2025-11,학력,중졸,대전,6
2025-11,학력,중졸,울산,12
2025-11,학력,중졸,세종시,0
2025-11,학력,중졸,경기도,112
2025-11,학력,중졸,강원도,1
2025-11,학력,중졸,충청북도,25
2025-11,학력,중졸,충청남도,19
2025-11,학력,중졸,전라북도,6
2025-11,학력,중졸,전라남도,8
2025-11,학력,중졸,경상북도,19
2025-11,학력,중졸,경상남도,14
2025-11,학력,중졸,제주도,1
2025-11,학력,고졸,전 체,6204
2025-11,학력,고졸,서울,768
2025-11,학력,고졸,부산,273
2025-11,학력,고졸,대구,220
2025-11,학력,고졸,인천,402
2025-11,학력,고졸,광주,84
2025-11,학력,고졸,대전,111
2025-11,학력,고졸,울산,86
2025-11,학력,고졸,세종시,9
2025-11,학력,고졸,경기도,1755
2025-11,학력,고졸,강원도,174
2025-11,학력,고졸,충청북도,391
2025-11,학력,고졸,충청남도,528
2025-11,학력,고졸,전라북도,246
2025-11,학력,고졸,전라남도,230
2025-11,학력,고졸,경상북도,413
2025-11,학력,고졸,경상남도,468
2025-11,학력,고졸,제주도,46
2025-11,학력,전문대졸,전 체,3555
2025-11,학력,전문대졸,서울,507
2025-11,학력,전문대졸,부산,232
2025-11,학력,전문대졸,대구,191
2025-11,학력,전문대졸,인천,98
2025-11,학력,전문대졸,광주,123
2025-11,학력,전문대졸,대전,73
2025-11,학력,전문대졸,울산,51
2025-11,학력,전문대졸,세종시,11
2025-11,학력,전문대졸,경기도,705
2025-11,학력,전문대졸,강원도,130
2025-11,학력,전문대졸,충청북도,152
2025-11,학력,전문대졸,충청남도,166
2025-11,학력,전문대졸,전라북도,231
2025-11,학력,전문대졸,전라남도,181
2025-11,학력,전문대졸,경상북도,331
2025-11,학력,전문대졸,경상남도,332
2025-11,학력,전문대졸,제주도,41
2025-11,학력,대졸,전 체,1094
2025-11,학력,대졸,서울,176
2025-11,학력,대졸,부산,80
2025-11,학력,대졸,대구,30
2025-11,학력,대졸,인천,22
2025-11,학력,대졸,광주,51
2025-11,학력,대졸,대전,59
2025-11,학력,대졸,울산,17
2025-11,학력,대졸,세종시,9
2025-11,학력,대졸,경기도,214
2025-11,학력,대졸,강원도,55
2025-11,학력,대졸,충청북도,48
2025-11,학력,대졸,충청남도,53
2025-11,학력,대졸,전라북도,55
2025-11,학력,대졸,전라남도,62
2025-11,학력,대졸,경상북도,84
2025-11,학력,대졸,경상남도,75
2025-11,학력,대졸,제주도,4
2025-11,학력,대학원졸 이상,전 체,81
2025-11,학력,대학원졸 이상,서울,24
2025-11,학력,대학원졸 이상,부산,2
2025-11,학력,대학원졸 이상,대구,3
2025-11,학력,대학원졸 이상,인천,1
2025-11,학력,대학원졸 이상,광주,0
2025-11,학력,대학원졸 이상,대전,1
2025-11,학력,대학원졸 이상,울산,0
2025-11,학력,대학원졸 이상,세종시,1
2025-11,학력,대학원졸 이상,경기도,2
2025-11,학력,대학원졸 이상,강원도,3
2025-11,학력,대학원졸 이상,충청북도,30
2025-11,학력,대학원졸 이상,충청남도,1
2025-11,학력,대학원졸 이상,전라북도,5
2025-11,학력,대학원졸 이상,전라남도,2
2025-11,학력,대학원졸 이상,경상북도,3
2025-11,학력,대학원졸 이상,경상남도,3
2025-11,학력,대학원졸 이상,제주도,0
2025-11,학력,무관,전 체,145940
2025-11,학력,무관,서울,22342
2025-11,학력,무관,부산,9388
2025-11,학력,무관,대구,6018
2025-11,학력,무관,인천,8633
2025-11,학력,무관,광주,1980
2025-11,학력,무관,대전,1947
2025-11,학력,무관,울산,3405
2025-11,학력,무관,세종시,900
2025-11,학력,무관,경기도,38879
2025-11,학력,무관,강원도,4624
2025-11,학력,무관,충청북도,5747
2025-11,학력,무관,충청남도,6651
2025-11,학력,무관,전라북도,7244
2025-11,학력,무관,전라남도,6370
2025-11,학력,무관,경상북도,8344
2025-11,학력,무관,경상남도,12411
2025-11,학력,무관,제주도,1057
2025-11,임금대,50만원 미만,전 체,2306
2025-11,임금대,50만원 미만,서울,230
2025-11,임금대,50만원 미만,부산,385
2025-11,임금대,50만원 미만,대구,259
2025-11,임금대,50만원 미만,인천,273
2025-11,임금대,50만원 미만,광주,11
2025-11,임금대,50만원 미만,대전,4
2025-11,임금대,50만원 미만,울산,74
2025-11,임금대,50만원 미만,세종시,3
2025-11,임금대,50만원 미만,경기도,721
2025-11,임금대,50만원 미만,강원도,18
2025-11,임금대,50만원 미만,충청북도,2
2025-11,임금대,50만원 미만,충청남도,63
2025-11,임금대,50만원 미만,전라북도,57
2025-11,임금대,50만원 미만,전라남도,16
2025-11,임금대,50만원 미만,경상북도,69
2025-11,임금대,50만원 미만,경상남도,120
2025-11,임금대,50만원 미만,제주도,1
2025-11,임금대,50~100만원 미만,전 체,14154
2025-11,임금대,50~100만원 미만,서울,2794
2025-11,임금대,50~100만원 미만,부산,1798
2025-11,임금대,50~100만원 미만,대구,1045
2025-11,임금대,50~100만원 미만,인천,1419
2025-11,임금대,50~100만원 미만,광주,70
2025-11,임금대,50~100만원 미만,대전,90
2025-11,임금대,50~100만원 미만,울산,240
2025-11,임금대,50~100만원 미만,세종시,30
2025-11,임금대,50~100만원 미만,경기도,4299
2025-11,임금대,50~100만원 미만,강원도,177
2025-11,임금대,50~100만원 미만,충청북도,134
2025-11,임금대,50~100만원 미만,충청남도,117
2025-11,임금대,50~100만원 미만,전라북도,362
2025-11,임금대,50~100만원 미만,전라남도,158
2025-11,임금대,50~100만원 미만,경상북도,426
2025-11,임금대,50~100만원 미만,경상남도,992
2025-11,임금대,50~100만원 미만,제주도,3
2025-11,임금대,100~150만원 미만,전 체,9504
2025-11,임금대,100~150만원 미만,서울,1976
2025-11,임금대,100~150만원 미만,부산,509
2025-11,임금대,100~150만원 미만,대구,720
2025-11,임금대,100~150만원 미만,인천,301
2025-11,임금대,100~150만원 미만,광주,51
2025-11,임금대,100~150만원 미만,대전,180
2025-11,임금대,100~150만원 미만,울산,61
2025-11,임금대,100~150만원 미만,세종시,62
2025-11,임금대,100~150만원 미만,경기도,1565
2025-11,임금대,100~150만원 미만,강원도,486
2025-11,임금대,100~150만원 미만,충청북도,263
2025-11,임금대,100~150만원 미만,충청남도,425
2025-11,임금대,100~150만원 미만,전라북도,531
2025-11,임금대,100~150만원 미만,전라남도,769
2025-11,임금대,100~150만원 미만,경상북도,1128
2025-11,임금대,100~150만원 미만,경상남도,444
2025-11,임금대,100~150만원 미만,제주도,33
2025-11,임금대,150~200만원 미만,전 체,4859
2025-11,임금대,150~200만원 미만,서울,1474
2025-11,임금대,150~200만원 미만,부산,433
2025-11,임금대,150~200만원 미만,대구,202
2025-11,임금대,150~200만원 미만,인천,327
2025-11,임금대,150~200만원 미만,광주,59
2025-11,임금대,150~200만원 미만,대전,78
2025-11,임금대,150~200만원 미만,울산,30
2025-11,임금대,150~200만원 미만,세종시,13
2025-11,임금대,150~200만원 미만,경기도,1234
2025-11,임금대,150~200만원 미만,강원도,74
2025-11,임금대,150~200만원 미만,충청북도,87
2025-11,임금대,150~200만원 미만,충청남도,212
2025-11,임금대,150~200만원 미만,전라북도,150
2025-11,임금대,150~200만원 미만,전라남도,85
2025-11,임금대,150~200만원 미만,경상북도,110
2025-11,임금대,150~200만원 미만,경상남도,216
2025-11,임금대,150~200만원 미만,제주도,75
2025-11,임금대,200~250만원 미만,전 체,80640
2025-11,임금대,200~250만원 미만,서울,10750
2025-11,임금대,200~250만원 미만,부산,4312
2025-11,임금대,200~250만원 미만,대구,2819
2025-11,임금대,200~250만원 미만,인천,4747
2025-11,임금대,200~250만원 미만,광주,1204
2025-11,임금대,200~250만원 미만,대전,1135
2025-11,임금대,200~250만원 미만,울산,2057
2025-11,임금대,200~250만원 미만,세종시,497
2025-11,임금대,200~250만원 미만,경기도,20882
2025-11,임금대,200~250만원 미만,강원도,3162
2025-11,임금대,200~250만원 미만,충청북도,3967
2025-11,임금대,200~250만원 미만,충청남도,4102
2025-11,임금대,200~250만원 미만,전라북도,4940
2025-11,임금대,200~250만원 미만,전라남도,3721
2025-11,임금대,200~250만원 미만,경상북도,4660
2025-11,임금대,200~250만원 미만,경상남도,7023
2025-11,임금대,200~250만원 미만,제주도,662
2025-11,임금대,250만원 이상,전 체,45858
2025-11,임금대,250만원 이상,서울,6665
2025-11,임금대,250만원 이상,부산,2567
2025-11,임금대,250만원 이상,대구,1456
2025-11,임금대,250만원 이상,인천,2115
2025-11,임금대,250만원 이상,광주,848
2025-11,임금대,250만원 이상,대전,710
2025-11,임금대,250만원 이상,울산,1109
2025-11,임금대,250만원 이상,세종시,325
2025-11,임금대,250만원 이상,경기도,12977
2025-11,임금대,250만원 이상,강원도,1070
2025-11,임금대,250만원 이상,충청북도,1941
2025-11,임금대,250만원 이상,충청남도,2501
2025-11,임금대,250만원 이상,전라북도,1754
2025-11,임금대,250만원 이상,전라남도,2115
2025-11,임금대,250만원 이상,경상북도,2822
2025-11,임금대,250만원 이상,경상남도,4508
2025-11,임금대,250만원 이상,제주도,375
2025-12,형태,기간의 정함이 없는 근로계약(시간제),전 체,19824
2025-12,형태,기간의 정함이 없는 근로계약(시간제),서울,3560
2025-12,형태,기간의 정함이 없는 근로계약(시간제),부산,2629
2025-12,형태,기간의 정함이 없는 근로계약(시간제),대구,1618
2025-12,형태,기간의 정함이 없는 근로계약(시간제),인천,1995
2025-12,형태,기간의 정함이 없는 근로계약(시간제),광주,109
2025-12,형태,기간의 정함이 없는 근로계약(시간제),대전,102
2025-12,형태,기간의 정함이 없는 근로계약(시간제),울산,430
2025-12,형태,기간의 정함이 없는 근로계약(시간제),세종시,24
2025-12,형태,기간의 정함이 없는 근로계약(시간제),경기도,5896
2025-12,형태,기간의 정함이 없는 근로계약(시간제),강원도,203
2025-12,형태,기간의 정함이 없는 근로계약(시간제),충청북도,128
2025-12,형태,기간의 정함이 없는 근로계약(시간제),충청남도,189
2025-12,형태,기간의 정함이 없는 근로계약(시간제),전라북도,739
2025-12,형태,기간의 정함이 없는 근로계약(시간제),전라남도,315
2025-12,형태,기간의 정함이 없는 근로계약(시간제),경상북도,616
2025-12,형태,기간의 정함이 없는 근로계약(시간제),경상남도,1240
2025-12,형태,기간의 정함이 없는 근로계약(시간제),제주도,31
2025-12,형태,기간의 정함이 있는 근로계약,전 체,62770
2025-12,형태,기간의 정함이 있는 근로계약,서울,14813
2025-12,형태,기간의 정함이 있는 근로계약,부산,4149
2025-12,형태,기간의 정함이 있는 근로계약,대구,2179
2025-12,형태,기간의 정함이 있는 근로계약,인천,2306
2025-12,형태,기간의 정함이 있는 근로계약,광주,1970
2025-12,형태,기간의 정함이 있는 근로계약,대전,1280
2025-12,형태,기간의 정함이 있는 근로계약,울산,1011
2025-12,형태,기간의 정함이 있는 근로계약,세종시,268
2025-12,형태,기간의 정함이 있는 근로계약,경기도,12586
2025-12,형태,기간의 정함이 있는 근로계약,강원도,2242
2025-12,형태,기간의 정함이 있는 근로계약,충청북도,1563
2025-12,형태,기간의 정함이 있는 근로계약,충청남도,2279
2025-12,형태,기간의 정함이 있는 근로계약,전라북도,3580
2025-12,형태,기간의 정함이 있는 근로계약,전라남도,5255
2025-12,형태,기간의 정함이 있는 근로계약,경상북도,3191
2025-12,형태,기간의 정함이 있는 근로계약,경상남도,3408
2025-12,형태,기간의 정함이 있는 근로계약,제주도,690
2025-12,형태,기간의 정함이 있는 근로계약(시간제),전 체,7533
2025-12,형태,기간의 정함이 있는 근로계약(시간제),서울,1537
2025-12,형태,기간의 정함이 있는 근로계약(시간제),부산,536
2025-12,형태,기간의 정함이 있는 근로계약(시간제),대구,371
2025-12,형태,기간의 정함이 있는 근로계약(시간제),인천,551
2025-12,형태,기간의 정함이 있는 근로계약(시간제),광주,57
2025-12,형태,기간의 정함이 있는 근로계약(시간제),대전,73
2025-12,형태,기간의 정함이 있는 근로계약(시간제),울산,108
2025-12,형태,기간의 정함이 있는 근로계약(시간제),세종시,28
2025-12,형태,기간의 정함이 있는 근로계약(시간제),경기도,1709
2025-12,형태,기간의 정함이 있는 근로계약(시간제),강원도,181
2025-12,형태,기간의 정함이 있는 근로계약(시간제),충청북도,206
2025-12,형태,기간의 정함이 있는 근로계약(시간제),충청남도,175
2025-12,형태,기간의 정함이 있는 근로계약(시간제),전라북도,488
2025-12,형태,기간의 정함이 있는 근로계약(시간제),전라남도,812
2025-12,형태,기간의 정함이 있는 근로계약(시간제),경상북도,348
2025-12,형태,기간의 정함이 있는 근로계약(시간제),경상남도,335
2025-12,형태,기간의 정함이 있는 근로계약(시간제),제주도,18
2025-12,형태,일용직,전 체,416
2025-12,형태,일용직,서울,291
2025-12,형태,일용직,부산,2
2025-12,형태,일용직,대구,25
2025-12,형태,일용직,인천,7
2025-12,형태,일용직,광주,0
2025-12,형태,일용직,대전,3
2025-12,형태,일용직,울산,0
2025-12,형태,일용직,세종시,0
2025-12,형태,일용직,경기도,43
2025-12,형태,일용직,강원도,12
2025-12,형태,일용직,충청북도,4
2025-12,형태,일용직,충청남도,3
2025-12,형태,일용직,전라북도,13
2025-12,형태,일용직,전라남도,11
2025-12,형태,일용직,경상북도,2
2025-12,형태,일용직,경상남도,0
2025-12,형태,일용직,제주도,0
2025-12,학력,초졸 이하,전 체,91
2025-12,학력,초졸 이하,서울,17
2025-12,학력,초졸 이하,부산,9
2025-12,학력,초졸 이하,대구,7
2025-12,학력,초졸 이하,인천,13
2025-12,학력,초졸 이하,광주,0
2025-12,학력,초졸 이하,대전,0
2025-12,학력,초졸 이하,울산,1
2025-12,학력,초졸 이하,세종시,2
2025-12,학력,초졸 이하,경기도,20
2025-12,학력,초졸 이하,강원도,0
2025-12,학력,초졸 이하,충청북도,2
2025-12,학력,초졸 이하,충청남도,5
2025-12,학력,초졸 이하,전라북도,4
2025-12,학력,초졸 이하,전라남도,7
2025-12,학력,초졸 이하,경상북도,4
2025-12,학력,초졸 이하,경상남도,0
2025-12,학력,초졸 이하,제주도,0
2025-12,학력,중졸,전 체,433
2025-12,학력,중졸,서울,96
2025-12,학력,중졸,부산,35
2025-12,학력,중졸,대구,31
2025-12,학력,중졸,인천,24
2025-12,학력,중졸,광주,5
2025-12,학력,중졸,대전,2
2025-12,학력,중졸,울산,2
2025-12,학력,중졸,세종시,2
2025-12,학력,중졸,경기도,109
2025-12,학력,중졸,강원도,7
2025-12,학력,중졸,충청북도,15
2025-12,학력,중졸,충청남도,20
2025-12,학력,중졸,전라북도,12
2025-12,학력,중졸,전라남도,13
2025-12,학력,중졸,경상북도,22
2025-12,학력,중졸,경상남도,28
2025-12,학력,중졸,제주도,10
2025-12,학력,고졸,전 체,5972
2025-12,학력,고졸,서울,904
2025-12,학력,고졸,부산,325
2025-12,학력,고졸,대구,195
2025-12,학력,고졸,인천,273
2025-12,학력,고졸,광주,155
2025-12,학력,고졸,대전,96
2025-12,학력,고졸,울산,64
2025-12,학력,고졸,세종시,48
2025-12,학력,고졸,경기도,1554
2025-12,학력,고졸,강원도,118
2025-12,학력,고졸,충청북도,298
2025-12,학력,고졸,충청남도,481
2025-12,학력,고졸,전라북도,220
2025-12,학력,고졸,전라남도,296
2025-12,학력,고졸,경상북도,478
2025-12,학력,고졸,경상남도,441
2025-12,학력,고졸,제주도,26
2025-12,학력,전문대졸,전 체,4705
2025-12,학력,전문대졸,서울,470
2025-12,학력,전문대졸,부산,274
2025-12,학력,전문대졸,대구,235
2025-12,학력,전문대졸,인천,130
2025-12,학력,전문대졸,광주,163
2025-12,학력,전문대졸,대전,98
2025-12,학력,전문대졸,울산,70
2025-12,학력,전문대졸,세종시,26
2025-12,학력,전문대졸,경기도,849
2025-12,학력,전문대졸,강원도,199
2025-12,학력,전문대졸,충청북도,199
2025-12,학력,전문대졸,충청남도,222
2025-12,학력,전문대졸,전라북도,487
2025-12,학력,전문대졸,전라남도,319
2025-12,학력,전문대졸,경상북도,486
2025-12,학력,전문대졸,경상남도,454
2025-12,학력,전문대졸,제주도,24
2025-12,학력,대졸,전 체,1157
2025-12,학력,대졸,서울,176
2025-12,학력,대졸,부산,60
2025-12,학력,대졸,대구,37
2025-12,학력,대졸,인천,19
2025-12,학력,대졸,광주,37
2025-12,학력,대졸,대전,104
2025-12,학력,대졸,울산,35
2025-12,학력,대졸,세종시,13
2025-12,학력,대졸,경기도,151
2025-12,학력,대졸,강원도,72
2025-12,학력,대졸,충청북도,83
2025-12,학력,대졸,충청남도,50
2025-12,학력,대졸,전라북도,74
2025-12,학력,대졸,전라남도,66
2025-12,학력,대졸,경상북도,92
2025-12,학력,대졸,경상남도,79
2025-12,학력,대졸,제주도,9
2025-12,학력,대학원졸 이상,전 체,57
2025-12,학력,대학원졸 이상,서울,6
2025-12,학력,대학원졸 이상,부산,9
2025-12,학력,대학원졸 이상,대구,1
2025-12,학력,대학원졸 이상,인천,1
2025-12,학력,대학원졸 이상,광주,2
2025-12,학력,대학원졸 이상,대전,10
2025-12,학력,대학원졸 이상,울산,0
2025-12,학력,대학원졸 이상,세종시,6
2025-12,학력,대학원졸 이상,경기도,1
2025-12,학력,대학원졸 이상,강원도,6
2025-12,학력,대학원졸 이상,충청북도,2
2025-12,학력,대학원졸 이상,충청남도,3
2025-12,학력,대학원졸 이상,전라북도,6
2025-12,학력,대학원졸 이상,전라남도,0
2025-12,학력,대학원졸 이상,경상북도,2
2025-12,학력,대학원졸 이상,경상남도,2
2025-12,학력,대학원졸 이상,제주도,0
2025-12,학력,무관,전 체,156158
2025-12,학력,무관,서울,26388
2025-12,학력,무관,부산,10898
2025-12,학력,무관,대구,6478
2025-12,학력,무관,인천,8398
2025-12,학력,무관,광주,3664
2025-12,학력,무관,대전,2101
2025-12,학력,무관,울산,3478
2025-12,학력,무관,세종시,716
2025-12,학력,무관,경기도,39219
2025-12,학력,무관,강원도,4085
2025-12,학력,무관,충청북도,4842
2025-12,학력,무관,충청남도,6501
2025-12,학력,무관,전라북도,8016
2025-12,학력,무관,전라남도,9624
2025-12,학력,무관,경상북도,8520
2025-12,학력,무관,경상남도,11958
2025-12,학력,무관,제주도,1272
2025-12,임금대,50만원 미만,전 체,3299
2025-12,임금대,50만원 미만,서울,257
2025-12,임금대,50만원 미만,부산,459
2025-12,임금대,50만원 미만,대구,264
2025-12,임금대,50만원 미만,인천,283
2025-12,임금대,50만원 미만,광주,18
2025-12,임금대,50만원 미만,대전,6
2025-12,임금대,50만원 미만,울산,88
2025-12,임금대,50만원 미만,세종시,4
2025-12,임금대,50만원 미만,경기도,818
2025-12,임금대,50만원 미만,강원도,7
2025-12,임금대,50만원 미만,충청북도,17
2025-12,임금대,50만원 미만,충청남도,33
2025-12,임금대,50만원 미만,전라북도,726
2025-12,임금대,50만원 미만,전라남도,87
2025-12,임금대,50만원 미만,경상북도,77
2025-12,임금대,50만원 미만,경상남도,153
2025-12,임금대,50만원 미만,제주도,2
2025-12,임금대,50~100만원 미만,전 체,14725
2025-12,임금대,50~100만원 미만,서울,3076
2025-12,임금대,50~100만원 미만,부산,1871
2025-12,임금대,50~100만원 미만,대구,1220
2025-12,임금대,50~100만원 미만,인천,1444
2025-12,임금대,50~100만원 미만,광주,46
2025-12,임금대,50~100만원 미만,대전,61
2025-12,임금대,50~100만원 미만,울산,294
2025-12,임금대,50~100만원 미만,세종시,26
2025-12,임금대,50~100만원 미만,경기도,4188
2025-12,임금대,50~100만원 미만,강원도,133
2025-12,임금대,50~100만원 미만,충청북도,110
2025-12,임금대,50~100만원 미만,충청남도,113
2025-12,임금대,50~100만원 미만,전라북도,554
2025-12,임금대,50~100만원 미만,전라남도,211
2025-12,임금대,50~100만원 미만,경상북도,448
2025-12,임금대,50~100만원 미만,경상남도,865
2025-12,임금대,50~100만원 미만,제주도,65
2025-12,임금대,100~150만원 미만,전 체,10468
2025-12,임금대,100~150만원 미만,서울,1794
2025-12,임금대,100~150만원 미만,부산,655
2025-12,임금대,100~150만원 미만,대구,557
2025-12,임금대,100~150만원 미만,인천,568
2025-12,임금대,100~150만원 미만,광주,382
2025-12,임금대,100~150만원 미만,대전,161
2025-12,임금대,100~150만원 미만,울산,155
2025-12,임금대,100~150만원 미만,세종시,18
2025-12,임금대,100~150만원 미만,경기도,2072
2025-12,임금대,100~150만원 미만,강원도,451
2025-12,임금대,100~150만원 미만,충청북도,228
2025-12,임금대,100~150만원 미만,충청남도,175
2025-12,임금대,100~150만원 미만,전라북도,707
2025-12,임금대,100~150만원 미만,전라남도,1017
2025-12,임금대,100~150만원 미만,경상북도,955
2025-12,임금대,100~150만원 미만,경상남도,547
2025-12,임금대,100~150만원 미만,제주도,26
2025-12,임금대,150~200만원 미만,전 체,8003
2025-12,임금대,150~200만원 미만,서울,2377
2025-12,임금대,150~200만원 미만,부산,660
2025-12,임금대,150~200만원 미만,대구,315
2025-12,임금대,150~200만원 미만,인천,642
2025-12,임금대,150~200만원 미만,광주,154
2025-12,임금대,150~200만원 미만,대전,122
2025-12,임금대,150~200만원 미만,울산,124
2025-12,임금대,150~200만원 미만,세종시,28
2025-12,임금대,150~200만원 미만,경기도,2248
2025-12,임금대,150~200만원 미만,강원도,148
2025-12,임금대,150~200만원 미만,충청북도,117
2025-12,임금대,150~200만원 미만,충청남도,279
2025-12,임금대,150~200만원 미만,전라북도,210
2025-12,임금대,150~200만원 미만,전라남도,85
2025-12,임금대,150~200만원 미만,경상북도,134
2025-12,임금대,150~200만원 미만,경상남도,332
2025-12,임금대,150~200만원 미만,제주도,28
2025-12,임금대,200~250만원 미만,전 체,81882
2025-12,임금대,200~250만원 미만,서울,12302
2025-12,임금대,200~250만원 미만,부산,5129
2025-12,임금대,200~250만원 미만,대구,3023
2025-12,임금대,200~250만원 미만,인천,3572
2025-12,임금대,200~250만원 미만,광주,2311
2025-12,임금대,200~250만원 미만,대전,1393
2025-12,임금대,200~250만원 미만,울산,1779
2025-12,임금대,200~250만원 미만,세종시,443
2025-12,임금대,200~250만원 미만,경기도,18429
2025-12,임금대,200~250만원 미만,강원도,2493
2025-12,임금대,200~250만원 미만,충청북도,3121
2025-12,임금대,200~250만원 미만,충청남도,4179
2025-12,임금대,200~250만원 미만,전라북도,4638
2025-12,임금대,200~250만원 미만,전라남도,6895
2025-12,임금대,200~250만원 미만,경상북도,5071
2025-12,임금대,200~250만원 미만,경상남도,6312
2025-12,임금대,200~250만원 미만,제주도,792
2025-12,임금대,250만원 이상,전 체,50196
2025-12,임금대,250만원 이상,서울,8251
2025-12,임금대,250만원 이상,부산,2836
2025-12,임금대,250만원 이상,대구,1605
2025-12,임금대,250만원 이상,인천,2349
2025-12,임금대,250만원 이상,광주,1115
2025-12,임금대,250만원 이상,대전,668
2025-12,임금대,250만원 이상,울산,1210
2025-12,임금대,250만원 이상,세종시,294
2025-12,임금대,250만원 이상,경기도,14148
2025-12,임금대,250만원 이상,강원도,1255
2025-12,임금대,250만원 이상,충청북도,1848
2025-12,임금대,250만원 이상,충청남도,2503
2025-12,임금대,250만원 이상,전라북도,1984
2025-12,임금대,250만원 이상,전라남도,2030
2025-12,임금대,250만원 이상,경상북도,2919
2025-12,임금대,250만원 이상,경상남도,4753
2025-12,임금대,250만원 이상,제주도,428
2026-01,형태,기간의 정함이 없는 근로계약(시간제),전 체,18023
2026-01,형태,기간의 정함이 없는 근로계약(시간제),서울,3288
2026-01,형태,기간의 정함이 없는 근로계약(시간제),부산,2330
2026-01,형태,기간의 정함이 없는 근로계약(시간제),대구,1435
2026-01,형태,기간의 정함이 없는 근로계약(시간제),인천,1693
2026-01,형태,기간의 정함이 없는 근로계약(시간제),광주,117
2026-01,형태,기간의 정함이 없는 근로계약(시간제),대전,81
2026-01,형태,기간의 정함이 없는 근로계약(시간제),울산,388
2026-01,형태,기간의 정함이 없는 근로계약(시간제),세종시,35
2026-01,형태,기간의 정함이 없는 근로계약(시간제),경기도,5290
2026-01,형태,기간의 정함이 없는 근로계약(시간제),강원도,228
2026-01,형태,기간의 정함이 없는 근로계약(시간제),충청북도,135
2026-01,형태,기간의 정함이 없는 근로계약(시간제),충청남도,185
2026-01,형태,기간의 정함이 없는 근로계약(시간제),전라북도,766
2026-01,형태,기간의 정함이 없는 근로계약(시간제),전라남도,344
2026-01,형태,기간의 정함이 없는 근로계약(시간제),경상북도,561
2026-01,형태,기간의 정함이 없는 근로계약(시간제),경상남도,1085
2026-01,형태,기간의 정함이 없는 근로계약(시간제),제주도,62
2026-01,형태,기간의 정함이 있는 근로계약,전 체,50736
2026-01,형태,기간의 정함이 있는 근로계약,서울,11974
2026-01,형태,기간의 정함이 있는 근로계약,부산,3220
2026-01,형태,기간의 정함이 있는 근로계약,대구,1560
2026-01,형태,기간의 정함이 있는 근로계약,인천,2376
2026-01,형태,기간의 정함이 있는 근로계약,광주,1483
2026-01,형태,기간의 정함이 있는 근로계약,대전,1323
2026-01,형태,기간의 정함이 있는 근로계약,울산,1294
2026-01,형태,기간의 정함이 있는 근로계약,세종시,784
2026-01,형태,기간의 정함이 있는 근로계약,경기도,11568
2026-01,형태,기간의 정함이 있는 근로계약,강원도,1764
2026-01,형태,기간의 정함이 있는 근로계약,충청북도,1692
2026-01,형태,기간의 정함이 있는 근로계약,충청남도,1977
2026-01,형태,기간의 정함이 있는 근로계약,전라북도,1944
2026-01,형태,기간의 정함이 있는 근로계약,전라남도,1927
2026-01,형태,기간의 정함이 있는 근로계약,경상북도,2533
2026-01,형태,기간의 정함이 있는 근로계약,경상남도,2775
2026-01,형태,기간의 정함이 있는 근로계약,제주도,542
2026-01,형태,기간의 정함이 있는 근로계약(시간제),전 체,5510
2026-01,형태,기간의 정함이 있는 근로계약(시간제),서울,1305
2026-01,형태,기간의 정함이 있는 근로계약(시간제),부산,421
2026-01,형태,기간의 정함이 있는 근로계약(시간제),대구,223
2026-01,형태,기간의 정함이 있는 근로계약(시간제),인천,323
2026-01,형태,기간의 정함이 있는 근로계약(시간제),광주,52
2026-01,형태,기간의 정함이 있는 근로계약(시간제),대전,61
2026-01,형태,기간의 정함이 있는 근로계약(시간제),울산,51
2026-01,형태,기간의 정함이 있는 근로계약(시간제),세종시,15
2026-01,형태,기간의 정함이 있는 근로계약(시간제),경기도,1474
2026-01,형태,기간의 정함이 있는 근로계약(시간제),강원도,155
2026-01,형태,기간의 정함이 있는 근로계약(시간제),충청북도,110
2026-01,형태,기간의 정함이 있는 근로계약(시간제),충청남도,64
2026-01,형태,기간의 정함이 있는 근로계약(시간제),전라북도,395
2026-01,형태,기간의 정함이 있는 근로계약(시간제),전라남도,199
2026-01,형태,기간의 정함이 있는 근로계약(시간제),경상북도,414
2026-01,형태,기간의 정함이 있는 근로계약(시간제),경상남도,232
2026-01,형태,기간의 정함이 있는 근로계약(시간제),제주도,16
2026-01,형태,일용직,전 체,395
2026-01,형태,일용직,서울,284
2026-01,형태,일용직,부산,2
2026-01,형태,일용직,대구,12
2026-01,형태,일용직,인천,1
2026-01,형태,일용직,광주,0
2026-01,형태,일용직,대전,16
2026-01,형태,일용직,울산,0
2026-01,형태,일용직,세종시,0
2026-01,형태,일용직,경기도,12
2026-01,형태,일용직,강원도,21
2026-01,형태,일용직,충청북도,3
2026-01,형태,일용직,충청남도,21
2026-01,형태,일용직,전라북도,19
2026-01,형태,일용직,전라남도,2
2026-01,형태,일용직,경상북도,1
2026-01,형태,일용직,경상남도,1
2026-01,형태,일용직,제주도,0
2026-01,학력,초졸 이하,전 체,96
2026-01,학력,초졸 이하,서울,10
2026-01,학력,초졸 이하,부산,10
2026-01,학력,초졸 이하,대구,4
2026-01,학력,초졸 이하,인천,13
2026-01,학력,초졸 이하,광주,0
2026-01,학력,초졸 이하,대전,3
2026-01,학력,초졸 이하,울산,1
2026-01,학력,초졸 이하,세종시,0
2026-01,학력,초졸 이하,경기도,22
2026-01,학력,초졸 이하,강원도,4
2026-01,학력,초졸 이하,충청북도,1
2026-01,학력,초졸 이하,충청남도,1
2026-01,학력,초졸 이하,전라북도,2
2026-01,학력,초졸 이하,전라남도,2
2026-01,학력,초졸 이하,경상북도,22
2026-01,학력,초졸 이하,경상남도,1
2026-01,학력,초졸 이하,제주도,0
2026-01,학력,중졸,전 체,339
2026-01,학력,중졸,서울,69
2026-01,학력,중졸,부산,12
2026-01,학력,중졸,대구,25
2026-01,학력,중졸,인천,23
2026-01,학력,중졸,광주,4
2026-01,학력,중졸,대전,0
2026-01,학력,중졸,울산,14
2026-01,학력,중졸,세종시,0
2026-01,학력,중졸,경기도,100
2026-01,학력,중졸,강원도,1
2026-01,학력,중졸,충청북도,17
2026-01,학력,중졸,충청남도,15
2026-01,학력,중졸,전라북도,10
2026-01,학력,중졸,전라남도,10
2026-01,학력,중졸,경상북도,17
2026-01,학력,중졸,경상남도,22
2026-01,학력,중졸,제주도,0
2026-01,학력,고졸,전 체,7254
2026-01,학력,고졸,서울,1019
2026-01,학력,고졸,부산,260
2026-01,학력,고졸,대구,141
2026-01,학력,고졸,인천,219
2026-01,학력,고졸,광주,119
2026-01,학력,고졸,대전,112
2026-01,학력,고졸,울산,111
2026-01,학력,고졸,세종시,17
2026-01,학력,고졸,경기도,2317
2026-01,학력,고졸,강원도,237
2026-01,학력,고졸,충청북도,518
2026-01,학력,고졸,충청남도,718
2026-01,학력,고졸,전라북도,295
2026-01,학력,고졸,전라남도,312
2026-01,학력,고졸,경상북도,395
2026-01,학력,고졸,경상남도,427
2026-01,학력,고졸,제주도,37
2026-01,학력,전문대졸,전 체,4939
2026-01,학력,전문대졸,서울,526
2026-01,학력,전문대졸,부산,263
2026-01,학력,전문대졸,대구,256
2026-01,학력,전문대졸,인천,132
2026-01,학력,전문대졸,광주,181
2026-01,학력,전문대졸,대전,174
2026-01,학력,전문대졸,울산,80
2026-01,학력,전문대졸,세종시,19
2026-01,학력,전문대졸,경기도,922
2026-01,학력,전문대졸,강원도,237
2026-01,학력,전문대졸,충청북도,212
2026-01,학력,전문대졸,충청남도,219
2026-01,학력,전문대졸,전라북도,428
2026-01,학력,전문대졸,전라남도,372
2026-01,학력,전문대졸,경상북도,467
2026-01,학력,전문대졸,경상남도,416
2026-01,학력,전문대졸,제주도,35
2026-01,학력,대졸,전 체,1505
2026-01,학력,대졸,서울,239
2026-01,학력,대졸,부산,132
2026-01,학력,대졸,대구,48
2026-01,학력,대졸,인천,18
2026-01,학력,대졸,광주,78
2026-01,학력,대졸,대전,185
2026-01,학력,대졸,울산,16
2026-01,학력,대졸,세종시,9
2026-01,학력,대졸,경기도,203
2026-01,학력,대졸,강원도,66
2026-01,학력,대졸,충청북도,67
2026-01,학력,대졸,충청남도,92
2026-01,학력,대졸,전라북도,76
2026-01,학력,대졸,전라남도,103
2026-01,학력,대졸,경상북도,70
2026-01,학력,대졸,경상남도,93
2026-01,학력,대졸,제주도,10
2026-01,학력,대학원졸 이상,전 체,93
2026-01,학력,대학원졸 이상,서울,16
2026-01,학력,대학원졸 이상,부산,7
2026-01,학력,대학원졸 이상,대구,1
2026-01,학력,대학원졸 이상,인천,1
2026-01,학력,대학원졸 이상,광주,11
2026-01,학력,대학원졸 이상,대전,21
2026-01,학력,대학원졸 이상,울산,0
2026-01,학력,대학원졸 이상,세종시,3
2026-01,학력,대학원졸 이상,경기도,4
2026-01,학력,대학원졸 이상,강원도,1
2026-01,학력,대학원졸 이상,충청북도,5
2026-01,학력,대학원졸 이상,충청남도,1
2026-01,학력,대학원졸 이상,전라북도,0
2026-01,학력,대학원졸 이상,전라남도,3
2026-01,학력,대학원졸 이상,경상북도,14
2026-01,학력,대학원졸 이상,경상남도,3
2026-01,학력,대학원졸 이상,제주도,2
2026-01,학력,무관,전 체,155501
2026-01,학력,무관,서울,22040
2026-01,학력,무관,부산,9626
2026-01,학력,무관,대구,5722
2026-01,학력,무관,인천,8447
2026-01,학력,무관,광주,3278
2026-01,학력,무관,대전,2061
2026-01,학력,무관,울산,4214
2026-01,학력,무관,세종시,1305
2026-01,학력,무관,경기도,43109
2026-01,학력,무관,강원도,3999
2026-01,학력,무관,충청북도,5800
2026-01,학력,무관,충청남도,7670
2026-01,학력,무관,전라북도,7398
2026-01,학력,무관,전라남도,7246
2026-01,학력,무관,경상북도,8924
2026-01,학력,무관,경상남도,12928
2026-01,학력,무관,제주도,1734
2026-01,임금대,50만원 미만,전 체,2310
2026-01,임금대,50만원 미만,서울,255
2026-01,임금대,50만원 미만,부산,400
2026-01,임금대,50만원 미만,대구,242
2026-01,임금대,50만원 미만,인천,242
2026-01,임금대,50만원 미만,광주,9
2026-01,임금대,50만원 미만,대전,9
2026-01,임금대,50만원 미만,울산,68
2026-01,임금대,50만원 미만,세종시,2
2026-01,임금대,50만원 미만,경기도,729
2026-01,임금대,50만원 미만,강원도,13
2026-01,임금대,50만원 미만,충청북도,3
2026-01,임금대,50만원 미만,충청남도,9
2026-01,임금대,50만원 미만,전라북도,86
2026-01,임금대,50만원 미만,전라남도,41
2026-01,임금대,50만원 미만,경상북도,73
2026-01,임금대,50만원 미만,경상남도,127
2026-01,임금대,50만원 미만,제주도,2
2026-01,임금대,50~100만원 미만,전 체,13004
2026-01,임금대,50~100만원 미만,서울,2562
2026-01,임금대,50~100만원 미만,부산,1636
2026-01,임금대,50~100만원 미만,대구,1078
2026-01,임금대,50~100만원 미만,인천,1283
2026-01,임금대,50~100만원 미만,광주,56
2026-01,임금대,50~100만원 미만,대전,48
2026-01,임금대,50~100만원 미만,울산,266
2026-01,임금대,50~100만원 미만,세종시,22
2026-01,임금대,50~100만원 미만,경기도,3977
2026-01,임금대,50~100만원 미만,강원도,155
2026-01,임금대,50~100만원 미만,충청북도,87
2026-01,임금대,50~100만원 미만,충청남도,111
2026-01,임금대,50~100만원 미만,전라북도,526
2026-01,임금대,50~100만원 미만,전라남도,139
2026-01,임금대,50~100만원 미만,경상북도,387
2026-01,임금대,50~100만원 미만,경상남도,665
2026-01,임금대,50~100만원 미만,제주도,6
2026-01,임금대,100~150만원 미만,전 체,6563
2026-01,임금대,100~150만원 미만,서울,1613
2026-01,임금대,100~150만원 미만,부산,536
2026-01,임금대,100~150만원 미만,대구,235
2026-01,임금대,100~150만원 미만,인천,281
2026-01,임금대,100~150만원 미만,광주,99
2026-01,임금대,100~150만원 미만,대전,107
2026-01,임금대,100~150만원 미만,울산,91
2026-01,임금대,100~150만원 미만,세종시,29
2026-01,임금대,100~150만원 미만,경기도,1530
2026-01,임금대,100~150만원 미만,강원도,169
2026-01,임금대,100~150만원 미만,충청북도,182
2026-01,임금대,100~150만원 미만,충청남도,98
2026-01,임금대,100~150만원 미만,전라북도,390
2026-01,임금대,100~150만원 미만,전라남도,264
2026-01,임금대,100~150만원 미만,경상북도,540
2026-01,임금대,100~150만원 미만,경상남도,352
2026-01,임금대,100~150만원 미만,제주도,47
2026-01,임금대,150~200만원 미만,전 체,5647
2026-01,임금대,150~200만원 미만,서울,1585
2026-01,임금대,150~200만원 미만,부산,419
2026-01,임금대,150~200만원 미만,대구,190
2026-01,임금대,150~200만원 미만,인천,329
2026-01,임금대,150~200만원 미만,광주,61
2026-01,임금대,150~200만원 미만,대전,104
2026-01,임금대,150~200만원 미만,울산,80
2026-01,임금대,150~200만원 미만,세종시,12
2026-01,임금대,150~200만원 미만,경기도,1453
2026-01,임금대,150~200만원 미만,강원도,149
2026-01,임금대,150~200만원 미만,충청북도,187
2026-01,임금대,150~200만원 미만,충청남도,242
2026-01,임금대,150~200만원 미만,전라북도,209
2026-01,임금대,150~200만원 미만,전라남도,160
2026-01,임금대,150~200만원 미만,경상북도,118
2026-01,임금대,150~200만원 미만,경상남도,210
2026-01,임금대,150~200만원 미만,제주도,139
2026-01,임금대,200~250만원 미만,전 체,88584
2026-01,임금대,200~250만원 미만,서울,9870
2026-01,임금대,200~250만원 미만,부산,4447
2026-01,임금대,200~250만원 미만,대구,2972
2026-01,임금대,200~250만원 미만,인천,4275
2026-01,임금대,200~250만원 미만,광주,2451
2026-01,임금대,200~250만원 미만,대전,1495
2026-01,임금대,200~250만원 미만,울산,2678
2026-01,임금대,200~250만원 미만,세종시,968
2026-01,임금대,200~250만원 미만,경기도,23402
2026-01,임금대,200~250만원 미만,강원도,2571
2026-01,임금대,200~250만원 미만,충청북도,3906
2026-01,임금대,200~250만원 미만,충청남도,5280
2026-01,임금대,200~250만원 미만,전라북도,4816
2026-01,임금대,200~250만원 미만,전라남도,4952
2026-01,임금대,200~250만원 미만,경상북도,5740
2026-01,임금대,200~250만원 미만,경상남도,7638
2026-01,임금대,200~250만원 미만,제주도,1123
2026-01,임금대,250만원 이상,전 체,53619
2026-01,임금대,250만원 이상,서울,8034
2026-01,임금대,250만원 이상,부산,2872
2026-01,임금대,250만원 이상,대구,1480
2026-01,임금대,250만원 이상,인천,2443
2026-01,임금대,250만원 이상,광주,995
2026-01,임금대,250만원 이상,대전,793
2026-01,임금대,250만원 이상,울산,1253
2026-01,임금대,250만원 이상,세종시,320
2026-01,임금대,250만원 이상,경기도,15586
2026-01,임금대,250만원 이상,강원도,1488
2026-01,임금대,250만원 이상,충청북도,2255
2026-01,임금대,250만원 이상,충청남도,2976
2026-01,임금대,250만원 이상,전라북도,2182
2026-01,임금대,250만원 이상,전라남도,2492
2026-01,임금대,250만원 이상,경상북도,3051
2026-01,임금대,250만원 이상,경상남도,4898
2026-01,임금대,250만원 이상,제주도,501
2026-02,형태,기간의 정함이 없는 근로계약(시간제),전 체,16002
2026-02,형태,기간의 정함이 없는 근로계약(시간제),서울,2794
2026-02,형태,기간의 정함이 없는 근로계약(시간제),부산,2066
2026-02,형태,기간의 정함이 없는 근로계약(시간제),대구,1232
2026-02,형태,기간의 정함이 없는 근로계약(시간제),인천,1597
2026-02,형태,기간의 정함이 없는 근로계약(시간제),광주,92
2026-02,형태,기간의 정함이 없는 근로계약(시간제),대전,64
2026-02,형태,기간의 정함이 없는 근로계약(시간제),울산,333
2026-02,형태,기간의 정함이 없는 근로계약(시간제),세종시,37
2026-02,형태,기간의 정함이 없는 근로계약(시간제),경기도,4722
2026-02,형태,기간의 정함이 없는 근로계약(시간제),강원도,220
2026-02,형태,기간의 정함이 없는 근로계약(시간제),충청북도,95
2026-02,형태,기간의 정함이 없는 근로계약(시간제),충청남도,191
2026-02,형태,기간의 정함이 없는 근로계약(시간제),전라북도,680
2026-02,형태,기간의 정함이 없는 근로계약(시간제),전라남도,308
2026-02,형태,기간의 정함이 없는 근로계약(시간제),경상북도,496
2026-02,형태,기간의 정함이 없는 근로계약(시간제),경상남도,1046
2026-02,형태,기간의 정함이 없는 근로계약(시간제),제주도,29
2026-02,형태,기간의 정함이 있는 근로계약,전 체,37849
2026-02,형태,기간의 정함이 있는 근로계약,서울,10115
2026-02,형태,기간의 정함이 있는 근로계약,부산,2584
2026-02,형태,기간의 정함이 있는 근로계약,대구,1329
2026-02,형태,기간의 정함이 있는 근로계약,인천,1747
2026-02,형태,기간의 정함이 있는 근로계약,광주,669
2026-02,형태,기간의 정함이 있는 근로계약,대전,865
2026-02,형태,기간의 정함이 있는 근로계약,울산,580
2026-02,형태,기간의 정함이 있는 근로계약,세종시,190
2026-02,형태,기간의 정함이 있는 근로계약,경기도,8914
2026-02,형태,기간의 정함이 있는 근로계약,강원도,1081
2026-02,형태,기간의 정함이 있는 근로계약,충청북도,1051
2026-02,형태,기간의 정함이 있는 근로계약,충청남도,1411
2026-02,형태,기간의 정함이 있는 근로계약,전라북도,1435
2026-02,형태,기간의 정함이 있는 근로계약,전라남도,1160
2026-02,형태,기간의 정함이 있는 근로계약,경상북도,2203
2026-02,형태,기간의 정함이 있는 근로계약,경상남도,2161
2026-02,형태,기간의 정함이 있는 근로계약,제주도,354
2026-02,형태,기간의 정함이 있는 근로계약(시간제),전 체,4105
2026-02,형태,기간의 정함이 있는 근로계약(시간제),서울,1171
2026-02,형태,기간의 정함이 있는 근로계약(시간제),부산,357
2026-02,형태,기간의 정함이 있는 근로계약(시간제),대구,149
2026-02,형태,기간의 정함이 있는 근로계약(시간제),인천,302
2026-02,형태,기간의 정함이 있는 근로계약(시간제),광주,46
2026-02,형태,기간의 정함이 있는 근로계약(시간제),대전,33
2026-02,형태,기간의 정함이 있는 근로계약(시간제),울산,62
2026-02,형태,기간의 정함이 있는 근로계약(시간제),세종시,14
2026-02,형태,기간의 정함이 있는 근로계약(시간제),경기도,1002
2026-02,형태,기간의 정함이 있는 근로계약(시간제),강원도,91
2026-02,형태,기간의 정함이 있는 근로계약(시간제),충청북도,79
2026-02,형태,기간의 정함이 있는 근로계약(시간제),충청남도,84
2026-02,형태,기간의 정함이 있는 근로계약(시간제),전라북도,222
2026-02,형태,기간의 정함이 있는 근로계약(시간제),전라남도,78
2026-02,형태,기간의 정함이 있는 근로계약(시간제),경상북도,136
2026-02,형태,기간의 정함이 있는 근로계약(시간제),경상남도,272
2026-02,형태,기간의 정함이 있는 근로계약(시간제),제주도,7
2026-02,형태,일용직,전 체,174
2026-02,형태,일용직,서울,75
2026-02,형태,일용직,부산,1
2026-02,형태,일용직,대구,0
2026-02,형태,일용직,인천,2
2026-02,형태,일용직,광주,0
2026-02,형태,일용직,대전,5
2026-02,형태,일용직,울산,0
2026-02,형태,일용직,세종시,1
2026-02,형태,일용직,경기도,24
2026-02,형태,일용직,강원도,1
2026-02,형태,일용직,충청북도,0
2026-02,형태,일용직,충청남도,1
2026-02,형태,일용직,전라북도,13
2026-02,형태,일용직,전라남도,36
2026-02,형태,일용직,경상북도,15
2026-02,형태,일용직,경상남도,0
2026-02,형태,일용직,제주도,0
2026-02,학력,초졸 이하,전 체,66
2026-02,학력,초졸 이하,서울,3
2026-02,학력,초졸 이하,부산,15
2026-02,학력,초졸 이하,대구,2
2026-02,학력,초졸 이하,인천,13
2026-02,학력,초졸 이하,광주,0
2026-02,학력,초졸 이하,대전,0
2026-02,학력,초졸 이하,울산,0
2026-02,학력,초졸 이하,세종시,0
2026-02,학력,초졸 이하,경기도,16
2026-02,학력,초졸 이하,강원도,0
2026-02,학력,초졸 이하,충청북도,3
2026-02,학력,초졸 이하,충청남도,4
2026-02,학력,초졸 이하,전라북도,4
2026-02,학력,초졸 이하,전라남도,3
2026-02,학력,초졸 이하,경상북도,3
2026-02,학력,초졸 이하,경상남도,0
2026-02,학력,초졸 이하,제주도,0
2026-02,학력,중졸,전 체,267
2026-02,학력,중졸,서울,37
2026-02,학력,중졸,부산,14
2026-02,학력,중졸,대구,18
2026-02,학력,중졸,인천,25
2026-02,학력,중졸,광주,3
2026-02,학력,중졸,대전,1
2026-02,학력,중졸,울산,0
2026-02,학력,중졸,세종시,0
2026-02,학력,중졸,경기도,102
2026-02,학력,중졸,강원도,1
2026-02,학력,중졸,충청북도,21
2026-02,학력,중졸,충청남도,9
2026-02,학력,중졸,전라북도,8
2026-02,학력,중졸,전라남도,2
2026-02,학력,중졸,경상북도,12
2026-02,학력,중졸,경상남도,13
2026-02,학력,중졸,제주도,1
2026-02,학력,고졸,전 체,5197
2026-02,학력,고졸,서울,693
2026-02,학력,고졸,부산,254
2026-02,학력,고졸,대구,121
2026-02,학력,고졸,인천,220
2026-02,학력,고졸,광주,59
2026-02,학력,고졸,대전,112
2026-02,학력,고졸,울산,77
2026-02,학력,고졸,세종시,27
2026-02,학력,고졸,경기도,1675
2026-02,학력,고졸,강원도,116
2026-02,학력,고졸,충청북도,432
2026-02,학력,고졸,충청남도,412
2026-02,학력,고졸,전라북도,202
2026-02,학력,고졸,전라남도,144
2026-02,학력,고졸,경상북도,293
2026-02,학력,고졸,경상남도,339
2026-02,학력,고졸,제주도,21
2026-02,학력,전문대졸,전 체,3992
2026-02,학력,전문대졸,서울,429
2026-02,학력,전문대졸,부산,233
2026-02,학력,전문대졸,대구,185
2026-02,학력,전문대졸,인천,101
2026-02,학력,전문대졸,광주,140
2026-02,학력,전문대졸,대전,83
2026-02,학력,전문대졸,울산,71
2026-02,학력,전문대졸,세종시,12
2026-02,학력,전문대졸,경기도,694
2026-02,학력,전문대졸,강원도,162
2026-02,학력,전문대졸,충청북도,189
2026-02,학력,전문대졸,충청남도,270
2026-02,학력,전문대졸,전라북도,307
2026-02,학력,전문대졸,전라남도,266
2026-02,학력,전문대졸,경상북도,317
2026-02,학력,전문대졸,경상남도,494
2026-02,학력,전문대졸,제주도,39
2026-02,학력,대졸,전 체,1094
2026-02,학력,대졸,서울,118
2026-02,학력,대졸,부산,140
2026-02,학력,대졸,대구,40
2026-02,학력,대졸,인천,25
2026-02,학력,대졸,광주,41
2026-02,학력,대졸,대전,98
2026-02,학력,대졸,울산,16
2026-02,학력,대졸,세종시,13
2026-02,학력,대졸,경기도,132
2026-02,학력,대졸,강원도,50
2026-02,학력,대졸,충청북도,45
2026-02,학력,대졸,충청남도,54
2026-02,학력,대졸,전라북도,57
2026-02,학력,대졸,전라남도,81
2026-02,학력,대졸,경상북도,91
2026-02,학력,대졸,경상남도,82
2026-02,학력,대졸,제주도,11
2026-02,학력,대학원졸 이상,전 체,60
2026-02,학력,대학원졸 이상,서울,11
2026-02,학력,대학원졸 이상,부산,4
2026-02,학력,대학원졸 이상,대구,2
2026-02,학력,대학원졸 이상,인천,3
2026-02,학력,대학원졸 이상,광주,2
2026-02,학력,대학원졸 이상,대전,15
2026-02,학력,대학원졸 이상,울산,1
2026-02,학력,대학원졸 이상,세종시,1
2026-02,학력,대학원졸 이상,경기도,7
2026-02,학력,대학원졸 이상,강원도,1
2026-02,학력,대학원졸 이상,충청북도,0
2026-02,학력,대학원졸 이상,충청남도,5
2026-02,학력,대학원졸 이상,전라북도,1
2026-02,학력,대학원졸 이상,전라남도,0
2026-02,학력,대학원졸 이상,경상북도,4
2026-02,학력,대학원졸 이상,경상남도,2
2026-02,학력,대학원졸 이상,제주도,1
2026-02,학력,무관,전 체,117589
2026-02,학력,무관,서울,18178
2026-02,학력,무관,부산,8098
2026-02,학력,무관,대구,4705
2026-02,학력,무관,인천,7146
2026-02,학력,무관,광주,1967
2026-02,학력,무관,대전,1533
2026-02,학력,무관,울산,2610
2026-02,학력,무관,세종시,602
2026-02,학력,무관,경기도,32176
2026-02,학력,무관,강원도,2903
2026-02,학력,무관,충청북도,4312
2026-02,학력,무관,충청남도,5743
2026-02,학력,무관,전라북도,5297
2026-02,학력,무관,전라남도,4633
2026-02,학력,무관,경상북도,6765
2026-02,학력,무관,경상남도,9910
2026-02,학력,무관,제주도,1011
2026-02,임금대,50만원 미만,전 체,2000
2026-02,임금대,50만원 미만,서울,226
2026-02,임금대,50만원 미만,부산,342
2026-02,임금대,50만원 미만,대구,219
2026-02,임금대,50만원 미만,인천,234
2026-02,임금대,50만원 미만,광주,15
2026-02,임금대,50만원 미만,대전,5
2026-02,임금대,50만원 미만,울산,62
2026-02,임금대,50만원 미만,세종시,3
2026-02,임금대,50만원 미만,경기도,613
2026-02,임금대,50만원 미만,강원도,14
2026-02,임금대,50만원 미만,충청북도,8
2026-02,임금대,50만원 미만,충청남도,8
2026-02,임금대,50만원 미만,전라북도,66
2026-02,임금대,50만원 미만,전라남도,15
2026-02,임금대,50만원 미만,경상북도,54
2026-02,임금대,50만원 미만,경상남도,116
2026-02,임금대,50만원 미만,제주도,0
2026-02,임금대,50~100만원 미만,전 체,11449
2026-02,임금대,50~100만원 미만,서울,2341
2026-02,임금대,50~100만원 미만,부산,1476
2026-02,임금대,50~100만원 미만,대구,940
2026-02,임금대,50~100만원 미만,인천,1148
2026-02,임금대,50~100만원 미만,광주,36
2026-02,임금대,50~100만원 미만,대전,37
2026-02,임금대,50~100만원 미만,울산,222
2026-02,임금대,50~100만원 미만,세종시,16
2026-02,임금대,50~100만원 미만,경기도,3308
2026-02,임금대,50~100만원 미만,강원도,143
2026-02,임금대,50~100만원 미만,충청북도,33
2026-02,임금대,50~100만원 미만,충청남도,123
2026-02,임금대,50~100만원 미만,전라북도,393
2026-02,임금대,50~100만원 미만,전라남도,127
2026-02,임금대,50~100만원 미만,경상북도,355
2026-02,임금대,50~100만원 미만,경상남도,737
2026-02,임금대,50~100만원 미만,제주도,14
2026-02,임금대,100~150만원 미만,전 체,5393
2026-02,임금대,100~150만원 미만,서울,1286
2026-02,임금대,100~150만원 미만,부산,482
2026-02,임금대,100~150만원 미만,대구,204
2026-02,임금대,100~150만원 미만,인천,261
2026-02,임금대,100~150만원 미만,광주,79
2026-02,임금대,100~150만원 미만,대전,61
2026-02,임금대,100~150만원 미만,울산,78
2026-02,임금대,100~150만원 미만,세종시,48
2026-02,임금대,100~150만원 미만,경기도,1311
2026-02,임금대,100~150만원 미만,강원도,181
2026-02,임금대,100~150만원 미만,충청북도,109
2026-02,임금대,100~150만원 미만,충청남도,99
2026-02,임금대,100~150만원 미만,전라북도,382
2026-02,임금대,100~150만원 미만,전라남도,234
2026-02,임금대,100~150만원 미만,경상북도,225
2026-02,임금대,100~150만원 미만,경상남도,328
2026-02,임금대,100~150만원 미만,제주도,25
2026-02,임금대,150~200만원 미만,전 체,4265
2026-02,임금대,150~200만원 미만,서울,1106
2026-02,임금대,150~200만원 미만,부산,365
2026-02,임금대,150~200만원 미만,대구,152
2026-02,임금대,150~200만원 미만,인천,391
2026-02,임금대,150~200만원 미만,광주,75
2026-02,임금대,150~200만원 미만,대전,57
2026-02,임금대,150~200만원 미만,울산,58
2026-02,임금대,150~200만원 미만,세종시,17
2026-02,임금대,150~200만원 미만,경기도,1132
2026-02,임금대,150~200만원 미만,강원도,63
2026-02,임금대,150~200만원 미만,충청북도,71
2026-02,임금대,150~200만원 미만,충청남도,159
2026-02,임금대,150~200만원 미만,전라북도,178
2026-02,임금대,150~200만원 미만,전라남도,75
2026-02,임금대,150~200만원 미만,경상북도,81
2026-02,임금대,150~200만원 미만,경상남도,188
2026-02,임금대,150~200만원 미만,제주도,97
2026-02,임금대,200~250만원 미만,전 체,59659
2026-02,임금대,200~250만원 미만,서울,7195
2026-02,임금대,200~250만원 미만,부산,3674
2026-02,임금대,200~250만원 미만,대구,2171
2026-02,임금대,200~250만원 미만,인천,3180
2026-02,임금대,200~250만원 미만,광주,1123
2026-02,임금대,200~250만원 미만,대전,1039
2026-02,임금대,200~250만원 미만,울산,1432
2026-02,임금대,200~250만원 미만,세종시,330
2026-02,임금대,200~250만원 미만,경기도,15799
2026-02,임금대,200~250만원 미만,강원도,1626
2026-02,임금대,200~250만원 미만,충청북도,2893
2026-02,임금대,200~250만원 미만,충청남도,3578
2026-02,임금대,200~250만원 미만,전라북도,3090
2026-02,임금대,200~250만원 미만,전라남도,2730
2026-02,임금대,200~250만원 미만,경상북도,3967
2026-02,임금대,200~250만원 미만,경상남도,5296
2026-02,임금대,200~250만원 미만,제주도,536
2026-02,임금대,250만원 이상,전 체,45499
2026-02,임금대,250만원 이상,서울,7315
2026-02,임금대,250만원 이상,부산,2419
2026-02,임금대,250만원 이상,대구,1387
2026-02,임금대,250만원 이상,인천,2319
2026-02,임금대,250만원 이상,광주,884
2026-02,임금대,250만원 이상,대전,643
2026-02,임금대,250만원 이상,울산,923
2026-02,임금대,250만원 이상,세종시,241
2026-02,임금대,250만원 이상,경기도,12639
2026-02,임금대,250만원 이상,강원도,1206
2026-02,임금대,250만원 이상,충청북도,1888
2026-02,임금대,250만원 이상,충청남도,2530
2026-02,임금대,250만원 이상,전라북도,1767
2026-02,임금대,250만원 이상,전라남도,1948
2026-02,임금대,250만원 이상,경상북도,2803
2026-02,임금대,250만원 이상,경상남도,4175
2026-02,임금대,250만원 이상,제주도,412
2026-03,형태,기간의 정함이 없는 근로계약(시간제),전 체,20531
2026-03,형태,기간의 정함이 없는 근로계약(시간제),서울,3648
2026-03,형태,기간의 정함이 없는 근로계약(시간제),부산,2793
2026-03,형태,기간의 정함이 없는 근로계약(시간제),대구,1587
2026-03,형태,기간의 정함이 없는 근로계약(시간제),인천,2038
2026-03,형태,기간의 정함이 없는 근로계약(시간제),광주,114
2026-03,형태,기간의 정함이 없는 근로계약(시간제),대전,86
2026-03,형태,기간의 정함이 없는 근로계약(시간제),울산,443
2026-03,형태,기간의 정함이 없는 근로계약(시간제),세종시,36
2026-03,형태,기간의 정함이 없는 근로계약(시간제),경기도,6008
2026-03,형태,기간의 정함이 없는 근로계약(시간제),강원도,219
2026-03,형태,기간의 정함이 없는 근로계약(시간제),충청북도,105
2026-03,형태,기간의 정함이 없는 근로계약(시간제),충청남도,241
2026-03,형태,기간의 정함이 없는 근로계약(시간제),전라북도,780
2026-03,형태,기간의 정함이 없는 근로계약(시간제),전라남도,287
2026-03,형태,기간의 정함이 없는 근로계약(시간제),경상북도,622
2026-03,형태,기간의 정함이 없는 근로계약(시간제),경상남도,1496
2026-03,형태,기간의 정함이 없는 근로계약(시간제),제주도,28
2026-03,형태,기간의 정함이 있는 근로계약,전 체,51801
2026-03,형태,기간의 정함이 있는 근로계약,서울,14704
2026-03,형태,기간의 정함이 있는 근로계약,부산,3245
2026-03,형태,기간의 정함이 있는 근로계약,대구,1825
2026-03,형태,기간의 정함이 있는 근로계약,인천,2310
2026-03,형태,기간의 정함이 있는 근로계약,광주,827
2026-03,형태,기간의 정함이 있는 근로계약,대전,1137
2026-03,형태,기간의 정함이 있는 근로계약,울산,777
2026-03,형태,기간의 정함이 있는 근로계약,세종시,242
2026-03,형태,기간의 정함이 있는 근로계약,경기도,12023
2026-03,형태,기간의 정함이 있는 근로계약,강원도,1540
2026-03,형태,기간의 정함이 있는 근로계약,충청북도,1744
2026-03,형태,기간의 정함이 있는 근로계약,충청남도,2071
2026-03,형태,기간의 정함이 있는 근로계약,전라북도,2140
2026-03,형태,기간의 정함이 있는 근로계약,전라남도,1631
2026-03,형태,기간의 정함이 있는 근로계약,경상북도,2227
2026-03,형태,기간의 정함이 있는 근로계약,경상남도,2924
2026-03,형태,기간의 정함이 있는 근로계약,제주도,434
2026-03,형태,기간의 정함이 있는 근로계약(시간제),전 체,5392
2026-03,형태,기간의 정함이 있는 근로계약(시간제),서울,1562
2026-03,형태,기간의 정함이 있는 근로계약(시간제),부산,449
2026-03,형태,기간의 정함이 있는 근로계약(시간제),대구,292
2026-03,형태,기간의 정함이 있는 근로계약(시간제),인천,314
2026-03,형태,기간의 정함이 있는 근로계약(시간제),광주,62
2026-03,형태,기간의 정함이 있는 근로계약(시간제),대전,38
2026-03,형태,기간의 정함이 있는 근로계약(시간제),울산,77
2026-03,형태,기간의 정함이 있는 근로계약(시간제),세종시,14
2026-03,형태,기간의 정함이 있는 근로계약(시간제),경기도,1273
2026-03,형태,기간의 정함이 있는 근로계약(시간제),강원도,98
2026-03,형태,기간의 정함이 있는 근로계약(시간제),충청북도,163
2026-03,형태,기간의 정함이 있는 근로계약(시간제),충청남도,144
2026-03,형태,기간의 정함이 있는 근로계약(시간제),전라북도,165
2026-03,형태,기간의 정함이 있는 근로계약(시간제),전라남도,148
2026-03,형태,기간의 정함이 있는 근로계약(시간제),경상북도,168
2026-03,형태,기간의 정함이 있는 근로계약(시간제),경상남도,390
2026-03,형태,기간의 정함이 있는 근로계약(시간제),제주도,35
2026-03,형태,일용직,전 체,193
2026-03,형태,일용직,서울,76
2026-03,형태,일용직,부산,1
2026-03,형태,일용직,대구,0
2026-03,형태,일용직,인천,3
2026-03,형태,일용직,광주,0
2026-03,형태,일용직,대전,10
2026-03,형태,일용직,울산,0
2026-03,형태,일용직,세종시,18
2026-03,형태,일용직,경기도,28
2026-03,형태,일용직,강원도,0
2026-03,형태,일용직,충청북도,2
2026-03,형태,일용직,충청남도,1
2026-03,형태,일용직,전라북도,28
2026-03,형태,일용직,전라남도,23
2026-03,형태,일용직,경상북도,3
2026-03,형태,일용직,경상남도,0
2026-03,형태,일용직,제주도,0
2026-03,학력,초졸 이하,전 체,70
2026-03,학력,초졸 이하,서울,10
2026-03,학력,초졸 이하,부산,7
2026-03,학력,초졸 이하,대구,4
2026-03,학력,초졸 이하,인천,20
2026-03,학력,초졸 이하,광주,0
2026-03,학력,초졸 이하,대전,0
2026-03,학력,초졸 이하,울산,0
2026-03,학력,초졸 이하,세종시,1
2026-03,학력,초졸 이하,경기도,10
2026-03,학력,초졸 이하,강원도,0
2026-03,학력,초졸 이하,충청북도,4
2026-03,학력,초졸 이하,충청남도,6
2026-03,학력,초졸 이하,전라북도,3
2026-03,학력,초졸 이하,전라남도,2
2026-03,학력,초졸 이하,경상북도,0
2026-03,학력,초졸 이하,경상남도,1
2026-03,학력,초졸 이하,제주도,2
2026-03,학력,중졸,전 체,344
2026-03,학력,중졸,서울,62
2026-03,학력,중졸,부산,16
2026-03,학력,중졸,대구,13
2026-03,학력,중졸,인천,34
2026-03,학력,중졸,광주,2
2026-03,학력,중졸,대전,4
2026-03,학력,중졸,울산,1
2026-03,학력,중졸,세종시,0
2026-03,학력,중졸,경기도,86
2026-03,학력,중졸,강원도,3
2026-03,학력,중졸,충청북도,22
2026-03,학력,중졸,충청남도,34
2026-03,학력,중졸,전라북도,5
2026-03,학력,중졸,전라남도,18
2026-03,학력,중졸,경상북도,24
2026-03,학력,중졸,경상남도,19
2026-03,학력,중졸,제주도,1
2026-03,학력,고졸,전 체,7347
2026-03,학력,고졸,서울,1178
2026-03,학력,고졸,부산,270
2026-03,학력,고졸,대구,174
2026-03,학력,고졸,인천,367
2026-03,학력,고졸,광주,68
2026-03,학력,고졸,대전,98
2026-03,학력,고졸,울산,73
2026-03,학력,고졸,세종시,13
2026-03,학력,고졸,경기도,2351
2026-03,학력,고졸,강원도,151
2026-03,학력,고졸,충청북도,496
2026-03,학력,고졸,충청남도,632
2026-03,학력,고졸,전라북도,268
2026-03,학력,고졸,전라남도,278
2026-03,학력,고졸,경상북도,440
2026-03,학력,고졸,경상남도,453
2026-03,학력,고졸,제주도,37
2026-03,학력,전문대졸,전 체,4321
2026-03,학력,전문대졸,서울,535
2026-03,학력,전문대졸,부산,241
2026-03,학력,전문대졸,대구,234
2026-03,학력,전문대졸,인천,105
2026-03,학력,전문대졸,광주,139
2026-03,학력,전문대졸,대전,105
2026-03,학력,전문대졸,울산,60
2026-03,학력,전문대졸,세종시,16
2026-03,학력,전문대졸,경기도,972
2026-03,학력,전문대졸,강원도,173
2026-03,학력,전문대졸,충청북도,192
2026-03,학력,전문대졸,충청남도,199
2026-03,학력,전문대졸,전라북도,261
2026-03,학력,전문대졸,전라남도,313
2026-03,학력,전문대졸,경상북도,361
2026-03,학력,전문대졸,경상남도,374
2026-03,학력,전문대졸,제주도,41
2026-03,학력,대졸,전 체,1373
2026-03,학력,대졸,서울,186
2026-03,학력,대졸,부산,137
2026-03,학력,대졸,대구,83
2026-03,학력,대졸,인천,34
2026-03,학력,대졸,광주,42
2026-03,학력,대졸,대전,106
2026-03,학력,대졸,울산,15
2026-03,학력,대졸,세종시,5
2026-03,학력,대졸,경기도,212
2026-03,학력,대졸,강원도,83
2026-03,학력,대졸,충청북도,68
2026-03,학력,대졸,충청남도,46
2026-03,학력,대졸,전라북도,67
2026-03,학력,대졸,전라남도,90
2026-03,학력,대졸,경상북도,87
2026-03,학력,대졸,경상남도,91
2026-03,학력,대졸,제주도,21
2026-03,학력,대학원졸 이상,전 체,94
2026-03,학력,대학원졸 이상,서울,17
2026-03,학력,대학원졸 이상,부산,3
2026-03,학력,대학원졸 이상,대구,0
2026-03,학력,대학원졸 이상,인천,2
2026-03,학력,대학원졸 이상,광주,0
2026-03,학력,대학원졸 이상,대전,19
2026-03,학력,대학원졸 이상,울산,2
2026-03,학력,대학원졸 이상,세종시,4
2026-03,학력,대학원졸 이상,경기도,5
2026-03,학력,대학원졸 이상,강원도,3
2026-03,학력,대학원졸 이상,충청북도,4
2026-03,학력,대학원졸 이상,충청남도,4
2026-03,학력,대학원졸 이상,전라북도,9
2026-03,학력,대학원졸 이상,전라남도,6
2026-03,학력,대학원졸 이상,경상북도,2
2026-03,학력,대학원졸 이상,경상남도,14
2026-03,학력,대학원졸 이상,제주도,0
2026-03,학력,무관,전 체,157313
2026-03,학력,무관,서울,25467
2026-03,학력,무관,부산,11057
2026-03,학력,무관,대구,6320
2026-03,학력,무관,인천,8745
2026-03,학력,무관,광주,2624
2026-03,학력,무관,대전,2196
2026-03,학력,무관,울산,3924
2026-03,학력,무관,세종시,999
2026-03,학력,무관,경기도,42596
2026-03,학력,무관,강원도,3623
2026-03,학력,무관,충청북도,6089
2026-03,학력,무관,충청남도,7549
2026-03,학력,무관,전라북도,6843
2026-03,학력,무관,전라남도,5997
2026-03,학력,무관,경상북도,8423
2026-03,학력,무관,경상남도,13752
2026-03,학력,무관,제주도,1109
2026-03,임금대,50만원 미만,전 체,2696
2026-03,임금대,50만원 미만,서울,303
2026-03,임금대,50만원 미만,부산,432
2026-03,임금대,50만원 미만,대구,254
2026-03,임금대,50만원 미만,인천,317
2026-03,임금대,50만원 미만,광주,15
2026-03,임금대,50만원 미만,대전,3
2026-03,임금대,50만원 미만,울산,90
2026-03,임금대,50만원 미만,세종시,9
2026-03,임금대,50만원 미만,경기도,890
2026-03,임금대,50만원 미만,강원도,6
2026-03,임금대,50만원 미만,충청북도,16
2026-03,임금대,50만원 미만,충청남도,10
2026-03,임금대,50만원 미만,전라북도,73
2026-03,임금대,50만원 미만,전라남도,15
2026-03,임금대,50만원 미만,경상북도,87
2026-03,임금대,50만원 미만,경상남도,174
2026-03,임금대,50만원 미만,제주도,2
2026-03,임금대,50~100만원 미만,전 체,14356
2026-03,임금대,50~100만원 미만,서울,3009
2026-03,임금대,50~100만원 미만,부산,1920
2026-03,임금대,50~100만원 미만,대구,1238
2026-03,임금대,50~100만원 미만,인천,1421
2026-03,임금대,50~100만원 미만,광주,66
2026-03,임금대,50~100만원 미만,대전,64
2026-03,임금대,50~100만원 미만,울산,292
2026-03,임금대,50~100만원 미만,세종시,24
2026-03,임금대,50~100만원 미만,경기도,4182
2026-03,임금대,50~100만원 미만,강원도,148
2026-03,임금대,50~100만원 미만,충청북도,104
2026-03,임금대,50~100만원 미만,충청남도,102
2026-03,임금대,50~100만원 미만,전라북도,390
2026-03,임금대,50~100만원 미만,전라남도,140
2026-03,임금대,50~100만원 미만,경상북도,421
2026-03,임금대,50~100만원 미만,경상남도,829
2026-03,임금대,50~100만원 미만,제주도,6
2026-03,임금대,100~150만원 미만,전 체,6802
2026-03,임금대,100~150만원 미만,서울,1755
2026-03,임금대,100~150만원 미만,부산,687
2026-03,임금대,100~150만원 미만,대구,256
2026-03,임금대,100~150만원 미만,인천,383
2026-03,임금대,100~150만원 미만,광주,63
2026-03,임금대,100~150만원 미만,대전,53
2026-03,임금대,100~150만원 미만,울산,133
2026-03,임금대,100~150만원 미만,세종시,16
2026-03,임금대,100~150만원 미만,경기도,1593
2026-03,임금대,100~150만원 미만,강원도,163
2026-03,임금대,100~150만원 미만,충청북도,142
2026-03,임금대,100~150만원 미만,충청남도,164
2026-03,임금대,100~150만원 미만,전라북도,395
2026-03,임금대,100~150만원 미만,전라남도,218
2026-03,임금대,100~150만원 미만,경상북도,254
2026-03,임금대,100~150만원 미만,경상남도,486
2026-03,임금대,100~150만원 미만,제주도,41
2026-03,임금대,150~200만원 미만,전 체,5862
2026-03,임금대,150~200만원 미만,서울,1843
2026-03,임금대,150~200만원 미만,부산,448
2026-03,임금대,150~200만원 미만,대구,256
2026-03,임금대,150~200만원 미만,인천,401
2026-03,임금대,150~200만원 미만,광주,114
2026-03,임금대,150~200만원 미만,대전,90
2026-03,임금대,150~200만원 미만,울산,60
2026-03,임금대,150~200만원 미만,세종시,30
2026-03,임금대,150~200만원 미만,경기도,1617
2026-03,임금대,150~200만원 미만,강원도,54
2026-03,임금대,150~200만원 미만,충청북도,86
2026-03,임금대,150~200만원 미만,충청남도,148
2026-03,임금대,150~200만원 미만,전라북도,142
2026-03,임금대,150~200만원 미만,전라남도,94
2026-03,임금대,150~200만원 미만,경상북도,137
2026-03,임금대,150~200만원 미만,경상남도,307
2026-03,임금대,150~200만원 미만,제주도,35
2026-03,임금대,200~250만원 미만,전 체,80585
2026-03,임금대,200~250만원 미만,서울,10786
2026-03,임금대,200~250만원 미만,부산,4876
2026-03,임금대,200~250만원 미만,대구,2963
2026-03,임금대,200~250만원 미만,인천,4096
2026-03,임금대,200~250만원 미만,광주,1527
2026-03,임금대,200~250만원 미만,대전,1410
2026-03,임금대,200~250만원 미만,울산,2126
2026-03,임금대,200~250만원 미만,세종시,540
2026-03,임금대,200~250만원 미만,경기도,20675
2026-03,임금대,200~250만원 미만,강원도,2180
2026-03,임금대,200~250만원 미만,충청북도,3869
2026-03,임금대,200~250만원 미만,충청남도,4582
2026-03,임금대,200~250만원 미만,전라북도,4270
2026-03,임금대,200~250만원 미만,전라남도,3668
2026-03,임금대,200~250만원 미만,경상북도,4961
2026-03,임금대,200~250만원 미만,경상남도,7427
2026-03,임금대,200~250만원 미만,제주도,629
2026-03,임금대,250만원 이상,전 체,60561
2026-03,임금대,250만원 이상,서울,9759
2026-03,임금대,250만원 이상,부산,3368
2026-03,임금대,250만원 이상,대구,1861
2026-03,임금대,250만원 이상,인천,2689
2026-03,임금대,250만원 이상,광주,1090
2026-03,임금대,250만원 이상,대전,908
2026-03,임금대,250만원 이상,울산,1374
2026-03,임금대,250만원 이상,세종시,419
2026-03,임금대,250만원 이상,경기도,17275
2026-03,임금대,250만원 이상,강원도,1485
2026-03,임금대,250만원 이상,충청북도,2658
2026-03,임금대,250만원 이상,충청남도,3464
2026-03,임금대,250만원 이상,전라북도,2186
2026-03,임금대,250만원 이상,전라남도,2569
2026-03,임금대,250만원 이상,경상북도,3477
2026-03,임금대,250만원 이상,경상남도,5481
2026-03,임금대,250만원 이상,제주도,498
2026-04,형태,기간의 정함이 없는 근로계약(시간제),전 체,20300
2026-04,형태,기간의 정함이 없는 근로계약(시간제),서울,3777
2026-04,형태,기간의 정함이 없는 근로계약(시간제),부산,2757
2026-04,형태,기간의 정함이 없는 근로계약(시간제),대구,1549
2026-04,형태,기간의 정함이 없는 근로계약(시간제),인천,1923
2026-04,형태,기간의 정함이 없는 근로계약(시간제),광주,95
2026-04,형태,기간의 정함이 없는 근로계약(시간제),대전,91
2026-04,형태,기간의 정함이 없는 근로계약(시간제),울산,443
2026-04,형태,기간의 정함이 없는 근로계약(시간제),세종시,47
2026-04,형태,기간의 정함이 없는 근로계약(시간제),경기도,6083
2026-04,형태,기간의 정함이 없는 근로계약(시간제),강원도,181
2026-04,형태,기간의 정함이 없는 근로계약(시간제),충청북도,142
2026-04,형태,기간의 정함이 없는 근로계약(시간제),충청남도,212
2026-04,형태,기간의 정함이 없는 근로계약(시간제),전라북도,771
2026-04,형태,기간의 정함이 없는 근로계약(시간제),전라남도,308
2026-04,형태,기간의 정함이 없는 근로계약(시간제),경상북도,621
2026-04,형태,기간의 정함이 없는 근로계약(시간제),경상남도,1239
2026-04,형태,기간의 정함이 없는 근로계약(시간제),제주도,61
2026-04,형태,기간의 정함이 있는 근로계약,전 체,48327
2026-04,형태,기간의 정함이 있는 근로계약,서울,13588
2026-04,형태,기간의 정함이 있는 근로계약,부산,3379
2026-04,형태,기간의 정함이 있는 근로계약,대구,1579
2026-04,형태,기간의 정함이 있는 근로계약,인천,2354
2026-04,형태,기간의 정함이 있는 근로계약,광주,658
2026-04,형태,기간의 정함이 있는 근로계약,대전,1227
2026-04,형태,기간의 정함이 있는 근로계약,울산,721
2026-04,형태,기간의 정함이 있는 근로계약,세종시,224
2026-04,형태,기간의 정함이 있는 근로계약,경기도,11501
2026-04,형태,기간의 정함이 있는 근로계약,강원도,1700
2026-04,형태,기간의 정함이 있는 근로계약,충청북도,1502
2026-04,형태,기간의 정함이 있는 근로계약,충청남도,1683
2026-04,형태,기간의 정함이 있는 근로계약,전라북도,1733
2026-04,형태,기간의 정함이 있는 근로계약,전라남도,1448
2026-04,형태,기간의 정함이 있는 근로계약,경상북도,2255
2026-04,형태,기간의 정함이 있는 근로계약,경상남도,2435
2026-04,형태,기간의 정함이 있는 근로계약,제주도,340
2026-04,형태,기간의 정함이 있는 근로계약(시간제),전 체,4212
2026-04,형태,기간의 정함이 있는 근로계약(시간제),서울,1444
2026-04,형태,기간의 정함이 있는 근로계약(시간제),부산,391
2026-04,형태,기간의 정함이 있는 근로계약(시간제),대구,190
2026-04,형태,기간의 정함이 있는 근로계약(시간제),인천,310
2026-04,형태,기간의 정함이 있는 근로계약(시간제),광주,53
2026-04,형태,기간의 정함이 있는 근로계약(시간제),대전,47
2026-04,형태,기간의 정함이 있는 근로계약(시간제),울산,47
2026-04,형태,기간의 정함이 있는 근로계약(시간제),세종시,19
2026-04,형태,기간의 정함이 있는 근로계약(시간제),경기도,946
2026-04,형태,기간의 정함이 있는 근로계약(시간제),강원도,80
2026-04,형태,기간의 정함이 있는 근로계약(시간제),충청북도,95
2026-04,형태,기간의 정함이 있는 근로계약(시간제),충청남도,63
2026-04,형태,기간의 정함이 있는 근로계약(시간제),전라북도,132
2026-04,형태,기간의 정함이 있는 근로계약(시간제),전라남도,67
2026-04,형태,기간의 정함이 있는 근로계약(시간제),경상북도,113
2026-04,형태,기간의 정함이 있는 근로계약(시간제),경상남도,207
2026-04,형태,기간의 정함이 있는 근로계약(시간제),제주도,8
2026-04,형태,일용직,전 체,435
2026-04,형태,일용직,서울,201
2026-04,형태,일용직,부산,3
2026-04,형태,일용직,대구,41
2026-04,형태,일용직,인천,4
2026-04,형태,일용직,광주,0
2026-04,형태,일용직,대전,4
2026-04,형태,일용직,울산,0
2026-04,형태,일용직,세종시,2
2026-04,형태,일용직,경기도,86
2026-04,형태,일용직,강원도,3
2026-04,형태,일용직,충청북도,5
2026-04,형태,일용직,충청남도,8
2026-04,형태,일용직,전라북도,54
2026-04,형태,일용직,전라남도,15
2026-04,형태,일용직,경상북도,4
2026-04,형태,일용직,경상남도,5
2026-04,형태,일용직,제주도,0
2026-04,학력,초졸 이하,전 체,72
2026-04,학력,초졸 이하,서울,8
2026-04,학력,초졸 이하,부산,4
2026-04,학력,초졸 이하,대구,4
2026-04,학력,초졸 이하,인천,13
2026-04,학력,초졸 이하,광주,0
2026-04,학력,초졸 이하,대전,1
2026-04,학력,초졸 이하,울산,0
2026-04,학력,초졸 이하,세종시,0
2026-04,학력,초졸 이하,경기도,25
2026-04,학력,초졸 이하,강원도,0
2026-04,학력,초졸 이하,충청북도,6
2026-04,학력,초졸 이하,충청남도,0
2026-04,학력,초졸 이하,전라북도,3
2026-04,학력,초졸 이하,전라남도,5
2026-04,학력,초졸 이하,경상북도,0
2026-04,학력,초졸 이하,경상남도,2
2026-04,학력,초졸 이하,제주도,1
2026-04,학력,중졸,전 체,352
2026-04,학력,중졸,서울,55
2026-04,학력,중졸,부산,22
2026-04,학력,중졸,대구,25
2026-04,학력,중졸,인천,36
2026-04,학력,중졸,광주,3
2026-04,학력,중졸,대전,3
2026-04,학력,중졸,울산,0
2026-04,학력,중졸,세종시,0
2026-04,학력,중졸,경기도,129
2026-04,학력,중졸,강원도,2
2026-04,학력,중졸,충청북도,8
2026-04,학력,중졸,충청남도,17
2026-04,학력,중졸,전라북도,6
2026-04,학력,중졸,전라남도,8
2026-04,학력,중졸,경상북도,22
2026-04,학력,중졸,경상남도,16
2026-04,학력,중졸,제주도,0
2026-04,학력,고졸,전 체,7815
2026-04,학력,고졸,서울,1156
2026-04,학력,고졸,부산,399
2026-04,학력,고졸,대구,259
2026-04,학력,고졸,인천,325
2026-04,학력,고졸,광주,77
2026-04,학력,고졸,대전,188
2026-04,학력,고졸,울산,59
2026-04,학력,고졸,세종시,22
2026-04,학력,고졸,경기도,2471
2026-04,학력,고졸,강원도,199
2026-04,학력,고졸,충청북도,455
2026-04,학력,고졸,충청남도,601
2026-04,학력,고졸,전라북도,324
2026-04,학력,고졸,전라남도,247
2026-04,학력,고졸,경상북도,500
2026-04,학력,고졸,경상남도,501
2026-04,학력,고졸,제주도,32
2026-04,학력,전문대졸,전 체,4292
2026-04,학력,전문대졸,서울,566
2026-04,학력,전문대졸,부산,279
2026-04,학력,전문대졸,대구,176
2026-04,학력,전문대졸,인천,97
2026-04,학력,전문대졸,광주,133
2026-04,학력,전문대졸,대전,105
2026-04,학력,전문대졸,울산,73
2026-04,학력,전문대졸,세종시,14
2026-04,학력,전문대졸,경기도,985
2026-04,학력,전문대졸,강원도,147
2026-04,학력,전문대졸,충청북도,210
2026-04,학력,전문대졸,충청남도,229
2026-04,학력,전문대졸,전라북도,249
2026-04,학력,전문대졸,전라남도,226
2026-04,학력,전문대졸,경상북도,395
2026-04,학력,전문대졸,경상남도,374
2026-04,학력,전문대졸,제주도,34
2026-04,학력,대졸,전 체,1293
2026-04,학력,대졸,서울,196
2026-04,학력,대졸,부산,150
2026-04,학력,대졸,대구,53
2026-04,학력,대졸,인천,47
2026-04,학력,대졸,광주,30
2026-04,학력,대졸,대전,108
2026-04,학력,대졸,울산,14
2026-04,학력,대졸,세종시,5
2026-04,학력,대졸,경기도,202
2026-04,학력,대졸,강원도,57
2026-04,학력,대졸,충청북도,78
2026-04,학력,대졸,충청남도,40
2026-04,학력,대졸,전라북도,62
2026-04,학력,대졸,전라남도,78
2026-04,학력,대졸,경상북도,80
2026-04,학력,대졸,경상남도,75
2026-04,학력,대졸,제주도,18
2026-04,학력,대학원졸 이상,전 체,99
2026-04,학력,대학원졸 이상,서울,24
2026-04,학력,대학원졸 이상,부산,9
2026-04,학력,대학원졸 이상,대구,1
2026-04,학력,대학원졸 이상,인천,3
2026-04,학력,대학원졸 이상,광주,2
2026-04,학력,대학원졸 이상,대전,13
2026-04,학력,대학원졸 이상,울산,1
2026-04,학력,대학원졸 이상,세종시,0
2026-04,학력,대학원졸 이상,경기도,14
2026-04,학력,대학원졸 이상,강원도,5
2026-04,학력,대학원졸 이상,충청북도,6
2026-04,학력,대학원졸 이상,충청남도,4
2026-04,학력,대학원졸 이상,전라북도,6
2026-04,학력,대학원졸 이상,전라남도,6
2026-04,학력,대학원졸 이상,경상북도,1
2026-04,학력,대학원졸 이상,경상남도,4
2026-04,학력,대학원졸 이상,제주도,0
2026-04,학력,무관,전 체,160072
2026-04,학력,무관,서울,25050
2026-04,학력,무관,부산,10611
2026-04,학력,무관,대구,5971
2026-04,학력,무관,인천,9363
2026-04,학력,무관,광주,2390
2026-04,학력,무관,대전,2225
2026-04,학력,무관,울산,3840
2026-04,학력,무관,세종시,802
2026-04,학력,무관,경기도,44383
2026-04,학력,무관,강원도,4007
2026-04,학력,무관,충청북도,5684
2026-04,학력,무관,충청남도,7733
2026-04,학력,무관,전라북도,7136
2026-04,학력,무관,전라남도,7148
2026-04,학력,무관,경상북도,9121
2026-04,학력,무관,경상남도,13362
2026-04,학력,무관,제주도,1246
2026-04,임금대,50만원 미만,전 체,2622
2026-04,임금대,50만원 미만,서울,301
2026-04,임금대,50만원 미만,부산,454
2026-04,임금대,50만원 미만,대구,266
2026-04,임금대,50만원 미만,인천,296
2026-04,임금대,50만원 미만,광주,3
2026-04,임금대,50만원 미만,대전,2
2026-04,임금대,50만원 미만,울산,91
2026-04,임금대,50만원 미만,세종시,6
2026-04,임금대,50만원 미만,경기도,845
2026-04,임금대,50만원 미만,강원도,17
2026-04,임금대,50만원 미만,충청북도,5
2026-04,임금대,50만원 미만,충청남도,22
2026-04,임금대,50만원 미만,전라북도,83
2026-04,임금대,50만원 미만,전라남도,25
2026-04,임금대,50만원 미만,경상북도,92
2026-04,임금대,50만원 미만,경상남도,112
2026-04,임금대,50만원 미만,제주도,2
2026-04,임금대,50~100만원 미만,전 체,14055
2026-04,임금대,50~100만원 미만,서울,3005
2026-04,임금대,50~100만원 미만,부산,1869
2026-04,임금대,50~100만원 미만,대구,1136
2026-04,임금대,50~100만원 미만,인천,1361
2026-04,임금대,50~100만원 미만,광주,59
2026-04,임금대,50~100만원 미만,대전,34
2026-04,임금대,50~100만원 미만,울산,289
2026-04,임금대,50~100만원 미만,세종시,39
2026-04,임금대,50~100만원 미만,경기도,4222
2026-04,임금대,50~100만원 미만,강원도,141
2026-04,임금대,50~100만원 미만,충청북도,55
2026-04,임금대,50~100만원 미만,충청남도,120
2026-04,임금대,50~100만원 미만,전라북도,400
2026-04,임금대,50~100만원 미만,전라남도,122
2026-04,임금대,50~100만원 미만,경상북도,406
2026-04,임금대,50~100만원 미만,경상남도,788
2026-04,임금대,50~100만원 미만,제주도,9
2026-04,임금대,100~150만원 미만,전 체,6204
2026-04,임금대,100~150만원 미만,서울,1791
2026-04,임금대,100~150만원 미만,부산,763
2026-04,임금대,100~150만원 미만,대구,236
2026-04,임금대,100~150만원 미만,인천,275
2026-04,임금대,100~150만원 미만,광주,65
2026-04,임금대,100~150만원 미만,대전,210
2026-04,임금대,100~150만원 미만,울산,92
2026-04,임금대,100~150만원 미만,세종시,24
2026-04,임금대,100~150만원 미만,경기도,1392
2026-04,임금대,100~150만원 미만,강원도,132
2026-04,임금대,100~150만원 미만,충청북도,150
2026-04,임금대,100~150만원 미만,충청남도,101
2026-04,임금대,100~150만원 미만,전라북도,317
2026-04,임금대,100~150만원 미만,전라남도,144
2026-04,임금대,100~150만원 미만,경상북도,171
2026-04,임금대,100~150만원 미만,경상남도,321
2026-04,임금대,100~150만원 미만,제주도,20
2026-04,임금대,150~200만원 미만,전 체,5347
2026-04,임금대,150~200만원 미만,서울,1563
2026-04,임금대,150~200만원 미만,부산,374
2026-04,임금대,150~200만원 미만,대구,219
2026-04,임금대,150~200만원 미만,인천,410
2026-04,임금대,150~200만원 미만,광주,70
2026-04,임금대,150~200만원 미만,대전,203
2026-04,임금대,150~200만원 미만,울산,65
2026-04,임금대,150~200만원 미만,세종시,16
2026-04,임금대,150~200만원 미만,경기도,1360
2026-04,임금대,150~200만원 미만,강원도,49
2026-04,임금대,150~200만원 미만,충청북도,99
2026-04,임금대,150~200만원 미만,충청남도,259
2026-04,임금대,150~200만원 미만,전라북도,162
2026-04,임금대,150~200만원 미만,전라남도,100
2026-04,임금대,150~200만원 미만,경상북도,111
2026-04,임금대,150~200만원 미만,경상남도,198
2026-04,임금대,150~200만원 미만,제주도,89
2026-04,임금대,200~250만원 미만,전 체,86003
2026-04,임금대,200~250만원 미만,서울,10920
2026-04,임금대,200~250만원 미만,부산,4525
2026-04,임금대,200~250만원 미만,대구,2986
2026-04,임금대,200~250만원 미만,인천,4877
2026-04,임금대,200~250만원 미만,광주,1369
2026-04,임금대,200~250만원 미만,대전,1234
2026-04,임금대,200~250만원 미만,울산,2112
2026-04,임금대,200~250만원 미만,세종시,443
2026-04,임금대,200~250만원 미만,경기도,22979
2026-04,임금대,200~250만원 미만,강원도,2515
2026-04,임금대,200~250만원 미만,충청북도,3559
2026-04,임금대,200~250만원 미만,충청남도,5044
2026-04,임금대,200~250만원 미만,전라북도,4719
2026-04,임금대,200~250만원 미만,전라남도,4760
2026-04,임금대,200~250만원 미만,경상북도,5755
2026-04,임금대,200~250만원 미만,경상남도,7485
2026-04,임금대,200~250만원 미만,제주도,721
2026-04,임금대,250만원 이상,전 체,59764
2026-04,임금대,250만원 이상,서울,9475
2026-04,임금대,250만원 이상,부산,3489
2026-04,임금대,250만원 이상,대구,1646
2026-04,임금대,250만원 이상,인천,2665
2026-04,임금대,250만원 이상,광주,1069
2026-04,임금대,250만원 이상,대전,960
2026-04,임금대,250만원 이상,울산,1338
2026-04,임금대,250만원 이상,세종시,315
2026-04,임금대,250만원 이상,경기도,17411
2026-04,임금대,250만원 이상,강원도,1563
2026-04,임금대,250만원 이상,충청북도,2579
2026-04,임금대,250만원 이상,충청남도,3078
2026-04,임금대,250만원 이상,전라북도,2105
2026-04,임금대,250만원 이상,전라남도,2567
2026-04,임금대,250만원 이상,경상북도,3584
2026-04,임금대,250만원 이상,경상남도,5430
2026-04,임금대,250만원 이상,제주도,490
2026-05,형태,기간의 정함이 없는 근로계약(시간제),전 체,19017
2026-05,형태,기간의 정함이 없는 근로계약(시간제),서울,3434
2026-05,형태,기간의 정함이 없는 근로계약(시간제),부산,2568
2026-05,형태,기간의 정함이 없는 근로계약(시간제),대구,1635
2026-05,형태,기간의 정함이 없는 근로계약(시간제),인천,1818
2026-05,형태,기간의 정함이 없는 근로계약(시간제),광주,108
2026-05,형태,기간의 정함이 없는 근로계약(시간제),대전,102
2026-05,형태,기간의 정함이 없는 근로계약(시간제),울산,388
2026-05,형태,기간의 정함이 없는 근로계약(시간제),세종시,29
2026-05,형태,기간의 정함이 없는 근로계약(시간제),경기도,5713
2026-05,형태,기간의 정함이 없는 근로계약(시간제),강원도,243
2026-05,형태,기간의 정함이 없는 근로계약(시간제),충청북도,118
2026-05,형태,기간의 정함이 없는 근로계약(시간제),충청남도,159
2026-05,형태,기간의 정함이 없는 근로계약(시간제),전라북도,636
2026-05,형태,기간의 정함이 없는 근로계약(시간제),전라남도,308
2026-05,형태,기간의 정함이 없는 근로계약(시간제),경상북도,574
2026-05,형태,기간의 정함이 없는 근로계약(시간제),경상남도,1155
2026-05,형태,기간의 정함이 없는 근로계약(시간제),제주도,29
2026-05,형태,기간의 정함이 있는 근로계약,전 체,49141
2026-05,형태,기간의 정함이 있는 근로계약,서울,11900
2026-05,형태,기간의 정함이 있는 근로계약,부산,3173
2026-05,형태,기간의 정함이 있는 근로계약,대구,1960
2026-05,형태,기간의 정함이 있는 근로계약,인천,1957
2026-05,형태,기간의 정함이 있는 근로계약,광주,556
2026-05,형태,기간의 정함이 있는 근로계약,대전,1201
2026-05,형태,기간의 정함이 있는 근로계약,울산,714
2026-05,형태,기간의 정함이 있는 근로계약,세종시,5939
2026-05,형태,기간의 정함이 있는 근로계약,경기도,10241
2026-05,형태,기간의 정함이 있는 근로계약,강원도,1410
2026-05,형태,기간의 정함이 있는 근로계약,충청북도,1188
2026-05,형태,기간의 정함이 있는 근로계약,충청남도,1445
2026-05,형태,기간의 정함이 있는 근로계약,전라북도,1753
2026-05,형태,기간의 정함이 있는 근로계약,전라남도,1143
2026-05,형태,기간의 정함이 있는 근로계약,경상북도,2069
2026-05,형태,기간의 정함이 있는 근로계약,경상남도,2072
2026-05,형태,기간의 정함이 있는 근로계약,제주도,420
2026-05,형태,기간의 정함이 있는 근로계약(시간제),전 체,4384
2026-05,형태,기간의 정함이 있는 근로계약(시간제),서울,1410
2026-05,형태,기간의 정함이 있는 근로계약(시간제),부산,475
2026-05,형태,기간의 정함이 있는 근로계약(시간제),대구,216
2026-05,형태,기간의 정함이 있는 근로계약(시간제),인천,250
2026-05,형태,기간의 정함이 있는 근로계약(시간제),광주,23
2026-05,형태,기간의 정함이 있는 근로계약(시간제),대전,138
2026-05,형태,기간의 정함이 있는 근로계약(시간제),울산,65
2026-05,형태,기간의 정함이 있는 근로계약(시간제),세종시,11
2026-05,형태,기간의 정함이 있는 근로계약(시간제),경기도,923
2026-05,형태,기간의 정함이 있는 근로계약(시간제),강원도,94
2026-05,형태,기간의 정함이 있는 근로계약(시간제),충청북도,79
2026-05,형태,기간의 정함이 있는 근로계약(시간제),충청남도,79
2026-05,형태,기간의 정함이 있는 근로계약(시간제),전라북도,140
2026-05,형태,기간의 정함이 있는 근로계약(시간제),전라남도,109
2026-05,형태,기간의 정함이 있는 근로계약(시간제),경상북도,118
2026-05,형태,기간의 정함이 있는 근로계약(시간제),경상남도,250
2026-05,형태,기간의 정함이 있는 근로계약(시간제),제주도,4
2026-05,형태,일용직,전 체,251
2026-05,형태,일용직,서울,60
2026-05,형태,일용직,부산,4
2026-05,형태,일용직,대구,41
2026-05,형태,일용직,인천,6
2026-05,형태,일용직,광주,1
2026-05,형태,일용직,대전,10
2026-05,형태,일용직,울산,2
2026-05,형태,일용직,세종시,1
2026-05,형태,일용직,경기도,62
2026-05,형태,일용직,강원도,6
2026-05,형태,일용직,충청북도,0
2026-05,형태,일용직,충청남도,5
2026-05,형태,일용직,전라북도,41
2026-05,형태,일용직,전라남도,5
2026-05,형태,일용직,경상북도,2
2026-05,형태,일용직,경상남도,5
2026-05,형태,일용직,제주도,0
2026-05,학력,초졸 이하,전 체,82
2026-05,학력,초졸 이하,서울,7
2026-05,학력,초졸 이하,부산,4
2026-05,학력,초졸 이하,대구,6
2026-05,학력,초졸 이하,인천,23
2026-05,학력,초졸 이하,광주,1
2026-05,학력,초졸 이하,대전,0
2026-05,학력,초졸 이하,울산,5
2026-05,학력,초졸 이하,세종시,0
2026-05,학력,초졸 이하,경기도,18
2026-05,학력,초졸 이하,강원도,0
2026-05,학력,초졸 이하,충청북도,4
2026-05,학력,초졸 이하,충청남도,4
2026-05,학력,초졸 이하,전라북도,2
2026-05,학력,초졸 이하,전라남도,0
2026-05,학력,초졸 이하,경상북도,1
2026-05,학력,초졸 이하,경상남도,5
2026-05,학력,초졸 이하,제주도,2
2026-05,학력,중졸,전 체,280
2026-05,학력,중졸,서울,54
2026-05,학력,중졸,부산,8
2026-05,학력,중졸,대구,12
2026-05,학력,중졸,인천,21
2026-05,학력,중졸,광주,2
2026-05,학력,중졸,대전,0
2026-05,학력,중졸,울산,1
2026-05,학력,중졸,세종시,1
2026-05,학력,중졸,경기도,105
2026-05,학력,중졸,강원도,1
2026-05,학력,중졸,충청북도,7
2026-05,학력,중졸,충청남도,18
2026-05,학력,중졸,전라북도,14
2026-05,학력,중졸,전라남도,5
2026-05,학력,중졸,경상북도,14
2026-05,학력,중졸,경상남도,12
2026-05,학력,중졸,제주도,5
2026-05,학력,고졸,전 체,6237
2026-05,학력,고졸,서울,788
2026-05,학력,고졸,부산,193
2026-05,학력,고졸,대구,241
2026-05,학력,고졸,인천,243
2026-05,학력,고졸,광주,77
2026-05,학력,고졸,대전,102
2026-05,학력,고졸,울산,71
2026-05,학력,고졸,세종시,19
2026-05,학력,고졸,경기도,1898
2026-05,학력,고졸,강원도,196
2026-05,학력,고졸,충청북도,521
2026-05,학력,고졸,충청남도,675
2026-05,학력,고졸,전라북도,284
2026-05,학력,고졸,전라남도,174
2026-05,학력,고졸,경상북도,368
2026-05,학력,고졸,경상남도,366
2026-05,학력,고졸,제주도,21
2026-05,학력,전문대졸,전 체,3566
2026-05,학력,전문대졸,서울,391
2026-05,학력,전문대졸,부산,218
2026-05,학력,전문대졸,대구,185
2026-05,학력,전문대졸,인천,100
2026-05,학력,전문대졸,광주,110
2026-05,학력,전문대졸,대전,118
2026-05,학력,전문대졸,울산,98
2026-05,학력,전문대졸,세종시,26
2026-05,학력,전문대졸,경기도,781
2026-05,학력,전문대졸,강원도,119
2026-05,학력,전문대졸,충청북도,158
2026-05,학력,전문대졸,충청남도,179
2026-05,학력,전문대졸,전라북도,212
2026-05,학력,전문대졸,전라남도,215
2026-05,학력,전문대졸,경상북도,334
2026-05,학력,전문대졸,경상남도,289
2026-05,학력,전문대졸,제주도,33
2026-05,학력,대졸,전 체,1187
2026-05,학력,대졸,서울,171
2026-05,학력,대졸,부산,83
2026-05,학력,대졸,대구,44
2026-05,학력,대졸,인천,30
2026-05,학력,대졸,광주,32
2026-05,학력,대졸,대전,93
2026-05,학력,대졸,울산,11
2026-05,학력,대졸,세종시,6
2026-05,학력,대졸,경기도,202
2026-05,학력,대졸,강원도,74
2026-05,학력,대졸,충청북도,78
2026-05,학력,대졸,충청남도,53
2026-05,학력,대졸,전라북도,87
2026-05,학력,대졸,전라남도,60
2026-05,학력,대졸,경상북도,76
2026-05,학력,대졸,경상남도,83
2026-05,학력,대졸,제주도,4
2026-05,학력,대학원졸 이상,전 체,81
2026-05,학력,대학원졸 이상,서울,7
2026-05,학력,대학원졸 이상,부산,8
2026-05,학력,대학원졸 이상,대구,0
2026-05,학력,대학원졸 이상,인천,1
2026-05,학력,대학원졸 이상,광주,2
2026-05,학력,대학원졸 이상,대전,33
2026-05,학력,대학원졸 이상,울산,0
2026-05,학력,대학원졸 이상,세종시,0
2026-05,학력,대학원졸 이상,경기도,3
2026-05,학력,대학원졸 이상,강원도,3
2026-05,학력,대학원졸 이상,충청북도,2
2026-05,학력,대학원졸 이상,충청남도,1
2026-05,학력,대학원졸 이상,전라북도,5
2026-05,학력,대학원졸 이상,전라남도,6
2026-05,학력,대학원졸 이상,경상북도,5
2026-05,학력,대학원졸 이상,경상남도,5
2026-05,학력,대학원졸 이상,제주도,0
2026-05,학력,무관,전 체,141307
2026-05,학력,무관,서울,22340
2026-05,학력,무관,부산,10078
2026-05,학력,무관,대구,6181
2026-05,학력,무관,인천,7565
2026-05,학력,무관,광주,1926
2026-05,학력,무관,대전,2135
2026-05,학력,무관,울산,3187
2026-05,학력,무관,세종시,6502
2026-05,학력,무관,경기도,36985
2026-05,학력,무관,강원도,3213
2026-05,학력,무관,충청북도,4838
2026-05,학력,무관,충청남도,5869
2026-05,학력,무관,전라북도,5875
2026-05,학력,무관,전라남도,4796
2026-05,학력,무관,경상북도,7897
2026-05,학력,무관,경상남도,10955
2026-05,학력,무관,제주도,965
2026-05,임금대,50만원 미만,전 체,2519
2026-05,임금대,50만원 미만,서울,307
2026-05,임금대,50만원 미만,부산,428
2026-05,임금대,50만원 미만,대구,284
2026-05,임금대,50만원 미만,인천,282
2026-05,임금대,50만원 미만,광주,11
2026-05,임금대,50만원 미만,대전,0
2026-05,임금대,50만원 미만,울산,68
2026-05,임금대,50만원 미만,세종시,5
2026-05,임금대,50만원 미만,경기도,815
2026-05,임금대,50만원 미만,강원도,11
2026-05,임금대,50만원 미만,충청북도,1
2026-05,임금대,50만원 미만,충청남도,9
2026-05,임금대,50만원 미만,전라북도,71
2026-05,임금대,50만원 미만,전라남도,18
2026-05,임금대,50만원 미만,경상북도,76
2026-05,임금대,50만원 미만,경상남도,130
2026-05,임금대,50만원 미만,제주도,3
2026-05,임금대,50~100만원 미만,전 체,13443
2026-05,임금대,50~100만원 미만,서울,2855
2026-05,임금대,50~100만원 미만,부산,1788
2026-05,임금대,50~100만원 미만,대구,1149
2026-05,임금대,50~100만원 미만,인천,1341
2026-05,임금대,50~100만원 미만,광주,43
2026-05,임금대,50~100만원 미만,대전,59
2026-05,임금대,50~100만원 미만,울산,253
2026-05,임금대,50~100만원 미만,세종시,16
2026-05,임금대,50~100만원 미만,경기도,4012
2026-05,임금대,50~100만원 미만,강원도,146
2026-05,임금대,50~100만원 미만,충청북도,62
2026-05,임금대,50~100만원 미만,충청남도,98
2026-05,임금대,50~100만원 미만,전라북도,332
2026-05,임금대,50~100만원 미만,전라남도,126
2026-05,임금대,50~100만원 미만,경상북도,394
2026-05,임금대,50~100만원 미만,경상남도,766
2026-05,임금대,50~100만원 미만,제주도,3
2026-05,임금대,100~150만원 미만,전 체,5796
2026-05,임금대,100~150만원 미만,서울,1596
2026-05,임금대,100~150만원 미만,부산,570
2026-05,임금대,100~150만원 미만,대구,307
2026-05,임금대,100~150만원 미만,인천,264
2026-05,임금대,100~150만원 미만,광주,62
2026-05,임금대,100~150만원 미만,대전,199
2026-05,임금대,100~150만원 미만,울산,104
2026-05,임금대,100~150만원 미만,세종시,21
2026-05,임금대,100~150만원 미만,경기도,1390
2026-05,임금대,100~150만원 미만,강원도,127
2026-05,임금대,100~150만원 미만,충청북도,107
2026-05,임금대,100~150만원 미만,충청남도,86
2026-05,임금대,100~150만원 미만,전라북도,265
2026-05,임금대,100~150만원 미만,전라남도,173
2026-05,임금대,100~150만원 미만,경상북도,177
2026-05,임금대,100~150만원 미만,경상남도,336
2026-05,임금대,100~150만원 미만,제주도,12
2026-05,임금대,150~200만원 미만,전 체,4451
2026-05,임금대,150~200만원 미만,서울,1240
2026-05,임금대,150~200만원 미만,부산,437
2026-05,임금대,150~200만원 미만,대구,197
2026-05,임금대,150~200만원 미만,인천,320
2026-05,임금대,150~200만원 미만,광주,84
2026-05,임금대,150~200만원 미만,대전,101
2026-05,임금대,150~200만원 미만,울산,51
2026-05,임금대,150~200만원 미만,세종시,18
2026-05,임금대,150~200만원 미만,경기도,1182
2026-05,임금대,150~200만원 미만,강원도,94
2026-05,임금대,150~200만원 미만,충청북도,47
2026-05,임금대,150~200만원 미만,충청남도,103
2026-05,임금대,150~200만원 미만,전라북도,153
2026-05,임금대,150~200만원 미만,전라남도,96
2026-05,임금대,150~200만원 미만,경상북도,108
2026-05,임금대,150~200만원 미만,경상남도,182
2026-05,임금대,150~200만원 미만,제주도,38
2026-05,임금대,200~250만원 미만,전 체,67130
2026-05,임금대,200~250만원 미만,서울,10342
2026-05,임금대,200~250만원 미만,부산,4272
2026-05,임금대,200~250만원 미만,대구,2652
2026-05,임금대,200~250만원 미만,인천,3305
2026-05,임금대,200~250만원 미만,광주,1036
2026-05,임금대,200~250만원 미만,대전,1242
2026-05,임금대,200~250만원 미만,울산,1685
2026-05,임금대,200~250만원 미만,세종시,447
2026-05,임금대,200~250만원 미만,경기도,16776
2026-05,임금대,200~250만원 미만,강원도,1934
2026-05,임금대,200~250만원 미만,충청북도,2878
2026-05,임금대,200~250만원 미만,충청남도,3623
2026-05,임금대,200~250만원 미만,전라북도,3520
2026-05,임금대,200~250만원 미만,전라남도,2686
2026-05,임금대,200~250만원 미만,경상북도,4679
2026-05,임금대,200~250만원 미만,경상남도,5673
2026-05,임금대,200~250만원 미만,제주도,380
2026-05,임금대,250만원 이상,전 체,59401
2026-05,임금대,250만원 이상,서울,7418
2026-05,임금대,250만원 이상,부산,3097
2026-05,임금대,250만원 이상,대구,2080
2026-05,임금대,250만원 이상,인천,2471
2026-05,임금대,250만원 이상,광주,914
2026-05,임금대,250만원 이상,대전,880
2026-05,임금대,250만원 이상,울산,1212
2026-05,임금대,250만원 이상,세종시,6047
2026-05,임금대,250만원 이상,경기도,15817
2026-05,임금대,250만원 이상,강원도,1294
2026-05,임금대,250만원 이상,충청북도,2513
2026-05,임금대,250만원 이상,충청남도,2880
2026-05,임금대,250만원 이상,전라북도,2138
2026-05,임금대,250만원 이상,전라남도,2157
2026-05,임금대,250만원 이상,경상북도,3261
2026-05,임금대,250만원 이상,경상남도,4628
2026-05,임금대,250만원 이상,제주도,594
2026-06,형태,기간의 정함이 없는 근로계약(시간제),전 체,22201
2026-06,형태,기간의 정함이 없는 근로계약(시간제),서울,4038
2026-06,형태,기간의 정함이 없는 근로계약(시간제),부산,3076
2026-06,형태,기간의 정함이 없는 근로계약(시간제),대구,1690
2026-06,형태,기간의 정함이 없는 근로계약(시간제),인천,2168
2026-06,형태,기간의 정함이 없는 근로계약(시간제),광주,99
2026-06,형태,기간의 정함이 없는 근로계약(시간제),대전,114
2026-06,형태,기간의 정함이 없는 근로계약(시간제),울산,427
2026-06,형태,기간의 정함이 없는 근로계약(시간제),세종시,43
2026-06,형태,기간의 정함이 없는 근로계약(시간제),경기도,6758
2026-06,형태,기간의 정함이 없는 근로계약(시간제),강원도,301
2026-06,형태,기간의 정함이 없는 근로계약(시간제),충청북도,155
2026-06,형태,기간의 정함이 없는 근로계약(시간제),충청남도,206
2026-06,형태,기간의 정함이 없는 근로계약(시간제),전라북도,704
2026-06,형태,기간의 정함이 없는 근로계약(시간제),전라남도,333
2026-06,형태,기간의 정함이 없는 근로계약(시간제),경상북도,694
2026-06,형태,기간의 정함이 없는 근로계약(시간제),경상남도,1357
2026-06,형태,기간의 정함이 없는 근로계약(시간제),제주도,38
2026-06,형태,기간의 정함이 있는 근로계약,전 체,53625
2026-06,형태,기간의 정함이 있는 근로계약,서울,15916
2026-06,형태,기간의 정함이 있는 근로계약,부산,3276
2026-06,형태,기간의 정함이 있는 근로계약,대구,1493
2026-06,형태,기간의 정함이 있는 근로계약,인천,2460
2026-06,형태,기간의 정함이 있는 근로계약,광주,752
2026-06,형태,기간의 정함이 있는 근로계약,대전,1098
2026-06,형태,기간의 정함이 있는 근로계약,울산,1100
2026-06,형태,기간의 정함이 있는 근로계약,세종시,233
2026-06,형태,기간의 정함이 있는 근로계약,경기도,12775
2026-06,형태,기간의 정함이 있는 근로계약,강원도,1633
2026-06,형태,기간의 정함이 있는 근로계약,충청북도,1275
2026-06,형태,기간의 정함이 있는 근로계약,충청남도,1787
2026-06,형태,기간의 정함이 있는 근로계약,전라북도,2276
2026-06,형태,기간의 정함이 있는 근로계약,전라남도,1610
2026-06,형태,기간의 정함이 있는 근로계약,경상북도,2447
2026-06,형태,기간의 정함이 있는 근로계약,경상남도,3041
2026-06,형태,기간의 정함이 있는 근로계약,제주도,453
2026-06,형태,기간의 정함이 있는 근로계약(시간제),전 체,5228
2026-06,형태,기간의 정함이 있는 근로계약(시간제),서울,1740
2026-06,형태,기간의 정함이 있는 근로계약(시간제),부산,504
2026-06,형태,기간의 정함이 있는 근로계약(시간제),대구,250
2026-06,형태,기간의 정함이 있는 근로계약(시간제),인천,317
2026-06,형태,기간의 정함이 있는 근로계약(시간제),광주,31
2026-06,형태,기간의 정함이 있는 근로계약(시간제),대전,84
2026-06,형태,기간의 정함이 있는 근로계약(시간제),울산,82
2026-06,형태,기간의 정함이 있는 근로계약(시간제),세종시,13
2026-06,형태,기간의 정함이 있는 근로계약(시간제),경기도,1205
2026-06,형태,기간의 정함이 있는 근로계약(시간제),강원도,109
2026-06,형태,기간의 정함이 있는 근로계약(시간제),충청북도,124
2026-06,형태,기간의 정함이 있는 근로계약(시간제),충청남도,65
2026-06,형태,기간의 정함이 있는 근로계약(시간제),전라북도,165
2026-06,형태,기간의 정함이 있는 근로계약(시간제),전라남도,102
2026-06,형태,기간의 정함이 있는 근로계약(시간제),경상북도,91
2026-06,형태,기간의 정함이 있는 근로계약(시간제),경상남도,267
2026-06,형태,기간의 정함이 있는 근로계약(시간제),제주도,79
2026-06,형태,일용직,전 체,355
2026-06,형태,일용직,서울,105
2026-06,형태,일용직,부산,3
2026-06,형태,일용직,대구,32
2026-06,형태,일용직,인천,3
2026-06,형태,일용직,광주,1
2026-06,형태,일용직,대전,47
2026-06,형태,일용직,울산,0
2026-06,형태,일용직,세종시,8
2026-06,형태,일용직,경기도,49
2026-06,형태,일용직,강원도,8
2026-06,형태,일용직,충청북도,1
2026-06,형태,일용직,충청남도,15
2026-06,형태,일용직,전라북도,63
2026-06,형태,일용직,전라남도,2
2026-06,형태,일용직,경상북도,15
2026-06,형태,일용직,경상남도,3
2026-06,형태,일용직,제주도,0
2026-06,학력,초졸 이하,전 체,89
2026-06,학력,초졸 이하,서울,4
2026-06,학력,초졸 이하,부산,6
2026-06,학력,초졸 이하,대구,6
2026-06,학력,초졸 이하,인천,20
2026-06,학력,초졸 이하,광주,1
2026-06,학력,초졸 이하,대전,0
2026-06,학력,초졸 이하,울산,5
2026-06,학력,초졸 이하,세종시,0
2026-06,학력,초졸 이하,경기도,24
2026-06,학력,초졸 이하,강원도,2
2026-06,학력,초졸 이하,충청북도,2
2026-06,학력,초졸 이하,충청남도,4
2026-06,학력,초졸 이하,전라북도,7
2026-06,학력,초졸 이하,전라남도,3
2026-06,학력,초졸 이하,경상북도,1
2026-06,학력,초졸 이하,경상남도,4
2026-06,학력,초졸 이하,제주도,0
2026-06,학력,중졸,전 체,320
2026-06,학력,중졸,서울,66
2026-06,학력,중졸,부산,15
2026-06,학력,중졸,대구,15
2026-06,학력,중졸,인천,14
2026-06,학력,중졸,광주,0
2026-06,학력,중졸,대전,0
2026-06,학력,중졸,울산,2
2026-06,학력,중졸,세종시,8
2026-06,학력,중졸,경기도,121
2026-06,학력,중졸,강원도,5
2026-06,학력,중졸,충청북도,13
2026-06,학력,중졸,충청남도,7
2026-06,학력,중졸,전라북도,12
2026-06,학력,중졸,전라남도,10
2026-06,학력,중졸,경상북도,16
2026-06,학력,중졸,경상남도,15
2026-06,학력,중졸,제주도,1
2026-06,학력,고졸,전 체,7359
2026-06,학력,고졸,서울,872
2026-06,학력,고졸,부산,398
2026-06,학력,고졸,대구,214
2026-06,학력,고졸,인천,288
2026-06,학력,고졸,광주,181
2026-06,학력,고졸,대전,111
2026-06,학력,고졸,울산,185
2026-06,학력,고졸,세종시,23
2026-06,학력,고졸,경기도,2226
2026-06,학력,고졸,강원도,217
2026-06,학력,고졸,충청북도,561
2026-06,학력,고졸,충청남도,586
2026-06,학력,고졸,전라북도,295
2026-06,학력,고졸,전라남도,217
2026-06,학력,고졸,경상북도,501
2026-06,학력,고졸,경상남도,431
2026-06,학력,고졸,제주도,53
2026-06,학력,전문대졸,전 체,4298
2026-06,학력,전문대졸,서울,507
2026-06,학력,전문대졸,부산,248
2026-06,학력,전문대졸,대구,209
2026-06,학력,전문대졸,인천,84
2026-06,학력,전문대졸,광주,144
2026-06,학력,전문대졸,대전,127
2026-06,학력,전문대졸,울산,105
2026-06,학력,전문대졸,세종시,24
2026-06,학력,전문대졸,경기도,973
2026-06,학력,전문대졸,강원도,123
2026-06,학력,전문대졸,충청북도,164
2026-06,학력,전문대졸,충청남도,273
2026-06,학력,전문대졸,전라북도,244
2026-06,학력,전문대졸,전라남도,229
2026-06,학력,전문대졸,경상북도,439
2026-06,학력,전문대졸,경상남도,362
2026-06,학력,전문대졸,제주도,43
2026-06,학력,대졸,전 체,1415
2026-06,학력,대졸,서울,210
2026-06,학력,대졸,부산,90
2026-06,학력,대졸,대구,58
2026-06,학력,대졸,인천,28
2026-06,학력,대졸,광주,31
2026-06,학력,대졸,대전,243
2026-06,학력,대졸,울산,20
2026-06,학력,대졸,세종시,6
2026-06,학력,대졸,경기도,190
2026-06,학력,대졸,강원도,85
2026-06,학력,대졸,충청북도,55
2026-06,학력,대졸,충청남도,67
2026-06,학력,대졸,전라북도,65
2026-06,학력,대졸,전라남도,51
2026-06,학력,대졸,경상북도,102
2026-06,학력,대졸,경상남도,102
2026-06,학력,대졸,제주도,12
2026-06,학력,대학원졸 이상,전 체,96
2026-06,학력,대학원졸 이상,서울,9
2026-06,학력,대학원졸 이상,부산,0
2026-06,학력,대학원졸 이상,대구,4
2026-06,학력,대학원졸 이상,인천,0
2026-06,학력,대학원졸 이상,광주,0
2026-06,학력,대학원졸 이상,대전,40
2026-06,학력,대학원졸 이상,울산,1
2026-06,학력,대학원졸 이상,세종시,0
2026-06,학력,대학원졸 이상,경기도,10
2026-06,학력,대학원졸 이상,강원도,5
2026-06,학력,대학원졸 이상,충청북도,4
2026-06,학력,대학원졸 이상,충청남도,5
2026-06,학력,대학원졸 이상,전라북도,2
2026-06,학력,대학원졸 이상,전라남도,3
2026-06,학력,대학원졸 이상,경상북도,8
2026-06,학력,대학원졸 이상,경상남도,3
2026-06,학력,대학원졸 이상,제주도,2
2026-06,학력,무관,전 체,169444
2026-06,학력,무관,서울,28535
2026-06,학력,무관,부산,11127
2026-06,학력,무관,대구,6334
2026-06,학력,무관,인천,9907
2026-06,학력,무관,광주,2515
2026-06,학력,무관,대전,2394
2026-06,학력,무관,울산,4828
2026-06,학력,무관,세종시,855
2026-06,학력,무관,경기도,47291
2026-06,학력,무관,강원도,3878
2026-06,학력,무관,충청북도,5914
2026-06,학력,무관,충청남도,7283
2026-06,학력,무관,전라북도,7266
2026-06,학력,무관,전라남도,6254
2026-06,학력,무관,경상북도,9606
2026-06,학력,무관,경상남도,14179
2026-06,학력,무관,제주도,1278
2026-06,임금대,50만원 미만,전 체,2833
2026-06,임금대,50만원 미만,서울,351
2026-06,임금대,50만원 미만,부산,493
2026-06,임금대,50만원 미만,대구,309
2026-06,임금대,50만원 미만,인천,320
2026-06,임금대,50만원 미만,광주,10
2026-06,임금대,50만원 미만,대전,3
2026-06,임금대,50만원 미만,울산,74
2026-06,임금대,50만원 미만,세종시,5
2026-06,임금대,50만원 미만,경기도,924
2026-06,임금대,50만원 미만,강원도,35
2026-06,임금대,50만원 미만,충청북도,4
2026-06,임금대,50만원 미만,충청남도,8
2026-06,임금대,50만원 미만,전라북도,68
2026-06,임금대,50만원 미만,전라남도,15
2026-06,임금대,50만원 미만,경상북도,65
2026-06,임금대,50만원 미만,경상남도,148
2026-06,임금대,50만원 미만,제주도,1
2026-06,임금대,50~100만원 미만,전 체,16120
2026-06,임금대,50~100만원 미만,서울,3479
2026-06,임금대,50~100만원 미만,부산,2080
2026-06,임금대,50~100만원 미만,대구,1280
2026-06,임금대,50~100만원 미만,인천,1595
2026-06,임금대,50~100만원 미만,광주,45
2026-06,임금대,50~100만원 미만,대전,58
2026-06,임금대,50~100만원 미만,울산,297
2026-06,임금대,50~100만원 미만,세종시,30
2026-06,임금대,50~100만원 미만,경기도,4770
2026-06,임금대,50~100만원 미만,강원도,173
2026-06,임금대,50~100만원 미만,충청북도,105
2026-06,임금대,50~100만원 미만,충청남도,104
2026-06,임금대,50~100만원 미만,전라북도,386
2026-06,임금대,50~100만원 미만,전라남도,157
2026-06,임금대,50~100만원 미만,경상북도,474
2026-06,임금대,50~100만원 미만,경상남도,831
2026-06,임금대,50~100만원 미만,제주도,256
2026-06,임금대,100~150만원 미만,전 체,7380
2026-06,임금대,100~150만원 미만,서울,2488
2026-06,임금대,100~150만원 미만,부산,726
2026-06,임금대,100~150만원 미만,대구,269
2026-06,임금대,100~150만원 미만,인천,338
2026-06,임금대,100~150만원 미만,광주,80
2026-06,임금대,100~150만원 미만,대전,125
2026-06,임금대,100~150만원 미만,울산,95
2026-06,임금대,100~150만원 미만,세종시,26
2026-06,임금대,100~150만원 미만,경기도,1625
2026-06,임금대,100~150만원 미만,강원도,163
2026-06,임금대,100~150만원 미만,충청북도,138
2026-06,임금대,100~150만원 미만,충청남도,94
2026-06,임금대,100~150만원 미만,전라북도,343
2026-06,임금대,100~150만원 미만,전라남도,181
2026-06,임금대,100~150만원 미만,경상북도,265
2026-06,임금대,100~150만원 미만,경상남도,400
2026-06,임금대,100~150만원 미만,제주도,24
2026-06,임금대,150~200만원 미만,전 체,6364
2026-06,임금대,150~200만원 미만,서울,2072
2026-06,임금대,150~200만원 미만,부산,632
2026-06,임금대,150~200만원 미만,대구,211
2026-06,임금대,150~200만원 미만,인천,434
2026-06,임금대,150~200만원 미만,광주,102
2026-06,임금대,150~200만원 미만,대전,127
2026-06,임금대,150~200만원 미만,울산,102
2026-06,임금대,150~200만원 미만,세종시,22
2026-06,임금대,150~200만원 미만,경기도,1590
2026-06,임금대,150~200만원 미만,강원도,54
2026-06,임금대,150~200만원 미만,충청북도,99
2026-06,임금대,150~200만원 미만,충청남도,193
2026-06,임금대,150~200만원 미만,전라북도,163
2026-06,임금대,150~200만원 미만,전라남도,102
2026-06,임금대,150~200만원 미만,경상북도,129
2026-06,임금대,150~200만원 미만,경상남도,271
2026-06,임금대,150~200만원 미만,제주도,61
2026-06,임금대,200~250만원 미만,전 체,85721
2026-06,임금대,200~250만원 미만,서울,12045
2026-06,임금대,200~250만원 미만,부산,4485
2026-06,임금대,200~250만원 미만,대구,3058
2026-06,임금대,200~250만원 미만,인천,4762
2026-06,임금대,200~250만원 미만,광주,1409
2026-06,임금대,200~250만원 미만,대전,1522
2026-06,임금대,200~250만원 미만,울산,3096
2026-06,임금대,200~250만원 미만,세종시,486
2026-06,임금대,200~250만원 미만,경기도,22567
2026-06,임금대,200~250만원 미만,강원도,2335
2026-06,임금대,200~250만원 미만,충청북도,3668
2026-06,임금대,200~250만원 미만,충청남도,4738
2026-06,임금대,200~250만원 미만,전라북도,4445
2026-06,임금대,200~250만원 미만,전라남도,3656
2026-06,임금대,200~250만원 미만,경상북도,5586
2026-06,임금대,200~250만원 미만,경상남도,7324
2026-06,임금대,200~250만원 미만,제주도,539
2026-06,임금대,250만원 이상,전 체,64603
2026-06,임금대,250만원 이상,서울,9768
2026-06,임금대,250만원 이상,부산,3468
2026-06,임금대,250만원 이상,대구,1713
2026-06,임금대,250만원 이상,인천,2892
2026-06,임금대,250만원 이상,광주,1226
2026-06,임금대,250만원 이상,대전,1080
2026-06,임금대,250만원 이상,울산,1482
2026-06,임금대,250만원 이상,세종시,347
2026-06,임금대,250만원 이상,경기도,19359
2026-06,임금대,250만원 이상,강원도,1555
2026-06,임금대,250만원 이상,충청북도,2699
2026-06,임금대,250만원 이상,충청남도,3088
2026-06,임금대,250만원 이상,전라북도,2486
2026-06,임금대,250만원 이상,전라남도,2656
2026-06,임금대,250만원 이상,경상북도,4154
2026-06,임금대,250만원 이상,경상남도,6122
2026-06,임금대,250만원 이상,제주도,508
2026-07,형태,기간의 정함이 없는 근로계약(시간제),전 체,22821
2026-07,형태,기간의 정함이 없는 근로계약(시간제),서울,4174
2026-07,형태,기간의 정함이 없는 근로계약(시간제),전남광주통합,458
2026-07,형태,기간의 정함이 없는 근로계약(시간제),부산,3083
2026-07,형태,기간의 정함이 없는 근로계약(시간제),대구,1710
2026-07,형태,기간의 정함이 없는 근로계약(시간제),인천,2165
2026-07,형태,기간의 정함이 없는 근로계약(시간제),대전,167
2026-07,형태,기간의 정함이 없는 근로계약(시간제),울산,493
2026-07,형태,기간의 정함이 없는 근로계약(시간제),세종시,39
2026-07,형태,기간의 정함이 없는 근로계약(시간제),경기도,6979
2026-07,형태,기간의 정함이 없는 근로계약(시간제),강원특별자치도,264
2026-07,형태,기간의 정함이 없는 근로계약(시간제),충청북도,150
2026-07,형태,기간의 정함이 없는 근로계약(시간제),충청남도,236
2026-07,형태,기간의 정함이 없는 근로계약(시간제),전북특별자치도,695
2026-07,형태,기간의 정함이 없는 근로계약(시간제),경상북도,750
2026-07,형태,기간의 정함이 없는 근로계약(시간제),경상남도,1397
2026-07,형태,기간의 정함이 없는 근로계약(시간제),제주도,61
2026-07,형태,기간의 정함이 있는 근로계약,전 체,51145
2026-07,형태,기간의 정함이 있는 근로계약,서울,15572
2026-07,형태,기간의 정함이 있는 근로계약,전남광주통합,2033
2026-07,형태,기간의 정함이 있는 근로계약,부산,3216
2026-07,형태,기간의 정함이 있는 근로계약,대구,1818
2026-07,형태,기간의 정함이 있는 근로계약,인천,2113
2026-07,형태,기간의 정함이 있는 근로계약,대전,1451
2026-07,형태,기간의 정함이 있는 근로계약,울산,891
2026-07,형태,기간의 정함이 있는 근로계약,세종시,411
2026-07,형태,기간의 정함이 있는 근로계약,경기도,11841
2026-07,형태,기간의 정함이 있는 근로계약,강원특별자치도,1421
2026-07,형태,기간의 정함이 있는 근로계약,충청북도,1358
2026-07,형태,기간의 정함이 있는 근로계약,충청남도,1747
2026-07,형태,기간의 정함이 있는 근로계약,전북특별자치도,1752
2026-07,형태,기간의 정함이 있는 근로계약,경상북도,2355
2026-07,형태,기간의 정함이 있는 근로계약,경상남도,2736
2026-07,형태,기간의 정함이 있는 근로계약,제주도,430
2026-07,형태,기간의 정함이 있는 근로계약(시간제),전 체,4652
2026-07,형태,기간의 정함이 있는 근로계약(시간제),서울,1417
2026-07,형태,기간의 정함이 있는 근로계약(시간제),전남광주통합,121
2026-07,형태,기간의 정함이 있는 근로계약(시간제),부산,458
2026-07,형태,기간의 정함이 있는 근로계약(시간제),대구,241
2026-07,형태,기간의 정함이 있는 근로계약(시간제),인천,289
2026-07,형태,기간의 정함이 있는 근로계약(시간제),대전,102
2026-07,형태,기간의 정함이 있는 근로계약(시간제),울산,57
2026-07,형태,기간의 정함이 있는 근로계약(시간제),세종시,16
2026-07,형태,기간의 정함이 있는 근로계약(시간제),경기도,1174
2026-07,형태,기간의 정함이 있는 근로계약(시간제),강원특별자치도,76
2026-07,형태,기간의 정함이 있는 근로계약(시간제),충청북도,118
2026-07,형태,기간의 정함이 있는 근로계약(시간제),충청남도,97
2026-07,형태,기간의 정함이 있는 근로계약(시간제),전북특별자치도,99
2026-07,형태,기간의 정함이 있는 근로계약(시간제),경상북도,127
2026-07,형태,기간의 정함이 있는 근로계약(시간제),경상남도,254
2026-07,형태,기간의 정함이 있는 근로계약(시간제),제주도,6
2026-07,형태,일용직,전 체,583
2026-07,형태,일용직,서울,249
2026-07,형태,일용직,전남광주통합,9
2026-07,형태,일용직,부산,2
2026-07,형태,일용직,대구,42
2026-07,형태,일용직,인천,4
2026-07,형태,일용직,대전,13
2026-07,형태,일용직,울산,0
2026-07,형태,일용직,세종시,0
2026-07,형태,일용직,경기도,62
2026-07,형태,일용직,강원특별자치도,5
2026-07,형태,일용직,충청북도,3
2026-07,형태,일용직,충청남도,11
2026-07,형태,일용직,전북특별자치도,160
2026-07,형태,일용직,경상북도,23
2026-07,형태,일용직,경상남도,0
2026-07,형태,일용직,제주도,0
2026-07,학력,초졸 이하,전 체,162
2026-07,학력,초졸 이하,서울,4
2026-07,학력,초졸 이하,전남광주통합,4
2026-07,학력,초졸 이하,부산,3
2026-07,학력,초졸 이하,대구,15
2026-07,학력,초졸 이하,인천,16
2026-07,학력,초졸 이하,대전,1
2026-07,학력,초졸 이하,울산,5
2026-07,학력,초졸 이하,세종시,0
2026-07,학력,초졸 이하,경기도,101
2026-07,학력,초졸 이하,강원특별자치도,1
2026-07,학력,초졸 이하,충청북도,2
2026-07,학력,초졸 이하,충청남도,2
2026-07,학력,초졸 이하,전북특별자치도,5
2026-07,학력,초졸 이하,경상북도,2
2026-07,학력,초졸 이하,경상남도,1
2026-07,학력,초졸 이하,제주도,0
2026-07,학력,중졸,전 체,321
2026-07,학력,중졸,서울,45
2026-07,학력,중졸,전남광주통합,7
2026-07,학력,중졸,부산,20
2026-07,학력,중졸,대구,13
2026-07,학력,중졸,인천,14
2026-07,학력,중졸,대전,2
2026-07,학력,중졸,울산,1
2026-07,학력,중졸,세종시,0
2026-07,학력,중졸,경기도,121
2026-07,학력,중졸,강원특별자치도,5
2026-07,학력,중졸,충청북도,11
2026-07,학력,중졸,충청남도,24
2026-07,학력,중졸,전북특별자치도,18
2026-07,학력,중졸,경상북도,10
2026-07,학력,중졸,경상남도,30
2026-07,학력,중졸,제주도,0
2026-07,학력,고졸,전 체,7794
2026-07,학력,고졸,서울,1268
2026-07,학력,고졸,전남광주통합,420
2026-07,학력,고졸,부산,322
2026-07,학력,고졸,대구,224
2026-07,학력,고졸,인천,271
2026-07,학력,고졸,대전,139
2026-07,학력,고졸,울산,97
2026-07,학력,고졸,세종시,14
2026-07,학력,고졸,경기도,2240
2026-07,학력,고졸,강원특별자치도,235
2026-07,학력,고졸,충청북도,400
2026-07,학력,고졸,충청남도,686
2026-07,학력,고졸,전북특별자치도,430
2026-07,학력,고졸,경상북도,522
2026-07,학력,고졸,경상남도,472
2026-07,학력,고졸,제주도,54
2026-07,학력,전문대졸,전 체,4101
2026-07,학력,전문대졸,서울,504
2026-07,학력,전문대졸,전남광주통합,355
2026-07,학력,전문대졸,부산,293
2026-07,학력,전문대졸,대구,198
2026-07,학력,전문대졸,인천,121
2026-07,학력,전문대졸,대전,101
2026-07,학력,전문대졸,울산,137
2026-07,학력,전문대졸,세종시,21
2026-07,학력,전문대졸,경기도,835
2026-07,학력,전문대졸,강원특별자치도,147
2026-07,학력,전문대졸,충청북도,156
2026-07,학력,전문대졸,충청남도,169
2026-07,학력,전문대졸,전북특별자치도,275
2026-07,학력,전문대졸,경상북도,400
2026-07,학력,전문대졸,경상남도,349
2026-07,학력,전문대졸,제주도,40
2026-07,학력,대졸,전 체,1280
2026-07,학력,대졸,서울,176
2026-07,학력,대졸,전남광주통합,103
2026-07,학력,대졸,부산,119
2026-07,학력,대졸,대구,45
2026-07,학력,대졸,인천,25
2026-07,학력,대졸,대전,104
2026-07,학력,대졸,울산,9
2026-07,학력,대졸,세종시,2
2026-07,학력,대졸,경기도,217
2026-07,학력,대졸,강원특별자치도,56
2026-07,학력,대졸,충청북도,56
2026-07,학력,대졸,충청남도,64
2026-07,학력,대졸,전북특별자치도,65
2026-07,학력,대졸,경상북도,106
2026-07,학력,대졸,경상남도,119
2026-07,학력,대졸,제주도,14
2026-07,학력,대학원졸 이상,전 체,72
2026-07,학력,대학원졸 이상,서울,5
2026-07,학력,대학원졸 이상,전남광주통합,5
2026-07,학력,대학원졸 이상,부산,3
2026-07,학력,대학원졸 이상,대구,0
2026-07,학력,대학원졸 이상,인천,1
2026-07,학력,대학원졸 이상,대전,25
2026-07,학력,대학원졸 이상,울산,2
2026-07,학력,대학원졸 이상,세종시,0
2026-07,학력,대학원졸 이상,경기도,6
2026-07,학력,대학원졸 이상,강원특별자치도,4
2026-07,학력,대학원졸 이상,충청북도,1
2026-07,학력,대학원졸 이상,충청남도,7
2026-07,학력,대학원졸 이상,전북특별자치도,2
2026-07,학력,대학원졸 이상,경상북도,10
2026-07,학력,대학원졸 이상,경상남도,1
2026-07,학력,대학원졸 이상,제주도,0
2026-07,학력,무관,전 체,163799
2026-07,학력,무관,서울,27297
2026-07,학력,무관,전남광주통합,9050
2026-07,학력,무관,부산,10811
2026-07,학력,무관,대구,6730
2026-07,학력,무관,인천,9052
2026-07,학력,무관,대전,2515
2026-07,학력,무관,울산,4134
2026-07,학력,무관,세종시,948
2026-07,학력,무관,경기도,45231
2026-07,학력,무관,강원특별자치도,3675
2026-07,학력,무관,충청북도,5689
2026-07,학력,무관,충청남도,7557
2026-07,학력,무관,전북특별자치도,7122
2026-07,학력,무관,경상북도,9213
2026-07,학력,무관,경상남도,13508
2026-07,학력,무관,제주도,1267
2026-07,임금대,50만원 미만,전 체,2870
2026-07,임금대,50만원 미만,서울,329
2026-07,임금대,50만원 미만,전남광주통합,35
2026-07,임금대,50만원 미만,부산,464
2026-07,임금대,50만원 미만,대구,297
2026-07,임금대,50만원 미만,인천,297
2026-07,임금대,50만원 미만,대전,4
2026-07,임금대,50만원 미만,울산,93
2026-07,임금대,50만원 미만,세종시,2
2026-07,임금대,50만원 미만,경기도,1022
2026-07,임금대,50만원 미만,강원특별자치도,14
2026-07,임금대,50만원 미만,충청북도,3
2026-07,임금대,50만원 미만,충청남도,11
2026-07,임금대,50만원 미만,전북특별자치도,80
2026-07,임금대,50만원 미만,경상북도,70
2026-07,임금대,50만원 미만,경상남도,137
2026-07,임금대,50만원 미만,제주도,12
2026-07,임금대,50~100만원 미만,전 체,16148
2026-07,임금대,50~100만원 미만,서울,3446
2026-07,임금대,50~100만원 미만,전남광주통합,219
2026-07,임금대,50~100만원 미만,부산,2192
2026-07,임금대,50~100만원 미만,대구,1272
2026-07,임금대,50~100만원 미만,인천,1618
2026-07,임금대,50~100만원 미만,대전,58
2026-07,임금대,50~100만원 미만,울산,307
2026-07,임금대,50~100만원 미만,세종시,28
2026-07,임금대,50~100만원 미만,경기도,4825
2026-07,임금대,50~100만원 미만,강원특별자치도,148
2026-07,임금대,50~100만원 미만,충청북도,121
2026-07,임금대,50~100만원 미만,충청남도,140
2026-07,임금대,50~100만원 미만,전북특별자치도,337
2026-07,임금대,50~100만원 미만,경상북도,497
2026-07,임금대,50~100만원 미만,경상남도,929
2026-07,임금대,50~100만원 미만,제주도,11
2026-07,임금대,100~150만원 미만,전 체,6542
2026-07,임금대,100~150만원 미만,서울,1802
2026-07,임금대,100~150만원 미만,전남광주통합,218
2026-07,임금대,100~150만원 미만,부산,669
2026-07,임금대,100~150만원 미만,대구,279
2026-07,임금대,100~150만원 미만,인천,309
2026-07,임금대,100~150만원 미만,대전,201
2026-07,임금대,100~150만원 미만,울산,117
2026-07,임금대,100~150만원 미만,세종시,28
2026-07,임금대,100~150만원 미만,경기도,1603
2026-07,임금대,100~150만원 미만,강원특별자치도,148
2026-07,임금대,100~150만원 미만,충청북도,112
2026-07,임금대,100~150만원 미만,충청남도,114
2026-07,임금대,100~150만원 미만,전북특별자치도,310
2026-07,임금대,100~150만원 미만,경상북도,225
2026-07,임금대,100~150만원 미만,경상남도,371
2026-07,임금대,100~150만원 미만,제주도,36
2026-07,임금대,150~200만원 미만,전 체,5918
2026-07,임금대,150~200만원 미만,서울,1666
2026-07,임금대,150~200만원 미만,전남광주통합,180
2026-07,임금대,150~200만원 미만,부산,500
2026-07,임금대,150~200만원 미만,대구,367
2026-07,임금대,150~200만원 미만,인천,454
2026-07,임금대,150~200만원 미만,대전,151
2026-07,임금대,150~200만원 미만,울산,89
2026-07,임금대,150~200만원 미만,세종시,30
2026-07,임금대,150~200만원 미만,경기도,1511
2026-07,임금대,150~200만원 미만,강원특별자치도,52
2026-07,임금대,150~200만원 미만,충청북도,103
2026-07,임금대,150~200만원 미만,충청남도,240
2026-07,임금대,150~200만원 미만,전북특별자치도,151
2026-07,임금대,150~200만원 미만,경상북도,145
2026-07,임금대,150~200만원 미만,경상남도,202
2026-07,임금대,150~200만원 미만,제주도,77
2026-07,임금대,200~250만원 미만,전 체,84211
2026-07,임금대,200~250만원 미만,서울,12756
2026-07,임금대,200~250만원 미만,전남광주통합,5691
2026-07,임금대,200~250만원 미만,부산,4413
2026-07,임금대,200~250만원 미만,대구,2904
2026-07,임금대,200~250만원 미만,인천,4090
2026-07,임금대,200~250만원 미만,대전,1545
2026-07,임금대,200~250만원 미만,울산,2325
2026-07,임금대,200~250만원 미만,세종시,373
2026-07,임금대,200~250만원 미만,경기도,21667
2026-07,임금대,200~250만원 미만,강원특별자치도,2183
2026-07,임금대,200~250만원 미만,충청북도,3440
2026-07,임금대,200~250만원 미만,충청남도,4788
2026-07,임금대,200~250만원 미만,전북특별자치도,4574
2026-07,임금대,200~250만원 미만,경상북도,5653
2026-07,임금대,200~250만원 미만,경상남도,7176
2026-07,임금대,200~250만원 미만,제주도,633
2026-07,임금대,250만원 이상,전 체,61840
2026-07,임금대,250만원 이상,서울,9300
2026-07,임금대,250만원 이상,전남광주통합,3601
2026-07,임금대,250만원 이상,부산,3333
2026-07,임금대,250만원 이상,대구,2106
2026-07,임금대,250만원 이상,인천,2732
2026-07,임금대,250만원 이상,대전,928
2026-07,임금대,250만원 이상,울산,1454
2026-07,임금대,250만원 이상,세종시,524
2026-07,임금대,250만원 이상,경기도,18123
2026-07,임금대,250만원 이상,강원특별자치도,1578
2026-07,임금대,250만원 이상,충청북도,2536
2026-07,임금대,250만원 이상,충청남도,3216
2026-07,임금대,250만원 이상,전북특별자치도,2465
2026-07,임금대,250만원 이상,경상북도,3673
2026-07,임금대,250만원 이상,경상남도,5665
2026-07,임금대,250만원 이상,제주도,606
