연월,산업,시도,값
2025-08,"농업, 임업 및 어업",전 체,3713
2025-08,"농업, 임업 및 어업",서울,21
2025-08,"농업, 임업 및 어업",부산,53
2025-08,"농업, 임업 및 어업",대구,22
2025-08,"농업, 임업 및 어업",인천,133
2025-08,"농업, 임업 및 어업",광주,6
2025-08,"농업, 임업 및 어업",대전,8
2025-08,"농업, 임업 및 어업",울산,26
2025-08,"농업, 임업 및 어업",세종시,19
2025-08,"농업, 임업 및 어업",경기도,679
2025-08,"농업, 임업 및 어업",강원도,135
2025-08,"농업, 임업 및 어업",충청북도,181
2025-08,"농업, 임업 및 어업",충청남도,591
2025-08,"농업, 임업 및 어업",전라북도,393
2025-08,"농업, 임업 및 어업",전라남도,739
2025-08,"농업, 임업 및 어업",경상북도,292
2025-08,"농업, 임업 및 어업",경상남도,332
2025-08,"농업, 임업 및 어업",제주도,83
2025-08,광업,전 체,114
2025-08,광업,서울,7
2025-08,광업,부산,3
2025-08,광업,대구,0
2025-08,광업,인천,1
2025-08,광업,광주,0
2025-08,광업,대전,0
2025-08,광업,울산,0
2025-08,광업,세종시,0
2025-08,광업,경기도,15
2025-08,광업,강원도,43
2025-08,광업,충청북도,4
2025-08,광업,충청남도,0
2025-08,광업,전라북도,3
2025-08,광업,전라남도,4
2025-08,광업,경상북도,28
2025-08,광업,경상남도,6
2025-08,광업,제주도,0
2025-08,제조업,전 체,47628
2025-08,제조업,서울,1580
2025-08,제조업,부산,2124
2025-08,제조업,대구,1583
2025-08,제조업,인천,2284
2025-08,제조업,광주,1038
2025-08,제조업,대전,279
2025-08,제조업,울산,1968
2025-08,제조업,세종시,252
2025-08,제조업,경기도,14418
2025-08,제조업,강원도,664
2025-08,제조업,충청북도,3571
2025-08,제조업,충청남도,3679
2025-08,제조업,전라북도,2195
2025-08,제조업,전라남도,1880
2025-08,제조업,경상북도,3854
2025-08,제조업,경상남도,6139
2025-08,제조업,제주도,120
2025-08,"전기, 가스, 증기 및 공기조절 공급업",전 체,174
2025-08,"전기, 가스, 증기 및 공기조절 공급업",서울,2
2025-08,"전기, 가스, 증기 및 공기조절 공급업",부산,3
2025-08,"전기, 가스, 증기 및 공기조절 공급업",대구,2
2025-08,"전기, 가스, 증기 및 공기조절 공급업",인천,1
2025-08,"전기, 가스, 증기 및 공기조절 공급업",광주,0
2025-08,"전기, 가스, 증기 및 공기조절 공급업",대전,0
2025-08,"전기, 가스, 증기 및 공기조절 공급업",울산,21
2025-08,"전기, 가스, 증기 및 공기조절 공급업",세종시,1
2025-08,"전기, 가스, 증기 및 공기조절 공급업",경기도,8
2025-08,"전기, 가스, 증기 및 공기조절 공급업",강원도,6
2025-08,"전기, 가스, 증기 및 공기조절 공급업",충청북도,0
2025-08,"전기, 가스, 증기 및 공기조절 공급업",충청남도,35
2025-08,"전기, 가스, 증기 및 공기조절 공급업",전라북도,78
2025-08,"전기, 가스, 증기 및 공기조절 공급업",전라남도,1
2025-08,"전기, 가스, 증기 및 공기조절 공급업",경상북도,8
2025-08,"전기, 가스, 증기 및 공기조절 공급업",경상남도,6
2025-08,"전기, 가스, 증기 및 공기조절 공급업",제주도,2
2025-08,"수도, 하수 및 폐기물 처리, 원료 재생업",전 체,969
2025-08,"수도, 하수 및 폐기물 처리, 원료 재생업",서울,54
2025-08,"수도, 하수 및 폐기물 처리, 원료 재생업",부산,55
2025-08,"수도, 하수 및 폐기물 처리, 원료 재생업",대구,23
2025-08,"수도, 하수 및 폐기물 처리, 원료 재생업",인천,72
2025-08,"수도, 하수 및 폐기물 처리, 원료 재생업",광주,14
2025-08,"수도, 하수 및 폐기물 처리, 원료 재생업",대전,6
2025-08,"수도, 하수 및 폐기물 처리, 원료 재생업",울산,4
2025-08,"수도, 하수 및 폐기물 처리, 원료 재생업",세종시,3
2025-08,"수도, 하수 및 폐기물 처리, 원료 재생업",경기도,327
2025-08,"수도, 하수 및 폐기물 처리, 원료 재생업",강원도,13
2025-08,"수도, 하수 및 폐기물 처리, 원료 재생업",충청북도,51
2025-08,"수도, 하수 및 폐기물 처리, 원료 재생업",충청남도,107
2025-08,"수도, 하수 및 폐기물 처리, 원료 재생업",전라북도,38
2025-08,"수도, 하수 및 폐기물 처리, 원료 재생업",전라남도,51
2025-08,"수도, 하수 및 폐기물 처리, 원료 재생업",경상북도,76
2025-08,"수도, 하수 및 폐기물 처리, 원료 재생업",경상남도,70
2025-08,"수도, 하수 및 폐기물 처리, 원료 재생업",제주도,5
2025-08,건설업,전 체,6380
2025-08,건설업,서울,1229
2025-08,건설업,부산,301
2025-08,건설업,대구,204
2025-08,건설업,인천,314
2025-08,건설업,광주,242
2025-08,건설업,대전,129
2025-08,건설업,울산,148
2025-08,건설업,세종시,25
2025-08,건설업,경기도,1489
2025-08,건설업,강원도,257
2025-08,건설업,충청북도,304
2025-08,건설업,충청남도,255
2025-08,건설업,전라북도,228
2025-08,건설업,전라남도,492
2025-08,건설업,경상북도,320
2025-08,건설업,경상남도,372
2025-08,건설업,제주도,71
2025-08,도매 및 소매업,전 체,7705
2025-08,도매 및 소매업,서울,967
2025-08,도매 및 소매업,부산,626
2025-08,도매 및 소매업,대구,267
2025-08,도매 및 소매업,인천,358
2025-08,도매 및 소매업,광주,135
2025-08,도매 및 소매업,대전,120
2025-08,도매 및 소매업,울산,123
2025-08,도매 및 소매업,세종시,12
2025-08,도매 및 소매업,경기도,2440
2025-08,도매 및 소매업,강원도,183
2025-08,도매 및 소매업,충청북도,278
2025-08,도매 및 소매업,충청남도,357
2025-08,도매 및 소매업,전라북도,357
2025-08,도매 및 소매업,전라남도,248
2025-08,도매 및 소매업,경상북도,354
2025-08,도매 및 소매업,경상남도,798
2025-08,도매 및 소매업,제주도,82
2025-08,운수 및 창고업,전 체,8010
2025-08,운수 및 창고업,서울,5332
2025-08,운수 및 창고업,부산,256
2025-08,운수 및 창고업,대구,59
2025-08,운수 및 창고업,인천,393
2025-08,운수 및 창고업,광주,62
2025-08,운수 및 창고업,대전,30
2025-08,운수 및 창고업,울산,92
2025-08,운수 및 창고업,세종시,8
2025-08,운수 및 창고업,경기도,1017
2025-08,운수 및 창고업,강원도,65
2025-08,운수 및 창고업,충청북도,53
2025-08,운수 및 창고업,충청남도,91
2025-08,운수 및 창고업,전라북도,73
2025-08,운수 및 창고업,전라남도,97
2025-08,운수 및 창고업,경상북도,124
2025-08,운수 및 창고업,경상남도,242
2025-08,운수 및 창고업,제주도,16
2025-08,숙박 및 음식점업,전 체,4176
2025-08,숙박 및 음식점업,서울,1560
2025-08,숙박 및 음식점업,부산,275
2025-08,숙박 및 음식점업,대구,37
2025-08,숙박 및 음식점업,인천,195
2025-08,숙박 및 음식점업,광주,25
2025-08,숙박 및 음식점업,대전,32
2025-08,숙박 및 음식점업,울산,35
2025-08,숙박 및 음식점업,세종시,7
2025-08,숙박 및 음식점업,경기도,991
2025-08,숙박 및 음식점업,강원도,146
2025-08,숙박 및 음식점업,충청북도,108
2025-08,숙박 및 음식점업,충청남도,90
2025-08,숙박 및 음식점업,전라북도,174
2025-08,숙박 및 음식점업,전라남도,114
2025-08,숙박 및 음식점업,경상북도,137
2025-08,숙박 및 음식점업,경상남도,170
2025-08,숙박 및 음식점업,제주도,80
2025-08,정보통신업,전 체,1307
2025-08,정보통신업,서울,427
2025-08,정보통신업,부산,139
2025-08,정보통신업,대구,62
2025-08,정보통신업,인천,21
2025-08,정보통신업,광주,29
2025-08,정보통신업,대전,79
2025-08,정보통신업,울산,14
2025-08,정보통신업,세종시,3
2025-08,정보통신업,경기도,219
2025-08,정보통신업,강원도,15
2025-08,정보통신업,충청북도,13
2025-08,정보통신업,충청남도,62
2025-08,정보통신업,전라북도,21
2025-08,정보통신업,전라남도,87
2025-08,정보통신업,경상북도,46
2025-08,정보통신업,경상남도,54
2025-08,정보통신업,제주도,16
2025-08,금융 및 보험업,전 체,890
2025-08,금융 및 보험업,서울,322
2025-08,금융 및 보험업,부산,202
2025-08,금융 및 보험업,대구,23
2025-08,금융 및 보험업,인천,5
2025-08,금융 및 보험업,광주,6
2025-08,금융 및 보험업,대전,32
2025-08,금융 및 보험업,울산,2
2025-08,금융 및 보험업,세종시,2
2025-08,금융 및 보험업,경기도,84
2025-08,금융 및 보험업,강원도,36
2025-08,금융 및 보험업,충청북도,8
2025-08,금융 및 보험업,충청남도,16
2025-08,금융 및 보험업,전라북도,46
2025-08,금융 및 보험업,전라남도,31
2025-08,금융 및 보험업,경상북도,23
2025-08,금융 및 보험업,경상남도,36
2025-08,금융 및 보험업,제주도,16
2025-08,부동산업,전 체,2976
2025-08,부동산업,서울,626
2025-08,부동산업,부산,503
2025-08,부동산업,대구,365
2025-08,부동산업,인천,111
2025-08,부동산업,광주,47
2025-08,부동산업,대전,12
2025-08,부동산업,울산,46
2025-08,부동산업,세종시,0
2025-08,부동산업,경기도,395
2025-08,부동산업,강원도,177
2025-08,부동산업,충청북도,38
2025-08,부동산업,충청남도,213
2025-08,부동산업,전라북도,185
2025-08,부동산업,전라남도,105
2025-08,부동산업,경상북도,57
2025-08,부동산업,경상남도,86
2025-08,부동산업,제주도,10
2025-08,"전문, 과학 및 기술 서비스업",전 체,5132
2025-08,"전문, 과학 및 기술 서비스업",서울,774
2025-08,"전문, 과학 및 기술 서비스업",부산,492
2025-08,"전문, 과학 및 기술 서비스업",대구,183
2025-08,"전문, 과학 및 기술 서비스업",인천,231
2025-08,"전문, 과학 및 기술 서비스업",광주,116
2025-08,"전문, 과학 및 기술 서비스업",대전,183
2025-08,"전문, 과학 및 기술 서비스업",울산,139
2025-08,"전문, 과학 및 기술 서비스업",세종시,71
2025-08,"전문, 과학 및 기술 서비스업",경기도,1012
2025-08,"전문, 과학 및 기술 서비스업",강원도,139
2025-08,"전문, 과학 및 기술 서비스업",충청북도,74
2025-08,"전문, 과학 및 기술 서비스업",충청남도,556
2025-08,"전문, 과학 및 기술 서비스업",전라북도,135
2025-08,"전문, 과학 및 기술 서비스업",전라남도,284
2025-08,"전문, 과학 및 기술 서비스업",경상북도,324
2025-08,"전문, 과학 및 기술 서비스업",경상남도,363
2025-08,"전문, 과학 및 기술 서비스업",제주도,56
2025-08,"사업시설 관리, 사업 지원 및 임대 서비스업",전 체,15705
2025-08,"사업시설 관리, 사업 지원 및 임대 서비스업",서울,6938
2025-08,"사업시설 관리, 사업 지원 및 임대 서비스업",부산,823
2025-08,"사업시설 관리, 사업 지원 및 임대 서비스업",대구,499
2025-08,"사업시설 관리, 사업 지원 및 임대 서비스업",인천,656
2025-08,"사업시설 관리, 사업 지원 및 임대 서비스업",광주,186
2025-08,"사업시설 관리, 사업 지원 및 임대 서비스업",대전,589
2025-08,"사업시설 관리, 사업 지원 및 임대 서비스업",울산,143
2025-08,"사업시설 관리, 사업 지원 및 임대 서비스업",세종시,17
2025-08,"사업시설 관리, 사업 지원 및 임대 서비스업",경기도,3417
2025-08,"사업시설 관리, 사업 지원 및 임대 서비스업",강원도,295
2025-08,"사업시설 관리, 사업 지원 및 임대 서비스업",충청북도,396
2025-08,"사업시설 관리, 사업 지원 및 임대 서비스업",충청남도,193
2025-08,"사업시설 관리, 사업 지원 및 임대 서비스업",전라북도,346
2025-08,"사업시설 관리, 사업 지원 및 임대 서비스업",전라남도,157
2025-08,"사업시설 관리, 사업 지원 및 임대 서비스업",경상북도,336
2025-08,"사업시설 관리, 사업 지원 및 임대 서비스업",경상남도,647
2025-08,"사업시설 관리, 사업 지원 및 임대 서비스업",제주도,67
2025-08,"공공행정, 국방 및 사회보장 행정",전 체,4563
2025-08,"공공행정, 국방 및 사회보장 행정",서울,703
2025-08,"공공행정, 국방 및 사회보장 행정",부산,413
2025-08,"공공행정, 국방 및 사회보장 행정",대구,562
2025-08,"공공행정, 국방 및 사회보장 행정",인천,150
2025-08,"공공행정, 국방 및 사회보장 행정",광주,32
2025-08,"공공행정, 국방 및 사회보장 행정",대전,22
2025-08,"공공행정, 국방 및 사회보장 행정",울산,22
2025-08,"공공행정, 국방 및 사회보장 행정",세종시,12
2025-08,"공공행정, 국방 및 사회보장 행정",경기도,857
2025-08,"공공행정, 국방 및 사회보장 행정",강원도,176
2025-08,"공공행정, 국방 및 사회보장 행정",충청북도,120
2025-08,"공공행정, 국방 및 사회보장 행정",충청남도,84
2025-08,"공공행정, 국방 및 사회보장 행정",전라북도,717
2025-08,"공공행정, 국방 및 사회보장 행정",전라남도,376
2025-08,"공공행정, 국방 및 사회보장 행정",경상북도,206
2025-08,"공공행정, 국방 및 사회보장 행정",경상남도,81
2025-08,"공공행정, 국방 및 사회보장 행정",제주도,30
2025-08,교육 서비스업,전 체,2741
2025-08,교육 서비스업,서울,532
2025-08,교육 서비스업,부산,167
2025-08,교육 서비스업,대구,166
2025-08,교육 서비스업,인천,91
2025-08,교육 서비스업,광주,92
2025-08,교육 서비스업,대전,92
2025-08,교육 서비스업,울산,53
2025-08,교육 서비스업,세종시,13
2025-08,교육 서비스업,경기도,428
2025-08,교육 서비스업,강원도,130
2025-08,교육 서비스업,충청북도,63
2025-08,교육 서비스업,충청남도,112
2025-08,교육 서비스업,전라북도,213
2025-08,교육 서비스업,전라남도,165
2025-08,교육 서비스업,경상북도,232
2025-08,교육 서비스업,경상남도,156
2025-08,교육 서비스업,제주도,36
2025-08,보건업 및 사회복지 서비스업,전 체,38660
2025-08,보건업 및 사회복지 서비스업,서울,5771
2025-08,보건업 및 사회복지 서비스업,부산,3913
2025-08,보건업 및 사회복지 서비스업,대구,2456
2025-08,보건업 및 사회복지 서비스업,인천,3225
2025-08,보건업 및 사회복지 서비스업,광주,549
2025-08,보건업 및 사회복지 서비스업,대전,463
2025-08,보건업 및 사회복지 서비스업,울산,768
2025-08,보건업 및 사회복지 서비스업,세종시,114
2025-08,보건업 및 사회복지 서비스업,경기도,11211
2025-08,보건업 및 사회복지 서비스업,강원도,1033
2025-08,보건업 및 사회복지 서비스업,충청북도,728
2025-08,보건업 및 사회복지 서비스업,충청남도,855
2025-08,보건업 및 사회복지 서비스업,전라북도,1773
2025-08,보건업 및 사회복지 서비스업,전라남도,1165
2025-08,보건업 및 사회복지 서비스업,경상북도,2030
2025-08,보건업 및 사회복지 서비스업,경상남도,2416
2025-08,보건업 및 사회복지 서비스업,제주도,190
2025-08,"예술, 스포츠 및 여가관련 서비스업",전 체,785
2025-08,"예술, 스포츠 및 여가관련 서비스업",서울,133
2025-08,"예술, 스포츠 및 여가관련 서비스업",부산,17
2025-08,"예술, 스포츠 및 여가관련 서비스업",대구,18
2025-08,"예술, 스포츠 및 여가관련 서비스업",인천,53
2025-08,"예술, 스포츠 및 여가관련 서비스업",광주,30
2025-08,"예술, 스포츠 및 여가관련 서비스업",대전,30
2025-08,"예술, 스포츠 및 여가관련 서비스업",울산,10
2025-08,"예술, 스포츠 및 여가관련 서비스업",세종시,10
2025-08,"예술, 스포츠 및 여가관련 서비스업",경기도,170
2025-08,"예술, 스포츠 및 여가관련 서비스업",강원도,50
2025-08,"예술, 스포츠 및 여가관련 서비스업",충청북도,40
2025-08,"예술, 스포츠 및 여가관련 서비스업",충청남도,27
2025-08,"예술, 스포츠 및 여가관련 서비스업",전라북도,64
2025-08,"예술, 스포츠 및 여가관련 서비스업",전라남도,33
2025-08,"예술, 스포츠 및 여가관련 서비스업",경상북도,50
2025-08,"예술, 스포츠 및 여가관련 서비스업",경상남도,23
2025-08,"예술, 스포츠 및 여가관련 서비스업",제주도,27
2025-08,"협회 및 단체, 수리 및 기타 개인 서비스업",전 체,2763
2025-08,"협회 및 단체, 수리 및 기타 개인 서비스업",서울,472
2025-08,"협회 및 단체, 수리 및 기타 개인 서비스업",부산,231
2025-08,"협회 및 단체, 수리 및 기타 개인 서비스업",대구,119
2025-08,"협회 및 단체, 수리 및 기타 개인 서비스업",인천,227
2025-08,"협회 및 단체, 수리 및 기타 개인 서비스업",광주,41
2025-08,"협회 및 단체, 수리 및 기타 개인 서비스업",대전,48
2025-08,"협회 및 단체, 수리 및 기타 개인 서비스업",울산,70
2025-08,"협회 및 단체, 수리 및 기타 개인 서비스업",세종시,19
2025-08,"협회 및 단체, 수리 및 기타 개인 서비스업",경기도,733
2025-08,"협회 및 단체, 수리 및 기타 개인 서비스업",강원도,48
2025-08,"협회 및 단체, 수리 및 기타 개인 서비스업",충청북도,62
2025-08,"협회 및 단체, 수리 및 기타 개인 서비스업",충청남도,90
2025-08,"협회 및 단체, 수리 및 기타 개인 서비스업",전라북도,143
2025-08,"협회 및 단체, 수리 및 기타 개인 서비스업",전라남도,75
2025-08,"협회 및 단체, 수리 및 기타 개인 서비스업",경상북도,130
2025-08,"협회 및 단체, 수리 및 기타 개인 서비스업",경상남도,227
2025-08,"협회 및 단체, 수리 및 기타 개인 서비스업",제주도,28
2025-08,가구 내 고용활동 및 달리 분류되지 않은 자가소비 생산활동,전 체,38
2025-08,가구 내 고용활동 및 달리 분류되지 않은 자가소비 생산활동,서울,9
2025-08,가구 내 고용활동 및 달리 분류되지 않은 자가소비 생산활동,부산,0
2025-08,가구 내 고용활동 및 달리 분류되지 않은 자가소비 생산활동,대구,0
2025-08,가구 내 고용활동 및 달리 분류되지 않은 자가소비 생산활동,인천,7
2025-08,가구 내 고용활동 및 달리 분류되지 않은 자가소비 생산활동,광주,0
2025-08,가구 내 고용활동 및 달리 분류되지 않은 자가소비 생산활동,대전,0
2025-08,가구 내 고용활동 및 달리 분류되지 않은 자가소비 생산활동,울산,0
2025-08,가구 내 고용활동 및 달리 분류되지 않은 자가소비 생산활동,세종시,0
2025-08,가구 내 고용활동 및 달리 분류되지 않은 자가소비 생산활동,경기도,18
2025-08,가구 내 고용활동 및 달리 분류되지 않은 자가소비 생산활동,강원도,0
2025-08,가구 내 고용활동 및 달리 분류되지 않은 자가소비 생산활동,충청북도,4
2025-08,가구 내 고용활동 및 달리 분류되지 않은 자가소비 생산활동,충청남도,0
2025-08,가구 내 고용활동 및 달리 분류되지 않은 자가소비 생산활동,전라북도,0
2025-08,가구 내 고용활동 및 달리 분류되지 않은 자가소비 생산활동,전라남도,0
2025-08,가구 내 고용활동 및 달리 분류되지 않은 자가소비 생산활동,경상북도,0
2025-08,가구 내 고용활동 및 달리 분류되지 않은 자가소비 생산활동,경상남도,0
2025-08,가구 내 고용활동 및 달리 분류되지 않은 자가소비 생산활동,제주도,0
2025-08,국제 및 외국기관,전 체,40
2025-08,국제 및 외국기관,서울,0
2025-08,국제 및 외국기관,부산,0
2025-08,국제 및 외국기관,대구,0
2025-08,국제 및 외국기관,인천,0
2025-08,국제 및 외국기관,광주,0
2025-08,국제 및 외국기관,대전,0
2025-08,국제 및 외국기관,울산,0
2025-08,국제 및 외국기관,세종시,0
2025-08,국제 및 외국기관,경기도,40
2025-08,국제 및 외국기관,강원도,0
2025-08,국제 및 외국기관,충청북도,0
2025-08,국제 및 외국기관,충청남도,0
2025-08,국제 및 외국기관,전라북도,0
2025-08,국제 및 외국기관,전라남도,0
2025-08,국제 및 외국기관,경상북도,0
2025-08,국제 및 외국기관,경상남도,0
2025-08,국제 및 외국기관,제주도,0
2025-09,"농업, 임업 및 어업",전 체,7086
2025-09,"농업, 임업 및 어업",서울,63
2025-09,"농업, 임업 및 어업",부산,97
2025-09,"농업, 임업 및 어업",대구,30
2025-09,"농업, 임업 및 어업",인천,229
2025-09,"농업, 임업 및 어업",광주,28
2025-09,"농업, 임업 및 어업",대전,8
2025-09,"농업, 임업 및 어업",울산,34
2025-09,"농업, 임업 및 어업",세종시,26
2025-09,"농업, 임업 및 어업",경기도,1057
2025-09,"농업, 임업 및 어업",강원도,301
2025-09,"농업, 임업 및 어업",충청북도,188
2025-09,"농업, 임업 및 어업",충청남도,980
2025-09,"농업, 임업 및 어업",전라북도,839
2025-09,"농업, 임업 및 어업",전라남도,1544
2025-09,"농업, 임업 및 어업",경상북도,531
2025-09,"농업, 임업 및 어업",경상남도,791
2025-09,"농업, 임업 및 어업",제주도,340
2025-09,광업,전 체,112
2025-09,광업,서울,9
2025-09,광업,부산,0
2025-09,광업,대구,0
2025-09,광업,인천,0
2025-09,광업,광주,0
2025-09,광업,대전,2
2025-09,광업,울산,0
2025-09,광업,세종시,1
2025-09,광업,경기도,10
2025-09,광업,강원도,58
2025-09,광업,충청북도,13
2025-09,광업,충청남도,2
2025-09,광업,전라북도,2
2025-09,광업,전라남도,2
2025-09,광업,경상북도,12
2025-09,광업,경상남도,1
2025-09,광업,제주도,0
2025-09,제조업,전 체,54932
2025-09,제조업,서울,1195
2025-09,제조업,부산,2456
2025-09,제조업,대구,1787
2025-09,제조업,인천,2553
2025-09,제조업,광주,1071
2025-09,제조업,대전,304
2025-09,제조업,울산,1806
2025-09,제조업,세종시,312
2025-09,제조업,경기도,17613
2025-09,제조업,강원도,1064
2025-09,제조업,충청북도,4387
2025-09,제조업,충청남도,4387
2025-09,제조업,전라북도,2161
2025-09,제조업,전라남도,2169
2025-09,제조업,경상북도,4492
2025-09,제조업,경상남도,6913
2025-09,제조업,제주도,262
2025-09,"전기, 가스, 증기 및 공기조절 공급업",전 체,98
2025-09,"전기, 가스, 증기 및 공기조절 공급업",서울,1
2025-09,"전기, 가스, 증기 및 공기조절 공급업",부산,0
2025-09,"전기, 가스, 증기 및 공기조절 공급업",대구,0
2025-09,"전기, 가스, 증기 및 공기조절 공급업",인천,2
2025-09,"전기, 가스, 증기 및 공기조절 공급업",광주,0
2025-09,"전기, 가스, 증기 및 공기조절 공급업",대전,0
2025-09,"전기, 가스, 증기 및 공기조절 공급업",울산,0
2025-09,"전기, 가스, 증기 및 공기조절 공급업",세종시,0
2025-09,"전기, 가스, 증기 및 공기조절 공급업",경기도,15
2025-09,"전기, 가스, 증기 및 공기조절 공급업",강원도,5
2025-09,"전기, 가스, 증기 및 공기조절 공급업",충청북도,2
2025-09,"전기, 가스, 증기 및 공기조절 공급업",충청남도,38
2025-09,"전기, 가스, 증기 및 공기조절 공급업",전라북도,8
2025-09,"전기, 가스, 증기 및 공기조절 공급업",전라남도,12
2025-09,"전기, 가스, 증기 및 공기조절 공급업",경상북도,1
2025-09,"전기, 가스, 증기 및 공기조절 공급업",경상남도,12
2025-09,"전기, 가스, 증기 및 공기조절 공급업",제주도,2
2025-09,"수도, 하수 및 폐기물 처리, 원료 재생업",전 체,935
2025-09,"수도, 하수 및 폐기물 처리, 원료 재생업",서울,54
2025-09,"수도, 하수 및 폐기물 처리, 원료 재생업",부산,45
2025-09,"수도, 하수 및 폐기물 처리, 원료 재생업",대구,27
2025-09,"수도, 하수 및 폐기물 처리, 원료 재생업",인천,87
2025-09,"수도, 하수 및 폐기물 처리, 원료 재생업",광주,2
2025-09,"수도, 하수 및 폐기물 처리, 원료 재생업",대전,8
2025-09,"수도, 하수 및 폐기물 처리, 원료 재생업",울산,12
2025-09,"수도, 하수 및 폐기물 처리, 원료 재생업",세종시,15
2025-09,"수도, 하수 및 폐기물 처리, 원료 재생업",경기도,327
2025-09,"수도, 하수 및 폐기물 처리, 원료 재생업",강원도,21
2025-09,"수도, 하수 및 폐기물 처리, 원료 재생업",충청북도,46
2025-09,"수도, 하수 및 폐기물 처리, 원료 재생업",충청남도,70
2025-09,"수도, 하수 및 폐기물 처리, 원료 재생업",전라북도,24
2025-09,"수도, 하수 및 폐기물 처리, 원료 재생업",전라남도,44
2025-09,"수도, 하수 및 폐기물 처리, 원료 재생업",경상북도,75
2025-09,"수도, 하수 및 폐기물 처리, 원료 재생업",경상남도,69
2025-09,"수도, 하수 및 폐기물 처리, 원료 재생업",제주도,9
2025-09,건설업,전 체,7054
2025-09,건설업,서울,1627
2025-09,건설업,부산,338
2025-09,건설업,대구,265
2025-09,건설업,인천,430
2025-09,건설업,광주,242
2025-09,건설업,대전,198
2025-09,건설업,울산,194
2025-09,건설업,세종시,18
2025-09,건설업,경기도,1253
2025-09,건설업,강원도,224
2025-09,건설업,충청북도,232
2025-09,건설업,충청남도,350
2025-09,건설업,전라북도,245
2025-09,건설업,전라남도,571
2025-09,건설업,경상북도,353
2025-09,건설업,경상남도,412
2025-09,건설업,제주도,102
2025-09,도매 및 소매업,전 체,8073
2025-09,도매 및 소매업,서울,966
2025-09,도매 및 소매업,부산,572
2025-09,도매 및 소매업,대구,278
2025-09,도매 및 소매업,인천,406
2025-09,도매 및 소매업,광주,141
2025-09,도매 및 소매업,대전,77
2025-09,도매 및 소매업,울산,173
2025-09,도매 및 소매업,세종시,13
2025-09,도매 및 소매업,경기도,2665
2025-09,도매 및 소매업,강원도,233
2025-09,도매 및 소매업,충청북도,343
2025-09,도매 및 소매업,충청남도,405
2025-09,도매 및 소매업,전라북도,344
2025-09,도매 및 소매업,전라남도,296
2025-09,도매 및 소매업,경상북도,355
2025-09,도매 및 소매업,경상남도,661
2025-09,도매 및 소매업,제주도,145
2025-09,운수 및 창고업,전 체,6178
2025-09,운수 및 창고업,서울,3100
2025-09,운수 및 창고업,부산,327
2025-09,운수 및 창고업,대구,30
2025-09,운수 및 창고업,인천,292
2025-09,운수 및 창고업,광주,61
2025-09,운수 및 창고업,대전,259
2025-09,운수 및 창고업,울산,125
2025-09,운수 및 창고업,세종시,6
2025-09,운수 및 창고업,경기도,1305
2025-09,운수 및 창고업,강원도,39
2025-09,운수 및 창고업,충청북도,37
2025-09,운수 및 창고업,충청남도,85
2025-09,운수 및 창고업,전라북도,77
2025-09,운수 및 창고업,전라남도,111
2025-09,운수 및 창고업,경상북도,104
2025-09,운수 및 창고업,경상남도,193
2025-09,운수 및 창고업,제주도,27
2025-09,숙박 및 음식점업,전 체,5574
2025-09,숙박 및 음식점업,서울,2034
2025-09,숙박 및 음식점업,부산,375
2025-09,숙박 및 음식점업,대구,48
2025-09,숙박 및 음식점업,인천,342
2025-09,숙박 및 음식점업,광주,38
2025-09,숙박 및 음식점업,대전,34
2025-09,숙박 및 음식점업,울산,38
2025-09,숙박 및 음식점업,세종시,28
2025-09,숙박 및 음식점업,경기도,1012
2025-09,숙박 및 음식점업,강원도,144
2025-09,숙박 및 음식점업,충청북도,157
2025-09,숙박 및 음식점업,충청남도,111
2025-09,숙박 및 음식점업,전라북도,662
2025-09,숙박 및 음식점업,전라남도,119
2025-09,숙박 및 음식점업,경상북도,159
2025-09,숙박 및 음식점업,경상남도,142
2025-09,숙박 및 음식점업,제주도,131
2025-09,정보통신업,전 체,1438
2025-09,정보통신업,서울,531
2025-09,정보통신업,부산,99
2025-09,정보통신업,대구,50
2025-09,정보통신업,인천,28
2025-09,정보통신업,광주,46
2025-09,정보통신업,대전,51
2025-09,정보통신업,울산,16
2025-09,정보통신업,세종시,7
2025-09,정보통신업,경기도,291
2025-09,정보통신업,강원도,22
2025-09,정보통신업,충청북도,26
2025-09,정보통신업,충청남도,33
2025-09,정보통신업,전라북도,41
2025-09,정보통신업,전라남도,49
2025-09,정보통신업,경상북도,65
2025-09,정보통신업,경상남도,61
2025-09,정보통신업,제주도,22
2025-09,금융 및 보험업,전 체,802
2025-09,금융 및 보험업,서울,341
2025-09,금융 및 보험업,부산,81
2025-09,금융 및 보험업,대구,8
2025-09,금융 및 보험업,인천,2
2025-09,금융 및 보험업,광주,5
2025-09,금융 및 보험업,대전,25
2025-09,금융 및 보험업,울산,9
2025-09,금융 및 보험업,세종시,0
2025-09,금융 및 보험업,경기도,80
2025-09,금융 및 보험업,강원도,30
2025-09,금융 및 보험업,충청북도,23
2025-09,금융 및 보험업,충청남도,20
2025-09,금융 및 보험업,전라북도,25
2025-09,금융 및 보험업,전라남도,33
2025-09,금융 및 보험업,경상북도,41
2025-09,금융 및 보험업,경상남도,60
2025-09,금융 및 보험업,제주도,19
2025-09,부동산업,전 체,2250
2025-09,부동산업,서울,427
2025-09,부동산업,부산,399
2025-09,부동산업,대구,37
2025-09,부동산업,인천,107
2025-09,부동산업,광주,82
2025-09,부동산업,대전,33
2025-09,부동산업,울산,28
2025-09,부동산업,세종시,4
2025-09,부동산업,경기도,508
2025-09,부동산업,강원도,104
2025-09,부동산업,충청북도,37
2025-09,부동산업,충청남도,50
2025-09,부동산업,전라북도,212
2025-09,부동산업,전라남도,53
2025-09,부동산업,경상북도,67
2025-09,부동산업,경상남도,91
2025-09,부동산업,제주도,11
2025-09,"전문, 과학 및 기술 서비스업",전 체,5496
2025-09,"전문, 과학 및 기술 서비스업",서울,1506
2025-09,"전문, 과학 및 기술 서비스업",부산,495
2025-09,"전문, 과학 및 기술 서비스업",대구,209
2025-09,"전문, 과학 및 기술 서비스업",인천,248
2025-09,"전문, 과학 및 기술 서비스업",광주,103
2025-09,"전문, 과학 및 기술 서비스업",대전,156
2025-09,"전문, 과학 및 기술 서비스업",울산,163
2025-09,"전문, 과학 및 기술 서비스업",세종시,74
2025-09,"전문, 과학 및 기술 서비스업",경기도,1006
2025-09,"전문, 과학 및 기술 서비스업",강원도,149
2025-09,"전문, 과학 및 기술 서비스업",충청북도,123
2025-09,"전문, 과학 및 기술 서비스업",충청남도,198
2025-09,"전문, 과학 및 기술 서비스업",전라북도,171
2025-09,"전문, 과학 및 기술 서비스업",전라남도,185
2025-09,"전문, 과학 및 기술 서비스업",경상북도,294
2025-09,"전문, 과학 및 기술 서비스업",경상남도,369
2025-09,"전문, 과학 및 기술 서비스업",제주도,47
2025-09,"사업시설 관리, 사업 지원 및 임대 서비스업",전 체,16897
2025-09,"사업시설 관리, 사업 지원 및 임대 서비스업",서울,7337
2025-09,"사업시설 관리, 사업 지원 및 임대 서비스업",부산,1104
2025-09,"사업시설 관리, 사업 지원 및 임대 서비스업",대구,671
2025-09,"사업시설 관리, 사업 지원 및 임대 서비스업",인천,804
2025-09,"사업시설 관리, 사업 지원 및 임대 서비스업",광주,121
2025-09,"사업시설 관리, 사업 지원 및 임대 서비스업",대전,486
2025-09,"사업시설 관리, 사업 지원 및 임대 서비스업",울산,185
2025-09,"사업시설 관리, 사업 지원 및 임대 서비스업",세종시,29
2025-09,"사업시설 관리, 사업 지원 및 임대 서비스업",경기도,3613
2025-09,"사업시설 관리, 사업 지원 및 임대 서비스업",강원도,168
2025-09,"사업시설 관리, 사업 지원 및 임대 서비스업",충청북도,505
2025-09,"사업시설 관리, 사업 지원 및 임대 서비스업",충청남도,270
2025-09,"사업시설 관리, 사업 지원 및 임대 서비스업",전라북도,350
2025-09,"사업시설 관리, 사업 지원 및 임대 서비스업",전라남도,161
2025-09,"사업시설 관리, 사업 지원 및 임대 서비스업",경상북도,310
2025-09,"사업시설 관리, 사업 지원 및 임대 서비스업",경상남도,681
2025-09,"사업시설 관리, 사업 지원 및 임대 서비스업",제주도,102
2025-09,"공공행정, 국방 및 사회보장 행정",전 체,3034
2025-09,"공공행정, 국방 및 사회보장 행정",서울,360
2025-09,"공공행정, 국방 및 사회보장 행정",부산,274
2025-09,"공공행정, 국방 및 사회보장 행정",대구,175
2025-09,"공공행정, 국방 및 사회보장 행정",인천,119
2025-09,"공공행정, 국방 및 사회보장 행정",광주,28
2025-09,"공공행정, 국방 및 사회보장 행정",대전,67
2025-09,"공공행정, 국방 및 사회보장 행정",울산,32
2025-09,"공공행정, 국방 및 사회보장 행정",세종시,7
2025-09,"공공행정, 국방 및 사회보장 행정",경기도,1100
2025-09,"공공행정, 국방 및 사회보장 행정",강원도,98
2025-09,"공공행정, 국방 및 사회보장 행정",충청북도,74
2025-09,"공공행정, 국방 및 사회보장 행정",충청남도,125
2025-09,"공공행정, 국방 및 사회보장 행정",전라북도,146
2025-09,"공공행정, 국방 및 사회보장 행정",전라남도,173
2025-09,"공공행정, 국방 및 사회보장 행정",경상북도,147
2025-09,"공공행정, 국방 및 사회보장 행정",경상남도,99
2025-09,"공공행정, 국방 및 사회보장 행정",제주도,10
2025-09,교육 서비스업,전 체,2282
2025-09,교육 서비스업,서울,330
2025-09,교육 서비스업,부산,169
2025-09,교육 서비스업,대구,99
2025-09,교육 서비스업,인천,100
2025-09,교육 서비스업,광주,85
2025-09,교육 서비스업,대전,77
2025-09,교육 서비스업,울산,50
2025-09,교육 서비스업,세종시,7
2025-09,교육 서비스업,경기도,472
2025-09,교육 서비스업,강원도,94
2025-09,교육 서비스업,충청북도,76
2025-09,교육 서비스업,충청남도,92
2025-09,교육 서비스업,전라북도,185
2025-09,교육 서비스업,전라남도,117
2025-09,교육 서비스업,경상북도,157
2025-09,교육 서비스업,경상남도,145
2025-09,교육 서비스업,제주도,27
2025-09,보건업 및 사회복지 서비스업,전 체,38962
2025-09,보건업 및 사회복지 서비스업,서울,5666
2025-09,보건업 및 사회복지 서비스업,부산,4216
2025-09,보건업 및 사회복지 서비스업,대구,2628
2025-09,보건업 및 사회복지 서비스업,인천,3363
2025-09,보건업 및 사회복지 서비스업,광주,607
2025-09,보건업 및 사회복지 서비스업,대전,470
2025-09,보건업 및 사회복지 서비스업,울산,680
2025-09,보건업 및 사회복지 서비스업,세종시,137
2025-09,보건업 및 사회복지 서비스업,경기도,10851
2025-09,보건업 및 사회복지 서비스업,강원도,963
2025-09,보건업 및 사회복지 서비스업,충청북도,772
2025-09,보건업 및 사회복지 서비스업,충청남도,875
2025-09,보건업 및 사회복지 서비스업,전라북도,1788
2025-09,보건업 및 사회복지 서비스업,전라남도,1175
2025-09,보건업 및 사회복지 서비스업,경상북도,1984
2025-09,보건업 및 사회복지 서비스업,경상남도,2564
2025-09,보건업 및 사회복지 서비스업,제주도,223
2025-09,"예술, 스포츠 및 여가관련 서비스업",전 체,940
2025-09,"예술, 스포츠 및 여가관련 서비스업",서울,154
2025-09,"예술, 스포츠 및 여가관련 서비스업",부산,85
2025-09,"예술, 스포츠 및 여가관련 서비스업",대구,12
2025-09,"예술, 스포츠 및 여가관련 서비스업",인천,19
2025-09,"예술, 스포츠 및 여가관련 서비스업",광주,34
2025-09,"예술, 스포츠 및 여가관련 서비스업",대전,8
2025-09,"예술, 스포츠 및 여가관련 서비스업",울산,3
2025-09,"예술, 스포츠 및 여가관련 서비스업",세종시,7
2025-09,"예술, 스포츠 및 여가관련 서비스업",경기도,139
2025-09,"예술, 스포츠 및 여가관련 서비스업",강원도,148
2025-09,"예술, 스포츠 및 여가관련 서비스업",충청북도,20
2025-09,"예술, 스포츠 및 여가관련 서비스업",충청남도,25
2025-09,"예술, 스포츠 및 여가관련 서비스업",전라북도,114
2025-09,"예술, 스포츠 및 여가관련 서비스업",전라남도,25
2025-09,"예술, 스포츠 및 여가관련 서비스업",경상북도,68
2025-09,"예술, 스포츠 및 여가관련 서비스업",경상남도,22
2025-09,"예술, 스포츠 및 여가관련 서비스업",제주도,57
2025-09,"협회 및 단체, 수리 및 기타 개인 서비스업",전 체,3097
2025-09,"협회 및 단체, 수리 및 기타 개인 서비스업",서울,499
2025-09,"협회 및 단체, 수리 및 기타 개인 서비스업",부산,213
2025-09,"협회 및 단체, 수리 및 기타 개인 서비스업",대구,114
2025-09,"협회 및 단체, 수리 및 기타 개인 서비스업",인천,258
2025-09,"협회 및 단체, 수리 및 기타 개인 서비스업",광주,28
2025-09,"협회 및 단체, 수리 및 기타 개인 서비스업",대전,33
2025-09,"협회 및 단체, 수리 및 기타 개인 서비스업",울산,84
2025-09,"협회 및 단체, 수리 및 기타 개인 서비스업",세종시,11
2025-09,"협회 및 단체, 수리 및 기타 개인 서비스업",경기도,756
2025-09,"협회 및 단체, 수리 및 기타 개인 서비스업",강원도,129
2025-09,"협회 및 단체, 수리 및 기타 개인 서비스업",충청북도,62
2025-09,"협회 및 단체, 수리 및 기타 개인 서비스업",충청남도,123
2025-09,"협회 및 단체, 수리 및 기타 개인 서비스업",전라북도,295
2025-09,"협회 및 단체, 수리 및 기타 개인 서비스업",전라남도,86
2025-09,"협회 및 단체, 수리 및 기타 개인 서비스업",경상북도,126
2025-09,"협회 및 단체, 수리 및 기타 개인 서비스업",경상남도,256
2025-09,"협회 및 단체, 수리 및 기타 개인 서비스업",제주도,24
2025-09,가구 내 고용활동 및 달리 분류되지 않은 자가소비 생산활동,전 체,66
2025-09,가구 내 고용활동 및 달리 분류되지 않은 자가소비 생산활동,서울,49
2025-09,가구 내 고용활동 및 달리 분류되지 않은 자가소비 생산활동,부산,0
2025-09,가구 내 고용활동 및 달리 분류되지 않은 자가소비 생산활동,대구,0
2025-09,가구 내 고용활동 및 달리 분류되지 않은 자가소비 생산활동,인천,1
2025-09,가구 내 고용활동 및 달리 분류되지 않은 자가소비 생산활동,광주,0
2025-09,가구 내 고용활동 및 달리 분류되지 않은 자가소비 생산활동,대전,0
2025-09,가구 내 고용활동 및 달리 분류되지 않은 자가소비 생산활동,울산,0
2025-09,가구 내 고용활동 및 달리 분류되지 않은 자가소비 생산활동,세종시,0
2025-09,가구 내 고용활동 및 달리 분류되지 않은 자가소비 생산활동,경기도,15
2025-09,가구 내 고용활동 및 달리 분류되지 않은 자가소비 생산활동,강원도,0
2025-09,가구 내 고용활동 및 달리 분류되지 않은 자가소비 생산활동,충청북도,1
2025-09,가구 내 고용활동 및 달리 분류되지 않은 자가소비 생산활동,충청남도,0
2025-09,가구 내 고용활동 및 달리 분류되지 않은 자가소비 생산활동,전라북도,0
2025-09,가구 내 고용활동 및 달리 분류되지 않은 자가소비 생산활동,전라남도,0
2025-09,가구 내 고용활동 및 달리 분류되지 않은 자가소비 생산활동,경상북도,0
2025-09,가구 내 고용활동 및 달리 분류되지 않은 자가소비 생산활동,경상남도,0
2025-09,가구 내 고용활동 및 달리 분류되지 않은 자가소비 생산활동,제주도,0
2025-09,국제 및 외국기관,전 체,27
2025-09,국제 및 외국기관,서울,0
2025-09,국제 및 외국기관,부산,0
2025-09,국제 및 외국기관,대구,0
2025-09,국제 및 외국기관,인천,0
2025-09,국제 및 외국기관,광주,0
2025-09,국제 및 외국기관,대전,0
2025-09,국제 및 외국기관,울산,0
2025-09,국제 및 외국기관,세종시,0
2025-09,국제 및 외국기관,경기도,27
2025-09,국제 및 외국기관,강원도,0
2025-09,국제 및 외국기관,충청북도,0
2025-09,국제 및 외국기관,충청남도,0
2025-09,국제 및 외국기관,전라북도,0
2025-09,국제 및 외국기관,전라남도,0
2025-09,국제 및 외국기관,경상북도,0
2025-09,국제 및 외국기관,경상남도,0
2025-09,국제 및 외국기관,제주도,0
2025-10,"농업, 임업 및 어업",전 체,3795
2025-10,"농업, 임업 및 어업",서울,35
2025-10,"농업, 임업 및 어업",부산,75
2025-10,"농업, 임업 및 어업",대구,15
2025-10,"농업, 임업 및 어업",인천,46
2025-10,"농업, 임업 및 어업",광주,15
2025-10,"농업, 임업 및 어업",대전,6
2025-10,"농업, 임업 및 어업",울산,18
2025-10,"농업, 임업 및 어업",세종시,19
2025-10,"농업, 임업 및 어업",경기도,623
2025-10,"농업, 임업 및 어업",강원도,598
2025-10,"농업, 임업 및 어업",충청북도,165
2025-10,"농업, 임업 및 어업",충청남도,507
2025-10,"농업, 임업 및 어업",전라북도,351
2025-10,"농업, 임업 및 어업",전라남도,697
2025-10,"농업, 임업 및 어업",경상북도,197
2025-10,"농업, 임업 및 어업",경상남도,362
2025-10,"농업, 임업 및 어업",제주도,66
2025-10,광업,전 체,70
2025-10,광업,서울,7
2025-10,광업,부산,7
2025-10,광업,대구,0
2025-10,광업,인천,1
2025-10,광업,광주,0
2025-10,광업,대전,0
2025-10,광업,울산,0
2025-10,광업,세종시,0
2025-10,광업,경기도,9
2025-10,광업,강원도,31
2025-10,광업,충청북도,4
2025-10,광업,충청남도,0
2025-10,광업,전라북도,3
2025-10,광업,전라남도,0
2025-10,광업,경상북도,4
2025-10,광업,경상남도,4
2025-10,광업,제주도,0
2025-10,제조업,전 체,41618
2025-10,제조업,서울,941
2025-10,제조업,부산,2138
2025-10,제조업,대구,1522
2025-10,제조업,인천,2119
2025-10,제조업,광주,758
2025-10,제조업,대전,282
2025-10,제조업,울산,1575
2025-10,제조업,세종시,231
2025-10,제조업,경기도,12656
2025-10,제조업,강원도,714
2025-10,제조업,충청북도,2842
2025-10,제조업,충청남도,3426
2025-10,제조업,전라북도,1729
2025-10,제조업,전라남도,1462
2025-10,제조업,경상북도,3655
2025-10,제조업,경상남도,5407
2025-10,제조업,제주도,161
2025-10,"전기, 가스, 증기 및 공기조절 공급업",전 체,78
2025-10,"전기, 가스, 증기 및 공기조절 공급업",서울,2
2025-10,"전기, 가스, 증기 및 공기조절 공급업",부산,1
2025-10,"전기, 가스, 증기 및 공기조절 공급업",대구,0
2025-10,"전기, 가스, 증기 및 공기조절 공급업",인천,1
2025-10,"전기, 가스, 증기 및 공기조절 공급업",광주,1
2025-10,"전기, 가스, 증기 및 공기조절 공급업",대전,0
2025-10,"전기, 가스, 증기 및 공기조절 공급업",울산,0
2025-10,"전기, 가스, 증기 및 공기조절 공급업",세종시,1
2025-10,"전기, 가스, 증기 및 공기조절 공급업",경기도,15
2025-10,"전기, 가스, 증기 및 공기조절 공급업",강원도,5
2025-10,"전기, 가스, 증기 및 공기조절 공급업",충청북도,2
2025-10,"전기, 가스, 증기 및 공기조절 공급업",충청남도,17
2025-10,"전기, 가스, 증기 및 공기조절 공급업",전라북도,12
2025-10,"전기, 가스, 증기 및 공기조절 공급업",전라남도,4
2025-10,"전기, 가스, 증기 및 공기조절 공급업",경상북도,7
2025-10,"전기, 가스, 증기 및 공기조절 공급업",경상남도,9
2025-10,"전기, 가스, 증기 및 공기조절 공급업",제주도,1
2025-10,"수도, 하수 및 폐기물 처리, 원료 재생업",전 체,1065
2025-10,"수도, 하수 및 폐기물 처리, 원료 재생업",서울,51
2025-10,"수도, 하수 및 폐기물 처리, 원료 재생업",부산,34
2025-10,"수도, 하수 및 폐기물 처리, 원료 재생업",대구,212
2025-10,"수도, 하수 및 폐기물 처리, 원료 재생업",인천,65
2025-10,"수도, 하수 및 폐기물 처리, 원료 재생업",광주,11
2025-10,"수도, 하수 및 폐기물 처리, 원료 재생업",대전,3
2025-10,"수도, 하수 및 폐기물 처리, 원료 재생업",울산,14
2025-10,"수도, 하수 및 폐기물 처리, 원료 재생업",세종시,3
2025-10,"수도, 하수 및 폐기물 처리, 원료 재생업",경기도,303
2025-10,"수도, 하수 및 폐기물 처리, 원료 재생업",강원도,24
2025-10,"수도, 하수 및 폐기물 처리, 원료 재생업",충청북도,42
2025-10,"수도, 하수 및 폐기물 처리, 원료 재생업",충청남도,74
2025-10,"수도, 하수 및 폐기물 처리, 원료 재생업",전라북도,44
2025-10,"수도, 하수 및 폐기물 처리, 원료 재생업",전라남도,43
2025-10,"수도, 하수 및 폐기물 처리, 원료 재생업",경상북도,68
2025-10,"수도, 하수 및 폐기물 처리, 원료 재생업",경상남도,69
2025-10,"수도, 하수 및 폐기물 처리, 원료 재생업",제주도,5
2025-10,건설업,전 체,6333
2025-10,건설업,서울,1188
2025-10,건설업,부산,464
2025-10,건설업,대구,327
2025-10,건설업,인천,210
2025-10,건설업,광주,239
2025-10,건설업,대전,424
2025-10,건설업,울산,153
2025-10,건설업,세종시,34
2025-10,건설업,경기도,1106
2025-10,건설업,강원도,182
2025-10,건설업,충청북도,248
2025-10,건설업,충청남도,268
2025-10,건설업,전라북도,231
2025-10,건설업,전라남도,427
2025-10,건설업,경상북도,403
2025-10,건설업,경상남도,366
2025-10,건설업,제주도,63
2025-10,도매 및 소매업,전 체,7083
2025-10,도매 및 소매업,서울,814
2025-10,도매 및 소매업,부산,591
2025-10,도매 및 소매업,대구,258
2025-10,도매 및 소매업,인천,344
2025-10,도매 및 소매업,광주,176
2025-10,도매 및 소매업,대전,87
2025-10,도매 및 소매업,울산,88
2025-10,도매 및 소매업,세종시,13
2025-10,도매 및 소매업,경기도,2269
2025-10,도매 및 소매업,강원도,214
2025-10,도매 및 소매업,충청북도,304
2025-10,도매 및 소매업,충청남도,339
2025-10,도매 및 소매업,전라북도,289
2025-10,도매 및 소매업,전라남도,250
2025-10,도매 및 소매업,경상북도,316
2025-10,도매 및 소매업,경상남도,651
2025-10,도매 및 소매업,제주도,80
2025-10,운수 및 창고업,전 체,7104
2025-10,운수 및 창고업,서울,3240
2025-10,운수 및 창고업,부산,276
2025-10,운수 및 창고업,대구,81
2025-10,운수 및 창고업,인천,615
2025-10,운수 및 창고업,광주,35
2025-10,운수 및 창고업,대전,32
2025-10,운수 및 창고업,울산,83
2025-10,운수 및 창고업,세종시,0
2025-10,운수 및 창고업,경기도,1245
2025-10,운수 및 창고업,강원도,323
2025-10,운수 및 창고업,충청북도,289
2025-10,운수 및 창고업,충청남도,137
2025-10,운수 및 창고업,전라북도,65
2025-10,운수 및 창고업,전라남도,91
2025-10,운수 및 창고업,경상북도,345
2025-10,운수 및 창고업,경상남도,230
2025-10,운수 및 창고업,제주도,17
2025-10,숙박 및 음식점업,전 체,3860
2025-10,숙박 및 음식점업,서울,1410
2025-10,숙박 및 음식점업,부산,362
2025-10,숙박 및 음식점업,대구,32
2025-10,숙박 및 음식점업,인천,287
2025-10,숙박 및 음식점업,광주,22
2025-10,숙박 및 음식점업,대전,28
2025-10,숙박 및 음식점업,울산,45
2025-10,숙박 및 음식점업,세종시,0
2025-10,숙박 및 음식점업,경기도,791
2025-10,숙박 및 음식점업,강원도,103
2025-10,숙박 및 음식점업,충청북도,141
2025-10,숙박 및 음식점업,충청남도,90
2025-10,숙박 및 음식점업,전라북도,132
2025-10,숙박 및 음식점업,전라남도,106
2025-10,숙박 및 음식점업,경상북도,140
2025-10,숙박 및 음식점업,경상남도,135
2025-10,숙박 및 음식점업,제주도,36
2025-10,정보통신업,전 체,1140
2025-10,정보통신업,서울,577
2025-10,정보통신업,부산,72
2025-10,정보통신업,대구,39
2025-10,정보통신업,인천,26
2025-10,정보통신업,광주,21
2025-10,정보통신업,대전,33
2025-10,정보통신업,울산,10
2025-10,정보통신업,세종시,2
2025-10,정보통신업,경기도,162
2025-10,정보통신업,강원도,22
2025-10,정보통신업,충청북도,9
2025-10,정보통신업,충청남도,31
2025-10,정보통신업,전라북도,19
2025-10,정보통신업,전라남도,25
2025-10,정보통신업,경상북도,38
2025-10,정보통신업,경상남도,48
2025-10,정보통신업,제주도,6
2025-10,금융 및 보험업,전 체,638
2025-10,금융 및 보험업,서울,287
2025-10,금융 및 보험업,부산,87
2025-10,금융 및 보험업,대구,27
2025-10,금융 및 보험업,인천,2
2025-10,금융 및 보험업,광주,5
2025-10,금융 및 보험업,대전,2
2025-10,금융 및 보험업,울산,2
2025-10,금융 및 보험업,세종시,0
2025-10,금융 및 보험업,경기도,37
2025-10,금융 및 보험업,강원도,16
2025-10,금융 및 보험업,충청북도,11
2025-10,금융 및 보험업,충청남도,32
2025-10,금융 및 보험업,전라북도,20
2025-10,금융 및 보험업,전라남도,28
2025-10,금융 및 보험업,경상북도,32
2025-10,금융 및 보험업,경상남도,34
2025-10,금융 및 보험업,제주도,16
2025-10,부동산업,전 체,2472
2025-10,부동산업,서울,451
2025-10,부동산업,부산,163
2025-10,부동산업,대구,23
2025-10,부동산업,인천,91
2025-10,부동산업,광주,29
2025-10,부동산업,대전,18
2025-10,부동산업,울산,31
2025-10,부동산업,세종시,150
2025-10,부동산업,경기도,489
2025-10,부동산업,강원도,75
2025-10,부동산업,충청북도,35
2025-10,부동산업,충청남도,238
2025-10,부동산업,전라북도,183
2025-10,부동산업,전라남도,268
2025-10,부동산업,경상북도,142
2025-10,부동산업,경상남도,73
2025-10,부동산업,제주도,13
2025-10,"전문, 과학 및 기술 서비스업",전 체,4342
2025-10,"전문, 과학 및 기술 서비스업",서울,640
2025-10,"전문, 과학 및 기술 서비스업",부산,458
2025-10,"전문, 과학 및 기술 서비스업",대구,137
2025-10,"전문, 과학 및 기술 서비스업",인천,239
2025-10,"전문, 과학 및 기술 서비스업",광주,103
2025-10,"전문, 과학 및 기술 서비스업",대전,325
2025-10,"전문, 과학 및 기술 서비스업",울산,170
2025-10,"전문, 과학 및 기술 서비스업",세종시,59
2025-10,"전문, 과학 및 기술 서비스업",경기도,1021
2025-10,"전문, 과학 및 기술 서비스업",강원도,91
2025-10,"전문, 과학 및 기술 서비스업",충청북도,55
2025-10,"전문, 과학 및 기술 서비스업",충청남도,217
2025-10,"전문, 과학 및 기술 서비스업",전라북도,104
2025-10,"전문, 과학 및 기술 서비스업",전라남도,128
2025-10,"전문, 과학 및 기술 서비스업",경상북도,235
2025-10,"전문, 과학 및 기술 서비스업",경상남도,318
2025-10,"전문, 과학 및 기술 서비스업",제주도,42
2025-10,"사업시설 관리, 사업 지원 및 임대 서비스업",전 체,15432
2025-10,"사업시설 관리, 사업 지원 및 임대 서비스업",서울,7260
2025-10,"사업시설 관리, 사업 지원 및 임대 서비스업",부산,819
2025-10,"사업시설 관리, 사업 지원 및 임대 서비스업",대구,493
2025-10,"사업시설 관리, 사업 지원 및 임대 서비스업",인천,616
2025-10,"사업시설 관리, 사업 지원 및 임대 서비스업",광주,149
2025-10,"사업시설 관리, 사업 지원 및 임대 서비스업",대전,473
2025-10,"사업시설 관리, 사업 지원 및 임대 서비스업",울산,133
2025-10,"사업시설 관리, 사업 지원 및 임대 서비스업",세종시,9
2025-10,"사업시설 관리, 사업 지원 및 임대 서비스업",경기도,3335
2025-10,"사업시설 관리, 사업 지원 및 임대 서비스업",강원도,189
2025-10,"사업시설 관리, 사업 지원 및 임대 서비스업",충청북도,319
2025-10,"사업시설 관리, 사업 지원 및 임대 서비스업",충청남도,173
2025-10,"사업시설 관리, 사업 지원 및 임대 서비스업",전라북도,330
2025-10,"사업시설 관리, 사업 지원 및 임대 서비스업",전라남도,156
2025-10,"사업시설 관리, 사업 지원 및 임대 서비스업",경상북도,269
2025-10,"사업시설 관리, 사업 지원 및 임대 서비스업",경상남도,635
2025-10,"사업시설 관리, 사업 지원 및 임대 서비스업",제주도,74
2025-10,"공공행정, 국방 및 사회보장 행정",전 체,2630
2025-10,"공공행정, 국방 및 사회보장 행정",서울,347
2025-10,"공공행정, 국방 및 사회보장 행정",부산,231
2025-10,"공공행정, 국방 및 사회보장 행정",대구,129
2025-10,"공공행정, 국방 및 사회보장 행정",인천,126
2025-10,"공공행정, 국방 및 사회보장 행정",광주,47
2025-10,"공공행정, 국방 및 사회보장 행정",대전,9
2025-10,"공공행정, 국방 및 사회보장 행정",울산,163
2025-10,"공공행정, 국방 및 사회보장 행정",세종시,3
2025-10,"공공행정, 국방 및 사회보장 행정",경기도,764
2025-10,"공공행정, 국방 및 사회보장 행정",강원도,98
2025-10,"공공행정, 국방 및 사회보장 행정",충청북도,54
2025-10,"공공행정, 국방 및 사회보장 행정",충청남도,41
2025-10,"공공행정, 국방 및 사회보장 행정",전라북도,256
2025-10,"공공행정, 국방 및 사회보장 행정",전라남도,141
2025-10,"공공행정, 국방 및 사회보장 행정",경상북도,112
2025-10,"공공행정, 국방 및 사회보장 행정",경상남도,79
2025-10,"공공행정, 국방 및 사회보장 행정",제주도,30
2025-10,교육 서비스업,전 체,3027
2025-10,교육 서비스업,서울,678
2025-10,교육 서비스업,부산,163
2025-10,교육 서비스업,대구,89
2025-10,교육 서비스업,인천,510
2025-10,교육 서비스업,광주,127
2025-10,교육 서비스업,대전,95
2025-10,교육 서비스업,울산,32
2025-10,교육 서비스업,세종시,10
2025-10,교육 서비스업,경기도,442
2025-10,교육 서비스업,강원도,99
2025-10,교육 서비스업,충청북도,59
2025-10,교육 서비스업,충청남도,83
2025-10,교육 서비스업,전라북도,205
2025-10,교육 서비스업,전라남도,121
2025-10,교육 서비스업,경상북도,147
2025-10,교육 서비스업,경상남도,143
2025-10,교육 서비스업,제주도,24
2025-10,보건업 및 사회복지 서비스업,전 체,38043
2025-10,보건업 및 사회복지 서비스업,서울,5358
2025-10,보건업 및 사회복지 서비스업,부산,4119
2025-10,보건업 및 사회복지 서비스업,대구,2482
2025-10,보건업 및 사회복지 서비스업,인천,3300
2025-10,보건업 및 사회복지 서비스업,광주,537
2025-10,보건업 및 사회복지 서비스업,대전,450
2025-10,보건업 및 사회복지 서비스업,울산,665
2025-10,보건업 및 사회복지 서비스업,세종시,146
2025-10,보건업 및 사회복지 서비스업,경기도,11033
2025-10,보건업 및 사회복지 서비스업,강원도,887
2025-10,보건업 및 사회복지 서비스업,충청북도,725
2025-10,보건업 및 사회복지 서비스업,충청남도,871
2025-10,보건업 및 사회복지 서비스업,전라북도,1803
2025-10,보건업 및 사회복지 서비스업,전라남도,1052
2025-10,보건업 및 사회복지 서비스업,경상북도,1995
2025-10,보건업 및 사회복지 서비스업,경상남도,2401
2025-10,보건업 및 사회복지 서비스업,제주도,219
2025-10,"예술, 스포츠 및 여가관련 서비스업",전 체,711
2025-10,"예술, 스포츠 및 여가관련 서비스업",서울,86
2025-10,"예술, 스포츠 및 여가관련 서비스업",부산,76
2025-10,"예술, 스포츠 및 여가관련 서비스업",대구,17
2025-10,"예술, 스포츠 및 여가관련 서비스업",인천,35
2025-10,"예술, 스포츠 및 여가관련 서비스업",광주,38
2025-10,"예술, 스포츠 및 여가관련 서비스업",대전,9
2025-10,"예술, 스포츠 및 여가관련 서비스업",울산,9
2025-10,"예술, 스포츠 및 여가관련 서비스업",세종시,3
2025-10,"예술, 스포츠 및 여가관련 서비스업",경기도,84
2025-10,"예술, 스포츠 및 여가관련 서비스업",강원도,151
2025-10,"예술, 스포츠 및 여가관련 서비스업",충청북도,18
2025-10,"예술, 스포츠 및 여가관련 서비스업",충청남도,12
2025-10,"예술, 스포츠 및 여가관련 서비스업",전라북도,49
2025-10,"예술, 스포츠 및 여가관련 서비스업",전라남도,47
2025-10,"예술, 스포츠 및 여가관련 서비스업",경상북도,33
2025-10,"예술, 스포츠 및 여가관련 서비스업",경상남도,29
2025-10,"예술, 스포츠 및 여가관련 서비스업",제주도,15
2025-10,"협회 및 단체, 수리 및 기타 개인 서비스업",전 체,2574
2025-10,"협회 및 단체, 수리 및 기타 개인 서비스업",서울,398
2025-10,"협회 및 단체, 수리 및 기타 개인 서비스업",부산,236
2025-10,"협회 및 단체, 수리 및 기타 개인 서비스업",대구,104
2025-10,"협회 및 단체, 수리 및 기타 개인 서비스업",인천,261
2025-10,"협회 및 단체, 수리 및 기타 개인 서비스업",광주,57
2025-10,"협회 및 단체, 수리 및 기타 개인 서비스업",대전,19
2025-10,"협회 및 단체, 수리 및 기타 개인 서비스업",울산,68
2025-10,"협회 및 단체, 수리 및 기타 개인 서비스업",세종시,6
2025-10,"협회 및 단체, 수리 및 기타 개인 서비스업",경기도,667
2025-10,"협회 및 단체, 수리 및 기타 개인 서비스업",강원도,42
2025-10,"협회 및 단체, 수리 및 기타 개인 서비스업",충청북도,88
2025-10,"협회 및 단체, 수리 및 기타 개인 서비스업",충청남도,70
2025-10,"협회 및 단체, 수리 및 기타 개인 서비스업",전라북도,111
2025-10,"협회 및 단체, 수리 및 기타 개인 서비스업",전라남도,98
2025-10,"협회 및 단체, 수리 및 기타 개인 서비스업",경상북도,120
2025-10,"협회 및 단체, 수리 및 기타 개인 서비스업",경상남도,197
2025-10,"협회 및 단체, 수리 및 기타 개인 서비스업",제주도,32
2025-10,가구 내 고용활동 및 달리 분류되지 않은 자가소비 생산활동,전 체,24
2025-10,가구 내 고용활동 및 달리 분류되지 않은 자가소비 생산활동,서울,3
2025-10,가구 내 고용활동 및 달리 분류되지 않은 자가소비 생산활동,부산,0
2025-10,가구 내 고용활동 및 달리 분류되지 않은 자가소비 생산활동,대구,0
2025-10,가구 내 고용활동 및 달리 분류되지 않은 자가소비 생산활동,인천,4
2025-10,가구 내 고용활동 및 달리 분류되지 않은 자가소비 생산활동,광주,0
2025-10,가구 내 고용활동 및 달리 분류되지 않은 자가소비 생산활동,대전,0
2025-10,가구 내 고용활동 및 달리 분류되지 않은 자가소비 생산활동,울산,0
2025-10,가구 내 고용활동 및 달리 분류되지 않은 자가소비 생산활동,세종시,0
2025-10,가구 내 고용활동 및 달리 분류되지 않은 자가소비 생산활동,경기도,13
2025-10,가구 내 고용활동 및 달리 분류되지 않은 자가소비 생산활동,강원도,0
2025-10,가구 내 고용활동 및 달리 분류되지 않은 자가소비 생산활동,충청북도,4
2025-10,가구 내 고용활동 및 달리 분류되지 않은 자가소비 생산활동,충청남도,0
2025-10,가구 내 고용활동 및 달리 분류되지 않은 자가소비 생산활동,전라북도,0
2025-10,가구 내 고용활동 및 달리 분류되지 않은 자가소비 생산활동,전라남도,0
2025-10,가구 내 고용활동 및 달리 분류되지 않은 자가소비 생산활동,경상북도,0
2025-10,가구 내 고용활동 및 달리 분류되지 않은 자가소비 생산활동,경상남도,0
2025-10,가구 내 고용활동 및 달리 분류되지 않은 자가소비 생산활동,제주도,0
2025-10,국제 및 외국기관,전 체,9
2025-10,국제 및 외국기관,서울,1
2025-10,국제 및 외국기관,부산,0
2025-10,국제 및 외국기관,대구,0
2025-10,국제 및 외국기관,인천,0
2025-10,국제 및 외국기관,광주,0
2025-10,국제 및 외국기관,대전,0
2025-10,국제 및 외국기관,울산,0
2025-10,국제 및 외국기관,세종시,0
2025-10,국제 및 외국기관,경기도,8
2025-10,국제 및 외국기관,강원도,0
2025-10,국제 및 외국기관,충청북도,0
2025-10,국제 및 외국기관,충청남도,0
2025-10,국제 및 외국기관,전라북도,0
2025-10,국제 및 외국기관,전라남도,0
2025-10,국제 및 외국기관,경상북도,0
2025-10,국제 및 외국기관,경상남도,0
2025-10,국제 및 외국기관,제주도,0
2025-11,"농업, 임업 및 어업",전 체,6510
2025-11,"농업, 임업 및 어업",서울,32
2025-11,"농업, 임업 및 어업",부산,54
2025-11,"농업, 임업 및 어업",대구,21
2025-11,"농업, 임업 및 어업",인천,500
2025-11,"농업, 임업 및 어업",광주,19
2025-11,"농업, 임업 및 어업",대전,10
2025-11,"농업, 임업 및 어업",울산,39
2025-11,"농업, 임업 및 어업",세종시,9
2025-11,"농업, 임업 및 어업",경기도,1056
2025-11,"농업, 임업 및 어업",강원도,548
2025-11,"농업, 임업 및 어업",충청북도,278
2025-11,"농업, 임업 및 어업",충청남도,833
2025-11,"농업, 임업 및 어업",전라북도,622
2025-11,"농업, 임업 및 어업",전라남도,1229
2025-11,"농업, 임업 및 어업",경상북도,396
2025-11,"농업, 임업 및 어업",경상남도,619
2025-11,"농업, 임업 및 어업",제주도,245
2025-11,광업,전 체,102
2025-11,광업,서울,10
2025-11,광업,부산,2
2025-11,광업,대구,0
2025-11,광업,인천,4
2025-11,광업,광주,0
2025-11,광업,대전,0
2025-11,광업,울산,0
2025-11,광업,세종시,0
2025-11,광업,경기도,20
2025-11,광업,강원도,30
2025-11,광업,충청북도,3
2025-11,광업,충청남도,3
2025-11,광업,전라북도,6
2025-11,광업,전라남도,2
2025-11,광업,경상북도,20
2025-11,광업,경상남도,2
2025-11,광업,제주도,0
2025-11,제조업,전 체,45046
2025-11,제조업,서울,1161
2025-11,제조업,부산,2115
2025-11,제조업,대구,1733
2025-11,제조업,인천,2124
2025-11,제조업,광주,695
2025-11,제조업,대전,346
2025-11,제조업,울산,1834
2025-11,제조업,세종시,324
2025-11,제조업,경기도,14682
2025-11,제조업,강원도,691
2025-11,제조업,충청북도,2877
2025-11,제조업,충청남도,3177
2025-11,제조업,전라북도,1752
2025-11,제조업,전라남도,1881
2025-11,제조업,경상북도,3535
2025-11,제조업,경상남도,5977
2025-11,제조업,제주도,142
2025-11,"전기, 가스, 증기 및 공기조절 공급업",전 체,72
2025-11,"전기, 가스, 증기 및 공기조절 공급업",서울,7
2025-11,"전기, 가스, 증기 및 공기조절 공급업",부산,2
2025-11,"전기, 가스, 증기 및 공기조절 공급업",대구,1
2025-11,"전기, 가스, 증기 및 공기조절 공급업",인천,2
2025-11,"전기, 가스, 증기 및 공기조절 공급업",광주,0
2025-11,"전기, 가스, 증기 및 공기조절 공급업",대전,0
2025-11,"전기, 가스, 증기 및 공기조절 공급업",울산,7
2025-11,"전기, 가스, 증기 및 공기조절 공급업",세종시,1
2025-11,"전기, 가스, 증기 및 공기조절 공급업",경기도,5
2025-11,"전기, 가스, 증기 및 공기조절 공급업",강원도,1
2025-11,"전기, 가스, 증기 및 공기조절 공급업",충청북도,4
2025-11,"전기, 가스, 증기 및 공기조절 공급업",충청남도,16
2025-11,"전기, 가스, 증기 및 공기조절 공급업",전라북도,6
2025-11,"전기, 가스, 증기 및 공기조절 공급업",전라남도,3
2025-11,"전기, 가스, 증기 및 공기조절 공급업",경상북도,3
2025-11,"전기, 가스, 증기 및 공기조절 공급업",경상남도,12
2025-11,"전기, 가스, 증기 및 공기조절 공급업",제주도,2
2025-11,"수도, 하수 및 폐기물 처리, 원료 재생업",전 체,1047
2025-11,"수도, 하수 및 폐기물 처리, 원료 재생업",서울,54
2025-11,"수도, 하수 및 폐기물 처리, 원료 재생업",부산,42
2025-11,"수도, 하수 및 폐기물 처리, 원료 재생업",대구,29
2025-11,"수도, 하수 및 폐기물 처리, 원료 재생업",인천,66
2025-11,"수도, 하수 및 폐기물 처리, 원료 재생업",광주,11
2025-11,"수도, 하수 및 폐기물 처리, 원료 재생업",대전,8
2025-11,"수도, 하수 및 폐기물 처리, 원료 재생업",울산,14
2025-11,"수도, 하수 및 폐기물 처리, 원료 재생업",세종시,3
2025-11,"수도, 하수 및 폐기물 처리, 원료 재생업",경기도,455
2025-11,"수도, 하수 및 폐기물 처리, 원료 재생업",강원도,22
2025-11,"수도, 하수 및 폐기물 처리, 원료 재생업",충청북도,41
2025-11,"수도, 하수 및 폐기물 처리, 원료 재생업",충청남도,70
2025-11,"수도, 하수 및 폐기물 처리, 원료 재생업",전라북도,29
2025-11,"수도, 하수 및 폐기물 처리, 원료 재생업",전라남도,59
2025-11,"수도, 하수 및 폐기물 처리, 원료 재생업",경상북도,70
2025-11,"수도, 하수 및 폐기물 처리, 원료 재생업",경상남도,56
2025-11,"수도, 하수 및 폐기물 처리, 원료 재생업",제주도,18
2025-11,건설업,전 체,6555
2025-11,건설업,서울,1345
2025-11,건설업,부산,372
2025-11,건설업,대구,244
2025-11,건설업,인천,301
2025-11,건설업,광주,239
2025-11,건설업,대전,221
2025-11,건설업,울산,188
2025-11,건설업,세종시,27
2025-11,건설업,경기도,1385
2025-11,건설업,강원도,215
2025-11,건설업,충청북도,226
2025-11,건설업,충청남도,278
2025-11,건설업,전라북도,237
2025-11,건설업,전라남도,461
2025-11,건설업,경상북도,362
2025-11,건설업,경상남도,372
2025-11,건설업,제주도,82
2025-11,도매 및 소매업,전 체,7217
2025-11,도매 및 소매업,서울,869
2025-11,도매 및 소매업,부산,438
2025-11,도매 및 소매업,대구,284
2025-11,도매 및 소매업,인천,510
2025-11,도매 및 소매업,광주,142
2025-11,도매 및 소매업,대전,104
2025-11,도매 및 소매업,울산,101
2025-11,도매 및 소매업,세종시,14
2025-11,도매 및 소매업,경기도,2120
2025-11,도매 및 소매업,강원도,268
2025-11,도매 및 소매업,충청북도,358
2025-11,도매 및 소매업,충청남도,396
2025-11,도매 및 소매업,전라북도,243
2025-11,도매 및 소매업,전라남도,267
2025-11,도매 및 소매업,경상북도,423
2025-11,도매 및 소매업,경상남도,588
2025-11,도매 및 소매업,제주도,92
2025-11,운수 및 창고업,전 체,5356
2025-11,운수 및 창고업,서울,3000
2025-11,운수 및 창고업,부산,190
2025-11,운수 및 창고업,대구,80
2025-11,운수 및 창고업,인천,146
2025-11,운수 및 창고업,광주,71
2025-11,운수 및 창고업,대전,56
2025-11,운수 및 창고업,울산,94
2025-11,운수 및 창고업,세종시,7
2025-11,운수 및 창고업,경기도,1001
2025-11,운수 및 창고업,강원도,42
2025-11,운수 및 창고업,충청북도,116
2025-11,운수 및 창고업,충청남도,66
2025-11,운수 및 창고업,전라북도,84
2025-11,운수 및 창고업,전라남도,103
2025-11,운수 및 창고업,경상북도,67
2025-11,운수 및 창고업,경상남도,211
2025-11,운수 및 창고업,제주도,22
2025-11,숙박 및 음식점업,전 체,3149
2025-11,숙박 및 음식점업,서울,1069
2025-11,숙박 및 음식점업,부산,201
2025-11,숙박 및 음식점업,대구,35
2025-11,숙박 및 음식점업,인천,173
2025-11,숙박 및 음식점업,광주,31
2025-11,숙박 및 음식점업,대전,25
2025-11,숙박 및 음식점업,울산,54
2025-11,숙박 및 음식점업,세종시,13
2025-11,숙박 및 음식점업,경기도,718
2025-11,숙박 및 음식점업,강원도,152
2025-11,숙박 및 음식점업,충청북도,112
2025-11,숙박 및 음식점업,충청남도,77
2025-11,숙박 및 음식점업,전라북도,125
2025-11,숙박 및 음식점업,전라남도,75
2025-11,숙박 및 음식점업,경상북도,116
2025-11,숙박 및 음식점업,경상남도,116
2025-11,숙박 및 음식점업,제주도,57
2025-11,정보통신업,전 체,886
2025-11,정보통신업,서울,341
2025-11,정보통신업,부산,30
2025-11,정보통신업,대구,22
2025-11,정보통신업,인천,27
2025-11,정보통신업,광주,12
2025-11,정보통신업,대전,34
2025-11,정보통신업,울산,23
2025-11,정보통신업,세종시,12
2025-11,정보통신업,경기도,176
2025-11,정보통신업,강원도,23
2025-11,정보통신업,충청북도,7
2025-11,정보통신업,충청남도,32
2025-11,정보통신업,전라북도,28
2025-11,정보통신업,전라남도,39
2025-11,정보통신업,경상북도,39
2025-11,정보통신업,경상남도,31
2025-11,정보통신업,제주도,10
2025-11,금융 및 보험업,전 체,843
2025-11,금융 및 보험업,서울,337
2025-11,금융 및 보험업,부산,77
2025-11,금융 및 보험업,대구,18
2025-11,금융 및 보험업,인천,2
2025-11,금융 및 보험업,광주,4
2025-11,금융 및 보험업,대전,21
2025-11,금융 및 보험업,울산,15
2025-11,금융 및 보험업,세종시,2
2025-11,금융 및 보험업,경기도,82
2025-11,금융 및 보험업,강원도,20
2025-11,금융 및 보험업,충청북도,20
2025-11,금융 및 보험업,충청남도,38
2025-11,금융 및 보험업,전라북도,31
2025-11,금융 및 보험업,전라남도,44
2025-11,금융 및 보험업,경상북도,38
2025-11,금융 및 보험업,경상남도,49
2025-11,금융 및 보험업,제주도,45
2025-11,부동산업,전 체,2689
2025-11,부동산업,서울,452
2025-11,부동산업,부산,498
2025-11,부동산업,대구,60
2025-11,부동산업,인천,120
2025-11,부동산업,광주,31
2025-11,부동산업,대전,24
2025-11,부동산업,울산,33
2025-11,부동산업,세종시,0
2025-11,부동산업,경기도,416
2025-11,부동산업,강원도,113
2025-11,부동산업,충청북도,37
2025-11,부동산업,충청남도,128
2025-11,부동산업,전라북도,272
2025-11,부동산업,전라남도,40
2025-11,부동산업,경상북도,109
2025-11,부동산업,경상남도,350
2025-11,부동산업,제주도,6
2025-11,"전문, 과학 및 기술 서비스업",전 체,4923
2025-11,"전문, 과학 및 기술 서비스업",서울,1168
2025-11,"전문, 과학 및 기술 서비스업",부산,501
2025-11,"전문, 과학 및 기술 서비스업",대구,138
2025-11,"전문, 과학 및 기술 서비스업",인천,208
2025-11,"전문, 과학 및 기술 서비스업",광주,84
2025-11,"전문, 과학 및 기술 서비스업",대전,105
2025-11,"전문, 과학 및 기술 서비스업",울산,144
2025-11,"전문, 과학 및 기술 서비스업",세종시,56
2025-11,"전문, 과학 및 기술 서비스업",경기도,846
2025-11,"전문, 과학 및 기술 서비스업",강원도,129
2025-11,"전문, 과학 및 기술 서비스업",충청북도,109
2025-11,"전문, 과학 및 기술 서비스업",충청남도,273
2025-11,"전문, 과학 및 기술 서비스업",전라북도,361
2025-11,"전문, 과학 및 기술 서비스업",전라남도,175
2025-11,"전문, 과학 및 기술 서비스업",경상북도,237
2025-11,"전문, 과학 및 기술 서비스업",경상남도,329
2025-11,"전문, 과학 및 기술 서비스업",제주도,60
2025-11,"사업시설 관리, 사업 지원 및 임대 서비스업",전 체,14426
2025-11,"사업시설 관리, 사업 지원 및 임대 서비스업",서울,6015
2025-11,"사업시설 관리, 사업 지원 및 임대 서비스업",부산,847
2025-11,"사업시설 관리, 사업 지원 및 임대 서비스업",대구,514
2025-11,"사업시설 관리, 사업 지원 및 임대 서비스업",인천,649
2025-11,"사업시설 관리, 사업 지원 및 임대 서비스업",광주,113
2025-11,"사업시설 관리, 사업 지원 및 임대 서비스업",대전,431
2025-11,"사업시설 관리, 사업 지원 및 임대 서비스업",울산,134
2025-11,"사업시설 관리, 사업 지원 및 임대 서비스업",세종시,44
2025-11,"사업시설 관리, 사업 지원 및 임대 서비스업",경기도,3393
2025-11,"사업시설 관리, 사업 지원 및 임대 서비스업",강원도,254
2025-11,"사업시설 관리, 사업 지원 및 임대 서비스업",충청북도,375
2025-11,"사업시설 관리, 사업 지원 및 임대 서비스업",충청남도,185
2025-11,"사업시설 관리, 사업 지원 및 임대 서비스업",전라북도,310
2025-11,"사업시설 관리, 사업 지원 및 임대 서비스업",전라남도,205
2025-11,"사업시설 관리, 사업 지원 및 임대 서비스업",경상북도,205
2025-11,"사업시설 관리, 사업 지원 및 임대 서비스업",경상남도,687
2025-11,"사업시설 관리, 사업 지원 및 임대 서비스업",제주도,65
2025-11,"공공행정, 국방 및 사회보장 행정",전 체,7651
2025-11,"공공행정, 국방 및 사회보장 행정",서울,946
2025-11,"공공행정, 국방 및 사회보장 행정",부산,351
2025-11,"공공행정, 국방 및 사회보장 행정",대구,194
2025-11,"공공행정, 국방 및 사회보장 행정",인천,613
2025-11,"공공행정, 국방 및 사회보장 행정",광주,18
2025-11,"공공행정, 국방 및 사회보장 행정",대전,41
2025-11,"공공행정, 국방 및 사회보장 행정",울산,24
2025-11,"공공행정, 국방 및 사회보장 행정",세종시,182
2025-11,"공공행정, 국방 및 사회보장 행정",경기도,2208
2025-11,"공공행정, 국방 및 사회보장 행정",강원도,809
2025-11,"공공행정, 국방 및 사회보장 행정",충청북도,478
2025-11,"공공행정, 국방 및 사회보장 행정",충청남도,308
2025-11,"공공행정, 국방 및 사회보장 행정",전라북도,599
2025-11,"공공행정, 국방 및 사회보장 행정",전라남도,124
2025-11,"공공행정, 국방 및 사회보장 행정",경상북도,137
2025-11,"공공행정, 국방 및 사회보장 행정",경상남도,595
2025-11,"공공행정, 국방 및 사회보장 행정",제주도,24
2025-11,교육 서비스업,전 체,2571
2025-11,교육 서비스업,서울,342
2025-11,교육 서비스업,부산,163
2025-11,교육 서비스업,대구,102
2025-11,교육 서비스업,인천,113
2025-11,교육 서비스업,광주,106
2025-11,교육 서비스업,대전,77
2025-11,교육 서비스업,울산,50
2025-11,교육 서비스업,세종시,15
2025-11,교육 서비스업,경기도,504
2025-11,교육 서비스업,강원도,204
2025-11,교육 서비스업,충청북도,119
2025-11,교육 서비스업,충청남도,96
2025-11,교육 서비스업,전라북도,182
2025-11,교육 서비스업,전라남도,111
2025-11,교육 서비스업,경상북도,195
2025-11,교육 서비스업,경상남도,159
2025-11,교육 서비스업,제주도,33
2025-11,보건업 및 사회복지 서비스업,전 체,44127
2025-11,보건업 및 사회복지 서비스업,서울,6052
2025-11,보건업 및 사회복지 서비스업,부산,3885
2025-11,보건업 및 사회복지 서비스업,대구,2853
2025-11,보건업 및 사회복지 서비스업,인천,3378
2025-11,보건업 및 사회복지 서비스업,광주,587
2025-11,보건업 및 사회복지 서비스업,대전,652
2025-11,보건업 및 사회복지 서비스업,울산,725
2025-11,보건업 및 사회복지 서비스업,세종시,203
2025-11,보건업 및 사회복지 서비스업,경기도,11603
2025-11,보건업 및 사회복지 서비스업,강원도,1341
2025-11,보건업 및 사회복지 서비스업,충청북도,1099
2025-11,보건업 및 사회복지 서비스업,충청남도,1362
2025-11,보건업 및 사회복지 서비스업,전라북도,2630
2025-11,보건업 및 사회복지 서비스업,전라남도,1937
2025-11,보건업 및 사회복지 서비스업,경상북도,2892
2025-11,보건업 및 사회복지 서비스업,경상남도,2716
2025-11,보건업 및 사회복지 서비스업,제주도,212
2025-11,"예술, 스포츠 및 여가관련 서비스업",전 체,664
2025-11,"예술, 스포츠 및 여가관련 서비스업",서울,140
2025-11,"예술, 스포츠 및 여가관련 서비스업",부산,13
2025-11,"예술, 스포츠 및 여가관련 서비스업",대구,18
2025-11,"예술, 스포츠 및 여가관련 서비스업",인천,34
2025-11,"예술, 스포츠 및 여가관련 서비스업",광주,25
2025-11,"예술, 스포츠 및 여가관련 서비스업",대전,17
2025-11,"예술, 스포츠 및 여가관련 서비스업",울산,9
2025-11,"예술, 스포츠 및 여가관련 서비스업",세종시,4
2025-11,"예술, 스포츠 및 여가관련 서비스업",경기도,104
2025-11,"예술, 스포츠 및 여가관련 서비스업",강원도,78
2025-11,"예술, 스포츠 및 여가관련 서비스업",충청북도,20
2025-11,"예술, 스포츠 및 여가관련 서비스업",충청남도,19
2025-11,"예술, 스포츠 및 여가관련 서비스업",전라북도,78
2025-11,"예술, 스포츠 및 여가관련 서비스업",전라남도,18
2025-11,"예술, 스포츠 및 여가관련 서비스업",경상북도,35
2025-11,"예술, 스포츠 및 여가관련 서비스업",경상남도,42
2025-11,"예술, 스포츠 및 여가관련 서비스업",제주도,10
2025-11,"협회 및 단체, 수리 및 기타 개인 서비스업",전 체,3439
2025-11,"협회 및 단체, 수리 및 기타 개인 서비스업",서울,545
2025-11,"협회 및 단체, 수리 및 기타 개인 서비스업",부산,223
2025-11,"협회 및 단체, 수리 및 기타 개인 서비스업",대구,153
2025-11,"협회 및 단체, 수리 및 기타 개인 서비스업",인천,207
2025-11,"협회 및 단체, 수리 및 기타 개인 서비스업",광주,55
2025-11,"협회 및 단체, 수리 및 기타 개인 서비스업",대전,25
2025-11,"협회 및 단체, 수리 및 기타 개인 서비스업",울산,83
2025-11,"협회 및 단체, 수리 및 기타 개인 서비스업",세종시,14
2025-11,"협회 및 단체, 수리 및 기타 개인 서비스업",경기도,879
2025-11,"협회 및 단체, 수리 및 기타 개인 서비스업",강원도,47
2025-11,"협회 및 단체, 수리 및 기타 개인 서비스업",충청북도,111
2025-11,"협회 및 단체, 수리 및 기타 개인 서비스업",충청남도,63
2025-11,"협회 및 단체, 수리 및 기타 개인 서비스업",전라북도,199
2025-11,"협회 및 단체, 수리 및 기타 개인 서비스업",전라남도,91
2025-11,"협회 및 단체, 수리 및 기타 개인 서비스업",경상북도,329
2025-11,"협회 및 단체, 수리 및 기타 개인 서비스업",경상남도,391
2025-11,"협회 및 단체, 수리 및 기타 개인 서비스업",제주도,24
2025-11,가구 내 고용활동 및 달리 분류되지 않은 자가소비 생산활동,전 체,48
2025-11,가구 내 고용활동 및 달리 분류되지 않은 자가소비 생산활동,서울,4
2025-11,가구 내 고용활동 및 달리 분류되지 않은 자가소비 생산활동,부산,0
2025-11,가구 내 고용활동 및 달리 분류되지 않은 자가소비 생산활동,대구,2
2025-11,가구 내 고용활동 및 달리 분류되지 않은 자가소비 생산활동,인천,5
2025-11,가구 내 고용활동 및 달리 분류되지 않은 자가소비 생산활동,광주,0
2025-11,가구 내 고용활동 및 달리 분류되지 않은 자가소비 생산활동,대전,0
2025-11,가구 내 고용활동 및 달리 분류되지 않은 자가소비 생산활동,울산,0
2025-11,가구 내 고용활동 및 달리 분류되지 않은 자가소비 생산활동,세종시,0
2025-11,가구 내 고용활동 및 달리 분류되지 않은 자가소비 생산활동,경기도,25
2025-11,가구 내 고용활동 및 달리 분류되지 않은 자가소비 생산활동,강원도,0
2025-11,가구 내 고용활동 및 달리 분류되지 않은 자가소비 생산활동,충청북도,4
2025-11,가구 내 고용활동 및 달리 분류되지 않은 자가소비 생산활동,충청남도,0
2025-11,가구 내 고용활동 및 달리 분류되지 않은 자가소비 생산활동,전라북도,0
2025-11,가구 내 고용활동 및 달리 분류되지 않은 자가소비 생산활동,전라남도,0
2025-11,가구 내 고용활동 및 달리 분류되지 않은 자가소비 생산활동,경상북도,7
2025-11,가구 내 고용활동 및 달리 분류되지 않은 자가소비 생산활동,경상남도,1
2025-11,가구 내 고용활동 및 달리 분류되지 않은 자가소비 생산활동,제주도,0
2025-11,국제 및 외국기관,전 체,0
2025-11,국제 및 외국기관,서울,0
2025-11,국제 및 외국기관,부산,0
2025-11,국제 및 외국기관,대구,0
2025-11,국제 및 외국기관,인천,0
2025-11,국제 및 외국기관,광주,0
2025-11,국제 및 외국기관,대전,0
2025-11,국제 및 외국기관,울산,0
2025-11,국제 및 외국기관,세종시,0
2025-11,국제 및 외국기관,경기도,0
2025-11,국제 및 외국기관,강원도,0
2025-11,국제 및 외국기관,충청북도,0
2025-11,국제 및 외국기관,충청남도,0
2025-11,국제 및 외국기관,전라북도,0
2025-11,국제 및 외국기관,전라남도,0
2025-11,국제 및 외국기관,경상북도,0
2025-11,국제 및 외국기관,경상남도,0
2025-11,국제 및 외국기관,제주도,0
2025-12,"농업, 임업 및 어업",전 체,3001
2025-12,"농업, 임업 및 어업",서울,22
2025-12,"농업, 임업 및 어업",부산,58
2025-12,"농업, 임업 및 어업",대구,20
2025-12,"농업, 임업 및 어업",인천,13
2025-12,"농업, 임업 및 어업",광주,4
2025-12,"농업, 임업 및 어업",대전,26
2025-12,"농업, 임업 및 어업",울산,16
2025-12,"농업, 임업 및 어업",세종시,25
2025-12,"농업, 임업 및 어업",경기도,516
2025-12,"농업, 임업 및 어업",강원도,140
2025-12,"농업, 임업 및 어업",충청북도,148
2025-12,"농업, 임업 및 어업",충청남도,495
2025-12,"농업, 임업 및 어업",전라북도,303
2025-12,"농업, 임업 및 어업",전라남도,561
2025-12,"농업, 임업 및 어업",경상북도,281
2025-12,"농업, 임업 및 어업",경상남도,300
2025-12,"농업, 임업 및 어업",제주도,73
2025-12,광업,전 체,104
2025-12,광업,서울,7
2025-12,광업,부산,18
2025-12,광업,대구,0
2025-12,광업,인천,2
2025-12,광업,광주,0
2025-12,광업,대전,0
2025-12,광업,울산,0
2025-12,광업,세종시,0
2025-12,광업,경기도,9
2025-12,광업,강원도,38
2025-12,광업,충청북도,9
2025-12,광업,충청남도,1
2025-12,광업,전라북도,5
2025-12,광업,전라남도,1
2025-12,광업,경상북도,9
2025-12,광업,경상남도,5
2025-12,광업,제주도,0
2025-12,제조업,전 체,39042
2025-12,제조업,서울,993
2025-12,제조업,부산,1874
2025-12,제조업,대구,1401
2025-12,제조업,인천,1876
2025-12,제조업,광주,832
2025-12,제조업,대전,301
2025-12,제조업,울산,1312
2025-12,제조업,세종시,338
2025-12,제조업,경기도,12464
2025-12,제조업,강원도,586
2025-12,제조업,충청북도,2210
2025-12,제조업,충청남도,3084
2025-12,제조업,전라북도,1674
2025-12,제조업,전라남도,1618
2025-12,제조업,경상북도,3242
2025-12,제조업,경상남도,5122
2025-12,제조업,제주도,115
2025-12,"전기, 가스, 증기 및 공기조절 공급업",전 체,116
2025-12,"전기, 가스, 증기 및 공기조절 공급업",서울,7
2025-12,"전기, 가스, 증기 및 공기조절 공급업",부산,8
2025-12,"전기, 가스, 증기 및 공기조절 공급업",대구,7
2025-12,"전기, 가스, 증기 및 공기조절 공급업",인천,1
2025-12,"전기, 가스, 증기 및 공기조절 공급업",광주,1
2025-12,"전기, 가스, 증기 및 공기조절 공급업",대전,0
2025-12,"전기, 가스, 증기 및 공기조절 공급업",울산,16
2025-12,"전기, 가스, 증기 및 공기조절 공급업",세종시,1
2025-12,"전기, 가스, 증기 및 공기조절 공급업",경기도,14
2025-12,"전기, 가스, 증기 및 공기조절 공급업",강원도,6
2025-12,"전기, 가스, 증기 및 공기조절 공급업",충청북도,2
2025-12,"전기, 가스, 증기 및 공기조절 공급업",충청남도,16
2025-12,"전기, 가스, 증기 및 공기조절 공급업",전라북도,12
2025-12,"전기, 가스, 증기 및 공기조절 공급업",전라남도,2
2025-12,"전기, 가스, 증기 및 공기조절 공급업",경상북도,12
2025-12,"전기, 가스, 증기 및 공기조절 공급업",경상남도,11
2025-12,"전기, 가스, 증기 및 공기조절 공급업",제주도,0
2025-12,"수도, 하수 및 폐기물 처리, 원료 재생업",전 체,1185
2025-12,"수도, 하수 및 폐기물 처리, 원료 재생업",서울,132
2025-12,"수도, 하수 및 폐기물 처리, 원료 재생업",부산,86
2025-12,"수도, 하수 및 폐기물 처리, 원료 재생업",대구,29
2025-12,"수도, 하수 및 폐기물 처리, 원료 재생업",인천,92
2025-12,"수도, 하수 및 폐기물 처리, 원료 재생업",광주,8
2025-12,"수도, 하수 및 폐기물 처리, 원료 재생업",대전,17
2025-12,"수도, 하수 및 폐기물 처리, 원료 재생업",울산,32
2025-12,"수도, 하수 및 폐기물 처리, 원료 재생업",세종시,2
2025-12,"수도, 하수 및 폐기물 처리, 원료 재생업",경기도,376
2025-12,"수도, 하수 및 폐기물 처리, 원료 재생업",강원도,22
2025-12,"수도, 하수 및 폐기물 처리, 원료 재생업",충청북도,62
2025-12,"수도, 하수 및 폐기물 처리, 원료 재생업",충청남도,49
2025-12,"수도, 하수 및 폐기물 처리, 원료 재생업",전라북도,36
2025-12,"수도, 하수 및 폐기물 처리, 원료 재생업",전라남도,61
2025-12,"수도, 하수 및 폐기물 처리, 원료 재생업",경상북도,51
2025-12,"수도, 하수 및 폐기물 처리, 원료 재생업",경상남도,116
2025-12,"수도, 하수 및 폐기물 처리, 원료 재생업",제주도,14
2025-12,건설업,전 체,6604
2025-12,건설업,서울,1337
2025-12,건설업,부산,345
2025-12,건설업,대구,236
2025-12,건설업,인천,195
2025-12,건설업,광주,352
2025-12,건설업,대전,179
2025-12,건설업,울산,160
2025-12,건설업,세종시,44
2025-12,건설업,경기도,1345
2025-12,건설업,강원도,265
2025-12,건설업,충청북도,260
2025-12,건설업,충청남도,297
2025-12,건설업,전라북도,256
2025-12,건설업,전라남도,479
2025-12,건설업,경상북도,377
2025-12,건설업,경상남도,404
2025-12,건설업,제주도,73
2025-12,도매 및 소매업,전 체,6581
2025-12,도매 및 소매업,서울,800
2025-12,도매 및 소매업,부산,539
2025-12,도매 및 소매업,대구,272
2025-12,도매 및 소매업,인천,261
2025-12,도매 및 소매업,광주,146
2025-12,도매 및 소매업,대전,94
2025-12,도매 및 소매업,울산,128
2025-12,도매 및 소매업,세종시,17
2025-12,도매 및 소매업,경기도,1942
2025-12,도매 및 소매업,강원도,205
2025-12,도매 및 소매업,충청북도,272
2025-12,도매 및 소매업,충청남도,263
2025-12,도매 및 소매업,전라북도,261
2025-12,도매 및 소매업,전라남도,324
2025-12,도매 및 소매업,경상북도,409
2025-12,도매 및 소매업,경상남도,566
2025-12,도매 및 소매업,제주도,82
2025-12,운수 및 창고업,전 체,4769
2025-12,운수 및 창고업,서울,2112
2025-12,운수 및 창고업,부산,276
2025-12,운수 및 창고업,대구,59
2025-12,운수 및 창고업,인천,397
2025-12,운수 및 창고업,광주,51
2025-12,운수 및 창고업,대전,53
2025-12,운수 및 창고업,울산,89
2025-12,운수 및 창고업,세종시,0
2025-12,운수 및 창고업,경기도,988
2025-12,운수 및 창고업,강원도,72
2025-12,운수 및 창고업,충청북도,61
2025-12,운수 및 창고업,충청남도,90
2025-12,운수 및 창고업,전라북도,102
2025-12,운수 및 창고업,전라남도,102
2025-12,운수 및 창고업,경상북도,107
2025-12,운수 및 창고업,경상남도,197
2025-12,운수 및 창고업,제주도,13
2025-12,숙박 및 음식점업,전 체,2866
2025-12,숙박 및 음식점업,서울,905
2025-12,숙박 및 음식점업,부산,173
2025-12,숙박 및 음식점업,대구,34
2025-12,숙박 및 음식점업,인천,174
2025-12,숙박 및 음식점업,광주,18
2025-12,숙박 및 음식점업,대전,26
2025-12,숙박 및 음식점업,울산,49
2025-12,숙박 및 음식점업,세종시,4
2025-12,숙박 및 음식점업,경기도,702
2025-12,숙박 및 음식점업,강원도,86
2025-12,숙박 및 음식점업,충청북도,143
2025-12,숙박 및 음식점업,충청남도,70
2025-12,숙박 및 음식점업,전라북도,145
2025-12,숙박 및 음식점업,전라남도,77
2025-12,숙박 및 음식점업,경상북도,135
2025-12,숙박 및 음식점업,경상남도,108
2025-12,숙박 및 음식점업,제주도,17
2025-12,정보통신업,전 체,987
2025-12,정보통신업,서울,286
2025-12,정보통신업,부산,50
2025-12,정보통신업,대구,59
2025-12,정보통신업,인천,16
2025-12,정보통신업,광주,16
2025-12,정보통신업,대전,27
2025-12,정보통신업,울산,17
2025-12,정보통신업,세종시,3
2025-12,정보통신업,경기도,291
2025-12,정보통신업,강원도,10
2025-12,정보통신업,충청북도,7
2025-12,정보통신업,충청남도,29
2025-12,정보통신업,전라북도,21
2025-12,정보통신업,전라남도,37
2025-12,정보통신업,경상북도,24
2025-12,정보통신업,경상남도,42
2025-12,정보통신업,제주도,52
2025-12,금융 및 보험업,전 체,718
2025-12,금융 및 보험업,서울,203
2025-12,금융 및 보험업,부산,75
2025-12,금융 및 보험업,대구,26
2025-12,금융 및 보험업,인천,7
2025-12,금융 및 보험업,광주,7
2025-12,금융 및 보험업,대전,4
2025-12,금융 및 보험업,울산,4
2025-12,금융 및 보험업,세종시,0
2025-12,금융 및 보험업,경기도,78
2025-12,금융 및 보험업,강원도,33
2025-12,금융 및 보험업,충청북도,18
2025-12,금융 및 보험업,충청남도,35
2025-12,금융 및 보험업,전라북도,37
2025-12,금융 및 보험업,전라남도,40
2025-12,금융 및 보험업,경상북도,72
2025-12,금융 및 보험업,경상남도,59
2025-12,금융 및 보험업,제주도,20
2025-12,부동산업,전 체,3545
2025-12,부동산업,서울,755
2025-12,부동산업,부산,256
2025-12,부동산업,대구,38
2025-12,부동산업,인천,177
2025-12,부동산업,광주,295
2025-12,부동산업,대전,35
2025-12,부동산업,울산,96
2025-12,부동산업,세종시,4
2025-12,부동산업,경기도,726
2025-12,부동산업,강원도,86
2025-12,부동산업,충청북도,64
2025-12,부동산업,충청남도,239
2025-12,부동산업,전라북도,206
2025-12,부동산업,전라남도,266
2025-12,부동산업,경상북도,99
2025-12,부동산업,경상남도,156
2025-12,부동산업,제주도,47
2025-12,"전문, 과학 및 기술 서비스업",전 체,5558
2025-12,"전문, 과학 및 기술 서비스업",서울,800
2025-12,"전문, 과학 및 기술 서비스업",부산,483
2025-12,"전문, 과학 및 기술 서비스업",대구,220
2025-12,"전문, 과학 및 기술 서비스업",인천,205
2025-12,"전문, 과학 및 기술 서비스업",광주,120
2025-12,"전문, 과학 및 기술 서비스업",대전,203
2025-12,"전문, 과학 및 기술 서비스업",울산,230
2025-12,"전문, 과학 및 기술 서비스업",세종시,104
2025-12,"전문, 과학 및 기술 서비스업",경기도,1359
2025-12,"전문, 과학 및 기술 서비스업",강원도,123
2025-12,"전문, 과학 및 기술 서비스업",충청북도,125
2025-12,"전문, 과학 및 기술 서비스업",충청남도,251
2025-12,"전문, 과학 및 기술 서비스업",전라북도,161
2025-12,"전문, 과학 및 기술 서비스업",전라남도,461
2025-12,"전문, 과학 및 기술 서비스업",경상북도,256
2025-12,"전문, 과학 및 기술 서비스업",경상남도,426
2025-12,"전문, 과학 및 기술 서비스업",제주도,31
2025-12,"사업시설 관리, 사업 지원 및 임대 서비스업",전 체,26143
2025-12,"사업시설 관리, 사업 지원 및 임대 서비스업",서울,11238
2025-12,"사업시설 관리, 사업 지원 및 임대 서비스업",부산,1443
2025-12,"사업시설 관리, 사업 지원 및 임대 서비스업",대구,1145
2025-12,"사업시설 관리, 사업 지원 및 임대 서비스업",인천,1291
2025-12,"사업시설 관리, 사업 지원 및 임대 서비스업",광주,289
2025-12,"사업시설 관리, 사업 지원 및 임대 서비스업",대전,535
2025-12,"사업시설 관리, 사업 지원 및 임대 서비스업",울산,342
2025-12,"사업시설 관리, 사업 지원 및 임대 서비스업",세종시,32
2025-12,"사업시설 관리, 사업 지원 및 임대 서비스업",경기도,5900
2025-12,"사업시설 관리, 사업 지원 및 임대 서비스업",강원도,500
2025-12,"사업시설 관리, 사업 지원 및 임대 서비스업",충청북도,566
2025-12,"사업시설 관리, 사업 지원 및 임대 서비스업",충청남도,380
2025-12,"사업시설 관리, 사업 지원 및 임대 서비스업",전라북도,552
2025-12,"사업시설 관리, 사업 지원 및 임대 서비스업",전라남도,345
2025-12,"사업시설 관리, 사업 지원 및 임대 서비스업",경상북도,428
2025-12,"사업시설 관리, 사업 지원 및 임대 서비스업",경상남도,1078
2025-12,"사업시설 관리, 사업 지원 및 임대 서비스업",제주도,79
2025-12,"공공행정, 국방 및 사회보장 행정",전 체,7932
2025-12,"공공행정, 국방 및 사회보장 행정",서울,1179
2025-12,"공공행정, 국방 및 사회보장 행정",부산,486
2025-12,"공공행정, 국방 및 사회보장 행정",대구,146
2025-12,"공공행정, 국방 및 사회보장 행정",인천,180
2025-12,"공공행정, 국방 및 사회보장 행정",광주,276
2025-12,"공공행정, 국방 및 사회보장 행정",대전,46
2025-12,"공공행정, 국방 및 사회보장 행정",울산,68
2025-12,"공공행정, 국방 및 사회보장 행정",세종시,35
2025-12,"공공행정, 국방 및 사회보장 행정",경기도,1336
2025-12,"공공행정, 국방 및 사회보장 행정",강원도,284
2025-12,"공공행정, 국방 및 사회보장 행정",충청북도,236
2025-12,"공공행정, 국방 및 사회보장 행정",충청남도,359
2025-12,"공공행정, 국방 및 사회보장 행정",전라북도,468
2025-12,"공공행정, 국방 및 사회보장 행정",전라남도,1964
2025-12,"공공행정, 국방 및 사회보장 행정",경상북도,335
2025-12,"공공행정, 국방 및 사회보장 행정",경상남도,288
2025-12,"공공행정, 국방 및 사회보장 행정",제주도,246
2025-12,교육 서비스업,전 체,3504
2025-12,교육 서비스업,서울,391
2025-12,교육 서비스업,부산,245
2025-12,교육 서비스업,대구,124
2025-12,교육 서비스업,인천,126
2025-12,교육 서비스업,광주,209
2025-12,교육 서비스업,대전,135
2025-12,교육 서비스업,울산,53
2025-12,교육 서비스업,세종시,14
2025-12,교육 서비스업,경기도,538
2025-12,교육 서비스업,강원도,154
2025-12,교육 서비스업,충청북도,99
2025-12,교육 서비스업,충청남도,107
2025-12,교육 서비스업,전라북도,296
2025-12,교육 서비스업,전라남도,379
2025-12,교육 서비스업,경상북도,307
2025-12,교육 서비스업,경상남도,294
2025-12,교육 서비스업,제주도,33
2025-12,보건업 및 사회복지 서비스업,전 체,51033
2025-12,보건업 및 사회복지 서비스업,서울,5959
2025-12,보건업 및 사회복지 서비스업,부산,4881
2025-12,보건업 및 사회복지 서비스업,대구,3039
2025-12,보건업 및 사회복지 서비스업,인천,3549
2025-12,보건업 및 사회복지 서비스업,광주,1323
2025-12,보건업 및 사회복지 서비스업,대전,659
2025-12,보건업 및 사회복지 서비스업,울산,929
2025-12,보건업 및 사회복지 서비스업,세종시,179
2025-12,보건업 및 사회복지 서비스업,경기도,12238
2025-12,보건업 및 사회복지 서비스업,강원도,1655
2025-12,보건업 및 사회복지 서비스업,충청북도,1031
2025-12,보건업 및 사회복지 서비스업,충청남도,1379
2025-12,보건업 및 사회복지 서비스업,전라북도,4024
2025-12,보건업 및 사회복지 서비스업,전라남도,3072
2025-12,보건업 및 사회복지 서비스업,경상북도,3250
2025-12,보건업 및 사회복지 서비스업,경상남도,3478
2025-12,보건업 및 사회복지 서비스업,제주도,388
2025-12,"예술, 스포츠 및 여가관련 서비스업",전 체,859
2025-12,"예술, 스포츠 및 여가관련 서비스업",서울,207
2025-12,"예술, 스포츠 및 여가관련 서비스업",부산,50
2025-12,"예술, 스포츠 및 여가관련 서비스업",대구,29
2025-12,"예술, 스포츠 및 여가관련 서비스업",인천,37
2025-12,"예술, 스포츠 및 여가관련 서비스업",광주,30
2025-12,"예술, 스포츠 및 여가관련 서비스업",대전,3
2025-12,"예술, 스포츠 및 여가관련 서비스업",울산,17
2025-12,"예술, 스포츠 및 여가관련 서비스업",세종시,5
2025-12,"예술, 스포츠 및 여가관련 서비스업",경기도,156
2025-12,"예술, 스포츠 및 여가관련 서비스업",강원도,97
2025-12,"예술, 스포츠 및 여가관련 서비스업",충청북도,20
2025-12,"예술, 스포츠 및 여가관련 서비스업",충청남도,14
2025-12,"예술, 스포츠 및 여가관련 서비스업",전라북도,80
2025-12,"예술, 스포츠 및 여가관련 서비스업",전라남도,27
2025-12,"예술, 스포츠 및 여가관련 서비스업",경상북도,33
2025-12,"예술, 스포츠 및 여가관련 서비스업",경상남도,29
2025-12,"예술, 스포츠 및 여가관련 서비스업",제주도,25
2025-12,"협회 및 단체, 수리 및 기타 개인 서비스업",전 체,3963
2025-12,"협회 및 단체, 수리 및 기타 개인 서비스업",서울,722
2025-12,"협회 및 단체, 수리 및 기타 개인 서비스업",부산,264
2025-12,"협회 및 단체, 수리 및 기타 개인 서비스업",대구,100
2025-12,"협회 및 단체, 수리 및 기타 개인 서비스업",인천,250
2025-12,"협회 및 단체, 수리 및 기타 개인 서비스업",광주,49
2025-12,"협회 및 단체, 수리 및 기타 개인 서비스업",대전,68
2025-12,"협회 및 단체, 수리 및 기타 개인 서비스업",울산,92
2025-12,"협회 및 단체, 수리 및 기타 개인 서비스업",세종시,6
2025-12,"협회 및 단체, 수리 및 기타 개인 서비스업",경기도,879
2025-12,"협회 및 단체, 수리 및 기타 개인 서비스업",강원도,125
2025-12,"협회 및 단체, 수리 및 기타 개인 서비스업",충청북도,103
2025-12,"협회 및 단체, 수리 및 기타 개인 서비스업",충청남도,124
2025-12,"협회 및 단체, 수리 및 기타 개인 서비스업",전라북도,180
2025-12,"협회 및 단체, 수리 및 기타 개인 서비스업",전라남도,509
2025-12,"협회 및 단체, 수리 및 기타 개인 서비스업",경상북도,177
2025-12,"협회 및 단체, 수리 및 기타 개인 서비스업",경상남도,282
2025-12,"협회 및 단체, 수리 및 기타 개인 서비스업",제주도,33
2025-12,가구 내 고용활동 및 달리 분류되지 않은 자가소비 생산활동,전 체,37
2025-12,가구 내 고용활동 및 달리 분류되지 않은 자가소비 생산활동,서울,2
2025-12,가구 내 고용활동 및 달리 분류되지 않은 자가소비 생산활동,부산,0
2025-12,가구 내 고용활동 및 달리 분류되지 않은 자가소비 생산활동,대구,0
2025-12,가구 내 고용활동 및 달리 분류되지 않은 자가소비 생산활동,인천,9
2025-12,가구 내 고용활동 및 달리 분류되지 않은 자가소비 생산활동,광주,0
2025-12,가구 내 고용활동 및 달리 분류되지 않은 자가소비 생산활동,대전,0
2025-12,가구 내 고용활동 및 달리 분류되지 않은 자가소비 생산활동,울산,0
2025-12,가구 내 고용활동 및 달리 분류되지 않은 자가소비 생산활동,세종시,0
2025-12,가구 내 고용활동 및 달리 분류되지 않은 자가소비 생산활동,경기도,20
2025-12,가구 내 고용활동 및 달리 분류되지 않은 자가소비 생산활동,강원도,0
2025-12,가구 내 고용활동 및 달리 분류되지 않은 자가소비 생산활동,충청북도,5
2025-12,가구 내 고용활동 및 달리 분류되지 않은 자가소비 생산활동,충청남도,0
2025-12,가구 내 고용활동 및 달리 분류되지 않은 자가소비 생산활동,전라북도,0
2025-12,가구 내 고용활동 및 달리 분류되지 않은 자가소비 생산활동,전라남도,0
2025-12,가구 내 고용활동 및 달리 분류되지 않은 자가소비 생산활동,경상북도,0
2025-12,가구 내 고용활동 및 달리 분류되지 않은 자가소비 생산활동,경상남도,1
2025-12,가구 내 고용활동 및 달리 분류되지 않은 자가소비 생산활동,제주도,0
2025-12,국제 및 외국기관,전 체,26
2025-12,국제 및 외국기관,서울,0
2025-12,국제 및 외국기관,부산,0
2025-12,국제 및 외국기관,대구,0
2025-12,국제 및 외국기관,인천,0
2025-12,국제 및 외국기관,광주,0
2025-12,국제 및 외국기관,대전,0
2025-12,국제 및 외국기관,울산,0
2025-12,국제 및 외국기관,세종시,0
2025-12,국제 및 외국기관,경기도,26
2025-12,국제 및 외국기관,강원도,0
2025-12,국제 및 외국기관,충청북도,0
2025-12,국제 및 외국기관,충청남도,0
2025-12,국제 및 외국기관,전라북도,0
2025-12,국제 및 외국기관,전라남도,0
2025-12,국제 및 외국기관,경상북도,0
2025-12,국제 및 외국기관,경상남도,0
2025-12,국제 및 외국기관,제주도,0
2026-01,"농업, 임업 및 어업",전 체,7458
2026-01,"농업, 임업 및 어업",서울,10
2026-01,"농업, 임업 및 어업",부산,63
2026-01,"농업, 임업 및 어업",대구,24
2026-01,"농업, 임업 및 어업",인천,494
2026-01,"농업, 임업 및 어업",광주,30
2026-01,"농업, 임업 및 어업",대전,19
2026-01,"농업, 임업 및 어업",울산,51
2026-01,"농업, 임업 및 어업",세종시,17
2026-01,"농업, 임업 및 어업",경기도,1318
2026-01,"농업, 임업 및 어업",강원도,487
2026-01,"농업, 임업 및 어업",충청북도,311
2026-01,"농업, 임업 및 어업",충청남도,945
2026-01,"농업, 임업 및 어업",전라북도,809
2026-01,"농업, 임업 및 어업",전라남도,1392
2026-01,"농업, 임업 및 어업",경상북도,497
2026-01,"농업, 임업 및 어업",경상남도,544
2026-01,"농업, 임업 및 어업",제주도,447
2026-01,광업,전 체,113
2026-01,광업,서울,17
2026-01,광업,부산,7
2026-01,광업,대구,0
2026-01,광업,인천,2
2026-01,광업,광주,0
2026-01,광업,대전,0
2026-01,광업,울산,0
2026-01,광업,세종시,0
2026-01,광업,경기도,10
2026-01,광업,강원도,38
2026-01,광업,충청북도,4
2026-01,광업,충청남도,5
2026-01,광업,전라북도,5
2026-01,광업,전라남도,5
2026-01,광업,경상북도,18
2026-01,광업,경상남도,2
2026-01,광업,제주도,0
2026-01,제조업,전 체,53337
2026-01,제조업,서울,1443
2026-01,제조업,부산,2186
2026-01,제조업,대구,1528
2026-01,제조업,인천,2437
2026-01,제조업,광주,906
2026-01,제조업,대전,333
2026-01,제조업,울산,1845
2026-01,제조업,세종시,375
2026-01,제조업,경기도,18207
2026-01,제조업,강원도,867
2026-01,제조업,충청북도,3252
2026-01,제조업,충청남도,4643
2026-01,제조업,전라북도,2159
2026-01,제조업,전라남도,2305
2026-01,제조업,경상북도,3973
2026-01,제조업,경상남도,6700
2026-01,제조업,제주도,178
2026-01,"전기, 가스, 증기 및 공기조절 공급업",전 체,90
2026-01,"전기, 가스, 증기 및 공기조절 공급업",서울,3
2026-01,"전기, 가스, 증기 및 공기조절 공급업",부산,7
2026-01,"전기, 가스, 증기 및 공기조절 공급업",대구,0
2026-01,"전기, 가스, 증기 및 공기조절 공급업",인천,2
2026-01,"전기, 가스, 증기 및 공기조절 공급업",광주,1
2026-01,"전기, 가스, 증기 및 공기조절 공급업",대전,0
2026-01,"전기, 가스, 증기 및 공기조절 공급업",울산,3
2026-01,"전기, 가스, 증기 및 공기조절 공급업",세종시,0
2026-01,"전기, 가스, 증기 및 공기조절 공급업",경기도,18
2026-01,"전기, 가스, 증기 및 공기조절 공급업",강원도,2
2026-01,"전기, 가스, 증기 및 공기조절 공급업",충청북도,6
2026-01,"전기, 가스, 증기 및 공기조절 공급업",충청남도,14
2026-01,"전기, 가스, 증기 및 공기조절 공급업",전라북도,14
2026-01,"전기, 가스, 증기 및 공기조절 공급업",전라남도,5
2026-01,"전기, 가스, 증기 및 공기조절 공급업",경상북도,5
2026-01,"전기, 가스, 증기 및 공기조절 공급업",경상남도,8
2026-01,"전기, 가스, 증기 및 공기조절 공급업",제주도,2
2026-01,"수도, 하수 및 폐기물 처리, 원료 재생업",전 체,1100
2026-01,"수도, 하수 및 폐기물 처리, 원료 재생업",서울,86
2026-01,"수도, 하수 및 폐기물 처리, 원료 재생업",부산,49
2026-01,"수도, 하수 및 폐기물 처리, 원료 재생업",대구,26
2026-01,"수도, 하수 및 폐기물 처리, 원료 재생업",인천,75
2026-01,"수도, 하수 및 폐기물 처리, 원료 재생업",광주,20
2026-01,"수도, 하수 및 폐기물 처리, 원료 재생업",대전,8
2026-01,"수도, 하수 및 폐기물 처리, 원료 재생업",울산,12
2026-01,"수도, 하수 및 폐기물 처리, 원료 재생업",세종시,7
2026-01,"수도, 하수 및 폐기물 처리, 원료 재생업",경기도,403
2026-01,"수도, 하수 및 폐기물 처리, 원료 재생업",강원도,40
2026-01,"수도, 하수 및 폐기물 처리, 원료 재생업",충청북도,41
2026-01,"수도, 하수 및 폐기물 처리, 원료 재생업",충청남도,63
2026-01,"수도, 하수 및 폐기물 처리, 원료 재생업",전라북도,44
2026-01,"수도, 하수 및 폐기물 처리, 원료 재생업",전라남도,56
2026-01,"수도, 하수 및 폐기물 처리, 원료 재생업",경상북도,57
2026-01,"수도, 하수 및 폐기물 처리, 원료 재생업",경상남도,91
2026-01,"수도, 하수 및 폐기물 처리, 원료 재생업",제주도,22
2026-01,건설업,전 체,6810
2026-01,건설업,서울,1132
2026-01,건설업,부산,397
2026-01,건설업,대구,226
2026-01,건설업,인천,271
2026-01,건설업,광주,212
2026-01,건설업,대전,192
2026-01,건설업,울산,234
2026-01,건설업,세종시,34
2026-01,건설업,경기도,1354
2026-01,건설업,강원도,277
2026-01,건설업,충청북도,327
2026-01,건설업,충청남도,349
2026-01,건설업,전라북도,312
2026-01,건설업,전라남도,526
2026-01,건설업,경상북도,416
2026-01,건설업,경상남도,447
2026-01,건설업,제주도,104
2026-01,도매 및 소매업,전 체,7396
2026-01,도매 및 소매업,서울,963
2026-01,도매 및 소매업,부산,569
2026-01,도매 및 소매업,대구,258
2026-01,도매 및 소매업,인천,378
2026-01,도매 및 소매업,광주,209
2026-01,도매 및 소매업,대전,103
2026-01,도매 및 소매업,울산,166
2026-01,도매 및 소매업,세종시,23
2026-01,도매 및 소매업,경기도,2254
2026-01,도매 및 소매업,강원도,247
2026-01,도매 및 소매업,충청북도,319
2026-01,도매 및 소매업,충청남도,385
2026-01,도매 및 소매업,전라북도,261
2026-01,도매 및 소매업,전라남도,312
2026-01,도매 및 소매업,경상북도,316
2026-01,도매 및 소매업,경상남도,558
2026-01,도매 및 소매업,제주도,75
2026-01,운수 및 창고업,전 체,4092
2026-01,운수 및 창고업,서울,1837
2026-01,운수 및 창고업,부산,247
2026-01,운수 및 창고업,대구,52
2026-01,운수 및 창고업,인천,160
2026-01,운수 및 창고업,광주,26
2026-01,운수 및 창고업,대전,33
2026-01,운수 및 창고업,울산,105
2026-01,운수 및 창고업,세종시,7
2026-01,운수 및 창고업,경기도,833
2026-01,운수 및 창고업,강원도,25
2026-01,운수 및 창고업,충청북도,68
2026-01,운수 및 창고업,충청남도,76
2026-01,운수 및 창고업,전라북도,129
2026-01,운수 및 창고업,전라남도,129
2026-01,운수 및 창고업,경상북도,170
2026-01,운수 및 창고업,경상남도,177
2026-01,운수 및 창고업,제주도,18
2026-01,숙박 및 음식점업,전 체,3280
2026-01,숙박 및 음식점업,서울,1065
2026-01,숙박 및 음식점업,부산,178
2026-01,숙박 및 음식점업,대구,49
2026-01,숙박 및 음식점업,인천,184
2026-01,숙박 및 음식점업,광주,35
2026-01,숙박 및 음식점업,대전,58
2026-01,숙박 및 음식점업,울산,40
2026-01,숙박 및 음식점업,세종시,18
2026-01,숙박 및 음식점업,경기도,765
2026-01,숙박 및 음식점업,강원도,122
2026-01,숙박 및 음식점업,충청북도,81
2026-01,숙박 및 음식점업,충청남도,110
2026-01,숙박 및 음식점업,전라북도,150
2026-01,숙박 및 음식점업,전라남도,101
2026-01,숙박 및 음식점업,경상북도,138
2026-01,숙박 및 음식점업,경상남도,125
2026-01,숙박 및 음식점업,제주도,61
2026-01,정보통신업,전 체,1285
2026-01,정보통신업,서울,499
2026-01,정보통신업,부산,46
2026-01,정보통신업,대구,29
2026-01,정보통신업,인천,25
2026-01,정보통신업,광주,24
2026-01,정보통신업,대전,83
2026-01,정보통신업,울산,7
2026-01,정보통신업,세종시,5
2026-01,정보통신업,경기도,250
2026-01,정보통신업,강원도,17
2026-01,정보통신업,충청북도,14
2026-01,정보통신업,충청남도,23
2026-01,정보통신업,전라북도,98
2026-01,정보통신업,전라남도,57
2026-01,정보통신업,경상북도,28
2026-01,정보통신업,경상남도,54
2026-01,정보통신업,제주도,26
2026-01,금융 및 보험업,전 체,1164
2026-01,금융 및 보험업,서울,504
2026-01,금융 및 보험업,부산,93
2026-01,금융 및 보험업,대구,55
2026-01,금융 및 보험업,인천,24
2026-01,금융 및 보험업,광주,8
2026-01,금융 및 보험업,대전,35
2026-01,금융 및 보험업,울산,4
2026-01,금융 및 보험업,세종시,0
2026-01,금융 및 보험업,경기도,96
2026-01,금융 및 보험업,강원도,42
2026-01,금융 및 보험업,충청북도,20
2026-01,금융 및 보험업,충청남도,40
2026-01,금융 및 보험업,전라북도,35
2026-01,금융 및 보험업,전라남도,39
2026-01,금융 및 보험업,경상북도,61
2026-01,금융 및 보험업,경상남도,75
2026-01,금융 및 보험업,제주도,33
2026-01,부동산업,전 체,2584
2026-01,부동산업,서울,475
2026-01,부동산업,부산,227
2026-01,부동산업,대구,27
2026-01,부동산업,인천,101
2026-01,부동산업,광주,84
2026-01,부동산업,대전,19
2026-01,부동산업,울산,248
2026-01,부동산업,세종시,4
2026-01,부동산업,경기도,386
2026-01,부동산업,강원도,90
2026-01,부동산업,충청북도,81
2026-01,부동산업,충청남도,66
2026-01,부동산업,전라북도,220
2026-01,부동산업,전라남도,64
2026-01,부동산업,경상북도,106
2026-01,부동산업,경상남도,365
2026-01,부동산업,제주도,21
2026-01,"전문, 과학 및 기술 서비스업",전 체,5797
2026-01,"전문, 과학 및 기술 서비스업",서울,949
2026-01,"전문, 과학 및 기술 서비스업",부산,438
2026-01,"전문, 과학 및 기술 서비스업",대구,226
2026-01,"전문, 과학 및 기술 서비스업",인천,182
2026-01,"전문, 과학 및 기술 서비스업",광주,127
2026-01,"전문, 과학 및 기술 서비스업",대전,299
2026-01,"전문, 과학 및 기술 서비스업",울산,395
2026-01,"전문, 과학 및 기술 서비스업",세종시,110
2026-01,"전문, 과학 및 기술 서비스업",경기도,1366
2026-01,"전문, 과학 및 기술 서비스업",강원도,155
2026-01,"전문, 과학 및 기술 서비스업",충청북도,184
2026-01,"전문, 과학 및 기술 서비스업",충청남도,205
2026-01,"전문, 과학 및 기술 서비스업",전라북도,168
2026-01,"전문, 과학 및 기술 서비스업",전라남도,297
2026-01,"전문, 과학 및 기술 서비스업",경상북도,215
2026-01,"전문, 과학 및 기술 서비스업",경상남도,417
2026-01,"전문, 과학 및 기술 서비스업",제주도,64
2026-01,"사업시설 관리, 사업 지원 및 임대 서비스업",전 체,16944
2026-01,"사업시설 관리, 사업 지원 및 임대 서비스업",서울,7243
2026-01,"사업시설 관리, 사업 지원 및 임대 서비스업",부산,889
2026-01,"사업시설 관리, 사업 지원 및 임대 서비스업",대구,610
2026-01,"사업시설 관리, 사업 지원 및 임대 서비스업",인천,743
2026-01,"사업시설 관리, 사업 지원 및 임대 서비스업",광주,181
2026-01,"사업시설 관리, 사업 지원 및 임대 서비스업",대전,416
2026-01,"사업시설 관리, 사업 지원 및 임대 서비스업",울산,181
2026-01,"사업시설 관리, 사업 지원 및 임대 서비스업",세종시,23
2026-01,"사업시설 관리, 사업 지원 및 임대 서비스업",경기도,4113
2026-01,"사업시설 관리, 사업 지원 및 임대 서비스업",강원도,203
2026-01,"사업시설 관리, 사업 지원 및 임대 서비스업",충청북도,410
2026-01,"사업시설 관리, 사업 지원 및 임대 서비스업",충청남도,286
2026-01,"사업시설 관리, 사업 지원 및 임대 서비스업",전라북도,392
2026-01,"사업시설 관리, 사업 지원 및 임대 서비스업",전라남도,228
2026-01,"사업시설 관리, 사업 지원 및 임대 서비스업",경상북도,355
2026-01,"사업시설 관리, 사업 지원 및 임대 서비스업",경상남도,602
2026-01,"사업시설 관리, 사업 지원 및 임대 서비스업",제주도,69
2026-01,"공공행정, 국방 및 사회보장 행정",전 체,7256
2026-01,"공공행정, 국방 및 사회보장 행정",서울,697
2026-01,"공공행정, 국방 및 사회보장 행정",부산,267
2026-01,"공공행정, 국방 및 사회보장 행정",대구,131
2026-01,"공공행정, 국방 및 사회보장 행정",인천,298
2026-01,"공공행정, 국방 및 사회보장 행정",광주,533
2026-01,"공공행정, 국방 및 사회보장 행정",대전,106
2026-01,"공공행정, 국방 및 사회보장 행정",울산,198
2026-01,"공공행정, 국방 및 사회보장 행정",세종시,541
2026-01,"공공행정, 국방 및 사회보장 행정",경기도,1820
2026-01,"공공행정, 국방 및 사회보장 행정",강원도,349
2026-01,"공공행정, 국방 및 사회보장 행정",충청북도,232
2026-01,"공공행정, 국방 및 사회보장 행정",충청남도,239
2026-01,"공공행정, 국방 및 사회보장 행정",전라북도,436
2026-01,"공공행정, 국방 및 사회보장 행정",전라남도,412
2026-01,"공공행정, 국방 및 사회보장 행정",경상북도,521
2026-01,"공공행정, 국방 및 사회보장 행정",경상남도,378
2026-01,"공공행정, 국방 및 사회보장 행정",제주도,98
2026-01,교육 서비스업,전 체,4716
2026-01,교육 서비스업,서울,570
2026-01,교육 서비스업,부산,287
2026-01,교육 서비스업,대구,213
2026-01,교육 서비스업,인천,163
2026-01,교육 서비스업,광주,203
2026-01,교육 서비스업,대전,143
2026-01,교육 서비스업,울산,49
2026-01,교육 서비스업,세종시,15
2026-01,교육 서비스업,경기도,877
2026-01,교육 서비스업,강원도,193
2026-01,교육 서비스업,충청북도,151
2026-01,교육 서비스업,충청남도,118
2026-01,교육 서비스업,전라북도,441
2026-01,교육 서비스업,전라남도,291
2026-01,교육 서비스업,경상북도,649
2026-01,교육 서비스업,경상남도,303
2026-01,교육 서비스업,제주도,50
2026-01,보건업 및 사회복지 서비스업,전 체,41690
2026-01,보건업 및 사회복지 서비스업,서울,5517
2026-01,보건업 및 사회복지 서비스업,부산,4066
2026-01,보건업 및 사회복지 서비스업,대구,2596
2026-01,보건업 및 사회복지 서비스업,인천,3010
2026-01,보건업 및 사회복지 서비스업,광주,976
2026-01,보건업 및 사회복지 서비스업,대전,657
2026-01,보건업 및 사회복지 서비스업,울산,822
2026-01,보건업 및 사회복지 서비스업,세종시,137
2026-01,보건업 및 사회복지 서비스업,경기도,11316
2026-01,보건업 및 사회복지 서비스업,강원도,1195
2026-01,보건업 및 사회복지 서비스업,충청북도,960
2026-01,보건업 및 사회복지 서비스업,충청남도,1041
2026-01,보건업 및 사회복지 서비스업,전라북도,2346
2026-01,보건업 및 사회복지 서비스업,전라남도,1720
2026-01,보건업 및 사회복지 서비스업,경상북도,2186
2026-01,보건업 및 사회복지 서비스업,경상남도,2774
2026-01,보건업 및 사회복지 서비스업,제주도,371
2026-01,"예술, 스포츠 및 여가관련 서비스업",전 체,1273
2026-01,"예술, 스포츠 및 여가관련 서비스업",서울,210
2026-01,"예술, 스포츠 및 여가관련 서비스업",부산,41
2026-01,"예술, 스포츠 및 여가관련 서비스업",대구,39
2026-01,"예술, 스포츠 및 여가관련 서비스업",인천,67
2026-01,"예술, 스포츠 및 여가관련 서비스업",광주,57
2026-01,"예술, 스포츠 및 여가관련 서비스업",대전,27
2026-01,"예술, 스포츠 및 여가관련 서비스업",울산,5
2026-01,"예술, 스포츠 및 여가관련 서비스업",세종시,19
2026-01,"예술, 스포츠 및 여가관련 서비스업",경기도,332
2026-01,"예술, 스포츠 및 여가관련 서비스업",강원도,129
2026-01,"예술, 스포츠 및 여가관련 서비스업",충청북도,59
2026-01,"예술, 스포츠 및 여가관련 서비스업",충청남도,23
2026-01,"예술, 스포츠 및 여가관련 서비스업",전라북도,71
2026-01,"예술, 스포츠 및 여가관련 서비스업",전라남도,23
2026-01,"예술, 스포츠 및 여가관련 서비스업",경상북도,38
2026-01,"예술, 스포츠 및 여가관련 서비스업",경상남도,38
2026-01,"예술, 스포츠 및 여가관련 서비스업",제주도,95
2026-01,"협회 및 단체, 수리 및 기타 개인 서비스업",전 체,3263
2026-01,"협회 및 단체, 수리 및 기타 개인 서비스업",서울,691
2026-01,"협회 및 단체, 수리 및 기타 개인 서비스업",부산,250
2026-01,"협회 및 단체, 수리 및 기타 개인 서비스업",대구,107
2026-01,"협회 및 단체, 수리 및 기타 개인 서비스업",인천,227
2026-01,"협회 및 단체, 수리 및 기타 개인 서비스업",광주,39
2026-01,"협회 및 단체, 수리 및 기타 개인 서비스업",대전,25
2026-01,"협회 및 단체, 수리 및 기타 개인 서비스업",울산,71
2026-01,"협회 및 단체, 수리 및 기타 개인 서비스업",세종시,18
2026-01,"협회 및 단체, 수리 및 기타 개인 서비스업",경기도,905
2026-01,"협회 및 단체, 수리 및 기타 개인 서비스업",강원도,67
2026-01,"협회 및 단체, 수리 및 기타 개인 서비스업",충청북도,99
2026-01,"협회 및 단체, 수리 및 기타 개인 서비스업",충청남도,85
2026-01,"협회 및 단체, 수리 및 기타 개인 서비스업",전라북도,119
2026-01,"협회 및 단체, 수리 및 기타 개인 서비스업",전라남도,86
2026-01,"협회 및 단체, 수리 및 기타 개인 서비스업",경상북도,160
2026-01,"협회 및 단체, 수리 및 기타 개인 서비스업",경상남도,230
2026-01,"협회 및 단체, 수리 및 기타 개인 서비스업",제주도,84
2026-01,가구 내 고용활동 및 달리 분류되지 않은 자가소비 생산활동,전 체,47
2026-01,가구 내 고용활동 및 달리 분류되지 않은 자가소비 생산활동,서울,8
2026-01,가구 내 고용활동 및 달리 분류되지 않은 자가소비 생산활동,부산,3
2026-01,가구 내 고용활동 및 달리 분류되지 않은 자가소비 생산활동,대구,1
2026-01,가구 내 고용활동 및 달리 분류되지 않은 자가소비 생산활동,인천,10
2026-01,가구 내 고용활동 및 달리 분류되지 않은 자가소비 생산활동,광주,0
2026-01,가구 내 고용활동 및 달리 분류되지 않은 자가소비 생산활동,대전,0
2026-01,가구 내 고용활동 및 달리 분류되지 않은 자가소비 생산활동,울산,0
2026-01,가구 내 고용활동 및 달리 분류되지 않은 자가소비 생산활동,세종시,0
2026-01,가구 내 고용활동 및 달리 분류되지 않은 자가소비 생산활동,경기도,22
2026-01,가구 내 고용활동 및 달리 분류되지 않은 자가소비 생산활동,강원도,0
2026-01,가구 내 고용활동 및 달리 분류되지 않은 자가소비 생산활동,충청북도,1
2026-01,가구 내 고용활동 및 달리 분류되지 않은 자가소비 생산활동,충청남도,0
2026-01,가구 내 고용활동 및 달리 분류되지 않은 자가소비 생산활동,전라북도,0
2026-01,가구 내 고용활동 및 달리 분류되지 않은 자가소비 생산활동,전라남도,0
2026-01,가구 내 고용활동 및 달리 분류되지 않은 자가소비 생산활동,경상북도,0
2026-01,가구 내 고용활동 및 달리 분류되지 않은 자가소비 생산활동,경상남도,2
2026-01,가구 내 고용활동 및 달리 분류되지 않은 자가소비 생산활동,제주도,0
2026-01,국제 및 외국기관,전 체,32
2026-01,국제 및 외국기관,서울,0
2026-01,국제 및 외국기관,부산,0
2026-01,국제 및 외국기관,대구,0
2026-01,국제 및 외국기관,인천,0
2026-01,국제 및 외국기관,광주,0
2026-01,국제 및 외국기관,대전,0
2026-01,국제 및 외국기관,울산,0
2026-01,국제 및 외국기관,세종시,0
2026-01,국제 및 외국기관,경기도,32
2026-01,국제 및 외국기관,강원도,0
2026-01,국제 및 외국기관,충청북도,0
2026-01,국제 및 외국기관,충청남도,0
2026-01,국제 및 외국기관,전라북도,0
2026-01,국제 및 외국기관,전라남도,0
2026-01,국제 및 외국기관,경상북도,0
2026-01,국제 및 외국기관,경상남도,0
2026-01,국제 및 외국기관,제주도,0
2026-02,"농업, 임업 및 어업",전 체,3202
2026-02,"농업, 임업 및 어업",서울,11
2026-02,"농업, 임업 및 어업",부산,46
2026-02,"농업, 임업 및 어업",대구,17
2026-02,"농업, 임업 및 어업",인천,119
2026-02,"농업, 임업 및 어업",광주,11
2026-02,"농업, 임업 및 어업",대전,16
2026-02,"농업, 임업 및 어업",울산,18
2026-02,"농업, 임업 및 어업",세종시,23
2026-02,"농업, 임업 및 어업",경기도,537
2026-02,"농업, 임업 및 어업",강원도,210
2026-02,"농업, 임업 및 어업",충청북도,235
2026-02,"농업, 임업 및 어업",충청남도,485
2026-02,"농업, 임업 및 어업",전라북도,272
2026-02,"농업, 임업 및 어업",전라남도,521
2026-02,"농업, 임업 및 어업",경상북도,247
2026-02,"농업, 임업 및 어업",경상남도,243
2026-02,"농업, 임업 및 어업",제주도,191
2026-02,광업,전 체,106
2026-02,광업,서울,6
2026-02,광업,부산,3
2026-02,광업,대구,0
2026-02,광업,인천,1
2026-02,광업,광주,0
2026-02,광업,대전,0
2026-02,광업,울산,0
2026-02,광업,세종시,0
2026-02,광업,경기도,12
2026-02,광업,강원도,49
2026-02,광업,충청북도,8
2026-02,광업,충청남도,6
2026-02,광업,전라북도,4
2026-02,광업,전라남도,2
2026-02,광업,경상북도,14
2026-02,광업,경상남도,1
2026-02,광업,제주도,0
2026-02,제조업,전 체,38895
2026-02,제조업,서울,976
2026-02,제조업,부산,1788
2026-02,제조업,대구,1198
2026-02,제조업,인천,1986
2026-02,제조업,광주,631
2026-02,제조업,대전,236
2026-02,제조업,울산,1201
2026-02,제조업,세종시,299
2026-02,제조업,경기도,12768
2026-02,제조업,강원도,661
2026-02,제조업,충청북도,2517
2026-02,제조업,충청남도,3458
2026-02,제조업,전라북도,1551
2026-02,제조업,전라남도,1500
2026-02,제조업,경상북도,3071
2026-02,제조업,경상남도,4937
2026-02,제조업,제주도,117
2026-02,"전기, 가스, 증기 및 공기조절 공급업",전 체,148
2026-02,"전기, 가스, 증기 및 공기조절 공급업",서울,3
2026-02,"전기, 가스, 증기 및 공기조절 공급업",부산,5
2026-02,"전기, 가스, 증기 및 공기조절 공급업",대구,4
2026-02,"전기, 가스, 증기 및 공기조절 공급업",인천,3
2026-02,"전기, 가스, 증기 및 공기조절 공급업",광주,0
2026-02,"전기, 가스, 증기 및 공기조절 공급업",대전,0
2026-02,"전기, 가스, 증기 및 공기조절 공급업",울산,22
2026-02,"전기, 가스, 증기 및 공기조절 공급업",세종시,0
2026-02,"전기, 가스, 증기 및 공기조절 공급업",경기도,12
2026-02,"전기, 가스, 증기 및 공기조절 공급업",강원도,1
2026-02,"전기, 가스, 증기 및 공기조절 공급업",충청북도,0
2026-02,"전기, 가스, 증기 및 공기조절 공급업",충청남도,67
2026-02,"전기, 가스, 증기 및 공기조절 공급업",전라북도,7
2026-02,"전기, 가스, 증기 및 공기조절 공급업",전라남도,3
2026-02,"전기, 가스, 증기 및 공기조절 공급업",경상북도,3
2026-02,"전기, 가스, 증기 및 공기조절 공급업",경상남도,17
2026-02,"전기, 가스, 증기 및 공기조절 공급업",제주도,1
2026-02,"수도, 하수 및 폐기물 처리, 원료 재생업",전 체,846
2026-02,"수도, 하수 및 폐기물 처리, 원료 재생업",서울,39
2026-02,"수도, 하수 및 폐기물 처리, 원료 재생업",부산,41
2026-02,"수도, 하수 및 폐기물 처리, 원료 재생업",대구,26
2026-02,"수도, 하수 및 폐기물 처리, 원료 재생업",인천,64
2026-02,"수도, 하수 및 폐기물 처리, 원료 재생업",광주,17
2026-02,"수도, 하수 및 폐기물 처리, 원료 재생업",대전,3
2026-02,"수도, 하수 및 폐기물 처리, 원료 재생업",울산,13
2026-02,"수도, 하수 및 폐기물 처리, 원료 재생업",세종시,2
2026-02,"수도, 하수 및 폐기물 처리, 원료 재생업",경기도,276
2026-02,"수도, 하수 및 폐기물 처리, 원료 재생업",강원도,17
2026-02,"수도, 하수 및 폐기물 처리, 원료 재생업",충청북도,41
2026-02,"수도, 하수 및 폐기물 처리, 원료 재생업",충청남도,56
2026-02,"수도, 하수 및 폐기물 처리, 원료 재생업",전라북도,41
2026-02,"수도, 하수 및 폐기물 처리, 원료 재생업",전라남도,79
2026-02,"수도, 하수 및 폐기물 처리, 원료 재생업",경상북도,54
2026-02,"수도, 하수 및 폐기물 처리, 원료 재생업",경상남도,64
2026-02,"수도, 하수 및 폐기물 처리, 원료 재생업",제주도,13
2026-02,건설업,전 체,5611
2026-02,건설업,서울,1038
2026-02,건설업,부산,353
2026-02,건설업,대구,246
2026-02,건설업,인천,260
2026-02,건설업,광주,208
2026-02,건설업,대전,111
2026-02,건설업,울산,136
2026-02,건설업,세종시,18
2026-02,건설업,경기도,1105
2026-02,건설업,강원도,218
2026-02,건설업,충청북도,216
2026-02,건설업,충청남도,300
2026-02,건설업,전라북도,241
2026-02,건설업,전라남도,410
2026-02,건설업,경상북도,324
2026-02,건설업,경상남도,351
2026-02,건설업,제주도,76
2026-02,도매 및 소매업,전 체,5869
2026-02,도매 및 소매업,서울,637
2026-02,도매 및 소매업,부산,423
2026-02,도매 및 소매업,대구,222
2026-02,도매 및 소매업,인천,280
2026-02,도매 및 소매업,광주,119
2026-02,도매 및 소매업,대전,68
2026-02,도매 및 소매업,울산,87
2026-02,도매 및 소매업,세종시,3
2026-02,도매 및 소매업,경기도,1953
2026-02,도매 및 소매업,강원도,198
2026-02,도매 및 소매업,충청북도,264
2026-02,도매 및 소매업,충청남도,233
2026-02,도매 및 소매업,전라북도,249
2026-02,도매 및 소매업,전라남도,237
2026-02,도매 및 소매업,경상북도,294
2026-02,도매 및 소매업,경상남도,555
2026-02,도매 및 소매업,제주도,47
2026-02,운수 및 창고업,전 체,3516
2026-02,운수 및 창고업,서울,1135
2026-02,운수 및 창고업,부산,226
2026-02,운수 및 창고업,대구,65
2026-02,운수 및 창고업,인천,395
2026-02,운수 및 창고업,광주,29
2026-02,운수 및 창고업,대전,46
2026-02,운수 및 창고업,울산,55
2026-02,운수 및 창고업,세종시,4
2026-02,운수 및 창고업,경기도,901
2026-02,운수 및 창고업,강원도,21
2026-02,운수 및 창고업,충청북도,103
2026-02,운수 및 창고업,충청남도,62
2026-02,운수 및 창고업,전라북도,100
2026-02,운수 및 창고업,전라남도,86
2026-02,운수 및 창고업,경상북도,104
2026-02,운수 및 창고업,경상남도,165
2026-02,운수 및 창고업,제주도,19
2026-02,숙박 및 음식점업,전 체,2619
2026-02,숙박 및 음식점업,서울,665
2026-02,숙박 및 음식점업,부산,156
2026-02,숙박 및 음식점업,대구,43
2026-02,숙박 및 음식점업,인천,179
2026-02,숙박 및 음식점업,광주,21
2026-02,숙박 및 음식점업,대전,14
2026-02,숙박 및 음식점업,울산,53
2026-02,숙박 및 음식점업,세종시,12
2026-02,숙박 및 음식점업,경기도,574
2026-02,숙박 및 음식점업,강원도,173
2026-02,숙박 및 음식점업,충청북도,125
2026-02,숙박 및 음식점업,충청남도,109
2026-02,숙박 및 음식점업,전라북도,138
2026-02,숙박 및 음식점업,전라남도,82
2026-02,숙박 및 음식점업,경상북도,101
2026-02,숙박 및 음식점업,경상남도,107
2026-02,숙박 및 음식점업,제주도,67
2026-02,정보통신업,전 체,879
2026-02,정보통신업,서울,327
2026-02,정보통신업,부산,35
2026-02,정보통신업,대구,24
2026-02,정보통신업,인천,14
2026-02,정보통신업,광주,33
2026-02,정보통신업,대전,52
2026-02,정보통신업,울산,13
2026-02,정보통신업,세종시,8
2026-02,정보통신업,경기도,184
2026-02,정보통신업,강원도,11
2026-02,정보통신업,충청북도,9
2026-02,정보통신업,충청남도,33
2026-02,정보통신업,전라북도,24
2026-02,정보통신업,전라남도,47
2026-02,정보통신업,경상북도,19
2026-02,정보통신업,경상남도,32
2026-02,정보통신업,제주도,14
2026-02,금융 및 보험업,전 체,897
2026-02,금융 및 보험업,서울,276
2026-02,금융 및 보험업,부산,125
2026-02,금융 및 보험업,대구,35
2026-02,금융 및 보험업,인천,18
2026-02,금융 및 보험업,광주,4
2026-02,금융 및 보험업,대전,27
2026-02,금융 및 보험업,울산,6
2026-02,금융 및 보험업,세종시,0
2026-02,금융 및 보험업,경기도,81
2026-02,금융 및 보험업,강원도,20
2026-02,금융 및 보험업,충청북도,19
2026-02,금융 및 보험업,충청남도,40
2026-02,금융 및 보험업,전라북도,26
2026-02,금융 및 보험업,전라남도,38
2026-02,금융 및 보험업,경상북도,68
2026-02,금융 및 보험업,경상남도,89
2026-02,금융 및 보험업,제주도,25
2026-02,부동산업,전 체,1766
2026-02,부동산업,서울,392
2026-02,부동산업,부산,164
2026-02,부동산업,대구,18
2026-02,부동산업,인천,99
2026-02,부동산업,광주,46
2026-02,부동산업,대전,8
2026-02,부동산업,울산,32
2026-02,부동산업,세종시,4
2026-02,부동산업,경기도,396
2026-02,부동산업,강원도,64
2026-02,부동산업,충청북도,35
2026-02,부동산업,충청남도,45
2026-02,부동산업,전라북도,195
2026-02,부동산업,전라남도,61
2026-02,부동산업,경상북도,66
2026-02,부동산업,경상남도,130
2026-02,부동산업,제주도,11
2026-02,"전문, 과학 및 기술 서비스업",전 체,4117
2026-02,"전문, 과학 및 기술 서비스업",서울,661
2026-02,"전문, 과학 및 기술 서비스업",부산,409
2026-02,"전문, 과학 및 기술 서비스업",대구,146
2026-02,"전문, 과학 및 기술 서비스업",인천,191
2026-02,"전문, 과학 및 기술 서비스업",광주,134
2026-02,"전문, 과학 및 기술 서비스업",대전,174
2026-02,"전문, 과학 및 기술 서비스업",울산,133
2026-02,"전문, 과학 및 기술 서비스업",세종시,89
2026-02,"전문, 과학 및 기술 서비스업",경기도,870
2026-02,"전문, 과학 및 기술 서비스업",강원도,99
2026-02,"전문, 과학 및 기술 서비스업",충청북도,81
2026-02,"전문, 과학 및 기술 서비스업",충청남도,199
2026-02,"전문, 과학 및 기술 서비스업",전라북도,110
2026-02,"전문, 과학 및 기술 서비스업",전라남도,148
2026-02,"전문, 과학 및 기술 서비스업",경상북도,259
2026-02,"전문, 과학 및 기술 서비스업",경상남도,364
2026-02,"전문, 과학 및 기술 서비스업",제주도,50
2026-02,"사업시설 관리, 사업 지원 및 임대 서비스업",전 체,14030
2026-02,"사업시설 관리, 사업 지원 및 임대 서비스업",서울,6009
2026-02,"사업시설 관리, 사업 지원 및 임대 서비스업",부산,670
2026-02,"사업시설 관리, 사업 지원 및 임대 서비스업",대구,553
2026-02,"사업시설 관리, 사업 지원 및 임대 서비스업",인천,702
2026-02,"사업시설 관리, 사업 지원 및 임대 서비스업",광주,156
2026-02,"사업시설 관리, 사업 지원 및 임대 서비스업",대전,310
2026-02,"사업시설 관리, 사업 지원 및 임대 서비스업",울산,160
2026-02,"사업시설 관리, 사업 지원 및 임대 서비스업",세종시,24
2026-02,"사업시설 관리, 사업 지원 및 임대 서비스업",경기도,3400
2026-02,"사업시설 관리, 사업 지원 및 임대 서비스업",강원도,146
2026-02,"사업시설 관리, 사업 지원 및 임대 서비스업",충청북도,360
2026-02,"사업시설 관리, 사업 지원 및 임대 서비스업",충청남도,218
2026-02,"사업시설 관리, 사업 지원 및 임대 서비스업",전라북도,273
2026-02,"사업시설 관리, 사업 지원 및 임대 서비스업",전라남도,180
2026-02,"사업시설 관리, 사업 지원 및 임대 서비스업",경상북도,310
2026-02,"사업시설 관리, 사업 지원 및 임대 서비스업",경상남도,501
2026-02,"사업시설 관리, 사업 지원 및 임대 서비스업",제주도,58
2026-02,"공공행정, 국방 및 사회보장 행정",전 체,3442
2026-02,"공공행정, 국방 및 사회보장 행정",서울,825
2026-02,"공공행정, 국방 및 사회보장 행정",부산,246
2026-02,"공공행정, 국방 및 사회보장 행정",대구,135
2026-02,"공공행정, 국방 및 사회보장 행정",인천,114
2026-02,"공공행정, 국방 및 사회보장 행정",광주,28
2026-02,"공공행정, 국방 및 사회보장 행정",대전,21
2026-02,"공공행정, 국방 및 사회보장 행정",울산,20
2026-02,"공공행정, 국방 및 사회보장 행정",세종시,18
2026-02,"공공행정, 국방 및 사회보장 행정",경기도,919
2026-02,"공공행정, 국방 및 사회보장 행정",강원도,171
2026-02,"공공행정, 국방 및 사회보장 행정",충청북도,87
2026-02,"공공행정, 국방 및 사회보장 행정",충청남도,71
2026-02,"공공행정, 국방 및 사회보장 행정",전라북도,224
2026-02,"공공행정, 국방 및 사회보장 행정",전라남도,200
2026-02,"공공행정, 국방 및 사회보장 행정",경상북도,203
2026-02,"공공행정, 국방 및 사회보장 행정",경상남도,142
2026-02,"공공행정, 국방 및 사회보장 행정",제주도,18
2026-02,교육 서비스업,전 체,3988
2026-02,교육 서비스업,서울,937
2026-02,교육 서비스업,부산,256
2026-02,교육 서비스업,대구,158
2026-02,교육 서비스업,인천,119
2026-02,교육 서비스업,광주,162
2026-02,교육 서비스업,대전,219
2026-02,교육 서비스업,울산,60
2026-02,교육 서비스업,세종시,12
2026-02,교육 서비스업,경기도,604
2026-02,교육 서비스업,강원도,137
2026-02,교육 서비스업,충청북도,97
2026-02,교육 서비스업,충청남도,85
2026-02,교육 서비스업,전라북도,322
2026-02,교육 서비스업,전라남도,268
2026-02,교육 서비스업,경상북도,303
2026-02,교육 서비스업,경상남도,206
2026-02,교육 서비스업,제주도,43
2026-02,보건업 및 사회복지 서비스업,전 체,34499
2026-02,보건업 및 사회복지 서비스업,서울,4693
2026-02,보건업 및 사회복지 서비스업,부산,3549
2026-02,보건업 및 사회복지 서비스업,대구,2054
2026-02,보건업 및 사회복지 서비스업,인천,2742
2026-02,보건업 및 사회복지 서비스업,광주,541
2026-02,보건업 및 사회복지 서비스업,대전,475
2026-02,보건업 및 사회복지 서비스업,울산,697
2026-02,보건업 및 사회복지 서비스업,세종시,125
2026-02,보건업 및 사회복지 서비스업,경기도,9239
2026-02,보건업 및 사회복지 서비스업,강원도,943
2026-02,보건업 및 사회복지 서비스업,충청북도,684
2026-02,보건업 및 사회복지 서비스업,충청남도,931
2026-02,보건업 및 사회복지 서비스업,전라북도,1915
2026-02,보건업 및 사회복지 서비스업,전라남도,1146
2026-02,보건업 및 사회복지 서비스업,경상북도,1897
2026-02,보건업 및 사회복지 서비스업,경상남도,2620
2026-02,보건업 및 사회복지 서비스업,제주도,248
2026-02,"예술, 스포츠 및 여가관련 서비스업",전 체,1078
2026-02,"예술, 스포츠 및 여가관련 서비스업",서울,278
2026-02,"예술, 스포츠 및 여가관련 서비스업",부산,55
2026-02,"예술, 스포츠 및 여가관련 서비스업",대구,23
2026-02,"예술, 스포츠 및 여가관련 서비스업",인천,37
2026-02,"예술, 스포츠 및 여가관련 서비스업",광주,24
2026-02,"예술, 스포츠 및 여가관련 서비스업",대전,31
2026-02,"예술, 스포츠 및 여가관련 서비스업",울산,4
2026-02,"예술, 스포츠 및 여가관련 서비스업",세종시,5
2026-02,"예술, 스포츠 및 여가관련 서비스업",경기도,189
2026-02,"예술, 스포츠 및 여가관련 서비스업",강원도,47
2026-02,"예술, 스포츠 및 여가관련 서비스업",충청북도,14
2026-02,"예술, 스포츠 및 여가관련 서비스업",충청남도,39
2026-02,"예술, 스포츠 및 여가관련 서비스업",전라북도,65
2026-02,"예술, 스포츠 및 여가관련 서비스업",전라남도,61
2026-02,"예술, 스포츠 및 여가관련 서비스업",경상북도,63
2026-02,"예술, 스포츠 및 여가관련 서비스업",경상남도,80
2026-02,"예술, 스포츠 및 여가관련 서비스업",제주도,63
2026-02,"협회 및 단체, 수리 및 기타 개인 서비스업",전 체,2671
2026-02,"협회 및 단체, 수리 및 기타 개인 서비스업",서울,506
2026-02,"협회 및 단체, 수리 및 기타 개인 서비스업",부산,208
2026-02,"협회 및 단체, 수리 및 기타 개인 서비스업",대구,106
2026-02,"협회 및 단체, 수리 및 기타 개인 서비스업",인천,206
2026-02,"협회 및 단체, 수리 및 기타 개인 서비스업",광주,48
2026-02,"협회 및 단체, 수리 및 기타 개인 서비스업",대전,31
2026-02,"협회 및 단체, 수리 및 기타 개인 서비스업",울산,65
2026-02,"협회 및 단체, 수리 및 기타 개인 서비스업",세종시,9
2026-02,"협회 및 단체, 수리 및 기타 개인 서비스업",경기도,762
2026-02,"협회 및 단체, 수리 및 기타 개인 서비스업",강원도,47
2026-02,"협회 및 단체, 수리 및 기타 개인 서비스업",충청북도,107
2026-02,"협회 및 단체, 수리 및 기타 개인 서비스업",충청남도,60
2026-02,"협회 및 단체, 수리 및 기타 개인 서비스업",전라북도,119
2026-02,"협회 및 단체, 수리 및 기타 개인 서비스업",전라남도,58
2026-02,"협회 및 단체, 수리 및 기타 개인 서비스업",경상북도,80
2026-02,"협회 및 단체, 수리 및 기타 개인 서비스업",경상남도,236
2026-02,"협회 및 단체, 수리 및 기타 개인 서비스업",제주도,23
2026-02,가구 내 고용활동 및 달리 분류되지 않은 자가소비 생산활동,전 체,73
2026-02,가구 내 고용활동 및 달리 분류되지 않은 자가소비 생산활동,서울,55
2026-02,가구 내 고용활동 및 달리 분류되지 않은 자가소비 생산활동,부산,0
2026-02,가구 내 고용활동 및 달리 분류되지 않은 자가소비 생산활동,대구,0
2026-02,가구 내 고용활동 및 달리 분류되지 않은 자가소비 생산활동,인천,4
2026-02,가구 내 고용활동 및 달리 분류되지 않은 자가소비 생산활동,광주,0
2026-02,가구 내 고용활동 및 달리 분류되지 않은 자가소비 생산활동,대전,0
2026-02,가구 내 고용활동 및 달리 분류되지 않은 자가소비 생산활동,울산,0
2026-02,가구 내 고용활동 및 달리 분류되지 않은 자가소비 생산활동,세종시,0
2026-02,가구 내 고용활동 및 달리 분류되지 않은 자가소비 생산활동,경기도,7
2026-02,가구 내 고용활동 및 달리 분류되지 않은 자가소비 생산활동,강원도,0
2026-02,가구 내 고용활동 및 달리 분류되지 않은 자가소비 생산활동,충청북도,0
2026-02,가구 내 고용활동 및 달리 분류되지 않은 자가소비 생산활동,충청남도,0
2026-02,가구 내 고용활동 및 달리 분류되지 않은 자가소비 생산활동,전라북도,0
2026-02,가구 내 고용활동 및 달리 분류되지 않은 자가소비 생산활동,전라남도,2
2026-02,가구 내 고용활동 및 달리 분류되지 않은 자가소비 생산활동,경상북도,5
2026-02,가구 내 고용활동 및 달리 분류되지 않은 자가소비 생산활동,경상남도,0
2026-02,가구 내 고용활동 및 달리 분류되지 않은 자가소비 생산활동,제주도,0
2026-02,국제 및 외국기관,전 체,13
2026-02,국제 및 외국기관,서울,0
2026-02,국제 및 외국기관,부산,0
2026-02,국제 및 외국기관,대구,0
2026-02,국제 및 외국기관,인천,0
2026-02,국제 및 외국기관,광주,0
2026-02,국제 및 외국기관,대전,0
2026-02,국제 및 외국기관,울산,0
2026-02,국제 및 외국기관,세종시,0
2026-02,국제 및 외국기관,경기도,13
2026-02,국제 및 외국기관,강원도,0
2026-02,국제 및 외국기관,충청북도,0
2026-02,국제 및 외국기관,충청남도,0
2026-02,국제 및 외국기관,전라북도,0
2026-02,국제 및 외국기관,전라남도,0
2026-02,국제 및 외국기관,경상북도,0
2026-02,국제 및 외국기관,경상남도,0
2026-02,국제 및 외국기관,제주도,0
2026-03,"농업, 임업 및 어업",전 체,4498
2026-03,"농업, 임업 및 어업",서울,30
2026-03,"농업, 임업 및 어업",부산,45
2026-03,"농업, 임업 및 어업",대구,27
2026-03,"농업, 임업 및 어업",인천,233
2026-03,"농업, 임업 및 어업",광주,29
2026-03,"농업, 임업 및 어업",대전,21
2026-03,"농업, 임업 및 어업",울산,38
2026-03,"농업, 임업 및 어업",세종시,4
2026-03,"농업, 임업 및 어업",경기도,743
2026-03,"농업, 임업 및 어업",강원도,198
2026-03,"농업, 임업 및 어업",충청북도,251
2026-03,"농업, 임업 및 어업",충청남도,726
2026-03,"농업, 임업 및 어업",전라북도,466
2026-03,"농업, 임업 및 어업",전라남도,864
2026-03,"농업, 임업 및 어업",경상북도,302
2026-03,"농업, 임업 및 어업",경상남도,429
2026-03,"농업, 임업 및 어업",제주도,92
2026-03,광업,전 체,103
2026-03,광업,서울,9
2026-03,광업,부산,8
2026-03,광업,대구,0
2026-03,광업,인천,2
2026-03,광업,광주,0
2026-03,광업,대전,0
2026-03,광업,울산,3
2026-03,광업,세종시,0
2026-03,광업,경기도,8
2026-03,광업,강원도,34
2026-03,광업,충청북도,4
2026-03,광업,충청남도,3
2026-03,광업,전라북도,8
2026-03,광업,전라남도,3
2026-03,광업,경상북도,14
2026-03,광업,경상남도,7
2026-03,광업,제주도,0
2026-03,제조업,전 체,53710
2026-03,제조업,서울,1521
2026-03,제조업,부산,2414
2026-03,제조업,대구,1662
2026-03,제조업,인천,2712
2026-03,제조업,광주,927
2026-03,제조업,대전,429
2026-03,제조업,울산,1979
2026-03,제조업,세종시,414
2026-03,제조업,경기도,17466
2026-03,제조업,강원도,833
2026-03,제조업,충청북도,3452
2026-03,제조업,충청남도,4403
2026-03,제조업,전라북도,2174
2026-03,제조업,전라남도,1857
2026-03,제조업,경상북도,4159
2026-03,제조업,경상남도,7173
2026-03,제조업,제주도,135
2026-03,"전기, 가스, 증기 및 공기조절 공급업",전 체,202
2026-03,"전기, 가스, 증기 및 공기조절 공급업",서울,4
2026-03,"전기, 가스, 증기 및 공기조절 공급업",부산,1
2026-03,"전기, 가스, 증기 및 공기조절 공급업",대구,28
2026-03,"전기, 가스, 증기 및 공기조절 공급업",인천,2
2026-03,"전기, 가스, 증기 및 공기조절 공급업",광주,1
2026-03,"전기, 가스, 증기 및 공기조절 공급업",대전,0
2026-03,"전기, 가스, 증기 및 공기조절 공급업",울산,1
2026-03,"전기, 가스, 증기 및 공기조절 공급업",세종시,1
2026-03,"전기, 가스, 증기 및 공기조절 공급업",경기도,16
2026-03,"전기, 가스, 증기 및 공기조절 공급업",강원도,68
2026-03,"전기, 가스, 증기 및 공기조절 공급업",충청북도,5
2026-03,"전기, 가스, 증기 및 공기조절 공급업",충청남도,11
2026-03,"전기, 가스, 증기 및 공기조절 공급업",전라북도,9
2026-03,"전기, 가스, 증기 및 공기조절 공급업",전라남도,36
2026-03,"전기, 가스, 증기 및 공기조절 공급업",경상북도,5
2026-03,"전기, 가스, 증기 및 공기조절 공급업",경상남도,13
2026-03,"전기, 가스, 증기 및 공기조절 공급업",제주도,1
2026-03,"수도, 하수 및 폐기물 처리, 원료 재생업",전 체,1070
2026-03,"수도, 하수 및 폐기물 처리, 원료 재생업",서울,75
2026-03,"수도, 하수 및 폐기물 처리, 원료 재생업",부산,59
2026-03,"수도, 하수 및 폐기물 처리, 원료 재생업",대구,24
2026-03,"수도, 하수 및 폐기물 처리, 원료 재생업",인천,42
2026-03,"수도, 하수 및 폐기물 처리, 원료 재생업",광주,7
2026-03,"수도, 하수 및 폐기물 처리, 원료 재생업",대전,3
2026-03,"수도, 하수 및 폐기물 처리, 원료 재생업",울산,14
2026-03,"수도, 하수 및 폐기물 처리, 원료 재생업",세종시,3
2026-03,"수도, 하수 및 폐기물 처리, 원료 재생업",경기도,366
2026-03,"수도, 하수 및 폐기물 처리, 원료 재생업",강원도,34
2026-03,"수도, 하수 및 폐기물 처리, 원료 재생업",충청북도,68
2026-03,"수도, 하수 및 폐기물 처리, 원료 재생업",충청남도,62
2026-03,"수도, 하수 및 폐기물 처리, 원료 재생업",전라북도,54
2026-03,"수도, 하수 및 폐기물 처리, 원료 재생업",전라남도,71
2026-03,"수도, 하수 및 폐기물 처리, 원료 재생업",경상북도,77
2026-03,"수도, 하수 및 폐기물 처리, 원료 재생업",경상남도,101
2026-03,"수도, 하수 및 폐기물 처리, 원료 재생업",제주도,10
2026-03,건설업,전 체,7629
2026-03,건설업,서울,1453
2026-03,건설업,부산,294
2026-03,건설업,대구,362
2026-03,건설업,인천,369
2026-03,건설업,광주,203
2026-03,건설업,대전,172
2026-03,건설업,울산,191
2026-03,건설업,세종시,26
2026-03,건설업,경기도,1502
2026-03,건설업,강원도,289
2026-03,건설업,충청북도,353
2026-03,건설업,충청남도,414
2026-03,건설업,전라북도,312
2026-03,건설업,전라남도,621
2026-03,건설업,경상북도,470
2026-03,건설업,경상남도,480
2026-03,건설업,제주도,118
2026-03,도매 및 소매업,전 체,8070
2026-03,도매 및 소매업,서울,1049
2026-03,도매 및 소매업,부산,711
2026-03,도매 및 소매업,대구,272
2026-03,도매 및 소매업,인천,393
2026-03,도매 및 소매업,광주,213
2026-03,도매 및 소매업,대전,120
2026-03,도매 및 소매업,울산,108
2026-03,도매 및 소매업,세종시,23
2026-03,도매 및 소매업,경기도,2538
2026-03,도매 및 소매업,강원도,239
2026-03,도매 및 소매업,충청북도,315
2026-03,도매 및 소매업,충청남도,389
2026-03,도매 및 소매업,전라북도,323
2026-03,도매 및 소매업,전라남도,280
2026-03,도매 및 소매업,경상북도,380
2026-03,도매 및 소매업,경상남도,631
2026-03,도매 및 소매업,제주도,86
2026-03,운수 및 창고업,전 체,4973
2026-03,운수 및 창고업,서울,2311
2026-03,운수 및 창고업,부산,308
2026-03,운수 및 창고업,대구,83
2026-03,운수 및 창고업,인천,189
2026-03,운수 및 창고업,광주,39
2026-03,운수 및 창고업,대전,125
2026-03,운수 및 창고업,울산,71
2026-03,운수 및 창고업,세종시,8
2026-03,운수 및 창고업,경기도,1001
2026-03,운수 및 창고업,강원도,64
2026-03,운수 및 창고업,충청북도,53
2026-03,운수 및 창고업,충청남도,87
2026-03,운수 및 창고업,전라북도,96
2026-03,운수 및 창고업,전라남도,113
2026-03,운수 및 창고업,경상북도,135
2026-03,운수 및 창고업,경상남도,272
2026-03,운수 및 창고업,제주도,18
2026-03,숙박 및 음식점업,전 체,3152
2026-03,숙박 및 음식점업,서울,930
2026-03,숙박 및 음식점업,부산,230
2026-03,숙박 및 음식점업,대구,33
2026-03,숙박 및 음식점업,인천,138
2026-03,숙박 및 음식점업,광주,28
2026-03,숙박 및 음식점업,대전,35
2026-03,숙박 및 음식점업,울산,54
2026-03,숙박 및 음식점업,세종시,8
2026-03,숙박 및 음식점업,경기도,795
2026-03,숙박 및 음식점업,강원도,108
2026-03,숙박 및 음식점업,충청북도,118
2026-03,숙박 및 음식점업,충청남도,98
2026-03,숙박 및 음식점업,전라북도,156
2026-03,숙박 및 음식점업,전라남도,117
2026-03,숙박 및 음식점업,경상북도,111
2026-03,숙박 및 음식점업,경상남도,140
2026-03,숙박 및 음식점업,제주도,53
2026-03,정보통신업,전 체,1479
2026-03,정보통신업,서울,700
2026-03,정보통신업,부산,41
2026-03,정보통신업,대구,32
2026-03,정보통신업,인천,15
2026-03,정보통신업,광주,24
2026-03,정보통신업,대전,64
2026-03,정보통신업,울산,8
2026-03,정보통신업,세종시,9
2026-03,정보통신업,경기도,235
2026-03,정보통신업,강원도,18
2026-03,정보통신업,충청북도,20
2026-03,정보통신업,충청남도,28
2026-03,정보통신업,전라북도,24
2026-03,정보통신업,전라남도,114
2026-03,정보통신업,경상북도,57
2026-03,정보통신업,경상남도,62
2026-03,정보통신업,제주도,28
2026-03,금융 및 보험업,전 체,1135
2026-03,금융 및 보험업,서울,505
2026-03,금융 및 보험업,부산,87
2026-03,금융 및 보험업,대구,44
2026-03,금융 및 보험업,인천,9
2026-03,금융 및 보험업,광주,5
2026-03,금융 및 보험업,대전,7
2026-03,금융 및 보험업,울산,11
2026-03,금융 및 보험업,세종시,0
2026-03,금융 및 보험업,경기도,100
2026-03,금융 및 보험업,강원도,32
2026-03,금융 및 보험업,충청북도,38
2026-03,금융 및 보험업,충청남도,34
2026-03,금융 및 보험업,전라북도,35
2026-03,금융 및 보험업,전라남도,51
2026-03,금융 및 보험업,경상북도,68
2026-03,금융 및 보험업,경상남도,91
2026-03,금융 및 보험업,제주도,18
2026-03,부동산업,전 체,2166
2026-03,부동산업,서울,476
2026-03,부동산업,부산,193
2026-03,부동산업,대구,38
2026-03,부동산업,인천,127
2026-03,부동산업,광주,36
2026-03,부동산업,대전,10
2026-03,부동산업,울산,45
2026-03,부동산업,세종시,121
2026-03,부동산업,경기도,454
2026-03,부동산업,강원도,80
2026-03,부동산업,충청북도,63
2026-03,부동산업,충청남도,93
2026-03,부동산업,전라북도,165
2026-03,부동산업,전라남도,68
2026-03,부동산업,경상북도,51
2026-03,부동산업,경상남도,121
2026-03,부동산업,제주도,25
2026-03,"전문, 과학 및 기술 서비스업",전 체,5466
2026-03,"전문, 과학 및 기술 서비스업",서울,924
2026-03,"전문, 과학 및 기술 서비스업",부산,406
2026-03,"전문, 과학 및 기술 서비스업",대구,216
2026-03,"전문, 과학 및 기술 서비스업",인천,223
2026-03,"전문, 과학 및 기술 서비스업",광주,144
2026-03,"전문, 과학 및 기술 서비스업",대전,268
2026-03,"전문, 과학 및 기술 서비스업",울산,189
2026-03,"전문, 과학 및 기술 서비스업",세종시,79
2026-03,"전문, 과학 및 기술 서비스업",경기도,1049
2026-03,"전문, 과학 및 기술 서비스업",강원도,109
2026-03,"전문, 과학 및 기술 서비스업",충청북도,187
2026-03,"전문, 과학 및 기술 서비스업",충청남도,280
2026-03,"전문, 과학 및 기술 서비스업",전라북도,245
2026-03,"전문, 과학 및 기술 서비스업",전라남도,253
2026-03,"전문, 과학 및 기술 서비스업",경상북도,376
2026-03,"전문, 과학 및 기술 서비스업",경상남도,471
2026-03,"전문, 과학 및 기술 서비스업",제주도,47
2026-03,"사업시설 관리, 사업 지원 및 임대 서비스업",전 체,20461
2026-03,"사업시설 관리, 사업 지원 및 임대 서비스업",서울,9032
2026-03,"사업시설 관리, 사업 지원 및 임대 서비스업",부산,1125
2026-03,"사업시설 관리, 사업 지원 및 임대 서비스업",대구,737
2026-03,"사업시설 관리, 사업 지원 및 임대 서비스업",인천,885
2026-03,"사업시설 관리, 사업 지원 및 임대 서비스업",광주,226
2026-03,"사업시설 관리, 사업 지원 및 임대 서비스업",대전,394
2026-03,"사업시설 관리, 사업 지원 및 임대 서비스업",울산,174
2026-03,"사업시설 관리, 사업 지원 및 임대 서비스업",세종시,81
2026-03,"사업시설 관리, 사업 지원 및 임대 서비스업",경기도,5126
2026-03,"사업시설 관리, 사업 지원 및 임대 서비스업",강원도,196
2026-03,"사업시설 관리, 사업 지원 및 임대 서비스업",충청북도,499
2026-03,"사업시설 관리, 사업 지원 및 임대 서비스업",충청남도,238
2026-03,"사업시설 관리, 사업 지원 및 임대 서비스업",전라북도,370
2026-03,"사업시설 관리, 사업 지원 및 임대 서비스업",전라남도,274
2026-03,"사업시설 관리, 사업 지원 및 임대 서비스업",경상북도,359
2026-03,"사업시설 관리, 사업 지원 및 임대 서비스업",경상남도,678
2026-03,"사업시설 관리, 사업 지원 및 임대 서비스업",제주도,67
2026-03,"공공행정, 국방 및 사회보장 행정",전 체,6123
2026-03,"공공행정, 국방 및 사회보장 행정",서울,529
2026-03,"공공행정, 국방 및 사회보장 행정",부산,788
2026-03,"공공행정, 국방 및 사회보장 행정",대구,345
2026-03,"공공행정, 국방 및 사회보장 행정",인천,205
2026-03,"공공행정, 국방 및 사회보장 행정",광주,87
2026-03,"공공행정, 국방 및 사회보장 행정",대전,134
2026-03,"공공행정, 국방 및 사회보장 행정",울산,80
2026-03,"공공행정, 국방 및 사회보장 행정",세종시,55
2026-03,"공공행정, 국방 및 사회보장 행정",경기도,1303
2026-03,"공공행정, 국방 및 사회보장 행정",강원도,300
2026-03,"공공행정, 국방 및 사회보장 행정",충청북도,354
2026-03,"공공행정, 국방 및 사회보장 행정",충청남도,344
2026-03,"공공행정, 국방 및 사회보장 행정",전라북도,440
2026-03,"공공행정, 국방 및 사회보장 행정",전라남도,318
2026-03,"공공행정, 국방 및 사회보장 행정",경상북도,286
2026-03,"공공행정, 국방 및 사회보장 행정",경상남도,494
2026-03,"공공행정, 국방 및 사회보장 행정",제주도,61
2026-03,교육 서비스업,전 체,3803
2026-03,교육 서비스업,서울,876
2026-03,교육 서비스업,부산,309
2026-03,교육 서비스업,대구,129
2026-03,교육 서비스업,인천,132
2026-03,교육 서비스업,광주,123
2026-03,교육 서비스업,대전,150
2026-03,교육 서비스업,울산,57
2026-03,교육 서비스업,세종시,26
2026-03,교육 서비스업,경기도,606
2026-03,교육 서비스업,강원도,184
2026-03,교육 서비스업,충청북도,73
2026-03,교육 서비스업,충청남도,95
2026-03,교육 서비스업,전라북도,241
2026-03,교육 서비스업,전라남도,208
2026-03,교육 서비스업,경상북도,274
2026-03,교육 서비스업,경상남도,258
2026-03,교육 서비스업,제주도,62
2026-03,보건업 및 사회복지 서비스업,전 체,42340
2026-03,보건업 및 사회복지 서비스업,서울,6170
2026-03,보건업 및 사회복지 서비스업,부산,4404
2026-03,보건업 및 사회복지 서비스업,대구,2637
2026-03,보건업 및 사회복지 서비스업,인천,3322
2026-03,보건업 및 사회복지 서비스업,광주,690
2026-03,보건업 및 사회복지 서비스업,대전,529
2026-03,보건업 및 사회복지 서비스업,울산,989
2026-03,보건업 및 사회복지 서비스업,세종시,157
2026-03,보건업 및 사회복지 서비스업,경기도,11697
2026-03,보건업 및 사회복지 서비스업,강원도,1040
2026-03,보건업 및 사회복지 서비스업,충청북도,891
2026-03,보건업 및 사회복지 서비스업,충청남도,1008
2026-03,보건업 및 사회복지 서비스업,전라북도,2062
2026-03,보건업 및 사회복지 서비스업,전라남도,1322
2026-03,보건업 및 사회복지 서비스업,경상북도,2055
2026-03,보건업 및 사회복지 서비스업,경상남도,3049
2026-03,보건업 및 사회복지 서비스업,제주도,318
2026-03,"예술, 스포츠 및 여가관련 서비스업",전 체,1433
2026-03,"예술, 스포츠 및 여가관련 서비스업",서울,281
2026-03,"예술, 스포츠 및 여가관련 서비스업",부산,84
2026-03,"예술, 스포츠 및 여가관련 서비스업",대구,39
2026-03,"예술, 스포츠 및 여가관련 서비스업",인천,49
2026-03,"예술, 스포츠 및 여가관련 서비스업",광주,27
2026-03,"예술, 스포츠 및 여가관련 서비스업",대전,43
2026-03,"예술, 스포츠 및 여가관련 서비스업",울산,3
2026-03,"예술, 스포츠 및 여가관련 서비스업",세종시,9
2026-03,"예술, 스포츠 및 여가관련 서비스업",경기도,338
2026-03,"예술, 스포츠 및 여가관련 서비스업",강원도,145
2026-03,"예술, 스포츠 및 여가관련 서비스업",충청북도,41
2026-03,"예술, 스포츠 및 여가관련 서비스업",충청남도,49
2026-03,"예술, 스포츠 및 여가관련 서비스업",전라북도,159
2026-03,"예술, 스포츠 및 여가관련 서비스업",전라남도,59
2026-03,"예술, 스포츠 및 여가관련 서비스업",경상북도,37
2026-03,"예술, 스포츠 및 여가관련 서비스업",경상남도,42
2026-03,"예술, 스포츠 및 여가관련 서비스업",제주도,28
2026-03,"협회 및 단체, 수리 및 기타 개인 서비스업",전 체,2971
2026-03,"협회 및 단체, 수리 및 기타 개인 서비스업",서울,576
2026-03,"협회 및 단체, 수리 및 기타 개인 서비스업",부산,224
2026-03,"협회 및 단체, 수리 및 기타 개인 서비스업",대구,120
2026-03,"협회 및 단체, 수리 및 기타 개인 서비스업",인천,251
2026-03,"협회 및 단체, 수리 및 기타 개인 서비스업",광주,66
2026-03,"협회 및 단체, 수리 및 기타 개인 서비스업",대전,24
2026-03,"협회 및 단체, 수리 및 기타 개인 서비스업",울산,58
2026-03,"협회 및 단체, 수리 및 기타 개인 서비스업",세종시,14
2026-03,"협회 및 단체, 수리 및 기타 개인 서비스업",경기도,828
2026-03,"협회 및 단체, 수리 및 기타 개인 서비스업",강원도,65
2026-03,"협회 및 단체, 수리 및 기타 개인 서비스업",충청북도,90
2026-03,"협회 및 단체, 수리 및 기타 개인 서비스업",충청남도,108
2026-03,"협회 및 단체, 수리 및 기타 개인 서비스업",전라북도,117
2026-03,"협회 및 단체, 수리 및 기타 개인 서비스업",전라남도,75
2026-03,"협회 및 단체, 수리 및 기타 개인 서비스업",경상북도,121
2026-03,"협회 및 단체, 수리 및 기타 개인 서비스업",경상남도,190
2026-03,"협회 및 단체, 수리 및 기타 개인 서비스업",제주도,44
2026-03,가구 내 고용활동 및 달리 분류되지 않은 자가소비 생산활동,전 체,40
2026-03,가구 내 고용활동 및 달리 분류되지 않은 자가소비 생산활동,서울,4
2026-03,가구 내 고용활동 및 달리 분류되지 않은 자가소비 생산활동,부산,0
2026-03,가구 내 고용활동 및 달리 분류되지 않은 자가소비 생산활동,대구,0
2026-03,가구 내 고용활동 및 달리 분류되지 않은 자가소비 생산활동,인천,9
2026-03,가구 내 고용활동 및 달리 분류되지 않은 자가소비 생산활동,광주,0
2026-03,가구 내 고용활동 및 달리 분류되지 않은 자가소비 생산활동,대전,0
2026-03,가구 내 고용활동 및 달리 분류되지 않은 자가소비 생산활동,울산,2
2026-03,가구 내 고용활동 및 달리 분류되지 않은 자가소비 생산활동,세종시,0
2026-03,가구 내 고용활동 및 달리 분류되지 않은 자가소비 생산활동,경기도,23
2026-03,가구 내 고용활동 및 달리 분류되지 않은 자가소비 생산활동,강원도,0
2026-03,가구 내 고용활동 및 달리 분류되지 않은 자가소비 생산활동,충청북도,0
2026-03,가구 내 고용활동 및 달리 분류되지 않은 자가소비 생산활동,충청남도,0
2026-03,가구 내 고용활동 및 달리 분류되지 않은 자가소비 생산활동,전라북도,0
2026-03,가구 내 고용활동 및 달리 분류되지 않은 자가소비 생산활동,전라남도,0
2026-03,가구 내 고용활동 및 달리 분류되지 않은 자가소비 생산활동,경상북도,0
2026-03,가구 내 고용활동 및 달리 분류되지 않은 자가소비 생산활동,경상남도,2
2026-03,가구 내 고용활동 및 달리 분류되지 않은 자가소비 생산활동,제주도,0
2026-03,국제 및 외국기관,전 체,38
2026-03,국제 및 외국기관,서울,0
2026-03,국제 및 외국기관,부산,0
2026-03,국제 및 외국기관,대구,0
2026-03,국제 및 외국기관,인천,0
2026-03,국제 및 외국기관,광주,0
2026-03,국제 및 외국기관,대전,0
2026-03,국제 및 외국기관,울산,0
2026-03,국제 및 외국기관,세종시,0
2026-03,국제 및 외국기관,경기도,38
2026-03,국제 및 외국기관,강원도,0
2026-03,국제 및 외국기관,충청북도,0
2026-03,국제 및 외국기관,충청남도,0
2026-03,국제 및 외국기관,전라북도,0
2026-03,국제 및 외국기관,전라남도,0
2026-03,국제 및 외국기관,경상북도,0
2026-03,국제 및 외국기관,경상남도,0
2026-03,국제 및 외국기관,제주도,0
2026-04,"농업, 임업 및 어업",전 체,8338
2026-04,"농업, 임업 및 어업",서울,32
2026-04,"농업, 임업 및 어업",부산,64
2026-04,"농업, 임업 및 어업",대구,32
2026-04,"농업, 임업 및 어업",인천,563
2026-04,"농업, 임업 및 어업",광주,36
2026-04,"농업, 임업 및 어업",대전,10
2026-04,"농업, 임업 및 어업",울산,39
2026-04,"농업, 임업 및 어업",세종시,17
2026-04,"농업, 임업 및 어업",경기도,1032
2026-04,"농업, 임업 및 어업",강원도,565
2026-04,"농업, 임업 및 어업",충청북도,291
2026-04,"농업, 임업 및 어업",충청남도,1077
2026-04,"농업, 임업 및 어업",전라북도,1105
2026-04,"농업, 임업 및 어업",전라남도,1836
2026-04,"농업, 임업 및 어업",경상북도,577
2026-04,"농업, 임업 및 어업",경상남도,730
2026-04,"농업, 임업 및 어업",제주도,332
2026-04,광업,전 체,150
2026-04,광업,서울,6
2026-04,광업,부산,6
2026-04,광업,대구,0
2026-04,광업,인천,3
2026-04,광업,광주,0
2026-04,광업,대전,0
2026-04,광업,울산,3
2026-04,광업,세종시,1
2026-04,광업,경기도,15
2026-04,광업,강원도,60
2026-04,광업,충청북도,7
2026-04,광업,충청남도,2
2026-04,광업,전라북도,18
2026-04,광업,전라남도,3
2026-04,광업,경상북도,20
2026-04,광업,경상남도,6
2026-04,광업,제주도,0
2026-04,제조업,전 체,60013
2026-04,제조업,서울,1593
2026-04,제조업,부산,2530
2026-04,제조업,대구,1818
2026-04,제조업,인천,3002
2026-04,제조업,광주,917
2026-04,제조업,대전,500
2026-04,제조업,울산,2027
2026-04,제조업,세종시,360
2026-04,제조업,경기도,20873
2026-04,제조업,강원도,1111
2026-04,제조업,충청북도,3614
2026-04,제조업,충청남도,4547
2026-04,제조업,전라북도,2285
2026-04,제조업,전라남도,2295
2026-04,제조업,경상북도,4817
2026-04,제조업,경상남도,7557
2026-04,제조업,제주도,167
2026-04,"전기, 가스, 증기 및 공기조절 공급업",전 체,138
2026-04,"전기, 가스, 증기 및 공기조절 공급업",서울,5
2026-04,"전기, 가스, 증기 및 공기조절 공급업",부산,4
2026-04,"전기, 가스, 증기 및 공기조절 공급업",대구,3
2026-04,"전기, 가스, 증기 및 공기조절 공급업",인천,2
2026-04,"전기, 가스, 증기 및 공기조절 공급업",광주,0
2026-04,"전기, 가스, 증기 및 공기조절 공급업",대전,0
2026-04,"전기, 가스, 증기 및 공기조절 공급업",울산,0
2026-04,"전기, 가스, 증기 및 공기조절 공급업",세종시,0
2026-04,"전기, 가스, 증기 및 공기조절 공급업",경기도,29
2026-04,"전기, 가스, 증기 및 공기조절 공급업",강원도,7
2026-04,"전기, 가스, 증기 및 공기조절 공급업",충청북도,5
2026-04,"전기, 가스, 증기 및 공기조절 공급업",충청남도,40
2026-04,"전기, 가스, 증기 및 공기조절 공급업",전라북도,18
2026-04,"전기, 가스, 증기 및 공기조절 공급업",전라남도,0
2026-04,"전기, 가스, 증기 및 공기조절 공급업",경상북도,2
2026-04,"전기, 가스, 증기 및 공기조절 공급업",경상남도,21
2026-04,"전기, 가스, 증기 및 공기조절 공급업",제주도,2
2026-04,"수도, 하수 및 폐기물 처리, 원료 재생업",전 체,1029
2026-04,"수도, 하수 및 폐기물 처리, 원료 재생업",서울,49
2026-04,"수도, 하수 및 폐기물 처리, 원료 재생업",부산,51
2026-04,"수도, 하수 및 폐기물 처리, 원료 재생업",대구,28
2026-04,"수도, 하수 및 폐기물 처리, 원료 재생업",인천,64
2026-04,"수도, 하수 및 폐기물 처리, 원료 재생업",광주,4
2026-04,"수도, 하수 및 폐기물 처리, 원료 재생업",대전,1
2026-04,"수도, 하수 및 폐기물 처리, 원료 재생업",울산,10
2026-04,"수도, 하수 및 폐기물 처리, 원료 재생업",세종시,4
2026-04,"수도, 하수 및 폐기물 처리, 원료 재생업",경기도,411
2026-04,"수도, 하수 및 폐기물 처리, 원료 재생업",강원도,23
2026-04,"수도, 하수 및 폐기물 처리, 원료 재생업",충청북도,63
2026-04,"수도, 하수 및 폐기물 처리, 원료 재생업",충청남도,60
2026-04,"수도, 하수 및 폐기물 처리, 원료 재생업",전라북도,36
2026-04,"수도, 하수 및 폐기물 처리, 원료 재생업",전라남도,51
2026-04,"수도, 하수 및 폐기물 처리, 원료 재생업",경상북도,72
2026-04,"수도, 하수 및 폐기물 처리, 원료 재생업",경상남도,84
2026-04,"수도, 하수 및 폐기물 처리, 원료 재생업",제주도,18
2026-04,건설업,전 체,7538
2026-04,건설업,서울,1589
2026-04,건설업,부산,370
2026-04,건설업,대구,234
2026-04,건설업,인천,331
2026-04,건설업,광주,209
2026-04,건설업,대전,259
2026-04,건설업,울산,196
2026-04,건설업,세종시,19
2026-04,건설업,경기도,1452
2026-04,건설업,강원도,301
2026-04,건설업,충청북도,280
2026-04,건설업,충청남도,430
2026-04,건설업,전라북도,285
2026-04,건설업,전라남도,572
2026-04,건설업,경상북도,437
2026-04,건설업,경상남도,476
2026-04,건설업,제주도,98
2026-04,도매 및 소매업,전 체,8355
2026-04,도매 및 소매업,서울,1263
2026-04,도매 및 소매업,부산,672
2026-04,도매 및 소매업,대구,310
2026-04,도매 및 소매업,인천,362
2026-04,도매 및 소매업,광주,173
2026-04,도매 및 소매업,대전,109
2026-04,도매 및 소매업,울산,122
2026-04,도매 및 소매업,세종시,16
2026-04,도매 및 소매업,경기도,2757
2026-04,도매 및 소매업,강원도,256
2026-04,도매 및 소매업,충청북도,290
2026-04,도매 및 소매업,충청남도,337
2026-04,도매 및 소매업,전라북도,315
2026-04,도매 및 소매업,전라남도,313
2026-04,도매 및 소매업,경상북도,422
2026-04,도매 및 소매업,경상남도,561
2026-04,도매 및 소매업,제주도,77
2026-04,운수 및 창고업,전 체,5895
2026-04,운수 및 창고업,서울,3227
2026-04,운수 및 창고업,부산,262
2026-04,운수 및 창고업,대구,71
2026-04,운수 및 창고업,인천,308
2026-04,운수 및 창고업,광주,54
2026-04,운수 및 창고업,대전,119
2026-04,운수 및 창고업,울산,103
2026-04,운수 및 창고업,세종시,0
2026-04,운수 및 창고업,경기도,970
2026-04,운수 및 창고업,강원도,58
2026-04,운수 및 창고업,충청북도,62
2026-04,운수 및 창고업,충청남도,87
2026-04,운수 및 창고업,전라북도,84
2026-04,운수 및 창고업,전라남도,102
2026-04,운수 및 창고업,경상북도,107
2026-04,운수 및 창고업,경상남도,257
2026-04,운수 및 창고업,제주도,24
2026-04,숙박 및 음식점업,전 체,3375
2026-04,숙박 및 음식점업,서울,1007
2026-04,숙박 및 음식점업,부산,324
2026-04,숙박 및 음식점업,대구,48
2026-04,숙박 및 음식점업,인천,222
2026-04,숙박 및 음식점업,광주,24
2026-04,숙박 및 음식점업,대전,34
2026-04,숙박 및 음식점업,울산,39
2026-04,숙박 및 음식점업,세종시,2
2026-04,숙박 및 음식점업,경기도,745
2026-04,숙박 및 음식점업,강원도,154
2026-04,숙박 및 음식점업,충청북도,111
2026-04,숙박 및 음식점업,충청남도,83
2026-04,숙박 및 음식점업,전라북도,160
2026-04,숙박 및 음식점업,전라남도,126
2026-04,숙박 및 음식점업,경상북도,123
2026-04,숙박 및 음식점업,경상남도,119
2026-04,숙박 및 음식점업,제주도,54
2026-04,정보통신업,전 체,1345
2026-04,정보통신업,서울,559
2026-04,정보통신업,부산,69
2026-04,정보통신업,대구,38
2026-04,정보통신업,인천,43
2026-04,정보통신업,광주,21
2026-04,정보통신업,대전,37
2026-04,정보통신업,울산,12
2026-04,정보통신업,세종시,8
2026-04,정보통신업,경기도,279
2026-04,정보통신업,강원도,45
2026-04,정보통신업,충청북도,6
2026-04,정보통신업,충청남도,19
2026-04,정보통신업,전라북도,47
2026-04,정보통신업,전라남도,77
2026-04,정보통신업,경상북도,29
2026-04,정보통신업,경상남도,36
2026-04,정보통신업,제주도,20
2026-04,금융 및 보험업,전 체,1246
2026-04,금융 및 보험업,서울,456
2026-04,금융 및 보험업,부산,352
2026-04,금융 및 보험업,대구,23
2026-04,금융 및 보험업,인천,7
2026-04,금융 및 보험업,광주,5
2026-04,금융 및 보험업,대전,2
2026-04,금융 및 보험업,울산,4
2026-04,금융 및 보험업,세종시,1
2026-04,금융 및 보험업,경기도,71
2026-04,금융 및 보험업,강원도,29
2026-04,금융 및 보험업,충청북도,15
2026-04,금융 및 보험업,충청남도,57
2026-04,금융 및 보험업,전라북도,43
2026-04,금융 및 보험업,전라남도,42
2026-04,금융 및 보험업,경상북도,41
2026-04,금융 및 보험업,경상남도,76
2026-04,금융 및 보험업,제주도,22
2026-04,부동산업,전 체,2293
2026-04,부동산업,서울,710
2026-04,부동산업,부산,324
2026-04,부동산업,대구,34
2026-04,부동산업,인천,107
2026-04,부동산업,광주,40
2026-04,부동산업,대전,8
2026-04,부동산업,울산,37
2026-04,부동산업,세종시,5
2026-04,부동산업,경기도,480
2026-04,부동산업,강원도,53
2026-04,부동산업,충청북도,60
2026-04,부동산업,충청남도,42
2026-04,부동산업,전라북도,168
2026-04,부동산업,전라남도,67
2026-04,부동산업,경상북도,46
2026-04,부동산업,경상남도,100
2026-04,부동산업,제주도,12
2026-04,"전문, 과학 및 기술 서비스업",전 체,5679
2026-04,"전문, 과학 및 기술 서비스업",서울,993
2026-04,"전문, 과학 및 기술 서비스업",부산,589
2026-04,"전문, 과학 및 기술 서비스업",대구,179
2026-04,"전문, 과학 및 기술 서비스업",인천,323
2026-04,"전문, 과학 및 기술 서비스업",광주,137
2026-04,"전문, 과학 및 기술 서비스업",대전,233
2026-04,"전문, 과학 및 기술 서비스업",울산,177
2026-04,"전문, 과학 및 기술 서비스업",세종시,89
2026-04,"전문, 과학 및 기술 서비스업",경기도,1135
2026-04,"전문, 과학 및 기술 서비스업",강원도,197
2026-04,"전문, 과학 및 기술 서비스업",충청북도,153
2026-04,"전문, 과학 및 기술 서비스업",충청남도,241
2026-04,"전문, 과학 및 기술 서비스업",전라북도,164
2026-04,"전문, 과학 및 기술 서비스업",전라남도,239
2026-04,"전문, 과학 및 기술 서비스업",경상북도,427
2026-04,"전문, 과학 및 기술 서비스업",경상남도,346
2026-04,"전문, 과학 및 기술 서비스업",제주도,57
2026-04,"사업시설 관리, 사업 지원 및 임대 서비스업",전 체,17805
2026-04,"사업시설 관리, 사업 지원 및 임대 서비스업",서울,7803
2026-04,"사업시설 관리, 사업 지원 및 임대 서비스업",부산,851
2026-04,"사업시설 관리, 사업 지원 및 임대 서비스업",대구,645
2026-04,"사업시설 관리, 사업 지원 및 임대 서비스업",인천,699
2026-04,"사업시설 관리, 사업 지원 및 임대 서비스업",광주,137
2026-04,"사업시설 관리, 사업 지원 및 임대 서비스업",대전,603
2026-04,"사업시설 관리, 사업 지원 및 임대 서비스업",울산,153
2026-04,"사업시설 관리, 사업 지원 및 임대 서비스업",세종시,30
2026-04,"사업시설 관리, 사업 지원 및 임대 서비스업",경기도,4256
2026-04,"사업시설 관리, 사업 지원 및 임대 서비스업",강원도,154
2026-04,"사업시설 관리, 사업 지원 및 임대 서비스업",충청북도,380
2026-04,"사업시설 관리, 사업 지원 및 임대 서비스업",충청남도,271
2026-04,"사업시설 관리, 사업 지원 및 임대 서비스업",전라북도,384
2026-04,"사업시설 관리, 사업 지원 및 임대 서비스업",전라남도,280
2026-04,"사업시설 관리, 사업 지원 및 임대 서비스업",경상북도,406
2026-04,"사업시설 관리, 사업 지원 및 임대 서비스업",경상남도,680
2026-04,"사업시설 관리, 사업 지원 및 임대 서비스업",제주도,73
2026-04,"공공행정, 국방 및 사회보장 행정",전 체,3344
2026-04,"공공행정, 국방 및 사회보장 행정",서울,384
2026-04,"공공행정, 국방 및 사회보장 행정",부산,313
2026-04,"공공행정, 국방 및 사회보장 행정",대구,224
2026-04,"공공행정, 국방 및 사회보장 행정",인천,135
2026-04,"공공행정, 국방 및 사회보장 행정",광주,58
2026-04,"공공행정, 국방 및 사회보장 행정",대전,57
2026-04,"공공행정, 국방 및 사회보장 행정",울산,34
2026-04,"공공행정, 국방 및 사회보장 행정",세종시,85
2026-04,"공공행정, 국방 및 사회보장 행정",경기도,856
2026-04,"공공행정, 국방 및 사회보장 행정",강원도,112
2026-04,"공공행정, 국방 및 사회보장 행정",충청북도,86
2026-04,"공공행정, 국방 및 사회보장 행정",충청남도,110
2026-04,"공공행정, 국방 및 사회보장 행정",전라북도,246
2026-04,"공공행정, 국방 및 사회보장 행정",전라남도,183
2026-04,"공공행정, 국방 및 사회보장 행정",경상북도,220
2026-04,"공공행정, 국방 및 사회보장 행정",경상남도,173
2026-04,"공공행정, 국방 및 사회보장 행정",제주도,68
2026-04,교육 서비스업,전 체,3143
2026-04,교육 서비스업,서울,549
2026-04,교육 서비스업,부산,239
2026-04,교육 서비스업,대구,131
2026-04,교육 서비스업,인천,270
2026-04,교육 서비스업,광주,126
2026-04,교육 서비스업,대전,96
2026-04,교육 서비스업,울산,57
2026-04,교육 서비스업,세종시,19
2026-04,교육 서비스업,경기도,513
2026-04,교육 서비스업,강원도,99
2026-04,교육 서비스업,충청북도,102
2026-04,교육 서비스업,충청남도,94
2026-04,교육 서비스업,전라북도,232
2026-04,교육 서비스업,전라남도,188
2026-04,교육 서비스업,경상북도,217
2026-04,교육 서비스업,경상남도,171
2026-04,교육 서비스업,제주도,40
2026-04,보건업 및 사회복지 서비스업,전 체,40468
2026-04,보건업 및 사회복지 서비스업,서울,6217
2026-04,보건업 및 사회복지 서비스업,부산,4154
2026-04,보건업 및 사회복지 서비스업,대구,2535
2026-04,보건업 및 사회복지 서비스업,인천,3185
2026-04,보건업 및 사회복지 서비스업,광주,638
2026-04,보건업 및 사회복지 서비스업,대전,535
2026-04,보건업 및 사회복지 서비스업,울산,864
2026-04,보건업 및 사회복지 서비스업,세종시,155
2026-04,보건업 및 사회복지 서비스업,경기도,11279
2026-04,보건업 및 사회복지 서비스업,강원도,1067
2026-04,보건업 및 사회복지 서비스업,충청북도,808
2026-04,보건업 및 사회복지 서비스업,충청남도,985
2026-04,보건업 및 사회복지 서비스업,전라북도,1979
2026-04,보건업 및 사회복지 서비스업,전라남도,1192
2026-04,보건업 및 사회복지 서비스업,경상북도,1991
2026-04,보건업 및 사회복지 서비스업,경상남도,2671
2026-04,보건업 및 사회복지 서비스업,제주도,213
2026-04,"예술, 스포츠 및 여가관련 서비스업",전 체,919
2026-04,"예술, 스포츠 및 여가관련 서비스업",서울,123
2026-04,"예술, 스포츠 및 여가관련 서비스업",부산,91
2026-04,"예술, 스포츠 및 여가관련 서비스업",대구,24
2026-04,"예술, 스포츠 및 여가관련 서비스업",인천,30
2026-04,"예술, 스포츠 및 여가관련 서비스업",광주,20
2026-04,"예술, 스포츠 및 여가관련 서비스업",대전,6
2026-04,"예술, 스포츠 및 여가관련 서비스업",울산,0
2026-04,"예술, 스포츠 및 여가관련 서비스업",세종시,12
2026-04,"예술, 스포츠 및 여가관련 서비스업",경기도,170
2026-04,"예술, 스포츠 및 여가관련 서비스업",강원도,59
2026-04,"예술, 스포츠 및 여가관련 서비스업",충청북도,34
2026-04,"예술, 스포츠 및 여가관련 서비스업",충청남도,66
2026-04,"예술, 스포츠 및 여가관련 서비스업",전라북도,93
2026-04,"예술, 스포츠 및 여가관련 서비스업",전라남도,80
2026-04,"예술, 스포츠 및 여가관련 서비스업",경상북도,48
2026-04,"예술, 스포츠 및 여가관련 서비스업",경상남도,36
2026-04,"예술, 스포츠 및 여가관련 서비스업",제주도,27
2026-04,"협회 및 단체, 수리 및 기타 개인 서비스업",전 체,2835
2026-04,"협회 및 단체, 수리 및 기타 개인 서비스업",서울,482
2026-04,"협회 및 단체, 수리 및 기타 개인 서비스업",부산,209
2026-04,"협회 및 단체, 수리 및 기타 개인 서비스업",대구,111
2026-04,"협회 및 단체, 수리 및 기타 개인 서비스업",인천,223
2026-04,"협회 및 단체, 수리 및 기타 개인 서비스업",광주,36
2026-04,"협회 및 단체, 수리 및 기타 개인 서비스업",대전,34
2026-04,"협회 및 단체, 수리 및 기타 개인 서비스업",울산,108
2026-04,"협회 및 단체, 수리 및 기타 개인 서비스업",세종시,20
2026-04,"협회 및 단체, 수리 및 기타 개인 서비스업",경기도,818
2026-04,"협회 및 단체, 수리 및 기타 개인 서비스업",강원도,67
2026-04,"협회 및 단체, 수리 및 기타 개인 서비스업",충청북도,79
2026-04,"협회 및 단체, 수리 및 기타 개인 서비스업",충청남도,76
2026-04,"협회 및 단체, 수리 및 기타 개인 서비스업",전라북도,124
2026-04,"협회 및 단체, 수리 및 기타 개인 서비스업",전라남도,72
2026-04,"협회 및 단체, 수리 및 기타 개인 서비스업",경상북도,115
2026-04,"협회 및 단체, 수리 및 기타 개인 서비스업",경상남도,234
2026-04,"협회 및 단체, 수리 및 기타 개인 서비스업",제주도,27
2026-04,가구 내 고용활동 및 달리 분류되지 않은 자가소비 생산활동,전 체,34
2026-04,가구 내 고용활동 및 달리 분류되지 않은 자가소비 생산활동,서울,7
2026-04,가구 내 고용활동 및 달리 분류되지 않은 자가소비 생산활동,부산,0
2026-04,가구 내 고용활동 및 달리 분류되지 않은 자가소비 생산활동,대구,1
2026-04,가구 내 고용활동 및 달리 분류되지 않은 자가소비 생산활동,인천,5
2026-04,가구 내 고용활동 및 달리 분류되지 않은 자가소비 생산활동,광주,0
2026-04,가구 내 고용활동 및 달리 분류되지 않은 자가소비 생산활동,대전,0
2026-04,가구 내 고용활동 및 달리 분류되지 않은 자가소비 생산활동,울산,2
2026-04,가구 내 고용활동 및 달리 분류되지 않은 자가소비 생산활동,세종시,0
2026-04,가구 내 고용활동 및 달리 분류되지 않은 자가소비 생산활동,경기도,16
2026-04,가구 내 고용활동 및 달리 분류되지 않은 자가소비 생산활동,강원도,0
2026-04,가구 내 고용활동 및 달리 분류되지 않은 자가소비 생산활동,충청북도,1
2026-04,가구 내 고용활동 및 달리 분류되지 않은 자가소비 생산활동,충청남도,0
2026-04,가구 내 고용활동 및 달리 분류되지 않은 자가소비 생산활동,전라북도,0
2026-04,가구 내 고용활동 및 달리 분류되지 않은 자가소비 생산활동,전라남도,0
2026-04,가구 내 고용활동 및 달리 분류되지 않은 자가소비 생산활동,경상북도,2
2026-04,가구 내 고용활동 및 달리 분류되지 않은 자가소비 생산활동,경상남도,0
2026-04,가구 내 고용활동 및 달리 분류되지 않은 자가소비 생산활동,제주도,0
2026-04,국제 및 외국기관,전 체,53
2026-04,국제 및 외국기관,서울,1
2026-04,국제 및 외국기관,부산,0
2026-04,국제 및 외국기관,대구,0
2026-04,국제 및 외국기관,인천,0
2026-04,국제 및 외국기관,광주,0
2026-04,국제 및 외국기관,대전,0
2026-04,국제 및 외국기관,울산,0
2026-04,국제 및 외국기관,세종시,0
2026-04,국제 및 외국기관,경기도,52
2026-04,국제 및 외국기관,강원도,0
2026-04,국제 및 외국기관,충청북도,0
2026-04,국제 및 외국기관,충청남도,0
2026-04,국제 및 외국기관,전라북도,0
2026-04,국제 및 외국기관,전라남도,0
2026-04,국제 및 외국기관,경상북도,0
2026-04,국제 및 외국기관,경상남도,0
2026-04,국제 및 외국기관,제주도,0
2026-05,"농업, 임업 및 어업",전 체,3264
2026-05,"농업, 임업 및 어업",서울,13
2026-05,"농업, 임업 및 어업",부산,30
2026-05,"농업, 임업 및 어업",대구,23
2026-05,"농업, 임업 및 어업",인천,155
2026-05,"농업, 임업 및 어업",광주,3
2026-05,"농업, 임업 및 어업",대전,8
2026-05,"농업, 임업 및 어업",울산,17
2026-05,"농업, 임업 및 어업",세종시,9
2026-05,"농업, 임업 및 어업",경기도,587
2026-05,"농업, 임업 및 어업",강원도,187
2026-05,"농업, 임업 및 어업",충청북도,132
2026-05,"농업, 임업 및 어업",충청남도,513
2026-05,"농업, 임업 및 어업",전라북도,325
2026-05,"농업, 임업 및 어업",전라남도,672
2026-05,"농업, 임업 및 어업",경상북도,206
2026-05,"농업, 임업 및 어업",경상남도,311
2026-05,"농업, 임업 및 어업",제주도,73
2026-05,광업,전 체,83
2026-05,광업,서울,10
2026-05,광업,부산,5
2026-05,광업,대구,0
2026-05,광업,인천,1
2026-05,광업,광주,0
2026-05,광업,대전,0
2026-05,광업,울산,0
2026-05,광업,세종시,0
2026-05,광업,경기도,4
2026-05,광업,강원도,43
2026-05,광업,충청북도,6
2026-05,광업,충청남도,2
2026-05,광업,전라북도,5
2026-05,광업,전라남도,1
2026-05,광업,경상북도,3
2026-05,광업,경상남도,3
2026-05,광업,제주도,0
2026-05,제조업,전 체,46415
2026-05,제조업,서울,1241
2026-05,제조업,부산,2341
2026-05,제조업,대구,1467
2026-05,제조업,인천,2374
2026-05,제조업,광주,668
2026-05,제조업,대전,340
2026-05,제조업,울산,1567
2026-05,제조업,세종시,413
2026-05,제조업,경기도,15102
2026-05,제조업,강원도,701
2026-05,제조업,충청북도,3019
2026-05,제조업,충청남도,3685
2026-05,제조업,전라북도,1944
2026-05,제조업,전라남도,1454
2026-05,제조업,경상북도,4008
2026-05,제조업,경상남도,5999
2026-05,제조업,제주도,92
2026-05,"전기, 가스, 증기 및 공기조절 공급업",전 체,121
2026-05,"전기, 가스, 증기 및 공기조절 공급업",서울,3
2026-05,"전기, 가스, 증기 및 공기조절 공급업",부산,2
2026-05,"전기, 가스, 증기 및 공기조절 공급업",대구,1
2026-05,"전기, 가스, 증기 및 공기조절 공급업",인천,7
2026-05,"전기, 가스, 증기 및 공기조절 공급업",광주,0
2026-05,"전기, 가스, 증기 및 공기조절 공급업",대전,0
2026-05,"전기, 가스, 증기 및 공기조절 공급업",울산,24
2026-05,"전기, 가스, 증기 및 공기조절 공급업",세종시,0
2026-05,"전기, 가스, 증기 및 공기조절 공급업",경기도,19
2026-05,"전기, 가스, 증기 및 공기조절 공급업",강원도,4
2026-05,"전기, 가스, 증기 및 공기조절 공급업",충청북도,5
2026-05,"전기, 가스, 증기 및 공기조절 공급업",충청남도,17
2026-05,"전기, 가스, 증기 및 공기조절 공급업",전라북도,16
2026-05,"전기, 가스, 증기 및 공기조절 공급업",전라남도,12
2026-05,"전기, 가스, 증기 및 공기조절 공급업",경상북도,3
2026-05,"전기, 가스, 증기 및 공기조절 공급업",경상남도,8
2026-05,"전기, 가스, 증기 및 공기조절 공급업",제주도,0
2026-05,"수도, 하수 및 폐기물 처리, 원료 재생업",전 체,960
2026-05,"수도, 하수 및 폐기물 처리, 원료 재생업",서울,33
2026-05,"수도, 하수 및 폐기물 처리, 원료 재생업",부산,66
2026-05,"수도, 하수 및 폐기물 처리, 원료 재생업",대구,14
2026-05,"수도, 하수 및 폐기물 처리, 원료 재생업",인천,63
2026-05,"수도, 하수 및 폐기물 처리, 원료 재생업",광주,23
2026-05,"수도, 하수 및 폐기물 처리, 원료 재생업",대전,4
2026-05,"수도, 하수 및 폐기물 처리, 원료 재생업",울산,27
2026-05,"수도, 하수 및 폐기물 처리, 원료 재생업",세종시,2
2026-05,"수도, 하수 및 폐기물 처리, 원료 재생업",경기도,323
2026-05,"수도, 하수 및 폐기물 처리, 원료 재생업",강원도,31
2026-05,"수도, 하수 및 폐기물 처리, 원료 재생업",충청북도,69
2026-05,"수도, 하수 및 폐기물 처리, 원료 재생업",충청남도,62
2026-05,"수도, 하수 및 폐기물 처리, 원료 재생업",전라북도,42
2026-05,"수도, 하수 및 폐기물 처리, 원료 재생업",전라남도,41
2026-05,"수도, 하수 및 폐기물 처리, 원료 재생업",경상북도,68
2026-05,"수도, 하수 및 폐기물 처리, 원료 재생업",경상남도,84
2026-05,"수도, 하수 및 폐기물 처리, 원료 재생업",제주도,8
2026-05,건설업,전 체,6623
2026-05,건설업,서울,1256
2026-05,건설업,부산,638
2026-05,건설업,대구,345
2026-05,건설업,인천,230
2026-05,건설업,광주,156
2026-05,건설업,대전,134
2026-05,건설업,울산,180
2026-05,건설업,세종시,28
2026-05,건설업,경기도,1316
2026-05,건설업,강원도,229
2026-05,건설업,충청북도,266
2026-05,건설업,충청남도,324
2026-05,건설업,전라북도,240
2026-05,건설업,전라남도,461
2026-05,건설업,경상북도,384
2026-05,건설업,경상남도,342
2026-05,건설업,제주도,94
2026-05,도매 및 소매업,전 체,6953
2026-05,도매 및 소매업,서울,1046
2026-05,도매 및 소매업,부산,461
2026-05,도매 및 소매업,대구,296
2026-05,도매 및 소매업,인천,328
2026-05,도매 및 소매업,광주,142
2026-05,도매 및 소매업,대전,100
2026-05,도매 및 소매업,울산,121
2026-05,도매 및 소매업,세종시,12
2026-05,도매 및 소매업,경기도,2144
2026-05,도매 및 소매업,강원도,263
2026-05,도매 및 소매업,충청북도,259
2026-05,도매 및 소매업,충청남도,275
2026-05,도매 및 소매업,전라북도,271
2026-05,도매 및 소매업,전라남도,262
2026-05,도매 및 소매업,경상북도,371
2026-05,도매 및 소매업,경상남도,505
2026-05,도매 및 소매업,제주도,97
2026-05,운수 및 창고업,전 체,5129
2026-05,운수 및 창고업,서울,2696
2026-05,운수 및 창고업,부산,224
2026-05,운수 및 창고업,대구,71
2026-05,운수 및 창고업,인천,237
2026-05,운수 및 창고업,광주,53
2026-05,운수 및 창고업,대전,237
2026-05,운수 및 창고업,울산,75
2026-05,운수 및 창고업,세종시,7
2026-05,운수 및 창고업,경기도,839
2026-05,운수 및 창고업,강원도,54
2026-05,운수 및 창고업,충청북도,63
2026-05,운수 및 창고업,충청남도,76
2026-05,운수 및 창고업,전라북도,66
2026-05,운수 및 창고업,전라남도,79
2026-05,운수 및 창고업,경상북도,116
2026-05,운수 및 창고업,경상남도,204
2026-05,운수 및 창고업,제주도,32
2026-05,숙박 및 음식점업,전 체,2804
2026-05,숙박 및 음식점업,서울,679
2026-05,숙박 및 음식점업,부산,285
2026-05,숙박 및 음식점업,대구,34
2026-05,숙박 및 음식점업,인천,102
2026-05,숙박 및 음식점업,광주,26
2026-05,숙박 및 음식점업,대전,22
2026-05,숙박 및 음식점업,울산,69
2026-05,숙박 및 음식점업,세종시,7
2026-05,숙박 및 음식점업,경기도,656
2026-05,숙박 및 음식점업,강원도,170
2026-05,숙박 및 음식점업,충청북도,119
2026-05,숙박 및 음식점업,충청남도,75
2026-05,숙박 및 음식점업,전라북도,153
2026-05,숙박 및 음식점업,전라남도,125
2026-05,숙박 및 음식점업,경상북도,108
2026-05,숙박 및 음식점업,경상남도,139
2026-05,숙박 및 음식점업,제주도,35
2026-05,정보통신업,전 체,1083
2026-05,정보통신업,서울,367
2026-05,정보통신업,부산,43
2026-05,정보통신업,대구,33
2026-05,정보통신업,인천,19
2026-05,정보통신업,광주,20
2026-05,정보통신업,대전,56
2026-05,정보통신업,울산,19
2026-05,정보통신업,세종시,1
2026-05,정보통신업,경기도,206
2026-05,정보통신업,강원도,16
2026-05,정보통신업,충청북도,20
2026-05,정보통신업,충청남도,26
2026-05,정보통신업,전라북도,21
2026-05,정보통신업,전라남도,96
2026-05,정보통신업,경상북도,53
2026-05,정보통신업,경상남도,67
2026-05,정보통신업,제주도,20
2026-05,금융 및 보험업,전 체,804
2026-05,금융 및 보험업,서울,231
2026-05,금융 및 보험업,부산,136
2026-05,금융 및 보험업,대구,77
2026-05,금융 및 보험업,인천,4
2026-05,금융 및 보험업,광주,10
2026-05,금융 및 보험업,대전,32
2026-05,금융 및 보험업,울산,13
2026-05,금융 및 보험업,세종시,1
2026-05,금융 및 보험업,경기도,42
2026-05,금융 및 보험업,강원도,21
2026-05,금융 및 보험업,충청북도,16
2026-05,금융 및 보험업,충청남도,33
2026-05,금융 및 보험업,전라북도,27
2026-05,금융 및 보험업,전라남도,39
2026-05,금융 및 보험업,경상북도,53
2026-05,금융 및 보험업,경상남도,56
2026-05,금융 및 보험업,제주도,13
2026-05,부동산업,전 체,2113
2026-05,부동산업,서울,492
2026-05,부동산업,부산,277
2026-05,부동산업,대구,25
2026-05,부동산업,인천,234
2026-05,부동산업,광주,41
2026-05,부동산업,대전,8
2026-05,부동산업,울산,20
2026-05,부동산업,세종시,6
2026-05,부동산업,경기도,510
2026-05,부동산업,강원도,74
2026-05,부동산업,충청북도,33
2026-05,부동산업,충청남도,54
2026-05,부동산업,전라북도,145
2026-05,부동산업,전라남도,52
2026-05,부동산업,경상북도,48
2026-05,부동산업,경상남도,77
2026-05,부동산업,제주도,17
2026-05,"전문, 과학 및 기술 서비스업",전 체,4706
2026-05,"전문, 과학 및 기술 서비스업",서울,675
2026-05,"전문, 과학 및 기술 서비스업",부산,621
2026-05,"전문, 과학 및 기술 서비스업",대구,296
2026-05,"전문, 과학 및 기술 서비스업",인천,208
2026-05,"전문, 과학 및 기술 서비스업",광주,102
2026-05,"전문, 과학 및 기술 서비스업",대전,231
2026-05,"전문, 과학 및 기술 서비스업",울산,140
2026-05,"전문, 과학 및 기술 서비스업",세종시,88
2026-05,"전문, 과학 및 기술 서비스업",경기도,947
2026-05,"전문, 과학 및 기술 서비스업",강원도,127
2026-05,"전문, 과학 및 기술 서비스업",충청북도,111
2026-05,"전문, 과학 및 기술 서비스업",충청남도,264
2026-05,"전문, 과학 및 기술 서비스업",전라북도,167
2026-05,"전문, 과학 및 기술 서비스업",전라남도,152
2026-05,"전문, 과학 및 기술 서비스업",경상북도,181
2026-05,"전문, 과학 및 기술 서비스업",경상남도,349
2026-05,"전문, 과학 및 기술 서비스업",제주도,47
2026-05,"사업시설 관리, 사업 지원 및 임대 서비스업",전 체,17193
2026-05,"사업시설 관리, 사업 지원 및 임대 서비스업",서울,7332
2026-05,"사업시설 관리, 사업 지원 및 임대 서비스업",부산,853
2026-05,"사업시설 관리, 사업 지원 및 임대 서비스업",대구,599
2026-05,"사업시설 관리, 사업 지원 및 임대 서비스업",인천,661
2026-05,"사업시설 관리, 사업 지원 및 임대 서비스업",광주,155
2026-05,"사업시설 관리, 사업 지원 및 임대 서비스업",대전,576
2026-05,"사업시설 관리, 사업 지원 및 임대 서비스업",울산,168
2026-05,"사업시설 관리, 사업 지원 및 임대 서비스업",세종시,30
2026-05,"사업시설 관리, 사업 지원 및 임대 서비스업",경기도,4208
2026-05,"사업시설 관리, 사업 지원 및 임대 서비스업",강원도,208
2026-05,"사업시설 관리, 사업 지원 및 임대 서비스업",충청북도,378
2026-05,"사업시설 관리, 사업 지원 및 임대 서비스업",충청남도,223
2026-05,"사업시설 관리, 사업 지원 및 임대 서비스업",전라북도,492
2026-05,"사업시설 관리, 사업 지원 및 임대 서비스업",전라남도,170
2026-05,"사업시설 관리, 사업 지원 및 임대 서비스업",경상북도,472
2026-05,"사업시설 관리, 사업 지원 및 임대 서비스업",경상남도,528
2026-05,"사업시설 관리, 사업 지원 및 임대 서비스업",제주도,140
2026-05,"공공행정, 국방 및 사회보장 행정",전 체,9917
2026-05,"공공행정, 국방 및 사회보장 행정",서울,951
2026-05,"공공행정, 국방 및 사회보장 행정",부산,390
2026-05,"공공행정, 국방 및 사회보장 행정",대구,631
2026-05,"공공행정, 국방 및 사회보장 행정",인천,88
2026-05,"공공행정, 국방 및 사회보장 행정",광주,20
2026-05,"공공행정, 국방 및 사회보장 행정",대전,24
2026-05,"공공행정, 국방 및 사회보장 행정",울산,49
2026-05,"공공행정, 국방 및 사회보장 행정",세종시,5773
2026-05,"공공행정, 국방 및 사회보장 행정",경기도,703
2026-05,"공공행정, 국방 및 사회보장 행정",강원도,89
2026-05,"공공행정, 국방 및 사회보장 행정",충청북도,87
2026-05,"공공행정, 국방 및 사회보장 행정",충청남도,141
2026-05,"공공행정, 국방 및 사회보장 행정",전라북도,349
2026-05,"공공행정, 국방 및 사회보장 행정",전라남도,151
2026-05,"공공행정, 국방 및 사회보장 행정",경상북도,307
2026-05,"공공행정, 국방 및 사회보장 행정",경상남도,111
2026-05,"공공행정, 국방 및 사회보장 행정",제주도,53
2026-05,교육 서비스업,전 체,2780
2026-05,교육 서비스업,서울,516
2026-05,교육 서비스업,부산,208
2026-05,교육 서비스업,대구,108
2026-05,교육 서비스업,인천,87
2026-05,교육 서비스업,광주,119
2026-05,교육 서비스업,대전,169
2026-05,교육 서비스업,울산,64
2026-05,교육 서비스업,세종시,13
2026-05,교육 서비스업,경기도,445
2026-05,교육 서비스업,강원도,121
2026-05,교육 서비스업,충청북도,101
2026-05,교육 서비스업,충청남도,67
2026-05,교육 서비스업,전라북도,156
2026-05,교육 서비스업,전라남도,161
2026-05,교육 서비스업,경상북도,197
2026-05,교육 서비스업,경상남도,218
2026-05,교육 서비스업,제주도,30
2026-05,보건업 및 사회복지 서비스업,전 체,37827
2026-05,보건업 및 사회복지 서비스업,서울,5608
2026-05,보건업 및 사회복지 서비스업,부산,3763
2026-05,보건업 및 사회복지 서비스업,대구,2533
2026-05,보건업 및 사회복지 서비스업,인천,2966
2026-05,보건업 및 사회복지 서비스업,광주,545
2026-05,보건업 및 사회복지 서비스업,대전,460
2026-05,보건업 및 사회복지 서비스업,울산,752
2026-05,보건업 및 사회복지 서비스업,세종시,135
2026-05,보건업 및 사회복지 서비스업,경기도,10793
2026-05,보건업 및 사회복지 서비스업,강원도,947
2026-05,보건업 및 사회복지 서비스업,충청북도,812
2026-05,보건업 및 사회복지 서비스업,충청남도,848
2026-05,보건업 및 사회복지 서비스업,전라북도,1831
2026-05,보건업 및 사회복지 서비스업,전라남도,1169
2026-05,보건업 및 사회복지 서비스업,경상북도,1965
2026-05,보건업 및 사회복지 서비스업,경상남도,2472
2026-05,보건업 및 사회복지 서비스업,제주도,228
2026-05,"예술, 스포츠 및 여가관련 서비스업",전 체,1116
2026-05,"예술, 스포츠 및 여가관련 서비스업",서울,162
2026-05,"예술, 스포츠 및 여가관련 서비스업",부산,49
2026-05,"예술, 스포츠 및 여가관련 서비스업",대구,27
2026-05,"예술, 스포츠 및 여가관련 서비스업",인천,19
2026-05,"예술, 스포츠 및 여가관련 서비스업",광주,42
2026-05,"예술, 스포츠 및 여가관련 서비스업",대전,11
2026-05,"예술, 스포츠 및 여가관련 서비스업",울산,0
2026-05,"예술, 스포츠 및 여가관련 서비스업",세종시,7
2026-05,"예술, 스포츠 및 여가관련 서비스업",경기도,263
2026-05,"예술, 스포츠 및 여가관련 서비스업",강원도,259
2026-05,"예술, 스포츠 및 여가관련 서비스업",충청북도,24
2026-05,"예술, 스포츠 및 여가관련 서비스업",충청남도,33
2026-05,"예술, 스포츠 및 여가관련 서비스업",전라북도,79
2026-05,"예술, 스포츠 및 여가관련 서비스업",전라남도,51
2026-05,"예술, 스포츠 및 여가관련 서비스업",경상북도,35
2026-05,"예술, 스포츠 및 여가관련 서비스업",경상남도,20
2026-05,"예술, 스포츠 및 여가관련 서비스업",제주도,35
2026-05,"협회 및 단체, 수리 및 기타 개인 서비스업",전 체,2761
2026-05,"협회 및 단체, 수리 및 기타 개인 서비스업",서울,445
2026-05,"협회 및 단체, 수리 및 기타 개인 서비스업",부산,199
2026-05,"협회 및 단체, 수리 및 기타 개인 서비스업",대구,89
2026-05,"협회 및 단체, 수리 및 기타 개인 서비스업",인천,194
2026-05,"협회 및 단체, 수리 및 기타 개인 서비스업",광주,25
2026-05,"협회 및 단체, 수리 및 기타 개인 서비스업",대전,69
2026-05,"협회 및 단체, 수리 및 기타 개인 서비스업",울산,67
2026-05,"협회 및 단체, 수리 및 기타 개인 서비스업",세종시,22
2026-05,"협회 및 단체, 수리 및 기타 개인 서비스업",경기도,808
2026-05,"협회 및 단체, 수리 및 기타 개인 서비스업",강원도,62
2026-05,"협회 및 단체, 수리 및 기타 개인 서비스업",충청북도,88
2026-05,"협회 및 단체, 수리 및 기타 개인 서비스업",충청남도,81
2026-05,"협회 및 단체, 수리 및 기타 개인 서비스업",전라북도,150
2026-05,"협회 및 단체, 수리 및 기타 개인 서비스업",전라남도,107
2026-05,"협회 및 단체, 수리 및 기타 개인 서비스업",경상북도,117
2026-05,"협회 및 단체, 수리 및 기타 개인 서비스업",경상남도,222
2026-05,"협회 및 단체, 수리 및 기타 개인 서비스업",제주도,16
2026-05,가구 내 고용활동 및 달리 분류되지 않은 자가소비 생산활동,전 체,31
2026-05,가구 내 고용활동 및 달리 분류되지 않은 자가소비 생산활동,서울,2
2026-05,가구 내 고용활동 및 달리 분류되지 않은 자가소비 생산활동,부산,1
2026-05,가구 내 고용활동 및 달리 분류되지 않은 자가소비 생산활동,대구,0
2026-05,가구 내 고용활동 및 달리 분류되지 않은 자가소비 생산활동,인천,6
2026-05,가구 내 고용활동 및 달리 분류되지 않은 자가소비 생산활동,광주,0
2026-05,가구 내 고용활동 및 달리 분류되지 않은 자가소비 생산활동,대전,0
2026-05,가구 내 고용활동 및 달리 분류되지 않은 자가소비 생산활동,울산,1
2026-05,가구 내 고용활동 및 달리 분류되지 않은 자가소비 생산활동,세종시,0
2026-05,가구 내 고용활동 및 달리 분류되지 않은 자가소비 생산활동,경기도,20
2026-05,가구 내 고용활동 및 달리 분류되지 않은 자가소비 생산활동,강원도,0
2026-05,가구 내 고용활동 및 달리 분류되지 않은 자가소비 생산활동,충청북도,0
2026-05,가구 내 고용활동 및 달리 분류되지 않은 자가소비 생산활동,충청남도,0
2026-05,가구 내 고용활동 및 달리 분류되지 않은 자가소비 생산활동,전라북도,0
2026-05,가구 내 고용활동 및 달리 분류되지 않은 자가소비 생산활동,전라남도,1
2026-05,가구 내 고용활동 및 달리 분류되지 않은 자가소비 생산활동,경상북도,0
2026-05,가구 내 고용활동 및 달리 분류되지 않은 자가소비 생산활동,경상남도,0
2026-05,가구 내 고용활동 및 달리 분류되지 않은 자가소비 생산활동,제주도,0
2026-05,국제 및 외국기관,전 체,57
2026-05,국제 및 외국기관,서울,0
2026-05,국제 및 외국기관,부산,0
2026-05,국제 및 외국기관,대구,0
2026-05,국제 및 외국기관,인천,0
2026-05,국제 및 외국기관,광주,0
2026-05,국제 및 외국기관,대전,0
2026-05,국제 및 외국기관,울산,0
2026-05,국제 및 외국기관,세종시,0
2026-05,국제 및 외국기관,경기도,57
2026-05,국제 및 외국기관,강원도,0
2026-05,국제 및 외국기관,충청북도,0
2026-05,국제 및 외국기관,충청남도,0
2026-05,국제 및 외국기관,전라북도,0
2026-05,국제 및 외국기관,전라남도,0
2026-05,국제 및 외국기관,경상북도,0
2026-05,국제 및 외국기관,경상남도,0
2026-05,국제 및 외국기관,제주도,0
2026-06,"농업, 임업 및 어업",전 체,5024
2026-06,"농업, 임업 및 어업",서울,14
2026-06,"농업, 임업 및 어업",부산,84
2026-06,"농업, 임업 및 어업",대구,10
2026-06,"농업, 임업 및 어업",인천,375
2026-06,"농업, 임업 및 어업",광주,25
2026-06,"농업, 임업 및 어업",대전,26
2026-06,"농업, 임업 및 어업",울산,26
2026-06,"농업, 임업 및 어업",세종시,31
2026-06,"농업, 임업 및 어업",경기도,829
2026-06,"농업, 임업 및 어업",강원도,341
2026-06,"농업, 임업 및 어업",충청북도,167
2026-06,"농업, 임업 및 어업",충청남도,722
2026-06,"농업, 임업 및 어업",전라북도,544
2026-06,"농업, 임업 및 어업",전라남도,821
2026-06,"농업, 임업 및 어업",경상북도,340
2026-06,"농업, 임업 및 어업",경상남도,502
2026-06,"농업, 임업 및 어업",제주도,167
2026-06,광업,전 체,90
2026-06,광업,서울,4
2026-06,광업,부산,4
2026-06,광업,대구,0
2026-06,광업,인천,1
2026-06,광업,광주,0
2026-06,광업,대전,0
2026-06,광업,울산,2
2026-06,광업,세종시,0
2026-06,광업,경기도,7
2026-06,광업,강원도,28
2026-06,광업,충청북도,5
2026-06,광업,충청남도,3
2026-06,광업,전라북도,5
2026-06,광업,전라남도,1
2026-06,광업,경상북도,20
2026-06,광업,경상남도,10
2026-06,광업,제주도,0
2026-06,제조업,전 체,60587
2026-06,제조업,서울,1677
2026-06,제조업,부산,2473
2026-06,제조업,대구,1797
2026-06,제조업,인천,3320
2026-06,제조업,광주,965
2026-06,제조업,대전,494
2026-06,제조업,울산,2687
2026-06,제조업,세종시,496
2026-06,제조업,경기도,19749
2026-06,제조업,강원도,1051
2026-06,제조업,충청북도,3705
2026-06,제조업,충청남도,4467
2026-06,제조업,전라북도,2469
2026-06,제조업,전라남도,2101
2026-06,제조업,경상북도,5174
2026-06,제조업,경상남도,7825
2026-06,제조업,제주도,137
2026-06,"전기, 가스, 증기 및 공기조절 공급업",전 체,217
2026-06,"전기, 가스, 증기 및 공기조절 공급업",서울,1
2026-06,"전기, 가스, 증기 및 공기조절 공급업",부산,1
2026-06,"전기, 가스, 증기 및 공기조절 공급업",대구,3
2026-06,"전기, 가스, 증기 및 공기조절 공급업",인천,1
2026-06,"전기, 가스, 증기 및 공기조절 공급업",광주,1
2026-06,"전기, 가스, 증기 및 공기조절 공급업",대전,0
2026-06,"전기, 가스, 증기 및 공기조절 공급업",울산,2
2026-06,"전기, 가스, 증기 및 공기조절 공급업",세종시,0
2026-06,"전기, 가스, 증기 및 공기조절 공급업",경기도,27
2026-06,"전기, 가스, 증기 및 공기조절 공급업",강원도,7
2026-06,"전기, 가스, 증기 및 공기조절 공급업",충청북도,2
2026-06,"전기, 가스, 증기 및 공기조절 공급업",충청남도,14
2026-06,"전기, 가스, 증기 및 공기조절 공급업",전라북도,137
2026-06,"전기, 가스, 증기 및 공기조절 공급업",전라남도,1
2026-06,"전기, 가스, 증기 및 공기조절 공급업",경상북도,4
2026-06,"전기, 가스, 증기 및 공기조절 공급업",경상남도,13
2026-06,"전기, 가스, 증기 및 공기조절 공급업",제주도,3
2026-06,"수도, 하수 및 폐기물 처리, 원료 재생업",전 체,1087
2026-06,"수도, 하수 및 폐기물 처리, 원료 재생업",서울,34
2026-06,"수도, 하수 및 폐기물 처리, 원료 재생업",부산,54
2026-06,"수도, 하수 및 폐기물 처리, 원료 재생업",대구,22
2026-06,"수도, 하수 및 폐기물 처리, 원료 재생업",인천,61
2026-06,"수도, 하수 및 폐기물 처리, 원료 재생업",광주,15
2026-06,"수도, 하수 및 폐기물 처리, 원료 재생업",대전,2
2026-06,"수도, 하수 및 폐기물 처리, 원료 재생업",울산,14
2026-06,"수도, 하수 및 폐기물 처리, 원료 재생업",세종시,7
2026-06,"수도, 하수 및 폐기물 처리, 원료 재생업",경기도,379
2026-06,"수도, 하수 및 폐기물 처리, 원료 재생업",강원도,33
2026-06,"수도, 하수 및 폐기물 처리, 원료 재생업",충청북도,75
2026-06,"수도, 하수 및 폐기물 처리, 원료 재생업",충청남도,67
2026-06,"수도, 하수 및 폐기물 처리, 원료 재생업",전라북도,41
2026-06,"수도, 하수 및 폐기물 처리, 원료 재생업",전라남도,60
2026-06,"수도, 하수 및 폐기물 처리, 원료 재생업",경상북도,77
2026-06,"수도, 하수 및 폐기물 처리, 원료 재생업",경상남도,134
2026-06,"수도, 하수 및 폐기물 처리, 원료 재생업",제주도,12
2026-06,건설업,전 체,7265
2026-06,건설업,서울,1414
2026-06,건설업,부산,352
2026-06,건설업,대구,241
2026-06,건설업,인천,372
2026-06,건설업,광주,209
2026-06,건설업,대전,295
2026-06,건설업,울산,203
2026-06,건설업,세종시,29
2026-06,건설업,경기도,1435
2026-06,건설업,강원도,282
2026-06,건설업,충청북도,294
2026-06,건설업,충청남도,292
2026-06,건설업,전라북도,308
2026-06,건설업,전라남도,550
2026-06,건설업,경상북도,456
2026-06,건설업,경상남도,440
2026-06,건설업,제주도,93
2026-06,도매 및 소매업,전 체,8343
2026-06,도매 및 소매업,서울,1017
2026-06,도매 및 소매업,부산,690
2026-06,도매 및 소매업,대구,288
2026-06,도매 및 소매업,인천,371
2026-06,도매 및 소매업,광주,177
2026-06,도매 및 소매업,대전,95
2026-06,도매 및 소매업,울산,153
2026-06,도매 및 소매업,세종시,16
2026-06,도매 및 소매업,경기도,2861
2026-06,도매 및 소매업,강원도,210
2026-06,도매 및 소매업,충청북도,387
2026-06,도매 및 소매업,충청남도,348
2026-06,도매 및 소매업,전라북도,329
2026-06,도매 및 소매업,전라남도,291
2026-06,도매 및 소매업,경상북도,443
2026-06,도매 및 소매업,경상남도,591
2026-06,도매 및 소매업,제주도,76
2026-06,운수 및 창고업,전 체,8073
2026-06,운수 및 창고업,서울,4834
2026-06,운수 및 창고업,부산,267
2026-06,운수 및 창고업,대구,56
2026-06,운수 및 창고업,인천,358
2026-06,운수 및 창고업,광주,37
2026-06,운수 및 창고업,대전,235
2026-06,운수 및 창고업,울산,105
2026-06,운수 및 창고업,세종시,1
2026-06,운수 및 창고업,경기도,1355
2026-06,운수 및 창고업,강원도,76
2026-06,운수 및 창고업,충청북도,57
2026-06,운수 및 창고업,충청남도,87
2026-06,운수 및 창고업,전라북도,64
2026-06,운수 및 창고업,전라남도,143
2026-06,운수 및 창고업,경상북도,113
2026-06,운수 및 창고업,경상남도,260
2026-06,운수 및 창고업,제주도,25
2026-06,숙박 및 음식점업,전 체,3330
2026-06,숙박 및 음식점업,서울,817
2026-06,숙박 및 음식점업,부산,244
2026-06,숙박 및 음식점업,대구,50
2026-06,숙박 및 음식점업,인천,128
2026-06,숙박 및 음식점업,광주,34
2026-06,숙박 및 음식점업,대전,41
2026-06,숙박 및 음식점업,울산,63
2026-06,숙박 및 음식점업,세종시,4
2026-06,숙박 및 음식점업,경기도,715
2026-06,숙박 및 음식점업,강원도,304
2026-06,숙박 및 음식점업,충청북도,137
2026-06,숙박 및 음식점업,충청남도,73
2026-06,숙박 및 음식점업,전라북도,147
2026-06,숙박 및 음식점업,전라남도,131
2026-06,숙박 및 음식점업,경상북도,127
2026-06,숙박 및 음식점업,경상남도,255
2026-06,숙박 및 음식점업,제주도,60
2026-06,정보통신업,전 체,1211
2026-06,정보통신업,서울,450
2026-06,정보통신업,부산,61
2026-06,정보통신업,대구,46
2026-06,정보통신업,인천,18
2026-06,정보통신업,광주,23
2026-06,정보통신업,대전,41
2026-06,정보통신업,울산,36
2026-06,정보통신업,세종시,8
2026-06,정보통신업,경기도,246
2026-06,정보통신업,강원도,18
2026-06,정보통신업,충청북도,11
2026-06,정보통신업,충청남도,36
2026-06,정보통신업,전라북도,45
2026-06,정보통신업,전라남도,81
2026-06,정보통신업,경상북도,49
2026-06,정보통신업,경상남도,34
2026-06,정보통신업,제주도,8
2026-06,금융 및 보험업,전 체,820
2026-06,금융 및 보험업,서울,319
2026-06,금융 및 보험업,부산,88
2026-06,금융 및 보험업,대구,9
2026-06,금융 및 보험업,인천,6
2026-06,금융 및 보험업,광주,13
2026-06,금융 및 보험업,대전,18
2026-06,금융 및 보험업,울산,7
2026-06,금융 및 보험업,세종시,2
2026-06,금융 및 보험업,경기도,75
2026-06,금융 및 보험업,강원도,25
2026-06,금융 및 보험업,충청북도,11
2026-06,금융 및 보험업,충청남도,30
2026-06,금융 및 보험업,전라북도,48
2026-06,금융 및 보험업,전라남도,44
2026-06,금융 및 보험업,경상북도,51
2026-06,금융 및 보험업,경상남도,50
2026-06,금융 및 보험업,제주도,24
2026-06,부동산업,전 체,2342
2026-06,부동산업,서울,579
2026-06,부동산업,부산,260
2026-06,부동산업,대구,67
2026-06,부동산업,인천,156
2026-06,부동산업,광주,46
2026-06,부동산업,대전,15
2026-06,부동산업,울산,78
2026-06,부동산업,세종시,7
2026-06,부동산업,경기도,479
2026-06,부동산업,강원도,101
2026-06,부동산업,충청북도,49
2026-06,부동산업,충청남도,57
2026-06,부동산업,전라북도,178
2026-06,부동산업,전라남도,46
2026-06,부동산업,경상북도,82
2026-06,부동산업,경상남도,128
2026-06,부동산업,제주도,14
2026-06,"전문, 과학 및 기술 서비스업",전 체,6374
2026-06,"전문, 과학 및 기술 서비스업",서울,1526
2026-06,"전문, 과학 및 기술 서비스업",부산,546
2026-06,"전문, 과학 및 기술 서비스업",대구,222
2026-06,"전문, 과학 및 기술 서비스업",인천,193
2026-06,"전문, 과학 및 기술 서비스업",광주,152
2026-06,"전문, 과학 및 기술 서비스업",대전,430
2026-06,"전문, 과학 및 기술 서비스업",울산,146
2026-06,"전문, 과학 및 기술 서비스업",세종시,86
2026-06,"전문, 과학 및 기술 서비스업",경기도,1197
2026-06,"전문, 과학 및 기술 서비스업",강원도,200
2026-06,"전문, 과학 및 기술 서비스업",충청북도,141
2026-06,"전문, 과학 및 기술 서비스업",충청남도,288
2026-06,"전문, 과학 및 기술 서비스업",전라북도,157
2026-06,"전문, 과학 및 기술 서비스업",전라남도,207
2026-06,"전문, 과학 및 기술 서비스업",경상북도,342
2026-06,"전문, 과학 및 기술 서비스업",경상남도,484
2026-06,"전문, 과학 및 기술 서비스업",제주도,57
2026-06,"사업시설 관리, 사업 지원 및 임대 서비스업",전 체,22214
2026-06,"사업시설 관리, 사업 지원 및 임대 서비스업",서울,9201
2026-06,"사업시설 관리, 사업 지원 및 임대 서비스업",부산,1277
2026-06,"사업시설 관리, 사업 지원 및 임대 서비스업",대구,761
2026-06,"사업시설 관리, 사업 지원 및 임대 서비스업",인천,877
2026-06,"사업시설 관리, 사업 지원 및 임대 서비스업",광주,211
2026-06,"사업시설 관리, 사업 지원 및 임대 서비스업",대전,444
2026-06,"사업시설 관리, 사업 지원 및 임대 서비스업",울산,450
2026-06,"사업시설 관리, 사업 지원 및 임대 서비스업",세종시,29
2026-06,"사업시설 관리, 사업 지원 및 임대 서비스업",경기도,5792
2026-06,"사업시설 관리, 사업 지원 및 임대 서비스업",강원도,157
2026-06,"사업시설 관리, 사업 지원 및 임대 서비스업",충청북도,504
2026-06,"사업시설 관리, 사업 지원 및 임대 서비스업",충청남도,300
2026-06,"사업시설 관리, 사업 지원 및 임대 서비스업",전라북도,532
2026-06,"사업시설 관리, 사업 지원 및 임대 서비스업",전라남도,360
2026-06,"사업시설 관리, 사업 지원 및 임대 서비스업",경상북도,469
2026-06,"사업시설 관리, 사업 지원 및 임대 서비스업",경상남도,759
2026-06,"사업시설 관리, 사업 지원 및 임대 서비스업",제주도,91
2026-06,"공공행정, 국방 및 사회보장 행정",전 체,3696
2026-06,"공공행정, 국방 및 사회보장 행정",서울,426
2026-06,"공공행정, 국방 및 사회보장 행정",부산,404
2026-06,"공공행정, 국방 및 사회보장 행정",대구,109
2026-06,"공공행정, 국방 및 사회보장 행정",인천,122
2026-06,"공공행정, 국방 및 사회보장 행정",광주,58
2026-06,"공공행정, 국방 및 사회보장 행정",대전,55
2026-06,"공공행정, 국방 및 사회보장 행정",울산,137
2026-06,"공공행정, 국방 및 사회보장 행정",세종시,7
2026-06,"공공행정, 국방 및 사회보장 행정",경기도,917
2026-06,"공공행정, 국방 및 사회보장 행정",강원도,143
2026-06,"공공행정, 국방 및 사회보장 행정",충청북도,65
2026-06,"공공행정, 국방 및 사회보장 행정",충청남도,184
2026-06,"공공행정, 국방 및 사회보장 행정",전라북도,427
2026-06,"공공행정, 국방 및 사회보장 행정",전라남도,227
2026-06,"공공행정, 국방 및 사회보장 행정",경상북도,159
2026-06,"공공행정, 국방 및 사회보장 행정",경상남도,213
2026-06,"공공행정, 국방 및 사회보장 행정",제주도,43
2026-06,교육 서비스업,전 체,3031
2026-06,교육 서비스업,서울,498
2026-06,교육 서비스업,부산,257
2026-06,교육 서비스업,대구,110
2026-06,교육 서비스업,인천,115
2026-06,교육 서비스업,광주,129
2026-06,교육 서비스업,대전,85
2026-06,교육 서비스업,울산,43
2026-06,교육 서비스업,세종시,16
2026-06,교육 서비스업,경기도,562
2026-06,교육 서비스업,강원도,123
2026-06,교육 서비스업,충청북도,84
2026-06,교육 서비스업,충청남도,103
2026-06,교육 서비스업,전라북도,241
2026-06,교육 서비스업,전라남도,166
2026-06,교육 서비스업,경상북도,283
2026-06,교육 서비스업,경상남도,186
2026-06,교육 서비스업,제주도,30
2026-06,보건업 및 사회복지 서비스업,전 체,44871
2026-06,보건업 및 사회복지 서비스업,서울,6518
2026-06,보건업 및 사회복지 서비스업,부산,4511
2026-06,보건업 및 사회복지 서비스업,대구,2886
2026-06,보건업 및 사회복지 서비스업,인천,3553
2026-06,보건업 및 사회복지 서비스업,광주,708
2026-06,보건업 및 사회복지 서비스업,대전,597
2026-06,보건업 및 사회복지 서비스업,울산,902
2026-06,보건업 및 사회복지 서비스업,세종시,153
2026-06,보건업 및 사회복지 서비스업,경기도,12923
2026-06,보건업 및 사회복지 서비스업,강원도,1104
2026-06,보건업 및 사회복지 서비스업,충청북도,837
2026-06,보건업 및 사회복지 서비스업,충청남도,1028
2026-06,보건업 및 사회복지 서비스업,전라북도,2001
2026-06,보건업 및 사회복지 서비스업,전라남도,1397
2026-06,보건업 및 사회복지 서비스업,경상북도,2301
2026-06,보건업 및 사회복지 서비스업,경상남도,2954
2026-06,보건업 및 사회복지 서비스업,제주도,498
2026-06,"예술, 스포츠 및 여가관련 서비스업",전 체,1210
2026-06,"예술, 스포츠 및 여가관련 서비스업",서울,305
2026-06,"예술, 스포츠 및 여가관련 서비스업",부산,89
2026-06,"예술, 스포츠 및 여가관련 서비스업",대구,30
2026-06,"예술, 스포츠 및 여가관련 서비스업",인천,23
2026-06,"예술, 스포츠 및 여가관련 서비스업",광주,43
2026-06,"예술, 스포츠 및 여가관련 서비스업",대전,10
2026-06,"예술, 스포츠 및 여가관련 서비스업",울산,16
2026-06,"예술, 스포츠 및 여가관련 서비스업",세종시,12
2026-06,"예술, 스포츠 및 여가관련 서비스업",경기도,317
2026-06,"예술, 스포츠 및 여가관련 서비스업",강원도,31
2026-06,"예술, 스포츠 및 여가관련 서비스업",충청북도,40
2026-06,"예술, 스포츠 및 여가관련 서비스업",충청남도,52
2026-06,"예술, 스포츠 및 여가관련 서비스업",전라북도,87
2026-06,"예술, 스포츠 및 여가관련 서비스업",전라남도,53
2026-06,"예술, 스포츠 및 여가관련 서비스업",경상북도,44
2026-06,"예술, 스포츠 및 여가관련 서비스업",경상남도,35
2026-06,"예술, 스포츠 및 여가관련 서비스업",제주도,23
2026-06,"협회 및 단체, 수리 및 기타 개인 서비스업",전 체,3147
2026-06,"협회 및 단체, 수리 및 기타 개인 서비스업",서울,558
2026-06,"협회 및 단체, 수리 및 기타 개인 서비스업",부산,222
2026-06,"협회 및 단체, 수리 및 기타 개인 서비스업",대구,133
2026-06,"협회 및 단체, 수리 및 기타 개인 서비스업",인천,285
2026-06,"협회 및 단체, 수리 및 기타 개인 서비스업",광주,26
2026-06,"협회 및 단체, 수리 및 기타 개인 서비스업",대전,32
2026-06,"협회 및 단체, 수리 및 기타 개인 서비스업",울산,74
2026-06,"협회 및 단체, 수리 및 기타 개인 서비스업",세종시,12
2026-06,"협회 및 단체, 수리 및 기타 개인 서비스업",경기도,903
2026-06,"협회 및 단체, 수리 및 기타 개인 서비스업",강원도,81
2026-06,"협회 및 단체, 수리 및 기타 개인 서비스업",충청북도,140
2026-06,"협회 및 단체, 수리 및 기타 개인 서비스업",충청남도,74
2026-06,"협회 및 단체, 수리 및 기타 개인 서비스업",전라북도,131
2026-06,"협회 및 단체, 수리 및 기타 개인 서비스업",전라남도,86
2026-06,"협회 및 단체, 수리 및 기타 개인 서비스업",경상북도,139
2026-06,"협회 및 단체, 수리 및 기타 개인 서비스업",경상남도,223
2026-06,"협회 및 단체, 수리 및 기타 개인 서비스업",제주도,28
2026-06,가구 내 고용활동 및 달리 분류되지 않은 자가소비 생산활동,전 체,48
2026-06,가구 내 고용활동 및 달리 분류되지 않은 자가소비 생산활동,서울,11
2026-06,가구 내 고용활동 및 달리 분류되지 않은 자가소비 생산활동,부산,0
2026-06,가구 내 고용활동 및 달리 분류되지 않은 자가소비 생산활동,대구,0
2026-06,가구 내 고용활동 및 달리 분류되지 않은 자가소비 생산활동,인천,6
2026-06,가구 내 고용활동 및 달리 분류되지 않은 자가소비 생산활동,광주,0
2026-06,가구 내 고용활동 및 달리 분류되지 않은 자가소비 생산활동,대전,0
2026-06,가구 내 고용활동 및 달리 분류되지 않은 자가소비 생산활동,울산,2
2026-06,가구 내 고용활동 및 달리 분류되지 않은 자가소비 생산활동,세종시,0
2026-06,가구 내 고용활동 및 달리 분류되지 않은 자가소비 생산활동,경기도,26
2026-06,가구 내 고용활동 및 달리 분류되지 않은 자가소비 생산활동,강원도,0
2026-06,가구 내 고용활동 및 달리 분류되지 않은 자가소비 생산활동,충청북도,2
2026-06,가구 내 고용활동 및 달리 분류되지 않은 자가소비 생산활동,충청남도,0
2026-06,가구 내 고용활동 및 달리 분류되지 않은 자가소비 생산활동,전라북도,0
2026-06,가구 내 고용활동 및 달리 분류되지 않은 자가소비 생산활동,전라남도,1
2026-06,가구 내 고용활동 및 달리 분류되지 않은 자가소비 생산활동,경상북도,0
2026-06,가구 내 고용활동 및 달리 분류되지 않은 자가소비 생산활동,경상남도,0
2026-06,가구 내 고용활동 및 달리 분류되지 않은 자가소비 생산활동,제주도,0
2026-06,국제 및 외국기관,전 체,41
2026-06,국제 및 외국기관,서울,0
2026-06,국제 및 외국기관,부산,0
2026-06,국제 및 외국기관,대구,0
2026-06,국제 및 외국기관,인천,0
2026-06,국제 및 외국기관,광주,0
2026-06,국제 및 외국기관,대전,0
2026-06,국제 및 외국기관,울산,0
2026-06,국제 및 외국기관,세종시,0
2026-06,국제 및 외국기관,경기도,41
2026-06,국제 및 외국기관,강원도,0
2026-06,국제 및 외국기관,충청북도,0
2026-06,국제 및 외국기관,충청남도,0
2026-06,국제 및 외국기관,전라북도,0
2026-06,국제 및 외국기관,전라남도,0
2026-06,국제 및 외국기관,경상북도,0
2026-06,국제 및 외국기관,경상남도,0
2026-06,국제 및 외국기관,제주도,0
2026-07,"농업, 임업 및 어업",전 체,6768
2026-07,"농업, 임업 및 어업",서울,40
2026-07,"농업, 임업 및 어업",전남광주통합,1651
2026-07,"농업, 임업 및 어업",부산,69
2026-07,"농업, 임업 및 어업",대구,29
2026-07,"농업, 임업 및 어업",인천,281
2026-07,"농업, 임업 및 어업",대전,15
2026-07,"농업, 임업 및 어업",울산,21
2026-07,"농업, 임업 및 어업",세종시,17
2026-07,"농업, 임업 및 어업",경기도,846
2026-07,"농업, 임업 및 어업",강원특별자치도,208
2026-07,"농업, 임업 및 어업",충청북도,227
2026-07,"농업, 임업 및 어업",충청남도,1062
2026-07,"농업, 임업 및 어업",전북특별자치도,981
2026-07,"농업, 임업 및 어업",경상북도,472
2026-07,"농업, 임업 및 어업",경상남도,662
2026-07,"농업, 임업 및 어업",제주도,187
2026-07,광업,전 체,102
2026-07,광업,서울,5
2026-07,광업,전남광주통합,14
2026-07,광업,부산,11
2026-07,광업,대구,0
2026-07,광업,인천,0
2026-07,광업,대전,0
2026-07,광업,울산,4
2026-07,광업,세종시,0
2026-07,광업,경기도,11
2026-07,광업,강원특별자치도,30
2026-07,광업,충청북도,1
2026-07,광업,충청남도,3
2026-07,광업,전북특별자치도,3
2026-07,광업,경상북도,9
2026-07,광업,경상남도,11
2026-07,광업,제주도,0
2026-07,제조업,전 체,55609
2026-07,제조업,서울,1647
2026-07,제조업,전남광주통합,2911
2026-07,제조업,부산,2570
2026-07,제조업,대구,1740
2026-07,제조업,인천,2727
2026-07,제조업,대전,420
2026-07,제조업,울산,1937
2026-07,제조업,세종시,318
2026-07,제조업,경기도,17787
2026-07,제조업,강원특별자치도,1018
2026-07,제조업,충청북도,3349
2026-07,제조업,충청남도,4632
2026-07,제조업,전북특별자치도,2384
2026-07,제조업,경상북도,4822
2026-07,제조업,경상남도,7219
2026-07,제조업,제주도,128
2026-07,"전기, 가스, 증기 및 공기조절 공급업",전 체,98
2026-07,"전기, 가스, 증기 및 공기조절 공급업",서울,6
2026-07,"전기, 가스, 증기 및 공기조절 공급업",전남광주통합,9
2026-07,"전기, 가스, 증기 및 공기조절 공급업",부산,3
2026-07,"전기, 가스, 증기 및 공기조절 공급업",대구,2
2026-07,"전기, 가스, 증기 및 공기조절 공급업",인천,2
2026-07,"전기, 가스, 증기 및 공기조절 공급업",대전,4
2026-07,"전기, 가스, 증기 및 공기조절 공급업",울산,5
2026-07,"전기, 가스, 증기 및 공기조절 공급업",세종시,0
2026-07,"전기, 가스, 증기 및 공기조절 공급업",경기도,22
2026-07,"전기, 가스, 증기 및 공기조절 공급업",강원특별자치도,2
2026-07,"전기, 가스, 증기 및 공기조절 공급업",충청북도,3
2026-07,"전기, 가스, 증기 및 공기조절 공급업",충청남도,19
2026-07,"전기, 가스, 증기 및 공기조절 공급업",전북특별자치도,10
2026-07,"전기, 가스, 증기 및 공기조절 공급업",경상북도,7
2026-07,"전기, 가스, 증기 및 공기조절 공급업",경상남도,4
2026-07,"전기, 가스, 증기 및 공기조절 공급업",제주도,0
2026-07,"수도, 하수 및 폐기물 처리, 원료 재생업",전 체,1153
2026-07,"수도, 하수 및 폐기물 처리, 원료 재생업",서울,60
2026-07,"수도, 하수 및 폐기물 처리, 원료 재생업",전남광주통합,85
2026-07,"수도, 하수 및 폐기물 처리, 원료 재생업",부산,55
2026-07,"수도, 하수 및 폐기물 처리, 원료 재생업",대구,35
2026-07,"수도, 하수 및 폐기물 처리, 원료 재생업",인천,63
2026-07,"수도, 하수 및 폐기물 처리, 원료 재생업",대전,9
2026-07,"수도, 하수 및 폐기물 처리, 원료 재생업",울산,16
2026-07,"수도, 하수 및 폐기물 처리, 원료 재생업",세종시,8
2026-07,"수도, 하수 및 폐기물 처리, 원료 재생업",경기도,406
2026-07,"수도, 하수 및 폐기물 처리, 원료 재생업",강원특별자치도,30
2026-07,"수도, 하수 및 폐기물 처리, 원료 재생업",충청북도,57
2026-07,"수도, 하수 및 폐기물 처리, 원료 재생업",충청남도,55
2026-07,"수도, 하수 및 폐기물 처리, 원료 재생업",전북특별자치도,49
2026-07,"수도, 하수 및 폐기물 처리, 원료 재생업",경상북도,105
2026-07,"수도, 하수 및 폐기물 처리, 원료 재생업",경상남도,102
2026-07,"수도, 하수 및 폐기물 처리, 원료 재생업",제주도,18
2026-07,건설업,전 체,7673
2026-07,건설업,서울,1573
2026-07,건설업,전남광주통합,781
2026-07,건설업,부산,329
2026-07,건설업,대구,294
2026-07,건설업,인천,311
2026-07,건설업,대전,258
2026-07,건설업,울산,249
2026-07,건설업,세종시,26
2026-07,건설업,경기도,1604
2026-07,건설업,강원특별자치도,346
2026-07,건설업,충청북도,299
2026-07,건설업,충청남도,367
2026-07,건설업,전북특별자치도,289
2026-07,건설업,경상북도,413
2026-07,건설업,경상남도,420
2026-07,건설업,제주도,114
2026-07,도매 및 소매업,전 체,8160
2026-07,도매 및 소매업,서울,1226
2026-07,도매 및 소매업,전남광주통합,459
2026-07,도매 및 소매업,부산,574
2026-07,도매 및 소매업,대구,338
2026-07,도매 및 소매업,인천,352
2026-07,도매 및 소매업,대전,119
2026-07,도매 및 소매업,울산,121
2026-07,도매 및 소매업,세종시,13
2026-07,도매 및 소매업,경기도,2599
2026-07,도매 및 소매업,강원특별자치도,246
2026-07,도매 및 소매업,충청북도,286
2026-07,도매 및 소매업,충청남도,357
2026-07,도매 및 소매업,전북특별자치도,349
2026-07,도매 및 소매업,경상북도,441
2026-07,도매 및 소매업,경상남도,565
2026-07,도매 및 소매업,제주도,115
2026-07,운수 및 창고업,전 체,6956
2026-07,운수 및 창고업,서울,4065
2026-07,운수 및 창고업,전남광주통합,172
2026-07,운수 및 창고업,부산,382
2026-07,운수 및 창고업,대구,97
2026-07,운수 및 창고업,인천,276
2026-07,운수 및 창고업,대전,122
2026-07,운수 및 창고업,울산,101
2026-07,운수 및 창고업,세종시,7
2026-07,운수 및 창고업,경기도,1117
2026-07,운수 및 창고업,강원특별자치도,47
2026-07,운수 및 창고업,충청북도,38
2026-07,운수 및 창고업,충청남도,76
2026-07,운수 및 창고업,전북특별자치도,118
2026-07,운수 및 창고업,경상북도,112
2026-07,운수 및 창고업,경상남도,199
2026-07,운수 및 창고업,제주도,27
2026-07,숙박 및 음식점업,전 체,2872
2026-07,숙박 및 음식점업,서울,746
2026-07,숙박 및 음식점업,전남광주통합,165
2026-07,숙박 및 음식점업,부산,280
2026-07,숙박 및 음식점업,대구,31
2026-07,숙박 및 음식점업,인천,97
2026-07,숙박 및 음식점업,대전,33
2026-07,숙박 및 음식점업,울산,48
2026-07,숙박 및 음식점업,세종시,17
2026-07,숙박 및 음식점업,경기도,586
2026-07,숙박 및 음식점업,강원특별자치도,179
2026-07,숙박 및 음식점업,충청북도,119
2026-07,숙박 및 음식점업,충청남도,71
2026-07,숙박 및 음식점업,전북특별자치도,156
2026-07,숙박 및 음식점업,경상북도,131
2026-07,숙박 및 음식점업,경상남도,132
2026-07,숙박 및 음식점업,제주도,81
2026-07,정보통신업,전 체,1175
2026-07,정보통신업,서울,420
2026-07,정보통신업,전남광주통합,85
2026-07,정보통신업,부산,33
2026-07,정보통신업,대구,37
2026-07,정보통신업,인천,16
2026-07,정보통신업,대전,93
2026-07,정보통신업,울산,16
2026-07,정보통신업,세종시,7
2026-07,정보통신업,경기도,249
2026-07,정보통신업,강원특별자치도,22
2026-07,정보통신업,충청북도,20
2026-07,정보통신업,충청남도,22
2026-07,정보통신업,전북특별자치도,27
2026-07,정보통신업,경상북도,43
2026-07,정보통신업,경상남도,61
2026-07,정보통신업,제주도,24
2026-07,금융 및 보험업,전 체,963
2026-07,금융 및 보험업,서울,379
2026-07,금융 및 보험업,전남광주통합,54
2026-07,금융 및 보험업,부산,206
2026-07,금융 및 보험업,대구,13
2026-07,금융 및 보험업,인천,5
2026-07,금융 및 보험업,대전,3
2026-07,금융 및 보험업,울산,6
2026-07,금융 및 보험업,세종시,0
2026-07,금융 및 보험업,경기도,58
2026-07,금융 및 보험업,강원특별자치도,22
2026-07,금융 및 보험업,충청북도,11
2026-07,금융 및 보험업,충청남도,45
2026-07,금융 및 보험업,전북특별자치도,45
2026-07,금융 및 보험업,경상북도,26
2026-07,금융 및 보험업,경상남도,59
2026-07,금융 및 보험업,제주도,31
2026-07,부동산업,전 체,2283
2026-07,부동산업,서울,479
2026-07,부동산업,전남광주통합,128
2026-07,부동산업,부산,244
2026-07,부동산업,대구,26
2026-07,부동산업,인천,147
2026-07,부동산업,대전,17
2026-07,부동산업,울산,39
2026-07,부동산업,세종시,9
2026-07,부동산업,경기도,613
2026-07,부동산업,강원특별자치도,78
2026-07,부동산업,충청북도,71
2026-07,부동산업,충청남도,66
2026-07,부동산업,전북특별자치도,132
2026-07,부동산업,경상북도,101
2026-07,부동산업,경상남도,117
2026-07,부동산업,제주도,16
2026-07,"전문, 과학 및 기술 서비스업",전 체,5949
2026-07,"전문, 과학 및 기술 서비스업",서울,1595
2026-07,"전문, 과학 및 기술 서비스업",전남광주통합,367
2026-07,"전문, 과학 및 기술 서비스업",부산,470
2026-07,"전문, 과학 및 기술 서비스업",대구,290
2026-07,"전문, 과학 및 기술 서비스업",인천,170
2026-07,"전문, 과학 및 기술 서비스업",대전,168
2026-07,"전문, 과학 및 기술 서비스업",울산,180
2026-07,"전문, 과학 및 기술 서비스업",세종시,95
2026-07,"전문, 과학 및 기술 서비스업",경기도,1198
2026-07,"전문, 과학 및 기술 서비스업",강원특별자치도,151
2026-07,"전문, 과학 및 기술 서비스업",충청북도,98
2026-07,"전문, 과학 및 기술 서비스업",충청남도,237
2026-07,"전문, 과학 및 기술 서비스업",전북특별자치도,189
2026-07,"전문, 과학 및 기술 서비스업",경상북도,277
2026-07,"전문, 과학 및 기술 서비스업",경상남도,406
2026-07,"전문, 과학 및 기술 서비스업",제주도,58
2026-07,"사업시설 관리, 사업 지원 및 임대 서비스업",전 체,20290
2026-07,"사업시설 관리, 사업 지원 및 임대 서비스업",서울,9050
2026-07,"사업시설 관리, 사업 지원 및 임대 서비스업",전남광주통합,392
2026-07,"사업시설 관리, 사업 지원 및 임대 서비스업",부산,915
2026-07,"사업시설 관리, 사업 지원 및 임대 서비스업",대구,702
2026-07,"사업시설 관리, 사업 지원 및 임대 서비스업",인천,831
2026-07,"사업시설 관리, 사업 지원 및 임대 서비스업",대전,707
2026-07,"사업시설 관리, 사업 지원 및 임대 서비스업",울산,366
2026-07,"사업시설 관리, 사업 지원 및 임대 서비스업",세종시,36
2026-07,"사업시설 관리, 사업 지원 및 임대 서비스업",경기도,4809
2026-07,"사업시설 관리, 사업 지원 및 임대 서비스업",강원특별자치도,123
2026-07,"사업시설 관리, 사업 지원 및 임대 서비스업",충청북도,476
2026-07,"사업시설 관리, 사업 지원 및 임대 서비스업",충청남도,235
2026-07,"사업시설 관리, 사업 지원 및 임대 서비스업",전북특별자치도,446
2026-07,"사업시설 관리, 사업 지원 및 임대 서비스업",경상북도,412
2026-07,"사업시설 관리, 사업 지원 및 임대 서비스업",경상남도,611
2026-07,"사업시설 관리, 사업 지원 및 임대 서비스업",제주도,179
2026-07,"공공행정, 국방 및 사회보장 행정",전 체,5114
2026-07,"공공행정, 국방 및 사회보장 행정",서울,375
2026-07,"공공행정, 국방 및 사회보장 행정",전남광주통합,133
2026-07,"공공행정, 국방 및 사회보장 행정",부산,423
2026-07,"공공행정, 국방 및 사회보장 행정",대구,407
2026-07,"공공행정, 국방 및 사회보장 행정",인천,175
2026-07,"공공행정, 국방 및 사회보장 행정",대전,185
2026-07,"공공행정, 국방 및 사회보장 행정",울산,175
2026-07,"공공행정, 국방 및 사회보장 행정",세종시,211
2026-07,"공공행정, 국방 및 사회보장 행정",경기도,1794
2026-07,"공공행정, 국방 및 사회보장 행정",강원특별자치도,190
2026-07,"공공행정, 국방 및 사회보장 행정",충청북도,86
2026-07,"공공행정, 국방 및 사회보장 행정",충청남도,75
2026-07,"공공행정, 국방 및 사회보장 행정",전북특별자치도,292
2026-07,"공공행정, 국방 및 사회보장 행정",경상북도,180
2026-07,"공공행정, 국방 및 사회보장 행정",경상남도,389
2026-07,"공공행정, 국방 및 사회보장 행정",제주도,24
2026-07,교육 서비스업,전 체,3022
2026-07,교육 서비스업,서울,414
2026-07,교육 서비스업,전남광주통합,275
2026-07,교육 서비스업,부산,195
2026-07,교육 서비스업,대구,253
2026-07,교육 서비스업,인천,130
2026-07,교육 서비스업,대전,84
2026-07,교육 서비스업,울산,57
2026-07,교육 서비스업,세종시,22
2026-07,교육 서비스업,경기도,639
2026-07,교육 서비스업,강원특별자치도,126
2026-07,교육 서비스업,충청북도,89
2026-07,교육 서비스업,충청남도,78
2026-07,교육 서비스업,전북특별자치도,188
2026-07,교육 서비스업,경상북도,281
2026-07,교육 서비스업,경상남도,153
2026-07,교육 서비스업,제주도,38
2026-07,보건업 및 사회복지 서비스업,전 체,45205
2026-07,보건업 및 사회복지 서비스업,서울,6466
2026-07,보건업 및 사회복지 서비스업,전남광주통합,2066
2026-07,보건업 및 사회복지 서비스업,부산,4553
2026-07,보건업 및 사회복지 서비스업,대구,2814
2026-07,보건업 및 사회복지 서비스업,인천,3622
2026-07,보건업 및 사회복지 서비스업,대전,583
2026-07,보건업 및 사회복지 서비스업,울산,944
2026-07,보건업 및 사회복지 서비스업,세종시,181
2026-07,보건업 및 사회복지 서비스업,경기도,13299
2026-07,보건업 및 사회복지 서비스업,강원특별자치도,1103
2026-07,보건업 및 사회복지 서비스업,충청북도,979
2026-07,보건업 및 사회복지 서비스업,충청남도,996
2026-07,보건업 및 사회복지 서비스업,전북특별자치도,1936
2026-07,보건업 및 사회복지 서비스업,경상북도,2277
2026-07,보건업 및 사회복지 서비스업,경상남도,3112
2026-07,보건업 및 사회복지 서비스업,제주도,274
2026-07,"예술, 스포츠 및 여가관련 서비스업",전 체,1040
2026-07,"예술, 스포츠 및 여가관련 서비스업",서울,170
2026-07,"예술, 스포츠 및 여가관련 서비스업",전남광주통합,87
2026-07,"예술, 스포츠 및 여가관련 서비스업",부산,45
2026-07,"예술, 스포츠 및 여가관련 서비스업",대구,17
2026-07,"예술, 스포츠 및 여가관련 서비스업",인천,42
2026-07,"예술, 스포츠 및 여가관련 서비스업",대전,37
2026-07,"예술, 스포츠 및 여가관련 서비스업",울산,8
2026-07,"예술, 스포츠 및 여가관련 서비스업",세종시,8
2026-07,"예술, 스포츠 및 여가관련 서비스업",경기도,174
2026-07,"예술, 스포츠 및 여가관련 서비스업",강원특별자치도,137
2026-07,"예술, 스포츠 및 여가관련 서비스업",충청북도,25
2026-07,"예술, 스포츠 및 여가관련 서비스업",충청남도,45
2026-07,"예술, 스포츠 및 여가관련 서비스업",전북특별자치도,153
2026-07,"예술, 스포츠 및 여가관련 서비스업",경상북도,32
2026-07,"예술, 스포츠 및 여가관련 서비스업",경상남도,31
2026-07,"예술, 스포츠 및 여가관련 서비스업",제주도,29
2026-07,"협회 및 단체, 수리 및 기타 개인 서비스업",전 체,2978
2026-07,"협회 및 단체, 수리 및 기타 개인 서비스업",서울,548
2026-07,"협회 및 단체, 수리 및 기타 개인 서비스업",전남광주통합,109
2026-07,"협회 및 단체, 수리 및 기타 개인 서비스업",부산,214
2026-07,"협회 및 단체, 수리 및 기타 개인 서비스업",대구,100
2026-07,"협회 및 단체, 수리 및 기타 개인 서비스업",인천,247
2026-07,"협회 및 단체, 수리 및 기타 개인 서비스업",대전,30
2026-07,"협회 및 단체, 수리 및 기타 개인 서비스업",울산,91
2026-07,"협회 및 단체, 수리 및 기타 개인 서비스업",세종시,10
2026-07,"협회 및 단체, 수리 및 기타 개인 서비스업",경기도,869
2026-07,"협회 및 단체, 수리 및 기타 개인 서비스업",강원특별자치도,65
2026-07,"협회 및 단체, 수리 및 기타 개인 서비스업",충청북도,81
2026-07,"협회 및 단체, 수리 및 기타 개인 서비스업",충청남도,68
2026-07,"협회 및 단체, 수리 및 기타 개인 서비스업",전북특별자치도,170
2026-07,"협회 및 단체, 수리 및 기타 개인 서비스업",경상북도,122
2026-07,"협회 및 단체, 수리 및 기타 개인 서비스업",경상남도,223
2026-07,"협회 및 단체, 수리 및 기타 개인 서비스업",제주도,31
2026-07,가구 내 고용활동 및 달리 분류되지 않은 자가소비 생산활동,전 체,73
2026-07,가구 내 고용활동 및 달리 분류되지 않은 자가소비 생산활동,서울,35
2026-07,가구 내 고용활동 및 달리 분류되지 않은 자가소비 생산활동,전남광주통합,1
2026-07,가구 내 고용활동 및 달리 분류되지 않은 자가소비 생산활동,부산,0
2026-07,가구 내 고용활동 및 달리 분류되지 않은 자가소비 생산활동,대구,0
2026-07,가구 내 고용활동 및 달리 분류되지 않은 자가소비 생산활동,인천,6
2026-07,가구 내 고용활동 및 달리 분류되지 않은 자가소비 생산활동,대전,0
2026-07,가구 내 고용활동 및 달리 분류되지 않은 자가소비 생산활동,울산,1
2026-07,가구 내 고용활동 및 달리 분류되지 않은 자가소비 생산활동,세종시,0
2026-07,가구 내 고용활동 및 달리 분류되지 않은 자가소비 생산활동,경기도,26
2026-07,가구 내 고용활동 및 달리 분류되지 않은 자가소비 생산활동,강원특별자치도,0
2026-07,가구 내 고용활동 및 달리 분류되지 않은 자가소비 생산활동,충청북도,0
2026-07,가구 내 고용활동 및 달리 분류되지 않은 자가소비 생산활동,충청남도,0
2026-07,가구 내 고용활동 및 달리 분류되지 않은 자가소비 생산활동,전북특별자치도,0
2026-07,가구 내 고용활동 및 달리 분류되지 않은 자가소비 생산활동,경상북도,0
2026-07,가구 내 고용활동 및 달리 분류되지 않은 자가소비 생산활동,경상남도,4
2026-07,가구 내 고용활동 및 달리 분류되지 않은 자가소비 생산활동,제주도,0
2026-07,국제 및 외국기관,전 체,46
2026-07,국제 및 외국기관,서울,0
2026-07,국제 및 외국기관,전남광주통합,0
2026-07,국제 및 외국기관,부산,0
2026-07,국제 및 외국기관,대구,0
2026-07,국제 및 외국기관,인천,0
2026-07,국제 및 외국기관,대전,0
2026-07,국제 및 외국기관,울산,0
2026-07,국제 및 외국기관,세종시,0
2026-07,국제 및 외국기관,경기도,45
2026-07,국제 및 외국기관,강원특별자치도,0
2026-07,국제 및 외국기관,충청북도,0
2026-07,국제 및 외국기관,충청남도,0
2026-07,국제 및 외국기관,전북특별자치도,0
2026-07,국제 및 외국기관,경상북도,0
2026-07,국제 및 외국기관,경상남도,0
2026-07,국제 및 외국기관,제주도,1
